Run ID,Epsilon,Attack Type,accuracy,loss,precision,recall,f1,fpr,fnr,roc_auc,pr_auc
1,0,none,0.6974999904632568,0.9073882102966309,0.6923219595082404,0.6916158061818236,0.6919686976879004,0.03360065969718633,0.3083841938081421,0.9478330453141094,nan
1,0,fgsm,0.6974999904632568,0.9073882102966309,0.6923219595082404,0.6916158061818236,0.6919686976879004,0.03360065969718633,0.3083841938081421,0.9478330453141094,nan
1,0.01,fgsm,0.3155999779701233,2.471323013305664,0.43059317736639596,0.32481072381576803,0.3702953599793666,0.07557604364865882,0.6751892761741977,0.7936631185328124,nan
1,0.1,fgsm,0.03240000084042549,4.62790060043335,0.036452782787647124,0.033247410798800045,0.0347763874921017,0.10710231384388569,0.9667525891911657,0.40936051322176825,nan
1,0.15,fgsm,0.011699999682605267,5.81710958480835,0.00973676548222579,0.011864966388711222,0.01069602589194919,0.10944785097291551,0.9881350336012545,0.3017272781168206,nan
1,0,pgd,0.6974999904632568,0.9073882102966309,0.6923219595082404,0.6916158061818236,0.6919686976879004,0.03360065969718633,0.3083841938081421,0.9478330453141094,nan
1,0.01,pgd,0.3027999997138977,2.4749507904052734,0.42044023662862334,0.3119977839129148,0.3581911823965909,0.07698033938613237,0.6880022160770508,0.7921914124907025,nan
1,0.1,pgd,0.02019999921321869,4.78878927230835,0.01624128759720659,0.021143799261383628,0.0183710918819155,0.10836536600087472,0.978856200728582,0.4027848113052991,nan
1,0.15,pgd,0.004399999976158142,6.329395771026611,0.0018936189744114512,0.004604354375513717,0.0026835688369338685,0.11018547571996964,0.9953956456144519,0.2927348055610811,nan
