Run ID,Epsilon,Attack Type,accuracy,loss,precision,recall,f1,fpr,fnr,roc_auc,pr_auc
3,0,none,0.6800000071525574,0.9710743427276611,0.6708298364286694,0.6745669056300171,0.6726931758554433,0.03553245847015817,0.3254330943599485,0.938346036209653,nan
3,0,fgsm,0.6800000071525574,0.9710743427276611,0.6708298364286694,0.6745669056300171,0.6726931758554433,0.03553245847015817,0.3254330943599485,0.938346036209653,nan
3,0.01,fgsm,0.2838999927043915,2.5619709491729736,0.4093983018833901,0.2949969942899394,0.34290764706852633,0.07896933550994607,0.7050030057000263,0.8088652589476071,nan
3,0.1,fgsm,0.021699998527765274,5.068319797515869,0.019877433222258812,0.022864943189952032,0.021266776122690716,0.10804184357771625,0.9771350568000138,0.38781684782483916,nan
3,0.15,fgsm,0.006300000008195639,6.730042934417725,0.003812002124792605,0.006782759478756272,0.004880877948575177,0.10986788921107031,0.9932172405112094,0.27127215784004605,nan
3,0,pgd,0.6800000071525574,0.9710743427276611,0.6708298364286694,0.6745669056300171,0.6726931758554433,0.03553245847015817,0.3254330943599485,0.938346036209653,nan
3,0.01,pgd,0.27889999747276306,2.5525736808776855,0.41214309460355736,0.29009035116477605,0.34050993743347324,0.07950843420283948,0.7099096488251895,0.8107585611992467,nan
3,0.1,pgd,0.020499998703598976,5.092612266540527,0.011851633292102906,0.021991653221265128,0.015402578136120799,0.10806968024330874,0.9780083467687006,0.3946338766075065,nan
3,0.15,pgd,0.003399999812245369,6.977475166320801,0.0010762550816656627,0.0036378269031313243,0.0016610747958851117,0.11003772702307683,0.9963621730868344,0.2829421020606263,nan
