Run ID,Epsilon,Attack Type,accuracy,loss,precision,recall,f1,fpr,fnr,roc_auc,pr_auc
2,0,none,0.7214999794960022,0.8300806879997253,0.7143143973915215,0.7165474355783141,0.715429169017758,0.030932900562119413,0.28345256441165156,0.9561911272772315,nan
2,0,fgsm,0.7214999794960022,0.8300806879997253,0.7143143973915215,0.7165474355783141,0.715429169017758,0.030932900562119413,0.28345256441165156,0.9561911272772315,nan
2,0.01,fgsm,0.25779998302459717,2.58921217918396,0.44260343308424666,0.2687690105463888,0.3344467055685408,0.08183167190369832,0.731230989443577,0.786066629117905,nan
2,0.1,fgsm,0.03869999945163727,4.907129287719727,0.03095697621952745,0.04100109707500253,0.035278037685639016,0.1061807681859693,0.9589989029149631,0.41705788975018476,nan
2,0.15,fgsm,0.012299999594688416,6.143873691558838,0.007686333665239913,0.013037368409585842,0.00967100520900067,0.1091623187460989,0.9869626315803799,0.32302743020462993,nan
2,0,pgd,0.7214999794960022,0.8300806879997253,0.7143143973915215,0.7165474355783141,0.715429169017758,0.030932900562119413,0.28345256441165156,0.9561911272772315,nan
2,0.01,pgd,0.2515999972820282,2.609072208404541,0.43672164295728316,0.2624100776080868,0.32783567162336524,0.08250999202652244,0.7375899223818787,0.7816816216954342,nan
2,0.1,pgd,0.028299998492002487,5.325979232788086,0.016409051425066358,0.030020392664051303,0.021219554556018864,0.10722856856883656,0.9699796073259144,0.38453347845972163,nan
2,0.15,pgd,0.006799999624490738,7.137909412384033,0.0020897378226836572,0.007130136173013779,0.0032321697862109995,0.10966855132517046,0.992869863816952,0.28048582867566035,nan
