Run ID,Epsilon,Attack Type,accuracy,loss,precision,recall,f1,fpr,fnr,roc_auc,pr_auc
3,0,none,0.6661999821662903,1.0357863903045654,0.654291443188405,0.6607256134864319,0.6574927826491518,0.037081018078214775,0.33927438650353386,0.9322942164188494,nan
3,0,fgsm,0.6661999821662903,1.0357863903045654,0.654291443188405,0.6607256134864319,0.6574927826491518,0.037081018078214775,0.33927438650353386,0.9322942164188494,nan
3,0.01,fgsm,0.30079999566078186,2.363662004470825,0.40836177569211785,0.3124744632458162,0.3540405379377358,0.07708831486456882,0.6875255367441495,0.8105860052133181,nan
3,0.1,fgsm,0.0284000001847744,4.606835842132568,0.0289469980996964,0.030469823658310753,0.029688891226225436,0.10730590805476677,0.9695301763316548,0.4045850895123859,nan
3,0.15,fgsm,0.010900000110268593,6.33878231048584,0.008647351863006872,0.011948522377716394,0.010033371331426432,0.10927330026368857,0.9880514776122494,0.3024357424510859,nan
3,0,pgd,0.6661999821662903,1.0357863903045654,0.654291443188405,0.6607256134864319,0.6574927826491518,0.037081018078214775,0.33927438650353386,0.9322942164188494,nan
3,0.01,pgd,0.29679998755455017,2.3516581058502197,0.42578204196402336,0.308475835677784,0.3577584209092449,0.07751908981357253,0.6915241643121817,0.812966534038227,nan
3,0.1,pgd,0.02419999986886978,4.597252368927002,0.01808808541825401,0.02606826627476972,0.021357059730685253,0.1077141463223132,0.9739317337151959,0.41435403724318043,nan
3,0.15,pgd,0.0052999998442828655,6.559225082397461,0.0022253440792977955,0.005762101566445635,0.0032106991697752035,0.1098251908717239,0.9942378984235202,0.3201559246476839,nan
