Run ID,Epsilon,Attack Type,accuracy,loss,precision,recall,f1,fpr,fnr,roc_auc,pr_auc
2,0,none,0.6776999831199646,0.9782262444496155,0.6680269978470632,0.6715835056021395,0.6698005256705022,0.0358019384075864,0.3284164943878262,0.9376628334077013,nan
2,0,fgsm,0.6776999831199646,0.9782262444496155,0.6680269978470632,0.6715835056021395,0.6698005256705022,0.0358019384075864,0.3284164943878262,0.9376628334077013,nan
2,0.01,fgsm,0.298799991607666,2.527679443359375,0.4042700434962163,0.309164429932126,0.35037812283907394,0.07740657304987697,0.6908355700578397,0.8076222541202354,nan
2,0.1,fgsm,0.018699999898672104,5.008941173553467,0.018947668356293166,0.019242455925643144,0.019093919416362345,0.10851832507461734,0.9807575440643225,0.388046337721095,nan
2,0.15,fgsm,0.0037999998312443495,6.667849063873291,0.0031741847543180395,0.0038911421423086048,0.0034962817048108516,0.11026747708087863,0.9961088578476571,0.27206658401432554,nan
2,0,pgd,0.6776999831199646,0.9782262444496155,0.6680269978470632,0.6715835056021395,0.6698005256705022,0.0358019384075864,0.3284164943878262,0.9376628334077013,nan
2,0.01,pgd,0.29760000109672546,2.5187532901763916,0.4143135228623661,0.308110679909747,0.35340571084982275,0.07752389329801325,0.6918893200802188,0.8091848668023465,nan
2,0.1,pgd,0.01730000041425228,5.006688594818115,0.011780096463752785,0.018157205956699417,0.014289434848267848,0.10850575800775941,0.9818427940332664,0.38976954691897847,nan
2,0.15,pgd,0.004100000020116568,6.834462642669678,0.0012701697287765723,0.004277899043729773,0.0019587529632904433,0.11002583739544788,0.9957221009462358,0.2788036246092933,nan
