Run ID,Epsilon,Attack Type,accuracy,loss,precision,recall,f1,fpr,fnr,roc_auc,pr_auc
1,0,none,0.676800012588501,0.9747437238693237,0.6670413200900841,0.6707241444880618,0.6688776579417905,0.035890788453276645,0.32927585550190397,0.9388691127340184,nan
1,0,fgsm,0.676800012588501,0.9747437238693237,0.6670413200900841,0.6707241444880618,0.6688776579417905,0.035890788453276645,0.32927585550190397,0.9388691127340184,nan
1,0.01,fgsm,0.3068999946117401,2.602591037750244,0.4042703592613939,0.31682186748418445,0.35524356985939315,0.07651271912621999,0.6831781325057813,0.8073828385065058,nan
1,0.1,fgsm,0.021199999377131462,5.0832624435424805,0.021751892686795886,0.021969490164179067,0.021860144943858278,0.10826714312958127,0.9780305098257867,0.40220011983761256,nan
1,0.15,fgsm,0.0044999998062849045,6.794302940368652,0.003822511010841586,0.004695201262496677,0.004214145037386128,0.11015531558248101,0.995304798727469,0.2921588052061357,nan
1,0,pgd,0.676800012588501,0.9747437238693237,0.6670413200900841,0.6707241444880618,0.6688776579417905,0.035890788453276645,0.32927585550190397,0.9388691127340184,nan
1,0.01,pgd,0.30309998989105225,2.5959720611572266,0.40688359502473104,0.31303922526609895,0.35384494004328937,0.0769174658578197,0.6869607747238666,0.8084396848952542,nan
1,0.1,pgd,0.02239999920129776,5.0862016677856445,0.013087276636438078,0.023741346060237305,0.016873260876708214,0.10788858533844159,0.9762586539297284,0.40054839992897245,nan
1,0.15,pgd,0.00699999975040555,6.935201644897461,0.003527404728343454,0.0073771884134563705,0.004772723766857143,0.10963266549255031,0.9926228115765093,0.29379119400122455,nan
