Run ID,Epsilon,Attack Type,accuracy,loss,precision,recall,f1,fpr,fnr,roc_auc,pr_auc
1,0,none,0.40025386214256287,2.0729830265045166,0.38044805874169957,0.39277229401903613,0.3865119543762082,0.02734875046302505,0.607227705969125,0.8549108266733783,nan
1,0,fgsm,0.40025386214256287,2.0729830265045166,0.38044805874169957,0.39277229401903613,0.3865119543762082,0.02734875046302505,0.607227705969125,0.8549108266733783,nan
1,0.01,fgsm,0.13641245663166046,3.5505528450012207,0.12799746792890543,0.13858433912488288,0.1330806781844889,0.039248312209549885,0.8614156608632785,0.6135958039872724,nan
1,0.1,fgsm,0.005419392604380846,5.56110954284668,0.0045095947594154554,0.007273212910033284,0.005567300410366692,0.04516563818743171,0.9927267870781277,0.23648594122934882,nan
1,0.15,fgsm,0.0012205839157104492,6.1551432609558105,0.0007005768465045713,0.001235782469545553,0.0008942101884219735,0.04530411169107685,0.9987642175186155,0.16908311761479228,nan
1,0,pgd,0.40025386214256287,2.0729830265045166,0.38044805874169957,0.39277229401903613,0.3865119543762082,0.02734875046302505,0.607227705969125,0.8549108266733783,nan
1,0.01,pgd,0.13026072084903717,3.638876438140869,0.1250521517747384,0.132686214515281,0.1287561198671441,0.039515764688122,0.8673137854728801,0.5996554400767617,nan
1,0.1,pgd,0.00048823357792571187,7.787649631500244,7.836744929611906e-05,0.000850846592342747,0.00014351474821205698,0.045207370419931815,0.9991491533958182,0.219173017929684,nan
1,0.15,pgd,0.0,10.33468246459961,0.0,0.0,0.0,0.04507946134282991,0.9999999999881609,0.1697331106912215,nan
