nohup: ignoring input
Number of classes: 23
\n========== Training Run 1 ==========
Epoch: 1, Batch: 10, Acc: 5.00%, Loss: 2.0440
Epoch: 1, Batch: 20, Acc: 4.22%, Loss: 2.0426
Epoch: 1, Batch: 30, Acc: 4.01%, Loss: 2.0387
Epoch: 1, Batch: 40, Acc: 4.18%, Loss: 2.0358
Epoch: 1, Batch: 50, Acc: 4.19%, Loss: 2.0402
Epoch: 1, Batch: 60, Acc: 4.30%, Loss: 2.0325
Epoch: 1, Batch: 70, Acc: 4.29%, Loss: 2.0384
Epoch: 1, Batch: 80, Acc: 4.14%, Loss: 2.0316
Epoch: 1, Batch: 90, Acc: 4.27%, Loss: 2.0384
Epoch: 1, Batch: 100, Acc: 4.17%, Loss: 2.0426
Epoch: 1, Batch: 110, Acc: 4.35%, Loss: 2.0193
Epoch: 1, Batch: 120, Acc: 4.45%, Loss: 2.0269
Epoch: 1, Batch: 130, Acc: 4.53%, Loss: 2.0160
Epoch: 1, Batch: 140, Acc: 4.50%, Loss: 2.0180
Epoch: 1, Batch: 150, Acc: 4.64%, Loss: 2.0118
Epoch: 1, Batch: 160, Acc: 4.61%, Loss: 2.0187
Epoch: 1, Batch: 170, Acc: 4.57%, Loss: 2.0093
Epoch: 1, Batch: 180, Acc: 4.67%, Loss: 2.0097
Epoch: 1, Batch: 190, Acc: 4.75%, Loss: 2.0157
Epoch: 1, Batch: 200, Acc: 4.87%, Loss: 2.0029
Epoch: 1, Batch: 210, Acc: 4.96%, Loss: 2.0148
Epoch: 1, Batch: 220, Acc: 5.05%, Loss: 2.0034
Epoch: 1, Batch: 230, Acc: 5.12%, Loss: 2.0054
Epoch: 1, Batch: 240, Acc: 5.18%, Loss: 1.9945
Epoch: 1, Batch: 250, Acc: 5.34%, Loss: 1.9967
Epoch: 1, Batch: 260, Acc: 5.44%, Loss: 2.0074
Epoch: 1, Batch: 270, Acc: 5.57%, Loss: 1.9987
Epoch: 1, Batch: 280, Acc: 5.73%, Loss: 1.9992
Epoch: 1, Batch: 290, Acc: 5.84%, Loss: 2.0083
Epoch: 1, Batch: 300, Acc: 5.97%, Loss: 1.9945
Epoch: 1, Batch: 310, Acc: 6.08%, Loss: 1.9923
Epoch: 1, Batch: 320, Acc: 6.25%, Loss: 1.9958
Epoch: 1, Batch: 330, Acc: 6.35%, Loss: 1.9842
Epoch: 1, Batch: 340, Acc: 6.45%, Loss: 1.9919
Epoch: 1, Batch: 350, Acc: 6.55%, Loss: 2.0018
Epoch: 1, Batch: 360, Acc: 6.65%, Loss: 1.9897
Epoch: 1, Batch: 370, Acc: 6.78%, Loss: 1.9826
Epoch: 1, Batch: 380, Acc: 6.94%, Loss: 1.9702
Epoch: 1, Batch: 390, Acc: 7.04%, Loss: 1.9788
Epoch: 1, Batch: 400, Acc: 7.23%, Loss: 1.9632
Epoch: 1, Batch: 410, Acc: 7.39%, Loss: 1.9756
Epoch: 1, Batch: 420, Acc: 7.51%, Loss: 1.9746
Epoch: 1, Batch: 430, Acc: 7.62%, Loss: 1.9729
Epoch: 1, Batch: 440, Acc: 7.69%, Loss: 1.9866
Epoch: 1, Batch: 450, Acc: 7.73%, Loss: 1.9835
Epoch: 1, Batch: 460, Acc: 7.80%, Loss: 1.9815
Epoch: 1, Batch: 470, Acc: 7.89%, Loss: 1.9780
Epoch: 1, Batch: 480, Acc: 7.98%, Loss: 1.9566
Epoch: 1, Batch: 490, Acc: 8.11%, Loss: 1.9618
Epoch: 1, Batch: 500, Acc: 8.20%, Loss: 1.9617
Epoch: 1, Batch: 510, Acc: 8.28%, Loss: 1.9660
Epoch: 1, Batch: 520, Acc: 8.38%, Loss: 1.9599
Epoch: 1, Batch: 530, Acc: 8.49%, Loss: 1.9523
Epoch: 1, Batch: 540, Acc: 8.61%, Loss: 1.9447
Epoch: 1, Batch: 550, Acc: 8.70%, Loss: 1.9505
Epoch: 1, Batch: 560, Acc: 8.79%, Loss: 1.9421
Epoch: 1, Batch: 570, Acc: 8.93%, Loss: 1.9379
Epoch: 1, Batch: 580, Acc: 8.99%, Loss: 1.9495
Epoch: 1, Batch: 590, Acc: 9.07%, Loss: 1.9585
Epoch: 1, Batch: 600, Acc: 9.11%, Loss: 1.9510
Epoch: 1, Batch: 610, Acc: 9.20%, Loss: 1.9398
Epoch: 1, Batch: 620, Acc: 9.26%, Loss: 1.9471
Epoch: 1, Batch: 630, Acc: 9.33%, Loss: 1.9451
Epoch: 1, Batch: 640, Acc: 9.40%, Loss: 1.9425
Epoch: 1, Batch: 650, Acc: 9.48%, Loss: 1.9298
Epoch: 1, Batch: 660, Acc: 9.55%, Loss: 1.9279
Epoch: 1, Batch: 670, Acc: 9.63%, Loss: 1.9351
Epoch: 1, Batch: 680, Acc: 9.69%, Loss: 1.9355
Epoch: 1, Batch: 690, Acc: 9.77%, Loss: 1.9282
Epoch: 1, Batch: 700, Acc: 9.86%, Loss: 1.9198
Epoch: 1, Batch: 710, Acc: 9.89%, Loss: 1.9421
Epoch: 1, Batch: 720, Acc: 9.95%, Loss: 1.9351
Epoch: 1, Batch: 730, Acc: 9.99%, Loss: 1.9328
Epoch: 1, Batch: 740, Acc: 10.01%, Loss: 1.9322
Epoch: 1, Batch: 750, Acc: 10.05%, Loss: 1.9260
Epoch: 1, Batch: 760, Acc: 10.11%, Loss: 1.9232
Epoch: 1, Batch: 770, Acc: 10.17%, Loss: 1.9123
Epoch: 1, Batch: 780, Acc: 10.23%, Loss: 1.9283
Epoch: 1, Batch: 790, Acc: 10.33%, Loss: 1.8899
Epoch: 1, Batch: 800, Acc: 10.39%, Loss: 1.9075
Epoch: 1, Batch: 810, Acc: 10.46%, Loss: 1.9121
Epoch: 1, Batch: 820, Acc: 10.51%, Loss: 1.9048
Epoch: 1, Batch: 830, Acc: 10.54%, Loss: 1.9272
Epoch: 1, Batch: 840, Acc: 10.61%, Loss: 1.8947
Epoch: 1, Batch: 850, Acc: 10.67%, Loss: 1.9303
Epoch: 1, Batch: 860, Acc: 10.72%, Loss: 1.9195
Epoch: 1, Batch: 870, Acc: 10.75%, Loss: 1.9333
Epoch: 1, Batch: 880, Acc: 10.78%, Loss: 1.9083
Epoch: 1, Batch: 890, Acc: 10.81%, Loss: 1.9320
Epoch: 1, Batch: 900, Acc: 10.86%, Loss: 1.9054
Epoch: 1, Batch: 910, Acc: 10.90%, Loss: 1.9331
Epoch: 1, Batch: 920, Acc: 10.97%, Loss: 1.8869
Epoch: 1, Batch: 930, Acc: 11.04%, Loss: 1.8956
Epoch: 1, Batch: 940, Acc: 11.08%, Loss: 1.9237
Epoch: 1, Batch: 950, Acc: 11.13%, Loss: 1.8976
Epoch: 1, Batch: 960, Acc: 11.17%, Loss: 1.9107
Epoch: 1, Batch: 970, Acc: 11.23%, Loss: 1.8837
Epoch: 1, Batch: 980, Acc: 11.25%, Loss: 1.9093
Epoch: 1, Batch: 990, Acc: 11.27%, Loss: 1.9259
Epoch: 1, Batch: 1000, Acc: 11.30%, Loss: 1.9072
Epoch: 1, Batch: 1010, Acc: 11.33%, Loss: 1.9116
Epoch: 1, Batch: 1020, Acc: 11.39%, Loss: 1.8776
Epoch: 1, Batch: 1030, Acc: 11.44%, Loss: 1.8934
Epoch: 1, Batch: 1040, Acc: 11.48%, Loss: 1.8817
Epoch: 1, Batch: 1050, Acc: 11.53%, Loss: 1.9075
Epoch: 1, Batch: 1060, Acc: 11.57%, Loss: 1.8967
Epoch: 1, Batch: 1070, Acc: 11.60%, Loss: 1.9086
Epoch: 1, Batch: 1080, Acc: 11.64%, Loss: 1.8946
Epoch: 1, Batch: 1090, Acc: 11.66%, Loss: 1.9048
Epoch: 1, Batch: 1100, Acc: 11.69%, Loss: 1.8865
Epoch: 1, Batch: 1110, Acc: 11.73%, Loss: 1.8921
Epoch: 1, Batch: 1120, Acc: 11.79%, Loss: 1.8698
Epoch: 1, Batch: 1130, Acc: 11.85%, Loss: 1.8655
Epoch: 1, Batch: 1140, Acc: 11.90%, Loss: 1.8777
Epoch: 1, Batch: 1150, Acc: 11.94%, Loss: 1.8850
Epoch: 1, Batch: 1160, Acc: 11.99%, Loss: 1.8991
Epoch: 1, Batch: 1170, Acc: 12.03%, Loss: 1.8957
Epoch: 1, Batch: 1180, Acc: 12.08%, Loss: 1.8783
Epoch: 1, Batch: 1190, Acc: 12.11%, Loss: 1.9149
Epoch: 1, Batch: 1200, Acc: 12.15%, Loss: 1.8972
Epoch: 1, Batch: 1210, Acc: 12.19%, Loss: 1.8848
Epoch: 1, Batch: 1220, Acc: 12.21%, Loss: 1.9184
Epoch: 1, Batch: 1230, Acc: 12.26%, Loss: 1.8874
Epoch: 1, Batch: 1240, Acc: 12.28%, Loss: 1.9137
Epoch: 1, Batch: 1250, Acc: 12.30%, Loss: 1.8996
Epoch: 1, Batch: 1260, Acc: 12.33%, Loss: 1.9035
Epoch: 1, Batch: 1270, Acc: 12.36%, Loss: 1.8821
Epoch: 1, Batch: 1280, Acc: 12.39%, Loss: 1.9009
Epoch: 1, Batch: 1290, Acc: 12.43%, Loss: 1.9007
Epoch: 1, Batch: 1300, Acc: 12.46%, Loss: 1.8919
Epoch: 1, Batch: 1310, Acc: 12.49%, Loss: 1.9033
Epoch: 1, Batch: 1320, Acc: 12.52%, Loss: 1.9000
Epoch: 1, Batch: 1330, Acc: 12.55%, Loss: 1.8858
Epoch: 1, Batch: 1340, Acc: 12.60%, Loss: 1.8573
Epoch: 1, Batch: 1350, Acc: 12.62%, Loss: 1.9133
Epoch: 1, Batch: 1360, Acc: 12.66%, Loss: 1.8701
Epoch: 1, Batch: 1370, Acc: 12.73%, Loss: 1.8515
Epoch: 1, Batch: 1380, Acc: 12.74%, Loss: 1.9115
Epoch: 1, Batch: 1390, Acc: 12.77%, Loss: 1.8771
Epoch: 1, Batch: 1400, Acc: 12.79%, Loss: 1.9101
Epoch: 1, Batch: 1410, Acc: 12.81%, Loss: 1.8949
Epoch: 1, Batch: 1420, Acc: 12.85%, Loss: 1.8730
Epoch: 1, Batch: 1430, Acc: 12.88%, Loss: 1.9030
Epoch: 1, Batch: 1440, Acc: 12.91%, Loss: 1.8789
Epoch: 1, Batch: 1450, Acc: 12.94%, Loss: 1.8988
Epoch: 1, Batch: 1460, Acc: 12.99%, Loss: 1.8274
Epoch: 1, Batch: 1470, Acc: 13.02%, Loss: 1.8677
Epoch: 1, Batch: 1480, Acc: 13.05%, Loss: 1.8939
Epoch: 1, Batch: 1490, Acc: 13.08%, Loss: 1.8801
Epoch: 1, Batch: 1500, Acc: 13.12%, Loss: 1.8683
Epoch: 1, Batch: 1510, Acc: 13.14%, Loss: 1.8995
Epoch: 1, Batch: 1520, Acc: 13.18%, Loss: 1.8599
Epoch: 1, Batch: 1530, Acc: 13.21%, Loss: 1.8710
Epoch: 1, Batch: 1540, Acc: 13.24%, Loss: 1.8975
Epoch: 1, Batch: 1550, Acc: 13.27%, Loss: 1.8851
Epoch: 1, Batch: 1560, Acc: 13.30%, Loss: 1.8760
Epoch: 1, Batch: 1570, Acc: 13.34%, Loss: 1.8409
Epoch: 1, Batch: 1580, Acc: 13.38%, Loss: 1.8401
Epoch: 1, Batch: 1590, Acc: 13.41%, Loss: 1.8799
Epoch: 1, Batch: 1600, Acc: 13.44%, Loss: 1.8670
Epoch: 1, Batch: 1610, Acc: 13.47%, Loss: 1.8819
Epoch: 1, Batch: 1620, Acc: 13.49%, Loss: 1.8750
Epoch: 1, Batch: 1630, Acc: 13.51%, Loss: 1.8605
Epoch: 1, Batch: 1640, Acc: 13.54%, Loss: 1.8764
Epoch: 1, Batch: 1650, Acc: 13.58%, Loss: 1.8558
Epoch: 1, Batch: 1660, Acc: 13.60%, Loss: 1.8904
Epoch: 1, Batch: 1670, Acc: 13.61%, Loss: 1.8982
Epoch: 1, Batch: 1680, Acc: 13.65%, Loss: 1.8508
Epoch: 1, Batch: 1690, Acc: 13.68%, Loss: 1.8624
Epoch: 1, Batch: 1700, Acc: 13.71%, Loss: 1.8455
Epoch: 1, Batch: 1710, Acc: 13.74%, Loss: 1.8846
Epoch: 1, Batch: 1720, Acc: 13.77%, Loss: 1.8804
Epoch: 1, Batch: 1730, Acc: 13.81%, Loss: 1.8475
Epoch: 1, Batch: 1740, Acc: 13.82%, Loss: 1.8738
Epoch: 1, Batch: 1750, Acc: 13.84%, Loss: 1.8706
Epoch: 1, Batch: 1760, Acc: 13.87%, Loss: 1.8443
Epoch: 1, Batch: 1770, Acc: 13.89%, Loss: 1.8872
Epoch: 1, Batch: 1780, Acc: 13.92%, Loss: 1.8863
Epoch: 1, Batch: 1790, Acc: 13.94%, Loss: 1.8626
Epoch: 1, Batch: 1800, Acc: 13.95%, Loss: 1.8799
Epoch: 1, Batch: 1810, Acc: 13.99%, Loss: 1.8607
Epoch: 1, Batch: 1820, Acc: 14.02%, Loss: 1.8643
Epoch: 1, Batch: 1830, Acc: 14.05%, Loss: 1.8401
Epoch: 1, Batch: 1840, Acc: 14.08%, Loss: 1.8874
Epoch: 1, Batch: 1850, Acc: 14.10%, Loss: 1.8766
Epoch: 1, Batch: 1860, Acc: 14.13%, Loss: 1.8453
Epoch: 1, Batch: 1870, Acc: 14.16%, Loss: 1.8795
Epoch: 1, Batch: 1880, Acc: 14.20%, Loss: 1.8354
Epoch: 1, Batch: 1890, Acc: 14.22%, Loss: 1.8687
Epoch: 1, Batch: 1900, Acc: 14.24%, Loss: 1.8909
Epoch: 1, Batch: 1910, Acc: 14.25%, Loss: 1.8943
Epoch: 1, Batch: 1920, Acc: 14.28%, Loss: 1.8400
Epoch: 1, Batch: 1930, Acc: 14.31%, Loss: 1.8634
Epoch: 1, Batch: 1940, Acc: 14.34%, Loss: 1.8592
Epoch: 1, Batch: 1950, Acc: 14.35%, Loss: 1.8733
Epoch: 1, Batch: 1960, Acc: 14.39%, Loss: 1.8463
Epoch: 1, Batch: 1970, Acc: 14.42%, Loss: 1.8669
Epoch: 1, Batch: 1980, Acc: 14.43%, Loss: 1.8915
Epoch: 1, Batch: 1990, Acc: 14.47%, Loss: 1.8291
Epoch: 1, Batch: 2000, Acc: 14.49%, Loss: 1.8475
Epoch: 1, Batch: 2010, Acc: 14.52%, Loss: 1.8849
Epoch: 1, Batch: 2020, Acc: 14.56%, Loss: 1.8310
Epoch: 1, Batch: 2030, Acc: 14.59%, Loss: 1.8378
Epoch: 1, Batch: 2040, Acc: 14.60%, Loss: 1.8671
Epoch: 1, Batch: 2050, Acc: 14.62%, Loss: 1.8357
Epoch: 1, Batch: 2060, Acc: 14.64%, Loss: 1.8597
Epoch: 1, Batch: 2070, Acc: 14.68%, Loss: 1.8188
Epoch: 1, Batch: 2080, Acc: 14.69%, Loss: 1.9030
Epoch: 1, Batch: 2090, Acc: 14.71%, Loss: 1.8773
Epoch: 1, Batch: 2100, Acc: 14.74%, Loss: 1.8565
Epoch: 1, Batch: 2110, Acc: 14.76%, Loss: 1.8415
Epoch: 1, Batch: 2120, Acc: 14.78%, Loss: 1.8613
Epoch: 1, Batch: 2130, Acc: 14.80%, Loss: 1.8714
Epoch: 1, Batch: 2140, Acc: 14.82%, Loss: 1.8677
Epoch: 1, Batch: 2150, Acc: 14.84%, Loss: 1.8691
Epoch: 1, Batch: 2160, Acc: 14.86%, Loss: 1.8649
Epoch: 1, Batch: 2170, Acc: 14.89%, Loss: 1.8250
Epoch: 1, Batch: 2180, Acc: 14.92%, Loss: 1.8515
Epoch: 1, Batch: 2190, Acc: 14.93%, Loss: 1.8937
Epoch: 1, Batch: 2200, Acc: 14.95%, Loss: 1.8570
Epoch: 1, Batch: 2210, Acc: 14.98%, Loss: 1.8466
Epoch: 1, Batch: 2220, Acc: 15.00%, Loss: 1.8411
Epoch: 1, Batch: 2230, Acc: 15.04%, Loss: 1.8433
Epoch: 1, Batch: 2240, Acc: 15.05%, Loss: 1.8760
Epoch: 1, Batch: 2250, Acc: 15.06%, Loss: 1.8682
Epoch: 1, Batch: 2260, Acc: 15.09%, Loss: 1.8137
Epoch: 1, Batch: 2270, Acc: 15.11%, Loss: 1.8565
Epoch: 1, Batch: 2280, Acc: 15.12%, Loss: 1.8638
Epoch: 1, Batch: 2290, Acc: 15.15%, Loss: 1.8468
Epoch: 1, Batch: 2300, Acc: 15.17%, Loss: 1.8391
Epoch: 1, Batch: 2310, Acc: 15.19%, Loss: 1.8372
Epoch: 1, Batch: 2320, Acc: 15.22%, Loss: 1.8360
Epoch: 1, Batch: 2330, Acc: 15.23%, Loss: 1.8827
Epoch: 1, Batch: 2340, Acc: 15.26%, Loss: 1.8303
Epoch: 1, Batch: 2350, Acc: 15.28%, Loss: 1.8511
Epoch: 1, Batch: 2360, Acc: 15.30%, Loss: 1.8548
Epoch: 1, Batch: 2370, Acc: 15.32%, Loss: 1.8695
Epoch: 1, Batch: 2380, Acc: 15.34%, Loss: 1.8318
Epoch: 1, Batch: 2390, Acc: 15.35%, Loss: 1.8914
Epoch: 1, Batch: 2400, Acc: 15.38%, Loss: 1.8244
Epoch: 1, Batch: 2410, Acc: 15.40%, Loss: 1.8315
Epoch: 1, Batch: 2420, Acc: 15.44%, Loss: 1.8224
Epoch: 1, Batch: 2430, Acc: 15.45%, Loss: 1.8602
Epoch: 1, Batch: 2440, Acc: 15.47%, Loss: 1.8567
Epoch: 1, Batch: 2450, Acc: 15.48%, Loss: 1.8584
Epoch: 1, Batch: 2460, Acc: 15.51%, Loss: 1.8530
Epoch: 1, Batch: 2470, Acc: 15.53%, Loss: 1.8590
Epoch: 1, Batch: 2480, Acc: 15.54%, Loss: 1.8661
Epoch: 1, Batch: 2490, Acc: 15.56%, Loss: 1.8803
Epoch: 1, Batch: 2500, Acc: 15.58%, Loss: 1.8751
Epoch: 1, Batch: 2510, Acc: 15.61%, Loss: 1.8455
Epoch: 1, Batch: 2520, Acc: 15.62%, Loss: 1.8662
Epoch: 1, Batch: 2530, Acc: 15.64%, Loss: 1.8228
Epoch: 1, Batch: 2540, Acc: 15.65%, Loss: 1.8756
Epoch: 1, Batch: 2550, Acc: 15.68%, Loss: 1.8400
Epoch: 1, Batch: 2560, Acc: 15.70%, Loss: 1.8243
Epoch: 1, Batch: 2570, Acc: 15.73%, Loss: 1.8519
Epoch: 1, Batch: 2580, Acc: 15.75%, Loss: 1.8483
Epoch: 1, Batch: 2590, Acc: 15.77%, Loss: 1.8624
Epoch: 1, Batch: 2600, Acc: 15.80%, Loss: 1.8098
Epoch: 1, Batch: 2610, Acc: 15.82%, Loss: 1.8510
Epoch: 1, Batch: 2620, Acc: 15.83%, Loss: 1.8479
Epoch: 1, Batch: 2630, Acc: 15.85%, Loss: 1.8317
Epoch: 1, Batch: 2640, Acc: 15.86%, Loss: 1.8626
Epoch: 1, Batch: 2650, Acc: 15.88%, Loss: 1.8491
Epoch: 1, Batch: 2660, Acc: 15.89%, Loss: 1.8602
Epoch: 1, Batch: 2670, Acc: 15.92%, Loss: 1.8037
Epoch: 1, Batch: 2680, Acc: 15.94%, Loss: 1.8436
Epoch: 1, Batch: 2690, Acc: 15.96%, Loss: 1.8255
Epoch: 1, Batch: 2700, Acc: 15.98%, Loss: 1.8081
Epoch: 1, Batch: 2710, Acc: 16.00%, Loss: 1.8343
Epoch: 1, Batch: 2720, Acc: 16.02%, Loss: 1.8737
Epoch: 1, Batch: 2730, Acc: 16.03%, Loss: 1.8455
Epoch: 1, Batch: 2740, Acc: 16.06%, Loss: 1.8216
Epoch: 1, Batch: 2750, Acc: 16.08%, Loss: 1.8335
Epoch: 1, Batch: 2760, Acc: 16.10%, Loss: 1.8195
Epoch: 1, Batch: 2770, Acc: 16.12%, Loss: 1.8380
Epoch: 1, Batch: 2780, Acc: 16.15%, Loss: 1.8036
Epoch: 1, Batch: 2790, Acc: 16.16%, Loss: 1.8637
Epoch: 1, Batch: 2800, Acc: 16.17%, Loss: 1.8623
Epoch: 1, Batch: 2810, Acc: 16.18%, Loss: 1.8599
Epoch: 1, Batch: 2820, Acc: 16.20%, Loss: 1.8138
Epoch: 1, Batch: 2830, Acc: 16.22%, Loss: 1.8333
Epoch: 1, Batch: 2840, Acc: 16.24%, Loss: 1.8305
Epoch: 1, Batch: 2850, Acc: 16.25%, Loss: 1.8447
Epoch: 1, Batch: 2860, Acc: 16.27%, Loss: 1.8622
Epoch: 1, Batch: 2870, Acc: 16.28%, Loss: 1.8928
Epoch: 1, Batch: 2880, Acc: 16.29%, Loss: 1.8607
Accuracy on test set: 39.73%, Val loss: 2.4627
Epoch 1: train_loss=1.8997, val_acc=39.73, best_val_acc=39.73, es_counter=0
Epoch: 2, Batch: 10, Acc: 21.09%, Loss: 1.8632
Epoch: 2, Batch: 20, Acc: 21.09%, Loss: 1.8245
Epoch: 2, Batch: 30, Acc: 21.77%, Loss: 1.8428
Epoch: 2, Batch: 40, Acc: 21.68%, Loss: 1.8427
Epoch: 2, Batch: 50, Acc: 21.62%, Loss: 1.8580
Epoch: 2, Batch: 60, Acc: 21.41%, Loss: 1.8673
Epoch: 2, Batch: 70, Acc: 21.29%, Loss: 1.8102
Epoch: 2, Batch: 80, Acc: 21.29%, Loss: 1.8494
Epoch: 2, Batch: 90, Acc: 21.46%, Loss: 1.8284
Epoch: 2, Batch: 100, Acc: 21.47%, Loss: 1.8307
Epoch: 2, Batch: 110, Acc: 21.46%, Loss: 1.8378
Epoch: 2, Batch: 120, Acc: 21.61%, Loss: 1.8266
Epoch: 2, Batch: 130, Acc: 21.51%, Loss: 1.8350
Epoch: 2, Batch: 140, Acc: 21.54%, Loss: 1.8248
Epoch: 2, Batch: 150, Acc: 21.46%, Loss: 1.8467
Epoch: 2, Batch: 160, Acc: 21.45%, Loss: 1.8596
Epoch: 2, Batch: 170, Acc: 21.38%, Loss: 1.8550
Epoch: 2, Batch: 180, Acc: 21.40%, Loss: 1.8388
Epoch: 2, Batch: 190, Acc: 21.35%, Loss: 1.8358
Epoch: 2, Batch: 200, Acc: 21.37%, Loss: 1.8298
Epoch: 2, Batch: 210, Acc: 21.41%, Loss: 1.8273
Epoch: 2, Batch: 220, Acc: 21.48%, Loss: 1.8208
Epoch: 2, Batch: 230, Acc: 21.46%, Loss: 1.8444
Epoch: 2, Batch: 240, Acc: 21.48%, Loss: 1.8040
Epoch: 2, Batch: 250, Acc: 21.52%, Loss: 1.8241
Epoch: 2, Batch: 260, Acc: 21.59%, Loss: 1.8097
Epoch: 2, Batch: 270, Acc: 21.63%, Loss: 1.8256
Epoch: 2, Batch: 280, Acc: 21.69%, Loss: 1.8405
Epoch: 2, Batch: 290, Acc: 21.68%, Loss: 1.8248
Epoch: 2, Batch: 300, Acc: 21.69%, Loss: 1.8303
Epoch: 2, Batch: 310, Acc: 21.69%, Loss: 1.8433
Epoch: 2, Batch: 320, Acc: 21.65%, Loss: 1.8350
Epoch: 2, Batch: 330, Acc: 21.62%, Loss: 1.8240
Epoch: 2, Batch: 340, Acc: 21.70%, Loss: 1.8095
Epoch: 2, Batch: 350, Acc: 21.69%, Loss: 1.8404
Epoch: 2, Batch: 360, Acc: 21.65%, Loss: 1.8417
Epoch: 2, Batch: 370, Acc: 21.60%, Loss: 1.8538
Epoch: 2, Batch: 380, Acc: 21.62%, Loss: 1.8407
Epoch: 2, Batch: 390, Acc: 21.60%, Loss: 1.8646
Epoch: 2, Batch: 400, Acc: 21.57%, Loss: 1.8595
Epoch: 2, Batch: 410, Acc: 21.60%, Loss: 1.7972
Epoch: 2, Batch: 420, Acc: 21.54%, Loss: 1.8785
Epoch: 2, Batch: 430, Acc: 21.53%, Loss: 1.8267
Epoch: 2, Batch: 440, Acc: 21.59%, Loss: 1.8196
Epoch: 2, Batch: 450, Acc: 21.66%, Loss: 1.8218
Epoch: 2, Batch: 460, Acc: 21.70%, Loss: 1.7934
Epoch: 2, Batch: 470, Acc: 21.70%, Loss: 1.8145
Epoch: 2, Batch: 480, Acc: 21.73%, Loss: 1.8242
Epoch: 2, Batch: 490, Acc: 21.73%, Loss: 1.8343
Epoch: 2, Batch: 500, Acc: 21.73%, Loss: 1.8226
Epoch: 2, Batch: 510, Acc: 21.77%, Loss: 1.8165
Epoch: 2, Batch: 520, Acc: 21.81%, Loss: 1.8190
Epoch: 2, Batch: 530, Acc: 21.82%, Loss: 1.8179
Epoch: 2, Batch: 540, Acc: 21.81%, Loss: 1.8403
Epoch: 2, Batch: 550, Acc: 21.85%, Loss: 1.8208
Epoch: 2, Batch: 560, Acc: 21.88%, Loss: 1.8001
Epoch: 2, Batch: 570, Acc: 21.87%, Loss: 1.8209
Epoch: 2, Batch: 580, Acc: 21.86%, Loss: 1.8061
Epoch: 2, Batch: 590, Acc: 21.82%, Loss: 1.8601
Epoch: 2, Batch: 600, Acc: 21.85%, Loss: 1.7882
Epoch: 2, Batch: 610, Acc: 21.82%, Loss: 1.8230
Epoch: 2, Batch: 620, Acc: 21.88%, Loss: 1.8023
Epoch: 2, Batch: 630, Acc: 21.86%, Loss: 1.8231
Epoch: 2, Batch: 640, Acc: 21.86%, Loss: 1.8416
Epoch: 2, Batch: 650, Acc: 21.86%, Loss: 1.8476
Epoch: 2, Batch: 660, Acc: 21.86%, Loss: 1.8530
Epoch: 2, Batch: 670, Acc: 21.82%, Loss: 1.8469
Epoch: 2, Batch: 680, Acc: 21.85%, Loss: 1.8110
Epoch: 2, Batch: 690, Acc: 21.84%, Loss: 1.8746
Epoch: 2, Batch: 700, Acc: 21.81%, Loss: 1.8389
Epoch: 2, Batch: 710, Acc: 21.81%, Loss: 1.8435
Epoch: 2, Batch: 720, Acc: 21.82%, Loss: 1.8255
Epoch: 2, Batch: 730, Acc: 21.84%, Loss: 1.8234
Epoch: 2, Batch: 740, Acc: 21.82%, Loss: 1.8566
Epoch: 2, Batch: 750, Acc: 21.81%, Loss: 1.8331
Epoch: 2, Batch: 760, Acc: 21.81%, Loss: 1.8445
Epoch: 2, Batch: 770, Acc: 21.85%, Loss: 1.7764
Epoch: 2, Batch: 780, Acc: 21.85%, Loss: 1.7804
Epoch: 2, Batch: 790, Acc: 21.89%, Loss: 1.8148
Epoch: 2, Batch: 800, Acc: 21.93%, Loss: 1.7902
Epoch: 2, Batch: 810, Acc: 21.94%, Loss: 1.8406
Epoch: 2, Batch: 820, Acc: 21.97%, Loss: 1.7988
Epoch: 2, Batch: 830, Acc: 21.97%, Loss: 1.8133
Epoch: 2, Batch: 840, Acc: 21.98%, Loss: 1.8215
Epoch: 2, Batch: 850, Acc: 21.94%, Loss: 1.8666
Epoch: 2, Batch: 860, Acc: 21.94%, Loss: 1.8552
Epoch: 2, Batch: 870, Acc: 21.93%, Loss: 1.8495
Epoch: 2, Batch: 880, Acc: 21.93%, Loss: 1.8508
Epoch: 2, Batch: 890, Acc: 21.94%, Loss: 1.8344
Epoch: 2, Batch: 900, Acc: 21.98%, Loss: 1.8118
Epoch: 2, Batch: 910, Acc: 22.00%, Loss: 1.8073
Epoch: 2, Batch: 920, Acc: 21.98%, Loss: 1.8380
Epoch: 2, Batch: 930, Acc: 21.98%, Loss: 1.8584
Epoch: 2, Batch: 940, Acc: 21.98%, Loss: 1.8143
Epoch: 2, Batch: 950, Acc: 21.94%, Loss: 1.8703
Epoch: 2, Batch: 960, Acc: 21.97%, Loss: 1.8096
Epoch: 2, Batch: 970, Acc: 21.97%, Loss: 1.8429
Epoch: 2, Batch: 980, Acc: 21.99%, Loss: 1.7897
Epoch: 2, Batch: 990, Acc: 22.01%, Loss: 1.8209
Epoch: 2, Batch: 1000, Acc: 22.03%, Loss: 1.8249
Epoch: 2, Batch: 1010, Acc: 22.04%, Loss: 1.8232
Epoch: 2, Batch: 1020, Acc: 22.05%, Loss: 1.8448
Epoch: 2, Batch: 1030, Acc: 22.09%, Loss: 1.7962
Epoch: 2, Batch: 1040, Acc: 22.10%, Loss: 1.8235
Epoch: 2, Batch: 1050, Acc: 22.09%, Loss: 1.8162
Epoch: 2, Batch: 1060, Acc: 22.10%, Loss: 1.7922
Epoch: 2, Batch: 1070, Acc: 22.09%, Loss: 1.8346
Epoch: 2, Batch: 1080, Acc: 22.06%, Loss: 1.8446
Epoch: 2, Batch: 1090, Acc: 22.08%, Loss: 1.8160
Epoch: 2, Batch: 1100, Acc: 22.09%, Loss: 1.8132
Epoch: 2, Batch: 1110, Acc: 22.08%, Loss: 1.8453
Epoch: 2, Batch: 1120, Acc: 22.08%, Loss: 1.8329
Epoch: 2, Batch: 1130, Acc: 22.10%, Loss: 1.8003
Epoch: 2, Batch: 1140, Acc: 22.10%, Loss: 1.8622
Epoch: 2, Batch: 1150, Acc: 22.10%, Loss: 1.8163
Epoch: 2, Batch: 1160, Acc: 22.11%, Loss: 1.7789
Epoch: 2, Batch: 1170, Acc: 22.12%, Loss: 1.8037
Epoch: 2, Batch: 1180, Acc: 22.14%, Loss: 1.8071
Epoch: 2, Batch: 1190, Acc: 22.14%, Loss: 1.7876
Epoch: 2, Batch: 1200, Acc: 22.15%, Loss: 1.8127
Epoch: 2, Batch: 1210, Acc: 22.15%, Loss: 1.8068
Epoch: 2, Batch: 1220, Acc: 22.15%, Loss: 1.8003
Epoch: 2, Batch: 1230, Acc: 22.15%, Loss: 1.7969
Epoch: 2, Batch: 1240, Acc: 22.14%, Loss: 1.8215
Epoch: 2, Batch: 1250, Acc: 22.14%, Loss: 1.8118
Epoch: 2, Batch: 1260, Acc: 22.17%, Loss: 1.8006
Epoch: 2, Batch: 1270, Acc: 22.15%, Loss: 1.8553
Epoch: 2, Batch: 1280, Acc: 22.15%, Loss: 1.8223
Epoch: 2, Batch: 1290, Acc: 22.14%, Loss: 1.8634
Epoch: 2, Batch: 1300, Acc: 22.15%, Loss: 1.8059
Epoch: 2, Batch: 1310, Acc: 22.16%, Loss: 1.7904
Epoch: 2, Batch: 1320, Acc: 22.16%, Loss: 1.8381
Epoch: 2, Batch: 1330, Acc: 22.16%, Loss: 1.8011
Epoch: 2, Batch: 1340, Acc: 22.16%, Loss: 1.8357
Epoch: 2, Batch: 1350, Acc: 22.18%, Loss: 1.8106
Epoch: 2, Batch: 1360, Acc: 22.18%, Loss: 1.8213
Epoch: 2, Batch: 1370, Acc: 22.19%, Loss: 1.8373
Epoch: 2, Batch: 1380, Acc: 22.18%, Loss: 1.8670
Epoch: 2, Batch: 1390, Acc: 22.18%, Loss: 1.8336
Epoch: 2, Batch: 1400, Acc: 22.20%, Loss: 1.8019
Epoch: 2, Batch: 1410, Acc: 22.22%, Loss: 1.8289
Epoch: 2, Batch: 1420, Acc: 22.23%, Loss: 1.7833
Epoch: 2, Batch: 1430, Acc: 22.22%, Loss: 1.8357
Epoch: 2, Batch: 1440, Acc: 22.21%, Loss: 1.8416
Epoch: 2, Batch: 1450, Acc: 22.21%, Loss: 1.8516
Epoch: 2, Batch: 1460, Acc: 22.22%, Loss: 1.8035
Epoch: 2, Batch: 1470, Acc: 22.22%, Loss: 1.8429
Epoch: 2, Batch: 1480, Acc: 22.23%, Loss: 1.8280
Epoch: 2, Batch: 1490, Acc: 22.22%, Loss: 1.8290
Epoch: 2, Batch: 1500, Acc: 22.23%, Loss: 1.8077
Epoch: 2, Batch: 1510, Acc: 22.25%, Loss: 1.8080
Epoch: 2, Batch: 1520, Acc: 22.25%, Loss: 1.7968
Epoch: 2, Batch: 1530, Acc: 22.26%, Loss: 1.8143
Epoch: 2, Batch: 1540, Acc: 22.28%, Loss: 1.7783
Epoch: 2, Batch: 1550, Acc: 22.29%, Loss: 1.8025
Epoch: 2, Batch: 1560, Acc: 22.30%, Loss: 1.8189
Epoch: 2, Batch: 1570, Acc: 22.29%, Loss: 1.8410
Epoch: 2, Batch: 1580, Acc: 22.29%, Loss: 1.8239
Epoch: 2, Batch: 1590, Acc: 22.32%, Loss: 1.7901
Epoch: 2, Batch: 1600, Acc: 22.30%, Loss: 1.8442
Epoch: 2, Batch: 1610, Acc: 22.31%, Loss: 1.8261
Epoch: 2, Batch: 1620, Acc: 22.31%, Loss: 1.8207
Epoch: 2, Batch: 1630, Acc: 22.32%, Loss: 1.8290
Epoch: 2, Batch: 1640, Acc: 22.34%, Loss: 1.7721
Epoch: 2, Batch: 1650, Acc: 22.32%, Loss: 1.8770
Epoch: 2, Batch: 1660, Acc: 22.32%, Loss: 1.8241
Epoch: 2, Batch: 1670, Acc: 22.33%, Loss: 1.7782
Epoch: 2, Batch: 1680, Acc: 22.32%, Loss: 1.8193
Epoch: 2, Batch: 1690, Acc: 22.32%, Loss: 1.8348
Epoch: 2, Batch: 1700, Acc: 22.32%, Loss: 1.8194
Epoch: 2, Batch: 1710, Acc: 22.33%, Loss: 1.8166
Epoch: 2, Batch: 1720, Acc: 22.33%, Loss: 1.8438
Epoch: 2, Batch: 1730, Acc: 22.32%, Loss: 1.8441
Epoch: 2, Batch: 1740, Acc: 22.35%, Loss: 1.7878
Epoch: 2, Batch: 1750, Acc: 22.35%, Loss: 1.8079
Epoch: 2, Batch: 1760, Acc: 22.34%, Loss: 1.8747
Epoch: 2, Batch: 1770, Acc: 22.34%, Loss: 1.8686
Epoch: 2, Batch: 1780, Acc: 22.34%, Loss: 1.8479
Epoch: 2, Batch: 1790, Acc: 22.33%, Loss: 1.8205
Epoch: 2, Batch: 1800, Acc: 22.33%, Loss: 1.8693
Epoch: 2, Batch: 1810, Acc: 22.34%, Loss: 1.7848
Epoch: 2, Batch: 1820, Acc: 22.33%, Loss: 1.8341
Epoch: 2, Batch: 1830, Acc: 22.35%, Loss: 1.7803
Epoch: 2, Batch: 1840, Acc: 22.36%, Loss: 1.7735
Epoch: 2, Batch: 1850, Acc: 22.38%, Loss: 1.7990
Epoch: 2, Batch: 1860, Acc: 22.36%, Loss: 1.8458
Epoch: 2, Batch: 1870, Acc: 22.36%, Loss: 1.8065
Epoch: 2, Batch: 1880, Acc: 22.35%, Loss: 1.8248
Epoch: 2, Batch: 1890, Acc: 22.34%, Loss: 1.8519
Epoch: 2, Batch: 1900, Acc: 22.35%, Loss: 1.8033
Epoch: 2, Batch: 1910, Acc: 22.36%, Loss: 1.8258
Epoch: 2, Batch: 1920, Acc: 22.34%, Loss: 1.8253
Epoch: 2, Batch: 1930, Acc: 22.35%, Loss: 1.8276
Epoch: 2, Batch: 1940, Acc: 22.35%, Loss: 1.8087
Epoch: 2, Batch: 1950, Acc: 22.36%, Loss: 1.7905
Epoch: 2, Batch: 1960, Acc: 22.36%, Loss: 1.8125
Epoch: 2, Batch: 1970, Acc: 22.36%, Loss: 1.8357
Epoch: 2, Batch: 1980, Acc: 22.36%, Loss: 1.8393
Epoch: 2, Batch: 1990, Acc: 22.37%, Loss: 1.8473
Epoch: 2, Batch: 2000, Acc: 22.36%, Loss: 1.8305
Epoch: 2, Batch: 2010, Acc: 22.37%, Loss: 1.8057
Epoch: 2, Batch: 2020, Acc: 22.38%, Loss: 1.7924
Epoch: 2, Batch: 2030, Acc: 22.39%, Loss: 1.8075
Epoch: 2, Batch: 2040, Acc: 22.39%, Loss: 1.8161
Epoch: 2, Batch: 2050, Acc: 22.40%, Loss: 1.8395
Epoch: 2, Batch: 2060, Acc: 22.41%, Loss: 1.8114
Epoch: 2, Batch: 2070, Acc: 22.42%, Loss: 1.8094
Epoch: 2, Batch: 2080, Acc: 22.42%, Loss: 1.8018
Epoch: 2, Batch: 2090, Acc: 22.43%, Loss: 1.8500
Epoch: 2, Batch: 2100, Acc: 22.43%, Loss: 1.8328
Epoch: 2, Batch: 2110, Acc: 22.43%, Loss: 1.8187
Epoch: 2, Batch: 2120, Acc: 22.43%, Loss: 1.8331
Epoch: 2, Batch: 2130, Acc: 22.44%, Loss: 1.8088
Epoch: 2, Batch: 2140, Acc: 22.44%, Loss: 1.8469
Epoch: 2, Batch: 2150, Acc: 22.45%, Loss: 1.7837
Epoch: 2, Batch: 2160, Acc: 22.44%, Loss: 1.8323
Epoch: 2, Batch: 2170, Acc: 22.44%, Loss: 1.8117
Epoch: 2, Batch: 2180, Acc: 22.43%, Loss: 1.8530
Epoch: 2, Batch: 2190, Acc: 22.43%, Loss: 1.7927
Epoch: 2, Batch: 2200, Acc: 22.43%, Loss: 1.8714
Epoch: 2, Batch: 2210, Acc: 22.44%, Loss: 1.7830
Epoch: 2, Batch: 2220, Acc: 22.45%, Loss: 1.8133
Epoch: 2, Batch: 2230, Acc: 22.46%, Loss: 1.8296
Epoch: 2, Batch: 2240, Acc: 22.47%, Loss: 1.7936
Epoch: 2, Batch: 2250, Acc: 22.47%, Loss: 1.7835
Epoch: 2, Batch: 2260, Acc: 22.48%, Loss: 1.8151
Epoch: 2, Batch: 2270, Acc: 22.48%, Loss: 1.8417
Epoch: 2, Batch: 2280, Acc: 22.48%, Loss: 1.8240
Epoch: 2, Batch: 2290, Acc: 22.48%, Loss: 1.8377
Epoch: 2, Batch: 2300, Acc: 22.48%, Loss: 1.8235
Epoch: 2, Batch: 2310, Acc: 22.49%, Loss: 1.7864
Epoch: 2, Batch: 2320, Acc: 22.48%, Loss: 1.8194
Epoch: 2, Batch: 2330, Acc: 22.48%, Loss: 1.8117
Epoch: 2, Batch: 2340, Acc: 22.48%, Loss: 1.8241
Epoch: 2, Batch: 2350, Acc: 22.49%, Loss: 1.8202
Epoch: 2, Batch: 2360, Acc: 22.49%, Loss: 1.7931
Epoch: 2, Batch: 2370, Acc: 22.51%, Loss: 1.7908
Epoch: 2, Batch: 2380, Acc: 22.50%, Loss: 1.8436
Epoch: 2, Batch: 2390, Acc: 22.51%, Loss: 1.8027
Epoch: 2, Batch: 2400, Acc: 22.51%, Loss: 1.8144
Epoch: 2, Batch: 2410, Acc: 22.51%, Loss: 1.8417
Epoch: 2, Batch: 2420, Acc: 22.50%, Loss: 1.8346
Epoch: 2, Batch: 2430, Acc: 22.51%, Loss: 1.8070
Epoch: 2, Batch: 2440, Acc: 22.50%, Loss: 1.8361
Epoch: 2, Batch: 2450, Acc: 22.50%, Loss: 1.8470
Epoch: 2, Batch: 2460, Acc: 22.50%, Loss: 1.7874
Epoch: 2, Batch: 2470, Acc: 22.49%, Loss: 1.8236
Epoch: 2, Batch: 2480, Acc: 22.49%, Loss: 1.8530
Epoch: 2, Batch: 2490, Acc: 22.49%, Loss: 1.8046
Epoch: 2, Batch: 2500, Acc: 22.49%, Loss: 1.8118
Epoch: 2, Batch: 2510, Acc: 22.50%, Loss: 1.7909
Epoch: 2, Batch: 2520, Acc: 22.50%, Loss: 1.8098
Epoch: 2, Batch: 2530, Acc: 22.52%, Loss: 1.7685
Epoch: 2, Batch: 2540, Acc: 22.53%, Loss: 1.7902
Epoch: 2, Batch: 2550, Acc: 22.53%, Loss: 1.8125
Epoch: 2, Batch: 2560, Acc: 22.53%, Loss: 1.8363
Epoch: 2, Batch: 2570, Acc: 22.53%, Loss: 1.8577
Epoch: 2, Batch: 2580, Acc: 22.53%, Loss: 1.8028
Epoch: 2, Batch: 2590, Acc: 22.53%, Loss: 1.8339
Epoch: 2, Batch: 2600, Acc: 22.53%, Loss: 1.8014
Epoch: 2, Batch: 2610, Acc: 22.54%, Loss: 1.8061
Epoch: 2, Batch: 2620, Acc: 22.54%, Loss: 1.8499
Epoch: 2, Batch: 2630, Acc: 22.55%, Loss: 1.8022
Epoch: 2, Batch: 2640, Acc: 22.56%, Loss: 1.7823
Epoch: 2, Batch: 2650, Acc: 22.56%, Loss: 1.8057
Epoch: 2, Batch: 2660, Acc: 22.56%, Loss: 1.8203
Epoch: 2, Batch: 2670, Acc: 22.56%, Loss: 1.8512
Epoch: 2, Batch: 2680, Acc: 22.57%, Loss: 1.8053
Epoch: 2, Batch: 2690, Acc: 22.57%, Loss: 1.8209
Epoch: 2, Batch: 2700, Acc: 22.57%, Loss: 1.8145
Epoch: 2, Batch: 2710, Acc: 22.58%, Loss: 1.7885
Epoch: 2, Batch: 2720, Acc: 22.57%, Loss: 1.8499
Epoch: 2, Batch: 2730, Acc: 22.58%, Loss: 1.8053
Epoch: 2, Batch: 2740, Acc: 22.57%, Loss: 1.8612
Epoch: 2, Batch: 2750, Acc: 22.57%, Loss: 1.8206
Epoch: 2, Batch: 2760, Acc: 22.57%, Loss: 1.8341
Epoch: 2, Batch: 2770, Acc: 22.58%, Loss: 1.7661
Epoch: 2, Batch: 2780, Acc: 22.58%, Loss: 1.8322
Epoch: 2, Batch: 2790, Acc: 22.58%, Loss: 1.8217
Epoch: 2, Batch: 2800, Acc: 22.59%, Loss: 1.7922
Epoch: 2, Batch: 2810, Acc: 22.59%, Loss: 1.7877
Epoch: 2, Batch: 2820, Acc: 22.60%, Loss: 1.7951
Epoch: 2, Batch: 2830, Acc: 22.60%, Loss: 1.8172
Epoch: 2, Batch: 2840, Acc: 22.61%, Loss: 1.8113
Epoch: 2, Batch: 2850, Acc: 22.60%, Loss: 1.8609
Epoch: 2, Batch: 2860, Acc: 22.61%, Loss: 1.8174
Epoch: 2, Batch: 2870, Acc: 22.62%, Loss: 1.8087
Epoch: 2, Batch: 2880, Acc: 22.61%, Loss: 1.8320
Accuracy on test set: 43.82%, Val loss: 2.3438
Epoch 2: train_loss=1.8229, val_acc=43.82, best_val_acc=43.82, es_counter=0
Epoch: 3, Batch: 10, Acc: 23.91%, Loss: 1.8034
Epoch: 3, Batch: 20, Acc: 22.19%, Loss: 1.8201
Epoch: 3, Batch: 30, Acc: 22.97%, Loss: 1.8008
Epoch: 3, Batch: 40, Acc: 23.24%, Loss: 1.8326
Epoch: 3, Batch: 50, Acc: 23.25%, Loss: 1.8299
Epoch: 3, Batch: 60, Acc: 22.97%, Loss: 1.8240
Epoch: 3, Batch: 70, Acc: 23.17%, Loss: 1.7876
Epoch: 3, Batch: 80, Acc: 22.95%, Loss: 1.8548
Epoch: 3, Batch: 90, Acc: 23.09%, Loss: 1.7892
Epoch: 3, Batch: 100, Acc: 23.44%, Loss: 1.8013
Epoch: 3, Batch: 110, Acc: 23.38%, Loss: 1.8131
Epoch: 3, Batch: 120, Acc: 23.35%, Loss: 1.8025
Epoch: 3, Batch: 130, Acc: 23.32%, Loss: 1.8125
Epoch: 3, Batch: 140, Acc: 23.47%, Loss: 1.7787
Epoch: 3, Batch: 150, Acc: 23.29%, Loss: 1.8358
Epoch: 3, Batch: 160, Acc: 23.30%, Loss: 1.8043
Epoch: 3, Batch: 170, Acc: 23.23%, Loss: 1.8167
Epoch: 3, Batch: 180, Acc: 23.46%, Loss: 1.8038
Epoch: 3, Batch: 190, Acc: 23.46%, Loss: 1.8510
Epoch: 3, Batch: 200, Acc: 23.45%, Loss: 1.8461
Epoch: 3, Batch: 210, Acc: 23.50%, Loss: 1.8009
Epoch: 3, Batch: 220, Acc: 23.45%, Loss: 1.8025
Epoch: 3, Batch: 230, Acc: 23.39%, Loss: 1.8712
Epoch: 3, Batch: 240, Acc: 23.38%, Loss: 1.8059
Epoch: 3, Batch: 250, Acc: 23.29%, Loss: 1.8267
Epoch: 3, Batch: 260, Acc: 23.33%, Loss: 1.7999
Epoch: 3, Batch: 270, Acc: 23.47%, Loss: 1.7715
Epoch: 3, Batch: 280, Acc: 23.49%, Loss: 1.8035
Epoch: 3, Batch: 290, Acc: 23.45%, Loss: 1.8081
Epoch: 3, Batch: 300, Acc: 23.39%, Loss: 1.8209
Epoch: 3, Batch: 310, Acc: 23.42%, Loss: 1.7590
Epoch: 3, Batch: 320, Acc: 23.43%, Loss: 1.8082
Epoch: 3, Batch: 330, Acc: 23.49%, Loss: 1.8030
Epoch: 3, Batch: 340, Acc: 23.49%, Loss: 1.7863
Epoch: 3, Batch: 350, Acc: 23.50%, Loss: 1.8011
Epoch: 3, Batch: 360, Acc: 23.52%, Loss: 1.8161
Epoch: 3, Batch: 370, Acc: 23.58%, Loss: 1.7922
Epoch: 3, Batch: 380, Acc: 23.53%, Loss: 1.8317
Epoch: 3, Batch: 390, Acc: 23.53%, Loss: 1.7989
Epoch: 3, Batch: 400, Acc: 23.61%, Loss: 1.7669
Epoch: 3, Batch: 410, Acc: 23.62%, Loss: 1.8484
Epoch: 3, Batch: 420, Acc: 23.61%, Loss: 1.7927
Epoch: 3, Batch: 430, Acc: 23.59%, Loss: 1.7951
Epoch: 3, Batch: 440, Acc: 23.57%, Loss: 1.8200
Epoch: 3, Batch: 450, Acc: 23.58%, Loss: 1.8299
Epoch: 3, Batch: 460, Acc: 23.60%, Loss: 1.8032
Epoch: 3, Batch: 470, Acc: 23.63%, Loss: 1.7817
Epoch: 3, Batch: 480, Acc: 23.64%, Loss: 1.7902
Epoch: 3, Batch: 490, Acc: 23.63%, Loss: 1.8274
Epoch: 3, Batch: 500, Acc: 23.60%, Loss: 1.8198
Epoch: 3, Batch: 510, Acc: 23.64%, Loss: 1.7711
Epoch: 3, Batch: 520, Acc: 23.68%, Loss: 1.8125
Epoch: 3, Batch: 530, Acc: 23.66%, Loss: 1.8228
Epoch: 3, Batch: 540, Acc: 23.59%, Loss: 1.8421
Epoch: 3, Batch: 550, Acc: 23.64%, Loss: 1.7426
Epoch: 3, Batch: 560, Acc: 23.63%, Loss: 1.8103
Epoch: 3, Batch: 570, Acc: 23.63%, Loss: 1.8061
Epoch: 3, Batch: 580, Acc: 23.61%, Loss: 1.8057
Epoch: 3, Batch: 590, Acc: 23.56%, Loss: 1.8206
Epoch: 3, Batch: 600, Acc: 23.57%, Loss: 1.8242
Epoch: 3, Batch: 610, Acc: 23.61%, Loss: 1.8213
Epoch: 3, Batch: 620, Acc: 23.66%, Loss: 1.7856
Epoch: 3, Batch: 630, Acc: 23.66%, Loss: 1.8140
Epoch: 3, Batch: 640, Acc: 23.62%, Loss: 1.8426
Epoch: 3, Batch: 650, Acc: 23.64%, Loss: 1.8007
Epoch: 3, Batch: 660, Acc: 23.64%, Loss: 1.7942
Epoch: 3, Batch: 670, Acc: 23.60%, Loss: 1.8286
Epoch: 3, Batch: 680, Acc: 23.61%, Loss: 1.8131
Epoch: 3, Batch: 690, Acc: 23.59%, Loss: 1.8256
Epoch: 3, Batch: 700, Acc: 23.61%, Loss: 1.7889
Epoch: 3, Batch: 710, Acc: 23.63%, Loss: 1.8180
Epoch: 3, Batch: 720, Acc: 23.65%, Loss: 1.8015
Epoch: 3, Batch: 730, Acc: 23.63%, Loss: 1.8501
Epoch: 3, Batch: 740, Acc: 23.65%, Loss: 1.8051
Epoch: 3, Batch: 750, Acc: 23.65%, Loss: 1.7874
Epoch: 3, Batch: 760, Acc: 23.67%, Loss: 1.8115
Epoch: 3, Batch: 770, Acc: 23.66%, Loss: 1.8046
Epoch: 3, Batch: 780, Acc: 23.66%, Loss: 1.7875
Epoch: 3, Batch: 790, Acc: 23.66%, Loss: 1.7843
Epoch: 3, Batch: 800, Acc: 23.65%, Loss: 1.7964
Epoch: 3, Batch: 810, Acc: 23.66%, Loss: 1.8183
Epoch: 3, Batch: 820, Acc: 23.65%, Loss: 1.7737
Epoch: 3, Batch: 830, Acc: 23.65%, Loss: 1.7982
Epoch: 3, Batch: 840, Acc: 23.65%, Loss: 1.8151
Epoch: 3, Batch: 850, Acc: 23.65%, Loss: 1.8247
Epoch: 3, Batch: 860, Acc: 23.64%, Loss: 1.8102
Epoch: 3, Batch: 870, Acc: 23.65%, Loss: 1.8092
Epoch: 3, Batch: 880, Acc: 23.68%, Loss: 1.7904
Epoch: 3, Batch: 890, Acc: 23.66%, Loss: 1.8163
Epoch: 3, Batch: 900, Acc: 23.68%, Loss: 1.7773
Epoch: 3, Batch: 910, Acc: 23.70%, Loss: 1.7894
Epoch: 3, Batch: 920, Acc: 23.72%, Loss: 1.7854
Epoch: 3, Batch: 930, Acc: 23.71%, Loss: 1.8419
Epoch: 3, Batch: 940, Acc: 23.71%, Loss: 1.8202
Epoch: 3, Batch: 950, Acc: 23.69%, Loss: 1.8405
Epoch: 3, Batch: 960, Acc: 23.69%, Loss: 1.8122
Epoch: 3, Batch: 970, Acc: 23.71%, Loss: 1.7806
Epoch: 3, Batch: 980, Acc: 23.73%, Loss: 1.8039
Epoch: 3, Batch: 990, Acc: 23.73%, Loss: 1.7798
Epoch: 3, Batch: 1000, Acc: 23.73%, Loss: 1.8277
Epoch: 3, Batch: 1010, Acc: 23.73%, Loss: 1.8009
Epoch: 3, Batch: 1020, Acc: 23.74%, Loss: 1.7797
Epoch: 3, Batch: 1030, Acc: 23.77%, Loss: 1.7885
Epoch: 3, Batch: 1040, Acc: 23.77%, Loss: 1.7887
Epoch: 3, Batch: 1050, Acc: 23.80%, Loss: 1.7503
Epoch: 3, Batch: 1060, Acc: 23.80%, Loss: 1.7896
Epoch: 3, Batch: 1070, Acc: 23.80%, Loss: 1.8279
Epoch: 3, Batch: 1080, Acc: 23.78%, Loss: 1.8407
Epoch: 3, Batch: 1090, Acc: 23.76%, Loss: 1.8588
Epoch: 3, Batch: 1100, Acc: 23.76%, Loss: 1.8059
Epoch: 3, Batch: 1110, Acc: 23.76%, Loss: 1.8194
Epoch: 3, Batch: 1120, Acc: 23.77%, Loss: 1.7886
Epoch: 3, Batch: 1130, Acc: 23.76%, Loss: 1.8115
Epoch: 3, Batch: 1140, Acc: 23.77%, Loss: 1.7802
Epoch: 3, Batch: 1150, Acc: 23.77%, Loss: 1.7878
Epoch: 3, Batch: 1160, Acc: 23.78%, Loss: 1.8031
Epoch: 3, Batch: 1170, Acc: 23.77%, Loss: 1.8213
Epoch: 3, Batch: 1180, Acc: 23.78%, Loss: 1.8220
Epoch: 3, Batch: 1190, Acc: 23.76%, Loss: 1.8371
Epoch: 3, Batch: 1200, Acc: 23.76%, Loss: 1.8327
Epoch: 3, Batch: 1210, Acc: 23.74%, Loss: 1.8331
Epoch: 3, Batch: 1220, Acc: 23.72%, Loss: 1.8012
Epoch: 3, Batch: 1230, Acc: 23.73%, Loss: 1.7963
Epoch: 3, Batch: 1240, Acc: 23.73%, Loss: 1.8140
Epoch: 3, Batch: 1250, Acc: 23.70%, Loss: 1.8601
Epoch: 3, Batch: 1260, Acc: 23.71%, Loss: 1.8077
Epoch: 3, Batch: 1270, Acc: 23.70%, Loss: 1.8022
Epoch: 3, Batch: 1280, Acc: 23.71%, Loss: 1.7890
Epoch: 3, Batch: 1290, Acc: 23.71%, Loss: 1.7993
Epoch: 3, Batch: 1300, Acc: 23.70%, Loss: 1.8432
Epoch: 3, Batch: 1310, Acc: 23.71%, Loss: 1.7889
Epoch: 3, Batch: 1320, Acc: 23.73%, Loss: 1.7832
Epoch: 3, Batch: 1330, Acc: 23.73%, Loss: 1.8078
Epoch: 3, Batch: 1340, Acc: 23.74%, Loss: 1.7863
Epoch: 3, Batch: 1350, Acc: 23.71%, Loss: 1.8289
Epoch: 3, Batch: 1360, Acc: 23.70%, Loss: 1.8164
Epoch: 3, Batch: 1370, Acc: 23.70%, Loss: 1.8246
Epoch: 3, Batch: 1380, Acc: 23.69%, Loss: 1.8472
Epoch: 3, Batch: 1390, Acc: 23.67%, Loss: 1.8271
Epoch: 3, Batch: 1400, Acc: 23.68%, Loss: 1.8172
Epoch: 3, Batch: 1410, Acc: 23.67%, Loss: 1.8336
Epoch: 3, Batch: 1420, Acc: 23.66%, Loss: 1.8092
Epoch: 3, Batch: 1430, Acc: 23.64%, Loss: 1.8374
Epoch: 3, Batch: 1440, Acc: 23.65%, Loss: 1.8095
Epoch: 3, Batch: 1450, Acc: 23.63%, Loss: 1.8326
Epoch: 3, Batch: 1460, Acc: 23.63%, Loss: 1.8125
Epoch: 3, Batch: 1470, Acc: 23.66%, Loss: 1.7517
Epoch: 3, Batch: 1480, Acc: 23.66%, Loss: 1.7931
Epoch: 3, Batch: 1490, Acc: 23.65%, Loss: 1.8140
Epoch: 3, Batch: 1500, Acc: 23.65%, Loss: 1.8037
Epoch: 3, Batch: 1510, Acc: 23.66%, Loss: 1.8237
Epoch: 3, Batch: 1520, Acc: 23.64%, Loss: 1.8472
Epoch: 3, Batch: 1530, Acc: 23.65%, Loss: 1.8227
Epoch: 3, Batch: 1540, Acc: 23.66%, Loss: 1.7682
Epoch: 3, Batch: 1550, Acc: 23.67%, Loss: 1.7908
Epoch: 3, Batch: 1560, Acc: 23.68%, Loss: 1.7950
Epoch: 3, Batch: 1570, Acc: 23.66%, Loss: 1.8666
Epoch: 3, Batch: 1580, Acc: 23.66%, Loss: 1.7882
Epoch: 3, Batch: 1590, Acc: 23.65%, Loss: 1.8421
Epoch: 3, Batch: 1600, Acc: 23.66%, Loss: 1.8074
Epoch: 3, Batch: 1610, Acc: 23.67%, Loss: 1.7966
Epoch: 3, Batch: 1620, Acc: 23.64%, Loss: 1.8482
Epoch: 3, Batch: 1630, Acc: 23.65%, Loss: 1.8054
Epoch: 3, Batch: 1640, Acc: 23.66%, Loss: 1.7966
Epoch: 3, Batch: 1650, Acc: 23.65%, Loss: 1.8334
Epoch: 3, Batch: 1660, Acc: 23.64%, Loss: 1.8142
Epoch: 3, Batch: 1670, Acc: 23.63%, Loss: 1.8234
Epoch: 3, Batch: 1680, Acc: 23.64%, Loss: 1.7779
Epoch: 3, Batch: 1690, Acc: 23.67%, Loss: 1.7750
Epoch: 3, Batch: 1700, Acc: 23.65%, Loss: 1.8367
Epoch: 3, Batch: 1710, Acc: 23.64%, Loss: 1.7994
Epoch: 3, Batch: 1720, Acc: 23.64%, Loss: 1.8293
Epoch: 3, Batch: 1730, Acc: 23.65%, Loss: 1.8277
Epoch: 3, Batch: 1740, Acc: 23.67%, Loss: 1.8058
Epoch: 3, Batch: 1750, Acc: 23.67%, Loss: 1.7878
Epoch: 3, Batch: 1760, Acc: 23.67%, Loss: 1.8173
Epoch: 3, Batch: 1770, Acc: 23.66%, Loss: 1.8075
Epoch: 3, Batch: 1780, Acc: 23.67%, Loss: 1.8328
Epoch: 3, Batch: 1790, Acc: 23.67%, Loss: 1.7948
Epoch: 3, Batch: 1800, Acc: 23.67%, Loss: 1.7983
Epoch: 3, Batch: 1810, Acc: 23.67%, Loss: 1.8058
Epoch: 3, Batch: 1820, Acc: 23.69%, Loss: 1.7356
Epoch: 3, Batch: 1830, Acc: 23.69%, Loss: 1.8061
Epoch: 3, Batch: 1840, Acc: 23.68%, Loss: 1.8309
Epoch: 3, Batch: 1850, Acc: 23.67%, Loss: 1.8150
Epoch: 3, Batch: 1860, Acc: 23.67%, Loss: 1.7989
Epoch: 3, Batch: 1870, Acc: 23.67%, Loss: 1.8039
Epoch: 3, Batch: 1880, Acc: 23.68%, Loss: 1.8074
Epoch: 3, Batch: 1890, Acc: 23.67%, Loss: 1.8198
Epoch: 3, Batch: 1900, Acc: 23.67%, Loss: 1.7918
Epoch: 3, Batch: 1910, Acc: 23.67%, Loss: 1.7837
Epoch: 3, Batch: 1920, Acc: 23.67%, Loss: 1.8072
Epoch: 3, Batch: 1930, Acc: 23.67%, Loss: 1.7956
Epoch: 3, Batch: 1940, Acc: 23.67%, Loss: 1.7947
Epoch: 3, Batch: 1950, Acc: 23.67%, Loss: 1.8159
Epoch: 3, Batch: 1960, Acc: 23.68%, Loss: 1.7660
Epoch: 3, Batch: 1970, Acc: 23.67%, Loss: 1.8280
Epoch: 3, Batch: 1980, Acc: 23.69%, Loss: 1.7543
Epoch: 3, Batch: 1990, Acc: 23.69%, Loss: 1.7959
Epoch: 3, Batch: 2000, Acc: 23.69%, Loss: 1.8200
Epoch: 3, Batch: 2010, Acc: 23.68%, Loss: 1.8390
Epoch: 3, Batch: 2020, Acc: 23.69%, Loss: 1.7904
Epoch: 3, Batch: 2030, Acc: 23.69%, Loss: 1.8167
Epoch: 3, Batch: 2040, Acc: 23.67%, Loss: 1.8407
Epoch: 3, Batch: 2050, Acc: 23.69%, Loss: 1.7741
Epoch: 3, Batch: 2060, Acc: 23.70%, Loss: 1.7657
Epoch: 3, Batch: 2070, Acc: 23.70%, Loss: 1.7674
Epoch: 3, Batch: 2080, Acc: 23.70%, Loss: 1.8242
Epoch: 3, Batch: 2090, Acc: 23.69%, Loss: 1.8081
Epoch: 3, Batch: 2100, Acc: 23.68%, Loss: 1.8269
Epoch: 3, Batch: 2110, Acc: 23.68%, Loss: 1.8037
Epoch: 3, Batch: 2120, Acc: 23.67%, Loss: 1.8251
Epoch: 3, Batch: 2130, Acc: 23.67%, Loss: 1.8096
Epoch: 3, Batch: 2140, Acc: 23.67%, Loss: 1.8010
Epoch: 3, Batch: 2150, Acc: 23.67%, Loss: 1.8340
Epoch: 3, Batch: 2160, Acc: 23.68%, Loss: 1.7766
Epoch: 3, Batch: 2170, Acc: 23.68%, Loss: 1.8018
Epoch: 3, Batch: 2180, Acc: 23.69%, Loss: 1.7873
Epoch: 3, Batch: 2190, Acc: 23.67%, Loss: 1.8405
Epoch: 3, Batch: 2200, Acc: 23.67%, Loss: 1.8286
Epoch: 3, Batch: 2210, Acc: 23.67%, Loss: 1.7941
Epoch: 3, Batch: 2220, Acc: 23.68%, Loss: 1.8095
Epoch: 3, Batch: 2230, Acc: 23.69%, Loss: 1.7729
Epoch: 3, Batch: 2240, Acc: 23.68%, Loss: 1.8324
Epoch: 3, Batch: 2250, Acc: 23.69%, Loss: 1.8155
Epoch: 3, Batch: 2260, Acc: 23.69%, Loss: 1.7924
Epoch: 3, Batch: 2270, Acc: 23.69%, Loss: 1.7972
Epoch: 3, Batch: 2280, Acc: 23.68%, Loss: 1.8153
Epoch: 3, Batch: 2290, Acc: 23.68%, Loss: 1.8106
Epoch: 3, Batch: 2300, Acc: 23.68%, Loss: 1.8227
Epoch: 3, Batch: 2310, Acc: 23.67%, Loss: 1.8279
Epoch: 3, Batch: 2320, Acc: 23.66%, Loss: 1.8733
Epoch: 3, Batch: 2330, Acc: 23.66%, Loss: 1.7936
Epoch: 3, Batch: 2340, Acc: 23.66%, Loss: 1.7940
Epoch: 3, Batch: 2350, Acc: 23.66%, Loss: 1.8004
Epoch: 3, Batch: 2360, Acc: 23.64%, Loss: 1.8460
Epoch: 3, Batch: 2370, Acc: 23.65%, Loss: 1.8166
Epoch: 3, Batch: 2380, Acc: 23.65%, Loss: 1.7837
Epoch: 3, Batch: 2390, Acc: 23.65%, Loss: 1.7911
Epoch: 3, Batch: 2400, Acc: 23.64%, Loss: 1.8445
Epoch: 3, Batch: 2410, Acc: 23.63%, Loss: 1.8333
Epoch: 3, Batch: 2420, Acc: 23.63%, Loss: 1.7983
Epoch: 3, Batch: 2430, Acc: 23.63%, Loss: 1.8352
Epoch: 3, Batch: 2440, Acc: 23.62%, Loss: 1.8574
Epoch: 3, Batch: 2450, Acc: 23.63%, Loss: 1.7796
Epoch: 3, Batch: 2460, Acc: 23.63%, Loss: 1.8049
Epoch: 3, Batch: 2470, Acc: 23.63%, Loss: 1.8265
Epoch: 3, Batch: 2480, Acc: 23.63%, Loss: 1.8167
Epoch: 3, Batch: 2490, Acc: 23.62%, Loss: 1.8278
Epoch: 3, Batch: 2500, Acc: 23.62%, Loss: 1.8247
Epoch: 3, Batch: 2510, Acc: 23.63%, Loss: 1.7745
Epoch: 3, Batch: 2520, Acc: 23.62%, Loss: 1.8006
Epoch: 3, Batch: 2530, Acc: 23.62%, Loss: 1.7687
Epoch: 3, Batch: 2540, Acc: 23.61%, Loss: 1.8677
Epoch: 3, Batch: 2550, Acc: 23.61%, Loss: 1.8094
Epoch: 3, Batch: 2560, Acc: 23.61%, Loss: 1.8029
Epoch: 3, Batch: 2570, Acc: 23.60%, Loss: 1.8360
Epoch: 3, Batch: 2580, Acc: 23.59%, Loss: 1.8162
Epoch: 3, Batch: 2590, Acc: 23.60%, Loss: 1.8024
Epoch: 3, Batch: 2600, Acc: 23.61%, Loss: 1.7972
Epoch: 3, Batch: 2610, Acc: 23.60%, Loss: 1.8237
Epoch: 3, Batch: 2620, Acc: 23.59%, Loss: 1.8212
Epoch: 3, Batch: 2630, Acc: 23.58%, Loss: 1.8323
Epoch: 3, Batch: 2640, Acc: 23.58%, Loss: 1.8306
Epoch: 3, Batch: 2650, Acc: 23.57%, Loss: 1.7994
Epoch: 3, Batch: 2660, Acc: 23.58%, Loss: 1.7952
Epoch: 3, Batch: 2670, Acc: 23.57%, Loss: 1.8284
Epoch: 3, Batch: 2680, Acc: 23.58%, Loss: 1.8029
Epoch: 3, Batch: 2690, Acc: 23.58%, Loss: 1.7858
Epoch: 3, Batch: 2700, Acc: 23.57%, Loss: 1.8104
Epoch: 3, Batch: 2710, Acc: 23.58%, Loss: 1.7829
Epoch: 3, Batch: 2720, Acc: 23.59%, Loss: 1.7925
Epoch: 3, Batch: 2730, Acc: 23.58%, Loss: 1.8518
Epoch: 3, Batch: 2740, Acc: 23.59%, Loss: 1.7678
Epoch: 3, Batch: 2750, Acc: 23.59%, Loss: 1.7925
Epoch: 3, Batch: 2760, Acc: 23.59%, Loss: 1.8116
Epoch: 3, Batch: 2770, Acc: 23.59%, Loss: 1.7972
Epoch: 3, Batch: 2780, Acc: 23.58%, Loss: 1.8179
Epoch: 3, Batch: 2790, Acc: 23.57%, Loss: 1.8183
Epoch: 3, Batch: 2800, Acc: 23.58%, Loss: 1.7858
Epoch: 3, Batch: 2810, Acc: 23.58%, Loss: 1.7845
Epoch: 3, Batch: 2820, Acc: 23.58%, Loss: 1.8250
Epoch: 3, Batch: 2830, Acc: 23.58%, Loss: 1.7961
Epoch: 3, Batch: 2840, Acc: 23.58%, Loss: 1.8052
Epoch: 3, Batch: 2850, Acc: 23.58%, Loss: 1.7997
Epoch: 3, Batch: 2860, Acc: 23.58%, Loss: 1.8290
Epoch: 3, Batch: 2870, Acc: 23.58%, Loss: 1.7719
Epoch: 3, Batch: 2880, Acc: 23.60%, Loss: 1.7916
Accuracy on test set: 44.63%, Val loss: 2.2991
Epoch 3: train_loss=1.8086, val_acc=44.63, best_val_acc=44.63, es_counter=0
Epoch: 4, Batch: 10, Acc: 21.41%, Loss: 1.8575
Epoch: 4, Batch: 20, Acc: 22.97%, Loss: 1.7972
Epoch: 4, Batch: 30, Acc: 23.39%, Loss: 1.7818
Epoch: 4, Batch: 40, Acc: 23.24%, Loss: 1.8350
Epoch: 4, Batch: 50, Acc: 23.62%, Loss: 1.7675
Epoch: 4, Batch: 60, Acc: 23.93%, Loss: 1.7781
Epoch: 4, Batch: 70, Acc: 23.84%, Loss: 1.7928
Epoch: 4, Batch: 80, Acc: 23.77%, Loss: 1.8250
Epoch: 4, Batch: 90, Acc: 24.10%, Loss: 1.7600
Epoch: 4, Batch: 100, Acc: 23.97%, Loss: 1.7941
Epoch: 4, Batch: 110, Acc: 23.93%, Loss: 1.8188
Epoch: 4, Batch: 120, Acc: 23.88%, Loss: 1.8189
Epoch: 4, Batch: 130, Acc: 23.89%, Loss: 1.8000
Epoch: 4, Batch: 140, Acc: 24.01%, Loss: 1.7659
Epoch: 4, Batch: 150, Acc: 24.12%, Loss: 1.7960
Epoch: 4, Batch: 160, Acc: 23.96%, Loss: 1.8623
Epoch: 4, Batch: 170, Acc: 23.86%, Loss: 1.8002
Epoch: 4, Batch: 180, Acc: 24.05%, Loss: 1.7402
Epoch: 4, Batch: 190, Acc: 24.12%, Loss: 1.8069
Epoch: 4, Batch: 200, Acc: 24.11%, Loss: 1.8008
Epoch: 4, Batch: 210, Acc: 24.08%, Loss: 1.8143
Epoch: 4, Batch: 220, Acc: 24.07%, Loss: 1.7949
Epoch: 4, Batch: 230, Acc: 24.01%, Loss: 1.8099
Epoch: 4, Batch: 240, Acc: 23.91%, Loss: 1.7920
Epoch: 4, Batch: 250, Acc: 23.94%, Loss: 1.7748
Epoch: 4, Batch: 260, Acc: 23.85%, Loss: 1.8266
Epoch: 4, Batch: 270, Acc: 23.85%, Loss: 1.8001
Epoch: 4, Batch: 280, Acc: 23.82%, Loss: 1.8137
Epoch: 4, Batch: 290, Acc: 23.79%, Loss: 1.8230
Epoch: 4, Batch: 300, Acc: 23.84%, Loss: 1.7728
Epoch: 4, Batch: 310, Acc: 23.81%, Loss: 1.8198
Epoch: 4, Batch: 320, Acc: 23.81%, Loss: 1.8082
Epoch: 4, Batch: 330, Acc: 23.82%, Loss: 1.7811
Epoch: 4, Batch: 340, Acc: 23.89%, Loss: 1.7878
Epoch: 4, Batch: 350, Acc: 23.88%, Loss: 1.7792
Epoch: 4, Batch: 360, Acc: 23.89%, Loss: 1.7981
Epoch: 4, Batch: 370, Acc: 23.83%, Loss: 1.8426
Epoch: 4, Batch: 380, Acc: 23.89%, Loss: 1.7646
Epoch: 4, Batch: 390, Acc: 23.86%, Loss: 1.7757
Epoch: 4, Batch: 400, Acc: 23.86%, Loss: 1.7988
Epoch: 4, Batch: 410, Acc: 23.89%, Loss: 1.7874
Epoch: 4, Batch: 420, Acc: 23.85%, Loss: 1.8134
Epoch: 4, Batch: 430, Acc: 23.81%, Loss: 1.8592
Epoch: 4, Batch: 440, Acc: 23.81%, Loss: 1.7722
Epoch: 4, Batch: 450, Acc: 23.81%, Loss: 1.7893
Epoch: 4, Batch: 460, Acc: 23.79%, Loss: 1.8306
Epoch: 4, Batch: 470, Acc: 23.83%, Loss: 1.7623
Epoch: 4, Batch: 480, Acc: 23.87%, Loss: 1.7668
Epoch: 4, Batch: 490, Acc: 23.86%, Loss: 1.8162
Epoch: 4, Batch: 500, Acc: 23.84%, Loss: 1.8342
Epoch: 4, Batch: 510, Acc: 23.77%, Loss: 1.8142
Epoch: 4, Batch: 520, Acc: 23.78%, Loss: 1.8312
Epoch: 4, Batch: 530, Acc: 23.77%, Loss: 1.8311
Epoch: 4, Batch: 540, Acc: 23.75%, Loss: 1.8231
Epoch: 4, Batch: 550, Acc: 23.75%, Loss: 1.8092
Epoch: 4, Batch: 560, Acc: 23.73%, Loss: 1.8028
Epoch: 4, Batch: 570, Acc: 23.70%, Loss: 1.8203
Epoch: 4, Batch: 580, Acc: 23.73%, Loss: 1.7945
Epoch: 4, Batch: 590, Acc: 23.74%, Loss: 1.7930
Epoch: 4, Batch: 600, Acc: 23.73%, Loss: 1.8209
Epoch: 4, Batch: 610, Acc: 23.76%, Loss: 1.7987
Epoch: 4, Batch: 620, Acc: 23.76%, Loss: 1.7965
Epoch: 4, Batch: 630, Acc: 23.77%, Loss: 1.8151
Epoch: 4, Batch: 640, Acc: 23.75%, Loss: 1.8259
Epoch: 4, Batch: 650, Acc: 23.72%, Loss: 1.7875
Epoch: 4, Batch: 660, Acc: 23.75%, Loss: 1.8043
Epoch: 4, Batch: 670, Acc: 23.78%, Loss: 1.7464
Epoch: 4, Batch: 680, Acc: 23.81%, Loss: 1.7815
Epoch: 4, Batch: 690, Acc: 23.80%, Loss: 1.8054
Epoch: 4, Batch: 700, Acc: 23.79%, Loss: 1.8030
Epoch: 4, Batch: 710, Acc: 23.79%, Loss: 1.7876
Epoch: 4, Batch: 720, Acc: 23.82%, Loss: 1.7871
Epoch: 4, Batch: 730, Acc: 23.85%, Loss: 1.7852
Epoch: 4, Batch: 740, Acc: 23.86%, Loss: 1.7877
Epoch: 4, Batch: 750, Acc: 23.81%, Loss: 1.8140
Epoch: 4, Batch: 760, Acc: 23.79%, Loss: 1.8280
Epoch: 4, Batch: 770, Acc: 23.75%, Loss: 1.8499
Epoch: 4, Batch: 780, Acc: 23.73%, Loss: 1.8122
Epoch: 4, Batch: 790, Acc: 23.71%, Loss: 1.8224
Epoch: 4, Batch: 800, Acc: 23.69%, Loss: 1.8121
Epoch: 4, Batch: 810, Acc: 23.67%, Loss: 1.8052
Epoch: 4, Batch: 820, Acc: 23.68%, Loss: 1.7920
Epoch: 4, Batch: 830, Acc: 23.70%, Loss: 1.7866
Epoch: 4, Batch: 840, Acc: 23.71%, Loss: 1.8007
Epoch: 4, Batch: 850, Acc: 23.72%, Loss: 1.8092
Epoch: 4, Batch: 860, Acc: 23.70%, Loss: 1.8188
Epoch: 4, Batch: 870, Acc: 23.71%, Loss: 1.7893
Epoch: 4, Batch: 880, Acc: 23.71%, Loss: 1.8014
Epoch: 4, Batch: 890, Acc: 23.75%, Loss: 1.7616
Epoch: 4, Batch: 900, Acc: 23.75%, Loss: 1.8065
Epoch: 4, Batch: 910, Acc: 23.77%, Loss: 1.8144
Epoch: 4, Batch: 920, Acc: 23.74%, Loss: 1.8292
Epoch: 4, Batch: 930, Acc: 23.70%, Loss: 1.8361
Epoch: 4, Batch: 940, Acc: 23.73%, Loss: 1.7657
Epoch: 4, Batch: 950, Acc: 23.73%, Loss: 1.7894
Epoch: 4, Batch: 960, Acc: 23.70%, Loss: 1.8349
Epoch: 4, Batch: 970, Acc: 23.74%, Loss: 1.7835
Epoch: 4, Batch: 980, Acc: 23.73%, Loss: 1.8069
Epoch: 4, Batch: 990, Acc: 23.72%, Loss: 1.8156
Epoch: 4, Batch: 1000, Acc: 23.69%, Loss: 1.8450
Epoch: 4, Batch: 1010, Acc: 23.67%, Loss: 1.8318
Epoch: 4, Batch: 1020, Acc: 23.65%, Loss: 1.8020
Epoch: 4, Batch: 1030, Acc: 23.63%, Loss: 1.8142
Epoch: 4, Batch: 1040, Acc: 23.62%, Loss: 1.8107
Epoch: 4, Batch: 1050, Acc: 23.62%, Loss: 1.8242
Epoch: 4, Batch: 1060, Acc: 23.63%, Loss: 1.8068
Epoch: 4, Batch: 1070, Acc: 23.63%, Loss: 1.8339
Epoch: 4, Batch: 1080, Acc: 23.61%, Loss: 1.8258
Epoch: 4, Batch: 1090, Acc: 23.64%, Loss: 1.7863
Epoch: 4, Batch: 1100, Acc: 23.62%, Loss: 1.7974
Epoch: 4, Batch: 1110, Acc: 23.62%, Loss: 1.8228
Epoch: 4, Batch: 1120, Acc: 23.63%, Loss: 1.7934
Epoch: 4, Batch: 1130, Acc: 23.64%, Loss: 1.8022
Epoch: 4, Batch: 1140, Acc: 23.63%, Loss: 1.7982
Epoch: 4, Batch: 1150, Acc: 23.65%, Loss: 1.7915
Epoch: 4, Batch: 1160, Acc: 23.66%, Loss: 1.8033
Epoch: 4, Batch: 1170, Acc: 23.68%, Loss: 1.8026
Epoch: 4, Batch: 1180, Acc: 23.72%, Loss: 1.7558
Epoch: 4, Batch: 1190, Acc: 23.71%, Loss: 1.7886
Epoch: 4, Batch: 1200, Acc: 23.71%, Loss: 1.7971
Epoch: 4, Batch: 1210, Acc: 23.71%, Loss: 1.7811
Epoch: 4, Batch: 1220, Acc: 23.71%, Loss: 1.7744
Epoch: 4, Batch: 1230, Acc: 23.72%, Loss: 1.8047
Epoch: 4, Batch: 1240, Acc: 23.70%, Loss: 1.8444
Epoch: 4, Batch: 1250, Acc: 23.71%, Loss: 1.7863
Epoch: 4, Batch: 1260, Acc: 23.69%, Loss: 1.8153
Epoch: 4, Batch: 1270, Acc: 23.68%, Loss: 1.8097
Epoch: 4, Batch: 1280, Acc: 23.67%, Loss: 1.8124
Epoch: 4, Batch: 1290, Acc: 23.67%, Loss: 1.8142
Epoch: 4, Batch: 1300, Acc: 23.67%, Loss: 1.7847
Epoch: 4, Batch: 1310, Acc: 23.66%, Loss: 1.8117
Epoch: 4, Batch: 1320, Acc: 23.65%, Loss: 1.8345
Epoch: 4, Batch: 1330, Acc: 23.68%, Loss: 1.7771
Epoch: 4, Batch: 1340, Acc: 23.68%, Loss: 1.8160
Epoch: 4, Batch: 1350, Acc: 23.66%, Loss: 1.8407
Epoch: 4, Batch: 1360, Acc: 23.65%, Loss: 1.8252
Epoch: 4, Batch: 1370, Acc: 23.64%, Loss: 1.8340
Epoch: 4, Batch: 1380, Acc: 23.62%, Loss: 1.8187
Epoch: 4, Batch: 1390, Acc: 23.63%, Loss: 1.8006
Epoch: 4, Batch: 1400, Acc: 23.63%, Loss: 1.8042
Epoch: 4, Batch: 1410, Acc: 23.65%, Loss: 1.7724
Epoch: 4, Batch: 1420, Acc: 23.64%, Loss: 1.8266
Epoch: 4, Batch: 1430, Acc: 23.64%, Loss: 1.8015
Epoch: 4, Batch: 1440, Acc: 23.65%, Loss: 1.8135
Epoch: 4, Batch: 1450, Acc: 23.64%, Loss: 1.8295
Epoch: 4, Batch: 1460, Acc: 23.64%, Loss: 1.7909
Epoch: 4, Batch: 1470, Acc: 23.65%, Loss: 1.8072
Epoch: 4, Batch: 1480, Acc: 23.64%, Loss: 1.7862
Epoch: 4, Batch: 1490, Acc: 23.64%, Loss: 1.7957
Epoch: 4, Batch: 1500, Acc: 23.63%, Loss: 1.8222
Epoch: 4, Batch: 1510, Acc: 23.64%, Loss: 1.8249
Epoch: 4, Batch: 1520, Acc: 23.63%, Loss: 1.8211
Epoch: 4, Batch: 1530, Acc: 23.62%, Loss: 1.8105
Epoch: 4, Batch: 1540, Acc: 23.61%, Loss: 1.8259
Epoch: 4, Batch: 1550, Acc: 23.62%, Loss: 1.7778
Epoch: 4, Batch: 1560, Acc: 23.61%, Loss: 1.8289
Epoch: 4, Batch: 1570, Acc: 23.61%, Loss: 1.8133
Epoch: 4, Batch: 1580, Acc: 23.59%, Loss: 1.8231
Epoch: 4, Batch: 1590, Acc: 23.60%, Loss: 1.7864
Epoch: 4, Batch: 1600, Acc: 23.60%, Loss: 1.7988
Epoch: 4, Batch: 1610, Acc: 23.58%, Loss: 1.8190
Epoch: 4, Batch: 1620, Acc: 23.58%, Loss: 1.7946
Epoch: 4, Batch: 1630, Acc: 23.58%, Loss: 1.8309
Epoch: 4, Batch: 1640, Acc: 23.59%, Loss: 1.8043
Epoch: 4, Batch: 1650, Acc: 23.59%, Loss: 1.7845
Epoch: 4, Batch: 1660, Acc: 23.58%, Loss: 1.8135
Epoch: 4, Batch: 1670, Acc: 23.58%, Loss: 1.8233
Epoch: 4, Batch: 1680, Acc: 23.58%, Loss: 1.7858
Epoch: 4, Batch: 1690, Acc: 23.59%, Loss: 1.7919
Epoch: 4, Batch: 1700, Acc: 23.59%, Loss: 1.7837
Epoch: 4, Batch: 1710, Acc: 23.61%, Loss: 1.8075
Epoch: 4, Batch: 1720, Acc: 23.60%, Loss: 1.8166
Epoch: 4, Batch: 1730, Acc: 23.61%, Loss: 1.7857
Epoch: 4, Batch: 1740, Acc: 23.59%, Loss: 1.8333
Epoch: 4, Batch: 1750, Acc: 23.59%, Loss: 1.7856
Epoch: 4, Batch: 1760, Acc: 23.60%, Loss: 1.7682
Epoch: 4, Batch: 1770, Acc: 23.58%, Loss: 1.8161
Epoch: 4, Batch: 1780, Acc: 23.58%, Loss: 1.8278
Epoch: 4, Batch: 1790, Acc: 23.59%, Loss: 1.8046
Epoch: 4, Batch: 1800, Acc: 23.59%, Loss: 1.7958
Epoch: 4, Batch: 1810, Acc: 23.59%, Loss: 1.7900
Epoch: 4, Batch: 1820, Acc: 23.56%, Loss: 1.8626
Epoch: 4, Batch: 1830, Acc: 23.55%, Loss: 1.8366
Epoch: 4, Batch: 1840, Acc: 23.55%, Loss: 1.8049
Epoch: 4, Batch: 1850, Acc: 23.55%, Loss: 1.7817
Epoch: 4, Batch: 1860, Acc: 23.55%, Loss: 1.7862
Epoch: 4, Batch: 1870, Acc: 23.55%, Loss: 1.7896
Epoch: 4, Batch: 1880, Acc: 23.55%, Loss: 1.8053
Epoch: 4, Batch: 1890, Acc: 23.55%, Loss: 1.8433
Epoch: 4, Batch: 1900, Acc: 23.55%, Loss: 1.8129
Epoch: 4, Batch: 1910, Acc: 23.54%, Loss: 1.8023
Epoch: 4, Batch: 1920, Acc: 23.54%, Loss: 1.7921
Epoch: 4, Batch: 1930, Acc: 23.55%, Loss: 1.8132
Epoch: 4, Batch: 1940, Acc: 23.56%, Loss: 1.8161
Epoch: 4, Batch: 1950, Acc: 23.56%, Loss: 1.8018
Epoch: 4, Batch: 1960, Acc: 23.56%, Loss: 1.7962
Epoch: 4, Batch: 1970, Acc: 23.57%, Loss: 1.8235
Epoch: 4, Batch: 1980, Acc: 23.56%, Loss: 1.8297
Epoch: 4, Batch: 1990, Acc: 23.55%, Loss: 1.7888
Epoch: 4, Batch: 2000, Acc: 23.57%, Loss: 1.7591
Epoch: 4, Batch: 2010, Acc: 23.56%, Loss: 1.8088
Epoch: 4, Batch: 2020, Acc: 23.55%, Loss: 1.8368
Epoch: 4, Batch: 2030, Acc: 23.56%, Loss: 1.7788
Epoch: 4, Batch: 2040, Acc: 23.56%, Loss: 1.7867
Epoch: 4, Batch: 2050, Acc: 23.56%, Loss: 1.8186
Epoch: 4, Batch: 2060, Acc: 23.57%, Loss: 1.8079
Epoch: 4, Batch: 2070, Acc: 23.57%, Loss: 1.7727
Epoch: 4, Batch: 2080, Acc: 23.57%, Loss: 1.7969
Epoch: 4, Batch: 2090, Acc: 23.56%, Loss: 1.8081
Epoch: 4, Batch: 2100, Acc: 23.56%, Loss: 1.7776
Epoch: 4, Batch: 2110, Acc: 23.57%, Loss: 1.8125
Epoch: 4, Batch: 2120, Acc: 23.56%, Loss: 1.8038
Epoch: 4, Batch: 2130, Acc: 23.57%, Loss: 1.7659
Epoch: 4, Batch: 2140, Acc: 23.56%, Loss: 1.8240
Epoch: 4, Batch: 2150, Acc: 23.57%, Loss: 1.7932
Epoch: 4, Batch: 2160, Acc: 23.57%, Loss: 1.7844
Epoch: 4, Batch: 2170, Acc: 23.57%, Loss: 1.8106
Epoch: 4, Batch: 2180, Acc: 23.56%, Loss: 1.8019
Epoch: 4, Batch: 2190, Acc: 23.56%, Loss: 1.8304
Epoch: 4, Batch: 2200, Acc: 23.57%, Loss: 1.7963
Epoch: 4, Batch: 2210, Acc: 23.57%, Loss: 1.7857
Epoch: 4, Batch: 2220, Acc: 23.57%, Loss: 1.7809
Epoch: 4, Batch: 2230, Acc: 23.57%, Loss: 1.7739
Epoch: 4, Batch: 2240, Acc: 23.56%, Loss: 1.8574
Epoch: 4, Batch: 2250, Acc: 23.56%, Loss: 1.7864
Epoch: 4, Batch: 2260, Acc: 23.55%, Loss: 1.8072
Epoch: 4, Batch: 2270, Acc: 23.55%, Loss: 1.8318
Epoch: 4, Batch: 2280, Acc: 23.54%, Loss: 1.8284
Epoch: 4, Batch: 2290, Acc: 23.54%, Loss: 1.8322
Epoch: 4, Batch: 2300, Acc: 23.55%, Loss: 1.8077
Epoch: 4, Batch: 2310, Acc: 23.55%, Loss: 1.7895
Epoch: 4, Batch: 2320, Acc: 23.55%, Loss: 1.7819
Epoch: 4, Batch: 2330, Acc: 23.56%, Loss: 1.7881
Epoch: 4, Batch: 2340, Acc: 23.56%, Loss: 1.7862
Epoch: 4, Batch: 2350, Acc: 23.56%, Loss: 1.8064
Epoch: 4, Batch: 2360, Acc: 23.55%, Loss: 1.8237
Epoch: 4, Batch: 2370, Acc: 23.55%, Loss: 1.8277
Epoch: 4, Batch: 2380, Acc: 23.55%, Loss: 1.7838
Epoch: 4, Batch: 2390, Acc: 23.55%, Loss: 1.8312
Epoch: 4, Batch: 2400, Acc: 23.55%, Loss: 1.8087
Epoch: 4, Batch: 2410, Acc: 23.56%, Loss: 1.7619
Epoch: 4, Batch: 2420, Acc: 23.57%, Loss: 1.7709
Epoch: 4, Batch: 2430, Acc: 23.56%, Loss: 1.8153
Epoch: 4, Batch: 2440, Acc: 23.56%, Loss: 1.8264
Epoch: 4, Batch: 2450, Acc: 23.56%, Loss: 1.8117
Epoch: 4, Batch: 2460, Acc: 23.55%, Loss: 1.8195
Epoch: 4, Batch: 2470, Acc: 23.56%, Loss: 1.7882
Epoch: 4, Batch: 2480, Acc: 23.57%, Loss: 1.8030
Epoch: 4, Batch: 2490, Acc: 23.57%, Loss: 1.7983
Epoch: 4, Batch: 2500, Acc: 23.58%, Loss: 1.7659
Epoch: 4, Batch: 2510, Acc: 23.58%, Loss: 1.8242
Epoch: 4, Batch: 2520, Acc: 23.59%, Loss: 1.7623
Epoch: 4, Batch: 2530, Acc: 23.60%, Loss: 1.7994
Epoch: 4, Batch: 2540, Acc: 23.60%, Loss: 1.8037
Epoch: 4, Batch: 2550, Acc: 23.60%, Loss: 1.8119
Epoch: 4, Batch: 2560, Acc: 23.60%, Loss: 1.8104
Epoch: 4, Batch: 2570, Acc: 23.60%, Loss: 1.8204
Epoch: 4, Batch: 2580, Acc: 23.59%, Loss: 1.8181
Epoch: 4, Batch: 2590, Acc: 23.59%, Loss: 1.7989
Epoch: 4, Batch: 2600, Acc: 23.60%, Loss: 1.7947
Epoch: 4, Batch: 2610, Acc: 23.60%, Loss: 1.7857
Epoch: 4, Batch: 2620, Acc: 23.60%, Loss: 1.8213
Epoch: 4, Batch: 2630, Acc: 23.60%, Loss: 1.8073
Epoch: 4, Batch: 2640, Acc: 23.61%, Loss: 1.7799
Epoch: 4, Batch: 2650, Acc: 23.60%, Loss: 1.8090
Epoch: 4, Batch: 2660, Acc: 23.60%, Loss: 1.8131
Epoch: 4, Batch: 2670, Acc: 23.59%, Loss: 1.8442
Epoch: 4, Batch: 2680, Acc: 23.61%, Loss: 1.7696
Epoch: 4, Batch: 2690, Acc: 23.61%, Loss: 1.8250
Epoch: 4, Batch: 2700, Acc: 23.61%, Loss: 1.7996
Epoch: 4, Batch: 2710, Acc: 23.60%, Loss: 1.8220
Epoch: 4, Batch: 2720, Acc: 23.60%, Loss: 1.7791
Epoch: 4, Batch: 2730, Acc: 23.61%, Loss: 1.7741
Epoch: 4, Batch: 2740, Acc: 23.62%, Loss: 1.7680
Epoch: 4, Batch: 2750, Acc: 23.61%, Loss: 1.7903
Epoch: 4, Batch: 2760, Acc: 23.61%, Loss: 1.7890
Epoch: 4, Batch: 2770, Acc: 23.62%, Loss: 1.7955
Epoch: 4, Batch: 2780, Acc: 23.62%, Loss: 1.8242
Epoch: 4, Batch: 2790, Acc: 23.62%, Loss: 1.8147
Epoch: 4, Batch: 2800, Acc: 23.62%, Loss: 1.7799
Epoch: 4, Batch: 2810, Acc: 23.63%, Loss: 1.7574
Epoch: 4, Batch: 2820, Acc: 23.64%, Loss: 1.7326
Epoch: 4, Batch: 2830, Acc: 23.63%, Loss: 1.7781
Epoch: 4, Batch: 2840, Acc: 23.63%, Loss: 1.8213
Epoch: 4, Batch: 2850, Acc: 23.62%, Loss: 1.8194
Epoch: 4, Batch: 2860, Acc: 23.62%, Loss: 1.8063
Epoch: 4, Batch: 2870, Acc: 23.63%, Loss: 1.7791
Epoch: 4, Batch: 2880, Acc: 23.64%, Loss: 1.7946
Accuracy on test set: 44.24%, Val loss: 2.2820
Epoch 4: train_loss=1.8033, val_acc=44.24, best_val_acc=44.63, es_counter=1
Epoch: 5, Batch: 10, Acc: 22.97%, Loss: 1.8014
Epoch: 5, Batch: 20, Acc: 23.67%, Loss: 1.7974
Epoch: 5, Batch: 30, Acc: 23.39%, Loss: 1.8308
Epoch: 5, Batch: 40, Acc: 23.48%, Loss: 1.8104
Epoch: 5, Batch: 50, Acc: 23.66%, Loss: 1.8147
Epoch: 5, Batch: 60, Acc: 23.98%, Loss: 1.7765
Epoch: 5, Batch: 70, Acc: 23.55%, Loss: 1.8356
Epoch: 5, Batch: 80, Acc: 23.32%, Loss: 1.8245
Epoch: 5, Batch: 90, Acc: 23.39%, Loss: 1.7772
Epoch: 5, Batch: 100, Acc: 23.30%, Loss: 1.8147
Epoch: 5, Batch: 110, Acc: 23.08%, Loss: 1.8205
Epoch: 5, Batch: 120, Acc: 23.09%, Loss: 1.8393
Epoch: 5, Batch: 130, Acc: 23.17%, Loss: 1.8052
Epoch: 5, Batch: 140, Acc: 23.19%, Loss: 1.7971
Epoch: 5, Batch: 150, Acc: 23.18%, Loss: 1.8107
Epoch: 5, Batch: 160, Acc: 23.26%, Loss: 1.7901
Epoch: 5, Batch: 170, Acc: 23.39%, Loss: 1.7570
Epoch: 5, Batch: 180, Acc: 23.39%, Loss: 1.8059
Epoch: 5, Batch: 190, Acc: 23.42%, Loss: 1.8321
Epoch: 5, Batch: 200, Acc: 23.41%, Loss: 1.7829
Epoch: 5, Batch: 210, Acc: 23.49%, Loss: 1.7743
Epoch: 5, Batch: 220, Acc: 23.56%, Loss: 1.7554
Epoch: 5, Batch: 230, Acc: 23.53%, Loss: 1.8266
Epoch: 5, Batch: 240, Acc: 23.48%, Loss: 1.8419
Epoch: 5, Batch: 250, Acc: 23.38%, Loss: 1.8234
Epoch: 5, Batch: 260, Acc: 23.34%, Loss: 1.8556
Epoch: 5, Batch: 270, Acc: 23.37%, Loss: 1.7958
Epoch: 5, Batch: 280, Acc: 23.41%, Loss: 1.8121
Epoch: 5, Batch: 290, Acc: 23.52%, Loss: 1.7852
Epoch: 5, Batch: 300, Acc: 23.48%, Loss: 1.8185
Epoch: 5, Batch: 310, Acc: 23.41%, Loss: 1.8178
Epoch: 5, Batch: 320, Acc: 23.39%, Loss: 1.8095
Epoch: 5, Batch: 330, Acc: 23.34%, Loss: 1.8132
Epoch: 5, Batch: 340, Acc: 23.40%, Loss: 1.8096
Epoch: 5, Batch: 350, Acc: 23.33%, Loss: 1.8179
Epoch: 5, Batch: 360, Acc: 23.33%, Loss: 1.7979
Epoch: 5, Batch: 370, Acc: 23.36%, Loss: 1.7940
Epoch: 5, Batch: 380, Acc: 23.29%, Loss: 1.8341
Epoch: 5, Batch: 390, Acc: 23.31%, Loss: 1.8137
Epoch: 5, Batch: 400, Acc: 23.28%, Loss: 1.8412
Epoch: 5, Batch: 410, Acc: 23.26%, Loss: 1.8131
Epoch: 5, Batch: 420, Acc: 23.27%, Loss: 1.7892
Epoch: 5, Batch: 430, Acc: 23.32%, Loss: 1.7576
Epoch: 5, Batch: 440, Acc: 23.28%, Loss: 1.8093
Epoch: 5, Batch: 450, Acc: 23.35%, Loss: 1.7787
Epoch: 5, Batch: 460, Acc: 23.40%, Loss: 1.7817
Epoch: 5, Batch: 470, Acc: 23.43%, Loss: 1.7900
Epoch: 5, Batch: 480, Acc: 23.37%, Loss: 1.8385
Epoch: 5, Batch: 490, Acc: 23.35%, Loss: 1.8074
Epoch: 5, Batch: 500, Acc: 23.35%, Loss: 1.7672
Epoch: 5, Batch: 510, Acc: 23.37%, Loss: 1.7915
Epoch: 5, Batch: 520, Acc: 23.40%, Loss: 1.8170
Epoch: 5, Batch: 530, Acc: 23.41%, Loss: 1.8292
Epoch: 5, Batch: 540, Acc: 23.41%, Loss: 1.8293
Epoch: 5, Batch: 550, Acc: 23.38%, Loss: 1.7877
Epoch: 5, Batch: 560, Acc: 23.38%, Loss: 1.7745
Epoch: 5, Batch: 570, Acc: 23.45%, Loss: 1.7682
Epoch: 5, Batch: 580, Acc: 23.47%, Loss: 1.7625
Epoch: 5, Batch: 590, Acc: 23.46%, Loss: 1.8135
Epoch: 5, Batch: 600, Acc: 23.43%, Loss: 1.8502
Epoch: 5, Batch: 610, Acc: 23.44%, Loss: 1.7850
Epoch: 5, Batch: 620, Acc: 23.46%, Loss: 1.7849
Epoch: 5, Batch: 630, Acc: 23.47%, Loss: 1.7564
Epoch: 5, Batch: 640, Acc: 23.50%, Loss: 1.7780
Epoch: 5, Batch: 650, Acc: 23.51%, Loss: 1.8183
Epoch: 5, Batch: 660, Acc: 23.51%, Loss: 1.7865
Epoch: 5, Batch: 670, Acc: 23.51%, Loss: 1.7803
Epoch: 5, Batch: 680, Acc: 23.55%, Loss: 1.7617
Epoch: 5, Batch: 690, Acc: 23.50%, Loss: 1.8259
Epoch: 5, Batch: 700, Acc: 23.48%, Loss: 1.8374
Epoch: 5, Batch: 710, Acc: 23.47%, Loss: 1.8223
Epoch: 5, Batch: 720, Acc: 23.51%, Loss: 1.7514
Epoch: 5, Batch: 730, Acc: 23.53%, Loss: 1.7817
Epoch: 5, Batch: 740, Acc: 23.56%, Loss: 1.7606
Epoch: 5, Batch: 750, Acc: 23.58%, Loss: 1.7966
Epoch: 5, Batch: 760, Acc: 23.57%, Loss: 1.8025
Epoch: 5, Batch: 770, Acc: 23.58%, Loss: 1.7643
Epoch: 5, Batch: 780, Acc: 23.59%, Loss: 1.7852
Epoch: 5, Batch: 790, Acc: 23.59%, Loss: 1.8095
Epoch: 5, Batch: 800, Acc: 23.61%, Loss: 1.7639
Epoch: 5, Batch: 810, Acc: 23.59%, Loss: 1.7778
Epoch: 5, Batch: 820, Acc: 23.57%, Loss: 1.8189
Epoch: 5, Batch: 830, Acc: 23.60%, Loss: 1.7705
Epoch: 5, Batch: 840, Acc: 23.59%, Loss: 1.8294
Epoch: 5, Batch: 850, Acc: 23.59%, Loss: 1.7723
Epoch: 5, Batch: 860, Acc: 23.60%, Loss: 1.7970
Epoch: 5, Batch: 870, Acc: 23.61%, Loss: 1.7816
Epoch: 5, Batch: 880, Acc: 23.60%, Loss: 1.8134
Epoch: 5, Batch: 890, Acc: 23.58%, Loss: 1.8309
Epoch: 5, Batch: 900, Acc: 23.56%, Loss: 1.8177
Epoch: 5, Batch: 910, Acc: 23.57%, Loss: 1.7835
Epoch: 5, Batch: 920, Acc: 23.59%, Loss: 1.8031
Epoch: 5, Batch: 930, Acc: 23.61%, Loss: 1.7773
Epoch: 5, Batch: 940, Acc: 23.67%, Loss: 1.7280
Epoch: 5, Batch: 950, Acc: 23.63%, Loss: 1.8411
Epoch: 5, Batch: 960, Acc: 23.61%, Loss: 1.8464
Epoch: 5, Batch: 970, Acc: 23.60%, Loss: 1.7838
Epoch: 5, Batch: 980, Acc: 23.60%, Loss: 1.7746
Epoch: 5, Batch: 990, Acc: 23.61%, Loss: 1.7964
Epoch: 5, Batch: 1000, Acc: 23.60%, Loss: 1.8321
Epoch: 5, Batch: 1010, Acc: 23.58%, Loss: 1.7900
Epoch: 5, Batch: 1020, Acc: 23.58%, Loss: 1.8249
Epoch: 5, Batch: 1030, Acc: 23.59%, Loss: 1.7631
Epoch: 5, Batch: 1040, Acc: 23.56%, Loss: 1.8265
Epoch: 5, Batch: 1050, Acc: 23.54%, Loss: 1.8098
Epoch: 5, Batch: 1060, Acc: 23.54%, Loss: 1.8128
Epoch: 5, Batch: 1070, Acc: 23.55%, Loss: 1.8200
Epoch: 5, Batch: 1080, Acc: 23.54%, Loss: 1.7996
Epoch: 5, Batch: 1090, Acc: 23.54%, Loss: 1.7803
Epoch: 5, Batch: 1100, Acc: 23.55%, Loss: 1.7995
Epoch: 5, Batch: 1110, Acc: 23.56%, Loss: 1.7726
Epoch: 5, Batch: 1120, Acc: 23.56%, Loss: 1.8096
Epoch: 5, Batch: 1130, Acc: 23.55%, Loss: 1.7853
Epoch: 5, Batch: 1140, Acc: 23.54%, Loss: 1.7882
Epoch: 5, Batch: 1150, Acc: 23.54%, Loss: 1.8077
Epoch: 5, Batch: 1160, Acc: 23.54%, Loss: 1.8077
Epoch: 5, Batch: 1170, Acc: 23.54%, Loss: 1.8091
Epoch: 5, Batch: 1180, Acc: 23.53%, Loss: 1.8278
Epoch: 5, Batch: 1190, Acc: 23.53%, Loss: 1.8111
Epoch: 5, Batch: 1200, Acc: 23.50%, Loss: 1.8123
Epoch: 5, Batch: 1210, Acc: 23.51%, Loss: 1.7931
Epoch: 5, Batch: 1220, Acc: 23.50%, Loss: 1.8375
Epoch: 5, Batch: 1230, Acc: 23.52%, Loss: 1.7897
Epoch: 5, Batch: 1240, Acc: 23.55%, Loss: 1.7758
Epoch: 5, Batch: 1250, Acc: 23.54%, Loss: 1.8318
Epoch: 5, Batch: 1260, Acc: 23.54%, Loss: 1.8192
Epoch: 5, Batch: 1270, Acc: 23.54%, Loss: 1.8300
Epoch: 5, Batch: 1280, Acc: 23.55%, Loss: 1.7610
Epoch: 5, Batch: 1290, Acc: 23.56%, Loss: 1.7726
Epoch: 5, Batch: 1300, Acc: 23.54%, Loss: 1.8127
Epoch: 5, Batch: 1310, Acc: 23.54%, Loss: 1.8140
Epoch: 5, Batch: 1320, Acc: 23.55%, Loss: 1.7950
Epoch: 5, Batch: 1330, Acc: 23.55%, Loss: 1.7769
Epoch: 5, Batch: 1340, Acc: 23.55%, Loss: 1.7934
Epoch: 5, Batch: 1350, Acc: 23.59%, Loss: 1.7449
Epoch: 5, Batch: 1360, Acc: 23.58%, Loss: 1.7965
Epoch: 5, Batch: 1370, Acc: 23.61%, Loss: 1.7407
Epoch: 5, Batch: 1380, Acc: 23.64%, Loss: 1.7558
Epoch: 5, Batch: 1390, Acc: 23.65%, Loss: 1.7965
Epoch: 5, Batch: 1400, Acc: 23.65%, Loss: 1.7790
Epoch: 5, Batch: 1410, Acc: 23.65%, Loss: 1.8031
Epoch: 5, Batch: 1420, Acc: 23.65%, Loss: 1.8018
Epoch: 5, Batch: 1430, Acc: 23.65%, Loss: 1.8027
Epoch: 5, Batch: 1440, Acc: 23.64%, Loss: 1.8260
Epoch: 5, Batch: 1450, Acc: 23.64%, Loss: 1.7849
Epoch: 5, Batch: 1460, Acc: 23.64%, Loss: 1.8143
Epoch: 5, Batch: 1470, Acc: 23.64%, Loss: 1.8274
Epoch: 5, Batch: 1480, Acc: 23.63%, Loss: 1.7632
Epoch: 5, Batch: 1490, Acc: 23.64%, Loss: 1.7857
Epoch: 5, Batch: 1500, Acc: 23.65%, Loss: 1.7477
Epoch: 5, Batch: 1510, Acc: 23.64%, Loss: 1.8179
Epoch: 5, Batch: 1520, Acc: 23.65%, Loss: 1.7931
Epoch: 5, Batch: 1530, Acc: 23.65%, Loss: 1.7669
Epoch: 5, Batch: 1540, Acc: 23.67%, Loss: 1.7620
Epoch: 5, Batch: 1550, Acc: 23.68%, Loss: 1.7679
Epoch: 5, Batch: 1560, Acc: 23.69%, Loss: 1.7640
Epoch: 5, Batch: 1570, Acc: 23.68%, Loss: 1.8107
Epoch: 5, Batch: 1580, Acc: 23.66%, Loss: 1.8244
Epoch: 5, Batch: 1590, Acc: 23.65%, Loss: 1.8466
Epoch: 5, Batch: 1600, Acc: 23.65%, Loss: 1.7670
Epoch: 5, Batch: 1610, Acc: 23.65%, Loss: 1.8110
Epoch: 5, Batch: 1620, Acc: 23.65%, Loss: 1.7602
Epoch: 5, Batch: 1630, Acc: 23.64%, Loss: 1.7924
Epoch: 5, Batch: 1640, Acc: 23.63%, Loss: 1.8156
Epoch: 5, Batch: 1650, Acc: 23.62%, Loss: 1.8289
Epoch: 5, Batch: 1660, Acc: 23.62%, Loss: 1.8232
Epoch: 5, Batch: 1670, Acc: 23.63%, Loss: 1.7885
Epoch: 5, Batch: 1680, Acc: 23.64%, Loss: 1.7349
Epoch: 5, Batch: 1690, Acc: 23.63%, Loss: 1.8029
Epoch: 5, Batch: 1700, Acc: 23.62%, Loss: 1.8314
Epoch: 5, Batch: 1710, Acc: 23.62%, Loss: 1.8400
Epoch: 5, Batch: 1720, Acc: 23.64%, Loss: 1.7453
Epoch: 5, Batch: 1730, Acc: 23.62%, Loss: 1.8167
Epoch: 5, Batch: 1740, Acc: 23.63%, Loss: 1.7783
Epoch: 5, Batch: 1750, Acc: 23.63%, Loss: 1.7883
Epoch: 5, Batch: 1760, Acc: 23.61%, Loss: 1.8120
Epoch: 5, Batch: 1770, Acc: 23.60%, Loss: 1.8330
Epoch: 5, Batch: 1780, Acc: 23.59%, Loss: 1.8297
Epoch: 5, Batch: 1790, Acc: 23.59%, Loss: 1.7887
Epoch: 5, Batch: 1800, Acc: 23.60%, Loss: 1.8142
Epoch: 5, Batch: 1810, Acc: 23.59%, Loss: 1.8267
Epoch: 5, Batch: 1820, Acc: 23.59%, Loss: 1.8080
Epoch: 5, Batch: 1830, Acc: 23.59%, Loss: 1.7827
Epoch: 5, Batch: 1840, Acc: 23.60%, Loss: 1.7710
Epoch: 5, Batch: 1850, Acc: 23.61%, Loss: 1.7915
Epoch: 5, Batch: 1860, Acc: 23.62%, Loss: 1.7956
Epoch: 5, Batch: 1870, Acc: 23.61%, Loss: 1.8084
Epoch: 5, Batch: 1880, Acc: 23.61%, Loss: 1.8272
Epoch: 5, Batch: 1890, Acc: 23.61%, Loss: 1.7969
Epoch: 5, Batch: 1900, Acc: 23.61%, Loss: 1.8325
Epoch: 5, Batch: 1910, Acc: 23.60%, Loss: 1.8557
Epoch: 5, Batch: 1920, Acc: 23.62%, Loss: 1.7739
Epoch: 5, Batch: 1930, Acc: 23.62%, Loss: 1.7911
Epoch: 5, Batch: 1940, Acc: 23.62%, Loss: 1.8104
Epoch: 5, Batch: 1950, Acc: 23.63%, Loss: 1.7837
Epoch: 5, Batch: 1960, Acc: 23.63%, Loss: 1.7971
Epoch: 5, Batch: 1970, Acc: 23.63%, Loss: 1.7922
Epoch: 5, Batch: 1980, Acc: 23.62%, Loss: 1.8182
Epoch: 5, Batch: 1990, Acc: 23.62%, Loss: 1.8052
Epoch: 5, Batch: 2000, Acc: 23.62%, Loss: 1.8102
Epoch: 5, Batch: 2010, Acc: 23.63%, Loss: 1.7827
Epoch: 5, Batch: 2020, Acc: 23.63%, Loss: 1.7703
Epoch: 5, Batch: 2030, Acc: 23.64%, Loss: 1.7592
Epoch: 5, Batch: 2040, Acc: 23.64%, Loss: 1.8108
Epoch: 5, Batch: 2050, Acc: 23.64%, Loss: 1.7960
Epoch: 5, Batch: 2060, Acc: 23.64%, Loss: 1.8199
Epoch: 5, Batch: 2070, Acc: 23.63%, Loss: 1.8015
Epoch: 5, Batch: 2080, Acc: 23.63%, Loss: 1.7897
Epoch: 5, Batch: 2090, Acc: 23.63%, Loss: 1.8251
Epoch: 5, Batch: 2100, Acc: 23.64%, Loss: 1.7851
Epoch: 5, Batch: 2110, Acc: 23.62%, Loss: 1.8306
Epoch: 5, Batch: 2120, Acc: 23.62%, Loss: 1.7923
Epoch: 5, Batch: 2130, Acc: 23.64%, Loss: 1.7440
Epoch: 5, Batch: 2140, Acc: 23.63%, Loss: 1.8028
Epoch: 5, Batch: 2150, Acc: 23.63%, Loss: 1.8140
Epoch: 5, Batch: 2160, Acc: 23.62%, Loss: 1.8198
Epoch: 5, Batch: 2170, Acc: 23.62%, Loss: 1.8433
Epoch: 5, Batch: 2180, Acc: 23.63%, Loss: 1.7990
Epoch: 5, Batch: 2190, Acc: 23.63%, Loss: 1.8204
Epoch: 5, Batch: 2200, Acc: 23.63%, Loss: 1.7627
Epoch: 5, Batch: 2210, Acc: 23.62%, Loss: 1.8202
Epoch: 5, Batch: 2220, Acc: 23.63%, Loss: 1.7826
Epoch: 5, Batch: 2230, Acc: 23.63%, Loss: 1.7865
Epoch: 5, Batch: 2240, Acc: 23.63%, Loss: 1.7971
Epoch: 5, Batch: 2250, Acc: 23.63%, Loss: 1.8209
Epoch: 5, Batch: 2260, Acc: 23.63%, Loss: 1.8079
Epoch: 5, Batch: 2270, Acc: 23.63%, Loss: 1.8543
Epoch: 5, Batch: 2280, Acc: 23.63%, Loss: 1.7876
Epoch: 5, Batch: 2290, Acc: 23.62%, Loss: 1.8151
Epoch: 5, Batch: 2300, Acc: 23.62%, Loss: 1.7801
Epoch: 5, Batch: 2310, Acc: 23.62%, Loss: 1.7911
Epoch: 5, Batch: 2320, Acc: 23.63%, Loss: 1.8056
Epoch: 5, Batch: 2330, Acc: 23.64%, Loss: 1.7725
Epoch: 5, Batch: 2340, Acc: 23.63%, Loss: 1.8076
Epoch: 5, Batch: 2350, Acc: 23.64%, Loss: 1.7549
Epoch: 5, Batch: 2360, Acc: 23.65%, Loss: 1.7936
Epoch: 5, Batch: 2370, Acc: 23.65%, Loss: 1.7797
Epoch: 5, Batch: 2380, Acc: 23.63%, Loss: 1.8075
Epoch: 5, Batch: 2390, Acc: 23.63%, Loss: 1.7942
Epoch: 5, Batch: 2400, Acc: 23.63%, Loss: 1.7928
Epoch: 5, Batch: 2410, Acc: 23.63%, Loss: 1.8245
Epoch: 5, Batch: 2420, Acc: 23.62%, Loss: 1.8318
Epoch: 5, Batch: 2430, Acc: 23.62%, Loss: 1.8411
Epoch: 5, Batch: 2440, Acc: 23.62%, Loss: 1.7978
Epoch: 5, Batch: 2450, Acc: 23.62%, Loss: 1.8026
Epoch: 5, Batch: 2460, Acc: 23.61%, Loss: 1.8154
Epoch: 5, Batch: 2470, Acc: 23.62%, Loss: 1.7946
Epoch: 5, Batch: 2480, Acc: 23.62%, Loss: 1.8032
Epoch: 5, Batch: 2490, Acc: 23.63%, Loss: 1.7883
Epoch: 5, Batch: 2500, Acc: 23.63%, Loss: 1.7840
Epoch: 5, Batch: 2510, Acc: 23.63%, Loss: 1.8248
Epoch: 5, Batch: 2520, Acc: 23.63%, Loss: 1.8334
Epoch: 5, Batch: 2530, Acc: 23.63%, Loss: 1.7856
Epoch: 5, Batch: 2540, Acc: 23.62%, Loss: 1.8190
Epoch: 5, Batch: 2550, Acc: 23.62%, Loss: 1.7988
Epoch: 5, Batch: 2560, Acc: 23.62%, Loss: 1.7615
Epoch: 5, Batch: 2570, Acc: 23.62%, Loss: 1.8180
Epoch: 5, Batch: 2580, Acc: 23.61%, Loss: 1.8496
Epoch: 5, Batch: 2590, Acc: 23.60%, Loss: 1.8140
Epoch: 5, Batch: 2600, Acc: 23.61%, Loss: 1.7485
Epoch: 5, Batch: 2610, Acc: 23.60%, Loss: 1.8304
Epoch: 5, Batch: 2620, Acc: 23.60%, Loss: 1.8282
Epoch: 5, Batch: 2630, Acc: 23.60%, Loss: 1.7829
Epoch: 5, Batch: 2640, Acc: 23.59%, Loss: 1.8522
Epoch: 5, Batch: 2650, Acc: 23.58%, Loss: 1.8129
Epoch: 5, Batch: 2660, Acc: 23.59%, Loss: 1.8076
Epoch: 5, Batch: 2670, Acc: 23.59%, Loss: 1.7892
Epoch: 5, Batch: 2680, Acc: 23.59%, Loss: 1.7953
Epoch: 5, Batch: 2690, Acc: 23.60%, Loss: 1.8039
Epoch: 5, Batch: 2700, Acc: 23.60%, Loss: 1.8181
Epoch: 5, Batch: 2710, Acc: 23.59%, Loss: 1.8299
Epoch: 5, Batch: 2720, Acc: 23.60%, Loss: 1.8177
Epoch: 5, Batch: 2730, Acc: 23.60%, Loss: 1.7938
Epoch: 5, Batch: 2740, Acc: 23.61%, Loss: 1.7994
Epoch: 5, Batch: 2750, Acc: 23.61%, Loss: 1.7990
Epoch: 5, Batch: 2760, Acc: 23.61%, Loss: 1.8239
Epoch: 5, Batch: 2770, Acc: 23.61%, Loss: 1.8075
Epoch: 5, Batch: 2780, Acc: 23.62%, Loss: 1.7579
Epoch: 5, Batch: 2790, Acc: 23.63%, Loss: 1.8143
Epoch: 5, Batch: 2800, Acc: 23.62%, Loss: 1.8415
Epoch: 5, Batch: 2810, Acc: 23.61%, Loss: 1.8368
Epoch: 5, Batch: 2820, Acc: 23.60%, Loss: 1.8407
Epoch: 5, Batch: 2830, Acc: 23.60%, Loss: 1.8068
Epoch: 5, Batch: 2840, Acc: 23.62%, Loss: 1.7868
Epoch: 5, Batch: 2850, Acc: 23.61%, Loss: 1.7960
Epoch: 5, Batch: 2860, Acc: 23.61%, Loss: 1.7798
Epoch: 5, Batch: 2870, Acc: 23.61%, Loss: 1.7838
Epoch: 5, Batch: 2880, Acc: 23.61%, Loss: 1.7995
Accuracy on test set: 44.67%, Val loss: 2.2887
Epoch 5: train_loss=1.8006, val_acc=44.67, best_val_acc=44.67, es_counter=0
Epoch: 6, Batch: 10, Acc: 25.31%, Loss: 1.7719
Epoch: 6, Batch: 20, Acc: 23.91%, Loss: 1.8228
Epoch: 6, Batch: 30, Acc: 23.49%, Loss: 1.7937
Epoch: 6, Batch: 40, Acc: 23.24%, Loss: 1.8210
Epoch: 6, Batch: 50, Acc: 22.94%, Loss: 1.8187
Epoch: 6, Batch: 60, Acc: 23.10%, Loss: 1.7790
Epoch: 6, Batch: 70, Acc: 22.99%, Loss: 1.8307
Epoch: 6, Batch: 80, Acc: 22.87%, Loss: 1.8043
Epoch: 6, Batch: 90, Acc: 23.04%, Loss: 1.8156
Epoch: 6, Batch: 100, Acc: 23.27%, Loss: 1.8038
Epoch: 6, Batch: 110, Acc: 23.47%, Loss: 1.7819
Epoch: 6, Batch: 120, Acc: 23.35%, Loss: 1.8365
Epoch: 6, Batch: 130, Acc: 23.22%, Loss: 1.8576
Epoch: 6, Batch: 140, Acc: 23.17%, Loss: 1.8180
Epoch: 6, Batch: 150, Acc: 23.07%, Loss: 1.8301
Epoch: 6, Batch: 160, Acc: 23.12%, Loss: 1.8118
Epoch: 6, Batch: 170, Acc: 23.20%, Loss: 1.7767
Epoch: 6, Batch: 180, Acc: 23.12%, Loss: 1.7874
Epoch: 6, Batch: 190, Acc: 23.14%, Loss: 1.8077
Epoch: 6, Batch: 200, Acc: 23.20%, Loss: 1.7694
Epoch: 6, Batch: 210, Acc: 23.19%, Loss: 1.8017
Epoch: 6, Batch: 220, Acc: 23.30%, Loss: 1.7712
Epoch: 6, Batch: 230, Acc: 23.27%, Loss: 1.8042
Epoch: 6, Batch: 240, Acc: 23.27%, Loss: 1.8319
Epoch: 6, Batch: 250, Acc: 23.38%, Loss: 1.7793
Epoch: 6, Batch: 260, Acc: 23.38%, Loss: 1.8041
Epoch: 6, Batch: 270, Acc: 23.28%, Loss: 1.8092
Epoch: 6, Batch: 280, Acc: 23.34%, Loss: 1.7844
Epoch: 6, Batch: 290, Acc: 23.35%, Loss: 1.8159
Epoch: 6, Batch: 300, Acc: 23.36%, Loss: 1.8064
Epoch: 6, Batch: 310, Acc: 23.39%, Loss: 1.7666
Epoch: 6, Batch: 320, Acc: 23.41%, Loss: 1.7760
Epoch: 6, Batch: 330, Acc: 23.41%, Loss: 1.8071
Epoch: 6, Batch: 340, Acc: 23.36%, Loss: 1.8049
Epoch: 6, Batch: 350, Acc: 23.41%, Loss: 1.7726
Epoch: 6, Batch: 360, Acc: 23.41%, Loss: 1.7869
Epoch: 6, Batch: 370, Acc: 23.38%, Loss: 1.8030
Epoch: 6, Batch: 380, Acc: 23.36%, Loss: 1.8009
Epoch: 6, Batch: 390, Acc: 23.29%, Loss: 1.8363
Epoch: 6, Batch: 400, Acc: 23.20%, Loss: 1.8621
Epoch: 6, Batch: 410, Acc: 23.17%, Loss: 1.8489
Epoch: 6, Batch: 420, Acc: 23.15%, Loss: 1.8193
Epoch: 6, Batch: 430, Acc: 23.15%, Loss: 1.7884
Epoch: 6, Batch: 440, Acc: 23.21%, Loss: 1.7973
Epoch: 6, Batch: 450, Acc: 23.26%, Loss: 1.7885
Epoch: 6, Batch: 460, Acc: 23.30%, Loss: 1.7463
Epoch: 6, Batch: 470, Acc: 23.24%, Loss: 1.8300
Epoch: 6, Batch: 480, Acc: 23.26%, Loss: 1.7871
Epoch: 6, Batch: 490, Acc: 23.28%, Loss: 1.7942
Epoch: 6, Batch: 500, Acc: 23.30%, Loss: 1.7830
Epoch: 6, Batch: 510, Acc: 23.26%, Loss: 1.7886
Epoch: 6, Batch: 520, Acc: 23.26%, Loss: 1.7952
Epoch: 6, Batch: 530, Acc: 23.29%, Loss: 1.7995
Epoch: 6, Batch: 540, Acc: 23.29%, Loss: 1.8021
Epoch: 6, Batch: 550, Acc: 23.22%, Loss: 1.8118
Epoch: 6, Batch: 560, Acc: 23.21%, Loss: 1.8101
Epoch: 6, Batch: 570, Acc: 23.26%, Loss: 1.7847
Epoch: 6, Batch: 580, Acc: 23.24%, Loss: 1.8202
Epoch: 6, Batch: 590, Acc: 23.30%, Loss: 1.7672
Epoch: 6, Batch: 600, Acc: 23.33%, Loss: 1.7776
Epoch: 6, Batch: 610, Acc: 23.34%, Loss: 1.7873
Epoch: 6, Batch: 620, Acc: 23.37%, Loss: 1.7652
Epoch: 6, Batch: 630, Acc: 23.34%, Loss: 1.7993
Epoch: 6, Batch: 640, Acc: 23.35%, Loss: 1.7927
Epoch: 6, Batch: 650, Acc: 23.33%, Loss: 1.7935
Epoch: 6, Batch: 660, Acc: 23.34%, Loss: 1.7846
Epoch: 6, Batch: 670, Acc: 23.37%, Loss: 1.7913
Epoch: 6, Batch: 680, Acc: 23.35%, Loss: 1.7838
Epoch: 6, Batch: 690, Acc: 23.37%, Loss: 1.7878
Epoch: 6, Batch: 700, Acc: 23.36%, Loss: 1.8198
Epoch: 6, Batch: 710, Acc: 23.38%, Loss: 1.7984
Epoch: 6, Batch: 720, Acc: 23.40%, Loss: 1.7898
Epoch: 6, Batch: 730, Acc: 23.40%, Loss: 1.8073
Epoch: 6, Batch: 740, Acc: 23.38%, Loss: 1.8305
Epoch: 6, Batch: 750, Acc: 23.40%, Loss: 1.8009
Epoch: 6, Batch: 760, Acc: 23.42%, Loss: 1.7944
Epoch: 6, Batch: 770, Acc: 23.42%, Loss: 1.8023
Epoch: 6, Batch: 780, Acc: 23.41%, Loss: 1.8292
Epoch: 6, Batch: 790, Acc: 23.42%, Loss: 1.8034
Epoch: 6, Batch: 800, Acc: 23.42%, Loss: 1.7897
Epoch: 6, Batch: 810, Acc: 23.40%, Loss: 1.8202
Epoch: 6, Batch: 820, Acc: 23.35%, Loss: 1.8392
Epoch: 6, Batch: 830, Acc: 23.32%, Loss: 1.8264
Epoch: 6, Batch: 840, Acc: 23.29%, Loss: 1.8113
Epoch: 6, Batch: 850, Acc: 23.24%, Loss: 1.8544
Epoch: 6, Batch: 860, Acc: 23.23%, Loss: 1.7969
Epoch: 6, Batch: 870, Acc: 23.25%, Loss: 1.7928
Epoch: 6, Batch: 880, Acc: 23.24%, Loss: 1.8212
Epoch: 6, Batch: 890, Acc: 23.24%, Loss: 1.7961
Epoch: 6, Batch: 900, Acc: 23.28%, Loss: 1.7720
Epoch: 6, Batch: 910, Acc: 23.28%, Loss: 1.8150
Epoch: 6, Batch: 920, Acc: 23.31%, Loss: 1.7825
Epoch: 6, Batch: 930, Acc: 23.32%, Loss: 1.7720
Epoch: 6, Batch: 940, Acc: 23.29%, Loss: 1.8557
Epoch: 6, Batch: 950, Acc: 23.26%, Loss: 1.8261
Epoch: 6, Batch: 960, Acc: 23.26%, Loss: 1.8489
Epoch: 6, Batch: 970, Acc: 23.27%, Loss: 1.8018
Epoch: 6, Batch: 980, Acc: 23.25%, Loss: 1.8118
Epoch: 6, Batch: 990, Acc: 23.25%, Loss: 1.8065
Epoch: 6, Batch: 1000, Acc: 23.21%, Loss: 1.8550
Epoch: 6, Batch: 1010, Acc: 23.22%, Loss: 1.8079
Epoch: 6, Batch: 1020, Acc: 23.22%, Loss: 1.8009
Epoch: 6, Batch: 1030, Acc: 23.19%, Loss: 1.8164
Epoch: 6, Batch: 1040, Acc: 23.18%, Loss: 1.8267
Epoch: 6, Batch: 1050, Acc: 23.18%, Loss: 1.8111
Epoch: 6, Batch: 1060, Acc: 23.21%, Loss: 1.7770
Epoch: 6, Batch: 1070, Acc: 23.22%, Loss: 1.7671
Epoch: 6, Batch: 1080, Acc: 23.23%, Loss: 1.7720
Epoch: 6, Batch: 1090, Acc: 23.23%, Loss: 1.8088
Epoch: 6, Batch: 1100, Acc: 23.25%, Loss: 1.7619
Epoch: 6, Batch: 1110, Acc: 23.25%, Loss: 1.7864
Epoch: 6, Batch: 1120, Acc: 23.25%, Loss: 1.8032
Epoch: 6, Batch: 1130, Acc: 23.27%, Loss: 1.7738
Epoch: 6, Batch: 1140, Acc: 23.28%, Loss: 1.7759
Epoch: 6, Batch: 1150, Acc: 23.29%, Loss: 1.7893
Epoch: 6, Batch: 1160, Acc: 23.27%, Loss: 1.8383
Epoch: 6, Batch: 1170, Acc: 23.26%, Loss: 1.8207
Epoch: 6, Batch: 1180, Acc: 23.29%, Loss: 1.7472
Epoch: 6, Batch: 1190, Acc: 23.29%, Loss: 1.7794
Epoch: 6, Batch: 1200, Acc: 23.30%, Loss: 1.8134
Epoch: 6, Batch: 1210, Acc: 23.31%, Loss: 1.7595
Epoch: 6, Batch: 1220, Acc: 23.31%, Loss: 1.7874
Epoch: 6, Batch: 1230, Acc: 23.33%, Loss: 1.7896
Epoch: 6, Batch: 1240, Acc: 23.33%, Loss: 1.8330
Epoch: 6, Batch: 1250, Acc: 23.32%, Loss: 1.7572
Epoch: 6, Batch: 1260, Acc: 23.33%, Loss: 1.8085
Epoch: 6, Batch: 1270, Acc: 23.37%, Loss: 1.7385
Epoch: 6, Batch: 1280, Acc: 23.34%, Loss: 1.8303
Epoch: 6, Batch: 1290, Acc: 23.35%, Loss: 1.8001
Epoch: 6, Batch: 1300, Acc: 23.36%, Loss: 1.8000
Epoch: 6, Batch: 1310, Acc: 23.37%, Loss: 1.7718
Epoch: 6, Batch: 1320, Acc: 23.38%, Loss: 1.8195
Epoch: 6, Batch: 1330, Acc: 23.38%, Loss: 1.7987
Epoch: 6, Batch: 1340, Acc: 23.39%, Loss: 1.8412
Epoch: 6, Batch: 1350, Acc: 23.38%, Loss: 1.8328
Epoch: 6, Batch: 1360, Acc: 23.36%, Loss: 1.8267
Epoch: 6, Batch: 1370, Acc: 23.37%, Loss: 1.8417
Epoch: 6, Batch: 1380, Acc: 23.38%, Loss: 1.7889
Epoch: 6, Batch: 1390, Acc: 23.37%, Loss: 1.8109
Epoch: 6, Batch: 1400, Acc: 23.37%, Loss: 1.7917
Epoch: 6, Batch: 1410, Acc: 23.40%, Loss: 1.7612
Epoch: 6, Batch: 1420, Acc: 23.38%, Loss: 1.8186
Epoch: 6, Batch: 1430, Acc: 23.37%, Loss: 1.8169
Epoch: 6, Batch: 1440, Acc: 23.37%, Loss: 1.7739
Epoch: 6, Batch: 1450, Acc: 23.36%, Loss: 1.8211
Epoch: 6, Batch: 1460, Acc: 23.36%, Loss: 1.7839
Epoch: 6, Batch: 1470, Acc: 23.39%, Loss: 1.7369
Epoch: 6, Batch: 1480, Acc: 23.40%, Loss: 1.7967
Epoch: 6, Batch: 1490, Acc: 23.41%, Loss: 1.7555
Epoch: 6, Batch: 1500, Acc: 23.41%, Loss: 1.8178
Epoch: 6, Batch: 1510, Acc: 23.42%, Loss: 1.7618
Epoch: 6, Batch: 1520, Acc: 23.43%, Loss: 1.7844
Epoch: 6, Batch: 1530, Acc: 23.43%, Loss: 1.8165
Epoch: 6, Batch: 1540, Acc: 23.42%, Loss: 1.7852
Epoch: 6, Batch: 1550, Acc: 23.41%, Loss: 1.8471
Epoch: 6, Batch: 1560, Acc: 23.40%, Loss: 1.8160
Epoch: 6, Batch: 1570, Acc: 23.41%, Loss: 1.7701
Epoch: 6, Batch: 1580, Acc: 23.43%, Loss: 1.7480
Epoch: 6, Batch: 1590, Acc: 23.42%, Loss: 1.7639
Epoch: 6, Batch: 1600, Acc: 23.42%, Loss: 1.8147
Epoch: 6, Batch: 1610, Acc: 23.45%, Loss: 1.7569
Epoch: 6, Batch: 1620, Acc: 23.45%, Loss: 1.7908
Epoch: 6, Batch: 1630, Acc: 23.45%, Loss: 1.7748
Epoch: 6, Batch: 1640, Acc: 23.45%, Loss: 1.7645
Epoch: 6, Batch: 1650, Acc: 23.46%, Loss: 1.8094
Epoch: 6, Batch: 1660, Acc: 23.46%, Loss: 1.7840
Epoch: 6, Batch: 1670, Acc: 23.47%, Loss: 1.7942
Epoch: 6, Batch: 1680, Acc: 23.48%, Loss: 1.7855
Epoch: 6, Batch: 1690, Acc: 23.49%, Loss: 1.8079
Epoch: 6, Batch: 1700, Acc: 23.49%, Loss: 1.8236
Epoch: 6, Batch: 1710, Acc: 23.47%, Loss: 1.8456
Epoch: 6, Batch: 1720, Acc: 23.47%, Loss: 1.8136
Epoch: 6, Batch: 1730, Acc: 23.46%, Loss: 1.8230
Epoch: 6, Batch: 1740, Acc: 23.49%, Loss: 1.7417
Epoch: 6, Batch: 1750, Acc: 23.48%, Loss: 1.8186
Epoch: 6, Batch: 1760, Acc: 23.47%, Loss: 1.8098
Epoch: 6, Batch: 1770, Acc: 23.46%, Loss: 1.7947
Epoch: 6, Batch: 1780, Acc: 23.47%, Loss: 1.7812
Epoch: 6, Batch: 1790, Acc: 23.46%, Loss: 1.8119
Epoch: 6, Batch: 1800, Acc: 23.46%, Loss: 1.7820
Epoch: 6, Batch: 1810, Acc: 23.46%, Loss: 1.8114
Epoch: 6, Batch: 1820, Acc: 23.46%, Loss: 1.7776
Epoch: 6, Batch: 1830, Acc: 23.46%, Loss: 1.7986
Epoch: 6, Batch: 1840, Acc: 23.45%, Loss: 1.8377
Epoch: 6, Batch: 1850, Acc: 23.45%, Loss: 1.8025
Epoch: 6, Batch: 1860, Acc: 23.46%, Loss: 1.8124
Epoch: 6, Batch: 1870, Acc: 23.44%, Loss: 1.8182
Epoch: 6, Batch: 1880, Acc: 23.45%, Loss: 1.7731
Epoch: 6, Batch: 1890, Acc: 23.45%, Loss: 1.8050
Epoch: 6, Batch: 1900, Acc: 23.45%, Loss: 1.7940
Epoch: 6, Batch: 1910, Acc: 23.45%, Loss: 1.8065
Epoch: 6, Batch: 1920, Acc: 23.44%, Loss: 1.8428
Epoch: 6, Batch: 1930, Acc: 23.45%, Loss: 1.8079
Epoch: 6, Batch: 1940, Acc: 23.45%, Loss: 1.8196
Epoch: 6, Batch: 1950, Acc: 23.44%, Loss: 1.8187
Epoch: 6, Batch: 1960, Acc: 23.44%, Loss: 1.8039
Epoch: 6, Batch: 1970, Acc: 23.45%, Loss: 1.7682
Epoch: 6, Batch: 1980, Acc: 23.44%, Loss: 1.8046
Epoch: 6, Batch: 1990, Acc: 23.46%, Loss: 1.7491
Epoch: 6, Batch: 2000, Acc: 23.46%, Loss: 1.8011
Epoch: 6, Batch: 2010, Acc: 23.46%, Loss: 1.7780
Epoch: 6, Batch: 2020, Acc: 23.46%, Loss: 1.8331
Epoch: 6, Batch: 2030, Acc: 23.45%, Loss: 1.8098
Epoch: 6, Batch: 2040, Acc: 23.45%, Loss: 1.8111
Epoch: 6, Batch: 2050, Acc: 23.46%, Loss: 1.7860
Epoch: 6, Batch: 2060, Acc: 23.47%, Loss: 1.7677
Epoch: 6, Batch: 2070, Acc: 23.46%, Loss: 1.7886
Epoch: 6, Batch: 2080, Acc: 23.46%, Loss: 1.8099
Epoch: 6, Batch: 2090, Acc: 23.46%, Loss: 1.8136
Epoch: 6, Batch: 2100, Acc: 23.48%, Loss: 1.7744
Epoch: 6, Batch: 2110, Acc: 23.48%, Loss: 1.7859
Epoch: 6, Batch: 2120, Acc: 23.47%, Loss: 1.8311
Epoch: 6, Batch: 2130, Acc: 23.47%, Loss: 1.8107
Epoch: 6, Batch: 2140, Acc: 23.47%, Loss: 1.8290
Epoch: 6, Batch: 2150, Acc: 23.47%, Loss: 1.8156
Epoch: 6, Batch: 2160, Acc: 23.47%, Loss: 1.7646
Epoch: 6, Batch: 2170, Acc: 23.46%, Loss: 1.8300
Epoch: 6, Batch: 2180, Acc: 23.46%, Loss: 1.7978
Epoch: 6, Batch: 2190, Acc: 23.46%, Loss: 1.8054
Epoch: 6, Batch: 2200, Acc: 23.47%, Loss: 1.7899
Epoch: 6, Batch: 2210, Acc: 23.47%, Loss: 1.8094
Epoch: 6, Batch: 2220, Acc: 23.47%, Loss: 1.8106
Epoch: 6, Batch: 2230, Acc: 23.47%, Loss: 1.7863
Epoch: 6, Batch: 2240, Acc: 23.48%, Loss: 1.8283
Epoch: 6, Batch: 2250, Acc: 23.49%, Loss: 1.7921
Epoch: 6, Batch: 2260, Acc: 23.49%, Loss: 1.7961
Epoch: 6, Batch: 2270, Acc: 23.50%, Loss: 1.7606
Epoch: 6, Batch: 2280, Acc: 23.50%, Loss: 1.7767
Epoch: 6, Batch: 2290, Acc: 23.49%, Loss: 1.8335
Epoch: 6, Batch: 2300, Acc: 23.50%, Loss: 1.7580
Epoch: 6, Batch: 2310, Acc: 23.51%, Loss: 1.7618
Epoch: 6, Batch: 2320, Acc: 23.50%, Loss: 1.8215
Epoch: 6, Batch: 2330, Acc: 23.50%, Loss: 1.8339
Epoch: 6, Batch: 2340, Acc: 23.51%, Loss: 1.7786
Epoch: 6, Batch: 2350, Acc: 23.52%, Loss: 1.7789
Epoch: 6, Batch: 2360, Acc: 23.52%, Loss: 1.7677
Epoch: 6, Batch: 2370, Acc: 23.52%, Loss: 1.7879
Epoch: 6, Batch: 2380, Acc: 23.52%, Loss: 1.7922
Epoch: 6, Batch: 2390, Acc: 23.53%, Loss: 1.7948
Epoch: 6, Batch: 2400, Acc: 23.53%, Loss: 1.7847
Epoch: 6, Batch: 2410, Acc: 23.54%, Loss: 1.7827
Epoch: 6, Batch: 2420, Acc: 23.53%, Loss: 1.8235
Epoch: 6, Batch: 2430, Acc: 23.54%, Loss: 1.7761
Epoch: 6, Batch: 2440, Acc: 23.54%, Loss: 1.7833
Epoch: 6, Batch: 2450, Acc: 23.54%, Loss: 1.7703
Epoch: 6, Batch: 2460, Acc: 23.53%, Loss: 1.8586
Epoch: 6, Batch: 2470, Acc: 23.53%, Loss: 1.8087
Epoch: 6, Batch: 2480, Acc: 23.53%, Loss: 1.8141
Epoch: 6, Batch: 2490, Acc: 23.52%, Loss: 1.7967
Epoch: 6, Batch: 2500, Acc: 23.52%, Loss: 1.8108
Epoch: 6, Batch: 2510, Acc: 23.52%, Loss: 1.7925
Epoch: 6, Batch: 2520, Acc: 23.53%, Loss: 1.7500
Epoch: 6, Batch: 2530, Acc: 23.53%, Loss: 1.7646
Epoch: 6, Batch: 2540, Acc: 23.52%, Loss: 1.8451
Epoch: 6, Batch: 2550, Acc: 23.53%, Loss: 1.7575
Epoch: 6, Batch: 2560, Acc: 23.52%, Loss: 1.8149
Epoch: 6, Batch: 2570, Acc: 23.52%, Loss: 1.7970
Epoch: 6, Batch: 2580, Acc: 23.52%, Loss: 1.7875
Epoch: 6, Batch: 2590, Acc: 23.52%, Loss: 1.7944
Epoch: 6, Batch: 2600, Acc: 23.52%, Loss: 1.7907
Epoch: 6, Batch: 2610, Acc: 23.52%, Loss: 1.7854
Epoch: 6, Batch: 2620, Acc: 23.52%, Loss: 1.7758
Epoch: 6, Batch: 2630, Acc: 23.53%, Loss: 1.8158
Epoch: 6, Batch: 2640, Acc: 23.53%, Loss: 1.8211
Epoch: 6, Batch: 2650, Acc: 23.52%, Loss: 1.8074
Epoch: 6, Batch: 2660, Acc: 23.52%, Loss: 1.8095
Epoch: 6, Batch: 2670, Acc: 23.53%, Loss: 1.7818
Epoch: 6, Batch: 2680, Acc: 23.53%, Loss: 1.7653
Epoch: 6, Batch: 2690, Acc: 23.52%, Loss: 1.8182
Epoch: 6, Batch: 2700, Acc: 23.52%, Loss: 1.8249
Epoch: 6, Batch: 2710, Acc: 23.52%, Loss: 1.7725
Epoch: 6, Batch: 2720, Acc: 23.54%, Loss: 1.7760
Epoch: 6, Batch: 2730, Acc: 23.54%, Loss: 1.8070
Epoch: 6, Batch: 2740, Acc: 23.53%, Loss: 1.8310
Epoch: 6, Batch: 2750, Acc: 23.53%, Loss: 1.8005
Epoch: 6, Batch: 2760, Acc: 23.53%, Loss: 1.7677
Epoch: 6, Batch: 2770, Acc: 23.53%, Loss: 1.8224
Epoch: 6, Batch: 2780, Acc: 23.53%, Loss: 1.7902
Epoch: 6, Batch: 2790, Acc: 23.54%, Loss: 1.7799
Epoch: 6, Batch: 2800, Acc: 23.54%, Loss: 1.7951
Epoch: 6, Batch: 2810, Acc: 23.53%, Loss: 1.8266
Epoch: 6, Batch: 2820, Acc: 23.53%, Loss: 1.8052
Epoch: 6, Batch: 2830, Acc: 23.53%, Loss: 1.7911
Epoch: 6, Batch: 2840, Acc: 23.52%, Loss: 1.7999
Epoch: 6, Batch: 2850, Acc: 23.52%, Loss: 1.8127
Epoch: 6, Batch: 2860, Acc: 23.52%, Loss: 1.7712
Epoch: 6, Batch: 2870, Acc: 23.53%, Loss: 1.7666
Epoch: 6, Batch: 2880, Acc: 23.53%, Loss: 1.7971
Accuracy on test set: 44.80%, Val loss: 2.2686
Epoch 6: train_loss=1.7991, val_acc=44.80, best_val_acc=44.80, es_counter=0
Epoch: 7, Batch: 10, Acc: 28.59%, Loss: 1.7265
Epoch: 7, Batch: 20, Acc: 25.00%, Loss: 1.8265
Epoch: 7, Batch: 30, Acc: 25.05%, Loss: 1.7976
Epoch: 7, Batch: 40, Acc: 24.92%, Loss: 1.7971
Epoch: 7, Batch: 50, Acc: 24.22%, Loss: 1.8324
Epoch: 7, Batch: 60, Acc: 24.19%, Loss: 1.7747
Epoch: 7, Batch: 70, Acc: 24.02%, Loss: 1.8006
Epoch: 7, Batch: 80, Acc: 23.93%, Loss: 1.8392
Epoch: 7, Batch: 90, Acc: 23.68%, Loss: 1.8330
Epoch: 7, Batch: 100, Acc: 23.69%, Loss: 1.7888
Epoch: 7, Batch: 110, Acc: 23.89%, Loss: 1.7563
Epoch: 7, Batch: 120, Acc: 23.85%, Loss: 1.7866
Epoch: 7, Batch: 130, Acc: 23.81%, Loss: 1.7632
Epoch: 7, Batch: 140, Acc: 23.85%, Loss: 1.7928
Epoch: 7, Batch: 150, Acc: 23.83%, Loss: 1.8161
Epoch: 7, Batch: 160, Acc: 23.79%, Loss: 1.8187
Epoch: 7, Batch: 170, Acc: 24.01%, Loss: 1.7654
Epoch: 7, Batch: 180, Acc: 23.88%, Loss: 1.8359
Epoch: 7, Batch: 190, Acc: 23.87%, Loss: 1.7878
Epoch: 7, Batch: 200, Acc: 23.89%, Loss: 1.7964
Epoch: 7, Batch: 210, Acc: 23.91%, Loss: 1.7997
Epoch: 7, Batch: 220, Acc: 23.79%, Loss: 1.8205
Epoch: 7, Batch: 230, Acc: 23.83%, Loss: 1.7987
Epoch: 7, Batch: 240, Acc: 23.96%, Loss: 1.7991
Epoch: 7, Batch: 250, Acc: 23.90%, Loss: 1.7980
Epoch: 7, Batch: 260, Acc: 23.89%, Loss: 1.7927
Epoch: 7, Batch: 270, Acc: 24.02%, Loss: 1.7825
Epoch: 7, Batch: 280, Acc: 23.92%, Loss: 1.8147
Epoch: 7, Batch: 290, Acc: 23.84%, Loss: 1.8099
Epoch: 7, Batch: 300, Acc: 23.91%, Loss: 1.7632
Epoch: 7, Batch: 310, Acc: 23.90%, Loss: 1.8024
Epoch: 7, Batch: 320, Acc: 23.90%, Loss: 1.7956
Epoch: 7, Batch: 330, Acc: 23.88%, Loss: 1.7947
Epoch: 7, Batch: 340, Acc: 23.92%, Loss: 1.7665
Epoch: 7, Batch: 350, Acc: 24.01%, Loss: 1.7628
Epoch: 7, Batch: 360, Acc: 24.11%, Loss: 1.7599
Epoch: 7, Batch: 370, Acc: 24.08%, Loss: 1.7995
Epoch: 7, Batch: 380, Acc: 24.10%, Loss: 1.8134
Epoch: 7, Batch: 390, Acc: 24.11%, Loss: 1.7915
Epoch: 7, Batch: 400, Acc: 24.11%, Loss: 1.7911
Epoch: 7, Batch: 410, Acc: 24.17%, Loss: 1.7785
Epoch: 7, Batch: 420, Acc: 24.13%, Loss: 1.8275
Epoch: 7, Batch: 430, Acc: 24.08%, Loss: 1.8095
Epoch: 7, Batch: 440, Acc: 24.07%, Loss: 1.8026
Epoch: 7, Batch: 450, Acc: 24.05%, Loss: 1.8089
Epoch: 7, Batch: 460, Acc: 24.12%, Loss: 1.7907
Epoch: 7, Batch: 470, Acc: 24.10%, Loss: 1.7723
Epoch: 7, Batch: 480, Acc: 24.16%, Loss: 1.7533
Epoch: 7, Batch: 490, Acc: 24.21%, Loss: 1.7682
Epoch: 7, Batch: 500, Acc: 24.13%, Loss: 1.8330
Epoch: 7, Batch: 510, Acc: 24.15%, Loss: 1.7656
Epoch: 7, Batch: 520, Acc: 24.10%, Loss: 1.8197
Epoch: 7, Batch: 530, Acc: 24.10%, Loss: 1.8040
Epoch: 7, Batch: 540, Acc: 24.13%, Loss: 1.7794
Epoch: 7, Batch: 550, Acc: 24.16%, Loss: 1.7964
Epoch: 7, Batch: 560, Acc: 24.20%, Loss: 1.7690
Epoch: 7, Batch: 570, Acc: 24.21%, Loss: 1.7677
Epoch: 7, Batch: 580, Acc: 24.19%, Loss: 1.8069
Epoch: 7, Batch: 590, Acc: 24.14%, Loss: 1.7955
Epoch: 7, Batch: 600, Acc: 24.18%, Loss: 1.7815
Epoch: 7, Batch: 610, Acc: 24.13%, Loss: 1.8160
Epoch: 7, Batch: 620, Acc: 24.10%, Loss: 1.7977
Epoch: 7, Batch: 630, Acc: 24.10%, Loss: 1.8008
Epoch: 7, Batch: 640, Acc: 24.06%, Loss: 1.8101
Epoch: 7, Batch: 650, Acc: 24.04%, Loss: 1.8212
Epoch: 7, Batch: 660, Acc: 24.05%, Loss: 1.7958
Epoch: 7, Batch: 670, Acc: 23.98%, Loss: 1.8364
Epoch: 7, Batch: 680, Acc: 23.99%, Loss: 1.7992
Epoch: 7, Batch: 690, Acc: 23.96%, Loss: 1.8272
Epoch: 7, Batch: 700, Acc: 23.93%, Loss: 1.8288
Epoch: 7, Batch: 710, Acc: 23.92%, Loss: 1.8075
Epoch: 7, Batch: 720, Acc: 23.92%, Loss: 1.7705
Epoch: 7, Batch: 730, Acc: 23.96%, Loss: 1.7552
Epoch: 7, Batch: 740, Acc: 23.91%, Loss: 1.8477
Epoch: 7, Batch: 750, Acc: 23.88%, Loss: 1.8160
Epoch: 7, Batch: 760, Acc: 23.93%, Loss: 1.7794
Epoch: 7, Batch: 770, Acc: 23.90%, Loss: 1.8534
Epoch: 7, Batch: 780, Acc: 23.88%, Loss: 1.7900
Epoch: 7, Batch: 790, Acc: 23.86%, Loss: 1.7836
Epoch: 7, Batch: 800, Acc: 23.84%, Loss: 1.8244
Epoch: 7, Batch: 810, Acc: 23.82%, Loss: 1.8147
Epoch: 7, Batch: 820, Acc: 23.81%, Loss: 1.8287
Epoch: 7, Batch: 830, Acc: 23.81%, Loss: 1.7949
Epoch: 7, Batch: 840, Acc: 23.82%, Loss: 1.7765
Epoch: 7, Batch: 850, Acc: 23.78%, Loss: 1.8060
Epoch: 7, Batch: 860, Acc: 23.79%, Loss: 1.7834
Epoch: 7, Batch: 870, Acc: 23.77%, Loss: 1.8101
Epoch: 7, Batch: 880, Acc: 23.75%, Loss: 1.7921
Epoch: 7, Batch: 890, Acc: 23.80%, Loss: 1.7374
Epoch: 7, Batch: 900, Acc: 23.77%, Loss: 1.8007
Epoch: 7, Batch: 910, Acc: 23.81%, Loss: 1.7535
Epoch: 7, Batch: 920, Acc: 23.83%, Loss: 1.7550
Epoch: 7, Batch: 930, Acc: 23.83%, Loss: 1.7935
Epoch: 7, Batch: 940, Acc: 23.85%, Loss: 1.8070
Epoch: 7, Batch: 950, Acc: 23.84%, Loss: 1.7893
Epoch: 7, Batch: 960, Acc: 23.82%, Loss: 1.8251
Epoch: 7, Batch: 970, Acc: 23.82%, Loss: 1.7839
Epoch: 7, Batch: 980, Acc: 23.80%, Loss: 1.8041
Epoch: 7, Batch: 990, Acc: 23.82%, Loss: 1.7820
Epoch: 7, Batch: 1000, Acc: 23.79%, Loss: 1.8330
Epoch: 7, Batch: 1010, Acc: 23.79%, Loss: 1.7837
Epoch: 7, Batch: 1020, Acc: 23.79%, Loss: 1.8191
Epoch: 7, Batch: 1030, Acc: 23.77%, Loss: 1.8311
Epoch: 7, Batch: 1040, Acc: 23.76%, Loss: 1.8226
Epoch: 7, Batch: 1050, Acc: 23.77%, Loss: 1.7722
Epoch: 7, Batch: 1060, Acc: 23.76%, Loss: 1.8066
Epoch: 7, Batch: 1070, Acc: 23.79%, Loss: 1.7743
Epoch: 7, Batch: 1080, Acc: 23.81%, Loss: 1.7833
Epoch: 7, Batch: 1090, Acc: 23.79%, Loss: 1.8327
Epoch: 7, Batch: 1100, Acc: 23.83%, Loss: 1.7467
Epoch: 7, Batch: 1110, Acc: 23.82%, Loss: 1.8560
Epoch: 7, Batch: 1120, Acc: 23.80%, Loss: 1.7993
Epoch: 7, Batch: 1130, Acc: 23.79%, Loss: 1.7780
Epoch: 7, Batch: 1140, Acc: 23.79%, Loss: 1.8161
Epoch: 7, Batch: 1150, Acc: 23.77%, Loss: 1.8381
Epoch: 7, Batch: 1160, Acc: 23.79%, Loss: 1.7584
Epoch: 7, Batch: 1170, Acc: 23.80%, Loss: 1.7955
Epoch: 7, Batch: 1180, Acc: 23.78%, Loss: 1.8116
Epoch: 7, Batch: 1190, Acc: 23.80%, Loss: 1.7723
Epoch: 7, Batch: 1200, Acc: 23.80%, Loss: 1.8067
Epoch: 7, Batch: 1210, Acc: 23.80%, Loss: 1.8033
Epoch: 7, Batch: 1220, Acc: 23.80%, Loss: 1.7903
Epoch: 7, Batch: 1230, Acc: 23.80%, Loss: 1.7911
Epoch: 7, Batch: 1240, Acc: 23.78%, Loss: 1.8286
Epoch: 7, Batch: 1250, Acc: 23.78%, Loss: 1.8001
Epoch: 7, Batch: 1260, Acc: 23.76%, Loss: 1.8176
Epoch: 7, Batch: 1270, Acc: 23.78%, Loss: 1.7553
Epoch: 7, Batch: 1280, Acc: 23.78%, Loss: 1.8047
Epoch: 7, Batch: 1290, Acc: 23.77%, Loss: 1.8071
Epoch: 7, Batch: 1300, Acc: 23.76%, Loss: 1.7834
Epoch: 7, Batch: 1310, Acc: 23.76%, Loss: 1.7987
Epoch: 7, Batch: 1320, Acc: 23.78%, Loss: 1.7384
Epoch: 7, Batch: 1330, Acc: 23.76%, Loss: 1.8014
Epoch: 7, Batch: 1340, Acc: 23.78%, Loss: 1.7711
Epoch: 7, Batch: 1350, Acc: 23.79%, Loss: 1.8146
Epoch: 7, Batch: 1360, Acc: 23.79%, Loss: 1.7826
Epoch: 7, Batch: 1370, Acc: 23.80%, Loss: 1.8014
Epoch: 7, Batch: 1380, Acc: 23.79%, Loss: 1.8048
Epoch: 7, Batch: 1390, Acc: 23.81%, Loss: 1.7715
Epoch: 7, Batch: 1400, Acc: 23.80%, Loss: 1.7949
Epoch: 7, Batch: 1410, Acc: 23.78%, Loss: 1.8238
Epoch: 7, Batch: 1420, Acc: 23.80%, Loss: 1.7826
Epoch: 7, Batch: 1430, Acc: 23.78%, Loss: 1.7878
Epoch: 7, Batch: 1440, Acc: 23.78%, Loss: 1.7906
Epoch: 7, Batch: 1450, Acc: 23.78%, Loss: 1.8252
Epoch: 7, Batch: 1460, Acc: 23.78%, Loss: 1.8214
Epoch: 7, Batch: 1470, Acc: 23.80%, Loss: 1.8066
Epoch: 7, Batch: 1480, Acc: 23.78%, Loss: 1.8281
Epoch: 7, Batch: 1490, Acc: 23.81%, Loss: 1.7573
Epoch: 7, Batch: 1500, Acc: 23.80%, Loss: 1.8246
Epoch: 7, Batch: 1510, Acc: 23.79%, Loss: 1.8252
Epoch: 7, Batch: 1520, Acc: 23.79%, Loss: 1.8027
Epoch: 7, Batch: 1530, Acc: 23.79%, Loss: 1.7909
Epoch: 7, Batch: 1540, Acc: 23.79%, Loss: 1.7784
Epoch: 7, Batch: 1550, Acc: 23.77%, Loss: 1.8336
Epoch: 7, Batch: 1560, Acc: 23.77%, Loss: 1.8148
Epoch: 7, Batch: 1570, Acc: 23.78%, Loss: 1.7996
Epoch: 7, Batch: 1580, Acc: 23.77%, Loss: 1.8254
Epoch: 7, Batch: 1590, Acc: 23.76%, Loss: 1.8189
Epoch: 7, Batch: 1600, Acc: 23.76%, Loss: 1.7896
Epoch: 7, Batch: 1610, Acc: 23.76%, Loss: 1.7686
Epoch: 7, Batch: 1620, Acc: 23.78%, Loss: 1.7877
Epoch: 7, Batch: 1630, Acc: 23.77%, Loss: 1.7846
Epoch: 7, Batch: 1640, Acc: 23.77%, Loss: 1.7647
Epoch: 7, Batch: 1650, Acc: 23.76%, Loss: 1.8072
Epoch: 7, Batch: 1660, Acc: 23.76%, Loss: 1.8090
Epoch: 7, Batch: 1670, Acc: 23.76%, Loss: 1.7889
Epoch: 7, Batch: 1680, Acc: 23.75%, Loss: 1.8322
Epoch: 7, Batch: 1690, Acc: 23.75%, Loss: 1.7696
Epoch: 7, Batch: 1700, Acc: 23.76%, Loss: 1.7609
Epoch: 7, Batch: 1710, Acc: 23.78%, Loss: 1.7675
Epoch: 7, Batch: 1720, Acc: 23.77%, Loss: 1.8261
Epoch: 7, Batch: 1730, Acc: 23.77%, Loss: 1.8176
Epoch: 7, Batch: 1740, Acc: 23.77%, Loss: 1.7678
Epoch: 7, Batch: 1750, Acc: 23.76%, Loss: 1.8146
Epoch: 7, Batch: 1760, Acc: 23.75%, Loss: 1.7999
Epoch: 7, Batch: 1770, Acc: 23.75%, Loss: 1.8265
Epoch: 7, Batch: 1780, Acc: 23.76%, Loss: 1.7684
Epoch: 7, Batch: 1790, Acc: 23.76%, Loss: 1.8091
Epoch: 7, Batch: 1800, Acc: 23.76%, Loss: 1.7886
Epoch: 7, Batch: 1810, Acc: 23.76%, Loss: 1.8251
Epoch: 7, Batch: 1820, Acc: 23.76%, Loss: 1.8299
Epoch: 7, Batch: 1830, Acc: 23.75%, Loss: 1.8212
Epoch: 7, Batch: 1840, Acc: 23.76%, Loss: 1.7771
Epoch: 7, Batch: 1850, Acc: 23.76%, Loss: 1.7868
Epoch: 7, Batch: 1860, Acc: 23.77%, Loss: 1.7962
Epoch: 7, Batch: 1870, Acc: 23.75%, Loss: 1.8201
Epoch: 7, Batch: 1880, Acc: 23.76%, Loss: 1.7918
Epoch: 7, Batch: 1890, Acc: 23.76%, Loss: 1.8048
Epoch: 7, Batch: 1900, Acc: 23.75%, Loss: 1.8314
Epoch: 7, Batch: 1910, Acc: 23.76%, Loss: 1.7723
Epoch: 7, Batch: 1920, Acc: 23.76%, Loss: 1.8054
Epoch: 7, Batch: 1930, Acc: 23.77%, Loss: 1.7844
Epoch: 7, Batch: 1940, Acc: 23.78%, Loss: 1.8113
Epoch: 7, Batch: 1950, Acc: 23.77%, Loss: 1.8111
Epoch: 7, Batch: 1960, Acc: 23.76%, Loss: 1.7663
Epoch: 7, Batch: 1970, Acc: 23.77%, Loss: 1.7886
Epoch: 7, Batch: 1980, Acc: 23.75%, Loss: 1.8261
Epoch: 7, Batch: 1990, Acc: 23.75%, Loss: 1.7833
Epoch: 7, Batch: 2000, Acc: 23.75%, Loss: 1.7976
Epoch: 7, Batch: 2010, Acc: 23.75%, Loss: 1.8172
Epoch: 7, Batch: 2020, Acc: 23.75%, Loss: 1.8224
Epoch: 7, Batch: 2030, Acc: 23.74%, Loss: 1.8577
Epoch: 7, Batch: 2040, Acc: 23.73%, Loss: 1.7891
Epoch: 7, Batch: 2050, Acc: 23.73%, Loss: 1.7941
Epoch: 7, Batch: 2060, Acc: 23.73%, Loss: 1.7544
Epoch: 7, Batch: 2070, Acc: 23.74%, Loss: 1.8013
Epoch: 7, Batch: 2080, Acc: 23.74%, Loss: 1.7866
Epoch: 7, Batch: 2090, Acc: 23.75%, Loss: 1.7755
Epoch: 7, Batch: 2100, Acc: 23.74%, Loss: 1.7940
Epoch: 7, Batch: 2110, Acc: 23.74%, Loss: 1.7763
Epoch: 7, Batch: 2120, Acc: 23.74%, Loss: 1.8114
Epoch: 7, Batch: 2130, Acc: 23.74%, Loss: 1.8307
Epoch: 7, Batch: 2140, Acc: 23.73%, Loss: 1.8077
Epoch: 7, Batch: 2150, Acc: 23.75%, Loss: 1.7334
Epoch: 7, Batch: 2160, Acc: 23.74%, Loss: 1.8037
Epoch: 7, Batch: 2170, Acc: 23.74%, Loss: 1.8189
Epoch: 7, Batch: 2180, Acc: 23.75%, Loss: 1.7363
Epoch: 7, Batch: 2190, Acc: 23.75%, Loss: 1.7927
Epoch: 7, Batch: 2200, Acc: 23.75%, Loss: 1.7905
Epoch: 7, Batch: 2210, Acc: 23.74%, Loss: 1.7895
Epoch: 7, Batch: 2220, Acc: 23.73%, Loss: 1.8434
Epoch: 7, Batch: 2230, Acc: 23.73%, Loss: 1.7904
Epoch: 7, Batch: 2240, Acc: 23.74%, Loss: 1.7927
Epoch: 7, Batch: 2250, Acc: 23.74%, Loss: 1.8011
Epoch: 7, Batch: 2260, Acc: 23.74%, Loss: 1.7951
Epoch: 7, Batch: 2270, Acc: 23.75%, Loss: 1.7723
Epoch: 7, Batch: 2280, Acc: 23.74%, Loss: 1.8190
Epoch: 7, Batch: 2290, Acc: 23.74%, Loss: 1.7944
Epoch: 7, Batch: 2300, Acc: 23.74%, Loss: 1.7813
Epoch: 7, Batch: 2310, Acc: 23.73%, Loss: 1.8025
Epoch: 7, Batch: 2320, Acc: 23.73%, Loss: 1.8261
Epoch: 7, Batch: 2330, Acc: 23.72%, Loss: 1.8335
Epoch: 7, Batch: 2340, Acc: 23.72%, Loss: 1.8215
Epoch: 7, Batch: 2350, Acc: 23.72%, Loss: 1.7818
Epoch: 7, Batch: 2360, Acc: 23.72%, Loss: 1.7985
Epoch: 7, Batch: 2370, Acc: 23.72%, Loss: 1.7795
Epoch: 7, Batch: 2380, Acc: 23.73%, Loss: 1.7760
Epoch: 7, Batch: 2390, Acc: 23.72%, Loss: 1.8241
Epoch: 7, Batch: 2400, Acc: 23.72%, Loss: 1.8113
Epoch: 7, Batch: 2410, Acc: 23.71%, Loss: 1.7948
Epoch: 7, Batch: 2420, Acc: 23.72%, Loss: 1.7745
Epoch: 7, Batch: 2430, Acc: 23.72%, Loss: 1.7584
Epoch: 7, Batch: 2440, Acc: 23.72%, Loss: 1.8294
Epoch: 7, Batch: 2450, Acc: 23.71%, Loss: 1.8097
Epoch: 7, Batch: 2460, Acc: 23.71%, Loss: 1.7879
Epoch: 7, Batch: 2470, Acc: 23.71%, Loss: 1.7708
Epoch: 7, Batch: 2480, Acc: 23.71%, Loss: 1.8102
Epoch: 7, Batch: 2490, Acc: 23.71%, Loss: 1.7895
Epoch: 7, Batch: 2500, Acc: 23.72%, Loss: 1.7799
Epoch: 7, Batch: 2510, Acc: 23.72%, Loss: 1.8130
Epoch: 7, Batch: 2520, Acc: 23.71%, Loss: 1.8295
Epoch: 7, Batch: 2530, Acc: 23.71%, Loss: 1.7809
Epoch: 7, Batch: 2540, Acc: 23.72%, Loss: 1.7782
Epoch: 7, Batch: 2550, Acc: 23.72%, Loss: 1.8003
Epoch: 7, Batch: 2560, Acc: 23.71%, Loss: 1.7767
Epoch: 7, Batch: 2570, Acc: 23.71%, Loss: 1.8068
Epoch: 7, Batch: 2580, Acc: 23.71%, Loss: 1.7891
Epoch: 7, Batch: 2590, Acc: 23.71%, Loss: 1.7869
Epoch: 7, Batch: 2600, Acc: 23.72%, Loss: 1.8019
Epoch: 7, Batch: 2610, Acc: 23.71%, Loss: 1.8374
Epoch: 7, Batch: 2620, Acc: 23.71%, Loss: 1.7965
Epoch: 7, Batch: 2630, Acc: 23.69%, Loss: 1.8333
Epoch: 7, Batch: 2640, Acc: 23.70%, Loss: 1.7527
Epoch: 7, Batch: 2650, Acc: 23.71%, Loss: 1.7892
Epoch: 7, Batch: 2660, Acc: 23.70%, Loss: 1.8391
Epoch: 7, Batch: 2670, Acc: 23.70%, Loss: 1.7720
Epoch: 7, Batch: 2680, Acc: 23.70%, Loss: 1.8230
Epoch: 7, Batch: 2690, Acc: 23.70%, Loss: 1.8278
Epoch: 7, Batch: 2700, Acc: 23.70%, Loss: 1.8189
Epoch: 7, Batch: 2710, Acc: 23.71%, Loss: 1.7754
Epoch: 7, Batch: 2720, Acc: 23.71%, Loss: 1.7998
Epoch: 7, Batch: 2730, Acc: 23.71%, Loss: 1.7398
Epoch: 7, Batch: 2740, Acc: 23.72%, Loss: 1.8032
Epoch: 7, Batch: 2750, Acc: 23.72%, Loss: 1.7719
Epoch: 7, Batch: 2760, Acc: 23.73%, Loss: 1.7765
Epoch: 7, Batch: 2770, Acc: 23.72%, Loss: 1.7962
Epoch: 7, Batch: 2780, Acc: 23.72%, Loss: 1.7706
Epoch: 7, Batch: 2790, Acc: 23.73%, Loss: 1.7785
Epoch: 7, Batch: 2800, Acc: 23.73%, Loss: 1.8289
Epoch: 7, Batch: 2810, Acc: 23.72%, Loss: 1.8111
Epoch: 7, Batch: 2820, Acc: 23.72%, Loss: 1.8193
Epoch: 7, Batch: 2830, Acc: 23.71%, Loss: 1.8045
Epoch: 7, Batch: 2840, Acc: 23.71%, Loss: 1.8070
Epoch: 7, Batch: 2850, Acc: 23.70%, Loss: 1.8224
Epoch: 7, Batch: 2860, Acc: 23.69%, Loss: 1.8451
Epoch: 7, Batch: 2870, Acc: 23.68%, Loss: 1.8350
Epoch: 7, Batch: 2880, Acc: 23.68%, Loss: 1.8164
Accuracy on test set: 44.82%, Val loss: 2.2756
Epoch 7: train_loss=1.7981, val_acc=44.82, best_val_acc=44.82, es_counter=0
Epoch: 8, Batch: 10, Acc: 21.56%, Loss: 1.8298
Epoch: 8, Batch: 20, Acc: 22.42%, Loss: 1.8166
Epoch: 8, Batch: 30, Acc: 22.34%, Loss: 1.8174
Epoch: 8, Batch: 40, Acc: 22.93%, Loss: 1.7763
Epoch: 8, Batch: 50, Acc: 23.00%, Loss: 1.7882
Epoch: 8, Batch: 60, Acc: 23.02%, Loss: 1.7932
Epoch: 8, Batch: 70, Acc: 23.21%, Loss: 1.7822
Epoch: 8, Batch: 80, Acc: 23.16%, Loss: 1.8174
Epoch: 8, Batch: 90, Acc: 22.99%, Loss: 1.8314
Epoch: 8, Batch: 100, Acc: 23.12%, Loss: 1.7893
Epoch: 8, Batch: 110, Acc: 23.41%, Loss: 1.7728
Epoch: 8, Batch: 120, Acc: 23.35%, Loss: 1.7910
Epoch: 8, Batch: 130, Acc: 23.29%, Loss: 1.8013
Epoch: 8, Batch: 140, Acc: 23.29%, Loss: 1.7923
Epoch: 8, Batch: 150, Acc: 23.35%, Loss: 1.7619
Epoch: 8, Batch: 160, Acc: 23.35%, Loss: 1.8215
Epoch: 8, Batch: 170, Acc: 23.29%, Loss: 1.8083
Epoch: 8, Batch: 180, Acc: 23.25%, Loss: 1.8126
Epoch: 8, Batch: 190, Acc: 23.29%, Loss: 1.7956
Epoch: 8, Batch: 200, Acc: 23.14%, Loss: 1.8321
Epoch: 8, Batch: 210, Acc: 23.19%, Loss: 1.8118
Epoch: 8, Batch: 220, Acc: 23.18%, Loss: 1.8365
Epoch: 8, Batch: 230, Acc: 23.18%, Loss: 1.8038
Epoch: 8, Batch: 240, Acc: 23.14%, Loss: 1.8108
Epoch: 8, Batch: 250, Acc: 23.15%, Loss: 1.7981
Epoch: 8, Batch: 260, Acc: 23.07%, Loss: 1.8086
Epoch: 8, Batch: 270, Acc: 23.15%, Loss: 1.7883
Epoch: 8, Batch: 280, Acc: 23.19%, Loss: 1.8025
Epoch: 8, Batch: 290, Acc: 23.21%, Loss: 1.8145
Epoch: 8, Batch: 300, Acc: 23.15%, Loss: 1.7990
Epoch: 8, Batch: 310, Acc: 23.29%, Loss: 1.7605
Epoch: 8, Batch: 320, Acc: 23.36%, Loss: 1.7965
Epoch: 8, Batch: 330, Acc: 23.51%, Loss: 1.7625
Epoch: 8, Batch: 340, Acc: 23.45%, Loss: 1.8350
Epoch: 8, Batch: 350, Acc: 23.51%, Loss: 1.7785
Epoch: 8, Batch: 360, Acc: 23.48%, Loss: 1.8073
Epoch: 8, Batch: 370, Acc: 23.46%, Loss: 1.8089
Epoch: 8, Batch: 380, Acc: 23.45%, Loss: 1.7954
Epoch: 8, Batch: 390, Acc: 23.42%, Loss: 1.8321
Epoch: 8, Batch: 400, Acc: 23.38%, Loss: 1.8014
Epoch: 8, Batch: 410, Acc: 23.33%, Loss: 1.8274
Epoch: 8, Batch: 420, Acc: 23.33%, Loss: 1.8189
Epoch: 8, Batch: 430, Acc: 23.40%, Loss: 1.7723
Epoch: 8, Batch: 440, Acc: 23.46%, Loss: 1.7721
Epoch: 8, Batch: 450, Acc: 23.46%, Loss: 1.7769
Epoch: 8, Batch: 460, Acc: 23.50%, Loss: 1.7815
Epoch: 8, Batch: 470, Acc: 23.50%, Loss: 1.7915
Epoch: 8, Batch: 480, Acc: 23.50%, Loss: 1.7956
Epoch: 8, Batch: 490, Acc: 23.51%, Loss: 1.7989
Epoch: 8, Batch: 500, Acc: 23.56%, Loss: 1.7726
Epoch: 8, Batch: 510, Acc: 23.54%, Loss: 1.8230
Epoch: 8, Batch: 520, Acc: 23.55%, Loss: 1.7970
Epoch: 8, Batch: 530, Acc: 23.54%, Loss: 1.8069
Epoch: 8, Batch: 540, Acc: 23.56%, Loss: 1.7746
Epoch: 8, Batch: 550, Acc: 23.58%, Loss: 1.8289
Epoch: 8, Batch: 560, Acc: 23.53%, Loss: 1.8271
Epoch: 8, Batch: 570, Acc: 23.54%, Loss: 1.8171
Epoch: 8, Batch: 580, Acc: 23.55%, Loss: 1.8078
Epoch: 8, Batch: 590, Acc: 23.57%, Loss: 1.8064
Epoch: 8, Batch: 600, Acc: 23.60%, Loss: 1.8120
Epoch: 8, Batch: 610, Acc: 23.60%, Loss: 1.8114
Epoch: 8, Batch: 620, Acc: 23.62%, Loss: 1.7787
Epoch: 8, Batch: 630, Acc: 23.62%, Loss: 1.8023
Epoch: 8, Batch: 640, Acc: 23.60%, Loss: 1.8308
Epoch: 8, Batch: 650, Acc: 23.58%, Loss: 1.7999
Epoch: 8, Batch: 660, Acc: 23.56%, Loss: 1.7893
Epoch: 8, Batch: 670, Acc: 23.56%, Loss: 1.7883
Epoch: 8, Batch: 680, Acc: 23.55%, Loss: 1.8370
Epoch: 8, Batch: 690, Acc: 23.52%, Loss: 1.8274
Epoch: 8, Batch: 700, Acc: 23.50%, Loss: 1.8114
Epoch: 8, Batch: 710, Acc: 23.51%, Loss: 1.8041
Epoch: 8, Batch: 720, Acc: 23.50%, Loss: 1.8200
Epoch: 8, Batch: 730, Acc: 23.50%, Loss: 1.8048
Epoch: 8, Batch: 740, Acc: 23.51%, Loss: 1.7846
Epoch: 8, Batch: 750, Acc: 23.53%, Loss: 1.7608
Epoch: 8, Batch: 760, Acc: 23.53%, Loss: 1.8029
Epoch: 8, Batch: 770, Acc: 23.55%, Loss: 1.7792
Epoch: 8, Batch: 780, Acc: 23.49%, Loss: 1.8314
Epoch: 8, Batch: 790, Acc: 23.49%, Loss: 1.8092
Epoch: 8, Batch: 800, Acc: 23.49%, Loss: 1.7977
Epoch: 8, Batch: 810, Acc: 23.51%, Loss: 1.7905
Epoch: 8, Batch: 820, Acc: 23.50%, Loss: 1.8162
Epoch: 8, Batch: 830, Acc: 23.50%, Loss: 1.7777
Epoch: 8, Batch: 840, Acc: 23.48%, Loss: 1.8079
Epoch: 8, Batch: 850, Acc: 23.46%, Loss: 1.7959
Epoch: 8, Batch: 860, Acc: 23.49%, Loss: 1.8013
Epoch: 8, Batch: 870, Acc: 23.48%, Loss: 1.8227
Epoch: 8, Batch: 880, Acc: 23.47%, Loss: 1.8026
Epoch: 8, Batch: 890, Acc: 23.50%, Loss: 1.7701
Epoch: 8, Batch: 900, Acc: 23.52%, Loss: 1.8123
Epoch: 8, Batch: 910, Acc: 23.50%, Loss: 1.7959
Epoch: 8, Batch: 920, Acc: 23.51%, Loss: 1.8113
Epoch: 8, Batch: 930, Acc: 23.49%, Loss: 1.7950
Epoch: 8, Batch: 940, Acc: 23.49%, Loss: 1.8031
Epoch: 8, Batch: 950, Acc: 23.47%, Loss: 1.8053
Epoch: 8, Batch: 960, Acc: 23.47%, Loss: 1.7604
Epoch: 8, Batch: 970, Acc: 23.51%, Loss: 1.7726
Epoch: 8, Batch: 980, Acc: 23.53%, Loss: 1.7855
Epoch: 8, Batch: 990, Acc: 23.56%, Loss: 1.7732
Epoch: 8, Batch: 1000, Acc: 23.57%, Loss: 1.7999
Epoch: 8, Batch: 1010, Acc: 23.60%, Loss: 1.7620
Epoch: 8, Batch: 1020, Acc: 23.60%, Loss: 1.8006
Epoch: 8, Batch: 1030, Acc: 23.60%, Loss: 1.7940
Epoch: 8, Batch: 1040, Acc: 23.62%, Loss: 1.8069
Epoch: 8, Batch: 1050, Acc: 23.61%, Loss: 1.8165
Epoch: 8, Batch: 1060, Acc: 23.59%, Loss: 1.8236
Epoch: 8, Batch: 1070, Acc: 23.58%, Loss: 1.8330
Epoch: 8, Batch: 1080, Acc: 23.57%, Loss: 1.8390
Epoch: 8, Batch: 1090, Acc: 23.59%, Loss: 1.7635
Epoch: 8, Batch: 1100, Acc: 23.59%, Loss: 1.7762
Epoch: 8, Batch: 1110, Acc: 23.60%, Loss: 1.7626
Epoch: 8, Batch: 1120, Acc: 23.62%, Loss: 1.8035
Epoch: 8, Batch: 1130, Acc: 23.61%, Loss: 1.8040
Epoch: 8, Batch: 1140, Acc: 23.61%, Loss: 1.8114
Epoch: 8, Batch: 1150, Acc: 23.60%, Loss: 1.7890
Epoch: 8, Batch: 1160, Acc: 23.61%, Loss: 1.7638
Epoch: 8, Batch: 1170, Acc: 23.61%, Loss: 1.8122
Epoch: 8, Batch: 1180, Acc: 23.61%, Loss: 1.7917
Epoch: 8, Batch: 1190, Acc: 23.63%, Loss: 1.7495
Epoch: 8, Batch: 1200, Acc: 23.64%, Loss: 1.7301
Epoch: 8, Batch: 1210, Acc: 23.65%, Loss: 1.7842
Epoch: 8, Batch: 1220, Acc: 23.65%, Loss: 1.8056
Epoch: 8, Batch: 1230, Acc: 23.64%, Loss: 1.8022
Epoch: 8, Batch: 1240, Acc: 23.66%, Loss: 1.7725
Epoch: 8, Batch: 1250, Acc: 23.66%, Loss: 1.7747
Epoch: 8, Batch: 1260, Acc: 23.66%, Loss: 1.7666
Epoch: 8, Batch: 1270, Acc: 23.64%, Loss: 1.8358
Epoch: 8, Batch: 1280, Acc: 23.63%, Loss: 1.8166
Epoch: 8, Batch: 1290, Acc: 23.65%, Loss: 1.8082
Epoch: 8, Batch: 1300, Acc: 23.64%, Loss: 1.8327
Epoch: 8, Batch: 1310, Acc: 23.67%, Loss: 1.7349
Epoch: 8, Batch: 1320, Acc: 23.66%, Loss: 1.8086
Epoch: 8, Batch: 1330, Acc: 23.66%, Loss: 1.7933
Epoch: 8, Batch: 1340, Acc: 23.65%, Loss: 1.8109
Epoch: 8, Batch: 1350, Acc: 23.65%, Loss: 1.8057
Epoch: 8, Batch: 1360, Acc: 23.64%, Loss: 1.8307
Epoch: 8, Batch: 1370, Acc: 23.64%, Loss: 1.7799
Epoch: 8, Batch: 1380, Acc: 23.63%, Loss: 1.7880
Epoch: 8, Batch: 1390, Acc: 23.64%, Loss: 1.7969
Epoch: 8, Batch: 1400, Acc: 23.64%, Loss: 1.7705
Epoch: 8, Batch: 1410, Acc: 23.64%, Loss: 1.8021
Epoch: 8, Batch: 1420, Acc: 23.62%, Loss: 1.8307
Epoch: 8, Batch: 1430, Acc: 23.62%, Loss: 1.7937
Epoch: 8, Batch: 1440, Acc: 23.66%, Loss: 1.7703
Epoch: 8, Batch: 1450, Acc: 23.66%, Loss: 1.7982
Epoch: 8, Batch: 1460, Acc: 23.66%, Loss: 1.8076
Epoch: 8, Batch: 1470, Acc: 23.64%, Loss: 1.8389
Epoch: 8, Batch: 1480, Acc: 23.62%, Loss: 1.8176
Epoch: 8, Batch: 1490, Acc: 23.61%, Loss: 1.8173
Epoch: 8, Batch: 1500, Acc: 23.59%, Loss: 1.8135
Epoch: 8, Batch: 1510, Acc: 23.58%, Loss: 1.7831
Epoch: 8, Batch: 1520, Acc: 23.58%, Loss: 1.8029
Epoch: 8, Batch: 1530, Acc: 23.60%, Loss: 1.7707
Epoch: 8, Batch: 1540, Acc: 23.60%, Loss: 1.7635
Epoch: 8, Batch: 1550, Acc: 23.59%, Loss: 1.7944
Epoch: 8, Batch: 1560, Acc: 23.59%, Loss: 1.8062
Epoch: 8, Batch: 1570, Acc: 23.58%, Loss: 1.7860
Epoch: 8, Batch: 1580, Acc: 23.59%, Loss: 1.7903
Epoch: 8, Batch: 1590, Acc: 23.59%, Loss: 1.7670
Epoch: 8, Batch: 1600, Acc: 23.61%, Loss: 1.7762
Epoch: 8, Batch: 1610, Acc: 23.62%, Loss: 1.7973
Epoch: 8, Batch: 1620, Acc: 23.61%, Loss: 1.8226
Epoch: 8, Batch: 1630, Acc: 23.62%, Loss: 1.8042
Epoch: 8, Batch: 1640, Acc: 23.60%, Loss: 1.8281
Epoch: 8, Batch: 1650, Acc: 23.59%, Loss: 1.8098
Epoch: 8, Batch: 1660, Acc: 23.60%, Loss: 1.8253
Epoch: 8, Batch: 1670, Acc: 23.61%, Loss: 1.7861
Epoch: 8, Batch: 1680, Acc: 23.60%, Loss: 1.8531
Epoch: 8, Batch: 1690, Acc: 23.61%, Loss: 1.8062
Epoch: 8, Batch: 1700, Acc: 23.61%, Loss: 1.7701
Epoch: 8, Batch: 1710, Acc: 23.63%, Loss: 1.7763
Epoch: 8, Batch: 1720, Acc: 23.63%, Loss: 1.7905
Epoch: 8, Batch: 1730, Acc: 23.64%, Loss: 1.8059
Epoch: 8, Batch: 1740, Acc: 23.63%, Loss: 1.8128
Epoch: 8, Batch: 1750, Acc: 23.63%, Loss: 1.8236
Epoch: 8, Batch: 1760, Acc: 23.63%, Loss: 1.7801
Epoch: 8, Batch: 1770, Acc: 23.63%, Loss: 1.8016
Epoch: 8, Batch: 1780, Acc: 23.64%, Loss: 1.7956
Epoch: 8, Batch: 1790, Acc: 23.64%, Loss: 1.7885
Epoch: 8, Batch: 1800, Acc: 23.64%, Loss: 1.8134
Epoch: 8, Batch: 1810, Acc: 23.64%, Loss: 1.8066
Epoch: 8, Batch: 1820, Acc: 23.65%, Loss: 1.7926
Epoch: 8, Batch: 1830, Acc: 23.63%, Loss: 1.7997
Epoch: 8, Batch: 1840, Acc: 23.62%, Loss: 1.8184
Epoch: 8, Batch: 1850, Acc: 23.63%, Loss: 1.8013
Epoch: 8, Batch: 1860, Acc: 23.63%, Loss: 1.7792
Epoch: 8, Batch: 1870, Acc: 23.63%, Loss: 1.8118
Epoch: 8, Batch: 1880, Acc: 23.63%, Loss: 1.7883
Epoch: 8, Batch: 1890, Acc: 23.62%, Loss: 1.8000
Epoch: 8, Batch: 1900, Acc: 23.61%, Loss: 1.8275
Epoch: 8, Batch: 1910, Acc: 23.61%, Loss: 1.8084
Epoch: 8, Batch: 1920, Acc: 23.60%, Loss: 1.8177
Epoch: 8, Batch: 1930, Acc: 23.61%, Loss: 1.7788
Epoch: 8, Batch: 1940, Acc: 23.61%, Loss: 1.7960
Epoch: 8, Batch: 1950, Acc: 23.63%, Loss: 1.7744
Epoch: 8, Batch: 1960, Acc: 23.63%, Loss: 1.8068
Epoch: 8, Batch: 1970, Acc: 23.63%, Loss: 1.7828
Epoch: 8, Batch: 1980, Acc: 23.65%, Loss: 1.7931
Epoch: 8, Batch: 1990, Acc: 23.65%, Loss: 1.7754
Epoch: 8, Batch: 2000, Acc: 23.66%, Loss: 1.8128
Epoch: 8, Batch: 2010, Acc: 23.65%, Loss: 1.8251
Epoch: 8, Batch: 2020, Acc: 23.65%, Loss: 1.8084
Epoch: 8, Batch: 2030, Acc: 23.65%, Loss: 1.7968
Epoch: 8, Batch: 2040, Acc: 23.66%, Loss: 1.7867
Epoch: 8, Batch: 2050, Acc: 23.66%, Loss: 1.7818
Epoch: 8, Batch: 2060, Acc: 23.67%, Loss: 1.7753
Epoch: 8, Batch: 2070, Acc: 23.66%, Loss: 1.8026
Epoch: 8, Batch: 2080, Acc: 23.67%, Loss: 1.7679
Epoch: 8, Batch: 2090, Acc: 23.68%, Loss: 1.7613
Epoch: 8, Batch: 2100, Acc: 23.69%, Loss: 1.7846
Epoch: 8, Batch: 2110, Acc: 23.70%, Loss: 1.7417
Epoch: 8, Batch: 2120, Acc: 23.70%, Loss: 1.8087
Epoch: 8, Batch: 2130, Acc: 23.70%, Loss: 1.8178
Epoch: 8, Batch: 2140, Acc: 23.71%, Loss: 1.7226
Epoch: 8, Batch: 2150, Acc: 23.72%, Loss: 1.7674
Epoch: 8, Batch: 2160, Acc: 23.73%, Loss: 1.7872
Epoch: 8, Batch: 2170, Acc: 23.74%, Loss: 1.7925
Epoch: 8, Batch: 2180, Acc: 23.75%, Loss: 1.7698
Epoch: 8, Batch: 2190, Acc: 23.77%, Loss: 1.7573
Epoch: 8, Batch: 2200, Acc: 23.78%, Loss: 1.7936
Epoch: 8, Batch: 2210, Acc: 23.78%, Loss: 1.8223
Epoch: 8, Batch: 2220, Acc: 23.76%, Loss: 1.8394
Epoch: 8, Batch: 2230, Acc: 23.75%, Loss: 1.8266
Epoch: 8, Batch: 2240, Acc: 23.75%, Loss: 1.7613
Epoch: 8, Batch: 2250, Acc: 23.75%, Loss: 1.8120
Epoch: 8, Batch: 2260, Acc: 23.77%, Loss: 1.7584
Epoch: 8, Batch: 2270, Acc: 23.75%, Loss: 1.8396
Epoch: 8, Batch: 2280, Acc: 23.75%, Loss: 1.7776
Epoch: 8, Batch: 2290, Acc: 23.76%, Loss: 1.7891
Epoch: 8, Batch: 2300, Acc: 23.75%, Loss: 1.8032
Epoch: 8, Batch: 2310, Acc: 23.75%, Loss: 1.8133
Epoch: 8, Batch: 2320, Acc: 23.75%, Loss: 1.8295
Epoch: 8, Batch: 2330, Acc: 23.75%, Loss: 1.8060
Epoch: 8, Batch: 2340, Acc: 23.74%, Loss: 1.7984
Epoch: 8, Batch: 2350, Acc: 23.74%, Loss: 1.8317
Epoch: 8, Batch: 2360, Acc: 23.75%, Loss: 1.7567
Epoch: 8, Batch: 2370, Acc: 23.74%, Loss: 1.8005
Epoch: 8, Batch: 2380, Acc: 23.73%, Loss: 1.8252
Epoch: 8, Batch: 2390, Acc: 23.73%, Loss: 1.8079
Epoch: 8, Batch: 2400, Acc: 23.73%, Loss: 1.8231
Epoch: 8, Batch: 2410, Acc: 23.72%, Loss: 1.8138
Epoch: 8, Batch: 2420, Acc: 23.72%, Loss: 1.8219
Epoch: 8, Batch: 2430, Acc: 23.71%, Loss: 1.8135
Epoch: 8, Batch: 2440, Acc: 23.71%, Loss: 1.8148
Epoch: 8, Batch: 2450, Acc: 23.71%, Loss: 1.7635
Epoch: 8, Batch: 2460, Acc: 23.71%, Loss: 1.7777
Epoch: 8, Batch: 2470, Acc: 23.71%, Loss: 1.8039
Epoch: 8, Batch: 2480, Acc: 23.71%, Loss: 1.8075
Epoch: 8, Batch: 2490, Acc: 23.70%, Loss: 1.8333
Epoch: 8, Batch: 2500, Acc: 23.70%, Loss: 1.8010
Epoch: 8, Batch: 2510, Acc: 23.71%, Loss: 1.7512
Epoch: 8, Batch: 2520, Acc: 23.70%, Loss: 1.8477
Epoch: 8, Batch: 2530, Acc: 23.71%, Loss: 1.7804
Epoch: 8, Batch: 2540, Acc: 23.71%, Loss: 1.7866
Epoch: 8, Batch: 2550, Acc: 23.72%, Loss: 1.7463
Epoch: 8, Batch: 2560, Acc: 23.73%, Loss: 1.7794
Epoch: 8, Batch: 2570, Acc: 23.73%, Loss: 1.7715
Epoch: 8, Batch: 2580, Acc: 23.73%, Loss: 1.7821
Epoch: 8, Batch: 2590, Acc: 23.73%, Loss: 1.7949
Epoch: 8, Batch: 2600, Acc: 23.73%, Loss: 1.8032
Epoch: 8, Batch: 2610, Acc: 23.73%, Loss: 1.8099
Epoch: 8, Batch: 2620, Acc: 23.73%, Loss: 1.8109
Epoch: 8, Batch: 2630, Acc: 23.73%, Loss: 1.7678
Epoch: 8, Batch: 2640, Acc: 23.74%, Loss: 1.7580
Epoch: 8, Batch: 2650, Acc: 23.74%, Loss: 1.7823
Epoch: 8, Batch: 2660, Acc: 23.74%, Loss: 1.7807
Epoch: 8, Batch: 2670, Acc: 23.74%, Loss: 1.7888
Epoch: 8, Batch: 2680, Acc: 23.73%, Loss: 1.7971
Epoch: 8, Batch: 2690, Acc: 23.74%, Loss: 1.7708
Epoch: 8, Batch: 2700, Acc: 23.74%, Loss: 1.7692
Epoch: 8, Batch: 2710, Acc: 23.75%, Loss: 1.7809
Epoch: 8, Batch: 2720, Acc: 23.76%, Loss: 1.7647
Epoch: 8, Batch: 2730, Acc: 23.76%, Loss: 1.7897
Epoch: 8, Batch: 2740, Acc: 23.75%, Loss: 1.8117
Epoch: 8, Batch: 2750, Acc: 23.74%, Loss: 1.8210
Epoch: 8, Batch: 2760, Acc: 23.75%, Loss: 1.7776
Epoch: 8, Batch: 2770, Acc: 23.74%, Loss: 1.8043
Epoch: 8, Batch: 2780, Acc: 23.75%, Loss: 1.7936
Epoch: 8, Batch: 2790, Acc: 23.75%, Loss: 1.8079
Epoch: 8, Batch: 2800, Acc: 23.74%, Loss: 1.7752
Epoch: 8, Batch: 2810, Acc: 23.75%, Loss: 1.7989
Epoch: 8, Batch: 2820, Acc: 23.74%, Loss: 1.7982
Epoch: 8, Batch: 2830, Acc: 23.75%, Loss: 1.7921
Epoch: 8, Batch: 2840, Acc: 23.75%, Loss: 1.7688
Epoch: 8, Batch: 2850, Acc: 23.74%, Loss: 1.8546
Epoch: 8, Batch: 2860, Acc: 23.73%, Loss: 1.7972
Epoch: 8, Batch: 2870, Acc: 23.73%, Loss: 1.7647
Epoch: 8, Batch: 2880, Acc: 23.74%, Loss: 1.7961
Accuracy on test set: 45.27%, Val loss: 2.2624
Epoch 8: train_loss=1.7972, val_acc=45.27, best_val_acc=45.27, es_counter=0
Epoch: 9, Batch: 10, Acc: 21.56%, Loss: 1.8618
Epoch: 9, Batch: 20, Acc: 21.88%, Loss: 1.8209
Epoch: 9, Batch: 30, Acc: 22.81%, Loss: 1.8351
Epoch: 9, Batch: 40, Acc: 22.93%, Loss: 1.7897
Epoch: 9, Batch: 50, Acc: 23.09%, Loss: 1.7807
Epoch: 9, Batch: 60, Acc: 23.39%, Loss: 1.7724
Epoch: 9, Batch: 70, Acc: 23.26%, Loss: 1.8228
Epoch: 9, Batch: 80, Acc: 23.09%, Loss: 1.8264
Epoch: 9, Batch: 90, Acc: 23.26%, Loss: 1.7809
Epoch: 9, Batch: 100, Acc: 23.72%, Loss: 1.7619
Epoch: 9, Batch: 110, Acc: 23.68%, Loss: 1.7923
Epoch: 9, Batch: 120, Acc: 23.44%, Loss: 1.7882
Epoch: 9, Batch: 130, Acc: 23.49%, Loss: 1.7921
Epoch: 9, Batch: 140, Acc: 23.48%, Loss: 1.7892
Epoch: 9, Batch: 150, Acc: 23.48%, Loss: 1.8256
Epoch: 9, Batch: 160, Acc: 23.44%, Loss: 1.8279
Epoch: 9, Batch: 170, Acc: 23.53%, Loss: 1.7676
Epoch: 9, Batch: 180, Acc: 23.49%, Loss: 1.8143
Epoch: 9, Batch: 190, Acc: 23.45%, Loss: 1.7999
Epoch: 9, Batch: 200, Acc: 23.42%, Loss: 1.7984
Epoch: 9, Batch: 210, Acc: 23.42%, Loss: 1.8238
Epoch: 9, Batch: 220, Acc: 23.59%, Loss: 1.7418
Epoch: 9, Batch: 230, Acc: 23.53%, Loss: 1.7968
Epoch: 9, Batch: 240, Acc: 23.64%, Loss: 1.7693
Epoch: 9, Batch: 250, Acc: 23.57%, Loss: 1.7948
Epoch: 9, Batch: 260, Acc: 23.49%, Loss: 1.8246
Epoch: 9, Batch: 270, Acc: 23.63%, Loss: 1.7574
Epoch: 9, Batch: 280, Acc: 23.63%, Loss: 1.7750
Epoch: 9, Batch: 290, Acc: 23.66%, Loss: 1.8007
Epoch: 9, Batch: 300, Acc: 23.64%, Loss: 1.8267
Epoch: 9, Batch: 310, Acc: 23.76%, Loss: 1.7621
Epoch: 9, Batch: 320, Acc: 23.66%, Loss: 1.8683
Epoch: 9, Batch: 330, Acc: 23.76%, Loss: 1.7791
Epoch: 9, Batch: 340, Acc: 23.74%, Loss: 1.7866
Epoch: 9, Batch: 350, Acc: 23.66%, Loss: 1.8196
Epoch: 9, Batch: 360, Acc: 23.62%, Loss: 1.8112
Epoch: 9, Batch: 370, Acc: 23.59%, Loss: 1.8310
Epoch: 9, Batch: 380, Acc: 23.67%, Loss: 1.7746
Epoch: 9, Batch: 390, Acc: 23.75%, Loss: 1.7598
Epoch: 9, Batch: 400, Acc: 23.74%, Loss: 1.7888
Epoch: 9, Batch: 410, Acc: 23.74%, Loss: 1.7756
Epoch: 9, Batch: 420, Acc: 23.69%, Loss: 1.8270
Epoch: 9, Batch: 430, Acc: 23.79%, Loss: 1.7325
Epoch: 9, Batch: 440, Acc: 23.76%, Loss: 1.8300
Epoch: 9, Batch: 450, Acc: 23.79%, Loss: 1.7823
Epoch: 9, Batch: 460, Acc: 23.84%, Loss: 1.7723
Epoch: 9, Batch: 470, Acc: 23.91%, Loss: 1.7648
Epoch: 9, Batch: 480, Acc: 23.84%, Loss: 1.8494
Epoch: 9, Batch: 490, Acc: 23.85%, Loss: 1.7982
Epoch: 9, Batch: 500, Acc: 23.93%, Loss: 1.7500
Epoch: 9, Batch: 510, Acc: 23.94%, Loss: 1.7833
Epoch: 9, Batch: 520, Acc: 23.90%, Loss: 1.7835
Epoch: 9, Batch: 530, Acc: 23.93%, Loss: 1.7797
Epoch: 9, Batch: 540, Acc: 23.94%, Loss: 1.7909
Epoch: 9, Batch: 550, Acc: 23.95%, Loss: 1.7474
Epoch: 9, Batch: 560, Acc: 23.90%, Loss: 1.8395
Epoch: 9, Batch: 570, Acc: 23.90%, Loss: 1.7872
Epoch: 9, Batch: 580, Acc: 23.90%, Loss: 1.7699
Epoch: 9, Batch: 590, Acc: 23.92%, Loss: 1.7988
Epoch: 9, Batch: 600, Acc: 23.94%, Loss: 1.7861
Epoch: 9, Batch: 610, Acc: 23.97%, Loss: 1.7675
Epoch: 9, Batch: 620, Acc: 23.97%, Loss: 1.7574
Epoch: 9, Batch: 630, Acc: 23.98%, Loss: 1.7783
Epoch: 9, Batch: 640, Acc: 23.93%, Loss: 1.8277
Epoch: 9, Batch: 650, Acc: 23.91%, Loss: 1.7994
Epoch: 9, Batch: 660, Acc: 23.93%, Loss: 1.7912
Epoch: 9, Batch: 670, Acc: 23.88%, Loss: 1.8060
Epoch: 9, Batch: 680, Acc: 23.87%, Loss: 1.7928
Epoch: 9, Batch: 690, Acc: 23.88%, Loss: 1.7439
Epoch: 9, Batch: 700, Acc: 23.91%, Loss: 1.7573
Epoch: 9, Batch: 710, Acc: 23.93%, Loss: 1.7807
Epoch: 9, Batch: 720, Acc: 23.95%, Loss: 1.8049
Epoch: 9, Batch: 730, Acc: 23.98%, Loss: 1.7913
Epoch: 9, Batch: 740, Acc: 23.94%, Loss: 1.8372
Epoch: 9, Batch: 750, Acc: 23.91%, Loss: 1.8160
Epoch: 9, Batch: 760, Acc: 23.94%, Loss: 1.7621
Epoch: 9, Batch: 770, Acc: 23.98%, Loss: 1.7630
Epoch: 9, Batch: 780, Acc: 23.98%, Loss: 1.7650
Epoch: 9, Batch: 790, Acc: 23.98%, Loss: 1.7957
Epoch: 9, Batch: 800, Acc: 24.00%, Loss: 1.7613
Epoch: 9, Batch: 810, Acc: 23.99%, Loss: 1.7732
Epoch: 9, Batch: 820, Acc: 24.02%, Loss: 1.7442
Epoch: 9, Batch: 830, Acc: 23.97%, Loss: 1.8369
Epoch: 9, Batch: 840, Acc: 23.95%, Loss: 1.8436
Epoch: 9, Batch: 850, Acc: 23.97%, Loss: 1.7596
Epoch: 9, Batch: 860, Acc: 23.99%, Loss: 1.8133
Epoch: 9, Batch: 870, Acc: 23.99%, Loss: 1.7761
Epoch: 9, Batch: 880, Acc: 24.00%, Loss: 1.7724
Epoch: 9, Batch: 890, Acc: 23.99%, Loss: 1.8106
Epoch: 9, Batch: 900, Acc: 23.95%, Loss: 1.8310
Epoch: 9, Batch: 910, Acc: 23.94%, Loss: 1.8149
Epoch: 9, Batch: 920, Acc: 23.91%, Loss: 1.8149
Epoch: 9, Batch: 930, Acc: 23.88%, Loss: 1.8280
Epoch: 9, Batch: 940, Acc: 23.85%, Loss: 1.8236
Epoch: 9, Batch: 950, Acc: 23.85%, Loss: 1.7801
Epoch: 9, Batch: 960, Acc: 23.88%, Loss: 1.7496
Epoch: 9, Batch: 970, Acc: 23.91%, Loss: 1.7821
Epoch: 9, Batch: 980, Acc: 23.93%, Loss: 1.7835
Epoch: 9, Batch: 990, Acc: 23.91%, Loss: 1.8246
Epoch: 9, Batch: 1000, Acc: 23.89%, Loss: 1.8122
Epoch: 9, Batch: 1010, Acc: 23.88%, Loss: 1.8350
Epoch: 9, Batch: 1020, Acc: 23.86%, Loss: 1.8019
Epoch: 9, Batch: 1030, Acc: 23.85%, Loss: 1.8230
Epoch: 9, Batch: 1040, Acc: 23.86%, Loss: 1.7785
Epoch: 9, Batch: 1050, Acc: 23.88%, Loss: 1.7674
Epoch: 9, Batch: 1060, Acc: 23.91%, Loss: 1.7289
Epoch: 9, Batch: 1070, Acc: 23.90%, Loss: 1.8121
Epoch: 9, Batch: 1080, Acc: 23.90%, Loss: 1.7707
Epoch: 9, Batch: 1090, Acc: 23.89%, Loss: 1.8202
Epoch: 9, Batch: 1100, Acc: 23.89%, Loss: 1.8270
Epoch: 9, Batch: 1110, Acc: 23.93%, Loss: 1.7604
Epoch: 9, Batch: 1120, Acc: 23.92%, Loss: 1.8291
Epoch: 9, Batch: 1130, Acc: 23.95%, Loss: 1.7667
Epoch: 9, Batch: 1140, Acc: 23.93%, Loss: 1.8333
Epoch: 9, Batch: 1150, Acc: 23.95%, Loss: 1.8000
Epoch: 9, Batch: 1160, Acc: 23.93%, Loss: 1.8387
Epoch: 9, Batch: 1170, Acc: 23.92%, Loss: 1.7927
Epoch: 9, Batch: 1180, Acc: 23.89%, Loss: 1.8501
Epoch: 9, Batch: 1190, Acc: 23.90%, Loss: 1.7704
Epoch: 9, Batch: 1200, Acc: 23.89%, Loss: 1.8238
Epoch: 9, Batch: 1210, Acc: 23.89%, Loss: 1.8043
Epoch: 9, Batch: 1220, Acc: 23.89%, Loss: 1.7887
Epoch: 9, Batch: 1230, Acc: 23.85%, Loss: 1.8503
Epoch: 9, Batch: 1240, Acc: 23.85%, Loss: 1.7814
Epoch: 9, Batch: 1250, Acc: 23.86%, Loss: 1.8009
Epoch: 9, Batch: 1260, Acc: 23.87%, Loss: 1.7671
Epoch: 9, Batch: 1270, Acc: 23.87%, Loss: 1.8325
Epoch: 9, Batch: 1280, Acc: 23.86%, Loss: 1.7855
Epoch: 9, Batch: 1290, Acc: 23.83%, Loss: 1.8359
Epoch: 9, Batch: 1300, Acc: 23.82%, Loss: 1.8368
Epoch: 9, Batch: 1310, Acc: 23.81%, Loss: 1.8209
Epoch: 9, Batch: 1320, Acc: 23.83%, Loss: 1.8020
Epoch: 9, Batch: 1330, Acc: 23.83%, Loss: 1.8132
Epoch: 9, Batch: 1340, Acc: 23.83%, Loss: 1.7960
Epoch: 9, Batch: 1350, Acc: 23.83%, Loss: 1.7885
Epoch: 9, Batch: 1360, Acc: 23.82%, Loss: 1.8065
Epoch: 9, Batch: 1370, Acc: 23.84%, Loss: 1.7288
Epoch: 9, Batch: 1380, Acc: 23.83%, Loss: 1.7926
Epoch: 9, Batch: 1390, Acc: 23.83%, Loss: 1.8054
Epoch: 9, Batch: 1400, Acc: 23.85%, Loss: 1.7769
Epoch: 9, Batch: 1410, Acc: 23.84%, Loss: 1.8222
Epoch: 9, Batch: 1420, Acc: 23.84%, Loss: 1.8060
Epoch: 9, Batch: 1430, Acc: 23.83%, Loss: 1.8129
Epoch: 9, Batch: 1440, Acc: 23.82%, Loss: 1.7901
Epoch: 9, Batch: 1450, Acc: 23.83%, Loss: 1.7786
Epoch: 9, Batch: 1460, Acc: 23.83%, Loss: 1.7951
Epoch: 9, Batch: 1470, Acc: 23.83%, Loss: 1.7831
Epoch: 9, Batch: 1480, Acc: 23.81%, Loss: 1.8033
Epoch: 9, Batch: 1490, Acc: 23.81%, Loss: 1.8113
Epoch: 9, Batch: 1500, Acc: 23.81%, Loss: 1.7700
Epoch: 9, Batch: 1510, Acc: 23.83%, Loss: 1.7820
Epoch: 9, Batch: 1520, Acc: 23.83%, Loss: 1.7801
Epoch: 9, Batch: 1530, Acc: 23.82%, Loss: 1.7982
Epoch: 9, Batch: 1540, Acc: 23.81%, Loss: 1.7779
Epoch: 9, Batch: 1550, Acc: 23.82%, Loss: 1.8114
Epoch: 9, Batch: 1560, Acc: 23.81%, Loss: 1.8214
Epoch: 9, Batch: 1570, Acc: 23.81%, Loss: 1.8132
Epoch: 9, Batch: 1580, Acc: 23.82%, Loss: 1.7602
Epoch: 9, Batch: 1590, Acc: 23.82%, Loss: 1.8122
Epoch: 9, Batch: 1600, Acc: 23.83%, Loss: 1.7630
Epoch: 9, Batch: 1610, Acc: 23.83%, Loss: 1.7961
Epoch: 9, Batch: 1620, Acc: 23.84%, Loss: 1.7824
Epoch: 9, Batch: 1630, Acc: 23.86%, Loss: 1.7904
Epoch: 9, Batch: 1640, Acc: 23.86%, Loss: 1.8176
Epoch: 9, Batch: 1650, Acc: 23.85%, Loss: 1.7979
Epoch: 9, Batch: 1660, Acc: 23.85%, Loss: 1.7800
Epoch: 9, Batch: 1670, Acc: 23.86%, Loss: 1.7544
Epoch: 9, Batch: 1680, Acc: 23.86%, Loss: 1.8160
Epoch: 9, Batch: 1690, Acc: 23.86%, Loss: 1.7938
Epoch: 9, Batch: 1700, Acc: 23.85%, Loss: 1.8206
Epoch: 9, Batch: 1710, Acc: 23.86%, Loss: 1.7751
Epoch: 9, Batch: 1720, Acc: 23.85%, Loss: 1.8169
Epoch: 9, Batch: 1730, Acc: 23.88%, Loss: 1.7790
Epoch: 9, Batch: 1740, Acc: 23.89%, Loss: 1.7522
Epoch: 9, Batch: 1750, Acc: 23.88%, Loss: 1.8331
Epoch: 9, Batch: 1760, Acc: 23.90%, Loss: 1.7805
Epoch: 9, Batch: 1770, Acc: 23.88%, Loss: 1.8450
Epoch: 9, Batch: 1780, Acc: 23.89%, Loss: 1.7493
Epoch: 9, Batch: 1790, Acc: 23.89%, Loss: 1.8117
Epoch: 9, Batch: 1800, Acc: 23.88%, Loss: 1.8096
Epoch: 9, Batch: 1810, Acc: 23.88%, Loss: 1.7922
Epoch: 9, Batch: 1820, Acc: 23.89%, Loss: 1.7690
Epoch: 9, Batch: 1830, Acc: 23.87%, Loss: 1.8605
Epoch: 9, Batch: 1840, Acc: 23.86%, Loss: 1.8120
Epoch: 9, Batch: 1850, Acc: 23.86%, Loss: 1.7868
Epoch: 9, Batch: 1860, Acc: 23.87%, Loss: 1.7868
Epoch: 9, Batch: 1870, Acc: 23.87%, Loss: 1.8225
Epoch: 9, Batch: 1880, Acc: 23.88%, Loss: 1.7421
Epoch: 9, Batch: 1890, Acc: 23.89%, Loss: 1.7642
Epoch: 9, Batch: 1900, Acc: 23.89%, Loss: 1.7841
Epoch: 9, Batch: 1910, Acc: 23.90%, Loss: 1.7903
Epoch: 9, Batch: 1920, Acc: 23.90%, Loss: 1.7826
Epoch: 9, Batch: 1930, Acc: 23.89%, Loss: 1.8170
Epoch: 9, Batch: 1940, Acc: 23.90%, Loss: 1.7762
Epoch: 9, Batch: 1950, Acc: 23.90%, Loss: 1.8077
Epoch: 9, Batch: 1960, Acc: 23.89%, Loss: 1.8246
Epoch: 9, Batch: 1970, Acc: 23.89%, Loss: 1.8010
Epoch: 9, Batch: 1980, Acc: 23.89%, Loss: 1.8231
Epoch: 9, Batch: 1990, Acc: 23.89%, Loss: 1.7850
Epoch: 9, Batch: 2000, Acc: 23.90%, Loss: 1.7763
Epoch: 9, Batch: 2010, Acc: 23.91%, Loss: 1.8048
Epoch: 9, Batch: 2020, Acc: 23.91%, Loss: 1.7737
Epoch: 9, Batch: 2030, Acc: 23.92%, Loss: 1.8076
Epoch: 9, Batch: 2040, Acc: 23.91%, Loss: 1.8106
Epoch: 9, Batch: 2050, Acc: 23.89%, Loss: 1.8382
Epoch: 9, Batch: 2060, Acc: 23.91%, Loss: 1.7587
Epoch: 9, Batch: 2070, Acc: 23.91%, Loss: 1.7965
Epoch: 9, Batch: 2080, Acc: 23.90%, Loss: 1.7985
Epoch: 9, Batch: 2090, Acc: 23.90%, Loss: 1.7714
Epoch: 9, Batch: 2100, Acc: 23.91%, Loss: 1.7646
Epoch: 9, Batch: 2110, Acc: 23.91%, Loss: 1.7824
Epoch: 9, Batch: 2120, Acc: 23.91%, Loss: 1.7867
Epoch: 9, Batch: 2130, Acc: 23.91%, Loss: 1.8077
Epoch: 9, Batch: 2140, Acc: 23.91%, Loss: 1.8175
Epoch: 9, Batch: 2150, Acc: 23.90%, Loss: 1.8416
Epoch: 9, Batch: 2160, Acc: 23.90%, Loss: 1.8192
Epoch: 9, Batch: 2170, Acc: 23.90%, Loss: 1.8076
Epoch: 9, Batch: 2180, Acc: 23.90%, Loss: 1.8369
Epoch: 9, Batch: 2190, Acc: 23.89%, Loss: 1.8210
Epoch: 9, Batch: 2200, Acc: 23.90%, Loss: 1.7634
Epoch: 9, Batch: 2210, Acc: 23.91%, Loss: 1.8175
Epoch: 9, Batch: 2220, Acc: 23.90%, Loss: 1.8286
Epoch: 9, Batch: 2230, Acc: 23.88%, Loss: 1.8138
Epoch: 9, Batch: 2240, Acc: 23.89%, Loss: 1.7657
Epoch: 9, Batch: 2250, Acc: 23.88%, Loss: 1.8080
Epoch: 9, Batch: 2260, Acc: 23.88%, Loss: 1.7769
Epoch: 9, Batch: 2270, Acc: 23.88%, Loss: 1.8323
Epoch: 9, Batch: 2280, Acc: 23.89%, Loss: 1.7863
Epoch: 9, Batch: 2290, Acc: 23.88%, Loss: 1.8064
Epoch: 9, Batch: 2300, Acc: 23.88%, Loss: 1.8132
Epoch: 9, Batch: 2310, Acc: 23.87%, Loss: 1.7977
Epoch: 9, Batch: 2320, Acc: 23.88%, Loss: 1.7479
Epoch: 9, Batch: 2330, Acc: 23.87%, Loss: 1.8454
Epoch: 9, Batch: 2340, Acc: 23.86%, Loss: 1.8110
Epoch: 9, Batch: 2350, Acc: 23.87%, Loss: 1.8007
Epoch: 9, Batch: 2360, Acc: 23.88%, Loss: 1.7696
Epoch: 9, Batch: 2370, Acc: 23.88%, Loss: 1.7827
Epoch: 9, Batch: 2380, Acc: 23.88%, Loss: 1.8244
Epoch: 9, Batch: 2390, Acc: 23.90%, Loss: 1.7316
Epoch: 9, Batch: 2400, Acc: 23.89%, Loss: 1.8244
Epoch: 9, Batch: 2410, Acc: 23.88%, Loss: 1.8195
Epoch: 9, Batch: 2420, Acc: 23.89%, Loss: 1.7690
Epoch: 9, Batch: 2430, Acc: 23.90%, Loss: 1.7245
Epoch: 9, Batch: 2440, Acc: 23.89%, Loss: 1.8359
Epoch: 9, Batch: 2450, Acc: 23.89%, Loss: 1.7804
Epoch: 9, Batch: 2460, Acc: 23.89%, Loss: 1.8139
Epoch: 9, Batch: 2470, Acc: 23.90%, Loss: 1.7509
Epoch: 9, Batch: 2480, Acc: 23.89%, Loss: 1.7657
Epoch: 9, Batch: 2490, Acc: 23.89%, Loss: 1.8054
Epoch: 9, Batch: 2500, Acc: 23.89%, Loss: 1.8084
Epoch: 9, Batch: 2510, Acc: 23.87%, Loss: 1.8525
Epoch: 9, Batch: 2520, Acc: 23.88%, Loss: 1.7751
Epoch: 9, Batch: 2530, Acc: 23.87%, Loss: 1.8192
Epoch: 9, Batch: 2540, Acc: 23.87%, Loss: 1.7850
Epoch: 9, Batch: 2550, Acc: 23.87%, Loss: 1.8179
Epoch: 9, Batch: 2560, Acc: 23.86%, Loss: 1.8107
Epoch: 9, Batch: 2570, Acc: 23.86%, Loss: 1.8124
Epoch: 9, Batch: 2580, Acc: 23.85%, Loss: 1.8397
Epoch: 9, Batch: 2590, Acc: 23.85%, Loss: 1.8222
Epoch: 9, Batch: 2600, Acc: 23.85%, Loss: 1.7721
Epoch: 9, Batch: 2610, Acc: 23.85%, Loss: 1.7700
Epoch: 9, Batch: 2620, Acc: 23.85%, Loss: 1.7889
Epoch: 9, Batch: 2630, Acc: 23.85%, Loss: 1.7973
Epoch: 9, Batch: 2640, Acc: 23.84%, Loss: 1.8184
Epoch: 9, Batch: 2650, Acc: 23.84%, Loss: 1.8139
Epoch: 9, Batch: 2660, Acc: 23.84%, Loss: 1.8410
Epoch: 9, Batch: 2670, Acc: 23.84%, Loss: 1.7935
Epoch: 9, Batch: 2680, Acc: 23.85%, Loss: 1.8067
Epoch: 9, Batch: 2690, Acc: 23.84%, Loss: 1.7831
Epoch: 9, Batch: 2700, Acc: 23.85%, Loss: 1.7717
Epoch: 9, Batch: 2710, Acc: 23.85%, Loss: 1.7913
Epoch: 9, Batch: 2720, Acc: 23.85%, Loss: 1.7733
Epoch: 9, Batch: 2730, Acc: 23.84%, Loss: 1.7908
Epoch: 9, Batch: 2740, Acc: 23.84%, Loss: 1.8158
Epoch: 9, Batch: 2750, Acc: 23.83%, Loss: 1.7987
Epoch: 9, Batch: 2760, Acc: 23.84%, Loss: 1.7734
Epoch: 9, Batch: 2770, Acc: 23.83%, Loss: 1.8117
Epoch: 9, Batch: 2780, Acc: 23.83%, Loss: 1.7692
Epoch: 9, Batch: 2790, Acc: 23.83%, Loss: 1.8364
Epoch: 9, Batch: 2800, Acc: 23.84%, Loss: 1.7962
Epoch: 9, Batch: 2810, Acc: 23.84%, Loss: 1.8242
Epoch: 9, Batch: 2820, Acc: 23.84%, Loss: 1.8095
Epoch: 9, Batch: 2830, Acc: 23.84%, Loss: 1.8141
Epoch: 9, Batch: 2840, Acc: 23.84%, Loss: 1.7910
Epoch: 9, Batch: 2850, Acc: 23.85%, Loss: 1.7575
Epoch: 9, Batch: 2860, Acc: 23.84%, Loss: 1.8118
Epoch: 9, Batch: 2870, Acc: 23.84%, Loss: 1.8219
Epoch: 9, Batch: 2880, Acc: 23.85%, Loss: 1.7545
Accuracy on test set: 45.20%, Val loss: 2.2604
Epoch 9: train_loss=1.7965, val_acc=45.20, best_val_acc=45.27, es_counter=1
Epoch: 10, Batch: 10, Acc: 25.47%, Loss: 1.7718
Epoch: 10, Batch: 20, Acc: 25.00%, Loss: 1.7803
Epoch: 10, Batch: 30, Acc: 23.70%, Loss: 1.8340
Epoch: 10, Batch: 40, Acc: 23.32%, Loss: 1.8006
Epoch: 10, Batch: 50, Acc: 23.00%, Loss: 1.8076
Epoch: 10, Batch: 60, Acc: 22.92%, Loss: 1.8056
Epoch: 10, Batch: 70, Acc: 22.97%, Loss: 1.8030
Epoch: 10, Batch: 80, Acc: 22.97%, Loss: 1.8133
Epoch: 10, Batch: 90, Acc: 23.06%, Loss: 1.8295
Epoch: 10, Batch: 100, Acc: 23.00%, Loss: 1.8502
Epoch: 10, Batch: 110, Acc: 23.08%, Loss: 1.7913
Epoch: 10, Batch: 120, Acc: 23.27%, Loss: 1.7818
Epoch: 10, Batch: 130, Acc: 23.41%, Loss: 1.7854
Epoch: 10, Batch: 140, Acc: 23.37%, Loss: 1.8191
Epoch: 10, Batch: 150, Acc: 23.51%, Loss: 1.7961
Epoch: 10, Batch: 160, Acc: 23.46%, Loss: 1.8202
Epoch: 10, Batch: 170, Acc: 23.64%, Loss: 1.7791
Epoch: 10, Batch: 180, Acc: 23.58%, Loss: 1.8042
Epoch: 10, Batch: 190, Acc: 23.54%, Loss: 1.8279
Epoch: 10, Batch: 200, Acc: 23.43%, Loss: 1.8412
Epoch: 10, Batch: 210, Acc: 23.56%, Loss: 1.7776
Epoch: 10, Batch: 220, Acc: 23.50%, Loss: 1.8121
Epoch: 10, Batch: 230, Acc: 23.51%, Loss: 1.8195
Epoch: 10, Batch: 240, Acc: 23.62%, Loss: 1.7698
Epoch: 10, Batch: 250, Acc: 23.54%, Loss: 1.8217
Epoch: 10, Batch: 260, Acc: 23.68%, Loss: 1.7401
Epoch: 10, Batch: 270, Acc: 23.72%, Loss: 1.7920
Epoch: 10, Batch: 280, Acc: 23.63%, Loss: 1.8543
Epoch: 10, Batch: 290, Acc: 23.62%, Loss: 1.8124
Epoch: 10, Batch: 300, Acc: 23.74%, Loss: 1.7617
Epoch: 10, Batch: 310, Acc: 23.64%, Loss: 1.8097
Epoch: 10, Batch: 320, Acc: 23.56%, Loss: 1.8096
Epoch: 10, Batch: 330, Acc: 23.52%, Loss: 1.7938
Epoch: 10, Batch: 340, Acc: 23.52%, Loss: 1.7942
Epoch: 10, Batch: 350, Acc: 23.50%, Loss: 1.8099
Epoch: 10, Batch: 360, Acc: 23.48%, Loss: 1.8164
Epoch: 10, Batch: 370, Acc: 23.54%, Loss: 1.7872
Epoch: 10, Batch: 380, Acc: 23.47%, Loss: 1.8330
Epoch: 10, Batch: 390, Acc: 23.51%, Loss: 1.7565
Epoch: 10, Batch: 400, Acc: 23.54%, Loss: 1.7501
Epoch: 10, Batch: 410, Acc: 23.57%, Loss: 1.7636
Epoch: 10, Batch: 420, Acc: 23.60%, Loss: 1.7843
Epoch: 10, Batch: 430, Acc: 23.62%, Loss: 1.7997
Epoch: 10, Batch: 440, Acc: 23.59%, Loss: 1.8083
Epoch: 10, Batch: 450, Acc: 23.65%, Loss: 1.7918
Epoch: 10, Batch: 460, Acc: 23.65%, Loss: 1.8087
Epoch: 10, Batch: 470, Acc: 23.66%, Loss: 1.8096
Epoch: 10, Batch: 480, Acc: 23.67%, Loss: 1.7964
Epoch: 10, Batch: 490, Acc: 23.60%, Loss: 1.8291
Epoch: 10, Batch: 500, Acc: 23.59%, Loss: 1.7981
Epoch: 10, Batch: 510, Acc: 23.56%, Loss: 1.8150
Epoch: 10, Batch: 520, Acc: 23.56%, Loss: 1.7599
Epoch: 10, Batch: 530, Acc: 23.48%, Loss: 1.8313
Epoch: 10, Batch: 540, Acc: 23.41%, Loss: 1.8348
Epoch: 10, Batch: 550, Acc: 23.47%, Loss: 1.7795
Epoch: 10, Batch: 560, Acc: 23.46%, Loss: 1.8116
Epoch: 10, Batch: 570, Acc: 23.42%, Loss: 1.8298
Epoch: 10, Batch: 580, Acc: 23.45%, Loss: 1.8106
Epoch: 10, Batch: 590, Acc: 23.48%, Loss: 1.7633
Epoch: 10, Batch: 600, Acc: 23.48%, Loss: 1.8362
Epoch: 10, Batch: 610, Acc: 23.46%, Loss: 1.8269
Epoch: 10, Batch: 620, Acc: 23.47%, Loss: 1.7866
Epoch: 10, Batch: 630, Acc: 23.47%, Loss: 1.7764
Epoch: 10, Batch: 640, Acc: 23.51%, Loss: 1.7240
Epoch: 10, Batch: 650, Acc: 23.58%, Loss: 1.7419
Epoch: 10, Batch: 660, Acc: 23.59%, Loss: 1.7927
Epoch: 10, Batch: 670, Acc: 23.59%, Loss: 1.7932
Epoch: 10, Batch: 680, Acc: 23.61%, Loss: 1.7781
Epoch: 10, Batch: 690, Acc: 23.63%, Loss: 1.7969
Epoch: 10, Batch: 700, Acc: 23.63%, Loss: 1.7966
Epoch: 10, Batch: 710, Acc: 23.62%, Loss: 1.8056
Epoch: 10, Batch: 720, Acc: 23.61%, Loss: 1.7922
Epoch: 10, Batch: 730, Acc: 23.59%, Loss: 1.8197
Epoch: 10, Batch: 740, Acc: 23.60%, Loss: 1.7704
Epoch: 10, Batch: 750, Acc: 23.61%, Loss: 1.7939
Epoch: 10, Batch: 760, Acc: 23.60%, Loss: 1.8331
Epoch: 10, Batch: 770, Acc: 23.57%, Loss: 1.7918
Epoch: 10, Batch: 780, Acc: 23.58%, Loss: 1.7919
Epoch: 10, Batch: 790, Acc: 23.58%, Loss: 1.7975
Epoch: 10, Batch: 800, Acc: 23.55%, Loss: 1.8296
Epoch: 10, Batch: 810, Acc: 23.55%, Loss: 1.8133
Epoch: 10, Batch: 820, Acc: 23.58%, Loss: 1.7436
Epoch: 10, Batch: 830, Acc: 23.57%, Loss: 1.7910
Epoch: 10, Batch: 840, Acc: 23.55%, Loss: 1.8022
Epoch: 10, Batch: 850, Acc: 23.58%, Loss: 1.7783
Epoch: 10, Batch: 860, Acc: 23.58%, Loss: 1.7877
Epoch: 10, Batch: 870, Acc: 23.59%, Loss: 1.7617
Epoch: 10, Batch: 880, Acc: 23.59%, Loss: 1.7804
Epoch: 10, Batch: 890, Acc: 23.61%, Loss: 1.7749
Epoch: 10, Batch: 900, Acc: 23.60%, Loss: 1.7787
Epoch: 10, Batch: 910, Acc: 23.58%, Loss: 1.8376
Epoch: 10, Batch: 920, Acc: 23.59%, Loss: 1.7868
Epoch: 10, Batch: 930, Acc: 23.57%, Loss: 1.8175
Epoch: 10, Batch: 940, Acc: 23.58%, Loss: 1.8183
Epoch: 10, Batch: 950, Acc: 23.57%, Loss: 1.7870
Epoch: 10, Batch: 960, Acc: 23.60%, Loss: 1.7403
Epoch: 10, Batch: 970, Acc: 23.60%, Loss: 1.7889
Epoch: 10, Batch: 980, Acc: 23.62%, Loss: 1.7830
Epoch: 10, Batch: 990, Acc: 23.58%, Loss: 1.8205
Epoch: 10, Batch: 1000, Acc: 23.60%, Loss: 1.7321
Epoch: 10, Batch: 1010, Acc: 23.61%, Loss: 1.8311
Epoch: 10, Batch: 1020, Acc: 23.62%, Loss: 1.7732
Epoch: 10, Batch: 1030, Acc: 23.62%, Loss: 1.8117
Epoch: 10, Batch: 1040, Acc: 23.65%, Loss: 1.7815
Epoch: 10, Batch: 1050, Acc: 23.64%, Loss: 1.7975
Epoch: 10, Batch: 1060, Acc: 23.65%, Loss: 1.7920
Epoch: 10, Batch: 1070, Acc: 23.66%, Loss: 1.7686
Epoch: 10, Batch: 1080, Acc: 23.70%, Loss: 1.7739
Epoch: 10, Batch: 1090, Acc: 23.73%, Loss: 1.7399
Epoch: 10, Batch: 1100, Acc: 23.72%, Loss: 1.7915
Epoch: 10, Batch: 1110, Acc: 23.71%, Loss: 1.7789
Epoch: 10, Batch: 1120, Acc: 23.69%, Loss: 1.8659
Epoch: 10, Batch: 1130, Acc: 23.69%, Loss: 1.7985
Epoch: 10, Batch: 1140, Acc: 23.69%, Loss: 1.8303
Epoch: 10, Batch: 1150, Acc: 23.67%, Loss: 1.8040
Epoch: 10, Batch: 1160, Acc: 23.69%, Loss: 1.7679
Epoch: 10, Batch: 1170, Acc: 23.70%, Loss: 1.7608
Epoch: 10, Batch: 1180, Acc: 23.69%, Loss: 1.8096
Epoch: 10, Batch: 1190, Acc: 23.69%, Loss: 1.7949
Epoch: 10, Batch: 1200, Acc: 23.71%, Loss: 1.7848
Epoch: 10, Batch: 1210, Acc: 23.72%, Loss: 1.7897
Epoch: 10, Batch: 1220, Acc: 23.72%, Loss: 1.8009
Epoch: 10, Batch: 1230, Acc: 23.74%, Loss: 1.7658
Epoch: 10, Batch: 1240, Acc: 23.75%, Loss: 1.7956
Epoch: 10, Batch: 1250, Acc: 23.74%, Loss: 1.8028
Epoch: 10, Batch: 1260, Acc: 23.74%, Loss: 1.7847
Epoch: 10, Batch: 1270, Acc: 23.73%, Loss: 1.7925
Epoch: 10, Batch: 1280, Acc: 23.73%, Loss: 1.7823
Epoch: 10, Batch: 1290, Acc: 23.76%, Loss: 1.7631
Epoch: 10, Batch: 1300, Acc: 23.74%, Loss: 1.8321
Epoch: 10, Batch: 1310, Acc: 23.75%, Loss: 1.8005
Epoch: 10, Batch: 1320, Acc: 23.73%, Loss: 1.8273
Epoch: 10, Batch: 1330, Acc: 23.74%, Loss: 1.7919
Epoch: 10, Batch: 1340, Acc: 23.74%, Loss: 1.7652
Epoch: 10, Batch: 1350, Acc: 23.75%, Loss: 1.7495
Epoch: 10, Batch: 1360, Acc: 23.75%, Loss: 1.7904
Epoch: 10, Batch: 1370, Acc: 23.75%, Loss: 1.8311
Epoch: 10, Batch: 1380, Acc: 23.74%, Loss: 1.7935
Epoch: 10, Batch: 1390, Acc: 23.73%, Loss: 1.8437
Epoch: 10, Batch: 1400, Acc: 23.75%, Loss: 1.7563
Epoch: 10, Batch: 1410, Acc: 23.76%, Loss: 1.7712
Epoch: 10, Batch: 1420, Acc: 23.77%, Loss: 1.7792
Epoch: 10, Batch: 1430, Acc: 23.79%, Loss: 1.7741
Epoch: 10, Batch: 1440, Acc: 23.77%, Loss: 1.8570
Epoch: 10, Batch: 1450, Acc: 23.79%, Loss: 1.7592
Epoch: 10, Batch: 1460, Acc: 23.79%, Loss: 1.7935
Epoch: 10, Batch: 1470, Acc: 23.81%, Loss: 1.7771
Epoch: 10, Batch: 1480, Acc: 23.81%, Loss: 1.7990
Epoch: 10, Batch: 1490, Acc: 23.80%, Loss: 1.8017
Epoch: 10, Batch: 1500, Acc: 23.80%, Loss: 1.7918
Epoch: 10, Batch: 1510, Acc: 23.80%, Loss: 1.8339
Epoch: 10, Batch: 1520, Acc: 23.81%, Loss: 1.7910
Epoch: 10, Batch: 1530, Acc: 23.79%, Loss: 1.7973
Epoch: 10, Batch: 1540, Acc: 23.80%, Loss: 1.7900
Epoch: 10, Batch: 1550, Acc: 23.80%, Loss: 1.8190
Epoch: 10, Batch: 1560, Acc: 23.79%, Loss: 1.8170
Epoch: 10, Batch: 1570, Acc: 23.80%, Loss: 1.7641
Epoch: 10, Batch: 1580, Acc: 23.81%, Loss: 1.7673
Epoch: 10, Batch: 1590, Acc: 23.81%, Loss: 1.8030
Epoch: 10, Batch: 1600, Acc: 23.81%, Loss: 1.7996
Epoch: 10, Batch: 1610, Acc: 23.80%, Loss: 1.8240
Epoch: 10, Batch: 1620, Acc: 23.80%, Loss: 1.7844
Epoch: 10, Batch: 1630, Acc: 23.80%, Loss: 1.7845
Epoch: 10, Batch: 1640, Acc: 23.80%, Loss: 1.7886
Epoch: 10, Batch: 1650, Acc: 23.78%, Loss: 1.8350
Epoch: 10, Batch: 1660, Acc: 23.78%, Loss: 1.8277
Epoch: 10, Batch: 1670, Acc: 23.76%, Loss: 1.8379
Epoch: 10, Batch: 1680, Acc: 23.77%, Loss: 1.7833
Epoch: 10, Batch: 1690, Acc: 23.77%, Loss: 1.8065
Epoch: 10, Batch: 1700, Acc: 23.78%, Loss: 1.7928
Epoch: 10, Batch: 1710, Acc: 23.76%, Loss: 1.8324
Epoch: 10, Batch: 1720, Acc: 23.76%, Loss: 1.7955
Epoch: 10, Batch: 1730, Acc: 23.79%, Loss: 1.7663
Epoch: 10, Batch: 1740, Acc: 23.78%, Loss: 1.7912
Epoch: 10, Batch: 1750, Acc: 23.78%, Loss: 1.8317
Epoch: 10, Batch: 1760, Acc: 23.79%, Loss: 1.8024
Epoch: 10, Batch: 1770, Acc: 23.78%, Loss: 1.8213
Epoch: 10, Batch: 1780, Acc: 23.79%, Loss: 1.7862
Epoch: 10, Batch: 1790, Acc: 23.81%, Loss: 1.7476
Epoch: 10, Batch: 1800, Acc: 23.82%, Loss: 1.7861
Epoch: 10, Batch: 1810, Acc: 23.83%, Loss: 1.7919
Epoch: 10, Batch: 1820, Acc: 23.83%, Loss: 1.7933
Epoch: 10, Batch: 1830, Acc: 23.84%, Loss: 1.7647
Epoch: 10, Batch: 1840, Acc: 23.84%, Loss: 1.7723
Epoch: 10, Batch: 1850, Acc: 23.85%, Loss: 1.7908
Epoch: 10, Batch: 1860, Acc: 23.85%, Loss: 1.7893
Epoch: 10, Batch: 1870, Acc: 23.84%, Loss: 1.7799
Epoch: 10, Batch: 1880, Acc: 23.84%, Loss: 1.8072
Epoch: 10, Batch: 1890, Acc: 23.84%, Loss: 1.7850
Epoch: 10, Batch: 1900, Acc: 23.84%, Loss: 1.7891
Epoch: 10, Batch: 1910, Acc: 23.85%, Loss: 1.7714
Epoch: 10, Batch: 1920, Acc: 23.85%, Loss: 1.7848
Epoch: 10, Batch: 1930, Acc: 23.85%, Loss: 1.8101
Epoch: 10, Batch: 1940, Acc: 23.85%, Loss: 1.7929
Epoch: 10, Batch: 1950, Acc: 23.87%, Loss: 1.7628
Epoch: 10, Batch: 1960, Acc: 23.87%, Loss: 1.7747
Epoch: 10, Batch: 1970, Acc: 23.86%, Loss: 1.8257
Epoch: 10, Batch: 1980, Acc: 23.86%, Loss: 1.8202
Epoch: 10, Batch: 1990, Acc: 23.85%, Loss: 1.8043
Epoch: 10, Batch: 2000, Acc: 23.83%, Loss: 1.8095
Epoch: 10, Batch: 2010, Acc: 23.84%, Loss: 1.7960
Epoch: 10, Batch: 2020, Acc: 23.84%, Loss: 1.7786
Epoch: 10, Batch: 2030, Acc: 23.85%, Loss: 1.7710
Epoch: 10, Batch: 2040, Acc: 23.85%, Loss: 1.7723
Epoch: 10, Batch: 2050, Acc: 23.84%, Loss: 1.8174
Epoch: 10, Batch: 2060, Acc: 23.84%, Loss: 1.7812
Epoch: 10, Batch: 2070, Acc: 23.85%, Loss: 1.7662
Epoch: 10, Batch: 2080, Acc: 23.87%, Loss: 1.7931
Epoch: 10, Batch: 2090, Acc: 23.88%, Loss: 1.7610
Epoch: 10, Batch: 2100, Acc: 23.89%, Loss: 1.7679
Epoch: 10, Batch: 2110, Acc: 23.88%, Loss: 1.8353
Epoch: 10, Batch: 2120, Acc: 23.88%, Loss: 1.8242
Epoch: 10, Batch: 2130, Acc: 23.89%, Loss: 1.8375
Epoch: 10, Batch: 2140, Acc: 23.90%, Loss: 1.7404
Epoch: 10, Batch: 2150, Acc: 23.90%, Loss: 1.8289
Epoch: 10, Batch: 2160, Acc: 23.89%, Loss: 1.7995
Epoch: 10, Batch: 2170, Acc: 23.90%, Loss: 1.7195
Epoch: 10, Batch: 2180, Acc: 23.91%, Loss: 1.7712
Epoch: 10, Batch: 2190, Acc: 23.91%, Loss: 1.7924
Epoch: 10, Batch: 2200, Acc: 23.92%, Loss: 1.7730
Epoch: 10, Batch: 2210, Acc: 23.92%, Loss: 1.7747
Epoch: 10, Batch: 2220, Acc: 23.92%, Loss: 1.7850
Epoch: 10, Batch: 2230, Acc: 23.92%, Loss: 1.8015
Epoch: 10, Batch: 2240, Acc: 23.91%, Loss: 1.8195
Epoch: 10, Batch: 2250, Acc: 23.92%, Loss: 1.7764
Epoch: 10, Batch: 2260, Acc: 23.92%, Loss: 1.8547
Epoch: 10, Batch: 2270, Acc: 23.93%, Loss: 1.7485
Epoch: 10, Batch: 2280, Acc: 23.93%, Loss: 1.7996
Epoch: 10, Batch: 2290, Acc: 23.93%, Loss: 1.8347
Epoch: 10, Batch: 2300, Acc: 23.93%, Loss: 1.7725
Epoch: 10, Batch: 2310, Acc: 23.93%, Loss: 1.7655
Epoch: 10, Batch: 2320, Acc: 23.94%, Loss: 1.7843
Epoch: 10, Batch: 2330, Acc: 23.93%, Loss: 1.8034
Epoch: 10, Batch: 2340, Acc: 23.93%, Loss: 1.8197
Epoch: 10, Batch: 2350, Acc: 23.94%, Loss: 1.7569
Epoch: 10, Batch: 2360, Acc: 23.94%, Loss: 1.8148
Epoch: 10, Batch: 2370, Acc: 23.94%, Loss: 1.7937
Epoch: 10, Batch: 2380, Acc: 23.93%, Loss: 1.8177
Epoch: 10, Batch: 2390, Acc: 23.93%, Loss: 1.7989
Epoch: 10, Batch: 2400, Acc: 23.92%, Loss: 1.8309
Epoch: 10, Batch: 2410, Acc: 23.92%, Loss: 1.7917
Epoch: 10, Batch: 2420, Acc: 23.92%, Loss: 1.7610
Epoch: 10, Batch: 2430, Acc: 23.90%, Loss: 1.8360
Epoch: 10, Batch: 2440, Acc: 23.89%, Loss: 1.7978
Epoch: 10, Batch: 2450, Acc: 23.89%, Loss: 1.8039
Epoch: 10, Batch: 2460, Acc: 23.88%, Loss: 1.8092
Epoch: 10, Batch: 2470, Acc: 23.89%, Loss: 1.7817
Epoch: 10, Batch: 2480, Acc: 23.88%, Loss: 1.7962
Epoch: 10, Batch: 2490, Acc: 23.88%, Loss: 1.7977
Epoch: 10, Batch: 2500, Acc: 23.87%, Loss: 1.8333
Epoch: 10, Batch: 2510, Acc: 23.87%, Loss: 1.7912
Epoch: 10, Batch: 2520, Acc: 23.87%, Loss: 1.8112
Epoch: 10, Batch: 2530, Acc: 23.86%, Loss: 1.8012
Epoch: 10, Batch: 2540, Acc: 23.86%, Loss: 1.8079
Epoch: 10, Batch: 2550, Acc: 23.86%, Loss: 1.8209
Epoch: 10, Batch: 2560, Acc: 23.85%, Loss: 1.8089
Epoch: 10, Batch: 2570, Acc: 23.86%, Loss: 1.8005
Epoch: 10, Batch: 2580, Acc: 23.83%, Loss: 1.8423
Epoch: 10, Batch: 2590, Acc: 23.84%, Loss: 1.7805
Epoch: 10, Batch: 2600, Acc: 23.86%, Loss: 1.7672
Epoch: 10, Batch: 2610, Acc: 23.86%, Loss: 1.7948
Epoch: 10, Batch: 2620, Acc: 23.87%, Loss: 1.7526
Epoch: 10, Batch: 2630, Acc: 23.87%, Loss: 1.8290
Epoch: 10, Batch: 2640, Acc: 23.87%, Loss: 1.7738
Epoch: 10, Batch: 2650, Acc: 23.87%, Loss: 1.8022
Epoch: 10, Batch: 2660, Acc: 23.87%, Loss: 1.8029
Epoch: 10, Batch: 2670, Acc: 23.88%, Loss: 1.7952
Epoch: 10, Batch: 2680, Acc: 23.88%, Loss: 1.7852
Epoch: 10, Batch: 2690, Acc: 23.88%, Loss: 1.7727
Epoch: 10, Batch: 2700, Acc: 23.88%, Loss: 1.8207
Epoch: 10, Batch: 2710, Acc: 23.87%, Loss: 1.8352
Epoch: 10, Batch: 2720, Acc: 23.86%, Loss: 1.8403
Epoch: 10, Batch: 2730, Acc: 23.86%, Loss: 1.8109
Epoch: 10, Batch: 2740, Acc: 23.86%, Loss: 1.8128
Epoch: 10, Batch: 2750, Acc: 23.86%, Loss: 1.8133
Epoch: 10, Batch: 2760, Acc: 23.85%, Loss: 1.7927
Epoch: 10, Batch: 2770, Acc: 23.84%, Loss: 1.8087
Epoch: 10, Batch: 2780, Acc: 23.84%, Loss: 1.8087
Epoch: 10, Batch: 2790, Acc: 23.84%, Loss: 1.8433
Epoch: 10, Batch: 2800, Acc: 23.84%, Loss: 1.7774
Epoch: 10, Batch: 2810, Acc: 23.85%, Loss: 1.7637
Epoch: 10, Batch: 2820, Acc: 23.85%, Loss: 1.7695
Epoch: 10, Batch: 2830, Acc: 23.85%, Loss: 1.7532
Epoch: 10, Batch: 2840, Acc: 23.85%, Loss: 1.7929
Epoch: 10, Batch: 2850, Acc: 23.85%, Loss: 1.8091
Epoch: 10, Batch: 2860, Acc: 23.86%, Loss: 1.7497
Epoch: 10, Batch: 2870, Acc: 23.86%, Loss: 1.8280
Epoch: 10, Batch: 2880, Acc: 23.86%, Loss: 1.7940
Accuracy on test set: 45.48%, Val loss: 2.2612
Epoch 10: train_loss=1.7958, val_acc=45.48, best_val_acc=45.48, es_counter=0
Epoch: 11, Batch: 10, Acc: 21.25%, Loss: 1.7879
Epoch: 11, Batch: 20, Acc: 21.72%, Loss: 1.8240
Epoch: 11, Batch: 30, Acc: 22.50%, Loss: 1.8238
Epoch: 11, Batch: 40, Acc: 22.23%, Loss: 1.8181
Epoch: 11, Batch: 50, Acc: 22.28%, Loss: 1.8367
Epoch: 11, Batch: 60, Acc: 22.40%, Loss: 1.7937
Epoch: 11, Batch: 70, Acc: 22.83%, Loss: 1.7659
Epoch: 11, Batch: 80, Acc: 22.66%, Loss: 1.8383
Epoch: 11, Batch: 90, Acc: 22.99%, Loss: 1.7548
Epoch: 11, Batch: 100, Acc: 22.73%, Loss: 1.8561
Epoch: 11, Batch: 110, Acc: 22.74%, Loss: 1.8212
Epoch: 11, Batch: 120, Acc: 22.90%, Loss: 1.8213
Epoch: 11, Batch: 130, Acc: 22.84%, Loss: 1.7983
Epoch: 11, Batch: 140, Acc: 22.95%, Loss: 1.8131
Epoch: 11, Batch: 150, Acc: 23.05%, Loss: 1.7704
Epoch: 11, Batch: 160, Acc: 23.08%, Loss: 1.7843
Epoch: 11, Batch: 170, Acc: 23.12%, Loss: 1.7825
Epoch: 11, Batch: 180, Acc: 23.08%, Loss: 1.8400
Epoch: 11, Batch: 190, Acc: 23.18%, Loss: 1.7906
Epoch: 11, Batch: 200, Acc: 23.34%, Loss: 1.7594
Epoch: 11, Batch: 210, Acc: 23.29%, Loss: 1.8227
Epoch: 11, Batch: 220, Acc: 23.44%, Loss: 1.7799
Epoch: 11, Batch: 230, Acc: 23.42%, Loss: 1.8173
Epoch: 11, Batch: 240, Acc: 23.54%, Loss: 1.7468
Epoch: 11, Batch: 250, Acc: 23.58%, Loss: 1.8053
Epoch: 11, Batch: 260, Acc: 23.55%, Loss: 1.8165
Epoch: 11, Batch: 270, Acc: 23.59%, Loss: 1.8192
Epoch: 11, Batch: 280, Acc: 23.60%, Loss: 1.7823
Epoch: 11, Batch: 290, Acc: 23.58%, Loss: 1.8417
Epoch: 11, Batch: 300, Acc: 23.54%, Loss: 1.7991
Epoch: 11, Batch: 310, Acc: 23.55%, Loss: 1.8095
Epoch: 11, Batch: 320, Acc: 23.58%, Loss: 1.8140
Epoch: 11, Batch: 330, Acc: 23.63%, Loss: 1.7700
Epoch: 11, Batch: 340, Acc: 23.64%, Loss: 1.8172
Epoch: 11, Batch: 350, Acc: 23.56%, Loss: 1.8345
Epoch: 11, Batch: 360, Acc: 23.64%, Loss: 1.7540
Epoch: 11, Batch: 370, Acc: 23.67%, Loss: 1.7622
Epoch: 11, Batch: 380, Acc: 23.68%, Loss: 1.7931
Epoch: 11, Batch: 390, Acc: 23.70%, Loss: 1.7735
Epoch: 11, Batch: 400, Acc: 23.70%, Loss: 1.8037
Epoch: 11, Batch: 410, Acc: 23.70%, Loss: 1.8138
Epoch: 11, Batch: 420, Acc: 23.78%, Loss: 1.7675
Epoch: 11, Batch: 430, Acc: 23.75%, Loss: 1.8016
Epoch: 11, Batch: 440, Acc: 23.74%, Loss: 1.7746
Epoch: 11, Batch: 450, Acc: 23.76%, Loss: 1.7643
Epoch: 11, Batch: 460, Acc: 23.81%, Loss: 1.7898
Epoch: 11, Batch: 470, Acc: 23.81%, Loss: 1.8436
Epoch: 11, Batch: 480, Acc: 23.79%, Loss: 1.7990
Epoch: 11, Batch: 490, Acc: 23.75%, Loss: 1.8192
Epoch: 11, Batch: 500, Acc: 23.82%, Loss: 1.8094
Epoch: 11, Batch: 510, Acc: 23.79%, Loss: 1.7941
Epoch: 11, Batch: 520, Acc: 23.80%, Loss: 1.7787
Epoch: 11, Batch: 530, Acc: 23.81%, Loss: 1.7952
Epoch: 11, Batch: 540, Acc: 23.84%, Loss: 1.7813
Epoch: 11, Batch: 550, Acc: 23.86%, Loss: 1.8003
Epoch: 11, Batch: 560, Acc: 23.84%, Loss: 1.7981
Epoch: 11, Batch: 570, Acc: 23.83%, Loss: 1.8130
Epoch: 11, Batch: 580, Acc: 23.83%, Loss: 1.8112
Epoch: 11, Batch: 590, Acc: 23.85%, Loss: 1.7950
Epoch: 11, Batch: 600, Acc: 23.84%, Loss: 1.7735
Epoch: 11, Batch: 610, Acc: 23.86%, Loss: 1.7926
Epoch: 11, Batch: 620, Acc: 23.85%, Loss: 1.7943
Epoch: 11, Batch: 630, Acc: 23.85%, Loss: 1.7874
Epoch: 11, Batch: 640, Acc: 23.88%, Loss: 1.7662
Epoch: 11, Batch: 650, Acc: 23.85%, Loss: 1.8176
Epoch: 11, Batch: 660, Acc: 23.84%, Loss: 1.7995
Epoch: 11, Batch: 670, Acc: 23.82%, Loss: 1.7878
Epoch: 11, Batch: 680, Acc: 23.81%, Loss: 1.8061
Epoch: 11, Batch: 690, Acc: 23.82%, Loss: 1.7726
Epoch: 11, Batch: 700, Acc: 23.87%, Loss: 1.7548
Epoch: 11, Batch: 710, Acc: 23.91%, Loss: 1.7498
Epoch: 11, Batch: 720, Acc: 23.92%, Loss: 1.7641
Epoch: 11, Batch: 730, Acc: 23.92%, Loss: 1.8091
Epoch: 11, Batch: 740, Acc: 23.90%, Loss: 1.7770
Epoch: 11, Batch: 750, Acc: 23.87%, Loss: 1.8034
Epoch: 11, Batch: 760, Acc: 23.85%, Loss: 1.7875
Epoch: 11, Batch: 770, Acc: 23.83%, Loss: 1.8014
Epoch: 11, Batch: 780, Acc: 23.82%, Loss: 1.7858
Epoch: 11, Batch: 790, Acc: 23.81%, Loss: 1.7921
Epoch: 11, Batch: 800, Acc: 23.82%, Loss: 1.7810
Epoch: 11, Batch: 810, Acc: 23.78%, Loss: 1.8051
Epoch: 11, Batch: 820, Acc: 23.77%, Loss: 1.7939
Epoch: 11, Batch: 830, Acc: 23.77%, Loss: 1.8201
Epoch: 11, Batch: 840, Acc: 23.77%, Loss: 1.7791
Epoch: 11, Batch: 850, Acc: 23.76%, Loss: 1.7767
Epoch: 11, Batch: 860, Acc: 23.79%, Loss: 1.7844
Epoch: 11, Batch: 870, Acc: 23.82%, Loss: 1.7782
Epoch: 11, Batch: 880, Acc: 23.83%, Loss: 1.7965
Epoch: 11, Batch: 890, Acc: 23.82%, Loss: 1.8156
Epoch: 11, Batch: 900, Acc: 23.83%, Loss: 1.7728
Epoch: 11, Batch: 910, Acc: 23.86%, Loss: 1.7693
Epoch: 11, Batch: 920, Acc: 23.88%, Loss: 1.7602
Epoch: 11, Batch: 930, Acc: 23.87%, Loss: 1.7914
Epoch: 11, Batch: 940, Acc: 23.88%, Loss: 1.8004
Epoch: 11, Batch: 950, Acc: 23.89%, Loss: 1.7863
Epoch: 11, Batch: 960, Acc: 23.87%, Loss: 1.8307
Epoch: 11, Batch: 970, Acc: 23.90%, Loss: 1.7550
Epoch: 11, Batch: 980, Acc: 23.91%, Loss: 1.7672
Epoch: 11, Batch: 990, Acc: 23.92%, Loss: 1.8045
Epoch: 11, Batch: 1000, Acc: 23.94%, Loss: 1.7743
Epoch: 11, Batch: 1010, Acc: 23.93%, Loss: 1.8220
Epoch: 11, Batch: 1020, Acc: 23.90%, Loss: 1.8332
Epoch: 11, Batch: 1030, Acc: 23.88%, Loss: 1.7834
Epoch: 11, Batch: 1040, Acc: 23.89%, Loss: 1.7808
Epoch: 11, Batch: 1050, Acc: 23.89%, Loss: 1.7930
Epoch: 11, Batch: 1060, Acc: 23.90%, Loss: 1.7878
Epoch: 11, Batch: 1070, Acc: 23.91%, Loss: 1.7785
Epoch: 11, Batch: 1080, Acc: 23.87%, Loss: 1.8137
Epoch: 11, Batch: 1090, Acc: 23.86%, Loss: 1.8458
Epoch: 11, Batch: 1100, Acc: 23.85%, Loss: 1.8023
Epoch: 11, Batch: 1110, Acc: 23.87%, Loss: 1.7920
Epoch: 11, Batch: 1120, Acc: 23.87%, Loss: 1.8005
Epoch: 11, Batch: 1130, Acc: 23.87%, Loss: 1.8103
Epoch: 11, Batch: 1140, Acc: 23.89%, Loss: 1.7599
Epoch: 11, Batch: 1150, Acc: 23.92%, Loss: 1.7869
Epoch: 11, Batch: 1160, Acc: 23.93%, Loss: 1.7656
Epoch: 11, Batch: 1170, Acc: 23.89%, Loss: 1.8287
Epoch: 11, Batch: 1180, Acc: 23.87%, Loss: 1.8429
Epoch: 11, Batch: 1190, Acc: 23.85%, Loss: 1.8270
Epoch: 11, Batch: 1200, Acc: 23.87%, Loss: 1.8011
Epoch: 11, Batch: 1210, Acc: 23.88%, Loss: 1.7635
Epoch: 11, Batch: 1220, Acc: 23.89%, Loss: 1.7962
Epoch: 11, Batch: 1230, Acc: 23.86%, Loss: 1.8272
Epoch: 11, Batch: 1240, Acc: 23.88%, Loss: 1.7558
Epoch: 11, Batch: 1250, Acc: 23.89%, Loss: 1.8055
Epoch: 11, Batch: 1260, Acc: 23.91%, Loss: 1.7406
Epoch: 11, Batch: 1270, Acc: 23.91%, Loss: 1.8210
Epoch: 11, Batch: 1280, Acc: 23.91%, Loss: 1.8153
Epoch: 11, Batch: 1290, Acc: 23.90%, Loss: 1.8037
Epoch: 11, Batch: 1300, Acc: 23.91%, Loss: 1.8039
Epoch: 11, Batch: 1310, Acc: 23.90%, Loss: 1.8185
Epoch: 11, Batch: 1320, Acc: 23.92%, Loss: 1.7694
Epoch: 11, Batch: 1330, Acc: 23.91%, Loss: 1.8182
Epoch: 11, Batch: 1340, Acc: 23.93%, Loss: 1.7547
Epoch: 11, Batch: 1350, Acc: 23.94%, Loss: 1.7825
Epoch: 11, Batch: 1360, Acc: 23.93%, Loss: 1.7814
Epoch: 11, Batch: 1370, Acc: 23.94%, Loss: 1.7958
Epoch: 11, Batch: 1380, Acc: 23.93%, Loss: 1.8036
Epoch: 11, Batch: 1390, Acc: 23.93%, Loss: 1.8172
Epoch: 11, Batch: 1400, Acc: 23.93%, Loss: 1.7912
Epoch: 11, Batch: 1410, Acc: 23.94%, Loss: 1.7811
Epoch: 11, Batch: 1420, Acc: 23.96%, Loss: 1.7780
Epoch: 11, Batch: 1430, Acc: 23.95%, Loss: 1.7968
Epoch: 11, Batch: 1440, Acc: 23.94%, Loss: 1.8233
Epoch: 11, Batch: 1450, Acc: 23.95%, Loss: 1.7952
Epoch: 11, Batch: 1460, Acc: 23.94%, Loss: 1.7934
Epoch: 11, Batch: 1470, Acc: 23.92%, Loss: 1.8643
Epoch: 11, Batch: 1480, Acc: 23.92%, Loss: 1.8115
Epoch: 11, Batch: 1490, Acc: 23.91%, Loss: 1.8124
Epoch: 11, Batch: 1500, Acc: 23.91%, Loss: 1.7699
Epoch: 11, Batch: 1510, Acc: 23.92%, Loss: 1.7885
Epoch: 11, Batch: 1520, Acc: 23.91%, Loss: 1.8252
Epoch: 11, Batch: 1530, Acc: 23.91%, Loss: 1.7890
Epoch: 11, Batch: 1540, Acc: 23.91%, Loss: 1.8006
Epoch: 11, Batch: 1550, Acc: 23.90%, Loss: 1.8212
Epoch: 11, Batch: 1560, Acc: 23.90%, Loss: 1.8069
Epoch: 11, Batch: 1570, Acc: 23.91%, Loss: 1.7652
Epoch: 11, Batch: 1580, Acc: 23.91%, Loss: 1.8179
Epoch: 11, Batch: 1590, Acc: 23.93%, Loss: 1.7369
Epoch: 11, Batch: 1600, Acc: 23.94%, Loss: 1.7725
Epoch: 11, Batch: 1610, Acc: 23.93%, Loss: 1.8139
Epoch: 11, Batch: 1620, Acc: 23.90%, Loss: 1.8594
Epoch: 11, Batch: 1630, Acc: 23.90%, Loss: 1.8048
Epoch: 11, Batch: 1640, Acc: 23.91%, Loss: 1.7824
Epoch: 11, Batch: 1650, Acc: 23.91%, Loss: 1.7780
Epoch: 11, Batch: 1660, Acc: 23.90%, Loss: 1.7778
Epoch: 11, Batch: 1670, Acc: 23.91%, Loss: 1.7826
Epoch: 11, Batch: 1680, Acc: 23.90%, Loss: 1.8245
Epoch: 11, Batch: 1690, Acc: 23.88%, Loss: 1.8293
Epoch: 11, Batch: 1700, Acc: 23.88%, Loss: 1.7896
Epoch: 11, Batch: 1710, Acc: 23.88%, Loss: 1.7926
Epoch: 11, Batch: 1720, Acc: 23.88%, Loss: 1.7970
Epoch: 11, Batch: 1730, Acc: 23.88%, Loss: 1.8312
Epoch: 11, Batch: 1740, Acc: 23.87%, Loss: 1.7961
Epoch: 11, Batch: 1750, Acc: 23.87%, Loss: 1.7902
Epoch: 11, Batch: 1760, Acc: 23.86%, Loss: 1.8276
Epoch: 11, Batch: 1770, Acc: 23.85%, Loss: 1.8010
Epoch: 11, Batch: 1780, Acc: 23.86%, Loss: 1.8227
Epoch: 11, Batch: 1790, Acc: 23.85%, Loss: 1.8098
Epoch: 11, Batch: 1800, Acc: 23.85%, Loss: 1.7815
Epoch: 11, Batch: 1810, Acc: 23.86%, Loss: 1.7942
Epoch: 11, Batch: 1820, Acc: 23.86%, Loss: 1.7877
Epoch: 11, Batch: 1830, Acc: 23.87%, Loss: 1.7902
Epoch: 11, Batch: 1840, Acc: 23.86%, Loss: 1.8632
Epoch: 11, Batch: 1850, Acc: 23.87%, Loss: 1.7705
Epoch: 11, Batch: 1860, Acc: 23.86%, Loss: 1.7970
Epoch: 11, Batch: 1870, Acc: 23.87%, Loss: 1.7762
Epoch: 11, Batch: 1880, Acc: 23.86%, Loss: 1.8230
Epoch: 11, Batch: 1890, Acc: 23.86%, Loss: 1.8113
Epoch: 11, Batch: 1900, Acc: 23.87%, Loss: 1.7590
Epoch: 11, Batch: 1910, Acc: 23.86%, Loss: 1.7890
Epoch: 11, Batch: 1920, Acc: 23.85%, Loss: 1.8248
Epoch: 11, Batch: 1930, Acc: 23.85%, Loss: 1.7862
Epoch: 11, Batch: 1940, Acc: 23.87%, Loss: 1.7770
Epoch: 11, Batch: 1950, Acc: 23.87%, Loss: 1.7996
Epoch: 11, Batch: 1960, Acc: 23.86%, Loss: 1.8090
Epoch: 11, Batch: 1970, Acc: 23.86%, Loss: 1.8391
Epoch: 11, Batch: 1980, Acc: 23.85%, Loss: 1.8264
Epoch: 11, Batch: 1990, Acc: 23.86%, Loss: 1.7885
Epoch: 11, Batch: 2000, Acc: 23.87%, Loss: 1.7568
Epoch: 11, Batch: 2010, Acc: 23.87%, Loss: 1.8413
Epoch: 11, Batch: 2020, Acc: 23.87%, Loss: 1.7728
Epoch: 11, Batch: 2030, Acc: 23.89%, Loss: 1.7821
Epoch: 11, Batch: 2040, Acc: 23.90%, Loss: 1.7408
Epoch: 11, Batch: 2050, Acc: 23.90%, Loss: 1.7650
Epoch: 11, Batch: 2060, Acc: 23.92%, Loss: 1.7748
Epoch: 11, Batch: 2070, Acc: 23.92%, Loss: 1.7871
Epoch: 11, Batch: 2080, Acc: 23.93%, Loss: 1.7619
Epoch: 11, Batch: 2090, Acc: 23.92%, Loss: 1.8041
Epoch: 11, Batch: 2100, Acc: 23.91%, Loss: 1.8160
Epoch: 11, Batch: 2110, Acc: 23.91%, Loss: 1.8335
Epoch: 11, Batch: 2120, Acc: 23.91%, Loss: 1.7916
Epoch: 11, Batch: 2130, Acc: 23.93%, Loss: 1.7497
Epoch: 11, Batch: 2140, Acc: 23.92%, Loss: 1.8344
Epoch: 11, Batch: 2150, Acc: 23.91%, Loss: 1.7999
Epoch: 11, Batch: 2160, Acc: 23.91%, Loss: 1.7744
Epoch: 11, Batch: 2170, Acc: 23.91%, Loss: 1.7487
Epoch: 11, Batch: 2180, Acc: 23.92%, Loss: 1.7847
Epoch: 11, Batch: 2190, Acc: 23.93%, Loss: 1.7616
Epoch: 11, Batch: 2200, Acc: 23.93%, Loss: 1.7668
Epoch: 11, Batch: 2210, Acc: 23.94%, Loss: 1.7808
Epoch: 11, Batch: 2220, Acc: 23.94%, Loss: 1.7895
Epoch: 11, Batch: 2230, Acc: 23.94%, Loss: 1.7890
Epoch: 11, Batch: 2240, Acc: 23.94%, Loss: 1.7896
Epoch: 11, Batch: 2250, Acc: 23.94%, Loss: 1.7866
Epoch: 11, Batch: 2260, Acc: 23.94%, Loss: 1.7939
Epoch: 11, Batch: 2270, Acc: 23.93%, Loss: 1.8110
Epoch: 11, Batch: 2280, Acc: 23.94%, Loss: 1.7492
Epoch: 11, Batch: 2290, Acc: 23.96%, Loss: 1.7794
Epoch: 11, Batch: 2300, Acc: 23.95%, Loss: 1.8165
Epoch: 11, Batch: 2310, Acc: 23.94%, Loss: 1.8137
Epoch: 11, Batch: 2320, Acc: 23.93%, Loss: 1.8004
Epoch: 11, Batch: 2330, Acc: 23.93%, Loss: 1.7946
Epoch: 11, Batch: 2340, Acc: 23.93%, Loss: 1.8153
Epoch: 11, Batch: 2350, Acc: 23.93%, Loss: 1.8164
Epoch: 11, Batch: 2360, Acc: 23.92%, Loss: 1.7912
Epoch: 11, Batch: 2370, Acc: 23.92%, Loss: 1.8178
Epoch: 11, Batch: 2380, Acc: 23.93%, Loss: 1.7883
Epoch: 11, Batch: 2390, Acc: 23.92%, Loss: 1.8144
Epoch: 11, Batch: 2400, Acc: 23.92%, Loss: 1.7995
Epoch: 11, Batch: 2410, Acc: 23.92%, Loss: 1.7895
Epoch: 11, Batch: 2420, Acc: 23.92%, Loss: 1.7786
Epoch: 11, Batch: 2430, Acc: 23.92%, Loss: 1.8256
Epoch: 11, Batch: 2440, Acc: 23.91%, Loss: 1.8084
Epoch: 11, Batch: 2450, Acc: 23.91%, Loss: 1.7850
Epoch: 11, Batch: 2460, Acc: 23.91%, Loss: 1.7897
Epoch: 11, Batch: 2470, Acc: 23.90%, Loss: 1.7910
Epoch: 11, Batch: 2480, Acc: 23.90%, Loss: 1.8045
Epoch: 11, Batch: 2490, Acc: 23.91%, Loss: 1.7762
Epoch: 11, Batch: 2500, Acc: 23.92%, Loss: 1.7464
Epoch: 11, Batch: 2510, Acc: 23.92%, Loss: 1.7654
Epoch: 11, Batch: 2520, Acc: 23.92%, Loss: 1.7930
Epoch: 11, Batch: 2530, Acc: 23.92%, Loss: 1.7768
Epoch: 11, Batch: 2540, Acc: 23.92%, Loss: 1.7984
Epoch: 11, Batch: 2550, Acc: 23.92%, Loss: 1.8112
Epoch: 11, Batch: 2560, Acc: 23.94%, Loss: 1.7307
Epoch: 11, Batch: 2570, Acc: 23.93%, Loss: 1.8105
Epoch: 11, Batch: 2580, Acc: 23.93%, Loss: 1.7721
Epoch: 11, Batch: 2590, Acc: 23.92%, Loss: 1.8288
Epoch: 11, Batch: 2600, Acc: 23.91%, Loss: 1.7862
Epoch: 11, Batch: 2610, Acc: 23.92%, Loss: 1.7936
Epoch: 11, Batch: 2620, Acc: 23.92%, Loss: 1.7818
Epoch: 11, Batch: 2630, Acc: 23.93%, Loss: 1.7732
Epoch: 11, Batch: 2640, Acc: 23.94%, Loss: 1.7884
Epoch: 11, Batch: 2650, Acc: 23.93%, Loss: 1.8192
Epoch: 11, Batch: 2660, Acc: 23.93%, Loss: 1.7849
Epoch: 11, Batch: 2670, Acc: 23.93%, Loss: 1.8168
Epoch: 11, Batch: 2680, Acc: 23.93%, Loss: 1.7724
Epoch: 11, Batch: 2690, Acc: 23.92%, Loss: 1.8270
Epoch: 11, Batch: 2700, Acc: 23.92%, Loss: 1.7705
Epoch: 11, Batch: 2710, Acc: 23.92%, Loss: 1.8008
Epoch: 11, Batch: 2720, Acc: 23.92%, Loss: 1.7807
Epoch: 11, Batch: 2730, Acc: 23.92%, Loss: 1.7763
Epoch: 11, Batch: 2740, Acc: 23.92%, Loss: 1.8030
Epoch: 11, Batch: 2750, Acc: 23.91%, Loss: 1.8251
Epoch: 11, Batch: 2760, Acc: 23.92%, Loss: 1.7785
Epoch: 11, Batch: 2770, Acc: 23.92%, Loss: 1.8009
Epoch: 11, Batch: 2780, Acc: 23.90%, Loss: 1.8114
Epoch: 11, Batch: 2790, Acc: 23.91%, Loss: 1.7971
Epoch: 11, Batch: 2800, Acc: 23.90%, Loss: 1.7869
Epoch: 11, Batch: 2810, Acc: 23.89%, Loss: 1.7891
Epoch: 11, Batch: 2820, Acc: 23.89%, Loss: 1.8324
Epoch: 11, Batch: 2830, Acc: 23.90%, Loss: 1.7395
Epoch: 11, Batch: 2840, Acc: 23.90%, Loss: 1.7964
Epoch: 11, Batch: 2850, Acc: 23.91%, Loss: 1.7251
Epoch: 11, Batch: 2860, Acc: 23.92%, Loss: 1.8085
Epoch: 11, Batch: 2870, Acc: 23.91%, Loss: 1.8196
Epoch: 11, Batch: 2880, Acc: 23.91%, Loss: 1.8028
Accuracy on test set: 45.31%, Val loss: 2.2614
Epoch 11: train_loss=1.7952, val_acc=45.31, best_val_acc=45.48, es_counter=1
Epoch: 12, Batch: 10, Acc: 21.56%, Loss: 1.8183
Epoch: 12, Batch: 20, Acc: 24.06%, Loss: 1.7873
Epoch: 12, Batch: 30, Acc: 24.43%, Loss: 1.7551
Epoch: 12, Batch: 40, Acc: 24.02%, Loss: 1.8207
Epoch: 12, Batch: 50, Acc: 23.78%, Loss: 1.7919
Epoch: 12, Batch: 60, Acc: 23.85%, Loss: 1.7999
Epoch: 12, Batch: 70, Acc: 23.82%, Loss: 1.8098
Epoch: 12, Batch: 80, Acc: 23.46%, Loss: 1.8367
Epoch: 12, Batch: 90, Acc: 23.45%, Loss: 1.8124
Epoch: 12, Batch: 100, Acc: 23.73%, Loss: 1.7621
Epoch: 12, Batch: 110, Acc: 23.72%, Loss: 1.8058
Epoch: 12, Batch: 120, Acc: 23.70%, Loss: 1.7916
Epoch: 12, Batch: 130, Acc: 23.89%, Loss: 1.7516
Epoch: 12, Batch: 140, Acc: 23.98%, Loss: 1.7767
Epoch: 12, Batch: 150, Acc: 24.11%, Loss: 1.7690
Epoch: 12, Batch: 160, Acc: 23.97%, Loss: 1.8114
Epoch: 12, Batch: 170, Acc: 23.91%, Loss: 1.8246
Epoch: 12, Batch: 180, Acc: 23.75%, Loss: 1.8418
Epoch: 12, Batch: 190, Acc: 23.66%, Loss: 1.8281
Epoch: 12, Batch: 200, Acc: 23.65%, Loss: 1.7789
Epoch: 12, Batch: 210, Acc: 23.71%, Loss: 1.7930
Epoch: 12, Batch: 220, Acc: 23.67%, Loss: 1.7974
Epoch: 12, Batch: 230, Acc: 23.76%, Loss: 1.7902
Epoch: 12, Batch: 240, Acc: 23.70%, Loss: 1.8186
Epoch: 12, Batch: 250, Acc: 23.65%, Loss: 1.8403
Epoch: 12, Batch: 260, Acc: 23.73%, Loss: 1.8117
Epoch: 12, Batch: 270, Acc: 23.82%, Loss: 1.7820
Epoch: 12, Batch: 280, Acc: 23.79%, Loss: 1.8020
Epoch: 12, Batch: 290, Acc: 23.80%, Loss: 1.7926
Epoch: 12, Batch: 300, Acc: 23.85%, Loss: 1.7781
Epoch: 12, Batch: 310, Acc: 23.80%, Loss: 1.8126
Epoch: 12, Batch: 320, Acc: 23.78%, Loss: 1.8086
Epoch: 12, Batch: 330, Acc: 23.79%, Loss: 1.7777
Epoch: 12, Batch: 340, Acc: 23.85%, Loss: 1.7895
Epoch: 12, Batch: 350, Acc: 23.85%, Loss: 1.8014
Epoch: 12, Batch: 360, Acc: 23.85%, Loss: 1.8294
Epoch: 12, Batch: 370, Acc: 23.81%, Loss: 1.7957
Epoch: 12, Batch: 380, Acc: 23.82%, Loss: 1.8062
Epoch: 12, Batch: 390, Acc: 23.85%, Loss: 1.7796
Epoch: 12, Batch: 400, Acc: 23.84%, Loss: 1.8010
Epoch: 12, Batch: 410, Acc: 23.80%, Loss: 1.7714
Epoch: 12, Batch: 420, Acc: 23.78%, Loss: 1.8247
Epoch: 12, Batch: 430, Acc: 23.84%, Loss: 1.7793
Epoch: 12, Batch: 440, Acc: 23.92%, Loss: 1.7251
Epoch: 12, Batch: 450, Acc: 23.88%, Loss: 1.8251
Epoch: 12, Batch: 460, Acc: 23.93%, Loss: 1.7643
Epoch: 12, Batch: 470, Acc: 23.93%, Loss: 1.7721
Epoch: 12, Batch: 480, Acc: 23.92%, Loss: 1.8225
Epoch: 12, Batch: 490, Acc: 23.98%, Loss: 1.7356
Epoch: 12, Batch: 500, Acc: 23.98%, Loss: 1.7815
Epoch: 12, Batch: 510, Acc: 24.01%, Loss: 1.7873
Epoch: 12, Batch: 520, Acc: 23.95%, Loss: 1.8097
Epoch: 12, Batch: 530, Acc: 23.91%, Loss: 1.8079
Epoch: 12, Batch: 540, Acc: 23.92%, Loss: 1.8023
Epoch: 12, Batch: 550, Acc: 23.99%, Loss: 1.7608
Epoch: 12, Batch: 560, Acc: 23.96%, Loss: 1.7954
Epoch: 12, Batch: 570, Acc: 23.99%, Loss: 1.7786
Epoch: 12, Batch: 580, Acc: 23.98%, Loss: 1.8193
Epoch: 12, Batch: 590, Acc: 23.92%, Loss: 1.8391
Epoch: 12, Batch: 600, Acc: 23.95%, Loss: 1.7819
Epoch: 12, Batch: 610, Acc: 23.97%, Loss: 1.7608
Epoch: 12, Batch: 620, Acc: 23.93%, Loss: 1.8066
Epoch: 12, Batch: 630, Acc: 23.95%, Loss: 1.7978
Epoch: 12, Batch: 640, Acc: 23.93%, Loss: 1.8042
Epoch: 12, Batch: 650, Acc: 23.95%, Loss: 1.7763
Epoch: 12, Batch: 660, Acc: 23.97%, Loss: 1.7637
Epoch: 12, Batch: 670, Acc: 23.98%, Loss: 1.8109
Epoch: 12, Batch: 680, Acc: 23.94%, Loss: 1.8043
Epoch: 12, Batch: 690, Acc: 23.97%, Loss: 1.7595
Epoch: 12, Batch: 700, Acc: 23.98%, Loss: 1.8050
Epoch: 12, Batch: 710, Acc: 23.99%, Loss: 1.7823
Epoch: 12, Batch: 720, Acc: 24.00%, Loss: 1.7994
Epoch: 12, Batch: 730, Acc: 24.01%, Loss: 1.7684
Epoch: 12, Batch: 740, Acc: 24.01%, Loss: 1.7919
Epoch: 12, Batch: 750, Acc: 24.01%, Loss: 1.8162
Epoch: 12, Batch: 760, Acc: 24.02%, Loss: 1.7930
Epoch: 12, Batch: 770, Acc: 24.02%, Loss: 1.7881
Epoch: 12, Batch: 780, Acc: 24.03%, Loss: 1.7683
Epoch: 12, Batch: 790, Acc: 24.03%, Loss: 1.7834
Epoch: 12, Batch: 800, Acc: 24.02%, Loss: 1.8138
Epoch: 12, Batch: 810, Acc: 24.03%, Loss: 1.7944
Epoch: 12, Batch: 820, Acc: 23.97%, Loss: 1.8359
Epoch: 12, Batch: 830, Acc: 23.97%, Loss: 1.8031
Epoch: 12, Batch: 840, Acc: 23.95%, Loss: 1.8125
Epoch: 12, Batch: 850, Acc: 23.90%, Loss: 1.8391
Epoch: 12, Batch: 860, Acc: 23.93%, Loss: 1.7786
Epoch: 12, Batch: 870, Acc: 23.96%, Loss: 1.7859
Epoch: 12, Batch: 880, Acc: 23.96%, Loss: 1.8036
Epoch: 12, Batch: 890, Acc: 23.94%, Loss: 1.7996
Epoch: 12, Batch: 900, Acc: 23.94%, Loss: 1.8031
Epoch: 12, Batch: 910, Acc: 23.97%, Loss: 1.7543
Epoch: 12, Batch: 920, Acc: 23.98%, Loss: 1.8090
Epoch: 12, Batch: 930, Acc: 24.00%, Loss: 1.7736
Epoch: 12, Batch: 940, Acc: 24.04%, Loss: 1.7383
Epoch: 12, Batch: 950, Acc: 24.02%, Loss: 1.8220
Epoch: 12, Batch: 960, Acc: 24.00%, Loss: 1.8416
Epoch: 12, Batch: 970, Acc: 24.00%, Loss: 1.7425
Epoch: 12, Batch: 980, Acc: 24.01%, Loss: 1.8064
Epoch: 12, Batch: 990, Acc: 23.99%, Loss: 1.8286
Epoch: 12, Batch: 1000, Acc: 24.01%, Loss: 1.7636
Epoch: 12, Batch: 1010, Acc: 24.03%, Loss: 1.7671
Epoch: 12, Batch: 1020, Acc: 24.01%, Loss: 1.8259
Epoch: 12, Batch: 1030, Acc: 24.01%, Loss: 1.7860
Epoch: 12, Batch: 1040, Acc: 24.02%, Loss: 1.7746
Epoch: 12, Batch: 1050, Acc: 24.02%, Loss: 1.8051
Epoch: 12, Batch: 1060, Acc: 24.02%, Loss: 1.7967
Epoch: 12, Batch: 1070, Acc: 24.00%, Loss: 1.8097
Epoch: 12, Batch: 1080, Acc: 24.00%, Loss: 1.7949
Epoch: 12, Batch: 1090, Acc: 24.01%, Loss: 1.7552
Epoch: 12, Batch: 1100, Acc: 24.00%, Loss: 1.8056
Epoch: 12, Batch: 1110, Acc: 24.00%, Loss: 1.8255
Epoch: 12, Batch: 1120, Acc: 23.99%, Loss: 1.7890
Epoch: 12, Batch: 1130, Acc: 23.98%, Loss: 1.8073
Epoch: 12, Batch: 1140, Acc: 23.99%, Loss: 1.7864
Epoch: 12, Batch: 1150, Acc: 23.98%, Loss: 1.7882
Epoch: 12, Batch: 1160, Acc: 23.99%, Loss: 1.7803
Epoch: 12, Batch: 1170, Acc: 23.98%, Loss: 1.8280
Epoch: 12, Batch: 1180, Acc: 23.99%, Loss: 1.8211
Epoch: 12, Batch: 1190, Acc: 24.00%, Loss: 1.7547
Epoch: 12, Batch: 1200, Acc: 23.99%, Loss: 1.8167
Epoch: 12, Batch: 1210, Acc: 23.98%, Loss: 1.7866
Epoch: 12, Batch: 1220, Acc: 23.98%, Loss: 1.8119
Epoch: 12, Batch: 1230, Acc: 24.00%, Loss: 1.7724
Epoch: 12, Batch: 1240, Acc: 24.01%, Loss: 1.8100
Epoch: 12, Batch: 1250, Acc: 24.02%, Loss: 1.7648
Epoch: 12, Batch: 1260, Acc: 24.02%, Loss: 1.8096
Epoch: 12, Batch: 1270, Acc: 24.05%, Loss: 1.7834
Epoch: 12, Batch: 1280, Acc: 24.05%, Loss: 1.7521
Epoch: 12, Batch: 1290, Acc: 24.05%, Loss: 1.8125
Epoch: 12, Batch: 1300, Acc: 24.03%, Loss: 1.8045
Epoch: 12, Batch: 1310, Acc: 24.04%, Loss: 1.8165
Epoch: 12, Batch: 1320, Acc: 24.04%, Loss: 1.7735
Epoch: 12, Batch: 1330, Acc: 24.04%, Loss: 1.7854
Epoch: 12, Batch: 1340, Acc: 24.01%, Loss: 1.8345
Epoch: 12, Batch: 1350, Acc: 24.01%, Loss: 1.7857
Epoch: 12, Batch: 1360, Acc: 23.99%, Loss: 1.8523
Epoch: 12, Batch: 1370, Acc: 23.99%, Loss: 1.7932
Epoch: 12, Batch: 1380, Acc: 23.98%, Loss: 1.8046
Epoch: 12, Batch: 1390, Acc: 23.98%, Loss: 1.8164
Epoch: 12, Batch: 1400, Acc: 23.98%, Loss: 1.7887
Epoch: 12, Batch: 1410, Acc: 23.97%, Loss: 1.8088
Epoch: 12, Batch: 1420, Acc: 23.99%, Loss: 1.7533
Epoch: 12, Batch: 1430, Acc: 23.99%, Loss: 1.7620
Epoch: 12, Batch: 1440, Acc: 23.98%, Loss: 1.8293
Epoch: 12, Batch: 1450, Acc: 23.98%, Loss: 1.7900
Epoch: 12, Batch: 1460, Acc: 23.99%, Loss: 1.7747
Epoch: 12, Batch: 1470, Acc: 24.00%, Loss: 1.7583
Epoch: 12, Batch: 1480, Acc: 24.00%, Loss: 1.7669
Epoch: 12, Batch: 1490, Acc: 24.00%, Loss: 1.7658
Epoch: 12, Batch: 1500, Acc: 24.01%, Loss: 1.7628
Epoch: 12, Batch: 1510, Acc: 24.04%, Loss: 1.6850
Epoch: 12, Batch: 1520, Acc: 24.05%, Loss: 1.7753
Epoch: 12, Batch: 1530, Acc: 24.03%, Loss: 1.8247
Epoch: 12, Batch: 1540, Acc: 24.02%, Loss: 1.8061
Epoch: 12, Batch: 1550, Acc: 24.04%, Loss: 1.7555
Epoch: 12, Batch: 1560, Acc: 24.04%, Loss: 1.8082
Epoch: 12, Batch: 1570, Acc: 24.04%, Loss: 1.8082
Epoch: 12, Batch: 1580, Acc: 24.03%, Loss: 1.8263
Epoch: 12, Batch: 1590, Acc: 24.03%, Loss: 1.7945
Epoch: 12, Batch: 1600, Acc: 24.02%, Loss: 1.8073
Epoch: 12, Batch: 1610, Acc: 24.01%, Loss: 1.8375
Epoch: 12, Batch: 1620, Acc: 24.02%, Loss: 1.7701
Epoch: 12, Batch: 1630, Acc: 24.02%, Loss: 1.8042
Epoch: 12, Batch: 1640, Acc: 24.01%, Loss: 1.8345
Epoch: 12, Batch: 1650, Acc: 24.03%, Loss: 1.7589
Epoch: 12, Batch: 1660, Acc: 24.03%, Loss: 1.8097
Epoch: 12, Batch: 1670, Acc: 24.03%, Loss: 1.7711
Epoch: 12, Batch: 1680, Acc: 24.04%, Loss: 1.7328
Epoch: 12, Batch: 1690, Acc: 24.05%, Loss: 1.7613
Epoch: 12, Batch: 1700, Acc: 24.05%, Loss: 1.7741
Epoch: 12, Batch: 1710, Acc: 24.04%, Loss: 1.7836
Epoch: 12, Batch: 1720, Acc: 24.03%, Loss: 1.8054
Epoch: 12, Batch: 1730, Acc: 24.01%, Loss: 1.8439
Epoch: 12, Batch: 1740, Acc: 24.01%, Loss: 1.7855
Epoch: 12, Batch: 1750, Acc: 23.98%, Loss: 1.8464
Epoch: 12, Batch: 1760, Acc: 23.98%, Loss: 1.7971
Epoch: 12, Batch: 1770, Acc: 23.98%, Loss: 1.8091
Epoch: 12, Batch: 1780, Acc: 23.99%, Loss: 1.7637
Epoch: 12, Batch: 1790, Acc: 24.00%, Loss: 1.7925
Epoch: 12, Batch: 1800, Acc: 24.01%, Loss: 1.8036
Epoch: 12, Batch: 1810, Acc: 24.01%, Loss: 1.7693
Epoch: 12, Batch: 1820, Acc: 24.00%, Loss: 1.8457
Epoch: 12, Batch: 1830, Acc: 24.00%, Loss: 1.7956
Epoch: 12, Batch: 1840, Acc: 24.01%, Loss: 1.7786
Epoch: 12, Batch: 1850, Acc: 24.01%, Loss: 1.8030
Epoch: 12, Batch: 1860, Acc: 24.02%, Loss: 1.7554
Epoch: 12, Batch: 1870, Acc: 24.03%, Loss: 1.7772
Epoch: 12, Batch: 1880, Acc: 24.04%, Loss: 1.7601
Epoch: 12, Batch: 1890, Acc: 24.05%, Loss: 1.7978
Epoch: 12, Batch: 1900, Acc: 24.05%, Loss: 1.7849
Epoch: 12, Batch: 1910, Acc: 24.04%, Loss: 1.7994
Epoch: 12, Batch: 1920, Acc: 24.04%, Loss: 1.7871
Epoch: 12, Batch: 1930, Acc: 24.03%, Loss: 1.7965
Epoch: 12, Batch: 1940, Acc: 24.03%, Loss: 1.7908
Epoch: 12, Batch: 1950, Acc: 24.01%, Loss: 1.8605
Epoch: 12, Batch: 1960, Acc: 24.00%, Loss: 1.7981
Epoch: 12, Batch: 1970, Acc: 24.00%, Loss: 1.7946
Epoch: 12, Batch: 1980, Acc: 23.99%, Loss: 1.8299
Epoch: 12, Batch: 1990, Acc: 24.00%, Loss: 1.7588
Epoch: 12, Batch: 2000, Acc: 24.02%, Loss: 1.7785
Epoch: 12, Batch: 2010, Acc: 24.02%, Loss: 1.7791
Epoch: 12, Batch: 2020, Acc: 24.01%, Loss: 1.8381
Epoch: 12, Batch: 2030, Acc: 24.01%, Loss: 1.7706
Epoch: 12, Batch: 2040, Acc: 24.00%, Loss: 1.8209
Epoch: 12, Batch: 2050, Acc: 24.00%, Loss: 1.8022
Epoch: 12, Batch: 2060, Acc: 23.98%, Loss: 1.8398
Epoch: 12, Batch: 2070, Acc: 23.97%, Loss: 1.8635
Epoch: 12, Batch: 2080, Acc: 23.97%, Loss: 1.7466
Epoch: 12, Batch: 2090, Acc: 23.97%, Loss: 1.8029
Epoch: 12, Batch: 2100, Acc: 23.98%, Loss: 1.7639
Epoch: 12, Batch: 2110, Acc: 23.97%, Loss: 1.7797
Epoch: 12, Batch: 2120, Acc: 23.97%, Loss: 1.7927
Epoch: 12, Batch: 2130, Acc: 23.96%, Loss: 1.8188
Epoch: 12, Batch: 2140, Acc: 23.96%, Loss: 1.8037
Epoch: 12, Batch: 2150, Acc: 23.96%, Loss: 1.8156
Epoch: 12, Batch: 2160, Acc: 23.96%, Loss: 1.7913
Epoch: 12, Batch: 2170, Acc: 23.96%, Loss: 1.7911
Epoch: 12, Batch: 2180, Acc: 23.97%, Loss: 1.7828
Epoch: 12, Batch: 2190, Acc: 23.96%, Loss: 1.7832
Epoch: 12, Batch: 2200, Acc: 23.96%, Loss: 1.7731
Epoch: 12, Batch: 2210, Acc: 23.96%, Loss: 1.7838
Epoch: 12, Batch: 2220, Acc: 23.96%, Loss: 1.8146
Epoch: 12, Batch: 2230, Acc: 23.96%, Loss: 1.7998
Epoch: 12, Batch: 2240, Acc: 23.95%, Loss: 1.7790
Epoch: 12, Batch: 2250, Acc: 23.96%, Loss: 1.7760
Epoch: 12, Batch: 2260, Acc: 23.96%, Loss: 1.7755
Epoch: 12, Batch: 2270, Acc: 23.98%, Loss: 1.7562
Epoch: 12, Batch: 2280, Acc: 23.98%, Loss: 1.7782
Epoch: 12, Batch: 2290, Acc: 23.97%, Loss: 1.7658
Epoch: 12, Batch: 2300, Acc: 23.96%, Loss: 1.8308
Epoch: 12, Batch: 2310, Acc: 23.98%, Loss: 1.7526
Epoch: 12, Batch: 2320, Acc: 23.98%, Loss: 1.7829
Epoch: 12, Batch: 2330, Acc: 23.98%, Loss: 1.8160
Epoch: 12, Batch: 2340, Acc: 23.98%, Loss: 1.7630
Epoch: 12, Batch: 2350, Acc: 23.98%, Loss: 1.7823
Epoch: 12, Batch: 2360, Acc: 23.98%, Loss: 1.8015
Epoch: 12, Batch: 2370, Acc: 23.98%, Loss: 1.7697
Epoch: 12, Batch: 2380, Acc: 23.98%, Loss: 1.7719
Epoch: 12, Batch: 2390, Acc: 23.98%, Loss: 1.7813
Epoch: 12, Batch: 2400, Acc: 23.98%, Loss: 1.7734
Epoch: 12, Batch: 2410, Acc: 24.00%, Loss: 1.7615
Epoch: 12, Batch: 2420, Acc: 24.01%, Loss: 1.7507
Epoch: 12, Batch: 2430, Acc: 24.02%, Loss: 1.8018
Epoch: 12, Batch: 2440, Acc: 24.02%, Loss: 1.7737
Epoch: 12, Batch: 2450, Acc: 24.01%, Loss: 1.8191
Epoch: 12, Batch: 2460, Acc: 24.00%, Loss: 1.8230
Epoch: 12, Batch: 2470, Acc: 24.02%, Loss: 1.7946
Epoch: 12, Batch: 2480, Acc: 24.01%, Loss: 1.7949
Epoch: 12, Batch: 2490, Acc: 24.00%, Loss: 1.7977
Epoch: 12, Batch: 2500, Acc: 23.99%, Loss: 1.8164
Epoch: 12, Batch: 2510, Acc: 23.99%, Loss: 1.7580
Epoch: 12, Batch: 2520, Acc: 23.99%, Loss: 1.7870
Epoch: 12, Batch: 2530, Acc: 23.99%, Loss: 1.8219
Epoch: 12, Batch: 2540, Acc: 23.99%, Loss: 1.7974
Epoch: 12, Batch: 2550, Acc: 23.98%, Loss: 1.8241
Epoch: 12, Batch: 2560, Acc: 23.98%, Loss: 1.7782
Epoch: 12, Batch: 2570, Acc: 23.98%, Loss: 1.7988
Epoch: 12, Batch: 2580, Acc: 23.99%, Loss: 1.7313
Epoch: 12, Batch: 2590, Acc: 23.98%, Loss: 1.8220
Epoch: 12, Batch: 2600, Acc: 23.98%, Loss: 1.8194
Epoch: 12, Batch: 2610, Acc: 23.97%, Loss: 1.7946
Epoch: 12, Batch: 2620, Acc: 23.96%, Loss: 1.8065
Epoch: 12, Batch: 2630, Acc: 23.96%, Loss: 1.7777
Epoch: 12, Batch: 2640, Acc: 23.95%, Loss: 1.8339
Epoch: 12, Batch: 2650, Acc: 23.95%, Loss: 1.7971
Epoch: 12, Batch: 2660, Acc: 23.95%, Loss: 1.8091
Epoch: 12, Batch: 2670, Acc: 23.95%, Loss: 1.7872
Epoch: 12, Batch: 2680, Acc: 23.94%, Loss: 1.8232
Epoch: 12, Batch: 2690, Acc: 23.95%, Loss: 1.7575
Epoch: 12, Batch: 2700, Acc: 23.95%, Loss: 1.8073
Epoch: 12, Batch: 2710, Acc: 23.95%, Loss: 1.7654
Epoch: 12, Batch: 2720, Acc: 23.94%, Loss: 1.8354
Epoch: 12, Batch: 2730, Acc: 23.94%, Loss: 1.8094
Epoch: 12, Batch: 2740, Acc: 23.94%, Loss: 1.8144
Epoch: 12, Batch: 2750, Acc: 23.93%, Loss: 1.8477
Epoch: 12, Batch: 2760, Acc: 23.92%, Loss: 1.8008
Epoch: 12, Batch: 2770, Acc: 23.92%, Loss: 1.8435
Epoch: 12, Batch: 2780, Acc: 23.92%, Loss: 1.7701
Epoch: 12, Batch: 2790, Acc: 23.92%, Loss: 1.8014
Epoch: 12, Batch: 2800, Acc: 23.91%, Loss: 1.7971
Epoch: 12, Batch: 2810, Acc: 23.90%, Loss: 1.8104
Epoch: 12, Batch: 2820, Acc: 23.90%, Loss: 1.8172
Epoch: 12, Batch: 2830, Acc: 23.91%, Loss: 1.7902
Epoch: 12, Batch: 2840, Acc: 23.90%, Loss: 1.8288
Epoch: 12, Batch: 2850, Acc: 23.90%, Loss: 1.8346
Epoch: 12, Batch: 2860, Acc: 23.90%, Loss: 1.7840
Epoch: 12, Batch: 2870, Acc: 23.90%, Loss: 1.8001
Epoch: 12, Batch: 2880, Acc: 23.91%, Loss: 1.7966
Accuracy on test set: 45.06%, Val loss: 2.2638
Epoch 12: train_loss=1.7946, val_acc=45.06, best_val_acc=45.48, es_counter=2
Epoch: 13, Batch: 10, Acc: 23.59%, Loss: 1.7952
Epoch: 13, Batch: 20, Acc: 25.62%, Loss: 1.7461
Epoch: 13, Batch: 30, Acc: 24.27%, Loss: 1.8280
Epoch: 13, Batch: 40, Acc: 24.77%, Loss: 1.7775
Epoch: 13, Batch: 50, Acc: 24.12%, Loss: 1.8099
Epoch: 13, Batch: 60, Acc: 24.14%, Loss: 1.7826
Epoch: 13, Batch: 70, Acc: 24.22%, Loss: 1.7610
Epoch: 13, Batch: 80, Acc: 24.32%, Loss: 1.7931
Epoch: 13, Batch: 90, Acc: 24.22%, Loss: 1.8077
Epoch: 13, Batch: 100, Acc: 24.16%, Loss: 1.7854
Epoch: 13, Batch: 110, Acc: 24.20%, Loss: 1.8046
Epoch: 13, Batch: 120, Acc: 24.10%, Loss: 1.8040
Epoch: 13, Batch: 130, Acc: 23.91%, Loss: 1.8461
Epoch: 13, Batch: 140, Acc: 23.98%, Loss: 1.7993
Epoch: 13, Batch: 150, Acc: 24.01%, Loss: 1.7920
Epoch: 13, Batch: 160, Acc: 23.97%, Loss: 1.7740
Epoch: 13, Batch: 170, Acc: 24.00%, Loss: 1.8106
Epoch: 13, Batch: 180, Acc: 23.87%, Loss: 1.8452
Epoch: 13, Batch: 190, Acc: 23.80%, Loss: 1.8060
Epoch: 13, Batch: 200, Acc: 23.85%, Loss: 1.7738
Epoch: 13, Batch: 210, Acc: 23.90%, Loss: 1.8049
Epoch: 13, Batch: 220, Acc: 23.86%, Loss: 1.8041
Epoch: 13, Batch: 230, Acc: 23.89%, Loss: 1.7764
Epoch: 13, Batch: 240, Acc: 23.93%, Loss: 1.7695
Epoch: 13, Batch: 250, Acc: 23.84%, Loss: 1.7912
Epoch: 13, Batch: 260, Acc: 23.83%, Loss: 1.7919
Epoch: 13, Batch: 270, Acc: 23.72%, Loss: 1.8241
Epoch: 13, Batch: 280, Acc: 23.87%, Loss: 1.7445
Epoch: 13, Batch: 290, Acc: 23.88%, Loss: 1.7780
Epoch: 13, Batch: 300, Acc: 23.89%, Loss: 1.7733
Epoch: 13, Batch: 310, Acc: 23.93%, Loss: 1.7641
Epoch: 13, Batch: 320, Acc: 23.94%, Loss: 1.7958
Epoch: 13, Batch: 330, Acc: 23.85%, Loss: 1.8056
Epoch: 13, Batch: 340, Acc: 23.87%, Loss: 1.7728
Epoch: 13, Batch: 350, Acc: 23.88%, Loss: 1.8019
Epoch: 13, Batch: 360, Acc: 23.85%, Loss: 1.8168
Epoch: 13, Batch: 370, Acc: 23.81%, Loss: 1.8374
Epoch: 13, Batch: 380, Acc: 23.80%, Loss: 1.8067
Epoch: 13, Batch: 390, Acc: 23.84%, Loss: 1.7962
Epoch: 13, Batch: 400, Acc: 23.85%, Loss: 1.8056
Epoch: 13, Batch: 410, Acc: 23.81%, Loss: 1.8021
Epoch: 13, Batch: 420, Acc: 23.84%, Loss: 1.7867
Epoch: 13, Batch: 430, Acc: 23.83%, Loss: 1.7984
Epoch: 13, Batch: 440, Acc: 23.86%, Loss: 1.7641
Epoch: 13, Batch: 450, Acc: 23.90%, Loss: 1.7497
Epoch: 13, Batch: 460, Acc: 23.92%, Loss: 1.7928
Epoch: 13, Batch: 470, Acc: 23.90%, Loss: 1.8132
Epoch: 13, Batch: 480, Acc: 23.92%, Loss: 1.7809
Epoch: 13, Batch: 490, Acc: 23.91%, Loss: 1.8048
Epoch: 13, Batch: 500, Acc: 23.93%, Loss: 1.7539
Epoch: 13, Batch: 510, Acc: 23.92%, Loss: 1.8176
Epoch: 13, Batch: 520, Acc: 23.90%, Loss: 1.8125
Epoch: 13, Batch: 530, Acc: 23.88%, Loss: 1.7764
Epoch: 13, Batch: 540, Acc: 23.85%, Loss: 1.8305
Epoch: 13, Batch: 550, Acc: 23.87%, Loss: 1.7737
Epoch: 13, Batch: 560, Acc: 23.91%, Loss: 1.7594
Epoch: 13, Batch: 570, Acc: 23.81%, Loss: 1.8748
Epoch: 13, Batch: 580, Acc: 23.81%, Loss: 1.7836
Epoch: 13, Batch: 590, Acc: 23.83%, Loss: 1.7693
Epoch: 13, Batch: 600, Acc: 23.82%, Loss: 1.7963
Epoch: 13, Batch: 610, Acc: 23.85%, Loss: 1.7641
Epoch: 13, Batch: 620, Acc: 23.82%, Loss: 1.7904
Epoch: 13, Batch: 630, Acc: 23.81%, Loss: 1.8415
Epoch: 13, Batch: 640, Acc: 23.82%, Loss: 1.7640
Epoch: 13, Batch: 650, Acc: 23.81%, Loss: 1.8142
Epoch: 13, Batch: 660, Acc: 23.80%, Loss: 1.7985
Epoch: 13, Batch: 670, Acc: 23.86%, Loss: 1.7584
Epoch: 13, Batch: 680, Acc: 23.84%, Loss: 1.8190
Epoch: 13, Batch: 690, Acc: 23.87%, Loss: 1.7752
Epoch: 13, Batch: 700, Acc: 23.88%, Loss: 1.7396
Epoch: 13, Batch: 710, Acc: 23.91%, Loss: 1.7526
Epoch: 13, Batch: 720, Acc: 23.91%, Loss: 1.7982
Epoch: 13, Batch: 730, Acc: 23.91%, Loss: 1.7685
Epoch: 13, Batch: 740, Acc: 23.92%, Loss: 1.8060
Epoch: 13, Batch: 750, Acc: 23.93%, Loss: 1.7935
Epoch: 13, Batch: 760, Acc: 23.92%, Loss: 1.8234
Epoch: 13, Batch: 770, Acc: 23.92%, Loss: 1.8055
Epoch: 13, Batch: 780, Acc: 23.90%, Loss: 1.8196
Epoch: 13, Batch: 790, Acc: 23.87%, Loss: 1.7990
Epoch: 13, Batch: 800, Acc: 23.87%, Loss: 1.7797
Epoch: 13, Batch: 810, Acc: 23.89%, Loss: 1.7897
Epoch: 13, Batch: 820, Acc: 23.88%, Loss: 1.8052
Epoch: 13, Batch: 830, Acc: 23.88%, Loss: 1.8501
Epoch: 13, Batch: 840, Acc: 23.96%, Loss: 1.7014
Epoch: 13, Batch: 850, Acc: 23.96%, Loss: 1.7849
Epoch: 13, Batch: 860, Acc: 23.95%, Loss: 1.8053
Epoch: 13, Batch: 870, Acc: 23.97%, Loss: 1.7743
Epoch: 13, Batch: 880, Acc: 23.98%, Loss: 1.7612
Epoch: 13, Batch: 890, Acc: 23.98%, Loss: 1.7920
Epoch: 13, Batch: 900, Acc: 24.01%, Loss: 1.7684
Epoch: 13, Batch: 910, Acc: 23.99%, Loss: 1.8063
Epoch: 13, Batch: 920, Acc: 23.97%, Loss: 1.7978
Epoch: 13, Batch: 930, Acc: 24.00%, Loss: 1.7680
Epoch: 13, Batch: 940, Acc: 24.00%, Loss: 1.7589
Epoch: 13, Batch: 950, Acc: 24.01%, Loss: 1.7884
Epoch: 13, Batch: 960, Acc: 24.02%, Loss: 1.7769
Epoch: 13, Batch: 970, Acc: 24.03%, Loss: 1.7591
Epoch: 13, Batch: 980, Acc: 24.04%, Loss: 1.7462
Epoch: 13, Batch: 990, Acc: 24.02%, Loss: 1.8045
Epoch: 13, Batch: 1000, Acc: 24.02%, Loss: 1.8010
Epoch: 13, Batch: 1010, Acc: 24.02%, Loss: 1.7903
Epoch: 13, Batch: 1020, Acc: 24.02%, Loss: 1.7750
Epoch: 13, Batch: 1030, Acc: 24.00%, Loss: 1.8139
Epoch: 13, Batch: 1040, Acc: 23.99%, Loss: 1.7717
Epoch: 13, Batch: 1050, Acc: 24.00%, Loss: 1.8093
Epoch: 13, Batch: 1060, Acc: 24.01%, Loss: 1.7898
Epoch: 13, Batch: 1070, Acc: 24.01%, Loss: 1.8211
Epoch: 13, Batch: 1080, Acc: 24.00%, Loss: 1.7972
Epoch: 13, Batch: 1090, Acc: 24.00%, Loss: 1.7813
Epoch: 13, Batch: 1100, Acc: 24.02%, Loss: 1.7729
Epoch: 13, Batch: 1110, Acc: 24.02%, Loss: 1.7788
Epoch: 13, Batch: 1120, Acc: 24.03%, Loss: 1.7849
Epoch: 13, Batch: 1130, Acc: 24.03%, Loss: 1.8003
Epoch: 13, Batch: 1140, Acc: 24.04%, Loss: 1.7889
Epoch: 13, Batch: 1150, Acc: 24.03%, Loss: 1.8082
Epoch: 13, Batch: 1160, Acc: 24.04%, Loss: 1.7432
Epoch: 13, Batch: 1170, Acc: 24.03%, Loss: 1.7831
Epoch: 13, Batch: 1180, Acc: 24.05%, Loss: 1.7693
Epoch: 13, Batch: 1190, Acc: 24.03%, Loss: 1.8157
Epoch: 13, Batch: 1200, Acc: 24.02%, Loss: 1.8205
Epoch: 13, Batch: 1210, Acc: 23.99%, Loss: 1.8633
Epoch: 13, Batch: 1220, Acc: 23.99%, Loss: 1.8031
Epoch: 13, Batch: 1230, Acc: 23.99%, Loss: 1.7806
Epoch: 13, Batch: 1240, Acc: 24.00%, Loss: 1.7563
Epoch: 13, Batch: 1250, Acc: 24.00%, Loss: 1.7959
Epoch: 13, Batch: 1260, Acc: 24.00%, Loss: 1.7596
Epoch: 13, Batch: 1270, Acc: 23.98%, Loss: 1.8256
Epoch: 13, Batch: 1280, Acc: 23.98%, Loss: 1.7847
Epoch: 13, Batch: 1290, Acc: 23.98%, Loss: 1.8153
Epoch: 13, Batch: 1300, Acc: 23.98%, Loss: 1.7939
Epoch: 13, Batch: 1310, Acc: 23.99%, Loss: 1.8073
Epoch: 13, Batch: 1320, Acc: 23.97%, Loss: 1.7885
Epoch: 13, Batch: 1330, Acc: 23.98%, Loss: 1.7994
Epoch: 13, Batch: 1340, Acc: 23.97%, Loss: 1.8287
Epoch: 13, Batch: 1350, Acc: 23.99%, Loss: 1.7818
Epoch: 13, Batch: 1360, Acc: 24.00%, Loss: 1.7794
Epoch: 13, Batch: 1370, Acc: 23.99%, Loss: 1.8025
Epoch: 13, Batch: 1380, Acc: 23.99%, Loss: 1.7850
Epoch: 13, Batch: 1390, Acc: 24.00%, Loss: 1.7599
Epoch: 13, Batch: 1400, Acc: 23.99%, Loss: 1.8063
Epoch: 13, Batch: 1410, Acc: 24.00%, Loss: 1.7984
Epoch: 13, Batch: 1420, Acc: 23.99%, Loss: 1.8214
Epoch: 13, Batch: 1430, Acc: 24.01%, Loss: 1.7993
Epoch: 13, Batch: 1440, Acc: 24.01%, Loss: 1.7428
Epoch: 13, Batch: 1450, Acc: 24.01%, Loss: 1.7962
Epoch: 13, Batch: 1460, Acc: 24.01%, Loss: 1.7826
Epoch: 13, Batch: 1470, Acc: 24.01%, Loss: 1.7790
Epoch: 13, Batch: 1480, Acc: 24.01%, Loss: 1.7607
Epoch: 13, Batch: 1490, Acc: 24.01%, Loss: 1.8139
Epoch: 13, Batch: 1500, Acc: 24.02%, Loss: 1.7549
Epoch: 13, Batch: 1510, Acc: 24.02%, Loss: 1.7951
Epoch: 13, Batch: 1520, Acc: 24.04%, Loss: 1.7638
Epoch: 13, Batch: 1530, Acc: 24.06%, Loss: 1.7885
Epoch: 13, Batch: 1540, Acc: 24.05%, Loss: 1.7962
Epoch: 13, Batch: 1550, Acc: 24.06%, Loss: 1.7359
Epoch: 13, Batch: 1560, Acc: 24.06%, Loss: 1.7951
Epoch: 13, Batch: 1570, Acc: 24.05%, Loss: 1.7880
Epoch: 13, Batch: 1580, Acc: 24.06%, Loss: 1.7816
Epoch: 13, Batch: 1590, Acc: 24.07%, Loss: 1.7865
Epoch: 13, Batch: 1600, Acc: 24.06%, Loss: 1.8221
Epoch: 13, Batch: 1610, Acc: 24.06%, Loss: 1.7985
Epoch: 13, Batch: 1620, Acc: 24.05%, Loss: 1.8070
Epoch: 13, Batch: 1630, Acc: 24.04%, Loss: 1.8239
Epoch: 13, Batch: 1640, Acc: 24.03%, Loss: 1.7858
Epoch: 13, Batch: 1650, Acc: 24.02%, Loss: 1.8154
Epoch: 13, Batch: 1660, Acc: 24.03%, Loss: 1.7963
Epoch: 13, Batch: 1670, Acc: 24.05%, Loss: 1.7737
Epoch: 13, Batch: 1680, Acc: 24.05%, Loss: 1.7991
Epoch: 13, Batch: 1690, Acc: 24.03%, Loss: 1.8332
Epoch: 13, Batch: 1700, Acc: 24.03%, Loss: 1.8126
Epoch: 13, Batch: 1710, Acc: 24.04%, Loss: 1.8019
Epoch: 13, Batch: 1720, Acc: 24.03%, Loss: 1.8341
Epoch: 13, Batch: 1730, Acc: 24.03%, Loss: 1.8043
Epoch: 13, Batch: 1740, Acc: 24.04%, Loss: 1.7750
Epoch: 13, Batch: 1750, Acc: 24.01%, Loss: 1.8609
Epoch: 13, Batch: 1760, Acc: 24.00%, Loss: 1.8229
Epoch: 13, Batch: 1770, Acc: 24.03%, Loss: 1.7410
Epoch: 13, Batch: 1780, Acc: 24.03%, Loss: 1.8101
Epoch: 13, Batch: 1790, Acc: 24.05%, Loss: 1.7388
Epoch: 13, Batch: 1800, Acc: 24.05%, Loss: 1.8040
Epoch: 13, Batch: 1810, Acc: 24.04%, Loss: 1.8506
Epoch: 13, Batch: 1820, Acc: 24.05%, Loss: 1.7695
Epoch: 13, Batch: 1830, Acc: 24.05%, Loss: 1.8205
Epoch: 13, Batch: 1840, Acc: 24.04%, Loss: 1.8044
Epoch: 13, Batch: 1850, Acc: 24.04%, Loss: 1.7755
Epoch: 13, Batch: 1860, Acc: 24.04%, Loss: 1.8182
Epoch: 13, Batch: 1870, Acc: 24.04%, Loss: 1.7825
Epoch: 13, Batch: 1880, Acc: 24.05%, Loss: 1.7628
Epoch: 13, Batch: 1890, Acc: 24.05%, Loss: 1.7800
Epoch: 13, Batch: 1900, Acc: 24.03%, Loss: 1.8607
Epoch: 13, Batch: 1910, Acc: 24.03%, Loss: 1.8128
Epoch: 13, Batch: 1920, Acc: 24.03%, Loss: 1.7918
Epoch: 13, Batch: 1930, Acc: 24.03%, Loss: 1.7585
Epoch: 13, Batch: 1940, Acc: 24.03%, Loss: 1.7820
Epoch: 13, Batch: 1950, Acc: 24.03%, Loss: 1.8372
Epoch: 13, Batch: 1960, Acc: 24.04%, Loss: 1.7850
Epoch: 13, Batch: 1970, Acc: 24.05%, Loss: 1.7722
Epoch: 13, Batch: 1980, Acc: 24.05%, Loss: 1.7886
Epoch: 13, Batch: 1990, Acc: 24.05%, Loss: 1.7863
Epoch: 13, Batch: 2000, Acc: 24.04%, Loss: 1.8316
Epoch: 13, Batch: 2010, Acc: 24.04%, Loss: 1.7915
Epoch: 13, Batch: 2020, Acc: 24.05%, Loss: 1.7653
Epoch: 13, Batch: 2030, Acc: 24.05%, Loss: 1.7735
Epoch: 13, Batch: 2040, Acc: 24.04%, Loss: 1.8346
Epoch: 13, Batch: 2050, Acc: 24.04%, Loss: 1.8151
Epoch: 13, Batch: 2060, Acc: 24.04%, Loss: 1.7885
Epoch: 13, Batch: 2070, Acc: 24.04%, Loss: 1.8174
Epoch: 13, Batch: 2080, Acc: 24.03%, Loss: 1.8289
Epoch: 13, Batch: 2090, Acc: 24.01%, Loss: 1.8392
Epoch: 13, Batch: 2100, Acc: 24.01%, Loss: 1.7931
Epoch: 13, Batch: 2110, Acc: 24.00%, Loss: 1.8350
Epoch: 13, Batch: 2120, Acc: 24.01%, Loss: 1.7951
Epoch: 13, Batch: 2130, Acc: 24.02%, Loss: 1.7312
Epoch: 13, Batch: 2140, Acc: 24.05%, Loss: 1.7413
Epoch: 13, Batch: 2150, Acc: 24.05%, Loss: 1.7611
Epoch: 13, Batch: 2160, Acc: 24.06%, Loss: 1.7894
Epoch: 13, Batch: 2170, Acc: 24.06%, Loss: 1.8063
Epoch: 13, Batch: 2180, Acc: 24.05%, Loss: 1.7964
Epoch: 13, Batch: 2190, Acc: 24.05%, Loss: 1.8181
Epoch: 13, Batch: 2200, Acc: 24.05%, Loss: 1.8180
Epoch: 13, Batch: 2210, Acc: 24.05%, Loss: 1.7785
Epoch: 13, Batch: 2220, Acc: 24.05%, Loss: 1.8044
Epoch: 13, Batch: 2230, Acc: 24.04%, Loss: 1.7867
Epoch: 13, Batch: 2240, Acc: 24.05%, Loss: 1.7825
Epoch: 13, Batch: 2250, Acc: 24.04%, Loss: 1.8238
Epoch: 13, Batch: 2260, Acc: 24.03%, Loss: 1.7691
Epoch: 13, Batch: 2270, Acc: 24.03%, Loss: 1.7842
Epoch: 13, Batch: 2280, Acc: 24.03%, Loss: 1.7827
Epoch: 13, Batch: 2290, Acc: 24.04%, Loss: 1.7895
Epoch: 13, Batch: 2300, Acc: 24.03%, Loss: 1.8255
Epoch: 13, Batch: 2310, Acc: 24.01%, Loss: 1.8389
Epoch: 13, Batch: 2320, Acc: 24.02%, Loss: 1.7634
Epoch: 13, Batch: 2330, Acc: 24.01%, Loss: 1.7915
Epoch: 13, Batch: 2340, Acc: 24.00%, Loss: 1.8271
Epoch: 13, Batch: 2350, Acc: 24.00%, Loss: 1.7551
Epoch: 13, Batch: 2360, Acc: 24.00%, Loss: 1.7715
Epoch: 13, Batch: 2370, Acc: 24.01%, Loss: 1.7878
Epoch: 13, Batch: 2380, Acc: 24.00%, Loss: 1.8113
Epoch: 13, Batch: 2390, Acc: 24.00%, Loss: 1.8132
Epoch: 13, Batch: 2400, Acc: 23.99%, Loss: 1.8092
Epoch: 13, Batch: 2410, Acc: 23.99%, Loss: 1.7984
Epoch: 13, Batch: 2420, Acc: 23.98%, Loss: 1.8256
Epoch: 13, Batch: 2430, Acc: 23.99%, Loss: 1.7900
Epoch: 13, Batch: 2440, Acc: 23.98%, Loss: 1.8235
Epoch: 13, Batch: 2450, Acc: 23.98%, Loss: 1.7814
Epoch: 13, Batch: 2460, Acc: 23.97%, Loss: 1.8441
Epoch: 13, Batch: 2470, Acc: 23.97%, Loss: 1.7864
Epoch: 13, Batch: 2480, Acc: 23.97%, Loss: 1.7940
Epoch: 13, Batch: 2490, Acc: 23.96%, Loss: 1.8216
Epoch: 13, Batch: 2500, Acc: 23.96%, Loss: 1.8217
Epoch: 13, Batch: 2510, Acc: 23.95%, Loss: 1.8153
Epoch: 13, Batch: 2520, Acc: 23.94%, Loss: 1.7971
Epoch: 13, Batch: 2530, Acc: 23.95%, Loss: 1.7891
Epoch: 13, Batch: 2540, Acc: 23.95%, Loss: 1.8207
Epoch: 13, Batch: 2550, Acc: 23.94%, Loss: 1.8192
Epoch: 13, Batch: 2560, Acc: 23.95%, Loss: 1.7805
Epoch: 13, Batch: 2570, Acc: 23.95%, Loss: 1.8239
Epoch: 13, Batch: 2580, Acc: 23.96%, Loss: 1.7563
Epoch: 13, Batch: 2590, Acc: 23.96%, Loss: 1.7871
Epoch: 13, Batch: 2600, Acc: 23.95%, Loss: 1.8199
Epoch: 13, Batch: 2610, Acc: 23.96%, Loss: 1.7663
Epoch: 13, Batch: 2620, Acc: 23.95%, Loss: 1.8256
Epoch: 13, Batch: 2630, Acc: 23.96%, Loss: 1.7589
Epoch: 13, Batch: 2640, Acc: 23.96%, Loss: 1.7944
Epoch: 13, Batch: 2650, Acc: 23.95%, Loss: 1.7768
Epoch: 13, Batch: 2660, Acc: 23.97%, Loss: 1.7289
Epoch: 13, Batch: 2670, Acc: 23.96%, Loss: 1.7731
Epoch: 13, Batch: 2680, Acc: 23.96%, Loss: 1.8141
Epoch: 13, Batch: 2690, Acc: 23.96%, Loss: 1.8283
Epoch: 13, Batch: 2700, Acc: 23.96%, Loss: 1.7477
Epoch: 13, Batch: 2710, Acc: 23.97%, Loss: 1.7687
Epoch: 13, Batch: 2720, Acc: 23.98%, Loss: 1.7713
Epoch: 13, Batch: 2730, Acc: 23.97%, Loss: 1.7928
Epoch: 13, Batch: 2740, Acc: 23.97%, Loss: 1.7706
Epoch: 13, Batch: 2750, Acc: 23.95%, Loss: 1.8398
Epoch: 13, Batch: 2760, Acc: 23.96%, Loss: 1.7963
Epoch: 13, Batch: 2770, Acc: 23.95%, Loss: 1.8147
Epoch: 13, Batch: 2780, Acc: 23.95%, Loss: 1.8078
Epoch: 13, Batch: 2790, Acc: 23.95%, Loss: 1.8139
Epoch: 13, Batch: 2800, Acc: 23.94%, Loss: 1.8164
Epoch: 13, Batch: 2810, Acc: 23.95%, Loss: 1.7768
Epoch: 13, Batch: 2820, Acc: 23.95%, Loss: 1.7946
Epoch: 13, Batch: 2830, Acc: 23.95%, Loss: 1.8015
Epoch: 13, Batch: 2840, Acc: 23.94%, Loss: 1.8078
Epoch: 13, Batch: 2850, Acc: 23.96%, Loss: 1.7418
Epoch: 13, Batch: 2860, Acc: 23.96%, Loss: 1.7363
Epoch: 13, Batch: 2870, Acc: 23.95%, Loss: 1.8478
Epoch: 13, Batch: 2880, Acc: 23.93%, Loss: 1.8485
Accuracy on test set: 44.71%, Val loss: 2.2619
Epoch 13: train_loss=1.7938, val_acc=44.71, best_val_acc=45.48, es_counter=3
Epoch: 14, Batch: 10, Acc: 27.19%, Loss: 1.7246
Epoch: 14, Batch: 20, Acc: 25.86%, Loss: 1.7702
Epoch: 14, Batch: 30, Acc: 24.90%, Loss: 1.7781
Epoch: 14, Batch: 40, Acc: 24.10%, Loss: 1.8497
Epoch: 14, Batch: 50, Acc: 23.62%, Loss: 1.7961
Epoch: 14, Batch: 60, Acc: 24.06%, Loss: 1.7663
Epoch: 14, Batch: 70, Acc: 24.33%, Loss: 1.7814
Epoch: 14, Batch: 80, Acc: 24.59%, Loss: 1.7548
Epoch: 14, Batch: 90, Acc: 24.88%, Loss: 1.7936
Epoch: 14, Batch: 100, Acc: 24.55%, Loss: 1.8030
Epoch: 14, Batch: 110, Acc: 24.50%, Loss: 1.7853
Epoch: 14, Batch: 120, Acc: 24.34%, Loss: 1.8222
Epoch: 14, Batch: 130, Acc: 24.66%, Loss: 1.7641
Epoch: 14, Batch: 140, Acc: 24.54%, Loss: 1.8156
Epoch: 14, Batch: 150, Acc: 24.55%, Loss: 1.7913
Epoch: 14, Batch: 160, Acc: 24.55%, Loss: 1.8027
Epoch: 14, Batch: 170, Acc: 24.38%, Loss: 1.8161
Epoch: 14, Batch: 180, Acc: 24.47%, Loss: 1.7769
Epoch: 14, Batch: 190, Acc: 24.47%, Loss: 1.7922
Epoch: 14, Batch: 200, Acc: 24.28%, Loss: 1.8189
Epoch: 14, Batch: 210, Acc: 24.22%, Loss: 1.8361
Epoch: 14, Batch: 220, Acc: 24.33%, Loss: 1.7525
Epoch: 14, Batch: 230, Acc: 24.31%, Loss: 1.8014
Epoch: 14, Batch: 240, Acc: 24.32%, Loss: 1.7952
Epoch: 14, Batch: 250, Acc: 24.46%, Loss: 1.7609
Epoch: 14, Batch: 260, Acc: 24.44%, Loss: 1.7916
Epoch: 14, Batch: 270, Acc: 24.40%, Loss: 1.7970
Epoch: 14, Batch: 280, Acc: 24.31%, Loss: 1.7618
Epoch: 14, Batch: 290, Acc: 24.22%, Loss: 1.8133
Epoch: 14, Batch: 300, Acc: 24.18%, Loss: 1.7961
Epoch: 14, Batch: 310, Acc: 24.16%, Loss: 1.8149
Epoch: 14, Batch: 320, Acc: 24.07%, Loss: 1.8152
Epoch: 14, Batch: 330, Acc: 24.08%, Loss: 1.8109
Epoch: 14, Batch: 340, Acc: 24.07%, Loss: 1.7889
Epoch: 14, Batch: 350, Acc: 24.04%, Loss: 1.8328
Epoch: 14, Batch: 360, Acc: 24.00%, Loss: 1.8178
Epoch: 14, Batch: 370, Acc: 24.05%, Loss: 1.8091
Epoch: 14, Batch: 380, Acc: 24.03%, Loss: 1.7934
Epoch: 14, Batch: 390, Acc: 23.95%, Loss: 1.8236
Epoch: 14, Batch: 400, Acc: 23.95%, Loss: 1.7801
Epoch: 14, Batch: 410, Acc: 23.95%, Loss: 1.7825
Epoch: 14, Batch: 420, Acc: 23.94%, Loss: 1.8101
Epoch: 14, Batch: 430, Acc: 23.92%, Loss: 1.8067
Epoch: 14, Batch: 440, Acc: 23.90%, Loss: 1.8026
Epoch: 14, Batch: 450, Acc: 23.95%, Loss: 1.7715
Epoch: 14, Batch: 460, Acc: 23.96%, Loss: 1.7939
Epoch: 14, Batch: 470, Acc: 24.00%, Loss: 1.7363
Epoch: 14, Batch: 480, Acc: 23.99%, Loss: 1.8142
Epoch: 14, Batch: 490, Acc: 23.99%, Loss: 1.7828
Epoch: 14, Batch: 500, Acc: 23.99%, Loss: 1.7910
Epoch: 14, Batch: 510, Acc: 23.98%, Loss: 1.7982
Epoch: 14, Batch: 520, Acc: 23.95%, Loss: 1.8298
Epoch: 14, Batch: 530, Acc: 23.96%, Loss: 1.7816
Epoch: 14, Batch: 540, Acc: 23.90%, Loss: 1.8485
Epoch: 14, Batch: 550, Acc: 23.90%, Loss: 1.7917
Epoch: 14, Batch: 560, Acc: 23.89%, Loss: 1.7957
Epoch: 14, Batch: 570, Acc: 23.88%, Loss: 1.8023
Epoch: 14, Batch: 580, Acc: 23.89%, Loss: 1.7817
Epoch: 14, Batch: 590, Acc: 23.95%, Loss: 1.7704
Epoch: 14, Batch: 600, Acc: 23.93%, Loss: 1.8523
Epoch: 14, Batch: 610, Acc: 23.98%, Loss: 1.7659
Epoch: 14, Batch: 620, Acc: 23.97%, Loss: 1.8287
Epoch: 14, Batch: 630, Acc: 23.97%, Loss: 1.8094
Epoch: 14, Batch: 640, Acc: 24.00%, Loss: 1.7808
Epoch: 14, Batch: 650, Acc: 24.04%, Loss: 1.7542
Epoch: 14, Batch: 660, Acc: 24.00%, Loss: 1.8313
Epoch: 14, Batch: 670, Acc: 24.00%, Loss: 1.7861
Epoch: 14, Batch: 680, Acc: 23.98%, Loss: 1.7951
Epoch: 14, Batch: 690, Acc: 24.00%, Loss: 1.7936
Epoch: 14, Batch: 700, Acc: 23.97%, Loss: 1.8072
Epoch: 14, Batch: 710, Acc: 23.95%, Loss: 1.8061
Epoch: 14, Batch: 720, Acc: 23.94%, Loss: 1.7781
Epoch: 14, Batch: 730, Acc: 23.98%, Loss: 1.7512
Epoch: 14, Batch: 740, Acc: 23.97%, Loss: 1.8192
Epoch: 14, Batch: 750, Acc: 23.97%, Loss: 1.7831
Epoch: 14, Batch: 760, Acc: 23.95%, Loss: 1.7920
Epoch: 14, Batch: 770, Acc: 23.96%, Loss: 1.7761
Epoch: 14, Batch: 780, Acc: 23.98%, Loss: 1.7509
Epoch: 14, Batch: 790, Acc: 23.96%, Loss: 1.8143
Epoch: 14, Batch: 800, Acc: 24.01%, Loss: 1.7217
Epoch: 14, Batch: 810, Acc: 24.02%, Loss: 1.7792
Epoch: 14, Batch: 820, Acc: 24.03%, Loss: 1.7832
Epoch: 14, Batch: 830, Acc: 24.01%, Loss: 1.7906
Epoch: 14, Batch: 840, Acc: 24.02%, Loss: 1.7668
Epoch: 14, Batch: 850, Acc: 24.00%, Loss: 1.7921
Epoch: 14, Batch: 860, Acc: 24.02%, Loss: 1.7725
Epoch: 14, Batch: 870, Acc: 24.03%, Loss: 1.8115
Epoch: 14, Batch: 880, Acc: 24.03%, Loss: 1.7757
Epoch: 14, Batch: 890, Acc: 24.03%, Loss: 1.7863
Epoch: 14, Batch: 900, Acc: 24.05%, Loss: 1.7720
Epoch: 14, Batch: 910, Acc: 24.04%, Loss: 1.7895
Epoch: 14, Batch: 920, Acc: 24.04%, Loss: 1.8013
Epoch: 14, Batch: 930, Acc: 24.01%, Loss: 1.7858
Epoch: 14, Batch: 940, Acc: 24.02%, Loss: 1.7727
Epoch: 14, Batch: 950, Acc: 24.01%, Loss: 1.8322
Epoch: 14, Batch: 960, Acc: 24.00%, Loss: 1.8164
Epoch: 14, Batch: 970, Acc: 24.00%, Loss: 1.8005
Epoch: 14, Batch: 980, Acc: 24.00%, Loss: 1.8259
Epoch: 14, Batch: 990, Acc: 24.00%, Loss: 1.7860
Epoch: 14, Batch: 1000, Acc: 23.97%, Loss: 1.8292
Epoch: 14, Batch: 1010, Acc: 23.99%, Loss: 1.7961
Epoch: 14, Batch: 1020, Acc: 23.98%, Loss: 1.7850
Epoch: 14, Batch: 1030, Acc: 23.97%, Loss: 1.7846
Epoch: 14, Batch: 1040, Acc: 23.98%, Loss: 1.7900
Epoch: 14, Batch: 1050, Acc: 23.97%, Loss: 1.8162
Epoch: 14, Batch: 1060, Acc: 23.94%, Loss: 1.8128
Epoch: 14, Batch: 1070, Acc: 23.95%, Loss: 1.7613
Epoch: 14, Batch: 1080, Acc: 23.94%, Loss: 1.7713
Epoch: 14, Batch: 1090, Acc: 23.93%, Loss: 1.7763
Epoch: 14, Batch: 1100, Acc: 23.89%, Loss: 1.8457
Epoch: 14, Batch: 1110, Acc: 23.88%, Loss: 1.8017
Epoch: 14, Batch: 1120, Acc: 23.90%, Loss: 1.7733
Epoch: 14, Batch: 1130, Acc: 23.89%, Loss: 1.8088
Epoch: 14, Batch: 1140, Acc: 23.90%, Loss: 1.7977
Epoch: 14, Batch: 1150, Acc: 23.93%, Loss: 1.7402
Epoch: 14, Batch: 1160, Acc: 23.95%, Loss: 1.7689
Epoch: 14, Batch: 1170, Acc: 23.96%, Loss: 1.7711
Epoch: 14, Batch: 1180, Acc: 23.97%, Loss: 1.7583
Epoch: 14, Batch: 1190, Acc: 23.97%, Loss: 1.7924
Epoch: 14, Batch: 1200, Acc: 23.99%, Loss: 1.7603
Epoch: 14, Batch: 1210, Acc: 24.01%, Loss: 1.7575
Epoch: 14, Batch: 1220, Acc: 24.03%, Loss: 1.7921
Epoch: 14, Batch: 1230, Acc: 24.04%, Loss: 1.7825
Epoch: 14, Batch: 1240, Acc: 24.07%, Loss: 1.7498
Epoch: 14, Batch: 1250, Acc: 24.07%, Loss: 1.7513
Epoch: 14, Batch: 1260, Acc: 24.06%, Loss: 1.7918
Epoch: 14, Batch: 1270, Acc: 24.05%, Loss: 1.8189
Epoch: 14, Batch: 1280, Acc: 24.05%, Loss: 1.8062
Epoch: 14, Batch: 1290, Acc: 24.05%, Loss: 1.7613
Epoch: 14, Batch: 1300, Acc: 24.05%, Loss: 1.7975
Epoch: 14, Batch: 1310, Acc: 24.04%, Loss: 1.8102
Epoch: 14, Batch: 1320, Acc: 24.03%, Loss: 1.7909
Epoch: 14, Batch: 1330, Acc: 24.05%, Loss: 1.7969
Epoch: 14, Batch: 1340, Acc: 24.07%, Loss: 1.7551
Epoch: 14, Batch: 1350, Acc: 24.08%, Loss: 1.7858
Epoch: 14, Batch: 1360, Acc: 24.07%, Loss: 1.7912
Epoch: 14, Batch: 1370, Acc: 24.08%, Loss: 1.7707
Epoch: 14, Batch: 1380, Acc: 24.10%, Loss: 1.7567
Epoch: 14, Batch: 1390, Acc: 24.09%, Loss: 1.7878
Epoch: 14, Batch: 1400, Acc: 24.10%, Loss: 1.7738
Epoch: 14, Batch: 1410, Acc: 24.11%, Loss: 1.7745
Epoch: 14, Batch: 1420, Acc: 24.11%, Loss: 1.7766
Epoch: 14, Batch: 1430, Acc: 24.12%, Loss: 1.7862
Epoch: 14, Batch: 1440, Acc: 24.10%, Loss: 1.8232
Epoch: 14, Batch: 1450, Acc: 24.10%, Loss: 1.8019
Epoch: 14, Batch: 1460, Acc: 24.11%, Loss: 1.7943
Epoch: 14, Batch: 1470, Acc: 24.13%, Loss: 1.7550
Epoch: 14, Batch: 1480, Acc: 24.12%, Loss: 1.7997
Epoch: 14, Batch: 1490, Acc: 24.14%, Loss: 1.7355
Epoch: 14, Batch: 1500, Acc: 24.12%, Loss: 1.7856
Epoch: 14, Batch: 1510, Acc: 24.12%, Loss: 1.7957
Epoch: 14, Batch: 1520, Acc: 24.10%, Loss: 1.8230
Epoch: 14, Batch: 1530, Acc: 24.11%, Loss: 1.7748
Epoch: 14, Batch: 1540, Acc: 24.10%, Loss: 1.8287
Epoch: 14, Batch: 1550, Acc: 24.10%, Loss: 1.8283
Epoch: 14, Batch: 1560, Acc: 24.09%, Loss: 1.8016
Epoch: 14, Batch: 1570, Acc: 24.08%, Loss: 1.8367
Epoch: 14, Batch: 1580, Acc: 24.09%, Loss: 1.8043
Epoch: 14, Batch: 1590, Acc: 24.08%, Loss: 1.8222
Epoch: 14, Batch: 1600, Acc: 24.07%, Loss: 1.8152
Epoch: 14, Batch: 1610, Acc: 24.07%, Loss: 1.7885
Epoch: 14, Batch: 1620, Acc: 24.05%, Loss: 1.8086
Epoch: 14, Batch: 1630, Acc: 24.06%, Loss: 1.7878
Epoch: 14, Batch: 1640, Acc: 24.05%, Loss: 1.8666
Epoch: 14, Batch: 1650, Acc: 24.06%, Loss: 1.7519
Epoch: 14, Batch: 1660, Acc: 24.06%, Loss: 1.8013
Epoch: 14, Batch: 1670, Acc: 24.07%, Loss: 1.7892
Epoch: 14, Batch: 1680, Acc: 24.07%, Loss: 1.7815
Epoch: 14, Batch: 1690, Acc: 24.04%, Loss: 1.8492
Epoch: 14, Batch: 1700, Acc: 24.03%, Loss: 1.7998
Epoch: 14, Batch: 1710, Acc: 24.04%, Loss: 1.7944
Epoch: 14, Batch: 1720, Acc: 24.04%, Loss: 1.7807
Epoch: 14, Batch: 1730, Acc: 24.03%, Loss: 1.8188
Epoch: 14, Batch: 1740, Acc: 24.02%, Loss: 1.8045
Epoch: 14, Batch: 1750, Acc: 24.03%, Loss: 1.7780
Epoch: 14, Batch: 1760, Acc: 24.04%, Loss: 1.7936
Epoch: 14, Batch: 1770, Acc: 24.05%, Loss: 1.7778
Epoch: 14, Batch: 1780, Acc: 24.04%, Loss: 1.8303
Epoch: 14, Batch: 1790, Acc: 24.03%, Loss: 1.8281
Epoch: 14, Batch: 1800, Acc: 24.02%, Loss: 1.8074
Epoch: 14, Batch: 1810, Acc: 24.03%, Loss: 1.7652
Epoch: 14, Batch: 1820, Acc: 24.03%, Loss: 1.7855
Epoch: 14, Batch: 1830, Acc: 24.02%, Loss: 1.8209
Epoch: 14, Batch: 1840, Acc: 24.02%, Loss: 1.8035
Epoch: 14, Batch: 1850, Acc: 24.04%, Loss: 1.7447
Epoch: 14, Batch: 1860, Acc: 24.03%, Loss: 1.8058
Epoch: 14, Batch: 1870, Acc: 24.02%, Loss: 1.8076
Epoch: 14, Batch: 1880, Acc: 24.02%, Loss: 1.7848
Epoch: 14, Batch: 1890, Acc: 24.01%, Loss: 1.8395
Epoch: 14, Batch: 1900, Acc: 23.99%, Loss: 1.8314
Epoch: 14, Batch: 1910, Acc: 23.99%, Loss: 1.8052
Epoch: 14, Batch: 1920, Acc: 24.00%, Loss: 1.7382
Epoch: 14, Batch: 1930, Acc: 24.02%, Loss: 1.7476
Epoch: 14, Batch: 1940, Acc: 24.01%, Loss: 1.7991
Epoch: 14, Batch: 1950, Acc: 24.01%, Loss: 1.8213
Epoch: 14, Batch: 1960, Acc: 24.01%, Loss: 1.8181
Epoch: 14, Batch: 1970, Acc: 24.02%, Loss: 1.7721
Epoch: 14, Batch: 1980, Acc: 24.00%, Loss: 1.8357
Epoch: 14, Batch: 1990, Acc: 24.01%, Loss: 1.7696
Epoch: 14, Batch: 2000, Acc: 24.01%, Loss: 1.7884
Epoch: 14, Batch: 2010, Acc: 24.01%, Loss: 1.8193
Epoch: 14, Batch: 2020, Acc: 24.00%, Loss: 1.8095
Epoch: 14, Batch: 2030, Acc: 23.99%, Loss: 1.7963
Epoch: 14, Batch: 2040, Acc: 23.98%, Loss: 1.8136
Epoch: 14, Batch: 2050, Acc: 23.99%, Loss: 1.7407
Epoch: 14, Batch: 2060, Acc: 24.00%, Loss: 1.7538
Epoch: 14, Batch: 2070, Acc: 24.01%, Loss: 1.7643
Epoch: 14, Batch: 2080, Acc: 24.01%, Loss: 1.8137
Epoch: 14, Batch: 2090, Acc: 24.01%, Loss: 1.8171
Epoch: 14, Batch: 2100, Acc: 24.02%, Loss: 1.7681
Epoch: 14, Batch: 2110, Acc: 24.01%, Loss: 1.8255
Epoch: 14, Batch: 2120, Acc: 24.01%, Loss: 1.7776
Epoch: 14, Batch: 2130, Acc: 24.01%, Loss: 1.8224
Epoch: 14, Batch: 2140, Acc: 24.01%, Loss: 1.7779
Epoch: 14, Batch: 2150, Acc: 24.01%, Loss: 1.8412
Epoch: 14, Batch: 2160, Acc: 24.01%, Loss: 1.8070
Epoch: 14, Batch: 2170, Acc: 23.99%, Loss: 1.8367
Epoch: 14, Batch: 2180, Acc: 23.99%, Loss: 1.8012
Epoch: 14, Batch: 2190, Acc: 23.99%, Loss: 1.7702
Epoch: 14, Batch: 2200, Acc: 23.98%, Loss: 1.7831
Epoch: 14, Batch: 2210, Acc: 23.99%, Loss: 1.7717
Epoch: 14, Batch: 2220, Acc: 24.00%, Loss: 1.7698
Epoch: 14, Batch: 2230, Acc: 24.00%, Loss: 1.8134
Epoch: 14, Batch: 2240, Acc: 23.99%, Loss: 1.8196
Epoch: 14, Batch: 2250, Acc: 23.98%, Loss: 1.8139
Epoch: 14, Batch: 2260, Acc: 23.97%, Loss: 1.8201
Epoch: 14, Batch: 2270, Acc: 23.98%, Loss: 1.7835
Epoch: 14, Batch: 2280, Acc: 23.98%, Loss: 1.8132
Epoch: 14, Batch: 2290, Acc: 23.97%, Loss: 1.8245
Epoch: 14, Batch: 2300, Acc: 23.96%, Loss: 1.8301
Epoch: 14, Batch: 2310, Acc: 23.95%, Loss: 1.7838
Epoch: 14, Batch: 2320, Acc: 23.97%, Loss: 1.7650
Epoch: 14, Batch: 2330, Acc: 23.98%, Loss: 1.7508
Epoch: 14, Batch: 2340, Acc: 23.98%, Loss: 1.7407
Epoch: 14, Batch: 2350, Acc: 23.98%, Loss: 1.8002
Epoch: 14, Batch: 2360, Acc: 23.98%, Loss: 1.7940
Epoch: 14, Batch: 2370, Acc: 23.98%, Loss: 1.8058
Epoch: 14, Batch: 2380, Acc: 23.99%, Loss: 1.7754
Epoch: 14, Batch: 2390, Acc: 23.99%, Loss: 1.7944
Epoch: 14, Batch: 2400, Acc: 24.00%, Loss: 1.7684
Epoch: 14, Batch: 2410, Acc: 24.00%, Loss: 1.7539
Epoch: 14, Batch: 2420, Acc: 23.99%, Loss: 1.8651
Epoch: 14, Batch: 2430, Acc: 23.98%, Loss: 1.7881
Epoch: 14, Batch: 2440, Acc: 23.98%, Loss: 1.7890
Epoch: 14, Batch: 2450, Acc: 23.98%, Loss: 1.7643
Epoch: 14, Batch: 2460, Acc: 23.99%, Loss: 1.7909
Epoch: 14, Batch: 2470, Acc: 23.99%, Loss: 1.7709
Epoch: 14, Batch: 2480, Acc: 23.99%, Loss: 1.8019
Epoch: 14, Batch: 2490, Acc: 23.99%, Loss: 1.7881
Epoch: 14, Batch: 2500, Acc: 23.99%, Loss: 1.7954
Epoch: 14, Batch: 2510, Acc: 23.99%, Loss: 1.8176
Epoch: 14, Batch: 2520, Acc: 23.99%, Loss: 1.7773
Epoch: 14, Batch: 2530, Acc: 23.98%, Loss: 1.8330
Epoch: 14, Batch: 2540, Acc: 23.98%, Loss: 1.8273
Epoch: 14, Batch: 2550, Acc: 23.98%, Loss: 1.7845
Epoch: 14, Batch: 2560, Acc: 23.98%, Loss: 1.8063
Epoch: 14, Batch: 2570, Acc: 23.98%, Loss: 1.8122
Epoch: 14, Batch: 2580, Acc: 23.96%, Loss: 1.8228
Epoch: 14, Batch: 2590, Acc: 23.96%, Loss: 1.8235
Epoch: 14, Batch: 2600, Acc: 23.97%, Loss: 1.7794
Epoch: 14, Batch: 2610, Acc: 23.96%, Loss: 1.8108
Epoch: 14, Batch: 2620, Acc: 23.96%, Loss: 1.8189
Epoch: 14, Batch: 2630, Acc: 23.97%, Loss: 1.7455
Epoch: 14, Batch: 2640, Acc: 23.96%, Loss: 1.8180
Epoch: 14, Batch: 2650, Acc: 23.97%, Loss: 1.8088
Epoch: 14, Batch: 2660, Acc: 23.97%, Loss: 1.7882
Epoch: 14, Batch: 2670, Acc: 23.97%, Loss: 1.7783
Epoch: 14, Batch: 2680, Acc: 23.97%, Loss: 1.7622
Epoch: 14, Batch: 2690, Acc: 23.98%, Loss: 1.7843
Epoch: 14, Batch: 2700, Acc: 23.96%, Loss: 1.8167
Epoch: 14, Batch: 2710, Acc: 23.96%, Loss: 1.8228
Epoch: 14, Batch: 2720, Acc: 23.96%, Loss: 1.7856
Epoch: 14, Batch: 2730, Acc: 23.97%, Loss: 1.7651
Epoch: 14, Batch: 2740, Acc: 23.96%, Loss: 1.7821
Epoch: 14, Batch: 2750, Acc: 23.97%, Loss: 1.7923
Epoch: 14, Batch: 2760, Acc: 23.97%, Loss: 1.8065
Epoch: 14, Batch: 2770, Acc: 23.97%, Loss: 1.8079
Epoch: 14, Batch: 2780, Acc: 23.98%, Loss: 1.7435
Epoch: 14, Batch: 2790, Acc: 23.98%, Loss: 1.7775
Epoch: 14, Batch: 2800, Acc: 23.98%, Loss: 1.7688
Epoch: 14, Batch: 2810, Acc: 23.99%, Loss: 1.7505
Epoch: 14, Batch: 2820, Acc: 24.00%, Loss: 1.7768
Epoch: 14, Batch: 2830, Acc: 24.00%, Loss: 1.7917
Epoch: 14, Batch: 2840, Acc: 24.00%, Loss: 1.7807
Epoch: 14, Batch: 2850, Acc: 24.00%, Loss: 1.7873
Epoch: 14, Batch: 2860, Acc: 24.00%, Loss: 1.8096
Epoch: 14, Batch: 2870, Acc: 24.00%, Loss: 1.7773
Epoch: 14, Batch: 2880, Acc: 24.00%, Loss: 1.7589
Accuracy on test set: 45.53%, Val loss: 2.2459
Epoch 14: train_loss=1.7930, val_acc=45.53, best_val_acc=45.53, es_counter=0
Epoch: 15, Batch: 10, Acc: 27.81%, Loss: 1.7613
Epoch: 15, Batch: 20, Acc: 26.88%, Loss: 1.7714
Epoch: 15, Batch: 30, Acc: 25.78%, Loss: 1.8064
Epoch: 15, Batch: 40, Acc: 25.20%, Loss: 1.8048
Epoch: 15, Batch: 50, Acc: 24.50%, Loss: 1.8314
Epoch: 15, Batch: 60, Acc: 24.17%, Loss: 1.8051
Epoch: 15, Batch: 70, Acc: 24.42%, Loss: 1.8015
Epoch: 15, Batch: 80, Acc: 24.06%, Loss: 1.8140
Epoch: 15, Batch: 90, Acc: 24.01%, Loss: 1.7984
Epoch: 15, Batch: 100, Acc: 23.94%, Loss: 1.8041
Epoch: 15, Batch: 110, Acc: 23.74%, Loss: 1.8432
Epoch: 15, Batch: 120, Acc: 23.61%, Loss: 1.8177
Epoch: 15, Batch: 130, Acc: 23.81%, Loss: 1.7804
Epoch: 15, Batch: 140, Acc: 23.77%, Loss: 1.8113
Epoch: 15, Batch: 150, Acc: 23.86%, Loss: 1.7887
Epoch: 15, Batch: 160, Acc: 23.83%, Loss: 1.8225
Epoch: 15, Batch: 170, Acc: 23.83%, Loss: 1.7904
Epoch: 15, Batch: 180, Acc: 23.91%, Loss: 1.7988
Epoch: 15, Batch: 190, Acc: 23.77%, Loss: 1.8262
Epoch: 15, Batch: 200, Acc: 23.98%, Loss: 1.7472
Epoch: 15, Batch: 210, Acc: 23.94%, Loss: 1.7912
Epoch: 15, Batch: 220, Acc: 23.86%, Loss: 1.7895
Epoch: 15, Batch: 230, Acc: 23.92%, Loss: 1.8047
Epoch: 15, Batch: 240, Acc: 24.08%, Loss: 1.7529
Epoch: 15, Batch: 250, Acc: 24.03%, Loss: 1.8200
Epoch: 15, Batch: 260, Acc: 23.94%, Loss: 1.8363
Epoch: 15, Batch: 270, Acc: 23.91%, Loss: 1.7941
Epoch: 15, Batch: 280, Acc: 23.81%, Loss: 1.8477
Epoch: 15, Batch: 290, Acc: 23.73%, Loss: 1.8307
Epoch: 15, Batch: 300, Acc: 23.77%, Loss: 1.8137
Epoch: 15, Batch: 310, Acc: 23.85%, Loss: 1.7968
Epoch: 15, Batch: 320, Acc: 23.81%, Loss: 1.8236
Epoch: 15, Batch: 330, Acc: 23.76%, Loss: 1.8124
Epoch: 15, Batch: 340, Acc: 23.74%, Loss: 1.7992
Epoch: 15, Batch: 350, Acc: 23.78%, Loss: 1.8155
Epoch: 15, Batch: 360, Acc: 23.84%, Loss: 1.7890
Epoch: 15, Batch: 370, Acc: 23.84%, Loss: 1.7573
Epoch: 15, Batch: 380, Acc: 23.81%, Loss: 1.7898
Epoch: 15, Batch: 390, Acc: 23.87%, Loss: 1.7654
Epoch: 15, Batch: 400, Acc: 23.91%, Loss: 1.7610
Epoch: 15, Batch: 410, Acc: 23.90%, Loss: 1.7755
Epoch: 15, Batch: 420, Acc: 23.92%, Loss: 1.7772
Epoch: 15, Batch: 430, Acc: 23.95%, Loss: 1.7982
Epoch: 15, Batch: 440, Acc: 23.96%, Loss: 1.7791
Epoch: 15, Batch: 450, Acc: 23.92%, Loss: 1.8238
Epoch: 15, Batch: 460, Acc: 23.94%, Loss: 1.7706
Epoch: 15, Batch: 470, Acc: 23.95%, Loss: 1.7943
Epoch: 15, Batch: 480, Acc: 23.95%, Loss: 1.7792
Epoch: 15, Batch: 490, Acc: 23.95%, Loss: 1.7848
Epoch: 15, Batch: 500, Acc: 23.99%, Loss: 1.7450
Epoch: 15, Batch: 510, Acc: 24.02%, Loss: 1.7865
Epoch: 15, Batch: 520, Acc: 24.00%, Loss: 1.7909
Epoch: 15, Batch: 530, Acc: 23.95%, Loss: 1.8063
Epoch: 15, Batch: 540, Acc: 23.93%, Loss: 1.8136
Epoch: 15, Batch: 550, Acc: 23.97%, Loss: 1.7799
Epoch: 15, Batch: 560, Acc: 23.92%, Loss: 1.8529
Epoch: 15, Batch: 570, Acc: 23.94%, Loss: 1.7691
Epoch: 15, Batch: 580, Acc: 23.95%, Loss: 1.7900
Epoch: 15, Batch: 590, Acc: 23.93%, Loss: 1.7696
Epoch: 15, Batch: 600, Acc: 23.91%, Loss: 1.7872
Epoch: 15, Batch: 610, Acc: 23.92%, Loss: 1.7703
Epoch: 15, Batch: 620, Acc: 23.95%, Loss: 1.7870
Epoch: 15, Batch: 630, Acc: 23.94%, Loss: 1.8363
Epoch: 15, Batch: 640, Acc: 23.89%, Loss: 1.8242
Epoch: 15, Batch: 650, Acc: 23.88%, Loss: 1.7927
Epoch: 15, Batch: 660, Acc: 23.88%, Loss: 1.8054
Epoch: 15, Batch: 670, Acc: 23.90%, Loss: 1.7754
Epoch: 15, Batch: 680, Acc: 23.87%, Loss: 1.8317
Epoch: 15, Batch: 690, Acc: 23.85%, Loss: 1.7897
Epoch: 15, Batch: 700, Acc: 23.89%, Loss: 1.7698
Epoch: 15, Batch: 710, Acc: 23.85%, Loss: 1.7972
Epoch: 15, Batch: 720, Acc: 23.85%, Loss: 1.7831
Epoch: 15, Batch: 730, Acc: 23.83%, Loss: 1.8111
Epoch: 15, Batch: 740, Acc: 23.85%, Loss: 1.7538
Epoch: 15, Batch: 750, Acc: 23.83%, Loss: 1.8193
Epoch: 15, Batch: 760, Acc: 23.85%, Loss: 1.7720
Epoch: 15, Batch: 770, Acc: 23.87%, Loss: 1.7509
Epoch: 15, Batch: 780, Acc: 23.83%, Loss: 1.8232
Epoch: 15, Batch: 790, Acc: 23.81%, Loss: 1.8149
Epoch: 15, Batch: 800, Acc: 23.82%, Loss: 1.7631
Epoch: 15, Batch: 810, Acc: 23.81%, Loss: 1.8039
Epoch: 15, Batch: 820, Acc: 23.78%, Loss: 1.8252
Epoch: 15, Batch: 830, Acc: 23.78%, Loss: 1.8240
Epoch: 15, Batch: 840, Acc: 23.74%, Loss: 1.8071
Epoch: 15, Batch: 850, Acc: 23.74%, Loss: 1.8181
Epoch: 15, Batch: 860, Acc: 23.71%, Loss: 1.8148
Epoch: 15, Batch: 870, Acc: 23.72%, Loss: 1.7787
Epoch: 15, Batch: 880, Acc: 23.73%, Loss: 1.7854
Epoch: 15, Batch: 890, Acc: 23.73%, Loss: 1.7853
Epoch: 15, Batch: 900, Acc: 23.73%, Loss: 1.8224
Epoch: 15, Batch: 910, Acc: 23.73%, Loss: 1.7923
Epoch: 15, Batch: 920, Acc: 23.78%, Loss: 1.7610
Epoch: 15, Batch: 930, Acc: 23.77%, Loss: 1.8034
Epoch: 15, Batch: 940, Acc: 23.77%, Loss: 1.7944
Epoch: 15, Batch: 950, Acc: 23.76%, Loss: 1.8147
Epoch: 15, Batch: 960, Acc: 23.76%, Loss: 1.7634
Epoch: 15, Batch: 970, Acc: 23.74%, Loss: 1.8064
Epoch: 15, Batch: 980, Acc: 23.74%, Loss: 1.7854
Epoch: 15, Batch: 990, Acc: 23.74%, Loss: 1.7890
Epoch: 15, Batch: 1000, Acc: 23.71%, Loss: 1.8118
Epoch: 15, Batch: 1010, Acc: 23.71%, Loss: 1.7865
Epoch: 15, Batch: 1020, Acc: 23.73%, Loss: 1.7765
Epoch: 15, Batch: 1030, Acc: 23.72%, Loss: 1.7884
Epoch: 15, Batch: 1040, Acc: 23.73%, Loss: 1.7709
Epoch: 15, Batch: 1050, Acc: 23.75%, Loss: 1.7801
Epoch: 15, Batch: 1060, Acc: 23.77%, Loss: 1.7811
Epoch: 15, Batch: 1070, Acc: 23.79%, Loss: 1.7869
Epoch: 15, Batch: 1080, Acc: 23.82%, Loss: 1.7608
Epoch: 15, Batch: 1090, Acc: 23.80%, Loss: 1.8061
Epoch: 15, Batch: 1100, Acc: 23.80%, Loss: 1.7736
Epoch: 15, Batch: 1110, Acc: 23.82%, Loss: 1.7598
Epoch: 15, Batch: 1120, Acc: 23.83%, Loss: 1.8016
Epoch: 15, Batch: 1130, Acc: 23.84%, Loss: 1.7798
Epoch: 15, Batch: 1140, Acc: 23.84%, Loss: 1.7859
Epoch: 15, Batch: 1150, Acc: 23.85%, Loss: 1.8108
Epoch: 15, Batch: 1160, Acc: 23.85%, Loss: 1.7904
Epoch: 15, Batch: 1170, Acc: 23.85%, Loss: 1.8280
Epoch: 15, Batch: 1180, Acc: 23.87%, Loss: 1.7951
Epoch: 15, Batch: 1190, Acc: 23.87%, Loss: 1.8019
Epoch: 15, Batch: 1200, Acc: 23.87%, Loss: 1.8259
Epoch: 15, Batch: 1210, Acc: 23.87%, Loss: 1.8212
Epoch: 15, Batch: 1220, Acc: 23.85%, Loss: 1.8133
Epoch: 15, Batch: 1230, Acc: 23.85%, Loss: 1.7974
Epoch: 15, Batch: 1240, Acc: 23.86%, Loss: 1.7748
Epoch: 15, Batch: 1250, Acc: 23.86%, Loss: 1.7816
Epoch: 15, Batch: 1260, Acc: 23.89%, Loss: 1.7524
Epoch: 15, Batch: 1270, Acc: 23.90%, Loss: 1.7859
Epoch: 15, Batch: 1280, Acc: 23.89%, Loss: 1.8001
Epoch: 15, Batch: 1290, Acc: 23.89%, Loss: 1.7788
Epoch: 15, Batch: 1300, Acc: 23.89%, Loss: 1.8028
Epoch: 15, Batch: 1310, Acc: 23.89%, Loss: 1.7890
Epoch: 15, Batch: 1320, Acc: 23.91%, Loss: 1.7429
Epoch: 15, Batch: 1330, Acc: 23.92%, Loss: 1.7984
Epoch: 15, Batch: 1340, Acc: 23.90%, Loss: 1.8080
Epoch: 15, Batch: 1350, Acc: 23.93%, Loss: 1.7601
Epoch: 15, Batch: 1360, Acc: 23.92%, Loss: 1.7983
Epoch: 15, Batch: 1370, Acc: 23.91%, Loss: 1.7925
Epoch: 15, Batch: 1380, Acc: 23.90%, Loss: 1.8166
Epoch: 15, Batch: 1390, Acc: 23.89%, Loss: 1.8196
Epoch: 15, Batch: 1400, Acc: 23.90%, Loss: 1.7643
Epoch: 15, Batch: 1410, Acc: 23.91%, Loss: 1.7893
Epoch: 15, Batch: 1420, Acc: 23.90%, Loss: 1.8037
Epoch: 15, Batch: 1430, Acc: 23.91%, Loss: 1.7698
Epoch: 15, Batch: 1440, Acc: 23.92%, Loss: 1.7680
Epoch: 15, Batch: 1450, Acc: 23.90%, Loss: 1.8418
Epoch: 15, Batch: 1460, Acc: 23.91%, Loss: 1.8084
Epoch: 15, Batch: 1470, Acc: 23.91%, Loss: 1.7657
Epoch: 15, Batch: 1480, Acc: 23.92%, Loss: 1.7878
Epoch: 15, Batch: 1490, Acc: 23.94%, Loss: 1.8049
Epoch: 15, Batch: 1500, Acc: 23.96%, Loss: 1.7812
Epoch: 15, Batch: 1510, Acc: 23.99%, Loss: 1.7343
Epoch: 15, Batch: 1520, Acc: 23.99%, Loss: 1.7921
Epoch: 15, Batch: 1530, Acc: 24.00%, Loss: 1.8127
Epoch: 15, Batch: 1540, Acc: 24.00%, Loss: 1.8177
Epoch: 15, Batch: 1550, Acc: 23.99%, Loss: 1.8092
Epoch: 15, Batch: 1560, Acc: 23.99%, Loss: 1.7876
Epoch: 15, Batch: 1570, Acc: 24.02%, Loss: 1.7238
Epoch: 15, Batch: 1580, Acc: 24.02%, Loss: 1.7934
Epoch: 15, Batch: 1590, Acc: 24.01%, Loss: 1.8188
Epoch: 15, Batch: 1600, Acc: 24.00%, Loss: 1.8165
Epoch: 15, Batch: 1610, Acc: 24.02%, Loss: 1.7485
Epoch: 15, Batch: 1620, Acc: 24.03%, Loss: 1.7928
Epoch: 15, Batch: 1630, Acc: 24.03%, Loss: 1.7887
Epoch: 15, Batch: 1640, Acc: 24.04%, Loss: 1.7827
Epoch: 15, Batch: 1650, Acc: 24.05%, Loss: 1.7787
Epoch: 15, Batch: 1660, Acc: 24.05%, Loss: 1.7664
Epoch: 15, Batch: 1670, Acc: 24.06%, Loss: 1.7695
Epoch: 15, Batch: 1680, Acc: 24.06%, Loss: 1.7850
Epoch: 15, Batch: 1690, Acc: 24.07%, Loss: 1.7545
Epoch: 15, Batch: 1700, Acc: 24.06%, Loss: 1.8083
Epoch: 15, Batch: 1710, Acc: 24.05%, Loss: 1.7557
Epoch: 15, Batch: 1720, Acc: 24.04%, Loss: 1.7964
Epoch: 15, Batch: 1730, Acc: 24.04%, Loss: 1.7959
Epoch: 15, Batch: 1740, Acc: 24.05%, Loss: 1.7765
Epoch: 15, Batch: 1750, Acc: 24.06%, Loss: 1.8111
Epoch: 15, Batch: 1760, Acc: 24.05%, Loss: 1.8000
Epoch: 15, Batch: 1770, Acc: 24.06%, Loss: 1.7368
Epoch: 15, Batch: 1780, Acc: 24.06%, Loss: 1.8248
Epoch: 15, Batch: 1790, Acc: 24.06%, Loss: 1.8100
Epoch: 15, Batch: 1800, Acc: 24.06%, Loss: 1.7707
Epoch: 15, Batch: 1810, Acc: 24.06%, Loss: 1.8124
Epoch: 15, Batch: 1820, Acc: 24.08%, Loss: 1.7727
Epoch: 15, Batch: 1830, Acc: 24.06%, Loss: 1.8105
Epoch: 15, Batch: 1840, Acc: 24.07%, Loss: 1.7562
Epoch: 15, Batch: 1850, Acc: 24.08%, Loss: 1.7703
Epoch: 15, Batch: 1860, Acc: 24.11%, Loss: 1.7608
Epoch: 15, Batch: 1870, Acc: 24.11%, Loss: 1.7939
Epoch: 15, Batch: 1880, Acc: 24.11%, Loss: 1.7965
Epoch: 15, Batch: 1890, Acc: 24.12%, Loss: 1.7974
Epoch: 15, Batch: 1900, Acc: 24.14%, Loss: 1.7402
Epoch: 15, Batch: 1910, Acc: 24.14%, Loss: 1.7703
Epoch: 15, Batch: 1920, Acc: 24.15%, Loss: 1.7617
Epoch: 15, Batch: 1930, Acc: 24.13%, Loss: 1.8391
Epoch: 15, Batch: 1940, Acc: 24.12%, Loss: 1.8354
Epoch: 15, Batch: 1950, Acc: 24.11%, Loss: 1.8260
Epoch: 15, Batch: 1960, Acc: 24.14%, Loss: 1.7761
Epoch: 15, Batch: 1970, Acc: 24.13%, Loss: 1.7853
Epoch: 15, Batch: 1980, Acc: 24.13%, Loss: 1.7831
Epoch: 15, Batch: 1990, Acc: 24.12%, Loss: 1.7942
Epoch: 15, Batch: 2000, Acc: 24.13%, Loss: 1.7739
Epoch: 15, Batch: 2010, Acc: 24.12%, Loss: 1.8250
Epoch: 15, Batch: 2020, Acc: 24.11%, Loss: 1.8084
Epoch: 15, Batch: 2030, Acc: 24.10%, Loss: 1.8122
Epoch: 15, Batch: 2040, Acc: 24.12%, Loss: 1.7461
Epoch: 15, Batch: 2050, Acc: 24.11%, Loss: 1.8224
Epoch: 15, Batch: 2060, Acc: 24.13%, Loss: 1.7483
Epoch: 15, Batch: 2070, Acc: 24.13%, Loss: 1.8039
Epoch: 15, Batch: 2080, Acc: 24.14%, Loss: 1.7536
Epoch: 15, Batch: 2090, Acc: 24.14%, Loss: 1.8058
Epoch: 15, Batch: 2100, Acc: 24.13%, Loss: 1.7952
Epoch: 15, Batch: 2110, Acc: 24.13%, Loss: 1.8164
Epoch: 15, Batch: 2120, Acc: 24.14%, Loss: 1.7713
Epoch: 15, Batch: 2130, Acc: 24.14%, Loss: 1.7949
Epoch: 15, Batch: 2140, Acc: 24.13%, Loss: 1.8183
Epoch: 15, Batch: 2150, Acc: 24.15%, Loss: 1.7734
Epoch: 15, Batch: 2160, Acc: 24.16%, Loss: 1.7705
Epoch: 15, Batch: 2170, Acc: 24.17%, Loss: 1.7513
Epoch: 15, Batch: 2180, Acc: 24.16%, Loss: 1.8342
Epoch: 15, Batch: 2190, Acc: 24.16%, Loss: 1.8005
Epoch: 15, Batch: 2200, Acc: 24.16%, Loss: 1.8118
Epoch: 15, Batch: 2210, Acc: 24.16%, Loss: 1.7677
Epoch: 15, Batch: 2220, Acc: 24.15%, Loss: 1.8062
Epoch: 15, Batch: 2230, Acc: 24.14%, Loss: 1.7972
Epoch: 15, Batch: 2240, Acc: 24.15%, Loss: 1.8083
Epoch: 15, Batch: 2250, Acc: 24.15%, Loss: 1.7824
Epoch: 15, Batch: 2260, Acc: 24.15%, Loss: 1.7758
Epoch: 15, Batch: 2270, Acc: 24.15%, Loss: 1.7543
Epoch: 15, Batch: 2280, Acc: 24.14%, Loss: 1.8195
Epoch: 15, Batch: 2290, Acc: 24.15%, Loss: 1.7493
Epoch: 15, Batch: 2300, Acc: 24.14%, Loss: 1.8283
Epoch: 15, Batch: 2310, Acc: 24.14%, Loss: 1.7667
Epoch: 15, Batch: 2320, Acc: 24.14%, Loss: 1.7566
Epoch: 15, Batch: 2330, Acc: 24.14%, Loss: 1.7419
Epoch: 15, Batch: 2340, Acc: 24.13%, Loss: 1.8226
Epoch: 15, Batch: 2350, Acc: 24.13%, Loss: 1.7659
Epoch: 15, Batch: 2360, Acc: 24.13%, Loss: 1.7982
Epoch: 15, Batch: 2370, Acc: 24.14%, Loss: 1.8036
Epoch: 15, Batch: 2380, Acc: 24.13%, Loss: 1.7943
Epoch: 15, Batch: 2390, Acc: 24.13%, Loss: 1.8046
Epoch: 15, Batch: 2400, Acc: 24.12%, Loss: 1.8196
Epoch: 15, Batch: 2410, Acc: 24.12%, Loss: 1.7707
Epoch: 15, Batch: 2420, Acc: 24.13%, Loss: 1.7574
Epoch: 15, Batch: 2430, Acc: 24.12%, Loss: 1.8016
Epoch: 15, Batch: 2440, Acc: 24.13%, Loss: 1.7782
Epoch: 15, Batch: 2450, Acc: 24.13%, Loss: 1.8001
Epoch: 15, Batch: 2460, Acc: 24.12%, Loss: 1.7927
Epoch: 15, Batch: 2470, Acc: 24.11%, Loss: 1.8006
Epoch: 15, Batch: 2480, Acc: 24.10%, Loss: 1.8172
Epoch: 15, Batch: 2490, Acc: 24.10%, Loss: 1.8085
Epoch: 15, Batch: 2500, Acc: 24.10%, Loss: 1.7815
Epoch: 15, Batch: 2510, Acc: 24.10%, Loss: 1.7979
Epoch: 15, Batch: 2520, Acc: 24.10%, Loss: 1.7792
Epoch: 15, Batch: 2530, Acc: 24.10%, Loss: 1.8101
Epoch: 15, Batch: 2540, Acc: 24.10%, Loss: 1.8030
Epoch: 15, Batch: 2550, Acc: 24.09%, Loss: 1.8123
Epoch: 15, Batch: 2560, Acc: 24.10%, Loss: 1.8096
Epoch: 15, Batch: 2570, Acc: 24.10%, Loss: 1.7935
Epoch: 15, Batch: 2580, Acc: 24.10%, Loss: 1.8087
Epoch: 15, Batch: 2590, Acc: 24.11%, Loss: 1.7852
Epoch: 15, Batch: 2600, Acc: 24.12%, Loss: 1.7607
Epoch: 15, Batch: 2610, Acc: 24.12%, Loss: 1.8380
Epoch: 15, Batch: 2620, Acc: 24.11%, Loss: 1.7905
Epoch: 15, Batch: 2630, Acc: 24.12%, Loss: 1.8018
Epoch: 15, Batch: 2640, Acc: 24.12%, Loss: 1.7839
Epoch: 15, Batch: 2650, Acc: 24.13%, Loss: 1.7760
Epoch: 15, Batch: 2660, Acc: 24.13%, Loss: 1.7916
Epoch: 15, Batch: 2670, Acc: 24.14%, Loss: 1.7718
Epoch: 15, Batch: 2680, Acc: 24.13%, Loss: 1.8180
Epoch: 15, Batch: 2690, Acc: 24.14%, Loss: 1.7709
Epoch: 15, Batch: 2700, Acc: 24.13%, Loss: 1.7965
Epoch: 15, Batch: 2710, Acc: 24.12%, Loss: 1.8300
Epoch: 15, Batch: 2720, Acc: 24.12%, Loss: 1.8156
Epoch: 15, Batch: 2730, Acc: 24.12%, Loss: 1.7715
Epoch: 15, Batch: 2740, Acc: 24.12%, Loss: 1.7915
Epoch: 15, Batch: 2750, Acc: 24.13%, Loss: 1.7960
Epoch: 15, Batch: 2760, Acc: 24.13%, Loss: 1.7668
Epoch: 15, Batch: 2770, Acc: 24.13%, Loss: 1.7940
Epoch: 15, Batch: 2780, Acc: 24.12%, Loss: 1.8168
Epoch: 15, Batch: 2790, Acc: 24.12%, Loss: 1.7537
Epoch: 15, Batch: 2800, Acc: 24.12%, Loss: 1.8112
Epoch: 15, Batch: 2810, Acc: 24.13%, Loss: 1.7764
Epoch: 15, Batch: 2820, Acc: 24.13%, Loss: 1.8013
Epoch: 15, Batch: 2830, Acc: 24.12%, Loss: 1.7878
Epoch: 15, Batch: 2840, Acc: 24.13%, Loss: 1.7997
Epoch: 15, Batch: 2850, Acc: 24.13%, Loss: 1.7993
Epoch: 15, Batch: 2860, Acc: 24.12%, Loss: 1.7820
Epoch: 15, Batch: 2870, Acc: 24.12%, Loss: 1.7948
Epoch: 15, Batch: 2880, Acc: 24.12%, Loss: 1.8300
Accuracy on test set: 45.51%, Val loss: 2.2463
Epoch 15: train_loss=1.7923, val_acc=45.51, best_val_acc=45.53, es_counter=1
Epoch: 16, Batch: 10, Acc: 26.25%, Loss: 1.7409
Epoch: 16, Batch: 20, Acc: 26.64%, Loss: 1.7765
Epoch: 16, Batch: 30, Acc: 25.36%, Loss: 1.8406
Epoch: 16, Batch: 40, Acc: 25.12%, Loss: 1.7773
Epoch: 16, Batch: 50, Acc: 24.44%, Loss: 1.8406
Epoch: 16, Batch: 60, Acc: 24.82%, Loss: 1.7658
Epoch: 16, Batch: 70, Acc: 24.51%, Loss: 1.7915
Epoch: 16, Batch: 80, Acc: 24.32%, Loss: 1.7769
Epoch: 16, Batch: 90, Acc: 24.25%, Loss: 1.8168
Epoch: 16, Batch: 100, Acc: 23.98%, Loss: 1.8207
Epoch: 16, Batch: 110, Acc: 23.78%, Loss: 1.8256
Epoch: 16, Batch: 120, Acc: 23.65%, Loss: 1.8281
Epoch: 16, Batch: 130, Acc: 23.57%, Loss: 1.7848
Epoch: 16, Batch: 140, Acc: 23.50%, Loss: 1.8105
Epoch: 16, Batch: 150, Acc: 23.50%, Loss: 1.7991
Epoch: 16, Batch: 160, Acc: 23.56%, Loss: 1.7813
Epoch: 16, Batch: 170, Acc: 23.48%, Loss: 1.8160
Epoch: 16, Batch: 180, Acc: 23.59%, Loss: 1.7754
Epoch: 16, Batch: 190, Acc: 23.71%, Loss: 1.7762
Epoch: 16, Batch: 200, Acc: 23.81%, Loss: 1.7872
Epoch: 16, Batch: 210, Acc: 23.90%, Loss: 1.7924
Epoch: 16, Batch: 220, Acc: 23.67%, Loss: 1.8215
Epoch: 16, Batch: 230, Acc: 23.76%, Loss: 1.7563
Epoch: 16, Batch: 240, Acc: 23.72%, Loss: 1.8120
Epoch: 16, Batch: 250, Acc: 23.77%, Loss: 1.7916
Epoch: 16, Batch: 260, Acc: 23.76%, Loss: 1.7953
Epoch: 16, Batch: 270, Acc: 23.75%, Loss: 1.7668
Epoch: 16, Batch: 280, Acc: 23.72%, Loss: 1.8255
Epoch: 16, Batch: 290, Acc: 23.76%, Loss: 1.7829
Epoch: 16, Batch: 300, Acc: 23.67%, Loss: 1.8310
Epoch: 16, Batch: 310, Acc: 23.71%, Loss: 1.7655
Epoch: 16, Batch: 320, Acc: 23.69%, Loss: 1.7821
Epoch: 16, Batch: 330, Acc: 23.69%, Loss: 1.7732
Epoch: 16, Batch: 340, Acc: 23.68%, Loss: 1.7962
Epoch: 16, Batch: 350, Acc: 23.68%, Loss: 1.8036
Epoch: 16, Batch: 360, Acc: 23.78%, Loss: 1.7572
Epoch: 16, Batch: 370, Acc: 23.78%, Loss: 1.7783
Epoch: 16, Batch: 380, Acc: 23.81%, Loss: 1.7527
Epoch: 16, Batch: 390, Acc: 23.79%, Loss: 1.8122
Epoch: 16, Batch: 400, Acc: 23.80%, Loss: 1.7934
Epoch: 16, Batch: 410, Acc: 23.78%, Loss: 1.7959
Epoch: 16, Batch: 420, Acc: 23.78%, Loss: 1.8122
Epoch: 16, Batch: 430, Acc: 23.79%, Loss: 1.7571
Epoch: 16, Batch: 440, Acc: 23.80%, Loss: 1.7831
Epoch: 16, Batch: 450, Acc: 23.76%, Loss: 1.7830
Epoch: 16, Batch: 460, Acc: 23.76%, Loss: 1.7882
Epoch: 16, Batch: 470, Acc: 23.74%, Loss: 1.8293
Epoch: 16, Batch: 480, Acc: 23.70%, Loss: 1.8394
Epoch: 16, Batch: 490, Acc: 23.71%, Loss: 1.7695
Epoch: 16, Batch: 500, Acc: 23.67%, Loss: 1.8159
Epoch: 16, Batch: 510, Acc: 23.70%, Loss: 1.7831
Epoch: 16, Batch: 520, Acc: 23.70%, Loss: 1.8026
Epoch: 16, Batch: 530, Acc: 23.75%, Loss: 1.7587
Epoch: 16, Batch: 540, Acc: 23.78%, Loss: 1.7780
Epoch: 16, Batch: 550, Acc: 23.78%, Loss: 1.7701
Epoch: 16, Batch: 560, Acc: 23.81%, Loss: 1.7829
Epoch: 16, Batch: 570, Acc: 23.78%, Loss: 1.7955
Epoch: 16, Batch: 580, Acc: 23.79%, Loss: 1.7705
Epoch: 16, Batch: 590, Acc: 23.82%, Loss: 1.7936
Epoch: 16, Batch: 600, Acc: 23.82%, Loss: 1.7957
Epoch: 16, Batch: 610, Acc: 23.85%, Loss: 1.7793
Epoch: 16, Batch: 620, Acc: 23.85%, Loss: 1.7792
Epoch: 16, Batch: 630, Acc: 23.82%, Loss: 1.8287
Epoch: 16, Batch: 640, Acc: 23.85%, Loss: 1.7890
Epoch: 16, Batch: 650, Acc: 23.85%, Loss: 1.7829
Epoch: 16, Batch: 660, Acc: 23.89%, Loss: 1.7341
Epoch: 16, Batch: 670, Acc: 23.93%, Loss: 1.7585
Epoch: 16, Batch: 680, Acc: 23.92%, Loss: 1.7937
Epoch: 16, Batch: 690, Acc: 23.90%, Loss: 1.8022
Epoch: 16, Batch: 700, Acc: 23.91%, Loss: 1.7962
Epoch: 16, Batch: 710, Acc: 23.90%, Loss: 1.8042
Epoch: 16, Batch: 720, Acc: 23.87%, Loss: 1.7969
Epoch: 16, Batch: 730, Acc: 23.84%, Loss: 1.8292
Epoch: 16, Batch: 740, Acc: 23.81%, Loss: 1.8083
Epoch: 16, Batch: 750, Acc: 23.80%, Loss: 1.7861
Epoch: 16, Batch: 760, Acc: 23.79%, Loss: 1.7987
Epoch: 16, Batch: 770, Acc: 23.77%, Loss: 1.8118
Epoch: 16, Batch: 780, Acc: 23.77%, Loss: 1.8119
Epoch: 16, Batch: 790, Acc: 23.74%, Loss: 1.8656
Epoch: 16, Batch: 800, Acc: 23.76%, Loss: 1.7831
Epoch: 16, Batch: 810, Acc: 23.75%, Loss: 1.8314
Epoch: 16, Batch: 820, Acc: 23.77%, Loss: 1.7683
Epoch: 16, Batch: 830, Acc: 23.75%, Loss: 1.8635
Epoch: 16, Batch: 840, Acc: 23.80%, Loss: 1.7122
Epoch: 16, Batch: 850, Acc: 23.78%, Loss: 1.8047
Epoch: 16, Batch: 860, Acc: 23.82%, Loss: 1.7598
Epoch: 16, Batch: 870, Acc: 23.86%, Loss: 1.7487
Epoch: 16, Batch: 880, Acc: 23.85%, Loss: 1.8099
Epoch: 16, Batch: 890, Acc: 23.86%, Loss: 1.7770
Epoch: 16, Batch: 900, Acc: 23.87%, Loss: 1.7826
Epoch: 16, Batch: 910, Acc: 23.88%, Loss: 1.8085
Epoch: 16, Batch: 920, Acc: 23.86%, Loss: 1.8249
Epoch: 16, Batch: 930, Acc: 23.85%, Loss: 1.7888
Epoch: 16, Batch: 940, Acc: 23.82%, Loss: 1.8160
Epoch: 16, Batch: 950, Acc: 23.84%, Loss: 1.8354
Epoch: 16, Batch: 960, Acc: 23.83%, Loss: 1.7900
Epoch: 16, Batch: 970, Acc: 23.83%, Loss: 1.8019
Epoch: 16, Batch: 980, Acc: 23.82%, Loss: 1.8058
Epoch: 16, Batch: 990, Acc: 23.86%, Loss: 1.7433
Epoch: 16, Batch: 1000, Acc: 23.88%, Loss: 1.7491
Epoch: 16, Batch: 1010, Acc: 23.87%, Loss: 1.8170
Epoch: 16, Batch: 1020, Acc: 23.88%, Loss: 1.7524
Epoch: 16, Batch: 1030, Acc: 23.88%, Loss: 1.7894
Epoch: 16, Batch: 1040, Acc: 23.88%, Loss: 1.8048
Epoch: 16, Batch: 1050, Acc: 23.89%, Loss: 1.8025
Epoch: 16, Batch: 1060, Acc: 23.88%, Loss: 1.8215
Epoch: 16, Batch: 1070, Acc: 23.92%, Loss: 1.7888
Epoch: 16, Batch: 1080, Acc: 23.93%, Loss: 1.7746
Epoch: 16, Batch: 1090, Acc: 23.94%, Loss: 1.7904
Epoch: 16, Batch: 1100, Acc: 23.93%, Loss: 1.7855
Epoch: 16, Batch: 1110, Acc: 23.93%, Loss: 1.7885
Epoch: 16, Batch: 1120, Acc: 23.93%, Loss: 1.7996
Epoch: 16, Batch: 1130, Acc: 23.94%, Loss: 1.7787
Epoch: 16, Batch: 1140, Acc: 23.94%, Loss: 1.7695
Epoch: 16, Batch: 1150, Acc: 23.94%, Loss: 1.8037
Epoch: 16, Batch: 1160, Acc: 23.92%, Loss: 1.8091
Epoch: 16, Batch: 1170, Acc: 23.90%, Loss: 1.8159
Epoch: 16, Batch: 1180, Acc: 23.91%, Loss: 1.8129
Epoch: 16, Batch: 1190, Acc: 23.89%, Loss: 1.8051
Epoch: 16, Batch: 1200, Acc: 23.92%, Loss: 1.7843
Epoch: 16, Batch: 1210, Acc: 23.93%, Loss: 1.7903
Epoch: 16, Batch: 1220, Acc: 23.91%, Loss: 1.7904
Epoch: 16, Batch: 1230, Acc: 23.92%, Loss: 1.7790
Epoch: 16, Batch: 1240, Acc: 23.92%, Loss: 1.7902
Epoch: 16, Batch: 1250, Acc: 23.90%, Loss: 1.8429
Epoch: 16, Batch: 1260, Acc: 23.90%, Loss: 1.8076
Epoch: 16, Batch: 1270, Acc: 23.89%, Loss: 1.8153
Epoch: 16, Batch: 1280, Acc: 23.89%, Loss: 1.8123
Epoch: 16, Batch: 1290, Acc: 23.86%, Loss: 1.8149
Epoch: 16, Batch: 1300, Acc: 23.89%, Loss: 1.7599
Epoch: 16, Batch: 1310, Acc: 23.89%, Loss: 1.7649
Epoch: 16, Batch: 1320, Acc: 23.87%, Loss: 1.8168
Epoch: 16, Batch: 1330, Acc: 23.87%, Loss: 1.8015
Epoch: 16, Batch: 1340, Acc: 23.88%, Loss: 1.7903
Epoch: 16, Batch: 1350, Acc: 23.88%, Loss: 1.7905
Epoch: 16, Batch: 1360, Acc: 23.87%, Loss: 1.8383
Epoch: 16, Batch: 1370, Acc: 23.90%, Loss: 1.7606
Epoch: 16, Batch: 1380, Acc: 23.90%, Loss: 1.7757
Epoch: 16, Batch: 1390, Acc: 23.90%, Loss: 1.7665
Epoch: 16, Batch: 1400, Acc: 23.90%, Loss: 1.7767
Epoch: 16, Batch: 1410, Acc: 23.90%, Loss: 1.7941
Epoch: 16, Batch: 1420, Acc: 23.91%, Loss: 1.7868
Epoch: 16, Batch: 1430, Acc: 23.92%, Loss: 1.7902
Epoch: 16, Batch: 1440, Acc: 23.93%, Loss: 1.8157
Epoch: 16, Batch: 1450, Acc: 23.93%, Loss: 1.8104
Epoch: 16, Batch: 1460, Acc: 23.94%, Loss: 1.7258
Epoch: 16, Batch: 1470, Acc: 23.94%, Loss: 1.7699
Epoch: 16, Batch: 1480, Acc: 23.92%, Loss: 1.8148
Epoch: 16, Batch: 1490, Acc: 23.93%, Loss: 1.7648
Epoch: 16, Batch: 1500, Acc: 23.93%, Loss: 1.7938
Epoch: 16, Batch: 1510, Acc: 23.95%, Loss: 1.7681
Epoch: 16, Batch: 1520, Acc: 23.95%, Loss: 1.7691
Epoch: 16, Batch: 1530, Acc: 23.97%, Loss: 1.7428
Epoch: 16, Batch: 1540, Acc: 23.95%, Loss: 1.8058
Epoch: 16, Batch: 1550, Acc: 23.95%, Loss: 1.7556
Epoch: 16, Batch: 1560, Acc: 23.95%, Loss: 1.7906
Epoch: 16, Batch: 1570, Acc: 23.93%, Loss: 1.8018
Epoch: 16, Batch: 1580, Acc: 23.91%, Loss: 1.8260
Epoch: 16, Batch: 1590, Acc: 23.89%, Loss: 1.8457
Epoch: 16, Batch: 1600, Acc: 23.90%, Loss: 1.7672
Epoch: 16, Batch: 1610, Acc: 23.90%, Loss: 1.8079
Epoch: 16, Batch: 1620, Acc: 23.92%, Loss: 1.7703
Epoch: 16, Batch: 1630, Acc: 23.92%, Loss: 1.8207
Epoch: 16, Batch: 1640, Acc: 23.94%, Loss: 1.7596
Epoch: 16, Batch: 1650, Acc: 23.94%, Loss: 1.7753
Epoch: 16, Batch: 1660, Acc: 23.96%, Loss: 1.7751
Epoch: 16, Batch: 1670, Acc: 23.95%, Loss: 1.8163
Epoch: 16, Batch: 1680, Acc: 23.95%, Loss: 1.7844
Epoch: 16, Batch: 1690, Acc: 23.96%, Loss: 1.7790
Epoch: 16, Batch: 1700, Acc: 23.96%, Loss: 1.7852
Epoch: 16, Batch: 1710, Acc: 23.97%, Loss: 1.7643
Epoch: 16, Batch: 1720, Acc: 23.96%, Loss: 1.8126
Epoch: 16, Batch: 1730, Acc: 23.96%, Loss: 1.8034
Epoch: 16, Batch: 1740, Acc: 23.96%, Loss: 1.7512
Epoch: 16, Batch: 1750, Acc: 23.97%, Loss: 1.7825
Epoch: 16, Batch: 1760, Acc: 23.95%, Loss: 1.8327
Epoch: 16, Batch: 1770, Acc: 23.96%, Loss: 1.7998
Epoch: 16, Batch: 1780, Acc: 23.97%, Loss: 1.7631
Epoch: 16, Batch: 1790, Acc: 23.96%, Loss: 1.8058
Epoch: 16, Batch: 1800, Acc: 23.96%, Loss: 1.8243
Epoch: 16, Batch: 1810, Acc: 23.96%, Loss: 1.8044
Epoch: 16, Batch: 1820, Acc: 23.96%, Loss: 1.8224
Epoch: 16, Batch: 1830, Acc: 23.97%, Loss: 1.7551
Epoch: 16, Batch: 1840, Acc: 23.98%, Loss: 1.7890
Epoch: 16, Batch: 1850, Acc: 23.97%, Loss: 1.8208
Epoch: 16, Batch: 1860, Acc: 23.96%, Loss: 1.8238
Epoch: 16, Batch: 1870, Acc: 23.97%, Loss: 1.8062
Epoch: 16, Batch: 1880, Acc: 23.95%, Loss: 1.8294
Epoch: 16, Batch: 1890, Acc: 23.95%, Loss: 1.7675
Epoch: 16, Batch: 1900, Acc: 23.95%, Loss: 1.7887
Epoch: 16, Batch: 1910, Acc: 23.95%, Loss: 1.7866
Epoch: 16, Batch: 1920, Acc: 23.95%, Loss: 1.7962
Epoch: 16, Batch: 1930, Acc: 23.95%, Loss: 1.7930
Epoch: 16, Batch: 1940, Acc: 23.95%, Loss: 1.7973
Epoch: 16, Batch: 1950, Acc: 23.97%, Loss: 1.7634
Epoch: 16, Batch: 1960, Acc: 23.97%, Loss: 1.8405
Epoch: 16, Batch: 1970, Acc: 23.96%, Loss: 1.7818
Epoch: 16, Batch: 1980, Acc: 23.98%, Loss: 1.7709
Epoch: 16, Batch: 1990, Acc: 23.98%, Loss: 1.7676
Epoch: 16, Batch: 2000, Acc: 23.98%, Loss: 1.8167
Epoch: 16, Batch: 2010, Acc: 24.00%, Loss: 1.7589
Epoch: 16, Batch: 2020, Acc: 23.99%, Loss: 1.7919
Epoch: 16, Batch: 2030, Acc: 23.99%, Loss: 1.8315
Epoch: 16, Batch: 2040, Acc: 23.99%, Loss: 1.7931
Epoch: 16, Batch: 2050, Acc: 23.99%, Loss: 1.8003
Epoch: 16, Batch: 2060, Acc: 23.99%, Loss: 1.7773
Epoch: 16, Batch: 2070, Acc: 24.00%, Loss: 1.7753
Epoch: 16, Batch: 2080, Acc: 24.01%, Loss: 1.7753
Epoch: 16, Batch: 2090, Acc: 24.01%, Loss: 1.7754
Epoch: 16, Batch: 2100, Acc: 24.00%, Loss: 1.8166
Epoch: 16, Batch: 2110, Acc: 24.01%, Loss: 1.7566
Epoch: 16, Batch: 2120, Acc: 24.01%, Loss: 1.7896
Epoch: 16, Batch: 2130, Acc: 24.02%, Loss: 1.8344
Epoch: 16, Batch: 2140, Acc: 24.02%, Loss: 1.7771
Epoch: 16, Batch: 2150, Acc: 24.03%, Loss: 1.8162
Epoch: 16, Batch: 2160, Acc: 24.03%, Loss: 1.7562
Epoch: 16, Batch: 2170, Acc: 24.02%, Loss: 1.8222
Epoch: 16, Batch: 2180, Acc: 24.03%, Loss: 1.7505
Epoch: 16, Batch: 2190, Acc: 24.03%, Loss: 1.8303
Epoch: 16, Batch: 2200, Acc: 24.04%, Loss: 1.7961
Epoch: 16, Batch: 2210, Acc: 24.03%, Loss: 1.7924
Epoch: 16, Batch: 2220, Acc: 24.04%, Loss: 1.7754
Epoch: 16, Batch: 2230, Acc: 24.04%, Loss: 1.8046
Epoch: 16, Batch: 2240, Acc: 24.04%, Loss: 1.7516
Epoch: 16, Batch: 2250, Acc: 24.05%, Loss: 1.7549
Epoch: 16, Batch: 2260, Acc: 24.06%, Loss: 1.7721
Epoch: 16, Batch: 2270, Acc: 24.06%, Loss: 1.7695
Epoch: 16, Batch: 2280, Acc: 24.06%, Loss: 1.7700
Epoch: 16, Batch: 2290, Acc: 24.06%, Loss: 1.7818
Epoch: 16, Batch: 2300, Acc: 24.06%, Loss: 1.8232
Epoch: 16, Batch: 2310, Acc: 24.06%, Loss: 1.7804
Epoch: 16, Batch: 2320, Acc: 24.08%, Loss: 1.7423
Epoch: 16, Batch: 2330, Acc: 24.10%, Loss: 1.7472
Epoch: 16, Batch: 2340, Acc: 24.10%, Loss: 1.7659
Epoch: 16, Batch: 2350, Acc: 24.10%, Loss: 1.7988
Epoch: 16, Batch: 2360, Acc: 24.09%, Loss: 1.8045
Epoch: 16, Batch: 2370, Acc: 24.09%, Loss: 1.8035
Epoch: 16, Batch: 2380, Acc: 24.09%, Loss: 1.7992
Epoch: 16, Batch: 2390, Acc: 24.08%, Loss: 1.8205
Epoch: 16, Batch: 2400, Acc: 24.09%, Loss: 1.7750
Epoch: 16, Batch: 2410, Acc: 24.09%, Loss: 1.8185
Epoch: 16, Batch: 2420, Acc: 24.10%, Loss: 1.7469
Epoch: 16, Batch: 2430, Acc: 24.11%, Loss: 1.7789
Epoch: 16, Batch: 2440, Acc: 24.11%, Loss: 1.7871
Epoch: 16, Batch: 2450, Acc: 24.12%, Loss: 1.7546
Epoch: 16, Batch: 2460, Acc: 24.12%, Loss: 1.8088
Epoch: 16, Batch: 2470, Acc: 24.12%, Loss: 1.7544
Epoch: 16, Batch: 2480, Acc: 24.12%, Loss: 1.7671
Epoch: 16, Batch: 2490, Acc: 24.12%, Loss: 1.8054
Epoch: 16, Batch: 2500, Acc: 24.12%, Loss: 1.8073
Epoch: 16, Batch: 2510, Acc: 24.12%, Loss: 1.7613
Epoch: 16, Batch: 2520, Acc: 24.12%, Loss: 1.8004
Epoch: 16, Batch: 2530, Acc: 24.12%, Loss: 1.7707
Epoch: 16, Batch: 2540, Acc: 24.12%, Loss: 1.7979
Epoch: 16, Batch: 2550, Acc: 24.12%, Loss: 1.7954
Epoch: 16, Batch: 2560, Acc: 24.12%, Loss: 1.8077
Epoch: 16, Batch: 2570, Acc: 24.13%, Loss: 1.7746
Epoch: 16, Batch: 2580, Acc: 24.13%, Loss: 1.7648
Epoch: 16, Batch: 2590, Acc: 24.13%, Loss: 1.7853
Epoch: 16, Batch: 2600, Acc: 24.13%, Loss: 1.8116
Epoch: 16, Batch: 2610, Acc: 24.13%, Loss: 1.7603
Epoch: 16, Batch: 2620, Acc: 24.12%, Loss: 1.8241
Epoch: 16, Batch: 2630, Acc: 24.13%, Loss: 1.8009
Epoch: 16, Batch: 2640, Acc: 24.13%, Loss: 1.7662
Epoch: 16, Batch: 2650, Acc: 24.13%, Loss: 1.7877
Epoch: 16, Batch: 2660, Acc: 24.12%, Loss: 1.8270
Epoch: 16, Batch: 2670, Acc: 24.12%, Loss: 1.7860
Epoch: 16, Batch: 2680, Acc: 24.11%, Loss: 1.8355
Epoch: 16, Batch: 2690, Acc: 24.11%, Loss: 1.7624
Epoch: 16, Batch: 2700, Acc: 24.12%, Loss: 1.7811
Epoch: 16, Batch: 2710, Acc: 24.11%, Loss: 1.8262
Epoch: 16, Batch: 2720, Acc: 24.11%, Loss: 1.7638
Epoch: 16, Batch: 2730, Acc: 24.12%, Loss: 1.7906
Epoch: 16, Batch: 2740, Acc: 24.12%, Loss: 1.7716
Epoch: 16, Batch: 2750, Acc: 24.11%, Loss: 1.8124
Epoch: 16, Batch: 2760, Acc: 24.11%, Loss: 1.8342
Epoch: 16, Batch: 2770, Acc: 24.10%, Loss: 1.7999
Epoch: 16, Batch: 2780, Acc: 24.10%, Loss: 1.8179
Epoch: 16, Batch: 2790, Acc: 24.08%, Loss: 1.8474
Epoch: 16, Batch: 2800, Acc: 24.08%, Loss: 1.7857
Epoch: 16, Batch: 2810, Acc: 24.08%, Loss: 1.8136
Epoch: 16, Batch: 2820, Acc: 24.07%, Loss: 1.7856
Epoch: 16, Batch: 2830, Acc: 24.08%, Loss: 1.7557
Epoch: 16, Batch: 2840, Acc: 24.07%, Loss: 1.8359
Epoch: 16, Batch: 2850, Acc: 24.08%, Loss: 1.7414
Epoch: 16, Batch: 2860, Acc: 24.08%, Loss: 1.8352
Epoch: 16, Batch: 2870, Acc: 24.09%, Loss: 1.7549
Epoch: 16, Batch: 2880, Acc: 24.09%, Loss: 1.8151
Accuracy on test set: 45.50%, Val loss: 2.2500
Epoch 16: train_loss=1.7917, val_acc=45.50, best_val_acc=45.53, es_counter=2
Epoch: 17, Batch: 10, Acc: 22.97%, Loss: 1.7747
Epoch: 17, Batch: 20, Acc: 23.05%, Loss: 1.8154
Epoch: 17, Batch: 30, Acc: 22.50%, Loss: 1.7974
Epoch: 17, Batch: 40, Acc: 22.85%, Loss: 1.7837
Epoch: 17, Batch: 50, Acc: 23.19%, Loss: 1.7973
Epoch: 17, Batch: 60, Acc: 23.31%, Loss: 1.7863
Epoch: 17, Batch: 70, Acc: 22.99%, Loss: 1.7805
Epoch: 17, Batch: 80, Acc: 22.81%, Loss: 1.8278
Epoch: 17, Batch: 90, Acc: 22.95%, Loss: 1.8222
Epoch: 17, Batch: 100, Acc: 23.02%, Loss: 1.8060
Epoch: 17, Batch: 110, Acc: 23.14%, Loss: 1.7856
Epoch: 17, Batch: 120, Acc: 22.90%, Loss: 1.8231
Epoch: 17, Batch: 130, Acc: 23.10%, Loss: 1.7814
Epoch: 17, Batch: 140, Acc: 23.17%, Loss: 1.8159
Epoch: 17, Batch: 150, Acc: 23.20%, Loss: 1.7708
Epoch: 17, Batch: 160, Acc: 23.13%, Loss: 1.8292
Epoch: 17, Batch: 170, Acc: 23.15%, Loss: 1.7739
Epoch: 17, Batch: 180, Acc: 23.28%, Loss: 1.7666
Epoch: 17, Batch: 190, Acc: 23.26%, Loss: 1.7972
Epoch: 17, Batch: 200, Acc: 23.26%, Loss: 1.7940
Epoch: 17, Batch: 210, Acc: 23.47%, Loss: 1.7264
Epoch: 17, Batch: 220, Acc: 23.53%, Loss: 1.7913
Epoch: 17, Batch: 230, Acc: 23.61%, Loss: 1.7659
Epoch: 17, Batch: 240, Acc: 23.64%, Loss: 1.7787
Epoch: 17, Batch: 250, Acc: 23.69%, Loss: 1.7683
Epoch: 17, Batch: 260, Acc: 23.56%, Loss: 1.7962
Epoch: 17, Batch: 270, Acc: 23.61%, Loss: 1.7661
Epoch: 17, Batch: 280, Acc: 23.62%, Loss: 1.7807
Epoch: 17, Batch: 290, Acc: 23.58%, Loss: 1.8068
Epoch: 17, Batch: 300, Acc: 23.60%, Loss: 1.7554
Epoch: 17, Batch: 310, Acc: 23.57%, Loss: 1.7723
Epoch: 17, Batch: 320, Acc: 23.62%, Loss: 1.7707
Epoch: 17, Batch: 330, Acc: 23.66%, Loss: 1.7796
Epoch: 17, Batch: 340, Acc: 23.58%, Loss: 1.8283
Epoch: 17, Batch: 350, Acc: 23.61%, Loss: 1.7972
Epoch: 17, Batch: 360, Acc: 23.60%, Loss: 1.7773
Epoch: 17, Batch: 370, Acc: 23.67%, Loss: 1.7732
Epoch: 17, Batch: 380, Acc: 23.64%, Loss: 1.8009
Epoch: 17, Batch: 390, Acc: 23.62%, Loss: 1.7701
Epoch: 17, Batch: 400, Acc: 23.63%, Loss: 1.8065
Epoch: 17, Batch: 410, Acc: 23.65%, Loss: 1.7784
Epoch: 17, Batch: 420, Acc: 23.68%, Loss: 1.7971
Epoch: 17, Batch: 430, Acc: 23.71%, Loss: 1.7635
Epoch: 17, Batch: 440, Acc: 23.70%, Loss: 1.7887
Epoch: 17, Batch: 450, Acc: 23.69%, Loss: 1.7773
Epoch: 17, Batch: 460, Acc: 23.66%, Loss: 1.8018
Epoch: 17, Batch: 470, Acc: 23.74%, Loss: 1.7501
Epoch: 17, Batch: 480, Acc: 23.66%, Loss: 1.8517
Epoch: 17, Batch: 490, Acc: 23.70%, Loss: 1.7664
Epoch: 17, Batch: 500, Acc: 23.73%, Loss: 1.7555
Epoch: 17, Batch: 510, Acc: 23.75%, Loss: 1.7973
Epoch: 17, Batch: 520, Acc: 23.79%, Loss: 1.7858
Epoch: 17, Batch: 530, Acc: 23.80%, Loss: 1.7855
Epoch: 17, Batch: 540, Acc: 23.87%, Loss: 1.7334
Epoch: 17, Batch: 550, Acc: 23.82%, Loss: 1.8155
Epoch: 17, Batch: 560, Acc: 23.83%, Loss: 1.7640
Epoch: 17, Batch: 570, Acc: 23.80%, Loss: 1.8057
Epoch: 17, Batch: 580, Acc: 23.76%, Loss: 1.8371
Epoch: 17, Batch: 590, Acc: 23.79%, Loss: 1.7940
Epoch: 17, Batch: 600, Acc: 23.83%, Loss: 1.7847
Epoch: 17, Batch: 610, Acc: 23.82%, Loss: 1.7851
Epoch: 17, Batch: 620, Acc: 23.88%, Loss: 1.7685
Epoch: 17, Batch: 630, Acc: 23.91%, Loss: 1.8110
Epoch: 17, Batch: 640, Acc: 23.91%, Loss: 1.8232
Epoch: 17, Batch: 650, Acc: 23.96%, Loss: 1.7335
Epoch: 17, Batch: 660, Acc: 23.93%, Loss: 1.8211
Epoch: 17, Batch: 670, Acc: 23.87%, Loss: 1.8494
Epoch: 17, Batch: 680, Acc: 23.84%, Loss: 1.8308
Epoch: 17, Batch: 690, Acc: 23.86%, Loss: 1.7837
Epoch: 17, Batch: 700, Acc: 23.86%, Loss: 1.7794
Epoch: 17, Batch: 710, Acc: 23.88%, Loss: 1.7890
Epoch: 17, Batch: 720, Acc: 23.88%, Loss: 1.8082
Epoch: 17, Batch: 730, Acc: 23.90%, Loss: 1.7823
Epoch: 17, Batch: 740, Acc: 23.90%, Loss: 1.8049
Epoch: 17, Batch: 750, Acc: 23.95%, Loss: 1.7858
Epoch: 17, Batch: 760, Acc: 23.96%, Loss: 1.7856
Epoch: 17, Batch: 770, Acc: 23.96%, Loss: 1.8213
Epoch: 17, Batch: 780, Acc: 23.98%, Loss: 1.7671
Epoch: 17, Batch: 790, Acc: 24.00%, Loss: 1.8011
Epoch: 17, Batch: 800, Acc: 24.03%, Loss: 1.7418
Epoch: 17, Batch: 810, Acc: 24.03%, Loss: 1.7660
Epoch: 17, Batch: 820, Acc: 24.05%, Loss: 1.7876
Epoch: 17, Batch: 830, Acc: 24.04%, Loss: 1.8062
Epoch: 17, Batch: 840, Acc: 24.03%, Loss: 1.7980
Epoch: 17, Batch: 850, Acc: 24.01%, Loss: 1.8240
Epoch: 17, Batch: 860, Acc: 24.00%, Loss: 1.8031
Epoch: 17, Batch: 870, Acc: 23.99%, Loss: 1.8366
Epoch: 17, Batch: 880, Acc: 23.98%, Loss: 1.7748
Epoch: 17, Batch: 890, Acc: 24.00%, Loss: 1.7865
Epoch: 17, Batch: 900, Acc: 24.03%, Loss: 1.7593
Epoch: 17, Batch: 910, Acc: 24.05%, Loss: 1.7826
Epoch: 17, Batch: 920, Acc: 24.03%, Loss: 1.8121
Epoch: 17, Batch: 930, Acc: 24.03%, Loss: 1.7900
Epoch: 17, Batch: 940, Acc: 24.04%, Loss: 1.7956
Epoch: 17, Batch: 950, Acc: 24.02%, Loss: 1.8137
Epoch: 17, Batch: 960, Acc: 24.03%, Loss: 1.7948
Epoch: 17, Batch: 970, Acc: 24.05%, Loss: 1.7913
Epoch: 17, Batch: 980, Acc: 24.02%, Loss: 1.8308
Epoch: 17, Batch: 990, Acc: 24.02%, Loss: 1.8070
Epoch: 17, Batch: 1000, Acc: 24.04%, Loss: 1.7557
Epoch: 17, Batch: 1010, Acc: 24.03%, Loss: 1.8201
Epoch: 17, Batch: 1020, Acc: 24.02%, Loss: 1.8195
Epoch: 17, Batch: 1030, Acc: 24.02%, Loss: 1.7802
Epoch: 17, Batch: 1040, Acc: 24.04%, Loss: 1.7547
Epoch: 17, Batch: 1050, Acc: 24.03%, Loss: 1.7956
Epoch: 17, Batch: 1060, Acc: 24.02%, Loss: 1.8085
Epoch: 17, Batch: 1070, Acc: 24.02%, Loss: 1.7954
Epoch: 17, Batch: 1080, Acc: 24.01%, Loss: 1.8053
Epoch: 17, Batch: 1090, Acc: 24.02%, Loss: 1.7820
Epoch: 17, Batch: 1100, Acc: 24.03%, Loss: 1.8011
Epoch: 17, Batch: 1110, Acc: 24.02%, Loss: 1.7853
Epoch: 17, Batch: 1120, Acc: 24.04%, Loss: 1.8004
Epoch: 17, Batch: 1130, Acc: 24.03%, Loss: 1.7936
Epoch: 17, Batch: 1140, Acc: 24.03%, Loss: 1.7728
Epoch: 17, Batch: 1150, Acc: 24.03%, Loss: 1.8155
Epoch: 17, Batch: 1160, Acc: 24.03%, Loss: 1.7830
Epoch: 17, Batch: 1170, Acc: 24.04%, Loss: 1.8008
Epoch: 17, Batch: 1180, Acc: 24.01%, Loss: 1.8400
Epoch: 17, Batch: 1190, Acc: 24.02%, Loss: 1.8113
Epoch: 17, Batch: 1200, Acc: 24.03%, Loss: 1.7791
Epoch: 17, Batch: 1210, Acc: 24.03%, Loss: 1.7727
Epoch: 17, Batch: 1220, Acc: 24.03%, Loss: 1.8503
Epoch: 17, Batch: 1230, Acc: 24.03%, Loss: 1.8165
Epoch: 17, Batch: 1240, Acc: 24.04%, Loss: 1.7635
Epoch: 17, Batch: 1250, Acc: 24.02%, Loss: 1.8373
Epoch: 17, Batch: 1260, Acc: 24.03%, Loss: 1.8023
Epoch: 17, Batch: 1270, Acc: 24.00%, Loss: 1.8274
Epoch: 17, Batch: 1280, Acc: 24.01%, Loss: 1.7637
Epoch: 17, Batch: 1290, Acc: 24.02%, Loss: 1.7836
Epoch: 17, Batch: 1300, Acc: 24.03%, Loss: 1.8023
Epoch: 17, Batch: 1310, Acc: 24.05%, Loss: 1.7820
Epoch: 17, Batch: 1320, Acc: 24.05%, Loss: 1.7894
Epoch: 17, Batch: 1330, Acc: 24.06%, Loss: 1.7778
Epoch: 17, Batch: 1340, Acc: 24.09%, Loss: 1.7544
Epoch: 17, Batch: 1350, Acc: 24.12%, Loss: 1.7549
Epoch: 17, Batch: 1360, Acc: 24.13%, Loss: 1.8000
Epoch: 17, Batch: 1370, Acc: 24.14%, Loss: 1.7739
Epoch: 17, Batch: 1380, Acc: 24.15%, Loss: 1.7843
Epoch: 17, Batch: 1390, Acc: 24.17%, Loss: 1.7962
Epoch: 17, Batch: 1400, Acc: 24.16%, Loss: 1.7877
Epoch: 17, Batch: 1410, Acc: 24.17%, Loss: 1.7849
Epoch: 17, Batch: 1420, Acc: 24.16%, Loss: 1.8110
Epoch: 17, Batch: 1430, Acc: 24.15%, Loss: 1.8013
Epoch: 17, Batch: 1440, Acc: 24.17%, Loss: 1.7772
Epoch: 17, Batch: 1450, Acc: 24.19%, Loss: 1.7642
Epoch: 17, Batch: 1460, Acc: 24.18%, Loss: 1.8177
Epoch: 17, Batch: 1470, Acc: 24.18%, Loss: 1.7932
Epoch: 17, Batch: 1480, Acc: 24.18%, Loss: 1.7921
Epoch: 17, Batch: 1490, Acc: 24.19%, Loss: 1.7619
Epoch: 17, Batch: 1500, Acc: 24.19%, Loss: 1.8062
Epoch: 17, Batch: 1510, Acc: 24.20%, Loss: 1.7941
Epoch: 17, Batch: 1520, Acc: 24.21%, Loss: 1.7914
Epoch: 17, Batch: 1530, Acc: 24.21%, Loss: 1.7638
Epoch: 17, Batch: 1540, Acc: 24.22%, Loss: 1.7508
Epoch: 17, Batch: 1550, Acc: 24.20%, Loss: 1.8250
Epoch: 17, Batch: 1560, Acc: 24.19%, Loss: 1.8028
Epoch: 17, Batch: 1570, Acc: 24.19%, Loss: 1.8031
Epoch: 17, Batch: 1580, Acc: 24.16%, Loss: 1.8525
Epoch: 17, Batch: 1590, Acc: 24.14%, Loss: 1.8389
Epoch: 17, Batch: 1600, Acc: 24.15%, Loss: 1.7699
Epoch: 17, Batch: 1610, Acc: 24.15%, Loss: 1.7955
Epoch: 17, Batch: 1620, Acc: 24.14%, Loss: 1.8153
Epoch: 17, Batch: 1630, Acc: 24.15%, Loss: 1.7721
Epoch: 17, Batch: 1640, Acc: 24.14%, Loss: 1.7988
Epoch: 17, Batch: 1650, Acc: 24.16%, Loss: 1.7527
Epoch: 17, Batch: 1660, Acc: 24.15%, Loss: 1.7989
Epoch: 17, Batch: 1670, Acc: 24.16%, Loss: 1.7747
Epoch: 17, Batch: 1680, Acc: 24.15%, Loss: 1.7880
Epoch: 17, Batch: 1690, Acc: 24.16%, Loss: 1.7982
Epoch: 17, Batch: 1700, Acc: 24.17%, Loss: 1.7778
Epoch: 17, Batch: 1710, Acc: 24.17%, Loss: 1.7569
Epoch: 17, Batch: 1720, Acc: 24.18%, Loss: 1.7866
Epoch: 17, Batch: 1730, Acc: 24.18%, Loss: 1.8003
Epoch: 17, Batch: 1740, Acc: 24.19%, Loss: 1.7734
Epoch: 17, Batch: 1750, Acc: 24.18%, Loss: 1.8311
Epoch: 17, Batch: 1760, Acc: 24.19%, Loss: 1.7655
Epoch: 17, Batch: 1770, Acc: 24.19%, Loss: 1.7913
Epoch: 17, Batch: 1780, Acc: 24.19%, Loss: 1.7270
Epoch: 17, Batch: 1790, Acc: 24.18%, Loss: 1.8087
Epoch: 17, Batch: 1800, Acc: 24.19%, Loss: 1.7929
Epoch: 17, Batch: 1810, Acc: 24.19%, Loss: 1.8182
Epoch: 17, Batch: 1820, Acc: 24.20%, Loss: 1.7621
Epoch: 17, Batch: 1830, Acc: 24.20%, Loss: 1.7746
Epoch: 17, Batch: 1840, Acc: 24.19%, Loss: 1.8110
Epoch: 17, Batch: 1850, Acc: 24.19%, Loss: 1.8041
Epoch: 17, Batch: 1860, Acc: 24.19%, Loss: 1.7824
Epoch: 17, Batch: 1870, Acc: 24.18%, Loss: 1.8100
Epoch: 17, Batch: 1880, Acc: 24.17%, Loss: 1.8311
Epoch: 17, Batch: 1890, Acc: 24.16%, Loss: 1.8430
Epoch: 17, Batch: 1900, Acc: 24.16%, Loss: 1.7507
Epoch: 17, Batch: 1910, Acc: 24.16%, Loss: 1.7997
Epoch: 17, Batch: 1920, Acc: 24.17%, Loss: 1.7595
Epoch: 17, Batch: 1930, Acc: 24.17%, Loss: 1.8001
Epoch: 17, Batch: 1940, Acc: 24.16%, Loss: 1.7894
Epoch: 17, Batch: 1950, Acc: 24.16%, Loss: 1.8087
Epoch: 17, Batch: 1960, Acc: 24.17%, Loss: 1.7724
Epoch: 17, Batch: 1970, Acc: 24.18%, Loss: 1.7693
Epoch: 17, Batch: 1980, Acc: 24.17%, Loss: 1.7639
Epoch: 17, Batch: 1990, Acc: 24.17%, Loss: 1.7824
Epoch: 17, Batch: 2000, Acc: 24.18%, Loss: 1.7774
Epoch: 17, Batch: 2010, Acc: 24.19%, Loss: 1.7746
Epoch: 17, Batch: 2020, Acc: 24.19%, Loss: 1.7579
Epoch: 17, Batch: 2030, Acc: 24.19%, Loss: 1.8110
Epoch: 17, Batch: 2040, Acc: 24.19%, Loss: 1.8014
Epoch: 17, Batch: 2050, Acc: 24.20%, Loss: 1.7585
Epoch: 17, Batch: 2060, Acc: 24.19%, Loss: 1.8067
Epoch: 17, Batch: 2070, Acc: 24.20%, Loss: 1.7742
Epoch: 17, Batch: 2080, Acc: 24.20%, Loss: 1.7577
Epoch: 17, Batch: 2090, Acc: 24.19%, Loss: 1.7690
Epoch: 17, Batch: 2100, Acc: 24.19%, Loss: 1.8248
Epoch: 17, Batch: 2110, Acc: 24.20%, Loss: 1.7785
Epoch: 17, Batch: 2120, Acc: 24.20%, Loss: 1.8073
Epoch: 17, Batch: 2130, Acc: 24.19%, Loss: 1.8198
Epoch: 17, Batch: 2140, Acc: 24.18%, Loss: 1.8276
Epoch: 17, Batch: 2150, Acc: 24.18%, Loss: 1.7942
Epoch: 17, Batch: 2160, Acc: 24.18%, Loss: 1.7981
Epoch: 17, Batch: 2170, Acc: 24.19%, Loss: 1.7917
Epoch: 17, Batch: 2180, Acc: 24.18%, Loss: 1.8287
Epoch: 17, Batch: 2190, Acc: 24.18%, Loss: 1.7797
Epoch: 17, Batch: 2200, Acc: 24.19%, Loss: 1.7630
Epoch: 17, Batch: 2210, Acc: 24.19%, Loss: 1.7976
Epoch: 17, Batch: 2220, Acc: 24.19%, Loss: 1.7929
Epoch: 17, Batch: 2230, Acc: 24.19%, Loss: 1.7559
Epoch: 17, Batch: 2240, Acc: 24.18%, Loss: 1.8079
Epoch: 17, Batch: 2250, Acc: 24.19%, Loss: 1.7541
Epoch: 17, Batch: 2260, Acc: 24.19%, Loss: 1.7926
Epoch: 17, Batch: 2270, Acc: 24.19%, Loss: 1.7587
Epoch: 17, Batch: 2280, Acc: 24.18%, Loss: 1.7948
Epoch: 17, Batch: 2290, Acc: 24.18%, Loss: 1.8136
Epoch: 17, Batch: 2300, Acc: 24.17%, Loss: 1.7986
Epoch: 17, Batch: 2310, Acc: 24.17%, Loss: 1.8133
Epoch: 17, Batch: 2320, Acc: 24.18%, Loss: 1.8152
Epoch: 17, Batch: 2330, Acc: 24.18%, Loss: 1.7721
Epoch: 17, Batch: 2340, Acc: 24.17%, Loss: 1.8321
Epoch: 17, Batch: 2350, Acc: 24.18%, Loss: 1.7687
Epoch: 17, Batch: 2360, Acc: 24.17%, Loss: 1.7969
Epoch: 17, Batch: 2370, Acc: 24.17%, Loss: 1.7845
Epoch: 17, Batch: 2380, Acc: 24.17%, Loss: 1.7825
Epoch: 17, Batch: 2390, Acc: 24.16%, Loss: 1.8435
Epoch: 17, Batch: 2400, Acc: 24.15%, Loss: 1.8068
Epoch: 17, Batch: 2410, Acc: 24.16%, Loss: 1.7715
Epoch: 17, Batch: 2420, Acc: 24.16%, Loss: 1.8034
Epoch: 17, Batch: 2430, Acc: 24.17%, Loss: 1.7316
Epoch: 17, Batch: 2440, Acc: 24.16%, Loss: 1.8035
Epoch: 17, Batch: 2450, Acc: 24.17%, Loss: 1.7839
Epoch: 17, Batch: 2460, Acc: 24.18%, Loss: 1.7930
Epoch: 17, Batch: 2470, Acc: 24.17%, Loss: 1.7822
Epoch: 17, Batch: 2480, Acc: 24.17%, Loss: 1.8008
Epoch: 17, Batch: 2490, Acc: 24.17%, Loss: 1.7901
Epoch: 17, Batch: 2500, Acc: 24.16%, Loss: 1.7903
Epoch: 17, Batch: 2510, Acc: 24.16%, Loss: 1.8296
Epoch: 17, Batch: 2520, Acc: 24.15%, Loss: 1.8056
Epoch: 17, Batch: 2530, Acc: 24.14%, Loss: 1.8103
Epoch: 17, Batch: 2540, Acc: 24.14%, Loss: 1.7777
Epoch: 17, Batch: 2550, Acc: 24.14%, Loss: 1.8027
Epoch: 17, Batch: 2560, Acc: 24.14%, Loss: 1.7671
Epoch: 17, Batch: 2570, Acc: 24.14%, Loss: 1.7798
Epoch: 17, Batch: 2580, Acc: 24.14%, Loss: 1.8109
Epoch: 17, Batch: 2590, Acc: 24.13%, Loss: 1.8288
Epoch: 17, Batch: 2600, Acc: 24.15%, Loss: 1.7053
Epoch: 17, Batch: 2610, Acc: 24.16%, Loss: 1.7609
Epoch: 17, Batch: 2620, Acc: 24.16%, Loss: 1.7986
Epoch: 17, Batch: 2630, Acc: 24.16%, Loss: 1.8157
Epoch: 17, Batch: 2640, Acc: 24.16%, Loss: 1.8098
Epoch: 17, Batch: 2650, Acc: 24.16%, Loss: 1.7808
Epoch: 17, Batch: 2660, Acc: 24.15%, Loss: 1.8144
Epoch: 17, Batch: 2670, Acc: 24.15%, Loss: 1.8130
Epoch: 17, Batch: 2680, Acc: 24.16%, Loss: 1.7440
Epoch: 17, Batch: 2690, Acc: 24.17%, Loss: 1.7883
Epoch: 17, Batch: 2700, Acc: 24.16%, Loss: 1.8256
Epoch: 17, Batch: 2710, Acc: 24.16%, Loss: 1.7684
Epoch: 17, Batch: 2720, Acc: 24.16%, Loss: 1.7912
Epoch: 17, Batch: 2730, Acc: 24.16%, Loss: 1.8031
Epoch: 17, Batch: 2740, Acc: 24.16%, Loss: 1.8309
Epoch: 17, Batch: 2750, Acc: 24.16%, Loss: 1.7985
Epoch: 17, Batch: 2760, Acc: 24.17%, Loss: 1.7957
Epoch: 17, Batch: 2770, Acc: 24.18%, Loss: 1.7628
Epoch: 17, Batch: 2780, Acc: 24.18%, Loss: 1.7622
Epoch: 17, Batch: 2790, Acc: 24.18%, Loss: 1.7989
Epoch: 17, Batch: 2800, Acc: 24.18%, Loss: 1.7771
Epoch: 17, Batch: 2810, Acc: 24.18%, Loss: 1.7603
Epoch: 17, Batch: 2820, Acc: 24.18%, Loss: 1.7767
Epoch: 17, Batch: 2830, Acc: 24.19%, Loss: 1.7571
Epoch: 17, Batch: 2840, Acc: 24.19%, Loss: 1.7851
Epoch: 17, Batch: 2850, Acc: 24.19%, Loss: 1.7891
Epoch: 17, Batch: 2860, Acc: 24.18%, Loss: 1.7855
Epoch: 17, Batch: 2870, Acc: 24.18%, Loss: 1.8382
Epoch: 17, Batch: 2880, Acc: 24.18%, Loss: 1.7924
Accuracy on test set: 45.56%, Val loss: 2.2483
Epoch 17: train_loss=1.7912, val_acc=45.56, best_val_acc=45.56, es_counter=0
Epoch: 18, Batch: 10, Acc: 21.72%, Loss: 1.8094
Epoch: 18, Batch: 20, Acc: 22.89%, Loss: 1.8155
Epoch: 18, Batch: 30, Acc: 23.54%, Loss: 1.8114
Epoch: 18, Batch: 40, Acc: 23.83%, Loss: 1.7947
Epoch: 18, Batch: 50, Acc: 23.66%, Loss: 1.8148
Epoch: 18, Batch: 60, Acc: 24.17%, Loss: 1.7440
Epoch: 18, Batch: 70, Acc: 23.91%, Loss: 1.8311
Epoch: 18, Batch: 80, Acc: 24.28%, Loss: 1.7828
Epoch: 18, Batch: 90, Acc: 24.29%, Loss: 1.8077
Epoch: 18, Batch: 100, Acc: 24.50%, Loss: 1.7479
Epoch: 18, Batch: 110, Acc: 24.70%, Loss: 1.7574
Epoch: 18, Batch: 120, Acc: 24.66%, Loss: 1.7700
Epoch: 18, Batch: 130, Acc: 24.59%, Loss: 1.8275
Epoch: 18, Batch: 140, Acc: 24.62%, Loss: 1.7839
Epoch: 18, Batch: 150, Acc: 24.51%, Loss: 1.8157
Epoch: 18, Batch: 160, Acc: 24.39%, Loss: 1.7973
Epoch: 18, Batch: 170, Acc: 24.43%, Loss: 1.7744
Epoch: 18, Batch: 180, Acc: 24.34%, Loss: 1.8030
Epoch: 18, Batch: 190, Acc: 24.38%, Loss: 1.7744
Epoch: 18, Batch: 200, Acc: 24.47%, Loss: 1.7647
Epoch: 18, Batch: 210, Acc: 24.62%, Loss: 1.7556
Epoch: 18, Batch: 220, Acc: 24.57%, Loss: 1.8399
Epoch: 18, Batch: 230, Acc: 24.62%, Loss: 1.7466
Epoch: 18, Batch: 240, Acc: 24.58%, Loss: 1.8044
Epoch: 18, Batch: 250, Acc: 24.49%, Loss: 1.8340
Epoch: 18, Batch: 260, Acc: 24.47%, Loss: 1.8073
Epoch: 18, Batch: 270, Acc: 24.48%, Loss: 1.7770
Epoch: 18, Batch: 280, Acc: 24.42%, Loss: 1.7909
Epoch: 18, Batch: 290, Acc: 24.50%, Loss: 1.7544
Epoch: 18, Batch: 300, Acc: 24.49%, Loss: 1.7728
Epoch: 18, Batch: 310, Acc: 24.53%, Loss: 1.7699
Epoch: 18, Batch: 320, Acc: 24.58%, Loss: 1.7526
Epoch: 18, Batch: 330, Acc: 24.57%, Loss: 1.7979
Epoch: 18, Batch: 340, Acc: 24.54%, Loss: 1.7838
Epoch: 18, Batch: 350, Acc: 24.56%, Loss: 1.7541
Epoch: 18, Batch: 360, Acc: 24.59%, Loss: 1.7666
Epoch: 18, Batch: 370, Acc: 24.53%, Loss: 1.8087
Epoch: 18, Batch: 380, Acc: 24.44%, Loss: 1.8051
Epoch: 18, Batch: 390, Acc: 24.39%, Loss: 1.8086
Epoch: 18, Batch: 400, Acc: 24.36%, Loss: 1.8097
Epoch: 18, Batch: 410, Acc: 24.28%, Loss: 1.8054
Epoch: 18, Batch: 420, Acc: 24.30%, Loss: 1.7762
Epoch: 18, Batch: 430, Acc: 24.26%, Loss: 1.8049
Epoch: 18, Batch: 440, Acc: 24.24%, Loss: 1.7866
Epoch: 18, Batch: 450, Acc: 24.18%, Loss: 1.8073
Epoch: 18, Batch: 460, Acc: 24.12%, Loss: 1.8192
Epoch: 18, Batch: 470, Acc: 24.16%, Loss: 1.7748
Epoch: 18, Batch: 480, Acc: 24.13%, Loss: 1.7999
Epoch: 18, Batch: 490, Acc: 24.15%, Loss: 1.7841
Epoch: 18, Batch: 500, Acc: 24.16%, Loss: 1.7928
Epoch: 18, Batch: 510, Acc: 24.17%, Loss: 1.7816
Epoch: 18, Batch: 520, Acc: 24.22%, Loss: 1.7643
Epoch: 18, Batch: 530, Acc: 24.22%, Loss: 1.7750
Epoch: 18, Batch: 540, Acc: 24.21%, Loss: 1.7885
Epoch: 18, Batch: 550, Acc: 24.19%, Loss: 1.7808
Epoch: 18, Batch: 560, Acc: 24.17%, Loss: 1.7805
Epoch: 18, Batch: 570, Acc: 24.14%, Loss: 1.8209
Epoch: 18, Batch: 580, Acc: 24.13%, Loss: 1.8029
Epoch: 18, Batch: 590, Acc: 24.14%, Loss: 1.7658
Epoch: 18, Batch: 600, Acc: 24.12%, Loss: 1.8077
Epoch: 18, Batch: 610, Acc: 24.09%, Loss: 1.8357
Epoch: 18, Batch: 620, Acc: 24.10%, Loss: 1.7949
Epoch: 18, Batch: 630, Acc: 24.10%, Loss: 1.7719
Epoch: 18, Batch: 640, Acc: 24.14%, Loss: 1.7491
Epoch: 18, Batch: 650, Acc: 24.13%, Loss: 1.7845
Epoch: 18, Batch: 660, Acc: 24.13%, Loss: 1.7751
Epoch: 18, Batch: 670, Acc: 24.14%, Loss: 1.8206
Epoch: 18, Batch: 680, Acc: 24.14%, Loss: 1.7996
Epoch: 18, Batch: 690, Acc: 24.16%, Loss: 1.7304
Epoch: 18, Batch: 700, Acc: 24.13%, Loss: 1.8333
Epoch: 18, Batch: 710, Acc: 24.19%, Loss: 1.7598
Epoch: 18, Batch: 720, Acc: 24.20%, Loss: 1.7907
Epoch: 18, Batch: 730, Acc: 24.19%, Loss: 1.7842
Epoch: 18, Batch: 740, Acc: 24.20%, Loss: 1.7645
Epoch: 18, Batch: 750, Acc: 24.24%, Loss: 1.7531
Epoch: 18, Batch: 760, Acc: 24.22%, Loss: 1.7863
Epoch: 18, Batch: 770, Acc: 24.23%, Loss: 1.7356
Epoch: 18, Batch: 780, Acc: 24.24%, Loss: 1.7796
Epoch: 18, Batch: 790, Acc: 24.25%, Loss: 1.7446
Epoch: 18, Batch: 800, Acc: 24.23%, Loss: 1.8298
Epoch: 18, Batch: 810, Acc: 24.22%, Loss: 1.7889
Epoch: 18, Batch: 820, Acc: 24.22%, Loss: 1.7705
Epoch: 18, Batch: 830, Acc: 24.20%, Loss: 1.7985
Epoch: 18, Batch: 840, Acc: 24.21%, Loss: 1.7801
Epoch: 18, Batch: 850, Acc: 24.23%, Loss: 1.7727
Epoch: 18, Batch: 860, Acc: 24.21%, Loss: 1.8386
Epoch: 18, Batch: 870, Acc: 24.23%, Loss: 1.7726
Epoch: 18, Batch: 880, Acc: 24.26%, Loss: 1.7721
Epoch: 18, Batch: 890, Acc: 24.24%, Loss: 1.8147
Epoch: 18, Batch: 900, Acc: 24.24%, Loss: 1.7570
Epoch: 18, Batch: 910, Acc: 24.23%, Loss: 1.7773
Epoch: 18, Batch: 920, Acc: 24.25%, Loss: 1.7171
Epoch: 18, Batch: 930, Acc: 24.26%, Loss: 1.8046
Epoch: 18, Batch: 940, Acc: 24.31%, Loss: 1.7363
Epoch: 18, Batch: 950, Acc: 24.31%, Loss: 1.7719
Epoch: 18, Batch: 960, Acc: 24.28%, Loss: 1.8297
Epoch: 18, Batch: 970, Acc: 24.28%, Loss: 1.8250
Epoch: 18, Batch: 980, Acc: 24.27%, Loss: 1.7790
Epoch: 18, Batch: 990, Acc: 24.28%, Loss: 1.7517
Epoch: 18, Batch: 1000, Acc: 24.27%, Loss: 1.7807
Epoch: 18, Batch: 1010, Acc: 24.26%, Loss: 1.7979
Epoch: 18, Batch: 1020, Acc: 24.27%, Loss: 1.8010
Epoch: 18, Batch: 1030, Acc: 24.25%, Loss: 1.8074
Epoch: 18, Batch: 1040, Acc: 24.22%, Loss: 1.8233
Epoch: 18, Batch: 1050, Acc: 24.24%, Loss: 1.7941
Epoch: 18, Batch: 1060, Acc: 24.20%, Loss: 1.8405
Epoch: 18, Batch: 1070, Acc: 24.18%, Loss: 1.8078
Epoch: 18, Batch: 1080, Acc: 24.16%, Loss: 1.8119
Epoch: 18, Batch: 1090, Acc: 24.15%, Loss: 1.7946
Epoch: 18, Batch: 1100, Acc: 24.16%, Loss: 1.7669
Epoch: 18, Batch: 1110, Acc: 24.15%, Loss: 1.8088
Epoch: 18, Batch: 1120, Acc: 24.15%, Loss: 1.7582
Epoch: 18, Batch: 1130, Acc: 24.14%, Loss: 1.8051
Epoch: 18, Batch: 1140, Acc: 24.16%, Loss: 1.7959
Epoch: 18, Batch: 1150, Acc: 24.15%, Loss: 1.8160
Epoch: 18, Batch: 1160, Acc: 24.15%, Loss: 1.8017
Epoch: 18, Batch: 1170, Acc: 24.15%, Loss: 1.7680
Epoch: 18, Batch: 1180, Acc: 24.18%, Loss: 1.7385
Epoch: 18, Batch: 1190, Acc: 24.17%, Loss: 1.8542
Epoch: 18, Batch: 1200, Acc: 24.17%, Loss: 1.8136
Epoch: 18, Batch: 1210, Acc: 24.17%, Loss: 1.7921
Epoch: 18, Batch: 1220, Acc: 24.15%, Loss: 1.8261
Epoch: 18, Batch: 1230, Acc: 24.14%, Loss: 1.7897
Epoch: 18, Batch: 1240, Acc: 24.15%, Loss: 1.7770
Epoch: 18, Batch: 1250, Acc: 24.16%, Loss: 1.7865
Epoch: 18, Batch: 1260, Acc: 24.14%, Loss: 1.8116
Epoch: 18, Batch: 1270, Acc: 24.14%, Loss: 1.8089
Epoch: 18, Batch: 1280, Acc: 24.14%, Loss: 1.7945
Epoch: 18, Batch: 1290, Acc: 24.16%, Loss: 1.7755
Epoch: 18, Batch: 1300, Acc: 24.15%, Loss: 1.8041
Epoch: 18, Batch: 1310, Acc: 24.15%, Loss: 1.7763
Epoch: 18, Batch: 1320, Acc: 24.14%, Loss: 1.8046
Epoch: 18, Batch: 1330, Acc: 24.14%, Loss: 1.8007
Epoch: 18, Batch: 1340, Acc: 24.16%, Loss: 1.7567
Epoch: 18, Batch: 1350, Acc: 24.14%, Loss: 1.8395
Epoch: 18, Batch: 1360, Acc: 24.17%, Loss: 1.7498
Epoch: 18, Batch: 1370, Acc: 24.16%, Loss: 1.7783
Epoch: 18, Batch: 1380, Acc: 24.16%, Loss: 1.7929
Epoch: 18, Batch: 1390, Acc: 24.16%, Loss: 1.8050
Epoch: 18, Batch: 1400, Acc: 24.15%, Loss: 1.8072
Epoch: 18, Batch: 1410, Acc: 24.14%, Loss: 1.7898
Epoch: 18, Batch: 1420, Acc: 24.15%, Loss: 1.7624
Epoch: 18, Batch: 1430, Acc: 24.14%, Loss: 1.8059
Epoch: 18, Batch: 1440, Acc: 24.16%, Loss: 1.7673
Epoch: 18, Batch: 1450, Acc: 24.15%, Loss: 1.7988
Epoch: 18, Batch: 1460, Acc: 24.15%, Loss: 1.8219
Epoch: 18, Batch: 1470, Acc: 24.14%, Loss: 1.7928
Epoch: 18, Batch: 1480, Acc: 24.15%, Loss: 1.7697
Epoch: 18, Batch: 1490, Acc: 24.14%, Loss: 1.7814
Epoch: 18, Batch: 1500, Acc: 24.17%, Loss: 1.7377
Epoch: 18, Batch: 1510, Acc: 24.15%, Loss: 1.8229
Epoch: 18, Batch: 1520, Acc: 24.16%, Loss: 1.7934
Epoch: 18, Batch: 1530, Acc: 24.16%, Loss: 1.8076
Epoch: 18, Batch: 1540, Acc: 24.15%, Loss: 1.8029
Epoch: 18, Batch: 1550, Acc: 24.14%, Loss: 1.8128
Epoch: 18, Batch: 1560, Acc: 24.15%, Loss: 1.7610
Epoch: 18, Batch: 1570, Acc: 24.15%, Loss: 1.8193
Epoch: 18, Batch: 1580, Acc: 24.12%, Loss: 1.8733
Epoch: 18, Batch: 1590, Acc: 24.13%, Loss: 1.8038
Epoch: 18, Batch: 1600, Acc: 24.13%, Loss: 1.7821
Epoch: 18, Batch: 1610, Acc: 24.14%, Loss: 1.7784
Epoch: 18, Batch: 1620, Acc: 24.13%, Loss: 1.8070
Epoch: 18, Batch: 1630, Acc: 24.12%, Loss: 1.8024
Epoch: 18, Batch: 1640, Acc: 24.12%, Loss: 1.7856
Epoch: 18, Batch: 1650, Acc: 24.11%, Loss: 1.8376
Epoch: 18, Batch: 1660, Acc: 24.10%, Loss: 1.8270
Epoch: 18, Batch: 1670, Acc: 24.10%, Loss: 1.8128
Epoch: 18, Batch: 1680, Acc: 24.08%, Loss: 1.8232
Epoch: 18, Batch: 1690, Acc: 24.10%, Loss: 1.7699
Epoch: 18, Batch: 1700, Acc: 24.11%, Loss: 1.7584
Epoch: 18, Batch: 1710, Acc: 24.11%, Loss: 1.7498
Epoch: 18, Batch: 1720, Acc: 24.10%, Loss: 1.7813
Epoch: 18, Batch: 1730, Acc: 24.09%, Loss: 1.8094
Epoch: 18, Batch: 1740, Acc: 24.09%, Loss: 1.7529
Epoch: 18, Batch: 1750, Acc: 24.09%, Loss: 1.8062
Epoch: 18, Batch: 1760, Acc: 24.10%, Loss: 1.8090
Epoch: 18, Batch: 1770, Acc: 24.10%, Loss: 1.7719
Epoch: 18, Batch: 1780, Acc: 24.10%, Loss: 1.7936
Epoch: 18, Batch: 1790, Acc: 24.11%, Loss: 1.8067
Epoch: 18, Batch: 1800, Acc: 24.12%, Loss: 1.7688
Epoch: 18, Batch: 1810, Acc: 24.10%, Loss: 1.8310
Epoch: 18, Batch: 1820, Acc: 24.12%, Loss: 1.7761
Epoch: 18, Batch: 1830, Acc: 24.12%, Loss: 1.7739
Epoch: 18, Batch: 1840, Acc: 24.13%, Loss: 1.7830
Epoch: 18, Batch: 1850, Acc: 24.13%, Loss: 1.7645
Epoch: 18, Batch: 1860, Acc: 24.13%, Loss: 1.7944
Epoch: 18, Batch: 1870, Acc: 24.13%, Loss: 1.7606
Epoch: 18, Batch: 1880, Acc: 24.12%, Loss: 1.8147
Epoch: 18, Batch: 1890, Acc: 24.14%, Loss: 1.7527
Epoch: 18, Batch: 1900, Acc: 24.13%, Loss: 1.8286
Epoch: 18, Batch: 1910, Acc: 24.13%, Loss: 1.7921
Epoch: 18, Batch: 1920, Acc: 24.13%, Loss: 1.7771
Epoch: 18, Batch: 1930, Acc: 24.14%, Loss: 1.7727
Epoch: 18, Batch: 1940, Acc: 24.15%, Loss: 1.7592
Epoch: 18, Batch: 1950, Acc: 24.15%, Loss: 1.8035
Epoch: 18, Batch: 1960, Acc: 24.14%, Loss: 1.7747
Epoch: 18, Batch: 1970, Acc: 24.14%, Loss: 1.8082
Epoch: 18, Batch: 1980, Acc: 24.16%, Loss: 1.7664
Epoch: 18, Batch: 1990, Acc: 24.15%, Loss: 1.8060
Epoch: 18, Batch: 2000, Acc: 24.16%, Loss: 1.7823
Epoch: 18, Batch: 2010, Acc: 24.17%, Loss: 1.7565
Epoch: 18, Batch: 2020, Acc: 24.16%, Loss: 1.8055
Epoch: 18, Batch: 2030, Acc: 24.16%, Loss: 1.8093
Epoch: 18, Batch: 2040, Acc: 24.16%, Loss: 1.7782
Epoch: 18, Batch: 2050, Acc: 24.14%, Loss: 1.8190
Epoch: 18, Batch: 2060, Acc: 24.14%, Loss: 1.8155
Epoch: 18, Batch: 2070, Acc: 24.14%, Loss: 1.8035
Epoch: 18, Batch: 2080, Acc: 24.14%, Loss: 1.7867
Epoch: 18, Batch: 2090, Acc: 24.14%, Loss: 1.7809
Epoch: 18, Batch: 2100, Acc: 24.14%, Loss: 1.8229
Epoch: 18, Batch: 2110, Acc: 24.14%, Loss: 1.7746
Epoch: 18, Batch: 2120, Acc: 24.14%, Loss: 1.7690
Epoch: 18, Batch: 2130, Acc: 24.13%, Loss: 1.8089
Epoch: 18, Batch: 2140, Acc: 24.12%, Loss: 1.8265
Epoch: 18, Batch: 2150, Acc: 24.13%, Loss: 1.7999
Epoch: 18, Batch: 2160, Acc: 24.13%, Loss: 1.8008
Epoch: 18, Batch: 2170, Acc: 24.13%, Loss: 1.7778
Epoch: 18, Batch: 2180, Acc: 24.12%, Loss: 1.8302
Epoch: 18, Batch: 2190, Acc: 24.12%, Loss: 1.7709
Epoch: 18, Batch: 2200, Acc: 24.12%, Loss: 1.7945
Epoch: 18, Batch: 2210, Acc: 24.13%, Loss: 1.7469
Epoch: 18, Batch: 2220, Acc: 24.11%, Loss: 1.8244
Epoch: 18, Batch: 2230, Acc: 24.11%, Loss: 1.8228
Epoch: 18, Batch: 2240, Acc: 24.11%, Loss: 1.7926
Epoch: 18, Batch: 2250, Acc: 24.11%, Loss: 1.7992
Epoch: 18, Batch: 2260, Acc: 24.12%, Loss: 1.7538
Epoch: 18, Batch: 2270, Acc: 24.12%, Loss: 1.7796
Epoch: 18, Batch: 2280, Acc: 24.11%, Loss: 1.8344
Epoch: 18, Batch: 2290, Acc: 24.11%, Loss: 1.7308
Epoch: 18, Batch: 2300, Acc: 24.14%, Loss: 1.7269
Epoch: 18, Batch: 2310, Acc: 24.14%, Loss: 1.7937
Epoch: 18, Batch: 2320, Acc: 24.15%, Loss: 1.7774
Epoch: 18, Batch: 2330, Acc: 24.16%, Loss: 1.7838
Epoch: 18, Batch: 2340, Acc: 24.17%, Loss: 1.7805
Epoch: 18, Batch: 2350, Acc: 24.17%, Loss: 1.7757
Epoch: 18, Batch: 2360, Acc: 24.16%, Loss: 1.8141
Epoch: 18, Batch: 2370, Acc: 24.17%, Loss: 1.7672
Epoch: 18, Batch: 2380, Acc: 24.18%, Loss: 1.7933
Epoch: 18, Batch: 2390, Acc: 24.18%, Loss: 1.7953
Epoch: 18, Batch: 2400, Acc: 24.18%, Loss: 1.7937
Epoch: 18, Batch: 2410, Acc: 24.19%, Loss: 1.7507
Epoch: 18, Batch: 2420, Acc: 24.18%, Loss: 1.7957
Epoch: 18, Batch: 2430, Acc: 24.18%, Loss: 1.7811
Epoch: 18, Batch: 2440, Acc: 24.17%, Loss: 1.8279
Epoch: 18, Batch: 2450, Acc: 24.17%, Loss: 1.7971
Epoch: 18, Batch: 2460, Acc: 24.17%, Loss: 1.7731
Epoch: 18, Batch: 2470, Acc: 24.18%, Loss: 1.8225
Epoch: 18, Batch: 2480, Acc: 24.18%, Loss: 1.7680
Epoch: 18, Batch: 2490, Acc: 24.19%, Loss: 1.7445
Epoch: 18, Batch: 2500, Acc: 24.18%, Loss: 1.8055
Epoch: 18, Batch: 2510, Acc: 24.18%, Loss: 1.8138
Epoch: 18, Batch: 2520, Acc: 24.19%, Loss: 1.7727
Epoch: 18, Batch: 2530, Acc: 24.20%, Loss: 1.7632
Epoch: 18, Batch: 2540, Acc: 24.19%, Loss: 1.8308
Epoch: 18, Batch: 2550, Acc: 24.19%, Loss: 1.7954
Epoch: 18, Batch: 2560, Acc: 24.19%, Loss: 1.8242
Epoch: 18, Batch: 2570, Acc: 24.18%, Loss: 1.7878
Epoch: 18, Batch: 2580, Acc: 24.19%, Loss: 1.7768
Epoch: 18, Batch: 2590, Acc: 24.18%, Loss: 1.8102
Epoch: 18, Batch: 2600, Acc: 24.17%, Loss: 1.7862
Epoch: 18, Batch: 2610, Acc: 24.17%, Loss: 1.7911
Epoch: 18, Batch: 2620, Acc: 24.16%, Loss: 1.8234
Epoch: 18, Batch: 2630, Acc: 24.17%, Loss: 1.7375
Epoch: 18, Batch: 2640, Acc: 24.18%, Loss: 1.7593
Epoch: 18, Batch: 2650, Acc: 24.18%, Loss: 1.8051
Epoch: 18, Batch: 2660, Acc: 24.18%, Loss: 1.7983
Epoch: 18, Batch: 2670, Acc: 24.18%, Loss: 1.8118
Epoch: 18, Batch: 2680, Acc: 24.18%, Loss: 1.7924
Epoch: 18, Batch: 2690, Acc: 24.19%, Loss: 1.7863
Epoch: 18, Batch: 2700, Acc: 24.19%, Loss: 1.8055
Epoch: 18, Batch: 2710, Acc: 24.18%, Loss: 1.7951
Epoch: 18, Batch: 2720, Acc: 24.19%, Loss: 1.7589
Epoch: 18, Batch: 2730, Acc: 24.19%, Loss: 1.8137
Epoch: 18, Batch: 2740, Acc: 24.18%, Loss: 1.8379
Epoch: 18, Batch: 2750, Acc: 24.18%, Loss: 1.7910
Epoch: 18, Batch: 2760, Acc: 24.18%, Loss: 1.7760
Epoch: 18, Batch: 2770, Acc: 24.18%, Loss: 1.8048
Epoch: 18, Batch: 2780, Acc: 24.19%, Loss: 1.7886
Epoch: 18, Batch: 2790, Acc: 24.18%, Loss: 1.8060
Epoch: 18, Batch: 2800, Acc: 24.18%, Loss: 1.7906
Epoch: 18, Batch: 2810, Acc: 24.18%, Loss: 1.8012
Epoch: 18, Batch: 2820, Acc: 24.17%, Loss: 1.7763
Epoch: 18, Batch: 2830, Acc: 24.18%, Loss: 1.7830
Epoch: 18, Batch: 2840, Acc: 24.16%, Loss: 1.8557
Epoch: 18, Batch: 2850, Acc: 24.16%, Loss: 1.7794
Epoch: 18, Batch: 2860, Acc: 24.16%, Loss: 1.8063
Epoch: 18, Batch: 2870, Acc: 24.16%, Loss: 1.7962
Epoch: 18, Batch: 2880, Acc: 24.17%, Loss: 1.7570
Accuracy on test set: 45.80%, Val loss: 2.2506
Epoch 18: train_loss=1.7906, val_acc=45.80, best_val_acc=45.80, es_counter=0
Epoch: 19, Batch: 10, Acc: 26.88%, Loss: 1.7620
Epoch: 19, Batch: 20, Acc: 25.55%, Loss: 1.8037
Epoch: 19, Batch: 30, Acc: 25.62%, Loss: 1.7681
Epoch: 19, Batch: 40, Acc: 24.77%, Loss: 1.7909
Epoch: 19, Batch: 50, Acc: 24.62%, Loss: 1.7988
Epoch: 19, Batch: 60, Acc: 24.79%, Loss: 1.7435
Epoch: 19, Batch: 70, Acc: 24.69%, Loss: 1.7930
Epoch: 19, Batch: 80, Acc: 24.67%, Loss: 1.7762
Epoch: 19, Batch: 90, Acc: 25.00%, Loss: 1.7396
Epoch: 19, Batch: 100, Acc: 24.89%, Loss: 1.8212
Epoch: 19, Batch: 110, Acc: 24.79%, Loss: 1.7818
Epoch: 19, Batch: 120, Acc: 24.57%, Loss: 1.7844
Epoch: 19, Batch: 130, Acc: 24.38%, Loss: 1.8277
Epoch: 19, Batch: 140, Acc: 24.23%, Loss: 1.7846
Epoch: 19, Batch: 150, Acc: 24.20%, Loss: 1.8143
Epoch: 19, Batch: 160, Acc: 24.30%, Loss: 1.7850
Epoch: 19, Batch: 170, Acc: 24.42%, Loss: 1.7615
Epoch: 19, Batch: 180, Acc: 24.26%, Loss: 1.8109
Epoch: 19, Batch: 190, Acc: 24.19%, Loss: 1.8310
Epoch: 19, Batch: 200, Acc: 24.16%, Loss: 1.8014
Epoch: 19, Batch: 210, Acc: 24.05%, Loss: 1.8364
Epoch: 19, Batch: 220, Acc: 24.20%, Loss: 1.7723
Epoch: 19, Batch: 230, Acc: 24.19%, Loss: 1.7762
Epoch: 19, Batch: 240, Acc: 24.17%, Loss: 1.7815
Epoch: 19, Batch: 250, Acc: 24.23%, Loss: 1.7551
Epoch: 19, Batch: 260, Acc: 24.26%, Loss: 1.7757
Epoch: 19, Batch: 270, Acc: 24.36%, Loss: 1.7701
Epoch: 19, Batch: 280, Acc: 24.39%, Loss: 1.7961
Epoch: 19, Batch: 290, Acc: 24.53%, Loss: 1.7736
Epoch: 19, Batch: 300, Acc: 24.59%, Loss: 1.7663
Epoch: 19, Batch: 310, Acc: 24.65%, Loss: 1.7690
Epoch: 19, Batch: 320, Acc: 24.67%, Loss: 1.7801
Epoch: 19, Batch: 330, Acc: 24.72%, Loss: 1.7647
Epoch: 19, Batch: 340, Acc: 24.72%, Loss: 1.7794
Epoch: 19, Batch: 350, Acc: 24.63%, Loss: 1.7850
Epoch: 19, Batch: 360, Acc: 24.58%, Loss: 1.8179
Epoch: 19, Batch: 370, Acc: 24.60%, Loss: 1.7996
Epoch: 19, Batch: 380, Acc: 24.64%, Loss: 1.7779
Epoch: 19, Batch: 390, Acc: 24.65%, Loss: 1.7671
Epoch: 19, Batch: 400, Acc: 24.67%, Loss: 1.7625
Epoch: 19, Batch: 410, Acc: 24.63%, Loss: 1.8105
Epoch: 19, Batch: 420, Acc: 24.61%, Loss: 1.7700
Epoch: 19, Batch: 430, Acc: 24.57%, Loss: 1.7864
Epoch: 19, Batch: 440, Acc: 24.62%, Loss: 1.7487
Epoch: 19, Batch: 450, Acc: 24.56%, Loss: 1.7943
Epoch: 19, Batch: 460, Acc: 24.52%, Loss: 1.7999
Epoch: 19, Batch: 470, Acc: 24.46%, Loss: 1.8131
Epoch: 19, Batch: 480, Acc: 24.49%, Loss: 1.7684
Epoch: 19, Batch: 490, Acc: 24.56%, Loss: 1.7423
Epoch: 19, Batch: 500, Acc: 24.57%, Loss: 1.7404
Epoch: 19, Batch: 510, Acc: 24.59%, Loss: 1.7786
Epoch: 19, Batch: 520, Acc: 24.58%, Loss: 1.7771
Epoch: 19, Batch: 530, Acc: 24.53%, Loss: 1.8170
Epoch: 19, Batch: 540, Acc: 24.51%, Loss: 1.7813
Epoch: 19, Batch: 550, Acc: 24.47%, Loss: 1.8168
Epoch: 19, Batch: 560, Acc: 24.50%, Loss: 1.7664
Epoch: 19, Batch: 570, Acc: 24.51%, Loss: 1.7666
Epoch: 19, Batch: 580, Acc: 24.48%, Loss: 1.7901
Epoch: 19, Batch: 590, Acc: 24.46%, Loss: 1.8176
Epoch: 19, Batch: 600, Acc: 24.42%, Loss: 1.8104
Epoch: 19, Batch: 610, Acc: 24.42%, Loss: 1.7934
Epoch: 19, Batch: 620, Acc: 24.43%, Loss: 1.7717
Epoch: 19, Batch: 630, Acc: 24.43%, Loss: 1.7764
Epoch: 19, Batch: 640, Acc: 24.46%, Loss: 1.7421
Epoch: 19, Batch: 650, Acc: 24.50%, Loss: 1.7601
Epoch: 19, Batch: 660, Acc: 24.49%, Loss: 1.7973
Epoch: 19, Batch: 670, Acc: 24.51%, Loss: 1.7195
Epoch: 19, Batch: 680, Acc: 24.55%, Loss: 1.7553
Epoch: 19, Batch: 690, Acc: 24.54%, Loss: 1.8215
Epoch: 19, Batch: 700, Acc: 24.51%, Loss: 1.8194
Epoch: 19, Batch: 710, Acc: 24.53%, Loss: 1.7666
Epoch: 19, Batch: 720, Acc: 24.51%, Loss: 1.7798
Epoch: 19, Batch: 730, Acc: 24.49%, Loss: 1.8103
Epoch: 19, Batch: 740, Acc: 24.46%, Loss: 1.8335
Epoch: 19, Batch: 750, Acc: 24.48%, Loss: 1.7965
Epoch: 19, Batch: 760, Acc: 24.50%, Loss: 1.7792
Epoch: 19, Batch: 770, Acc: 24.49%, Loss: 1.7904
Epoch: 19, Batch: 780, Acc: 24.51%, Loss: 1.7504
Epoch: 19, Batch: 790, Acc: 24.52%, Loss: 1.7805
Epoch: 19, Batch: 800, Acc: 24.52%, Loss: 1.7913
Epoch: 19, Batch: 810, Acc: 24.51%, Loss: 1.8027
Epoch: 19, Batch: 820, Acc: 24.50%, Loss: 1.7907
Epoch: 19, Batch: 830, Acc: 24.48%, Loss: 1.8162
Epoch: 19, Batch: 840, Acc: 24.48%, Loss: 1.7705
Epoch: 19, Batch: 850, Acc: 24.48%, Loss: 1.7893
Epoch: 19, Batch: 860, Acc: 24.48%, Loss: 1.8005
Epoch: 19, Batch: 870, Acc: 24.48%, Loss: 1.7543
Epoch: 19, Batch: 880, Acc: 24.49%, Loss: 1.7503
Epoch: 19, Batch: 890, Acc: 24.49%, Loss: 1.7941
Epoch: 19, Batch: 900, Acc: 24.51%, Loss: 1.7643
Epoch: 19, Batch: 910, Acc: 24.51%, Loss: 1.7872
Epoch: 19, Batch: 920, Acc: 24.50%, Loss: 1.7732
Epoch: 19, Batch: 930, Acc: 24.52%, Loss: 1.7369
Epoch: 19, Batch: 940, Acc: 24.53%, Loss: 1.7748
Epoch: 19, Batch: 950, Acc: 24.51%, Loss: 1.8215
Epoch: 19, Batch: 960, Acc: 24.53%, Loss: 1.7481
Epoch: 19, Batch: 970, Acc: 24.53%, Loss: 1.8023
Epoch: 19, Batch: 980, Acc: 24.56%, Loss: 1.7851
Epoch: 19, Batch: 990, Acc: 24.55%, Loss: 1.7681
Epoch: 19, Batch: 1000, Acc: 24.55%, Loss: 1.8066
Epoch: 19, Batch: 1010, Acc: 24.52%, Loss: 1.8138
Epoch: 19, Batch: 1020, Acc: 24.52%, Loss: 1.7783
Epoch: 19, Batch: 1030, Acc: 24.50%, Loss: 1.8011
Epoch: 19, Batch: 1040, Acc: 24.53%, Loss: 1.7661
Epoch: 19, Batch: 1050, Acc: 24.53%, Loss: 1.7788
Epoch: 19, Batch: 1060, Acc: 24.50%, Loss: 1.7983
Epoch: 19, Batch: 1070, Acc: 24.49%, Loss: 1.8185
Epoch: 19, Batch: 1080, Acc: 24.49%, Loss: 1.7667
Epoch: 19, Batch: 1090, Acc: 24.50%, Loss: 1.8115
Epoch: 19, Batch: 1100, Acc: 24.49%, Loss: 1.8021
Epoch: 19, Batch: 1110, Acc: 24.47%, Loss: 1.8065
Epoch: 19, Batch: 1120, Acc: 24.47%, Loss: 1.8000
Epoch: 19, Batch: 1130, Acc: 24.49%, Loss: 1.7501
Epoch: 19, Batch: 1140, Acc: 24.50%, Loss: 1.7838
Epoch: 19, Batch: 1150, Acc: 24.51%, Loss: 1.7857
Epoch: 19, Batch: 1160, Acc: 24.51%, Loss: 1.7728
Epoch: 19, Batch: 1170, Acc: 24.50%, Loss: 1.8285
Epoch: 19, Batch: 1180, Acc: 24.50%, Loss: 1.7940
Epoch: 19, Batch: 1190, Acc: 24.51%, Loss: 1.7744
Epoch: 19, Batch: 1200, Acc: 24.49%, Loss: 1.7701
Epoch: 19, Batch: 1210, Acc: 24.51%, Loss: 1.7658
Epoch: 19, Batch: 1220, Acc: 24.49%, Loss: 1.7918
Epoch: 19, Batch: 1230, Acc: 24.50%, Loss: 1.8070
Epoch: 19, Batch: 1240, Acc: 24.50%, Loss: 1.8151
Epoch: 19, Batch: 1250, Acc: 24.50%, Loss: 1.7946
Epoch: 19, Batch: 1260, Acc: 24.51%, Loss: 1.7881
Epoch: 19, Batch: 1270, Acc: 24.52%, Loss: 1.7853
Epoch: 19, Batch: 1280, Acc: 24.51%, Loss: 1.8049
Epoch: 19, Batch: 1290, Acc: 24.51%, Loss: 1.7892
Epoch: 19, Batch: 1300, Acc: 24.51%, Loss: 1.7583
Epoch: 19, Batch: 1310, Acc: 24.52%, Loss: 1.7601
Epoch: 19, Batch: 1320, Acc: 24.51%, Loss: 1.8176
Epoch: 19, Batch: 1330, Acc: 24.50%, Loss: 1.7981
Epoch: 19, Batch: 1340, Acc: 24.47%, Loss: 1.8192
Epoch: 19, Batch: 1350, Acc: 24.48%, Loss: 1.7612
Epoch: 19, Batch: 1360, Acc: 24.49%, Loss: 1.7709
Epoch: 19, Batch: 1370, Acc: 24.49%, Loss: 1.7742
Epoch: 19, Batch: 1380, Acc: 24.49%, Loss: 1.8096
Epoch: 19, Batch: 1390, Acc: 24.50%, Loss: 1.7669
Epoch: 19, Batch: 1400, Acc: 24.50%, Loss: 1.7963
Epoch: 19, Batch: 1410, Acc: 24.48%, Loss: 1.8287
Epoch: 19, Batch: 1420, Acc: 24.49%, Loss: 1.7532
Epoch: 19, Batch: 1430, Acc: 24.49%, Loss: 1.7756
Epoch: 19, Batch: 1440, Acc: 24.49%, Loss: 1.7724
Epoch: 19, Batch: 1450, Acc: 24.48%, Loss: 1.8118
Epoch: 19, Batch: 1460, Acc: 24.49%, Loss: 1.7866
Epoch: 19, Batch: 1470, Acc: 24.50%, Loss: 1.8192
Epoch: 19, Batch: 1480, Acc: 24.50%, Loss: 1.7624
Epoch: 19, Batch: 1490, Acc: 24.52%, Loss: 1.7501
Epoch: 19, Batch: 1500, Acc: 24.50%, Loss: 1.8258
Epoch: 19, Batch: 1510, Acc: 24.49%, Loss: 1.8384
Epoch: 19, Batch: 1520, Acc: 24.47%, Loss: 1.8430
Epoch: 19, Batch: 1530, Acc: 24.48%, Loss: 1.7611
Epoch: 19, Batch: 1540, Acc: 24.49%, Loss: 1.7648
Epoch: 19, Batch: 1550, Acc: 24.49%, Loss: 1.8019
Epoch: 19, Batch: 1560, Acc: 24.47%, Loss: 1.8171
Epoch: 19, Batch: 1570, Acc: 24.46%, Loss: 1.7988
Epoch: 19, Batch: 1580, Acc: 24.45%, Loss: 1.8258
Epoch: 19, Batch: 1590, Acc: 24.43%, Loss: 1.8223
Epoch: 19, Batch: 1600, Acc: 24.44%, Loss: 1.7505
Epoch: 19, Batch: 1610, Acc: 24.44%, Loss: 1.8033
Epoch: 19, Batch: 1620, Acc: 24.44%, Loss: 1.7999
Epoch: 19, Batch: 1630, Acc: 24.43%, Loss: 1.7994
Epoch: 19, Batch: 1640, Acc: 24.44%, Loss: 1.8016
Epoch: 19, Batch: 1650, Acc: 24.44%, Loss: 1.7571
Epoch: 19, Batch: 1660, Acc: 24.45%, Loss: 1.7954
Epoch: 19, Batch: 1670, Acc: 24.45%, Loss: 1.7769
Epoch: 19, Batch: 1680, Acc: 24.46%, Loss: 1.7884
Epoch: 19, Batch: 1690, Acc: 24.45%, Loss: 1.7682
Epoch: 19, Batch: 1700, Acc: 24.44%, Loss: 1.8221
Epoch: 19, Batch: 1710, Acc: 24.42%, Loss: 1.8602
Epoch: 19, Batch: 1720, Acc: 24.41%, Loss: 1.7970
Epoch: 19, Batch: 1730, Acc: 24.41%, Loss: 1.7584
Epoch: 19, Batch: 1740, Acc: 24.42%, Loss: 1.8229
Epoch: 19, Batch: 1750, Acc: 24.41%, Loss: 1.8018
Epoch: 19, Batch: 1760, Acc: 24.41%, Loss: 1.8119
Epoch: 19, Batch: 1770, Acc: 24.42%, Loss: 1.7593
Epoch: 19, Batch: 1780, Acc: 24.42%, Loss: 1.7926
Epoch: 19, Batch: 1790, Acc: 24.41%, Loss: 1.8168
Epoch: 19, Batch: 1800, Acc: 24.41%, Loss: 1.8025
Epoch: 19, Batch: 1810, Acc: 24.44%, Loss: 1.7271
Epoch: 19, Batch: 1820, Acc: 24.43%, Loss: 1.8252
Epoch: 19, Batch: 1830, Acc: 24.43%, Loss: 1.7908
Epoch: 19, Batch: 1840, Acc: 24.44%, Loss: 1.7476
Epoch: 19, Batch: 1850, Acc: 24.44%, Loss: 1.7802
Epoch: 19, Batch: 1860, Acc: 24.43%, Loss: 1.7833
Epoch: 19, Batch: 1870, Acc: 24.43%, Loss: 1.7931
Epoch: 19, Batch: 1880, Acc: 24.42%, Loss: 1.8404
Epoch: 19, Batch: 1890, Acc: 24.42%, Loss: 1.7958
Epoch: 19, Batch: 1900, Acc: 24.42%, Loss: 1.7813
Epoch: 19, Batch: 1910, Acc: 24.42%, Loss: 1.7742
Epoch: 19, Batch: 1920, Acc: 24.42%, Loss: 1.7774
Epoch: 19, Batch: 1930, Acc: 24.40%, Loss: 1.8763
Epoch: 19, Batch: 1940, Acc: 24.39%, Loss: 1.8121
Epoch: 19, Batch: 1950, Acc: 24.38%, Loss: 1.8088
Epoch: 19, Batch: 1960, Acc: 24.37%, Loss: 1.8143
Epoch: 19, Batch: 1970, Acc: 24.36%, Loss: 1.8247
Epoch: 19, Batch: 1980, Acc: 24.37%, Loss: 1.7617
Epoch: 19, Batch: 1990, Acc: 24.35%, Loss: 1.8281
Epoch: 19, Batch: 2000, Acc: 24.35%, Loss: 1.8085
Epoch: 19, Batch: 2010, Acc: 24.35%, Loss: 1.7899
Epoch: 19, Batch: 2020, Acc: 24.36%, Loss: 1.8006
Epoch: 19, Batch: 2030, Acc: 24.35%, Loss: 1.7896
Epoch: 19, Batch: 2040, Acc: 24.34%, Loss: 1.7861
Epoch: 19, Batch: 2050, Acc: 24.35%, Loss: 1.7741
Epoch: 19, Batch: 2060, Acc: 24.34%, Loss: 1.8050
Epoch: 19, Batch: 2070, Acc: 24.36%, Loss: 1.7733
Epoch: 19, Batch: 2080, Acc: 24.38%, Loss: 1.7620
Epoch: 19, Batch: 2090, Acc: 24.38%, Loss: 1.7949
Epoch: 19, Batch: 2100, Acc: 24.37%, Loss: 1.8363
Epoch: 19, Batch: 2110, Acc: 24.37%, Loss: 1.7636
Epoch: 19, Batch: 2120, Acc: 24.36%, Loss: 1.8221
Epoch: 19, Batch: 2130, Acc: 24.35%, Loss: 1.7993
Epoch: 19, Batch: 2140, Acc: 24.35%, Loss: 1.7952
Epoch: 19, Batch: 2150, Acc: 24.34%, Loss: 1.8093
Epoch: 19, Batch: 2160, Acc: 24.34%, Loss: 1.7988
Epoch: 19, Batch: 2170, Acc: 24.35%, Loss: 1.7694
Epoch: 19, Batch: 2180, Acc: 24.34%, Loss: 1.8185
Epoch: 19, Batch: 2190, Acc: 24.33%, Loss: 1.7754
Epoch: 19, Batch: 2200, Acc: 24.32%, Loss: 1.8429
Epoch: 19, Batch: 2210, Acc: 24.32%, Loss: 1.7754
Epoch: 19, Batch: 2220, Acc: 24.33%, Loss: 1.8045
Epoch: 19, Batch: 2230, Acc: 24.32%, Loss: 1.8048
Epoch: 19, Batch: 2240, Acc: 24.32%, Loss: 1.8071
Epoch: 19, Batch: 2250, Acc: 24.32%, Loss: 1.7648
Epoch: 19, Batch: 2260, Acc: 24.32%, Loss: 1.7881
Epoch: 19, Batch: 2270, Acc: 24.32%, Loss: 1.7855
Epoch: 19, Batch: 2280, Acc: 24.32%, Loss: 1.8168
Epoch: 19, Batch: 2290, Acc: 24.32%, Loss: 1.7744
Epoch: 19, Batch: 2300, Acc: 24.32%, Loss: 1.7714
Epoch: 19, Batch: 2310, Acc: 24.34%, Loss: 1.7816
Epoch: 19, Batch: 2320, Acc: 24.33%, Loss: 1.7653
Epoch: 19, Batch: 2330, Acc: 24.32%, Loss: 1.8281
Epoch: 19, Batch: 2340, Acc: 24.31%, Loss: 1.8225
Epoch: 19, Batch: 2350, Acc: 24.31%, Loss: 1.7853
Epoch: 19, Batch: 2360, Acc: 24.32%, Loss: 1.7589
Epoch: 19, Batch: 2370, Acc: 24.31%, Loss: 1.8315
Epoch: 19, Batch: 2380, Acc: 24.31%, Loss: 1.7927
Epoch: 19, Batch: 2390, Acc: 24.31%, Loss: 1.7787
Epoch: 19, Batch: 2400, Acc: 24.31%, Loss: 1.7840
Epoch: 19, Batch: 2410, Acc: 24.31%, Loss: 1.7641
Epoch: 19, Batch: 2420, Acc: 24.31%, Loss: 1.7717
Epoch: 19, Batch: 2430, Acc: 24.32%, Loss: 1.7555
Epoch: 19, Batch: 2440, Acc: 24.32%, Loss: 1.8024
Epoch: 19, Batch: 2450, Acc: 24.32%, Loss: 1.8004
Epoch: 19, Batch: 2460, Acc: 24.31%, Loss: 1.8109
Epoch: 19, Batch: 2470, Acc: 24.31%, Loss: 1.7815
Epoch: 19, Batch: 2480, Acc: 24.32%, Loss: 1.7803
Epoch: 19, Batch: 2490, Acc: 24.33%, Loss: 1.8022
Epoch: 19, Batch: 2500, Acc: 24.33%, Loss: 1.7634
Epoch: 19, Batch: 2510, Acc: 24.34%, Loss: 1.7444
Epoch: 19, Batch: 2520, Acc: 24.34%, Loss: 1.8094
Epoch: 19, Batch: 2530, Acc: 24.35%, Loss: 1.7650
Epoch: 19, Batch: 2540, Acc: 24.34%, Loss: 1.8007
Epoch: 19, Batch: 2550, Acc: 24.34%, Loss: 1.8065
Epoch: 19, Batch: 2560, Acc: 24.33%, Loss: 1.8387
Epoch: 19, Batch: 2570, Acc: 24.33%, Loss: 1.7969
Epoch: 19, Batch: 2580, Acc: 24.32%, Loss: 1.7669
Epoch: 19, Batch: 2590, Acc: 24.32%, Loss: 1.7963
Epoch: 19, Batch: 2600, Acc: 24.32%, Loss: 1.7664
Epoch: 19, Batch: 2610, Acc: 24.32%, Loss: 1.8579
Epoch: 19, Batch: 2620, Acc: 24.33%, Loss: 1.7498
Epoch: 19, Batch: 2630, Acc: 24.33%, Loss: 1.7953
Epoch: 19, Batch: 2640, Acc: 24.33%, Loss: 1.8032
Epoch: 19, Batch: 2650, Acc: 24.33%, Loss: 1.8191
Epoch: 19, Batch: 2660, Acc: 24.33%, Loss: 1.7931
Epoch: 19, Batch: 2670, Acc: 24.32%, Loss: 1.8021
Epoch: 19, Batch: 2680, Acc: 24.31%, Loss: 1.7968
Epoch: 19, Batch: 2690, Acc: 24.32%, Loss: 1.7603
Epoch: 19, Batch: 2700, Acc: 24.32%, Loss: 1.8073
Epoch: 19, Batch: 2710, Acc: 24.31%, Loss: 1.7819
Epoch: 19, Batch: 2720, Acc: 24.31%, Loss: 1.7689
Epoch: 19, Batch: 2730, Acc: 24.31%, Loss: 1.7936
Epoch: 19, Batch: 2740, Acc: 24.31%, Loss: 1.7674
Epoch: 19, Batch: 2750, Acc: 24.29%, Loss: 1.8442
Epoch: 19, Batch: 2760, Acc: 24.29%, Loss: 1.8113
Epoch: 19, Batch: 2770, Acc: 24.29%, Loss: 1.7879
Epoch: 19, Batch: 2780, Acc: 24.29%, Loss: 1.8166
Epoch: 19, Batch: 2790, Acc: 24.29%, Loss: 1.7749
Epoch: 19, Batch: 2800, Acc: 24.28%, Loss: 1.7711
Epoch: 19, Batch: 2810, Acc: 24.28%, Loss: 1.8055
Epoch: 19, Batch: 2820, Acc: 24.27%, Loss: 1.7991
Epoch: 19, Batch: 2830, Acc: 24.27%, Loss: 1.8088
Epoch: 19, Batch: 2840, Acc: 24.27%, Loss: 1.7888
Epoch: 19, Batch: 2850, Acc: 24.26%, Loss: 1.8258
Epoch: 19, Batch: 2860, Acc: 24.26%, Loss: 1.7874
Epoch: 19, Batch: 2870, Acc: 24.27%, Loss: 1.8046
Epoch: 19, Batch: 2880, Acc: 24.27%, Loss: 1.7828
Accuracy on test set: 45.84%, Val loss: 2.2499
Epoch 19: train_loss=1.7898, val_acc=45.84, best_val_acc=45.84, es_counter=0
Epoch: 20, Batch: 10, Acc: 23.59%, Loss: 1.7978
Epoch: 20, Batch: 20, Acc: 22.19%, Loss: 1.8539
Epoch: 20, Batch: 30, Acc: 23.28%, Loss: 1.7689
Epoch: 20, Batch: 40, Acc: 23.24%, Loss: 1.7943
Epoch: 20, Batch: 50, Acc: 23.69%, Loss: 1.7661
Epoch: 20, Batch: 60, Acc: 23.70%, Loss: 1.7974
Epoch: 20, Batch: 70, Acc: 23.84%, Loss: 1.8017
Epoch: 20, Batch: 80, Acc: 24.04%, Loss: 1.7768
Epoch: 20, Batch: 90, Acc: 23.96%, Loss: 1.7727
Epoch: 20, Batch: 100, Acc: 23.53%, Loss: 1.8302
Epoch: 20, Batch: 110, Acc: 23.68%, Loss: 1.7499
Epoch: 20, Batch: 120, Acc: 23.66%, Loss: 1.7792
Epoch: 20, Batch: 130, Acc: 23.75%, Loss: 1.7651
Epoch: 20, Batch: 140, Acc: 23.79%, Loss: 1.7739
Epoch: 20, Batch: 150, Acc: 24.04%, Loss: 1.7510
Epoch: 20, Batch: 160, Acc: 24.09%, Loss: 1.7696
Epoch: 20, Batch: 170, Acc: 24.36%, Loss: 1.7238
Epoch: 20, Batch: 180, Acc: 24.47%, Loss: 1.7734
Epoch: 20, Batch: 190, Acc: 24.33%, Loss: 1.7731
Epoch: 20, Batch: 200, Acc: 24.42%, Loss: 1.7503
Epoch: 20, Batch: 210, Acc: 24.46%, Loss: 1.7656
Epoch: 20, Batch: 220, Acc: 24.60%, Loss: 1.7471
Epoch: 20, Batch: 230, Acc: 24.76%, Loss: 1.7329
Epoch: 20, Batch: 240, Acc: 24.67%, Loss: 1.8042
Epoch: 20, Batch: 250, Acc: 24.78%, Loss: 1.7407
Epoch: 20, Batch: 260, Acc: 24.81%, Loss: 1.7601
Epoch: 20, Batch: 270, Acc: 24.73%, Loss: 1.8218
Epoch: 20, Batch: 280, Acc: 24.79%, Loss: 1.7571
Epoch: 20, Batch: 290, Acc: 24.75%, Loss: 1.7835
Epoch: 20, Batch: 300, Acc: 24.73%, Loss: 1.8235
Epoch: 20, Batch: 310, Acc: 24.76%, Loss: 1.7819
Epoch: 20, Batch: 320, Acc: 24.78%, Loss: 1.7725
Epoch: 20, Batch: 330, Acc: 24.64%, Loss: 1.8408
Epoch: 20, Batch: 340, Acc: 24.65%, Loss: 1.7953
Epoch: 20, Batch: 350, Acc: 24.55%, Loss: 1.8383
Epoch: 20, Batch: 360, Acc: 24.52%, Loss: 1.7888
Epoch: 20, Batch: 370, Acc: 24.45%, Loss: 1.8248
Epoch: 20, Batch: 380, Acc: 24.41%, Loss: 1.8185
Epoch: 20, Batch: 390, Acc: 24.50%, Loss: 1.7423
Epoch: 20, Batch: 400, Acc: 24.55%, Loss: 1.7534
Epoch: 20, Batch: 410, Acc: 24.50%, Loss: 1.7926
Epoch: 20, Batch: 420, Acc: 24.46%, Loss: 1.8024
Epoch: 20, Batch: 430, Acc: 24.48%, Loss: 1.7842
Epoch: 20, Batch: 440, Acc: 24.50%, Loss: 1.7757
Epoch: 20, Batch: 450, Acc: 24.57%, Loss: 1.7380
Epoch: 20, Batch: 460, Acc: 24.55%, Loss: 1.8380
Epoch: 20, Batch: 470, Acc: 24.59%, Loss: 1.7572
Epoch: 20, Batch: 480, Acc: 24.58%, Loss: 1.7836
Epoch: 20, Batch: 490, Acc: 24.54%, Loss: 1.8027
Epoch: 20, Batch: 500, Acc: 24.55%, Loss: 1.7817
Epoch: 20, Batch: 510, Acc: 24.56%, Loss: 1.7815
Epoch: 20, Batch: 520, Acc: 24.50%, Loss: 1.8199
Epoch: 20, Batch: 530, Acc: 24.51%, Loss: 1.7742
Epoch: 20, Batch: 540, Acc: 24.55%, Loss: 1.7943
Epoch: 20, Batch: 550, Acc: 24.61%, Loss: 1.7528
Epoch: 20, Batch: 560, Acc: 24.61%, Loss: 1.8074
Epoch: 20, Batch: 570, Acc: 24.63%, Loss: 1.7856
Epoch: 20, Batch: 580, Acc: 24.60%, Loss: 1.8118
Epoch: 20, Batch: 590, Acc: 24.57%, Loss: 1.8280
Epoch: 20, Batch: 600, Acc: 24.57%, Loss: 1.7696
Epoch: 20, Batch: 610, Acc: 24.57%, Loss: 1.7471
Epoch: 20, Batch: 620, Acc: 24.51%, Loss: 1.8076
Epoch: 20, Batch: 630, Acc: 24.52%, Loss: 1.7992
Epoch: 20, Batch: 640, Acc: 24.52%, Loss: 1.8089
Epoch: 20, Batch: 650, Acc: 24.46%, Loss: 1.7940
Epoch: 20, Batch: 660, Acc: 24.51%, Loss: 1.7711
Epoch: 20, Batch: 670, Acc: 24.50%, Loss: 1.7938
Epoch: 20, Batch: 680, Acc: 24.52%, Loss: 1.7749
Epoch: 20, Batch: 690, Acc: 24.51%, Loss: 1.7954
Epoch: 20, Batch: 700, Acc: 24.50%, Loss: 1.7770
Epoch: 20, Batch: 710, Acc: 24.54%, Loss: 1.7912
Epoch: 20, Batch: 720, Acc: 24.50%, Loss: 1.8221
Epoch: 20, Batch: 730, Acc: 24.49%, Loss: 1.7745
Epoch: 20, Batch: 740, Acc: 24.51%, Loss: 1.7714
Epoch: 20, Batch: 750, Acc: 24.49%, Loss: 1.7938
Epoch: 20, Batch: 760, Acc: 24.49%, Loss: 1.7985
Epoch: 20, Batch: 770, Acc: 24.48%, Loss: 1.8122
Epoch: 20, Batch: 780, Acc: 24.51%, Loss: 1.7640
Epoch: 20, Batch: 790, Acc: 24.52%, Loss: 1.7813
Epoch: 20, Batch: 800, Acc: 24.53%, Loss: 1.7535
Epoch: 20, Batch: 810, Acc: 24.54%, Loss: 1.7991
Epoch: 20, Batch: 820, Acc: 24.54%, Loss: 1.7639
Epoch: 20, Batch: 830, Acc: 24.52%, Loss: 1.8118
Epoch: 20, Batch: 840, Acc: 24.49%, Loss: 1.8239
Epoch: 20, Batch: 850, Acc: 24.49%, Loss: 1.7890
Epoch: 20, Batch: 860, Acc: 24.47%, Loss: 1.8039
Epoch: 20, Batch: 870, Acc: 24.49%, Loss: 1.7483
Epoch: 20, Batch: 880, Acc: 24.44%, Loss: 1.8134
Epoch: 20, Batch: 890, Acc: 24.43%, Loss: 1.8069
Epoch: 20, Batch: 900, Acc: 24.43%, Loss: 1.7734
Epoch: 20, Batch: 910, Acc: 24.45%, Loss: 1.7544
Epoch: 20, Batch: 920, Acc: 24.49%, Loss: 1.7261
Epoch: 20, Batch: 930, Acc: 24.47%, Loss: 1.8121
Epoch: 20, Batch: 940, Acc: 24.48%, Loss: 1.8010
Epoch: 20, Batch: 950, Acc: 24.45%, Loss: 1.8199
Epoch: 20, Batch: 960, Acc: 24.45%, Loss: 1.8053
Epoch: 20, Batch: 970, Acc: 24.45%, Loss: 1.7708
Epoch: 20, Batch: 980, Acc: 24.42%, Loss: 1.8428
Epoch: 20, Batch: 990, Acc: 24.41%, Loss: 1.8153
Epoch: 20, Batch: 1000, Acc: 24.43%, Loss: 1.7736
Epoch: 20, Batch: 1010, Acc: 24.41%, Loss: 1.8053
Epoch: 20, Batch: 1020, Acc: 24.41%, Loss: 1.7775
Epoch: 20, Batch: 1030, Acc: 24.41%, Loss: 1.7806
Epoch: 20, Batch: 1040, Acc: 24.40%, Loss: 1.7911
Epoch: 20, Batch: 1050, Acc: 24.39%, Loss: 1.8137
Epoch: 20, Batch: 1060, Acc: 24.36%, Loss: 1.8437
Epoch: 20, Batch: 1070, Acc: 24.32%, Loss: 1.8430
Epoch: 20, Batch: 1080, Acc: 24.31%, Loss: 1.8254
Epoch: 20, Batch: 1090, Acc: 24.31%, Loss: 1.8016
Epoch: 20, Batch: 1100, Acc: 24.34%, Loss: 1.7622
Epoch: 20, Batch: 1110, Acc: 24.36%, Loss: 1.7627
Epoch: 20, Batch: 1120, Acc: 24.35%, Loss: 1.7981
Epoch: 20, Batch: 1130, Acc: 24.32%, Loss: 1.8422
Epoch: 20, Batch: 1140, Acc: 24.34%, Loss: 1.7790
Epoch: 20, Batch: 1150, Acc: 24.35%, Loss: 1.7773
Epoch: 20, Batch: 1160, Acc: 24.33%, Loss: 1.7979
Epoch: 20, Batch: 1170, Acc: 24.32%, Loss: 1.8196
Epoch: 20, Batch: 1180, Acc: 24.33%, Loss: 1.7668
Epoch: 20, Batch: 1190, Acc: 24.32%, Loss: 1.8090
Epoch: 20, Batch: 1200, Acc: 24.32%, Loss: 1.8016
Epoch: 20, Batch: 1210, Acc: 24.31%, Loss: 1.8052
Epoch: 20, Batch: 1220, Acc: 24.32%, Loss: 1.7811
Epoch: 20, Batch: 1230, Acc: 24.35%, Loss: 1.7632
Epoch: 20, Batch: 1240, Acc: 24.34%, Loss: 1.7865
Epoch: 20, Batch: 1250, Acc: 24.35%, Loss: 1.8090
Epoch: 20, Batch: 1260, Acc: 24.35%, Loss: 1.7671
Epoch: 20, Batch: 1270, Acc: 24.35%, Loss: 1.7914
Epoch: 20, Batch: 1280, Acc: 24.34%, Loss: 1.8048
Epoch: 20, Batch: 1290, Acc: 24.32%, Loss: 1.8108
Epoch: 20, Batch: 1300, Acc: 24.34%, Loss: 1.7828
Epoch: 20, Batch: 1310, Acc: 24.32%, Loss: 1.7801
Epoch: 20, Batch: 1320, Acc: 24.33%, Loss: 1.7540
Epoch: 20, Batch: 1330, Acc: 24.33%, Loss: 1.7812
Epoch: 20, Batch: 1340, Acc: 24.34%, Loss: 1.7662
Epoch: 20, Batch: 1350, Acc: 24.33%, Loss: 1.7915
Epoch: 20, Batch: 1360, Acc: 24.34%, Loss: 1.7884
Epoch: 20, Batch: 1370, Acc: 24.32%, Loss: 1.7908
Epoch: 20, Batch: 1380, Acc: 24.33%, Loss: 1.7816
Epoch: 20, Batch: 1390, Acc: 24.33%, Loss: 1.7825
Epoch: 20, Batch: 1400, Acc: 24.34%, Loss: 1.7581
Epoch: 20, Batch: 1410, Acc: 24.33%, Loss: 1.8208
Epoch: 20, Batch: 1420, Acc: 24.31%, Loss: 1.8366
Epoch: 20, Batch: 1430, Acc: 24.32%, Loss: 1.7754
Epoch: 20, Batch: 1440, Acc: 24.29%, Loss: 1.8539
Epoch: 20, Batch: 1450, Acc: 24.29%, Loss: 1.7855
Epoch: 20, Batch: 1460, Acc: 24.28%, Loss: 1.8168
Epoch: 20, Batch: 1470, Acc: 24.27%, Loss: 1.8230
Epoch: 20, Batch: 1480, Acc: 24.26%, Loss: 1.8026
Epoch: 20, Batch: 1490, Acc: 24.26%, Loss: 1.8099
Epoch: 20, Batch: 1500, Acc: 24.27%, Loss: 1.7464
Epoch: 20, Batch: 1510, Acc: 24.27%, Loss: 1.7877
Epoch: 20, Batch: 1520, Acc: 24.27%, Loss: 1.7881
Epoch: 20, Batch: 1530, Acc: 24.26%, Loss: 1.7774
Epoch: 20, Batch: 1540, Acc: 24.26%, Loss: 1.7681
Epoch: 20, Batch: 1550, Acc: 24.25%, Loss: 1.8080
Epoch: 20, Batch: 1560, Acc: 24.25%, Loss: 1.7966
Epoch: 20, Batch: 1570, Acc: 24.27%, Loss: 1.7677
Epoch: 20, Batch: 1580, Acc: 24.26%, Loss: 1.8438
Epoch: 20, Batch: 1590, Acc: 24.25%, Loss: 1.8276
Epoch: 20, Batch: 1600, Acc: 24.24%, Loss: 1.8007
Epoch: 20, Batch: 1610, Acc: 24.25%, Loss: 1.7583
Epoch: 20, Batch: 1620, Acc: 24.26%, Loss: 1.7955
Epoch: 20, Batch: 1630, Acc: 24.25%, Loss: 1.8161
Epoch: 20, Batch: 1640, Acc: 24.24%, Loss: 1.8168
Epoch: 20, Batch: 1650, Acc: 24.23%, Loss: 1.7900
Epoch: 20, Batch: 1660, Acc: 24.23%, Loss: 1.7987
Epoch: 20, Batch: 1670, Acc: 24.24%, Loss: 1.7935
Epoch: 20, Batch: 1680, Acc: 24.24%, Loss: 1.8018
Epoch: 20, Batch: 1690, Acc: 24.24%, Loss: 1.8161
Epoch: 20, Batch: 1700, Acc: 24.25%, Loss: 1.7705
Epoch: 20, Batch: 1710, Acc: 24.26%, Loss: 1.8037
Epoch: 20, Batch: 1720, Acc: 24.25%, Loss: 1.7845
Epoch: 20, Batch: 1730, Acc: 24.26%, Loss: 1.7647
Epoch: 20, Batch: 1740, Acc: 24.27%, Loss: 1.7696
Epoch: 20, Batch: 1750, Acc: 24.27%, Loss: 1.7838
Epoch: 20, Batch: 1760, Acc: 24.28%, Loss: 1.7815
Epoch: 20, Batch: 1770, Acc: 24.29%, Loss: 1.7660
Epoch: 20, Batch: 1780, Acc: 24.27%, Loss: 1.8153
Epoch: 20, Batch: 1790, Acc: 24.28%, Loss: 1.7552
Epoch: 20, Batch: 1800, Acc: 24.27%, Loss: 1.8173
Epoch: 20, Batch: 1810, Acc: 24.27%, Loss: 1.7845
Epoch: 20, Batch: 1820, Acc: 24.27%, Loss: 1.8115
Epoch: 20, Batch: 1830, Acc: 24.26%, Loss: 1.8192
Epoch: 20, Batch: 1840, Acc: 24.26%, Loss: 1.7787
Epoch: 20, Batch: 1850, Acc: 24.27%, Loss: 1.7739
Epoch: 20, Batch: 1860, Acc: 24.28%, Loss: 1.7800
Epoch: 20, Batch: 1870, Acc: 24.27%, Loss: 1.8043
Epoch: 20, Batch: 1880, Acc: 24.27%, Loss: 1.8216
Epoch: 20, Batch: 1890, Acc: 24.26%, Loss: 1.8214
Epoch: 20, Batch: 1900, Acc: 24.24%, Loss: 1.8478
Epoch: 20, Batch: 1910, Acc: 24.24%, Loss: 1.7993
Epoch: 20, Batch: 1920, Acc: 24.25%, Loss: 1.7733
Epoch: 20, Batch: 1930, Acc: 24.26%, Loss: 1.7726
Epoch: 20, Batch: 1940, Acc: 24.25%, Loss: 1.8140
Epoch: 20, Batch: 1950, Acc: 24.25%, Loss: 1.8240
Epoch: 20, Batch: 1960, Acc: 24.25%, Loss: 1.8008
Epoch: 20, Batch: 1970, Acc: 24.24%, Loss: 1.8182
Epoch: 20, Batch: 1980, Acc: 24.25%, Loss: 1.7725
Epoch: 20, Batch: 1990, Acc: 24.25%, Loss: 1.8000
Epoch: 20, Batch: 2000, Acc: 24.25%, Loss: 1.7975
Epoch: 20, Batch: 2010, Acc: 24.25%, Loss: 1.7905
Epoch: 20, Batch: 2020, Acc: 24.26%, Loss: 1.7557
Epoch: 20, Batch: 2030, Acc: 24.26%, Loss: 1.7801
Epoch: 20, Batch: 2040, Acc: 24.27%, Loss: 1.7740
Epoch: 20, Batch: 2050, Acc: 24.27%, Loss: 1.7731
Epoch: 20, Batch: 2060, Acc: 24.27%, Loss: 1.8018
Epoch: 20, Batch: 2070, Acc: 24.27%, Loss: 1.7659
Epoch: 20, Batch: 2080, Acc: 24.27%, Loss: 1.7791
Epoch: 20, Batch: 2090, Acc: 24.28%, Loss: 1.7768
Epoch: 20, Batch: 2100, Acc: 24.29%, Loss: 1.7635
Epoch: 20, Batch: 2110, Acc: 24.29%, Loss: 1.7837
Epoch: 20, Batch: 2120, Acc: 24.30%, Loss: 1.7590
Epoch: 20, Batch: 2130, Acc: 24.29%, Loss: 1.8316
Epoch: 20, Batch: 2140, Acc: 24.28%, Loss: 1.8094
Epoch: 20, Batch: 2150, Acc: 24.28%, Loss: 1.7849
Epoch: 20, Batch: 2160, Acc: 24.28%, Loss: 1.7751
Epoch: 20, Batch: 2170, Acc: 24.28%, Loss: 1.7791
Epoch: 20, Batch: 2180, Acc: 24.27%, Loss: 1.8015
Epoch: 20, Batch: 2190, Acc: 24.27%, Loss: 1.8095
Epoch: 20, Batch: 2200, Acc: 24.29%, Loss: 1.7469
Epoch: 20, Batch: 2210, Acc: 24.29%, Loss: 1.7847
Epoch: 20, Batch: 2220, Acc: 24.30%, Loss: 1.7610
Epoch: 20, Batch: 2230, Acc: 24.31%, Loss: 1.7584
Epoch: 20, Batch: 2240, Acc: 24.31%, Loss: 1.8006
Epoch: 20, Batch: 2250, Acc: 24.32%, Loss: 1.7895
Epoch: 20, Batch: 2260, Acc: 24.31%, Loss: 1.8093
Epoch: 20, Batch: 2270, Acc: 24.32%, Loss: 1.7734
Epoch: 20, Batch: 2280, Acc: 24.32%, Loss: 1.7870
Epoch: 20, Batch: 2290, Acc: 24.32%, Loss: 1.7704
Epoch: 20, Batch: 2300, Acc: 24.32%, Loss: 1.7655
Epoch: 20, Batch: 2310, Acc: 24.32%, Loss: 1.8089
Epoch: 20, Batch: 2320, Acc: 24.33%, Loss: 1.8303
Epoch: 20, Batch: 2330, Acc: 24.33%, Loss: 1.7866
Epoch: 20, Batch: 2340, Acc: 24.34%, Loss: 1.7603
Epoch: 20, Batch: 2350, Acc: 24.33%, Loss: 1.8310
Epoch: 20, Batch: 2360, Acc: 24.33%, Loss: 1.7783
Epoch: 20, Batch: 2370, Acc: 24.34%, Loss: 1.7797
Epoch: 20, Batch: 2380, Acc: 24.34%, Loss: 1.7921
Epoch: 20, Batch: 2390, Acc: 24.34%, Loss: 1.8189
Epoch: 20, Batch: 2400, Acc: 24.35%, Loss: 1.7415
Epoch: 20, Batch: 2410, Acc: 24.34%, Loss: 1.8152
Epoch: 20, Batch: 2420, Acc: 24.35%, Loss: 1.7712
Epoch: 20, Batch: 2430, Acc: 24.35%, Loss: 1.7890
Epoch: 20, Batch: 2440, Acc: 24.35%, Loss: 1.7895
Epoch: 20, Batch: 2450, Acc: 24.35%, Loss: 1.7807
Epoch: 20, Batch: 2460, Acc: 24.35%, Loss: 1.7906
Epoch: 20, Batch: 2470, Acc: 24.35%, Loss: 1.8124
Epoch: 20, Batch: 2480, Acc: 24.35%, Loss: 1.7765
Epoch: 20, Batch: 2490, Acc: 24.34%, Loss: 1.7835
Epoch: 20, Batch: 2500, Acc: 24.35%, Loss: 1.7649
Epoch: 20, Batch: 2510, Acc: 24.35%, Loss: 1.7925
Epoch: 20, Batch: 2520, Acc: 24.35%, Loss: 1.8108
Epoch: 20, Batch: 2530, Acc: 24.37%, Loss: 1.7759
Epoch: 20, Batch: 2540, Acc: 24.37%, Loss: 1.7776
Epoch: 20, Batch: 2550, Acc: 24.37%, Loss: 1.8144
Epoch: 20, Batch: 2560, Acc: 24.37%, Loss: 1.7861
Epoch: 20, Batch: 2570, Acc: 24.37%, Loss: 1.8464
Epoch: 20, Batch: 2580, Acc: 24.36%, Loss: 1.7914
Epoch: 20, Batch: 2590, Acc: 24.37%, Loss: 1.7768
Epoch: 20, Batch: 2600, Acc: 24.36%, Loss: 1.7893
Epoch: 20, Batch: 2610, Acc: 24.36%, Loss: 1.7922
Epoch: 20, Batch: 2620, Acc: 24.36%, Loss: 1.7769
Epoch: 20, Batch: 2630, Acc: 24.36%, Loss: 1.8356
Epoch: 20, Batch: 2640, Acc: 24.36%, Loss: 1.7867
Epoch: 20, Batch: 2650, Acc: 24.36%, Loss: 1.7478
Epoch: 20, Batch: 2660, Acc: 24.36%, Loss: 1.7493
Epoch: 20, Batch: 2670, Acc: 24.36%, Loss: 1.7687
Epoch: 20, Batch: 2680, Acc: 24.37%, Loss: 1.7676
Epoch: 20, Batch: 2690, Acc: 24.37%, Loss: 1.7674
Epoch: 20, Batch: 2700, Acc: 24.36%, Loss: 1.7941
Epoch: 20, Batch: 2710, Acc: 24.35%, Loss: 1.8215
Epoch: 20, Batch: 2720, Acc: 24.37%, Loss: 1.7127
Epoch: 20, Batch: 2730, Acc: 24.36%, Loss: 1.8076
Epoch: 20, Batch: 2740, Acc: 24.36%, Loss: 1.8237
Epoch: 20, Batch: 2750, Acc: 24.35%, Loss: 1.8261
Epoch: 20, Batch: 2760, Acc: 24.36%, Loss: 1.7684
Epoch: 20, Batch: 2770, Acc: 24.35%, Loss: 1.7809
Epoch: 20, Batch: 2780, Acc: 24.35%, Loss: 1.7841
Epoch: 20, Batch: 2790, Acc: 24.35%, Loss: 1.8007
Epoch: 20, Batch: 2800, Acc: 24.34%, Loss: 1.7920
Epoch: 20, Batch: 2810, Acc: 24.34%, Loss: 1.7964
Epoch: 20, Batch: 2820, Acc: 24.35%, Loss: 1.7585
Epoch: 20, Batch: 2830, Acc: 24.35%, Loss: 1.7921
Epoch: 20, Batch: 2840, Acc: 24.35%, Loss: 1.7993
Epoch: 20, Batch: 2850, Acc: 24.34%, Loss: 1.7974
Epoch: 20, Batch: 2860, Acc: 24.34%, Loss: 1.8017
Epoch: 20, Batch: 2870, Acc: 24.34%, Loss: 1.7451
Epoch: 20, Batch: 2880, Acc: 24.33%, Loss: 1.7833
Accuracy on test set: 45.89%, Val loss: 2.2423
Epoch 20: train_loss=1.7893, val_acc=45.89, best_val_acc=45.89, es_counter=0
Epoch: 21, Batch: 10, Acc: 25.31%, Loss: 1.7825
Epoch: 21, Batch: 20, Acc: 26.95%, Loss: 1.7470
Epoch: 21, Batch: 30, Acc: 25.94%, Loss: 1.8175
Epoch: 21, Batch: 40, Acc: 25.08%, Loss: 1.8117
Epoch: 21, Batch: 50, Acc: 24.94%, Loss: 1.7706
Epoch: 21, Batch: 60, Acc: 25.26%, Loss: 1.7342
Epoch: 21, Batch: 70, Acc: 25.00%, Loss: 1.7828
Epoch: 21, Batch: 80, Acc: 24.77%, Loss: 1.8068
Epoch: 21, Batch: 90, Acc: 24.62%, Loss: 1.8234
Epoch: 21, Batch: 100, Acc: 24.53%, Loss: 1.8064
Epoch: 21, Batch: 110, Acc: 24.30%, Loss: 1.8099
Epoch: 21, Batch: 120, Acc: 24.30%, Loss: 1.7527
Epoch: 21, Batch: 130, Acc: 24.17%, Loss: 1.7898
Epoch: 21, Batch: 140, Acc: 23.95%, Loss: 1.8441
Epoch: 21, Batch: 150, Acc: 24.07%, Loss: 1.7776
Epoch: 21, Batch: 160, Acc: 24.27%, Loss: 1.7366
Epoch: 21, Batch: 170, Acc: 24.26%, Loss: 1.8107
Epoch: 21, Batch: 180, Acc: 24.26%, Loss: 1.7911
Epoch: 21, Batch: 190, Acc: 24.29%, Loss: 1.7829
Epoch: 21, Batch: 200, Acc: 24.30%, Loss: 1.7826
Epoch: 21, Batch: 210, Acc: 24.27%, Loss: 1.7956
Epoch: 21, Batch: 220, Acc: 24.18%, Loss: 1.8260
Epoch: 21, Batch: 230, Acc: 24.27%, Loss: 1.7844
Epoch: 21, Batch: 240, Acc: 24.36%, Loss: 1.7937
Epoch: 21, Batch: 250, Acc: 24.31%, Loss: 1.7812
Epoch: 21, Batch: 260, Acc: 24.42%, Loss: 1.7863
Epoch: 21, Batch: 270, Acc: 24.44%, Loss: 1.7485
Epoch: 21, Batch: 280, Acc: 24.46%, Loss: 1.8143
Epoch: 21, Batch: 290, Acc: 24.60%, Loss: 1.7473
Epoch: 21, Batch: 300, Acc: 24.59%, Loss: 1.7860
Epoch: 21, Batch: 310, Acc: 24.61%, Loss: 1.8008
Epoch: 21, Batch: 320, Acc: 24.64%, Loss: 1.7578
Epoch: 21, Batch: 330, Acc: 24.66%, Loss: 1.7620
Epoch: 21, Batch: 340, Acc: 24.62%, Loss: 1.7876
Epoch: 21, Batch: 350, Acc: 24.62%, Loss: 1.7988
Epoch: 21, Batch: 360, Acc: 24.64%, Loss: 1.8147
Epoch: 21, Batch: 370, Acc: 24.63%, Loss: 1.8016
Epoch: 21, Batch: 380, Acc: 24.59%, Loss: 1.7796
Epoch: 21, Batch: 390, Acc: 24.54%, Loss: 1.8379
Epoch: 21, Batch: 400, Acc: 24.50%, Loss: 1.8206
Epoch: 21, Batch: 410, Acc: 24.49%, Loss: 1.7700
Epoch: 21, Batch: 420, Acc: 24.53%, Loss: 1.7668
Epoch: 21, Batch: 430, Acc: 24.52%, Loss: 1.8247
Epoch: 21, Batch: 440, Acc: 24.57%, Loss: 1.7577
Epoch: 21, Batch: 450, Acc: 24.51%, Loss: 1.8258
Epoch: 21, Batch: 460, Acc: 24.50%, Loss: 1.7874
Epoch: 21, Batch: 470, Acc: 24.54%, Loss: 1.7723
Epoch: 21, Batch: 480, Acc: 24.50%, Loss: 1.8245
Epoch: 21, Batch: 490, Acc: 24.46%, Loss: 1.7832
Epoch: 21, Batch: 500, Acc: 24.43%, Loss: 1.8103
Epoch: 21, Batch: 510, Acc: 24.46%, Loss: 1.7817
Epoch: 21, Batch: 520, Acc: 24.50%, Loss: 1.7814
Epoch: 21, Batch: 530, Acc: 24.50%, Loss: 1.8093
Epoch: 21, Batch: 540, Acc: 24.48%, Loss: 1.7740
Epoch: 21, Batch: 550, Acc: 24.50%, Loss: 1.7618
Epoch: 21, Batch: 560, Acc: 24.43%, Loss: 1.8610
Epoch: 21, Batch: 570, Acc: 24.44%, Loss: 1.7795
Epoch: 21, Batch: 580, Acc: 24.47%, Loss: 1.7697
Epoch: 21, Batch: 590, Acc: 24.45%, Loss: 1.8152
Epoch: 21, Batch: 600, Acc: 24.44%, Loss: 1.7887
Epoch: 21, Batch: 610, Acc: 24.45%, Loss: 1.7933
Epoch: 21, Batch: 620, Acc: 24.45%, Loss: 1.7734
Epoch: 21, Batch: 630, Acc: 24.45%, Loss: 1.7867
Epoch: 21, Batch: 640, Acc: 24.48%, Loss: 1.7907
Epoch: 21, Batch: 650, Acc: 24.52%, Loss: 1.7263
Epoch: 21, Batch: 660, Acc: 24.51%, Loss: 1.7765
Epoch: 21, Batch: 670, Acc: 24.52%, Loss: 1.7782
Epoch: 21, Batch: 680, Acc: 24.51%, Loss: 1.8109
Epoch: 21, Batch: 690, Acc: 24.46%, Loss: 1.8335
Epoch: 21, Batch: 700, Acc: 24.44%, Loss: 1.7920
Epoch: 21, Batch: 710, Acc: 24.45%, Loss: 1.7819
Epoch: 21, Batch: 720, Acc: 24.48%, Loss: 1.7790
Epoch: 21, Batch: 730, Acc: 24.46%, Loss: 1.7855
Epoch: 21, Batch: 740, Acc: 24.44%, Loss: 1.8031
Epoch: 21, Batch: 750, Acc: 24.46%, Loss: 1.7592
Epoch: 21, Batch: 760, Acc: 24.44%, Loss: 1.7958
Epoch: 21, Batch: 770, Acc: 24.47%, Loss: 1.7716
Epoch: 21, Batch: 780, Acc: 24.46%, Loss: 1.8085
Epoch: 21, Batch: 790, Acc: 24.42%, Loss: 1.8610
Epoch: 21, Batch: 800, Acc: 24.39%, Loss: 1.8313
Epoch: 21, Batch: 810, Acc: 24.35%, Loss: 1.8360
Epoch: 21, Batch: 820, Acc: 24.37%, Loss: 1.7824
Epoch: 21, Batch: 830, Acc: 24.40%, Loss: 1.7332
Epoch: 21, Batch: 840, Acc: 24.40%, Loss: 1.7800
Epoch: 21, Batch: 850, Acc: 24.40%, Loss: 1.7693
Epoch: 21, Batch: 860, Acc: 24.40%, Loss: 1.7897
Epoch: 21, Batch: 870, Acc: 24.41%, Loss: 1.7930
Epoch: 21, Batch: 880, Acc: 24.39%, Loss: 1.8094
Epoch: 21, Batch: 890, Acc: 24.41%, Loss: 1.7396
Epoch: 21, Batch: 900, Acc: 24.40%, Loss: 1.7905
Epoch: 21, Batch: 910, Acc: 24.39%, Loss: 1.7927
Epoch: 21, Batch: 920, Acc: 24.40%, Loss: 1.7744
Epoch: 21, Batch: 930, Acc: 24.41%, Loss: 1.7841
Epoch: 21, Batch: 940, Acc: 24.44%, Loss: 1.7610
Epoch: 21, Batch: 950, Acc: 24.48%, Loss: 1.7589
Epoch: 21, Batch: 960, Acc: 24.46%, Loss: 1.7760
Epoch: 21, Batch: 970, Acc: 24.45%, Loss: 1.7913
Epoch: 21, Batch: 980, Acc: 24.47%, Loss: 1.7491
Epoch: 21, Batch: 990, Acc: 24.46%, Loss: 1.8213
Epoch: 21, Batch: 1000, Acc: 24.45%, Loss: 1.8124
Epoch: 21, Batch: 1010, Acc: 24.44%, Loss: 1.8292
Epoch: 21, Batch: 1020, Acc: 24.44%, Loss: 1.7820
Epoch: 21, Batch: 1030, Acc: 24.46%, Loss: 1.7870
Epoch: 21, Batch: 1040, Acc: 24.47%, Loss: 1.7579
Epoch: 21, Batch: 1050, Acc: 24.49%, Loss: 1.7661
Epoch: 21, Batch: 1060, Acc: 24.50%, Loss: 1.7629
Epoch: 21, Batch: 1070, Acc: 24.50%, Loss: 1.7736
Epoch: 21, Batch: 1080, Acc: 24.49%, Loss: 1.7915
Epoch: 21, Batch: 1090, Acc: 24.47%, Loss: 1.8241
Epoch: 21, Batch: 1100, Acc: 24.48%, Loss: 1.7440
Epoch: 21, Batch: 1110, Acc: 24.49%, Loss: 1.7732
Epoch: 21, Batch: 1120, Acc: 24.47%, Loss: 1.8481
Epoch: 21, Batch: 1130, Acc: 24.46%, Loss: 1.8217
Epoch: 21, Batch: 1140, Acc: 24.49%, Loss: 1.7641
Epoch: 21, Batch: 1150, Acc: 24.49%, Loss: 1.7747
Epoch: 21, Batch: 1160, Acc: 24.52%, Loss: 1.7882
Epoch: 21, Batch: 1170, Acc: 24.52%, Loss: 1.7914
Epoch: 21, Batch: 1180, Acc: 24.53%, Loss: 1.7721
Epoch: 21, Batch: 1190, Acc: 24.52%, Loss: 1.8118
Epoch: 21, Batch: 1200, Acc: 24.51%, Loss: 1.7854
Epoch: 21, Batch: 1210, Acc: 24.51%, Loss: 1.7830
Epoch: 21, Batch: 1220, Acc: 24.51%, Loss: 1.7715
Epoch: 21, Batch: 1230, Acc: 24.51%, Loss: 1.7974
Epoch: 21, Batch: 1240, Acc: 24.50%, Loss: 1.8025
Epoch: 21, Batch: 1250, Acc: 24.48%, Loss: 1.8436
Epoch: 21, Batch: 1260, Acc: 24.48%, Loss: 1.7749
Epoch: 21, Batch: 1270, Acc: 24.47%, Loss: 1.7908
Epoch: 21, Batch: 1280, Acc: 24.48%, Loss: 1.7452
Epoch: 21, Batch: 1290, Acc: 24.48%, Loss: 1.7723
Epoch: 21, Batch: 1300, Acc: 24.47%, Loss: 1.8096
Epoch: 21, Batch: 1310, Acc: 24.46%, Loss: 1.7871
Epoch: 21, Batch: 1320, Acc: 24.50%, Loss: 1.7480
Epoch: 21, Batch: 1330, Acc: 24.50%, Loss: 1.7462
Epoch: 21, Batch: 1340, Acc: 24.50%, Loss: 1.7793
Epoch: 21, Batch: 1350, Acc: 24.49%, Loss: 1.8082
Epoch: 21, Batch: 1360, Acc: 24.46%, Loss: 1.8065
Epoch: 21, Batch: 1370, Acc: 24.48%, Loss: 1.7631
Epoch: 21, Batch: 1380, Acc: 24.45%, Loss: 1.8141
Epoch: 21, Batch: 1390, Acc: 24.46%, Loss: 1.8174
Epoch: 21, Batch: 1400, Acc: 24.45%, Loss: 1.8052
Epoch: 21, Batch: 1410, Acc: 24.46%, Loss: 1.7765
Epoch: 21, Batch: 1420, Acc: 24.46%, Loss: 1.8186
Epoch: 21, Batch: 1430, Acc: 24.47%, Loss: 1.7583
Epoch: 21, Batch: 1440, Acc: 24.47%, Loss: 1.7909
Epoch: 21, Batch: 1450, Acc: 24.47%, Loss: 1.7536
Epoch: 21, Batch: 1460, Acc: 24.49%, Loss: 1.7168
Epoch: 21, Batch: 1470, Acc: 24.48%, Loss: 1.8047
Epoch: 21, Batch: 1480, Acc: 24.50%, Loss: 1.7611
Epoch: 21, Batch: 1490, Acc: 24.50%, Loss: 1.8155
Epoch: 21, Batch: 1500, Acc: 24.50%, Loss: 1.8022
Epoch: 21, Batch: 1510, Acc: 24.50%, Loss: 1.7587
Epoch: 21, Batch: 1520, Acc: 24.47%, Loss: 1.8180
Epoch: 21, Batch: 1530, Acc: 24.49%, Loss: 1.7926
Epoch: 21, Batch: 1540, Acc: 24.48%, Loss: 1.8207
Epoch: 21, Batch: 1550, Acc: 24.51%, Loss: 1.7155
Epoch: 21, Batch: 1560, Acc: 24.51%, Loss: 1.7935
Epoch: 21, Batch: 1570, Acc: 24.51%, Loss: 1.7818
Epoch: 21, Batch: 1580, Acc: 24.51%, Loss: 1.7783
Epoch: 21, Batch: 1590, Acc: 24.51%, Loss: 1.7815
Epoch: 21, Batch: 1600, Acc: 24.51%, Loss: 1.8102
Epoch: 21, Batch: 1610, Acc: 24.51%, Loss: 1.7785
Epoch: 21, Batch: 1620, Acc: 24.51%, Loss: 1.8061
Epoch: 21, Batch: 1630, Acc: 24.51%, Loss: 1.7752
Epoch: 21, Batch: 1640, Acc: 24.49%, Loss: 1.8464
Epoch: 21, Batch: 1650, Acc: 24.49%, Loss: 1.7615
Epoch: 21, Batch: 1660, Acc: 24.49%, Loss: 1.8210
Epoch: 21, Batch: 1670, Acc: 24.48%, Loss: 1.8029
Epoch: 21, Batch: 1680, Acc: 24.48%, Loss: 1.7649
Epoch: 21, Batch: 1690, Acc: 24.49%, Loss: 1.7858
Epoch: 21, Batch: 1700, Acc: 24.48%, Loss: 1.8128
Epoch: 21, Batch: 1710, Acc: 24.48%, Loss: 1.7710
Epoch: 21, Batch: 1720, Acc: 24.48%, Loss: 1.7888
Epoch: 21, Batch: 1730, Acc: 24.48%, Loss: 1.8197
Epoch: 21, Batch: 1740, Acc: 24.48%, Loss: 1.7658
Epoch: 21, Batch: 1750, Acc: 24.48%, Loss: 1.8052
Epoch: 21, Batch: 1760, Acc: 24.48%, Loss: 1.8033
Epoch: 21, Batch: 1770, Acc: 24.49%, Loss: 1.7740
Epoch: 21, Batch: 1780, Acc: 24.49%, Loss: 1.7977
Epoch: 21, Batch: 1790, Acc: 24.50%, Loss: 1.7911
Epoch: 21, Batch: 1800, Acc: 24.49%, Loss: 1.7766
Epoch: 21, Batch: 1810, Acc: 24.49%, Loss: 1.7850
Epoch: 21, Batch: 1820, Acc: 24.49%, Loss: 1.8238
Epoch: 21, Batch: 1830, Acc: 24.49%, Loss: 1.7745
Epoch: 21, Batch: 1840, Acc: 24.51%, Loss: 1.7757
Epoch: 21, Batch: 1850, Acc: 24.52%, Loss: 1.7568
Epoch: 21, Batch: 1860, Acc: 24.52%, Loss: 1.7940
Epoch: 21, Batch: 1870, Acc: 24.51%, Loss: 1.7995
Epoch: 21, Batch: 1880, Acc: 24.50%, Loss: 1.8472
Epoch: 21, Batch: 1890, Acc: 24.52%, Loss: 1.7236
Epoch: 21, Batch: 1900, Acc: 24.52%, Loss: 1.7867
Epoch: 21, Batch: 1910, Acc: 24.51%, Loss: 1.8098
Epoch: 21, Batch: 1920, Acc: 24.52%, Loss: 1.7514
Epoch: 21, Batch: 1930, Acc: 24.54%, Loss: 1.7506
Epoch: 21, Batch: 1940, Acc: 24.53%, Loss: 1.7762
Epoch: 21, Batch: 1950, Acc: 24.52%, Loss: 1.8088
Epoch: 21, Batch: 1960, Acc: 24.52%, Loss: 1.7872
Epoch: 21, Batch: 1970, Acc: 24.52%, Loss: 1.7807
Epoch: 21, Batch: 1980, Acc: 24.52%, Loss: 1.7883
Epoch: 21, Batch: 1990, Acc: 24.52%, Loss: 1.8210
Epoch: 21, Batch: 2000, Acc: 24.51%, Loss: 1.8403
Epoch: 21, Batch: 2010, Acc: 24.51%, Loss: 1.7651
Epoch: 21, Batch: 2020, Acc: 24.49%, Loss: 1.8265
Epoch: 21, Batch: 2030, Acc: 24.50%, Loss: 1.7830
Epoch: 21, Batch: 2040, Acc: 24.49%, Loss: 1.7871
Epoch: 21, Batch: 2050, Acc: 24.50%, Loss: 1.8127
Epoch: 21, Batch: 2060, Acc: 24.48%, Loss: 1.7952
Epoch: 21, Batch: 2070, Acc: 24.48%, Loss: 1.8164
Epoch: 21, Batch: 2080, Acc: 24.46%, Loss: 1.8242
Epoch: 21, Batch: 2090, Acc: 24.47%, Loss: 1.7846
Epoch: 21, Batch: 2100, Acc: 24.48%, Loss: 1.7428
Epoch: 21, Batch: 2110, Acc: 24.48%, Loss: 1.8093
Epoch: 21, Batch: 2120, Acc: 24.48%, Loss: 1.7661
Epoch: 21, Batch: 2130, Acc: 24.48%, Loss: 1.7701
Epoch: 21, Batch: 2140, Acc: 24.47%, Loss: 1.8142
Epoch: 21, Batch: 2150, Acc: 24.48%, Loss: 1.7617
Epoch: 21, Batch: 2160, Acc: 24.48%, Loss: 1.7988
Epoch: 21, Batch: 2170, Acc: 24.48%, Loss: 1.7982
Epoch: 21, Batch: 2180, Acc: 24.47%, Loss: 1.7951
Epoch: 21, Batch: 2190, Acc: 24.47%, Loss: 1.7989
Epoch: 21, Batch: 2200, Acc: 24.46%, Loss: 1.7866
Epoch: 21, Batch: 2210, Acc: 24.46%, Loss: 1.8216
Epoch: 21, Batch: 2220, Acc: 24.46%, Loss: 1.8186
Epoch: 21, Batch: 2230, Acc: 24.46%, Loss: 1.8114
Epoch: 21, Batch: 2240, Acc: 24.46%, Loss: 1.7868
Epoch: 21, Batch: 2250, Acc: 24.47%, Loss: 1.7796
Epoch: 21, Batch: 2260, Acc: 24.47%, Loss: 1.8204
Epoch: 21, Batch: 2270, Acc: 24.46%, Loss: 1.8404
Epoch: 21, Batch: 2280, Acc: 24.46%, Loss: 1.7738
Epoch: 21, Batch: 2290, Acc: 24.46%, Loss: 1.7906
Epoch: 21, Batch: 2300, Acc: 24.47%, Loss: 1.7388
Epoch: 21, Batch: 2310, Acc: 24.47%, Loss: 1.7946
Epoch: 21, Batch: 2320, Acc: 24.47%, Loss: 1.7797
Epoch: 21, Batch: 2330, Acc: 24.48%, Loss: 1.7581
Epoch: 21, Batch: 2340, Acc: 24.48%, Loss: 1.8137
Epoch: 21, Batch: 2350, Acc: 24.48%, Loss: 1.8041
Epoch: 21, Batch: 2360, Acc: 24.48%, Loss: 1.7901
Epoch: 21, Batch: 2370, Acc: 24.50%, Loss: 1.7289
Epoch: 21, Batch: 2380, Acc: 24.50%, Loss: 1.7786
Epoch: 21, Batch: 2390, Acc: 24.50%, Loss: 1.8047
Epoch: 21, Batch: 2400, Acc: 24.49%, Loss: 1.8069
Epoch: 21, Batch: 2410, Acc: 24.49%, Loss: 1.7684
Epoch: 21, Batch: 2420, Acc: 24.49%, Loss: 1.7684
Epoch: 21, Batch: 2430, Acc: 24.49%, Loss: 1.7675
Epoch: 21, Batch: 2440, Acc: 24.49%, Loss: 1.8173
Epoch: 21, Batch: 2450, Acc: 24.49%, Loss: 1.7929
Epoch: 21, Batch: 2460, Acc: 24.49%, Loss: 1.7504
Epoch: 21, Batch: 2470, Acc: 24.50%, Loss: 1.7812
Epoch: 21, Batch: 2480, Acc: 24.51%, Loss: 1.7346
Epoch: 21, Batch: 2490, Acc: 24.50%, Loss: 1.8020
Epoch: 21, Batch: 2500, Acc: 24.50%, Loss: 1.7868
Epoch: 21, Batch: 2510, Acc: 24.51%, Loss: 1.7597
Epoch: 21, Batch: 2520, Acc: 24.50%, Loss: 1.8216
Epoch: 21, Batch: 2530, Acc: 24.51%, Loss: 1.7801
Epoch: 21, Batch: 2540, Acc: 24.51%, Loss: 1.7807
Epoch: 21, Batch: 2550, Acc: 24.51%, Loss: 1.7878
Epoch: 21, Batch: 2560, Acc: 24.52%, Loss: 1.7878
Epoch: 21, Batch: 2570, Acc: 24.51%, Loss: 1.8364
Epoch: 21, Batch: 2580, Acc: 24.52%, Loss: 1.7751
Epoch: 21, Batch: 2590, Acc: 24.51%, Loss: 1.7995
Epoch: 21, Batch: 2600, Acc: 24.51%, Loss: 1.7636
Epoch: 21, Batch: 2610, Acc: 24.51%, Loss: 1.7974
Epoch: 21, Batch: 2620, Acc: 24.51%, Loss: 1.7968
Epoch: 21, Batch: 2630, Acc: 24.50%, Loss: 1.8118
Epoch: 21, Batch: 2640, Acc: 24.50%, Loss: 1.7786
Epoch: 21, Batch: 2650, Acc: 24.50%, Loss: 1.7897
Epoch: 21, Batch: 2660, Acc: 24.49%, Loss: 1.8483
Epoch: 21, Batch: 2670, Acc: 24.49%, Loss: 1.7799
Epoch: 21, Batch: 2680, Acc: 24.48%, Loss: 1.8171
Epoch: 21, Batch: 2690, Acc: 24.48%, Loss: 1.7820
Epoch: 21, Batch: 2700, Acc: 24.48%, Loss: 1.7850
Epoch: 21, Batch: 2710, Acc: 24.48%, Loss: 1.7706
Epoch: 21, Batch: 2720, Acc: 24.48%, Loss: 1.7908
Epoch: 21, Batch: 2730, Acc: 24.48%, Loss: 1.7732
Epoch: 21, Batch: 2740, Acc: 24.48%, Loss: 1.7998
Epoch: 21, Batch: 2750, Acc: 24.48%, Loss: 1.7691
Epoch: 21, Batch: 2760, Acc: 24.48%, Loss: 1.7696
Epoch: 21, Batch: 2770, Acc: 24.49%, Loss: 1.7630
Epoch: 21, Batch: 2780, Acc: 24.50%, Loss: 1.7654
Epoch: 21, Batch: 2790, Acc: 24.49%, Loss: 1.8050
Epoch: 21, Batch: 2800, Acc: 24.48%, Loss: 1.7921
Epoch: 21, Batch: 2810, Acc: 24.49%, Loss: 1.7685
Epoch: 21, Batch: 2820, Acc: 24.49%, Loss: 1.7759
Epoch: 21, Batch: 2830, Acc: 24.48%, Loss: 1.8431
Epoch: 21, Batch: 2840, Acc: 24.49%, Loss: 1.7958
Epoch: 21, Batch: 2850, Acc: 24.48%, Loss: 1.8034
Epoch: 21, Batch: 2860, Acc: 24.48%, Loss: 1.7997
Epoch: 21, Batch: 2870, Acc: 24.48%, Loss: 1.8084
Epoch: 21, Batch: 2880, Acc: 24.47%, Loss: 1.7734
Accuracy on test set: 45.93%, Val loss: 2.2427
Epoch 21: train_loss=1.7889, val_acc=45.93, best_val_acc=45.93, es_counter=0
Epoch: 22, Batch: 10, Acc: 25.62%, Loss: 1.7550
Epoch: 22, Batch: 20, Acc: 25.23%, Loss: 1.7873
Epoch: 22, Batch: 30, Acc: 24.69%, Loss: 1.8035
Epoch: 22, Batch: 40, Acc: 24.38%, Loss: 1.7724
Epoch: 22, Batch: 50, Acc: 24.53%, Loss: 1.7673
Epoch: 22, Batch: 60, Acc: 24.51%, Loss: 1.7583
Epoch: 22, Batch: 70, Acc: 24.49%, Loss: 1.7576
Epoch: 22, Batch: 80, Acc: 24.00%, Loss: 1.8362
Epoch: 22, Batch: 90, Acc: 23.89%, Loss: 1.8077
Epoch: 22, Batch: 100, Acc: 23.61%, Loss: 1.8443
Epoch: 22, Batch: 110, Acc: 24.02%, Loss: 1.7482
Epoch: 22, Batch: 120, Acc: 24.06%, Loss: 1.7775
Epoch: 22, Batch: 130, Acc: 24.09%, Loss: 1.7954
Epoch: 22, Batch: 140, Acc: 24.00%, Loss: 1.7833
Epoch: 22, Batch: 150, Acc: 23.86%, Loss: 1.8377
Epoch: 22, Batch: 160, Acc: 24.10%, Loss: 1.7553
Epoch: 22, Batch: 170, Acc: 24.15%, Loss: 1.7905
Epoch: 22, Batch: 180, Acc: 24.25%, Loss: 1.7965
Epoch: 22, Batch: 190, Acc: 24.14%, Loss: 1.8123
Epoch: 22, Batch: 200, Acc: 24.24%, Loss: 1.7908
Epoch: 22, Batch: 210, Acc: 24.28%, Loss: 1.8109
Epoch: 22, Batch: 220, Acc: 24.20%, Loss: 1.8216
Epoch: 22, Batch: 230, Acc: 24.08%, Loss: 1.7949
Epoch: 22, Batch: 240, Acc: 24.06%, Loss: 1.7879
Epoch: 22, Batch: 250, Acc: 24.11%, Loss: 1.7530
Epoch: 22, Batch: 260, Acc: 24.12%, Loss: 1.7926
Epoch: 22, Batch: 270, Acc: 24.10%, Loss: 1.8145
Epoch: 22, Batch: 280, Acc: 24.02%, Loss: 1.8219
Epoch: 22, Batch: 290, Acc: 24.05%, Loss: 1.7861
Epoch: 22, Batch: 300, Acc: 24.06%, Loss: 1.7749
Epoch: 22, Batch: 310, Acc: 24.06%, Loss: 1.7904
Epoch: 22, Batch: 320, Acc: 24.16%, Loss: 1.7786
Epoch: 22, Batch: 330, Acc: 24.16%, Loss: 1.7759
Epoch: 22, Batch: 340, Acc: 24.11%, Loss: 1.8567
Epoch: 22, Batch: 350, Acc: 24.13%, Loss: 1.7813
Epoch: 22, Batch: 360, Acc: 24.12%, Loss: 1.7833
Epoch: 22, Batch: 370, Acc: 24.18%, Loss: 1.7323
Epoch: 22, Batch: 380, Acc: 24.22%, Loss: 1.7951
Epoch: 22, Batch: 390, Acc: 24.21%, Loss: 1.7877
Epoch: 22, Batch: 400, Acc: 24.26%, Loss: 1.7512
Epoch: 22, Batch: 410, Acc: 24.26%, Loss: 1.8013
Epoch: 22, Batch: 420, Acc: 24.24%, Loss: 1.8149
Epoch: 22, Batch: 430, Acc: 24.26%, Loss: 1.7899
Epoch: 22, Batch: 440, Acc: 24.26%, Loss: 1.7931
Epoch: 22, Batch: 450, Acc: 24.23%, Loss: 1.8080
Epoch: 22, Batch: 460, Acc: 24.23%, Loss: 1.8080
Epoch: 22, Batch: 470, Acc: 24.18%, Loss: 1.8167
Epoch: 22, Batch: 480, Acc: 24.20%, Loss: 1.8048
Epoch: 22, Batch: 490, Acc: 24.20%, Loss: 1.7796
Epoch: 22, Batch: 500, Acc: 24.14%, Loss: 1.8446
Epoch: 22, Batch: 510, Acc: 24.18%, Loss: 1.7875
Epoch: 22, Batch: 520, Acc: 24.20%, Loss: 1.7874
Epoch: 22, Batch: 530, Acc: 24.21%, Loss: 1.7831
Epoch: 22, Batch: 540, Acc: 24.28%, Loss: 1.7160
Epoch: 22, Batch: 550, Acc: 24.27%, Loss: 1.7956
Epoch: 22, Batch: 560, Acc: 24.28%, Loss: 1.8163
Epoch: 22, Batch: 570, Acc: 24.29%, Loss: 1.7818
Epoch: 22, Batch: 580, Acc: 24.30%, Loss: 1.7832
Epoch: 22, Batch: 590, Acc: 24.26%, Loss: 1.7908
Epoch: 22, Batch: 600, Acc: 24.23%, Loss: 1.7408
Epoch: 22, Batch: 610, Acc: 24.19%, Loss: 1.7967
Epoch: 22, Batch: 620, Acc: 24.20%, Loss: 1.7739
Epoch: 22, Batch: 630, Acc: 24.22%, Loss: 1.7672
Epoch: 22, Batch: 640, Acc: 24.23%, Loss: 1.7942
Epoch: 22, Batch: 650, Acc: 24.21%, Loss: 1.8176
Epoch: 22, Batch: 660, Acc: 24.20%, Loss: 1.7657
Epoch: 22, Batch: 670, Acc: 24.20%, Loss: 1.7676
Epoch: 22, Batch: 680, Acc: 24.21%, Loss: 1.8050
Epoch: 22, Batch: 690, Acc: 24.20%, Loss: 1.8041
Epoch: 22, Batch: 700, Acc: 24.24%, Loss: 1.7406
Epoch: 22, Batch: 710, Acc: 24.23%, Loss: 1.8030
Epoch: 22, Batch: 720, Acc: 24.23%, Loss: 1.8193
Epoch: 22, Batch: 730, Acc: 24.24%, Loss: 1.8099
Epoch: 22, Batch: 740, Acc: 24.23%, Loss: 1.7794
Epoch: 22, Batch: 750, Acc: 24.26%, Loss: 1.7538
Epoch: 22, Batch: 760, Acc: 24.31%, Loss: 1.7358
Epoch: 22, Batch: 770, Acc: 24.32%, Loss: 1.8040
Epoch: 22, Batch: 780, Acc: 24.33%, Loss: 1.7815
Epoch: 22, Batch: 790, Acc: 24.35%, Loss: 1.7781
Epoch: 22, Batch: 800, Acc: 24.34%, Loss: 1.8180
Epoch: 22, Batch: 810, Acc: 24.36%, Loss: 1.7697
Epoch: 22, Batch: 820, Acc: 24.32%, Loss: 1.8284
Epoch: 22, Batch: 830, Acc: 24.34%, Loss: 1.7463
Epoch: 22, Batch: 840, Acc: 24.30%, Loss: 1.8161
Epoch: 22, Batch: 850, Acc: 24.26%, Loss: 1.8317
Epoch: 22, Batch: 860, Acc: 24.24%, Loss: 1.8158
Epoch: 22, Batch: 870, Acc: 24.27%, Loss: 1.7795
Epoch: 22, Batch: 880, Acc: 24.25%, Loss: 1.8154
Epoch: 22, Batch: 890, Acc: 24.27%, Loss: 1.7767
Epoch: 22, Batch: 900, Acc: 24.24%, Loss: 1.7944
Epoch: 22, Batch: 910, Acc: 24.25%, Loss: 1.7814
Epoch: 22, Batch: 920, Acc: 24.27%, Loss: 1.7987
Epoch: 22, Batch: 930, Acc: 24.26%, Loss: 1.7968
Epoch: 22, Batch: 940, Acc: 24.23%, Loss: 1.7845
Epoch: 22, Batch: 950, Acc: 24.23%, Loss: 1.7495
Epoch: 22, Batch: 960, Acc: 24.24%, Loss: 1.7810
Epoch: 22, Batch: 970, Acc: 24.25%, Loss: 1.7571
Epoch: 22, Batch: 980, Acc: 24.26%, Loss: 1.7889
Epoch: 22, Batch: 990, Acc: 24.27%, Loss: 1.8017
Epoch: 22, Batch: 1000, Acc: 24.26%, Loss: 1.8010
Epoch: 22, Batch: 1010, Acc: 24.27%, Loss: 1.7602
Epoch: 22, Batch: 1020, Acc: 24.28%, Loss: 1.7585
Epoch: 22, Batch: 1030, Acc: 24.27%, Loss: 1.8137
Epoch: 22, Batch: 1040, Acc: 24.28%, Loss: 1.7975
Epoch: 22, Batch: 1050, Acc: 24.28%, Loss: 1.7921
Epoch: 22, Batch: 1060, Acc: 24.29%, Loss: 1.8019
Epoch: 22, Batch: 1070, Acc: 24.27%, Loss: 1.8454
Epoch: 22, Batch: 1080, Acc: 24.25%, Loss: 1.8074
Epoch: 22, Batch: 1090, Acc: 24.27%, Loss: 1.7595
Epoch: 22, Batch: 1100, Acc: 24.28%, Loss: 1.7676
Epoch: 22, Batch: 1110, Acc: 24.31%, Loss: 1.7564
Epoch: 22, Batch: 1120, Acc: 24.33%, Loss: 1.7767
Epoch: 22, Batch: 1130, Acc: 24.32%, Loss: 1.8102
Epoch: 22, Batch: 1140, Acc: 24.31%, Loss: 1.8067
Epoch: 22, Batch: 1150, Acc: 24.30%, Loss: 1.7921
Epoch: 22, Batch: 1160, Acc: 24.31%, Loss: 1.7754
Epoch: 22, Batch: 1170, Acc: 24.32%, Loss: 1.7935
Epoch: 22, Batch: 1180, Acc: 24.34%, Loss: 1.7623
Epoch: 22, Batch: 1190, Acc: 24.36%, Loss: 1.7767
Epoch: 22, Batch: 1200, Acc: 24.36%, Loss: 1.8016
Epoch: 22, Batch: 1210, Acc: 24.38%, Loss: 1.7501
Epoch: 22, Batch: 1220, Acc: 24.40%, Loss: 1.7649
Epoch: 22, Batch: 1230, Acc: 24.41%, Loss: 1.7582
Epoch: 22, Batch: 1240, Acc: 24.39%, Loss: 1.8218
Epoch: 22, Batch: 1250, Acc: 24.37%, Loss: 1.8105
Epoch: 22, Batch: 1260, Acc: 24.35%, Loss: 1.8316
Epoch: 22, Batch: 1270, Acc: 24.34%, Loss: 1.8184
Epoch: 22, Batch: 1280, Acc: 24.36%, Loss: 1.7841
Epoch: 22, Batch: 1290, Acc: 24.39%, Loss: 1.7500
Epoch: 22, Batch: 1300, Acc: 24.39%, Loss: 1.7816
Epoch: 22, Batch: 1310, Acc: 24.40%, Loss: 1.7828
Epoch: 22, Batch: 1320, Acc: 24.40%, Loss: 1.7976
Epoch: 22, Batch: 1330, Acc: 24.41%, Loss: 1.7961
Epoch: 22, Batch: 1340, Acc: 24.37%, Loss: 1.8550
Epoch: 22, Batch: 1350, Acc: 24.38%, Loss: 1.7705
Epoch: 22, Batch: 1360, Acc: 24.38%, Loss: 1.7879
Epoch: 22, Batch: 1370, Acc: 24.39%, Loss: 1.7517
Epoch: 22, Batch: 1380, Acc: 24.38%, Loss: 1.8051
Epoch: 22, Batch: 1390, Acc: 24.37%, Loss: 1.7741
Epoch: 22, Batch: 1400, Acc: 24.37%, Loss: 1.7992
Epoch: 22, Batch: 1410, Acc: 24.37%, Loss: 1.8040
Epoch: 22, Batch: 1420, Acc: 24.37%, Loss: 1.8145
Epoch: 22, Batch: 1430, Acc: 24.37%, Loss: 1.7688
Epoch: 22, Batch: 1440, Acc: 24.38%, Loss: 1.7666
Epoch: 22, Batch: 1450, Acc: 24.37%, Loss: 1.8216
Epoch: 22, Batch: 1460, Acc: 24.38%, Loss: 1.7866
Epoch: 22, Batch: 1470, Acc: 24.38%, Loss: 1.7601
Epoch: 22, Batch: 1480, Acc: 24.39%, Loss: 1.7924
Epoch: 22, Batch: 1490, Acc: 24.37%, Loss: 1.7992
Epoch: 22, Batch: 1500, Acc: 24.36%, Loss: 1.8096
Epoch: 22, Batch: 1510, Acc: 24.37%, Loss: 1.7576
Epoch: 22, Batch: 1520, Acc: 24.36%, Loss: 1.8158
Epoch: 22, Batch: 1530, Acc: 24.36%, Loss: 1.8270
Epoch: 22, Batch: 1540, Acc: 24.37%, Loss: 1.7580
Epoch: 22, Batch: 1550, Acc: 24.36%, Loss: 1.8025
Epoch: 22, Batch: 1560, Acc: 24.35%, Loss: 1.8045
Epoch: 22, Batch: 1570, Acc: 24.34%, Loss: 1.8403
Epoch: 22, Batch: 1580, Acc: 24.33%, Loss: 1.8183
Epoch: 22, Batch: 1590, Acc: 24.33%, Loss: 1.7730
Epoch: 22, Batch: 1600, Acc: 24.36%, Loss: 1.7389
Epoch: 22, Batch: 1610, Acc: 24.35%, Loss: 1.7966
Epoch: 22, Batch: 1620, Acc: 24.34%, Loss: 1.8022
Epoch: 22, Batch: 1630, Acc: 24.35%, Loss: 1.7759
Epoch: 22, Batch: 1640, Acc: 24.36%, Loss: 1.7838
Epoch: 22, Batch: 1650, Acc: 24.37%, Loss: 1.8104
Epoch: 22, Batch: 1660, Acc: 24.35%, Loss: 1.7842
Epoch: 22, Batch: 1670, Acc: 24.35%, Loss: 1.7811
Epoch: 22, Batch: 1680, Acc: 24.34%, Loss: 1.8080
Epoch: 22, Batch: 1690, Acc: 24.33%, Loss: 1.7764
Epoch: 22, Batch: 1700, Acc: 24.32%, Loss: 1.8062
Epoch: 22, Batch: 1710, Acc: 24.32%, Loss: 1.8077
Epoch: 22, Batch: 1720, Acc: 24.32%, Loss: 1.7995
Epoch: 22, Batch: 1730, Acc: 24.33%, Loss: 1.7539
Epoch: 22, Batch: 1740, Acc: 24.33%, Loss: 1.7676
Epoch: 22, Batch: 1750, Acc: 24.33%, Loss: 1.7840
Epoch: 22, Batch: 1760, Acc: 24.34%, Loss: 1.7705
Epoch: 22, Batch: 1770, Acc: 24.35%, Loss: 1.7959
Epoch: 22, Batch: 1780, Acc: 24.35%, Loss: 1.7739
Epoch: 22, Batch: 1790, Acc: 24.35%, Loss: 1.8233
Epoch: 22, Batch: 1800, Acc: 24.35%, Loss: 1.7505
Epoch: 22, Batch: 1810, Acc: 24.36%, Loss: 1.7681
Epoch: 22, Batch: 1820, Acc: 24.36%, Loss: 1.7777
Epoch: 22, Batch: 1830, Acc: 24.35%, Loss: 1.8066
Epoch: 22, Batch: 1840, Acc: 24.34%, Loss: 1.8143
Epoch: 22, Batch: 1850, Acc: 24.35%, Loss: 1.7856
Epoch: 22, Batch: 1860, Acc: 24.37%, Loss: 1.7511
Epoch: 22, Batch: 1870, Acc: 24.36%, Loss: 1.7984
Epoch: 22, Batch: 1880, Acc: 24.35%, Loss: 1.8123
Epoch: 22, Batch: 1890, Acc: 24.37%, Loss: 1.7477
Epoch: 22, Batch: 1900, Acc: 24.37%, Loss: 1.7919
Epoch: 22, Batch: 1910, Acc: 24.36%, Loss: 1.8021
Epoch: 22, Batch: 1920, Acc: 24.35%, Loss: 1.8263
Epoch: 22, Batch: 1930, Acc: 24.35%, Loss: 1.7748
Epoch: 22, Batch: 1940, Acc: 24.34%, Loss: 1.8062
Epoch: 22, Batch: 1950, Acc: 24.33%, Loss: 1.8146
Epoch: 22, Batch: 1960, Acc: 24.33%, Loss: 1.8222
Epoch: 22, Batch: 1970, Acc: 24.32%, Loss: 1.8475
Epoch: 22, Batch: 1980, Acc: 24.31%, Loss: 1.8287
Epoch: 22, Batch: 1990, Acc: 24.32%, Loss: 1.7292
Epoch: 22, Batch: 2000, Acc: 24.32%, Loss: 1.7985
Epoch: 22, Batch: 2010, Acc: 24.32%, Loss: 1.7902
Epoch: 22, Batch: 2020, Acc: 24.32%, Loss: 1.7526
Epoch: 22, Batch: 2030, Acc: 24.32%, Loss: 1.7754
Epoch: 22, Batch: 2040, Acc: 24.31%, Loss: 1.8089
Epoch: 22, Batch: 2050, Acc: 24.30%, Loss: 1.8072
Epoch: 22, Batch: 2060, Acc: 24.30%, Loss: 1.7728
Epoch: 22, Batch: 2070, Acc: 24.30%, Loss: 1.7904
Epoch: 22, Batch: 2080, Acc: 24.31%, Loss: 1.8066
Epoch: 22, Batch: 2090, Acc: 24.29%, Loss: 1.8247
Epoch: 22, Batch: 2100, Acc: 24.30%, Loss: 1.7640
Epoch: 22, Batch: 2110, Acc: 24.30%, Loss: 1.7720
Epoch: 22, Batch: 2120, Acc: 24.31%, Loss: 1.7341
Epoch: 22, Batch: 2130, Acc: 24.31%, Loss: 1.7764
Epoch: 22, Batch: 2140, Acc: 24.31%, Loss: 1.7947
Epoch: 22, Batch: 2150, Acc: 24.31%, Loss: 1.7675
Epoch: 22, Batch: 2160, Acc: 24.32%, Loss: 1.7757
Epoch: 22, Batch: 2170, Acc: 24.34%, Loss: 1.7299
Epoch: 22, Batch: 2180, Acc: 24.34%, Loss: 1.7637
Epoch: 22, Batch: 2190, Acc: 24.34%, Loss: 1.7745
Epoch: 22, Batch: 2200, Acc: 24.35%, Loss: 1.7654
Epoch: 22, Batch: 2210, Acc: 24.35%, Loss: 1.7806
Epoch: 22, Batch: 2220, Acc: 24.35%, Loss: 1.8073
Epoch: 22, Batch: 2230, Acc: 24.36%, Loss: 1.7986
Epoch: 22, Batch: 2240, Acc: 24.37%, Loss: 1.7590
Epoch: 22, Batch: 2250, Acc: 24.37%, Loss: 1.7615
Epoch: 22, Batch: 2260, Acc: 24.37%, Loss: 1.8040
Epoch: 22, Batch: 2270, Acc: 24.37%, Loss: 1.8007
Epoch: 22, Batch: 2280, Acc: 24.37%, Loss: 1.8017
Epoch: 22, Batch: 2290, Acc: 24.37%, Loss: 1.8004
Epoch: 22, Batch: 2300, Acc: 24.39%, Loss: 1.7480
Epoch: 22, Batch: 2310, Acc: 24.39%, Loss: 1.7601
Epoch: 22, Batch: 2320, Acc: 24.39%, Loss: 1.7665
Epoch: 22, Batch: 2330, Acc: 24.40%, Loss: 1.7527
Epoch: 22, Batch: 2340, Acc: 24.40%, Loss: 1.7673
Epoch: 22, Batch: 2350, Acc: 24.40%, Loss: 1.7890
Epoch: 22, Batch: 2360, Acc: 24.38%, Loss: 1.8255
Epoch: 22, Batch: 2370, Acc: 24.38%, Loss: 1.7547
Epoch: 22, Batch: 2380, Acc: 24.38%, Loss: 1.7904
Epoch: 22, Batch: 2390, Acc: 24.39%, Loss: 1.7997
Epoch: 22, Batch: 2400, Acc: 24.38%, Loss: 1.7790
Epoch: 22, Batch: 2410, Acc: 24.38%, Loss: 1.7854
Epoch: 22, Batch: 2420, Acc: 24.39%, Loss: 1.7733
Epoch: 22, Batch: 2430, Acc: 24.38%, Loss: 1.8001
Epoch: 22, Batch: 2440, Acc: 24.38%, Loss: 1.7897
Epoch: 22, Batch: 2450, Acc: 24.37%, Loss: 1.8274
Epoch: 22, Batch: 2460, Acc: 24.38%, Loss: 1.7625
Epoch: 22, Batch: 2470, Acc: 24.37%, Loss: 1.8233
Epoch: 22, Batch: 2480, Acc: 24.38%, Loss: 1.8120
Epoch: 22, Batch: 2490, Acc: 24.38%, Loss: 1.7938
Epoch: 22, Batch: 2500, Acc: 24.37%, Loss: 1.8031
Epoch: 22, Batch: 2510, Acc: 24.37%, Loss: 1.8157
Epoch: 22, Batch: 2520, Acc: 24.38%, Loss: 1.7477
Epoch: 22, Batch: 2530, Acc: 24.39%, Loss: 1.7640
Epoch: 22, Batch: 2540, Acc: 24.39%, Loss: 1.8034
Epoch: 22, Batch: 2550, Acc: 24.39%, Loss: 1.7859
Epoch: 22, Batch: 2560, Acc: 24.38%, Loss: 1.8039
Epoch: 22, Batch: 2570, Acc: 24.39%, Loss: 1.7820
Epoch: 22, Batch: 2580, Acc: 24.39%, Loss: 1.8013
Epoch: 22, Batch: 2590, Acc: 24.38%, Loss: 1.8007
Epoch: 22, Batch: 2600, Acc: 24.38%, Loss: 1.8002
Epoch: 22, Batch: 2610, Acc: 24.39%, Loss: 1.7696
Epoch: 22, Batch: 2620, Acc: 24.39%, Loss: 1.7606
Epoch: 22, Batch: 2630, Acc: 24.39%, Loss: 1.7892
Epoch: 22, Batch: 2640, Acc: 24.40%, Loss: 1.7522
Epoch: 22, Batch: 2650, Acc: 24.40%, Loss: 1.7849
Epoch: 22, Batch: 2660, Acc: 24.39%, Loss: 1.8100
Epoch: 22, Batch: 2670, Acc: 24.38%, Loss: 1.8144
Epoch: 22, Batch: 2680, Acc: 24.37%, Loss: 1.8133
Epoch: 22, Batch: 2690, Acc: 24.36%, Loss: 1.8004
Epoch: 22, Batch: 2700, Acc: 24.37%, Loss: 1.7762
Epoch: 22, Batch: 2710, Acc: 24.37%, Loss: 1.7988
Epoch: 22, Batch: 2720, Acc: 24.36%, Loss: 1.7889
Epoch: 22, Batch: 2730, Acc: 24.37%, Loss: 1.7337
Epoch: 22, Batch: 2740, Acc: 24.37%, Loss: 1.7971
Epoch: 22, Batch: 2750, Acc: 24.38%, Loss: 1.7647
Epoch: 22, Batch: 2760, Acc: 24.38%, Loss: 1.8017
Epoch: 22, Batch: 2770, Acc: 24.38%, Loss: 1.8008
Epoch: 22, Batch: 2780, Acc: 24.38%, Loss: 1.8054
Epoch: 22, Batch: 2790, Acc: 24.38%, Loss: 1.7996
Epoch: 22, Batch: 2800, Acc: 24.38%, Loss: 1.7888
Epoch: 22, Batch: 2810, Acc: 24.38%, Loss: 1.7909
Epoch: 22, Batch: 2820, Acc: 24.37%, Loss: 1.8062
Epoch: 22, Batch: 2830, Acc: 24.38%, Loss: 1.7947
Epoch: 22, Batch: 2840, Acc: 24.38%, Loss: 1.7572
Epoch: 22, Batch: 2850, Acc: 24.40%, Loss: 1.7367
Epoch: 22, Batch: 2860, Acc: 24.40%, Loss: 1.7711
Epoch: 22, Batch: 2870, Acc: 24.40%, Loss: 1.7870
Epoch: 22, Batch: 2880, Acc: 24.41%, Loss: 1.8144
Accuracy on test set: 46.12%, Val loss: 2.2317
Epoch 22: train_loss=1.7884, val_acc=46.12, best_val_acc=46.12, es_counter=0
Epoch: 23, Batch: 10, Acc: 25.62%, Loss: 1.7802
Epoch: 23, Batch: 20, Acc: 24.69%, Loss: 1.7736
Epoch: 23, Batch: 30, Acc: 24.64%, Loss: 1.7485
Epoch: 23, Batch: 40, Acc: 24.34%, Loss: 1.8015
Epoch: 23, Batch: 50, Acc: 24.59%, Loss: 1.7873
Epoch: 23, Batch: 60, Acc: 24.30%, Loss: 1.8006
Epoch: 23, Batch: 70, Acc: 24.35%, Loss: 1.7873
Epoch: 23, Batch: 80, Acc: 24.36%, Loss: 1.7958
Epoch: 23, Batch: 90, Acc: 24.67%, Loss: 1.7555
Epoch: 23, Batch: 100, Acc: 24.64%, Loss: 1.7901
Epoch: 23, Batch: 110, Acc: 24.66%, Loss: 1.7761
Epoch: 23, Batch: 120, Acc: 24.77%, Loss: 1.7465
Epoch: 23, Batch: 130, Acc: 24.77%, Loss: 1.7735
Epoch: 23, Batch: 140, Acc: 24.63%, Loss: 1.8142
Epoch: 23, Batch: 150, Acc: 24.50%, Loss: 1.8016
Epoch: 23, Batch: 160, Acc: 24.67%, Loss: 1.7634
Epoch: 23, Batch: 170, Acc: 24.61%, Loss: 1.8242
Epoch: 23, Batch: 180, Acc: 24.70%, Loss: 1.7665
Epoch: 23, Batch: 190, Acc: 24.88%, Loss: 1.7588
Epoch: 23, Batch: 200, Acc: 24.87%, Loss: 1.8170
Epoch: 23, Batch: 210, Acc: 24.83%, Loss: 1.7600
Epoch: 23, Batch: 220, Acc: 24.80%, Loss: 1.8076
Epoch: 23, Batch: 230, Acc: 24.65%, Loss: 1.8088
Epoch: 23, Batch: 240, Acc: 24.65%, Loss: 1.7761
Epoch: 23, Batch: 250, Acc: 24.73%, Loss: 1.7712
Epoch: 23, Batch: 260, Acc: 24.74%, Loss: 1.7643
Epoch: 23, Batch: 270, Acc: 24.59%, Loss: 1.8355
Epoch: 23, Batch: 280, Acc: 24.52%, Loss: 1.8053
Epoch: 23, Batch: 290, Acc: 24.60%, Loss: 1.7508
Epoch: 23, Batch: 300, Acc: 24.70%, Loss: 1.7715
Epoch: 23, Batch: 310, Acc: 24.71%, Loss: 1.7757
Epoch: 23, Batch: 320, Acc: 24.67%, Loss: 1.8026
Epoch: 23, Batch: 330, Acc: 24.60%, Loss: 1.8353
Epoch: 23, Batch: 340, Acc: 24.61%, Loss: 1.7655
Epoch: 23, Batch: 350, Acc: 24.65%, Loss: 1.7924
Epoch: 23, Batch: 360, Acc: 24.75%, Loss: 1.7543
Epoch: 23, Batch: 370, Acc: 24.73%, Loss: 1.7839
Epoch: 23, Batch: 380, Acc: 24.74%, Loss: 1.7676
Epoch: 23, Batch: 390, Acc: 24.70%, Loss: 1.7626
Epoch: 23, Batch: 400, Acc: 24.77%, Loss: 1.7597
Epoch: 23, Batch: 410, Acc: 24.74%, Loss: 1.8141
Epoch: 23, Batch: 420, Acc: 24.77%, Loss: 1.8008
Epoch: 23, Batch: 430, Acc: 24.76%, Loss: 1.7877
Epoch: 23, Batch: 440, Acc: 24.75%, Loss: 1.7768
Epoch: 23, Batch: 450, Acc: 24.77%, Loss: 1.7641
Epoch: 23, Batch: 460, Acc: 24.78%, Loss: 1.7889
Epoch: 23, Batch: 470, Acc: 24.79%, Loss: 1.7789
Epoch: 23, Batch: 480, Acc: 24.76%, Loss: 1.8095
Epoch: 23, Batch: 490, Acc: 24.78%, Loss: 1.7626
Epoch: 23, Batch: 500, Acc: 24.76%, Loss: 1.8052
Epoch: 23, Batch: 510, Acc: 24.75%, Loss: 1.7989
Epoch: 23, Batch: 520, Acc: 24.75%, Loss: 1.7907
Epoch: 23, Batch: 530, Acc: 24.78%, Loss: 1.7362
Epoch: 23, Batch: 540, Acc: 24.82%, Loss: 1.7338
Epoch: 23, Batch: 550, Acc: 24.83%, Loss: 1.7678
Epoch: 23, Batch: 560, Acc: 24.86%, Loss: 1.7616
Epoch: 23, Batch: 570, Acc: 24.84%, Loss: 1.8175
Epoch: 23, Batch: 580, Acc: 24.83%, Loss: 1.8222
Epoch: 23, Batch: 590, Acc: 24.80%, Loss: 1.8258
Epoch: 23, Batch: 600, Acc: 24.85%, Loss: 1.7662
Epoch: 23, Batch: 610, Acc: 24.83%, Loss: 1.8116
Epoch: 23, Batch: 620, Acc: 24.79%, Loss: 1.7786
Epoch: 23, Batch: 630, Acc: 24.80%, Loss: 1.7866
Epoch: 23, Batch: 640, Acc: 24.77%, Loss: 1.7839
Epoch: 23, Batch: 650, Acc: 24.78%, Loss: 1.7889
Epoch: 23, Batch: 660, Acc: 24.77%, Loss: 1.7901
Epoch: 23, Batch: 670, Acc: 24.74%, Loss: 1.8174
Epoch: 23, Batch: 680, Acc: 24.73%, Loss: 1.7915
Epoch: 23, Batch: 690, Acc: 24.74%, Loss: 1.7920
Epoch: 23, Batch: 700, Acc: 24.72%, Loss: 1.8008
Epoch: 23, Batch: 710, Acc: 24.69%, Loss: 1.8320
Epoch: 23, Batch: 720, Acc: 24.66%, Loss: 1.7898
Epoch: 23, Batch: 730, Acc: 24.68%, Loss: 1.7619
Epoch: 23, Batch: 740, Acc: 24.66%, Loss: 1.8339
Epoch: 23, Batch: 750, Acc: 24.68%, Loss: 1.7576
Epoch: 23, Batch: 760, Acc: 24.68%, Loss: 1.7708
Epoch: 23, Batch: 770, Acc: 24.67%, Loss: 1.8096
Epoch: 23, Batch: 780, Acc: 24.67%, Loss: 1.7830
Epoch: 23, Batch: 790, Acc: 24.64%, Loss: 1.8431
Epoch: 23, Batch: 800, Acc: 24.65%, Loss: 1.7913
Epoch: 23, Batch: 810, Acc: 24.66%, Loss: 1.7513
Epoch: 23, Batch: 820, Acc: 24.64%, Loss: 1.7846
Epoch: 23, Batch: 830, Acc: 24.63%, Loss: 1.7858
Epoch: 23, Batch: 840, Acc: 24.63%, Loss: 1.7859
Epoch: 23, Batch: 850, Acc: 24.63%, Loss: 1.8020
Epoch: 23, Batch: 860, Acc: 24.62%, Loss: 1.7867
Epoch: 23, Batch: 870, Acc: 24.62%, Loss: 1.7876
Epoch: 23, Batch: 880, Acc: 24.59%, Loss: 1.8048
Epoch: 23, Batch: 890, Acc: 24.59%, Loss: 1.7821
Epoch: 23, Batch: 900, Acc: 24.57%, Loss: 1.8073
Epoch: 23, Batch: 910, Acc: 24.52%, Loss: 1.8117
Epoch: 23, Batch: 920, Acc: 24.50%, Loss: 1.8140
Epoch: 23, Batch: 930, Acc: 24.47%, Loss: 1.8274
Epoch: 23, Batch: 940, Acc: 24.47%, Loss: 1.7698
Epoch: 23, Batch: 950, Acc: 24.47%, Loss: 1.8213
Epoch: 23, Batch: 960, Acc: 24.47%, Loss: 1.7983
Epoch: 23, Batch: 970, Acc: 24.50%, Loss: 1.7862
Epoch: 23, Batch: 980, Acc: 24.49%, Loss: 1.7884
Epoch: 23, Batch: 990, Acc: 24.49%, Loss: 1.7832
Epoch: 23, Batch: 1000, Acc: 24.52%, Loss: 1.7727
Epoch: 23, Batch: 1010, Acc: 24.50%, Loss: 1.8094
Epoch: 23, Batch: 1020, Acc: 24.53%, Loss: 1.7531
Epoch: 23, Batch: 1030, Acc: 24.52%, Loss: 1.8159
Epoch: 23, Batch: 1040, Acc: 24.53%, Loss: 1.7595
Epoch: 23, Batch: 1050, Acc: 24.53%, Loss: 1.7763
Epoch: 23, Batch: 1060, Acc: 24.56%, Loss: 1.7459
Epoch: 23, Batch: 1070, Acc: 24.52%, Loss: 1.8151
Epoch: 23, Batch: 1080, Acc: 24.48%, Loss: 1.7998
Epoch: 23, Batch: 1090, Acc: 24.46%, Loss: 1.8590
Epoch: 23, Batch: 1100, Acc: 24.45%, Loss: 1.7930
Epoch: 23, Batch: 1110, Acc: 24.47%, Loss: 1.7804
Epoch: 23, Batch: 1120, Acc: 24.44%, Loss: 1.8062
Epoch: 23, Batch: 1130, Acc: 24.43%, Loss: 1.7990
Epoch: 23, Batch: 1140, Acc: 24.44%, Loss: 1.7997
Epoch: 23, Batch: 1150, Acc: 24.45%, Loss: 1.7679
Epoch: 23, Batch: 1160, Acc: 24.45%, Loss: 1.7750
Epoch: 23, Batch: 1170, Acc: 24.46%, Loss: 1.7446
Epoch: 23, Batch: 1180, Acc: 24.48%, Loss: 1.7863
Epoch: 23, Batch: 1190, Acc: 24.48%, Loss: 1.8142
Epoch: 23, Batch: 1200, Acc: 24.49%, Loss: 1.8228
Epoch: 23, Batch: 1210, Acc: 24.48%, Loss: 1.7669
Epoch: 23, Batch: 1220, Acc: 24.50%, Loss: 1.7815
Epoch: 23, Batch: 1230, Acc: 24.48%, Loss: 1.8121
Epoch: 23, Batch: 1240, Acc: 24.48%, Loss: 1.7750
Epoch: 23, Batch: 1250, Acc: 24.49%, Loss: 1.7520
Epoch: 23, Batch: 1260, Acc: 24.48%, Loss: 1.8261
Epoch: 23, Batch: 1270, Acc: 24.46%, Loss: 1.8175
Epoch: 23, Batch: 1280, Acc: 24.46%, Loss: 1.7673
Epoch: 23, Batch: 1290, Acc: 24.44%, Loss: 1.8333
Epoch: 23, Batch: 1300, Acc: 24.45%, Loss: 1.7899
Epoch: 23, Batch: 1310, Acc: 24.44%, Loss: 1.7811
Epoch: 23, Batch: 1320, Acc: 24.47%, Loss: 1.7537
Epoch: 23, Batch: 1330, Acc: 24.46%, Loss: 1.7893
Epoch: 23, Batch: 1340, Acc: 24.47%, Loss: 1.7745
Epoch: 23, Batch: 1350, Acc: 24.48%, Loss: 1.7780
Epoch: 23, Batch: 1360, Acc: 24.47%, Loss: 1.8016
Epoch: 23, Batch: 1370, Acc: 24.45%, Loss: 1.8363
Epoch: 23, Batch: 1380, Acc: 24.43%, Loss: 1.8317
Epoch: 23, Batch: 1390, Acc: 24.43%, Loss: 1.7685
Epoch: 23, Batch: 1400, Acc: 24.43%, Loss: 1.8111
Epoch: 23, Batch: 1410, Acc: 24.44%, Loss: 1.7781
Epoch: 23, Batch: 1420, Acc: 24.45%, Loss: 1.7903
Epoch: 23, Batch: 1430, Acc: 24.45%, Loss: 1.7741
Epoch: 23, Batch: 1440, Acc: 24.45%, Loss: 1.7585
Epoch: 23, Batch: 1450, Acc: 24.43%, Loss: 1.8310
Epoch: 23, Batch: 1460, Acc: 24.44%, Loss: 1.7660
Epoch: 23, Batch: 1470, Acc: 24.43%, Loss: 1.7925
Epoch: 23, Batch: 1480, Acc: 24.44%, Loss: 1.7696
Epoch: 23, Batch: 1490, Acc: 24.43%, Loss: 1.7925
Epoch: 23, Batch: 1500, Acc: 24.44%, Loss: 1.7697
Epoch: 23, Batch: 1510, Acc: 24.44%, Loss: 1.7939
Epoch: 23, Batch: 1520, Acc: 24.42%, Loss: 1.8184
Epoch: 23, Batch: 1530, Acc: 24.42%, Loss: 1.8123
Epoch: 23, Batch: 1540, Acc: 24.42%, Loss: 1.8134
Epoch: 23, Batch: 1550, Acc: 24.43%, Loss: 1.7683
Epoch: 23, Batch: 1560, Acc: 24.44%, Loss: 1.7712
Epoch: 23, Batch: 1570, Acc: 24.45%, Loss: 1.7716
Epoch: 23, Batch: 1580, Acc: 24.44%, Loss: 1.7695
Epoch: 23, Batch: 1590, Acc: 24.46%, Loss: 1.7559
Epoch: 23, Batch: 1600, Acc: 24.47%, Loss: 1.7842
Epoch: 23, Batch: 1610, Acc: 24.44%, Loss: 1.8420
Epoch: 23, Batch: 1620, Acc: 24.44%, Loss: 1.7614
Epoch: 23, Batch: 1630, Acc: 24.45%, Loss: 1.7903
Epoch: 23, Batch: 1640, Acc: 24.45%, Loss: 1.7851
Epoch: 23, Batch: 1650, Acc: 24.45%, Loss: 1.7754
Epoch: 23, Batch: 1660, Acc: 24.46%, Loss: 1.7630
Epoch: 23, Batch: 1670, Acc: 24.45%, Loss: 1.7901
Epoch: 23, Batch: 1680, Acc: 24.46%, Loss: 1.8205
Epoch: 23, Batch: 1690, Acc: 24.46%, Loss: 1.7905
Epoch: 23, Batch: 1700, Acc: 24.46%, Loss: 1.7788
Epoch: 23, Batch: 1710, Acc: 24.45%, Loss: 1.7668
Epoch: 23, Batch: 1720, Acc: 24.46%, Loss: 1.8110
Epoch: 23, Batch: 1730, Acc: 24.45%, Loss: 1.8241
Epoch: 23, Batch: 1740, Acc: 24.44%, Loss: 1.8378
Epoch: 23, Batch: 1750, Acc: 24.43%, Loss: 1.7913
Epoch: 23, Batch: 1760, Acc: 24.45%, Loss: 1.7713
Epoch: 23, Batch: 1770, Acc: 24.44%, Loss: 1.7941
Epoch: 23, Batch: 1780, Acc: 24.45%, Loss: 1.7756
Epoch: 23, Batch: 1790, Acc: 24.45%, Loss: 1.7767
Epoch: 23, Batch: 1800, Acc: 24.46%, Loss: 1.7763
Epoch: 23, Batch: 1810, Acc: 24.45%, Loss: 1.7669
Epoch: 23, Batch: 1820, Acc: 24.45%, Loss: 1.7979
Epoch: 23, Batch: 1830, Acc: 24.44%, Loss: 1.8016
Epoch: 23, Batch: 1840, Acc: 24.42%, Loss: 1.8154
Epoch: 23, Batch: 1850, Acc: 24.42%, Loss: 1.8047
Epoch: 23, Batch: 1860, Acc: 24.42%, Loss: 1.7843
Epoch: 23, Batch: 1870, Acc: 24.42%, Loss: 1.7982
Epoch: 23, Batch: 1880, Acc: 24.41%, Loss: 1.7923
Epoch: 23, Batch: 1890, Acc: 24.43%, Loss: 1.7573
Epoch: 23, Batch: 1900, Acc: 24.43%, Loss: 1.7612
Epoch: 23, Batch: 1910, Acc: 24.43%, Loss: 1.7588
Epoch: 23, Batch: 1920, Acc: 24.42%, Loss: 1.7718
Epoch: 23, Batch: 1930, Acc: 24.42%, Loss: 1.8084
Epoch: 23, Batch: 1940, Acc: 24.41%, Loss: 1.8251
Epoch: 23, Batch: 1950, Acc: 24.43%, Loss: 1.7528
Epoch: 23, Batch: 1960, Acc: 24.44%, Loss: 1.7724
Epoch: 23, Batch: 1970, Acc: 24.44%, Loss: 1.7938
Epoch: 23, Batch: 1980, Acc: 24.45%, Loss: 1.7669
Epoch: 23, Batch: 1990, Acc: 24.46%, Loss: 1.7543
Epoch: 23, Batch: 2000, Acc: 24.46%, Loss: 1.8150
Epoch: 23, Batch: 2010, Acc: 24.46%, Loss: 1.7734
Epoch: 23, Batch: 2020, Acc: 24.45%, Loss: 1.7946
Epoch: 23, Batch: 2030, Acc: 24.45%, Loss: 1.8163
Epoch: 23, Batch: 2040, Acc: 24.45%, Loss: 1.8192
Epoch: 23, Batch: 2050, Acc: 24.44%, Loss: 1.8271
Epoch: 23, Batch: 2060, Acc: 24.44%, Loss: 1.8061
Epoch: 23, Batch: 2070, Acc: 24.43%, Loss: 1.8149
Epoch: 23, Batch: 2080, Acc: 24.43%, Loss: 1.7781
Epoch: 23, Batch: 2090, Acc: 24.43%, Loss: 1.7787
Epoch: 23, Batch: 2100, Acc: 24.42%, Loss: 1.8074
Epoch: 23, Batch: 2110, Acc: 24.42%, Loss: 1.7924
Epoch: 23, Batch: 2120, Acc: 24.43%, Loss: 1.7723
Epoch: 23, Batch: 2130, Acc: 24.43%, Loss: 1.8045
Epoch: 23, Batch: 2140, Acc: 24.43%, Loss: 1.7891
Epoch: 23, Batch: 2150, Acc: 24.45%, Loss: 1.7241
Epoch: 23, Batch: 2160, Acc: 24.45%, Loss: 1.7872
Epoch: 23, Batch: 2170, Acc: 24.46%, Loss: 1.7683
Epoch: 23, Batch: 2180, Acc: 24.46%, Loss: 1.7986
Epoch: 23, Batch: 2190, Acc: 24.47%, Loss: 1.7777
Epoch: 23, Batch: 2200, Acc: 24.46%, Loss: 1.8189
Epoch: 23, Batch: 2210, Acc: 24.46%, Loss: 1.8189
Epoch: 23, Batch: 2220, Acc: 24.46%, Loss: 1.7833
Epoch: 23, Batch: 2230, Acc: 24.46%, Loss: 1.7914
Epoch: 23, Batch: 2240, Acc: 24.47%, Loss: 1.7750
Epoch: 23, Batch: 2250, Acc: 24.47%, Loss: 1.7751
Epoch: 23, Batch: 2260, Acc: 24.47%, Loss: 1.7573
Epoch: 23, Batch: 2270, Acc: 24.46%, Loss: 1.8066
Epoch: 23, Batch: 2280, Acc: 24.47%, Loss: 1.7964
Epoch: 23, Batch: 2290, Acc: 24.47%, Loss: 1.8008
Epoch: 23, Batch: 2300, Acc: 24.48%, Loss: 1.7675
Epoch: 23, Batch: 2310, Acc: 24.47%, Loss: 1.8117
Epoch: 23, Batch: 2320, Acc: 24.46%, Loss: 1.8353
Epoch: 23, Batch: 2330, Acc: 24.46%, Loss: 1.7713
Epoch: 23, Batch: 2340, Acc: 24.46%, Loss: 1.7563
Epoch: 23, Batch: 2350, Acc: 24.47%, Loss: 1.7685
Epoch: 23, Batch: 2360, Acc: 24.47%, Loss: 1.7365
Epoch: 23, Batch: 2370, Acc: 24.46%, Loss: 1.8183
Epoch: 23, Batch: 2380, Acc: 24.45%, Loss: 1.8124
Epoch: 23, Batch: 2390, Acc: 24.45%, Loss: 1.7685
Epoch: 23, Batch: 2400, Acc: 24.45%, Loss: 1.7601
Epoch: 23, Batch: 2410, Acc: 24.45%, Loss: 1.7981
Epoch: 23, Batch: 2420, Acc: 24.46%, Loss: 1.7557
Epoch: 23, Batch: 2430, Acc: 24.46%, Loss: 1.7665
Epoch: 23, Batch: 2440, Acc: 24.47%, Loss: 1.7918
Epoch: 23, Batch: 2450, Acc: 24.46%, Loss: 1.8143
Epoch: 23, Batch: 2460, Acc: 24.45%, Loss: 1.8026
Epoch: 23, Batch: 2470, Acc: 24.45%, Loss: 1.7874
Epoch: 23, Batch: 2480, Acc: 24.46%, Loss: 1.7793
Epoch: 23, Batch: 2490, Acc: 24.46%, Loss: 1.7652
Epoch: 23, Batch: 2500, Acc: 24.46%, Loss: 1.7543
Epoch: 23, Batch: 2510, Acc: 24.45%, Loss: 1.8188
Epoch: 23, Batch: 2520, Acc: 24.44%, Loss: 1.7579
Epoch: 23, Batch: 2530, Acc: 24.44%, Loss: 1.8027
Epoch: 23, Batch: 2540, Acc: 24.46%, Loss: 1.7166
Epoch: 23, Batch: 2550, Acc: 24.45%, Loss: 1.7717
Epoch: 23, Batch: 2560, Acc: 24.46%, Loss: 1.7977
Epoch: 23, Batch: 2570, Acc: 24.47%, Loss: 1.8105
Epoch: 23, Batch: 2580, Acc: 24.47%, Loss: 1.7878
Epoch: 23, Batch: 2590, Acc: 24.48%, Loss: 1.7671
Epoch: 23, Batch: 2600, Acc: 24.48%, Loss: 1.8017
Epoch: 23, Batch: 2610, Acc: 24.48%, Loss: 1.8066
Epoch: 23, Batch: 2620, Acc: 24.48%, Loss: 1.7486
Epoch: 23, Batch: 2630, Acc: 24.47%, Loss: 1.7947
Epoch: 23, Batch: 2640, Acc: 24.46%, Loss: 1.8228
Epoch: 23, Batch: 2650, Acc: 24.46%, Loss: 1.7916
Epoch: 23, Batch: 2660, Acc: 24.47%, Loss: 1.7827
Epoch: 23, Batch: 2670, Acc: 24.47%, Loss: 1.7775
Epoch: 23, Batch: 2680, Acc: 24.48%, Loss: 1.7717
Epoch: 23, Batch: 2690, Acc: 24.48%, Loss: 1.7938
Epoch: 23, Batch: 2700, Acc: 24.47%, Loss: 1.8328
Epoch: 23, Batch: 2710, Acc: 24.48%, Loss: 1.7761
Epoch: 23, Batch: 2720, Acc: 24.47%, Loss: 1.8105
Epoch: 23, Batch: 2730, Acc: 24.47%, Loss: 1.7762
Epoch: 23, Batch: 2740, Acc: 24.47%, Loss: 1.7711
Epoch: 23, Batch: 2750, Acc: 24.46%, Loss: 1.8089
Epoch: 23, Batch: 2760, Acc: 24.46%, Loss: 1.7700
Epoch: 23, Batch: 2770, Acc: 24.45%, Loss: 1.8130
Epoch: 23, Batch: 2780, Acc: 24.45%, Loss: 1.8130
Epoch: 23, Batch: 2790, Acc: 24.45%, Loss: 1.7558
Epoch: 23, Batch: 2800, Acc: 24.45%, Loss: 1.8129
Epoch: 23, Batch: 2810, Acc: 24.44%, Loss: 1.7893
Epoch: 23, Batch: 2820, Acc: 24.44%, Loss: 1.8077
Epoch: 23, Batch: 2830, Acc: 24.45%, Loss: 1.7803
Epoch: 23, Batch: 2840, Acc: 24.45%, Loss: 1.7767
Epoch: 23, Batch: 2850, Acc: 24.45%, Loss: 1.7738
Epoch: 23, Batch: 2860, Acc: 24.45%, Loss: 1.7808
Epoch: 23, Batch: 2870, Acc: 24.45%, Loss: 1.7780
Epoch: 23, Batch: 2880, Acc: 24.45%, Loss: 1.7944
Accuracy on test set: 45.86%, Val loss: 2.2367
Epoch 23: train_loss=1.7882, val_acc=45.86, best_val_acc=46.12, es_counter=1
Epoch: 24, Batch: 10, Acc: 22.19%, Loss: 1.8370
Epoch: 24, Batch: 20, Acc: 22.97%, Loss: 1.8023
Epoch: 24, Batch: 30, Acc: 24.17%, Loss: 1.7426
Epoch: 24, Batch: 40, Acc: 23.87%, Loss: 1.7938
Epoch: 24, Batch: 50, Acc: 23.78%, Loss: 1.7817
Epoch: 24, Batch: 60, Acc: 23.88%, Loss: 1.8043
Epoch: 24, Batch: 70, Acc: 24.15%, Loss: 1.7829
Epoch: 24, Batch: 80, Acc: 24.47%, Loss: 1.7527
Epoch: 24, Batch: 90, Acc: 24.53%, Loss: 1.8178
Epoch: 24, Batch: 100, Acc: 24.30%, Loss: 1.8099
Epoch: 24, Batch: 110, Acc: 24.40%, Loss: 1.7657
Epoch: 24, Batch: 120, Acc: 24.45%, Loss: 1.7902
Epoch: 24, Batch: 130, Acc: 24.44%, Loss: 1.7582
Epoch: 24, Batch: 140, Acc: 24.40%, Loss: 1.7908
Epoch: 24, Batch: 150, Acc: 24.48%, Loss: 1.7826
Epoch: 24, Batch: 160, Acc: 24.43%, Loss: 1.7745
Epoch: 24, Batch: 170, Acc: 24.50%, Loss: 1.7802
Epoch: 24, Batch: 180, Acc: 24.58%, Loss: 1.7664
Epoch: 24, Batch: 190, Acc: 24.52%, Loss: 1.7832
Epoch: 24, Batch: 200, Acc: 24.62%, Loss: 1.7778
Epoch: 24, Batch: 210, Acc: 24.69%, Loss: 1.7646
Epoch: 24, Batch: 220, Acc: 24.76%, Loss: 1.8067
Epoch: 24, Batch: 230, Acc: 24.66%, Loss: 1.7661
Epoch: 24, Batch: 240, Acc: 24.71%, Loss: 1.7958
Epoch: 24, Batch: 250, Acc: 24.63%, Loss: 1.8082
Epoch: 24, Batch: 260, Acc: 24.63%, Loss: 1.7968
Epoch: 24, Batch: 270, Acc: 24.74%, Loss: 1.7609
Epoch: 24, Batch: 280, Acc: 24.74%, Loss: 1.7781
Epoch: 24, Batch: 290, Acc: 24.72%, Loss: 1.7697
Epoch: 24, Batch: 300, Acc: 24.72%, Loss: 1.8027
Epoch: 24, Batch: 310, Acc: 24.78%, Loss: 1.7824
Epoch: 24, Batch: 320, Acc: 24.88%, Loss: 1.7645
Epoch: 24, Batch: 330, Acc: 24.81%, Loss: 1.8002
Epoch: 24, Batch: 340, Acc: 24.81%, Loss: 1.7934
Epoch: 24, Batch: 350, Acc: 24.83%, Loss: 1.7783
Epoch: 24, Batch: 360, Acc: 24.84%, Loss: 1.7469
Epoch: 24, Batch: 370, Acc: 24.87%, Loss: 1.7670
Epoch: 24, Batch: 380, Acc: 24.88%, Loss: 1.7938
Epoch: 24, Batch: 390, Acc: 24.78%, Loss: 1.8213
Epoch: 24, Batch: 400, Acc: 24.73%, Loss: 1.8014
Epoch: 24, Batch: 410, Acc: 24.68%, Loss: 1.8044
Epoch: 24, Batch: 420, Acc: 24.71%, Loss: 1.7729
Epoch: 24, Batch: 430, Acc: 24.72%, Loss: 1.7565
Epoch: 24, Batch: 440, Acc: 24.70%, Loss: 1.7635
Epoch: 24, Batch: 450, Acc: 24.69%, Loss: 1.7744
Epoch: 24, Batch: 460, Acc: 24.69%, Loss: 1.8122
Epoch: 24, Batch: 470, Acc: 24.69%, Loss: 1.7756
Epoch: 24, Batch: 480, Acc: 24.66%, Loss: 1.8114
Epoch: 24, Batch: 490, Acc: 24.67%, Loss: 1.8073
Epoch: 24, Batch: 500, Acc: 24.68%, Loss: 1.7897
Epoch: 24, Batch: 510, Acc: 24.63%, Loss: 1.8156
Epoch: 24, Batch: 520, Acc: 24.57%, Loss: 1.8425
Epoch: 24, Batch: 530, Acc: 24.53%, Loss: 1.8030
Epoch: 24, Batch: 540, Acc: 24.60%, Loss: 1.7459
Epoch: 24, Batch: 550, Acc: 24.57%, Loss: 1.8208
Epoch: 24, Batch: 560, Acc: 24.58%, Loss: 1.7372
Epoch: 24, Batch: 570, Acc: 24.57%, Loss: 1.8149
Epoch: 24, Batch: 580, Acc: 24.56%, Loss: 1.7572
Epoch: 24, Batch: 590, Acc: 24.59%, Loss: 1.7546
Epoch: 24, Batch: 600, Acc: 24.62%, Loss: 1.7698
Epoch: 24, Batch: 610, Acc: 24.66%, Loss: 1.7735
Epoch: 24, Batch: 620, Acc: 24.65%, Loss: 1.7769
Epoch: 24, Batch: 630, Acc: 24.59%, Loss: 1.8252
Epoch: 24, Batch: 640, Acc: 24.60%, Loss: 1.7859
Epoch: 24, Batch: 650, Acc: 24.62%, Loss: 1.7535
Epoch: 24, Batch: 660, Acc: 24.59%, Loss: 1.7980
Epoch: 24, Batch: 670, Acc: 24.56%, Loss: 1.7964
Epoch: 24, Batch: 680, Acc: 24.55%, Loss: 1.7777
Epoch: 24, Batch: 690, Acc: 24.55%, Loss: 1.7883
Epoch: 24, Batch: 700, Acc: 24.58%, Loss: 1.7588
Epoch: 24, Batch: 710, Acc: 24.55%, Loss: 1.7956
Epoch: 24, Batch: 720, Acc: 24.55%, Loss: 1.8039
Epoch: 24, Batch: 730, Acc: 24.52%, Loss: 1.8143
Epoch: 24, Batch: 740, Acc: 24.51%, Loss: 1.8040
Epoch: 24, Batch: 750, Acc: 24.52%, Loss: 1.7825
Epoch: 24, Batch: 760, Acc: 24.48%, Loss: 1.8428
Epoch: 24, Batch: 770, Acc: 24.47%, Loss: 1.8161
Epoch: 24, Batch: 780, Acc: 24.47%, Loss: 1.8032
Epoch: 24, Batch: 790, Acc: 24.52%, Loss: 1.7497
Epoch: 24, Batch: 800, Acc: 24.56%, Loss: 1.7517
Epoch: 24, Batch: 810, Acc: 24.58%, Loss: 1.7912
Epoch: 24, Batch: 820, Acc: 24.54%, Loss: 1.7812
Epoch: 24, Batch: 830, Acc: 24.51%, Loss: 1.8087
Epoch: 24, Batch: 840, Acc: 24.53%, Loss: 1.7678
Epoch: 24, Batch: 850, Acc: 24.53%, Loss: 1.7999
Epoch: 24, Batch: 860, Acc: 24.50%, Loss: 1.8180
Epoch: 24, Batch: 870, Acc: 24.50%, Loss: 1.7918
Epoch: 24, Batch: 880, Acc: 24.52%, Loss: 1.7728
Epoch: 24, Batch: 890, Acc: 24.53%, Loss: 1.7699
Epoch: 24, Batch: 900, Acc: 24.56%, Loss: 1.7527
Epoch: 24, Batch: 910, Acc: 24.54%, Loss: 1.8049
Epoch: 24, Batch: 920, Acc: 24.54%, Loss: 1.7816
Epoch: 24, Batch: 930, Acc: 24.55%, Loss: 1.7800
Epoch: 24, Batch: 940, Acc: 24.55%, Loss: 1.7814
Epoch: 24, Batch: 950, Acc: 24.57%, Loss: 1.7335
Epoch: 24, Batch: 960, Acc: 24.60%, Loss: 1.7435
Epoch: 24, Batch: 970, Acc: 24.57%, Loss: 1.8324
Epoch: 24, Batch: 980, Acc: 24.57%, Loss: 1.8445
Epoch: 24, Batch: 990, Acc: 24.55%, Loss: 1.7851
Epoch: 24, Batch: 1000, Acc: 24.57%, Loss: 1.7823
Epoch: 24, Batch: 1010, Acc: 24.56%, Loss: 1.7889
Epoch: 24, Batch: 1020, Acc: 24.54%, Loss: 1.8532
Epoch: 24, Batch: 1030, Acc: 24.52%, Loss: 1.7952
Epoch: 24, Batch: 1040, Acc: 24.54%, Loss: 1.7819
Epoch: 24, Batch: 1050, Acc: 24.59%, Loss: 1.7382
Epoch: 24, Batch: 1060, Acc: 24.59%, Loss: 1.7896
Epoch: 24, Batch: 1070, Acc: 24.58%, Loss: 1.8228
Epoch: 24, Batch: 1080, Acc: 24.56%, Loss: 1.7738
Epoch: 24, Batch: 1090, Acc: 24.57%, Loss: 1.7802
Epoch: 24, Batch: 1100, Acc: 24.57%, Loss: 1.7770
Epoch: 24, Batch: 1110, Acc: 24.56%, Loss: 1.8198
Epoch: 24, Batch: 1120, Acc: 24.54%, Loss: 1.7947
Epoch: 24, Batch: 1130, Acc: 24.52%, Loss: 1.8076
Epoch: 24, Batch: 1140, Acc: 24.51%, Loss: 1.7806
Epoch: 24, Batch: 1150, Acc: 24.53%, Loss: 1.7804
Epoch: 24, Batch: 1160, Acc: 24.54%, Loss: 1.7541
Epoch: 24, Batch: 1170, Acc: 24.55%, Loss: 1.8024
Epoch: 24, Batch: 1180, Acc: 24.54%, Loss: 1.8105
Epoch: 24, Batch: 1190, Acc: 24.52%, Loss: 1.8061
Epoch: 24, Batch: 1200, Acc: 24.53%, Loss: 1.7853
Epoch: 24, Batch: 1210, Acc: 24.55%, Loss: 1.7379
Epoch: 24, Batch: 1220, Acc: 24.57%, Loss: 1.7420
Epoch: 24, Batch: 1230, Acc: 24.57%, Loss: 1.7727
Epoch: 24, Batch: 1240, Acc: 24.60%, Loss: 1.7414
Epoch: 24, Batch: 1250, Acc: 24.59%, Loss: 1.7975
Epoch: 24, Batch: 1260, Acc: 24.61%, Loss: 1.7630
Epoch: 24, Batch: 1270, Acc: 24.59%, Loss: 1.8110
Epoch: 24, Batch: 1280, Acc: 24.58%, Loss: 1.8131
Epoch: 24, Batch: 1290, Acc: 24.56%, Loss: 1.8170
Epoch: 24, Batch: 1300, Acc: 24.56%, Loss: 1.7934
Epoch: 24, Batch: 1310, Acc: 24.55%, Loss: 1.8027
Epoch: 24, Batch: 1320, Acc: 24.53%, Loss: 1.8541
Epoch: 24, Batch: 1330, Acc: 24.54%, Loss: 1.7587
Epoch: 24, Batch: 1340, Acc: 24.55%, Loss: 1.7745
Epoch: 24, Batch: 1350, Acc: 24.55%, Loss: 1.7787
Epoch: 24, Batch: 1360, Acc: 24.57%, Loss: 1.7391
Epoch: 24, Batch: 1370, Acc: 24.57%, Loss: 1.8052
Epoch: 24, Batch: 1380, Acc: 24.58%, Loss: 1.7472
Epoch: 24, Batch: 1390, Acc: 24.59%, Loss: 1.7691
Epoch: 24, Batch: 1400, Acc: 24.60%, Loss: 1.7585
Epoch: 24, Batch: 1410, Acc: 24.60%, Loss: 1.7707
Epoch: 24, Batch: 1420, Acc: 24.60%, Loss: 1.7756
Epoch: 24, Batch: 1430, Acc: 24.60%, Loss: 1.7911
Epoch: 24, Batch: 1440, Acc: 24.59%, Loss: 1.7895
Epoch: 24, Batch: 1450, Acc: 24.59%, Loss: 1.7398
Epoch: 24, Batch: 1460, Acc: 24.59%, Loss: 1.8075
Epoch: 24, Batch: 1470, Acc: 24.59%, Loss: 1.7971
Epoch: 24, Batch: 1480, Acc: 24.60%, Loss: 1.7630
Epoch: 24, Batch: 1490, Acc: 24.59%, Loss: 1.8107
Epoch: 24, Batch: 1500, Acc: 24.58%, Loss: 1.8353
Epoch: 24, Batch: 1510, Acc: 24.56%, Loss: 1.8348
Epoch: 24, Batch: 1520, Acc: 24.55%, Loss: 1.7754
Epoch: 24, Batch: 1530, Acc: 24.56%, Loss: 1.7885
Epoch: 24, Batch: 1540, Acc: 24.55%, Loss: 1.7948
Epoch: 24, Batch: 1550, Acc: 24.56%, Loss: 1.8043
Epoch: 24, Batch: 1560, Acc: 24.57%, Loss: 1.7596
Epoch: 24, Batch: 1570, Acc: 24.59%, Loss: 1.7453
Epoch: 24, Batch: 1580, Acc: 24.59%, Loss: 1.8040
Epoch: 24, Batch: 1590, Acc: 24.60%, Loss: 1.7623
Epoch: 24, Batch: 1600, Acc: 24.59%, Loss: 1.8009
Epoch: 24, Batch: 1610, Acc: 24.58%, Loss: 1.8047
Epoch: 24, Batch: 1620, Acc: 24.57%, Loss: 1.7784
Epoch: 24, Batch: 1630, Acc: 24.58%, Loss: 1.7712
Epoch: 24, Batch: 1640, Acc: 24.58%, Loss: 1.8144
Epoch: 24, Batch: 1650, Acc: 24.57%, Loss: 1.8319
Epoch: 24, Batch: 1660, Acc: 24.56%, Loss: 1.8342
Epoch: 24, Batch: 1670, Acc: 24.53%, Loss: 1.8411
Epoch: 24, Batch: 1680, Acc: 24.53%, Loss: 1.7903
Epoch: 24, Batch: 1690, Acc: 24.52%, Loss: 1.8119
Epoch: 24, Batch: 1700, Acc: 24.52%, Loss: 1.7796
Epoch: 24, Batch: 1710, Acc: 24.51%, Loss: 1.7818
Epoch: 24, Batch: 1720, Acc: 24.52%, Loss: 1.7593
Epoch: 24, Batch: 1730, Acc: 24.52%, Loss: 1.7710
Epoch: 24, Batch: 1740, Acc: 24.53%, Loss: 1.7679
Epoch: 24, Batch: 1750, Acc: 24.53%, Loss: 1.7656
Epoch: 24, Batch: 1760, Acc: 24.53%, Loss: 1.7658
Epoch: 24, Batch: 1770, Acc: 24.52%, Loss: 1.8213
Epoch: 24, Batch: 1780, Acc: 24.52%, Loss: 1.7805
Epoch: 24, Batch: 1790, Acc: 24.52%, Loss: 1.7742
Epoch: 24, Batch: 1800, Acc: 24.52%, Loss: 1.7906
Epoch: 24, Batch: 1810, Acc: 24.52%, Loss: 1.7658
Epoch: 24, Batch: 1820, Acc: 24.51%, Loss: 1.8180
Epoch: 24, Batch: 1830, Acc: 24.52%, Loss: 1.7853
Epoch: 24, Batch: 1840, Acc: 24.53%, Loss: 1.7597
Epoch: 24, Batch: 1850, Acc: 24.54%, Loss: 1.7785
Epoch: 24, Batch: 1860, Acc: 24.54%, Loss: 1.7687
Epoch: 24, Batch: 1870, Acc: 24.53%, Loss: 1.8285
Epoch: 24, Batch: 1880, Acc: 24.52%, Loss: 1.7932
Epoch: 24, Batch: 1890, Acc: 24.52%, Loss: 1.8038
Epoch: 24, Batch: 1900, Acc: 24.51%, Loss: 1.7864
Epoch: 24, Batch: 1910, Acc: 24.51%, Loss: 1.7952
Epoch: 24, Batch: 1920, Acc: 24.52%, Loss: 1.7695
Epoch: 24, Batch: 1930, Acc: 24.51%, Loss: 1.8200
Epoch: 24, Batch: 1940, Acc: 24.52%, Loss: 1.7891
Epoch: 24, Batch: 1950, Acc: 24.52%, Loss: 1.8085
Epoch: 24, Batch: 1960, Acc: 24.51%, Loss: 1.8335
Epoch: 24, Batch: 1970, Acc: 24.50%, Loss: 1.8413
Epoch: 24, Batch: 1980, Acc: 24.51%, Loss: 1.7634
Epoch: 24, Batch: 1990, Acc: 24.51%, Loss: 1.7668
Epoch: 24, Batch: 2000, Acc: 24.50%, Loss: 1.7890
Epoch: 24, Batch: 2010, Acc: 24.50%, Loss: 1.8068
Epoch: 24, Batch: 2020, Acc: 24.52%, Loss: 1.7534
Epoch: 24, Batch: 2030, Acc: 24.52%, Loss: 1.7723
Epoch: 24, Batch: 2040, Acc: 24.50%, Loss: 1.8344
Epoch: 24, Batch: 2050, Acc: 24.51%, Loss: 1.7563
Epoch: 24, Batch: 2060, Acc: 24.51%, Loss: 1.8005
Epoch: 24, Batch: 2070, Acc: 24.51%, Loss: 1.8028
Epoch: 24, Batch: 2080, Acc: 24.52%, Loss: 1.7647
Epoch: 24, Batch: 2090, Acc: 24.52%, Loss: 1.7937
Epoch: 24, Batch: 2100, Acc: 24.52%, Loss: 1.8067
Epoch: 24, Batch: 2110, Acc: 24.51%, Loss: 1.7773
Epoch: 24, Batch: 2120, Acc: 24.52%, Loss: 1.7863
Epoch: 24, Batch: 2130, Acc: 24.51%, Loss: 1.7794
Epoch: 24, Batch: 2140, Acc: 24.52%, Loss: 1.7667
Epoch: 24, Batch: 2150, Acc: 24.51%, Loss: 1.7960
Epoch: 24, Batch: 2160, Acc: 24.52%, Loss: 1.7756
Epoch: 24, Batch: 2170, Acc: 24.52%, Loss: 1.7818
Epoch: 24, Batch: 2180, Acc: 24.53%, Loss: 1.7760
Epoch: 24, Batch: 2190, Acc: 24.53%, Loss: 1.7708
Epoch: 24, Batch: 2200, Acc: 24.54%, Loss: 1.7244
Epoch: 24, Batch: 2210, Acc: 24.53%, Loss: 1.7827
Epoch: 24, Batch: 2220, Acc: 24.53%, Loss: 1.7612
Epoch: 24, Batch: 2230, Acc: 24.53%, Loss: 1.7944
Epoch: 24, Batch: 2240, Acc: 24.52%, Loss: 1.8224
Epoch: 24, Batch: 2250, Acc: 24.52%, Loss: 1.8102
Epoch: 24, Batch: 2260, Acc: 24.52%, Loss: 1.8157
Epoch: 24, Batch: 2270, Acc: 24.52%, Loss: 1.7736
Epoch: 24, Batch: 2280, Acc: 24.53%, Loss: 1.7618
Epoch: 24, Batch: 2290, Acc: 24.53%, Loss: 1.8088
Epoch: 24, Batch: 2300, Acc: 24.55%, Loss: 1.7508
Epoch: 24, Batch: 2310, Acc: 24.56%, Loss: 1.7829
Epoch: 24, Batch: 2320, Acc: 24.55%, Loss: 1.8020
Epoch: 24, Batch: 2330, Acc: 24.55%, Loss: 1.7952
Epoch: 24, Batch: 2340, Acc: 24.55%, Loss: 1.7964
Epoch: 24, Batch: 2350, Acc: 24.55%, Loss: 1.7792
Epoch: 24, Batch: 2360, Acc: 24.56%, Loss: 1.7641
Epoch: 24, Batch: 2370, Acc: 24.56%, Loss: 1.7935
Epoch: 24, Batch: 2380, Acc: 24.56%, Loss: 1.8186
Epoch: 24, Batch: 2390, Acc: 24.55%, Loss: 1.8256
Epoch: 24, Batch: 2400, Acc: 24.53%, Loss: 1.8339
Epoch: 24, Batch: 2410, Acc: 24.53%, Loss: 1.7732
Epoch: 24, Batch: 2420, Acc: 24.53%, Loss: 1.7879
Epoch: 24, Batch: 2430, Acc: 24.53%, Loss: 1.7749
Epoch: 24, Batch: 2440, Acc: 24.53%, Loss: 1.7687
Epoch: 24, Batch: 2450, Acc: 24.52%, Loss: 1.7993
Epoch: 24, Batch: 2460, Acc: 24.52%, Loss: 1.7807
Epoch: 24, Batch: 2470, Acc: 24.53%, Loss: 1.7804
Epoch: 24, Batch: 2480, Acc: 24.55%, Loss: 1.7473
Epoch: 24, Batch: 2490, Acc: 24.54%, Loss: 1.7739
Epoch: 24, Batch: 2500, Acc: 24.55%, Loss: 1.7528
Epoch: 24, Batch: 2510, Acc: 24.55%, Loss: 1.8092
Epoch: 24, Batch: 2520, Acc: 24.55%, Loss: 1.7630
Epoch: 24, Batch: 2530, Acc: 24.55%, Loss: 1.8074
Epoch: 24, Batch: 2540, Acc: 24.53%, Loss: 1.8365
Epoch: 24, Batch: 2550, Acc: 24.53%, Loss: 1.7914
Epoch: 24, Batch: 2560, Acc: 24.53%, Loss: 1.7698
Epoch: 24, Batch: 2570, Acc: 24.52%, Loss: 1.8128
Epoch: 24, Batch: 2580, Acc: 24.51%, Loss: 1.8215
Epoch: 24, Batch: 2590, Acc: 24.51%, Loss: 1.8385
Epoch: 24, Batch: 2600, Acc: 24.50%, Loss: 1.8020
Epoch: 24, Batch: 2610, Acc: 24.50%, Loss: 1.8119
Epoch: 24, Batch: 2620, Acc: 24.50%, Loss: 1.7595
Epoch: 24, Batch: 2630, Acc: 24.50%, Loss: 1.8036
Epoch: 24, Batch: 2640, Acc: 24.51%, Loss: 1.7669
Epoch: 24, Batch: 2650, Acc: 24.51%, Loss: 1.7886
Epoch: 24, Batch: 2660, Acc: 24.51%, Loss: 1.7972
Epoch: 24, Batch: 2670, Acc: 24.51%, Loss: 1.7938
Epoch: 24, Batch: 2680, Acc: 24.51%, Loss: 1.7824
Epoch: 24, Batch: 2690, Acc: 24.51%, Loss: 1.7952
Epoch: 24, Batch: 2700, Acc: 24.52%, Loss: 1.7578
Epoch: 24, Batch: 2710, Acc: 24.52%, Loss: 1.8123
Epoch: 24, Batch: 2720, Acc: 24.52%, Loss: 1.7591
Epoch: 24, Batch: 2730, Acc: 24.53%, Loss: 1.7806
Epoch: 24, Batch: 2740, Acc: 24.52%, Loss: 1.7897
Epoch: 24, Batch: 2750, Acc: 24.52%, Loss: 1.8118
Epoch: 24, Batch: 2760, Acc: 24.54%, Loss: 1.7226
Epoch: 24, Batch: 2770, Acc: 24.54%, Loss: 1.7526
Epoch: 24, Batch: 2780, Acc: 24.54%, Loss: 1.7901
Epoch: 24, Batch: 2790, Acc: 24.54%, Loss: 1.7614
Epoch: 24, Batch: 2800, Acc: 24.55%, Loss: 1.8026
Epoch: 24, Batch: 2810, Acc: 24.55%, Loss: 1.7827
Epoch: 24, Batch: 2820, Acc: 24.55%, Loss: 1.8146
Epoch: 24, Batch: 2830, Acc: 24.54%, Loss: 1.8148
Epoch: 24, Batch: 2840, Acc: 24.53%, Loss: 1.7976
Epoch: 24, Batch: 2850, Acc: 24.53%, Loss: 1.8335
Epoch: 24, Batch: 2860, Acc: 24.52%, Loss: 1.8216
Epoch: 24, Batch: 2870, Acc: 24.51%, Loss: 1.8168
Epoch: 24, Batch: 2880, Acc: 24.51%, Loss: 1.7670
Accuracy on test set: 46.20%, Val loss: 2.2412
Epoch 24: train_loss=1.7879, val_acc=46.20, best_val_acc=46.20, es_counter=0
Epoch: 25, Batch: 10, Acc: 23.75%, Loss: 1.7984
Epoch: 25, Batch: 20, Acc: 24.22%, Loss: 1.7795
Epoch: 25, Batch: 30, Acc: 23.85%, Loss: 1.7990
Epoch: 25, Batch: 40, Acc: 24.34%, Loss: 1.7813
Epoch: 25, Batch: 50, Acc: 24.34%, Loss: 1.7829
Epoch: 25, Batch: 60, Acc: 24.30%, Loss: 1.8040
Epoch: 25, Batch: 70, Acc: 24.26%, Loss: 1.7989
Epoch: 25, Batch: 80, Acc: 24.51%, Loss: 1.7762
Epoch: 25, Batch: 90, Acc: 24.31%, Loss: 1.7867
Epoch: 25, Batch: 100, Acc: 24.62%, Loss: 1.7600
Epoch: 25, Batch: 110, Acc: 24.55%, Loss: 1.8064
Epoch: 25, Batch: 120, Acc: 24.31%, Loss: 1.8109
Epoch: 25, Batch: 130, Acc: 24.25%, Loss: 1.7712
Epoch: 25, Batch: 140, Acc: 24.31%, Loss: 1.7652
Epoch: 25, Batch: 150, Acc: 24.22%, Loss: 1.7964
Epoch: 25, Batch: 160, Acc: 23.90%, Loss: 1.8601
Epoch: 25, Batch: 170, Acc: 24.00%, Loss: 1.7857
Epoch: 25, Batch: 180, Acc: 24.13%, Loss: 1.7747
Epoch: 25, Batch: 190, Acc: 24.23%, Loss: 1.7940
Epoch: 25, Batch: 200, Acc: 24.26%, Loss: 1.7797
Epoch: 25, Batch: 210, Acc: 24.36%, Loss: 1.8010
Epoch: 25, Batch: 220, Acc: 24.31%, Loss: 1.7837
Epoch: 25, Batch: 230, Acc: 24.31%, Loss: 1.7848
Epoch: 25, Batch: 240, Acc: 24.38%, Loss: 1.7902
Epoch: 25, Batch: 250, Acc: 24.45%, Loss: 1.7721
Epoch: 25, Batch: 260, Acc: 24.52%, Loss: 1.7533
Epoch: 25, Batch: 270, Acc: 24.49%, Loss: 1.8043
Epoch: 25, Batch: 280, Acc: 24.54%, Loss: 1.7761
Epoch: 25, Batch: 290, Acc: 24.43%, Loss: 1.8238
Epoch: 25, Batch: 300, Acc: 24.42%, Loss: 1.7981
Epoch: 25, Batch: 310, Acc: 24.47%, Loss: 1.8022
Epoch: 25, Batch: 320, Acc: 24.43%, Loss: 1.8055
Epoch: 25, Batch: 330, Acc: 24.50%, Loss: 1.7740
Epoch: 25, Batch: 340, Acc: 24.44%, Loss: 1.8116
Epoch: 25, Batch: 350, Acc: 24.46%, Loss: 1.8063
Epoch: 25, Batch: 360, Acc: 24.44%, Loss: 1.7980
Epoch: 25, Batch: 370, Acc: 24.45%, Loss: 1.8069
Epoch: 25, Batch: 380, Acc: 24.47%, Loss: 1.7571
Epoch: 25, Batch: 390, Acc: 24.48%, Loss: 1.7791
Epoch: 25, Batch: 400, Acc: 24.50%, Loss: 1.7430
Epoch: 25, Batch: 410, Acc: 24.50%, Loss: 1.7895
Epoch: 25, Batch: 420, Acc: 24.55%, Loss: 1.7829
Epoch: 25, Batch: 430, Acc: 24.51%, Loss: 1.8193
Epoch: 25, Batch: 440, Acc: 24.51%, Loss: 1.8129
Epoch: 25, Batch: 450, Acc: 24.51%, Loss: 1.7958
Epoch: 25, Batch: 460, Acc: 24.55%, Loss: 1.7630
Epoch: 25, Batch: 470, Acc: 24.58%, Loss: 1.7604
Epoch: 25, Batch: 480, Acc: 24.57%, Loss: 1.8044
Epoch: 25, Batch: 490, Acc: 24.57%, Loss: 1.8095
Epoch: 25, Batch: 500, Acc: 24.62%, Loss: 1.7299
Epoch: 25, Batch: 510, Acc: 24.64%, Loss: 1.7807
Epoch: 25, Batch: 520, Acc: 24.66%, Loss: 1.7910
Epoch: 25, Batch: 530, Acc: 24.66%, Loss: 1.8127
Epoch: 25, Batch: 540, Acc: 24.62%, Loss: 1.8270
Epoch: 25, Batch: 550, Acc: 24.65%, Loss: 1.7875
Epoch: 25, Batch: 560, Acc: 24.68%, Loss: 1.7593
Epoch: 25, Batch: 570, Acc: 24.69%, Loss: 1.7480
Epoch: 25, Batch: 580, Acc: 24.66%, Loss: 1.7978
Epoch: 25, Batch: 590, Acc: 24.62%, Loss: 1.8331
Epoch: 25, Batch: 600, Acc: 24.66%, Loss: 1.7773
Epoch: 25, Batch: 610, Acc: 24.65%, Loss: 1.7956
Epoch: 25, Batch: 620, Acc: 24.68%, Loss: 1.7617
Epoch: 25, Batch: 630, Acc: 24.66%, Loss: 1.7891
Epoch: 25, Batch: 640, Acc: 24.67%, Loss: 1.7434
Epoch: 25, Batch: 650, Acc: 24.63%, Loss: 1.7981
Epoch: 25, Batch: 660, Acc: 24.59%, Loss: 1.8235
Epoch: 25, Batch: 670, Acc: 24.65%, Loss: 1.7272
Epoch: 25, Batch: 680, Acc: 24.65%, Loss: 1.7754
Epoch: 25, Batch: 690, Acc: 24.62%, Loss: 1.8047
Epoch: 25, Batch: 700, Acc: 24.60%, Loss: 1.7736
Epoch: 25, Batch: 710, Acc: 24.63%, Loss: 1.7851
Epoch: 25, Batch: 720, Acc: 24.65%, Loss: 1.7596
Epoch: 25, Batch: 730, Acc: 24.60%, Loss: 1.8292
Epoch: 25, Batch: 740, Acc: 24.59%, Loss: 1.7891
Epoch: 25, Batch: 750, Acc: 24.61%, Loss: 1.7779
Epoch: 25, Batch: 760, Acc: 24.59%, Loss: 1.7972
Epoch: 25, Batch: 770, Acc: 24.58%, Loss: 1.7951
Epoch: 25, Batch: 780, Acc: 24.57%, Loss: 1.7589
Epoch: 25, Batch: 790, Acc: 24.58%, Loss: 1.7821
Epoch: 25, Batch: 800, Acc: 24.56%, Loss: 1.8278
Epoch: 25, Batch: 810, Acc: 24.57%, Loss: 1.8182
Epoch: 25, Batch: 820, Acc: 24.57%, Loss: 1.7812
Epoch: 25, Batch: 830, Acc: 24.60%, Loss: 1.7564
Epoch: 25, Batch: 840, Acc: 24.59%, Loss: 1.8111
Epoch: 25, Batch: 850, Acc: 24.57%, Loss: 1.7947
Epoch: 25, Batch: 860, Acc: 24.58%, Loss: 1.7693
Epoch: 25, Batch: 870, Acc: 24.59%, Loss: 1.8081
Epoch: 25, Batch: 880, Acc: 24.59%, Loss: 1.7903
Epoch: 25, Batch: 890, Acc: 24.57%, Loss: 1.7802
Epoch: 25, Batch: 900, Acc: 24.58%, Loss: 1.7611
Epoch: 25, Batch: 910, Acc: 24.60%, Loss: 1.7662
Epoch: 25, Batch: 920, Acc: 24.61%, Loss: 1.7876
Epoch: 25, Batch: 930, Acc: 24.63%, Loss: 1.7631
Epoch: 25, Batch: 940, Acc: 24.65%, Loss: 1.7653
Epoch: 25, Batch: 950, Acc: 24.67%, Loss: 1.7626
Epoch: 25, Batch: 960, Acc: 24.68%, Loss: 1.7641
Epoch: 25, Batch: 970, Acc: 24.67%, Loss: 1.8182
Epoch: 25, Batch: 980, Acc: 24.68%, Loss: 1.7760
Epoch: 25, Batch: 990, Acc: 24.66%, Loss: 1.7779
Epoch: 25, Batch: 1000, Acc: 24.66%, Loss: 1.7611
Epoch: 25, Batch: 1010, Acc: 24.66%, Loss: 1.8016
Epoch: 25, Batch: 1020, Acc: 24.66%, Loss: 1.8317
Epoch: 25, Batch: 1030, Acc: 24.63%, Loss: 1.8001
Epoch: 25, Batch: 1040, Acc: 24.63%, Loss: 1.8305
Epoch: 25, Batch: 1050, Acc: 24.60%, Loss: 1.8360
Epoch: 25, Batch: 1060, Acc: 24.62%, Loss: 1.7403
Epoch: 25, Batch: 1070, Acc: 24.64%, Loss: 1.7450
Epoch: 25, Batch: 1080, Acc: 24.62%, Loss: 1.8184
Epoch: 25, Batch: 1090, Acc: 24.65%, Loss: 1.7411
Epoch: 25, Batch: 1100, Acc: 24.66%, Loss: 1.7717
Epoch: 25, Batch: 1110, Acc: 24.66%, Loss: 1.7782
Epoch: 25, Batch: 1120, Acc: 24.63%, Loss: 1.8413
Epoch: 25, Batch: 1130, Acc: 24.65%, Loss: 1.7296
Epoch: 25, Batch: 1140, Acc: 24.64%, Loss: 1.7888
Epoch: 25, Batch: 1150, Acc: 24.64%, Loss: 1.7858
Epoch: 25, Batch: 1160, Acc: 24.63%, Loss: 1.7977
Epoch: 25, Batch: 1170, Acc: 24.61%, Loss: 1.7893
Epoch: 25, Batch: 1180, Acc: 24.63%, Loss: 1.7493
Epoch: 25, Batch: 1190, Acc: 24.65%, Loss: 1.7547
Epoch: 25, Batch: 1200, Acc: 24.67%, Loss: 1.7452
Epoch: 25, Batch: 1210, Acc: 24.67%, Loss: 1.7924
Epoch: 25, Batch: 1220, Acc: 24.66%, Loss: 1.8063
Epoch: 25, Batch: 1230, Acc: 24.67%, Loss: 1.7715
Epoch: 25, Batch: 1240, Acc: 24.68%, Loss: 1.7698
Epoch: 25, Batch: 1250, Acc: 24.65%, Loss: 1.8105
Epoch: 25, Batch: 1260, Acc: 24.66%, Loss: 1.7822
Epoch: 25, Batch: 1270, Acc: 24.68%, Loss: 1.7760
Epoch: 25, Batch: 1280, Acc: 24.67%, Loss: 1.8044
Epoch: 25, Batch: 1290, Acc: 24.64%, Loss: 1.8310
Epoch: 25, Batch: 1300, Acc: 24.65%, Loss: 1.7902
Epoch: 25, Batch: 1310, Acc: 24.66%, Loss: 1.7689
Epoch: 25, Batch: 1320, Acc: 24.65%, Loss: 1.8114
Epoch: 25, Batch: 1330, Acc: 24.67%, Loss: 1.7574
Epoch: 25, Batch: 1340, Acc: 24.64%, Loss: 1.8419
Epoch: 25, Batch: 1350, Acc: 24.62%, Loss: 1.8009
Epoch: 25, Batch: 1360, Acc: 24.63%, Loss: 1.7581
Epoch: 25, Batch: 1370, Acc: 24.63%, Loss: 1.8082
Epoch: 25, Batch: 1380, Acc: 24.62%, Loss: 1.8155
Epoch: 25, Batch: 1390, Acc: 24.61%, Loss: 1.7880
Epoch: 25, Batch: 1400, Acc: 24.60%, Loss: 1.7661
Epoch: 25, Batch: 1410, Acc: 24.60%, Loss: 1.8148
Epoch: 25, Batch: 1420, Acc: 24.60%, Loss: 1.7675
Epoch: 25, Batch: 1430, Acc: 24.62%, Loss: 1.7495
Epoch: 25, Batch: 1440, Acc: 24.59%, Loss: 1.8360
Epoch: 25, Batch: 1450, Acc: 24.57%, Loss: 1.7978
Epoch: 25, Batch: 1460, Acc: 24.59%, Loss: 1.7610
Epoch: 25, Batch: 1470, Acc: 24.59%, Loss: 1.8198
Epoch: 25, Batch: 1480, Acc: 24.57%, Loss: 1.8107
Epoch: 25, Batch: 1490, Acc: 24.58%, Loss: 1.7824
Epoch: 25, Batch: 1500, Acc: 24.59%, Loss: 1.7427
Epoch: 25, Batch: 1510, Acc: 24.59%, Loss: 1.7806
Epoch: 25, Batch: 1520, Acc: 24.59%, Loss: 1.8236
Epoch: 25, Batch: 1530, Acc: 24.61%, Loss: 1.7476
Epoch: 25, Batch: 1540, Acc: 24.61%, Loss: 1.7591
Epoch: 25, Batch: 1550, Acc: 24.61%, Loss: 1.7941
Epoch: 25, Batch: 1560, Acc: 24.60%, Loss: 1.8001
Epoch: 25, Batch: 1570, Acc: 24.59%, Loss: 1.8005
Epoch: 25, Batch: 1580, Acc: 24.59%, Loss: 1.7875
Epoch: 25, Batch: 1590, Acc: 24.59%, Loss: 1.7807
Epoch: 25, Batch: 1600, Acc: 24.59%, Loss: 1.8086
Epoch: 25, Batch: 1610, Acc: 24.57%, Loss: 1.8230
Epoch: 25, Batch: 1620, Acc: 24.58%, Loss: 1.7630
Epoch: 25, Batch: 1630, Acc: 24.58%, Loss: 1.7822
Epoch: 25, Batch: 1640, Acc: 24.58%, Loss: 1.7802
Epoch: 25, Batch: 1650, Acc: 24.58%, Loss: 1.7904
Epoch: 25, Batch: 1660, Acc: 24.59%, Loss: 1.7851
Epoch: 25, Batch: 1670, Acc: 24.58%, Loss: 1.7605
Epoch: 25, Batch: 1680, Acc: 24.58%, Loss: 1.8038
Epoch: 25, Batch: 1690, Acc: 24.58%, Loss: 1.8096
Epoch: 25, Batch: 1700, Acc: 24.58%, Loss: 1.7769
Epoch: 25, Batch: 1710, Acc: 24.58%, Loss: 1.8019
Epoch: 25, Batch: 1720, Acc: 24.59%, Loss: 1.7988
Epoch: 25, Batch: 1730, Acc: 24.60%, Loss: 1.7618
Epoch: 25, Batch: 1740, Acc: 24.60%, Loss: 1.7660
Epoch: 25, Batch: 1750, Acc: 24.60%, Loss: 1.7915
Epoch: 25, Batch: 1760, Acc: 24.59%, Loss: 1.7829
Epoch: 25, Batch: 1770, Acc: 24.60%, Loss: 1.7821
Epoch: 25, Batch: 1780, Acc: 24.61%, Loss: 1.7752
Epoch: 25, Batch: 1790, Acc: 24.60%, Loss: 1.8146
Epoch: 25, Batch: 1800, Acc: 24.60%, Loss: 1.7935
Epoch: 25, Batch: 1810, Acc: 24.61%, Loss: 1.7727
Epoch: 25, Batch: 1820, Acc: 24.61%, Loss: 1.7737
Epoch: 25, Batch: 1830, Acc: 24.60%, Loss: 1.8459
Epoch: 25, Batch: 1840, Acc: 24.59%, Loss: 1.7658
Epoch: 25, Batch: 1850, Acc: 24.59%, Loss: 1.7726
Epoch: 25, Batch: 1860, Acc: 24.59%, Loss: 1.8128
Epoch: 25, Batch: 1870, Acc: 24.60%, Loss: 1.7461
Epoch: 25, Batch: 1880, Acc: 24.58%, Loss: 1.8129
Epoch: 25, Batch: 1890, Acc: 24.59%, Loss: 1.7605
Epoch: 25, Batch: 1900, Acc: 24.58%, Loss: 1.8011
Epoch: 25, Batch: 1910, Acc: 24.57%, Loss: 1.8196
Epoch: 25, Batch: 1920, Acc: 24.57%, Loss: 1.8090
Epoch: 25, Batch: 1930, Acc: 24.57%, Loss: 1.8035
Epoch: 25, Batch: 1940, Acc: 24.56%, Loss: 1.7560
Epoch: 25, Batch: 1950, Acc: 24.56%, Loss: 1.8032
Epoch: 25, Batch: 1960, Acc: 24.55%, Loss: 1.8106
Epoch: 25, Batch: 1970, Acc: 24.55%, Loss: 1.7887
Epoch: 25, Batch: 1980, Acc: 24.55%, Loss: 1.8269
Epoch: 25, Batch: 1990, Acc: 24.56%, Loss: 1.7643
Epoch: 25, Batch: 2000, Acc: 24.55%, Loss: 1.8297
Epoch: 25, Batch: 2010, Acc: 24.55%, Loss: 1.8106
Epoch: 25, Batch: 2020, Acc: 24.55%, Loss: 1.7911
Epoch: 25, Batch: 2030, Acc: 24.55%, Loss: 1.7937
Epoch: 25, Batch: 2040, Acc: 24.56%, Loss: 1.7449
Epoch: 25, Batch: 2050, Acc: 24.56%, Loss: 1.7738
Epoch: 25, Batch: 2060, Acc: 24.56%, Loss: 1.7812
Epoch: 25, Batch: 2070, Acc: 24.55%, Loss: 1.7918
Epoch: 25, Batch: 2080, Acc: 24.53%, Loss: 1.8304
Epoch: 25, Batch: 2090, Acc: 24.53%, Loss: 1.8087
Epoch: 25, Batch: 2100, Acc: 24.52%, Loss: 1.8137
Epoch: 25, Batch: 2110, Acc: 24.52%, Loss: 1.7908
Epoch: 25, Batch: 2120, Acc: 24.50%, Loss: 1.8272
Epoch: 25, Batch: 2130, Acc: 24.49%, Loss: 1.7768
Epoch: 25, Batch: 2140, Acc: 24.49%, Loss: 1.7973
Epoch: 25, Batch: 2150, Acc: 24.49%, Loss: 1.7640
Epoch: 25, Batch: 2160, Acc: 24.51%, Loss: 1.7483
Epoch: 25, Batch: 2170, Acc: 24.50%, Loss: 1.8238
Epoch: 25, Batch: 2180, Acc: 24.50%, Loss: 1.7859
Epoch: 25, Batch: 2190, Acc: 24.49%, Loss: 1.7855
Epoch: 25, Batch: 2200, Acc: 24.49%, Loss: 1.7894
Epoch: 25, Batch: 2210, Acc: 24.49%, Loss: 1.7908
Epoch: 25, Batch: 2220, Acc: 24.49%, Loss: 1.7827
Epoch: 25, Batch: 2230, Acc: 24.50%, Loss: 1.7526
Epoch: 25, Batch: 2240, Acc: 24.50%, Loss: 1.8105
Epoch: 25, Batch: 2250, Acc: 24.51%, Loss: 1.7805
Epoch: 25, Batch: 2260, Acc: 24.51%, Loss: 1.7789
Epoch: 25, Batch: 2270, Acc: 24.51%, Loss: 1.8213
Epoch: 25, Batch: 2280, Acc: 24.51%, Loss: 1.7818
Epoch: 25, Batch: 2290, Acc: 24.50%, Loss: 1.8166
Epoch: 25, Batch: 2300, Acc: 24.50%, Loss: 1.7946
Epoch: 25, Batch: 2310, Acc: 24.50%, Loss: 1.7698
Epoch: 25, Batch: 2320, Acc: 24.50%, Loss: 1.7936
Epoch: 25, Batch: 2330, Acc: 24.51%, Loss: 1.7705
Epoch: 25, Batch: 2340, Acc: 24.51%, Loss: 1.8230
Epoch: 25, Batch: 2350, Acc: 24.50%, Loss: 1.8149
Epoch: 25, Batch: 2360, Acc: 24.50%, Loss: 1.7942
Epoch: 25, Batch: 2370, Acc: 24.51%, Loss: 1.8024
Epoch: 25, Batch: 2380, Acc: 24.51%, Loss: 1.7791
Epoch: 25, Batch: 2390, Acc: 24.51%, Loss: 1.7960
Epoch: 25, Batch: 2400, Acc: 24.51%, Loss: 1.7894
Epoch: 25, Batch: 2410, Acc: 24.51%, Loss: 1.8148
Epoch: 25, Batch: 2420, Acc: 24.50%, Loss: 1.8113
Epoch: 25, Batch: 2430, Acc: 24.50%, Loss: 1.7689
Epoch: 25, Batch: 2440, Acc: 24.51%, Loss: 1.8096
Epoch: 25, Batch: 2450, Acc: 24.52%, Loss: 1.7498
Epoch: 25, Batch: 2460, Acc: 24.53%, Loss: 1.7348
Epoch: 25, Batch: 2470, Acc: 24.53%, Loss: 1.7750
Epoch: 25, Batch: 2480, Acc: 24.53%, Loss: 1.7954
Epoch: 25, Batch: 2490, Acc: 24.52%, Loss: 1.8160
Epoch: 25, Batch: 2500, Acc: 24.52%, Loss: 1.7978
Epoch: 25, Batch: 2510, Acc: 24.51%, Loss: 1.8360
Epoch: 25, Batch: 2520, Acc: 24.52%, Loss: 1.7551
Epoch: 25, Batch: 2530, Acc: 24.53%, Loss: 1.7757
Epoch: 25, Batch: 2540, Acc: 24.53%, Loss: 1.7973
Epoch: 25, Batch: 2550, Acc: 24.54%, Loss: 1.7840
Epoch: 25, Batch: 2560, Acc: 24.54%, Loss: 1.7910
Epoch: 25, Batch: 2570, Acc: 24.53%, Loss: 1.8101
Epoch: 25, Batch: 2580, Acc: 24.54%, Loss: 1.7702
Epoch: 25, Batch: 2590, Acc: 24.54%, Loss: 1.7884
Epoch: 25, Batch: 2600, Acc: 24.54%, Loss: 1.7977
Epoch: 25, Batch: 2610, Acc: 24.53%, Loss: 1.8169
Epoch: 25, Batch: 2620, Acc: 24.53%, Loss: 1.8117
Epoch: 25, Batch: 2630, Acc: 24.54%, Loss: 1.7681
Epoch: 25, Batch: 2640, Acc: 24.54%, Loss: 1.7743
Epoch: 25, Batch: 2650, Acc: 24.54%, Loss: 1.7796
Epoch: 25, Batch: 2660, Acc: 24.52%, Loss: 1.8130
Epoch: 25, Batch: 2670, Acc: 24.52%, Loss: 1.7900
Epoch: 25, Batch: 2680, Acc: 24.52%, Loss: 1.7612
Epoch: 25, Batch: 2690, Acc: 24.52%, Loss: 1.7967
Epoch: 25, Batch: 2700, Acc: 24.52%, Loss: 1.7799
Epoch: 25, Batch: 2710, Acc: 24.52%, Loss: 1.7889
Epoch: 25, Batch: 2720, Acc: 24.51%, Loss: 1.7878
Epoch: 25, Batch: 2730, Acc: 24.52%, Loss: 1.7711
Epoch: 25, Batch: 2740, Acc: 24.52%, Loss: 1.7775
Epoch: 25, Batch: 2750, Acc: 24.52%, Loss: 1.7330
Epoch: 25, Batch: 2760, Acc: 24.52%, Loss: 1.7939
Epoch: 25, Batch: 2770, Acc: 24.52%, Loss: 1.7623
Epoch: 25, Batch: 2780, Acc: 24.53%, Loss: 1.7429
Epoch: 25, Batch: 2790, Acc: 24.53%, Loss: 1.7876
Epoch: 25, Batch: 2800, Acc: 24.52%, Loss: 1.8011
Epoch: 25, Batch: 2810, Acc: 24.53%, Loss: 1.7904
Epoch: 25, Batch: 2820, Acc: 24.53%, Loss: 1.7598
Epoch: 25, Batch: 2830, Acc: 24.53%, Loss: 1.7831
Epoch: 25, Batch: 2840, Acc: 24.52%, Loss: 1.7881
Epoch: 25, Batch: 2850, Acc: 24.52%, Loss: 1.7782
Epoch: 25, Batch: 2860, Acc: 24.52%, Loss: 1.7478
Epoch: 25, Batch: 2870, Acc: 24.52%, Loss: 1.7666
Epoch: 25, Batch: 2880, Acc: 24.53%, Loss: 1.7686
Accuracy on test set: 45.91%, Val loss: 2.2288
Epoch 25: train_loss=1.7877, val_acc=45.91, best_val_acc=46.20, es_counter=1
Epoch: 26, Batch: 10, Acc: 22.81%, Loss: 1.7852
Epoch: 26, Batch: 20, Acc: 24.61%, Loss: 1.7716
Epoch: 26, Batch: 30, Acc: 24.69%, Loss: 1.7821
Epoch: 26, Batch: 40, Acc: 24.69%, Loss: 1.7578
Epoch: 26, Batch: 50, Acc: 24.31%, Loss: 1.7680
Epoch: 26, Batch: 60, Acc: 24.19%, Loss: 1.7844
Epoch: 26, Batch: 70, Acc: 23.86%, Loss: 1.8274
Epoch: 26, Batch: 80, Acc: 23.87%, Loss: 1.8206
Epoch: 26, Batch: 90, Acc: 24.03%, Loss: 1.7851
Epoch: 26, Batch: 100, Acc: 24.22%, Loss: 1.7803
Epoch: 26, Batch: 110, Acc: 24.46%, Loss: 1.7961
Epoch: 26, Batch: 120, Acc: 24.51%, Loss: 1.7854
Epoch: 26, Batch: 130, Acc: 24.39%, Loss: 1.7832
Epoch: 26, Batch: 140, Acc: 24.23%, Loss: 1.8349
Epoch: 26, Batch: 150, Acc: 24.27%, Loss: 1.7701
Epoch: 26, Batch: 160, Acc: 24.36%, Loss: 1.7788
Epoch: 26, Batch: 170, Acc: 24.34%, Loss: 1.7491
Epoch: 26, Batch: 180, Acc: 24.31%, Loss: 1.8191
Epoch: 26, Batch: 190, Acc: 24.21%, Loss: 1.8266
Epoch: 26, Batch: 200, Acc: 24.23%, Loss: 1.7773
Epoch: 26, Batch: 210, Acc: 24.34%, Loss: 1.7598
Epoch: 26, Batch: 220, Acc: 24.30%, Loss: 1.7746
Epoch: 26, Batch: 230, Acc: 24.38%, Loss: 1.7658
Epoch: 26, Batch: 240, Acc: 24.36%, Loss: 1.8246
Epoch: 26, Batch: 250, Acc: 24.28%, Loss: 1.7830
Epoch: 26, Batch: 260, Acc: 24.30%, Loss: 1.7977
Epoch: 26, Batch: 270, Acc: 24.29%, Loss: 1.7842
Epoch: 26, Batch: 280, Acc: 24.31%, Loss: 1.7511
Epoch: 26, Batch: 290, Acc: 24.29%, Loss: 1.7978
Epoch: 26, Batch: 300, Acc: 24.33%, Loss: 1.7552
Epoch: 26, Batch: 310, Acc: 24.41%, Loss: 1.7718
Epoch: 26, Batch: 320, Acc: 24.43%, Loss: 1.7666
Epoch: 26, Batch: 330, Acc: 24.38%, Loss: 1.8224
Epoch: 26, Batch: 340, Acc: 24.41%, Loss: 1.7651
Epoch: 26, Batch: 350, Acc: 24.49%, Loss: 1.7293
Epoch: 26, Batch: 360, Acc: 24.54%, Loss: 1.7500
Epoch: 26, Batch: 370, Acc: 24.54%, Loss: 1.7811
Epoch: 26, Batch: 380, Acc: 24.54%, Loss: 1.7520
Epoch: 26, Batch: 390, Acc: 24.57%, Loss: 1.7816
Epoch: 26, Batch: 400, Acc: 24.50%, Loss: 1.8371
Epoch: 26, Batch: 410, Acc: 24.57%, Loss: 1.7396
Epoch: 26, Batch: 420, Acc: 24.57%, Loss: 1.7969
Epoch: 26, Batch: 430, Acc: 24.52%, Loss: 1.8073
Epoch: 26, Batch: 440, Acc: 24.50%, Loss: 1.8337
Epoch: 26, Batch: 450, Acc: 24.57%, Loss: 1.7729
Epoch: 26, Batch: 460, Acc: 24.51%, Loss: 1.8112
Epoch: 26, Batch: 470, Acc: 24.46%, Loss: 1.7896
Epoch: 26, Batch: 480, Acc: 24.53%, Loss: 1.7275
Epoch: 26, Batch: 490, Acc: 24.49%, Loss: 1.8259
Epoch: 26, Batch: 500, Acc: 24.47%, Loss: 1.8094
Epoch: 26, Batch: 510, Acc: 24.48%, Loss: 1.7622
Epoch: 26, Batch: 520, Acc: 24.49%, Loss: 1.7995
Epoch: 26, Batch: 530, Acc: 24.50%, Loss: 1.7905
Epoch: 26, Batch: 540, Acc: 24.55%, Loss: 1.7693
Epoch: 26, Batch: 550, Acc: 24.60%, Loss: 1.7526
Epoch: 26, Batch: 560, Acc: 24.62%, Loss: 1.7835
Epoch: 26, Batch: 570, Acc: 24.67%, Loss: 1.7597
Epoch: 26, Batch: 580, Acc: 24.68%, Loss: 1.7866
Epoch: 26, Batch: 590, Acc: 24.73%, Loss: 1.7566
Epoch: 26, Batch: 600, Acc: 24.70%, Loss: 1.8272
Epoch: 26, Batch: 610, Acc: 24.67%, Loss: 1.7994
Epoch: 26, Batch: 620, Acc: 24.64%, Loss: 1.7937
Epoch: 26, Batch: 630, Acc: 24.64%, Loss: 1.7801
Epoch: 26, Batch: 640, Acc: 24.64%, Loss: 1.7880
Epoch: 26, Batch: 650, Acc: 24.62%, Loss: 1.8133
Epoch: 26, Batch: 660, Acc: 24.65%, Loss: 1.7340
Epoch: 26, Batch: 670, Acc: 24.66%, Loss: 1.7874
Epoch: 26, Batch: 680, Acc: 24.67%, Loss: 1.7418
Epoch: 26, Batch: 690, Acc: 24.66%, Loss: 1.7773
Epoch: 26, Batch: 700, Acc: 24.67%, Loss: 1.7611
Epoch: 26, Batch: 710, Acc: 24.65%, Loss: 1.8089
Epoch: 26, Batch: 720, Acc: 24.64%, Loss: 1.7897
Epoch: 26, Batch: 730, Acc: 24.66%, Loss: 1.7540
Epoch: 26, Batch: 740, Acc: 24.66%, Loss: 1.8150
Epoch: 26, Batch: 750, Acc: 24.71%, Loss: 1.7274
Epoch: 26, Batch: 760, Acc: 24.73%, Loss: 1.7688
Epoch: 26, Batch: 770, Acc: 24.72%, Loss: 1.7888
Epoch: 26, Batch: 780, Acc: 24.70%, Loss: 1.7980
Epoch: 26, Batch: 790, Acc: 24.69%, Loss: 1.8077
Epoch: 26, Batch: 800, Acc: 24.70%, Loss: 1.7605
Epoch: 26, Batch: 810, Acc: 24.72%, Loss: 1.7434
Epoch: 26, Batch: 820, Acc: 24.70%, Loss: 1.7864
Epoch: 26, Batch: 830, Acc: 24.68%, Loss: 1.8412
Epoch: 26, Batch: 840, Acc: 24.68%, Loss: 1.7709
Epoch: 26, Batch: 850, Acc: 24.66%, Loss: 1.8174
Epoch: 26, Batch: 860, Acc: 24.67%, Loss: 1.7929
Epoch: 26, Batch: 870, Acc: 24.69%, Loss: 1.7671
Epoch: 26, Batch: 880, Acc: 24.71%, Loss: 1.7721
Epoch: 26, Batch: 890, Acc: 24.68%, Loss: 1.7860
Epoch: 26, Batch: 900, Acc: 24.68%, Loss: 1.7932
Epoch: 26, Batch: 910, Acc: 24.66%, Loss: 1.8188
Epoch: 26, Batch: 920, Acc: 24.64%, Loss: 1.8262
Epoch: 26, Batch: 930, Acc: 24.62%, Loss: 1.8366
Epoch: 26, Batch: 940, Acc: 24.59%, Loss: 1.8267
Epoch: 26, Batch: 950, Acc: 24.60%, Loss: 1.7378
Epoch: 26, Batch: 960, Acc: 24.63%, Loss: 1.7694
Epoch: 26, Batch: 970, Acc: 24.61%, Loss: 1.7816
Epoch: 26, Batch: 980, Acc: 24.60%, Loss: 1.7986
Epoch: 26, Batch: 990, Acc: 24.63%, Loss: 1.7388
Epoch: 26, Batch: 1000, Acc: 24.62%, Loss: 1.8076
Epoch: 26, Batch: 1010, Acc: 24.61%, Loss: 1.7827
Epoch: 26, Batch: 1020, Acc: 24.63%, Loss: 1.7812
Epoch: 26, Batch: 1030, Acc: 24.65%, Loss: 1.7347
Epoch: 26, Batch: 1040, Acc: 24.68%, Loss: 1.7565
Epoch: 26, Batch: 1050, Acc: 24.68%, Loss: 1.7875
Epoch: 26, Batch: 1060, Acc: 24.71%, Loss: 1.7431
Epoch: 26, Batch: 1070, Acc: 24.70%, Loss: 1.7968
Epoch: 26, Batch: 1080, Acc: 24.67%, Loss: 1.8055
Epoch: 26, Batch: 1090, Acc: 24.68%, Loss: 1.7682
Epoch: 26, Batch: 1100, Acc: 24.69%, Loss: 1.7678
Epoch: 26, Batch: 1110, Acc: 24.69%, Loss: 1.7726
Epoch: 26, Batch: 1120, Acc: 24.69%, Loss: 1.7866
Epoch: 26, Batch: 1130, Acc: 24.70%, Loss: 1.7623
Epoch: 26, Batch: 1140, Acc: 24.69%, Loss: 1.7986
Epoch: 26, Batch: 1150, Acc: 24.69%, Loss: 1.7595
Epoch: 26, Batch: 1160, Acc: 24.71%, Loss: 1.7700
Epoch: 26, Batch: 1170, Acc: 24.71%, Loss: 1.7759
Epoch: 26, Batch: 1180, Acc: 24.70%, Loss: 1.7856
Epoch: 26, Batch: 1190, Acc: 24.70%, Loss: 1.7824
Epoch: 26, Batch: 1200, Acc: 24.69%, Loss: 1.7803
Epoch: 26, Batch: 1210, Acc: 24.67%, Loss: 1.8250
Epoch: 26, Batch: 1220, Acc: 24.68%, Loss: 1.7763
Epoch: 26, Batch: 1230, Acc: 24.67%, Loss: 1.7461
Epoch: 26, Batch: 1240, Acc: 24.67%, Loss: 1.7712
Epoch: 26, Batch: 1250, Acc: 24.67%, Loss: 1.7855
Epoch: 26, Batch: 1260, Acc: 24.65%, Loss: 1.8105
Epoch: 26, Batch: 1270, Acc: 24.65%, Loss: 1.7960
Epoch: 26, Batch: 1280, Acc: 24.65%, Loss: 1.7595
Epoch: 26, Batch: 1290, Acc: 24.65%, Loss: 1.7747
Epoch: 26, Batch: 1300, Acc: 24.65%, Loss: 1.7804
Epoch: 26, Batch: 1310, Acc: 24.66%, Loss: 1.7973
Epoch: 26, Batch: 1320, Acc: 24.65%, Loss: 1.7914
Epoch: 26, Batch: 1330, Acc: 24.64%, Loss: 1.8020
Epoch: 26, Batch: 1340, Acc: 24.63%, Loss: 1.7985
Epoch: 26, Batch: 1350, Acc: 24.63%, Loss: 1.7577
Epoch: 26, Batch: 1360, Acc: 24.64%, Loss: 1.7957
Epoch: 26, Batch: 1370, Acc: 24.62%, Loss: 1.8237
Epoch: 26, Batch: 1380, Acc: 24.63%, Loss: 1.7595
Epoch: 26, Batch: 1390, Acc: 24.62%, Loss: 1.8037
Epoch: 26, Batch: 1400, Acc: 24.61%, Loss: 1.7936
Epoch: 26, Batch: 1410, Acc: 24.61%, Loss: 1.8112
Epoch: 26, Batch: 1420, Acc: 24.58%, Loss: 1.8159
Epoch: 26, Batch: 1430, Acc: 24.57%, Loss: 1.7782
Epoch: 26, Batch: 1440, Acc: 24.56%, Loss: 1.8250
Epoch: 26, Batch: 1450, Acc: 24.56%, Loss: 1.8454
Epoch: 26, Batch: 1460, Acc: 24.57%, Loss: 1.7652
Epoch: 26, Batch: 1470, Acc: 24.58%, Loss: 1.7865
Epoch: 26, Batch: 1480, Acc: 24.58%, Loss: 1.7648
Epoch: 26, Batch: 1490, Acc: 24.58%, Loss: 1.7713
Epoch: 26, Batch: 1500, Acc: 24.60%, Loss: 1.7511
Epoch: 26, Batch: 1510, Acc: 24.60%, Loss: 1.7984
Epoch: 26, Batch: 1520, Acc: 24.60%, Loss: 1.7961
Epoch: 26, Batch: 1530, Acc: 24.62%, Loss: 1.7335
Epoch: 26, Batch: 1540, Acc: 24.61%, Loss: 1.7949
Epoch: 26, Batch: 1550, Acc: 24.61%, Loss: 1.7732
Epoch: 26, Batch: 1560, Acc: 24.61%, Loss: 1.8014
Epoch: 26, Batch: 1570, Acc: 24.59%, Loss: 1.8109
Epoch: 26, Batch: 1580, Acc: 24.61%, Loss: 1.7626
Epoch: 26, Batch: 1590, Acc: 24.60%, Loss: 1.7853
Epoch: 26, Batch: 1600, Acc: 24.59%, Loss: 1.7931
Epoch: 26, Batch: 1610, Acc: 24.61%, Loss: 1.7502
Epoch: 26, Batch: 1620, Acc: 24.60%, Loss: 1.7914
Epoch: 26, Batch: 1630, Acc: 24.60%, Loss: 1.8024
Epoch: 26, Batch: 1640, Acc: 24.59%, Loss: 1.8073
Epoch: 26, Batch: 1650, Acc: 24.58%, Loss: 1.8204
Epoch: 26, Batch: 1660, Acc: 24.58%, Loss: 1.7870
Epoch: 26, Batch: 1670, Acc: 24.58%, Loss: 1.7786
Epoch: 26, Batch: 1680, Acc: 24.57%, Loss: 1.8289
Epoch: 26, Batch: 1690, Acc: 24.55%, Loss: 1.8101
Epoch: 26, Batch: 1700, Acc: 24.55%, Loss: 1.8127
Epoch: 26, Batch: 1710, Acc: 24.56%, Loss: 1.7739
Epoch: 26, Batch: 1720, Acc: 24.54%, Loss: 1.8100
Epoch: 26, Batch: 1730, Acc: 24.54%, Loss: 1.7763
Epoch: 26, Batch: 1740, Acc: 24.52%, Loss: 1.8259
Epoch: 26, Batch: 1750, Acc: 24.51%, Loss: 1.8157
Epoch: 26, Batch: 1760, Acc: 24.51%, Loss: 1.7557
Epoch: 26, Batch: 1770, Acc: 24.51%, Loss: 1.8081
Epoch: 26, Batch: 1780, Acc: 24.50%, Loss: 1.8140
Epoch: 26, Batch: 1790, Acc: 24.51%, Loss: 1.7653
Epoch: 26, Batch: 1800, Acc: 24.51%, Loss: 1.7876
Epoch: 26, Batch: 1810, Acc: 24.52%, Loss: 1.7841
Epoch: 26, Batch: 1820, Acc: 24.52%, Loss: 1.7950
Epoch: 26, Batch: 1830, Acc: 24.52%, Loss: 1.7945
Epoch: 26, Batch: 1840, Acc: 24.53%, Loss: 1.7560
Epoch: 26, Batch: 1850, Acc: 24.52%, Loss: 1.8088
Epoch: 26, Batch: 1860, Acc: 24.51%, Loss: 1.8019
Epoch: 26, Batch: 1870, Acc: 24.50%, Loss: 1.7852
Epoch: 26, Batch: 1880, Acc: 24.51%, Loss: 1.7618
Epoch: 26, Batch: 1890, Acc: 24.51%, Loss: 1.7915
Epoch: 26, Batch: 1900, Acc: 24.53%, Loss: 1.7674
Epoch: 26, Batch: 1910, Acc: 24.53%, Loss: 1.7672
Epoch: 26, Batch: 1920, Acc: 24.54%, Loss: 1.7765
Epoch: 26, Batch: 1930, Acc: 24.54%, Loss: 1.8072
Epoch: 26, Batch: 1940, Acc: 24.55%, Loss: 1.7688
Epoch: 26, Batch: 1950, Acc: 24.54%, Loss: 1.8184
Epoch: 26, Batch: 1960, Acc: 24.54%, Loss: 1.7501
Epoch: 26, Batch: 1970, Acc: 24.53%, Loss: 1.8184
Epoch: 26, Batch: 1980, Acc: 24.54%, Loss: 1.7708
Epoch: 26, Batch: 1990, Acc: 24.54%, Loss: 1.7375
Epoch: 26, Batch: 2000, Acc: 24.54%, Loss: 1.8026
Epoch: 26, Batch: 2010, Acc: 24.52%, Loss: 1.8278
Epoch: 26, Batch: 2020, Acc: 24.53%, Loss: 1.7566
Epoch: 26, Batch: 2030, Acc: 24.54%, Loss: 1.7540
Epoch: 26, Batch: 2040, Acc: 24.54%, Loss: 1.7891
Epoch: 26, Batch: 2050, Acc: 24.54%, Loss: 1.7870
Epoch: 26, Batch: 2060, Acc: 24.54%, Loss: 1.8022
Epoch: 26, Batch: 2070, Acc: 24.54%, Loss: 1.8317
Epoch: 26, Batch: 2080, Acc: 24.55%, Loss: 1.7888
Epoch: 26, Batch: 2090, Acc: 24.55%, Loss: 1.7934
Epoch: 26, Batch: 2100, Acc: 24.56%, Loss: 1.7853
Epoch: 26, Batch: 2110, Acc: 24.55%, Loss: 1.8307
Epoch: 26, Batch: 2120, Acc: 24.55%, Loss: 1.7973
Epoch: 26, Batch: 2130, Acc: 24.55%, Loss: 1.7747
Epoch: 26, Batch: 2140, Acc: 24.55%, Loss: 1.7700
Epoch: 26, Batch: 2150, Acc: 24.56%, Loss: 1.8216
Epoch: 26, Batch: 2160, Acc: 24.56%, Loss: 1.7556
Epoch: 26, Batch: 2170, Acc: 24.56%, Loss: 1.7953
Epoch: 26, Batch: 2180, Acc: 24.55%, Loss: 1.8390
Epoch: 26, Batch: 2190, Acc: 24.54%, Loss: 1.8122
Epoch: 26, Batch: 2200, Acc: 24.54%, Loss: 1.7755
Epoch: 26, Batch: 2210, Acc: 24.56%, Loss: 1.7594
Epoch: 26, Batch: 2220, Acc: 24.55%, Loss: 1.8230
Epoch: 26, Batch: 2230, Acc: 24.54%, Loss: 1.8093
Epoch: 26, Batch: 2240, Acc: 24.54%, Loss: 1.7810
Epoch: 26, Batch: 2250, Acc: 24.54%, Loss: 1.7959
Epoch: 26, Batch: 2260, Acc: 24.54%, Loss: 1.8182
Epoch: 26, Batch: 2270, Acc: 24.55%, Loss: 1.7623
Epoch: 26, Batch: 2280, Acc: 24.56%, Loss: 1.7815
Epoch: 26, Batch: 2290, Acc: 24.56%, Loss: 1.7698
Epoch: 26, Batch: 2300, Acc: 24.57%, Loss: 1.7795
Epoch: 26, Batch: 2310, Acc: 24.55%, Loss: 1.8298
Epoch: 26, Batch: 2320, Acc: 24.56%, Loss: 1.7766
Epoch: 26, Batch: 2330, Acc: 24.55%, Loss: 1.8576
Epoch: 26, Batch: 2340, Acc: 24.56%, Loss: 1.7699
Epoch: 26, Batch: 2350, Acc: 24.56%, Loss: 1.7730
Epoch: 26, Batch: 2360, Acc: 24.55%, Loss: 1.8122
Epoch: 26, Batch: 2370, Acc: 24.54%, Loss: 1.8012
Epoch: 26, Batch: 2380, Acc: 24.55%, Loss: 1.7897
Epoch: 26, Batch: 2390, Acc: 24.56%, Loss: 1.7597
Epoch: 26, Batch: 2400, Acc: 24.56%, Loss: 1.7882
Epoch: 26, Batch: 2410, Acc: 24.54%, Loss: 1.8336
Epoch: 26, Batch: 2420, Acc: 24.54%, Loss: 1.7907
Epoch: 26, Batch: 2430, Acc: 24.53%, Loss: 1.8111
Epoch: 26, Batch: 2440, Acc: 24.53%, Loss: 1.7979
Epoch: 26, Batch: 2450, Acc: 24.53%, Loss: 1.8230
Epoch: 26, Batch: 2460, Acc: 24.53%, Loss: 1.7928
Epoch: 26, Batch: 2470, Acc: 24.52%, Loss: 1.8176
Epoch: 26, Batch: 2480, Acc: 24.51%, Loss: 1.8118
Epoch: 26, Batch: 2490, Acc: 24.51%, Loss: 1.7656
Epoch: 26, Batch: 2500, Acc: 24.52%, Loss: 1.7575
Epoch: 26, Batch: 2510, Acc: 24.53%, Loss: 1.7752
Epoch: 26, Batch: 2520, Acc: 24.52%, Loss: 1.8284
Epoch: 26, Batch: 2530, Acc: 24.52%, Loss: 1.7648
Epoch: 26, Batch: 2540, Acc: 24.52%, Loss: 1.7756
Epoch: 26, Batch: 2550, Acc: 24.53%, Loss: 1.7312
Epoch: 26, Batch: 2560, Acc: 24.53%, Loss: 1.7916
Epoch: 26, Batch: 2570, Acc: 24.53%, Loss: 1.8195
Epoch: 26, Batch: 2580, Acc: 24.53%, Loss: 1.7978
Epoch: 26, Batch: 2590, Acc: 24.52%, Loss: 1.8236
Epoch: 26, Batch: 2600, Acc: 24.52%, Loss: 1.8024
Epoch: 26, Batch: 2610, Acc: 24.52%, Loss: 1.8066
Epoch: 26, Batch: 2620, Acc: 24.52%, Loss: 1.7860
Epoch: 26, Batch: 2630, Acc: 24.52%, Loss: 1.7782
Epoch: 26, Batch: 2640, Acc: 24.52%, Loss: 1.7542
Epoch: 26, Batch: 2650, Acc: 24.51%, Loss: 1.8118
Epoch: 26, Batch: 2660, Acc: 24.51%, Loss: 1.8100
Epoch: 26, Batch: 2670, Acc: 24.51%, Loss: 1.7779
Epoch: 26, Batch: 2680, Acc: 24.51%, Loss: 1.8187
Epoch: 26, Batch: 2690, Acc: 24.51%, Loss: 1.8175
Epoch: 26, Batch: 2700, Acc: 24.52%, Loss: 1.7616
Epoch: 26, Batch: 2710, Acc: 24.52%, Loss: 1.7734
Epoch: 26, Batch: 2720, Acc: 24.52%, Loss: 1.8040
Epoch: 26, Batch: 2730, Acc: 24.51%, Loss: 1.8210
Epoch: 26, Batch: 2740, Acc: 24.52%, Loss: 1.7476
Epoch: 26, Batch: 2750, Acc: 24.53%, Loss: 1.7469
Epoch: 26, Batch: 2760, Acc: 24.53%, Loss: 1.7916
Epoch: 26, Batch: 2770, Acc: 24.53%, Loss: 1.8059
Epoch: 26, Batch: 2780, Acc: 24.53%, Loss: 1.7891
Epoch: 26, Batch: 2790, Acc: 24.55%, Loss: 1.7527
Epoch: 26, Batch: 2800, Acc: 24.55%, Loss: 1.7894
Epoch: 26, Batch: 2810, Acc: 24.54%, Loss: 1.8237
Epoch: 26, Batch: 2820, Acc: 24.54%, Loss: 1.7618
Epoch: 26, Batch: 2830, Acc: 24.54%, Loss: 1.7594
Epoch: 26, Batch: 2840, Acc: 24.54%, Loss: 1.8321
Epoch: 26, Batch: 2850, Acc: 24.53%, Loss: 1.8197
Epoch: 26, Batch: 2860, Acc: 24.53%, Loss: 1.8146
Epoch: 26, Batch: 2870, Acc: 24.53%, Loss: 1.8074
Epoch: 26, Batch: 2880, Acc: 24.54%, Loss: 1.7626
Accuracy on test set: 45.96%, Val loss: 2.2427
Epoch 26: train_loss=1.7874, val_acc=45.96, best_val_acc=46.20, es_counter=2
Epoch: 27, Batch: 10, Acc: 24.53%, Loss: 1.7793
Epoch: 27, Batch: 20, Acc: 24.06%, Loss: 1.8042
Epoch: 27, Batch: 30, Acc: 24.11%, Loss: 1.7778
Epoch: 27, Batch: 40, Acc: 23.98%, Loss: 1.8044
Epoch: 27, Batch: 50, Acc: 23.97%, Loss: 1.8173
Epoch: 27, Batch: 60, Acc: 24.17%, Loss: 1.7702
Epoch: 27, Batch: 70, Acc: 24.17%, Loss: 1.8125
Epoch: 27, Batch: 80, Acc: 24.59%, Loss: 1.7593
Epoch: 27, Batch: 90, Acc: 24.55%, Loss: 1.7676
Epoch: 27, Batch: 100, Acc: 24.47%, Loss: 1.7642
Epoch: 27, Batch: 110, Acc: 24.79%, Loss: 1.7722
Epoch: 27, Batch: 120, Acc: 24.97%, Loss: 1.7389
Epoch: 27, Batch: 130, Acc: 24.78%, Loss: 1.8213
Epoch: 27, Batch: 140, Acc: 24.59%, Loss: 1.7983
Epoch: 27, Batch: 150, Acc: 24.46%, Loss: 1.8092
Epoch: 27, Batch: 160, Acc: 24.52%, Loss: 1.7945
Epoch: 27, Batch: 170, Acc: 24.48%, Loss: 1.8025
Epoch: 27, Batch: 180, Acc: 24.42%, Loss: 1.7906
Epoch: 27, Batch: 190, Acc: 24.61%, Loss: 1.7458
Epoch: 27, Batch: 200, Acc: 24.60%, Loss: 1.7968
Epoch: 27, Batch: 210, Acc: 24.69%, Loss: 1.7732
Epoch: 27, Batch: 220, Acc: 24.70%, Loss: 1.7894
Epoch: 27, Batch: 230, Acc: 24.76%, Loss: 1.7572
Epoch: 27, Batch: 240, Acc: 24.67%, Loss: 1.7941
Epoch: 27, Batch: 250, Acc: 24.52%, Loss: 1.8316
Epoch: 27, Batch: 260, Acc: 24.50%, Loss: 1.8207
Epoch: 27, Batch: 270, Acc: 24.54%, Loss: 1.7589
Epoch: 27, Batch: 280, Acc: 24.67%, Loss: 1.7572
Epoch: 27, Batch: 290, Acc: 24.59%, Loss: 1.8155
Epoch: 27, Batch: 300, Acc: 24.55%, Loss: 1.8128
Epoch: 27, Batch: 310, Acc: 24.58%, Loss: 1.7772
Epoch: 27, Batch: 320, Acc: 24.66%, Loss: 1.7489
Epoch: 27, Batch: 330, Acc: 24.68%, Loss: 1.7714
Epoch: 27, Batch: 340, Acc: 24.66%, Loss: 1.8079
Epoch: 27, Batch: 350, Acc: 24.69%, Loss: 1.8026
Epoch: 27, Batch: 360, Acc: 24.67%, Loss: 1.7938
Epoch: 27, Batch: 370, Acc: 24.65%, Loss: 1.8168
Epoch: 27, Batch: 380, Acc: 24.61%, Loss: 1.8084
Epoch: 27, Batch: 390, Acc: 24.59%, Loss: 1.8264
Epoch: 27, Batch: 400, Acc: 24.56%, Loss: 1.7671
Epoch: 27, Batch: 410, Acc: 24.54%, Loss: 1.8385
Epoch: 27, Batch: 420, Acc: 24.56%, Loss: 1.7828
Epoch: 27, Batch: 430, Acc: 24.60%, Loss: 1.7911
Epoch: 27, Batch: 440, Acc: 24.67%, Loss: 1.7551
Epoch: 27, Batch: 450, Acc: 24.68%, Loss: 1.8227
Epoch: 27, Batch: 460, Acc: 24.65%, Loss: 1.8007
Epoch: 27, Batch: 470, Acc: 24.61%, Loss: 1.7981
Epoch: 27, Batch: 480, Acc: 24.56%, Loss: 1.8084
Epoch: 27, Batch: 490, Acc: 24.57%, Loss: 1.7896
Epoch: 27, Batch: 500, Acc: 24.58%, Loss: 1.7695
Epoch: 27, Batch: 510, Acc: 24.58%, Loss: 1.7918
Epoch: 27, Batch: 520, Acc: 24.62%, Loss: 1.7790
Epoch: 27, Batch: 530, Acc: 24.62%, Loss: 1.7468
Epoch: 27, Batch: 540, Acc: 24.65%, Loss: 1.7348
Epoch: 27, Batch: 550, Acc: 24.64%, Loss: 1.7552
Epoch: 27, Batch: 560, Acc: 24.63%, Loss: 1.7999
Epoch: 27, Batch: 570, Acc: 24.63%, Loss: 1.7956
Epoch: 27, Batch: 580, Acc: 24.62%, Loss: 1.7853
Epoch: 27, Batch: 590, Acc: 24.63%, Loss: 1.7853
Epoch: 27, Batch: 600, Acc: 24.64%, Loss: 1.7892
Epoch: 27, Batch: 610, Acc: 24.65%, Loss: 1.7789
Epoch: 27, Batch: 620, Acc: 24.65%, Loss: 1.8067
Epoch: 27, Batch: 630, Acc: 24.64%, Loss: 1.8340
Epoch: 27, Batch: 640, Acc: 24.60%, Loss: 1.8149
Epoch: 27, Batch: 650, Acc: 24.59%, Loss: 1.7962
Epoch: 27, Batch: 660, Acc: 24.62%, Loss: 1.7878
Epoch: 27, Batch: 670, Acc: 24.58%, Loss: 1.8262
Epoch: 27, Batch: 680, Acc: 24.57%, Loss: 1.8107
Epoch: 27, Batch: 690, Acc: 24.60%, Loss: 1.7906
Epoch: 27, Batch: 700, Acc: 24.61%, Loss: 1.7667
Epoch: 27, Batch: 710, Acc: 24.57%, Loss: 1.8082
Epoch: 27, Batch: 720, Acc: 24.52%, Loss: 1.8252
Epoch: 27, Batch: 730, Acc: 24.54%, Loss: 1.7490
Epoch: 27, Batch: 740, Acc: 24.54%, Loss: 1.7832
Epoch: 27, Batch: 750, Acc: 24.52%, Loss: 1.7862
Epoch: 27, Batch: 760, Acc: 24.54%, Loss: 1.7594
Epoch: 27, Batch: 770, Acc: 24.54%, Loss: 1.7554
Epoch: 27, Batch: 780, Acc: 24.53%, Loss: 1.7839
Epoch: 27, Batch: 790, Acc: 24.48%, Loss: 1.8541
Epoch: 27, Batch: 800, Acc: 24.44%, Loss: 1.8022
Epoch: 27, Batch: 810, Acc: 24.46%, Loss: 1.7561
Epoch: 27, Batch: 820, Acc: 24.46%, Loss: 1.7413
Epoch: 27, Batch: 830, Acc: 24.43%, Loss: 1.8186
Epoch: 27, Batch: 840, Acc: 24.44%, Loss: 1.7777
Epoch: 27, Batch: 850, Acc: 24.44%, Loss: 1.7919
Epoch: 27, Batch: 860, Acc: 24.44%, Loss: 1.7836
Epoch: 27, Batch: 870, Acc: 24.42%, Loss: 1.8211
Epoch: 27, Batch: 880, Acc: 24.45%, Loss: 1.7340
Epoch: 27, Batch: 890, Acc: 24.43%, Loss: 1.8197
Epoch: 27, Batch: 900, Acc: 24.43%, Loss: 1.7847
Epoch: 27, Batch: 910, Acc: 24.43%, Loss: 1.7609
Epoch: 27, Batch: 920, Acc: 24.42%, Loss: 1.7756
Epoch: 27, Batch: 930, Acc: 24.44%, Loss: 1.7633
Epoch: 27, Batch: 940, Acc: 24.45%, Loss: 1.7711
Epoch: 27, Batch: 950, Acc: 24.44%, Loss: 1.8075
Epoch: 27, Batch: 960, Acc: 24.45%, Loss: 1.7925
Epoch: 27, Batch: 970, Acc: 24.44%, Loss: 1.7768
Epoch: 27, Batch: 980, Acc: 24.49%, Loss: 1.7694
Epoch: 27, Batch: 990, Acc: 24.52%, Loss: 1.7614
Epoch: 27, Batch: 1000, Acc: 24.49%, Loss: 1.8193
Epoch: 27, Batch: 1010, Acc: 24.48%, Loss: 1.8171
Epoch: 27, Batch: 1020, Acc: 24.49%, Loss: 1.7917
Epoch: 27, Batch: 1030, Acc: 24.49%, Loss: 1.7913
Epoch: 27, Batch: 1040, Acc: 24.49%, Loss: 1.8006
Epoch: 27, Batch: 1050, Acc: 24.50%, Loss: 1.7891
Epoch: 27, Batch: 1060, Acc: 24.52%, Loss: 1.7408
Epoch: 27, Batch: 1070, Acc: 24.51%, Loss: 1.7932
Epoch: 27, Batch: 1080, Acc: 24.53%, Loss: 1.7622
Epoch: 27, Batch: 1090, Acc: 24.55%, Loss: 1.7912
Epoch: 27, Batch: 1100, Acc: 24.56%, Loss: 1.7720
Epoch: 27, Batch: 1110, Acc: 24.57%, Loss: 1.7570
Epoch: 27, Batch: 1120, Acc: 24.55%, Loss: 1.8116
Epoch: 27, Batch: 1130, Acc: 24.54%, Loss: 1.8078
Epoch: 27, Batch: 1140, Acc: 24.56%, Loss: 1.7868
Epoch: 27, Batch: 1150, Acc: 24.58%, Loss: 1.7610
Epoch: 27, Batch: 1160, Acc: 24.57%, Loss: 1.8097
Epoch: 27, Batch: 1170, Acc: 24.56%, Loss: 1.7893
Epoch: 27, Batch: 1180, Acc: 24.57%, Loss: 1.7625
Epoch: 27, Batch: 1190, Acc: 24.58%, Loss: 1.7994
Epoch: 27, Batch: 1200, Acc: 24.57%, Loss: 1.7853
Epoch: 27, Batch: 1210, Acc: 24.57%, Loss: 1.7816
Epoch: 27, Batch: 1220, Acc: 24.56%, Loss: 1.7764
Epoch: 27, Batch: 1230, Acc: 24.57%, Loss: 1.7821
Epoch: 27, Batch: 1240, Acc: 24.58%, Loss: 1.7913
Epoch: 27, Batch: 1250, Acc: 24.60%, Loss: 1.7499
Epoch: 27, Batch: 1260, Acc: 24.60%, Loss: 1.7755
Epoch: 27, Batch: 1270, Acc: 24.60%, Loss: 1.7913
Epoch: 27, Batch: 1280, Acc: 24.61%, Loss: 1.7740
Epoch: 27, Batch: 1290, Acc: 24.60%, Loss: 1.7839
Epoch: 27, Batch: 1300, Acc: 24.58%, Loss: 1.8290
Epoch: 27, Batch: 1310, Acc: 24.57%, Loss: 1.8429
Epoch: 27, Batch: 1320, Acc: 24.57%, Loss: 1.7501
Epoch: 27, Batch: 1330, Acc: 24.58%, Loss: 1.7548
Epoch: 27, Batch: 1340, Acc: 24.56%, Loss: 1.8475
Epoch: 27, Batch: 1350, Acc: 24.57%, Loss: 1.7631
Epoch: 27, Batch: 1360, Acc: 24.57%, Loss: 1.8075
Epoch: 27, Batch: 1370, Acc: 24.57%, Loss: 1.7739
Epoch: 27, Batch: 1380, Acc: 24.55%, Loss: 1.8260
Epoch: 27, Batch: 1390, Acc: 24.56%, Loss: 1.7710
Epoch: 27, Batch: 1400, Acc: 24.55%, Loss: 1.7999
Epoch: 27, Batch: 1410, Acc: 24.55%, Loss: 1.7574
Epoch: 27, Batch: 1420, Acc: 24.56%, Loss: 1.7570
Epoch: 27, Batch: 1430, Acc: 24.57%, Loss: 1.7802
Epoch: 27, Batch: 1440, Acc: 24.56%, Loss: 1.8011
Epoch: 27, Batch: 1450, Acc: 24.54%, Loss: 1.8012
Epoch: 27, Batch: 1460, Acc: 24.55%, Loss: 1.8000
Epoch: 27, Batch: 1470, Acc: 24.55%, Loss: 1.7949
Epoch: 27, Batch: 1480, Acc: 24.55%, Loss: 1.7976
Epoch: 27, Batch: 1490, Acc: 24.56%, Loss: 1.7947
Epoch: 27, Batch: 1500, Acc: 24.56%, Loss: 1.7775
Epoch: 27, Batch: 1510, Acc: 24.57%, Loss: 1.7772
Epoch: 27, Batch: 1520, Acc: 24.56%, Loss: 1.7743
Epoch: 27, Batch: 1530, Acc: 24.54%, Loss: 1.8418
Epoch: 27, Batch: 1540, Acc: 24.53%, Loss: 1.8241
Epoch: 27, Batch: 1550, Acc: 24.53%, Loss: 1.7923
Epoch: 27, Batch: 1560, Acc: 24.54%, Loss: 1.7665
Epoch: 27, Batch: 1570, Acc: 24.54%, Loss: 1.7766
Epoch: 27, Batch: 1580, Acc: 24.55%, Loss: 1.7906
Epoch: 27, Batch: 1590, Acc: 24.57%, Loss: 1.7228
Epoch: 27, Batch: 1600, Acc: 24.57%, Loss: 1.7756
Epoch: 27, Batch: 1610, Acc: 24.59%, Loss: 1.7927
Epoch: 27, Batch: 1620, Acc: 24.60%, Loss: 1.7538
Epoch: 27, Batch: 1630, Acc: 24.61%, Loss: 1.7504
Epoch: 27, Batch: 1640, Acc: 24.64%, Loss: 1.7328
Epoch: 27, Batch: 1650, Acc: 24.63%, Loss: 1.8239
Epoch: 27, Batch: 1660, Acc: 24.62%, Loss: 1.7569
Epoch: 27, Batch: 1670, Acc: 24.61%, Loss: 1.7815
Epoch: 27, Batch: 1680, Acc: 24.61%, Loss: 1.7995
Epoch: 27, Batch: 1690, Acc: 24.60%, Loss: 1.8088
Epoch: 27, Batch: 1700, Acc: 24.62%, Loss: 1.7370
Epoch: 27, Batch: 1710, Acc: 24.64%, Loss: 1.7656
Epoch: 27, Batch: 1720, Acc: 24.62%, Loss: 1.7922
Epoch: 27, Batch: 1730, Acc: 24.61%, Loss: 1.7818
Epoch: 27, Batch: 1740, Acc: 24.62%, Loss: 1.7932
Epoch: 27, Batch: 1750, Acc: 24.62%, Loss: 1.7521
Epoch: 27, Batch: 1760, Acc: 24.63%, Loss: 1.7701
Epoch: 27, Batch: 1770, Acc: 24.63%, Loss: 1.8134
Epoch: 27, Batch: 1780, Acc: 24.62%, Loss: 1.8232
Epoch: 27, Batch: 1790, Acc: 24.63%, Loss: 1.7752
Epoch: 27, Batch: 1800, Acc: 24.63%, Loss: 1.7678
Epoch: 27, Batch: 1810, Acc: 24.62%, Loss: 1.7763
Epoch: 27, Batch: 1820, Acc: 24.63%, Loss: 1.7831
Epoch: 27, Batch: 1830, Acc: 24.63%, Loss: 1.7597
Epoch: 27, Batch: 1840, Acc: 24.62%, Loss: 1.8060
Epoch: 27, Batch: 1850, Acc: 24.61%, Loss: 1.8156
Epoch: 27, Batch: 1860, Acc: 24.63%, Loss: 1.7616
Epoch: 27, Batch: 1870, Acc: 24.62%, Loss: 1.8267
Epoch: 27, Batch: 1880, Acc: 24.60%, Loss: 1.8076
Epoch: 27, Batch: 1890, Acc: 24.62%, Loss: 1.8011
Epoch: 27, Batch: 1900, Acc: 24.61%, Loss: 1.7750
Epoch: 27, Batch: 1910, Acc: 24.60%, Loss: 1.8205
Epoch: 27, Batch: 1920, Acc: 24.61%, Loss: 1.7880
Epoch: 27, Batch: 1930, Acc: 24.60%, Loss: 1.8198
Epoch: 27, Batch: 1940, Acc: 24.61%, Loss: 1.7748
Epoch: 27, Batch: 1950, Acc: 24.61%, Loss: 1.7564
Epoch: 27, Batch: 1960, Acc: 24.61%, Loss: 1.7870
Epoch: 27, Batch: 1970, Acc: 24.61%, Loss: 1.7775
Epoch: 27, Batch: 1980, Acc: 24.61%, Loss: 1.8252
Epoch: 27, Batch: 1990, Acc: 24.60%, Loss: 1.8056
Epoch: 27, Batch: 2000, Acc: 24.60%, Loss: 1.7612
Epoch: 27, Batch: 2010, Acc: 24.59%, Loss: 1.7954
Epoch: 27, Batch: 2020, Acc: 24.59%, Loss: 1.8195
Epoch: 27, Batch: 2030, Acc: 24.59%, Loss: 1.7846
Epoch: 27, Batch: 2040, Acc: 24.57%, Loss: 1.8287
Epoch: 27, Batch: 2050, Acc: 24.57%, Loss: 1.7981
Epoch: 27, Batch: 2060, Acc: 24.57%, Loss: 1.8004
Epoch: 27, Batch: 2070, Acc: 24.57%, Loss: 1.7756
Epoch: 27, Batch: 2080, Acc: 24.56%, Loss: 1.8042
Epoch: 27, Batch: 2090, Acc: 24.56%, Loss: 1.8060
Epoch: 27, Batch: 2100, Acc: 24.56%, Loss: 1.8174
Epoch: 27, Batch: 2110, Acc: 24.55%, Loss: 1.8239
Epoch: 27, Batch: 2120, Acc: 24.54%, Loss: 1.8280
Epoch: 27, Batch: 2130, Acc: 24.56%, Loss: 1.7432
Epoch: 27, Batch: 2140, Acc: 24.55%, Loss: 1.8059
Epoch: 27, Batch: 2150, Acc: 24.55%, Loss: 1.7820
Epoch: 27, Batch: 2160, Acc: 24.55%, Loss: 1.7828
Epoch: 27, Batch: 2170, Acc: 24.55%, Loss: 1.7711
Epoch: 27, Batch: 2180, Acc: 24.55%, Loss: 1.8164
Epoch: 27, Batch: 2190, Acc: 24.56%, Loss: 1.7570
Epoch: 27, Batch: 2200, Acc: 24.55%, Loss: 1.8205
Epoch: 27, Batch: 2210, Acc: 24.55%, Loss: 1.7955
Epoch: 27, Batch: 2220, Acc: 24.55%, Loss: 1.7608
Epoch: 27, Batch: 2230, Acc: 24.54%, Loss: 1.8021
Epoch: 27, Batch: 2240, Acc: 24.55%, Loss: 1.7429
Epoch: 27, Batch: 2250, Acc: 24.55%, Loss: 1.7967
Epoch: 27, Batch: 2260, Acc: 24.55%, Loss: 1.7979
Epoch: 27, Batch: 2270, Acc: 24.56%, Loss: 1.7510
Epoch: 27, Batch: 2280, Acc: 24.56%, Loss: 1.7985
Epoch: 27, Batch: 2290, Acc: 24.56%, Loss: 1.8032
Epoch: 27, Batch: 2300, Acc: 24.58%, Loss: 1.6918
Epoch: 27, Batch: 2310, Acc: 24.58%, Loss: 1.7551
Epoch: 27, Batch: 2320, Acc: 24.59%, Loss: 1.7939
Epoch: 27, Batch: 2330, Acc: 24.60%, Loss: 1.7747
Epoch: 27, Batch: 2340, Acc: 24.60%, Loss: 1.7872
Epoch: 27, Batch: 2350, Acc: 24.60%, Loss: 1.7805
Epoch: 27, Batch: 2360, Acc: 24.59%, Loss: 1.7433
Epoch: 27, Batch: 2370, Acc: 24.59%, Loss: 1.7991
Epoch: 27, Batch: 2380, Acc: 24.59%, Loss: 1.7893
Epoch: 27, Batch: 2390, Acc: 24.58%, Loss: 1.8073
Epoch: 27, Batch: 2400, Acc: 24.58%, Loss: 1.8011
Epoch: 27, Batch: 2410, Acc: 24.58%, Loss: 1.7834
Epoch: 27, Batch: 2420, Acc: 24.58%, Loss: 1.7605
Epoch: 27, Batch: 2430, Acc: 24.59%, Loss: 1.7472
Epoch: 27, Batch: 2440, Acc: 24.58%, Loss: 1.8118
Epoch: 27, Batch: 2450, Acc: 24.57%, Loss: 1.7966
Epoch: 27, Batch: 2460, Acc: 24.55%, Loss: 1.8211
Epoch: 27, Batch: 2470, Acc: 24.55%, Loss: 1.7852
Epoch: 27, Batch: 2480, Acc: 24.56%, Loss: 1.7681
Epoch: 27, Batch: 2490, Acc: 24.56%, Loss: 1.8174
Epoch: 27, Batch: 2500, Acc: 24.57%, Loss: 1.7549
Epoch: 27, Batch: 2510, Acc: 24.56%, Loss: 1.8310
Epoch: 27, Batch: 2520, Acc: 24.56%, Loss: 1.8257
Epoch: 27, Batch: 2530, Acc: 24.56%, Loss: 1.7878
Epoch: 27, Batch: 2540, Acc: 24.55%, Loss: 1.7732
Epoch: 27, Batch: 2550, Acc: 24.56%, Loss: 1.7982
Epoch: 27, Batch: 2560, Acc: 24.56%, Loss: 1.7706
Epoch: 27, Batch: 2570, Acc: 24.57%, Loss: 1.7921
Epoch: 27, Batch: 2580, Acc: 24.56%, Loss: 1.8194
Epoch: 27, Batch: 2590, Acc: 24.56%, Loss: 1.7865
Epoch: 27, Batch: 2600, Acc: 24.56%, Loss: 1.7855
Epoch: 27, Batch: 2610, Acc: 24.55%, Loss: 1.7702
Epoch: 27, Batch: 2620, Acc: 24.54%, Loss: 1.8185
Epoch: 27, Batch: 2630, Acc: 24.54%, Loss: 1.7586
Epoch: 27, Batch: 2640, Acc: 24.55%, Loss: 1.7932
Epoch: 27, Batch: 2650, Acc: 24.54%, Loss: 1.8048
Epoch: 27, Batch: 2660, Acc: 24.53%, Loss: 1.8283
Epoch: 27, Batch: 2670, Acc: 24.54%, Loss: 1.7885
Epoch: 27, Batch: 2680, Acc: 24.54%, Loss: 1.7739
Epoch: 27, Batch: 2690, Acc: 24.54%, Loss: 1.7772
Epoch: 27, Batch: 2700, Acc: 24.54%, Loss: 1.7795
Epoch: 27, Batch: 2710, Acc: 24.54%, Loss: 1.7619
Epoch: 27, Batch: 2720, Acc: 24.55%, Loss: 1.7716
Epoch: 27, Batch: 2730, Acc: 24.56%, Loss: 1.7336
Epoch: 27, Batch: 2740, Acc: 24.57%, Loss: 1.7520
Epoch: 27, Batch: 2750, Acc: 24.57%, Loss: 1.7875
Epoch: 27, Batch: 2760, Acc: 24.56%, Loss: 1.7808
Epoch: 27, Batch: 2770, Acc: 24.56%, Loss: 1.8022
Epoch: 27, Batch: 2780, Acc: 24.56%, Loss: 1.7664
Epoch: 27, Batch: 2790, Acc: 24.56%, Loss: 1.7609
Epoch: 27, Batch: 2800, Acc: 24.55%, Loss: 1.7983
Epoch: 27, Batch: 2810, Acc: 24.55%, Loss: 1.8509
Epoch: 27, Batch: 2820, Acc: 24.54%, Loss: 1.7668
Epoch: 27, Batch: 2830, Acc: 24.54%, Loss: 1.7601
Epoch: 27, Batch: 2840, Acc: 24.53%, Loss: 1.8093
Epoch: 27, Batch: 2850, Acc: 24.53%, Loss: 1.8060
Epoch: 27, Batch: 2860, Acc: 24.53%, Loss: 1.7873
Epoch: 27, Batch: 2870, Acc: 24.53%, Loss: 1.8127
Epoch: 27, Batch: 2880, Acc: 24.53%, Loss: 1.7691
Accuracy on test set: 46.04%, Val loss: 2.2345
Epoch 27: train_loss=1.7872, val_acc=46.04, best_val_acc=46.20, es_counter=3
Epoch: 28, Batch: 10, Acc: 25.78%, Loss: 1.7801
Epoch: 28, Batch: 20, Acc: 27.19%, Loss: 1.7545
Epoch: 28, Batch: 30, Acc: 25.57%, Loss: 1.8058
Epoch: 28, Batch: 40, Acc: 25.47%, Loss: 1.7759
Epoch: 28, Batch: 50, Acc: 24.94%, Loss: 1.8351
Epoch: 28, Batch: 60, Acc: 25.03%, Loss: 1.7859
Epoch: 28, Batch: 70, Acc: 24.96%, Loss: 1.7742
Epoch: 28, Batch: 80, Acc: 24.45%, Loss: 1.8391
Epoch: 28, Batch: 90, Acc: 24.48%, Loss: 1.8026
Epoch: 28, Batch: 100, Acc: 24.50%, Loss: 1.7846
Epoch: 28, Batch: 110, Acc: 24.67%, Loss: 1.7767
Epoch: 28, Batch: 120, Acc: 24.66%, Loss: 1.8116
Epoch: 28, Batch: 130, Acc: 24.72%, Loss: 1.7926
Epoch: 28, Batch: 140, Acc: 24.82%, Loss: 1.7640
Epoch: 28, Batch: 150, Acc: 24.98%, Loss: 1.7459
Epoch: 28, Batch: 160, Acc: 24.95%, Loss: 1.7916
Epoch: 28, Batch: 170, Acc: 25.03%, Loss: 1.7627
Epoch: 28, Batch: 180, Acc: 24.73%, Loss: 1.8246
Epoch: 28, Batch: 190, Acc: 24.66%, Loss: 1.7910
Epoch: 28, Batch: 200, Acc: 24.62%, Loss: 1.7957
Epoch: 28, Batch: 210, Acc: 24.67%, Loss: 1.7845
Epoch: 28, Batch: 220, Acc: 24.74%, Loss: 1.7721
Epoch: 28, Batch: 230, Acc: 24.72%, Loss: 1.8053
Epoch: 28, Batch: 240, Acc: 24.62%, Loss: 1.7967
Epoch: 28, Batch: 250, Acc: 24.60%, Loss: 1.7954
Epoch: 28, Batch: 260, Acc: 24.64%, Loss: 1.7861
Epoch: 28, Batch: 270, Acc: 24.65%, Loss: 1.8034
Epoch: 28, Batch: 280, Acc: 24.69%, Loss: 1.7972
Epoch: 28, Batch: 290, Acc: 24.69%, Loss: 1.7754
Epoch: 28, Batch: 300, Acc: 24.71%, Loss: 1.7853
Epoch: 28, Batch: 310, Acc: 24.70%, Loss: 1.7790
Epoch: 28, Batch: 320, Acc: 24.69%, Loss: 1.7976
Epoch: 28, Batch: 330, Acc: 24.74%, Loss: 1.7550
Epoch: 28, Batch: 340, Acc: 24.66%, Loss: 1.7766
Epoch: 28, Batch: 350, Acc: 24.74%, Loss: 1.7433
Epoch: 28, Batch: 360, Acc: 24.78%, Loss: 1.7787
Epoch: 28, Batch: 370, Acc: 24.76%, Loss: 1.7965
Epoch: 28, Batch: 380, Acc: 24.74%, Loss: 1.8105
Epoch: 28, Batch: 390, Acc: 24.76%, Loss: 1.7501
Epoch: 28, Batch: 400, Acc: 24.75%, Loss: 1.7735
Epoch: 28, Batch: 410, Acc: 24.72%, Loss: 1.7835
Epoch: 28, Batch: 420, Acc: 24.69%, Loss: 1.7956
Epoch: 28, Batch: 430, Acc: 24.61%, Loss: 1.7917
Epoch: 28, Batch: 440, Acc: 24.66%, Loss: 1.7745
Epoch: 28, Batch: 450, Acc: 24.55%, Loss: 1.8344
Epoch: 28, Batch: 460, Acc: 24.58%, Loss: 1.7575
Epoch: 28, Batch: 470, Acc: 24.59%, Loss: 1.7838
Epoch: 28, Batch: 480, Acc: 24.56%, Loss: 1.8009
Epoch: 28, Batch: 490, Acc: 24.61%, Loss: 1.7449
Epoch: 28, Batch: 500, Acc: 24.62%, Loss: 1.7703
Epoch: 28, Batch: 510, Acc: 24.62%, Loss: 1.7757
Epoch: 28, Batch: 520, Acc: 24.63%, Loss: 1.7713
Epoch: 28, Batch: 530, Acc: 24.65%, Loss: 1.7628
Epoch: 28, Batch: 540, Acc: 24.62%, Loss: 1.8038
Epoch: 28, Batch: 550, Acc: 24.65%, Loss: 1.7854
Epoch: 28, Batch: 560, Acc: 24.70%, Loss: 1.7595
Epoch: 28, Batch: 570, Acc: 24.72%, Loss: 1.8046
Epoch: 28, Batch: 580, Acc: 24.70%, Loss: 1.7951
Epoch: 28, Batch: 590, Acc: 24.73%, Loss: 1.7477
Epoch: 28, Batch: 600, Acc: 24.77%, Loss: 1.7570
Epoch: 28, Batch: 610, Acc: 24.72%, Loss: 1.8067
Epoch: 28, Batch: 620, Acc: 24.71%, Loss: 1.7770
Epoch: 28, Batch: 630, Acc: 24.69%, Loss: 1.8020
Epoch: 28, Batch: 640, Acc: 24.72%, Loss: 1.7492
Epoch: 28, Batch: 650, Acc: 24.79%, Loss: 1.7313
Epoch: 28, Batch: 660, Acc: 24.78%, Loss: 1.7926
Epoch: 28, Batch: 670, Acc: 24.75%, Loss: 1.8186
Epoch: 28, Batch: 680, Acc: 24.71%, Loss: 1.8333
Epoch: 28, Batch: 690, Acc: 24.71%, Loss: 1.8293
Epoch: 28, Batch: 700, Acc: 24.69%, Loss: 1.7985
Epoch: 28, Batch: 710, Acc: 24.70%, Loss: 1.8198
Epoch: 28, Batch: 720, Acc: 24.72%, Loss: 1.7620
Epoch: 28, Batch: 730, Acc: 24.71%, Loss: 1.7668
Epoch: 28, Batch: 740, Acc: 24.73%, Loss: 1.7922
Epoch: 28, Batch: 750, Acc: 24.74%, Loss: 1.7819
Epoch: 28, Batch: 760, Acc: 24.71%, Loss: 1.7903
Epoch: 28, Batch: 770, Acc: 24.70%, Loss: 1.7940
Epoch: 28, Batch: 780, Acc: 24.68%, Loss: 1.8220
Epoch: 28, Batch: 790, Acc: 24.71%, Loss: 1.7870
Epoch: 28, Batch: 800, Acc: 24.72%, Loss: 1.7771
Epoch: 28, Batch: 810, Acc: 24.70%, Loss: 1.7605
Epoch: 28, Batch: 820, Acc: 24.69%, Loss: 1.7784
Epoch: 28, Batch: 830, Acc: 24.68%, Loss: 1.8056
Epoch: 28, Batch: 840, Acc: 24.66%, Loss: 1.7999
Epoch: 28, Batch: 850, Acc: 24.64%, Loss: 1.8133
Epoch: 28, Batch: 860, Acc: 24.63%, Loss: 1.7866
Epoch: 28, Batch: 870, Acc: 24.58%, Loss: 1.8115
Epoch: 28, Batch: 880, Acc: 24.55%, Loss: 1.8265
Epoch: 28, Batch: 890, Acc: 24.54%, Loss: 1.7988
Epoch: 28, Batch: 900, Acc: 24.50%, Loss: 1.8154
Epoch: 28, Batch: 910, Acc: 24.50%, Loss: 1.8029
Epoch: 28, Batch: 920, Acc: 24.52%, Loss: 1.7726
Epoch: 28, Batch: 930, Acc: 24.52%, Loss: 1.7709
Epoch: 28, Batch: 940, Acc: 24.54%, Loss: 1.7935
Epoch: 28, Batch: 950, Acc: 24.51%, Loss: 1.8181
Epoch: 28, Batch: 960, Acc: 24.52%, Loss: 1.7420
Epoch: 28, Batch: 970, Acc: 24.52%, Loss: 1.7871
Epoch: 28, Batch: 980, Acc: 24.49%, Loss: 1.7925
Epoch: 28, Batch: 990, Acc: 24.48%, Loss: 1.8254
Epoch: 28, Batch: 1000, Acc: 24.49%, Loss: 1.8130
Epoch: 28, Batch: 1010, Acc: 24.48%, Loss: 1.8220
Epoch: 28, Batch: 1020, Acc: 24.48%, Loss: 1.7869
Epoch: 28, Batch: 1030, Acc: 24.46%, Loss: 1.8590
Epoch: 28, Batch: 1040, Acc: 24.45%, Loss: 1.8056
Epoch: 28, Batch: 1050, Acc: 24.44%, Loss: 1.8144
Epoch: 28, Batch: 1060, Acc: 24.47%, Loss: 1.7433
Epoch: 28, Batch: 1070, Acc: 24.47%, Loss: 1.7632
Epoch: 28, Batch: 1080, Acc: 24.48%, Loss: 1.7752
Epoch: 28, Batch: 1090, Acc: 24.48%, Loss: 1.8022
Epoch: 28, Batch: 1100, Acc: 24.47%, Loss: 1.8000
Epoch: 28, Batch: 1110, Acc: 24.49%, Loss: 1.7682
Epoch: 28, Batch: 1120, Acc: 24.50%, Loss: 1.7975
Epoch: 28, Batch: 1130, Acc: 24.50%, Loss: 1.8020
Epoch: 28, Batch: 1140, Acc: 24.48%, Loss: 1.7990
Epoch: 28, Batch: 1150, Acc: 24.47%, Loss: 1.8317
Epoch: 28, Batch: 1160, Acc: 24.45%, Loss: 1.8256
Epoch: 28, Batch: 1170, Acc: 24.44%, Loss: 1.7938
Epoch: 28, Batch: 1180, Acc: 24.45%, Loss: 1.7739
Epoch: 28, Batch: 1190, Acc: 24.46%, Loss: 1.8059
Epoch: 28, Batch: 1200, Acc: 24.47%, Loss: 1.7927
Epoch: 28, Batch: 1210, Acc: 24.47%, Loss: 1.7971
Epoch: 28, Batch: 1220, Acc: 24.51%, Loss: 1.7654
Epoch: 28, Batch: 1230, Acc: 24.49%, Loss: 1.8009
Epoch: 28, Batch: 1240, Acc: 24.49%, Loss: 1.7932
Epoch: 28, Batch: 1250, Acc: 24.48%, Loss: 1.8008
Epoch: 28, Batch: 1260, Acc: 24.49%, Loss: 1.7600
Epoch: 28, Batch: 1270, Acc: 24.47%, Loss: 1.7699
Epoch: 28, Batch: 1280, Acc: 24.48%, Loss: 1.7517
Epoch: 28, Batch: 1290, Acc: 24.50%, Loss: 1.7654
Epoch: 28, Batch: 1300, Acc: 24.51%, Loss: 1.7457
Epoch: 28, Batch: 1310, Acc: 24.50%, Loss: 1.7918
Epoch: 28, Batch: 1320, Acc: 24.49%, Loss: 1.7951
Epoch: 28, Batch: 1330, Acc: 24.48%, Loss: 1.8243
Epoch: 28, Batch: 1340, Acc: 24.50%, Loss: 1.7578
Epoch: 28, Batch: 1350, Acc: 24.51%, Loss: 1.7868
Epoch: 28, Batch: 1360, Acc: 24.52%, Loss: 1.7695
Epoch: 28, Batch: 1370, Acc: 24.52%, Loss: 1.7509
Epoch: 28, Batch: 1380, Acc: 24.51%, Loss: 1.8097
Epoch: 28, Batch: 1390, Acc: 24.50%, Loss: 1.7937
Epoch: 28, Batch: 1400, Acc: 24.49%, Loss: 1.7891
Epoch: 28, Batch: 1410, Acc: 24.49%, Loss: 1.7959
Epoch: 28, Batch: 1420, Acc: 24.49%, Loss: 1.7879
Epoch: 28, Batch: 1430, Acc: 24.49%, Loss: 1.8162
Epoch: 28, Batch: 1440, Acc: 24.48%, Loss: 1.8359
Epoch: 28, Batch: 1450, Acc: 24.49%, Loss: 1.7470
Epoch: 28, Batch: 1460, Acc: 24.50%, Loss: 1.7855
Epoch: 28, Batch: 1470, Acc: 24.50%, Loss: 1.8107
Epoch: 28, Batch: 1480, Acc: 24.49%, Loss: 1.7799
Epoch: 28, Batch: 1490, Acc: 24.49%, Loss: 1.8016
Epoch: 28, Batch: 1500, Acc: 24.48%, Loss: 1.8218
Epoch: 28, Batch: 1510, Acc: 24.50%, Loss: 1.7705
Epoch: 28, Batch: 1520, Acc: 24.50%, Loss: 1.7497
Epoch: 28, Batch: 1530, Acc: 24.50%, Loss: 1.8174
Epoch: 28, Batch: 1540, Acc: 24.50%, Loss: 1.7833
Epoch: 28, Batch: 1550, Acc: 24.50%, Loss: 1.7883
Epoch: 28, Batch: 1560, Acc: 24.50%, Loss: 1.7877
Epoch: 28, Batch: 1570, Acc: 24.48%, Loss: 1.8475
Epoch: 28, Batch: 1580, Acc: 24.48%, Loss: 1.8139
Epoch: 28, Batch: 1590, Acc: 24.50%, Loss: 1.7518
Epoch: 28, Batch: 1600, Acc: 24.50%, Loss: 1.7760
Epoch: 28, Batch: 1610, Acc: 24.51%, Loss: 1.7718
Epoch: 28, Batch: 1620, Acc: 24.54%, Loss: 1.7281
Epoch: 28, Batch: 1630, Acc: 24.54%, Loss: 1.7915
Epoch: 28, Batch: 1640, Acc: 24.54%, Loss: 1.7848
Epoch: 28, Batch: 1650, Acc: 24.54%, Loss: 1.7714
Epoch: 28, Batch: 1660, Acc: 24.53%, Loss: 1.7984
Epoch: 28, Batch: 1670, Acc: 24.53%, Loss: 1.7851
Epoch: 28, Batch: 1680, Acc: 24.52%, Loss: 1.7879
Epoch: 28, Batch: 1690, Acc: 24.51%, Loss: 1.8234
Epoch: 28, Batch: 1700, Acc: 24.51%, Loss: 1.7922
Epoch: 28, Batch: 1710, Acc: 24.51%, Loss: 1.7865
Epoch: 28, Batch: 1720, Acc: 24.51%, Loss: 1.7851
Epoch: 28, Batch: 1730, Acc: 24.51%, Loss: 1.7858
Epoch: 28, Batch: 1740, Acc: 24.52%, Loss: 1.7885
Epoch: 28, Batch: 1750, Acc: 24.54%, Loss: 1.7642
Epoch: 28, Batch: 1760, Acc: 24.53%, Loss: 1.8000
Epoch: 28, Batch: 1770, Acc: 24.53%, Loss: 1.7900
Epoch: 28, Batch: 1780, Acc: 24.54%, Loss: 1.7695
Epoch: 28, Batch: 1790, Acc: 24.54%, Loss: 1.7540
Epoch: 28, Batch: 1800, Acc: 24.53%, Loss: 1.7808
Epoch: 28, Batch: 1810, Acc: 24.54%, Loss: 1.7843
Epoch: 28, Batch: 1820, Acc: 24.53%, Loss: 1.7812
Epoch: 28, Batch: 1830, Acc: 24.52%, Loss: 1.7842
Epoch: 28, Batch: 1840, Acc: 24.52%, Loss: 1.7825
Epoch: 28, Batch: 1850, Acc: 24.51%, Loss: 1.7950
Epoch: 28, Batch: 1860, Acc: 24.51%, Loss: 1.7744
Epoch: 28, Batch: 1870, Acc: 24.51%, Loss: 1.7696
Epoch: 28, Batch: 1880, Acc: 24.52%, Loss: 1.7514
Epoch: 28, Batch: 1890, Acc: 24.52%, Loss: 1.8065
Epoch: 28, Batch: 1900, Acc: 24.52%, Loss: 1.7861
Epoch: 28, Batch: 1910, Acc: 24.53%, Loss: 1.7704
Epoch: 28, Batch: 1920, Acc: 24.53%, Loss: 1.7786
Epoch: 28, Batch: 1930, Acc: 24.53%, Loss: 1.7760
Epoch: 28, Batch: 1940, Acc: 24.53%, Loss: 1.7966
Epoch: 28, Batch: 1950, Acc: 24.54%, Loss: 1.8211
Epoch: 28, Batch: 1960, Acc: 24.54%, Loss: 1.8006
Epoch: 28, Batch: 1970, Acc: 24.54%, Loss: 1.7740
Epoch: 28, Batch: 1980, Acc: 24.54%, Loss: 1.7629
Epoch: 28, Batch: 1990, Acc: 24.53%, Loss: 1.8085
Epoch: 28, Batch: 2000, Acc: 24.53%, Loss: 1.7685
Epoch: 28, Batch: 2010, Acc: 24.53%, Loss: 1.7988
Epoch: 28, Batch: 2020, Acc: 24.54%, Loss: 1.8096
Epoch: 28, Batch: 2030, Acc: 24.53%, Loss: 1.7993
Epoch: 28, Batch: 2040, Acc: 24.55%, Loss: 1.7356
Epoch: 28, Batch: 2050, Acc: 24.53%, Loss: 1.8202
Epoch: 28, Batch: 2060, Acc: 24.55%, Loss: 1.7741
Epoch: 28, Batch: 2070, Acc: 24.54%, Loss: 1.8126
Epoch: 28, Batch: 2080, Acc: 24.54%, Loss: 1.7898
Epoch: 28, Batch: 2090, Acc: 24.54%, Loss: 1.7399
Epoch: 28, Batch: 2100, Acc: 24.55%, Loss: 1.8069
Epoch: 28, Batch: 2110, Acc: 24.56%, Loss: 1.7390
Epoch: 28, Batch: 2120, Acc: 24.57%, Loss: 1.7746
Epoch: 28, Batch: 2130, Acc: 24.57%, Loss: 1.7852
Epoch: 28, Batch: 2140, Acc: 24.57%, Loss: 1.7635
Epoch: 28, Batch: 2150, Acc: 24.59%, Loss: 1.7623
Epoch: 28, Batch: 2160, Acc: 24.59%, Loss: 1.7912
Epoch: 28, Batch: 2170, Acc: 24.59%, Loss: 1.7869
Epoch: 28, Batch: 2180, Acc: 24.59%, Loss: 1.7846
Epoch: 28, Batch: 2190, Acc: 24.59%, Loss: 1.7868
Epoch: 28, Batch: 2200, Acc: 24.58%, Loss: 1.8074
Epoch: 28, Batch: 2210, Acc: 24.59%, Loss: 1.7814
Epoch: 28, Batch: 2220, Acc: 24.59%, Loss: 1.7927
Epoch: 28, Batch: 2230, Acc: 24.59%, Loss: 1.7830
Epoch: 28, Batch: 2240, Acc: 24.59%, Loss: 1.8079
Epoch: 28, Batch: 2250, Acc: 24.58%, Loss: 1.8008
Epoch: 28, Batch: 2260, Acc: 24.59%, Loss: 1.7521
Epoch: 28, Batch: 2270, Acc: 24.60%, Loss: 1.7921
Epoch: 28, Batch: 2280, Acc: 24.60%, Loss: 1.7885
Epoch: 28, Batch: 2290, Acc: 24.60%, Loss: 1.7941
Epoch: 28, Batch: 2300, Acc: 24.59%, Loss: 1.8649
Epoch: 28, Batch: 2310, Acc: 24.60%, Loss: 1.7649
Epoch: 28, Batch: 2320, Acc: 24.60%, Loss: 1.8001
Epoch: 28, Batch: 2330, Acc: 24.61%, Loss: 1.7487
Epoch: 28, Batch: 2340, Acc: 24.61%, Loss: 1.7833
Epoch: 28, Batch: 2350, Acc: 24.61%, Loss: 1.7732
Epoch: 28, Batch: 2360, Acc: 24.61%, Loss: 1.7545
Epoch: 28, Batch: 2370, Acc: 24.61%, Loss: 1.7496
Epoch: 28, Batch: 2380, Acc: 24.61%, Loss: 1.7705
Epoch: 28, Batch: 2390, Acc: 24.62%, Loss: 1.7748
Epoch: 28, Batch: 2400, Acc: 24.62%, Loss: 1.7275
Epoch: 28, Batch: 2410, Acc: 24.62%, Loss: 1.8207
Epoch: 28, Batch: 2420, Acc: 24.62%, Loss: 1.7955
Epoch: 28, Batch: 2430, Acc: 24.62%, Loss: 1.8083
Epoch: 28, Batch: 2440, Acc: 24.62%, Loss: 1.7913
Epoch: 28, Batch: 2450, Acc: 24.62%, Loss: 1.7780
Epoch: 28, Batch: 2460, Acc: 24.63%, Loss: 1.7489
Epoch: 28, Batch: 2470, Acc: 24.63%, Loss: 1.7994
Epoch: 28, Batch: 2480, Acc: 24.63%, Loss: 1.7500
Epoch: 28, Batch: 2490, Acc: 24.63%, Loss: 1.7730
Epoch: 28, Batch: 2500, Acc: 24.61%, Loss: 1.8061
Epoch: 28, Batch: 2510, Acc: 24.61%, Loss: 1.7820
Epoch: 28, Batch: 2520, Acc: 24.62%, Loss: 1.7854
Epoch: 28, Batch: 2530, Acc: 24.60%, Loss: 1.7933
Epoch: 28, Batch: 2540, Acc: 24.60%, Loss: 1.8002
Epoch: 28, Batch: 2550, Acc: 24.60%, Loss: 1.8093
Epoch: 28, Batch: 2560, Acc: 24.59%, Loss: 1.8186
Epoch: 28, Batch: 2570, Acc: 24.59%, Loss: 1.7790
Epoch: 28, Batch: 2580, Acc: 24.60%, Loss: 1.7974
Epoch: 28, Batch: 2590, Acc: 24.60%, Loss: 1.7934
Epoch: 28, Batch: 2600, Acc: 24.60%, Loss: 1.7555
Epoch: 28, Batch: 2610, Acc: 24.60%, Loss: 1.7770
Epoch: 28, Batch: 2620, Acc: 24.60%, Loss: 1.7910
Epoch: 28, Batch: 2630, Acc: 24.61%, Loss: 1.7893
Epoch: 28, Batch: 2640, Acc: 24.61%, Loss: 1.7919
Epoch: 28, Batch: 2650, Acc: 24.61%, Loss: 1.7784
Epoch: 28, Batch: 2660, Acc: 24.61%, Loss: 1.8225
Epoch: 28, Batch: 2670, Acc: 24.62%, Loss: 1.7532
Epoch: 28, Batch: 2680, Acc: 24.61%, Loss: 1.8277
Epoch: 28, Batch: 2690, Acc: 24.61%, Loss: 1.7602
Epoch: 28, Batch: 2700, Acc: 24.62%, Loss: 1.7402
Epoch: 28, Batch: 2710, Acc: 24.62%, Loss: 1.8199
Epoch: 28, Batch: 2720, Acc: 24.61%, Loss: 1.7828
Epoch: 28, Batch: 2730, Acc: 24.61%, Loss: 1.8328
Epoch: 28, Batch: 2740, Acc: 24.61%, Loss: 1.7801
Epoch: 28, Batch: 2750, Acc: 24.62%, Loss: 1.7550
Epoch: 28, Batch: 2760, Acc: 24.61%, Loss: 1.8071
Epoch: 28, Batch: 2770, Acc: 24.60%, Loss: 1.8017
Epoch: 28, Batch: 2780, Acc: 24.59%, Loss: 1.8293
Epoch: 28, Batch: 2790, Acc: 24.60%, Loss: 1.7716
Epoch: 28, Batch: 2800, Acc: 24.60%, Loss: 1.8206
Epoch: 28, Batch: 2810, Acc: 24.59%, Loss: 1.8138
Epoch: 28, Batch: 2820, Acc: 24.59%, Loss: 1.7844
Epoch: 28, Batch: 2830, Acc: 24.59%, Loss: 1.8034
Epoch: 28, Batch: 2840, Acc: 24.59%, Loss: 1.8048
Epoch: 28, Batch: 2850, Acc: 24.59%, Loss: 1.7726
Epoch: 28, Batch: 2860, Acc: 24.60%, Loss: 1.7648
Epoch: 28, Batch: 2870, Acc: 24.61%, Loss: 1.7417
Epoch: 28, Batch: 2880, Acc: 24.61%, Loss: 1.7879
Accuracy on test set: 46.41%, Val loss: 2.2326
Epoch 28: train_loss=1.7873, val_acc=46.41, best_val_acc=46.41, es_counter=0
Epoch: 29, Batch: 10, Acc: 22.66%, Loss: 1.8025
Epoch: 29, Batch: 20, Acc: 22.97%, Loss: 1.7997
Epoch: 29, Batch: 30, Acc: 24.64%, Loss: 1.7555
Epoch: 29, Batch: 40, Acc: 24.92%, Loss: 1.7655
Epoch: 29, Batch: 50, Acc: 24.72%, Loss: 1.7834
Epoch: 29, Batch: 60, Acc: 24.61%, Loss: 1.7871
Epoch: 29, Batch: 70, Acc: 24.64%, Loss: 1.8034
Epoch: 29, Batch: 80, Acc: 24.82%, Loss: 1.7573
Epoch: 29, Batch: 90, Acc: 25.21%, Loss: 1.7253
Epoch: 29, Batch: 100, Acc: 25.47%, Loss: 1.7818
Epoch: 29, Batch: 110, Acc: 25.44%, Loss: 1.7626
Epoch: 29, Batch: 120, Acc: 25.61%, Loss: 1.7545
Epoch: 29, Batch: 130, Acc: 25.43%, Loss: 1.8045
Epoch: 29, Batch: 140, Acc: 25.61%, Loss: 1.7474
Epoch: 29, Batch: 150, Acc: 25.69%, Loss: 1.7677
Epoch: 29, Batch: 160, Acc: 25.43%, Loss: 1.8098
Epoch: 29, Batch: 170, Acc: 25.40%, Loss: 1.7683
Epoch: 29, Batch: 180, Acc: 25.53%, Loss: 1.7562
Epoch: 29, Batch: 190, Acc: 25.30%, Loss: 1.8252
Epoch: 29, Batch: 200, Acc: 25.23%, Loss: 1.8065
Epoch: 29, Batch: 210, Acc: 25.22%, Loss: 1.7839
Epoch: 29, Batch: 220, Acc: 25.14%, Loss: 1.7933
Epoch: 29, Batch: 230, Acc: 25.17%, Loss: 1.7664
Epoch: 29, Batch: 240, Acc: 25.18%, Loss: 1.7875
Epoch: 29, Batch: 250, Acc: 25.18%, Loss: 1.7965
Epoch: 29, Batch: 260, Acc: 25.29%, Loss: 1.7481
Epoch: 29, Batch: 270, Acc: 25.19%, Loss: 1.8144
Epoch: 29, Batch: 280, Acc: 25.31%, Loss: 1.7359
Epoch: 29, Batch: 290, Acc: 25.23%, Loss: 1.7941
Epoch: 29, Batch: 300, Acc: 25.19%, Loss: 1.7861
Epoch: 29, Batch: 310, Acc: 25.12%, Loss: 1.7971
Epoch: 29, Batch: 320, Acc: 25.05%, Loss: 1.8087
Epoch: 29, Batch: 330, Acc: 24.99%, Loss: 1.8123
Epoch: 29, Batch: 340, Acc: 25.04%, Loss: 1.7447
Epoch: 29, Batch: 350, Acc: 25.09%, Loss: 1.7904
Epoch: 29, Batch: 360, Acc: 25.11%, Loss: 1.8068
Epoch: 29, Batch: 370, Acc: 25.12%, Loss: 1.7663
Epoch: 29, Batch: 380, Acc: 25.15%, Loss: 1.7588
Epoch: 29, Batch: 390, Acc: 25.09%, Loss: 1.7692
Epoch: 29, Batch: 400, Acc: 25.06%, Loss: 1.7907
Epoch: 29, Batch: 410, Acc: 25.00%, Loss: 1.8208
Epoch: 29, Batch: 420, Acc: 24.93%, Loss: 1.8303
Epoch: 29, Batch: 430, Acc: 24.88%, Loss: 1.7940
Epoch: 29, Batch: 440, Acc: 24.88%, Loss: 1.7747
Epoch: 29, Batch: 450, Acc: 24.92%, Loss: 1.7918
Epoch: 29, Batch: 460, Acc: 24.88%, Loss: 1.7884
Epoch: 29, Batch: 470, Acc: 24.86%, Loss: 1.8026
Epoch: 29, Batch: 480, Acc: 24.85%, Loss: 1.7631
Epoch: 29, Batch: 490, Acc: 24.94%, Loss: 1.7219
Epoch: 29, Batch: 500, Acc: 24.96%, Loss: 1.7770
Epoch: 29, Batch: 510, Acc: 24.94%, Loss: 1.7982
Epoch: 29, Batch: 520, Acc: 24.94%, Loss: 1.8133
Epoch: 29, Batch: 530, Acc: 24.93%, Loss: 1.7889
Epoch: 29, Batch: 540, Acc: 24.93%, Loss: 1.7920
Epoch: 29, Batch: 550, Acc: 24.95%, Loss: 1.7665
Epoch: 29, Batch: 560, Acc: 24.94%, Loss: 1.7916
Epoch: 29, Batch: 570, Acc: 24.91%, Loss: 1.7834
Epoch: 29, Batch: 580, Acc: 24.92%, Loss: 1.7843
Epoch: 29, Batch: 590, Acc: 24.97%, Loss: 1.7562
Epoch: 29, Batch: 600, Acc: 24.97%, Loss: 1.7804
Epoch: 29, Batch: 610, Acc: 24.94%, Loss: 1.7931
Epoch: 29, Batch: 620, Acc: 24.92%, Loss: 1.7630
Epoch: 29, Batch: 630, Acc: 24.88%, Loss: 1.8140
Epoch: 29, Batch: 640, Acc: 24.91%, Loss: 1.7859
Epoch: 29, Batch: 650, Acc: 24.91%, Loss: 1.8042
Epoch: 29, Batch: 660, Acc: 24.89%, Loss: 1.8239
Epoch: 29, Batch: 670, Acc: 24.90%, Loss: 1.7764
Epoch: 29, Batch: 680, Acc: 24.90%, Loss: 1.7649
Epoch: 29, Batch: 690, Acc: 24.88%, Loss: 1.8258
Epoch: 29, Batch: 700, Acc: 24.90%, Loss: 1.7593
Epoch: 29, Batch: 710, Acc: 24.87%, Loss: 1.8146
Epoch: 29, Batch: 720, Acc: 24.83%, Loss: 1.8152
Epoch: 29, Batch: 730, Acc: 24.80%, Loss: 1.7951
Epoch: 29, Batch: 740, Acc: 24.80%, Loss: 1.7912
Epoch: 29, Batch: 750, Acc: 24.80%, Loss: 1.7854
Epoch: 29, Batch: 760, Acc: 24.79%, Loss: 1.8229
Epoch: 29, Batch: 770, Acc: 24.80%, Loss: 1.7677
Epoch: 29, Batch: 780, Acc: 24.76%, Loss: 1.8507
Epoch: 29, Batch: 790, Acc: 24.76%, Loss: 1.7904
Epoch: 29, Batch: 800, Acc: 24.76%, Loss: 1.7986
Epoch: 29, Batch: 810, Acc: 24.79%, Loss: 1.7592
Epoch: 29, Batch: 820, Acc: 24.80%, Loss: 1.7822
Epoch: 29, Batch: 830, Acc: 24.80%, Loss: 1.7813
Epoch: 29, Batch: 840, Acc: 24.80%, Loss: 1.8058
Epoch: 29, Batch: 850, Acc: 24.80%, Loss: 1.8294
Epoch: 29, Batch: 860, Acc: 24.81%, Loss: 1.7759
Epoch: 29, Batch: 870, Acc: 24.80%, Loss: 1.7894
Epoch: 29, Batch: 880, Acc: 24.82%, Loss: 1.7489
Epoch: 29, Batch: 890, Acc: 24.83%, Loss: 1.7637
Epoch: 29, Batch: 900, Acc: 24.82%, Loss: 1.8063
Epoch: 29, Batch: 910, Acc: 24.83%, Loss: 1.7499
Epoch: 29, Batch: 920, Acc: 24.82%, Loss: 1.8310
Epoch: 29, Batch: 930, Acc: 24.82%, Loss: 1.7833
Epoch: 29, Batch: 940, Acc: 24.82%, Loss: 1.7934
Epoch: 29, Batch: 950, Acc: 24.80%, Loss: 1.8166
Epoch: 29, Batch: 960, Acc: 24.77%, Loss: 1.8570
Epoch: 29, Batch: 970, Acc: 24.77%, Loss: 1.7528
Epoch: 29, Batch: 980, Acc: 24.74%, Loss: 1.8238
Epoch: 29, Batch: 990, Acc: 24.77%, Loss: 1.7853
Epoch: 29, Batch: 1000, Acc: 24.76%, Loss: 1.7672
Epoch: 29, Batch: 1010, Acc: 24.75%, Loss: 1.7942
Epoch: 29, Batch: 1020, Acc: 24.77%, Loss: 1.7716
Epoch: 29, Batch: 1030, Acc: 24.76%, Loss: 1.8112
Epoch: 29, Batch: 1040, Acc: 24.79%, Loss: 1.7559
Epoch: 29, Batch: 1050, Acc: 24.82%, Loss: 1.7575
Epoch: 29, Batch: 1060, Acc: 24.82%, Loss: 1.7772
Epoch: 29, Batch: 1070, Acc: 24.80%, Loss: 1.8107
Epoch: 29, Batch: 1080, Acc: 24.79%, Loss: 1.7877
Epoch: 29, Batch: 1090, Acc: 24.77%, Loss: 1.8349
Epoch: 29, Batch: 1100, Acc: 24.76%, Loss: 1.7910
Epoch: 29, Batch: 1110, Acc: 24.76%, Loss: 1.7965
Epoch: 29, Batch: 1120, Acc: 24.76%, Loss: 1.7778
Epoch: 29, Batch: 1130, Acc: 24.77%, Loss: 1.7977
Epoch: 29, Batch: 1140, Acc: 24.80%, Loss: 1.7323
Epoch: 29, Batch: 1150, Acc: 24.79%, Loss: 1.8186
Epoch: 29, Batch: 1160, Acc: 24.78%, Loss: 1.7930
Epoch: 29, Batch: 1170, Acc: 24.80%, Loss: 1.7349
Epoch: 29, Batch: 1180, Acc: 24.81%, Loss: 1.7826
Epoch: 29, Batch: 1190, Acc: 24.82%, Loss: 1.7656
Epoch: 29, Batch: 1200, Acc: 24.81%, Loss: 1.7882
Epoch: 29, Batch: 1210, Acc: 24.83%, Loss: 1.7455
Epoch: 29, Batch: 1220, Acc: 24.83%, Loss: 1.7889
Epoch: 29, Batch: 1230, Acc: 24.81%, Loss: 1.8102
Epoch: 29, Batch: 1240, Acc: 24.79%, Loss: 1.8242
Epoch: 29, Batch: 1250, Acc: 24.79%, Loss: 1.8004
Epoch: 29, Batch: 1260, Acc: 24.78%, Loss: 1.7602
Epoch: 29, Batch: 1270, Acc: 24.80%, Loss: 1.7273
Epoch: 29, Batch: 1280, Acc: 24.80%, Loss: 1.7830
Epoch: 29, Batch: 1290, Acc: 24.80%, Loss: 1.8047
Epoch: 29, Batch: 1300, Acc: 24.80%, Loss: 1.7830
Epoch: 29, Batch: 1310, Acc: 24.79%, Loss: 1.7518
Epoch: 29, Batch: 1320, Acc: 24.80%, Loss: 1.8108
Epoch: 29, Batch: 1330, Acc: 24.79%, Loss: 1.7882
Epoch: 29, Batch: 1340, Acc: 24.79%, Loss: 1.7892
Epoch: 29, Batch: 1350, Acc: 24.81%, Loss: 1.7478
Epoch: 29, Batch: 1360, Acc: 24.78%, Loss: 1.8421
Epoch: 29, Batch: 1370, Acc: 24.79%, Loss: 1.7588
Epoch: 29, Batch: 1380, Acc: 24.77%, Loss: 1.8446
Epoch: 29, Batch: 1390, Acc: 24.77%, Loss: 1.7824
Epoch: 29, Batch: 1400, Acc: 24.76%, Loss: 1.7920
Epoch: 29, Batch: 1410, Acc: 24.75%, Loss: 1.8125
Epoch: 29, Batch: 1420, Acc: 24.75%, Loss: 1.7695
Epoch: 29, Batch: 1430, Acc: 24.74%, Loss: 1.8242
Epoch: 29, Batch: 1440, Acc: 24.76%, Loss: 1.7651
Epoch: 29, Batch: 1450, Acc: 24.76%, Loss: 1.7709
Epoch: 29, Batch: 1460, Acc: 24.77%, Loss: 1.7708
Epoch: 29, Batch: 1470, Acc: 24.77%, Loss: 1.7923
Epoch: 29, Batch: 1480, Acc: 24.76%, Loss: 1.8054
Epoch: 29, Batch: 1490, Acc: 24.76%, Loss: 1.7594
Epoch: 29, Batch: 1500, Acc: 24.78%, Loss: 1.7670
Epoch: 29, Batch: 1510, Acc: 24.79%, Loss: 1.7786
Epoch: 29, Batch: 1520, Acc: 24.78%, Loss: 1.7769
Epoch: 29, Batch: 1530, Acc: 24.77%, Loss: 1.8004
Epoch: 29, Batch: 1540, Acc: 24.78%, Loss: 1.7739
Epoch: 29, Batch: 1550, Acc: 24.80%, Loss: 1.7614
Epoch: 29, Batch: 1560, Acc: 24.79%, Loss: 1.7900
Epoch: 29, Batch: 1570, Acc: 24.78%, Loss: 1.7698
Epoch: 29, Batch: 1580, Acc: 24.79%, Loss: 1.7822
Epoch: 29, Batch: 1590, Acc: 24.80%, Loss: 1.7648
Epoch: 29, Batch: 1600, Acc: 24.79%, Loss: 1.8138
Epoch: 29, Batch: 1610, Acc: 24.80%, Loss: 1.7379
Epoch: 29, Batch: 1620, Acc: 24.78%, Loss: 1.8298
Epoch: 29, Batch: 1630, Acc: 24.78%, Loss: 1.7713
Epoch: 29, Batch: 1640, Acc: 24.78%, Loss: 1.7611
Epoch: 29, Batch: 1650, Acc: 24.77%, Loss: 1.7832
Epoch: 29, Batch: 1660, Acc: 24.77%, Loss: 1.7939
Epoch: 29, Batch: 1670, Acc: 24.76%, Loss: 1.8231
Epoch: 29, Batch: 1680, Acc: 24.74%, Loss: 1.8147
Epoch: 29, Batch: 1690, Acc: 24.76%, Loss: 1.7819
Epoch: 29, Batch: 1700, Acc: 24.76%, Loss: 1.7943
Epoch: 29, Batch: 1710, Acc: 24.76%, Loss: 1.7990
Epoch: 29, Batch: 1720, Acc: 24.76%, Loss: 1.7997
Epoch: 29, Batch: 1730, Acc: 24.77%, Loss: 1.7686
Epoch: 29, Batch: 1740, Acc: 24.77%, Loss: 1.7918
Epoch: 29, Batch: 1750, Acc: 24.77%, Loss: 1.8149
Epoch: 29, Batch: 1760, Acc: 24.77%, Loss: 1.8029
Epoch: 29, Batch: 1770, Acc: 24.77%, Loss: 1.7905
Epoch: 29, Batch: 1780, Acc: 24.78%, Loss: 1.7369
Epoch: 29, Batch: 1790, Acc: 24.78%, Loss: 1.7952
Epoch: 29, Batch: 1800, Acc: 24.77%, Loss: 1.7992
Epoch: 29, Batch: 1810, Acc: 24.77%, Loss: 1.7930
Epoch: 29, Batch: 1820, Acc: 24.75%, Loss: 1.8102
Epoch: 29, Batch: 1830, Acc: 24.75%, Loss: 1.8098
Epoch: 29, Batch: 1840, Acc: 24.75%, Loss: 1.8101
Epoch: 29, Batch: 1850, Acc: 24.75%, Loss: 1.8090
Epoch: 29, Batch: 1860, Acc: 24.75%, Loss: 1.7914
Epoch: 29, Batch: 1870, Acc: 24.76%, Loss: 1.7752
Epoch: 29, Batch: 1880, Acc: 24.75%, Loss: 1.7961
Epoch: 29, Batch: 1890, Acc: 24.75%, Loss: 1.8162
Epoch: 29, Batch: 1900, Acc: 24.74%, Loss: 1.8140
Epoch: 29, Batch: 1910, Acc: 24.74%, Loss: 1.7876
Epoch: 29, Batch: 1920, Acc: 24.74%, Loss: 1.7973
Epoch: 29, Batch: 1930, Acc: 24.74%, Loss: 1.7800
Epoch: 29, Batch: 1940, Acc: 24.73%, Loss: 1.7861
Epoch: 29, Batch: 1950, Acc: 24.73%, Loss: 1.8015
Epoch: 29, Batch: 1960, Acc: 24.73%, Loss: 1.7673
Epoch: 29, Batch: 1970, Acc: 24.74%, Loss: 1.7868
Epoch: 29, Batch: 1980, Acc: 24.74%, Loss: 1.7762
Epoch: 29, Batch: 1990, Acc: 24.73%, Loss: 1.8341
Epoch: 29, Batch: 2000, Acc: 24.72%, Loss: 1.7997
Epoch: 29, Batch: 2010, Acc: 24.71%, Loss: 1.7741
Epoch: 29, Batch: 2020, Acc: 24.70%, Loss: 1.8345
Epoch: 29, Batch: 2030, Acc: 24.70%, Loss: 1.7900
Epoch: 29, Batch: 2040, Acc: 24.69%, Loss: 1.7892
Epoch: 29, Batch: 2050, Acc: 24.68%, Loss: 1.7979
Epoch: 29, Batch: 2060, Acc: 24.68%, Loss: 1.7775
Epoch: 29, Batch: 2070, Acc: 24.68%, Loss: 1.8006
Epoch: 29, Batch: 2080, Acc: 24.68%, Loss: 1.7663
Epoch: 29, Batch: 2090, Acc: 24.67%, Loss: 1.8185
Epoch: 29, Batch: 2100, Acc: 24.69%, Loss: 1.7813
Epoch: 29, Batch: 2110, Acc: 24.69%, Loss: 1.7879
Epoch: 29, Batch: 2120, Acc: 24.70%, Loss: 1.7793
Epoch: 29, Batch: 2130, Acc: 24.69%, Loss: 1.8011
Epoch: 29, Batch: 2140, Acc: 24.70%, Loss: 1.7644
Epoch: 29, Batch: 2150, Acc: 24.69%, Loss: 1.7771
Epoch: 29, Batch: 2160, Acc: 24.69%, Loss: 1.7876
Epoch: 29, Batch: 2170, Acc: 24.70%, Loss: 1.7457
Epoch: 29, Batch: 2180, Acc: 24.70%, Loss: 1.7920
Epoch: 29, Batch: 2190, Acc: 24.70%, Loss: 1.7929
Epoch: 29, Batch: 2200, Acc: 24.70%, Loss: 1.7965
Epoch: 29, Batch: 2210, Acc: 24.70%, Loss: 1.7751
Epoch: 29, Batch: 2220, Acc: 24.70%, Loss: 1.7896
Epoch: 29, Batch: 2230, Acc: 24.71%, Loss: 1.7570
Epoch: 29, Batch: 2240, Acc: 24.70%, Loss: 1.7636
Epoch: 29, Batch: 2250, Acc: 24.71%, Loss: 1.7357
Epoch: 29, Batch: 2260, Acc: 24.70%, Loss: 1.7913
Epoch: 29, Batch: 2270, Acc: 24.71%, Loss: 1.8203
Epoch: 29, Batch: 2280, Acc: 24.72%, Loss: 1.7817
Epoch: 29, Batch: 2290, Acc: 24.72%, Loss: 1.7371
Epoch: 29, Batch: 2300, Acc: 24.73%, Loss: 1.7974
Epoch: 29, Batch: 2310, Acc: 24.73%, Loss: 1.7826
Epoch: 29, Batch: 2320, Acc: 24.72%, Loss: 1.8009
Epoch: 29, Batch: 2330, Acc: 24.71%, Loss: 1.7663
Epoch: 29, Batch: 2340, Acc: 24.73%, Loss: 1.7592
Epoch: 29, Batch: 2350, Acc: 24.72%, Loss: 1.8102
Epoch: 29, Batch: 2360, Acc: 24.72%, Loss: 1.7796
Epoch: 29, Batch: 2370, Acc: 24.73%, Loss: 1.7577
Epoch: 29, Batch: 2380, Acc: 24.73%, Loss: 1.7534
Epoch: 29, Batch: 2390, Acc: 24.75%, Loss: 1.7348
Epoch: 29, Batch: 2400, Acc: 24.74%, Loss: 1.7851
Epoch: 29, Batch: 2410, Acc: 24.74%, Loss: 1.8076
Epoch: 29, Batch: 2420, Acc: 24.74%, Loss: 1.8264
Epoch: 29, Batch: 2430, Acc: 24.74%, Loss: 1.7985
Epoch: 29, Batch: 2440, Acc: 24.74%, Loss: 1.7647
Epoch: 29, Batch: 2450, Acc: 24.73%, Loss: 1.8235
Epoch: 29, Batch: 2460, Acc: 24.72%, Loss: 1.7431
Epoch: 29, Batch: 2470, Acc: 24.73%, Loss: 1.7713
Epoch: 29, Batch: 2480, Acc: 24.72%, Loss: 1.7812
Epoch: 29, Batch: 2490, Acc: 24.73%, Loss: 1.7754
Epoch: 29, Batch: 2500, Acc: 24.73%, Loss: 1.7630
Epoch: 29, Batch: 2510, Acc: 24.74%, Loss: 1.7663
Epoch: 29, Batch: 2520, Acc: 24.74%, Loss: 1.7804
Epoch: 29, Batch: 2530, Acc: 24.74%, Loss: 1.7975
Epoch: 29, Batch: 2540, Acc: 24.74%, Loss: 1.7893
Epoch: 29, Batch: 2550, Acc: 24.74%, Loss: 1.7847
Epoch: 29, Batch: 2560, Acc: 24.72%, Loss: 1.8133
Epoch: 29, Batch: 2570, Acc: 24.72%, Loss: 1.8031
Epoch: 29, Batch: 2580, Acc: 24.71%, Loss: 1.8389
Epoch: 29, Batch: 2590, Acc: 24.71%, Loss: 1.8352
Epoch: 29, Batch: 2600, Acc: 24.70%, Loss: 1.7951
Epoch: 29, Batch: 2610, Acc: 24.70%, Loss: 1.7942
Epoch: 29, Batch: 2620, Acc: 24.70%, Loss: 1.8065
Epoch: 29, Batch: 2630, Acc: 24.70%, Loss: 1.7515
Epoch: 29, Batch: 2640, Acc: 24.70%, Loss: 1.7700
Epoch: 29, Batch: 2650, Acc: 24.70%, Loss: 1.7894
Epoch: 29, Batch: 2660, Acc: 24.71%, Loss: 1.7682
Epoch: 29, Batch: 2670, Acc: 24.71%, Loss: 1.7847
Epoch: 29, Batch: 2680, Acc: 24.70%, Loss: 1.8039
Epoch: 29, Batch: 2690, Acc: 24.70%, Loss: 1.8045
Epoch: 29, Batch: 2700, Acc: 24.70%, Loss: 1.7911
Epoch: 29, Batch: 2710, Acc: 24.70%, Loss: 1.7853
Epoch: 29, Batch: 2720, Acc: 24.69%, Loss: 1.8279
Epoch: 29, Batch: 2730, Acc: 24.69%, Loss: 1.8024
Epoch: 29, Batch: 2740, Acc: 24.70%, Loss: 1.7689
Epoch: 29, Batch: 2750, Acc: 24.70%, Loss: 1.7768
Epoch: 29, Batch: 2760, Acc: 24.69%, Loss: 1.7556
Epoch: 29, Batch: 2770, Acc: 24.69%, Loss: 1.7847
Epoch: 29, Batch: 2780, Acc: 24.69%, Loss: 1.7718
Epoch: 29, Batch: 2790, Acc: 24.69%, Loss: 1.7859
Epoch: 29, Batch: 2800, Acc: 24.69%, Loss: 1.7979
Epoch: 29, Batch: 2810, Acc: 24.68%, Loss: 1.8538
Epoch: 29, Batch: 2820, Acc: 24.68%, Loss: 1.7789
Epoch: 29, Batch: 2830, Acc: 24.69%, Loss: 1.7938
Epoch: 29, Batch: 2840, Acc: 24.68%, Loss: 1.8220
Epoch: 29, Batch: 2850, Acc: 24.68%, Loss: 1.8033
Epoch: 29, Batch: 2860, Acc: 24.70%, Loss: 1.7519
Epoch: 29, Batch: 2870, Acc: 24.70%, Loss: 1.7782
Epoch: 29, Batch: 2880, Acc: 24.69%, Loss: 1.7857
Accuracy on test set: 46.36%, Val loss: 2.2358
Epoch 29: train_loss=1.7870, val_acc=46.36, best_val_acc=46.41, es_counter=1
Epoch: 30, Batch: 10, Acc: 25.47%, Loss: 1.7873
Epoch: 30, Batch: 20, Acc: 25.94%, Loss: 1.7650
Epoch: 30, Batch: 30, Acc: 25.62%, Loss: 1.7699
Epoch: 30, Batch: 40, Acc: 25.20%, Loss: 1.7976
Epoch: 30, Batch: 50, Acc: 24.88%, Loss: 1.7726
Epoch: 30, Batch: 60, Acc: 24.56%, Loss: 1.8185
Epoch: 30, Batch: 70, Acc: 24.46%, Loss: 1.8102
Epoch: 30, Batch: 80, Acc: 24.75%, Loss: 1.7589
Epoch: 30, Batch: 90, Acc: 24.86%, Loss: 1.7575
Epoch: 30, Batch: 100, Acc: 24.88%, Loss: 1.8179
Epoch: 30, Batch: 110, Acc: 24.63%, Loss: 1.8062
Epoch: 30, Batch: 120, Acc: 24.49%, Loss: 1.8110
Epoch: 30, Batch: 130, Acc: 24.38%, Loss: 1.8081
Epoch: 30, Batch: 140, Acc: 24.53%, Loss: 1.7675
Epoch: 30, Batch: 150, Acc: 24.50%, Loss: 1.7615
Epoch: 30, Batch: 160, Acc: 24.36%, Loss: 1.8213
Epoch: 30, Batch: 170, Acc: 24.32%, Loss: 1.8178
Epoch: 30, Batch: 180, Acc: 24.29%, Loss: 1.7730
Epoch: 30, Batch: 190, Acc: 24.19%, Loss: 1.7639
Epoch: 30, Batch: 200, Acc: 24.20%, Loss: 1.8215
Epoch: 30, Batch: 210, Acc: 24.23%, Loss: 1.7831
Epoch: 30, Batch: 220, Acc: 24.32%, Loss: 1.7598
Epoch: 30, Batch: 230, Acc: 24.32%, Loss: 1.7591
Epoch: 30, Batch: 240, Acc: 24.29%, Loss: 1.7819
Epoch: 30, Batch: 250, Acc: 24.23%, Loss: 1.8194
Epoch: 30, Batch: 260, Acc: 24.32%, Loss: 1.7532
Epoch: 30, Batch: 270, Acc: 24.38%, Loss: 1.7646
Epoch: 30, Batch: 280, Acc: 24.44%, Loss: 1.7981
Epoch: 30, Batch: 290, Acc: 24.44%, Loss: 1.7901
Epoch: 30, Batch: 300, Acc: 24.34%, Loss: 1.8275
Epoch: 30, Batch: 310, Acc: 24.30%, Loss: 1.8202
Epoch: 30, Batch: 320, Acc: 24.22%, Loss: 1.8241
Epoch: 30, Batch: 330, Acc: 24.24%, Loss: 1.8017
Epoch: 30, Batch: 340, Acc: 24.23%, Loss: 1.8054
Epoch: 30, Batch: 350, Acc: 24.24%, Loss: 1.7758
Epoch: 30, Batch: 360, Acc: 24.27%, Loss: 1.7650
Epoch: 30, Batch: 370, Acc: 24.30%, Loss: 1.7719
Epoch: 30, Batch: 380, Acc: 24.26%, Loss: 1.7861
Epoch: 30, Batch: 390, Acc: 24.27%, Loss: 1.7851
Epoch: 30, Batch: 400, Acc: 24.24%, Loss: 1.8168
Epoch: 30, Batch: 410, Acc: 24.27%, Loss: 1.7725
Epoch: 30, Batch: 420, Acc: 24.34%, Loss: 1.7608
Epoch: 30, Batch: 430, Acc: 24.32%, Loss: 1.8185
Epoch: 30, Batch: 440, Acc: 24.34%, Loss: 1.7751
Epoch: 30, Batch: 450, Acc: 24.34%, Loss: 1.8064
Epoch: 30, Batch: 460, Acc: 24.36%, Loss: 1.8000
Epoch: 30, Batch: 470, Acc: 24.33%, Loss: 1.8028
Epoch: 30, Batch: 480, Acc: 24.34%, Loss: 1.7938
Epoch: 30, Batch: 490, Acc: 24.40%, Loss: 1.7218
Epoch: 30, Batch: 500, Acc: 24.35%, Loss: 1.8391
Epoch: 30, Batch: 510, Acc: 24.35%, Loss: 1.7931
Epoch: 30, Batch: 520, Acc: 24.27%, Loss: 1.8518
Epoch: 30, Batch: 530, Acc: 24.28%, Loss: 1.8197
Epoch: 30, Batch: 540, Acc: 24.28%, Loss: 1.7612
Epoch: 30, Batch: 550, Acc: 24.30%, Loss: 1.7987
Epoch: 30, Batch: 560, Acc: 24.32%, Loss: 1.8006
Epoch: 30, Batch: 570, Acc: 24.35%, Loss: 1.7779
Epoch: 30, Batch: 580, Acc: 24.35%, Loss: 1.7981
Epoch: 30, Batch: 590, Acc: 24.34%, Loss: 1.8210
Epoch: 30, Batch: 600, Acc: 24.34%, Loss: 1.7878
Epoch: 30, Batch: 610, Acc: 24.35%, Loss: 1.8030
Epoch: 30, Batch: 620, Acc: 24.38%, Loss: 1.7288
Epoch: 30, Batch: 630, Acc: 24.36%, Loss: 1.7935
Epoch: 30, Batch: 640, Acc: 24.34%, Loss: 1.8019
Epoch: 30, Batch: 650, Acc: 24.33%, Loss: 1.7952
Epoch: 30, Batch: 660, Acc: 24.35%, Loss: 1.7776
Epoch: 30, Batch: 670, Acc: 24.34%, Loss: 1.8078
Epoch: 30, Batch: 680, Acc: 24.35%, Loss: 1.7772
Epoch: 30, Batch: 690, Acc: 24.33%, Loss: 1.7940
Epoch: 30, Batch: 700, Acc: 24.32%, Loss: 1.8006
Epoch: 30, Batch: 710, Acc: 24.28%, Loss: 1.8223
Epoch: 30, Batch: 720, Acc: 24.30%, Loss: 1.7574
Epoch: 30, Batch: 730, Acc: 24.34%, Loss: 1.7703
Epoch: 30, Batch: 740, Acc: 24.37%, Loss: 1.7840
Epoch: 30, Batch: 750, Acc: 24.39%, Loss: 1.7828
Epoch: 30, Batch: 760, Acc: 24.40%, Loss: 1.7946
Epoch: 30, Batch: 770, Acc: 24.36%, Loss: 1.8239
Epoch: 30, Batch: 780, Acc: 24.36%, Loss: 1.7873
Epoch: 30, Batch: 790, Acc: 24.36%, Loss: 1.7846
Epoch: 30, Batch: 800, Acc: 24.39%, Loss: 1.7963
Epoch: 30, Batch: 810, Acc: 24.34%, Loss: 1.8405
Epoch: 30, Batch: 820, Acc: 24.32%, Loss: 1.7987
Epoch: 30, Batch: 830, Acc: 24.36%, Loss: 1.7502
Epoch: 30, Batch: 840, Acc: 24.36%, Loss: 1.7999
Epoch: 30, Batch: 850, Acc: 24.33%, Loss: 1.7751
Epoch: 30, Batch: 860, Acc: 24.31%, Loss: 1.8130
Epoch: 30, Batch: 870, Acc: 24.32%, Loss: 1.7923
Epoch: 30, Batch: 880, Acc: 24.31%, Loss: 1.8175
Epoch: 30, Batch: 890, Acc: 24.33%, Loss: 1.7672
Epoch: 30, Batch: 900, Acc: 24.31%, Loss: 1.8141
Epoch: 30, Batch: 910, Acc: 24.30%, Loss: 1.8019
Epoch: 30, Batch: 920, Acc: 24.29%, Loss: 1.7897
Epoch: 30, Batch: 930, Acc: 24.31%, Loss: 1.7623
Epoch: 30, Batch: 940, Acc: 24.30%, Loss: 1.7902
Epoch: 30, Batch: 950, Acc: 24.31%, Loss: 1.7736
Epoch: 30, Batch: 960, Acc: 24.32%, Loss: 1.7832
Epoch: 30, Batch: 970, Acc: 24.33%, Loss: 1.7575
Epoch: 30, Batch: 980, Acc: 24.32%, Loss: 1.7755
Epoch: 30, Batch: 990, Acc: 24.30%, Loss: 1.8027
Epoch: 30, Batch: 1000, Acc: 24.29%, Loss: 1.7967
Epoch: 30, Batch: 1010, Acc: 24.32%, Loss: 1.7535
Epoch: 30, Batch: 1020, Acc: 24.30%, Loss: 1.8034
Epoch: 30, Batch: 1030, Acc: 24.27%, Loss: 1.8380
Epoch: 30, Batch: 1040, Acc: 24.30%, Loss: 1.7539
Epoch: 30, Batch: 1050, Acc: 24.30%, Loss: 1.7728
Epoch: 30, Batch: 1060, Acc: 24.32%, Loss: 1.7734
Epoch: 30, Batch: 1070, Acc: 24.33%, Loss: 1.8016
Epoch: 30, Batch: 1080, Acc: 24.35%, Loss: 1.7702
Epoch: 30, Batch: 1090, Acc: 24.36%, Loss: 1.7915
Epoch: 30, Batch: 1100, Acc: 24.38%, Loss: 1.7804
Epoch: 30, Batch: 1110, Acc: 24.38%, Loss: 1.8035
Epoch: 30, Batch: 1120, Acc: 24.38%, Loss: 1.7999
Epoch: 30, Batch: 1130, Acc: 24.41%, Loss: 1.7449
Epoch: 30, Batch: 1140, Acc: 24.40%, Loss: 1.8167
Epoch: 30, Batch: 1150, Acc: 24.41%, Loss: 1.7616
Epoch: 30, Batch: 1160, Acc: 24.43%, Loss: 1.7627
Epoch: 30, Batch: 1170, Acc: 24.42%, Loss: 1.7981
Epoch: 30, Batch: 1180, Acc: 24.39%, Loss: 1.8347
Epoch: 30, Batch: 1190, Acc: 24.42%, Loss: 1.7355
Epoch: 30, Batch: 1200, Acc: 24.41%, Loss: 1.8042
Epoch: 30, Batch: 1210, Acc: 24.40%, Loss: 1.8189
Epoch: 30, Batch: 1220, Acc: 24.40%, Loss: 1.8347
Epoch: 30, Batch: 1230, Acc: 24.42%, Loss: 1.7591
Epoch: 30, Batch: 1240, Acc: 24.42%, Loss: 1.7897
Epoch: 30, Batch: 1250, Acc: 24.43%, Loss: 1.7764
Epoch: 30, Batch: 1260, Acc: 24.42%, Loss: 1.7749
Epoch: 30, Batch: 1270, Acc: 24.43%, Loss: 1.7849
Epoch: 30, Batch: 1280, Acc: 24.42%, Loss: 1.7778
Epoch: 30, Batch: 1290, Acc: 24.43%, Loss: 1.7702
Epoch: 30, Batch: 1300, Acc: 24.43%, Loss: 1.7862
Epoch: 30, Batch: 1310, Acc: 24.43%, Loss: 1.8220
Epoch: 30, Batch: 1320, Acc: 24.44%, Loss: 1.7545
Epoch: 30, Batch: 1330, Acc: 24.43%, Loss: 1.8306
Epoch: 30, Batch: 1340, Acc: 24.43%, Loss: 1.8030
Epoch: 30, Batch: 1350, Acc: 24.44%, Loss: 1.7766
Epoch: 30, Batch: 1360, Acc: 24.43%, Loss: 1.7595
Epoch: 30, Batch: 1370, Acc: 24.44%, Loss: 1.7995
Epoch: 30, Batch: 1380, Acc: 24.44%, Loss: 1.8137
Epoch: 30, Batch: 1390, Acc: 24.44%, Loss: 1.7873
Epoch: 30, Batch: 1400, Acc: 24.45%, Loss: 1.7678
Epoch: 30, Batch: 1410, Acc: 24.44%, Loss: 1.8172
Epoch: 30, Batch: 1420, Acc: 24.46%, Loss: 1.7422
Epoch: 30, Batch: 1430, Acc: 24.47%, Loss: 1.7711
Epoch: 30, Batch: 1440, Acc: 24.46%, Loss: 1.8178
Epoch: 30, Batch: 1450, Acc: 24.45%, Loss: 1.8112
Epoch: 30, Batch: 1460, Acc: 24.43%, Loss: 1.8385
Epoch: 30, Batch: 1470, Acc: 24.44%, Loss: 1.7836
Epoch: 30, Batch: 1480, Acc: 24.44%, Loss: 1.7949
Epoch: 30, Batch: 1490, Acc: 24.41%, Loss: 1.8304
Epoch: 30, Batch: 1500, Acc: 24.41%, Loss: 1.8108
Epoch: 30, Batch: 1510, Acc: 24.39%, Loss: 1.7965
Epoch: 30, Batch: 1520, Acc: 24.39%, Loss: 1.8212
Epoch: 30, Batch: 1530, Acc: 24.39%, Loss: 1.7766
Epoch: 30, Batch: 1540, Acc: 24.38%, Loss: 1.8051
Epoch: 30, Batch: 1550, Acc: 24.40%, Loss: 1.7694
Epoch: 30, Batch: 1560, Acc: 24.40%, Loss: 1.7766
Epoch: 30, Batch: 1570, Acc: 24.40%, Loss: 1.7875
Epoch: 30, Batch: 1580, Acc: 24.39%, Loss: 1.7918
Epoch: 30, Batch: 1590, Acc: 24.38%, Loss: 1.7854
Epoch: 30, Batch: 1600, Acc: 24.40%, Loss: 1.7699
Epoch: 30, Batch: 1610, Acc: 24.42%, Loss: 1.7727
Epoch: 30, Batch: 1620, Acc: 24.42%, Loss: 1.7295
Epoch: 30, Batch: 1630, Acc: 24.42%, Loss: 1.8315
Epoch: 30, Batch: 1640, Acc: 24.43%, Loss: 1.7616
Epoch: 30, Batch: 1650, Acc: 24.43%, Loss: 1.7972
Epoch: 30, Batch: 1660, Acc: 24.44%, Loss: 1.7767
Epoch: 30, Batch: 1670, Acc: 24.42%, Loss: 1.8377
Epoch: 30, Batch: 1680, Acc: 24.43%, Loss: 1.7672
Epoch: 30, Batch: 1690, Acc: 24.41%, Loss: 1.8113
Epoch: 30, Batch: 1700, Acc: 24.42%, Loss: 1.7389
Epoch: 30, Batch: 1710, Acc: 24.43%, Loss: 1.7758
Epoch: 30, Batch: 1720, Acc: 24.44%, Loss: 1.7851
Epoch: 30, Batch: 1730, Acc: 24.44%, Loss: 1.7620
Epoch: 30, Batch: 1740, Acc: 24.46%, Loss: 1.7573
Epoch: 30, Batch: 1750, Acc: 24.50%, Loss: 1.7146
Epoch: 30, Batch: 1760, Acc: 24.50%, Loss: 1.7697
Epoch: 30, Batch: 1770, Acc: 24.50%, Loss: 1.7743
Epoch: 30, Batch: 1780, Acc: 24.48%, Loss: 1.7984
Epoch: 30, Batch: 1790, Acc: 24.47%, Loss: 1.8009
Epoch: 30, Batch: 1800, Acc: 24.46%, Loss: 1.8273
Epoch: 30, Batch: 1810, Acc: 24.44%, Loss: 1.8234
Epoch: 30, Batch: 1820, Acc: 24.43%, Loss: 1.8285
Epoch: 30, Batch: 1830, Acc: 24.42%, Loss: 1.7955
Epoch: 30, Batch: 1840, Acc: 24.43%, Loss: 1.8000
Epoch: 30, Batch: 1850, Acc: 24.43%, Loss: 1.8123
Epoch: 30, Batch: 1860, Acc: 24.43%, Loss: 1.7729
Epoch: 30, Batch: 1870, Acc: 24.42%, Loss: 1.8506
Epoch: 30, Batch: 1880, Acc: 24.44%, Loss: 1.7458
Epoch: 30, Batch: 1890, Acc: 24.43%, Loss: 1.7954
Epoch: 30, Batch: 1900, Acc: 24.44%, Loss: 1.7655
Epoch: 30, Batch: 1910, Acc: 24.44%, Loss: 1.7747
Epoch: 30, Batch: 1920, Acc: 24.44%, Loss: 1.7520
Epoch: 30, Batch: 1930, Acc: 24.44%, Loss: 1.7831
Epoch: 30, Batch: 1940, Acc: 24.43%, Loss: 1.8045
Epoch: 30, Batch: 1950, Acc: 24.44%, Loss: 1.7351
Epoch: 30, Batch: 1960, Acc: 24.45%, Loss: 1.7830
Epoch: 30, Batch: 1970, Acc: 24.45%, Loss: 1.7595
Epoch: 30, Batch: 1980, Acc: 24.45%, Loss: 1.7859
Epoch: 30, Batch: 1990, Acc: 24.45%, Loss: 1.7501
Epoch: 30, Batch: 2000, Acc: 24.44%, Loss: 1.8535
Epoch: 30, Batch: 2010, Acc: 24.45%, Loss: 1.7447
Epoch: 30, Batch: 2020, Acc: 24.45%, Loss: 1.7957
Epoch: 30, Batch: 2030, Acc: 24.45%, Loss: 1.7925
Epoch: 30, Batch: 2040, Acc: 24.47%, Loss: 1.7601
Epoch: 30, Batch: 2050, Acc: 24.47%, Loss: 1.7924
Epoch: 30, Batch: 2060, Acc: 24.48%, Loss: 1.7572
Epoch: 30, Batch: 2070, Acc: 24.47%, Loss: 1.7944
Epoch: 30, Batch: 2080, Acc: 24.47%, Loss: 1.7992
Epoch: 30, Batch: 2090, Acc: 24.47%, Loss: 1.7875
Epoch: 30, Batch: 2100, Acc: 24.47%, Loss: 1.7826
Epoch: 30, Batch: 2110, Acc: 24.47%, Loss: 1.7984
Epoch: 30, Batch: 2120, Acc: 24.46%, Loss: 1.8112
Epoch: 30, Batch: 2130, Acc: 24.47%, Loss: 1.7133
Epoch: 30, Batch: 2140, Acc: 24.49%, Loss: 1.7376
Epoch: 30, Batch: 2150, Acc: 24.48%, Loss: 1.8273
Epoch: 30, Batch: 2160, Acc: 24.47%, Loss: 1.8003
Epoch: 30, Batch: 2170, Acc: 24.48%, Loss: 1.7551
Epoch: 30, Batch: 2180, Acc: 24.49%, Loss: 1.7725
Epoch: 30, Batch: 2190, Acc: 24.49%, Loss: 1.7653
Epoch: 30, Batch: 2200, Acc: 24.47%, Loss: 1.8137
Epoch: 30, Batch: 2210, Acc: 24.47%, Loss: 1.7991
Epoch: 30, Batch: 2220, Acc: 24.49%, Loss: 1.7429
Epoch: 30, Batch: 2230, Acc: 24.50%, Loss: 1.7834
Epoch: 30, Batch: 2240, Acc: 24.49%, Loss: 1.8074
Epoch: 30, Batch: 2250, Acc: 24.50%, Loss: 1.7558
Epoch: 30, Batch: 2260, Acc: 24.51%, Loss: 1.7705
Epoch: 30, Batch: 2270, Acc: 24.50%, Loss: 1.8039
Epoch: 30, Batch: 2280, Acc: 24.48%, Loss: 1.8106
Epoch: 30, Batch: 2290, Acc: 24.49%, Loss: 1.7740
Epoch: 30, Batch: 2300, Acc: 24.49%, Loss: 1.7768
Epoch: 30, Batch: 2310, Acc: 24.50%, Loss: 1.7471
Epoch: 30, Batch: 2320, Acc: 24.50%, Loss: 1.7796
Epoch: 30, Batch: 2330, Acc: 24.50%, Loss: 1.7421
Epoch: 30, Batch: 2340, Acc: 24.51%, Loss: 1.7824
Epoch: 30, Batch: 2350, Acc: 24.52%, Loss: 1.7817
Epoch: 30, Batch: 2360, Acc: 24.52%, Loss: 1.7676
Epoch: 30, Batch: 2370, Acc: 24.52%, Loss: 1.7644
Epoch: 30, Batch: 2380, Acc: 24.52%, Loss: 1.7570
Epoch: 30, Batch: 2390, Acc: 24.52%, Loss: 1.7638
Epoch: 30, Batch: 2400, Acc: 24.54%, Loss: 1.7505
Epoch: 30, Batch: 2410, Acc: 24.54%, Loss: 1.7615
Epoch: 30, Batch: 2420, Acc: 24.53%, Loss: 1.8048
Epoch: 30, Batch: 2430, Acc: 24.54%, Loss: 1.7522
Epoch: 30, Batch: 2440, Acc: 24.54%, Loss: 1.7579
Epoch: 30, Batch: 2450, Acc: 24.54%, Loss: 1.7975
Epoch: 30, Batch: 2460, Acc: 24.54%, Loss: 1.7593
Epoch: 30, Batch: 2470, Acc: 24.54%, Loss: 1.7957
Epoch: 30, Batch: 2480, Acc: 24.54%, Loss: 1.7864
Epoch: 30, Batch: 2490, Acc: 24.54%, Loss: 1.7840
Epoch: 30, Batch: 2500, Acc: 24.53%, Loss: 1.8053
Epoch: 30, Batch: 2510, Acc: 24.53%, Loss: 1.8044
Epoch: 30, Batch: 2520, Acc: 24.52%, Loss: 1.8310
Epoch: 30, Batch: 2530, Acc: 24.52%, Loss: 1.8171
Epoch: 30, Batch: 2540, Acc: 24.52%, Loss: 1.7849
Epoch: 30, Batch: 2550, Acc: 24.52%, Loss: 1.7986
Epoch: 30, Batch: 2560, Acc: 24.52%, Loss: 1.8085
Epoch: 30, Batch: 2570, Acc: 24.51%, Loss: 1.8045
Epoch: 30, Batch: 2580, Acc: 24.51%, Loss: 1.7633
Epoch: 30, Batch: 2590, Acc: 24.52%, Loss: 1.7824
Epoch: 30, Batch: 2600, Acc: 24.52%, Loss: 1.8051
Epoch: 30, Batch: 2610, Acc: 24.53%, Loss: 1.7713
Epoch: 30, Batch: 2620, Acc: 24.53%, Loss: 1.7549
Epoch: 30, Batch: 2630, Acc: 24.53%, Loss: 1.7800
Epoch: 30, Batch: 2640, Acc: 24.54%, Loss: 1.7700
Epoch: 30, Batch: 2650, Acc: 24.56%, Loss: 1.7325
Epoch: 30, Batch: 2660, Acc: 24.56%, Loss: 1.7982
Epoch: 30, Batch: 2670, Acc: 24.57%, Loss: 1.7469
Epoch: 30, Batch: 2680, Acc: 24.56%, Loss: 1.8246
Epoch: 30, Batch: 2690, Acc: 24.56%, Loss: 1.8017
Epoch: 30, Batch: 2700, Acc: 24.56%, Loss: 1.7924
Epoch: 30, Batch: 2710, Acc: 24.55%, Loss: 1.8114
Epoch: 30, Batch: 2720, Acc: 24.55%, Loss: 1.7583
Epoch: 30, Batch: 2730, Acc: 24.56%, Loss: 1.7822
Epoch: 30, Batch: 2740, Acc: 24.56%, Loss: 1.7838
Epoch: 30, Batch: 2750, Acc: 24.57%, Loss: 1.7482
Epoch: 30, Batch: 2760, Acc: 24.57%, Loss: 1.8014
Epoch: 30, Batch: 2770, Acc: 24.57%, Loss: 1.7860
Epoch: 30, Batch: 2780, Acc: 24.56%, Loss: 1.8021
Epoch: 30, Batch: 2790, Acc: 24.56%, Loss: 1.7919
Epoch: 30, Batch: 2800, Acc: 24.56%, Loss: 1.7854
Epoch: 30, Batch: 2810, Acc: 24.56%, Loss: 1.8198
Epoch: 30, Batch: 2820, Acc: 24.57%, Loss: 1.7694
Epoch: 30, Batch: 2830, Acc: 24.58%, Loss: 1.7119
Epoch: 30, Batch: 2840, Acc: 24.59%, Loss: 1.7870
Epoch: 30, Batch: 2850, Acc: 24.58%, Loss: 1.8000
Epoch: 30, Batch: 2860, Acc: 24.57%, Loss: 1.8251
Epoch: 30, Batch: 2870, Acc: 24.57%, Loss: 1.7878
Epoch: 30, Batch: 2880, Acc: 24.56%, Loss: 1.8190
Accuracy on test set: 46.60%, Val loss: 2.2305
Epoch 30: train_loss=1.7870, val_acc=46.60, best_val_acc=46.60, es_counter=0
Training Time: 10621.62 seconds
Best Accuracy for Run 1: 46.60%
\nEvaluating final model on clean test data...
Accuracy    : 0.4660
Loss        : 2.2274
Precision   : 0.3840
Recall      : 0.4488
F1          : 0.4139
Fpr         : 0.0243
Fnr         : 0.5512
Roc_auc     : 0.9057
Pr_auc      : nan
Metrics saved to qmlp-az-angle-label-flip-run_run1-layer5_label_flip.csv
\n========== Training Run 2 ==========
Epoch: 1, Batch: 10, Acc: 4.06%, Loss: 2.0434
Epoch: 1, Batch: 20, Acc: 5.08%, Loss: 2.0279
Epoch: 1, Batch: 30, Acc: 4.95%, Loss: 2.0407
Epoch: 1, Batch: 40, Acc: 4.88%, Loss: 2.0436
Epoch: 1, Batch: 50, Acc: 4.78%, Loss: 2.0261
Epoch: 1, Batch: 60, Acc: 4.90%, Loss: 2.0179
Epoch: 1, Batch: 70, Acc: 4.87%, Loss: 2.0205
Epoch: 1, Batch: 80, Acc: 5.02%, Loss: 2.0201
Epoch: 1, Batch: 90, Acc: 5.14%, Loss: 2.0170
Epoch: 1, Batch: 100, Acc: 5.22%, Loss: 2.0062
Epoch: 1, Batch: 110, Acc: 5.43%, Loss: 2.0182
Epoch: 1, Batch: 120, Acc: 5.66%, Loss: 2.0039
Epoch: 1, Batch: 130, Acc: 5.90%, Loss: 2.0036
Epoch: 1, Batch: 140, Acc: 6.14%, Loss: 1.9981
Epoch: 1, Batch: 150, Acc: 6.49%, Loss: 1.9834
Epoch: 1, Batch: 160, Acc: 6.73%, Loss: 1.9868
Epoch: 1, Batch: 170, Acc: 6.96%, Loss: 1.9888
Epoch: 1, Batch: 180, Acc: 7.20%, Loss: 1.9767
Epoch: 1, Batch: 190, Acc: 7.44%, Loss: 1.9745
Epoch: 1, Batch: 200, Acc: 7.62%, Loss: 1.9800
Epoch: 1, Batch: 210, Acc: 7.90%, Loss: 1.9746
Epoch: 1, Batch: 220, Acc: 8.10%, Loss: 1.9801
Epoch: 1, Batch: 230, Acc: 8.36%, Loss: 1.9631
Epoch: 1, Batch: 240, Acc: 8.63%, Loss: 1.9674
Epoch: 1, Batch: 250, Acc: 8.78%, Loss: 1.9626
Epoch: 1, Batch: 260, Acc: 8.92%, Loss: 1.9634
Epoch: 1, Batch: 270, Acc: 9.07%, Loss: 1.9718
Epoch: 1, Batch: 280, Acc: 9.20%, Loss: 1.9558
Epoch: 1, Batch: 290, Acc: 9.32%, Loss: 1.9614
Epoch: 1, Batch: 300, Acc: 9.44%, Loss: 1.9591
Epoch: 1, Batch: 310, Acc: 9.63%, Loss: 1.9447
Epoch: 1, Batch: 320, Acc: 9.70%, Loss: 1.9594
Epoch: 1, Batch: 330, Acc: 9.79%, Loss: 1.9554
Epoch: 1, Batch: 340, Acc: 9.91%, Loss: 1.9414
Epoch: 1, Batch: 350, Acc: 10.00%, Loss: 1.9438
Epoch: 1, Batch: 360, Acc: 10.12%, Loss: 1.9412
Epoch: 1, Batch: 370, Acc: 10.25%, Loss: 1.9330
Epoch: 1, Batch: 380, Acc: 10.35%, Loss: 1.9413
Epoch: 1, Batch: 390, Acc: 10.48%, Loss: 1.9213
Epoch: 1, Batch: 400, Acc: 10.60%, Loss: 1.9244
Epoch: 1, Batch: 410, Acc: 10.71%, Loss: 1.9457
Epoch: 1, Batch: 420, Acc: 10.82%, Loss: 1.9192
Epoch: 1, Batch: 430, Acc: 10.95%, Loss: 1.9303
Epoch: 1, Batch: 440, Acc: 11.04%, Loss: 1.9174
Epoch: 1, Batch: 450, Acc: 11.10%, Loss: 1.9259
Epoch: 1, Batch: 460, Acc: 11.19%, Loss: 1.9179
Epoch: 1, Batch: 470, Acc: 11.30%, Loss: 1.9140
Epoch: 1, Batch: 480, Acc: 11.43%, Loss: 1.9165
Epoch: 1, Batch: 490, Acc: 11.52%, Loss: 1.9289
Epoch: 1, Batch: 500, Acc: 11.64%, Loss: 1.9085
Epoch: 1, Batch: 510, Acc: 11.80%, Loss: 1.8847
Epoch: 1, Batch: 520, Acc: 11.90%, Loss: 1.9105
Epoch: 1, Batch: 530, Acc: 12.00%, Loss: 1.8957
Epoch: 1, Batch: 540, Acc: 12.12%, Loss: 1.9118
Epoch: 1, Batch: 550, Acc: 12.24%, Loss: 1.8885
Epoch: 1, Batch: 560, Acc: 12.33%, Loss: 1.9037
Epoch: 1, Batch: 570, Acc: 12.42%, Loss: 1.8979
Epoch: 1, Batch: 580, Acc: 12.53%, Loss: 1.8891
Epoch: 1, Batch: 590, Acc: 12.62%, Loss: 1.8968
Epoch: 1, Batch: 600, Acc: 12.74%, Loss: 1.8904
Epoch: 1, Batch: 610, Acc: 12.87%, Loss: 1.8993
Epoch: 1, Batch: 620, Acc: 12.97%, Loss: 1.8983
Epoch: 1, Batch: 630, Acc: 13.08%, Loss: 1.8911
Epoch: 1, Batch: 640, Acc: 13.18%, Loss: 1.8836
Epoch: 1, Batch: 650, Acc: 13.30%, Loss: 1.8726
Epoch: 1, Batch: 660, Acc: 13.40%, Loss: 1.8852
Epoch: 1, Batch: 670, Acc: 13.50%, Loss: 1.8762
Epoch: 1, Batch: 680, Acc: 13.61%, Loss: 1.8844
Epoch: 1, Batch: 690, Acc: 13.70%, Loss: 1.8826
Epoch: 1, Batch: 700, Acc: 13.79%, Loss: 1.8757
Epoch: 1, Batch: 710, Acc: 13.86%, Loss: 1.9058
Epoch: 1, Batch: 720, Acc: 13.98%, Loss: 1.8584
Epoch: 1, Batch: 730, Acc: 14.06%, Loss: 1.8897
Epoch: 1, Batch: 740, Acc: 14.14%, Loss: 1.8701
Epoch: 1, Batch: 750, Acc: 14.23%, Loss: 1.8716
Epoch: 1, Batch: 760, Acc: 14.34%, Loss: 1.8438
Epoch: 1, Batch: 770, Acc: 14.42%, Loss: 1.8633
Epoch: 1, Batch: 780, Acc: 14.52%, Loss: 1.8751
Epoch: 1, Batch: 790, Acc: 14.61%, Loss: 1.8684
Epoch: 1, Batch: 800, Acc: 14.71%, Loss: 1.8583
Epoch: 1, Batch: 810, Acc: 14.79%, Loss: 1.8684
Epoch: 1, Batch: 820, Acc: 14.85%, Loss: 1.8962
Epoch: 1, Batch: 830, Acc: 14.93%, Loss: 1.8538
Epoch: 1, Batch: 840, Acc: 15.01%, Loss: 1.8652
Epoch: 1, Batch: 850, Acc: 15.09%, Loss: 1.8461
Epoch: 1, Batch: 860, Acc: 15.17%, Loss: 1.8618
Epoch: 1, Batch: 870, Acc: 15.25%, Loss: 1.8415
Epoch: 1, Batch: 880, Acc: 15.34%, Loss: 1.8391
Epoch: 1, Batch: 890, Acc: 15.45%, Loss: 1.8407
Epoch: 1, Batch: 900, Acc: 15.51%, Loss: 1.8601
Epoch: 1, Batch: 910, Acc: 15.57%, Loss: 1.8627
Epoch: 1, Batch: 920, Acc: 15.65%, Loss: 1.8441
Epoch: 1, Batch: 930, Acc: 15.74%, Loss: 1.8414
Epoch: 1, Batch: 940, Acc: 15.82%, Loss: 1.8295
Epoch: 1, Batch: 950, Acc: 15.87%, Loss: 1.8453
Epoch: 1, Batch: 960, Acc: 15.93%, Loss: 1.8549
Epoch: 1, Batch: 970, Acc: 15.98%, Loss: 1.8508
Epoch: 1, Batch: 980, Acc: 16.01%, Loss: 1.8710
Epoch: 1, Batch: 990, Acc: 16.07%, Loss: 1.8453
Epoch: 1, Batch: 1000, Acc: 16.13%, Loss: 1.8878
Epoch: 1, Batch: 1010, Acc: 16.22%, Loss: 1.8070
Epoch: 1, Batch: 1020, Acc: 16.26%, Loss: 1.8832
Epoch: 1, Batch: 1030, Acc: 16.31%, Loss: 1.8453
Epoch: 1, Batch: 1040, Acc: 16.37%, Loss: 1.8516
Epoch: 1, Batch: 1050, Acc: 16.43%, Loss: 1.8548
Epoch: 1, Batch: 1060, Acc: 16.50%, Loss: 1.8422
Epoch: 1, Batch: 1070, Acc: 16.55%, Loss: 1.8592
Epoch: 1, Batch: 1080, Acc: 16.60%, Loss: 1.8582
Epoch: 1, Batch: 1090, Acc: 16.62%, Loss: 1.8578
Epoch: 1, Batch: 1100, Acc: 16.65%, Loss: 1.8577
Epoch: 1, Batch: 1110, Acc: 16.67%, Loss: 1.8781
Epoch: 1, Batch: 1120, Acc: 16.71%, Loss: 1.8440
Epoch: 1, Batch: 1130, Acc: 16.78%, Loss: 1.8197
Epoch: 1, Batch: 1140, Acc: 16.82%, Loss: 1.8631
Epoch: 1, Batch: 1150, Acc: 16.86%, Loss: 1.8233
Epoch: 1, Batch: 1160, Acc: 16.92%, Loss: 1.8518
Epoch: 1, Batch: 1170, Acc: 16.97%, Loss: 1.8698
Epoch: 1, Batch: 1180, Acc: 17.00%, Loss: 1.8355
Epoch: 1, Batch: 1190, Acc: 17.05%, Loss: 1.8306
Epoch: 1, Batch: 1200, Acc: 17.08%, Loss: 1.8428
Epoch: 1, Batch: 1210, Acc: 17.13%, Loss: 1.8557
Epoch: 1, Batch: 1220, Acc: 17.17%, Loss: 1.8656
Epoch: 1, Batch: 1230, Acc: 17.21%, Loss: 1.8485
Epoch: 1, Batch: 1240, Acc: 17.26%, Loss: 1.8424
Epoch: 1, Batch: 1250, Acc: 17.28%, Loss: 1.8613
Epoch: 1, Batch: 1260, Acc: 17.30%, Loss: 1.8666
Epoch: 1, Batch: 1270, Acc: 17.35%, Loss: 1.8377
Epoch: 1, Batch: 1280, Acc: 17.41%, Loss: 1.8247
Epoch: 1, Batch: 1290, Acc: 17.44%, Loss: 1.8486
Epoch: 1, Batch: 1300, Acc: 17.47%, Loss: 1.8695
Epoch: 1, Batch: 1310, Acc: 17.49%, Loss: 1.8775
Epoch: 1, Batch: 1320, Acc: 17.53%, Loss: 1.8539
Epoch: 1, Batch: 1330, Acc: 17.57%, Loss: 1.8473
Epoch: 1, Batch: 1340, Acc: 17.61%, Loss: 1.8521
Epoch: 1, Batch: 1350, Acc: 17.65%, Loss: 1.8286
Epoch: 1, Batch: 1360, Acc: 17.68%, Loss: 1.8579
Epoch: 1, Batch: 1370, Acc: 17.73%, Loss: 1.8105
Epoch: 1, Batch: 1380, Acc: 17.79%, Loss: 1.7687
Epoch: 1, Batch: 1390, Acc: 17.82%, Loss: 1.8459
Epoch: 1, Batch: 1400, Acc: 17.88%, Loss: 1.8269
Epoch: 1, Batch: 1410, Acc: 17.88%, Loss: 1.8608
Epoch: 1, Batch: 1420, Acc: 17.92%, Loss: 1.8233
Epoch: 1, Batch: 1430, Acc: 17.96%, Loss: 1.8322
Epoch: 1, Batch: 1440, Acc: 17.99%, Loss: 1.8327
Epoch: 1, Batch: 1450, Acc: 18.03%, Loss: 1.8369
Epoch: 1, Batch: 1460, Acc: 18.07%, Loss: 1.8376
Epoch: 1, Batch: 1470, Acc: 18.10%, Loss: 1.8072
Epoch: 1, Batch: 1480, Acc: 18.14%, Loss: 1.8025
Epoch: 1, Batch: 1490, Acc: 18.15%, Loss: 1.8125
Epoch: 1, Batch: 1500, Acc: 18.19%, Loss: 1.8409
Epoch: 1, Batch: 1510, Acc: 18.22%, Loss: 1.8355
Epoch: 1, Batch: 1520, Acc: 18.25%, Loss: 1.8151
Epoch: 1, Batch: 1530, Acc: 18.31%, Loss: 1.7881
Epoch: 1, Batch: 1540, Acc: 18.33%, Loss: 1.8416
Epoch: 1, Batch: 1550, Acc: 18.37%, Loss: 1.7992
Epoch: 1, Batch: 1560, Acc: 18.39%, Loss: 1.8529
Epoch: 1, Batch: 1570, Acc: 18.42%, Loss: 1.8403
Epoch: 1, Batch: 1580, Acc: 18.46%, Loss: 1.8319
Epoch: 1, Batch: 1590, Acc: 18.50%, Loss: 1.8008
Epoch: 1, Batch: 1600, Acc: 18.52%, Loss: 1.8398
Epoch: 1, Batch: 1610, Acc: 18.54%, Loss: 1.8159
Epoch: 1, Batch: 1620, Acc: 18.57%, Loss: 1.8168
Epoch: 1, Batch: 1630, Acc: 18.61%, Loss: 1.8331
Epoch: 1, Batch: 1640, Acc: 18.64%, Loss: 1.8020
Epoch: 1, Batch: 1650, Acc: 18.65%, Loss: 1.8471
Epoch: 1, Batch: 1660, Acc: 18.68%, Loss: 1.7720
Epoch: 1, Batch: 1670, Acc: 18.70%, Loss: 1.8345
Epoch: 1, Batch: 1680, Acc: 18.71%, Loss: 1.8508
Epoch: 1, Batch: 1690, Acc: 18.73%, Loss: 1.8227
Epoch: 1, Batch: 1700, Acc: 18.75%, Loss: 1.8238
Epoch: 1, Batch: 1710, Acc: 18.78%, Loss: 1.8178
Epoch: 1, Batch: 1720, Acc: 18.81%, Loss: 1.8458
Epoch: 1, Batch: 1730, Acc: 18.84%, Loss: 1.8392
Epoch: 1, Batch: 1740, Acc: 18.86%, Loss: 1.8442
Epoch: 1, Batch: 1750, Acc: 18.90%, Loss: 1.8025
Epoch: 1, Batch: 1760, Acc: 18.91%, Loss: 1.8183
Epoch: 1, Batch: 1770, Acc: 18.93%, Loss: 1.8208
Epoch: 1, Batch: 1780, Acc: 18.95%, Loss: 1.8172
Epoch: 1, Batch: 1790, Acc: 18.98%, Loss: 1.8379
Epoch: 1, Batch: 1800, Acc: 19.01%, Loss: 1.8144
Epoch: 1, Batch: 1810, Acc: 19.02%, Loss: 1.8292
Epoch: 1, Batch: 1820, Acc: 19.05%, Loss: 1.8094
Epoch: 1, Batch: 1830, Acc: 19.07%, Loss: 1.8160
Epoch: 1, Batch: 1840, Acc: 19.09%, Loss: 1.8448
Epoch: 1, Batch: 1850, Acc: 19.12%, Loss: 1.8320
Epoch: 1, Batch: 1860, Acc: 19.14%, Loss: 1.8200
Epoch: 1, Batch: 1870, Acc: 19.16%, Loss: 1.8232
Epoch: 1, Batch: 1880, Acc: 19.19%, Loss: 1.8295
Epoch: 1, Batch: 1890, Acc: 19.22%, Loss: 1.8034
Epoch: 1, Batch: 1900, Acc: 19.24%, Loss: 1.8090
Epoch: 1, Batch: 1910, Acc: 19.26%, Loss: 1.7672
Epoch: 1, Batch: 1920, Acc: 19.29%, Loss: 1.8336
Epoch: 1, Batch: 1930, Acc: 19.31%, Loss: 1.8233
Epoch: 1, Batch: 1940, Acc: 19.33%, Loss: 1.8212
Epoch: 1, Batch: 1950, Acc: 19.35%, Loss: 1.8443
Epoch: 1, Batch: 1960, Acc: 19.37%, Loss: 1.8119
Epoch: 1, Batch: 1970, Acc: 19.39%, Loss: 1.8218
Epoch: 1, Batch: 1980, Acc: 19.41%, Loss: 1.8137
Epoch: 1, Batch: 1990, Acc: 19.42%, Loss: 1.7982
Epoch: 1, Batch: 2000, Acc: 19.43%, Loss: 1.8192
Epoch: 1, Batch: 2010, Acc: 19.46%, Loss: 1.8131
Epoch: 1, Batch: 2020, Acc: 19.48%, Loss: 1.8057
Epoch: 1, Batch: 2030, Acc: 19.50%, Loss: 1.8392
Epoch: 1, Batch: 2040, Acc: 19.53%, Loss: 1.8066
Epoch: 1, Batch: 2050, Acc: 19.54%, Loss: 1.8257
Epoch: 1, Batch: 2060, Acc: 19.56%, Loss: 1.8069
Epoch: 1, Batch: 2070, Acc: 19.58%, Loss: 1.7933
Epoch: 1, Batch: 2080, Acc: 19.60%, Loss: 1.7999
Epoch: 1, Batch: 2090, Acc: 19.60%, Loss: 1.8376
Epoch: 1, Batch: 2100, Acc: 19.62%, Loss: 1.7773
Epoch: 1, Batch: 2110, Acc: 19.66%, Loss: 1.7917
Epoch: 1, Batch: 2120, Acc: 19.69%, Loss: 1.8184
Epoch: 1, Batch: 2130, Acc: 19.70%, Loss: 1.8304
Epoch: 1, Batch: 2140, Acc: 19.71%, Loss: 1.8264
Epoch: 1, Batch: 2150, Acc: 19.71%, Loss: 1.8676
Epoch: 1, Batch: 2160, Acc: 19.72%, Loss: 1.7807
Epoch: 1, Batch: 2170, Acc: 19.75%, Loss: 1.8256
Epoch: 1, Batch: 2180, Acc: 19.75%, Loss: 1.8290
Epoch: 1, Batch: 2190, Acc: 19.78%, Loss: 1.7869
Epoch: 1, Batch: 2200, Acc: 19.79%, Loss: 1.8267
Epoch: 1, Batch: 2210, Acc: 19.81%, Loss: 1.7871
Epoch: 1, Batch: 2220, Acc: 19.81%, Loss: 1.8389
Epoch: 1, Batch: 2230, Acc: 19.83%, Loss: 1.7850
Epoch: 1, Batch: 2240, Acc: 19.86%, Loss: 1.8210
Epoch: 1, Batch: 2250, Acc: 19.86%, Loss: 1.8427
Epoch: 1, Batch: 2260, Acc: 19.87%, Loss: 1.8284
Epoch: 1, Batch: 2270, Acc: 19.88%, Loss: 1.8400
Epoch: 1, Batch: 2280, Acc: 19.90%, Loss: 1.7819
Epoch: 1, Batch: 2290, Acc: 19.93%, Loss: 1.7711
Epoch: 1, Batch: 2300, Acc: 19.95%, Loss: 1.7784
Epoch: 1, Batch: 2310, Acc: 19.95%, Loss: 1.7990
Epoch: 1, Batch: 2320, Acc: 19.97%, Loss: 1.7959
Epoch: 1, Batch: 2330, Acc: 19.98%, Loss: 1.8481
Epoch: 1, Batch: 2340, Acc: 20.00%, Loss: 1.8156
Epoch: 1, Batch: 2350, Acc: 20.03%, Loss: 1.7740
Epoch: 1, Batch: 2360, Acc: 20.05%, Loss: 1.7949
Epoch: 1, Batch: 2370, Acc: 20.06%, Loss: 1.8176
Epoch: 1, Batch: 2380, Acc: 20.08%, Loss: 1.8062
Epoch: 1, Batch: 2390, Acc: 20.09%, Loss: 1.8358
Epoch: 1, Batch: 2400, Acc: 20.09%, Loss: 1.8246
Epoch: 1, Batch: 2410, Acc: 20.09%, Loss: 1.8571
Epoch: 1, Batch: 2420, Acc: 20.09%, Loss: 1.8427
Epoch: 1, Batch: 2430, Acc: 20.12%, Loss: 1.7782
Epoch: 1, Batch: 2440, Acc: 20.13%, Loss: 1.8084
Epoch: 1, Batch: 2450, Acc: 20.15%, Loss: 1.8074
Epoch: 1, Batch: 2460, Acc: 20.16%, Loss: 1.8176
Epoch: 1, Batch: 2470, Acc: 20.18%, Loss: 1.7851
Epoch: 1, Batch: 2480, Acc: 20.19%, Loss: 1.8297
Epoch: 1, Batch: 2490, Acc: 20.21%, Loss: 1.7878
Epoch: 1, Batch: 2500, Acc: 20.21%, Loss: 1.8262
Epoch: 1, Batch: 2510, Acc: 20.22%, Loss: 1.8451
Epoch: 1, Batch: 2520, Acc: 20.23%, Loss: 1.8008
Epoch: 1, Batch: 2530, Acc: 20.24%, Loss: 1.8279
Epoch: 1, Batch: 2540, Acc: 20.26%, Loss: 1.7748
Epoch: 1, Batch: 2550, Acc: 20.27%, Loss: 1.8454
Epoch: 1, Batch: 2560, Acc: 20.28%, Loss: 1.8266
Epoch: 1, Batch: 2570, Acc: 20.29%, Loss: 1.8293
Epoch: 1, Batch: 2580, Acc: 20.31%, Loss: 1.7809
Epoch: 1, Batch: 2590, Acc: 20.31%, Loss: 1.8515
Epoch: 1, Batch: 2600, Acc: 20.32%, Loss: 1.8301
Epoch: 1, Batch: 2610, Acc: 20.33%, Loss: 1.7820
Epoch: 1, Batch: 2620, Acc: 20.34%, Loss: 1.8346
Epoch: 1, Batch: 2630, Acc: 20.34%, Loss: 1.8571
Epoch: 1, Batch: 2640, Acc: 20.35%, Loss: 1.8110
Epoch: 1, Batch: 2650, Acc: 20.36%, Loss: 1.8044
Epoch: 1, Batch: 2660, Acc: 20.38%, Loss: 1.8059
Epoch: 1, Batch: 2670, Acc: 20.40%, Loss: 1.7881
Epoch: 1, Batch: 2680, Acc: 20.42%, Loss: 1.8220
Epoch: 1, Batch: 2690, Acc: 20.43%, Loss: 1.7738
Epoch: 1, Batch: 2700, Acc: 20.45%, Loss: 1.8126
Epoch: 1, Batch: 2710, Acc: 20.46%, Loss: 1.8331
Epoch: 1, Batch: 2720, Acc: 20.47%, Loss: 1.7988
Epoch: 1, Batch: 2730, Acc: 20.48%, Loss: 1.8105
Epoch: 1, Batch: 2740, Acc: 20.49%, Loss: 1.7945
Epoch: 1, Batch: 2750, Acc: 20.51%, Loss: 1.7927
Epoch: 1, Batch: 2760, Acc: 20.52%, Loss: 1.8143
Epoch: 1, Batch: 2770, Acc: 20.54%, Loss: 1.7970
Epoch: 1, Batch: 2780, Acc: 20.54%, Loss: 1.8472
Epoch: 1, Batch: 2790, Acc: 20.55%, Loss: 1.7905
Epoch: 1, Batch: 2800, Acc: 20.56%, Loss: 1.8331
Epoch: 1, Batch: 2810, Acc: 20.58%, Loss: 1.7979
Epoch: 1, Batch: 2820, Acc: 20.58%, Loss: 1.8561
Epoch: 1, Batch: 2830, Acc: 20.59%, Loss: 1.7845
Epoch: 1, Batch: 2840, Acc: 20.60%, Loss: 1.7978
Epoch: 1, Batch: 2850, Acc: 20.62%, Loss: 1.7798
Epoch: 1, Batch: 2860, Acc: 20.63%, Loss: 1.7896
Epoch: 1, Batch: 2870, Acc: 20.64%, Loss: 1.8002
Epoch: 1, Batch: 2880, Acc: 20.65%, Loss: 1.8185
Accuracy on test set: 44.30%, Val loss: 2.3430
Epoch 1: train_loss=1.8569, val_acc=44.30, best_val_acc=44.30, es_counter=0
Epoch: 2, Batch: 10, Acc: 20.16%, Loss: 1.8288
Epoch: 2, Batch: 20, Acc: 21.48%, Loss: 1.8068
Epoch: 2, Batch: 30, Acc: 22.86%, Loss: 1.7956
Epoch: 2, Batch: 40, Acc: 23.01%, Loss: 1.8030
Epoch: 2, Batch: 50, Acc: 23.25%, Loss: 1.7849
Epoch: 2, Batch: 60, Acc: 23.12%, Loss: 1.8277
Epoch: 2, Batch: 70, Acc: 22.97%, Loss: 1.8274
Epoch: 2, Batch: 80, Acc: 22.81%, Loss: 1.8267
Epoch: 2, Batch: 90, Acc: 23.06%, Loss: 1.8027
Epoch: 2, Batch: 100, Acc: 22.92%, Loss: 1.8556
Epoch: 2, Batch: 110, Acc: 22.98%, Loss: 1.8127
Epoch: 2, Batch: 120, Acc: 23.03%, Loss: 1.7957
Epoch: 2, Batch: 130, Acc: 23.04%, Loss: 1.8311
Epoch: 2, Batch: 140, Acc: 23.17%, Loss: 1.8117
Epoch: 2, Batch: 150, Acc: 23.14%, Loss: 1.8143
Epoch: 2, Batch: 160, Acc: 23.11%, Loss: 1.7886
Epoch: 2, Batch: 170, Acc: 23.23%, Loss: 1.8023
Epoch: 2, Batch: 180, Acc: 23.08%, Loss: 1.8649
Epoch: 2, Batch: 190, Acc: 23.08%, Loss: 1.8239
Epoch: 2, Batch: 200, Acc: 23.14%, Loss: 1.7981
Epoch: 2, Batch: 210, Acc: 23.10%, Loss: 1.8239
Epoch: 2, Batch: 220, Acc: 23.19%, Loss: 1.8097
Epoch: 2, Batch: 230, Acc: 23.18%, Loss: 1.8099
Epoch: 2, Batch: 240, Acc: 23.27%, Loss: 1.7901
Epoch: 2, Batch: 250, Acc: 23.29%, Loss: 1.8164
Epoch: 2, Batch: 260, Acc: 23.37%, Loss: 1.8033
Epoch: 2, Batch: 270, Acc: 23.37%, Loss: 1.8099
Epoch: 2, Batch: 280, Acc: 23.28%, Loss: 1.7937
Epoch: 2, Batch: 290, Acc: 23.23%, Loss: 1.8076
Epoch: 2, Batch: 300, Acc: 23.21%, Loss: 1.8534
Epoch: 2, Batch: 310, Acc: 23.16%, Loss: 1.8395
Epoch: 2, Batch: 320, Acc: 23.12%, Loss: 1.8195
Epoch: 2, Batch: 330, Acc: 23.17%, Loss: 1.7985
Epoch: 2, Batch: 340, Acc: 23.09%, Loss: 1.8295
Epoch: 2, Batch: 350, Acc: 23.14%, Loss: 1.7780
Epoch: 2, Batch: 360, Acc: 23.11%, Loss: 1.8011
Epoch: 2, Batch: 370, Acc: 23.18%, Loss: 1.7978
Epoch: 2, Batch: 380, Acc: 23.23%, Loss: 1.7931
Epoch: 2, Batch: 390, Acc: 23.16%, Loss: 1.8249
Epoch: 2, Batch: 400, Acc: 23.12%, Loss: 1.8647
Epoch: 2, Batch: 410, Acc: 23.14%, Loss: 1.7738
Epoch: 2, Batch: 420, Acc: 23.12%, Loss: 1.8367
Epoch: 2, Batch: 430, Acc: 23.14%, Loss: 1.7900
Epoch: 2, Batch: 440, Acc: 23.23%, Loss: 1.7712
Epoch: 2, Batch: 450, Acc: 23.20%, Loss: 1.8043
Epoch: 2, Batch: 460, Acc: 23.23%, Loss: 1.8053
Epoch: 2, Batch: 470, Acc: 23.22%, Loss: 1.8163
Epoch: 2, Batch: 480, Acc: 23.14%, Loss: 1.8718
Epoch: 2, Batch: 490, Acc: 23.21%, Loss: 1.7971
Epoch: 2, Batch: 500, Acc: 23.24%, Loss: 1.8207
Epoch: 2, Batch: 510, Acc: 23.30%, Loss: 1.7930
Epoch: 2, Batch: 520, Acc: 23.33%, Loss: 1.7994
Epoch: 2, Batch: 530, Acc: 23.35%, Loss: 1.7985
Epoch: 2, Batch: 540, Acc: 23.34%, Loss: 1.8239
Epoch: 2, Batch: 550, Acc: 23.38%, Loss: 1.7915
Epoch: 2, Batch: 560, Acc: 23.40%, Loss: 1.8104
Epoch: 2, Batch: 570, Acc: 23.41%, Loss: 1.7940
Epoch: 2, Batch: 580, Acc: 23.39%, Loss: 1.8460
Epoch: 2, Batch: 590, Acc: 23.41%, Loss: 1.8089
Epoch: 2, Batch: 600, Acc: 23.39%, Loss: 1.8291
Epoch: 2, Batch: 610, Acc: 23.42%, Loss: 1.7980
Epoch: 2, Batch: 620, Acc: 23.41%, Loss: 1.7917
Epoch: 2, Batch: 630, Acc: 23.36%, Loss: 1.8406
Epoch: 2, Batch: 640, Acc: 23.36%, Loss: 1.7761
Epoch: 2, Batch: 650, Acc: 23.41%, Loss: 1.7996
Epoch: 2, Batch: 660, Acc: 23.41%, Loss: 1.7900
Epoch: 2, Batch: 670, Acc: 23.42%, Loss: 1.7832
Epoch: 2, Batch: 680, Acc: 23.45%, Loss: 1.8097
Epoch: 2, Batch: 690, Acc: 23.44%, Loss: 1.8062
Epoch: 2, Batch: 700, Acc: 23.48%, Loss: 1.8055
Epoch: 2, Batch: 710, Acc: 23.45%, Loss: 1.7993
Epoch: 2, Batch: 720, Acc: 23.40%, Loss: 1.8541
Epoch: 2, Batch: 730, Acc: 23.40%, Loss: 1.7898
Epoch: 2, Batch: 740, Acc: 23.40%, Loss: 1.8242
Epoch: 2, Batch: 750, Acc: 23.40%, Loss: 1.8321
Epoch: 2, Batch: 760, Acc: 23.41%, Loss: 1.8230
Epoch: 2, Batch: 770, Acc: 23.40%, Loss: 1.8387
Epoch: 2, Batch: 780, Acc: 23.40%, Loss: 1.7906
Epoch: 2, Batch: 790, Acc: 23.40%, Loss: 1.8236
Epoch: 2, Batch: 800, Acc: 23.41%, Loss: 1.7946
Epoch: 2, Batch: 810, Acc: 23.43%, Loss: 1.7864
Epoch: 2, Batch: 820, Acc: 23.42%, Loss: 1.7926
Epoch: 2, Batch: 830, Acc: 23.43%, Loss: 1.8082
Epoch: 2, Batch: 840, Acc: 23.44%, Loss: 1.8082
Epoch: 2, Batch: 850, Acc: 23.42%, Loss: 1.8213
Epoch: 2, Batch: 860, Acc: 23.43%, Loss: 1.8028
Epoch: 2, Batch: 870, Acc: 23.44%, Loss: 1.7999
Epoch: 2, Batch: 880, Acc: 23.44%, Loss: 1.8118
Epoch: 2, Batch: 890, Acc: 23.47%, Loss: 1.7473
Epoch: 2, Batch: 900, Acc: 23.42%, Loss: 1.8545
Epoch: 2, Batch: 910, Acc: 23.44%, Loss: 1.8058
Epoch: 2, Batch: 920, Acc: 23.45%, Loss: 1.7860
Epoch: 2, Batch: 930, Acc: 23.47%, Loss: 1.7945
Epoch: 2, Batch: 940, Acc: 23.49%, Loss: 1.7832
Epoch: 2, Batch: 950, Acc: 23.48%, Loss: 1.8172
Epoch: 2, Batch: 960, Acc: 23.50%, Loss: 1.7968
Epoch: 2, Batch: 970, Acc: 23.54%, Loss: 1.7552
Epoch: 2, Batch: 980, Acc: 23.58%, Loss: 1.7251
Epoch: 2, Batch: 990, Acc: 23.60%, Loss: 1.7747
Epoch: 2, Batch: 1000, Acc: 23.61%, Loss: 1.8116
Epoch: 2, Batch: 1010, Acc: 23.63%, Loss: 1.7683
Epoch: 2, Batch: 1020, Acc: 23.63%, Loss: 1.8029
Epoch: 2, Batch: 1030, Acc: 23.63%, Loss: 1.8140
Epoch: 2, Batch: 1040, Acc: 23.60%, Loss: 1.8174
Epoch: 2, Batch: 1050, Acc: 23.62%, Loss: 1.7551
Epoch: 2, Batch: 1060, Acc: 23.62%, Loss: 1.8130
Epoch: 2, Batch: 1070, Acc: 23.63%, Loss: 1.8300
Epoch: 2, Batch: 1080, Acc: 23.62%, Loss: 1.8240
Epoch: 2, Batch: 1090, Acc: 23.63%, Loss: 1.8002
Epoch: 2, Batch: 1100, Acc: 23.63%, Loss: 1.8088
Epoch: 2, Batch: 1110, Acc: 23.63%, Loss: 1.7820
Epoch: 2, Batch: 1120, Acc: 23.64%, Loss: 1.7904
Epoch: 2, Batch: 1130, Acc: 23.67%, Loss: 1.7839
Epoch: 2, Batch: 1140, Acc: 23.69%, Loss: 1.8165
Epoch: 2, Batch: 1150, Acc: 23.68%, Loss: 1.7976
Epoch: 2, Batch: 1160, Acc: 23.72%, Loss: 1.7443
Epoch: 2, Batch: 1170, Acc: 23.71%, Loss: 1.8164
Epoch: 2, Batch: 1180, Acc: 23.71%, Loss: 1.8020
Epoch: 2, Batch: 1190, Acc: 23.71%, Loss: 1.8052
Epoch: 2, Batch: 1200, Acc: 23.71%, Loss: 1.8276
Epoch: 2, Batch: 1210, Acc: 23.69%, Loss: 1.8437
Epoch: 2, Batch: 1220, Acc: 23.67%, Loss: 1.8301
Epoch: 2, Batch: 1230, Acc: 23.66%, Loss: 1.8224
Epoch: 2, Batch: 1240, Acc: 23.65%, Loss: 1.8354
Epoch: 2, Batch: 1250, Acc: 23.64%, Loss: 1.7984
Epoch: 2, Batch: 1260, Acc: 23.64%, Loss: 1.8127
Epoch: 2, Batch: 1270, Acc: 23.62%, Loss: 1.8311
Epoch: 2, Batch: 1280, Acc: 23.63%, Loss: 1.7854
Epoch: 2, Batch: 1290, Acc: 23.63%, Loss: 1.7934
Epoch: 2, Batch: 1300, Acc: 23.65%, Loss: 1.8022
Epoch: 2, Batch: 1310, Acc: 23.67%, Loss: 1.7729
Epoch: 2, Batch: 1320, Acc: 23.66%, Loss: 1.8100
Epoch: 2, Batch: 1330, Acc: 23.65%, Loss: 1.8240
Epoch: 2, Batch: 1340, Acc: 23.65%, Loss: 1.8239
Epoch: 2, Batch: 1350, Acc: 23.66%, Loss: 1.7893
Epoch: 2, Batch: 1360, Acc: 23.66%, Loss: 1.8011
Epoch: 2, Batch: 1370, Acc: 23.66%, Loss: 1.8225
Epoch: 2, Batch: 1380, Acc: 23.66%, Loss: 1.8027
Epoch: 2, Batch: 1390, Acc: 23.67%, Loss: 1.7875
Epoch: 2, Batch: 1400, Acc: 23.68%, Loss: 1.7447
Epoch: 2, Batch: 1410, Acc: 23.69%, Loss: 1.7477
Epoch: 2, Batch: 1420, Acc: 23.69%, Loss: 1.7906
Epoch: 2, Batch: 1430, Acc: 23.69%, Loss: 1.8135
Epoch: 2, Batch: 1440, Acc: 23.66%, Loss: 1.8224
Epoch: 2, Batch: 1450, Acc: 23.65%, Loss: 1.8299
Epoch: 2, Batch: 1460, Acc: 23.63%, Loss: 1.8285
Epoch: 2, Batch: 1470, Acc: 23.63%, Loss: 1.8083
Epoch: 2, Batch: 1480, Acc: 23.64%, Loss: 1.7815
Epoch: 2, Batch: 1490, Acc: 23.67%, Loss: 1.7383
Epoch: 2, Batch: 1500, Acc: 23.67%, Loss: 1.8047
Epoch: 2, Batch: 1510, Acc: 23.67%, Loss: 1.8015
Epoch: 2, Batch: 1520, Acc: 23.69%, Loss: 1.7584
Epoch: 2, Batch: 1530, Acc: 23.71%, Loss: 1.7635
Epoch: 2, Batch: 1540, Acc: 23.70%, Loss: 1.8422
Epoch: 2, Batch: 1550, Acc: 23.70%, Loss: 1.7829
Epoch: 2, Batch: 1560, Acc: 23.70%, Loss: 1.8025
Epoch: 2, Batch: 1570, Acc: 23.70%, Loss: 1.7975
Epoch: 2, Batch: 1580, Acc: 23.70%, Loss: 1.8081
Epoch: 2, Batch: 1590, Acc: 23.70%, Loss: 1.8049
Epoch: 2, Batch: 1600, Acc: 23.69%, Loss: 1.8095
Epoch: 2, Batch: 1610, Acc: 23.70%, Loss: 1.7948
Epoch: 2, Batch: 1620, Acc: 23.70%, Loss: 1.7908
Epoch: 2, Batch: 1630, Acc: 23.69%, Loss: 1.8002
Epoch: 2, Batch: 1640, Acc: 23.70%, Loss: 1.8006
Epoch: 2, Batch: 1650, Acc: 23.70%, Loss: 1.7949
Epoch: 2, Batch: 1660, Acc: 23.71%, Loss: 1.8241
Epoch: 2, Batch: 1670, Acc: 23.70%, Loss: 1.8018
Epoch: 2, Batch: 1680, Acc: 23.70%, Loss: 1.8050
Epoch: 2, Batch: 1690, Acc: 23.70%, Loss: 1.8194
Epoch: 2, Batch: 1700, Acc: 23.69%, Loss: 1.8442
Epoch: 2, Batch: 1710, Acc: 23.68%, Loss: 1.8090
Epoch: 2, Batch: 1720, Acc: 23.69%, Loss: 1.8086
Epoch: 2, Batch: 1730, Acc: 23.69%, Loss: 1.8055
Epoch: 2, Batch: 1740, Acc: 23.70%, Loss: 1.8035
Epoch: 2, Batch: 1750, Acc: 23.71%, Loss: 1.7581
Epoch: 2, Batch: 1760, Acc: 23.73%, Loss: 1.7421
Epoch: 2, Batch: 1770, Acc: 23.73%, Loss: 1.8184
Epoch: 2, Batch: 1780, Acc: 23.71%, Loss: 1.8132
Epoch: 2, Batch: 1790, Acc: 23.71%, Loss: 1.8245
Epoch: 2, Batch: 1800, Acc: 23.71%, Loss: 1.8154
Epoch: 2, Batch: 1810, Acc: 23.69%, Loss: 1.8519
Epoch: 2, Batch: 1820, Acc: 23.69%, Loss: 1.7859
Epoch: 2, Batch: 1830, Acc: 23.70%, Loss: 1.8067
Epoch: 2, Batch: 1840, Acc: 23.70%, Loss: 1.7929
Epoch: 2, Batch: 1850, Acc: 23.70%, Loss: 1.8163
Epoch: 2, Batch: 1860, Acc: 23.69%, Loss: 1.8056
Epoch: 2, Batch: 1870, Acc: 23.69%, Loss: 1.8001
Epoch: 2, Batch: 1880, Acc: 23.69%, Loss: 1.8151
Epoch: 2, Batch: 1890, Acc: 23.70%, Loss: 1.7870
Epoch: 2, Batch: 1900, Acc: 23.70%, Loss: 1.8015
Epoch: 2, Batch: 1910, Acc: 23.69%, Loss: 1.8522
Epoch: 2, Batch: 1920, Acc: 23.69%, Loss: 1.7835
Epoch: 2, Batch: 1930, Acc: 23.69%, Loss: 1.8186
Epoch: 2, Batch: 1940, Acc: 23.68%, Loss: 1.8187
Epoch: 2, Batch: 1950, Acc: 23.67%, Loss: 1.7962
Epoch: 2, Batch: 1960, Acc: 23.67%, Loss: 1.7969
Epoch: 2, Batch: 1970, Acc: 23.68%, Loss: 1.8259
Epoch: 2, Batch: 1980, Acc: 23.67%, Loss: 1.7813
Epoch: 2, Batch: 1990, Acc: 23.68%, Loss: 1.8022
Epoch: 2, Batch: 2000, Acc: 23.69%, Loss: 1.7725
Epoch: 2, Batch: 2010, Acc: 23.68%, Loss: 1.8157
Epoch: 2, Batch: 2020, Acc: 23.69%, Loss: 1.7854
Epoch: 2, Batch: 2030, Acc: 23.69%, Loss: 1.7877
Epoch: 2, Batch: 2040, Acc: 23.69%, Loss: 1.8114
Epoch: 2, Batch: 2050, Acc: 23.69%, Loss: 1.7874
Epoch: 2, Batch: 2060, Acc: 23.69%, Loss: 1.8107
Epoch: 2, Batch: 2070, Acc: 23.69%, Loss: 1.8006
Epoch: 2, Batch: 2080, Acc: 23.69%, Loss: 1.7979
Epoch: 2, Batch: 2090, Acc: 23.69%, Loss: 1.7838
Epoch: 2, Batch: 2100, Acc: 23.68%, Loss: 1.8303
Epoch: 2, Batch: 2110, Acc: 23.70%, Loss: 1.7658
Epoch: 2, Batch: 2120, Acc: 23.70%, Loss: 1.8089
Epoch: 2, Batch: 2130, Acc: 23.71%, Loss: 1.7818
Epoch: 2, Batch: 2140, Acc: 23.70%, Loss: 1.7991
Epoch: 2, Batch: 2150, Acc: 23.71%, Loss: 1.7977
Epoch: 2, Batch: 2160, Acc: 23.72%, Loss: 1.7901
Epoch: 2, Batch: 2170, Acc: 23.72%, Loss: 1.7905
Epoch: 2, Batch: 2180, Acc: 23.72%, Loss: 1.7858
Epoch: 2, Batch: 2190, Acc: 23.73%, Loss: 1.7913
Epoch: 2, Batch: 2200, Acc: 23.74%, Loss: 1.7910
Epoch: 2, Batch: 2210, Acc: 23.74%, Loss: 1.7943
Epoch: 2, Batch: 2220, Acc: 23.74%, Loss: 1.8089
Epoch: 2, Batch: 2230, Acc: 23.75%, Loss: 1.7763
Epoch: 2, Batch: 2240, Acc: 23.74%, Loss: 1.8074
Epoch: 2, Batch: 2250, Acc: 23.76%, Loss: 1.7849
Epoch: 2, Batch: 2260, Acc: 23.76%, Loss: 1.7985
Epoch: 2, Batch: 2270, Acc: 23.76%, Loss: 1.7983
Epoch: 2, Batch: 2280, Acc: 23.77%, Loss: 1.7941
Epoch: 2, Batch: 2290, Acc: 23.77%, Loss: 1.8065
Epoch: 2, Batch: 2300, Acc: 23.77%, Loss: 1.7802
Epoch: 2, Batch: 2310, Acc: 23.76%, Loss: 1.8113
Epoch: 2, Batch: 2320, Acc: 23.78%, Loss: 1.7902
Epoch: 2, Batch: 2330, Acc: 23.78%, Loss: 1.8036
Epoch: 2, Batch: 2340, Acc: 23.78%, Loss: 1.8091
Epoch: 2, Batch: 2350, Acc: 23.79%, Loss: 1.7639
Epoch: 2, Batch: 2360, Acc: 23.79%, Loss: 1.8328
Epoch: 2, Batch: 2370, Acc: 23.77%, Loss: 1.8576
Epoch: 2, Batch: 2380, Acc: 23.77%, Loss: 1.7927
Epoch: 2, Batch: 2390, Acc: 23.77%, Loss: 1.8101
Epoch: 2, Batch: 2400, Acc: 23.76%, Loss: 1.8170
Epoch: 2, Batch: 2410, Acc: 23.76%, Loss: 1.8092
Epoch: 2, Batch: 2420, Acc: 23.75%, Loss: 1.8258
Epoch: 2, Batch: 2430, Acc: 23.75%, Loss: 1.7994
Epoch: 2, Batch: 2440, Acc: 23.74%, Loss: 1.8216
Epoch: 2, Batch: 2450, Acc: 23.75%, Loss: 1.7597
Epoch: 2, Batch: 2460, Acc: 23.75%, Loss: 1.7947
Epoch: 2, Batch: 2470, Acc: 23.75%, Loss: 1.8228
Epoch: 2, Batch: 2480, Acc: 23.76%, Loss: 1.7606
Epoch: 2, Batch: 2490, Acc: 23.76%, Loss: 1.8080
Epoch: 2, Batch: 2500, Acc: 23.77%, Loss: 1.8213
Epoch: 2, Batch: 2510, Acc: 23.77%, Loss: 1.7857
Epoch: 2, Batch: 2520, Acc: 23.78%, Loss: 1.8055
Epoch: 2, Batch: 2530, Acc: 23.78%, Loss: 1.7884
Epoch: 2, Batch: 2540, Acc: 23.79%, Loss: 1.8061
Epoch: 2, Batch: 2550, Acc: 23.79%, Loss: 1.8164
Epoch: 2, Batch: 2560, Acc: 23.80%, Loss: 1.7871
Epoch: 2, Batch: 2570, Acc: 23.82%, Loss: 1.7390
Epoch: 2, Batch: 2580, Acc: 23.82%, Loss: 1.8070
Epoch: 2, Batch: 2590, Acc: 23.82%, Loss: 1.7845
Epoch: 2, Batch: 2600, Acc: 23.82%, Loss: 1.7964
Epoch: 2, Batch: 2610, Acc: 23.83%, Loss: 1.7802
Epoch: 2, Batch: 2620, Acc: 23.82%, Loss: 1.8211
Epoch: 2, Batch: 2630, Acc: 23.82%, Loss: 1.8008
Epoch: 2, Batch: 2640, Acc: 23.83%, Loss: 1.7814
Epoch: 2, Batch: 2650, Acc: 23.83%, Loss: 1.8140
Epoch: 2, Batch: 2660, Acc: 23.83%, Loss: 1.8025
Epoch: 2, Batch: 2670, Acc: 23.83%, Loss: 1.8230
Epoch: 2, Batch: 2680, Acc: 23.84%, Loss: 1.8038
Epoch: 2, Batch: 2690, Acc: 23.84%, Loss: 1.7916
Epoch: 2, Batch: 2700, Acc: 23.83%, Loss: 1.8178
Epoch: 2, Batch: 2710, Acc: 23.82%, Loss: 1.8232
Epoch: 2, Batch: 2720, Acc: 23.82%, Loss: 1.8329
Epoch: 2, Batch: 2730, Acc: 23.81%, Loss: 1.7708
Epoch: 2, Batch: 2740, Acc: 23.82%, Loss: 1.7948
Epoch: 2, Batch: 2750, Acc: 23.82%, Loss: 1.7969
Epoch: 2, Batch: 2760, Acc: 23.82%, Loss: 1.7937
Epoch: 2, Batch: 2770, Acc: 23.83%, Loss: 1.7801
Epoch: 2, Batch: 2780, Acc: 23.83%, Loss: 1.8292
Epoch: 2, Batch: 2790, Acc: 23.83%, Loss: 1.7994
Epoch: 2, Batch: 2800, Acc: 23.84%, Loss: 1.7991
Epoch: 2, Batch: 2810, Acc: 23.83%, Loss: 1.8350
Epoch: 2, Batch: 2820, Acc: 23.83%, Loss: 1.7939
Epoch: 2, Batch: 2830, Acc: 23.83%, Loss: 1.7959
Epoch: 2, Batch: 2840, Acc: 23.82%, Loss: 1.7944
Epoch: 2, Batch: 2850, Acc: 23.84%, Loss: 1.7350
Epoch: 2, Batch: 2860, Acc: 23.84%, Loss: 1.8062
Epoch: 2, Batch: 2870, Acc: 23.84%, Loss: 1.7892
Epoch: 2, Batch: 2880, Acc: 23.84%, Loss: 1.7981
Accuracy on test set: 45.05%, Val loss: 2.2902
Epoch 2: train_loss=1.8033, val_acc=45.05, best_val_acc=45.05, es_counter=0
Epoch: 3, Batch: 10, Acc: 23.91%, Loss: 1.7956
Epoch: 3, Batch: 20, Acc: 24.45%, Loss: 1.7821
Epoch: 3, Batch: 30, Acc: 23.65%, Loss: 1.8133
Epoch: 3, Batch: 40, Acc: 23.40%, Loss: 1.8123
Epoch: 3, Batch: 50, Acc: 22.88%, Loss: 1.8106
Epoch: 3, Batch: 60, Acc: 23.36%, Loss: 1.7911
Epoch: 3, Batch: 70, Acc: 23.30%, Loss: 1.8020
Epoch: 3, Batch: 80, Acc: 23.46%, Loss: 1.7945
Epoch: 3, Batch: 90, Acc: 23.33%, Loss: 1.8558
Epoch: 3, Batch: 100, Acc: 23.55%, Loss: 1.7992
Epoch: 3, Batch: 110, Acc: 23.31%, Loss: 1.8464
Epoch: 3, Batch: 120, Acc: 23.39%, Loss: 1.8042
Epoch: 3, Batch: 130, Acc: 23.32%, Loss: 1.7963
Epoch: 3, Batch: 140, Acc: 23.26%, Loss: 1.8136
Epoch: 3, Batch: 150, Acc: 23.30%, Loss: 1.7972
Epoch: 3, Batch: 160, Acc: 23.39%, Loss: 1.8000
Epoch: 3, Batch: 170, Acc: 23.35%, Loss: 1.7614
Epoch: 3, Batch: 180, Acc: 23.36%, Loss: 1.8150
Epoch: 3, Batch: 190, Acc: 23.43%, Loss: 1.7615
Epoch: 3, Batch: 200, Acc: 23.42%, Loss: 1.8070
Epoch: 3, Batch: 210, Acc: 23.46%, Loss: 1.7809
Epoch: 3, Batch: 220, Acc: 23.51%, Loss: 1.8020
Epoch: 3, Batch: 230, Acc: 23.56%, Loss: 1.8148
Epoch: 3, Batch: 240, Acc: 23.49%, Loss: 1.8394
Epoch: 3, Batch: 250, Acc: 23.46%, Loss: 1.8163
Epoch: 3, Batch: 260, Acc: 23.50%, Loss: 1.8059
Epoch: 3, Batch: 270, Acc: 23.56%, Loss: 1.7833
Epoch: 3, Batch: 280, Acc: 23.49%, Loss: 1.8011
Epoch: 3, Batch: 290, Acc: 23.64%, Loss: 1.7433
Epoch: 3, Batch: 300, Acc: 23.59%, Loss: 1.8416
Epoch: 3, Batch: 310, Acc: 23.62%, Loss: 1.8242
Epoch: 3, Batch: 320, Acc: 23.58%, Loss: 1.8464
Epoch: 3, Batch: 330, Acc: 23.54%, Loss: 1.8263
Epoch: 3, Batch: 340, Acc: 23.54%, Loss: 1.8122
Epoch: 3, Batch: 350, Acc: 23.55%, Loss: 1.8116
Epoch: 3, Batch: 360, Acc: 23.53%, Loss: 1.8107
Epoch: 3, Batch: 370, Acc: 23.63%, Loss: 1.7843
Epoch: 3, Batch: 380, Acc: 23.65%, Loss: 1.7496
Epoch: 3, Batch: 390, Acc: 23.67%, Loss: 1.8253
Epoch: 3, Batch: 400, Acc: 23.75%, Loss: 1.7345
Epoch: 3, Batch: 410, Acc: 23.80%, Loss: 1.7725
Epoch: 3, Batch: 420, Acc: 23.76%, Loss: 1.8344
Epoch: 3, Batch: 430, Acc: 23.77%, Loss: 1.7812
Epoch: 3, Batch: 440, Acc: 23.76%, Loss: 1.8035
Epoch: 3, Batch: 450, Acc: 23.80%, Loss: 1.7667
Epoch: 3, Batch: 460, Acc: 23.81%, Loss: 1.8008
Epoch: 3, Batch: 470, Acc: 23.78%, Loss: 1.7892
Epoch: 3, Batch: 480, Acc: 23.76%, Loss: 1.8182
Epoch: 3, Batch: 490, Acc: 23.76%, Loss: 1.8208
Epoch: 3, Batch: 500, Acc: 23.76%, Loss: 1.7807
Epoch: 3, Batch: 510, Acc: 23.80%, Loss: 1.7656
Epoch: 3, Batch: 520, Acc: 23.80%, Loss: 1.8186
Epoch: 3, Batch: 530, Acc: 23.85%, Loss: 1.7928
Epoch: 3, Batch: 540, Acc: 23.81%, Loss: 1.8228
Epoch: 3, Batch: 550, Acc: 23.76%, Loss: 1.8272
Epoch: 3, Batch: 560, Acc: 23.69%, Loss: 1.8378
Epoch: 3, Batch: 570, Acc: 23.66%, Loss: 1.8286
Epoch: 3, Batch: 580, Acc: 23.64%, Loss: 1.7929
Epoch: 3, Batch: 590, Acc: 23.69%, Loss: 1.7737
Epoch: 3, Batch: 600, Acc: 23.75%, Loss: 1.7503
Epoch: 3, Batch: 610, Acc: 23.77%, Loss: 1.8039
Epoch: 3, Batch: 620, Acc: 23.82%, Loss: 1.7669
Epoch: 3, Batch: 630, Acc: 23.85%, Loss: 1.8075
Epoch: 3, Batch: 640, Acc: 23.84%, Loss: 1.8118
Epoch: 3, Batch: 650, Acc: 23.83%, Loss: 1.8119
Epoch: 3, Batch: 660, Acc: 23.78%, Loss: 1.8340
Epoch: 3, Batch: 670, Acc: 23.80%, Loss: 1.7907
Epoch: 3, Batch: 680, Acc: 23.81%, Loss: 1.7437
Epoch: 3, Batch: 690, Acc: 23.83%, Loss: 1.7657
Epoch: 3, Batch: 700, Acc: 23.85%, Loss: 1.7629
Epoch: 3, Batch: 710, Acc: 23.87%, Loss: 1.7905
Epoch: 3, Batch: 720, Acc: 23.84%, Loss: 1.8491
Epoch: 3, Batch: 730, Acc: 23.84%, Loss: 1.8095
Epoch: 3, Batch: 740, Acc: 23.88%, Loss: 1.7727
Epoch: 3, Batch: 750, Acc: 23.86%, Loss: 1.8260
Epoch: 3, Batch: 760, Acc: 23.86%, Loss: 1.8098
Epoch: 3, Batch: 770, Acc: 23.87%, Loss: 1.8255
Epoch: 3, Batch: 780, Acc: 23.85%, Loss: 1.8280
Epoch: 3, Batch: 790, Acc: 23.84%, Loss: 1.8023
Epoch: 3, Batch: 800, Acc: 23.84%, Loss: 1.7676
Epoch: 3, Batch: 810, Acc: 23.84%, Loss: 1.8149
Epoch: 3, Batch: 820, Acc: 23.84%, Loss: 1.8443
Epoch: 3, Batch: 830, Acc: 23.84%, Loss: 1.7939
Epoch: 3, Batch: 840, Acc: 23.82%, Loss: 1.7774
Epoch: 3, Batch: 850, Acc: 23.81%, Loss: 1.8075
Epoch: 3, Batch: 860, Acc: 23.80%, Loss: 1.8458
Epoch: 3, Batch: 870, Acc: 23.79%, Loss: 1.8119
Epoch: 3, Batch: 880, Acc: 23.82%, Loss: 1.7802
Epoch: 3, Batch: 890, Acc: 23.79%, Loss: 1.8202
Epoch: 3, Batch: 900, Acc: 23.81%, Loss: 1.7867
Epoch: 3, Batch: 910, Acc: 23.79%, Loss: 1.8412
Epoch: 3, Batch: 920, Acc: 23.77%, Loss: 1.7967
Epoch: 3, Batch: 930, Acc: 23.75%, Loss: 1.8078
Epoch: 3, Batch: 940, Acc: 23.77%, Loss: 1.7499
Epoch: 3, Batch: 950, Acc: 23.79%, Loss: 1.7619
Epoch: 3, Batch: 960, Acc: 23.81%, Loss: 1.7611
Epoch: 3, Batch: 970, Acc: 23.83%, Loss: 1.8078
Epoch: 3, Batch: 980, Acc: 23.83%, Loss: 1.7960
Epoch: 3, Batch: 990, Acc: 23.82%, Loss: 1.8201
Epoch: 3, Batch: 1000, Acc: 23.79%, Loss: 1.8362
Epoch: 3, Batch: 1010, Acc: 23.80%, Loss: 1.7966
Epoch: 3, Batch: 1020, Acc: 23.83%, Loss: 1.7379
Epoch: 3, Batch: 1030, Acc: 23.84%, Loss: 1.8141
Epoch: 3, Batch: 1040, Acc: 23.83%, Loss: 1.8186
Epoch: 3, Batch: 1050, Acc: 23.82%, Loss: 1.8054
Epoch: 3, Batch: 1060, Acc: 23.84%, Loss: 1.8162
Epoch: 3, Batch: 1070, Acc: 23.82%, Loss: 1.8164
Epoch: 3, Batch: 1080, Acc: 23.81%, Loss: 1.7964
Epoch: 3, Batch: 1090, Acc: 23.82%, Loss: 1.7923
Epoch: 3, Batch: 1100, Acc: 23.82%, Loss: 1.8197
Epoch: 3, Batch: 1110, Acc: 23.83%, Loss: 1.7971
Epoch: 3, Batch: 1120, Acc: 23.83%, Loss: 1.7629
Epoch: 3, Batch: 1130, Acc: 23.84%, Loss: 1.7849
Epoch: 3, Batch: 1140, Acc: 23.83%, Loss: 1.8182
Epoch: 3, Batch: 1150, Acc: 23.85%, Loss: 1.7685
Epoch: 3, Batch: 1160, Acc: 23.86%, Loss: 1.7951
Epoch: 3, Batch: 1170, Acc: 23.85%, Loss: 1.8009
Epoch: 3, Batch: 1180, Acc: 23.85%, Loss: 1.8114
Epoch: 3, Batch: 1190, Acc: 23.85%, Loss: 1.7916
Epoch: 3, Batch: 1200, Acc: 23.83%, Loss: 1.8187
Epoch: 3, Batch: 1210, Acc: 23.87%, Loss: 1.7482
Epoch: 3, Batch: 1220, Acc: 23.85%, Loss: 1.8299
Epoch: 3, Batch: 1230, Acc: 23.87%, Loss: 1.7731
Epoch: 3, Batch: 1240, Acc: 23.88%, Loss: 1.7868
Epoch: 3, Batch: 1250, Acc: 23.87%, Loss: 1.8125
Epoch: 3, Batch: 1260, Acc: 23.89%, Loss: 1.7711
Epoch: 3, Batch: 1270, Acc: 23.89%, Loss: 1.8220
Epoch: 3, Batch: 1280, Acc: 23.86%, Loss: 1.8397
Epoch: 3, Batch: 1290, Acc: 23.88%, Loss: 1.7910
Epoch: 3, Batch: 1300, Acc: 23.87%, Loss: 1.8312
Epoch: 3, Batch: 1310, Acc: 23.88%, Loss: 1.7745
Epoch: 3, Batch: 1320, Acc: 23.86%, Loss: 1.8383
Epoch: 3, Batch: 1330, Acc: 23.87%, Loss: 1.7942
Epoch: 3, Batch: 1340, Acc: 23.87%, Loss: 1.7840
Epoch: 3, Batch: 1350, Acc: 23.89%, Loss: 1.7694
Epoch: 3, Batch: 1360, Acc: 23.89%, Loss: 1.8087
Epoch: 3, Batch: 1370, Acc: 23.88%, Loss: 1.7771
Epoch: 3, Batch: 1380, Acc: 23.87%, Loss: 1.8161
Epoch: 3, Batch: 1390, Acc: 23.87%, Loss: 1.8041
Epoch: 3, Batch: 1400, Acc: 23.86%, Loss: 1.7730
Epoch: 3, Batch: 1410, Acc: 23.86%, Loss: 1.7835
Epoch: 3, Batch: 1420, Acc: 23.86%, Loss: 1.8025
Epoch: 3, Batch: 1430, Acc: 23.86%, Loss: 1.7942
Epoch: 3, Batch: 1440, Acc: 23.86%, Loss: 1.7966
Epoch: 3, Batch: 1450, Acc: 23.88%, Loss: 1.7521
Epoch: 3, Batch: 1460, Acc: 23.89%, Loss: 1.7701
Epoch: 3, Batch: 1470, Acc: 23.90%, Loss: 1.7704
Epoch: 3, Batch: 1480, Acc: 23.91%, Loss: 1.7582
Epoch: 3, Batch: 1490, Acc: 23.90%, Loss: 1.8246
Epoch: 3, Batch: 1500, Acc: 23.90%, Loss: 1.7835
Epoch: 3, Batch: 1510, Acc: 23.92%, Loss: 1.7656
Epoch: 3, Batch: 1520, Acc: 23.94%, Loss: 1.7714
Epoch: 3, Batch: 1530, Acc: 23.92%, Loss: 1.8581
Epoch: 3, Batch: 1540, Acc: 23.91%, Loss: 1.7805
Epoch: 3, Batch: 1550, Acc: 23.90%, Loss: 1.8242
Epoch: 3, Batch: 1560, Acc: 23.91%, Loss: 1.7628
Epoch: 3, Batch: 1570, Acc: 23.92%, Loss: 1.8088
Epoch: 3, Batch: 1580, Acc: 23.93%, Loss: 1.7922
Epoch: 3, Batch: 1590, Acc: 23.92%, Loss: 1.8053
Epoch: 3, Batch: 1600, Acc: 23.91%, Loss: 1.8053
Epoch: 3, Batch: 1610, Acc: 23.92%, Loss: 1.7675
Epoch: 3, Batch: 1620, Acc: 23.91%, Loss: 1.8196
Epoch: 3, Batch: 1630, Acc: 23.92%, Loss: 1.7873
Epoch: 3, Batch: 1640, Acc: 23.93%, Loss: 1.7751
Epoch: 3, Batch: 1650, Acc: 23.92%, Loss: 1.8020
Epoch: 3, Batch: 1660, Acc: 23.95%, Loss: 1.7476
Epoch: 3, Batch: 1670, Acc: 23.95%, Loss: 1.7912
Epoch: 3, Batch: 1680, Acc: 23.95%, Loss: 1.7559
Epoch: 3, Batch: 1690, Acc: 23.97%, Loss: 1.7878
Epoch: 3, Batch: 1700, Acc: 23.97%, Loss: 1.7973
Epoch: 3, Batch: 1710, Acc: 23.97%, Loss: 1.7739
Epoch: 3, Batch: 1720, Acc: 23.97%, Loss: 1.8084
Epoch: 3, Batch: 1730, Acc: 23.98%, Loss: 1.7739
Epoch: 3, Batch: 1740, Acc: 24.00%, Loss: 1.7803
Epoch: 3, Batch: 1750, Acc: 24.00%, Loss: 1.7661
Epoch: 3, Batch: 1760, Acc: 24.00%, Loss: 1.8060
Epoch: 3, Batch: 1770, Acc: 24.00%, Loss: 1.8010
Epoch: 3, Batch: 1780, Acc: 23.99%, Loss: 1.8478
Epoch: 3, Batch: 1790, Acc: 23.99%, Loss: 1.8074
Epoch: 3, Batch: 1800, Acc: 23.98%, Loss: 1.7907
Epoch: 3, Batch: 1810, Acc: 23.98%, Loss: 1.7922
Epoch: 3, Batch: 1820, Acc: 24.00%, Loss: 1.7787
Epoch: 3, Batch: 1830, Acc: 24.00%, Loss: 1.8114
Epoch: 3, Batch: 1840, Acc: 24.01%, Loss: 1.8013
Epoch: 3, Batch: 1850, Acc: 24.01%, Loss: 1.8092
Epoch: 3, Batch: 1860, Acc: 24.01%, Loss: 1.8088
Epoch: 3, Batch: 1870, Acc: 24.01%, Loss: 1.8228
Epoch: 3, Batch: 1880, Acc: 24.02%, Loss: 1.7657
Epoch: 3, Batch: 1890, Acc: 24.01%, Loss: 1.8095
Epoch: 3, Batch: 1900, Acc: 24.01%, Loss: 1.7797
Epoch: 3, Batch: 1910, Acc: 24.02%, Loss: 1.7894
Epoch: 3, Batch: 1920, Acc: 24.02%, Loss: 1.7998
Epoch: 3, Batch: 1930, Acc: 24.02%, Loss: 1.8166
Epoch: 3, Batch: 1940, Acc: 24.01%, Loss: 1.8118
Epoch: 3, Batch: 1950, Acc: 24.02%, Loss: 1.7643
Epoch: 3, Batch: 1960, Acc: 24.03%, Loss: 1.7833
Epoch: 3, Batch: 1970, Acc: 24.03%, Loss: 1.7868
Epoch: 3, Batch: 1980, Acc: 24.04%, Loss: 1.7601
Epoch: 3, Batch: 1990, Acc: 24.05%, Loss: 1.7990
Epoch: 3, Batch: 2000, Acc: 24.05%, Loss: 1.8086
Epoch: 3, Batch: 2010, Acc: 24.03%, Loss: 1.8174
Epoch: 3, Batch: 2020, Acc: 24.03%, Loss: 1.7943
Epoch: 3, Batch: 2030, Acc: 24.03%, Loss: 1.7806
Epoch: 3, Batch: 2040, Acc: 24.04%, Loss: 1.7863
Epoch: 3, Batch: 2050, Acc: 24.04%, Loss: 1.7965
Epoch: 3, Batch: 2060, Acc: 24.03%, Loss: 1.8282
Epoch: 3, Batch: 2070, Acc: 24.03%, Loss: 1.8258
Epoch: 3, Batch: 2080, Acc: 24.03%, Loss: 1.8010
Epoch: 3, Batch: 2090, Acc: 24.04%, Loss: 1.8173
Epoch: 3, Batch: 2100, Acc: 24.05%, Loss: 1.7888
Epoch: 3, Batch: 2110, Acc: 24.04%, Loss: 1.7948
Epoch: 3, Batch: 2120, Acc: 24.05%, Loss: 1.7761
Epoch: 3, Batch: 2130, Acc: 24.06%, Loss: 1.7724
Epoch: 3, Batch: 2140, Acc: 24.06%, Loss: 1.8180
Epoch: 3, Batch: 2150, Acc: 24.06%, Loss: 1.7786
Epoch: 3, Batch: 2160, Acc: 24.06%, Loss: 1.7962
Epoch: 3, Batch: 2170, Acc: 24.06%, Loss: 1.8146
Epoch: 3, Batch: 2180, Acc: 24.06%, Loss: 1.8293
Epoch: 3, Batch: 2190, Acc: 24.07%, Loss: 1.8214
Epoch: 3, Batch: 2200, Acc: 24.06%, Loss: 1.7844
Epoch: 3, Batch: 2210, Acc: 24.08%, Loss: 1.7768
Epoch: 3, Batch: 2220, Acc: 24.08%, Loss: 1.7732
Epoch: 3, Batch: 2230, Acc: 24.09%, Loss: 1.7954
Epoch: 3, Batch: 2240, Acc: 24.09%, Loss: 1.7930
Epoch: 3, Batch: 2250, Acc: 24.10%, Loss: 1.7542
Epoch: 3, Batch: 2260, Acc: 24.11%, Loss: 1.7926
Epoch: 3, Batch: 2270, Acc: 24.11%, Loss: 1.7938
Epoch: 3, Batch: 2280, Acc: 24.11%, Loss: 1.7635
Epoch: 3, Batch: 2290, Acc: 24.12%, Loss: 1.8045
Epoch: 3, Batch: 2300, Acc: 24.12%, Loss: 1.8118
Epoch: 3, Batch: 2310, Acc: 24.13%, Loss: 1.7615
Epoch: 3, Batch: 2320, Acc: 24.14%, Loss: 1.7991
Epoch: 3, Batch: 2330, Acc: 24.13%, Loss: 1.7897
Epoch: 3, Batch: 2340, Acc: 24.14%, Loss: 1.8032
Epoch: 3, Batch: 2350, Acc: 24.14%, Loss: 1.7663
Epoch: 3, Batch: 2360, Acc: 24.14%, Loss: 1.8139
Epoch: 3, Batch: 2370, Acc: 24.14%, Loss: 1.8073
Epoch: 3, Batch: 2380, Acc: 24.13%, Loss: 1.8279
Epoch: 3, Batch: 2390, Acc: 24.13%, Loss: 1.8207
Epoch: 3, Batch: 2400, Acc: 24.14%, Loss: 1.8134
Epoch: 3, Batch: 2410, Acc: 24.14%, Loss: 1.7722
Epoch: 3, Batch: 2420, Acc: 24.13%, Loss: 1.8203
Epoch: 3, Batch: 2430, Acc: 24.13%, Loss: 1.8093
Epoch: 3, Batch: 2440, Acc: 24.14%, Loss: 1.7676
Epoch: 3, Batch: 2450, Acc: 24.14%, Loss: 1.8163
Epoch: 3, Batch: 2460, Acc: 24.13%, Loss: 1.8234
Epoch: 3, Batch: 2470, Acc: 24.13%, Loss: 1.7949
Epoch: 3, Batch: 2480, Acc: 24.14%, Loss: 1.7808
Epoch: 3, Batch: 2490, Acc: 24.14%, Loss: 1.7565
Epoch: 3, Batch: 2500, Acc: 24.15%, Loss: 1.7861
Epoch: 3, Batch: 2510, Acc: 24.15%, Loss: 1.8081
Epoch: 3, Batch: 2520, Acc: 24.16%, Loss: 1.7794
Epoch: 3, Batch: 2530, Acc: 24.17%, Loss: 1.7743
Epoch: 3, Batch: 2540, Acc: 24.18%, Loss: 1.7406
Epoch: 3, Batch: 2550, Acc: 24.18%, Loss: 1.7788
Epoch: 3, Batch: 2560, Acc: 24.17%, Loss: 1.8130
Epoch: 3, Batch: 2570, Acc: 24.17%, Loss: 1.8028
Epoch: 3, Batch: 2580, Acc: 24.16%, Loss: 1.8239
Epoch: 3, Batch: 2590, Acc: 24.16%, Loss: 1.8142
Epoch: 3, Batch: 2600, Acc: 24.17%, Loss: 1.7613
Epoch: 3, Batch: 2610, Acc: 24.16%, Loss: 1.8501
Epoch: 3, Batch: 2620, Acc: 24.15%, Loss: 1.8308
Epoch: 3, Batch: 2630, Acc: 24.13%, Loss: 1.8250
Epoch: 3, Batch: 2640, Acc: 24.12%, Loss: 1.8148
Epoch: 3, Batch: 2650, Acc: 24.12%, Loss: 1.8079
Epoch: 3, Batch: 2660, Acc: 24.12%, Loss: 1.8124
Epoch: 3, Batch: 2670, Acc: 24.12%, Loss: 1.7677
Epoch: 3, Batch: 2680, Acc: 24.13%, Loss: 1.7651
Epoch: 3, Batch: 2690, Acc: 24.13%, Loss: 1.7690
Epoch: 3, Batch: 2700, Acc: 24.14%, Loss: 1.7671
Epoch: 3, Batch: 2710, Acc: 24.14%, Loss: 1.7832
Epoch: 3, Batch: 2720, Acc: 24.13%, Loss: 1.8101
Epoch: 3, Batch: 2730, Acc: 24.13%, Loss: 1.7877
Epoch: 3, Batch: 2740, Acc: 24.14%, Loss: 1.7899
Epoch: 3, Batch: 2750, Acc: 24.14%, Loss: 1.7700
Epoch: 3, Batch: 2760, Acc: 24.14%, Loss: 1.7719
Epoch: 3, Batch: 2770, Acc: 24.14%, Loss: 1.8188
Epoch: 3, Batch: 2780, Acc: 24.14%, Loss: 1.7820
Epoch: 3, Batch: 2790, Acc: 24.14%, Loss: 1.7744
Epoch: 3, Batch: 2800, Acc: 24.13%, Loss: 1.7979
Epoch: 3, Batch: 2810, Acc: 24.14%, Loss: 1.7520
Epoch: 3, Batch: 2820, Acc: 24.13%, Loss: 1.8268
Epoch: 3, Batch: 2830, Acc: 24.12%, Loss: 1.8408
Epoch: 3, Batch: 2840, Acc: 24.12%, Loss: 1.8004
Epoch: 3, Batch: 2850, Acc: 24.14%, Loss: 1.7605
Epoch: 3, Batch: 2860, Acc: 24.14%, Loss: 1.7846
Epoch: 3, Batch: 2870, Acc: 24.15%, Loss: 1.7709
Epoch: 3, Batch: 2880, Acc: 24.14%, Loss: 1.8306
Accuracy on test set: 45.78%, Val loss: 2.2633
Epoch 3: train_loss=1.7969, val_acc=45.78, best_val_acc=45.78, es_counter=0
Epoch: 4, Batch: 10, Acc: 25.31%, Loss: 1.7942
Epoch: 4, Batch: 20, Acc: 25.16%, Loss: 1.7790
Epoch: 4, Batch: 30, Acc: 25.05%, Loss: 1.7607
Epoch: 4, Batch: 40, Acc: 25.35%, Loss: 1.7997
Epoch: 4, Batch: 50, Acc: 25.19%, Loss: 1.7888
Epoch: 4, Batch: 60, Acc: 24.40%, Loss: 1.8021
Epoch: 4, Batch: 70, Acc: 24.38%, Loss: 1.7762
Epoch: 4, Batch: 80, Acc: 24.45%, Loss: 1.8070
Epoch: 4, Batch: 90, Acc: 24.64%, Loss: 1.7611
Epoch: 4, Batch: 100, Acc: 24.53%, Loss: 1.8306
Epoch: 4, Batch: 110, Acc: 24.29%, Loss: 1.8019
Epoch: 4, Batch: 120, Acc: 24.28%, Loss: 1.8084
Epoch: 4, Batch: 130, Acc: 24.12%, Loss: 1.8333
Epoch: 4, Batch: 140, Acc: 24.17%, Loss: 1.8008
Epoch: 4, Batch: 150, Acc: 24.21%, Loss: 1.7942
Epoch: 4, Batch: 160, Acc: 24.20%, Loss: 1.7996
Epoch: 4, Batch: 170, Acc: 24.15%, Loss: 1.7964
Epoch: 4, Batch: 180, Acc: 24.20%, Loss: 1.8046
Epoch: 4, Batch: 190, Acc: 24.29%, Loss: 1.8053
Epoch: 4, Batch: 200, Acc: 24.23%, Loss: 1.7840
Epoch: 4, Batch: 210, Acc: 24.35%, Loss: 1.7616
Epoch: 4, Batch: 220, Acc: 24.30%, Loss: 1.7676
Epoch: 4, Batch: 230, Acc: 24.37%, Loss: 1.7733
Epoch: 4, Batch: 240, Acc: 24.38%, Loss: 1.8056
Epoch: 4, Batch: 250, Acc: 24.41%, Loss: 1.7884
Epoch: 4, Batch: 260, Acc: 24.44%, Loss: 1.8088
Epoch: 4, Batch: 270, Acc: 24.43%, Loss: 1.7824
Epoch: 4, Batch: 280, Acc: 24.44%, Loss: 1.7883
Epoch: 4, Batch: 290, Acc: 24.47%, Loss: 1.7739
Epoch: 4, Batch: 300, Acc: 24.46%, Loss: 1.8427
Epoch: 4, Batch: 310, Acc: 24.37%, Loss: 1.8111
Epoch: 4, Batch: 320, Acc: 24.42%, Loss: 1.7994
Epoch: 4, Batch: 330, Acc: 24.43%, Loss: 1.7967
Epoch: 4, Batch: 340, Acc: 24.42%, Loss: 1.7841
Epoch: 4, Batch: 350, Acc: 24.40%, Loss: 1.8271
Epoch: 4, Batch: 360, Acc: 24.41%, Loss: 1.7900
Epoch: 4, Batch: 370, Acc: 24.45%, Loss: 1.7843
Epoch: 4, Batch: 380, Acc: 24.44%, Loss: 1.7991
Epoch: 4, Batch: 390, Acc: 24.45%, Loss: 1.7956
Epoch: 4, Batch: 400, Acc: 24.39%, Loss: 1.8305
Epoch: 4, Batch: 410, Acc: 24.42%, Loss: 1.7576
Epoch: 4, Batch: 420, Acc: 24.44%, Loss: 1.7963
Epoch: 4, Batch: 430, Acc: 24.44%, Loss: 1.7801
Epoch: 4, Batch: 440, Acc: 24.42%, Loss: 1.7879
Epoch: 4, Batch: 450, Acc: 24.46%, Loss: 1.7601
Epoch: 4, Batch: 460, Acc: 24.49%, Loss: 1.7481
Epoch: 4, Batch: 470, Acc: 24.49%, Loss: 1.7975
Epoch: 4, Batch: 480, Acc: 24.45%, Loss: 1.8177
Epoch: 4, Batch: 490, Acc: 24.39%, Loss: 1.8063
Epoch: 4, Batch: 500, Acc: 24.42%, Loss: 1.7993
Epoch: 4, Batch: 510, Acc: 24.41%, Loss: 1.7978
Epoch: 4, Batch: 520, Acc: 24.46%, Loss: 1.7641
Epoch: 4, Batch: 530, Acc: 24.47%, Loss: 1.7836
Epoch: 4, Batch: 540, Acc: 24.48%, Loss: 1.7948
Epoch: 4, Batch: 550, Acc: 24.46%, Loss: 1.7599
Epoch: 4, Batch: 560, Acc: 24.46%, Loss: 1.8329
Epoch: 4, Batch: 570, Acc: 24.42%, Loss: 1.8006
Epoch: 4, Batch: 580, Acc: 24.46%, Loss: 1.7358
Epoch: 4, Batch: 590, Acc: 24.43%, Loss: 1.8232
Epoch: 4, Batch: 600, Acc: 24.38%, Loss: 1.8268
Epoch: 4, Batch: 610, Acc: 24.37%, Loss: 1.8296
Epoch: 4, Batch: 620, Acc: 24.37%, Loss: 1.7784
Epoch: 4, Batch: 630, Acc: 24.39%, Loss: 1.7935
Epoch: 4, Batch: 640, Acc: 24.38%, Loss: 1.8097
Epoch: 4, Batch: 650, Acc: 24.38%, Loss: 1.7697
Epoch: 4, Batch: 660, Acc: 24.43%, Loss: 1.7627
Epoch: 4, Batch: 670, Acc: 24.42%, Loss: 1.8056
Epoch: 4, Batch: 680, Acc: 24.40%, Loss: 1.7821
Epoch: 4, Batch: 690, Acc: 24.39%, Loss: 1.8174
Epoch: 4, Batch: 700, Acc: 24.38%, Loss: 1.7926
Epoch: 4, Batch: 710, Acc: 24.40%, Loss: 1.7591
Epoch: 4, Batch: 720, Acc: 24.37%, Loss: 1.8037
Epoch: 4, Batch: 730, Acc: 24.38%, Loss: 1.8186
Epoch: 4, Batch: 740, Acc: 24.37%, Loss: 1.8086
Epoch: 4, Batch: 750, Acc: 24.36%, Loss: 1.7800
Epoch: 4, Batch: 760, Acc: 24.33%, Loss: 1.8240
Epoch: 4, Batch: 770, Acc: 24.31%, Loss: 1.8115
Epoch: 4, Batch: 780, Acc: 24.28%, Loss: 1.8588
Epoch: 4, Batch: 790, Acc: 24.28%, Loss: 1.7685
Epoch: 4, Batch: 800, Acc: 24.28%, Loss: 1.8186
Epoch: 4, Batch: 810, Acc: 24.27%, Loss: 1.7858
Epoch: 4, Batch: 820, Acc: 24.26%, Loss: 1.8158
Epoch: 4, Batch: 830, Acc: 24.27%, Loss: 1.7975
Epoch: 4, Batch: 840, Acc: 24.29%, Loss: 1.7861
Epoch: 4, Batch: 850, Acc: 24.27%, Loss: 1.8435
Epoch: 4, Batch: 860, Acc: 24.27%, Loss: 1.7963
Epoch: 4, Batch: 870, Acc: 24.26%, Loss: 1.8124
Epoch: 4, Batch: 880, Acc: 24.28%, Loss: 1.7828
Epoch: 4, Batch: 890, Acc: 24.32%, Loss: 1.7687
Epoch: 4, Batch: 900, Acc: 24.34%, Loss: 1.7865
Epoch: 4, Batch: 910, Acc: 24.32%, Loss: 1.7999
Epoch: 4, Batch: 920, Acc: 24.32%, Loss: 1.8013
Epoch: 4, Batch: 930, Acc: 24.32%, Loss: 1.7788
Epoch: 4, Batch: 940, Acc: 24.32%, Loss: 1.7778
Epoch: 4, Batch: 950, Acc: 24.31%, Loss: 1.8237
Epoch: 4, Batch: 960, Acc: 24.31%, Loss: 1.8115
Epoch: 4, Batch: 970, Acc: 24.34%, Loss: 1.7642
Epoch: 4, Batch: 980, Acc: 24.28%, Loss: 1.8396
Epoch: 4, Batch: 990, Acc: 24.27%, Loss: 1.7946
Epoch: 4, Batch: 1000, Acc: 24.28%, Loss: 1.7974
Epoch: 4, Batch: 1010, Acc: 24.28%, Loss: 1.7955
Epoch: 4, Batch: 1020, Acc: 24.30%, Loss: 1.7611
Epoch: 4, Batch: 1030, Acc: 24.29%, Loss: 1.7792
Epoch: 4, Batch: 1040, Acc: 24.29%, Loss: 1.7988
Epoch: 4, Batch: 1050, Acc: 24.30%, Loss: 1.7742
Epoch: 4, Batch: 1060, Acc: 24.28%, Loss: 1.8192
Epoch: 4, Batch: 1070, Acc: 24.28%, Loss: 1.7964
Epoch: 4, Batch: 1080, Acc: 24.30%, Loss: 1.7609
Epoch: 4, Batch: 1090, Acc: 24.29%, Loss: 1.8226
Epoch: 4, Batch: 1100, Acc: 24.28%, Loss: 1.8170
Epoch: 4, Batch: 1110, Acc: 24.28%, Loss: 1.7829
Epoch: 4, Batch: 1120, Acc: 24.27%, Loss: 1.7789
Epoch: 4, Batch: 1130, Acc: 24.27%, Loss: 1.8020
Epoch: 4, Batch: 1140, Acc: 24.29%, Loss: 1.7672
Epoch: 4, Batch: 1150, Acc: 24.29%, Loss: 1.7990
Epoch: 4, Batch: 1160, Acc: 24.30%, Loss: 1.8057
Epoch: 4, Batch: 1170, Acc: 24.30%, Loss: 1.7811
Epoch: 4, Batch: 1180, Acc: 24.28%, Loss: 1.8267
Epoch: 4, Batch: 1190, Acc: 24.29%, Loss: 1.8208
Epoch: 4, Batch: 1200, Acc: 24.28%, Loss: 1.8046
Epoch: 4, Batch: 1210, Acc: 24.28%, Loss: 1.7915
Epoch: 4, Batch: 1220, Acc: 24.27%, Loss: 1.8214
Epoch: 4, Batch: 1230, Acc: 24.30%, Loss: 1.7579
Epoch: 4, Batch: 1240, Acc: 24.32%, Loss: 1.7558
Epoch: 4, Batch: 1250, Acc: 24.30%, Loss: 1.8257
Epoch: 4, Batch: 1260, Acc: 24.29%, Loss: 1.8242
Epoch: 4, Batch: 1270, Acc: 24.29%, Loss: 1.7868
Epoch: 4, Batch: 1280, Acc: 24.31%, Loss: 1.7749
Epoch: 4, Batch: 1290, Acc: 24.31%, Loss: 1.7988
Epoch: 4, Batch: 1300, Acc: 24.31%, Loss: 1.7722
Epoch: 4, Batch: 1310, Acc: 24.31%, Loss: 1.7759
Epoch: 4, Batch: 1320, Acc: 24.33%, Loss: 1.7809
Epoch: 4, Batch: 1330, Acc: 24.30%, Loss: 1.8185
Epoch: 4, Batch: 1340, Acc: 24.32%, Loss: 1.7717
Epoch: 4, Batch: 1350, Acc: 24.31%, Loss: 1.8085
Epoch: 4, Batch: 1360, Acc: 24.31%, Loss: 1.8181
Epoch: 4, Batch: 1370, Acc: 24.33%, Loss: 1.7868
Epoch: 4, Batch: 1380, Acc: 24.33%, Loss: 1.8274
Epoch: 4, Batch: 1390, Acc: 24.31%, Loss: 1.8094
Epoch: 4, Batch: 1400, Acc: 24.29%, Loss: 1.8051
Epoch: 4, Batch: 1410, Acc: 24.32%, Loss: 1.7521
Epoch: 4, Batch: 1420, Acc: 24.31%, Loss: 1.7798
Epoch: 4, Batch: 1430, Acc: 24.31%, Loss: 1.7982
Epoch: 4, Batch: 1440, Acc: 24.30%, Loss: 1.8057
Epoch: 4, Batch: 1450, Acc: 24.28%, Loss: 1.8094
Epoch: 4, Batch: 1460, Acc: 24.28%, Loss: 1.8262
Epoch: 4, Batch: 1470, Acc: 24.30%, Loss: 1.7612
Epoch: 4, Batch: 1480, Acc: 24.30%, Loss: 1.7876
Epoch: 4, Batch: 1490, Acc: 24.31%, Loss: 1.7692
Epoch: 4, Batch: 1500, Acc: 24.31%, Loss: 1.8063
Epoch: 4, Batch: 1510, Acc: 24.29%, Loss: 1.8168
Epoch: 4, Batch: 1520, Acc: 24.29%, Loss: 1.7678
Epoch: 4, Batch: 1530, Acc: 24.28%, Loss: 1.8254
Epoch: 4, Batch: 1540, Acc: 24.28%, Loss: 1.8084
Epoch: 4, Batch: 1550, Acc: 24.26%, Loss: 1.8013
Epoch: 4, Batch: 1560, Acc: 24.26%, Loss: 1.7978
Epoch: 4, Batch: 1570, Acc: 24.26%, Loss: 1.8118
Epoch: 4, Batch: 1580, Acc: 24.28%, Loss: 1.7954
Epoch: 4, Batch: 1590, Acc: 24.28%, Loss: 1.7842
Epoch: 4, Batch: 1600, Acc: 24.28%, Loss: 1.8059
Epoch: 4, Batch: 1610, Acc: 24.27%, Loss: 1.8297
Epoch: 4, Batch: 1620, Acc: 24.26%, Loss: 1.7825
Epoch: 4, Batch: 1630, Acc: 24.28%, Loss: 1.7550
Epoch: 4, Batch: 1640, Acc: 24.27%, Loss: 1.7908
Epoch: 4, Batch: 1650, Acc: 24.27%, Loss: 1.8060
Epoch: 4, Batch: 1660, Acc: 24.26%, Loss: 1.7895
Epoch: 4, Batch: 1670, Acc: 24.28%, Loss: 1.7816
Epoch: 4, Batch: 1680, Acc: 24.28%, Loss: 1.8086
Epoch: 4, Batch: 1690, Acc: 24.30%, Loss: 1.7461
Epoch: 4, Batch: 1700, Acc: 24.30%, Loss: 1.8102
Epoch: 4, Batch: 1710, Acc: 24.31%, Loss: 1.7979
Epoch: 4, Batch: 1720, Acc: 24.30%, Loss: 1.7996
Epoch: 4, Batch: 1730, Acc: 24.32%, Loss: 1.7736
Epoch: 4, Batch: 1740, Acc: 24.34%, Loss: 1.7226
Epoch: 4, Batch: 1750, Acc: 24.33%, Loss: 1.8200
Epoch: 4, Batch: 1760, Acc: 24.33%, Loss: 1.7598
Epoch: 4, Batch: 1770, Acc: 24.34%, Loss: 1.7750
Epoch: 4, Batch: 1780, Acc: 24.32%, Loss: 1.8069
Epoch: 4, Batch: 1790, Acc: 24.32%, Loss: 1.7969
Epoch: 4, Batch: 1800, Acc: 24.33%, Loss: 1.8072
Epoch: 4, Batch: 1810, Acc: 24.31%, Loss: 1.8317
Epoch: 4, Batch: 1820, Acc: 24.29%, Loss: 1.8226
Epoch: 4, Batch: 1830, Acc: 24.29%, Loss: 1.7913
Epoch: 4, Batch: 1840, Acc: 24.28%, Loss: 1.8093
Epoch: 4, Batch: 1850, Acc: 24.27%, Loss: 1.8104
Epoch: 4, Batch: 1860, Acc: 24.29%, Loss: 1.7504
Epoch: 4, Batch: 1870, Acc: 24.28%, Loss: 1.8189
Epoch: 4, Batch: 1880, Acc: 24.28%, Loss: 1.7800
Epoch: 4, Batch: 1890, Acc: 24.28%, Loss: 1.7987
Epoch: 4, Batch: 1900, Acc: 24.28%, Loss: 1.7788
Epoch: 4, Batch: 1910, Acc: 24.28%, Loss: 1.7990
Epoch: 4, Batch: 1920, Acc: 24.28%, Loss: 1.7907
Epoch: 4, Batch: 1930, Acc: 24.29%, Loss: 1.7744
Epoch: 4, Batch: 1940, Acc: 24.30%, Loss: 1.7293
Epoch: 4, Batch: 1950, Acc: 24.30%, Loss: 1.7834
Epoch: 4, Batch: 1960, Acc: 24.31%, Loss: 1.7764
Epoch: 4, Batch: 1970, Acc: 24.30%, Loss: 1.8060
Epoch: 4, Batch: 1980, Acc: 24.31%, Loss: 1.7907
Epoch: 4, Batch: 1990, Acc: 24.31%, Loss: 1.8392
Epoch: 4, Batch: 2000, Acc: 24.30%, Loss: 1.7823
Epoch: 4, Batch: 2010, Acc: 24.30%, Loss: 1.7986
Epoch: 4, Batch: 2020, Acc: 24.30%, Loss: 1.7747
Epoch: 4, Batch: 2030, Acc: 24.30%, Loss: 1.7928
Epoch: 4, Batch: 2040, Acc: 24.30%, Loss: 1.7793
Epoch: 4, Batch: 2050, Acc: 24.31%, Loss: 1.8039
Epoch: 4, Batch: 2060, Acc: 24.31%, Loss: 1.7742
Epoch: 4, Batch: 2070, Acc: 24.31%, Loss: 1.8162
Epoch: 4, Batch: 2080, Acc: 24.31%, Loss: 1.7869
Epoch: 4, Batch: 2090, Acc: 24.32%, Loss: 1.7823
Epoch: 4, Batch: 2100, Acc: 24.32%, Loss: 1.7598
Epoch: 4, Batch: 2110, Acc: 24.33%, Loss: 1.7916
Epoch: 4, Batch: 2120, Acc: 24.32%, Loss: 1.8099
Epoch: 4, Batch: 2130, Acc: 24.30%, Loss: 1.8220
Epoch: 4, Batch: 2140, Acc: 24.30%, Loss: 1.8188
Epoch: 4, Batch: 2150, Acc: 24.30%, Loss: 1.7646
Epoch: 4, Batch: 2160, Acc: 24.30%, Loss: 1.7785
Epoch: 4, Batch: 2170, Acc: 24.31%, Loss: 1.7804
Epoch: 4, Batch: 2180, Acc: 24.31%, Loss: 1.7888
Epoch: 4, Batch: 2190, Acc: 24.31%, Loss: 1.8179
Epoch: 4, Batch: 2200, Acc: 24.30%, Loss: 1.8115
Epoch: 4, Batch: 2210, Acc: 24.30%, Loss: 1.7896
Epoch: 4, Batch: 2220, Acc: 24.30%, Loss: 1.8185
Epoch: 4, Batch: 2230, Acc: 24.30%, Loss: 1.7991
Epoch: 4, Batch: 2240, Acc: 24.30%, Loss: 1.7943
Epoch: 4, Batch: 2250, Acc: 24.31%, Loss: 1.7689
Epoch: 4, Batch: 2260, Acc: 24.31%, Loss: 1.8015
Epoch: 4, Batch: 2270, Acc: 24.32%, Loss: 1.7513
Epoch: 4, Batch: 2280, Acc: 24.32%, Loss: 1.7732
Epoch: 4, Batch: 2290, Acc: 24.32%, Loss: 1.7814
Epoch: 4, Batch: 2300, Acc: 24.31%, Loss: 1.7943
Epoch: 4, Batch: 2310, Acc: 24.29%, Loss: 1.8051
Epoch: 4, Batch: 2320, Acc: 24.30%, Loss: 1.7894
Epoch: 4, Batch: 2330, Acc: 24.31%, Loss: 1.7475
Epoch: 4, Batch: 2340, Acc: 24.31%, Loss: 1.8019
Epoch: 4, Batch: 2350, Acc: 24.31%, Loss: 1.8298
Epoch: 4, Batch: 2360, Acc: 24.30%, Loss: 1.8135
Epoch: 4, Batch: 2370, Acc: 24.30%, Loss: 1.7887
Epoch: 4, Batch: 2380, Acc: 24.29%, Loss: 1.8229
Epoch: 4, Batch: 2390, Acc: 24.29%, Loss: 1.8007
Epoch: 4, Batch: 2400, Acc: 24.29%, Loss: 1.7880
Epoch: 4, Batch: 2410, Acc: 24.29%, Loss: 1.7554
Epoch: 4, Batch: 2420, Acc: 24.29%, Loss: 1.7912
Epoch: 4, Batch: 2430, Acc: 24.29%, Loss: 1.7557
Epoch: 4, Batch: 2440, Acc: 24.29%, Loss: 1.7816
Epoch: 4, Batch: 2450, Acc: 24.28%, Loss: 1.8083
Epoch: 4, Batch: 2460, Acc: 24.28%, Loss: 1.8221
Epoch: 4, Batch: 2470, Acc: 24.28%, Loss: 1.7892
Epoch: 4, Batch: 2480, Acc: 24.29%, Loss: 1.7643
Epoch: 4, Batch: 2490, Acc: 24.28%, Loss: 1.8117
Epoch: 4, Batch: 2500, Acc: 24.29%, Loss: 1.7569
Epoch: 4, Batch: 2510, Acc: 24.29%, Loss: 1.7754
Epoch: 4, Batch: 2520, Acc: 24.30%, Loss: 1.8041
Epoch: 4, Batch: 2530, Acc: 24.30%, Loss: 1.8002
Epoch: 4, Batch: 2540, Acc: 24.31%, Loss: 1.7867
Epoch: 4, Batch: 2550, Acc: 24.30%, Loss: 1.8087
Epoch: 4, Batch: 2560, Acc: 24.29%, Loss: 1.7846
Epoch: 4, Batch: 2570, Acc: 24.31%, Loss: 1.7833
Epoch: 4, Batch: 2580, Acc: 24.30%, Loss: 1.8030
Epoch: 4, Batch: 2590, Acc: 24.30%, Loss: 1.8079
Epoch: 4, Batch: 2600, Acc: 24.30%, Loss: 1.7842
Epoch: 4, Batch: 2610, Acc: 24.30%, Loss: 1.7691
Epoch: 4, Batch: 2620, Acc: 24.32%, Loss: 1.7921
Epoch: 4, Batch: 2630, Acc: 24.31%, Loss: 1.7911
Epoch: 4, Batch: 2640, Acc: 24.31%, Loss: 1.7799
Epoch: 4, Batch: 2650, Acc: 24.31%, Loss: 1.8170
Epoch: 4, Batch: 2660, Acc: 24.31%, Loss: 1.7716
Epoch: 4, Batch: 2670, Acc: 24.31%, Loss: 1.8215
Epoch: 4, Batch: 2680, Acc: 24.32%, Loss: 1.7278
Epoch: 4, Batch: 2690, Acc: 24.32%, Loss: 1.7998
Epoch: 4, Batch: 2700, Acc: 24.32%, Loss: 1.7827
Epoch: 4, Batch: 2710, Acc: 24.32%, Loss: 1.7949
Epoch: 4, Batch: 2720, Acc: 24.32%, Loss: 1.8040
Epoch: 4, Batch: 2730, Acc: 24.33%, Loss: 1.7552
Epoch: 4, Batch: 2740, Acc: 24.32%, Loss: 1.8078
Epoch: 4, Batch: 2750, Acc: 24.32%, Loss: 1.8106
Epoch: 4, Batch: 2760, Acc: 24.32%, Loss: 1.7563
Epoch: 4, Batch: 2770, Acc: 24.31%, Loss: 1.8274
Epoch: 4, Batch: 2780, Acc: 24.32%, Loss: 1.7954
Epoch: 4, Batch: 2790, Acc: 24.31%, Loss: 1.7754
Epoch: 4, Batch: 2800, Acc: 24.32%, Loss: 1.7643
Epoch: 4, Batch: 2810, Acc: 24.32%, Loss: 1.8207
Epoch: 4, Batch: 2820, Acc: 24.31%, Loss: 1.8293
Epoch: 4, Batch: 2830, Acc: 24.30%, Loss: 1.8205
Epoch: 4, Batch: 2840, Acc: 24.29%, Loss: 1.8095
Epoch: 4, Batch: 2850, Acc: 24.29%, Loss: 1.8168
Epoch: 4, Batch: 2860, Acc: 24.30%, Loss: 1.7859
Epoch: 4, Batch: 2870, Acc: 24.30%, Loss: 1.7815
Epoch: 4, Batch: 2880, Acc: 24.30%, Loss: 1.7794
Accuracy on test set: 45.94%, Val loss: 2.2633
Epoch 4: train_loss=1.7936, val_acc=45.94, best_val_acc=45.94, es_counter=0
Epoch: 5, Batch: 10, Acc: 28.59%, Loss: 1.7680
Epoch: 5, Batch: 20, Acc: 26.41%, Loss: 1.8310
Epoch: 5, Batch: 30, Acc: 25.78%, Loss: 1.8003
Epoch: 5, Batch: 40, Acc: 25.55%, Loss: 1.7647
Epoch: 5, Batch: 50, Acc: 26.12%, Loss: 1.7423
Epoch: 5, Batch: 60, Acc: 25.70%, Loss: 1.7824
Epoch: 5, Batch: 70, Acc: 25.18%, Loss: 1.8237
Epoch: 5, Batch: 80, Acc: 25.08%, Loss: 1.7851
Epoch: 5, Batch: 90, Acc: 24.83%, Loss: 1.8076
Epoch: 5, Batch: 100, Acc: 24.81%, Loss: 1.8030
Epoch: 5, Batch: 110, Acc: 24.59%, Loss: 1.7897
Epoch: 5, Batch: 120, Acc: 24.34%, Loss: 1.8408
Epoch: 5, Batch: 130, Acc: 24.39%, Loss: 1.7583
Epoch: 5, Batch: 140, Acc: 24.21%, Loss: 1.8256
Epoch: 5, Batch: 150, Acc: 24.21%, Loss: 1.7898
Epoch: 5, Batch: 160, Acc: 24.12%, Loss: 1.8102
Epoch: 5, Batch: 170, Acc: 24.14%, Loss: 1.7769
Epoch: 5, Batch: 180, Acc: 24.09%, Loss: 1.7839
Epoch: 5, Batch: 190, Acc: 24.22%, Loss: 1.7526
Epoch: 5, Batch: 200, Acc: 24.15%, Loss: 1.8053
Epoch: 5, Batch: 210, Acc: 24.06%, Loss: 1.8156
Epoch: 5, Batch: 220, Acc: 23.92%, Loss: 1.7933
Epoch: 5, Batch: 230, Acc: 23.95%, Loss: 1.7877
Epoch: 5, Batch: 240, Acc: 23.98%, Loss: 1.7962
Epoch: 5, Batch: 250, Acc: 23.95%, Loss: 1.8207
Epoch: 5, Batch: 260, Acc: 23.95%, Loss: 1.7890
Epoch: 5, Batch: 270, Acc: 23.98%, Loss: 1.8072
Epoch: 5, Batch: 280, Acc: 23.93%, Loss: 1.8037
Epoch: 5, Batch: 290, Acc: 23.97%, Loss: 1.7655
Epoch: 5, Batch: 300, Acc: 23.96%, Loss: 1.8011
Epoch: 5, Batch: 310, Acc: 23.92%, Loss: 1.8159
Epoch: 5, Batch: 320, Acc: 24.13%, Loss: 1.7240
Epoch: 5, Batch: 330, Acc: 24.12%, Loss: 1.8029
Epoch: 5, Batch: 340, Acc: 24.15%, Loss: 1.8041
Epoch: 5, Batch: 350, Acc: 24.15%, Loss: 1.8058
Epoch: 5, Batch: 360, Acc: 24.11%, Loss: 1.8152
Epoch: 5, Batch: 370, Acc: 24.10%, Loss: 1.8357
Epoch: 5, Batch: 380, Acc: 24.16%, Loss: 1.7648
Epoch: 5, Batch: 390, Acc: 24.18%, Loss: 1.7875
Epoch: 5, Batch: 400, Acc: 24.20%, Loss: 1.7702
Epoch: 5, Batch: 410, Acc: 24.20%, Loss: 1.7778
Epoch: 5, Batch: 420, Acc: 24.29%, Loss: 1.7381
Epoch: 5, Batch: 430, Acc: 24.40%, Loss: 1.7412
Epoch: 5, Batch: 440, Acc: 24.39%, Loss: 1.7966
Epoch: 5, Batch: 450, Acc: 24.40%, Loss: 1.7683
Epoch: 5, Batch: 460, Acc: 24.35%, Loss: 1.8106
Epoch: 5, Batch: 470, Acc: 24.31%, Loss: 1.8434
Epoch: 5, Batch: 480, Acc: 24.30%, Loss: 1.8020
Epoch: 5, Batch: 490, Acc: 24.29%, Loss: 1.7758
Epoch: 5, Batch: 500, Acc: 24.30%, Loss: 1.7699
Epoch: 5, Batch: 510, Acc: 24.26%, Loss: 1.7976
Epoch: 5, Batch: 520, Acc: 24.28%, Loss: 1.7975
Epoch: 5, Batch: 530, Acc: 24.28%, Loss: 1.7997
Epoch: 5, Batch: 540, Acc: 24.25%, Loss: 1.7978
Epoch: 5, Batch: 550, Acc: 24.26%, Loss: 1.7966
Epoch: 5, Batch: 560, Acc: 24.24%, Loss: 1.8036
Epoch: 5, Batch: 570, Acc: 24.32%, Loss: 1.7513
Epoch: 5, Batch: 580, Acc: 24.29%, Loss: 1.7847
Epoch: 5, Batch: 590, Acc: 24.32%, Loss: 1.7879
Epoch: 5, Batch: 600, Acc: 24.33%, Loss: 1.7859
Epoch: 5, Batch: 610, Acc: 24.33%, Loss: 1.8170
Epoch: 5, Batch: 620, Acc: 24.35%, Loss: 1.7376
Epoch: 5, Batch: 630, Acc: 24.38%, Loss: 1.7846
Epoch: 5, Batch: 640, Acc: 24.33%, Loss: 1.8331
Epoch: 5, Batch: 650, Acc: 24.32%, Loss: 1.7871
Epoch: 5, Batch: 660, Acc: 24.35%, Loss: 1.7838
Epoch: 5, Batch: 670, Acc: 24.36%, Loss: 1.7863
Epoch: 5, Batch: 680, Acc: 24.41%, Loss: 1.7536
Epoch: 5, Batch: 690, Acc: 24.41%, Loss: 1.7865
Epoch: 5, Batch: 700, Acc: 24.44%, Loss: 1.7662
Epoch: 5, Batch: 710, Acc: 24.43%, Loss: 1.7973
Epoch: 5, Batch: 720, Acc: 24.42%, Loss: 1.8029
Epoch: 5, Batch: 730, Acc: 24.39%, Loss: 1.8123
Epoch: 5, Batch: 740, Acc: 24.41%, Loss: 1.7981
Epoch: 5, Batch: 750, Acc: 24.41%, Loss: 1.7894
Epoch: 5, Batch: 760, Acc: 24.40%, Loss: 1.8005
Epoch: 5, Batch: 770, Acc: 24.41%, Loss: 1.7643
Epoch: 5, Batch: 780, Acc: 24.40%, Loss: 1.7941
Epoch: 5, Batch: 790, Acc: 24.38%, Loss: 1.7937
Epoch: 5, Batch: 800, Acc: 24.41%, Loss: 1.7797
Epoch: 5, Batch: 810, Acc: 24.44%, Loss: 1.7328
Epoch: 5, Batch: 820, Acc: 24.44%, Loss: 1.7597
Epoch: 5, Batch: 830, Acc: 24.45%, Loss: 1.7870
Epoch: 5, Batch: 840, Acc: 24.42%, Loss: 1.8033
Epoch: 5, Batch: 850, Acc: 24.42%, Loss: 1.7842
Epoch: 5, Batch: 860, Acc: 24.41%, Loss: 1.8033
Epoch: 5, Batch: 870, Acc: 24.39%, Loss: 1.8159
Epoch: 5, Batch: 880, Acc: 24.41%, Loss: 1.8161
Epoch: 5, Batch: 890, Acc: 24.41%, Loss: 1.7623
Epoch: 5, Batch: 900, Acc: 24.40%, Loss: 1.8104
Epoch: 5, Batch: 910, Acc: 24.40%, Loss: 1.7574
Epoch: 5, Batch: 920, Acc: 24.39%, Loss: 1.7746
Epoch: 5, Batch: 930, Acc: 24.39%, Loss: 1.7864
Epoch: 5, Batch: 940, Acc: 24.39%, Loss: 1.7649
Epoch: 5, Batch: 950, Acc: 24.40%, Loss: 1.7678
Epoch: 5, Batch: 960, Acc: 24.42%, Loss: 1.7906
Epoch: 5, Batch: 970, Acc: 24.42%, Loss: 1.7788
Epoch: 5, Batch: 980, Acc: 24.41%, Loss: 1.7830
Epoch: 5, Batch: 990, Acc: 24.42%, Loss: 1.7777
Epoch: 5, Batch: 1000, Acc: 24.42%, Loss: 1.7981
Epoch: 5, Batch: 1010, Acc: 24.43%, Loss: 1.7908
Epoch: 5, Batch: 1020, Acc: 24.46%, Loss: 1.7467
Epoch: 5, Batch: 1030, Acc: 24.45%, Loss: 1.7851
Epoch: 5, Batch: 1040, Acc: 24.43%, Loss: 1.8383
Epoch: 5, Batch: 1050, Acc: 24.43%, Loss: 1.7609
Epoch: 5, Batch: 1060, Acc: 24.44%, Loss: 1.7962
Epoch: 5, Batch: 1070, Acc: 24.43%, Loss: 1.8159
Epoch: 5, Batch: 1080, Acc: 24.43%, Loss: 1.8152
Epoch: 5, Batch: 1090, Acc: 24.42%, Loss: 1.7651
Epoch: 5, Batch: 1100, Acc: 24.42%, Loss: 1.8337
Epoch: 5, Batch: 1110, Acc: 24.43%, Loss: 1.7839
Epoch: 5, Batch: 1120, Acc: 24.43%, Loss: 1.8144
Epoch: 5, Batch: 1130, Acc: 24.43%, Loss: 1.8212
Epoch: 5, Batch: 1140, Acc: 24.41%, Loss: 1.8107
Epoch: 5, Batch: 1150, Acc: 24.39%, Loss: 1.7985
Epoch: 5, Batch: 1160, Acc: 24.42%, Loss: 1.7650
Epoch: 5, Batch: 1170, Acc: 24.41%, Loss: 1.8097
Epoch: 5, Batch: 1180, Acc: 24.40%, Loss: 1.7656
Epoch: 5, Batch: 1190, Acc: 24.40%, Loss: 1.8088
Epoch: 5, Batch: 1200, Acc: 24.37%, Loss: 1.8325
Epoch: 5, Batch: 1210, Acc: 24.35%, Loss: 1.8260
Epoch: 5, Batch: 1220, Acc: 24.36%, Loss: 1.7435
Epoch: 5, Batch: 1230, Acc: 24.37%, Loss: 1.7934
Epoch: 5, Batch: 1240, Acc: 24.36%, Loss: 1.8243
Epoch: 5, Batch: 1250, Acc: 24.35%, Loss: 1.7813
Epoch: 5, Batch: 1260, Acc: 24.35%, Loss: 1.7397
Epoch: 5, Batch: 1270, Acc: 24.35%, Loss: 1.8063
Epoch: 5, Batch: 1280, Acc: 24.34%, Loss: 1.8030
Epoch: 5, Batch: 1290, Acc: 24.35%, Loss: 1.8245
Epoch: 5, Batch: 1300, Acc: 24.34%, Loss: 1.7925
Epoch: 5, Batch: 1310, Acc: 24.34%, Loss: 1.7815
Epoch: 5, Batch: 1320, Acc: 24.36%, Loss: 1.7866
Epoch: 5, Batch: 1330, Acc: 24.37%, Loss: 1.7797
Epoch: 5, Batch: 1340, Acc: 24.38%, Loss: 1.7529
Epoch: 5, Batch: 1350, Acc: 24.39%, Loss: 1.7682
Epoch: 5, Batch: 1360, Acc: 24.39%, Loss: 1.8054
Epoch: 5, Batch: 1370, Acc: 24.40%, Loss: 1.7831
Epoch: 5, Batch: 1380, Acc: 24.40%, Loss: 1.7854
Epoch: 5, Batch: 1390, Acc: 24.40%, Loss: 1.7885
Epoch: 5, Batch: 1400, Acc: 24.38%, Loss: 1.7968
Epoch: 5, Batch: 1410, Acc: 24.39%, Loss: 1.7822
Epoch: 5, Batch: 1420, Acc: 24.37%, Loss: 1.8180
Epoch: 5, Batch: 1430, Acc: 24.36%, Loss: 1.8095
Epoch: 5, Batch: 1440, Acc: 24.39%, Loss: 1.7512
Epoch: 5, Batch: 1450, Acc: 24.39%, Loss: 1.7731
Epoch: 5, Batch: 1460, Acc: 24.38%, Loss: 1.8356
Epoch: 5, Batch: 1470, Acc: 24.38%, Loss: 1.8239
Epoch: 5, Batch: 1480, Acc: 24.39%, Loss: 1.8200
Epoch: 5, Batch: 1490, Acc: 24.39%, Loss: 1.7670
Epoch: 5, Batch: 1500, Acc: 24.38%, Loss: 1.8167
Epoch: 5, Batch: 1510, Acc: 24.39%, Loss: 1.7936
Epoch: 5, Batch: 1520, Acc: 24.38%, Loss: 1.8072
Epoch: 5, Batch: 1530, Acc: 24.37%, Loss: 1.7722
Epoch: 5, Batch: 1540, Acc: 24.37%, Loss: 1.7684
Epoch: 5, Batch: 1550, Acc: 24.35%, Loss: 1.8206
Epoch: 5, Batch: 1560, Acc: 24.33%, Loss: 1.8190
Epoch: 5, Batch: 1570, Acc: 24.34%, Loss: 1.7417
Epoch: 5, Batch: 1580, Acc: 24.35%, Loss: 1.7471
Epoch: 5, Batch: 1590, Acc: 24.34%, Loss: 1.8395
Epoch: 5, Batch: 1600, Acc: 24.32%, Loss: 1.8411
Epoch: 5, Batch: 1610, Acc: 24.32%, Loss: 1.8094
Epoch: 5, Batch: 1620, Acc: 24.32%, Loss: 1.7912
Epoch: 5, Batch: 1630, Acc: 24.32%, Loss: 1.8138
Epoch: 5, Batch: 1640, Acc: 24.32%, Loss: 1.7985
Epoch: 5, Batch: 1650, Acc: 24.32%, Loss: 1.7959
Epoch: 5, Batch: 1660, Acc: 24.31%, Loss: 1.8259
Epoch: 5, Batch: 1670, Acc: 24.31%, Loss: 1.7983
Epoch: 5, Batch: 1680, Acc: 24.30%, Loss: 1.8186
Epoch: 5, Batch: 1690, Acc: 24.30%, Loss: 1.7694
Epoch: 5, Batch: 1700, Acc: 24.30%, Loss: 1.8007
Epoch: 5, Batch: 1710, Acc: 24.31%, Loss: 1.8101
Epoch: 5, Batch: 1720, Acc: 24.32%, Loss: 1.7924
Epoch: 5, Batch: 1730, Acc: 24.32%, Loss: 1.7879
Epoch: 5, Batch: 1740, Acc: 24.31%, Loss: 1.8281
Epoch: 5, Batch: 1750, Acc: 24.31%, Loss: 1.7712
Epoch: 5, Batch: 1760, Acc: 24.32%, Loss: 1.7754
Epoch: 5, Batch: 1770, Acc: 24.32%, Loss: 1.8175
Epoch: 5, Batch: 1780, Acc: 24.32%, Loss: 1.7923
Epoch: 5, Batch: 1790, Acc: 24.32%, Loss: 1.8141
Epoch: 5, Batch: 1800, Acc: 24.32%, Loss: 1.8140
Epoch: 5, Batch: 1810, Acc: 24.30%, Loss: 1.8156
Epoch: 5, Batch: 1820, Acc: 24.30%, Loss: 1.8074
Epoch: 5, Batch: 1830, Acc: 24.31%, Loss: 1.7609
Epoch: 5, Batch: 1840, Acc: 24.32%, Loss: 1.7749
Epoch: 5, Batch: 1850, Acc: 24.32%, Loss: 1.7748
Epoch: 5, Batch: 1860, Acc: 24.32%, Loss: 1.7948
Epoch: 5, Batch: 1870, Acc: 24.32%, Loss: 1.8022
Epoch: 5, Batch: 1880, Acc: 24.31%, Loss: 1.8167
Epoch: 5, Batch: 1890, Acc: 24.30%, Loss: 1.7885
Epoch: 5, Batch: 1900, Acc: 24.30%, Loss: 1.7598
Epoch: 5, Batch: 1910, Acc: 24.30%, Loss: 1.8145
Epoch: 5, Batch: 1920, Acc: 24.29%, Loss: 1.7877
Epoch: 5, Batch: 1930, Acc: 24.31%, Loss: 1.7864
Epoch: 5, Batch: 1940, Acc: 24.30%, Loss: 1.8044
Epoch: 5, Batch: 1950, Acc: 24.31%, Loss: 1.7327
Epoch: 5, Batch: 1960, Acc: 24.32%, Loss: 1.7725
Epoch: 5, Batch: 1970, Acc: 24.32%, Loss: 1.7547
Epoch: 5, Batch: 1980, Acc: 24.32%, Loss: 1.8052
Epoch: 5, Batch: 1990, Acc: 24.32%, Loss: 1.7647
Epoch: 5, Batch: 2000, Acc: 24.30%, Loss: 1.8251
Epoch: 5, Batch: 2010, Acc: 24.31%, Loss: 1.7807
Epoch: 5, Batch: 2020, Acc: 24.32%, Loss: 1.8090
Epoch: 5, Batch: 2030, Acc: 24.31%, Loss: 1.7686
Epoch: 5, Batch: 2040, Acc: 24.32%, Loss: 1.7757
Epoch: 5, Batch: 2050, Acc: 24.31%, Loss: 1.7962
Epoch: 5, Batch: 2060, Acc: 24.30%, Loss: 1.7857
Epoch: 5, Batch: 2070, Acc: 24.30%, Loss: 1.8075
Epoch: 5, Batch: 2080, Acc: 24.29%, Loss: 1.8118
Epoch: 5, Batch: 2090, Acc: 24.28%, Loss: 1.8070
Epoch: 5, Batch: 2100, Acc: 24.29%, Loss: 1.7675
Epoch: 5, Batch: 2110, Acc: 24.29%, Loss: 1.7678
Epoch: 5, Batch: 2120, Acc: 24.30%, Loss: 1.7859
Epoch: 5, Batch: 2130, Acc: 24.29%, Loss: 1.8463
Epoch: 5, Batch: 2140, Acc: 24.29%, Loss: 1.7907
Epoch: 5, Batch: 2150, Acc: 24.29%, Loss: 1.7781
Epoch: 5, Batch: 2160, Acc: 24.29%, Loss: 1.7996
Epoch: 5, Batch: 2170, Acc: 24.29%, Loss: 1.7954
Epoch: 5, Batch: 2180, Acc: 24.30%, Loss: 1.7578
Epoch: 5, Batch: 2190, Acc: 24.29%, Loss: 1.7851
Epoch: 5, Batch: 2200, Acc: 24.29%, Loss: 1.8034
Epoch: 5, Batch: 2210, Acc: 24.29%, Loss: 1.7809
Epoch: 5, Batch: 2220, Acc: 24.30%, Loss: 1.7757
Epoch: 5, Batch: 2230, Acc: 24.30%, Loss: 1.7860
Epoch: 5, Batch: 2240, Acc: 24.31%, Loss: 1.8311
Epoch: 5, Batch: 2250, Acc: 24.30%, Loss: 1.8072
Epoch: 5, Batch: 2260, Acc: 24.31%, Loss: 1.7717
Epoch: 5, Batch: 2270, Acc: 24.31%, Loss: 1.7884
Epoch: 5, Batch: 2280, Acc: 24.33%, Loss: 1.7730
Epoch: 5, Batch: 2290, Acc: 24.33%, Loss: 1.7687
Epoch: 5, Batch: 2300, Acc: 24.34%, Loss: 1.7920
Epoch: 5, Batch: 2310, Acc: 24.33%, Loss: 1.7908
Epoch: 5, Batch: 2320, Acc: 24.32%, Loss: 1.8259
Epoch: 5, Batch: 2330, Acc: 24.32%, Loss: 1.7697
Epoch: 5, Batch: 2340, Acc: 24.33%, Loss: 1.7530
Epoch: 5, Batch: 2350, Acc: 24.32%, Loss: 1.8332
Epoch: 5, Batch: 2360, Acc: 24.33%, Loss: 1.7789
Epoch: 5, Batch: 2370, Acc: 24.33%, Loss: 1.7724
Epoch: 5, Batch: 2380, Acc: 24.34%, Loss: 1.7689
Epoch: 5, Batch: 2390, Acc: 24.34%, Loss: 1.7790
Epoch: 5, Batch: 2400, Acc: 24.35%, Loss: 1.7760
Epoch: 5, Batch: 2410, Acc: 24.34%, Loss: 1.8069
Epoch: 5, Batch: 2420, Acc: 24.35%, Loss: 1.7776
Epoch: 5, Batch: 2430, Acc: 24.35%, Loss: 1.8223
Epoch: 5, Batch: 2440, Acc: 24.35%, Loss: 1.7912
Epoch: 5, Batch: 2450, Acc: 24.36%, Loss: 1.7645
Epoch: 5, Batch: 2460, Acc: 24.36%, Loss: 1.7966
Epoch: 5, Batch: 2470, Acc: 24.37%, Loss: 1.7645
Epoch: 5, Batch: 2480, Acc: 24.36%, Loss: 1.7958
Epoch: 5, Batch: 2490, Acc: 24.35%, Loss: 1.8291
Epoch: 5, Batch: 2500, Acc: 24.36%, Loss: 1.7734
Epoch: 5, Batch: 2510, Acc: 24.37%, Loss: 1.7824
Epoch: 5, Batch: 2520, Acc: 24.37%, Loss: 1.7896
Epoch: 5, Batch: 2530, Acc: 24.36%, Loss: 1.7798
Epoch: 5, Batch: 2540, Acc: 24.35%, Loss: 1.7864
Epoch: 5, Batch: 2550, Acc: 24.35%, Loss: 1.7900
Epoch: 5, Batch: 2560, Acc: 24.35%, Loss: 1.7919
Epoch: 5, Batch: 2570, Acc: 24.35%, Loss: 1.7955
Epoch: 5, Batch: 2580, Acc: 24.34%, Loss: 1.7889
Epoch: 5, Batch: 2590, Acc: 24.35%, Loss: 1.7700
Epoch: 5, Batch: 2600, Acc: 24.35%, Loss: 1.7740
Epoch: 5, Batch: 2610, Acc: 24.35%, Loss: 1.7763
Epoch: 5, Batch: 2620, Acc: 24.35%, Loss: 1.7895
Epoch: 5, Batch: 2630, Acc: 24.34%, Loss: 1.8390
Epoch: 5, Batch: 2640, Acc: 24.33%, Loss: 1.7998
Epoch: 5, Batch: 2650, Acc: 24.34%, Loss: 1.7935
Epoch: 5, Batch: 2660, Acc: 24.33%, Loss: 1.8622
Epoch: 5, Batch: 2670, Acc: 24.32%, Loss: 1.8153
Epoch: 5, Batch: 2680, Acc: 24.31%, Loss: 1.8385
Epoch: 5, Batch: 2690, Acc: 24.32%, Loss: 1.8096
Epoch: 5, Batch: 2700, Acc: 24.32%, Loss: 1.8199
Epoch: 5, Batch: 2710, Acc: 24.31%, Loss: 1.7922
Epoch: 5, Batch: 2720, Acc: 24.31%, Loss: 1.8234
Epoch: 5, Batch: 2730, Acc: 24.30%, Loss: 1.7692
Epoch: 5, Batch: 2740, Acc: 24.30%, Loss: 1.7863
Epoch: 5, Batch: 2750, Acc: 24.30%, Loss: 1.7882
Epoch: 5, Batch: 2760, Acc: 24.30%, Loss: 1.7689
Epoch: 5, Batch: 2770, Acc: 24.29%, Loss: 1.8360
Epoch: 5, Batch: 2780, Acc: 24.30%, Loss: 1.7888
Epoch: 5, Batch: 2790, Acc: 24.30%, Loss: 1.7672
Epoch: 5, Batch: 2800, Acc: 24.30%, Loss: 1.7799
Epoch: 5, Batch: 2810, Acc: 24.30%, Loss: 1.7960
Epoch: 5, Batch: 2820, Acc: 24.31%, Loss: 1.7786
Epoch: 5, Batch: 2830, Acc: 24.31%, Loss: 1.7883
Epoch: 5, Batch: 2840, Acc: 24.32%, Loss: 1.7853
Epoch: 5, Batch: 2850, Acc: 24.31%, Loss: 1.8226
Epoch: 5, Batch: 2860, Acc: 24.31%, Loss: 1.7876
Epoch: 5, Batch: 2870, Acc: 24.31%, Loss: 1.7687
Epoch: 5, Batch: 2880, Acc: 24.30%, Loss: 1.8174
Accuracy on test set: 46.37%, Val loss: 2.2538
Epoch 5: train_loss=1.7918, val_acc=46.37, best_val_acc=46.37, es_counter=0
Epoch: 6, Batch: 10, Acc: 23.28%, Loss: 1.8067
Epoch: 6, Batch: 20, Acc: 22.34%, Loss: 1.7986
Epoch: 6, Batch: 30, Acc: 22.66%, Loss: 1.7849
Epoch: 6, Batch: 40, Acc: 23.48%, Loss: 1.7769
Epoch: 6, Batch: 50, Acc: 23.66%, Loss: 1.8082
Epoch: 6, Batch: 60, Acc: 24.32%, Loss: 1.7507
Epoch: 6, Batch: 70, Acc: 24.06%, Loss: 1.8226
Epoch: 6, Batch: 80, Acc: 23.85%, Loss: 1.8050
Epoch: 6, Batch: 90, Acc: 23.91%, Loss: 1.7956
Epoch: 6, Batch: 100, Acc: 23.91%, Loss: 1.7914
Epoch: 6, Batch: 110, Acc: 24.05%, Loss: 1.8140
Epoch: 6, Batch: 120, Acc: 24.01%, Loss: 1.8206
Epoch: 6, Batch: 130, Acc: 23.92%, Loss: 1.8016
Epoch: 6, Batch: 140, Acc: 23.76%, Loss: 1.8183
Epoch: 6, Batch: 150, Acc: 23.86%, Loss: 1.7922
Epoch: 6, Batch: 160, Acc: 23.75%, Loss: 1.8141
Epoch: 6, Batch: 170, Acc: 23.83%, Loss: 1.7656
Epoch: 6, Batch: 180, Acc: 23.92%, Loss: 1.7611
Epoch: 6, Batch: 190, Acc: 23.90%, Loss: 1.8107
Epoch: 6, Batch: 200, Acc: 24.00%, Loss: 1.7729
Epoch: 6, Batch: 210, Acc: 23.97%, Loss: 1.8342
Epoch: 6, Batch: 220, Acc: 24.13%, Loss: 1.7489
Epoch: 6, Batch: 230, Acc: 24.18%, Loss: 1.7992
Epoch: 6, Batch: 240, Acc: 24.28%, Loss: 1.7970
Epoch: 6, Batch: 250, Acc: 24.12%, Loss: 1.8289
Epoch: 6, Batch: 260, Acc: 24.18%, Loss: 1.7710
Epoch: 6, Batch: 270, Acc: 24.11%, Loss: 1.7845
Epoch: 6, Batch: 280, Acc: 24.12%, Loss: 1.8049
Epoch: 6, Batch: 290, Acc: 24.23%, Loss: 1.7601
Epoch: 6, Batch: 300, Acc: 24.31%, Loss: 1.7680
Epoch: 6, Batch: 310, Acc: 24.31%, Loss: 1.7800
Epoch: 6, Batch: 320, Acc: 24.30%, Loss: 1.7815
Epoch: 6, Batch: 330, Acc: 24.31%, Loss: 1.7689
Epoch: 6, Batch: 340, Acc: 24.25%, Loss: 1.7892
Epoch: 6, Batch: 350, Acc: 24.40%, Loss: 1.7453
Epoch: 6, Batch: 360, Acc: 24.34%, Loss: 1.7925
Epoch: 6, Batch: 370, Acc: 24.39%, Loss: 1.7623
Epoch: 6, Batch: 380, Acc: 24.37%, Loss: 1.8131
Epoch: 6, Batch: 390, Acc: 24.34%, Loss: 1.7910
Epoch: 6, Batch: 400, Acc: 24.35%, Loss: 1.7619
Epoch: 6, Batch: 410, Acc: 24.38%, Loss: 1.7888
Epoch: 6, Batch: 420, Acc: 24.41%, Loss: 1.7792
Epoch: 6, Batch: 430, Acc: 24.40%, Loss: 1.7804
Epoch: 6, Batch: 440, Acc: 24.42%, Loss: 1.7950
Epoch: 6, Batch: 450, Acc: 24.37%, Loss: 1.8364
Epoch: 6, Batch: 460, Acc: 24.36%, Loss: 1.7854
Epoch: 6, Batch: 470, Acc: 24.41%, Loss: 1.7700
Epoch: 6, Batch: 480, Acc: 24.39%, Loss: 1.7827
Epoch: 6, Batch: 490, Acc: 24.44%, Loss: 1.7644
Epoch: 6, Batch: 500, Acc: 24.45%, Loss: 1.7661
Epoch: 6, Batch: 510, Acc: 24.41%, Loss: 1.8479
Epoch: 6, Batch: 520, Acc: 24.43%, Loss: 1.7700
Epoch: 6, Batch: 530, Acc: 24.44%, Loss: 1.7673
Epoch: 6, Batch: 540, Acc: 24.44%, Loss: 1.7982
Epoch: 6, Batch: 550, Acc: 24.41%, Loss: 1.8207
Epoch: 6, Batch: 560, Acc: 24.42%, Loss: 1.7675
Epoch: 6, Batch: 570, Acc: 24.46%, Loss: 1.7656
Epoch: 6, Batch: 580, Acc: 24.40%, Loss: 1.8398
Epoch: 6, Batch: 590, Acc: 24.40%, Loss: 1.7933
Epoch: 6, Batch: 600, Acc: 24.39%, Loss: 1.7990
Epoch: 6, Batch: 610, Acc: 24.39%, Loss: 1.7971
Epoch: 6, Batch: 620, Acc: 24.39%, Loss: 1.7965
Epoch: 6, Batch: 630, Acc: 24.36%, Loss: 1.8130
Epoch: 6, Batch: 640, Acc: 24.34%, Loss: 1.7987
Epoch: 6, Batch: 650, Acc: 24.36%, Loss: 1.7357
Epoch: 6, Batch: 660, Acc: 24.34%, Loss: 1.8148
Epoch: 6, Batch: 670, Acc: 24.33%, Loss: 1.8276
Epoch: 6, Batch: 680, Acc: 24.38%, Loss: 1.7580
Epoch: 6, Batch: 690, Acc: 24.33%, Loss: 1.8204
Epoch: 6, Batch: 700, Acc: 24.30%, Loss: 1.8001
Epoch: 6, Batch: 710, Acc: 24.24%, Loss: 1.8539
Epoch: 6, Batch: 720, Acc: 24.26%, Loss: 1.7800
Epoch: 6, Batch: 730, Acc: 24.21%, Loss: 1.8655
Epoch: 6, Batch: 740, Acc: 24.22%, Loss: 1.7695
Epoch: 6, Batch: 750, Acc: 24.26%, Loss: 1.7670
Epoch: 6, Batch: 760, Acc: 24.26%, Loss: 1.7933
Epoch: 6, Batch: 770, Acc: 24.27%, Loss: 1.7777
Epoch: 6, Batch: 780, Acc: 24.27%, Loss: 1.7680
Epoch: 6, Batch: 790, Acc: 24.31%, Loss: 1.7577
Epoch: 6, Batch: 800, Acc: 24.33%, Loss: 1.8108
Epoch: 6, Batch: 810, Acc: 24.36%, Loss: 1.7359
Epoch: 6, Batch: 820, Acc: 24.36%, Loss: 1.7681
Epoch: 6, Batch: 830, Acc: 24.34%, Loss: 1.7991
Epoch: 6, Batch: 840, Acc: 24.38%, Loss: 1.7885
Epoch: 6, Batch: 850, Acc: 24.39%, Loss: 1.7594
Epoch: 6, Batch: 860, Acc: 24.39%, Loss: 1.8225
Epoch: 6, Batch: 870, Acc: 24.41%, Loss: 1.7535
Epoch: 6, Batch: 880, Acc: 24.41%, Loss: 1.8087
Epoch: 6, Batch: 890, Acc: 24.41%, Loss: 1.8013
Epoch: 6, Batch: 900, Acc: 24.39%, Loss: 1.8103
Epoch: 6, Batch: 910, Acc: 24.42%, Loss: 1.7480
Epoch: 6, Batch: 920, Acc: 24.43%, Loss: 1.7598
Epoch: 6, Batch: 930, Acc: 24.43%, Loss: 1.8001
Epoch: 6, Batch: 940, Acc: 24.42%, Loss: 1.8231
Epoch: 6, Batch: 950, Acc: 24.43%, Loss: 1.7770
Epoch: 6, Batch: 960, Acc: 24.39%, Loss: 1.8433
Epoch: 6, Batch: 970, Acc: 24.40%, Loss: 1.7648
Epoch: 6, Batch: 980, Acc: 24.42%, Loss: 1.7646
Epoch: 6, Batch: 990, Acc: 24.43%, Loss: 1.7770
Epoch: 6, Batch: 1000, Acc: 24.44%, Loss: 1.7820
Epoch: 6, Batch: 1010, Acc: 24.42%, Loss: 1.7976
Epoch: 6, Batch: 1020, Acc: 24.41%, Loss: 1.7939
Epoch: 6, Batch: 1030, Acc: 24.42%, Loss: 1.8075
Epoch: 6, Batch: 1040, Acc: 24.42%, Loss: 1.8071
Epoch: 6, Batch: 1050, Acc: 24.43%, Loss: 1.7777
Epoch: 6, Batch: 1060, Acc: 24.43%, Loss: 1.8145
Epoch: 6, Batch: 1070, Acc: 24.44%, Loss: 1.7636
Epoch: 6, Batch: 1080, Acc: 24.44%, Loss: 1.7816
Epoch: 6, Batch: 1090, Acc: 24.44%, Loss: 1.7998
Epoch: 6, Batch: 1100, Acc: 24.46%, Loss: 1.7715
Epoch: 6, Batch: 1110, Acc: 24.48%, Loss: 1.7781
Epoch: 6, Batch: 1120, Acc: 24.49%, Loss: 1.7642
Epoch: 6, Batch: 1130, Acc: 24.51%, Loss: 1.7397
Epoch: 6, Batch: 1140, Acc: 24.51%, Loss: 1.7666
Epoch: 6, Batch: 1150, Acc: 24.53%, Loss: 1.7754
Epoch: 6, Batch: 1160, Acc: 24.52%, Loss: 1.7800
Epoch: 6, Batch: 1170, Acc: 24.51%, Loss: 1.7958
Epoch: 6, Batch: 1180, Acc: 24.47%, Loss: 1.8507
Epoch: 6, Batch: 1190, Acc: 24.49%, Loss: 1.7253
Epoch: 6, Batch: 1200, Acc: 24.48%, Loss: 1.8081
Epoch: 6, Batch: 1210, Acc: 24.49%, Loss: 1.7916
Epoch: 6, Batch: 1220, Acc: 24.52%, Loss: 1.7360
Epoch: 6, Batch: 1230, Acc: 24.53%, Loss: 1.7759
Epoch: 6, Batch: 1240, Acc: 24.52%, Loss: 1.8303
Epoch: 6, Batch: 1250, Acc: 24.51%, Loss: 1.7994
Epoch: 6, Batch: 1260, Acc: 24.50%, Loss: 1.7886
Epoch: 6, Batch: 1270, Acc: 24.49%, Loss: 1.7823
Epoch: 6, Batch: 1280, Acc: 24.50%, Loss: 1.7731
Epoch: 6, Batch: 1290, Acc: 24.53%, Loss: 1.7221
Epoch: 6, Batch: 1300, Acc: 24.51%, Loss: 1.8105
Epoch: 6, Batch: 1310, Acc: 24.49%, Loss: 1.8117
Epoch: 6, Batch: 1320, Acc: 24.49%, Loss: 1.7913
Epoch: 6, Batch: 1330, Acc: 24.48%, Loss: 1.7862
Epoch: 6, Batch: 1340, Acc: 24.47%, Loss: 1.7872
Epoch: 6, Batch: 1350, Acc: 24.50%, Loss: 1.7765
Epoch: 6, Batch: 1360, Acc: 24.52%, Loss: 1.7667
Epoch: 6, Batch: 1370, Acc: 24.52%, Loss: 1.7679
Epoch: 6, Batch: 1380, Acc: 24.54%, Loss: 1.7641
Epoch: 6, Batch: 1390, Acc: 24.54%, Loss: 1.7712
Epoch: 6, Batch: 1400, Acc: 24.55%, Loss: 1.7838
Epoch: 6, Batch: 1410, Acc: 24.54%, Loss: 1.7967
Epoch: 6, Batch: 1420, Acc: 24.54%, Loss: 1.7891
Epoch: 6, Batch: 1430, Acc: 24.54%, Loss: 1.7970
Epoch: 6, Batch: 1440, Acc: 24.54%, Loss: 1.8007
Epoch: 6, Batch: 1450, Acc: 24.55%, Loss: 1.7505
Epoch: 6, Batch: 1460, Acc: 24.55%, Loss: 1.7783
Epoch: 6, Batch: 1470, Acc: 24.56%, Loss: 1.8042
Epoch: 6, Batch: 1480, Acc: 24.56%, Loss: 1.7984
Epoch: 6, Batch: 1490, Acc: 24.57%, Loss: 1.7960
Epoch: 6, Batch: 1500, Acc: 24.55%, Loss: 1.8407
Epoch: 6, Batch: 1510, Acc: 24.55%, Loss: 1.7531
Epoch: 6, Batch: 1520, Acc: 24.57%, Loss: 1.7877
Epoch: 6, Batch: 1530, Acc: 24.56%, Loss: 1.8169
Epoch: 6, Batch: 1540, Acc: 24.57%, Loss: 1.7723
Epoch: 6, Batch: 1550, Acc: 24.55%, Loss: 1.8228
Epoch: 6, Batch: 1560, Acc: 24.53%, Loss: 1.8110
Epoch: 6, Batch: 1570, Acc: 24.52%, Loss: 1.7975
Epoch: 6, Batch: 1580, Acc: 24.50%, Loss: 1.8263
Epoch: 6, Batch: 1590, Acc: 24.51%, Loss: 1.7856
Epoch: 6, Batch: 1600, Acc: 24.51%, Loss: 1.7693
Epoch: 6, Batch: 1610, Acc: 24.50%, Loss: 1.8018
Epoch: 6, Batch: 1620, Acc: 24.50%, Loss: 1.8204
Epoch: 6, Batch: 1630, Acc: 24.50%, Loss: 1.8265
Epoch: 6, Batch: 1640, Acc: 24.50%, Loss: 1.7653
Epoch: 6, Batch: 1650, Acc: 24.49%, Loss: 1.7968
Epoch: 6, Batch: 1660, Acc: 24.49%, Loss: 1.7899
Epoch: 6, Batch: 1670, Acc: 24.48%, Loss: 1.8181
Epoch: 6, Batch: 1680, Acc: 24.45%, Loss: 1.8180
Epoch: 6, Batch: 1690, Acc: 24.45%, Loss: 1.8059
Epoch: 6, Batch: 1700, Acc: 24.46%, Loss: 1.7727
Epoch: 6, Batch: 1710, Acc: 24.44%, Loss: 1.8284
Epoch: 6, Batch: 1720, Acc: 24.44%, Loss: 1.8038
Epoch: 6, Batch: 1730, Acc: 24.42%, Loss: 1.7986
Epoch: 6, Batch: 1740, Acc: 24.42%, Loss: 1.8119
Epoch: 6, Batch: 1750, Acc: 24.41%, Loss: 1.8327
Epoch: 6, Batch: 1760, Acc: 24.40%, Loss: 1.8001
Epoch: 6, Batch: 1770, Acc: 24.40%, Loss: 1.8276
Epoch: 6, Batch: 1780, Acc: 24.39%, Loss: 1.7944
Epoch: 6, Batch: 1790, Acc: 24.39%, Loss: 1.8351
Epoch: 6, Batch: 1800, Acc: 24.39%, Loss: 1.8081
Epoch: 6, Batch: 1810, Acc: 24.37%, Loss: 1.8498
Epoch: 6, Batch: 1820, Acc: 24.36%, Loss: 1.8015
Epoch: 6, Batch: 1830, Acc: 24.36%, Loss: 1.8030
Epoch: 6, Batch: 1840, Acc: 24.34%, Loss: 1.7936
Epoch: 6, Batch: 1850, Acc: 24.34%, Loss: 1.7882
Epoch: 6, Batch: 1860, Acc: 24.36%, Loss: 1.7401
Epoch: 6, Batch: 1870, Acc: 24.37%, Loss: 1.7605
Epoch: 6, Batch: 1880, Acc: 24.37%, Loss: 1.8088
Epoch: 6, Batch: 1890, Acc: 24.37%, Loss: 1.8115
Epoch: 6, Batch: 1900, Acc: 24.34%, Loss: 1.8226
Epoch: 6, Batch: 1910, Acc: 24.33%, Loss: 1.7950
Epoch: 6, Batch: 1920, Acc: 24.33%, Loss: 1.8164
Epoch: 6, Batch: 1930, Acc: 24.33%, Loss: 1.7938
Epoch: 6, Batch: 1940, Acc: 24.33%, Loss: 1.7799
Epoch: 6, Batch: 1950, Acc: 24.34%, Loss: 1.7952
Epoch: 6, Batch: 1960, Acc: 24.33%, Loss: 1.8493
Epoch: 6, Batch: 1970, Acc: 24.32%, Loss: 1.8135
Epoch: 6, Batch: 1980, Acc: 24.32%, Loss: 1.8008
Epoch: 6, Batch: 1990, Acc: 24.34%, Loss: 1.7699
Epoch: 6, Batch: 2000, Acc: 24.35%, Loss: 1.7744
Epoch: 6, Batch: 2010, Acc: 24.35%, Loss: 1.8013
Epoch: 6, Batch: 2020, Acc: 24.33%, Loss: 1.8186
Epoch: 6, Batch: 2030, Acc: 24.33%, Loss: 1.8025
Epoch: 6, Batch: 2040, Acc: 24.32%, Loss: 1.8319
Epoch: 6, Batch: 2050, Acc: 24.31%, Loss: 1.7916
Epoch: 6, Batch: 2060, Acc: 24.31%, Loss: 1.8004
Epoch: 6, Batch: 2070, Acc: 24.32%, Loss: 1.7722
Epoch: 6, Batch: 2080, Acc: 24.31%, Loss: 1.8405
Epoch: 6, Batch: 2090, Acc: 24.30%, Loss: 1.7843
Epoch: 6, Batch: 2100, Acc: 24.30%, Loss: 1.8024
Epoch: 6, Batch: 2110, Acc: 24.30%, Loss: 1.7879
Epoch: 6, Batch: 2120, Acc: 24.31%, Loss: 1.7850
Epoch: 6, Batch: 2130, Acc: 24.31%, Loss: 1.7926
Epoch: 6, Batch: 2140, Acc: 24.30%, Loss: 1.8141
Epoch: 6, Batch: 2150, Acc: 24.31%, Loss: 1.8104
Epoch: 6, Batch: 2160, Acc: 24.31%, Loss: 1.7716
Epoch: 6, Batch: 2170, Acc: 24.31%, Loss: 1.7862
Epoch: 6, Batch: 2180, Acc: 24.31%, Loss: 1.7801
Epoch: 6, Batch: 2190, Acc: 24.31%, Loss: 1.7813
Epoch: 6, Batch: 2200, Acc: 24.32%, Loss: 1.7754
Epoch: 6, Batch: 2210, Acc: 24.32%, Loss: 1.8287
Epoch: 6, Batch: 2220, Acc: 24.32%, Loss: 1.7928
Epoch: 6, Batch: 2230, Acc: 24.32%, Loss: 1.7930
Epoch: 6, Batch: 2240, Acc: 24.34%, Loss: 1.7644
Epoch: 6, Batch: 2250, Acc: 24.34%, Loss: 1.8153
Epoch: 6, Batch: 2260, Acc: 24.35%, Loss: 1.7852
Epoch: 6, Batch: 2270, Acc: 24.34%, Loss: 1.7948
Epoch: 6, Batch: 2280, Acc: 24.34%, Loss: 1.7772
Epoch: 6, Batch: 2290, Acc: 24.34%, Loss: 1.7670
Epoch: 6, Batch: 2300, Acc: 24.34%, Loss: 1.8157
Epoch: 6, Batch: 2310, Acc: 24.34%, Loss: 1.8125
Epoch: 6, Batch: 2320, Acc: 24.35%, Loss: 1.7722
Epoch: 6, Batch: 2330, Acc: 24.35%, Loss: 1.7890
Epoch: 6, Batch: 2340, Acc: 24.36%, Loss: 1.8097
Epoch: 6, Batch: 2350, Acc: 24.36%, Loss: 1.8053
Epoch: 6, Batch: 2360, Acc: 24.35%, Loss: 1.8185
Epoch: 6, Batch: 2370, Acc: 24.35%, Loss: 1.7417
Epoch: 6, Batch: 2380, Acc: 24.36%, Loss: 1.7763
Epoch: 6, Batch: 2390, Acc: 24.36%, Loss: 1.8175
Epoch: 6, Batch: 2400, Acc: 24.35%, Loss: 1.8433
Epoch: 6, Batch: 2410, Acc: 24.34%, Loss: 1.7552
Epoch: 6, Batch: 2420, Acc: 24.35%, Loss: 1.7589
Epoch: 6, Batch: 2430, Acc: 24.35%, Loss: 1.7860
Epoch: 6, Batch: 2440, Acc: 24.35%, Loss: 1.8055
Epoch: 6, Batch: 2450, Acc: 24.34%, Loss: 1.7739
Epoch: 6, Batch: 2460, Acc: 24.34%, Loss: 1.7705
Epoch: 6, Batch: 2470, Acc: 24.34%, Loss: 1.8000
Epoch: 6, Batch: 2480, Acc: 24.34%, Loss: 1.7892
Epoch: 6, Batch: 2490, Acc: 24.34%, Loss: 1.7248
Epoch: 6, Batch: 2500, Acc: 24.33%, Loss: 1.8349
Epoch: 6, Batch: 2510, Acc: 24.34%, Loss: 1.7711
Epoch: 6, Batch: 2520, Acc: 24.35%, Loss: 1.7703
Epoch: 6, Batch: 2530, Acc: 24.35%, Loss: 1.8059
Epoch: 6, Batch: 2540, Acc: 24.35%, Loss: 1.8100
Epoch: 6, Batch: 2550, Acc: 24.37%, Loss: 1.7204
Epoch: 6, Batch: 2560, Acc: 24.35%, Loss: 1.8177
Epoch: 6, Batch: 2570, Acc: 24.36%, Loss: 1.7779
Epoch: 6, Batch: 2580, Acc: 24.37%, Loss: 1.7821
Epoch: 6, Batch: 2590, Acc: 24.37%, Loss: 1.7864
Epoch: 6, Batch: 2600, Acc: 24.36%, Loss: 1.8076
Epoch: 6, Batch: 2610, Acc: 24.36%, Loss: 1.7982
Epoch: 6, Batch: 2620, Acc: 24.35%, Loss: 1.8214
Epoch: 6, Batch: 2630, Acc: 24.35%, Loss: 1.7704
Epoch: 6, Batch: 2640, Acc: 24.34%, Loss: 1.8093
Epoch: 6, Batch: 2650, Acc: 24.35%, Loss: 1.7606
Epoch: 6, Batch: 2660, Acc: 24.34%, Loss: 1.8303
Epoch: 6, Batch: 2670, Acc: 24.34%, Loss: 1.7638
Epoch: 6, Batch: 2680, Acc: 24.34%, Loss: 1.8117
Epoch: 6, Batch: 2690, Acc: 24.34%, Loss: 1.7925
Epoch: 6, Batch: 2700, Acc: 24.35%, Loss: 1.7794
Epoch: 6, Batch: 2710, Acc: 24.35%, Loss: 1.7903
Epoch: 6, Batch: 2720, Acc: 24.35%, Loss: 1.7501
Epoch: 6, Batch: 2730, Acc: 24.36%, Loss: 1.7474
Epoch: 6, Batch: 2740, Acc: 24.37%, Loss: 1.7571
Epoch: 6, Batch: 2750, Acc: 24.37%, Loss: 1.8275
Epoch: 6, Batch: 2760, Acc: 24.37%, Loss: 1.8029
Epoch: 6, Batch: 2770, Acc: 24.37%, Loss: 1.7934
Epoch: 6, Batch: 2780, Acc: 24.37%, Loss: 1.7812
Epoch: 6, Batch: 2790, Acc: 24.38%, Loss: 1.7547
Epoch: 6, Batch: 2800, Acc: 24.37%, Loss: 1.8010
Epoch: 6, Batch: 2810, Acc: 24.38%, Loss: 1.7440
Epoch: 6, Batch: 2820, Acc: 24.38%, Loss: 1.7724
Epoch: 6, Batch: 2830, Acc: 24.39%, Loss: 1.7510
Epoch: 6, Batch: 2840, Acc: 24.39%, Loss: 1.7698
Epoch: 6, Batch: 2850, Acc: 24.39%, Loss: 1.7778
Epoch: 6, Batch: 2860, Acc: 24.39%, Loss: 1.7472
Epoch: 6, Batch: 2870, Acc: 24.40%, Loss: 1.7603
Epoch: 6, Batch: 2880, Acc: 24.40%, Loss: 1.7777
Accuracy on test set: 45.93%, Val loss: 2.2374
Epoch 6: train_loss=1.7905, val_acc=45.93, best_val_acc=46.37, es_counter=1
Epoch: 7, Batch: 10, Acc: 26.88%, Loss: 1.7481
Epoch: 7, Batch: 20, Acc: 23.91%, Loss: 1.8314
Epoch: 7, Batch: 30, Acc: 24.11%, Loss: 1.8062
Epoch: 7, Batch: 40, Acc: 23.79%, Loss: 1.8283
Epoch: 7, Batch: 50, Acc: 24.16%, Loss: 1.7612
Epoch: 7, Batch: 60, Acc: 24.19%, Loss: 1.7730
Epoch: 7, Batch: 70, Acc: 24.17%, Loss: 1.7852
Epoch: 7, Batch: 80, Acc: 24.32%, Loss: 1.7887
Epoch: 7, Batch: 90, Acc: 24.31%, Loss: 1.8082
Epoch: 7, Batch: 100, Acc: 24.41%, Loss: 1.7921
Epoch: 7, Batch: 110, Acc: 24.69%, Loss: 1.7740
Epoch: 7, Batch: 120, Acc: 24.65%, Loss: 1.8045
Epoch: 7, Batch: 130, Acc: 24.60%, Loss: 1.8257
Epoch: 7, Batch: 140, Acc: 24.55%, Loss: 1.7807
Epoch: 7, Batch: 150, Acc: 24.60%, Loss: 1.7600
Epoch: 7, Batch: 160, Acc: 24.49%, Loss: 1.8133
Epoch: 7, Batch: 170, Acc: 24.53%, Loss: 1.7756
Epoch: 7, Batch: 180, Acc: 24.51%, Loss: 1.7905
Epoch: 7, Batch: 190, Acc: 24.66%, Loss: 1.7647
Epoch: 7, Batch: 200, Acc: 24.51%, Loss: 1.8266
Epoch: 7, Batch: 210, Acc: 24.60%, Loss: 1.7852
Epoch: 7, Batch: 220, Acc: 24.58%, Loss: 1.8313
Epoch: 7, Batch: 230, Acc: 24.70%, Loss: 1.7483
Epoch: 7, Batch: 240, Acc: 24.59%, Loss: 1.8143
Epoch: 7, Batch: 250, Acc: 24.62%, Loss: 1.8027
Epoch: 7, Batch: 260, Acc: 24.57%, Loss: 1.7867
Epoch: 7, Batch: 270, Acc: 24.53%, Loss: 1.8244
Epoch: 7, Batch: 280, Acc: 24.51%, Loss: 1.7661
Epoch: 7, Batch: 290, Acc: 24.48%, Loss: 1.8128
Epoch: 7, Batch: 300, Acc: 24.41%, Loss: 1.8434
Epoch: 7, Batch: 310, Acc: 24.33%, Loss: 1.7966
Epoch: 7, Batch: 320, Acc: 24.28%, Loss: 1.8324
Epoch: 7, Batch: 330, Acc: 24.32%, Loss: 1.7788
Epoch: 7, Batch: 340, Acc: 24.26%, Loss: 1.8136
Epoch: 7, Batch: 350, Acc: 24.34%, Loss: 1.7716
Epoch: 7, Batch: 360, Acc: 24.38%, Loss: 1.7572
Epoch: 7, Batch: 370, Acc: 24.33%, Loss: 1.8109
Epoch: 7, Batch: 380, Acc: 24.28%, Loss: 1.7965
Epoch: 7, Batch: 390, Acc: 24.33%, Loss: 1.7981
Epoch: 7, Batch: 400, Acc: 24.31%, Loss: 1.7948
Epoch: 7, Batch: 410, Acc: 24.31%, Loss: 1.7711
Epoch: 7, Batch: 420, Acc: 24.29%, Loss: 1.8031
Epoch: 7, Batch: 430, Acc: 24.24%, Loss: 1.7915
Epoch: 7, Batch: 440, Acc: 24.35%, Loss: 1.7446
Epoch: 7, Batch: 450, Acc: 24.33%, Loss: 1.8090
Epoch: 7, Batch: 460, Acc: 24.38%, Loss: 1.7217
Epoch: 7, Batch: 470, Acc: 24.33%, Loss: 1.8373
Epoch: 7, Batch: 480, Acc: 24.38%, Loss: 1.7539
Epoch: 7, Batch: 490, Acc: 24.41%, Loss: 1.7679
Epoch: 7, Batch: 500, Acc: 24.37%, Loss: 1.8185
Epoch: 7, Batch: 510, Acc: 24.31%, Loss: 1.8079
Epoch: 7, Batch: 520, Acc: 24.29%, Loss: 1.7888
Epoch: 7, Batch: 530, Acc: 24.33%, Loss: 1.8054
Epoch: 7, Batch: 540, Acc: 24.31%, Loss: 1.7712
Epoch: 7, Batch: 550, Acc: 24.30%, Loss: 1.8050
Epoch: 7, Batch: 560, Acc: 24.31%, Loss: 1.7939
Epoch: 7, Batch: 570, Acc: 24.33%, Loss: 1.7506
Epoch: 7, Batch: 580, Acc: 24.28%, Loss: 1.8294
Epoch: 7, Batch: 590, Acc: 24.24%, Loss: 1.8585
Epoch: 7, Batch: 600, Acc: 24.22%, Loss: 1.7815
Epoch: 7, Batch: 610, Acc: 24.20%, Loss: 1.7731
Epoch: 7, Batch: 620, Acc: 24.18%, Loss: 1.8190
Epoch: 7, Batch: 630, Acc: 24.18%, Loss: 1.7949
Epoch: 7, Batch: 640, Acc: 24.20%, Loss: 1.7806
Epoch: 7, Batch: 650, Acc: 24.19%, Loss: 1.7907
Epoch: 7, Batch: 660, Acc: 24.19%, Loss: 1.8188
Epoch: 7, Batch: 670, Acc: 24.24%, Loss: 1.7613
Epoch: 7, Batch: 680, Acc: 24.23%, Loss: 1.7501
Epoch: 7, Batch: 690, Acc: 24.23%, Loss: 1.7963
Epoch: 7, Batch: 700, Acc: 24.21%, Loss: 1.8116
Epoch: 7, Batch: 710, Acc: 24.25%, Loss: 1.8049
Epoch: 7, Batch: 720, Acc: 24.30%, Loss: 1.7440
Epoch: 7, Batch: 730, Acc: 24.33%, Loss: 1.7428
Epoch: 7, Batch: 740, Acc: 24.36%, Loss: 1.7621
Epoch: 7, Batch: 750, Acc: 24.33%, Loss: 1.8208
Epoch: 7, Batch: 760, Acc: 24.36%, Loss: 1.7883
Epoch: 7, Batch: 770, Acc: 24.35%, Loss: 1.8010
Epoch: 7, Batch: 780, Acc: 24.38%, Loss: 1.7862
Epoch: 7, Batch: 790, Acc: 24.38%, Loss: 1.7966
Epoch: 7, Batch: 800, Acc: 24.38%, Loss: 1.7702
Epoch: 7, Batch: 810, Acc: 24.38%, Loss: 1.8017
Epoch: 7, Batch: 820, Acc: 24.41%, Loss: 1.7478
Epoch: 7, Batch: 830, Acc: 24.41%, Loss: 1.7960
Epoch: 7, Batch: 840, Acc: 24.40%, Loss: 1.8325
Epoch: 7, Batch: 850, Acc: 24.40%, Loss: 1.8031
Epoch: 7, Batch: 860, Acc: 24.39%, Loss: 1.7982
Epoch: 7, Batch: 870, Acc: 24.38%, Loss: 1.7820
Epoch: 7, Batch: 880, Acc: 24.37%, Loss: 1.7978
Epoch: 7, Batch: 890, Acc: 24.41%, Loss: 1.7126
Epoch: 7, Batch: 900, Acc: 24.42%, Loss: 1.8008
Epoch: 7, Batch: 910, Acc: 24.46%, Loss: 1.7658
Epoch: 7, Batch: 920, Acc: 24.46%, Loss: 1.7771
Epoch: 7, Batch: 930, Acc: 24.48%, Loss: 1.7678
Epoch: 7, Batch: 940, Acc: 24.48%, Loss: 1.7760
Epoch: 7, Batch: 950, Acc: 24.49%, Loss: 1.7743
Epoch: 7, Batch: 960, Acc: 24.48%, Loss: 1.7896
Epoch: 7, Batch: 970, Acc: 24.44%, Loss: 1.8450
Epoch: 7, Batch: 980, Acc: 24.45%, Loss: 1.7620
Epoch: 7, Batch: 990, Acc: 24.46%, Loss: 1.8104
Epoch: 7, Batch: 1000, Acc: 24.46%, Loss: 1.7977
Epoch: 7, Batch: 1010, Acc: 24.48%, Loss: 1.7781
Epoch: 7, Batch: 1020, Acc: 24.45%, Loss: 1.8010
Epoch: 7, Batch: 1030, Acc: 24.46%, Loss: 1.8011
Epoch: 7, Batch: 1040, Acc: 24.47%, Loss: 1.7866
Epoch: 7, Batch: 1050, Acc: 24.46%, Loss: 1.8077
Epoch: 7, Batch: 1060, Acc: 24.44%, Loss: 1.8131
Epoch: 7, Batch: 1070, Acc: 24.43%, Loss: 1.7820
Epoch: 7, Batch: 1080, Acc: 24.42%, Loss: 1.8066
Epoch: 7, Batch: 1090, Acc: 24.41%, Loss: 1.7944
Epoch: 7, Batch: 1100, Acc: 24.43%, Loss: 1.7908
Epoch: 7, Batch: 1110, Acc: 24.40%, Loss: 1.8079
Epoch: 7, Batch: 1120, Acc: 24.42%, Loss: 1.7825
Epoch: 7, Batch: 1130, Acc: 24.40%, Loss: 1.8077
Epoch: 7, Batch: 1140, Acc: 24.40%, Loss: 1.7650
Epoch: 7, Batch: 1150, Acc: 24.40%, Loss: 1.7442
Epoch: 7, Batch: 1160, Acc: 24.40%, Loss: 1.7848
Epoch: 7, Batch: 1170, Acc: 24.40%, Loss: 1.7944
Epoch: 7, Batch: 1180, Acc: 24.40%, Loss: 1.8070
Epoch: 7, Batch: 1190, Acc: 24.39%, Loss: 1.7794
Epoch: 7, Batch: 1200, Acc: 24.38%, Loss: 1.7881
Epoch: 7, Batch: 1210, Acc: 24.37%, Loss: 1.8148
Epoch: 7, Batch: 1220, Acc: 24.40%, Loss: 1.7601
Epoch: 7, Batch: 1230, Acc: 24.40%, Loss: 1.7857
Epoch: 7, Batch: 1240, Acc: 24.38%, Loss: 1.8302
Epoch: 7, Batch: 1250, Acc: 24.38%, Loss: 1.7649
Epoch: 7, Batch: 1260, Acc: 24.38%, Loss: 1.8290
Epoch: 7, Batch: 1270, Acc: 24.34%, Loss: 1.8718
Epoch: 7, Batch: 1280, Acc: 24.37%, Loss: 1.6918
Epoch: 7, Batch: 1290, Acc: 24.37%, Loss: 1.7724
Epoch: 7, Batch: 1300, Acc: 24.37%, Loss: 1.7749
Epoch: 7, Batch: 1310, Acc: 24.37%, Loss: 1.7792
Epoch: 7, Batch: 1320, Acc: 24.36%, Loss: 1.8057
Epoch: 7, Batch: 1330, Acc: 24.37%, Loss: 1.7482
Epoch: 7, Batch: 1340, Acc: 24.36%, Loss: 1.7963
Epoch: 7, Batch: 1350, Acc: 24.36%, Loss: 1.8171
Epoch: 7, Batch: 1360, Acc: 24.36%, Loss: 1.7908
Epoch: 7, Batch: 1370, Acc: 24.36%, Loss: 1.7995
Epoch: 7, Batch: 1380, Acc: 24.33%, Loss: 1.8245
Epoch: 7, Batch: 1390, Acc: 24.33%, Loss: 1.7916
Epoch: 7, Batch: 1400, Acc: 24.31%, Loss: 1.8384
Epoch: 7, Batch: 1410, Acc: 24.31%, Loss: 1.7826
Epoch: 7, Batch: 1420, Acc: 24.34%, Loss: 1.7777
Epoch: 7, Batch: 1430, Acc: 24.35%, Loss: 1.7882
Epoch: 7, Batch: 1440, Acc: 24.35%, Loss: 1.7981
Epoch: 7, Batch: 1450, Acc: 24.34%, Loss: 1.8094
Epoch: 7, Batch: 1460, Acc: 24.32%, Loss: 1.7959
Epoch: 7, Batch: 1470, Acc: 24.31%, Loss: 1.8171
Epoch: 7, Batch: 1480, Acc: 24.30%, Loss: 1.8051
Epoch: 7, Batch: 1490, Acc: 24.30%, Loss: 1.7804
Epoch: 7, Batch: 1500, Acc: 24.27%, Loss: 1.8273
Epoch: 7, Batch: 1510, Acc: 24.27%, Loss: 1.8226
Epoch: 7, Batch: 1520, Acc: 24.28%, Loss: 1.7899
Epoch: 7, Batch: 1530, Acc: 24.27%, Loss: 1.8294
Epoch: 7, Batch: 1540, Acc: 24.29%, Loss: 1.7948
Epoch: 7, Batch: 1550, Acc: 24.28%, Loss: 1.7833
Epoch: 7, Batch: 1560, Acc: 24.30%, Loss: 1.7532
Epoch: 7, Batch: 1570, Acc: 24.30%, Loss: 1.8061
Epoch: 7, Batch: 1580, Acc: 24.30%, Loss: 1.8085
Epoch: 7, Batch: 1590, Acc: 24.29%, Loss: 1.8217
Epoch: 7, Batch: 1600, Acc: 24.30%, Loss: 1.7866
Epoch: 7, Batch: 1610, Acc: 24.30%, Loss: 1.7848
Epoch: 7, Batch: 1620, Acc: 24.32%, Loss: 1.7987
Epoch: 7, Batch: 1630, Acc: 24.31%, Loss: 1.7928
Epoch: 7, Batch: 1640, Acc: 24.31%, Loss: 1.8210
Epoch: 7, Batch: 1650, Acc: 24.30%, Loss: 1.8258
Epoch: 7, Batch: 1660, Acc: 24.29%, Loss: 1.7990
Epoch: 7, Batch: 1670, Acc: 24.30%, Loss: 1.7793
Epoch: 7, Batch: 1680, Acc: 24.31%, Loss: 1.7669
Epoch: 7, Batch: 1690, Acc: 24.32%, Loss: 1.7540
Epoch: 7, Batch: 1700, Acc: 24.31%, Loss: 1.8109
Epoch: 7, Batch: 1710, Acc: 24.31%, Loss: 1.7793
Epoch: 7, Batch: 1720, Acc: 24.31%, Loss: 1.8162
Epoch: 7, Batch: 1730, Acc: 24.31%, Loss: 1.7762
Epoch: 7, Batch: 1740, Acc: 24.31%, Loss: 1.7665
Epoch: 7, Batch: 1750, Acc: 24.32%, Loss: 1.7704
Epoch: 7, Batch: 1760, Acc: 24.33%, Loss: 1.8123
Epoch: 7, Batch: 1770, Acc: 24.32%, Loss: 1.7712
Epoch: 7, Batch: 1780, Acc: 24.32%, Loss: 1.8013
Epoch: 7, Batch: 1790, Acc: 24.32%, Loss: 1.7725
Epoch: 7, Batch: 1800, Acc: 24.32%, Loss: 1.8200
Epoch: 7, Batch: 1810, Acc: 24.30%, Loss: 1.8112
Epoch: 7, Batch: 1820, Acc: 24.31%, Loss: 1.7717
Epoch: 7, Batch: 1830, Acc: 24.33%, Loss: 1.7387
Epoch: 7, Batch: 1840, Acc: 24.32%, Loss: 1.8102
Epoch: 7, Batch: 1850, Acc: 24.32%, Loss: 1.8076
Epoch: 7, Batch: 1860, Acc: 24.32%, Loss: 1.7766
Epoch: 7, Batch: 1870, Acc: 24.31%, Loss: 1.8327
Epoch: 7, Batch: 1880, Acc: 24.30%, Loss: 1.8241
Epoch: 7, Batch: 1890, Acc: 24.30%, Loss: 1.7878
Epoch: 7, Batch: 1900, Acc: 24.30%, Loss: 1.7672
Epoch: 7, Batch: 1910, Acc: 24.31%, Loss: 1.7797
Epoch: 7, Batch: 1920, Acc: 24.32%, Loss: 1.7498
Epoch: 7, Batch: 1930, Acc: 24.32%, Loss: 1.7806
Epoch: 7, Batch: 1940, Acc: 24.33%, Loss: 1.7824
Epoch: 7, Batch: 1950, Acc: 24.32%, Loss: 1.8111
Epoch: 7, Batch: 1960, Acc: 24.33%, Loss: 1.7498
Epoch: 7, Batch: 1970, Acc: 24.32%, Loss: 1.7679
Epoch: 7, Batch: 1980, Acc: 24.33%, Loss: 1.7876
Epoch: 7, Batch: 1990, Acc: 24.32%, Loss: 1.7950
Epoch: 7, Batch: 2000, Acc: 24.32%, Loss: 1.8018
Epoch: 7, Batch: 2010, Acc: 24.33%, Loss: 1.7398
Epoch: 7, Batch: 2020, Acc: 24.34%, Loss: 1.7910
Epoch: 7, Batch: 2030, Acc: 24.34%, Loss: 1.8341
Epoch: 7, Batch: 2040, Acc: 24.34%, Loss: 1.7999
Epoch: 7, Batch: 2050, Acc: 24.34%, Loss: 1.7870
Epoch: 7, Batch: 2060, Acc: 24.34%, Loss: 1.7816
Epoch: 7, Batch: 2070, Acc: 24.35%, Loss: 1.7586
Epoch: 7, Batch: 2080, Acc: 24.35%, Loss: 1.8010
Epoch: 7, Batch: 2090, Acc: 24.34%, Loss: 1.8089
Epoch: 7, Batch: 2100, Acc: 24.33%, Loss: 1.7960
Epoch: 7, Batch: 2110, Acc: 24.33%, Loss: 1.8185
Epoch: 7, Batch: 2120, Acc: 24.31%, Loss: 1.8537
Epoch: 7, Batch: 2130, Acc: 24.32%, Loss: 1.7405
Epoch: 7, Batch: 2140, Acc: 24.33%, Loss: 1.7661
Epoch: 7, Batch: 2150, Acc: 24.33%, Loss: 1.7951
Epoch: 7, Batch: 2160, Acc: 24.34%, Loss: 1.7612
Epoch: 7, Batch: 2170, Acc: 24.35%, Loss: 1.7869
Epoch: 7, Batch: 2180, Acc: 24.35%, Loss: 1.7904
Epoch: 7, Batch: 2190, Acc: 24.37%, Loss: 1.7281
Epoch: 7, Batch: 2200, Acc: 24.37%, Loss: 1.7983
Epoch: 7, Batch: 2210, Acc: 24.36%, Loss: 1.8066
Epoch: 7, Batch: 2220, Acc: 24.36%, Loss: 1.7788
Epoch: 7, Batch: 2230, Acc: 24.35%, Loss: 1.8248
Epoch: 7, Batch: 2240, Acc: 24.36%, Loss: 1.7812
Epoch: 7, Batch: 2250, Acc: 24.35%, Loss: 1.8076
Epoch: 7, Batch: 2260, Acc: 24.35%, Loss: 1.7720
Epoch: 7, Batch: 2270, Acc: 24.34%, Loss: 1.7782
Epoch: 7, Batch: 2280, Acc: 24.34%, Loss: 1.7759
Epoch: 7, Batch: 2290, Acc: 24.34%, Loss: 1.7848
Epoch: 7, Batch: 2300, Acc: 24.34%, Loss: 1.7720
Epoch: 7, Batch: 2310, Acc: 24.33%, Loss: 1.8143
Epoch: 7, Batch: 2320, Acc: 24.33%, Loss: 1.7530
Epoch: 7, Batch: 2330, Acc: 24.32%, Loss: 1.8238
Epoch: 7, Batch: 2340, Acc: 24.31%, Loss: 1.8378
Epoch: 7, Batch: 2350, Acc: 24.31%, Loss: 1.7911
Epoch: 7, Batch: 2360, Acc: 24.31%, Loss: 1.7469
Epoch: 7, Batch: 2370, Acc: 24.31%, Loss: 1.7666
Epoch: 7, Batch: 2380, Acc: 24.30%, Loss: 1.7940
Epoch: 7, Batch: 2390, Acc: 24.29%, Loss: 1.8495
Epoch: 7, Batch: 2400, Acc: 24.29%, Loss: 1.7774
Epoch: 7, Batch: 2410, Acc: 24.30%, Loss: 1.7871
Epoch: 7, Batch: 2420, Acc: 24.30%, Loss: 1.8129
Epoch: 7, Batch: 2430, Acc: 24.30%, Loss: 1.7649
Epoch: 7, Batch: 2440, Acc: 24.29%, Loss: 1.7970
Epoch: 7, Batch: 2450, Acc: 24.28%, Loss: 1.8387
Epoch: 7, Batch: 2460, Acc: 24.29%, Loss: 1.7553
Epoch: 7, Batch: 2470, Acc: 24.30%, Loss: 1.7966
Epoch: 7, Batch: 2480, Acc: 24.30%, Loss: 1.7910
Epoch: 7, Batch: 2490, Acc: 24.31%, Loss: 1.7492
Epoch: 7, Batch: 2500, Acc: 24.31%, Loss: 1.7951
Epoch: 7, Batch: 2510, Acc: 24.32%, Loss: 1.7632
Epoch: 7, Batch: 2520, Acc: 24.31%, Loss: 1.7920
Epoch: 7, Batch: 2530, Acc: 24.32%, Loss: 1.7650
Epoch: 7, Batch: 2540, Acc: 24.32%, Loss: 1.7576
Epoch: 7, Batch: 2550, Acc: 24.33%, Loss: 1.7654
Epoch: 7, Batch: 2560, Acc: 24.33%, Loss: 1.7766
Epoch: 7, Batch: 2570, Acc: 24.33%, Loss: 1.7970
Epoch: 7, Batch: 2580, Acc: 24.33%, Loss: 1.7727
Epoch: 7, Batch: 2590, Acc: 24.33%, Loss: 1.7530
Epoch: 7, Batch: 2600, Acc: 24.34%, Loss: 1.7761
Epoch: 7, Batch: 2610, Acc: 24.34%, Loss: 1.7185
Epoch: 7, Batch: 2620, Acc: 24.35%, Loss: 1.7434
Epoch: 7, Batch: 2630, Acc: 24.36%, Loss: 1.7818
Epoch: 7, Batch: 2640, Acc: 24.35%, Loss: 1.7830
Epoch: 7, Batch: 2650, Acc: 24.37%, Loss: 1.7482
Epoch: 7, Batch: 2660, Acc: 24.37%, Loss: 1.7747
Epoch: 7, Batch: 2670, Acc: 24.37%, Loss: 1.8084
Epoch: 7, Batch: 2680, Acc: 24.36%, Loss: 1.8242
Epoch: 7, Batch: 2690, Acc: 24.36%, Loss: 1.7771
Epoch: 7, Batch: 2700, Acc: 24.36%, Loss: 1.7834
Epoch: 7, Batch: 2710, Acc: 24.37%, Loss: 1.7540
Epoch: 7, Batch: 2720, Acc: 24.36%, Loss: 1.8124
Epoch: 7, Batch: 2730, Acc: 24.36%, Loss: 1.7773
Epoch: 7, Batch: 2740, Acc: 24.37%, Loss: 1.7915
Epoch: 7, Batch: 2750, Acc: 24.36%, Loss: 1.8044
Epoch: 7, Batch: 2760, Acc: 24.36%, Loss: 1.8048
Epoch: 7, Batch: 2770, Acc: 24.36%, Loss: 1.8184
Epoch: 7, Batch: 2780, Acc: 24.36%, Loss: 1.7818
Epoch: 7, Batch: 2790, Acc: 24.35%, Loss: 1.8327
Epoch: 7, Batch: 2800, Acc: 24.36%, Loss: 1.7808
Epoch: 7, Batch: 2810, Acc: 24.35%, Loss: 1.8026
Epoch: 7, Batch: 2820, Acc: 24.36%, Loss: 1.7914
Epoch: 7, Batch: 2830, Acc: 24.37%, Loss: 1.7919
Epoch: 7, Batch: 2840, Acc: 24.36%, Loss: 1.7716
Epoch: 7, Batch: 2850, Acc: 24.37%, Loss: 1.8086
Epoch: 7, Batch: 2860, Acc: 24.37%, Loss: 1.8056
Epoch: 7, Batch: 2870, Acc: 24.38%, Loss: 1.7784
Epoch: 7, Batch: 2880, Acc: 24.39%, Loss: 1.7481
Accuracy on test set: 46.23%, Val loss: 2.2405
Epoch 7: train_loss=1.7899, val_acc=46.23, best_val_acc=46.37, es_counter=2
Epoch: 8, Batch: 10, Acc: 23.75%, Loss: 1.7896
Epoch: 8, Batch: 20, Acc: 24.06%, Loss: 1.7973
Epoch: 8, Batch: 30, Acc: 25.47%, Loss: 1.7229
Epoch: 8, Batch: 40, Acc: 24.88%, Loss: 1.8396
Epoch: 8, Batch: 50, Acc: 25.31%, Loss: 1.7529
Epoch: 8, Batch: 60, Acc: 25.62%, Loss: 1.7620
Epoch: 8, Batch: 70, Acc: 25.36%, Loss: 1.7972
Epoch: 8, Batch: 80, Acc: 25.14%, Loss: 1.8150
Epoch: 8, Batch: 90, Acc: 25.35%, Loss: 1.7369
Epoch: 8, Batch: 100, Acc: 25.53%, Loss: 1.7364
Epoch: 8, Batch: 110, Acc: 25.38%, Loss: 1.7848
Epoch: 8, Batch: 120, Acc: 25.51%, Loss: 1.7394
Epoch: 8, Batch: 130, Acc: 25.53%, Loss: 1.7738
Epoch: 8, Batch: 140, Acc: 25.45%, Loss: 1.7755
Epoch: 8, Batch: 150, Acc: 25.42%, Loss: 1.7759
Epoch: 8, Batch: 160, Acc: 25.28%, Loss: 1.7865
Epoch: 8, Batch: 170, Acc: 25.07%, Loss: 1.8149
Epoch: 8, Batch: 180, Acc: 25.03%, Loss: 1.7523
Epoch: 8, Batch: 190, Acc: 24.90%, Loss: 1.8507
Epoch: 8, Batch: 200, Acc: 24.85%, Loss: 1.7894
Epoch: 8, Batch: 210, Acc: 24.87%, Loss: 1.7916
Epoch: 8, Batch: 220, Acc: 24.86%, Loss: 1.7853
Epoch: 8, Batch: 230, Acc: 24.84%, Loss: 1.7792
Epoch: 8, Batch: 240, Acc: 24.87%, Loss: 1.8005
Epoch: 8, Batch: 250, Acc: 24.79%, Loss: 1.8059
Epoch: 8, Batch: 260, Acc: 24.73%, Loss: 1.7845
Epoch: 8, Batch: 270, Acc: 24.66%, Loss: 1.7833
Epoch: 8, Batch: 280, Acc: 24.62%, Loss: 1.7813
Epoch: 8, Batch: 290, Acc: 24.57%, Loss: 1.8187
Epoch: 8, Batch: 300, Acc: 24.58%, Loss: 1.8188
Epoch: 8, Batch: 310, Acc: 24.66%, Loss: 1.7843
Epoch: 8, Batch: 320, Acc: 24.71%, Loss: 1.7307
Epoch: 8, Batch: 330, Acc: 24.77%, Loss: 1.7935
Epoch: 8, Batch: 340, Acc: 24.81%, Loss: 1.7766
Epoch: 8, Batch: 350, Acc: 24.84%, Loss: 1.7792
Epoch: 8, Batch: 360, Acc: 24.86%, Loss: 1.7608
Epoch: 8, Batch: 370, Acc: 24.85%, Loss: 1.7937
Epoch: 8, Batch: 380, Acc: 24.83%, Loss: 1.7770
Epoch: 8, Batch: 390, Acc: 24.82%, Loss: 1.8046
Epoch: 8, Batch: 400, Acc: 24.84%, Loss: 1.8107
Epoch: 8, Batch: 410, Acc: 24.81%, Loss: 1.7898
Epoch: 8, Batch: 420, Acc: 24.77%, Loss: 1.7697
Epoch: 8, Batch: 430, Acc: 24.75%, Loss: 1.7901
Epoch: 8, Batch: 440, Acc: 24.68%, Loss: 1.8204
Epoch: 8, Batch: 450, Acc: 24.70%, Loss: 1.7469
Epoch: 8, Batch: 460, Acc: 24.70%, Loss: 1.7849
Epoch: 8, Batch: 470, Acc: 24.70%, Loss: 1.8126
Epoch: 8, Batch: 480, Acc: 24.72%, Loss: 1.7814
Epoch: 8, Batch: 490, Acc: 24.73%, Loss: 1.7970
Epoch: 8, Batch: 500, Acc: 24.70%, Loss: 1.8082
Epoch: 8, Batch: 510, Acc: 24.72%, Loss: 1.7931
Epoch: 8, Batch: 520, Acc: 24.74%, Loss: 1.7606
Epoch: 8, Batch: 530, Acc: 24.70%, Loss: 1.8225
Epoch: 8, Batch: 540, Acc: 24.71%, Loss: 1.7975
Epoch: 8, Batch: 550, Acc: 24.69%, Loss: 1.8047
Epoch: 8, Batch: 560, Acc: 24.61%, Loss: 1.8370
Epoch: 8, Batch: 570, Acc: 24.60%, Loss: 1.8204
Epoch: 8, Batch: 580, Acc: 24.60%, Loss: 1.8070
Epoch: 8, Batch: 590, Acc: 24.65%, Loss: 1.7539
Epoch: 8, Batch: 600, Acc: 24.64%, Loss: 1.7786
Epoch: 8, Batch: 610, Acc: 24.64%, Loss: 1.7739
Epoch: 8, Batch: 620, Acc: 24.65%, Loss: 1.7798
Epoch: 8, Batch: 630, Acc: 24.66%, Loss: 1.7679
Epoch: 8, Batch: 640, Acc: 24.63%, Loss: 1.8092
Epoch: 8, Batch: 650, Acc: 24.69%, Loss: 1.7192
Epoch: 8, Batch: 660, Acc: 24.68%, Loss: 1.7850
Epoch: 8, Batch: 670, Acc: 24.62%, Loss: 1.8279
Epoch: 8, Batch: 680, Acc: 24.64%, Loss: 1.7797
Epoch: 8, Batch: 690, Acc: 24.63%, Loss: 1.7987
Epoch: 8, Batch: 700, Acc: 24.61%, Loss: 1.7955
Epoch: 8, Batch: 710, Acc: 24.62%, Loss: 1.7810
Epoch: 8, Batch: 720, Acc: 24.61%, Loss: 1.7631
Epoch: 8, Batch: 730, Acc: 24.62%, Loss: 1.7977
Epoch: 8, Batch: 740, Acc: 24.59%, Loss: 1.8164
Epoch: 8, Batch: 750, Acc: 24.60%, Loss: 1.7569
Epoch: 8, Batch: 760, Acc: 24.58%, Loss: 1.7724
Epoch: 8, Batch: 770, Acc: 24.55%, Loss: 1.7964
Epoch: 8, Batch: 780, Acc: 24.52%, Loss: 1.8519
Epoch: 8, Batch: 790, Acc: 24.51%, Loss: 1.8056
Epoch: 8, Batch: 800, Acc: 24.54%, Loss: 1.7488
Epoch: 8, Batch: 810, Acc: 24.56%, Loss: 1.7539
Epoch: 8, Batch: 820, Acc: 24.57%, Loss: 1.7991
Epoch: 8, Batch: 830, Acc: 24.55%, Loss: 1.8019
Epoch: 8, Batch: 840, Acc: 24.55%, Loss: 1.7606
Epoch: 8, Batch: 850, Acc: 24.52%, Loss: 1.8104
Epoch: 8, Batch: 860, Acc: 24.53%, Loss: 1.7654
Epoch: 8, Batch: 870, Acc: 24.53%, Loss: 1.7966
Epoch: 8, Batch: 880, Acc: 24.49%, Loss: 1.8273
Epoch: 8, Batch: 890, Acc: 24.52%, Loss: 1.7724
Epoch: 8, Batch: 900, Acc: 24.49%, Loss: 1.8367
Epoch: 8, Batch: 910, Acc: 24.47%, Loss: 1.8426
Epoch: 8, Batch: 920, Acc: 24.48%, Loss: 1.7961
Epoch: 8, Batch: 930, Acc: 24.46%, Loss: 1.8060
Epoch: 8, Batch: 940, Acc: 24.48%, Loss: 1.7924
Epoch: 8, Batch: 950, Acc: 24.49%, Loss: 1.7622
Epoch: 8, Batch: 960, Acc: 24.46%, Loss: 1.7903
Epoch: 8, Batch: 970, Acc: 24.44%, Loss: 1.8415
Epoch: 8, Batch: 980, Acc: 24.43%, Loss: 1.7780
Epoch: 8, Batch: 990, Acc: 24.43%, Loss: 1.7711
Epoch: 8, Batch: 1000, Acc: 24.41%, Loss: 1.8161
Epoch: 8, Batch: 1010, Acc: 24.39%, Loss: 1.7995
Epoch: 8, Batch: 1020, Acc: 24.38%, Loss: 1.7731
Epoch: 8, Batch: 1030, Acc: 24.36%, Loss: 1.8073
Epoch: 8, Batch: 1040, Acc: 24.33%, Loss: 1.8058
Epoch: 8, Batch: 1050, Acc: 24.35%, Loss: 1.7580
Epoch: 8, Batch: 1060, Acc: 24.35%, Loss: 1.7978
Epoch: 8, Batch: 1070, Acc: 24.33%, Loss: 1.8131
Epoch: 8, Batch: 1080, Acc: 24.32%, Loss: 1.7989
Epoch: 8, Batch: 1090, Acc: 24.34%, Loss: 1.7655
Epoch: 8, Batch: 1100, Acc: 24.34%, Loss: 1.7854
Epoch: 8, Batch: 1110, Acc: 24.34%, Loss: 1.7796
Epoch: 8, Batch: 1120, Acc: 24.36%, Loss: 1.7523
Epoch: 8, Batch: 1130, Acc: 24.36%, Loss: 1.8211
Epoch: 8, Batch: 1140, Acc: 24.35%, Loss: 1.7684
Epoch: 8, Batch: 1150, Acc: 24.35%, Loss: 1.7684
Epoch: 8, Batch: 1160, Acc: 24.33%, Loss: 1.8068
Epoch: 8, Batch: 1170, Acc: 24.33%, Loss: 1.7869
Epoch: 8, Batch: 1180, Acc: 24.32%, Loss: 1.8011
Epoch: 8, Batch: 1190, Acc: 24.34%, Loss: 1.7558
Epoch: 8, Batch: 1200, Acc: 24.35%, Loss: 1.7566
Epoch: 8, Batch: 1210, Acc: 24.37%, Loss: 1.7361
Epoch: 8, Batch: 1220, Acc: 24.39%, Loss: 1.7433
Epoch: 8, Batch: 1230, Acc: 24.40%, Loss: 1.8075
Epoch: 8, Batch: 1240, Acc: 24.42%, Loss: 1.7522
Epoch: 8, Batch: 1250, Acc: 24.43%, Loss: 1.7820
Epoch: 8, Batch: 1260, Acc: 24.43%, Loss: 1.8042
Epoch: 8, Batch: 1270, Acc: 24.44%, Loss: 1.7881
Epoch: 8, Batch: 1280, Acc: 24.44%, Loss: 1.7985
Epoch: 8, Batch: 1290, Acc: 24.45%, Loss: 1.7850
Epoch: 8, Batch: 1300, Acc: 24.46%, Loss: 1.7633
Epoch: 8, Batch: 1310, Acc: 24.46%, Loss: 1.7892
Epoch: 8, Batch: 1320, Acc: 24.45%, Loss: 1.8211
Epoch: 8, Batch: 1330, Acc: 24.45%, Loss: 1.8031
Epoch: 8, Batch: 1340, Acc: 24.47%, Loss: 1.7619
Epoch: 8, Batch: 1350, Acc: 24.46%, Loss: 1.8453
Epoch: 8, Batch: 1360, Acc: 24.46%, Loss: 1.7702
Epoch: 8, Batch: 1370, Acc: 24.45%, Loss: 1.8181
Epoch: 8, Batch: 1380, Acc: 24.44%, Loss: 1.7938
Epoch: 8, Batch: 1390, Acc: 24.44%, Loss: 1.8156
Epoch: 8, Batch: 1400, Acc: 24.43%, Loss: 1.7618
Epoch: 8, Batch: 1410, Acc: 24.41%, Loss: 1.8257
Epoch: 8, Batch: 1420, Acc: 24.39%, Loss: 1.8166
Epoch: 8, Batch: 1430, Acc: 24.39%, Loss: 1.7831
Epoch: 8, Batch: 1440, Acc: 24.40%, Loss: 1.7872
Epoch: 8, Batch: 1450, Acc: 24.40%, Loss: 1.7749
Epoch: 8, Batch: 1460, Acc: 24.40%, Loss: 1.7725
Epoch: 8, Batch: 1470, Acc: 24.39%, Loss: 1.8043
Epoch: 8, Batch: 1480, Acc: 24.40%, Loss: 1.7823
Epoch: 8, Batch: 1490, Acc: 24.38%, Loss: 1.8179
Epoch: 8, Batch: 1500, Acc: 24.39%, Loss: 1.7618
Epoch: 8, Batch: 1510, Acc: 24.39%, Loss: 1.7868
Epoch: 8, Batch: 1520, Acc: 24.37%, Loss: 1.8444
Epoch: 8, Batch: 1530, Acc: 24.35%, Loss: 1.8060
Epoch: 8, Batch: 1540, Acc: 24.35%, Loss: 1.7952
Epoch: 8, Batch: 1550, Acc: 24.34%, Loss: 1.8374
Epoch: 8, Batch: 1560, Acc: 24.33%, Loss: 1.7917
Epoch: 8, Batch: 1570, Acc: 24.32%, Loss: 1.8125
Epoch: 8, Batch: 1580, Acc: 24.33%, Loss: 1.7739
Epoch: 8, Batch: 1590, Acc: 24.32%, Loss: 1.7858
Epoch: 8, Batch: 1600, Acc: 24.32%, Loss: 1.8199
Epoch: 8, Batch: 1610, Acc: 24.31%, Loss: 1.8101
Epoch: 8, Batch: 1620, Acc: 24.31%, Loss: 1.7856
Epoch: 8, Batch: 1630, Acc: 24.32%, Loss: 1.7992
Epoch: 8, Batch: 1640, Acc: 24.31%, Loss: 1.7958
Epoch: 8, Batch: 1650, Acc: 24.32%, Loss: 1.8160
Epoch: 8, Batch: 1660, Acc: 24.33%, Loss: 1.7740
Epoch: 8, Batch: 1670, Acc: 24.32%, Loss: 1.8128
Epoch: 8, Batch: 1680, Acc: 24.32%, Loss: 1.7982
Epoch: 8, Batch: 1690, Acc: 24.33%, Loss: 1.7785
Epoch: 8, Batch: 1700, Acc: 24.35%, Loss: 1.7493
Epoch: 8, Batch: 1710, Acc: 24.34%, Loss: 1.8152
Epoch: 8, Batch: 1720, Acc: 24.32%, Loss: 1.8403
Epoch: 8, Batch: 1730, Acc: 24.33%, Loss: 1.7717
Epoch: 8, Batch: 1740, Acc: 24.35%, Loss: 1.7644
Epoch: 8, Batch: 1750, Acc: 24.34%, Loss: 1.7983
Epoch: 8, Batch: 1760, Acc: 24.35%, Loss: 1.7686
Epoch: 8, Batch: 1770, Acc: 24.36%, Loss: 1.7633
Epoch: 8, Batch: 1780, Acc: 24.35%, Loss: 1.8359
Epoch: 8, Batch: 1790, Acc: 24.34%, Loss: 1.7910
Epoch: 8, Batch: 1800, Acc: 24.35%, Loss: 1.7832
Epoch: 8, Batch: 1810, Acc: 24.35%, Loss: 1.7657
Epoch: 8, Batch: 1820, Acc: 24.34%, Loss: 1.7771
Epoch: 8, Batch: 1830, Acc: 24.34%, Loss: 1.7936
Epoch: 8, Batch: 1840, Acc: 24.34%, Loss: 1.7945
Epoch: 8, Batch: 1850, Acc: 24.33%, Loss: 1.8049
Epoch: 8, Batch: 1860, Acc: 24.35%, Loss: 1.7765
Epoch: 8, Batch: 1870, Acc: 24.35%, Loss: 1.7907
Epoch: 8, Batch: 1880, Acc: 24.35%, Loss: 1.7682
Epoch: 8, Batch: 1890, Acc: 24.34%, Loss: 1.8211
Epoch: 8, Batch: 1900, Acc: 24.33%, Loss: 1.7837
Epoch: 8, Batch: 1910, Acc: 24.33%, Loss: 1.7764
Epoch: 8, Batch: 1920, Acc: 24.32%, Loss: 1.8370
Epoch: 8, Batch: 1930, Acc: 24.32%, Loss: 1.7886
Epoch: 8, Batch: 1940, Acc: 24.34%, Loss: 1.7553
Epoch: 8, Batch: 1950, Acc: 24.34%, Loss: 1.7489
Epoch: 8, Batch: 1960, Acc: 24.37%, Loss: 1.7113
Epoch: 8, Batch: 1970, Acc: 24.36%, Loss: 1.8194
Epoch: 8, Batch: 1980, Acc: 24.35%, Loss: 1.8385
Epoch: 8, Batch: 1990, Acc: 24.35%, Loss: 1.8139
Epoch: 8, Batch: 2000, Acc: 24.34%, Loss: 1.8148
Epoch: 8, Batch: 2010, Acc: 24.34%, Loss: 1.8020
Epoch: 8, Batch: 2020, Acc: 24.32%, Loss: 1.8423
Epoch: 8, Batch: 2030, Acc: 24.32%, Loss: 1.7911
Epoch: 8, Batch: 2040, Acc: 24.34%, Loss: 1.7202
Epoch: 8, Batch: 2050, Acc: 24.33%, Loss: 1.8017
Epoch: 8, Batch: 2060, Acc: 24.33%, Loss: 1.7911
Epoch: 8, Batch: 2070, Acc: 24.31%, Loss: 1.8554
Epoch: 8, Batch: 2080, Acc: 24.32%, Loss: 1.7586
Epoch: 8, Batch: 2090, Acc: 24.32%, Loss: 1.7912
Epoch: 8, Batch: 2100, Acc: 24.31%, Loss: 1.8503
Epoch: 8, Batch: 2110, Acc: 24.30%, Loss: 1.8151
Epoch: 8, Batch: 2120, Acc: 24.30%, Loss: 1.7803
Epoch: 8, Batch: 2130, Acc: 24.31%, Loss: 1.7597
Epoch: 8, Batch: 2140, Acc: 24.31%, Loss: 1.7805
Epoch: 8, Batch: 2150, Acc: 24.31%, Loss: 1.8222
Epoch: 8, Batch: 2160, Acc: 24.32%, Loss: 1.7750
Epoch: 8, Batch: 2170, Acc: 24.32%, Loss: 1.7825
Epoch: 8, Batch: 2180, Acc: 24.32%, Loss: 1.7990
Epoch: 8, Batch: 2190, Acc: 24.32%, Loss: 1.7630
Epoch: 8, Batch: 2200, Acc: 24.32%, Loss: 1.8164
Epoch: 8, Batch: 2210, Acc: 24.33%, Loss: 1.7849
Epoch: 8, Batch: 2220, Acc: 24.33%, Loss: 1.7783
Epoch: 8, Batch: 2230, Acc: 24.32%, Loss: 1.7898
Epoch: 8, Batch: 2240, Acc: 24.32%, Loss: 1.8239
Epoch: 8, Batch: 2250, Acc: 24.33%, Loss: 1.7521
Epoch: 8, Batch: 2260, Acc: 24.33%, Loss: 1.7758
Epoch: 8, Batch: 2270, Acc: 24.33%, Loss: 1.8048
Epoch: 8, Batch: 2280, Acc: 24.31%, Loss: 1.8224
Epoch: 8, Batch: 2290, Acc: 24.32%, Loss: 1.7255
Epoch: 8, Batch: 2300, Acc: 24.32%, Loss: 1.8126
Epoch: 8, Batch: 2310, Acc: 24.32%, Loss: 1.7803
Epoch: 8, Batch: 2320, Acc: 24.33%, Loss: 1.7590
Epoch: 8, Batch: 2330, Acc: 24.32%, Loss: 1.8255
Epoch: 8, Batch: 2340, Acc: 24.31%, Loss: 1.7909
Epoch: 8, Batch: 2350, Acc: 24.31%, Loss: 1.7958
Epoch: 8, Batch: 2360, Acc: 24.30%, Loss: 1.7965
Epoch: 8, Batch: 2370, Acc: 24.31%, Loss: 1.7848
Epoch: 8, Batch: 2380, Acc: 24.30%, Loss: 1.7930
Epoch: 8, Batch: 2390, Acc: 24.29%, Loss: 1.7850
Epoch: 8, Batch: 2400, Acc: 24.30%, Loss: 1.7792
Epoch: 8, Batch: 2410, Acc: 24.30%, Loss: 1.7615
Epoch: 8, Batch: 2420, Acc: 24.31%, Loss: 1.7917
Epoch: 8, Batch: 2430, Acc: 24.31%, Loss: 1.7728
Epoch: 8, Batch: 2440, Acc: 24.30%, Loss: 1.8226
Epoch: 8, Batch: 2450, Acc: 24.30%, Loss: 1.7706
Epoch: 8, Batch: 2460, Acc: 24.31%, Loss: 1.7509
Epoch: 8, Batch: 2470, Acc: 24.32%, Loss: 1.7874
Epoch: 8, Batch: 2480, Acc: 24.34%, Loss: 1.7570
Epoch: 8, Batch: 2490, Acc: 24.34%, Loss: 1.7449
Epoch: 8, Batch: 2500, Acc: 24.34%, Loss: 1.7836
Epoch: 8, Batch: 2510, Acc: 24.34%, Loss: 1.7613
Epoch: 8, Batch: 2520, Acc: 24.35%, Loss: 1.7816
Epoch: 8, Batch: 2530, Acc: 24.37%, Loss: 1.7230
Epoch: 8, Batch: 2540, Acc: 24.36%, Loss: 1.7978
Epoch: 8, Batch: 2550, Acc: 24.36%, Loss: 1.8459
Epoch: 8, Batch: 2560, Acc: 24.35%, Loss: 1.8404
Epoch: 8, Batch: 2570, Acc: 24.35%, Loss: 1.7799
Epoch: 8, Batch: 2580, Acc: 24.35%, Loss: 1.7604
Epoch: 8, Batch: 2590, Acc: 24.37%, Loss: 1.7717
Epoch: 8, Batch: 2600, Acc: 24.37%, Loss: 1.7930
Epoch: 8, Batch: 2610, Acc: 24.39%, Loss: 1.7449
Epoch: 8, Batch: 2620, Acc: 24.38%, Loss: 1.8216
Epoch: 8, Batch: 2630, Acc: 24.38%, Loss: 1.7940
Epoch: 8, Batch: 2640, Acc: 24.37%, Loss: 1.7797
Epoch: 8, Batch: 2650, Acc: 24.37%, Loss: 1.8070
Epoch: 8, Batch: 2660, Acc: 24.37%, Loss: 1.7901
Epoch: 8, Batch: 2670, Acc: 24.36%, Loss: 1.8327
Epoch: 8, Batch: 2680, Acc: 24.35%, Loss: 1.8001
Epoch: 8, Batch: 2690, Acc: 24.36%, Loss: 1.7751
Epoch: 8, Batch: 2700, Acc: 24.35%, Loss: 1.8265
Epoch: 8, Batch: 2710, Acc: 24.37%, Loss: 1.6888
Epoch: 8, Batch: 2720, Acc: 24.37%, Loss: 1.8188
Epoch: 8, Batch: 2730, Acc: 24.37%, Loss: 1.8021
Epoch: 8, Batch: 2740, Acc: 24.36%, Loss: 1.8176
Epoch: 8, Batch: 2750, Acc: 24.35%, Loss: 1.7819
Epoch: 8, Batch: 2760, Acc: 24.36%, Loss: 1.7604
Epoch: 8, Batch: 2770, Acc: 24.37%, Loss: 1.7885
Epoch: 8, Batch: 2780, Acc: 24.37%, Loss: 1.7740
Epoch: 8, Batch: 2790, Acc: 24.37%, Loss: 1.7751
Epoch: 8, Batch: 2800, Acc: 24.37%, Loss: 1.7970
Epoch: 8, Batch: 2810, Acc: 24.37%, Loss: 1.7845
Epoch: 8, Batch: 2820, Acc: 24.38%, Loss: 1.7549
Epoch: 8, Batch: 2830, Acc: 24.38%, Loss: 1.7709
Epoch: 8, Batch: 2840, Acc: 24.38%, Loss: 1.8077
Epoch: 8, Batch: 2850, Acc: 24.37%, Loss: 1.8234
Epoch: 8, Batch: 2860, Acc: 24.36%, Loss: 1.8118
Epoch: 8, Batch: 2870, Acc: 24.36%, Loss: 1.7699
Epoch: 8, Batch: 2880, Acc: 24.37%, Loss: 1.8097
Accuracy on test set: 46.15%, Val loss: 2.2454
Epoch 8: train_loss=1.7891, val_acc=46.15, best_val_acc=46.37, es_counter=3
Epoch: 9, Batch: 10, Acc: 21.72%, Loss: 1.8088
Epoch: 9, Batch: 20, Acc: 23.20%, Loss: 1.7822
Epoch: 9, Batch: 30, Acc: 23.28%, Loss: 1.8027
Epoch: 9, Batch: 40, Acc: 23.09%, Loss: 1.7833
Epoch: 9, Batch: 50, Acc: 23.00%, Loss: 1.7974
Epoch: 9, Batch: 60, Acc: 23.31%, Loss: 1.7687
Epoch: 9, Batch: 70, Acc: 23.55%, Loss: 1.7531
Epoch: 9, Batch: 80, Acc: 23.61%, Loss: 1.7630
Epoch: 9, Batch: 90, Acc: 23.94%, Loss: 1.7453
Epoch: 9, Batch: 100, Acc: 23.89%, Loss: 1.8137
Epoch: 9, Batch: 110, Acc: 24.16%, Loss: 1.7631
Epoch: 9, Batch: 120, Acc: 23.96%, Loss: 1.8612
Epoch: 9, Batch: 130, Acc: 24.13%, Loss: 1.7527
Epoch: 9, Batch: 140, Acc: 24.08%, Loss: 1.8056
Epoch: 9, Batch: 150, Acc: 24.08%, Loss: 1.7704
Epoch: 9, Batch: 160, Acc: 24.23%, Loss: 1.7673
Epoch: 9, Batch: 170, Acc: 24.29%, Loss: 1.7839
Epoch: 9, Batch: 180, Acc: 24.26%, Loss: 1.7786
Epoch: 9, Batch: 190, Acc: 24.19%, Loss: 1.8174
Epoch: 9, Batch: 200, Acc: 24.21%, Loss: 1.7821
Epoch: 9, Batch: 210, Acc: 24.31%, Loss: 1.7428
Epoch: 9, Batch: 220, Acc: 24.34%, Loss: 1.7566
Epoch: 9, Batch: 230, Acc: 24.33%, Loss: 1.8200
Epoch: 9, Batch: 240, Acc: 24.24%, Loss: 1.7993
Epoch: 9, Batch: 250, Acc: 24.25%, Loss: 1.7847
Epoch: 9, Batch: 260, Acc: 24.29%, Loss: 1.7902
Epoch: 9, Batch: 270, Acc: 24.32%, Loss: 1.8056
Epoch: 9, Batch: 280, Acc: 24.35%, Loss: 1.7925
Epoch: 9, Batch: 290, Acc: 24.42%, Loss: 1.7639
Epoch: 9, Batch: 300, Acc: 24.39%, Loss: 1.8058
Epoch: 9, Batch: 310, Acc: 24.32%, Loss: 1.7972
Epoch: 9, Batch: 320, Acc: 24.28%, Loss: 1.8068
Epoch: 9, Batch: 330, Acc: 24.17%, Loss: 1.8350
Epoch: 9, Batch: 340, Acc: 24.22%, Loss: 1.7618
Epoch: 9, Batch: 350, Acc: 24.26%, Loss: 1.7416
Epoch: 9, Batch: 360, Acc: 24.26%, Loss: 1.7780
Epoch: 9, Batch: 370, Acc: 24.19%, Loss: 1.8494
Epoch: 9, Batch: 380, Acc: 24.21%, Loss: 1.7988
Epoch: 9, Batch: 390, Acc: 24.25%, Loss: 1.7781
Epoch: 9, Batch: 400, Acc: 24.23%, Loss: 1.8145
Epoch: 9, Batch: 410, Acc: 24.25%, Loss: 1.7978
Epoch: 9, Batch: 420, Acc: 24.25%, Loss: 1.7879
Epoch: 9, Batch: 430, Acc: 24.22%, Loss: 1.8176
Epoch: 9, Batch: 440, Acc: 24.27%, Loss: 1.7837
Epoch: 9, Batch: 450, Acc: 24.29%, Loss: 1.7823
Epoch: 9, Batch: 460, Acc: 24.25%, Loss: 1.8171
Epoch: 9, Batch: 470, Acc: 24.28%, Loss: 1.7715
Epoch: 9, Batch: 480, Acc: 24.26%, Loss: 1.8103
Epoch: 9, Batch: 490, Acc: 24.23%, Loss: 1.8027
Epoch: 9, Batch: 500, Acc: 24.22%, Loss: 1.7783
Epoch: 9, Batch: 510, Acc: 24.21%, Loss: 1.8056
Epoch: 9, Batch: 520, Acc: 24.25%, Loss: 1.7420
Epoch: 9, Batch: 530, Acc: 24.22%, Loss: 1.8194
Epoch: 9, Batch: 540, Acc: 24.27%, Loss: 1.7766
Epoch: 9, Batch: 550, Acc: 24.25%, Loss: 1.7871
Epoch: 9, Batch: 560, Acc: 24.27%, Loss: 1.7544
Epoch: 9, Batch: 570, Acc: 24.28%, Loss: 1.7641
Epoch: 9, Batch: 580, Acc: 24.30%, Loss: 1.7538
Epoch: 9, Batch: 590, Acc: 24.35%, Loss: 1.7899
Epoch: 9, Batch: 600, Acc: 24.34%, Loss: 1.7998
Epoch: 9, Batch: 610, Acc: 24.35%, Loss: 1.7941
Epoch: 9, Batch: 620, Acc: 24.39%, Loss: 1.7604
Epoch: 9, Batch: 630, Acc: 24.36%, Loss: 1.8069
Epoch: 9, Batch: 640, Acc: 24.35%, Loss: 1.8136
Epoch: 9, Batch: 650, Acc: 24.32%, Loss: 1.7623
Epoch: 9, Batch: 660, Acc: 24.32%, Loss: 1.7726
Epoch: 9, Batch: 670, Acc: 24.33%, Loss: 1.7461
Epoch: 9, Batch: 680, Acc: 24.38%, Loss: 1.7452
Epoch: 9, Batch: 690, Acc: 24.39%, Loss: 1.7792
Epoch: 9, Batch: 700, Acc: 24.37%, Loss: 1.8126
Epoch: 9, Batch: 710, Acc: 24.40%, Loss: 1.7379
Epoch: 9, Batch: 720, Acc: 24.40%, Loss: 1.7793
Epoch: 9, Batch: 730, Acc: 24.39%, Loss: 1.8086
Epoch: 9, Batch: 740, Acc: 24.38%, Loss: 1.7847
Epoch: 9, Batch: 750, Acc: 24.36%, Loss: 1.8109
Epoch: 9, Batch: 760, Acc: 24.35%, Loss: 1.7891
Epoch: 9, Batch: 770, Acc: 24.33%, Loss: 1.7935
Epoch: 9, Batch: 780, Acc: 24.36%, Loss: 1.7553
Epoch: 9, Batch: 790, Acc: 24.39%, Loss: 1.7532
Epoch: 9, Batch: 800, Acc: 24.41%, Loss: 1.7566
Epoch: 9, Batch: 810, Acc: 24.46%, Loss: 1.7406
Epoch: 9, Batch: 820, Acc: 24.45%, Loss: 1.7620
Epoch: 9, Batch: 830, Acc: 24.45%, Loss: 1.7812
Epoch: 9, Batch: 840, Acc: 24.46%, Loss: 1.7770
Epoch: 9, Batch: 850, Acc: 24.48%, Loss: 1.7600
Epoch: 9, Batch: 860, Acc: 24.44%, Loss: 1.8100
Epoch: 9, Batch: 870, Acc: 24.44%, Loss: 1.7875
Epoch: 9, Batch: 880, Acc: 24.43%, Loss: 1.8110
Epoch: 9, Batch: 890, Acc: 24.40%, Loss: 1.8181
Epoch: 9, Batch: 900, Acc: 24.39%, Loss: 1.8178
Epoch: 9, Batch: 910, Acc: 24.36%, Loss: 1.8076
Epoch: 9, Batch: 920, Acc: 24.36%, Loss: 1.7851
Epoch: 9, Batch: 930, Acc: 24.35%, Loss: 1.8247
Epoch: 9, Batch: 940, Acc: 24.35%, Loss: 1.8244
Epoch: 9, Batch: 950, Acc: 24.34%, Loss: 1.8023
Epoch: 9, Batch: 960, Acc: 24.35%, Loss: 1.7835
Epoch: 9, Batch: 970, Acc: 24.33%, Loss: 1.8297
Epoch: 9, Batch: 980, Acc: 24.31%, Loss: 1.8016
Epoch: 9, Batch: 990, Acc: 24.32%, Loss: 1.7717
Epoch: 9, Batch: 1000, Acc: 24.35%, Loss: 1.7667
Epoch: 9, Batch: 1010, Acc: 24.32%, Loss: 1.8268
Epoch: 9, Batch: 1020, Acc: 24.29%, Loss: 1.8128
Epoch: 9, Batch: 1030, Acc: 24.29%, Loss: 1.8184
Epoch: 9, Batch: 1040, Acc: 24.29%, Loss: 1.7650
Epoch: 9, Batch: 1050, Acc: 24.29%, Loss: 1.7808
Epoch: 9, Batch: 1060, Acc: 24.29%, Loss: 1.7630
Epoch: 9, Batch: 1070, Acc: 24.30%, Loss: 1.7918
Epoch: 9, Batch: 1080, Acc: 24.29%, Loss: 1.8137
Epoch: 9, Batch: 1090, Acc: 24.30%, Loss: 1.7645
Epoch: 9, Batch: 1100, Acc: 24.29%, Loss: 1.7932
Epoch: 9, Batch: 1110, Acc: 24.28%, Loss: 1.8266
Epoch: 9, Batch: 1120, Acc: 24.28%, Loss: 1.8025
Epoch: 9, Batch: 1130, Acc: 24.27%, Loss: 1.7984
Epoch: 9, Batch: 1140, Acc: 24.29%, Loss: 1.7535
Epoch: 9, Batch: 1150, Acc: 24.31%, Loss: 1.7761
Epoch: 9, Batch: 1160, Acc: 24.30%, Loss: 1.7967
Epoch: 9, Batch: 1170, Acc: 24.29%, Loss: 1.8150
Epoch: 9, Batch: 1180, Acc: 24.26%, Loss: 1.8360
Epoch: 9, Batch: 1190, Acc: 24.25%, Loss: 1.8055
Epoch: 9, Batch: 1200, Acc: 24.25%, Loss: 1.8206
Epoch: 9, Batch: 1210, Acc: 24.24%, Loss: 1.7812
Epoch: 9, Batch: 1220, Acc: 24.24%, Loss: 1.7847
Epoch: 9, Batch: 1230, Acc: 24.26%, Loss: 1.7549
Epoch: 9, Batch: 1240, Acc: 24.26%, Loss: 1.7966
Epoch: 9, Batch: 1250, Acc: 24.25%, Loss: 1.7866
Epoch: 9, Batch: 1260, Acc: 24.25%, Loss: 1.7868
Epoch: 9, Batch: 1270, Acc: 24.27%, Loss: 1.7492
Epoch: 9, Batch: 1280, Acc: 24.26%, Loss: 1.8107
Epoch: 9, Batch: 1290, Acc: 24.30%, Loss: 1.7102
Epoch: 9, Batch: 1300, Acc: 24.30%, Loss: 1.7568
Epoch: 9, Batch: 1310, Acc: 24.32%, Loss: 1.7419
Epoch: 9, Batch: 1320, Acc: 24.32%, Loss: 1.7965
Epoch: 9, Batch: 1330, Acc: 24.32%, Loss: 1.7936
Epoch: 9, Batch: 1340, Acc: 24.35%, Loss: 1.7699
Epoch: 9, Batch: 1350, Acc: 24.36%, Loss: 1.7564
Epoch: 9, Batch: 1360, Acc: 24.38%, Loss: 1.7570
Epoch: 9, Batch: 1370, Acc: 24.38%, Loss: 1.7802
Epoch: 9, Batch: 1380, Acc: 24.37%, Loss: 1.8390
Epoch: 9, Batch: 1390, Acc: 24.36%, Loss: 1.8318
Epoch: 9, Batch: 1400, Acc: 24.36%, Loss: 1.7748
Epoch: 9, Batch: 1410, Acc: 24.34%, Loss: 1.8195
Epoch: 9, Batch: 1420, Acc: 24.34%, Loss: 1.8017
Epoch: 9, Batch: 1430, Acc: 24.34%, Loss: 1.8052
Epoch: 9, Batch: 1440, Acc: 24.36%, Loss: 1.7614
Epoch: 9, Batch: 1450, Acc: 24.36%, Loss: 1.7911
Epoch: 9, Batch: 1460, Acc: 24.36%, Loss: 1.8260
Epoch: 9, Batch: 1470, Acc: 24.36%, Loss: 1.7956
Epoch: 9, Batch: 1480, Acc: 24.34%, Loss: 1.7914
Epoch: 9, Batch: 1490, Acc: 24.35%, Loss: 1.7805
Epoch: 9, Batch: 1500, Acc: 24.34%, Loss: 1.8033
Epoch: 9, Batch: 1510, Acc: 24.34%, Loss: 1.7878
Epoch: 9, Batch: 1520, Acc: 24.34%, Loss: 1.8027
Epoch: 9, Batch: 1530, Acc: 24.34%, Loss: 1.7803
Epoch: 9, Batch: 1540, Acc: 24.35%, Loss: 1.7736
Epoch: 9, Batch: 1550, Acc: 24.36%, Loss: 1.7729
Epoch: 9, Batch: 1560, Acc: 24.35%, Loss: 1.7760
Epoch: 9, Batch: 1570, Acc: 24.33%, Loss: 1.8081
Epoch: 9, Batch: 1580, Acc: 24.32%, Loss: 1.8075
Epoch: 9, Batch: 1590, Acc: 24.32%, Loss: 1.7982
Epoch: 9, Batch: 1600, Acc: 24.32%, Loss: 1.8204
Epoch: 9, Batch: 1610, Acc: 24.33%, Loss: 1.7687
Epoch: 9, Batch: 1620, Acc: 24.33%, Loss: 1.7706
Epoch: 9, Batch: 1630, Acc: 24.33%, Loss: 1.7976
Epoch: 9, Batch: 1640, Acc: 24.33%, Loss: 1.7504
Epoch: 9, Batch: 1650, Acc: 24.34%, Loss: 1.7803
Epoch: 9, Batch: 1660, Acc: 24.33%, Loss: 1.8104
Epoch: 9, Batch: 1670, Acc: 24.33%, Loss: 1.7753
Epoch: 9, Batch: 1680, Acc: 24.33%, Loss: 1.7906
Epoch: 9, Batch: 1690, Acc: 24.33%, Loss: 1.7916
Epoch: 9, Batch: 1700, Acc: 24.34%, Loss: 1.7570
Epoch: 9, Batch: 1710, Acc: 24.34%, Loss: 1.7830
Epoch: 9, Batch: 1720, Acc: 24.36%, Loss: 1.8051
Epoch: 9, Batch: 1730, Acc: 24.37%, Loss: 1.7794
Epoch: 9, Batch: 1740, Acc: 24.37%, Loss: 1.8113
Epoch: 9, Batch: 1750, Acc: 24.37%, Loss: 1.7909
Epoch: 9, Batch: 1760, Acc: 24.38%, Loss: 1.7818
Epoch: 9, Batch: 1770, Acc: 24.36%, Loss: 1.8044
Epoch: 9, Batch: 1780, Acc: 24.36%, Loss: 1.8065
Epoch: 9, Batch: 1790, Acc: 24.35%, Loss: 1.7858
Epoch: 9, Batch: 1800, Acc: 24.35%, Loss: 1.7803
Epoch: 9, Batch: 1810, Acc: 24.34%, Loss: 1.7901
Epoch: 9, Batch: 1820, Acc: 24.36%, Loss: 1.7515
Epoch: 9, Batch: 1830, Acc: 24.35%, Loss: 1.8137
Epoch: 9, Batch: 1840, Acc: 24.33%, Loss: 1.8025
Epoch: 9, Batch: 1850, Acc: 24.32%, Loss: 1.8047
Epoch: 9, Batch: 1860, Acc: 24.34%, Loss: 1.7425
Epoch: 9, Batch: 1870, Acc: 24.35%, Loss: 1.7758
Epoch: 9, Batch: 1880, Acc: 24.34%, Loss: 1.8002
Epoch: 9, Batch: 1890, Acc: 24.36%, Loss: 1.7645
Epoch: 9, Batch: 1900, Acc: 24.36%, Loss: 1.7508
Epoch: 9, Batch: 1910, Acc: 24.37%, Loss: 1.7771
Epoch: 9, Batch: 1920, Acc: 24.37%, Loss: 1.7851
Epoch: 9, Batch: 1930, Acc: 24.38%, Loss: 1.7875
Epoch: 9, Batch: 1940, Acc: 24.38%, Loss: 1.7878
Epoch: 9, Batch: 1950, Acc: 24.38%, Loss: 1.7633
Epoch: 9, Batch: 1960, Acc: 24.39%, Loss: 1.7877
Epoch: 9, Batch: 1970, Acc: 24.39%, Loss: 1.7688
Epoch: 9, Batch: 1980, Acc: 24.39%, Loss: 1.7971
Epoch: 9, Batch: 1990, Acc: 24.38%, Loss: 1.8156
Epoch: 9, Batch: 2000, Acc: 24.39%, Loss: 1.7845
Epoch: 9, Batch: 2010, Acc: 24.40%, Loss: 1.7622
Epoch: 9, Batch: 2020, Acc: 24.40%, Loss: 1.7638
Epoch: 9, Batch: 2030, Acc: 24.41%, Loss: 1.7433
Epoch: 9, Batch: 2040, Acc: 24.41%, Loss: 1.7776
Epoch: 9, Batch: 2050, Acc: 24.40%, Loss: 1.8259
Epoch: 9, Batch: 2060, Acc: 24.39%, Loss: 1.8194
Epoch: 9, Batch: 2070, Acc: 24.38%, Loss: 1.7875
Epoch: 9, Batch: 2080, Acc: 24.39%, Loss: 1.7570
Epoch: 9, Batch: 2090, Acc: 24.39%, Loss: 1.8303
Epoch: 9, Batch: 2100, Acc: 24.39%, Loss: 1.8248
Epoch: 9, Batch: 2110, Acc: 24.39%, Loss: 1.8057
Epoch: 9, Batch: 2120, Acc: 24.38%, Loss: 1.8065
Epoch: 9, Batch: 2130, Acc: 24.39%, Loss: 1.7752
Epoch: 9, Batch: 2140, Acc: 24.38%, Loss: 1.7932
Epoch: 9, Batch: 2150, Acc: 24.38%, Loss: 1.7431
Epoch: 9, Batch: 2160, Acc: 24.37%, Loss: 1.8371
Epoch: 9, Batch: 2170, Acc: 24.37%, Loss: 1.8016
Epoch: 9, Batch: 2180, Acc: 24.36%, Loss: 1.8123
Epoch: 9, Batch: 2190, Acc: 24.36%, Loss: 1.8139
Epoch: 9, Batch: 2200, Acc: 24.34%, Loss: 1.8305
Epoch: 9, Batch: 2210, Acc: 24.34%, Loss: 1.7960
Epoch: 9, Batch: 2220, Acc: 24.34%, Loss: 1.7717
Epoch: 9, Batch: 2230, Acc: 24.35%, Loss: 1.7575
Epoch: 9, Batch: 2240, Acc: 24.36%, Loss: 1.7702
Epoch: 9, Batch: 2250, Acc: 24.37%, Loss: 1.8045
Epoch: 9, Batch: 2260, Acc: 24.37%, Loss: 1.8046
Epoch: 9, Batch: 2270, Acc: 24.37%, Loss: 1.7756
Epoch: 9, Batch: 2280, Acc: 24.37%, Loss: 1.7726
Epoch: 9, Batch: 2290, Acc: 24.37%, Loss: 1.7884
Epoch: 9, Batch: 2300, Acc: 24.37%, Loss: 1.7826
Epoch: 9, Batch: 2310, Acc: 24.37%, Loss: 1.8009
Epoch: 9, Batch: 2320, Acc: 24.37%, Loss: 1.7956
Epoch: 9, Batch: 2330, Acc: 24.36%, Loss: 1.7748
Epoch: 9, Batch: 2340, Acc: 24.35%, Loss: 1.8149
Epoch: 9, Batch: 2350, Acc: 24.36%, Loss: 1.7779
Epoch: 9, Batch: 2360, Acc: 24.37%, Loss: 1.7498
Epoch: 9, Batch: 2370, Acc: 24.38%, Loss: 1.7768
Epoch: 9, Batch: 2380, Acc: 24.38%, Loss: 1.8187
Epoch: 9, Batch: 2390, Acc: 24.39%, Loss: 1.7565
Epoch: 9, Batch: 2400, Acc: 24.39%, Loss: 1.8170
Epoch: 9, Batch: 2410, Acc: 24.38%, Loss: 1.8073
Epoch: 9, Batch: 2420, Acc: 24.38%, Loss: 1.8024
Epoch: 9, Batch: 2430, Acc: 24.38%, Loss: 1.8047
Epoch: 9, Batch: 2440, Acc: 24.38%, Loss: 1.7888
Epoch: 9, Batch: 2450, Acc: 24.38%, Loss: 1.7703
Epoch: 9, Batch: 2460, Acc: 24.38%, Loss: 1.7673
Epoch: 9, Batch: 2470, Acc: 24.38%, Loss: 1.8311
Epoch: 9, Batch: 2480, Acc: 24.39%, Loss: 1.7949
Epoch: 9, Batch: 2490, Acc: 24.40%, Loss: 1.7384
Epoch: 9, Batch: 2500, Acc: 24.40%, Loss: 1.7844
Epoch: 9, Batch: 2510, Acc: 24.40%, Loss: 1.7795
Epoch: 9, Batch: 2520, Acc: 24.41%, Loss: 1.7831
Epoch: 9, Batch: 2530, Acc: 24.40%, Loss: 1.7862
Epoch: 9, Batch: 2540, Acc: 24.40%, Loss: 1.7682
Epoch: 9, Batch: 2550, Acc: 24.40%, Loss: 1.7875
Epoch: 9, Batch: 2560, Acc: 24.40%, Loss: 1.8223
Epoch: 9, Batch: 2570, Acc: 24.40%, Loss: 1.7896
Epoch: 9, Batch: 2580, Acc: 24.40%, Loss: 1.8189
Epoch: 9, Batch: 2590, Acc: 24.40%, Loss: 1.7787
Epoch: 9, Batch: 2600, Acc: 24.39%, Loss: 1.8293
Epoch: 9, Batch: 2610, Acc: 24.38%, Loss: 1.8147
Epoch: 9, Batch: 2620, Acc: 24.39%, Loss: 1.7809
Epoch: 9, Batch: 2630, Acc: 24.38%, Loss: 1.7973
Epoch: 9, Batch: 2640, Acc: 24.39%, Loss: 1.7562
Epoch: 9, Batch: 2650, Acc: 24.39%, Loss: 1.7982
Epoch: 9, Batch: 2660, Acc: 24.39%, Loss: 1.7951
Epoch: 9, Batch: 2670, Acc: 24.39%, Loss: 1.8242
Epoch: 9, Batch: 2680, Acc: 24.39%, Loss: 1.7569
Epoch: 9, Batch: 2690, Acc: 24.39%, Loss: 1.7867
Epoch: 9, Batch: 2700, Acc: 24.38%, Loss: 1.8091
Epoch: 9, Batch: 2710, Acc: 24.37%, Loss: 1.7946
Epoch: 9, Batch: 2720, Acc: 24.36%, Loss: 1.8109
Epoch: 9, Batch: 2730, Acc: 24.35%, Loss: 1.8380
Epoch: 9, Batch: 2740, Acc: 24.36%, Loss: 1.7602
Epoch: 9, Batch: 2750, Acc: 24.37%, Loss: 1.7508
Epoch: 9, Batch: 2760, Acc: 24.36%, Loss: 1.7934
Epoch: 9, Batch: 2770, Acc: 24.36%, Loss: 1.8256
Epoch: 9, Batch: 2780, Acc: 24.35%, Loss: 1.8247
Epoch: 9, Batch: 2790, Acc: 24.35%, Loss: 1.8081
Epoch: 9, Batch: 2800, Acc: 24.34%, Loss: 1.7786
Epoch: 9, Batch: 2810, Acc: 24.34%, Loss: 1.7866
Epoch: 9, Batch: 2820, Acc: 24.33%, Loss: 1.8285
Epoch: 9, Batch: 2830, Acc: 24.33%, Loss: 1.8224
Epoch: 9, Batch: 2840, Acc: 24.33%, Loss: 1.7844
Epoch: 9, Batch: 2850, Acc: 24.32%, Loss: 1.8324
Epoch: 9, Batch: 2860, Acc: 24.33%, Loss: 1.7558
Epoch: 9, Batch: 2870, Acc: 24.35%, Loss: 1.7356
Epoch: 9, Batch: 2880, Acc: 24.35%, Loss: 1.7717
Accuracy on test set: 46.31%, Val loss: 2.2394
Epoch 9: train_loss=1.7887, val_acc=46.31, best_val_acc=46.37, es_counter=4
Epoch: 10, Batch: 10, Acc: 23.28%, Loss: 1.7943
Epoch: 10, Batch: 20, Acc: 23.83%, Loss: 1.7959
Epoch: 10, Batch: 30, Acc: 24.74%, Loss: 1.8017
Epoch: 10, Batch: 40, Acc: 25.04%, Loss: 1.7493
Epoch: 10, Batch: 50, Acc: 24.91%, Loss: 1.8062
Epoch: 10, Batch: 60, Acc: 24.77%, Loss: 1.7947
Epoch: 10, Batch: 70, Acc: 24.31%, Loss: 1.8039
Epoch: 10, Batch: 80, Acc: 24.41%, Loss: 1.7758
Epoch: 10, Batch: 90, Acc: 24.51%, Loss: 1.8182
Epoch: 10, Batch: 100, Acc: 24.56%, Loss: 1.8097
Epoch: 10, Batch: 110, Acc: 24.76%, Loss: 1.7828
Epoch: 10, Batch: 120, Acc: 24.56%, Loss: 1.8329
Epoch: 10, Batch: 130, Acc: 24.54%, Loss: 1.7617
Epoch: 10, Batch: 140, Acc: 24.67%, Loss: 1.7985
Epoch: 10, Batch: 150, Acc: 24.61%, Loss: 1.7881
Epoch: 10, Batch: 160, Acc: 24.59%, Loss: 1.8201
Epoch: 10, Batch: 170, Acc: 24.60%, Loss: 1.7911
Epoch: 10, Batch: 180, Acc: 24.47%, Loss: 1.7953
Epoch: 10, Batch: 190, Acc: 24.42%, Loss: 1.7955
Epoch: 10, Batch: 200, Acc: 24.36%, Loss: 1.7787
Epoch: 10, Batch: 210, Acc: 24.29%, Loss: 1.7963
Epoch: 10, Batch: 220, Acc: 24.26%, Loss: 1.8269
Epoch: 10, Batch: 230, Acc: 24.37%, Loss: 1.7614
Epoch: 10, Batch: 240, Acc: 24.34%, Loss: 1.7960
Epoch: 10, Batch: 250, Acc: 24.19%, Loss: 1.7993
Epoch: 10, Batch: 260, Acc: 24.29%, Loss: 1.7426
Epoch: 10, Batch: 270, Acc: 24.31%, Loss: 1.7732
Epoch: 10, Batch: 280, Acc: 24.27%, Loss: 1.7583
Epoch: 10, Batch: 290, Acc: 24.29%, Loss: 1.7895
Epoch: 10, Batch: 300, Acc: 24.22%, Loss: 1.8070
Epoch: 10, Batch: 310, Acc: 24.20%, Loss: 1.8211
Epoch: 10, Batch: 320, Acc: 24.21%, Loss: 1.8060
Epoch: 10, Batch: 330, Acc: 24.18%, Loss: 1.7905
Epoch: 10, Batch: 340, Acc: 24.11%, Loss: 1.8395
Epoch: 10, Batch: 350, Acc: 24.12%, Loss: 1.8039
Epoch: 10, Batch: 360, Acc: 24.14%, Loss: 1.7888
Epoch: 10, Batch: 370, Acc: 24.08%, Loss: 1.8138
Epoch: 10, Batch: 380, Acc: 23.99%, Loss: 1.8425
Epoch: 10, Batch: 390, Acc: 24.08%, Loss: 1.7514
Epoch: 10, Batch: 400, Acc: 24.07%, Loss: 1.7957
Epoch: 10, Batch: 410, Acc: 24.09%, Loss: 1.8036
Epoch: 10, Batch: 420, Acc: 24.08%, Loss: 1.8051
Epoch: 10, Batch: 430, Acc: 24.11%, Loss: 1.7604
Epoch: 10, Batch: 440, Acc: 24.16%, Loss: 1.7617
Epoch: 10, Batch: 450, Acc: 24.20%, Loss: 1.7732
Epoch: 10, Batch: 460, Acc: 24.21%, Loss: 1.7750
Epoch: 10, Batch: 470, Acc: 24.23%, Loss: 1.7906
Epoch: 10, Batch: 480, Acc: 24.23%, Loss: 1.7839
Epoch: 10, Batch: 490, Acc: 24.23%, Loss: 1.7815
Epoch: 10, Batch: 500, Acc: 24.15%, Loss: 1.8372
Epoch: 10, Batch: 510, Acc: 24.17%, Loss: 1.7944
Epoch: 10, Batch: 520, Acc: 24.15%, Loss: 1.7796
Epoch: 10, Batch: 530, Acc: 24.10%, Loss: 1.8129
Epoch: 10, Batch: 540, Acc: 24.13%, Loss: 1.7699
Epoch: 10, Batch: 550, Acc: 24.13%, Loss: 1.7572
Epoch: 10, Batch: 560, Acc: 24.13%, Loss: 1.8010
Epoch: 10, Batch: 570, Acc: 24.09%, Loss: 1.8139
Epoch: 10, Batch: 580, Acc: 24.12%, Loss: 1.7761
Epoch: 10, Batch: 590, Acc: 24.15%, Loss: 1.7584
Epoch: 10, Batch: 600, Acc: 24.16%, Loss: 1.7835
Epoch: 10, Batch: 610, Acc: 24.19%, Loss: 1.7455
Epoch: 10, Batch: 620, Acc: 24.22%, Loss: 1.7545
Epoch: 10, Batch: 630, Acc: 24.22%, Loss: 1.7650
Epoch: 10, Batch: 640, Acc: 24.20%, Loss: 1.7627
Epoch: 10, Batch: 650, Acc: 24.20%, Loss: 1.7878
Epoch: 10, Batch: 660, Acc: 24.20%, Loss: 1.8114
Epoch: 10, Batch: 670, Acc: 24.20%, Loss: 1.7536
Epoch: 10, Batch: 680, Acc: 24.19%, Loss: 1.7925
Epoch: 10, Batch: 690, Acc: 24.17%, Loss: 1.8106
Epoch: 10, Batch: 700, Acc: 24.18%, Loss: 1.8241
Epoch: 10, Batch: 710, Acc: 24.19%, Loss: 1.7748
Epoch: 10, Batch: 720, Acc: 24.21%, Loss: 1.7991
Epoch: 10, Batch: 730, Acc: 24.23%, Loss: 1.8014
Epoch: 10, Batch: 740, Acc: 24.28%, Loss: 1.7277
Epoch: 10, Batch: 750, Acc: 24.31%, Loss: 1.7565
Epoch: 10, Batch: 760, Acc: 24.36%, Loss: 1.7721
Epoch: 10, Batch: 770, Acc: 24.35%, Loss: 1.7990
Epoch: 10, Batch: 780, Acc: 24.36%, Loss: 1.7710
Epoch: 10, Batch: 790, Acc: 24.38%, Loss: 1.7569
Epoch: 10, Batch: 800, Acc: 24.40%, Loss: 1.7568
Epoch: 10, Batch: 810, Acc: 24.40%, Loss: 1.7936
Epoch: 10, Batch: 820, Acc: 24.41%, Loss: 1.7901
Epoch: 10, Batch: 830, Acc: 24.41%, Loss: 1.7898
Epoch: 10, Batch: 840, Acc: 24.41%, Loss: 1.7865
Epoch: 10, Batch: 850, Acc: 24.40%, Loss: 1.7838
Epoch: 10, Batch: 860, Acc: 24.36%, Loss: 1.8034
Epoch: 10, Batch: 870, Acc: 24.38%, Loss: 1.7820
Epoch: 10, Batch: 880, Acc: 24.38%, Loss: 1.7825
Epoch: 10, Batch: 890, Acc: 24.39%, Loss: 1.7602
Epoch: 10, Batch: 900, Acc: 24.41%, Loss: 1.7732
Epoch: 10, Batch: 910, Acc: 24.43%, Loss: 1.7746
Epoch: 10, Batch: 920, Acc: 24.43%, Loss: 1.7701
Epoch: 10, Batch: 930, Acc: 24.43%, Loss: 1.7988
Epoch: 10, Batch: 940, Acc: 24.41%, Loss: 1.8325
Epoch: 10, Batch: 950, Acc: 24.44%, Loss: 1.7724
Epoch: 10, Batch: 960, Acc: 24.45%, Loss: 1.7772
Epoch: 10, Batch: 970, Acc: 24.44%, Loss: 1.7580
Epoch: 10, Batch: 980, Acc: 24.45%, Loss: 1.7899
Epoch: 10, Batch: 990, Acc: 24.46%, Loss: 1.7680
Epoch: 10, Batch: 1000, Acc: 24.47%, Loss: 1.7708
Epoch: 10, Batch: 1010, Acc: 24.44%, Loss: 1.8448
Epoch: 10, Batch: 1020, Acc: 24.43%, Loss: 1.7942
Epoch: 10, Batch: 1030, Acc: 24.43%, Loss: 1.7778
Epoch: 10, Batch: 1040, Acc: 24.44%, Loss: 1.7830
Epoch: 10, Batch: 1050, Acc: 24.44%, Loss: 1.7613
Epoch: 10, Batch: 1060, Acc: 24.43%, Loss: 1.7926
Epoch: 10, Batch: 1070, Acc: 24.44%, Loss: 1.7402
Epoch: 10, Batch: 1080, Acc: 24.43%, Loss: 1.7799
Epoch: 10, Batch: 1090, Acc: 24.43%, Loss: 1.7751
Epoch: 10, Batch: 1100, Acc: 24.40%, Loss: 1.7923
Epoch: 10, Batch: 1110, Acc: 24.38%, Loss: 1.8375
Epoch: 10, Batch: 1120, Acc: 24.37%, Loss: 1.7862
Epoch: 10, Batch: 1130, Acc: 24.38%, Loss: 1.7412
Epoch: 10, Batch: 1140, Acc: 24.40%, Loss: 1.7341
Epoch: 10, Batch: 1150, Acc: 24.38%, Loss: 1.8109
Epoch: 10, Batch: 1160, Acc: 24.37%, Loss: 1.8168
Epoch: 10, Batch: 1170, Acc: 24.38%, Loss: 1.7591
Epoch: 10, Batch: 1180, Acc: 24.39%, Loss: 1.7629
Epoch: 10, Batch: 1190, Acc: 24.37%, Loss: 1.7971
Epoch: 10, Batch: 1200, Acc: 24.38%, Loss: 1.7463
Epoch: 10, Batch: 1210, Acc: 24.36%, Loss: 1.8156
Epoch: 10, Batch: 1220, Acc: 24.35%, Loss: 1.7956
Epoch: 10, Batch: 1230, Acc: 24.36%, Loss: 1.7753
Epoch: 10, Batch: 1240, Acc: 24.37%, Loss: 1.7559
Epoch: 10, Batch: 1250, Acc: 24.37%, Loss: 1.8075
Epoch: 10, Batch: 1260, Acc: 24.37%, Loss: 1.7618
Epoch: 10, Batch: 1270, Acc: 24.38%, Loss: 1.7959
Epoch: 10, Batch: 1280, Acc: 24.38%, Loss: 1.7968
Epoch: 10, Batch: 1290, Acc: 24.38%, Loss: 1.8304
Epoch: 10, Batch: 1300, Acc: 24.39%, Loss: 1.7843
Epoch: 10, Batch: 1310, Acc: 24.41%, Loss: 1.7684
Epoch: 10, Batch: 1320, Acc: 24.39%, Loss: 1.8546
Epoch: 10, Batch: 1330, Acc: 24.39%, Loss: 1.8129
Epoch: 10, Batch: 1340, Acc: 24.40%, Loss: 1.7495
Epoch: 10, Batch: 1350, Acc: 24.37%, Loss: 1.8283
Epoch: 10, Batch: 1360, Acc: 24.37%, Loss: 1.7739
Epoch: 10, Batch: 1370, Acc: 24.39%, Loss: 1.7591
Epoch: 10, Batch: 1380, Acc: 24.39%, Loss: 1.7942
Epoch: 10, Batch: 1390, Acc: 24.40%, Loss: 1.7508
Epoch: 10, Batch: 1400, Acc: 24.42%, Loss: 1.7475
Epoch: 10, Batch: 1410, Acc: 24.41%, Loss: 1.8210
Epoch: 10, Batch: 1420, Acc: 24.41%, Loss: 1.7740
Epoch: 10, Batch: 1430, Acc: 24.40%, Loss: 1.8094
Epoch: 10, Batch: 1440, Acc: 24.42%, Loss: 1.7306
Epoch: 10, Batch: 1450, Acc: 24.44%, Loss: 1.7829
Epoch: 10, Batch: 1460, Acc: 24.43%, Loss: 1.7741
Epoch: 10, Batch: 1470, Acc: 24.44%, Loss: 1.7678
Epoch: 10, Batch: 1480, Acc: 24.42%, Loss: 1.8466
Epoch: 10, Batch: 1490, Acc: 24.40%, Loss: 1.8219
Epoch: 10, Batch: 1500, Acc: 24.41%, Loss: 1.8042
Epoch: 10, Batch: 1510, Acc: 24.42%, Loss: 1.7767
Epoch: 10, Batch: 1520, Acc: 24.41%, Loss: 1.8163
Epoch: 10, Batch: 1530, Acc: 24.38%, Loss: 1.8303
Epoch: 10, Batch: 1540, Acc: 24.39%, Loss: 1.7634
Epoch: 10, Batch: 1550, Acc: 24.40%, Loss: 1.7615
Epoch: 10, Batch: 1560, Acc: 24.41%, Loss: 1.7943
Epoch: 10, Batch: 1570, Acc: 24.41%, Loss: 1.7661
Epoch: 10, Batch: 1580, Acc: 24.40%, Loss: 1.8261
Epoch: 10, Batch: 1590, Acc: 24.40%, Loss: 1.7713
Epoch: 10, Batch: 1600, Acc: 24.40%, Loss: 1.7777
Epoch: 10, Batch: 1610, Acc: 24.38%, Loss: 1.8218
Epoch: 10, Batch: 1620, Acc: 24.37%, Loss: 1.7957
Epoch: 10, Batch: 1630, Acc: 24.39%, Loss: 1.7653
Epoch: 10, Batch: 1640, Acc: 24.39%, Loss: 1.7901
Epoch: 10, Batch: 1650, Acc: 24.38%, Loss: 1.7876
Epoch: 10, Batch: 1660, Acc: 24.38%, Loss: 1.7858
Epoch: 10, Batch: 1670, Acc: 24.37%, Loss: 1.7788
Epoch: 10, Batch: 1680, Acc: 24.37%, Loss: 1.8026
Epoch: 10, Batch: 1690, Acc: 24.38%, Loss: 1.7447
Epoch: 10, Batch: 1700, Acc: 24.39%, Loss: 1.8202
Epoch: 10, Batch: 1710, Acc: 24.40%, Loss: 1.7491
Epoch: 10, Batch: 1720, Acc: 24.42%, Loss: 1.7384
Epoch: 10, Batch: 1730, Acc: 24.42%, Loss: 1.7984
Epoch: 10, Batch: 1740, Acc: 24.43%, Loss: 1.7534
Epoch: 10, Batch: 1750, Acc: 24.43%, Loss: 1.7700
Epoch: 10, Batch: 1760, Acc: 24.43%, Loss: 1.7678
Epoch: 10, Batch: 1770, Acc: 24.44%, Loss: 1.7485
Epoch: 10, Batch: 1780, Acc: 24.43%, Loss: 1.8019
Epoch: 10, Batch: 1790, Acc: 24.43%, Loss: 1.8013
Epoch: 10, Batch: 1800, Acc: 24.42%, Loss: 1.7850
Epoch: 10, Batch: 1810, Acc: 24.43%, Loss: 1.7965
Epoch: 10, Batch: 1820, Acc: 24.42%, Loss: 1.8257
Epoch: 10, Batch: 1830, Acc: 24.44%, Loss: 1.7498
Epoch: 10, Batch: 1840, Acc: 24.45%, Loss: 1.7563
Epoch: 10, Batch: 1850, Acc: 24.44%, Loss: 1.7948
Epoch: 10, Batch: 1860, Acc: 24.44%, Loss: 1.8121
Epoch: 10, Batch: 1870, Acc: 24.44%, Loss: 1.8013
Epoch: 10, Batch: 1880, Acc: 24.45%, Loss: 1.7743
Epoch: 10, Batch: 1890, Acc: 24.45%, Loss: 1.7820
Epoch: 10, Batch: 1900, Acc: 24.45%, Loss: 1.7774
Epoch: 10, Batch: 1910, Acc: 24.44%, Loss: 1.8237
Epoch: 10, Batch: 1920, Acc: 24.43%, Loss: 1.7925
Epoch: 10, Batch: 1930, Acc: 24.44%, Loss: 1.7597
Epoch: 10, Batch: 1940, Acc: 24.43%, Loss: 1.7940
Epoch: 10, Batch: 1950, Acc: 24.42%, Loss: 1.8302
Epoch: 10, Batch: 1960, Acc: 24.43%, Loss: 1.7485
Epoch: 10, Batch: 1970, Acc: 24.44%, Loss: 1.7692
Epoch: 10, Batch: 1980, Acc: 24.43%, Loss: 1.7909
Epoch: 10, Batch: 1990, Acc: 24.41%, Loss: 1.8626
Epoch: 10, Batch: 2000, Acc: 24.42%, Loss: 1.7710
Epoch: 10, Batch: 2010, Acc: 24.43%, Loss: 1.7604
Epoch: 10, Batch: 2020, Acc: 24.43%, Loss: 1.8160
Epoch: 10, Batch: 2030, Acc: 24.42%, Loss: 1.7846
Epoch: 10, Batch: 2040, Acc: 24.42%, Loss: 1.7867
Epoch: 10, Batch: 2050, Acc: 24.43%, Loss: 1.7489
Epoch: 10, Batch: 2060, Acc: 24.43%, Loss: 1.7591
Epoch: 10, Batch: 2070, Acc: 24.43%, Loss: 1.7782
Epoch: 10, Batch: 2080, Acc: 24.42%, Loss: 1.8206
Epoch: 10, Batch: 2090, Acc: 24.43%, Loss: 1.7847
Epoch: 10, Batch: 2100, Acc: 24.43%, Loss: 1.7830
Epoch: 10, Batch: 2110, Acc: 24.43%, Loss: 1.7913
Epoch: 10, Batch: 2120, Acc: 24.43%, Loss: 1.7895
Epoch: 10, Batch: 2130, Acc: 24.43%, Loss: 1.8013
Epoch: 10, Batch: 2140, Acc: 24.44%, Loss: 1.7863
Epoch: 10, Batch: 2150, Acc: 24.42%, Loss: 1.8220
Epoch: 10, Batch: 2160, Acc: 24.43%, Loss: 1.7898
Epoch: 10, Batch: 2170, Acc: 24.43%, Loss: 1.7710
Epoch: 10, Batch: 2180, Acc: 24.43%, Loss: 1.7866
Epoch: 10, Batch: 2190, Acc: 24.42%, Loss: 1.8210
Epoch: 10, Batch: 2200, Acc: 24.41%, Loss: 1.7614
Epoch: 10, Batch: 2210, Acc: 24.40%, Loss: 1.8221
Epoch: 10, Batch: 2220, Acc: 24.38%, Loss: 1.8109
Epoch: 10, Batch: 2230, Acc: 24.39%, Loss: 1.7868
Epoch: 10, Batch: 2240, Acc: 24.38%, Loss: 1.8570
Epoch: 10, Batch: 2250, Acc: 24.38%, Loss: 1.8132
Epoch: 10, Batch: 2260, Acc: 24.38%, Loss: 1.7596
Epoch: 10, Batch: 2270, Acc: 24.38%, Loss: 1.7703
Epoch: 10, Batch: 2280, Acc: 24.39%, Loss: 1.7922
Epoch: 10, Batch: 2290, Acc: 24.39%, Loss: 1.7905
Epoch: 10, Batch: 2300, Acc: 24.39%, Loss: 1.7776
Epoch: 10, Batch: 2310, Acc: 24.40%, Loss: 1.8064
Epoch: 10, Batch: 2320, Acc: 24.39%, Loss: 1.7987
Epoch: 10, Batch: 2330, Acc: 24.38%, Loss: 1.7816
Epoch: 10, Batch: 2340, Acc: 24.38%, Loss: 1.7542
Epoch: 10, Batch: 2350, Acc: 24.38%, Loss: 1.7635
Epoch: 10, Batch: 2360, Acc: 24.37%, Loss: 1.8073
Epoch: 10, Batch: 2370, Acc: 24.37%, Loss: 1.7908
Epoch: 10, Batch: 2380, Acc: 24.37%, Loss: 1.7888
Epoch: 10, Batch: 2390, Acc: 24.37%, Loss: 1.8110
Epoch: 10, Batch: 2400, Acc: 24.38%, Loss: 1.7797
Epoch: 10, Batch: 2410, Acc: 24.39%, Loss: 1.7790
Epoch: 10, Batch: 2420, Acc: 24.38%, Loss: 1.7780
Epoch: 10, Batch: 2430, Acc: 24.39%, Loss: 1.7731
Epoch: 10, Batch: 2440, Acc: 24.38%, Loss: 1.8001
Epoch: 10, Batch: 2450, Acc: 24.38%, Loss: 1.8150
Epoch: 10, Batch: 2460, Acc: 24.39%, Loss: 1.7602
Epoch: 10, Batch: 2470, Acc: 24.39%, Loss: 1.8006
Epoch: 10, Batch: 2480, Acc: 24.39%, Loss: 1.7502
Epoch: 10, Batch: 2490, Acc: 24.40%, Loss: 1.7965
Epoch: 10, Batch: 2500, Acc: 24.40%, Loss: 1.7850
Epoch: 10, Batch: 2510, Acc: 24.40%, Loss: 1.7845
Epoch: 10, Batch: 2520, Acc: 24.39%, Loss: 1.8143
Epoch: 10, Batch: 2530, Acc: 24.40%, Loss: 1.7801
Epoch: 10, Batch: 2540, Acc: 24.40%, Loss: 1.7222
Epoch: 10, Batch: 2550, Acc: 24.41%, Loss: 1.7449
Epoch: 10, Batch: 2560, Acc: 24.40%, Loss: 1.8078
Epoch: 10, Batch: 2570, Acc: 24.40%, Loss: 1.7691
Epoch: 10, Batch: 2580, Acc: 24.40%, Loss: 1.8187
Epoch: 10, Batch: 2590, Acc: 24.40%, Loss: 1.7744
Epoch: 10, Batch: 2600, Acc: 24.39%, Loss: 1.8229
Epoch: 10, Batch: 2610, Acc: 24.40%, Loss: 1.7669
Epoch: 10, Batch: 2620, Acc: 24.40%, Loss: 1.8055
Epoch: 10, Batch: 2630, Acc: 24.40%, Loss: 1.7883
Epoch: 10, Batch: 2640, Acc: 24.39%, Loss: 1.8345
Epoch: 10, Batch: 2650, Acc: 24.38%, Loss: 1.8325
Epoch: 10, Batch: 2660, Acc: 24.39%, Loss: 1.7755
Epoch: 10, Batch: 2670, Acc: 24.39%, Loss: 1.7831
Epoch: 10, Batch: 2680, Acc: 24.39%, Loss: 1.7892
Epoch: 10, Batch: 2690, Acc: 24.38%, Loss: 1.8131
Epoch: 10, Batch: 2700, Acc: 24.38%, Loss: 1.8289
Epoch: 10, Batch: 2710, Acc: 24.39%, Loss: 1.7990
Epoch: 10, Batch: 2720, Acc: 24.37%, Loss: 1.8375
Epoch: 10, Batch: 2730, Acc: 24.38%, Loss: 1.7797
Epoch: 10, Batch: 2740, Acc: 24.37%, Loss: 1.7744
Epoch: 10, Batch: 2750, Acc: 24.38%, Loss: 1.7856
Epoch: 10, Batch: 2760, Acc: 24.37%, Loss: 1.8282
Epoch: 10, Batch: 2770, Acc: 24.37%, Loss: 1.8332
Epoch: 10, Batch: 2780, Acc: 24.36%, Loss: 1.8167
Epoch: 10, Batch: 2790, Acc: 24.36%, Loss: 1.8252
Epoch: 10, Batch: 2800, Acc: 24.35%, Loss: 1.7704
Epoch: 10, Batch: 2810, Acc: 24.35%, Loss: 1.7922
Epoch: 10, Batch: 2820, Acc: 24.35%, Loss: 1.8203
Epoch: 10, Batch: 2830, Acc: 24.35%, Loss: 1.8171
Epoch: 10, Batch: 2840, Acc: 24.35%, Loss: 1.7845
Epoch: 10, Batch: 2850, Acc: 24.35%, Loss: 1.7952
Epoch: 10, Batch: 2860, Acc: 24.35%, Loss: 1.8044
Epoch: 10, Batch: 2870, Acc: 24.35%, Loss: 1.7828
Epoch: 10, Batch: 2880, Acc: 24.35%, Loss: 1.7887
Accuracy on test set: 46.22%, Val loss: 2.2464
Epoch 10: train_loss=1.7884, val_acc=46.22, best_val_acc=46.37, es_counter=5
Early stopping triggered at epoch 10
Training Time: 3560.25 seconds
Best Accuracy for Run 2: 46.37%
\nEvaluating final model on clean test data...
Accuracy    : 0.4637
Loss        : 2.2507
Precision   : 0.4061
Recall      : 0.4472
F1          : 0.4256
Fpr         : 0.0244
Fnr         : 0.5528
Roc_auc     : 0.9045
Pr_auc      : nan
Metrics saved to qmlp-az-angle-label-flip-run_run2-layer5_label_flip.csv
\n========== Training Run 3 ==========
Epoch: 1, Batch: 10, Acc: 2.66%, Loss: 2.0533
Epoch: 1, Batch: 20, Acc: 2.81%, Loss: 2.0487
Epoch: 1, Batch: 30, Acc: 2.66%, Loss: 2.0559
Epoch: 1, Batch: 40, Acc: 2.73%, Loss: 2.0310
Epoch: 1, Batch: 50, Acc: 3.00%, Loss: 2.0231
Epoch: 1, Batch: 60, Acc: 3.12%, Loss: 2.0235
Epoch: 1, Batch: 70, Acc: 3.37%, Loss: 2.0113
Epoch: 1, Batch: 80, Acc: 3.55%, Loss: 2.0063
Epoch: 1, Batch: 90, Acc: 3.54%, Loss: 2.0202
Epoch: 1, Batch: 100, Acc: 3.59%, Loss: 2.0119
Epoch: 1, Batch: 110, Acc: 3.65%, Loss: 2.0069
Epoch: 1, Batch: 120, Acc: 3.85%, Loss: 2.0059
Epoch: 1, Batch: 130, Acc: 4.07%, Loss: 1.9970
Epoch: 1, Batch: 140, Acc: 4.19%, Loss: 2.0016
Epoch: 1, Batch: 150, Acc: 4.28%, Loss: 1.9883
Epoch: 1, Batch: 160, Acc: 4.45%, Loss: 1.9865
Epoch: 1, Batch: 170, Acc: 4.69%, Loss: 1.9902
Epoch: 1, Batch: 180, Acc: 5.06%, Loss: 1.9919
Epoch: 1, Batch: 190, Acc: 5.39%, Loss: 1.9882
Epoch: 1, Batch: 200, Acc: 5.80%, Loss: 1.9753
Epoch: 1, Batch: 210, Acc: 5.91%, Loss: 1.9721
Epoch: 1, Batch: 220, Acc: 6.11%, Loss: 1.9799
Epoch: 1, Batch: 230, Acc: 6.37%, Loss: 1.9770
Epoch: 1, Batch: 240, Acc: 6.65%, Loss: 1.9739
Epoch: 1, Batch: 250, Acc: 6.89%, Loss: 1.9744
Epoch: 1, Batch: 260, Acc: 7.10%, Loss: 1.9653
Epoch: 1, Batch: 270, Acc: 7.34%, Loss: 1.9562
Epoch: 1, Batch: 280, Acc: 7.56%, Loss: 1.9653
Epoch: 1, Batch: 290, Acc: 7.77%, Loss: 1.9507
Epoch: 1, Batch: 300, Acc: 7.98%, Loss: 1.9575
Epoch: 1, Batch: 310, Acc: 8.14%, Loss: 1.9524
Epoch: 1, Batch: 320, Acc: 8.32%, Loss: 1.9460
Epoch: 1, Batch: 330, Acc: 8.54%, Loss: 1.9461
Epoch: 1, Batch: 340, Acc: 8.69%, Loss: 1.9537
Epoch: 1, Batch: 350, Acc: 8.92%, Loss: 1.9269
Epoch: 1, Batch: 360, Acc: 9.09%, Loss: 1.9364
Epoch: 1, Batch: 370, Acc: 9.27%, Loss: 1.9363
Epoch: 1, Batch: 380, Acc: 9.41%, Loss: 1.9389
Epoch: 1, Batch: 390, Acc: 9.54%, Loss: 1.9366
Epoch: 1, Batch: 400, Acc: 9.70%, Loss: 1.9284
Epoch: 1, Batch: 410, Acc: 9.89%, Loss: 1.9179
Epoch: 1, Batch: 420, Acc: 9.98%, Loss: 1.9328
Epoch: 1, Batch: 430, Acc: 10.09%, Loss: 1.9376
Epoch: 1, Batch: 440, Acc: 10.18%, Loss: 1.9322
Epoch: 1, Batch: 450, Acc: 10.31%, Loss: 1.9297
Epoch: 1, Batch: 460, Acc: 10.46%, Loss: 1.9132
Epoch: 1, Batch: 470, Acc: 10.61%, Loss: 1.9074
Epoch: 1, Batch: 480, Acc: 10.72%, Loss: 1.9204
Epoch: 1, Batch: 490, Acc: 10.86%, Loss: 1.9105
Epoch: 1, Batch: 500, Acc: 10.91%, Loss: 1.9183
Epoch: 1, Batch: 510, Acc: 11.04%, Loss: 1.9104
Epoch: 1, Batch: 520, Acc: 11.15%, Loss: 1.9132
Epoch: 1, Batch: 530, Acc: 11.25%, Loss: 1.9130
Epoch: 1, Batch: 540, Acc: 11.36%, Loss: 1.9038
Epoch: 1, Batch: 550, Acc: 11.45%, Loss: 1.9177
Epoch: 1, Batch: 560, Acc: 11.54%, Loss: 1.9253
Epoch: 1, Batch: 570, Acc: 11.61%, Loss: 1.9053
Epoch: 1, Batch: 580, Acc: 11.71%, Loss: 1.9064
Epoch: 1, Batch: 590, Acc: 11.84%, Loss: 1.8942
Epoch: 1, Batch: 600, Acc: 11.95%, Loss: 1.8696
Epoch: 1, Batch: 610, Acc: 12.03%, Loss: 1.8889
Epoch: 1, Batch: 620, Acc: 12.06%, Loss: 1.8977
Epoch: 1, Batch: 630, Acc: 12.19%, Loss: 1.8614
Epoch: 1, Batch: 640, Acc: 12.27%, Loss: 1.8920
Epoch: 1, Batch: 650, Acc: 12.33%, Loss: 1.9041
Epoch: 1, Batch: 660, Acc: 12.40%, Loss: 1.8768
Epoch: 1, Batch: 670, Acc: 12.49%, Loss: 1.8883
Epoch: 1, Batch: 680, Acc: 12.55%, Loss: 1.8888
Epoch: 1, Batch: 690, Acc: 12.60%, Loss: 1.8795
Epoch: 1, Batch: 700, Acc: 12.66%, Loss: 1.8601
Epoch: 1, Batch: 710, Acc: 12.68%, Loss: 1.8995
Epoch: 1, Batch: 720, Acc: 12.74%, Loss: 1.8834
Epoch: 1, Batch: 730, Acc: 12.81%, Loss: 1.8846
Epoch: 1, Batch: 740, Acc: 12.92%, Loss: 1.8570
Epoch: 1, Batch: 750, Acc: 12.97%, Loss: 1.8972
Epoch: 1, Batch: 760, Acc: 13.02%, Loss: 1.9007
Epoch: 1, Batch: 770, Acc: 13.09%, Loss: 1.8484
Epoch: 1, Batch: 780, Acc: 13.16%, Loss: 1.9006
Epoch: 1, Batch: 790, Acc: 13.23%, Loss: 1.8616
Epoch: 1, Batch: 800, Acc: 13.26%, Loss: 1.8998
Epoch: 1, Batch: 810, Acc: 13.34%, Loss: 1.8686
Epoch: 1, Batch: 820, Acc: 13.41%, Loss: 1.8771
Epoch: 1, Batch: 830, Acc: 13.50%, Loss: 1.8419
Epoch: 1, Batch: 840, Acc: 13.55%, Loss: 1.8846
Epoch: 1, Batch: 850, Acc: 13.56%, Loss: 1.8959
Epoch: 1, Batch: 860, Acc: 13.64%, Loss: 1.8609
Epoch: 1, Batch: 870, Acc: 13.72%, Loss: 1.8657
Epoch: 1, Batch: 880, Acc: 13.81%, Loss: 1.8516
Epoch: 1, Batch: 890, Acc: 13.89%, Loss: 1.8542
Epoch: 1, Batch: 900, Acc: 13.95%, Loss: 1.8620
Epoch: 1, Batch: 910, Acc: 14.02%, Loss: 1.8580
Epoch: 1, Batch: 920, Acc: 14.08%, Loss: 1.8516
Epoch: 1, Batch: 930, Acc: 14.16%, Loss: 1.8565
Epoch: 1, Batch: 940, Acc: 14.21%, Loss: 1.8566
Epoch: 1, Batch: 950, Acc: 14.25%, Loss: 1.8661
Epoch: 1, Batch: 960, Acc: 14.31%, Loss: 1.8606
Epoch: 1, Batch: 970, Acc: 14.37%, Loss: 1.8665
Epoch: 1, Batch: 980, Acc: 14.44%, Loss: 1.8270
Epoch: 1, Batch: 990, Acc: 14.48%, Loss: 1.8676
Epoch: 1, Batch: 1000, Acc: 14.51%, Loss: 1.8810
Epoch: 1, Batch: 1010, Acc: 14.56%, Loss: 1.8705
Epoch: 1, Batch: 1020, Acc: 14.62%, Loss: 1.8564
Epoch: 1, Batch: 1030, Acc: 14.65%, Loss: 1.8739
Epoch: 1, Batch: 1040, Acc: 14.69%, Loss: 1.8851
Epoch: 1, Batch: 1050, Acc: 14.74%, Loss: 1.8570
Epoch: 1, Batch: 1060, Acc: 14.78%, Loss: 1.8594
Epoch: 1, Batch: 1070, Acc: 14.83%, Loss: 1.8523
Epoch: 1, Batch: 1080, Acc: 14.88%, Loss: 1.8709
Epoch: 1, Batch: 1090, Acc: 14.94%, Loss: 1.8394
Epoch: 1, Batch: 1100, Acc: 15.00%, Loss: 1.8614
Epoch: 1, Batch: 1110, Acc: 15.06%, Loss: 1.8588
Epoch: 1, Batch: 1120, Acc: 15.10%, Loss: 1.8453
Epoch: 1, Batch: 1130, Acc: 15.17%, Loss: 1.8282
Epoch: 1, Batch: 1140, Acc: 15.23%, Loss: 1.8221
Epoch: 1, Batch: 1150, Acc: 15.28%, Loss: 1.8468
Epoch: 1, Batch: 1160, Acc: 15.32%, Loss: 1.8480
Epoch: 1, Batch: 1170, Acc: 15.36%, Loss: 1.8464
Epoch: 1, Batch: 1180, Acc: 15.39%, Loss: 1.8640
Epoch: 1, Batch: 1190, Acc: 15.42%, Loss: 1.8530
Epoch: 1, Batch: 1200, Acc: 15.46%, Loss: 1.8558
Epoch: 1, Batch: 1210, Acc: 15.50%, Loss: 1.8681
Epoch: 1, Batch: 1220, Acc: 15.56%, Loss: 1.8251
Epoch: 1, Batch: 1230, Acc: 15.61%, Loss: 1.8568
Epoch: 1, Batch: 1240, Acc: 15.67%, Loss: 1.8292
Epoch: 1, Batch: 1250, Acc: 15.70%, Loss: 1.8504
Epoch: 1, Batch: 1260, Acc: 15.76%, Loss: 1.8305
Epoch: 1, Batch: 1270, Acc: 15.79%, Loss: 1.8623
Epoch: 1, Batch: 1280, Acc: 15.85%, Loss: 1.8272
Epoch: 1, Batch: 1290, Acc: 15.90%, Loss: 1.8385
Epoch: 1, Batch: 1300, Acc: 15.94%, Loss: 1.8670
Epoch: 1, Batch: 1310, Acc: 15.99%, Loss: 1.8365
Epoch: 1, Batch: 1320, Acc: 16.05%, Loss: 1.8524
Epoch: 1, Batch: 1330, Acc: 16.09%, Loss: 1.8404
Epoch: 1, Batch: 1340, Acc: 16.10%, Loss: 1.8674
Epoch: 1, Batch: 1350, Acc: 16.16%, Loss: 1.8147
Epoch: 1, Batch: 1360, Acc: 16.21%, Loss: 1.8353
Epoch: 1, Batch: 1370, Acc: 16.25%, Loss: 1.8225
Epoch: 1, Batch: 1380, Acc: 16.30%, Loss: 1.8291
Epoch: 1, Batch: 1390, Acc: 16.35%, Loss: 1.8289
Epoch: 1, Batch: 1400, Acc: 16.39%, Loss: 1.8592
Epoch: 1, Batch: 1410, Acc: 16.44%, Loss: 1.8133
Epoch: 1, Batch: 1420, Acc: 16.48%, Loss: 1.8535
Epoch: 1, Batch: 1430, Acc: 16.52%, Loss: 1.8427
Epoch: 1, Batch: 1440, Acc: 16.55%, Loss: 1.8642
Epoch: 1, Batch: 1450, Acc: 16.60%, Loss: 1.7993
Epoch: 1, Batch: 1460, Acc: 16.64%, Loss: 1.8509
Epoch: 1, Batch: 1470, Acc: 16.66%, Loss: 1.8337
Epoch: 1, Batch: 1480, Acc: 16.69%, Loss: 1.8403
Epoch: 1, Batch: 1490, Acc: 16.75%, Loss: 1.8214
Epoch: 1, Batch: 1500, Acc: 16.81%, Loss: 1.8044
Epoch: 1, Batch: 1510, Acc: 16.86%, Loss: 1.8358
Epoch: 1, Batch: 1520, Acc: 16.89%, Loss: 1.8369
Epoch: 1, Batch: 1530, Acc: 16.92%, Loss: 1.8292
Epoch: 1, Batch: 1540, Acc: 16.97%, Loss: 1.7938
Epoch: 1, Batch: 1550, Acc: 16.99%, Loss: 1.8706
Epoch: 1, Batch: 1560, Acc: 17.04%, Loss: 1.8202
Epoch: 1, Batch: 1570, Acc: 17.08%, Loss: 1.8354
Epoch: 1, Batch: 1580, Acc: 17.11%, Loss: 1.8340
Epoch: 1, Batch: 1590, Acc: 17.14%, Loss: 1.8661
Epoch: 1, Batch: 1600, Acc: 17.18%, Loss: 1.8398
Epoch: 1, Batch: 1610, Acc: 17.21%, Loss: 1.8534
Epoch: 1, Batch: 1620, Acc: 17.24%, Loss: 1.8267
Epoch: 1, Batch: 1630, Acc: 17.27%, Loss: 1.8064
Epoch: 1, Batch: 1640, Acc: 17.28%, Loss: 1.8362
Epoch: 1, Batch: 1650, Acc: 17.31%, Loss: 1.8096
Epoch: 1, Batch: 1660, Acc: 17.35%, Loss: 1.8342
Epoch: 1, Batch: 1670, Acc: 17.37%, Loss: 1.8417
Epoch: 1, Batch: 1680, Acc: 17.39%, Loss: 1.8772
Epoch: 1, Batch: 1690, Acc: 17.43%, Loss: 1.8111
Epoch: 1, Batch: 1700, Acc: 17.46%, Loss: 1.8240
Epoch: 1, Batch: 1710, Acc: 17.50%, Loss: 1.8116
Epoch: 1, Batch: 1720, Acc: 17.53%, Loss: 1.8081
Epoch: 1, Batch: 1730, Acc: 17.56%, Loss: 1.8337
Epoch: 1, Batch: 1740, Acc: 17.58%, Loss: 1.8401
Epoch: 1, Batch: 1750, Acc: 17.61%, Loss: 1.8360
Epoch: 1, Batch: 1760, Acc: 17.65%, Loss: 1.8171
Epoch: 1, Batch: 1770, Acc: 17.68%, Loss: 1.8282
Epoch: 1, Batch: 1780, Acc: 17.72%, Loss: 1.7846
Epoch: 1, Batch: 1790, Acc: 17.75%, Loss: 1.8026
Epoch: 1, Batch: 1800, Acc: 17.78%, Loss: 1.8265
Epoch: 1, Batch: 1810, Acc: 17.80%, Loss: 1.8521
Epoch: 1, Batch: 1820, Acc: 17.84%, Loss: 1.8027
Epoch: 1, Batch: 1830, Acc: 17.88%, Loss: 1.7819
Epoch: 1, Batch: 1840, Acc: 17.91%, Loss: 1.8414
Epoch: 1, Batch: 1850, Acc: 17.93%, Loss: 1.8419
Epoch: 1, Batch: 1860, Acc: 17.95%, Loss: 1.8320
Epoch: 1, Batch: 1870, Acc: 17.98%, Loss: 1.8241
Epoch: 1, Batch: 1880, Acc: 18.00%, Loss: 1.8123
Epoch: 1, Batch: 1890, Acc: 18.03%, Loss: 1.8336
Epoch: 1, Batch: 1900, Acc: 18.06%, Loss: 1.8203
Epoch: 1, Batch: 1910, Acc: 18.08%, Loss: 1.8317
Epoch: 1, Batch: 1920, Acc: 18.10%, Loss: 1.8416
Epoch: 1, Batch: 1930, Acc: 18.13%, Loss: 1.8147
Epoch: 1, Batch: 1940, Acc: 18.15%, Loss: 1.8290
Epoch: 1, Batch: 1950, Acc: 18.18%, Loss: 1.8127
Epoch: 1, Batch: 1960, Acc: 18.20%, Loss: 1.8271
Epoch: 1, Batch: 1970, Acc: 18.24%, Loss: 1.8015
Epoch: 1, Batch: 1980, Acc: 18.27%, Loss: 1.8281
Epoch: 1, Batch: 1990, Acc: 18.30%, Loss: 1.7952
Epoch: 1, Batch: 2000, Acc: 18.32%, Loss: 1.8421
Epoch: 1, Batch: 2010, Acc: 18.36%, Loss: 1.8217
Epoch: 1, Batch: 2020, Acc: 18.40%, Loss: 1.7811
Epoch: 1, Batch: 2030, Acc: 18.42%, Loss: 1.8373
Epoch: 1, Batch: 2040, Acc: 18.43%, Loss: 1.8662
Epoch: 1, Batch: 2050, Acc: 18.46%, Loss: 1.8016
Epoch: 1, Batch: 2060, Acc: 18.48%, Loss: 1.8418
Epoch: 1, Batch: 2070, Acc: 18.51%, Loss: 1.8048
Epoch: 1, Batch: 2080, Acc: 18.54%, Loss: 1.8174
Epoch: 1, Batch: 2090, Acc: 18.57%, Loss: 1.7927
Epoch: 1, Batch: 2100, Acc: 18.58%, Loss: 1.8293
Epoch: 1, Batch: 2110, Acc: 18.62%, Loss: 1.8076
Epoch: 1, Batch: 2120, Acc: 18.65%, Loss: 1.8169
Epoch: 1, Batch: 2130, Acc: 18.68%, Loss: 1.7983
Epoch: 1, Batch: 2140, Acc: 18.69%, Loss: 1.8209
Epoch: 1, Batch: 2150, Acc: 18.71%, Loss: 1.8364
Epoch: 1, Batch: 2160, Acc: 18.73%, Loss: 1.8124
Epoch: 1, Batch: 2170, Acc: 18.75%, Loss: 1.8178
Epoch: 1, Batch: 2180, Acc: 18.77%, Loss: 1.8281
Epoch: 1, Batch: 2190, Acc: 18.79%, Loss: 1.8282
Epoch: 1, Batch: 2200, Acc: 18.80%, Loss: 1.8191
Epoch: 1, Batch: 2210, Acc: 18.83%, Loss: 1.7989
Epoch: 1, Batch: 2220, Acc: 18.85%, Loss: 1.8244
Epoch: 1, Batch: 2230, Acc: 18.87%, Loss: 1.7909
Epoch: 1, Batch: 2240, Acc: 18.90%, Loss: 1.8422
Epoch: 1, Batch: 2250, Acc: 18.91%, Loss: 1.8438
Epoch: 1, Batch: 2260, Acc: 18.95%, Loss: 1.8020
Epoch: 1, Batch: 2270, Acc: 18.97%, Loss: 1.8079
Epoch: 1, Batch: 2280, Acc: 19.00%, Loss: 1.7929
Epoch: 1, Batch: 2290, Acc: 19.00%, Loss: 1.8314
Epoch: 1, Batch: 2300, Acc: 19.02%, Loss: 1.7991
Epoch: 1, Batch: 2310, Acc: 19.05%, Loss: 1.7544
Epoch: 1, Batch: 2320, Acc: 19.06%, Loss: 1.8597
Epoch: 1, Batch: 2330, Acc: 19.09%, Loss: 1.8280
Epoch: 1, Batch: 2340, Acc: 19.10%, Loss: 1.8293
Epoch: 1, Batch: 2350, Acc: 19.12%, Loss: 1.8283
Epoch: 1, Batch: 2360, Acc: 19.14%, Loss: 1.8056
Epoch: 1, Batch: 2370, Acc: 19.15%, Loss: 1.8234
Epoch: 1, Batch: 2380, Acc: 19.17%, Loss: 1.7742
Epoch: 1, Batch: 2390, Acc: 19.20%, Loss: 1.7966
Epoch: 1, Batch: 2400, Acc: 19.21%, Loss: 1.8241
Epoch: 1, Batch: 2410, Acc: 19.23%, Loss: 1.8371
Epoch: 1, Batch: 2420, Acc: 19.24%, Loss: 1.8188
Epoch: 1, Batch: 2430, Acc: 19.27%, Loss: 1.7718
Epoch: 1, Batch: 2440, Acc: 19.29%, Loss: 1.8253
Epoch: 1, Batch: 2450, Acc: 19.31%, Loss: 1.8002
Epoch: 1, Batch: 2460, Acc: 19.32%, Loss: 1.8248
Epoch: 1, Batch: 2470, Acc: 19.34%, Loss: 1.7963
Epoch: 1, Batch: 2480, Acc: 19.38%, Loss: 1.7805
Epoch: 1, Batch: 2490, Acc: 19.39%, Loss: 1.8391
Epoch: 1, Batch: 2500, Acc: 19.41%, Loss: 1.7951
Epoch: 1, Batch: 2510, Acc: 19.43%, Loss: 1.7964
Epoch: 1, Batch: 2520, Acc: 19.45%, Loss: 1.8272
Epoch: 1, Batch: 2530, Acc: 19.47%, Loss: 1.7996
Epoch: 1, Batch: 2540, Acc: 19.49%, Loss: 1.8239
Epoch: 1, Batch: 2550, Acc: 19.51%, Loss: 1.7916
Epoch: 1, Batch: 2560, Acc: 19.54%, Loss: 1.7779
Epoch: 1, Batch: 2570, Acc: 19.55%, Loss: 1.7960
Epoch: 1, Batch: 2580, Acc: 19.56%, Loss: 1.8250
Epoch: 1, Batch: 2590, Acc: 19.58%, Loss: 1.7931
Epoch: 1, Batch: 2600, Acc: 19.59%, Loss: 1.8286
Epoch: 1, Batch: 2610, Acc: 19.61%, Loss: 1.8159
Epoch: 1, Batch: 2620, Acc: 19.63%, Loss: 1.8433
Epoch: 1, Batch: 2630, Acc: 19.64%, Loss: 1.8019
Epoch: 1, Batch: 2640, Acc: 19.65%, Loss: 1.8494
Epoch: 1, Batch: 2650, Acc: 19.68%, Loss: 1.8035
Epoch: 1, Batch: 2660, Acc: 19.70%, Loss: 1.8037
Epoch: 1, Batch: 2670, Acc: 19.71%, Loss: 1.8062
Epoch: 1, Batch: 2680, Acc: 19.72%, Loss: 1.8391
Epoch: 1, Batch: 2690, Acc: 19.73%, Loss: 1.7919
Epoch: 1, Batch: 2700, Acc: 19.76%, Loss: 1.7700
Epoch: 1, Batch: 2710, Acc: 19.78%, Loss: 1.8042
Epoch: 1, Batch: 2720, Acc: 19.80%, Loss: 1.8444
Epoch: 1, Batch: 2730, Acc: 19.81%, Loss: 1.8040
Epoch: 1, Batch: 2740, Acc: 19.83%, Loss: 1.8198
Epoch: 1, Batch: 2750, Acc: 19.86%, Loss: 1.7535
Epoch: 1, Batch: 2760, Acc: 19.87%, Loss: 1.8177
Epoch: 1, Batch: 2770, Acc: 19.90%, Loss: 1.7722
Epoch: 1, Batch: 2780, Acc: 19.91%, Loss: 1.8262
Epoch: 1, Batch: 2790, Acc: 19.93%, Loss: 1.7927
Epoch: 1, Batch: 2800, Acc: 19.95%, Loss: 1.8057
Epoch: 1, Batch: 2810, Acc: 19.97%, Loss: 1.7866
Epoch: 1, Batch: 2820, Acc: 19.98%, Loss: 1.8166
Epoch: 1, Batch: 2830, Acc: 20.00%, Loss: 1.8113
Epoch: 1, Batch: 2840, Acc: 20.02%, Loss: 1.8013
Epoch: 1, Batch: 2850, Acc: 20.03%, Loss: 1.8111
Epoch: 1, Batch: 2860, Acc: 20.04%, Loss: 1.8217
Epoch: 1, Batch: 2870, Acc: 20.06%, Loss: 1.8341
Epoch: 1, Batch: 2880, Acc: 20.06%, Loss: 1.8484
Accuracy on test set: 44.71%, Val loss: 2.3461
Epoch 1: train_loss=1.8595, val_acc=44.71, best_val_acc=44.71, es_counter=0
Epoch: 2, Batch: 10, Acc: 23.75%, Loss: 1.8119
Epoch: 2, Batch: 20, Acc: 23.67%, Loss: 1.7936
Epoch: 2, Batch: 30, Acc: 24.43%, Loss: 1.7962
Epoch: 2, Batch: 40, Acc: 24.61%, Loss: 1.8334
Epoch: 2, Batch: 50, Acc: 24.84%, Loss: 1.8148
Epoch: 2, Batch: 60, Acc: 24.79%, Loss: 1.8220
Epoch: 2, Batch: 70, Acc: 24.51%, Loss: 1.8087
Epoch: 2, Batch: 80, Acc: 24.32%, Loss: 1.8308
Epoch: 2, Batch: 90, Acc: 24.08%, Loss: 1.8247
Epoch: 2, Batch: 100, Acc: 23.88%, Loss: 1.8215
Epoch: 2, Batch: 110, Acc: 23.75%, Loss: 1.8233
Epoch: 2, Batch: 120, Acc: 23.83%, Loss: 1.8058
Epoch: 2, Batch: 130, Acc: 24.22%, Loss: 1.7796
Epoch: 2, Batch: 140, Acc: 24.19%, Loss: 1.7992
Epoch: 2, Batch: 150, Acc: 24.16%, Loss: 1.8124
Epoch: 2, Batch: 160, Acc: 24.23%, Loss: 1.7918
Epoch: 2, Batch: 170, Acc: 24.20%, Loss: 1.8030
Epoch: 2, Batch: 180, Acc: 24.03%, Loss: 1.8393
Epoch: 2, Batch: 190, Acc: 23.91%, Loss: 1.8347
Epoch: 2, Batch: 200, Acc: 23.73%, Loss: 1.8336
Epoch: 2, Batch: 210, Acc: 23.76%, Loss: 1.8023
Epoch: 2, Batch: 220, Acc: 23.79%, Loss: 1.7860
Epoch: 2, Batch: 230, Acc: 23.80%, Loss: 1.7863
Epoch: 2, Batch: 240, Acc: 23.84%, Loss: 1.8046
Epoch: 2, Batch: 250, Acc: 23.88%, Loss: 1.7957
Epoch: 2, Batch: 260, Acc: 24.00%, Loss: 1.7978
Epoch: 2, Batch: 270, Acc: 24.00%, Loss: 1.8005
Epoch: 2, Batch: 280, Acc: 24.00%, Loss: 1.7978
Epoch: 2, Batch: 290, Acc: 24.01%, Loss: 1.8108
Epoch: 2, Batch: 300, Acc: 24.03%, Loss: 1.7937
Epoch: 2, Batch: 310, Acc: 23.99%, Loss: 1.8304
Epoch: 2, Batch: 320, Acc: 24.02%, Loss: 1.7677
Epoch: 2, Batch: 330, Acc: 24.00%, Loss: 1.8238
Epoch: 2, Batch: 340, Acc: 23.99%, Loss: 1.8077
Epoch: 2, Batch: 350, Acc: 23.95%, Loss: 1.8028
Epoch: 2, Batch: 360, Acc: 24.01%, Loss: 1.7726
Epoch: 2, Batch: 370, Acc: 23.97%, Loss: 1.8445
Epoch: 2, Batch: 380, Acc: 24.05%, Loss: 1.7879
Epoch: 2, Batch: 390, Acc: 24.05%, Loss: 1.7862
Epoch: 2, Batch: 400, Acc: 24.07%, Loss: 1.8216
Epoch: 2, Batch: 410, Acc: 24.09%, Loss: 1.8029
Epoch: 2, Batch: 420, Acc: 24.11%, Loss: 1.8047
Epoch: 2, Batch: 430, Acc: 24.10%, Loss: 1.8470
Epoch: 2, Batch: 440, Acc: 24.13%, Loss: 1.7908
Epoch: 2, Batch: 450, Acc: 24.10%, Loss: 1.7922
Epoch: 2, Batch: 460, Acc: 24.16%, Loss: 1.7831
Epoch: 2, Batch: 470, Acc: 24.12%, Loss: 1.8297
Epoch: 2, Batch: 480, Acc: 24.05%, Loss: 1.8440
Epoch: 2, Batch: 490, Acc: 24.12%, Loss: 1.7880
Epoch: 2, Batch: 500, Acc: 24.17%, Loss: 1.7932
Epoch: 2, Batch: 510, Acc: 24.15%, Loss: 1.8243
Epoch: 2, Batch: 520, Acc: 24.15%, Loss: 1.8000
Epoch: 2, Batch: 530, Acc: 24.10%, Loss: 1.8394
Epoch: 2, Batch: 540, Acc: 24.12%, Loss: 1.7974
Epoch: 2, Batch: 550, Acc: 24.10%, Loss: 1.7976
Epoch: 2, Batch: 560, Acc: 24.06%, Loss: 1.8266
Epoch: 2, Batch: 570, Acc: 24.09%, Loss: 1.7907
Epoch: 2, Batch: 580, Acc: 24.09%, Loss: 1.7928
Epoch: 2, Batch: 590, Acc: 24.07%, Loss: 1.7969
Epoch: 2, Batch: 600, Acc: 24.05%, Loss: 1.8029
Epoch: 2, Batch: 610, Acc: 24.02%, Loss: 1.8524
Epoch: 2, Batch: 620, Acc: 24.07%, Loss: 1.7540
Epoch: 2, Batch: 630, Acc: 24.08%, Loss: 1.7805
Epoch: 2, Batch: 640, Acc: 24.09%, Loss: 1.8130
Epoch: 2, Batch: 650, Acc: 24.09%, Loss: 1.8016
Epoch: 2, Batch: 660, Acc: 24.12%, Loss: 1.7897
Epoch: 2, Batch: 670, Acc: 24.13%, Loss: 1.8026
Epoch: 2, Batch: 680, Acc: 24.09%, Loss: 1.8592
Epoch: 2, Batch: 690, Acc: 24.06%, Loss: 1.8407
Epoch: 2, Batch: 700, Acc: 24.04%, Loss: 1.8328
Epoch: 2, Batch: 710, Acc: 24.01%, Loss: 1.8135
Epoch: 2, Batch: 720, Acc: 24.03%, Loss: 1.8175
Epoch: 2, Batch: 730, Acc: 24.03%, Loss: 1.8270
Epoch: 2, Batch: 740, Acc: 24.02%, Loss: 1.8166
Epoch: 2, Batch: 750, Acc: 24.05%, Loss: 1.7644
Epoch: 2, Batch: 760, Acc: 24.04%, Loss: 1.8441
Epoch: 2, Batch: 770, Acc: 24.04%, Loss: 1.8119
Epoch: 2, Batch: 780, Acc: 24.07%, Loss: 1.7861
Epoch: 2, Batch: 790, Acc: 24.08%, Loss: 1.8151
Epoch: 2, Batch: 800, Acc: 24.10%, Loss: 1.7849
Epoch: 2, Batch: 810, Acc: 24.11%, Loss: 1.7810
Epoch: 2, Batch: 820, Acc: 24.08%, Loss: 1.8127
Epoch: 2, Batch: 830, Acc: 24.09%, Loss: 1.8176
Epoch: 2, Batch: 840, Acc: 24.14%, Loss: 1.7763
Epoch: 2, Batch: 850, Acc: 24.10%, Loss: 1.8449
Epoch: 2, Batch: 860, Acc: 24.09%, Loss: 1.7741
Epoch: 2, Batch: 870, Acc: 24.10%, Loss: 1.7869
Epoch: 2, Batch: 880, Acc: 24.12%, Loss: 1.7834
Epoch: 2, Batch: 890, Acc: 24.14%, Loss: 1.7914
Epoch: 2, Batch: 900, Acc: 24.12%, Loss: 1.8063
Epoch: 2, Batch: 910, Acc: 24.17%, Loss: 1.7682
Epoch: 2, Batch: 920, Acc: 24.21%, Loss: 1.7847
Epoch: 2, Batch: 930, Acc: 24.22%, Loss: 1.8095
Epoch: 2, Batch: 940, Acc: 24.20%, Loss: 1.8128
Epoch: 2, Batch: 950, Acc: 24.18%, Loss: 1.8418
Epoch: 2, Batch: 960, Acc: 24.15%, Loss: 1.8007
Epoch: 2, Batch: 970, Acc: 24.13%, Loss: 1.8171
Epoch: 2, Batch: 980, Acc: 24.15%, Loss: 1.7798
Epoch: 2, Batch: 990, Acc: 24.16%, Loss: 1.8011
Epoch: 2, Batch: 1000, Acc: 24.15%, Loss: 1.8064
Epoch: 2, Batch: 1010, Acc: 24.17%, Loss: 1.7832
Epoch: 2, Batch: 1020, Acc: 24.18%, Loss: 1.7937
Epoch: 2, Batch: 1030, Acc: 24.17%, Loss: 1.8054
Epoch: 2, Batch: 1040, Acc: 24.14%, Loss: 1.8452
Epoch: 2, Batch: 1050, Acc: 24.16%, Loss: 1.7905
Epoch: 2, Batch: 1060, Acc: 24.15%, Loss: 1.8178
Epoch: 2, Batch: 1070, Acc: 24.12%, Loss: 1.8305
Epoch: 2, Batch: 1080, Acc: 24.08%, Loss: 1.8556
Epoch: 2, Batch: 1090, Acc: 24.05%, Loss: 1.8765
Epoch: 2, Batch: 1100, Acc: 24.02%, Loss: 1.8551
Epoch: 2, Batch: 1110, Acc: 24.01%, Loss: 1.8257
Epoch: 2, Batch: 1120, Acc: 24.02%, Loss: 1.8223
Epoch: 2, Batch: 1130, Acc: 24.02%, Loss: 1.7601
Epoch: 2, Batch: 1140, Acc: 24.01%, Loss: 1.8033
Epoch: 2, Batch: 1150, Acc: 24.02%, Loss: 1.8162
Epoch: 2, Batch: 1160, Acc: 24.02%, Loss: 1.8009
Epoch: 2, Batch: 1170, Acc: 24.04%, Loss: 1.7714
Epoch: 2, Batch: 1180, Acc: 24.04%, Loss: 1.7956
Epoch: 2, Batch: 1190, Acc: 24.05%, Loss: 1.8140
Epoch: 2, Batch: 1200, Acc: 24.05%, Loss: 1.7920
Epoch: 2, Batch: 1210, Acc: 24.06%, Loss: 1.7994
Epoch: 2, Batch: 1220, Acc: 24.06%, Loss: 1.7971
Epoch: 2, Batch: 1230, Acc: 24.04%, Loss: 1.8248
Epoch: 2, Batch: 1240, Acc: 24.03%, Loss: 1.8036
Epoch: 2, Batch: 1250, Acc: 24.05%, Loss: 1.7692
Epoch: 2, Batch: 1260, Acc: 24.05%, Loss: 1.8034
Epoch: 2, Batch: 1270, Acc: 24.05%, Loss: 1.8122
Epoch: 2, Batch: 1280, Acc: 24.05%, Loss: 1.7934
Epoch: 2, Batch: 1290, Acc: 24.03%, Loss: 1.8176
Epoch: 2, Batch: 1300, Acc: 24.03%, Loss: 1.8034
Epoch: 2, Batch: 1310, Acc: 24.04%, Loss: 1.7830
Epoch: 2, Batch: 1320, Acc: 24.04%, Loss: 1.8301
Epoch: 2, Batch: 1330, Acc: 24.03%, Loss: 1.8313
Epoch: 2, Batch: 1340, Acc: 24.01%, Loss: 1.8417
Epoch: 2, Batch: 1350, Acc: 24.01%, Loss: 1.8187
Epoch: 2, Batch: 1360, Acc: 23.98%, Loss: 1.8525
Epoch: 2, Batch: 1370, Acc: 23.96%, Loss: 1.7973
Epoch: 2, Batch: 1380, Acc: 23.99%, Loss: 1.7676
Epoch: 2, Batch: 1390, Acc: 24.01%, Loss: 1.7823
Epoch: 2, Batch: 1400, Acc: 24.01%, Loss: 1.7771
Epoch: 2, Batch: 1410, Acc: 24.02%, Loss: 1.7995
Epoch: 2, Batch: 1420, Acc: 24.00%, Loss: 1.8374
Epoch: 2, Batch: 1430, Acc: 23.99%, Loss: 1.8080
Epoch: 2, Batch: 1440, Acc: 24.00%, Loss: 1.7856
Epoch: 2, Batch: 1450, Acc: 24.00%, Loss: 1.8071
Epoch: 2, Batch: 1460, Acc: 23.98%, Loss: 1.8187
Epoch: 2, Batch: 1470, Acc: 24.00%, Loss: 1.8028
Epoch: 2, Batch: 1480, Acc: 24.01%, Loss: 1.7983
Epoch: 2, Batch: 1490, Acc: 24.01%, Loss: 1.8032
Epoch: 2, Batch: 1500, Acc: 24.02%, Loss: 1.8088
Epoch: 2, Batch: 1510, Acc: 24.02%, Loss: 1.7953
Epoch: 2, Batch: 1520, Acc: 24.01%, Loss: 1.8350
Epoch: 2, Batch: 1530, Acc: 24.02%, Loss: 1.7847
Epoch: 2, Batch: 1540, Acc: 24.03%, Loss: 1.7671
Epoch: 2, Batch: 1550, Acc: 24.04%, Loss: 1.8065
Epoch: 2, Batch: 1560, Acc: 24.04%, Loss: 1.8077
Epoch: 2, Batch: 1570, Acc: 24.04%, Loss: 1.8120
Epoch: 2, Batch: 1580, Acc: 24.07%, Loss: 1.7597
Epoch: 2, Batch: 1590, Acc: 24.07%, Loss: 1.7919
Epoch: 2, Batch: 1600, Acc: 24.07%, Loss: 1.8040
Epoch: 2, Batch: 1610, Acc: 24.07%, Loss: 1.8056
Epoch: 2, Batch: 1620, Acc: 24.08%, Loss: 1.7833
Epoch: 2, Batch: 1630, Acc: 24.08%, Loss: 1.8077
Epoch: 2, Batch: 1640, Acc: 24.07%, Loss: 1.8253
Epoch: 2, Batch: 1650, Acc: 24.07%, Loss: 1.7841
Epoch: 2, Batch: 1660, Acc: 24.06%, Loss: 1.8095
Epoch: 2, Batch: 1670, Acc: 24.06%, Loss: 1.7844
Epoch: 2, Batch: 1680, Acc: 24.05%, Loss: 1.8325
Epoch: 2, Batch: 1690, Acc: 24.06%, Loss: 1.7940
Epoch: 2, Batch: 1700, Acc: 24.05%, Loss: 1.7906
Epoch: 2, Batch: 1710, Acc: 24.03%, Loss: 1.8541
Epoch: 2, Batch: 1720, Acc: 24.04%, Loss: 1.7695
Epoch: 2, Batch: 1730, Acc: 24.05%, Loss: 1.7786
Epoch: 2, Batch: 1740, Acc: 24.06%, Loss: 1.8029
Epoch: 2, Batch: 1750, Acc: 24.06%, Loss: 1.8230
Epoch: 2, Batch: 1760, Acc: 24.04%, Loss: 1.8270
Epoch: 2, Batch: 1770, Acc: 24.04%, Loss: 1.8273
Epoch: 2, Batch: 1780, Acc: 24.03%, Loss: 1.8128
Epoch: 2, Batch: 1790, Acc: 24.03%, Loss: 1.7777
Epoch: 2, Batch: 1800, Acc: 24.03%, Loss: 1.7948
Epoch: 2, Batch: 1810, Acc: 24.05%, Loss: 1.7953
Epoch: 2, Batch: 1820, Acc: 24.04%, Loss: 1.7910
Epoch: 2, Batch: 1830, Acc: 24.04%, Loss: 1.8218
Epoch: 2, Batch: 1840, Acc: 24.04%, Loss: 1.8306
Epoch: 2, Batch: 1850, Acc: 24.04%, Loss: 1.8253
Epoch: 2, Batch: 1860, Acc: 24.04%, Loss: 1.7990
Epoch: 2, Batch: 1870, Acc: 24.04%, Loss: 1.7690
Epoch: 2, Batch: 1880, Acc: 24.03%, Loss: 1.8195
Epoch: 2, Batch: 1890, Acc: 24.05%, Loss: 1.7700
Epoch: 2, Batch: 1900, Acc: 24.05%, Loss: 1.8035
Epoch: 2, Batch: 1910, Acc: 24.05%, Loss: 1.7865
Epoch: 2, Batch: 1920, Acc: 24.05%, Loss: 1.8185
Epoch: 2, Batch: 1930, Acc: 24.03%, Loss: 1.7989
Epoch: 2, Batch: 1940, Acc: 24.05%, Loss: 1.7580
Epoch: 2, Batch: 1950, Acc: 24.06%, Loss: 1.7832
Epoch: 2, Batch: 1960, Acc: 24.05%, Loss: 1.8300
Epoch: 2, Batch: 1970, Acc: 24.05%, Loss: 1.8338
Epoch: 2, Batch: 1980, Acc: 24.06%, Loss: 1.8331
Epoch: 2, Batch: 1990, Acc: 24.07%, Loss: 1.7541
Epoch: 2, Batch: 2000, Acc: 24.09%, Loss: 1.7346
Epoch: 2, Batch: 2010, Acc: 24.10%, Loss: 1.8098
Epoch: 2, Batch: 2020, Acc: 24.11%, Loss: 1.7982
Epoch: 2, Batch: 2030, Acc: 24.10%, Loss: 1.8273
Epoch: 2, Batch: 2040, Acc: 24.10%, Loss: 1.7946
Epoch: 2, Batch: 2050, Acc: 24.10%, Loss: 1.7901
Epoch: 2, Batch: 2060, Acc: 24.10%, Loss: 1.8024
Epoch: 2, Batch: 2070, Acc: 24.11%, Loss: 1.7658
Epoch: 2, Batch: 2080, Acc: 24.12%, Loss: 1.8178
Epoch: 2, Batch: 2090, Acc: 24.11%, Loss: 1.8099
Epoch: 2, Batch: 2100, Acc: 24.11%, Loss: 1.7839
Epoch: 2, Batch: 2110, Acc: 24.11%, Loss: 1.8131
Epoch: 2, Batch: 2120, Acc: 24.10%, Loss: 1.7977
Epoch: 2, Batch: 2130, Acc: 24.09%, Loss: 1.7940
Epoch: 2, Batch: 2140, Acc: 24.09%, Loss: 1.7959
Epoch: 2, Batch: 2150, Acc: 24.09%, Loss: 1.7686
Epoch: 2, Batch: 2160, Acc: 24.09%, Loss: 1.8495
Epoch: 2, Batch: 2170, Acc: 24.08%, Loss: 1.8272
Epoch: 2, Batch: 2180, Acc: 24.07%, Loss: 1.8037
Epoch: 2, Batch: 2190, Acc: 24.07%, Loss: 1.7987
Epoch: 2, Batch: 2200, Acc: 24.08%, Loss: 1.7776
Epoch: 2, Batch: 2210, Acc: 24.09%, Loss: 1.7822
Epoch: 2, Batch: 2220, Acc: 24.09%, Loss: 1.8029
Epoch: 2, Batch: 2230, Acc: 24.10%, Loss: 1.8141
Epoch: 2, Batch: 2240, Acc: 24.10%, Loss: 1.7892
Epoch: 2, Batch: 2250, Acc: 24.11%, Loss: 1.8105
Epoch: 2, Batch: 2260, Acc: 24.12%, Loss: 1.7381
Epoch: 2, Batch: 2270, Acc: 24.12%, Loss: 1.7948
Epoch: 2, Batch: 2280, Acc: 24.12%, Loss: 1.7801
Epoch: 2, Batch: 2290, Acc: 24.13%, Loss: 1.7762
Epoch: 2, Batch: 2300, Acc: 24.15%, Loss: 1.7703
Epoch: 2, Batch: 2310, Acc: 24.14%, Loss: 1.8195
Epoch: 2, Batch: 2320, Acc: 24.16%, Loss: 1.7843
Epoch: 2, Batch: 2330, Acc: 24.16%, Loss: 1.7902
Epoch: 2, Batch: 2340, Acc: 24.16%, Loss: 1.7916
Epoch: 2, Batch: 2350, Acc: 24.16%, Loss: 1.7638
Epoch: 2, Batch: 2360, Acc: 24.16%, Loss: 1.8450
Epoch: 2, Batch: 2370, Acc: 24.16%, Loss: 1.7902
Epoch: 2, Batch: 2380, Acc: 24.16%, Loss: 1.8320
Epoch: 2, Batch: 2390, Acc: 24.15%, Loss: 1.8016
Epoch: 2, Batch: 2400, Acc: 24.16%, Loss: 1.8039
Epoch: 2, Batch: 2410, Acc: 24.15%, Loss: 1.8085
Epoch: 2, Batch: 2420, Acc: 24.15%, Loss: 1.8656
Epoch: 2, Batch: 2430, Acc: 24.15%, Loss: 1.8104
Epoch: 2, Batch: 2440, Acc: 24.16%, Loss: 1.7537
Epoch: 2, Batch: 2450, Acc: 24.16%, Loss: 1.8089
Epoch: 2, Batch: 2460, Acc: 24.16%, Loss: 1.8240
Epoch: 2, Batch: 2470, Acc: 24.14%, Loss: 1.8670
Epoch: 2, Batch: 2480, Acc: 24.14%, Loss: 1.7856
Epoch: 2, Batch: 2490, Acc: 24.13%, Loss: 1.8210
Epoch: 2, Batch: 2500, Acc: 24.13%, Loss: 1.7736
Epoch: 2, Batch: 2510, Acc: 24.13%, Loss: 1.7957
Epoch: 2, Batch: 2520, Acc: 24.12%, Loss: 1.8388
Epoch: 2, Batch: 2530, Acc: 24.12%, Loss: 1.8107
Epoch: 2, Batch: 2540, Acc: 24.11%, Loss: 1.8320
Epoch: 2, Batch: 2550, Acc: 24.11%, Loss: 1.8222
Epoch: 2, Batch: 2560, Acc: 24.11%, Loss: 1.7965
Epoch: 2, Batch: 2570, Acc: 24.12%, Loss: 1.7827
Epoch: 2, Batch: 2580, Acc: 24.12%, Loss: 1.7878
Epoch: 2, Batch: 2590, Acc: 24.12%, Loss: 1.7742
Epoch: 2, Batch: 2600, Acc: 24.12%, Loss: 1.7936
Epoch: 2, Batch: 2610, Acc: 24.12%, Loss: 1.8142
Epoch: 2, Batch: 2620, Acc: 24.13%, Loss: 1.7478
Epoch: 2, Batch: 2630, Acc: 24.12%, Loss: 1.8206
Epoch: 2, Batch: 2640, Acc: 24.13%, Loss: 1.7666
Epoch: 2, Batch: 2650, Acc: 24.13%, Loss: 1.7886
Epoch: 2, Batch: 2660, Acc: 24.13%, Loss: 1.8256
Epoch: 2, Batch: 2670, Acc: 24.13%, Loss: 1.8250
Epoch: 2, Batch: 2680, Acc: 24.14%, Loss: 1.7640
Epoch: 2, Batch: 2690, Acc: 24.14%, Loss: 1.7846
Epoch: 2, Batch: 2700, Acc: 24.14%, Loss: 1.7768
Epoch: 2, Batch: 2710, Acc: 24.14%, Loss: 1.8298
Epoch: 2, Batch: 2720, Acc: 24.14%, Loss: 1.8066
Epoch: 2, Batch: 2730, Acc: 24.14%, Loss: 1.8051
Epoch: 2, Batch: 2740, Acc: 24.15%, Loss: 1.8065
Epoch: 2, Batch: 2750, Acc: 24.14%, Loss: 1.8210
Epoch: 2, Batch: 2760, Acc: 24.15%, Loss: 1.8159
Epoch: 2, Batch: 2770, Acc: 24.15%, Loss: 1.8021
Epoch: 2, Batch: 2780, Acc: 24.14%, Loss: 1.8552
Epoch: 2, Batch: 2790, Acc: 24.15%, Loss: 1.7819
Epoch: 2, Batch: 2800, Acc: 24.14%, Loss: 1.8280
Epoch: 2, Batch: 2810, Acc: 24.15%, Loss: 1.7866
Epoch: 2, Batch: 2820, Acc: 24.15%, Loss: 1.7933
Epoch: 2, Batch: 2830, Acc: 24.16%, Loss: 1.7683
Epoch: 2, Batch: 2840, Acc: 24.16%, Loss: 1.8287
Epoch: 2, Batch: 2850, Acc: 24.16%, Loss: 1.8335
Epoch: 2, Batch: 2860, Acc: 24.14%, Loss: 1.8442
Epoch: 2, Batch: 2870, Acc: 24.15%, Loss: 1.8093
Epoch: 2, Batch: 2880, Acc: 24.14%, Loss: 1.8255
Accuracy on test set: 45.79%, Val loss: 2.2957
Epoch 2: train_loss=1.8045, val_acc=45.79, best_val_acc=45.79, es_counter=0
Epoch: 3, Batch: 10, Acc: 24.84%, Loss: 1.8058
Epoch: 3, Batch: 20, Acc: 24.61%, Loss: 1.8067
Epoch: 3, Batch: 30, Acc: 24.27%, Loss: 1.7991
Epoch: 3, Batch: 40, Acc: 24.22%, Loss: 1.8108
Epoch: 3, Batch: 50, Acc: 24.00%, Loss: 1.8375
Epoch: 3, Batch: 60, Acc: 23.96%, Loss: 1.8057
Epoch: 3, Batch: 70, Acc: 24.15%, Loss: 1.7820
Epoch: 3, Batch: 80, Acc: 24.28%, Loss: 1.8087
Epoch: 3, Batch: 90, Acc: 24.32%, Loss: 1.7990
Epoch: 3, Batch: 100, Acc: 24.33%, Loss: 1.7984
Epoch: 3, Batch: 110, Acc: 24.19%, Loss: 1.8137
Epoch: 3, Batch: 120, Acc: 24.21%, Loss: 1.7853
Epoch: 3, Batch: 130, Acc: 24.17%, Loss: 1.8256
Epoch: 3, Batch: 140, Acc: 23.95%, Loss: 1.8387
Epoch: 3, Batch: 150, Acc: 24.24%, Loss: 1.7394
Epoch: 3, Batch: 160, Acc: 24.02%, Loss: 1.8417
Epoch: 3, Batch: 170, Acc: 24.18%, Loss: 1.7742
Epoch: 3, Batch: 180, Acc: 24.18%, Loss: 1.8240
Epoch: 3, Batch: 190, Acc: 24.06%, Loss: 1.8214
Epoch: 3, Batch: 200, Acc: 23.99%, Loss: 1.8068
Epoch: 3, Batch: 210, Acc: 24.03%, Loss: 1.7904
Epoch: 3, Batch: 220, Acc: 23.96%, Loss: 1.7965
Epoch: 3, Batch: 230, Acc: 23.94%, Loss: 1.7803
Epoch: 3, Batch: 240, Acc: 24.00%, Loss: 1.7936
Epoch: 3, Batch: 250, Acc: 23.92%, Loss: 1.8079
Epoch: 3, Batch: 260, Acc: 23.99%, Loss: 1.8019
Epoch: 3, Batch: 270, Acc: 24.13%, Loss: 1.7654
Epoch: 3, Batch: 280, Acc: 24.13%, Loss: 1.7883
Epoch: 3, Batch: 290, Acc: 24.12%, Loss: 1.7977
Epoch: 3, Batch: 300, Acc: 24.06%, Loss: 1.8197
Epoch: 3, Batch: 310, Acc: 24.05%, Loss: 1.8178
Epoch: 3, Batch: 320, Acc: 24.01%, Loss: 1.8212
Epoch: 3, Batch: 330, Acc: 24.03%, Loss: 1.7916
Epoch: 3, Batch: 340, Acc: 24.09%, Loss: 1.7688
Epoch: 3, Batch: 350, Acc: 24.12%, Loss: 1.7973
Epoch: 3, Batch: 360, Acc: 24.09%, Loss: 1.8385
Epoch: 3, Batch: 370, Acc: 24.07%, Loss: 1.8426
Epoch: 3, Batch: 380, Acc: 24.14%, Loss: 1.7648
Epoch: 3, Batch: 390, Acc: 24.20%, Loss: 1.7715
Epoch: 3, Batch: 400, Acc: 24.22%, Loss: 1.7846
Epoch: 3, Batch: 410, Acc: 24.23%, Loss: 1.8087
Epoch: 3, Batch: 420, Acc: 24.27%, Loss: 1.7939
Epoch: 3, Batch: 430, Acc: 24.23%, Loss: 1.7893
Epoch: 3, Batch: 440, Acc: 24.16%, Loss: 1.8458
Epoch: 3, Batch: 450, Acc: 24.19%, Loss: 1.7796
Epoch: 3, Batch: 460, Acc: 24.22%, Loss: 1.7850
Epoch: 3, Batch: 470, Acc: 24.20%, Loss: 1.8103
Epoch: 3, Batch: 480, Acc: 24.25%, Loss: 1.7712
Epoch: 3, Batch: 490, Acc: 24.29%, Loss: 1.7762
Epoch: 3, Batch: 500, Acc: 24.27%, Loss: 1.7944
Epoch: 3, Batch: 510, Acc: 24.26%, Loss: 1.7656
Epoch: 3, Batch: 520, Acc: 24.18%, Loss: 1.8668
Epoch: 3, Batch: 530, Acc: 24.16%, Loss: 1.8080
Epoch: 3, Batch: 540, Acc: 24.17%, Loss: 1.8040
Epoch: 3, Batch: 550, Acc: 24.21%, Loss: 1.7988
Epoch: 3, Batch: 560, Acc: 24.22%, Loss: 1.7842
Epoch: 3, Batch: 570, Acc: 24.18%, Loss: 1.8165
Epoch: 3, Batch: 580, Acc: 24.17%, Loss: 1.7907
Epoch: 3, Batch: 590, Acc: 24.17%, Loss: 1.8257
Epoch: 3, Batch: 600, Acc: 24.18%, Loss: 1.7977
Epoch: 3, Batch: 610, Acc: 24.15%, Loss: 1.7967
Epoch: 3, Batch: 620, Acc: 24.14%, Loss: 1.8055
Epoch: 3, Batch: 630, Acc: 24.17%, Loss: 1.8022
Epoch: 3, Batch: 640, Acc: 24.16%, Loss: 1.8072
Epoch: 3, Batch: 650, Acc: 24.17%, Loss: 1.8121
Epoch: 3, Batch: 660, Acc: 24.20%, Loss: 1.7699
Epoch: 3, Batch: 670, Acc: 24.26%, Loss: 1.7589
Epoch: 3, Batch: 680, Acc: 24.31%, Loss: 1.7420
Epoch: 3, Batch: 690, Acc: 24.31%, Loss: 1.7937
Epoch: 3, Batch: 700, Acc: 24.31%, Loss: 1.8310
Epoch: 3, Batch: 710, Acc: 24.30%, Loss: 1.7814
Epoch: 3, Batch: 720, Acc: 24.30%, Loss: 1.8237
Epoch: 3, Batch: 730, Acc: 24.28%, Loss: 1.8079
Epoch: 3, Batch: 740, Acc: 24.25%, Loss: 1.8485
Epoch: 3, Batch: 750, Acc: 24.27%, Loss: 1.7898
Epoch: 3, Batch: 760, Acc: 24.24%, Loss: 1.8166
Epoch: 3, Batch: 770, Acc: 24.29%, Loss: 1.7488
Epoch: 3, Batch: 780, Acc: 24.27%, Loss: 1.8092
Epoch: 3, Batch: 790, Acc: 24.28%, Loss: 1.8289
Epoch: 3, Batch: 800, Acc: 24.31%, Loss: 1.7830
Epoch: 3, Batch: 810, Acc: 24.32%, Loss: 1.7700
Epoch: 3, Batch: 820, Acc: 24.33%, Loss: 1.8122
Epoch: 3, Batch: 830, Acc: 24.31%, Loss: 1.8105
Epoch: 3, Batch: 840, Acc: 24.31%, Loss: 1.7899
Epoch: 3, Batch: 850, Acc: 24.28%, Loss: 1.8200
Epoch: 3, Batch: 860, Acc: 24.26%, Loss: 1.8185
Epoch: 3, Batch: 870, Acc: 24.28%, Loss: 1.7856
Epoch: 3, Batch: 880, Acc: 24.27%, Loss: 1.8280
Epoch: 3, Batch: 890, Acc: 24.28%, Loss: 1.8210
Epoch: 3, Batch: 900, Acc: 24.29%, Loss: 1.8163
Epoch: 3, Batch: 910, Acc: 24.30%, Loss: 1.7742
Epoch: 3, Batch: 920, Acc: 24.30%, Loss: 1.8192
Epoch: 3, Batch: 930, Acc: 24.27%, Loss: 1.8245
Epoch: 3, Batch: 940, Acc: 24.29%, Loss: 1.7918
Epoch: 3, Batch: 950, Acc: 24.25%, Loss: 1.8158
Epoch: 3, Batch: 960, Acc: 24.27%, Loss: 1.7577
Epoch: 3, Batch: 970, Acc: 24.27%, Loss: 1.7996
Epoch: 3, Batch: 980, Acc: 24.29%, Loss: 1.7857
Epoch: 3, Batch: 990, Acc: 24.29%, Loss: 1.8207
Epoch: 3, Batch: 1000, Acc: 24.31%, Loss: 1.7853
Epoch: 3, Batch: 1010, Acc: 24.31%, Loss: 1.7692
Epoch: 3, Batch: 1020, Acc: 24.33%, Loss: 1.7667
Epoch: 3, Batch: 1030, Acc: 24.31%, Loss: 1.8134
Epoch: 3, Batch: 1040, Acc: 24.32%, Loss: 1.8052
Epoch: 3, Batch: 1050, Acc: 24.31%, Loss: 1.8265
Epoch: 3, Batch: 1060, Acc: 24.31%, Loss: 1.7697
Epoch: 3, Batch: 1070, Acc: 24.32%, Loss: 1.7799
Epoch: 3, Batch: 1080, Acc: 24.34%, Loss: 1.7839
Epoch: 3, Batch: 1090, Acc: 24.34%, Loss: 1.7853
Epoch: 3, Batch: 1100, Acc: 24.34%, Loss: 1.8150
Epoch: 3, Batch: 1110, Acc: 24.33%, Loss: 1.8320
Epoch: 3, Batch: 1120, Acc: 24.31%, Loss: 1.8517
Epoch: 3, Batch: 1130, Acc: 24.32%, Loss: 1.8109
Epoch: 3, Batch: 1140, Acc: 24.32%, Loss: 1.7820
Epoch: 3, Batch: 1150, Acc: 24.31%, Loss: 1.8068
Epoch: 3, Batch: 1160, Acc: 24.31%, Loss: 1.7840
Epoch: 3, Batch: 1170, Acc: 24.31%, Loss: 1.8335
Epoch: 3, Batch: 1180, Acc: 24.32%, Loss: 1.7865
Epoch: 3, Batch: 1190, Acc: 24.30%, Loss: 1.8422
Epoch: 3, Batch: 1200, Acc: 24.29%, Loss: 1.8086
Epoch: 3, Batch: 1210, Acc: 24.28%, Loss: 1.8081
Epoch: 3, Batch: 1220, Acc: 24.26%, Loss: 1.8122
Epoch: 3, Batch: 1230, Acc: 24.26%, Loss: 1.7852
Epoch: 3, Batch: 1240, Acc: 24.27%, Loss: 1.7915
Epoch: 3, Batch: 1250, Acc: 24.25%, Loss: 1.8125
Epoch: 3, Batch: 1260, Acc: 24.26%, Loss: 1.7965
Epoch: 3, Batch: 1270, Acc: 24.26%, Loss: 1.7921
Epoch: 3, Batch: 1280, Acc: 24.24%, Loss: 1.8381
Epoch: 3, Batch: 1290, Acc: 24.25%, Loss: 1.8108
Epoch: 3, Batch: 1300, Acc: 24.26%, Loss: 1.7733
Epoch: 3, Batch: 1310, Acc: 24.27%, Loss: 1.7934
Epoch: 3, Batch: 1320, Acc: 24.27%, Loss: 1.7969
Epoch: 3, Batch: 1330, Acc: 24.27%, Loss: 1.8051
Epoch: 3, Batch: 1340, Acc: 24.27%, Loss: 1.8037
Epoch: 3, Batch: 1350, Acc: 24.27%, Loss: 1.8150
Epoch: 3, Batch: 1360, Acc: 24.25%, Loss: 1.8352
Epoch: 3, Batch: 1370, Acc: 24.25%, Loss: 1.8021
Epoch: 3, Batch: 1380, Acc: 24.23%, Loss: 1.7920
Epoch: 3, Batch: 1390, Acc: 24.25%, Loss: 1.7770
Epoch: 3, Batch: 1400, Acc: 24.24%, Loss: 1.8238
Epoch: 3, Batch: 1410, Acc: 24.25%, Loss: 1.7691
Epoch: 3, Batch: 1420, Acc: 24.24%, Loss: 1.8229
Epoch: 3, Batch: 1430, Acc: 24.26%, Loss: 1.7270
Epoch: 3, Batch: 1440, Acc: 24.26%, Loss: 1.7995
Epoch: 3, Batch: 1450, Acc: 24.28%, Loss: 1.7401
Epoch: 3, Batch: 1460, Acc: 24.27%, Loss: 1.7973
Epoch: 3, Batch: 1470, Acc: 24.25%, Loss: 1.8516
Epoch: 3, Batch: 1480, Acc: 24.26%, Loss: 1.8039
Epoch: 3, Batch: 1490, Acc: 24.26%, Loss: 1.7922
Epoch: 3, Batch: 1500, Acc: 24.26%, Loss: 1.7869
Epoch: 3, Batch: 1510, Acc: 24.25%, Loss: 1.8546
Epoch: 3, Batch: 1520, Acc: 24.25%, Loss: 1.7848
Epoch: 3, Batch: 1530, Acc: 24.25%, Loss: 1.7811
Epoch: 3, Batch: 1540, Acc: 24.24%, Loss: 1.8140
Epoch: 3, Batch: 1550, Acc: 24.24%, Loss: 1.8009
Epoch: 3, Batch: 1560, Acc: 24.24%, Loss: 1.7839
Epoch: 3, Batch: 1570, Acc: 24.25%, Loss: 1.7875
Epoch: 3, Batch: 1580, Acc: 24.25%, Loss: 1.7935
Epoch: 3, Batch: 1590, Acc: 24.26%, Loss: 1.7861
Epoch: 3, Batch: 1600, Acc: 24.25%, Loss: 1.7843
Epoch: 3, Batch: 1610, Acc: 24.27%, Loss: 1.8024
Epoch: 3, Batch: 1620, Acc: 24.25%, Loss: 1.8065
Epoch: 3, Batch: 1630, Acc: 24.27%, Loss: 1.7917
Epoch: 3, Batch: 1640, Acc: 24.27%, Loss: 1.7865
Epoch: 3, Batch: 1650, Acc: 24.27%, Loss: 1.8387
Epoch: 3, Batch: 1660, Acc: 24.29%, Loss: 1.7894
Epoch: 3, Batch: 1670, Acc: 24.29%, Loss: 1.8145
Epoch: 3, Batch: 1680, Acc: 24.29%, Loss: 1.7958
Epoch: 3, Batch: 1690, Acc: 24.29%, Loss: 1.7922
Epoch: 3, Batch: 1700, Acc: 24.30%, Loss: 1.7756
Epoch: 3, Batch: 1710, Acc: 24.28%, Loss: 1.8601
Epoch: 3, Batch: 1720, Acc: 24.28%, Loss: 1.8141
Epoch: 3, Batch: 1730, Acc: 24.28%, Loss: 1.8165
Epoch: 3, Batch: 1740, Acc: 24.28%, Loss: 1.7738
Epoch: 3, Batch: 1750, Acc: 24.27%, Loss: 1.7907
Epoch: 3, Batch: 1760, Acc: 24.27%, Loss: 1.8218
Epoch: 3, Batch: 1770, Acc: 24.27%, Loss: 1.7931
Epoch: 3, Batch: 1780, Acc: 24.29%, Loss: 1.7342
Epoch: 3, Batch: 1790, Acc: 24.30%, Loss: 1.7906
Epoch: 3, Batch: 1800, Acc: 24.32%, Loss: 1.7315
Epoch: 3, Batch: 1810, Acc: 24.34%, Loss: 1.7545
Epoch: 3, Batch: 1820, Acc: 24.33%, Loss: 1.8190
Epoch: 3, Batch: 1830, Acc: 24.33%, Loss: 1.8139
Epoch: 3, Batch: 1840, Acc: 24.32%, Loss: 1.7801
Epoch: 3, Batch: 1850, Acc: 24.31%, Loss: 1.8324
Epoch: 3, Batch: 1860, Acc: 24.30%, Loss: 1.7960
Epoch: 3, Batch: 1870, Acc: 24.31%, Loss: 1.7892
Epoch: 3, Batch: 1880, Acc: 24.32%, Loss: 1.7685
Epoch: 3, Batch: 1890, Acc: 24.30%, Loss: 1.8326
Epoch: 3, Batch: 1900, Acc: 24.31%, Loss: 1.7817
Epoch: 3, Batch: 1910, Acc: 24.31%, Loss: 1.8157
Epoch: 3, Batch: 1920, Acc: 24.31%, Loss: 1.7499
Epoch: 3, Batch: 1930, Acc: 24.31%, Loss: 1.8232
Epoch: 3, Batch: 1940, Acc: 24.30%, Loss: 1.8239
Epoch: 3, Batch: 1950, Acc: 24.29%, Loss: 1.8372
Epoch: 3, Batch: 1960, Acc: 24.30%, Loss: 1.7875
Epoch: 3, Batch: 1970, Acc: 24.32%, Loss: 1.7838
Epoch: 3, Batch: 1980, Acc: 24.31%, Loss: 1.8059
Epoch: 3, Batch: 1990, Acc: 24.31%, Loss: 1.7708
Epoch: 3, Batch: 2000, Acc: 24.30%, Loss: 1.8495
Epoch: 3, Batch: 2010, Acc: 24.31%, Loss: 1.7980
Epoch: 3, Batch: 2020, Acc: 24.31%, Loss: 1.7907
Epoch: 3, Batch: 2030, Acc: 24.30%, Loss: 1.8010
Epoch: 3, Batch: 2040, Acc: 24.31%, Loss: 1.7740
Epoch: 3, Batch: 2050, Acc: 24.31%, Loss: 1.7767
Epoch: 3, Batch: 2060, Acc: 24.32%, Loss: 1.7594
Epoch: 3, Batch: 2070, Acc: 24.34%, Loss: 1.7398
Epoch: 3, Batch: 2080, Acc: 24.33%, Loss: 1.7891
Epoch: 3, Batch: 2090, Acc: 24.34%, Loss: 1.7831
Epoch: 3, Batch: 2100, Acc: 24.33%, Loss: 1.7983
Epoch: 3, Batch: 2110, Acc: 24.32%, Loss: 1.8038
Epoch: 3, Batch: 2120, Acc: 24.33%, Loss: 1.8173
Epoch: 3, Batch: 2130, Acc: 24.34%, Loss: 1.7839
Epoch: 3, Batch: 2140, Acc: 24.35%, Loss: 1.7698
Epoch: 3, Batch: 2150, Acc: 24.36%, Loss: 1.7694
Epoch: 3, Batch: 2160, Acc: 24.35%, Loss: 1.8263
Epoch: 3, Batch: 2170, Acc: 24.36%, Loss: 1.7850
Epoch: 3, Batch: 2180, Acc: 24.38%, Loss: 1.7361
Epoch: 3, Batch: 2190, Acc: 24.37%, Loss: 1.8043
Epoch: 3, Batch: 2200, Acc: 24.36%, Loss: 1.8009
Epoch: 3, Batch: 2210, Acc: 24.37%, Loss: 1.7847
Epoch: 3, Batch: 2220, Acc: 24.37%, Loss: 1.8056
Epoch: 3, Batch: 2230, Acc: 24.37%, Loss: 1.8144
Epoch: 3, Batch: 2240, Acc: 24.35%, Loss: 1.8344
Epoch: 3, Batch: 2250, Acc: 24.35%, Loss: 1.7911
Epoch: 3, Batch: 2260, Acc: 24.34%, Loss: 1.8132
Epoch: 3, Batch: 2270, Acc: 24.34%, Loss: 1.8042
Epoch: 3, Batch: 2280, Acc: 24.35%, Loss: 1.7706
Epoch: 3, Batch: 2290, Acc: 24.35%, Loss: 1.7922
Epoch: 3, Batch: 2300, Acc: 24.34%, Loss: 1.8215
Epoch: 3, Batch: 2310, Acc: 24.34%, Loss: 1.8062
Epoch: 3, Batch: 2320, Acc: 24.34%, Loss: 1.8119
Epoch: 3, Batch: 2330, Acc: 24.34%, Loss: 1.7841
Epoch: 3, Batch: 2340, Acc: 24.35%, Loss: 1.7590
Epoch: 3, Batch: 2350, Acc: 24.35%, Loss: 1.7485
Epoch: 3, Batch: 2360, Acc: 24.35%, Loss: 1.8072
Epoch: 3, Batch: 2370, Acc: 24.35%, Loss: 1.8143
Epoch: 3, Batch: 2380, Acc: 24.35%, Loss: 1.8151
Epoch: 3, Batch: 2390, Acc: 24.35%, Loss: 1.7822
Epoch: 3, Batch: 2400, Acc: 24.36%, Loss: 1.7894
Epoch: 3, Batch: 2410, Acc: 24.37%, Loss: 1.7721
Epoch: 3, Batch: 2420, Acc: 24.38%, Loss: 1.7783
Epoch: 3, Batch: 2430, Acc: 24.38%, Loss: 1.8146
Epoch: 3, Batch: 2440, Acc: 24.37%, Loss: 1.7783
Epoch: 3, Batch: 2450, Acc: 24.37%, Loss: 1.8042
Epoch: 3, Batch: 2460, Acc: 24.38%, Loss: 1.7460
Epoch: 3, Batch: 2470, Acc: 24.39%, Loss: 1.7632
Epoch: 3, Batch: 2480, Acc: 24.39%, Loss: 1.7629
Epoch: 3, Batch: 2490, Acc: 24.38%, Loss: 1.8383
Epoch: 3, Batch: 2500, Acc: 24.37%, Loss: 1.8400
Epoch: 3, Batch: 2510, Acc: 24.37%, Loss: 1.7953
Epoch: 3, Batch: 2520, Acc: 24.36%, Loss: 1.8247
Epoch: 3, Batch: 2530, Acc: 24.35%, Loss: 1.7769
Epoch: 3, Batch: 2540, Acc: 24.35%, Loss: 1.8213
Epoch: 3, Batch: 2550, Acc: 24.35%, Loss: 1.7893
Epoch: 3, Batch: 2560, Acc: 24.35%, Loss: 1.7738
Epoch: 3, Batch: 2570, Acc: 24.35%, Loss: 1.7868
Epoch: 3, Batch: 2580, Acc: 24.36%, Loss: 1.7634
Epoch: 3, Batch: 2590, Acc: 24.36%, Loss: 1.7816
Epoch: 3, Batch: 2600, Acc: 24.35%, Loss: 1.7884
Epoch: 3, Batch: 2610, Acc: 24.36%, Loss: 1.7980
Epoch: 3, Batch: 2620, Acc: 24.36%, Loss: 1.7874
Epoch: 3, Batch: 2630, Acc: 24.35%, Loss: 1.8028
Epoch: 3, Batch: 2640, Acc: 24.34%, Loss: 1.8265
Epoch: 3, Batch: 2650, Acc: 24.34%, Loss: 1.7591
Epoch: 3, Batch: 2660, Acc: 24.34%, Loss: 1.7762
Epoch: 3, Batch: 2670, Acc: 24.33%, Loss: 1.8361
Epoch: 3, Batch: 2680, Acc: 24.33%, Loss: 1.8010
Epoch: 3, Batch: 2690, Acc: 24.33%, Loss: 1.7957
Epoch: 3, Batch: 2700, Acc: 24.32%, Loss: 1.8227
Epoch: 3, Batch: 2710, Acc: 24.32%, Loss: 1.7954
Epoch: 3, Batch: 2720, Acc: 24.32%, Loss: 1.8058
Epoch: 3, Batch: 2730, Acc: 24.32%, Loss: 1.8324
Epoch: 3, Batch: 2740, Acc: 24.32%, Loss: 1.7759
Epoch: 3, Batch: 2750, Acc: 24.32%, Loss: 1.8084
Epoch: 3, Batch: 2760, Acc: 24.33%, Loss: 1.7930
Epoch: 3, Batch: 2770, Acc: 24.32%, Loss: 1.8060
Epoch: 3, Batch: 2780, Acc: 24.33%, Loss: 1.7651
Epoch: 3, Batch: 2790, Acc: 24.33%, Loss: 1.8022
Epoch: 3, Batch: 2800, Acc: 24.34%, Loss: 1.7844
Epoch: 3, Batch: 2810, Acc: 24.34%, Loss: 1.8118
Epoch: 3, Batch: 2820, Acc: 24.33%, Loss: 1.8462
Epoch: 3, Batch: 2830, Acc: 24.33%, Loss: 1.8046
Epoch: 3, Batch: 2840, Acc: 24.34%, Loss: 1.7880
Epoch: 3, Batch: 2850, Acc: 24.35%, Loss: 1.7637
Epoch: 3, Batch: 2860, Acc: 24.35%, Loss: 1.7941
Epoch: 3, Batch: 2870, Acc: 24.35%, Loss: 1.8055
Epoch: 3, Batch: 2880, Acc: 24.36%, Loss: 1.7883
Accuracy on test set: 45.76%, Val loss: 2.2714
Epoch 3: train_loss=1.7980, val_acc=45.76, best_val_acc=45.79, es_counter=1
Epoch: 4, Batch: 10, Acc: 22.50%, Loss: 1.8072
Epoch: 4, Batch: 20, Acc: 22.50%, Loss: 1.8248
Epoch: 4, Batch: 30, Acc: 23.23%, Loss: 1.7810
Epoch: 4, Batch: 40, Acc: 23.87%, Loss: 1.7720
Epoch: 4, Batch: 50, Acc: 24.50%, Loss: 1.7399
Epoch: 4, Batch: 60, Acc: 24.92%, Loss: 1.7752
Epoch: 4, Batch: 70, Acc: 24.91%, Loss: 1.7886
Epoch: 4, Batch: 80, Acc: 24.94%, Loss: 1.7764
Epoch: 4, Batch: 90, Acc: 24.93%, Loss: 1.7785
Epoch: 4, Batch: 100, Acc: 24.88%, Loss: 1.7877
Epoch: 4, Batch: 110, Acc: 25.09%, Loss: 1.7812
Epoch: 4, Batch: 120, Acc: 25.07%, Loss: 1.8302
Epoch: 4, Batch: 130, Acc: 25.00%, Loss: 1.7857
Epoch: 4, Batch: 140, Acc: 24.75%, Loss: 1.8101
Epoch: 4, Batch: 150, Acc: 24.80%, Loss: 1.7819
Epoch: 4, Batch: 160, Acc: 24.92%, Loss: 1.7826
Epoch: 4, Batch: 170, Acc: 24.81%, Loss: 1.8318
Epoch: 4, Batch: 180, Acc: 24.77%, Loss: 1.8001
Epoch: 4, Batch: 190, Acc: 24.79%, Loss: 1.7945
Epoch: 4, Batch: 200, Acc: 24.62%, Loss: 1.8335
Epoch: 4, Batch: 210, Acc: 24.61%, Loss: 1.7775
Epoch: 4, Batch: 220, Acc: 24.64%, Loss: 1.7826
Epoch: 4, Batch: 230, Acc: 24.58%, Loss: 1.7897
Epoch: 4, Batch: 240, Acc: 24.57%, Loss: 1.8101
Epoch: 4, Batch: 250, Acc: 24.52%, Loss: 1.8059
Epoch: 4, Batch: 260, Acc: 24.59%, Loss: 1.7861
Epoch: 4, Batch: 270, Acc: 24.59%, Loss: 1.7925
Epoch: 4, Batch: 280, Acc: 24.49%, Loss: 1.7945
Epoch: 4, Batch: 290, Acc: 24.54%, Loss: 1.7988
Epoch: 4, Batch: 300, Acc: 24.59%, Loss: 1.7769
Epoch: 4, Batch: 310, Acc: 24.67%, Loss: 1.7705
Epoch: 4, Batch: 320, Acc: 24.66%, Loss: 1.8094
Epoch: 4, Batch: 330, Acc: 24.62%, Loss: 1.7842
Epoch: 4, Batch: 340, Acc: 24.74%, Loss: 1.7518
Epoch: 4, Batch: 350, Acc: 24.69%, Loss: 1.7734
Epoch: 4, Batch: 360, Acc: 24.70%, Loss: 1.7584
Epoch: 4, Batch: 370, Acc: 24.71%, Loss: 1.8014
Epoch: 4, Batch: 380, Acc: 24.72%, Loss: 1.7932
Epoch: 4, Batch: 390, Acc: 24.80%, Loss: 1.7537
Epoch: 4, Batch: 400, Acc: 24.79%, Loss: 1.7983
Epoch: 4, Batch: 410, Acc: 24.84%, Loss: 1.7699
Epoch: 4, Batch: 420, Acc: 24.78%, Loss: 1.8177
Epoch: 4, Batch: 430, Acc: 24.69%, Loss: 1.8098
Epoch: 4, Batch: 440, Acc: 24.64%, Loss: 1.7793
Epoch: 4, Batch: 450, Acc: 24.64%, Loss: 1.7824
Epoch: 4, Batch: 460, Acc: 24.70%, Loss: 1.7540
Epoch: 4, Batch: 470, Acc: 24.69%, Loss: 1.8254
Epoch: 4, Batch: 480, Acc: 24.69%, Loss: 1.7919
Epoch: 4, Batch: 490, Acc: 24.63%, Loss: 1.8156
Epoch: 4, Batch: 500, Acc: 24.60%, Loss: 1.8022
Epoch: 4, Batch: 510, Acc: 24.61%, Loss: 1.7969
Epoch: 4, Batch: 520, Acc: 24.57%, Loss: 1.7981
Epoch: 4, Batch: 530, Acc: 24.57%, Loss: 1.7815
Epoch: 4, Batch: 540, Acc: 24.56%, Loss: 1.8126
Epoch: 4, Batch: 550, Acc: 24.59%, Loss: 1.7872
Epoch: 4, Batch: 560, Acc: 24.58%, Loss: 1.7757
Epoch: 4, Batch: 570, Acc: 24.58%, Loss: 1.7921
Epoch: 4, Batch: 580, Acc: 24.60%, Loss: 1.7732
Epoch: 4, Batch: 590, Acc: 24.59%, Loss: 1.8013
Epoch: 4, Batch: 600, Acc: 24.63%, Loss: 1.7660
Epoch: 4, Batch: 610, Acc: 24.68%, Loss: 1.7630
Epoch: 4, Batch: 620, Acc: 24.65%, Loss: 1.8110
Epoch: 4, Batch: 630, Acc: 24.65%, Loss: 1.8110
Epoch: 4, Batch: 640, Acc: 24.62%, Loss: 1.8003
Epoch: 4, Batch: 650, Acc: 24.63%, Loss: 1.7607
Epoch: 4, Batch: 660, Acc: 24.66%, Loss: 1.7838
Epoch: 4, Batch: 670, Acc: 24.65%, Loss: 1.8232
Epoch: 4, Batch: 680, Acc: 24.63%, Loss: 1.8407
Epoch: 4, Batch: 690, Acc: 24.61%, Loss: 1.7878
Epoch: 4, Batch: 700, Acc: 24.63%, Loss: 1.7858
Epoch: 4, Batch: 710, Acc: 24.63%, Loss: 1.7775
Epoch: 4, Batch: 720, Acc: 24.62%, Loss: 1.8085
Epoch: 4, Batch: 730, Acc: 24.62%, Loss: 1.7599
Epoch: 4, Batch: 740, Acc: 24.58%, Loss: 1.8219
Epoch: 4, Batch: 750, Acc: 24.60%, Loss: 1.7606
Epoch: 4, Batch: 760, Acc: 24.59%, Loss: 1.8202
Epoch: 4, Batch: 770, Acc: 24.65%, Loss: 1.7192
Epoch: 4, Batch: 780, Acc: 24.68%, Loss: 1.7788
Epoch: 4, Batch: 790, Acc: 24.68%, Loss: 1.7736
Epoch: 4, Batch: 800, Acc: 24.68%, Loss: 1.7936
Epoch: 4, Batch: 810, Acc: 24.70%, Loss: 1.7815
Epoch: 4, Batch: 820, Acc: 24.70%, Loss: 1.8350
Epoch: 4, Batch: 830, Acc: 24.66%, Loss: 1.8334
Epoch: 4, Batch: 840, Acc: 24.64%, Loss: 1.8213
Epoch: 4, Batch: 850, Acc: 24.62%, Loss: 1.8191
Epoch: 4, Batch: 860, Acc: 24.57%, Loss: 1.8560
Epoch: 4, Batch: 870, Acc: 24.54%, Loss: 1.8204
Epoch: 4, Batch: 880, Acc: 24.56%, Loss: 1.7520
Epoch: 4, Batch: 890, Acc: 24.57%, Loss: 1.7697
Epoch: 4, Batch: 900, Acc: 24.58%, Loss: 1.8016
Epoch: 4, Batch: 910, Acc: 24.58%, Loss: 1.8012
Epoch: 4, Batch: 920, Acc: 24.54%, Loss: 1.8194
Epoch: 4, Batch: 930, Acc: 24.55%, Loss: 1.7922
Epoch: 4, Batch: 940, Acc: 24.55%, Loss: 1.8270
Epoch: 4, Batch: 950, Acc: 24.51%, Loss: 1.8097
Epoch: 4, Batch: 960, Acc: 24.52%, Loss: 1.7841
Epoch: 4, Batch: 970, Acc: 24.53%, Loss: 1.7723
Epoch: 4, Batch: 980, Acc: 24.50%, Loss: 1.8378
Epoch: 4, Batch: 990, Acc: 24.47%, Loss: 1.8193
Epoch: 4, Batch: 1000, Acc: 24.45%, Loss: 1.8498
Epoch: 4, Batch: 1010, Acc: 24.45%, Loss: 1.8072
Epoch: 4, Batch: 1020, Acc: 24.44%, Loss: 1.7883
Epoch: 4, Batch: 1030, Acc: 24.44%, Loss: 1.7757
Epoch: 4, Batch: 1040, Acc: 24.44%, Loss: 1.7892
Epoch: 4, Batch: 1050, Acc: 24.43%, Loss: 1.8179
Epoch: 4, Batch: 1060, Acc: 24.39%, Loss: 1.8301
Epoch: 4, Batch: 1070, Acc: 24.40%, Loss: 1.7789
Epoch: 4, Batch: 1080, Acc: 24.39%, Loss: 1.8137
Epoch: 4, Batch: 1090, Acc: 24.40%, Loss: 1.8012
Epoch: 4, Batch: 1100, Acc: 24.38%, Loss: 1.8644
Epoch: 4, Batch: 1110, Acc: 24.38%, Loss: 1.8026
Epoch: 4, Batch: 1120, Acc: 24.39%, Loss: 1.7716
Epoch: 4, Batch: 1130, Acc: 24.39%, Loss: 1.7925
Epoch: 4, Batch: 1140, Acc: 24.34%, Loss: 1.8798
Epoch: 4, Batch: 1150, Acc: 24.35%, Loss: 1.7700
Epoch: 4, Batch: 1160, Acc: 24.33%, Loss: 1.8313
Epoch: 4, Batch: 1170, Acc: 24.32%, Loss: 1.8180
Epoch: 4, Batch: 1180, Acc: 24.32%, Loss: 1.7707
Epoch: 4, Batch: 1190, Acc: 24.32%, Loss: 1.8242
Epoch: 4, Batch: 1200, Acc: 24.34%, Loss: 1.7939
Epoch: 4, Batch: 1210, Acc: 24.36%, Loss: 1.7760
Epoch: 4, Batch: 1220, Acc: 24.37%, Loss: 1.7813
Epoch: 4, Batch: 1230, Acc: 24.39%, Loss: 1.7629
Epoch: 4, Batch: 1240, Acc: 24.41%, Loss: 1.7963
Epoch: 4, Batch: 1250, Acc: 24.41%, Loss: 1.7657
Epoch: 4, Batch: 1260, Acc: 24.40%, Loss: 1.7935
Epoch: 4, Batch: 1270, Acc: 24.40%, Loss: 1.7631
Epoch: 4, Batch: 1280, Acc: 24.41%, Loss: 1.7702
Epoch: 4, Batch: 1290, Acc: 24.40%, Loss: 1.8117
Epoch: 4, Batch: 1300, Acc: 24.40%, Loss: 1.7893
Epoch: 4, Batch: 1310, Acc: 24.40%, Loss: 1.8114
Epoch: 4, Batch: 1320, Acc: 24.41%, Loss: 1.7855
Epoch: 4, Batch: 1330, Acc: 24.41%, Loss: 1.8112
Epoch: 4, Batch: 1340, Acc: 24.40%, Loss: 1.8203
Epoch: 4, Batch: 1350, Acc: 24.39%, Loss: 1.8287
Epoch: 4, Batch: 1360, Acc: 24.40%, Loss: 1.7507
Epoch: 4, Batch: 1370, Acc: 24.41%, Loss: 1.7874
Epoch: 4, Batch: 1380, Acc: 24.41%, Loss: 1.7539
Epoch: 4, Batch: 1390, Acc: 24.42%, Loss: 1.7876
Epoch: 4, Batch: 1400, Acc: 24.41%, Loss: 1.7899
Epoch: 4, Batch: 1410, Acc: 24.41%, Loss: 1.7965
Epoch: 4, Batch: 1420, Acc: 24.40%, Loss: 1.8209
Epoch: 4, Batch: 1430, Acc: 24.40%, Loss: 1.8084
Epoch: 4, Batch: 1440, Acc: 24.39%, Loss: 1.8079
Epoch: 4, Batch: 1450, Acc: 24.38%, Loss: 1.8030
Epoch: 4, Batch: 1460, Acc: 24.39%, Loss: 1.7755
Epoch: 4, Batch: 1470, Acc: 24.40%, Loss: 1.7848
Epoch: 4, Batch: 1480, Acc: 24.40%, Loss: 1.7968
Epoch: 4, Batch: 1490, Acc: 24.39%, Loss: 1.8302
Epoch: 4, Batch: 1500, Acc: 24.39%, Loss: 1.7600
Epoch: 4, Batch: 1510, Acc: 24.39%, Loss: 1.8039
Epoch: 4, Batch: 1520, Acc: 24.38%, Loss: 1.7996
Epoch: 4, Batch: 1530, Acc: 24.37%, Loss: 1.7984
Epoch: 4, Batch: 1540, Acc: 24.37%, Loss: 1.8218
Epoch: 4, Batch: 1550, Acc: 24.36%, Loss: 1.8145
Epoch: 4, Batch: 1560, Acc: 24.38%, Loss: 1.7531
Epoch: 4, Batch: 1570, Acc: 24.37%, Loss: 1.7945
Epoch: 4, Batch: 1580, Acc: 24.35%, Loss: 1.8019
Epoch: 4, Batch: 1590, Acc: 24.35%, Loss: 1.8018
Epoch: 4, Batch: 1600, Acc: 24.34%, Loss: 1.8117
Epoch: 4, Batch: 1610, Acc: 24.32%, Loss: 1.8189
Epoch: 4, Batch: 1620, Acc: 24.32%, Loss: 1.8180
Epoch: 4, Batch: 1630, Acc: 24.31%, Loss: 1.8238
Epoch: 4, Batch: 1640, Acc: 24.32%, Loss: 1.7773
Epoch: 4, Batch: 1650, Acc: 24.32%, Loss: 1.7947
Epoch: 4, Batch: 1660, Acc: 24.31%, Loss: 1.7910
Epoch: 4, Batch: 1670, Acc: 24.31%, Loss: 1.8218
Epoch: 4, Batch: 1680, Acc: 24.31%, Loss: 1.7979
Epoch: 4, Batch: 1690, Acc: 24.30%, Loss: 1.8070
Epoch: 4, Batch: 1700, Acc: 24.33%, Loss: 1.7471
Epoch: 4, Batch: 1710, Acc: 24.32%, Loss: 1.7836
Epoch: 4, Batch: 1720, Acc: 24.32%, Loss: 1.7831
Epoch: 4, Batch: 1730, Acc: 24.33%, Loss: 1.7872
Epoch: 4, Batch: 1740, Acc: 24.32%, Loss: 1.7858
Epoch: 4, Batch: 1750, Acc: 24.31%, Loss: 1.8115
Epoch: 4, Batch: 1760, Acc: 24.31%, Loss: 1.7757
Epoch: 4, Batch: 1770, Acc: 24.32%, Loss: 1.7806
Epoch: 4, Batch: 1780, Acc: 24.30%, Loss: 1.7948
Epoch: 4, Batch: 1790, Acc: 24.29%, Loss: 1.8197
Epoch: 4, Batch: 1800, Acc: 24.30%, Loss: 1.7926
Epoch: 4, Batch: 1810, Acc: 24.30%, Loss: 1.8153
Epoch: 4, Batch: 1820, Acc: 24.31%, Loss: 1.7742
Epoch: 4, Batch: 1830, Acc: 24.30%, Loss: 1.8102
Epoch: 4, Batch: 1840, Acc: 24.31%, Loss: 1.7731
Epoch: 4, Batch: 1850, Acc: 24.30%, Loss: 1.8424
Epoch: 4, Batch: 1860, Acc: 24.30%, Loss: 1.7829
Epoch: 4, Batch: 1870, Acc: 24.29%, Loss: 1.8190
Epoch: 4, Batch: 1880, Acc: 24.28%, Loss: 1.7946
Epoch: 4, Batch: 1890, Acc: 24.28%, Loss: 1.7938
Epoch: 4, Batch: 1900, Acc: 24.28%, Loss: 1.8128
Epoch: 4, Batch: 1910, Acc: 24.29%, Loss: 1.7794
Epoch: 4, Batch: 1920, Acc: 24.29%, Loss: 1.7352
Epoch: 4, Batch: 1930, Acc: 24.30%, Loss: 1.7835
Epoch: 4, Batch: 1940, Acc: 24.31%, Loss: 1.7754
Epoch: 4, Batch: 1950, Acc: 24.32%, Loss: 1.7567
Epoch: 4, Batch: 1960, Acc: 24.32%, Loss: 1.8358
Epoch: 4, Batch: 1970, Acc: 24.32%, Loss: 1.7931
Epoch: 4, Batch: 1980, Acc: 24.33%, Loss: 1.7940
Epoch: 4, Batch: 1990, Acc: 24.32%, Loss: 1.7893
Epoch: 4, Batch: 2000, Acc: 24.33%, Loss: 1.7893
Epoch: 4, Batch: 2010, Acc: 24.33%, Loss: 1.8010
Epoch: 4, Batch: 2020, Acc: 24.34%, Loss: 1.7901
Epoch: 4, Batch: 2030, Acc: 24.35%, Loss: 1.7904
Epoch: 4, Batch: 2040, Acc: 24.35%, Loss: 1.8199
Epoch: 4, Batch: 2050, Acc: 24.36%, Loss: 1.7796
Epoch: 4, Batch: 2060, Acc: 24.36%, Loss: 1.7529
Epoch: 4, Batch: 2070, Acc: 24.37%, Loss: 1.7528
Epoch: 4, Batch: 2080, Acc: 24.37%, Loss: 1.7833
Epoch: 4, Batch: 2090, Acc: 24.38%, Loss: 1.7921
Epoch: 4, Batch: 2100, Acc: 24.38%, Loss: 1.7917
Epoch: 4, Batch: 2110, Acc: 24.38%, Loss: 1.8061
Epoch: 4, Batch: 2120, Acc: 24.39%, Loss: 1.7328
Epoch: 4, Batch: 2130, Acc: 24.39%, Loss: 1.7918
Epoch: 4, Batch: 2140, Acc: 24.39%, Loss: 1.8203
Epoch: 4, Batch: 2150, Acc: 24.38%, Loss: 1.8238
Epoch: 4, Batch: 2160, Acc: 24.37%, Loss: 1.8289
Epoch: 4, Batch: 2170, Acc: 24.37%, Loss: 1.7850
Epoch: 4, Batch: 2180, Acc: 24.37%, Loss: 1.7930
Epoch: 4, Batch: 2190, Acc: 24.37%, Loss: 1.7766
Epoch: 4, Batch: 2200, Acc: 24.35%, Loss: 1.8174
Epoch: 4, Batch: 2210, Acc: 24.36%, Loss: 1.7827
Epoch: 4, Batch: 2220, Acc: 24.36%, Loss: 1.7937
Epoch: 4, Batch: 2230, Acc: 24.37%, Loss: 1.7556
Epoch: 4, Batch: 2240, Acc: 24.38%, Loss: 1.7793
Epoch: 4, Batch: 2250, Acc: 24.38%, Loss: 1.8156
Epoch: 4, Batch: 2260, Acc: 24.39%, Loss: 1.7604
Epoch: 4, Batch: 2270, Acc: 24.39%, Loss: 1.7842
Epoch: 4, Batch: 2280, Acc: 24.40%, Loss: 1.7631
Epoch: 4, Batch: 2290, Acc: 24.40%, Loss: 1.7963
Epoch: 4, Batch: 2300, Acc: 24.41%, Loss: 1.8016
Epoch: 4, Batch: 2310, Acc: 24.40%, Loss: 1.8235
Epoch: 4, Batch: 2320, Acc: 24.41%, Loss: 1.7539
Epoch: 4, Batch: 2330, Acc: 24.41%, Loss: 1.7922
Epoch: 4, Batch: 2340, Acc: 24.41%, Loss: 1.7989
Epoch: 4, Batch: 2350, Acc: 24.41%, Loss: 1.7606
Epoch: 4, Batch: 2360, Acc: 24.43%, Loss: 1.7602
Epoch: 4, Batch: 2370, Acc: 24.43%, Loss: 1.7842
Epoch: 4, Batch: 2380, Acc: 24.42%, Loss: 1.8178
Epoch: 4, Batch: 2390, Acc: 24.42%, Loss: 1.7991
Epoch: 4, Batch: 2400, Acc: 24.42%, Loss: 1.8132
Epoch: 4, Batch: 2410, Acc: 24.42%, Loss: 1.8116
Epoch: 4, Batch: 2420, Acc: 24.43%, Loss: 1.8058
Epoch: 4, Batch: 2430, Acc: 24.43%, Loss: 1.7872
Epoch: 4, Batch: 2440, Acc: 24.43%, Loss: 1.7964
Epoch: 4, Batch: 2450, Acc: 24.43%, Loss: 1.7763
Epoch: 4, Batch: 2460, Acc: 24.43%, Loss: 1.7863
Epoch: 4, Batch: 2470, Acc: 24.44%, Loss: 1.7675
Epoch: 4, Batch: 2480, Acc: 24.44%, Loss: 1.8156
Epoch: 4, Batch: 2490, Acc: 24.44%, Loss: 1.7909
Epoch: 4, Batch: 2500, Acc: 24.44%, Loss: 1.7916
Epoch: 4, Batch: 2510, Acc: 24.44%, Loss: 1.8128
Epoch: 4, Batch: 2520, Acc: 24.45%, Loss: 1.7735
Epoch: 4, Batch: 2530, Acc: 24.45%, Loss: 1.7719
Epoch: 4, Batch: 2540, Acc: 24.46%, Loss: 1.7449
Epoch: 4, Batch: 2550, Acc: 24.46%, Loss: 1.8291
Epoch: 4, Batch: 2560, Acc: 24.46%, Loss: 1.7943
Epoch: 4, Batch: 2570, Acc: 24.45%, Loss: 1.8299
Epoch: 4, Batch: 2580, Acc: 24.44%, Loss: 1.8319
Epoch: 4, Batch: 2590, Acc: 24.43%, Loss: 1.7868
Epoch: 4, Batch: 2600, Acc: 24.44%, Loss: 1.7597
Epoch: 4, Batch: 2610, Acc: 24.44%, Loss: 1.8193
Epoch: 4, Batch: 2620, Acc: 24.43%, Loss: 1.8266
Epoch: 4, Batch: 2630, Acc: 24.42%, Loss: 1.8108
Epoch: 4, Batch: 2640, Acc: 24.42%, Loss: 1.8097
Epoch: 4, Batch: 2650, Acc: 24.43%, Loss: 1.7577
Epoch: 4, Batch: 2660, Acc: 24.42%, Loss: 1.8230
Epoch: 4, Batch: 2670, Acc: 24.42%, Loss: 1.7862
Epoch: 4, Batch: 2680, Acc: 24.42%, Loss: 1.7919
Epoch: 4, Batch: 2690, Acc: 24.42%, Loss: 1.8558
Epoch: 4, Batch: 2700, Acc: 24.43%, Loss: 1.7564
Epoch: 4, Batch: 2710, Acc: 24.41%, Loss: 1.8517
Epoch: 4, Batch: 2720, Acc: 24.40%, Loss: 1.8188
Epoch: 4, Batch: 2730, Acc: 24.40%, Loss: 1.7938
Epoch: 4, Batch: 2740, Acc: 24.40%, Loss: 1.7947
Epoch: 4, Batch: 2750, Acc: 24.40%, Loss: 1.7883
Epoch: 4, Batch: 2760, Acc: 24.39%, Loss: 1.8225
Epoch: 4, Batch: 2770, Acc: 24.39%, Loss: 1.7997
Epoch: 4, Batch: 2780, Acc: 24.38%, Loss: 1.8214
Epoch: 4, Batch: 2790, Acc: 24.38%, Loss: 1.7841
Epoch: 4, Batch: 2800, Acc: 24.38%, Loss: 1.8229
Epoch: 4, Batch: 2810, Acc: 24.38%, Loss: 1.8036
Epoch: 4, Batch: 2820, Acc: 24.37%, Loss: 1.8513
Epoch: 4, Batch: 2830, Acc: 24.37%, Loss: 1.7941
Epoch: 4, Batch: 2840, Acc: 24.37%, Loss: 1.7756
Epoch: 4, Batch: 2850, Acc: 24.39%, Loss: 1.7514
Epoch: 4, Batch: 2860, Acc: 24.38%, Loss: 1.7894
Epoch: 4, Batch: 2870, Acc: 24.39%, Loss: 1.7578
Epoch: 4, Batch: 2880, Acc: 24.39%, Loss: 1.8074
Accuracy on test set: 46.05%, Val loss: 2.2570
Epoch 4: train_loss=1.7947, val_acc=46.05, best_val_acc=46.05, es_counter=0
Epoch: 5, Batch: 10, Acc: 23.91%, Loss: 1.7620
Epoch: 5, Batch: 20, Acc: 23.36%, Loss: 1.8314
Epoch: 5, Batch: 30, Acc: 23.33%, Loss: 1.8139
Epoch: 5, Batch: 40, Acc: 23.63%, Loss: 1.8008
Epoch: 5, Batch: 50, Acc: 23.75%, Loss: 1.8245
Epoch: 5, Batch: 60, Acc: 23.98%, Loss: 1.7464
Epoch: 5, Batch: 70, Acc: 24.04%, Loss: 1.8022
Epoch: 5, Batch: 80, Acc: 23.91%, Loss: 1.8029
Epoch: 5, Batch: 90, Acc: 23.96%, Loss: 1.7990
Epoch: 5, Batch: 100, Acc: 24.09%, Loss: 1.7897
Epoch: 5, Batch: 110, Acc: 24.22%, Loss: 1.7752
Epoch: 5, Batch: 120, Acc: 24.19%, Loss: 1.8076
Epoch: 5, Batch: 130, Acc: 24.24%, Loss: 1.7853
Epoch: 5, Batch: 140, Acc: 24.45%, Loss: 1.7530
Epoch: 5, Batch: 150, Acc: 24.47%, Loss: 1.7885
Epoch: 5, Batch: 160, Acc: 24.69%, Loss: 1.7818
Epoch: 5, Batch: 170, Acc: 24.61%, Loss: 1.8084
Epoch: 5, Batch: 180, Acc: 24.78%, Loss: 1.7689
Epoch: 5, Batch: 190, Acc: 24.81%, Loss: 1.7953
Epoch: 5, Batch: 200, Acc: 24.62%, Loss: 1.8220
Epoch: 5, Batch: 210, Acc: 24.69%, Loss: 1.7718
Epoch: 5, Batch: 220, Acc: 24.60%, Loss: 1.8309
Epoch: 5, Batch: 230, Acc: 24.59%, Loss: 1.7765
Epoch: 5, Batch: 240, Acc: 24.41%, Loss: 1.8238
Epoch: 5, Batch: 250, Acc: 24.46%, Loss: 1.7541
Epoch: 5, Batch: 260, Acc: 24.37%, Loss: 1.8075
Epoch: 5, Batch: 270, Acc: 24.29%, Loss: 1.8233
Epoch: 5, Batch: 280, Acc: 24.22%, Loss: 1.8153
Epoch: 5, Batch: 290, Acc: 24.14%, Loss: 1.8111
Epoch: 5, Batch: 300, Acc: 24.14%, Loss: 1.8019
Epoch: 5, Batch: 310, Acc: 24.17%, Loss: 1.7805
Epoch: 5, Batch: 320, Acc: 24.17%, Loss: 1.7880
Epoch: 5, Batch: 330, Acc: 24.18%, Loss: 1.7648
Epoch: 5, Batch: 340, Acc: 24.21%, Loss: 1.8117
Epoch: 5, Batch: 350, Acc: 24.28%, Loss: 1.7733
Epoch: 5, Batch: 360, Acc: 24.29%, Loss: 1.8040
Epoch: 5, Batch: 370, Acc: 24.26%, Loss: 1.7897
Epoch: 5, Batch: 380, Acc: 24.27%, Loss: 1.7721
Epoch: 5, Batch: 390, Acc: 24.25%, Loss: 1.8116
Epoch: 5, Batch: 400, Acc: 24.16%, Loss: 1.8615
Epoch: 5, Batch: 410, Acc: 24.13%, Loss: 1.8076
Epoch: 5, Batch: 420, Acc: 24.11%, Loss: 1.7882
Epoch: 5, Batch: 430, Acc: 24.14%, Loss: 1.7547
Epoch: 5, Batch: 440, Acc: 24.20%, Loss: 1.7638
Epoch: 5, Batch: 450, Acc: 24.25%, Loss: 1.7630
Epoch: 5, Batch: 460, Acc: 24.23%, Loss: 1.7887
Epoch: 5, Batch: 470, Acc: 24.33%, Loss: 1.7696
Epoch: 5, Batch: 480, Acc: 24.26%, Loss: 1.8336
Epoch: 5, Batch: 490, Acc: 24.27%, Loss: 1.7615
Epoch: 5, Batch: 500, Acc: 24.26%, Loss: 1.8126
Epoch: 5, Batch: 510, Acc: 24.32%, Loss: 1.7473
Epoch: 5, Batch: 520, Acc: 24.30%, Loss: 1.8409
Epoch: 5, Batch: 530, Acc: 24.31%, Loss: 1.7909
Epoch: 5, Batch: 540, Acc: 24.31%, Loss: 1.7982
Epoch: 5, Batch: 550, Acc: 24.33%, Loss: 1.8011
Epoch: 5, Batch: 560, Acc: 24.39%, Loss: 1.7629
Epoch: 5, Batch: 570, Acc: 24.35%, Loss: 1.8415
Epoch: 5, Batch: 580, Acc: 24.35%, Loss: 1.8296
Epoch: 5, Batch: 590, Acc: 24.35%, Loss: 1.7967
Epoch: 5, Batch: 600, Acc: 24.37%, Loss: 1.7515
Epoch: 5, Batch: 610, Acc: 24.39%, Loss: 1.7971
Epoch: 5, Batch: 620, Acc: 24.40%, Loss: 1.7791
Epoch: 5, Batch: 630, Acc: 24.38%, Loss: 1.7863
Epoch: 5, Batch: 640, Acc: 24.37%, Loss: 1.8255
Epoch: 5, Batch: 650, Acc: 24.34%, Loss: 1.7826
Epoch: 5, Batch: 660, Acc: 24.35%, Loss: 1.7837
Epoch: 5, Batch: 670, Acc: 24.39%, Loss: 1.7467
Epoch: 5, Batch: 680, Acc: 24.40%, Loss: 1.7751
Epoch: 5, Batch: 690, Acc: 24.40%, Loss: 1.7849
Epoch: 5, Batch: 700, Acc: 24.40%, Loss: 1.8294
Epoch: 5, Batch: 710, Acc: 24.41%, Loss: 1.7956
Epoch: 5, Batch: 720, Acc: 24.39%, Loss: 1.7847
Epoch: 5, Batch: 730, Acc: 24.41%, Loss: 1.7988
Epoch: 5, Batch: 740, Acc: 24.36%, Loss: 1.8373
Epoch: 5, Batch: 750, Acc: 24.34%, Loss: 1.8013
Epoch: 5, Batch: 760, Acc: 24.36%, Loss: 1.7610
Epoch: 5, Batch: 770, Acc: 24.37%, Loss: 1.7814
Epoch: 5, Batch: 780, Acc: 24.38%, Loss: 1.8034
Epoch: 5, Batch: 790, Acc: 24.36%, Loss: 1.8341
Epoch: 5, Batch: 800, Acc: 24.33%, Loss: 1.7992
Epoch: 5, Batch: 810, Acc: 24.35%, Loss: 1.7684
Epoch: 5, Batch: 820, Acc: 24.38%, Loss: 1.7687
Epoch: 5, Batch: 830, Acc: 24.45%, Loss: 1.7286
Epoch: 5, Batch: 840, Acc: 24.44%, Loss: 1.8181
Epoch: 5, Batch: 850, Acc: 24.44%, Loss: 1.8193
Epoch: 5, Batch: 860, Acc: 24.40%, Loss: 1.8043
Epoch: 5, Batch: 870, Acc: 24.40%, Loss: 1.8052
Epoch: 5, Batch: 880, Acc: 24.37%, Loss: 1.8343
Epoch: 5, Batch: 890, Acc: 24.34%, Loss: 1.8496
Epoch: 5, Batch: 900, Acc: 24.34%, Loss: 1.8076
Epoch: 5, Batch: 910, Acc: 24.34%, Loss: 1.8276
Epoch: 5, Batch: 920, Acc: 24.34%, Loss: 1.8084
Epoch: 5, Batch: 930, Acc: 24.33%, Loss: 1.8111
Epoch: 5, Batch: 940, Acc: 24.33%, Loss: 1.7816
Epoch: 5, Batch: 950, Acc: 24.35%, Loss: 1.7276
Epoch: 5, Batch: 960, Acc: 24.35%, Loss: 1.8038
Epoch: 5, Batch: 970, Acc: 24.34%, Loss: 1.8427
Epoch: 5, Batch: 980, Acc: 24.34%, Loss: 1.8258
Epoch: 5, Batch: 990, Acc: 24.32%, Loss: 1.8274
Epoch: 5, Batch: 1000, Acc: 24.35%, Loss: 1.7841
Epoch: 5, Batch: 1010, Acc: 24.34%, Loss: 1.7900
Epoch: 5, Batch: 1020, Acc: 24.32%, Loss: 1.8190
Epoch: 5, Batch: 1030, Acc: 24.33%, Loss: 1.7755
Epoch: 5, Batch: 1040, Acc: 24.33%, Loss: 1.8032
Epoch: 5, Batch: 1050, Acc: 24.32%, Loss: 1.8090
Epoch: 5, Batch: 1060, Acc: 24.31%, Loss: 1.7633
Epoch: 5, Batch: 1070, Acc: 24.33%, Loss: 1.7631
Epoch: 5, Batch: 1080, Acc: 24.33%, Loss: 1.7665
Epoch: 5, Batch: 1090, Acc: 24.33%, Loss: 1.8184
Epoch: 5, Batch: 1100, Acc: 24.34%, Loss: 1.7791
Epoch: 5, Batch: 1110, Acc: 24.33%, Loss: 1.7972
Epoch: 5, Batch: 1120, Acc: 24.34%, Loss: 1.7616
Epoch: 5, Batch: 1130, Acc: 24.32%, Loss: 1.8147
Epoch: 5, Batch: 1140, Acc: 24.31%, Loss: 1.7830
Epoch: 5, Batch: 1150, Acc: 24.30%, Loss: 1.8080
Epoch: 5, Batch: 1160, Acc: 24.30%, Loss: 1.7639
Epoch: 5, Batch: 1170, Acc: 24.28%, Loss: 1.7972
Epoch: 5, Batch: 1180, Acc: 24.29%, Loss: 1.7940
Epoch: 5, Batch: 1190, Acc: 24.30%, Loss: 1.7840
Epoch: 5, Batch: 1200, Acc: 24.28%, Loss: 1.8395
Epoch: 5, Batch: 1210, Acc: 24.28%, Loss: 1.7652
Epoch: 5, Batch: 1220, Acc: 24.29%, Loss: 1.7827
Epoch: 5, Batch: 1230, Acc: 24.29%, Loss: 1.8136
Epoch: 5, Batch: 1240, Acc: 24.29%, Loss: 1.7941
Epoch: 5, Batch: 1250, Acc: 24.28%, Loss: 1.7905
Epoch: 5, Batch: 1260, Acc: 24.29%, Loss: 1.7834
Epoch: 5, Batch: 1270, Acc: 24.30%, Loss: 1.7485
Epoch: 5, Batch: 1280, Acc: 24.29%, Loss: 1.8272
Epoch: 5, Batch: 1290, Acc: 24.30%, Loss: 1.7818
Epoch: 5, Batch: 1300, Acc: 24.31%, Loss: 1.7714
Epoch: 5, Batch: 1310, Acc: 24.30%, Loss: 1.8100
Epoch: 5, Batch: 1320, Acc: 24.30%, Loss: 1.7831
Epoch: 5, Batch: 1330, Acc: 24.32%, Loss: 1.7586
Epoch: 5, Batch: 1340, Acc: 24.33%, Loss: 1.7856
Epoch: 5, Batch: 1350, Acc: 24.32%, Loss: 1.8122
Epoch: 5, Batch: 1360, Acc: 24.32%, Loss: 1.8277
Epoch: 5, Batch: 1370, Acc: 24.34%, Loss: 1.7566
Epoch: 5, Batch: 1380, Acc: 24.33%, Loss: 1.8277
Epoch: 5, Batch: 1390, Acc: 24.32%, Loss: 1.8045
Epoch: 5, Batch: 1400, Acc: 24.33%, Loss: 1.8034
Epoch: 5, Batch: 1410, Acc: 24.33%, Loss: 1.7670
Epoch: 5, Batch: 1420, Acc: 24.31%, Loss: 1.8139
Epoch: 5, Batch: 1430, Acc: 24.29%, Loss: 1.8435
Epoch: 5, Batch: 1440, Acc: 24.29%, Loss: 1.7715
Epoch: 5, Batch: 1450, Acc: 24.30%, Loss: 1.7762
Epoch: 5, Batch: 1460, Acc: 24.29%, Loss: 1.8337
Epoch: 5, Batch: 1470, Acc: 24.29%, Loss: 1.7545
Epoch: 5, Batch: 1480, Acc: 24.31%, Loss: 1.7586
Epoch: 5, Batch: 1490, Acc: 24.31%, Loss: 1.7793
Epoch: 5, Batch: 1500, Acc: 24.32%, Loss: 1.7600
Epoch: 5, Batch: 1510, Acc: 24.32%, Loss: 1.7864
Epoch: 5, Batch: 1520, Acc: 24.32%, Loss: 1.7919
Epoch: 5, Batch: 1530, Acc: 24.32%, Loss: 1.8127
Epoch: 5, Batch: 1540, Acc: 24.32%, Loss: 1.7881
Epoch: 5, Batch: 1550, Acc: 24.31%, Loss: 1.8071
Epoch: 5, Batch: 1560, Acc: 24.30%, Loss: 1.7871
Epoch: 5, Batch: 1570, Acc: 24.29%, Loss: 1.8215
Epoch: 5, Batch: 1580, Acc: 24.29%, Loss: 1.7949
Epoch: 5, Batch: 1590, Acc: 24.30%, Loss: 1.7772
Epoch: 5, Batch: 1600, Acc: 24.29%, Loss: 1.8301
Epoch: 5, Batch: 1610, Acc: 24.28%, Loss: 1.7990
Epoch: 5, Batch: 1620, Acc: 24.28%, Loss: 1.8211
Epoch: 5, Batch: 1630, Acc: 24.26%, Loss: 1.8137
Epoch: 5, Batch: 1640, Acc: 24.25%, Loss: 1.7968
Epoch: 5, Batch: 1650, Acc: 24.26%, Loss: 1.7690
Epoch: 5, Batch: 1660, Acc: 24.26%, Loss: 1.7818
Epoch: 5, Batch: 1670, Acc: 24.26%, Loss: 1.8016
Epoch: 5, Batch: 1680, Acc: 24.27%, Loss: 1.7583
Epoch: 5, Batch: 1690, Acc: 24.26%, Loss: 1.8147
Epoch: 5, Batch: 1700, Acc: 24.26%, Loss: 1.7780
Epoch: 5, Batch: 1710, Acc: 24.27%, Loss: 1.8165
Epoch: 5, Batch: 1720, Acc: 24.27%, Loss: 1.8072
Epoch: 5, Batch: 1730, Acc: 24.29%, Loss: 1.7709
Epoch: 5, Batch: 1740, Acc: 24.30%, Loss: 1.7687
Epoch: 5, Batch: 1750, Acc: 24.31%, Loss: 1.7835
Epoch: 5, Batch: 1760, Acc: 24.31%, Loss: 1.7859
Epoch: 5, Batch: 1770, Acc: 24.32%, Loss: 1.7686
Epoch: 5, Batch: 1780, Acc: 24.31%, Loss: 1.8052
Epoch: 5, Batch: 1790, Acc: 24.31%, Loss: 1.7750
Epoch: 5, Batch: 1800, Acc: 24.31%, Loss: 1.7797
Epoch: 5, Batch: 1810, Acc: 24.31%, Loss: 1.7869
Epoch: 5, Batch: 1820, Acc: 24.29%, Loss: 1.8113
Epoch: 5, Batch: 1830, Acc: 24.30%, Loss: 1.7719
Epoch: 5, Batch: 1840, Acc: 24.30%, Loss: 1.7916
Epoch: 5, Batch: 1850, Acc: 24.30%, Loss: 1.7789
Epoch: 5, Batch: 1860, Acc: 24.31%, Loss: 1.7781
Epoch: 5, Batch: 1870, Acc: 24.33%, Loss: 1.7809
Epoch: 5, Batch: 1880, Acc: 24.33%, Loss: 1.7802
Epoch: 5, Batch: 1890, Acc: 24.34%, Loss: 1.7699
Epoch: 5, Batch: 1900, Acc: 24.34%, Loss: 1.8112
Epoch: 5, Batch: 1910, Acc: 24.36%, Loss: 1.7659
Epoch: 5, Batch: 1920, Acc: 24.34%, Loss: 1.8562
Epoch: 5, Batch: 1930, Acc: 24.35%, Loss: 1.7634
Epoch: 5, Batch: 1940, Acc: 24.35%, Loss: 1.8179
Epoch: 5, Batch: 1950, Acc: 24.36%, Loss: 1.7598
Epoch: 5, Batch: 1960, Acc: 24.35%, Loss: 1.8080
Epoch: 5, Batch: 1970, Acc: 24.34%, Loss: 1.8121
Epoch: 5, Batch: 1980, Acc: 24.35%, Loss: 1.7845
Epoch: 5, Batch: 1990, Acc: 24.35%, Loss: 1.8087
Epoch: 5, Batch: 2000, Acc: 24.35%, Loss: 1.8114
Epoch: 5, Batch: 2010, Acc: 24.35%, Loss: 1.7979
Epoch: 5, Batch: 2020, Acc: 24.36%, Loss: 1.7914
Epoch: 5, Batch: 2030, Acc: 24.38%, Loss: 1.7625
Epoch: 5, Batch: 2040, Acc: 24.38%, Loss: 1.7772
Epoch: 5, Batch: 2050, Acc: 24.38%, Loss: 1.8073
Epoch: 5, Batch: 2060, Acc: 24.37%, Loss: 1.7922
Epoch: 5, Batch: 2070, Acc: 24.38%, Loss: 1.7930
Epoch: 5, Batch: 2080, Acc: 24.38%, Loss: 1.7660
Epoch: 5, Batch: 2090, Acc: 24.38%, Loss: 1.7580
Epoch: 5, Batch: 2100, Acc: 24.39%, Loss: 1.7599
Epoch: 5, Batch: 2110, Acc: 24.38%, Loss: 1.8264
Epoch: 5, Batch: 2120, Acc: 24.38%, Loss: 1.8030
Epoch: 5, Batch: 2130, Acc: 24.38%, Loss: 1.7903
Epoch: 5, Batch: 2140, Acc: 24.38%, Loss: 1.8112
Epoch: 5, Batch: 2150, Acc: 24.37%, Loss: 1.7995
Epoch: 5, Batch: 2160, Acc: 24.38%, Loss: 1.7307
Epoch: 5, Batch: 2170, Acc: 24.37%, Loss: 1.7944
Epoch: 5, Batch: 2180, Acc: 24.35%, Loss: 1.8158
Epoch: 5, Batch: 2190, Acc: 24.36%, Loss: 1.7470
Epoch: 5, Batch: 2200, Acc: 24.35%, Loss: 1.8206
Epoch: 5, Batch: 2210, Acc: 24.34%, Loss: 1.8222
Epoch: 5, Batch: 2220, Acc: 24.35%, Loss: 1.7901
Epoch: 5, Batch: 2230, Acc: 24.35%, Loss: 1.7845
Epoch: 5, Batch: 2240, Acc: 24.34%, Loss: 1.8218
Epoch: 5, Batch: 2250, Acc: 24.34%, Loss: 1.7711
Epoch: 5, Batch: 2260, Acc: 24.34%, Loss: 1.8075
Epoch: 5, Batch: 2270, Acc: 24.34%, Loss: 1.8122
Epoch: 5, Batch: 2280, Acc: 24.34%, Loss: 1.7567
Epoch: 5, Batch: 2290, Acc: 24.36%, Loss: 1.7582
Epoch: 5, Batch: 2300, Acc: 24.34%, Loss: 1.8083
Epoch: 5, Batch: 2310, Acc: 24.35%, Loss: 1.7325
Epoch: 5, Batch: 2320, Acc: 24.36%, Loss: 1.7773
Epoch: 5, Batch: 2330, Acc: 24.36%, Loss: 1.8186
Epoch: 5, Batch: 2340, Acc: 24.37%, Loss: 1.7525
Epoch: 5, Batch: 2350, Acc: 24.36%, Loss: 1.7975
Epoch: 5, Batch: 2360, Acc: 24.36%, Loss: 1.8074
Epoch: 5, Batch: 2370, Acc: 24.35%, Loss: 1.8114
Epoch: 5, Batch: 2380, Acc: 24.36%, Loss: 1.7677
Epoch: 5, Batch: 2390, Acc: 24.37%, Loss: 1.8013
Epoch: 5, Batch: 2400, Acc: 24.36%, Loss: 1.7856
Epoch: 5, Batch: 2410, Acc: 24.36%, Loss: 1.8268
Epoch: 5, Batch: 2420, Acc: 24.36%, Loss: 1.8251
Epoch: 5, Batch: 2430, Acc: 24.36%, Loss: 1.7898
Epoch: 5, Batch: 2440, Acc: 24.36%, Loss: 1.7929
Epoch: 5, Batch: 2450, Acc: 24.35%, Loss: 1.8136
Epoch: 5, Batch: 2460, Acc: 24.36%, Loss: 1.7635
Epoch: 5, Batch: 2470, Acc: 24.37%, Loss: 1.7294
Epoch: 5, Batch: 2480, Acc: 24.37%, Loss: 1.7782
Epoch: 5, Batch: 2490, Acc: 24.39%, Loss: 1.7687
Epoch: 5, Batch: 2500, Acc: 24.39%, Loss: 1.7852
Epoch: 5, Batch: 2510, Acc: 24.38%, Loss: 1.8152
Epoch: 5, Batch: 2520, Acc: 24.37%, Loss: 1.8508
Epoch: 5, Batch: 2530, Acc: 24.38%, Loss: 1.7846
Epoch: 5, Batch: 2540, Acc: 24.38%, Loss: 1.7730
Epoch: 5, Batch: 2550, Acc: 24.38%, Loss: 1.7814
Epoch: 5, Batch: 2560, Acc: 24.39%, Loss: 1.7773
Epoch: 5, Batch: 2570, Acc: 24.39%, Loss: 1.8024
Epoch: 5, Batch: 2580, Acc: 24.40%, Loss: 1.8036
Epoch: 5, Batch: 2590, Acc: 24.40%, Loss: 1.7818
Epoch: 5, Batch: 2600, Acc: 24.40%, Loss: 1.7867
Epoch: 5, Batch: 2610, Acc: 24.39%, Loss: 1.8303
Epoch: 5, Batch: 2620, Acc: 24.40%, Loss: 1.8053
Epoch: 5, Batch: 2630, Acc: 24.41%, Loss: 1.7216
Epoch: 5, Batch: 2640, Acc: 24.41%, Loss: 1.7861
Epoch: 5, Batch: 2650, Acc: 24.40%, Loss: 1.8166
Epoch: 5, Batch: 2660, Acc: 24.42%, Loss: 1.7440
Epoch: 5, Batch: 2670, Acc: 24.42%, Loss: 1.7797
Epoch: 5, Batch: 2680, Acc: 24.41%, Loss: 1.8261
Epoch: 5, Batch: 2690, Acc: 24.40%, Loss: 1.8349
Epoch: 5, Batch: 2700, Acc: 24.40%, Loss: 1.8135
Epoch: 5, Batch: 2710, Acc: 24.40%, Loss: 1.7759
Epoch: 5, Batch: 2720, Acc: 24.40%, Loss: 1.7788
Epoch: 5, Batch: 2730, Acc: 24.41%, Loss: 1.7767
Epoch: 5, Batch: 2740, Acc: 24.42%, Loss: 1.7475
Epoch: 5, Batch: 2750, Acc: 24.41%, Loss: 1.8278
Epoch: 5, Batch: 2760, Acc: 24.41%, Loss: 1.7729
Epoch: 5, Batch: 2770, Acc: 24.41%, Loss: 1.7943
Epoch: 5, Batch: 2780, Acc: 24.41%, Loss: 1.7763
Epoch: 5, Batch: 2790, Acc: 24.40%, Loss: 1.8017
Epoch: 5, Batch: 2800, Acc: 24.40%, Loss: 1.7929
Epoch: 5, Batch: 2810, Acc: 24.40%, Loss: 1.8059
Epoch: 5, Batch: 2820, Acc: 24.40%, Loss: 1.7903
Epoch: 5, Batch: 2830, Acc: 24.39%, Loss: 1.8253
Epoch: 5, Batch: 2840, Acc: 24.41%, Loss: 1.7536
Epoch: 5, Batch: 2850, Acc: 24.41%, Loss: 1.8202
Epoch: 5, Batch: 2860, Acc: 24.42%, Loss: 1.7435
Epoch: 5, Batch: 2870, Acc: 24.41%, Loss: 1.7936
Epoch: 5, Batch: 2880, Acc: 24.41%, Loss: 1.8026
Accuracy on test set: 46.07%, Val loss: 2.2507
Epoch 5: train_loss=1.7925, val_acc=46.07, best_val_acc=46.07, es_counter=0
Epoch: 6, Batch: 10, Acc: 22.34%, Loss: 1.7959
Epoch: 6, Batch: 20, Acc: 22.89%, Loss: 1.8156
Epoch: 6, Batch: 30, Acc: 23.33%, Loss: 1.7783
Epoch: 6, Batch: 40, Acc: 23.79%, Loss: 1.7743
Epoch: 6, Batch: 50, Acc: 24.38%, Loss: 1.7578
Epoch: 6, Batch: 60, Acc: 24.06%, Loss: 1.8294
Epoch: 6, Batch: 70, Acc: 23.91%, Loss: 1.7992
Epoch: 6, Batch: 80, Acc: 23.95%, Loss: 1.7892
Epoch: 6, Batch: 90, Acc: 23.66%, Loss: 1.8152
Epoch: 6, Batch: 100, Acc: 23.75%, Loss: 1.7922
Epoch: 6, Batch: 110, Acc: 23.85%, Loss: 1.7903
Epoch: 6, Batch: 120, Acc: 23.92%, Loss: 1.7720
Epoch: 6, Batch: 130, Acc: 24.13%, Loss: 1.7547
Epoch: 6, Batch: 140, Acc: 24.02%, Loss: 1.8347
Epoch: 6, Batch: 150, Acc: 24.00%, Loss: 1.8214
Epoch: 6, Batch: 160, Acc: 24.21%, Loss: 1.7697
Epoch: 6, Batch: 170, Acc: 23.96%, Loss: 1.8436
Epoch: 6, Batch: 180, Acc: 24.02%, Loss: 1.8029
Epoch: 6, Batch: 190, Acc: 24.05%, Loss: 1.8007
Epoch: 6, Batch: 200, Acc: 24.19%, Loss: 1.7886
Epoch: 6, Batch: 210, Acc: 24.23%, Loss: 1.7881
Epoch: 6, Batch: 220, Acc: 24.17%, Loss: 1.8211
Epoch: 6, Batch: 230, Acc: 24.01%, Loss: 1.8049
Epoch: 6, Batch: 240, Acc: 24.08%, Loss: 1.7695
Epoch: 6, Batch: 250, Acc: 24.10%, Loss: 1.7448
Epoch: 6, Batch: 260, Acc: 24.13%, Loss: 1.7850
Epoch: 6, Batch: 270, Acc: 24.02%, Loss: 1.7932
Epoch: 6, Batch: 280, Acc: 23.97%, Loss: 1.7956
Epoch: 6, Batch: 290, Acc: 24.05%, Loss: 1.7555
Epoch: 6, Batch: 300, Acc: 24.15%, Loss: 1.7721
Epoch: 6, Batch: 310, Acc: 24.20%, Loss: 1.7715
Epoch: 6, Batch: 320, Acc: 24.22%, Loss: 1.7986
Epoch: 6, Batch: 330, Acc: 24.32%, Loss: 1.7524
Epoch: 6, Batch: 340, Acc: 24.32%, Loss: 1.7981
Epoch: 6, Batch: 350, Acc: 24.34%, Loss: 1.7700
Epoch: 6, Batch: 360, Acc: 24.39%, Loss: 1.7820
Epoch: 6, Batch: 370, Acc: 24.35%, Loss: 1.7898
Epoch: 6, Batch: 380, Acc: 24.40%, Loss: 1.7646
Epoch: 6, Batch: 390, Acc: 24.40%, Loss: 1.8369
Epoch: 6, Batch: 400, Acc: 24.36%, Loss: 1.8263
Epoch: 6, Batch: 410, Acc: 24.45%, Loss: 1.7749
Epoch: 6, Batch: 420, Acc: 24.49%, Loss: 1.7676
Epoch: 6, Batch: 430, Acc: 24.44%, Loss: 1.7843
Epoch: 6, Batch: 440, Acc: 24.41%, Loss: 1.7761
Epoch: 6, Batch: 450, Acc: 24.41%, Loss: 1.7980
Epoch: 6, Batch: 460, Acc: 24.41%, Loss: 1.7746
Epoch: 6, Batch: 470, Acc: 24.37%, Loss: 1.8057
Epoch: 6, Batch: 480, Acc: 24.44%, Loss: 1.7293
Epoch: 6, Batch: 490, Acc: 24.42%, Loss: 1.8274
Epoch: 6, Batch: 500, Acc: 24.44%, Loss: 1.7481
Epoch: 6, Batch: 510, Acc: 24.45%, Loss: 1.7944
Epoch: 6, Batch: 520, Acc: 24.44%, Loss: 1.8131
Epoch: 6, Batch: 530, Acc: 24.44%, Loss: 1.8021
Epoch: 6, Batch: 540, Acc: 24.42%, Loss: 1.7887
Epoch: 6, Batch: 550, Acc: 24.40%, Loss: 1.8156
Epoch: 6, Batch: 560, Acc: 24.38%, Loss: 1.8052
Epoch: 6, Batch: 570, Acc: 24.45%, Loss: 1.7433
Epoch: 6, Batch: 580, Acc: 24.38%, Loss: 1.8313
Epoch: 6, Batch: 590, Acc: 24.37%, Loss: 1.7987
Epoch: 6, Batch: 600, Acc: 24.37%, Loss: 1.7727
Epoch: 6, Batch: 610, Acc: 24.39%, Loss: 1.8182
Epoch: 6, Batch: 620, Acc: 24.36%, Loss: 1.8209
Epoch: 6, Batch: 630, Acc: 24.38%, Loss: 1.7367
Epoch: 6, Batch: 640, Acc: 24.40%, Loss: 1.7663
Epoch: 6, Batch: 650, Acc: 24.42%, Loss: 1.7835
Epoch: 6, Batch: 660, Acc: 24.44%, Loss: 1.7763
Epoch: 6, Batch: 670, Acc: 24.44%, Loss: 1.8000
Epoch: 6, Batch: 680, Acc: 24.42%, Loss: 1.8045
Epoch: 6, Batch: 690, Acc: 24.42%, Loss: 1.7566
Epoch: 6, Batch: 700, Acc: 24.43%, Loss: 1.7975
Epoch: 6, Batch: 710, Acc: 24.47%, Loss: 1.7680
Epoch: 6, Batch: 720, Acc: 24.53%, Loss: 1.7372
Epoch: 6, Batch: 730, Acc: 24.52%, Loss: 1.8284
Epoch: 6, Batch: 740, Acc: 24.53%, Loss: 1.7750
Epoch: 6, Batch: 750, Acc: 24.52%, Loss: 1.7855
Epoch: 6, Batch: 760, Acc: 24.55%, Loss: 1.7558
Epoch: 6, Batch: 770, Acc: 24.58%, Loss: 1.7303
Epoch: 6, Batch: 780, Acc: 24.58%, Loss: 1.8088
Epoch: 6, Batch: 790, Acc: 24.58%, Loss: 1.8090
Epoch: 6, Batch: 800, Acc: 24.63%, Loss: 1.7542
Epoch: 6, Batch: 810, Acc: 24.61%, Loss: 1.8000
Epoch: 6, Batch: 820, Acc: 24.63%, Loss: 1.7501
Epoch: 6, Batch: 830, Acc: 24.62%, Loss: 1.7958
Epoch: 6, Batch: 840, Acc: 24.62%, Loss: 1.7816
Epoch: 6, Batch: 850, Acc: 24.65%, Loss: 1.7614
Epoch: 6, Batch: 860, Acc: 24.64%, Loss: 1.8228
Epoch: 6, Batch: 870, Acc: 24.66%, Loss: 1.7625
Epoch: 6, Batch: 880, Acc: 24.67%, Loss: 1.8178
Epoch: 6, Batch: 890, Acc: 24.66%, Loss: 1.7903
Epoch: 6, Batch: 900, Acc: 24.65%, Loss: 1.7918
Epoch: 6, Batch: 910, Acc: 24.66%, Loss: 1.7519
Epoch: 6, Batch: 920, Acc: 24.66%, Loss: 1.7954
Epoch: 6, Batch: 930, Acc: 24.67%, Loss: 1.8046
Epoch: 6, Batch: 940, Acc: 24.70%, Loss: 1.7829
Epoch: 6, Batch: 950, Acc: 24.69%, Loss: 1.8067
Epoch: 6, Batch: 960, Acc: 24.71%, Loss: 1.7828
Epoch: 6, Batch: 970, Acc: 24.71%, Loss: 1.7803
Epoch: 6, Batch: 980, Acc: 24.70%, Loss: 1.8291
Epoch: 6, Batch: 990, Acc: 24.68%, Loss: 1.7914
Epoch: 6, Batch: 1000, Acc: 24.67%, Loss: 1.8077
Epoch: 6, Batch: 1010, Acc: 24.65%, Loss: 1.7769
Epoch: 6, Batch: 1020, Acc: 24.64%, Loss: 1.8080
Epoch: 6, Batch: 1030, Acc: 24.66%, Loss: 1.7707
Epoch: 6, Batch: 1040, Acc: 24.66%, Loss: 1.8241
Epoch: 6, Batch: 1050, Acc: 24.64%, Loss: 1.8094
Epoch: 6, Batch: 1060, Acc: 24.63%, Loss: 1.7938
Epoch: 6, Batch: 1070, Acc: 24.66%, Loss: 1.7210
Epoch: 6, Batch: 1080, Acc: 24.68%, Loss: 1.7861
Epoch: 6, Batch: 1090, Acc: 24.67%, Loss: 1.8036
Epoch: 6, Batch: 1100, Acc: 24.67%, Loss: 1.8015
Epoch: 6, Batch: 1110, Acc: 24.65%, Loss: 1.8176
Epoch: 6, Batch: 1120, Acc: 24.66%, Loss: 1.8112
Epoch: 6, Batch: 1130, Acc: 24.67%, Loss: 1.7700
Epoch: 6, Batch: 1140, Acc: 24.67%, Loss: 1.7966
Epoch: 6, Batch: 1150, Acc: 24.65%, Loss: 1.8125
Epoch: 6, Batch: 1160, Acc: 24.67%, Loss: 1.7156
Epoch: 6, Batch: 1170, Acc: 24.69%, Loss: 1.7614
Epoch: 6, Batch: 1180, Acc: 24.70%, Loss: 1.7722
Epoch: 6, Batch: 1190, Acc: 24.71%, Loss: 1.7816
Epoch: 6, Batch: 1200, Acc: 24.70%, Loss: 1.8024
Epoch: 6, Batch: 1210, Acc: 24.71%, Loss: 1.8079
Epoch: 6, Batch: 1220, Acc: 24.75%, Loss: 1.7441
Epoch: 6, Batch: 1230, Acc: 24.74%, Loss: 1.8299
Epoch: 6, Batch: 1240, Acc: 24.73%, Loss: 1.8041
Epoch: 6, Batch: 1250, Acc: 24.72%, Loss: 1.7980
Epoch: 6, Batch: 1260, Acc: 24.72%, Loss: 1.7715
Epoch: 6, Batch: 1270, Acc: 24.71%, Loss: 1.8036
Epoch: 6, Batch: 1280, Acc: 24.70%, Loss: 1.8085
Epoch: 6, Batch: 1290, Acc: 24.71%, Loss: 1.7708
Epoch: 6, Batch: 1300, Acc: 24.72%, Loss: 1.7777
Epoch: 6, Batch: 1310, Acc: 24.73%, Loss: 1.7781
Epoch: 6, Batch: 1320, Acc: 24.72%, Loss: 1.7958
Epoch: 6, Batch: 1330, Acc: 24.72%, Loss: 1.8043
Epoch: 6, Batch: 1340, Acc: 24.72%, Loss: 1.7780
Epoch: 6, Batch: 1350, Acc: 24.73%, Loss: 1.7691
Epoch: 6, Batch: 1360, Acc: 24.73%, Loss: 1.7644
Epoch: 6, Batch: 1370, Acc: 24.72%, Loss: 1.7695
Epoch: 6, Batch: 1380, Acc: 24.72%, Loss: 1.7806
Epoch: 6, Batch: 1390, Acc: 24.72%, Loss: 1.7678
Epoch: 6, Batch: 1400, Acc: 24.72%, Loss: 1.7731
Epoch: 6, Batch: 1410, Acc: 24.72%, Loss: 1.7789
Epoch: 6, Batch: 1420, Acc: 24.72%, Loss: 1.7737
Epoch: 6, Batch: 1430, Acc: 24.73%, Loss: 1.7382
Epoch: 6, Batch: 1440, Acc: 24.73%, Loss: 1.7817
Epoch: 6, Batch: 1450, Acc: 24.72%, Loss: 1.8456
Epoch: 6, Batch: 1460, Acc: 24.73%, Loss: 1.7677
Epoch: 6, Batch: 1470, Acc: 24.73%, Loss: 1.7817
Epoch: 6, Batch: 1480, Acc: 24.73%, Loss: 1.7703
Epoch: 6, Batch: 1490, Acc: 24.71%, Loss: 1.7876
Epoch: 6, Batch: 1500, Acc: 24.72%, Loss: 1.7821
Epoch: 6, Batch: 1510, Acc: 24.71%, Loss: 1.7822
Epoch: 6, Batch: 1520, Acc: 24.71%, Loss: 1.8111
Epoch: 6, Batch: 1530, Acc: 24.72%, Loss: 1.7571
Epoch: 6, Batch: 1540, Acc: 24.71%, Loss: 1.8004
Epoch: 6, Batch: 1550, Acc: 24.73%, Loss: 1.7622
Epoch: 6, Batch: 1560, Acc: 24.74%, Loss: 1.7676
Epoch: 6, Batch: 1570, Acc: 24.74%, Loss: 1.7889
Epoch: 6, Batch: 1580, Acc: 24.74%, Loss: 1.8055
Epoch: 6, Batch: 1590, Acc: 24.74%, Loss: 1.8171
Epoch: 6, Batch: 1600, Acc: 24.75%, Loss: 1.7690
Epoch: 6, Batch: 1610, Acc: 24.76%, Loss: 1.7576
Epoch: 6, Batch: 1620, Acc: 24.75%, Loss: 1.8181
Epoch: 6, Batch: 1630, Acc: 24.74%, Loss: 1.8164
Epoch: 6, Batch: 1640, Acc: 24.74%, Loss: 1.7981
Epoch: 6, Batch: 1650, Acc: 24.72%, Loss: 1.8232
Epoch: 6, Batch: 1660, Acc: 24.72%, Loss: 1.7830
Epoch: 6, Batch: 1670, Acc: 24.72%, Loss: 1.7573
Epoch: 6, Batch: 1680, Acc: 24.72%, Loss: 1.7511
Epoch: 6, Batch: 1690, Acc: 24.72%, Loss: 1.8547
Epoch: 6, Batch: 1700, Acc: 24.70%, Loss: 1.8188
Epoch: 6, Batch: 1710, Acc: 24.71%, Loss: 1.7580
Epoch: 6, Batch: 1720, Acc: 24.70%, Loss: 1.7916
Epoch: 6, Batch: 1730, Acc: 24.70%, Loss: 1.7953
Epoch: 6, Batch: 1740, Acc: 24.70%, Loss: 1.7947
Epoch: 6, Batch: 1750, Acc: 24.67%, Loss: 1.8364
Epoch: 6, Batch: 1760, Acc: 24.66%, Loss: 1.8052
Epoch: 6, Batch: 1770, Acc: 24.63%, Loss: 1.7986
Epoch: 6, Batch: 1780, Acc: 24.64%, Loss: 1.7826
Epoch: 6, Batch: 1790, Acc: 24.66%, Loss: 1.7396
Epoch: 6, Batch: 1800, Acc: 24.66%, Loss: 1.7734
Epoch: 6, Batch: 1810, Acc: 24.65%, Loss: 1.8434
Epoch: 6, Batch: 1820, Acc: 24.65%, Loss: 1.7637
Epoch: 6, Batch: 1830, Acc: 24.64%, Loss: 1.8305
Epoch: 6, Batch: 1840, Acc: 24.64%, Loss: 1.7598
Epoch: 6, Batch: 1850, Acc: 24.62%, Loss: 1.8695
Epoch: 6, Batch: 1860, Acc: 24.63%, Loss: 1.7813
Epoch: 6, Batch: 1870, Acc: 24.63%, Loss: 1.8039
Epoch: 6, Batch: 1880, Acc: 24.63%, Loss: 1.8087
Epoch: 6, Batch: 1890, Acc: 24.62%, Loss: 1.8359
Epoch: 6, Batch: 1900, Acc: 24.64%, Loss: 1.7371
Epoch: 6, Batch: 1910, Acc: 24.64%, Loss: 1.7808
Epoch: 6, Batch: 1920, Acc: 24.64%, Loss: 1.8092
Epoch: 6, Batch: 1930, Acc: 24.63%, Loss: 1.7988
Epoch: 6, Batch: 1940, Acc: 24.62%, Loss: 1.8290
Epoch: 6, Batch: 1950, Acc: 24.62%, Loss: 1.7780
Epoch: 6, Batch: 1960, Acc: 24.62%, Loss: 1.7914
Epoch: 6, Batch: 1970, Acc: 24.63%, Loss: 1.7655
Epoch: 6, Batch: 1980, Acc: 24.63%, Loss: 1.7608
Epoch: 6, Batch: 1990, Acc: 24.64%, Loss: 1.7570
Epoch: 6, Batch: 2000, Acc: 24.63%, Loss: 1.8160
Epoch: 6, Batch: 2010, Acc: 24.63%, Loss: 1.7421
Epoch: 6, Batch: 2020, Acc: 24.63%, Loss: 1.7850
Epoch: 6, Batch: 2030, Acc: 24.64%, Loss: 1.8305
Epoch: 6, Batch: 2040, Acc: 24.63%, Loss: 1.8032
Epoch: 6, Batch: 2050, Acc: 24.63%, Loss: 1.8252
Epoch: 6, Batch: 2060, Acc: 24.65%, Loss: 1.7394
Epoch: 6, Batch: 2070, Acc: 24.65%, Loss: 1.7666
Epoch: 6, Batch: 2080, Acc: 24.64%, Loss: 1.7906
Epoch: 6, Batch: 2090, Acc: 24.62%, Loss: 1.8116
Epoch: 6, Batch: 2100, Acc: 24.61%, Loss: 1.8116
Epoch: 6, Batch: 2110, Acc: 24.62%, Loss: 1.7782
Epoch: 6, Batch: 2120, Acc: 24.62%, Loss: 1.7703
Epoch: 6, Batch: 2130, Acc: 24.61%, Loss: 1.8117
Epoch: 6, Batch: 2140, Acc: 24.60%, Loss: 1.7726
Epoch: 6, Batch: 2150, Acc: 24.60%, Loss: 1.7677
Epoch: 6, Batch: 2160, Acc: 24.58%, Loss: 1.8173
Epoch: 6, Batch: 2170, Acc: 24.57%, Loss: 1.8256
Epoch: 6, Batch: 2180, Acc: 24.56%, Loss: 1.8323
Epoch: 6, Batch: 2190, Acc: 24.57%, Loss: 1.7802
Epoch: 6, Batch: 2200, Acc: 24.58%, Loss: 1.7385
Epoch: 6, Batch: 2210, Acc: 24.58%, Loss: 1.7669
Epoch: 6, Batch: 2220, Acc: 24.59%, Loss: 1.7470
Epoch: 6, Batch: 2230, Acc: 24.58%, Loss: 1.8102
Epoch: 6, Batch: 2240, Acc: 24.59%, Loss: 1.7923
Epoch: 6, Batch: 2250, Acc: 24.59%, Loss: 1.8201
Epoch: 6, Batch: 2260, Acc: 24.58%, Loss: 1.8304
Epoch: 6, Batch: 2270, Acc: 24.57%, Loss: 1.8244
Epoch: 6, Batch: 2280, Acc: 24.57%, Loss: 1.8030
Epoch: 6, Batch: 2290, Acc: 24.56%, Loss: 1.8048
Epoch: 6, Batch: 2300, Acc: 24.55%, Loss: 1.8473
Epoch: 6, Batch: 2310, Acc: 24.54%, Loss: 1.8348
Epoch: 6, Batch: 2320, Acc: 24.55%, Loss: 1.7687
Epoch: 6, Batch: 2330, Acc: 24.54%, Loss: 1.8271
Epoch: 6, Batch: 2340, Acc: 24.52%, Loss: 1.8428
Epoch: 6, Batch: 2350, Acc: 24.52%, Loss: 1.7792
Epoch: 6, Batch: 2360, Acc: 24.52%, Loss: 1.7811
Epoch: 6, Batch: 2370, Acc: 24.52%, Loss: 1.7792
Epoch: 6, Batch: 2380, Acc: 24.54%, Loss: 1.7862
Epoch: 6, Batch: 2390, Acc: 24.54%, Loss: 1.7459
Epoch: 6, Batch: 2400, Acc: 24.54%, Loss: 1.7801
Epoch: 6, Batch: 2410, Acc: 24.54%, Loss: 1.8124
Epoch: 6, Batch: 2420, Acc: 24.53%, Loss: 1.8078
Epoch: 6, Batch: 2430, Acc: 24.53%, Loss: 1.8101
Epoch: 6, Batch: 2440, Acc: 24.52%, Loss: 1.8284
Epoch: 6, Batch: 2450, Acc: 24.52%, Loss: 1.7244
Epoch: 6, Batch: 2460, Acc: 24.52%, Loss: 1.7859
Epoch: 6, Batch: 2470, Acc: 24.51%, Loss: 1.7837
Epoch: 6, Batch: 2480, Acc: 24.50%, Loss: 1.8142
Epoch: 6, Batch: 2490, Acc: 24.49%, Loss: 1.8117
Epoch: 6, Batch: 2500, Acc: 24.47%, Loss: 1.8284
Epoch: 6, Batch: 2510, Acc: 24.48%, Loss: 1.7744
Epoch: 6, Batch: 2520, Acc: 24.49%, Loss: 1.7684
Epoch: 6, Batch: 2530, Acc: 24.49%, Loss: 1.7965
Epoch: 6, Batch: 2540, Acc: 24.51%, Loss: 1.7288
Epoch: 6, Batch: 2550, Acc: 24.50%, Loss: 1.7975
Epoch: 6, Batch: 2560, Acc: 24.51%, Loss: 1.7751
Epoch: 6, Batch: 2570, Acc: 24.50%, Loss: 1.8113
Epoch: 6, Batch: 2580, Acc: 24.49%, Loss: 1.8216
Epoch: 6, Batch: 2590, Acc: 24.50%, Loss: 1.7536
Epoch: 6, Batch: 2600, Acc: 24.50%, Loss: 1.7614
Epoch: 6, Batch: 2610, Acc: 24.49%, Loss: 1.8021
Epoch: 6, Batch: 2620, Acc: 24.49%, Loss: 1.7815
Epoch: 6, Batch: 2630, Acc: 24.50%, Loss: 1.8038
Epoch: 6, Batch: 2640, Acc: 24.49%, Loss: 1.8092
Epoch: 6, Batch: 2650, Acc: 24.49%, Loss: 1.7924
Epoch: 6, Batch: 2660, Acc: 24.48%, Loss: 1.8390
Epoch: 6, Batch: 2670, Acc: 24.48%, Loss: 1.8029
Epoch: 6, Batch: 2680, Acc: 24.47%, Loss: 1.7762
Epoch: 6, Batch: 2690, Acc: 24.48%, Loss: 1.7923
Epoch: 6, Batch: 2700, Acc: 24.47%, Loss: 1.8082
Epoch: 6, Batch: 2710, Acc: 24.47%, Loss: 1.7907
Epoch: 6, Batch: 2720, Acc: 24.46%, Loss: 1.7998
Epoch: 6, Batch: 2730, Acc: 24.46%, Loss: 1.7881
Epoch: 6, Batch: 2740, Acc: 24.46%, Loss: 1.7888
Epoch: 6, Batch: 2750, Acc: 24.46%, Loss: 1.7831
Epoch: 6, Batch: 2760, Acc: 24.45%, Loss: 1.8442
Epoch: 6, Batch: 2770, Acc: 24.46%, Loss: 1.7781
Epoch: 6, Batch: 2780, Acc: 24.45%, Loss: 1.8124
Epoch: 6, Batch: 2790, Acc: 24.45%, Loss: 1.8307
Epoch: 6, Batch: 2800, Acc: 24.44%, Loss: 1.7777
Epoch: 6, Batch: 2810, Acc: 24.43%, Loss: 1.8318
Epoch: 6, Batch: 2820, Acc: 24.43%, Loss: 1.7689
Epoch: 6, Batch: 2830, Acc: 24.44%, Loss: 1.7937
Epoch: 6, Batch: 2840, Acc: 24.44%, Loss: 1.7899
Epoch: 6, Batch: 2850, Acc: 24.43%, Loss: 1.7832
Epoch: 6, Batch: 2860, Acc: 24.42%, Loss: 1.8605
Epoch: 6, Batch: 2870, Acc: 24.42%, Loss: 1.7985
Epoch: 6, Batch: 2880, Acc: 24.42%, Loss: 1.7890
Accuracy on test set: 45.88%, Val loss: 2.2498
Epoch 6: train_loss=1.7905, val_acc=45.88, best_val_acc=46.07, es_counter=1
Epoch: 7, Batch: 10, Acc: 21.41%, Loss: 1.8377
Epoch: 7, Batch: 20, Acc: 23.28%, Loss: 1.7784
Epoch: 7, Batch: 30, Acc: 23.23%, Loss: 1.7920
Epoch: 7, Batch: 40, Acc: 23.36%, Loss: 1.7941
Epoch: 7, Batch: 50, Acc: 23.28%, Loss: 1.8045
Epoch: 7, Batch: 60, Acc: 23.67%, Loss: 1.7596
Epoch: 7, Batch: 70, Acc: 23.88%, Loss: 1.7918
Epoch: 7, Batch: 80, Acc: 23.81%, Loss: 1.8002
Epoch: 7, Batch: 90, Acc: 23.80%, Loss: 1.7912
Epoch: 7, Batch: 100, Acc: 23.78%, Loss: 1.7892
Epoch: 7, Batch: 110, Acc: 23.65%, Loss: 1.8308
Epoch: 7, Batch: 120, Acc: 23.45%, Loss: 1.8221
Epoch: 7, Batch: 130, Acc: 23.45%, Loss: 1.7806
Epoch: 7, Batch: 140, Acc: 23.55%, Loss: 1.7784
Epoch: 7, Batch: 150, Acc: 23.78%, Loss: 1.7975
Epoch: 7, Batch: 160, Acc: 23.81%, Loss: 1.8032
Epoch: 7, Batch: 170, Acc: 23.98%, Loss: 1.7875
Epoch: 7, Batch: 180, Acc: 23.96%, Loss: 1.7762
Epoch: 7, Batch: 190, Acc: 24.04%, Loss: 1.8004
Epoch: 7, Batch: 200, Acc: 23.97%, Loss: 1.8323
Epoch: 7, Batch: 210, Acc: 24.15%, Loss: 1.7436
Epoch: 7, Batch: 220, Acc: 24.18%, Loss: 1.7831
Epoch: 7, Batch: 230, Acc: 24.25%, Loss: 1.7789
Epoch: 7, Batch: 240, Acc: 24.28%, Loss: 1.8050
Epoch: 7, Batch: 250, Acc: 24.21%, Loss: 1.8025
Epoch: 7, Batch: 260, Acc: 24.22%, Loss: 1.7915
Epoch: 7, Batch: 270, Acc: 24.21%, Loss: 1.8125
Epoch: 7, Batch: 280, Acc: 24.29%, Loss: 1.7856
Epoch: 7, Batch: 290, Acc: 24.32%, Loss: 1.7765
Epoch: 7, Batch: 300, Acc: 24.35%, Loss: 1.7647
Epoch: 7, Batch: 310, Acc: 24.36%, Loss: 1.7919
Epoch: 7, Batch: 320, Acc: 24.41%, Loss: 1.7340
Epoch: 7, Batch: 330, Acc: 24.48%, Loss: 1.7368
Epoch: 7, Batch: 340, Acc: 24.45%, Loss: 1.7751
Epoch: 7, Batch: 350, Acc: 24.50%, Loss: 1.7806
Epoch: 7, Batch: 360, Acc: 24.45%, Loss: 1.8113
Epoch: 7, Batch: 370, Acc: 24.39%, Loss: 1.8100
Epoch: 7, Batch: 380, Acc: 24.35%, Loss: 1.8077
Epoch: 7, Batch: 390, Acc: 24.32%, Loss: 1.8196
Epoch: 7, Batch: 400, Acc: 24.39%, Loss: 1.7659
Epoch: 7, Batch: 410, Acc: 24.41%, Loss: 1.7699
Epoch: 7, Batch: 420, Acc: 24.37%, Loss: 1.7956
Epoch: 7, Batch: 430, Acc: 24.44%, Loss: 1.7366
Epoch: 7, Batch: 440, Acc: 24.43%, Loss: 1.7952
Epoch: 7, Batch: 450, Acc: 24.41%, Loss: 1.8194
Epoch: 7, Batch: 460, Acc: 24.48%, Loss: 1.7585
Epoch: 7, Batch: 470, Acc: 24.42%, Loss: 1.8306
Epoch: 7, Batch: 480, Acc: 24.41%, Loss: 1.7867
Epoch: 7, Batch: 490, Acc: 24.37%, Loss: 1.8043
Epoch: 7, Batch: 500, Acc: 24.38%, Loss: 1.7753
Epoch: 7, Batch: 510, Acc: 24.40%, Loss: 1.7339
Epoch: 7, Batch: 520, Acc: 24.44%, Loss: 1.7712
Epoch: 7, Batch: 530, Acc: 24.38%, Loss: 1.8215
Epoch: 7, Batch: 540, Acc: 24.41%, Loss: 1.7682
Epoch: 7, Batch: 550, Acc: 24.40%, Loss: 1.7846
Epoch: 7, Batch: 560, Acc: 24.37%, Loss: 1.8313
Epoch: 7, Batch: 570, Acc: 24.43%, Loss: 1.7666
Epoch: 7, Batch: 580, Acc: 24.42%, Loss: 1.8207
Epoch: 7, Batch: 590, Acc: 24.39%, Loss: 1.7878
Epoch: 7, Batch: 600, Acc: 24.42%, Loss: 1.7845
Epoch: 7, Batch: 610, Acc: 24.45%, Loss: 1.7774
Epoch: 7, Batch: 620, Acc: 24.45%, Loss: 1.8108
Epoch: 7, Batch: 630, Acc: 24.47%, Loss: 1.7715
Epoch: 7, Batch: 640, Acc: 24.45%, Loss: 1.7974
Epoch: 7, Batch: 650, Acc: 24.46%, Loss: 1.7700
Epoch: 7, Batch: 660, Acc: 24.46%, Loss: 1.7678
Epoch: 7, Batch: 670, Acc: 24.45%, Loss: 1.7886
Epoch: 7, Batch: 680, Acc: 24.45%, Loss: 1.8045
Epoch: 7, Batch: 690, Acc: 24.47%, Loss: 1.7748
Epoch: 7, Batch: 700, Acc: 24.46%, Loss: 1.8065
Epoch: 7, Batch: 710, Acc: 24.45%, Loss: 1.7956
Epoch: 7, Batch: 720, Acc: 24.47%, Loss: 1.7717
Epoch: 7, Batch: 730, Acc: 24.48%, Loss: 1.7768
Epoch: 7, Batch: 740, Acc: 24.49%, Loss: 1.7577
Epoch: 7, Batch: 750, Acc: 24.49%, Loss: 1.7793
Epoch: 7, Batch: 760, Acc: 24.44%, Loss: 1.8348
Epoch: 7, Batch: 770, Acc: 24.44%, Loss: 1.7865
Epoch: 7, Batch: 780, Acc: 24.46%, Loss: 1.7966
Epoch: 7, Batch: 790, Acc: 24.43%, Loss: 1.7936
Epoch: 7, Batch: 800, Acc: 24.43%, Loss: 1.8021
Epoch: 7, Batch: 810, Acc: 24.41%, Loss: 1.8002
Epoch: 7, Batch: 820, Acc: 24.42%, Loss: 1.7734
Epoch: 7, Batch: 830, Acc: 24.42%, Loss: 1.7786
Epoch: 7, Batch: 840, Acc: 24.43%, Loss: 1.7969
Epoch: 7, Batch: 850, Acc: 24.43%, Loss: 1.7766
Epoch: 7, Batch: 860, Acc: 24.43%, Loss: 1.8020
Epoch: 7, Batch: 870, Acc: 24.41%, Loss: 1.8397
Epoch: 7, Batch: 880, Acc: 24.41%, Loss: 1.7684
Epoch: 7, Batch: 890, Acc: 24.39%, Loss: 1.7892
Epoch: 7, Batch: 900, Acc: 24.38%, Loss: 1.7966
Epoch: 7, Batch: 910, Acc: 24.38%, Loss: 1.8056
Epoch: 7, Batch: 920, Acc: 24.36%, Loss: 1.8097
Epoch: 7, Batch: 930, Acc: 24.35%, Loss: 1.7973
Epoch: 7, Batch: 940, Acc: 24.36%, Loss: 1.7651
Epoch: 7, Batch: 950, Acc: 24.35%, Loss: 1.7750
Epoch: 7, Batch: 960, Acc: 24.38%, Loss: 1.7835
Epoch: 7, Batch: 970, Acc: 24.39%, Loss: 1.7668
Epoch: 7, Batch: 980, Acc: 24.37%, Loss: 1.8306
Epoch: 7, Batch: 990, Acc: 24.36%, Loss: 1.8077
Epoch: 7, Batch: 1000, Acc: 24.38%, Loss: 1.7596
Epoch: 7, Batch: 1010, Acc: 24.39%, Loss: 1.7782
Epoch: 7, Batch: 1020, Acc: 24.40%, Loss: 1.7901
Epoch: 7, Batch: 1030, Acc: 24.41%, Loss: 1.7570
Epoch: 7, Batch: 1040, Acc: 24.42%, Loss: 1.7752
Epoch: 7, Batch: 1050, Acc: 24.43%, Loss: 1.7785
Epoch: 7, Batch: 1060, Acc: 24.42%, Loss: 1.8106
Epoch: 7, Batch: 1070, Acc: 24.40%, Loss: 1.7941
Epoch: 7, Batch: 1080, Acc: 24.39%, Loss: 1.7931
Epoch: 7, Batch: 1090, Acc: 24.42%, Loss: 1.7573
Epoch: 7, Batch: 1100, Acc: 24.41%, Loss: 1.8214
Epoch: 7, Batch: 1110, Acc: 24.42%, Loss: 1.7642
Epoch: 7, Batch: 1120, Acc: 24.44%, Loss: 1.7402
Epoch: 7, Batch: 1130, Acc: 24.42%, Loss: 1.7758
Epoch: 7, Batch: 1140, Acc: 24.41%, Loss: 1.8337
Epoch: 7, Batch: 1150, Acc: 24.42%, Loss: 1.7693
Epoch: 7, Batch: 1160, Acc: 24.43%, Loss: 1.7845
Epoch: 7, Batch: 1170, Acc: 24.41%, Loss: 1.8242
Epoch: 7, Batch: 1180, Acc: 24.39%, Loss: 1.8014
Epoch: 7, Batch: 1190, Acc: 24.40%, Loss: 1.7677
Epoch: 7, Batch: 1200, Acc: 24.43%, Loss: 1.7402
Epoch: 7, Batch: 1210, Acc: 24.43%, Loss: 1.8002
Epoch: 7, Batch: 1220, Acc: 24.40%, Loss: 1.8130
Epoch: 7, Batch: 1230, Acc: 24.38%, Loss: 1.7986
Epoch: 7, Batch: 1240, Acc: 24.39%, Loss: 1.7768
Epoch: 7, Batch: 1250, Acc: 24.37%, Loss: 1.8135
Epoch: 7, Batch: 1260, Acc: 24.39%, Loss: 1.7393
Epoch: 7, Batch: 1270, Acc: 24.39%, Loss: 1.8109
Epoch: 7, Batch: 1280, Acc: 24.39%, Loss: 1.8200
Epoch: 7, Batch: 1290, Acc: 24.41%, Loss: 1.7831
Epoch: 7, Batch: 1300, Acc: 24.41%, Loss: 1.8233
Epoch: 7, Batch: 1310, Acc: 24.40%, Loss: 1.8120
Epoch: 7, Batch: 1320, Acc: 24.38%, Loss: 1.8021
Epoch: 7, Batch: 1330, Acc: 24.36%, Loss: 1.7948
Epoch: 7, Batch: 1340, Acc: 24.40%, Loss: 1.7259
Epoch: 7, Batch: 1350, Acc: 24.38%, Loss: 1.7855
Epoch: 7, Batch: 1360, Acc: 24.38%, Loss: 1.8095
Epoch: 7, Batch: 1370, Acc: 24.37%, Loss: 1.7945
Epoch: 7, Batch: 1380, Acc: 24.37%, Loss: 1.7765
Epoch: 7, Batch: 1390, Acc: 24.36%, Loss: 1.7922
Epoch: 7, Batch: 1400, Acc: 24.38%, Loss: 1.7506
Epoch: 7, Batch: 1410, Acc: 24.38%, Loss: 1.7770
Epoch: 7, Batch: 1420, Acc: 24.38%, Loss: 1.7779
Epoch: 7, Batch: 1430, Acc: 24.39%, Loss: 1.7909
Epoch: 7, Batch: 1440, Acc: 24.37%, Loss: 1.8188
Epoch: 7, Batch: 1450, Acc: 24.39%, Loss: 1.7605
Epoch: 7, Batch: 1460, Acc: 24.38%, Loss: 1.7738
Epoch: 7, Batch: 1470, Acc: 24.38%, Loss: 1.8197
Epoch: 7, Batch: 1480, Acc: 24.37%, Loss: 1.7977
Epoch: 7, Batch: 1490, Acc: 24.37%, Loss: 1.7863
Epoch: 7, Batch: 1500, Acc: 24.38%, Loss: 1.7801
Epoch: 7, Batch: 1510, Acc: 24.38%, Loss: 1.8120
Epoch: 7, Batch: 1520, Acc: 24.36%, Loss: 1.8140
Epoch: 7, Batch: 1530, Acc: 24.36%, Loss: 1.7728
Epoch: 7, Batch: 1540, Acc: 24.37%, Loss: 1.7830
Epoch: 7, Batch: 1550, Acc: 24.36%, Loss: 1.8119
Epoch: 7, Batch: 1560, Acc: 24.37%, Loss: 1.7503
Epoch: 7, Batch: 1570, Acc: 24.35%, Loss: 1.8323
Epoch: 7, Batch: 1580, Acc: 24.35%, Loss: 1.7673
Epoch: 7, Batch: 1590, Acc: 24.34%, Loss: 1.7898
Epoch: 7, Batch: 1600, Acc: 24.36%, Loss: 1.7508
Epoch: 7, Batch: 1610, Acc: 24.36%, Loss: 1.8057
Epoch: 7, Batch: 1620, Acc: 24.34%, Loss: 1.8112
Epoch: 7, Batch: 1630, Acc: 24.35%, Loss: 1.7851
Epoch: 7, Batch: 1640, Acc: 24.36%, Loss: 1.7433
Epoch: 7, Batch: 1650, Acc: 24.35%, Loss: 1.7599
Epoch: 7, Batch: 1660, Acc: 24.35%, Loss: 1.7928
Epoch: 7, Batch: 1670, Acc: 24.33%, Loss: 1.8226
Epoch: 7, Batch: 1680, Acc: 24.33%, Loss: 1.7810
Epoch: 7, Batch: 1690, Acc: 24.34%, Loss: 1.7752
Epoch: 7, Batch: 1700, Acc: 24.35%, Loss: 1.7795
Epoch: 7, Batch: 1710, Acc: 24.35%, Loss: 1.7722
Epoch: 7, Batch: 1720, Acc: 24.36%, Loss: 1.7688
Epoch: 7, Batch: 1730, Acc: 24.35%, Loss: 1.8023
Epoch: 7, Batch: 1740, Acc: 24.35%, Loss: 1.7773
Epoch: 7, Batch: 1750, Acc: 24.35%, Loss: 1.7689
Epoch: 7, Batch: 1760, Acc: 24.35%, Loss: 1.8048
Epoch: 7, Batch: 1770, Acc: 24.34%, Loss: 1.7879
Epoch: 7, Batch: 1780, Acc: 24.35%, Loss: 1.7705
Epoch: 7, Batch: 1790, Acc: 24.36%, Loss: 1.7772
Epoch: 7, Batch: 1800, Acc: 24.35%, Loss: 1.8294
Epoch: 7, Batch: 1810, Acc: 24.34%, Loss: 1.8178
Epoch: 7, Batch: 1820, Acc: 24.34%, Loss: 1.7825
Epoch: 7, Batch: 1830, Acc: 24.35%, Loss: 1.7812
Epoch: 7, Batch: 1840, Acc: 24.34%, Loss: 1.8066
Epoch: 7, Batch: 1850, Acc: 24.35%, Loss: 1.7962
Epoch: 7, Batch: 1860, Acc: 24.35%, Loss: 1.8141
Epoch: 7, Batch: 1870, Acc: 24.33%, Loss: 1.8500
Epoch: 7, Batch: 1880, Acc: 24.32%, Loss: 1.8237
Epoch: 7, Batch: 1890, Acc: 24.33%, Loss: 1.7763
Epoch: 7, Batch: 1900, Acc: 24.33%, Loss: 1.7981
Epoch: 7, Batch: 1910, Acc: 24.32%, Loss: 1.8330
Epoch: 7, Batch: 1920, Acc: 24.31%, Loss: 1.7956
Epoch: 7, Batch: 1930, Acc: 24.29%, Loss: 1.8311
Epoch: 7, Batch: 1940, Acc: 24.30%, Loss: 1.7827
Epoch: 7, Batch: 1950, Acc: 24.29%, Loss: 1.7788
Epoch: 7, Batch: 1960, Acc: 24.29%, Loss: 1.7912
Epoch: 7, Batch: 1970, Acc: 24.30%, Loss: 1.7911
Epoch: 7, Batch: 1980, Acc: 24.32%, Loss: 1.7661
Epoch: 7, Batch: 1990, Acc: 24.31%, Loss: 1.7985
Epoch: 7, Batch: 2000, Acc: 24.32%, Loss: 1.7565
Epoch: 7, Batch: 2010, Acc: 24.31%, Loss: 1.8512
Epoch: 7, Batch: 2020, Acc: 24.31%, Loss: 1.8026
Epoch: 7, Batch: 2030, Acc: 24.30%, Loss: 1.7893
Epoch: 7, Batch: 2040, Acc: 24.30%, Loss: 1.8163
Epoch: 7, Batch: 2050, Acc: 24.30%, Loss: 1.8156
Epoch: 7, Batch: 2060, Acc: 24.30%, Loss: 1.7971
Epoch: 7, Batch: 2070, Acc: 24.31%, Loss: 1.7805
Epoch: 7, Batch: 2080, Acc: 24.32%, Loss: 1.7716
Epoch: 7, Batch: 2090, Acc: 24.33%, Loss: 1.7877
Epoch: 7, Batch: 2100, Acc: 24.33%, Loss: 1.7769
Epoch: 7, Batch: 2110, Acc: 24.32%, Loss: 1.7951
Epoch: 7, Batch: 2120, Acc: 24.32%, Loss: 1.7661
Epoch: 7, Batch: 2130, Acc: 24.32%, Loss: 1.7952
Epoch: 7, Batch: 2140, Acc: 24.31%, Loss: 1.8300
Epoch: 7, Batch: 2150, Acc: 24.31%, Loss: 1.7865
Epoch: 7, Batch: 2160, Acc: 24.31%, Loss: 1.7653
Epoch: 7, Batch: 2170, Acc: 24.31%, Loss: 1.7972
Epoch: 7, Batch: 2180, Acc: 24.32%, Loss: 1.7881
Epoch: 7, Batch: 2190, Acc: 24.33%, Loss: 1.7330
Epoch: 7, Batch: 2200, Acc: 24.32%, Loss: 1.8318
Epoch: 7, Batch: 2210, Acc: 24.33%, Loss: 1.7766
Epoch: 7, Batch: 2220, Acc: 24.34%, Loss: 1.7414
Epoch: 7, Batch: 2230, Acc: 24.34%, Loss: 1.7850
Epoch: 7, Batch: 2240, Acc: 24.34%, Loss: 1.7928
Epoch: 7, Batch: 2250, Acc: 24.34%, Loss: 1.8451
Epoch: 7, Batch: 2260, Acc: 24.33%, Loss: 1.7860
Epoch: 7, Batch: 2270, Acc: 24.33%, Loss: 1.8080
Epoch: 7, Batch: 2280, Acc: 24.32%, Loss: 1.8054
Epoch: 7, Batch: 2290, Acc: 24.33%, Loss: 1.7441
Epoch: 7, Batch: 2300, Acc: 24.34%, Loss: 1.7422
Epoch: 7, Batch: 2310, Acc: 24.34%, Loss: 1.7991
Epoch: 7, Batch: 2320, Acc: 24.34%, Loss: 1.7572
Epoch: 7, Batch: 2330, Acc: 24.34%, Loss: 1.8308
Epoch: 7, Batch: 2340, Acc: 24.34%, Loss: 1.7920
Epoch: 7, Batch: 2350, Acc: 24.34%, Loss: 1.8125
Epoch: 7, Batch: 2360, Acc: 24.35%, Loss: 1.7495
Epoch: 7, Batch: 2370, Acc: 24.35%, Loss: 1.7820
Epoch: 7, Batch: 2380, Acc: 24.35%, Loss: 1.8204
Epoch: 7, Batch: 2390, Acc: 24.36%, Loss: 1.7700
Epoch: 7, Batch: 2400, Acc: 24.36%, Loss: 1.8050
Epoch: 7, Batch: 2410, Acc: 24.38%, Loss: 1.7494
Epoch: 7, Batch: 2420, Acc: 24.38%, Loss: 1.7941
Epoch: 7, Batch: 2430, Acc: 24.37%, Loss: 1.7769
Epoch: 7, Batch: 2440, Acc: 24.38%, Loss: 1.8049
Epoch: 7, Batch: 2450, Acc: 24.39%, Loss: 1.7471
Epoch: 7, Batch: 2460, Acc: 24.39%, Loss: 1.8141
Epoch: 7, Batch: 2470, Acc: 24.39%, Loss: 1.7916
Epoch: 7, Batch: 2480, Acc: 24.39%, Loss: 1.7832
Epoch: 7, Batch: 2490, Acc: 24.40%, Loss: 1.7648
Epoch: 7, Batch: 2500, Acc: 24.39%, Loss: 1.8261
Epoch: 7, Batch: 2510, Acc: 24.38%, Loss: 1.8115
Epoch: 7, Batch: 2520, Acc: 24.39%, Loss: 1.7432
Epoch: 7, Batch: 2530, Acc: 24.39%, Loss: 1.7573
Epoch: 7, Batch: 2540, Acc: 24.39%, Loss: 1.7831
Epoch: 7, Batch: 2550, Acc: 24.38%, Loss: 1.7772
Epoch: 7, Batch: 2560, Acc: 24.38%, Loss: 1.7718
Epoch: 7, Batch: 2570, Acc: 24.39%, Loss: 1.7584
Epoch: 7, Batch: 2580, Acc: 24.38%, Loss: 1.8178
Epoch: 7, Batch: 2590, Acc: 24.38%, Loss: 1.7659
Epoch: 7, Batch: 2600, Acc: 24.38%, Loss: 1.7825
Epoch: 7, Batch: 2610, Acc: 24.38%, Loss: 1.7824
Epoch: 7, Batch: 2620, Acc: 24.39%, Loss: 1.7451
Epoch: 7, Batch: 2630, Acc: 24.38%, Loss: 1.8202
Epoch: 7, Batch: 2640, Acc: 24.39%, Loss: 1.7691
Epoch: 7, Batch: 2650, Acc: 24.39%, Loss: 1.7812
Epoch: 7, Batch: 2660, Acc: 24.39%, Loss: 1.8104
Epoch: 7, Batch: 2670, Acc: 24.39%, Loss: 1.7519
Epoch: 7, Batch: 2680, Acc: 24.40%, Loss: 1.7498
Epoch: 7, Batch: 2690, Acc: 24.40%, Loss: 1.8185
Epoch: 7, Batch: 2700, Acc: 24.40%, Loss: 1.7782
Epoch: 7, Batch: 2710, Acc: 24.40%, Loss: 1.8095
Epoch: 7, Batch: 2720, Acc: 24.39%, Loss: 1.8320
Epoch: 7, Batch: 2730, Acc: 24.37%, Loss: 1.8490
Epoch: 7, Batch: 2740, Acc: 24.38%, Loss: 1.7562
Epoch: 7, Batch: 2750, Acc: 24.38%, Loss: 1.7520
Epoch: 7, Batch: 2760, Acc: 24.37%, Loss: 1.8523
Epoch: 7, Batch: 2770, Acc: 24.37%, Loss: 1.7987
Epoch: 7, Batch: 2780, Acc: 24.38%, Loss: 1.7459
Epoch: 7, Batch: 2790, Acc: 24.37%, Loss: 1.7899
Epoch: 7, Batch: 2800, Acc: 24.38%, Loss: 1.7762
Epoch: 7, Batch: 2810, Acc: 24.37%, Loss: 1.8380
Epoch: 7, Batch: 2820, Acc: 24.37%, Loss: 1.7835
Epoch: 7, Batch: 2830, Acc: 24.37%, Loss: 1.7851
Epoch: 7, Batch: 2840, Acc: 24.37%, Loss: 1.7919
Epoch: 7, Batch: 2850, Acc: 24.38%, Loss: 1.7572
Epoch: 7, Batch: 2860, Acc: 24.38%, Loss: 1.8166
Epoch: 7, Batch: 2870, Acc: 24.38%, Loss: 1.7907
Epoch: 7, Batch: 2880, Acc: 24.38%, Loss: 1.7923
Accuracy on test set: 46.08%, Val loss: 2.2345
Epoch 7: train_loss=1.7891, val_acc=46.08, best_val_acc=46.07, es_counter=2
Epoch: 8, Batch: 10, Acc: 24.06%, Loss: 1.7631
Epoch: 8, Batch: 20, Acc: 25.23%, Loss: 1.7487
Epoch: 8, Batch: 30, Acc: 25.00%, Loss: 1.7934
Epoch: 8, Batch: 40, Acc: 24.02%, Loss: 1.8535
Epoch: 8, Batch: 50, Acc: 24.28%, Loss: 1.7979
Epoch: 8, Batch: 60, Acc: 24.61%, Loss: 1.7749
Epoch: 8, Batch: 70, Acc: 24.53%, Loss: 1.7897
Epoch: 8, Batch: 80, Acc: 24.28%, Loss: 1.8178
Epoch: 8, Batch: 90, Acc: 24.65%, Loss: 1.7427
Epoch: 8, Batch: 100, Acc: 24.75%, Loss: 1.7714
Epoch: 8, Batch: 110, Acc: 24.79%, Loss: 1.8074
Epoch: 8, Batch: 120, Acc: 24.73%, Loss: 1.8289
Epoch: 8, Batch: 130, Acc: 24.60%, Loss: 1.8152
Epoch: 8, Batch: 140, Acc: 24.54%, Loss: 1.8064
Epoch: 8, Batch: 150, Acc: 24.53%, Loss: 1.7984
Epoch: 8, Batch: 160, Acc: 24.47%, Loss: 1.8108
Epoch: 8, Batch: 170, Acc: 24.48%, Loss: 1.7903
Epoch: 8, Batch: 180, Acc: 24.44%, Loss: 1.7856
Epoch: 8, Batch: 190, Acc: 24.29%, Loss: 1.8159
Epoch: 8, Batch: 200, Acc: 24.25%, Loss: 1.7766
Epoch: 8, Batch: 210, Acc: 24.22%, Loss: 1.8111
Epoch: 8, Batch: 220, Acc: 24.18%, Loss: 1.8021
Epoch: 8, Batch: 230, Acc: 24.10%, Loss: 1.8169
Epoch: 8, Batch: 240, Acc: 24.19%, Loss: 1.7817
Epoch: 8, Batch: 250, Acc: 24.23%, Loss: 1.7901
Epoch: 8, Batch: 260, Acc: 24.17%, Loss: 1.8217
Epoch: 8, Batch: 270, Acc: 24.11%, Loss: 1.8053
Epoch: 8, Batch: 280, Acc: 24.11%, Loss: 1.7804
Epoch: 8, Batch: 290, Acc: 24.15%, Loss: 1.8008
Epoch: 8, Batch: 300, Acc: 24.15%, Loss: 1.7952
Epoch: 8, Batch: 310, Acc: 24.20%, Loss: 1.7814
Epoch: 8, Batch: 320, Acc: 24.06%, Loss: 1.8567
Epoch: 8, Batch: 330, Acc: 24.09%, Loss: 1.7741
Epoch: 8, Batch: 340, Acc: 24.04%, Loss: 1.8184
Epoch: 8, Batch: 350, Acc: 24.20%, Loss: 1.7384
Epoch: 8, Batch: 360, Acc: 24.28%, Loss: 1.7364
Epoch: 8, Batch: 370, Acc: 24.35%, Loss: 1.7278
Epoch: 8, Batch: 380, Acc: 24.35%, Loss: 1.7634
Epoch: 8, Batch: 390, Acc: 24.26%, Loss: 1.8292
Epoch: 8, Batch: 400, Acc: 24.34%, Loss: 1.7636
Epoch: 8, Batch: 410, Acc: 24.30%, Loss: 1.7689
Epoch: 8, Batch: 420, Acc: 24.23%, Loss: 1.8129
Epoch: 8, Batch: 430, Acc: 24.24%, Loss: 1.8216
Epoch: 8, Batch: 440, Acc: 24.23%, Loss: 1.7801
Epoch: 8, Batch: 450, Acc: 24.17%, Loss: 1.8186
Epoch: 8, Batch: 460, Acc: 24.18%, Loss: 1.7832
Epoch: 8, Batch: 470, Acc: 24.24%, Loss: 1.7549
Epoch: 8, Batch: 480, Acc: 24.25%, Loss: 1.7973
Epoch: 8, Batch: 490, Acc: 24.23%, Loss: 1.8086
Epoch: 8, Batch: 500, Acc: 24.22%, Loss: 1.7650
Epoch: 8, Batch: 510, Acc: 24.25%, Loss: 1.7355
Epoch: 8, Batch: 520, Acc: 24.30%, Loss: 1.7550
Epoch: 8, Batch: 530, Acc: 24.32%, Loss: 1.7582
Epoch: 8, Batch: 540, Acc: 24.34%, Loss: 1.7685
Epoch: 8, Batch: 550, Acc: 24.32%, Loss: 1.7945
Epoch: 8, Batch: 560, Acc: 24.34%, Loss: 1.7680
Epoch: 8, Batch: 570, Acc: 24.36%, Loss: 1.7752
Epoch: 8, Batch: 580, Acc: 24.33%, Loss: 1.8092
Epoch: 8, Batch: 590, Acc: 24.29%, Loss: 1.8226
Epoch: 8, Batch: 600, Acc: 24.31%, Loss: 1.7743
Epoch: 8, Batch: 610, Acc: 24.32%, Loss: 1.7836
Epoch: 8, Batch: 620, Acc: 24.29%, Loss: 1.8375
Epoch: 8, Batch: 630, Acc: 24.28%, Loss: 1.7924
Epoch: 8, Batch: 640, Acc: 24.26%, Loss: 1.8107
Epoch: 8, Batch: 650, Acc: 24.28%, Loss: 1.7920
Epoch: 8, Batch: 660, Acc: 24.28%, Loss: 1.7585
Epoch: 8, Batch: 670, Acc: 24.28%, Loss: 1.7873
Epoch: 8, Batch: 680, Acc: 24.29%, Loss: 1.7760
Epoch: 8, Batch: 690, Acc: 24.30%, Loss: 1.7954
Epoch: 8, Batch: 700, Acc: 24.28%, Loss: 1.7928
Epoch: 8, Batch: 710, Acc: 24.27%, Loss: 1.8287
Epoch: 8, Batch: 720, Acc: 24.28%, Loss: 1.7960
Epoch: 8, Batch: 730, Acc: 24.27%, Loss: 1.7918
Epoch: 8, Batch: 740, Acc: 24.29%, Loss: 1.7560
Epoch: 8, Batch: 750, Acc: 24.29%, Loss: 1.7957
Epoch: 8, Batch: 760, Acc: 24.28%, Loss: 1.7819
Epoch: 8, Batch: 770, Acc: 24.29%, Loss: 1.7614
Epoch: 8, Batch: 780, Acc: 24.30%, Loss: 1.7665
Epoch: 8, Batch: 790, Acc: 24.29%, Loss: 1.8260
Epoch: 8, Batch: 800, Acc: 24.27%, Loss: 1.8034
Epoch: 8, Batch: 810, Acc: 24.30%, Loss: 1.7323
Epoch: 8, Batch: 820, Acc: 24.31%, Loss: 1.7851
Epoch: 8, Batch: 830, Acc: 24.31%, Loss: 1.8024
Epoch: 8, Batch: 840, Acc: 24.29%, Loss: 1.8188
Epoch: 8, Batch: 850, Acc: 24.28%, Loss: 1.7728
Epoch: 8, Batch: 860, Acc: 24.27%, Loss: 1.8047
Epoch: 8, Batch: 870, Acc: 24.26%, Loss: 1.8231
Epoch: 8, Batch: 880, Acc: 24.23%, Loss: 1.7892
Epoch: 8, Batch: 890, Acc: 24.23%, Loss: 1.7916
Epoch: 8, Batch: 900, Acc: 24.20%, Loss: 1.8341
Epoch: 8, Batch: 910, Acc: 24.19%, Loss: 1.8197
Epoch: 8, Batch: 920, Acc: 24.19%, Loss: 1.7882
Epoch: 8, Batch: 930, Acc: 24.20%, Loss: 1.7711
Epoch: 8, Batch: 940, Acc: 24.23%, Loss: 1.7379
Epoch: 8, Batch: 950, Acc: 24.26%, Loss: 1.7536
Epoch: 8, Batch: 960, Acc: 24.31%, Loss: 1.7390
Epoch: 8, Batch: 970, Acc: 24.31%, Loss: 1.7954
Epoch: 8, Batch: 980, Acc: 24.32%, Loss: 1.7470
Epoch: 8, Batch: 990, Acc: 24.33%, Loss: 1.7812
Epoch: 8, Batch: 1000, Acc: 24.31%, Loss: 1.8272
Epoch: 8, Batch: 1010, Acc: 24.29%, Loss: 1.8260
Epoch: 8, Batch: 1020, Acc: 24.31%, Loss: 1.7753
Epoch: 8, Batch: 1030, Acc: 24.32%, Loss: 1.7856
Epoch: 8, Batch: 1040, Acc: 24.30%, Loss: 1.8215
Epoch: 8, Batch: 1050, Acc: 24.29%, Loss: 1.7950
Epoch: 8, Batch: 1060, Acc: 24.30%, Loss: 1.8044
Epoch: 8, Batch: 1070, Acc: 24.32%, Loss: 1.8022
Epoch: 8, Batch: 1080, Acc: 24.29%, Loss: 1.8097
Epoch: 8, Batch: 1090, Acc: 24.28%, Loss: 1.7993
Epoch: 8, Batch: 1100, Acc: 24.29%, Loss: 1.7821
Epoch: 8, Batch: 1110, Acc: 24.29%, Loss: 1.7968
Epoch: 8, Batch: 1120, Acc: 24.29%, Loss: 1.7639
Epoch: 8, Batch: 1130, Acc: 24.28%, Loss: 1.7911
Epoch: 8, Batch: 1140, Acc: 24.28%, Loss: 1.7971
Epoch: 8, Batch: 1150, Acc: 24.25%, Loss: 1.8349
Epoch: 8, Batch: 1160, Acc: 24.25%, Loss: 1.8046
Epoch: 8, Batch: 1170, Acc: 24.24%, Loss: 1.7902
Epoch: 8, Batch: 1180, Acc: 24.24%, Loss: 1.7850
Epoch: 8, Batch: 1190, Acc: 24.24%, Loss: 1.7891
Epoch: 8, Batch: 1200, Acc: 24.25%, Loss: 1.7812
Epoch: 8, Batch: 1210, Acc: 24.23%, Loss: 1.8031
Epoch: 8, Batch: 1220, Acc: 24.24%, Loss: 1.7974
Epoch: 8, Batch: 1230, Acc: 24.23%, Loss: 1.7653
Epoch: 8, Batch: 1240, Acc: 24.24%, Loss: 1.7872
Epoch: 8, Batch: 1250, Acc: 24.22%, Loss: 1.8502
Epoch: 8, Batch: 1260, Acc: 24.20%, Loss: 1.8198
Epoch: 8, Batch: 1270, Acc: 24.21%, Loss: 1.7541
Epoch: 8, Batch: 1280, Acc: 24.19%, Loss: 1.8501
Epoch: 8, Batch: 1290, Acc: 24.20%, Loss: 1.7592
Epoch: 8, Batch: 1300, Acc: 24.22%, Loss: 1.7769
Epoch: 8, Batch: 1310, Acc: 24.24%, Loss: 1.7623
Epoch: 8, Batch: 1320, Acc: 24.26%, Loss: 1.7574
Epoch: 8, Batch: 1330, Acc: 24.25%, Loss: 1.7749
Epoch: 8, Batch: 1340, Acc: 24.26%, Loss: 1.7664
Epoch: 8, Batch: 1350, Acc: 24.25%, Loss: 1.7854
Epoch: 8, Batch: 1360, Acc: 24.27%, Loss: 1.7488
Epoch: 8, Batch: 1370, Acc: 24.27%, Loss: 1.7826
Epoch: 8, Batch: 1380, Acc: 24.28%, Loss: 1.7695
Epoch: 8, Batch: 1390, Acc: 24.31%, Loss: 1.7565
Epoch: 8, Batch: 1400, Acc: 24.31%, Loss: 1.7624
Epoch: 8, Batch: 1410, Acc: 24.32%, Loss: 1.8122
Epoch: 8, Batch: 1420, Acc: 24.33%, Loss: 1.7733
Epoch: 8, Batch: 1430, Acc: 24.31%, Loss: 1.8009
Epoch: 8, Batch: 1440, Acc: 24.32%, Loss: 1.7831
Epoch: 8, Batch: 1450, Acc: 24.34%, Loss: 1.7134
Epoch: 8, Batch: 1460, Acc: 24.33%, Loss: 1.7955
Epoch: 8, Batch: 1470, Acc: 24.33%, Loss: 1.7788
Epoch: 8, Batch: 1480, Acc: 24.35%, Loss: 1.7746
Epoch: 8, Batch: 1490, Acc: 24.35%, Loss: 1.7915
Epoch: 8, Batch: 1500, Acc: 24.35%, Loss: 1.8154
Epoch: 8, Batch: 1510, Acc: 24.34%, Loss: 1.8410
Epoch: 8, Batch: 1520, Acc: 24.35%, Loss: 1.7988
Epoch: 8, Batch: 1530, Acc: 24.35%, Loss: 1.7570
Epoch: 8, Batch: 1540, Acc: 24.37%, Loss: 1.7542
Epoch: 8, Batch: 1550, Acc: 24.37%, Loss: 1.7840
Epoch: 8, Batch: 1560, Acc: 24.38%, Loss: 1.7687
Epoch: 8, Batch: 1570, Acc: 24.40%, Loss: 1.7564
Epoch: 8, Batch: 1580, Acc: 24.39%, Loss: 1.8116
Epoch: 8, Batch: 1590, Acc: 24.40%, Loss: 1.7427
Epoch: 8, Batch: 1600, Acc: 24.39%, Loss: 1.7839
Epoch: 8, Batch: 1610, Acc: 24.38%, Loss: 1.8014
Epoch: 8, Batch: 1620, Acc: 24.39%, Loss: 1.7927
Epoch: 8, Batch: 1630, Acc: 24.39%, Loss: 1.8111
Epoch: 8, Batch: 1640, Acc: 24.40%, Loss: 1.7435
Epoch: 8, Batch: 1650, Acc: 24.39%, Loss: 1.8163
Epoch: 8, Batch: 1660, Acc: 24.39%, Loss: 1.8066
Epoch: 8, Batch: 1670, Acc: 24.39%, Loss: 1.7870
Epoch: 8, Batch: 1680, Acc: 24.38%, Loss: 1.8063
Epoch: 8, Batch: 1690, Acc: 24.39%, Loss: 1.7387
Epoch: 8, Batch: 1700, Acc: 24.39%, Loss: 1.7764
Epoch: 8, Batch: 1710, Acc: 24.41%, Loss: 1.7312
Epoch: 8, Batch: 1720, Acc: 24.40%, Loss: 1.8107
Epoch: 8, Batch: 1730, Acc: 24.39%, Loss: 1.7999
Epoch: 8, Batch: 1740, Acc: 24.39%, Loss: 1.7785
Epoch: 8, Batch: 1750, Acc: 24.40%, Loss: 1.7499
Epoch: 8, Batch: 1760, Acc: 24.41%, Loss: 1.7671
Epoch: 8, Batch: 1770, Acc: 24.41%, Loss: 1.7703
Epoch: 8, Batch: 1780, Acc: 24.41%, Loss: 1.7659
Epoch: 8, Batch: 1790, Acc: 24.41%, Loss: 1.8090
Epoch: 8, Batch: 1800, Acc: 24.41%, Loss: 1.7968
Epoch: 8, Batch: 1810, Acc: 24.41%, Loss: 1.7770
Epoch: 8, Batch: 1820, Acc: 24.41%, Loss: 1.7669
Epoch: 8, Batch: 1830, Acc: 24.40%, Loss: 1.8072
Epoch: 8, Batch: 1840, Acc: 24.42%, Loss: 1.7556
Epoch: 8, Batch: 1850, Acc: 24.42%, Loss: 1.7864
Epoch: 8, Batch: 1860, Acc: 24.42%, Loss: 1.7632
Epoch: 8, Batch: 1870, Acc: 24.43%, Loss: 1.7722
Epoch: 8, Batch: 1880, Acc: 24.43%, Loss: 1.7916
Epoch: 8, Batch: 1890, Acc: 24.42%, Loss: 1.7780
Epoch: 8, Batch: 1900, Acc: 24.42%, Loss: 1.7750
Epoch: 8, Batch: 1910, Acc: 24.43%, Loss: 1.7832
Epoch: 8, Batch: 1920, Acc: 24.43%, Loss: 1.7925
Epoch: 8, Batch: 1930, Acc: 24.42%, Loss: 1.7984
Epoch: 8, Batch: 1940, Acc: 24.42%, Loss: 1.7942
Epoch: 8, Batch: 1950, Acc: 24.41%, Loss: 1.7695
Epoch: 8, Batch: 1960, Acc: 24.41%, Loss: 1.7665
Epoch: 8, Batch: 1970, Acc: 24.41%, Loss: 1.8120
Epoch: 8, Batch: 1980, Acc: 24.40%, Loss: 1.8272
Epoch: 8, Batch: 1990, Acc: 24.39%, Loss: 1.7943
Epoch: 8, Batch: 2000, Acc: 24.39%, Loss: 1.7854
Epoch: 8, Batch: 2010, Acc: 24.39%, Loss: 1.7621
Epoch: 8, Batch: 2020, Acc: 24.38%, Loss: 1.8012
Epoch: 8, Batch: 2030, Acc: 24.37%, Loss: 1.8170
Epoch: 8, Batch: 2040, Acc: 24.37%, Loss: 1.8057
Epoch: 8, Batch: 2050, Acc: 24.37%, Loss: 1.7720
Epoch: 8, Batch: 2060, Acc: 24.38%, Loss: 1.7930
Epoch: 8, Batch: 2070, Acc: 24.38%, Loss: 1.7873
Epoch: 8, Batch: 2080, Acc: 24.38%, Loss: 1.8248
Epoch: 8, Batch: 2090, Acc: 24.38%, Loss: 1.7506
Epoch: 8, Batch: 2100, Acc: 24.38%, Loss: 1.7856
Epoch: 8, Batch: 2110, Acc: 24.38%, Loss: 1.7639
Epoch: 8, Batch: 2120, Acc: 24.40%, Loss: 1.7097
Epoch: 8, Batch: 2130, Acc: 24.40%, Loss: 1.7564
Epoch: 8, Batch: 2140, Acc: 24.40%, Loss: 1.8272
Epoch: 8, Batch: 2150, Acc: 24.40%, Loss: 1.7926
Epoch: 8, Batch: 2160, Acc: 24.39%, Loss: 1.8230
Epoch: 8, Batch: 2170, Acc: 24.39%, Loss: 1.8117
Epoch: 8, Batch: 2180, Acc: 24.39%, Loss: 1.7898
Epoch: 8, Batch: 2190, Acc: 24.39%, Loss: 1.8132
Epoch: 8, Batch: 2200, Acc: 24.38%, Loss: 1.8116
Epoch: 8, Batch: 2210, Acc: 24.38%, Loss: 1.7772
Epoch: 8, Batch: 2220, Acc: 24.38%, Loss: 1.8266
Epoch: 8, Batch: 2230, Acc: 24.38%, Loss: 1.8056
Epoch: 8, Batch: 2240, Acc: 24.38%, Loss: 1.8148
Epoch: 8, Batch: 2250, Acc: 24.38%, Loss: 1.7891
Epoch: 8, Batch: 2260, Acc: 24.38%, Loss: 1.7423
Epoch: 8, Batch: 2270, Acc: 24.38%, Loss: 1.8032
Epoch: 8, Batch: 2280, Acc: 24.39%, Loss: 1.7944
Epoch: 8, Batch: 2290, Acc: 24.38%, Loss: 1.8000
Epoch: 8, Batch: 2300, Acc: 24.39%, Loss: 1.7498
Epoch: 8, Batch: 2310, Acc: 24.38%, Loss: 1.8207
Epoch: 8, Batch: 2320, Acc: 24.38%, Loss: 1.7727
Epoch: 8, Batch: 2330, Acc: 24.37%, Loss: 1.8101
Epoch: 8, Batch: 2340, Acc: 24.36%, Loss: 1.8158
Epoch: 8, Batch: 2350, Acc: 24.37%, Loss: 1.7964
Epoch: 8, Batch: 2360, Acc: 24.37%, Loss: 1.7748
Epoch: 8, Batch: 2370, Acc: 24.38%, Loss: 1.7870
Epoch: 8, Batch: 2380, Acc: 24.37%, Loss: 1.8000
Epoch: 8, Batch: 2390, Acc: 24.37%, Loss: 1.8053
Epoch: 8, Batch: 2400, Acc: 24.36%, Loss: 1.8042
Epoch: 8, Batch: 2410, Acc: 24.35%, Loss: 1.7983
Epoch: 8, Batch: 2420, Acc: 24.32%, Loss: 1.8461
Epoch: 8, Batch: 2430, Acc: 24.34%, Loss: 1.7679
Epoch: 8, Batch: 2440, Acc: 24.34%, Loss: 1.7860
Epoch: 8, Batch: 2450, Acc: 24.33%, Loss: 1.8247
Epoch: 8, Batch: 2460, Acc: 24.34%, Loss: 1.8204
Epoch: 8, Batch: 2470, Acc: 24.34%, Loss: 1.7934
Epoch: 8, Batch: 2480, Acc: 24.35%, Loss: 1.7484
Epoch: 8, Batch: 2490, Acc: 24.36%, Loss: 1.7599
Epoch: 8, Batch: 2500, Acc: 24.35%, Loss: 1.8150
Epoch: 8, Batch: 2510, Acc: 24.35%, Loss: 1.8143
Epoch: 8, Batch: 2520, Acc: 24.35%, Loss: 1.7831
Epoch: 8, Batch: 2530, Acc: 24.34%, Loss: 1.8346
Epoch: 8, Batch: 2540, Acc: 24.33%, Loss: 1.8419
Epoch: 8, Batch: 2550, Acc: 24.34%, Loss: 1.7557
Epoch: 8, Batch: 2560, Acc: 24.33%, Loss: 1.8111
Epoch: 8, Batch: 2570, Acc: 24.33%, Loss: 1.7763
Epoch: 8, Batch: 2580, Acc: 24.34%, Loss: 1.7560
Epoch: 8, Batch: 2590, Acc: 24.35%, Loss: 1.7660
Epoch: 8, Batch: 2600, Acc: 24.35%, Loss: 1.7728
Epoch: 8, Batch: 2610, Acc: 24.36%, Loss: 1.7987
Epoch: 8, Batch: 2620, Acc: 24.35%, Loss: 1.7951
Epoch: 8, Batch: 2630, Acc: 24.35%, Loss: 1.7770
Epoch: 8, Batch: 2640, Acc: 24.35%, Loss: 1.7638
Epoch: 8, Batch: 2650, Acc: 24.34%, Loss: 1.7856
Epoch: 8, Batch: 2660, Acc: 24.35%, Loss: 1.7890
Epoch: 8, Batch: 2670, Acc: 24.35%, Loss: 1.7585
Epoch: 8, Batch: 2680, Acc: 24.34%, Loss: 1.8025
Epoch: 8, Batch: 2690, Acc: 24.34%, Loss: 1.7957
Epoch: 8, Batch: 2700, Acc: 24.34%, Loss: 1.7845
Epoch: 8, Batch: 2710, Acc: 24.34%, Loss: 1.7998
Epoch: 8, Batch: 2720, Acc: 24.35%, Loss: 1.7533
Epoch: 8, Batch: 2730, Acc: 24.34%, Loss: 1.8454
Epoch: 8, Batch: 2740, Acc: 24.34%, Loss: 1.7545
Epoch: 8, Batch: 2750, Acc: 24.35%, Loss: 1.7746
Epoch: 8, Batch: 2760, Acc: 24.36%, Loss: 1.7423
Epoch: 8, Batch: 2770, Acc: 24.37%, Loss: 1.7558
Epoch: 8, Batch: 2780, Acc: 24.38%, Loss: 1.8001
Epoch: 8, Batch: 2790, Acc: 24.39%, Loss: 1.7317
Epoch: 8, Batch: 2800, Acc: 24.39%, Loss: 1.7915
Epoch: 8, Batch: 2810, Acc: 24.39%, Loss: 1.7925
Epoch: 8, Batch: 2820, Acc: 24.39%, Loss: 1.7984
Epoch: 8, Batch: 2830, Acc: 24.39%, Loss: 1.7665
Epoch: 8, Batch: 2840, Acc: 24.40%, Loss: 1.7711
Epoch: 8, Batch: 2850, Acc: 24.39%, Loss: 1.7939
Epoch: 8, Batch: 2860, Acc: 24.40%, Loss: 1.7999
Epoch: 8, Batch: 2870, Acc: 24.41%, Loss: 1.7696
Epoch: 8, Batch: 2880, Acc: 24.41%, Loss: 1.7974
Accuracy on test set: 46.17%, Val loss: 2.2321
Epoch 8: train_loss=1.7879, val_acc=46.17, best_val_acc=46.17, es_counter=0
Epoch: 9, Batch: 10, Acc: 27.50%, Loss: 1.7381
Epoch: 9, Batch: 20, Acc: 26.80%, Loss: 1.7995
Epoch: 9, Batch: 30, Acc: 26.41%, Loss: 1.7987
Epoch: 9, Batch: 40, Acc: 25.78%, Loss: 1.7836
Epoch: 9, Batch: 50, Acc: 25.62%, Loss: 1.7940
Epoch: 9, Batch: 60, Acc: 25.23%, Loss: 1.7859
Epoch: 9, Batch: 70, Acc: 25.31%, Loss: 1.7695
Epoch: 9, Batch: 80, Acc: 25.21%, Loss: 1.7918
Epoch: 9, Batch: 90, Acc: 25.05%, Loss: 1.8044
Epoch: 9, Batch: 100, Acc: 24.92%, Loss: 1.8187
Epoch: 9, Batch: 110, Acc: 24.62%, Loss: 1.8000
Epoch: 9, Batch: 120, Acc: 24.57%, Loss: 1.7891
Epoch: 9, Batch: 130, Acc: 24.45%, Loss: 1.7788
Epoch: 9, Batch: 140, Acc: 24.60%, Loss: 1.7437
Epoch: 9, Batch: 150, Acc: 24.60%, Loss: 1.7861
Epoch: 9, Batch: 160, Acc: 24.53%, Loss: 1.7614
Epoch: 9, Batch: 170, Acc: 24.54%, Loss: 1.7781
Epoch: 9, Batch: 180, Acc: 24.58%, Loss: 1.7826
Epoch: 9, Batch: 190, Acc: 24.51%, Loss: 1.8079
Epoch: 9, Batch: 200, Acc: 24.62%, Loss: 1.7673
Epoch: 9, Batch: 210, Acc: 24.52%, Loss: 1.7784
Epoch: 9, Batch: 220, Acc: 24.36%, Loss: 1.8328
Epoch: 9, Batch: 230, Acc: 24.35%, Loss: 1.7941
Epoch: 9, Batch: 240, Acc: 24.37%, Loss: 1.7934
Epoch: 9, Batch: 250, Acc: 24.44%, Loss: 1.7338
Epoch: 9, Batch: 260, Acc: 24.54%, Loss: 1.7822
Epoch: 9, Batch: 270, Acc: 24.59%, Loss: 1.7590
Epoch: 9, Batch: 280, Acc: 24.55%, Loss: 1.7987
Epoch: 9, Batch: 290, Acc: 24.47%, Loss: 1.7914
Epoch: 9, Batch: 300, Acc: 24.40%, Loss: 1.8254
Epoch: 9, Batch: 310, Acc: 24.44%, Loss: 1.7521
Epoch: 9, Batch: 320, Acc: 24.41%, Loss: 1.7381
Epoch: 9, Batch: 330, Acc: 24.37%, Loss: 1.7976
Epoch: 9, Batch: 340, Acc: 24.38%, Loss: 1.8045
Epoch: 9, Batch: 350, Acc: 24.36%, Loss: 1.8029
Epoch: 9, Batch: 360, Acc: 24.45%, Loss: 1.7572
Epoch: 9, Batch: 370, Acc: 24.43%, Loss: 1.7746
Epoch: 9, Batch: 380, Acc: 24.41%, Loss: 1.8175
Epoch: 9, Batch: 390, Acc: 24.48%, Loss: 1.7776
Epoch: 9, Batch: 400, Acc: 24.39%, Loss: 1.8156
Epoch: 9, Batch: 410, Acc: 24.39%, Loss: 1.7451
Epoch: 9, Batch: 420, Acc: 24.43%, Loss: 1.7766
Epoch: 9, Batch: 430, Acc: 24.41%, Loss: 1.8099
Epoch: 9, Batch: 440, Acc: 24.51%, Loss: 1.7699
Epoch: 9, Batch: 450, Acc: 24.53%, Loss: 1.7738
Epoch: 9, Batch: 460, Acc: 24.51%, Loss: 1.7870
Epoch: 9, Batch: 470, Acc: 24.51%, Loss: 1.7945
Epoch: 9, Batch: 480, Acc: 24.47%, Loss: 1.8198
Epoch: 9, Batch: 490, Acc: 24.48%, Loss: 1.8030
Epoch: 9, Batch: 500, Acc: 24.48%, Loss: 1.7935
Epoch: 9, Batch: 510, Acc: 24.47%, Loss: 1.8214
Epoch: 9, Batch: 520, Acc: 24.51%, Loss: 1.7304
Epoch: 9, Batch: 530, Acc: 24.58%, Loss: 1.7537
Epoch: 9, Batch: 540, Acc: 24.59%, Loss: 1.7864
Epoch: 9, Batch: 550, Acc: 24.62%, Loss: 1.7598
Epoch: 9, Batch: 560, Acc: 24.61%, Loss: 1.7872
Epoch: 9, Batch: 570, Acc: 24.58%, Loss: 1.7792
Epoch: 9, Batch: 580, Acc: 24.58%, Loss: 1.7948
Epoch: 9, Batch: 590, Acc: 24.61%, Loss: 1.7590
Epoch: 9, Batch: 600, Acc: 24.58%, Loss: 1.7914
Epoch: 9, Batch: 610, Acc: 24.55%, Loss: 1.7839
Epoch: 9, Batch: 620, Acc: 24.58%, Loss: 1.7767
Epoch: 9, Batch: 630, Acc: 24.59%, Loss: 1.7917
Epoch: 9, Batch: 640, Acc: 24.55%, Loss: 1.8346
Epoch: 9, Batch: 650, Acc: 24.52%, Loss: 1.8060
Epoch: 9, Batch: 660, Acc: 24.54%, Loss: 1.7988
Epoch: 9, Batch: 670, Acc: 24.55%, Loss: 1.8006
Epoch: 9, Batch: 680, Acc: 24.56%, Loss: 1.7903
Epoch: 9, Batch: 690, Acc: 24.59%, Loss: 1.7800
Epoch: 9, Batch: 700, Acc: 24.58%, Loss: 1.7750
Epoch: 9, Batch: 710, Acc: 24.58%, Loss: 1.7978
Epoch: 9, Batch: 720, Acc: 24.63%, Loss: 1.7417
Epoch: 9, Batch: 730, Acc: 24.63%, Loss: 1.7892
Epoch: 9, Batch: 740, Acc: 24.58%, Loss: 1.8395
Epoch: 9, Batch: 750, Acc: 24.55%, Loss: 1.8341
Epoch: 9, Batch: 760, Acc: 24.56%, Loss: 1.7905
Epoch: 9, Batch: 770, Acc: 24.55%, Loss: 1.7877
Epoch: 9, Batch: 780, Acc: 24.57%, Loss: 1.7709
Epoch: 9, Batch: 790, Acc: 24.58%, Loss: 1.7914
Epoch: 9, Batch: 800, Acc: 24.55%, Loss: 1.8177
Epoch: 9, Batch: 810, Acc: 24.55%, Loss: 1.7940
Epoch: 9, Batch: 820, Acc: 24.54%, Loss: 1.8250
Epoch: 9, Batch: 830, Acc: 24.52%, Loss: 1.8043
Epoch: 9, Batch: 840, Acc: 24.55%, Loss: 1.7884
Epoch: 9, Batch: 850, Acc: 24.56%, Loss: 1.7816
Epoch: 9, Batch: 860, Acc: 24.55%, Loss: 1.8125
Epoch: 9, Batch: 870, Acc: 24.52%, Loss: 1.8206
Epoch: 9, Batch: 880, Acc: 24.53%, Loss: 1.7473
Epoch: 9, Batch: 890, Acc: 24.51%, Loss: 1.8091
Epoch: 9, Batch: 900, Acc: 24.49%, Loss: 1.7932
Epoch: 9, Batch: 910, Acc: 24.51%, Loss: 1.7658
Epoch: 9, Batch: 920, Acc: 24.52%, Loss: 1.7640
Epoch: 9, Batch: 930, Acc: 24.50%, Loss: 1.8005
Epoch: 9, Batch: 940, Acc: 24.52%, Loss: 1.7539
Epoch: 9, Batch: 950, Acc: 24.52%, Loss: 1.7933
Epoch: 9, Batch: 960, Acc: 24.53%, Loss: 1.7782
Epoch: 9, Batch: 970, Acc: 24.52%, Loss: 1.7996
Epoch: 9, Batch: 980, Acc: 24.53%, Loss: 1.7432
Epoch: 9, Batch: 990, Acc: 24.57%, Loss: 1.7646
Epoch: 9, Batch: 1000, Acc: 24.54%, Loss: 1.8426
Epoch: 9, Batch: 1010, Acc: 24.53%, Loss: 1.8218
Epoch: 9, Batch: 1020, Acc: 24.53%, Loss: 1.7850
Epoch: 9, Batch: 1030, Acc: 24.51%, Loss: 1.7981
Epoch: 9, Batch: 1040, Acc: 24.50%, Loss: 1.8040
Epoch: 9, Batch: 1050, Acc: 24.51%, Loss: 1.7728
Epoch: 9, Batch: 1060, Acc: 24.51%, Loss: 1.7757
Epoch: 9, Batch: 1070, Acc: 24.50%, Loss: 1.7912
Epoch: 9, Batch: 1080, Acc: 24.47%, Loss: 1.8248
Epoch: 9, Batch: 1090, Acc: 24.46%, Loss: 1.7744
Epoch: 9, Batch: 1100, Acc: 24.45%, Loss: 1.8143
Epoch: 9, Batch: 1110, Acc: 24.47%, Loss: 1.7339
Epoch: 9, Batch: 1120, Acc: 24.47%, Loss: 1.7751
Epoch: 9, Batch: 1130, Acc: 24.50%, Loss: 1.7661
Epoch: 9, Batch: 1140, Acc: 24.49%, Loss: 1.7719
Epoch: 9, Batch: 1150, Acc: 24.48%, Loss: 1.7744
Epoch: 9, Batch: 1160, Acc: 24.47%, Loss: 1.8155
Epoch: 9, Batch: 1170, Acc: 24.48%, Loss: 1.7576
Epoch: 9, Batch: 1180, Acc: 24.49%, Loss: 1.7578
Epoch: 9, Batch: 1190, Acc: 24.51%, Loss: 1.7502
Epoch: 9, Batch: 1200, Acc: 24.55%, Loss: 1.7237
Epoch: 9, Batch: 1210, Acc: 24.55%, Loss: 1.7940
Epoch: 9, Batch: 1220, Acc: 24.53%, Loss: 1.8188
Epoch: 9, Batch: 1230, Acc: 24.52%, Loss: 1.8111
Epoch: 9, Batch: 1240, Acc: 24.52%, Loss: 1.7839
Epoch: 9, Batch: 1250, Acc: 24.51%, Loss: 1.7926
Epoch: 9, Batch: 1260, Acc: 24.50%, Loss: 1.8224
Epoch: 9, Batch: 1270, Acc: 24.47%, Loss: 1.8302
Epoch: 9, Batch: 1280, Acc: 24.46%, Loss: 1.8016
Epoch: 9, Batch: 1290, Acc: 24.48%, Loss: 1.7798
Epoch: 9, Batch: 1300, Acc: 24.47%, Loss: 1.8193
Epoch: 9, Batch: 1310, Acc: 24.45%, Loss: 1.8065
Epoch: 9, Batch: 1320, Acc: 24.45%, Loss: 1.8025
Epoch: 9, Batch: 1330, Acc: 24.43%, Loss: 1.7833
Epoch: 9, Batch: 1340, Acc: 24.42%, Loss: 1.8009
Epoch: 9, Batch: 1350, Acc: 24.42%, Loss: 1.7887
Epoch: 9, Batch: 1360, Acc: 24.42%, Loss: 1.7712
Epoch: 9, Batch: 1370, Acc: 24.44%, Loss: 1.7741
Epoch: 9, Batch: 1380, Acc: 24.44%, Loss: 1.7888
Epoch: 9, Batch: 1390, Acc: 24.45%, Loss: 1.7983
Epoch: 9, Batch: 1400, Acc: 24.45%, Loss: 1.8077
Epoch: 9, Batch: 1410, Acc: 24.43%, Loss: 1.8152
Epoch: 9, Batch: 1420, Acc: 24.43%, Loss: 1.7431
Epoch: 9, Batch: 1430, Acc: 24.43%, Loss: 1.7883
Epoch: 9, Batch: 1440, Acc: 24.41%, Loss: 1.8269
Epoch: 9, Batch: 1450, Acc: 24.42%, Loss: 1.7770
Epoch: 9, Batch: 1460, Acc: 24.42%, Loss: 1.7990
Epoch: 9, Batch: 1470, Acc: 24.44%, Loss: 1.7625
Epoch: 9, Batch: 1480, Acc: 24.44%, Loss: 1.8114
Epoch: 9, Batch: 1490, Acc: 24.43%, Loss: 1.8203
Epoch: 9, Batch: 1500, Acc: 24.44%, Loss: 1.7747
Epoch: 9, Batch: 1510, Acc: 24.46%, Loss: 1.8024
Epoch: 9, Batch: 1520, Acc: 24.47%, Loss: 1.7667
Epoch: 9, Batch: 1530, Acc: 24.48%, Loss: 1.7309
Epoch: 9, Batch: 1540, Acc: 24.48%, Loss: 1.7986
Epoch: 9, Batch: 1550, Acc: 24.50%, Loss: 1.7568
Epoch: 9, Batch: 1560, Acc: 24.50%, Loss: 1.7686
Epoch: 9, Batch: 1570, Acc: 24.50%, Loss: 1.7785
Epoch: 9, Batch: 1580, Acc: 24.50%, Loss: 1.7938
Epoch: 9, Batch: 1590, Acc: 24.51%, Loss: 1.7573
Epoch: 9, Batch: 1600, Acc: 24.51%, Loss: 1.7939
Epoch: 9, Batch: 1610, Acc: 24.51%, Loss: 1.7936
Epoch: 9, Batch: 1620, Acc: 24.50%, Loss: 1.7727
Epoch: 9, Batch: 1630, Acc: 24.50%, Loss: 1.7941
Epoch: 9, Batch: 1640, Acc: 24.49%, Loss: 1.7979
Epoch: 9, Batch: 1650, Acc: 24.47%, Loss: 1.8267
Epoch: 9, Batch: 1660, Acc: 24.47%, Loss: 1.8010
Epoch: 9, Batch: 1670, Acc: 24.46%, Loss: 1.8002
Epoch: 9, Batch: 1680, Acc: 24.46%, Loss: 1.7877
Epoch: 9, Batch: 1690, Acc: 24.46%, Loss: 1.8078
Epoch: 9, Batch: 1700, Acc: 24.47%, Loss: 1.7881
Epoch: 9, Batch: 1710, Acc: 24.46%, Loss: 1.8093
Epoch: 9, Batch: 1720, Acc: 24.46%, Loss: 1.7535
Epoch: 9, Batch: 1730, Acc: 24.48%, Loss: 1.7775
Epoch: 9, Batch: 1740, Acc: 24.47%, Loss: 1.8198
Epoch: 9, Batch: 1750, Acc: 24.47%, Loss: 1.7716
Epoch: 9, Batch: 1760, Acc: 24.46%, Loss: 1.7889
Epoch: 9, Batch: 1770, Acc: 24.46%, Loss: 1.7882
Epoch: 9, Batch: 1780, Acc: 24.46%, Loss: 1.7958
Epoch: 9, Batch: 1790, Acc: 24.46%, Loss: 1.7664
Epoch: 9, Batch: 1800, Acc: 24.47%, Loss: 1.7699
Epoch: 9, Batch: 1810, Acc: 24.46%, Loss: 1.7868
Epoch: 9, Batch: 1820, Acc: 24.48%, Loss: 1.7567
Epoch: 9, Batch: 1830, Acc: 24.49%, Loss: 1.7457
Epoch: 9, Batch: 1840, Acc: 24.48%, Loss: 1.7868
Epoch: 9, Batch: 1850, Acc: 24.49%, Loss: 1.7754
Epoch: 9, Batch: 1860, Acc: 24.48%, Loss: 1.8055
Epoch: 9, Batch: 1870, Acc: 24.47%, Loss: 1.8455
Epoch: 9, Batch: 1880, Acc: 24.46%, Loss: 1.8042
Epoch: 9, Batch: 1890, Acc: 24.45%, Loss: 1.8085
Epoch: 9, Batch: 1900, Acc: 24.45%, Loss: 1.7583
Epoch: 9, Batch: 1910, Acc: 24.45%, Loss: 1.7762
Epoch: 9, Batch: 1920, Acc: 24.44%, Loss: 1.7948
Epoch: 9, Batch: 1930, Acc: 24.45%, Loss: 1.7793
Epoch: 9, Batch: 1940, Acc: 24.43%, Loss: 1.7810
Epoch: 9, Batch: 1950, Acc: 24.43%, Loss: 1.7711
Epoch: 9, Batch: 1960, Acc: 24.43%, Loss: 1.7914
Epoch: 9, Batch: 1970, Acc: 24.42%, Loss: 1.8172
Epoch: 9, Batch: 1980, Acc: 24.41%, Loss: 1.7688
Epoch: 9, Batch: 1990, Acc: 24.41%, Loss: 1.7810
Epoch: 9, Batch: 2000, Acc: 24.40%, Loss: 1.7716
Epoch: 9, Batch: 2010, Acc: 24.41%, Loss: 1.7602
Epoch: 9, Batch: 2020, Acc: 24.40%, Loss: 1.8123
Epoch: 9, Batch: 2030, Acc: 24.41%, Loss: 1.7523
Epoch: 9, Batch: 2040, Acc: 24.41%, Loss: 1.7787
Epoch: 9, Batch: 2050, Acc: 24.40%, Loss: 1.8121
Epoch: 9, Batch: 2060, Acc: 24.41%, Loss: 1.7731
Epoch: 9, Batch: 2070, Acc: 24.39%, Loss: 1.8323
Epoch: 9, Batch: 2080, Acc: 24.41%, Loss: 1.7280
Epoch: 9, Batch: 2090, Acc: 24.41%, Loss: 1.8055
Epoch: 9, Batch: 2100, Acc: 24.40%, Loss: 1.7894
Epoch: 9, Batch: 2110, Acc: 24.41%, Loss: 1.7725
Epoch: 9, Batch: 2120, Acc: 24.40%, Loss: 1.8334
Epoch: 9, Batch: 2130, Acc: 24.41%, Loss: 1.7621
Epoch: 9, Batch: 2140, Acc: 24.40%, Loss: 1.8046
Epoch: 9, Batch: 2150, Acc: 24.42%, Loss: 1.7536
Epoch: 9, Batch: 2160, Acc: 24.41%, Loss: 1.8120
Epoch: 9, Batch: 2170, Acc: 24.42%, Loss: 1.7885
Epoch: 9, Batch: 2180, Acc: 24.43%, Loss: 1.7649
Epoch: 9, Batch: 2190, Acc: 24.44%, Loss: 1.8007
Epoch: 9, Batch: 2200, Acc: 24.45%, Loss: 1.7509
Epoch: 9, Batch: 2210, Acc: 24.44%, Loss: 1.7845
Epoch: 9, Batch: 2220, Acc: 24.44%, Loss: 1.7871
Epoch: 9, Batch: 2230, Acc: 24.44%, Loss: 1.7989
Epoch: 9, Batch: 2240, Acc: 24.43%, Loss: 1.7875
Epoch: 9, Batch: 2250, Acc: 24.43%, Loss: 1.7669
Epoch: 9, Batch: 2260, Acc: 24.43%, Loss: 1.8175
Epoch: 9, Batch: 2270, Acc: 24.43%, Loss: 1.7995
Epoch: 9, Batch: 2280, Acc: 24.44%, Loss: 1.7187
Epoch: 9, Batch: 2290, Acc: 24.45%, Loss: 1.7664
Epoch: 9, Batch: 2300, Acc: 24.45%, Loss: 1.7565
Epoch: 9, Batch: 2310, Acc: 24.45%, Loss: 1.7494
Epoch: 9, Batch: 2320, Acc: 24.44%, Loss: 1.8251
Epoch: 9, Batch: 2330, Acc: 24.45%, Loss: 1.7930
Epoch: 9, Batch: 2340, Acc: 24.43%, Loss: 1.8369
Epoch: 9, Batch: 2350, Acc: 24.42%, Loss: 1.7918
Epoch: 9, Batch: 2360, Acc: 24.41%, Loss: 1.8113
Epoch: 9, Batch: 2370, Acc: 24.42%, Loss: 1.7994
Epoch: 9, Batch: 2380, Acc: 24.43%, Loss: 1.7335
Epoch: 9, Batch: 2390, Acc: 24.44%, Loss: 1.7514
Epoch: 9, Batch: 2400, Acc: 24.43%, Loss: 1.8238
Epoch: 9, Batch: 2410, Acc: 24.42%, Loss: 1.7923
Epoch: 9, Batch: 2420, Acc: 24.42%, Loss: 1.7819
Epoch: 9, Batch: 2430, Acc: 24.43%, Loss: 1.8092
Epoch: 9, Batch: 2440, Acc: 24.42%, Loss: 1.7998
Epoch: 9, Batch: 2450, Acc: 24.43%, Loss: 1.7382
Epoch: 9, Batch: 2460, Acc: 24.43%, Loss: 1.8162
Epoch: 9, Batch: 2470, Acc: 24.43%, Loss: 1.7770
Epoch: 9, Batch: 2480, Acc: 24.42%, Loss: 1.8235
Epoch: 9, Batch: 2490, Acc: 24.42%, Loss: 1.7692
Epoch: 9, Batch: 2500, Acc: 24.42%, Loss: 1.7718
Epoch: 9, Batch: 2510, Acc: 24.41%, Loss: 1.8039
Epoch: 9, Batch: 2520, Acc: 24.42%, Loss: 1.7407
Epoch: 9, Batch: 2530, Acc: 24.42%, Loss: 1.7641
Epoch: 9, Batch: 2540, Acc: 24.42%, Loss: 1.7731
Epoch: 9, Batch: 2550, Acc: 24.43%, Loss: 1.7547
Epoch: 9, Batch: 2560, Acc: 24.42%, Loss: 1.8249
Epoch: 9, Batch: 2570, Acc: 24.41%, Loss: 1.8243
Epoch: 9, Batch: 2580, Acc: 24.41%, Loss: 1.8433
Epoch: 9, Batch: 2590, Acc: 24.40%, Loss: 1.7940
Epoch: 9, Batch: 2600, Acc: 24.40%, Loss: 1.8011
Epoch: 9, Batch: 2610, Acc: 24.40%, Loss: 1.7846
Epoch: 9, Batch: 2620, Acc: 24.39%, Loss: 1.8252
Epoch: 9, Batch: 2630, Acc: 24.39%, Loss: 1.7845
Epoch: 9, Batch: 2640, Acc: 24.38%, Loss: 1.8179
Epoch: 9, Batch: 2650, Acc: 24.39%, Loss: 1.7728
Epoch: 9, Batch: 2660, Acc: 24.38%, Loss: 1.7814
Epoch: 9, Batch: 2670, Acc: 24.39%, Loss: 1.7897
Epoch: 9, Batch: 2680, Acc: 24.40%, Loss: 1.7758
Epoch: 9, Batch: 2690, Acc: 24.40%, Loss: 1.8097
Epoch: 9, Batch: 2700, Acc: 24.41%, Loss: 1.7649
Epoch: 9, Batch: 2710, Acc: 24.40%, Loss: 1.8207
Epoch: 9, Batch: 2720, Acc: 24.40%, Loss: 1.7830
Epoch: 9, Batch: 2730, Acc: 24.40%, Loss: 1.7641
Epoch: 9, Batch: 2740, Acc: 24.41%, Loss: 1.7448
Epoch: 9, Batch: 2750, Acc: 24.41%, Loss: 1.7385
Epoch: 9, Batch: 2760, Acc: 24.41%, Loss: 1.7986
Epoch: 9, Batch: 2770, Acc: 24.41%, Loss: 1.7942
Epoch: 9, Batch: 2780, Acc: 24.41%, Loss: 1.8115
Epoch: 9, Batch: 2790, Acc: 24.40%, Loss: 1.7965
Epoch: 9, Batch: 2800, Acc: 24.41%, Loss: 1.7487
Epoch: 9, Batch: 2810, Acc: 24.40%, Loss: 1.7955
Epoch: 9, Batch: 2820, Acc: 24.41%, Loss: 1.7646
Epoch: 9, Batch: 2830, Acc: 24.41%, Loss: 1.7475
Epoch: 9, Batch: 2840, Acc: 24.41%, Loss: 1.7948
Epoch: 9, Batch: 2850, Acc: 24.42%, Loss: 1.7955
Epoch: 9, Batch: 2860, Acc: 24.41%, Loss: 1.8029
Epoch: 9, Batch: 2870, Acc: 24.41%, Loss: 1.7845
Epoch: 9, Batch: 2880, Acc: 24.41%, Loss: 1.7738
Accuracy on test set: 46.78%, Val loss: 2.2333
Epoch 9: train_loss=1.7869, val_acc=46.78, best_val_acc=46.78, es_counter=0
Epoch: 10, Batch: 10, Acc: 24.69%, Loss: 1.7770
Epoch: 10, Batch: 20, Acc: 24.30%, Loss: 1.7896
Epoch: 10, Batch: 30, Acc: 24.43%, Loss: 1.7629
Epoch: 10, Batch: 40, Acc: 24.49%, Loss: 1.7471
Epoch: 10, Batch: 50, Acc: 24.66%, Loss: 1.7698
Epoch: 10, Batch: 60, Acc: 24.40%, Loss: 1.7855
Epoch: 10, Batch: 70, Acc: 23.88%, Loss: 1.8120
Epoch: 10, Batch: 80, Acc: 23.93%, Loss: 1.7940
Epoch: 10, Batch: 90, Acc: 24.01%, Loss: 1.7811
Epoch: 10, Batch: 100, Acc: 24.03%, Loss: 1.7857
Epoch: 10, Batch: 110, Acc: 24.05%, Loss: 1.7676
Epoch: 10, Batch: 120, Acc: 23.95%, Loss: 1.8180
Epoch: 10, Batch: 130, Acc: 23.74%, Loss: 1.8627
Epoch: 10, Batch: 140, Acc: 23.85%, Loss: 1.7582
Epoch: 10, Batch: 150, Acc: 23.85%, Loss: 1.8021
Epoch: 10, Batch: 160, Acc: 23.81%, Loss: 1.7997
Epoch: 10, Batch: 170, Acc: 23.89%, Loss: 1.7481
Epoch: 10, Batch: 180, Acc: 23.90%, Loss: 1.7780
Epoch: 10, Batch: 190, Acc: 24.09%, Loss: 1.7393
Epoch: 10, Batch: 200, Acc: 23.91%, Loss: 1.7973
Epoch: 10, Batch: 210, Acc: 24.00%, Loss: 1.7887
Epoch: 10, Batch: 220, Acc: 23.96%, Loss: 1.7819
Epoch: 10, Batch: 230, Acc: 23.78%, Loss: 1.8110
Epoch: 10, Batch: 240, Acc: 23.59%, Loss: 1.8191
Epoch: 10, Batch: 250, Acc: 23.69%, Loss: 1.7666
Epoch: 10, Batch: 260, Acc: 23.69%, Loss: 1.7873
Epoch: 10, Batch: 270, Acc: 23.71%, Loss: 1.7904
Epoch: 10, Batch: 280, Acc: 23.76%, Loss: 1.7690
Epoch: 10, Batch: 290, Acc: 23.88%, Loss: 1.7718
Epoch: 10, Batch: 300, Acc: 23.94%, Loss: 1.7673
Epoch: 10, Batch: 310, Acc: 23.99%, Loss: 1.7727
Epoch: 10, Batch: 320, Acc: 23.91%, Loss: 1.8010
Epoch: 10, Batch: 330, Acc: 23.96%, Loss: 1.8006
Epoch: 10, Batch: 340, Acc: 23.92%, Loss: 1.8223
Epoch: 10, Batch: 350, Acc: 23.92%, Loss: 1.7884
Epoch: 10, Batch: 360, Acc: 23.97%, Loss: 1.7758
Epoch: 10, Batch: 370, Acc: 23.91%, Loss: 1.7829
Epoch: 10, Batch: 380, Acc: 23.95%, Loss: 1.8002
Epoch: 10, Batch: 390, Acc: 23.99%, Loss: 1.7890
Epoch: 10, Batch: 400, Acc: 23.98%, Loss: 1.8159
Epoch: 10, Batch: 410, Acc: 24.02%, Loss: 1.7860
Epoch: 10, Batch: 420, Acc: 24.03%, Loss: 1.8054
Epoch: 10, Batch: 430, Acc: 24.03%, Loss: 1.8051
Epoch: 10, Batch: 440, Acc: 24.02%, Loss: 1.8105
Epoch: 10, Batch: 450, Acc: 24.00%, Loss: 1.8280
Epoch: 10, Batch: 460, Acc: 24.06%, Loss: 1.7377
Epoch: 10, Batch: 470, Acc: 24.11%, Loss: 1.7745
Epoch: 10, Batch: 480, Acc: 24.12%, Loss: 1.7902
Epoch: 10, Batch: 490, Acc: 24.12%, Loss: 1.7886
Epoch: 10, Batch: 500, Acc: 24.14%, Loss: 1.8051
Epoch: 10, Batch: 510, Acc: 24.12%, Loss: 1.7755
Epoch: 10, Batch: 520, Acc: 24.09%, Loss: 1.8055
Epoch: 10, Batch: 530, Acc: 24.09%, Loss: 1.7792
Epoch: 10, Batch: 540, Acc: 24.05%, Loss: 1.7799
Epoch: 10, Batch: 550, Acc: 23.99%, Loss: 1.8386
Epoch: 10, Batch: 560, Acc: 23.97%, Loss: 1.8203
Epoch: 10, Batch: 570, Acc: 23.97%, Loss: 1.7886
Epoch: 10, Batch: 580, Acc: 24.03%, Loss: 1.7648
Epoch: 10, Batch: 590, Acc: 24.09%, Loss: 1.7649
Epoch: 10, Batch: 600, Acc: 24.05%, Loss: 1.8007
Epoch: 10, Batch: 610, Acc: 24.05%, Loss: 1.8004
Epoch: 10, Batch: 620, Acc: 24.07%, Loss: 1.7927
Epoch: 10, Batch: 630, Acc: 24.06%, Loss: 1.7497
Epoch: 10, Batch: 640, Acc: 24.06%, Loss: 1.7872
Epoch: 10, Batch: 650, Acc: 24.07%, Loss: 1.7803
Epoch: 10, Batch: 660, Acc: 24.05%, Loss: 1.7939
Epoch: 10, Batch: 670, Acc: 24.07%, Loss: 1.7831
Epoch: 10, Batch: 680, Acc: 24.06%, Loss: 1.7802
Epoch: 10, Batch: 690, Acc: 24.07%, Loss: 1.7898
Epoch: 10, Batch: 700, Acc: 24.10%, Loss: 1.7766
Epoch: 10, Batch: 710, Acc: 24.09%, Loss: 1.8109
Epoch: 10, Batch: 720, Acc: 24.10%, Loss: 1.7930
Epoch: 10, Batch: 730, Acc: 24.12%, Loss: 1.7760
Epoch: 10, Batch: 740, Acc: 24.14%, Loss: 1.7738
Epoch: 10, Batch: 750, Acc: 24.14%, Loss: 1.7734
Epoch: 10, Batch: 760, Acc: 24.13%, Loss: 1.7813
Epoch: 10, Batch: 770, Acc: 24.12%, Loss: 1.7807
Epoch: 10, Batch: 780, Acc: 24.15%, Loss: 1.7745
Epoch: 10, Batch: 790, Acc: 24.16%, Loss: 1.8064
Epoch: 10, Batch: 800, Acc: 24.18%, Loss: 1.7710
Epoch: 10, Batch: 810, Acc: 24.20%, Loss: 1.7759
Epoch: 10, Batch: 820, Acc: 24.25%, Loss: 1.7537
Epoch: 10, Batch: 830, Acc: 24.28%, Loss: 1.7677
Epoch: 10, Batch: 840, Acc: 24.28%, Loss: 1.7868
Epoch: 10, Batch: 850, Acc: 24.28%, Loss: 1.8201
Epoch: 10, Batch: 860, Acc: 24.30%, Loss: 1.7407
Epoch: 10, Batch: 870, Acc: 24.28%, Loss: 1.8386
Epoch: 10, Batch: 880, Acc: 24.27%, Loss: 1.8021
Epoch: 10, Batch: 890, Acc: 24.29%, Loss: 1.7552
Epoch: 10, Batch: 900, Acc: 24.27%, Loss: 1.8083
Epoch: 10, Batch: 910, Acc: 24.25%, Loss: 1.8226
Epoch: 10, Batch: 920, Acc: 24.26%, Loss: 1.7713
Epoch: 10, Batch: 930, Acc: 24.28%, Loss: 1.7755
Epoch: 10, Batch: 940, Acc: 24.28%, Loss: 1.8171
Epoch: 10, Batch: 950, Acc: 24.27%, Loss: 1.8240
Epoch: 10, Batch: 960, Acc: 24.26%, Loss: 1.8290
Epoch: 10, Batch: 970, Acc: 24.28%, Loss: 1.7781
Epoch: 10, Batch: 980, Acc: 24.30%, Loss: 1.7730
Epoch: 10, Batch: 990, Acc: 24.32%, Loss: 1.7663
Epoch: 10, Batch: 1000, Acc: 24.33%, Loss: 1.7238
Epoch: 10, Batch: 1010, Acc: 24.33%, Loss: 1.8108
Epoch: 10, Batch: 1020, Acc: 24.39%, Loss: 1.7638
Epoch: 10, Batch: 1030, Acc: 24.39%, Loss: 1.7920
Epoch: 10, Batch: 1040, Acc: 24.38%, Loss: 1.7899
Epoch: 10, Batch: 1050, Acc: 24.37%, Loss: 1.7812
Epoch: 10, Batch: 1060, Acc: 24.38%, Loss: 1.7493
Epoch: 10, Batch: 1070, Acc: 24.39%, Loss: 1.7679
Epoch: 10, Batch: 1080, Acc: 24.40%, Loss: 1.8050
Epoch: 10, Batch: 1090, Acc: 24.37%, Loss: 1.8136
Epoch: 10, Batch: 1100, Acc: 24.36%, Loss: 1.8136
Epoch: 10, Batch: 1110, Acc: 24.37%, Loss: 1.7902
Epoch: 10, Batch: 1120, Acc: 24.36%, Loss: 1.7652
Epoch: 10, Batch: 1130, Acc: 24.34%, Loss: 1.8275
Epoch: 10, Batch: 1140, Acc: 24.36%, Loss: 1.7742
Epoch: 10, Batch: 1150, Acc: 24.35%, Loss: 1.7770
Epoch: 10, Batch: 1160, Acc: 24.36%, Loss: 1.7810
Epoch: 10, Batch: 1170, Acc: 24.37%, Loss: 1.7871
Epoch: 10, Batch: 1180, Acc: 24.40%, Loss: 1.7592
Epoch: 10, Batch: 1190, Acc: 24.39%, Loss: 1.8021
Epoch: 10, Batch: 1200, Acc: 24.40%, Loss: 1.7417
Epoch: 10, Batch: 1210, Acc: 24.39%, Loss: 1.8024
Epoch: 10, Batch: 1220, Acc: 24.39%, Loss: 1.7955
Epoch: 10, Batch: 1230, Acc: 24.40%, Loss: 1.7790
Epoch: 10, Batch: 1240, Acc: 24.40%, Loss: 1.7622
Epoch: 10, Batch: 1250, Acc: 24.38%, Loss: 1.7851
Epoch: 10, Batch: 1260, Acc: 24.38%, Loss: 1.7662
Epoch: 10, Batch: 1270, Acc: 24.39%, Loss: 1.7824
Epoch: 10, Batch: 1280, Acc: 24.39%, Loss: 1.7904
Epoch: 10, Batch: 1290, Acc: 24.39%, Loss: 1.7802
Epoch: 10, Batch: 1300, Acc: 24.39%, Loss: 1.7740
Epoch: 10, Batch: 1310, Acc: 24.37%, Loss: 1.8058
Epoch: 10, Batch: 1320, Acc: 24.37%, Loss: 1.7902
Epoch: 10, Batch: 1330, Acc: 24.39%, Loss: 1.7391
Epoch: 10, Batch: 1340, Acc: 24.39%, Loss: 1.7637
Epoch: 10, Batch: 1350, Acc: 24.39%, Loss: 1.8215
Epoch: 10, Batch: 1360, Acc: 24.40%, Loss: 1.7923
Epoch: 10, Batch: 1370, Acc: 24.40%, Loss: 1.7857
Epoch: 10, Batch: 1380, Acc: 24.39%, Loss: 1.7646
Epoch: 10, Batch: 1390, Acc: 24.41%, Loss: 1.7700
Epoch: 10, Batch: 1400, Acc: 24.42%, Loss: 1.7731
Epoch: 10, Batch: 1410, Acc: 24.40%, Loss: 1.8193
Epoch: 10, Batch: 1420, Acc: 24.40%, Loss: 1.7888
Epoch: 10, Batch: 1430, Acc: 24.40%, Loss: 1.8087
Epoch: 10, Batch: 1440, Acc: 24.43%, Loss: 1.7424
Epoch: 10, Batch: 1450, Acc: 24.45%, Loss: 1.7582
Epoch: 10, Batch: 1460, Acc: 24.45%, Loss: 1.7791
Epoch: 10, Batch: 1470, Acc: 24.47%, Loss: 1.7490
Epoch: 10, Batch: 1480, Acc: 24.47%, Loss: 1.8179
Epoch: 10, Batch: 1490, Acc: 24.47%, Loss: 1.7670
Epoch: 10, Batch: 1500, Acc: 24.45%, Loss: 1.8218
Epoch: 10, Batch: 1510, Acc: 24.45%, Loss: 1.7685
Epoch: 10, Batch: 1520, Acc: 24.46%, Loss: 1.7725
Epoch: 10, Batch: 1530, Acc: 24.44%, Loss: 1.8147
Epoch: 10, Batch: 1540, Acc: 24.44%, Loss: 1.7771
Epoch: 10, Batch: 1550, Acc: 24.45%, Loss: 1.7649
Epoch: 10, Batch: 1560, Acc: 24.46%, Loss: 1.7373
Epoch: 10, Batch: 1570, Acc: 24.46%, Loss: 1.8186
Epoch: 10, Batch: 1580, Acc: 24.45%, Loss: 1.7802
Epoch: 10, Batch: 1590, Acc: 24.46%, Loss: 1.7756
Epoch: 10, Batch: 1600, Acc: 24.45%, Loss: 1.8127
Epoch: 10, Batch: 1610, Acc: 24.44%, Loss: 1.8056
Epoch: 10, Batch: 1620, Acc: 24.44%, Loss: 1.8291
Epoch: 10, Batch: 1630, Acc: 24.44%, Loss: 1.8076
Epoch: 10, Batch: 1640, Acc: 24.43%, Loss: 1.8231
Epoch: 10, Batch: 1650, Acc: 24.43%, Loss: 1.8244
Epoch: 10, Batch: 1660, Acc: 24.42%, Loss: 1.8113
Epoch: 10, Batch: 1670, Acc: 24.41%, Loss: 1.8023
Epoch: 10, Batch: 1680, Acc: 24.40%, Loss: 1.7914
Epoch: 10, Batch: 1690, Acc: 24.41%, Loss: 1.7524
Epoch: 10, Batch: 1700, Acc: 24.40%, Loss: 1.8048
Epoch: 10, Batch: 1710, Acc: 24.40%, Loss: 1.7977
Epoch: 10, Batch: 1720, Acc: 24.39%, Loss: 1.8163
Epoch: 10, Batch: 1730, Acc: 24.41%, Loss: 1.7383
Epoch: 10, Batch: 1740, Acc: 24.40%, Loss: 1.7731
Epoch: 10, Batch: 1750, Acc: 24.40%, Loss: 1.7870
Epoch: 10, Batch: 1760, Acc: 24.38%, Loss: 1.7969
Epoch: 10, Batch: 1770, Acc: 24.39%, Loss: 1.7520
Epoch: 10, Batch: 1780, Acc: 24.38%, Loss: 1.8242
Epoch: 10, Batch: 1790, Acc: 24.37%, Loss: 1.8078
Epoch: 10, Batch: 1800, Acc: 24.36%, Loss: 1.7915
Epoch: 10, Batch: 1810, Acc: 24.37%, Loss: 1.7786
Epoch: 10, Batch: 1820, Acc: 24.37%, Loss: 1.7991
Epoch: 10, Batch: 1830, Acc: 24.36%, Loss: 1.7956
Epoch: 10, Batch: 1840, Acc: 24.36%, Loss: 1.8020
Epoch: 10, Batch: 1850, Acc: 24.36%, Loss: 1.8280
Epoch: 10, Batch: 1860, Acc: 24.37%, Loss: 1.7656
Epoch: 10, Batch: 1870, Acc: 24.36%, Loss: 1.8045
Epoch: 10, Batch: 1880, Acc: 24.36%, Loss: 1.8089
Epoch: 10, Batch: 1890, Acc: 24.35%, Loss: 1.7626
Epoch: 10, Batch: 1900, Acc: 24.35%, Loss: 1.8089
Epoch: 10, Batch: 1910, Acc: 24.37%, Loss: 1.7577
Epoch: 10, Batch: 1920, Acc: 24.37%, Loss: 1.7782
Epoch: 10, Batch: 1930, Acc: 24.38%, Loss: 1.7867
Epoch: 10, Batch: 1940, Acc: 24.39%, Loss: 1.7532
Epoch: 10, Batch: 1950, Acc: 24.39%, Loss: 1.7787
Epoch: 10, Batch: 1960, Acc: 24.39%, Loss: 1.7649
Epoch: 10, Batch: 1970, Acc: 24.39%, Loss: 1.8068
Epoch: 10, Batch: 1980, Acc: 24.40%, Loss: 1.7762
Epoch: 10, Batch: 1990, Acc: 24.40%, Loss: 1.7869
Epoch: 10, Batch: 2000, Acc: 24.40%, Loss: 1.8074
Epoch: 10, Batch: 2010, Acc: 24.39%, Loss: 1.8193
Epoch: 10, Batch: 2020, Acc: 24.38%, Loss: 1.8106
Epoch: 10, Batch: 2030, Acc: 24.38%, Loss: 1.7784
Epoch: 10, Batch: 2040, Acc: 24.39%, Loss: 1.7692
Epoch: 10, Batch: 2050, Acc: 24.39%, Loss: 1.7659
Epoch: 10, Batch: 2060, Acc: 24.37%, Loss: 1.8499
Epoch: 10, Batch: 2070, Acc: 24.37%, Loss: 1.7833
Epoch: 10, Batch: 2080, Acc: 24.37%, Loss: 1.7598
Epoch: 10, Batch: 2090, Acc: 24.37%, Loss: 1.7759
Epoch: 10, Batch: 2100, Acc: 24.38%, Loss: 1.7441
Epoch: 10, Batch: 2110, Acc: 24.36%, Loss: 1.8236
Epoch: 10, Batch: 2120, Acc: 24.37%, Loss: 1.7894
Epoch: 10, Batch: 2130, Acc: 24.36%, Loss: 1.7950
Epoch: 10, Batch: 2140, Acc: 24.37%, Loss: 1.7439
Epoch: 10, Batch: 2150, Acc: 24.35%, Loss: 1.8245
Epoch: 10, Batch: 2160, Acc: 24.35%, Loss: 1.7770
Epoch: 10, Batch: 2170, Acc: 24.35%, Loss: 1.8148
Epoch: 10, Batch: 2180, Acc: 24.35%, Loss: 1.7820
Epoch: 10, Batch: 2190, Acc: 24.35%, Loss: 1.7786
Epoch: 10, Batch: 2200, Acc: 24.35%, Loss: 1.8178
Epoch: 10, Batch: 2210, Acc: 24.36%, Loss: 1.7558
Epoch: 10, Batch: 2220, Acc: 24.35%, Loss: 1.8146
Epoch: 10, Batch: 2230, Acc: 24.36%, Loss: 1.7608
Epoch: 10, Batch: 2240, Acc: 24.36%, Loss: 1.8053
Epoch: 10, Batch: 2250, Acc: 24.36%, Loss: 1.7915
Epoch: 10, Batch: 2260, Acc: 24.36%, Loss: 1.7879
Epoch: 10, Batch: 2270, Acc: 24.34%, Loss: 1.8219
Epoch: 10, Batch: 2280, Acc: 24.35%, Loss: 1.7535
Epoch: 10, Batch: 2290, Acc: 24.35%, Loss: 1.7819
Epoch: 10, Batch: 2300, Acc: 24.35%, Loss: 1.7993
Epoch: 10, Batch: 2310, Acc: 24.35%, Loss: 1.8313
Epoch: 10, Batch: 2320, Acc: 24.35%, Loss: 1.8088
Epoch: 10, Batch: 2330, Acc: 24.35%, Loss: 1.7790
Epoch: 10, Batch: 2340, Acc: 24.35%, Loss: 1.7873
Epoch: 10, Batch: 2350, Acc: 24.36%, Loss: 1.7170
Epoch: 10, Batch: 2360, Acc: 24.37%, Loss: 1.7642
Epoch: 10, Batch: 2370, Acc: 24.36%, Loss: 1.8072
Epoch: 10, Batch: 2380, Acc: 24.38%, Loss: 1.7281
Epoch: 10, Batch: 2390, Acc: 24.38%, Loss: 1.7660
Epoch: 10, Batch: 2400, Acc: 24.38%, Loss: 1.7697
Epoch: 10, Batch: 2410, Acc: 24.38%, Loss: 1.8058
Epoch: 10, Batch: 2420, Acc: 24.38%, Loss: 1.7895
Epoch: 10, Batch: 2430, Acc: 24.39%, Loss: 1.7631
Epoch: 10, Batch: 2440, Acc: 24.38%, Loss: 1.8003
Epoch: 10, Batch: 2450, Acc: 24.39%, Loss: 1.7989
Epoch: 10, Batch: 2460, Acc: 24.39%, Loss: 1.7765
Epoch: 10, Batch: 2470, Acc: 24.40%, Loss: 1.7621
Epoch: 10, Batch: 2480, Acc: 24.40%, Loss: 1.8063
Epoch: 10, Batch: 2490, Acc: 24.40%, Loss: 1.7747
Epoch: 10, Batch: 2500, Acc: 24.41%, Loss: 1.7654
Epoch: 10, Batch: 2510, Acc: 24.41%, Loss: 1.7823
Epoch: 10, Batch: 2520, Acc: 24.42%, Loss: 1.7620
Epoch: 10, Batch: 2530, Acc: 24.43%, Loss: 1.7768
Epoch: 10, Batch: 2540, Acc: 24.43%, Loss: 1.7930
Epoch: 10, Batch: 2550, Acc: 24.44%, Loss: 1.7890
Epoch: 10, Batch: 2560, Acc: 24.44%, Loss: 1.7752
Epoch: 10, Batch: 2570, Acc: 24.45%, Loss: 1.7603
Epoch: 10, Batch: 2580, Acc: 24.45%, Loss: 1.7913
Epoch: 10, Batch: 2590, Acc: 24.46%, Loss: 1.7498
Epoch: 10, Batch: 2600, Acc: 24.47%, Loss: 1.7480
Epoch: 10, Batch: 2610, Acc: 24.47%, Loss: 1.7653
Epoch: 10, Batch: 2620, Acc: 24.47%, Loss: 1.8076
Epoch: 10, Batch: 2630, Acc: 24.46%, Loss: 1.7594
Epoch: 10, Batch: 2640, Acc: 24.47%, Loss: 1.7433
Epoch: 10, Batch: 2650, Acc: 24.47%, Loss: 1.7939
Epoch: 10, Batch: 2660, Acc: 24.46%, Loss: 1.8205
Epoch: 10, Batch: 2670, Acc: 24.47%, Loss: 1.7835
Epoch: 10, Batch: 2680, Acc: 24.47%, Loss: 1.8011
Epoch: 10, Batch: 2690, Acc: 24.47%, Loss: 1.7872
Epoch: 10, Batch: 2700, Acc: 24.46%, Loss: 1.8300
Epoch: 10, Batch: 2710, Acc: 24.45%, Loss: 1.8044
Epoch: 10, Batch: 2720, Acc: 24.44%, Loss: 1.8164
Epoch: 10, Batch: 2730, Acc: 24.45%, Loss: 1.7576
Epoch: 10, Batch: 2740, Acc: 24.46%, Loss: 1.8080
Epoch: 10, Batch: 2750, Acc: 24.46%, Loss: 1.7981
Epoch: 10, Batch: 2760, Acc: 24.44%, Loss: 1.8249
Epoch: 10, Batch: 2770, Acc: 24.44%, Loss: 1.7697
Epoch: 10, Batch: 2780, Acc: 24.44%, Loss: 1.8033
Epoch: 10, Batch: 2790, Acc: 24.45%, Loss: 1.7994
Epoch: 10, Batch: 2800, Acc: 24.45%, Loss: 1.7669
Epoch: 10, Batch: 2810, Acc: 24.45%, Loss: 1.7905
Epoch: 10, Batch: 2820, Acc: 24.45%, Loss: 1.7844
Epoch: 10, Batch: 2830, Acc: 24.45%, Loss: 1.7673
Epoch: 10, Batch: 2840, Acc: 24.45%, Loss: 1.7870
Epoch: 10, Batch: 2850, Acc: 24.45%, Loss: 1.7908
Epoch: 10, Batch: 2860, Acc: 24.45%, Loss: 1.8054
Epoch: 10, Batch: 2870, Acc: 24.46%, Loss: 1.7501
Epoch: 10, Batch: 2880, Acc: 24.47%, Loss: 1.7285
Accuracy on test set: 46.20%, Val loss: 2.2256
Epoch 10: train_loss=1.7863, val_acc=46.20, best_val_acc=46.78, es_counter=1
Epoch: 11, Batch: 10, Acc: 24.84%, Loss: 1.7841
Epoch: 11, Batch: 20, Acc: 24.53%, Loss: 1.8008
Epoch: 11, Batch: 30, Acc: 24.53%, Loss: 1.8162
Epoch: 11, Batch: 40, Acc: 24.22%, Loss: 1.7550
Epoch: 11, Batch: 50, Acc: 24.62%, Loss: 1.7660
Epoch: 11, Batch: 60, Acc: 24.90%, Loss: 1.7774
Epoch: 11, Batch: 70, Acc: 24.64%, Loss: 1.8113
Epoch: 11, Batch: 80, Acc: 24.55%, Loss: 1.7892
Epoch: 11, Batch: 90, Acc: 24.60%, Loss: 1.7911
Epoch: 11, Batch: 100, Acc: 24.58%, Loss: 1.7880
Epoch: 11, Batch: 110, Acc: 24.45%, Loss: 1.7848
Epoch: 11, Batch: 120, Acc: 24.26%, Loss: 1.8289
Epoch: 11, Batch: 130, Acc: 24.12%, Loss: 1.7979
Epoch: 11, Batch: 140, Acc: 23.94%, Loss: 1.8018
Epoch: 11, Batch: 150, Acc: 23.83%, Loss: 1.8140
Epoch: 11, Batch: 160, Acc: 23.91%, Loss: 1.7831
Epoch: 11, Batch: 170, Acc: 23.98%, Loss: 1.7688
Epoch: 11, Batch: 180, Acc: 24.03%, Loss: 1.7817
Epoch: 11, Batch: 190, Acc: 24.01%, Loss: 1.7886
Epoch: 11, Batch: 200, Acc: 23.94%, Loss: 1.8268
Epoch: 11, Batch: 210, Acc: 23.92%, Loss: 1.7686
Epoch: 11, Batch: 220, Acc: 24.05%, Loss: 1.7614
Epoch: 11, Batch: 230, Acc: 23.97%, Loss: 1.8053
Epoch: 11, Batch: 240, Acc: 24.08%, Loss: 1.7690
Epoch: 11, Batch: 250, Acc: 24.11%, Loss: 1.8017
Epoch: 11, Batch: 260, Acc: 24.18%, Loss: 1.7616
Epoch: 11, Batch: 270, Acc: 24.31%, Loss: 1.7531
Epoch: 11, Batch: 280, Acc: 24.30%, Loss: 1.7958
Epoch: 11, Batch: 290, Acc: 24.33%, Loss: 1.7670
Epoch: 11, Batch: 300, Acc: 24.34%, Loss: 1.7799
Epoch: 11, Batch: 310, Acc: 24.25%, Loss: 1.8062
Epoch: 11, Batch: 320, Acc: 24.31%, Loss: 1.7579
Epoch: 11, Batch: 330, Acc: 24.23%, Loss: 1.8075
Epoch: 11, Batch: 340, Acc: 24.21%, Loss: 1.7953
Epoch: 11, Batch: 350, Acc: 24.22%, Loss: 1.7793
Epoch: 11, Batch: 360, Acc: 24.27%, Loss: 1.7803
Epoch: 11, Batch: 370, Acc: 24.27%, Loss: 1.8038
Epoch: 11, Batch: 380, Acc: 24.30%, Loss: 1.7930
Epoch: 11, Batch: 390, Acc: 24.26%, Loss: 1.8295
Epoch: 11, Batch: 400, Acc: 24.27%, Loss: 1.7998
Epoch: 11, Batch: 410, Acc: 24.21%, Loss: 1.8192
Epoch: 11, Batch: 420, Acc: 24.27%, Loss: 1.7845
Epoch: 11, Batch: 430, Acc: 24.30%, Loss: 1.7987
Epoch: 11, Batch: 440, Acc: 24.28%, Loss: 1.7751
Epoch: 11, Batch: 450, Acc: 24.24%, Loss: 1.8196
Epoch: 11, Batch: 460, Acc: 24.21%, Loss: 1.7704
Epoch: 11, Batch: 470, Acc: 24.18%, Loss: 1.8060
Epoch: 11, Batch: 480, Acc: 24.25%, Loss: 1.7376
Epoch: 11, Batch: 490, Acc: 24.20%, Loss: 1.8233
Epoch: 11, Batch: 500, Acc: 24.21%, Loss: 1.8186
Epoch: 11, Batch: 510, Acc: 24.18%, Loss: 1.8013
Epoch: 11, Batch: 520, Acc: 24.17%, Loss: 1.7913
Epoch: 11, Batch: 530, Acc: 24.16%, Loss: 1.8340
Epoch: 11, Batch: 540, Acc: 24.15%, Loss: 1.8062
Epoch: 11, Batch: 550, Acc: 24.14%, Loss: 1.8124
Epoch: 11, Batch: 560, Acc: 24.19%, Loss: 1.7759
Epoch: 11, Batch: 570, Acc: 24.21%, Loss: 1.7692
Epoch: 11, Batch: 580, Acc: 24.18%, Loss: 1.8420
Epoch: 11, Batch: 590, Acc: 24.24%, Loss: 1.7689
Epoch: 11, Batch: 600, Acc: 24.25%, Loss: 1.7781
Epoch: 11, Batch: 610, Acc: 24.27%, Loss: 1.7976
Epoch: 11, Batch: 620, Acc: 24.27%, Loss: 1.7793
Epoch: 11, Batch: 630, Acc: 24.29%, Loss: 1.7761
Epoch: 11, Batch: 640, Acc: 24.31%, Loss: 1.7617
Epoch: 11, Batch: 650, Acc: 24.29%, Loss: 1.8037
Epoch: 11, Batch: 660, Acc: 24.33%, Loss: 1.7496
Epoch: 11, Batch: 670, Acc: 24.35%, Loss: 1.7725
Epoch: 11, Batch: 680, Acc: 24.37%, Loss: 1.7536
Epoch: 11, Batch: 690, Acc: 24.40%, Loss: 1.7440
Epoch: 11, Batch: 700, Acc: 24.41%, Loss: 1.7751
Epoch: 11, Batch: 710, Acc: 24.45%, Loss: 1.7814
Epoch: 11, Batch: 720, Acc: 24.46%, Loss: 1.7530
Epoch: 11, Batch: 730, Acc: 24.49%, Loss: 1.7894
Epoch: 11, Batch: 740, Acc: 24.48%, Loss: 1.7960
Epoch: 11, Batch: 750, Acc: 24.48%, Loss: 1.7761
Epoch: 11, Batch: 760, Acc: 24.51%, Loss: 1.7838
Epoch: 11, Batch: 770, Acc: 24.49%, Loss: 1.7803
Epoch: 11, Batch: 780, Acc: 24.51%, Loss: 1.7771
Epoch: 11, Batch: 790, Acc: 24.48%, Loss: 1.8096
Epoch: 11, Batch: 800, Acc: 24.47%, Loss: 1.8047
Epoch: 11, Batch: 810, Acc: 24.44%, Loss: 1.8052
Epoch: 11, Batch: 820, Acc: 24.45%, Loss: 1.7622
Epoch: 11, Batch: 830, Acc: 24.47%, Loss: 1.7374
Epoch: 11, Batch: 840, Acc: 24.49%, Loss: 1.7797
Epoch: 11, Batch: 850, Acc: 24.48%, Loss: 1.7957
Epoch: 11, Batch: 860, Acc: 24.52%, Loss: 1.7547
Epoch: 11, Batch: 870, Acc: 24.48%, Loss: 1.8392
Epoch: 11, Batch: 880, Acc: 24.46%, Loss: 1.8020
Epoch: 11, Batch: 890, Acc: 24.51%, Loss: 1.7542
Epoch: 11, Batch: 900, Acc: 24.49%, Loss: 1.7785
Epoch: 11, Batch: 910, Acc: 24.45%, Loss: 1.8108
Epoch: 11, Batch: 920, Acc: 24.47%, Loss: 1.7738
Epoch: 11, Batch: 930, Acc: 24.49%, Loss: 1.7883
Epoch: 11, Batch: 940, Acc: 24.49%, Loss: 1.7892
Epoch: 11, Batch: 950, Acc: 24.51%, Loss: 1.7666
Epoch: 11, Batch: 960, Acc: 24.53%, Loss: 1.7550
Epoch: 11, Batch: 970, Acc: 24.50%, Loss: 1.8347
Epoch: 11, Batch: 980, Acc: 24.52%, Loss: 1.7661
Epoch: 11, Batch: 990, Acc: 24.51%, Loss: 1.7920
Epoch: 11, Batch: 1000, Acc: 24.54%, Loss: 1.7638
Epoch: 11, Batch: 1010, Acc: 24.53%, Loss: 1.7774
Epoch: 11, Batch: 1020, Acc: 24.50%, Loss: 1.8219
Epoch: 11, Batch: 1030, Acc: 24.51%, Loss: 1.7714
Epoch: 11, Batch: 1040, Acc: 24.50%, Loss: 1.7602
Epoch: 11, Batch: 1050, Acc: 24.50%, Loss: 1.7929
Epoch: 11, Batch: 1060, Acc: 24.50%, Loss: 1.7806
Epoch: 11, Batch: 1070, Acc: 24.51%, Loss: 1.7411
Epoch: 11, Batch: 1080, Acc: 24.50%, Loss: 1.7959
Epoch: 11, Batch: 1090, Acc: 24.50%, Loss: 1.7763
Epoch: 11, Batch: 1100, Acc: 24.51%, Loss: 1.7744
Epoch: 11, Batch: 1110, Acc: 24.51%, Loss: 1.7842
Epoch: 11, Batch: 1120, Acc: 24.48%, Loss: 1.8294
Epoch: 11, Batch: 1130, Acc: 24.46%, Loss: 1.8519
Epoch: 11, Batch: 1140, Acc: 24.42%, Loss: 1.8201
Epoch: 11, Batch: 1150, Acc: 24.40%, Loss: 1.8139
Epoch: 11, Batch: 1160, Acc: 24.41%, Loss: 1.7663
Epoch: 11, Batch: 1170, Acc: 24.42%, Loss: 1.7753
Epoch: 11, Batch: 1180, Acc: 24.41%, Loss: 1.7526
Epoch: 11, Batch: 1190, Acc: 24.41%, Loss: 1.8111
Epoch: 11, Batch: 1200, Acc: 24.41%, Loss: 1.7467
Epoch: 11, Batch: 1210, Acc: 24.38%, Loss: 1.8230
Epoch: 11, Batch: 1220, Acc: 24.38%, Loss: 1.8009
Epoch: 11, Batch: 1230, Acc: 24.38%, Loss: 1.8147
Epoch: 11, Batch: 1240, Acc: 24.39%, Loss: 1.7833
Epoch: 11, Batch: 1250, Acc: 24.36%, Loss: 1.8298
Epoch: 11, Batch: 1260, Acc: 24.39%, Loss: 1.7519
Epoch: 11, Batch: 1270, Acc: 24.38%, Loss: 1.8022
Epoch: 11, Batch: 1280, Acc: 24.42%, Loss: 1.7141
Epoch: 11, Batch: 1290, Acc: 24.42%, Loss: 1.7818
Epoch: 11, Batch: 1300, Acc: 24.43%, Loss: 1.7802
Epoch: 11, Batch: 1310, Acc: 24.43%, Loss: 1.8089
Epoch: 11, Batch: 1320, Acc: 24.44%, Loss: 1.7502
Epoch: 11, Batch: 1330, Acc: 24.44%, Loss: 1.7646
Epoch: 11, Batch: 1340, Acc: 24.44%, Loss: 1.8168
Epoch: 11, Batch: 1350, Acc: 24.46%, Loss: 1.7495
Epoch: 11, Batch: 1360, Acc: 24.45%, Loss: 1.7943
Epoch: 11, Batch: 1370, Acc: 24.46%, Loss: 1.7557
Epoch: 11, Batch: 1380, Acc: 24.47%, Loss: 1.7804
Epoch: 11, Batch: 1390, Acc: 24.46%, Loss: 1.8003
Epoch: 11, Batch: 1400, Acc: 24.48%, Loss: 1.7335
Epoch: 11, Batch: 1410, Acc: 24.46%, Loss: 1.8325
Epoch: 11, Batch: 1420, Acc: 24.47%, Loss: 1.7990
Epoch: 11, Batch: 1430, Acc: 24.45%, Loss: 1.8097
Epoch: 11, Batch: 1440, Acc: 24.44%, Loss: 1.8034
Epoch: 11, Batch: 1450, Acc: 24.45%, Loss: 1.7761
Epoch: 11, Batch: 1460, Acc: 24.44%, Loss: 1.8147
Epoch: 11, Batch: 1470, Acc: 24.45%, Loss: 1.7917
Epoch: 11, Batch: 1480, Acc: 24.45%, Loss: 1.7840
Epoch: 11, Batch: 1490, Acc: 24.43%, Loss: 1.8347
Epoch: 11, Batch: 1500, Acc: 24.42%, Loss: 1.7995
Epoch: 11, Batch: 1510, Acc: 24.44%, Loss: 1.7186
Epoch: 11, Batch: 1520, Acc: 24.44%, Loss: 1.7699
Epoch: 11, Batch: 1530, Acc: 24.44%, Loss: 1.7896
Epoch: 11, Batch: 1540, Acc: 24.44%, Loss: 1.8033
Epoch: 11, Batch: 1550, Acc: 24.44%, Loss: 1.7582
Epoch: 11, Batch: 1560, Acc: 24.45%, Loss: 1.7941
Epoch: 11, Batch: 1570, Acc: 24.45%, Loss: 1.7830
Epoch: 11, Batch: 1580, Acc: 24.45%, Loss: 1.8041
Epoch: 11, Batch: 1590, Acc: 24.45%, Loss: 1.8156
Epoch: 11, Batch: 1600, Acc: 24.45%, Loss: 1.7955
Epoch: 11, Batch: 1610, Acc: 24.46%, Loss: 1.7948
Epoch: 11, Batch: 1620, Acc: 24.47%, Loss: 1.7902
Epoch: 11, Batch: 1630, Acc: 24.47%, Loss: 1.7683
Epoch: 11, Batch: 1640, Acc: 24.47%, Loss: 1.8031
Epoch: 11, Batch: 1650, Acc: 24.48%, Loss: 1.7544
Epoch: 11, Batch: 1660, Acc: 24.50%, Loss: 1.7711
Epoch: 11, Batch: 1670, Acc: 24.51%, Loss: 1.8251
Epoch: 11, Batch: 1680, Acc: 24.51%, Loss: 1.7829
Epoch: 11, Batch: 1690, Acc: 24.53%, Loss: 1.7695
Epoch: 11, Batch: 1700, Acc: 24.52%, Loss: 1.7920
Epoch: 11, Batch: 1710, Acc: 24.52%, Loss: 1.7808
Epoch: 11, Batch: 1720, Acc: 24.51%, Loss: 1.8071
Epoch: 11, Batch: 1730, Acc: 24.51%, Loss: 1.7986
Epoch: 11, Batch: 1740, Acc: 24.53%, Loss: 1.7660
Epoch: 11, Batch: 1750, Acc: 24.53%, Loss: 1.7654
Epoch: 11, Batch: 1760, Acc: 24.52%, Loss: 1.8350
Epoch: 11, Batch: 1770, Acc: 24.52%, Loss: 1.8017
Epoch: 11, Batch: 1780, Acc: 24.52%, Loss: 1.7614
Epoch: 11, Batch: 1790, Acc: 24.53%, Loss: 1.7510
Epoch: 11, Batch: 1800, Acc: 24.54%, Loss: 1.7652
Epoch: 11, Batch: 1810, Acc: 24.54%, Loss: 1.8060
Epoch: 11, Batch: 1820, Acc: 24.54%, Loss: 1.7730
Epoch: 11, Batch: 1830, Acc: 24.54%, Loss: 1.8006
Epoch: 11, Batch: 1840, Acc: 24.54%, Loss: 1.7878
Epoch: 11, Batch: 1850, Acc: 24.55%, Loss: 1.7614
Epoch: 11, Batch: 1860, Acc: 24.54%, Loss: 1.8090
Epoch: 11, Batch: 1870, Acc: 24.54%, Loss: 1.8085
Epoch: 11, Batch: 1880, Acc: 24.54%, Loss: 1.7814
Epoch: 11, Batch: 1890, Acc: 24.54%, Loss: 1.7733
Epoch: 11, Batch: 1900, Acc: 24.53%, Loss: 1.8040
Epoch: 11, Batch: 1910, Acc: 24.54%, Loss: 1.7494
Epoch: 11, Batch: 1920, Acc: 24.53%, Loss: 1.8121
Epoch: 11, Batch: 1930, Acc: 24.53%, Loss: 1.7907
Epoch: 11, Batch: 1940, Acc: 24.53%, Loss: 1.7882
Epoch: 11, Batch: 1950, Acc: 24.52%, Loss: 1.8042
Epoch: 11, Batch: 1960, Acc: 24.53%, Loss: 1.7633
Epoch: 11, Batch: 1970, Acc: 24.52%, Loss: 1.7780
Epoch: 11, Batch: 1980, Acc: 24.54%, Loss: 1.7761
Epoch: 11, Batch: 1990, Acc: 24.54%, Loss: 1.7716
Epoch: 11, Batch: 2000, Acc: 24.55%, Loss: 1.7631
Epoch: 11, Batch: 2010, Acc: 24.54%, Loss: 1.8025
Epoch: 11, Batch: 2020, Acc: 24.55%, Loss: 1.8024
Epoch: 11, Batch: 2030, Acc: 24.56%, Loss: 1.7811
Epoch: 11, Batch: 2040, Acc: 24.57%, Loss: 1.7448
Epoch: 11, Batch: 2050, Acc: 24.57%, Loss: 1.7652
Epoch: 11, Batch: 2060, Acc: 24.57%, Loss: 1.8043
Epoch: 11, Batch: 2070, Acc: 24.57%, Loss: 1.7993
Epoch: 11, Batch: 2080, Acc: 24.57%, Loss: 1.7662
Epoch: 11, Batch: 2090, Acc: 24.57%, Loss: 1.7661
Epoch: 11, Batch: 2100, Acc: 24.57%, Loss: 1.7861
Epoch: 11, Batch: 2110, Acc: 24.58%, Loss: 1.7534
Epoch: 11, Batch: 2120, Acc: 24.58%, Loss: 1.7739
Epoch: 11, Batch: 2130, Acc: 24.57%, Loss: 1.7961
Epoch: 11, Batch: 2140, Acc: 24.57%, Loss: 1.7892
Epoch: 11, Batch: 2150, Acc: 24.56%, Loss: 1.7973
Epoch: 11, Batch: 2160, Acc: 24.57%, Loss: 1.7408
Epoch: 11, Batch: 2170, Acc: 24.57%, Loss: 1.7935
Epoch: 11, Batch: 2180, Acc: 24.56%, Loss: 1.7929
Epoch: 11, Batch: 2190, Acc: 24.57%, Loss: 1.7556
Epoch: 11, Batch: 2200, Acc: 24.56%, Loss: 1.8013
Epoch: 11, Batch: 2210, Acc: 24.57%, Loss: 1.7556
Epoch: 11, Batch: 2220, Acc: 24.57%, Loss: 1.8182
Epoch: 11, Batch: 2230, Acc: 24.55%, Loss: 1.8124
Epoch: 11, Batch: 2240, Acc: 24.55%, Loss: 1.7938
Epoch: 11, Batch: 2250, Acc: 24.55%, Loss: 1.7678
Epoch: 11, Batch: 2260, Acc: 24.54%, Loss: 1.8187
Epoch: 11, Batch: 2270, Acc: 24.54%, Loss: 1.7484
Epoch: 11, Batch: 2280, Acc: 24.53%, Loss: 1.8270
Epoch: 11, Batch: 2290, Acc: 24.52%, Loss: 1.7829
Epoch: 11, Batch: 2300, Acc: 24.53%, Loss: 1.7485
Epoch: 11, Batch: 2310, Acc: 24.53%, Loss: 1.7995
Epoch: 11, Batch: 2320, Acc: 24.52%, Loss: 1.8116
Epoch: 11, Batch: 2330, Acc: 24.51%, Loss: 1.7714
Epoch: 11, Batch: 2340, Acc: 24.51%, Loss: 1.7659
Epoch: 11, Batch: 2350, Acc: 24.52%, Loss: 1.7388
Epoch: 11, Batch: 2360, Acc: 24.55%, Loss: 1.7270
Epoch: 11, Batch: 2370, Acc: 24.54%, Loss: 1.8156
Epoch: 11, Batch: 2380, Acc: 24.53%, Loss: 1.8158
Epoch: 11, Batch: 2390, Acc: 24.54%, Loss: 1.7880
Epoch: 11, Batch: 2400, Acc: 24.53%, Loss: 1.8079
Epoch: 11, Batch: 2410, Acc: 24.53%, Loss: 1.8085
Epoch: 11, Batch: 2420, Acc: 24.53%, Loss: 1.7786
Epoch: 11, Batch: 2430, Acc: 24.53%, Loss: 1.7780
Epoch: 11, Batch: 2440, Acc: 24.54%, Loss: 1.8030
Epoch: 11, Batch: 2450, Acc: 24.54%, Loss: 1.7716
Epoch: 11, Batch: 2460, Acc: 24.53%, Loss: 1.8413
Epoch: 11, Batch: 2470, Acc: 24.53%, Loss: 1.7749
Epoch: 11, Batch: 2480, Acc: 24.53%, Loss: 1.7768
Epoch: 11, Batch: 2490, Acc: 24.52%, Loss: 1.7943
Epoch: 11, Batch: 2500, Acc: 24.52%, Loss: 1.7746
Epoch: 11, Batch: 2510, Acc: 24.52%, Loss: 1.7904
Epoch: 11, Batch: 2520, Acc: 24.52%, Loss: 1.7921
Epoch: 11, Batch: 2530, Acc: 24.52%, Loss: 1.7933
Epoch: 11, Batch: 2540, Acc: 24.52%, Loss: 1.8043
Epoch: 11, Batch: 2550, Acc: 24.52%, Loss: 1.8093
Epoch: 11, Batch: 2560, Acc: 24.51%, Loss: 1.8012
Epoch: 11, Batch: 2570, Acc: 24.51%, Loss: 1.7662
Epoch: 11, Batch: 2580, Acc: 24.52%, Loss: 1.7972
Epoch: 11, Batch: 2590, Acc: 24.53%, Loss: 1.7244
Epoch: 11, Batch: 2600, Acc: 24.53%, Loss: 1.7885
Epoch: 11, Batch: 2610, Acc: 24.54%, Loss: 1.7542
Epoch: 11, Batch: 2620, Acc: 24.53%, Loss: 1.8131
Epoch: 11, Batch: 2630, Acc: 24.54%, Loss: 1.7683
Epoch: 11, Batch: 2640, Acc: 24.55%, Loss: 1.7388
Epoch: 11, Batch: 2650, Acc: 24.54%, Loss: 1.8129
Epoch: 11, Batch: 2660, Acc: 24.54%, Loss: 1.8181
Epoch: 11, Batch: 2670, Acc: 24.55%, Loss: 1.7737
Epoch: 11, Batch: 2680, Acc: 24.56%, Loss: 1.7826
Epoch: 11, Batch: 2690, Acc: 24.56%, Loss: 1.7661
Epoch: 11, Batch: 2700, Acc: 24.56%, Loss: 1.7646
Epoch: 11, Batch: 2710, Acc: 24.56%, Loss: 1.7785
Epoch: 11, Batch: 2720, Acc: 24.57%, Loss: 1.8194
Epoch: 11, Batch: 2730, Acc: 24.56%, Loss: 1.8203
Epoch: 11, Batch: 2740, Acc: 24.56%, Loss: 1.7776
Epoch: 11, Batch: 2750, Acc: 24.56%, Loss: 1.8189
Epoch: 11, Batch: 2760, Acc: 24.57%, Loss: 1.7495
Epoch: 11, Batch: 2770, Acc: 24.57%, Loss: 1.7783
Epoch: 11, Batch: 2780, Acc: 24.57%, Loss: 1.7576
Epoch: 11, Batch: 2790, Acc: 24.57%, Loss: 1.7572
Epoch: 11, Batch: 2800, Acc: 24.58%, Loss: 1.7551
Epoch: 11, Batch: 2810, Acc: 24.59%, Loss: 1.7529
Epoch: 11, Batch: 2820, Acc: 24.59%, Loss: 1.7752
Epoch: 11, Batch: 2830, Acc: 24.59%, Loss: 1.8012
Epoch: 11, Batch: 2840, Acc: 24.60%, Loss: 1.7664
Epoch: 11, Batch: 2850, Acc: 24.59%, Loss: 1.7762
Epoch: 11, Batch: 2860, Acc: 24.60%, Loss: 1.7965
Epoch: 11, Batch: 2870, Acc: 24.59%, Loss: 1.8169
Epoch: 11, Batch: 2880, Acc: 24.58%, Loss: 1.7929
Accuracy on test set: 46.73%, Val loss: 2.2245
Epoch 11: train_loss=1.7859, val_acc=46.73, best_val_acc=46.78, es_counter=2
Epoch: 12, Batch: 10, Acc: 25.47%, Loss: 1.7749
Epoch: 12, Batch: 20, Acc: 24.45%, Loss: 1.7711
Epoch: 12, Batch: 30, Acc: 24.01%, Loss: 1.7852
Epoch: 12, Batch: 40, Acc: 23.71%, Loss: 1.8177
Epoch: 12, Batch: 50, Acc: 23.91%, Loss: 1.7942
Epoch: 12, Batch: 60, Acc: 24.11%, Loss: 1.7833
Epoch: 12, Batch: 70, Acc: 24.40%, Loss: 1.7579
Epoch: 12, Batch: 80, Acc: 24.16%, Loss: 1.7959
Epoch: 12, Batch: 90, Acc: 24.39%, Loss: 1.7819
Epoch: 12, Batch: 100, Acc: 24.45%, Loss: 1.7796
Epoch: 12, Batch: 110, Acc: 24.39%, Loss: 1.7722
Epoch: 12, Batch: 120, Acc: 24.45%, Loss: 1.7838
Epoch: 12, Batch: 130, Acc: 24.39%, Loss: 1.8088
Epoch: 12, Batch: 140, Acc: 24.22%, Loss: 1.8276
Epoch: 12, Batch: 150, Acc: 24.31%, Loss: 1.7880
Epoch: 12, Batch: 160, Acc: 24.35%, Loss: 1.7616
Epoch: 12, Batch: 170, Acc: 24.35%, Loss: 1.7679
Epoch: 12, Batch: 180, Acc: 24.18%, Loss: 1.7929
Epoch: 12, Batch: 190, Acc: 24.16%, Loss: 1.7819
Epoch: 12, Batch: 200, Acc: 23.97%, Loss: 1.8541
Epoch: 12, Batch: 210, Acc: 24.03%, Loss: 1.8079
Epoch: 12, Batch: 220, Acc: 23.97%, Loss: 1.8190
Epoch: 12, Batch: 230, Acc: 24.07%, Loss: 1.7898
Epoch: 12, Batch: 240, Acc: 24.04%, Loss: 1.7755
Epoch: 12, Batch: 250, Acc: 24.12%, Loss: 1.7935
Epoch: 12, Batch: 260, Acc: 24.12%, Loss: 1.7941
Epoch: 12, Batch: 270, Acc: 24.11%, Loss: 1.7796
Epoch: 12, Batch: 280, Acc: 24.03%, Loss: 1.8048
Epoch: 12, Batch: 290, Acc: 24.03%, Loss: 1.7907
Epoch: 12, Batch: 300, Acc: 24.04%, Loss: 1.8027
Epoch: 12, Batch: 310, Acc: 24.10%, Loss: 1.7829
Epoch: 12, Batch: 320, Acc: 24.14%, Loss: 1.7707
Epoch: 12, Batch: 330, Acc: 24.21%, Loss: 1.7687
Epoch: 12, Batch: 340, Acc: 24.22%, Loss: 1.7840
Epoch: 12, Batch: 350, Acc: 24.22%, Loss: 1.7877
Epoch: 12, Batch: 360, Acc: 24.23%, Loss: 1.7940
Epoch: 12, Batch: 370, Acc: 24.25%, Loss: 1.7567
Epoch: 12, Batch: 380, Acc: 24.21%, Loss: 1.7976
Epoch: 12, Batch: 390, Acc: 24.19%, Loss: 1.7864
Epoch: 12, Batch: 400, Acc: 24.20%, Loss: 1.7722
Epoch: 12, Batch: 410, Acc: 24.20%, Loss: 1.7899
Epoch: 12, Batch: 420, Acc: 24.19%, Loss: 1.7725
Epoch: 12, Batch: 430, Acc: 24.21%, Loss: 1.7764
Epoch: 12, Batch: 440, Acc: 24.24%, Loss: 1.7750
Epoch: 12, Batch: 450, Acc: 24.26%, Loss: 1.7893
Epoch: 12, Batch: 460, Acc: 24.27%, Loss: 1.8005
Epoch: 12, Batch: 470, Acc: 24.26%, Loss: 1.7953
Epoch: 12, Batch: 480, Acc: 24.29%, Loss: 1.7600
Epoch: 12, Batch: 490, Acc: 24.37%, Loss: 1.7253
Epoch: 12, Batch: 500, Acc: 24.39%, Loss: 1.7680
Epoch: 12, Batch: 510, Acc: 24.39%, Loss: 1.7778
Epoch: 12, Batch: 520, Acc: 24.35%, Loss: 1.8061
Epoch: 12, Batch: 530, Acc: 24.33%, Loss: 1.7907
Epoch: 12, Batch: 540, Acc: 24.29%, Loss: 1.8283
Epoch: 12, Batch: 550, Acc: 24.32%, Loss: 1.7922
Epoch: 12, Batch: 560, Acc: 24.28%, Loss: 1.8175
Epoch: 12, Batch: 570, Acc: 24.28%, Loss: 1.7875
Epoch: 12, Batch: 580, Acc: 24.26%, Loss: 1.8081
Epoch: 12, Batch: 590, Acc: 24.28%, Loss: 1.7843
Epoch: 12, Batch: 600, Acc: 24.29%, Loss: 1.8014
Epoch: 12, Batch: 610, Acc: 24.37%, Loss: 1.7411
Epoch: 12, Batch: 620, Acc: 24.36%, Loss: 1.7924
Epoch: 12, Batch: 630, Acc: 24.37%, Loss: 1.7707
Epoch: 12, Batch: 640, Acc: 24.43%, Loss: 1.7558
Epoch: 12, Batch: 650, Acc: 24.44%, Loss: 1.7556
Epoch: 12, Batch: 660, Acc: 24.39%, Loss: 1.8065
Epoch: 12, Batch: 670, Acc: 24.34%, Loss: 1.8428
Epoch: 12, Batch: 680, Acc: 24.38%, Loss: 1.7603
Epoch: 12, Batch: 690, Acc: 24.37%, Loss: 1.7788
Epoch: 12, Batch: 700, Acc: 24.35%, Loss: 1.8227
Epoch: 12, Batch: 710, Acc: 24.40%, Loss: 1.7255
Epoch: 12, Batch: 720, Acc: 24.37%, Loss: 1.7627
Epoch: 12, Batch: 730, Acc: 24.37%, Loss: 1.8046
Epoch: 12, Batch: 740, Acc: 24.39%, Loss: 1.7772
Epoch: 12, Batch: 750, Acc: 24.37%, Loss: 1.7801
Epoch: 12, Batch: 760, Acc: 24.38%, Loss: 1.7559
Epoch: 12, Batch: 770, Acc: 24.39%, Loss: 1.7893
Epoch: 12, Batch: 780, Acc: 24.39%, Loss: 1.7396
Epoch: 12, Batch: 790, Acc: 24.41%, Loss: 1.7572
Epoch: 12, Batch: 800, Acc: 24.44%, Loss: 1.7570
Epoch: 12, Batch: 810, Acc: 24.44%, Loss: 1.7777
Epoch: 12, Batch: 820, Acc: 24.48%, Loss: 1.7835
Epoch: 12, Batch: 830, Acc: 24.50%, Loss: 1.7643
Epoch: 12, Batch: 840, Acc: 24.54%, Loss: 1.7576
Epoch: 12, Batch: 850, Acc: 24.55%, Loss: 1.7589
Epoch: 12, Batch: 860, Acc: 24.56%, Loss: 1.7916
Epoch: 12, Batch: 870, Acc: 24.56%, Loss: 1.7928
Epoch: 12, Batch: 880, Acc: 24.55%, Loss: 1.8188
Epoch: 12, Batch: 890, Acc: 24.58%, Loss: 1.7797
Epoch: 12, Batch: 900, Acc: 24.55%, Loss: 1.8088
Epoch: 12, Batch: 910, Acc: 24.55%, Loss: 1.7818
Epoch: 12, Batch: 920, Acc: 24.56%, Loss: 1.7717
Epoch: 12, Batch: 930, Acc: 24.55%, Loss: 1.7712
Epoch: 12, Batch: 940, Acc: 24.53%, Loss: 1.8111
Epoch: 12, Batch: 950, Acc: 24.57%, Loss: 1.7653
Epoch: 12, Batch: 960, Acc: 24.58%, Loss: 1.7897
Epoch: 12, Batch: 970, Acc: 24.58%, Loss: 1.7736
Epoch: 12, Batch: 980, Acc: 24.59%, Loss: 1.7389
Epoch: 12, Batch: 990, Acc: 24.58%, Loss: 1.8102
Epoch: 12, Batch: 1000, Acc: 24.58%, Loss: 1.7929
Epoch: 12, Batch: 1010, Acc: 24.57%, Loss: 1.8070
Epoch: 12, Batch: 1020, Acc: 24.55%, Loss: 1.8108
Epoch: 12, Batch: 1030, Acc: 24.56%, Loss: 1.7771
Epoch: 12, Batch: 1040, Acc: 24.54%, Loss: 1.8115
Epoch: 12, Batch: 1050, Acc: 24.54%, Loss: 1.7675
Epoch: 12, Batch: 1060, Acc: 24.57%, Loss: 1.7486
Epoch: 12, Batch: 1070, Acc: 24.55%, Loss: 1.7887
Epoch: 12, Batch: 1080, Acc: 24.55%, Loss: 1.8110
Epoch: 12, Batch: 1090, Acc: 24.56%, Loss: 1.7588
Epoch: 12, Batch: 1100, Acc: 24.57%, Loss: 1.7838
Epoch: 12, Batch: 1110, Acc: 24.55%, Loss: 1.7814
Epoch: 12, Batch: 1120, Acc: 24.58%, Loss: 1.7507
Epoch: 12, Batch: 1130, Acc: 24.62%, Loss: 1.7319
Epoch: 12, Batch: 1140, Acc: 24.61%, Loss: 1.7980
Epoch: 12, Batch: 1150, Acc: 24.63%, Loss: 1.7524
Epoch: 12, Batch: 1160, Acc: 24.61%, Loss: 1.8256
Epoch: 12, Batch: 1170, Acc: 24.63%, Loss: 1.7359
Epoch: 12, Batch: 1180, Acc: 24.63%, Loss: 1.7459
Epoch: 12, Batch: 1190, Acc: 24.62%, Loss: 1.7651
Epoch: 12, Batch: 1200, Acc: 24.62%, Loss: 1.8140
Epoch: 12, Batch: 1210, Acc: 24.60%, Loss: 1.7853
Epoch: 12, Batch: 1220, Acc: 24.59%, Loss: 1.7808
Epoch: 12, Batch: 1230, Acc: 24.56%, Loss: 1.8407
Epoch: 12, Batch: 1240, Acc: 24.57%, Loss: 1.7908
Epoch: 12, Batch: 1250, Acc: 24.57%, Loss: 1.7719
Epoch: 12, Batch: 1260, Acc: 24.61%, Loss: 1.7282
Epoch: 12, Batch: 1270, Acc: 24.61%, Loss: 1.8118
Epoch: 12, Batch: 1280, Acc: 24.62%, Loss: 1.7962
Epoch: 12, Batch: 1290, Acc: 24.64%, Loss: 1.7742
Epoch: 12, Batch: 1300, Acc: 24.66%, Loss: 1.7693
Epoch: 12, Batch: 1310, Acc: 24.68%, Loss: 1.7442
Epoch: 12, Batch: 1320, Acc: 24.69%, Loss: 1.8214
Epoch: 12, Batch: 1330, Acc: 24.70%, Loss: 1.7711
Epoch: 12, Batch: 1340, Acc: 24.70%, Loss: 1.7845
Epoch: 12, Batch: 1350, Acc: 24.71%, Loss: 1.7603
Epoch: 12, Batch: 1360, Acc: 24.69%, Loss: 1.8366
Epoch: 12, Batch: 1370, Acc: 24.69%, Loss: 1.8066
Epoch: 12, Batch: 1380, Acc: 24.70%, Loss: 1.7918
Epoch: 12, Batch: 1390, Acc: 24.69%, Loss: 1.7933
Epoch: 12, Batch: 1400, Acc: 24.70%, Loss: 1.7318
Epoch: 12, Batch: 1410, Acc: 24.71%, Loss: 1.7679
Epoch: 12, Batch: 1420, Acc: 24.71%, Loss: 1.7638
Epoch: 12, Batch: 1430, Acc: 24.73%, Loss: 1.7595
Epoch: 12, Batch: 1440, Acc: 24.72%, Loss: 1.7893
Epoch: 12, Batch: 1450, Acc: 24.73%, Loss: 1.7857
Epoch: 12, Batch: 1460, Acc: 24.74%, Loss: 1.7590
Epoch: 12, Batch: 1470, Acc: 24.75%, Loss: 1.7517
Epoch: 12, Batch: 1480, Acc: 24.77%, Loss: 1.7047
Epoch: 12, Batch: 1490, Acc: 24.76%, Loss: 1.8136
Epoch: 12, Batch: 1500, Acc: 24.77%, Loss: 1.7427
Epoch: 12, Batch: 1510, Acc: 24.78%, Loss: 1.8106
Epoch: 12, Batch: 1520, Acc: 24.79%, Loss: 1.7520
Epoch: 12, Batch: 1530, Acc: 24.76%, Loss: 1.8199
Epoch: 12, Batch: 1540, Acc: 24.76%, Loss: 1.8035
Epoch: 12, Batch: 1550, Acc: 24.76%, Loss: 1.8181
Epoch: 12, Batch: 1560, Acc: 24.74%, Loss: 1.8128
Epoch: 12, Batch: 1570, Acc: 24.75%, Loss: 1.7675
Epoch: 12, Batch: 1580, Acc: 24.74%, Loss: 1.7853
Epoch: 12, Batch: 1590, Acc: 24.72%, Loss: 1.8238
Epoch: 12, Batch: 1600, Acc: 24.74%, Loss: 1.7817
Epoch: 12, Batch: 1610, Acc: 24.74%, Loss: 1.8071
Epoch: 12, Batch: 1620, Acc: 24.74%, Loss: 1.7725
Epoch: 12, Batch: 1630, Acc: 24.75%, Loss: 1.7440
Epoch: 12, Batch: 1640, Acc: 24.74%, Loss: 1.8082
Epoch: 12, Batch: 1650, Acc: 24.74%, Loss: 1.8059
Epoch: 12, Batch: 1660, Acc: 24.73%, Loss: 1.8004
Epoch: 12, Batch: 1670, Acc: 24.73%, Loss: 1.8003
Epoch: 12, Batch: 1680, Acc: 24.73%, Loss: 1.7626
Epoch: 12, Batch: 1690, Acc: 24.73%, Loss: 1.7762
Epoch: 12, Batch: 1700, Acc: 24.72%, Loss: 1.8115
Epoch: 12, Batch: 1710, Acc: 24.72%, Loss: 1.7924
Epoch: 12, Batch: 1720, Acc: 24.71%, Loss: 1.8128
Epoch: 12, Batch: 1730, Acc: 24.71%, Loss: 1.7827
Epoch: 12, Batch: 1740, Acc: 24.70%, Loss: 1.8412
Epoch: 12, Batch: 1750, Acc: 24.70%, Loss: 1.7856
Epoch: 12, Batch: 1760, Acc: 24.69%, Loss: 1.8027
Epoch: 12, Batch: 1770, Acc: 24.68%, Loss: 1.7947
Epoch: 12, Batch: 1780, Acc: 24.68%, Loss: 1.7851
Epoch: 12, Batch: 1790, Acc: 24.67%, Loss: 1.8288
Epoch: 12, Batch: 1800, Acc: 24.67%, Loss: 1.7934
Epoch: 12, Batch: 1810, Acc: 24.67%, Loss: 1.7705
Epoch: 12, Batch: 1820, Acc: 24.66%, Loss: 1.8042
Epoch: 12, Batch: 1830, Acc: 24.65%, Loss: 1.7907
Epoch: 12, Batch: 1840, Acc: 24.67%, Loss: 1.7822
Epoch: 12, Batch: 1850, Acc: 24.68%, Loss: 1.7784
Epoch: 12, Batch: 1860, Acc: 24.67%, Loss: 1.7968
Epoch: 12, Batch: 1870, Acc: 24.66%, Loss: 1.8177
Epoch: 12, Batch: 1880, Acc: 24.66%, Loss: 1.7899
Epoch: 12, Batch: 1890, Acc: 24.64%, Loss: 1.7825
Epoch: 12, Batch: 1900, Acc: 24.63%, Loss: 1.8070
Epoch: 12, Batch: 1910, Acc: 24.62%, Loss: 1.8081
Epoch: 12, Batch: 1920, Acc: 24.62%, Loss: 1.7954
Epoch: 12, Batch: 1930, Acc: 24.63%, Loss: 1.7475
Epoch: 12, Batch: 1940, Acc: 24.62%, Loss: 1.8122
Epoch: 12, Batch: 1950, Acc: 24.60%, Loss: 1.8221
Epoch: 12, Batch: 1960, Acc: 24.61%, Loss: 1.7716
Epoch: 12, Batch: 1970, Acc: 24.60%, Loss: 1.7802
Epoch: 12, Batch: 1980, Acc: 24.60%, Loss: 1.7714
Epoch: 12, Batch: 1990, Acc: 24.60%, Loss: 1.7988
Epoch: 12, Batch: 2000, Acc: 24.59%, Loss: 1.8101
Epoch: 12, Batch: 2010, Acc: 24.59%, Loss: 1.7698
Epoch: 12, Batch: 2020, Acc: 24.60%, Loss: 1.7832
Epoch: 12, Batch: 2030, Acc: 24.60%, Loss: 1.7655
Epoch: 12, Batch: 2040, Acc: 24.59%, Loss: 1.8069
Epoch: 12, Batch: 2050, Acc: 24.58%, Loss: 1.7753
Epoch: 12, Batch: 2060, Acc: 24.59%, Loss: 1.7421
Epoch: 12, Batch: 2070, Acc: 24.60%, Loss: 1.7454
Epoch: 12, Batch: 2080, Acc: 24.59%, Loss: 1.7744
Epoch: 12, Batch: 2090, Acc: 24.60%, Loss: 1.7861
Epoch: 12, Batch: 2100, Acc: 24.60%, Loss: 1.7925
Epoch: 12, Batch: 2110, Acc: 24.59%, Loss: 1.7827
Epoch: 12, Batch: 2120, Acc: 24.59%, Loss: 1.7706
Epoch: 12, Batch: 2130, Acc: 24.59%, Loss: 1.7710
Epoch: 12, Batch: 2140, Acc: 24.59%, Loss: 1.7663
Epoch: 12, Batch: 2150, Acc: 24.58%, Loss: 1.8126
Epoch: 12, Batch: 2160, Acc: 24.59%, Loss: 1.7855
Epoch: 12, Batch: 2170, Acc: 24.59%, Loss: 1.7905
Epoch: 12, Batch: 2180, Acc: 24.59%, Loss: 1.8062
Epoch: 12, Batch: 2190, Acc: 24.61%, Loss: 1.7464
Epoch: 12, Batch: 2200, Acc: 24.60%, Loss: 1.8013
Epoch: 12, Batch: 2210, Acc: 24.60%, Loss: 1.8162
Epoch: 12, Batch: 2220, Acc: 24.60%, Loss: 1.7695
Epoch: 12, Batch: 2230, Acc: 24.60%, Loss: 1.7770
Epoch: 12, Batch: 2240, Acc: 24.60%, Loss: 1.7714
Epoch: 12, Batch: 2250, Acc: 24.61%, Loss: 1.7961
Epoch: 12, Batch: 2260, Acc: 24.59%, Loss: 1.8261
Epoch: 12, Batch: 2270, Acc: 24.59%, Loss: 1.8107
Epoch: 12, Batch: 2280, Acc: 24.60%, Loss: 1.7723
Epoch: 12, Batch: 2290, Acc: 24.62%, Loss: 1.7340
Epoch: 12, Batch: 2300, Acc: 24.62%, Loss: 1.7736
Epoch: 12, Batch: 2310, Acc: 24.62%, Loss: 1.8151
Epoch: 12, Batch: 2320, Acc: 24.61%, Loss: 1.7957
Epoch: 12, Batch: 2330, Acc: 24.61%, Loss: 1.8040
Epoch: 12, Batch: 2340, Acc: 24.62%, Loss: 1.7638
Epoch: 12, Batch: 2350, Acc: 24.62%, Loss: 1.7742
Epoch: 12, Batch: 2360, Acc: 24.63%, Loss: 1.7317
Epoch: 12, Batch: 2370, Acc: 24.62%, Loss: 1.7879
Epoch: 12, Batch: 2380, Acc: 24.62%, Loss: 1.8106
Epoch: 12, Batch: 2390, Acc: 24.60%, Loss: 1.8329
Epoch: 12, Batch: 2400, Acc: 24.61%, Loss: 1.7495
Epoch: 12, Batch: 2410, Acc: 24.60%, Loss: 1.8307
Epoch: 12, Batch: 2420, Acc: 24.59%, Loss: 1.8443
Epoch: 12, Batch: 2430, Acc: 24.60%, Loss: 1.7527
Epoch: 12, Batch: 2440, Acc: 24.59%, Loss: 1.8366
Epoch: 12, Batch: 2450, Acc: 24.59%, Loss: 1.7962
Epoch: 12, Batch: 2460, Acc: 24.58%, Loss: 1.7868
Epoch: 12, Batch: 2470, Acc: 24.59%, Loss: 1.7858
Epoch: 12, Batch: 2480, Acc: 24.57%, Loss: 1.8354
Epoch: 12, Batch: 2490, Acc: 24.57%, Loss: 1.8355
Epoch: 12, Batch: 2500, Acc: 24.57%, Loss: 1.7856
Epoch: 12, Batch: 2510, Acc: 24.57%, Loss: 1.8050
Epoch: 12, Batch: 2520, Acc: 24.59%, Loss: 1.7322
Epoch: 12, Batch: 2530, Acc: 24.59%, Loss: 1.7476
Epoch: 12, Batch: 2540, Acc: 24.59%, Loss: 1.7685
Epoch: 12, Batch: 2550, Acc: 24.59%, Loss: 1.7799
Epoch: 12, Batch: 2560, Acc: 24.58%, Loss: 1.7695
Epoch: 12, Batch: 2570, Acc: 24.58%, Loss: 1.7990
Epoch: 12, Batch: 2580, Acc: 24.58%, Loss: 1.7932
Epoch: 12, Batch: 2590, Acc: 24.57%, Loss: 1.7960
Epoch: 12, Batch: 2600, Acc: 24.57%, Loss: 1.7804
Epoch: 12, Batch: 2610, Acc: 24.57%, Loss: 1.8230
Epoch: 12, Batch: 2620, Acc: 24.56%, Loss: 1.7876
Epoch: 12, Batch: 2630, Acc: 24.56%, Loss: 1.7725
Epoch: 12, Batch: 2640, Acc: 24.55%, Loss: 1.7984
Epoch: 12, Batch: 2650, Acc: 24.55%, Loss: 1.7979
Epoch: 12, Batch: 2660, Acc: 24.55%, Loss: 1.7596
Epoch: 12, Batch: 2670, Acc: 24.56%, Loss: 1.7596
Epoch: 12, Batch: 2680, Acc: 24.55%, Loss: 1.8322
Epoch: 12, Batch: 2690, Acc: 24.56%, Loss: 1.7648
Epoch: 12, Batch: 2700, Acc: 24.55%, Loss: 1.7916
Epoch: 12, Batch: 2710, Acc: 24.56%, Loss: 1.7595
Epoch: 12, Batch: 2720, Acc: 24.56%, Loss: 1.7794
Epoch: 12, Batch: 2730, Acc: 24.56%, Loss: 1.7910
Epoch: 12, Batch: 2740, Acc: 24.54%, Loss: 1.8303
Epoch: 12, Batch: 2750, Acc: 24.55%, Loss: 1.7616
Epoch: 12, Batch: 2760, Acc: 24.54%, Loss: 1.8131
Epoch: 12, Batch: 2770, Acc: 24.54%, Loss: 1.7697
Epoch: 12, Batch: 2780, Acc: 24.54%, Loss: 1.7656
Epoch: 12, Batch: 2790, Acc: 24.54%, Loss: 1.8114
Epoch: 12, Batch: 2800, Acc: 24.54%, Loss: 1.7768
Epoch: 12, Batch: 2810, Acc: 24.54%, Loss: 1.8076
Epoch: 12, Batch: 2820, Acc: 24.53%, Loss: 1.7979
Epoch: 12, Batch: 2830, Acc: 24.54%, Loss: 1.7827
Epoch: 12, Batch: 2840, Acc: 24.54%, Loss: 1.7882
Epoch: 12, Batch: 2850, Acc: 24.55%, Loss: 1.7430
Epoch: 12, Batch: 2860, Acc: 24.55%, Loss: 1.7847
Epoch: 12, Batch: 2870, Acc: 24.56%, Loss: 1.7622
Epoch: 12, Batch: 2880, Acc: 24.56%, Loss: 1.8308
Accuracy on test set: 46.73%, Val loss: 2.2180
Epoch 12: train_loss=1.7854, val_acc=46.73, best_val_acc=46.78, es_counter=3
Epoch: 13, Batch: 10, Acc: 24.69%, Loss: 1.7647
Epoch: 13, Batch: 20, Acc: 24.30%, Loss: 1.7933
Epoch: 13, Batch: 30, Acc: 24.58%, Loss: 1.7951
Epoch: 13, Batch: 40, Acc: 23.95%, Loss: 1.8188
Epoch: 13, Batch: 50, Acc: 24.00%, Loss: 1.7729
Epoch: 13, Batch: 60, Acc: 24.06%, Loss: 1.7700
Epoch: 13, Batch: 70, Acc: 24.15%, Loss: 1.7933
Epoch: 13, Batch: 80, Acc: 24.39%, Loss: 1.7940
Epoch: 13, Batch: 90, Acc: 24.38%, Loss: 1.7848
Epoch: 13, Batch: 100, Acc: 24.27%, Loss: 1.8159
Epoch: 13, Batch: 110, Acc: 24.20%, Loss: 1.7666
Epoch: 13, Batch: 120, Acc: 24.04%, Loss: 1.8153
Epoch: 13, Batch: 130, Acc: 24.10%, Loss: 1.7888
Epoch: 13, Batch: 140, Acc: 24.15%, Loss: 1.7767
Epoch: 13, Batch: 150, Acc: 24.33%, Loss: 1.7516
Epoch: 13, Batch: 160, Acc: 24.53%, Loss: 1.7713
Epoch: 13, Batch: 170, Acc: 24.71%, Loss: 1.7626
Epoch: 13, Batch: 180, Acc: 24.57%, Loss: 1.7837
Epoch: 13, Batch: 190, Acc: 24.67%, Loss: 1.7750
Epoch: 13, Batch: 200, Acc: 24.59%, Loss: 1.7718
Epoch: 13, Batch: 210, Acc: 24.83%, Loss: 1.7570
Epoch: 13, Batch: 220, Acc: 24.79%, Loss: 1.7715
Epoch: 13, Batch: 230, Acc: 24.78%, Loss: 1.7618
Epoch: 13, Batch: 240, Acc: 24.67%, Loss: 1.8450
Epoch: 13, Batch: 250, Acc: 24.62%, Loss: 1.7884
Epoch: 13, Batch: 260, Acc: 24.62%, Loss: 1.7873
Epoch: 13, Batch: 270, Acc: 24.67%, Loss: 1.7677
Epoch: 13, Batch: 280, Acc: 24.60%, Loss: 1.8204
Epoch: 13, Batch: 290, Acc: 24.57%, Loss: 1.7919
Epoch: 13, Batch: 300, Acc: 24.60%, Loss: 1.7628
Epoch: 13, Batch: 310, Acc: 24.62%, Loss: 1.7936
Epoch: 13, Batch: 320, Acc: 24.63%, Loss: 1.7769
Epoch: 13, Batch: 330, Acc: 24.68%, Loss: 1.7367
Epoch: 13, Batch: 340, Acc: 24.68%, Loss: 1.7906
Epoch: 13, Batch: 350, Acc: 24.63%, Loss: 1.7920
Epoch: 13, Batch: 360, Acc: 24.66%, Loss: 1.7646
Epoch: 13, Batch: 370, Acc: 24.69%, Loss: 1.7871
Epoch: 13, Batch: 380, Acc: 24.70%, Loss: 1.8046
Epoch: 13, Batch: 390, Acc: 24.61%, Loss: 1.8009
Epoch: 13, Batch: 400, Acc: 24.59%, Loss: 1.8134
Epoch: 13, Batch: 410, Acc: 24.51%, Loss: 1.8110
Epoch: 13, Batch: 420, Acc: 24.48%, Loss: 1.8109
Epoch: 13, Batch: 430, Acc: 24.44%, Loss: 1.7791
Epoch: 13, Batch: 440, Acc: 24.47%, Loss: 1.7754
Epoch: 13, Batch: 450, Acc: 24.48%, Loss: 1.7911
Epoch: 13, Batch: 460, Acc: 24.54%, Loss: 1.7705
Epoch: 13, Batch: 470, Acc: 24.50%, Loss: 1.8151
Epoch: 13, Batch: 480, Acc: 24.54%, Loss: 1.7509
Epoch: 13, Batch: 490, Acc: 24.51%, Loss: 1.8039
Epoch: 13, Batch: 500, Acc: 24.52%, Loss: 1.7981
Epoch: 13, Batch: 510, Acc: 24.52%, Loss: 1.7775
Epoch: 13, Batch: 520, Acc: 24.54%, Loss: 1.7797
Epoch: 13, Batch: 530, Acc: 24.51%, Loss: 1.7980
Epoch: 13, Batch: 540, Acc: 24.53%, Loss: 1.7869
Epoch: 13, Batch: 550, Acc: 24.58%, Loss: 1.7480
Epoch: 13, Batch: 560, Acc: 24.51%, Loss: 1.8310
Epoch: 13, Batch: 570, Acc: 24.55%, Loss: 1.7742
Epoch: 13, Batch: 580, Acc: 24.58%, Loss: 1.7803
Epoch: 13, Batch: 590, Acc: 24.59%, Loss: 1.8009
Epoch: 13, Batch: 600, Acc: 24.59%, Loss: 1.7693
Epoch: 13, Batch: 610, Acc: 24.58%, Loss: 1.8211
Epoch: 13, Batch: 620, Acc: 24.60%, Loss: 1.7444
Epoch: 13, Batch: 630, Acc: 24.56%, Loss: 1.8221
Epoch: 13, Batch: 640, Acc: 24.60%, Loss: 1.7419
Epoch: 13, Batch: 650, Acc: 24.57%, Loss: 1.8098
Epoch: 13, Batch: 660, Acc: 24.57%, Loss: 1.7852
Epoch: 13, Batch: 670, Acc: 24.60%, Loss: 1.7957
Epoch: 13, Batch: 680, Acc: 24.59%, Loss: 1.7932
Epoch: 13, Batch: 690, Acc: 24.60%, Loss: 1.7714
Epoch: 13, Batch: 700, Acc: 24.57%, Loss: 1.8233
Epoch: 13, Batch: 710, Acc: 24.56%, Loss: 1.7938
Epoch: 13, Batch: 720, Acc: 24.58%, Loss: 1.7992
Epoch: 13, Batch: 730, Acc: 24.58%, Loss: 1.7630
Epoch: 13, Batch: 740, Acc: 24.58%, Loss: 1.7722
Epoch: 13, Batch: 750, Acc: 24.59%, Loss: 1.7828
Epoch: 13, Batch: 760, Acc: 24.57%, Loss: 1.7868
Epoch: 13, Batch: 770, Acc: 24.59%, Loss: 1.7598
Epoch: 13, Batch: 780, Acc: 24.58%, Loss: 1.8082
Epoch: 13, Batch: 790, Acc: 24.55%, Loss: 1.7996
Epoch: 13, Batch: 800, Acc: 24.57%, Loss: 1.7698
Epoch: 13, Batch: 810, Acc: 24.60%, Loss: 1.7385
Epoch: 13, Batch: 820, Acc: 24.62%, Loss: 1.7953
Epoch: 13, Batch: 830, Acc: 24.62%, Loss: 1.7661
Epoch: 13, Batch: 840, Acc: 24.61%, Loss: 1.8003
Epoch: 13, Batch: 850, Acc: 24.59%, Loss: 1.7857
Epoch: 13, Batch: 860, Acc: 24.57%, Loss: 1.7799
Epoch: 13, Batch: 870, Acc: 24.58%, Loss: 1.8035
Epoch: 13, Batch: 880, Acc: 24.58%, Loss: 1.8017
Epoch: 13, Batch: 890, Acc: 24.59%, Loss: 1.7782
Epoch: 13, Batch: 900, Acc: 24.60%, Loss: 1.7738
Epoch: 13, Batch: 910, Acc: 24.59%, Loss: 1.7774
Epoch: 13, Batch: 920, Acc: 24.59%, Loss: 1.7555
Epoch: 13, Batch: 930, Acc: 24.61%, Loss: 1.7955
Epoch: 13, Batch: 940, Acc: 24.63%, Loss: 1.7718
Epoch: 13, Batch: 950, Acc: 24.63%, Loss: 1.7888
Epoch: 13, Batch: 960, Acc: 24.62%, Loss: 1.7486
Epoch: 13, Batch: 970, Acc: 24.61%, Loss: 1.8183
Epoch: 13, Batch: 980, Acc: 24.62%, Loss: 1.7871
Epoch: 13, Batch: 990, Acc: 24.63%, Loss: 1.7399
Epoch: 13, Batch: 1000, Acc: 24.65%, Loss: 1.7581
Epoch: 13, Batch: 1010, Acc: 24.66%, Loss: 1.7709
Epoch: 13, Batch: 1020, Acc: 24.67%, Loss: 1.7422
Epoch: 13, Batch: 1030, Acc: 24.65%, Loss: 1.8310
Epoch: 13, Batch: 1040, Acc: 24.67%, Loss: 1.7655
Epoch: 13, Batch: 1050, Acc: 24.67%, Loss: 1.7920
Epoch: 13, Batch: 1060, Acc: 24.67%, Loss: 1.7687
Epoch: 13, Batch: 1070, Acc: 24.67%, Loss: 1.7797
Epoch: 13, Batch: 1080, Acc: 24.67%, Loss: 1.7874
Epoch: 13, Batch: 1090, Acc: 24.66%, Loss: 1.8212
Epoch: 13, Batch: 1100, Acc: 24.67%, Loss: 1.7984
Epoch: 13, Batch: 1110, Acc: 24.67%, Loss: 1.8055
Epoch: 13, Batch: 1120, Acc: 24.67%, Loss: 1.7840
Epoch: 13, Batch: 1130, Acc: 24.68%, Loss: 1.7738
Epoch: 13, Batch: 1140, Acc: 24.69%, Loss: 1.7585
Epoch: 13, Batch: 1150, Acc: 24.71%, Loss: 1.7623
Epoch: 13, Batch: 1160, Acc: 24.70%, Loss: 1.7704
Epoch: 13, Batch: 1170, Acc: 24.70%, Loss: 1.7977
Epoch: 13, Batch: 1180, Acc: 24.69%, Loss: 1.7620
Epoch: 13, Batch: 1190, Acc: 24.67%, Loss: 1.8064
Epoch: 13, Batch: 1200, Acc: 24.65%, Loss: 1.7930
Epoch: 13, Batch: 1210, Acc: 24.64%, Loss: 1.8059
Epoch: 13, Batch: 1220, Acc: 24.64%, Loss: 1.8093
Epoch: 13, Batch: 1230, Acc: 24.61%, Loss: 1.7937
Epoch: 13, Batch: 1240, Acc: 24.63%, Loss: 1.7799
Epoch: 13, Batch: 1250, Acc: 24.62%, Loss: 1.7968
Epoch: 13, Batch: 1260, Acc: 24.61%, Loss: 1.8249
Epoch: 13, Batch: 1270, Acc: 24.62%, Loss: 1.7845
Epoch: 13, Batch: 1280, Acc: 24.60%, Loss: 1.7626
Epoch: 13, Batch: 1290, Acc: 24.59%, Loss: 1.8147
Epoch: 13, Batch: 1300, Acc: 24.61%, Loss: 1.7626
Epoch: 13, Batch: 1310, Acc: 24.61%, Loss: 1.7750
Epoch: 13, Batch: 1320, Acc: 24.60%, Loss: 1.8119
Epoch: 13, Batch: 1330, Acc: 24.60%, Loss: 1.7831
Epoch: 13, Batch: 1340, Acc: 24.61%, Loss: 1.7526
Epoch: 13, Batch: 1350, Acc: 24.61%, Loss: 1.7738
Epoch: 13, Batch: 1360, Acc: 24.62%, Loss: 1.7826
Epoch: 13, Batch: 1370, Acc: 24.62%, Loss: 1.7834
Epoch: 13, Batch: 1380, Acc: 24.62%, Loss: 1.7856
Epoch: 13, Batch: 1390, Acc: 24.62%, Loss: 1.7797
Epoch: 13, Batch: 1400, Acc: 24.60%, Loss: 1.7971
Epoch: 13, Batch: 1410, Acc: 24.61%, Loss: 1.7574
Epoch: 13, Batch: 1420, Acc: 24.61%, Loss: 1.7883
Epoch: 13, Batch: 1430, Acc: 24.60%, Loss: 1.7821
Epoch: 13, Batch: 1440, Acc: 24.60%, Loss: 1.7781
Epoch: 13, Batch: 1450, Acc: 24.59%, Loss: 1.7907
Epoch: 13, Batch: 1460, Acc: 24.58%, Loss: 1.7783
Epoch: 13, Batch: 1470, Acc: 24.56%, Loss: 1.8315
Epoch: 13, Batch: 1480, Acc: 24.56%, Loss: 1.8398
Epoch: 13, Batch: 1490, Acc: 24.55%, Loss: 1.8217
Epoch: 13, Batch: 1500, Acc: 24.57%, Loss: 1.7414
Epoch: 13, Batch: 1510, Acc: 24.59%, Loss: 1.7700
Epoch: 13, Batch: 1520, Acc: 24.59%, Loss: 1.7883
Epoch: 13, Batch: 1530, Acc: 24.59%, Loss: 1.7781
Epoch: 13, Batch: 1540, Acc: 24.57%, Loss: 1.7943
Epoch: 13, Batch: 1550, Acc: 24.58%, Loss: 1.7679
Epoch: 13, Batch: 1560, Acc: 24.56%, Loss: 1.8220
Epoch: 13, Batch: 1570, Acc: 24.57%, Loss: 1.7432
Epoch: 13, Batch: 1580, Acc: 24.58%, Loss: 1.7745
Epoch: 13, Batch: 1590, Acc: 24.57%, Loss: 1.7798
Epoch: 13, Batch: 1600, Acc: 24.57%, Loss: 1.7698
Epoch: 13, Batch: 1610, Acc: 24.58%, Loss: 1.7737
Epoch: 13, Batch: 1620, Acc: 24.58%, Loss: 1.8201
Epoch: 13, Batch: 1630, Acc: 24.58%, Loss: 1.7663
Epoch: 13, Batch: 1640, Acc: 24.58%, Loss: 1.7801
Epoch: 13, Batch: 1650, Acc: 24.57%, Loss: 1.7916
Epoch: 13, Batch: 1660, Acc: 24.58%, Loss: 1.7636
Epoch: 13, Batch: 1670, Acc: 24.59%, Loss: 1.7987
Epoch: 13, Batch: 1680, Acc: 24.57%, Loss: 1.8344
Epoch: 13, Batch: 1690, Acc: 24.57%, Loss: 1.7938
Epoch: 13, Batch: 1700, Acc: 24.60%, Loss: 1.7345
Epoch: 13, Batch: 1710, Acc: 24.58%, Loss: 1.7886
Epoch: 13, Batch: 1720, Acc: 24.56%, Loss: 1.8080
Epoch: 13, Batch: 1730, Acc: 24.55%, Loss: 1.8342
Epoch: 13, Batch: 1740, Acc: 24.55%, Loss: 1.7915
Epoch: 13, Batch: 1750, Acc: 24.56%, Loss: 1.7677
Epoch: 13, Batch: 1760, Acc: 24.55%, Loss: 1.8231
Epoch: 13, Batch: 1770, Acc: 24.55%, Loss: 1.7726
Epoch: 13, Batch: 1780, Acc: 24.55%, Loss: 1.7818
Epoch: 13, Batch: 1790, Acc: 24.55%, Loss: 1.7848
Epoch: 13, Batch: 1800, Acc: 24.54%, Loss: 1.8116
Epoch: 13, Batch: 1810, Acc: 24.53%, Loss: 1.8177
Epoch: 13, Batch: 1820, Acc: 24.54%, Loss: 1.7249
Epoch: 13, Batch: 1830, Acc: 24.53%, Loss: 1.8264
Epoch: 13, Batch: 1840, Acc: 24.54%, Loss: 1.7956
Epoch: 13, Batch: 1850, Acc: 24.53%, Loss: 1.7472
Epoch: 13, Batch: 1860, Acc: 24.55%, Loss: 1.7667
Epoch: 13, Batch: 1870, Acc: 24.55%, Loss: 1.7725
Epoch: 13, Batch: 1880, Acc: 24.57%, Loss: 1.7059
Epoch: 13, Batch: 1890, Acc: 24.55%, Loss: 1.8282
Epoch: 13, Batch: 1900, Acc: 24.55%, Loss: 1.8048
Epoch: 13, Batch: 1910, Acc: 24.56%, Loss: 1.7446
Epoch: 13, Batch: 1920, Acc: 24.54%, Loss: 1.8129
Epoch: 13, Batch: 1930, Acc: 24.55%, Loss: 1.7528
Epoch: 13, Batch: 1940, Acc: 24.53%, Loss: 1.7699
Epoch: 13, Batch: 1950, Acc: 24.52%, Loss: 1.8088
Epoch: 13, Batch: 1960, Acc: 24.53%, Loss: 1.7381
Epoch: 13, Batch: 1970, Acc: 24.55%, Loss: 1.7518
Epoch: 13, Batch: 1980, Acc: 24.55%, Loss: 1.7893
Epoch: 13, Batch: 1990, Acc: 24.56%, Loss: 1.7327
Epoch: 13, Batch: 2000, Acc: 24.55%, Loss: 1.7968
Epoch: 13, Batch: 2010, Acc: 24.55%, Loss: 1.7886
Epoch: 13, Batch: 2020, Acc: 24.55%, Loss: 1.8033
Epoch: 13, Batch: 2030, Acc: 24.54%, Loss: 1.7770
Epoch: 13, Batch: 2040, Acc: 24.53%, Loss: 1.8106
Epoch: 13, Batch: 2050, Acc: 24.53%, Loss: 1.7986
Epoch: 13, Batch: 2060, Acc: 24.52%, Loss: 1.7930
Epoch: 13, Batch: 2070, Acc: 24.52%, Loss: 1.8058
Epoch: 13, Batch: 2080, Acc: 24.53%, Loss: 1.7976
Epoch: 13, Batch: 2090, Acc: 24.53%, Loss: 1.7837
Epoch: 13, Batch: 2100, Acc: 24.54%, Loss: 1.7393
Epoch: 13, Batch: 2110, Acc: 24.55%, Loss: 1.7881
Epoch: 13, Batch: 2120, Acc: 24.54%, Loss: 1.8128
Epoch: 13, Batch: 2130, Acc: 24.53%, Loss: 1.8142
Epoch: 13, Batch: 2140, Acc: 24.52%, Loss: 1.7878
Epoch: 13, Batch: 2150, Acc: 24.52%, Loss: 1.8291
Epoch: 13, Batch: 2160, Acc: 24.52%, Loss: 1.7825
Epoch: 13, Batch: 2170, Acc: 24.51%, Loss: 1.8101
Epoch: 13, Batch: 2180, Acc: 24.52%, Loss: 1.7779
Epoch: 13, Batch: 2190, Acc: 24.52%, Loss: 1.7674
Epoch: 13, Batch: 2200, Acc: 24.52%, Loss: 1.7861
Epoch: 13, Batch: 2210, Acc: 24.50%, Loss: 1.8448
Epoch: 13, Batch: 2220, Acc: 24.50%, Loss: 1.7584
Epoch: 13, Batch: 2230, Acc: 24.50%, Loss: 1.8011
Epoch: 13, Batch: 2240, Acc: 24.51%, Loss: 1.7729
Epoch: 13, Batch: 2250, Acc: 24.51%, Loss: 1.7838
Epoch: 13, Batch: 2260, Acc: 24.49%, Loss: 1.8469
Epoch: 13, Batch: 2270, Acc: 24.49%, Loss: 1.8136
Epoch: 13, Batch: 2280, Acc: 24.50%, Loss: 1.7777
Epoch: 13, Batch: 2290, Acc: 24.50%, Loss: 1.7848
Epoch: 13, Batch: 2300, Acc: 24.50%, Loss: 1.8150
Epoch: 13, Batch: 2310, Acc: 24.51%, Loss: 1.7872
Epoch: 13, Batch: 2320, Acc: 24.52%, Loss: 1.7785
Epoch: 13, Batch: 2330, Acc: 24.51%, Loss: 1.8010
Epoch: 13, Batch: 2340, Acc: 24.51%, Loss: 1.7787
Epoch: 13, Batch: 2350, Acc: 24.50%, Loss: 1.7725
Epoch: 13, Batch: 2360, Acc: 24.51%, Loss: 1.7547
Epoch: 13, Batch: 2370, Acc: 24.52%, Loss: 1.7652
Epoch: 13, Batch: 2380, Acc: 24.51%, Loss: 1.7742
Epoch: 13, Batch: 2390, Acc: 24.52%, Loss: 1.7633
Epoch: 13, Batch: 2400, Acc: 24.54%, Loss: 1.7492
Epoch: 13, Batch: 2410, Acc: 24.55%, Loss: 1.7459
Epoch: 13, Batch: 2420, Acc: 24.55%, Loss: 1.8137
Epoch: 13, Batch: 2430, Acc: 24.55%, Loss: 1.7816
Epoch: 13, Batch: 2440, Acc: 24.55%, Loss: 1.7901
Epoch: 13, Batch: 2450, Acc: 24.56%, Loss: 1.7814
Epoch: 13, Batch: 2460, Acc: 24.55%, Loss: 1.8100
Epoch: 13, Batch: 2470, Acc: 24.55%, Loss: 1.8030
Epoch: 13, Batch: 2480, Acc: 24.54%, Loss: 1.8100
Epoch: 13, Batch: 2490, Acc: 24.53%, Loss: 1.8130
Epoch: 13, Batch: 2500, Acc: 24.53%, Loss: 1.7972
Epoch: 13, Batch: 2510, Acc: 24.53%, Loss: 1.8102
Epoch: 13, Batch: 2520, Acc: 24.53%, Loss: 1.7742
Epoch: 13, Batch: 2530, Acc: 24.54%, Loss: 1.7774
Epoch: 13, Batch: 2540, Acc: 24.53%, Loss: 1.8016
Epoch: 13, Batch: 2550, Acc: 24.53%, Loss: 1.8049
Epoch: 13, Batch: 2560, Acc: 24.53%, Loss: 1.7587
Epoch: 13, Batch: 2570, Acc: 24.53%, Loss: 1.7661
Epoch: 13, Batch: 2580, Acc: 24.54%, Loss: 1.7437
Epoch: 13, Batch: 2590, Acc: 24.55%, Loss: 1.7641
Epoch: 13, Batch: 2600, Acc: 24.55%, Loss: 1.7551
Epoch: 13, Batch: 2610, Acc: 24.54%, Loss: 1.8094
Epoch: 13, Batch: 2620, Acc: 24.54%, Loss: 1.7772
Epoch: 13, Batch: 2630, Acc: 24.55%, Loss: 1.7420
Epoch: 13, Batch: 2640, Acc: 24.56%, Loss: 1.7814
Epoch: 13, Batch: 2650, Acc: 24.56%, Loss: 1.7875
Epoch: 13, Batch: 2660, Acc: 24.58%, Loss: 1.7526
Epoch: 13, Batch: 2670, Acc: 24.57%, Loss: 1.8243
Epoch: 13, Batch: 2680, Acc: 24.58%, Loss: 1.7989
Epoch: 13, Batch: 2690, Acc: 24.59%, Loss: 1.7682
Epoch: 13, Batch: 2700, Acc: 24.58%, Loss: 1.7942
Epoch: 13, Batch: 2710, Acc: 24.59%, Loss: 1.7454
Epoch: 13, Batch: 2720, Acc: 24.59%, Loss: 1.7479
Epoch: 13, Batch: 2730, Acc: 24.58%, Loss: 1.8152
Epoch: 13, Batch: 2740, Acc: 24.58%, Loss: 1.7837
Epoch: 13, Batch: 2750, Acc: 24.59%, Loss: 1.7845
Epoch: 13, Batch: 2760, Acc: 24.59%, Loss: 1.7903
Epoch: 13, Batch: 2770, Acc: 24.61%, Loss: 1.7334
Epoch: 13, Batch: 2780, Acc: 24.62%, Loss: 1.7819
Epoch: 13, Batch: 2790, Acc: 24.62%, Loss: 1.7763
Epoch: 13, Batch: 2800, Acc: 24.61%, Loss: 1.8253
Epoch: 13, Batch: 2810, Acc: 24.62%, Loss: 1.7900
Epoch: 13, Batch: 2820, Acc: 24.63%, Loss: 1.7427
Epoch: 13, Batch: 2830, Acc: 24.62%, Loss: 1.8181
Epoch: 13, Batch: 2840, Acc: 24.63%, Loss: 1.7901
Epoch: 13, Batch: 2850, Acc: 24.63%, Loss: 1.8112
Epoch: 13, Batch: 2860, Acc: 24.63%, Loss: 1.8020
Epoch: 13, Batch: 2870, Acc: 24.62%, Loss: 1.7977
Epoch: 13, Batch: 2880, Acc: 24.62%, Loss: 1.7593
Accuracy on test set: 46.42%, Val loss: 2.2235
Epoch 13: train_loss=1.7850, val_acc=46.42, best_val_acc=46.78, es_counter=4
Epoch: 14, Batch: 10, Acc: 24.22%, Loss: 1.7828
Epoch: 14, Batch: 20, Acc: 24.84%, Loss: 1.7860
Epoch: 14, Batch: 30, Acc: 24.64%, Loss: 1.8010
Epoch: 14, Batch: 40, Acc: 24.69%, Loss: 1.7682
Epoch: 14, Batch: 50, Acc: 24.88%, Loss: 1.7783
Epoch: 14, Batch: 60, Acc: 25.39%, Loss: 1.7667
Epoch: 14, Batch: 70, Acc: 25.36%, Loss: 1.7870
Epoch: 14, Batch: 80, Acc: 25.47%, Loss: 1.7919
Epoch: 14, Batch: 90, Acc: 25.62%, Loss: 1.7552
Epoch: 14, Batch: 100, Acc: 25.23%, Loss: 1.8125
Epoch: 14, Batch: 110, Acc: 25.17%, Loss: 1.7604
Epoch: 14, Batch: 120, Acc: 25.16%, Loss: 1.8108
Epoch: 14, Batch: 130, Acc: 25.14%, Loss: 1.7970
Epoch: 14, Batch: 140, Acc: 25.03%, Loss: 1.8047
Epoch: 14, Batch: 150, Acc: 25.10%, Loss: 1.7857
Epoch: 14, Batch: 160, Acc: 25.15%, Loss: 1.7780
Epoch: 14, Batch: 170, Acc: 25.12%, Loss: 1.7778
Epoch: 14, Batch: 180, Acc: 25.17%, Loss: 1.8184
Epoch: 14, Batch: 190, Acc: 25.24%, Loss: 1.7332
Epoch: 14, Batch: 200, Acc: 25.41%, Loss: 1.7113
Epoch: 14, Batch: 210, Acc: 25.32%, Loss: 1.7837
Epoch: 14, Batch: 220, Acc: 25.36%, Loss: 1.7495
Epoch: 14, Batch: 230, Acc: 25.36%, Loss: 1.7858
Epoch: 14, Batch: 240, Acc: 25.36%, Loss: 1.7762
Epoch: 14, Batch: 250, Acc: 25.41%, Loss: 1.7798
Epoch: 14, Batch: 260, Acc: 25.25%, Loss: 1.8258
Epoch: 14, Batch: 270, Acc: 25.19%, Loss: 1.7918
Epoch: 14, Batch: 280, Acc: 25.14%, Loss: 1.8342
Epoch: 14, Batch: 290, Acc: 25.08%, Loss: 1.7793
Epoch: 14, Batch: 300, Acc: 25.04%, Loss: 1.7921
Epoch: 14, Batch: 310, Acc: 25.08%, Loss: 1.7264
Epoch: 14, Batch: 320, Acc: 25.10%, Loss: 1.7920
Epoch: 14, Batch: 330, Acc: 25.02%, Loss: 1.8310
Epoch: 14, Batch: 340, Acc: 24.95%, Loss: 1.8071
Epoch: 14, Batch: 350, Acc: 24.95%, Loss: 1.7862
Epoch: 14, Batch: 360, Acc: 24.89%, Loss: 1.7956
Epoch: 14, Batch: 370, Acc: 24.95%, Loss: 1.7692
Epoch: 14, Batch: 380, Acc: 24.98%, Loss: 1.7906
Epoch: 14, Batch: 390, Acc: 24.94%, Loss: 1.7946
Epoch: 14, Batch: 400, Acc: 24.88%, Loss: 1.7894
Epoch: 14, Batch: 410, Acc: 24.80%, Loss: 1.8151
Epoch: 14, Batch: 420, Acc: 24.85%, Loss: 1.7879
Epoch: 14, Batch: 430, Acc: 24.89%, Loss: 1.7259
Epoch: 14, Batch: 440, Acc: 24.90%, Loss: 1.7705
Epoch: 14, Batch: 450, Acc: 24.91%, Loss: 1.7571
Epoch: 14, Batch: 460, Acc: 24.94%, Loss: 1.7773
Epoch: 14, Batch: 470, Acc: 24.91%, Loss: 1.7880
Epoch: 14, Batch: 480, Acc: 24.87%, Loss: 1.8348
Epoch: 14, Batch: 490, Acc: 24.88%, Loss: 1.7861
Epoch: 14, Batch: 500, Acc: 24.86%, Loss: 1.7945
Epoch: 14, Batch: 510, Acc: 24.83%, Loss: 1.7753
Epoch: 14, Batch: 520, Acc: 24.80%, Loss: 1.7941
Epoch: 14, Batch: 530, Acc: 24.83%, Loss: 1.7433
Epoch: 14, Batch: 540, Acc: 24.86%, Loss: 1.7694
Epoch: 14, Batch: 550, Acc: 24.81%, Loss: 1.8273
Epoch: 14, Batch: 560, Acc: 24.84%, Loss: 1.7964
Epoch: 14, Batch: 570, Acc: 24.85%, Loss: 1.8068
Epoch: 14, Batch: 580, Acc: 24.87%, Loss: 1.7586
Epoch: 14, Batch: 590, Acc: 24.89%, Loss: 1.7829
Epoch: 14, Batch: 600, Acc: 24.87%, Loss: 1.7972
Epoch: 14, Batch: 610, Acc: 24.91%, Loss: 1.7453
Epoch: 14, Batch: 620, Acc: 24.91%, Loss: 1.7859
Epoch: 14, Batch: 630, Acc: 24.90%, Loss: 1.7849
Epoch: 14, Batch: 640, Acc: 24.94%, Loss: 1.7189
Epoch: 14, Batch: 650, Acc: 24.87%, Loss: 1.8405
Epoch: 14, Batch: 660, Acc: 24.87%, Loss: 1.7856
Epoch: 14, Batch: 670, Acc: 24.88%, Loss: 1.7669
Epoch: 14, Batch: 680, Acc: 24.86%, Loss: 1.7973
Epoch: 14, Batch: 690, Acc: 24.84%, Loss: 1.7872
Epoch: 14, Batch: 700, Acc: 24.80%, Loss: 1.7836
Epoch: 14, Batch: 710, Acc: 24.80%, Loss: 1.8006
Epoch: 14, Batch: 720, Acc: 24.82%, Loss: 1.7594
Epoch: 14, Batch: 730, Acc: 24.79%, Loss: 1.8049
Epoch: 14, Batch: 740, Acc: 24.75%, Loss: 1.8326
Epoch: 14, Batch: 750, Acc: 24.74%, Loss: 1.7997
Epoch: 14, Batch: 760, Acc: 24.77%, Loss: 1.7347
Epoch: 14, Batch: 770, Acc: 24.78%, Loss: 1.7756
Epoch: 14, Batch: 780, Acc: 24.73%, Loss: 1.8305
Epoch: 14, Batch: 790, Acc: 24.73%, Loss: 1.7957
Epoch: 14, Batch: 800, Acc: 24.74%, Loss: 1.7602
Epoch: 14, Batch: 810, Acc: 24.75%, Loss: 1.7778
Epoch: 14, Batch: 820, Acc: 24.75%, Loss: 1.8230
Epoch: 14, Batch: 830, Acc: 24.74%, Loss: 1.7862
Epoch: 14, Batch: 840, Acc: 24.74%, Loss: 1.8004
Epoch: 14, Batch: 850, Acc: 24.76%, Loss: 1.8088
Epoch: 14, Batch: 860, Acc: 24.73%, Loss: 1.7740
Epoch: 14, Batch: 870, Acc: 24.75%, Loss: 1.7870
Epoch: 14, Batch: 880, Acc: 24.79%, Loss: 1.7361
Epoch: 14, Batch: 890, Acc: 24.80%, Loss: 1.7370
Epoch: 14, Batch: 900, Acc: 24.76%, Loss: 1.8243
Epoch: 14, Batch: 910, Acc: 24.77%, Loss: 1.7478
Epoch: 14, Batch: 920, Acc: 24.75%, Loss: 1.7924
Epoch: 14, Batch: 930, Acc: 24.77%, Loss: 1.7973
Epoch: 14, Batch: 940, Acc: 24.75%, Loss: 1.7927
Epoch: 14, Batch: 950, Acc: 24.75%, Loss: 1.7602
Epoch: 14, Batch: 960, Acc: 24.76%, Loss: 1.7787
Epoch: 14, Batch: 970, Acc: 24.74%, Loss: 1.7890
Epoch: 14, Batch: 980, Acc: 24.76%, Loss: 1.7666
Epoch: 14, Batch: 990, Acc: 24.74%, Loss: 1.8329
Epoch: 14, Batch: 1000, Acc: 24.74%, Loss: 1.7704
Epoch: 14, Batch: 1010, Acc: 24.77%, Loss: 1.7747
Epoch: 14, Batch: 1020, Acc: 24.76%, Loss: 1.8032
Epoch: 14, Batch: 1030, Acc: 24.74%, Loss: 1.8072
Epoch: 14, Batch: 1040, Acc: 24.74%, Loss: 1.7870
Epoch: 14, Batch: 1050, Acc: 24.73%, Loss: 1.8041
Epoch: 14, Batch: 1060, Acc: 24.71%, Loss: 1.7897
Epoch: 14, Batch: 1070, Acc: 24.72%, Loss: 1.7819
Epoch: 14, Batch: 1080, Acc: 24.73%, Loss: 1.7796
Epoch: 14, Batch: 1090, Acc: 24.72%, Loss: 1.8045
Epoch: 14, Batch: 1100, Acc: 24.71%, Loss: 1.7913
Epoch: 14, Batch: 1110, Acc: 24.71%, Loss: 1.7634
Epoch: 14, Batch: 1120, Acc: 24.74%, Loss: 1.7501
Epoch: 14, Batch: 1130, Acc: 24.74%, Loss: 1.7950
Epoch: 14, Batch: 1140, Acc: 24.75%, Loss: 1.7743
Epoch: 14, Batch: 1150, Acc: 24.76%, Loss: 1.7681
Epoch: 14, Batch: 1160, Acc: 24.74%, Loss: 1.8223
Epoch: 14, Batch: 1170, Acc: 24.71%, Loss: 1.8395
Epoch: 14, Batch: 1180, Acc: 24.71%, Loss: 1.7993
Epoch: 14, Batch: 1190, Acc: 24.73%, Loss: 1.7377
Epoch: 14, Batch: 1200, Acc: 24.76%, Loss: 1.7156
Epoch: 14, Batch: 1210, Acc: 24.76%, Loss: 1.7535
Epoch: 14, Batch: 1220, Acc: 24.75%, Loss: 1.7759
Epoch: 14, Batch: 1230, Acc: 24.75%, Loss: 1.7794
Epoch: 14, Batch: 1240, Acc: 24.76%, Loss: 1.7341
Epoch: 14, Batch: 1250, Acc: 24.76%, Loss: 1.7602
Epoch: 14, Batch: 1260, Acc: 24.75%, Loss: 1.7841
Epoch: 14, Batch: 1270, Acc: 24.74%, Loss: 1.7990
Epoch: 14, Batch: 1280, Acc: 24.73%, Loss: 1.7840
Epoch: 14, Batch: 1290, Acc: 24.73%, Loss: 1.8085
Epoch: 14, Batch: 1300, Acc: 24.74%, Loss: 1.8080
Epoch: 14, Batch: 1310, Acc: 24.72%, Loss: 1.8047
Epoch: 14, Batch: 1320, Acc: 24.72%, Loss: 1.7952
Epoch: 14, Batch: 1330, Acc: 24.73%, Loss: 1.7522
Epoch: 14, Batch: 1340, Acc: 24.71%, Loss: 1.8417
Epoch: 14, Batch: 1350, Acc: 24.72%, Loss: 1.7722
Epoch: 14, Batch: 1360, Acc: 24.73%, Loss: 1.7954
Epoch: 14, Batch: 1370, Acc: 24.74%, Loss: 1.7599
Epoch: 14, Batch: 1380, Acc: 24.73%, Loss: 1.8141
Epoch: 14, Batch: 1390, Acc: 24.73%, Loss: 1.7949
Epoch: 14, Batch: 1400, Acc: 24.71%, Loss: 1.8098
Epoch: 14, Batch: 1410, Acc: 24.72%, Loss: 1.8055
Epoch: 14, Batch: 1420, Acc: 24.74%, Loss: 1.7374
Epoch: 14, Batch: 1430, Acc: 24.72%, Loss: 1.7793
Epoch: 14, Batch: 1440, Acc: 24.72%, Loss: 1.7837
Epoch: 14, Batch: 1450, Acc: 24.71%, Loss: 1.8103
Epoch: 14, Batch: 1460, Acc: 24.70%, Loss: 1.7706
Epoch: 14, Batch: 1470, Acc: 24.69%, Loss: 1.8142
Epoch: 14, Batch: 1480, Acc: 24.71%, Loss: 1.7873
Epoch: 14, Batch: 1490, Acc: 24.70%, Loss: 1.7666
Epoch: 14, Batch: 1500, Acc: 24.71%, Loss: 1.7485
Epoch: 14, Batch: 1510, Acc: 24.72%, Loss: 1.7698
Epoch: 14, Batch: 1520, Acc: 24.72%, Loss: 1.7773
Epoch: 14, Batch: 1530, Acc: 24.70%, Loss: 1.8100
Epoch: 14, Batch: 1540, Acc: 24.69%, Loss: 1.8366
Epoch: 14, Batch: 1550, Acc: 24.68%, Loss: 1.7865
Epoch: 14, Batch: 1560, Acc: 24.67%, Loss: 1.7990
Epoch: 14, Batch: 1570, Acc: 24.66%, Loss: 1.8161
Epoch: 14, Batch: 1580, Acc: 24.68%, Loss: 1.7518
Epoch: 14, Batch: 1590, Acc: 24.69%, Loss: 1.7617
Epoch: 14, Batch: 1600, Acc: 24.69%, Loss: 1.7645
Epoch: 14, Batch: 1610, Acc: 24.69%, Loss: 1.8041
Epoch: 14, Batch: 1620, Acc: 24.70%, Loss: 1.7776
Epoch: 14, Batch: 1630, Acc: 24.69%, Loss: 1.8016
Epoch: 14, Batch: 1640, Acc: 24.68%, Loss: 1.8063
Epoch: 14, Batch: 1650, Acc: 24.68%, Loss: 1.8077
Epoch: 14, Batch: 1660, Acc: 24.69%, Loss: 1.8057
Epoch: 14, Batch: 1670, Acc: 24.69%, Loss: 1.7594
Epoch: 14, Batch: 1680, Acc: 24.69%, Loss: 1.7559
Epoch: 14, Batch: 1690, Acc: 24.67%, Loss: 1.7976
Epoch: 14, Batch: 1700, Acc: 24.67%, Loss: 1.7894
Epoch: 14, Batch: 1710, Acc: 24.66%, Loss: 1.7773
Epoch: 14, Batch: 1720, Acc: 24.65%, Loss: 1.7742
Epoch: 14, Batch: 1730, Acc: 24.65%, Loss: 1.8198
Epoch: 14, Batch: 1740, Acc: 24.65%, Loss: 1.7911
Epoch: 14, Batch: 1750, Acc: 24.64%, Loss: 1.7912
Epoch: 14, Batch: 1760, Acc: 24.64%, Loss: 1.8097
Epoch: 14, Batch: 1770, Acc: 24.65%, Loss: 1.7722
Epoch: 14, Batch: 1780, Acc: 24.64%, Loss: 1.7842
Epoch: 14, Batch: 1790, Acc: 24.64%, Loss: 1.7669
Epoch: 14, Batch: 1800, Acc: 24.65%, Loss: 1.7546
Epoch: 14, Batch: 1810, Acc: 24.64%, Loss: 1.7928
Epoch: 14, Batch: 1820, Acc: 24.64%, Loss: 1.8140
Epoch: 14, Batch: 1830, Acc: 24.64%, Loss: 1.8049
Epoch: 14, Batch: 1840, Acc: 24.62%, Loss: 1.8378
Epoch: 14, Batch: 1850, Acc: 24.62%, Loss: 1.7739
Epoch: 14, Batch: 1860, Acc: 24.63%, Loss: 1.7731
Epoch: 14, Batch: 1870, Acc: 24.63%, Loss: 1.7789
Epoch: 14, Batch: 1880, Acc: 24.61%, Loss: 1.8041
Epoch: 14, Batch: 1890, Acc: 24.61%, Loss: 1.7880
Epoch: 14, Batch: 1900, Acc: 24.61%, Loss: 1.8079
Epoch: 14, Batch: 1910, Acc: 24.60%, Loss: 1.7788
Epoch: 14, Batch: 1920, Acc: 24.62%, Loss: 1.7701
Epoch: 14, Batch: 1930, Acc: 24.63%, Loss: 1.7415
Epoch: 14, Batch: 1940, Acc: 24.64%, Loss: 1.7708
Epoch: 14, Batch: 1950, Acc: 24.63%, Loss: 1.8235
Epoch: 14, Batch: 1960, Acc: 24.63%, Loss: 1.7789
Epoch: 14, Batch: 1970, Acc: 24.63%, Loss: 1.7867
Epoch: 14, Batch: 1980, Acc: 24.63%, Loss: 1.7843
Epoch: 14, Batch: 1990, Acc: 24.63%, Loss: 1.7730
Epoch: 14, Batch: 2000, Acc: 24.62%, Loss: 1.8066
Epoch: 14, Batch: 2010, Acc: 24.63%, Loss: 1.7929
Epoch: 14, Batch: 2020, Acc: 24.62%, Loss: 1.8014
Epoch: 14, Batch: 2030, Acc: 24.61%, Loss: 1.7794
Epoch: 14, Batch: 2040, Acc: 24.61%, Loss: 1.7670
Epoch: 14, Batch: 2050, Acc: 24.61%, Loss: 1.7869
Epoch: 14, Batch: 2060, Acc: 24.62%, Loss: 1.7494
Epoch: 14, Batch: 2070, Acc: 24.63%, Loss: 1.7787
Epoch: 14, Batch: 2080, Acc: 24.62%, Loss: 1.8367
Epoch: 14, Batch: 2090, Acc: 24.61%, Loss: 1.7987
Epoch: 14, Batch: 2100, Acc: 24.61%, Loss: 1.7816
Epoch: 14, Batch: 2110, Acc: 24.62%, Loss: 1.7948
Epoch: 14, Batch: 2120, Acc: 24.61%, Loss: 1.7700
Epoch: 14, Batch: 2130, Acc: 24.61%, Loss: 1.7455
Epoch: 14, Batch: 2140, Acc: 24.62%, Loss: 1.7779
Epoch: 14, Batch: 2150, Acc: 24.60%, Loss: 1.8417
Epoch: 14, Batch: 2160, Acc: 24.61%, Loss: 1.7913
Epoch: 14, Batch: 2170, Acc: 24.60%, Loss: 1.7610
Epoch: 14, Batch: 2180, Acc: 24.59%, Loss: 1.8006
Epoch: 14, Batch: 2190, Acc: 24.60%, Loss: 1.7530
Epoch: 14, Batch: 2200, Acc: 24.61%, Loss: 1.7323
Epoch: 14, Batch: 2210, Acc: 24.62%, Loss: 1.7188
Epoch: 14, Batch: 2220, Acc: 24.62%, Loss: 1.8024
Epoch: 14, Batch: 2230, Acc: 24.62%, Loss: 1.7995
Epoch: 14, Batch: 2240, Acc: 24.62%, Loss: 1.7901
Epoch: 14, Batch: 2250, Acc: 24.63%, Loss: 1.7900
Epoch: 14, Batch: 2260, Acc: 24.64%, Loss: 1.7718
Epoch: 14, Batch: 2270, Acc: 24.63%, Loss: 1.8452
Epoch: 14, Batch: 2280, Acc: 24.63%, Loss: 1.7786
Epoch: 14, Batch: 2290, Acc: 24.63%, Loss: 1.7674
Epoch: 14, Batch: 2300, Acc: 24.63%, Loss: 1.7887
Epoch: 14, Batch: 2310, Acc: 24.63%, Loss: 1.7654
Epoch: 14, Batch: 2320, Acc: 24.64%, Loss: 1.7477
Epoch: 14, Batch: 2330, Acc: 24.64%, Loss: 1.7795
Epoch: 14, Batch: 2340, Acc: 24.65%, Loss: 1.7895
Epoch: 14, Batch: 2350, Acc: 24.64%, Loss: 1.7728
Epoch: 14, Batch: 2360, Acc: 24.65%, Loss: 1.7889
Epoch: 14, Batch: 2370, Acc: 24.63%, Loss: 1.7888
Epoch: 14, Batch: 2380, Acc: 24.64%, Loss: 1.7614
Epoch: 14, Batch: 2390, Acc: 24.63%, Loss: 1.8023
Epoch: 14, Batch: 2400, Acc: 24.64%, Loss: 1.7809
Epoch: 14, Batch: 2410, Acc: 24.63%, Loss: 1.8076
Epoch: 14, Batch: 2420, Acc: 24.63%, Loss: 1.7949
Epoch: 14, Batch: 2430, Acc: 24.65%, Loss: 1.7348
Epoch: 14, Batch: 2440, Acc: 24.65%, Loss: 1.7592
Epoch: 14, Batch: 2450, Acc: 24.64%, Loss: 1.8019
Epoch: 14, Batch: 2460, Acc: 24.64%, Loss: 1.7940
Epoch: 14, Batch: 2470, Acc: 24.65%, Loss: 1.7979
Epoch: 14, Batch: 2480, Acc: 24.65%, Loss: 1.7838
Epoch: 14, Batch: 2490, Acc: 24.65%, Loss: 1.7909
Epoch: 14, Batch: 2500, Acc: 24.65%, Loss: 1.7894
Epoch: 14, Batch: 2510, Acc: 24.66%, Loss: 1.7453
Epoch: 14, Batch: 2520, Acc: 24.66%, Loss: 1.7932
Epoch: 14, Batch: 2530, Acc: 24.65%, Loss: 1.7742
Epoch: 14, Batch: 2540, Acc: 24.66%, Loss: 1.7729
Epoch: 14, Batch: 2550, Acc: 24.66%, Loss: 1.7999
Epoch: 14, Batch: 2560, Acc: 24.67%, Loss: 1.7785
Epoch: 14, Batch: 2570, Acc: 24.68%, Loss: 1.7591
Epoch: 14, Batch: 2580, Acc: 24.68%, Loss: 1.7756
Epoch: 14, Batch: 2590, Acc: 24.67%, Loss: 1.8056
Epoch: 14, Batch: 2600, Acc: 24.67%, Loss: 1.7854
Epoch: 14, Batch: 2610, Acc: 24.69%, Loss: 1.7442
Epoch: 14, Batch: 2620, Acc: 24.69%, Loss: 1.8329
Epoch: 14, Batch: 2630, Acc: 24.69%, Loss: 1.7762
Epoch: 14, Batch: 2640, Acc: 24.68%, Loss: 1.7939
Epoch: 14, Batch: 2650, Acc: 24.68%, Loss: 1.7810
Epoch: 14, Batch: 2660, Acc: 24.68%, Loss: 1.7819
Epoch: 14, Batch: 2670, Acc: 24.68%, Loss: 1.8244
Epoch: 14, Batch: 2680, Acc: 24.67%, Loss: 1.8019
Epoch: 14, Batch: 2690, Acc: 24.68%, Loss: 1.7492
Epoch: 14, Batch: 2700, Acc: 24.68%, Loss: 1.7475
Epoch: 14, Batch: 2710, Acc: 24.67%, Loss: 1.8081
Epoch: 14, Batch: 2720, Acc: 24.68%, Loss: 1.7669
Epoch: 14, Batch: 2730, Acc: 24.68%, Loss: 1.7895
Epoch: 14, Batch: 2740, Acc: 24.68%, Loss: 1.7752
Epoch: 14, Batch: 2750, Acc: 24.68%, Loss: 1.7934
Epoch: 14, Batch: 2760, Acc: 24.67%, Loss: 1.8022
Epoch: 14, Batch: 2770, Acc: 24.68%, Loss: 1.7484
Epoch: 14, Batch: 2780, Acc: 24.67%, Loss: 1.8336
Epoch: 14, Batch: 2790, Acc: 24.68%, Loss: 1.7534
Epoch: 14, Batch: 2800, Acc: 24.67%, Loss: 1.8146
Epoch: 14, Batch: 2810, Acc: 24.67%, Loss: 1.7936
Epoch: 14, Batch: 2820, Acc: 24.66%, Loss: 1.8198
Epoch: 14, Batch: 2830, Acc: 24.66%, Loss: 1.7506
Epoch: 14, Batch: 2840, Acc: 24.65%, Loss: 1.7952
Epoch: 14, Batch: 2850, Acc: 24.65%, Loss: 1.7960
Epoch: 14, Batch: 2860, Acc: 24.67%, Loss: 1.7450
Epoch: 14, Batch: 2870, Acc: 24.66%, Loss: 1.8017
Epoch: 14, Batch: 2880, Acc: 24.65%, Loss: 1.8098
Accuracy on test set: 46.72%, Val loss: 2.2228
Epoch 14: train_loss=1.7847, val_acc=46.72, best_val_acc=46.78, es_counter=5
Early stopping triggered at epoch 14
Training Time: 4978.52 seconds
Best Accuracy for Run 3: 46.78%
\nEvaluating final model on clean test data...
Accuracy    : 0.4678
Loss        : 2.2308
Precision   : 0.4092
Recall      : 0.4479
F1          : 0.4277
Fpr         : 0.0243
Fnr         : 0.5521
Roc_auc     : 0.9083
Pr_auc      : nan
Metrics saved to qmlp-az-angle-label-flip-run_run3-layer5_label_flip.csv
