nohup: ignoring input
Number of runs 3
using layers 5
100
 Training Run 0
Epoch: 1, Batch: 10, Acc: 1.41%, Loss: 4.6200
Epoch: 1, Batch: 20, Acc: 1.25%, Loss: 4.6215
Epoch: 1, Batch: 30, Acc: 1.04%, Loss: 4.6170
Epoch: 1, Batch: 40, Acc: 0.86%, Loss: 4.6303
Epoch: 1, Batch: 50, Acc: 0.88%, Loss: 4.6249
Epoch: 1, Batch: 60, Acc: 0.81%, Loss: 4.6145
Epoch: 1, Batch: 70, Acc: 0.85%, Loss: 4.6165
Epoch: 1, Batch: 80, Acc: 0.78%, Loss: 4.6272
Epoch: 1, Batch: 90, Acc: 0.89%, Loss: 4.6000
Epoch: 1, Batch: 100, Acc: 0.92%, Loss: 4.6132
Epoch: 1, Batch: 110, Acc: 0.91%, Loss: 4.6244
Epoch: 1, Batch: 120, Acc: 0.90%, Loss: 4.6233
Epoch: 1, Batch: 130, Acc: 0.93%, Loss: 4.6130
Epoch: 1, Batch: 140, Acc: 0.90%, Loss: 4.6076
Epoch: 1, Batch: 150, Acc: 0.90%, Loss: 4.6127
Epoch: 1, Batch: 160, Acc: 0.97%, Loss: 4.6087
Epoch: 1, Batch: 170, Acc: 1.00%, Loss: 4.6027
Epoch: 1, Batch: 180, Acc: 1.04%, Loss: 4.6083
Epoch: 1, Batch: 190, Acc: 1.02%, Loss: 4.6110
Epoch: 1, Batch: 200, Acc: 1.04%, Loss: 4.6117
Epoch: 1, Batch: 210, Acc: 1.06%, Loss: 4.6072
Epoch: 1, Batch: 220, Acc: 1.09%, Loss: 4.6031
Epoch: 1, Batch: 230, Acc: 1.09%, Loss: 4.6071
Epoch: 1, Batch: 240, Acc: 1.13%, Loss: 4.5949
Epoch: 1, Batch: 250, Acc: 1.13%, Loss: 4.5990
Epoch: 1, Batch: 260, Acc: 1.09%, Loss: 4.6110
Epoch: 1, Batch: 270, Acc: 1.10%, Loss: 4.6021
Epoch: 1, Batch: 280, Acc: 1.13%, Loss: 4.6032
Epoch: 1, Batch: 290, Acc: 1.16%, Loss: 4.6015
Epoch: 1, Batch: 300, Acc: 1.17%, Loss: 4.6102
Epoch: 1, Batch: 310, Acc: 1.18%, Loss: 4.6047
Epoch: 1, Batch: 320, Acc: 1.22%, Loss: 4.5967
Epoch: 1, Batch: 330, Acc: 1.23%, Loss: 4.5862
Epoch: 1, Batch: 340, Acc: 1.23%, Loss: 4.5978
Epoch: 1, Batch: 350, Acc: 1.26%, Loss: 4.5846
Epoch: 1, Batch: 360, Acc: 1.27%, Loss: 4.5908
Epoch: 1, Batch: 370, Acc: 1.28%, Loss: 4.5938
Epoch: 1, Batch: 380, Acc: 1.30%, Loss: 4.5869
Epoch: 1, Batch: 390, Acc: 1.29%, Loss: 4.5965
Epoch: 1, Batch: 400, Acc: 1.32%, Loss: 4.5873
Epoch: 1, Batch: 410, Acc: 1.34%, Loss: 4.5888
Epoch: 1, Batch: 420, Acc: 1.34%, Loss: 4.5983
Epoch: 1, Batch: 430, Acc: 1.34%, Loss: 4.5876
Epoch: 1, Batch: 440, Acc: 1.36%, Loss: 4.5883
Epoch: 1, Batch: 450, Acc: 1.36%, Loss: 4.5943
Epoch: 1, Batch: 460, Acc: 1.35%, Loss: 4.5911
Epoch: 1, Batch: 470, Acc: 1.34%, Loss: 4.5942
Epoch: 1, Batch: 480, Acc: 1.36%, Loss: 4.5817
Epoch: 1, Batch: 490, Acc: 1.38%, Loss: 4.5899
Epoch: 1, Batch: 500, Acc: 1.39%, Loss: 4.5748
Epoch: 1, Batch: 510, Acc: 1.38%, Loss: 4.5865
Epoch: 1, Batch: 520, Acc: 1.39%, Loss: 4.5874
Epoch: 1, Batch: 530, Acc: 1.40%, Loss: 4.5889
Epoch: 1, Batch: 540, Acc: 1.42%, Loss: 4.5799
Epoch: 1, Batch: 550, Acc: 1.42%, Loss: 4.5875
Epoch: 1, Batch: 560, Acc: 1.42%, Loss: 4.5798
Epoch: 1, Batch: 570, Acc: 1.43%, Loss: 4.5752
Epoch: 1, Batch: 580, Acc: 1.44%, Loss: 4.5735
Epoch: 1, Batch: 590, Acc: 1.44%, Loss: 4.5890
Epoch: 1, Batch: 600, Acc: 1.45%, Loss: 4.5824
Epoch: 1, Batch: 610, Acc: 1.48%, Loss: 4.5678
Epoch: 1, Batch: 620, Acc: 1.48%, Loss: 4.5858
Epoch: 1, Batch: 630, Acc: 1.48%, Loss: 4.5684
Epoch: 1, Batch: 640, Acc: 1.51%, Loss: 4.5626
Epoch: 1, Batch: 650, Acc: 1.52%, Loss: 4.5701
Epoch: 1, Batch: 660, Acc: 1.53%, Loss: 4.5727
Epoch: 1, Batch: 670, Acc: 1.55%, Loss: 4.5672
Epoch: 1, Batch: 680, Acc: 1.55%, Loss: 4.5731
Epoch: 1, Batch: 690, Acc: 1.55%, Loss: 4.5676
Epoch: 1, Batch: 700, Acc: 1.56%, Loss: 4.5666
Epoch: 1, Batch: 710, Acc: 1.57%, Loss: 4.5691
Epoch: 1, Batch: 720, Acc: 1.59%, Loss: 4.5639
Epoch: 1, Batch: 730, Acc: 1.59%, Loss: 4.5737
Epoch: 1, Batch: 740, Acc: 1.60%, Loss: 4.5673
Epoch: 1, Batch: 750, Acc: 1.60%, Loss: 4.5777
Epoch: 1, Batch: 760, Acc: 1.62%, Loss: 4.5593
Epoch: 1, Batch: 770, Acc: 1.63%, Loss: 4.5637
Epoch: 1, Batch: 780, Acc: 1.63%, Loss: 4.5643
Accuracy on test set: 2.16%
Epoch: 2, Batch: 10, Acc: 2.19%, Loss: 4.5536
Epoch: 2, Batch: 20, Acc: 2.19%, Loss: 4.5559
Epoch: 2, Batch: 30, Acc: 2.03%, Loss: 4.5641
Epoch: 2, Batch: 40, Acc: 2.03%, Loss: 4.5552
Epoch: 2, Batch: 50, Acc: 2.03%, Loss: 4.5682
Epoch: 2, Batch: 60, Acc: 2.16%, Loss: 4.5483
Epoch: 2, Batch: 70, Acc: 2.19%, Loss: 4.5645
Epoch: 2, Batch: 80, Acc: 2.23%, Loss: 4.5576
Epoch: 2, Batch: 90, Acc: 2.22%, Loss: 4.5454
Epoch: 2, Batch: 100, Acc: 2.33%, Loss: 4.5462
Epoch: 2, Batch: 110, Acc: 2.33%, Loss: 4.5525
Epoch: 2, Batch: 120, Acc: 2.29%, Loss: 4.5551
Epoch: 2, Batch: 130, Acc: 2.25%, Loss: 4.5556
Epoch: 2, Batch: 140, Acc: 2.21%, Loss: 4.5470
Epoch: 2, Batch: 150, Acc: 2.30%, Loss: 4.5500
Epoch: 2, Batch: 160, Acc: 2.34%, Loss: 4.5449
Epoch: 2, Batch: 170, Acc: 2.43%, Loss: 4.5413
Epoch: 2, Batch: 180, Acc: 2.43%, Loss: 4.5547
Epoch: 2, Batch: 190, Acc: 2.37%, Loss: 4.5451
Epoch: 2, Batch: 200, Acc: 2.38%, Loss: 4.5425
Epoch: 2, Batch: 210, Acc: 2.36%, Loss: 4.5471
Epoch: 2, Batch: 220, Acc: 2.38%, Loss: 4.5386
Epoch: 2, Batch: 230, Acc: 2.38%, Loss: 4.5301
Epoch: 2, Batch: 240, Acc: 2.43%, Loss: 4.5434
Epoch: 2, Batch: 250, Acc: 2.41%, Loss: 4.5417
Epoch: 2, Batch: 260, Acc: 2.39%, Loss: 4.5508
Epoch: 2, Batch: 270, Acc: 2.38%, Loss: 4.5568
Epoch: 2, Batch: 280, Acc: 2.41%, Loss: 4.5527
Epoch: 2, Batch: 290, Acc: 2.42%, Loss: 4.5490
Epoch: 2, Batch: 300, Acc: 2.44%, Loss: 4.5460
Epoch: 2, Batch: 310, Acc: 2.42%, Loss: 4.5466
Epoch: 2, Batch: 320, Acc: 2.41%, Loss: 4.5420
Epoch: 2, Batch: 330, Acc: 2.40%, Loss: 4.5381
Epoch: 2, Batch: 340, Acc: 2.39%, Loss: 4.5367
Epoch: 2, Batch: 350, Acc: 2.42%, Loss: 4.5366
Epoch: 2, Batch: 360, Acc: 2.42%, Loss: 4.5284
Epoch: 2, Batch: 370, Acc: 2.39%, Loss: 4.5402
Epoch: 2, Batch: 380, Acc: 2.39%, Loss: 4.5179
Epoch: 2, Batch: 390, Acc: 2.39%, Loss: 4.5386
Epoch: 2, Batch: 400, Acc: 2.38%, Loss: 4.5270
Epoch: 2, Batch: 410, Acc: 2.39%, Loss: 4.5149
Epoch: 2, Batch: 420, Acc: 2.38%, Loss: 4.5362
Epoch: 2, Batch: 430, Acc: 2.38%, Loss: 4.5196
Epoch: 2, Batch: 440, Acc: 2.38%, Loss: 4.5200
Epoch: 2, Batch: 450, Acc: 2.38%, Loss: 4.5362
Epoch: 2, Batch: 460, Acc: 2.36%, Loss: 4.5301
Epoch: 2, Batch: 470, Acc: 2.36%, Loss: 4.5217
Epoch: 2, Batch: 480, Acc: 2.39%, Loss: 4.5133
Epoch: 2, Batch: 490, Acc: 2.38%, Loss: 4.5383
Epoch: 2, Batch: 500, Acc: 2.38%, Loss: 4.5198
Epoch: 2, Batch: 510, Acc: 2.41%, Loss: 4.5077
Epoch: 2, Batch: 520, Acc: 2.41%, Loss: 4.5232
Epoch: 2, Batch: 530, Acc: 2.40%, Loss: 4.5298
Epoch: 2, Batch: 540, Acc: 2.40%, Loss: 4.5397
Epoch: 2, Batch: 550, Acc: 2.38%, Loss: 4.5093
Epoch: 2, Batch: 560, Acc: 2.40%, Loss: 4.5130
Epoch: 2, Batch: 570, Acc: 2.38%, Loss: 4.5416
Epoch: 2, Batch: 580, Acc: 2.38%, Loss: 4.5218
Epoch: 2, Batch: 590, Acc: 2.37%, Loss: 4.5374
Epoch: 2, Batch: 600, Acc: 2.37%, Loss: 4.5261
Epoch: 2, Batch: 610, Acc: 2.37%, Loss: 4.5265
Epoch: 2, Batch: 620, Acc: 2.37%, Loss: 4.5278
Epoch: 2, Batch: 630, Acc: 2.36%, Loss: 4.4991
Epoch: 2, Batch: 640, Acc: 2.39%, Loss: 4.5123
Epoch: 2, Batch: 650, Acc: 2.38%, Loss: 4.5196
Epoch: 2, Batch: 660, Acc: 2.38%, Loss: 4.5247
Epoch: 2, Batch: 670, Acc: 2.38%, Loss: 4.5132
Epoch: 2, Batch: 680, Acc: 2.40%, Loss: 4.5132
Epoch: 2, Batch: 690, Acc: 2.42%, Loss: 4.5126
Epoch: 2, Batch: 700, Acc: 2.43%, Loss: 4.5097
Epoch: 2, Batch: 710, Acc: 2.43%, Loss: 4.5101
Epoch: 2, Batch: 720, Acc: 2.43%, Loss: 4.4941
Epoch: 2, Batch: 730, Acc: 2.45%, Loss: 4.5015
Epoch: 2, Batch: 740, Acc: 2.44%, Loss: 4.5103
Epoch: 2, Batch: 750, Acc: 2.44%, Loss: 4.5061
Epoch: 2, Batch: 760, Acc: 2.43%, Loss: 4.5005
Epoch: 2, Batch: 770, Acc: 2.42%, Loss: 4.5219
Epoch: 2, Batch: 780, Acc: 2.42%, Loss: 4.5119
Accuracy on test set: 2.87%
Epoch: 3, Batch: 10, Acc: 2.19%, Loss: 4.5061
Epoch: 3, Batch: 20, Acc: 2.42%, Loss: 4.4963
Epoch: 3, Batch: 30, Acc: 2.71%, Loss: 4.5061
Epoch: 3, Batch: 40, Acc: 2.73%, Loss: 4.4891
Epoch: 3, Batch: 50, Acc: 2.78%, Loss: 4.4870
Epoch: 3, Batch: 60, Acc: 2.73%, Loss: 4.5196
Epoch: 3, Batch: 70, Acc: 2.66%, Loss: 4.5100
Epoch: 3, Batch: 80, Acc: 2.70%, Loss: 4.5016
Epoch: 3, Batch: 90, Acc: 2.80%, Loss: 4.4904
Epoch: 3, Batch: 100, Acc: 2.91%, Loss: 4.4903
Epoch: 3, Batch: 110, Acc: 2.83%, Loss: 4.5101
Epoch: 3, Batch: 120, Acc: 2.80%, Loss: 4.5084
Epoch: 3, Batch: 130, Acc: 2.84%, Loss: 4.5059
Epoch: 3, Batch: 140, Acc: 2.80%, Loss: 4.5064
Epoch: 3, Batch: 150, Acc: 2.76%, Loss: 4.5041
Epoch: 3, Batch: 160, Acc: 2.76%, Loss: 4.5106
Epoch: 3, Batch: 170, Acc: 2.75%, Loss: 4.5034
Epoch: 3, Batch: 180, Acc: 2.74%, Loss: 4.4988
Epoch: 3, Batch: 190, Acc: 2.77%, Loss: 4.4952
Epoch: 3, Batch: 200, Acc: 2.80%, Loss: 4.4996
Epoch: 3, Batch: 210, Acc: 2.83%, Loss: 4.4942
Epoch: 3, Batch: 220, Acc: 2.86%, Loss: 4.4874
Epoch: 3, Batch: 230, Acc: 2.85%, Loss: 4.5030
Epoch: 3, Batch: 240, Acc: 2.83%, Loss: 4.4965
Epoch: 3, Batch: 250, Acc: 2.83%, Loss: 4.5022
Epoch: 3, Batch: 260, Acc: 2.84%, Loss: 4.4960
Epoch: 3, Batch: 270, Acc: 2.87%, Loss: 4.4779
Epoch: 3, Batch: 280, Acc: 2.87%, Loss: 4.4997
Epoch: 3, Batch: 290, Acc: 2.87%, Loss: 4.4944
Epoch: 3, Batch: 300, Acc: 2.84%, Loss: 4.5168
Epoch: 3, Batch: 310, Acc: 2.84%, Loss: 4.5093
Epoch: 3, Batch: 320, Acc: 2.81%, Loss: 4.4965
Epoch: 3, Batch: 330, Acc: 2.80%, Loss: 4.4979
Epoch: 3, Batch: 340, Acc: 2.78%, Loss: 4.4912
Epoch: 3, Batch: 350, Acc: 2.80%, Loss: 4.5031
Epoch: 3, Batch: 360, Acc: 2.79%, Loss: 4.5028
Epoch: 3, Batch: 370, Acc: 2.77%, Loss: 4.5192
Epoch: 3, Batch: 380, Acc: 2.77%, Loss: 4.5114
Epoch: 3, Batch: 390, Acc: 2.75%, Loss: 4.4926
Epoch: 3, Batch: 400, Acc: 2.76%, Loss: 4.4977
Epoch: 3, Batch: 410, Acc: 2.79%, Loss: 4.4565
Epoch: 3, Batch: 420, Acc: 2.78%, Loss: 4.5007
Epoch: 3, Batch: 430, Acc: 2.78%, Loss: 4.4889
Epoch: 3, Batch: 440, Acc: 2.78%, Loss: 4.4671
Epoch: 3, Batch: 450, Acc: 2.80%, Loss: 4.4780
Epoch: 3, Batch: 460, Acc: 2.81%, Loss: 4.4944
Epoch: 3, Batch: 470, Acc: 2.82%, Loss: 4.4984
Epoch: 3, Batch: 480, Acc: 2.83%, Loss: 4.4907
Epoch: 3, Batch: 490, Acc: 2.84%, Loss: 4.4840
Epoch: 3, Batch: 500, Acc: 2.83%, Loss: 4.5019
Epoch: 3, Batch: 510, Acc: 2.83%, Loss: 4.5012
Epoch: 3, Batch: 520, Acc: 2.87%, Loss: 4.4756
Epoch: 3, Batch: 530, Acc: 2.89%, Loss: 4.4989
Epoch: 3, Batch: 540, Acc: 2.91%, Loss: 4.4794
Epoch: 3, Batch: 550, Acc: 2.92%, Loss: 4.4830
Epoch: 3, Batch: 560, Acc: 2.93%, Loss: 4.4928
Epoch: 3, Batch: 570, Acc: 2.93%, Loss: 4.4870
Epoch: 3, Batch: 580, Acc: 2.94%, Loss: 4.4708
Epoch: 3, Batch: 590, Acc: 2.94%, Loss: 4.4856
Epoch: 3, Batch: 600, Acc: 2.97%, Loss: 4.4647
Epoch: 3, Batch: 610, Acc: 2.97%, Loss: 4.4849
Epoch: 3, Batch: 620, Acc: 2.97%, Loss: 4.4945
Epoch: 3, Batch: 630, Acc: 2.98%, Loss: 4.4644
Epoch: 3, Batch: 640, Acc: 3.01%, Loss: 4.4646
Epoch: 3, Batch: 650, Acc: 3.02%, Loss: 4.4545
Epoch: 3, Batch: 660, Acc: 3.03%, Loss: 4.4774
Epoch: 3, Batch: 670, Acc: 3.05%, Loss: 4.4787
Epoch: 3, Batch: 680, Acc: 3.06%, Loss: 4.4761
Epoch: 3, Batch: 690, Acc: 3.05%, Loss: 4.4953
Epoch: 3, Batch: 700, Acc: 3.04%, Loss: 4.4773
Epoch: 3, Batch: 710, Acc: 3.04%, Loss: 4.4731
Epoch: 3, Batch: 720, Acc: 3.06%, Loss: 4.4863
Epoch: 3, Batch: 730, Acc: 3.05%, Loss: 4.4711
Epoch: 3, Batch: 740, Acc: 3.06%, Loss: 4.4596
Epoch: 3, Batch: 750, Acc: 3.06%, Loss: 4.4608
Epoch: 3, Batch: 760, Acc: 3.05%, Loss: 4.4733
Epoch: 3, Batch: 770, Acc: 3.05%, Loss: 4.4638
Epoch: 3, Batch: 780, Acc: 3.05%, Loss: 4.4609
Accuracy on test set: 3.60%
Epoch: 4, Batch: 10, Acc: 3.12%, Loss: 4.4694
Epoch: 4, Batch: 20, Acc: 2.89%, Loss: 4.4677
Epoch: 4, Batch: 30, Acc: 3.02%, Loss: 4.4785
Epoch: 4, Batch: 40, Acc: 3.40%, Loss: 4.4517
Epoch: 4, Batch: 50, Acc: 3.22%, Loss: 4.4949
Epoch: 4, Batch: 60, Acc: 3.31%, Loss: 4.4582
Epoch: 4, Batch: 70, Acc: 3.37%, Loss: 4.4712
Epoch: 4, Batch: 80, Acc: 3.28%, Loss: 4.4900
Epoch: 4, Batch: 90, Acc: 3.39%, Loss: 4.4791
Epoch: 4, Batch: 100, Acc: 3.36%, Loss: 4.4861
Epoch: 4, Batch: 110, Acc: 3.35%, Loss: 4.4638
Epoch: 4, Batch: 120, Acc: 3.35%, Loss: 4.4570
Epoch: 4, Batch: 130, Acc: 3.33%, Loss: 4.4673
Epoch: 4, Batch: 140, Acc: 3.31%, Loss: 4.4759
Epoch: 4, Batch: 150, Acc: 3.47%, Loss: 4.4375
Epoch: 4, Batch: 160, Acc: 3.42%, Loss: 4.4670
Epoch: 4, Batch: 170, Acc: 3.39%, Loss: 4.4860
Epoch: 4, Batch: 180, Acc: 3.43%, Loss: 4.4639
Epoch: 4, Batch: 190, Acc: 3.46%, Loss: 4.4701
Epoch: 4, Batch: 200, Acc: 3.49%, Loss: 4.4622
Epoch: 4, Batch: 210, Acc: 3.49%, Loss: 4.4574
Epoch: 4, Batch: 220, Acc: 3.48%, Loss: 4.4892
Epoch: 4, Batch: 230, Acc: 3.46%, Loss: 4.4647
Epoch: 4, Batch: 240, Acc: 3.49%, Loss: 4.4508
Epoch: 4, Batch: 250, Acc: 3.51%, Loss: 4.4605
Epoch: 4, Batch: 260, Acc: 3.54%, Loss: 4.4490
Epoch: 4, Batch: 270, Acc: 3.60%, Loss: 4.4740
Epoch: 4, Batch: 280, Acc: 3.58%, Loss: 4.4699
Epoch: 4, Batch: 290, Acc: 3.59%, Loss: 4.4377
Epoch: 4, Batch: 300, Acc: 3.61%, Loss: 4.4376
Epoch: 4, Batch: 310, Acc: 3.59%, Loss: 4.4485
Epoch: 4, Batch: 320, Acc: 3.56%, Loss: 4.4618
Epoch: 4, Batch: 330, Acc: 3.59%, Loss: 4.4688
Epoch: 4, Batch: 340, Acc: 3.59%, Loss: 4.4738
Epoch: 4, Batch: 350, Acc: 3.59%, Loss: 4.4668
Epoch: 4, Batch: 360, Acc: 3.59%, Loss: 4.4767
Epoch: 4, Batch: 370, Acc: 3.57%, Loss: 4.4752
Epoch: 4, Batch: 380, Acc: 3.57%, Loss: 4.4425
Epoch: 4, Batch: 390, Acc: 3.57%, Loss: 4.4262
Epoch: 4, Batch: 400, Acc: 3.61%, Loss: 4.4634
Epoch: 4, Batch: 410, Acc: 3.60%, Loss: 4.4778
Epoch: 4, Batch: 420, Acc: 3.59%, Loss: 4.4590
Epoch: 4, Batch: 430, Acc: 3.61%, Loss: 4.4470
Epoch: 4, Batch: 440, Acc: 3.61%, Loss: 4.4264
Epoch: 4, Batch: 450, Acc: 3.62%, Loss: 4.4280
Epoch: 4, Batch: 460, Acc: 3.59%, Loss: 4.4680
Epoch: 4, Batch: 470, Acc: 3.57%, Loss: 4.4544
Epoch: 4, Batch: 480, Acc: 3.57%, Loss: 4.4470
Epoch: 4, Batch: 490, Acc: 3.57%, Loss: 4.4482
Epoch: 4, Batch: 500, Acc: 3.54%, Loss: 4.4821
Epoch: 4, Batch: 510, Acc: 3.56%, Loss: 4.4577
Epoch: 4, Batch: 520, Acc: 3.55%, Loss: 4.4540
Epoch: 4, Batch: 530, Acc: 3.55%, Loss: 4.4676
Epoch: 4, Batch: 540, Acc: 3.57%, Loss: 4.4569
Epoch: 4, Batch: 550, Acc: 3.58%, Loss: 4.4592
Epoch: 4, Batch: 560, Acc: 3.59%, Loss: 4.4650
Epoch: 4, Batch: 570, Acc: 3.60%, Loss: 4.4570
Epoch: 4, Batch: 580, Acc: 3.62%, Loss: 4.4459
Epoch: 4, Batch: 590, Acc: 3.61%, Loss: 4.4478
Epoch: 4, Batch: 600, Acc: 3.62%, Loss: 4.4451
Epoch: 4, Batch: 610, Acc: 3.63%, Loss: 4.4480
Epoch: 4, Batch: 620, Acc: 3.62%, Loss: 4.4498
Epoch: 4, Batch: 630, Acc: 3.60%, Loss: 4.4495
Epoch: 4, Batch: 640, Acc: 3.60%, Loss: 4.4353
Epoch: 4, Batch: 650, Acc: 3.59%, Loss: 4.4818
Epoch: 4, Batch: 660, Acc: 3.61%, Loss: 4.4361
Epoch: 4, Batch: 670, Acc: 3.61%, Loss: 4.4505
Epoch: 4, Batch: 680, Acc: 3.62%, Loss: 4.4604
Epoch: 4, Batch: 690, Acc: 3.62%, Loss: 4.4715
Epoch: 4, Batch: 700, Acc: 3.62%, Loss: 4.4199
Epoch: 4, Batch: 710, Acc: 3.62%, Loss: 4.4419
Epoch: 4, Batch: 720, Acc: 3.63%, Loss: 4.4380
Epoch: 4, Batch: 730, Acc: 3.65%, Loss: 4.4411
Epoch: 4, Batch: 740, Acc: 3.65%, Loss: 4.4433
Epoch: 4, Batch: 750, Acc: 3.65%, Loss: 4.4427
Epoch: 4, Batch: 760, Acc: 3.64%, Loss: 4.4358
Epoch: 4, Batch: 770, Acc: 3.65%, Loss: 4.4142
Epoch: 4, Batch: 780, Acc: 3.67%, Loss: 4.4286
Accuracy on test set: 3.98%
Epoch: 5, Batch: 10, Acc: 4.53%, Loss: 4.4586
Epoch: 5, Batch: 20, Acc: 4.45%, Loss: 4.4166
Epoch: 5, Batch: 30, Acc: 4.53%, Loss: 4.4386
Epoch: 5, Batch: 40, Acc: 4.26%, Loss: 4.4572
Epoch: 5, Batch: 50, Acc: 4.31%, Loss: 4.4371
Epoch: 5, Batch: 60, Acc: 4.27%, Loss: 4.4412
Epoch: 5, Batch: 70, Acc: 4.29%, Loss: 4.4422
Epoch: 5, Batch: 80, Acc: 4.14%, Loss: 4.4472
Epoch: 5, Batch: 90, Acc: 4.15%, Loss: 4.4447
Epoch: 5, Batch: 100, Acc: 4.11%, Loss: 4.4744
Epoch: 5, Batch: 110, Acc: 4.06%, Loss: 4.4346
Epoch: 5, Batch: 120, Acc: 4.01%, Loss: 4.4477
Epoch: 5, Batch: 130, Acc: 4.01%, Loss: 4.4621
Epoch: 5, Batch: 140, Acc: 4.06%, Loss: 4.4229
Epoch: 5, Batch: 150, Acc: 4.06%, Loss: 4.4260
Epoch: 5, Batch: 160, Acc: 4.00%, Loss: 4.4457
Epoch: 5, Batch: 170, Acc: 4.14%, Loss: 4.4161
Epoch: 5, Batch: 180, Acc: 4.06%, Loss: 4.4286
Epoch: 5, Batch: 190, Acc: 4.11%, Loss: 4.4152
Epoch: 5, Batch: 200, Acc: 4.05%, Loss: 4.4608
Epoch: 5, Batch: 210, Acc: 4.02%, Loss: 4.4241
Epoch: 5, Batch: 220, Acc: 4.01%, Loss: 4.4503
Epoch: 5, Batch: 230, Acc: 4.02%, Loss: 4.4337
Epoch: 5, Batch: 240, Acc: 4.03%, Loss: 4.4519
Epoch: 5, Batch: 250, Acc: 3.99%, Loss: 4.4330
Epoch: 5, Batch: 260, Acc: 4.02%, Loss: 4.4046
Epoch: 5, Batch: 270, Acc: 4.03%, Loss: 4.4428
Epoch: 5, Batch: 280, Acc: 3.98%, Loss: 4.4544
Epoch: 5, Batch: 290, Acc: 3.99%, Loss: 4.4526
Epoch: 5, Batch: 300, Acc: 3.95%, Loss: 4.4329
Epoch: 5, Batch: 310, Acc: 3.92%, Loss: 4.4350
Epoch: 5, Batch: 320, Acc: 3.93%, Loss: 4.4309
Epoch: 5, Batch: 330, Acc: 3.96%, Loss: 4.4091
Epoch: 5, Batch: 340, Acc: 3.95%, Loss: 4.4295
Epoch: 5, Batch: 350, Acc: 3.93%, Loss: 4.4353
Epoch: 5, Batch: 360, Acc: 3.94%, Loss: 4.4261
Epoch: 5, Batch: 370, Acc: 3.91%, Loss: 4.4633
Epoch: 5, Batch: 380, Acc: 3.90%, Loss: 4.4440
Epoch: 5, Batch: 390, Acc: 3.91%, Loss: 4.4151
Epoch: 5, Batch: 400, Acc: 3.90%, Loss: 4.4309
Epoch: 5, Batch: 410, Acc: 3.91%, Loss: 4.4447
Epoch: 5, Batch: 420, Acc: 3.94%, Loss: 4.4161
Epoch: 5, Batch: 430, Acc: 3.92%, Loss: 4.4376
Epoch: 5, Batch: 440, Acc: 3.92%, Loss: 4.4259
Epoch: 5, Batch: 450, Acc: 3.94%, Loss: 4.4003
Epoch: 5, Batch: 460, Acc: 3.94%, Loss: 4.4306
Epoch: 5, Batch: 470, Acc: 3.95%, Loss: 4.4311
Epoch: 5, Batch: 480, Acc: 3.98%, Loss: 4.3980
Epoch: 5, Batch: 490, Acc: 3.99%, Loss: 4.3982
Epoch: 5, Batch: 500, Acc: 4.02%, Loss: 4.3986
Epoch: 5, Batch: 510, Acc: 4.02%, Loss: 4.4218
Epoch: 5, Batch: 520, Acc: 4.02%, Loss: 4.3822
Epoch: 5, Batch: 530, Acc: 4.02%, Loss: 4.4192
Epoch: 5, Batch: 540, Acc: 4.00%, Loss: 4.4345
Epoch: 5, Batch: 550, Acc: 4.02%, Loss: 4.4244
Epoch: 5, Batch: 560, Acc: 4.00%, Loss: 4.4377
Epoch: 5, Batch: 570, Acc: 3.99%, Loss: 4.4618
Epoch: 5, Batch: 580, Acc: 3.99%, Loss: 4.3969
Epoch: 5, Batch: 590, Acc: 4.00%, Loss: 4.4301
Epoch: 5, Batch: 600, Acc: 4.00%, Loss: 4.4382
Epoch: 5, Batch: 610, Acc: 3.99%, Loss: 4.4214
Epoch: 5, Batch: 620, Acc: 3.99%, Loss: 4.4177
Epoch: 5, Batch: 630, Acc: 4.00%, Loss: 4.4142
Epoch: 5, Batch: 640, Acc: 3.99%, Loss: 4.4210
Epoch: 5, Batch: 650, Acc: 3.97%, Loss: 4.4712
Epoch: 5, Batch: 660, Acc: 3.98%, Loss: 4.4275
Epoch: 5, Batch: 670, Acc: 3.97%, Loss: 4.4380
Epoch: 5, Batch: 680, Acc: 3.97%, Loss: 4.4235
Epoch: 5, Batch: 690, Acc: 3.96%, Loss: 4.4481
Epoch: 5, Batch: 700, Acc: 3.96%, Loss: 4.4280
Epoch: 5, Batch: 710, Acc: 3.97%, Loss: 4.3993
Epoch: 5, Batch: 720, Acc: 3.97%, Loss: 4.4151
Epoch: 5, Batch: 730, Acc: 3.97%, Loss: 4.4225
Epoch: 5, Batch: 740, Acc: 3.98%, Loss: 4.4222
Epoch: 5, Batch: 750, Acc: 4.00%, Loss: 4.4532
Epoch: 5, Batch: 760, Acc: 3.98%, Loss: 4.4199
Epoch: 5, Batch: 770, Acc: 3.99%, Loss: 4.4090
Epoch: 5, Batch: 780, Acc: 4.00%, Loss: 4.4106
Accuracy on test set: 4.13%
Epoch: 6, Batch: 10, Acc: 5.16%, Loss: 4.4010
Epoch: 6, Batch: 20, Acc: 4.53%, Loss: 4.4028
Epoch: 6, Batch: 30, Acc: 4.74%, Loss: 4.4253
Epoch: 6, Batch: 40, Acc: 4.77%, Loss: 4.4125
Epoch: 6, Batch: 50, Acc: 4.72%, Loss: 4.3697
Epoch: 6, Batch: 60, Acc: 4.43%, Loss: 4.4095
Epoch: 6, Batch: 70, Acc: 4.26%, Loss: 4.3999
Epoch: 6, Batch: 80, Acc: 4.32%, Loss: 4.4228
Epoch: 6, Batch: 90, Acc: 4.25%, Loss: 4.4316
Epoch: 6, Batch: 100, Acc: 4.31%, Loss: 4.3985
Epoch: 6, Batch: 110, Acc: 4.32%, Loss: 4.4108
Epoch: 6, Batch: 120, Acc: 4.27%, Loss: 4.4108
Epoch: 6, Batch: 130, Acc: 4.18%, Loss: 4.4418
Epoch: 6, Batch: 140, Acc: 4.19%, Loss: 4.4348
Epoch: 6, Batch: 150, Acc: 4.20%, Loss: 4.4123
Epoch: 6, Batch: 160, Acc: 4.21%, Loss: 4.4354
Epoch: 6, Batch: 170, Acc: 4.16%, Loss: 4.3760
Epoch: 6, Batch: 180, Acc: 4.13%, Loss: 4.4171
Epoch: 6, Batch: 190, Acc: 4.12%, Loss: 4.4303
Epoch: 6, Batch: 200, Acc: 4.14%, Loss: 4.3890
Epoch: 6, Batch: 210, Acc: 4.14%, Loss: 4.4194
Epoch: 6, Batch: 220, Acc: 4.13%, Loss: 4.4250
Epoch: 6, Batch: 230, Acc: 4.14%, Loss: 4.4191
Epoch: 6, Batch: 240, Acc: 4.18%, Loss: 4.4095
Epoch: 6, Batch: 250, Acc: 4.19%, Loss: 4.4032
Epoch: 6, Batch: 260, Acc: 4.19%, Loss: 4.3836
Epoch: 6, Batch: 270, Acc: 4.16%, Loss: 4.4037
Epoch: 6, Batch: 280, Acc: 4.13%, Loss: 4.4282
Epoch: 6, Batch: 290, Acc: 4.11%, Loss: 4.4376
Epoch: 6, Batch: 300, Acc: 4.17%, Loss: 4.3994
Epoch: 6, Batch: 310, Acc: 4.18%, Loss: 4.3958
Epoch: 6, Batch: 320, Acc: 4.22%, Loss: 4.4030
Epoch: 6, Batch: 330, Acc: 4.23%, Loss: 4.4067
Epoch: 6, Batch: 340, Acc: 4.24%, Loss: 4.3807
Epoch: 6, Batch: 350, Acc: 4.25%, Loss: 4.4328
Epoch: 6, Batch: 360, Acc: 4.23%, Loss: 4.3829
Epoch: 6, Batch: 370, Acc: 4.23%, Loss: 4.4569
Epoch: 6, Batch: 380, Acc: 4.22%, Loss: 4.4136
Epoch: 6, Batch: 390, Acc: 4.21%, Loss: 4.4078
Epoch: 6, Batch: 400, Acc: 4.22%, Loss: 4.4105
Epoch: 6, Batch: 410, Acc: 4.24%, Loss: 4.3822
Epoch: 6, Batch: 420, Acc: 4.23%, Loss: 4.4249
Epoch: 6, Batch: 430, Acc: 4.25%, Loss: 4.4199
Epoch: 6, Batch: 440, Acc: 4.24%, Loss: 4.4359
Epoch: 6, Batch: 450, Acc: 4.22%, Loss: 4.4104
Epoch: 6, Batch: 460, Acc: 4.23%, Loss: 4.3890
Epoch: 6, Batch: 470, Acc: 4.23%, Loss: 4.4130
Epoch: 6, Batch: 480, Acc: 4.25%, Loss: 4.3934
Epoch: 6, Batch: 490, Acc: 4.23%, Loss: 4.4163
Epoch: 6, Batch: 500, Acc: 4.24%, Loss: 4.3931
Epoch: 6, Batch: 510, Acc: 4.24%, Loss: 4.4022
Epoch: 6, Batch: 520, Acc: 4.23%, Loss: 4.4252
Epoch: 6, Batch: 530, Acc: 4.26%, Loss: 4.4178
Epoch: 6, Batch: 540, Acc: 4.24%, Loss: 4.4326
Epoch: 6, Batch: 550, Acc: 4.22%, Loss: 4.4120
Epoch: 6, Batch: 560, Acc: 4.21%, Loss: 4.4403
Epoch: 6, Batch: 570, Acc: 4.21%, Loss: 4.4162
Epoch: 6, Batch: 580, Acc: 4.20%, Loss: 4.4147
Epoch: 6, Batch: 590, Acc: 4.20%, Loss: 4.4168
Epoch: 6, Batch: 600, Acc: 4.19%, Loss: 4.4030
Epoch: 6, Batch: 610, Acc: 4.18%, Loss: 4.4306
Epoch: 6, Batch: 620, Acc: 4.21%, Loss: 4.3630
Epoch: 6, Batch: 630, Acc: 4.22%, Loss: 4.4000
Epoch: 6, Batch: 640, Acc: 4.22%, Loss: 4.4380
Epoch: 6, Batch: 650, Acc: 4.24%, Loss: 4.3818
Epoch: 6, Batch: 660, Acc: 4.21%, Loss: 4.4116
Epoch: 6, Batch: 670, Acc: 4.23%, Loss: 4.3753
Epoch: 6, Batch: 680, Acc: 4.22%, Loss: 4.4009
Epoch: 6, Batch: 690, Acc: 4.21%, Loss: 4.4065
Epoch: 6, Batch: 700, Acc: 4.21%, Loss: 4.3663
Epoch: 6, Batch: 710, Acc: 4.21%, Loss: 4.3920
Epoch: 6, Batch: 720, Acc: 4.20%, Loss: 4.4025
Epoch: 6, Batch: 730, Acc: 4.18%, Loss: 4.4455
Epoch: 6, Batch: 740, Acc: 4.19%, Loss: 4.3906
Epoch: 6, Batch: 750, Acc: 4.17%, Loss: 4.4284
Epoch: 6, Batch: 760, Acc: 4.17%, Loss: 4.4306
Epoch: 6, Batch: 770, Acc: 4.17%, Loss: 4.4386
Epoch: 6, Batch: 780, Acc: 4.18%, Loss: 4.4349
Accuracy on test set: 4.47%
Epoch: 7, Batch: 10, Acc: 3.75%, Loss: 4.3704
Epoch: 7, Batch: 20, Acc: 4.38%, Loss: 4.3833
Epoch: 7, Batch: 30, Acc: 4.27%, Loss: 4.4190
Epoch: 7, Batch: 40, Acc: 4.26%, Loss: 4.4029
Epoch: 7, Batch: 50, Acc: 4.34%, Loss: 4.3726
Epoch: 7, Batch: 60, Acc: 4.19%, Loss: 4.3943
Epoch: 7, Batch: 70, Acc: 4.24%, Loss: 4.3802
Epoch: 7, Batch: 80, Acc: 4.16%, Loss: 4.4150
Epoch: 7, Batch: 90, Acc: 4.03%, Loss: 4.4264
Epoch: 7, Batch: 100, Acc: 3.98%, Loss: 4.4133
Epoch: 7, Batch: 110, Acc: 4.09%, Loss: 4.4046
Epoch: 7, Batch: 120, Acc: 4.17%, Loss: 4.4038
Epoch: 7, Batch: 130, Acc: 4.29%, Loss: 4.3873
Epoch: 7, Batch: 140, Acc: 4.21%, Loss: 4.3733
Epoch: 7, Batch: 150, Acc: 4.22%, Loss: 4.3999
Epoch: 7, Batch: 160, Acc: 4.20%, Loss: 4.4255
Epoch: 7, Batch: 170, Acc: 4.25%, Loss: 4.4011
Epoch: 7, Batch: 180, Acc: 4.27%, Loss: 4.4154
Epoch: 7, Batch: 190, Acc: 4.28%, Loss: 4.3631
Epoch: 7, Batch: 200, Acc: 4.32%, Loss: 4.4103
Epoch: 7, Batch: 210, Acc: 4.33%, Loss: 4.3986
Epoch: 7, Batch: 220, Acc: 4.32%, Loss: 4.4018
Epoch: 7, Batch: 230, Acc: 4.31%, Loss: 4.3935
Epoch: 7, Batch: 240, Acc: 4.34%, Loss: 4.4006
Epoch: 7, Batch: 250, Acc: 4.33%, Loss: 4.3869
Epoch: 7, Batch: 260, Acc: 4.39%, Loss: 4.4173
Epoch: 7, Batch: 270, Acc: 4.36%, Loss: 4.3744
Epoch: 7, Batch: 280, Acc: 4.38%, Loss: 4.4023
Epoch: 7, Batch: 290, Acc: 4.38%, Loss: 4.3954
Epoch: 7, Batch: 300, Acc: 4.41%, Loss: 4.3805
Epoch: 7, Batch: 310, Acc: 4.45%, Loss: 4.3799
Epoch: 7, Batch: 320, Acc: 4.43%, Loss: 4.3911
Epoch: 7, Batch: 330, Acc: 4.42%, Loss: 4.4136
Epoch: 7, Batch: 340, Acc: 4.41%, Loss: 4.4200
Epoch: 7, Batch: 350, Acc: 4.42%, Loss: 4.3833
Epoch: 7, Batch: 360, Acc: 4.38%, Loss: 4.4143
Epoch: 7, Batch: 370, Acc: 4.35%, Loss: 4.4161
Epoch: 7, Batch: 380, Acc: 4.40%, Loss: 4.3907
Epoch: 7, Batch: 390, Acc: 4.40%, Loss: 4.4054
Epoch: 7, Batch: 400, Acc: 4.37%, Loss: 4.4262
Epoch: 7, Batch: 410, Acc: 4.37%, Loss: 4.4079
Epoch: 7, Batch: 420, Acc: 4.37%, Loss: 4.3829
Epoch: 7, Batch: 430, Acc: 4.36%, Loss: 4.3947
Epoch: 7, Batch: 440, Acc: 4.34%, Loss: 4.4193
Epoch: 7, Batch: 450, Acc: 4.36%, Loss: 4.4055
Epoch: 7, Batch: 460, Acc: 4.40%, Loss: 4.3847
Epoch: 7, Batch: 470, Acc: 4.41%, Loss: 4.3906
Epoch: 7, Batch: 480, Acc: 4.39%, Loss: 4.3933
Epoch: 7, Batch: 490, Acc: 4.36%, Loss: 4.4189
Epoch: 7, Batch: 500, Acc: 4.34%, Loss: 4.3688
Epoch: 7, Batch: 510, Acc: 4.35%, Loss: 4.4039
Epoch: 7, Batch: 520, Acc: 4.35%, Loss: 4.3762
Epoch: 7, Batch: 530, Acc: 4.36%, Loss: 4.3840
Epoch: 7, Batch: 540, Acc: 4.37%, Loss: 4.3639
Epoch: 7, Batch: 550, Acc: 4.40%, Loss: 4.3602
Epoch: 7, Batch: 560, Acc: 4.41%, Loss: 4.3730
Epoch: 7, Batch: 570, Acc: 4.39%, Loss: 4.3869
Epoch: 7, Batch: 580, Acc: 4.43%, Loss: 4.3790
Epoch: 7, Batch: 590, Acc: 4.41%, Loss: 4.4214
Epoch: 7, Batch: 600, Acc: 4.41%, Loss: 4.3899
Epoch: 7, Batch: 610, Acc: 4.43%, Loss: 4.3604
Epoch: 7, Batch: 620, Acc: 4.43%, Loss: 4.3612
Epoch: 7, Batch: 630, Acc: 4.44%, Loss: 4.4063
Epoch: 7, Batch: 640, Acc: 4.44%, Loss: 4.3916
Epoch: 7, Batch: 650, Acc: 4.44%, Loss: 4.3927
Epoch: 7, Batch: 660, Acc: 4.45%, Loss: 4.4111
Epoch: 7, Batch: 670, Acc: 4.44%, Loss: 4.3938
Epoch: 7, Batch: 680, Acc: 4.44%, Loss: 4.3724
Epoch: 7, Batch: 690, Acc: 4.42%, Loss: 4.4282
Epoch: 7, Batch: 700, Acc: 4.42%, Loss: 4.3989
Epoch: 7, Batch: 710, Acc: 4.43%, Loss: 4.3692
Epoch: 7, Batch: 720, Acc: 4.42%, Loss: 4.4063
Epoch: 7, Batch: 730, Acc: 4.42%, Loss: 4.3467
Epoch: 7, Batch: 740, Acc: 4.40%, Loss: 4.4134
Epoch: 7, Batch: 750, Acc: 4.39%, Loss: 4.3976
Epoch: 7, Batch: 760, Acc: 4.38%, Loss: 4.3886
Epoch: 7, Batch: 770, Acc: 4.38%, Loss: 4.4236
Epoch: 7, Batch: 780, Acc: 4.38%, Loss: 4.3707
Accuracy on test set: 4.48%
Epoch: 8, Batch: 10, Acc: 2.50%, Loss: 4.4093
Epoch: 8, Batch: 20, Acc: 3.44%, Loss: 4.4022
Epoch: 8, Batch: 30, Acc: 3.96%, Loss: 4.3743
Epoch: 8, Batch: 40, Acc: 4.30%, Loss: 4.3693
Epoch: 8, Batch: 50, Acc: 4.47%, Loss: 4.3617
Epoch: 8, Batch: 60, Acc: 4.40%, Loss: 4.4120
Epoch: 8, Batch: 70, Acc: 4.40%, Loss: 4.3937
Epoch: 8, Batch: 80, Acc: 4.41%, Loss: 4.4078
Epoch: 8, Batch: 90, Acc: 4.32%, Loss: 4.4308
Epoch: 8, Batch: 100, Acc: 4.34%, Loss: 4.3752
Epoch: 8, Batch: 110, Acc: 4.39%, Loss: 4.3797
Epoch: 8, Batch: 120, Acc: 4.43%, Loss: 4.4141
Epoch: 8, Batch: 130, Acc: 4.47%, Loss: 4.3711
Epoch: 8, Batch: 140, Acc: 4.42%, Loss: 4.4042
Epoch: 8, Batch: 150, Acc: 4.51%, Loss: 4.3867
Epoch: 8, Batch: 160, Acc: 4.46%, Loss: 4.3650
Epoch: 8, Batch: 170, Acc: 4.43%, Loss: 4.3727
Epoch: 8, Batch: 180, Acc: 4.38%, Loss: 4.3783
Epoch: 8, Batch: 190, Acc: 4.37%, Loss: 4.4179
Epoch: 8, Batch: 200, Acc: 4.34%, Loss: 4.4293
Epoch: 8, Batch: 210, Acc: 4.36%, Loss: 4.4134
Epoch: 8, Batch: 220, Acc: 4.40%, Loss: 4.3677
Epoch: 8, Batch: 230, Acc: 4.37%, Loss: 4.3851
Epoch: 8, Batch: 240, Acc: 4.39%, Loss: 4.3790
Epoch: 8, Batch: 250, Acc: 4.41%, Loss: 4.3581
Epoch: 8, Batch: 260, Acc: 4.38%, Loss: 4.3800
Epoch: 8, Batch: 270, Acc: 4.39%, Loss: 4.3939
Epoch: 8, Batch: 280, Acc: 4.39%, Loss: 4.3786
Epoch: 8, Batch: 290, Acc: 4.40%, Loss: 4.3957
Epoch: 8, Batch: 300, Acc: 4.41%, Loss: 4.3860
Epoch: 8, Batch: 310, Acc: 4.44%, Loss: 4.4020
Epoch: 8, Batch: 320, Acc: 4.45%, Loss: 4.3663
Epoch: 8, Batch: 330, Acc: 4.46%, Loss: 4.3765
Epoch: 8, Batch: 340, Acc: 4.50%, Loss: 4.3495
Epoch: 8, Batch: 350, Acc: 4.46%, Loss: 4.4025
Epoch: 8, Batch: 360, Acc: 4.47%, Loss: 4.3855
Epoch: 8, Batch: 370, Acc: 4.46%, Loss: 4.4030
Epoch: 8, Batch: 380, Acc: 4.46%, Loss: 4.4077
Epoch: 8, Batch: 390, Acc: 4.46%, Loss: 4.3678
Epoch: 8, Batch: 400, Acc: 4.47%, Loss: 4.3821
Epoch: 8, Batch: 410, Acc: 4.46%, Loss: 4.3688
Epoch: 8, Batch: 420, Acc: 4.44%, Loss: 4.4015
Epoch: 8, Batch: 430, Acc: 4.45%, Loss: 4.3635
Epoch: 8, Batch: 440, Acc: 4.44%, Loss: 4.3842
Epoch: 8, Batch: 450, Acc: 4.48%, Loss: 4.3649
Epoch: 8, Batch: 460, Acc: 4.45%, Loss: 4.3853
Epoch: 8, Batch: 470, Acc: 4.47%, Loss: 4.3794
Epoch: 8, Batch: 480, Acc: 4.46%, Loss: 4.3822
Epoch: 8, Batch: 490, Acc: 4.47%, Loss: 4.3853
Epoch: 8, Batch: 500, Acc: 4.51%, Loss: 4.3468
Epoch: 8, Batch: 510, Acc: 4.49%, Loss: 4.3605
Epoch: 8, Batch: 520, Acc: 4.51%, Loss: 4.4095
Epoch: 8, Batch: 530, Acc: 4.51%, Loss: 4.3935
Epoch: 8, Batch: 540, Acc: 4.53%, Loss: 4.3840
Epoch: 8, Batch: 550, Acc: 4.53%, Loss: 4.3878
Epoch: 8, Batch: 560, Acc: 4.52%, Loss: 4.3646
Epoch: 8, Batch: 570, Acc: 4.53%, Loss: 4.3722
Epoch: 8, Batch: 580, Acc: 4.52%, Loss: 4.3772
Epoch: 8, Batch: 590, Acc: 4.52%, Loss: 4.3778
Epoch: 8, Batch: 600, Acc: 4.51%, Loss: 4.4083
Epoch: 8, Batch: 610, Acc: 4.52%, Loss: 4.3693
Epoch: 8, Batch: 620, Acc: 4.52%, Loss: 4.3558
Epoch: 8, Batch: 630, Acc: 4.53%, Loss: 4.3900
Epoch: 8, Batch: 640, Acc: 4.53%, Loss: 4.3312
Epoch: 8, Batch: 650, Acc: 4.56%, Loss: 4.3606
Epoch: 8, Batch: 660, Acc: 4.58%, Loss: 4.3718
Epoch: 8, Batch: 670, Acc: 4.56%, Loss: 4.3795
Epoch: 8, Batch: 680, Acc: 4.58%, Loss: 4.3442
Epoch: 8, Batch: 690, Acc: 4.58%, Loss: 4.3576
Epoch: 8, Batch: 700, Acc: 4.57%, Loss: 4.3728
Epoch: 8, Batch: 710, Acc: 4.58%, Loss: 4.3419
Epoch: 8, Batch: 720, Acc: 4.57%, Loss: 4.3705
Epoch: 8, Batch: 730, Acc: 4.57%, Loss: 4.4049
Epoch: 8, Batch: 740, Acc: 4.58%, Loss: 4.3915
Epoch: 8, Batch: 750, Acc: 4.59%, Loss: 4.3742
Epoch: 8, Batch: 760, Acc: 4.59%, Loss: 4.3679
Epoch: 8, Batch: 770, Acc: 4.59%, Loss: 4.3607
Epoch: 8, Batch: 780, Acc: 4.60%, Loss: 4.3710
Accuracy on test set: 4.47%
Epoch: 9, Batch: 10, Acc: 5.31%, Loss: 4.3663
Epoch: 9, Batch: 20, Acc: 4.45%, Loss: 4.4190
Epoch: 9, Batch: 30, Acc: 4.58%, Loss: 4.3525
Epoch: 9, Batch: 40, Acc: 4.65%, Loss: 4.3152
Epoch: 9, Batch: 50, Acc: 4.88%, Loss: 4.3910
Epoch: 9, Batch: 60, Acc: 4.82%, Loss: 4.4028
Epoch: 9, Batch: 70, Acc: 4.71%, Loss: 4.3936
Epoch: 9, Batch: 80, Acc: 4.88%, Loss: 4.3850
Epoch: 9, Batch: 90, Acc: 4.90%, Loss: 4.3655
Epoch: 9, Batch: 100, Acc: 4.86%, Loss: 4.3755
Epoch: 9, Batch: 110, Acc: 4.93%, Loss: 4.3324
Epoch: 9, Batch: 120, Acc: 4.93%, Loss: 4.4128
Epoch: 9, Batch: 130, Acc: 4.94%, Loss: 4.4052
Epoch: 9, Batch: 140, Acc: 5.06%, Loss: 4.3392
Epoch: 9, Batch: 150, Acc: 4.95%, Loss: 4.3925
Epoch: 9, Batch: 160, Acc: 4.86%, Loss: 4.3665
Epoch: 9, Batch: 170, Acc: 4.83%, Loss: 4.3511
Epoch: 9, Batch: 180, Acc: 4.90%, Loss: 4.3912
Epoch: 9, Batch: 190, Acc: 4.94%, Loss: 4.3926
Epoch: 9, Batch: 200, Acc: 4.91%, Loss: 4.3773
Epoch: 9, Batch: 210, Acc: 4.84%, Loss: 4.3566
Epoch: 9, Batch: 220, Acc: 4.79%, Loss: 4.3769
Epoch: 9, Batch: 230, Acc: 4.78%, Loss: 4.3633
Epoch: 9, Batch: 240, Acc: 4.73%, Loss: 4.3844
Epoch: 9, Batch: 250, Acc: 4.73%, Loss: 4.3786
Epoch: 9, Batch: 260, Acc: 4.70%, Loss: 4.3998
Epoch: 9, Batch: 270, Acc: 4.68%, Loss: 4.3584
Epoch: 9, Batch: 280, Acc: 4.67%, Loss: 4.3677
Epoch: 9, Batch: 290, Acc: 4.68%, Loss: 4.4139
Epoch: 9, Batch: 300, Acc: 4.69%, Loss: 4.3359
Epoch: 9, Batch: 310, Acc: 4.67%, Loss: 4.3832
Epoch: 9, Batch: 320, Acc: 4.67%, Loss: 4.3717
Epoch: 9, Batch: 330, Acc: 4.68%, Loss: 4.3688
Epoch: 9, Batch: 340, Acc: 4.67%, Loss: 4.3878
Epoch: 9, Batch: 350, Acc: 4.70%, Loss: 4.3305
Epoch: 9, Batch: 360, Acc: 4.71%, Loss: 4.3965
Epoch: 9, Batch: 370, Acc: 4.71%, Loss: 4.3672
Epoch: 9, Batch: 380, Acc: 4.70%, Loss: 4.3883
Epoch: 9, Batch: 390, Acc: 4.71%, Loss: 4.3485
Epoch: 9, Batch: 400, Acc: 4.75%, Loss: 4.3624
Epoch: 9, Batch: 410, Acc: 4.73%, Loss: 4.3731
Epoch: 9, Batch: 420, Acc: 4.75%, Loss: 4.3603
Epoch: 9, Batch: 430, Acc: 4.73%, Loss: 4.4061
Epoch: 9, Batch: 440, Acc: 4.73%, Loss: 4.3640
Epoch: 9, Batch: 450, Acc: 4.70%, Loss: 4.3529
Epoch: 9, Batch: 460, Acc: 4.68%, Loss: 4.3681
Epoch: 9, Batch: 470, Acc: 4.66%, Loss: 4.3915
Epoch: 9, Batch: 480, Acc: 4.65%, Loss: 4.3467
Epoch: 9, Batch: 490, Acc: 4.67%, Loss: 4.3707
Epoch: 9, Batch: 500, Acc: 4.66%, Loss: 4.3629
Epoch: 9, Batch: 510, Acc: 4.66%, Loss: 4.3715
Epoch: 9, Batch: 520, Acc: 4.68%, Loss: 4.3644
Epoch: 9, Batch: 530, Acc: 4.68%, Loss: 4.3484
Epoch: 9, Batch: 540, Acc: 4.68%, Loss: 4.3757
Epoch: 9, Batch: 550, Acc: 4.72%, Loss: 4.3106
Epoch: 9, Batch: 560, Acc: 4.70%, Loss: 4.3695
Epoch: 9, Batch: 570, Acc: 4.71%, Loss: 4.3530
Epoch: 9, Batch: 580, Acc: 4.72%, Loss: 4.3753
Epoch: 9, Batch: 590, Acc: 4.72%, Loss: 4.3328
Epoch: 9, Batch: 600, Acc: 4.72%, Loss: 4.3793
Epoch: 9, Batch: 610, Acc: 4.70%, Loss: 4.3709
Epoch: 9, Batch: 620, Acc: 4.69%, Loss: 4.3702
Epoch: 9, Batch: 630, Acc: 4.69%, Loss: 4.3615
Epoch: 9, Batch: 640, Acc: 4.67%, Loss: 4.3760
Epoch: 9, Batch: 650, Acc: 4.69%, Loss: 4.3669
Epoch: 9, Batch: 660, Acc: 4.66%, Loss: 4.4016
Epoch: 9, Batch: 670, Acc: 4.66%, Loss: 4.3977
Epoch: 9, Batch: 680, Acc: 4.68%, Loss: 4.3588
Epoch: 9, Batch: 690, Acc: 4.66%, Loss: 4.4084
Epoch: 9, Batch: 700, Acc: 4.66%, Loss: 4.3548
Epoch: 9, Batch: 710, Acc: 4.65%, Loss: 4.3633
Epoch: 9, Batch: 720, Acc: 4.66%, Loss: 4.3415
Epoch: 9, Batch: 730, Acc: 4.66%, Loss: 4.3819
Epoch: 9, Batch: 740, Acc: 4.65%, Loss: 4.3459
Epoch: 9, Batch: 750, Acc: 4.66%, Loss: 4.3978
Epoch: 9, Batch: 760, Acc: 4.66%, Loss: 4.3644
Epoch: 9, Batch: 770, Acc: 4.68%, Loss: 4.3299
Epoch: 9, Batch: 780, Acc: 4.69%, Loss: 4.3726
Accuracy on test set: 5.07%
Epoch: 10, Batch: 10, Acc: 5.16%, Loss: 4.3437
Epoch: 10, Batch: 20, Acc: 4.61%, Loss: 4.3805
Epoch: 10, Batch: 30, Acc: 4.69%, Loss: 4.3747
Epoch: 10, Batch: 40, Acc: 4.77%, Loss: 4.3448
Epoch: 10, Batch: 50, Acc: 4.62%, Loss: 4.3793
Epoch: 10, Batch: 60, Acc: 4.66%, Loss: 4.3605
Epoch: 10, Batch: 70, Acc: 4.71%, Loss: 4.3699
Epoch: 10, Batch: 80, Acc: 4.73%, Loss: 4.3668
Epoch: 10, Batch: 90, Acc: 4.74%, Loss: 4.3341
Epoch: 10, Batch: 100, Acc: 4.75%, Loss: 4.3927
Epoch: 10, Batch: 110, Acc: 4.77%, Loss: 4.3754
Epoch: 10, Batch: 120, Acc: 4.83%, Loss: 4.3998
Epoch: 10, Batch: 130, Acc: 4.88%, Loss: 4.3524
Epoch: 10, Batch: 140, Acc: 4.94%, Loss: 4.3513
Epoch: 10, Batch: 150, Acc: 4.98%, Loss: 4.3577
Epoch: 10, Batch: 160, Acc: 5.00%, Loss: 4.3318
Epoch: 10, Batch: 170, Acc: 5.03%, Loss: 4.3636
Epoch: 10, Batch: 180, Acc: 4.99%, Loss: 4.3706
Epoch: 10, Batch: 190, Acc: 4.94%, Loss: 4.3662
Epoch: 10, Batch: 200, Acc: 4.94%, Loss: 4.3435
Epoch: 10, Batch: 210, Acc: 4.87%, Loss: 4.3683
Epoch: 10, Batch: 220, Acc: 4.89%, Loss: 4.3841
Epoch: 10, Batch: 230, Acc: 4.94%, Loss: 4.3553
Epoch: 10, Batch: 240, Acc: 4.94%, Loss: 4.3499
Epoch: 10, Batch: 250, Acc: 4.92%, Loss: 4.3762
Epoch: 10, Batch: 260, Acc: 4.96%, Loss: 4.3436
Epoch: 10, Batch: 270, Acc: 4.95%, Loss: 4.3452
Epoch: 10, Batch: 280, Acc: 4.96%, Loss: 4.3433
Epoch: 10, Batch: 290, Acc: 4.92%, Loss: 4.3577
Epoch: 10, Batch: 300, Acc: 4.90%, Loss: 4.3982
Epoch: 10, Batch: 310, Acc: 4.89%, Loss: 4.3777
Epoch: 10, Batch: 320, Acc: 4.88%, Loss: 4.3370
Epoch: 10, Batch: 330, Acc: 4.87%, Loss: 4.3616
Epoch: 10, Batch: 340, Acc: 4.87%, Loss: 4.3593
Epoch: 10, Batch: 350, Acc: 4.88%, Loss: 4.3592
Epoch: 10, Batch: 360, Acc: 4.90%, Loss: 4.3588
Epoch: 10, Batch: 370, Acc: 4.91%, Loss: 4.3673
Epoch: 10, Batch: 380, Acc: 4.88%, Loss: 4.3633
Epoch: 10, Batch: 390, Acc: 4.87%, Loss: 4.3750
Epoch: 10, Batch: 400, Acc: 4.86%, Loss: 4.3764
Epoch: 10, Batch: 410, Acc: 4.87%, Loss: 4.3209
Epoch: 10, Batch: 420, Acc: 4.87%, Loss: 4.3542
Epoch: 10, Batch: 430, Acc: 4.87%, Loss: 4.3380
Epoch: 10, Batch: 440, Acc: 4.90%, Loss: 4.3844
Epoch: 10, Batch: 450, Acc: 4.88%, Loss: 4.3463
Epoch: 10, Batch: 460, Acc: 4.88%, Loss: 4.3975
Epoch: 10, Batch: 470, Acc: 4.88%, Loss: 4.3498
Epoch: 10, Batch: 480, Acc: 4.88%, Loss: 4.3937
Epoch: 10, Batch: 490, Acc: 4.89%, Loss: 4.3644
Epoch: 10, Batch: 500, Acc: 4.89%, Loss: 4.3138
Epoch: 10, Batch: 510, Acc: 4.90%, Loss: 4.3211
Epoch: 10, Batch: 520, Acc: 4.89%, Loss: 4.3513
Epoch: 10, Batch: 530, Acc: 4.88%, Loss: 4.3531
Epoch: 10, Batch: 540, Acc: 4.90%, Loss: 4.3810
Epoch: 10, Batch: 550, Acc: 4.89%, Loss: 4.3260
Epoch: 10, Batch: 560, Acc: 4.90%, Loss: 4.3585
Epoch: 10, Batch: 570, Acc: 4.94%, Loss: 4.3434
Epoch: 10, Batch: 580, Acc: 4.94%, Loss: 4.3650
Epoch: 10, Batch: 590, Acc: 4.95%, Loss: 4.3637
Epoch: 10, Batch: 600, Acc: 4.93%, Loss: 4.3967
Epoch: 10, Batch: 610, Acc: 4.94%, Loss: 4.3608
Epoch: 10, Batch: 620, Acc: 4.93%, Loss: 4.3923
Epoch: 10, Batch: 630, Acc: 4.93%, Loss: 4.3736
Epoch: 10, Batch: 640, Acc: 4.90%, Loss: 4.3886
Epoch: 10, Batch: 650, Acc: 4.90%, Loss: 4.3749
Epoch: 10, Batch: 660, Acc: 4.88%, Loss: 4.3572
Epoch: 10, Batch: 670, Acc: 4.88%, Loss: 4.3703
Epoch: 10, Batch: 680, Acc: 4.89%, Loss: 4.3155
Epoch: 10, Batch: 690, Acc: 4.91%, Loss: 4.3278
Epoch: 10, Batch: 700, Acc: 4.91%, Loss: 4.3826
Epoch: 10, Batch: 710, Acc: 4.90%, Loss: 4.3797
Epoch: 10, Batch: 720, Acc: 4.92%, Loss: 4.3437
Epoch: 10, Batch: 730, Acc: 4.92%, Loss: 4.3679
Epoch: 10, Batch: 740, Acc: 4.92%, Loss: 4.3631
Epoch: 10, Batch: 750, Acc: 4.92%, Loss: 4.3403
Epoch: 10, Batch: 760, Acc: 4.92%, Loss: 4.3504
Epoch: 10, Batch: 770, Acc: 4.91%, Loss: 4.3448
Epoch: 10, Batch: 780, Acc: 4.89%, Loss: 4.3735
Accuracy on test set: 5.01%
Epoch: 11, Batch: 10, Acc: 4.69%, Loss: 4.3263
Epoch: 11, Batch: 20, Acc: 4.53%, Loss: 4.3715
Epoch: 11, Batch: 30, Acc: 4.79%, Loss: 4.3852
Epoch: 11, Batch: 40, Acc: 4.80%, Loss: 4.3703
Epoch: 11, Batch: 50, Acc: 4.88%, Loss: 4.3600
Epoch: 11, Batch: 60, Acc: 4.77%, Loss: 4.3230
Epoch: 11, Batch: 70, Acc: 4.67%, Loss: 4.3790
Epoch: 11, Batch: 80, Acc: 4.71%, Loss: 4.3525
Epoch: 11, Batch: 90, Acc: 4.81%, Loss: 4.3552
Epoch: 11, Batch: 100, Acc: 4.84%, Loss: 4.3537
Epoch: 11, Batch: 110, Acc: 4.79%, Loss: 4.3729
Epoch: 11, Batch: 120, Acc: 4.80%, Loss: 4.3254
Epoch: 11, Batch: 130, Acc: 4.64%, Loss: 4.3712
Epoch: 11, Batch: 140, Acc: 4.62%, Loss: 4.3753
Epoch: 11, Batch: 150, Acc: 4.60%, Loss: 4.3478
Epoch: 11, Batch: 160, Acc: 4.67%, Loss: 4.3598
Epoch: 11, Batch: 170, Acc: 4.62%, Loss: 4.3589
Epoch: 11, Batch: 180, Acc: 4.65%, Loss: 4.3421
Epoch: 11, Batch: 190, Acc: 4.70%, Loss: 4.3420
Epoch: 11, Batch: 200, Acc: 4.70%, Loss: 4.3359
Epoch: 11, Batch: 210, Acc: 4.67%, Loss: 4.3439
Epoch: 11, Batch: 220, Acc: 4.64%, Loss: 4.3815
Epoch: 11, Batch: 230, Acc: 4.66%, Loss: 4.3853
Epoch: 11, Batch: 240, Acc: 4.71%, Loss: 4.3342
Epoch: 11, Batch: 250, Acc: 4.72%, Loss: 4.3430
Epoch: 11, Batch: 260, Acc: 4.72%, Loss: 4.3826
Epoch: 11, Batch: 270, Acc: 4.72%, Loss: 4.3336
Epoch: 11, Batch: 280, Acc: 4.74%, Loss: 4.2955
Epoch: 11, Batch: 290, Acc: 4.77%, Loss: 4.2943
Epoch: 11, Batch: 300, Acc: 4.78%, Loss: 4.3811
Epoch: 11, Batch: 310, Acc: 4.77%, Loss: 4.3200
Epoch: 11, Batch: 320, Acc: 4.81%, Loss: 4.3639
Epoch: 11, Batch: 330, Acc: 4.86%, Loss: 4.3309
Epoch: 11, Batch: 340, Acc: 4.85%, Loss: 4.3667
Epoch: 11, Batch: 350, Acc: 4.85%, Loss: 4.3491
Epoch: 11, Batch: 360, Acc: 4.87%, Loss: 4.3179
Epoch: 11, Batch: 370, Acc: 4.88%, Loss: 4.3730
Epoch: 11, Batch: 380, Acc: 4.87%, Loss: 4.3376
Epoch: 11, Batch: 390, Acc: 4.89%, Loss: 4.3347
Epoch: 11, Batch: 400, Acc: 4.90%, Loss: 4.3791
Epoch: 11, Batch: 410, Acc: 4.92%, Loss: 4.3594
Epoch: 11, Batch: 420, Acc: 4.93%, Loss: 4.3445
Epoch: 11, Batch: 430, Acc: 4.94%, Loss: 4.3669
Epoch: 11, Batch: 440, Acc: 4.96%, Loss: 4.3772
Epoch: 11, Batch: 450, Acc: 4.97%, Loss: 4.3498
Epoch: 11, Batch: 460, Acc: 4.94%, Loss: 4.3766
Epoch: 11, Batch: 470, Acc: 4.95%, Loss: 4.3542
Epoch: 11, Batch: 480, Acc: 4.97%, Loss: 4.3540
Epoch: 11, Batch: 490, Acc: 4.97%, Loss: 4.3733
Epoch: 11, Batch: 500, Acc: 4.97%, Loss: 4.3656
Epoch: 11, Batch: 510, Acc: 4.99%, Loss: 4.3154
Epoch: 11, Batch: 520, Acc: 5.00%, Loss: 4.3279
Epoch: 11, Batch: 530, Acc: 4.98%, Loss: 4.3720
Epoch: 11, Batch: 540, Acc: 5.00%, Loss: 4.3537
Epoch: 11, Batch: 550, Acc: 5.01%, Loss: 4.3732
Epoch: 11, Batch: 560, Acc: 4.98%, Loss: 4.3525
Epoch: 11, Batch: 570, Acc: 5.00%, Loss: 4.3444
Epoch: 11, Batch: 580, Acc: 5.00%, Loss: 4.3757
Epoch: 11, Batch: 590, Acc: 4.99%, Loss: 4.3586
Epoch: 11, Batch: 600, Acc: 4.97%, Loss: 4.3566
Epoch: 11, Batch: 610, Acc: 4.96%, Loss: 4.3776
Epoch: 11, Batch: 620, Acc: 4.96%, Loss: 4.3666
Epoch: 11, Batch: 630, Acc: 4.96%, Loss: 4.3273
Epoch: 11, Batch: 640, Acc: 4.95%, Loss: 4.3643
Epoch: 11, Batch: 650, Acc: 4.95%, Loss: 4.3294
Epoch: 11, Batch: 660, Acc: 4.96%, Loss: 4.3532
Epoch: 11, Batch: 670, Acc: 4.96%, Loss: 4.3605
Epoch: 11, Batch: 680, Acc: 4.94%, Loss: 4.3792
Epoch: 11, Batch: 690, Acc: 4.93%, Loss: 4.3332
Epoch: 11, Batch: 700, Acc: 4.94%, Loss: 4.3615
Epoch: 11, Batch: 710, Acc: 4.97%, Loss: 4.3215
Epoch: 11, Batch: 720, Acc: 4.98%, Loss: 4.3191
Epoch: 11, Batch: 730, Acc: 4.98%, Loss: 4.3434
Epoch: 11, Batch: 740, Acc: 4.99%, Loss: 4.3316
Epoch: 11, Batch: 750, Acc: 4.98%, Loss: 4.3657
Epoch: 11, Batch: 760, Acc: 4.96%, Loss: 4.3543
Epoch: 11, Batch: 770, Acc: 4.96%, Loss: 4.3788
Epoch: 11, Batch: 780, Acc: 4.97%, Loss: 4.3454
Accuracy on test set: 5.13%
Epoch: 12, Batch: 10, Acc: 4.38%, Loss: 4.3651
Epoch: 12, Batch: 20, Acc: 4.22%, Loss: 4.3908
Epoch: 12, Batch: 30, Acc: 3.85%, Loss: 4.3511
Epoch: 12, Batch: 40, Acc: 3.95%, Loss: 4.3255
Epoch: 12, Batch: 50, Acc: 4.19%, Loss: 4.3525
Epoch: 12, Batch: 60, Acc: 4.30%, Loss: 4.3375
Epoch: 12, Batch: 70, Acc: 4.58%, Loss: 4.3284
Epoch: 12, Batch: 80, Acc: 4.75%, Loss: 4.3262
Epoch: 12, Batch: 90, Acc: 4.77%, Loss: 4.3888
Epoch: 12, Batch: 100, Acc: 4.70%, Loss: 4.3608
Epoch: 12, Batch: 110, Acc: 4.84%, Loss: 4.3305
Epoch: 12, Batch: 120, Acc: 4.99%, Loss: 4.3258
Epoch: 12, Batch: 130, Acc: 4.84%, Loss: 4.3873
Epoch: 12, Batch: 140, Acc: 4.84%, Loss: 4.3359
Epoch: 12, Batch: 150, Acc: 4.90%, Loss: 4.3065
Epoch: 12, Batch: 160, Acc: 4.95%, Loss: 4.3089
Epoch: 12, Batch: 170, Acc: 4.94%, Loss: 4.3615
Epoch: 12, Batch: 180, Acc: 5.04%, Loss: 4.3021
Epoch: 12, Batch: 190, Acc: 5.08%, Loss: 4.3459
Epoch: 12, Batch: 200, Acc: 5.10%, Loss: 4.3422
Epoch: 12, Batch: 210, Acc: 5.10%, Loss: 4.3486
Epoch: 12, Batch: 220, Acc: 5.10%, Loss: 4.3321
Epoch: 12, Batch: 230, Acc: 5.10%, Loss: 4.3355
Epoch: 12, Batch: 240, Acc: 5.14%, Loss: 4.3012
Epoch: 12, Batch: 250, Acc: 5.16%, Loss: 4.3062
Epoch: 12, Batch: 260, Acc: 5.17%, Loss: 4.3569
Epoch: 12, Batch: 270, Acc: 5.12%, Loss: 4.3661
Epoch: 12, Batch: 280, Acc: 5.10%, Loss: 4.3273
Epoch: 12, Batch: 290, Acc: 5.12%, Loss: 4.3563
Epoch: 12, Batch: 300, Acc: 5.06%, Loss: 4.3919
Epoch: 12, Batch: 310, Acc: 5.02%, Loss: 4.3918
Epoch: 12, Batch: 320, Acc: 5.04%, Loss: 4.3294
Epoch: 12, Batch: 330, Acc: 5.07%, Loss: 4.3197
Epoch: 12, Batch: 340, Acc: 5.06%, Loss: 4.3436
Epoch: 12, Batch: 350, Acc: 5.06%, Loss: 4.3722
Epoch: 12, Batch: 360, Acc: 5.08%, Loss: 4.3321
Epoch: 12, Batch: 370, Acc: 5.05%, Loss: 4.3383
Epoch: 12, Batch: 380, Acc: 5.05%, Loss: 4.3165
Epoch: 12, Batch: 390, Acc: 5.03%, Loss: 4.3735
Epoch: 12, Batch: 400, Acc: 5.04%, Loss: 4.3585
Epoch: 12, Batch: 410, Acc: 5.05%, Loss: 4.3723
Epoch: 12, Batch: 420, Acc: 5.06%, Loss: 4.3308
Epoch: 12, Batch: 430, Acc: 5.05%, Loss: 4.3433
Epoch: 12, Batch: 440, Acc: 5.04%, Loss: 4.3721
Epoch: 12, Batch: 450, Acc: 5.01%, Loss: 4.3614
Epoch: 12, Batch: 460, Acc: 5.03%, Loss: 4.3328
Epoch: 12, Batch: 470, Acc: 5.04%, Loss: 4.3489
Epoch: 12, Batch: 480, Acc: 5.04%, Loss: 4.3264
Epoch: 12, Batch: 490, Acc: 5.05%, Loss: 4.3627
Epoch: 12, Batch: 500, Acc: 5.04%, Loss: 4.3397
Epoch: 12, Batch: 510, Acc: 5.06%, Loss: 4.3353
Epoch: 12, Batch: 520, Acc: 5.07%, Loss: 4.3334
Epoch: 12, Batch: 530, Acc: 5.07%, Loss: 4.3510
Epoch: 12, Batch: 540, Acc: 5.08%, Loss: 4.3269
Epoch: 12, Batch: 550, Acc: 5.10%, Loss: 4.2950
Epoch: 12, Batch: 560, Acc: 5.11%, Loss: 4.3537
Epoch: 12, Batch: 570, Acc: 5.09%, Loss: 4.3288
Epoch: 12, Batch: 580, Acc: 5.12%, Loss: 4.3190
Epoch: 12, Batch: 590, Acc: 5.11%, Loss: 4.3469
Epoch: 12, Batch: 600, Acc: 5.10%, Loss: 4.3352
Epoch: 12, Batch: 610, Acc: 5.12%, Loss: 4.3350
Epoch: 12, Batch: 620, Acc: 5.09%, Loss: 4.3808
Epoch: 12, Batch: 630, Acc: 5.08%, Loss: 4.3421
Epoch: 12, Batch: 640, Acc: 5.09%, Loss: 4.3377
Epoch: 12, Batch: 650, Acc: 5.08%, Loss: 4.3536
Epoch: 12, Batch: 660, Acc: 5.08%, Loss: 4.3058
Epoch: 12, Batch: 670, Acc: 5.08%, Loss: 4.3324
Epoch: 12, Batch: 680, Acc: 5.08%, Loss: 4.3441
Epoch: 12, Batch: 690, Acc: 5.08%, Loss: 4.3898
Epoch: 12, Batch: 700, Acc: 5.07%, Loss: 4.3758
Epoch: 12, Batch: 710, Acc: 5.05%, Loss: 4.3829
Epoch: 12, Batch: 720, Acc: 5.03%, Loss: 4.3723
Epoch: 12, Batch: 730, Acc: 5.01%, Loss: 4.3390
Epoch: 12, Batch: 740, Acc: 5.00%, Loss: 4.3611
Epoch: 12, Batch: 750, Acc: 4.99%, Loss: 4.3526
Epoch: 12, Batch: 760, Acc: 5.00%, Loss: 4.3478
Epoch: 12, Batch: 770, Acc: 5.00%, Loss: 4.3524
Epoch: 12, Batch: 780, Acc: 5.02%, Loss: 4.3625
Accuracy on test set: 5.09%
Epoch: 13, Batch: 10, Acc: 4.69%, Loss: 4.3316
Epoch: 13, Batch: 20, Acc: 3.91%, Loss: 4.3700
Epoch: 13, Batch: 30, Acc: 4.27%, Loss: 4.3449
Epoch: 13, Batch: 40, Acc: 4.69%, Loss: 4.3224
Epoch: 13, Batch: 50, Acc: 4.47%, Loss: 4.3736
Epoch: 13, Batch: 60, Acc: 4.48%, Loss: 4.3147
Epoch: 13, Batch: 70, Acc: 4.58%, Loss: 4.3308
Epoch: 13, Batch: 80, Acc: 4.69%, Loss: 4.3777
Epoch: 13, Batch: 90, Acc: 4.77%, Loss: 4.3441
Epoch: 13, Batch: 100, Acc: 4.84%, Loss: 4.3524
Epoch: 13, Batch: 110, Acc: 4.84%, Loss: 4.3187
Epoch: 13, Batch: 120, Acc: 4.83%, Loss: 4.4057
Epoch: 13, Batch: 130, Acc: 4.83%, Loss: 4.3350
Epoch: 13, Batch: 140, Acc: 4.92%, Loss: 4.3228
Epoch: 13, Batch: 150, Acc: 4.92%, Loss: 4.3631
Epoch: 13, Batch: 160, Acc: 4.86%, Loss: 4.3461
Epoch: 13, Batch: 170, Acc: 4.93%, Loss: 4.3304
Epoch: 13, Batch: 180, Acc: 4.92%, Loss: 4.3494
Epoch: 13, Batch: 190, Acc: 4.87%, Loss: 4.3621
Epoch: 13, Batch: 200, Acc: 4.87%, Loss: 4.3463
Epoch: 13, Batch: 210, Acc: 4.94%, Loss: 4.3490
Epoch: 13, Batch: 220, Acc: 4.91%, Loss: 4.3392
Epoch: 13, Batch: 230, Acc: 4.87%, Loss: 4.3376
Epoch: 13, Batch: 240, Acc: 4.86%, Loss: 4.3734
Epoch: 13, Batch: 250, Acc: 4.84%, Loss: 4.3394
Epoch: 13, Batch: 260, Acc: 4.91%, Loss: 4.3044
Epoch: 13, Batch: 270, Acc: 4.97%, Loss: 4.3330
Epoch: 13, Batch: 280, Acc: 5.02%, Loss: 4.3335
Epoch: 13, Batch: 290, Acc: 4.99%, Loss: 4.3325
Epoch: 13, Batch: 300, Acc: 4.98%, Loss: 4.3591
Epoch: 13, Batch: 310, Acc: 4.98%, Loss: 4.2988
Epoch: 13, Batch: 320, Acc: 5.00%, Loss: 4.3269
Epoch: 13, Batch: 330, Acc: 5.00%, Loss: 4.3789
Epoch: 13, Batch: 340, Acc: 5.00%, Loss: 4.3593
Epoch: 13, Batch: 350, Acc: 5.01%, Loss: 4.3420
Epoch: 13, Batch: 360, Acc: 5.02%, Loss: 4.3411
Epoch: 13, Batch: 370, Acc: 5.02%, Loss: 4.3488
Epoch: 13, Batch: 380, Acc: 5.02%, Loss: 4.3393
Epoch: 13, Batch: 390, Acc: 5.07%, Loss: 4.3133
Epoch: 13, Batch: 400, Acc: 5.04%, Loss: 4.3452
Epoch: 13, Batch: 410, Acc: 5.06%, Loss: 4.3115
Epoch: 13, Batch: 420, Acc: 5.07%, Loss: 4.3428
Epoch: 13, Batch: 430, Acc: 5.04%, Loss: 4.3554
Epoch: 13, Batch: 440, Acc: 5.05%, Loss: 4.3079
Epoch: 13, Batch: 450, Acc: 5.05%, Loss: 4.3348
Epoch: 13, Batch: 460, Acc: 5.04%, Loss: 4.3911
Epoch: 13, Batch: 470, Acc: 5.03%, Loss: 4.3491
Epoch: 13, Batch: 480, Acc: 5.06%, Loss: 4.2992
Epoch: 13, Batch: 490, Acc: 5.07%, Loss: 4.2800
Epoch: 13, Batch: 500, Acc: 5.08%, Loss: 4.3562
Epoch: 13, Batch: 510, Acc: 5.09%, Loss: 4.3656
Epoch: 13, Batch: 520, Acc: 5.09%, Loss: 4.3618
Epoch: 13, Batch: 530, Acc: 5.11%, Loss: 4.3470
Epoch: 13, Batch: 540, Acc: 5.15%, Loss: 4.3499
Epoch: 13, Batch: 550, Acc: 5.14%, Loss: 4.3325
Epoch: 13, Batch: 560, Acc: 5.15%, Loss: 4.3276
Epoch: 13, Batch: 570, Acc: 5.16%, Loss: 4.3083
Epoch: 13, Batch: 580, Acc: 5.16%, Loss: 4.3206
Epoch: 13, Batch: 590, Acc: 5.18%, Loss: 4.3392
Epoch: 13, Batch: 600, Acc: 5.17%, Loss: 4.3536
Epoch: 13, Batch: 610, Acc: 5.17%, Loss: 4.3317
Epoch: 13, Batch: 620, Acc: 5.16%, Loss: 4.3211
Epoch: 13, Batch: 630, Acc: 5.18%, Loss: 4.2985
Epoch: 13, Batch: 640, Acc: 5.18%, Loss: 4.3031
Epoch: 13, Batch: 650, Acc: 5.17%, Loss: 4.3511
Epoch: 13, Batch: 660, Acc: 5.19%, Loss: 4.2922
Epoch: 13, Batch: 670, Acc: 5.18%, Loss: 4.3412
Epoch: 13, Batch: 680, Acc: 5.16%, Loss: 4.3560
Epoch: 13, Batch: 690, Acc: 5.17%, Loss: 4.3294
Epoch: 13, Batch: 700, Acc: 5.17%, Loss: 4.3488
Epoch: 13, Batch: 710, Acc: 5.16%, Loss: 4.3685
Epoch: 13, Batch: 720, Acc: 5.16%, Loss: 4.3525
Epoch: 13, Batch: 730, Acc: 5.18%, Loss: 4.3322
Epoch: 13, Batch: 740, Acc: 5.19%, Loss: 4.3148
Epoch: 13, Batch: 750, Acc: 5.19%, Loss: 4.3477
Epoch: 13, Batch: 760, Acc: 5.19%, Loss: 4.3178
Epoch: 13, Batch: 770, Acc: 5.20%, Loss: 4.3515
Epoch: 13, Batch: 780, Acc: 5.21%, Loss: 4.3114
Accuracy on test set: 5.36%
Epoch: 14, Batch: 10, Acc: 4.84%, Loss: 4.3242
Epoch: 14, Batch: 20, Acc: 4.92%, Loss: 4.3369
Epoch: 14, Batch: 30, Acc: 5.10%, Loss: 4.3147
Epoch: 14, Batch: 40, Acc: 5.23%, Loss: 4.3131
Epoch: 14, Batch: 50, Acc: 5.16%, Loss: 4.3108
Epoch: 14, Batch: 60, Acc: 5.00%, Loss: 4.3162
Epoch: 14, Batch: 70, Acc: 5.04%, Loss: 4.3210
Epoch: 14, Batch: 80, Acc: 5.12%, Loss: 4.3198
Epoch: 14, Batch: 90, Acc: 5.10%, Loss: 4.3264
Epoch: 14, Batch: 100, Acc: 5.19%, Loss: 4.3193
Epoch: 14, Batch: 110, Acc: 5.16%, Loss: 4.2954
Epoch: 14, Batch: 120, Acc: 5.16%, Loss: 4.3396
Epoch: 14, Batch: 130, Acc: 5.20%, Loss: 4.3583
Epoch: 14, Batch: 140, Acc: 5.33%, Loss: 4.3442
Epoch: 14, Batch: 150, Acc: 5.29%, Loss: 4.3411
Epoch: 14, Batch: 160, Acc: 5.40%, Loss: 4.3161
Epoch: 14, Batch: 170, Acc: 5.28%, Loss: 4.3529
Epoch: 14, Batch: 180, Acc: 5.36%, Loss: 4.2997
Epoch: 14, Batch: 190, Acc: 5.42%, Loss: 4.3691
Epoch: 14, Batch: 200, Acc: 5.42%, Loss: 4.3329
Epoch: 14, Batch: 210, Acc: 5.39%, Loss: 4.3484
Epoch: 14, Batch: 220, Acc: 5.39%, Loss: 4.3585
Epoch: 14, Batch: 230, Acc: 5.35%, Loss: 4.3545
Epoch: 14, Batch: 240, Acc: 5.36%, Loss: 4.3202
Epoch: 14, Batch: 250, Acc: 5.33%, Loss: 4.3741
Epoch: 14, Batch: 260, Acc: 5.32%, Loss: 4.3298
Epoch: 14, Batch: 270, Acc: 5.32%, Loss: 4.3844
Epoch: 14, Batch: 280, Acc: 5.32%, Loss: 4.3394
Epoch: 14, Batch: 290, Acc: 5.36%, Loss: 4.3126
Epoch: 14, Batch: 300, Acc: 5.35%, Loss: 4.3265
Epoch: 14, Batch: 310, Acc: 5.35%, Loss: 4.3283
Epoch: 14, Batch: 320, Acc: 5.40%, Loss: 4.3308
Epoch: 14, Batch: 330, Acc: 5.42%, Loss: 4.3723
Epoch: 14, Batch: 340, Acc: 5.44%, Loss: 4.2979
Epoch: 14, Batch: 350, Acc: 5.39%, Loss: 4.3663
Epoch: 14, Batch: 360, Acc: 5.36%, Loss: 4.3430
Epoch: 14, Batch: 370, Acc: 5.36%, Loss: 4.3405
Epoch: 14, Batch: 380, Acc: 5.35%, Loss: 4.2953
Epoch: 14, Batch: 390, Acc: 5.37%, Loss: 4.2829
Epoch: 14, Batch: 400, Acc: 5.37%, Loss: 4.3260
Epoch: 14, Batch: 410, Acc: 5.37%, Loss: 4.3432
Epoch: 14, Batch: 420, Acc: 5.38%, Loss: 4.3078
Epoch: 14, Batch: 430, Acc: 5.39%, Loss: 4.3504
Epoch: 14, Batch: 440, Acc: 5.43%, Loss: 4.3588
Epoch: 14, Batch: 450, Acc: 5.38%, Loss: 4.3505
Epoch: 14, Batch: 460, Acc: 5.37%, Loss: 4.3496
Epoch: 14, Batch: 470, Acc: 5.34%, Loss: 4.3591
Epoch: 14, Batch: 480, Acc: 5.33%, Loss: 4.3232
Epoch: 14, Batch: 490, Acc: 5.32%, Loss: 4.3366
Epoch: 14, Batch: 500, Acc: 5.30%, Loss: 4.3205
Epoch: 14, Batch: 510, Acc: 5.32%, Loss: 4.3877
Epoch: 14, Batch: 520, Acc: 5.29%, Loss: 4.3168
Epoch: 14, Batch: 530, Acc: 5.29%, Loss: 4.3507
Epoch: 14, Batch: 540, Acc: 5.30%, Loss: 4.3274
Epoch: 14, Batch: 550, Acc: 5.28%, Loss: 4.3130
Epoch: 14, Batch: 560, Acc: 5.26%, Loss: 4.3318
Epoch: 14, Batch: 570, Acc: 5.24%, Loss: 4.3907
Epoch: 14, Batch: 580, Acc: 5.23%, Loss: 4.3243
Epoch: 14, Batch: 590, Acc: 5.22%, Loss: 4.3005
Epoch: 14, Batch: 600, Acc: 5.24%, Loss: 4.3103
Epoch: 14, Batch: 610, Acc: 5.25%, Loss: 4.3261
Epoch: 14, Batch: 620, Acc: 5.24%, Loss: 4.3568
Epoch: 14, Batch: 630, Acc: 5.25%, Loss: 4.3388
Epoch: 14, Batch: 640, Acc: 5.25%, Loss: 4.3455
Epoch: 14, Batch: 650, Acc: 5.27%, Loss: 4.2785
Epoch: 14, Batch: 660, Acc: 5.27%, Loss: 4.3337
Epoch: 14, Batch: 670, Acc: 5.29%, Loss: 4.3174
Epoch: 14, Batch: 680, Acc: 5.28%, Loss: 4.3558
Epoch: 14, Batch: 690, Acc: 5.27%, Loss: 4.3501
Epoch: 14, Batch: 700, Acc: 5.26%, Loss: 4.3519
Epoch: 14, Batch: 710, Acc: 5.26%, Loss: 4.3357
Epoch: 14, Batch: 720, Acc: 5.26%, Loss: 4.3512
Epoch: 14, Batch: 730, Acc: 5.28%, Loss: 4.3542
Epoch: 14, Batch: 740, Acc: 5.29%, Loss: 4.2820
Epoch: 14, Batch: 750, Acc: 5.29%, Loss: 4.2945
Epoch: 14, Batch: 760, Acc: 5.29%, Loss: 4.3209
Epoch: 14, Batch: 770, Acc: 5.29%, Loss: 4.3060
Epoch: 14, Batch: 780, Acc: 5.29%, Loss: 4.3165
Accuracy on test set: 5.47%
Epoch: 15, Batch: 10, Acc: 5.00%, Loss: 4.3198
Epoch: 15, Batch: 20, Acc: 6.09%, Loss: 4.3006
Epoch: 15, Batch: 30, Acc: 5.57%, Loss: 4.3602
Epoch: 15, Batch: 40, Acc: 5.47%, Loss: 4.3299
Epoch: 15, Batch: 50, Acc: 5.59%, Loss: 4.2855
Epoch: 15, Batch: 60, Acc: 5.60%, Loss: 4.3441
Epoch: 15, Batch: 70, Acc: 5.62%, Loss: 4.3033
Epoch: 15, Batch: 80, Acc: 5.76%, Loss: 4.3028
Epoch: 15, Batch: 90, Acc: 5.69%, Loss: 4.3452
Epoch: 15, Batch: 100, Acc: 5.53%, Loss: 4.3505
Epoch: 15, Batch: 110, Acc: 5.44%, Loss: 4.3364
Epoch: 15, Batch: 120, Acc: 5.51%, Loss: 4.3237
Epoch: 15, Batch: 130, Acc: 5.37%, Loss: 4.3281
Epoch: 15, Batch: 140, Acc: 5.42%, Loss: 4.3234
Epoch: 15, Batch: 150, Acc: 5.30%, Loss: 4.3645
Epoch: 15, Batch: 160, Acc: 5.36%, Loss: 4.3297
Epoch: 15, Batch: 170, Acc: 5.41%, Loss: 4.3504
Epoch: 15, Batch: 180, Acc: 5.41%, Loss: 4.3141
Epoch: 15, Batch: 190, Acc: 5.36%, Loss: 4.3526
Epoch: 15, Batch: 200, Acc: 5.30%, Loss: 4.3265
Epoch: 15, Batch: 210, Acc: 5.35%, Loss: 4.3055
Epoch: 15, Batch: 220, Acc: 5.33%, Loss: 4.3504
Epoch: 15, Batch: 230, Acc: 5.29%, Loss: 4.3501
Epoch: 15, Batch: 240, Acc: 5.27%, Loss: 4.3323
Epoch: 15, Batch: 250, Acc: 5.30%, Loss: 4.3119
Epoch: 15, Batch: 260, Acc: 5.31%, Loss: 4.3487
Epoch: 15, Batch: 270, Acc: 5.32%, Loss: 4.3006
Epoch: 15, Batch: 280, Acc: 5.33%, Loss: 4.3178
Epoch: 15, Batch: 290, Acc: 5.39%, Loss: 4.3351
Epoch: 15, Batch: 300, Acc: 5.34%, Loss: 4.3762
Epoch: 15, Batch: 310, Acc: 5.32%, Loss: 4.3062
Epoch: 15, Batch: 320, Acc: 5.34%, Loss: 4.3589
Epoch: 15, Batch: 330, Acc: 5.31%, Loss: 4.3352
Epoch: 15, Batch: 340, Acc: 5.33%, Loss: 4.3215
Epoch: 15, Batch: 350, Acc: 5.34%, Loss: 4.3309
Epoch: 15, Batch: 360, Acc: 5.35%, Loss: 4.3341
Epoch: 15, Batch: 370, Acc: 5.34%, Loss: 4.3244
Epoch: 15, Batch: 380, Acc: 5.30%, Loss: 4.3751
Epoch: 15, Batch: 390, Acc: 5.32%, Loss: 4.2911
Epoch: 15, Batch: 400, Acc: 5.31%, Loss: 4.3056
Epoch: 15, Batch: 410, Acc: 5.33%, Loss: 4.3554
Epoch: 15, Batch: 420, Acc: 5.31%, Loss: 4.2931
Epoch: 15, Batch: 430, Acc: 5.31%, Loss: 4.3552
Epoch: 15, Batch: 440, Acc: 5.30%, Loss: 4.3169
Epoch: 15, Batch: 450, Acc: 5.27%, Loss: 4.3414
Epoch: 15, Batch: 460, Acc: 5.29%, Loss: 4.3208
Epoch: 15, Batch: 470, Acc: 5.32%, Loss: 4.2845
Epoch: 15, Batch: 480, Acc: 5.33%, Loss: 4.3169
Epoch: 15, Batch: 490, Acc: 5.34%, Loss: 4.2921
Epoch: 15, Batch: 500, Acc: 5.32%, Loss: 4.3470
Epoch: 15, Batch: 510, Acc: 5.34%, Loss: 4.3320
Epoch: 15, Batch: 520, Acc: 5.36%, Loss: 4.3060
Epoch: 15, Batch: 530, Acc: 5.34%, Loss: 4.3541
Epoch: 15, Batch: 540, Acc: 5.34%, Loss: 4.2964
Epoch: 15, Batch: 550, Acc: 5.33%, Loss: 4.3441
Epoch: 15, Batch: 560, Acc: 5.33%, Loss: 4.3420
Epoch: 15, Batch: 570, Acc: 5.32%, Loss: 4.3379
Epoch: 15, Batch: 580, Acc: 5.32%, Loss: 4.3373
Epoch: 15, Batch: 590, Acc: 5.32%, Loss: 4.2894
Epoch: 15, Batch: 600, Acc: 5.33%, Loss: 4.3105
Epoch: 15, Batch: 610, Acc: 5.35%, Loss: 4.3056
Epoch: 15, Batch: 620, Acc: 5.32%, Loss: 4.3516
Epoch: 15, Batch: 630, Acc: 5.30%, Loss: 4.3681
Epoch: 15, Batch: 640, Acc: 5.33%, Loss: 4.3217
Epoch: 15, Batch: 650, Acc: 5.34%, Loss: 4.3059
Epoch: 15, Batch: 660, Acc: 5.35%, Loss: 4.3033
Epoch: 15, Batch: 670, Acc: 5.34%, Loss: 4.3341
Epoch: 15, Batch: 680, Acc: 5.35%, Loss: 4.3333
Epoch: 15, Batch: 690, Acc: 5.37%, Loss: 4.3157
Epoch: 15, Batch: 700, Acc: 5.37%, Loss: 4.3254
Epoch: 15, Batch: 710, Acc: 5.37%, Loss: 4.2936
Epoch: 15, Batch: 720, Acc: 5.36%, Loss: 4.3492
Epoch: 15, Batch: 730, Acc: 5.37%, Loss: 4.3063
Epoch: 15, Batch: 740, Acc: 5.38%, Loss: 4.3180
Epoch: 15, Batch: 750, Acc: 5.36%, Loss: 4.3555
Epoch: 15, Batch: 760, Acc: 5.37%, Loss: 4.3272
Epoch: 15, Batch: 770, Acc: 5.37%, Loss: 4.3345
Epoch: 15, Batch: 780, Acc: 5.36%, Loss: 4.3235
Accuracy on test set: 5.31%
Epoch: 16, Batch: 10, Acc: 5.78%, Loss: 4.3946
Epoch: 16, Batch: 20, Acc: 5.47%, Loss: 4.3276
Epoch: 16, Batch: 30, Acc: 6.04%, Loss: 4.3350
Epoch: 16, Batch: 40, Acc: 5.94%, Loss: 4.3166
Epoch: 16, Batch: 50, Acc: 5.78%, Loss: 4.3387
Epoch: 16, Batch: 60, Acc: 5.96%, Loss: 4.3047
Epoch: 16, Batch: 70, Acc: 6.23%, Loss: 4.2890
Epoch: 16, Batch: 80, Acc: 6.15%, Loss: 4.2995
Epoch: 16, Batch: 90, Acc: 6.09%, Loss: 4.3200
Epoch: 16, Batch: 100, Acc: 6.05%, Loss: 4.3106
Epoch: 16, Batch: 110, Acc: 6.07%, Loss: 4.2927
Epoch: 16, Batch: 120, Acc: 6.00%, Loss: 4.2981
Epoch: 16, Batch: 130, Acc: 5.91%, Loss: 4.3731
Epoch: 16, Batch: 140, Acc: 5.89%, Loss: 4.3566
Epoch: 16, Batch: 150, Acc: 5.91%, Loss: 4.2960
Epoch: 16, Batch: 160, Acc: 5.82%, Loss: 4.3317
Epoch: 16, Batch: 170, Acc: 5.76%, Loss: 4.3309
Epoch: 16, Batch: 180, Acc: 5.79%, Loss: 4.3072
Epoch: 16, Batch: 190, Acc: 5.72%, Loss: 4.3522
Epoch: 16, Batch: 200, Acc: 5.70%, Loss: 4.3148
Epoch: 16, Batch: 210, Acc: 5.74%, Loss: 4.2934
Epoch: 16, Batch: 220, Acc: 5.78%, Loss: 4.3125
Epoch: 16, Batch: 230, Acc: 5.79%, Loss: 4.3211
Epoch: 16, Batch: 240, Acc: 5.81%, Loss: 4.3045
Epoch: 16, Batch: 250, Acc: 5.78%, Loss: 4.3157
Epoch: 16, Batch: 260, Acc: 5.76%, Loss: 4.3047
Epoch: 16, Batch: 270, Acc: 5.77%, Loss: 4.2824
Epoch: 16, Batch: 280, Acc: 5.71%, Loss: 4.3534
Epoch: 16, Batch: 290, Acc: 5.68%, Loss: 4.3211
Epoch: 16, Batch: 300, Acc: 5.69%, Loss: 4.3173
Epoch: 16, Batch: 310, Acc: 5.68%, Loss: 4.3088
Epoch: 16, Batch: 320, Acc: 5.68%, Loss: 4.2616
Epoch: 16, Batch: 330, Acc: 5.67%, Loss: 4.3162
Epoch: 16, Batch: 340, Acc: 5.63%, Loss: 4.3633
Epoch: 16, Batch: 350, Acc: 5.62%, Loss: 4.3222
Epoch: 16, Batch: 360, Acc: 5.61%, Loss: 4.3077
Epoch: 16, Batch: 370, Acc: 5.58%, Loss: 4.3173
Epoch: 16, Batch: 380, Acc: 5.61%, Loss: 4.3228
Epoch: 16, Batch: 390, Acc: 5.59%, Loss: 4.3727
Epoch: 16, Batch: 400, Acc: 5.62%, Loss: 4.3446
Epoch: 16, Batch: 410, Acc: 5.65%, Loss: 4.2337
Epoch: 16, Batch: 420, Acc: 5.64%, Loss: 4.3423
Epoch: 16, Batch: 430, Acc: 5.66%, Loss: 4.2974
Epoch: 16, Batch: 440, Acc: 5.68%, Loss: 4.2921
Epoch: 16, Batch: 450, Acc: 5.68%, Loss: 4.3470
Epoch: 16, Batch: 460, Acc: 5.64%, Loss: 4.3368
Epoch: 16, Batch: 470, Acc: 5.65%, Loss: 4.3620
Epoch: 16, Batch: 480, Acc: 5.67%, Loss: 4.3082
Epoch: 16, Batch: 490, Acc: 5.61%, Loss: 4.3482
Epoch: 16, Batch: 500, Acc: 5.60%, Loss: 4.2978
Epoch: 16, Batch: 510, Acc: 5.58%, Loss: 4.3351
Epoch: 16, Batch: 520, Acc: 5.57%, Loss: 4.2981
Epoch: 16, Batch: 530, Acc: 5.56%, Loss: 4.3515
Epoch: 16, Batch: 540, Acc: 5.56%, Loss: 4.3490
Epoch: 16, Batch: 550, Acc: 5.54%, Loss: 4.2966
Epoch: 16, Batch: 560, Acc: 5.54%, Loss: 4.3213
Epoch: 16, Batch: 570, Acc: 5.53%, Loss: 4.3281
Epoch: 16, Batch: 580, Acc: 5.51%, Loss: 4.3536
Epoch: 16, Batch: 590, Acc: 5.52%, Loss: 4.3455
Epoch: 16, Batch: 600, Acc: 5.51%, Loss: 4.3420
Epoch: 16, Batch: 610, Acc: 5.50%, Loss: 4.2972
Epoch: 16, Batch: 620, Acc: 5.49%, Loss: 4.3148
Epoch: 16, Batch: 630, Acc: 5.48%, Loss: 4.3400
Epoch: 16, Batch: 640, Acc: 5.48%, Loss: 4.3240
Epoch: 16, Batch: 650, Acc: 5.47%, Loss: 4.3470
Epoch: 16, Batch: 660, Acc: 5.45%, Loss: 4.3463
Epoch: 16, Batch: 670, Acc: 5.45%, Loss: 4.2967
Epoch: 16, Batch: 680, Acc: 5.44%, Loss: 4.2967
Epoch: 16, Batch: 690, Acc: 5.46%, Loss: 4.2913
Epoch: 16, Batch: 700, Acc: 5.46%, Loss: 4.3294
Epoch: 16, Batch: 710, Acc: 5.46%, Loss: 4.3133
Epoch: 16, Batch: 720, Acc: 5.44%, Loss: 4.3271
Epoch: 16, Batch: 730, Acc: 5.44%, Loss: 4.3428
Epoch: 16, Batch: 740, Acc: 5.43%, Loss: 4.3432
Epoch: 16, Batch: 750, Acc: 5.43%, Loss: 4.2938
Epoch: 16, Batch: 760, Acc: 5.44%, Loss: 4.3435
Epoch: 16, Batch: 770, Acc: 5.45%, Loss: 4.3230
Epoch: 16, Batch: 780, Acc: 5.44%, Loss: 4.3334
Accuracy on test set: 5.67%
Epoch: 17, Batch: 10, Acc: 5.00%, Loss: 4.3282
Epoch: 17, Batch: 20, Acc: 5.62%, Loss: 4.2820
Epoch: 17, Batch: 30, Acc: 5.10%, Loss: 4.2982
Epoch: 17, Batch: 40, Acc: 5.04%, Loss: 4.3389
Epoch: 17, Batch: 50, Acc: 4.78%, Loss: 4.3747
Epoch: 17, Batch: 60, Acc: 5.00%, Loss: 4.3201
Epoch: 17, Batch: 70, Acc: 5.02%, Loss: 4.3133
Epoch: 17, Batch: 80, Acc: 5.18%, Loss: 4.3190
Epoch: 17, Batch: 90, Acc: 5.42%, Loss: 4.2707
Epoch: 17, Batch: 100, Acc: 5.38%, Loss: 4.3168
Epoch: 17, Batch: 110, Acc: 5.31%, Loss: 4.3329
Epoch: 17, Batch: 120, Acc: 5.29%, Loss: 4.3294
Epoch: 17, Batch: 130, Acc: 5.30%, Loss: 4.3408
Epoch: 17, Batch: 140, Acc: 5.31%, Loss: 4.3350
Epoch: 17, Batch: 150, Acc: 5.27%, Loss: 4.3506
Epoch: 17, Batch: 160, Acc: 5.21%, Loss: 4.3492
Epoch: 17, Batch: 170, Acc: 5.13%, Loss: 4.3396
Epoch: 17, Batch: 180, Acc: 5.14%, Loss: 4.3327
Epoch: 17, Batch: 190, Acc: 5.12%, Loss: 4.2544
Epoch: 17, Batch: 200, Acc: 5.22%, Loss: 4.2663
Epoch: 17, Batch: 210, Acc: 5.21%, Loss: 4.3346
Epoch: 17, Batch: 220, Acc: 5.28%, Loss: 4.2918
Epoch: 17, Batch: 230, Acc: 5.29%, Loss: 4.3146
Epoch: 17, Batch: 240, Acc: 5.29%, Loss: 4.3279
Epoch: 17, Batch: 250, Acc: 5.26%, Loss: 4.3423
Epoch: 17, Batch: 260, Acc: 5.25%, Loss: 4.3067
Epoch: 17, Batch: 270, Acc: 5.30%, Loss: 4.3186
Epoch: 17, Batch: 280, Acc: 5.30%, Loss: 4.3112
Epoch: 17, Batch: 290, Acc: 5.32%, Loss: 4.2966
Epoch: 17, Batch: 300, Acc: 5.35%, Loss: 4.3715
Epoch: 17, Batch: 310, Acc: 5.33%, Loss: 4.3375
Epoch: 17, Batch: 320, Acc: 5.38%, Loss: 4.2886
Epoch: 17, Batch: 330, Acc: 5.36%, Loss: 4.3130
Epoch: 17, Batch: 340, Acc: 5.38%, Loss: 4.3089
Epoch: 17, Batch: 350, Acc: 5.38%, Loss: 4.3275
Epoch: 17, Batch: 360, Acc: 5.32%, Loss: 4.3343
Epoch: 17, Batch: 370, Acc: 5.33%, Loss: 4.3333
Epoch: 17, Batch: 380, Acc: 5.35%, Loss: 4.2992
Epoch: 17, Batch: 390, Acc: 5.35%, Loss: 4.3281
Epoch: 17, Batch: 400, Acc: 5.36%, Loss: 4.3458
Epoch: 17, Batch: 410, Acc: 5.36%, Loss: 4.3120
Epoch: 17, Batch: 420, Acc: 5.38%, Loss: 4.3544
Epoch: 17, Batch: 430, Acc: 5.39%, Loss: 4.2913
Epoch: 17, Batch: 440, Acc: 5.39%, Loss: 4.3167
Epoch: 17, Batch: 450, Acc: 5.40%, Loss: 4.3541
Epoch: 17, Batch: 460, Acc: 5.43%, Loss: 4.3177
Epoch: 17, Batch: 470, Acc: 5.44%, Loss: 4.3096
Epoch: 17, Batch: 480, Acc: 5.42%, Loss: 4.3370
Epoch: 17, Batch: 490, Acc: 5.43%, Loss: 4.3436
Epoch: 17, Batch: 500, Acc: 5.42%, Loss: 4.3119
Epoch: 17, Batch: 510, Acc: 5.44%, Loss: 4.3041
Epoch: 17, Batch: 520, Acc: 5.44%, Loss: 4.3146
Epoch: 17, Batch: 530, Acc: 5.46%, Loss: 4.3148
Epoch: 17, Batch: 540, Acc: 5.45%, Loss: 4.3524
Epoch: 17, Batch: 550, Acc: 5.44%, Loss: 4.3249
Epoch: 17, Batch: 560, Acc: 5.44%, Loss: 4.3143
Epoch: 17, Batch: 570, Acc: 5.44%, Loss: 4.3467
Epoch: 17, Batch: 580, Acc: 5.42%, Loss: 4.3159
Epoch: 17, Batch: 590, Acc: 5.41%, Loss: 4.3020
Epoch: 17, Batch: 600, Acc: 5.42%, Loss: 4.2896
Epoch: 17, Batch: 610, Acc: 5.45%, Loss: 4.2754
Epoch: 17, Batch: 620, Acc: 5.43%, Loss: 4.3387
Epoch: 17, Batch: 630, Acc: 5.44%, Loss: 4.3142
Epoch: 17, Batch: 640, Acc: 5.46%, Loss: 4.2987
Epoch: 17, Batch: 650, Acc: 5.47%, Loss: 4.3245
Epoch: 17, Batch: 660, Acc: 5.47%, Loss: 4.3229
Epoch: 17, Batch: 670, Acc: 5.46%, Loss: 4.3152
Epoch: 17, Batch: 680, Acc: 5.46%, Loss: 4.3249
Epoch: 17, Batch: 690, Acc: 5.48%, Loss: 4.3041
Epoch: 17, Batch: 700, Acc: 5.51%, Loss: 4.2717
Epoch: 17, Batch: 710, Acc: 5.51%, Loss: 4.3151
Epoch: 17, Batch: 720, Acc: 5.52%, Loss: 4.2994
Epoch: 17, Batch: 730, Acc: 5.54%, Loss: 4.2742
Epoch: 17, Batch: 740, Acc: 5.55%, Loss: 4.2803
Epoch: 17, Batch: 750, Acc: 5.56%, Loss: 4.2893
Epoch: 17, Batch: 760, Acc: 5.56%, Loss: 4.3558
Epoch: 17, Batch: 770, Acc: 5.57%, Loss: 4.3233
Epoch: 17, Batch: 780, Acc: 5.56%, Loss: 4.3349
Accuracy on test set: 5.67%
Epoch: 18, Batch: 10, Acc: 5.94%, Loss: 4.3257
Epoch: 18, Batch: 20, Acc: 5.39%, Loss: 4.2735
Epoch: 18, Batch: 30, Acc: 5.31%, Loss: 4.2811
Epoch: 18, Batch: 40, Acc: 5.62%, Loss: 4.2847
Epoch: 18, Batch: 50, Acc: 5.50%, Loss: 4.3049
Epoch: 18, Batch: 60, Acc: 5.36%, Loss: 4.3629
Epoch: 18, Batch: 70, Acc: 5.36%, Loss: 4.3361
Epoch: 18, Batch: 80, Acc: 5.64%, Loss: 4.2992
Epoch: 18, Batch: 90, Acc: 5.64%, Loss: 4.3149
Epoch: 18, Batch: 100, Acc: 5.70%, Loss: 4.2902
Epoch: 18, Batch: 110, Acc: 5.65%, Loss: 4.2826
Epoch: 18, Batch: 120, Acc: 5.61%, Loss: 4.2797
Epoch: 18, Batch: 130, Acc: 5.60%, Loss: 4.3180
Epoch: 18, Batch: 140, Acc: 5.61%, Loss: 4.2999
Epoch: 18, Batch: 150, Acc: 5.57%, Loss: 4.3349
Epoch: 18, Batch: 160, Acc: 5.55%, Loss: 4.3195
Epoch: 18, Batch: 170, Acc: 5.52%, Loss: 4.3400
Epoch: 18, Batch: 180, Acc: 5.51%, Loss: 4.3145
Epoch: 18, Batch: 190, Acc: 5.58%, Loss: 4.2606
Epoch: 18, Batch: 200, Acc: 5.60%, Loss: 4.3141
Epoch: 18, Batch: 210, Acc: 5.62%, Loss: 4.3155
Epoch: 18, Batch: 220, Acc: 5.63%, Loss: 4.3013
Epoch: 18, Batch: 230, Acc: 5.65%, Loss: 4.3026
Epoch: 18, Batch: 240, Acc: 5.62%, Loss: 4.3542
Epoch: 18, Batch: 250, Acc: 5.61%, Loss: 4.2818
Epoch: 18, Batch: 260, Acc: 5.60%, Loss: 4.3379
Epoch: 18, Batch: 270, Acc: 5.60%, Loss: 4.3035
Epoch: 18, Batch: 280, Acc: 5.57%, Loss: 4.3154
Epoch: 18, Batch: 290, Acc: 5.56%, Loss: 4.3062
Epoch: 18, Batch: 300, Acc: 5.56%, Loss: 4.3454
Epoch: 18, Batch: 310, Acc: 5.52%, Loss: 4.3402
Epoch: 18, Batch: 320, Acc: 5.52%, Loss: 4.3054
Epoch: 18, Batch: 330, Acc: 5.50%, Loss: 4.3486
Epoch: 18, Batch: 340, Acc: 5.53%, Loss: 4.2682
Epoch: 18, Batch: 350, Acc: 5.54%, Loss: 4.3290
Epoch: 18, Batch: 360, Acc: 5.56%, Loss: 4.2951
Epoch: 18, Batch: 370, Acc: 5.57%, Loss: 4.2877
Epoch: 18, Batch: 380, Acc: 5.53%, Loss: 4.3328
Epoch: 18, Batch: 390, Acc: 5.54%, Loss: 4.3287
Epoch: 18, Batch: 400, Acc: 5.52%, Loss: 4.3024
Epoch: 18, Batch: 410, Acc: 5.53%, Loss: 4.3158
Epoch: 18, Batch: 420, Acc: 5.55%, Loss: 4.3006
Epoch: 18, Batch: 430, Acc: 5.57%, Loss: 4.3083
Epoch: 18, Batch: 440, Acc: 5.61%, Loss: 4.3092
Epoch: 18, Batch: 450, Acc: 5.60%, Loss: 4.3322
Epoch: 18, Batch: 460, Acc: 5.56%, Loss: 4.3352
Epoch: 18, Batch: 470, Acc: 5.53%, Loss: 4.3766
Epoch: 18, Batch: 480, Acc: 5.57%, Loss: 4.2801
Epoch: 18, Batch: 490, Acc: 5.61%, Loss: 4.2618
Epoch: 18, Batch: 500, Acc: 5.59%, Loss: 4.3327
Epoch: 18, Batch: 510, Acc: 5.57%, Loss: 4.2816
Epoch: 18, Batch: 520, Acc: 5.56%, Loss: 4.3333
Epoch: 18, Batch: 530, Acc: 5.52%, Loss: 4.3478
Epoch: 18, Batch: 540, Acc: 5.54%, Loss: 4.3277
Epoch: 18, Batch: 550, Acc: 5.53%, Loss: 4.3204
Epoch: 18, Batch: 560, Acc: 5.52%, Loss: 4.3107
Epoch: 18, Batch: 570, Acc: 5.54%, Loss: 4.3052
Epoch: 18, Batch: 580, Acc: 5.56%, Loss: 4.2856
Epoch: 18, Batch: 590, Acc: 5.57%, Loss: 4.2814
Epoch: 18, Batch: 600, Acc: 5.57%, Loss: 4.3064
Epoch: 18, Batch: 610, Acc: 5.55%, Loss: 4.2970
Epoch: 18, Batch: 620, Acc: 5.54%, Loss: 4.3214
Epoch: 18, Batch: 630, Acc: 5.54%, Loss: 4.2983
Epoch: 18, Batch: 640, Acc: 5.52%, Loss: 4.3348
Epoch: 18, Batch: 650, Acc: 5.52%, Loss: 4.3237
Epoch: 18, Batch: 660, Acc: 5.50%, Loss: 4.3564
Epoch: 18, Batch: 670, Acc: 5.50%, Loss: 4.3231
Epoch: 18, Batch: 680, Acc: 5.50%, Loss: 4.2808
Epoch: 18, Batch: 690, Acc: 5.54%, Loss: 4.2925
Epoch: 18, Batch: 700, Acc: 5.52%, Loss: 4.3393
Epoch: 18, Batch: 710, Acc: 5.53%, Loss: 4.2987
Epoch: 18, Batch: 720, Acc: 5.54%, Loss: 4.3434
Epoch: 18, Batch: 730, Acc: 5.52%, Loss: 4.2973
Epoch: 18, Batch: 740, Acc: 5.53%, Loss: 4.3172
Epoch: 18, Batch: 750, Acc: 5.52%, Loss: 4.3160
Epoch: 18, Batch: 760, Acc: 5.52%, Loss: 4.3564
Epoch: 18, Batch: 770, Acc: 5.52%, Loss: 4.3159
Epoch: 18, Batch: 780, Acc: 5.53%, Loss: 4.3293
Accuracy on test set: 5.62%
Epoch: 19, Batch: 10, Acc: 6.09%, Loss: 4.3195
Epoch: 19, Batch: 20, Acc: 5.55%, Loss: 4.2858
Epoch: 19, Batch: 30, Acc: 6.04%, Loss: 4.2674
Epoch: 19, Batch: 40, Acc: 6.02%, Loss: 4.3077
Epoch: 19, Batch: 50, Acc: 5.72%, Loss: 4.3642
Epoch: 19, Batch: 60, Acc: 5.81%, Loss: 4.2565
Epoch: 19, Batch: 70, Acc: 5.76%, Loss: 4.2924
Epoch: 19, Batch: 80, Acc: 5.76%, Loss: 4.3481
Epoch: 19, Batch: 90, Acc: 5.80%, Loss: 4.3214
Epoch: 19, Batch: 100, Acc: 5.61%, Loss: 4.3184
Epoch: 19, Batch: 110, Acc: 5.47%, Loss: 4.3121
Epoch: 19, Batch: 120, Acc: 5.44%, Loss: 4.3056
Epoch: 19, Batch: 130, Acc: 5.52%, Loss: 4.3440
Epoch: 19, Batch: 140, Acc: 5.39%, Loss: 4.3179
Epoch: 19, Batch: 150, Acc: 5.42%, Loss: 4.3153
Epoch: 19, Batch: 160, Acc: 5.54%, Loss: 4.2796
Epoch: 19, Batch: 170, Acc: 5.60%, Loss: 4.3178
Epoch: 19, Batch: 180, Acc: 5.57%, Loss: 4.3158
Epoch: 19, Batch: 190, Acc: 5.59%, Loss: 4.2822
Epoch: 19, Batch: 200, Acc: 5.70%, Loss: 4.2926
Epoch: 19, Batch: 210, Acc: 5.69%, Loss: 4.2977
Epoch: 19, Batch: 220, Acc: 5.70%, Loss: 4.3163
Epoch: 19, Batch: 230, Acc: 5.65%, Loss: 4.3493
Epoch: 19, Batch: 240, Acc: 5.66%, Loss: 4.2880
Epoch: 19, Batch: 250, Acc: 5.63%, Loss: 4.3184
Epoch: 19, Batch: 260, Acc: 5.66%, Loss: 4.2810
Epoch: 19, Batch: 270, Acc: 5.66%, Loss: 4.3270
Epoch: 19, Batch: 280, Acc: 5.64%, Loss: 4.3409
Epoch: 19, Batch: 290, Acc: 5.67%, Loss: 4.3158
Epoch: 19, Batch: 300, Acc: 5.67%, Loss: 4.3166
Epoch: 19, Batch: 310, Acc: 5.64%, Loss: 4.3278
Epoch: 19, Batch: 320, Acc: 5.66%, Loss: 4.3388
Epoch: 19, Batch: 330, Acc: 5.68%, Loss: 4.3144
Epoch: 19, Batch: 340, Acc: 5.69%, Loss: 4.2873
Epoch: 19, Batch: 350, Acc: 5.65%, Loss: 4.3212
Epoch: 19, Batch: 360, Acc: 5.66%, Loss: 4.2635
Epoch: 19, Batch: 370, Acc: 5.67%, Loss: 4.3040
Epoch: 19, Batch: 380, Acc: 5.65%, Loss: 4.3267
Epoch: 19, Batch: 390, Acc: 5.67%, Loss: 4.3150
Epoch: 19, Batch: 400, Acc: 5.64%, Loss: 4.3234
Epoch: 19, Batch: 410, Acc: 5.68%, Loss: 4.2590
Epoch: 19, Batch: 420, Acc: 5.70%, Loss: 4.2865
Epoch: 19, Batch: 430, Acc: 5.68%, Loss: 4.2948
Epoch: 19, Batch: 440, Acc: 5.71%, Loss: 4.3160
Epoch: 19, Batch: 450, Acc: 5.73%, Loss: 4.3143
Epoch: 19, Batch: 460, Acc: 5.74%, Loss: 4.2911
Epoch: 19, Batch: 470, Acc: 5.74%, Loss: 4.2865
Epoch: 19, Batch: 480, Acc: 5.72%, Loss: 4.3308
Epoch: 19, Batch: 490, Acc: 5.73%, Loss: 4.3045
Epoch: 19, Batch: 500, Acc: 5.70%, Loss: 4.3485
Epoch: 19, Batch: 510, Acc: 5.73%, Loss: 4.2691
Epoch: 19, Batch: 520, Acc: 5.73%, Loss: 4.3100
Epoch: 19, Batch: 530, Acc: 5.71%, Loss: 4.3217
Epoch: 19, Batch: 540, Acc: 5.71%, Loss: 4.3051
Epoch: 19, Batch: 550, Acc: 5.70%, Loss: 4.3259
Epoch: 19, Batch: 560, Acc: 5.69%, Loss: 4.3198
Epoch: 19, Batch: 570, Acc: 5.68%, Loss: 4.3272
Epoch: 19, Batch: 580, Acc: 5.67%, Loss: 4.3125
Epoch: 19, Batch: 590, Acc: 5.67%, Loss: 4.2612
Epoch: 19, Batch: 600, Acc: 5.65%, Loss: 4.3170
Epoch: 19, Batch: 610, Acc: 5.68%, Loss: 4.2585
Epoch: 19, Batch: 620, Acc: 5.66%, Loss: 4.3386
Epoch: 19, Batch: 630, Acc: 5.65%, Loss: 4.3457
Epoch: 19, Batch: 640, Acc: 5.66%, Loss: 4.3237
Epoch: 19, Batch: 650, Acc: 5.65%, Loss: 4.3329
Epoch: 19, Batch: 660, Acc: 5.67%, Loss: 4.2878
Epoch: 19, Batch: 670, Acc: 5.69%, Loss: 4.2903
Epoch: 19, Batch: 680, Acc: 5.71%, Loss: 4.3179
Epoch: 19, Batch: 690, Acc: 5.70%, Loss: 4.3094
Epoch: 19, Batch: 700, Acc: 5.70%, Loss: 4.3127
Epoch: 19, Batch: 710, Acc: 5.70%, Loss: 4.2803
Epoch: 19, Batch: 720, Acc: 5.70%, Loss: 4.3230
Epoch: 19, Batch: 730, Acc: 5.68%, Loss: 4.3111
Epoch: 19, Batch: 740, Acc: 5.69%, Loss: 4.3048
Epoch: 19, Batch: 750, Acc: 5.66%, Loss: 4.3437
Epoch: 19, Batch: 760, Acc: 5.66%, Loss: 4.3140
Epoch: 19, Batch: 770, Acc: 5.67%, Loss: 4.2852
Epoch: 19, Batch: 780, Acc: 5.65%, Loss: 4.3405
Accuracy on test set: 5.90%
Epoch: 20, Batch: 10, Acc: 4.06%, Loss: 4.3413
Epoch: 20, Batch: 20, Acc: 4.61%, Loss: 4.3401
Epoch: 20, Batch: 30, Acc: 4.69%, Loss: 4.3475
Epoch: 20, Batch: 40, Acc: 4.92%, Loss: 4.3112
Epoch: 20, Batch: 50, Acc: 5.16%, Loss: 4.2975
Epoch: 20, Batch: 60, Acc: 5.49%, Loss: 4.3064
Epoch: 20, Batch: 70, Acc: 5.38%, Loss: 4.3064
Epoch: 20, Batch: 80, Acc: 5.37%, Loss: 4.3276
Epoch: 20, Batch: 90, Acc: 5.33%, Loss: 4.3266
Epoch: 20, Batch: 100, Acc: 5.33%, Loss: 4.3102
Epoch: 20, Batch: 110, Acc: 5.34%, Loss: 4.3023
Epoch: 20, Batch: 120, Acc: 5.33%, Loss: 4.2979
Epoch: 20, Batch: 130, Acc: 5.40%, Loss: 4.2931
Epoch: 20, Batch: 140, Acc: 5.48%, Loss: 4.2619
Epoch: 20, Batch: 150, Acc: 5.54%, Loss: 4.3386
Epoch: 20, Batch: 160, Acc: 5.58%, Loss: 4.2897
Epoch: 20, Batch: 170, Acc: 5.58%, Loss: 4.2828
Epoch: 20, Batch: 180, Acc: 5.56%, Loss: 4.2892
Epoch: 20, Batch: 190, Acc: 5.59%, Loss: 4.2689
Epoch: 20, Batch: 200, Acc: 5.57%, Loss: 4.3235
Epoch: 20, Batch: 210, Acc: 5.53%, Loss: 4.3418
Epoch: 20, Batch: 220, Acc: 5.58%, Loss: 4.3199
Epoch: 20, Batch: 230, Acc: 5.56%, Loss: 4.3276
Epoch: 20, Batch: 240, Acc: 5.61%, Loss: 4.3064
Epoch: 20, Batch: 250, Acc: 5.61%, Loss: 4.2650
Epoch: 20, Batch: 260, Acc: 5.59%, Loss: 4.3311
Epoch: 20, Batch: 270, Acc: 5.58%, Loss: 4.3341
Epoch: 20, Batch: 280, Acc: 5.61%, Loss: 4.3025
Epoch: 20, Batch: 290, Acc: 5.63%, Loss: 4.3146
Epoch: 20, Batch: 300, Acc: 5.63%, Loss: 4.3303
Epoch: 20, Batch: 310, Acc: 5.67%, Loss: 4.3018
Epoch: 20, Batch: 320, Acc: 5.64%, Loss: 4.3113
Epoch: 20, Batch: 330, Acc: 5.65%, Loss: 4.2814
Epoch: 20, Batch: 340, Acc: 5.67%, Loss: 4.3192
Epoch: 20, Batch: 350, Acc: 5.67%, Loss: 4.2961
Epoch: 20, Batch: 360, Acc: 5.69%, Loss: 4.2940
Epoch: 20, Batch: 370, Acc: 5.68%, Loss: 4.2653
Epoch: 20, Batch: 380, Acc: 5.65%, Loss: 4.3212
Epoch: 20, Batch: 390, Acc: 5.66%, Loss: 4.3027
Epoch: 20, Batch: 400, Acc: 5.66%, Loss: 4.3085
Epoch: 20, Batch: 410, Acc: 5.67%, Loss: 4.2974
Epoch: 20, Batch: 420, Acc: 5.69%, Loss: 4.3012
Epoch: 20, Batch: 430, Acc: 5.67%, Loss: 4.3252
Epoch: 20, Batch: 440, Acc: 5.67%, Loss: 4.3067
Epoch: 20, Batch: 450, Acc: 5.66%, Loss: 4.2985
Epoch: 20, Batch: 460, Acc: 5.68%, Loss: 4.2973
Epoch: 20, Batch: 470, Acc: 5.68%, Loss: 4.2943
Epoch: 20, Batch: 480, Acc: 5.68%, Loss: 4.2832
Epoch: 20, Batch: 490, Acc: 5.68%, Loss: 4.3173
Epoch: 20, Batch: 500, Acc: 5.69%, Loss: 4.2992
Epoch: 20, Batch: 510, Acc: 5.68%, Loss: 4.3360
Epoch: 20, Batch: 520, Acc: 5.67%, Loss: 4.3339
Epoch: 20, Batch: 530, Acc: 5.68%, Loss: 4.3015
Epoch: 20, Batch: 540, Acc: 5.69%, Loss: 4.2795
Epoch: 20, Batch: 550, Acc: 5.70%, Loss: 4.2710
Epoch: 20, Batch: 560, Acc: 5.70%, Loss: 4.3104
Epoch: 20, Batch: 570, Acc: 5.71%, Loss: 4.2792
Epoch: 20, Batch: 580, Acc: 5.71%, Loss: 4.3193
Epoch: 20, Batch: 590, Acc: 5.72%, Loss: 4.3073
Epoch: 20, Batch: 600, Acc: 5.72%, Loss: 4.3052
Epoch: 20, Batch: 610, Acc: 5.71%, Loss: 4.3388
Epoch: 20, Batch: 620, Acc: 5.73%, Loss: 4.3141
Epoch: 20, Batch: 630, Acc: 5.75%, Loss: 4.2893
Epoch: 20, Batch: 640, Acc: 5.75%, Loss: 4.3013
Epoch: 20, Batch: 650, Acc: 5.76%, Loss: 4.3194
Epoch: 20, Batch: 660, Acc: 5.77%, Loss: 4.3104
Epoch: 20, Batch: 670, Acc: 5.75%, Loss: 4.3106
Epoch: 20, Batch: 680, Acc: 5.75%, Loss: 4.2952
Epoch: 20, Batch: 690, Acc: 5.75%, Loss: 4.2876
Epoch: 20, Batch: 700, Acc: 5.76%, Loss: 4.2769
Epoch: 20, Batch: 710, Acc: 5.75%, Loss: 4.2985
Epoch: 20, Batch: 720, Acc: 5.74%, Loss: 4.3072
Epoch: 20, Batch: 730, Acc: 5.78%, Loss: 4.2781
Epoch: 20, Batch: 740, Acc: 5.77%, Loss: 4.3179
Epoch: 20, Batch: 750, Acc: 5.77%, Loss: 4.3142
Epoch: 20, Batch: 760, Acc: 5.77%, Loss: 4.3003
Epoch: 20, Batch: 770, Acc: 5.77%, Loss: 4.3187
Epoch: 20, Batch: 780, Acc: 5.77%, Loss: 4.2921
Accuracy on test set: 5.84%
Epoch: 21, Batch: 10, Acc: 5.94%, Loss: 4.2975
Epoch: 21, Batch: 20, Acc: 6.02%, Loss: 4.2803
Epoch: 21, Batch: 30, Acc: 5.52%, Loss: 4.3188
Epoch: 21, Batch: 40, Acc: 5.78%, Loss: 4.2698
Epoch: 21, Batch: 50, Acc: 5.81%, Loss: 4.2373
Epoch: 21, Batch: 60, Acc: 5.55%, Loss: 4.3437
Epoch: 21, Batch: 70, Acc: 5.67%, Loss: 4.2876
Epoch: 21, Batch: 80, Acc: 5.72%, Loss: 4.2700
Epoch: 21, Batch: 90, Acc: 5.71%, Loss: 4.2797
Epoch: 21, Batch: 100, Acc: 5.75%, Loss: 4.2926
Epoch: 21, Batch: 110, Acc: 5.64%, Loss: 4.3079
Epoch: 21, Batch: 120, Acc: 5.60%, Loss: 4.3216
Epoch: 21, Batch: 130, Acc: 5.53%, Loss: 4.2976
Epoch: 21, Batch: 140, Acc: 5.50%, Loss: 4.2864
Epoch: 21, Batch: 150, Acc: 5.55%, Loss: 4.2948
Epoch: 21, Batch: 160, Acc: 5.42%, Loss: 4.3562
Epoch: 21, Batch: 170, Acc: 5.39%, Loss: 4.2871
Epoch: 21, Batch: 180, Acc: 5.36%, Loss: 4.2729
Epoch: 21, Batch: 190, Acc: 5.36%, Loss: 4.3288
Epoch: 21, Batch: 200, Acc: 5.38%, Loss: 4.3001
Epoch: 21, Batch: 210, Acc: 5.44%, Loss: 4.2972
Epoch: 21, Batch: 220, Acc: 5.50%, Loss: 4.2912
Epoch: 21, Batch: 230, Acc: 5.50%, Loss: 4.3077
Epoch: 21, Batch: 240, Acc: 5.52%, Loss: 4.2922
Epoch: 21, Batch: 250, Acc: 5.56%, Loss: 4.3478
Epoch: 21, Batch: 260, Acc: 5.54%, Loss: 4.3098
Epoch: 21, Batch: 270, Acc: 5.61%, Loss: 4.2791
Epoch: 21, Batch: 280, Acc: 5.59%, Loss: 4.3596
Epoch: 21, Batch: 290, Acc: 5.58%, Loss: 4.2991
Epoch: 21, Batch: 300, Acc: 5.56%, Loss: 4.2942
Epoch: 21, Batch: 310, Acc: 5.57%, Loss: 4.3351
Epoch: 21, Batch: 320, Acc: 5.56%, Loss: 4.3179
Epoch: 21, Batch: 330, Acc: 5.56%, Loss: 4.2872
Epoch: 21, Batch: 340, Acc: 5.55%, Loss: 4.2903
Epoch: 21, Batch: 350, Acc: 5.57%, Loss: 4.2708
Epoch: 21, Batch: 360, Acc: 5.58%, Loss: 4.3102
Epoch: 21, Batch: 370, Acc: 5.60%, Loss: 4.3319
Epoch: 21, Batch: 380, Acc: 5.58%, Loss: 4.3611
Epoch: 21, Batch: 390, Acc: 5.63%, Loss: 4.2602
Epoch: 21, Batch: 400, Acc: 5.64%, Loss: 4.3117
Epoch: 21, Batch: 410, Acc: 5.62%, Loss: 4.2709
Epoch: 21, Batch: 420, Acc: 5.62%, Loss: 4.3004
Epoch: 21, Batch: 430, Acc: 5.60%, Loss: 4.3146
Epoch: 21, Batch: 440, Acc: 5.56%, Loss: 4.3077
Epoch: 21, Batch: 450, Acc: 5.60%, Loss: 4.2989
Epoch: 21, Batch: 460, Acc: 5.59%, Loss: 4.3230
Epoch: 21, Batch: 470, Acc: 5.62%, Loss: 4.2932
Epoch: 21, Batch: 480, Acc: 5.59%, Loss: 4.3039
Epoch: 21, Batch: 490, Acc: 5.60%, Loss: 4.3128
Epoch: 21, Batch: 500, Acc: 5.62%, Loss: 4.3031
Epoch: 21, Batch: 510, Acc: 5.64%, Loss: 4.2901
Epoch: 21, Batch: 520, Acc: 5.66%, Loss: 4.2704
Epoch: 21, Batch: 530, Acc: 5.66%, Loss: 4.3083
Epoch: 21, Batch: 540, Acc: 5.67%, Loss: 4.3410
Epoch: 21, Batch: 550, Acc: 5.69%, Loss: 4.3372
Epoch: 21, Batch: 560, Acc: 5.71%, Loss: 4.2803
Epoch: 21, Batch: 570, Acc: 5.73%, Loss: 4.3022
Epoch: 21, Batch: 580, Acc: 5.77%, Loss: 4.2798
Epoch: 21, Batch: 590, Acc: 5.77%, Loss: 4.2848
Epoch: 21, Batch: 600, Acc: 5.79%, Loss: 4.3199
Epoch: 21, Batch: 610, Acc: 5.77%, Loss: 4.3221
Epoch: 21, Batch: 620, Acc: 5.78%, Loss: 4.2882
Epoch: 21, Batch: 630, Acc: 5.77%, Loss: 4.3044
Epoch: 21, Batch: 640, Acc: 5.75%, Loss: 4.3032
Epoch: 21, Batch: 650, Acc: 5.74%, Loss: 4.3106
Epoch: 21, Batch: 660, Acc: 5.73%, Loss: 4.3170
Epoch: 21, Batch: 670, Acc: 5.72%, Loss: 4.3334
Epoch: 21, Batch: 680, Acc: 5.72%, Loss: 4.2858
Epoch: 21, Batch: 690, Acc: 5.71%, Loss: 4.3273
Epoch: 21, Batch: 700, Acc: 5.70%, Loss: 4.3340
Epoch: 21, Batch: 710, Acc: 5.72%, Loss: 4.2813
Epoch: 21, Batch: 720, Acc: 5.72%, Loss: 4.3084
Epoch: 21, Batch: 730, Acc: 5.72%, Loss: 4.3023
Epoch: 21, Batch: 740, Acc: 5.72%, Loss: 4.3116
Epoch: 21, Batch: 750, Acc: 5.72%, Loss: 4.2777
Epoch: 21, Batch: 760, Acc: 5.71%, Loss: 4.2790
Epoch: 21, Batch: 770, Acc: 5.72%, Loss: 4.2795
Epoch: 21, Batch: 780, Acc: 5.74%, Loss: 4.3128
Accuracy on test set: 5.83%
Epoch: 22, Batch: 10, Acc: 5.62%, Loss: 4.2715
Epoch: 22, Batch: 20, Acc: 5.70%, Loss: 4.3141
Epoch: 22, Batch: 30, Acc: 5.62%, Loss: 4.2800
Epoch: 22, Batch: 40, Acc: 5.23%, Loss: 4.3112
Epoch: 22, Batch: 50, Acc: 5.19%, Loss: 4.3197
Epoch: 22, Batch: 60, Acc: 5.42%, Loss: 4.2530
Epoch: 22, Batch: 70, Acc: 5.38%, Loss: 4.3326
Epoch: 22, Batch: 80, Acc: 5.62%, Loss: 4.2974
Epoch: 22, Batch: 90, Acc: 5.56%, Loss: 4.3018
Epoch: 22, Batch: 100, Acc: 5.45%, Loss: 4.2889
Epoch: 22, Batch: 110, Acc: 5.57%, Loss: 4.2966
Epoch: 22, Batch: 120, Acc: 5.69%, Loss: 4.2903
Epoch: 22, Batch: 130, Acc: 5.78%, Loss: 4.2990
Epoch: 22, Batch: 140, Acc: 5.88%, Loss: 4.2822
Epoch: 22, Batch: 150, Acc: 5.81%, Loss: 4.3223
Epoch: 22, Batch: 160, Acc: 5.87%, Loss: 4.2714
Epoch: 22, Batch: 170, Acc: 5.82%, Loss: 4.2793
Epoch: 22, Batch: 180, Acc: 5.81%, Loss: 4.3340
Epoch: 22, Batch: 190, Acc: 5.85%, Loss: 4.3092
Epoch: 22, Batch: 200, Acc: 5.84%, Loss: 4.3319
Epoch: 22, Batch: 210, Acc: 5.85%, Loss: 4.2789
Epoch: 22, Batch: 220, Acc: 5.82%, Loss: 4.2777
Epoch: 22, Batch: 230, Acc: 5.77%, Loss: 4.3192
Epoch: 22, Batch: 240, Acc: 5.77%, Loss: 4.3475
Epoch: 22, Batch: 250, Acc: 5.79%, Loss: 4.2649
Epoch: 22, Batch: 260, Acc: 5.76%, Loss: 4.3270
Epoch: 22, Batch: 270, Acc: 5.78%, Loss: 4.2777
Epoch: 22, Batch: 280, Acc: 5.75%, Loss: 4.2834
Epoch: 22, Batch: 290, Acc: 5.78%, Loss: 4.2698
Epoch: 22, Batch: 300, Acc: 5.83%, Loss: 4.2936
Epoch: 22, Batch: 310, Acc: 5.83%, Loss: 4.3068
Epoch: 22, Batch: 320, Acc: 5.84%, Loss: 4.3267
Epoch: 22, Batch: 330, Acc: 5.87%, Loss: 4.2708
Epoch: 22, Batch: 340, Acc: 5.89%, Loss: 4.2536
Epoch: 22, Batch: 350, Acc: 5.86%, Loss: 4.3138
Epoch: 22, Batch: 360, Acc: 5.92%, Loss: 4.2686
Epoch: 22, Batch: 370, Acc: 5.92%, Loss: 4.2842
Epoch: 22, Batch: 380, Acc: 5.95%, Loss: 4.2905
Epoch: 22, Batch: 390, Acc: 6.00%, Loss: 4.3064
Epoch: 22, Batch: 400, Acc: 6.04%, Loss: 4.3020
Epoch: 22, Batch: 410, Acc: 6.06%, Loss: 4.3073
Epoch: 22, Batch: 420, Acc: 6.05%, Loss: 4.3285
Epoch: 22, Batch: 430, Acc: 6.04%, Loss: 4.3155
Epoch: 22, Batch: 440, Acc: 6.01%, Loss: 4.3128
Epoch: 22, Batch: 450, Acc: 5.99%, Loss: 4.3120
Epoch: 22, Batch: 460, Acc: 6.00%, Loss: 4.3025
Epoch: 22, Batch: 470, Acc: 5.97%, Loss: 4.3257
Epoch: 22, Batch: 480, Acc: 5.96%, Loss: 4.3195
Epoch: 22, Batch: 490, Acc: 5.97%, Loss: 4.2911
Epoch: 22, Batch: 500, Acc: 5.95%, Loss: 4.3261
Epoch: 22, Batch: 510, Acc: 6.00%, Loss: 4.2407
Epoch: 22, Batch: 520, Acc: 5.98%, Loss: 4.3174
Epoch: 22, Batch: 530, Acc: 5.97%, Loss: 4.2986
Epoch: 22, Batch: 540, Acc: 5.98%, Loss: 4.2925
Epoch: 22, Batch: 550, Acc: 6.00%, Loss: 4.2894
Epoch: 22, Batch: 560, Acc: 5.99%, Loss: 4.3107
Epoch: 22, Batch: 570, Acc: 5.99%, Loss: 4.3428
Epoch: 22, Batch: 580, Acc: 5.97%, Loss: 4.2955
Epoch: 22, Batch: 590, Acc: 5.96%, Loss: 4.3183
Epoch: 22, Batch: 600, Acc: 5.97%, Loss: 4.2983
Epoch: 22, Batch: 610, Acc: 5.97%, Loss: 4.2664
Epoch: 22, Batch: 620, Acc: 5.95%, Loss: 4.2856
Epoch: 22, Batch: 630, Acc: 5.94%, Loss: 4.3185
Epoch: 22, Batch: 640, Acc: 5.93%, Loss: 4.2949
Epoch: 22, Batch: 650, Acc: 5.94%, Loss: 4.2945
Epoch: 22, Batch: 660, Acc: 5.93%, Loss: 4.3218
Epoch: 22, Batch: 670, Acc: 5.93%, Loss: 4.2614
Epoch: 22, Batch: 680, Acc: 5.93%, Loss: 4.2611
Epoch: 22, Batch: 690, Acc: 5.91%, Loss: 4.3250
Epoch: 22, Batch: 700, Acc: 5.89%, Loss: 4.3012
Epoch: 22, Batch: 710, Acc: 5.91%, Loss: 4.2790
Epoch: 22, Batch: 720, Acc: 5.90%, Loss: 4.3393
Epoch: 22, Batch: 730, Acc: 5.91%, Loss: 4.2764
Epoch: 22, Batch: 740, Acc: 5.88%, Loss: 4.3011
Epoch: 22, Batch: 750, Acc: 5.89%, Loss: 4.2827
Epoch: 22, Batch: 760, Acc: 5.88%, Loss: 4.3065
Epoch: 22, Batch: 770, Acc: 5.86%, Loss: 4.3105
Epoch: 22, Batch: 780, Acc: 5.86%, Loss: 4.3295
Accuracy on test set: 5.82%
Epoch: 23, Batch: 10, Acc: 5.94%, Loss: 4.2881
Epoch: 23, Batch: 20, Acc: 5.94%, Loss: 4.2869
Epoch: 23, Batch: 30, Acc: 5.94%, Loss: 4.3092
Epoch: 23, Batch: 40, Acc: 5.94%, Loss: 4.3030
Epoch: 23, Batch: 50, Acc: 5.75%, Loss: 4.3339
Epoch: 23, Batch: 60, Acc: 5.62%, Loss: 4.2960
Epoch: 23, Batch: 70, Acc: 5.58%, Loss: 4.3096
Epoch: 23, Batch: 80, Acc: 5.55%, Loss: 4.2781
Epoch: 23, Batch: 90, Acc: 5.64%, Loss: 4.3214
Epoch: 23, Batch: 100, Acc: 5.69%, Loss: 4.2945
Epoch: 23, Batch: 110, Acc: 5.74%, Loss: 4.2960
Epoch: 23, Batch: 120, Acc: 5.66%, Loss: 4.3151
Epoch: 23, Batch: 130, Acc: 5.71%, Loss: 4.3160
Epoch: 23, Batch: 140, Acc: 5.70%, Loss: 4.3325
Epoch: 23, Batch: 150, Acc: 5.74%, Loss: 4.3076
Epoch: 23, Batch: 160, Acc: 5.73%, Loss: 4.3332
Epoch: 23, Batch: 170, Acc: 5.80%, Loss: 4.2493
Epoch: 23, Batch: 180, Acc: 5.83%, Loss: 4.2687
Epoch: 23, Batch: 190, Acc: 5.84%, Loss: 4.3084
Epoch: 23, Batch: 200, Acc: 5.90%, Loss: 4.3055
Epoch: 23, Batch: 210, Acc: 5.94%, Loss: 4.2594
Epoch: 23, Batch: 220, Acc: 5.92%, Loss: 4.2919
Epoch: 23, Batch: 230, Acc: 5.96%, Loss: 4.2786
Epoch: 23, Batch: 240, Acc: 5.96%, Loss: 4.2946
Epoch: 23, Batch: 250, Acc: 5.97%, Loss: 4.3047
Epoch: 23, Batch: 260, Acc: 5.97%, Loss: 4.2753
Epoch: 23, Batch: 270, Acc: 5.93%, Loss: 4.2881
Epoch: 23, Batch: 280, Acc: 5.98%, Loss: 4.2830
Epoch: 23, Batch: 290, Acc: 5.95%, Loss: 4.3153
Epoch: 23, Batch: 300, Acc: 5.96%, Loss: 4.3089
Epoch: 23, Batch: 310, Acc: 5.95%, Loss: 4.2360
Epoch: 23, Batch: 320, Acc: 5.96%, Loss: 4.3075
Epoch: 23, Batch: 330, Acc: 5.97%, Loss: 4.2807
Epoch: 23, Batch: 340, Acc: 5.97%, Loss: 4.2864
Epoch: 23, Batch: 350, Acc: 5.93%, Loss: 4.3028
Epoch: 23, Batch: 360, Acc: 5.93%, Loss: 4.2860
Epoch: 23, Batch: 370, Acc: 5.92%, Loss: 4.3183
Epoch: 23, Batch: 380, Acc: 5.91%, Loss: 4.3382
Epoch: 23, Batch: 390, Acc: 5.91%, Loss: 4.3159
Epoch: 23, Batch: 400, Acc: 5.91%, Loss: 4.2776
Epoch: 23, Batch: 410, Acc: 5.91%, Loss: 4.2828
Epoch: 23, Batch: 420, Acc: 5.90%, Loss: 4.2901
Epoch: 23, Batch: 430, Acc: 5.92%, Loss: 4.2938
Epoch: 23, Batch: 440, Acc: 5.92%, Loss: 4.3828
Epoch: 23, Batch: 450, Acc: 5.92%, Loss: 4.3209
Epoch: 23, Batch: 460, Acc: 5.94%, Loss: 4.2747
Epoch: 23, Batch: 470, Acc: 5.94%, Loss: 4.3123
Epoch: 23, Batch: 480, Acc: 5.92%, Loss: 4.3112
Epoch: 23, Batch: 490, Acc: 5.94%, Loss: 4.2563
Epoch: 23, Batch: 500, Acc: 5.99%, Loss: 4.2814
Epoch: 23, Batch: 510, Acc: 5.98%, Loss: 4.3172
Epoch: 23, Batch: 520, Acc: 5.94%, Loss: 4.3379
Epoch: 23, Batch: 530, Acc: 5.91%, Loss: 4.2886
Epoch: 23, Batch: 540, Acc: 5.91%, Loss: 4.2980
Epoch: 23, Batch: 550, Acc: 5.90%, Loss: 4.2985
Epoch: 23, Batch: 560, Acc: 5.90%, Loss: 4.2874
Epoch: 23, Batch: 570, Acc: 5.90%, Loss: 4.2891
Epoch: 23, Batch: 580, Acc: 5.89%, Loss: 4.2838
Epoch: 23, Batch: 590, Acc: 5.90%, Loss: 4.2708
Epoch: 23, Batch: 600, Acc: 5.88%, Loss: 4.3365
Epoch: 23, Batch: 610, Acc: 5.89%, Loss: 4.2846
Epoch: 23, Batch: 620, Acc: 5.89%, Loss: 4.3054
Epoch: 23, Batch: 630, Acc: 5.90%, Loss: 4.2826
Epoch: 23, Batch: 640, Acc: 5.92%, Loss: 4.2819
Epoch: 23, Batch: 650, Acc: 5.92%, Loss: 4.2720
Epoch: 23, Batch: 660, Acc: 5.94%, Loss: 4.3074
Epoch: 23, Batch: 670, Acc: 5.93%, Loss: 4.2987
Epoch: 23, Batch: 680, Acc: 5.92%, Loss: 4.3154
Epoch: 23, Batch: 690, Acc: 5.90%, Loss: 4.2892
Epoch: 23, Batch: 700, Acc: 5.90%, Loss: 4.3095
Epoch: 23, Batch: 710, Acc: 5.88%, Loss: 4.3082
Epoch: 23, Batch: 720, Acc: 5.88%, Loss: 4.2649
Epoch: 23, Batch: 730, Acc: 5.88%, Loss: 4.2703
Epoch: 23, Batch: 740, Acc: 5.89%, Loss: 4.2741
Epoch: 23, Batch: 750, Acc: 5.89%, Loss: 4.2993
Epoch: 23, Batch: 760, Acc: 5.88%, Loss: 4.2809
Epoch: 23, Batch: 770, Acc: 5.88%, Loss: 4.2837
Epoch: 23, Batch: 780, Acc: 5.88%, Loss: 4.3176
Accuracy on test set: 5.82%
Epoch: 24, Batch: 10, Acc: 4.84%, Loss: 4.2877
Epoch: 24, Batch: 20, Acc: 5.47%, Loss: 4.3277
Epoch: 24, Batch: 30, Acc: 5.47%, Loss: 4.3047
Epoch: 24, Batch: 40, Acc: 5.62%, Loss: 4.2985
Epoch: 24, Batch: 50, Acc: 5.50%, Loss: 4.3086
Epoch: 24, Batch: 60, Acc: 5.39%, Loss: 4.2972
Epoch: 24, Batch: 70, Acc: 5.47%, Loss: 4.2650
Epoch: 24, Batch: 80, Acc: 5.61%, Loss: 4.3188
Epoch: 24, Batch: 90, Acc: 5.80%, Loss: 4.2782
Epoch: 24, Batch: 100, Acc: 5.73%, Loss: 4.3074
Epoch: 24, Batch: 110, Acc: 5.95%, Loss: 4.2904
Epoch: 24, Batch: 120, Acc: 6.02%, Loss: 4.3030
Epoch: 24, Batch: 130, Acc: 6.00%, Loss: 4.2668
Epoch: 24, Batch: 140, Acc: 6.03%, Loss: 4.3076
Epoch: 24, Batch: 150, Acc: 6.03%, Loss: 4.2940
Epoch: 24, Batch: 160, Acc: 6.00%, Loss: 4.2972
Epoch: 24, Batch: 170, Acc: 5.91%, Loss: 4.3133
Epoch: 24, Batch: 180, Acc: 5.95%, Loss: 4.2495
Epoch: 24, Batch: 190, Acc: 6.00%, Loss: 4.3000
Epoch: 24, Batch: 200, Acc: 6.02%, Loss: 4.2448
Epoch: 24, Batch: 210, Acc: 5.91%, Loss: 4.3264
Epoch: 24, Batch: 220, Acc: 6.01%, Loss: 4.2654
Epoch: 24, Batch: 230, Acc: 5.99%, Loss: 4.3241
Epoch: 24, Batch: 240, Acc: 5.96%, Loss: 4.3146
Epoch: 24, Batch: 250, Acc: 5.96%, Loss: 4.3028
Epoch: 24, Batch: 260, Acc: 5.94%, Loss: 4.3489
Epoch: 24, Batch: 270, Acc: 5.93%, Loss: 4.2723
Epoch: 24, Batch: 280, Acc: 5.90%, Loss: 4.3344
Epoch: 24, Batch: 290, Acc: 5.94%, Loss: 4.2663
Epoch: 24, Batch: 300, Acc: 5.96%, Loss: 4.2495
Epoch: 24, Batch: 310, Acc: 5.93%, Loss: 4.2590
Epoch: 24, Batch: 320, Acc: 5.95%, Loss: 4.2832
Epoch: 24, Batch: 330, Acc: 5.95%, Loss: 4.2893
Epoch: 24, Batch: 340, Acc: 6.01%, Loss: 4.2637
Epoch: 24, Batch: 350, Acc: 6.00%, Loss: 4.2932
Epoch: 24, Batch: 360, Acc: 6.02%, Loss: 4.3057
Epoch: 24, Batch: 370, Acc: 6.04%, Loss: 4.3118
Epoch: 24, Batch: 380, Acc: 6.02%, Loss: 4.3113
Epoch: 24, Batch: 390, Acc: 6.06%, Loss: 4.2683
Epoch: 24, Batch: 400, Acc: 6.06%, Loss: 4.2953
Epoch: 24, Batch: 410, Acc: 6.07%, Loss: 4.2706
Epoch: 24, Batch: 420, Acc: 6.06%, Loss: 4.2740
Epoch: 24, Batch: 430, Acc: 6.08%, Loss: 4.2841
Epoch: 24, Batch: 440, Acc: 6.04%, Loss: 4.2908
Epoch: 24, Batch: 450, Acc: 5.99%, Loss: 4.3542
Epoch: 24, Batch: 460, Acc: 6.00%, Loss: 4.2622
Epoch: 24, Batch: 470, Acc: 5.96%, Loss: 4.2982
Epoch: 24, Batch: 480, Acc: 5.97%, Loss: 4.2827
Epoch: 24, Batch: 490, Acc: 5.93%, Loss: 4.3349
Epoch: 24, Batch: 500, Acc: 5.92%, Loss: 4.3304
Epoch: 24, Batch: 510, Acc: 5.92%, Loss: 4.2910
Epoch: 24, Batch: 520, Acc: 5.92%, Loss: 4.3121
Epoch: 24, Batch: 530, Acc: 5.90%, Loss: 4.2660
Epoch: 24, Batch: 540, Acc: 5.88%, Loss: 4.3535
Epoch: 24, Batch: 550, Acc: 5.89%, Loss: 4.3208
Epoch: 24, Batch: 560, Acc: 5.89%, Loss: 4.2766
Epoch: 24, Batch: 570, Acc: 5.92%, Loss: 4.2944
Epoch: 24, Batch: 580, Acc: 5.90%, Loss: 4.3503
Epoch: 24, Batch: 590, Acc: 5.91%, Loss: 4.3207
Epoch: 24, Batch: 600, Acc: 5.90%, Loss: 4.3023
Epoch: 24, Batch: 610, Acc: 5.93%, Loss: 4.2600
Epoch: 24, Batch: 620, Acc: 5.92%, Loss: 4.3282
Epoch: 24, Batch: 630, Acc: 5.89%, Loss: 4.3134
Epoch: 24, Batch: 640, Acc: 5.90%, Loss: 4.2622
Epoch: 24, Batch: 650, Acc: 5.91%, Loss: 4.2772
Epoch: 24, Batch: 660, Acc: 5.90%, Loss: 4.2835
Epoch: 24, Batch: 670, Acc: 5.92%, Loss: 4.2883
Epoch: 24, Batch: 680, Acc: 5.92%, Loss: 4.3073
Epoch: 24, Batch: 690, Acc: 5.92%, Loss: 4.2686
Epoch: 24, Batch: 700, Acc: 5.91%, Loss: 4.3085
Epoch: 24, Batch: 710, Acc: 5.92%, Loss: 4.2703
Epoch: 24, Batch: 720, Acc: 5.90%, Loss: 4.3153
Epoch: 24, Batch: 730, Acc: 5.90%, Loss: 4.3162
Epoch: 24, Batch: 740, Acc: 5.94%, Loss: 4.2395
Epoch: 24, Batch: 750, Acc: 5.94%, Loss: 4.3041
Epoch: 24, Batch: 760, Acc: 5.95%, Loss: 4.2479
Epoch: 24, Batch: 770, Acc: 5.93%, Loss: 4.2910
Epoch: 24, Batch: 780, Acc: 5.95%, Loss: 4.2508
Accuracy on test set: 5.94%
Epoch: 25, Batch: 10, Acc: 6.41%, Loss: 4.2882
Epoch: 25, Batch: 20, Acc: 6.17%, Loss: 4.2780
Epoch: 25, Batch: 30, Acc: 5.62%, Loss: 4.3077
Epoch: 25, Batch: 40, Acc: 5.47%, Loss: 4.3171
Epoch: 25, Batch: 50, Acc: 5.81%, Loss: 4.2841
Epoch: 25, Batch: 60, Acc: 5.81%, Loss: 4.3202
Epoch: 25, Batch: 70, Acc: 5.80%, Loss: 4.3093
Epoch: 25, Batch: 80, Acc: 5.96%, Loss: 4.2780
Epoch: 25, Batch: 90, Acc: 6.02%, Loss: 4.2919
Epoch: 25, Batch: 100, Acc: 6.05%, Loss: 4.2818
Epoch: 25, Batch: 110, Acc: 6.11%, Loss: 4.2958
Epoch: 25, Batch: 120, Acc: 6.00%, Loss: 4.3298
Epoch: 25, Batch: 130, Acc: 5.97%, Loss: 4.3108
Epoch: 25, Batch: 140, Acc: 5.88%, Loss: 4.3124
Epoch: 25, Batch: 150, Acc: 5.95%, Loss: 4.2553
Epoch: 25, Batch: 160, Acc: 6.02%, Loss: 4.2629
Epoch: 25, Batch: 170, Acc: 6.02%, Loss: 4.2920
Epoch: 25, Batch: 180, Acc: 5.98%, Loss: 4.2819
Epoch: 25, Batch: 190, Acc: 5.98%, Loss: 4.2865
Epoch: 25, Batch: 200, Acc: 5.92%, Loss: 4.2604
Epoch: 25, Batch: 210, Acc: 6.00%, Loss: 4.2759
Epoch: 25, Batch: 220, Acc: 6.02%, Loss: 4.2804
Epoch: 25, Batch: 230, Acc: 6.02%, Loss: 4.2949
Epoch: 25, Batch: 240, Acc: 6.04%, Loss: 4.2703
Epoch: 25, Batch: 250, Acc: 6.03%, Loss: 4.3184
Epoch: 25, Batch: 260, Acc: 5.98%, Loss: 4.2964
Epoch: 25, Batch: 270, Acc: 5.98%, Loss: 4.3086
Epoch: 25, Batch: 280, Acc: 5.98%, Loss: 4.2822
Epoch: 25, Batch: 290, Acc: 5.96%, Loss: 4.2894
Epoch: 25, Batch: 300, Acc: 5.96%, Loss: 4.2665
Epoch: 25, Batch: 310, Acc: 6.00%, Loss: 4.2203
Epoch: 25, Batch: 320, Acc: 6.02%, Loss: 4.2802
Epoch: 25, Batch: 330, Acc: 6.00%, Loss: 4.3026
Epoch: 25, Batch: 340, Acc: 5.98%, Loss: 4.2825
Epoch: 25, Batch: 350, Acc: 6.00%, Loss: 4.2954
Epoch: 25, Batch: 360, Acc: 5.96%, Loss: 4.3405
Epoch: 25, Batch: 370, Acc: 5.98%, Loss: 4.2753
Epoch: 25, Batch: 380, Acc: 5.93%, Loss: 4.3322
Epoch: 25, Batch: 390, Acc: 5.93%, Loss: 4.3042
Epoch: 25, Batch: 400, Acc: 5.92%, Loss: 4.2820
Epoch: 25, Batch: 410, Acc: 5.90%, Loss: 4.2853
Epoch: 25, Batch: 420, Acc: 5.91%, Loss: 4.2965
Epoch: 25, Batch: 430, Acc: 5.89%, Loss: 4.3023
Epoch: 25, Batch: 440, Acc: 5.89%, Loss: 4.2799
Epoch: 25, Batch: 450, Acc: 5.90%, Loss: 4.3005
Epoch: 25, Batch: 460, Acc: 5.91%, Loss: 4.2949
Epoch: 25, Batch: 470, Acc: 5.94%, Loss: 4.2386
Epoch: 25, Batch: 480, Acc: 5.93%, Loss: 4.2849
Epoch: 25, Batch: 490, Acc: 5.95%, Loss: 4.2886
Epoch: 25, Batch: 500, Acc: 5.96%, Loss: 4.2884
Epoch: 25, Batch: 510, Acc: 5.95%, Loss: 4.2569
Epoch: 25, Batch: 520, Acc: 5.93%, Loss: 4.3564
Epoch: 25, Batch: 530, Acc: 5.92%, Loss: 4.2734
Epoch: 25, Batch: 540, Acc: 5.89%, Loss: 4.3249
Epoch: 25, Batch: 550, Acc: 5.88%, Loss: 4.2953
Epoch: 25, Batch: 560, Acc: 5.90%, Loss: 4.2787
Epoch: 25, Batch: 570, Acc: 5.93%, Loss: 4.3091
Epoch: 25, Batch: 580, Acc: 5.92%, Loss: 4.2820
Epoch: 25, Batch: 590, Acc: 5.89%, Loss: 4.3136
Epoch: 25, Batch: 600, Acc: 5.89%, Loss: 4.2521
Epoch: 25, Batch: 610, Acc: 5.89%, Loss: 4.2565
Epoch: 25, Batch: 620, Acc: 5.89%, Loss: 4.2823
Epoch: 25, Batch: 630, Acc: 5.87%, Loss: 4.2938
Epoch: 25, Batch: 640, Acc: 5.89%, Loss: 4.2790
Epoch: 25, Batch: 650, Acc: 5.92%, Loss: 4.2756
Epoch: 25, Batch: 660, Acc: 5.92%, Loss: 4.2727
Epoch: 25, Batch: 670, Acc: 5.93%, Loss: 4.2915
Epoch: 25, Batch: 680, Acc: 5.92%, Loss: 4.3273
Epoch: 25, Batch: 690, Acc: 5.89%, Loss: 4.3172
Epoch: 25, Batch: 700, Acc: 5.89%, Loss: 4.3036
Epoch: 25, Batch: 710, Acc: 5.89%, Loss: 4.2796
Epoch: 25, Batch: 720, Acc: 5.90%, Loss: 4.3061
Epoch: 25, Batch: 730, Acc: 5.90%, Loss: 4.2859
Epoch: 25, Batch: 740, Acc: 5.91%, Loss: 4.2793
Epoch: 25, Batch: 750, Acc: 5.89%, Loss: 4.3387
Epoch: 25, Batch: 760, Acc: 5.89%, Loss: 4.2734
Epoch: 25, Batch: 770, Acc: 5.89%, Loss: 4.3210
Epoch: 25, Batch: 780, Acc: 5.88%, Loss: 4.3052
Accuracy on test set: 6.15%
Epoch: 26, Batch: 10, Acc: 5.62%, Loss: 4.3111
Epoch: 26, Batch: 20, Acc: 5.39%, Loss: 4.2490
Epoch: 26, Batch: 30, Acc: 5.73%, Loss: 4.2725
Epoch: 26, Batch: 40, Acc: 5.98%, Loss: 4.2691
Epoch: 26, Batch: 50, Acc: 5.75%, Loss: 4.2872
Epoch: 26, Batch: 60, Acc: 5.73%, Loss: 4.3297
Epoch: 26, Batch: 70, Acc: 5.78%, Loss: 4.2763
Epoch: 26, Batch: 80, Acc: 5.72%, Loss: 4.2673
Epoch: 26, Batch: 90, Acc: 5.82%, Loss: 4.2820
Epoch: 26, Batch: 100, Acc: 5.83%, Loss: 4.2807
Epoch: 26, Batch: 110, Acc: 5.94%, Loss: 4.2783
Epoch: 26, Batch: 120, Acc: 5.95%, Loss: 4.2580
Epoch: 26, Batch: 130, Acc: 6.06%, Loss: 4.2617
Epoch: 26, Batch: 140, Acc: 6.06%, Loss: 4.2883
Epoch: 26, Batch: 150, Acc: 6.05%, Loss: 4.2937
Epoch: 26, Batch: 160, Acc: 6.02%, Loss: 4.3114
Epoch: 26, Batch: 170, Acc: 5.98%, Loss: 4.2824
Epoch: 26, Batch: 180, Acc: 5.95%, Loss: 4.2731
Epoch: 26, Batch: 190, Acc: 5.96%, Loss: 4.3067
Epoch: 26, Batch: 200, Acc: 5.91%, Loss: 4.3202
Epoch: 26, Batch: 210, Acc: 5.89%, Loss: 4.3151
Epoch: 26, Batch: 220, Acc: 5.85%, Loss: 4.2964
Epoch: 26, Batch: 230, Acc: 5.83%, Loss: 4.2961
Epoch: 26, Batch: 240, Acc: 5.83%, Loss: 4.2861
Epoch: 26, Batch: 250, Acc: 5.83%, Loss: 4.2925
Epoch: 26, Batch: 260, Acc: 5.87%, Loss: 4.2835
Epoch: 26, Batch: 270, Acc: 5.89%, Loss: 4.2886
Epoch: 26, Batch: 280, Acc: 5.93%, Loss: 4.2430
Epoch: 26, Batch: 290, Acc: 5.93%, Loss: 4.3151
Epoch: 26, Batch: 300, Acc: 5.88%, Loss: 4.2833
Epoch: 26, Batch: 310, Acc: 5.86%, Loss: 4.3014
Epoch: 26, Batch: 320, Acc: 5.93%, Loss: 4.2613
Epoch: 26, Batch: 330, Acc: 5.96%, Loss: 4.2917
Epoch: 26, Batch: 340, Acc: 5.94%, Loss: 4.3162
Epoch: 26, Batch: 350, Acc: 5.96%, Loss: 4.2720
Epoch: 26, Batch: 360, Acc: 5.98%, Loss: 4.2786
Epoch: 26, Batch: 370, Acc: 5.96%, Loss: 4.2845
Epoch: 26, Batch: 380, Acc: 5.95%, Loss: 4.2616
Epoch: 26, Batch: 390, Acc: 5.96%, Loss: 4.2474
Epoch: 26, Batch: 400, Acc: 5.92%, Loss: 4.3441
Epoch: 26, Batch: 410, Acc: 5.88%, Loss: 4.2554
Epoch: 26, Batch: 420, Acc: 5.90%, Loss: 4.2936
Epoch: 26, Batch: 430, Acc: 5.90%, Loss: 4.3318
Epoch: 26, Batch: 440, Acc: 5.90%, Loss: 4.2805
Epoch: 26, Batch: 450, Acc: 5.93%, Loss: 4.2715
Epoch: 26, Batch: 460, Acc: 5.95%, Loss: 4.2751
Epoch: 26, Batch: 470, Acc: 5.91%, Loss: 4.3041
Epoch: 26, Batch: 480, Acc: 5.94%, Loss: 4.2916
Epoch: 26, Batch: 490, Acc: 5.94%, Loss: 4.2914
Epoch: 26, Batch: 500, Acc: 5.93%, Loss: 4.2822
Epoch: 26, Batch: 510, Acc: 5.91%, Loss: 4.3188
Epoch: 26, Batch: 520, Acc: 5.92%, Loss: 4.2931
Epoch: 26, Batch: 530, Acc: 5.93%, Loss: 4.2515
Epoch: 26, Batch: 540, Acc: 5.91%, Loss: 4.3425
Epoch: 26, Batch: 550, Acc: 5.95%, Loss: 4.2870
Epoch: 26, Batch: 560, Acc: 5.98%, Loss: 4.2606
Epoch: 26, Batch: 570, Acc: 5.95%, Loss: 4.3030
Epoch: 26, Batch: 580, Acc: 5.94%, Loss: 4.3337
Epoch: 26, Batch: 590, Acc: 5.92%, Loss: 4.3541
Epoch: 26, Batch: 600, Acc: 5.91%, Loss: 4.3180
Epoch: 26, Batch: 610, Acc: 5.91%, Loss: 4.2773
Epoch: 26, Batch: 620, Acc: 5.90%, Loss: 4.2820
Epoch: 26, Batch: 630, Acc: 5.93%, Loss: 4.2772
Epoch: 26, Batch: 640, Acc: 5.92%, Loss: 4.3014
Epoch: 26, Batch: 650, Acc: 5.93%, Loss: 4.2836
Epoch: 26, Batch: 660, Acc: 5.94%, Loss: 4.2695
Epoch: 26, Batch: 670, Acc: 5.96%, Loss: 4.2662
Epoch: 26, Batch: 680, Acc: 5.96%, Loss: 4.2714
Epoch: 26, Batch: 690, Acc: 5.97%, Loss: 4.3365
Epoch: 26, Batch: 700, Acc: 5.96%, Loss: 4.2881
Epoch: 26, Batch: 710, Acc: 5.97%, Loss: 4.2630
Epoch: 26, Batch: 720, Acc: 5.99%, Loss: 4.2956
Epoch: 26, Batch: 730, Acc: 5.98%, Loss: 4.3147
Epoch: 26, Batch: 740, Acc: 5.97%, Loss: 4.2820
Epoch: 26, Batch: 750, Acc: 5.97%, Loss: 4.2730
Epoch: 26, Batch: 760, Acc: 5.95%, Loss: 4.2849
Epoch: 26, Batch: 770, Acc: 5.97%, Loss: 4.2520
Epoch: 26, Batch: 780, Acc: 5.97%, Loss: 4.3201
Accuracy on test set: 6.03%
Epoch: 27, Batch: 10, Acc: 7.97%, Loss: 4.2415
Epoch: 27, Batch: 20, Acc: 6.48%, Loss: 4.3246
Epoch: 27, Batch: 30, Acc: 6.25%, Loss: 4.2447
Epoch: 27, Batch: 40, Acc: 6.05%, Loss: 4.2606
Epoch: 27, Batch: 50, Acc: 6.06%, Loss: 4.2646
Epoch: 27, Batch: 60, Acc: 5.94%, Loss: 4.3084
Epoch: 27, Batch: 70, Acc: 5.94%, Loss: 4.3261
Epoch: 27, Batch: 80, Acc: 6.02%, Loss: 4.2467
Epoch: 27, Batch: 90, Acc: 6.09%, Loss: 4.2281
Epoch: 27, Batch: 100, Acc: 6.20%, Loss: 4.2549
Epoch: 27, Batch: 110, Acc: 6.12%, Loss: 4.3112
Epoch: 27, Batch: 120, Acc: 6.11%, Loss: 4.2712
Epoch: 27, Batch: 130, Acc: 6.15%, Loss: 4.2983
Epoch: 27, Batch: 140, Acc: 6.23%, Loss: 4.2844
Epoch: 27, Batch: 150, Acc: 6.21%, Loss: 4.2887
Epoch: 27, Batch: 160, Acc: 6.16%, Loss: 4.2831
Epoch: 27, Batch: 170, Acc: 6.17%, Loss: 4.2434
Epoch: 27, Batch: 180, Acc: 6.07%, Loss: 4.3314
Epoch: 27, Batch: 190, Acc: 6.04%, Loss: 4.3021
Epoch: 27, Batch: 200, Acc: 5.98%, Loss: 4.3392
Epoch: 27, Batch: 210, Acc: 6.01%, Loss: 4.2694
Epoch: 27, Batch: 220, Acc: 6.04%, Loss: 4.2665
Epoch: 27, Batch: 230, Acc: 5.97%, Loss: 4.3131
Epoch: 27, Batch: 240, Acc: 5.99%, Loss: 4.2603
Epoch: 27, Batch: 250, Acc: 5.99%, Loss: 4.2795
Epoch: 27, Batch: 260, Acc: 5.99%, Loss: 4.2703
Epoch: 27, Batch: 270, Acc: 5.97%, Loss: 4.2747
Epoch: 27, Batch: 280, Acc: 5.99%, Loss: 4.2952
Epoch: 27, Batch: 290, Acc: 5.99%, Loss: 4.2935
Epoch: 27, Batch: 300, Acc: 6.00%, Loss: 4.2890
Epoch: 27, Batch: 310, Acc: 6.00%, Loss: 4.2809
Epoch: 27, Batch: 320, Acc: 5.99%, Loss: 4.2540
Epoch: 27, Batch: 330, Acc: 5.98%, Loss: 4.2536
Epoch: 27, Batch: 340, Acc: 5.99%, Loss: 4.2912
Epoch: 27, Batch: 350, Acc: 6.02%, Loss: 4.2663
Epoch: 27, Batch: 360, Acc: 6.03%, Loss: 4.2430
Epoch: 27, Batch: 370, Acc: 5.98%, Loss: 4.3432
Epoch: 27, Batch: 380, Acc: 5.91%, Loss: 4.3262
Epoch: 27, Batch: 390, Acc: 5.93%, Loss: 4.2790
Epoch: 27, Batch: 400, Acc: 5.91%, Loss: 4.3061
Epoch: 27, Batch: 410, Acc: 5.94%, Loss: 4.2815
Epoch: 27, Batch: 420, Acc: 5.92%, Loss: 4.3063
Epoch: 27, Batch: 430, Acc: 5.92%, Loss: 4.3030
Epoch: 27, Batch: 440, Acc: 5.91%, Loss: 4.3438
Epoch: 27, Batch: 450, Acc: 5.89%, Loss: 4.2750
Epoch: 27, Batch: 460, Acc: 5.91%, Loss: 4.2748
Epoch: 27, Batch: 470, Acc: 5.94%, Loss: 4.2756
Epoch: 27, Batch: 480, Acc: 5.92%, Loss: 4.3401
Epoch: 27, Batch: 490, Acc: 5.92%, Loss: 4.3175
Epoch: 27, Batch: 500, Acc: 5.92%, Loss: 4.3068
Epoch: 27, Batch: 510, Acc: 5.95%, Loss: 4.2516
Epoch: 27, Batch: 520, Acc: 5.95%, Loss: 4.3386
Epoch: 27, Batch: 530, Acc: 5.94%, Loss: 4.3185
Epoch: 27, Batch: 540, Acc: 5.94%, Loss: 4.3023
Epoch: 27, Batch: 550, Acc: 5.97%, Loss: 4.2568
Epoch: 27, Batch: 560, Acc: 5.96%, Loss: 4.3241
Epoch: 27, Batch: 570, Acc: 5.99%, Loss: 4.2862
Epoch: 27, Batch: 580, Acc: 6.00%, Loss: 4.2707
Epoch: 27, Batch: 590, Acc: 5.99%, Loss: 4.2621
Epoch: 27, Batch: 600, Acc: 6.02%, Loss: 4.2687
Epoch: 27, Batch: 610, Acc: 6.02%, Loss: 4.3184
Epoch: 27, Batch: 620, Acc: 6.02%, Loss: 4.2967
Epoch: 27, Batch: 630, Acc: 6.02%, Loss: 4.3132
Epoch: 27, Batch: 640, Acc: 6.01%, Loss: 4.2846
Epoch: 27, Batch: 650, Acc: 6.00%, Loss: 4.2824
Epoch: 27, Batch: 660, Acc: 5.99%, Loss: 4.3009
Epoch: 27, Batch: 670, Acc: 5.99%, Loss: 4.2777
Epoch: 27, Batch: 680, Acc: 5.98%, Loss: 4.3408
Epoch: 27, Batch: 690, Acc: 6.00%, Loss: 4.2856
Epoch: 27, Batch: 700, Acc: 6.01%, Loss: 4.2268
Epoch: 27, Batch: 710, Acc: 6.04%, Loss: 4.2408
Epoch: 27, Batch: 720, Acc: 6.06%, Loss: 4.2585
Epoch: 27, Batch: 730, Acc: 6.06%, Loss: 4.2943
Epoch: 27, Batch: 740, Acc: 6.05%, Loss: 4.2663
Epoch: 27, Batch: 750, Acc: 6.05%, Loss: 4.3147
Epoch: 27, Batch: 760, Acc: 6.04%, Loss: 4.3148
Epoch: 27, Batch: 770, Acc: 6.05%, Loss: 4.2530
Epoch: 27, Batch: 780, Acc: 6.04%, Loss: 4.2739
Accuracy on test set: 6.31%
Epoch: 28, Batch: 10, Acc: 5.94%, Loss: 4.2728
Epoch: 28, Batch: 20, Acc: 6.56%, Loss: 4.2426
Epoch: 28, Batch: 30, Acc: 6.35%, Loss: 4.2738
Epoch: 28, Batch: 40, Acc: 6.21%, Loss: 4.3323
Epoch: 28, Batch: 50, Acc: 6.22%, Loss: 4.3179
Epoch: 28, Batch: 60, Acc: 6.02%, Loss: 4.2520
Epoch: 28, Batch: 70, Acc: 5.92%, Loss: 4.2985
Epoch: 28, Batch: 80, Acc: 5.82%, Loss: 4.2952
Epoch: 28, Batch: 90, Acc: 5.92%, Loss: 4.2892
Epoch: 28, Batch: 100, Acc: 5.88%, Loss: 4.2805
Epoch: 28, Batch: 110, Acc: 5.94%, Loss: 4.2590
Epoch: 28, Batch: 120, Acc: 5.82%, Loss: 4.3175
Epoch: 28, Batch: 130, Acc: 5.91%, Loss: 4.2345
Epoch: 28, Batch: 140, Acc: 5.98%, Loss: 4.3038
Epoch: 28, Batch: 150, Acc: 5.97%, Loss: 4.2747
Epoch: 28, Batch: 160, Acc: 5.98%, Loss: 4.3017
Epoch: 28, Batch: 170, Acc: 5.97%, Loss: 4.3071
Epoch: 28, Batch: 180, Acc: 5.99%, Loss: 4.2555
Epoch: 28, Batch: 190, Acc: 5.95%, Loss: 4.2417
Epoch: 28, Batch: 200, Acc: 6.02%, Loss: 4.2455
Epoch: 28, Batch: 210, Acc: 6.03%, Loss: 4.2515
Epoch: 28, Batch: 220, Acc: 6.03%, Loss: 4.2370
Epoch: 28, Batch: 230, Acc: 6.04%, Loss: 4.2672
Epoch: 28, Batch: 240, Acc: 6.07%, Loss: 4.2848
Epoch: 28, Batch: 250, Acc: 6.05%, Loss: 4.2824
Epoch: 28, Batch: 260, Acc: 6.03%, Loss: 4.2196
Epoch: 28, Batch: 270, Acc: 5.98%, Loss: 4.3513
Epoch: 28, Batch: 280, Acc: 5.95%, Loss: 4.2885
Epoch: 28, Batch: 290, Acc: 5.91%, Loss: 4.3143
Epoch: 28, Batch: 300, Acc: 5.96%, Loss: 4.2504
Epoch: 28, Batch: 310, Acc: 5.96%, Loss: 4.2875
Epoch: 28, Batch: 320, Acc: 5.95%, Loss: 4.3050
Epoch: 28, Batch: 330, Acc: 6.00%, Loss: 4.2539
Epoch: 28, Batch: 340, Acc: 6.01%, Loss: 4.3211
Epoch: 28, Batch: 350, Acc: 6.01%, Loss: 4.3209
Epoch: 28, Batch: 360, Acc: 6.00%, Loss: 4.2766
Epoch: 28, Batch: 370, Acc: 6.00%, Loss: 4.2884
Epoch: 28, Batch: 380, Acc: 5.99%, Loss: 4.2447
Epoch: 28, Batch: 390, Acc: 6.01%, Loss: 4.2951
Epoch: 28, Batch: 400, Acc: 6.04%, Loss: 4.2285
Epoch: 28, Batch: 410, Acc: 6.01%, Loss: 4.2896
Epoch: 28, Batch: 420, Acc: 5.98%, Loss: 4.3218
Epoch: 28, Batch: 430, Acc: 6.00%, Loss: 4.3146
Epoch: 28, Batch: 440, Acc: 5.98%, Loss: 4.3237
Epoch: 28, Batch: 450, Acc: 5.98%, Loss: 4.3023
Epoch: 28, Batch: 460, Acc: 5.94%, Loss: 4.3207
Epoch: 28, Batch: 470, Acc: 5.94%, Loss: 4.3045
Epoch: 28, Batch: 480, Acc: 5.93%, Loss: 4.3004
Epoch: 28, Batch: 490, Acc: 5.92%, Loss: 4.2576
Epoch: 28, Batch: 500, Acc: 5.90%, Loss: 4.3421
Epoch: 28, Batch: 510, Acc: 5.92%, Loss: 4.2747
Epoch: 28, Batch: 520, Acc: 5.93%, Loss: 4.2299
Epoch: 28, Batch: 530, Acc: 5.93%, Loss: 4.2733
Epoch: 28, Batch: 540, Acc: 5.92%, Loss: 4.3109
Epoch: 28, Batch: 550, Acc: 5.93%, Loss: 4.2645
Epoch: 28, Batch: 560, Acc: 5.93%, Loss: 4.2918
Epoch: 28, Batch: 570, Acc: 5.93%, Loss: 4.2703
Epoch: 28, Batch: 580, Acc: 5.94%, Loss: 4.2829
Epoch: 28, Batch: 590, Acc: 5.95%, Loss: 4.2727
Epoch: 28, Batch: 600, Acc: 5.93%, Loss: 4.2977
Epoch: 28, Batch: 610, Acc: 5.95%, Loss: 4.2619
Epoch: 28, Batch: 620, Acc: 5.94%, Loss: 4.2712
Epoch: 28, Batch: 630, Acc: 5.94%, Loss: 4.2878
Epoch: 28, Batch: 640, Acc: 5.95%, Loss: 4.2657
Epoch: 28, Batch: 650, Acc: 5.93%, Loss: 4.3133
Epoch: 28, Batch: 660, Acc: 5.94%, Loss: 4.3011
Epoch: 28, Batch: 670, Acc: 5.90%, Loss: 4.3100
Epoch: 28, Batch: 680, Acc: 5.91%, Loss: 4.2692
Epoch: 28, Batch: 690, Acc: 5.90%, Loss: 4.2932
Epoch: 28, Batch: 700, Acc: 5.91%, Loss: 4.2949
Epoch: 28, Batch: 710, Acc: 5.92%, Loss: 4.2914
Epoch: 28, Batch: 720, Acc: 5.94%, Loss: 4.2755
Epoch: 28, Batch: 730, Acc: 5.94%, Loss: 4.3190
Epoch: 28, Batch: 740, Acc: 5.95%, Loss: 4.2970
Epoch: 28, Batch: 750, Acc: 5.96%, Loss: 4.2931
Epoch: 28, Batch: 760, Acc: 5.94%, Loss: 4.2960
Epoch: 28, Batch: 770, Acc: 5.93%, Loss: 4.2658
Epoch: 28, Batch: 780, Acc: 5.93%, Loss: 4.2850
Accuracy on test set: 6.13%
Epoch: 29, Batch: 10, Acc: 5.47%, Loss: 4.3184
Epoch: 29, Batch: 20, Acc: 5.16%, Loss: 4.3242
Epoch: 29, Batch: 30, Acc: 5.68%, Loss: 4.2886
Epoch: 29, Batch: 40, Acc: 5.90%, Loss: 4.2770
Epoch: 29, Batch: 50, Acc: 6.22%, Loss: 4.2593
Epoch: 29, Batch: 60, Acc: 6.17%, Loss: 4.2540
Epoch: 29, Batch: 70, Acc: 6.14%, Loss: 4.2812
Epoch: 29, Batch: 80, Acc: 6.17%, Loss: 4.2606
Epoch: 29, Batch: 90, Acc: 6.18%, Loss: 4.2517
Epoch: 29, Batch: 100, Acc: 6.28%, Loss: 4.2725
Epoch: 29, Batch: 110, Acc: 6.34%, Loss: 4.2712
Epoch: 29, Batch: 120, Acc: 6.29%, Loss: 4.2820
Epoch: 29, Batch: 130, Acc: 6.31%, Loss: 4.2425
Epoch: 29, Batch: 140, Acc: 6.33%, Loss: 4.2153
Epoch: 29, Batch: 150, Acc: 6.26%, Loss: 4.2912
Epoch: 29, Batch: 160, Acc: 6.21%, Loss: 4.2817
Epoch: 29, Batch: 170, Acc: 6.28%, Loss: 4.2302
Epoch: 29, Batch: 180, Acc: 6.20%, Loss: 4.2938
Epoch: 29, Batch: 190, Acc: 6.26%, Loss: 4.2242
Epoch: 29, Batch: 200, Acc: 6.16%, Loss: 4.3347
Epoch: 29, Batch: 210, Acc: 6.11%, Loss: 4.3176
Epoch: 29, Batch: 220, Acc: 6.15%, Loss: 4.2906
Epoch: 29, Batch: 230, Acc: 6.17%, Loss: 4.2601
Epoch: 29, Batch: 240, Acc: 6.15%, Loss: 4.2958
Epoch: 29, Batch: 250, Acc: 6.17%, Loss: 4.2771
Epoch: 29, Batch: 260, Acc: 6.18%, Loss: 4.2504
Epoch: 29, Batch: 270, Acc: 6.22%, Loss: 4.2783
Epoch: 29, Batch: 280, Acc: 6.18%, Loss: 4.3383
Epoch: 29, Batch: 290, Acc: 6.17%, Loss: 4.3084
Epoch: 29, Batch: 300, Acc: 6.10%, Loss: 4.3115
Epoch: 29, Batch: 310, Acc: 6.09%, Loss: 4.2882
Epoch: 29, Batch: 320, Acc: 6.10%, Loss: 4.2510
Epoch: 29, Batch: 330, Acc: 6.13%, Loss: 4.2545
Epoch: 29, Batch: 340, Acc: 6.14%, Loss: 4.2970
Epoch: 29, Batch: 350, Acc: 6.17%, Loss: 4.2306
Epoch: 29, Batch: 360, Acc: 6.17%, Loss: 4.3000
Epoch: 29, Batch: 370, Acc: 6.16%, Loss: 4.3172
Epoch: 29, Batch: 380, Acc: 6.17%, Loss: 4.2620
Epoch: 29, Batch: 390, Acc: 6.16%, Loss: 4.2975
Epoch: 29, Batch: 400, Acc: 6.13%, Loss: 4.3194
Epoch: 29, Batch: 410, Acc: 6.14%, Loss: 4.2981
Epoch: 29, Batch: 420, Acc: 6.13%, Loss: 4.2879
Epoch: 29, Batch: 430, Acc: 6.15%, Loss: 4.2506
Epoch: 29, Batch: 440, Acc: 6.12%, Loss: 4.2895
Epoch: 29, Batch: 450, Acc: 6.09%, Loss: 4.2989
Epoch: 29, Batch: 460, Acc: 6.09%, Loss: 4.2854
Epoch: 29, Batch: 470, Acc: 6.06%, Loss: 4.2946
Epoch: 29, Batch: 480, Acc: 6.06%, Loss: 4.2578
Epoch: 29, Batch: 490, Acc: 6.08%, Loss: 4.2751
Epoch: 29, Batch: 500, Acc: 6.07%, Loss: 4.3231
Epoch: 29, Batch: 510, Acc: 6.11%, Loss: 4.2528
Epoch: 29, Batch: 520, Acc: 6.09%, Loss: 4.2548
Epoch: 29, Batch: 530, Acc: 6.08%, Loss: 4.2958
Epoch: 29, Batch: 540, Acc: 6.08%, Loss: 4.3325
Epoch: 29, Batch: 550, Acc: 6.09%, Loss: 4.2515
Epoch: 29, Batch: 560, Acc: 6.09%, Loss: 4.2740
Epoch: 29, Batch: 570, Acc: 6.09%, Loss: 4.2506
Epoch: 29, Batch: 580, Acc: 6.10%, Loss: 4.2756
Epoch: 29, Batch: 590, Acc: 6.10%, Loss: 4.2562
Epoch: 29, Batch: 600, Acc: 6.09%, Loss: 4.3257
Epoch: 29, Batch: 610, Acc: 6.07%, Loss: 4.2806
Epoch: 29, Batch: 620, Acc: 6.06%, Loss: 4.2635
Epoch: 29, Batch: 630, Acc: 6.06%, Loss: 4.2878
Epoch: 29, Batch: 640, Acc: 6.07%, Loss: 4.2759
Epoch: 29, Batch: 650, Acc: 6.10%, Loss: 4.2737
Epoch: 29, Batch: 660, Acc: 6.09%, Loss: 4.3329
Epoch: 29, Batch: 670, Acc: 6.09%, Loss: 4.2708
Epoch: 29, Batch: 680, Acc: 6.10%, Loss: 4.2612
Epoch: 29, Batch: 690, Acc: 6.10%, Loss: 4.2984
Epoch: 29, Batch: 700, Acc: 6.08%, Loss: 4.2889
Epoch: 29, Batch: 710, Acc: 6.04%, Loss: 4.3248
Epoch: 29, Batch: 720, Acc: 6.02%, Loss: 4.2978
Epoch: 29, Batch: 730, Acc: 6.02%, Loss: 4.3369
Epoch: 29, Batch: 740, Acc: 6.03%, Loss: 4.2535
Epoch: 29, Batch: 750, Acc: 6.01%, Loss: 4.2734
Epoch: 29, Batch: 760, Acc: 6.02%, Loss: 4.2839
Epoch: 29, Batch: 770, Acc: 6.04%, Loss: 4.2886
Epoch: 29, Batch: 780, Acc: 6.04%, Loss: 4.3121
Accuracy on test set: 6.16%
Epoch: 30, Batch: 10, Acc: 4.53%, Loss: 4.2800
Epoch: 30, Batch: 20, Acc: 5.31%, Loss: 4.3013
Epoch: 30, Batch: 30, Acc: 5.52%, Loss: 4.3284
Epoch: 30, Batch: 40, Acc: 5.27%, Loss: 4.3108
Epoch: 30, Batch: 50, Acc: 5.62%, Loss: 4.3000
Epoch: 30, Batch: 60, Acc: 5.81%, Loss: 4.3066
Epoch: 30, Batch: 70, Acc: 6.00%, Loss: 4.2651
Epoch: 30, Batch: 80, Acc: 5.96%, Loss: 4.2979
Epoch: 30, Batch: 90, Acc: 6.11%, Loss: 4.2494
Epoch: 30, Batch: 100, Acc: 6.12%, Loss: 4.2913
Epoch: 30, Batch: 110, Acc: 6.12%, Loss: 4.2757
Epoch: 30, Batch: 120, Acc: 6.07%, Loss: 4.3041
Epoch: 30, Batch: 130, Acc: 6.23%, Loss: 4.3001
Epoch: 30, Batch: 140, Acc: 6.22%, Loss: 4.2925
Epoch: 30, Batch: 150, Acc: 6.23%, Loss: 4.2925
Epoch: 30, Batch: 160, Acc: 6.35%, Loss: 4.2690
Epoch: 30, Batch: 170, Acc: 6.27%, Loss: 4.2763
Epoch: 30, Batch: 180, Acc: 6.26%, Loss: 4.2504
Epoch: 30, Batch: 190, Acc: 6.34%, Loss: 4.2515
Epoch: 30, Batch: 200, Acc: 6.30%, Loss: 4.2573
Epoch: 30, Batch: 210, Acc: 6.25%, Loss: 4.2703
Epoch: 30, Batch: 220, Acc: 6.23%, Loss: 4.3196
Epoch: 30, Batch: 230, Acc: 6.19%, Loss: 4.2397
Epoch: 30, Batch: 240, Acc: 6.15%, Loss: 4.2759
Epoch: 30, Batch: 250, Acc: 6.14%, Loss: 4.2740
Epoch: 30, Batch: 260, Acc: 6.17%, Loss: 4.2756
Epoch: 30, Batch: 270, Acc: 6.19%, Loss: 4.2885
Epoch: 30, Batch: 280, Acc: 6.23%, Loss: 4.2260
Epoch: 30, Batch: 290, Acc: 6.24%, Loss: 4.2399
Epoch: 30, Batch: 300, Acc: 6.26%, Loss: 4.2319
Epoch: 30, Batch: 310, Acc: 6.28%, Loss: 4.2589
Epoch: 30, Batch: 320, Acc: 6.24%, Loss: 4.2853
Epoch: 30, Batch: 330, Acc: 6.24%, Loss: 4.2923
Epoch: 30, Batch: 340, Acc: 6.25%, Loss: 4.2808
Epoch: 30, Batch: 350, Acc: 6.22%, Loss: 4.3047
Epoch: 30, Batch: 360, Acc: 6.22%, Loss: 4.2811
Epoch: 30, Batch: 370, Acc: 6.20%, Loss: 4.2770
Epoch: 30, Batch: 380, Acc: 6.22%, Loss: 4.2847
Epoch: 30, Batch: 390, Acc: 6.24%, Loss: 4.2239
Epoch: 30, Batch: 400, Acc: 6.25%, Loss: 4.2920
Epoch: 30, Batch: 410, Acc: 6.22%, Loss: 4.3300
Epoch: 30, Batch: 420, Acc: 6.21%, Loss: 4.2695
Epoch: 30, Batch: 430, Acc: 6.18%, Loss: 4.2738
Epoch: 30, Batch: 440, Acc: 6.22%, Loss: 4.2561
Epoch: 30, Batch: 450, Acc: 6.20%, Loss: 4.2415
Epoch: 30, Batch: 460, Acc: 6.19%, Loss: 4.3136
Epoch: 30, Batch: 470, Acc: 6.19%, Loss: 4.2651
Epoch: 30, Batch: 480, Acc: 6.17%, Loss: 4.2875
Epoch: 30, Batch: 490, Acc: 6.17%, Loss: 4.2992
Epoch: 30, Batch: 500, Acc: 6.14%, Loss: 4.3181
Epoch: 30, Batch: 510, Acc: 6.13%, Loss: 4.3046
Epoch: 30, Batch: 520, Acc: 6.13%, Loss: 4.2902
Epoch: 30, Batch: 530, Acc: 6.13%, Loss: 4.2977
Epoch: 30, Batch: 540, Acc: 6.15%, Loss: 4.2982
Epoch: 30, Batch: 550, Acc: 6.14%, Loss: 4.2771
Epoch: 30, Batch: 560, Acc: 6.12%, Loss: 4.2769
Epoch: 30, Batch: 570, Acc: 6.13%, Loss: 4.2712
Epoch: 30, Batch: 580, Acc: 6.14%, Loss: 4.3035
Epoch: 30, Batch: 590, Acc: 6.15%, Loss: 4.2366
Epoch: 30, Batch: 600, Acc: 6.15%, Loss: 4.2853
Epoch: 30, Batch: 610, Acc: 6.13%, Loss: 4.2746
Epoch: 30, Batch: 620, Acc: 6.14%, Loss: 4.2683
Epoch: 30, Batch: 630, Acc: 6.14%, Loss: 4.3040
Epoch: 30, Batch: 640, Acc: 6.13%, Loss: 4.2699
Epoch: 30, Batch: 650, Acc: 6.14%, Loss: 4.2478
Epoch: 30, Batch: 660, Acc: 6.13%, Loss: 4.2778
Epoch: 30, Batch: 670, Acc: 6.13%, Loss: 4.3136
Epoch: 30, Batch: 680, Acc: 6.12%, Loss: 4.2990
Epoch: 30, Batch: 690, Acc: 6.11%, Loss: 4.3293
Epoch: 30, Batch: 700, Acc: 6.11%, Loss: 4.2827
Epoch: 30, Batch: 710, Acc: 6.13%, Loss: 4.2952
Epoch: 30, Batch: 720, Acc: 6.12%, Loss: 4.2775
Epoch: 30, Batch: 730, Acc: 6.11%, Loss: 4.2868
Epoch: 30, Batch: 740, Acc: 6.12%, Loss: 4.2753
Epoch: 30, Batch: 750, Acc: 6.11%, Loss: 4.2922
Epoch: 30, Batch: 760, Acc: 6.12%, Loss: 4.2891
Epoch: 30, Batch: 770, Acc: 6.13%, Loss: 4.2489
Epoch: 30, Batch: 780, Acc: 6.14%, Loss: 4.2538
Accuracy on test set: 6.18%
Training Time: 2753.45 seconds
Best Accuracy for Run 0: 6.31%
 Training Run 1
Epoch: 1, Batch: 10, Acc: 0.62%, Loss: 4.6922
Epoch: 1, Batch: 20, Acc: 0.47%, Loss: 4.6507
Epoch: 1, Batch: 30, Acc: 0.78%, Loss: 4.6639
Epoch: 1, Batch: 40, Acc: 0.86%, Loss: 4.6503
Epoch: 1, Batch: 50, Acc: 0.81%, Loss: 4.6422
Epoch: 1, Batch: 60, Acc: 0.83%, Loss: 4.6373
Epoch: 1, Batch: 70, Acc: 0.83%, Loss: 4.6326
Epoch: 1, Batch: 80, Acc: 0.74%, Loss: 4.6357
Epoch: 1, Batch: 90, Acc: 0.87%, Loss: 4.6193
Epoch: 1, Batch: 100, Acc: 0.94%, Loss: 4.6290
Epoch: 1, Batch: 110, Acc: 0.99%, Loss: 4.6169
Epoch: 1, Batch: 120, Acc: 0.95%, Loss: 4.6129
Epoch: 1, Batch: 130, Acc: 1.06%, Loss: 4.6097
Epoch: 1, Batch: 140, Acc: 1.08%, Loss: 4.6063
Epoch: 1, Batch: 150, Acc: 1.08%, Loss: 4.6125
Epoch: 1, Batch: 160, Acc: 1.12%, Loss: 4.6007
Epoch: 1, Batch: 170, Acc: 1.15%, Loss: 4.6238
Epoch: 1, Batch: 180, Acc: 1.14%, Loss: 4.6054
Epoch: 1, Batch: 190, Acc: 1.13%, Loss: 4.6086
Epoch: 1, Batch: 200, Acc: 1.13%, Loss: 4.6042
Epoch: 1, Batch: 210, Acc: 1.16%, Loss: 4.6086
Epoch: 1, Batch: 220, Acc: 1.21%, Loss: 4.5984
Epoch: 1, Batch: 230, Acc: 1.21%, Loss: 4.6203
Epoch: 1, Batch: 240, Acc: 1.20%, Loss: 4.6077
Epoch: 1, Batch: 250, Acc: 1.21%, Loss: 4.6092
Epoch: 1, Batch: 260, Acc: 1.18%, Loss: 4.5958
Epoch: 1, Batch: 270, Acc: 1.17%, Loss: 4.5925
Epoch: 1, Batch: 280, Acc: 1.18%, Loss: 4.6031
Epoch: 1, Batch: 290, Acc: 1.17%, Loss: 4.6018
Epoch: 1, Batch: 300, Acc: 1.19%, Loss: 4.5904
Epoch: 1, Batch: 310, Acc: 1.20%, Loss: 4.5868
Epoch: 1, Batch: 320, Acc: 1.21%, Loss: 4.5936
Epoch: 1, Batch: 330, Acc: 1.21%, Loss: 4.5919
Epoch: 1, Batch: 340, Acc: 1.22%, Loss: 4.6023
Epoch: 1, Batch: 350, Acc: 1.24%, Loss: 4.5777
Epoch: 1, Batch: 360, Acc: 1.23%, Loss: 4.5895
Epoch: 1, Batch: 370, Acc: 1.25%, Loss: 4.5896
Epoch: 1, Batch: 380, Acc: 1.25%, Loss: 4.5900
Epoch: 1, Batch: 390, Acc: 1.26%, Loss: 4.6000
Epoch: 1, Batch: 400, Acc: 1.26%, Loss: 4.5767
Epoch: 1, Batch: 410, Acc: 1.27%, Loss: 4.5779
Epoch: 1, Batch: 420, Acc: 1.29%, Loss: 4.5778
Epoch: 1, Batch: 430, Acc: 1.30%, Loss: 4.5681
Epoch: 1, Batch: 440, Acc: 1.34%, Loss: 4.5639
Epoch: 1, Batch: 450, Acc: 1.33%, Loss: 4.5762
Epoch: 1, Batch: 460, Acc: 1.37%, Loss: 4.5750
Epoch: 1, Batch: 470, Acc: 1.37%, Loss: 4.5577
Epoch: 1, Batch: 480, Acc: 1.40%, Loss: 4.5684
Epoch: 1, Batch: 490, Acc: 1.42%, Loss: 4.5630
Epoch: 1, Batch: 500, Acc: 1.47%, Loss: 4.5554
Epoch: 1, Batch: 510, Acc: 1.47%, Loss: 4.5569
Epoch: 1, Batch: 520, Acc: 1.48%, Loss: 4.5610
Epoch: 1, Batch: 530, Acc: 1.51%, Loss: 4.5608
Epoch: 1, Batch: 540, Acc: 1.53%, Loss: 4.5552
Epoch: 1, Batch: 550, Acc: 1.56%, Loss: 4.5572
Epoch: 1, Batch: 560, Acc: 1.57%, Loss: 4.5642
Epoch: 1, Batch: 570, Acc: 1.59%, Loss: 4.5546
Epoch: 1, Batch: 580, Acc: 1.63%, Loss: 4.5405
Epoch: 1, Batch: 590, Acc: 1.65%, Loss: 4.5587
Epoch: 1, Batch: 600, Acc: 1.65%, Loss: 4.5584
Epoch: 1, Batch: 610, Acc: 1.68%, Loss: 4.5344
Epoch: 1, Batch: 620, Acc: 1.69%, Loss: 4.5486
Epoch: 1, Batch: 630, Acc: 1.69%, Loss: 4.5520
Epoch: 1, Batch: 640, Acc: 1.70%, Loss: 4.5469
Epoch: 1, Batch: 650, Acc: 1.73%, Loss: 4.5473
Epoch: 1, Batch: 660, Acc: 1.74%, Loss: 4.5385
Epoch: 1, Batch: 670, Acc: 1.74%, Loss: 4.5396
Epoch: 1, Batch: 680, Acc: 1.74%, Loss: 4.5407
Epoch: 1, Batch: 690, Acc: 1.75%, Loss: 4.5378
Epoch: 1, Batch: 700, Acc: 1.76%, Loss: 4.5356
Epoch: 1, Batch: 710, Acc: 1.76%, Loss: 4.5527
Epoch: 1, Batch: 720, Acc: 1.78%, Loss: 4.5356
Epoch: 1, Batch: 730, Acc: 1.79%, Loss: 4.5348
Epoch: 1, Batch: 740, Acc: 1.81%, Loss: 4.5425
Epoch: 1, Batch: 750, Acc: 1.80%, Loss: 4.5464
Epoch: 1, Batch: 760, Acc: 1.80%, Loss: 4.5408
Epoch: 1, Batch: 770, Acc: 1.83%, Loss: 4.5215
Epoch: 1, Batch: 780, Acc: 1.84%, Loss: 4.5330
Accuracy on test set: 2.70%
Epoch: 2, Batch: 10, Acc: 2.34%, Loss: 4.5305
Epoch: 2, Batch: 20, Acc: 2.27%, Loss: 4.5410
Epoch: 2, Batch: 30, Acc: 2.60%, Loss: 4.5322
Epoch: 2, Batch: 40, Acc: 2.66%, Loss: 4.5235
Epoch: 2, Batch: 50, Acc: 2.47%, Loss: 4.5193
Epoch: 2, Batch: 60, Acc: 2.55%, Loss: 4.5220
Epoch: 2, Batch: 70, Acc: 2.50%, Loss: 4.5193
Epoch: 2, Batch: 80, Acc: 2.56%, Loss: 4.5306
Epoch: 2, Batch: 90, Acc: 2.50%, Loss: 4.5341
Epoch: 2, Batch: 100, Acc: 2.47%, Loss: 4.5209
Epoch: 2, Batch: 110, Acc: 2.49%, Loss: 4.5237
Epoch: 2, Batch: 120, Acc: 2.53%, Loss: 4.5300
Epoch: 2, Batch: 130, Acc: 2.56%, Loss: 4.5189
Epoch: 2, Batch: 140, Acc: 2.61%, Loss: 4.5327
Epoch: 2, Batch: 150, Acc: 2.69%, Loss: 4.5178
Epoch: 2, Batch: 160, Acc: 2.72%, Loss: 4.4983
Epoch: 2, Batch: 170, Acc: 2.77%, Loss: 4.5079
Epoch: 2, Batch: 180, Acc: 2.71%, Loss: 4.5301
Epoch: 2, Batch: 190, Acc: 2.71%, Loss: 4.5082
Epoch: 2, Batch: 200, Acc: 2.74%, Loss: 4.4870
Epoch: 2, Batch: 210, Acc: 2.75%, Loss: 4.5188
Epoch: 2, Batch: 220, Acc: 2.75%, Loss: 4.5117
Epoch: 2, Batch: 230, Acc: 2.79%, Loss: 4.4963
Epoch: 2, Batch: 240, Acc: 2.75%, Loss: 4.5187
Epoch: 2, Batch: 250, Acc: 2.76%, Loss: 4.5205
Epoch: 2, Batch: 260, Acc: 2.76%, Loss: 4.5084
Epoch: 2, Batch: 270, Acc: 2.77%, Loss: 4.5073
Epoch: 2, Batch: 280, Acc: 2.79%, Loss: 4.4970
Epoch: 2, Batch: 290, Acc: 2.86%, Loss: 4.4946
Epoch: 2, Batch: 300, Acc: 2.85%, Loss: 4.5096
Epoch: 2, Batch: 310, Acc: 2.89%, Loss: 4.4971
Epoch: 2, Batch: 320, Acc: 2.92%, Loss: 4.5000
Epoch: 2, Batch: 330, Acc: 2.94%, Loss: 4.4970
Epoch: 2, Batch: 340, Acc: 2.95%, Loss: 4.5161
Epoch: 2, Batch: 350, Acc: 2.93%, Loss: 4.5044
Epoch: 2, Batch: 360, Acc: 2.95%, Loss: 4.4966
Epoch: 2, Batch: 370, Acc: 2.96%, Loss: 4.4873
Epoch: 2, Batch: 380, Acc: 2.96%, Loss: 4.5061
Epoch: 2, Batch: 390, Acc: 3.01%, Loss: 4.4846
Epoch: 2, Batch: 400, Acc: 3.00%, Loss: 4.4881
Epoch: 2, Batch: 410, Acc: 3.00%, Loss: 4.4874
Epoch: 2, Batch: 420, Acc: 3.02%, Loss: 4.4731
Epoch: 2, Batch: 430, Acc: 3.01%, Loss: 4.5078
Epoch: 2, Batch: 440, Acc: 3.02%, Loss: 4.4928
Epoch: 2, Batch: 450, Acc: 3.02%, Loss: 4.4953
Epoch: 2, Batch: 460, Acc: 3.04%, Loss: 4.4941
Epoch: 2, Batch: 470, Acc: 3.07%, Loss: 4.4860
Epoch: 2, Batch: 480, Acc: 3.05%, Loss: 4.4955
Epoch: 2, Batch: 490, Acc: 3.04%, Loss: 4.4884
Epoch: 2, Batch: 500, Acc: 3.03%, Loss: 4.4822
Epoch: 2, Batch: 510, Acc: 3.03%, Loss: 4.4899
Epoch: 2, Batch: 520, Acc: 3.03%, Loss: 4.4696
Epoch: 2, Batch: 530, Acc: 3.05%, Loss: 4.4622
Epoch: 2, Batch: 540, Acc: 3.08%, Loss: 4.4758
Epoch: 2, Batch: 550, Acc: 3.06%, Loss: 4.4865
Epoch: 2, Batch: 560, Acc: 3.04%, Loss: 4.4883
Epoch: 2, Batch: 570, Acc: 3.04%, Loss: 4.4771
Epoch: 2, Batch: 580, Acc: 3.05%, Loss: 4.4888
Epoch: 2, Batch: 590, Acc: 3.06%, Loss: 4.4923
Epoch: 2, Batch: 600, Acc: 3.07%, Loss: 4.4709
Epoch: 2, Batch: 610, Acc: 3.09%, Loss: 4.4633
Epoch: 2, Batch: 620, Acc: 3.08%, Loss: 4.4810
Epoch: 2, Batch: 630, Acc: 3.11%, Loss: 4.4772
Epoch: 2, Batch: 640, Acc: 3.10%, Loss: 4.4786
Epoch: 2, Batch: 650, Acc: 3.11%, Loss: 4.4548
Epoch: 2, Batch: 660, Acc: 3.11%, Loss: 4.4757
Epoch: 2, Batch: 670, Acc: 3.11%, Loss: 4.4875
Epoch: 2, Batch: 680, Acc: 3.13%, Loss: 4.4728
Epoch: 2, Batch: 690, Acc: 3.13%, Loss: 4.4730
Epoch: 2, Batch: 700, Acc: 3.13%, Loss: 4.4797
Epoch: 2, Batch: 710, Acc: 3.14%, Loss: 4.4558
Epoch: 2, Batch: 720, Acc: 3.16%, Loss: 4.4703
Epoch: 2, Batch: 730, Acc: 3.16%, Loss: 4.4642
Epoch: 2, Batch: 740, Acc: 3.18%, Loss: 4.4687
Epoch: 2, Batch: 750, Acc: 3.17%, Loss: 4.4886
Epoch: 2, Batch: 760, Acc: 3.19%, Loss: 4.4491
Epoch: 2, Batch: 770, Acc: 3.20%, Loss: 4.4800
Epoch: 2, Batch: 780, Acc: 3.21%, Loss: 4.4635
Accuracy on test set: 3.48%
Epoch: 3, Batch: 10, Acc: 3.75%, Loss: 4.4672
Epoch: 3, Batch: 20, Acc: 4.61%, Loss: 4.4785
Epoch: 3, Batch: 30, Acc: 4.32%, Loss: 4.4583
Epoch: 3, Batch: 40, Acc: 3.91%, Loss: 4.4580
Epoch: 3, Batch: 50, Acc: 3.81%, Loss: 4.4518
Epoch: 3, Batch: 60, Acc: 3.88%, Loss: 4.4918
Epoch: 3, Batch: 70, Acc: 3.75%, Loss: 4.4764
Epoch: 3, Batch: 80, Acc: 3.79%, Loss: 4.4676
Epoch: 3, Batch: 90, Acc: 3.72%, Loss: 4.4697
Epoch: 3, Batch: 100, Acc: 3.66%, Loss: 4.4480
Epoch: 3, Batch: 110, Acc: 3.68%, Loss: 4.4661
Epoch: 3, Batch: 120, Acc: 3.70%, Loss: 4.4719
Epoch: 3, Batch: 130, Acc: 3.76%, Loss: 4.4493
Epoch: 3, Batch: 140, Acc: 3.84%, Loss: 4.4587
Epoch: 3, Batch: 150, Acc: 3.94%, Loss: 4.4427
Epoch: 3, Batch: 160, Acc: 3.93%, Loss: 4.4603
Epoch: 3, Batch: 170, Acc: 4.00%, Loss: 4.4693
Epoch: 3, Batch: 180, Acc: 3.94%, Loss: 4.4527
Epoch: 3, Batch: 190, Acc: 3.92%, Loss: 4.4464
Epoch: 3, Batch: 200, Acc: 3.93%, Loss: 4.4465
Epoch: 3, Batch: 210, Acc: 3.96%, Loss: 4.4425
Epoch: 3, Batch: 220, Acc: 3.91%, Loss: 4.4641
Epoch: 3, Batch: 230, Acc: 3.85%, Loss: 4.4287
Epoch: 3, Batch: 240, Acc: 3.84%, Loss: 4.4553
Epoch: 3, Batch: 250, Acc: 3.84%, Loss: 4.4418
Epoch: 3, Batch: 260, Acc: 3.86%, Loss: 4.4381
Epoch: 3, Batch: 270, Acc: 3.83%, Loss: 4.4762
Epoch: 3, Batch: 280, Acc: 3.83%, Loss: 4.4526
Epoch: 3, Batch: 290, Acc: 3.83%, Loss: 4.4573
Epoch: 3, Batch: 300, Acc: 3.80%, Loss: 4.4372
Epoch: 3, Batch: 310, Acc: 3.80%, Loss: 4.4305
Epoch: 3, Batch: 320, Acc: 3.74%, Loss: 4.4364
Epoch: 3, Batch: 330, Acc: 3.74%, Loss: 4.4646
Epoch: 3, Batch: 340, Acc: 3.72%, Loss: 4.4326
Epoch: 3, Batch: 350, Acc: 3.71%, Loss: 4.4632
Epoch: 3, Batch: 360, Acc: 3.71%, Loss: 4.4482
Epoch: 3, Batch: 370, Acc: 3.71%, Loss: 4.4641
Epoch: 3, Batch: 380, Acc: 3.74%, Loss: 4.4537
Epoch: 3, Batch: 390, Acc: 3.73%, Loss: 4.4701
Epoch: 3, Batch: 400, Acc: 3.73%, Loss: 4.4327
Epoch: 3, Batch: 410, Acc: 3.75%, Loss: 4.4827
Epoch: 3, Batch: 420, Acc: 3.74%, Loss: 4.4513
Epoch: 3, Batch: 430, Acc: 3.76%, Loss: 4.4399
Epoch: 3, Batch: 440, Acc: 3.78%, Loss: 4.4319
Epoch: 3, Batch: 450, Acc: 3.78%, Loss: 4.4421
Epoch: 3, Batch: 460, Acc: 3.78%, Loss: 4.4457
Epoch: 3, Batch: 470, Acc: 3.75%, Loss: 4.4871
Epoch: 3, Batch: 480, Acc: 3.77%, Loss: 4.4445
Epoch: 3, Batch: 490, Acc: 3.77%, Loss: 4.4547
Epoch: 3, Batch: 500, Acc: 3.78%, Loss: 4.4288
Epoch: 3, Batch: 510, Acc: 3.77%, Loss: 4.4433
Epoch: 3, Batch: 520, Acc: 3.80%, Loss: 4.4466
Epoch: 3, Batch: 530, Acc: 3.81%, Loss: 4.4450
Epoch: 3, Batch: 540, Acc: 3.82%, Loss: 4.4413
Epoch: 3, Batch: 550, Acc: 3.80%, Loss: 4.4501
Epoch: 3, Batch: 560, Acc: 3.82%, Loss: 4.4486
Epoch: 3, Batch: 570, Acc: 3.83%, Loss: 4.4313
Epoch: 3, Batch: 580, Acc: 3.85%, Loss: 4.4188
Epoch: 3, Batch: 590, Acc: 3.84%, Loss: 4.4207
Epoch: 3, Batch: 600, Acc: 3.83%, Loss: 4.4378
Epoch: 3, Batch: 610, Acc: 3.82%, Loss: 4.4416
Epoch: 3, Batch: 620, Acc: 3.82%, Loss: 4.4327
Epoch: 3, Batch: 630, Acc: 3.81%, Loss: 4.4533
Epoch: 3, Batch: 640, Acc: 3.81%, Loss: 4.4475
Epoch: 3, Batch: 650, Acc: 3.82%, Loss: 4.4379
Epoch: 3, Batch: 660, Acc: 3.82%, Loss: 4.4451
Epoch: 3, Batch: 670, Acc: 3.81%, Loss: 4.4375
Epoch: 3, Batch: 680, Acc: 3.81%, Loss: 4.4183
Epoch: 3, Batch: 690, Acc: 3.80%, Loss: 4.4244
Epoch: 3, Batch: 700, Acc: 3.81%, Loss: 4.4037
Epoch: 3, Batch: 710, Acc: 3.79%, Loss: 4.4590
Epoch: 3, Batch: 720, Acc: 3.79%, Loss: 4.4055
Epoch: 3, Batch: 730, Acc: 3.78%, Loss: 4.4600
Epoch: 3, Batch: 740, Acc: 3.80%, Loss: 4.4344
Epoch: 3, Batch: 750, Acc: 3.79%, Loss: 4.4478
Epoch: 3, Batch: 760, Acc: 3.80%, Loss: 4.4724
Epoch: 3, Batch: 770, Acc: 3.78%, Loss: 4.4355
Epoch: 3, Batch: 780, Acc: 3.76%, Loss: 4.4403
Accuracy on test set: 3.75%
Epoch: 4, Batch: 10, Acc: 3.44%, Loss: 4.4148
Epoch: 4, Batch: 20, Acc: 4.14%, Loss: 4.4211
Epoch: 4, Batch: 30, Acc: 3.96%, Loss: 4.3966
Epoch: 4, Batch: 40, Acc: 3.83%, Loss: 4.4450
Epoch: 4, Batch: 50, Acc: 4.06%, Loss: 4.4391
Epoch: 4, Batch: 60, Acc: 3.93%, Loss: 4.4446
Epoch: 4, Batch: 70, Acc: 3.93%, Loss: 4.3891
Epoch: 4, Batch: 80, Acc: 4.02%, Loss: 4.4268
Epoch: 4, Batch: 90, Acc: 3.98%, Loss: 4.4321
Epoch: 4, Batch: 100, Acc: 3.84%, Loss: 4.4560
Epoch: 4, Batch: 110, Acc: 3.91%, Loss: 4.4195
Epoch: 4, Batch: 120, Acc: 3.91%, Loss: 4.4454
Epoch: 4, Batch: 130, Acc: 3.91%, Loss: 4.4461
Epoch: 4, Batch: 140, Acc: 4.04%, Loss: 4.3984
Epoch: 4, Batch: 150, Acc: 3.99%, Loss: 4.4346
Epoch: 4, Batch: 160, Acc: 4.06%, Loss: 4.4199
Epoch: 4, Batch: 170, Acc: 4.05%, Loss: 4.4101
Epoch: 4, Batch: 180, Acc: 4.00%, Loss: 4.4236
Epoch: 4, Batch: 190, Acc: 3.98%, Loss: 4.4322
Epoch: 4, Batch: 200, Acc: 3.94%, Loss: 4.4204
Epoch: 4, Batch: 210, Acc: 3.97%, Loss: 4.4197
Epoch: 4, Batch: 220, Acc: 4.03%, Loss: 4.4171
Epoch: 4, Batch: 230, Acc: 4.08%, Loss: 4.4266
Epoch: 4, Batch: 240, Acc: 4.10%, Loss: 4.4184
Epoch: 4, Batch: 250, Acc: 4.11%, Loss: 4.4301
Epoch: 4, Batch: 260, Acc: 4.15%, Loss: 4.4297
Epoch: 4, Batch: 270, Acc: 4.15%, Loss: 4.4171
Epoch: 4, Batch: 280, Acc: 4.16%, Loss: 4.4394
Epoch: 4, Batch: 290, Acc: 4.12%, Loss: 4.4479
Epoch: 4, Batch: 300, Acc: 4.09%, Loss: 4.4389
Epoch: 4, Batch: 310, Acc: 4.05%, Loss: 4.4243
Epoch: 4, Batch: 320, Acc: 4.08%, Loss: 4.4239
Epoch: 4, Batch: 330, Acc: 4.08%, Loss: 4.4155
Epoch: 4, Batch: 340, Acc: 4.12%, Loss: 4.4280
Epoch: 4, Batch: 350, Acc: 4.13%, Loss: 4.4266
Epoch: 4, Batch: 360, Acc: 4.15%, Loss: 4.4490
Epoch: 4, Batch: 370, Acc: 4.17%, Loss: 4.4249
Epoch: 4, Batch: 380, Acc: 4.19%, Loss: 4.4088
Epoch: 4, Batch: 390, Acc: 4.19%, Loss: 4.4049
Epoch: 4, Batch: 400, Acc: 4.18%, Loss: 4.4486
Epoch: 4, Batch: 410, Acc: 4.15%, Loss: 4.4348
Epoch: 4, Batch: 420, Acc: 4.13%, Loss: 4.4116
Epoch: 4, Batch: 430, Acc: 4.14%, Loss: 4.4135
Epoch: 4, Batch: 440, Acc: 4.14%, Loss: 4.4235
Epoch: 4, Batch: 450, Acc: 4.14%, Loss: 4.3971
Epoch: 4, Batch: 460, Acc: 4.15%, Loss: 4.4170
Epoch: 4, Batch: 470, Acc: 4.15%, Loss: 4.4020
Epoch: 4, Batch: 480, Acc: 4.14%, Loss: 4.4330
Epoch: 4, Batch: 490, Acc: 4.13%, Loss: 4.3972
Epoch: 4, Batch: 500, Acc: 4.12%, Loss: 4.4073
Epoch: 4, Batch: 510, Acc: 4.11%, Loss: 4.4228
Epoch: 4, Batch: 520, Acc: 4.10%, Loss: 4.4062
Epoch: 4, Batch: 530, Acc: 4.10%, Loss: 4.4216
Epoch: 4, Batch: 540, Acc: 4.12%, Loss: 4.3979
Epoch: 4, Batch: 550, Acc: 4.11%, Loss: 4.4146
Epoch: 4, Batch: 560, Acc: 4.10%, Loss: 4.4094
Epoch: 4, Batch: 570, Acc: 4.09%, Loss: 4.4199
Epoch: 4, Batch: 580, Acc: 4.08%, Loss: 4.4123
Epoch: 4, Batch: 590, Acc: 4.09%, Loss: 4.4152
Epoch: 4, Batch: 600, Acc: 4.10%, Loss: 4.4220
Epoch: 4, Batch: 610, Acc: 4.10%, Loss: 4.4121
Epoch: 4, Batch: 620, Acc: 4.11%, Loss: 4.3947
Epoch: 4, Batch: 630, Acc: 4.11%, Loss: 4.3922
Epoch: 4, Batch: 640, Acc: 4.12%, Loss: 4.4135
Epoch: 4, Batch: 650, Acc: 4.11%, Loss: 4.4371
Epoch: 4, Batch: 660, Acc: 4.12%, Loss: 4.4096
Epoch: 4, Batch: 670, Acc: 4.11%, Loss: 4.4050
Epoch: 4, Batch: 680, Acc: 4.11%, Loss: 4.4360
Epoch: 4, Batch: 690, Acc: 4.11%, Loss: 4.4204
Epoch: 4, Batch: 700, Acc: 4.10%, Loss: 4.3803
Epoch: 4, Batch: 710, Acc: 4.09%, Loss: 4.4027
Epoch: 4, Batch: 720, Acc: 4.09%, Loss: 4.4175
Epoch: 4, Batch: 730, Acc: 4.10%, Loss: 4.4151
Epoch: 4, Batch: 740, Acc: 4.09%, Loss: 4.4186
Epoch: 4, Batch: 750, Acc: 4.10%, Loss: 4.3911
Epoch: 4, Batch: 760, Acc: 4.10%, Loss: 4.4512
Epoch: 4, Batch: 770, Acc: 4.09%, Loss: 4.4161
Epoch: 4, Batch: 780, Acc: 4.10%, Loss: 4.3973
Accuracy on test set: 4.25%
Epoch: 5, Batch: 10, Acc: 3.91%, Loss: 4.4009
Epoch: 5, Batch: 20, Acc: 4.53%, Loss: 4.3542
Epoch: 5, Batch: 30, Acc: 4.32%, Loss: 4.4129
Epoch: 5, Batch: 40, Acc: 4.10%, Loss: 4.3801
Epoch: 5, Batch: 50, Acc: 4.12%, Loss: 4.3957
Epoch: 5, Batch: 60, Acc: 4.17%, Loss: 4.4214
Epoch: 5, Batch: 70, Acc: 4.17%, Loss: 4.4211
Epoch: 5, Batch: 80, Acc: 4.30%, Loss: 4.4199
Epoch: 5, Batch: 90, Acc: 4.27%, Loss: 4.3873
Epoch: 5, Batch: 100, Acc: 4.38%, Loss: 4.3887
Epoch: 5, Batch: 110, Acc: 4.26%, Loss: 4.4115
Epoch: 5, Batch: 120, Acc: 4.18%, Loss: 4.4057
Epoch: 5, Batch: 130, Acc: 4.07%, Loss: 4.4065
Epoch: 5, Batch: 140, Acc: 4.04%, Loss: 4.4398
Epoch: 5, Batch: 150, Acc: 4.11%, Loss: 4.4284
Epoch: 5, Batch: 160, Acc: 4.18%, Loss: 4.3775
Epoch: 5, Batch: 170, Acc: 4.23%, Loss: 4.3905
Epoch: 5, Batch: 180, Acc: 4.20%, Loss: 4.4039
Epoch: 5, Batch: 190, Acc: 4.20%, Loss: 4.3982
Epoch: 5, Batch: 200, Acc: 4.20%, Loss: 4.4324
Epoch: 5, Batch: 210, Acc: 4.17%, Loss: 4.3820
Epoch: 5, Batch: 220, Acc: 4.17%, Loss: 4.3937
Epoch: 5, Batch: 230, Acc: 4.16%, Loss: 4.3994
Epoch: 5, Batch: 240, Acc: 4.11%, Loss: 4.3925
Epoch: 5, Batch: 250, Acc: 4.11%, Loss: 4.3766
Epoch: 5, Batch: 260, Acc: 4.12%, Loss: 4.4264
Epoch: 5, Batch: 270, Acc: 4.11%, Loss: 4.3962
Epoch: 5, Batch: 280, Acc: 4.16%, Loss: 4.3978
Epoch: 5, Batch: 290, Acc: 4.13%, Loss: 4.4132
Epoch: 5, Batch: 300, Acc: 4.13%, Loss: 4.3892
Epoch: 5, Batch: 310, Acc: 4.18%, Loss: 4.3700
Epoch: 5, Batch: 320, Acc: 4.18%, Loss: 4.3987
Epoch: 5, Batch: 330, Acc: 4.20%, Loss: 4.4015
Epoch: 5, Batch: 340, Acc: 4.20%, Loss: 4.4176
Epoch: 5, Batch: 350, Acc: 4.20%, Loss: 4.3978
Epoch: 5, Batch: 360, Acc: 4.20%, Loss: 4.4267
Epoch: 5, Batch: 370, Acc: 4.20%, Loss: 4.3929
Epoch: 5, Batch: 380, Acc: 4.22%, Loss: 4.4014
Epoch: 5, Batch: 390, Acc: 4.19%, Loss: 4.4262
Epoch: 5, Batch: 400, Acc: 4.20%, Loss: 4.3829
Epoch: 5, Batch: 410, Acc: 4.18%, Loss: 4.4135
Epoch: 5, Batch: 420, Acc: 4.17%, Loss: 4.4185
Epoch: 5, Batch: 430, Acc: 4.14%, Loss: 4.4409
Epoch: 5, Batch: 440, Acc: 4.15%, Loss: 4.3863
Epoch: 5, Batch: 450, Acc: 4.14%, Loss: 4.4325
Epoch: 5, Batch: 460, Acc: 4.12%, Loss: 4.4063
Epoch: 5, Batch: 470, Acc: 4.09%, Loss: 4.4160
Epoch: 5, Batch: 480, Acc: 4.13%, Loss: 4.4000
Epoch: 5, Batch: 490, Acc: 4.13%, Loss: 4.3773
Epoch: 5, Batch: 500, Acc: 4.14%, Loss: 4.3867
Epoch: 5, Batch: 510, Acc: 4.13%, Loss: 4.3867
Epoch: 5, Batch: 520, Acc: 4.14%, Loss: 4.4000
Epoch: 5, Batch: 530, Acc: 4.15%, Loss: 4.3825
Epoch: 5, Batch: 540, Acc: 4.18%, Loss: 4.3720
Epoch: 5, Batch: 550, Acc: 4.21%, Loss: 4.3926
Epoch: 5, Batch: 560, Acc: 4.22%, Loss: 4.3664
Epoch: 5, Batch: 570, Acc: 4.21%, Loss: 4.3939
Epoch: 5, Batch: 580, Acc: 4.23%, Loss: 4.4197
Epoch: 5, Batch: 590, Acc: 4.23%, Loss: 4.4377
Epoch: 5, Batch: 600, Acc: 4.24%, Loss: 4.4026
Epoch: 5, Batch: 610, Acc: 4.24%, Loss: 4.4096
Epoch: 5, Batch: 620, Acc: 4.25%, Loss: 4.4044
Epoch: 5, Batch: 630, Acc: 4.26%, Loss: 4.4032
Epoch: 5, Batch: 640, Acc: 4.28%, Loss: 4.3796
Epoch: 5, Batch: 650, Acc: 4.29%, Loss: 4.3817
Epoch: 5, Batch: 660, Acc: 4.29%, Loss: 4.3843
Epoch: 5, Batch: 670, Acc: 4.29%, Loss: 4.3589
Epoch: 5, Batch: 680, Acc: 4.29%, Loss: 4.4164
Epoch: 5, Batch: 690, Acc: 4.30%, Loss: 4.3369
Epoch: 5, Batch: 700, Acc: 4.33%, Loss: 4.3783
Epoch: 5, Batch: 710, Acc: 4.33%, Loss: 4.3905
Epoch: 5, Batch: 720, Acc: 4.34%, Loss: 4.3721
Epoch: 5, Batch: 730, Acc: 4.34%, Loss: 4.4068
Epoch: 5, Batch: 740, Acc: 4.35%, Loss: 4.3743
Epoch: 5, Batch: 750, Acc: 4.34%, Loss: 4.4311
Epoch: 5, Batch: 760, Acc: 4.33%, Loss: 4.3892
Epoch: 5, Batch: 770, Acc: 4.34%, Loss: 4.3871
Epoch: 5, Batch: 780, Acc: 4.34%, Loss: 4.3912
Accuracy on test set: 4.41%
Epoch: 6, Batch: 10, Acc: 3.28%, Loss: 4.4124
Epoch: 6, Batch: 20, Acc: 4.38%, Loss: 4.3705
Epoch: 6, Batch: 30, Acc: 3.85%, Loss: 4.4385
Epoch: 6, Batch: 40, Acc: 3.98%, Loss: 4.4093
Epoch: 6, Batch: 50, Acc: 3.94%, Loss: 4.3743
Epoch: 6, Batch: 60, Acc: 4.17%, Loss: 4.3999
Epoch: 6, Batch: 70, Acc: 4.26%, Loss: 4.3637
Epoch: 6, Batch: 80, Acc: 4.51%, Loss: 4.3552
Epoch: 6, Batch: 90, Acc: 4.46%, Loss: 4.3979
Epoch: 6, Batch: 100, Acc: 4.56%, Loss: 4.3893
Epoch: 6, Batch: 110, Acc: 4.62%, Loss: 4.3743
Epoch: 6, Batch: 120, Acc: 4.61%, Loss: 4.4049
Epoch: 6, Batch: 130, Acc: 4.66%, Loss: 4.3652
Epoch: 6, Batch: 140, Acc: 4.68%, Loss: 4.4062
Epoch: 6, Batch: 150, Acc: 4.73%, Loss: 4.4021
Epoch: 6, Batch: 160, Acc: 4.69%, Loss: 4.4074
Epoch: 6, Batch: 170, Acc: 4.61%, Loss: 4.3924
Epoch: 6, Batch: 180, Acc: 4.70%, Loss: 4.3755
Epoch: 6, Batch: 190, Acc: 4.68%, Loss: 4.4004
Epoch: 6, Batch: 200, Acc: 4.62%, Loss: 4.3925
Epoch: 6, Batch: 210, Acc: 4.65%, Loss: 4.4053
Epoch: 6, Batch: 220, Acc: 4.62%, Loss: 4.3605
Epoch: 6, Batch: 230, Acc: 4.68%, Loss: 4.3505
Epoch: 6, Batch: 240, Acc: 4.68%, Loss: 4.4111
Epoch: 6, Batch: 250, Acc: 4.74%, Loss: 4.3630
Epoch: 6, Batch: 260, Acc: 4.75%, Loss: 4.3706
Epoch: 6, Batch: 270, Acc: 4.75%, Loss: 4.3712
Epoch: 6, Batch: 280, Acc: 4.73%, Loss: 4.3655
Epoch: 6, Batch: 290, Acc: 4.68%, Loss: 4.3786
Epoch: 6, Batch: 300, Acc: 4.67%, Loss: 4.3878
Epoch: 6, Batch: 310, Acc: 4.64%, Loss: 4.3577
Epoch: 6, Batch: 320, Acc: 4.64%, Loss: 4.4081
Epoch: 6, Batch: 330, Acc: 4.63%, Loss: 4.3712
Epoch: 6, Batch: 340, Acc: 4.62%, Loss: 4.3777
Epoch: 6, Batch: 350, Acc: 4.60%, Loss: 4.3858
Epoch: 6, Batch: 360, Acc: 4.60%, Loss: 4.3314
Epoch: 6, Batch: 370, Acc: 4.59%, Loss: 4.3974
Epoch: 6, Batch: 380, Acc: 4.59%, Loss: 4.3592
Epoch: 6, Batch: 390, Acc: 4.56%, Loss: 4.3932
Epoch: 6, Batch: 400, Acc: 4.52%, Loss: 4.4089
Epoch: 6, Batch: 410, Acc: 4.51%, Loss: 4.3872
Epoch: 6, Batch: 420, Acc: 4.55%, Loss: 4.3612
Epoch: 6, Batch: 430, Acc: 4.53%, Loss: 4.3873
Epoch: 6, Batch: 440, Acc: 4.52%, Loss: 4.3682
Epoch: 6, Batch: 450, Acc: 4.52%, Loss: 4.3654
Epoch: 6, Batch: 460, Acc: 4.48%, Loss: 4.3977
Epoch: 6, Batch: 470, Acc: 4.50%, Loss: 4.3754
Epoch: 6, Batch: 480, Acc: 4.46%, Loss: 4.3947
Epoch: 6, Batch: 490, Acc: 4.47%, Loss: 4.3691
Epoch: 6, Batch: 500, Acc: 4.47%, Loss: 4.4035
Epoch: 6, Batch: 510, Acc: 4.48%, Loss: 4.3507
Epoch: 6, Batch: 520, Acc: 4.47%, Loss: 4.3885
Epoch: 6, Batch: 530, Acc: 4.45%, Loss: 4.3919
Epoch: 6, Batch: 540, Acc: 4.45%, Loss: 4.3642
Epoch: 6, Batch: 550, Acc: 4.45%, Loss: 4.3733
Epoch: 6, Batch: 560, Acc: 4.44%, Loss: 4.3744
Epoch: 6, Batch: 570, Acc: 4.44%, Loss: 4.3995
Epoch: 6, Batch: 580, Acc: 4.45%, Loss: 4.3802
Epoch: 6, Batch: 590, Acc: 4.48%, Loss: 4.3622
Epoch: 6, Batch: 600, Acc: 4.48%, Loss: 4.3720
Epoch: 6, Batch: 610, Acc: 4.49%, Loss: 4.3972
Epoch: 6, Batch: 620, Acc: 4.49%, Loss: 4.4004
Epoch: 6, Batch: 630, Acc: 4.49%, Loss: 4.3796
Epoch: 6, Batch: 640, Acc: 4.49%, Loss: 4.3772
Epoch: 6, Batch: 650, Acc: 4.50%, Loss: 4.3712
Epoch: 6, Batch: 660, Acc: 4.50%, Loss: 4.4153
Epoch: 6, Batch: 670, Acc: 4.50%, Loss: 4.3880
Epoch: 6, Batch: 680, Acc: 4.52%, Loss: 4.3563
Epoch: 6, Batch: 690, Acc: 4.52%, Loss: 4.3840
Epoch: 6, Batch: 700, Acc: 4.50%, Loss: 4.4000
Epoch: 6, Batch: 710, Acc: 4.52%, Loss: 4.3748
Epoch: 6, Batch: 720, Acc: 4.51%, Loss: 4.3935
Epoch: 6, Batch: 730, Acc: 4.51%, Loss: 4.3601
Epoch: 6, Batch: 740, Acc: 4.52%, Loss: 4.3554
Epoch: 6, Batch: 750, Acc: 4.54%, Loss: 4.4140
Epoch: 6, Batch: 760, Acc: 4.54%, Loss: 4.3903
Epoch: 6, Batch: 770, Acc: 4.53%, Loss: 4.3800
Epoch: 6, Batch: 780, Acc: 4.51%, Loss: 4.3637
Accuracy on test set: 4.67%
Epoch: 7, Batch: 10, Acc: 4.22%, Loss: 4.3910
Epoch: 7, Batch: 20, Acc: 5.31%, Loss: 4.3546
Epoch: 7, Batch: 30, Acc: 5.36%, Loss: 4.3612
Epoch: 7, Batch: 40, Acc: 5.12%, Loss: 4.3648
Epoch: 7, Batch: 50, Acc: 4.81%, Loss: 4.4077
Epoch: 7, Batch: 60, Acc: 4.82%, Loss: 4.3541
Epoch: 7, Batch: 70, Acc: 4.87%, Loss: 4.3547
Epoch: 7, Batch: 80, Acc: 5.00%, Loss: 4.3437
Epoch: 7, Batch: 90, Acc: 4.97%, Loss: 4.3650
Epoch: 7, Batch: 100, Acc: 4.89%, Loss: 4.3759
Epoch: 7, Batch: 110, Acc: 4.93%, Loss: 4.4026
Epoch: 7, Batch: 120, Acc: 4.97%, Loss: 4.3502
Epoch: 7, Batch: 130, Acc: 5.02%, Loss: 4.3533
Epoch: 7, Batch: 140, Acc: 5.01%, Loss: 4.3877
Epoch: 7, Batch: 150, Acc: 4.97%, Loss: 4.3650
Epoch: 7, Batch: 160, Acc: 4.99%, Loss: 4.3679
Epoch: 7, Batch: 170, Acc: 5.00%, Loss: 4.3805
Epoch: 7, Batch: 180, Acc: 4.91%, Loss: 4.3643
Epoch: 7, Batch: 190, Acc: 4.91%, Loss: 4.3843
Epoch: 7, Batch: 200, Acc: 4.88%, Loss: 4.3763
Epoch: 7, Batch: 210, Acc: 4.84%, Loss: 4.3811
Epoch: 7, Batch: 220, Acc: 4.89%, Loss: 4.3646
Epoch: 7, Batch: 230, Acc: 4.90%, Loss: 4.3133
Epoch: 7, Batch: 240, Acc: 4.86%, Loss: 4.3800
Epoch: 7, Batch: 250, Acc: 4.83%, Loss: 4.3748
Epoch: 7, Batch: 260, Acc: 4.79%, Loss: 4.3901
Epoch: 7, Batch: 270, Acc: 4.86%, Loss: 4.3431
Epoch: 7, Batch: 280, Acc: 4.84%, Loss: 4.3596
Epoch: 7, Batch: 290, Acc: 4.82%, Loss: 4.3685
Epoch: 7, Batch: 300, Acc: 4.80%, Loss: 4.3513
Epoch: 7, Batch: 310, Acc: 4.82%, Loss: 4.4050
Epoch: 7, Batch: 320, Acc: 4.79%, Loss: 4.3749
Epoch: 7, Batch: 330, Acc: 4.75%, Loss: 4.3969
Epoch: 7, Batch: 340, Acc: 4.74%, Loss: 4.3737
Epoch: 7, Batch: 350, Acc: 4.74%, Loss: 4.3894
Epoch: 7, Batch: 360, Acc: 4.75%, Loss: 4.3775
Epoch: 7, Batch: 370, Acc: 4.72%, Loss: 4.3952
Epoch: 7, Batch: 380, Acc: 4.72%, Loss: 4.3367
Epoch: 7, Batch: 390, Acc: 4.76%, Loss: 4.3389
Epoch: 7, Batch: 400, Acc: 4.75%, Loss: 4.3598
Epoch: 7, Batch: 410, Acc: 4.76%, Loss: 4.3729
Epoch: 7, Batch: 420, Acc: 4.78%, Loss: 4.3701
Epoch: 7, Batch: 430, Acc: 4.77%, Loss: 4.3835
Epoch: 7, Batch: 440, Acc: 4.77%, Loss: 4.3890
Epoch: 7, Batch: 450, Acc: 4.75%, Loss: 4.3867
Epoch: 7, Batch: 460, Acc: 4.77%, Loss: 4.3852
Epoch: 7, Batch: 470, Acc: 4.77%, Loss: 4.3712
Epoch: 7, Batch: 480, Acc: 4.76%, Loss: 4.3934
Epoch: 7, Batch: 490, Acc: 4.76%, Loss: 4.3752
Epoch: 7, Batch: 500, Acc: 4.80%, Loss: 4.3085
Epoch: 7, Batch: 510, Acc: 4.80%, Loss: 4.3721
Epoch: 7, Batch: 520, Acc: 4.79%, Loss: 4.3476
Epoch: 7, Batch: 530, Acc: 4.77%, Loss: 4.4142
Epoch: 7, Batch: 540, Acc: 4.76%, Loss: 4.3436
Epoch: 7, Batch: 550, Acc: 4.76%, Loss: 4.3326
Epoch: 7, Batch: 560, Acc: 4.74%, Loss: 4.3751
Epoch: 7, Batch: 570, Acc: 4.75%, Loss: 4.3757
Epoch: 7, Batch: 580, Acc: 4.74%, Loss: 4.3540
Epoch: 7, Batch: 590, Acc: 4.73%, Loss: 4.3420
Epoch: 7, Batch: 600, Acc: 4.74%, Loss: 4.3924
Epoch: 7, Batch: 610, Acc: 4.76%, Loss: 4.3276
Epoch: 7, Batch: 620, Acc: 4.74%, Loss: 4.3997
Epoch: 7, Batch: 630, Acc: 4.74%, Loss: 4.3700
Epoch: 7, Batch: 640, Acc: 4.72%, Loss: 4.3651
Epoch: 7, Batch: 650, Acc: 4.71%, Loss: 4.3959
Epoch: 7, Batch: 660, Acc: 4.72%, Loss: 4.3827
Epoch: 7, Batch: 670, Acc: 4.72%, Loss: 4.3667
Epoch: 7, Batch: 680, Acc: 4.74%, Loss: 4.3462
Epoch: 7, Batch: 690, Acc: 4.76%, Loss: 4.3644
Epoch: 7, Batch: 700, Acc: 4.75%, Loss: 4.3785
Epoch: 7, Batch: 710, Acc: 4.76%, Loss: 4.3496
Epoch: 7, Batch: 720, Acc: 4.76%, Loss: 4.3403
Epoch: 7, Batch: 730, Acc: 4.76%, Loss: 4.3841
Epoch: 7, Batch: 740, Acc: 4.76%, Loss: 4.3790
Epoch: 7, Batch: 750, Acc: 4.77%, Loss: 4.3698
Epoch: 7, Batch: 760, Acc: 4.78%, Loss: 4.3651
Epoch: 7, Batch: 770, Acc: 4.78%, Loss: 4.4080
Epoch: 7, Batch: 780, Acc: 4.77%, Loss: 4.3824
Accuracy on test set: 4.88%
Epoch: 8, Batch: 10, Acc: 4.38%, Loss: 4.3247
Epoch: 8, Batch: 20, Acc: 4.61%, Loss: 4.3828
Epoch: 8, Batch: 30, Acc: 4.64%, Loss: 4.3707
Epoch: 8, Batch: 40, Acc: 4.80%, Loss: 4.3439
Epoch: 8, Batch: 50, Acc: 4.69%, Loss: 4.3515
Epoch: 8, Batch: 60, Acc: 4.64%, Loss: 4.3682
Epoch: 8, Batch: 70, Acc: 4.80%, Loss: 4.3582
Epoch: 8, Batch: 80, Acc: 4.80%, Loss: 4.3444
Epoch: 8, Batch: 90, Acc: 4.79%, Loss: 4.3801
Epoch: 8, Batch: 100, Acc: 5.03%, Loss: 4.3378
Epoch: 8, Batch: 110, Acc: 4.99%, Loss: 4.3664
Epoch: 8, Batch: 120, Acc: 5.03%, Loss: 4.3682
Epoch: 8, Batch: 130, Acc: 4.99%, Loss: 4.3521
Epoch: 8, Batch: 140, Acc: 4.93%, Loss: 4.3712
Epoch: 8, Batch: 150, Acc: 4.96%, Loss: 4.3952
Epoch: 8, Batch: 160, Acc: 4.94%, Loss: 4.3613
Epoch: 8, Batch: 170, Acc: 4.98%, Loss: 4.3468
Epoch: 8, Batch: 180, Acc: 5.02%, Loss: 4.3261
Epoch: 8, Batch: 190, Acc: 5.09%, Loss: 4.3490
Epoch: 8, Batch: 200, Acc: 5.15%, Loss: 4.3417
Epoch: 8, Batch: 210, Acc: 5.10%, Loss: 4.3812
Epoch: 8, Batch: 220, Acc: 5.05%, Loss: 4.3802
Epoch: 8, Batch: 230, Acc: 5.03%, Loss: 4.3700
Epoch: 8, Batch: 240, Acc: 5.02%, Loss: 4.3755
Epoch: 8, Batch: 250, Acc: 5.04%, Loss: 4.3498
Epoch: 8, Batch: 260, Acc: 5.04%, Loss: 4.3701
Epoch: 8, Batch: 270, Acc: 4.99%, Loss: 4.3944
Epoch: 8, Batch: 280, Acc: 4.96%, Loss: 4.3575
Epoch: 8, Batch: 290, Acc: 4.91%, Loss: 4.3383
Epoch: 8, Batch: 300, Acc: 4.85%, Loss: 4.3465
Epoch: 8, Batch: 310, Acc: 4.82%, Loss: 4.4010
Epoch: 8, Batch: 320, Acc: 4.85%, Loss: 4.3281
Epoch: 8, Batch: 330, Acc: 4.84%, Loss: 4.3557
Epoch: 8, Batch: 340, Acc: 4.80%, Loss: 4.3454
Epoch: 8, Batch: 350, Acc: 4.88%, Loss: 4.3269
Epoch: 8, Batch: 360, Acc: 4.87%, Loss: 4.3409
Epoch: 8, Batch: 370, Acc: 4.90%, Loss: 4.3869
Epoch: 8, Batch: 380, Acc: 4.91%, Loss: 4.3533
Epoch: 8, Batch: 390, Acc: 4.95%, Loss: 4.3102
Epoch: 8, Batch: 400, Acc: 4.91%, Loss: 4.3691
Epoch: 8, Batch: 410, Acc: 4.89%, Loss: 4.3937
Epoch: 8, Batch: 420, Acc: 4.88%, Loss: 4.3615
Epoch: 8, Batch: 430, Acc: 4.86%, Loss: 4.3446
Epoch: 8, Batch: 440, Acc: 4.83%, Loss: 4.3555
Epoch: 8, Batch: 450, Acc: 4.84%, Loss: 4.3316
Epoch: 8, Batch: 460, Acc: 4.83%, Loss: 4.3798
Epoch: 8, Batch: 470, Acc: 4.82%, Loss: 4.3596
Epoch: 8, Batch: 480, Acc: 4.81%, Loss: 4.3824
Epoch: 8, Batch: 490, Acc: 4.81%, Loss: 4.3639
Epoch: 8, Batch: 500, Acc: 4.83%, Loss: 4.3478
Epoch: 8, Batch: 510, Acc: 4.82%, Loss: 4.3805
Epoch: 8, Batch: 520, Acc: 4.83%, Loss: 4.3409
Epoch: 8, Batch: 530, Acc: 4.85%, Loss: 4.3086
Epoch: 8, Batch: 540, Acc: 4.87%, Loss: 4.3468
Epoch: 8, Batch: 550, Acc: 4.89%, Loss: 4.3774
Epoch: 8, Batch: 560, Acc: 4.87%, Loss: 4.3763
Epoch: 8, Batch: 570, Acc: 4.88%, Loss: 4.3364
Epoch: 8, Batch: 580, Acc: 4.88%, Loss: 4.3844
Epoch: 8, Batch: 590, Acc: 4.86%, Loss: 4.3898
Epoch: 8, Batch: 600, Acc: 4.86%, Loss: 4.3718
Epoch: 8, Batch: 610, Acc: 4.88%, Loss: 4.3475
Epoch: 8, Batch: 620, Acc: 4.89%, Loss: 4.3446
Epoch: 8, Batch: 630, Acc: 4.92%, Loss: 4.3397
Epoch: 8, Batch: 640, Acc: 4.96%, Loss: 4.3342
Epoch: 8, Batch: 650, Acc: 4.95%, Loss: 4.3728
Epoch: 8, Batch: 660, Acc: 4.95%, Loss: 4.3552
Epoch: 8, Batch: 670, Acc: 4.96%, Loss: 4.3400
Epoch: 8, Batch: 680, Acc: 4.95%, Loss: 4.3861
Epoch: 8, Batch: 690, Acc: 4.96%, Loss: 4.3611
Epoch: 8, Batch: 700, Acc: 4.99%, Loss: 4.3568
Epoch: 8, Batch: 710, Acc: 4.99%, Loss: 4.3563
Epoch: 8, Batch: 720, Acc: 4.98%, Loss: 4.3552
Epoch: 8, Batch: 730, Acc: 4.98%, Loss: 4.3882
Epoch: 8, Batch: 740, Acc: 4.98%, Loss: 4.3829
Epoch: 8, Batch: 750, Acc: 4.96%, Loss: 4.3729
Epoch: 8, Batch: 760, Acc: 4.98%, Loss: 4.3561
Epoch: 8, Batch: 770, Acc: 5.00%, Loss: 4.3192
Epoch: 8, Batch: 780, Acc: 4.99%, Loss: 4.3548
Accuracy on test set: 5.30%
Epoch: 9, Batch: 10, Acc: 5.94%, Loss: 4.3743
Epoch: 9, Batch: 20, Acc: 5.55%, Loss: 4.3464
Epoch: 9, Batch: 30, Acc: 5.47%, Loss: 4.3274
Epoch: 9, Batch: 40, Acc: 5.82%, Loss: 4.2991
Epoch: 9, Batch: 50, Acc: 5.72%, Loss: 4.3719
Epoch: 9, Batch: 60, Acc: 5.78%, Loss: 4.3530
Epoch: 9, Batch: 70, Acc: 5.69%, Loss: 4.3665
Epoch: 9, Batch: 80, Acc: 5.64%, Loss: 4.3541
Epoch: 9, Batch: 90, Acc: 5.52%, Loss: 4.3638
Epoch: 9, Batch: 100, Acc: 5.38%, Loss: 4.3620
Epoch: 9, Batch: 110, Acc: 5.45%, Loss: 4.3607
Epoch: 9, Batch: 120, Acc: 5.40%, Loss: 4.3668
Epoch: 9, Batch: 130, Acc: 5.32%, Loss: 4.3827
Epoch: 9, Batch: 140, Acc: 5.35%, Loss: 4.3670
Epoch: 9, Batch: 150, Acc: 5.23%, Loss: 4.3445
Epoch: 9, Batch: 160, Acc: 5.16%, Loss: 4.3577
Epoch: 9, Batch: 170, Acc: 5.16%, Loss: 4.3470
Epoch: 9, Batch: 180, Acc: 5.23%, Loss: 4.3420
Epoch: 9, Batch: 190, Acc: 5.22%, Loss: 4.3477
Epoch: 9, Batch: 200, Acc: 5.22%, Loss: 4.3740
Epoch: 9, Batch: 210, Acc: 5.25%, Loss: 4.3618
Epoch: 9, Batch: 220, Acc: 5.33%, Loss: 4.3245
Epoch: 9, Batch: 230, Acc: 5.33%, Loss: 4.3528
Epoch: 9, Batch: 240, Acc: 5.35%, Loss: 4.3472
Epoch: 9, Batch: 250, Acc: 5.36%, Loss: 4.3444
Epoch: 9, Batch: 260, Acc: 5.31%, Loss: 4.3768
Epoch: 9, Batch: 270, Acc: 5.35%, Loss: 4.3197
Epoch: 9, Batch: 280, Acc: 5.30%, Loss: 4.3787
Epoch: 9, Batch: 290, Acc: 5.28%, Loss: 4.3277
Epoch: 9, Batch: 300, Acc: 5.24%, Loss: 4.4070
Epoch: 9, Batch: 310, Acc: 5.27%, Loss: 4.3480
Epoch: 9, Batch: 320, Acc: 5.25%, Loss: 4.3747
Epoch: 9, Batch: 330, Acc: 5.26%, Loss: 4.3320
Epoch: 9, Batch: 340, Acc: 5.27%, Loss: 4.3402
Epoch: 9, Batch: 350, Acc: 5.26%, Loss: 4.3393
Epoch: 9, Batch: 360, Acc: 5.21%, Loss: 4.3562
Epoch: 9, Batch: 370, Acc: 5.19%, Loss: 4.3583
Epoch: 9, Batch: 380, Acc: 5.21%, Loss: 4.2954
Epoch: 9, Batch: 390, Acc: 5.20%, Loss: 4.3389
Epoch: 9, Batch: 400, Acc: 5.20%, Loss: 4.3510
Epoch: 9, Batch: 410, Acc: 5.23%, Loss: 4.3074
Epoch: 9, Batch: 420, Acc: 5.21%, Loss: 4.3525
Epoch: 9, Batch: 430, Acc: 5.21%, Loss: 4.3429
Epoch: 9, Batch: 440, Acc: 5.20%, Loss: 4.3401
Epoch: 9, Batch: 450, Acc: 5.18%, Loss: 4.3861
Epoch: 9, Batch: 460, Acc: 5.17%, Loss: 4.4055
Epoch: 9, Batch: 470, Acc: 5.15%, Loss: 4.3803
Epoch: 9, Batch: 480, Acc: 5.17%, Loss: 4.3610
Epoch: 9, Batch: 490, Acc: 5.20%, Loss: 4.3357
Epoch: 9, Batch: 500, Acc: 5.21%, Loss: 4.3885
Epoch: 9, Batch: 510, Acc: 5.21%, Loss: 4.3401
Epoch: 9, Batch: 520, Acc: 5.20%, Loss: 4.3347
Epoch: 9, Batch: 530, Acc: 5.19%, Loss: 4.3714
Epoch: 9, Batch: 540, Acc: 5.21%, Loss: 4.3661
Epoch: 9, Batch: 550, Acc: 5.18%, Loss: 4.3288
Epoch: 9, Batch: 560, Acc: 5.19%, Loss: 4.3515
Epoch: 9, Batch: 570, Acc: 5.16%, Loss: 4.3662
Epoch: 9, Batch: 580, Acc: 5.19%, Loss: 4.2856
Epoch: 9, Batch: 590, Acc: 5.17%, Loss: 4.3489
Epoch: 9, Batch: 600, Acc: 5.18%, Loss: 4.3367
Epoch: 9, Batch: 610, Acc: 5.18%, Loss: 4.3415
Epoch: 9, Batch: 620, Acc: 5.17%, Loss: 4.3763
Epoch: 9, Batch: 630, Acc: 5.17%, Loss: 4.3494
Epoch: 9, Batch: 640, Acc: 5.17%, Loss: 4.3564
Epoch: 9, Batch: 650, Acc: 5.18%, Loss: 4.3151
Epoch: 9, Batch: 660, Acc: 5.20%, Loss: 4.2838
Epoch: 9, Batch: 670, Acc: 5.22%, Loss: 4.3704
Epoch: 9, Batch: 680, Acc: 5.22%, Loss: 4.3423
Epoch: 9, Batch: 690, Acc: 5.22%, Loss: 4.3463
Epoch: 9, Batch: 700, Acc: 5.25%, Loss: 4.3000
Epoch: 9, Batch: 710, Acc: 5.25%, Loss: 4.3621
Epoch: 9, Batch: 720, Acc: 5.25%, Loss: 4.3320
Epoch: 9, Batch: 730, Acc: 5.25%, Loss: 4.3229
Epoch: 9, Batch: 740, Acc: 5.25%, Loss: 4.3400
Epoch: 9, Batch: 750, Acc: 5.25%, Loss: 4.3372
Epoch: 9, Batch: 760, Acc: 5.27%, Loss: 4.3145
Epoch: 9, Batch: 770, Acc: 5.25%, Loss: 4.3950
Epoch: 9, Batch: 780, Acc: 5.24%, Loss: 4.3556
Accuracy on test set: 5.45%
Epoch: 10, Batch: 10, Acc: 4.06%, Loss: 4.3659
Epoch: 10, Batch: 20, Acc: 3.98%, Loss: 4.3754
Epoch: 10, Batch: 30, Acc: 3.80%, Loss: 4.3597
Epoch: 10, Batch: 40, Acc: 3.98%, Loss: 4.3715
Epoch: 10, Batch: 50, Acc: 4.22%, Loss: 4.3577
Epoch: 10, Batch: 60, Acc: 4.66%, Loss: 4.3050
Epoch: 10, Batch: 70, Acc: 4.71%, Loss: 4.3214
Epoch: 10, Batch: 80, Acc: 4.88%, Loss: 4.3410
Epoch: 10, Batch: 90, Acc: 4.97%, Loss: 4.3292
Epoch: 10, Batch: 100, Acc: 5.23%, Loss: 4.2799
Epoch: 10, Batch: 110, Acc: 5.31%, Loss: 4.3450
Epoch: 10, Batch: 120, Acc: 5.23%, Loss: 4.3792
Epoch: 10, Batch: 130, Acc: 5.20%, Loss: 4.3706
Epoch: 10, Batch: 140, Acc: 5.13%, Loss: 4.3438
Epoch: 10, Batch: 150, Acc: 5.12%, Loss: 4.3754
Epoch: 10, Batch: 160, Acc: 5.17%, Loss: 4.3419
Epoch: 10, Batch: 170, Acc: 5.19%, Loss: 4.3504
Epoch: 10, Batch: 180, Acc: 5.29%, Loss: 4.3356
Epoch: 10, Batch: 190, Acc: 5.27%, Loss: 4.3081
Epoch: 10, Batch: 200, Acc: 5.30%, Loss: 4.3181
Epoch: 10, Batch: 210, Acc: 5.30%, Loss: 4.3579
Epoch: 10, Batch: 220, Acc: 5.33%, Loss: 4.3102
Epoch: 10, Batch: 230, Acc: 5.39%, Loss: 4.3019
Epoch: 10, Batch: 240, Acc: 5.44%, Loss: 4.3422
Epoch: 10, Batch: 250, Acc: 5.42%, Loss: 4.3376
Epoch: 10, Batch: 260, Acc: 5.35%, Loss: 4.3560
Epoch: 10, Batch: 270, Acc: 5.37%, Loss: 4.3453
Epoch: 10, Batch: 280, Acc: 5.36%, Loss: 4.3675
Epoch: 10, Batch: 290, Acc: 5.41%, Loss: 4.3545
Epoch: 10, Batch: 300, Acc: 5.40%, Loss: 4.3487
Epoch: 10, Batch: 310, Acc: 5.41%, Loss: 4.3382
Epoch: 10, Batch: 320, Acc: 5.45%, Loss: 4.3202
Epoch: 10, Batch: 330, Acc: 5.43%, Loss: 4.3122
Epoch: 10, Batch: 340, Acc: 5.43%, Loss: 4.2926
Epoch: 10, Batch: 350, Acc: 5.42%, Loss: 4.3674
Epoch: 10, Batch: 360, Acc: 5.39%, Loss: 4.3135
Epoch: 10, Batch: 370, Acc: 5.36%, Loss: 4.3391
Epoch: 10, Batch: 380, Acc: 5.38%, Loss: 4.2983
Epoch: 10, Batch: 390, Acc: 5.38%, Loss: 4.3373
Epoch: 10, Batch: 400, Acc: 5.39%, Loss: 4.2973
Epoch: 10, Batch: 410, Acc: 5.37%, Loss: 4.3236
Epoch: 10, Batch: 420, Acc: 5.35%, Loss: 4.3091
Epoch: 10, Batch: 430, Acc: 5.35%, Loss: 4.3354
Epoch: 10, Batch: 440, Acc: 5.35%, Loss: 4.3303
Epoch: 10, Batch: 450, Acc: 5.34%, Loss: 4.3479
Epoch: 10, Batch: 460, Acc: 5.35%, Loss: 4.2995
Epoch: 10, Batch: 470, Acc: 5.33%, Loss: 4.3743
Epoch: 10, Batch: 480, Acc: 5.33%, Loss: 4.3504
Epoch: 10, Batch: 490, Acc: 5.36%, Loss: 4.3173
Epoch: 10, Batch: 500, Acc: 5.37%, Loss: 4.2980
Epoch: 10, Batch: 510, Acc: 5.37%, Loss: 4.3601
Epoch: 10, Batch: 520, Acc: 5.36%, Loss: 4.3380
Epoch: 10, Batch: 530, Acc: 5.34%, Loss: 4.3338
Epoch: 10, Batch: 540, Acc: 5.33%, Loss: 4.3684
Epoch: 10, Batch: 550, Acc: 5.33%, Loss: 4.3345
Epoch: 10, Batch: 560, Acc: 5.31%, Loss: 4.3828
Epoch: 10, Batch: 570, Acc: 5.31%, Loss: 4.3791
Epoch: 10, Batch: 580, Acc: 5.30%, Loss: 4.3835
Epoch: 10, Batch: 590, Acc: 5.30%, Loss: 4.3409
Epoch: 10, Batch: 600, Acc: 5.33%, Loss: 4.3169
Epoch: 10, Batch: 610, Acc: 5.34%, Loss: 4.3523
Epoch: 10, Batch: 620, Acc: 5.34%, Loss: 4.3569
Epoch: 10, Batch: 630, Acc: 5.30%, Loss: 4.3803
Epoch: 10, Batch: 640, Acc: 5.31%, Loss: 4.3572
Epoch: 10, Batch: 650, Acc: 5.31%, Loss: 4.3585
Epoch: 10, Batch: 660, Acc: 5.30%, Loss: 4.3301
Epoch: 10, Batch: 670, Acc: 5.30%, Loss: 4.3851
Epoch: 10, Batch: 680, Acc: 5.30%, Loss: 4.3267
Epoch: 10, Batch: 690, Acc: 5.29%, Loss: 4.3621
Epoch: 10, Batch: 700, Acc: 5.28%, Loss: 4.3619
Epoch: 10, Batch: 710, Acc: 5.28%, Loss: 4.3313
Epoch: 10, Batch: 720, Acc: 5.28%, Loss: 4.3634
Epoch: 10, Batch: 730, Acc: 5.28%, Loss: 4.2840
Epoch: 10, Batch: 740, Acc: 5.27%, Loss: 4.3574
Epoch: 10, Batch: 750, Acc: 5.28%, Loss: 4.3450
Epoch: 10, Batch: 760, Acc: 5.28%, Loss: 4.3347
Epoch: 10, Batch: 770, Acc: 5.26%, Loss: 4.3757
Epoch: 10, Batch: 780, Acc: 5.29%, Loss: 4.3226
Accuracy on test set: 5.30%
Epoch: 11, Batch: 10, Acc: 5.78%, Loss: 4.3482
Epoch: 11, Batch: 20, Acc: 5.47%, Loss: 4.3153
Epoch: 11, Batch: 30, Acc: 4.64%, Loss: 4.3816
Epoch: 11, Batch: 40, Acc: 4.53%, Loss: 4.3562
Epoch: 11, Batch: 50, Acc: 4.78%, Loss: 4.3317
Epoch: 11, Batch: 60, Acc: 5.08%, Loss: 4.3124
Epoch: 11, Batch: 70, Acc: 5.09%, Loss: 4.3442
Epoch: 11, Batch: 80, Acc: 5.20%, Loss: 4.3916
Epoch: 11, Batch: 90, Acc: 5.23%, Loss: 4.3075
Epoch: 11, Batch: 100, Acc: 5.23%, Loss: 4.3621
Epoch: 11, Batch: 110, Acc: 5.21%, Loss: 4.3507
Epoch: 11, Batch: 120, Acc: 5.16%, Loss: 4.3347
Epoch: 11, Batch: 130, Acc: 5.24%, Loss: 4.3403
Epoch: 11, Batch: 140, Acc: 5.27%, Loss: 4.3351
Epoch: 11, Batch: 150, Acc: 5.32%, Loss: 4.3016
Epoch: 11, Batch: 160, Acc: 5.34%, Loss: 4.3613
Epoch: 11, Batch: 170, Acc: 5.35%, Loss: 4.3215
Epoch: 11, Batch: 180, Acc: 5.34%, Loss: 4.3072
Epoch: 11, Batch: 190, Acc: 5.34%, Loss: 4.3419
Epoch: 11, Batch: 200, Acc: 5.36%, Loss: 4.3623
Epoch: 11, Batch: 210, Acc: 5.38%, Loss: 4.3171
Epoch: 11, Batch: 220, Acc: 5.36%, Loss: 4.3125
Epoch: 11, Batch: 230, Acc: 5.39%, Loss: 4.3553
Epoch: 11, Batch: 240, Acc: 5.44%, Loss: 4.2789
Epoch: 11, Batch: 250, Acc: 5.44%, Loss: 4.3071
Epoch: 11, Batch: 260, Acc: 5.46%, Loss: 4.3213
Epoch: 11, Batch: 270, Acc: 5.47%, Loss: 4.3241
Epoch: 11, Batch: 280, Acc: 5.44%, Loss: 4.3650
Epoch: 11, Batch: 290, Acc: 5.47%, Loss: 4.3351
Epoch: 11, Batch: 300, Acc: 5.40%, Loss: 4.3611
Epoch: 11, Batch: 310, Acc: 5.36%, Loss: 4.3496
Epoch: 11, Batch: 320, Acc: 5.38%, Loss: 4.3340
Epoch: 11, Batch: 330, Acc: 5.43%, Loss: 4.3130
Epoch: 11, Batch: 340, Acc: 5.44%, Loss: 4.3538
Epoch: 11, Batch: 350, Acc: 5.45%, Loss: 4.3277
Epoch: 11, Batch: 360, Acc: 5.48%, Loss: 4.2996
Epoch: 11, Batch: 370, Acc: 5.46%, Loss: 4.3251
Epoch: 11, Batch: 380, Acc: 5.45%, Loss: 4.3500
Epoch: 11, Batch: 390, Acc: 5.46%, Loss: 4.2906
Epoch: 11, Batch: 400, Acc: 5.42%, Loss: 4.3377
Epoch: 11, Batch: 410, Acc: 5.40%, Loss: 4.3506
Epoch: 11, Batch: 420, Acc: 5.41%, Loss: 4.3641
Epoch: 11, Batch: 430, Acc: 5.38%, Loss: 4.3560
Epoch: 11, Batch: 440, Acc: 5.36%, Loss: 4.3474
Epoch: 11, Batch: 450, Acc: 5.35%, Loss: 4.3176
Epoch: 11, Batch: 460, Acc: 5.33%, Loss: 4.3574
Epoch: 11, Batch: 470, Acc: 5.33%, Loss: 4.3749
Epoch: 11, Batch: 480, Acc: 5.34%, Loss: 4.3154
Epoch: 11, Batch: 490, Acc: 5.36%, Loss: 4.3461
Epoch: 11, Batch: 500, Acc: 5.38%, Loss: 4.3505
Epoch: 11, Batch: 510, Acc: 5.36%, Loss: 4.3231
Epoch: 11, Batch: 520, Acc: 5.36%, Loss: 4.3296
Epoch: 11, Batch: 530, Acc: 5.36%, Loss: 4.3358
Epoch: 11, Batch: 540, Acc: 5.36%, Loss: 4.3496
Epoch: 11, Batch: 550, Acc: 5.36%, Loss: 4.3437
Epoch: 11, Batch: 560, Acc: 5.37%, Loss: 4.3648
Epoch: 11, Batch: 570, Acc: 5.38%, Loss: 4.3428
Epoch: 11, Batch: 580, Acc: 5.37%, Loss: 4.3383
Epoch: 11, Batch: 590, Acc: 5.35%, Loss: 4.3570
Epoch: 11, Batch: 600, Acc: 5.37%, Loss: 4.3391
Epoch: 11, Batch: 610, Acc: 5.40%, Loss: 4.2985
Epoch: 11, Batch: 620, Acc: 5.40%, Loss: 4.3323
Epoch: 11, Batch: 630, Acc: 5.41%, Loss: 4.3202
Epoch: 11, Batch: 640, Acc: 5.38%, Loss: 4.3471
Epoch: 11, Batch: 650, Acc: 5.35%, Loss: 4.3559
Epoch: 11, Batch: 660, Acc: 5.38%, Loss: 4.3248
Epoch: 11, Batch: 670, Acc: 5.39%, Loss: 4.3093
Epoch: 11, Batch: 680, Acc: 5.43%, Loss: 4.3035
Epoch: 11, Batch: 690, Acc: 5.44%, Loss: 4.3030
Epoch: 11, Batch: 700, Acc: 5.45%, Loss: 4.3357
Epoch: 11, Batch: 710, Acc: 5.45%, Loss: 4.3459
Epoch: 11, Batch: 720, Acc: 5.45%, Loss: 4.3548
Epoch: 11, Batch: 730, Acc: 5.44%, Loss: 4.3313
Epoch: 11, Batch: 740, Acc: 5.44%, Loss: 4.2835
Epoch: 11, Batch: 750, Acc: 5.44%, Loss: 4.3384
Epoch: 11, Batch: 760, Acc: 5.45%, Loss: 4.3089
Epoch: 11, Batch: 770, Acc: 5.46%, Loss: 4.3014
Epoch: 11, Batch: 780, Acc: 5.47%, Loss: 4.2892
Accuracy on test set: 5.35%
Epoch: 12, Batch: 10, Acc: 5.94%, Loss: 4.3229
Epoch: 12, Batch: 20, Acc: 5.62%, Loss: 4.3112
Epoch: 12, Batch: 30, Acc: 5.78%, Loss: 4.3050
Epoch: 12, Batch: 40, Acc: 5.43%, Loss: 4.3637
Epoch: 12, Batch: 50, Acc: 5.28%, Loss: 4.3416
Epoch: 12, Batch: 60, Acc: 5.36%, Loss: 4.3246
Epoch: 12, Batch: 70, Acc: 5.36%, Loss: 4.3136
Epoch: 12, Batch: 80, Acc: 5.14%, Loss: 4.3821
Epoch: 12, Batch: 90, Acc: 5.28%, Loss: 4.3386
Epoch: 12, Batch: 100, Acc: 5.17%, Loss: 4.3322
Epoch: 12, Batch: 110, Acc: 5.30%, Loss: 4.3043
Epoch: 12, Batch: 120, Acc: 5.33%, Loss: 4.3303
Epoch: 12, Batch: 130, Acc: 5.37%, Loss: 4.3322
Epoch: 12, Batch: 140, Acc: 5.33%, Loss: 4.3467
Epoch: 12, Batch: 150, Acc: 5.38%, Loss: 4.3159
Epoch: 12, Batch: 160, Acc: 5.38%, Loss: 4.3087
Epoch: 12, Batch: 170, Acc: 5.37%, Loss: 4.3608
Epoch: 12, Batch: 180, Acc: 5.36%, Loss: 4.3074
Epoch: 12, Batch: 190, Acc: 5.44%, Loss: 4.3277
Epoch: 12, Batch: 200, Acc: 5.46%, Loss: 4.3546
Epoch: 12, Batch: 210, Acc: 5.46%, Loss: 4.3459
Epoch: 12, Batch: 220, Acc: 5.58%, Loss: 4.2967
Epoch: 12, Batch: 230, Acc: 5.62%, Loss: 4.3072
Epoch: 12, Batch: 240, Acc: 5.55%, Loss: 4.3529
Epoch: 12, Batch: 250, Acc: 5.58%, Loss: 4.3100
Epoch: 12, Batch: 260, Acc: 5.51%, Loss: 4.3331
Epoch: 12, Batch: 270, Acc: 5.50%, Loss: 4.3309
Epoch: 12, Batch: 280, Acc: 5.48%, Loss: 4.2978
Epoch: 12, Batch: 290, Acc: 5.46%, Loss: 4.3478
Epoch: 12, Batch: 300, Acc: 5.48%, Loss: 4.2686
Epoch: 12, Batch: 310, Acc: 5.51%, Loss: 4.2970
Epoch: 12, Batch: 320, Acc: 5.51%, Loss: 4.3582
Epoch: 12, Batch: 330, Acc: 5.51%, Loss: 4.3041
Epoch: 12, Batch: 340, Acc: 5.57%, Loss: 4.3140
Epoch: 12, Batch: 350, Acc: 5.57%, Loss: 4.3118
Epoch: 12, Batch: 360, Acc: 5.59%, Loss: 4.3111
Epoch: 12, Batch: 370, Acc: 5.59%, Loss: 4.2999
Epoch: 12, Batch: 380, Acc: 5.56%, Loss: 4.3486
Epoch: 12, Batch: 390, Acc: 5.53%, Loss: 4.3677
Epoch: 12, Batch: 400, Acc: 5.49%, Loss: 4.3524
Epoch: 12, Batch: 410, Acc: 5.49%, Loss: 4.3144
Epoch: 12, Batch: 420, Acc: 5.49%, Loss: 4.3359
Epoch: 12, Batch: 430, Acc: 5.52%, Loss: 4.3256
Epoch: 12, Batch: 440, Acc: 5.55%, Loss: 4.3187
Epoch: 12, Batch: 450, Acc: 5.52%, Loss: 4.3616
Epoch: 12, Batch: 460, Acc: 5.53%, Loss: 4.3432
Epoch: 12, Batch: 470, Acc: 5.52%, Loss: 4.3400
Epoch: 12, Batch: 480, Acc: 5.53%, Loss: 4.3184
Epoch: 12, Batch: 490, Acc: 5.51%, Loss: 4.3440
Epoch: 12, Batch: 500, Acc: 5.51%, Loss: 4.3445
Epoch: 12, Batch: 510, Acc: 5.51%, Loss: 4.3478
Epoch: 12, Batch: 520, Acc: 5.49%, Loss: 4.3388
Epoch: 12, Batch: 530, Acc: 5.49%, Loss: 4.3595
Epoch: 12, Batch: 540, Acc: 5.49%, Loss: 4.3428
Epoch: 12, Batch: 550, Acc: 5.50%, Loss: 4.3353
Epoch: 12, Batch: 560, Acc: 5.49%, Loss: 4.3372
Epoch: 12, Batch: 570, Acc: 5.49%, Loss: 4.3097
Epoch: 12, Batch: 580, Acc: 5.48%, Loss: 4.3369
Epoch: 12, Batch: 590, Acc: 5.48%, Loss: 4.3406
Epoch: 12, Batch: 600, Acc: 5.50%, Loss: 4.3198
Epoch: 12, Batch: 610, Acc: 5.48%, Loss: 4.3080
Epoch: 12, Batch: 620, Acc: 5.47%, Loss: 4.3304
Epoch: 12, Batch: 630, Acc: 5.48%, Loss: 4.3057
Epoch: 12, Batch: 640, Acc: 5.49%, Loss: 4.3381
Epoch: 12, Batch: 650, Acc: 5.52%, Loss: 4.2887
Epoch: 12, Batch: 660, Acc: 5.52%, Loss: 4.3066
Epoch: 12, Batch: 670, Acc: 5.53%, Loss: 4.3487
Epoch: 12, Batch: 680, Acc: 5.54%, Loss: 4.3118
Epoch: 12, Batch: 690, Acc: 5.55%, Loss: 4.3057
Epoch: 12, Batch: 700, Acc: 5.53%, Loss: 4.3277
Epoch: 12, Batch: 710, Acc: 5.55%, Loss: 4.3156
Epoch: 12, Batch: 720, Acc: 5.54%, Loss: 4.3365
Epoch: 12, Batch: 730, Acc: 5.54%, Loss: 4.3151
Epoch: 12, Batch: 740, Acc: 5.53%, Loss: 4.3233
Epoch: 12, Batch: 750, Acc: 5.54%, Loss: 4.3213
Epoch: 12, Batch: 760, Acc: 5.54%, Loss: 4.3322
Epoch: 12, Batch: 770, Acc: 5.55%, Loss: 4.3204
Epoch: 12, Batch: 780, Acc: 5.55%, Loss: 4.3539
Accuracy on test set: 5.56%
Epoch: 13, Batch: 10, Acc: 6.25%, Loss: 4.2963
Epoch: 13, Batch: 20, Acc: 6.48%, Loss: 4.2918
Epoch: 13, Batch: 30, Acc: 6.46%, Loss: 4.2831
Epoch: 13, Batch: 40, Acc: 5.70%, Loss: 4.3653
Epoch: 13, Batch: 50, Acc: 5.53%, Loss: 4.3080
Epoch: 13, Batch: 60, Acc: 5.78%, Loss: 4.3122
Epoch: 13, Batch: 70, Acc: 6.00%, Loss: 4.3431
Epoch: 13, Batch: 80, Acc: 6.19%, Loss: 4.3012
Epoch: 13, Batch: 90, Acc: 6.09%, Loss: 4.3465
Epoch: 13, Batch: 100, Acc: 6.06%, Loss: 4.3396
Epoch: 13, Batch: 110, Acc: 6.08%, Loss: 4.3312
Epoch: 13, Batch: 120, Acc: 6.08%, Loss: 4.3221
Epoch: 13, Batch: 130, Acc: 5.96%, Loss: 4.3290
Epoch: 13, Batch: 140, Acc: 6.08%, Loss: 4.3148
Epoch: 13, Batch: 150, Acc: 6.05%, Loss: 4.3742
Epoch: 13, Batch: 160, Acc: 5.98%, Loss: 4.3330
Epoch: 13, Batch: 170, Acc: 5.91%, Loss: 4.3292
Epoch: 13, Batch: 180, Acc: 5.84%, Loss: 4.3147
Epoch: 13, Batch: 190, Acc: 5.79%, Loss: 4.3248
Epoch: 13, Batch: 200, Acc: 5.77%, Loss: 4.2887
Epoch: 13, Batch: 210, Acc: 5.83%, Loss: 4.3321
Epoch: 13, Batch: 220, Acc: 5.80%, Loss: 4.3331
Epoch: 13, Batch: 230, Acc: 5.84%, Loss: 4.3139
Epoch: 13, Batch: 240, Acc: 5.83%, Loss: 4.3035
Epoch: 13, Batch: 250, Acc: 5.83%, Loss: 4.3314
Epoch: 13, Batch: 260, Acc: 5.81%, Loss: 4.3135
Epoch: 13, Batch: 270, Acc: 5.77%, Loss: 4.3212
Epoch: 13, Batch: 280, Acc: 5.73%, Loss: 4.3374
Epoch: 13, Batch: 290, Acc: 5.68%, Loss: 4.3447
Epoch: 13, Batch: 300, Acc: 5.68%, Loss: 4.3308
Epoch: 13, Batch: 310, Acc: 5.67%, Loss: 4.3373
Epoch: 13, Batch: 320, Acc: 5.67%, Loss: 4.3333
Epoch: 13, Batch: 330, Acc: 5.63%, Loss: 4.3958
Epoch: 13, Batch: 340, Acc: 5.62%, Loss: 4.3191
Epoch: 13, Batch: 350, Acc: 5.63%, Loss: 4.3137
Epoch: 13, Batch: 360, Acc: 5.64%, Loss: 4.2991
Epoch: 13, Batch: 370, Acc: 5.65%, Loss: 4.3512
Epoch: 13, Batch: 380, Acc: 5.66%, Loss: 4.3267
Epoch: 13, Batch: 390, Acc: 5.61%, Loss: 4.3479
Epoch: 13, Batch: 400, Acc: 5.61%, Loss: 4.3172
Epoch: 13, Batch: 410, Acc: 5.58%, Loss: 4.3519
Epoch: 13, Batch: 420, Acc: 5.57%, Loss: 4.3268
Epoch: 13, Batch: 430, Acc: 5.59%, Loss: 4.3073
Epoch: 13, Batch: 440, Acc: 5.61%, Loss: 4.3205
Epoch: 13, Batch: 450, Acc: 5.60%, Loss: 4.3112
Epoch: 13, Batch: 460, Acc: 5.57%, Loss: 4.3358
Epoch: 13, Batch: 470, Acc: 5.58%, Loss: 4.2878
Epoch: 13, Batch: 480, Acc: 5.57%, Loss: 4.3205
Epoch: 13, Batch: 490, Acc: 5.55%, Loss: 4.3089
Epoch: 13, Batch: 500, Acc: 5.53%, Loss: 4.3624
Epoch: 13, Batch: 510, Acc: 5.51%, Loss: 4.3036
Epoch: 13, Batch: 520, Acc: 5.53%, Loss: 4.3225
Epoch: 13, Batch: 530, Acc: 5.52%, Loss: 4.3304
Epoch: 13, Batch: 540, Acc: 5.49%, Loss: 4.3249
Epoch: 13, Batch: 550, Acc: 5.48%, Loss: 4.3093
Epoch: 13, Batch: 560, Acc: 5.49%, Loss: 4.3304
Epoch: 13, Batch: 570, Acc: 5.48%, Loss: 4.3490
Epoch: 13, Batch: 580, Acc: 5.49%, Loss: 4.3273
Epoch: 13, Batch: 590, Acc: 5.48%, Loss: 4.3358
Epoch: 13, Batch: 600, Acc: 5.49%, Loss: 4.2868
Epoch: 13, Batch: 610, Acc: 5.50%, Loss: 4.3091
Epoch: 13, Batch: 620, Acc: 5.51%, Loss: 4.3462
Epoch: 13, Batch: 630, Acc: 5.51%, Loss: 4.3334
Epoch: 13, Batch: 640, Acc: 5.51%, Loss: 4.2866
Epoch: 13, Batch: 650, Acc: 5.52%, Loss: 4.2963
Epoch: 13, Batch: 660, Acc: 5.54%, Loss: 4.3380
Epoch: 13, Batch: 670, Acc: 5.60%, Loss: 4.2327
Epoch: 13, Batch: 680, Acc: 5.60%, Loss: 4.3220
Epoch: 13, Batch: 690, Acc: 5.59%, Loss: 4.2933
Epoch: 13, Batch: 700, Acc: 5.59%, Loss: 4.3332
Epoch: 13, Batch: 710, Acc: 5.59%, Loss: 4.3104
Epoch: 13, Batch: 720, Acc: 5.58%, Loss: 4.3325
Epoch: 13, Batch: 730, Acc: 5.60%, Loss: 4.3499
Epoch: 13, Batch: 740, Acc: 5.60%, Loss: 4.2961
Epoch: 13, Batch: 750, Acc: 5.60%, Loss: 4.2983
Epoch: 13, Batch: 760, Acc: 5.61%, Loss: 4.3499
Epoch: 13, Batch: 770, Acc: 5.61%, Loss: 4.3192
Epoch: 13, Batch: 780, Acc: 5.62%, Loss: 4.2900
Accuracy on test set: 5.70%
Epoch: 14, Batch: 10, Acc: 5.78%, Loss: 4.3368
Epoch: 14, Batch: 20, Acc: 5.23%, Loss: 4.2771
Epoch: 14, Batch: 30, Acc: 5.36%, Loss: 4.3285
Epoch: 14, Batch: 40, Acc: 5.66%, Loss: 4.2661
Epoch: 14, Batch: 50, Acc: 5.69%, Loss: 4.2682
Epoch: 14, Batch: 60, Acc: 6.02%, Loss: 4.2805
Epoch: 14, Batch: 70, Acc: 5.85%, Loss: 4.3193
Epoch: 14, Batch: 80, Acc: 6.04%, Loss: 4.3425
Epoch: 14, Batch: 90, Acc: 6.11%, Loss: 4.3318
Epoch: 14, Batch: 100, Acc: 6.12%, Loss: 4.2949
Epoch: 14, Batch: 110, Acc: 6.09%, Loss: 4.3104
Epoch: 14, Batch: 120, Acc: 5.96%, Loss: 4.3633
Epoch: 14, Batch: 130, Acc: 6.06%, Loss: 4.2950
Epoch: 14, Batch: 140, Acc: 5.97%, Loss: 4.3137
Epoch: 14, Batch: 150, Acc: 5.97%, Loss: 4.3312
Epoch: 14, Batch: 160, Acc: 5.96%, Loss: 4.3121
Epoch: 14, Batch: 170, Acc: 6.02%, Loss: 4.3421
Epoch: 14, Batch: 180, Acc: 5.99%, Loss: 4.2789
Epoch: 14, Batch: 190, Acc: 5.98%, Loss: 4.3121
Epoch: 14, Batch: 200, Acc: 5.99%, Loss: 4.3101
Epoch: 14, Batch: 210, Acc: 5.95%, Loss: 4.3544
Epoch: 14, Batch: 220, Acc: 5.96%, Loss: 4.3333
Epoch: 14, Batch: 230, Acc: 5.91%, Loss: 4.3072
Epoch: 14, Batch: 240, Acc: 5.90%, Loss: 4.3532
Epoch: 14, Batch: 250, Acc: 5.91%, Loss: 4.3249
Epoch: 14, Batch: 260, Acc: 5.97%, Loss: 4.2698
Epoch: 14, Batch: 270, Acc: 5.97%, Loss: 4.3021
Epoch: 14, Batch: 280, Acc: 5.93%, Loss: 4.3339
Epoch: 14, Batch: 290, Acc: 5.96%, Loss: 4.3273
Epoch: 14, Batch: 300, Acc: 5.92%, Loss: 4.3550
Epoch: 14, Batch: 310, Acc: 5.86%, Loss: 4.3555
Epoch: 14, Batch: 320, Acc: 5.86%, Loss: 4.3046
Epoch: 14, Batch: 330, Acc: 5.82%, Loss: 4.3708
Epoch: 14, Batch: 340, Acc: 5.82%, Loss: 4.3008
Epoch: 14, Batch: 350, Acc: 5.81%, Loss: 4.3184
Epoch: 14, Batch: 360, Acc: 5.81%, Loss: 4.3265
Epoch: 14, Batch: 370, Acc: 5.80%, Loss: 4.3177
Epoch: 14, Batch: 380, Acc: 5.79%, Loss: 4.2920
Epoch: 14, Batch: 390, Acc: 5.80%, Loss: 4.3166
Epoch: 14, Batch: 400, Acc: 5.77%, Loss: 4.3389
Epoch: 14, Batch: 410, Acc: 5.72%, Loss: 4.3312
Epoch: 14, Batch: 420, Acc: 5.70%, Loss: 4.3133
Epoch: 14, Batch: 430, Acc: 5.71%, Loss: 4.3079
Epoch: 14, Batch: 440, Acc: 5.69%, Loss: 4.3092
Epoch: 14, Batch: 450, Acc: 5.69%, Loss: 4.3130
Epoch: 14, Batch: 460, Acc: 5.65%, Loss: 4.3466
Epoch: 14, Batch: 470, Acc: 5.65%, Loss: 4.3321
Epoch: 14, Batch: 480, Acc: 5.66%, Loss: 4.3306
Epoch: 14, Batch: 490, Acc: 5.68%, Loss: 4.3689
Epoch: 14, Batch: 500, Acc: 5.67%, Loss: 4.2893
Epoch: 14, Batch: 510, Acc: 5.67%, Loss: 4.3403
Epoch: 14, Batch: 520, Acc: 5.67%, Loss: 4.3139
Epoch: 14, Batch: 530, Acc: 5.64%, Loss: 4.3411
Epoch: 14, Batch: 540, Acc: 5.63%, Loss: 4.2955
Epoch: 14, Batch: 550, Acc: 5.64%, Loss: 4.3391
Epoch: 14, Batch: 560, Acc: 5.63%, Loss: 4.3175
Epoch: 14, Batch: 570, Acc: 5.63%, Loss: 4.3193
Epoch: 14, Batch: 580, Acc: 5.63%, Loss: 4.3148
Epoch: 14, Batch: 590, Acc: 5.64%, Loss: 4.2967
Epoch: 14, Batch: 600, Acc: 5.63%, Loss: 4.3094
Epoch: 14, Batch: 610, Acc: 5.64%, Loss: 4.3446
Epoch: 14, Batch: 620, Acc: 5.67%, Loss: 4.2572
Epoch: 14, Batch: 630, Acc: 5.67%, Loss: 4.3283
Epoch: 14, Batch: 640, Acc: 5.69%, Loss: 4.2882
Epoch: 14, Batch: 650, Acc: 5.69%, Loss: 4.3365
Epoch: 14, Batch: 660, Acc: 5.69%, Loss: 4.3248
Epoch: 14, Batch: 670, Acc: 5.68%, Loss: 4.3121
Epoch: 14, Batch: 680, Acc: 5.71%, Loss: 4.2623
Epoch: 14, Batch: 690, Acc: 5.72%, Loss: 4.2949
Epoch: 14, Batch: 700, Acc: 5.74%, Loss: 4.3159
Epoch: 14, Batch: 710, Acc: 5.74%, Loss: 4.3032
Epoch: 14, Batch: 720, Acc: 5.74%, Loss: 4.3055
Epoch: 14, Batch: 730, Acc: 5.74%, Loss: 4.3226
Epoch: 14, Batch: 740, Acc: 5.73%, Loss: 4.3220
Epoch: 14, Batch: 750, Acc: 5.71%, Loss: 4.3397
Epoch: 14, Batch: 760, Acc: 5.70%, Loss: 4.3447
Epoch: 14, Batch: 770, Acc: 5.71%, Loss: 4.3345
Epoch: 14, Batch: 780, Acc: 5.71%, Loss: 4.2777
Accuracy on test set: 5.64%
Epoch: 15, Batch: 10, Acc: 6.41%, Loss: 4.3206
Epoch: 15, Batch: 20, Acc: 6.17%, Loss: 4.3072
Epoch: 15, Batch: 30, Acc: 5.83%, Loss: 4.3022
Epoch: 15, Batch: 40, Acc: 5.86%, Loss: 4.3129
Epoch: 15, Batch: 50, Acc: 6.22%, Loss: 4.2938
Epoch: 15, Batch: 60, Acc: 6.38%, Loss: 4.3307
Epoch: 15, Batch: 70, Acc: 6.14%, Loss: 4.2901
Epoch: 15, Batch: 80, Acc: 6.25%, Loss: 4.2668
Epoch: 15, Batch: 90, Acc: 6.25%, Loss: 4.3180
Epoch: 15, Batch: 100, Acc: 6.17%, Loss: 4.3261
Epoch: 15, Batch: 110, Acc: 6.01%, Loss: 4.2999
Epoch: 15, Batch: 120, Acc: 6.11%, Loss: 4.2916
Epoch: 15, Batch: 130, Acc: 6.18%, Loss: 4.3359
Epoch: 15, Batch: 140, Acc: 6.06%, Loss: 4.3676
Epoch: 15, Batch: 150, Acc: 6.08%, Loss: 4.3407
Epoch: 15, Batch: 160, Acc: 6.07%, Loss: 4.2882
Epoch: 15, Batch: 170, Acc: 6.08%, Loss: 4.2994
Epoch: 15, Batch: 180, Acc: 6.09%, Loss: 4.3098
Epoch: 15, Batch: 190, Acc: 5.97%, Loss: 4.3380
Epoch: 15, Batch: 200, Acc: 5.90%, Loss: 4.3250
Epoch: 15, Batch: 210, Acc: 5.91%, Loss: 4.3266
Epoch: 15, Batch: 220, Acc: 5.86%, Loss: 4.3541
Epoch: 15, Batch: 230, Acc: 5.88%, Loss: 4.2846
Epoch: 15, Batch: 240, Acc: 5.89%, Loss: 4.3407
Epoch: 15, Batch: 250, Acc: 5.88%, Loss: 4.3038
Epoch: 15, Batch: 260, Acc: 5.87%, Loss: 4.2914
Epoch: 15, Batch: 270, Acc: 6.01%, Loss: 4.3063
Epoch: 15, Batch: 280, Acc: 5.99%, Loss: 4.3466
Epoch: 15, Batch: 290, Acc: 5.97%, Loss: 4.3196
Epoch: 15, Batch: 300, Acc: 5.97%, Loss: 4.3159
Epoch: 15, Batch: 310, Acc: 5.95%, Loss: 4.3334
Epoch: 15, Batch: 320, Acc: 5.93%, Loss: 4.3161
Epoch: 15, Batch: 330, Acc: 5.89%, Loss: 4.3181
Epoch: 15, Batch: 340, Acc: 5.84%, Loss: 4.3615
Epoch: 15, Batch: 350, Acc: 5.85%, Loss: 4.3345
Epoch: 15, Batch: 360, Acc: 5.88%, Loss: 4.2945
Epoch: 15, Batch: 370, Acc: 5.90%, Loss: 4.2704
Epoch: 15, Batch: 380, Acc: 5.90%, Loss: 4.3354
Epoch: 15, Batch: 390, Acc: 5.92%, Loss: 4.3053
Epoch: 15, Batch: 400, Acc: 5.92%, Loss: 4.3304
Epoch: 15, Batch: 410, Acc: 5.91%, Loss: 4.2730
Epoch: 15, Batch: 420, Acc: 5.89%, Loss: 4.3319
Epoch: 15, Batch: 430, Acc: 5.88%, Loss: 4.3255
Epoch: 15, Batch: 440, Acc: 5.86%, Loss: 4.3176
Epoch: 15, Batch: 450, Acc: 5.88%, Loss: 4.3264
Epoch: 15, Batch: 460, Acc: 5.87%, Loss: 4.3091
Epoch: 15, Batch: 470, Acc: 5.88%, Loss: 4.3421
Epoch: 15, Batch: 480, Acc: 5.87%, Loss: 4.3167
Epoch: 15, Batch: 490, Acc: 5.88%, Loss: 4.3454
Epoch: 15, Batch: 500, Acc: 5.87%, Loss: 4.3234
Epoch: 15, Batch: 510, Acc: 5.87%, Loss: 4.2786
Epoch: 15, Batch: 520, Acc: 5.87%, Loss: 4.3147
Epoch: 15, Batch: 530, Acc: 5.84%, Loss: 4.2907
Epoch: 15, Batch: 540, Acc: 5.87%, Loss: 4.3011
Epoch: 15, Batch: 550, Acc: 5.86%, Loss: 4.3585
Epoch: 15, Batch: 560, Acc: 5.85%, Loss: 4.2880
Epoch: 15, Batch: 570, Acc: 5.84%, Loss: 4.3460
Epoch: 15, Batch: 580, Acc: 5.85%, Loss: 4.2766
Epoch: 15, Batch: 590, Acc: 5.82%, Loss: 4.2990
Epoch: 15, Batch: 600, Acc: 5.83%, Loss: 4.2858
Epoch: 15, Batch: 610, Acc: 5.84%, Loss: 4.3142
Epoch: 15, Batch: 620, Acc: 5.84%, Loss: 4.2877
Epoch: 15, Batch: 630, Acc: 5.82%, Loss: 4.3165
Epoch: 15, Batch: 640, Acc: 5.82%, Loss: 4.3115
Epoch: 15, Batch: 650, Acc: 5.81%, Loss: 4.2990
Epoch: 15, Batch: 660, Acc: 5.81%, Loss: 4.3395
Epoch: 15, Batch: 670, Acc: 5.83%, Loss: 4.2911
Epoch: 15, Batch: 680, Acc: 5.83%, Loss: 4.2445
Epoch: 15, Batch: 690, Acc: 5.84%, Loss: 4.2982
Epoch: 15, Batch: 700, Acc: 5.85%, Loss: 4.3095
Epoch: 15, Batch: 710, Acc: 5.85%, Loss: 4.3279
Epoch: 15, Batch: 720, Acc: 5.85%, Loss: 4.2927
Epoch: 15, Batch: 730, Acc: 5.87%, Loss: 4.2548
Epoch: 15, Batch: 740, Acc: 5.86%, Loss: 4.3575
Epoch: 15, Batch: 750, Acc: 5.86%, Loss: 4.3157
Epoch: 15, Batch: 760, Acc: 5.86%, Loss: 4.3540
Epoch: 15, Batch: 770, Acc: 5.84%, Loss: 4.3141
Epoch: 15, Batch: 780, Acc: 5.83%, Loss: 4.2669
Accuracy on test set: 5.58%
Epoch: 16, Batch: 10, Acc: 4.69%, Loss: 4.3398
Epoch: 16, Batch: 20, Acc: 6.25%, Loss: 4.2628
Epoch: 16, Batch: 30, Acc: 6.56%, Loss: 4.3014
Epoch: 16, Batch: 40, Acc: 6.60%, Loss: 4.3183
Epoch: 16, Batch: 50, Acc: 6.47%, Loss: 4.2985
Epoch: 16, Batch: 60, Acc: 6.07%, Loss: 4.2948
Epoch: 16, Batch: 70, Acc: 6.14%, Loss: 4.2697
Epoch: 16, Batch: 80, Acc: 6.15%, Loss: 4.2990
Epoch: 16, Batch: 90, Acc: 6.02%, Loss: 4.3095
Epoch: 16, Batch: 100, Acc: 6.00%, Loss: 4.2802
Epoch: 16, Batch: 110, Acc: 5.97%, Loss: 4.3386
Epoch: 16, Batch: 120, Acc: 5.85%, Loss: 4.3266
Epoch: 16, Batch: 130, Acc: 5.77%, Loss: 4.3335
Epoch: 16, Batch: 140, Acc: 5.67%, Loss: 4.3360
Epoch: 16, Batch: 150, Acc: 5.64%, Loss: 4.3156
Epoch: 16, Batch: 160, Acc: 5.58%, Loss: 4.2936
Epoch: 16, Batch: 170, Acc: 5.49%, Loss: 4.3252
Epoch: 16, Batch: 180, Acc: 5.57%, Loss: 4.2847
Epoch: 16, Batch: 190, Acc: 5.65%, Loss: 4.2824
Epoch: 16, Batch: 200, Acc: 5.71%, Loss: 4.2267
Epoch: 16, Batch: 210, Acc: 5.71%, Loss: 4.3257
Epoch: 16, Batch: 220, Acc: 5.68%, Loss: 4.2973
Epoch: 16, Batch: 230, Acc: 5.65%, Loss: 4.3359
Epoch: 16, Batch: 240, Acc: 5.70%, Loss: 4.2660
Epoch: 16, Batch: 250, Acc: 5.66%, Loss: 4.3081
Epoch: 16, Batch: 260, Acc: 5.66%, Loss: 4.2925
Epoch: 16, Batch: 270, Acc: 5.70%, Loss: 4.2861
Epoch: 16, Batch: 280, Acc: 5.68%, Loss: 4.3048
Epoch: 16, Batch: 290, Acc: 5.74%, Loss: 4.2699
Epoch: 16, Batch: 300, Acc: 5.76%, Loss: 4.3193
Epoch: 16, Batch: 310, Acc: 5.72%, Loss: 4.3490
Epoch: 16, Batch: 320, Acc: 5.75%, Loss: 4.3126
Epoch: 16, Batch: 330, Acc: 5.72%, Loss: 4.3260
Epoch: 16, Batch: 340, Acc: 5.80%, Loss: 4.3056
Epoch: 16, Batch: 350, Acc: 5.79%, Loss: 4.3072
Epoch: 16, Batch: 360, Acc: 5.77%, Loss: 4.3220
Epoch: 16, Batch: 370, Acc: 5.76%, Loss: 4.2920
Epoch: 16, Batch: 380, Acc: 5.83%, Loss: 4.3152
Epoch: 16, Batch: 390, Acc: 5.81%, Loss: 4.3119
Epoch: 16, Batch: 400, Acc: 5.84%, Loss: 4.3000
Epoch: 16, Batch: 410, Acc: 5.81%, Loss: 4.3084
Epoch: 16, Batch: 420, Acc: 5.81%, Loss: 4.3346
Epoch: 16, Batch: 430, Acc: 5.82%, Loss: 4.3252
Epoch: 16, Batch: 440, Acc: 5.88%, Loss: 4.3111
Epoch: 16, Batch: 450, Acc: 5.86%, Loss: 4.3667
Epoch: 16, Batch: 460, Acc: 5.87%, Loss: 4.3171
Epoch: 16, Batch: 470, Acc: 5.88%, Loss: 4.2519
Epoch: 16, Batch: 480, Acc: 5.86%, Loss: 4.3071
Epoch: 16, Batch: 490, Acc: 5.87%, Loss: 4.2408
Epoch: 16, Batch: 500, Acc: 5.89%, Loss: 4.3331
Epoch: 16, Batch: 510, Acc: 5.89%, Loss: 4.3328
Epoch: 16, Batch: 520, Acc: 5.88%, Loss: 4.3027
Epoch: 16, Batch: 530, Acc: 5.88%, Loss: 4.3002
Epoch: 16, Batch: 540, Acc: 5.90%, Loss: 4.2963
Epoch: 16, Batch: 550, Acc: 5.92%, Loss: 4.3268
Epoch: 16, Batch: 560, Acc: 5.90%, Loss: 4.3198
Epoch: 16, Batch: 570, Acc: 5.91%, Loss: 4.3089
Epoch: 16, Batch: 580, Acc: 5.89%, Loss: 4.2953
Epoch: 16, Batch: 590, Acc: 5.92%, Loss: 4.3324
Epoch: 16, Batch: 600, Acc: 5.88%, Loss: 4.3188
Epoch: 16, Batch: 610, Acc: 5.86%, Loss: 4.3766
Epoch: 16, Batch: 620, Acc: 5.87%, Loss: 4.3096
Epoch: 16, Batch: 630, Acc: 5.86%, Loss: 4.3189
Epoch: 16, Batch: 640, Acc: 5.85%, Loss: 4.3062
Epoch: 16, Batch: 650, Acc: 5.88%, Loss: 4.2845
Epoch: 16, Batch: 660, Acc: 5.88%, Loss: 4.2891
Epoch: 16, Batch: 670, Acc: 5.87%, Loss: 4.3272
Epoch: 16, Batch: 680, Acc: 5.88%, Loss: 4.3080
Epoch: 16, Batch: 690, Acc: 5.89%, Loss: 4.2781
Epoch: 16, Batch: 700, Acc: 5.89%, Loss: 4.2825
Epoch: 16, Batch: 710, Acc: 5.88%, Loss: 4.2978
Epoch: 16, Batch: 720, Acc: 5.88%, Loss: 4.3104
Epoch: 16, Batch: 730, Acc: 5.87%, Loss: 4.3088
Epoch: 16, Batch: 740, Acc: 5.86%, Loss: 4.3391
Epoch: 16, Batch: 750, Acc: 5.85%, Loss: 4.3385
Epoch: 16, Batch: 760, Acc: 5.85%, Loss: 4.2981
Epoch: 16, Batch: 770, Acc: 5.84%, Loss: 4.3656
Epoch: 16, Batch: 780, Acc: 5.82%, Loss: 4.3184
Accuracy on test set: 5.82%
Epoch: 17, Batch: 10, Acc: 4.69%, Loss: 4.3111
Epoch: 17, Batch: 20, Acc: 5.39%, Loss: 4.3083
Epoch: 17, Batch: 30, Acc: 5.21%, Loss: 4.3178
Epoch: 17, Batch: 40, Acc: 5.39%, Loss: 4.3394
Epoch: 17, Batch: 50, Acc: 5.44%, Loss: 4.3144
Epoch: 17, Batch: 60, Acc: 5.70%, Loss: 4.2731
Epoch: 17, Batch: 70, Acc: 5.62%, Loss: 4.3146
Epoch: 17, Batch: 80, Acc: 5.74%, Loss: 4.3310
Epoch: 17, Batch: 90, Acc: 5.61%, Loss: 4.3219
Epoch: 17, Batch: 100, Acc: 5.56%, Loss: 4.2927
Epoch: 17, Batch: 110, Acc: 5.65%, Loss: 4.2966
Epoch: 17, Batch: 120, Acc: 5.70%, Loss: 4.2943
Epoch: 17, Batch: 130, Acc: 5.72%, Loss: 4.3531
Epoch: 17, Batch: 140, Acc: 5.78%, Loss: 4.3100
Epoch: 17, Batch: 150, Acc: 5.83%, Loss: 4.2840
Epoch: 17, Batch: 160, Acc: 5.87%, Loss: 4.2660
Epoch: 17, Batch: 170, Acc: 5.91%, Loss: 4.2980
Epoch: 17, Batch: 180, Acc: 5.80%, Loss: 4.3136
Epoch: 17, Batch: 190, Acc: 5.82%, Loss: 4.2569
Epoch: 17, Batch: 200, Acc: 5.84%, Loss: 4.2855
Epoch: 17, Batch: 210, Acc: 5.87%, Loss: 4.3055
Epoch: 17, Batch: 220, Acc: 5.87%, Loss: 4.3204
Epoch: 17, Batch: 230, Acc: 5.88%, Loss: 4.3115
Epoch: 17, Batch: 240, Acc: 5.87%, Loss: 4.2961
Epoch: 17, Batch: 250, Acc: 5.88%, Loss: 4.2915
Epoch: 17, Batch: 260, Acc: 5.88%, Loss: 4.2761
Epoch: 17, Batch: 270, Acc: 5.84%, Loss: 4.2933
Epoch: 17, Batch: 280, Acc: 5.81%, Loss: 4.2829
Epoch: 17, Batch: 290, Acc: 5.88%, Loss: 4.2457
Epoch: 17, Batch: 300, Acc: 5.86%, Loss: 4.3064
Epoch: 17, Batch: 310, Acc: 5.83%, Loss: 4.3169
Epoch: 17, Batch: 320, Acc: 5.83%, Loss: 4.2985
Epoch: 17, Batch: 330, Acc: 5.81%, Loss: 4.3651
Epoch: 17, Batch: 340, Acc: 5.84%, Loss: 4.3168
Epoch: 17, Batch: 350, Acc: 5.87%, Loss: 4.2853
Epoch: 17, Batch: 360, Acc: 5.89%, Loss: 4.3253
Epoch: 17, Batch: 370, Acc: 5.89%, Loss: 4.2579
Epoch: 17, Batch: 380, Acc: 5.91%, Loss: 4.2747
Epoch: 17, Batch: 390, Acc: 5.89%, Loss: 4.3262
Epoch: 17, Batch: 400, Acc: 5.88%, Loss: 4.3172
Epoch: 17, Batch: 410, Acc: 5.87%, Loss: 4.3351
Epoch: 17, Batch: 420, Acc: 5.85%, Loss: 4.3059
Epoch: 17, Batch: 430, Acc: 5.88%, Loss: 4.2559
Epoch: 17, Batch: 440, Acc: 5.85%, Loss: 4.3359
Epoch: 17, Batch: 450, Acc: 5.86%, Loss: 4.3141
Epoch: 17, Batch: 460, Acc: 5.85%, Loss: 4.3260
Epoch: 17, Batch: 470, Acc: 5.82%, Loss: 4.3179
Epoch: 17, Batch: 480, Acc: 5.82%, Loss: 4.2779
Epoch: 17, Batch: 490, Acc: 5.83%, Loss: 4.2904
Epoch: 17, Batch: 500, Acc: 5.81%, Loss: 4.3064
Epoch: 17, Batch: 510, Acc: 5.77%, Loss: 4.3199
Epoch: 17, Batch: 520, Acc: 5.79%, Loss: 4.2898
Epoch: 17, Batch: 530, Acc: 5.78%, Loss: 4.3007
Epoch: 17, Batch: 540, Acc: 5.78%, Loss: 4.3245
Epoch: 17, Batch: 550, Acc: 5.77%, Loss: 4.3054
Epoch: 17, Batch: 560, Acc: 5.75%, Loss: 4.3323
Epoch: 17, Batch: 570, Acc: 5.73%, Loss: 4.3280
Epoch: 17, Batch: 580, Acc: 5.73%, Loss: 4.3241
Epoch: 17, Batch: 590, Acc: 5.72%, Loss: 4.2975
Epoch: 17, Batch: 600, Acc: 5.73%, Loss: 4.2630
Epoch: 17, Batch: 610, Acc: 5.74%, Loss: 4.3022
Epoch: 17, Batch: 620, Acc: 5.74%, Loss: 4.3215
Epoch: 17, Batch: 630, Acc: 5.76%, Loss: 4.2735
Epoch: 17, Batch: 640, Acc: 5.75%, Loss: 4.2979
Epoch: 17, Batch: 650, Acc: 5.74%, Loss: 4.3328
Epoch: 17, Batch: 660, Acc: 5.74%, Loss: 4.2766
Epoch: 17, Batch: 670, Acc: 5.75%, Loss: 4.2966
Epoch: 17, Batch: 680, Acc: 5.75%, Loss: 4.3371
Epoch: 17, Batch: 690, Acc: 5.75%, Loss: 4.3268
Epoch: 17, Batch: 700, Acc: 5.75%, Loss: 4.3066
Epoch: 17, Batch: 710, Acc: 5.72%, Loss: 4.3588
Epoch: 17, Batch: 720, Acc: 5.74%, Loss: 4.3287
Epoch: 17, Batch: 730, Acc: 5.73%, Loss: 4.3423
Epoch: 17, Batch: 740, Acc: 5.74%, Loss: 4.2573
Epoch: 17, Batch: 750, Acc: 5.74%, Loss: 4.2952
Epoch: 17, Batch: 760, Acc: 5.77%, Loss: 4.2963
Epoch: 17, Batch: 770, Acc: 5.76%, Loss: 4.3096
Epoch: 17, Batch: 780, Acc: 5.78%, Loss: 4.2794
Accuracy on test set: 5.92%
Epoch: 18, Batch: 10, Acc: 5.94%, Loss: 4.3033
Epoch: 18, Batch: 20, Acc: 6.56%, Loss: 4.3006
Epoch: 18, Batch: 30, Acc: 6.30%, Loss: 4.3022
Epoch: 18, Batch: 40, Acc: 6.09%, Loss: 4.3179
Epoch: 18, Batch: 50, Acc: 6.09%, Loss: 4.2797
Epoch: 18, Batch: 60, Acc: 6.28%, Loss: 4.3209
Epoch: 18, Batch: 70, Acc: 6.14%, Loss: 4.2752
Epoch: 18, Batch: 80, Acc: 6.13%, Loss: 4.2914
Epoch: 18, Batch: 90, Acc: 6.01%, Loss: 4.3157
Epoch: 18, Batch: 100, Acc: 6.12%, Loss: 4.2962
Epoch: 18, Batch: 110, Acc: 6.07%, Loss: 4.3035
Epoch: 18, Batch: 120, Acc: 6.03%, Loss: 4.3123
Epoch: 18, Batch: 130, Acc: 6.06%, Loss: 4.3007
Epoch: 18, Batch: 140, Acc: 6.13%, Loss: 4.3302
Epoch: 18, Batch: 150, Acc: 6.10%, Loss: 4.3313
Epoch: 18, Batch: 160, Acc: 6.06%, Loss: 4.2554
Epoch: 18, Batch: 170, Acc: 6.13%, Loss: 4.2911
Epoch: 18, Batch: 180, Acc: 6.11%, Loss: 4.2990
Epoch: 18, Batch: 190, Acc: 6.08%, Loss: 4.2926
Epoch: 18, Batch: 200, Acc: 6.05%, Loss: 4.3066
Epoch: 18, Batch: 210, Acc: 6.06%, Loss: 4.2767
Epoch: 18, Batch: 220, Acc: 6.02%, Loss: 4.3102
Epoch: 18, Batch: 230, Acc: 6.03%, Loss: 4.2932
Epoch: 18, Batch: 240, Acc: 5.96%, Loss: 4.3487
Epoch: 18, Batch: 250, Acc: 5.91%, Loss: 4.3487
Epoch: 18, Batch: 260, Acc: 5.91%, Loss: 4.2733
Epoch: 18, Batch: 270, Acc: 5.92%, Loss: 4.3422
Epoch: 18, Batch: 280, Acc: 5.90%, Loss: 4.2895
Epoch: 18, Batch: 290, Acc: 5.88%, Loss: 4.2933
Epoch: 18, Batch: 300, Acc: 5.87%, Loss: 4.2741
Epoch: 18, Batch: 310, Acc: 5.89%, Loss: 4.3352
Epoch: 18, Batch: 320, Acc: 5.95%, Loss: 4.2911
Epoch: 18, Batch: 330, Acc: 5.92%, Loss: 4.2767
Epoch: 18, Batch: 340, Acc: 5.88%, Loss: 4.3135
Epoch: 18, Batch: 350, Acc: 5.87%, Loss: 4.3360
Epoch: 18, Batch: 360, Acc: 5.83%, Loss: 4.2848
Epoch: 18, Batch: 370, Acc: 5.90%, Loss: 4.2550
Epoch: 18, Batch: 380, Acc: 5.89%, Loss: 4.3347
Epoch: 18, Batch: 390, Acc: 5.88%, Loss: 4.2866
Epoch: 18, Batch: 400, Acc: 5.87%, Loss: 4.3133
Epoch: 18, Batch: 410, Acc: 5.88%, Loss: 4.3029
Epoch: 18, Batch: 420, Acc: 5.92%, Loss: 4.2882
Epoch: 18, Batch: 430, Acc: 5.92%, Loss: 4.3122
Epoch: 18, Batch: 440, Acc: 5.89%, Loss: 4.2972
Epoch: 18, Batch: 450, Acc: 5.92%, Loss: 4.2757
Epoch: 18, Batch: 460, Acc: 5.90%, Loss: 4.2849
Epoch: 18, Batch: 470, Acc: 5.90%, Loss: 4.2920
Epoch: 18, Batch: 480, Acc: 5.94%, Loss: 4.2477
Epoch: 18, Batch: 490, Acc: 5.94%, Loss: 4.2880
Epoch: 18, Batch: 500, Acc: 5.94%, Loss: 4.3255
Epoch: 18, Batch: 510, Acc: 5.95%, Loss: 4.2662
Epoch: 18, Batch: 520, Acc: 5.92%, Loss: 4.3810
Epoch: 18, Batch: 530, Acc: 5.92%, Loss: 4.2909
Epoch: 18, Batch: 540, Acc: 5.91%, Loss: 4.3280
Epoch: 18, Batch: 550, Acc: 5.92%, Loss: 4.3110
Epoch: 18, Batch: 560, Acc: 5.91%, Loss: 4.3237
Epoch: 18, Batch: 570, Acc: 5.91%, Loss: 4.2997
Epoch: 18, Batch: 580, Acc: 5.92%, Loss: 4.2976
Epoch: 18, Batch: 590, Acc: 5.90%, Loss: 4.3279
Epoch: 18, Batch: 600, Acc: 5.91%, Loss: 4.2838
Epoch: 18, Batch: 610, Acc: 5.89%, Loss: 4.3574
Epoch: 18, Batch: 620, Acc: 5.90%, Loss: 4.2769
Epoch: 18, Batch: 630, Acc: 5.92%, Loss: 4.2901
Epoch: 18, Batch: 640, Acc: 5.92%, Loss: 4.3084
Epoch: 18, Batch: 650, Acc: 5.90%, Loss: 4.2865
Epoch: 18, Batch: 660, Acc: 5.92%, Loss: 4.3015
Epoch: 18, Batch: 670, Acc: 5.93%, Loss: 4.2966
Epoch: 18, Batch: 680, Acc: 5.94%, Loss: 4.2565
Epoch: 18, Batch: 690, Acc: 5.96%, Loss: 4.2642
Epoch: 18, Batch: 700, Acc: 5.95%, Loss: 4.3319
Epoch: 18, Batch: 710, Acc: 5.92%, Loss: 4.3118
Epoch: 18, Batch: 720, Acc: 5.92%, Loss: 4.2967
Epoch: 18, Batch: 730, Acc: 5.91%, Loss: 4.2950
Epoch: 18, Batch: 740, Acc: 5.92%, Loss: 4.2942
Epoch: 18, Batch: 750, Acc: 5.95%, Loss: 4.2806
Epoch: 18, Batch: 760, Acc: 5.93%, Loss: 4.3202
Epoch: 18, Batch: 770, Acc: 5.94%, Loss: 4.2638
Epoch: 18, Batch: 780, Acc: 5.93%, Loss: 4.3460
Accuracy on test set: 6.01%
Epoch: 19, Batch: 10, Acc: 6.25%, Loss: 4.3070
Epoch: 19, Batch: 20, Acc: 6.09%, Loss: 4.3521
Epoch: 19, Batch: 30, Acc: 6.35%, Loss: 4.3009
Epoch: 19, Batch: 40, Acc: 6.52%, Loss: 4.2501
Epoch: 19, Batch: 50, Acc: 6.38%, Loss: 4.3096
Epoch: 19, Batch: 60, Acc: 6.46%, Loss: 4.2743
Epoch: 19, Batch: 70, Acc: 6.09%, Loss: 4.3017
Epoch: 19, Batch: 80, Acc: 6.17%, Loss: 4.2989
Epoch: 19, Batch: 90, Acc: 6.04%, Loss: 4.3313
Epoch: 19, Batch: 100, Acc: 6.06%, Loss: 4.3047
Epoch: 19, Batch: 110, Acc: 5.99%, Loss: 4.3133
Epoch: 19, Batch: 120, Acc: 6.04%, Loss: 4.2206
Epoch: 19, Batch: 130, Acc: 6.01%, Loss: 4.3401
Epoch: 19, Batch: 140, Acc: 6.02%, Loss: 4.2635
Epoch: 19, Batch: 150, Acc: 5.92%, Loss: 4.3042
Epoch: 19, Batch: 160, Acc: 5.87%, Loss: 4.3325
Epoch: 19, Batch: 170, Acc: 5.82%, Loss: 4.2954
Epoch: 19, Batch: 180, Acc: 5.80%, Loss: 4.3130
Epoch: 19, Batch: 190, Acc: 5.86%, Loss: 4.2547
Epoch: 19, Batch: 200, Acc: 5.87%, Loss: 4.2912
Epoch: 19, Batch: 210, Acc: 5.87%, Loss: 4.2909
Epoch: 19, Batch: 220, Acc: 5.85%, Loss: 4.2722
Epoch: 19, Batch: 230, Acc: 5.84%, Loss: 4.3060
Epoch: 19, Batch: 240, Acc: 5.80%, Loss: 4.2981
Epoch: 19, Batch: 250, Acc: 5.93%, Loss: 4.2703
Epoch: 19, Batch: 260, Acc: 5.91%, Loss: 4.3099
Epoch: 19, Batch: 270, Acc: 5.89%, Loss: 4.2727
Epoch: 19, Batch: 280, Acc: 5.86%, Loss: 4.2892
Epoch: 19, Batch: 290, Acc: 5.84%, Loss: 4.3184
Epoch: 19, Batch: 300, Acc: 5.88%, Loss: 4.2660
Epoch: 19, Batch: 310, Acc: 5.87%, Loss: 4.3127
Epoch: 19, Batch: 320, Acc: 5.90%, Loss: 4.3191
Epoch: 19, Batch: 330, Acc: 5.92%, Loss: 4.2876
Epoch: 19, Batch: 340, Acc: 5.95%, Loss: 4.2658
Epoch: 19, Batch: 350, Acc: 5.98%, Loss: 4.3151
Epoch: 19, Batch: 360, Acc: 6.02%, Loss: 4.3162
Epoch: 19, Batch: 370, Acc: 6.03%, Loss: 4.3179
Epoch: 19, Batch: 380, Acc: 6.05%, Loss: 4.2726
Epoch: 19, Batch: 390, Acc: 6.07%, Loss: 4.3116
Epoch: 19, Batch: 400, Acc: 6.08%, Loss: 4.2886
Epoch: 19, Batch: 410, Acc: 6.10%, Loss: 4.2975
Epoch: 19, Batch: 420, Acc: 6.15%, Loss: 4.2844
Epoch: 19, Batch: 430, Acc: 6.17%, Loss: 4.2635
Epoch: 19, Batch: 440, Acc: 6.18%, Loss: 4.3043
Epoch: 19, Batch: 450, Acc: 6.16%, Loss: 4.2944
Epoch: 19, Batch: 460, Acc: 6.12%, Loss: 4.2919
Epoch: 19, Batch: 470, Acc: 6.14%, Loss: 4.3119
Epoch: 19, Batch: 480, Acc: 6.10%, Loss: 4.3300
Epoch: 19, Batch: 490, Acc: 6.09%, Loss: 4.3083
Epoch: 19, Batch: 500, Acc: 6.08%, Loss: 4.3310
Epoch: 19, Batch: 510, Acc: 6.08%, Loss: 4.2662
Epoch: 19, Batch: 520, Acc: 6.06%, Loss: 4.3103
Epoch: 19, Batch: 530, Acc: 6.07%, Loss: 4.3010
Epoch: 19, Batch: 540, Acc: 6.05%, Loss: 4.2991
Epoch: 19, Batch: 550, Acc: 6.04%, Loss: 4.2825
Epoch: 19, Batch: 560, Acc: 6.04%, Loss: 4.3419
Epoch: 19, Batch: 570, Acc: 6.03%, Loss: 4.3059
Epoch: 19, Batch: 580, Acc: 6.02%, Loss: 4.2962
Epoch: 19, Batch: 590, Acc: 6.05%, Loss: 4.3007
Epoch: 19, Batch: 600, Acc: 6.05%, Loss: 4.2204
Epoch: 19, Batch: 610, Acc: 6.02%, Loss: 4.3181
Epoch: 19, Batch: 620, Acc: 6.04%, Loss: 4.2641
Epoch: 19, Batch: 630, Acc: 6.05%, Loss: 4.2635
Epoch: 19, Batch: 640, Acc: 6.06%, Loss: 4.3011
Epoch: 19, Batch: 650, Acc: 6.03%, Loss: 4.3078
Epoch: 19, Batch: 660, Acc: 6.04%, Loss: 4.2791
Epoch: 19, Batch: 670, Acc: 6.04%, Loss: 4.2960
Epoch: 19, Batch: 680, Acc: 6.05%, Loss: 4.3105
Epoch: 19, Batch: 690, Acc: 6.05%, Loss: 4.2730
Epoch: 19, Batch: 700, Acc: 6.05%, Loss: 4.3320
Epoch: 19, Batch: 710, Acc: 6.03%, Loss: 4.3381
Epoch: 19, Batch: 720, Acc: 6.03%, Loss: 4.2930
Epoch: 19, Batch: 730, Acc: 6.03%, Loss: 4.3067
Epoch: 19, Batch: 740, Acc: 6.02%, Loss: 4.3214
Epoch: 19, Batch: 750, Acc: 6.02%, Loss: 4.3083
Epoch: 19, Batch: 760, Acc: 6.02%, Loss: 4.3019
Epoch: 19, Batch: 770, Acc: 6.00%, Loss: 4.3356
Epoch: 19, Batch: 780, Acc: 6.01%, Loss: 4.2957
Accuracy on test set: 5.87%
Epoch: 20, Batch: 10, Acc: 7.81%, Loss: 4.2995
Epoch: 20, Batch: 20, Acc: 7.50%, Loss: 4.2739
Epoch: 20, Batch: 30, Acc: 7.03%, Loss: 4.3120
Epoch: 20, Batch: 40, Acc: 6.91%, Loss: 4.2953
Epoch: 20, Batch: 50, Acc: 6.84%, Loss: 4.2904
Epoch: 20, Batch: 60, Acc: 6.61%, Loss: 4.3064
Epoch: 20, Batch: 70, Acc: 6.50%, Loss: 4.2973
Epoch: 20, Batch: 80, Acc: 6.39%, Loss: 4.3108
Epoch: 20, Batch: 90, Acc: 6.27%, Loss: 4.3012
Epoch: 20, Batch: 100, Acc: 6.34%, Loss: 4.3094
Epoch: 20, Batch: 110, Acc: 6.34%, Loss: 4.2831
Epoch: 20, Batch: 120, Acc: 6.38%, Loss: 4.2784
Epoch: 20, Batch: 130, Acc: 6.36%, Loss: 4.2811
Epoch: 20, Batch: 140, Acc: 6.44%, Loss: 4.2930
Epoch: 20, Batch: 150, Acc: 6.35%, Loss: 4.2967
Epoch: 20, Batch: 160, Acc: 6.33%, Loss: 4.3352
Epoch: 20, Batch: 170, Acc: 6.32%, Loss: 4.2868
Epoch: 20, Batch: 180, Acc: 6.28%, Loss: 4.2939
Epoch: 20, Batch: 190, Acc: 6.29%, Loss: 4.3116
Epoch: 20, Batch: 200, Acc: 6.32%, Loss: 4.2881
Epoch: 20, Batch: 210, Acc: 6.36%, Loss: 4.2817
Epoch: 20, Batch: 220, Acc: 6.38%, Loss: 4.2897
Epoch: 20, Batch: 230, Acc: 6.34%, Loss: 4.2925
Epoch: 20, Batch: 240, Acc: 6.31%, Loss: 4.3242
Epoch: 20, Batch: 250, Acc: 6.24%, Loss: 4.3134
Epoch: 20, Batch: 260, Acc: 6.23%, Loss: 4.2799
Epoch: 20, Batch: 270, Acc: 6.24%, Loss: 4.2932
Epoch: 20, Batch: 280, Acc: 6.24%, Loss: 4.2757
Epoch: 20, Batch: 290, Acc: 6.19%, Loss: 4.3483
Epoch: 20, Batch: 300, Acc: 6.20%, Loss: 4.3223
Epoch: 20, Batch: 310, Acc: 6.23%, Loss: 4.2491
Epoch: 20, Batch: 320, Acc: 6.17%, Loss: 4.2774
Epoch: 20, Batch: 330, Acc: 6.16%, Loss: 4.2838
Epoch: 20, Batch: 340, Acc: 6.16%, Loss: 4.3194
Epoch: 20, Batch: 350, Acc: 6.19%, Loss: 4.2819
Epoch: 20, Batch: 360, Acc: 6.20%, Loss: 4.2980
Epoch: 20, Batch: 370, Acc: 6.22%, Loss: 4.2630
Epoch: 20, Batch: 380, Acc: 6.18%, Loss: 4.2958
Epoch: 20, Batch: 390, Acc: 6.13%, Loss: 4.2992
Epoch: 20, Batch: 400, Acc: 6.11%, Loss: 4.3043
Epoch: 20, Batch: 410, Acc: 6.11%, Loss: 4.3180
Epoch: 20, Batch: 420, Acc: 6.16%, Loss: 4.2487
Epoch: 20, Batch: 430, Acc: 6.14%, Loss: 4.2826
Epoch: 20, Batch: 440, Acc: 6.12%, Loss: 4.3376
Epoch: 20, Batch: 450, Acc: 6.12%, Loss: 4.3087
Epoch: 20, Batch: 460, Acc: 6.09%, Loss: 4.2882
Epoch: 20, Batch: 470, Acc: 6.14%, Loss: 4.2730
Epoch: 20, Batch: 480, Acc: 6.14%, Loss: 4.2817
Epoch: 20, Batch: 490, Acc: 6.16%, Loss: 4.2675
Epoch: 20, Batch: 500, Acc: 6.12%, Loss: 4.3561
Epoch: 20, Batch: 510, Acc: 6.10%, Loss: 4.2962
Epoch: 20, Batch: 520, Acc: 6.09%, Loss: 4.3017
Epoch: 20, Batch: 530, Acc: 6.08%, Loss: 4.3087
Epoch: 20, Batch: 540, Acc: 6.09%, Loss: 4.2900
Epoch: 20, Batch: 550, Acc: 6.08%, Loss: 4.3087
Epoch: 20, Batch: 560, Acc: 6.10%, Loss: 4.2392
Epoch: 20, Batch: 570, Acc: 6.10%, Loss: 4.2819
Epoch: 20, Batch: 580, Acc: 6.10%, Loss: 4.2742
Epoch: 20, Batch: 590, Acc: 6.11%, Loss: 4.2874
Epoch: 20, Batch: 600, Acc: 6.10%, Loss: 4.3034
Epoch: 20, Batch: 610, Acc: 6.11%, Loss: 4.3197
Epoch: 20, Batch: 620, Acc: 6.13%, Loss: 4.2766
Epoch: 20, Batch: 630, Acc: 6.12%, Loss: 4.2891
Epoch: 20, Batch: 640, Acc: 6.13%, Loss: 4.3168
Epoch: 20, Batch: 650, Acc: 6.12%, Loss: 4.3239
Epoch: 20, Batch: 660, Acc: 6.12%, Loss: 4.3199
Epoch: 20, Batch: 670, Acc: 6.11%, Loss: 4.3257
Epoch: 20, Batch: 680, Acc: 6.10%, Loss: 4.2895
Epoch: 20, Batch: 690, Acc: 6.11%, Loss: 4.2712
Epoch: 20, Batch: 700, Acc: 6.11%, Loss: 4.2967
Epoch: 20, Batch: 710, Acc: 6.12%, Loss: 4.2845
Epoch: 20, Batch: 720, Acc: 6.11%, Loss: 4.3395
Epoch: 20, Batch: 730, Acc: 6.13%, Loss: 4.2483
Epoch: 20, Batch: 740, Acc: 6.11%, Loss: 4.2546
Epoch: 20, Batch: 750, Acc: 6.13%, Loss: 4.2839
Epoch: 20, Batch: 760, Acc: 6.12%, Loss: 4.3315
Epoch: 20, Batch: 770, Acc: 6.11%, Loss: 4.2764
Epoch: 20, Batch: 780, Acc: 6.11%, Loss: 4.2743
Accuracy on test set: 6.02%
Epoch: 21, Batch: 10, Acc: 6.09%, Loss: 4.2614
Epoch: 21, Batch: 20, Acc: 7.42%, Loss: 4.2629
Epoch: 21, Batch: 30, Acc: 7.08%, Loss: 4.2454
Epoch: 21, Batch: 40, Acc: 7.03%, Loss: 4.2784
Epoch: 21, Batch: 50, Acc: 6.66%, Loss: 4.3217
Epoch: 21, Batch: 60, Acc: 6.54%, Loss: 4.2474
Epoch: 21, Batch: 70, Acc: 6.56%, Loss: 4.2621
Epoch: 21, Batch: 80, Acc: 6.27%, Loss: 4.3235
Epoch: 21, Batch: 90, Acc: 6.15%, Loss: 4.2945
Epoch: 21, Batch: 100, Acc: 6.28%, Loss: 4.2825
Epoch: 21, Batch: 110, Acc: 6.12%, Loss: 4.3489
Epoch: 21, Batch: 120, Acc: 6.04%, Loss: 4.3172
Epoch: 21, Batch: 130, Acc: 5.94%, Loss: 4.3455
Epoch: 21, Batch: 140, Acc: 5.99%, Loss: 4.3034
Epoch: 21, Batch: 150, Acc: 6.00%, Loss: 4.3076
Epoch: 21, Batch: 160, Acc: 5.94%, Loss: 4.2956
Epoch: 21, Batch: 170, Acc: 5.91%, Loss: 4.2845
Epoch: 21, Batch: 180, Acc: 5.90%, Loss: 4.2932
Epoch: 21, Batch: 190, Acc: 5.93%, Loss: 4.2906
Epoch: 21, Batch: 200, Acc: 6.03%, Loss: 4.2798
Epoch: 21, Batch: 210, Acc: 6.07%, Loss: 4.2842
Epoch: 21, Batch: 220, Acc: 6.07%, Loss: 4.2781
Epoch: 21, Batch: 230, Acc: 6.02%, Loss: 4.3290
Epoch: 21, Batch: 240, Acc: 6.01%, Loss: 4.3077
Epoch: 21, Batch: 250, Acc: 5.97%, Loss: 4.2833
Epoch: 21, Batch: 260, Acc: 5.93%, Loss: 4.2752
Epoch: 21, Batch: 270, Acc: 5.93%, Loss: 4.3110
Epoch: 21, Batch: 280, Acc: 5.93%, Loss: 4.3035
Epoch: 21, Batch: 290, Acc: 5.95%, Loss: 4.2725
Epoch: 21, Batch: 300, Acc: 5.94%, Loss: 4.2603
Epoch: 21, Batch: 310, Acc: 5.93%, Loss: 4.2894
Epoch: 21, Batch: 320, Acc: 6.01%, Loss: 4.2929
Epoch: 21, Batch: 330, Acc: 6.01%, Loss: 4.3001
Epoch: 21, Batch: 340, Acc: 6.02%, Loss: 4.2597
Epoch: 21, Batch: 350, Acc: 6.03%, Loss: 4.2826
Epoch: 21, Batch: 360, Acc: 6.02%, Loss: 4.2578
Epoch: 21, Batch: 370, Acc: 6.05%, Loss: 4.3036
Epoch: 21, Batch: 380, Acc: 6.03%, Loss: 4.2910
Epoch: 21, Batch: 390, Acc: 6.04%, Loss: 4.3127
Epoch: 21, Batch: 400, Acc: 6.02%, Loss: 4.3057
Epoch: 21, Batch: 410, Acc: 6.04%, Loss: 4.2465
Epoch: 21, Batch: 420, Acc: 6.03%, Loss: 4.3323
Epoch: 21, Batch: 430, Acc: 6.05%, Loss: 4.3120
Epoch: 21, Batch: 440, Acc: 6.06%, Loss: 4.3021
Epoch: 21, Batch: 450, Acc: 6.06%, Loss: 4.3054
Epoch: 21, Batch: 460, Acc: 6.07%, Loss: 4.3110
Epoch: 21, Batch: 470, Acc: 6.06%, Loss: 4.3265
Epoch: 21, Batch: 480, Acc: 6.07%, Loss: 4.2911
Epoch: 21, Batch: 490, Acc: 6.10%, Loss: 4.3040
Epoch: 21, Batch: 500, Acc: 6.08%, Loss: 4.3172
Epoch: 21, Batch: 510, Acc: 6.09%, Loss: 4.2639
Epoch: 21, Batch: 520, Acc: 6.06%, Loss: 4.3096
Epoch: 21, Batch: 530, Acc: 6.10%, Loss: 4.3147
Epoch: 21, Batch: 540, Acc: 6.08%, Loss: 4.3053
Epoch: 21, Batch: 550, Acc: 6.07%, Loss: 4.2806
Epoch: 21, Batch: 560, Acc: 6.06%, Loss: 4.3045
Epoch: 21, Batch: 570, Acc: 6.04%, Loss: 4.2912
Epoch: 21, Batch: 580, Acc: 6.05%, Loss: 4.2526
Epoch: 21, Batch: 590, Acc: 6.04%, Loss: 4.2916
Epoch: 21, Batch: 600, Acc: 6.01%, Loss: 4.3119
Epoch: 21, Batch: 610, Acc: 6.03%, Loss: 4.3107
Epoch: 21, Batch: 620, Acc: 6.05%, Loss: 4.2872
Epoch: 21, Batch: 630, Acc: 6.03%, Loss: 4.2679
Epoch: 21, Batch: 640, Acc: 6.03%, Loss: 4.3083
Epoch: 21, Batch: 650, Acc: 6.02%, Loss: 4.2959
Epoch: 21, Batch: 660, Acc: 6.02%, Loss: 4.2815
Epoch: 21, Batch: 670, Acc: 6.01%, Loss: 4.3258
Epoch: 21, Batch: 680, Acc: 6.01%, Loss: 4.2555
Epoch: 21, Batch: 690, Acc: 6.02%, Loss: 4.2600
Epoch: 21, Batch: 700, Acc: 6.00%, Loss: 4.3327
Epoch: 21, Batch: 710, Acc: 5.99%, Loss: 4.3051
Epoch: 21, Batch: 720, Acc: 6.00%, Loss: 4.2500
Epoch: 21, Batch: 730, Acc: 5.99%, Loss: 4.3155
Epoch: 21, Batch: 740, Acc: 5.99%, Loss: 4.2898
Epoch: 21, Batch: 750, Acc: 5.99%, Loss: 4.2549
Epoch: 21, Batch: 760, Acc: 6.01%, Loss: 4.2726
Epoch: 21, Batch: 770, Acc: 6.00%, Loss: 4.3085
Epoch: 21, Batch: 780, Acc: 6.00%, Loss: 4.2682
Accuracy on test set: 6.18%
Epoch: 22, Batch: 10, Acc: 6.25%, Loss: 4.2993
Epoch: 22, Batch: 20, Acc: 5.55%, Loss: 4.2938
Epoch: 22, Batch: 30, Acc: 6.15%, Loss: 4.2693
Epoch: 22, Batch: 40, Acc: 6.02%, Loss: 4.3123
Epoch: 22, Batch: 50, Acc: 6.22%, Loss: 4.2564
Epoch: 22, Batch: 60, Acc: 6.20%, Loss: 4.2722
Epoch: 22, Batch: 70, Acc: 6.21%, Loss: 4.2796
Epoch: 22, Batch: 80, Acc: 6.21%, Loss: 4.2718
Epoch: 22, Batch: 90, Acc: 6.20%, Loss: 4.2543
Epoch: 22, Batch: 100, Acc: 6.08%, Loss: 4.3077
Epoch: 22, Batch: 110, Acc: 6.09%, Loss: 4.2784
Epoch: 22, Batch: 120, Acc: 6.08%, Loss: 4.3027
Epoch: 22, Batch: 130, Acc: 6.01%, Loss: 4.3208
Epoch: 22, Batch: 140, Acc: 5.90%, Loss: 4.2942
Epoch: 22, Batch: 150, Acc: 5.96%, Loss: 4.2471
Epoch: 22, Batch: 160, Acc: 6.05%, Loss: 4.2884
Epoch: 22, Batch: 170, Acc: 6.11%, Loss: 4.2556
Epoch: 22, Batch: 180, Acc: 5.98%, Loss: 4.3270
Epoch: 22, Batch: 190, Acc: 6.01%, Loss: 4.3233
Epoch: 22, Batch: 200, Acc: 6.05%, Loss: 4.2651
Epoch: 22, Batch: 210, Acc: 6.10%, Loss: 4.2634
Epoch: 22, Batch: 220, Acc: 6.09%, Loss: 4.3122
Epoch: 22, Batch: 230, Acc: 6.06%, Loss: 4.2991
Epoch: 22, Batch: 240, Acc: 6.08%, Loss: 4.2528
Epoch: 22, Batch: 250, Acc: 6.06%, Loss: 4.2991
Epoch: 22, Batch: 260, Acc: 6.18%, Loss: 4.2329
Epoch: 22, Batch: 270, Acc: 6.16%, Loss: 4.2641
Epoch: 22, Batch: 280, Acc: 6.14%, Loss: 4.3030
Epoch: 22, Batch: 290, Acc: 6.15%, Loss: 4.3066
Epoch: 22, Batch: 300, Acc: 6.18%, Loss: 4.2695
Epoch: 22, Batch: 310, Acc: 6.20%, Loss: 4.2820
Epoch: 22, Batch: 320, Acc: 6.17%, Loss: 4.2888
Epoch: 22, Batch: 330, Acc: 6.14%, Loss: 4.2849
Epoch: 22, Batch: 340, Acc: 6.16%, Loss: 4.2152
Epoch: 22, Batch: 350, Acc: 6.21%, Loss: 4.2688
Epoch: 22, Batch: 360, Acc: 6.28%, Loss: 4.2119
Epoch: 22, Batch: 370, Acc: 6.27%, Loss: 4.2963
Epoch: 22, Batch: 380, Acc: 6.24%, Loss: 4.2964
Epoch: 22, Batch: 390, Acc: 6.22%, Loss: 4.2846
Epoch: 22, Batch: 400, Acc: 6.20%, Loss: 4.2410
Epoch: 22, Batch: 410, Acc: 6.20%, Loss: 4.3315
Epoch: 22, Batch: 420, Acc: 6.22%, Loss: 4.3362
Epoch: 22, Batch: 430, Acc: 6.24%, Loss: 4.2503
Epoch: 22, Batch: 440, Acc: 6.21%, Loss: 4.2912
Epoch: 22, Batch: 450, Acc: 6.18%, Loss: 4.3546
Epoch: 22, Batch: 460, Acc: 6.20%, Loss: 4.3032
Epoch: 22, Batch: 470, Acc: 6.18%, Loss: 4.3256
Epoch: 22, Batch: 480, Acc: 6.19%, Loss: 4.3525
Epoch: 22, Batch: 490, Acc: 6.19%, Loss: 4.3076
Epoch: 22, Batch: 500, Acc: 6.17%, Loss: 4.3021
Epoch: 22, Batch: 510, Acc: 6.22%, Loss: 4.2660
Epoch: 22, Batch: 520, Acc: 6.24%, Loss: 4.2297
Epoch: 22, Batch: 530, Acc: 6.18%, Loss: 4.3138
Epoch: 22, Batch: 540, Acc: 6.15%, Loss: 4.2836
Epoch: 22, Batch: 550, Acc: 6.14%, Loss: 4.3141
Epoch: 22, Batch: 560, Acc: 6.14%, Loss: 4.3116
Epoch: 22, Batch: 570, Acc: 6.15%, Loss: 4.2766
Epoch: 22, Batch: 580, Acc: 6.15%, Loss: 4.2992
Epoch: 22, Batch: 590, Acc: 6.13%, Loss: 4.3469
Epoch: 22, Batch: 600, Acc: 6.14%, Loss: 4.2751
Epoch: 22, Batch: 610, Acc: 6.12%, Loss: 4.3434
Epoch: 22, Batch: 620, Acc: 6.13%, Loss: 4.2644
Epoch: 22, Batch: 630, Acc: 6.13%, Loss: 4.2975
Epoch: 22, Batch: 640, Acc: 6.12%, Loss: 4.2618
Epoch: 22, Batch: 650, Acc: 6.14%, Loss: 4.2568
Epoch: 22, Batch: 660, Acc: 6.15%, Loss: 4.2640
Epoch: 22, Batch: 670, Acc: 6.14%, Loss: 4.3317
Epoch: 22, Batch: 680, Acc: 6.13%, Loss: 4.2951
Epoch: 22, Batch: 690, Acc: 6.13%, Loss: 4.3148
Epoch: 22, Batch: 700, Acc: 6.13%, Loss: 4.2749
Epoch: 22, Batch: 710, Acc: 6.12%, Loss: 4.3121
Epoch: 22, Batch: 720, Acc: 6.10%, Loss: 4.2749
Epoch: 22, Batch: 730, Acc: 6.09%, Loss: 4.2916
Epoch: 22, Batch: 740, Acc: 6.09%, Loss: 4.2741
Epoch: 22, Batch: 750, Acc: 6.11%, Loss: 4.2820
Epoch: 22, Batch: 760, Acc: 6.11%, Loss: 4.3186
Epoch: 22, Batch: 770, Acc: 6.09%, Loss: 4.3560
Epoch: 22, Batch: 780, Acc: 6.11%, Loss: 4.3090
Accuracy on test set: 6.04%
Epoch: 23, Batch: 10, Acc: 6.41%, Loss: 4.2925
Epoch: 23, Batch: 20, Acc: 6.09%, Loss: 4.3051
Epoch: 23, Batch: 30, Acc: 6.09%, Loss: 4.2830
Epoch: 23, Batch: 40, Acc: 6.25%, Loss: 4.2888
Epoch: 23, Batch: 50, Acc: 6.19%, Loss: 4.2876
Epoch: 23, Batch: 60, Acc: 6.09%, Loss: 4.2790
Epoch: 23, Batch: 70, Acc: 5.96%, Loss: 4.3153
Epoch: 23, Batch: 80, Acc: 5.84%, Loss: 4.3147
Epoch: 23, Batch: 90, Acc: 5.83%, Loss: 4.2795
Epoch: 23, Batch: 100, Acc: 5.95%, Loss: 4.2696
Epoch: 23, Batch: 110, Acc: 5.94%, Loss: 4.3214
Epoch: 23, Batch: 120, Acc: 6.09%, Loss: 4.2487
Epoch: 23, Batch: 130, Acc: 6.07%, Loss: 4.2765
Epoch: 23, Batch: 140, Acc: 6.04%, Loss: 4.2941
Epoch: 23, Batch: 150, Acc: 5.97%, Loss: 4.3113
Epoch: 23, Batch: 160, Acc: 6.08%, Loss: 4.2472
Epoch: 23, Batch: 170, Acc: 6.15%, Loss: 4.3097
Epoch: 23, Batch: 180, Acc: 6.13%, Loss: 4.3442
Epoch: 23, Batch: 190, Acc: 6.10%, Loss: 4.3024
Epoch: 23, Batch: 200, Acc: 6.02%, Loss: 4.2959
Epoch: 23, Batch: 210, Acc: 6.00%, Loss: 4.2591
Epoch: 23, Batch: 220, Acc: 6.10%, Loss: 4.2526
Epoch: 23, Batch: 230, Acc: 6.15%, Loss: 4.2407
Epoch: 23, Batch: 240, Acc: 6.07%, Loss: 4.3344
Epoch: 23, Batch: 250, Acc: 6.07%, Loss: 4.2617
Epoch: 23, Batch: 260, Acc: 6.08%, Loss: 4.2312
Epoch: 23, Batch: 270, Acc: 6.06%, Loss: 4.3333
Epoch: 23, Batch: 280, Acc: 6.05%, Loss: 4.3124
Epoch: 23, Batch: 290, Acc: 6.06%, Loss: 4.2521
Epoch: 23, Batch: 300, Acc: 6.08%, Loss: 4.2691
Epoch: 23, Batch: 310, Acc: 6.04%, Loss: 4.2867
Epoch: 23, Batch: 320, Acc: 6.06%, Loss: 4.2898
Epoch: 23, Batch: 330, Acc: 6.08%, Loss: 4.3318
Epoch: 23, Batch: 340, Acc: 6.10%, Loss: 4.2398
Epoch: 23, Batch: 350, Acc: 6.07%, Loss: 4.3189
Epoch: 23, Batch: 360, Acc: 6.09%, Loss: 4.2639
Epoch: 23, Batch: 370, Acc: 6.12%, Loss: 4.2983
Epoch: 23, Batch: 380, Acc: 6.14%, Loss: 4.2434
Epoch: 23, Batch: 390, Acc: 6.15%, Loss: 4.2836
Epoch: 23, Batch: 400, Acc: 6.15%, Loss: 4.2953
Epoch: 23, Batch: 410, Acc: 6.20%, Loss: 4.2407
Epoch: 23, Batch: 420, Acc: 6.21%, Loss: 4.2921
Epoch: 23, Batch: 430, Acc: 6.23%, Loss: 4.2903
Epoch: 23, Batch: 440, Acc: 6.21%, Loss: 4.3154
Epoch: 23, Batch: 450, Acc: 6.21%, Loss: 4.2906
Epoch: 23, Batch: 460, Acc: 6.20%, Loss: 4.2922
Epoch: 23, Batch: 470, Acc: 6.21%, Loss: 4.2606
Epoch: 23, Batch: 480, Acc: 6.20%, Loss: 4.2718
Epoch: 23, Batch: 490, Acc: 6.21%, Loss: 4.2647
Epoch: 23, Batch: 500, Acc: 6.20%, Loss: 4.2898
Epoch: 23, Batch: 510, Acc: 6.20%, Loss: 4.3081
Epoch: 23, Batch: 520, Acc: 6.18%, Loss: 4.2778
Epoch: 23, Batch: 530, Acc: 6.16%, Loss: 4.2879
Epoch: 23, Batch: 540, Acc: 6.14%, Loss: 4.3135
Epoch: 23, Batch: 550, Acc: 6.16%, Loss: 4.2901
Epoch: 23, Batch: 560, Acc: 6.15%, Loss: 4.3085
Epoch: 23, Batch: 570, Acc: 6.16%, Loss: 4.2738
Epoch: 23, Batch: 580, Acc: 6.16%, Loss: 4.2871
Epoch: 23, Batch: 590, Acc: 6.15%, Loss: 4.2823
Epoch: 23, Batch: 600, Acc: 6.15%, Loss: 4.2880
Epoch: 23, Batch: 610, Acc: 6.17%, Loss: 4.2511
Epoch: 23, Batch: 620, Acc: 6.16%, Loss: 4.2956
Epoch: 23, Batch: 630, Acc: 6.13%, Loss: 4.3447
Epoch: 23, Batch: 640, Acc: 6.15%, Loss: 4.2766
Epoch: 23, Batch: 650, Acc: 6.13%, Loss: 4.3038
Epoch: 23, Batch: 660, Acc: 6.11%, Loss: 4.3174
Epoch: 23, Batch: 670, Acc: 6.12%, Loss: 4.2773
Epoch: 23, Batch: 680, Acc: 6.08%, Loss: 4.3065
Epoch: 23, Batch: 690, Acc: 6.08%, Loss: 4.2888
Epoch: 23, Batch: 700, Acc: 6.08%, Loss: 4.2858
Epoch: 23, Batch: 710, Acc: 6.07%, Loss: 4.2947
Epoch: 23, Batch: 720, Acc: 6.06%, Loss: 4.3302
Epoch: 23, Batch: 730, Acc: 6.09%, Loss: 4.2917
Epoch: 23, Batch: 740, Acc: 6.11%, Loss: 4.2478
Epoch: 23, Batch: 750, Acc: 6.12%, Loss: 4.2849
Epoch: 23, Batch: 760, Acc: 6.12%, Loss: 4.3008
Epoch: 23, Batch: 770, Acc: 6.11%, Loss: 4.2409
Epoch: 23, Batch: 780, Acc: 6.12%, Loss: 4.2831
Accuracy on test set: 6.19%
Epoch: 24, Batch: 10, Acc: 5.94%, Loss: 4.3044
Epoch: 24, Batch: 20, Acc: 5.39%, Loss: 4.2571
Epoch: 24, Batch: 30, Acc: 5.89%, Loss: 4.3008
Epoch: 24, Batch: 40, Acc: 5.86%, Loss: 4.3353
Epoch: 24, Batch: 50, Acc: 6.00%, Loss: 4.2953
Epoch: 24, Batch: 60, Acc: 5.99%, Loss: 4.2584
Epoch: 24, Batch: 70, Acc: 6.23%, Loss: 4.2887
Epoch: 24, Batch: 80, Acc: 6.27%, Loss: 4.2949
Epoch: 24, Batch: 90, Acc: 6.18%, Loss: 4.3347
Epoch: 24, Batch: 100, Acc: 6.00%, Loss: 4.2834
Epoch: 24, Batch: 110, Acc: 6.12%, Loss: 4.2319
Epoch: 24, Batch: 120, Acc: 6.11%, Loss: 4.3084
Epoch: 24, Batch: 130, Acc: 6.08%, Loss: 4.2669
Epoch: 24, Batch: 140, Acc: 6.08%, Loss: 4.2978
Epoch: 24, Batch: 150, Acc: 5.98%, Loss: 4.3105
Epoch: 24, Batch: 160, Acc: 6.11%, Loss: 4.2287
Epoch: 24, Batch: 170, Acc: 6.08%, Loss: 4.3078
Epoch: 24, Batch: 180, Acc: 6.12%, Loss: 4.2620
Epoch: 24, Batch: 190, Acc: 6.16%, Loss: 4.2426
Epoch: 24, Batch: 200, Acc: 6.14%, Loss: 4.2860
Epoch: 24, Batch: 210, Acc: 6.14%, Loss: 4.2914
Epoch: 24, Batch: 220, Acc: 6.12%, Loss: 4.2756
Epoch: 24, Batch: 230, Acc: 6.15%, Loss: 4.2874
Epoch: 24, Batch: 240, Acc: 6.18%, Loss: 4.2612
Epoch: 24, Batch: 250, Acc: 6.17%, Loss: 4.2490
Epoch: 24, Batch: 260, Acc: 6.23%, Loss: 4.2694
Epoch: 24, Batch: 270, Acc: 6.20%, Loss: 4.2818
Epoch: 24, Batch: 280, Acc: 6.21%, Loss: 4.2875
Epoch: 24, Batch: 290, Acc: 6.23%, Loss: 4.2402
Epoch: 24, Batch: 300, Acc: 6.20%, Loss: 4.2707
Epoch: 24, Batch: 310, Acc: 6.21%, Loss: 4.3195
Epoch: 24, Batch: 320, Acc: 6.19%, Loss: 4.3237
Epoch: 24, Batch: 330, Acc: 6.19%, Loss: 4.2910
Epoch: 24, Batch: 340, Acc: 6.24%, Loss: 4.2941
Epoch: 24, Batch: 350, Acc: 6.21%, Loss: 4.2658
Epoch: 24, Batch: 360, Acc: 6.21%, Loss: 4.3169
Epoch: 24, Batch: 370, Acc: 6.20%, Loss: 4.3039
Epoch: 24, Batch: 380, Acc: 6.18%, Loss: 4.2850
Epoch: 24, Batch: 390, Acc: 6.16%, Loss: 4.2633
Epoch: 24, Batch: 400, Acc: 6.11%, Loss: 4.3361
Epoch: 24, Batch: 410, Acc: 6.10%, Loss: 4.3283
Epoch: 24, Batch: 420, Acc: 6.11%, Loss: 4.3089
Epoch: 24, Batch: 430, Acc: 6.15%, Loss: 4.2513
Epoch: 24, Batch: 440, Acc: 6.16%, Loss: 4.2897
Epoch: 24, Batch: 450, Acc: 6.15%, Loss: 4.2708
Epoch: 24, Batch: 460, Acc: 6.13%, Loss: 4.3176
Epoch: 24, Batch: 470, Acc: 6.13%, Loss: 4.3040
Epoch: 24, Batch: 480, Acc: 6.16%, Loss: 4.2752
Epoch: 24, Batch: 490, Acc: 6.18%, Loss: 4.2909
Epoch: 24, Batch: 500, Acc: 6.18%, Loss: 4.2886
Epoch: 24, Batch: 510, Acc: 6.17%, Loss: 4.2828
Epoch: 24, Batch: 520, Acc: 6.18%, Loss: 4.2760
Epoch: 24, Batch: 530, Acc: 6.20%, Loss: 4.3011
Epoch: 24, Batch: 540, Acc: 6.20%, Loss: 4.2847
Epoch: 24, Batch: 550, Acc: 6.16%, Loss: 4.2914
Epoch: 24, Batch: 560, Acc: 6.15%, Loss: 4.2634
Epoch: 24, Batch: 570, Acc: 6.14%, Loss: 4.3088
Epoch: 24, Batch: 580, Acc: 6.12%, Loss: 4.2504
Epoch: 24, Batch: 590, Acc: 6.13%, Loss: 4.2819
Epoch: 24, Batch: 600, Acc: 6.12%, Loss: 4.2927
Epoch: 24, Batch: 610, Acc: 6.11%, Loss: 4.3204
Epoch: 24, Batch: 620, Acc: 6.12%, Loss: 4.2522
Epoch: 24, Batch: 630, Acc: 6.11%, Loss: 4.2902
Epoch: 24, Batch: 640, Acc: 6.10%, Loss: 4.3235
Epoch: 24, Batch: 650, Acc: 6.12%, Loss: 4.2770
Epoch: 24, Batch: 660, Acc: 6.11%, Loss: 4.2773
Epoch: 24, Batch: 670, Acc: 6.10%, Loss: 4.3084
Epoch: 24, Batch: 680, Acc: 6.11%, Loss: 4.2710
Epoch: 24, Batch: 690, Acc: 6.12%, Loss: 4.2686
Epoch: 24, Batch: 700, Acc: 6.13%, Loss: 4.2688
Epoch: 24, Batch: 710, Acc: 6.12%, Loss: 4.2669
Epoch: 24, Batch: 720, Acc: 6.13%, Loss: 4.2691
Epoch: 24, Batch: 730, Acc: 6.13%, Loss: 4.2807
Epoch: 24, Batch: 740, Acc: 6.14%, Loss: 4.2728
Epoch: 24, Batch: 750, Acc: 6.14%, Loss: 4.3032
Epoch: 24, Batch: 760, Acc: 6.14%, Loss: 4.2592
Epoch: 24, Batch: 770, Acc: 6.15%, Loss: 4.3089
Epoch: 24, Batch: 780, Acc: 6.16%, Loss: 4.2382
Accuracy on test set: 6.15%
Epoch: 25, Batch: 10, Acc: 4.84%, Loss: 4.3575
Epoch: 25, Batch: 20, Acc: 5.16%, Loss: 4.2992
Epoch: 25, Batch: 30, Acc: 5.21%, Loss: 4.2747
Epoch: 25, Batch: 40, Acc: 5.47%, Loss: 4.2605
Epoch: 25, Batch: 50, Acc: 5.66%, Loss: 4.2627
Epoch: 25, Batch: 60, Acc: 5.78%, Loss: 4.2726
Epoch: 25, Batch: 70, Acc: 6.12%, Loss: 4.3170
Epoch: 25, Batch: 80, Acc: 6.23%, Loss: 4.2894
Epoch: 25, Batch: 90, Acc: 6.11%, Loss: 4.3164
Epoch: 25, Batch: 100, Acc: 6.20%, Loss: 4.2454
Epoch: 25, Batch: 110, Acc: 6.19%, Loss: 4.3051
Epoch: 25, Batch: 120, Acc: 6.24%, Loss: 4.2955
Epoch: 25, Batch: 130, Acc: 6.08%, Loss: 4.2895
Epoch: 25, Batch: 140, Acc: 6.18%, Loss: 4.2511
Epoch: 25, Batch: 150, Acc: 6.18%, Loss: 4.3198
Epoch: 25, Batch: 160, Acc: 6.15%, Loss: 4.3166
Epoch: 25, Batch: 170, Acc: 6.08%, Loss: 4.2934
Epoch: 25, Batch: 180, Acc: 6.11%, Loss: 4.2634
Epoch: 25, Batch: 190, Acc: 6.13%, Loss: 4.2804
Epoch: 25, Batch: 200, Acc: 6.15%, Loss: 4.2978
Epoch: 25, Batch: 210, Acc: 6.10%, Loss: 4.3265
Epoch: 25, Batch: 220, Acc: 6.09%, Loss: 4.3194
Epoch: 25, Batch: 230, Acc: 6.06%, Loss: 4.3146
Epoch: 25, Batch: 240, Acc: 6.07%, Loss: 4.2511
Epoch: 25, Batch: 250, Acc: 6.05%, Loss: 4.2641
Epoch: 25, Batch: 260, Acc: 6.09%, Loss: 4.2443
Epoch: 25, Batch: 270, Acc: 6.10%, Loss: 4.3011
Epoch: 25, Batch: 280, Acc: 6.05%, Loss: 4.2736
Epoch: 25, Batch: 290, Acc: 6.05%, Loss: 4.3149
Epoch: 25, Batch: 300, Acc: 6.05%, Loss: 4.2772
Epoch: 25, Batch: 310, Acc: 6.05%, Loss: 4.2814
Epoch: 25, Batch: 320, Acc: 6.05%, Loss: 4.2929
Epoch: 25, Batch: 330, Acc: 6.06%, Loss: 4.2994
Epoch: 25, Batch: 340, Acc: 6.11%, Loss: 4.2810
Epoch: 25, Batch: 350, Acc: 6.06%, Loss: 4.3278
Epoch: 25, Batch: 360, Acc: 6.06%, Loss: 4.2482
Epoch: 25, Batch: 370, Acc: 6.10%, Loss: 4.2555
Epoch: 25, Batch: 380, Acc: 6.13%, Loss: 4.2647
Epoch: 25, Batch: 390, Acc: 6.11%, Loss: 4.3137
Epoch: 25, Batch: 400, Acc: 6.11%, Loss: 4.2947
Epoch: 25, Batch: 410, Acc: 6.13%, Loss: 4.2596
Epoch: 25, Batch: 420, Acc: 6.16%, Loss: 4.2908
Epoch: 25, Batch: 430, Acc: 6.13%, Loss: 4.2898
Epoch: 25, Batch: 440, Acc: 6.13%, Loss: 4.2766
Epoch: 25, Batch: 450, Acc: 6.11%, Loss: 4.2631
Epoch: 25, Batch: 460, Acc: 6.12%, Loss: 4.2419
Epoch: 25, Batch: 470, Acc: 6.10%, Loss: 4.2951
Epoch: 25, Batch: 480, Acc: 6.08%, Loss: 4.3326
Epoch: 25, Batch: 490, Acc: 6.11%, Loss: 4.2147
Epoch: 25, Batch: 500, Acc: 6.12%, Loss: 4.2548
Epoch: 25, Batch: 510, Acc: 6.13%, Loss: 4.2646
Epoch: 25, Batch: 520, Acc: 6.14%, Loss: 4.2848
Epoch: 25, Batch: 530, Acc: 6.17%, Loss: 4.2339
Epoch: 25, Batch: 540, Acc: 6.20%, Loss: 4.2544
Epoch: 25, Batch: 550, Acc: 6.21%, Loss: 4.2720
Epoch: 25, Batch: 560, Acc: 6.21%, Loss: 4.3047
Epoch: 25, Batch: 570, Acc: 6.21%, Loss: 4.2378
Epoch: 25, Batch: 580, Acc: 6.20%, Loss: 4.2752
Epoch: 25, Batch: 590, Acc: 6.21%, Loss: 4.2894
Epoch: 25, Batch: 600, Acc: 6.21%, Loss: 4.3004
Epoch: 25, Batch: 610, Acc: 6.22%, Loss: 4.2712
Epoch: 25, Batch: 620, Acc: 6.20%, Loss: 4.2845
Epoch: 25, Batch: 630, Acc: 6.21%, Loss: 4.2921
Epoch: 25, Batch: 640, Acc: 6.22%, Loss: 4.2470
Epoch: 25, Batch: 650, Acc: 6.21%, Loss: 4.2815
Epoch: 25, Batch: 660, Acc: 6.20%, Loss: 4.2938
Epoch: 25, Batch: 670, Acc: 6.22%, Loss: 4.2575
Epoch: 25, Batch: 680, Acc: 6.22%, Loss: 4.2639
Epoch: 25, Batch: 690, Acc: 6.21%, Loss: 4.2712
Epoch: 25, Batch: 700, Acc: 6.20%, Loss: 4.3374
Epoch: 25, Batch: 710, Acc: 6.20%, Loss: 4.2569
Epoch: 25, Batch: 720, Acc: 6.19%, Loss: 4.2984
Epoch: 25, Batch: 730, Acc: 6.19%, Loss: 4.2873
Epoch: 25, Batch: 740, Acc: 6.19%, Loss: 4.2568
Epoch: 25, Batch: 750, Acc: 6.19%, Loss: 4.2743
Epoch: 25, Batch: 760, Acc: 6.20%, Loss: 4.3009
Epoch: 25, Batch: 770, Acc: 6.20%, Loss: 4.2953
Epoch: 25, Batch: 780, Acc: 6.16%, Loss: 4.3253
Accuracy on test set: 6.23%
Epoch: 26, Batch: 10, Acc: 6.41%, Loss: 4.2402
Epoch: 26, Batch: 20, Acc: 6.80%, Loss: 4.2645
Epoch: 26, Batch: 30, Acc: 6.46%, Loss: 4.3251
Epoch: 26, Batch: 40, Acc: 6.21%, Loss: 4.2864
Epoch: 26, Batch: 50, Acc: 6.03%, Loss: 4.2485
Epoch: 26, Batch: 60, Acc: 6.43%, Loss: 4.2325
Epoch: 26, Batch: 70, Acc: 6.50%, Loss: 4.2623
Epoch: 26, Batch: 80, Acc: 6.54%, Loss: 4.2388
Epoch: 26, Batch: 90, Acc: 6.56%, Loss: 4.2543
Epoch: 26, Batch: 100, Acc: 6.50%, Loss: 4.3338
Epoch: 26, Batch: 110, Acc: 6.55%, Loss: 4.3057
Epoch: 26, Batch: 120, Acc: 6.47%, Loss: 4.2940
Epoch: 26, Batch: 130, Acc: 6.47%, Loss: 4.2982
Epoch: 26, Batch: 140, Acc: 6.43%, Loss: 4.2672
Epoch: 26, Batch: 150, Acc: 6.51%, Loss: 4.2274
Epoch: 26, Batch: 160, Acc: 6.53%, Loss: 4.2877
Epoch: 26, Batch: 170, Acc: 6.42%, Loss: 4.2836
Epoch: 26, Batch: 180, Acc: 6.35%, Loss: 4.3112
Epoch: 26, Batch: 190, Acc: 6.38%, Loss: 4.2344
Epoch: 26, Batch: 200, Acc: 6.30%, Loss: 4.3028
Epoch: 26, Batch: 210, Acc: 6.30%, Loss: 4.2540
Epoch: 26, Batch: 220, Acc: 6.35%, Loss: 4.2381
Epoch: 26, Batch: 230, Acc: 6.38%, Loss: 4.2838
Epoch: 26, Batch: 240, Acc: 6.33%, Loss: 4.3584
Epoch: 26, Batch: 250, Acc: 6.33%, Loss: 4.2137
Epoch: 26, Batch: 260, Acc: 6.35%, Loss: 4.2723
Epoch: 26, Batch: 270, Acc: 6.32%, Loss: 4.3183
Epoch: 26, Batch: 280, Acc: 6.24%, Loss: 4.2769
Epoch: 26, Batch: 290, Acc: 6.30%, Loss: 4.2418
Epoch: 26, Batch: 300, Acc: 6.30%, Loss: 4.2448
Epoch: 26, Batch: 310, Acc: 6.33%, Loss: 4.2989
Epoch: 26, Batch: 320, Acc: 6.34%, Loss: 4.2581
Epoch: 26, Batch: 330, Acc: 6.27%, Loss: 4.3330
Epoch: 26, Batch: 340, Acc: 6.25%, Loss: 4.2666
Epoch: 26, Batch: 350, Acc: 6.20%, Loss: 4.3056
Epoch: 26, Batch: 360, Acc: 6.16%, Loss: 4.3104
Epoch: 26, Batch: 370, Acc: 6.13%, Loss: 4.2756
Epoch: 26, Batch: 380, Acc: 6.11%, Loss: 4.2792
Epoch: 26, Batch: 390, Acc: 6.14%, Loss: 4.2556
Epoch: 26, Batch: 400, Acc: 6.12%, Loss: 4.2829
Epoch: 26, Batch: 410, Acc: 6.10%, Loss: 4.2966
Epoch: 26, Batch: 420, Acc: 6.11%, Loss: 4.2507
Epoch: 26, Batch: 430, Acc: 6.10%, Loss: 4.3238
Epoch: 26, Batch: 440, Acc: 6.13%, Loss: 4.2971
Epoch: 26, Batch: 450, Acc: 6.12%, Loss: 4.3246
Epoch: 26, Batch: 460, Acc: 6.13%, Loss: 4.2627
Epoch: 26, Batch: 470, Acc: 6.12%, Loss: 4.3243
Epoch: 26, Batch: 480, Acc: 6.13%, Loss: 4.2716
Epoch: 26, Batch: 490, Acc: 6.14%, Loss: 4.2724
Epoch: 26, Batch: 500, Acc: 6.14%, Loss: 4.2919
Epoch: 26, Batch: 510, Acc: 6.13%, Loss: 4.2802
Epoch: 26, Batch: 520, Acc: 6.11%, Loss: 4.3030
Epoch: 26, Batch: 530, Acc: 6.13%, Loss: 4.2923
Epoch: 26, Batch: 540, Acc: 6.09%, Loss: 4.3380
Epoch: 26, Batch: 550, Acc: 6.07%, Loss: 4.3063
Epoch: 26, Batch: 560, Acc: 6.07%, Loss: 4.2948
Epoch: 26, Batch: 570, Acc: 6.08%, Loss: 4.2923
Epoch: 26, Batch: 580, Acc: 6.08%, Loss: 4.2652
Epoch: 26, Batch: 590, Acc: 6.10%, Loss: 4.2790
Epoch: 26, Batch: 600, Acc: 6.10%, Loss: 4.2564
Epoch: 26, Batch: 610, Acc: 6.09%, Loss: 4.2769
Epoch: 26, Batch: 620, Acc: 6.11%, Loss: 4.2905
Epoch: 26, Batch: 630, Acc: 6.13%, Loss: 4.2355
Epoch: 26, Batch: 640, Acc: 6.14%, Loss: 4.2708
Epoch: 26, Batch: 650, Acc: 6.12%, Loss: 4.3051
Epoch: 26, Batch: 660, Acc: 6.10%, Loss: 4.2942
Epoch: 26, Batch: 670, Acc: 6.12%, Loss: 4.2753
Epoch: 26, Batch: 680, Acc: 6.09%, Loss: 4.2861
Epoch: 26, Batch: 690, Acc: 6.10%, Loss: 4.2977
Epoch: 26, Batch: 700, Acc: 6.11%, Loss: 4.2489
Epoch: 26, Batch: 710, Acc: 6.10%, Loss: 4.2903
Epoch: 26, Batch: 720, Acc: 6.09%, Loss: 4.3243
Epoch: 26, Batch: 730, Acc: 6.10%, Loss: 4.2917
Epoch: 26, Batch: 740, Acc: 6.11%, Loss: 4.2830
Epoch: 26, Batch: 750, Acc: 6.13%, Loss: 4.2434
Epoch: 26, Batch: 760, Acc: 6.14%, Loss: 4.2733
Epoch: 26, Batch: 770, Acc: 6.12%, Loss: 4.2861
Epoch: 26, Batch: 780, Acc: 6.14%, Loss: 4.2460
Accuracy on test set: 6.26%
Epoch: 27, Batch: 10, Acc: 5.16%, Loss: 4.3120
Epoch: 27, Batch: 20, Acc: 5.55%, Loss: 4.2887
Epoch: 27, Batch: 30, Acc: 6.09%, Loss: 4.2861
Epoch: 27, Batch: 40, Acc: 6.13%, Loss: 4.2935
Epoch: 27, Batch: 50, Acc: 6.41%, Loss: 4.2264
Epoch: 27, Batch: 60, Acc: 6.51%, Loss: 4.2815
Epoch: 27, Batch: 70, Acc: 6.50%, Loss: 4.2958
Epoch: 27, Batch: 80, Acc: 6.35%, Loss: 4.2856
Epoch: 27, Batch: 90, Acc: 6.22%, Loss: 4.3097
Epoch: 27, Batch: 100, Acc: 6.12%, Loss: 4.3025
Epoch: 27, Batch: 110, Acc: 6.16%, Loss: 4.2848
Epoch: 27, Batch: 120, Acc: 6.08%, Loss: 4.2887
Epoch: 27, Batch: 130, Acc: 6.06%, Loss: 4.2877
Epoch: 27, Batch: 140, Acc: 5.97%, Loss: 4.2954
Epoch: 27, Batch: 150, Acc: 5.94%, Loss: 4.3001
Epoch: 27, Batch: 160, Acc: 5.98%, Loss: 4.2831
Epoch: 27, Batch: 170, Acc: 6.04%, Loss: 4.3000
Epoch: 27, Batch: 180, Acc: 5.98%, Loss: 4.3279
Epoch: 27, Batch: 190, Acc: 5.97%, Loss: 4.2609
Epoch: 27, Batch: 200, Acc: 5.92%, Loss: 4.2901
Epoch: 27, Batch: 210, Acc: 5.88%, Loss: 4.3166
Epoch: 27, Batch: 220, Acc: 5.90%, Loss: 4.3020
Epoch: 27, Batch: 230, Acc: 5.92%, Loss: 4.2633
Epoch: 27, Batch: 240, Acc: 6.01%, Loss: 4.2830
Epoch: 27, Batch: 250, Acc: 6.01%, Loss: 4.2879
Epoch: 27, Batch: 260, Acc: 6.01%, Loss: 4.2945
Epoch: 27, Batch: 270, Acc: 6.02%, Loss: 4.2800
Epoch: 27, Batch: 280, Acc: 5.97%, Loss: 4.3070
Epoch: 27, Batch: 290, Acc: 5.95%, Loss: 4.3144
Epoch: 27, Batch: 300, Acc: 5.96%, Loss: 4.2783
Epoch: 27, Batch: 310, Acc: 5.97%, Loss: 4.2523
Epoch: 27, Batch: 320, Acc: 6.01%, Loss: 4.2271
Epoch: 27, Batch: 330, Acc: 6.04%, Loss: 4.2707
Epoch: 27, Batch: 340, Acc: 6.06%, Loss: 4.2609
Epoch: 27, Batch: 350, Acc: 6.06%, Loss: 4.2844
Epoch: 27, Batch: 360, Acc: 6.06%, Loss: 4.2909
Epoch: 27, Batch: 370, Acc: 6.05%, Loss: 4.2665
Epoch: 27, Batch: 380, Acc: 6.07%, Loss: 4.2805
Epoch: 27, Batch: 390, Acc: 6.08%, Loss: 4.3028
Epoch: 27, Batch: 400, Acc: 6.13%, Loss: 4.2714
Epoch: 27, Batch: 410, Acc: 6.10%, Loss: 4.3114
Epoch: 27, Batch: 420, Acc: 6.10%, Loss: 4.2435
Epoch: 27, Batch: 430, Acc: 6.08%, Loss: 4.2756
Epoch: 27, Batch: 440, Acc: 6.05%, Loss: 4.2817
Epoch: 27, Batch: 450, Acc: 6.05%, Loss: 4.2819
Epoch: 27, Batch: 460, Acc: 6.04%, Loss: 4.3070
Epoch: 27, Batch: 470, Acc: 6.06%, Loss: 4.2648
Epoch: 27, Batch: 480, Acc: 6.08%, Loss: 4.2375
Epoch: 27, Batch: 490, Acc: 6.14%, Loss: 4.2294
Epoch: 27, Batch: 500, Acc: 6.15%, Loss: 4.2601
Epoch: 27, Batch: 510, Acc: 6.17%, Loss: 4.2835
Epoch: 27, Batch: 520, Acc: 6.17%, Loss: 4.2412
Epoch: 27, Batch: 530, Acc: 6.18%, Loss: 4.2641
Epoch: 27, Batch: 540, Acc: 6.18%, Loss: 4.2600
Epoch: 27, Batch: 550, Acc: 6.19%, Loss: 4.2960
Epoch: 27, Batch: 560, Acc: 6.16%, Loss: 4.2936
Epoch: 27, Batch: 570, Acc: 6.19%, Loss: 4.2347
Epoch: 27, Batch: 580, Acc: 6.17%, Loss: 4.3276
Epoch: 27, Batch: 590, Acc: 6.16%, Loss: 4.3295
Epoch: 27, Batch: 600, Acc: 6.16%, Loss: 4.2590
Epoch: 27, Batch: 610, Acc: 6.13%, Loss: 4.3032
Epoch: 27, Batch: 620, Acc: 6.16%, Loss: 4.2680
Epoch: 27, Batch: 630, Acc: 6.14%, Loss: 4.3356
Epoch: 27, Batch: 640, Acc: 6.14%, Loss: 4.2920
Epoch: 27, Batch: 650, Acc: 6.15%, Loss: 4.2597
Epoch: 27, Batch: 660, Acc: 6.17%, Loss: 4.2445
Epoch: 27, Batch: 670, Acc: 6.19%, Loss: 4.2425
Epoch: 27, Batch: 680, Acc: 6.21%, Loss: 4.2126
Epoch: 27, Batch: 690, Acc: 6.20%, Loss: 4.3208
Epoch: 27, Batch: 700, Acc: 6.21%, Loss: 4.2302
Epoch: 27, Batch: 710, Acc: 6.21%, Loss: 4.2706
Epoch: 27, Batch: 720, Acc: 6.24%, Loss: 4.2775
Epoch: 27, Batch: 730, Acc: 6.24%, Loss: 4.2831
Epoch: 27, Batch: 740, Acc: 6.24%, Loss: 4.2749
Epoch: 27, Batch: 750, Acc: 6.24%, Loss: 4.2980
Epoch: 27, Batch: 760, Acc: 6.24%, Loss: 4.2765
Epoch: 27, Batch: 770, Acc: 6.26%, Loss: 4.2387
Epoch: 27, Batch: 780, Acc: 6.28%, Loss: 4.2181
Accuracy on test set: 6.22%
Epoch: 28, Batch: 10, Acc: 4.69%, Loss: 4.3381
Epoch: 28, Batch: 20, Acc: 5.39%, Loss: 4.2964
Epoch: 28, Batch: 30, Acc: 6.56%, Loss: 4.2403
Epoch: 28, Batch: 40, Acc: 6.80%, Loss: 4.2339
Epoch: 28, Batch: 50, Acc: 6.59%, Loss: 4.2607
Epoch: 28, Batch: 60, Acc: 6.54%, Loss: 4.2637
Epoch: 28, Batch: 70, Acc: 6.63%, Loss: 4.2619
Epoch: 28, Batch: 80, Acc: 6.46%, Loss: 4.3067
Epoch: 28, Batch: 90, Acc: 6.37%, Loss: 4.3027
Epoch: 28, Batch: 100, Acc: 6.33%, Loss: 4.2581
Epoch: 28, Batch: 110, Acc: 6.25%, Loss: 4.2658
Epoch: 28, Batch: 120, Acc: 6.22%, Loss: 4.3180
Epoch: 28, Batch: 130, Acc: 6.35%, Loss: 4.2658
Epoch: 28, Batch: 140, Acc: 6.36%, Loss: 4.3249
Epoch: 28, Batch: 150, Acc: 6.36%, Loss: 4.3126
Epoch: 28, Batch: 160, Acc: 6.38%, Loss: 4.2538
Epoch: 28, Batch: 170, Acc: 6.29%, Loss: 4.2943
Epoch: 28, Batch: 180, Acc: 6.26%, Loss: 4.2795
Epoch: 28, Batch: 190, Acc: 6.32%, Loss: 4.2506
Epoch: 28, Batch: 200, Acc: 6.30%, Loss: 4.3208
Epoch: 28, Batch: 210, Acc: 6.33%, Loss: 4.2644
Epoch: 28, Batch: 220, Acc: 6.33%, Loss: 4.2631
Epoch: 28, Batch: 230, Acc: 6.30%, Loss: 4.2723
Epoch: 28, Batch: 240, Acc: 6.29%, Loss: 4.2495
Epoch: 28, Batch: 250, Acc: 6.26%, Loss: 4.2465
Epoch: 28, Batch: 260, Acc: 6.32%, Loss: 4.2321
Epoch: 28, Batch: 270, Acc: 6.27%, Loss: 4.2527
Epoch: 28, Batch: 280, Acc: 6.33%, Loss: 4.2746
Epoch: 28, Batch: 290, Acc: 6.36%, Loss: 4.2227
Epoch: 28, Batch: 300, Acc: 6.30%, Loss: 4.3121
Epoch: 28, Batch: 310, Acc: 6.28%, Loss: 4.2582
Epoch: 28, Batch: 320, Acc: 6.27%, Loss: 4.2746
Epoch: 28, Batch: 330, Acc: 6.23%, Loss: 4.2820
Epoch: 28, Batch: 340, Acc: 6.28%, Loss: 4.2721
Epoch: 28, Batch: 350, Acc: 6.30%, Loss: 4.2746
Epoch: 28, Batch: 360, Acc: 6.34%, Loss: 4.2415
Epoch: 28, Batch: 370, Acc: 6.37%, Loss: 4.2617
Epoch: 28, Batch: 380, Acc: 6.34%, Loss: 4.2958
Epoch: 28, Batch: 390, Acc: 6.35%, Loss: 4.2631
Epoch: 28, Batch: 400, Acc: 6.29%, Loss: 4.2883
Epoch: 28, Batch: 410, Acc: 6.28%, Loss: 4.2648
Epoch: 28, Batch: 420, Acc: 6.27%, Loss: 4.2609
Epoch: 28, Batch: 430, Acc: 6.23%, Loss: 4.2635
Epoch: 28, Batch: 440, Acc: 6.24%, Loss: 4.2725
Epoch: 28, Batch: 450, Acc: 6.27%, Loss: 4.2410
Epoch: 28, Batch: 460, Acc: 6.26%, Loss: 4.2592
Epoch: 28, Batch: 470, Acc: 6.30%, Loss: 4.2619
Epoch: 28, Batch: 480, Acc: 6.31%, Loss: 4.2761
Epoch: 28, Batch: 490, Acc: 6.29%, Loss: 4.2813
Epoch: 28, Batch: 500, Acc: 6.28%, Loss: 4.2762
Epoch: 28, Batch: 510, Acc: 6.27%, Loss: 4.3009
Epoch: 28, Batch: 520, Acc: 6.28%, Loss: 4.3024
Epoch: 28, Batch: 530, Acc: 6.30%, Loss: 4.2626
Epoch: 28, Batch: 540, Acc: 6.32%, Loss: 4.2922
Epoch: 28, Batch: 550, Acc: 6.33%, Loss: 4.2961
Epoch: 28, Batch: 560, Acc: 6.33%, Loss: 4.2473
Epoch: 28, Batch: 570, Acc: 6.32%, Loss: 4.3085
Epoch: 28, Batch: 580, Acc: 6.30%, Loss: 4.3237
Epoch: 28, Batch: 590, Acc: 6.32%, Loss: 4.2458
Epoch: 28, Batch: 600, Acc: 6.32%, Loss: 4.2713
Epoch: 28, Batch: 610, Acc: 6.33%, Loss: 4.2834
Epoch: 28, Batch: 620, Acc: 6.31%, Loss: 4.3319
Epoch: 28, Batch: 630, Acc: 6.30%, Loss: 4.2593
Epoch: 28, Batch: 640, Acc: 6.27%, Loss: 4.3227
Epoch: 28, Batch: 650, Acc: 6.30%, Loss: 4.2731
Epoch: 28, Batch: 660, Acc: 6.27%, Loss: 4.3306
Epoch: 28, Batch: 670, Acc: 6.27%, Loss: 4.2701
Epoch: 28, Batch: 680, Acc: 6.27%, Loss: 4.2776
Epoch: 28, Batch: 690, Acc: 6.27%, Loss: 4.3066
Epoch: 28, Batch: 700, Acc: 6.25%, Loss: 4.3001
Epoch: 28, Batch: 710, Acc: 6.27%, Loss: 4.2650
Epoch: 28, Batch: 720, Acc: 6.29%, Loss: 4.2382
Epoch: 28, Batch: 730, Acc: 6.27%, Loss: 4.2876
Epoch: 28, Batch: 740, Acc: 6.27%, Loss: 4.2740
Epoch: 28, Batch: 750, Acc: 6.25%, Loss: 4.3029
Epoch: 28, Batch: 760, Acc: 6.26%, Loss: 4.2771
Epoch: 28, Batch: 770, Acc: 6.26%, Loss: 4.2378
Epoch: 28, Batch: 780, Acc: 6.26%, Loss: 4.2958
Accuracy on test set: 6.43%
Epoch: 29, Batch: 10, Acc: 7.19%, Loss: 4.2431
Epoch: 29, Batch: 20, Acc: 7.11%, Loss: 4.2784
Epoch: 29, Batch: 30, Acc: 6.77%, Loss: 4.2705
Epoch: 29, Batch: 40, Acc: 6.48%, Loss: 4.3071
Epoch: 29, Batch: 50, Acc: 6.25%, Loss: 4.3009
Epoch: 29, Batch: 60, Acc: 6.09%, Loss: 4.2847
Epoch: 29, Batch: 70, Acc: 6.25%, Loss: 4.2782
Epoch: 29, Batch: 80, Acc: 6.27%, Loss: 4.2484
Epoch: 29, Batch: 90, Acc: 6.27%, Loss: 4.2350
Epoch: 29, Batch: 100, Acc: 6.23%, Loss: 4.2835
Epoch: 29, Batch: 110, Acc: 6.26%, Loss: 4.2703
Epoch: 29, Batch: 120, Acc: 6.20%, Loss: 4.3409
Epoch: 29, Batch: 130, Acc: 6.18%, Loss: 4.2949
Epoch: 29, Batch: 140, Acc: 6.26%, Loss: 4.2891
Epoch: 29, Batch: 150, Acc: 6.36%, Loss: 4.2316
Epoch: 29, Batch: 160, Acc: 6.39%, Loss: 4.2760
Epoch: 29, Batch: 170, Acc: 6.41%, Loss: 4.2685
Epoch: 29, Batch: 180, Acc: 6.40%, Loss: 4.2883
Epoch: 29, Batch: 190, Acc: 6.40%, Loss: 4.2747
Epoch: 29, Batch: 200, Acc: 6.39%, Loss: 4.2878
Epoch: 29, Batch: 210, Acc: 6.38%, Loss: 4.2671
Epoch: 29, Batch: 220, Acc: 6.46%, Loss: 4.2851
Epoch: 29, Batch: 230, Acc: 6.51%, Loss: 4.2039
Epoch: 29, Batch: 240, Acc: 6.45%, Loss: 4.2623
Epoch: 29, Batch: 250, Acc: 6.44%, Loss: 4.2579
Epoch: 29, Batch: 260, Acc: 6.43%, Loss: 4.2829
Epoch: 29, Batch: 270, Acc: 6.50%, Loss: 4.2725
Epoch: 29, Batch: 280, Acc: 6.52%, Loss: 4.3130
Epoch: 29, Batch: 290, Acc: 6.55%, Loss: 4.2627
Epoch: 29, Batch: 300, Acc: 6.56%, Loss: 4.2365
Epoch: 29, Batch: 310, Acc: 6.56%, Loss: 4.2257
Epoch: 29, Batch: 320, Acc: 6.54%, Loss: 4.2872
Epoch: 29, Batch: 330, Acc: 6.51%, Loss: 4.2797
Epoch: 29, Batch: 340, Acc: 6.43%, Loss: 4.2582
Epoch: 29, Batch: 350, Acc: 6.44%, Loss: 4.2551
Epoch: 29, Batch: 360, Acc: 6.43%, Loss: 4.2564
Epoch: 29, Batch: 370, Acc: 6.43%, Loss: 4.2859
Epoch: 29, Batch: 380, Acc: 6.41%, Loss: 4.2964
Epoch: 29, Batch: 390, Acc: 6.38%, Loss: 4.3145
Epoch: 29, Batch: 400, Acc: 6.38%, Loss: 4.2598
Epoch: 29, Batch: 410, Acc: 6.39%, Loss: 4.2642
Epoch: 29, Batch: 420, Acc: 6.35%, Loss: 4.2846
Epoch: 29, Batch: 430, Acc: 6.37%, Loss: 4.2370
Epoch: 29, Batch: 440, Acc: 6.41%, Loss: 4.2670
Epoch: 29, Batch: 450, Acc: 6.42%, Loss: 4.2301
Epoch: 29, Batch: 460, Acc: 6.40%, Loss: 4.2875
Epoch: 29, Batch: 470, Acc: 6.39%, Loss: 4.2754
Epoch: 29, Batch: 480, Acc: 6.37%, Loss: 4.2762
Epoch: 29, Batch: 490, Acc: 6.36%, Loss: 4.3404
Epoch: 29, Batch: 500, Acc: 6.35%, Loss: 4.2634
Epoch: 29, Batch: 510, Acc: 6.34%, Loss: 4.2861
Epoch: 29, Batch: 520, Acc: 6.32%, Loss: 4.2915
Epoch: 29, Batch: 530, Acc: 6.35%, Loss: 4.2447
Epoch: 29, Batch: 540, Acc: 6.35%, Loss: 4.2743
Epoch: 29, Batch: 550, Acc: 6.34%, Loss: 4.3109
Epoch: 29, Batch: 560, Acc: 6.35%, Loss: 4.2780
Epoch: 29, Batch: 570, Acc: 6.35%, Loss: 4.2864
Epoch: 29, Batch: 580, Acc: 6.34%, Loss: 4.3284
Epoch: 29, Batch: 590, Acc: 6.33%, Loss: 4.2752
Epoch: 29, Batch: 600, Acc: 6.33%, Loss: 4.2691
Epoch: 29, Batch: 610, Acc: 6.34%, Loss: 4.2779
Epoch: 29, Batch: 620, Acc: 6.34%, Loss: 4.2828
Epoch: 29, Batch: 630, Acc: 6.33%, Loss: 4.2580
Epoch: 29, Batch: 640, Acc: 6.34%, Loss: 4.2960
Epoch: 29, Batch: 650, Acc: 6.36%, Loss: 4.2505
Epoch: 29, Batch: 660, Acc: 6.35%, Loss: 4.2677
Epoch: 29, Batch: 670, Acc: 6.32%, Loss: 4.3106
Epoch: 29, Batch: 680, Acc: 6.32%, Loss: 4.2871
Epoch: 29, Batch: 690, Acc: 6.32%, Loss: 4.2700
Epoch: 29, Batch: 700, Acc: 6.31%, Loss: 4.2999
Epoch: 29, Batch: 710, Acc: 6.31%, Loss: 4.2774
Epoch: 29, Batch: 720, Acc: 6.32%, Loss: 4.2702
Epoch: 29, Batch: 730, Acc: 6.32%, Loss: 4.2635
Epoch: 29, Batch: 740, Acc: 6.30%, Loss: 4.2531
Epoch: 29, Batch: 750, Acc: 6.28%, Loss: 4.2751
Epoch: 29, Batch: 760, Acc: 6.26%, Loss: 4.2930
Epoch: 29, Batch: 770, Acc: 6.27%, Loss: 4.2875
Epoch: 29, Batch: 780, Acc: 6.30%, Loss: 4.2558
Accuracy on test set: 6.36%
Epoch: 30, Batch: 10, Acc: 5.00%, Loss: 4.2994
Epoch: 30, Batch: 20, Acc: 4.92%, Loss: 4.3286
Epoch: 30, Batch: 30, Acc: 5.10%, Loss: 4.3029
Epoch: 30, Batch: 40, Acc: 5.20%, Loss: 4.3102
Epoch: 30, Batch: 50, Acc: 5.78%, Loss: 4.2317
Epoch: 30, Batch: 60, Acc: 5.65%, Loss: 4.2797
Epoch: 30, Batch: 70, Acc: 6.12%, Loss: 4.2352
Epoch: 30, Batch: 80, Acc: 6.19%, Loss: 4.2646
Epoch: 30, Batch: 90, Acc: 6.22%, Loss: 4.2299
Epoch: 30, Batch: 100, Acc: 5.98%, Loss: 4.3118
Epoch: 30, Batch: 110, Acc: 5.92%, Loss: 4.2381
Epoch: 30, Batch: 120, Acc: 5.91%, Loss: 4.2967
Epoch: 30, Batch: 130, Acc: 5.82%, Loss: 4.3246
Epoch: 30, Batch: 140, Acc: 5.86%, Loss: 4.2758
Epoch: 30, Batch: 150, Acc: 5.92%, Loss: 4.2085
Epoch: 30, Batch: 160, Acc: 5.91%, Loss: 4.3041
Epoch: 30, Batch: 170, Acc: 5.98%, Loss: 4.2761
Epoch: 30, Batch: 180, Acc: 6.02%, Loss: 4.2654
Epoch: 30, Batch: 190, Acc: 6.03%, Loss: 4.2592
Epoch: 30, Batch: 200, Acc: 6.07%, Loss: 4.2442
Epoch: 30, Batch: 210, Acc: 6.07%, Loss: 4.2508
Epoch: 30, Batch: 220, Acc: 6.12%, Loss: 4.2615
Epoch: 30, Batch: 230, Acc: 6.09%, Loss: 4.3010
Epoch: 30, Batch: 240, Acc: 6.09%, Loss: 4.2648
Epoch: 30, Batch: 250, Acc: 6.13%, Loss: 4.2201
Epoch: 30, Batch: 260, Acc: 6.16%, Loss: 4.2722
Epoch: 30, Batch: 270, Acc: 6.13%, Loss: 4.2380
Epoch: 30, Batch: 280, Acc: 6.14%, Loss: 4.2721
Epoch: 30, Batch: 290, Acc: 6.14%, Loss: 4.2680
Epoch: 30, Batch: 300, Acc: 6.20%, Loss: 4.2509
Epoch: 30, Batch: 310, Acc: 6.24%, Loss: 4.2694
Epoch: 30, Batch: 320, Acc: 6.27%, Loss: 4.2678
Epoch: 30, Batch: 330, Acc: 6.29%, Loss: 4.3082
Epoch: 30, Batch: 340, Acc: 6.28%, Loss: 4.2966
Epoch: 30, Batch: 350, Acc: 6.30%, Loss: 4.2602
Epoch: 30, Batch: 360, Acc: 6.32%, Loss: 4.2630
Epoch: 30, Batch: 370, Acc: 6.31%, Loss: 4.2725
Epoch: 30, Batch: 380, Acc: 6.29%, Loss: 4.3166
Epoch: 30, Batch: 390, Acc: 6.29%, Loss: 4.2547
Epoch: 30, Batch: 400, Acc: 6.25%, Loss: 4.2563
Epoch: 30, Batch: 410, Acc: 6.23%, Loss: 4.3136
Epoch: 30, Batch: 420, Acc: 6.27%, Loss: 4.2667
Epoch: 30, Batch: 430, Acc: 6.25%, Loss: 4.3043
Epoch: 30, Batch: 440, Acc: 6.20%, Loss: 4.3102
Epoch: 30, Batch: 450, Acc: 6.23%, Loss: 4.2703
Epoch: 30, Batch: 460, Acc: 6.24%, Loss: 4.2779
Epoch: 30, Batch: 470, Acc: 6.25%, Loss: 4.2933
Epoch: 30, Batch: 480, Acc: 6.26%, Loss: 4.2607
Epoch: 30, Batch: 490, Acc: 6.23%, Loss: 4.2827
Epoch: 30, Batch: 500, Acc: 6.24%, Loss: 4.2824
Epoch: 30, Batch: 510, Acc: 6.23%, Loss: 4.2581
Epoch: 30, Batch: 520, Acc: 6.22%, Loss: 4.2964
Epoch: 30, Batch: 530, Acc: 6.23%, Loss: 4.2612
Epoch: 30, Batch: 540, Acc: 6.24%, Loss: 4.2437
Epoch: 30, Batch: 550, Acc: 6.26%, Loss: 4.2212
Epoch: 30, Batch: 560, Acc: 6.27%, Loss: 4.3148
Epoch: 30, Batch: 570, Acc: 6.25%, Loss: 4.2819
Epoch: 30, Batch: 580, Acc: 6.25%, Loss: 4.2809
Epoch: 30, Batch: 590, Acc: 6.26%, Loss: 4.2969
Epoch: 30, Batch: 600, Acc: 6.27%, Loss: 4.2436
Epoch: 30, Batch: 610, Acc: 6.29%, Loss: 4.2687
Epoch: 30, Batch: 620, Acc: 6.28%, Loss: 4.2918
Epoch: 30, Batch: 630, Acc: 6.25%, Loss: 4.3159
Epoch: 30, Batch: 640, Acc: 6.25%, Loss: 4.2352
Epoch: 30, Batch: 650, Acc: 6.25%, Loss: 4.2727
Epoch: 30, Batch: 660, Acc: 6.26%, Loss: 4.2504
Epoch: 30, Batch: 670, Acc: 6.28%, Loss: 4.2331
Epoch: 30, Batch: 680, Acc: 6.27%, Loss: 4.2932
Epoch: 30, Batch: 690, Acc: 6.27%, Loss: 4.2676
Epoch: 30, Batch: 700, Acc: 6.25%, Loss: 4.2867
Epoch: 30, Batch: 710, Acc: 6.23%, Loss: 4.3060
Epoch: 30, Batch: 720, Acc: 6.23%, Loss: 4.2455
Epoch: 30, Batch: 730, Acc: 6.22%, Loss: 4.2667
Epoch: 30, Batch: 740, Acc: 6.20%, Loss: 4.2800
Epoch: 30, Batch: 750, Acc: 6.22%, Loss: 4.2960
Epoch: 30, Batch: 760, Acc: 6.24%, Loss: 4.2753
Epoch: 30, Batch: 770, Acc: 6.25%, Loss: 4.2933
Epoch: 30, Batch: 780, Acc: 6.24%, Loss: 4.2671
Accuracy on test set: 6.38%
Training Time: 2781.82 seconds
Best Accuracy for Run 1: 6.43%
 Training Run 2
Epoch: 1, Batch: 10, Acc: 0.16%, Loss: 4.6447
Epoch: 1, Batch: 20, Acc: 0.47%, Loss: 4.6571
Epoch: 1, Batch: 30, Acc: 0.47%, Loss: 4.6387
Epoch: 1, Batch: 40, Acc: 0.51%, Loss: 4.6322
Epoch: 1, Batch: 50, Acc: 0.62%, Loss: 4.6242
Epoch: 1, Batch: 60, Acc: 0.70%, Loss: 4.6213
Epoch: 1, Batch: 70, Acc: 0.83%, Loss: 4.6240
Epoch: 1, Batch: 80, Acc: 0.88%, Loss: 4.6095
Epoch: 1, Batch: 90, Acc: 0.92%, Loss: 4.6180
Epoch: 1, Batch: 100, Acc: 0.94%, Loss: 4.6298
Epoch: 1, Batch: 110, Acc: 0.95%, Loss: 4.6190
Epoch: 1, Batch: 120, Acc: 1.00%, Loss: 4.6117
Epoch: 1, Batch: 130, Acc: 1.01%, Loss: 4.6238
Epoch: 1, Batch: 140, Acc: 1.02%, Loss: 4.6192
Epoch: 1, Batch: 150, Acc: 1.07%, Loss: 4.6146
Epoch: 1, Batch: 160, Acc: 1.09%, Loss: 4.6093
Epoch: 1, Batch: 170, Acc: 1.09%, Loss: 4.6055
Epoch: 1, Batch: 180, Acc: 1.14%, Loss: 4.5981
Epoch: 1, Batch: 190, Acc: 1.16%, Loss: 4.5896
Epoch: 1, Batch: 200, Acc: 1.20%, Loss: 4.5871
Epoch: 1, Batch: 210, Acc: 1.18%, Loss: 4.6007
Epoch: 1, Batch: 220, Acc: 1.22%, Loss: 4.5874
Epoch: 1, Batch: 230, Acc: 1.28%, Loss: 4.5910
Epoch: 1, Batch: 240, Acc: 1.30%, Loss: 4.5923
Epoch: 1, Batch: 250, Acc: 1.33%, Loss: 4.5849
Epoch: 1, Batch: 260, Acc: 1.40%, Loss: 4.5786
Epoch: 1, Batch: 270, Acc: 1.42%, Loss: 4.5867
Epoch: 1, Batch: 280, Acc: 1.43%, Loss: 4.5829
Epoch: 1, Batch: 290, Acc: 1.45%, Loss: 4.5769
Epoch: 1, Batch: 300, Acc: 1.48%, Loss: 4.5834
Epoch: 1, Batch: 310, Acc: 1.51%, Loss: 4.5699
Epoch: 1, Batch: 320, Acc: 1.52%, Loss: 4.5719
Epoch: 1, Batch: 330, Acc: 1.55%, Loss: 4.5795
Epoch: 1, Batch: 340, Acc: 1.55%, Loss: 4.5762
Epoch: 1, Batch: 350, Acc: 1.54%, Loss: 4.5865
Epoch: 1, Batch: 360, Acc: 1.54%, Loss: 4.5741
Epoch: 1, Batch: 370, Acc: 1.58%, Loss: 4.5712
Epoch: 1, Batch: 380, Acc: 1.62%, Loss: 4.5638
Epoch: 1, Batch: 390, Acc: 1.63%, Loss: 4.5515
Epoch: 1, Batch: 400, Acc: 1.65%, Loss: 4.5557
Epoch: 1, Batch: 410, Acc: 1.67%, Loss: 4.5686
Epoch: 1, Batch: 420, Acc: 1.67%, Loss: 4.5689
Epoch: 1, Batch: 430, Acc: 1.67%, Loss: 4.5543
Epoch: 1, Batch: 440, Acc: 1.68%, Loss: 4.5628
Epoch: 1, Batch: 450, Acc: 1.68%, Loss: 4.5567
Epoch: 1, Batch: 460, Acc: 1.68%, Loss: 4.5576
Epoch: 1, Batch: 470, Acc: 1.69%, Loss: 4.5546
Epoch: 1, Batch: 480, Acc: 1.68%, Loss: 4.5588
Epoch: 1, Batch: 490, Acc: 1.69%, Loss: 4.5536
Epoch: 1, Batch: 500, Acc: 1.70%, Loss: 4.5627
Epoch: 1, Batch: 510, Acc: 1.70%, Loss: 4.5567
Epoch: 1, Batch: 520, Acc: 1.72%, Loss: 4.5491
Epoch: 1, Batch: 530, Acc: 1.73%, Loss: 4.5510
Epoch: 1, Batch: 540, Acc: 1.74%, Loss: 4.5325
Epoch: 1, Batch: 550, Acc: 1.76%, Loss: 4.5384
Epoch: 1, Batch: 560, Acc: 1.78%, Loss: 4.5537
Epoch: 1, Batch: 570, Acc: 1.77%, Loss: 4.5492
Epoch: 1, Batch: 580, Acc: 1.79%, Loss: 4.5283
Epoch: 1, Batch: 590, Acc: 1.79%, Loss: 4.5520
Epoch: 1, Batch: 600, Acc: 1.80%, Loss: 4.5529
Epoch: 1, Batch: 610, Acc: 1.81%, Loss: 4.5374
Epoch: 1, Batch: 620, Acc: 1.81%, Loss: 4.5391
Epoch: 1, Batch: 630, Acc: 1.82%, Loss: 4.5494
Epoch: 1, Batch: 640, Acc: 1.84%, Loss: 4.5350
Epoch: 1, Batch: 650, Acc: 1.87%, Loss: 4.5320
Epoch: 1, Batch: 660, Acc: 1.88%, Loss: 4.5169
Epoch: 1, Batch: 670, Acc: 1.89%, Loss: 4.5398
Epoch: 1, Batch: 680, Acc: 1.88%, Loss: 4.5291
Epoch: 1, Batch: 690, Acc: 1.88%, Loss: 4.5445
Epoch: 1, Batch: 700, Acc: 1.89%, Loss: 4.5423
Epoch: 1, Batch: 710, Acc: 1.89%, Loss: 4.5216
Epoch: 1, Batch: 720, Acc: 1.89%, Loss: 4.5192
Epoch: 1, Batch: 730, Acc: 1.89%, Loss: 4.5240
Epoch: 1, Batch: 740, Acc: 1.91%, Loss: 4.5289
Epoch: 1, Batch: 750, Acc: 1.91%, Loss: 4.5303
Epoch: 1, Batch: 760, Acc: 1.91%, Loss: 4.5236
Epoch: 1, Batch: 770, Acc: 1.92%, Loss: 4.5142
Epoch: 1, Batch: 780, Acc: 1.92%, Loss: 4.5340
Accuracy on test set: 2.73%
Epoch: 2, Batch: 10, Acc: 2.97%, Loss: 4.5014
Epoch: 2, Batch: 20, Acc: 2.89%, Loss: 4.5150
Epoch: 2, Batch: 30, Acc: 2.92%, Loss: 4.5081
Epoch: 2, Batch: 40, Acc: 2.85%, Loss: 4.5263
Epoch: 2, Batch: 50, Acc: 2.69%, Loss: 4.5231
Epoch: 2, Batch: 60, Acc: 2.63%, Loss: 4.5027
Epoch: 2, Batch: 70, Acc: 2.70%, Loss: 4.5188
Epoch: 2, Batch: 80, Acc: 2.71%, Loss: 4.5226
Epoch: 2, Batch: 90, Acc: 2.76%, Loss: 4.5090
Epoch: 2, Batch: 100, Acc: 2.78%, Loss: 4.4929
Epoch: 2, Batch: 110, Acc: 2.73%, Loss: 4.5182
Epoch: 2, Batch: 120, Acc: 2.76%, Loss: 4.5234
Epoch: 2, Batch: 130, Acc: 2.81%, Loss: 4.5239
Epoch: 2, Batch: 140, Acc: 2.81%, Loss: 4.5183
Epoch: 2, Batch: 150, Acc: 2.83%, Loss: 4.5090
Epoch: 2, Batch: 160, Acc: 2.83%, Loss: 4.4991
Epoch: 2, Batch: 170, Acc: 2.90%, Loss: 4.4897
Epoch: 2, Batch: 180, Acc: 2.92%, Loss: 4.5148
Epoch: 2, Batch: 190, Acc: 2.91%, Loss: 4.5024
Epoch: 2, Batch: 200, Acc: 2.95%, Loss: 4.4951
Epoch: 2, Batch: 210, Acc: 2.92%, Loss: 4.5231
Epoch: 2, Batch: 220, Acc: 2.93%, Loss: 4.4912
Epoch: 2, Batch: 230, Acc: 2.89%, Loss: 4.4974
Epoch: 2, Batch: 240, Acc: 2.87%, Loss: 4.4964
Epoch: 2, Batch: 250, Acc: 2.87%, Loss: 4.4948
Epoch: 2, Batch: 260, Acc: 2.84%, Loss: 4.4983
Epoch: 2, Batch: 270, Acc: 2.86%, Loss: 4.5119
Epoch: 2, Batch: 280, Acc: 2.86%, Loss: 4.5021
Epoch: 2, Batch: 290, Acc: 2.87%, Loss: 4.5021
Epoch: 2, Batch: 300, Acc: 2.88%, Loss: 4.4947
Epoch: 2, Batch: 310, Acc: 2.90%, Loss: 4.4912
Epoch: 2, Batch: 320, Acc: 2.92%, Loss: 4.4789
Epoch: 2, Batch: 330, Acc: 2.89%, Loss: 4.5095
Epoch: 2, Batch: 340, Acc: 2.90%, Loss: 4.4943
Epoch: 2, Batch: 350, Acc: 2.93%, Loss: 4.4911
Epoch: 2, Batch: 360, Acc: 2.93%, Loss: 4.4996
Epoch: 2, Batch: 370, Acc: 2.92%, Loss: 4.4859
Epoch: 2, Batch: 380, Acc: 2.91%, Loss: 4.5083
Epoch: 2, Batch: 390, Acc: 2.92%, Loss: 4.5113
Epoch: 2, Batch: 400, Acc: 2.98%, Loss: 4.4838
Epoch: 2, Batch: 410, Acc: 2.97%, Loss: 4.4798
Epoch: 2, Batch: 420, Acc: 2.98%, Loss: 4.4581
Epoch: 2, Batch: 430, Acc: 2.98%, Loss: 4.4576
Epoch: 2, Batch: 440, Acc: 2.96%, Loss: 4.4922
Epoch: 2, Batch: 450, Acc: 2.97%, Loss: 4.4907
Epoch: 2, Batch: 460, Acc: 2.96%, Loss: 4.4902
Epoch: 2, Batch: 470, Acc: 2.97%, Loss: 4.4689
Epoch: 2, Batch: 480, Acc: 2.99%, Loss: 4.4592
Epoch: 2, Batch: 490, Acc: 2.98%, Loss: 4.4802
Epoch: 2, Batch: 500, Acc: 2.99%, Loss: 4.4967
Epoch: 2, Batch: 510, Acc: 2.98%, Loss: 4.4788
Epoch: 2, Batch: 520, Acc: 2.99%, Loss: 4.4779
Epoch: 2, Batch: 530, Acc: 2.98%, Loss: 4.5025
Epoch: 2, Batch: 540, Acc: 2.98%, Loss: 4.4772
Epoch: 2, Batch: 550, Acc: 2.98%, Loss: 4.4868
Epoch: 2, Batch: 560, Acc: 2.98%, Loss: 4.4825
Epoch: 2, Batch: 570, Acc: 2.99%, Loss: 4.4912
Epoch: 2, Batch: 580, Acc: 2.98%, Loss: 4.4929
Epoch: 2, Batch: 590, Acc: 2.99%, Loss: 4.4913
Epoch: 2, Batch: 600, Acc: 3.00%, Loss: 4.4755
Epoch: 2, Batch: 610, Acc: 2.99%, Loss: 4.4824
Epoch: 2, Batch: 620, Acc: 3.01%, Loss: 4.4466
Epoch: 2, Batch: 630, Acc: 3.02%, Loss: 4.4619
Epoch: 2, Batch: 640, Acc: 3.03%, Loss: 4.4491
Epoch: 2, Batch: 650, Acc: 3.04%, Loss: 4.4784
Epoch: 2, Batch: 660, Acc: 3.04%, Loss: 4.4613
Epoch: 2, Batch: 670, Acc: 3.05%, Loss: 4.4839
Epoch: 2, Batch: 680, Acc: 3.06%, Loss: 4.4532
Epoch: 2, Batch: 690, Acc: 3.07%, Loss: 4.4847
Epoch: 2, Batch: 700, Acc: 3.07%, Loss: 4.4696
Epoch: 2, Batch: 710, Acc: 3.08%, Loss: 4.4574
Epoch: 2, Batch: 720, Acc: 3.09%, Loss: 4.4796
Epoch: 2, Batch: 730, Acc: 3.10%, Loss: 4.4798
Epoch: 2, Batch: 740, Acc: 3.10%, Loss: 4.4650
Epoch: 2, Batch: 750, Acc: 3.08%, Loss: 4.4808
Epoch: 2, Batch: 760, Acc: 3.09%, Loss: 4.4711
Epoch: 2, Batch: 770, Acc: 3.08%, Loss: 4.4696
Epoch: 2, Batch: 780, Acc: 3.09%, Loss: 4.4603
Accuracy on test set: 3.74%
Epoch: 3, Batch: 10, Acc: 3.44%, Loss: 4.4455
Epoch: 3, Batch: 20, Acc: 3.75%, Loss: 4.4428
Epoch: 3, Batch: 30, Acc: 3.65%, Loss: 4.4581
Epoch: 3, Batch: 40, Acc: 3.28%, Loss: 4.4757
Epoch: 3, Batch: 50, Acc: 3.34%, Loss: 4.4481
Epoch: 3, Batch: 60, Acc: 3.41%, Loss: 4.4567
Epoch: 3, Batch: 70, Acc: 3.48%, Loss: 4.4520
Epoch: 3, Batch: 80, Acc: 3.42%, Loss: 4.4601
Epoch: 3, Batch: 90, Acc: 3.54%, Loss: 4.4467
Epoch: 3, Batch: 100, Acc: 3.56%, Loss: 4.4680
Epoch: 3, Batch: 110, Acc: 3.61%, Loss: 4.4608
Epoch: 3, Batch: 120, Acc: 3.58%, Loss: 4.4646
Epoch: 3, Batch: 130, Acc: 3.53%, Loss: 4.4506
Epoch: 3, Batch: 140, Acc: 3.50%, Loss: 4.4637
Epoch: 3, Batch: 150, Acc: 3.46%, Loss: 4.4369
Epoch: 3, Batch: 160, Acc: 3.48%, Loss: 4.4554
Epoch: 3, Batch: 170, Acc: 3.47%, Loss: 4.4476
Epoch: 3, Batch: 180, Acc: 3.44%, Loss: 4.4557
Epoch: 3, Batch: 190, Acc: 3.36%, Loss: 4.4647
Epoch: 3, Batch: 200, Acc: 3.39%, Loss: 4.4578
Epoch: 3, Batch: 210, Acc: 3.39%, Loss: 4.4678
Epoch: 3, Batch: 220, Acc: 3.35%, Loss: 4.4613
Epoch: 3, Batch: 230, Acc: 3.29%, Loss: 4.4524
Epoch: 3, Batch: 240, Acc: 3.33%, Loss: 4.4536
Epoch: 3, Batch: 250, Acc: 3.30%, Loss: 4.4449
Epoch: 3, Batch: 260, Acc: 3.25%, Loss: 4.4753
Epoch: 3, Batch: 270, Acc: 3.24%, Loss: 4.4596
Epoch: 3, Batch: 280, Acc: 3.25%, Loss: 4.4623
Epoch: 3, Batch: 290, Acc: 3.28%, Loss: 4.4295
Epoch: 3, Batch: 300, Acc: 3.31%, Loss: 4.4482
Epoch: 3, Batch: 310, Acc: 3.31%, Loss: 4.4383
Epoch: 3, Batch: 320, Acc: 3.35%, Loss: 4.4452
Epoch: 3, Batch: 330, Acc: 3.33%, Loss: 4.4439
Epoch: 3, Batch: 340, Acc: 3.34%, Loss: 4.4711
Epoch: 3, Batch: 350, Acc: 3.32%, Loss: 4.4622
Epoch: 3, Batch: 360, Acc: 3.35%, Loss: 4.4316
Epoch: 3, Batch: 370, Acc: 3.37%, Loss: 4.4541
Epoch: 3, Batch: 380, Acc: 3.34%, Loss: 4.4626
Epoch: 3, Batch: 390, Acc: 3.35%, Loss: 4.4516
Epoch: 3, Batch: 400, Acc: 3.38%, Loss: 4.4442
Epoch: 3, Batch: 410, Acc: 3.39%, Loss: 4.4243
Epoch: 3, Batch: 420, Acc: 3.39%, Loss: 4.4409
Epoch: 3, Batch: 430, Acc: 3.36%, Loss: 4.4813
Epoch: 3, Batch: 440, Acc: 3.37%, Loss: 4.4745
Epoch: 3, Batch: 450, Acc: 3.41%, Loss: 4.4217
Epoch: 3, Batch: 460, Acc: 3.42%, Loss: 4.4654
Epoch: 3, Batch: 470, Acc: 3.40%, Loss: 4.4712
Epoch: 3, Batch: 480, Acc: 3.43%, Loss: 4.4323
Epoch: 3, Batch: 490, Acc: 3.44%, Loss: 4.4581
Epoch: 3, Batch: 500, Acc: 3.49%, Loss: 4.4272
Epoch: 3, Batch: 510, Acc: 3.47%, Loss: 4.4400
Epoch: 3, Batch: 520, Acc: 3.48%, Loss: 4.4371
Epoch: 3, Batch: 530, Acc: 3.46%, Loss: 4.4341
Epoch: 3, Batch: 540, Acc: 3.45%, Loss: 4.4569
Epoch: 3, Batch: 550, Acc: 3.46%, Loss: 4.4402
Epoch: 3, Batch: 560, Acc: 3.47%, Loss: 4.4482
Epoch: 3, Batch: 570, Acc: 3.48%, Loss: 4.4189
Epoch: 3, Batch: 580, Acc: 3.49%, Loss: 4.4336
Epoch: 3, Batch: 590, Acc: 3.50%, Loss: 4.4247
Epoch: 3, Batch: 600, Acc: 3.53%, Loss: 4.4335
Epoch: 3, Batch: 610, Acc: 3.52%, Loss: 4.4155
Epoch: 3, Batch: 620, Acc: 3.51%, Loss: 4.4615
Epoch: 3, Batch: 630, Acc: 3.51%, Loss: 4.4418
Epoch: 3, Batch: 640, Acc: 3.51%, Loss: 4.4159
Epoch: 3, Batch: 650, Acc: 3.52%, Loss: 4.4226
Epoch: 3, Batch: 660, Acc: 3.51%, Loss: 4.4581
Epoch: 3, Batch: 670, Acc: 3.52%, Loss: 4.4338
Epoch: 3, Batch: 680, Acc: 3.52%, Loss: 4.4442
Epoch: 3, Batch: 690, Acc: 3.53%, Loss: 4.4316
Epoch: 3, Batch: 700, Acc: 3.54%, Loss: 4.4371
Epoch: 3, Batch: 710, Acc: 3.56%, Loss: 4.4255
Epoch: 3, Batch: 720, Acc: 3.57%, Loss: 4.4343
Epoch: 3, Batch: 730, Acc: 3.56%, Loss: 4.4278
Epoch: 3, Batch: 740, Acc: 3.57%, Loss: 4.4259
Epoch: 3, Batch: 750, Acc: 3.59%, Loss: 4.4089
Epoch: 3, Batch: 760, Acc: 3.60%, Loss: 4.4406
Epoch: 3, Batch: 770, Acc: 3.61%, Loss: 4.4349
Epoch: 3, Batch: 780, Acc: 3.60%, Loss: 4.4159
Accuracy on test set: 4.29%
Epoch: 4, Batch: 10, Acc: 3.91%, Loss: 4.4181
Epoch: 4, Batch: 20, Acc: 4.30%, Loss: 4.4165
Epoch: 4, Batch: 30, Acc: 4.06%, Loss: 4.4234
Epoch: 4, Batch: 40, Acc: 4.14%, Loss: 4.4149
Epoch: 4, Batch: 50, Acc: 4.28%, Loss: 4.4201
Epoch: 4, Batch: 60, Acc: 4.19%, Loss: 4.4352
Epoch: 4, Batch: 70, Acc: 4.11%, Loss: 4.4341
Epoch: 4, Batch: 80, Acc: 4.12%, Loss: 4.4215
Epoch: 4, Batch: 90, Acc: 3.98%, Loss: 4.4448
Epoch: 4, Batch: 100, Acc: 4.03%, Loss: 4.4140
Epoch: 4, Batch: 110, Acc: 4.03%, Loss: 4.4089
Epoch: 4, Batch: 120, Acc: 4.09%, Loss: 4.4246
Epoch: 4, Batch: 130, Acc: 4.06%, Loss: 4.4109
Epoch: 4, Batch: 140, Acc: 3.97%, Loss: 4.4329
Epoch: 4, Batch: 150, Acc: 3.99%, Loss: 4.4031
Epoch: 4, Batch: 160, Acc: 4.00%, Loss: 4.4240
Epoch: 4, Batch: 170, Acc: 3.97%, Loss: 4.4171
Epoch: 4, Batch: 180, Acc: 3.98%, Loss: 4.4044
Epoch: 4, Batch: 190, Acc: 4.10%, Loss: 4.3887
Epoch: 4, Batch: 200, Acc: 4.12%, Loss: 4.4381
Epoch: 4, Batch: 210, Acc: 4.12%, Loss: 4.4306
Epoch: 4, Batch: 220, Acc: 4.15%, Loss: 4.3999
Epoch: 4, Batch: 230, Acc: 4.12%, Loss: 4.4402
Epoch: 4, Batch: 240, Acc: 4.11%, Loss: 4.4054
Epoch: 4, Batch: 250, Acc: 4.08%, Loss: 4.4323
Epoch: 4, Batch: 260, Acc: 4.13%, Loss: 4.3784
Epoch: 4, Batch: 270, Acc: 4.14%, Loss: 4.4166
Epoch: 4, Batch: 280, Acc: 4.19%, Loss: 4.4062
Epoch: 4, Batch: 290, Acc: 4.20%, Loss: 4.4149
Epoch: 4, Batch: 300, Acc: 4.19%, Loss: 4.4256
Epoch: 4, Batch: 310, Acc: 4.19%, Loss: 4.4326
Epoch: 4, Batch: 320, Acc: 4.19%, Loss: 4.3980
Epoch: 4, Batch: 330, Acc: 4.20%, Loss: 4.4262
Epoch: 4, Batch: 340, Acc: 4.20%, Loss: 4.4203
Epoch: 4, Batch: 350, Acc: 4.21%, Loss: 4.3964
Epoch: 4, Batch: 360, Acc: 4.16%, Loss: 4.4329
Epoch: 4, Batch: 370, Acc: 4.13%, Loss: 4.4378
Epoch: 4, Batch: 380, Acc: 4.10%, Loss: 4.4627
Epoch: 4, Batch: 390, Acc: 4.09%, Loss: 4.4678
Epoch: 4, Batch: 400, Acc: 4.07%, Loss: 4.4330
Epoch: 4, Batch: 410, Acc: 4.07%, Loss: 4.4203
Epoch: 4, Batch: 420, Acc: 4.09%, Loss: 4.4158
Epoch: 4, Batch: 430, Acc: 4.11%, Loss: 4.4134
Epoch: 4, Batch: 440, Acc: 4.08%, Loss: 4.4516
Epoch: 4, Batch: 450, Acc: 4.09%, Loss: 4.4134
Epoch: 4, Batch: 460, Acc: 4.10%, Loss: 4.4126
Epoch: 4, Batch: 470, Acc: 4.10%, Loss: 4.4150
Epoch: 4, Batch: 480, Acc: 4.11%, Loss: 4.4045
Epoch: 4, Batch: 490, Acc: 4.10%, Loss: 4.4130
Epoch: 4, Batch: 500, Acc: 4.12%, Loss: 4.4033
Epoch: 4, Batch: 510, Acc: 4.11%, Loss: 4.4137
Epoch: 4, Batch: 520, Acc: 4.13%, Loss: 4.4067
Epoch: 4, Batch: 530, Acc: 4.14%, Loss: 4.3947
Epoch: 4, Batch: 540, Acc: 4.16%, Loss: 4.3972
Epoch: 4, Batch: 550, Acc: 4.15%, Loss: 4.4021
Epoch: 4, Batch: 560, Acc: 4.15%, Loss: 4.4320
Epoch: 4, Batch: 570, Acc: 4.13%, Loss: 4.4271
Epoch: 4, Batch: 580, Acc: 4.14%, Loss: 4.3972
Epoch: 4, Batch: 590, Acc: 4.15%, Loss: 4.4017
Epoch: 4, Batch: 600, Acc: 4.15%, Loss: 4.3846
Epoch: 4, Batch: 610, Acc: 4.13%, Loss: 4.4245
Epoch: 4, Batch: 620, Acc: 4.13%, Loss: 4.4028
Epoch: 4, Batch: 630, Acc: 4.14%, Loss: 4.4185
Epoch: 4, Batch: 640, Acc: 4.15%, Loss: 4.4057
Epoch: 4, Batch: 650, Acc: 4.17%, Loss: 4.4051
Epoch: 4, Batch: 660, Acc: 4.17%, Loss: 4.4139
Epoch: 4, Batch: 670, Acc: 4.16%, Loss: 4.4244
Epoch: 4, Batch: 680, Acc: 4.14%, Loss: 4.4210
Epoch: 4, Batch: 690, Acc: 4.14%, Loss: 4.4139
Epoch: 4, Batch: 700, Acc: 4.14%, Loss: 4.4297
Epoch: 4, Batch: 710, Acc: 4.14%, Loss: 4.4134
Epoch: 4, Batch: 720, Acc: 4.13%, Loss: 4.3795
Epoch: 4, Batch: 730, Acc: 4.15%, Loss: 4.4155
Epoch: 4, Batch: 740, Acc: 4.14%, Loss: 4.4272
Epoch: 4, Batch: 750, Acc: 4.15%, Loss: 4.4005
Epoch: 4, Batch: 760, Acc: 4.14%, Loss: 4.4136
Epoch: 4, Batch: 770, Acc: 4.14%, Loss: 4.4361
Epoch: 4, Batch: 780, Acc: 4.13%, Loss: 4.4306
Accuracy on test set: 4.82%
Epoch: 5, Batch: 10, Acc: 3.59%, Loss: 4.3925
Epoch: 5, Batch: 20, Acc: 4.38%, Loss: 4.3839
Epoch: 5, Batch: 30, Acc: 4.53%, Loss: 4.3973
Epoch: 5, Batch: 40, Acc: 4.65%, Loss: 4.3945
Epoch: 5, Batch: 50, Acc: 4.50%, Loss: 4.4307
Epoch: 5, Batch: 60, Acc: 4.38%, Loss: 4.3668
Epoch: 5, Batch: 70, Acc: 4.29%, Loss: 4.4065
Epoch: 5, Batch: 80, Acc: 4.26%, Loss: 4.4092
Epoch: 5, Batch: 90, Acc: 4.31%, Loss: 4.3992
Epoch: 5, Batch: 100, Acc: 4.50%, Loss: 4.3739
Epoch: 5, Batch: 110, Acc: 4.43%, Loss: 4.4358
Epoch: 5, Batch: 120, Acc: 4.30%, Loss: 4.3554
Epoch: 5, Batch: 130, Acc: 4.25%, Loss: 4.4135
Epoch: 5, Batch: 140, Acc: 4.19%, Loss: 4.3712
Epoch: 5, Batch: 150, Acc: 4.24%, Loss: 4.3936
Epoch: 5, Batch: 160, Acc: 4.19%, Loss: 4.3888
Epoch: 5, Batch: 170, Acc: 4.21%, Loss: 4.3826
Epoch: 5, Batch: 180, Acc: 4.19%, Loss: 4.4193
Epoch: 5, Batch: 190, Acc: 4.18%, Loss: 4.4065
Epoch: 5, Batch: 200, Acc: 4.17%, Loss: 4.4338
Epoch: 5, Batch: 210, Acc: 4.19%, Loss: 4.4102
Epoch: 5, Batch: 220, Acc: 4.24%, Loss: 4.3819
Epoch: 5, Batch: 230, Acc: 4.27%, Loss: 4.4400
Epoch: 5, Batch: 240, Acc: 4.26%, Loss: 4.4016
Epoch: 5, Batch: 250, Acc: 4.28%, Loss: 4.3875
Epoch: 5, Batch: 260, Acc: 4.27%, Loss: 4.3971
Epoch: 5, Batch: 270, Acc: 4.27%, Loss: 4.3964
Epoch: 5, Batch: 280, Acc: 4.27%, Loss: 4.4046
Epoch: 5, Batch: 290, Acc: 4.30%, Loss: 4.3895
Epoch: 5, Batch: 300, Acc: 4.29%, Loss: 4.4119
Epoch: 5, Batch: 310, Acc: 4.32%, Loss: 4.3949
Epoch: 5, Batch: 320, Acc: 4.31%, Loss: 4.3988
Epoch: 5, Batch: 330, Acc: 4.31%, Loss: 4.3864
Epoch: 5, Batch: 340, Acc: 4.29%, Loss: 4.3945
Epoch: 5, Batch: 350, Acc: 4.33%, Loss: 4.3979
Epoch: 5, Batch: 360, Acc: 4.36%, Loss: 4.3246
Epoch: 5, Batch: 370, Acc: 4.38%, Loss: 4.3903
Epoch: 5, Batch: 380, Acc: 4.40%, Loss: 4.3698
Epoch: 5, Batch: 390, Acc: 4.39%, Loss: 4.4096
Epoch: 5, Batch: 400, Acc: 4.37%, Loss: 4.4333
Epoch: 5, Batch: 410, Acc: 4.39%, Loss: 4.4201
Epoch: 5, Batch: 420, Acc: 4.39%, Loss: 4.3944
Epoch: 5, Batch: 430, Acc: 4.38%, Loss: 4.3951
Epoch: 5, Batch: 440, Acc: 4.38%, Loss: 4.3995
Epoch: 5, Batch: 450, Acc: 4.40%, Loss: 4.4151
Epoch: 5, Batch: 460, Acc: 4.38%, Loss: 4.3956
Epoch: 5, Batch: 470, Acc: 4.38%, Loss: 4.4094
Epoch: 5, Batch: 480, Acc: 4.36%, Loss: 4.4053
Epoch: 5, Batch: 490, Acc: 4.34%, Loss: 4.4076
Epoch: 5, Batch: 500, Acc: 4.32%, Loss: 4.4036
Epoch: 5, Batch: 510, Acc: 4.33%, Loss: 4.3877
Epoch: 5, Batch: 520, Acc: 4.31%, Loss: 4.4019
Epoch: 5, Batch: 530, Acc: 4.34%, Loss: 4.3832
Epoch: 5, Batch: 540, Acc: 4.33%, Loss: 4.4114
Epoch: 5, Batch: 550, Acc: 4.33%, Loss: 4.3843
Epoch: 5, Batch: 560, Acc: 4.33%, Loss: 4.3746
Epoch: 5, Batch: 570, Acc: 4.31%, Loss: 4.3874
Epoch: 5, Batch: 580, Acc: 4.29%, Loss: 4.4055
Epoch: 5, Batch: 590, Acc: 4.31%, Loss: 4.3934
Epoch: 5, Batch: 600, Acc: 4.33%, Loss: 4.3695
Epoch: 5, Batch: 610, Acc: 4.33%, Loss: 4.4067
Epoch: 5, Batch: 620, Acc: 4.35%, Loss: 4.3697
Epoch: 5, Batch: 630, Acc: 4.37%, Loss: 4.3676
Epoch: 5, Batch: 640, Acc: 4.38%, Loss: 4.3913
Epoch: 5, Batch: 650, Acc: 4.38%, Loss: 4.3950
Epoch: 5, Batch: 660, Acc: 4.38%, Loss: 4.3879
Epoch: 5, Batch: 670, Acc: 4.37%, Loss: 4.4407
Epoch: 5, Batch: 680, Acc: 4.38%, Loss: 4.3911
Epoch: 5, Batch: 690, Acc: 4.40%, Loss: 4.3965
Epoch: 5, Batch: 700, Acc: 4.43%, Loss: 4.3932
Epoch: 5, Batch: 710, Acc: 4.42%, Loss: 4.3892
Epoch: 5, Batch: 720, Acc: 4.43%, Loss: 4.4032
Epoch: 5, Batch: 730, Acc: 4.43%, Loss: 4.3818
Epoch: 5, Batch: 740, Acc: 4.44%, Loss: 4.3843
Epoch: 5, Batch: 750, Acc: 4.45%, Loss: 4.3767
Epoch: 5, Batch: 760, Acc: 4.47%, Loss: 4.3740
Epoch: 5, Batch: 770, Acc: 4.46%, Loss: 4.4082
Epoch: 5, Batch: 780, Acc: 4.47%, Loss: 4.3939
Accuracy on test set: 5.03%
Epoch: 6, Batch: 10, Acc: 5.31%, Loss: 4.3593
Epoch: 6, Batch: 20, Acc: 4.77%, Loss: 4.4129
Epoch: 6, Batch: 30, Acc: 4.64%, Loss: 4.3953
Epoch: 6, Batch: 40, Acc: 4.69%, Loss: 4.3711
Epoch: 6, Batch: 50, Acc: 4.75%, Loss: 4.3675
Epoch: 6, Batch: 60, Acc: 4.58%, Loss: 4.3903
Epoch: 6, Batch: 70, Acc: 4.53%, Loss: 4.3971
Epoch: 6, Batch: 80, Acc: 4.65%, Loss: 4.3662
Epoch: 6, Batch: 90, Acc: 4.64%, Loss: 4.3774
Epoch: 6, Batch: 100, Acc: 4.66%, Loss: 4.3959
Epoch: 6, Batch: 110, Acc: 4.64%, Loss: 4.3753
Epoch: 6, Batch: 120, Acc: 4.73%, Loss: 4.3542
Epoch: 6, Batch: 130, Acc: 4.65%, Loss: 4.3837
Epoch: 6, Batch: 140, Acc: 4.73%, Loss: 4.3236
Epoch: 6, Batch: 150, Acc: 4.68%, Loss: 4.3902
Epoch: 6, Batch: 160, Acc: 4.79%, Loss: 4.3576
Epoch: 6, Batch: 170, Acc: 4.71%, Loss: 4.4349
Epoch: 6, Batch: 180, Acc: 4.75%, Loss: 4.3759
Epoch: 6, Batch: 190, Acc: 4.72%, Loss: 4.3546
Epoch: 6, Batch: 200, Acc: 4.70%, Loss: 4.3919
Epoch: 6, Batch: 210, Acc: 4.72%, Loss: 4.3823
Epoch: 6, Batch: 220, Acc: 4.72%, Loss: 4.3739
Epoch: 6, Batch: 230, Acc: 4.75%, Loss: 4.3943
Epoch: 6, Batch: 240, Acc: 4.74%, Loss: 4.3694
Epoch: 6, Batch: 250, Acc: 4.71%, Loss: 4.4088
Epoch: 6, Batch: 260, Acc: 4.74%, Loss: 4.3547
Epoch: 6, Batch: 270, Acc: 4.73%, Loss: 4.3724
Epoch: 6, Batch: 280, Acc: 4.68%, Loss: 4.4114
Epoch: 6, Batch: 290, Acc: 4.62%, Loss: 4.4442
Epoch: 6, Batch: 300, Acc: 4.64%, Loss: 4.3782
Epoch: 6, Batch: 310, Acc: 4.68%, Loss: 4.3892
Epoch: 6, Batch: 320, Acc: 4.69%, Loss: 4.4004
Epoch: 6, Batch: 330, Acc: 4.65%, Loss: 4.3751
Epoch: 6, Batch: 340, Acc: 4.64%, Loss: 4.3697
Epoch: 6, Batch: 350, Acc: 4.62%, Loss: 4.3879
Epoch: 6, Batch: 360, Acc: 4.65%, Loss: 4.3682
Epoch: 6, Batch: 370, Acc: 4.65%, Loss: 4.3750
Epoch: 6, Batch: 380, Acc: 4.65%, Loss: 4.3463
Epoch: 6, Batch: 390, Acc: 4.65%, Loss: 4.3907
Epoch: 6, Batch: 400, Acc: 4.63%, Loss: 4.3610
Epoch: 6, Batch: 410, Acc: 4.63%, Loss: 4.3443
Epoch: 6, Batch: 420, Acc: 4.64%, Loss: 4.3820
Epoch: 6, Batch: 430, Acc: 4.65%, Loss: 4.3753
Epoch: 6, Batch: 440, Acc: 4.62%, Loss: 4.3935
Epoch: 6, Batch: 450, Acc: 4.63%, Loss: 4.3897
Epoch: 6, Batch: 460, Acc: 4.64%, Loss: 4.3764
Epoch: 6, Batch: 470, Acc: 4.67%, Loss: 4.3460
Epoch: 6, Batch: 480, Acc: 4.67%, Loss: 4.3582
Epoch: 6, Batch: 490, Acc: 4.67%, Loss: 4.3902
Epoch: 6, Batch: 500, Acc: 4.68%, Loss: 4.3787
Epoch: 6, Batch: 510, Acc: 4.69%, Loss: 4.3886
Epoch: 6, Batch: 520, Acc: 4.70%, Loss: 4.3452
Epoch: 6, Batch: 530, Acc: 4.67%, Loss: 4.4198
Epoch: 6, Batch: 540, Acc: 4.66%, Loss: 4.3808
Epoch: 6, Batch: 550, Acc: 4.65%, Loss: 4.3886
Epoch: 6, Batch: 560, Acc: 4.67%, Loss: 4.3732
Epoch: 6, Batch: 570, Acc: 4.65%, Loss: 4.3607
Epoch: 6, Batch: 580, Acc: 4.68%, Loss: 4.3859
Epoch: 6, Batch: 590, Acc: 4.67%, Loss: 4.4120
Epoch: 6, Batch: 600, Acc: 4.68%, Loss: 4.3664
Epoch: 6, Batch: 610, Acc: 4.69%, Loss: 4.3649
Epoch: 6, Batch: 620, Acc: 4.67%, Loss: 4.4116
Epoch: 6, Batch: 630, Acc: 4.68%, Loss: 4.3806
Epoch: 6, Batch: 640, Acc: 4.70%, Loss: 4.3574
Epoch: 6, Batch: 650, Acc: 4.69%, Loss: 4.3833
Epoch: 6, Batch: 660, Acc: 4.68%, Loss: 4.4051
Epoch: 6, Batch: 670, Acc: 4.68%, Loss: 4.3687
Epoch: 6, Batch: 680, Acc: 4.66%, Loss: 4.3920
Epoch: 6, Batch: 690, Acc: 4.66%, Loss: 4.3679
Epoch: 6, Batch: 700, Acc: 4.70%, Loss: 4.3455
Epoch: 6, Batch: 710, Acc: 4.70%, Loss: 4.3603
Epoch: 6, Batch: 720, Acc: 4.69%, Loss: 4.4096
Epoch: 6, Batch: 730, Acc: 4.68%, Loss: 4.3786
Epoch: 6, Batch: 740, Acc: 4.71%, Loss: 4.3577
Epoch: 6, Batch: 750, Acc: 4.71%, Loss: 4.4081
Epoch: 6, Batch: 760, Acc: 4.72%, Loss: 4.3830
Epoch: 6, Batch: 770, Acc: 4.72%, Loss: 4.3634
Epoch: 6, Batch: 780, Acc: 4.74%, Loss: 4.3212
Accuracy on test set: 5.18%
Epoch: 7, Batch: 10, Acc: 4.06%, Loss: 4.3847
Epoch: 7, Batch: 20, Acc: 4.53%, Loss: 4.3806
Epoch: 7, Batch: 30, Acc: 4.58%, Loss: 4.3891
Epoch: 7, Batch: 40, Acc: 4.45%, Loss: 4.3808
Epoch: 7, Batch: 50, Acc: 4.38%, Loss: 4.3823
Epoch: 7, Batch: 60, Acc: 4.51%, Loss: 4.3368
Epoch: 7, Batch: 70, Acc: 4.71%, Loss: 4.3655
Epoch: 7, Batch: 80, Acc: 4.61%, Loss: 4.3632
Epoch: 7, Batch: 90, Acc: 4.62%, Loss: 4.3735
Epoch: 7, Batch: 100, Acc: 4.67%, Loss: 4.3457
Epoch: 7, Batch: 110, Acc: 4.76%, Loss: 4.3665
Epoch: 7, Batch: 120, Acc: 4.83%, Loss: 4.3611
Epoch: 7, Batch: 130, Acc: 4.93%, Loss: 4.3814
Epoch: 7, Batch: 140, Acc: 4.91%, Loss: 4.3658
Epoch: 7, Batch: 150, Acc: 4.91%, Loss: 4.3490
Epoch: 7, Batch: 160, Acc: 4.96%, Loss: 4.3615
Epoch: 7, Batch: 170, Acc: 5.00%, Loss: 4.3617
Epoch: 7, Batch: 180, Acc: 4.97%, Loss: 4.4054
Epoch: 7, Batch: 190, Acc: 5.08%, Loss: 4.3402
Epoch: 7, Batch: 200, Acc: 5.05%, Loss: 4.3734
Epoch: 7, Batch: 210, Acc: 5.00%, Loss: 4.3666
Epoch: 7, Batch: 220, Acc: 5.08%, Loss: 4.3652
Epoch: 7, Batch: 230, Acc: 5.10%, Loss: 4.3788
Epoch: 7, Batch: 240, Acc: 5.08%, Loss: 4.4220
Epoch: 7, Batch: 250, Acc: 5.10%, Loss: 4.3394
Epoch: 7, Batch: 260, Acc: 5.10%, Loss: 4.3561
Epoch: 7, Batch: 270, Acc: 5.16%, Loss: 4.3334
Epoch: 7, Batch: 280, Acc: 5.21%, Loss: 4.3606
Epoch: 7, Batch: 290, Acc: 5.16%, Loss: 4.3463
Epoch: 7, Batch: 300, Acc: 5.17%, Loss: 4.3499
Epoch: 7, Batch: 310, Acc: 5.21%, Loss: 4.3446
Epoch: 7, Batch: 320, Acc: 5.22%, Loss: 4.3654
Epoch: 7, Batch: 330, Acc: 5.19%, Loss: 4.4017
Epoch: 7, Batch: 340, Acc: 5.21%, Loss: 4.3715
Epoch: 7, Batch: 350, Acc: 5.24%, Loss: 4.3401
Epoch: 7, Batch: 360, Acc: 5.22%, Loss: 4.3652
Epoch: 7, Batch: 370, Acc: 5.20%, Loss: 4.3680
Epoch: 7, Batch: 380, Acc: 5.20%, Loss: 4.3589
Epoch: 7, Batch: 390, Acc: 5.20%, Loss: 4.3689
Epoch: 7, Batch: 400, Acc: 5.16%, Loss: 4.3844
Epoch: 7, Batch: 410, Acc: 5.16%, Loss: 4.3344
Epoch: 7, Batch: 420, Acc: 5.20%, Loss: 4.3388
Epoch: 7, Batch: 430, Acc: 5.22%, Loss: 4.3626
Epoch: 7, Batch: 440, Acc: 5.18%, Loss: 4.3647
Epoch: 7, Batch: 450, Acc: 5.18%, Loss: 4.3893
Epoch: 7, Batch: 460, Acc: 5.19%, Loss: 4.3708
Epoch: 7, Batch: 470, Acc: 5.16%, Loss: 4.3839
Epoch: 7, Batch: 480, Acc: 5.16%, Loss: 4.3721
Epoch: 7, Batch: 490, Acc: 5.15%, Loss: 4.3800
Epoch: 7, Batch: 500, Acc: 5.21%, Loss: 4.3460
Epoch: 7, Batch: 510, Acc: 5.20%, Loss: 4.3448
Epoch: 7, Batch: 520, Acc: 5.17%, Loss: 4.3596
Epoch: 7, Batch: 530, Acc: 5.18%, Loss: 4.3493
Epoch: 7, Batch: 540, Acc: 5.15%, Loss: 4.4212
Epoch: 7, Batch: 550, Acc: 5.13%, Loss: 4.3847
Epoch: 7, Batch: 560, Acc: 5.10%, Loss: 4.3867
Epoch: 7, Batch: 570, Acc: 5.12%, Loss: 4.3662
Epoch: 7, Batch: 580, Acc: 5.11%, Loss: 4.3731
Epoch: 7, Batch: 590, Acc: 5.09%, Loss: 4.3578
Epoch: 7, Batch: 600, Acc: 5.09%, Loss: 4.3518
Epoch: 7, Batch: 610, Acc: 5.08%, Loss: 4.3672
Epoch: 7, Batch: 620, Acc: 5.08%, Loss: 4.3522
Epoch: 7, Batch: 630, Acc: 5.05%, Loss: 4.4216
Epoch: 7, Batch: 640, Acc: 5.05%, Loss: 4.3598
Epoch: 7, Batch: 650, Acc: 5.04%, Loss: 4.3837
Epoch: 7, Batch: 660, Acc: 5.04%, Loss: 4.3512
Epoch: 7, Batch: 670, Acc: 5.04%, Loss: 4.3389
Epoch: 7, Batch: 680, Acc: 5.03%, Loss: 4.3254
Epoch: 7, Batch: 690, Acc: 5.04%, Loss: 4.3334
Epoch: 7, Batch: 700, Acc: 5.04%, Loss: 4.3812
Epoch: 7, Batch: 710, Acc: 5.02%, Loss: 4.3590
Epoch: 7, Batch: 720, Acc: 5.01%, Loss: 4.3571
Epoch: 7, Batch: 730, Acc: 5.01%, Loss: 4.3721
Epoch: 7, Batch: 740, Acc: 5.00%, Loss: 4.3427
Epoch: 7, Batch: 750, Acc: 5.01%, Loss: 4.3597
Epoch: 7, Batch: 760, Acc: 5.02%, Loss: 4.3490
Epoch: 7, Batch: 770, Acc: 5.02%, Loss: 4.3451
Epoch: 7, Batch: 780, Acc: 5.02%, Loss: 4.3455
Accuracy on test set: 5.12%
Epoch: 8, Batch: 10, Acc: 5.94%, Loss: 4.3307
Epoch: 8, Batch: 20, Acc: 5.47%, Loss: 4.3567
Epoch: 8, Batch: 30, Acc: 5.57%, Loss: 4.3426
Epoch: 8, Batch: 40, Acc: 5.39%, Loss: 4.3701
Epoch: 8, Batch: 50, Acc: 5.38%, Loss: 4.3525
Epoch: 8, Batch: 60, Acc: 5.39%, Loss: 4.3430
Epoch: 8, Batch: 70, Acc: 5.29%, Loss: 4.3636
Epoch: 8, Batch: 80, Acc: 5.20%, Loss: 4.3475
Epoch: 8, Batch: 90, Acc: 5.23%, Loss: 4.3580
Epoch: 8, Batch: 100, Acc: 5.25%, Loss: 4.3046
Epoch: 8, Batch: 110, Acc: 5.20%, Loss: 4.3483
Epoch: 8, Batch: 120, Acc: 5.22%, Loss: 4.3389
Epoch: 8, Batch: 130, Acc: 5.19%, Loss: 4.3469
Epoch: 8, Batch: 140, Acc: 5.21%, Loss: 4.3625
Epoch: 8, Batch: 150, Acc: 5.25%, Loss: 4.3398
Epoch: 8, Batch: 160, Acc: 5.21%, Loss: 4.3579
Epoch: 8, Batch: 170, Acc: 5.12%, Loss: 4.4258
Epoch: 8, Batch: 180, Acc: 5.18%, Loss: 4.3206
Epoch: 8, Batch: 190, Acc: 5.16%, Loss: 4.3497
Epoch: 8, Batch: 200, Acc: 5.13%, Loss: 4.3578
Epoch: 8, Batch: 210, Acc: 5.16%, Loss: 4.3655
Epoch: 8, Batch: 220, Acc: 5.15%, Loss: 4.3446
Epoch: 8, Batch: 230, Acc: 5.15%, Loss: 4.3676
Epoch: 8, Batch: 240, Acc: 5.15%, Loss: 4.3352
Epoch: 8, Batch: 250, Acc: 5.12%, Loss: 4.3768
Epoch: 8, Batch: 260, Acc: 5.05%, Loss: 4.3577
Epoch: 8, Batch: 270, Acc: 5.10%, Loss: 4.3412
Epoch: 8, Batch: 280, Acc: 5.08%, Loss: 4.3539
Epoch: 8, Batch: 290, Acc: 5.05%, Loss: 4.3531
Epoch: 8, Batch: 300, Acc: 5.06%, Loss: 4.3564
Epoch: 8, Batch: 310, Acc: 5.04%, Loss: 4.3782
Epoch: 8, Batch: 320, Acc: 5.06%, Loss: 4.3839
Epoch: 8, Batch: 330, Acc: 5.10%, Loss: 4.3385
Epoch: 8, Batch: 340, Acc: 5.09%, Loss: 4.3864
Epoch: 8, Batch: 350, Acc: 5.13%, Loss: 4.3463
Epoch: 8, Batch: 360, Acc: 5.13%, Loss: 4.3563
Epoch: 8, Batch: 370, Acc: 5.14%, Loss: 4.3613
Epoch: 8, Batch: 380, Acc: 5.16%, Loss: 4.3500
Epoch: 8, Batch: 390, Acc: 5.20%, Loss: 4.3321
Epoch: 8, Batch: 400, Acc: 5.24%, Loss: 4.3436
Epoch: 8, Batch: 410, Acc: 5.25%, Loss: 4.3669
Epoch: 8, Batch: 420, Acc: 5.28%, Loss: 4.3267
Epoch: 8, Batch: 430, Acc: 5.27%, Loss: 4.3718
Epoch: 8, Batch: 440, Acc: 5.28%, Loss: 4.3421
Epoch: 8, Batch: 450, Acc: 5.28%, Loss: 4.3713
Epoch: 8, Batch: 460, Acc: 5.26%, Loss: 4.3813
Epoch: 8, Batch: 470, Acc: 5.25%, Loss: 4.3484
Epoch: 8, Batch: 480, Acc: 5.23%, Loss: 4.3314
Epoch: 8, Batch: 490, Acc: 5.24%, Loss: 4.3550
Epoch: 8, Batch: 500, Acc: 5.25%, Loss: 4.3573
Epoch: 8, Batch: 510, Acc: 5.27%, Loss: 4.3500
Epoch: 8, Batch: 520, Acc: 5.26%, Loss: 4.3874
Epoch: 8, Batch: 530, Acc: 5.24%, Loss: 4.3486
Epoch: 8, Batch: 540, Acc: 5.23%, Loss: 4.3793
Epoch: 8, Batch: 550, Acc: 5.21%, Loss: 4.3643
Epoch: 8, Batch: 560, Acc: 5.23%, Loss: 4.3636
Epoch: 8, Batch: 570, Acc: 5.24%, Loss: 4.3662
Epoch: 8, Batch: 580, Acc: 5.23%, Loss: 4.3587
Epoch: 8, Batch: 590, Acc: 5.22%, Loss: 4.3629
Epoch: 8, Batch: 600, Acc: 5.22%, Loss: 4.3220
Epoch: 8, Batch: 610, Acc: 5.20%, Loss: 4.3631
Epoch: 8, Batch: 620, Acc: 5.18%, Loss: 4.3806
Epoch: 8, Batch: 630, Acc: 5.18%, Loss: 4.3494
Epoch: 8, Batch: 640, Acc: 5.19%, Loss: 4.3331
Epoch: 8, Batch: 650, Acc: 5.21%, Loss: 4.3387
Epoch: 8, Batch: 660, Acc: 5.21%, Loss: 4.3414
Epoch: 8, Batch: 670, Acc: 5.20%, Loss: 4.4051
Epoch: 8, Batch: 680, Acc: 5.20%, Loss: 4.3476
Epoch: 8, Batch: 690, Acc: 5.20%, Loss: 4.3075
Epoch: 8, Batch: 700, Acc: 5.19%, Loss: 4.3361
Epoch: 8, Batch: 710, Acc: 5.20%, Loss: 4.2859
Epoch: 8, Batch: 720, Acc: 5.19%, Loss: 4.3551
Epoch: 8, Batch: 730, Acc: 5.18%, Loss: 4.3435
Epoch: 8, Batch: 740, Acc: 5.19%, Loss: 4.3733
Epoch: 8, Batch: 750, Acc: 5.17%, Loss: 4.3613
Epoch: 8, Batch: 760, Acc: 5.17%, Loss: 4.3545
Epoch: 8, Batch: 770, Acc: 5.18%, Loss: 4.3332
Epoch: 8, Batch: 780, Acc: 5.20%, Loss: 4.3340
Accuracy on test set: 5.60%
Epoch: 9, Batch: 10, Acc: 5.78%, Loss: 4.3114
Epoch: 9, Batch: 20, Acc: 6.02%, Loss: 4.3399
Epoch: 9, Batch: 30, Acc: 5.94%, Loss: 4.3396
Epoch: 9, Batch: 40, Acc: 5.70%, Loss: 4.3752
Epoch: 9, Batch: 50, Acc: 5.75%, Loss: 4.3118
Epoch: 9, Batch: 60, Acc: 5.73%, Loss: 4.3445
Epoch: 9, Batch: 70, Acc: 5.47%, Loss: 4.3697
Epoch: 9, Batch: 80, Acc: 5.51%, Loss: 4.3373
Epoch: 9, Batch: 90, Acc: 5.38%, Loss: 4.3447
Epoch: 9, Batch: 100, Acc: 5.41%, Loss: 4.3073
Epoch: 9, Batch: 110, Acc: 5.55%, Loss: 4.3471
Epoch: 9, Batch: 120, Acc: 5.64%, Loss: 4.3371
Epoch: 9, Batch: 130, Acc: 5.60%, Loss: 4.3589
Epoch: 9, Batch: 140, Acc: 5.60%, Loss: 4.3341
Epoch: 9, Batch: 150, Acc: 5.69%, Loss: 4.3323
Epoch: 9, Batch: 160, Acc: 5.64%, Loss: 4.3640
Epoch: 9, Batch: 170, Acc: 5.66%, Loss: 4.3509
Epoch: 9, Batch: 180, Acc: 5.66%, Loss: 4.3398
Epoch: 9, Batch: 190, Acc: 5.62%, Loss: 4.3525
Epoch: 9, Batch: 200, Acc: 5.58%, Loss: 4.3318
Epoch: 9, Batch: 210, Acc: 5.51%, Loss: 4.3683
Epoch: 9, Batch: 220, Acc: 5.51%, Loss: 4.3514
Epoch: 9, Batch: 230, Acc: 5.44%, Loss: 4.3617
Epoch: 9, Batch: 240, Acc: 5.38%, Loss: 4.3629
Epoch: 9, Batch: 250, Acc: 5.38%, Loss: 4.3340
Epoch: 9, Batch: 260, Acc: 5.40%, Loss: 4.3398
Epoch: 9, Batch: 270, Acc: 5.35%, Loss: 4.3761
Epoch: 9, Batch: 280, Acc: 5.31%, Loss: 4.3291
Epoch: 9, Batch: 290, Acc: 5.36%, Loss: 4.3058
Epoch: 9, Batch: 300, Acc: 5.36%, Loss: 4.3319
Epoch: 9, Batch: 310, Acc: 5.37%, Loss: 4.3283
Epoch: 9, Batch: 320, Acc: 5.37%, Loss: 4.3563
Epoch: 9, Batch: 330, Acc: 5.34%, Loss: 4.3737
Epoch: 9, Batch: 340, Acc: 5.36%, Loss: 4.3252
Epoch: 9, Batch: 350, Acc: 5.34%, Loss: 4.3535
Epoch: 9, Batch: 360, Acc: 5.33%, Loss: 4.3770
Epoch: 9, Batch: 370, Acc: 5.33%, Loss: 4.3243
Epoch: 9, Batch: 380, Acc: 5.34%, Loss: 4.3274
Epoch: 9, Batch: 390, Acc: 5.34%, Loss: 4.3541
Epoch: 9, Batch: 400, Acc: 5.34%, Loss: 4.3487
Epoch: 9, Batch: 410, Acc: 5.31%, Loss: 4.3651
Epoch: 9, Batch: 420, Acc: 5.34%, Loss: 4.3231
Epoch: 9, Batch: 430, Acc: 5.32%, Loss: 4.3732
Epoch: 9, Batch: 440, Acc: 5.32%, Loss: 4.3493
Epoch: 9, Batch: 450, Acc: 5.29%, Loss: 4.3627
Epoch: 9, Batch: 460, Acc: 5.29%, Loss: 4.3588
Epoch: 9, Batch: 470, Acc: 5.30%, Loss: 4.3679
Epoch: 9, Batch: 480, Acc: 5.27%, Loss: 4.3159
Epoch: 9, Batch: 490, Acc: 5.24%, Loss: 4.3798
Epoch: 9, Batch: 500, Acc: 5.23%, Loss: 4.3335
Epoch: 9, Batch: 510, Acc: 5.22%, Loss: 4.3450
Epoch: 9, Batch: 520, Acc: 5.21%, Loss: 4.3445
Epoch: 9, Batch: 530, Acc: 5.22%, Loss: 4.3553
Epoch: 9, Batch: 540, Acc: 5.24%, Loss: 4.3326
Epoch: 9, Batch: 550, Acc: 5.22%, Loss: 4.3610
Epoch: 9, Batch: 560, Acc: 5.22%, Loss: 4.3072
Epoch: 9, Batch: 570, Acc: 5.21%, Loss: 4.3506
Epoch: 9, Batch: 580, Acc: 5.22%, Loss: 4.3417
Epoch: 9, Batch: 590, Acc: 5.23%, Loss: 4.3460
Epoch: 9, Batch: 600, Acc: 5.24%, Loss: 4.3218
Epoch: 9, Batch: 610, Acc: 5.25%, Loss: 4.3130
Epoch: 9, Batch: 620, Acc: 5.27%, Loss: 4.3632
Epoch: 9, Batch: 630, Acc: 5.29%, Loss: 4.3121
Epoch: 9, Batch: 640, Acc: 5.31%, Loss: 4.3321
Epoch: 9, Batch: 650, Acc: 5.35%, Loss: 4.3281
Epoch: 9, Batch: 660, Acc: 5.35%, Loss: 4.3501
Epoch: 9, Batch: 670, Acc: 5.39%, Loss: 4.2841
Epoch: 9, Batch: 680, Acc: 5.40%, Loss: 4.3337
Epoch: 9, Batch: 690, Acc: 5.41%, Loss: 4.3252
Epoch: 9, Batch: 700, Acc: 5.42%, Loss: 4.3016
Epoch: 9, Batch: 710, Acc: 5.42%, Loss: 4.3348
Epoch: 9, Batch: 720, Acc: 5.41%, Loss: 4.3295
Epoch: 9, Batch: 730, Acc: 5.40%, Loss: 4.3830
Epoch: 9, Batch: 740, Acc: 5.40%, Loss: 4.3498
Epoch: 9, Batch: 750, Acc: 5.39%, Loss: 4.3662
Epoch: 9, Batch: 760, Acc: 5.39%, Loss: 4.3415
Epoch: 9, Batch: 770, Acc: 5.38%, Loss: 4.3438
Epoch: 9, Batch: 780, Acc: 5.37%, Loss: 4.3599
Accuracy on test set: 5.72%
Epoch: 10, Batch: 10, Acc: 5.47%, Loss: 4.3118
Epoch: 10, Batch: 20, Acc: 5.62%, Loss: 4.3496
Epoch: 10, Batch: 30, Acc: 6.46%, Loss: 4.2796
Epoch: 10, Batch: 40, Acc: 6.25%, Loss: 4.3184
Epoch: 10, Batch: 50, Acc: 6.22%, Loss: 4.2869
Epoch: 10, Batch: 60, Acc: 5.83%, Loss: 4.3546
Epoch: 10, Batch: 70, Acc: 5.62%, Loss: 4.3414
Epoch: 10, Batch: 80, Acc: 5.61%, Loss: 4.3116
Epoch: 10, Batch: 90, Acc: 5.50%, Loss: 4.3418
Epoch: 10, Batch: 100, Acc: 5.66%, Loss: 4.3160
Epoch: 10, Batch: 110, Acc: 5.65%, Loss: 4.3327
Epoch: 10, Batch: 120, Acc: 5.47%, Loss: 4.3329
Epoch: 10, Batch: 130, Acc: 5.37%, Loss: 4.3520
Epoch: 10, Batch: 140, Acc: 5.45%, Loss: 4.3575
Epoch: 10, Batch: 150, Acc: 5.49%, Loss: 4.3277
Epoch: 10, Batch: 160, Acc: 5.48%, Loss: 4.3731
Epoch: 10, Batch: 170, Acc: 5.49%, Loss: 4.3278
Epoch: 10, Batch: 180, Acc: 5.51%, Loss: 4.3646
Epoch: 10, Batch: 190, Acc: 5.44%, Loss: 4.3709
Epoch: 10, Batch: 200, Acc: 5.55%, Loss: 4.2712
Epoch: 10, Batch: 210, Acc: 5.52%, Loss: 4.3432
Epoch: 10, Batch: 220, Acc: 5.48%, Loss: 4.3541
Epoch: 10, Batch: 230, Acc: 5.49%, Loss: 4.3009
Epoch: 10, Batch: 240, Acc: 5.55%, Loss: 4.3038
Epoch: 10, Batch: 250, Acc: 5.59%, Loss: 4.3224
Epoch: 10, Batch: 260, Acc: 5.55%, Loss: 4.3448
Epoch: 10, Batch: 270, Acc: 5.51%, Loss: 4.3551
Epoch: 10, Batch: 280, Acc: 5.52%, Loss: 4.3561
Epoch: 10, Batch: 290, Acc: 5.50%, Loss: 4.3650
Epoch: 10, Batch: 300, Acc: 5.52%, Loss: 4.3267
Epoch: 10, Batch: 310, Acc: 5.49%, Loss: 4.3473
Epoch: 10, Batch: 320, Acc: 5.45%, Loss: 4.3588
Epoch: 10, Batch: 330, Acc: 5.44%, Loss: 4.3552
Epoch: 10, Batch: 340, Acc: 5.46%, Loss: 4.3322
Epoch: 10, Batch: 350, Acc: 5.50%, Loss: 4.3065
Epoch: 10, Batch: 360, Acc: 5.49%, Loss: 4.3429
Epoch: 10, Batch: 370, Acc: 5.51%, Loss: 4.3208
Epoch: 10, Batch: 380, Acc: 5.50%, Loss: 4.3528
Epoch: 10, Batch: 390, Acc: 5.45%, Loss: 4.3536
Epoch: 10, Batch: 400, Acc: 5.41%, Loss: 4.3273
Epoch: 10, Batch: 410, Acc: 5.41%, Loss: 4.3535
Epoch: 10, Batch: 420, Acc: 5.38%, Loss: 4.3424
Epoch: 10, Batch: 430, Acc: 5.37%, Loss: 4.3061
Epoch: 10, Batch: 440, Acc: 5.38%, Loss: 4.2762
Epoch: 10, Batch: 450, Acc: 5.39%, Loss: 4.3205
Epoch: 10, Batch: 460, Acc: 5.39%, Loss: 4.3314
Epoch: 10, Batch: 470, Acc: 5.38%, Loss: 4.3556
Epoch: 10, Batch: 480, Acc: 5.37%, Loss: 4.3023
Epoch: 10, Batch: 490, Acc: 5.35%, Loss: 4.3435
Epoch: 10, Batch: 500, Acc: 5.36%, Loss: 4.3074
Epoch: 10, Batch: 510, Acc: 5.34%, Loss: 4.2892
Epoch: 10, Batch: 520, Acc: 5.34%, Loss: 4.3367
Epoch: 10, Batch: 530, Acc: 5.37%, Loss: 4.3289
Epoch: 10, Batch: 540, Acc: 5.36%, Loss: 4.3416
Epoch: 10, Batch: 550, Acc: 5.38%, Loss: 4.2999
Epoch: 10, Batch: 560, Acc: 5.39%, Loss: 4.3190
Epoch: 10, Batch: 570, Acc: 5.38%, Loss: 4.3537
Epoch: 10, Batch: 580, Acc: 5.38%, Loss: 4.3402
Epoch: 10, Batch: 590, Acc: 5.37%, Loss: 4.3565
Epoch: 10, Batch: 600, Acc: 5.37%, Loss: 4.3172
Epoch: 10, Batch: 610, Acc: 5.40%, Loss: 4.3451
Epoch: 10, Batch: 620, Acc: 5.41%, Loss: 4.3252
Epoch: 10, Batch: 630, Acc: 5.41%, Loss: 4.3480
Epoch: 10, Batch: 640, Acc: 5.42%, Loss: 4.3480
Epoch: 10, Batch: 650, Acc: 5.39%, Loss: 4.4000
Epoch: 10, Batch: 660, Acc: 5.42%, Loss: 4.3286
Epoch: 10, Batch: 670, Acc: 5.41%, Loss: 4.3409
Epoch: 10, Batch: 680, Acc: 5.43%, Loss: 4.2975
Epoch: 10, Batch: 690, Acc: 5.44%, Loss: 4.3256
Epoch: 10, Batch: 700, Acc: 5.45%, Loss: 4.3313
Epoch: 10, Batch: 710, Acc: 5.47%, Loss: 4.3284
Epoch: 10, Batch: 720, Acc: 5.43%, Loss: 4.3845
Epoch: 10, Batch: 730, Acc: 5.45%, Loss: 4.3243
Epoch: 10, Batch: 740, Acc: 5.45%, Loss: 4.3715
Epoch: 10, Batch: 750, Acc: 5.46%, Loss: 4.3440
Epoch: 10, Batch: 760, Acc: 5.46%, Loss: 4.3407
Epoch: 10, Batch: 770, Acc: 5.49%, Loss: 4.2955
Epoch: 10, Batch: 780, Acc: 5.49%, Loss: 4.3509
Accuracy on test set: 5.76%
Epoch: 11, Batch: 10, Acc: 5.16%, Loss: 4.3429
Epoch: 11, Batch: 20, Acc: 4.92%, Loss: 4.3515
Epoch: 11, Batch: 30, Acc: 5.42%, Loss: 4.2998
Epoch: 11, Batch: 40, Acc: 5.66%, Loss: 4.3343
Epoch: 11, Batch: 50, Acc: 5.62%, Loss: 4.3311
Epoch: 11, Batch: 60, Acc: 5.55%, Loss: 4.3595
Epoch: 11, Batch: 70, Acc: 5.31%, Loss: 4.3459
Epoch: 11, Batch: 80, Acc: 5.47%, Loss: 4.2949
Epoch: 11, Batch: 90, Acc: 5.50%, Loss: 4.3248
Epoch: 11, Batch: 100, Acc: 5.52%, Loss: 4.3286
Epoch: 11, Batch: 110, Acc: 5.51%, Loss: 4.3484
Epoch: 11, Batch: 120, Acc: 5.49%, Loss: 4.3348
Epoch: 11, Batch: 130, Acc: 5.61%, Loss: 4.3414
Epoch: 11, Batch: 140, Acc: 5.68%, Loss: 4.2996
Epoch: 11, Batch: 150, Acc: 5.67%, Loss: 4.3046
Epoch: 11, Batch: 160, Acc: 5.78%, Loss: 4.2817
Epoch: 11, Batch: 170, Acc: 5.77%, Loss: 4.3265
Epoch: 11, Batch: 180, Acc: 5.71%, Loss: 4.3318
Epoch: 11, Batch: 190, Acc: 5.78%, Loss: 4.3377
Epoch: 11, Batch: 200, Acc: 5.74%, Loss: 4.3219
Epoch: 11, Batch: 210, Acc: 5.74%, Loss: 4.3137
Epoch: 11, Batch: 220, Acc: 5.71%, Loss: 4.2891
Epoch: 11, Batch: 230, Acc: 5.71%, Loss: 4.3219
Epoch: 11, Batch: 240, Acc: 5.70%, Loss: 4.3181
Epoch: 11, Batch: 250, Acc: 5.64%, Loss: 4.3288
Epoch: 11, Batch: 260, Acc: 5.58%, Loss: 4.3107
Epoch: 11, Batch: 270, Acc: 5.60%, Loss: 4.3038
Epoch: 11, Batch: 280, Acc: 5.63%, Loss: 4.3390
Epoch: 11, Batch: 290, Acc: 5.62%, Loss: 4.3209
Epoch: 11, Batch: 300, Acc: 5.65%, Loss: 4.2954
Epoch: 11, Batch: 310, Acc: 5.66%, Loss: 4.3312
Epoch: 11, Batch: 320, Acc: 5.67%, Loss: 4.3520
Epoch: 11, Batch: 330, Acc: 5.62%, Loss: 4.3186
Epoch: 11, Batch: 340, Acc: 5.62%, Loss: 4.3079
Epoch: 11, Batch: 350, Acc: 5.64%, Loss: 4.3108
Epoch: 11, Batch: 360, Acc: 5.61%, Loss: 4.3736
Epoch: 11, Batch: 370, Acc: 5.59%, Loss: 4.3300
Epoch: 11, Batch: 380, Acc: 5.56%, Loss: 4.3105
Epoch: 11, Batch: 390, Acc: 5.55%, Loss: 4.3114
Epoch: 11, Batch: 400, Acc: 5.58%, Loss: 4.3065
Epoch: 11, Batch: 410, Acc: 5.56%, Loss: 4.3344
Epoch: 11, Batch: 420, Acc: 5.57%, Loss: 4.3126
Epoch: 11, Batch: 430, Acc: 5.55%, Loss: 4.3303
Epoch: 11, Batch: 440, Acc: 5.52%, Loss: 4.3250
Epoch: 11, Batch: 450, Acc: 5.49%, Loss: 4.3534
Epoch: 11, Batch: 460, Acc: 5.53%, Loss: 4.3176
Epoch: 11, Batch: 470, Acc: 5.53%, Loss: 4.3560
Epoch: 11, Batch: 480, Acc: 5.54%, Loss: 4.3307
Epoch: 11, Batch: 490, Acc: 5.53%, Loss: 4.3416
Epoch: 11, Batch: 500, Acc: 5.53%, Loss: 4.3673
Epoch: 11, Batch: 510, Acc: 5.50%, Loss: 4.3057
Epoch: 11, Batch: 520, Acc: 5.49%, Loss: 4.3247
Epoch: 11, Batch: 530, Acc: 5.50%, Loss: 4.3131
Epoch: 11, Batch: 540, Acc: 5.49%, Loss: 4.3393
Epoch: 11, Batch: 550, Acc: 5.49%, Loss: 4.3117
Epoch: 11, Batch: 560, Acc: 5.48%, Loss: 4.3301
Epoch: 11, Batch: 570, Acc: 5.50%, Loss: 4.3181
Epoch: 11, Batch: 580, Acc: 5.52%, Loss: 4.3099
Epoch: 11, Batch: 590, Acc: 5.50%, Loss: 4.3658
Epoch: 11, Batch: 600, Acc: 5.50%, Loss: 4.3184
Epoch: 11, Batch: 610, Acc: 5.52%, Loss: 4.3200
Epoch: 11, Batch: 620, Acc: 5.52%, Loss: 4.3272
Epoch: 11, Batch: 630, Acc: 5.51%, Loss: 4.3653
Epoch: 11, Batch: 640, Acc: 5.52%, Loss: 4.3216
Epoch: 11, Batch: 650, Acc: 5.52%, Loss: 4.3547
Epoch: 11, Batch: 660, Acc: 5.53%, Loss: 4.3139
Epoch: 11, Batch: 670, Acc: 5.56%, Loss: 4.3099
Epoch: 11, Batch: 680, Acc: 5.57%, Loss: 4.3075
Epoch: 11, Batch: 690, Acc: 5.58%, Loss: 4.3175
Epoch: 11, Batch: 700, Acc: 5.56%, Loss: 4.3532
Epoch: 11, Batch: 710, Acc: 5.58%, Loss: 4.3133
Epoch: 11, Batch: 720, Acc: 5.57%, Loss: 4.3484
Epoch: 11, Batch: 730, Acc: 5.58%, Loss: 4.3091
Epoch: 11, Batch: 740, Acc: 5.57%, Loss: 4.3218
Epoch: 11, Batch: 750, Acc: 5.57%, Loss: 4.3173
Epoch: 11, Batch: 760, Acc: 5.58%, Loss: 4.3109
Epoch: 11, Batch: 770, Acc: 5.58%, Loss: 4.3261
Epoch: 11, Batch: 780, Acc: 5.57%, Loss: 4.3079
Accuracy on test set: 5.64%
Epoch: 12, Batch: 10, Acc: 7.19%, Loss: 4.2946
Epoch: 12, Batch: 20, Acc: 5.94%, Loss: 4.3478
Epoch: 12, Batch: 30, Acc: 6.09%, Loss: 4.3493
Epoch: 12, Batch: 40, Acc: 5.86%, Loss: 4.3127
Epoch: 12, Batch: 50, Acc: 5.69%, Loss: 4.3235
Epoch: 12, Batch: 60, Acc: 5.39%, Loss: 4.3303
Epoch: 12, Batch: 70, Acc: 5.47%, Loss: 4.3469
Epoch: 12, Batch: 80, Acc: 5.53%, Loss: 4.2917
Epoch: 12, Batch: 90, Acc: 5.54%, Loss: 4.3633
Epoch: 12, Batch: 100, Acc: 5.64%, Loss: 4.2766
Epoch: 12, Batch: 110, Acc: 5.65%, Loss: 4.3205
Epoch: 12, Batch: 120, Acc: 5.74%, Loss: 4.3204
Epoch: 12, Batch: 130, Acc: 5.77%, Loss: 4.2843
Epoch: 12, Batch: 140, Acc: 5.83%, Loss: 4.3300
Epoch: 12, Batch: 150, Acc: 5.67%, Loss: 4.3676
Epoch: 12, Batch: 160, Acc: 5.67%, Loss: 4.3410
Epoch: 12, Batch: 170, Acc: 5.66%, Loss: 4.3503
Epoch: 12, Batch: 180, Acc: 5.69%, Loss: 4.3467
Epoch: 12, Batch: 190, Acc: 5.71%, Loss: 4.3177
Epoch: 12, Batch: 200, Acc: 5.74%, Loss: 4.3034
Epoch: 12, Batch: 210, Acc: 5.77%, Loss: 4.3101
Epoch: 12, Batch: 220, Acc: 5.71%, Loss: 4.3389
Epoch: 12, Batch: 230, Acc: 5.75%, Loss: 4.2675
Epoch: 12, Batch: 240, Acc: 5.82%, Loss: 4.2776
Epoch: 12, Batch: 250, Acc: 5.76%, Loss: 4.3515
Epoch: 12, Batch: 260, Acc: 5.76%, Loss: 4.3332
Epoch: 12, Batch: 270, Acc: 5.69%, Loss: 4.3385
Epoch: 12, Batch: 280, Acc: 5.70%, Loss: 4.3128
Epoch: 12, Batch: 290, Acc: 5.67%, Loss: 4.3355
Epoch: 12, Batch: 300, Acc: 5.66%, Loss: 4.3185
Epoch: 12, Batch: 310, Acc: 5.68%, Loss: 4.3208
Epoch: 12, Batch: 320, Acc: 5.68%, Loss: 4.3120
Epoch: 12, Batch: 330, Acc: 5.64%, Loss: 4.3374
Epoch: 12, Batch: 340, Acc: 5.65%, Loss: 4.3085
Epoch: 12, Batch: 350, Acc: 5.61%, Loss: 4.3301
Epoch: 12, Batch: 360, Acc: 5.58%, Loss: 4.3262
Epoch: 12, Batch: 370, Acc: 5.62%, Loss: 4.3112
Epoch: 12, Batch: 380, Acc: 5.60%, Loss: 4.3080
Epoch: 12, Batch: 390, Acc: 5.65%, Loss: 4.3530
Epoch: 12, Batch: 400, Acc: 5.70%, Loss: 4.2827
Epoch: 12, Batch: 410, Acc: 5.69%, Loss: 4.3038
Epoch: 12, Batch: 420, Acc: 5.66%, Loss: 4.3326
Epoch: 12, Batch: 430, Acc: 5.66%, Loss: 4.3084
Epoch: 12, Batch: 440, Acc: 5.68%, Loss: 4.3171
Epoch: 12, Batch: 450, Acc: 5.65%, Loss: 4.3359
Epoch: 12, Batch: 460, Acc: 5.68%, Loss: 4.2830
Epoch: 12, Batch: 470, Acc: 5.66%, Loss: 4.3422
Epoch: 12, Batch: 480, Acc: 5.67%, Loss: 4.3310
Epoch: 12, Batch: 490, Acc: 5.66%, Loss: 4.3132
Epoch: 12, Batch: 500, Acc: 5.66%, Loss: 4.3320
Epoch: 12, Batch: 510, Acc: 5.65%, Loss: 4.3324
Epoch: 12, Batch: 520, Acc: 5.62%, Loss: 4.3542
Epoch: 12, Batch: 530, Acc: 5.63%, Loss: 4.2818
Epoch: 12, Batch: 540, Acc: 5.64%, Loss: 4.3176
Epoch: 12, Batch: 550, Acc: 5.64%, Loss: 4.3288
Epoch: 12, Batch: 560, Acc: 5.65%, Loss: 4.3261
Epoch: 12, Batch: 570, Acc: 5.64%, Loss: 4.3152
Epoch: 12, Batch: 580, Acc: 5.65%, Loss: 4.3054
Epoch: 12, Batch: 590, Acc: 5.67%, Loss: 4.2867
Epoch: 12, Batch: 600, Acc: 5.69%, Loss: 4.2663
Epoch: 12, Batch: 610, Acc: 5.67%, Loss: 4.3152
Epoch: 12, Batch: 620, Acc: 5.70%, Loss: 4.2974
Epoch: 12, Batch: 630, Acc: 5.69%, Loss: 4.3483
Epoch: 12, Batch: 640, Acc: 5.70%, Loss: 4.3126
Epoch: 12, Batch: 650, Acc: 5.72%, Loss: 4.2840
Epoch: 12, Batch: 660, Acc: 5.71%, Loss: 4.3086
Epoch: 12, Batch: 670, Acc: 5.69%, Loss: 4.3758
Epoch: 12, Batch: 680, Acc: 5.69%, Loss: 4.3414
Epoch: 12, Batch: 690, Acc: 5.68%, Loss: 4.2903
Epoch: 12, Batch: 700, Acc: 5.71%, Loss: 4.3175
Epoch: 12, Batch: 710, Acc: 5.72%, Loss: 4.2692
Epoch: 12, Batch: 720, Acc: 5.71%, Loss: 4.3370
Epoch: 12, Batch: 730, Acc: 5.70%, Loss: 4.3221
Epoch: 12, Batch: 740, Acc: 5.72%, Loss: 4.3076
Epoch: 12, Batch: 750, Acc: 5.71%, Loss: 4.2734
Epoch: 12, Batch: 760, Acc: 5.72%, Loss: 4.2785
Epoch: 12, Batch: 770, Acc: 5.72%, Loss: 4.3001
Epoch: 12, Batch: 780, Acc: 5.73%, Loss: 4.3419
Accuracy on test set: 6.04%
Epoch: 13, Batch: 10, Acc: 6.09%, Loss: 4.3162
Epoch: 13, Batch: 20, Acc: 6.48%, Loss: 4.2809
Epoch: 13, Batch: 30, Acc: 5.73%, Loss: 4.3410
Epoch: 13, Batch: 40, Acc: 6.13%, Loss: 4.3285
Epoch: 13, Batch: 50, Acc: 5.94%, Loss: 4.3393
Epoch: 13, Batch: 60, Acc: 5.89%, Loss: 4.3279
Epoch: 13, Batch: 70, Acc: 5.80%, Loss: 4.3280
Epoch: 13, Batch: 80, Acc: 6.02%, Loss: 4.2574
Epoch: 13, Batch: 90, Acc: 6.23%, Loss: 4.2809
Epoch: 13, Batch: 100, Acc: 6.27%, Loss: 4.3043
Epoch: 13, Batch: 110, Acc: 6.14%, Loss: 4.3132
Epoch: 13, Batch: 120, Acc: 6.13%, Loss: 4.2882
Epoch: 13, Batch: 130, Acc: 6.09%, Loss: 4.3554
Epoch: 13, Batch: 140, Acc: 6.04%, Loss: 4.3151
Epoch: 13, Batch: 150, Acc: 6.01%, Loss: 4.3355
Epoch: 13, Batch: 160, Acc: 5.91%, Loss: 4.3069
Epoch: 13, Batch: 170, Acc: 5.97%, Loss: 4.2827
Epoch: 13, Batch: 180, Acc: 6.01%, Loss: 4.2899
Epoch: 13, Batch: 190, Acc: 5.98%, Loss: 4.3361
Epoch: 13, Batch: 200, Acc: 6.02%, Loss: 4.2759
Epoch: 13, Batch: 210, Acc: 6.06%, Loss: 4.2930
Epoch: 13, Batch: 220, Acc: 6.08%, Loss: 4.3063
Epoch: 13, Batch: 230, Acc: 6.01%, Loss: 4.3698
Epoch: 13, Batch: 240, Acc: 5.95%, Loss: 4.3555
Epoch: 13, Batch: 250, Acc: 5.91%, Loss: 4.3274
Epoch: 13, Batch: 260, Acc: 5.88%, Loss: 4.3256
Epoch: 13, Batch: 270, Acc: 5.86%, Loss: 4.3403
Epoch: 13, Batch: 280, Acc: 5.89%, Loss: 4.3443
Epoch: 13, Batch: 290, Acc: 5.85%, Loss: 4.3143
Epoch: 13, Batch: 300, Acc: 5.84%, Loss: 4.2901
Epoch: 13, Batch: 310, Acc: 5.79%, Loss: 4.3501
Epoch: 13, Batch: 320, Acc: 5.79%, Loss: 4.2915
Epoch: 13, Batch: 330, Acc: 5.80%, Loss: 4.3225
Epoch: 13, Batch: 340, Acc: 5.81%, Loss: 4.3025
Epoch: 13, Batch: 350, Acc: 5.83%, Loss: 4.3236
Epoch: 13, Batch: 360, Acc: 5.85%, Loss: 4.3131
Epoch: 13, Batch: 370, Acc: 5.84%, Loss: 4.3016
Epoch: 13, Batch: 380, Acc: 5.83%, Loss: 4.3015
Epoch: 13, Batch: 390, Acc: 5.89%, Loss: 4.2882
Epoch: 13, Batch: 400, Acc: 5.89%, Loss: 4.2796
Epoch: 13, Batch: 410, Acc: 5.90%, Loss: 4.3189
Epoch: 13, Batch: 420, Acc: 5.86%, Loss: 4.3343
Epoch: 13, Batch: 430, Acc: 5.88%, Loss: 4.2832
Epoch: 13, Batch: 440, Acc: 5.88%, Loss: 4.3401
Epoch: 13, Batch: 450, Acc: 5.87%, Loss: 4.3037
Epoch: 13, Batch: 460, Acc: 5.90%, Loss: 4.2939
Epoch: 13, Batch: 470, Acc: 5.92%, Loss: 4.3236
Epoch: 13, Batch: 480, Acc: 5.93%, Loss: 4.2665
Epoch: 13, Batch: 490, Acc: 5.91%, Loss: 4.3419
Epoch: 13, Batch: 500, Acc: 5.88%, Loss: 4.3689
Epoch: 13, Batch: 510, Acc: 5.88%, Loss: 4.3126
Epoch: 13, Batch: 520, Acc: 5.89%, Loss: 4.3270
Epoch: 13, Batch: 530, Acc: 5.89%, Loss: 4.2942
Epoch: 13, Batch: 540, Acc: 5.92%, Loss: 4.2912
Epoch: 13, Batch: 550, Acc: 5.93%, Loss: 4.2877
Epoch: 13, Batch: 560, Acc: 5.90%, Loss: 4.3421
Epoch: 13, Batch: 570, Acc: 5.89%, Loss: 4.3068
Epoch: 13, Batch: 580, Acc: 5.90%, Loss: 4.2594
Epoch: 13, Batch: 590, Acc: 5.84%, Loss: 4.3295
Epoch: 13, Batch: 600, Acc: 5.83%, Loss: 4.2970
Epoch: 13, Batch: 610, Acc: 5.86%, Loss: 4.2801
Epoch: 13, Batch: 620, Acc: 5.83%, Loss: 4.2845
Epoch: 13, Batch: 630, Acc: 5.80%, Loss: 4.3396
Epoch: 13, Batch: 640, Acc: 5.79%, Loss: 4.3293
Epoch: 13, Batch: 650, Acc: 5.77%, Loss: 4.3356
Epoch: 13, Batch: 660, Acc: 5.77%, Loss: 4.2797
Epoch: 13, Batch: 670, Acc: 5.79%, Loss: 4.3046
Epoch: 13, Batch: 680, Acc: 5.81%, Loss: 4.3052
Epoch: 13, Batch: 690, Acc: 5.82%, Loss: 4.3052
Epoch: 13, Batch: 700, Acc: 5.83%, Loss: 4.3013
Epoch: 13, Batch: 710, Acc: 5.82%, Loss: 4.3143
Epoch: 13, Batch: 720, Acc: 5.80%, Loss: 4.3294
Epoch: 13, Batch: 730, Acc: 5.82%, Loss: 4.2545
Epoch: 13, Batch: 740, Acc: 5.81%, Loss: 4.3408
Epoch: 13, Batch: 750, Acc: 5.80%, Loss: 4.3358
Epoch: 13, Batch: 760, Acc: 5.80%, Loss: 4.3086
Epoch: 13, Batch: 770, Acc: 5.81%, Loss: 4.3187
Epoch: 13, Batch: 780, Acc: 5.85%, Loss: 4.2774
Accuracy on test set: 5.99%
Epoch: 14, Batch: 10, Acc: 7.34%, Loss: 4.2880
Epoch: 14, Batch: 20, Acc: 6.41%, Loss: 4.3285
Epoch: 14, Batch: 30, Acc: 6.67%, Loss: 4.2792
Epoch: 14, Batch: 40, Acc: 6.37%, Loss: 4.3519
Epoch: 14, Batch: 50, Acc: 6.53%, Loss: 4.2957
Epoch: 14, Batch: 60, Acc: 6.22%, Loss: 4.3168
Epoch: 14, Batch: 70, Acc: 6.07%, Loss: 4.3370
Epoch: 14, Batch: 80, Acc: 6.21%, Loss: 4.2937
Epoch: 14, Batch: 90, Acc: 5.95%, Loss: 4.3403
Epoch: 14, Batch: 100, Acc: 5.88%, Loss: 4.3164
Epoch: 14, Batch: 110, Acc: 5.87%, Loss: 4.3123
Epoch: 14, Batch: 120, Acc: 5.94%, Loss: 4.2835
Epoch: 14, Batch: 130, Acc: 5.89%, Loss: 4.3216
Epoch: 14, Batch: 140, Acc: 5.96%, Loss: 4.3158
Epoch: 14, Batch: 150, Acc: 5.90%, Loss: 4.3069
Epoch: 14, Batch: 160, Acc: 5.87%, Loss: 4.2987
Epoch: 14, Batch: 170, Acc: 5.77%, Loss: 4.3528
Epoch: 14, Batch: 180, Acc: 5.71%, Loss: 4.3465
Epoch: 14, Batch: 190, Acc: 5.79%, Loss: 4.3291
Epoch: 14, Batch: 200, Acc: 5.71%, Loss: 4.3012
Epoch: 14, Batch: 210, Acc: 5.68%, Loss: 4.2705
Epoch: 14, Batch: 220, Acc: 5.69%, Loss: 4.3375
Epoch: 14, Batch: 230, Acc: 5.73%, Loss: 4.2854
Epoch: 14, Batch: 240, Acc: 5.74%, Loss: 4.3029
Epoch: 14, Batch: 250, Acc: 5.67%, Loss: 4.3302
Epoch: 14, Batch: 260, Acc: 5.67%, Loss: 4.3291
Epoch: 14, Batch: 270, Acc: 5.67%, Loss: 4.3413
Epoch: 14, Batch: 280, Acc: 5.65%, Loss: 4.3349
Epoch: 14, Batch: 290, Acc: 5.66%, Loss: 4.3247
Epoch: 14, Batch: 300, Acc: 5.66%, Loss: 4.2945
Epoch: 14, Batch: 310, Acc: 5.67%, Loss: 4.3118
Epoch: 14, Batch: 320, Acc: 5.70%, Loss: 4.3020
Epoch: 14, Batch: 330, Acc: 5.67%, Loss: 4.3266
Epoch: 14, Batch: 340, Acc: 5.70%, Loss: 4.2735
Epoch: 14, Batch: 350, Acc: 5.67%, Loss: 4.3066
Epoch: 14, Batch: 360, Acc: 5.71%, Loss: 4.2868
Epoch: 14, Batch: 370, Acc: 5.71%, Loss: 4.2792
Epoch: 14, Batch: 380, Acc: 5.70%, Loss: 4.3279
Epoch: 14, Batch: 390, Acc: 5.74%, Loss: 4.2752
Epoch: 14, Batch: 400, Acc: 5.73%, Loss: 4.2796
Epoch: 14, Batch: 410, Acc: 5.75%, Loss: 4.3075
Epoch: 14, Batch: 420, Acc: 5.76%, Loss: 4.2969
Epoch: 14, Batch: 430, Acc: 5.75%, Loss: 4.3086
Epoch: 14, Batch: 440, Acc: 5.74%, Loss: 4.3037
Epoch: 14, Batch: 450, Acc: 5.77%, Loss: 4.2547
Epoch: 14, Batch: 460, Acc: 5.75%, Loss: 4.3258
Epoch: 14, Batch: 470, Acc: 5.76%, Loss: 4.3376
Epoch: 14, Batch: 480, Acc: 5.78%, Loss: 4.2828
Epoch: 14, Batch: 490, Acc: 5.76%, Loss: 4.2932
Epoch: 14, Batch: 500, Acc: 5.73%, Loss: 4.3210
Epoch: 14, Batch: 510, Acc: 5.77%, Loss: 4.3532
Epoch: 14, Batch: 520, Acc: 5.76%, Loss: 4.3361
Epoch: 14, Batch: 530, Acc: 5.78%, Loss: 4.2936
Epoch: 14, Batch: 540, Acc: 5.79%, Loss: 4.2745
Epoch: 14, Batch: 550, Acc: 5.79%, Loss: 4.3087
Epoch: 14, Batch: 560, Acc: 5.80%, Loss: 4.2502
Epoch: 14, Batch: 570, Acc: 5.82%, Loss: 4.2474
Epoch: 14, Batch: 580, Acc: 5.81%, Loss: 4.3120
Epoch: 14, Batch: 590, Acc: 5.82%, Loss: 4.3165
Epoch: 14, Batch: 600, Acc: 5.80%, Loss: 4.3098
Epoch: 14, Batch: 610, Acc: 5.80%, Loss: 4.3235
Epoch: 14, Batch: 620, Acc: 5.81%, Loss: 4.2799
Epoch: 14, Batch: 630, Acc: 5.85%, Loss: 4.2703
Epoch: 14, Batch: 640, Acc: 5.85%, Loss: 4.2595
Epoch: 14, Batch: 650, Acc: 5.87%, Loss: 4.2852
Epoch: 14, Batch: 660, Acc: 5.85%, Loss: 4.2896
Epoch: 14, Batch: 670, Acc: 5.84%, Loss: 4.3135
Epoch: 14, Batch: 680, Acc: 5.84%, Loss: 4.3127
Epoch: 14, Batch: 690, Acc: 5.84%, Loss: 4.3245
Epoch: 14, Batch: 700, Acc: 5.85%, Loss: 4.2956
Epoch: 14, Batch: 710, Acc: 5.85%, Loss: 4.2916
Epoch: 14, Batch: 720, Acc: 5.86%, Loss: 4.3077
Epoch: 14, Batch: 730, Acc: 5.87%, Loss: 4.2972
Epoch: 14, Batch: 740, Acc: 5.87%, Loss: 4.3070
Epoch: 14, Batch: 750, Acc: 5.85%, Loss: 4.2915
Epoch: 14, Batch: 760, Acc: 5.84%, Loss: 4.2998
Epoch: 14, Batch: 770, Acc: 5.84%, Loss: 4.2895
Epoch: 14, Batch: 780, Acc: 5.83%, Loss: 4.3538
Accuracy on test set: 6.44%
Epoch: 15, Batch: 10, Acc: 5.78%, Loss: 4.3145
Epoch: 15, Batch: 20, Acc: 6.02%, Loss: 4.3219
Epoch: 15, Batch: 30, Acc: 5.94%, Loss: 4.3324
Epoch: 15, Batch: 40, Acc: 5.66%, Loss: 4.3136
Epoch: 15, Batch: 50, Acc: 5.62%, Loss: 4.2902
Epoch: 15, Batch: 60, Acc: 5.86%, Loss: 4.2623
Epoch: 15, Batch: 70, Acc: 6.09%, Loss: 4.2658
Epoch: 15, Batch: 80, Acc: 6.00%, Loss: 4.3280
Epoch: 15, Batch: 90, Acc: 6.04%, Loss: 4.2997
Epoch: 15, Batch: 100, Acc: 6.06%, Loss: 4.3368
Epoch: 15, Batch: 110, Acc: 5.91%, Loss: 4.3637
Epoch: 15, Batch: 120, Acc: 5.92%, Loss: 4.3373
Epoch: 15, Batch: 130, Acc: 5.99%, Loss: 4.2743
Epoch: 15, Batch: 140, Acc: 6.02%, Loss: 4.2469
Epoch: 15, Batch: 150, Acc: 5.99%, Loss: 4.3020
Epoch: 15, Batch: 160, Acc: 5.98%, Loss: 4.3155
Epoch: 15, Batch: 170, Acc: 5.99%, Loss: 4.2904
Epoch: 15, Batch: 180, Acc: 6.02%, Loss: 4.2874
Epoch: 15, Batch: 190, Acc: 6.04%, Loss: 4.3396
Epoch: 15, Batch: 200, Acc: 6.04%, Loss: 4.2761
Epoch: 15, Batch: 210, Acc: 6.05%, Loss: 4.3417
Epoch: 15, Batch: 220, Acc: 6.04%, Loss: 4.2949
Epoch: 15, Batch: 230, Acc: 6.09%, Loss: 4.2697
Epoch: 15, Batch: 240, Acc: 6.07%, Loss: 4.3154
Epoch: 15, Batch: 250, Acc: 5.99%, Loss: 4.3392
Epoch: 15, Batch: 260, Acc: 6.01%, Loss: 4.2809
Epoch: 15, Batch: 270, Acc: 6.05%, Loss: 4.2834
Epoch: 15, Batch: 280, Acc: 6.09%, Loss: 4.3102
Epoch: 15, Batch: 290, Acc: 6.11%, Loss: 4.3126
Epoch: 15, Batch: 300, Acc: 6.12%, Loss: 4.2815
Epoch: 15, Batch: 310, Acc: 6.18%, Loss: 4.2992
Epoch: 15, Batch: 320, Acc: 6.21%, Loss: 4.2561
Epoch: 15, Batch: 330, Acc: 6.16%, Loss: 4.3192
Epoch: 15, Batch: 340, Acc: 6.12%, Loss: 4.2871
Epoch: 15, Batch: 350, Acc: 6.07%, Loss: 4.2850
Epoch: 15, Batch: 360, Acc: 6.06%, Loss: 4.3231
Epoch: 15, Batch: 370, Acc: 6.13%, Loss: 4.2838
Epoch: 15, Batch: 380, Acc: 6.12%, Loss: 4.3013
Epoch: 15, Batch: 390, Acc: 6.16%, Loss: 4.2627
Epoch: 15, Batch: 400, Acc: 6.16%, Loss: 4.3035
Epoch: 15, Batch: 410, Acc: 6.13%, Loss: 4.3233
Epoch: 15, Batch: 420, Acc: 6.12%, Loss: 4.3576
Epoch: 15, Batch: 430, Acc: 6.09%, Loss: 4.3415
Epoch: 15, Batch: 440, Acc: 6.08%, Loss: 4.3449
Epoch: 15, Batch: 450, Acc: 6.07%, Loss: 4.2997
Epoch: 15, Batch: 460, Acc: 6.03%, Loss: 4.3092
Epoch: 15, Batch: 470, Acc: 6.03%, Loss: 4.3030
Epoch: 15, Batch: 480, Acc: 6.03%, Loss: 4.2953
Epoch: 15, Batch: 490, Acc: 6.06%, Loss: 4.3194
Epoch: 15, Batch: 500, Acc: 6.03%, Loss: 4.3246
Epoch: 15, Batch: 510, Acc: 6.02%, Loss: 4.3124
Epoch: 15, Batch: 520, Acc: 6.03%, Loss: 4.2526
Epoch: 15, Batch: 530, Acc: 6.05%, Loss: 4.2857
Epoch: 15, Batch: 540, Acc: 6.02%, Loss: 4.3227
Epoch: 15, Batch: 550, Acc: 6.04%, Loss: 4.2847
Epoch: 15, Batch: 560, Acc: 6.03%, Loss: 4.2954
Epoch: 15, Batch: 570, Acc: 6.01%, Loss: 4.3171
Epoch: 15, Batch: 580, Acc: 6.00%, Loss: 4.3020
Epoch: 15, Batch: 590, Acc: 6.01%, Loss: 4.2809
Epoch: 15, Batch: 600, Acc: 6.01%, Loss: 4.2724
Epoch: 15, Batch: 610, Acc: 6.01%, Loss: 4.2720
Epoch: 15, Batch: 620, Acc: 6.00%, Loss: 4.2935
Epoch: 15, Batch: 630, Acc: 6.00%, Loss: 4.2888
Epoch: 15, Batch: 640, Acc: 6.00%, Loss: 4.3263
Epoch: 15, Batch: 650, Acc: 5.98%, Loss: 4.3106
Epoch: 15, Batch: 660, Acc: 5.98%, Loss: 4.3232
Epoch: 15, Batch: 670, Acc: 5.97%, Loss: 4.2930
Epoch: 15, Batch: 680, Acc: 5.98%, Loss: 4.2972
Epoch: 15, Batch: 690, Acc: 5.97%, Loss: 4.2787
Epoch: 15, Batch: 700, Acc: 5.96%, Loss: 4.2811
Epoch: 15, Batch: 710, Acc: 5.97%, Loss: 4.2911
Epoch: 15, Batch: 720, Acc: 5.97%, Loss: 4.2523
Epoch: 15, Batch: 730, Acc: 5.98%, Loss: 4.2636
Epoch: 15, Batch: 740, Acc: 5.98%, Loss: 4.2977
Epoch: 15, Batch: 750, Acc: 5.98%, Loss: 4.2795
Epoch: 15, Batch: 760, Acc: 6.00%, Loss: 4.2793
Epoch: 15, Batch: 770, Acc: 6.00%, Loss: 4.2892
Epoch: 15, Batch: 780, Acc: 5.99%, Loss: 4.3060
Accuracy on test set: 6.11%
Epoch: 16, Batch: 10, Acc: 5.47%, Loss: 4.3015
Epoch: 16, Batch: 20, Acc: 5.23%, Loss: 4.3103
Epoch: 16, Batch: 30, Acc: 5.89%, Loss: 4.2877
Epoch: 16, Batch: 40, Acc: 5.86%, Loss: 4.3094
Epoch: 16, Batch: 50, Acc: 5.75%, Loss: 4.2814
Epoch: 16, Batch: 60, Acc: 5.89%, Loss: 4.2926
Epoch: 16, Batch: 70, Acc: 5.60%, Loss: 4.2841
Epoch: 16, Batch: 80, Acc: 5.53%, Loss: 4.2701
Epoch: 16, Batch: 90, Acc: 5.73%, Loss: 4.3190
Epoch: 16, Batch: 100, Acc: 5.83%, Loss: 4.2751
Epoch: 16, Batch: 110, Acc: 5.85%, Loss: 4.3253
Epoch: 16, Batch: 120, Acc: 6.00%, Loss: 4.2660
Epoch: 16, Batch: 130, Acc: 6.05%, Loss: 4.3064
Epoch: 16, Batch: 140, Acc: 6.09%, Loss: 4.2844
Epoch: 16, Batch: 150, Acc: 6.04%, Loss: 4.3188
Epoch: 16, Batch: 160, Acc: 6.04%, Loss: 4.2868
Epoch: 16, Batch: 170, Acc: 6.03%, Loss: 4.2640
Epoch: 16, Batch: 180, Acc: 6.16%, Loss: 4.2357
Epoch: 16, Batch: 190, Acc: 6.21%, Loss: 4.2687
Epoch: 16, Batch: 200, Acc: 6.16%, Loss: 4.3039
Epoch: 16, Batch: 210, Acc: 6.15%, Loss: 4.2788
Epoch: 16, Batch: 220, Acc: 6.17%, Loss: 4.3120
Epoch: 16, Batch: 230, Acc: 6.15%, Loss: 4.2877
Epoch: 16, Batch: 240, Acc: 6.13%, Loss: 4.2755
Epoch: 16, Batch: 250, Acc: 6.19%, Loss: 4.2475
Epoch: 16, Batch: 260, Acc: 6.17%, Loss: 4.2785
Epoch: 16, Batch: 270, Acc: 6.15%, Loss: 4.3149
Epoch: 16, Batch: 280, Acc: 6.13%, Loss: 4.3001
Epoch: 16, Batch: 290, Acc: 6.10%, Loss: 4.3035
Epoch: 16, Batch: 300, Acc: 6.11%, Loss: 4.2828
Epoch: 16, Batch: 310, Acc: 6.11%, Loss: 4.2762
Epoch: 16, Batch: 320, Acc: 6.12%, Loss: 4.2817
Epoch: 16, Batch: 330, Acc: 6.11%, Loss: 4.3279
Epoch: 16, Batch: 340, Acc: 6.09%, Loss: 4.2833
Epoch: 16, Batch: 350, Acc: 6.05%, Loss: 4.3407
Epoch: 16, Batch: 360, Acc: 6.09%, Loss: 4.2479
Epoch: 16, Batch: 370, Acc: 6.06%, Loss: 4.3322
Epoch: 16, Batch: 380, Acc: 6.06%, Loss: 4.3171
Epoch: 16, Batch: 390, Acc: 6.05%, Loss: 4.3118
Epoch: 16, Batch: 400, Acc: 6.01%, Loss: 4.3347
Epoch: 16, Batch: 410, Acc: 5.99%, Loss: 4.3063
Epoch: 16, Batch: 420, Acc: 6.01%, Loss: 4.2799
Epoch: 16, Batch: 430, Acc: 6.01%, Loss: 4.3053
Epoch: 16, Batch: 440, Acc: 6.03%, Loss: 4.3156
Epoch: 16, Batch: 450, Acc: 6.01%, Loss: 4.3269
Epoch: 16, Batch: 460, Acc: 6.01%, Loss: 4.2991
Epoch: 16, Batch: 470, Acc: 6.01%, Loss: 4.3021
Epoch: 16, Batch: 480, Acc: 6.01%, Loss: 4.3036
Epoch: 16, Batch: 490, Acc: 6.00%, Loss: 4.2950
Epoch: 16, Batch: 500, Acc: 5.97%, Loss: 4.2927
Epoch: 16, Batch: 510, Acc: 5.97%, Loss: 4.2908
Epoch: 16, Batch: 520, Acc: 5.98%, Loss: 4.3067
Epoch: 16, Batch: 530, Acc: 5.96%, Loss: 4.2683
Epoch: 16, Batch: 540, Acc: 5.99%, Loss: 4.2814
Epoch: 16, Batch: 550, Acc: 5.98%, Loss: 4.3351
Epoch: 16, Batch: 560, Acc: 6.00%, Loss: 4.2616
Epoch: 16, Batch: 570, Acc: 6.01%, Loss: 4.3023
Epoch: 16, Batch: 580, Acc: 5.98%, Loss: 4.3131
Epoch: 16, Batch: 590, Acc: 5.96%, Loss: 4.3457
Epoch: 16, Batch: 600, Acc: 5.96%, Loss: 4.2613
Epoch: 16, Batch: 610, Acc: 5.96%, Loss: 4.2712
Epoch: 16, Batch: 620, Acc: 5.97%, Loss: 4.3015
Epoch: 16, Batch: 630, Acc: 5.94%, Loss: 4.2879
Epoch: 16, Batch: 640, Acc: 5.94%, Loss: 4.2964
Epoch: 16, Batch: 650, Acc: 5.94%, Loss: 4.2767
Epoch: 16, Batch: 660, Acc: 5.94%, Loss: 4.2886
Epoch: 16, Batch: 670, Acc: 5.94%, Loss: 4.2590
Epoch: 16, Batch: 680, Acc: 5.95%, Loss: 4.3086
Epoch: 16, Batch: 690, Acc: 5.96%, Loss: 4.2666
Epoch: 16, Batch: 700, Acc: 5.96%, Loss: 4.3183
Epoch: 16, Batch: 710, Acc: 5.96%, Loss: 4.3346
Epoch: 16, Batch: 720, Acc: 5.97%, Loss: 4.2904
Epoch: 16, Batch: 730, Acc: 5.97%, Loss: 4.3137
Epoch: 16, Batch: 740, Acc: 6.00%, Loss: 4.2802
Epoch: 16, Batch: 750, Acc: 6.00%, Loss: 4.3125
Epoch: 16, Batch: 760, Acc: 5.99%, Loss: 4.3294
Epoch: 16, Batch: 770, Acc: 6.00%, Loss: 4.2924
Epoch: 16, Batch: 780, Acc: 5.99%, Loss: 4.2930
Accuracy on test set: 6.27%
Epoch: 17, Batch: 10, Acc: 5.31%, Loss: 4.2829
Epoch: 17, Batch: 20, Acc: 4.69%, Loss: 4.3120
Epoch: 17, Batch: 30, Acc: 5.16%, Loss: 4.2896
Epoch: 17, Batch: 40, Acc: 5.08%, Loss: 4.3009
Epoch: 17, Batch: 50, Acc: 5.53%, Loss: 4.2665
Epoch: 17, Batch: 60, Acc: 5.39%, Loss: 4.2924
Epoch: 17, Batch: 70, Acc: 5.60%, Loss: 4.3117
Epoch: 17, Batch: 80, Acc: 5.96%, Loss: 4.2525
Epoch: 17, Batch: 90, Acc: 5.92%, Loss: 4.2769
Epoch: 17, Batch: 100, Acc: 5.95%, Loss: 4.3056
Epoch: 17, Batch: 110, Acc: 6.05%, Loss: 4.3065
Epoch: 17, Batch: 120, Acc: 6.16%, Loss: 4.2775
Epoch: 17, Batch: 130, Acc: 6.17%, Loss: 4.3036
Epoch: 17, Batch: 140, Acc: 6.10%, Loss: 4.3041
Epoch: 17, Batch: 150, Acc: 6.14%, Loss: 4.2914
Epoch: 17, Batch: 160, Acc: 6.13%, Loss: 4.2913
Epoch: 17, Batch: 170, Acc: 6.18%, Loss: 4.2735
Epoch: 17, Batch: 180, Acc: 6.21%, Loss: 4.2852
Epoch: 17, Batch: 190, Acc: 6.18%, Loss: 4.3165
Epoch: 17, Batch: 200, Acc: 6.10%, Loss: 4.3359
Epoch: 17, Batch: 210, Acc: 6.06%, Loss: 4.3217
Epoch: 17, Batch: 220, Acc: 6.07%, Loss: 4.2939
Epoch: 17, Batch: 230, Acc: 6.09%, Loss: 4.2669
Epoch: 17, Batch: 240, Acc: 6.06%, Loss: 4.2848
Epoch: 17, Batch: 250, Acc: 6.10%, Loss: 4.2426
Epoch: 17, Batch: 260, Acc: 6.14%, Loss: 4.2716
Epoch: 17, Batch: 270, Acc: 6.16%, Loss: 4.3047
Epoch: 17, Batch: 280, Acc: 6.17%, Loss: 4.2767
Epoch: 17, Batch: 290, Acc: 6.18%, Loss: 4.3307
Epoch: 17, Batch: 300, Acc: 6.20%, Loss: 4.2906
Epoch: 17, Batch: 310, Acc: 6.18%, Loss: 4.3187
Epoch: 17, Batch: 320, Acc: 6.20%, Loss: 4.2823
Epoch: 17, Batch: 330, Acc: 6.16%, Loss: 4.2989
Epoch: 17, Batch: 340, Acc: 6.11%, Loss: 4.2762
Epoch: 17, Batch: 350, Acc: 6.05%, Loss: 4.3143
Epoch: 17, Batch: 360, Acc: 6.07%, Loss: 4.2912
Epoch: 17, Batch: 370, Acc: 6.08%, Loss: 4.2982
Epoch: 17, Batch: 380, Acc: 6.06%, Loss: 4.2979
Epoch: 17, Batch: 390, Acc: 6.05%, Loss: 4.2738
Epoch: 17, Batch: 400, Acc: 6.04%, Loss: 4.2928
Epoch: 17, Batch: 410, Acc: 6.03%, Loss: 4.2533
Epoch: 17, Batch: 420, Acc: 6.01%, Loss: 4.2982
Epoch: 17, Batch: 430, Acc: 6.02%, Loss: 4.3317
Epoch: 17, Batch: 440, Acc: 6.05%, Loss: 4.2581
Epoch: 17, Batch: 450, Acc: 6.05%, Loss: 4.2874
Epoch: 17, Batch: 460, Acc: 6.05%, Loss: 4.3205
Epoch: 17, Batch: 470, Acc: 6.05%, Loss: 4.3089
Epoch: 17, Batch: 480, Acc: 6.10%, Loss: 4.2307
Epoch: 17, Batch: 490, Acc: 6.09%, Loss: 4.2641
Epoch: 17, Batch: 500, Acc: 6.08%, Loss: 4.2487
Epoch: 17, Batch: 510, Acc: 6.10%, Loss: 4.2696
Epoch: 17, Batch: 520, Acc: 6.10%, Loss: 4.3105
Epoch: 17, Batch: 530, Acc: 6.11%, Loss: 4.2873
Epoch: 17, Batch: 540, Acc: 6.13%, Loss: 4.2850
Epoch: 17, Batch: 550, Acc: 6.11%, Loss: 4.3138
Epoch: 17, Batch: 560, Acc: 6.10%, Loss: 4.2793
Epoch: 17, Batch: 570, Acc: 6.10%, Loss: 4.3111
Epoch: 17, Batch: 580, Acc: 6.09%, Loss: 4.2956
Epoch: 17, Batch: 590, Acc: 6.08%, Loss: 4.2984
Epoch: 17, Batch: 600, Acc: 6.10%, Loss: 4.2762
Epoch: 17, Batch: 610, Acc: 6.10%, Loss: 4.3221
Epoch: 17, Batch: 620, Acc: 6.09%, Loss: 4.2853
Epoch: 17, Batch: 630, Acc: 6.09%, Loss: 4.2965
Epoch: 17, Batch: 640, Acc: 6.08%, Loss: 4.2910
Epoch: 17, Batch: 650, Acc: 6.04%, Loss: 4.3029
Epoch: 17, Batch: 660, Acc: 6.02%, Loss: 4.3158
Epoch: 17, Batch: 670, Acc: 6.06%, Loss: 4.2495
Epoch: 17, Batch: 680, Acc: 6.04%, Loss: 4.3248
Epoch: 17, Batch: 690, Acc: 6.06%, Loss: 4.3084
Epoch: 17, Batch: 700, Acc: 6.06%, Loss: 4.2553
Epoch: 17, Batch: 710, Acc: 6.04%, Loss: 4.2727
Epoch: 17, Batch: 720, Acc: 6.04%, Loss: 4.2603
Epoch: 17, Batch: 730, Acc: 6.01%, Loss: 4.3004
Epoch: 17, Batch: 740, Acc: 6.01%, Loss: 4.3097
Epoch: 17, Batch: 750, Acc: 6.01%, Loss: 4.2996
Epoch: 17, Batch: 760, Acc: 6.02%, Loss: 4.2880
Epoch: 17, Batch: 770, Acc: 6.00%, Loss: 4.3208
Epoch: 17, Batch: 780, Acc: 6.03%, Loss: 4.2399
Accuracy on test set: 6.19%
Epoch: 18, Batch: 10, Acc: 6.56%, Loss: 4.2644
Epoch: 18, Batch: 20, Acc: 6.72%, Loss: 4.2403
Epoch: 18, Batch: 30, Acc: 6.67%, Loss: 4.3136
Epoch: 18, Batch: 40, Acc: 6.48%, Loss: 4.2974
Epoch: 18, Batch: 50, Acc: 6.22%, Loss: 4.3157
Epoch: 18, Batch: 60, Acc: 6.02%, Loss: 4.3224
Epoch: 18, Batch: 70, Acc: 5.94%, Loss: 4.2850
Epoch: 18, Batch: 80, Acc: 6.00%, Loss: 4.2564
Epoch: 18, Batch: 90, Acc: 5.99%, Loss: 4.2872
Epoch: 18, Batch: 100, Acc: 6.11%, Loss: 4.2788
Epoch: 18, Batch: 110, Acc: 6.11%, Loss: 4.2774
Epoch: 18, Batch: 120, Acc: 6.15%, Loss: 4.3080
Epoch: 18, Batch: 130, Acc: 6.08%, Loss: 4.2692
Epoch: 18, Batch: 140, Acc: 6.09%, Loss: 4.3081
Epoch: 18, Batch: 150, Acc: 6.19%, Loss: 4.2721
Epoch: 18, Batch: 160, Acc: 6.21%, Loss: 4.3005
Epoch: 18, Batch: 170, Acc: 6.18%, Loss: 4.2740
Epoch: 18, Batch: 180, Acc: 6.22%, Loss: 4.3285
Epoch: 18, Batch: 190, Acc: 6.18%, Loss: 4.2991
Epoch: 18, Batch: 200, Acc: 6.12%, Loss: 4.3006
Epoch: 18, Batch: 210, Acc: 6.08%, Loss: 4.2745
Epoch: 18, Batch: 220, Acc: 6.13%, Loss: 4.2859
Epoch: 18, Batch: 230, Acc: 6.17%, Loss: 4.2834
Epoch: 18, Batch: 240, Acc: 6.09%, Loss: 4.3229
Epoch: 18, Batch: 250, Acc: 6.11%, Loss: 4.3165
Epoch: 18, Batch: 260, Acc: 6.11%, Loss: 4.2709
Epoch: 18, Batch: 270, Acc: 6.20%, Loss: 4.2699
Epoch: 18, Batch: 280, Acc: 6.17%, Loss: 4.3376
Epoch: 18, Batch: 290, Acc: 6.15%, Loss: 4.3095
Epoch: 18, Batch: 300, Acc: 6.16%, Loss: 4.3067
Epoch: 18, Batch: 310, Acc: 6.12%, Loss: 4.3508
Epoch: 18, Batch: 320, Acc: 6.08%, Loss: 4.3067
Epoch: 18, Batch: 330, Acc: 6.14%, Loss: 4.2823
Epoch: 18, Batch: 340, Acc: 6.10%, Loss: 4.3134
Epoch: 18, Batch: 350, Acc: 6.11%, Loss: 4.2871
Epoch: 18, Batch: 360, Acc: 6.11%, Loss: 4.3041
Epoch: 18, Batch: 370, Acc: 6.11%, Loss: 4.3016
Epoch: 18, Batch: 380, Acc: 6.13%, Loss: 4.2729
Epoch: 18, Batch: 390, Acc: 6.12%, Loss: 4.2383
Epoch: 18, Batch: 400, Acc: 6.11%, Loss: 4.2882
Epoch: 18, Batch: 410, Acc: 6.12%, Loss: 4.2873
Epoch: 18, Batch: 420, Acc: 6.15%, Loss: 4.2642
Epoch: 18, Batch: 430, Acc: 6.15%, Loss: 4.2978
Epoch: 18, Batch: 440, Acc: 6.19%, Loss: 4.2604
Epoch: 18, Batch: 450, Acc: 6.19%, Loss: 4.2915
Epoch: 18, Batch: 460, Acc: 6.16%, Loss: 4.3295
Epoch: 18, Batch: 470, Acc: 6.17%, Loss: 4.2752
Epoch: 18, Batch: 480, Acc: 6.21%, Loss: 4.2665
Epoch: 18, Batch: 490, Acc: 6.22%, Loss: 4.2826
Epoch: 18, Batch: 500, Acc: 6.17%, Loss: 4.3370
Epoch: 18, Batch: 510, Acc: 6.18%, Loss: 4.2673
Epoch: 18, Batch: 520, Acc: 6.17%, Loss: 4.3051
Epoch: 18, Batch: 530, Acc: 6.18%, Loss: 4.2774
Epoch: 18, Batch: 540, Acc: 6.18%, Loss: 4.2591
Epoch: 18, Batch: 550, Acc: 6.22%, Loss: 4.2351
Epoch: 18, Batch: 560, Acc: 6.24%, Loss: 4.2554
Epoch: 18, Batch: 570, Acc: 6.24%, Loss: 4.2743
Epoch: 18, Batch: 580, Acc: 6.21%, Loss: 4.3100
Epoch: 18, Batch: 590, Acc: 6.24%, Loss: 4.2520
Epoch: 18, Batch: 600, Acc: 6.25%, Loss: 4.2630
Epoch: 18, Batch: 610, Acc: 6.23%, Loss: 4.3025
Epoch: 18, Batch: 620, Acc: 6.22%, Loss: 4.2762
Epoch: 18, Batch: 630, Acc: 6.21%, Loss: 4.2858
Epoch: 18, Batch: 640, Acc: 6.20%, Loss: 4.2653
Epoch: 18, Batch: 650, Acc: 6.20%, Loss: 4.2403
Epoch: 18, Batch: 660, Acc: 6.18%, Loss: 4.3138
Epoch: 18, Batch: 670, Acc: 6.19%, Loss: 4.3262
Epoch: 18, Batch: 680, Acc: 6.18%, Loss: 4.3028
Epoch: 18, Batch: 690, Acc: 6.20%, Loss: 4.2679
Epoch: 18, Batch: 700, Acc: 6.19%, Loss: 4.2527
Epoch: 18, Batch: 710, Acc: 6.19%, Loss: 4.2885
Epoch: 18, Batch: 720, Acc: 6.19%, Loss: 4.3065
Epoch: 18, Batch: 730, Acc: 6.17%, Loss: 4.2431
Epoch: 18, Batch: 740, Acc: 6.15%, Loss: 4.2432
Epoch: 18, Batch: 750, Acc: 6.16%, Loss: 4.2787
Epoch: 18, Batch: 760, Acc: 6.17%, Loss: 4.2659
Epoch: 18, Batch: 770, Acc: 6.15%, Loss: 4.3084
Epoch: 18, Batch: 780, Acc: 6.14%, Loss: 4.2873
Accuracy on test set: 6.42%
Epoch: 19, Batch: 10, Acc: 7.19%, Loss: 4.2311
Epoch: 19, Batch: 20, Acc: 7.89%, Loss: 4.2623
Epoch: 19, Batch: 30, Acc: 7.55%, Loss: 4.2878
Epoch: 19, Batch: 40, Acc: 7.77%, Loss: 4.2273
Epoch: 19, Batch: 50, Acc: 7.59%, Loss: 4.2893
Epoch: 19, Batch: 60, Acc: 7.19%, Loss: 4.2832
Epoch: 19, Batch: 70, Acc: 7.12%, Loss: 4.2648
Epoch: 19, Batch: 80, Acc: 7.09%, Loss: 4.2529
Epoch: 19, Batch: 90, Acc: 7.05%, Loss: 4.3153
Epoch: 19, Batch: 100, Acc: 6.92%, Loss: 4.2728
Epoch: 19, Batch: 110, Acc: 6.85%, Loss: 4.3033
Epoch: 19, Batch: 120, Acc: 6.95%, Loss: 4.2840
Epoch: 19, Batch: 130, Acc: 6.81%, Loss: 4.3006
Epoch: 19, Batch: 140, Acc: 6.64%, Loss: 4.3256
Epoch: 19, Batch: 150, Acc: 6.59%, Loss: 4.2491
Epoch: 19, Batch: 160, Acc: 6.52%, Loss: 4.3228
Epoch: 19, Batch: 170, Acc: 6.51%, Loss: 4.3317
Epoch: 19, Batch: 180, Acc: 6.45%, Loss: 4.2765
Epoch: 19, Batch: 190, Acc: 6.43%, Loss: 4.2934
Epoch: 19, Batch: 200, Acc: 6.37%, Loss: 4.3003
Epoch: 19, Batch: 210, Acc: 6.35%, Loss: 4.2594
Epoch: 19, Batch: 220, Acc: 6.29%, Loss: 4.2766
Epoch: 19, Batch: 230, Acc: 6.29%, Loss: 4.2783
Epoch: 19, Batch: 240, Acc: 6.29%, Loss: 4.2910
Epoch: 19, Batch: 250, Acc: 6.28%, Loss: 4.3068
Epoch: 19, Batch: 260, Acc: 6.33%, Loss: 4.2468
Epoch: 19, Batch: 270, Acc: 6.32%, Loss: 4.2629
Epoch: 19, Batch: 280, Acc: 6.31%, Loss: 4.2768
Epoch: 19, Batch: 290, Acc: 6.26%, Loss: 4.2988
Epoch: 19, Batch: 300, Acc: 6.31%, Loss: 4.2303
Epoch: 19, Batch: 310, Acc: 6.30%, Loss: 4.2772
Epoch: 19, Batch: 320, Acc: 6.27%, Loss: 4.2880
Epoch: 19, Batch: 330, Acc: 6.25%, Loss: 4.3365
Epoch: 19, Batch: 340, Acc: 6.24%, Loss: 4.2764
Epoch: 19, Batch: 350, Acc: 6.25%, Loss: 4.2758
Epoch: 19, Batch: 360, Acc: 6.25%, Loss: 4.2973
Epoch: 19, Batch: 370, Acc: 6.24%, Loss: 4.2857
Epoch: 19, Batch: 380, Acc: 6.21%, Loss: 4.3180
Epoch: 19, Batch: 390, Acc: 6.23%, Loss: 4.2715
Epoch: 19, Batch: 400, Acc: 6.21%, Loss: 4.2991
Epoch: 19, Batch: 410, Acc: 6.19%, Loss: 4.3015
Epoch: 19, Batch: 420, Acc: 6.24%, Loss: 4.2635
Epoch: 19, Batch: 430, Acc: 6.27%, Loss: 4.2548
Epoch: 19, Batch: 440, Acc: 6.29%, Loss: 4.2901
Epoch: 19, Batch: 450, Acc: 6.25%, Loss: 4.2959
Epoch: 19, Batch: 460, Acc: 6.24%, Loss: 4.2856
Epoch: 19, Batch: 470, Acc: 6.23%, Loss: 4.2686
Epoch: 19, Batch: 480, Acc: 6.23%, Loss: 4.2871
Epoch: 19, Batch: 490, Acc: 6.27%, Loss: 4.2668
Epoch: 19, Batch: 500, Acc: 6.27%, Loss: 4.2761
Epoch: 19, Batch: 510, Acc: 6.32%, Loss: 4.2258
Epoch: 19, Batch: 520, Acc: 6.33%, Loss: 4.3176
Epoch: 19, Batch: 530, Acc: 6.31%, Loss: 4.3050
Epoch: 19, Batch: 540, Acc: 6.31%, Loss: 4.2713
Epoch: 19, Batch: 550, Acc: 6.29%, Loss: 4.3105
Epoch: 19, Batch: 560, Acc: 6.27%, Loss: 4.3134
Epoch: 19, Batch: 570, Acc: 6.27%, Loss: 4.3022
Epoch: 19, Batch: 580, Acc: 6.27%, Loss: 4.2923
Epoch: 19, Batch: 590, Acc: 6.27%, Loss: 4.2881
Epoch: 19, Batch: 600, Acc: 6.27%, Loss: 4.2977
Epoch: 19, Batch: 610, Acc: 6.26%, Loss: 4.2549
Epoch: 19, Batch: 620, Acc: 6.24%, Loss: 4.2903
Epoch: 19, Batch: 630, Acc: 6.23%, Loss: 4.3101
Epoch: 19, Batch: 640, Acc: 6.25%, Loss: 4.2409
Epoch: 19, Batch: 650, Acc: 6.26%, Loss: 4.2843
Epoch: 19, Batch: 660, Acc: 6.23%, Loss: 4.2866
Epoch: 19, Batch: 670, Acc: 6.24%, Loss: 4.2831
Epoch: 19, Batch: 680, Acc: 6.26%, Loss: 4.2652
Epoch: 19, Batch: 690, Acc: 6.27%, Loss: 4.2591
Epoch: 19, Batch: 700, Acc: 6.28%, Loss: 4.2638
Epoch: 19, Batch: 710, Acc: 6.26%, Loss: 4.3156
Epoch: 19, Batch: 720, Acc: 6.27%, Loss: 4.2421
Epoch: 19, Batch: 730, Acc: 6.27%, Loss: 4.2517
Epoch: 19, Batch: 740, Acc: 6.28%, Loss: 4.2923
Epoch: 19, Batch: 750, Acc: 6.28%, Loss: 4.3126
Epoch: 19, Batch: 760, Acc: 6.27%, Loss: 4.2700
Epoch: 19, Batch: 770, Acc: 6.27%, Loss: 4.3097
Epoch: 19, Batch: 780, Acc: 6.26%, Loss: 4.2838
Accuracy on test set: 6.23%
Epoch: 20, Batch: 10, Acc: 6.72%, Loss: 4.2791
Epoch: 20, Batch: 20, Acc: 6.41%, Loss: 4.3295
Epoch: 20, Batch: 30, Acc: 6.09%, Loss: 4.3245
Epoch: 20, Batch: 40, Acc: 6.09%, Loss: 4.2793
Epoch: 20, Batch: 50, Acc: 5.91%, Loss: 4.2731
Epoch: 20, Batch: 60, Acc: 5.96%, Loss: 4.2855
Epoch: 20, Batch: 70, Acc: 6.00%, Loss: 4.2291
Epoch: 20, Batch: 80, Acc: 6.11%, Loss: 4.2866
Epoch: 20, Batch: 90, Acc: 6.01%, Loss: 4.3141
Epoch: 20, Batch: 100, Acc: 5.98%, Loss: 4.2676
Epoch: 20, Batch: 110, Acc: 6.02%, Loss: 4.2919
Epoch: 20, Batch: 120, Acc: 6.15%, Loss: 4.2451
Epoch: 20, Batch: 130, Acc: 6.26%, Loss: 4.2925
Epoch: 20, Batch: 140, Acc: 6.38%, Loss: 4.2225
Epoch: 20, Batch: 150, Acc: 6.40%, Loss: 4.2750
Epoch: 20, Batch: 160, Acc: 6.31%, Loss: 4.3170
Epoch: 20, Batch: 170, Acc: 6.23%, Loss: 4.3195
Epoch: 20, Batch: 180, Acc: 6.14%, Loss: 4.2788
Epoch: 20, Batch: 190, Acc: 6.18%, Loss: 4.2874
Epoch: 20, Batch: 200, Acc: 6.16%, Loss: 4.2738
Epoch: 20, Batch: 210, Acc: 6.10%, Loss: 4.2968
Epoch: 20, Batch: 220, Acc: 6.16%, Loss: 4.2755
Epoch: 20, Batch: 230, Acc: 6.17%, Loss: 4.3118
Epoch: 20, Batch: 240, Acc: 6.09%, Loss: 4.3097
Epoch: 20, Batch: 250, Acc: 6.00%, Loss: 4.2993
Epoch: 20, Batch: 260, Acc: 6.00%, Loss: 4.2745
Epoch: 20, Batch: 270, Acc: 6.07%, Loss: 4.2715
Epoch: 20, Batch: 280, Acc: 6.12%, Loss: 4.2915
Epoch: 20, Batch: 290, Acc: 6.07%, Loss: 4.3113
Epoch: 20, Batch: 300, Acc: 6.03%, Loss: 4.2986
Epoch: 20, Batch: 310, Acc: 6.02%, Loss: 4.2404
Epoch: 20, Batch: 320, Acc: 5.98%, Loss: 4.3078
Epoch: 20, Batch: 330, Acc: 5.99%, Loss: 4.2506
Epoch: 20, Batch: 340, Acc: 5.99%, Loss: 4.2804
Epoch: 20, Batch: 350, Acc: 5.97%, Loss: 4.2675
Epoch: 20, Batch: 360, Acc: 5.97%, Loss: 4.2836
Epoch: 20, Batch: 370, Acc: 6.01%, Loss: 4.2678
Epoch: 20, Batch: 380, Acc: 6.01%, Loss: 4.2850
Epoch: 20, Batch: 390, Acc: 5.98%, Loss: 4.2810
Epoch: 20, Batch: 400, Acc: 5.99%, Loss: 4.2915
Epoch: 20, Batch: 410, Acc: 5.98%, Loss: 4.2631
Epoch: 20, Batch: 420, Acc: 5.99%, Loss: 4.2732
Epoch: 20, Batch: 430, Acc: 5.97%, Loss: 4.3342
Epoch: 20, Batch: 440, Acc: 5.99%, Loss: 4.2519
Epoch: 20, Batch: 450, Acc: 6.02%, Loss: 4.2245
Epoch: 20, Batch: 460, Acc: 5.99%, Loss: 4.3022
Epoch: 20, Batch: 470, Acc: 6.02%, Loss: 4.2452
Epoch: 20, Batch: 480, Acc: 6.02%, Loss: 4.2941
Epoch: 20, Batch: 490, Acc: 6.02%, Loss: 4.2649
Epoch: 20, Batch: 500, Acc: 6.02%, Loss: 4.2578
Epoch: 20, Batch: 510, Acc: 6.03%, Loss: 4.2719
Epoch: 20, Batch: 520, Acc: 6.03%, Loss: 4.2626
Epoch: 20, Batch: 530, Acc: 6.03%, Loss: 4.3119
Epoch: 20, Batch: 540, Acc: 6.04%, Loss: 4.3244
Epoch: 20, Batch: 550, Acc: 6.03%, Loss: 4.2720
Epoch: 20, Batch: 560, Acc: 6.07%, Loss: 4.2560
Epoch: 20, Batch: 570, Acc: 6.05%, Loss: 4.3102
Epoch: 20, Batch: 580, Acc: 6.05%, Loss: 4.3046
Epoch: 20, Batch: 590, Acc: 6.03%, Loss: 4.2957
Epoch: 20, Batch: 600, Acc: 6.00%, Loss: 4.2953
Epoch: 20, Batch: 610, Acc: 6.01%, Loss: 4.2607
Epoch: 20, Batch: 620, Acc: 6.03%, Loss: 4.2430
Epoch: 20, Batch: 630, Acc: 6.05%, Loss: 4.2322
Epoch: 20, Batch: 640, Acc: 6.08%, Loss: 4.2649
Epoch: 20, Batch: 650, Acc: 6.07%, Loss: 4.2479
Epoch: 20, Batch: 660, Acc: 6.08%, Loss: 4.2763
Epoch: 20, Batch: 670, Acc: 6.09%, Loss: 4.2760
Epoch: 20, Batch: 680, Acc: 6.10%, Loss: 4.2409
Epoch: 20, Batch: 690, Acc: 6.12%, Loss: 4.3004
Epoch: 20, Batch: 700, Acc: 6.12%, Loss: 4.2787
Epoch: 20, Batch: 710, Acc: 6.13%, Loss: 4.2569
Epoch: 20, Batch: 720, Acc: 6.12%, Loss: 4.2853
Epoch: 20, Batch: 730, Acc: 6.12%, Loss: 4.2652
Epoch: 20, Batch: 740, Acc: 6.13%, Loss: 4.2628
Epoch: 20, Batch: 750, Acc: 6.13%, Loss: 4.2686
Epoch: 20, Batch: 760, Acc: 6.13%, Loss: 4.2591
Epoch: 20, Batch: 770, Acc: 6.14%, Loss: 4.2847
Epoch: 20, Batch: 780, Acc: 6.14%, Loss: 4.2817
Accuracy on test set: 6.28%
Epoch: 21, Batch: 10, Acc: 6.09%, Loss: 4.2972
Epoch: 21, Batch: 20, Acc: 6.25%, Loss: 4.2719
Epoch: 21, Batch: 30, Acc: 6.61%, Loss: 4.2261
Epoch: 21, Batch: 40, Acc: 6.48%, Loss: 4.2873
Epoch: 21, Batch: 50, Acc: 6.53%, Loss: 4.2651
Epoch: 21, Batch: 60, Acc: 6.41%, Loss: 4.2618
Epoch: 21, Batch: 70, Acc: 6.07%, Loss: 4.3042
Epoch: 21, Batch: 80, Acc: 6.15%, Loss: 4.2653
Epoch: 21, Batch: 90, Acc: 6.06%, Loss: 4.2673
Epoch: 21, Batch: 100, Acc: 6.08%, Loss: 4.2671
Epoch: 21, Batch: 110, Acc: 6.14%, Loss: 4.2722
Epoch: 21, Batch: 120, Acc: 6.15%, Loss: 4.3054
Epoch: 21, Batch: 130, Acc: 6.21%, Loss: 4.2748
Epoch: 21, Batch: 140, Acc: 6.19%, Loss: 4.2674
Epoch: 21, Batch: 150, Acc: 6.23%, Loss: 4.2400
Epoch: 21, Batch: 160, Acc: 6.30%, Loss: 4.2959
Epoch: 21, Batch: 170, Acc: 6.39%, Loss: 4.2626
Epoch: 21, Batch: 180, Acc: 6.41%, Loss: 4.2706
Epoch: 21, Batch: 190, Acc: 6.42%, Loss: 4.2858
Epoch: 21, Batch: 200, Acc: 6.41%, Loss: 4.2744
Epoch: 21, Batch: 210, Acc: 6.41%, Loss: 4.2745
Epoch: 21, Batch: 220, Acc: 6.36%, Loss: 4.2667
Epoch: 21, Batch: 230, Acc: 6.37%, Loss: 4.2655
Epoch: 21, Batch: 240, Acc: 6.41%, Loss: 4.2074
Epoch: 21, Batch: 250, Acc: 6.39%, Loss: 4.2408
Epoch: 21, Batch: 260, Acc: 6.33%, Loss: 4.2772
Epoch: 21, Batch: 270, Acc: 6.25%, Loss: 4.2958
Epoch: 21, Batch: 280, Acc: 6.24%, Loss: 4.2674
Epoch: 21, Batch: 290, Acc: 6.19%, Loss: 4.2942
Epoch: 21, Batch: 300, Acc: 6.16%, Loss: 4.3120
Epoch: 21, Batch: 310, Acc: 6.20%, Loss: 4.2382
Epoch: 21, Batch: 320, Acc: 6.21%, Loss: 4.2884
Epoch: 21, Batch: 330, Acc: 6.20%, Loss: 4.3200
Epoch: 21, Batch: 340, Acc: 6.18%, Loss: 4.3032
Epoch: 21, Batch: 350, Acc: 6.15%, Loss: 4.3052
Epoch: 21, Batch: 360, Acc: 6.15%, Loss: 4.2684
Epoch: 21, Batch: 370, Acc: 6.14%, Loss: 4.2669
Epoch: 21, Batch: 380, Acc: 6.11%, Loss: 4.3343
Epoch: 21, Batch: 390, Acc: 6.11%, Loss: 4.2543
Epoch: 21, Batch: 400, Acc: 6.11%, Loss: 4.3004
Epoch: 21, Batch: 410, Acc: 6.13%, Loss: 4.2495
Epoch: 21, Batch: 420, Acc: 6.14%, Loss: 4.2500
Epoch: 21, Batch: 430, Acc: 6.12%, Loss: 4.3062
Epoch: 21, Batch: 440, Acc: 6.12%, Loss: 4.2701
Epoch: 21, Batch: 450, Acc: 6.12%, Loss: 4.2775
Epoch: 21, Batch: 460, Acc: 6.11%, Loss: 4.2794
Epoch: 21, Batch: 470, Acc: 6.13%, Loss: 4.2932
Epoch: 21, Batch: 480, Acc: 6.14%, Loss: 4.2414
Epoch: 21, Batch: 490, Acc: 6.14%, Loss: 4.2770
Epoch: 21, Batch: 500, Acc: 6.15%, Loss: 4.2703
Epoch: 21, Batch: 510, Acc: 6.18%, Loss: 4.2502
Epoch: 21, Batch: 520, Acc: 6.16%, Loss: 4.2972
Epoch: 21, Batch: 530, Acc: 6.20%, Loss: 4.2615
Epoch: 21, Batch: 540, Acc: 6.21%, Loss: 4.2620
Epoch: 21, Batch: 550, Acc: 6.16%, Loss: 4.3318
Epoch: 21, Batch: 560, Acc: 6.17%, Loss: 4.2506
Epoch: 21, Batch: 570, Acc: 6.15%, Loss: 4.3049
Epoch: 21, Batch: 580, Acc: 6.14%, Loss: 4.2911
Epoch: 21, Batch: 590, Acc: 6.12%, Loss: 4.2810
Epoch: 21, Batch: 600, Acc: 6.12%, Loss: 4.2569
Epoch: 21, Batch: 610, Acc: 6.16%, Loss: 4.2142
Epoch: 21, Batch: 620, Acc: 6.17%, Loss: 4.2932
Epoch: 21, Batch: 630, Acc: 6.19%, Loss: 4.2468
Epoch: 21, Batch: 640, Acc: 6.19%, Loss: 4.2895
Epoch: 21, Batch: 650, Acc: 6.19%, Loss: 4.2586
Epoch: 21, Batch: 660, Acc: 6.21%, Loss: 4.2859
Epoch: 21, Batch: 670, Acc: 6.23%, Loss: 4.2108
Epoch: 21, Batch: 680, Acc: 6.22%, Loss: 4.2987
Epoch: 21, Batch: 690, Acc: 6.24%, Loss: 4.3099
Epoch: 21, Batch: 700, Acc: 6.23%, Loss: 4.2568
Epoch: 21, Batch: 710, Acc: 6.24%, Loss: 4.2941
Epoch: 21, Batch: 720, Acc: 6.22%, Loss: 4.3214
Epoch: 21, Batch: 730, Acc: 6.21%, Loss: 4.2889
Epoch: 21, Batch: 740, Acc: 6.21%, Loss: 4.2607
Epoch: 21, Batch: 750, Acc: 6.20%, Loss: 4.3151
Epoch: 21, Batch: 760, Acc: 6.20%, Loss: 4.2914
Epoch: 21, Batch: 770, Acc: 6.21%, Loss: 4.2591
Epoch: 21, Batch: 780, Acc: 6.21%, Loss: 4.2616
Accuracy on test set: 6.46%
Epoch: 22, Batch: 10, Acc: 5.47%, Loss: 4.2689
Epoch: 22, Batch: 20, Acc: 5.94%, Loss: 4.2405
Epoch: 22, Batch: 30, Acc: 5.94%, Loss: 4.2620
Epoch: 22, Batch: 40, Acc: 5.98%, Loss: 4.2688
Epoch: 22, Batch: 50, Acc: 6.19%, Loss: 4.2837
Epoch: 22, Batch: 60, Acc: 6.25%, Loss: 4.2772
Epoch: 22, Batch: 70, Acc: 6.21%, Loss: 4.2495
Epoch: 22, Batch: 80, Acc: 6.41%, Loss: 4.2719
Epoch: 22, Batch: 90, Acc: 6.48%, Loss: 4.2507
Epoch: 22, Batch: 100, Acc: 6.47%, Loss: 4.3046
Epoch: 22, Batch: 110, Acc: 6.36%, Loss: 4.2838
Epoch: 22, Batch: 120, Acc: 6.32%, Loss: 4.2460
Epoch: 22, Batch: 130, Acc: 6.35%, Loss: 4.2748
Epoch: 22, Batch: 140, Acc: 6.31%, Loss: 4.2714
Epoch: 22, Batch: 150, Acc: 6.35%, Loss: 4.2293
Epoch: 22, Batch: 160, Acc: 6.33%, Loss: 4.2674
Epoch: 22, Batch: 170, Acc: 6.34%, Loss: 4.2936
Epoch: 22, Batch: 180, Acc: 6.38%, Loss: 4.2879
Epoch: 22, Batch: 190, Acc: 6.37%, Loss: 4.2661
Epoch: 22, Batch: 200, Acc: 6.32%, Loss: 4.2914
Epoch: 22, Batch: 210, Acc: 6.32%, Loss: 4.2306
Epoch: 22, Batch: 220, Acc: 6.32%, Loss: 4.2630
Epoch: 22, Batch: 230, Acc: 6.25%, Loss: 4.3124
Epoch: 22, Batch: 240, Acc: 6.20%, Loss: 4.2921
Epoch: 22, Batch: 250, Acc: 6.21%, Loss: 4.2460
Epoch: 22, Batch: 260, Acc: 6.28%, Loss: 4.2366
Epoch: 22, Batch: 270, Acc: 6.26%, Loss: 4.2701
Epoch: 22, Batch: 280, Acc: 6.28%, Loss: 4.3068
Epoch: 22, Batch: 290, Acc: 6.26%, Loss: 4.2438
Epoch: 22, Batch: 300, Acc: 6.27%, Loss: 4.2490
Epoch: 22, Batch: 310, Acc: 6.23%, Loss: 4.2839
Epoch: 22, Batch: 320, Acc: 6.23%, Loss: 4.2594
Epoch: 22, Batch: 330, Acc: 6.23%, Loss: 4.3121
Epoch: 22, Batch: 340, Acc: 6.20%, Loss: 4.3040
Epoch: 22, Batch: 350, Acc: 6.19%, Loss: 4.2688
Epoch: 22, Batch: 360, Acc: 6.19%, Loss: 4.3134
Epoch: 22, Batch: 370, Acc: 6.17%, Loss: 4.2909
Epoch: 22, Batch: 380, Acc: 6.16%, Loss: 4.2235
Epoch: 22, Batch: 390, Acc: 6.13%, Loss: 4.3130
Epoch: 22, Batch: 400, Acc: 6.12%, Loss: 4.2731
Epoch: 22, Batch: 410, Acc: 6.14%, Loss: 4.2503
Epoch: 22, Batch: 420, Acc: 6.16%, Loss: 4.2347
Epoch: 22, Batch: 430, Acc: 6.16%, Loss: 4.2983
Epoch: 22, Batch: 440, Acc: 6.16%, Loss: 4.2736
Epoch: 22, Batch: 450, Acc: 6.19%, Loss: 4.2605
Epoch: 22, Batch: 460, Acc: 6.16%, Loss: 4.2977
Epoch: 22, Batch: 470, Acc: 6.13%, Loss: 4.2795
Epoch: 22, Batch: 480, Acc: 6.11%, Loss: 4.2780
Epoch: 22, Batch: 490, Acc: 6.13%, Loss: 4.2465
Epoch: 22, Batch: 500, Acc: 6.13%, Loss: 4.2863
Epoch: 22, Batch: 510, Acc: 6.13%, Loss: 4.3031
Epoch: 22, Batch: 520, Acc: 6.15%, Loss: 4.2282
Epoch: 22, Batch: 530, Acc: 6.16%, Loss: 4.2311
Epoch: 22, Batch: 540, Acc: 6.15%, Loss: 4.2955
Epoch: 22, Batch: 550, Acc: 6.16%, Loss: 4.2302
Epoch: 22, Batch: 560, Acc: 6.20%, Loss: 4.2234
Epoch: 22, Batch: 570, Acc: 6.18%, Loss: 4.2911
Epoch: 22, Batch: 580, Acc: 6.17%, Loss: 4.2857
Epoch: 22, Batch: 590, Acc: 6.16%, Loss: 4.2975
Epoch: 22, Batch: 600, Acc: 6.16%, Loss: 4.2297
Epoch: 22, Batch: 610, Acc: 6.20%, Loss: 4.2340
Epoch: 22, Batch: 620, Acc: 6.20%, Loss: 4.2853
Epoch: 22, Batch: 630, Acc: 6.19%, Loss: 4.2797
Epoch: 22, Batch: 640, Acc: 6.20%, Loss: 4.2266
Epoch: 22, Batch: 650, Acc: 6.21%, Loss: 4.3215
Epoch: 22, Batch: 660, Acc: 6.21%, Loss: 4.3096
Epoch: 22, Batch: 670, Acc: 6.22%, Loss: 4.2364
Epoch: 22, Batch: 680, Acc: 6.23%, Loss: 4.2778
Epoch: 22, Batch: 690, Acc: 6.23%, Loss: 4.3048
Epoch: 22, Batch: 700, Acc: 6.25%, Loss: 4.2364
Epoch: 22, Batch: 710, Acc: 6.26%, Loss: 4.2724
Epoch: 22, Batch: 720, Acc: 6.26%, Loss: 4.2817
Epoch: 22, Batch: 730, Acc: 6.26%, Loss: 4.3332
Epoch: 22, Batch: 740, Acc: 6.25%, Loss: 4.2943
Epoch: 22, Batch: 750, Acc: 6.23%, Loss: 4.3139
Epoch: 22, Batch: 760, Acc: 6.25%, Loss: 4.2619
Epoch: 22, Batch: 770, Acc: 6.26%, Loss: 4.2618
Epoch: 22, Batch: 780, Acc: 6.26%, Loss: 4.3053
Accuracy on test set: 6.75%
Epoch: 23, Batch: 10, Acc: 8.28%, Loss: 4.1933
Epoch: 23, Batch: 20, Acc: 7.34%, Loss: 4.2652
Epoch: 23, Batch: 30, Acc: 7.29%, Loss: 4.2496
Epoch: 23, Batch: 40, Acc: 7.54%, Loss: 4.2034
Epoch: 23, Batch: 50, Acc: 7.44%, Loss: 4.2685
Epoch: 23, Batch: 60, Acc: 7.27%, Loss: 4.2784
Epoch: 23, Batch: 70, Acc: 7.21%, Loss: 4.2887
Epoch: 23, Batch: 80, Acc: 7.19%, Loss: 4.2599
Epoch: 23, Batch: 90, Acc: 7.15%, Loss: 4.2600
Epoch: 23, Batch: 100, Acc: 7.02%, Loss: 4.2743
Epoch: 23, Batch: 110, Acc: 7.03%, Loss: 4.2236
Epoch: 23, Batch: 120, Acc: 7.02%, Loss: 4.2534
Epoch: 23, Batch: 130, Acc: 7.02%, Loss: 4.2774
Epoch: 23, Batch: 140, Acc: 6.94%, Loss: 4.2899
Epoch: 23, Batch: 150, Acc: 6.80%, Loss: 4.2665
Epoch: 23, Batch: 160, Acc: 6.79%, Loss: 4.2789
Epoch: 23, Batch: 170, Acc: 6.85%, Loss: 4.2876
Epoch: 23, Batch: 180, Acc: 6.88%, Loss: 4.2822
Epoch: 23, Batch: 190, Acc: 6.79%, Loss: 4.3048
Epoch: 23, Batch: 200, Acc: 6.74%, Loss: 4.3377
Epoch: 23, Batch: 210, Acc: 6.66%, Loss: 4.2797
Epoch: 23, Batch: 220, Acc: 6.68%, Loss: 4.2646
Epoch: 23, Batch: 230, Acc: 6.68%, Loss: 4.2395
Epoch: 23, Batch: 240, Acc: 6.63%, Loss: 4.2662
Epoch: 23, Batch: 250, Acc: 6.61%, Loss: 4.2707
Epoch: 23, Batch: 260, Acc: 6.63%, Loss: 4.2707
Epoch: 23, Batch: 270, Acc: 6.59%, Loss: 4.2905
Epoch: 23, Batch: 280, Acc: 6.59%, Loss: 4.2877
Epoch: 23, Batch: 290, Acc: 6.63%, Loss: 4.2306
Epoch: 23, Batch: 300, Acc: 6.63%, Loss: 4.2567
Epoch: 23, Batch: 310, Acc: 6.62%, Loss: 4.2606
Epoch: 23, Batch: 320, Acc: 6.61%, Loss: 4.2927
Epoch: 23, Batch: 330, Acc: 6.56%, Loss: 4.3001
Epoch: 23, Batch: 340, Acc: 6.56%, Loss: 4.2846
Epoch: 23, Batch: 350, Acc: 6.58%, Loss: 4.2638
Epoch: 23, Batch: 360, Acc: 6.55%, Loss: 4.2848
Epoch: 23, Batch: 370, Acc: 6.53%, Loss: 4.2668
Epoch: 23, Batch: 380, Acc: 6.53%, Loss: 4.2898
Epoch: 23, Batch: 390, Acc: 6.56%, Loss: 4.2710
Epoch: 23, Batch: 400, Acc: 6.55%, Loss: 4.2447
Epoch: 23, Batch: 410, Acc: 6.57%, Loss: 4.2641
Epoch: 23, Batch: 420, Acc: 6.54%, Loss: 4.3040
Epoch: 23, Batch: 430, Acc: 6.50%, Loss: 4.2818
Epoch: 23, Batch: 440, Acc: 6.51%, Loss: 4.2678
Epoch: 23, Batch: 450, Acc: 6.52%, Loss: 4.2442
Epoch: 23, Batch: 460, Acc: 6.52%, Loss: 4.2597
Epoch: 23, Batch: 470, Acc: 6.50%, Loss: 4.2730
Epoch: 23, Batch: 480, Acc: 6.51%, Loss: 4.2467
Epoch: 23, Batch: 490, Acc: 6.51%, Loss: 4.2731
Epoch: 23, Batch: 500, Acc: 6.53%, Loss: 4.2408
Epoch: 23, Batch: 510, Acc: 6.52%, Loss: 4.2697
Epoch: 23, Batch: 520, Acc: 6.53%, Loss: 4.2565
Epoch: 23, Batch: 530, Acc: 6.53%, Loss: 4.2561
Epoch: 23, Batch: 540, Acc: 6.52%, Loss: 4.2678
Epoch: 23, Batch: 550, Acc: 6.51%, Loss: 4.2551
Epoch: 23, Batch: 560, Acc: 6.52%, Loss: 4.2769
Epoch: 23, Batch: 570, Acc: 6.50%, Loss: 4.2931
Epoch: 23, Batch: 580, Acc: 6.49%, Loss: 4.2143
Epoch: 23, Batch: 590, Acc: 6.51%, Loss: 4.2280
Epoch: 23, Batch: 600, Acc: 6.52%, Loss: 4.2688
Epoch: 23, Batch: 610, Acc: 6.49%, Loss: 4.3219
Epoch: 23, Batch: 620, Acc: 6.48%, Loss: 4.2575
Epoch: 23, Batch: 630, Acc: 6.50%, Loss: 4.2900
Epoch: 23, Batch: 640, Acc: 6.50%, Loss: 4.3064
Epoch: 23, Batch: 650, Acc: 6.51%, Loss: 4.2870
Epoch: 23, Batch: 660, Acc: 6.52%, Loss: 4.2404
Epoch: 23, Batch: 670, Acc: 6.51%, Loss: 4.2648
Epoch: 23, Batch: 680, Acc: 6.50%, Loss: 4.2804
Epoch: 23, Batch: 690, Acc: 6.49%, Loss: 4.2647
Epoch: 23, Batch: 700, Acc: 6.46%, Loss: 4.3207
Epoch: 23, Batch: 710, Acc: 6.45%, Loss: 4.2703
Epoch: 23, Batch: 720, Acc: 6.46%, Loss: 4.2369
Epoch: 23, Batch: 730, Acc: 6.45%, Loss: 4.2687
Epoch: 23, Batch: 740, Acc: 6.44%, Loss: 4.2895
Epoch: 23, Batch: 750, Acc: 6.46%, Loss: 4.2756
Epoch: 23, Batch: 760, Acc: 6.45%, Loss: 4.2903
Epoch: 23, Batch: 770, Acc: 6.43%, Loss: 4.2834
Epoch: 23, Batch: 780, Acc: 6.41%, Loss: 4.3001
Accuracy on test set: 6.80%
Epoch: 24, Batch: 10, Acc: 6.72%, Loss: 4.2529
Epoch: 24, Batch: 20, Acc: 6.41%, Loss: 4.2844
Epoch: 24, Batch: 30, Acc: 6.61%, Loss: 4.2312
Epoch: 24, Batch: 40, Acc: 6.80%, Loss: 4.2597
Epoch: 24, Batch: 50, Acc: 6.78%, Loss: 4.2808
Epoch: 24, Batch: 60, Acc: 6.82%, Loss: 4.1979
Epoch: 24, Batch: 70, Acc: 6.76%, Loss: 4.2615
Epoch: 24, Batch: 80, Acc: 6.58%, Loss: 4.2859
Epoch: 24, Batch: 90, Acc: 6.63%, Loss: 4.2642
Epoch: 24, Batch: 100, Acc: 6.53%, Loss: 4.2369
Epoch: 24, Batch: 110, Acc: 6.53%, Loss: 4.2743
Epoch: 24, Batch: 120, Acc: 6.46%, Loss: 4.2809
Epoch: 24, Batch: 130, Acc: 6.54%, Loss: 4.2301
Epoch: 24, Batch: 140, Acc: 6.52%, Loss: 4.2951
Epoch: 24, Batch: 150, Acc: 6.43%, Loss: 4.2989
Epoch: 24, Batch: 160, Acc: 6.35%, Loss: 4.2929
Epoch: 24, Batch: 170, Acc: 6.32%, Loss: 4.2375
Epoch: 24, Batch: 180, Acc: 6.43%, Loss: 4.2503
Epoch: 24, Batch: 190, Acc: 6.42%, Loss: 4.2868
Epoch: 24, Batch: 200, Acc: 6.45%, Loss: 4.2644
Epoch: 24, Batch: 210, Acc: 6.44%, Loss: 4.2884
Epoch: 24, Batch: 220, Acc: 6.40%, Loss: 4.2659
Epoch: 24, Batch: 230, Acc: 6.35%, Loss: 4.2783
Epoch: 24, Batch: 240, Acc: 6.30%, Loss: 4.3145
Epoch: 24, Batch: 250, Acc: 6.22%, Loss: 4.2618
Epoch: 24, Batch: 260, Acc: 6.21%, Loss: 4.2774
Epoch: 24, Batch: 270, Acc: 6.22%, Loss: 4.3086
Epoch: 24, Batch: 280, Acc: 6.18%, Loss: 4.3070
Epoch: 24, Batch: 290, Acc: 6.18%, Loss: 4.2499
Epoch: 24, Batch: 300, Acc: 6.19%, Loss: 4.2574
Epoch: 24, Batch: 310, Acc: 6.19%, Loss: 4.2807
Epoch: 24, Batch: 320, Acc: 6.25%, Loss: 4.2472
Epoch: 24, Batch: 330, Acc: 6.24%, Loss: 4.2561
Epoch: 24, Batch: 340, Acc: 6.25%, Loss: 4.2540
Epoch: 24, Batch: 350, Acc: 6.29%, Loss: 4.2417
Epoch: 24, Batch: 360, Acc: 6.30%, Loss: 4.2728
Epoch: 24, Batch: 370, Acc: 6.28%, Loss: 4.2968
Epoch: 24, Batch: 380, Acc: 6.22%, Loss: 4.2914
Epoch: 24, Batch: 390, Acc: 6.18%, Loss: 4.2832
Epoch: 24, Batch: 400, Acc: 6.20%, Loss: 4.2699
Epoch: 24, Batch: 410, Acc: 6.23%, Loss: 4.2315
Epoch: 24, Batch: 420, Acc: 6.18%, Loss: 4.2726
Epoch: 24, Batch: 430, Acc: 6.19%, Loss: 4.2511
Epoch: 24, Batch: 440, Acc: 6.20%, Loss: 4.2520
Epoch: 24, Batch: 450, Acc: 6.20%, Loss: 4.2691
Epoch: 24, Batch: 460, Acc: 6.19%, Loss: 4.2792
Epoch: 24, Batch: 470, Acc: 6.16%, Loss: 4.2948
Epoch: 24, Batch: 480, Acc: 6.18%, Loss: 4.2679
Epoch: 24, Batch: 490, Acc: 6.18%, Loss: 4.2176
Epoch: 24, Batch: 500, Acc: 6.17%, Loss: 4.2931
Epoch: 24, Batch: 510, Acc: 6.16%, Loss: 4.2359
Epoch: 24, Batch: 520, Acc: 6.20%, Loss: 4.2487
Epoch: 24, Batch: 530, Acc: 6.22%, Loss: 4.2447
Epoch: 24, Batch: 540, Acc: 6.20%, Loss: 4.2943
Epoch: 24, Batch: 550, Acc: 6.20%, Loss: 4.2490
Epoch: 24, Batch: 560, Acc: 6.21%, Loss: 4.2595
Epoch: 24, Batch: 570, Acc: 6.19%, Loss: 4.3172
Epoch: 24, Batch: 580, Acc: 6.20%, Loss: 4.2658
Epoch: 24, Batch: 590, Acc: 6.24%, Loss: 4.2593
Epoch: 24, Batch: 600, Acc: 6.29%, Loss: 4.2553
Epoch: 24, Batch: 610, Acc: 6.31%, Loss: 4.2136
Epoch: 24, Batch: 620, Acc: 6.31%, Loss: 4.3230
Epoch: 24, Batch: 630, Acc: 6.31%, Loss: 4.2326
Epoch: 24, Batch: 640, Acc: 6.30%, Loss: 4.2895
Epoch: 24, Batch: 650, Acc: 6.29%, Loss: 4.2235
Epoch: 24, Batch: 660, Acc: 6.29%, Loss: 4.3144
Epoch: 24, Batch: 670, Acc: 6.30%, Loss: 4.2717
Epoch: 24, Batch: 680, Acc: 6.29%, Loss: 4.2693
Epoch: 24, Batch: 690, Acc: 6.27%, Loss: 4.2533
Epoch: 24, Batch: 700, Acc: 6.25%, Loss: 4.2750
Epoch: 24, Batch: 710, Acc: 6.29%, Loss: 4.2366
Epoch: 24, Batch: 720, Acc: 6.32%, Loss: 4.2338
Epoch: 24, Batch: 730, Acc: 6.32%, Loss: 4.2174
Epoch: 24, Batch: 740, Acc: 6.31%, Loss: 4.2673
Epoch: 24, Batch: 750, Acc: 6.31%, Loss: 4.2692
Epoch: 24, Batch: 760, Acc: 6.30%, Loss: 4.3191
Epoch: 24, Batch: 770, Acc: 6.31%, Loss: 4.2809
Epoch: 24, Batch: 780, Acc: 6.32%, Loss: 4.2846
Accuracy on test set: 6.84%
Epoch: 25, Batch: 10, Acc: 7.50%, Loss: 4.2505
Epoch: 25, Batch: 20, Acc: 7.19%, Loss: 4.2710
Epoch: 25, Batch: 30, Acc: 6.98%, Loss: 4.2891
Epoch: 25, Batch: 40, Acc: 6.48%, Loss: 4.2438
Epoch: 25, Batch: 50, Acc: 6.41%, Loss: 4.2524
Epoch: 25, Batch: 60, Acc: 6.15%, Loss: 4.2887
Epoch: 25, Batch: 70, Acc: 6.23%, Loss: 4.2152
Epoch: 25, Batch: 80, Acc: 6.11%, Loss: 4.2497
Epoch: 25, Batch: 90, Acc: 6.02%, Loss: 4.3012
Epoch: 25, Batch: 100, Acc: 6.05%, Loss: 4.2506
Epoch: 25, Batch: 110, Acc: 6.16%, Loss: 4.2718
Epoch: 25, Batch: 120, Acc: 6.30%, Loss: 4.2297
Epoch: 25, Batch: 130, Acc: 6.45%, Loss: 4.2486
Epoch: 25, Batch: 140, Acc: 6.33%, Loss: 4.2957
Epoch: 25, Batch: 150, Acc: 6.29%, Loss: 4.2900
Epoch: 25, Batch: 160, Acc: 6.31%, Loss: 4.2679
Epoch: 25, Batch: 170, Acc: 6.25%, Loss: 4.2186
Epoch: 25, Batch: 180, Acc: 6.32%, Loss: 4.2507
Epoch: 25, Batch: 190, Acc: 6.37%, Loss: 4.2761
Epoch: 25, Batch: 200, Acc: 6.41%, Loss: 4.2845
Epoch: 25, Batch: 210, Acc: 6.54%, Loss: 4.2512
Epoch: 25, Batch: 220, Acc: 6.56%, Loss: 4.2202
Epoch: 25, Batch: 230, Acc: 6.57%, Loss: 4.2892
Epoch: 25, Batch: 240, Acc: 6.63%, Loss: 4.2674
Epoch: 25, Batch: 250, Acc: 6.61%, Loss: 4.2800
Epoch: 25, Batch: 260, Acc: 6.62%, Loss: 4.2798
Epoch: 25, Batch: 270, Acc: 6.61%, Loss: 4.2451
Epoch: 25, Batch: 280, Acc: 6.58%, Loss: 4.3040
Epoch: 25, Batch: 290, Acc: 6.55%, Loss: 4.2508
Epoch: 25, Batch: 300, Acc: 6.49%, Loss: 4.2711
Epoch: 25, Batch: 310, Acc: 6.51%, Loss: 4.2647
Epoch: 25, Batch: 320, Acc: 6.46%, Loss: 4.2809
Epoch: 25, Batch: 330, Acc: 6.43%, Loss: 4.3035
Epoch: 25, Batch: 340, Acc: 6.46%, Loss: 4.2731
Epoch: 25, Batch: 350, Acc: 6.47%, Loss: 4.2909
Epoch: 25, Batch: 360, Acc: 6.50%, Loss: 4.2330
Epoch: 25, Batch: 370, Acc: 6.50%, Loss: 4.2741
Epoch: 25, Batch: 380, Acc: 6.48%, Loss: 4.2896
Epoch: 25, Batch: 390, Acc: 6.47%, Loss: 4.2379
Epoch: 25, Batch: 400, Acc: 6.45%, Loss: 4.2330
Epoch: 25, Batch: 410, Acc: 6.42%, Loss: 4.2908
Epoch: 25, Batch: 420, Acc: 6.41%, Loss: 4.2695
Epoch: 25, Batch: 430, Acc: 6.41%, Loss: 4.2527
Epoch: 25, Batch: 440, Acc: 6.39%, Loss: 4.2864
Epoch: 25, Batch: 450, Acc: 6.39%, Loss: 4.2798
Epoch: 25, Batch: 460, Acc: 6.37%, Loss: 4.3059
Epoch: 25, Batch: 470, Acc: 6.37%, Loss: 4.2634
Epoch: 25, Batch: 480, Acc: 6.36%, Loss: 4.2480
Epoch: 25, Batch: 490, Acc: 6.34%, Loss: 4.3185
Epoch: 25, Batch: 500, Acc: 6.32%, Loss: 4.2769
Epoch: 25, Batch: 510, Acc: 6.33%, Loss: 4.2563
Epoch: 25, Batch: 520, Acc: 6.34%, Loss: 4.3111
Epoch: 25, Batch: 530, Acc: 6.35%, Loss: 4.2270
Epoch: 25, Batch: 540, Acc: 6.34%, Loss: 4.2581
Epoch: 25, Batch: 550, Acc: 6.34%, Loss: 4.2354
Epoch: 25, Batch: 560, Acc: 6.34%, Loss: 4.2397
Epoch: 25, Batch: 570, Acc: 6.34%, Loss: 4.2777
Epoch: 25, Batch: 580, Acc: 6.33%, Loss: 4.2481
Epoch: 25, Batch: 590, Acc: 6.32%, Loss: 4.2391
Epoch: 25, Batch: 600, Acc: 6.33%, Loss: 4.2409
Epoch: 25, Batch: 610, Acc: 6.31%, Loss: 4.2596
Epoch: 25, Batch: 620, Acc: 6.33%, Loss: 4.2406
Epoch: 25, Batch: 630, Acc: 6.32%, Loss: 4.2958
Epoch: 25, Batch: 640, Acc: 6.32%, Loss: 4.2538
Epoch: 25, Batch: 650, Acc: 6.34%, Loss: 4.2665
Epoch: 25, Batch: 660, Acc: 6.31%, Loss: 4.2668
Epoch: 25, Batch: 670, Acc: 6.32%, Loss: 4.2802
Epoch: 25, Batch: 680, Acc: 6.32%, Loss: 4.2285
Epoch: 25, Batch: 690, Acc: 6.32%, Loss: 4.2306
Epoch: 25, Batch: 700, Acc: 6.31%, Loss: 4.2755
Epoch: 25, Batch: 710, Acc: 6.33%, Loss: 4.2485
Epoch: 25, Batch: 720, Acc: 6.33%, Loss: 4.2645
Epoch: 25, Batch: 730, Acc: 6.34%, Loss: 4.2462
Epoch: 25, Batch: 740, Acc: 6.36%, Loss: 4.2180
Epoch: 25, Batch: 750, Acc: 6.34%, Loss: 4.3081
Epoch: 25, Batch: 760, Acc: 6.36%, Loss: 4.2436
Epoch: 25, Batch: 770, Acc: 6.38%, Loss: 4.2524
Epoch: 25, Batch: 780, Acc: 6.37%, Loss: 4.3134
Accuracy on test set: 6.71%
Epoch: 26, Batch: 10, Acc: 7.50%, Loss: 4.2579
Epoch: 26, Batch: 20, Acc: 7.19%, Loss: 4.2451
Epoch: 26, Batch: 30, Acc: 6.82%, Loss: 4.2604
Epoch: 26, Batch: 40, Acc: 6.60%, Loss: 4.3003
Epoch: 26, Batch: 50, Acc: 6.56%, Loss: 4.2678
Epoch: 26, Batch: 60, Acc: 6.54%, Loss: 4.2523
Epoch: 26, Batch: 70, Acc: 6.65%, Loss: 4.2749
Epoch: 26, Batch: 80, Acc: 6.58%, Loss: 4.2618
Epoch: 26, Batch: 90, Acc: 6.58%, Loss: 4.2556
Epoch: 26, Batch: 100, Acc: 6.61%, Loss: 4.2432
Epoch: 26, Batch: 110, Acc: 6.72%, Loss: 4.2623
Epoch: 26, Batch: 120, Acc: 6.54%, Loss: 4.2580
Epoch: 26, Batch: 130, Acc: 6.47%, Loss: 4.2881
Epoch: 26, Batch: 140, Acc: 6.43%, Loss: 4.2877
Epoch: 26, Batch: 150, Acc: 6.43%, Loss: 4.2857
Epoch: 26, Batch: 160, Acc: 6.42%, Loss: 4.2506
Epoch: 26, Batch: 170, Acc: 6.31%, Loss: 4.3012
Epoch: 26, Batch: 180, Acc: 6.31%, Loss: 4.2782
Epoch: 26, Batch: 190, Acc: 6.33%, Loss: 4.2328
Epoch: 26, Batch: 200, Acc: 6.30%, Loss: 4.2705
Epoch: 26, Batch: 210, Acc: 6.38%, Loss: 4.2691
Epoch: 26, Batch: 220, Acc: 6.33%, Loss: 4.3062
Epoch: 26, Batch: 230, Acc: 6.29%, Loss: 4.2686
Epoch: 26, Batch: 240, Acc: 6.25%, Loss: 4.2342
Epoch: 26, Batch: 250, Acc: 6.34%, Loss: 4.2125
Epoch: 26, Batch: 260, Acc: 6.31%, Loss: 4.2635
Epoch: 26, Batch: 270, Acc: 6.31%, Loss: 4.2573
Epoch: 26, Batch: 280, Acc: 6.34%, Loss: 4.2254
Epoch: 26, Batch: 290, Acc: 6.35%, Loss: 4.2584
Epoch: 26, Batch: 300, Acc: 6.32%, Loss: 4.2564
Epoch: 26, Batch: 310, Acc: 6.34%, Loss: 4.2784
Epoch: 26, Batch: 320, Acc: 6.38%, Loss: 4.2664
Epoch: 26, Batch: 330, Acc: 6.36%, Loss: 4.2819
Epoch: 26, Batch: 340, Acc: 6.37%, Loss: 4.1943
Epoch: 26, Batch: 350, Acc: 6.39%, Loss: 4.2781
Epoch: 26, Batch: 360, Acc: 6.37%, Loss: 4.2919
Epoch: 26, Batch: 370, Acc: 6.38%, Loss: 4.2377
Epoch: 26, Batch: 380, Acc: 6.39%, Loss: 4.2518
Epoch: 26, Batch: 390, Acc: 6.40%, Loss: 4.2465
Epoch: 26, Batch: 400, Acc: 6.38%, Loss: 4.2632
Epoch: 26, Batch: 410, Acc: 6.37%, Loss: 4.2953
Epoch: 26, Batch: 420, Acc: 6.37%, Loss: 4.2803
Epoch: 26, Batch: 430, Acc: 6.40%, Loss: 4.2642
Epoch: 26, Batch: 440, Acc: 6.35%, Loss: 4.2767
Epoch: 26, Batch: 450, Acc: 6.34%, Loss: 4.2428
Epoch: 26, Batch: 460, Acc: 6.35%, Loss: 4.2547
Epoch: 26, Batch: 470, Acc: 6.31%, Loss: 4.2651
Epoch: 26, Batch: 480, Acc: 6.30%, Loss: 4.2353
Epoch: 26, Batch: 490, Acc: 6.31%, Loss: 4.2694
Epoch: 26, Batch: 500, Acc: 6.28%, Loss: 4.3013
Epoch: 26, Batch: 510, Acc: 6.31%, Loss: 4.2481
Epoch: 26, Batch: 520, Acc: 6.28%, Loss: 4.3053
Epoch: 26, Batch: 530, Acc: 6.30%, Loss: 4.2185
Epoch: 26, Batch: 540, Acc: 6.29%, Loss: 4.2868
Epoch: 26, Batch: 550, Acc: 6.28%, Loss: 4.2784
Epoch: 26, Batch: 560, Acc: 6.27%, Loss: 4.2437
Epoch: 26, Batch: 570, Acc: 6.28%, Loss: 4.2913
Epoch: 26, Batch: 580, Acc: 6.28%, Loss: 4.2301
Epoch: 26, Batch: 590, Acc: 6.31%, Loss: 4.2452
Epoch: 26, Batch: 600, Acc: 6.32%, Loss: 4.2191
Epoch: 26, Batch: 610, Acc: 6.31%, Loss: 4.2519
Epoch: 26, Batch: 620, Acc: 6.29%, Loss: 4.2560
Epoch: 26, Batch: 630, Acc: 6.30%, Loss: 4.2755
Epoch: 26, Batch: 640, Acc: 6.30%, Loss: 4.2494
Epoch: 26, Batch: 650, Acc: 6.29%, Loss: 4.2567
Epoch: 26, Batch: 660, Acc: 6.31%, Loss: 4.2867
Epoch: 26, Batch: 670, Acc: 6.33%, Loss: 4.2622
Epoch: 26, Batch: 680, Acc: 6.32%, Loss: 4.2381
Epoch: 26, Batch: 690, Acc: 6.33%, Loss: 4.2221
Epoch: 26, Batch: 700, Acc: 6.31%, Loss: 4.2848
Epoch: 26, Batch: 710, Acc: 6.33%, Loss: 4.3011
Epoch: 26, Batch: 720, Acc: 6.35%, Loss: 4.2297
Epoch: 26, Batch: 730, Acc: 6.34%, Loss: 4.2467
Epoch: 26, Batch: 740, Acc: 6.33%, Loss: 4.2476
Epoch: 26, Batch: 750, Acc: 6.34%, Loss: 4.2289
Epoch: 26, Batch: 760, Acc: 6.34%, Loss: 4.2623
Epoch: 26, Batch: 770, Acc: 6.33%, Loss: 4.3003
Epoch: 26, Batch: 780, Acc: 6.33%, Loss: 4.2886
Accuracy on test set: 6.85%
Epoch: 27, Batch: 10, Acc: 6.56%, Loss: 4.2534
Epoch: 27, Batch: 20, Acc: 7.34%, Loss: 4.2419
Epoch: 27, Batch: 30, Acc: 6.20%, Loss: 4.3036
Epoch: 27, Batch: 40, Acc: 6.68%, Loss: 4.2259
Epoch: 27, Batch: 50, Acc: 6.72%, Loss: 4.2548
Epoch: 27, Batch: 60, Acc: 6.82%, Loss: 4.2911
Epoch: 27, Batch: 70, Acc: 6.70%, Loss: 4.2685
Epoch: 27, Batch: 80, Acc: 6.58%, Loss: 4.2967
Epoch: 27, Batch: 90, Acc: 6.42%, Loss: 4.2130
Epoch: 27, Batch: 100, Acc: 6.41%, Loss: 4.2947
Epoch: 27, Batch: 110, Acc: 6.34%, Loss: 4.2383
Epoch: 27, Batch: 120, Acc: 6.24%, Loss: 4.2746
Epoch: 27, Batch: 130, Acc: 6.42%, Loss: 4.2157
Epoch: 27, Batch: 140, Acc: 6.46%, Loss: 4.2924
Epoch: 27, Batch: 150, Acc: 6.43%, Loss: 4.2869
Epoch: 27, Batch: 160, Acc: 6.46%, Loss: 4.2283
Epoch: 27, Batch: 170, Acc: 6.47%, Loss: 4.2198
Epoch: 27, Batch: 180, Acc: 6.51%, Loss: 4.2240
Epoch: 27, Batch: 190, Acc: 6.47%, Loss: 4.2860
Epoch: 27, Batch: 200, Acc: 6.46%, Loss: 4.3033
Epoch: 27, Batch: 210, Acc: 6.42%, Loss: 4.2391
Epoch: 27, Batch: 220, Acc: 6.48%, Loss: 4.2519
Epoch: 27, Batch: 230, Acc: 6.51%, Loss: 4.2968
Epoch: 27, Batch: 240, Acc: 6.51%, Loss: 4.2567
Epoch: 27, Batch: 250, Acc: 6.43%, Loss: 4.2945
Epoch: 27, Batch: 260, Acc: 6.45%, Loss: 4.2523
Epoch: 27, Batch: 270, Acc: 6.40%, Loss: 4.2862
Epoch: 27, Batch: 280, Acc: 6.42%, Loss: 4.2945
Epoch: 27, Batch: 290, Acc: 6.41%, Loss: 4.2729
Epoch: 27, Batch: 300, Acc: 6.38%, Loss: 4.2464
Epoch: 27, Batch: 310, Acc: 6.34%, Loss: 4.2752
Epoch: 27, Batch: 320, Acc: 6.38%, Loss: 4.2201
Epoch: 27, Batch: 330, Acc: 6.36%, Loss: 4.2997
Epoch: 27, Batch: 340, Acc: 6.40%, Loss: 4.2413
Epoch: 27, Batch: 350, Acc: 6.40%, Loss: 4.2647
Epoch: 27, Batch: 360, Acc: 6.40%, Loss: 4.2642
Epoch: 27, Batch: 370, Acc: 6.39%, Loss: 4.2472
Epoch: 27, Batch: 380, Acc: 6.34%, Loss: 4.2637
Epoch: 27, Batch: 390, Acc: 6.33%, Loss: 4.2390
Epoch: 27, Batch: 400, Acc: 6.32%, Loss: 4.2188
Epoch: 27, Batch: 410, Acc: 6.28%, Loss: 4.2721
Epoch: 27, Batch: 420, Acc: 6.24%, Loss: 4.2755
Epoch: 27, Batch: 430, Acc: 6.24%, Loss: 4.2527
Epoch: 27, Batch: 440, Acc: 6.23%, Loss: 4.2702
Epoch: 27, Batch: 450, Acc: 6.25%, Loss: 4.2378
Epoch: 27, Batch: 460, Acc: 6.25%, Loss: 4.2993
Epoch: 27, Batch: 470, Acc: 6.23%, Loss: 4.2726
Epoch: 27, Batch: 480, Acc: 6.24%, Loss: 4.2944
Epoch: 27, Batch: 490, Acc: 6.25%, Loss: 4.2167
Epoch: 27, Batch: 500, Acc: 6.27%, Loss: 4.2672
Epoch: 27, Batch: 510, Acc: 6.29%, Loss: 4.2396
Epoch: 27, Batch: 520, Acc: 6.27%, Loss: 4.2198
Epoch: 27, Batch: 530, Acc: 6.26%, Loss: 4.3339
Epoch: 27, Batch: 540, Acc: 6.25%, Loss: 4.3094
Epoch: 27, Batch: 550, Acc: 6.26%, Loss: 4.3008
Epoch: 27, Batch: 560, Acc: 6.26%, Loss: 4.2530
Epoch: 27, Batch: 570, Acc: 6.25%, Loss: 4.2696
Epoch: 27, Batch: 580, Acc: 6.26%, Loss: 4.2311
Epoch: 27, Batch: 590, Acc: 6.25%, Loss: 4.2641
Epoch: 27, Batch: 600, Acc: 6.22%, Loss: 4.2233
Epoch: 27, Batch: 610, Acc: 6.21%, Loss: 4.2542
Epoch: 27, Batch: 620, Acc: 6.24%, Loss: 4.2636
Epoch: 27, Batch: 630, Acc: 6.23%, Loss: 4.2712
Epoch: 27, Batch: 640, Acc: 6.23%, Loss: 4.2649
Epoch: 27, Batch: 650, Acc: 6.24%, Loss: 4.2472
Epoch: 27, Batch: 660, Acc: 6.25%, Loss: 4.2352
Epoch: 27, Batch: 670, Acc: 6.27%, Loss: 4.2430
Epoch: 27, Batch: 680, Acc: 6.28%, Loss: 4.2449
Epoch: 27, Batch: 690, Acc: 6.29%, Loss: 4.2330
Epoch: 27, Batch: 700, Acc: 6.31%, Loss: 4.2527
Epoch: 27, Batch: 710, Acc: 6.33%, Loss: 4.2578
Epoch: 27, Batch: 720, Acc: 6.34%, Loss: 4.2307
Epoch: 27, Batch: 730, Acc: 6.34%, Loss: 4.2699
Epoch: 27, Batch: 740, Acc: 6.36%, Loss: 4.2196
Epoch: 27, Batch: 750, Acc: 6.38%, Loss: 4.2404
Epoch: 27, Batch: 760, Acc: 6.37%, Loss: 4.2758
Epoch: 27, Batch: 770, Acc: 6.38%, Loss: 4.2509
Epoch: 27, Batch: 780, Acc: 6.39%, Loss: 4.2355
Accuracy on test set: 6.77%
Epoch: 28, Batch: 10, Acc: 6.72%, Loss: 4.2519
Epoch: 28, Batch: 20, Acc: 6.72%, Loss: 4.2538
Epoch: 28, Batch: 30, Acc: 6.30%, Loss: 4.2754
Epoch: 28, Batch: 40, Acc: 6.48%, Loss: 4.2691
Epoch: 28, Batch: 50, Acc: 6.50%, Loss: 4.3052
Epoch: 28, Batch: 60, Acc: 6.77%, Loss: 4.2855
Epoch: 28, Batch: 70, Acc: 6.70%, Loss: 4.2180
Epoch: 28, Batch: 80, Acc: 6.62%, Loss: 4.2710
Epoch: 28, Batch: 90, Acc: 6.53%, Loss: 4.2802
Epoch: 28, Batch: 100, Acc: 6.56%, Loss: 4.2544
Epoch: 28, Batch: 110, Acc: 6.55%, Loss: 4.2641
Epoch: 28, Batch: 120, Acc: 6.45%, Loss: 4.2315
Epoch: 28, Batch: 130, Acc: 6.45%, Loss: 4.2283
Epoch: 28, Batch: 140, Acc: 6.46%, Loss: 4.2657
Epoch: 28, Batch: 150, Acc: 6.53%, Loss: 4.2437
Epoch: 28, Batch: 160, Acc: 6.51%, Loss: 4.2736
Epoch: 28, Batch: 170, Acc: 6.44%, Loss: 4.2837
Epoch: 28, Batch: 180, Acc: 6.40%, Loss: 4.2616
Epoch: 28, Batch: 190, Acc: 6.39%, Loss: 4.2656
Epoch: 28, Batch: 200, Acc: 6.39%, Loss: 4.2654
Epoch: 28, Batch: 210, Acc: 6.38%, Loss: 4.2594
Epoch: 28, Batch: 220, Acc: 6.40%, Loss: 4.2432
Epoch: 28, Batch: 230, Acc: 6.35%, Loss: 4.2379
Epoch: 28, Batch: 240, Acc: 6.36%, Loss: 4.2454
Epoch: 28, Batch: 250, Acc: 6.36%, Loss: 4.1789
Epoch: 28, Batch: 260, Acc: 6.34%, Loss: 4.2525
Epoch: 28, Batch: 270, Acc: 6.37%, Loss: 4.2460
Epoch: 28, Batch: 280, Acc: 6.45%, Loss: 4.1938
Epoch: 28, Batch: 290, Acc: 6.48%, Loss: 4.2408
Epoch: 28, Batch: 300, Acc: 6.47%, Loss: 4.2492
Epoch: 28, Batch: 310, Acc: 6.49%, Loss: 4.2337
Epoch: 28, Batch: 320, Acc: 6.50%, Loss: 4.2514
Epoch: 28, Batch: 330, Acc: 6.48%, Loss: 4.2408
Epoch: 28, Batch: 340, Acc: 6.48%, Loss: 4.2192
Epoch: 28, Batch: 350, Acc: 6.48%, Loss: 4.2203
Epoch: 28, Batch: 360, Acc: 6.43%, Loss: 4.3092
Epoch: 28, Batch: 370, Acc: 6.42%, Loss: 4.2768
Epoch: 28, Batch: 380, Acc: 6.43%, Loss: 4.2716
Epoch: 28, Batch: 390, Acc: 6.38%, Loss: 4.3213
Epoch: 28, Batch: 400, Acc: 6.38%, Loss: 4.2062
Epoch: 28, Batch: 410, Acc: 6.36%, Loss: 4.2633
Epoch: 28, Batch: 420, Acc: 6.35%, Loss: 4.2508
Epoch: 28, Batch: 430, Acc: 6.31%, Loss: 4.3134
Epoch: 28, Batch: 440, Acc: 6.36%, Loss: 4.2229
Epoch: 28, Batch: 450, Acc: 6.39%, Loss: 4.2601
Epoch: 28, Batch: 460, Acc: 6.43%, Loss: 4.2330
Epoch: 28, Batch: 470, Acc: 6.43%, Loss: 4.2292
Epoch: 28, Batch: 480, Acc: 6.40%, Loss: 4.2745
Epoch: 28, Batch: 490, Acc: 6.40%, Loss: 4.2545
Epoch: 28, Batch: 500, Acc: 6.40%, Loss: 4.2578
Epoch: 28, Batch: 510, Acc: 6.40%, Loss: 4.3281
Epoch: 28, Batch: 520, Acc: 6.41%, Loss: 4.2054
Epoch: 28, Batch: 530, Acc: 6.43%, Loss: 4.2469
Epoch: 28, Batch: 540, Acc: 6.46%, Loss: 4.2225
Epoch: 28, Batch: 550, Acc: 6.46%, Loss: 4.2436
Epoch: 28, Batch: 560, Acc: 6.47%, Loss: 4.2274
Epoch: 28, Batch: 570, Acc: 6.44%, Loss: 4.2825
Epoch: 28, Batch: 580, Acc: 6.45%, Loss: 4.2586
Epoch: 28, Batch: 590, Acc: 6.48%, Loss: 4.2384
Epoch: 28, Batch: 600, Acc: 6.45%, Loss: 4.2743
Epoch: 28, Batch: 610, Acc: 6.48%, Loss: 4.2798
Epoch: 28, Batch: 620, Acc: 6.45%, Loss: 4.3083
Epoch: 28, Batch: 630, Acc: 6.43%, Loss: 4.2650
Epoch: 28, Batch: 640, Acc: 6.44%, Loss: 4.2738
Epoch: 28, Batch: 650, Acc: 6.44%, Loss: 4.2647
Epoch: 28, Batch: 660, Acc: 6.43%, Loss: 4.3107
Epoch: 28, Batch: 670, Acc: 6.44%, Loss: 4.2529
Epoch: 28, Batch: 680, Acc: 6.44%, Loss: 4.2387
Epoch: 28, Batch: 690, Acc: 6.46%, Loss: 4.2448
Epoch: 28, Batch: 700, Acc: 6.49%, Loss: 4.2120
Epoch: 28, Batch: 710, Acc: 6.47%, Loss: 4.3117
Epoch: 28, Batch: 720, Acc: 6.46%, Loss: 4.2898
Epoch: 28, Batch: 730, Acc: 6.46%, Loss: 4.2939
Epoch: 28, Batch: 740, Acc: 6.46%, Loss: 4.2902
Epoch: 28, Batch: 750, Acc: 6.46%, Loss: 4.2725
Epoch: 28, Batch: 760, Acc: 6.47%, Loss: 4.2390
Epoch: 28, Batch: 770, Acc: 6.47%, Loss: 4.2682
Epoch: 28, Batch: 780, Acc: 6.45%, Loss: 4.2295
Accuracy on test set: 6.94%
Epoch: 29, Batch: 10, Acc: 6.09%, Loss: 4.2591
Epoch: 29, Batch: 20, Acc: 6.09%, Loss: 4.2735
Epoch: 29, Batch: 30, Acc: 6.15%, Loss: 4.2382
Epoch: 29, Batch: 40, Acc: 6.09%, Loss: 4.2205
Epoch: 29, Batch: 50, Acc: 5.78%, Loss: 4.3024
Epoch: 29, Batch: 60, Acc: 5.76%, Loss: 4.3014
Epoch: 29, Batch: 70, Acc: 6.03%, Loss: 4.2659
Epoch: 29, Batch: 80, Acc: 6.17%, Loss: 4.2257
Epoch: 29, Batch: 90, Acc: 6.20%, Loss: 4.2760
Epoch: 29, Batch: 100, Acc: 6.30%, Loss: 4.2826
Epoch: 29, Batch: 110, Acc: 6.43%, Loss: 4.2156
Epoch: 29, Batch: 120, Acc: 6.47%, Loss: 4.2504
Epoch: 29, Batch: 130, Acc: 6.42%, Loss: 4.2694
Epoch: 29, Batch: 140, Acc: 6.35%, Loss: 4.2537
Epoch: 29, Batch: 150, Acc: 6.35%, Loss: 4.2933
Epoch: 29, Batch: 160, Acc: 6.38%, Loss: 4.2779
Epoch: 29, Batch: 170, Acc: 6.41%, Loss: 4.2351
Epoch: 29, Batch: 180, Acc: 6.49%, Loss: 4.2710
Epoch: 29, Batch: 190, Acc: 6.50%, Loss: 4.2585
Epoch: 29, Batch: 200, Acc: 6.50%, Loss: 4.2406
Epoch: 29, Batch: 210, Acc: 6.56%, Loss: 4.2871
Epoch: 29, Batch: 220, Acc: 6.63%, Loss: 4.2296
Epoch: 29, Batch: 230, Acc: 6.70%, Loss: 4.2206
Epoch: 29, Batch: 240, Acc: 6.67%, Loss: 4.2936
Epoch: 29, Batch: 250, Acc: 6.71%, Loss: 4.2469
Epoch: 29, Batch: 260, Acc: 6.72%, Loss: 4.2737
Epoch: 29, Batch: 270, Acc: 6.67%, Loss: 4.2663
Epoch: 29, Batch: 280, Acc: 6.64%, Loss: 4.2466
Epoch: 29, Batch: 290, Acc: 6.68%, Loss: 4.2607
Epoch: 29, Batch: 300, Acc: 6.66%, Loss: 4.2935
Epoch: 29, Batch: 310, Acc: 6.66%, Loss: 4.2368
Epoch: 29, Batch: 320, Acc: 6.60%, Loss: 4.2930
Epoch: 29, Batch: 330, Acc: 6.62%, Loss: 4.1971
Epoch: 29, Batch: 340, Acc: 6.65%, Loss: 4.2669
Epoch: 29, Batch: 350, Acc: 6.66%, Loss: 4.2499
Epoch: 29, Batch: 360, Acc: 6.66%, Loss: 4.2949
Epoch: 29, Batch: 370, Acc: 6.68%, Loss: 4.2338
Epoch: 29, Batch: 380, Acc: 6.64%, Loss: 4.2813
Epoch: 29, Batch: 390, Acc: 6.65%, Loss: 4.2320
Epoch: 29, Batch: 400, Acc: 6.65%, Loss: 4.2215
Epoch: 29, Batch: 410, Acc: 6.65%, Loss: 4.2426
Epoch: 29, Batch: 420, Acc: 6.62%, Loss: 4.2911
Epoch: 29, Batch: 430, Acc: 6.63%, Loss: 4.2255
Epoch: 29, Batch: 440, Acc: 6.63%, Loss: 4.2436
Epoch: 29, Batch: 450, Acc: 6.66%, Loss: 4.1752
Epoch: 29, Batch: 460, Acc: 6.72%, Loss: 4.2215
Epoch: 29, Batch: 470, Acc: 6.69%, Loss: 4.2404
Epoch: 29, Batch: 480, Acc: 6.71%, Loss: 4.2152
Epoch: 29, Batch: 490, Acc: 6.72%, Loss: 4.2323
Epoch: 29, Batch: 500, Acc: 6.69%, Loss: 4.2513
Epoch: 29, Batch: 510, Acc: 6.68%, Loss: 4.2891
Epoch: 29, Batch: 520, Acc: 6.67%, Loss: 4.2555
Epoch: 29, Batch: 530, Acc: 6.67%, Loss: 4.2473
Epoch: 29, Batch: 540, Acc: 6.68%, Loss: 4.2280
Epoch: 29, Batch: 550, Acc: 6.68%, Loss: 4.2576
Epoch: 29, Batch: 560, Acc: 6.67%, Loss: 4.2745
Epoch: 29, Batch: 570, Acc: 6.64%, Loss: 4.2701
Epoch: 29, Batch: 580, Acc: 6.62%, Loss: 4.2914
Epoch: 29, Batch: 590, Acc: 6.62%, Loss: 4.2303
Epoch: 29, Batch: 600, Acc: 6.62%, Loss: 4.2585
Epoch: 29, Batch: 610, Acc: 6.61%, Loss: 4.2555
Epoch: 29, Batch: 620, Acc: 6.60%, Loss: 4.2319
Epoch: 29, Batch: 630, Acc: 6.59%, Loss: 4.2433
Epoch: 29, Batch: 640, Acc: 6.59%, Loss: 4.2419
Epoch: 29, Batch: 650, Acc: 6.60%, Loss: 4.3055
Epoch: 29, Batch: 660, Acc: 6.59%, Loss: 4.2371
Epoch: 29, Batch: 670, Acc: 6.58%, Loss: 4.2487
Epoch: 29, Batch: 680, Acc: 6.57%, Loss: 4.2740
Epoch: 29, Batch: 690, Acc: 6.57%, Loss: 4.2431
Epoch: 29, Batch: 700, Acc: 6.56%, Loss: 4.2938
Epoch: 29, Batch: 710, Acc: 6.58%, Loss: 4.2327
Epoch: 29, Batch: 720, Acc: 6.58%, Loss: 4.2478
Epoch: 29, Batch: 730, Acc: 6.56%, Loss: 4.2703
Epoch: 29, Batch: 740, Acc: 6.55%, Loss: 4.2553
Epoch: 29, Batch: 750, Acc: 6.57%, Loss: 4.2502
Epoch: 29, Batch: 760, Acc: 6.58%, Loss: 4.2561
Epoch: 29, Batch: 770, Acc: 6.59%, Loss: 4.2728
Epoch: 29, Batch: 780, Acc: 6.58%, Loss: 4.2739
Accuracy on test set: 6.63%
Epoch: 30, Batch: 10, Acc: 5.47%, Loss: 4.2524
Epoch: 30, Batch: 20, Acc: 6.33%, Loss: 4.2426
Epoch: 30, Batch: 30, Acc: 5.94%, Loss: 4.2126
Epoch: 30, Batch: 40, Acc: 6.25%, Loss: 4.2680
Epoch: 30, Batch: 50, Acc: 6.25%, Loss: 4.2643
Epoch: 30, Batch: 60, Acc: 6.51%, Loss: 4.1897
Epoch: 30, Batch: 70, Acc: 6.36%, Loss: 4.3400
Epoch: 30, Batch: 80, Acc: 6.41%, Loss: 4.2805
Epoch: 30, Batch: 90, Acc: 6.18%, Loss: 4.2702
Epoch: 30, Batch: 100, Acc: 6.12%, Loss: 4.2946
Epoch: 30, Batch: 110, Acc: 6.15%, Loss: 4.2652
Epoch: 30, Batch: 120, Acc: 6.08%, Loss: 4.2270
Epoch: 30, Batch: 130, Acc: 6.06%, Loss: 4.2812
Epoch: 30, Batch: 140, Acc: 6.15%, Loss: 4.2284
Epoch: 30, Batch: 150, Acc: 6.20%, Loss: 4.2458
Epoch: 30, Batch: 160, Acc: 6.28%, Loss: 4.2567
Epoch: 30, Batch: 170, Acc: 6.36%, Loss: 4.2495
Epoch: 30, Batch: 180, Acc: 6.29%, Loss: 4.2518
Epoch: 30, Batch: 190, Acc: 6.31%, Loss: 4.2796
Epoch: 30, Batch: 200, Acc: 6.35%, Loss: 4.2393
Epoch: 30, Batch: 210, Acc: 6.35%, Loss: 4.2441
Epoch: 30, Batch: 220, Acc: 6.34%, Loss: 4.2537
Epoch: 30, Batch: 230, Acc: 6.40%, Loss: 4.2444
Epoch: 30, Batch: 240, Acc: 6.35%, Loss: 4.2502
Epoch: 30, Batch: 250, Acc: 6.31%, Loss: 4.2709
Epoch: 30, Batch: 260, Acc: 6.22%, Loss: 4.3008
Epoch: 30, Batch: 270, Acc: 6.19%, Loss: 4.2436
Epoch: 30, Batch: 280, Acc: 6.21%, Loss: 4.2717
Epoch: 30, Batch: 290, Acc: 6.14%, Loss: 4.3157
Epoch: 30, Batch: 300, Acc: 6.20%, Loss: 4.2260
Epoch: 30, Batch: 310, Acc: 6.19%, Loss: 4.2706
Epoch: 30, Batch: 320, Acc: 6.22%, Loss: 4.1929
Epoch: 30, Batch: 330, Acc: 6.23%, Loss: 4.2553
Epoch: 30, Batch: 340, Acc: 6.19%, Loss: 4.2581
Epoch: 30, Batch: 350, Acc: 6.20%, Loss: 4.2190
Epoch: 30, Batch: 360, Acc: 6.19%, Loss: 4.2627
Epoch: 30, Batch: 370, Acc: 6.21%, Loss: 4.2560
Epoch: 30, Batch: 380, Acc: 6.29%, Loss: 4.2093
Epoch: 30, Batch: 390, Acc: 6.34%, Loss: 4.2503
Epoch: 30, Batch: 400, Acc: 6.32%, Loss: 4.3011
Epoch: 30, Batch: 410, Acc: 6.34%, Loss: 4.2629
Epoch: 30, Batch: 420, Acc: 6.32%, Loss: 4.2661
Epoch: 30, Batch: 430, Acc: 6.33%, Loss: 4.2612
Epoch: 30, Batch: 440, Acc: 6.37%, Loss: 4.1944
Epoch: 30, Batch: 450, Acc: 6.36%, Loss: 4.2565
Epoch: 30, Batch: 460, Acc: 6.33%, Loss: 4.2632
Epoch: 30, Batch: 470, Acc: 6.34%, Loss: 4.2472
Epoch: 30, Batch: 480, Acc: 6.39%, Loss: 4.2140
Epoch: 30, Batch: 490, Acc: 6.43%, Loss: 4.2494
Epoch: 30, Batch: 500, Acc: 6.43%, Loss: 4.1892
Epoch: 30, Batch: 510, Acc: 6.39%, Loss: 4.2659
Epoch: 30, Batch: 520, Acc: 6.37%, Loss: 4.3104
Epoch: 30, Batch: 530, Acc: 6.35%, Loss: 4.2658
Epoch: 30, Batch: 540, Acc: 6.37%, Loss: 4.2671
Epoch: 30, Batch: 550, Acc: 6.38%, Loss: 4.2446
Epoch: 30, Batch: 560, Acc: 6.40%, Loss: 4.2357
Epoch: 30, Batch: 570, Acc: 6.37%, Loss: 4.2926
Epoch: 30, Batch: 580, Acc: 6.41%, Loss: 4.2176
Epoch: 30, Batch: 590, Acc: 6.41%, Loss: 4.2865
Epoch: 30, Batch: 600, Acc: 6.38%, Loss: 4.2861
Epoch: 30, Batch: 610, Acc: 6.41%, Loss: 4.2358
Epoch: 30, Batch: 620, Acc: 6.41%, Loss: 4.2540
Epoch: 30, Batch: 630, Acc: 6.41%, Loss: 4.2340
Epoch: 30, Batch: 640, Acc: 6.44%, Loss: 4.2443
Epoch: 30, Batch: 650, Acc: 6.44%, Loss: 4.2339
Epoch: 30, Batch: 660, Acc: 6.47%, Loss: 4.1633
Epoch: 30, Batch: 670, Acc: 6.47%, Loss: 4.2842
Epoch: 30, Batch: 680, Acc: 6.45%, Loss: 4.2432
Epoch: 30, Batch: 690, Acc: 6.45%, Loss: 4.2606
Epoch: 30, Batch: 700, Acc: 6.46%, Loss: 4.2354
Epoch: 30, Batch: 710, Acc: 6.43%, Loss: 4.2531
Epoch: 30, Batch: 720, Acc: 6.45%, Loss: 4.2391
Epoch: 30, Batch: 730, Acc: 6.46%, Loss: 4.2462
Epoch: 30, Batch: 740, Acc: 6.44%, Loss: 4.2647
Epoch: 30, Batch: 750, Acc: 6.46%, Loss: 4.2441
Epoch: 30, Batch: 760, Acc: 6.45%, Loss: 4.2409
Epoch: 30, Batch: 770, Acc: 6.42%, Loss: 4.2871
Epoch: 30, Batch: 780, Acc: 6.44%, Loss: 4.2610
Accuracy on test set: 6.89%
Training Time: 2592.04 seconds
Best Accuracy for Run 2: 6.94%
Loading previous model...
Evaluating qmlp-CIFAR-run1-layer5-Amplitude.pt

--- Evaluating Model Run 1 with NONE Attack ---

>>> Evaluating for ε = 0 (Attack: none)
Accuracy  : 0.0643
Loss      : 4.2819
Precision : 0.0323
Recall    : 0.0643
F1        : 0.0430
Fpr       : 0.0095
Fnr       : 0.9357
Roc_auc   : 0.7036
Pr_auc    : nan

--- Evaluating Model Run 1 with FGSM Attack ---

>>> Evaluating for ε = 0 (Attack: fgsm)
Accuracy  : 0.0643
Loss      : 4.2819
Precision : 0.0323
Recall    : 0.0643
F1        : 0.0430
Fpr       : 0.0095
Fnr       : 0.9357
Roc_auc   : 0.7036
Pr_auc    : nan

>>> Evaluating for ε = 0.01 (Attack: fgsm)
Accuracy  : 0.0121
Loss      : 4.8085
Precision : 0.0107
Recall    : 0.0121
F1        : 0.0114
Fpr       : 0.0100
Fnr       : 0.9879
Roc_auc   : 0.5400
Pr_auc    : nan

>>> Evaluating for ε = 0.1 (Attack: fgsm)
Accuracy  : 0.0058
Loss      : 5.1128
Precision : 0.0006
Recall    : 0.0058
F1        : 0.0011
Fpr       : 0.0100
Fnr       : 0.9942
Roc_auc   : 0.2317
Pr_auc    : nan

>>> Evaluating for ε = 0.15 (Attack: fgsm)
Accuracy  : 0.0031
Loss      : 5.2325
Precision : 0.0002
Recall    : 0.0031
F1        : 0.0003
Fpr       : 0.0101
Fnr       : 0.9969
Roc_auc   : 0.1545
Pr_auc    : nan

--- Evaluating Model Run 1 with PGD Attack ---

>>> Evaluating for ε = 0 (Attack: pgd)
Accuracy  : 0.0643
Loss      : 4.2819
Precision : 0.0323
Recall    : 0.0643
F1        : 0.0430
Fpr       : 0.0095
Fnr       : 0.9357
Roc_auc   : 0.7036
Pr_auc    : nan

>>> Evaluating for ε = 0.01 (Attack: pgd)
Accuracy  : 0.0117
Loss      : 4.8225
Precision : 0.0072
Recall    : 0.0117
F1        : 0.0089
Fpr       : 0.0100
Fnr       : 0.9883
Roc_auc   : 0.5257
Pr_auc    : nan

>>> Evaluating for ε = 0.1 (Attack: pgd)
Accuracy  : 0.0033
Loss      : 5.3057
Precision : 0.0001
Recall    : 0.0033
F1        : 0.0002
Fpr       : 0.0101
Fnr       : 0.9967
Roc_auc   : 0.1581
Pr_auc    : nan

>>> Evaluating for ε = 0.15 (Attack: pgd)
Accuracy  : 0.0011
Loss      : 5.5804
Precision : 0.0000
Recall    : 0.0011
F1        : 0.0001
Fpr       : 0.0101
Fnr       : 0.9989
Roc_auc   : 0.0926
Pr_auc    : nan
All results for Run 1 saved to qmlp-CIFAR-run_run1-layer5_Amplitude_all_attacks.csv
Loading previous model...
Evaluating qmlp-CIFAR-run2-layer5-Amplitude.pt

--- Evaluating Model Run 2 with NONE Attack ---

>>> Evaluating for ε = 0 (Attack: none)
Accuracy  : 0.0694
Loss      : 4.2621
Precision : 0.0453
Recall    : 0.0694
F1        : 0.0549
Fpr       : 0.0094
Fnr       : 0.9306
Roc_auc   : 0.7121
Pr_auc    : nan

--- Evaluating Model Run 2 with FGSM Attack ---

>>> Evaluating for ε = 0 (Attack: fgsm)
Accuracy  : 0.0694
Loss      : 4.2621
Precision : 0.0453
Recall    : 0.0694
F1        : 0.0549
Fpr       : 0.0094
Fnr       : 0.9306
Roc_auc   : 0.7121
Pr_auc    : nan

>>> Evaluating for ε = 0.01 (Attack: fgsm)
Accuracy  : 0.0121
Loss      : 4.8070
Precision : 0.0035
Recall    : 0.0121
F1        : 0.0055
Fpr       : 0.0100
Fnr       : 0.9879
Roc_auc   : 0.5216
Pr_auc    : nan

>>> Evaluating for ε = 0.1 (Attack: fgsm)
Accuracy  : 0.0065
Loss      : 5.1157
Precision : 0.0007
Recall    : 0.0065
F1        : 0.0012
Fpr       : 0.0100
Fnr       : 0.9935
Roc_auc   : 0.2133
Pr_auc    : nan

>>> Evaluating for ε = 0.15 (Attack: fgsm)
Accuracy  : 0.0042
Loss      : 5.2308
Precision : 0.0001
Recall    : 0.0042
F1        : 0.0002
Fpr       : 0.0101
Fnr       : 0.9958
Roc_auc   : 0.1424
Pr_auc    : nan

--- Evaluating Model Run 2 with PGD Attack ---

>>> Evaluating for ε = 0 (Attack: pgd)
Accuracy  : 0.0694
Loss      : 4.2621
Precision : 0.0453
Recall    : 0.0694
F1        : 0.0549
Fpr       : 0.0094
Fnr       : 0.9306
Roc_auc   : 0.7121
Pr_auc    : nan

>>> Evaluating for ε = 0.01 (Attack: pgd)
Accuracy  : 0.0121
Loss      : 4.8236
Precision : 0.0057
Recall    : 0.0121
F1        : 0.0078
Fpr       : 0.0100
Fnr       : 0.9879
Roc_auc   : 0.5054
Pr_auc    : nan

>>> Evaluating for ε = 0.1 (Attack: pgd)
Accuracy  : 0.0048
Loss      : 5.3377
Precision : 0.0001
Recall    : 0.0048
F1        : 0.0002
Fpr       : 0.0101
Fnr       : 0.9952
Roc_auc   : 0.1396
Pr_auc    : nan

>>> Evaluating for ε = 0.15 (Attack: pgd)
Accuracy  : 0.0015
Loss      : 5.6202
Precision : 0.0000
Recall    : 0.0015
F1        : 0.0001
Fpr       : 0.0101
Fnr       : 0.9985
Roc_auc   : 0.0812
Pr_auc    : nan
All results for Run 2 saved to qmlp-CIFAR-run_run2-layer5_Amplitude_all_attacks.csv
qmlp-CIFAR-run3-layer5-Amplitude.pt not found
