nohup: ignoring input
Number of runs 3
using layers 10
100
 Training Run 0
Epoch: 1, Batch: 10, Acc: 1.25%, Loss: 4.6291
Epoch: 1, Batch: 20, Acc: 1.17%, Loss: 4.6212
Epoch: 1, Batch: 30, Acc: 0.99%, Loss: 4.6181
Epoch: 1, Batch: 40, Acc: 0.90%, Loss: 4.6333
Epoch: 1, Batch: 50, Acc: 0.84%, Loss: 4.6285
Epoch: 1, Batch: 60, Acc: 0.81%, Loss: 4.6184
Epoch: 1, Batch: 70, Acc: 0.83%, Loss: 4.6194
Epoch: 1, Batch: 80, Acc: 0.80%, Loss: 4.6322
Epoch: 1, Batch: 90, Acc: 0.90%, Loss: 4.6064
Epoch: 1, Batch: 100, Acc: 0.89%, Loss: 4.6169
Epoch: 1, Batch: 110, Acc: 0.85%, Loss: 4.6255
Epoch: 1, Batch: 120, Acc: 0.91%, Loss: 4.6239
Epoch: 1, Batch: 130, Acc: 0.89%, Loss: 4.6176
Epoch: 1, Batch: 140, Acc: 0.88%, Loss: 4.6118
Epoch: 1, Batch: 150, Acc: 0.91%, Loss: 4.6130
Epoch: 1, Batch: 160, Acc: 0.90%, Loss: 4.6133
Epoch: 1, Batch: 170, Acc: 0.91%, Loss: 4.6095
Epoch: 1, Batch: 180, Acc: 0.91%, Loss: 4.6140
Epoch: 1, Batch: 190, Acc: 0.88%, Loss: 4.6186
Epoch: 1, Batch: 200, Acc: 0.88%, Loss: 4.6175
Epoch: 1, Batch: 210, Acc: 0.93%, Loss: 4.6079
Epoch: 1, Batch: 220, Acc: 0.92%, Loss: 4.6093
Epoch: 1, Batch: 230, Acc: 0.92%, Loss: 4.6103
Epoch: 1, Batch: 240, Acc: 0.94%, Loss: 4.5975
Epoch: 1, Batch: 250, Acc: 0.94%, Loss: 4.6008
Epoch: 1, Batch: 260, Acc: 0.91%, Loss: 4.6113
Epoch: 1, Batch: 270, Acc: 0.91%, Loss: 4.6049
Epoch: 1, Batch: 280, Acc: 0.93%, Loss: 4.6025
Epoch: 1, Batch: 290, Acc: 0.95%, Loss: 4.6025
Epoch: 1, Batch: 300, Acc: 0.95%, Loss: 4.6049
Epoch: 1, Batch: 310, Acc: 0.94%, Loss: 4.5994
Epoch: 1, Batch: 320, Acc: 0.95%, Loss: 4.5990
Epoch: 1, Batch: 330, Acc: 0.96%, Loss: 4.5864
Epoch: 1, Batch: 340, Acc: 0.98%, Loss: 4.5969
Epoch: 1, Batch: 350, Acc: 0.98%, Loss: 4.5840
Epoch: 1, Batch: 360, Acc: 1.00%, Loss: 4.5864
Epoch: 1, Batch: 370, Acc: 1.02%, Loss: 4.5982
Epoch: 1, Batch: 380, Acc: 1.04%, Loss: 4.5931
Epoch: 1, Batch: 390, Acc: 1.04%, Loss: 4.5930
Epoch: 1, Batch: 400, Acc: 1.07%, Loss: 4.5819
Epoch: 1, Batch: 410, Acc: 1.11%, Loss: 4.5809
Epoch: 1, Batch: 420, Acc: 1.11%, Loss: 4.5923
Epoch: 1, Batch: 430, Acc: 1.12%, Loss: 4.5884
Epoch: 1, Batch: 440, Acc: 1.13%, Loss: 4.5820
Epoch: 1, Batch: 450, Acc: 1.13%, Loss: 4.5853
Epoch: 1, Batch: 460, Acc: 1.13%, Loss: 4.5796
Epoch: 1, Batch: 470, Acc: 1.13%, Loss: 4.5874
Epoch: 1, Batch: 480, Acc: 1.15%, Loss: 4.5761
Epoch: 1, Batch: 490, Acc: 1.18%, Loss: 4.5790
Epoch: 1, Batch: 500, Acc: 1.21%, Loss: 4.5758
Epoch: 1, Batch: 510, Acc: 1.23%, Loss: 4.5713
Epoch: 1, Batch: 520, Acc: 1.26%, Loss: 4.5722
Epoch: 1, Batch: 530, Acc: 1.27%, Loss: 4.5731
Epoch: 1, Batch: 540, Acc: 1.29%, Loss: 4.5679
Epoch: 1, Batch: 550, Acc: 1.33%, Loss: 4.5679
Epoch: 1, Batch: 560, Acc: 1.33%, Loss: 4.5697
Epoch: 1, Batch: 570, Acc: 1.34%, Loss: 4.5608
Epoch: 1, Batch: 580, Acc: 1.37%, Loss: 4.5585
Epoch: 1, Batch: 590, Acc: 1.37%, Loss: 4.5743
Epoch: 1, Batch: 600, Acc: 1.39%, Loss: 4.5607
Epoch: 1, Batch: 610, Acc: 1.40%, Loss: 4.5585
Epoch: 1, Batch: 620, Acc: 1.39%, Loss: 4.5699
Epoch: 1, Batch: 630, Acc: 1.41%, Loss: 4.5573
Epoch: 1, Batch: 640, Acc: 1.43%, Loss: 4.5545
Epoch: 1, Batch: 650, Acc: 1.44%, Loss: 4.5577
Epoch: 1, Batch: 660, Acc: 1.45%, Loss: 4.5514
Epoch: 1, Batch: 670, Acc: 1.45%, Loss: 4.5477
Epoch: 1, Batch: 680, Acc: 1.46%, Loss: 4.5651
Epoch: 1, Batch: 690, Acc: 1.45%, Loss: 4.5514
Epoch: 1, Batch: 700, Acc: 1.47%, Loss: 4.5482
Epoch: 1, Batch: 710, Acc: 1.48%, Loss: 4.5450
Epoch: 1, Batch: 720, Acc: 1.48%, Loss: 4.5521
Epoch: 1, Batch: 730, Acc: 1.50%, Loss: 4.5379
Epoch: 1, Batch: 740, Acc: 1.52%, Loss: 4.5565
Epoch: 1, Batch: 750, Acc: 1.53%, Loss: 4.5579
Epoch: 1, Batch: 760, Acc: 1.55%, Loss: 4.5370
Epoch: 1, Batch: 770, Acc: 1.56%, Loss: 4.5497
Epoch: 1, Batch: 780, Acc: 1.58%, Loss: 4.5376
Accuracy on test set: 2.49%
Epoch: 2, Batch: 10, Acc: 2.03%, Loss: 4.5202
Epoch: 2, Batch: 20, Acc: 1.72%, Loss: 4.5253
Epoch: 2, Batch: 30, Acc: 2.14%, Loss: 4.5347
Epoch: 2, Batch: 40, Acc: 2.15%, Loss: 4.5386
Epoch: 2, Batch: 50, Acc: 2.06%, Loss: 4.5547
Epoch: 2, Batch: 60, Acc: 2.21%, Loss: 4.5409
Epoch: 2, Batch: 70, Acc: 2.25%, Loss: 4.5461
Epoch: 2, Batch: 80, Acc: 2.17%, Loss: 4.5425
Epoch: 2, Batch: 90, Acc: 2.24%, Loss: 4.5198
Epoch: 2, Batch: 100, Acc: 2.36%, Loss: 4.5100
Epoch: 2, Batch: 110, Acc: 2.37%, Loss: 4.5153
Epoch: 2, Batch: 120, Acc: 2.37%, Loss: 4.5329
Epoch: 2, Batch: 130, Acc: 2.43%, Loss: 4.5265
Epoch: 2, Batch: 140, Acc: 2.47%, Loss: 4.5202
Epoch: 2, Batch: 150, Acc: 2.49%, Loss: 4.5255
Epoch: 2, Batch: 160, Acc: 2.52%, Loss: 4.5135
Epoch: 2, Batch: 170, Acc: 2.57%, Loss: 4.5114
Epoch: 2, Batch: 180, Acc: 2.56%, Loss: 4.5219
Epoch: 2, Batch: 190, Acc: 2.55%, Loss: 4.5062
Epoch: 2, Batch: 200, Acc: 2.55%, Loss: 4.5151
Epoch: 2, Batch: 210, Acc: 2.55%, Loss: 4.5168
Epoch: 2, Batch: 220, Acc: 2.56%, Loss: 4.5047
Epoch: 2, Batch: 230, Acc: 2.55%, Loss: 4.5096
Epoch: 2, Batch: 240, Acc: 2.57%, Loss: 4.5081
Epoch: 2, Batch: 250, Acc: 2.55%, Loss: 4.5083
Epoch: 2, Batch: 260, Acc: 2.52%, Loss: 4.5283
Epoch: 2, Batch: 270, Acc: 2.50%, Loss: 4.5353
Epoch: 2, Batch: 280, Acc: 2.49%, Loss: 4.5329
Epoch: 2, Batch: 290, Acc: 2.53%, Loss: 4.5140
Epoch: 2, Batch: 300, Acc: 2.57%, Loss: 4.5139
Epoch: 2, Batch: 310, Acc: 2.57%, Loss: 4.5210
Epoch: 2, Batch: 320, Acc: 2.54%, Loss: 4.5143
Epoch: 2, Batch: 330, Acc: 2.55%, Loss: 4.5120
Epoch: 2, Batch: 340, Acc: 2.53%, Loss: 4.5087
Epoch: 2, Batch: 350, Acc: 2.54%, Loss: 4.5190
Epoch: 2, Batch: 360, Acc: 2.57%, Loss: 4.4921
Epoch: 2, Batch: 370, Acc: 2.56%, Loss: 4.5020
Epoch: 2, Batch: 380, Acc: 2.57%, Loss: 4.4887
Epoch: 2, Batch: 390, Acc: 2.57%, Loss: 4.5017
Epoch: 2, Batch: 400, Acc: 2.56%, Loss: 4.5073
Epoch: 2, Batch: 410, Acc: 2.60%, Loss: 4.4807
Epoch: 2, Batch: 420, Acc: 2.57%, Loss: 4.4948
Epoch: 2, Batch: 430, Acc: 2.57%, Loss: 4.4774
Epoch: 2, Batch: 440, Acc: 2.57%, Loss: 4.4876
Epoch: 2, Batch: 450, Acc: 2.57%, Loss: 4.5106
Epoch: 2, Batch: 460, Acc: 2.57%, Loss: 4.4807
Epoch: 2, Batch: 470, Acc: 2.59%, Loss: 4.4849
Epoch: 2, Batch: 480, Acc: 2.59%, Loss: 4.4802
Epoch: 2, Batch: 490, Acc: 2.59%, Loss: 4.4943
Epoch: 2, Batch: 500, Acc: 2.60%, Loss: 4.4863
Epoch: 2, Batch: 510, Acc: 2.62%, Loss: 4.4641
Epoch: 2, Batch: 520, Acc: 2.62%, Loss: 4.4917
Epoch: 2, Batch: 530, Acc: 2.61%, Loss: 4.4974
Epoch: 2, Batch: 540, Acc: 2.61%, Loss: 4.5093
Epoch: 2, Batch: 550, Acc: 2.61%, Loss: 4.4732
Epoch: 2, Batch: 560, Acc: 2.59%, Loss: 4.4903
Epoch: 2, Batch: 570, Acc: 2.59%, Loss: 4.4989
Epoch: 2, Batch: 580, Acc: 2.58%, Loss: 4.4974
Epoch: 2, Batch: 590, Acc: 2.58%, Loss: 4.5216
Epoch: 2, Batch: 600, Acc: 2.58%, Loss: 4.4933
Epoch: 2, Batch: 610, Acc: 2.58%, Loss: 4.4879
Epoch: 2, Batch: 620, Acc: 2.58%, Loss: 4.4982
Epoch: 2, Batch: 630, Acc: 2.58%, Loss: 4.4659
Epoch: 2, Batch: 640, Acc: 2.59%, Loss: 4.4818
Epoch: 2, Batch: 650, Acc: 2.60%, Loss: 4.4864
Epoch: 2, Batch: 660, Acc: 2.59%, Loss: 4.5009
Epoch: 2, Batch: 670, Acc: 2.60%, Loss: 4.4679
Epoch: 2, Batch: 680, Acc: 2.61%, Loss: 4.4861
Epoch: 2, Batch: 690, Acc: 2.61%, Loss: 4.4599
Epoch: 2, Batch: 700, Acc: 2.62%, Loss: 4.4535
Epoch: 2, Batch: 710, Acc: 2.61%, Loss: 4.4762
Epoch: 2, Batch: 720, Acc: 2.60%, Loss: 4.4776
Epoch: 2, Batch: 730, Acc: 2.60%, Loss: 4.4736
Epoch: 2, Batch: 740, Acc: 2.61%, Loss: 4.4785
Epoch: 2, Batch: 750, Acc: 2.62%, Loss: 4.4619
Epoch: 2, Batch: 760, Acc: 2.62%, Loss: 4.4794
Epoch: 2, Batch: 770, Acc: 2.61%, Loss: 4.4836
Epoch: 2, Batch: 780, Acc: 2.62%, Loss: 4.4632
Accuracy on test set: 2.82%
Epoch: 3, Batch: 10, Acc: 1.88%, Loss: 4.4887
Epoch: 3, Batch: 20, Acc: 2.34%, Loss: 4.4547
Epoch: 3, Batch: 30, Acc: 2.45%, Loss: 4.4603
Epoch: 3, Batch: 40, Acc: 2.73%, Loss: 4.4545
Epoch: 3, Batch: 50, Acc: 2.78%, Loss: 4.4590
Epoch: 3, Batch: 60, Acc: 2.66%, Loss: 4.4815
Epoch: 3, Batch: 70, Acc: 2.63%, Loss: 4.4633
Epoch: 3, Batch: 80, Acc: 2.70%, Loss: 4.4649
Epoch: 3, Batch: 90, Acc: 2.73%, Loss: 4.4693
Epoch: 3, Batch: 100, Acc: 2.73%, Loss: 4.4589
Epoch: 3, Batch: 110, Acc: 2.76%, Loss: 4.4737
Epoch: 3, Batch: 120, Acc: 2.79%, Loss: 4.4594
Epoch: 3, Batch: 130, Acc: 2.85%, Loss: 4.4654
Epoch: 3, Batch: 140, Acc: 2.82%, Loss: 4.4786
Epoch: 3, Batch: 150, Acc: 2.85%, Loss: 4.4836
Epoch: 3, Batch: 160, Acc: 2.82%, Loss: 4.4795
Epoch: 3, Batch: 170, Acc: 2.77%, Loss: 4.4756
Epoch: 3, Batch: 180, Acc: 2.75%, Loss: 4.4534
Epoch: 3, Batch: 190, Acc: 2.80%, Loss: 4.4618
Epoch: 3, Batch: 200, Acc: 2.77%, Loss: 4.4855
Epoch: 3, Batch: 210, Acc: 2.75%, Loss: 4.4645
Epoch: 3, Batch: 220, Acc: 2.74%, Loss: 4.4580
Epoch: 3, Batch: 230, Acc: 2.66%, Loss: 4.4753
Epoch: 3, Batch: 240, Acc: 2.64%, Loss: 4.4649
Epoch: 3, Batch: 250, Acc: 2.65%, Loss: 4.4664
Epoch: 3, Batch: 260, Acc: 2.68%, Loss: 4.4711
Epoch: 3, Batch: 270, Acc: 2.70%, Loss: 4.4229
Epoch: 3, Batch: 280, Acc: 2.68%, Loss: 4.4818
Epoch: 3, Batch: 290, Acc: 2.66%, Loss: 4.4739
Epoch: 3, Batch: 300, Acc: 2.66%, Loss: 4.4787
Epoch: 3, Batch: 310, Acc: 2.65%, Loss: 4.4459
Epoch: 3, Batch: 320, Acc: 2.65%, Loss: 4.4693
Epoch: 3, Batch: 330, Acc: 2.65%, Loss: 4.4504
Epoch: 3, Batch: 340, Acc: 2.67%, Loss: 4.4526
Epoch: 3, Batch: 350, Acc: 2.68%, Loss: 4.4611
Epoch: 3, Batch: 360, Acc: 2.67%, Loss: 4.4776
Epoch: 3, Batch: 370, Acc: 2.70%, Loss: 4.4835
Epoch: 3, Batch: 380, Acc: 2.70%, Loss: 4.4798
Epoch: 3, Batch: 390, Acc: 2.69%, Loss: 4.4632
Epoch: 3, Batch: 400, Acc: 2.70%, Loss: 4.4696
Epoch: 3, Batch: 410, Acc: 2.74%, Loss: 4.4271
Epoch: 3, Batch: 420, Acc: 2.75%, Loss: 4.4723
Epoch: 3, Batch: 430, Acc: 2.73%, Loss: 4.4595
Epoch: 3, Batch: 440, Acc: 2.73%, Loss: 4.4298
Epoch: 3, Batch: 450, Acc: 2.75%, Loss: 4.4456
Epoch: 3, Batch: 460, Acc: 2.77%, Loss: 4.4578
Epoch: 3, Batch: 470, Acc: 2.78%, Loss: 4.4586
Epoch: 3, Batch: 480, Acc: 2.77%, Loss: 4.4633
Epoch: 3, Batch: 490, Acc: 2.78%, Loss: 4.4517
Epoch: 3, Batch: 500, Acc: 2.77%, Loss: 4.4721
Epoch: 3, Batch: 510, Acc: 2.77%, Loss: 4.4727
Epoch: 3, Batch: 520, Acc: 2.79%, Loss: 4.4257
Epoch: 3, Batch: 530, Acc: 2.82%, Loss: 4.4605
Epoch: 3, Batch: 540, Acc: 2.84%, Loss: 4.4474
Epoch: 3, Batch: 550, Acc: 2.84%, Loss: 4.4564
Epoch: 3, Batch: 560, Acc: 2.86%, Loss: 4.4554
Epoch: 3, Batch: 570, Acc: 2.85%, Loss: 4.4697
Epoch: 3, Batch: 580, Acc: 2.85%, Loss: 4.4527
Epoch: 3, Batch: 590, Acc: 2.85%, Loss: 4.4666
Epoch: 3, Batch: 600, Acc: 2.90%, Loss: 4.4189
Epoch: 3, Batch: 610, Acc: 2.90%, Loss: 4.4428
Epoch: 3, Batch: 620, Acc: 2.90%, Loss: 4.4521
Epoch: 3, Batch: 630, Acc: 2.90%, Loss: 4.4306
Epoch: 3, Batch: 640, Acc: 2.91%, Loss: 4.4316
Epoch: 3, Batch: 650, Acc: 2.93%, Loss: 4.4057
Epoch: 3, Batch: 660, Acc: 2.94%, Loss: 4.4372
Epoch: 3, Batch: 670, Acc: 2.93%, Loss: 4.4401
Epoch: 3, Batch: 680, Acc: 2.93%, Loss: 4.4515
Epoch: 3, Batch: 690, Acc: 2.92%, Loss: 4.4719
Epoch: 3, Batch: 700, Acc: 2.92%, Loss: 4.4336
Epoch: 3, Batch: 710, Acc: 2.93%, Loss: 4.4193
Epoch: 3, Batch: 720, Acc: 2.94%, Loss: 4.4580
Epoch: 3, Batch: 730, Acc: 2.95%, Loss: 4.4323
Epoch: 3, Batch: 740, Acc: 2.96%, Loss: 4.4296
Epoch: 3, Batch: 750, Acc: 2.97%, Loss: 4.4240
Epoch: 3, Batch: 760, Acc: 2.98%, Loss: 4.4424
Epoch: 3, Batch: 770, Acc: 2.98%, Loss: 4.4153
Epoch: 3, Batch: 780, Acc: 2.98%, Loss: 4.4327
Accuracy on test set: 3.27%
Epoch: 4, Batch: 10, Acc: 3.28%, Loss: 4.4307
Epoch: 4, Batch: 20, Acc: 3.05%, Loss: 4.4457
Epoch: 4, Batch: 30, Acc: 2.86%, Loss: 4.4463
Epoch: 4, Batch: 40, Acc: 3.01%, Loss: 4.4077
Epoch: 4, Batch: 50, Acc: 3.00%, Loss: 4.4725
Epoch: 4, Batch: 60, Acc: 3.26%, Loss: 4.4201
Epoch: 4, Batch: 70, Acc: 3.28%, Loss: 4.4462
Epoch: 4, Batch: 80, Acc: 3.26%, Loss: 4.4552
Epoch: 4, Batch: 90, Acc: 3.28%, Loss: 4.4554
Epoch: 4, Batch: 100, Acc: 3.25%, Loss: 4.4596
Epoch: 4, Batch: 110, Acc: 3.20%, Loss: 4.4474
Epoch: 4, Batch: 120, Acc: 3.22%, Loss: 4.4233
Epoch: 4, Batch: 130, Acc: 3.11%, Loss: 4.4327
Epoch: 4, Batch: 140, Acc: 3.14%, Loss: 4.4428
Epoch: 4, Batch: 150, Acc: 3.24%, Loss: 4.4159
Epoch: 4, Batch: 160, Acc: 3.19%, Loss: 4.4232
Epoch: 4, Batch: 170, Acc: 3.17%, Loss: 4.4603
Epoch: 4, Batch: 180, Acc: 3.17%, Loss: 4.4362
Epoch: 4, Batch: 190, Acc: 3.14%, Loss: 4.4558
Epoch: 4, Batch: 200, Acc: 3.15%, Loss: 4.4548
Epoch: 4, Batch: 210, Acc: 3.14%, Loss: 4.4177
Epoch: 4, Batch: 220, Acc: 3.17%, Loss: 4.4593
Epoch: 4, Batch: 230, Acc: 3.19%, Loss: 4.4250
Epoch: 4, Batch: 240, Acc: 3.22%, Loss: 4.4196
Epoch: 4, Batch: 250, Acc: 3.21%, Loss: 4.4273
Epoch: 4, Batch: 260, Acc: 3.23%, Loss: 4.4151
Epoch: 4, Batch: 270, Acc: 3.24%, Loss: 4.4371
Epoch: 4, Batch: 280, Acc: 3.24%, Loss: 4.4389
Epoch: 4, Batch: 290, Acc: 3.23%, Loss: 4.4098
Epoch: 4, Batch: 300, Acc: 3.26%, Loss: 4.4160
Epoch: 4, Batch: 310, Acc: 3.25%, Loss: 4.4205
Epoch: 4, Batch: 320, Acc: 3.22%, Loss: 4.4305
Epoch: 4, Batch: 330, Acc: 3.24%, Loss: 4.4493
Epoch: 4, Batch: 340, Acc: 3.23%, Loss: 4.4540
Epoch: 4, Batch: 350, Acc: 3.24%, Loss: 4.4379
Epoch: 4, Batch: 360, Acc: 3.25%, Loss: 4.4495
Epoch: 4, Batch: 370, Acc: 3.24%, Loss: 4.4468
Epoch: 4, Batch: 380, Acc: 3.24%, Loss: 4.4084
Epoch: 4, Batch: 390, Acc: 3.26%, Loss: 4.4067
Epoch: 4, Batch: 400, Acc: 3.27%, Loss: 4.4279
Epoch: 4, Batch: 410, Acc: 3.27%, Loss: 4.4654
Epoch: 4, Batch: 420, Acc: 3.25%, Loss: 4.4372
Epoch: 4, Batch: 430, Acc: 3.26%, Loss: 4.4305
Epoch: 4, Batch: 440, Acc: 3.27%, Loss: 4.4015
Epoch: 4, Batch: 450, Acc: 3.27%, Loss: 4.4228
Epoch: 4, Batch: 460, Acc: 3.27%, Loss: 4.4604
Epoch: 4, Batch: 470, Acc: 3.26%, Loss: 4.4234
Epoch: 4, Batch: 480, Acc: 3.26%, Loss: 4.4256
Epoch: 4, Batch: 490, Acc: 3.26%, Loss: 4.3968
Epoch: 4, Batch: 500, Acc: 3.26%, Loss: 4.4613
Epoch: 4, Batch: 510, Acc: 3.27%, Loss: 4.4247
Epoch: 4, Batch: 520, Acc: 3.28%, Loss: 4.4389
Epoch: 4, Batch: 530, Acc: 3.29%, Loss: 4.4531
Epoch: 4, Batch: 540, Acc: 3.31%, Loss: 4.4381
Epoch: 4, Batch: 550, Acc: 3.31%, Loss: 4.4262
Epoch: 4, Batch: 560, Acc: 3.33%, Loss: 4.4152
Epoch: 4, Batch: 570, Acc: 3.33%, Loss: 4.4270
Epoch: 4, Batch: 580, Acc: 3.35%, Loss: 4.4139
Epoch: 4, Batch: 590, Acc: 3.35%, Loss: 4.4272
Epoch: 4, Batch: 600, Acc: 3.35%, Loss: 4.4173
Epoch: 4, Batch: 610, Acc: 3.37%, Loss: 4.4127
Epoch: 4, Batch: 620, Acc: 3.37%, Loss: 4.4233
Epoch: 4, Batch: 630, Acc: 3.35%, Loss: 4.4265
Epoch: 4, Batch: 640, Acc: 3.33%, Loss: 4.4128
Epoch: 4, Batch: 650, Acc: 3.33%, Loss: 4.4809
Epoch: 4, Batch: 660, Acc: 3.33%, Loss: 4.4150
Epoch: 4, Batch: 670, Acc: 3.33%, Loss: 4.4250
Epoch: 4, Batch: 680, Acc: 3.33%, Loss: 4.4431
Epoch: 4, Batch: 690, Acc: 3.35%, Loss: 4.4458
Epoch: 4, Batch: 700, Acc: 3.36%, Loss: 4.3984
Epoch: 4, Batch: 710, Acc: 3.36%, Loss: 4.4227
Epoch: 4, Batch: 720, Acc: 3.38%, Loss: 4.3909
Epoch: 4, Batch: 730, Acc: 3.38%, Loss: 4.4186
Epoch: 4, Batch: 740, Acc: 3.38%, Loss: 4.4091
Epoch: 4, Batch: 750, Acc: 3.38%, Loss: 4.4330
Epoch: 4, Batch: 760, Acc: 3.37%, Loss: 4.3744
Epoch: 4, Batch: 770, Acc: 3.38%, Loss: 4.3961
Epoch: 4, Batch: 780, Acc: 3.39%, Loss: 4.4067
Accuracy on test set: 3.76%
Epoch: 5, Batch: 10, Acc: 4.06%, Loss: 4.4260
Epoch: 5, Batch: 20, Acc: 3.59%, Loss: 4.3890
Epoch: 5, Batch: 30, Acc: 3.80%, Loss: 4.4173
Epoch: 5, Batch: 40, Acc: 3.79%, Loss: 4.4241
Epoch: 5, Batch: 50, Acc: 3.72%, Loss: 4.4220
Epoch: 5, Batch: 60, Acc: 3.59%, Loss: 4.4209
Epoch: 5, Batch: 70, Acc: 3.68%, Loss: 4.4249
Epoch: 5, Batch: 80, Acc: 3.67%, Loss: 4.4031
Epoch: 5, Batch: 90, Acc: 3.66%, Loss: 4.4285
Epoch: 5, Batch: 100, Acc: 3.61%, Loss: 4.4433
Epoch: 5, Batch: 110, Acc: 3.76%, Loss: 4.4096
Epoch: 5, Batch: 120, Acc: 3.79%, Loss: 4.4243
Epoch: 5, Batch: 130, Acc: 3.83%, Loss: 4.4461
Epoch: 5, Batch: 140, Acc: 3.83%, Loss: 4.3854
Epoch: 5, Batch: 150, Acc: 3.81%, Loss: 4.4078
Epoch: 5, Batch: 160, Acc: 3.74%, Loss: 4.4262
Epoch: 5, Batch: 170, Acc: 3.73%, Loss: 4.4033
Epoch: 5, Batch: 180, Acc: 3.68%, Loss: 4.4194
Epoch: 5, Batch: 190, Acc: 3.60%, Loss: 4.3986
Epoch: 5, Batch: 200, Acc: 3.59%, Loss: 4.4440
Epoch: 5, Batch: 210, Acc: 3.55%, Loss: 4.4093
Epoch: 5, Batch: 220, Acc: 3.59%, Loss: 4.4450
Epoch: 5, Batch: 230, Acc: 3.63%, Loss: 4.4179
Epoch: 5, Batch: 240, Acc: 3.62%, Loss: 4.4157
Epoch: 5, Batch: 250, Acc: 3.64%, Loss: 4.4117
Epoch: 5, Batch: 260, Acc: 3.67%, Loss: 4.3968
Epoch: 5, Batch: 270, Acc: 3.65%, Loss: 4.4304
Epoch: 5, Batch: 280, Acc: 3.62%, Loss: 4.4245
Epoch: 5, Batch: 290, Acc: 3.61%, Loss: 4.4294
Epoch: 5, Batch: 300, Acc: 3.60%, Loss: 4.4081
Epoch: 5, Batch: 310, Acc: 3.60%, Loss: 4.3972
Epoch: 5, Batch: 320, Acc: 3.60%, Loss: 4.4250
Epoch: 5, Batch: 330, Acc: 3.64%, Loss: 4.4021
Epoch: 5, Batch: 340, Acc: 3.62%, Loss: 4.3980
Epoch: 5, Batch: 350, Acc: 3.61%, Loss: 4.4216
Epoch: 5, Batch: 360, Acc: 3.62%, Loss: 4.4094
Epoch: 5, Batch: 370, Acc: 3.59%, Loss: 4.4349
Epoch: 5, Batch: 380, Acc: 3.58%, Loss: 4.4396
Epoch: 5, Batch: 390, Acc: 3.57%, Loss: 4.3834
Epoch: 5, Batch: 400, Acc: 3.58%, Loss: 4.4160
Epoch: 5, Batch: 410, Acc: 3.58%, Loss: 4.4448
Epoch: 5, Batch: 420, Acc: 3.58%, Loss: 4.3864
Epoch: 5, Batch: 430, Acc: 3.56%, Loss: 4.4237
Epoch: 5, Batch: 440, Acc: 3.56%, Loss: 4.4054
Epoch: 5, Batch: 450, Acc: 3.58%, Loss: 4.3794
Epoch: 5, Batch: 460, Acc: 3.61%, Loss: 4.4007
Epoch: 5, Batch: 470, Acc: 3.62%, Loss: 4.4055
Epoch: 5, Batch: 480, Acc: 3.62%, Loss: 4.3721
Epoch: 5, Batch: 490, Acc: 3.63%, Loss: 4.3928
Epoch: 5, Batch: 500, Acc: 3.66%, Loss: 4.3853
Epoch: 5, Batch: 510, Acc: 3.66%, Loss: 4.4235
Epoch: 5, Batch: 520, Acc: 3.67%, Loss: 4.3541
Epoch: 5, Batch: 530, Acc: 3.65%, Loss: 4.3947
Epoch: 5, Batch: 540, Acc: 3.66%, Loss: 4.4147
Epoch: 5, Batch: 550, Acc: 3.66%, Loss: 4.4080
Epoch: 5, Batch: 560, Acc: 3.68%, Loss: 4.4146
Epoch: 5, Batch: 570, Acc: 3.68%, Loss: 4.4338
Epoch: 5, Batch: 580, Acc: 3.69%, Loss: 4.3826
Epoch: 5, Batch: 590, Acc: 3.66%, Loss: 4.4319
Epoch: 5, Batch: 600, Acc: 3.65%, Loss: 4.4117
Epoch: 5, Batch: 610, Acc: 3.63%, Loss: 4.4077
Epoch: 5, Batch: 620, Acc: 3.61%, Loss: 4.4094
Epoch: 5, Batch: 630, Acc: 3.61%, Loss: 4.4015
Epoch: 5, Batch: 640, Acc: 3.63%, Loss: 4.4137
Epoch: 5, Batch: 650, Acc: 3.62%, Loss: 4.4663
Epoch: 5, Batch: 660, Acc: 3.63%, Loss: 4.4074
Epoch: 5, Batch: 670, Acc: 3.62%, Loss: 4.4212
Epoch: 5, Batch: 680, Acc: 3.61%, Loss: 4.3971
Epoch: 5, Batch: 690, Acc: 3.62%, Loss: 4.4263
Epoch: 5, Batch: 700, Acc: 3.63%, Loss: 4.4240
Epoch: 5, Batch: 710, Acc: 3.65%, Loss: 4.3896
Epoch: 5, Batch: 720, Acc: 3.65%, Loss: 4.3982
Epoch: 5, Batch: 730, Acc: 3.65%, Loss: 4.4045
Epoch: 5, Batch: 740, Acc: 3.65%, Loss: 4.3984
Epoch: 5, Batch: 750, Acc: 3.65%, Loss: 4.4341
Epoch: 5, Batch: 760, Acc: 3.66%, Loss: 4.3936
Epoch: 5, Batch: 770, Acc: 3.66%, Loss: 4.3752
Epoch: 5, Batch: 780, Acc: 3.68%, Loss: 4.3818
Accuracy on test set: 4.03%
Epoch: 6, Batch: 10, Acc: 5.00%, Loss: 4.3917
Epoch: 6, Batch: 20, Acc: 4.06%, Loss: 4.4117
Epoch: 6, Batch: 30, Acc: 4.06%, Loss: 4.4154
Epoch: 6, Batch: 40, Acc: 3.98%, Loss: 4.3884
Epoch: 6, Batch: 50, Acc: 3.88%, Loss: 4.3635
Epoch: 6, Batch: 60, Acc: 3.70%, Loss: 4.4110
Epoch: 6, Batch: 70, Acc: 3.64%, Loss: 4.3922
Epoch: 6, Batch: 80, Acc: 3.44%, Loss: 4.4249
Epoch: 6, Batch: 90, Acc: 3.59%, Loss: 4.4184
Epoch: 6, Batch: 100, Acc: 3.56%, Loss: 4.3756
Epoch: 6, Batch: 110, Acc: 3.59%, Loss: 4.3848
Epoch: 6, Batch: 120, Acc: 3.72%, Loss: 4.3892
Epoch: 6, Batch: 130, Acc: 3.69%, Loss: 4.4295
Epoch: 6, Batch: 140, Acc: 3.74%, Loss: 4.4172
Epoch: 6, Batch: 150, Acc: 3.81%, Loss: 4.3852
Epoch: 6, Batch: 160, Acc: 3.87%, Loss: 4.4206
Epoch: 6, Batch: 170, Acc: 3.94%, Loss: 4.3479
Epoch: 6, Batch: 180, Acc: 3.98%, Loss: 4.4040
Epoch: 6, Batch: 190, Acc: 4.00%, Loss: 4.4068
Epoch: 6, Batch: 200, Acc: 4.05%, Loss: 4.3836
Epoch: 6, Batch: 210, Acc: 4.12%, Loss: 4.4032
Epoch: 6, Batch: 220, Acc: 4.08%, Loss: 4.3986
Epoch: 6, Batch: 230, Acc: 4.08%, Loss: 4.3901
Epoch: 6, Batch: 240, Acc: 4.13%, Loss: 4.3995
Epoch: 6, Batch: 250, Acc: 4.13%, Loss: 4.4004
Epoch: 6, Batch: 260, Acc: 4.10%, Loss: 4.3568
Epoch: 6, Batch: 270, Acc: 4.06%, Loss: 4.3807
Epoch: 6, Batch: 280, Acc: 4.03%, Loss: 4.3981
Epoch: 6, Batch: 290, Acc: 4.00%, Loss: 4.4235
Epoch: 6, Batch: 300, Acc: 4.00%, Loss: 4.3925
Epoch: 6, Batch: 310, Acc: 4.04%, Loss: 4.3960
Epoch: 6, Batch: 320, Acc: 4.05%, Loss: 4.3994
Epoch: 6, Batch: 330, Acc: 4.06%, Loss: 4.3930
Epoch: 6, Batch: 340, Acc: 4.08%, Loss: 4.3779
Epoch: 6, Batch: 350, Acc: 4.08%, Loss: 4.4222
Epoch: 6, Batch: 360, Acc: 4.09%, Loss: 4.3786
Epoch: 6, Batch: 370, Acc: 4.08%, Loss: 4.4197
Epoch: 6, Batch: 380, Acc: 4.07%, Loss: 4.3872
Epoch: 6, Batch: 390, Acc: 4.10%, Loss: 4.3953
Epoch: 6, Batch: 400, Acc: 4.12%, Loss: 4.3867
Epoch: 6, Batch: 410, Acc: 4.11%, Loss: 4.3662
Epoch: 6, Batch: 420, Acc: 4.07%, Loss: 4.4249
Epoch: 6, Batch: 430, Acc: 4.08%, Loss: 4.3925
Epoch: 6, Batch: 440, Acc: 4.06%, Loss: 4.4031
Epoch: 6, Batch: 450, Acc: 4.05%, Loss: 4.3853
Epoch: 6, Batch: 460, Acc: 4.05%, Loss: 4.3766
Epoch: 6, Batch: 470, Acc: 4.05%, Loss: 4.3931
Epoch: 6, Batch: 480, Acc: 4.09%, Loss: 4.3716
Epoch: 6, Batch: 490, Acc: 4.07%, Loss: 4.3969
Epoch: 6, Batch: 500, Acc: 4.07%, Loss: 4.3991
Epoch: 6, Batch: 510, Acc: 4.06%, Loss: 4.3787
Epoch: 6, Batch: 520, Acc: 4.06%, Loss: 4.4073
Epoch: 6, Batch: 530, Acc: 4.06%, Loss: 4.3966
Epoch: 6, Batch: 540, Acc: 4.05%, Loss: 4.4520
Epoch: 6, Batch: 550, Acc: 4.06%, Loss: 4.3903
Epoch: 6, Batch: 560, Acc: 4.04%, Loss: 4.4054
Epoch: 6, Batch: 570, Acc: 4.03%, Loss: 4.4079
Epoch: 6, Batch: 580, Acc: 4.04%, Loss: 4.4135
Epoch: 6, Batch: 590, Acc: 4.05%, Loss: 4.4038
Epoch: 6, Batch: 600, Acc: 4.05%, Loss: 4.3850
Epoch: 6, Batch: 610, Acc: 4.04%, Loss: 4.3923
Epoch: 6, Batch: 620, Acc: 4.04%, Loss: 4.3639
Epoch: 6, Batch: 630, Acc: 4.04%, Loss: 4.4024
Epoch: 6, Batch: 640, Acc: 4.03%, Loss: 4.4357
Epoch: 6, Batch: 650, Acc: 4.03%, Loss: 4.3753
Epoch: 6, Batch: 660, Acc: 4.02%, Loss: 4.3903
Epoch: 6, Batch: 670, Acc: 4.03%, Loss: 4.3796
Epoch: 6, Batch: 680, Acc: 4.03%, Loss: 4.3720
Epoch: 6, Batch: 690, Acc: 4.01%, Loss: 4.3771
Epoch: 6, Batch: 700, Acc: 4.02%, Loss: 4.3454
Epoch: 6, Batch: 710, Acc: 4.01%, Loss: 4.3831
Epoch: 6, Batch: 720, Acc: 4.00%, Loss: 4.3846
Epoch: 6, Batch: 730, Acc: 3.99%, Loss: 4.4236
Epoch: 6, Batch: 740, Acc: 3.99%, Loss: 4.4051
Epoch: 6, Batch: 750, Acc: 3.99%, Loss: 4.3968
Epoch: 6, Batch: 760, Acc: 3.98%, Loss: 4.4077
Epoch: 6, Batch: 770, Acc: 3.97%, Loss: 4.4412
Epoch: 6, Batch: 780, Acc: 3.97%, Loss: 4.4055
Accuracy on test set: 4.10%
Epoch: 7, Batch: 10, Acc: 4.38%, Loss: 4.3621
Epoch: 7, Batch: 20, Acc: 3.98%, Loss: 4.3678
Epoch: 7, Batch: 30, Acc: 3.85%, Loss: 4.4108
Epoch: 7, Batch: 40, Acc: 3.75%, Loss: 4.3758
Epoch: 7, Batch: 50, Acc: 3.88%, Loss: 4.3567
Epoch: 7, Batch: 60, Acc: 3.72%, Loss: 4.3765
Epoch: 7, Batch: 70, Acc: 3.86%, Loss: 4.3695
Epoch: 7, Batch: 80, Acc: 3.89%, Loss: 4.3915
Epoch: 7, Batch: 90, Acc: 3.85%, Loss: 4.4002
Epoch: 7, Batch: 100, Acc: 3.80%, Loss: 4.3945
Epoch: 7, Batch: 110, Acc: 3.95%, Loss: 4.3884
Epoch: 7, Batch: 120, Acc: 4.00%, Loss: 4.3792
Epoch: 7, Batch: 130, Acc: 4.15%, Loss: 4.3796
Epoch: 7, Batch: 140, Acc: 4.11%, Loss: 4.3623
Epoch: 7, Batch: 150, Acc: 4.12%, Loss: 4.3749
Epoch: 7, Batch: 160, Acc: 4.16%, Loss: 4.4153
Epoch: 7, Batch: 170, Acc: 4.15%, Loss: 4.3985
Epoch: 7, Batch: 180, Acc: 4.15%, Loss: 4.3912
Epoch: 7, Batch: 190, Acc: 4.16%, Loss: 4.3716
Epoch: 7, Batch: 200, Acc: 4.11%, Loss: 4.3913
Epoch: 7, Batch: 210, Acc: 4.11%, Loss: 4.3748
Epoch: 7, Batch: 220, Acc: 4.16%, Loss: 4.4015
Epoch: 7, Batch: 230, Acc: 4.17%, Loss: 4.4016
Epoch: 7, Batch: 240, Acc: 4.19%, Loss: 4.3856
Epoch: 7, Batch: 250, Acc: 4.17%, Loss: 4.3718
Epoch: 7, Batch: 260, Acc: 4.19%, Loss: 4.4075
Epoch: 7, Batch: 270, Acc: 4.14%, Loss: 4.3803
Epoch: 7, Batch: 280, Acc: 4.13%, Loss: 4.3976
Epoch: 7, Batch: 290, Acc: 4.13%, Loss: 4.3991
Epoch: 7, Batch: 300, Acc: 4.17%, Loss: 4.3649
Epoch: 7, Batch: 310, Acc: 4.21%, Loss: 4.3437
Epoch: 7, Batch: 320, Acc: 4.20%, Loss: 4.3777
Epoch: 7, Batch: 330, Acc: 4.18%, Loss: 4.3948
Epoch: 7, Batch: 340, Acc: 4.19%, Loss: 4.4043
Epoch: 7, Batch: 350, Acc: 4.20%, Loss: 4.3757
Epoch: 7, Batch: 360, Acc: 4.20%, Loss: 4.3833
Epoch: 7, Batch: 370, Acc: 4.19%, Loss: 4.3984
Epoch: 7, Batch: 380, Acc: 4.22%, Loss: 4.3818
Epoch: 7, Batch: 390, Acc: 4.21%, Loss: 4.4145
Epoch: 7, Batch: 400, Acc: 4.20%, Loss: 4.4056
Epoch: 7, Batch: 410, Acc: 4.22%, Loss: 4.4131
Epoch: 7, Batch: 420, Acc: 4.23%, Loss: 4.3682
Epoch: 7, Batch: 430, Acc: 4.25%, Loss: 4.3705
Epoch: 7, Batch: 440, Acc: 4.23%, Loss: 4.4173
Epoch: 7, Batch: 450, Acc: 4.25%, Loss: 4.3814
Epoch: 7, Batch: 460, Acc: 4.27%, Loss: 4.3688
Epoch: 7, Batch: 470, Acc: 4.27%, Loss: 4.3754
Epoch: 7, Batch: 480, Acc: 4.25%, Loss: 4.3553
Epoch: 7, Batch: 490, Acc: 4.23%, Loss: 4.3930
Epoch: 7, Batch: 500, Acc: 4.24%, Loss: 4.3723
Epoch: 7, Batch: 510, Acc: 4.23%, Loss: 4.3886
Epoch: 7, Batch: 520, Acc: 4.23%, Loss: 4.3580
Epoch: 7, Batch: 530, Acc: 4.24%, Loss: 4.3746
Epoch: 7, Batch: 540, Acc: 4.24%, Loss: 4.3514
Epoch: 7, Batch: 550, Acc: 4.26%, Loss: 4.3428
Epoch: 7, Batch: 560, Acc: 4.27%, Loss: 4.3470
Epoch: 7, Batch: 570, Acc: 4.28%, Loss: 4.3926
Epoch: 7, Batch: 580, Acc: 4.29%, Loss: 4.3598
Epoch: 7, Batch: 590, Acc: 4.26%, Loss: 4.3944
Epoch: 7, Batch: 600, Acc: 4.26%, Loss: 4.3803
Epoch: 7, Batch: 610, Acc: 4.26%, Loss: 4.3589
Epoch: 7, Batch: 620, Acc: 4.27%, Loss: 4.3749
Epoch: 7, Batch: 630, Acc: 4.28%, Loss: 4.3852
Epoch: 7, Batch: 640, Acc: 4.26%, Loss: 4.3616
Epoch: 7, Batch: 650, Acc: 4.25%, Loss: 4.3740
Epoch: 7, Batch: 660, Acc: 4.24%, Loss: 4.3920
Epoch: 7, Batch: 670, Acc: 4.25%, Loss: 4.3857
Epoch: 7, Batch: 680, Acc: 4.24%, Loss: 4.3834
Epoch: 7, Batch: 690, Acc: 4.21%, Loss: 4.4334
Epoch: 7, Batch: 700, Acc: 4.20%, Loss: 4.3977
Epoch: 7, Batch: 710, Acc: 4.20%, Loss: 4.3572
Epoch: 7, Batch: 720, Acc: 4.18%, Loss: 4.4061
Epoch: 7, Batch: 730, Acc: 4.20%, Loss: 4.3417
Epoch: 7, Batch: 740, Acc: 4.18%, Loss: 4.3975
Epoch: 7, Batch: 750, Acc: 4.18%, Loss: 4.3789
Epoch: 7, Batch: 760, Acc: 4.18%, Loss: 4.3709
Epoch: 7, Batch: 770, Acc: 4.20%, Loss: 4.4044
Epoch: 7, Batch: 780, Acc: 4.21%, Loss: 4.3529
Accuracy on test set: 4.32%
Epoch: 8, Batch: 10, Acc: 2.66%, Loss: 4.3887
Epoch: 8, Batch: 20, Acc: 3.67%, Loss: 4.3761
Epoch: 8, Batch: 30, Acc: 4.06%, Loss: 4.3770
Epoch: 8, Batch: 40, Acc: 4.38%, Loss: 4.3552
Epoch: 8, Batch: 50, Acc: 4.41%, Loss: 4.3383
Epoch: 8, Batch: 60, Acc: 4.24%, Loss: 4.4022
Epoch: 8, Batch: 70, Acc: 4.26%, Loss: 4.3552
Epoch: 8, Batch: 80, Acc: 4.32%, Loss: 4.3827
Epoch: 8, Batch: 90, Acc: 4.32%, Loss: 4.4114
Epoch: 8, Batch: 100, Acc: 4.41%, Loss: 4.3539
Epoch: 8, Batch: 110, Acc: 4.43%, Loss: 4.3764
Epoch: 8, Batch: 120, Acc: 4.43%, Loss: 4.4055
Epoch: 8, Batch: 130, Acc: 4.40%, Loss: 4.3318
Epoch: 8, Batch: 140, Acc: 4.45%, Loss: 4.3847
Epoch: 8, Batch: 150, Acc: 4.46%, Loss: 4.3608
Epoch: 8, Batch: 160, Acc: 4.40%, Loss: 4.3642
Epoch: 8, Batch: 170, Acc: 4.37%, Loss: 4.3646
Epoch: 8, Batch: 180, Acc: 4.37%, Loss: 4.3749
Epoch: 8, Batch: 190, Acc: 4.33%, Loss: 4.3939
Epoch: 8, Batch: 200, Acc: 4.27%, Loss: 4.3968
Epoch: 8, Batch: 210, Acc: 4.28%, Loss: 4.4002
Epoch: 8, Batch: 220, Acc: 4.28%, Loss: 4.3482
Epoch: 8, Batch: 230, Acc: 4.27%, Loss: 4.3774
Epoch: 8, Batch: 240, Acc: 4.28%, Loss: 4.3595
Epoch: 8, Batch: 250, Acc: 4.28%, Loss: 4.3440
Epoch: 8, Batch: 260, Acc: 4.24%, Loss: 4.3753
Epoch: 8, Batch: 270, Acc: 4.21%, Loss: 4.3910
Epoch: 8, Batch: 280, Acc: 4.21%, Loss: 4.3494
Epoch: 8, Batch: 290, Acc: 4.21%, Loss: 4.3800
Epoch: 8, Batch: 300, Acc: 4.22%, Loss: 4.3745
Epoch: 8, Batch: 310, Acc: 4.24%, Loss: 4.3848
Epoch: 8, Batch: 320, Acc: 4.22%, Loss: 4.3517
Epoch: 8, Batch: 330, Acc: 4.26%, Loss: 4.3781
Epoch: 8, Batch: 340, Acc: 4.29%, Loss: 4.3398
Epoch: 8, Batch: 350, Acc: 4.24%, Loss: 4.3889
Epoch: 8, Batch: 360, Acc: 4.21%, Loss: 4.3870
Epoch: 8, Batch: 370, Acc: 4.18%, Loss: 4.3840
Epoch: 8, Batch: 380, Acc: 4.19%, Loss: 4.4060
Epoch: 8, Batch: 390, Acc: 4.18%, Loss: 4.3628
Epoch: 8, Batch: 400, Acc: 4.19%, Loss: 4.3738
Epoch: 8, Batch: 410, Acc: 4.18%, Loss: 4.3830
Epoch: 8, Batch: 420, Acc: 4.18%, Loss: 4.3762
Epoch: 8, Batch: 430, Acc: 4.17%, Loss: 4.3645
Epoch: 8, Batch: 440, Acc: 4.15%, Loss: 4.3602
Epoch: 8, Batch: 450, Acc: 4.15%, Loss: 4.3557
Epoch: 8, Batch: 460, Acc: 4.12%, Loss: 4.3755
Epoch: 8, Batch: 470, Acc: 4.13%, Loss: 4.3736
Epoch: 8, Batch: 480, Acc: 4.12%, Loss: 4.3840
Epoch: 8, Batch: 490, Acc: 4.11%, Loss: 4.3768
Epoch: 8, Batch: 500, Acc: 4.14%, Loss: 4.3552
Epoch: 8, Batch: 510, Acc: 4.15%, Loss: 4.3264
Epoch: 8, Batch: 520, Acc: 4.18%, Loss: 4.3745
Epoch: 8, Batch: 530, Acc: 4.18%, Loss: 4.3840
Epoch: 8, Batch: 540, Acc: 4.22%, Loss: 4.3639
Epoch: 8, Batch: 550, Acc: 4.21%, Loss: 4.3722
Epoch: 8, Batch: 560, Acc: 4.22%, Loss: 4.3415
Epoch: 8, Batch: 570, Acc: 4.23%, Loss: 4.3563
Epoch: 8, Batch: 580, Acc: 4.23%, Loss: 4.3691
Epoch: 8, Batch: 590, Acc: 4.21%, Loss: 4.3537
Epoch: 8, Batch: 600, Acc: 4.22%, Loss: 4.4033
Epoch: 8, Batch: 610, Acc: 4.24%, Loss: 4.3560
Epoch: 8, Batch: 620, Acc: 4.24%, Loss: 4.3484
Epoch: 8, Batch: 630, Acc: 4.25%, Loss: 4.4058
Epoch: 8, Batch: 640, Acc: 4.24%, Loss: 4.3015
Epoch: 8, Batch: 650, Acc: 4.25%, Loss: 4.3451
Epoch: 8, Batch: 660, Acc: 4.25%, Loss: 4.3657
Epoch: 8, Batch: 670, Acc: 4.25%, Loss: 4.3640
Epoch: 8, Batch: 680, Acc: 4.25%, Loss: 4.3447
Epoch: 8, Batch: 690, Acc: 4.25%, Loss: 4.3550
Epoch: 8, Batch: 700, Acc: 4.25%, Loss: 4.3635
Epoch: 8, Batch: 710, Acc: 4.25%, Loss: 4.3339
Epoch: 8, Batch: 720, Acc: 4.24%, Loss: 4.3603
Epoch: 8, Batch: 730, Acc: 4.24%, Loss: 4.3834
Epoch: 8, Batch: 740, Acc: 4.25%, Loss: 4.3702
Epoch: 8, Batch: 750, Acc: 4.25%, Loss: 4.3733
Epoch: 8, Batch: 760, Acc: 4.26%, Loss: 4.3596
Epoch: 8, Batch: 770, Acc: 4.27%, Loss: 4.3661
Epoch: 8, Batch: 780, Acc: 4.28%, Loss: 4.3796
Accuracy on test set: 4.20%
Epoch: 9, Batch: 10, Acc: 4.06%, Loss: 4.3639
Epoch: 9, Batch: 20, Acc: 3.75%, Loss: 4.3919
Epoch: 9, Batch: 30, Acc: 3.91%, Loss: 4.3572
Epoch: 9, Batch: 40, Acc: 4.06%, Loss: 4.3082
Epoch: 9, Batch: 50, Acc: 4.22%, Loss: 4.3861
Epoch: 9, Batch: 60, Acc: 4.19%, Loss: 4.3742
Epoch: 9, Batch: 70, Acc: 4.00%, Loss: 4.3930
Epoch: 9, Batch: 80, Acc: 4.20%, Loss: 4.3627
Epoch: 9, Batch: 90, Acc: 4.22%, Loss: 4.3442
Epoch: 9, Batch: 100, Acc: 4.16%, Loss: 4.3623
Epoch: 9, Batch: 110, Acc: 4.22%, Loss: 4.3106
Epoch: 9, Batch: 120, Acc: 4.17%, Loss: 4.4093
Epoch: 9, Batch: 130, Acc: 4.31%, Loss: 4.3821
Epoch: 9, Batch: 140, Acc: 4.50%, Loss: 4.3291
Epoch: 9, Batch: 150, Acc: 4.41%, Loss: 4.3824
Epoch: 9, Batch: 160, Acc: 4.34%, Loss: 4.3316
Epoch: 9, Batch: 170, Acc: 4.32%, Loss: 4.3447
Epoch: 9, Batch: 180, Acc: 4.28%, Loss: 4.4050
Epoch: 9, Batch: 190, Acc: 4.23%, Loss: 4.3912
Epoch: 9, Batch: 200, Acc: 4.23%, Loss: 4.3672
Epoch: 9, Batch: 210, Acc: 4.19%, Loss: 4.3353
Epoch: 9, Batch: 220, Acc: 4.22%, Loss: 4.3644
Epoch: 9, Batch: 230, Acc: 4.22%, Loss: 4.3480
Epoch: 9, Batch: 240, Acc: 4.26%, Loss: 4.3612
Epoch: 9, Batch: 250, Acc: 4.25%, Loss: 4.3576
Epoch: 9, Batch: 260, Acc: 4.25%, Loss: 4.4186
Epoch: 9, Batch: 270, Acc: 4.26%, Loss: 4.3476
Epoch: 9, Batch: 280, Acc: 4.24%, Loss: 4.3669
Epoch: 9, Batch: 290, Acc: 4.28%, Loss: 4.3873
Epoch: 9, Batch: 300, Acc: 4.29%, Loss: 4.3489
Epoch: 9, Batch: 310, Acc: 4.27%, Loss: 4.3906
Epoch: 9, Batch: 320, Acc: 4.25%, Loss: 4.3435
Epoch: 9, Batch: 330, Acc: 4.29%, Loss: 4.3402
Epoch: 9, Batch: 340, Acc: 4.28%, Loss: 4.3686
Epoch: 9, Batch: 350, Acc: 4.33%, Loss: 4.3076
Epoch: 9, Batch: 360, Acc: 4.32%, Loss: 4.3784
Epoch: 9, Batch: 370, Acc: 4.33%, Loss: 4.3614
Epoch: 9, Batch: 380, Acc: 4.35%, Loss: 4.3849
Epoch: 9, Batch: 390, Acc: 4.38%, Loss: 4.3181
Epoch: 9, Batch: 400, Acc: 4.38%, Loss: 4.3758
Epoch: 9, Batch: 410, Acc: 4.35%, Loss: 4.3626
Epoch: 9, Batch: 420, Acc: 4.37%, Loss: 4.3458
Epoch: 9, Batch: 430, Acc: 4.38%, Loss: 4.3702
Epoch: 9, Batch: 440, Acc: 4.37%, Loss: 4.3605
Epoch: 9, Batch: 450, Acc: 4.34%, Loss: 4.3518
Epoch: 9, Batch: 460, Acc: 4.32%, Loss: 4.3498
Epoch: 9, Batch: 470, Acc: 4.30%, Loss: 4.3569
Epoch: 9, Batch: 480, Acc: 4.30%, Loss: 4.3339
Epoch: 9, Batch: 490, Acc: 4.29%, Loss: 4.3455
Epoch: 9, Batch: 500, Acc: 4.28%, Loss: 4.3343
Epoch: 9, Batch: 510, Acc: 4.26%, Loss: 4.3655
Epoch: 9, Batch: 520, Acc: 4.30%, Loss: 4.3553
Epoch: 9, Batch: 530, Acc: 4.30%, Loss: 4.3521
Epoch: 9, Batch: 540, Acc: 4.29%, Loss: 4.3576
Epoch: 9, Batch: 550, Acc: 4.31%, Loss: 4.2944
Epoch: 9, Batch: 560, Acc: 4.31%, Loss: 4.3616
Epoch: 9, Batch: 570, Acc: 4.33%, Loss: 4.3357
Epoch: 9, Batch: 580, Acc: 4.34%, Loss: 4.3698
Epoch: 9, Batch: 590, Acc: 4.34%, Loss: 4.3350
Epoch: 9, Batch: 600, Acc: 4.35%, Loss: 4.3618
Epoch: 9, Batch: 610, Acc: 4.35%, Loss: 4.3780
Epoch: 9, Batch: 620, Acc: 4.37%, Loss: 4.3602
Epoch: 9, Batch: 630, Acc: 4.37%, Loss: 4.3613
Epoch: 9, Batch: 640, Acc: 4.37%, Loss: 4.3638
Epoch: 9, Batch: 650, Acc: 4.36%, Loss: 4.3373
Epoch: 9, Batch: 660, Acc: 4.34%, Loss: 4.3970
Epoch: 9, Batch: 670, Acc: 4.33%, Loss: 4.3888
Epoch: 9, Batch: 680, Acc: 4.34%, Loss: 4.3331
Epoch: 9, Batch: 690, Acc: 4.33%, Loss: 4.3776
Epoch: 9, Batch: 700, Acc: 4.34%, Loss: 4.3348
Epoch: 9, Batch: 710, Acc: 4.35%, Loss: 4.3571
Epoch: 9, Batch: 720, Acc: 4.35%, Loss: 4.3380
Epoch: 9, Batch: 730, Acc: 4.35%, Loss: 4.3625
Epoch: 9, Batch: 740, Acc: 4.33%, Loss: 4.3244
Epoch: 9, Batch: 750, Acc: 4.32%, Loss: 4.3708
Epoch: 9, Batch: 760, Acc: 4.30%, Loss: 4.3517
Epoch: 9, Batch: 770, Acc: 4.32%, Loss: 4.3116
Epoch: 9, Batch: 780, Acc: 4.33%, Loss: 4.3673
Accuracy on test set: 4.53%
Epoch: 10, Batch: 10, Acc: 3.59%, Loss: 4.3556
Epoch: 10, Batch: 20, Acc: 4.06%, Loss: 4.3687
Epoch: 10, Batch: 30, Acc: 4.43%, Loss: 4.3627
Epoch: 10, Batch: 40, Acc: 4.38%, Loss: 4.3274
Epoch: 10, Batch: 50, Acc: 4.16%, Loss: 4.3436
Epoch: 10, Batch: 60, Acc: 4.06%, Loss: 4.3380
Epoch: 10, Batch: 70, Acc: 4.11%, Loss: 4.3572
Epoch: 10, Batch: 80, Acc: 4.00%, Loss: 4.3572
Epoch: 10, Batch: 90, Acc: 4.08%, Loss: 4.3427
Epoch: 10, Batch: 100, Acc: 4.06%, Loss: 4.3798
Epoch: 10, Batch: 110, Acc: 4.18%, Loss: 4.3672
Epoch: 10, Batch: 120, Acc: 4.19%, Loss: 4.3633
Epoch: 10, Batch: 130, Acc: 4.22%, Loss: 4.3580
Epoch: 10, Batch: 140, Acc: 4.30%, Loss: 4.3316
Epoch: 10, Batch: 150, Acc: 4.27%, Loss: 4.3437
Epoch: 10, Batch: 160, Acc: 4.30%, Loss: 4.3071
Epoch: 10, Batch: 170, Acc: 4.33%, Loss: 4.3289
Epoch: 10, Batch: 180, Acc: 4.30%, Loss: 4.3609
Epoch: 10, Batch: 190, Acc: 4.29%, Loss: 4.3455
Epoch: 10, Batch: 200, Acc: 4.27%, Loss: 4.3361
Epoch: 10, Batch: 210, Acc: 4.25%, Loss: 4.3676
Epoch: 10, Batch: 220, Acc: 4.26%, Loss: 4.3674
Epoch: 10, Batch: 230, Acc: 4.26%, Loss: 4.3412
Epoch: 10, Batch: 240, Acc: 4.33%, Loss: 4.3431
Epoch: 10, Batch: 250, Acc: 4.34%, Loss: 4.3690
Epoch: 10, Batch: 260, Acc: 4.34%, Loss: 4.3534
Epoch: 10, Batch: 270, Acc: 4.33%, Loss: 4.3459
Epoch: 10, Batch: 280, Acc: 4.35%, Loss: 4.3287
Epoch: 10, Batch: 290, Acc: 4.34%, Loss: 4.3203
Epoch: 10, Batch: 300, Acc: 4.32%, Loss: 4.3753
Epoch: 10, Batch: 310, Acc: 4.30%, Loss: 4.3702
Epoch: 10, Batch: 320, Acc: 4.31%, Loss: 4.3273
Epoch: 10, Batch: 330, Acc: 4.31%, Loss: 4.3283
Epoch: 10, Batch: 340, Acc: 4.32%, Loss: 4.3500
Epoch: 10, Batch: 350, Acc: 4.36%, Loss: 4.3534
Epoch: 10, Batch: 360, Acc: 4.37%, Loss: 4.3544
Epoch: 10, Batch: 370, Acc: 4.42%, Loss: 4.3233
Epoch: 10, Batch: 380, Acc: 4.41%, Loss: 4.3541
Epoch: 10, Batch: 390, Acc: 4.40%, Loss: 4.3703
Epoch: 10, Batch: 400, Acc: 4.43%, Loss: 4.3619
Epoch: 10, Batch: 410, Acc: 4.44%, Loss: 4.3056
Epoch: 10, Batch: 420, Acc: 4.43%, Loss: 4.3418
Epoch: 10, Batch: 430, Acc: 4.44%, Loss: 4.3179
Epoch: 10, Batch: 440, Acc: 4.47%, Loss: 4.3663
Epoch: 10, Batch: 450, Acc: 4.49%, Loss: 4.3199
Epoch: 10, Batch: 460, Acc: 4.47%, Loss: 4.3982
Epoch: 10, Batch: 470, Acc: 4.47%, Loss: 4.3293
Epoch: 10, Batch: 480, Acc: 4.48%, Loss: 4.3756
Epoch: 10, Batch: 490, Acc: 4.49%, Loss: 4.3713
Epoch: 10, Batch: 500, Acc: 4.50%, Loss: 4.3100
Epoch: 10, Batch: 510, Acc: 4.52%, Loss: 4.3171
Epoch: 10, Batch: 520, Acc: 4.53%, Loss: 4.3334
Epoch: 10, Batch: 530, Acc: 4.54%, Loss: 4.3389
Epoch: 10, Batch: 540, Acc: 4.55%, Loss: 4.3623
Epoch: 10, Batch: 550, Acc: 4.55%, Loss: 4.3294
Epoch: 10, Batch: 560, Acc: 4.56%, Loss: 4.3469
Epoch: 10, Batch: 570, Acc: 4.55%, Loss: 4.3288
Epoch: 10, Batch: 580, Acc: 4.55%, Loss: 4.3666
Epoch: 10, Batch: 590, Acc: 4.56%, Loss: 4.3480
Epoch: 10, Batch: 600, Acc: 4.57%, Loss: 4.3824
Epoch: 10, Batch: 610, Acc: 4.57%, Loss: 4.3437
Epoch: 10, Batch: 620, Acc: 4.55%, Loss: 4.3917
Epoch: 10, Batch: 630, Acc: 4.55%, Loss: 4.3584
Epoch: 10, Batch: 640, Acc: 4.54%, Loss: 4.3636
Epoch: 10, Batch: 650, Acc: 4.53%, Loss: 4.3489
Epoch: 10, Batch: 660, Acc: 4.53%, Loss: 4.3272
Epoch: 10, Batch: 670, Acc: 4.53%, Loss: 4.3519
Epoch: 10, Batch: 680, Acc: 4.53%, Loss: 4.2995
Epoch: 10, Batch: 690, Acc: 4.52%, Loss: 4.3098
Epoch: 10, Batch: 700, Acc: 4.54%, Loss: 4.3573
Epoch: 10, Batch: 710, Acc: 4.54%, Loss: 4.3718
Epoch: 10, Batch: 720, Acc: 4.54%, Loss: 4.3456
Epoch: 10, Batch: 730, Acc: 4.53%, Loss: 4.3624
Epoch: 10, Batch: 740, Acc: 4.51%, Loss: 4.3594
Epoch: 10, Batch: 750, Acc: 4.52%, Loss: 4.3406
Epoch: 10, Batch: 760, Acc: 4.51%, Loss: 4.3608
Epoch: 10, Batch: 770, Acc: 4.51%, Loss: 4.3300
Epoch: 10, Batch: 780, Acc: 4.52%, Loss: 4.3692
Accuracy on test set: 4.65%
Epoch: 11, Batch: 10, Acc: 4.84%, Loss: 4.3232
Epoch: 11, Batch: 20, Acc: 5.08%, Loss: 4.3465
Epoch: 11, Batch: 30, Acc: 5.05%, Loss: 4.3742
Epoch: 11, Batch: 40, Acc: 4.53%, Loss: 4.3863
Epoch: 11, Batch: 50, Acc: 4.56%, Loss: 4.3356
Epoch: 11, Batch: 60, Acc: 4.56%, Loss: 4.2879
Epoch: 11, Batch: 70, Acc: 4.55%, Loss: 4.3526
Epoch: 11, Batch: 80, Acc: 4.71%, Loss: 4.3402
Epoch: 11, Batch: 90, Acc: 4.70%, Loss: 4.3463
Epoch: 11, Batch: 100, Acc: 4.80%, Loss: 4.3364
Epoch: 11, Batch: 110, Acc: 4.80%, Loss: 4.3410
Epoch: 11, Batch: 120, Acc: 4.88%, Loss: 4.2938
Epoch: 11, Batch: 130, Acc: 4.77%, Loss: 4.3502
Epoch: 11, Batch: 140, Acc: 4.78%, Loss: 4.3433
Epoch: 11, Batch: 150, Acc: 4.77%, Loss: 4.3528
Epoch: 11, Batch: 160, Acc: 4.74%, Loss: 4.3533
Epoch: 11, Batch: 170, Acc: 4.75%, Loss: 4.3387
Epoch: 11, Batch: 180, Acc: 4.75%, Loss: 4.3328
Epoch: 11, Batch: 190, Acc: 4.76%, Loss: 4.3294
Epoch: 11, Batch: 200, Acc: 4.72%, Loss: 4.3266
Epoch: 11, Batch: 210, Acc: 4.70%, Loss: 4.3362
Epoch: 11, Batch: 220, Acc: 4.64%, Loss: 4.3717
Epoch: 11, Batch: 230, Acc: 4.59%, Loss: 4.3799
Epoch: 11, Batch: 240, Acc: 4.60%, Loss: 4.3136
Epoch: 11, Batch: 250, Acc: 4.62%, Loss: 4.3096
Epoch: 11, Batch: 260, Acc: 4.62%, Loss: 4.3440
Epoch: 11, Batch: 270, Acc: 4.69%, Loss: 4.3289
Epoch: 11, Batch: 280, Acc: 4.74%, Loss: 4.2936
Epoch: 11, Batch: 290, Acc: 4.76%, Loss: 4.2885
Epoch: 11, Batch: 300, Acc: 4.73%, Loss: 4.3667
Epoch: 11, Batch: 310, Acc: 4.72%, Loss: 4.3024
Epoch: 11, Batch: 320, Acc: 4.71%, Loss: 4.3525
Epoch: 11, Batch: 330, Acc: 4.72%, Loss: 4.3270
Epoch: 11, Batch: 340, Acc: 4.70%, Loss: 4.3419
Epoch: 11, Batch: 350, Acc: 4.69%, Loss: 4.3551
Epoch: 11, Batch: 360, Acc: 4.68%, Loss: 4.3075
Epoch: 11, Batch: 370, Acc: 4.65%, Loss: 4.3702
Epoch: 11, Batch: 380, Acc: 4.63%, Loss: 4.3416
Epoch: 11, Batch: 390, Acc: 4.61%, Loss: 4.3441
Epoch: 11, Batch: 400, Acc: 4.57%, Loss: 4.3644
Epoch: 11, Batch: 410, Acc: 4.56%, Loss: 4.3815
Epoch: 11, Batch: 420, Acc: 4.55%, Loss: 4.3296
Epoch: 11, Batch: 430, Acc: 4.55%, Loss: 4.3715
Epoch: 11, Batch: 440, Acc: 4.55%, Loss: 4.3576
Epoch: 11, Batch: 450, Acc: 4.56%, Loss: 4.3435
Epoch: 11, Batch: 460, Acc: 4.54%, Loss: 4.3506
Epoch: 11, Batch: 470, Acc: 4.56%, Loss: 4.3352
Epoch: 11, Batch: 480, Acc: 4.54%, Loss: 4.3598
Epoch: 11, Batch: 490, Acc: 4.54%, Loss: 4.3524
Epoch: 11, Batch: 500, Acc: 4.53%, Loss: 4.3377
Epoch: 11, Batch: 510, Acc: 4.54%, Loss: 4.2877
Epoch: 11, Batch: 520, Acc: 4.54%, Loss: 4.3064
Epoch: 11, Batch: 530, Acc: 4.53%, Loss: 4.3537
Epoch: 11, Batch: 540, Acc: 4.55%, Loss: 4.3413
Epoch: 11, Batch: 550, Acc: 4.54%, Loss: 4.3716
Epoch: 11, Batch: 560, Acc: 4.53%, Loss: 4.3502
Epoch: 11, Batch: 570, Acc: 4.56%, Loss: 4.3330
Epoch: 11, Batch: 580, Acc: 4.57%, Loss: 4.3543
Epoch: 11, Batch: 590, Acc: 4.56%, Loss: 4.3512
Epoch: 11, Batch: 600, Acc: 4.52%, Loss: 4.3711
Epoch: 11, Batch: 610, Acc: 4.51%, Loss: 4.3284
Epoch: 11, Batch: 620, Acc: 4.54%, Loss: 4.3632
Epoch: 11, Batch: 630, Acc: 4.53%, Loss: 4.3207
Epoch: 11, Batch: 640, Acc: 4.55%, Loss: 4.3329
Epoch: 11, Batch: 650, Acc: 4.54%, Loss: 4.3344
Epoch: 11, Batch: 660, Acc: 4.54%, Loss: 4.3490
Epoch: 11, Batch: 670, Acc: 4.52%, Loss: 4.3361
Epoch: 11, Batch: 680, Acc: 4.52%, Loss: 4.3561
Epoch: 11, Batch: 690, Acc: 4.51%, Loss: 4.3062
Epoch: 11, Batch: 700, Acc: 4.52%, Loss: 4.3370
Epoch: 11, Batch: 710, Acc: 4.54%, Loss: 4.2909
Epoch: 11, Batch: 720, Acc: 4.54%, Loss: 4.3233
Epoch: 11, Batch: 730, Acc: 4.54%, Loss: 4.3128
Epoch: 11, Batch: 740, Acc: 4.56%, Loss: 4.3356
Epoch: 11, Batch: 750, Acc: 4.54%, Loss: 4.3598
Epoch: 11, Batch: 760, Acc: 4.54%, Loss: 4.3479
Epoch: 11, Batch: 770, Acc: 4.55%, Loss: 4.3670
Epoch: 11, Batch: 780, Acc: 4.55%, Loss: 4.3473
Accuracy on test set: 4.95%
Epoch: 12, Batch: 10, Acc: 5.78%, Loss: 4.3563
Epoch: 12, Batch: 20, Acc: 4.92%, Loss: 4.3663
Epoch: 12, Batch: 30, Acc: 4.11%, Loss: 4.3493
Epoch: 12, Batch: 40, Acc: 4.22%, Loss: 4.3230
Epoch: 12, Batch: 50, Acc: 4.34%, Loss: 4.3400
Epoch: 12, Batch: 60, Acc: 4.43%, Loss: 4.3159
Epoch: 12, Batch: 70, Acc: 4.38%, Loss: 4.3097
Epoch: 12, Batch: 80, Acc: 4.43%, Loss: 4.3081
Epoch: 12, Batch: 90, Acc: 4.50%, Loss: 4.3682
Epoch: 12, Batch: 100, Acc: 4.45%, Loss: 4.3462
Epoch: 12, Batch: 110, Acc: 4.49%, Loss: 4.3197
Epoch: 12, Batch: 120, Acc: 4.62%, Loss: 4.3254
Epoch: 12, Batch: 130, Acc: 4.54%, Loss: 4.3688
Epoch: 12, Batch: 140, Acc: 4.52%, Loss: 4.3353
Epoch: 12, Batch: 150, Acc: 4.52%, Loss: 4.3165
Epoch: 12, Batch: 160, Acc: 4.62%, Loss: 4.3085
Epoch: 12, Batch: 170, Acc: 4.60%, Loss: 4.3324
Epoch: 12, Batch: 180, Acc: 4.71%, Loss: 4.2768
Epoch: 12, Batch: 190, Acc: 4.65%, Loss: 4.3500
Epoch: 12, Batch: 200, Acc: 4.62%, Loss: 4.3241
Epoch: 12, Batch: 210, Acc: 4.64%, Loss: 4.3453
Epoch: 12, Batch: 220, Acc: 4.69%, Loss: 4.3218
Epoch: 12, Batch: 230, Acc: 4.73%, Loss: 4.3191
Epoch: 12, Batch: 240, Acc: 4.75%, Loss: 4.2934
Epoch: 12, Batch: 250, Acc: 4.76%, Loss: 4.2797
Epoch: 12, Batch: 260, Acc: 4.78%, Loss: 4.3413
Epoch: 12, Batch: 270, Acc: 4.77%, Loss: 4.3462
Epoch: 12, Batch: 280, Acc: 4.82%, Loss: 4.3053
Epoch: 12, Batch: 290, Acc: 4.78%, Loss: 4.3392
Epoch: 12, Batch: 300, Acc: 4.74%, Loss: 4.3455
Epoch: 12, Batch: 310, Acc: 4.70%, Loss: 4.3583
Epoch: 12, Batch: 320, Acc: 4.69%, Loss: 4.3109
Epoch: 12, Batch: 330, Acc: 4.71%, Loss: 4.3207
Epoch: 12, Batch: 340, Acc: 4.72%, Loss: 4.3374
Epoch: 12, Batch: 350, Acc: 4.71%, Loss: 4.3622
Epoch: 12, Batch: 360, Acc: 4.77%, Loss: 4.3035
Epoch: 12, Batch: 370, Acc: 4.76%, Loss: 4.3245
Epoch: 12, Batch: 380, Acc: 4.75%, Loss: 4.3140
Epoch: 12, Batch: 390, Acc: 4.70%, Loss: 4.3562
Epoch: 12, Batch: 400, Acc: 4.68%, Loss: 4.3495
Epoch: 12, Batch: 410, Acc: 4.68%, Loss: 4.3573
Epoch: 12, Batch: 420, Acc: 4.70%, Loss: 4.3152
Epoch: 12, Batch: 430, Acc: 4.66%, Loss: 4.3486
Epoch: 12, Batch: 440, Acc: 4.67%, Loss: 4.3547
Epoch: 12, Batch: 450, Acc: 4.62%, Loss: 4.3575
Epoch: 12, Batch: 460, Acc: 4.65%, Loss: 4.3169
Epoch: 12, Batch: 470, Acc: 4.66%, Loss: 4.3195
Epoch: 12, Batch: 480, Acc: 4.64%, Loss: 4.3300
Epoch: 12, Batch: 490, Acc: 4.62%, Loss: 4.3412
Epoch: 12, Batch: 500, Acc: 4.63%, Loss: 4.3361
Epoch: 12, Batch: 510, Acc: 4.64%, Loss: 4.3174
Epoch: 12, Batch: 520, Acc: 4.64%, Loss: 4.3220
Epoch: 12, Batch: 530, Acc: 4.64%, Loss: 4.3252
Epoch: 12, Batch: 540, Acc: 4.65%, Loss: 4.3191
Epoch: 12, Batch: 550, Acc: 4.69%, Loss: 4.2651
Epoch: 12, Batch: 560, Acc: 4.68%, Loss: 4.3449
Epoch: 12, Batch: 570, Acc: 4.70%, Loss: 4.3211
Epoch: 12, Batch: 580, Acc: 4.70%, Loss: 4.3045
Epoch: 12, Batch: 590, Acc: 4.69%, Loss: 4.3448
Epoch: 12, Batch: 600, Acc: 4.72%, Loss: 4.3272
Epoch: 12, Batch: 610, Acc: 4.71%, Loss: 4.3056
Epoch: 12, Batch: 620, Acc: 4.71%, Loss: 4.3634
Epoch: 12, Batch: 630, Acc: 4.74%, Loss: 4.3382
Epoch: 12, Batch: 640, Acc: 4.75%, Loss: 4.3315
Epoch: 12, Batch: 650, Acc: 4.75%, Loss: 4.3310
Epoch: 12, Batch: 660, Acc: 4.77%, Loss: 4.2962
Epoch: 12, Batch: 670, Acc: 4.76%, Loss: 4.3225
Epoch: 12, Batch: 680, Acc: 4.75%, Loss: 4.3203
Epoch: 12, Batch: 690, Acc: 4.74%, Loss: 4.3836
Epoch: 12, Batch: 700, Acc: 4.74%, Loss: 4.3565
Epoch: 12, Batch: 710, Acc: 4.74%, Loss: 4.3468
Epoch: 12, Batch: 720, Acc: 4.73%, Loss: 4.3724
Epoch: 12, Batch: 730, Acc: 4.72%, Loss: 4.3319
Epoch: 12, Batch: 740, Acc: 4.71%, Loss: 4.3537
Epoch: 12, Batch: 750, Acc: 4.70%, Loss: 4.3696
Epoch: 12, Batch: 760, Acc: 4.70%, Loss: 4.3442
Epoch: 12, Batch: 770, Acc: 4.68%, Loss: 4.3418
Epoch: 12, Batch: 780, Acc: 4.68%, Loss: 4.3501
Accuracy on test set: 5.03%
Epoch: 13, Batch: 10, Acc: 4.06%, Loss: 4.3322
Epoch: 13, Batch: 20, Acc: 4.06%, Loss: 4.3536
Epoch: 13, Batch: 30, Acc: 4.43%, Loss: 4.3216
Epoch: 13, Batch: 40, Acc: 4.88%, Loss: 4.2964
Epoch: 13, Batch: 50, Acc: 4.72%, Loss: 4.3715
Epoch: 13, Batch: 60, Acc: 4.77%, Loss: 4.3001
Epoch: 13, Batch: 70, Acc: 4.93%, Loss: 4.3006
Epoch: 13, Batch: 80, Acc: 4.92%, Loss: 4.3633
Epoch: 13, Batch: 90, Acc: 4.77%, Loss: 4.3497
Epoch: 13, Batch: 100, Acc: 4.80%, Loss: 4.3281
Epoch: 13, Batch: 110, Acc: 4.90%, Loss: 4.3198
Epoch: 13, Batch: 120, Acc: 4.86%, Loss: 4.3929
Epoch: 13, Batch: 130, Acc: 4.93%, Loss: 4.3261
Epoch: 13, Batch: 140, Acc: 5.01%, Loss: 4.3017
Epoch: 13, Batch: 150, Acc: 5.00%, Loss: 4.3533
Epoch: 13, Batch: 160, Acc: 4.93%, Loss: 4.3445
Epoch: 13, Batch: 170, Acc: 4.89%, Loss: 4.3051
Epoch: 13, Batch: 180, Acc: 4.88%, Loss: 4.3404
Epoch: 13, Batch: 190, Acc: 4.89%, Loss: 4.3275
Epoch: 13, Batch: 200, Acc: 4.88%, Loss: 4.3640
Epoch: 13, Batch: 210, Acc: 4.94%, Loss: 4.3369
Epoch: 13, Batch: 220, Acc: 4.89%, Loss: 4.3212
Epoch: 13, Batch: 230, Acc: 4.84%, Loss: 4.3157
Epoch: 13, Batch: 240, Acc: 4.79%, Loss: 4.3556
Epoch: 13, Batch: 250, Acc: 4.73%, Loss: 4.3244
Epoch: 13, Batch: 260, Acc: 4.75%, Loss: 4.2807
Epoch: 13, Batch: 270, Acc: 4.77%, Loss: 4.3183
Epoch: 13, Batch: 280, Acc: 4.80%, Loss: 4.3121
Epoch: 13, Batch: 290, Acc: 4.81%, Loss: 4.2968
Epoch: 13, Batch: 300, Acc: 4.79%, Loss: 4.3427
Epoch: 13, Batch: 310, Acc: 4.79%, Loss: 4.2857
Epoch: 13, Batch: 320, Acc: 4.83%, Loss: 4.3196
Epoch: 13, Batch: 330, Acc: 4.82%, Loss: 4.3759
Epoch: 13, Batch: 340, Acc: 4.81%, Loss: 4.3500
Epoch: 13, Batch: 350, Acc: 4.82%, Loss: 4.3267
Epoch: 13, Batch: 360, Acc: 4.84%, Loss: 4.3414
Epoch: 13, Batch: 370, Acc: 4.83%, Loss: 4.3525
Epoch: 13, Batch: 380, Acc: 4.85%, Loss: 4.3360
Epoch: 13, Batch: 390, Acc: 4.86%, Loss: 4.3070
Epoch: 13, Batch: 400, Acc: 4.86%, Loss: 4.3194
Epoch: 13, Batch: 410, Acc: 4.87%, Loss: 4.3205
Epoch: 13, Batch: 420, Acc: 4.87%, Loss: 4.3197
Epoch: 13, Batch: 430, Acc: 4.83%, Loss: 4.3379
Epoch: 13, Batch: 440, Acc: 4.80%, Loss: 4.2931
Epoch: 13, Batch: 450, Acc: 4.79%, Loss: 4.3511
Epoch: 13, Batch: 460, Acc: 4.78%, Loss: 4.3693
Epoch: 13, Batch: 470, Acc: 4.76%, Loss: 4.3250
Epoch: 13, Batch: 480, Acc: 4.79%, Loss: 4.2946
Epoch: 13, Batch: 490, Acc: 4.78%, Loss: 4.2725
Epoch: 13, Batch: 500, Acc: 4.80%, Loss: 4.3492
Epoch: 13, Batch: 510, Acc: 4.83%, Loss: 4.3395
Epoch: 13, Batch: 520, Acc: 4.83%, Loss: 4.3401
Epoch: 13, Batch: 530, Acc: 4.85%, Loss: 4.3243
Epoch: 13, Batch: 540, Acc: 4.84%, Loss: 4.3635
Epoch: 13, Batch: 550, Acc: 4.82%, Loss: 4.3349
Epoch: 13, Batch: 560, Acc: 4.80%, Loss: 4.2887
Epoch: 13, Batch: 570, Acc: 4.82%, Loss: 4.3053
Epoch: 13, Batch: 580, Acc: 4.81%, Loss: 4.3080
Epoch: 13, Batch: 590, Acc: 4.81%, Loss: 4.3075
Epoch: 13, Batch: 600, Acc: 4.82%, Loss: 4.3400
Epoch: 13, Batch: 610, Acc: 4.83%, Loss: 4.3114
Epoch: 13, Batch: 620, Acc: 4.82%, Loss: 4.3108
Epoch: 13, Batch: 630, Acc: 4.84%, Loss: 4.2924
Epoch: 13, Batch: 640, Acc: 4.86%, Loss: 4.3029
Epoch: 13, Batch: 650, Acc: 4.86%, Loss: 4.3215
Epoch: 13, Batch: 660, Acc: 4.86%, Loss: 4.2635
Epoch: 13, Batch: 670, Acc: 4.84%, Loss: 4.3425
Epoch: 13, Batch: 680, Acc: 4.84%, Loss: 4.3481
Epoch: 13, Batch: 690, Acc: 4.85%, Loss: 4.3222
Epoch: 13, Batch: 700, Acc: 4.84%, Loss: 4.3489
Epoch: 13, Batch: 710, Acc: 4.82%, Loss: 4.3528
Epoch: 13, Batch: 720, Acc: 4.82%, Loss: 4.3273
Epoch: 13, Batch: 730, Acc: 4.84%, Loss: 4.3058
Epoch: 13, Batch: 740, Acc: 4.86%, Loss: 4.2929
Epoch: 13, Batch: 750, Acc: 4.85%, Loss: 4.3249
Epoch: 13, Batch: 760, Acc: 4.86%, Loss: 4.3174
Epoch: 13, Batch: 770, Acc: 4.87%, Loss: 4.3242
Epoch: 13, Batch: 780, Acc: 4.87%, Loss: 4.3028
Accuracy on test set: 5.14%
Epoch: 14, Batch: 10, Acc: 2.66%, Loss: 4.3024
Epoch: 14, Batch: 20, Acc: 3.83%, Loss: 4.3494
Epoch: 14, Batch: 30, Acc: 4.01%, Loss: 4.3163
Epoch: 14, Batch: 40, Acc: 4.53%, Loss: 4.3072
Epoch: 14, Batch: 50, Acc: 4.78%, Loss: 4.3013
Epoch: 14, Batch: 60, Acc: 4.84%, Loss: 4.3068
Epoch: 14, Batch: 70, Acc: 4.71%, Loss: 4.3076
Epoch: 14, Batch: 80, Acc: 4.67%, Loss: 4.3077
Epoch: 14, Batch: 90, Acc: 4.77%, Loss: 4.3169
Epoch: 14, Batch: 100, Acc: 4.88%, Loss: 4.3088
Epoch: 14, Batch: 110, Acc: 4.86%, Loss: 4.3006
Epoch: 14, Batch: 120, Acc: 4.88%, Loss: 4.3416
Epoch: 14, Batch: 130, Acc: 4.89%, Loss: 4.3325
Epoch: 14, Batch: 140, Acc: 4.96%, Loss: 4.3162
Epoch: 14, Batch: 150, Acc: 4.91%, Loss: 4.3132
Epoch: 14, Batch: 160, Acc: 4.94%, Loss: 4.2891
Epoch: 14, Batch: 170, Acc: 4.86%, Loss: 4.3323
Epoch: 14, Batch: 180, Acc: 4.86%, Loss: 4.2905
Epoch: 14, Batch: 190, Acc: 4.87%, Loss: 4.3448
Epoch: 14, Batch: 200, Acc: 4.92%, Loss: 4.3303
Epoch: 14, Batch: 210, Acc: 4.91%, Loss: 4.3172
Epoch: 14, Batch: 220, Acc: 4.89%, Loss: 4.3335
Epoch: 14, Batch: 230, Acc: 4.90%, Loss: 4.3658
Epoch: 14, Batch: 240, Acc: 4.91%, Loss: 4.3013
Epoch: 14, Batch: 250, Acc: 4.86%, Loss: 4.3334
Epoch: 14, Batch: 260, Acc: 4.82%, Loss: 4.3306
Epoch: 14, Batch: 270, Acc: 4.79%, Loss: 4.3601
Epoch: 14, Batch: 280, Acc: 4.80%, Loss: 4.3198
Epoch: 14, Batch: 290, Acc: 4.83%, Loss: 4.2836
Epoch: 14, Batch: 300, Acc: 4.85%, Loss: 4.3228
Epoch: 14, Batch: 310, Acc: 4.87%, Loss: 4.3118
Epoch: 14, Batch: 320, Acc: 4.91%, Loss: 4.3187
Epoch: 14, Batch: 330, Acc: 4.93%, Loss: 4.3428
Epoch: 14, Batch: 340, Acc: 4.96%, Loss: 4.3054
Epoch: 14, Batch: 350, Acc: 4.92%, Loss: 4.3435
Epoch: 14, Batch: 360, Acc: 4.91%, Loss: 4.3314
Epoch: 14, Batch: 370, Acc: 4.89%, Loss: 4.3058
Epoch: 14, Batch: 380, Acc: 4.92%, Loss: 4.2889
Epoch: 14, Batch: 390, Acc: 4.96%, Loss: 4.2660
Epoch: 14, Batch: 400, Acc: 4.96%, Loss: 4.3132
Epoch: 14, Batch: 410, Acc: 4.97%, Loss: 4.3273
Epoch: 14, Batch: 420, Acc: 4.98%, Loss: 4.2901
Epoch: 14, Batch: 430, Acc: 4.97%, Loss: 4.3491
Epoch: 14, Batch: 440, Acc: 4.98%, Loss: 4.3362
Epoch: 14, Batch: 450, Acc: 4.96%, Loss: 4.3277
Epoch: 14, Batch: 460, Acc: 4.97%, Loss: 4.3444
Epoch: 14, Batch: 470, Acc: 4.96%, Loss: 4.3707
Epoch: 14, Batch: 480, Acc: 4.97%, Loss: 4.2999
Epoch: 14, Batch: 490, Acc: 4.96%, Loss: 4.3275
Epoch: 14, Batch: 500, Acc: 4.95%, Loss: 4.3114
Epoch: 14, Batch: 510, Acc: 4.97%, Loss: 4.3639
Epoch: 14, Batch: 520, Acc: 4.95%, Loss: 4.3225
Epoch: 14, Batch: 530, Acc: 4.95%, Loss: 4.3381
Epoch: 14, Batch: 540, Acc: 4.95%, Loss: 4.3092
Epoch: 14, Batch: 550, Acc: 4.93%, Loss: 4.3242
Epoch: 14, Batch: 560, Acc: 4.96%, Loss: 4.2881
Epoch: 14, Batch: 570, Acc: 4.95%, Loss: 4.3667
Epoch: 14, Batch: 580, Acc: 4.94%, Loss: 4.3163
Epoch: 14, Batch: 590, Acc: 4.95%, Loss: 4.2994
Epoch: 14, Batch: 600, Acc: 4.95%, Loss: 4.2914
Epoch: 14, Batch: 610, Acc: 4.93%, Loss: 4.2995
Epoch: 14, Batch: 620, Acc: 4.90%, Loss: 4.3595
Epoch: 14, Batch: 630, Acc: 4.91%, Loss: 4.3310
Epoch: 14, Batch: 640, Acc: 4.89%, Loss: 4.3294
Epoch: 14, Batch: 650, Acc: 4.91%, Loss: 4.2504
Epoch: 14, Batch: 660, Acc: 4.91%, Loss: 4.3241
Epoch: 14, Batch: 670, Acc: 4.94%, Loss: 4.2948
Epoch: 14, Batch: 680, Acc: 4.93%, Loss: 4.3518
Epoch: 14, Batch: 690, Acc: 4.91%, Loss: 4.3378
Epoch: 14, Batch: 700, Acc: 4.92%, Loss: 4.3274
Epoch: 14, Batch: 710, Acc: 4.91%, Loss: 4.3418
Epoch: 14, Batch: 720, Acc: 4.91%, Loss: 4.3326
Epoch: 14, Batch: 730, Acc: 4.92%, Loss: 4.3375
Epoch: 14, Batch: 740, Acc: 4.93%, Loss: 4.2702
Epoch: 14, Batch: 750, Acc: 4.95%, Loss: 4.2680
Epoch: 14, Batch: 760, Acc: 4.95%, Loss: 4.2925
Epoch: 14, Batch: 770, Acc: 4.95%, Loss: 4.2962
Epoch: 14, Batch: 780, Acc: 4.95%, Loss: 4.3049
Accuracy on test set: 5.04%
Epoch: 15, Batch: 10, Acc: 4.06%, Loss: 4.3125
Epoch: 15, Batch: 20, Acc: 5.00%, Loss: 4.2912
Epoch: 15, Batch: 30, Acc: 5.16%, Loss: 4.3329
Epoch: 15, Batch: 40, Acc: 5.16%, Loss: 4.3200
Epoch: 15, Batch: 50, Acc: 5.22%, Loss: 4.3003
Epoch: 15, Batch: 60, Acc: 5.13%, Loss: 4.3242
Epoch: 15, Batch: 70, Acc: 5.13%, Loss: 4.2928
Epoch: 15, Batch: 80, Acc: 5.14%, Loss: 4.2837
Epoch: 15, Batch: 90, Acc: 5.12%, Loss: 4.3311
Epoch: 15, Batch: 100, Acc: 5.06%, Loss: 4.3204
Epoch: 15, Batch: 110, Acc: 4.99%, Loss: 4.3162
Epoch: 15, Batch: 120, Acc: 4.96%, Loss: 4.2943
Epoch: 15, Batch: 130, Acc: 4.86%, Loss: 4.3142
Epoch: 15, Batch: 140, Acc: 4.91%, Loss: 4.3181
Epoch: 15, Batch: 150, Acc: 4.83%, Loss: 4.3601
Epoch: 15, Batch: 160, Acc: 4.79%, Loss: 4.3443
Epoch: 15, Batch: 170, Acc: 4.83%, Loss: 4.3531
Epoch: 15, Batch: 180, Acc: 4.87%, Loss: 4.3103
Epoch: 15, Batch: 190, Acc: 4.89%, Loss: 4.3411
Epoch: 15, Batch: 200, Acc: 4.88%, Loss: 4.3195
Epoch: 15, Batch: 210, Acc: 4.95%, Loss: 4.3078
Epoch: 15, Batch: 220, Acc: 4.98%, Loss: 4.3217
Epoch: 15, Batch: 230, Acc: 4.95%, Loss: 4.3187
Epoch: 15, Batch: 240, Acc: 4.90%, Loss: 4.3256
Epoch: 15, Batch: 250, Acc: 4.94%, Loss: 4.3059
Epoch: 15, Batch: 260, Acc: 4.91%, Loss: 4.3206
Epoch: 15, Batch: 270, Acc: 4.89%, Loss: 4.3011
Epoch: 15, Batch: 280, Acc: 4.91%, Loss: 4.3022
Epoch: 15, Batch: 290, Acc: 4.94%, Loss: 4.3172
Epoch: 15, Batch: 300, Acc: 4.88%, Loss: 4.3896
Epoch: 15, Batch: 310, Acc: 4.91%, Loss: 4.2894
Epoch: 15, Batch: 320, Acc: 4.92%, Loss: 4.3607
Epoch: 15, Batch: 330, Acc: 4.93%, Loss: 4.3348
Epoch: 15, Batch: 340, Acc: 4.93%, Loss: 4.3106
Epoch: 15, Batch: 350, Acc: 4.93%, Loss: 4.2940
Epoch: 15, Batch: 360, Acc: 4.93%, Loss: 4.3126
Epoch: 15, Batch: 370, Acc: 4.93%, Loss: 4.2811
Epoch: 15, Batch: 380, Acc: 4.91%, Loss: 4.3582
Epoch: 15, Batch: 390, Acc: 4.90%, Loss: 4.2827
Epoch: 15, Batch: 400, Acc: 4.89%, Loss: 4.3020
Epoch: 15, Batch: 410, Acc: 4.91%, Loss: 4.3441
Epoch: 15, Batch: 420, Acc: 4.95%, Loss: 4.2538
Epoch: 15, Batch: 430, Acc: 4.96%, Loss: 4.3502
Epoch: 15, Batch: 440, Acc: 4.95%, Loss: 4.3141
Epoch: 15, Batch: 450, Acc: 4.96%, Loss: 4.3228
Epoch: 15, Batch: 460, Acc: 4.97%, Loss: 4.3049
Epoch: 15, Batch: 470, Acc: 4.98%, Loss: 4.2886
Epoch: 15, Batch: 480, Acc: 4.98%, Loss: 4.3007
Epoch: 15, Batch: 490, Acc: 5.01%, Loss: 4.2795
Epoch: 15, Batch: 500, Acc: 4.97%, Loss: 4.3593
Epoch: 15, Batch: 510, Acc: 4.97%, Loss: 4.3106
Epoch: 15, Batch: 520, Acc: 4.98%, Loss: 4.2761
Epoch: 15, Batch: 530, Acc: 4.97%, Loss: 4.3409
Epoch: 15, Batch: 540, Acc: 4.98%, Loss: 4.2631
Epoch: 15, Batch: 550, Acc: 4.97%, Loss: 4.3288
Epoch: 15, Batch: 560, Acc: 4.96%, Loss: 4.3306
Epoch: 15, Batch: 570, Acc: 4.94%, Loss: 4.3282
Epoch: 15, Batch: 580, Acc: 4.95%, Loss: 4.3265
Epoch: 15, Batch: 590, Acc: 4.98%, Loss: 4.2889
Epoch: 15, Batch: 600, Acc: 4.97%, Loss: 4.3064
Epoch: 15, Batch: 610, Acc: 4.98%, Loss: 4.2928
Epoch: 15, Batch: 620, Acc: 4.97%, Loss: 4.3320
Epoch: 15, Batch: 630, Acc: 4.96%, Loss: 4.3380
Epoch: 15, Batch: 640, Acc: 4.98%, Loss: 4.3078
Epoch: 15, Batch: 650, Acc: 4.99%, Loss: 4.3014
Epoch: 15, Batch: 660, Acc: 5.00%, Loss: 4.2797
Epoch: 15, Batch: 670, Acc: 5.00%, Loss: 4.3044
Epoch: 15, Batch: 680, Acc: 5.00%, Loss: 4.3025
Epoch: 15, Batch: 690, Acc: 5.00%, Loss: 4.3189
Epoch: 15, Batch: 700, Acc: 5.00%, Loss: 4.2879
Epoch: 15, Batch: 710, Acc: 5.01%, Loss: 4.2539
Epoch: 15, Batch: 720, Acc: 5.00%, Loss: 4.3344
Epoch: 15, Batch: 730, Acc: 5.00%, Loss: 4.2695
Epoch: 15, Batch: 740, Acc: 5.00%, Loss: 4.3171
Epoch: 15, Batch: 750, Acc: 4.99%, Loss: 4.3493
Epoch: 15, Batch: 760, Acc: 5.01%, Loss: 4.2806
Epoch: 15, Batch: 770, Acc: 5.02%, Loss: 4.3104
Epoch: 15, Batch: 780, Acc: 5.02%, Loss: 4.2949
Accuracy on test set: 5.19%
Epoch: 16, Batch: 10, Acc: 5.31%, Loss: 4.3812
Epoch: 16, Batch: 20, Acc: 5.23%, Loss: 4.3134
Epoch: 16, Batch: 30, Acc: 5.42%, Loss: 4.3316
Epoch: 16, Batch: 40, Acc: 5.39%, Loss: 4.3006
Epoch: 16, Batch: 50, Acc: 5.16%, Loss: 4.3289
Epoch: 16, Batch: 60, Acc: 5.21%, Loss: 4.3019
Epoch: 16, Batch: 70, Acc: 5.51%, Loss: 4.2842
Epoch: 16, Batch: 80, Acc: 5.45%, Loss: 4.2810
Epoch: 16, Batch: 90, Acc: 5.40%, Loss: 4.2997
Epoch: 16, Batch: 100, Acc: 5.48%, Loss: 4.2901
Epoch: 16, Batch: 110, Acc: 5.68%, Loss: 4.2688
Epoch: 16, Batch: 120, Acc: 5.61%, Loss: 4.2747
Epoch: 16, Batch: 130, Acc: 5.50%, Loss: 4.3569
Epoch: 16, Batch: 140, Acc: 5.56%, Loss: 4.3479
Epoch: 16, Batch: 150, Acc: 5.59%, Loss: 4.2887
Epoch: 16, Batch: 160, Acc: 5.53%, Loss: 4.3249
Epoch: 16, Batch: 170, Acc: 5.49%, Loss: 4.3018
Epoch: 16, Batch: 180, Acc: 5.45%, Loss: 4.2978
Epoch: 16, Batch: 190, Acc: 5.43%, Loss: 4.3355
Epoch: 16, Batch: 200, Acc: 5.43%, Loss: 4.3007
Epoch: 16, Batch: 210, Acc: 5.42%, Loss: 4.2926
Epoch: 16, Batch: 220, Acc: 5.43%, Loss: 4.2986
Epoch: 16, Batch: 230, Acc: 5.37%, Loss: 4.3206
Epoch: 16, Batch: 240, Acc: 5.35%, Loss: 4.2829
Epoch: 16, Batch: 250, Acc: 5.34%, Loss: 4.3165
Epoch: 16, Batch: 260, Acc: 5.38%, Loss: 4.2697
Epoch: 16, Batch: 270, Acc: 5.37%, Loss: 4.2759
Epoch: 16, Batch: 280, Acc: 5.33%, Loss: 4.3402
Epoch: 16, Batch: 290, Acc: 5.34%, Loss: 4.2846
Epoch: 16, Batch: 300, Acc: 5.34%, Loss: 4.3238
Epoch: 16, Batch: 310, Acc: 5.35%, Loss: 4.2768
Epoch: 16, Batch: 320, Acc: 5.36%, Loss: 4.2381
Epoch: 16, Batch: 330, Acc: 5.37%, Loss: 4.3277
Epoch: 16, Batch: 340, Acc: 5.35%, Loss: 4.3360
Epoch: 16, Batch: 350, Acc: 5.33%, Loss: 4.3000
Epoch: 16, Batch: 360, Acc: 5.29%, Loss: 4.3056
Epoch: 16, Batch: 370, Acc: 5.25%, Loss: 4.3119
Epoch: 16, Batch: 380, Acc: 5.25%, Loss: 4.3191
Epoch: 16, Batch: 390, Acc: 5.21%, Loss: 4.3299
Epoch: 16, Batch: 400, Acc: 5.21%, Loss: 4.3213
Epoch: 16, Batch: 410, Acc: 5.22%, Loss: 4.2299
Epoch: 16, Batch: 420, Acc: 5.21%, Loss: 4.3390
Epoch: 16, Batch: 430, Acc: 5.23%, Loss: 4.2491
Epoch: 16, Batch: 440, Acc: 5.24%, Loss: 4.2885
Epoch: 16, Batch: 450, Acc: 5.22%, Loss: 4.3232
Epoch: 16, Batch: 460, Acc: 5.22%, Loss: 4.3258
Epoch: 16, Batch: 470, Acc: 5.23%, Loss: 4.3387
Epoch: 16, Batch: 480, Acc: 5.25%, Loss: 4.3016
Epoch: 16, Batch: 490, Acc: 5.21%, Loss: 4.3352
Epoch: 16, Batch: 500, Acc: 5.23%, Loss: 4.2545
Epoch: 16, Batch: 510, Acc: 5.23%, Loss: 4.2750
Epoch: 16, Batch: 520, Acc: 5.22%, Loss: 4.2990
Epoch: 16, Batch: 530, Acc: 5.22%, Loss: 4.3434
Epoch: 16, Batch: 540, Acc: 5.20%, Loss: 4.3228
Epoch: 16, Batch: 550, Acc: 5.18%, Loss: 4.2754
Epoch: 16, Batch: 560, Acc: 5.18%, Loss: 4.3073
Epoch: 16, Batch: 570, Acc: 5.19%, Loss: 4.3016
Epoch: 16, Batch: 580, Acc: 5.19%, Loss: 4.3450
Epoch: 16, Batch: 590, Acc: 5.18%, Loss: 4.3110
Epoch: 16, Batch: 600, Acc: 5.16%, Loss: 4.3450
Epoch: 16, Batch: 610, Acc: 5.17%, Loss: 4.2827
Epoch: 16, Batch: 620, Acc: 5.16%, Loss: 4.2975
Epoch: 16, Batch: 630, Acc: 5.16%, Loss: 4.3214
Epoch: 16, Batch: 640, Acc: 5.14%, Loss: 4.3410
Epoch: 16, Batch: 650, Acc: 5.12%, Loss: 4.3168
Epoch: 16, Batch: 660, Acc: 5.13%, Loss: 4.3093
Epoch: 16, Batch: 670, Acc: 5.14%, Loss: 4.3042
Epoch: 16, Batch: 680, Acc: 5.14%, Loss: 4.2884
Epoch: 16, Batch: 690, Acc: 5.13%, Loss: 4.2976
Epoch: 16, Batch: 700, Acc: 5.13%, Loss: 4.3082
Epoch: 16, Batch: 710, Acc: 5.12%, Loss: 4.2987
Epoch: 16, Batch: 720, Acc: 5.11%, Loss: 4.3148
Epoch: 16, Batch: 730, Acc: 5.10%, Loss: 4.3170
Epoch: 16, Batch: 740, Acc: 5.10%, Loss: 4.3214
Epoch: 16, Batch: 750, Acc: 5.10%, Loss: 4.2683
Epoch: 16, Batch: 760, Acc: 5.11%, Loss: 4.3219
Epoch: 16, Batch: 770, Acc: 5.11%, Loss: 4.3146
Epoch: 16, Batch: 780, Acc: 5.10%, Loss: 4.3365
Accuracy on test set: 5.34%
Epoch: 17, Batch: 10, Acc: 5.62%, Loss: 4.3137
Epoch: 17, Batch: 20, Acc: 5.86%, Loss: 4.2663
Epoch: 17, Batch: 30, Acc: 5.47%, Loss: 4.2815
Epoch: 17, Batch: 40, Acc: 5.00%, Loss: 4.3320
Epoch: 17, Batch: 50, Acc: 4.78%, Loss: 4.3707
Epoch: 17, Batch: 60, Acc: 4.82%, Loss: 4.3159
Epoch: 17, Batch: 70, Acc: 4.78%, Loss: 4.2878
Epoch: 17, Batch: 80, Acc: 4.82%, Loss: 4.3060
Epoch: 17, Batch: 90, Acc: 4.97%, Loss: 4.2793
Epoch: 17, Batch: 100, Acc: 5.06%, Loss: 4.3237
Epoch: 17, Batch: 110, Acc: 4.99%, Loss: 4.3085
Epoch: 17, Batch: 120, Acc: 5.03%, Loss: 4.3000
Epoch: 17, Batch: 130, Acc: 4.98%, Loss: 4.3072
Epoch: 17, Batch: 140, Acc: 4.90%, Loss: 4.3079
Epoch: 17, Batch: 150, Acc: 4.97%, Loss: 4.3169
Epoch: 17, Batch: 160, Acc: 5.00%, Loss: 4.3108
Epoch: 17, Batch: 170, Acc: 5.15%, Loss: 4.2949
Epoch: 17, Batch: 180, Acc: 5.12%, Loss: 4.3355
Epoch: 17, Batch: 190, Acc: 5.07%, Loss: 4.2506
Epoch: 17, Batch: 200, Acc: 5.20%, Loss: 4.2461
Epoch: 17, Batch: 210, Acc: 5.19%, Loss: 4.3233
Epoch: 17, Batch: 220, Acc: 5.24%, Loss: 4.2563
Epoch: 17, Batch: 230, Acc: 5.23%, Loss: 4.2909
Epoch: 17, Batch: 240, Acc: 5.11%, Loss: 4.3409
Epoch: 17, Batch: 250, Acc: 5.09%, Loss: 4.3211
Epoch: 17, Batch: 260, Acc: 5.09%, Loss: 4.2956
Epoch: 17, Batch: 270, Acc: 5.12%, Loss: 4.2881
Epoch: 17, Batch: 280, Acc: 5.16%, Loss: 4.2896
Epoch: 17, Batch: 290, Acc: 5.13%, Loss: 4.2682
Epoch: 17, Batch: 300, Acc: 5.14%, Loss: 4.3312
Epoch: 17, Batch: 310, Acc: 5.10%, Loss: 4.3284
Epoch: 17, Batch: 320, Acc: 5.14%, Loss: 4.2828
Epoch: 17, Batch: 330, Acc: 5.12%, Loss: 4.3101
Epoch: 17, Batch: 340, Acc: 5.14%, Loss: 4.2937
Epoch: 17, Batch: 350, Acc: 5.11%, Loss: 4.3280
Epoch: 17, Batch: 360, Acc: 5.11%, Loss: 4.3119
Epoch: 17, Batch: 370, Acc: 5.12%, Loss: 4.2915
Epoch: 17, Batch: 380, Acc: 5.12%, Loss: 4.2881
Epoch: 17, Batch: 390, Acc: 5.12%, Loss: 4.3158
Epoch: 17, Batch: 400, Acc: 5.09%, Loss: 4.3286
Epoch: 17, Batch: 410, Acc: 5.10%, Loss: 4.2992
Epoch: 17, Batch: 420, Acc: 5.08%, Loss: 4.3419
Epoch: 17, Batch: 430, Acc: 5.11%, Loss: 4.2787
Epoch: 17, Batch: 440, Acc: 5.12%, Loss: 4.3020
Epoch: 17, Batch: 450, Acc: 5.09%, Loss: 4.3334
Epoch: 17, Batch: 460, Acc: 5.09%, Loss: 4.2919
Epoch: 17, Batch: 470, Acc: 5.08%, Loss: 4.3009
Epoch: 17, Batch: 480, Acc: 5.07%, Loss: 4.3039
Epoch: 17, Batch: 490, Acc: 5.08%, Loss: 4.3428
Epoch: 17, Batch: 500, Acc: 5.10%, Loss: 4.2851
Epoch: 17, Batch: 510, Acc: 5.12%, Loss: 4.2713
Epoch: 17, Batch: 520, Acc: 5.11%, Loss: 4.3064
Epoch: 17, Batch: 530, Acc: 5.15%, Loss: 4.2895
Epoch: 17, Batch: 540, Acc: 5.13%, Loss: 4.3430
Epoch: 17, Batch: 550, Acc: 5.11%, Loss: 4.3165
Epoch: 17, Batch: 560, Acc: 5.12%, Loss: 4.2877
Epoch: 17, Batch: 570, Acc: 5.12%, Loss: 4.3402
Epoch: 17, Batch: 580, Acc: 5.09%, Loss: 4.2970
Epoch: 17, Batch: 590, Acc: 5.09%, Loss: 4.2890
Epoch: 17, Batch: 600, Acc: 5.09%, Loss: 4.2895
Epoch: 17, Batch: 610, Acc: 5.13%, Loss: 4.2753
Epoch: 17, Batch: 620, Acc: 5.11%, Loss: 4.3210
Epoch: 17, Batch: 630, Acc: 5.11%, Loss: 4.3125
Epoch: 17, Batch: 640, Acc: 5.12%, Loss: 4.2630
Epoch: 17, Batch: 650, Acc: 5.15%, Loss: 4.3159
Epoch: 17, Batch: 660, Acc: 5.17%, Loss: 4.2827
Epoch: 17, Batch: 670, Acc: 5.17%, Loss: 4.2960
Epoch: 17, Batch: 680, Acc: 5.17%, Loss: 4.3018
Epoch: 17, Batch: 690, Acc: 5.21%, Loss: 4.2758
Epoch: 17, Batch: 700, Acc: 5.22%, Loss: 4.2521
Epoch: 17, Batch: 710, Acc: 5.21%, Loss: 4.3049
Epoch: 17, Batch: 720, Acc: 5.22%, Loss: 4.2937
Epoch: 17, Batch: 730, Acc: 5.22%, Loss: 4.2773
Epoch: 17, Batch: 740, Acc: 5.22%, Loss: 4.2686
Epoch: 17, Batch: 750, Acc: 5.24%, Loss: 4.2907
Epoch: 17, Batch: 760, Acc: 5.23%, Loss: 4.3303
Epoch: 17, Batch: 770, Acc: 5.22%, Loss: 4.3233
Epoch: 17, Batch: 780, Acc: 5.20%, Loss: 4.3275
Accuracy on test set: 5.12%
Epoch: 18, Batch: 10, Acc: 5.00%, Loss: 4.3140
Epoch: 18, Batch: 20, Acc: 5.55%, Loss: 4.2577
Epoch: 18, Batch: 30, Acc: 5.68%, Loss: 4.2671
Epoch: 18, Batch: 40, Acc: 5.62%, Loss: 4.2588
Epoch: 18, Batch: 50, Acc: 5.41%, Loss: 4.2804
Epoch: 18, Batch: 60, Acc: 5.23%, Loss: 4.3291
Epoch: 18, Batch: 70, Acc: 5.36%, Loss: 4.3022
Epoch: 18, Batch: 80, Acc: 5.39%, Loss: 4.2878
Epoch: 18, Batch: 90, Acc: 5.31%, Loss: 4.2882
Epoch: 18, Batch: 100, Acc: 5.27%, Loss: 4.2974
Epoch: 18, Batch: 110, Acc: 5.31%, Loss: 4.2621
Epoch: 18, Batch: 120, Acc: 5.29%, Loss: 4.2797
Epoch: 18, Batch: 130, Acc: 5.37%, Loss: 4.3096
Epoch: 18, Batch: 140, Acc: 5.44%, Loss: 4.2822
Epoch: 18, Batch: 150, Acc: 5.38%, Loss: 4.3028
Epoch: 18, Batch: 160, Acc: 5.41%, Loss: 4.2932
Epoch: 18, Batch: 170, Acc: 5.30%, Loss: 4.3251
Epoch: 18, Batch: 180, Acc: 5.21%, Loss: 4.3116
Epoch: 18, Batch: 190, Acc: 5.24%, Loss: 4.2526
Epoch: 18, Batch: 200, Acc: 5.20%, Loss: 4.2929
Epoch: 18, Batch: 210, Acc: 5.23%, Loss: 4.3132
Epoch: 18, Batch: 220, Acc: 5.19%, Loss: 4.3020
Epoch: 18, Batch: 230, Acc: 5.18%, Loss: 4.2887
Epoch: 18, Batch: 240, Acc: 5.17%, Loss: 4.3278
Epoch: 18, Batch: 250, Acc: 5.22%, Loss: 4.2575
Epoch: 18, Batch: 260, Acc: 5.18%, Loss: 4.3225
Epoch: 18, Batch: 270, Acc: 5.21%, Loss: 4.2882
Epoch: 18, Batch: 280, Acc: 5.15%, Loss: 4.3187
Epoch: 18, Batch: 290, Acc: 5.16%, Loss: 4.2879
Epoch: 18, Batch: 300, Acc: 5.14%, Loss: 4.3146
Epoch: 18, Batch: 310, Acc: 5.12%, Loss: 4.3325
Epoch: 18, Batch: 320, Acc: 5.13%, Loss: 4.2813
Epoch: 18, Batch: 330, Acc: 5.09%, Loss: 4.3376
Epoch: 18, Batch: 340, Acc: 5.13%, Loss: 4.2608
Epoch: 18, Batch: 350, Acc: 5.12%, Loss: 4.3310
Epoch: 18, Batch: 360, Acc: 5.15%, Loss: 4.2805
Epoch: 18, Batch: 370, Acc: 5.16%, Loss: 4.2615
Epoch: 18, Batch: 380, Acc: 5.18%, Loss: 4.2936
Epoch: 18, Batch: 390, Acc: 5.20%, Loss: 4.3090
Epoch: 18, Batch: 400, Acc: 5.21%, Loss: 4.2971
Epoch: 18, Batch: 410, Acc: 5.22%, Loss: 4.3149
Epoch: 18, Batch: 420, Acc: 5.18%, Loss: 4.2969
Epoch: 18, Batch: 430, Acc: 5.21%, Loss: 4.2983
Epoch: 18, Batch: 440, Acc: 5.23%, Loss: 4.2876
Epoch: 18, Batch: 450, Acc: 5.21%, Loss: 4.3248
Epoch: 18, Batch: 460, Acc: 5.21%, Loss: 4.3242
Epoch: 18, Batch: 470, Acc: 5.18%, Loss: 4.3387
Epoch: 18, Batch: 480, Acc: 5.19%, Loss: 4.2667
Epoch: 18, Batch: 490, Acc: 5.23%, Loss: 4.2486
Epoch: 18, Batch: 500, Acc: 5.23%, Loss: 4.3274
Epoch: 18, Batch: 510, Acc: 5.23%, Loss: 4.2270
Epoch: 18, Batch: 520, Acc: 5.23%, Loss: 4.3129
Epoch: 18, Batch: 530, Acc: 5.23%, Loss: 4.3449
Epoch: 18, Batch: 540, Acc: 5.22%, Loss: 4.3098
Epoch: 18, Batch: 550, Acc: 5.23%, Loss: 4.2599
Epoch: 18, Batch: 560, Acc: 5.20%, Loss: 4.3030
Epoch: 18, Batch: 570, Acc: 5.22%, Loss: 4.2914
Epoch: 18, Batch: 580, Acc: 5.22%, Loss: 4.2679
Epoch: 18, Batch: 590, Acc: 5.23%, Loss: 4.2733
Epoch: 18, Batch: 600, Acc: 5.24%, Loss: 4.3041
Epoch: 18, Batch: 610, Acc: 5.23%, Loss: 4.2919
Epoch: 18, Batch: 620, Acc: 5.22%, Loss: 4.3053
Epoch: 18, Batch: 630, Acc: 5.23%, Loss: 4.2627
Epoch: 18, Batch: 640, Acc: 5.22%, Loss: 4.3255
Epoch: 18, Batch: 650, Acc: 5.22%, Loss: 4.3029
Epoch: 18, Batch: 660, Acc: 5.19%, Loss: 4.3495
Epoch: 18, Batch: 670, Acc: 5.21%, Loss: 4.3118
Epoch: 18, Batch: 680, Acc: 5.21%, Loss: 4.2429
Epoch: 18, Batch: 690, Acc: 5.23%, Loss: 4.2747
Epoch: 18, Batch: 700, Acc: 5.23%, Loss: 4.3294
Epoch: 18, Batch: 710, Acc: 5.23%, Loss: 4.2722
Epoch: 18, Batch: 720, Acc: 5.23%, Loss: 4.3115
Epoch: 18, Batch: 730, Acc: 5.24%, Loss: 4.2780
Epoch: 18, Batch: 740, Acc: 5.24%, Loss: 4.3000
Epoch: 18, Batch: 750, Acc: 5.24%, Loss: 4.2910
Epoch: 18, Batch: 760, Acc: 5.25%, Loss: 4.3325
Epoch: 18, Batch: 770, Acc: 5.24%, Loss: 4.3108
Epoch: 18, Batch: 780, Acc: 5.25%, Loss: 4.3079
Accuracy on test set: 5.31%
Epoch: 19, Batch: 10, Acc: 5.94%, Loss: 4.3040
Epoch: 19, Batch: 20, Acc: 5.16%, Loss: 4.2897
Epoch: 19, Batch: 30, Acc: 5.57%, Loss: 4.2465
Epoch: 19, Batch: 40, Acc: 5.66%, Loss: 4.3172
Epoch: 19, Batch: 50, Acc: 5.44%, Loss: 4.3285
Epoch: 19, Batch: 60, Acc: 5.44%, Loss: 4.2523
Epoch: 19, Batch: 70, Acc: 5.51%, Loss: 4.2452
Epoch: 19, Batch: 80, Acc: 5.51%, Loss: 4.3111
Epoch: 19, Batch: 90, Acc: 5.54%, Loss: 4.3031
Epoch: 19, Batch: 100, Acc: 5.38%, Loss: 4.2910
Epoch: 19, Batch: 110, Acc: 5.33%, Loss: 4.2879
Epoch: 19, Batch: 120, Acc: 5.40%, Loss: 4.2951
Epoch: 19, Batch: 130, Acc: 5.37%, Loss: 4.3080
Epoch: 19, Batch: 140, Acc: 5.31%, Loss: 4.2992
Epoch: 19, Batch: 150, Acc: 5.42%, Loss: 4.3111
Epoch: 19, Batch: 160, Acc: 5.43%, Loss: 4.2809
Epoch: 19, Batch: 170, Acc: 5.39%, Loss: 4.3271
Epoch: 19, Batch: 180, Acc: 5.37%, Loss: 4.2977
Epoch: 19, Batch: 190, Acc: 5.40%, Loss: 4.2614
Epoch: 19, Batch: 200, Acc: 5.43%, Loss: 4.2682
Epoch: 19, Batch: 210, Acc: 5.45%, Loss: 4.2809
Epoch: 19, Batch: 220, Acc: 5.51%, Loss: 4.2901
Epoch: 19, Batch: 230, Acc: 5.52%, Loss: 4.3078
Epoch: 19, Batch: 240, Acc: 5.53%, Loss: 4.2713
Epoch: 19, Batch: 250, Acc: 5.51%, Loss: 4.2801
Epoch: 19, Batch: 260, Acc: 5.50%, Loss: 4.2527
Epoch: 19, Batch: 270, Acc: 5.50%, Loss: 4.3305
Epoch: 19, Batch: 280, Acc: 5.45%, Loss: 4.3299
Epoch: 19, Batch: 290, Acc: 5.44%, Loss: 4.2830
Epoch: 19, Batch: 300, Acc: 5.42%, Loss: 4.3133
Epoch: 19, Batch: 310, Acc: 5.39%, Loss: 4.3081
Epoch: 19, Batch: 320, Acc: 5.39%, Loss: 4.3351
Epoch: 19, Batch: 330, Acc: 5.37%, Loss: 4.3040
Epoch: 19, Batch: 340, Acc: 5.42%, Loss: 4.2708
Epoch: 19, Batch: 350, Acc: 5.38%, Loss: 4.3079
Epoch: 19, Batch: 360, Acc: 5.36%, Loss: 4.2604
Epoch: 19, Batch: 370, Acc: 5.34%, Loss: 4.3009
Epoch: 19, Batch: 380, Acc: 5.34%, Loss: 4.2941
Epoch: 19, Batch: 390, Acc: 5.35%, Loss: 4.2657
Epoch: 19, Batch: 400, Acc: 5.34%, Loss: 4.3043
Epoch: 19, Batch: 410, Acc: 5.37%, Loss: 4.2453
Epoch: 19, Batch: 420, Acc: 5.39%, Loss: 4.2744
Epoch: 19, Batch: 430, Acc: 5.39%, Loss: 4.2901
Epoch: 19, Batch: 440, Acc: 5.43%, Loss: 4.2972
Epoch: 19, Batch: 450, Acc: 5.46%, Loss: 4.2799
Epoch: 19, Batch: 460, Acc: 5.48%, Loss: 4.2721
Epoch: 19, Batch: 470, Acc: 5.47%, Loss: 4.2557
Epoch: 19, Batch: 480, Acc: 5.45%, Loss: 4.3198
Epoch: 19, Batch: 490, Acc: 5.47%, Loss: 4.2952
Epoch: 19, Batch: 500, Acc: 5.43%, Loss: 4.3419
Epoch: 19, Batch: 510, Acc: 5.42%, Loss: 4.2554
Epoch: 19, Batch: 520, Acc: 5.42%, Loss: 4.2793
Epoch: 19, Batch: 530, Acc: 5.40%, Loss: 4.2794
Epoch: 19, Batch: 540, Acc: 5.43%, Loss: 4.2846
Epoch: 19, Batch: 550, Acc: 5.44%, Loss: 4.3217
Epoch: 19, Batch: 560, Acc: 5.42%, Loss: 4.3014
Epoch: 19, Batch: 570, Acc: 5.43%, Loss: 4.3104
Epoch: 19, Batch: 580, Acc: 5.41%, Loss: 4.2902
Epoch: 19, Batch: 590, Acc: 5.41%, Loss: 4.2489
Epoch: 19, Batch: 600, Acc: 5.40%, Loss: 4.2843
Epoch: 19, Batch: 610, Acc: 5.43%, Loss: 4.2622
Epoch: 19, Batch: 620, Acc: 5.41%, Loss: 4.3246
Epoch: 19, Batch: 630, Acc: 5.39%, Loss: 4.3241
Epoch: 19, Batch: 640, Acc: 5.38%, Loss: 4.3044
Epoch: 19, Batch: 650, Acc: 5.36%, Loss: 4.3156
Epoch: 19, Batch: 660, Acc: 5.37%, Loss: 4.2847
Epoch: 19, Batch: 670, Acc: 5.38%, Loss: 4.3011
Epoch: 19, Batch: 680, Acc: 5.37%, Loss: 4.2898
Epoch: 19, Batch: 690, Acc: 5.36%, Loss: 4.2950
Epoch: 19, Batch: 700, Acc: 5.36%, Loss: 4.2914
Epoch: 19, Batch: 710, Acc: 5.35%, Loss: 4.2660
Epoch: 19, Batch: 720, Acc: 5.33%, Loss: 4.3094
Epoch: 19, Batch: 730, Acc: 5.34%, Loss: 4.3023
Epoch: 19, Batch: 740, Acc: 5.35%, Loss: 4.3073
Epoch: 19, Batch: 750, Acc: 5.33%, Loss: 4.3153
Epoch: 19, Batch: 760, Acc: 5.33%, Loss: 4.3001
Epoch: 19, Batch: 770, Acc: 5.34%, Loss: 4.2699
Epoch: 19, Batch: 780, Acc: 5.33%, Loss: 4.3199
Accuracy on test set: 5.76%
Epoch: 20, Batch: 10, Acc: 4.38%, Loss: 4.3167
Epoch: 20, Batch: 20, Acc: 4.69%, Loss: 4.3372
Epoch: 20, Batch: 30, Acc: 4.48%, Loss: 4.3432
Epoch: 20, Batch: 40, Acc: 5.04%, Loss: 4.3021
Epoch: 20, Batch: 50, Acc: 5.22%, Loss: 4.2716
Epoch: 20, Batch: 60, Acc: 5.34%, Loss: 4.2759
Epoch: 20, Batch: 70, Acc: 5.18%, Loss: 4.2930
Epoch: 20, Batch: 80, Acc: 5.21%, Loss: 4.3263
Epoch: 20, Batch: 90, Acc: 5.05%, Loss: 4.3053
Epoch: 20, Batch: 100, Acc: 5.11%, Loss: 4.3088
Epoch: 20, Batch: 110, Acc: 5.28%, Loss: 4.3009
Epoch: 20, Batch: 120, Acc: 5.36%, Loss: 4.2668
Epoch: 20, Batch: 130, Acc: 5.44%, Loss: 4.2785
Epoch: 20, Batch: 140, Acc: 5.51%, Loss: 4.2528
Epoch: 20, Batch: 150, Acc: 5.53%, Loss: 4.3302
Epoch: 20, Batch: 160, Acc: 5.56%, Loss: 4.2591
Epoch: 20, Batch: 170, Acc: 5.55%, Loss: 4.2542
Epoch: 20, Batch: 180, Acc: 5.48%, Loss: 4.2593
Epoch: 20, Batch: 190, Acc: 5.48%, Loss: 4.2693
Epoch: 20, Batch: 200, Acc: 5.40%, Loss: 4.2880
Epoch: 20, Batch: 210, Acc: 5.41%, Loss: 4.3366
Epoch: 20, Batch: 220, Acc: 5.45%, Loss: 4.2919
Epoch: 20, Batch: 230, Acc: 5.41%, Loss: 4.3308
Epoch: 20, Batch: 240, Acc: 5.34%, Loss: 4.3110
Epoch: 20, Batch: 250, Acc: 5.34%, Loss: 4.2499
Epoch: 20, Batch: 260, Acc: 5.29%, Loss: 4.3255
Epoch: 20, Batch: 270, Acc: 5.26%, Loss: 4.3289
Epoch: 20, Batch: 280, Acc: 5.30%, Loss: 4.2850
Epoch: 20, Batch: 290, Acc: 5.26%, Loss: 4.2633
Epoch: 20, Batch: 300, Acc: 5.28%, Loss: 4.3115
Epoch: 20, Batch: 310, Acc: 5.29%, Loss: 4.2817
Epoch: 20, Batch: 320, Acc: 5.33%, Loss: 4.2744
Epoch: 20, Batch: 330, Acc: 5.33%, Loss: 4.3030
Epoch: 20, Batch: 340, Acc: 5.34%, Loss: 4.2864
Epoch: 20, Batch: 350, Acc: 5.35%, Loss: 4.3029
Epoch: 20, Batch: 360, Acc: 5.37%, Loss: 4.2898
Epoch: 20, Batch: 370, Acc: 5.39%, Loss: 4.2658
Epoch: 20, Batch: 380, Acc: 5.39%, Loss: 4.2786
Epoch: 20, Batch: 390, Acc: 5.38%, Loss: 4.2913
Epoch: 20, Batch: 400, Acc: 5.36%, Loss: 4.3015
Epoch: 20, Batch: 410, Acc: 5.36%, Loss: 4.2551
Epoch: 20, Batch: 420, Acc: 5.37%, Loss: 4.2751
Epoch: 20, Batch: 430, Acc: 5.34%, Loss: 4.2897
Epoch: 20, Batch: 440, Acc: 5.34%, Loss: 4.2842
Epoch: 20, Batch: 450, Acc: 5.34%, Loss: 4.2992
Epoch: 20, Batch: 460, Acc: 5.35%, Loss: 4.2722
Epoch: 20, Batch: 470, Acc: 5.34%, Loss: 4.2810
Epoch: 20, Batch: 480, Acc: 5.35%, Loss: 4.2785
Epoch: 20, Batch: 490, Acc: 5.37%, Loss: 4.2979
Epoch: 20, Batch: 500, Acc: 5.38%, Loss: 4.2888
Epoch: 20, Batch: 510, Acc: 5.38%, Loss: 4.3118
Epoch: 20, Batch: 520, Acc: 5.40%, Loss: 4.3221
Epoch: 20, Batch: 530, Acc: 5.43%, Loss: 4.2443
Epoch: 20, Batch: 540, Acc: 5.43%, Loss: 4.2739
Epoch: 20, Batch: 550, Acc: 5.45%, Loss: 4.2401
Epoch: 20, Batch: 560, Acc: 5.47%, Loss: 4.3181
Epoch: 20, Batch: 570, Acc: 5.47%, Loss: 4.2686
Epoch: 20, Batch: 580, Acc: 5.46%, Loss: 4.2964
Epoch: 20, Batch: 590, Acc: 5.45%, Loss: 4.2523
Epoch: 20, Batch: 600, Acc: 5.43%, Loss: 4.2853
Epoch: 20, Batch: 610, Acc: 5.41%, Loss: 4.3158
Epoch: 20, Batch: 620, Acc: 5.42%, Loss: 4.2758
Epoch: 20, Batch: 630, Acc: 5.43%, Loss: 4.2770
Epoch: 20, Batch: 640, Acc: 5.43%, Loss: 4.2771
Epoch: 20, Batch: 650, Acc: 5.44%, Loss: 4.3201
Epoch: 20, Batch: 660, Acc: 5.44%, Loss: 4.2927
Epoch: 20, Batch: 670, Acc: 5.43%, Loss: 4.2714
Epoch: 20, Batch: 680, Acc: 5.43%, Loss: 4.2844
Epoch: 20, Batch: 690, Acc: 5.42%, Loss: 4.2871
Epoch: 20, Batch: 700, Acc: 5.42%, Loss: 4.2467
Epoch: 20, Batch: 710, Acc: 5.42%, Loss: 4.3072
Epoch: 20, Batch: 720, Acc: 5.43%, Loss: 4.2578
Epoch: 20, Batch: 730, Acc: 5.46%, Loss: 4.2389
Epoch: 20, Batch: 740, Acc: 5.47%, Loss: 4.2963
Epoch: 20, Batch: 750, Acc: 5.48%, Loss: 4.3074
Epoch: 20, Batch: 760, Acc: 5.49%, Loss: 4.2695
Epoch: 20, Batch: 770, Acc: 5.50%, Loss: 4.3137
Epoch: 20, Batch: 780, Acc: 5.51%, Loss: 4.2727
Accuracy on test set: 5.55%
Epoch: 21, Batch: 10, Acc: 5.62%, Loss: 4.2898
Epoch: 21, Batch: 20, Acc: 5.47%, Loss: 4.2720
Epoch: 21, Batch: 30, Acc: 5.36%, Loss: 4.3038
Epoch: 21, Batch: 40, Acc: 5.35%, Loss: 4.2625
Epoch: 21, Batch: 50, Acc: 5.34%, Loss: 4.2134
Epoch: 21, Batch: 60, Acc: 5.44%, Loss: 4.2953
Epoch: 21, Batch: 70, Acc: 5.42%, Loss: 4.2944
Epoch: 21, Batch: 80, Acc: 5.39%, Loss: 4.2712
Epoch: 21, Batch: 90, Acc: 5.42%, Loss: 4.2499
Epoch: 21, Batch: 100, Acc: 5.39%, Loss: 4.2660
Epoch: 21, Batch: 110, Acc: 5.30%, Loss: 4.2989
Epoch: 21, Batch: 120, Acc: 5.22%, Loss: 4.3413
Epoch: 21, Batch: 130, Acc: 5.24%, Loss: 4.2799
Epoch: 21, Batch: 140, Acc: 5.32%, Loss: 4.2895
Epoch: 21, Batch: 150, Acc: 5.23%, Loss: 4.2907
Epoch: 21, Batch: 160, Acc: 5.11%, Loss: 4.3246
Epoch: 21, Batch: 170, Acc: 5.08%, Loss: 4.2921
Epoch: 21, Batch: 180, Acc: 4.99%, Loss: 4.2740
Epoch: 21, Batch: 190, Acc: 4.98%, Loss: 4.3089
Epoch: 21, Batch: 200, Acc: 4.98%, Loss: 4.2849
Epoch: 21, Batch: 210, Acc: 5.01%, Loss: 4.2557
Epoch: 21, Batch: 220, Acc: 5.05%, Loss: 4.2719
Epoch: 21, Batch: 230, Acc: 5.03%, Loss: 4.3186
Epoch: 21, Batch: 240, Acc: 5.04%, Loss: 4.2779
Epoch: 21, Batch: 250, Acc: 5.08%, Loss: 4.3146
Epoch: 21, Batch: 260, Acc: 5.10%, Loss: 4.2782
Epoch: 21, Batch: 270, Acc: 5.14%, Loss: 4.2851
Epoch: 21, Batch: 280, Acc: 5.15%, Loss: 4.3277
Epoch: 21, Batch: 290, Acc: 5.14%, Loss: 4.2886
Epoch: 21, Batch: 300, Acc: 5.08%, Loss: 4.2905
Epoch: 21, Batch: 310, Acc: 5.07%, Loss: 4.3179
Epoch: 21, Batch: 320, Acc: 5.06%, Loss: 4.2862
Epoch: 21, Batch: 330, Acc: 5.08%, Loss: 4.2865
Epoch: 21, Batch: 340, Acc: 5.07%, Loss: 4.2803
Epoch: 21, Batch: 350, Acc: 5.09%, Loss: 4.2736
Epoch: 21, Batch: 360, Acc: 5.11%, Loss: 4.2683
Epoch: 21, Batch: 370, Acc: 5.17%, Loss: 4.3005
Epoch: 21, Batch: 380, Acc: 5.19%, Loss: 4.3160
Epoch: 21, Batch: 390, Acc: 5.20%, Loss: 4.2382
Epoch: 21, Batch: 400, Acc: 5.23%, Loss: 4.2831
Epoch: 21, Batch: 410, Acc: 5.22%, Loss: 4.2473
Epoch: 21, Batch: 420, Acc: 5.21%, Loss: 4.2899
Epoch: 21, Batch: 430, Acc: 5.24%, Loss: 4.2662
Epoch: 21, Batch: 440, Acc: 5.24%, Loss: 4.2930
Epoch: 21, Batch: 450, Acc: 5.26%, Loss: 4.2818
Epoch: 21, Batch: 460, Acc: 5.25%, Loss: 4.2793
Epoch: 21, Batch: 470, Acc: 5.29%, Loss: 4.2691
Epoch: 21, Batch: 480, Acc: 5.31%, Loss: 4.2568
Epoch: 21, Batch: 490, Acc: 5.32%, Loss: 4.2860
Epoch: 21, Batch: 500, Acc: 5.32%, Loss: 4.2782
Epoch: 21, Batch: 510, Acc: 5.32%, Loss: 4.2709
Epoch: 21, Batch: 520, Acc: 5.36%, Loss: 4.2553
Epoch: 21, Batch: 530, Acc: 5.36%, Loss: 4.2722
Epoch: 21, Batch: 540, Acc: 5.36%, Loss: 4.2963
Epoch: 21, Batch: 550, Acc: 5.36%, Loss: 4.3120
Epoch: 21, Batch: 560, Acc: 5.38%, Loss: 4.2756
Epoch: 21, Batch: 570, Acc: 5.37%, Loss: 4.2789
Epoch: 21, Batch: 580, Acc: 5.39%, Loss: 4.2663
Epoch: 21, Batch: 590, Acc: 5.41%, Loss: 4.2735
Epoch: 21, Batch: 600, Acc: 5.41%, Loss: 4.3196
Epoch: 21, Batch: 610, Acc: 5.41%, Loss: 4.2886
Epoch: 21, Batch: 620, Acc: 5.45%, Loss: 4.2685
Epoch: 21, Batch: 630, Acc: 5.44%, Loss: 4.2920
Epoch: 21, Batch: 640, Acc: 5.43%, Loss: 4.2823
Epoch: 21, Batch: 650, Acc: 5.43%, Loss: 4.2900
Epoch: 21, Batch: 660, Acc: 5.42%, Loss: 4.2952
Epoch: 21, Batch: 670, Acc: 5.41%, Loss: 4.3491
Epoch: 21, Batch: 680, Acc: 5.40%, Loss: 4.2775
Epoch: 21, Batch: 690, Acc: 5.41%, Loss: 4.2962
Epoch: 21, Batch: 700, Acc: 5.41%, Loss: 4.3231
Epoch: 21, Batch: 710, Acc: 5.42%, Loss: 4.2691
Epoch: 21, Batch: 720, Acc: 5.41%, Loss: 4.2963
Epoch: 21, Batch: 730, Acc: 5.41%, Loss: 4.2955
Epoch: 21, Batch: 740, Acc: 5.42%, Loss: 4.2840
Epoch: 21, Batch: 750, Acc: 5.42%, Loss: 4.2620
Epoch: 21, Batch: 760, Acc: 5.43%, Loss: 4.2580
Epoch: 21, Batch: 770, Acc: 5.43%, Loss: 4.2330
Epoch: 21, Batch: 780, Acc: 5.44%, Loss: 4.2785
Accuracy on test set: 5.67%
Epoch: 22, Batch: 10, Acc: 5.31%, Loss: 4.2603
Epoch: 22, Batch: 20, Acc: 4.92%, Loss: 4.2904
Epoch: 22, Batch: 30, Acc: 5.21%, Loss: 4.2764
Epoch: 22, Batch: 40, Acc: 5.43%, Loss: 4.2910
Epoch: 22, Batch: 50, Acc: 5.16%, Loss: 4.2909
Epoch: 22, Batch: 60, Acc: 5.44%, Loss: 4.2510
Epoch: 22, Batch: 70, Acc: 5.42%, Loss: 4.3135
Epoch: 22, Batch: 80, Acc: 5.53%, Loss: 4.2734
Epoch: 22, Batch: 90, Acc: 5.40%, Loss: 4.3047
Epoch: 22, Batch: 100, Acc: 5.42%, Loss: 4.2601
Epoch: 22, Batch: 110, Acc: 5.65%, Loss: 4.2715
Epoch: 22, Batch: 120, Acc: 5.70%, Loss: 4.2905
Epoch: 22, Batch: 130, Acc: 5.67%, Loss: 4.2964
Epoch: 22, Batch: 140, Acc: 5.74%, Loss: 4.2484
Epoch: 22, Batch: 150, Acc: 5.72%, Loss: 4.3031
Epoch: 22, Batch: 160, Acc: 5.71%, Loss: 4.2343
Epoch: 22, Batch: 170, Acc: 5.70%, Loss: 4.2491
Epoch: 22, Batch: 180, Acc: 5.69%, Loss: 4.2975
Epoch: 22, Batch: 190, Acc: 5.69%, Loss: 4.2890
Epoch: 22, Batch: 200, Acc: 5.63%, Loss: 4.3083
Epoch: 22, Batch: 210, Acc: 5.62%, Loss: 4.2621
Epoch: 22, Batch: 220, Acc: 5.62%, Loss: 4.2667
Epoch: 22, Batch: 230, Acc: 5.60%, Loss: 4.3025
Epoch: 22, Batch: 240, Acc: 5.61%, Loss: 4.3300
Epoch: 22, Batch: 250, Acc: 5.62%, Loss: 4.2739
Epoch: 22, Batch: 260, Acc: 5.59%, Loss: 4.3272
Epoch: 22, Batch: 270, Acc: 5.60%, Loss: 4.2765
Epoch: 22, Batch: 280, Acc: 5.58%, Loss: 4.2660
Epoch: 22, Batch: 290, Acc: 5.60%, Loss: 4.2615
Epoch: 22, Batch: 300, Acc: 5.62%, Loss: 4.2805
Epoch: 22, Batch: 310, Acc: 5.61%, Loss: 4.2811
Epoch: 22, Batch: 320, Acc: 5.58%, Loss: 4.3246
Epoch: 22, Batch: 330, Acc: 5.59%, Loss: 4.2521
Epoch: 22, Batch: 340, Acc: 5.57%, Loss: 4.2289
Epoch: 22, Batch: 350, Acc: 5.55%, Loss: 4.2806
Epoch: 22, Batch: 360, Acc: 5.58%, Loss: 4.2631
Epoch: 22, Batch: 370, Acc: 5.56%, Loss: 4.2534
Epoch: 22, Batch: 380, Acc: 5.56%, Loss: 4.2794
Epoch: 22, Batch: 390, Acc: 5.57%, Loss: 4.2814
Epoch: 22, Batch: 400, Acc: 5.58%, Loss: 4.3087
Epoch: 22, Batch: 410, Acc: 5.58%, Loss: 4.2888
Epoch: 22, Batch: 420, Acc: 5.57%, Loss: 4.3178
Epoch: 22, Batch: 430, Acc: 5.59%, Loss: 4.2987
Epoch: 22, Batch: 440, Acc: 5.57%, Loss: 4.3011
Epoch: 22, Batch: 450, Acc: 5.58%, Loss: 4.2978
Epoch: 22, Batch: 460, Acc: 5.55%, Loss: 4.2898
Epoch: 22, Batch: 470, Acc: 5.55%, Loss: 4.2839
Epoch: 22, Batch: 480, Acc: 5.58%, Loss: 4.2708
Epoch: 22, Batch: 490, Acc: 5.61%, Loss: 4.2558
Epoch: 22, Batch: 500, Acc: 5.61%, Loss: 4.3089
Epoch: 22, Batch: 510, Acc: 5.64%, Loss: 4.2322
Epoch: 22, Batch: 520, Acc: 5.62%, Loss: 4.2973
Epoch: 22, Batch: 530, Acc: 5.62%, Loss: 4.2770
Epoch: 22, Batch: 540, Acc: 5.62%, Loss: 4.2854
Epoch: 22, Batch: 550, Acc: 5.64%, Loss: 4.2792
Epoch: 22, Batch: 560, Acc: 5.64%, Loss: 4.2795
Epoch: 22, Batch: 570, Acc: 5.62%, Loss: 4.3424
Epoch: 22, Batch: 580, Acc: 5.65%, Loss: 4.2751
Epoch: 22, Batch: 590, Acc: 5.65%, Loss: 4.2907
Epoch: 22, Batch: 600, Acc: 5.63%, Loss: 4.2713
Epoch: 22, Batch: 610, Acc: 5.66%, Loss: 4.2385
Epoch: 22, Batch: 620, Acc: 5.65%, Loss: 4.2729
Epoch: 22, Batch: 630, Acc: 5.66%, Loss: 4.2837
Epoch: 22, Batch: 640, Acc: 5.67%, Loss: 4.2827
Epoch: 22, Batch: 650, Acc: 5.68%, Loss: 4.2677
Epoch: 22, Batch: 660, Acc: 5.66%, Loss: 4.3146
Epoch: 22, Batch: 670, Acc: 5.68%, Loss: 4.2319
Epoch: 22, Batch: 680, Acc: 5.68%, Loss: 4.2413
Epoch: 22, Batch: 690, Acc: 5.66%, Loss: 4.3027
Epoch: 22, Batch: 700, Acc: 5.66%, Loss: 4.2722
Epoch: 22, Batch: 710, Acc: 5.67%, Loss: 4.2412
Epoch: 22, Batch: 720, Acc: 5.67%, Loss: 4.3135
Epoch: 22, Batch: 730, Acc: 5.67%, Loss: 4.2627
Epoch: 22, Batch: 740, Acc: 5.67%, Loss: 4.2969
Epoch: 22, Batch: 750, Acc: 5.67%, Loss: 4.2703
Epoch: 22, Batch: 760, Acc: 5.66%, Loss: 4.2555
Epoch: 22, Batch: 770, Acc: 5.65%, Loss: 4.2841
Epoch: 22, Batch: 780, Acc: 5.64%, Loss: 4.3215
Accuracy on test set: 5.73%
Epoch: 23, Batch: 10, Acc: 6.25%, Loss: 4.2716
Epoch: 23, Batch: 20, Acc: 5.78%, Loss: 4.2584
Epoch: 23, Batch: 30, Acc: 5.52%, Loss: 4.3016
Epoch: 23, Batch: 40, Acc: 5.47%, Loss: 4.2801
Epoch: 23, Batch: 50, Acc: 5.25%, Loss: 4.3121
Epoch: 23, Batch: 60, Acc: 5.23%, Loss: 4.2660
Epoch: 23, Batch: 70, Acc: 5.16%, Loss: 4.2875
Epoch: 23, Batch: 80, Acc: 5.12%, Loss: 4.2747
Epoch: 23, Batch: 90, Acc: 5.07%, Loss: 4.2796
Epoch: 23, Batch: 100, Acc: 5.20%, Loss: 4.2680
Epoch: 23, Batch: 110, Acc: 5.26%, Loss: 4.2822
Epoch: 23, Batch: 120, Acc: 5.26%, Loss: 4.2807
Epoch: 23, Batch: 130, Acc: 5.28%, Loss: 4.3271
Epoch: 23, Batch: 140, Acc: 5.27%, Loss: 4.3027
Epoch: 23, Batch: 150, Acc: 5.26%, Loss: 4.2875
Epoch: 23, Batch: 160, Acc: 5.29%, Loss: 4.3045
Epoch: 23, Batch: 170, Acc: 5.42%, Loss: 4.2356
Epoch: 23, Batch: 180, Acc: 5.47%, Loss: 4.2520
Epoch: 23, Batch: 190, Acc: 5.45%, Loss: 4.2866
Epoch: 23, Batch: 200, Acc: 5.50%, Loss: 4.2730
Epoch: 23, Batch: 210, Acc: 5.51%, Loss: 4.2541
Epoch: 23, Batch: 220, Acc: 5.56%, Loss: 4.2645
Epoch: 23, Batch: 230, Acc: 5.62%, Loss: 4.2695
Epoch: 23, Batch: 240, Acc: 5.63%, Loss: 4.2607
Epoch: 23, Batch: 250, Acc: 5.67%, Loss: 4.2984
Epoch: 23, Batch: 260, Acc: 5.64%, Loss: 4.2611
Epoch: 23, Batch: 270, Acc: 5.65%, Loss: 4.2588
Epoch: 23, Batch: 280, Acc: 5.71%, Loss: 4.2736
Epoch: 23, Batch: 290, Acc: 5.74%, Loss: 4.2946
Epoch: 23, Batch: 300, Acc: 5.71%, Loss: 4.3019
Epoch: 23, Batch: 310, Acc: 5.74%, Loss: 4.2194
Epoch: 23, Batch: 320, Acc: 5.71%, Loss: 4.3079
Epoch: 23, Batch: 330, Acc: 5.69%, Loss: 4.2539
Epoch: 23, Batch: 340, Acc: 5.67%, Loss: 4.2712
Epoch: 23, Batch: 350, Acc: 5.65%, Loss: 4.2919
Epoch: 23, Batch: 360, Acc: 5.66%, Loss: 4.2582
Epoch: 23, Batch: 370, Acc: 5.65%, Loss: 4.3126
Epoch: 23, Batch: 380, Acc: 5.62%, Loss: 4.3036
Epoch: 23, Batch: 390, Acc: 5.62%, Loss: 4.2888
Epoch: 23, Batch: 400, Acc: 5.63%, Loss: 4.2680
Epoch: 23, Batch: 410, Acc: 5.64%, Loss: 4.2936
Epoch: 23, Batch: 420, Acc: 5.64%, Loss: 4.2738
Epoch: 23, Batch: 430, Acc: 5.67%, Loss: 4.2692
Epoch: 23, Batch: 440, Acc: 5.64%, Loss: 4.3649
Epoch: 23, Batch: 450, Acc: 5.63%, Loss: 4.3071
Epoch: 23, Batch: 460, Acc: 5.63%, Loss: 4.2440
Epoch: 23, Batch: 470, Acc: 5.64%, Loss: 4.3082
Epoch: 23, Batch: 480, Acc: 5.65%, Loss: 4.2993
Epoch: 23, Batch: 490, Acc: 5.69%, Loss: 4.2379
Epoch: 23, Batch: 500, Acc: 5.68%, Loss: 4.2786
Epoch: 23, Batch: 510, Acc: 5.70%, Loss: 4.3106
Epoch: 23, Batch: 520, Acc: 5.70%, Loss: 4.2766
Epoch: 23, Batch: 530, Acc: 5.66%, Loss: 4.3066
Epoch: 23, Batch: 540, Acc: 5.66%, Loss: 4.2916
Epoch: 23, Batch: 550, Acc: 5.68%, Loss: 4.2842
Epoch: 23, Batch: 560, Acc: 5.70%, Loss: 4.2616
Epoch: 23, Batch: 570, Acc: 5.69%, Loss: 4.2967
Epoch: 23, Batch: 580, Acc: 5.68%, Loss: 4.2544
Epoch: 23, Batch: 590, Acc: 5.67%, Loss: 4.2536
Epoch: 23, Batch: 600, Acc: 5.65%, Loss: 4.3267
Epoch: 23, Batch: 610, Acc: 5.65%, Loss: 4.2472
Epoch: 23, Batch: 620, Acc: 5.66%, Loss: 4.2895
Epoch: 23, Batch: 630, Acc: 5.66%, Loss: 4.2559
Epoch: 23, Batch: 640, Acc: 5.66%, Loss: 4.2434
Epoch: 23, Batch: 650, Acc: 5.68%, Loss: 4.2343
Epoch: 23, Batch: 660, Acc: 5.69%, Loss: 4.2991
Epoch: 23, Batch: 670, Acc: 5.69%, Loss: 4.2794
Epoch: 23, Batch: 680, Acc: 5.70%, Loss: 4.2984
Epoch: 23, Batch: 690, Acc: 5.71%, Loss: 4.2840
Epoch: 23, Batch: 700, Acc: 5.70%, Loss: 4.2750
Epoch: 23, Batch: 710, Acc: 5.70%, Loss: 4.2829
Epoch: 23, Batch: 720, Acc: 5.72%, Loss: 4.2472
Epoch: 23, Batch: 730, Acc: 5.71%, Loss: 4.2249
Epoch: 23, Batch: 740, Acc: 5.70%, Loss: 4.2629
Epoch: 23, Batch: 750, Acc: 5.70%, Loss: 4.2790
Epoch: 23, Batch: 760, Acc: 5.72%, Loss: 4.2341
Epoch: 23, Batch: 770, Acc: 5.74%, Loss: 4.2439
Epoch: 23, Batch: 780, Acc: 5.74%, Loss: 4.3120
Accuracy on test set: 5.76%
Epoch: 24, Batch: 10, Acc: 5.78%, Loss: 4.2448
Epoch: 24, Batch: 20, Acc: 6.09%, Loss: 4.3098
Epoch: 24, Batch: 30, Acc: 5.62%, Loss: 4.2679
Epoch: 24, Batch: 40, Acc: 5.78%, Loss: 4.2717
Epoch: 24, Batch: 50, Acc: 5.56%, Loss: 4.2560
Epoch: 24, Batch: 60, Acc: 5.70%, Loss: 4.2646
Epoch: 24, Batch: 70, Acc: 5.80%, Loss: 4.2744
Epoch: 24, Batch: 80, Acc: 5.68%, Loss: 4.2953
Epoch: 24, Batch: 90, Acc: 5.59%, Loss: 4.2560
Epoch: 24, Batch: 100, Acc: 5.64%, Loss: 4.3112
Epoch: 24, Batch: 110, Acc: 5.81%, Loss: 4.2707
Epoch: 24, Batch: 120, Acc: 5.82%, Loss: 4.3039
Epoch: 24, Batch: 130, Acc: 5.82%, Loss: 4.2423
Epoch: 24, Batch: 140, Acc: 5.85%, Loss: 4.3072
Epoch: 24, Batch: 150, Acc: 5.80%, Loss: 4.2674
Epoch: 24, Batch: 160, Acc: 5.78%, Loss: 4.3067
Epoch: 24, Batch: 170, Acc: 5.73%, Loss: 4.2877
Epoch: 24, Batch: 180, Acc: 5.82%, Loss: 4.2215
Epoch: 24, Batch: 190, Acc: 5.74%, Loss: 4.3059
Epoch: 24, Batch: 200, Acc: 5.72%, Loss: 4.2265
Epoch: 24, Batch: 210, Acc: 5.69%, Loss: 4.2951
Epoch: 24, Batch: 220, Acc: 5.75%, Loss: 4.2363
Epoch: 24, Batch: 230, Acc: 5.75%, Loss: 4.2948
Epoch: 24, Batch: 240, Acc: 5.75%, Loss: 4.2674
Epoch: 24, Batch: 250, Acc: 5.72%, Loss: 4.2883
Epoch: 24, Batch: 260, Acc: 5.67%, Loss: 4.3357
Epoch: 24, Batch: 270, Acc: 5.67%, Loss: 4.2360
Epoch: 24, Batch: 280, Acc: 5.62%, Loss: 4.3326
Epoch: 24, Batch: 290, Acc: 5.61%, Loss: 4.2415
Epoch: 24, Batch: 300, Acc: 5.66%, Loss: 4.2190
Epoch: 24, Batch: 310, Acc: 5.68%, Loss: 4.2380
Epoch: 24, Batch: 320, Acc: 5.69%, Loss: 4.2655
Epoch: 24, Batch: 330, Acc: 5.74%, Loss: 4.2680
Epoch: 24, Batch: 340, Acc: 5.73%, Loss: 4.2421
Epoch: 24, Batch: 350, Acc: 5.74%, Loss: 4.2602
Epoch: 24, Batch: 360, Acc: 5.74%, Loss: 4.2770
Epoch: 24, Batch: 370, Acc: 5.75%, Loss: 4.2781
Epoch: 24, Batch: 380, Acc: 5.74%, Loss: 4.2874
Epoch: 24, Batch: 390, Acc: 5.73%, Loss: 4.2588
Epoch: 24, Batch: 400, Acc: 5.71%, Loss: 4.2635
Epoch: 24, Batch: 410, Acc: 5.71%, Loss: 4.2605
Epoch: 24, Batch: 420, Acc: 5.71%, Loss: 4.2482
Epoch: 24, Batch: 430, Acc: 5.73%, Loss: 4.2698
Epoch: 24, Batch: 440, Acc: 5.71%, Loss: 4.2922
Epoch: 24, Batch: 450, Acc: 5.70%, Loss: 4.3331
Epoch: 24, Batch: 460, Acc: 5.70%, Loss: 4.2681
Epoch: 24, Batch: 470, Acc: 5.70%, Loss: 4.2839
Epoch: 24, Batch: 480, Acc: 5.69%, Loss: 4.2728
Epoch: 24, Batch: 490, Acc: 5.69%, Loss: 4.2953
Epoch: 24, Batch: 500, Acc: 5.67%, Loss: 4.3169
Epoch: 24, Batch: 510, Acc: 5.65%, Loss: 4.2636
Epoch: 24, Batch: 520, Acc: 5.64%, Loss: 4.3055
Epoch: 24, Batch: 530, Acc: 5.64%, Loss: 4.2513
Epoch: 24, Batch: 540, Acc: 5.62%, Loss: 4.3353
Epoch: 24, Batch: 550, Acc: 5.62%, Loss: 4.3200
Epoch: 24, Batch: 560, Acc: 5.61%, Loss: 4.2739
Epoch: 24, Batch: 570, Acc: 5.62%, Loss: 4.2779
Epoch: 24, Batch: 580, Acc: 5.63%, Loss: 4.3310
Epoch: 24, Batch: 590, Acc: 5.63%, Loss: 4.2874
Epoch: 24, Batch: 600, Acc: 5.63%, Loss: 4.2780
Epoch: 24, Batch: 610, Acc: 5.66%, Loss: 4.2432
Epoch: 24, Batch: 620, Acc: 5.66%, Loss: 4.2916
Epoch: 24, Batch: 630, Acc: 5.64%, Loss: 4.2954
Epoch: 24, Batch: 640, Acc: 5.65%, Loss: 4.2406
Epoch: 24, Batch: 650, Acc: 5.65%, Loss: 4.2378
Epoch: 24, Batch: 660, Acc: 5.65%, Loss: 4.2740
Epoch: 24, Batch: 670, Acc: 5.66%, Loss: 4.2701
Epoch: 24, Batch: 680, Acc: 5.66%, Loss: 4.2723
Epoch: 24, Batch: 690, Acc: 5.66%, Loss: 4.2609
Epoch: 24, Batch: 700, Acc: 5.65%, Loss: 4.2824
Epoch: 24, Batch: 710, Acc: 5.65%, Loss: 4.2430
Epoch: 24, Batch: 720, Acc: 5.62%, Loss: 4.3198
Epoch: 24, Batch: 730, Acc: 5.63%, Loss: 4.3081
Epoch: 24, Batch: 740, Acc: 5.65%, Loss: 4.2283
Epoch: 24, Batch: 750, Acc: 5.66%, Loss: 4.2902
Epoch: 24, Batch: 760, Acc: 5.65%, Loss: 4.2318
Epoch: 24, Batch: 770, Acc: 5.66%, Loss: 4.2456
Epoch: 24, Batch: 780, Acc: 5.66%, Loss: 4.2492
Accuracy on test set: 5.75%
Epoch: 25, Batch: 10, Acc: 5.47%, Loss: 4.2721
Epoch: 25, Batch: 20, Acc: 5.62%, Loss: 4.2516
Epoch: 25, Batch: 30, Acc: 5.16%, Loss: 4.3262
Epoch: 25, Batch: 40, Acc: 5.39%, Loss: 4.2821
Epoch: 25, Batch: 50, Acc: 5.94%, Loss: 4.2339
Epoch: 25, Batch: 60, Acc: 5.73%, Loss: 4.2757
Epoch: 25, Batch: 70, Acc: 5.56%, Loss: 4.3055
Epoch: 25, Batch: 80, Acc: 5.57%, Loss: 4.2694
Epoch: 25, Batch: 90, Acc: 5.69%, Loss: 4.2824
Epoch: 25, Batch: 100, Acc: 5.77%, Loss: 4.2521
Epoch: 25, Batch: 110, Acc: 5.82%, Loss: 4.2712
Epoch: 25, Batch: 120, Acc: 5.83%, Loss: 4.3075
Epoch: 25, Batch: 130, Acc: 5.82%, Loss: 4.2807
Epoch: 25, Batch: 140, Acc: 5.75%, Loss: 4.2906
Epoch: 25, Batch: 150, Acc: 5.88%, Loss: 4.2187
Epoch: 25, Batch: 160, Acc: 5.93%, Loss: 4.2455
Epoch: 25, Batch: 170, Acc: 5.97%, Loss: 4.2518
Epoch: 25, Batch: 180, Acc: 5.94%, Loss: 4.2313
Epoch: 25, Batch: 190, Acc: 5.96%, Loss: 4.2486
Epoch: 25, Batch: 200, Acc: 5.98%, Loss: 4.2104
Epoch: 25, Batch: 210, Acc: 5.95%, Loss: 4.2837
Epoch: 25, Batch: 220, Acc: 5.97%, Loss: 4.2471
Epoch: 25, Batch: 230, Acc: 5.94%, Loss: 4.2938
Epoch: 25, Batch: 240, Acc: 6.02%, Loss: 4.2328
Epoch: 25, Batch: 250, Acc: 6.00%, Loss: 4.2993
Epoch: 25, Batch: 260, Acc: 5.99%, Loss: 4.2947
Epoch: 25, Batch: 270, Acc: 6.02%, Loss: 4.2639
Epoch: 25, Batch: 280, Acc: 6.00%, Loss: 4.2421
Epoch: 25, Batch: 290, Acc: 6.00%, Loss: 4.2655
Epoch: 25, Batch: 300, Acc: 5.99%, Loss: 4.2637
Epoch: 25, Batch: 310, Acc: 6.04%, Loss: 4.2068
Epoch: 25, Batch: 320, Acc: 6.02%, Loss: 4.2451
Epoch: 25, Batch: 330, Acc: 5.97%, Loss: 4.3052
Epoch: 25, Batch: 340, Acc: 5.98%, Loss: 4.2434
Epoch: 25, Batch: 350, Acc: 6.00%, Loss: 4.2882
Epoch: 25, Batch: 360, Acc: 5.97%, Loss: 4.3331
Epoch: 25, Batch: 370, Acc: 5.95%, Loss: 4.2808
Epoch: 25, Batch: 380, Acc: 5.93%, Loss: 4.3223
Epoch: 25, Batch: 390, Acc: 5.93%, Loss: 4.2826
Epoch: 25, Batch: 400, Acc: 5.98%, Loss: 4.2521
Epoch: 25, Batch: 410, Acc: 5.96%, Loss: 4.2887
Epoch: 25, Batch: 420, Acc: 5.96%, Loss: 4.2764
Epoch: 25, Batch: 430, Acc: 5.97%, Loss: 4.2618
Epoch: 25, Batch: 440, Acc: 5.99%, Loss: 4.2718
Epoch: 25, Batch: 450, Acc: 5.98%, Loss: 4.2781
Epoch: 25, Batch: 460, Acc: 5.98%, Loss: 4.2761
Epoch: 25, Batch: 470, Acc: 6.00%, Loss: 4.2424
Epoch: 25, Batch: 480, Acc: 6.01%, Loss: 4.2856
Epoch: 25, Batch: 490, Acc: 6.01%, Loss: 4.2572
Epoch: 25, Batch: 500, Acc: 6.01%, Loss: 4.2767
Epoch: 25, Batch: 510, Acc: 6.00%, Loss: 4.2532
Epoch: 25, Batch: 520, Acc: 5.97%, Loss: 4.3435
Epoch: 25, Batch: 530, Acc: 5.95%, Loss: 4.2596
Epoch: 25, Batch: 540, Acc: 5.90%, Loss: 4.2964
Epoch: 25, Batch: 550, Acc: 5.88%, Loss: 4.2745
Epoch: 25, Batch: 560, Acc: 5.89%, Loss: 4.2420
Epoch: 25, Batch: 570, Acc: 5.89%, Loss: 4.2762
Epoch: 25, Batch: 580, Acc: 5.88%, Loss: 4.2743
Epoch: 25, Batch: 590, Acc: 5.88%, Loss: 4.2795
Epoch: 25, Batch: 600, Acc: 5.87%, Loss: 4.2502
Epoch: 25, Batch: 610, Acc: 5.86%, Loss: 4.2278
Epoch: 25, Batch: 620, Acc: 5.86%, Loss: 4.2627
Epoch: 25, Batch: 630, Acc: 5.85%, Loss: 4.2932
Epoch: 25, Batch: 640, Acc: 5.83%, Loss: 4.2668
Epoch: 25, Batch: 650, Acc: 5.84%, Loss: 4.2717
Epoch: 25, Batch: 660, Acc: 5.84%, Loss: 4.2651
Epoch: 25, Batch: 670, Acc: 5.84%, Loss: 4.2731
Epoch: 25, Batch: 680, Acc: 5.83%, Loss: 4.2817
Epoch: 25, Batch: 690, Acc: 5.81%, Loss: 4.3143
Epoch: 25, Batch: 700, Acc: 5.80%, Loss: 4.2988
Epoch: 25, Batch: 710, Acc: 5.79%, Loss: 4.2463
Epoch: 25, Batch: 720, Acc: 5.79%, Loss: 4.2847
Epoch: 25, Batch: 730, Acc: 5.78%, Loss: 4.2705
Epoch: 25, Batch: 740, Acc: 5.78%, Loss: 4.2711
Epoch: 25, Batch: 750, Acc: 5.77%, Loss: 4.3142
Epoch: 25, Batch: 760, Acc: 5.76%, Loss: 4.2649
Epoch: 25, Batch: 770, Acc: 5.76%, Loss: 4.2987
Epoch: 25, Batch: 780, Acc: 5.76%, Loss: 4.2772
Accuracy on test set: 5.96%
Epoch: 26, Batch: 10, Acc: 5.78%, Loss: 4.2823
Epoch: 26, Batch: 20, Acc: 5.78%, Loss: 4.2298
Epoch: 26, Batch: 30, Acc: 5.31%, Loss: 4.2608
Epoch: 26, Batch: 40, Acc: 5.66%, Loss: 4.2458
Epoch: 26, Batch: 50, Acc: 5.50%, Loss: 4.2588
Epoch: 26, Batch: 60, Acc: 5.29%, Loss: 4.3240
Epoch: 26, Batch: 70, Acc: 5.51%, Loss: 4.2851
Epoch: 26, Batch: 80, Acc: 5.47%, Loss: 4.2496
Epoch: 26, Batch: 90, Acc: 5.42%, Loss: 4.2515
Epoch: 26, Batch: 100, Acc: 5.48%, Loss: 4.2609
Epoch: 26, Batch: 110, Acc: 5.57%, Loss: 4.2638
Epoch: 26, Batch: 120, Acc: 5.64%, Loss: 4.2413
Epoch: 26, Batch: 130, Acc: 5.79%, Loss: 4.2401
Epoch: 26, Batch: 140, Acc: 5.83%, Loss: 4.2786
Epoch: 26, Batch: 150, Acc: 5.84%, Loss: 4.2938
Epoch: 26, Batch: 160, Acc: 5.78%, Loss: 4.3367
Epoch: 26, Batch: 170, Acc: 5.78%, Loss: 4.2691
Epoch: 26, Batch: 180, Acc: 5.84%, Loss: 4.2276
Epoch: 26, Batch: 190, Acc: 5.85%, Loss: 4.2864
Epoch: 26, Batch: 200, Acc: 5.82%, Loss: 4.2709
Epoch: 26, Batch: 210, Acc: 5.79%, Loss: 4.2781
Epoch: 26, Batch: 220, Acc: 5.77%, Loss: 4.2819
Epoch: 26, Batch: 230, Acc: 5.68%, Loss: 4.2949
Epoch: 26, Batch: 240, Acc: 5.65%, Loss: 4.2774
Epoch: 26, Batch: 250, Acc: 5.62%, Loss: 4.2679
Epoch: 26, Batch: 260, Acc: 5.61%, Loss: 4.2702
Epoch: 26, Batch: 270, Acc: 5.61%, Loss: 4.2721
Epoch: 26, Batch: 280, Acc: 5.62%, Loss: 4.2170
Epoch: 26, Batch: 290, Acc: 5.63%, Loss: 4.2910
Epoch: 26, Batch: 300, Acc: 5.65%, Loss: 4.2649
Epoch: 26, Batch: 310, Acc: 5.67%, Loss: 4.2699
Epoch: 26, Batch: 320, Acc: 5.72%, Loss: 4.2506
Epoch: 26, Batch: 330, Acc: 5.75%, Loss: 4.2709
Epoch: 26, Batch: 340, Acc: 5.74%, Loss: 4.2888
Epoch: 26, Batch: 350, Acc: 5.76%, Loss: 4.2630
Epoch: 26, Batch: 360, Acc: 5.76%, Loss: 4.2441
Epoch: 26, Batch: 370, Acc: 5.77%, Loss: 4.2703
Epoch: 26, Batch: 380, Acc: 5.78%, Loss: 4.2159
Epoch: 26, Batch: 390, Acc: 5.77%, Loss: 4.2249
Epoch: 26, Batch: 400, Acc: 5.72%, Loss: 4.3432
Epoch: 26, Batch: 410, Acc: 5.73%, Loss: 4.2263
Epoch: 26, Batch: 420, Acc: 5.77%, Loss: 4.2788
Epoch: 26, Batch: 430, Acc: 5.77%, Loss: 4.3090
Epoch: 26, Batch: 440, Acc: 5.77%, Loss: 4.2537
Epoch: 26, Batch: 450, Acc: 5.79%, Loss: 4.2431
Epoch: 26, Batch: 460, Acc: 5.81%, Loss: 4.2682
Epoch: 26, Batch: 470, Acc: 5.80%, Loss: 4.2763
Epoch: 26, Batch: 480, Acc: 5.79%, Loss: 4.2782
Epoch: 26, Batch: 490, Acc: 5.80%, Loss: 4.2634
Epoch: 26, Batch: 500, Acc: 5.78%, Loss: 4.2472
Epoch: 26, Batch: 510, Acc: 5.79%, Loss: 4.2792
Epoch: 26, Batch: 520, Acc: 5.80%, Loss: 4.2688
Epoch: 26, Batch: 530, Acc: 5.83%, Loss: 4.2385
Epoch: 26, Batch: 540, Acc: 5.82%, Loss: 4.2992
Epoch: 26, Batch: 550, Acc: 5.82%, Loss: 4.2683
Epoch: 26, Batch: 560, Acc: 5.83%, Loss: 4.2336
Epoch: 26, Batch: 570, Acc: 5.79%, Loss: 4.2911
Epoch: 26, Batch: 580, Acc: 5.78%, Loss: 4.2989
Epoch: 26, Batch: 590, Acc: 5.76%, Loss: 4.3196
Epoch: 26, Batch: 600, Acc: 5.74%, Loss: 4.3245
Epoch: 26, Batch: 610, Acc: 5.77%, Loss: 4.2313
Epoch: 26, Batch: 620, Acc: 5.75%, Loss: 4.2594
Epoch: 26, Batch: 630, Acc: 5.75%, Loss: 4.2659
Epoch: 26, Batch: 640, Acc: 5.74%, Loss: 4.2970
Epoch: 26, Batch: 650, Acc: 5.74%, Loss: 4.2656
Epoch: 26, Batch: 660, Acc: 5.75%, Loss: 4.2354
Epoch: 26, Batch: 670, Acc: 5.76%, Loss: 4.2573
Epoch: 26, Batch: 680, Acc: 5.76%, Loss: 4.2473
Epoch: 26, Batch: 690, Acc: 5.76%, Loss: 4.3143
Epoch: 26, Batch: 700, Acc: 5.76%, Loss: 4.2808
Epoch: 26, Batch: 710, Acc: 5.78%, Loss: 4.2570
Epoch: 26, Batch: 720, Acc: 5.78%, Loss: 4.2923
Epoch: 26, Batch: 730, Acc: 5.77%, Loss: 4.2845
Epoch: 26, Batch: 740, Acc: 5.76%, Loss: 4.2587
Epoch: 26, Batch: 750, Acc: 5.74%, Loss: 4.2856
Epoch: 26, Batch: 760, Acc: 5.73%, Loss: 4.2508
Epoch: 26, Batch: 770, Acc: 5.74%, Loss: 4.2311
Epoch: 26, Batch: 780, Acc: 5.75%, Loss: 4.2901
Accuracy on test set: 6.06%
Epoch: 27, Batch: 10, Acc: 8.28%, Loss: 4.2288
Epoch: 27, Batch: 20, Acc: 7.11%, Loss: 4.2970
Epoch: 27, Batch: 30, Acc: 6.61%, Loss: 4.2076
Epoch: 27, Batch: 40, Acc: 6.29%, Loss: 4.2509
Epoch: 27, Batch: 50, Acc: 6.16%, Loss: 4.2302
Epoch: 27, Batch: 60, Acc: 5.99%, Loss: 4.3168
Epoch: 27, Batch: 70, Acc: 5.98%, Loss: 4.2827
Epoch: 27, Batch: 80, Acc: 6.11%, Loss: 4.2233
Epoch: 27, Batch: 90, Acc: 6.22%, Loss: 4.2160
Epoch: 27, Batch: 100, Acc: 6.27%, Loss: 4.2231
Epoch: 27, Batch: 110, Acc: 6.26%, Loss: 4.2923
Epoch: 27, Batch: 120, Acc: 6.32%, Loss: 4.2342
Epoch: 27, Batch: 130, Acc: 6.30%, Loss: 4.2701
Epoch: 27, Batch: 140, Acc: 6.24%, Loss: 4.2735
Epoch: 27, Batch: 150, Acc: 6.27%, Loss: 4.2749
Epoch: 27, Batch: 160, Acc: 6.17%, Loss: 4.2749
Epoch: 27, Batch: 170, Acc: 6.19%, Loss: 4.2087
Epoch: 27, Batch: 180, Acc: 6.08%, Loss: 4.3014
Epoch: 27, Batch: 190, Acc: 6.14%, Loss: 4.2678
Epoch: 27, Batch: 200, Acc: 6.10%, Loss: 4.3115
Epoch: 27, Batch: 210, Acc: 6.04%, Loss: 4.2436
Epoch: 27, Batch: 220, Acc: 6.07%, Loss: 4.2378
Epoch: 27, Batch: 230, Acc: 6.04%, Loss: 4.3197
Epoch: 27, Batch: 240, Acc: 6.04%, Loss: 4.2495
Epoch: 27, Batch: 250, Acc: 6.08%, Loss: 4.2507
Epoch: 27, Batch: 260, Acc: 6.10%, Loss: 4.2565
Epoch: 27, Batch: 270, Acc: 6.08%, Loss: 4.2636
Epoch: 27, Batch: 280, Acc: 6.10%, Loss: 4.2640
Epoch: 27, Batch: 290, Acc: 6.08%, Loss: 4.2640
Epoch: 27, Batch: 300, Acc: 6.07%, Loss: 4.2644
Epoch: 27, Batch: 310, Acc: 6.09%, Loss: 4.2660
Epoch: 27, Batch: 320, Acc: 6.06%, Loss: 4.2421
Epoch: 27, Batch: 330, Acc: 6.03%, Loss: 4.2287
Epoch: 27, Batch: 340, Acc: 6.02%, Loss: 4.2515
Epoch: 27, Batch: 350, Acc: 6.02%, Loss: 4.2565
Epoch: 27, Batch: 360, Acc: 6.04%, Loss: 4.2206
Epoch: 27, Batch: 370, Acc: 5.99%, Loss: 4.2970
Epoch: 27, Batch: 380, Acc: 5.93%, Loss: 4.3120
Epoch: 27, Batch: 390, Acc: 5.95%, Loss: 4.2763
Epoch: 27, Batch: 400, Acc: 5.93%, Loss: 4.2906
Epoch: 27, Batch: 410, Acc: 5.93%, Loss: 4.2696
Epoch: 27, Batch: 420, Acc: 5.89%, Loss: 4.2867
Epoch: 27, Batch: 430, Acc: 5.86%, Loss: 4.2925
Epoch: 27, Batch: 440, Acc: 5.86%, Loss: 4.3115
Epoch: 27, Batch: 450, Acc: 5.88%, Loss: 4.2604
Epoch: 27, Batch: 460, Acc: 5.85%, Loss: 4.2581
Epoch: 27, Batch: 470, Acc: 5.85%, Loss: 4.2567
Epoch: 27, Batch: 480, Acc: 5.82%, Loss: 4.3341
Epoch: 27, Batch: 490, Acc: 5.82%, Loss: 4.2884
Epoch: 27, Batch: 500, Acc: 5.80%, Loss: 4.3000
Epoch: 27, Batch: 510, Acc: 5.82%, Loss: 4.2366
Epoch: 27, Batch: 520, Acc: 5.81%, Loss: 4.2955
Epoch: 27, Batch: 530, Acc: 5.79%, Loss: 4.3075
Epoch: 27, Batch: 540, Acc: 5.80%, Loss: 4.2909
Epoch: 27, Batch: 550, Acc: 5.81%, Loss: 4.2633
Epoch: 27, Batch: 560, Acc: 5.81%, Loss: 4.3157
Epoch: 27, Batch: 570, Acc: 5.82%, Loss: 4.2856
Epoch: 27, Batch: 580, Acc: 5.84%, Loss: 4.2444
Epoch: 27, Batch: 590, Acc: 5.83%, Loss: 4.2305
Epoch: 27, Batch: 600, Acc: 5.84%, Loss: 4.2295
Epoch: 27, Batch: 610, Acc: 5.87%, Loss: 4.2830
Epoch: 27, Batch: 620, Acc: 5.86%, Loss: 4.2847
Epoch: 27, Batch: 630, Acc: 5.83%, Loss: 4.3244
Epoch: 27, Batch: 640, Acc: 5.83%, Loss: 4.2663
Epoch: 27, Batch: 650, Acc: 5.80%, Loss: 4.2826
Epoch: 27, Batch: 660, Acc: 5.80%, Loss: 4.2932
Epoch: 27, Batch: 670, Acc: 5.82%, Loss: 4.2572
Epoch: 27, Batch: 680, Acc: 5.80%, Loss: 4.3005
Epoch: 27, Batch: 690, Acc: 5.83%, Loss: 4.2466
Epoch: 27, Batch: 700, Acc: 5.86%, Loss: 4.2008
Epoch: 27, Batch: 710, Acc: 5.88%, Loss: 4.2411
Epoch: 27, Batch: 720, Acc: 5.90%, Loss: 4.2519
Epoch: 27, Batch: 730, Acc: 5.89%, Loss: 4.2822
Epoch: 27, Batch: 740, Acc: 5.90%, Loss: 4.2405
Epoch: 27, Batch: 750, Acc: 5.90%, Loss: 4.2704
Epoch: 27, Batch: 760, Acc: 5.88%, Loss: 4.2807
Epoch: 27, Batch: 770, Acc: 5.89%, Loss: 4.2285
Epoch: 27, Batch: 780, Acc: 5.90%, Loss: 4.2573
Accuracy on test set: 5.89%
Epoch: 28, Batch: 10, Acc: 6.56%, Loss: 4.2476
Epoch: 28, Batch: 20, Acc: 6.72%, Loss: 4.2300
Epoch: 28, Batch: 30, Acc: 6.72%, Loss: 4.2397
Epoch: 28, Batch: 40, Acc: 6.60%, Loss: 4.3055
Epoch: 28, Batch: 50, Acc: 6.28%, Loss: 4.3110
Epoch: 28, Batch: 60, Acc: 6.20%, Loss: 4.2366
Epoch: 28, Batch: 70, Acc: 6.12%, Loss: 4.2810
Epoch: 28, Batch: 80, Acc: 5.96%, Loss: 4.2578
Epoch: 28, Batch: 90, Acc: 5.99%, Loss: 4.2515
Epoch: 28, Batch: 100, Acc: 5.97%, Loss: 4.2692
Epoch: 28, Batch: 110, Acc: 5.99%, Loss: 4.2461
Epoch: 28, Batch: 120, Acc: 6.02%, Loss: 4.3048
Epoch: 28, Batch: 130, Acc: 6.07%, Loss: 4.2263
Epoch: 28, Batch: 140, Acc: 6.10%, Loss: 4.2783
Epoch: 28, Batch: 150, Acc: 6.01%, Loss: 4.2307
Epoch: 28, Batch: 160, Acc: 6.01%, Loss: 4.2815
Epoch: 28, Batch: 170, Acc: 5.97%, Loss: 4.2878
Epoch: 28, Batch: 180, Acc: 6.05%, Loss: 4.2346
Epoch: 28, Batch: 190, Acc: 5.99%, Loss: 4.2263
Epoch: 28, Batch: 200, Acc: 5.98%, Loss: 4.2280
Epoch: 28, Batch: 210, Acc: 5.95%, Loss: 4.2325
Epoch: 28, Batch: 220, Acc: 5.97%, Loss: 4.2164
Epoch: 28, Batch: 230, Acc: 5.98%, Loss: 4.2537
Epoch: 28, Batch: 240, Acc: 6.02%, Loss: 4.2544
Epoch: 28, Batch: 250, Acc: 6.00%, Loss: 4.2315
Epoch: 28, Batch: 260, Acc: 5.98%, Loss: 4.2090
Epoch: 28, Batch: 270, Acc: 5.98%, Loss: 4.3320
Epoch: 28, Batch: 280, Acc: 5.98%, Loss: 4.2684
Epoch: 28, Batch: 290, Acc: 6.01%, Loss: 4.2896
Epoch: 28, Batch: 300, Acc: 6.02%, Loss: 4.2613
Epoch: 28, Batch: 310, Acc: 6.04%, Loss: 4.2759
Epoch: 28, Batch: 320, Acc: 5.96%, Loss: 4.2734
Epoch: 28, Batch: 330, Acc: 6.00%, Loss: 4.2432
Epoch: 28, Batch: 340, Acc: 6.01%, Loss: 4.2930
Epoch: 28, Batch: 350, Acc: 5.98%, Loss: 4.3123
Epoch: 28, Batch: 360, Acc: 5.97%, Loss: 4.2624
Epoch: 28, Batch: 370, Acc: 5.98%, Loss: 4.2664
Epoch: 28, Batch: 380, Acc: 5.97%, Loss: 4.2407
Epoch: 28, Batch: 390, Acc: 5.99%, Loss: 4.2735
Epoch: 28, Batch: 400, Acc: 6.06%, Loss: 4.2193
Epoch: 28, Batch: 410, Acc: 6.06%, Loss: 4.2743
Epoch: 28, Batch: 420, Acc: 6.04%, Loss: 4.2928
Epoch: 28, Batch: 430, Acc: 6.02%, Loss: 4.3188
Epoch: 28, Batch: 440, Acc: 5.99%, Loss: 4.2861
Epoch: 28, Batch: 450, Acc: 5.99%, Loss: 4.2815
Epoch: 28, Batch: 460, Acc: 5.95%, Loss: 4.3129
Epoch: 28, Batch: 470, Acc: 5.96%, Loss: 4.2714
Epoch: 28, Batch: 480, Acc: 5.95%, Loss: 4.2696
Epoch: 28, Batch: 490, Acc: 5.94%, Loss: 4.2433
Epoch: 28, Batch: 500, Acc: 5.93%, Loss: 4.3143
Epoch: 28, Batch: 510, Acc: 5.93%, Loss: 4.2619
Epoch: 28, Batch: 520, Acc: 5.92%, Loss: 4.2029
Epoch: 28, Batch: 530, Acc: 5.91%, Loss: 4.2501
Epoch: 28, Batch: 540, Acc: 5.90%, Loss: 4.2938
Epoch: 28, Batch: 550, Acc: 5.91%, Loss: 4.2642
Epoch: 28, Batch: 560, Acc: 5.90%, Loss: 4.2750
Epoch: 28, Batch: 570, Acc: 5.90%, Loss: 4.2633
Epoch: 28, Batch: 580, Acc: 5.91%, Loss: 4.2362
Epoch: 28, Batch: 590, Acc: 5.89%, Loss: 4.2572
Epoch: 28, Batch: 600, Acc: 5.87%, Loss: 4.2796
Epoch: 28, Batch: 610, Acc: 5.88%, Loss: 4.1935
Epoch: 28, Batch: 620, Acc: 5.87%, Loss: 4.2485
Epoch: 28, Batch: 630, Acc: 5.87%, Loss: 4.2633
Epoch: 28, Batch: 640, Acc: 5.88%, Loss: 4.2379
Epoch: 28, Batch: 650, Acc: 5.85%, Loss: 4.3275
Epoch: 28, Batch: 660, Acc: 5.85%, Loss: 4.3042
Epoch: 28, Batch: 670, Acc: 5.83%, Loss: 4.2902
Epoch: 28, Batch: 680, Acc: 5.85%, Loss: 4.2307
Epoch: 28, Batch: 690, Acc: 5.84%, Loss: 4.2670
Epoch: 28, Batch: 700, Acc: 5.82%, Loss: 4.2811
Epoch: 28, Batch: 710, Acc: 5.84%, Loss: 4.2490
Epoch: 28, Batch: 720, Acc: 5.86%, Loss: 4.2515
Epoch: 28, Batch: 730, Acc: 5.85%, Loss: 4.3136
Epoch: 28, Batch: 740, Acc: 5.84%, Loss: 4.2762
Epoch: 28, Batch: 750, Acc: 5.85%, Loss: 4.2506
Epoch: 28, Batch: 760, Acc: 5.83%, Loss: 4.2809
Epoch: 28, Batch: 770, Acc: 5.84%, Loss: 4.2487
Epoch: 28, Batch: 780, Acc: 5.83%, Loss: 4.2582
Accuracy on test set: 5.86%
Epoch: 29, Batch: 10, Acc: 5.47%, Loss: 4.3146
Epoch: 29, Batch: 20, Acc: 5.00%, Loss: 4.2895
Epoch: 29, Batch: 30, Acc: 5.47%, Loss: 4.2593
Epoch: 29, Batch: 40, Acc: 6.05%, Loss: 4.2465
Epoch: 29, Batch: 50, Acc: 5.97%, Loss: 4.2505
Epoch: 29, Batch: 60, Acc: 5.99%, Loss: 4.2447
Epoch: 29, Batch: 70, Acc: 5.85%, Loss: 4.2846
Epoch: 29, Batch: 80, Acc: 5.86%, Loss: 4.2218
Epoch: 29, Batch: 90, Acc: 5.92%, Loss: 4.2357
Epoch: 29, Batch: 100, Acc: 5.81%, Loss: 4.2730
Epoch: 29, Batch: 110, Acc: 5.80%, Loss: 4.2634
Epoch: 29, Batch: 120, Acc: 5.95%, Loss: 4.2143
Epoch: 29, Batch: 130, Acc: 6.02%, Loss: 4.2391
Epoch: 29, Batch: 140, Acc: 5.98%, Loss: 4.2071
Epoch: 29, Batch: 150, Acc: 6.00%, Loss: 4.2713
Epoch: 29, Batch: 160, Acc: 5.90%, Loss: 4.2503
Epoch: 29, Batch: 170, Acc: 5.92%, Loss: 4.2032
Epoch: 29, Batch: 180, Acc: 5.85%, Loss: 4.2687
Epoch: 29, Batch: 190, Acc: 5.86%, Loss: 4.2051
Epoch: 29, Batch: 200, Acc: 5.79%, Loss: 4.3289
Epoch: 29, Batch: 210, Acc: 5.80%, Loss: 4.3033
Epoch: 29, Batch: 220, Acc: 5.82%, Loss: 4.2643
Epoch: 29, Batch: 230, Acc: 5.78%, Loss: 4.2224
Epoch: 29, Batch: 240, Acc: 5.72%, Loss: 4.2844
Epoch: 29, Batch: 250, Acc: 5.79%, Loss: 4.2299
Epoch: 29, Batch: 260, Acc: 5.82%, Loss: 4.2452
Epoch: 29, Batch: 270, Acc: 5.81%, Loss: 4.2481
Epoch: 29, Batch: 280, Acc: 5.76%, Loss: 4.2865
Epoch: 29, Batch: 290, Acc: 5.75%, Loss: 4.2717
Epoch: 29, Batch: 300, Acc: 5.76%, Loss: 4.2776
Epoch: 29, Batch: 310, Acc: 5.70%, Loss: 4.2593
Epoch: 29, Batch: 320, Acc: 5.71%, Loss: 4.2354
Epoch: 29, Batch: 330, Acc: 5.73%, Loss: 4.2403
Epoch: 29, Batch: 340, Acc: 5.74%, Loss: 4.2843
Epoch: 29, Batch: 350, Acc: 5.80%, Loss: 4.2136
Epoch: 29, Batch: 360, Acc: 5.79%, Loss: 4.2652
Epoch: 29, Batch: 370, Acc: 5.77%, Loss: 4.3130
Epoch: 29, Batch: 380, Acc: 5.82%, Loss: 4.2436
Epoch: 29, Batch: 390, Acc: 5.83%, Loss: 4.2753
Epoch: 29, Batch: 400, Acc: 5.79%, Loss: 4.2952
Epoch: 29, Batch: 410, Acc: 5.79%, Loss: 4.2745
Epoch: 29, Batch: 420, Acc: 5.78%, Loss: 4.2687
Epoch: 29, Batch: 430, Acc: 5.80%, Loss: 4.2280
Epoch: 29, Batch: 440, Acc: 5.78%, Loss: 4.2817
Epoch: 29, Batch: 450, Acc: 5.79%, Loss: 4.2662
Epoch: 29, Batch: 460, Acc: 5.81%, Loss: 4.2648
Epoch: 29, Batch: 470, Acc: 5.82%, Loss: 4.2694
Epoch: 29, Batch: 480, Acc: 5.84%, Loss: 4.2554
Epoch: 29, Batch: 490, Acc: 5.85%, Loss: 4.2692
Epoch: 29, Batch: 500, Acc: 5.86%, Loss: 4.2984
Epoch: 29, Batch: 510, Acc: 5.89%, Loss: 4.2420
Epoch: 29, Batch: 520, Acc: 5.88%, Loss: 4.2574
Epoch: 29, Batch: 530, Acc: 5.90%, Loss: 4.2719
Epoch: 29, Batch: 540, Acc: 5.87%, Loss: 4.3163
Epoch: 29, Batch: 550, Acc: 5.89%, Loss: 4.2156
Epoch: 29, Batch: 560, Acc: 5.91%, Loss: 4.2458
Epoch: 29, Batch: 570, Acc: 5.91%, Loss: 4.2352
Epoch: 29, Batch: 580, Acc: 5.93%, Loss: 4.2608
Epoch: 29, Batch: 590, Acc: 5.95%, Loss: 4.2344
Epoch: 29, Batch: 600, Acc: 5.95%, Loss: 4.2911
Epoch: 29, Batch: 610, Acc: 5.93%, Loss: 4.2569
Epoch: 29, Batch: 620, Acc: 5.93%, Loss: 4.2368
Epoch: 29, Batch: 630, Acc: 5.94%, Loss: 4.2662
Epoch: 29, Batch: 640, Acc: 5.92%, Loss: 4.2777
Epoch: 29, Batch: 650, Acc: 5.94%, Loss: 4.2409
Epoch: 29, Batch: 660, Acc: 5.94%, Loss: 4.3141
Epoch: 29, Batch: 670, Acc: 5.94%, Loss: 4.2332
Epoch: 29, Batch: 680, Acc: 5.96%, Loss: 4.2458
Epoch: 29, Batch: 690, Acc: 5.96%, Loss: 4.2732
Epoch: 29, Batch: 700, Acc: 5.96%, Loss: 4.2595
Epoch: 29, Batch: 710, Acc: 5.94%, Loss: 4.3124
Epoch: 29, Batch: 720, Acc: 5.96%, Loss: 4.2782
Epoch: 29, Batch: 730, Acc: 5.94%, Loss: 4.3198
Epoch: 29, Batch: 740, Acc: 5.94%, Loss: 4.2384
Epoch: 29, Batch: 750, Acc: 5.93%, Loss: 4.2614
Epoch: 29, Batch: 760, Acc: 5.91%, Loss: 4.2732
Epoch: 29, Batch: 770, Acc: 5.93%, Loss: 4.2840
Epoch: 29, Batch: 780, Acc: 5.92%, Loss: 4.2902
Accuracy on test set: 6.14%
Epoch: 30, Batch: 10, Acc: 5.94%, Loss: 4.2780
Epoch: 30, Batch: 20, Acc: 5.39%, Loss: 4.3116
Epoch: 30, Batch: 30, Acc: 5.57%, Loss: 4.2972
Epoch: 30, Batch: 40, Acc: 5.55%, Loss: 4.2741
Epoch: 30, Batch: 50, Acc: 5.34%, Loss: 4.2719
Epoch: 30, Batch: 60, Acc: 5.36%, Loss: 4.2652
Epoch: 30, Batch: 70, Acc: 5.49%, Loss: 4.2406
Epoch: 30, Batch: 80, Acc: 5.45%, Loss: 4.2841
Epoch: 30, Batch: 90, Acc: 5.62%, Loss: 4.2221
Epoch: 30, Batch: 100, Acc: 5.56%, Loss: 4.2709
Epoch: 30, Batch: 110, Acc: 5.60%, Loss: 4.2623
Epoch: 30, Batch: 120, Acc: 5.62%, Loss: 4.2570
Epoch: 30, Batch: 130, Acc: 5.83%, Loss: 4.2558
Epoch: 30, Batch: 140, Acc: 5.80%, Loss: 4.2744
Epoch: 30, Batch: 150, Acc: 5.78%, Loss: 4.2851
Epoch: 30, Batch: 160, Acc: 5.90%, Loss: 4.2592
Epoch: 30, Batch: 170, Acc: 5.90%, Loss: 4.2410
Epoch: 30, Batch: 180, Acc: 6.01%, Loss: 4.2326
Epoch: 30, Batch: 190, Acc: 6.08%, Loss: 4.2157
Epoch: 30, Batch: 200, Acc: 6.13%, Loss: 4.2453
Epoch: 30, Batch: 210, Acc: 6.10%, Loss: 4.2270
Epoch: 30, Batch: 220, Acc: 6.03%, Loss: 4.2808
Epoch: 30, Batch: 230, Acc: 6.02%, Loss: 4.2379
Epoch: 30, Batch: 240, Acc: 6.02%, Loss: 4.2528
Epoch: 30, Batch: 250, Acc: 6.08%, Loss: 4.2427
Epoch: 30, Batch: 260, Acc: 6.06%, Loss: 4.2513
Epoch: 30, Batch: 270, Acc: 6.05%, Loss: 4.2688
Epoch: 30, Batch: 280, Acc: 6.13%, Loss: 4.2079
Epoch: 30, Batch: 290, Acc: 6.14%, Loss: 4.2398
Epoch: 30, Batch: 300, Acc: 6.18%, Loss: 4.2314
Epoch: 30, Batch: 310, Acc: 6.17%, Loss: 4.2467
Epoch: 30, Batch: 320, Acc: 6.15%, Loss: 4.2620
Epoch: 30, Batch: 330, Acc: 6.14%, Loss: 4.2908
Epoch: 30, Batch: 340, Acc: 6.13%, Loss: 4.2685
Epoch: 30, Batch: 350, Acc: 6.12%, Loss: 4.2874
Epoch: 30, Batch: 360, Acc: 6.11%, Loss: 4.2547
Epoch: 30, Batch: 370, Acc: 6.09%, Loss: 4.2521
Epoch: 30, Batch: 380, Acc: 6.08%, Loss: 4.2919
Epoch: 30, Batch: 390, Acc: 6.09%, Loss: 4.2077
Epoch: 30, Batch: 400, Acc: 6.08%, Loss: 4.2854
Epoch: 30, Batch: 410, Acc: 6.07%, Loss: 4.3090
Epoch: 30, Batch: 420, Acc: 6.09%, Loss: 4.2414
Epoch: 30, Batch: 430, Acc: 6.08%, Loss: 4.2316
Epoch: 30, Batch: 440, Acc: 6.12%, Loss: 4.2423
Epoch: 30, Batch: 450, Acc: 6.12%, Loss: 4.2411
Epoch: 30, Batch: 460, Acc: 6.09%, Loss: 4.3135
Epoch: 30, Batch: 470, Acc: 6.08%, Loss: 4.2643
Epoch: 30, Batch: 480, Acc: 6.05%, Loss: 4.2895
Epoch: 30, Batch: 490, Acc: 6.05%, Loss: 4.2766
Epoch: 30, Batch: 500, Acc: 6.05%, Loss: 4.2805
Epoch: 30, Batch: 510, Acc: 6.05%, Loss: 4.2885
Epoch: 30, Batch: 520, Acc: 6.04%, Loss: 4.2396
Epoch: 30, Batch: 530, Acc: 6.00%, Loss: 4.2725
Epoch: 30, Batch: 540, Acc: 6.00%, Loss: 4.2514
Epoch: 30, Batch: 550, Acc: 6.01%, Loss: 4.2624
Epoch: 30, Batch: 560, Acc: 6.01%, Loss: 4.2461
Epoch: 30, Batch: 570, Acc: 6.01%, Loss: 4.2580
Epoch: 30, Batch: 580, Acc: 6.00%, Loss: 4.2875
Epoch: 30, Batch: 590, Acc: 6.03%, Loss: 4.2053
Epoch: 30, Batch: 600, Acc: 6.02%, Loss: 4.2794
Epoch: 30, Batch: 610, Acc: 6.03%, Loss: 4.2490
Epoch: 30, Batch: 620, Acc: 6.03%, Loss: 4.2529
Epoch: 30, Batch: 630, Acc: 6.02%, Loss: 4.2817
Epoch: 30, Batch: 640, Acc: 6.00%, Loss: 4.2569
Epoch: 30, Batch: 650, Acc: 6.01%, Loss: 4.2203
Epoch: 30, Batch: 660, Acc: 6.03%, Loss: 4.2558
Epoch: 30, Batch: 670, Acc: 6.03%, Loss: 4.3040
Epoch: 30, Batch: 680, Acc: 6.02%, Loss: 4.2799
Epoch: 30, Batch: 690, Acc: 6.03%, Loss: 4.2961
Epoch: 30, Batch: 700, Acc: 6.04%, Loss: 4.2534
Epoch: 30, Batch: 710, Acc: 6.06%, Loss: 4.2356
Epoch: 30, Batch: 720, Acc: 6.04%, Loss: 4.2646
Epoch: 30, Batch: 730, Acc: 6.03%, Loss: 4.2652
Epoch: 30, Batch: 740, Acc: 6.03%, Loss: 4.2653
Epoch: 30, Batch: 750, Acc: 6.03%, Loss: 4.2524
Epoch: 30, Batch: 760, Acc: 6.03%, Loss: 4.2774
Epoch: 30, Batch: 770, Acc: 6.03%, Loss: 4.2206
Epoch: 30, Batch: 780, Acc: 6.04%, Loss: 4.2425
Accuracy on test set: 6.38%
Training Time: 4553.17 seconds
Best Accuracy for Run 0: 6.38%
 Training Run 1
Epoch: 1, Batch: 10, Acc: 0.16%, Loss: 4.6540
Epoch: 1, Batch: 20, Acc: 0.39%, Loss: 4.6366
Epoch: 1, Batch: 30, Acc: 0.62%, Loss: 4.6490
Epoch: 1, Batch: 40, Acc: 0.82%, Loss: 4.6455
Epoch: 1, Batch: 50, Acc: 0.84%, Loss: 4.6314
Epoch: 1, Batch: 60, Acc: 0.86%, Loss: 4.6220
Epoch: 1, Batch: 70, Acc: 0.98%, Loss: 4.6340
Epoch: 1, Batch: 80, Acc: 1.04%, Loss: 4.6271
Epoch: 1, Batch: 90, Acc: 1.18%, Loss: 4.6070
Epoch: 1, Batch: 100, Acc: 1.25%, Loss: 4.6172
Epoch: 1, Batch: 110, Acc: 1.21%, Loss: 4.6129
Epoch: 1, Batch: 120, Acc: 1.21%, Loss: 4.6043
Epoch: 1, Batch: 130, Acc: 1.19%, Loss: 4.6122
Epoch: 1, Batch: 140, Acc: 1.15%, Loss: 4.6055
Epoch: 1, Batch: 150, Acc: 1.17%, Loss: 4.6085
Epoch: 1, Batch: 160, Acc: 1.17%, Loss: 4.5955
Epoch: 1, Batch: 170, Acc: 1.14%, Loss: 4.6178
Epoch: 1, Batch: 180, Acc: 1.13%, Loss: 4.6009
Epoch: 1, Batch: 190, Acc: 1.12%, Loss: 4.5954
Epoch: 1, Batch: 200, Acc: 1.14%, Loss: 4.5895
Epoch: 1, Batch: 210, Acc: 1.15%, Loss: 4.6072
Epoch: 1, Batch: 220, Acc: 1.14%, Loss: 4.5923
Epoch: 1, Batch: 230, Acc: 1.12%, Loss: 4.6043
Epoch: 1, Batch: 240, Acc: 1.10%, Loss: 4.5901
Epoch: 1, Batch: 250, Acc: 1.11%, Loss: 4.5944
Epoch: 1, Batch: 260, Acc: 1.12%, Loss: 4.5969
Epoch: 1, Batch: 270, Acc: 1.18%, Loss: 4.5727
Epoch: 1, Batch: 280, Acc: 1.16%, Loss: 4.5921
Epoch: 1, Batch: 290, Acc: 1.15%, Loss: 4.5831
Epoch: 1, Batch: 300, Acc: 1.17%, Loss: 4.5802
Epoch: 1, Batch: 310, Acc: 1.20%, Loss: 4.5742
Epoch: 1, Batch: 320, Acc: 1.20%, Loss: 4.5804
Epoch: 1, Batch: 330, Acc: 1.19%, Loss: 4.5819
Epoch: 1, Batch: 340, Acc: 1.21%, Loss: 4.5803
Epoch: 1, Batch: 350, Acc: 1.23%, Loss: 4.5729
Epoch: 1, Batch: 360, Acc: 1.24%, Loss: 4.5788
Epoch: 1, Batch: 370, Acc: 1.24%, Loss: 4.5774
Epoch: 1, Batch: 380, Acc: 1.25%, Loss: 4.5731
Epoch: 1, Batch: 390, Acc: 1.25%, Loss: 4.5755
Epoch: 1, Batch: 400, Acc: 1.27%, Loss: 4.5616
Epoch: 1, Batch: 410, Acc: 1.31%, Loss: 4.5629
Epoch: 1, Batch: 420, Acc: 1.34%, Loss: 4.5489
Epoch: 1, Batch: 430, Acc: 1.36%, Loss: 4.5586
Epoch: 1, Batch: 440, Acc: 1.39%, Loss: 4.5493
Epoch: 1, Batch: 450, Acc: 1.40%, Loss: 4.5553
Epoch: 1, Batch: 460, Acc: 1.46%, Loss: 4.5502
Epoch: 1, Batch: 470, Acc: 1.51%, Loss: 4.5358
Epoch: 1, Batch: 480, Acc: 1.55%, Loss: 4.5434
Epoch: 1, Batch: 490, Acc: 1.57%, Loss: 4.5457
Epoch: 1, Batch: 500, Acc: 1.60%, Loss: 4.5412
Epoch: 1, Batch: 510, Acc: 1.60%, Loss: 4.5361
Epoch: 1, Batch: 520, Acc: 1.61%, Loss: 4.5486
Epoch: 1, Batch: 530, Acc: 1.64%, Loss: 4.5536
Epoch: 1, Batch: 540, Acc: 1.64%, Loss: 4.5426
Epoch: 1, Batch: 550, Acc: 1.68%, Loss: 4.5381
Epoch: 1, Batch: 560, Acc: 1.70%, Loss: 4.5412
Epoch: 1, Batch: 570, Acc: 1.69%, Loss: 4.5347
Epoch: 1, Batch: 580, Acc: 1.72%, Loss: 4.5258
Epoch: 1, Batch: 590, Acc: 1.76%, Loss: 4.5367
Epoch: 1, Batch: 600, Acc: 1.76%, Loss: 4.5409
Epoch: 1, Batch: 610, Acc: 1.79%, Loss: 4.5100
Epoch: 1, Batch: 620, Acc: 1.81%, Loss: 4.5278
Epoch: 1, Batch: 630, Acc: 1.82%, Loss: 4.5213
Epoch: 1, Batch: 640, Acc: 1.83%, Loss: 4.5253
Epoch: 1, Batch: 650, Acc: 1.84%, Loss: 4.5322
Epoch: 1, Batch: 660, Acc: 1.86%, Loss: 4.5187
Epoch: 1, Batch: 670, Acc: 1.87%, Loss: 4.5258
Epoch: 1, Batch: 680, Acc: 1.88%, Loss: 4.5252
Epoch: 1, Batch: 690, Acc: 1.87%, Loss: 4.5326
Epoch: 1, Batch: 700, Acc: 1.88%, Loss: 4.5138
Epoch: 1, Batch: 710, Acc: 1.89%, Loss: 4.5242
Epoch: 1, Batch: 720, Acc: 1.90%, Loss: 4.5109
Epoch: 1, Batch: 730, Acc: 1.90%, Loss: 4.5327
Epoch: 1, Batch: 740, Acc: 1.93%, Loss: 4.5199
Epoch: 1, Batch: 750, Acc: 1.93%, Loss: 4.5293
Epoch: 1, Batch: 760, Acc: 1.93%, Loss: 4.5201
Epoch: 1, Batch: 770, Acc: 1.96%, Loss: 4.5020
Epoch: 1, Batch: 780, Acc: 1.98%, Loss: 4.5030
Accuracy on test set: 3.24%
Epoch: 2, Batch: 10, Acc: 3.44%, Loss: 4.5003
Epoch: 2, Batch: 20, Acc: 2.89%, Loss: 4.5188
Epoch: 2, Batch: 30, Acc: 2.97%, Loss: 4.5088
Epoch: 2, Batch: 40, Acc: 2.77%, Loss: 4.5160
Epoch: 2, Batch: 50, Acc: 2.69%, Loss: 4.4981
Epoch: 2, Batch: 60, Acc: 2.81%, Loss: 4.5027
Epoch: 2, Batch: 70, Acc: 2.97%, Loss: 4.5061
Epoch: 2, Batch: 80, Acc: 2.91%, Loss: 4.5224
Epoch: 2, Batch: 90, Acc: 2.86%, Loss: 4.5027
Epoch: 2, Batch: 100, Acc: 2.83%, Loss: 4.5012
Epoch: 2, Batch: 110, Acc: 2.87%, Loss: 4.4998
Epoch: 2, Batch: 120, Acc: 2.85%, Loss: 4.5096
Epoch: 2, Batch: 130, Acc: 2.91%, Loss: 4.4896
Epoch: 2, Batch: 140, Acc: 2.94%, Loss: 4.5059
Epoch: 2, Batch: 150, Acc: 2.97%, Loss: 4.5011
Epoch: 2, Batch: 160, Acc: 3.03%, Loss: 4.4796
Epoch: 2, Batch: 170, Acc: 3.00%, Loss: 4.4999
Epoch: 2, Batch: 180, Acc: 2.91%, Loss: 4.5084
Epoch: 2, Batch: 190, Acc: 2.94%, Loss: 4.4875
Epoch: 2, Batch: 200, Acc: 3.05%, Loss: 4.4596
Epoch: 2, Batch: 210, Acc: 3.10%, Loss: 4.4883
Epoch: 2, Batch: 220, Acc: 3.09%, Loss: 4.4831
Epoch: 2, Batch: 230, Acc: 3.15%, Loss: 4.4656
Epoch: 2, Batch: 240, Acc: 3.12%, Loss: 4.5010
Epoch: 2, Batch: 250, Acc: 3.16%, Loss: 4.4946
Epoch: 2, Batch: 260, Acc: 3.17%, Loss: 4.4841
Epoch: 2, Batch: 270, Acc: 3.18%, Loss: 4.4835
Epoch: 2, Batch: 280, Acc: 3.19%, Loss: 4.4742
Epoch: 2, Batch: 290, Acc: 3.19%, Loss: 4.4755
Epoch: 2, Batch: 300, Acc: 3.16%, Loss: 4.4836
Epoch: 2, Batch: 310, Acc: 3.17%, Loss: 4.4674
Epoch: 2, Batch: 320, Acc: 3.21%, Loss: 4.4762
Epoch: 2, Batch: 330, Acc: 3.20%, Loss: 4.4702
Epoch: 2, Batch: 340, Acc: 3.18%, Loss: 4.4911
Epoch: 2, Batch: 350, Acc: 3.18%, Loss: 4.4837
Epoch: 2, Batch: 360, Acc: 3.17%, Loss: 4.4856
Epoch: 2, Batch: 370, Acc: 3.18%, Loss: 4.4759
Epoch: 2, Batch: 380, Acc: 3.17%, Loss: 4.4897
Epoch: 2, Batch: 390, Acc: 3.19%, Loss: 4.4651
Epoch: 2, Batch: 400, Acc: 3.21%, Loss: 4.4626
Epoch: 2, Batch: 410, Acc: 3.21%, Loss: 4.4686
Epoch: 2, Batch: 420, Acc: 3.23%, Loss: 4.4566
Epoch: 2, Batch: 430, Acc: 3.20%, Loss: 4.4872
Epoch: 2, Batch: 440, Acc: 3.20%, Loss: 4.4710
Epoch: 2, Batch: 450, Acc: 3.23%, Loss: 4.4603
Epoch: 2, Batch: 460, Acc: 3.24%, Loss: 4.4692
Epoch: 2, Batch: 470, Acc: 3.26%, Loss: 4.4721
Epoch: 2, Batch: 480, Acc: 3.25%, Loss: 4.4689
Epoch: 2, Batch: 490, Acc: 3.27%, Loss: 4.4722
Epoch: 2, Batch: 500, Acc: 3.27%, Loss: 4.4530
Epoch: 2, Batch: 510, Acc: 3.26%, Loss: 4.4758
Epoch: 2, Batch: 520, Acc: 3.28%, Loss: 4.4484
Epoch: 2, Batch: 530, Acc: 3.30%, Loss: 4.4447
Epoch: 2, Batch: 540, Acc: 3.33%, Loss: 4.4500
Epoch: 2, Batch: 550, Acc: 3.32%, Loss: 4.4618
Epoch: 2, Batch: 560, Acc: 3.32%, Loss: 4.4668
Epoch: 2, Batch: 570, Acc: 3.31%, Loss: 4.4519
Epoch: 2, Batch: 580, Acc: 3.32%, Loss: 4.4648
Epoch: 2, Batch: 590, Acc: 3.33%, Loss: 4.4682
Epoch: 2, Batch: 600, Acc: 3.32%, Loss: 4.4437
Epoch: 2, Batch: 610, Acc: 3.32%, Loss: 4.4569
Epoch: 2, Batch: 620, Acc: 3.32%, Loss: 4.4614
Epoch: 2, Batch: 630, Acc: 3.32%, Loss: 4.4609
Epoch: 2, Batch: 640, Acc: 3.32%, Loss: 4.4480
Epoch: 2, Batch: 650, Acc: 3.33%, Loss: 4.4218
Epoch: 2, Batch: 660, Acc: 3.33%, Loss: 4.4455
Epoch: 2, Batch: 670, Acc: 3.33%, Loss: 4.4543
Epoch: 2, Batch: 680, Acc: 3.35%, Loss: 4.4411
Epoch: 2, Batch: 690, Acc: 3.36%, Loss: 4.4514
Epoch: 2, Batch: 700, Acc: 3.37%, Loss: 4.4631
Epoch: 2, Batch: 710, Acc: 3.37%, Loss: 4.4325
Epoch: 2, Batch: 720, Acc: 3.38%, Loss: 4.4335
Epoch: 2, Batch: 730, Acc: 3.40%, Loss: 4.4360
Epoch: 2, Batch: 740, Acc: 3.41%, Loss: 4.4500
Epoch: 2, Batch: 750, Acc: 3.41%, Loss: 4.4582
Epoch: 2, Batch: 760, Acc: 3.40%, Loss: 4.4291
Epoch: 2, Batch: 770, Acc: 3.42%, Loss: 4.4488
Epoch: 2, Batch: 780, Acc: 3.43%, Loss: 4.4314
Accuracy on test set: 3.94%
Epoch: 3, Batch: 10, Acc: 2.97%, Loss: 4.4530
Epoch: 3, Batch: 20, Acc: 3.28%, Loss: 4.4423
Epoch: 3, Batch: 30, Acc: 3.28%, Loss: 4.4286
Epoch: 3, Batch: 40, Acc: 3.09%, Loss: 4.4402
Epoch: 3, Batch: 50, Acc: 3.16%, Loss: 4.4212
Epoch: 3, Batch: 60, Acc: 3.28%, Loss: 4.4638
Epoch: 3, Batch: 70, Acc: 3.46%, Loss: 4.4251
Epoch: 3, Batch: 80, Acc: 3.42%, Loss: 4.4475
Epoch: 3, Batch: 90, Acc: 3.35%, Loss: 4.4416
Epoch: 3, Batch: 100, Acc: 3.27%, Loss: 4.4151
Epoch: 3, Batch: 110, Acc: 3.41%, Loss: 4.4410
Epoch: 3, Batch: 120, Acc: 3.50%, Loss: 4.4411
Epoch: 3, Batch: 130, Acc: 3.53%, Loss: 4.4201
Epoch: 3, Batch: 140, Acc: 3.55%, Loss: 4.4380
Epoch: 3, Batch: 150, Acc: 3.68%, Loss: 4.4137
Epoch: 3, Batch: 160, Acc: 3.61%, Loss: 4.4423
Epoch: 3, Batch: 170, Acc: 3.62%, Loss: 4.4357
Epoch: 3, Batch: 180, Acc: 3.66%, Loss: 4.4264
Epoch: 3, Batch: 190, Acc: 3.63%, Loss: 4.4275
Epoch: 3, Batch: 200, Acc: 3.76%, Loss: 4.4181
Epoch: 3, Batch: 210, Acc: 3.76%, Loss: 4.4023
Epoch: 3, Batch: 220, Acc: 3.70%, Loss: 4.4251
Epoch: 3, Batch: 230, Acc: 3.72%, Loss: 4.3998
Epoch: 3, Batch: 240, Acc: 3.67%, Loss: 4.4427
Epoch: 3, Batch: 250, Acc: 3.67%, Loss: 4.4135
Epoch: 3, Batch: 260, Acc: 3.70%, Loss: 4.4107
Epoch: 3, Batch: 270, Acc: 3.72%, Loss: 4.4440
Epoch: 3, Batch: 280, Acc: 3.72%, Loss: 4.4144
Epoch: 3, Batch: 290, Acc: 3.70%, Loss: 4.4328
Epoch: 3, Batch: 300, Acc: 3.70%, Loss: 4.4100
Epoch: 3, Batch: 310, Acc: 3.72%, Loss: 4.4114
Epoch: 3, Batch: 320, Acc: 3.73%, Loss: 4.4128
Epoch: 3, Batch: 330, Acc: 3.71%, Loss: 4.4400
Epoch: 3, Batch: 340, Acc: 3.72%, Loss: 4.4016
Epoch: 3, Batch: 350, Acc: 3.69%, Loss: 4.4386
Epoch: 3, Batch: 360, Acc: 3.66%, Loss: 4.4334
Epoch: 3, Batch: 370, Acc: 3.67%, Loss: 4.4390
Epoch: 3, Batch: 380, Acc: 3.71%, Loss: 4.4290
Epoch: 3, Batch: 390, Acc: 3.71%, Loss: 4.4319
Epoch: 3, Batch: 400, Acc: 3.72%, Loss: 4.4211
Epoch: 3, Batch: 410, Acc: 3.73%, Loss: 4.4396
Epoch: 3, Batch: 420, Acc: 3.74%, Loss: 4.4217
Epoch: 3, Batch: 430, Acc: 3.74%, Loss: 4.4072
Epoch: 3, Batch: 440, Acc: 3.77%, Loss: 4.4007
Epoch: 3, Batch: 450, Acc: 3.76%, Loss: 4.4231
Epoch: 3, Batch: 460, Acc: 3.77%, Loss: 4.4284
Epoch: 3, Batch: 470, Acc: 3.74%, Loss: 4.4550
Epoch: 3, Batch: 480, Acc: 3.76%, Loss: 4.4139
Epoch: 3, Batch: 490, Acc: 3.75%, Loss: 4.4327
Epoch: 3, Batch: 500, Acc: 3.77%, Loss: 4.4172
Epoch: 3, Batch: 510, Acc: 3.77%, Loss: 4.4268
Epoch: 3, Batch: 520, Acc: 3.78%, Loss: 4.4237
Epoch: 3, Batch: 530, Acc: 3.77%, Loss: 4.4073
Epoch: 3, Batch: 540, Acc: 3.79%, Loss: 4.4045
Epoch: 3, Batch: 550, Acc: 3.78%, Loss: 4.4288
Epoch: 3, Batch: 560, Acc: 3.79%, Loss: 4.4122
Epoch: 3, Batch: 570, Acc: 3.82%, Loss: 4.4129
Epoch: 3, Batch: 580, Acc: 3.84%, Loss: 4.4063
Epoch: 3, Batch: 590, Acc: 3.85%, Loss: 4.3698
Epoch: 3, Batch: 600, Acc: 3.83%, Loss: 4.4131
Epoch: 3, Batch: 610, Acc: 3.83%, Loss: 4.4238
Epoch: 3, Batch: 620, Acc: 3.82%, Loss: 4.4030
Epoch: 3, Batch: 630, Acc: 3.81%, Loss: 4.4169
Epoch: 3, Batch: 640, Acc: 3.81%, Loss: 4.4065
Epoch: 3, Batch: 650, Acc: 3.82%, Loss: 4.4076
Epoch: 3, Batch: 660, Acc: 3.82%, Loss: 4.4155
Epoch: 3, Batch: 670, Acc: 3.82%, Loss: 4.4064
Epoch: 3, Batch: 680, Acc: 3.81%, Loss: 4.3879
Epoch: 3, Batch: 690, Acc: 3.81%, Loss: 4.3995
Epoch: 3, Batch: 700, Acc: 3.83%, Loss: 4.3821
Epoch: 3, Batch: 710, Acc: 3.83%, Loss: 4.4294
Epoch: 3, Batch: 720, Acc: 3.85%, Loss: 4.3675
Epoch: 3, Batch: 730, Acc: 3.86%, Loss: 4.4202
Epoch: 3, Batch: 740, Acc: 3.87%, Loss: 4.3965
Epoch: 3, Batch: 750, Acc: 3.86%, Loss: 4.4115
Epoch: 3, Batch: 760, Acc: 3.85%, Loss: 4.4297
Epoch: 3, Batch: 770, Acc: 3.85%, Loss: 4.4049
Epoch: 3, Batch: 780, Acc: 3.84%, Loss: 4.4051
Accuracy on test set: 4.31%
Epoch: 4, Batch: 10, Acc: 5.00%, Loss: 4.3849
Epoch: 4, Batch: 20, Acc: 4.53%, Loss: 4.3938
Epoch: 4, Batch: 30, Acc: 4.38%, Loss: 4.3757
Epoch: 4, Batch: 40, Acc: 4.34%, Loss: 4.4188
Epoch: 4, Batch: 50, Acc: 4.31%, Loss: 4.4150
Epoch: 4, Batch: 60, Acc: 4.17%, Loss: 4.4072
Epoch: 4, Batch: 70, Acc: 4.35%, Loss: 4.3526
Epoch: 4, Batch: 80, Acc: 4.30%, Loss: 4.3893
Epoch: 4, Batch: 90, Acc: 4.17%, Loss: 4.4077
Epoch: 4, Batch: 100, Acc: 4.14%, Loss: 4.4193
Epoch: 4, Batch: 110, Acc: 4.19%, Loss: 4.3960
Epoch: 4, Batch: 120, Acc: 4.17%, Loss: 4.4151
Epoch: 4, Batch: 130, Acc: 4.13%, Loss: 4.4140
Epoch: 4, Batch: 140, Acc: 4.14%, Loss: 4.3717
Epoch: 4, Batch: 150, Acc: 4.11%, Loss: 4.3961
Epoch: 4, Batch: 160, Acc: 4.12%, Loss: 4.3858
Epoch: 4, Batch: 170, Acc: 4.08%, Loss: 4.3858
Epoch: 4, Batch: 180, Acc: 4.03%, Loss: 4.3914
Epoch: 4, Batch: 190, Acc: 3.99%, Loss: 4.3931
Epoch: 4, Batch: 200, Acc: 4.07%, Loss: 4.3897
Epoch: 4, Batch: 210, Acc: 4.04%, Loss: 4.3965
Epoch: 4, Batch: 220, Acc: 4.11%, Loss: 4.3932
Epoch: 4, Batch: 230, Acc: 4.12%, Loss: 4.4007
Epoch: 4, Batch: 240, Acc: 4.11%, Loss: 4.3858
Epoch: 4, Batch: 250, Acc: 4.08%, Loss: 4.4072
Epoch: 4, Batch: 260, Acc: 4.08%, Loss: 4.3816
Epoch: 4, Batch: 270, Acc: 4.09%, Loss: 4.3685
Epoch: 4, Batch: 280, Acc: 4.09%, Loss: 4.3941
Epoch: 4, Batch: 290, Acc: 4.06%, Loss: 4.4009
Epoch: 4, Batch: 300, Acc: 4.02%, Loss: 4.4115
Epoch: 4, Batch: 310, Acc: 4.01%, Loss: 4.3852
Epoch: 4, Batch: 320, Acc: 4.03%, Loss: 4.3953
Epoch: 4, Batch: 330, Acc: 4.04%, Loss: 4.3811
Epoch: 4, Batch: 340, Acc: 4.08%, Loss: 4.4246
Epoch: 4, Batch: 350, Acc: 4.09%, Loss: 4.3873
Epoch: 4, Batch: 360, Acc: 4.11%, Loss: 4.4231
Epoch: 4, Batch: 370, Acc: 4.11%, Loss: 4.3924
Epoch: 4, Batch: 380, Acc: 4.14%, Loss: 4.3653
Epoch: 4, Batch: 390, Acc: 4.12%, Loss: 4.3683
Epoch: 4, Batch: 400, Acc: 4.12%, Loss: 4.4368
Epoch: 4, Batch: 410, Acc: 4.12%, Loss: 4.3976
Epoch: 4, Batch: 420, Acc: 4.13%, Loss: 4.3772
Epoch: 4, Batch: 430, Acc: 4.16%, Loss: 4.3788
Epoch: 4, Batch: 440, Acc: 4.16%, Loss: 4.3958
Epoch: 4, Batch: 450, Acc: 4.19%, Loss: 4.3588
Epoch: 4, Batch: 460, Acc: 4.19%, Loss: 4.3776
Epoch: 4, Batch: 470, Acc: 4.19%, Loss: 4.3709
Epoch: 4, Batch: 480, Acc: 4.23%, Loss: 4.3808
Epoch: 4, Batch: 490, Acc: 4.23%, Loss: 4.3521
Epoch: 4, Batch: 500, Acc: 4.23%, Loss: 4.3700
Epoch: 4, Batch: 510, Acc: 4.24%, Loss: 4.3731
Epoch: 4, Batch: 520, Acc: 4.23%, Loss: 4.3543
Epoch: 4, Batch: 530, Acc: 4.23%, Loss: 4.3849
Epoch: 4, Batch: 540, Acc: 4.24%, Loss: 4.3907
Epoch: 4, Batch: 550, Acc: 4.25%, Loss: 4.3738
Epoch: 4, Batch: 560, Acc: 4.24%, Loss: 4.3751
Epoch: 4, Batch: 570, Acc: 4.24%, Loss: 4.3903
Epoch: 4, Batch: 580, Acc: 4.23%, Loss: 4.3717
Epoch: 4, Batch: 590, Acc: 4.23%, Loss: 4.3831
Epoch: 4, Batch: 600, Acc: 4.22%, Loss: 4.4015
Epoch: 4, Batch: 610, Acc: 4.22%, Loss: 4.3802
Epoch: 4, Batch: 620, Acc: 4.23%, Loss: 4.3710
Epoch: 4, Batch: 630, Acc: 4.24%, Loss: 4.3730
Epoch: 4, Batch: 640, Acc: 4.25%, Loss: 4.3946
Epoch: 4, Batch: 650, Acc: 4.25%, Loss: 4.3997
Epoch: 4, Batch: 660, Acc: 4.26%, Loss: 4.3845
Epoch: 4, Batch: 670, Acc: 4.25%, Loss: 4.3747
Epoch: 4, Batch: 680, Acc: 4.24%, Loss: 4.4163
Epoch: 4, Batch: 690, Acc: 4.25%, Loss: 4.3757
Epoch: 4, Batch: 700, Acc: 4.23%, Loss: 4.3389
Epoch: 4, Batch: 710, Acc: 4.23%, Loss: 4.3637
Epoch: 4, Batch: 720, Acc: 4.23%, Loss: 4.3919
Epoch: 4, Batch: 730, Acc: 4.25%, Loss: 4.3982
Epoch: 4, Batch: 740, Acc: 4.24%, Loss: 4.4004
Epoch: 4, Batch: 750, Acc: 4.25%, Loss: 4.3508
Epoch: 4, Batch: 760, Acc: 4.25%, Loss: 4.4056
Epoch: 4, Batch: 770, Acc: 4.24%, Loss: 4.3800
Epoch: 4, Batch: 780, Acc: 4.27%, Loss: 4.3245
Accuracy on test set: 4.65%
Epoch: 5, Batch: 10, Acc: 4.53%, Loss: 4.3649
Epoch: 5, Batch: 20, Acc: 4.77%, Loss: 4.3275
Epoch: 5, Batch: 30, Acc: 4.84%, Loss: 4.3797
Epoch: 5, Batch: 40, Acc: 4.77%, Loss: 4.3734
Epoch: 5, Batch: 50, Acc: 4.53%, Loss: 4.3578
Epoch: 5, Batch: 60, Acc: 4.53%, Loss: 4.3836
Epoch: 5, Batch: 70, Acc: 4.58%, Loss: 4.3801
Epoch: 5, Batch: 80, Acc: 4.55%, Loss: 4.3908
Epoch: 5, Batch: 90, Acc: 4.62%, Loss: 4.3667
Epoch: 5, Batch: 100, Acc: 4.70%, Loss: 4.3365
Epoch: 5, Batch: 110, Acc: 4.55%, Loss: 4.3758
Epoch: 5, Batch: 120, Acc: 4.49%, Loss: 4.3586
Epoch: 5, Batch: 130, Acc: 4.47%, Loss: 4.3934
Epoch: 5, Batch: 140, Acc: 4.48%, Loss: 4.4121
Epoch: 5, Batch: 150, Acc: 4.52%, Loss: 4.3939
Epoch: 5, Batch: 160, Acc: 4.48%, Loss: 4.3504
Epoch: 5, Batch: 170, Acc: 4.55%, Loss: 4.3558
Epoch: 5, Batch: 180, Acc: 4.51%, Loss: 4.3603
Epoch: 5, Batch: 190, Acc: 4.56%, Loss: 4.3471
Epoch: 5, Batch: 200, Acc: 4.56%, Loss: 4.4018
Epoch: 5, Batch: 210, Acc: 4.53%, Loss: 4.3578
Epoch: 5, Batch: 220, Acc: 4.55%, Loss: 4.3476
Epoch: 5, Batch: 230, Acc: 4.52%, Loss: 4.3587
Epoch: 5, Batch: 240, Acc: 4.50%, Loss: 4.3405
Epoch: 5, Batch: 250, Acc: 4.46%, Loss: 4.3557
Epoch: 5, Batch: 260, Acc: 4.45%, Loss: 4.3927
Epoch: 5, Batch: 270, Acc: 4.42%, Loss: 4.3668
Epoch: 5, Batch: 280, Acc: 4.44%, Loss: 4.3527
Epoch: 5, Batch: 290, Acc: 4.41%, Loss: 4.3785
Epoch: 5, Batch: 300, Acc: 4.39%, Loss: 4.3664
Epoch: 5, Batch: 310, Acc: 4.48%, Loss: 4.3215
Epoch: 5, Batch: 320, Acc: 4.49%, Loss: 4.3680
Epoch: 5, Batch: 330, Acc: 4.53%, Loss: 4.3670
Epoch: 5, Batch: 340, Acc: 4.54%, Loss: 4.3771
Epoch: 5, Batch: 350, Acc: 4.59%, Loss: 4.3509
Epoch: 5, Batch: 360, Acc: 4.59%, Loss: 4.3891
Epoch: 5, Batch: 370, Acc: 4.57%, Loss: 4.3689
Epoch: 5, Batch: 380, Acc: 4.60%, Loss: 4.3732
Epoch: 5, Batch: 390, Acc: 4.59%, Loss: 4.4043
Epoch: 5, Batch: 400, Acc: 4.57%, Loss: 4.3530
Epoch: 5, Batch: 410, Acc: 4.59%, Loss: 4.3932
Epoch: 5, Batch: 420, Acc: 4.60%, Loss: 4.3939
Epoch: 5, Batch: 430, Acc: 4.61%, Loss: 4.4016
Epoch: 5, Batch: 440, Acc: 4.60%, Loss: 4.3520
Epoch: 5, Batch: 450, Acc: 4.58%, Loss: 4.3980
Epoch: 5, Batch: 460, Acc: 4.58%, Loss: 4.3686
Epoch: 5, Batch: 470, Acc: 4.58%, Loss: 4.3736
Epoch: 5, Batch: 480, Acc: 4.62%, Loss: 4.3613
Epoch: 5, Batch: 490, Acc: 4.62%, Loss: 4.3297
Epoch: 5, Batch: 500, Acc: 4.64%, Loss: 4.3540
Epoch: 5, Batch: 510, Acc: 4.66%, Loss: 4.3461
Epoch: 5, Batch: 520, Acc: 4.65%, Loss: 4.3759
Epoch: 5, Batch: 530, Acc: 4.65%, Loss: 4.3543
Epoch: 5, Batch: 540, Acc: 4.65%, Loss: 4.3420
Epoch: 5, Batch: 550, Acc: 4.65%, Loss: 4.3528
Epoch: 5, Batch: 560, Acc: 4.66%, Loss: 4.3399
Epoch: 5, Batch: 570, Acc: 4.65%, Loss: 4.3442
Epoch: 5, Batch: 580, Acc: 4.66%, Loss: 4.3749
Epoch: 5, Batch: 590, Acc: 4.63%, Loss: 4.4123
Epoch: 5, Batch: 600, Acc: 4.64%, Loss: 4.3553
Epoch: 5, Batch: 610, Acc: 4.66%, Loss: 4.3677
Epoch: 5, Batch: 620, Acc: 4.65%, Loss: 4.3730
Epoch: 5, Batch: 630, Acc: 4.65%, Loss: 4.3725
Epoch: 5, Batch: 640, Acc: 4.65%, Loss: 4.3301
Epoch: 5, Batch: 650, Acc: 4.67%, Loss: 4.3250
Epoch: 5, Batch: 660, Acc: 4.66%, Loss: 4.3475
Epoch: 5, Batch: 670, Acc: 4.66%, Loss: 4.3195
Epoch: 5, Batch: 680, Acc: 4.67%, Loss: 4.3785
Epoch: 5, Batch: 690, Acc: 4.67%, Loss: 4.3072
Epoch: 5, Batch: 700, Acc: 4.67%, Loss: 4.3351
Epoch: 5, Batch: 710, Acc: 4.67%, Loss: 4.3586
Epoch: 5, Batch: 720, Acc: 4.67%, Loss: 4.3258
Epoch: 5, Batch: 730, Acc: 4.66%, Loss: 4.3690
Epoch: 5, Batch: 740, Acc: 4.66%, Loss: 4.3555
Epoch: 5, Batch: 750, Acc: 4.67%, Loss: 4.4000
Epoch: 5, Batch: 760, Acc: 4.68%, Loss: 4.3446
Epoch: 5, Batch: 770, Acc: 4.68%, Loss: 4.3491
Epoch: 5, Batch: 780, Acc: 4.68%, Loss: 4.3579
Accuracy on test set: 4.86%
Epoch: 6, Batch: 10, Acc: 3.12%, Loss: 4.3757
Epoch: 6, Batch: 20, Acc: 3.67%, Loss: 4.3306
Epoch: 6, Batch: 30, Acc: 3.59%, Loss: 4.4099
Epoch: 6, Batch: 40, Acc: 3.91%, Loss: 4.3603
Epoch: 6, Batch: 50, Acc: 4.00%, Loss: 4.3539
Epoch: 6, Batch: 60, Acc: 4.27%, Loss: 4.3407
Epoch: 6, Batch: 70, Acc: 4.35%, Loss: 4.3375
Epoch: 6, Batch: 80, Acc: 4.67%, Loss: 4.3117
Epoch: 6, Batch: 90, Acc: 4.65%, Loss: 4.3630
Epoch: 6, Batch: 100, Acc: 4.83%, Loss: 4.3371
Epoch: 6, Batch: 110, Acc: 4.94%, Loss: 4.3364
Epoch: 6, Batch: 120, Acc: 4.95%, Loss: 4.3791
Epoch: 6, Batch: 130, Acc: 4.94%, Loss: 4.3320
Epoch: 6, Batch: 140, Acc: 4.90%, Loss: 4.3625
Epoch: 6, Batch: 150, Acc: 4.82%, Loss: 4.3816
Epoch: 6, Batch: 160, Acc: 4.81%, Loss: 4.3662
Epoch: 6, Batch: 170, Acc: 4.80%, Loss: 4.3491
Epoch: 6, Batch: 180, Acc: 4.84%, Loss: 4.3384
Epoch: 6, Batch: 190, Acc: 4.88%, Loss: 4.3628
Epoch: 6, Batch: 200, Acc: 4.88%, Loss: 4.3489
Epoch: 6, Batch: 210, Acc: 4.93%, Loss: 4.3700
Epoch: 6, Batch: 220, Acc: 4.95%, Loss: 4.3160
Epoch: 6, Batch: 230, Acc: 4.97%, Loss: 4.2937
Epoch: 6, Batch: 240, Acc: 4.92%, Loss: 4.3883
Epoch: 6, Batch: 250, Acc: 4.90%, Loss: 4.3418
Epoch: 6, Batch: 260, Acc: 4.92%, Loss: 4.3299
Epoch: 6, Batch: 270, Acc: 4.97%, Loss: 4.3125
Epoch: 6, Batch: 280, Acc: 4.94%, Loss: 4.3339
Epoch: 6, Batch: 290, Acc: 4.92%, Loss: 4.3440
Epoch: 6, Batch: 300, Acc: 4.94%, Loss: 4.3546
Epoch: 6, Batch: 310, Acc: 4.96%, Loss: 4.3240
Epoch: 6, Batch: 320, Acc: 4.92%, Loss: 4.3646
Epoch: 6, Batch: 330, Acc: 4.91%, Loss: 4.3542
Epoch: 6, Batch: 340, Acc: 4.90%, Loss: 4.3311
Epoch: 6, Batch: 350, Acc: 4.92%, Loss: 4.3584
Epoch: 6, Batch: 360, Acc: 4.94%, Loss: 4.2923
Epoch: 6, Batch: 370, Acc: 4.92%, Loss: 4.3618
Epoch: 6, Batch: 380, Acc: 4.96%, Loss: 4.3233
Epoch: 6, Batch: 390, Acc: 4.96%, Loss: 4.3579
Epoch: 6, Batch: 400, Acc: 4.95%, Loss: 4.3627
Epoch: 6, Batch: 410, Acc: 4.94%, Loss: 4.3436
Epoch: 6, Batch: 420, Acc: 4.96%, Loss: 4.3338
Epoch: 6, Batch: 430, Acc: 4.97%, Loss: 4.3494
Epoch: 6, Batch: 440, Acc: 4.96%, Loss: 4.3253
Epoch: 6, Batch: 450, Acc: 4.98%, Loss: 4.3384
Epoch: 6, Batch: 460, Acc: 4.96%, Loss: 4.3706
Epoch: 6, Batch: 470, Acc: 4.95%, Loss: 4.3387
Epoch: 6, Batch: 480, Acc: 4.93%, Loss: 4.3468
Epoch: 6, Batch: 490, Acc: 4.96%, Loss: 4.3248
Epoch: 6, Batch: 500, Acc: 4.97%, Loss: 4.3715
Epoch: 6, Batch: 510, Acc: 4.98%, Loss: 4.3296
Epoch: 6, Batch: 520, Acc: 4.96%, Loss: 4.3430
Epoch: 6, Batch: 530, Acc: 4.94%, Loss: 4.3454
Epoch: 6, Batch: 540, Acc: 4.95%, Loss: 4.3316
Epoch: 6, Batch: 550, Acc: 4.96%, Loss: 4.3384
Epoch: 6, Batch: 560, Acc: 4.96%, Loss: 4.3414
Epoch: 6, Batch: 570, Acc: 4.96%, Loss: 4.3631
Epoch: 6, Batch: 580, Acc: 4.96%, Loss: 4.3394
Epoch: 6, Batch: 590, Acc: 4.97%, Loss: 4.3229
Epoch: 6, Batch: 600, Acc: 4.96%, Loss: 4.3540
Epoch: 6, Batch: 610, Acc: 4.95%, Loss: 4.3539
Epoch: 6, Batch: 620, Acc: 4.93%, Loss: 4.3730
Epoch: 6, Batch: 630, Acc: 4.93%, Loss: 4.3353
Epoch: 6, Batch: 640, Acc: 4.92%, Loss: 4.3483
Epoch: 6, Batch: 650, Acc: 4.93%, Loss: 4.3478
Epoch: 6, Batch: 660, Acc: 4.90%, Loss: 4.3781
Epoch: 6, Batch: 670, Acc: 4.89%, Loss: 4.3371
Epoch: 6, Batch: 680, Acc: 4.89%, Loss: 4.3375
Epoch: 6, Batch: 690, Acc: 4.88%, Loss: 4.3439
Epoch: 6, Batch: 700, Acc: 4.85%, Loss: 4.3765
Epoch: 6, Batch: 710, Acc: 4.85%, Loss: 4.3364
Epoch: 6, Batch: 720, Acc: 4.85%, Loss: 4.3639
Epoch: 6, Batch: 730, Acc: 4.86%, Loss: 4.3113
Epoch: 6, Batch: 740, Acc: 4.86%, Loss: 4.3066
Epoch: 6, Batch: 750, Acc: 4.87%, Loss: 4.3595
Epoch: 6, Batch: 760, Acc: 4.88%, Loss: 4.3619
Epoch: 6, Batch: 770, Acc: 4.88%, Loss: 4.3657
Epoch: 6, Batch: 780, Acc: 4.87%, Loss: 4.3244
Accuracy on test set: 5.06%
Epoch: 7, Batch: 10, Acc: 3.75%, Loss: 4.3741
Epoch: 7, Batch: 20, Acc: 4.84%, Loss: 4.3144
Epoch: 7, Batch: 30, Acc: 5.21%, Loss: 4.3461
Epoch: 7, Batch: 40, Acc: 5.04%, Loss: 4.3408
Epoch: 7, Batch: 50, Acc: 4.91%, Loss: 4.3533
Epoch: 7, Batch: 60, Acc: 4.95%, Loss: 4.3164
Epoch: 7, Batch: 70, Acc: 4.96%, Loss: 4.3247
Epoch: 7, Batch: 80, Acc: 4.98%, Loss: 4.3119
Epoch: 7, Batch: 90, Acc: 5.00%, Loss: 4.3137
Epoch: 7, Batch: 100, Acc: 4.98%, Loss: 4.3279
Epoch: 7, Batch: 110, Acc: 4.96%, Loss: 4.3630
Epoch: 7, Batch: 120, Acc: 4.97%, Loss: 4.3157
Epoch: 7, Batch: 130, Acc: 4.93%, Loss: 4.3288
Epoch: 7, Batch: 140, Acc: 4.99%, Loss: 4.3598
Epoch: 7, Batch: 150, Acc: 4.95%, Loss: 4.3212
Epoch: 7, Batch: 160, Acc: 4.97%, Loss: 4.3359
Epoch: 7, Batch: 170, Acc: 4.98%, Loss: 4.3384
Epoch: 7, Batch: 180, Acc: 5.00%, Loss: 4.3297
Epoch: 7, Batch: 190, Acc: 4.96%, Loss: 4.3411
Epoch: 7, Batch: 200, Acc: 4.93%, Loss: 4.3541
Epoch: 7, Batch: 210, Acc: 4.97%, Loss: 4.3394
Epoch: 7, Batch: 220, Acc: 5.09%, Loss: 4.3243
Epoch: 7, Batch: 230, Acc: 5.05%, Loss: 4.2823
Epoch: 7, Batch: 240, Acc: 5.01%, Loss: 4.3450
Epoch: 7, Batch: 250, Acc: 5.01%, Loss: 4.3409
Epoch: 7, Batch: 260, Acc: 4.96%, Loss: 4.3526
Epoch: 7, Batch: 270, Acc: 5.01%, Loss: 4.3062
Epoch: 7, Batch: 280, Acc: 4.99%, Loss: 4.3279
Epoch: 7, Batch: 290, Acc: 4.98%, Loss: 4.3251
Epoch: 7, Batch: 300, Acc: 4.95%, Loss: 4.3111
Epoch: 7, Batch: 310, Acc: 4.94%, Loss: 4.3648
Epoch: 7, Batch: 320, Acc: 4.92%, Loss: 4.3425
Epoch: 7, Batch: 330, Acc: 4.88%, Loss: 4.3631
Epoch: 7, Batch: 340, Acc: 4.87%, Loss: 4.3185
Epoch: 7, Batch: 350, Acc: 4.87%, Loss: 4.3504
Epoch: 7, Batch: 360, Acc: 4.89%, Loss: 4.3350
Epoch: 7, Batch: 370, Acc: 4.88%, Loss: 4.3750
Epoch: 7, Batch: 380, Acc: 4.90%, Loss: 4.2921
Epoch: 7, Batch: 390, Acc: 4.93%, Loss: 4.3034
Epoch: 7, Batch: 400, Acc: 4.89%, Loss: 4.3436
Epoch: 7, Batch: 410, Acc: 4.88%, Loss: 4.3334
Epoch: 7, Batch: 420, Acc: 4.90%, Loss: 4.3337
Epoch: 7, Batch: 430, Acc: 4.91%, Loss: 4.3438
Epoch: 7, Batch: 440, Acc: 4.88%, Loss: 4.3576
Epoch: 7, Batch: 450, Acc: 4.85%, Loss: 4.3556
Epoch: 7, Batch: 460, Acc: 4.86%, Loss: 4.3404
Epoch: 7, Batch: 470, Acc: 4.87%, Loss: 4.3451
Epoch: 7, Batch: 480, Acc: 4.85%, Loss: 4.3679
Epoch: 7, Batch: 490, Acc: 4.86%, Loss: 4.3337
Epoch: 7, Batch: 500, Acc: 4.89%, Loss: 4.2401
Epoch: 7, Batch: 510, Acc: 4.89%, Loss: 4.3438
Epoch: 7, Batch: 520, Acc: 4.91%, Loss: 4.3142
Epoch: 7, Batch: 530, Acc: 4.89%, Loss: 4.3617
Epoch: 7, Batch: 540, Acc: 4.89%, Loss: 4.3068
Epoch: 7, Batch: 550, Acc: 4.89%, Loss: 4.2868
Epoch: 7, Batch: 560, Acc: 4.87%, Loss: 4.3128
Epoch: 7, Batch: 570, Acc: 4.88%, Loss: 4.3350
Epoch: 7, Batch: 580, Acc: 4.87%, Loss: 4.2963
Epoch: 7, Batch: 590, Acc: 4.85%, Loss: 4.3342
Epoch: 7, Batch: 600, Acc: 4.84%, Loss: 4.3594
Epoch: 7, Batch: 610, Acc: 4.86%, Loss: 4.2885
Epoch: 7, Batch: 620, Acc: 4.85%, Loss: 4.3571
Epoch: 7, Batch: 630, Acc: 4.85%, Loss: 4.3177
Epoch: 7, Batch: 640, Acc: 4.86%, Loss: 4.3359
Epoch: 7, Batch: 650, Acc: 4.85%, Loss: 4.3561
Epoch: 7, Batch: 660, Acc: 4.86%, Loss: 4.3507
Epoch: 7, Batch: 670, Acc: 4.87%, Loss: 4.3373
Epoch: 7, Batch: 680, Acc: 4.89%, Loss: 4.3045
Epoch: 7, Batch: 690, Acc: 4.90%, Loss: 4.3296
Epoch: 7, Batch: 700, Acc: 4.89%, Loss: 4.3445
Epoch: 7, Batch: 710, Acc: 4.90%, Loss: 4.3280
Epoch: 7, Batch: 720, Acc: 4.89%, Loss: 4.3191
Epoch: 7, Batch: 730, Acc: 4.90%, Loss: 4.3437
Epoch: 7, Batch: 740, Acc: 4.92%, Loss: 4.3149
Epoch: 7, Batch: 750, Acc: 4.94%, Loss: 4.3263
Epoch: 7, Batch: 760, Acc: 4.93%, Loss: 4.3116
Epoch: 7, Batch: 770, Acc: 4.93%, Loss: 4.3890
Epoch: 7, Batch: 780, Acc: 4.92%, Loss: 4.3564
Accuracy on test set: 5.54%
Epoch: 8, Batch: 10, Acc: 5.00%, Loss: 4.2925
Epoch: 8, Batch: 20, Acc: 5.08%, Loss: 4.3338
Epoch: 8, Batch: 30, Acc: 5.26%, Loss: 4.3365
Epoch: 8, Batch: 40, Acc: 5.31%, Loss: 4.2920
Epoch: 8, Batch: 50, Acc: 5.31%, Loss: 4.3169
Epoch: 8, Batch: 60, Acc: 5.55%, Loss: 4.3176
Epoch: 8, Batch: 70, Acc: 5.45%, Loss: 4.3254
Epoch: 8, Batch: 80, Acc: 5.76%, Loss: 4.3278
Epoch: 8, Batch: 90, Acc: 5.71%, Loss: 4.3403
Epoch: 8, Batch: 100, Acc: 5.88%, Loss: 4.2819
Epoch: 8, Batch: 110, Acc: 5.77%, Loss: 4.3362
Epoch: 8, Batch: 120, Acc: 5.76%, Loss: 4.3461
Epoch: 8, Batch: 130, Acc: 5.75%, Loss: 4.3274
Epoch: 8, Batch: 140, Acc: 5.71%, Loss: 4.3357
Epoch: 8, Batch: 150, Acc: 5.73%, Loss: 4.3516
Epoch: 8, Batch: 160, Acc: 5.65%, Loss: 4.3253
Epoch: 8, Batch: 170, Acc: 5.70%, Loss: 4.3212
Epoch: 8, Batch: 180, Acc: 5.77%, Loss: 4.2830
Epoch: 8, Batch: 190, Acc: 5.81%, Loss: 4.3158
Epoch: 8, Batch: 200, Acc: 5.72%, Loss: 4.3103
Epoch: 8, Batch: 210, Acc: 5.70%, Loss: 4.3501
Epoch: 8, Batch: 220, Acc: 5.60%, Loss: 4.3387
Epoch: 8, Batch: 230, Acc: 5.56%, Loss: 4.3442
Epoch: 8, Batch: 240, Acc: 5.49%, Loss: 4.3356
Epoch: 8, Batch: 250, Acc: 5.52%, Loss: 4.3125
Epoch: 8, Batch: 260, Acc: 5.44%, Loss: 4.3630
Epoch: 8, Batch: 270, Acc: 5.36%, Loss: 4.3722
Epoch: 8, Batch: 280, Acc: 5.41%, Loss: 4.3453
Epoch: 8, Batch: 290, Acc: 5.37%, Loss: 4.2966
Epoch: 8, Batch: 300, Acc: 5.37%, Loss: 4.3228
Epoch: 8, Batch: 310, Acc: 5.31%, Loss: 4.3588
Epoch: 8, Batch: 320, Acc: 5.35%, Loss: 4.3049
Epoch: 8, Batch: 330, Acc: 5.32%, Loss: 4.3116
Epoch: 8, Batch: 340, Acc: 5.31%, Loss: 4.3109
Epoch: 8, Batch: 350, Acc: 5.33%, Loss: 4.2830
Epoch: 8, Batch: 360, Acc: 5.29%, Loss: 4.2982
Epoch: 8, Batch: 370, Acc: 5.29%, Loss: 4.3563
Epoch: 8, Batch: 380, Acc: 5.28%, Loss: 4.3006
Epoch: 8, Batch: 390, Acc: 5.25%, Loss: 4.2817
Epoch: 8, Batch: 400, Acc: 5.23%, Loss: 4.3482
Epoch: 8, Batch: 410, Acc: 5.22%, Loss: 4.3650
Epoch: 8, Batch: 420, Acc: 5.19%, Loss: 4.3224
Epoch: 8, Batch: 430, Acc: 5.20%, Loss: 4.2882
Epoch: 8, Batch: 440, Acc: 5.21%, Loss: 4.3162
Epoch: 8, Batch: 450, Acc: 5.21%, Loss: 4.2870
Epoch: 8, Batch: 460, Acc: 5.21%, Loss: 4.3363
Epoch: 8, Batch: 470, Acc: 5.20%, Loss: 4.3179
Epoch: 8, Batch: 480, Acc: 5.19%, Loss: 4.3464
Epoch: 8, Batch: 490, Acc: 5.16%, Loss: 4.3246
Epoch: 8, Batch: 500, Acc: 5.17%, Loss: 4.3279
Epoch: 8, Batch: 510, Acc: 5.17%, Loss: 4.3506
Epoch: 8, Batch: 520, Acc: 5.17%, Loss: 4.3086
Epoch: 8, Batch: 530, Acc: 5.19%, Loss: 4.2581
Epoch: 8, Batch: 540, Acc: 5.21%, Loss: 4.3057
Epoch: 8, Batch: 550, Acc: 5.21%, Loss: 4.3315
Epoch: 8, Batch: 560, Acc: 5.19%, Loss: 4.3314
Epoch: 8, Batch: 570, Acc: 5.19%, Loss: 4.3192
Epoch: 8, Batch: 580, Acc: 5.19%, Loss: 4.3224
Epoch: 8, Batch: 590, Acc: 5.17%, Loss: 4.3819
Epoch: 8, Batch: 600, Acc: 5.17%, Loss: 4.3462
Epoch: 8, Batch: 610, Acc: 5.19%, Loss: 4.3091
Epoch: 8, Batch: 620, Acc: 5.19%, Loss: 4.2961
Epoch: 8, Batch: 630, Acc: 5.20%, Loss: 4.3054
Epoch: 8, Batch: 640, Acc: 5.24%, Loss: 4.2834
Epoch: 8, Batch: 650, Acc: 5.23%, Loss: 4.3256
Epoch: 8, Batch: 660, Acc: 5.22%, Loss: 4.3292
Epoch: 8, Batch: 670, Acc: 5.21%, Loss: 4.2813
Epoch: 8, Batch: 680, Acc: 5.19%, Loss: 4.3309
Epoch: 8, Batch: 690, Acc: 5.19%, Loss: 4.3117
Epoch: 8, Batch: 700, Acc: 5.22%, Loss: 4.3148
Epoch: 8, Batch: 710, Acc: 5.23%, Loss: 4.3279
Epoch: 8, Batch: 720, Acc: 5.23%, Loss: 4.3171
Epoch: 8, Batch: 730, Acc: 5.21%, Loss: 4.3632
Epoch: 8, Batch: 740, Acc: 5.21%, Loss: 4.3520
Epoch: 8, Batch: 750, Acc: 5.19%, Loss: 4.3284
Epoch: 8, Batch: 760, Acc: 5.19%, Loss: 4.3276
Epoch: 8, Batch: 770, Acc: 5.21%, Loss: 4.2537
Epoch: 8, Batch: 780, Acc: 5.22%, Loss: 4.3236
Accuracy on test set: 5.31%
Epoch: 9, Batch: 10, Acc: 4.06%, Loss: 4.3266
Epoch: 9, Batch: 20, Acc: 4.92%, Loss: 4.2990
Epoch: 9, Batch: 30, Acc: 4.79%, Loss: 4.2967
Epoch: 9, Batch: 40, Acc: 5.08%, Loss: 4.2588
Epoch: 9, Batch: 50, Acc: 4.94%, Loss: 4.3647
Epoch: 9, Batch: 60, Acc: 5.03%, Loss: 4.3010
Epoch: 9, Batch: 70, Acc: 5.07%, Loss: 4.3371
Epoch: 9, Batch: 80, Acc: 5.02%, Loss: 4.3138
Epoch: 9, Batch: 90, Acc: 4.98%, Loss: 4.3118
Epoch: 9, Batch: 100, Acc: 4.80%, Loss: 4.3242
Epoch: 9, Batch: 110, Acc: 4.91%, Loss: 4.3423
Epoch: 9, Batch: 120, Acc: 4.87%, Loss: 4.3104
Epoch: 9, Batch: 130, Acc: 4.83%, Loss: 4.3594
Epoch: 9, Batch: 140, Acc: 4.88%, Loss: 4.3126
Epoch: 9, Batch: 150, Acc: 4.90%, Loss: 4.2990
Epoch: 9, Batch: 160, Acc: 4.88%, Loss: 4.3211
Epoch: 9, Batch: 170, Acc: 4.89%, Loss: 4.3131
Epoch: 9, Batch: 180, Acc: 4.92%, Loss: 4.3058
Epoch: 9, Batch: 190, Acc: 5.02%, Loss: 4.3094
Epoch: 9, Batch: 200, Acc: 4.98%, Loss: 4.3447
Epoch: 9, Batch: 210, Acc: 5.07%, Loss: 4.3225
Epoch: 9, Batch: 220, Acc: 5.08%, Loss: 4.2839
Epoch: 9, Batch: 230, Acc: 5.07%, Loss: 4.3147
Epoch: 9, Batch: 240, Acc: 5.10%, Loss: 4.3060
Epoch: 9, Batch: 250, Acc: 5.14%, Loss: 4.3088
Epoch: 9, Batch: 260, Acc: 5.13%, Loss: 4.3237
Epoch: 9, Batch: 270, Acc: 5.15%, Loss: 4.2983
Epoch: 9, Batch: 280, Acc: 5.13%, Loss: 4.3377
Epoch: 9, Batch: 290, Acc: 5.13%, Loss: 4.2960
Epoch: 9, Batch: 300, Acc: 5.10%, Loss: 4.3886
Epoch: 9, Batch: 310, Acc: 5.06%, Loss: 4.3410
Epoch: 9, Batch: 320, Acc: 5.06%, Loss: 4.3357
Epoch: 9, Batch: 330, Acc: 5.05%, Loss: 4.2985
Epoch: 9, Batch: 340, Acc: 5.01%, Loss: 4.3151
Epoch: 9, Batch: 350, Acc: 5.00%, Loss: 4.3343
Epoch: 9, Batch: 360, Acc: 4.99%, Loss: 4.3216
Epoch: 9, Batch: 370, Acc: 5.01%, Loss: 4.3059
Epoch: 9, Batch: 380, Acc: 5.00%, Loss: 4.2713
Epoch: 9, Batch: 390, Acc: 5.01%, Loss: 4.3145
Epoch: 9, Batch: 400, Acc: 5.01%, Loss: 4.3245
Epoch: 9, Batch: 410, Acc: 5.02%, Loss: 4.2815
Epoch: 9, Batch: 420, Acc: 5.00%, Loss: 4.3217
Epoch: 9, Batch: 430, Acc: 5.01%, Loss: 4.2990
Epoch: 9, Batch: 440, Acc: 4.99%, Loss: 4.3217
Epoch: 9, Batch: 450, Acc: 4.98%, Loss: 4.3637
Epoch: 9, Batch: 460, Acc: 4.96%, Loss: 4.3717
Epoch: 9, Batch: 470, Acc: 4.96%, Loss: 4.3313
Epoch: 9, Batch: 480, Acc: 4.96%, Loss: 4.3309
Epoch: 9, Batch: 490, Acc: 5.00%, Loss: 4.2742
Epoch: 9, Batch: 500, Acc: 5.00%, Loss: 4.3774
Epoch: 9, Batch: 510, Acc: 4.99%, Loss: 4.3144
Epoch: 9, Batch: 520, Acc: 5.00%, Loss: 4.2951
Epoch: 9, Batch: 530, Acc: 4.99%, Loss: 4.3078
Epoch: 9, Batch: 540, Acc: 5.01%, Loss: 4.3297
Epoch: 9, Batch: 550, Acc: 5.01%, Loss: 4.2871
Epoch: 9, Batch: 560, Acc: 5.01%, Loss: 4.3164
Epoch: 9, Batch: 570, Acc: 5.00%, Loss: 4.3171
Epoch: 9, Batch: 580, Acc: 5.04%, Loss: 4.2496
Epoch: 9, Batch: 590, Acc: 5.04%, Loss: 4.2935
Epoch: 9, Batch: 600, Acc: 5.03%, Loss: 4.3198
Epoch: 9, Batch: 610, Acc: 5.04%, Loss: 4.2978
Epoch: 9, Batch: 620, Acc: 5.04%, Loss: 4.3427
Epoch: 9, Batch: 630, Acc: 5.03%, Loss: 4.3232
Epoch: 9, Batch: 640, Acc: 5.04%, Loss: 4.3063
Epoch: 9, Batch: 650, Acc: 5.05%, Loss: 4.2785
Epoch: 9, Batch: 660, Acc: 5.07%, Loss: 4.2496
Epoch: 9, Batch: 670, Acc: 5.09%, Loss: 4.3382
Epoch: 9, Batch: 680, Acc: 5.08%, Loss: 4.2886
Epoch: 9, Batch: 690, Acc: 5.09%, Loss: 4.3105
Epoch: 9, Batch: 700, Acc: 5.12%, Loss: 4.2459
Epoch: 9, Batch: 710, Acc: 5.11%, Loss: 4.3453
Epoch: 9, Batch: 720, Acc: 5.13%, Loss: 4.2771
Epoch: 9, Batch: 730, Acc: 5.15%, Loss: 4.2998
Epoch: 9, Batch: 740, Acc: 5.15%, Loss: 4.3068
Epoch: 9, Batch: 750, Acc: 5.16%, Loss: 4.2989
Epoch: 9, Batch: 760, Acc: 5.18%, Loss: 4.2811
Epoch: 9, Batch: 770, Acc: 5.16%, Loss: 4.3593
Epoch: 9, Batch: 780, Acc: 5.16%, Loss: 4.2951
Accuracy on test set: 5.65%
Epoch: 10, Batch: 10, Acc: 4.84%, Loss: 4.3347
Epoch: 10, Batch: 20, Acc: 4.53%, Loss: 4.3283
Epoch: 10, Batch: 30, Acc: 4.32%, Loss: 4.3417
Epoch: 10, Batch: 40, Acc: 4.61%, Loss: 4.3366
Epoch: 10, Batch: 50, Acc: 4.94%, Loss: 4.3095
Epoch: 10, Batch: 60, Acc: 5.03%, Loss: 4.2832
Epoch: 10, Batch: 70, Acc: 4.93%, Loss: 4.2958
Epoch: 10, Batch: 80, Acc: 5.02%, Loss: 4.3025
Epoch: 10, Batch: 90, Acc: 5.02%, Loss: 4.3062
Epoch: 10, Batch: 100, Acc: 5.23%, Loss: 4.2498
Epoch: 10, Batch: 110, Acc: 5.30%, Loss: 4.3385
Epoch: 10, Batch: 120, Acc: 5.26%, Loss: 4.3471
Epoch: 10, Batch: 130, Acc: 5.24%, Loss: 4.3429
Epoch: 10, Batch: 140, Acc: 5.17%, Loss: 4.3139
Epoch: 10, Batch: 150, Acc: 5.10%, Loss: 4.3533
Epoch: 10, Batch: 160, Acc: 5.08%, Loss: 4.2909
Epoch: 10, Batch: 170, Acc: 5.13%, Loss: 4.2993
Epoch: 10, Batch: 180, Acc: 5.17%, Loss: 4.2914
Epoch: 10, Batch: 190, Acc: 5.25%, Loss: 4.2477
Epoch: 10, Batch: 200, Acc: 5.35%, Loss: 4.2584
Epoch: 10, Batch: 210, Acc: 5.33%, Loss: 4.3537
Epoch: 10, Batch: 220, Acc: 5.43%, Loss: 4.2743
Epoch: 10, Batch: 230, Acc: 5.46%, Loss: 4.2634
Epoch: 10, Batch: 240, Acc: 5.45%, Loss: 4.3123
Epoch: 10, Batch: 250, Acc: 5.45%, Loss: 4.2791
Epoch: 10, Batch: 260, Acc: 5.45%, Loss: 4.3067
Epoch: 10, Batch: 270, Acc: 5.50%, Loss: 4.3043
Epoch: 10, Batch: 280, Acc: 5.47%, Loss: 4.3110
Epoch: 10, Batch: 290, Acc: 5.51%, Loss: 4.3286
Epoch: 10, Batch: 300, Acc: 5.48%, Loss: 4.3275
Epoch: 10, Batch: 310, Acc: 5.47%, Loss: 4.3134
Epoch: 10, Batch: 320, Acc: 5.51%, Loss: 4.2766
Epoch: 10, Batch: 330, Acc: 5.50%, Loss: 4.2822
Epoch: 10, Batch: 340, Acc: 5.53%, Loss: 4.2387
Epoch: 10, Batch: 350, Acc: 5.52%, Loss: 4.3116
Epoch: 10, Batch: 360, Acc: 5.49%, Loss: 4.2959
Epoch: 10, Batch: 370, Acc: 5.51%, Loss: 4.2812
Epoch: 10, Batch: 380, Acc: 5.54%, Loss: 4.2584
Epoch: 10, Batch: 390, Acc: 5.53%, Loss: 4.2934
Epoch: 10, Batch: 400, Acc: 5.52%, Loss: 4.2535
Epoch: 10, Batch: 410, Acc: 5.53%, Loss: 4.2926
Epoch: 10, Batch: 420, Acc: 5.51%, Loss: 4.2902
Epoch: 10, Batch: 430, Acc: 5.49%, Loss: 4.2842
Epoch: 10, Batch: 440, Acc: 5.49%, Loss: 4.3172
Epoch: 10, Batch: 450, Acc: 5.47%, Loss: 4.3058
Epoch: 10, Batch: 460, Acc: 5.46%, Loss: 4.2988
Epoch: 10, Batch: 470, Acc: 5.43%, Loss: 4.3464
Epoch: 10, Batch: 480, Acc: 5.42%, Loss: 4.3257
Epoch: 10, Batch: 490, Acc: 5.43%, Loss: 4.2578
Epoch: 10, Batch: 500, Acc: 5.43%, Loss: 4.2685
Epoch: 10, Batch: 510, Acc: 5.47%, Loss: 4.3079
Epoch: 10, Batch: 520, Acc: 5.44%, Loss: 4.3210
Epoch: 10, Batch: 530, Acc: 5.44%, Loss: 4.3040
Epoch: 10, Batch: 540, Acc: 5.43%, Loss: 4.3301
Epoch: 10, Batch: 550, Acc: 5.44%, Loss: 4.3026
Epoch: 10, Batch: 560, Acc: 5.41%, Loss: 4.3547
Epoch: 10, Batch: 570, Acc: 5.40%, Loss: 4.3575
Epoch: 10, Batch: 580, Acc: 5.39%, Loss: 4.3285
Epoch: 10, Batch: 590, Acc: 5.39%, Loss: 4.3049
Epoch: 10, Batch: 600, Acc: 5.40%, Loss: 4.2697
Epoch: 10, Batch: 610, Acc: 5.42%, Loss: 4.2958
Epoch: 10, Batch: 620, Acc: 5.41%, Loss: 4.3323
Epoch: 10, Batch: 630, Acc: 5.38%, Loss: 4.3297
Epoch: 10, Batch: 640, Acc: 5.38%, Loss: 4.3190
Epoch: 10, Batch: 650, Acc: 5.37%, Loss: 4.2995
Epoch: 10, Batch: 660, Acc: 5.35%, Loss: 4.3190
Epoch: 10, Batch: 670, Acc: 5.36%, Loss: 4.3540
Epoch: 10, Batch: 680, Acc: 5.36%, Loss: 4.2972
Epoch: 10, Batch: 690, Acc: 5.35%, Loss: 4.3264
Epoch: 10, Batch: 700, Acc: 5.34%, Loss: 4.3384
Epoch: 10, Batch: 710, Acc: 5.35%, Loss: 4.2863
Epoch: 10, Batch: 720, Acc: 5.36%, Loss: 4.3367
Epoch: 10, Batch: 730, Acc: 5.37%, Loss: 4.2394
Epoch: 10, Batch: 740, Acc: 5.36%, Loss: 4.3231
Epoch: 10, Batch: 750, Acc: 5.36%, Loss: 4.3063
Epoch: 10, Batch: 760, Acc: 5.39%, Loss: 4.2926
Epoch: 10, Batch: 770, Acc: 5.37%, Loss: 4.3696
Epoch: 10, Batch: 780, Acc: 5.38%, Loss: 4.2835
Accuracy on test set: 5.52%
Epoch: 11, Batch: 10, Acc: 4.53%, Loss: 4.2971
Epoch: 11, Batch: 20, Acc: 5.00%, Loss: 4.2926
Epoch: 11, Batch: 30, Acc: 4.53%, Loss: 4.3711
Epoch: 11, Batch: 40, Acc: 4.65%, Loss: 4.2986
Epoch: 11, Batch: 50, Acc: 4.66%, Loss: 4.2936
Epoch: 11, Batch: 60, Acc: 4.87%, Loss: 4.2830
Epoch: 11, Batch: 70, Acc: 4.71%, Loss: 4.3188
Epoch: 11, Batch: 80, Acc: 4.80%, Loss: 4.3349
Epoch: 11, Batch: 90, Acc: 4.91%, Loss: 4.2477
Epoch: 11, Batch: 100, Acc: 4.81%, Loss: 4.3344
Epoch: 11, Batch: 110, Acc: 4.70%, Loss: 4.3206
Epoch: 11, Batch: 120, Acc: 4.75%, Loss: 4.2988
Epoch: 11, Batch: 130, Acc: 4.78%, Loss: 4.3002
Epoch: 11, Batch: 140, Acc: 4.83%, Loss: 4.3025
Epoch: 11, Batch: 150, Acc: 4.85%, Loss: 4.2662
Epoch: 11, Batch: 160, Acc: 4.91%, Loss: 4.3182
Epoch: 11, Batch: 170, Acc: 5.02%, Loss: 4.2758
Epoch: 11, Batch: 180, Acc: 5.01%, Loss: 4.2590
Epoch: 11, Batch: 190, Acc: 4.96%, Loss: 4.3242
Epoch: 11, Batch: 200, Acc: 5.00%, Loss: 4.3070
Epoch: 11, Batch: 210, Acc: 5.06%, Loss: 4.2855
Epoch: 11, Batch: 220, Acc: 5.10%, Loss: 4.2782
Epoch: 11, Batch: 230, Acc: 5.12%, Loss: 4.3174
Epoch: 11, Batch: 240, Acc: 5.18%, Loss: 4.2512
Epoch: 11, Batch: 250, Acc: 5.17%, Loss: 4.2899
Epoch: 11, Batch: 260, Acc: 5.14%, Loss: 4.2931
Epoch: 11, Batch: 270, Acc: 5.17%, Loss: 4.2788
Epoch: 11, Batch: 280, Acc: 5.18%, Loss: 4.3326
Epoch: 11, Batch: 290, Acc: 5.23%, Loss: 4.2880
Epoch: 11, Batch: 300, Acc: 5.24%, Loss: 4.3173
Epoch: 11, Batch: 310, Acc: 5.27%, Loss: 4.3149
Epoch: 11, Batch: 320, Acc: 5.27%, Loss: 4.2958
Epoch: 11, Batch: 330, Acc: 5.31%, Loss: 4.2774
Epoch: 11, Batch: 340, Acc: 5.31%, Loss: 4.3379
Epoch: 11, Batch: 350, Acc: 5.34%, Loss: 4.2996
Epoch: 11, Batch: 360, Acc: 5.36%, Loss: 4.2483
Epoch: 11, Batch: 370, Acc: 5.33%, Loss: 4.3063
Epoch: 11, Batch: 380, Acc: 5.29%, Loss: 4.3170
Epoch: 11, Batch: 390, Acc: 5.27%, Loss: 4.2883
Epoch: 11, Batch: 400, Acc: 5.27%, Loss: 4.3056
Epoch: 11, Batch: 410, Acc: 5.27%, Loss: 4.3087
Epoch: 11, Batch: 420, Acc: 5.26%, Loss: 4.3329
Epoch: 11, Batch: 430, Acc: 5.26%, Loss: 4.3206
Epoch: 11, Batch: 440, Acc: 5.26%, Loss: 4.3086
Epoch: 11, Batch: 450, Acc: 5.28%, Loss: 4.2757
Epoch: 11, Batch: 460, Acc: 5.25%, Loss: 4.3404
Epoch: 11, Batch: 470, Acc: 5.25%, Loss: 4.3339
Epoch: 11, Batch: 480, Acc: 5.25%, Loss: 4.2807
Epoch: 11, Batch: 490, Acc: 5.28%, Loss: 4.3203
Epoch: 11, Batch: 500, Acc: 5.26%, Loss: 4.3105
Epoch: 11, Batch: 510, Acc: 5.22%, Loss: 4.2942
Epoch: 11, Batch: 520, Acc: 5.23%, Loss: 4.3033
Epoch: 11, Batch: 530, Acc: 5.23%, Loss: 4.2922
Epoch: 11, Batch: 540, Acc: 5.24%, Loss: 4.3065
Epoch: 11, Batch: 550, Acc: 5.25%, Loss: 4.3040
Epoch: 11, Batch: 560, Acc: 5.24%, Loss: 4.3421
Epoch: 11, Batch: 570, Acc: 5.25%, Loss: 4.3043
Epoch: 11, Batch: 580, Acc: 5.27%, Loss: 4.2884
Epoch: 11, Batch: 590, Acc: 5.27%, Loss: 4.3214
Epoch: 11, Batch: 600, Acc: 5.28%, Loss: 4.2925
Epoch: 11, Batch: 610, Acc: 5.32%, Loss: 4.2558
Epoch: 11, Batch: 620, Acc: 5.31%, Loss: 4.3049
Epoch: 11, Batch: 630, Acc: 5.33%, Loss: 4.2911
Epoch: 11, Batch: 640, Acc: 5.33%, Loss: 4.3295
Epoch: 11, Batch: 650, Acc: 5.31%, Loss: 4.3255
Epoch: 11, Batch: 660, Acc: 5.33%, Loss: 4.3029
Epoch: 11, Batch: 670, Acc: 5.34%, Loss: 4.2660
Epoch: 11, Batch: 680, Acc: 5.37%, Loss: 4.2755
Epoch: 11, Batch: 690, Acc: 5.36%, Loss: 4.2762
Epoch: 11, Batch: 700, Acc: 5.37%, Loss: 4.3023
Epoch: 11, Batch: 710, Acc: 5.37%, Loss: 4.3107
Epoch: 11, Batch: 720, Acc: 5.38%, Loss: 4.2987
Epoch: 11, Batch: 730, Acc: 5.41%, Loss: 4.2919
Epoch: 11, Batch: 740, Acc: 5.42%, Loss: 4.2537
Epoch: 11, Batch: 750, Acc: 5.42%, Loss: 4.3119
Epoch: 11, Batch: 760, Acc: 5.43%, Loss: 4.2683
Epoch: 11, Batch: 770, Acc: 5.43%, Loss: 4.2625
Epoch: 11, Batch: 780, Acc: 5.42%, Loss: 4.2674
Accuracy on test set: 5.53%
Epoch: 12, Batch: 10, Acc: 6.72%, Loss: 4.2763
Epoch: 12, Batch: 20, Acc: 6.25%, Loss: 4.2843
Epoch: 12, Batch: 30, Acc: 5.89%, Loss: 4.2695
Epoch: 12, Batch: 40, Acc: 5.94%, Loss: 4.3386
Epoch: 12, Batch: 50, Acc: 5.69%, Loss: 4.3021
Epoch: 12, Batch: 60, Acc: 5.81%, Loss: 4.2900
Epoch: 12, Batch: 70, Acc: 5.71%, Loss: 4.2682
Epoch: 12, Batch: 80, Acc: 5.51%, Loss: 4.3375
Epoch: 12, Batch: 90, Acc: 5.49%, Loss: 4.3126
Epoch: 12, Batch: 100, Acc: 5.44%, Loss: 4.3035
Epoch: 12, Batch: 110, Acc: 5.44%, Loss: 4.3016
Epoch: 12, Batch: 120, Acc: 5.39%, Loss: 4.2995
Epoch: 12, Batch: 130, Acc: 5.34%, Loss: 4.2850
Epoch: 12, Batch: 140, Acc: 5.37%, Loss: 4.2901
Epoch: 12, Batch: 150, Acc: 5.43%, Loss: 4.2796
Epoch: 12, Batch: 160, Acc: 5.51%, Loss: 4.2926
Epoch: 12, Batch: 170, Acc: 5.51%, Loss: 4.3301
Epoch: 12, Batch: 180, Acc: 5.44%, Loss: 4.2892
Epoch: 12, Batch: 190, Acc: 5.48%, Loss: 4.2749
Epoch: 12, Batch: 200, Acc: 5.52%, Loss: 4.3210
Epoch: 12, Batch: 210, Acc: 5.53%, Loss: 4.2977
Epoch: 12, Batch: 220, Acc: 5.56%, Loss: 4.2844
Epoch: 12, Batch: 230, Acc: 5.62%, Loss: 4.2728
Epoch: 12, Batch: 240, Acc: 5.55%, Loss: 4.3314
Epoch: 12, Batch: 250, Acc: 5.59%, Loss: 4.2633
Epoch: 12, Batch: 260, Acc: 5.58%, Loss: 4.2956
Epoch: 12, Batch: 270, Acc: 5.54%, Loss: 4.2968
Epoch: 12, Batch: 280, Acc: 5.52%, Loss: 4.2760
Epoch: 12, Batch: 290, Acc: 5.51%, Loss: 4.3445
Epoch: 12, Batch: 300, Acc: 5.53%, Loss: 4.2424
Epoch: 12, Batch: 310, Acc: 5.56%, Loss: 4.2526
Epoch: 12, Batch: 320, Acc: 5.58%, Loss: 4.3474
Epoch: 12, Batch: 330, Acc: 5.57%, Loss: 4.2533
Epoch: 12, Batch: 340, Acc: 5.61%, Loss: 4.2801
Epoch: 12, Batch: 350, Acc: 5.62%, Loss: 4.2757
Epoch: 12, Batch: 360, Acc: 5.66%, Loss: 4.2690
Epoch: 12, Batch: 370, Acc: 5.65%, Loss: 4.2608
Epoch: 12, Batch: 380, Acc: 5.66%, Loss: 4.3186
Epoch: 12, Batch: 390, Acc: 5.64%, Loss: 4.3319
Epoch: 12, Batch: 400, Acc: 5.59%, Loss: 4.3396
Epoch: 12, Batch: 410, Acc: 5.59%, Loss: 4.2885
Epoch: 12, Batch: 420, Acc: 5.57%, Loss: 4.2900
Epoch: 12, Batch: 430, Acc: 5.58%, Loss: 4.2998
Epoch: 12, Batch: 440, Acc: 5.59%, Loss: 4.2906
Epoch: 12, Batch: 450, Acc: 5.58%, Loss: 4.3256
Epoch: 12, Batch: 460, Acc: 5.59%, Loss: 4.3238
Epoch: 12, Batch: 470, Acc: 5.60%, Loss: 4.2987
Epoch: 12, Batch: 480, Acc: 5.60%, Loss: 4.2683
Epoch: 12, Batch: 490, Acc: 5.62%, Loss: 4.3124
Epoch: 12, Batch: 500, Acc: 5.64%, Loss: 4.3122
Epoch: 12, Batch: 510, Acc: 5.61%, Loss: 4.3258
Epoch: 12, Batch: 520, Acc: 5.60%, Loss: 4.3101
Epoch: 12, Batch: 530, Acc: 5.58%, Loss: 4.3312
Epoch: 12, Batch: 540, Acc: 5.59%, Loss: 4.3241
Epoch: 12, Batch: 550, Acc: 5.60%, Loss: 4.2984
Epoch: 12, Batch: 560, Acc: 5.61%, Loss: 4.3104
Epoch: 12, Batch: 570, Acc: 5.62%, Loss: 4.2738
Epoch: 12, Batch: 580, Acc: 5.62%, Loss: 4.2807
Epoch: 12, Batch: 590, Acc: 5.63%, Loss: 4.2848
Epoch: 12, Batch: 600, Acc: 5.65%, Loss: 4.2927
Epoch: 12, Batch: 610, Acc: 5.63%, Loss: 4.2744
Epoch: 12, Batch: 620, Acc: 5.62%, Loss: 4.3087
Epoch: 12, Batch: 630, Acc: 5.63%, Loss: 4.2660
Epoch: 12, Batch: 640, Acc: 5.63%, Loss: 4.2960
Epoch: 12, Batch: 650, Acc: 5.64%, Loss: 4.2487
Epoch: 12, Batch: 660, Acc: 5.66%, Loss: 4.2605
Epoch: 12, Batch: 670, Acc: 5.65%, Loss: 4.2919
Epoch: 12, Batch: 680, Acc: 5.65%, Loss: 4.2661
Epoch: 12, Batch: 690, Acc: 5.64%, Loss: 4.2831
Epoch: 12, Batch: 700, Acc: 5.63%, Loss: 4.2822
Epoch: 12, Batch: 710, Acc: 5.65%, Loss: 4.2844
Epoch: 12, Batch: 720, Acc: 5.67%, Loss: 4.2972
Epoch: 12, Batch: 730, Acc: 5.67%, Loss: 4.2849
Epoch: 12, Batch: 740, Acc: 5.66%, Loss: 4.2964
Epoch: 12, Batch: 750, Acc: 5.67%, Loss: 4.2793
Epoch: 12, Batch: 760, Acc: 5.66%, Loss: 4.2996
Epoch: 12, Batch: 770, Acc: 5.66%, Loss: 4.2911
Epoch: 12, Batch: 780, Acc: 5.65%, Loss: 4.3164
Accuracy on test set: 5.47%
Epoch: 13, Batch: 10, Acc: 5.78%, Loss: 4.2250
Epoch: 13, Batch: 20, Acc: 6.48%, Loss: 4.2389
Epoch: 13, Batch: 30, Acc: 7.08%, Loss: 4.2350
Epoch: 13, Batch: 40, Acc: 6.21%, Loss: 4.3427
Epoch: 13, Batch: 50, Acc: 6.28%, Loss: 4.2639
Epoch: 13, Batch: 60, Acc: 6.12%, Loss: 4.2849
Epoch: 13, Batch: 70, Acc: 6.03%, Loss: 4.3012
Epoch: 13, Batch: 80, Acc: 5.86%, Loss: 4.2696
Epoch: 13, Batch: 90, Acc: 5.80%, Loss: 4.2957
Epoch: 13, Batch: 100, Acc: 5.89%, Loss: 4.2879
Epoch: 13, Batch: 110, Acc: 5.91%, Loss: 4.2887
Epoch: 13, Batch: 120, Acc: 5.85%, Loss: 4.2907
Epoch: 13, Batch: 130, Acc: 5.82%, Loss: 4.2760
Epoch: 13, Batch: 140, Acc: 5.90%, Loss: 4.2647
Epoch: 13, Batch: 150, Acc: 5.77%, Loss: 4.3351
Epoch: 13, Batch: 160, Acc: 5.72%, Loss: 4.2737
Epoch: 13, Batch: 170, Acc: 5.74%, Loss: 4.2841
Epoch: 13, Batch: 180, Acc: 5.67%, Loss: 4.2881
Epoch: 13, Batch: 190, Acc: 5.65%, Loss: 4.3047
Epoch: 13, Batch: 200, Acc: 5.59%, Loss: 4.2522
Epoch: 13, Batch: 210, Acc: 5.60%, Loss: 4.3091
Epoch: 13, Batch: 220, Acc: 5.53%, Loss: 4.3094
Epoch: 13, Batch: 230, Acc: 5.60%, Loss: 4.2746
Epoch: 13, Batch: 240, Acc: 5.59%, Loss: 4.3138
Epoch: 13, Batch: 250, Acc: 5.59%, Loss: 4.3186
Epoch: 13, Batch: 260, Acc: 5.58%, Loss: 4.2572
Epoch: 13, Batch: 270, Acc: 5.53%, Loss: 4.3084
Epoch: 13, Batch: 280, Acc: 5.49%, Loss: 4.2921
Epoch: 13, Batch: 290, Acc: 5.50%, Loss: 4.3261
Epoch: 13, Batch: 300, Acc: 5.49%, Loss: 4.2889
Epoch: 13, Batch: 310, Acc: 5.47%, Loss: 4.3185
Epoch: 13, Batch: 320, Acc: 5.49%, Loss: 4.3150
Epoch: 13, Batch: 330, Acc: 5.48%, Loss: 4.3303
Epoch: 13, Batch: 340, Acc: 5.45%, Loss: 4.2794
Epoch: 13, Batch: 350, Acc: 5.49%, Loss: 4.2726
Epoch: 13, Batch: 360, Acc: 5.49%, Loss: 4.2578
Epoch: 13, Batch: 370, Acc: 5.52%, Loss: 4.3226
Epoch: 13, Batch: 380, Acc: 5.53%, Loss: 4.2878
Epoch: 13, Batch: 390, Acc: 5.51%, Loss: 4.3144
Epoch: 13, Batch: 400, Acc: 5.51%, Loss: 4.2844
Epoch: 13, Batch: 410, Acc: 5.52%, Loss: 4.3094
Epoch: 13, Batch: 420, Acc: 5.55%, Loss: 4.2748
Epoch: 13, Batch: 430, Acc: 5.53%, Loss: 4.2894
Epoch: 13, Batch: 440, Acc: 5.53%, Loss: 4.2810
Epoch: 13, Batch: 450, Acc: 5.53%, Loss: 4.2967
Epoch: 13, Batch: 460, Acc: 5.50%, Loss: 4.3103
Epoch: 13, Batch: 470, Acc: 5.53%, Loss: 4.2591
Epoch: 13, Batch: 480, Acc: 5.52%, Loss: 4.2602
Epoch: 13, Batch: 490, Acc: 5.51%, Loss: 4.2798
Epoch: 13, Batch: 500, Acc: 5.49%, Loss: 4.3297
Epoch: 13, Batch: 510, Acc: 5.48%, Loss: 4.3035
Epoch: 13, Batch: 520, Acc: 5.47%, Loss: 4.2955
Epoch: 13, Batch: 530, Acc: 5.49%, Loss: 4.2868
Epoch: 13, Batch: 540, Acc: 5.46%, Loss: 4.3172
Epoch: 13, Batch: 550, Acc: 5.44%, Loss: 4.2685
Epoch: 13, Batch: 560, Acc: 5.47%, Loss: 4.2950
Epoch: 13, Batch: 570, Acc: 5.45%, Loss: 4.3325
Epoch: 13, Batch: 580, Acc: 5.44%, Loss: 4.2983
Epoch: 13, Batch: 590, Acc: 5.46%, Loss: 4.3024
Epoch: 13, Batch: 600, Acc: 5.48%, Loss: 4.2680
Epoch: 13, Batch: 610, Acc: 5.48%, Loss: 4.2880
Epoch: 13, Batch: 620, Acc: 5.47%, Loss: 4.2983
Epoch: 13, Batch: 630, Acc: 5.44%, Loss: 4.3089
Epoch: 13, Batch: 640, Acc: 5.44%, Loss: 4.2473
Epoch: 13, Batch: 650, Acc: 5.47%, Loss: 4.2626
Epoch: 13, Batch: 660, Acc: 5.48%, Loss: 4.3109
Epoch: 13, Batch: 670, Acc: 5.52%, Loss: 4.2210
Epoch: 13, Batch: 680, Acc: 5.51%, Loss: 4.2811
Epoch: 13, Batch: 690, Acc: 5.50%, Loss: 4.2355
Epoch: 13, Batch: 700, Acc: 5.49%, Loss: 4.2976
Epoch: 13, Batch: 710, Acc: 5.48%, Loss: 4.3084
Epoch: 13, Batch: 720, Acc: 5.48%, Loss: 4.3138
Epoch: 13, Batch: 730, Acc: 5.48%, Loss: 4.3292
Epoch: 13, Batch: 740, Acc: 5.49%, Loss: 4.2456
Epoch: 13, Batch: 750, Acc: 5.50%, Loss: 4.3111
Epoch: 13, Batch: 760, Acc: 5.51%, Loss: 4.3227
Epoch: 13, Batch: 770, Acc: 5.51%, Loss: 4.2774
Epoch: 13, Batch: 780, Acc: 5.52%, Loss: 4.2463
Accuracy on test set: 5.67%
Epoch: 14, Batch: 10, Acc: 5.47%, Loss: 4.3240
Epoch: 14, Batch: 20, Acc: 5.39%, Loss: 4.2386
Epoch: 14, Batch: 30, Acc: 5.16%, Loss: 4.2938
Epoch: 14, Batch: 40, Acc: 5.47%, Loss: 4.2332
Epoch: 14, Batch: 50, Acc: 5.47%, Loss: 4.2403
Epoch: 14, Batch: 60, Acc: 5.68%, Loss: 4.2616
Epoch: 14, Batch: 70, Acc: 5.74%, Loss: 4.2826
Epoch: 14, Batch: 80, Acc: 5.74%, Loss: 4.2917
Epoch: 14, Batch: 90, Acc: 5.82%, Loss: 4.2907
Epoch: 14, Batch: 100, Acc: 5.78%, Loss: 4.2525
Epoch: 14, Batch: 110, Acc: 5.80%, Loss: 4.2783
Epoch: 14, Batch: 120, Acc: 5.69%, Loss: 4.3565
Epoch: 14, Batch: 130, Acc: 5.76%, Loss: 4.2570
Epoch: 14, Batch: 140, Acc: 5.65%, Loss: 4.2778
Epoch: 14, Batch: 150, Acc: 5.68%, Loss: 4.2923
Epoch: 14, Batch: 160, Acc: 5.68%, Loss: 4.2710
Epoch: 14, Batch: 170, Acc: 5.74%, Loss: 4.3128
Epoch: 14, Batch: 180, Acc: 5.76%, Loss: 4.2485
Epoch: 14, Batch: 190, Acc: 5.77%, Loss: 4.2837
Epoch: 14, Batch: 200, Acc: 5.89%, Loss: 4.2792
Epoch: 14, Batch: 210, Acc: 5.88%, Loss: 4.3028
Epoch: 14, Batch: 220, Acc: 5.85%, Loss: 4.3178
Epoch: 14, Batch: 230, Acc: 5.77%, Loss: 4.2816
Epoch: 14, Batch: 240, Acc: 5.71%, Loss: 4.3208
Epoch: 14, Batch: 250, Acc: 5.74%, Loss: 4.3074
Epoch: 14, Batch: 260, Acc: 5.76%, Loss: 4.2543
Epoch: 14, Batch: 270, Acc: 5.78%, Loss: 4.2577
Epoch: 14, Batch: 280, Acc: 5.78%, Loss: 4.3096
Epoch: 14, Batch: 290, Acc: 5.78%, Loss: 4.2873
Epoch: 14, Batch: 300, Acc: 5.76%, Loss: 4.3174
Epoch: 14, Batch: 310, Acc: 5.73%, Loss: 4.3172
Epoch: 14, Batch: 320, Acc: 5.70%, Loss: 4.2670
Epoch: 14, Batch: 330, Acc: 5.70%, Loss: 4.3201
Epoch: 14, Batch: 340, Acc: 5.70%, Loss: 4.2608
Epoch: 14, Batch: 350, Acc: 5.69%, Loss: 4.2872
Epoch: 14, Batch: 360, Acc: 5.75%, Loss: 4.2787
Epoch: 14, Batch: 370, Acc: 5.73%, Loss: 4.2944
Epoch: 14, Batch: 380, Acc: 5.75%, Loss: 4.2521
Epoch: 14, Batch: 390, Acc: 5.74%, Loss: 4.2909
Epoch: 14, Batch: 400, Acc: 5.73%, Loss: 4.3170
Epoch: 14, Batch: 410, Acc: 5.69%, Loss: 4.2938
Epoch: 14, Batch: 420, Acc: 5.66%, Loss: 4.2987
Epoch: 14, Batch: 430, Acc: 5.67%, Loss: 4.2763
Epoch: 14, Batch: 440, Acc: 5.66%, Loss: 4.2470
Epoch: 14, Batch: 450, Acc: 5.64%, Loss: 4.2954
Epoch: 14, Batch: 460, Acc: 5.64%, Loss: 4.3135
Epoch: 14, Batch: 470, Acc: 5.62%, Loss: 4.2982
Epoch: 14, Batch: 480, Acc: 5.61%, Loss: 4.3138
Epoch: 14, Batch: 490, Acc: 5.60%, Loss: 4.3180
Epoch: 14, Batch: 500, Acc: 5.62%, Loss: 4.2767
Epoch: 14, Batch: 510, Acc: 5.59%, Loss: 4.3210
Epoch: 14, Batch: 520, Acc: 5.62%, Loss: 4.2712
Epoch: 14, Batch: 530, Acc: 5.61%, Loss: 4.3098
Epoch: 14, Batch: 540, Acc: 5.59%, Loss: 4.2669
Epoch: 14, Batch: 550, Acc: 5.60%, Loss: 4.3081
Epoch: 14, Batch: 560, Acc: 5.59%, Loss: 4.3041
Epoch: 14, Batch: 570, Acc: 5.59%, Loss: 4.2759
Epoch: 14, Batch: 580, Acc: 5.58%, Loss: 4.2821
Epoch: 14, Batch: 590, Acc: 5.62%, Loss: 4.2605
Epoch: 14, Batch: 600, Acc: 5.61%, Loss: 4.2798
Epoch: 14, Batch: 610, Acc: 5.61%, Loss: 4.3316
Epoch: 14, Batch: 620, Acc: 5.65%, Loss: 4.2176
Epoch: 14, Batch: 630, Acc: 5.65%, Loss: 4.2705
Epoch: 14, Batch: 640, Acc: 5.67%, Loss: 4.2561
Epoch: 14, Batch: 650, Acc: 5.67%, Loss: 4.3169
Epoch: 14, Batch: 660, Acc: 5.67%, Loss: 4.2746
Epoch: 14, Batch: 670, Acc: 5.67%, Loss: 4.2878
Epoch: 14, Batch: 680, Acc: 5.69%, Loss: 4.2469
Epoch: 14, Batch: 690, Acc: 5.71%, Loss: 4.2620
Epoch: 14, Batch: 700, Acc: 5.69%, Loss: 4.2728
Epoch: 14, Batch: 710, Acc: 5.69%, Loss: 4.2873
Epoch: 14, Batch: 720, Acc: 5.71%, Loss: 4.2575
Epoch: 14, Batch: 730, Acc: 5.73%, Loss: 4.2913
Epoch: 14, Batch: 740, Acc: 5.71%, Loss: 4.2820
Epoch: 14, Batch: 750, Acc: 5.72%, Loss: 4.2897
Epoch: 14, Batch: 760, Acc: 5.72%, Loss: 4.2820
Epoch: 14, Batch: 770, Acc: 5.71%, Loss: 4.3238
Epoch: 14, Batch: 780, Acc: 5.72%, Loss: 4.2491
Accuracy on test set: 5.76%
Epoch: 15, Batch: 10, Acc: 6.56%, Loss: 4.2653
Epoch: 15, Batch: 20, Acc: 6.33%, Loss: 4.2707
Epoch: 15, Batch: 30, Acc: 6.20%, Loss: 4.2547
Epoch: 15, Batch: 40, Acc: 6.29%, Loss: 4.2863
Epoch: 15, Batch: 50, Acc: 6.59%, Loss: 4.2626
Epoch: 15, Batch: 60, Acc: 6.33%, Loss: 4.3087
Epoch: 15, Batch: 70, Acc: 6.18%, Loss: 4.2526
Epoch: 15, Batch: 80, Acc: 6.19%, Loss: 4.2213
Epoch: 15, Batch: 90, Acc: 6.06%, Loss: 4.2904
Epoch: 15, Batch: 100, Acc: 5.92%, Loss: 4.2902
Epoch: 15, Batch: 110, Acc: 5.71%, Loss: 4.2906
Epoch: 15, Batch: 120, Acc: 5.72%, Loss: 4.2619
Epoch: 15, Batch: 130, Acc: 5.73%, Loss: 4.3117
Epoch: 15, Batch: 140, Acc: 5.60%, Loss: 4.3280
Epoch: 15, Batch: 150, Acc: 5.62%, Loss: 4.3145
Epoch: 15, Batch: 160, Acc: 5.60%, Loss: 4.2804
Epoch: 15, Batch: 170, Acc: 5.64%, Loss: 4.2812
Epoch: 15, Batch: 180, Acc: 5.67%, Loss: 4.2836
Epoch: 15, Batch: 190, Acc: 5.67%, Loss: 4.2973
Epoch: 15, Batch: 200, Acc: 5.66%, Loss: 4.2775
Epoch: 15, Batch: 210, Acc: 5.62%, Loss: 4.3010
Epoch: 15, Batch: 220, Acc: 5.63%, Loss: 4.3059
Epoch: 15, Batch: 230, Acc: 5.67%, Loss: 4.2485
Epoch: 15, Batch: 240, Acc: 5.68%, Loss: 4.2933
Epoch: 15, Batch: 250, Acc: 5.72%, Loss: 4.2738
Epoch: 15, Batch: 260, Acc: 5.76%, Loss: 4.2665
Epoch: 15, Batch: 270, Acc: 5.86%, Loss: 4.2542
Epoch: 15, Batch: 280, Acc: 5.85%, Loss: 4.2835
Epoch: 15, Batch: 290, Acc: 5.85%, Loss: 4.2828
Epoch: 15, Batch: 300, Acc: 5.81%, Loss: 4.2820
Epoch: 15, Batch: 310, Acc: 5.76%, Loss: 4.3092
Epoch: 15, Batch: 320, Acc: 5.73%, Loss: 4.3088
Epoch: 15, Batch: 330, Acc: 5.71%, Loss: 4.2705
Epoch: 15, Batch: 340, Acc: 5.69%, Loss: 4.3042
Epoch: 15, Batch: 350, Acc: 5.67%, Loss: 4.3029
Epoch: 15, Batch: 360, Acc: 5.67%, Loss: 4.2715
Epoch: 15, Batch: 370, Acc: 5.68%, Loss: 4.2410
Epoch: 15, Batch: 380, Acc: 5.69%, Loss: 4.2905
Epoch: 15, Batch: 390, Acc: 5.71%, Loss: 4.2926
Epoch: 15, Batch: 400, Acc: 5.69%, Loss: 4.3024
Epoch: 15, Batch: 410, Acc: 5.70%, Loss: 4.2629
Epoch: 15, Batch: 420, Acc: 5.70%, Loss: 4.3118
Epoch: 15, Batch: 430, Acc: 5.71%, Loss: 4.2706
Epoch: 15, Batch: 440, Acc: 5.70%, Loss: 4.2756
Epoch: 15, Batch: 450, Acc: 5.71%, Loss: 4.2825
Epoch: 15, Batch: 460, Acc: 5.72%, Loss: 4.2472
Epoch: 15, Batch: 470, Acc: 5.71%, Loss: 4.3231
Epoch: 15, Batch: 480, Acc: 5.72%, Loss: 4.2766
Epoch: 15, Batch: 490, Acc: 5.70%, Loss: 4.3156
Epoch: 15, Batch: 500, Acc: 5.67%, Loss: 4.2855
Epoch: 15, Batch: 510, Acc: 5.68%, Loss: 4.2756
Epoch: 15, Batch: 520, Acc: 5.69%, Loss: 4.2918
Epoch: 15, Batch: 530, Acc: 5.70%, Loss: 4.2984
Epoch: 15, Batch: 540, Acc: 5.71%, Loss: 4.2936
Epoch: 15, Batch: 550, Acc: 5.70%, Loss: 4.3250
Epoch: 15, Batch: 560, Acc: 5.69%, Loss: 4.2465
Epoch: 15, Batch: 570, Acc: 5.66%, Loss: 4.3336
Epoch: 15, Batch: 580, Acc: 5.67%, Loss: 4.2541
Epoch: 15, Batch: 590, Acc: 5.66%, Loss: 4.2741
Epoch: 15, Batch: 600, Acc: 5.67%, Loss: 4.2744
Epoch: 15, Batch: 610, Acc: 5.69%, Loss: 4.2918
Epoch: 15, Batch: 620, Acc: 5.68%, Loss: 4.2686
Epoch: 15, Batch: 630, Acc: 5.67%, Loss: 4.2867
Epoch: 15, Batch: 640, Acc: 5.66%, Loss: 4.2698
Epoch: 15, Batch: 650, Acc: 5.65%, Loss: 4.2623
Epoch: 15, Batch: 660, Acc: 5.68%, Loss: 4.3015
Epoch: 15, Batch: 670, Acc: 5.66%, Loss: 4.2665
Epoch: 15, Batch: 680, Acc: 5.66%, Loss: 4.2256
Epoch: 15, Batch: 690, Acc: 5.66%, Loss: 4.2753
Epoch: 15, Batch: 700, Acc: 5.65%, Loss: 4.2680
Epoch: 15, Batch: 710, Acc: 5.64%, Loss: 4.2707
Epoch: 15, Batch: 720, Acc: 5.64%, Loss: 4.2569
Epoch: 15, Batch: 730, Acc: 5.63%, Loss: 4.2473
Epoch: 15, Batch: 740, Acc: 5.63%, Loss: 4.3109
Epoch: 15, Batch: 750, Acc: 5.65%, Loss: 4.2632
Epoch: 15, Batch: 760, Acc: 5.66%, Loss: 4.3086
Epoch: 15, Batch: 770, Acc: 5.66%, Loss: 4.2657
Epoch: 15, Batch: 780, Acc: 5.66%, Loss: 4.2411
Accuracy on test set: 5.83%
Epoch: 16, Batch: 10, Acc: 4.53%, Loss: 4.2886
Epoch: 16, Batch: 20, Acc: 5.23%, Loss: 4.2584
Epoch: 16, Batch: 30, Acc: 5.52%, Loss: 4.2764
Epoch: 16, Batch: 40, Acc: 5.86%, Loss: 4.2924
Epoch: 16, Batch: 50, Acc: 5.69%, Loss: 4.2784
Epoch: 16, Batch: 60, Acc: 5.81%, Loss: 4.2519
Epoch: 16, Batch: 70, Acc: 5.96%, Loss: 4.2523
Epoch: 16, Batch: 80, Acc: 6.05%, Loss: 4.2494
Epoch: 16, Batch: 90, Acc: 5.94%, Loss: 4.2493
Epoch: 16, Batch: 100, Acc: 6.08%, Loss: 4.2276
Epoch: 16, Batch: 110, Acc: 5.89%, Loss: 4.2738
Epoch: 16, Batch: 120, Acc: 5.89%, Loss: 4.2972
Epoch: 16, Batch: 130, Acc: 5.76%, Loss: 4.3028
Epoch: 16, Batch: 140, Acc: 5.74%, Loss: 4.2957
Epoch: 16, Batch: 150, Acc: 5.66%, Loss: 4.2925
Epoch: 16, Batch: 160, Acc: 5.62%, Loss: 4.2542
Epoch: 16, Batch: 170, Acc: 5.57%, Loss: 4.2812
Epoch: 16, Batch: 180, Acc: 5.54%, Loss: 4.2625
Epoch: 16, Batch: 190, Acc: 5.57%, Loss: 4.2469
Epoch: 16, Batch: 200, Acc: 5.66%, Loss: 4.2130
Epoch: 16, Batch: 210, Acc: 5.68%, Loss: 4.2761
Epoch: 16, Batch: 220, Acc: 5.70%, Loss: 4.2722
Epoch: 16, Batch: 230, Acc: 5.67%, Loss: 4.2987
Epoch: 16, Batch: 240, Acc: 5.71%, Loss: 4.2337
Epoch: 16, Batch: 250, Acc: 5.64%, Loss: 4.2976
Epoch: 16, Batch: 260, Acc: 5.66%, Loss: 4.2739
Epoch: 16, Batch: 270, Acc: 5.63%, Loss: 4.2941
Epoch: 16, Batch: 280, Acc: 5.61%, Loss: 4.2960
Epoch: 16, Batch: 290, Acc: 5.64%, Loss: 4.2538
Epoch: 16, Batch: 300, Acc: 5.64%, Loss: 4.2766
Epoch: 16, Batch: 310, Acc: 5.63%, Loss: 4.3066
Epoch: 16, Batch: 320, Acc: 5.70%, Loss: 4.2663
Epoch: 16, Batch: 330, Acc: 5.65%, Loss: 4.3055
Epoch: 16, Batch: 340, Acc: 5.70%, Loss: 4.2526
Epoch: 16, Batch: 350, Acc: 5.71%, Loss: 4.2455
Epoch: 16, Batch: 360, Acc: 5.72%, Loss: 4.2752
Epoch: 16, Batch: 370, Acc: 5.71%, Loss: 4.2645
Epoch: 16, Batch: 380, Acc: 5.78%, Loss: 4.2728
Epoch: 16, Batch: 390, Acc: 5.76%, Loss: 4.2889
Epoch: 16, Batch: 400, Acc: 5.75%, Loss: 4.2695
Epoch: 16, Batch: 410, Acc: 5.75%, Loss: 4.2909
Epoch: 16, Batch: 420, Acc: 5.75%, Loss: 4.3016
Epoch: 16, Batch: 430, Acc: 5.75%, Loss: 4.3004
Epoch: 16, Batch: 440, Acc: 5.77%, Loss: 4.2854
Epoch: 16, Batch: 450, Acc: 5.75%, Loss: 4.3328
Epoch: 16, Batch: 460, Acc: 5.75%, Loss: 4.2983
Epoch: 16, Batch: 470, Acc: 5.74%, Loss: 4.2221
Epoch: 16, Batch: 480, Acc: 5.76%, Loss: 4.2676
Epoch: 16, Batch: 490, Acc: 5.77%, Loss: 4.2177
Epoch: 16, Batch: 500, Acc: 5.77%, Loss: 4.3090
Epoch: 16, Batch: 510, Acc: 5.76%, Loss: 4.3103
Epoch: 16, Batch: 520, Acc: 5.78%, Loss: 4.2749
Epoch: 16, Batch: 530, Acc: 5.79%, Loss: 4.2712
Epoch: 16, Batch: 540, Acc: 5.80%, Loss: 4.2607
Epoch: 16, Batch: 550, Acc: 5.79%, Loss: 4.3162
Epoch: 16, Batch: 560, Acc: 5.78%, Loss: 4.2996
Epoch: 16, Batch: 570, Acc: 5.81%, Loss: 4.2642
Epoch: 16, Batch: 580, Acc: 5.81%, Loss: 4.2582
Epoch: 16, Batch: 590, Acc: 5.80%, Loss: 4.3309
Epoch: 16, Batch: 600, Acc: 5.78%, Loss: 4.3049
Epoch: 16, Batch: 610, Acc: 5.78%, Loss: 4.3571
Epoch: 16, Batch: 620, Acc: 5.78%, Loss: 4.2844
Epoch: 16, Batch: 630, Acc: 5.79%, Loss: 4.2922
Epoch: 16, Batch: 640, Acc: 5.81%, Loss: 4.2767
Epoch: 16, Batch: 650, Acc: 5.82%, Loss: 4.2553
Epoch: 16, Batch: 660, Acc: 5.83%, Loss: 4.2739
Epoch: 16, Batch: 670, Acc: 5.83%, Loss: 4.2904
Epoch: 16, Batch: 680, Acc: 5.83%, Loss: 4.2725
Epoch: 16, Batch: 690, Acc: 5.84%, Loss: 4.2385
Epoch: 16, Batch: 700, Acc: 5.85%, Loss: 4.2506
Epoch: 16, Batch: 710, Acc: 5.84%, Loss: 4.2792
Epoch: 16, Batch: 720, Acc: 5.86%, Loss: 4.2641
Epoch: 16, Batch: 730, Acc: 5.85%, Loss: 4.2601
Epoch: 16, Batch: 740, Acc: 5.84%, Loss: 4.2972
Epoch: 16, Batch: 750, Acc: 5.86%, Loss: 4.2922
Epoch: 16, Batch: 760, Acc: 5.86%, Loss: 4.2447
Epoch: 16, Batch: 770, Acc: 5.83%, Loss: 4.3449
Epoch: 16, Batch: 780, Acc: 5.82%, Loss: 4.2892
Accuracy on test set: 5.90%
Epoch: 17, Batch: 10, Acc: 4.84%, Loss: 4.2838
Epoch: 17, Batch: 20, Acc: 5.16%, Loss: 4.2693
Epoch: 17, Batch: 30, Acc: 5.47%, Loss: 4.2753
Epoch: 17, Batch: 40, Acc: 5.66%, Loss: 4.3154
Epoch: 17, Batch: 50, Acc: 5.75%, Loss: 4.2932
Epoch: 17, Batch: 60, Acc: 5.96%, Loss: 4.2571
Epoch: 17, Batch: 70, Acc: 5.85%, Loss: 4.2917
Epoch: 17, Batch: 80, Acc: 5.88%, Loss: 4.3146
Epoch: 17, Batch: 90, Acc: 5.85%, Loss: 4.2774
Epoch: 17, Batch: 100, Acc: 5.80%, Loss: 4.2701
Epoch: 17, Batch: 110, Acc: 5.78%, Loss: 4.2709
Epoch: 17, Batch: 120, Acc: 5.79%, Loss: 4.2736
Epoch: 17, Batch: 130, Acc: 5.76%, Loss: 4.3118
Epoch: 17, Batch: 140, Acc: 5.78%, Loss: 4.2659
Epoch: 17, Batch: 150, Acc: 5.79%, Loss: 4.2880
Epoch: 17, Batch: 160, Acc: 5.76%, Loss: 4.2354
Epoch: 17, Batch: 170, Acc: 5.74%, Loss: 4.2866
Epoch: 17, Batch: 180, Acc: 5.69%, Loss: 4.2818
Epoch: 17, Batch: 190, Acc: 5.69%, Loss: 4.2272
Epoch: 17, Batch: 200, Acc: 5.63%, Loss: 4.2529
Epoch: 17, Batch: 210, Acc: 5.68%, Loss: 4.2775
Epoch: 17, Batch: 220, Acc: 5.71%, Loss: 4.3058
Epoch: 17, Batch: 230, Acc: 5.73%, Loss: 4.2791
Epoch: 17, Batch: 240, Acc: 5.72%, Loss: 4.2596
Epoch: 17, Batch: 250, Acc: 5.74%, Loss: 4.2506
Epoch: 17, Batch: 260, Acc: 5.74%, Loss: 4.2222
Epoch: 17, Batch: 270, Acc: 5.73%, Loss: 4.2620
Epoch: 17, Batch: 280, Acc: 5.71%, Loss: 4.2454
Epoch: 17, Batch: 290, Acc: 5.72%, Loss: 4.2124
Epoch: 17, Batch: 300, Acc: 5.72%, Loss: 4.2774
Epoch: 17, Batch: 310, Acc: 5.75%, Loss: 4.2790
Epoch: 17, Batch: 320, Acc: 5.78%, Loss: 4.2642
Epoch: 17, Batch: 330, Acc: 5.71%, Loss: 4.3067
Epoch: 17, Batch: 340, Acc: 5.73%, Loss: 4.3132
Epoch: 17, Batch: 350, Acc: 5.75%, Loss: 4.2300
Epoch: 17, Batch: 360, Acc: 5.75%, Loss: 4.3097
Epoch: 17, Batch: 370, Acc: 5.76%, Loss: 4.2339
Epoch: 17, Batch: 380, Acc: 5.79%, Loss: 4.2418
Epoch: 17, Batch: 390, Acc: 5.78%, Loss: 4.2888
Epoch: 17, Batch: 400, Acc: 5.80%, Loss: 4.2809
Epoch: 17, Batch: 410, Acc: 5.80%, Loss: 4.3164
Epoch: 17, Batch: 420, Acc: 5.83%, Loss: 4.2511
Epoch: 17, Batch: 430, Acc: 5.84%, Loss: 4.2183
Epoch: 17, Batch: 440, Acc: 5.86%, Loss: 4.3110
Epoch: 17, Batch: 450, Acc: 5.84%, Loss: 4.2867
Epoch: 17, Batch: 460, Acc: 5.83%, Loss: 4.3047
Epoch: 17, Batch: 470, Acc: 5.81%, Loss: 4.2949
Epoch: 17, Batch: 480, Acc: 5.82%, Loss: 4.2535
Epoch: 17, Batch: 490, Acc: 5.84%, Loss: 4.2685
Epoch: 17, Batch: 500, Acc: 5.80%, Loss: 4.2909
Epoch: 17, Batch: 510, Acc: 5.78%, Loss: 4.2859
Epoch: 17, Batch: 520, Acc: 5.77%, Loss: 4.2776
Epoch: 17, Batch: 530, Acc: 5.75%, Loss: 4.2672
Epoch: 17, Batch: 540, Acc: 5.73%, Loss: 4.2899
Epoch: 17, Batch: 550, Acc: 5.74%, Loss: 4.2751
Epoch: 17, Batch: 560, Acc: 5.72%, Loss: 4.3336
Epoch: 17, Batch: 570, Acc: 5.71%, Loss: 4.2905
Epoch: 17, Batch: 580, Acc: 5.72%, Loss: 4.2876
Epoch: 17, Batch: 590, Acc: 5.71%, Loss: 4.2692
Epoch: 17, Batch: 600, Acc: 5.72%, Loss: 4.2588
Epoch: 17, Batch: 610, Acc: 5.74%, Loss: 4.2566
Epoch: 17, Batch: 620, Acc: 5.73%, Loss: 4.3130
Epoch: 17, Batch: 630, Acc: 5.72%, Loss: 4.2389
Epoch: 17, Batch: 640, Acc: 5.73%, Loss: 4.2438
Epoch: 17, Batch: 650, Acc: 5.75%, Loss: 4.2779
Epoch: 17, Batch: 660, Acc: 5.77%, Loss: 4.2214
Epoch: 17, Batch: 670, Acc: 5.77%, Loss: 4.2831
Epoch: 17, Batch: 680, Acc: 5.76%, Loss: 4.3144
Epoch: 17, Batch: 690, Acc: 5.75%, Loss: 4.2884
Epoch: 17, Batch: 700, Acc: 5.73%, Loss: 4.2964
Epoch: 17, Batch: 710, Acc: 5.73%, Loss: 4.3152
Epoch: 17, Batch: 720, Acc: 5.72%, Loss: 4.2582
Epoch: 17, Batch: 730, Acc: 5.73%, Loss: 4.3101
Epoch: 17, Batch: 740, Acc: 5.73%, Loss: 4.2532
Epoch: 17, Batch: 750, Acc: 5.74%, Loss: 4.2702
Epoch: 17, Batch: 760, Acc: 5.76%, Loss: 4.2783
Epoch: 17, Batch: 770, Acc: 5.77%, Loss: 4.2366
Epoch: 17, Batch: 780, Acc: 5.79%, Loss: 4.2298
Accuracy on test set: 6.06%
Epoch: 18, Batch: 10, Acc: 5.31%, Loss: 4.2966
Epoch: 18, Batch: 20, Acc: 5.62%, Loss: 4.2599
Epoch: 18, Batch: 30, Acc: 5.73%, Loss: 4.2514
Epoch: 18, Batch: 40, Acc: 5.78%, Loss: 4.2982
Epoch: 18, Batch: 50, Acc: 5.66%, Loss: 4.2645
Epoch: 18, Batch: 60, Acc: 5.76%, Loss: 4.2881
Epoch: 18, Batch: 70, Acc: 5.62%, Loss: 4.2518
Epoch: 18, Batch: 80, Acc: 5.66%, Loss: 4.2771
Epoch: 18, Batch: 90, Acc: 5.56%, Loss: 4.2866
Epoch: 18, Batch: 100, Acc: 5.69%, Loss: 4.2616
Epoch: 18, Batch: 110, Acc: 5.68%, Loss: 4.2685
Epoch: 18, Batch: 120, Acc: 5.72%, Loss: 4.2782
Epoch: 18, Batch: 130, Acc: 5.84%, Loss: 4.2573
Epoch: 18, Batch: 140, Acc: 5.78%, Loss: 4.3080
Epoch: 18, Batch: 150, Acc: 5.73%, Loss: 4.3060
Epoch: 18, Batch: 160, Acc: 5.82%, Loss: 4.2029
Epoch: 18, Batch: 170, Acc: 5.87%, Loss: 4.2584
Epoch: 18, Batch: 180, Acc: 5.94%, Loss: 4.2668
Epoch: 18, Batch: 190, Acc: 5.94%, Loss: 4.2533
Epoch: 18, Batch: 200, Acc: 6.02%, Loss: 4.2690
Epoch: 18, Batch: 210, Acc: 6.04%, Loss: 4.2316
Epoch: 18, Batch: 220, Acc: 6.08%, Loss: 4.2775
Epoch: 18, Batch: 230, Acc: 6.08%, Loss: 4.2702
Epoch: 18, Batch: 240, Acc: 6.01%, Loss: 4.3092
Epoch: 18, Batch: 250, Acc: 5.97%, Loss: 4.3024
Epoch: 18, Batch: 260, Acc: 5.97%, Loss: 4.2320
Epoch: 18, Batch: 270, Acc: 5.91%, Loss: 4.3071
Epoch: 18, Batch: 280, Acc: 5.90%, Loss: 4.2443
Epoch: 18, Batch: 290, Acc: 5.89%, Loss: 4.2618
Epoch: 18, Batch: 300, Acc: 5.86%, Loss: 4.2297
Epoch: 18, Batch: 310, Acc: 5.85%, Loss: 4.3091
Epoch: 18, Batch: 320, Acc: 5.91%, Loss: 4.2913
Epoch: 18, Batch: 330, Acc: 5.91%, Loss: 4.2464
Epoch: 18, Batch: 340, Acc: 5.88%, Loss: 4.3004
Epoch: 18, Batch: 350, Acc: 5.87%, Loss: 4.3156
Epoch: 18, Batch: 360, Acc: 5.79%, Loss: 4.2459
Epoch: 18, Batch: 370, Acc: 5.86%, Loss: 4.2395
Epoch: 18, Batch: 380, Acc: 5.83%, Loss: 4.3259
Epoch: 18, Batch: 390, Acc: 5.85%, Loss: 4.2521
Epoch: 18, Batch: 400, Acc: 5.82%, Loss: 4.2783
Epoch: 18, Batch: 410, Acc: 5.82%, Loss: 4.2863
Epoch: 18, Batch: 420, Acc: 5.86%, Loss: 4.2626
Epoch: 18, Batch: 430, Acc: 5.84%, Loss: 4.2818
Epoch: 18, Batch: 440, Acc: 5.82%, Loss: 4.2643
Epoch: 18, Batch: 450, Acc: 5.82%, Loss: 4.2560
Epoch: 18, Batch: 460, Acc: 5.82%, Loss: 4.2196
Epoch: 18, Batch: 470, Acc: 5.82%, Loss: 4.2635
Epoch: 18, Batch: 480, Acc: 5.83%, Loss: 4.2101
Epoch: 18, Batch: 490, Acc: 5.85%, Loss: 4.2561
Epoch: 18, Batch: 500, Acc: 5.84%, Loss: 4.2959
Epoch: 18, Batch: 510, Acc: 5.85%, Loss: 4.2390
Epoch: 18, Batch: 520, Acc: 5.84%, Loss: 4.3656
Epoch: 18, Batch: 530, Acc: 5.87%, Loss: 4.2691
Epoch: 18, Batch: 540, Acc: 5.87%, Loss: 4.3175
Epoch: 18, Batch: 550, Acc: 5.88%, Loss: 4.2831
Epoch: 18, Batch: 560, Acc: 5.86%, Loss: 4.2916
Epoch: 18, Batch: 570, Acc: 5.89%, Loss: 4.2705
Epoch: 18, Batch: 580, Acc: 5.89%, Loss: 4.2762
Epoch: 18, Batch: 590, Acc: 5.87%, Loss: 4.2640
Epoch: 18, Batch: 600, Acc: 5.89%, Loss: 4.2497
Epoch: 18, Batch: 610, Acc: 5.85%, Loss: 4.3463
Epoch: 18, Batch: 620, Acc: 5.84%, Loss: 4.2294
Epoch: 18, Batch: 630, Acc: 5.84%, Loss: 4.2382
Epoch: 18, Batch: 640, Acc: 5.86%, Loss: 4.2750
Epoch: 18, Batch: 650, Acc: 5.86%, Loss: 4.2487
Epoch: 18, Batch: 660, Acc: 5.87%, Loss: 4.2484
Epoch: 18, Batch: 670, Acc: 5.87%, Loss: 4.2854
Epoch: 18, Batch: 680, Acc: 5.88%, Loss: 4.2159
Epoch: 18, Batch: 690, Acc: 5.88%, Loss: 4.2484
Epoch: 18, Batch: 700, Acc: 5.89%, Loss: 4.3056
Epoch: 18, Batch: 710, Acc: 5.86%, Loss: 4.2743
Epoch: 18, Batch: 720, Acc: 5.86%, Loss: 4.2675
Epoch: 18, Batch: 730, Acc: 5.86%, Loss: 4.2638
Epoch: 18, Batch: 740, Acc: 5.85%, Loss: 4.2849
Epoch: 18, Batch: 750, Acc: 5.88%, Loss: 4.2364
Epoch: 18, Batch: 760, Acc: 5.88%, Loss: 4.2908
Epoch: 18, Batch: 770, Acc: 5.90%, Loss: 4.2474
Epoch: 18, Batch: 780, Acc: 5.89%, Loss: 4.3313
Accuracy on test set: 5.83%
Epoch: 19, Batch: 10, Acc: 5.94%, Loss: 4.2971
Epoch: 19, Batch: 20, Acc: 5.39%, Loss: 4.3177
Epoch: 19, Batch: 30, Acc: 5.47%, Loss: 4.2783
Epoch: 19, Batch: 40, Acc: 5.74%, Loss: 4.2207
Epoch: 19, Batch: 50, Acc: 5.72%, Loss: 4.2657
Epoch: 19, Batch: 60, Acc: 5.86%, Loss: 4.2252
Epoch: 19, Batch: 70, Acc: 5.69%, Loss: 4.2627
Epoch: 19, Batch: 80, Acc: 5.94%, Loss: 4.2382
Epoch: 19, Batch: 90, Acc: 5.82%, Loss: 4.3210
Epoch: 19, Batch: 100, Acc: 5.80%, Loss: 4.2866
Epoch: 19, Batch: 110, Acc: 5.75%, Loss: 4.3010
Epoch: 19, Batch: 120, Acc: 5.91%, Loss: 4.1713
Epoch: 19, Batch: 130, Acc: 5.90%, Loss: 4.3226
Epoch: 19, Batch: 140, Acc: 5.85%, Loss: 4.2290
Epoch: 19, Batch: 150, Acc: 5.80%, Loss: 4.2681
Epoch: 19, Batch: 160, Acc: 5.82%, Loss: 4.2874
Epoch: 19, Batch: 170, Acc: 5.78%, Loss: 4.2670
Epoch: 19, Batch: 180, Acc: 5.75%, Loss: 4.2892
Epoch: 19, Batch: 190, Acc: 5.76%, Loss: 4.2255
Epoch: 19, Batch: 200, Acc: 5.84%, Loss: 4.2522
Epoch: 19, Batch: 210, Acc: 5.86%, Loss: 4.2772
Epoch: 19, Batch: 220, Acc: 5.92%, Loss: 4.2393
Epoch: 19, Batch: 230, Acc: 5.95%, Loss: 4.2577
Epoch: 19, Batch: 240, Acc: 5.98%, Loss: 4.2707
Epoch: 19, Batch: 250, Acc: 6.04%, Loss: 4.2512
Epoch: 19, Batch: 260, Acc: 5.96%, Loss: 4.2699
Epoch: 19, Batch: 270, Acc: 5.93%, Loss: 4.2460
Epoch: 19, Batch: 280, Acc: 5.94%, Loss: 4.2644
Epoch: 19, Batch: 290, Acc: 5.92%, Loss: 4.2831
Epoch: 19, Batch: 300, Acc: 5.90%, Loss: 4.2222
Epoch: 19, Batch: 310, Acc: 5.90%, Loss: 4.3012
Epoch: 19, Batch: 320, Acc: 5.92%, Loss: 4.2960
Epoch: 19, Batch: 330, Acc: 5.91%, Loss: 4.3020
Epoch: 19, Batch: 340, Acc: 5.92%, Loss: 4.2271
Epoch: 19, Batch: 350, Acc: 5.92%, Loss: 4.2797
Epoch: 19, Batch: 360, Acc: 5.89%, Loss: 4.3045
Epoch: 19, Batch: 370, Acc: 5.90%, Loss: 4.2767
Epoch: 19, Batch: 380, Acc: 5.91%, Loss: 4.2524
Epoch: 19, Batch: 390, Acc: 5.91%, Loss: 4.2843
Epoch: 19, Batch: 400, Acc: 5.92%, Loss: 4.2818
Epoch: 19, Batch: 410, Acc: 5.97%, Loss: 4.2664
Epoch: 19, Batch: 420, Acc: 5.99%, Loss: 4.2526
Epoch: 19, Batch: 430, Acc: 6.01%, Loss: 4.2363
Epoch: 19, Batch: 440, Acc: 5.99%, Loss: 4.2920
Epoch: 19, Batch: 450, Acc: 5.98%, Loss: 4.2803
Epoch: 19, Batch: 460, Acc: 5.97%, Loss: 4.2542
Epoch: 19, Batch: 470, Acc: 6.00%, Loss: 4.2895
Epoch: 19, Batch: 480, Acc: 5.99%, Loss: 4.2850
Epoch: 19, Batch: 490, Acc: 5.98%, Loss: 4.2487
Epoch: 19, Batch: 500, Acc: 5.97%, Loss: 4.2917
Epoch: 19, Batch: 510, Acc: 5.99%, Loss: 4.2327
Epoch: 19, Batch: 520, Acc: 5.98%, Loss: 4.2865
Epoch: 19, Batch: 530, Acc: 5.99%, Loss: 4.2534
Epoch: 19, Batch: 540, Acc: 5.98%, Loss: 4.2686
Epoch: 19, Batch: 550, Acc: 5.98%, Loss: 4.2445
Epoch: 19, Batch: 560, Acc: 5.99%, Loss: 4.2947
Epoch: 19, Batch: 570, Acc: 5.98%, Loss: 4.2629
Epoch: 19, Batch: 580, Acc: 6.00%, Loss: 4.2783
Epoch: 19, Batch: 590, Acc: 6.01%, Loss: 4.2829
Epoch: 19, Batch: 600, Acc: 6.02%, Loss: 4.2173
Epoch: 19, Batch: 610, Acc: 5.99%, Loss: 4.2733
Epoch: 19, Batch: 620, Acc: 6.00%, Loss: 4.2501
Epoch: 19, Batch: 630, Acc: 6.01%, Loss: 4.2290
Epoch: 19, Batch: 640, Acc: 6.02%, Loss: 4.2596
Epoch: 19, Batch: 650, Acc: 6.01%, Loss: 4.2905
Epoch: 19, Batch: 660, Acc: 6.01%, Loss: 4.2373
Epoch: 19, Batch: 670, Acc: 6.01%, Loss: 4.2810
Epoch: 19, Batch: 680, Acc: 6.00%, Loss: 4.2815
Epoch: 19, Batch: 690, Acc: 6.03%, Loss: 4.2494
Epoch: 19, Batch: 700, Acc: 6.02%, Loss: 4.2869
Epoch: 19, Batch: 710, Acc: 6.01%, Loss: 4.3110
Epoch: 19, Batch: 720, Acc: 6.00%, Loss: 4.2680
Epoch: 19, Batch: 730, Acc: 5.97%, Loss: 4.2824
Epoch: 19, Batch: 740, Acc: 5.96%, Loss: 4.3140
Epoch: 19, Batch: 750, Acc: 5.97%, Loss: 4.2685
Epoch: 19, Batch: 760, Acc: 5.97%, Loss: 4.2529
Epoch: 19, Batch: 770, Acc: 5.95%, Loss: 4.2748
Epoch: 19, Batch: 780, Acc: 5.96%, Loss: 4.2726
Accuracy on test set: 6.08%
Epoch: 20, Batch: 10, Acc: 7.19%, Loss: 4.2668
Epoch: 20, Batch: 20, Acc: 6.80%, Loss: 4.2525
Epoch: 20, Batch: 30, Acc: 6.61%, Loss: 4.3024
Epoch: 20, Batch: 40, Acc: 6.29%, Loss: 4.2620
Epoch: 20, Batch: 50, Acc: 6.09%, Loss: 4.2733
Epoch: 20, Batch: 60, Acc: 5.91%, Loss: 4.2853
Epoch: 20, Batch: 70, Acc: 5.83%, Loss: 4.2627
Epoch: 20, Batch: 80, Acc: 5.72%, Loss: 4.2749
Epoch: 20, Batch: 90, Acc: 5.64%, Loss: 4.2611
Epoch: 20, Batch: 100, Acc: 5.67%, Loss: 4.2868
Epoch: 20, Batch: 110, Acc: 5.68%, Loss: 4.2749
Epoch: 20, Batch: 120, Acc: 5.78%, Loss: 4.2665
Epoch: 20, Batch: 130, Acc: 5.85%, Loss: 4.2512
Epoch: 20, Batch: 140, Acc: 5.88%, Loss: 4.2675
Epoch: 20, Batch: 150, Acc: 5.90%, Loss: 4.2534
Epoch: 20, Batch: 160, Acc: 5.83%, Loss: 4.3220
Epoch: 20, Batch: 170, Acc: 5.80%, Loss: 4.2580
Epoch: 20, Batch: 180, Acc: 5.78%, Loss: 4.2586
Epoch: 20, Batch: 190, Acc: 5.80%, Loss: 4.2891
Epoch: 20, Batch: 200, Acc: 5.85%, Loss: 4.2368
Epoch: 20, Batch: 210, Acc: 5.93%, Loss: 4.2571
Epoch: 20, Batch: 220, Acc: 5.92%, Loss: 4.2576
Epoch: 20, Batch: 230, Acc: 5.88%, Loss: 4.2556
Epoch: 20, Batch: 240, Acc: 5.92%, Loss: 4.2646
Epoch: 20, Batch: 250, Acc: 5.83%, Loss: 4.2945
Epoch: 20, Batch: 260, Acc: 5.84%, Loss: 4.2464
Epoch: 20, Batch: 270, Acc: 5.89%, Loss: 4.2585
Epoch: 20, Batch: 280, Acc: 5.86%, Loss: 4.2878
Epoch: 20, Batch: 290, Acc: 5.84%, Loss: 4.3263
Epoch: 20, Batch: 300, Acc: 5.84%, Loss: 4.3166
Epoch: 20, Batch: 310, Acc: 5.86%, Loss: 4.2305
Epoch: 20, Batch: 320, Acc: 5.84%, Loss: 4.2173
Epoch: 20, Batch: 330, Acc: 5.81%, Loss: 4.2375
Epoch: 20, Batch: 340, Acc: 5.80%, Loss: 4.2872
Epoch: 20, Batch: 350, Acc: 5.79%, Loss: 4.2569
Epoch: 20, Batch: 360, Acc: 5.81%, Loss: 4.2530
Epoch: 20, Batch: 370, Acc: 5.84%, Loss: 4.2398
Epoch: 20, Batch: 380, Acc: 5.79%, Loss: 4.2615
Epoch: 20, Batch: 390, Acc: 5.79%, Loss: 4.2901
Epoch: 20, Batch: 400, Acc: 5.82%, Loss: 4.2899
Epoch: 20, Batch: 410, Acc: 5.82%, Loss: 4.2957
Epoch: 20, Batch: 420, Acc: 5.83%, Loss: 4.2322
Epoch: 20, Batch: 430, Acc: 5.84%, Loss: 4.2665
Epoch: 20, Batch: 440, Acc: 5.82%, Loss: 4.2949
Epoch: 20, Batch: 450, Acc: 5.84%, Loss: 4.2596
Epoch: 20, Batch: 460, Acc: 5.85%, Loss: 4.2471
Epoch: 20, Batch: 470, Acc: 5.87%, Loss: 4.2479
Epoch: 20, Batch: 480, Acc: 5.83%, Loss: 4.2458
Epoch: 20, Batch: 490, Acc: 5.82%, Loss: 4.2575
Epoch: 20, Batch: 500, Acc: 5.83%, Loss: 4.3068
Epoch: 20, Batch: 510, Acc: 5.82%, Loss: 4.2799
Epoch: 20, Batch: 520, Acc: 5.83%, Loss: 4.2696
Epoch: 20, Batch: 530, Acc: 5.83%, Loss: 4.2883
Epoch: 20, Batch: 540, Acc: 5.84%, Loss: 4.2607
Epoch: 20, Batch: 550, Acc: 5.84%, Loss: 4.2688
Epoch: 20, Batch: 560, Acc: 5.84%, Loss: 4.2409
Epoch: 20, Batch: 570, Acc: 5.86%, Loss: 4.2373
Epoch: 20, Batch: 580, Acc: 5.86%, Loss: 4.2228
Epoch: 20, Batch: 590, Acc: 5.88%, Loss: 4.2499
Epoch: 20, Batch: 600, Acc: 5.87%, Loss: 4.2785
Epoch: 20, Batch: 610, Acc: 5.86%, Loss: 4.3082
Epoch: 20, Batch: 620, Acc: 5.86%, Loss: 4.2393
Epoch: 20, Batch: 630, Acc: 5.87%, Loss: 4.2658
Epoch: 20, Batch: 640, Acc: 5.88%, Loss: 4.2721
Epoch: 20, Batch: 650, Acc: 5.88%, Loss: 4.3167
Epoch: 20, Batch: 660, Acc: 5.89%, Loss: 4.2657
Epoch: 20, Batch: 670, Acc: 5.90%, Loss: 4.2640
Epoch: 20, Batch: 680, Acc: 5.88%, Loss: 4.2768
Epoch: 20, Batch: 690, Acc: 5.89%, Loss: 4.2460
Epoch: 20, Batch: 700, Acc: 5.91%, Loss: 4.2558
Epoch: 20, Batch: 710, Acc: 5.93%, Loss: 4.2462
Epoch: 20, Batch: 720, Acc: 5.91%, Loss: 4.2890
Epoch: 20, Batch: 730, Acc: 5.91%, Loss: 4.2265
Epoch: 20, Batch: 740, Acc: 5.90%, Loss: 4.2271
Epoch: 20, Batch: 750, Acc: 5.91%, Loss: 4.2222
Epoch: 20, Batch: 760, Acc: 5.91%, Loss: 4.2953
Epoch: 20, Batch: 770, Acc: 5.92%, Loss: 4.2340
Epoch: 20, Batch: 780, Acc: 5.92%, Loss: 4.2613
Accuracy on test set: 6.07%
Epoch: 21, Batch: 10, Acc: 7.03%, Loss: 4.2207
Epoch: 21, Batch: 20, Acc: 6.72%, Loss: 4.2332
Epoch: 21, Batch: 30, Acc: 6.98%, Loss: 4.2162
Epoch: 21, Batch: 40, Acc: 6.76%, Loss: 4.2513
Epoch: 21, Batch: 50, Acc: 6.50%, Loss: 4.2644
Epoch: 21, Batch: 60, Acc: 6.41%, Loss: 4.2103
Epoch: 21, Batch: 70, Acc: 6.38%, Loss: 4.2136
Epoch: 21, Batch: 80, Acc: 6.17%, Loss: 4.2824
Epoch: 21, Batch: 90, Acc: 6.09%, Loss: 4.2634
Epoch: 21, Batch: 100, Acc: 6.02%, Loss: 4.2629
Epoch: 21, Batch: 110, Acc: 5.91%, Loss: 4.3209
Epoch: 21, Batch: 120, Acc: 5.89%, Loss: 4.3153
Epoch: 21, Batch: 130, Acc: 5.76%, Loss: 4.3108
Epoch: 21, Batch: 140, Acc: 5.62%, Loss: 4.3072
Epoch: 21, Batch: 150, Acc: 5.66%, Loss: 4.2634
Epoch: 21, Batch: 160, Acc: 5.67%, Loss: 4.2345
Epoch: 21, Batch: 170, Acc: 5.63%, Loss: 4.2617
Epoch: 21, Batch: 180, Acc: 5.69%, Loss: 4.2478
Epoch: 21, Batch: 190, Acc: 5.71%, Loss: 4.2387
Epoch: 21, Batch: 200, Acc: 5.82%, Loss: 4.2473
Epoch: 21, Batch: 210, Acc: 5.85%, Loss: 4.2814
Epoch: 21, Batch: 220, Acc: 5.82%, Loss: 4.2876
Epoch: 21, Batch: 230, Acc: 5.82%, Loss: 4.2867
Epoch: 21, Batch: 240, Acc: 5.79%, Loss: 4.2642
Epoch: 21, Batch: 250, Acc: 5.77%, Loss: 4.2456
Epoch: 21, Batch: 260, Acc: 5.76%, Loss: 4.2335
Epoch: 21, Batch: 270, Acc: 5.78%, Loss: 4.2982
Epoch: 21, Batch: 280, Acc: 5.81%, Loss: 4.2726
Epoch: 21, Batch: 290, Acc: 5.81%, Loss: 4.2382
Epoch: 21, Batch: 300, Acc: 5.82%, Loss: 4.2280
Epoch: 21, Batch: 310, Acc: 5.82%, Loss: 4.2565
Epoch: 21, Batch: 320, Acc: 5.83%, Loss: 4.2810
Epoch: 21, Batch: 330, Acc: 5.83%, Loss: 4.2890
Epoch: 21, Batch: 340, Acc: 5.82%, Loss: 4.2372
Epoch: 21, Batch: 350, Acc: 5.87%, Loss: 4.2520
Epoch: 21, Batch: 360, Acc: 5.86%, Loss: 4.2446
Epoch: 21, Batch: 370, Acc: 5.85%, Loss: 4.2795
Epoch: 21, Batch: 380, Acc: 5.85%, Loss: 4.2423
Epoch: 21, Batch: 390, Acc: 5.86%, Loss: 4.3013
Epoch: 21, Batch: 400, Acc: 5.85%, Loss: 4.2674
Epoch: 21, Batch: 410, Acc: 5.88%, Loss: 4.2158
Epoch: 21, Batch: 420, Acc: 5.85%, Loss: 4.3231
Epoch: 21, Batch: 430, Acc: 5.85%, Loss: 4.2783
Epoch: 21, Batch: 440, Acc: 5.90%, Loss: 4.2700
Epoch: 21, Batch: 450, Acc: 5.88%, Loss: 4.2993
Epoch: 21, Batch: 460, Acc: 5.88%, Loss: 4.3049
Epoch: 21, Batch: 470, Acc: 5.89%, Loss: 4.2989
Epoch: 21, Batch: 480, Acc: 5.89%, Loss: 4.2737
Epoch: 21, Batch: 490, Acc: 5.87%, Loss: 4.2810
Epoch: 21, Batch: 500, Acc: 5.85%, Loss: 4.2853
Epoch: 21, Batch: 510, Acc: 5.85%, Loss: 4.2360
Epoch: 21, Batch: 520, Acc: 5.84%, Loss: 4.2969
Epoch: 21, Batch: 530, Acc: 5.87%, Loss: 4.2408
Epoch: 21, Batch: 540, Acc: 5.87%, Loss: 4.2811
Epoch: 21, Batch: 550, Acc: 5.88%, Loss: 4.2647
Epoch: 21, Batch: 560, Acc: 5.92%, Loss: 4.2641
Epoch: 21, Batch: 570, Acc: 5.90%, Loss: 4.2653
Epoch: 21, Batch: 580, Acc: 5.92%, Loss: 4.2039
Epoch: 21, Batch: 590, Acc: 5.90%, Loss: 4.2462
Epoch: 21, Batch: 600, Acc: 5.86%, Loss: 4.2908
Epoch: 21, Batch: 610, Acc: 5.88%, Loss: 4.2691
Epoch: 21, Batch: 620, Acc: 5.88%, Loss: 4.2435
Epoch: 21, Batch: 630, Acc: 5.88%, Loss: 4.2515
Epoch: 21, Batch: 640, Acc: 5.87%, Loss: 4.2662
Epoch: 21, Batch: 650, Acc: 5.88%, Loss: 4.2682
Epoch: 21, Batch: 660, Acc: 5.88%, Loss: 4.2693
Epoch: 21, Batch: 670, Acc: 5.87%, Loss: 4.3131
Epoch: 21, Batch: 680, Acc: 5.88%, Loss: 4.2328
Epoch: 21, Batch: 690, Acc: 5.91%, Loss: 4.2444
Epoch: 21, Batch: 700, Acc: 5.89%, Loss: 4.3084
Epoch: 21, Batch: 710, Acc: 5.92%, Loss: 4.2695
Epoch: 21, Batch: 720, Acc: 5.93%, Loss: 4.2045
Epoch: 21, Batch: 730, Acc: 5.92%, Loss: 4.2860
Epoch: 21, Batch: 740, Acc: 5.90%, Loss: 4.2650
Epoch: 21, Batch: 750, Acc: 5.91%, Loss: 4.2301
Epoch: 21, Batch: 760, Acc: 5.93%, Loss: 4.2229
Epoch: 21, Batch: 770, Acc: 5.94%, Loss: 4.2632
Epoch: 21, Batch: 780, Acc: 5.94%, Loss: 4.2300
Accuracy on test set: 6.09%
Epoch: 22, Batch: 10, Acc: 5.47%, Loss: 4.2739
Epoch: 22, Batch: 20, Acc: 5.55%, Loss: 4.2577
Epoch: 22, Batch: 30, Acc: 5.73%, Loss: 4.2267
Epoch: 22, Batch: 40, Acc: 5.86%, Loss: 4.2788
Epoch: 22, Batch: 50, Acc: 6.28%, Loss: 4.2404
Epoch: 22, Batch: 60, Acc: 6.46%, Loss: 4.2453
Epoch: 22, Batch: 70, Acc: 6.70%, Loss: 4.2132
Epoch: 22, Batch: 80, Acc: 6.56%, Loss: 4.2433
Epoch: 22, Batch: 90, Acc: 6.49%, Loss: 4.2253
Epoch: 22, Batch: 100, Acc: 6.34%, Loss: 4.2765
Epoch: 22, Batch: 110, Acc: 6.31%, Loss: 4.2272
Epoch: 22, Batch: 120, Acc: 6.26%, Loss: 4.2847
Epoch: 22, Batch: 130, Acc: 6.24%, Loss: 4.2688
Epoch: 22, Batch: 140, Acc: 6.19%, Loss: 4.2755
Epoch: 22, Batch: 150, Acc: 6.19%, Loss: 4.2098
Epoch: 22, Batch: 160, Acc: 6.22%, Loss: 4.2650
Epoch: 22, Batch: 170, Acc: 6.24%, Loss: 4.2170
Epoch: 22, Batch: 180, Acc: 6.13%, Loss: 4.2970
Epoch: 22, Batch: 190, Acc: 6.13%, Loss: 4.3182
Epoch: 22, Batch: 200, Acc: 6.17%, Loss: 4.2330
Epoch: 22, Batch: 210, Acc: 6.15%, Loss: 4.2261
Epoch: 22, Batch: 220, Acc: 6.12%, Loss: 4.2965
Epoch: 22, Batch: 230, Acc: 6.11%, Loss: 4.2665
Epoch: 22, Batch: 240, Acc: 6.13%, Loss: 4.2399
Epoch: 22, Batch: 250, Acc: 6.10%, Loss: 4.2829
Epoch: 22, Batch: 260, Acc: 6.14%, Loss: 4.2146
Epoch: 22, Batch: 270, Acc: 6.14%, Loss: 4.2396
Epoch: 22, Batch: 280, Acc: 6.12%, Loss: 4.2803
Epoch: 22, Batch: 290, Acc: 6.12%, Loss: 4.3008
Epoch: 22, Batch: 300, Acc: 6.10%, Loss: 4.2196
Epoch: 22, Batch: 310, Acc: 6.08%, Loss: 4.2491
Epoch: 22, Batch: 320, Acc: 6.03%, Loss: 4.2607
Epoch: 22, Batch: 330, Acc: 6.01%, Loss: 4.2464
Epoch: 22, Batch: 340, Acc: 6.08%, Loss: 4.1770
Epoch: 22, Batch: 350, Acc: 6.06%, Loss: 4.2378
Epoch: 22, Batch: 360, Acc: 6.06%, Loss: 4.2059
Epoch: 22, Batch: 370, Acc: 6.03%, Loss: 4.2706
Epoch: 22, Batch: 380, Acc: 6.04%, Loss: 4.2593
Epoch: 22, Batch: 390, Acc: 6.03%, Loss: 4.2499
Epoch: 22, Batch: 400, Acc: 6.05%, Loss: 4.2164
Epoch: 22, Batch: 410, Acc: 6.01%, Loss: 4.3111
Epoch: 22, Batch: 420, Acc: 5.99%, Loss: 4.3334
Epoch: 22, Batch: 430, Acc: 6.01%, Loss: 4.2194
Epoch: 22, Batch: 440, Acc: 6.00%, Loss: 4.2436
Epoch: 22, Batch: 450, Acc: 5.99%, Loss: 4.3268
Epoch: 22, Batch: 460, Acc: 6.01%, Loss: 4.2831
Epoch: 22, Batch: 470, Acc: 6.01%, Loss: 4.2961
Epoch: 22, Batch: 480, Acc: 6.01%, Loss: 4.3039
Epoch: 22, Batch: 490, Acc: 6.02%, Loss: 4.2739
Epoch: 22, Batch: 500, Acc: 6.02%, Loss: 4.2475
Epoch: 22, Batch: 510, Acc: 6.04%, Loss: 4.2383
Epoch: 22, Batch: 520, Acc: 6.05%, Loss: 4.2036
Epoch: 22, Batch: 530, Acc: 6.02%, Loss: 4.2898
Epoch: 22, Batch: 540, Acc: 6.02%, Loss: 4.2672
Epoch: 22, Batch: 550, Acc: 6.02%, Loss: 4.2797
Epoch: 22, Batch: 560, Acc: 6.01%, Loss: 4.2642
Epoch: 22, Batch: 570, Acc: 6.02%, Loss: 4.2627
Epoch: 22, Batch: 580, Acc: 6.01%, Loss: 4.2886
Epoch: 22, Batch: 590, Acc: 6.00%, Loss: 4.3286
Epoch: 22, Batch: 600, Acc: 5.99%, Loss: 4.2616
Epoch: 22, Batch: 610, Acc: 5.97%, Loss: 4.3107
Epoch: 22, Batch: 620, Acc: 5.98%, Loss: 4.2480
Epoch: 22, Batch: 630, Acc: 5.96%, Loss: 4.2793
Epoch: 22, Batch: 640, Acc: 5.94%, Loss: 4.2516
Epoch: 22, Batch: 650, Acc: 5.95%, Loss: 4.2051
Epoch: 22, Batch: 660, Acc: 5.97%, Loss: 4.2242
Epoch: 22, Batch: 670, Acc: 5.97%, Loss: 4.2953
Epoch: 22, Batch: 680, Acc: 5.97%, Loss: 4.2797
Epoch: 22, Batch: 690, Acc: 5.98%, Loss: 4.2826
Epoch: 22, Batch: 700, Acc: 5.98%, Loss: 4.2587
Epoch: 22, Batch: 710, Acc: 6.00%, Loss: 4.2553
Epoch: 22, Batch: 720, Acc: 6.00%, Loss: 4.2294
Epoch: 22, Batch: 730, Acc: 5.99%, Loss: 4.2626
Epoch: 22, Batch: 740, Acc: 6.00%, Loss: 4.2654
Epoch: 22, Batch: 750, Acc: 6.01%, Loss: 4.2406
Epoch: 22, Batch: 760, Acc: 6.00%, Loss: 4.2869
Epoch: 22, Batch: 770, Acc: 5.98%, Loss: 4.3085
Epoch: 22, Batch: 780, Acc: 5.98%, Loss: 4.2842
Accuracy on test set: 6.42%
Epoch: 23, Batch: 10, Acc: 6.56%, Loss: 4.2623
Epoch: 23, Batch: 20, Acc: 6.64%, Loss: 4.2701
Epoch: 23, Batch: 30, Acc: 6.41%, Loss: 4.2760
Epoch: 23, Batch: 40, Acc: 6.17%, Loss: 4.2645
Epoch: 23, Batch: 50, Acc: 6.03%, Loss: 4.2304
Epoch: 23, Batch: 60, Acc: 5.76%, Loss: 4.2536
Epoch: 23, Batch: 70, Acc: 5.62%, Loss: 4.2758
Epoch: 23, Batch: 80, Acc: 5.61%, Loss: 4.2696
Epoch: 23, Batch: 90, Acc: 5.68%, Loss: 4.2470
Epoch: 23, Batch: 100, Acc: 5.75%, Loss: 4.2683
Epoch: 23, Batch: 110, Acc: 5.77%, Loss: 4.2820
Epoch: 23, Batch: 120, Acc: 5.82%, Loss: 4.2098
Epoch: 23, Batch: 130, Acc: 5.84%, Loss: 4.2414
Epoch: 23, Batch: 140, Acc: 5.85%, Loss: 4.2895
Epoch: 23, Batch: 150, Acc: 5.73%, Loss: 4.2814
Epoch: 23, Batch: 160, Acc: 5.72%, Loss: 4.2410
Epoch: 23, Batch: 170, Acc: 5.69%, Loss: 4.2749
Epoch: 23, Batch: 180, Acc: 5.71%, Loss: 4.3205
Epoch: 23, Batch: 190, Acc: 5.69%, Loss: 4.2893
Epoch: 23, Batch: 200, Acc: 5.73%, Loss: 4.2577
Epoch: 23, Batch: 210, Acc: 5.79%, Loss: 4.2350
Epoch: 23, Batch: 220, Acc: 5.92%, Loss: 4.2208
Epoch: 23, Batch: 230, Acc: 5.98%, Loss: 4.2046
Epoch: 23, Batch: 240, Acc: 5.92%, Loss: 4.3284
Epoch: 23, Batch: 250, Acc: 5.89%, Loss: 4.2321
Epoch: 23, Batch: 260, Acc: 5.91%, Loss: 4.2163
Epoch: 23, Batch: 270, Acc: 5.86%, Loss: 4.2975
Epoch: 23, Batch: 280, Acc: 5.86%, Loss: 4.2595
Epoch: 23, Batch: 290, Acc: 5.85%, Loss: 4.1857
Epoch: 23, Batch: 300, Acc: 5.83%, Loss: 4.2288
Epoch: 23, Batch: 310, Acc: 5.86%, Loss: 4.2573
Epoch: 23, Batch: 320, Acc: 5.86%, Loss: 4.2471
Epoch: 23, Batch: 330, Acc: 5.89%, Loss: 4.2955
Epoch: 23, Batch: 340, Acc: 5.87%, Loss: 4.2288
Epoch: 23, Batch: 350, Acc: 5.86%, Loss: 4.2984
Epoch: 23, Batch: 360, Acc: 5.93%, Loss: 4.2272
Epoch: 23, Batch: 370, Acc: 5.93%, Loss: 4.2943
Epoch: 23, Batch: 380, Acc: 5.95%, Loss: 4.2390
Epoch: 23, Batch: 390, Acc: 5.99%, Loss: 4.2057
Epoch: 23, Batch: 400, Acc: 5.99%, Loss: 4.2579
Epoch: 23, Batch: 410, Acc: 6.02%, Loss: 4.2150
Epoch: 23, Batch: 420, Acc: 6.02%, Loss: 4.2648
Epoch: 23, Batch: 430, Acc: 6.04%, Loss: 4.2420
Epoch: 23, Batch: 440, Acc: 6.02%, Loss: 4.2992
Epoch: 23, Batch: 450, Acc: 6.03%, Loss: 4.2479
Epoch: 23, Batch: 460, Acc: 6.04%, Loss: 4.2957
Epoch: 23, Batch: 470, Acc: 6.08%, Loss: 4.2182
Epoch: 23, Batch: 480, Acc: 6.06%, Loss: 4.2412
Epoch: 23, Batch: 490, Acc: 6.05%, Loss: 4.2261
Epoch: 23, Batch: 500, Acc: 6.05%, Loss: 4.2199
Epoch: 23, Batch: 510, Acc: 6.06%, Loss: 4.2834
Epoch: 23, Batch: 520, Acc: 6.03%, Loss: 4.2520
Epoch: 23, Batch: 530, Acc: 6.06%, Loss: 4.2251
Epoch: 23, Batch: 540, Acc: 6.03%, Loss: 4.3143
Epoch: 23, Batch: 550, Acc: 6.04%, Loss: 4.2872
Epoch: 23, Batch: 560, Acc: 6.04%, Loss: 4.2802
Epoch: 23, Batch: 570, Acc: 6.03%, Loss: 4.2395
Epoch: 23, Batch: 580, Acc: 6.05%, Loss: 4.2573
Epoch: 23, Batch: 590, Acc: 6.05%, Loss: 4.2378
Epoch: 23, Batch: 600, Acc: 6.08%, Loss: 4.2641
Epoch: 23, Batch: 610, Acc: 6.10%, Loss: 4.2286
Epoch: 23, Batch: 620, Acc: 6.06%, Loss: 4.2880
Epoch: 23, Batch: 630, Acc: 6.03%, Loss: 4.3177
Epoch: 23, Batch: 640, Acc: 6.04%, Loss: 4.2532
Epoch: 23, Batch: 650, Acc: 6.03%, Loss: 4.2678
Epoch: 23, Batch: 660, Acc: 6.01%, Loss: 4.2960
Epoch: 23, Batch: 670, Acc: 6.03%, Loss: 4.2477
Epoch: 23, Batch: 680, Acc: 6.00%, Loss: 4.2690
Epoch: 23, Batch: 690, Acc: 6.01%, Loss: 4.2517
Epoch: 23, Batch: 700, Acc: 6.02%, Loss: 4.2412
Epoch: 23, Batch: 710, Acc: 6.01%, Loss: 4.2584
Epoch: 23, Batch: 720, Acc: 5.97%, Loss: 4.3167
Epoch: 23, Batch: 730, Acc: 5.97%, Loss: 4.2945
Epoch: 23, Batch: 740, Acc: 5.99%, Loss: 4.2114
Epoch: 23, Batch: 750, Acc: 6.00%, Loss: 4.2518
Epoch: 23, Batch: 760, Acc: 6.01%, Loss: 4.2819
Epoch: 23, Batch: 770, Acc: 6.01%, Loss: 4.2235
Epoch: 23, Batch: 780, Acc: 6.03%, Loss: 4.2403
Accuracy on test set: 6.14%
Epoch: 24, Batch: 10, Acc: 6.09%, Loss: 4.2735
Epoch: 24, Batch: 20, Acc: 6.17%, Loss: 4.2204
Epoch: 24, Batch: 30, Acc: 5.94%, Loss: 4.3020
Epoch: 24, Batch: 40, Acc: 5.74%, Loss: 4.3147
Epoch: 24, Batch: 50, Acc: 5.59%, Loss: 4.2546
Epoch: 24, Batch: 60, Acc: 5.55%, Loss: 4.2374
Epoch: 24, Batch: 70, Acc: 5.67%, Loss: 4.2674
Epoch: 24, Batch: 80, Acc: 5.78%, Loss: 4.2900
Epoch: 24, Batch: 90, Acc: 5.76%, Loss: 4.3069
Epoch: 24, Batch: 100, Acc: 5.86%, Loss: 4.2433
Epoch: 24, Batch: 110, Acc: 5.84%, Loss: 4.2237
Epoch: 24, Batch: 120, Acc: 5.79%, Loss: 4.2872
Epoch: 24, Batch: 130, Acc: 5.73%, Loss: 4.2383
Epoch: 24, Batch: 140, Acc: 5.79%, Loss: 4.2811
Epoch: 24, Batch: 150, Acc: 5.77%, Loss: 4.2721
Epoch: 24, Batch: 160, Acc: 5.79%, Loss: 4.1714
Epoch: 24, Batch: 170, Acc: 5.85%, Loss: 4.2500
Epoch: 24, Batch: 180, Acc: 5.91%, Loss: 4.2273
Epoch: 24, Batch: 190, Acc: 5.95%, Loss: 4.2004
Epoch: 24, Batch: 200, Acc: 5.95%, Loss: 4.2351
Epoch: 24, Batch: 210, Acc: 6.01%, Loss: 4.2889
Epoch: 24, Batch: 220, Acc: 6.02%, Loss: 4.2536
Epoch: 24, Batch: 230, Acc: 6.04%, Loss: 4.2550
Epoch: 24, Batch: 240, Acc: 6.11%, Loss: 4.2274
Epoch: 24, Batch: 250, Acc: 6.16%, Loss: 4.2105
Epoch: 24, Batch: 260, Acc: 6.13%, Loss: 4.2721
Epoch: 24, Batch: 270, Acc: 6.08%, Loss: 4.2724
Epoch: 24, Batch: 280, Acc: 6.10%, Loss: 4.2233
Epoch: 24, Batch: 290, Acc: 6.12%, Loss: 4.2161
Epoch: 24, Batch: 300, Acc: 6.10%, Loss: 4.2445
Epoch: 24, Batch: 310, Acc: 6.07%, Loss: 4.3086
Epoch: 24, Batch: 320, Acc: 6.03%, Loss: 4.2703
Epoch: 24, Batch: 330, Acc: 6.03%, Loss: 4.2674
Epoch: 24, Batch: 340, Acc: 6.02%, Loss: 4.2727
Epoch: 24, Batch: 350, Acc: 6.06%, Loss: 4.2307
Epoch: 24, Batch: 360, Acc: 6.03%, Loss: 4.2624
Epoch: 24, Batch: 370, Acc: 6.01%, Loss: 4.2587
Epoch: 24, Batch: 380, Acc: 6.01%, Loss: 4.2667
Epoch: 24, Batch: 390, Acc: 6.00%, Loss: 4.2545
Epoch: 24, Batch: 400, Acc: 5.95%, Loss: 4.3142
Epoch: 24, Batch: 410, Acc: 5.93%, Loss: 4.2904
Epoch: 24, Batch: 420, Acc: 5.94%, Loss: 4.2874
Epoch: 24, Batch: 430, Acc: 5.96%, Loss: 4.1900
Epoch: 24, Batch: 440, Acc: 5.96%, Loss: 4.2611
Epoch: 24, Batch: 450, Acc: 5.98%, Loss: 4.2545
Epoch: 24, Batch: 460, Acc: 5.99%, Loss: 4.2701
Epoch: 24, Batch: 470, Acc: 5.98%, Loss: 4.2874
Epoch: 24, Batch: 480, Acc: 6.00%, Loss: 4.2381
Epoch: 24, Batch: 490, Acc: 6.00%, Loss: 4.2545
Epoch: 24, Batch: 500, Acc: 6.03%, Loss: 4.2486
Epoch: 24, Batch: 510, Acc: 6.02%, Loss: 4.2803
Epoch: 24, Batch: 520, Acc: 6.02%, Loss: 4.2315
Epoch: 24, Batch: 530, Acc: 6.04%, Loss: 4.2713
Epoch: 24, Batch: 540, Acc: 6.05%, Loss: 4.2598
Epoch: 24, Batch: 550, Acc: 6.02%, Loss: 4.2886
Epoch: 24, Batch: 560, Acc: 6.04%, Loss: 4.2416
Epoch: 24, Batch: 570, Acc: 6.04%, Loss: 4.2890
Epoch: 24, Batch: 580, Acc: 6.04%, Loss: 4.2356
Epoch: 24, Batch: 590, Acc: 6.03%, Loss: 4.2665
Epoch: 24, Batch: 600, Acc: 6.04%, Loss: 4.2664
Epoch: 24, Batch: 610, Acc: 6.03%, Loss: 4.2816
Epoch: 24, Batch: 620, Acc: 6.03%, Loss: 4.2279
Epoch: 24, Batch: 630, Acc: 6.00%, Loss: 4.2642
Epoch: 24, Batch: 640, Acc: 5.99%, Loss: 4.2894
Epoch: 24, Batch: 650, Acc: 6.00%, Loss: 4.2484
Epoch: 24, Batch: 660, Acc: 6.00%, Loss: 4.2170
Epoch: 24, Batch: 670, Acc: 5.98%, Loss: 4.3036
Epoch: 24, Batch: 680, Acc: 6.00%, Loss: 4.2320
Epoch: 24, Batch: 690, Acc: 6.01%, Loss: 4.2200
Epoch: 24, Batch: 700, Acc: 6.02%, Loss: 4.2325
Epoch: 24, Batch: 710, Acc: 6.00%, Loss: 4.2541
Epoch: 24, Batch: 720, Acc: 6.00%, Loss: 4.2156
Epoch: 24, Batch: 730, Acc: 5.99%, Loss: 4.2728
Epoch: 24, Batch: 740, Acc: 6.01%, Loss: 4.2224
Epoch: 24, Batch: 750, Acc: 6.00%, Loss: 4.2824
Epoch: 24, Batch: 760, Acc: 5.99%, Loss: 4.2286
Epoch: 24, Batch: 770, Acc: 6.00%, Loss: 4.2873
Epoch: 24, Batch: 780, Acc: 6.01%, Loss: 4.2144
Accuracy on test set: 6.31%
Epoch: 25, Batch: 10, Acc: 6.72%, Loss: 4.3156
Epoch: 25, Batch: 20, Acc: 5.86%, Loss: 4.2877
Epoch: 25, Batch: 30, Acc: 5.73%, Loss: 4.2502
Epoch: 25, Batch: 40, Acc: 5.66%, Loss: 4.2487
Epoch: 25, Batch: 50, Acc: 5.69%, Loss: 4.2428
Epoch: 25, Batch: 60, Acc: 5.81%, Loss: 4.2466
Epoch: 25, Batch: 70, Acc: 6.00%, Loss: 4.3130
Epoch: 25, Batch: 80, Acc: 6.15%, Loss: 4.2435
Epoch: 25, Batch: 90, Acc: 6.06%, Loss: 4.2900
Epoch: 25, Batch: 100, Acc: 6.03%, Loss: 4.2052
Epoch: 25, Batch: 110, Acc: 5.99%, Loss: 4.2745
Epoch: 25, Batch: 120, Acc: 6.02%, Loss: 4.2864
Epoch: 25, Batch: 130, Acc: 6.06%, Loss: 4.2541
Epoch: 25, Batch: 140, Acc: 6.16%, Loss: 4.2372
Epoch: 25, Batch: 150, Acc: 6.17%, Loss: 4.2804
Epoch: 25, Batch: 160, Acc: 6.03%, Loss: 4.2912
Epoch: 25, Batch: 170, Acc: 5.95%, Loss: 4.2758
Epoch: 25, Batch: 180, Acc: 6.05%, Loss: 4.2030
Epoch: 25, Batch: 190, Acc: 6.07%, Loss: 4.2483
Epoch: 25, Batch: 200, Acc: 5.98%, Loss: 4.2575
Epoch: 25, Batch: 210, Acc: 6.03%, Loss: 4.2622
Epoch: 25, Batch: 220, Acc: 6.02%, Loss: 4.2908
Epoch: 25, Batch: 230, Acc: 6.03%, Loss: 4.2786
Epoch: 25, Batch: 240, Acc: 6.10%, Loss: 4.2165
Epoch: 25, Batch: 250, Acc: 6.09%, Loss: 4.2237
Epoch: 25, Batch: 260, Acc: 6.09%, Loss: 4.2167
Epoch: 25, Batch: 270, Acc: 6.08%, Loss: 4.2870
Epoch: 25, Batch: 280, Acc: 6.07%, Loss: 4.2479
Epoch: 25, Batch: 290, Acc: 6.04%, Loss: 4.2982
Epoch: 25, Batch: 300, Acc: 6.09%, Loss: 4.2234
Epoch: 25, Batch: 310, Acc: 6.06%, Loss: 4.2615
Epoch: 25, Batch: 320, Acc: 6.07%, Loss: 4.2786
Epoch: 25, Batch: 330, Acc: 6.10%, Loss: 4.2462
Epoch: 25, Batch: 340, Acc: 6.18%, Loss: 4.2529
Epoch: 25, Batch: 350, Acc: 6.17%, Loss: 4.2929
Epoch: 25, Batch: 360, Acc: 6.18%, Loss: 4.2237
Epoch: 25, Batch: 370, Acc: 6.20%, Loss: 4.2254
Epoch: 25, Batch: 380, Acc: 6.21%, Loss: 4.2079
Epoch: 25, Batch: 390, Acc: 6.19%, Loss: 4.2892
Epoch: 25, Batch: 400, Acc: 6.19%, Loss: 4.2670
Epoch: 25, Batch: 410, Acc: 6.21%, Loss: 4.2286
Epoch: 25, Batch: 420, Acc: 6.17%, Loss: 4.2829
Epoch: 25, Batch: 430, Acc: 6.12%, Loss: 4.2683
Epoch: 25, Batch: 440, Acc: 6.12%, Loss: 4.2634
Epoch: 25, Batch: 450, Acc: 6.11%, Loss: 4.2419
Epoch: 25, Batch: 460, Acc: 6.15%, Loss: 4.2014
Epoch: 25, Batch: 470, Acc: 6.15%, Loss: 4.2728
Epoch: 25, Batch: 480, Acc: 6.12%, Loss: 4.3356
Epoch: 25, Batch: 490, Acc: 6.16%, Loss: 4.1975
Epoch: 25, Batch: 500, Acc: 6.14%, Loss: 4.2267
Epoch: 25, Batch: 510, Acc: 6.15%, Loss: 4.2165
Epoch: 25, Batch: 520, Acc: 6.14%, Loss: 4.2357
Epoch: 25, Batch: 530, Acc: 6.16%, Loss: 4.1876
Epoch: 25, Batch: 540, Acc: 6.15%, Loss: 4.2088
Epoch: 25, Batch: 550, Acc: 6.17%, Loss: 4.2728
Epoch: 25, Batch: 560, Acc: 6.15%, Loss: 4.2560
Epoch: 25, Batch: 570, Acc: 6.15%, Loss: 4.2285
Epoch: 25, Batch: 580, Acc: 6.14%, Loss: 4.2341
Epoch: 25, Batch: 590, Acc: 6.14%, Loss: 4.2781
Epoch: 25, Batch: 600, Acc: 6.12%, Loss: 4.2835
Epoch: 25, Batch: 610, Acc: 6.10%, Loss: 4.2585
Epoch: 25, Batch: 620, Acc: 6.09%, Loss: 4.2708
Epoch: 25, Batch: 630, Acc: 6.07%, Loss: 4.2644
Epoch: 25, Batch: 640, Acc: 6.09%, Loss: 4.2169
Epoch: 25, Batch: 650, Acc: 6.10%, Loss: 4.2221
Epoch: 25, Batch: 660, Acc: 6.07%, Loss: 4.2684
Epoch: 25, Batch: 670, Acc: 6.08%, Loss: 4.2195
Epoch: 25, Batch: 680, Acc: 6.05%, Loss: 4.2512
Epoch: 25, Batch: 690, Acc: 6.07%, Loss: 4.2294
Epoch: 25, Batch: 700, Acc: 6.07%, Loss: 4.3106
Epoch: 25, Batch: 710, Acc: 6.08%, Loss: 4.2211
Epoch: 25, Batch: 720, Acc: 6.08%, Loss: 4.2849
Epoch: 25, Batch: 730, Acc: 6.07%, Loss: 4.2585
Epoch: 25, Batch: 740, Acc: 6.07%, Loss: 4.2241
Epoch: 25, Batch: 750, Acc: 6.08%, Loss: 4.2357
Epoch: 25, Batch: 760, Acc: 6.07%, Loss: 4.2758
Epoch: 25, Batch: 770, Acc: 6.07%, Loss: 4.2842
Epoch: 25, Batch: 780, Acc: 6.03%, Loss: 4.2809
Accuracy on test set: 6.49%
Epoch: 26, Batch: 10, Acc: 6.72%, Loss: 4.2142
Epoch: 26, Batch: 20, Acc: 7.27%, Loss: 4.2238
Epoch: 26, Batch: 30, Acc: 6.82%, Loss: 4.2840
Epoch: 26, Batch: 40, Acc: 6.64%, Loss: 4.2555
Epoch: 26, Batch: 50, Acc: 6.50%, Loss: 4.2209
Epoch: 26, Batch: 60, Acc: 6.54%, Loss: 4.2271
Epoch: 26, Batch: 70, Acc: 6.65%, Loss: 4.2203
Epoch: 26, Batch: 80, Acc: 6.74%, Loss: 4.2098
Epoch: 26, Batch: 90, Acc: 6.67%, Loss: 4.2434
Epoch: 26, Batch: 100, Acc: 6.59%, Loss: 4.2887
Epoch: 26, Batch: 110, Acc: 6.53%, Loss: 4.2821
Epoch: 26, Batch: 120, Acc: 6.45%, Loss: 4.2407
Epoch: 26, Batch: 130, Acc: 6.32%, Loss: 4.2998
Epoch: 26, Batch: 140, Acc: 6.21%, Loss: 4.2454
Epoch: 26, Batch: 150, Acc: 6.32%, Loss: 4.2057
Epoch: 26, Batch: 160, Acc: 6.25%, Loss: 4.2653
Epoch: 26, Batch: 170, Acc: 6.24%, Loss: 4.2539
Epoch: 26, Batch: 180, Acc: 6.22%, Loss: 4.2633
Epoch: 26, Batch: 190, Acc: 6.30%, Loss: 4.2218
Epoch: 26, Batch: 200, Acc: 6.24%, Loss: 4.2851
Epoch: 26, Batch: 210, Acc: 6.25%, Loss: 4.2387
Epoch: 26, Batch: 220, Acc: 6.30%, Loss: 4.1904
Epoch: 26, Batch: 230, Acc: 6.35%, Loss: 4.2403
Epoch: 26, Batch: 240, Acc: 6.30%, Loss: 4.3163
Epoch: 26, Batch: 250, Acc: 6.38%, Loss: 4.1860
Epoch: 26, Batch: 260, Acc: 6.39%, Loss: 4.2494
Epoch: 26, Batch: 270, Acc: 6.35%, Loss: 4.2794
Epoch: 26, Batch: 280, Acc: 6.32%, Loss: 4.2645
Epoch: 26, Batch: 290, Acc: 6.29%, Loss: 4.2334
Epoch: 26, Batch: 300, Acc: 6.27%, Loss: 4.2305
Epoch: 26, Batch: 310, Acc: 6.24%, Loss: 4.2889
Epoch: 26, Batch: 320, Acc: 6.24%, Loss: 4.2114
Epoch: 26, Batch: 330, Acc: 6.22%, Loss: 4.2763
Epoch: 26, Batch: 340, Acc: 6.21%, Loss: 4.2394
Epoch: 26, Batch: 350, Acc: 6.21%, Loss: 4.2731
Epoch: 26, Batch: 360, Acc: 6.16%, Loss: 4.2935
Epoch: 26, Batch: 370, Acc: 6.13%, Loss: 4.2653
Epoch: 26, Batch: 380, Acc: 6.11%, Loss: 4.2405
Epoch: 26, Batch: 390, Acc: 6.12%, Loss: 4.2088
Epoch: 26, Batch: 400, Acc: 6.11%, Loss: 4.2470
Epoch: 26, Batch: 410, Acc: 6.08%, Loss: 4.2822
Epoch: 26, Batch: 420, Acc: 6.09%, Loss: 4.2472
Epoch: 26, Batch: 430, Acc: 6.08%, Loss: 4.2848
Epoch: 26, Batch: 440, Acc: 6.07%, Loss: 4.2545
Epoch: 26, Batch: 450, Acc: 6.07%, Loss: 4.3076
Epoch: 26, Batch: 460, Acc: 6.09%, Loss: 4.2291
Epoch: 26, Batch: 470, Acc: 6.08%, Loss: 4.2561
Epoch: 26, Batch: 480, Acc: 6.10%, Loss: 4.2394
Epoch: 26, Batch: 490, Acc: 6.13%, Loss: 4.2422
Epoch: 26, Batch: 500, Acc: 6.11%, Loss: 4.2614
Epoch: 26, Batch: 510, Acc: 6.12%, Loss: 4.2266
Epoch: 26, Batch: 520, Acc: 6.14%, Loss: 4.2672
Epoch: 26, Batch: 530, Acc: 6.13%, Loss: 4.2823
Epoch: 26, Batch: 540, Acc: 6.10%, Loss: 4.3044
Epoch: 26, Batch: 550, Acc: 6.10%, Loss: 4.2427
Epoch: 26, Batch: 560, Acc: 6.10%, Loss: 4.2495
Epoch: 26, Batch: 570, Acc: 6.11%, Loss: 4.2785
Epoch: 26, Batch: 580, Acc: 6.11%, Loss: 4.2281
Epoch: 26, Batch: 590, Acc: 6.11%, Loss: 4.2771
Epoch: 26, Batch: 600, Acc: 6.10%, Loss: 4.2276
Epoch: 26, Batch: 610, Acc: 6.10%, Loss: 4.2597
Epoch: 26, Batch: 620, Acc: 6.10%, Loss: 4.2618
Epoch: 26, Batch: 630, Acc: 6.10%, Loss: 4.2165
Epoch: 26, Batch: 640, Acc: 6.10%, Loss: 4.2367
Epoch: 26, Batch: 650, Acc: 6.07%, Loss: 4.2720
Epoch: 26, Batch: 660, Acc: 6.08%, Loss: 4.2578
Epoch: 26, Batch: 670, Acc: 6.09%, Loss: 4.2756
Epoch: 26, Batch: 680, Acc: 6.08%, Loss: 4.2539
Epoch: 26, Batch: 690, Acc: 6.09%, Loss: 4.2658
Epoch: 26, Batch: 700, Acc: 6.12%, Loss: 4.2157
Epoch: 26, Batch: 710, Acc: 6.09%, Loss: 4.2678
Epoch: 26, Batch: 720, Acc: 6.09%, Loss: 4.2873
Epoch: 26, Batch: 730, Acc: 6.10%, Loss: 4.2533
Epoch: 26, Batch: 740, Acc: 6.10%, Loss: 4.2742
Epoch: 26, Batch: 750, Acc: 6.12%, Loss: 4.2072
Epoch: 26, Batch: 760, Acc: 6.13%, Loss: 4.2710
Epoch: 26, Batch: 770, Acc: 6.12%, Loss: 4.2824
Epoch: 26, Batch: 780, Acc: 6.13%, Loss: 4.1932
Accuracy on test set: 6.17%
Epoch: 27, Batch: 10, Acc: 5.94%, Loss: 4.2755
Epoch: 27, Batch: 20, Acc: 5.16%, Loss: 4.2366
Epoch: 27, Batch: 30, Acc: 5.62%, Loss: 4.2572
Epoch: 27, Batch: 40, Acc: 5.74%, Loss: 4.2860
Epoch: 27, Batch: 50, Acc: 6.06%, Loss: 4.2164
Epoch: 27, Batch: 60, Acc: 6.20%, Loss: 4.2372
Epoch: 27, Batch: 70, Acc: 6.29%, Loss: 4.2575
Epoch: 27, Batch: 80, Acc: 6.13%, Loss: 4.2719
Epoch: 27, Batch: 90, Acc: 6.08%, Loss: 4.2567
Epoch: 27, Batch: 100, Acc: 5.91%, Loss: 4.2612
Epoch: 27, Batch: 110, Acc: 6.04%, Loss: 4.2477
Epoch: 27, Batch: 120, Acc: 5.96%, Loss: 4.2491
Epoch: 27, Batch: 130, Acc: 5.94%, Loss: 4.2596
Epoch: 27, Batch: 140, Acc: 5.94%, Loss: 4.2572
Epoch: 27, Batch: 150, Acc: 5.83%, Loss: 4.2616
Epoch: 27, Batch: 160, Acc: 5.86%, Loss: 4.2538
Epoch: 27, Batch: 170, Acc: 5.95%, Loss: 4.2614
Epoch: 27, Batch: 180, Acc: 5.88%, Loss: 4.3055
Epoch: 27, Batch: 190, Acc: 5.96%, Loss: 4.2353
Epoch: 27, Batch: 200, Acc: 5.93%, Loss: 4.2812
Epoch: 27, Batch: 210, Acc: 5.95%, Loss: 4.2903
Epoch: 27, Batch: 220, Acc: 5.94%, Loss: 4.2686
Epoch: 27, Batch: 230, Acc: 5.93%, Loss: 4.2265
Epoch: 27, Batch: 240, Acc: 5.98%, Loss: 4.2627
Epoch: 27, Batch: 250, Acc: 6.01%, Loss: 4.2626
Epoch: 27, Batch: 260, Acc: 6.02%, Loss: 4.2400
Epoch: 27, Batch: 270, Acc: 6.01%, Loss: 4.2546
Epoch: 27, Batch: 280, Acc: 6.02%, Loss: 4.2436
Epoch: 27, Batch: 290, Acc: 6.02%, Loss: 4.2690
Epoch: 27, Batch: 300, Acc: 5.97%, Loss: 4.2630
Epoch: 27, Batch: 310, Acc: 5.99%, Loss: 4.1820
Epoch: 27, Batch: 320, Acc: 6.07%, Loss: 4.2287
Epoch: 27, Batch: 330, Acc: 6.10%, Loss: 4.2590
Epoch: 27, Batch: 340, Acc: 6.14%, Loss: 4.2442
Epoch: 27, Batch: 350, Acc: 6.15%, Loss: 4.2827
Epoch: 27, Batch: 360, Acc: 6.13%, Loss: 4.2683
Epoch: 27, Batch: 370, Acc: 6.11%, Loss: 4.2420
Epoch: 27, Batch: 380, Acc: 6.13%, Loss: 4.2396
Epoch: 27, Batch: 390, Acc: 6.15%, Loss: 4.2639
Epoch: 27, Batch: 400, Acc: 6.16%, Loss: 4.2708
Epoch: 27, Batch: 410, Acc: 6.15%, Loss: 4.3019
Epoch: 27, Batch: 420, Acc: 6.15%, Loss: 4.2279
Epoch: 27, Batch: 430, Acc: 6.13%, Loss: 4.2384
Epoch: 27, Batch: 440, Acc: 6.09%, Loss: 4.2536
Epoch: 27, Batch: 450, Acc: 6.11%, Loss: 4.2698
Epoch: 27, Batch: 460, Acc: 6.12%, Loss: 4.2793
Epoch: 27, Batch: 470, Acc: 6.08%, Loss: 4.2400
Epoch: 27, Batch: 480, Acc: 6.11%, Loss: 4.1984
Epoch: 27, Batch: 490, Acc: 6.11%, Loss: 4.1832
Epoch: 27, Batch: 500, Acc: 6.14%, Loss: 4.2100
Epoch: 27, Batch: 510, Acc: 6.16%, Loss: 4.2316
Epoch: 27, Batch: 520, Acc: 6.17%, Loss: 4.2506
Epoch: 27, Batch: 530, Acc: 6.18%, Loss: 4.2293
Epoch: 27, Batch: 540, Acc: 6.21%, Loss: 4.2068
Epoch: 27, Batch: 550, Acc: 6.21%, Loss: 4.2586
Epoch: 27, Batch: 560, Acc: 6.22%, Loss: 4.2846
Epoch: 27, Batch: 570, Acc: 6.23%, Loss: 4.2018
Epoch: 27, Batch: 580, Acc: 6.24%, Loss: 4.2959
Epoch: 27, Batch: 590, Acc: 6.22%, Loss: 4.2874
Epoch: 27, Batch: 600, Acc: 6.22%, Loss: 4.2298
Epoch: 27, Batch: 610, Acc: 6.20%, Loss: 4.2624
Epoch: 27, Batch: 620, Acc: 6.19%, Loss: 4.2373
Epoch: 27, Batch: 630, Acc: 6.16%, Loss: 4.3143
Epoch: 27, Batch: 640, Acc: 6.15%, Loss: 4.2615
Epoch: 27, Batch: 650, Acc: 6.15%, Loss: 4.2264
Epoch: 27, Batch: 660, Acc: 6.20%, Loss: 4.2250
Epoch: 27, Batch: 670, Acc: 6.20%, Loss: 4.1971
Epoch: 27, Batch: 680, Acc: 6.19%, Loss: 4.2029
Epoch: 27, Batch: 690, Acc: 6.18%, Loss: 4.2818
Epoch: 27, Batch: 700, Acc: 6.20%, Loss: 4.2655
Epoch: 27, Batch: 710, Acc: 6.20%, Loss: 4.2386
Epoch: 27, Batch: 720, Acc: 6.20%, Loss: 4.2543
Epoch: 27, Batch: 730, Acc: 6.22%, Loss: 4.2641
Epoch: 27, Batch: 740, Acc: 6.23%, Loss: 4.2536
Epoch: 27, Batch: 750, Acc: 6.22%, Loss: 4.2861
Epoch: 27, Batch: 760, Acc: 6.20%, Loss: 4.2608
Epoch: 27, Batch: 770, Acc: 6.20%, Loss: 4.1853
Epoch: 27, Batch: 780, Acc: 6.22%, Loss: 4.1590
Accuracy on test set: 6.16%
Epoch: 28, Batch: 10, Acc: 4.84%, Loss: 4.3153
Epoch: 28, Batch: 20, Acc: 5.23%, Loss: 4.2878
Epoch: 28, Batch: 30, Acc: 6.35%, Loss: 4.2164
Epoch: 28, Batch: 40, Acc: 6.45%, Loss: 4.2295
Epoch: 28, Batch: 50, Acc: 6.28%, Loss: 4.2167
Epoch: 28, Batch: 60, Acc: 6.28%, Loss: 4.2098
Epoch: 28, Batch: 70, Acc: 6.27%, Loss: 4.2195
Epoch: 28, Batch: 80, Acc: 6.27%, Loss: 4.2729
Epoch: 28, Batch: 90, Acc: 6.04%, Loss: 4.2906
Epoch: 28, Batch: 100, Acc: 5.97%, Loss: 4.2325
Epoch: 28, Batch: 110, Acc: 5.87%, Loss: 4.2384
Epoch: 28, Batch: 120, Acc: 5.78%, Loss: 4.3118
Epoch: 28, Batch: 130, Acc: 5.97%, Loss: 4.2426
Epoch: 28, Batch: 140, Acc: 5.90%, Loss: 4.3046
Epoch: 28, Batch: 150, Acc: 5.92%, Loss: 4.2838
Epoch: 28, Batch: 160, Acc: 5.95%, Loss: 4.2102
Epoch: 28, Batch: 170, Acc: 5.97%, Loss: 4.2499
Epoch: 28, Batch: 180, Acc: 5.91%, Loss: 4.2790
Epoch: 28, Batch: 190, Acc: 5.92%, Loss: 4.2280
Epoch: 28, Batch: 200, Acc: 5.85%, Loss: 4.2868
Epoch: 28, Batch: 210, Acc: 5.92%, Loss: 4.2348
Epoch: 28, Batch: 220, Acc: 5.98%, Loss: 4.2241
Epoch: 28, Batch: 230, Acc: 5.97%, Loss: 4.2656
Epoch: 28, Batch: 240, Acc: 5.95%, Loss: 4.2308
Epoch: 28, Batch: 250, Acc: 5.93%, Loss: 4.2189
Epoch: 28, Batch: 260, Acc: 5.95%, Loss: 4.2187
Epoch: 28, Batch: 270, Acc: 5.93%, Loss: 4.2302
Epoch: 28, Batch: 280, Acc: 5.97%, Loss: 4.2432
Epoch: 28, Batch: 290, Acc: 6.05%, Loss: 4.1964
Epoch: 28, Batch: 300, Acc: 6.05%, Loss: 4.2865
Epoch: 28, Batch: 310, Acc: 6.09%, Loss: 4.2125
Epoch: 28, Batch: 320, Acc: 6.10%, Loss: 4.2338
Epoch: 28, Batch: 330, Acc: 6.04%, Loss: 4.2594
Epoch: 28, Batch: 340, Acc: 6.04%, Loss: 4.2554
Epoch: 28, Batch: 350, Acc: 6.12%, Loss: 4.2313
Epoch: 28, Batch: 360, Acc: 6.13%, Loss: 4.2135
Epoch: 28, Batch: 370, Acc: 6.13%, Loss: 4.2395
Epoch: 28, Batch: 380, Acc: 6.13%, Loss: 4.2406
Epoch: 28, Batch: 390, Acc: 6.14%, Loss: 4.2465
Epoch: 28, Batch: 400, Acc: 6.12%, Loss: 4.2544
Epoch: 28, Batch: 410, Acc: 6.11%, Loss: 4.2265
Epoch: 28, Batch: 420, Acc: 6.09%, Loss: 4.2502
Epoch: 28, Batch: 430, Acc: 6.07%, Loss: 4.2304
Epoch: 28, Batch: 440, Acc: 6.10%, Loss: 4.2636
Epoch: 28, Batch: 450, Acc: 6.13%, Loss: 4.2316
Epoch: 28, Batch: 460, Acc: 6.11%, Loss: 4.2393
Epoch: 28, Batch: 470, Acc: 6.12%, Loss: 4.2160
Epoch: 28, Batch: 480, Acc: 6.09%, Loss: 4.2553
Epoch: 28, Batch: 490, Acc: 6.11%, Loss: 4.2354
Epoch: 28, Batch: 500, Acc: 6.14%, Loss: 4.2236
Epoch: 28, Batch: 510, Acc: 6.12%, Loss: 4.2719
Epoch: 28, Batch: 520, Acc: 6.12%, Loss: 4.2587
Epoch: 28, Batch: 530, Acc: 6.11%, Loss: 4.2375
Epoch: 28, Batch: 540, Acc: 6.11%, Loss: 4.2608
Epoch: 28, Batch: 550, Acc: 6.11%, Loss: 4.2539
Epoch: 28, Batch: 560, Acc: 6.11%, Loss: 4.2120
Epoch: 28, Batch: 570, Acc: 6.10%, Loss: 4.2688
Epoch: 28, Batch: 580, Acc: 6.08%, Loss: 4.3285
Epoch: 28, Batch: 590, Acc: 6.09%, Loss: 4.2293
Epoch: 28, Batch: 600, Acc: 6.10%, Loss: 4.2409
Epoch: 28, Batch: 610, Acc: 6.10%, Loss: 4.2321
Epoch: 28, Batch: 620, Acc: 6.09%, Loss: 4.3078
Epoch: 28, Batch: 630, Acc: 6.09%, Loss: 4.2438
Epoch: 28, Batch: 640, Acc: 6.08%, Loss: 4.2925
Epoch: 28, Batch: 650, Acc: 6.10%, Loss: 4.2231
Epoch: 28, Batch: 660, Acc: 6.08%, Loss: 4.3131
Epoch: 28, Batch: 670, Acc: 6.08%, Loss: 4.2219
Epoch: 28, Batch: 680, Acc: 6.07%, Loss: 4.2460
Epoch: 28, Batch: 690, Acc: 6.06%, Loss: 4.2949
Epoch: 28, Batch: 700, Acc: 6.05%, Loss: 4.2673
Epoch: 28, Batch: 710, Acc: 6.07%, Loss: 4.2202
Epoch: 28, Batch: 720, Acc: 6.09%, Loss: 4.2066
Epoch: 28, Batch: 730, Acc: 6.08%, Loss: 4.2387
Epoch: 28, Batch: 740, Acc: 6.07%, Loss: 4.2479
Epoch: 28, Batch: 750, Acc: 6.05%, Loss: 4.2683
Epoch: 28, Batch: 760, Acc: 6.04%, Loss: 4.2686
Epoch: 28, Batch: 770, Acc: 6.06%, Loss: 4.1976
Epoch: 28, Batch: 780, Acc: 6.06%, Loss: 4.2687
Accuracy on test set: 6.35%
Epoch: 29, Batch: 10, Acc: 7.03%, Loss: 4.2103
Epoch: 29, Batch: 20, Acc: 6.80%, Loss: 4.2480
Epoch: 29, Batch: 30, Acc: 6.82%, Loss: 4.2747
Epoch: 29, Batch: 40, Acc: 6.56%, Loss: 4.2977
Epoch: 29, Batch: 50, Acc: 6.31%, Loss: 4.2987
Epoch: 29, Batch: 60, Acc: 6.17%, Loss: 4.2642
Epoch: 29, Batch: 70, Acc: 6.21%, Loss: 4.2629
Epoch: 29, Batch: 80, Acc: 6.05%, Loss: 4.2326
Epoch: 29, Batch: 90, Acc: 6.06%, Loss: 4.2232
Epoch: 29, Batch: 100, Acc: 6.00%, Loss: 4.2612
Epoch: 29, Batch: 110, Acc: 6.05%, Loss: 4.2241
Epoch: 29, Batch: 120, Acc: 5.96%, Loss: 4.2984
Epoch: 29, Batch: 130, Acc: 5.93%, Loss: 4.2752
Epoch: 29, Batch: 140, Acc: 6.03%, Loss: 4.2523
Epoch: 29, Batch: 150, Acc: 6.10%, Loss: 4.1915
Epoch: 29, Batch: 160, Acc: 6.03%, Loss: 4.2628
Epoch: 29, Batch: 170, Acc: 5.97%, Loss: 4.2552
Epoch: 29, Batch: 180, Acc: 5.94%, Loss: 4.2643
Epoch: 29, Batch: 190, Acc: 5.90%, Loss: 4.2571
Epoch: 29, Batch: 200, Acc: 5.91%, Loss: 4.2670
Epoch: 29, Batch: 210, Acc: 5.92%, Loss: 4.2376
Epoch: 29, Batch: 220, Acc: 6.00%, Loss: 4.2511
Epoch: 29, Batch: 230, Acc: 6.05%, Loss: 4.1701
Epoch: 29, Batch: 240, Acc: 6.05%, Loss: 4.2284
Epoch: 29, Batch: 250, Acc: 6.10%, Loss: 4.2492
Epoch: 29, Batch: 260, Acc: 6.06%, Loss: 4.2864
Epoch: 29, Batch: 270, Acc: 6.16%, Loss: 4.2524
Epoch: 29, Batch: 280, Acc: 6.14%, Loss: 4.2724
Epoch: 29, Batch: 290, Acc: 6.17%, Loss: 4.2309
Epoch: 29, Batch: 300, Acc: 6.20%, Loss: 4.1946
Epoch: 29, Batch: 310, Acc: 6.20%, Loss: 4.1918
Epoch: 29, Batch: 320, Acc: 6.20%, Loss: 4.2557
Epoch: 29, Batch: 330, Acc: 6.20%, Loss: 4.2633
Epoch: 29, Batch: 340, Acc: 6.17%, Loss: 4.2428
Epoch: 29, Batch: 350, Acc: 6.20%, Loss: 4.2409
Epoch: 29, Batch: 360, Acc: 6.24%, Loss: 4.2154
Epoch: 29, Batch: 370, Acc: 6.23%, Loss: 4.2608
Epoch: 29, Batch: 380, Acc: 6.22%, Loss: 4.2586
Epoch: 29, Batch: 390, Acc: 6.20%, Loss: 4.2986
Epoch: 29, Batch: 400, Acc: 6.20%, Loss: 4.2366
Epoch: 29, Batch: 410, Acc: 6.21%, Loss: 4.2546
Epoch: 29, Batch: 420, Acc: 6.22%, Loss: 4.2517
Epoch: 29, Batch: 430, Acc: 6.25%, Loss: 4.1952
Epoch: 29, Batch: 440, Acc: 6.26%, Loss: 4.2459
Epoch: 29, Batch: 450, Acc: 6.26%, Loss: 4.1722
Epoch: 29, Batch: 460, Acc: 6.22%, Loss: 4.2526
Epoch: 29, Batch: 470, Acc: 6.23%, Loss: 4.2413
Epoch: 29, Batch: 480, Acc: 6.25%, Loss: 4.2149
Epoch: 29, Batch: 490, Acc: 6.25%, Loss: 4.3085
Epoch: 29, Batch: 500, Acc: 6.25%, Loss: 4.2389
Epoch: 29, Batch: 510, Acc: 6.27%, Loss: 4.2619
Epoch: 29, Batch: 520, Acc: 6.28%, Loss: 4.2649
Epoch: 29, Batch: 530, Acc: 6.32%, Loss: 4.1952
Epoch: 29, Batch: 540, Acc: 6.33%, Loss: 4.2332
Epoch: 29, Batch: 550, Acc: 6.31%, Loss: 4.2567
Epoch: 29, Batch: 560, Acc: 6.31%, Loss: 4.1885
Epoch: 29, Batch: 570, Acc: 6.32%, Loss: 4.2734
Epoch: 29, Batch: 580, Acc: 6.30%, Loss: 4.2878
Epoch: 29, Batch: 590, Acc: 6.31%, Loss: 4.2245
Epoch: 29, Batch: 600, Acc: 6.30%, Loss: 4.2407
Epoch: 29, Batch: 610, Acc: 6.31%, Loss: 4.2312
Epoch: 29, Batch: 620, Acc: 6.30%, Loss: 4.2690
Epoch: 29, Batch: 630, Acc: 6.31%, Loss: 4.2301
Epoch: 29, Batch: 640, Acc: 6.33%, Loss: 4.2614
Epoch: 29, Batch: 650, Acc: 6.32%, Loss: 4.1999
Epoch: 29, Batch: 660, Acc: 6.31%, Loss: 4.2271
Epoch: 29, Batch: 670, Acc: 6.29%, Loss: 4.2841
Epoch: 29, Batch: 680, Acc: 6.27%, Loss: 4.2778
Epoch: 29, Batch: 690, Acc: 6.29%, Loss: 4.2305
Epoch: 29, Batch: 700, Acc: 6.28%, Loss: 4.2731
Epoch: 29, Batch: 710, Acc: 6.30%, Loss: 4.2348
Epoch: 29, Batch: 720, Acc: 6.32%, Loss: 4.2394
Epoch: 29, Batch: 730, Acc: 6.30%, Loss: 4.2413
Epoch: 29, Batch: 740, Acc: 6.28%, Loss: 4.2151
Epoch: 29, Batch: 750, Acc: 6.26%, Loss: 4.2476
Epoch: 29, Batch: 760, Acc: 6.23%, Loss: 4.2816
Epoch: 29, Batch: 770, Acc: 6.23%, Loss: 4.2504
Epoch: 29, Batch: 780, Acc: 6.25%, Loss: 4.2586
Accuracy on test set: 6.31%
Epoch: 30, Batch: 10, Acc: 5.31%, Loss: 4.2807
Epoch: 30, Batch: 20, Acc: 5.39%, Loss: 4.2865
Epoch: 30, Batch: 30, Acc: 5.78%, Loss: 4.2606
Epoch: 30, Batch: 40, Acc: 5.78%, Loss: 4.2686
Epoch: 30, Batch: 50, Acc: 6.22%, Loss: 4.2197
Epoch: 30, Batch: 60, Acc: 6.12%, Loss: 4.2776
Epoch: 30, Batch: 70, Acc: 6.38%, Loss: 4.1969
Epoch: 30, Batch: 80, Acc: 6.37%, Loss: 4.2431
Epoch: 30, Batch: 90, Acc: 6.48%, Loss: 4.2266
Epoch: 30, Batch: 100, Acc: 6.30%, Loss: 4.2815
Epoch: 30, Batch: 110, Acc: 6.25%, Loss: 4.2328
Epoch: 30, Batch: 120, Acc: 6.26%, Loss: 4.2520
Epoch: 30, Batch: 130, Acc: 6.31%, Loss: 4.2707
Epoch: 30, Batch: 140, Acc: 6.29%, Loss: 4.2307
Epoch: 30, Batch: 150, Acc: 6.35%, Loss: 4.1748
Epoch: 30, Batch: 160, Acc: 6.28%, Loss: 4.2557
Epoch: 30, Batch: 170, Acc: 6.36%, Loss: 4.2436
Epoch: 30, Batch: 180, Acc: 6.35%, Loss: 4.2501
Epoch: 30, Batch: 190, Acc: 6.38%, Loss: 4.2324
Epoch: 30, Batch: 200, Acc: 6.41%, Loss: 4.2221
Epoch: 30, Batch: 210, Acc: 6.43%, Loss: 4.2050
Epoch: 30, Batch: 220, Acc: 6.38%, Loss: 4.2397
Epoch: 30, Batch: 230, Acc: 6.36%, Loss: 4.2787
Epoch: 30, Batch: 240, Acc: 6.39%, Loss: 4.2301
Epoch: 30, Batch: 250, Acc: 6.42%, Loss: 4.1948
Epoch: 30, Batch: 260, Acc: 6.44%, Loss: 4.2402
Epoch: 30, Batch: 270, Acc: 6.44%, Loss: 4.2430
Epoch: 30, Batch: 280, Acc: 6.45%, Loss: 4.2431
Epoch: 30, Batch: 290, Acc: 6.41%, Loss: 4.2650
Epoch: 30, Batch: 300, Acc: 6.44%, Loss: 4.2131
Epoch: 30, Batch: 310, Acc: 6.39%, Loss: 4.2470
Epoch: 30, Batch: 320, Acc: 6.38%, Loss: 4.2414
Epoch: 30, Batch: 330, Acc: 6.38%, Loss: 4.2557
Epoch: 30, Batch: 340, Acc: 6.33%, Loss: 4.2867
Epoch: 30, Batch: 350, Acc: 6.32%, Loss: 4.2047
Epoch: 30, Batch: 360, Acc: 6.33%, Loss: 4.1909
Epoch: 30, Batch: 370, Acc: 6.32%, Loss: 4.2432
Epoch: 30, Batch: 380, Acc: 6.27%, Loss: 4.2709
Epoch: 30, Batch: 390, Acc: 6.27%, Loss: 4.2306
Epoch: 30, Batch: 400, Acc: 6.23%, Loss: 4.2314
Epoch: 30, Batch: 410, Acc: 6.22%, Loss: 4.3115
Epoch: 30, Batch: 420, Acc: 6.23%, Loss: 4.2567
Epoch: 30, Batch: 430, Acc: 6.25%, Loss: 4.2854
Epoch: 30, Batch: 440, Acc: 6.21%, Loss: 4.2693
Epoch: 30, Batch: 450, Acc: 6.20%, Loss: 4.2525
Epoch: 30, Batch: 460, Acc: 6.19%, Loss: 4.2481
Epoch: 30, Batch: 470, Acc: 6.18%, Loss: 4.2980
Epoch: 30, Batch: 480, Acc: 6.20%, Loss: 4.2526
Epoch: 30, Batch: 490, Acc: 6.21%, Loss: 4.2504
Epoch: 30, Batch: 500, Acc: 6.21%, Loss: 4.2616
Epoch: 30, Batch: 510, Acc: 6.21%, Loss: 4.2382
Epoch: 30, Batch: 520, Acc: 6.21%, Loss: 4.2619
Epoch: 30, Batch: 530, Acc: 6.22%, Loss: 4.2312
Epoch: 30, Batch: 540, Acc: 6.23%, Loss: 4.2391
Epoch: 30, Batch: 550, Acc: 6.24%, Loss: 4.2081
Epoch: 30, Batch: 560, Acc: 6.26%, Loss: 4.3032
Epoch: 30, Batch: 570, Acc: 6.25%, Loss: 4.2363
Epoch: 30, Batch: 580, Acc: 6.25%, Loss: 4.2439
Epoch: 30, Batch: 590, Acc: 6.29%, Loss: 4.2751
Epoch: 30, Batch: 600, Acc: 6.28%, Loss: 4.2180
Epoch: 30, Batch: 610, Acc: 6.27%, Loss: 4.2306
Epoch: 30, Batch: 620, Acc: 6.26%, Loss: 4.2598
Epoch: 30, Batch: 630, Acc: 6.25%, Loss: 4.2587
Epoch: 30, Batch: 640, Acc: 6.24%, Loss: 4.2034
Epoch: 30, Batch: 650, Acc: 6.25%, Loss: 4.2598
Epoch: 30, Batch: 660, Acc: 6.23%, Loss: 4.2351
Epoch: 30, Batch: 670, Acc: 6.24%, Loss: 4.2162
Epoch: 30, Batch: 680, Acc: 6.25%, Loss: 4.2679
Epoch: 30, Batch: 690, Acc: 6.25%, Loss: 4.2354
Epoch: 30, Batch: 700, Acc: 6.25%, Loss: 4.2412
Epoch: 30, Batch: 710, Acc: 6.23%, Loss: 4.2607
Epoch: 30, Batch: 720, Acc: 6.25%, Loss: 4.1950
Epoch: 30, Batch: 730, Acc: 6.22%, Loss: 4.2475
Epoch: 30, Batch: 740, Acc: 6.23%, Loss: 4.2216
Epoch: 30, Batch: 750, Acc: 6.24%, Loss: 4.2429
Epoch: 30, Batch: 760, Acc: 6.25%, Loss: 4.2321
Epoch: 30, Batch: 770, Acc: 6.25%, Loss: 4.2519
Epoch: 30, Batch: 780, Acc: 6.28%, Loss: 4.2369
Accuracy on test set: 6.47%
Training Time: 4189.56 seconds
Best Accuracy for Run 1: 6.49%
 Training Run 2
Epoch: 1, Batch: 10, Acc: 0.62%, Loss: 4.6558
Epoch: 1, Batch: 20, Acc: 0.55%, Loss: 4.6750
Epoch: 1, Batch: 30, Acc: 0.78%, Loss: 4.6325
Epoch: 1, Batch: 40, Acc: 0.98%, Loss: 4.6267
Epoch: 1, Batch: 50, Acc: 1.19%, Loss: 4.6253
Epoch: 1, Batch: 60, Acc: 1.25%, Loss: 4.6218
Epoch: 1, Batch: 70, Acc: 1.32%, Loss: 4.6144
Epoch: 1, Batch: 80, Acc: 1.31%, Loss: 4.6120
Epoch: 1, Batch: 90, Acc: 1.27%, Loss: 4.6189
Epoch: 1, Batch: 100, Acc: 1.31%, Loss: 4.6233
Epoch: 1, Batch: 110, Acc: 1.31%, Loss: 4.6108
Epoch: 1, Batch: 120, Acc: 1.32%, Loss: 4.6114
Epoch: 1, Batch: 130, Acc: 1.31%, Loss: 4.6155
Epoch: 1, Batch: 140, Acc: 1.33%, Loss: 4.6074
Epoch: 1, Batch: 150, Acc: 1.31%, Loss: 4.6118
Epoch: 1, Batch: 160, Acc: 1.27%, Loss: 4.6132
Epoch: 1, Batch: 170, Acc: 1.31%, Loss: 4.5982
Epoch: 1, Batch: 180, Acc: 1.34%, Loss: 4.6021
Epoch: 1, Batch: 190, Acc: 1.37%, Loss: 4.5938
Epoch: 1, Batch: 200, Acc: 1.41%, Loss: 4.5929
Epoch: 1, Batch: 210, Acc: 1.38%, Loss: 4.6001
Epoch: 1, Batch: 220, Acc: 1.41%, Loss: 4.5866
Epoch: 1, Batch: 230, Acc: 1.42%, Loss: 4.5999
Epoch: 1, Batch: 240, Acc: 1.39%, Loss: 4.5935
Epoch: 1, Batch: 250, Acc: 1.40%, Loss: 4.5876
Epoch: 1, Batch: 260, Acc: 1.41%, Loss: 4.5765
Epoch: 1, Batch: 270, Acc: 1.41%, Loss: 4.5866
Epoch: 1, Batch: 280, Acc: 1.40%, Loss: 4.5781
Epoch: 1, Batch: 290, Acc: 1.43%, Loss: 4.5760
Epoch: 1, Batch: 300, Acc: 1.45%, Loss: 4.5877
Epoch: 1, Batch: 310, Acc: 1.47%, Loss: 4.5718
Epoch: 1, Batch: 320, Acc: 1.47%, Loss: 4.5706
Epoch: 1, Batch: 330, Acc: 1.47%, Loss: 4.5773
Epoch: 1, Batch: 340, Acc: 1.50%, Loss: 4.5723
Epoch: 1, Batch: 350, Acc: 1.51%, Loss: 4.5831
Epoch: 1, Batch: 360, Acc: 1.52%, Loss: 4.5700
Epoch: 1, Batch: 370, Acc: 1.52%, Loss: 4.5711
Epoch: 1, Batch: 380, Acc: 1.55%, Loss: 4.5660
Epoch: 1, Batch: 390, Acc: 1.57%, Loss: 4.5569
Epoch: 1, Batch: 400, Acc: 1.58%, Loss: 4.5553
Epoch: 1, Batch: 410, Acc: 1.59%, Loss: 4.5566
Epoch: 1, Batch: 420, Acc: 1.60%, Loss: 4.5633
Epoch: 1, Batch: 430, Acc: 1.61%, Loss: 4.5495
Epoch: 1, Batch: 440, Acc: 1.60%, Loss: 4.5583
Epoch: 1, Batch: 450, Acc: 1.64%, Loss: 4.5509
Epoch: 1, Batch: 460, Acc: 1.65%, Loss: 4.5528
Epoch: 1, Batch: 470, Acc: 1.68%, Loss: 4.5404
Epoch: 1, Batch: 480, Acc: 1.72%, Loss: 4.5480
Epoch: 1, Batch: 490, Acc: 1.74%, Loss: 4.5398
Epoch: 1, Batch: 500, Acc: 1.75%, Loss: 4.5451
Epoch: 1, Batch: 510, Acc: 1.74%, Loss: 4.5615
Epoch: 1, Batch: 520, Acc: 1.77%, Loss: 4.5384
Epoch: 1, Batch: 530, Acc: 1.78%, Loss: 4.5371
Epoch: 1, Batch: 540, Acc: 1.80%, Loss: 4.5191
Epoch: 1, Batch: 550, Acc: 1.83%, Loss: 4.5299
Epoch: 1, Batch: 560, Acc: 1.85%, Loss: 4.5356
Epoch: 1, Batch: 570, Acc: 1.86%, Loss: 4.5309
Epoch: 1, Batch: 580, Acc: 1.89%, Loss: 4.5212
Epoch: 1, Batch: 590, Acc: 1.90%, Loss: 4.5410
Epoch: 1, Batch: 600, Acc: 1.93%, Loss: 4.5449
Epoch: 1, Batch: 610, Acc: 1.95%, Loss: 4.5258
Epoch: 1, Batch: 620, Acc: 1.99%, Loss: 4.5221
Epoch: 1, Batch: 630, Acc: 2.00%, Loss: 4.5341
Epoch: 1, Batch: 640, Acc: 2.03%, Loss: 4.5127
Epoch: 1, Batch: 650, Acc: 2.08%, Loss: 4.5153
Epoch: 1, Batch: 660, Acc: 2.10%, Loss: 4.5091
Epoch: 1, Batch: 670, Acc: 2.10%, Loss: 4.5215
Epoch: 1, Batch: 680, Acc: 2.12%, Loss: 4.5136
Epoch: 1, Batch: 690, Acc: 2.13%, Loss: 4.5388
Epoch: 1, Batch: 700, Acc: 2.14%, Loss: 4.5329
Epoch: 1, Batch: 710, Acc: 2.16%, Loss: 4.5160
Epoch: 1, Batch: 720, Acc: 2.19%, Loss: 4.5016
Epoch: 1, Batch: 730, Acc: 2.20%, Loss: 4.5131
Epoch: 1, Batch: 740, Acc: 2.21%, Loss: 4.5284
Epoch: 1, Batch: 750, Acc: 2.23%, Loss: 4.5077
Epoch: 1, Batch: 760, Acc: 2.25%, Loss: 4.4944
Epoch: 1, Batch: 770, Acc: 2.27%, Loss: 4.4890
Epoch: 1, Batch: 780, Acc: 2.29%, Loss: 4.5070
Accuracy on test set: 3.90%
Epoch: 2, Batch: 10, Acc: 5.00%, Loss: 4.4846
Epoch: 2, Batch: 20, Acc: 4.14%, Loss: 4.4925
Epoch: 2, Batch: 30, Acc: 3.65%, Loss: 4.4897
Epoch: 2, Batch: 40, Acc: 3.48%, Loss: 4.5089
Epoch: 2, Batch: 50, Acc: 3.41%, Loss: 4.5002
Epoch: 2, Batch: 60, Acc: 3.52%, Loss: 4.4846
Epoch: 2, Batch: 70, Acc: 3.55%, Loss: 4.5042
Epoch: 2, Batch: 80, Acc: 3.54%, Loss: 4.5073
Epoch: 2, Batch: 90, Acc: 3.51%, Loss: 4.4897
Epoch: 2, Batch: 100, Acc: 3.50%, Loss: 4.4810
Epoch: 2, Batch: 110, Acc: 3.44%, Loss: 4.5120
Epoch: 2, Batch: 120, Acc: 3.49%, Loss: 4.5000
Epoch: 2, Batch: 130, Acc: 3.52%, Loss: 4.5034
Epoch: 2, Batch: 140, Acc: 3.49%, Loss: 4.4969
Epoch: 2, Batch: 150, Acc: 3.48%, Loss: 4.4904
Epoch: 2, Batch: 160, Acc: 3.54%, Loss: 4.4672
Epoch: 2, Batch: 170, Acc: 3.60%, Loss: 4.4612
Epoch: 2, Batch: 180, Acc: 3.55%, Loss: 4.4921
Epoch: 2, Batch: 190, Acc: 3.57%, Loss: 4.4744
Epoch: 2, Batch: 200, Acc: 3.59%, Loss: 4.4738
Epoch: 2, Batch: 210, Acc: 3.57%, Loss: 4.4885
Epoch: 2, Batch: 220, Acc: 3.59%, Loss: 4.4648
Epoch: 2, Batch: 230, Acc: 3.58%, Loss: 4.4663
Epoch: 2, Batch: 240, Acc: 3.54%, Loss: 4.4715
Epoch: 2, Batch: 250, Acc: 3.52%, Loss: 4.4758
Epoch: 2, Batch: 260, Acc: 3.52%, Loss: 4.4756
Epoch: 2, Batch: 270, Acc: 3.51%, Loss: 4.4927
Epoch: 2, Batch: 280, Acc: 3.48%, Loss: 4.4785
Epoch: 2, Batch: 290, Acc: 3.48%, Loss: 4.4759
Epoch: 2, Batch: 300, Acc: 3.51%, Loss: 4.4641
Epoch: 2, Batch: 310, Acc: 3.57%, Loss: 4.4601
Epoch: 2, Batch: 320, Acc: 3.60%, Loss: 4.4504
Epoch: 2, Batch: 330, Acc: 3.57%, Loss: 4.4804
Epoch: 2, Batch: 340, Acc: 3.58%, Loss: 4.4682
Epoch: 2, Batch: 350, Acc: 3.61%, Loss: 4.4651
Epoch: 2, Batch: 360, Acc: 3.60%, Loss: 4.4805
Epoch: 2, Batch: 370, Acc: 3.60%, Loss: 4.4607
Epoch: 2, Batch: 380, Acc: 3.60%, Loss: 4.4782
Epoch: 2, Batch: 390, Acc: 3.59%, Loss: 4.4741
Epoch: 2, Batch: 400, Acc: 3.66%, Loss: 4.4506
Epoch: 2, Batch: 410, Acc: 3.66%, Loss: 4.4645
Epoch: 2, Batch: 420, Acc: 3.67%, Loss: 4.4345
Epoch: 2, Batch: 430, Acc: 3.65%, Loss: 4.4249
Epoch: 2, Batch: 440, Acc: 3.63%, Loss: 4.4712
Epoch: 2, Batch: 450, Acc: 3.62%, Loss: 4.4654
Epoch: 2, Batch: 460, Acc: 3.62%, Loss: 4.4656
Epoch: 2, Batch: 470, Acc: 3.64%, Loss: 4.4415
Epoch: 2, Batch: 480, Acc: 3.65%, Loss: 4.4386
Epoch: 2, Batch: 490, Acc: 3.65%, Loss: 4.4486
Epoch: 2, Batch: 500, Acc: 3.68%, Loss: 4.4693
Epoch: 2, Batch: 510, Acc: 3.69%, Loss: 4.4576
Epoch: 2, Batch: 520, Acc: 3.68%, Loss: 4.4489
Epoch: 2, Batch: 530, Acc: 3.67%, Loss: 4.4752
Epoch: 2, Batch: 540, Acc: 3.69%, Loss: 4.4386
Epoch: 2, Batch: 550, Acc: 3.70%, Loss: 4.4405
Epoch: 2, Batch: 560, Acc: 3.71%, Loss: 4.4564
Epoch: 2, Batch: 570, Acc: 3.71%, Loss: 4.4607
Epoch: 2, Batch: 580, Acc: 3.72%, Loss: 4.4571
Epoch: 2, Batch: 590, Acc: 3.74%, Loss: 4.4409
Epoch: 2, Batch: 600, Acc: 3.73%, Loss: 4.4517
Epoch: 2, Batch: 610, Acc: 3.72%, Loss: 4.4771
Epoch: 2, Batch: 620, Acc: 3.74%, Loss: 4.4155
Epoch: 2, Batch: 630, Acc: 3.75%, Loss: 4.4427
Epoch: 2, Batch: 640, Acc: 3.76%, Loss: 4.4164
Epoch: 2, Batch: 650, Acc: 3.77%, Loss: 4.4452
Epoch: 2, Batch: 660, Acc: 3.78%, Loss: 4.4384
Epoch: 2, Batch: 670, Acc: 3.78%, Loss: 4.4543
Epoch: 2, Batch: 680, Acc: 3.80%, Loss: 4.4169
Epoch: 2, Batch: 690, Acc: 3.80%, Loss: 4.4461
Epoch: 2, Batch: 700, Acc: 3.80%, Loss: 4.4377
Epoch: 2, Batch: 710, Acc: 3.81%, Loss: 4.4204
Epoch: 2, Batch: 720, Acc: 3.82%, Loss: 4.4406
Epoch: 2, Batch: 730, Acc: 3.82%, Loss: 4.4532
Epoch: 2, Batch: 740, Acc: 3.82%, Loss: 4.4203
Epoch: 2, Batch: 750, Acc: 3.81%, Loss: 4.4369
Epoch: 2, Batch: 760, Acc: 3.80%, Loss: 4.4387
Epoch: 2, Batch: 770, Acc: 3.79%, Loss: 4.4478
Epoch: 2, Batch: 780, Acc: 3.80%, Loss: 4.4359
Accuracy on test set: 4.40%
Epoch: 3, Batch: 10, Acc: 5.00%, Loss: 4.4120
Epoch: 3, Batch: 20, Acc: 5.31%, Loss: 4.4183
Epoch: 3, Batch: 30, Acc: 4.95%, Loss: 4.4125
Epoch: 3, Batch: 40, Acc: 4.65%, Loss: 4.4414
Epoch: 3, Batch: 50, Acc: 4.34%, Loss: 4.4124
Epoch: 3, Batch: 60, Acc: 4.40%, Loss: 4.4115
Epoch: 3, Batch: 70, Acc: 4.33%, Loss: 4.4195
Epoch: 3, Batch: 80, Acc: 4.10%, Loss: 4.4452
Epoch: 3, Batch: 90, Acc: 4.22%, Loss: 4.4102
Epoch: 3, Batch: 100, Acc: 4.25%, Loss: 4.4211
Epoch: 3, Batch: 110, Acc: 4.35%, Loss: 4.4225
Epoch: 3, Batch: 120, Acc: 4.22%, Loss: 4.4288
Epoch: 3, Batch: 130, Acc: 4.21%, Loss: 4.4186
Epoch: 3, Batch: 140, Acc: 4.20%, Loss: 4.4272
Epoch: 3, Batch: 150, Acc: 4.20%, Loss: 4.4001
Epoch: 3, Batch: 160, Acc: 4.23%, Loss: 4.4198
Epoch: 3, Batch: 170, Acc: 4.26%, Loss: 4.4108
Epoch: 3, Batch: 180, Acc: 4.24%, Loss: 4.4101
Epoch: 3, Batch: 190, Acc: 4.18%, Loss: 4.4396
Epoch: 3, Batch: 200, Acc: 4.26%, Loss: 4.4143
Epoch: 3, Batch: 210, Acc: 4.31%, Loss: 4.4253
Epoch: 3, Batch: 220, Acc: 4.26%, Loss: 4.4373
Epoch: 3, Batch: 230, Acc: 4.25%, Loss: 4.4194
Epoch: 3, Batch: 240, Acc: 4.24%, Loss: 4.4153
Epoch: 3, Batch: 250, Acc: 4.23%, Loss: 4.4061
Epoch: 3, Batch: 260, Acc: 4.15%, Loss: 4.4403
Epoch: 3, Batch: 270, Acc: 4.18%, Loss: 4.4184
Epoch: 3, Batch: 280, Acc: 4.16%, Loss: 4.4306
Epoch: 3, Batch: 290, Acc: 4.19%, Loss: 4.3881
Epoch: 3, Batch: 300, Acc: 4.22%, Loss: 4.3994
Epoch: 3, Batch: 310, Acc: 4.22%, Loss: 4.4076
Epoch: 3, Batch: 320, Acc: 4.25%, Loss: 4.4075
Epoch: 3, Batch: 330, Acc: 4.25%, Loss: 4.3938
Epoch: 3, Batch: 340, Acc: 4.24%, Loss: 4.4384
Epoch: 3, Batch: 350, Acc: 4.24%, Loss: 4.4234
Epoch: 3, Batch: 360, Acc: 4.23%, Loss: 4.4003
Epoch: 3, Batch: 370, Acc: 4.21%, Loss: 4.4178
Epoch: 3, Batch: 380, Acc: 4.19%, Loss: 4.4055
Epoch: 3, Batch: 390, Acc: 4.18%, Loss: 4.4229
Epoch: 3, Batch: 400, Acc: 4.18%, Loss: 4.4087
Epoch: 3, Batch: 410, Acc: 4.20%, Loss: 4.4024
Epoch: 3, Batch: 420, Acc: 4.22%, Loss: 4.4015
Epoch: 3, Batch: 430, Acc: 4.20%, Loss: 4.4454
Epoch: 3, Batch: 440, Acc: 4.19%, Loss: 4.4467
Epoch: 3, Batch: 450, Acc: 4.23%, Loss: 4.3888
Epoch: 3, Batch: 460, Acc: 4.23%, Loss: 4.4318
Epoch: 3, Batch: 470, Acc: 4.23%, Loss: 4.4384
Epoch: 3, Batch: 480, Acc: 4.24%, Loss: 4.4115
Epoch: 3, Batch: 490, Acc: 4.24%, Loss: 4.4254
Epoch: 3, Batch: 500, Acc: 4.30%, Loss: 4.3767
Epoch: 3, Batch: 510, Acc: 4.30%, Loss: 4.4002
Epoch: 3, Batch: 520, Acc: 4.29%, Loss: 4.4082
Epoch: 3, Batch: 530, Acc: 4.27%, Loss: 4.4081
Epoch: 3, Batch: 540, Acc: 4.25%, Loss: 4.4112
Epoch: 3, Batch: 550, Acc: 4.26%, Loss: 4.3994
Epoch: 3, Batch: 560, Acc: 4.26%, Loss: 4.4158
Epoch: 3, Batch: 570, Acc: 4.27%, Loss: 4.3763
Epoch: 3, Batch: 580, Acc: 4.29%, Loss: 4.3899
Epoch: 3, Batch: 590, Acc: 4.31%, Loss: 4.3842
Epoch: 3, Batch: 600, Acc: 4.32%, Loss: 4.4115
Epoch: 3, Batch: 610, Acc: 4.33%, Loss: 4.3649
Epoch: 3, Batch: 620, Acc: 4.32%, Loss: 4.4130
Epoch: 3, Batch: 630, Acc: 4.30%, Loss: 4.4079
Epoch: 3, Batch: 640, Acc: 4.32%, Loss: 4.3781
Epoch: 3, Batch: 650, Acc: 4.33%, Loss: 4.3808
Epoch: 3, Batch: 660, Acc: 4.33%, Loss: 4.4284
Epoch: 3, Batch: 670, Acc: 4.34%, Loss: 4.3857
Epoch: 3, Batch: 680, Acc: 4.35%, Loss: 4.3924
Epoch: 3, Batch: 690, Acc: 4.35%, Loss: 4.3906
Epoch: 3, Batch: 700, Acc: 4.36%, Loss: 4.3800
Epoch: 3, Batch: 710, Acc: 4.38%, Loss: 4.3792
Epoch: 3, Batch: 720, Acc: 4.40%, Loss: 4.3809
Epoch: 3, Batch: 730, Acc: 4.39%, Loss: 4.3938
Epoch: 3, Batch: 740, Acc: 4.38%, Loss: 4.3933
Epoch: 3, Batch: 750, Acc: 4.40%, Loss: 4.3780
Epoch: 3, Batch: 760, Acc: 4.40%, Loss: 4.3906
Epoch: 3, Batch: 770, Acc: 4.40%, Loss: 4.3908
Epoch: 3, Batch: 780, Acc: 4.40%, Loss: 4.3776
Accuracy on test set: 4.67%
Epoch: 4, Batch: 10, Acc: 2.97%, Loss: 4.3719
Epoch: 4, Batch: 20, Acc: 3.52%, Loss: 4.3686
Epoch: 4, Batch: 30, Acc: 3.91%, Loss: 4.3793
Epoch: 4, Batch: 40, Acc: 4.18%, Loss: 4.3667
Epoch: 4, Batch: 50, Acc: 4.47%, Loss: 4.3819
Epoch: 4, Batch: 60, Acc: 4.69%, Loss: 4.4027
Epoch: 4, Batch: 70, Acc: 4.73%, Loss: 4.3863
Epoch: 4, Batch: 80, Acc: 4.88%, Loss: 4.3583
Epoch: 4, Batch: 90, Acc: 4.67%, Loss: 4.4029
Epoch: 4, Batch: 100, Acc: 4.56%, Loss: 4.3780
Epoch: 4, Batch: 110, Acc: 4.53%, Loss: 4.3768
Epoch: 4, Batch: 120, Acc: 4.60%, Loss: 4.3688
Epoch: 4, Batch: 130, Acc: 4.53%, Loss: 4.3775
Epoch: 4, Batch: 140, Acc: 4.55%, Loss: 4.3818
Epoch: 4, Batch: 150, Acc: 4.58%, Loss: 4.3615
Epoch: 4, Batch: 160, Acc: 4.49%, Loss: 4.3853
Epoch: 4, Batch: 170, Acc: 4.54%, Loss: 4.3673
Epoch: 4, Batch: 180, Acc: 4.53%, Loss: 4.3724
Epoch: 4, Batch: 190, Acc: 4.63%, Loss: 4.3467
Epoch: 4, Batch: 200, Acc: 4.66%, Loss: 4.3874
Epoch: 4, Batch: 210, Acc: 4.72%, Loss: 4.3997
Epoch: 4, Batch: 220, Acc: 4.70%, Loss: 4.3544
Epoch: 4, Batch: 230, Acc: 4.63%, Loss: 4.4117
Epoch: 4, Batch: 240, Acc: 4.63%, Loss: 4.3616
Epoch: 4, Batch: 250, Acc: 4.61%, Loss: 4.3783
Epoch: 4, Batch: 260, Acc: 4.65%, Loss: 4.3264
Epoch: 4, Batch: 270, Acc: 4.64%, Loss: 4.3898
Epoch: 4, Batch: 280, Acc: 4.68%, Loss: 4.3647
Epoch: 4, Batch: 290, Acc: 4.68%, Loss: 4.3770
Epoch: 4, Batch: 300, Acc: 4.68%, Loss: 4.3874
Epoch: 4, Batch: 310, Acc: 4.68%, Loss: 4.3878
Epoch: 4, Batch: 320, Acc: 4.70%, Loss: 4.3428
Epoch: 4, Batch: 330, Acc: 4.72%, Loss: 4.4020
Epoch: 4, Batch: 340, Acc: 4.71%, Loss: 4.3761
Epoch: 4, Batch: 350, Acc: 4.71%, Loss: 4.3654
Epoch: 4, Batch: 360, Acc: 4.69%, Loss: 4.3919
Epoch: 4, Batch: 370, Acc: 4.67%, Loss: 4.3891
Epoch: 4, Batch: 380, Acc: 4.64%, Loss: 4.4306
Epoch: 4, Batch: 390, Acc: 4.63%, Loss: 4.4377
Epoch: 4, Batch: 400, Acc: 4.59%, Loss: 4.3898
Epoch: 4, Batch: 410, Acc: 4.58%, Loss: 4.3658
Epoch: 4, Batch: 420, Acc: 4.61%, Loss: 4.3645
Epoch: 4, Batch: 430, Acc: 4.63%, Loss: 4.3689
Epoch: 4, Batch: 440, Acc: 4.61%, Loss: 4.4056
Epoch: 4, Batch: 450, Acc: 4.61%, Loss: 4.3754
Epoch: 4, Batch: 460, Acc: 4.62%, Loss: 4.3768
Epoch: 4, Batch: 470, Acc: 4.62%, Loss: 4.3667
Epoch: 4, Batch: 480, Acc: 4.62%, Loss: 4.3585
Epoch: 4, Batch: 490, Acc: 4.59%, Loss: 4.3755
Epoch: 4, Batch: 500, Acc: 4.61%, Loss: 4.3711
Epoch: 4, Batch: 510, Acc: 4.59%, Loss: 4.3634
Epoch: 4, Batch: 520, Acc: 4.59%, Loss: 4.3861
Epoch: 4, Batch: 530, Acc: 4.60%, Loss: 4.3481
Epoch: 4, Batch: 540, Acc: 4.62%, Loss: 4.3539
Epoch: 4, Batch: 550, Acc: 4.63%, Loss: 4.3542
Epoch: 4, Batch: 560, Acc: 4.61%, Loss: 4.3993
Epoch: 4, Batch: 570, Acc: 4.61%, Loss: 4.3795
Epoch: 4, Batch: 580, Acc: 4.62%, Loss: 4.3498
Epoch: 4, Batch: 590, Acc: 4.64%, Loss: 4.3537
Epoch: 4, Batch: 600, Acc: 4.65%, Loss: 4.3403
Epoch: 4, Batch: 610, Acc: 4.66%, Loss: 4.3794
Epoch: 4, Batch: 620, Acc: 4.67%, Loss: 4.3693
Epoch: 4, Batch: 630, Acc: 4.67%, Loss: 4.3618
Epoch: 4, Batch: 640, Acc: 4.67%, Loss: 4.3615
Epoch: 4, Batch: 650, Acc: 4.68%, Loss: 4.3477
Epoch: 4, Batch: 660, Acc: 4.67%, Loss: 4.3769
Epoch: 4, Batch: 670, Acc: 4.66%, Loss: 4.3717
Epoch: 4, Batch: 680, Acc: 4.65%, Loss: 4.3641
Epoch: 4, Batch: 690, Acc: 4.65%, Loss: 4.3732
Epoch: 4, Batch: 700, Acc: 4.65%, Loss: 4.3703
Epoch: 4, Batch: 710, Acc: 4.65%, Loss: 4.3804
Epoch: 4, Batch: 720, Acc: 4.65%, Loss: 4.3440
Epoch: 4, Batch: 730, Acc: 4.67%, Loss: 4.3794
Epoch: 4, Batch: 740, Acc: 4.68%, Loss: 4.3617
Epoch: 4, Batch: 750, Acc: 4.69%, Loss: 4.3586
Epoch: 4, Batch: 760, Acc: 4.69%, Loss: 4.3662
Epoch: 4, Batch: 770, Acc: 4.68%, Loss: 4.3887
Epoch: 4, Batch: 780, Acc: 4.67%, Loss: 4.3812
Accuracy on test set: 5.30%
Epoch: 5, Batch: 10, Acc: 7.03%, Loss: 4.3372
Epoch: 5, Batch: 20, Acc: 6.72%, Loss: 4.3316
Epoch: 5, Batch: 30, Acc: 6.46%, Loss: 4.3459
Epoch: 5, Batch: 40, Acc: 6.13%, Loss: 4.3706
Epoch: 5, Batch: 50, Acc: 5.84%, Loss: 4.4019
Epoch: 5, Batch: 60, Acc: 5.55%, Loss: 4.3266
Epoch: 5, Batch: 70, Acc: 5.49%, Loss: 4.3594
Epoch: 5, Batch: 80, Acc: 5.37%, Loss: 4.3792
Epoch: 5, Batch: 90, Acc: 5.26%, Loss: 4.3621
Epoch: 5, Batch: 100, Acc: 5.44%, Loss: 4.3241
Epoch: 5, Batch: 110, Acc: 5.38%, Loss: 4.3909
Epoch: 5, Batch: 120, Acc: 5.31%, Loss: 4.3317
Epoch: 5, Batch: 130, Acc: 5.26%, Loss: 4.3729
Epoch: 5, Batch: 140, Acc: 5.32%, Loss: 4.3100
Epoch: 5, Batch: 150, Acc: 5.34%, Loss: 4.3556
Epoch: 5, Batch: 160, Acc: 5.32%, Loss: 4.3319
Epoch: 5, Batch: 170, Acc: 5.35%, Loss: 4.3317
Epoch: 5, Batch: 180, Acc: 5.33%, Loss: 4.3801
Epoch: 5, Batch: 190, Acc: 5.38%, Loss: 4.3701
Epoch: 5, Batch: 200, Acc: 5.30%, Loss: 4.3911
Epoch: 5, Batch: 210, Acc: 5.25%, Loss: 4.3561
Epoch: 5, Batch: 220, Acc: 5.26%, Loss: 4.3371
Epoch: 5, Batch: 230, Acc: 5.26%, Loss: 4.3892
Epoch: 5, Batch: 240, Acc: 5.25%, Loss: 4.3518
Epoch: 5, Batch: 250, Acc: 5.22%, Loss: 4.3152
Epoch: 5, Batch: 260, Acc: 5.22%, Loss: 4.3683
Epoch: 5, Batch: 270, Acc: 5.21%, Loss: 4.3524
Epoch: 5, Batch: 280, Acc: 5.18%, Loss: 4.3568
Epoch: 5, Batch: 290, Acc: 5.22%, Loss: 4.3463
Epoch: 5, Batch: 300, Acc: 5.21%, Loss: 4.3628
Epoch: 5, Batch: 310, Acc: 5.23%, Loss: 4.3550
Epoch: 5, Batch: 320, Acc: 5.18%, Loss: 4.3504
Epoch: 5, Batch: 330, Acc: 5.18%, Loss: 4.3314
Epoch: 5, Batch: 340, Acc: 5.18%, Loss: 4.3534
Epoch: 5, Batch: 350, Acc: 5.20%, Loss: 4.3576
Epoch: 5, Batch: 360, Acc: 5.25%, Loss: 4.2866
Epoch: 5, Batch: 370, Acc: 5.27%, Loss: 4.3494
Epoch: 5, Batch: 380, Acc: 5.26%, Loss: 4.3330
Epoch: 5, Batch: 390, Acc: 5.22%, Loss: 4.3626
Epoch: 5, Batch: 400, Acc: 5.20%, Loss: 4.3927
Epoch: 5, Batch: 410, Acc: 5.20%, Loss: 4.3700
Epoch: 5, Batch: 420, Acc: 5.20%, Loss: 4.3411
Epoch: 5, Batch: 430, Acc: 5.17%, Loss: 4.3725
Epoch: 5, Batch: 440, Acc: 5.16%, Loss: 4.3510
Epoch: 5, Batch: 450, Acc: 5.15%, Loss: 4.3761
Epoch: 5, Batch: 460, Acc: 5.14%, Loss: 4.3604
Epoch: 5, Batch: 470, Acc: 5.16%, Loss: 4.3602
Epoch: 5, Batch: 480, Acc: 5.15%, Loss: 4.3622
Epoch: 5, Batch: 490, Acc: 5.13%, Loss: 4.3675
Epoch: 5, Batch: 500, Acc: 5.13%, Loss: 4.3739
Epoch: 5, Batch: 510, Acc: 5.13%, Loss: 4.3321
Epoch: 5, Batch: 520, Acc: 5.11%, Loss: 4.3804
Epoch: 5, Batch: 530, Acc: 5.10%, Loss: 4.3318
Epoch: 5, Batch: 540, Acc: 5.09%, Loss: 4.3682
Epoch: 5, Batch: 550, Acc: 5.09%, Loss: 4.3507
Epoch: 5, Batch: 560, Acc: 5.10%, Loss: 4.3218
Epoch: 5, Batch: 570, Acc: 5.06%, Loss: 4.3655
Epoch: 5, Batch: 580, Acc: 5.07%, Loss: 4.3580
Epoch: 5, Batch: 590, Acc: 5.07%, Loss: 4.3412
Epoch: 5, Batch: 600, Acc: 5.07%, Loss: 4.3210
Epoch: 5, Batch: 610, Acc: 5.07%, Loss: 4.3344
Epoch: 5, Batch: 620, Acc: 5.11%, Loss: 4.3211
Epoch: 5, Batch: 630, Acc: 5.10%, Loss: 4.3153
Epoch: 5, Batch: 640, Acc: 5.09%, Loss: 4.3456
Epoch: 5, Batch: 650, Acc: 5.11%, Loss: 4.3508
Epoch: 5, Batch: 660, Acc: 5.10%, Loss: 4.3561
Epoch: 5, Batch: 670, Acc: 5.09%, Loss: 4.3726
Epoch: 5, Batch: 680, Acc: 5.09%, Loss: 4.3409
Epoch: 5, Batch: 690, Acc: 5.09%, Loss: 4.3325
Epoch: 5, Batch: 700, Acc: 5.08%, Loss: 4.3392
Epoch: 5, Batch: 710, Acc: 5.08%, Loss: 4.3289
Epoch: 5, Batch: 720, Acc: 5.08%, Loss: 4.3474
Epoch: 5, Batch: 730, Acc: 5.08%, Loss: 4.3296
Epoch: 5, Batch: 740, Acc: 5.08%, Loss: 4.3391
Epoch: 5, Batch: 750, Acc: 5.08%, Loss: 4.3290
Epoch: 5, Batch: 760, Acc: 5.08%, Loss: 4.3274
Epoch: 5, Batch: 770, Acc: 5.07%, Loss: 4.3723
Epoch: 5, Batch: 780, Acc: 5.08%, Loss: 4.3370
Accuracy on test set: 5.15%
Epoch: 6, Batch: 10, Acc: 6.25%, Loss: 4.3253
Epoch: 6, Batch: 20, Acc: 5.62%, Loss: 4.3800
Epoch: 6, Batch: 30, Acc: 5.21%, Loss: 4.3517
Epoch: 6, Batch: 40, Acc: 5.47%, Loss: 4.3217
Epoch: 6, Batch: 50, Acc: 5.47%, Loss: 4.3118
Epoch: 6, Batch: 60, Acc: 5.26%, Loss: 4.3381
Epoch: 6, Batch: 70, Acc: 5.11%, Loss: 4.3446
Epoch: 6, Batch: 80, Acc: 5.08%, Loss: 4.3403
Epoch: 6, Batch: 90, Acc: 4.97%, Loss: 4.3479
Epoch: 6, Batch: 100, Acc: 5.00%, Loss: 4.3517
Epoch: 6, Batch: 110, Acc: 4.97%, Loss: 4.3152
Epoch: 6, Batch: 120, Acc: 5.04%, Loss: 4.3023
Epoch: 6, Batch: 130, Acc: 4.89%, Loss: 4.3552
Epoch: 6, Batch: 140, Acc: 4.90%, Loss: 4.2666
Epoch: 6, Batch: 150, Acc: 4.89%, Loss: 4.3408
Epoch: 6, Batch: 160, Acc: 4.92%, Loss: 4.3048
Epoch: 6, Batch: 170, Acc: 4.88%, Loss: 4.3871
Epoch: 6, Batch: 180, Acc: 4.97%, Loss: 4.3323
Epoch: 6, Batch: 190, Acc: 5.00%, Loss: 4.3155
Epoch: 6, Batch: 200, Acc: 4.99%, Loss: 4.3492
Epoch: 6, Batch: 210, Acc: 4.99%, Loss: 4.3351
Epoch: 6, Batch: 220, Acc: 5.07%, Loss: 4.3264
Epoch: 6, Batch: 230, Acc: 5.05%, Loss: 4.3361
Epoch: 6, Batch: 240, Acc: 5.13%, Loss: 4.3262
Epoch: 6, Batch: 250, Acc: 5.09%, Loss: 4.3458
Epoch: 6, Batch: 260, Acc: 5.07%, Loss: 4.3202
Epoch: 6, Batch: 270, Acc: 5.02%, Loss: 4.3411
Epoch: 6, Batch: 280, Acc: 4.98%, Loss: 4.3734
Epoch: 6, Batch: 290, Acc: 4.95%, Loss: 4.3883
Epoch: 6, Batch: 300, Acc: 5.03%, Loss: 4.3184
Epoch: 6, Batch: 310, Acc: 5.06%, Loss: 4.3546
Epoch: 6, Batch: 320, Acc: 5.07%, Loss: 4.3632
Epoch: 6, Batch: 330, Acc: 5.03%, Loss: 4.3147
Epoch: 6, Batch: 340, Acc: 5.03%, Loss: 4.3258
Epoch: 6, Batch: 350, Acc: 5.02%, Loss: 4.3485
Epoch: 6, Batch: 360, Acc: 5.01%, Loss: 4.3183
Epoch: 6, Batch: 370, Acc: 5.05%, Loss: 4.3234
Epoch: 6, Batch: 380, Acc: 5.06%, Loss: 4.2934
Epoch: 6, Batch: 390, Acc: 5.05%, Loss: 4.3386
Epoch: 6, Batch: 400, Acc: 5.07%, Loss: 4.3179
Epoch: 6, Batch: 410, Acc: 5.09%, Loss: 4.2994
Epoch: 6, Batch: 420, Acc: 5.07%, Loss: 4.3304
Epoch: 6, Batch: 430, Acc: 5.02%, Loss: 4.3383
Epoch: 6, Batch: 440, Acc: 5.00%, Loss: 4.3475
Epoch: 6, Batch: 450, Acc: 4.99%, Loss: 4.3532
Epoch: 6, Batch: 460, Acc: 4.97%, Loss: 4.3292
Epoch: 6, Batch: 470, Acc: 5.00%, Loss: 4.2980
Epoch: 6, Batch: 480, Acc: 5.00%, Loss: 4.3204
Epoch: 6, Batch: 490, Acc: 4.98%, Loss: 4.3483
Epoch: 6, Batch: 500, Acc: 5.03%, Loss: 4.3225
Epoch: 6, Batch: 510, Acc: 5.02%, Loss: 4.3547
Epoch: 6, Batch: 520, Acc: 5.04%, Loss: 4.2854
Epoch: 6, Batch: 530, Acc: 5.04%, Loss: 4.3638
Epoch: 6, Batch: 540, Acc: 5.04%, Loss: 4.3278
Epoch: 6, Batch: 550, Acc: 5.03%, Loss: 4.3182
Epoch: 6, Batch: 560, Acc: 5.05%, Loss: 4.3011
Epoch: 6, Batch: 570, Acc: 5.07%, Loss: 4.3292
Epoch: 6, Batch: 580, Acc: 5.08%, Loss: 4.3315
Epoch: 6, Batch: 590, Acc: 5.07%, Loss: 4.3603
Epoch: 6, Batch: 600, Acc: 5.07%, Loss: 4.3315
Epoch: 6, Batch: 610, Acc: 5.08%, Loss: 4.3212
Epoch: 6, Batch: 620, Acc: 5.05%, Loss: 4.3728
Epoch: 6, Batch: 630, Acc: 5.05%, Loss: 4.3422
Epoch: 6, Batch: 640, Acc: 5.06%, Loss: 4.3463
Epoch: 6, Batch: 650, Acc: 5.07%, Loss: 4.3290
Epoch: 6, Batch: 660, Acc: 5.06%, Loss: 4.3619
Epoch: 6, Batch: 670, Acc: 5.07%, Loss: 4.3159
Epoch: 6, Batch: 680, Acc: 5.07%, Loss: 4.3421
Epoch: 6, Batch: 690, Acc: 5.06%, Loss: 4.3339
Epoch: 6, Batch: 700, Acc: 5.09%, Loss: 4.3111
Epoch: 6, Batch: 710, Acc: 5.10%, Loss: 4.3023
Epoch: 6, Batch: 720, Acc: 5.09%, Loss: 4.3617
Epoch: 6, Batch: 730, Acc: 5.10%, Loss: 4.3135
Epoch: 6, Batch: 740, Acc: 5.09%, Loss: 4.3273
Epoch: 6, Batch: 750, Acc: 5.09%, Loss: 4.3604
Epoch: 6, Batch: 760, Acc: 5.10%, Loss: 4.3411
Epoch: 6, Batch: 770, Acc: 5.09%, Loss: 4.3247
Epoch: 6, Batch: 780, Acc: 5.10%, Loss: 4.2648
Accuracy on test set: 5.51%
Epoch: 7, Batch: 10, Acc: 5.94%, Loss: 4.3307
Epoch: 7, Batch: 20, Acc: 5.78%, Loss: 4.3278
Epoch: 7, Batch: 30, Acc: 5.36%, Loss: 4.3432
Epoch: 7, Batch: 40, Acc: 5.31%, Loss: 4.3449
Epoch: 7, Batch: 50, Acc: 5.22%, Loss: 4.3412
Epoch: 7, Batch: 60, Acc: 5.36%, Loss: 4.3013
Epoch: 7, Batch: 70, Acc: 5.38%, Loss: 4.2919
Epoch: 7, Batch: 80, Acc: 5.33%, Loss: 4.3276
Epoch: 7, Batch: 90, Acc: 5.28%, Loss: 4.3567
Epoch: 7, Batch: 100, Acc: 5.27%, Loss: 4.3073
Epoch: 7, Batch: 110, Acc: 5.31%, Loss: 4.3086
Epoch: 7, Batch: 120, Acc: 5.39%, Loss: 4.3127
Epoch: 7, Batch: 130, Acc: 5.38%, Loss: 4.3608
Epoch: 7, Batch: 140, Acc: 5.37%, Loss: 4.3203
Epoch: 7, Batch: 150, Acc: 5.43%, Loss: 4.2853
Epoch: 7, Batch: 160, Acc: 5.42%, Loss: 4.3019
Epoch: 7, Batch: 170, Acc: 5.37%, Loss: 4.3271
Epoch: 7, Batch: 180, Acc: 5.40%, Loss: 4.3528
Epoch: 7, Batch: 190, Acc: 5.47%, Loss: 4.2934
Epoch: 7, Batch: 200, Acc: 5.48%, Loss: 4.3356
Epoch: 7, Batch: 210, Acc: 5.45%, Loss: 4.3424
Epoch: 7, Batch: 220, Acc: 5.53%, Loss: 4.3338
Epoch: 7, Batch: 230, Acc: 5.54%, Loss: 4.3185
Epoch: 7, Batch: 240, Acc: 5.43%, Loss: 4.3723
Epoch: 7, Batch: 250, Acc: 5.41%, Loss: 4.2799
Epoch: 7, Batch: 260, Acc: 5.37%, Loss: 4.2987
Epoch: 7, Batch: 270, Acc: 5.41%, Loss: 4.2954
Epoch: 7, Batch: 280, Acc: 5.43%, Loss: 4.2980
Epoch: 7, Batch: 290, Acc: 5.44%, Loss: 4.3029
Epoch: 7, Batch: 300, Acc: 5.43%, Loss: 4.3130
Epoch: 7, Batch: 310, Acc: 5.46%, Loss: 4.2900
Epoch: 7, Batch: 320, Acc: 5.42%, Loss: 4.3334
Epoch: 7, Batch: 330, Acc: 5.36%, Loss: 4.3626
Epoch: 7, Batch: 340, Acc: 5.34%, Loss: 4.3128
Epoch: 7, Batch: 350, Acc: 5.38%, Loss: 4.3069
Epoch: 7, Batch: 360, Acc: 5.37%, Loss: 4.3232
Epoch: 7, Batch: 370, Acc: 5.37%, Loss: 4.3042
Epoch: 7, Batch: 380, Acc: 5.37%, Loss: 4.3131
Epoch: 7, Batch: 390, Acc: 5.33%, Loss: 4.3277
Epoch: 7, Batch: 400, Acc: 5.30%, Loss: 4.3420
Epoch: 7, Batch: 410, Acc: 5.32%, Loss: 4.2975
Epoch: 7, Batch: 420, Acc: 5.33%, Loss: 4.3171
Epoch: 7, Batch: 430, Acc: 5.36%, Loss: 4.3150
Epoch: 7, Batch: 440, Acc: 5.35%, Loss: 4.3268
Epoch: 7, Batch: 450, Acc: 5.35%, Loss: 4.3255
Epoch: 7, Batch: 460, Acc: 5.35%, Loss: 4.3252
Epoch: 7, Batch: 470, Acc: 5.36%, Loss: 4.3495
Epoch: 7, Batch: 480, Acc: 5.37%, Loss: 4.3325
Epoch: 7, Batch: 490, Acc: 5.34%, Loss: 4.3285
Epoch: 7, Batch: 500, Acc: 5.38%, Loss: 4.3057
Epoch: 7, Batch: 510, Acc: 5.37%, Loss: 4.3033
Epoch: 7, Batch: 520, Acc: 5.34%, Loss: 4.3320
Epoch: 7, Batch: 530, Acc: 5.32%, Loss: 4.2997
Epoch: 7, Batch: 540, Acc: 5.29%, Loss: 4.3683
Epoch: 7, Batch: 550, Acc: 5.30%, Loss: 4.3450
Epoch: 7, Batch: 560, Acc: 5.27%, Loss: 4.3261
Epoch: 7, Batch: 570, Acc: 5.27%, Loss: 4.3047
Epoch: 7, Batch: 580, Acc: 5.27%, Loss: 4.3322
Epoch: 7, Batch: 590, Acc: 5.29%, Loss: 4.2995
Epoch: 7, Batch: 600, Acc: 5.28%, Loss: 4.2958
Epoch: 7, Batch: 610, Acc: 5.29%, Loss: 4.3243
Epoch: 7, Batch: 620, Acc: 5.30%, Loss: 4.2973
Epoch: 7, Batch: 630, Acc: 5.28%, Loss: 4.3913
Epoch: 7, Batch: 640, Acc: 5.26%, Loss: 4.3188
Epoch: 7, Batch: 650, Acc: 5.25%, Loss: 4.3483
Epoch: 7, Batch: 660, Acc: 5.27%, Loss: 4.2985
Epoch: 7, Batch: 670, Acc: 5.28%, Loss: 4.2715
Epoch: 7, Batch: 680, Acc: 5.28%, Loss: 4.2943
Epoch: 7, Batch: 690, Acc: 5.28%, Loss: 4.3031
Epoch: 7, Batch: 700, Acc: 5.28%, Loss: 4.3085
Epoch: 7, Batch: 710, Acc: 5.28%, Loss: 4.2998
Epoch: 7, Batch: 720, Acc: 5.28%, Loss: 4.3098
Epoch: 7, Batch: 730, Acc: 5.28%, Loss: 4.3172
Epoch: 7, Batch: 740, Acc: 5.27%, Loss: 4.3156
Epoch: 7, Batch: 750, Acc: 5.27%, Loss: 4.3023
Epoch: 7, Batch: 760, Acc: 5.29%, Loss: 4.2950
Epoch: 7, Batch: 770, Acc: 5.28%, Loss: 4.3298
Epoch: 7, Batch: 780, Acc: 5.27%, Loss: 4.2791
Accuracy on test set: 5.48%
Epoch: 8, Batch: 10, Acc: 5.47%, Loss: 4.2941
Epoch: 8, Batch: 20, Acc: 4.92%, Loss: 4.3254
Epoch: 8, Batch: 30, Acc: 5.62%, Loss: 4.3003
Epoch: 8, Batch: 40, Acc: 5.51%, Loss: 4.3520
Epoch: 8, Batch: 50, Acc: 5.66%, Loss: 4.2820
Epoch: 8, Batch: 60, Acc: 5.60%, Loss: 4.2861
Epoch: 8, Batch: 70, Acc: 5.71%, Loss: 4.3296
Epoch: 8, Batch: 80, Acc: 5.88%, Loss: 4.2898
Epoch: 8, Batch: 90, Acc: 5.76%, Loss: 4.3016
Epoch: 8, Batch: 100, Acc: 5.75%, Loss: 4.2734
Epoch: 8, Batch: 110, Acc: 5.81%, Loss: 4.2992
Epoch: 8, Batch: 120, Acc: 5.72%, Loss: 4.3132
Epoch: 8, Batch: 130, Acc: 5.60%, Loss: 4.3110
Epoch: 8, Batch: 140, Acc: 5.64%, Loss: 4.2995
Epoch: 8, Batch: 150, Acc: 5.53%, Loss: 4.2760
Epoch: 8, Batch: 160, Acc: 5.43%, Loss: 4.2875
Epoch: 8, Batch: 170, Acc: 5.40%, Loss: 4.3842
Epoch: 8, Batch: 180, Acc: 5.48%, Loss: 4.2394
Epoch: 8, Batch: 190, Acc: 5.46%, Loss: 4.3232
Epoch: 8, Batch: 200, Acc: 5.45%, Loss: 4.3225
Epoch: 8, Batch: 210, Acc: 5.47%, Loss: 4.3207
Epoch: 8, Batch: 220, Acc: 5.44%, Loss: 4.2964
Epoch: 8, Batch: 230, Acc: 5.39%, Loss: 4.3316
Epoch: 8, Batch: 240, Acc: 5.43%, Loss: 4.2686
Epoch: 8, Batch: 250, Acc: 5.42%, Loss: 4.3383
Epoch: 8, Batch: 260, Acc: 5.41%, Loss: 4.3128
Epoch: 8, Batch: 270, Acc: 5.43%, Loss: 4.2999
Epoch: 8, Batch: 280, Acc: 5.41%, Loss: 4.3075
Epoch: 8, Batch: 290, Acc: 5.36%, Loss: 4.3181
Epoch: 8, Batch: 300, Acc: 5.35%, Loss: 4.3190
Epoch: 8, Batch: 310, Acc: 5.36%, Loss: 4.3212
Epoch: 8, Batch: 320, Acc: 5.39%, Loss: 4.3378
Epoch: 8, Batch: 330, Acc: 5.42%, Loss: 4.2972
Epoch: 8, Batch: 340, Acc: 5.40%, Loss: 4.3303
Epoch: 8, Batch: 350, Acc: 5.43%, Loss: 4.3100
Epoch: 8, Batch: 360, Acc: 5.38%, Loss: 4.2961
Epoch: 8, Batch: 370, Acc: 5.43%, Loss: 4.3050
Epoch: 8, Batch: 380, Acc: 5.43%, Loss: 4.3137
Epoch: 8, Batch: 390, Acc: 5.45%, Loss: 4.2659
Epoch: 8, Batch: 400, Acc: 5.46%, Loss: 4.2799
Epoch: 8, Batch: 410, Acc: 5.40%, Loss: 4.3543
Epoch: 8, Batch: 420, Acc: 5.41%, Loss: 4.2859
Epoch: 8, Batch: 430, Acc: 5.40%, Loss: 4.3481
Epoch: 8, Batch: 440, Acc: 5.40%, Loss: 4.2985
Epoch: 8, Batch: 450, Acc: 5.42%, Loss: 4.3327
Epoch: 8, Batch: 460, Acc: 5.42%, Loss: 4.3301
Epoch: 8, Batch: 470, Acc: 5.41%, Loss: 4.3131
Epoch: 8, Batch: 480, Acc: 5.40%, Loss: 4.2993
Epoch: 8, Batch: 490, Acc: 5.42%, Loss: 4.2791
Epoch: 8, Batch: 500, Acc: 5.43%, Loss: 4.3069
Epoch: 8, Batch: 510, Acc: 5.44%, Loss: 4.3204
Epoch: 8, Batch: 520, Acc: 5.43%, Loss: 4.3167
Epoch: 8, Batch: 530, Acc: 5.40%, Loss: 4.3453
Epoch: 8, Batch: 540, Acc: 5.40%, Loss: 4.3198
Epoch: 8, Batch: 550, Acc: 5.38%, Loss: 4.3294
Epoch: 8, Batch: 560, Acc: 5.39%, Loss: 4.3056
Epoch: 8, Batch: 570, Acc: 5.37%, Loss: 4.3107
Epoch: 8, Batch: 580, Acc: 5.36%, Loss: 4.3383
Epoch: 8, Batch: 590, Acc: 5.35%, Loss: 4.3394
Epoch: 8, Batch: 600, Acc: 5.37%, Loss: 4.2632
Epoch: 8, Batch: 610, Acc: 5.37%, Loss: 4.3146
Epoch: 8, Batch: 620, Acc: 5.37%, Loss: 4.3308
Epoch: 8, Batch: 630, Acc: 5.37%, Loss: 4.2962
Epoch: 8, Batch: 640, Acc: 5.38%, Loss: 4.2865
Epoch: 8, Batch: 650, Acc: 5.38%, Loss: 4.2851
Epoch: 8, Batch: 660, Acc: 5.40%, Loss: 4.3012
Epoch: 8, Batch: 670, Acc: 5.39%, Loss: 4.3679
Epoch: 8, Batch: 680, Acc: 5.39%, Loss: 4.3013
Epoch: 8, Batch: 690, Acc: 5.39%, Loss: 4.2516
Epoch: 8, Batch: 700, Acc: 5.38%, Loss: 4.2910
Epoch: 8, Batch: 710, Acc: 5.42%, Loss: 4.2370
Epoch: 8, Batch: 720, Acc: 5.40%, Loss: 4.3272
Epoch: 8, Batch: 730, Acc: 5.39%, Loss: 4.3183
Epoch: 8, Batch: 740, Acc: 5.40%, Loss: 4.3238
Epoch: 8, Batch: 750, Acc: 5.40%, Loss: 4.3260
Epoch: 8, Batch: 760, Acc: 5.41%, Loss: 4.3044
Epoch: 8, Batch: 770, Acc: 5.41%, Loss: 4.3009
Epoch: 8, Batch: 780, Acc: 5.44%, Loss: 4.2715
Accuracy on test set: 5.50%
Epoch: 9, Batch: 10, Acc: 5.62%, Loss: 4.2848
Epoch: 9, Batch: 20, Acc: 6.41%, Loss: 4.2577
Epoch: 9, Batch: 30, Acc: 6.09%, Loss: 4.3000
Epoch: 9, Batch: 40, Acc: 5.82%, Loss: 4.3688
Epoch: 9, Batch: 50, Acc: 6.19%, Loss: 4.2710
Epoch: 9, Batch: 60, Acc: 6.20%, Loss: 4.3211
Epoch: 9, Batch: 70, Acc: 6.21%, Loss: 4.3306
Epoch: 9, Batch: 80, Acc: 6.09%, Loss: 4.2816
Epoch: 9, Batch: 90, Acc: 5.92%, Loss: 4.2979
Epoch: 9, Batch: 100, Acc: 5.84%, Loss: 4.2748
Epoch: 9, Batch: 110, Acc: 5.81%, Loss: 4.3291
Epoch: 9, Batch: 120, Acc: 5.98%, Loss: 4.2735
Epoch: 9, Batch: 130, Acc: 5.89%, Loss: 4.3174
Epoch: 9, Batch: 140, Acc: 5.85%, Loss: 4.2900
Epoch: 9, Batch: 150, Acc: 5.84%, Loss: 4.2940
Epoch: 9, Batch: 160, Acc: 5.75%, Loss: 4.3274
Epoch: 9, Batch: 170, Acc: 5.74%, Loss: 4.3124
Epoch: 9, Batch: 180, Acc: 5.78%, Loss: 4.3067
Epoch: 9, Batch: 190, Acc: 5.73%, Loss: 4.3126
Epoch: 9, Batch: 200, Acc: 5.70%, Loss: 4.2819
Epoch: 9, Batch: 210, Acc: 5.67%, Loss: 4.3022
Epoch: 9, Batch: 220, Acc: 5.67%, Loss: 4.2964
Epoch: 9, Batch: 230, Acc: 5.67%, Loss: 4.3057
Epoch: 9, Batch: 240, Acc: 5.61%, Loss: 4.3270
Epoch: 9, Batch: 250, Acc: 5.56%, Loss: 4.2699
Epoch: 9, Batch: 260, Acc: 5.56%, Loss: 4.3058
Epoch: 9, Batch: 270, Acc: 5.52%, Loss: 4.3364
Epoch: 9, Batch: 280, Acc: 5.55%, Loss: 4.3017
Epoch: 9, Batch: 290, Acc: 5.61%, Loss: 4.2429
Epoch: 9, Batch: 300, Acc: 5.61%, Loss: 4.2748
Epoch: 9, Batch: 310, Acc: 5.63%, Loss: 4.2836
Epoch: 9, Batch: 320, Acc: 5.60%, Loss: 4.3265
Epoch: 9, Batch: 330, Acc: 5.62%, Loss: 4.3427
Epoch: 9, Batch: 340, Acc: 5.63%, Loss: 4.2720
Epoch: 9, Batch: 350, Acc: 5.61%, Loss: 4.3197
Epoch: 9, Batch: 360, Acc: 5.59%, Loss: 4.3222
Epoch: 9, Batch: 370, Acc: 5.58%, Loss: 4.2748
Epoch: 9, Batch: 380, Acc: 5.58%, Loss: 4.2846
Epoch: 9, Batch: 390, Acc: 5.57%, Loss: 4.3162
Epoch: 9, Batch: 400, Acc: 5.59%, Loss: 4.2963
Epoch: 9, Batch: 410, Acc: 5.53%, Loss: 4.3379
Epoch: 9, Batch: 420, Acc: 5.52%, Loss: 4.2991
Epoch: 9, Batch: 430, Acc: 5.49%, Loss: 4.3398
Epoch: 9, Batch: 440, Acc: 5.49%, Loss: 4.2995
Epoch: 9, Batch: 450, Acc: 5.48%, Loss: 4.2955
Epoch: 9, Batch: 460, Acc: 5.51%, Loss: 4.3144
Epoch: 9, Batch: 470, Acc: 5.48%, Loss: 4.3281
Epoch: 9, Batch: 480, Acc: 5.49%, Loss: 4.2765
Epoch: 9, Batch: 490, Acc: 5.47%, Loss: 4.3474
Epoch: 9, Batch: 500, Acc: 5.48%, Loss: 4.2839
Epoch: 9, Batch: 510, Acc: 5.45%, Loss: 4.3026
Epoch: 9, Batch: 520, Acc: 5.44%, Loss: 4.2927
Epoch: 9, Batch: 530, Acc: 5.44%, Loss: 4.3071
Epoch: 9, Batch: 540, Acc: 5.44%, Loss: 4.2894
Epoch: 9, Batch: 550, Acc: 5.43%, Loss: 4.3077
Epoch: 9, Batch: 560, Acc: 5.43%, Loss: 4.2522
Epoch: 9, Batch: 570, Acc: 5.42%, Loss: 4.2974
Epoch: 9, Batch: 580, Acc: 5.43%, Loss: 4.2759
Epoch: 9, Batch: 590, Acc: 5.44%, Loss: 4.2958
Epoch: 9, Batch: 600, Acc: 5.45%, Loss: 4.2756
Epoch: 9, Batch: 610, Acc: 5.45%, Loss: 4.2655
Epoch: 9, Batch: 620, Acc: 5.45%, Loss: 4.3118
Epoch: 9, Batch: 630, Acc: 5.46%, Loss: 4.2600
Epoch: 9, Batch: 640, Acc: 5.48%, Loss: 4.2648
Epoch: 9, Batch: 650, Acc: 5.52%, Loss: 4.2981
Epoch: 9, Batch: 660, Acc: 5.51%, Loss: 4.3126
Epoch: 9, Batch: 670, Acc: 5.55%, Loss: 4.2428
Epoch: 9, Batch: 680, Acc: 5.55%, Loss: 4.3084
Epoch: 9, Batch: 690, Acc: 5.57%, Loss: 4.2728
Epoch: 9, Batch: 700, Acc: 5.59%, Loss: 4.2618
Epoch: 9, Batch: 710, Acc: 5.57%, Loss: 4.2912
Epoch: 9, Batch: 720, Acc: 5.58%, Loss: 4.2912
Epoch: 9, Batch: 730, Acc: 5.56%, Loss: 4.3387
Epoch: 9, Batch: 740, Acc: 5.55%, Loss: 4.3010
Epoch: 9, Batch: 750, Acc: 5.55%, Loss: 4.3293
Epoch: 9, Batch: 760, Acc: 5.54%, Loss: 4.3067
Epoch: 9, Batch: 770, Acc: 5.53%, Loss: 4.3090
Epoch: 9, Batch: 780, Acc: 5.53%, Loss: 4.3196
Accuracy on test set: 5.82%
Epoch: 10, Batch: 10, Acc: 5.78%, Loss: 4.2714
Epoch: 10, Batch: 20, Acc: 5.86%, Loss: 4.2996
Epoch: 10, Batch: 30, Acc: 6.04%, Loss: 4.2464
Epoch: 10, Batch: 40, Acc: 6.25%, Loss: 4.2547
Epoch: 10, Batch: 50, Acc: 6.28%, Loss: 4.2379
Epoch: 10, Batch: 60, Acc: 6.04%, Loss: 4.2999
Epoch: 10, Batch: 70, Acc: 6.07%, Loss: 4.2776
Epoch: 10, Batch: 80, Acc: 5.96%, Loss: 4.2762
Epoch: 10, Batch: 90, Acc: 5.83%, Loss: 4.3171
Epoch: 10, Batch: 100, Acc: 5.95%, Loss: 4.2860
Epoch: 10, Batch: 110, Acc: 5.94%, Loss: 4.2888
Epoch: 10, Batch: 120, Acc: 5.90%, Loss: 4.2849
Epoch: 10, Batch: 130, Acc: 5.93%, Loss: 4.2980
Epoch: 10, Batch: 140, Acc: 5.89%, Loss: 4.3103
Epoch: 10, Batch: 150, Acc: 5.86%, Loss: 4.2930
Epoch: 10, Batch: 160, Acc: 5.94%, Loss: 4.3293
Epoch: 10, Batch: 170, Acc: 5.94%, Loss: 4.2829
Epoch: 10, Batch: 180, Acc: 5.91%, Loss: 4.3382
Epoch: 10, Batch: 190, Acc: 5.85%, Loss: 4.3283
Epoch: 10, Batch: 200, Acc: 5.88%, Loss: 4.2554
Epoch: 10, Batch: 210, Acc: 5.80%, Loss: 4.3331
Epoch: 10, Batch: 220, Acc: 5.77%, Loss: 4.2978
Epoch: 10, Batch: 230, Acc: 5.77%, Loss: 4.2714
Epoch: 10, Batch: 240, Acc: 5.79%, Loss: 4.2503
Epoch: 10, Batch: 250, Acc: 5.83%, Loss: 4.2780
Epoch: 10, Batch: 260, Acc: 5.78%, Loss: 4.2793
Epoch: 10, Batch: 270, Acc: 5.73%, Loss: 4.2953
Epoch: 10, Batch: 280, Acc: 5.75%, Loss: 4.3169
Epoch: 10, Batch: 290, Acc: 5.74%, Loss: 4.3351
Epoch: 10, Batch: 300, Acc: 5.79%, Loss: 4.3013
Epoch: 10, Batch: 310, Acc: 5.77%, Loss: 4.2962
Epoch: 10, Batch: 320, Acc: 5.72%, Loss: 4.3188
Epoch: 10, Batch: 330, Acc: 5.79%, Loss: 4.2868
Epoch: 10, Batch: 340, Acc: 5.79%, Loss: 4.2989
Epoch: 10, Batch: 350, Acc: 5.82%, Loss: 4.2548
Epoch: 10, Batch: 360, Acc: 5.79%, Loss: 4.2810
Epoch: 10, Batch: 370, Acc: 5.81%, Loss: 4.2981
Epoch: 10, Batch: 380, Acc: 5.80%, Loss: 4.3162
Epoch: 10, Batch: 390, Acc: 5.77%, Loss: 4.2997
Epoch: 10, Batch: 400, Acc: 5.75%, Loss: 4.2891
Epoch: 10, Batch: 410, Acc: 5.72%, Loss: 4.3369
Epoch: 10, Batch: 420, Acc: 5.70%, Loss: 4.3157
Epoch: 10, Batch: 430, Acc: 5.68%, Loss: 4.2607
Epoch: 10, Batch: 440, Acc: 5.71%, Loss: 4.2240
Epoch: 10, Batch: 450, Acc: 5.74%, Loss: 4.2709
Epoch: 10, Batch: 460, Acc: 5.73%, Loss: 4.3026
Epoch: 10, Batch: 470, Acc: 5.74%, Loss: 4.3071
Epoch: 10, Batch: 480, Acc: 5.76%, Loss: 4.2461
Epoch: 10, Batch: 490, Acc: 5.75%, Loss: 4.3072
Epoch: 10, Batch: 500, Acc: 5.75%, Loss: 4.2820
Epoch: 10, Batch: 510, Acc: 5.73%, Loss: 4.2662
Epoch: 10, Batch: 520, Acc: 5.75%, Loss: 4.2869
Epoch: 10, Batch: 530, Acc: 5.74%, Loss: 4.3115
Epoch: 10, Batch: 540, Acc: 5.73%, Loss: 4.3194
Epoch: 10, Batch: 550, Acc: 5.73%, Loss: 4.2514
Epoch: 10, Batch: 560, Acc: 5.73%, Loss: 4.2747
Epoch: 10, Batch: 570, Acc: 5.73%, Loss: 4.2932
Epoch: 10, Batch: 580, Acc: 5.72%, Loss: 4.2988
Epoch: 10, Batch: 590, Acc: 5.71%, Loss: 4.2896
Epoch: 10, Batch: 600, Acc: 5.72%, Loss: 4.2676
Epoch: 10, Batch: 610, Acc: 5.70%, Loss: 4.3118
Epoch: 10, Batch: 620, Acc: 5.69%, Loss: 4.2840
Epoch: 10, Batch: 630, Acc: 5.66%, Loss: 4.3168
Epoch: 10, Batch: 640, Acc: 5.66%, Loss: 4.2838
Epoch: 10, Batch: 650, Acc: 5.64%, Loss: 4.3431
Epoch: 10, Batch: 660, Acc: 5.65%, Loss: 4.3089
Epoch: 10, Batch: 670, Acc: 5.67%, Loss: 4.3038
Epoch: 10, Batch: 680, Acc: 5.68%, Loss: 4.2650
Epoch: 10, Batch: 690, Acc: 5.67%, Loss: 4.2959
Epoch: 10, Batch: 700, Acc: 5.68%, Loss: 4.2869
Epoch: 10, Batch: 710, Acc: 5.68%, Loss: 4.2609
Epoch: 10, Batch: 720, Acc: 5.66%, Loss: 4.3180
Epoch: 10, Batch: 730, Acc: 5.67%, Loss: 4.2711
Epoch: 10, Batch: 740, Acc: 5.68%, Loss: 4.3344
Epoch: 10, Batch: 750, Acc: 5.66%, Loss: 4.3115
Epoch: 10, Batch: 760, Acc: 5.65%, Loss: 4.2882
Epoch: 10, Batch: 770, Acc: 5.66%, Loss: 4.2466
Epoch: 10, Batch: 780, Acc: 5.64%, Loss: 4.3298
Accuracy on test set: 5.79%
Epoch: 11, Batch: 10, Acc: 4.53%, Loss: 4.2923
Epoch: 11, Batch: 20, Acc: 4.92%, Loss: 4.2775
Epoch: 11, Batch: 30, Acc: 5.26%, Loss: 4.2625
Epoch: 11, Batch: 40, Acc: 5.31%, Loss: 4.2620
Epoch: 11, Batch: 50, Acc: 5.50%, Loss: 4.2853
Epoch: 11, Batch: 60, Acc: 5.39%, Loss: 4.3431
Epoch: 11, Batch: 70, Acc: 5.20%, Loss: 4.3190
Epoch: 11, Batch: 80, Acc: 5.53%, Loss: 4.2860
Epoch: 11, Batch: 90, Acc: 5.68%, Loss: 4.2829
Epoch: 11, Batch: 100, Acc: 5.69%, Loss: 4.2862
Epoch: 11, Batch: 110, Acc: 5.58%, Loss: 4.3130
Epoch: 11, Batch: 120, Acc: 5.56%, Loss: 4.2688
Epoch: 11, Batch: 130, Acc: 5.60%, Loss: 4.3165
Epoch: 11, Batch: 140, Acc: 5.69%, Loss: 4.2776
Epoch: 11, Batch: 150, Acc: 5.74%, Loss: 4.2662
Epoch: 11, Batch: 160, Acc: 5.83%, Loss: 4.2621
Epoch: 11, Batch: 170, Acc: 5.77%, Loss: 4.2902
Epoch: 11, Batch: 180, Acc: 5.73%, Loss: 4.3006
Epoch: 11, Batch: 190, Acc: 5.72%, Loss: 4.2900
Epoch: 11, Batch: 200, Acc: 5.74%, Loss: 4.2825
Epoch: 11, Batch: 210, Acc: 5.78%, Loss: 4.2848
Epoch: 11, Batch: 220, Acc: 5.83%, Loss: 4.2357
Epoch: 11, Batch: 230, Acc: 5.85%, Loss: 4.2747
Epoch: 11, Batch: 240, Acc: 5.85%, Loss: 4.2943
Epoch: 11, Batch: 250, Acc: 5.78%, Loss: 4.2960
Epoch: 11, Batch: 260, Acc: 5.80%, Loss: 4.2344
Epoch: 11, Batch: 270, Acc: 5.79%, Loss: 4.2886
Epoch: 11, Batch: 280, Acc: 5.79%, Loss: 4.3004
Epoch: 11, Batch: 290, Acc: 5.75%, Loss: 4.2780
Epoch: 11, Batch: 300, Acc: 5.82%, Loss: 4.2428
Epoch: 11, Batch: 310, Acc: 5.86%, Loss: 4.2819
Epoch: 11, Batch: 320, Acc: 5.88%, Loss: 4.3101
Epoch: 11, Batch: 330, Acc: 5.84%, Loss: 4.2560
Epoch: 11, Batch: 340, Acc: 5.83%, Loss: 4.2711
Epoch: 11, Batch: 350, Acc: 5.88%, Loss: 4.2747
Epoch: 11, Batch: 360, Acc: 5.87%, Loss: 4.3288
Epoch: 11, Batch: 370, Acc: 5.85%, Loss: 4.2973
Epoch: 11, Batch: 380, Acc: 5.78%, Loss: 4.2797
Epoch: 11, Batch: 390, Acc: 5.77%, Loss: 4.2579
Epoch: 11, Batch: 400, Acc: 5.80%, Loss: 4.2584
Epoch: 11, Batch: 410, Acc: 5.82%, Loss: 4.2693
Epoch: 11, Batch: 420, Acc: 5.83%, Loss: 4.2706
Epoch: 11, Batch: 430, Acc: 5.83%, Loss: 4.3025
Epoch: 11, Batch: 440, Acc: 5.81%, Loss: 4.2804
Epoch: 11, Batch: 450, Acc: 5.78%, Loss: 4.3098
Epoch: 11, Batch: 460, Acc: 5.77%, Loss: 4.2832
Epoch: 11, Batch: 470, Acc: 5.79%, Loss: 4.3208
Epoch: 11, Batch: 480, Acc: 5.79%, Loss: 4.2982
Epoch: 11, Batch: 490, Acc: 5.77%, Loss: 4.3089
Epoch: 11, Batch: 500, Acc: 5.78%, Loss: 4.3098
Epoch: 11, Batch: 510, Acc: 5.78%, Loss: 4.2849
Epoch: 11, Batch: 520, Acc: 5.76%, Loss: 4.3040
Epoch: 11, Batch: 530, Acc: 5.76%, Loss: 4.2757
Epoch: 11, Batch: 540, Acc: 5.74%, Loss: 4.3048
Epoch: 11, Batch: 550, Acc: 5.74%, Loss: 4.2828
Epoch: 11, Batch: 560, Acc: 5.73%, Loss: 4.2848
Epoch: 11, Batch: 570, Acc: 5.75%, Loss: 4.2737
Epoch: 11, Batch: 580, Acc: 5.74%, Loss: 4.2735
Epoch: 11, Batch: 590, Acc: 5.71%, Loss: 4.3152
Epoch: 11, Batch: 600, Acc: 5.72%, Loss: 4.2861
Epoch: 11, Batch: 610, Acc: 5.72%, Loss: 4.2688
Epoch: 11, Batch: 620, Acc: 5.72%, Loss: 4.2834
Epoch: 11, Batch: 630, Acc: 5.72%, Loss: 4.3221
Epoch: 11, Batch: 640, Acc: 5.72%, Loss: 4.2641
Epoch: 11, Batch: 650, Acc: 5.72%, Loss: 4.3083
Epoch: 11, Batch: 660, Acc: 5.73%, Loss: 4.2494
Epoch: 11, Batch: 670, Acc: 5.73%, Loss: 4.2756
Epoch: 11, Batch: 680, Acc: 5.71%, Loss: 4.2532
Epoch: 11, Batch: 690, Acc: 5.71%, Loss: 4.2713
Epoch: 11, Batch: 700, Acc: 5.69%, Loss: 4.3178
Epoch: 11, Batch: 710, Acc: 5.71%, Loss: 4.2488
Epoch: 11, Batch: 720, Acc: 5.69%, Loss: 4.2908
Epoch: 11, Batch: 730, Acc: 5.69%, Loss: 4.2929
Epoch: 11, Batch: 740, Acc: 5.70%, Loss: 4.2703
Epoch: 11, Batch: 750, Acc: 5.70%, Loss: 4.2883
Epoch: 11, Batch: 760, Acc: 5.70%, Loss: 4.2941
Epoch: 11, Batch: 770, Acc: 5.71%, Loss: 4.2665
Epoch: 11, Batch: 780, Acc: 5.71%, Loss: 4.2666
Accuracy on test set: 5.96%
Epoch: 12, Batch: 10, Acc: 5.78%, Loss: 4.2677
Epoch: 12, Batch: 20, Acc: 6.02%, Loss: 4.2747
Epoch: 12, Batch: 30, Acc: 5.83%, Loss: 4.3049
Epoch: 12, Batch: 40, Acc: 5.51%, Loss: 4.2719
Epoch: 12, Batch: 50, Acc: 5.59%, Loss: 4.2908
Epoch: 12, Batch: 60, Acc: 5.44%, Loss: 4.3171
Epoch: 12, Batch: 70, Acc: 5.33%, Loss: 4.3169
Epoch: 12, Batch: 80, Acc: 5.53%, Loss: 4.2550
Epoch: 12, Batch: 90, Acc: 5.47%, Loss: 4.3296
Epoch: 12, Batch: 100, Acc: 5.44%, Loss: 4.2103
Epoch: 12, Batch: 110, Acc: 5.60%, Loss: 4.2537
Epoch: 12, Batch: 120, Acc: 5.64%, Loss: 4.2806
Epoch: 12, Batch: 130, Acc: 5.67%, Loss: 4.2476
Epoch: 12, Batch: 140, Acc: 5.74%, Loss: 4.2844
Epoch: 12, Batch: 150, Acc: 5.59%, Loss: 4.3271
Epoch: 12, Batch: 160, Acc: 5.63%, Loss: 4.2999
Epoch: 12, Batch: 170, Acc: 5.61%, Loss: 4.3067
Epoch: 12, Batch: 180, Acc: 5.55%, Loss: 4.2888
Epoch: 12, Batch: 190, Acc: 5.53%, Loss: 4.2689
Epoch: 12, Batch: 200, Acc: 5.55%, Loss: 4.3076
Epoch: 12, Batch: 210, Acc: 5.54%, Loss: 4.2769
Epoch: 12, Batch: 220, Acc: 5.56%, Loss: 4.3039
Epoch: 12, Batch: 230, Acc: 5.60%, Loss: 4.2316
Epoch: 12, Batch: 240, Acc: 5.59%, Loss: 4.2627
Epoch: 12, Batch: 250, Acc: 5.58%, Loss: 4.3354
Epoch: 12, Batch: 260, Acc: 5.59%, Loss: 4.2966
Epoch: 12, Batch: 270, Acc: 5.61%, Loss: 4.2863
Epoch: 12, Batch: 280, Acc: 5.62%, Loss: 4.2691
Epoch: 12, Batch: 290, Acc: 5.62%, Loss: 4.2905
Epoch: 12, Batch: 300, Acc: 5.64%, Loss: 4.2663
Epoch: 12, Batch: 310, Acc: 5.62%, Loss: 4.2741
Epoch: 12, Batch: 320, Acc: 5.62%, Loss: 4.2689
Epoch: 12, Batch: 330, Acc: 5.61%, Loss: 4.3006
Epoch: 12, Batch: 340, Acc: 5.60%, Loss: 4.2784
Epoch: 12, Batch: 350, Acc: 5.62%, Loss: 4.2932
Epoch: 12, Batch: 360, Acc: 5.62%, Loss: 4.2853
Epoch: 12, Batch: 370, Acc: 5.63%, Loss: 4.2666
Epoch: 12, Batch: 380, Acc: 5.64%, Loss: 4.2565
Epoch: 12, Batch: 390, Acc: 5.65%, Loss: 4.3172
Epoch: 12, Batch: 400, Acc: 5.66%, Loss: 4.2729
Epoch: 12, Batch: 410, Acc: 5.66%, Loss: 4.2605
Epoch: 12, Batch: 420, Acc: 5.67%, Loss: 4.2865
Epoch: 12, Batch: 430, Acc: 5.66%, Loss: 4.2657
Epoch: 12, Batch: 440, Acc: 5.69%, Loss: 4.2589
Epoch: 12, Batch: 450, Acc: 5.68%, Loss: 4.3106
Epoch: 12, Batch: 460, Acc: 5.69%, Loss: 4.2405
Epoch: 12, Batch: 470, Acc: 5.67%, Loss: 4.3053
Epoch: 12, Batch: 480, Acc: 5.69%, Loss: 4.2954
Epoch: 12, Batch: 490, Acc: 5.66%, Loss: 4.2740
Epoch: 12, Batch: 500, Acc: 5.64%, Loss: 4.3121
Epoch: 12, Batch: 510, Acc: 5.64%, Loss: 4.2844
Epoch: 12, Batch: 520, Acc: 5.62%, Loss: 4.3178
Epoch: 12, Batch: 530, Acc: 5.62%, Loss: 4.2124
Epoch: 12, Batch: 540, Acc: 5.67%, Loss: 4.2758
Epoch: 12, Batch: 550, Acc: 5.65%, Loss: 4.2795
Epoch: 12, Batch: 560, Acc: 5.67%, Loss: 4.2875
Epoch: 12, Batch: 570, Acc: 5.68%, Loss: 4.2673
Epoch: 12, Batch: 580, Acc: 5.68%, Loss: 4.2671
Epoch: 12, Batch: 590, Acc: 5.71%, Loss: 4.2435
Epoch: 12, Batch: 600, Acc: 5.70%, Loss: 4.2127
Epoch: 12, Batch: 610, Acc: 5.71%, Loss: 4.2952
Epoch: 12, Batch: 620, Acc: 5.72%, Loss: 4.2317
Epoch: 12, Batch: 630, Acc: 5.73%, Loss: 4.3038
Epoch: 12, Batch: 640, Acc: 5.75%, Loss: 4.2843
Epoch: 12, Batch: 650, Acc: 5.77%, Loss: 4.2449
Epoch: 12, Batch: 660, Acc: 5.75%, Loss: 4.2617
Epoch: 12, Batch: 670, Acc: 5.75%, Loss: 4.3390
Epoch: 12, Batch: 680, Acc: 5.75%, Loss: 4.3014
Epoch: 12, Batch: 690, Acc: 5.75%, Loss: 4.2437
Epoch: 12, Batch: 700, Acc: 5.73%, Loss: 4.2755
Epoch: 12, Batch: 710, Acc: 5.74%, Loss: 4.2459
Epoch: 12, Batch: 720, Acc: 5.74%, Loss: 4.2867
Epoch: 12, Batch: 730, Acc: 5.75%, Loss: 4.2699
Epoch: 12, Batch: 740, Acc: 5.77%, Loss: 4.2845
Epoch: 12, Batch: 750, Acc: 5.77%, Loss: 4.2428
Epoch: 12, Batch: 760, Acc: 5.79%, Loss: 4.2396
Epoch: 12, Batch: 770, Acc: 5.78%, Loss: 4.2566
Epoch: 12, Batch: 780, Acc: 5.76%, Loss: 4.3310
Accuracy on test set: 5.88%
Epoch: 13, Batch: 10, Acc: 6.25%, Loss: 4.2900
Epoch: 13, Batch: 20, Acc: 6.48%, Loss: 4.2556
Epoch: 13, Batch: 30, Acc: 5.89%, Loss: 4.2876
Epoch: 13, Batch: 40, Acc: 6.48%, Loss: 4.2753
Epoch: 13, Batch: 50, Acc: 6.25%, Loss: 4.3049
Epoch: 13, Batch: 60, Acc: 6.04%, Loss: 4.2852
Epoch: 13, Batch: 70, Acc: 5.87%, Loss: 4.2698
Epoch: 13, Batch: 80, Acc: 6.02%, Loss: 4.2177
Epoch: 13, Batch: 90, Acc: 5.90%, Loss: 4.2555
Epoch: 13, Batch: 100, Acc: 6.03%, Loss: 4.2613
Epoch: 13, Batch: 110, Acc: 5.98%, Loss: 4.2800
Epoch: 13, Batch: 120, Acc: 6.09%, Loss: 4.2097
Epoch: 13, Batch: 130, Acc: 6.00%, Loss: 4.3066
Epoch: 13, Batch: 140, Acc: 5.96%, Loss: 4.2720
Epoch: 13, Batch: 150, Acc: 6.03%, Loss: 4.2883
Epoch: 13, Batch: 160, Acc: 5.96%, Loss: 4.2555
Epoch: 13, Batch: 170, Acc: 5.97%, Loss: 4.2409
Epoch: 13, Batch: 180, Acc: 6.01%, Loss: 4.2642
Epoch: 13, Batch: 190, Acc: 6.00%, Loss: 4.2855
Epoch: 13, Batch: 200, Acc: 6.05%, Loss: 4.2281
Epoch: 13, Batch: 210, Acc: 6.06%, Loss: 4.2489
Epoch: 13, Batch: 220, Acc: 6.05%, Loss: 4.2649
Epoch: 13, Batch: 230, Acc: 5.98%, Loss: 4.3443
Epoch: 13, Batch: 240, Acc: 5.97%, Loss: 4.2868
Epoch: 13, Batch: 250, Acc: 5.97%, Loss: 4.2914
Epoch: 13, Batch: 260, Acc: 5.99%, Loss: 4.2997
Epoch: 13, Batch: 270, Acc: 5.95%, Loss: 4.3200
Epoch: 13, Batch: 280, Acc: 5.92%, Loss: 4.2938
Epoch: 13, Batch: 290, Acc: 5.91%, Loss: 4.2791
Epoch: 13, Batch: 300, Acc: 5.92%, Loss: 4.2451
Epoch: 13, Batch: 310, Acc: 5.87%, Loss: 4.3230
Epoch: 13, Batch: 320, Acc: 5.87%, Loss: 4.2340
Epoch: 13, Batch: 330, Acc: 5.88%, Loss: 4.2990
Epoch: 13, Batch: 340, Acc: 5.84%, Loss: 4.2859
Epoch: 13, Batch: 350, Acc: 5.77%, Loss: 4.2881
Epoch: 13, Batch: 360, Acc: 5.78%, Loss: 4.2659
Epoch: 13, Batch: 370, Acc: 5.76%, Loss: 4.2635
Epoch: 13, Batch: 380, Acc: 5.76%, Loss: 4.2342
Epoch: 13, Batch: 390, Acc: 5.79%, Loss: 4.2307
Epoch: 13, Batch: 400, Acc: 5.81%, Loss: 4.2402
Epoch: 13, Batch: 410, Acc: 5.77%, Loss: 4.2542
Epoch: 13, Batch: 420, Acc: 5.75%, Loss: 4.2943
Epoch: 13, Batch: 430, Acc: 5.77%, Loss: 4.2384
Epoch: 13, Batch: 440, Acc: 5.75%, Loss: 4.3058
Epoch: 13, Batch: 450, Acc: 5.73%, Loss: 4.2526
Epoch: 13, Batch: 460, Acc: 5.74%, Loss: 4.2375
Epoch: 13, Batch: 470, Acc: 5.74%, Loss: 4.3040
Epoch: 13, Batch: 480, Acc: 5.78%, Loss: 4.2039
Epoch: 13, Batch: 490, Acc: 5.79%, Loss: 4.2942
Epoch: 13, Batch: 500, Acc: 5.78%, Loss: 4.3334
Epoch: 13, Batch: 510, Acc: 5.80%, Loss: 4.2988
Epoch: 13, Batch: 520, Acc: 5.80%, Loss: 4.2861
Epoch: 13, Batch: 530, Acc: 5.79%, Loss: 4.2584
Epoch: 13, Batch: 540, Acc: 5.80%, Loss: 4.2544
Epoch: 13, Batch: 550, Acc: 5.80%, Loss: 4.2759
Epoch: 13, Batch: 560, Acc: 5.80%, Loss: 4.3151
Epoch: 13, Batch: 570, Acc: 5.80%, Loss: 4.2573
Epoch: 13, Batch: 580, Acc: 5.81%, Loss: 4.2129
Epoch: 13, Batch: 590, Acc: 5.78%, Loss: 4.3017
Epoch: 13, Batch: 600, Acc: 5.77%, Loss: 4.2627
Epoch: 13, Batch: 610, Acc: 5.78%, Loss: 4.2406
Epoch: 13, Batch: 620, Acc: 5.78%, Loss: 4.2492
Epoch: 13, Batch: 630, Acc: 5.77%, Loss: 4.3189
Epoch: 13, Batch: 640, Acc: 5.75%, Loss: 4.2934
Epoch: 13, Batch: 650, Acc: 5.76%, Loss: 4.2848
Epoch: 13, Batch: 660, Acc: 5.77%, Loss: 4.2499
Epoch: 13, Batch: 670, Acc: 5.78%, Loss: 4.2855
Epoch: 13, Batch: 680, Acc: 5.80%, Loss: 4.2501
Epoch: 13, Batch: 690, Acc: 5.79%, Loss: 4.2616
Epoch: 13, Batch: 700, Acc: 5.80%, Loss: 4.2593
Epoch: 13, Batch: 710, Acc: 5.79%, Loss: 4.2963
Epoch: 13, Batch: 720, Acc: 5.77%, Loss: 4.2939
Epoch: 13, Batch: 730, Acc: 5.79%, Loss: 4.2347
Epoch: 13, Batch: 740, Acc: 5.79%, Loss: 4.3333
Epoch: 13, Batch: 750, Acc: 5.80%, Loss: 4.3093
Epoch: 13, Batch: 760, Acc: 5.78%, Loss: 4.2984
Epoch: 13, Batch: 770, Acc: 5.78%, Loss: 4.2809
Epoch: 13, Batch: 780, Acc: 5.79%, Loss: 4.2713
Accuracy on test set: 6.39%
Epoch: 14, Batch: 10, Acc: 5.62%, Loss: 4.2653
Epoch: 14, Batch: 20, Acc: 5.08%, Loss: 4.2903
Epoch: 14, Batch: 30, Acc: 5.57%, Loss: 4.2282
Epoch: 14, Batch: 40, Acc: 5.74%, Loss: 4.3045
Epoch: 14, Batch: 50, Acc: 5.84%, Loss: 4.2557
Epoch: 14, Batch: 60, Acc: 5.60%, Loss: 4.3128
Epoch: 14, Batch: 70, Acc: 5.58%, Loss: 4.2776
Epoch: 14, Batch: 80, Acc: 5.72%, Loss: 4.2483
Epoch: 14, Batch: 90, Acc: 5.71%, Loss: 4.3032
Epoch: 14, Batch: 100, Acc: 5.61%, Loss: 4.2865
Epoch: 14, Batch: 110, Acc: 5.62%, Loss: 4.3046
Epoch: 14, Batch: 120, Acc: 5.72%, Loss: 4.2705
Epoch: 14, Batch: 130, Acc: 5.67%, Loss: 4.2796
Epoch: 14, Batch: 140, Acc: 5.80%, Loss: 4.2662
Epoch: 14, Batch: 150, Acc: 5.82%, Loss: 4.2666
Epoch: 14, Batch: 160, Acc: 5.84%, Loss: 4.2608
Epoch: 14, Batch: 170, Acc: 5.83%, Loss: 4.3039
Epoch: 14, Batch: 180, Acc: 5.80%, Loss: 4.2846
Epoch: 14, Batch: 190, Acc: 5.80%, Loss: 4.2790
Epoch: 14, Batch: 200, Acc: 5.80%, Loss: 4.2740
Epoch: 14, Batch: 210, Acc: 5.77%, Loss: 4.2432
Epoch: 14, Batch: 220, Acc: 5.76%, Loss: 4.2815
Epoch: 14, Batch: 230, Acc: 5.83%, Loss: 4.2314
Epoch: 14, Batch: 240, Acc: 5.81%, Loss: 4.2638
Epoch: 14, Batch: 250, Acc: 5.78%, Loss: 4.2986
Epoch: 14, Batch: 260, Acc: 5.78%, Loss: 4.2839
Epoch: 14, Batch: 270, Acc: 5.75%, Loss: 4.3145
Epoch: 14, Batch: 280, Acc: 5.76%, Loss: 4.3077
Epoch: 14, Batch: 290, Acc: 5.75%, Loss: 4.2804
Epoch: 14, Batch: 300, Acc: 5.82%, Loss: 4.2503
Epoch: 14, Batch: 310, Acc: 5.82%, Loss: 4.2859
Epoch: 14, Batch: 320, Acc: 5.81%, Loss: 4.2759
Epoch: 14, Batch: 330, Acc: 5.79%, Loss: 4.2776
Epoch: 14, Batch: 340, Acc: 5.85%, Loss: 4.2362
Epoch: 14, Batch: 350, Acc: 5.81%, Loss: 4.2660
Epoch: 14, Batch: 360, Acc: 5.84%, Loss: 4.2491
Epoch: 14, Batch: 370, Acc: 5.90%, Loss: 4.2375
Epoch: 14, Batch: 380, Acc: 5.90%, Loss: 4.3136
Epoch: 14, Batch: 390, Acc: 5.89%, Loss: 4.2383
Epoch: 14, Batch: 400, Acc: 5.89%, Loss: 4.2337
Epoch: 14, Batch: 410, Acc: 5.90%, Loss: 4.2648
Epoch: 14, Batch: 420, Acc: 5.91%, Loss: 4.2572
Epoch: 14, Batch: 430, Acc: 5.89%, Loss: 4.2417
Epoch: 14, Batch: 440, Acc: 5.91%, Loss: 4.2782
Epoch: 14, Batch: 450, Acc: 5.92%, Loss: 4.2351
Epoch: 14, Batch: 460, Acc: 5.91%, Loss: 4.3017
Epoch: 14, Batch: 470, Acc: 5.92%, Loss: 4.2928
Epoch: 14, Batch: 480, Acc: 5.95%, Loss: 4.2276
Epoch: 14, Batch: 490, Acc: 5.95%, Loss: 4.2675
Epoch: 14, Batch: 500, Acc: 5.95%, Loss: 4.2790
Epoch: 14, Batch: 510, Acc: 5.95%, Loss: 4.3081
Epoch: 14, Batch: 520, Acc: 5.95%, Loss: 4.3127
Epoch: 14, Batch: 530, Acc: 5.95%, Loss: 4.2934
Epoch: 14, Batch: 540, Acc: 5.97%, Loss: 4.2076
Epoch: 14, Batch: 550, Acc: 5.97%, Loss: 4.2768
Epoch: 14, Batch: 560, Acc: 5.98%, Loss: 4.2189
Epoch: 14, Batch: 570, Acc: 6.00%, Loss: 4.2031
Epoch: 14, Batch: 580, Acc: 5.98%, Loss: 4.2741
Epoch: 14, Batch: 590, Acc: 5.96%, Loss: 4.2704
Epoch: 14, Batch: 600, Acc: 5.96%, Loss: 4.2909
Epoch: 14, Batch: 610, Acc: 5.97%, Loss: 4.2707
Epoch: 14, Batch: 620, Acc: 5.97%, Loss: 4.2433
Epoch: 14, Batch: 630, Acc: 5.98%, Loss: 4.2457
Epoch: 14, Batch: 640, Acc: 5.98%, Loss: 4.2326
Epoch: 14, Batch: 650, Acc: 5.97%, Loss: 4.2667
Epoch: 14, Batch: 660, Acc: 5.97%, Loss: 4.2366
Epoch: 14, Batch: 670, Acc: 5.98%, Loss: 4.2599
Epoch: 14, Batch: 680, Acc: 5.97%, Loss: 4.2763
Epoch: 14, Batch: 690, Acc: 5.97%, Loss: 4.2908
Epoch: 14, Batch: 700, Acc: 5.99%, Loss: 4.2399
Epoch: 14, Batch: 710, Acc: 5.99%, Loss: 4.2395
Epoch: 14, Batch: 720, Acc: 6.00%, Loss: 4.2786
Epoch: 14, Batch: 730, Acc: 6.00%, Loss: 4.2552
Epoch: 14, Batch: 740, Acc: 5.97%, Loss: 4.2745
Epoch: 14, Batch: 750, Acc: 5.94%, Loss: 4.2730
Epoch: 14, Batch: 760, Acc: 5.94%, Loss: 4.2648
Epoch: 14, Batch: 770, Acc: 5.94%, Loss: 4.2495
Epoch: 14, Batch: 780, Acc: 5.93%, Loss: 4.3523
Accuracy on test set: 6.00%
Epoch: 15, Batch: 10, Acc: 5.47%, Loss: 4.2720
Epoch: 15, Batch: 20, Acc: 5.70%, Loss: 4.2996
Epoch: 15, Batch: 30, Acc: 5.47%, Loss: 4.2903
Epoch: 15, Batch: 40, Acc: 5.74%, Loss: 4.2779
Epoch: 15, Batch: 50, Acc: 6.06%, Loss: 4.2547
Epoch: 15, Batch: 60, Acc: 6.22%, Loss: 4.2158
Epoch: 15, Batch: 70, Acc: 6.25%, Loss: 4.2488
Epoch: 15, Batch: 80, Acc: 6.17%, Loss: 4.3040
Epoch: 15, Batch: 90, Acc: 6.04%, Loss: 4.2572
Epoch: 15, Batch: 100, Acc: 5.95%, Loss: 4.3069
Epoch: 15, Batch: 110, Acc: 5.94%, Loss: 4.3147
Epoch: 15, Batch: 120, Acc: 5.98%, Loss: 4.2970
Epoch: 15, Batch: 130, Acc: 5.99%, Loss: 4.2619
Epoch: 15, Batch: 140, Acc: 5.96%, Loss: 4.2107
Epoch: 15, Batch: 150, Acc: 6.03%, Loss: 4.2481
Epoch: 15, Batch: 160, Acc: 6.03%, Loss: 4.2735
Epoch: 15, Batch: 170, Acc: 6.03%, Loss: 4.2387
Epoch: 15, Batch: 180, Acc: 5.96%, Loss: 4.2429
Epoch: 15, Batch: 190, Acc: 5.99%, Loss: 4.3126
Epoch: 15, Batch: 200, Acc: 6.01%, Loss: 4.2440
Epoch: 15, Batch: 210, Acc: 5.96%, Loss: 4.2953
Epoch: 15, Batch: 220, Acc: 5.97%, Loss: 4.2450
Epoch: 15, Batch: 230, Acc: 6.06%, Loss: 4.2020
Epoch: 15, Batch: 240, Acc: 6.05%, Loss: 4.2526
Epoch: 15, Batch: 250, Acc: 5.96%, Loss: 4.3072
Epoch: 15, Batch: 260, Acc: 6.00%, Loss: 4.2310
Epoch: 15, Batch: 270, Acc: 6.04%, Loss: 4.2644
Epoch: 15, Batch: 280, Acc: 6.06%, Loss: 4.2740
Epoch: 15, Batch: 290, Acc: 6.06%, Loss: 4.2653
Epoch: 15, Batch: 300, Acc: 6.07%, Loss: 4.2470
Epoch: 15, Batch: 310, Acc: 6.11%, Loss: 4.2909
Epoch: 15, Batch: 320, Acc: 6.12%, Loss: 4.2160
Epoch: 15, Batch: 330, Acc: 6.07%, Loss: 4.2915
Epoch: 15, Batch: 340, Acc: 6.04%, Loss: 4.2451
Epoch: 15, Batch: 350, Acc: 6.02%, Loss: 4.2213
Epoch: 15, Batch: 360, Acc: 6.03%, Loss: 4.2748
Epoch: 15, Batch: 370, Acc: 6.05%, Loss: 4.2566
Epoch: 15, Batch: 380, Acc: 6.04%, Loss: 4.2843
Epoch: 15, Batch: 390, Acc: 6.06%, Loss: 4.2324
Epoch: 15, Batch: 400, Acc: 6.08%, Loss: 4.2638
Epoch: 15, Batch: 410, Acc: 6.04%, Loss: 4.2950
Epoch: 15, Batch: 420, Acc: 6.01%, Loss: 4.3237
Epoch: 15, Batch: 430, Acc: 6.00%, Loss: 4.2904
Epoch: 15, Batch: 440, Acc: 5.98%, Loss: 4.3063
Epoch: 15, Batch: 450, Acc: 5.96%, Loss: 4.2598
Epoch: 15, Batch: 460, Acc: 5.99%, Loss: 4.2848
Epoch: 15, Batch: 470, Acc: 5.95%, Loss: 4.2704
Epoch: 15, Batch: 480, Acc: 5.95%, Loss: 4.2556
Epoch: 15, Batch: 490, Acc: 5.95%, Loss: 4.2893
Epoch: 15, Batch: 500, Acc: 5.94%, Loss: 4.2885
Epoch: 15, Batch: 510, Acc: 5.92%, Loss: 4.3000
Epoch: 15, Batch: 520, Acc: 5.91%, Loss: 4.2172
Epoch: 15, Batch: 530, Acc: 5.93%, Loss: 4.2409
Epoch: 15, Batch: 540, Acc: 5.89%, Loss: 4.2634
Epoch: 15, Batch: 550, Acc: 5.93%, Loss: 4.2282
Epoch: 15, Batch: 560, Acc: 5.94%, Loss: 4.2791
Epoch: 15, Batch: 570, Acc: 5.92%, Loss: 4.2779
Epoch: 15, Batch: 580, Acc: 5.95%, Loss: 4.2816
Epoch: 15, Batch: 590, Acc: 5.95%, Loss: 4.2209
Epoch: 15, Batch: 600, Acc: 5.93%, Loss: 4.2506
Epoch: 15, Batch: 610, Acc: 5.95%, Loss: 4.2104
Epoch: 15, Batch: 620, Acc: 5.95%, Loss: 4.2722
Epoch: 15, Batch: 630, Acc: 5.94%, Loss: 4.2776
Epoch: 15, Batch: 640, Acc: 5.95%, Loss: 4.2936
Epoch: 15, Batch: 650, Acc: 5.94%, Loss: 4.2837
Epoch: 15, Batch: 660, Acc: 5.93%, Loss: 4.2517
Epoch: 15, Batch: 670, Acc: 5.93%, Loss: 4.2706
Epoch: 15, Batch: 680, Acc: 5.96%, Loss: 4.2634
Epoch: 15, Batch: 690, Acc: 5.97%, Loss: 4.2549
Epoch: 15, Batch: 700, Acc: 5.96%, Loss: 4.2319
Epoch: 15, Batch: 710, Acc: 5.98%, Loss: 4.2622
Epoch: 15, Batch: 720, Acc: 5.99%, Loss: 4.2065
Epoch: 15, Batch: 730, Acc: 5.98%, Loss: 4.2591
Epoch: 15, Batch: 740, Acc: 5.96%, Loss: 4.2617
Epoch: 15, Batch: 750, Acc: 5.97%, Loss: 4.2829
Epoch: 15, Batch: 760, Acc: 5.97%, Loss: 4.2450
Epoch: 15, Batch: 770, Acc: 5.97%, Loss: 4.2487
Epoch: 15, Batch: 780, Acc: 5.96%, Loss: 4.2937
Accuracy on test set: 6.13%
Epoch: 16, Batch: 10, Acc: 6.09%, Loss: 4.2602
Epoch: 16, Batch: 20, Acc: 5.70%, Loss: 4.2793
Epoch: 16, Batch: 30, Acc: 5.89%, Loss: 4.2823
Epoch: 16, Batch: 40, Acc: 5.86%, Loss: 4.2919
Epoch: 16, Batch: 50, Acc: 6.06%, Loss: 4.2186
Epoch: 16, Batch: 60, Acc: 6.22%, Loss: 4.2644
Epoch: 16, Batch: 70, Acc: 5.94%, Loss: 4.2522
Epoch: 16, Batch: 80, Acc: 5.94%, Loss: 4.2295
Epoch: 16, Batch: 90, Acc: 6.08%, Loss: 4.2996
Epoch: 16, Batch: 100, Acc: 6.28%, Loss: 4.2275
Epoch: 16, Batch: 110, Acc: 6.29%, Loss: 4.2894
Epoch: 16, Batch: 120, Acc: 6.35%, Loss: 4.2539
Epoch: 16, Batch: 130, Acc: 6.39%, Loss: 4.2660
Epoch: 16, Batch: 140, Acc: 6.33%, Loss: 4.2759
Epoch: 16, Batch: 150, Acc: 6.24%, Loss: 4.2932
Epoch: 16, Batch: 160, Acc: 6.18%, Loss: 4.2629
Epoch: 16, Batch: 170, Acc: 6.19%, Loss: 4.2150
Epoch: 16, Batch: 180, Acc: 6.22%, Loss: 4.2133
Epoch: 16, Batch: 190, Acc: 6.30%, Loss: 4.2328
Epoch: 16, Batch: 200, Acc: 6.28%, Loss: 4.2576
Epoch: 16, Batch: 210, Acc: 6.31%, Loss: 4.2270
Epoch: 16, Batch: 220, Acc: 6.34%, Loss: 4.2673
Epoch: 16, Batch: 230, Acc: 6.37%, Loss: 4.2181
Epoch: 16, Batch: 240, Acc: 6.31%, Loss: 4.2636
Epoch: 16, Batch: 250, Acc: 6.29%, Loss: 4.2456
Epoch: 16, Batch: 260, Acc: 6.31%, Loss: 4.2080
Epoch: 16, Batch: 270, Acc: 6.23%, Loss: 4.2871
Epoch: 16, Batch: 280, Acc: 6.23%, Loss: 4.2466
Epoch: 16, Batch: 290, Acc: 6.16%, Loss: 4.2709
Epoch: 16, Batch: 300, Acc: 6.17%, Loss: 4.2523
Epoch: 16, Batch: 310, Acc: 6.14%, Loss: 4.2567
Epoch: 16, Batch: 320, Acc: 6.15%, Loss: 4.2680
Epoch: 16, Batch: 330, Acc: 6.16%, Loss: 4.3019
Epoch: 16, Batch: 340, Acc: 6.10%, Loss: 4.2533
Epoch: 16, Batch: 350, Acc: 6.05%, Loss: 4.3038
Epoch: 16, Batch: 360, Acc: 6.04%, Loss: 4.2476
Epoch: 16, Batch: 370, Acc: 6.02%, Loss: 4.2996
Epoch: 16, Batch: 380, Acc: 6.03%, Loss: 4.2772
Epoch: 16, Batch: 390, Acc: 6.06%, Loss: 4.2500
Epoch: 16, Batch: 400, Acc: 6.04%, Loss: 4.3312
Epoch: 16, Batch: 410, Acc: 6.03%, Loss: 4.2662
Epoch: 16, Batch: 420, Acc: 6.05%, Loss: 4.2328
Epoch: 16, Batch: 430, Acc: 6.04%, Loss: 4.2610
Epoch: 16, Batch: 440, Acc: 6.04%, Loss: 4.2769
Epoch: 16, Batch: 450, Acc: 6.02%, Loss: 4.2692
Epoch: 16, Batch: 460, Acc: 6.02%, Loss: 4.2814
Epoch: 16, Batch: 470, Acc: 6.03%, Loss: 4.2400
Epoch: 16, Batch: 480, Acc: 5.99%, Loss: 4.2997
Epoch: 16, Batch: 490, Acc: 5.99%, Loss: 4.2363
Epoch: 16, Batch: 500, Acc: 5.97%, Loss: 4.2296
Epoch: 16, Batch: 510, Acc: 5.97%, Loss: 4.2715
Epoch: 16, Batch: 520, Acc: 5.97%, Loss: 4.2838
Epoch: 16, Batch: 530, Acc: 5.98%, Loss: 4.2372
Epoch: 16, Batch: 540, Acc: 5.99%, Loss: 4.2381
Epoch: 16, Batch: 550, Acc: 5.95%, Loss: 4.3070
Epoch: 16, Batch: 560, Acc: 5.97%, Loss: 4.2221
Epoch: 16, Batch: 570, Acc: 5.98%, Loss: 4.2674
Epoch: 16, Batch: 580, Acc: 5.94%, Loss: 4.2668
Epoch: 16, Batch: 590, Acc: 5.92%, Loss: 4.3128
Epoch: 16, Batch: 600, Acc: 5.93%, Loss: 4.2198
Epoch: 16, Batch: 610, Acc: 5.93%, Loss: 4.2324
Epoch: 16, Batch: 620, Acc: 5.94%, Loss: 4.2632
Epoch: 16, Batch: 630, Acc: 5.95%, Loss: 4.2548
Epoch: 16, Batch: 640, Acc: 5.95%, Loss: 4.2730
Epoch: 16, Batch: 650, Acc: 5.94%, Loss: 4.2433
Epoch: 16, Batch: 660, Acc: 5.94%, Loss: 4.2458
Epoch: 16, Batch: 670, Acc: 5.97%, Loss: 4.2300
Epoch: 16, Batch: 680, Acc: 5.98%, Loss: 4.2781
Epoch: 16, Batch: 690, Acc: 6.00%, Loss: 4.2266
Epoch: 16, Batch: 700, Acc: 6.00%, Loss: 4.2908
Epoch: 16, Batch: 710, Acc: 6.01%, Loss: 4.2925
Epoch: 16, Batch: 720, Acc: 6.02%, Loss: 4.2362
Epoch: 16, Batch: 730, Acc: 6.02%, Loss: 4.2782
Epoch: 16, Batch: 740, Acc: 6.02%, Loss: 4.2407
Epoch: 16, Batch: 750, Acc: 6.01%, Loss: 4.2822
Epoch: 16, Batch: 760, Acc: 6.01%, Loss: 4.2835
Epoch: 16, Batch: 770, Acc: 6.01%, Loss: 4.2618
Epoch: 16, Batch: 780, Acc: 6.01%, Loss: 4.2680
Accuracy on test set: 6.25%
Epoch: 17, Batch: 10, Acc: 5.16%, Loss: 4.2534
Epoch: 17, Batch: 20, Acc: 5.31%, Loss: 4.2934
Epoch: 17, Batch: 30, Acc: 5.16%, Loss: 4.2340
Epoch: 17, Batch: 40, Acc: 5.00%, Loss: 4.2997
Epoch: 17, Batch: 50, Acc: 5.41%, Loss: 4.2691
Epoch: 17, Batch: 60, Acc: 5.26%, Loss: 4.2617
Epoch: 17, Batch: 70, Acc: 5.31%, Loss: 4.2506
Epoch: 17, Batch: 80, Acc: 5.68%, Loss: 4.2184
Epoch: 17, Batch: 90, Acc: 5.64%, Loss: 4.2269
Epoch: 17, Batch: 100, Acc: 5.72%, Loss: 4.2562
Epoch: 17, Batch: 110, Acc: 5.85%, Loss: 4.2548
Epoch: 17, Batch: 120, Acc: 5.95%, Loss: 4.2265
Epoch: 17, Batch: 130, Acc: 6.00%, Loss: 4.2853
Epoch: 17, Batch: 140, Acc: 5.92%, Loss: 4.2603
Epoch: 17, Batch: 150, Acc: 5.99%, Loss: 4.2639
Epoch: 17, Batch: 160, Acc: 6.01%, Loss: 4.2653
Epoch: 17, Batch: 170, Acc: 6.01%, Loss: 4.2684
Epoch: 17, Batch: 180, Acc: 6.02%, Loss: 4.2542
Epoch: 17, Batch: 190, Acc: 5.99%, Loss: 4.2985
Epoch: 17, Batch: 200, Acc: 5.97%, Loss: 4.3031
Epoch: 17, Batch: 210, Acc: 6.06%, Loss: 4.2719
Epoch: 17, Batch: 220, Acc: 6.01%, Loss: 4.2357
Epoch: 17, Batch: 230, Acc: 6.07%, Loss: 4.2178
Epoch: 17, Batch: 240, Acc: 6.02%, Loss: 4.2734
Epoch: 17, Batch: 250, Acc: 6.08%, Loss: 4.2106
Epoch: 17, Batch: 260, Acc: 6.07%, Loss: 4.2428
Epoch: 17, Batch: 270, Acc: 6.09%, Loss: 4.2664
Epoch: 17, Batch: 280, Acc: 6.04%, Loss: 4.2480
Epoch: 17, Batch: 290, Acc: 6.08%, Loss: 4.2990
Epoch: 17, Batch: 300, Acc: 6.07%, Loss: 4.2471
Epoch: 17, Batch: 310, Acc: 5.99%, Loss: 4.2698
Epoch: 17, Batch: 320, Acc: 5.99%, Loss: 4.2513
Epoch: 17, Batch: 330, Acc: 5.98%, Loss: 4.2809
Epoch: 17, Batch: 340, Acc: 5.92%, Loss: 4.2340
Epoch: 17, Batch: 350, Acc: 5.87%, Loss: 4.2911
Epoch: 17, Batch: 360, Acc: 5.88%, Loss: 4.2813
Epoch: 17, Batch: 370, Acc: 5.85%, Loss: 4.2865
Epoch: 17, Batch: 380, Acc: 5.83%, Loss: 4.2584
Epoch: 17, Batch: 390, Acc: 5.82%, Loss: 4.2439
Epoch: 17, Batch: 400, Acc: 5.84%, Loss: 4.2699
Epoch: 17, Batch: 410, Acc: 5.90%, Loss: 4.1716
Epoch: 17, Batch: 420, Acc: 5.90%, Loss: 4.2643
Epoch: 17, Batch: 430, Acc: 5.93%, Loss: 4.2902
Epoch: 17, Batch: 440, Acc: 5.96%, Loss: 4.2182
Epoch: 17, Batch: 450, Acc: 5.94%, Loss: 4.2533
Epoch: 17, Batch: 460, Acc: 5.95%, Loss: 4.2743
Epoch: 17, Batch: 470, Acc: 5.97%, Loss: 4.2679
Epoch: 17, Batch: 480, Acc: 6.01%, Loss: 4.1789
Epoch: 17, Batch: 490, Acc: 5.98%, Loss: 4.2368
Epoch: 17, Batch: 500, Acc: 5.98%, Loss: 4.2331
Epoch: 17, Batch: 510, Acc: 6.00%, Loss: 4.2260
Epoch: 17, Batch: 520, Acc: 5.99%, Loss: 4.2871
Epoch: 17, Batch: 530, Acc: 5.97%, Loss: 4.2576
Epoch: 17, Batch: 540, Acc: 5.95%, Loss: 4.2577
Epoch: 17, Batch: 550, Acc: 5.94%, Loss: 4.2822
Epoch: 17, Batch: 560, Acc: 5.96%, Loss: 4.2558
Epoch: 17, Batch: 570, Acc: 5.96%, Loss: 4.2666
Epoch: 17, Batch: 580, Acc: 5.97%, Loss: 4.2548
Epoch: 17, Batch: 590, Acc: 5.99%, Loss: 4.2595
Epoch: 17, Batch: 600, Acc: 5.98%, Loss: 4.2404
Epoch: 17, Batch: 610, Acc: 6.00%, Loss: 4.2929
Epoch: 17, Batch: 620, Acc: 6.03%, Loss: 4.2541
Epoch: 17, Batch: 630, Acc: 6.03%, Loss: 4.2814
Epoch: 17, Batch: 640, Acc: 6.04%, Loss: 4.2596
Epoch: 17, Batch: 650, Acc: 6.00%, Loss: 4.2578
Epoch: 17, Batch: 660, Acc: 6.02%, Loss: 4.2649
Epoch: 17, Batch: 670, Acc: 6.04%, Loss: 4.2119
Epoch: 17, Batch: 680, Acc: 6.02%, Loss: 4.3064
Epoch: 17, Batch: 690, Acc: 6.01%, Loss: 4.2722
Epoch: 17, Batch: 700, Acc: 6.03%, Loss: 4.2351
Epoch: 17, Batch: 710, Acc: 6.04%, Loss: 4.2642
Epoch: 17, Batch: 720, Acc: 6.06%, Loss: 4.2457
Epoch: 17, Batch: 730, Acc: 6.06%, Loss: 4.2655
Epoch: 17, Batch: 740, Acc: 6.06%, Loss: 4.2480
Epoch: 17, Batch: 750, Acc: 6.06%, Loss: 4.2540
Epoch: 17, Batch: 760, Acc: 6.04%, Loss: 4.2498
Epoch: 17, Batch: 770, Acc: 6.03%, Loss: 4.2938
Epoch: 17, Batch: 780, Acc: 6.04%, Loss: 4.2259
Accuracy on test set: 6.29%
Epoch: 18, Batch: 10, Acc: 5.94%, Loss: 4.2438
Epoch: 18, Batch: 20, Acc: 5.94%, Loss: 4.2161
Epoch: 18, Batch: 30, Acc: 6.09%, Loss: 4.2790
Epoch: 18, Batch: 40, Acc: 5.94%, Loss: 4.2783
Epoch: 18, Batch: 50, Acc: 6.06%, Loss: 4.2770
Epoch: 18, Batch: 60, Acc: 5.99%, Loss: 4.2824
Epoch: 18, Batch: 70, Acc: 6.07%, Loss: 4.2291
Epoch: 18, Batch: 80, Acc: 6.04%, Loss: 4.2124
Epoch: 18, Batch: 90, Acc: 6.16%, Loss: 4.2427
Epoch: 18, Batch: 100, Acc: 6.14%, Loss: 4.2418
Epoch: 18, Batch: 110, Acc: 6.11%, Loss: 4.2623
Epoch: 18, Batch: 120, Acc: 5.96%, Loss: 4.2565
Epoch: 18, Batch: 130, Acc: 5.85%, Loss: 4.2443
Epoch: 18, Batch: 140, Acc: 5.90%, Loss: 4.2545
Epoch: 18, Batch: 150, Acc: 5.94%, Loss: 4.2554
Epoch: 18, Batch: 160, Acc: 5.97%, Loss: 4.2462
Epoch: 18, Batch: 170, Acc: 5.94%, Loss: 4.2466
Epoch: 18, Batch: 180, Acc: 5.90%, Loss: 4.3033
Epoch: 18, Batch: 190, Acc: 5.81%, Loss: 4.2592
Epoch: 18, Batch: 200, Acc: 5.88%, Loss: 4.3029
Epoch: 18, Batch: 210, Acc: 5.86%, Loss: 4.2601
Epoch: 18, Batch: 220, Acc: 5.94%, Loss: 4.2530
Epoch: 18, Batch: 230, Acc: 5.90%, Loss: 4.2483
Epoch: 18, Batch: 240, Acc: 5.88%, Loss: 4.3054
Epoch: 18, Batch: 250, Acc: 5.90%, Loss: 4.2795
Epoch: 18, Batch: 260, Acc: 5.90%, Loss: 4.2394
Epoch: 18, Batch: 270, Acc: 5.94%, Loss: 4.2280
Epoch: 18, Batch: 280, Acc: 5.93%, Loss: 4.3095
Epoch: 18, Batch: 290, Acc: 5.94%, Loss: 4.2945
Epoch: 18, Batch: 300, Acc: 5.95%, Loss: 4.2825
Epoch: 18, Batch: 310, Acc: 5.90%, Loss: 4.3038
Epoch: 18, Batch: 320, Acc: 5.89%, Loss: 4.2722
Epoch: 18, Batch: 330, Acc: 5.91%, Loss: 4.2646
Epoch: 18, Batch: 340, Acc: 5.91%, Loss: 4.2785
Epoch: 18, Batch: 350, Acc: 5.94%, Loss: 4.2556
Epoch: 18, Batch: 360, Acc: 5.94%, Loss: 4.2699
Epoch: 18, Batch: 370, Acc: 5.92%, Loss: 4.2607
Epoch: 18, Batch: 380, Acc: 5.94%, Loss: 4.2269
Epoch: 18, Batch: 390, Acc: 5.98%, Loss: 4.2252
Epoch: 18, Batch: 400, Acc: 5.97%, Loss: 4.2338
Epoch: 18, Batch: 410, Acc: 6.02%, Loss: 4.2774
Epoch: 18, Batch: 420, Acc: 5.99%, Loss: 4.2304
Epoch: 18, Batch: 430, Acc: 5.99%, Loss: 4.2907
Epoch: 18, Batch: 440, Acc: 6.03%, Loss: 4.2139
Epoch: 18, Batch: 450, Acc: 6.01%, Loss: 4.2621
Epoch: 18, Batch: 460, Acc: 6.00%, Loss: 4.2725
Epoch: 18, Batch: 470, Acc: 5.99%, Loss: 4.2411
Epoch: 18, Batch: 480, Acc: 6.01%, Loss: 4.2432
Epoch: 18, Batch: 490, Acc: 6.04%, Loss: 4.2343
Epoch: 18, Batch: 500, Acc: 5.99%, Loss: 4.3017
Epoch: 18, Batch: 510, Acc: 5.99%, Loss: 4.2458
Epoch: 18, Batch: 520, Acc: 6.01%, Loss: 4.2570
Epoch: 18, Batch: 530, Acc: 6.03%, Loss: 4.2584
Epoch: 18, Batch: 540, Acc: 6.02%, Loss: 4.2241
Epoch: 18, Batch: 550, Acc: 6.03%, Loss: 4.2171
Epoch: 18, Batch: 560, Acc: 6.05%, Loss: 4.2221
Epoch: 18, Batch: 570, Acc: 6.05%, Loss: 4.2536
Epoch: 18, Batch: 580, Acc: 6.06%, Loss: 4.2566
Epoch: 18, Batch: 590, Acc: 6.08%, Loss: 4.2327
Epoch: 18, Batch: 600, Acc: 6.11%, Loss: 4.2284
Epoch: 18, Batch: 610, Acc: 6.11%, Loss: 4.2548
Epoch: 18, Batch: 620, Acc: 6.11%, Loss: 4.2311
Epoch: 18, Batch: 630, Acc: 6.13%, Loss: 4.2457
Epoch: 18, Batch: 640, Acc: 6.12%, Loss: 4.2175
Epoch: 18, Batch: 650, Acc: 6.12%, Loss: 4.2155
Epoch: 18, Batch: 660, Acc: 6.12%, Loss: 4.2820
Epoch: 18, Batch: 670, Acc: 6.12%, Loss: 4.2968
Epoch: 18, Batch: 680, Acc: 6.11%, Loss: 4.2712
Epoch: 18, Batch: 690, Acc: 6.12%, Loss: 4.2085
Epoch: 18, Batch: 700, Acc: 6.14%, Loss: 4.2054
Epoch: 18, Batch: 710, Acc: 6.13%, Loss: 4.2797
Epoch: 18, Batch: 720, Acc: 6.12%, Loss: 4.2806
Epoch: 18, Batch: 730, Acc: 6.14%, Loss: 4.2008
Epoch: 18, Batch: 740, Acc: 6.14%, Loss: 4.2414
Epoch: 18, Batch: 750, Acc: 6.13%, Loss: 4.2586
Epoch: 18, Batch: 760, Acc: 6.12%, Loss: 4.2625
Epoch: 18, Batch: 770, Acc: 6.12%, Loss: 4.2890
Epoch: 18, Batch: 780, Acc: 6.12%, Loss: 4.2461
Accuracy on test set: 6.10%
Epoch: 19, Batch: 10, Acc: 5.94%, Loss: 4.2099
Epoch: 19, Batch: 20, Acc: 6.80%, Loss: 4.2198
Epoch: 19, Batch: 30, Acc: 6.51%, Loss: 4.2329
Epoch: 19, Batch: 40, Acc: 6.80%, Loss: 4.1995
Epoch: 19, Batch: 50, Acc: 6.69%, Loss: 4.2850
Epoch: 19, Batch: 60, Acc: 6.64%, Loss: 4.2609
Epoch: 19, Batch: 70, Acc: 6.65%, Loss: 4.2230
Epoch: 19, Batch: 80, Acc: 6.58%, Loss: 4.2358
Epoch: 19, Batch: 90, Acc: 6.65%, Loss: 4.2759
Epoch: 19, Batch: 100, Acc: 6.56%, Loss: 4.2289
Epoch: 19, Batch: 110, Acc: 6.49%, Loss: 4.2517
Epoch: 19, Batch: 120, Acc: 6.48%, Loss: 4.2380
Epoch: 19, Batch: 130, Acc: 6.47%, Loss: 4.2588
Epoch: 19, Batch: 140, Acc: 6.44%, Loss: 4.3073
Epoch: 19, Batch: 150, Acc: 6.41%, Loss: 4.2248
Epoch: 19, Batch: 160, Acc: 6.33%, Loss: 4.2925
Epoch: 19, Batch: 170, Acc: 6.24%, Loss: 4.2671
Epoch: 19, Batch: 180, Acc: 6.22%, Loss: 4.2312
Epoch: 19, Batch: 190, Acc: 6.18%, Loss: 4.2814
Epoch: 19, Batch: 200, Acc: 6.16%, Loss: 4.2753
Epoch: 19, Batch: 210, Acc: 6.21%, Loss: 4.2226
Epoch: 19, Batch: 220, Acc: 6.16%, Loss: 4.2477
Epoch: 19, Batch: 230, Acc: 6.22%, Loss: 4.2434
Epoch: 19, Batch: 240, Acc: 6.22%, Loss: 4.2443
Epoch: 19, Batch: 250, Acc: 6.17%, Loss: 4.2628
Epoch: 19, Batch: 260, Acc: 6.24%, Loss: 4.2198
Epoch: 19, Batch: 270, Acc: 6.25%, Loss: 4.2285
Epoch: 19, Batch: 280, Acc: 6.26%, Loss: 4.2227
Epoch: 19, Batch: 290, Acc: 6.24%, Loss: 4.2685
Epoch: 19, Batch: 300, Acc: 6.24%, Loss: 4.2160
Epoch: 19, Batch: 310, Acc: 6.23%, Loss: 4.2814
Epoch: 19, Batch: 320, Acc: 6.23%, Loss: 4.2157
Epoch: 19, Batch: 330, Acc: 6.21%, Loss: 4.3110
Epoch: 19, Batch: 340, Acc: 6.26%, Loss: 4.2612
Epoch: 19, Batch: 350, Acc: 6.24%, Loss: 4.2697
Epoch: 19, Batch: 360, Acc: 6.21%, Loss: 4.2743
Epoch: 19, Batch: 370, Acc: 6.22%, Loss: 4.2642
Epoch: 19, Batch: 380, Acc: 6.19%, Loss: 4.2966
Epoch: 19, Batch: 390, Acc: 6.24%, Loss: 4.2434
Epoch: 19, Batch: 400, Acc: 6.23%, Loss: 4.2500
Epoch: 19, Batch: 410, Acc: 6.22%, Loss: 4.2761
Epoch: 19, Batch: 420, Acc: 6.25%, Loss: 4.2725
Epoch: 19, Batch: 430, Acc: 6.26%, Loss: 4.2402
Epoch: 19, Batch: 440, Acc: 6.27%, Loss: 4.2751
Epoch: 19, Batch: 450, Acc: 6.26%, Loss: 4.2525
Epoch: 19, Batch: 460, Acc: 6.23%, Loss: 4.2702
Epoch: 19, Batch: 470, Acc: 6.22%, Loss: 4.2604
Epoch: 19, Batch: 480, Acc: 6.23%, Loss: 4.2605
Epoch: 19, Batch: 490, Acc: 6.21%, Loss: 4.2451
Epoch: 19, Batch: 500, Acc: 6.21%, Loss: 4.2390
Epoch: 19, Batch: 510, Acc: 6.23%, Loss: 4.2058
Epoch: 19, Batch: 520, Acc: 6.20%, Loss: 4.2916
Epoch: 19, Batch: 530, Acc: 6.19%, Loss: 4.2541
Epoch: 19, Batch: 540, Acc: 6.20%, Loss: 4.2557
Epoch: 19, Batch: 550, Acc: 6.20%, Loss: 4.2631
Epoch: 19, Batch: 560, Acc: 6.21%, Loss: 4.2800
Epoch: 19, Batch: 570, Acc: 6.21%, Loss: 4.2604
Epoch: 19, Batch: 580, Acc: 6.20%, Loss: 4.2622
Epoch: 19, Batch: 590, Acc: 6.20%, Loss: 4.2481
Epoch: 19, Batch: 600, Acc: 6.17%, Loss: 4.2709
Epoch: 19, Batch: 610, Acc: 6.15%, Loss: 4.2337
Epoch: 19, Batch: 620, Acc: 6.15%, Loss: 4.2275
Epoch: 19, Batch: 630, Acc: 6.13%, Loss: 4.2735
Epoch: 19, Batch: 640, Acc: 6.15%, Loss: 4.2225
Epoch: 19, Batch: 650, Acc: 6.14%, Loss: 4.2582
Epoch: 19, Batch: 660, Acc: 6.13%, Loss: 4.2589
Epoch: 19, Batch: 670, Acc: 6.12%, Loss: 4.2620
Epoch: 19, Batch: 680, Acc: 6.12%, Loss: 4.2218
Epoch: 19, Batch: 690, Acc: 6.11%, Loss: 4.2198
Epoch: 19, Batch: 700, Acc: 6.09%, Loss: 4.2452
Epoch: 19, Batch: 710, Acc: 6.08%, Loss: 4.2687
Epoch: 19, Batch: 720, Acc: 6.09%, Loss: 4.2149
Epoch: 19, Batch: 730, Acc: 6.10%, Loss: 4.1891
Epoch: 19, Batch: 740, Acc: 6.08%, Loss: 4.2710
Epoch: 19, Batch: 750, Acc: 6.07%, Loss: 4.2569
Epoch: 19, Batch: 760, Acc: 6.07%, Loss: 4.2532
Epoch: 19, Batch: 770, Acc: 6.07%, Loss: 4.2753
Epoch: 19, Batch: 780, Acc: 6.05%, Loss: 4.2438
Accuracy on test set: 6.15%
Epoch: 20, Batch: 10, Acc: 5.62%, Loss: 4.2383
Epoch: 20, Batch: 20, Acc: 5.78%, Loss: 4.2801
Epoch: 20, Batch: 30, Acc: 5.31%, Loss: 4.2974
Epoch: 20, Batch: 40, Acc: 5.70%, Loss: 4.2343
Epoch: 20, Batch: 50, Acc: 5.78%, Loss: 4.2621
Epoch: 20, Batch: 60, Acc: 5.78%, Loss: 4.2940
Epoch: 20, Batch: 70, Acc: 6.12%, Loss: 4.2238
Epoch: 20, Batch: 80, Acc: 6.21%, Loss: 4.2295
Epoch: 20, Batch: 90, Acc: 6.20%, Loss: 4.2745
Epoch: 20, Batch: 100, Acc: 6.05%, Loss: 4.2575
Epoch: 20, Batch: 110, Acc: 6.05%, Loss: 4.2868
Epoch: 20, Batch: 120, Acc: 6.07%, Loss: 4.2280
Epoch: 20, Batch: 130, Acc: 6.01%, Loss: 4.2430
Epoch: 20, Batch: 140, Acc: 6.07%, Loss: 4.2144
Epoch: 20, Batch: 150, Acc: 6.10%, Loss: 4.2507
Epoch: 20, Batch: 160, Acc: 6.06%, Loss: 4.2754
Epoch: 20, Batch: 170, Acc: 5.99%, Loss: 4.2842
Epoch: 20, Batch: 180, Acc: 5.90%, Loss: 4.2625
Epoch: 20, Batch: 190, Acc: 5.96%, Loss: 4.2546
Epoch: 20, Batch: 200, Acc: 5.90%, Loss: 4.2653
Epoch: 20, Batch: 210, Acc: 5.85%, Loss: 4.2763
Epoch: 20, Batch: 220, Acc: 5.92%, Loss: 4.2191
Epoch: 20, Batch: 230, Acc: 5.92%, Loss: 4.2600
Epoch: 20, Batch: 240, Acc: 5.91%, Loss: 4.2867
Epoch: 20, Batch: 250, Acc: 5.88%, Loss: 4.2482
Epoch: 20, Batch: 260, Acc: 5.87%, Loss: 4.2142
Epoch: 20, Batch: 270, Acc: 5.92%, Loss: 4.2424
Epoch: 20, Batch: 280, Acc: 5.99%, Loss: 4.2662
Epoch: 20, Batch: 290, Acc: 5.96%, Loss: 4.2779
Epoch: 20, Batch: 300, Acc: 5.94%, Loss: 4.2810
Epoch: 20, Batch: 310, Acc: 5.97%, Loss: 4.2166
Epoch: 20, Batch: 320, Acc: 5.93%, Loss: 4.2758
Epoch: 20, Batch: 330, Acc: 5.96%, Loss: 4.2118
Epoch: 20, Batch: 340, Acc: 5.95%, Loss: 4.2765
Epoch: 20, Batch: 350, Acc: 5.93%, Loss: 4.2447
Epoch: 20, Batch: 360, Acc: 5.91%, Loss: 4.2445
Epoch: 20, Batch: 370, Acc: 5.95%, Loss: 4.2181
Epoch: 20, Batch: 380, Acc: 6.00%, Loss: 4.2250
Epoch: 20, Batch: 390, Acc: 6.03%, Loss: 4.2317
Epoch: 20, Batch: 400, Acc: 5.99%, Loss: 4.2620
Epoch: 20, Batch: 410, Acc: 6.02%, Loss: 4.2460
Epoch: 20, Batch: 420, Acc: 6.02%, Loss: 4.2538
Epoch: 20, Batch: 430, Acc: 5.98%, Loss: 4.2963
Epoch: 20, Batch: 440, Acc: 6.01%, Loss: 4.2228
Epoch: 20, Batch: 450, Acc: 6.05%, Loss: 4.1972
Epoch: 20, Batch: 460, Acc: 6.04%, Loss: 4.2760
Epoch: 20, Batch: 470, Acc: 6.05%, Loss: 4.2310
Epoch: 20, Batch: 480, Acc: 6.04%, Loss: 4.2719
Epoch: 20, Batch: 490, Acc: 6.03%, Loss: 4.2353
Epoch: 20, Batch: 500, Acc: 6.04%, Loss: 4.2116
Epoch: 20, Batch: 510, Acc: 6.05%, Loss: 4.2210
Epoch: 20, Batch: 520, Acc: 6.04%, Loss: 4.2469
Epoch: 20, Batch: 530, Acc: 6.05%, Loss: 4.2672
Epoch: 20, Batch: 540, Acc: 6.04%, Loss: 4.3088
Epoch: 20, Batch: 550, Acc: 6.01%, Loss: 4.2439
Epoch: 20, Batch: 560, Acc: 6.03%, Loss: 4.2083
Epoch: 20, Batch: 570, Acc: 6.03%, Loss: 4.3010
Epoch: 20, Batch: 580, Acc: 6.02%, Loss: 4.2943
Epoch: 20, Batch: 590, Acc: 6.01%, Loss: 4.2625
Epoch: 20, Batch: 600, Acc: 6.04%, Loss: 4.2650
Epoch: 20, Batch: 610, Acc: 6.07%, Loss: 4.2238
Epoch: 20, Batch: 620, Acc: 6.10%, Loss: 4.2149
Epoch: 20, Batch: 630, Acc: 6.10%, Loss: 4.2211
Epoch: 20, Batch: 640, Acc: 6.12%, Loss: 4.2187
Epoch: 20, Batch: 650, Acc: 6.12%, Loss: 4.2337
Epoch: 20, Batch: 660, Acc: 6.12%, Loss: 4.2260
Epoch: 20, Batch: 670, Acc: 6.13%, Loss: 4.2274
Epoch: 20, Batch: 680, Acc: 6.14%, Loss: 4.2187
Epoch: 20, Batch: 690, Acc: 6.15%, Loss: 4.2742
Epoch: 20, Batch: 700, Acc: 6.15%, Loss: 4.2517
Epoch: 20, Batch: 710, Acc: 6.15%, Loss: 4.2520
Epoch: 20, Batch: 720, Acc: 6.15%, Loss: 4.2506
Epoch: 20, Batch: 730, Acc: 6.16%, Loss: 4.2280
Epoch: 20, Batch: 740, Acc: 6.18%, Loss: 4.2301
Epoch: 20, Batch: 750, Acc: 6.18%, Loss: 4.2384
Epoch: 20, Batch: 760, Acc: 6.18%, Loss: 4.2333
Epoch: 20, Batch: 770, Acc: 6.20%, Loss: 4.2412
Epoch: 20, Batch: 780, Acc: 6.20%, Loss: 4.2494
Accuracy on test set: 6.08%
Epoch: 21, Batch: 10, Acc: 5.31%, Loss: 4.2761
Epoch: 21, Batch: 20, Acc: 5.47%, Loss: 4.2167
Epoch: 21, Batch: 30, Acc: 5.99%, Loss: 4.1974
Epoch: 21, Batch: 40, Acc: 6.41%, Loss: 4.2592
Epoch: 21, Batch: 50, Acc: 6.78%, Loss: 4.2315
Epoch: 21, Batch: 60, Acc: 6.61%, Loss: 4.2231
Epoch: 21, Batch: 70, Acc: 6.43%, Loss: 4.2701
Epoch: 21, Batch: 80, Acc: 6.41%, Loss: 4.2217
Epoch: 21, Batch: 90, Acc: 6.44%, Loss: 4.2230
Epoch: 21, Batch: 100, Acc: 6.38%, Loss: 4.2198
Epoch: 21, Batch: 110, Acc: 6.43%, Loss: 4.2260
Epoch: 21, Batch: 120, Acc: 6.39%, Loss: 4.2708
Epoch: 21, Batch: 130, Acc: 6.39%, Loss: 4.2585
Epoch: 21, Batch: 140, Acc: 6.45%, Loss: 4.2146
Epoch: 21, Batch: 150, Acc: 6.52%, Loss: 4.2157
Epoch: 21, Batch: 160, Acc: 6.53%, Loss: 4.2421
Epoch: 21, Batch: 170, Acc: 6.55%, Loss: 4.2120
Epoch: 21, Batch: 180, Acc: 6.58%, Loss: 4.2449
Epoch: 21, Batch: 190, Acc: 6.60%, Loss: 4.2542
Epoch: 21, Batch: 200, Acc: 6.58%, Loss: 4.2426
Epoch: 21, Batch: 210, Acc: 6.53%, Loss: 4.2429
Epoch: 21, Batch: 220, Acc: 6.47%, Loss: 4.2065
Epoch: 21, Batch: 230, Acc: 6.46%, Loss: 4.2592
Epoch: 21, Batch: 240, Acc: 6.52%, Loss: 4.1696
Epoch: 21, Batch: 250, Acc: 6.55%, Loss: 4.2189
Epoch: 21, Batch: 260, Acc: 6.58%, Loss: 4.2520
Epoch: 21, Batch: 270, Acc: 6.48%, Loss: 4.2667
Epoch: 21, Batch: 280, Acc: 6.46%, Loss: 4.2409
Epoch: 21, Batch: 290, Acc: 6.41%, Loss: 4.2806
Epoch: 21, Batch: 300, Acc: 6.37%, Loss: 4.2861
Epoch: 21, Batch: 310, Acc: 6.40%, Loss: 4.1949
Epoch: 21, Batch: 320, Acc: 6.39%, Loss: 4.2668
Epoch: 21, Batch: 330, Acc: 6.37%, Loss: 4.2961
Epoch: 21, Batch: 340, Acc: 6.36%, Loss: 4.2762
Epoch: 21, Batch: 350, Acc: 6.34%, Loss: 4.2737
Epoch: 21, Batch: 360, Acc: 6.38%, Loss: 4.2406
Epoch: 21, Batch: 370, Acc: 6.36%, Loss: 4.2510
Epoch: 21, Batch: 380, Acc: 6.34%, Loss: 4.3166
Epoch: 21, Batch: 390, Acc: 6.34%, Loss: 4.2344
Epoch: 21, Batch: 400, Acc: 6.32%, Loss: 4.2774
Epoch: 21, Batch: 410, Acc: 6.33%, Loss: 4.2063
Epoch: 21, Batch: 420, Acc: 6.30%, Loss: 4.2554
Epoch: 21, Batch: 430, Acc: 6.32%, Loss: 4.2914
Epoch: 21, Batch: 440, Acc: 6.28%, Loss: 4.2628
Epoch: 21, Batch: 450, Acc: 6.31%, Loss: 4.2534
Epoch: 21, Batch: 460, Acc: 6.31%, Loss: 4.2237
Epoch: 21, Batch: 470, Acc: 6.27%, Loss: 4.2824
Epoch: 21, Batch: 480, Acc: 6.25%, Loss: 4.1911
Epoch: 21, Batch: 490, Acc: 6.22%, Loss: 4.2704
Epoch: 21, Batch: 500, Acc: 6.23%, Loss: 4.2280
Epoch: 21, Batch: 510, Acc: 6.25%, Loss: 4.1962
Epoch: 21, Batch: 520, Acc: 6.24%, Loss: 4.2654
Epoch: 21, Batch: 530, Acc: 6.23%, Loss: 4.2326
Epoch: 21, Batch: 540, Acc: 6.22%, Loss: 4.2223
Epoch: 21, Batch: 550, Acc: 6.17%, Loss: 4.3001
Epoch: 21, Batch: 560, Acc: 6.16%, Loss: 4.2431
Epoch: 21, Batch: 570, Acc: 6.14%, Loss: 4.2853
Epoch: 21, Batch: 580, Acc: 6.12%, Loss: 4.2542
Epoch: 21, Batch: 590, Acc: 6.13%, Loss: 4.2446
Epoch: 21, Batch: 600, Acc: 6.11%, Loss: 4.2361
Epoch: 21, Batch: 610, Acc: 6.12%, Loss: 4.1930
Epoch: 21, Batch: 620, Acc: 6.11%, Loss: 4.2433
Epoch: 21, Batch: 630, Acc: 6.11%, Loss: 4.2161
Epoch: 21, Batch: 640, Acc: 6.10%, Loss: 4.2622
Epoch: 21, Batch: 650, Acc: 6.11%, Loss: 4.2196
Epoch: 21, Batch: 660, Acc: 6.12%, Loss: 4.2656
Epoch: 21, Batch: 670, Acc: 6.14%, Loss: 4.1992
Epoch: 21, Batch: 680, Acc: 6.14%, Loss: 4.2850
Epoch: 21, Batch: 690, Acc: 6.15%, Loss: 4.2816
Epoch: 21, Batch: 700, Acc: 6.15%, Loss: 4.2315
Epoch: 21, Batch: 710, Acc: 6.17%, Loss: 4.2482
Epoch: 21, Batch: 720, Acc: 6.14%, Loss: 4.2835
Epoch: 21, Batch: 730, Acc: 6.13%, Loss: 4.2780
Epoch: 21, Batch: 740, Acc: 6.14%, Loss: 4.2449
Epoch: 21, Batch: 750, Acc: 6.13%, Loss: 4.2982
Epoch: 21, Batch: 760, Acc: 6.11%, Loss: 4.2718
Epoch: 21, Batch: 770, Acc: 6.10%, Loss: 4.2408
Epoch: 21, Batch: 780, Acc: 6.11%, Loss: 4.2278
Accuracy on test set: 6.14%
Epoch: 22, Batch: 10, Acc: 6.25%, Loss: 4.2584
Epoch: 22, Batch: 20, Acc: 6.09%, Loss: 4.1924
Epoch: 22, Batch: 30, Acc: 6.04%, Loss: 4.2385
Epoch: 22, Batch: 40, Acc: 6.41%, Loss: 4.2375
Epoch: 22, Batch: 50, Acc: 6.22%, Loss: 4.2388
Epoch: 22, Batch: 60, Acc: 6.25%, Loss: 4.2449
Epoch: 22, Batch: 70, Acc: 6.25%, Loss: 4.2146
Epoch: 22, Batch: 80, Acc: 6.31%, Loss: 4.2379
Epoch: 22, Batch: 90, Acc: 6.39%, Loss: 4.2057
Epoch: 22, Batch: 100, Acc: 6.31%, Loss: 4.2975
Epoch: 22, Batch: 110, Acc: 6.35%, Loss: 4.2522
Epoch: 22, Batch: 120, Acc: 6.35%, Loss: 4.1958
Epoch: 22, Batch: 130, Acc: 6.38%, Loss: 4.2686
Epoch: 22, Batch: 140, Acc: 6.37%, Loss: 4.2391
Epoch: 22, Batch: 150, Acc: 6.45%, Loss: 4.2223
Epoch: 22, Batch: 160, Acc: 6.32%, Loss: 4.2496
Epoch: 22, Batch: 170, Acc: 6.35%, Loss: 4.2471
Epoch: 22, Batch: 180, Acc: 6.32%, Loss: 4.2413
Epoch: 22, Batch: 190, Acc: 6.40%, Loss: 4.2243
Epoch: 22, Batch: 200, Acc: 6.34%, Loss: 4.2481
Epoch: 22, Batch: 210, Acc: 6.40%, Loss: 4.2069
Epoch: 22, Batch: 220, Acc: 6.30%, Loss: 4.2566
Epoch: 22, Batch: 230, Acc: 6.24%, Loss: 4.2712
Epoch: 22, Batch: 240, Acc: 6.28%, Loss: 4.2594
Epoch: 22, Batch: 250, Acc: 6.27%, Loss: 4.2045
Epoch: 22, Batch: 260, Acc: 6.25%, Loss: 4.1920
Epoch: 22, Batch: 270, Acc: 6.20%, Loss: 4.2465
Epoch: 22, Batch: 280, Acc: 6.19%, Loss: 4.2995
Epoch: 22, Batch: 290, Acc: 6.15%, Loss: 4.2435
Epoch: 22, Batch: 300, Acc: 6.14%, Loss: 4.2227
Epoch: 22, Batch: 310, Acc: 6.08%, Loss: 4.2895
Epoch: 22, Batch: 320, Acc: 6.07%, Loss: 4.2219
Epoch: 22, Batch: 330, Acc: 6.08%, Loss: 4.2692
Epoch: 22, Batch: 340, Acc: 6.09%, Loss: 4.2673
Epoch: 22, Batch: 350, Acc: 6.17%, Loss: 4.2149
Epoch: 22, Batch: 360, Acc: 6.13%, Loss: 4.2762
Epoch: 22, Batch: 370, Acc: 6.14%, Loss: 4.2234
Epoch: 22, Batch: 380, Acc: 6.15%, Loss: 4.2038
Epoch: 22, Batch: 390, Acc: 6.16%, Loss: 4.2768
Epoch: 22, Batch: 400, Acc: 6.14%, Loss: 4.2745
Epoch: 22, Batch: 410, Acc: 6.17%, Loss: 4.2288
Epoch: 22, Batch: 420, Acc: 6.17%, Loss: 4.2084
Epoch: 22, Batch: 430, Acc: 6.12%, Loss: 4.2815
Epoch: 22, Batch: 440, Acc: 6.14%, Loss: 4.2246
Epoch: 22, Batch: 450, Acc: 6.18%, Loss: 4.2384
Epoch: 22, Batch: 460, Acc: 6.15%, Loss: 4.2818
Epoch: 22, Batch: 470, Acc: 6.13%, Loss: 4.2512
Epoch: 22, Batch: 480, Acc: 6.14%, Loss: 4.2608
Epoch: 22, Batch: 490, Acc: 6.15%, Loss: 4.2288
Epoch: 22, Batch: 500, Acc: 6.16%, Loss: 4.2392
Epoch: 22, Batch: 510, Acc: 6.13%, Loss: 4.2639
Epoch: 22, Batch: 520, Acc: 6.14%, Loss: 4.2146
Epoch: 22, Batch: 530, Acc: 6.17%, Loss: 4.2142
Epoch: 22, Batch: 540, Acc: 6.18%, Loss: 4.2522
Epoch: 22, Batch: 550, Acc: 6.18%, Loss: 4.2257
Epoch: 22, Batch: 560, Acc: 6.18%, Loss: 4.2002
Epoch: 22, Batch: 570, Acc: 6.18%, Loss: 4.2609
Epoch: 22, Batch: 580, Acc: 6.21%, Loss: 4.2441
Epoch: 22, Batch: 590, Acc: 6.20%, Loss: 4.2556
Epoch: 22, Batch: 600, Acc: 6.25%, Loss: 4.1747
Epoch: 22, Batch: 610, Acc: 6.28%, Loss: 4.1850
Epoch: 22, Batch: 620, Acc: 6.28%, Loss: 4.2679
Epoch: 22, Batch: 630, Acc: 6.27%, Loss: 4.2579
Epoch: 22, Batch: 640, Acc: 6.26%, Loss: 4.2332
Epoch: 22, Batch: 650, Acc: 6.25%, Loss: 4.2893
Epoch: 22, Batch: 660, Acc: 6.25%, Loss: 4.3122
Epoch: 22, Batch: 670, Acc: 6.25%, Loss: 4.2384
Epoch: 22, Batch: 680, Acc: 6.26%, Loss: 4.2268
Epoch: 22, Batch: 690, Acc: 6.27%, Loss: 4.2800
Epoch: 22, Batch: 700, Acc: 6.28%, Loss: 4.2129
Epoch: 22, Batch: 710, Acc: 6.26%, Loss: 4.2538
Epoch: 22, Batch: 720, Acc: 6.24%, Loss: 4.2557
Epoch: 22, Batch: 730, Acc: 6.25%, Loss: 4.2540
Epoch: 22, Batch: 740, Acc: 6.22%, Loss: 4.2811
Epoch: 22, Batch: 750, Acc: 6.22%, Loss: 4.2876
Epoch: 22, Batch: 760, Acc: 6.23%, Loss: 4.2191
Epoch: 22, Batch: 770, Acc: 6.22%, Loss: 4.2889
Epoch: 22, Batch: 780, Acc: 6.20%, Loss: 4.2759
Accuracy on test set: 6.36%
Epoch: 23, Batch: 10, Acc: 6.09%, Loss: 4.1798
Epoch: 23, Batch: 20, Acc: 5.94%, Loss: 4.2260
Epoch: 23, Batch: 30, Acc: 6.35%, Loss: 4.2005
Epoch: 23, Batch: 40, Acc: 6.33%, Loss: 4.1913
Epoch: 23, Batch: 50, Acc: 6.31%, Loss: 4.2637
Epoch: 23, Batch: 60, Acc: 6.41%, Loss: 4.2360
Epoch: 23, Batch: 70, Acc: 6.36%, Loss: 4.2503
Epoch: 23, Batch: 80, Acc: 6.43%, Loss: 4.2178
Epoch: 23, Batch: 90, Acc: 6.44%, Loss: 4.2215
Epoch: 23, Batch: 100, Acc: 6.33%, Loss: 4.2389
Epoch: 23, Batch: 110, Acc: 6.41%, Loss: 4.1938
Epoch: 23, Batch: 120, Acc: 6.39%, Loss: 4.2295
Epoch: 23, Batch: 130, Acc: 6.38%, Loss: 4.2413
Epoch: 23, Batch: 140, Acc: 6.36%, Loss: 4.2553
Epoch: 23, Batch: 150, Acc: 6.36%, Loss: 4.2346
Epoch: 23, Batch: 160, Acc: 6.51%, Loss: 4.2652
Epoch: 23, Batch: 170, Acc: 6.55%, Loss: 4.2439
Epoch: 23, Batch: 180, Acc: 6.58%, Loss: 4.2392
Epoch: 23, Batch: 190, Acc: 6.50%, Loss: 4.2889
Epoch: 23, Batch: 200, Acc: 6.46%, Loss: 4.3239
Epoch: 23, Batch: 210, Acc: 6.50%, Loss: 4.2296
Epoch: 23, Batch: 220, Acc: 6.51%, Loss: 4.2502
Epoch: 23, Batch: 230, Acc: 6.54%, Loss: 4.2215
Epoch: 23, Batch: 240, Acc: 6.53%, Loss: 4.2205
Epoch: 23, Batch: 250, Acc: 6.51%, Loss: 4.2276
Epoch: 23, Batch: 260, Acc: 6.48%, Loss: 4.2578
Epoch: 23, Batch: 270, Acc: 6.43%, Loss: 4.2774
Epoch: 23, Batch: 280, Acc: 6.42%, Loss: 4.2788
Epoch: 23, Batch: 290, Acc: 6.37%, Loss: 4.2101
Epoch: 23, Batch: 300, Acc: 6.45%, Loss: 4.2190
Epoch: 23, Batch: 310, Acc: 6.44%, Loss: 4.2572
Epoch: 23, Batch: 320, Acc: 6.37%, Loss: 4.2992
Epoch: 23, Batch: 330, Acc: 6.42%, Loss: 4.3015
Epoch: 23, Batch: 340, Acc: 6.38%, Loss: 4.2482
Epoch: 23, Batch: 350, Acc: 6.40%, Loss: 4.2089
Epoch: 23, Batch: 360, Acc: 6.36%, Loss: 4.2651
Epoch: 23, Batch: 370, Acc: 6.32%, Loss: 4.2171
Epoch: 23, Batch: 380, Acc: 6.34%, Loss: 4.2775
Epoch: 23, Batch: 390, Acc: 6.33%, Loss: 4.2361
Epoch: 23, Batch: 400, Acc: 6.31%, Loss: 4.2467
Epoch: 23, Batch: 410, Acc: 6.28%, Loss: 4.2614
Epoch: 23, Batch: 420, Acc: 6.28%, Loss: 4.2682
Epoch: 23, Batch: 430, Acc: 6.28%, Loss: 4.2331
Epoch: 23, Batch: 440, Acc: 6.30%, Loss: 4.2146
Epoch: 23, Batch: 450, Acc: 6.32%, Loss: 4.2037
Epoch: 23, Batch: 460, Acc: 6.30%, Loss: 4.2407
Epoch: 23, Batch: 470, Acc: 6.30%, Loss: 4.2440
Epoch: 23, Batch: 480, Acc: 6.30%, Loss: 4.2342
Epoch: 23, Batch: 490, Acc: 6.30%, Loss: 4.2575
Epoch: 23, Batch: 500, Acc: 6.30%, Loss: 4.2090
Epoch: 23, Batch: 510, Acc: 6.28%, Loss: 4.2666
Epoch: 23, Batch: 520, Acc: 6.27%, Loss: 4.2388
Epoch: 23, Batch: 530, Acc: 6.27%, Loss: 4.2302
Epoch: 23, Batch: 540, Acc: 6.28%, Loss: 4.2280
Epoch: 23, Batch: 550, Acc: 6.25%, Loss: 4.2130
Epoch: 23, Batch: 560, Acc: 6.25%, Loss: 4.2643
Epoch: 23, Batch: 570, Acc: 6.25%, Loss: 4.2518
Epoch: 23, Batch: 580, Acc: 6.26%, Loss: 4.1843
Epoch: 23, Batch: 590, Acc: 6.29%, Loss: 4.1998
Epoch: 23, Batch: 600, Acc: 6.30%, Loss: 4.2421
Epoch: 23, Batch: 610, Acc: 6.29%, Loss: 4.2986
Epoch: 23, Batch: 620, Acc: 6.28%, Loss: 4.2362
Epoch: 23, Batch: 630, Acc: 6.30%, Loss: 4.2412
Epoch: 23, Batch: 640, Acc: 6.30%, Loss: 4.2711
Epoch: 23, Batch: 650, Acc: 6.31%, Loss: 4.2916
Epoch: 23, Batch: 660, Acc: 6.32%, Loss: 4.1949
Epoch: 23, Batch: 670, Acc: 6.31%, Loss: 4.2452
Epoch: 23, Batch: 680, Acc: 6.33%, Loss: 4.2237
Epoch: 23, Batch: 690, Acc: 6.35%, Loss: 4.2553
Epoch: 23, Batch: 700, Acc: 6.32%, Loss: 4.2728
Epoch: 23, Batch: 710, Acc: 6.31%, Loss: 4.2439
Epoch: 23, Batch: 720, Acc: 6.30%, Loss: 4.2225
Epoch: 23, Batch: 730, Acc: 6.29%, Loss: 4.2316
Epoch: 23, Batch: 740, Acc: 6.29%, Loss: 4.2672
Epoch: 23, Batch: 750, Acc: 6.31%, Loss: 4.2344
Epoch: 23, Batch: 760, Acc: 6.31%, Loss: 4.2665
Epoch: 23, Batch: 770, Acc: 6.29%, Loss: 4.2640
Epoch: 23, Batch: 780, Acc: 6.29%, Loss: 4.2738
Accuracy on test set: 6.34%
Epoch: 24, Batch: 10, Acc: 5.78%, Loss: 4.2157
Epoch: 24, Batch: 20, Acc: 5.86%, Loss: 4.2353
Epoch: 24, Batch: 30, Acc: 6.20%, Loss: 4.1728
Epoch: 24, Batch: 40, Acc: 6.45%, Loss: 4.2209
Epoch: 24, Batch: 50, Acc: 6.28%, Loss: 4.2475
Epoch: 24, Batch: 60, Acc: 6.41%, Loss: 4.1646
Epoch: 24, Batch: 70, Acc: 6.16%, Loss: 4.2651
Epoch: 24, Batch: 80, Acc: 6.17%, Loss: 4.2822
Epoch: 24, Batch: 90, Acc: 6.32%, Loss: 4.2153
Epoch: 24, Batch: 100, Acc: 6.36%, Loss: 4.2316
Epoch: 24, Batch: 110, Acc: 6.41%, Loss: 4.2193
Epoch: 24, Batch: 120, Acc: 6.28%, Loss: 4.2480
Epoch: 24, Batch: 130, Acc: 6.47%, Loss: 4.1981
Epoch: 24, Batch: 140, Acc: 6.35%, Loss: 4.2775
Epoch: 24, Batch: 150, Acc: 6.30%, Loss: 4.2947
Epoch: 24, Batch: 160, Acc: 6.28%, Loss: 4.2390
Epoch: 24, Batch: 170, Acc: 6.35%, Loss: 4.2096
Epoch: 24, Batch: 180, Acc: 6.37%, Loss: 4.2322
Epoch: 24, Batch: 190, Acc: 6.32%, Loss: 4.2562
Epoch: 24, Batch: 200, Acc: 6.33%, Loss: 4.2292
Epoch: 24, Batch: 210, Acc: 6.30%, Loss: 4.2485
Epoch: 24, Batch: 220, Acc: 6.29%, Loss: 4.2594
Epoch: 24, Batch: 230, Acc: 6.28%, Loss: 4.2643
Epoch: 24, Batch: 240, Acc: 6.27%, Loss: 4.2862
Epoch: 24, Batch: 250, Acc: 6.33%, Loss: 4.2382
Epoch: 24, Batch: 260, Acc: 6.31%, Loss: 4.2902
Epoch: 24, Batch: 270, Acc: 6.27%, Loss: 4.2821
Epoch: 24, Batch: 280, Acc: 6.24%, Loss: 4.2921
Epoch: 24, Batch: 290, Acc: 6.21%, Loss: 4.2474
Epoch: 24, Batch: 300, Acc: 6.28%, Loss: 4.2054
Epoch: 24, Batch: 310, Acc: 6.23%, Loss: 4.2777
Epoch: 24, Batch: 320, Acc: 6.25%, Loss: 4.2036
Epoch: 24, Batch: 330, Acc: 6.22%, Loss: 4.2547
Epoch: 24, Batch: 340, Acc: 6.19%, Loss: 4.2445
Epoch: 24, Batch: 350, Acc: 6.17%, Loss: 4.2036
Epoch: 24, Batch: 360, Acc: 6.21%, Loss: 4.2303
Epoch: 24, Batch: 370, Acc: 6.20%, Loss: 4.2283
Epoch: 24, Batch: 380, Acc: 6.21%, Loss: 4.2763
Epoch: 24, Batch: 390, Acc: 6.23%, Loss: 4.2626
Epoch: 24, Batch: 400, Acc: 6.23%, Loss: 4.2375
Epoch: 24, Batch: 410, Acc: 6.24%, Loss: 4.2242
Epoch: 24, Batch: 420, Acc: 6.22%, Loss: 4.2350
Epoch: 24, Batch: 430, Acc: 6.23%, Loss: 4.2304
Epoch: 24, Batch: 440, Acc: 6.23%, Loss: 4.2002
Epoch: 24, Batch: 450, Acc: 6.24%, Loss: 4.2676
Epoch: 24, Batch: 460, Acc: 6.23%, Loss: 4.2426
Epoch: 24, Batch: 470, Acc: 6.22%, Loss: 4.2636
Epoch: 24, Batch: 480, Acc: 6.22%, Loss: 4.2521
Epoch: 24, Batch: 490, Acc: 6.22%, Loss: 4.2025
Epoch: 24, Batch: 500, Acc: 6.23%, Loss: 4.2569
Epoch: 24, Batch: 510, Acc: 6.23%, Loss: 4.2206
Epoch: 24, Batch: 520, Acc: 6.23%, Loss: 4.2357
Epoch: 24, Batch: 530, Acc: 6.26%, Loss: 4.2129
Epoch: 24, Batch: 540, Acc: 6.27%, Loss: 4.2666
Epoch: 24, Batch: 550, Acc: 6.27%, Loss: 4.2403
Epoch: 24, Batch: 560, Acc: 6.26%, Loss: 4.2369
Epoch: 24, Batch: 570, Acc: 6.24%, Loss: 4.3159
Epoch: 24, Batch: 580, Acc: 6.26%, Loss: 4.2468
Epoch: 24, Batch: 590, Acc: 6.30%, Loss: 4.2319
Epoch: 24, Batch: 600, Acc: 6.30%, Loss: 4.2335
Epoch: 24, Batch: 610, Acc: 6.30%, Loss: 4.1766
Epoch: 24, Batch: 620, Acc: 6.33%, Loss: 4.2722
Epoch: 24, Batch: 630, Acc: 6.32%, Loss: 4.2241
Epoch: 24, Batch: 640, Acc: 6.32%, Loss: 4.2553
Epoch: 24, Batch: 650, Acc: 6.31%, Loss: 4.2196
Epoch: 24, Batch: 660, Acc: 6.29%, Loss: 4.2901
Epoch: 24, Batch: 670, Acc: 6.29%, Loss: 4.2468
Epoch: 24, Batch: 680, Acc: 6.30%, Loss: 4.2308
Epoch: 24, Batch: 690, Acc: 6.29%, Loss: 4.2574
Epoch: 24, Batch: 700, Acc: 6.29%, Loss: 4.2335
Epoch: 24, Batch: 710, Acc: 6.30%, Loss: 4.1897
Epoch: 24, Batch: 720, Acc: 6.31%, Loss: 4.2094
Epoch: 24, Batch: 730, Acc: 6.33%, Loss: 4.2033
Epoch: 24, Batch: 740, Acc: 6.32%, Loss: 4.2213
Epoch: 24, Batch: 750, Acc: 6.34%, Loss: 4.2338
Epoch: 24, Batch: 760, Acc: 6.32%, Loss: 4.2754
Epoch: 24, Batch: 770, Acc: 6.30%, Loss: 4.2708
Epoch: 24, Batch: 780, Acc: 6.30%, Loss: 4.2414
Accuracy on test set: 6.39%
Epoch: 25, Batch: 10, Acc: 7.03%, Loss: 4.2190
Epoch: 25, Batch: 20, Acc: 6.72%, Loss: 4.2330
Epoch: 25, Batch: 30, Acc: 6.51%, Loss: 4.2368
Epoch: 25, Batch: 40, Acc: 6.41%, Loss: 4.2265
Epoch: 25, Batch: 50, Acc: 6.16%, Loss: 4.2341
Epoch: 25, Batch: 60, Acc: 6.22%, Loss: 4.2470
Epoch: 25, Batch: 70, Acc: 6.29%, Loss: 4.2068
Epoch: 25, Batch: 80, Acc: 6.31%, Loss: 4.2208
Epoch: 25, Batch: 90, Acc: 6.16%, Loss: 4.2509
Epoch: 25, Batch: 100, Acc: 6.22%, Loss: 4.2300
Epoch: 25, Batch: 110, Acc: 6.28%, Loss: 4.2587
Epoch: 25, Batch: 120, Acc: 6.35%, Loss: 4.2182
Epoch: 25, Batch: 130, Acc: 6.41%, Loss: 4.2109
Epoch: 25, Batch: 140, Acc: 6.40%, Loss: 4.2749
Epoch: 25, Batch: 150, Acc: 6.34%, Loss: 4.2411
Epoch: 25, Batch: 160, Acc: 6.30%, Loss: 4.2451
Epoch: 25, Batch: 170, Acc: 6.30%, Loss: 4.1879
Epoch: 25, Batch: 180, Acc: 6.36%, Loss: 4.2175
Epoch: 25, Batch: 190, Acc: 6.36%, Loss: 4.2305
Epoch: 25, Batch: 200, Acc: 6.31%, Loss: 4.2506
Epoch: 25, Batch: 210, Acc: 6.35%, Loss: 4.2387
Epoch: 25, Batch: 220, Acc: 6.42%, Loss: 4.1670
Epoch: 25, Batch: 230, Acc: 6.39%, Loss: 4.2538
Epoch: 25, Batch: 240, Acc: 6.41%, Loss: 4.2472
Epoch: 25, Batch: 250, Acc: 6.42%, Loss: 4.2548
Epoch: 25, Batch: 260, Acc: 6.45%, Loss: 4.2162
Epoch: 25, Batch: 270, Acc: 6.44%, Loss: 4.2330
Epoch: 25, Batch: 280, Acc: 6.42%, Loss: 4.2563
Epoch: 25, Batch: 290, Acc: 6.47%, Loss: 4.2217
Epoch: 25, Batch: 300, Acc: 6.50%, Loss: 4.2268
Epoch: 25, Batch: 310, Acc: 6.48%, Loss: 4.2547
Epoch: 25, Batch: 320, Acc: 6.44%, Loss: 4.2507
Epoch: 25, Batch: 330, Acc: 6.41%, Loss: 4.2616
Epoch: 25, Batch: 340, Acc: 6.42%, Loss: 4.2613
Epoch: 25, Batch: 350, Acc: 6.42%, Loss: 4.2804
Epoch: 25, Batch: 360, Acc: 6.43%, Loss: 4.2165
Epoch: 25, Batch: 370, Acc: 6.41%, Loss: 4.2696
Epoch: 25, Batch: 380, Acc: 6.38%, Loss: 4.3054
Epoch: 25, Batch: 390, Acc: 6.39%, Loss: 4.2005
Epoch: 25, Batch: 400, Acc: 6.36%, Loss: 4.2050
Epoch: 25, Batch: 410, Acc: 6.34%, Loss: 4.2378
Epoch: 25, Batch: 420, Acc: 6.35%, Loss: 4.2623
Epoch: 25, Batch: 430, Acc: 6.36%, Loss: 4.2128
Epoch: 25, Batch: 440, Acc: 6.34%, Loss: 4.2936
Epoch: 25, Batch: 450, Acc: 6.31%, Loss: 4.2530
Epoch: 25, Batch: 460, Acc: 6.30%, Loss: 4.2485
Epoch: 25, Batch: 470, Acc: 6.31%, Loss: 4.2401
Epoch: 25, Batch: 480, Acc: 6.32%, Loss: 4.2327
Epoch: 25, Batch: 490, Acc: 6.29%, Loss: 4.2876
Epoch: 25, Batch: 500, Acc: 6.26%, Loss: 4.2595
Epoch: 25, Batch: 510, Acc: 6.27%, Loss: 4.2531
Epoch: 25, Batch: 520, Acc: 6.27%, Loss: 4.2806
Epoch: 25, Batch: 530, Acc: 6.31%, Loss: 4.2036
Epoch: 25, Batch: 540, Acc: 6.32%, Loss: 4.2266
Epoch: 25, Batch: 550, Acc: 6.33%, Loss: 4.2192
Epoch: 25, Batch: 560, Acc: 6.31%, Loss: 4.2166
Epoch: 25, Batch: 570, Acc: 6.34%, Loss: 4.2272
Epoch: 25, Batch: 580, Acc: 6.35%, Loss: 4.2233
Epoch: 25, Batch: 590, Acc: 6.36%, Loss: 4.2448
Epoch: 25, Batch: 600, Acc: 6.38%, Loss: 4.2178
Epoch: 25, Batch: 610, Acc: 6.37%, Loss: 4.2780
Epoch: 25, Batch: 620, Acc: 6.39%, Loss: 4.2203
Epoch: 25, Batch: 630, Acc: 6.38%, Loss: 4.2582
Epoch: 25, Batch: 640, Acc: 6.38%, Loss: 4.2288
Epoch: 25, Batch: 650, Acc: 6.36%, Loss: 4.2668
Epoch: 25, Batch: 660, Acc: 6.35%, Loss: 4.2449
Epoch: 25, Batch: 670, Acc: 6.34%, Loss: 4.2451
Epoch: 25, Batch: 680, Acc: 6.36%, Loss: 4.1890
Epoch: 25, Batch: 690, Acc: 6.36%, Loss: 4.2192
Epoch: 25, Batch: 700, Acc: 6.35%, Loss: 4.2459
Epoch: 25, Batch: 710, Acc: 6.36%, Loss: 4.2222
Epoch: 25, Batch: 720, Acc: 6.37%, Loss: 4.2424
Epoch: 25, Batch: 730, Acc: 6.37%, Loss: 4.2306
Epoch: 25, Batch: 740, Acc: 6.37%, Loss: 4.2100
Epoch: 25, Batch: 750, Acc: 6.36%, Loss: 4.2899
Epoch: 25, Batch: 760, Acc: 6.38%, Loss: 4.1958
Epoch: 25, Batch: 770, Acc: 6.39%, Loss: 4.2202
Epoch: 25, Batch: 780, Acc: 6.36%, Loss: 4.2792
Accuracy on test set: 6.45%
Epoch: 26, Batch: 10, Acc: 6.56%, Loss: 4.2430
Epoch: 26, Batch: 20, Acc: 5.94%, Loss: 4.1980
Epoch: 26, Batch: 30, Acc: 5.83%, Loss: 4.2252
Epoch: 26, Batch: 40, Acc: 5.82%, Loss: 4.2813
Epoch: 26, Batch: 50, Acc: 5.88%, Loss: 4.2608
Epoch: 26, Batch: 60, Acc: 6.02%, Loss: 4.2383
Epoch: 26, Batch: 70, Acc: 6.34%, Loss: 4.2539
Epoch: 26, Batch: 80, Acc: 6.25%, Loss: 4.2383
Epoch: 26, Batch: 90, Acc: 6.22%, Loss: 4.2323
Epoch: 26, Batch: 100, Acc: 6.12%, Loss: 4.2131
Epoch: 26, Batch: 110, Acc: 6.22%, Loss: 4.2357
Epoch: 26, Batch: 120, Acc: 6.26%, Loss: 4.1973
Epoch: 26, Batch: 130, Acc: 6.31%, Loss: 4.2572
Epoch: 26, Batch: 140, Acc: 6.36%, Loss: 4.2717
Epoch: 26, Batch: 150, Acc: 6.41%, Loss: 4.2900
Epoch: 26, Batch: 160, Acc: 6.41%, Loss: 4.2071
Epoch: 26, Batch: 170, Acc: 6.45%, Loss: 4.2810
Epoch: 26, Batch: 180, Acc: 6.44%, Loss: 4.2506
Epoch: 26, Batch: 190, Acc: 6.45%, Loss: 4.2011
Epoch: 26, Batch: 200, Acc: 6.47%, Loss: 4.2199
Epoch: 26, Batch: 210, Acc: 6.44%, Loss: 4.2340
Epoch: 26, Batch: 220, Acc: 6.37%, Loss: 4.2866
Epoch: 26, Batch: 230, Acc: 6.31%, Loss: 4.2398
Epoch: 26, Batch: 240, Acc: 6.28%, Loss: 4.2252
Epoch: 26, Batch: 250, Acc: 6.30%, Loss: 4.1936
Epoch: 26, Batch: 260, Acc: 6.34%, Loss: 4.2196
Epoch: 26, Batch: 270, Acc: 6.35%, Loss: 4.2020
Epoch: 26, Batch: 280, Acc: 6.38%, Loss: 4.1954
Epoch: 26, Batch: 290, Acc: 6.35%, Loss: 4.2399
Epoch: 26, Batch: 300, Acc: 6.30%, Loss: 4.2299
Epoch: 26, Batch: 310, Acc: 6.30%, Loss: 4.2483
Epoch: 26, Batch: 320, Acc: 6.33%, Loss: 4.2412
Epoch: 26, Batch: 330, Acc: 6.31%, Loss: 4.2519
Epoch: 26, Batch: 340, Acc: 6.32%, Loss: 4.1673
Epoch: 26, Batch: 350, Acc: 6.34%, Loss: 4.2663
Epoch: 26, Batch: 360, Acc: 6.29%, Loss: 4.2712
Epoch: 26, Batch: 370, Acc: 6.30%, Loss: 4.2202
Epoch: 26, Batch: 380, Acc: 6.32%, Loss: 4.1937
Epoch: 26, Batch: 390, Acc: 6.30%, Loss: 4.2634
Epoch: 26, Batch: 400, Acc: 6.30%, Loss: 4.2197
Epoch: 26, Batch: 410, Acc: 6.30%, Loss: 4.2808
Epoch: 26, Batch: 420, Acc: 6.26%, Loss: 4.2679
Epoch: 26, Batch: 430, Acc: 6.27%, Loss: 4.2233
Epoch: 26, Batch: 440, Acc: 6.27%, Loss: 4.2753
Epoch: 26, Batch: 450, Acc: 6.28%, Loss: 4.2028
Epoch: 26, Batch: 460, Acc: 6.29%, Loss: 4.2185
Epoch: 26, Batch: 470, Acc: 6.28%, Loss: 4.2423
Epoch: 26, Batch: 480, Acc: 6.29%, Loss: 4.2169
Epoch: 26, Batch: 490, Acc: 6.32%, Loss: 4.2493
Epoch: 26, Batch: 500, Acc: 6.32%, Loss: 4.2651
Epoch: 26, Batch: 510, Acc: 6.33%, Loss: 4.2373
Epoch: 26, Batch: 520, Acc: 6.32%, Loss: 4.2894
Epoch: 26, Batch: 530, Acc: 6.33%, Loss: 4.1833
Epoch: 26, Batch: 540, Acc: 6.35%, Loss: 4.2306
Epoch: 26, Batch: 550, Acc: 6.34%, Loss: 4.2663
Epoch: 26, Batch: 560, Acc: 6.34%, Loss: 4.2396
Epoch: 26, Batch: 570, Acc: 6.34%, Loss: 4.2532
Epoch: 26, Batch: 580, Acc: 6.32%, Loss: 4.2304
Epoch: 26, Batch: 590, Acc: 6.32%, Loss: 4.2169
Epoch: 26, Batch: 600, Acc: 6.34%, Loss: 4.2112
Epoch: 26, Batch: 610, Acc: 6.34%, Loss: 4.2320
Epoch: 26, Batch: 620, Acc: 6.33%, Loss: 4.2280
Epoch: 26, Batch: 630, Acc: 6.33%, Loss: 4.2392
Epoch: 26, Batch: 640, Acc: 6.33%, Loss: 4.2246
Epoch: 26, Batch: 650, Acc: 6.34%, Loss: 4.2075
Epoch: 26, Batch: 660, Acc: 6.34%, Loss: 4.2525
Epoch: 26, Batch: 670, Acc: 6.35%, Loss: 4.2479
Epoch: 26, Batch: 680, Acc: 6.34%, Loss: 4.2407
Epoch: 26, Batch: 690, Acc: 6.37%, Loss: 4.1940
Epoch: 26, Batch: 700, Acc: 6.35%, Loss: 4.2688
Epoch: 26, Batch: 710, Acc: 6.34%, Loss: 4.2589
Epoch: 26, Batch: 720, Acc: 6.33%, Loss: 4.2143
Epoch: 26, Batch: 730, Acc: 6.33%, Loss: 4.2183
Epoch: 26, Batch: 740, Acc: 6.31%, Loss: 4.2258
Epoch: 26, Batch: 750, Acc: 6.31%, Loss: 4.2314
Epoch: 26, Batch: 760, Acc: 6.31%, Loss: 4.2513
Epoch: 26, Batch: 770, Acc: 6.29%, Loss: 4.2829
Epoch: 26, Batch: 780, Acc: 6.30%, Loss: 4.2616
Accuracy on test set: 6.40%
Epoch: 27, Batch: 10, Acc: 6.56%, Loss: 4.1996
Epoch: 27, Batch: 20, Acc: 6.88%, Loss: 4.2455
Epoch: 27, Batch: 30, Acc: 6.25%, Loss: 4.3106
Epoch: 27, Batch: 40, Acc: 6.68%, Loss: 4.1891
Epoch: 27, Batch: 50, Acc: 6.72%, Loss: 4.2303
Epoch: 27, Batch: 60, Acc: 6.72%, Loss: 4.2542
Epoch: 27, Batch: 70, Acc: 6.72%, Loss: 4.2316
Epoch: 27, Batch: 80, Acc: 6.74%, Loss: 4.2865
Epoch: 27, Batch: 90, Acc: 6.65%, Loss: 4.1967
Epoch: 27, Batch: 100, Acc: 6.62%, Loss: 4.2738
Epoch: 27, Batch: 110, Acc: 6.63%, Loss: 4.2025
Epoch: 27, Batch: 120, Acc: 6.67%, Loss: 4.2347
Epoch: 27, Batch: 130, Acc: 6.67%, Loss: 4.2104
Epoch: 27, Batch: 140, Acc: 6.57%, Loss: 4.2646
Epoch: 27, Batch: 150, Acc: 6.48%, Loss: 4.2622
Epoch: 27, Batch: 160, Acc: 6.41%, Loss: 4.2176
Epoch: 27, Batch: 170, Acc: 6.35%, Loss: 4.2147
Epoch: 27, Batch: 180, Acc: 6.33%, Loss: 4.2219
Epoch: 27, Batch: 190, Acc: 6.28%, Loss: 4.2684
Epoch: 27, Batch: 200, Acc: 6.22%, Loss: 4.2687
Epoch: 27, Batch: 210, Acc: 6.25%, Loss: 4.2205
Epoch: 27, Batch: 220, Acc: 6.36%, Loss: 4.2019
Epoch: 27, Batch: 230, Acc: 6.35%, Loss: 4.2550
Epoch: 27, Batch: 240, Acc: 6.33%, Loss: 4.2037
Epoch: 27, Batch: 250, Acc: 6.26%, Loss: 4.2682
Epoch: 27, Batch: 260, Acc: 6.30%, Loss: 4.2189
Epoch: 27, Batch: 270, Acc: 6.24%, Loss: 4.2632
Epoch: 27, Batch: 280, Acc: 6.23%, Loss: 4.2794
Epoch: 27, Batch: 290, Acc: 6.26%, Loss: 4.2564
Epoch: 27, Batch: 300, Acc: 6.22%, Loss: 4.2267
Epoch: 27, Batch: 310, Acc: 6.22%, Loss: 4.2451
Epoch: 27, Batch: 320, Acc: 6.26%, Loss: 4.1941
Epoch: 27, Batch: 330, Acc: 6.25%, Loss: 4.2729
Epoch: 27, Batch: 340, Acc: 6.28%, Loss: 4.2154
Epoch: 27, Batch: 350, Acc: 6.29%, Loss: 4.2443
Epoch: 27, Batch: 360, Acc: 6.29%, Loss: 4.2505
Epoch: 27, Batch: 370, Acc: 6.28%, Loss: 4.2235
Epoch: 27, Batch: 380, Acc: 6.29%, Loss: 4.2311
Epoch: 27, Batch: 390, Acc: 6.29%, Loss: 4.2028
Epoch: 27, Batch: 400, Acc: 6.28%, Loss: 4.1862
Epoch: 27, Batch: 410, Acc: 6.26%, Loss: 4.2220
Epoch: 27, Batch: 420, Acc: 6.23%, Loss: 4.2456
Epoch: 27, Batch: 430, Acc: 6.23%, Loss: 4.2041
Epoch: 27, Batch: 440, Acc: 6.21%, Loss: 4.2574
Epoch: 27, Batch: 450, Acc: 6.24%, Loss: 4.2222
Epoch: 27, Batch: 460, Acc: 6.25%, Loss: 4.3034
Epoch: 27, Batch: 470, Acc: 6.22%, Loss: 4.2543
Epoch: 27, Batch: 480, Acc: 6.22%, Loss: 4.2658
Epoch: 27, Batch: 490, Acc: 6.22%, Loss: 4.2114
Epoch: 27, Batch: 500, Acc: 6.22%, Loss: 4.2512
Epoch: 27, Batch: 510, Acc: 6.20%, Loss: 4.2293
Epoch: 27, Batch: 520, Acc: 6.16%, Loss: 4.2029
Epoch: 27, Batch: 530, Acc: 6.16%, Loss: 4.2967
Epoch: 27, Batch: 540, Acc: 6.18%, Loss: 4.2620
Epoch: 27, Batch: 550, Acc: 6.18%, Loss: 4.2759
Epoch: 27, Batch: 560, Acc: 6.21%, Loss: 4.1992
Epoch: 27, Batch: 570, Acc: 6.22%, Loss: 4.2221
Epoch: 27, Batch: 580, Acc: 6.21%, Loss: 4.2145
Epoch: 27, Batch: 590, Acc: 6.23%, Loss: 4.2513
Epoch: 27, Batch: 600, Acc: 6.23%, Loss: 4.2102
Epoch: 27, Batch: 610, Acc: 6.24%, Loss: 4.2252
Epoch: 27, Batch: 620, Acc: 6.28%, Loss: 4.2285
Epoch: 27, Batch: 630, Acc: 6.27%, Loss: 4.2700
Epoch: 27, Batch: 640, Acc: 6.27%, Loss: 4.2251
Epoch: 27, Batch: 650, Acc: 6.27%, Loss: 4.2235
Epoch: 27, Batch: 660, Acc: 6.29%, Loss: 4.1783
Epoch: 27, Batch: 670, Acc: 6.28%, Loss: 4.2256
Epoch: 27, Batch: 680, Acc: 6.30%, Loss: 4.2214
Epoch: 27, Batch: 690, Acc: 6.31%, Loss: 4.2008
Epoch: 27, Batch: 700, Acc: 6.29%, Loss: 4.2359
Epoch: 27, Batch: 710, Acc: 6.31%, Loss: 4.2311
Epoch: 27, Batch: 720, Acc: 6.33%, Loss: 4.2161
Epoch: 27, Batch: 730, Acc: 6.30%, Loss: 4.2802
Epoch: 27, Batch: 740, Acc: 6.32%, Loss: 4.2052
Epoch: 27, Batch: 750, Acc: 6.32%, Loss: 4.2207
Epoch: 27, Batch: 760, Acc: 6.31%, Loss: 4.2597
Epoch: 27, Batch: 770, Acc: 6.32%, Loss: 4.2233
Epoch: 27, Batch: 780, Acc: 6.31%, Loss: 4.2342
Accuracy on test set: 6.42%
Epoch: 28, Batch: 10, Acc: 5.31%, Loss: 4.1934
Epoch: 28, Batch: 20, Acc: 6.88%, Loss: 4.2071
Epoch: 28, Batch: 30, Acc: 6.77%, Loss: 4.2927
Epoch: 28, Batch: 40, Acc: 7.11%, Loss: 4.2370
Epoch: 28, Batch: 50, Acc: 7.16%, Loss: 4.2783
Epoch: 28, Batch: 60, Acc: 6.98%, Loss: 4.2441
Epoch: 28, Batch: 70, Acc: 6.83%, Loss: 4.1961
Epoch: 28, Batch: 80, Acc: 6.64%, Loss: 4.2685
Epoch: 28, Batch: 90, Acc: 6.56%, Loss: 4.2306
Epoch: 28, Batch: 100, Acc: 6.66%, Loss: 4.2225
Epoch: 28, Batch: 110, Acc: 6.62%, Loss: 4.2520
Epoch: 28, Batch: 120, Acc: 6.84%, Loss: 4.1922
Epoch: 28, Batch: 130, Acc: 6.89%, Loss: 4.2261
Epoch: 28, Batch: 140, Acc: 6.81%, Loss: 4.2333
Epoch: 28, Batch: 150, Acc: 6.78%, Loss: 4.2224
Epoch: 28, Batch: 160, Acc: 6.71%, Loss: 4.2571
Epoch: 28, Batch: 170, Acc: 6.67%, Loss: 4.2560
Epoch: 28, Batch: 180, Acc: 6.58%, Loss: 4.2461
Epoch: 28, Batch: 190, Acc: 6.56%, Loss: 4.2370
Epoch: 28, Batch: 200, Acc: 6.55%, Loss: 4.2665
Epoch: 28, Batch: 210, Acc: 6.47%, Loss: 4.2607
Epoch: 28, Batch: 220, Acc: 6.51%, Loss: 4.2015
Epoch: 28, Batch: 230, Acc: 6.47%, Loss: 4.2459
Epoch: 28, Batch: 240, Acc: 6.44%, Loss: 4.2334
Epoch: 28, Batch: 250, Acc: 6.51%, Loss: 4.1620
Epoch: 28, Batch: 260, Acc: 6.50%, Loss: 4.2170
Epoch: 28, Batch: 270, Acc: 6.50%, Loss: 4.2183
Epoch: 28, Batch: 280, Acc: 6.56%, Loss: 4.1709
Epoch: 28, Batch: 290, Acc: 6.57%, Loss: 4.2068
Epoch: 28, Batch: 300, Acc: 6.54%, Loss: 4.2272
Epoch: 28, Batch: 310, Acc: 6.60%, Loss: 4.2060
Epoch: 28, Batch: 320, Acc: 6.57%, Loss: 4.2197
Epoch: 28, Batch: 330, Acc: 6.57%, Loss: 4.2027
Epoch: 28, Batch: 340, Acc: 6.55%, Loss: 4.2130
Epoch: 28, Batch: 350, Acc: 6.54%, Loss: 4.2257
Epoch: 28, Batch: 360, Acc: 6.50%, Loss: 4.2992
Epoch: 28, Batch: 370, Acc: 6.47%, Loss: 4.2414
Epoch: 28, Batch: 380, Acc: 6.44%, Loss: 4.2485
Epoch: 28, Batch: 390, Acc: 6.39%, Loss: 4.3150
Epoch: 28, Batch: 400, Acc: 6.41%, Loss: 4.1809
Epoch: 28, Batch: 410, Acc: 6.38%, Loss: 4.2554
Epoch: 28, Batch: 420, Acc: 6.38%, Loss: 4.2384
Epoch: 28, Batch: 430, Acc: 6.38%, Loss: 4.2577
Epoch: 28, Batch: 440, Acc: 6.40%, Loss: 4.1990
Epoch: 28, Batch: 450, Acc: 6.40%, Loss: 4.2425
Epoch: 28, Batch: 460, Acc: 6.43%, Loss: 4.2410
Epoch: 28, Batch: 470, Acc: 6.45%, Loss: 4.1722
Epoch: 28, Batch: 480, Acc: 6.46%, Loss: 4.2265
Epoch: 28, Batch: 490, Acc: 6.46%, Loss: 4.2515
Epoch: 28, Batch: 500, Acc: 6.44%, Loss: 4.2525
Epoch: 28, Batch: 510, Acc: 6.43%, Loss: 4.3171
Epoch: 28, Batch: 520, Acc: 6.42%, Loss: 4.2133
Epoch: 28, Batch: 530, Acc: 6.43%, Loss: 4.1976
Epoch: 28, Batch: 540, Acc: 6.43%, Loss: 4.1970
Epoch: 28, Batch: 550, Acc: 6.43%, Loss: 4.2078
Epoch: 28, Batch: 560, Acc: 6.43%, Loss: 4.2063
Epoch: 28, Batch: 570, Acc: 6.42%, Loss: 4.2762
Epoch: 28, Batch: 580, Acc: 6.42%, Loss: 4.1949
Epoch: 28, Batch: 590, Acc: 6.43%, Loss: 4.2280
Epoch: 28, Batch: 600, Acc: 6.43%, Loss: 4.2483
Epoch: 28, Batch: 610, Acc: 6.44%, Loss: 4.2537
Epoch: 28, Batch: 620, Acc: 6.43%, Loss: 4.2868
Epoch: 28, Batch: 630, Acc: 6.41%, Loss: 4.2278
Epoch: 28, Batch: 640, Acc: 6.43%, Loss: 4.2445
Epoch: 28, Batch: 650, Acc: 6.42%, Loss: 4.2433
Epoch: 28, Batch: 660, Acc: 6.40%, Loss: 4.2987
Epoch: 28, Batch: 670, Acc: 6.40%, Loss: 4.2163
Epoch: 28, Batch: 680, Acc: 6.41%, Loss: 4.2148
Epoch: 28, Batch: 690, Acc: 6.40%, Loss: 4.2041
Epoch: 28, Batch: 700, Acc: 6.43%, Loss: 4.2110
Epoch: 28, Batch: 710, Acc: 6.43%, Loss: 4.2775
Epoch: 28, Batch: 720, Acc: 6.42%, Loss: 4.3004
Epoch: 28, Batch: 730, Acc: 6.41%, Loss: 4.2522
Epoch: 28, Batch: 740, Acc: 6.44%, Loss: 4.2322
Epoch: 28, Batch: 750, Acc: 6.42%, Loss: 4.2424
Epoch: 28, Batch: 760, Acc: 6.42%, Loss: 4.2022
Epoch: 28, Batch: 770, Acc: 6.42%, Loss: 4.2505
Epoch: 28, Batch: 780, Acc: 6.42%, Loss: 4.2164
Accuracy on test set: 6.40%
Epoch: 29, Batch: 10, Acc: 6.41%, Loss: 4.2372
Epoch: 29, Batch: 20, Acc: 6.41%, Loss: 4.2660
Epoch: 29, Batch: 30, Acc: 6.51%, Loss: 4.2384
Epoch: 29, Batch: 40, Acc: 6.60%, Loss: 4.2255
Epoch: 29, Batch: 50, Acc: 6.47%, Loss: 4.2617
Epoch: 29, Batch: 60, Acc: 6.30%, Loss: 4.2753
Epoch: 29, Batch: 70, Acc: 6.21%, Loss: 4.2638
Epoch: 29, Batch: 80, Acc: 6.43%, Loss: 4.1842
Epoch: 29, Batch: 90, Acc: 6.41%, Loss: 4.2257
Epoch: 29, Batch: 100, Acc: 6.38%, Loss: 4.2620
Epoch: 29, Batch: 110, Acc: 6.46%, Loss: 4.1864
Epoch: 29, Batch: 120, Acc: 6.42%, Loss: 4.2356
Epoch: 29, Batch: 130, Acc: 6.32%, Loss: 4.2493
Epoch: 29, Batch: 140, Acc: 6.32%, Loss: 4.2426
Epoch: 29, Batch: 150, Acc: 6.24%, Loss: 4.2538
Epoch: 29, Batch: 160, Acc: 6.28%, Loss: 4.2435
Epoch: 29, Batch: 170, Acc: 6.27%, Loss: 4.2060
Epoch: 29, Batch: 180, Acc: 6.23%, Loss: 4.2330
Epoch: 29, Batch: 190, Acc: 6.23%, Loss: 4.2364
Epoch: 29, Batch: 200, Acc: 6.29%, Loss: 4.2197
Epoch: 29, Batch: 210, Acc: 6.26%, Loss: 4.2633
Epoch: 29, Batch: 220, Acc: 6.29%, Loss: 4.2432
Epoch: 29, Batch: 230, Acc: 6.32%, Loss: 4.2021
Epoch: 29, Batch: 240, Acc: 6.32%, Loss: 4.2541
Epoch: 29, Batch: 250, Acc: 6.35%, Loss: 4.2147
Epoch: 29, Batch: 260, Acc: 6.30%, Loss: 4.2586
Epoch: 29, Batch: 270, Acc: 6.28%, Loss: 4.2698
Epoch: 29, Batch: 280, Acc: 6.26%, Loss: 4.2495
Epoch: 29, Batch: 290, Acc: 6.25%, Loss: 4.2465
Epoch: 29, Batch: 300, Acc: 6.20%, Loss: 4.3067
Epoch: 29, Batch: 310, Acc: 6.21%, Loss: 4.1874
Epoch: 29, Batch: 320, Acc: 6.21%, Loss: 4.2730
Epoch: 29, Batch: 330, Acc: 6.25%, Loss: 4.2036
Epoch: 29, Batch: 340, Acc: 6.27%, Loss: 4.2391
Epoch: 29, Batch: 350, Acc: 6.26%, Loss: 4.2407
Epoch: 29, Batch: 360, Acc: 6.24%, Loss: 4.2284
Epoch: 29, Batch: 370, Acc: 6.24%, Loss: 4.1978
Epoch: 29, Batch: 380, Acc: 6.20%, Loss: 4.2682
Epoch: 29, Batch: 390, Acc: 6.19%, Loss: 4.1777
Epoch: 29, Batch: 400, Acc: 6.21%, Loss: 4.2152
Epoch: 29, Batch: 410, Acc: 6.23%, Loss: 4.2333
Epoch: 29, Batch: 420, Acc: 6.21%, Loss: 4.3055
Epoch: 29, Batch: 430, Acc: 6.22%, Loss: 4.1944
Epoch: 29, Batch: 440, Acc: 6.23%, Loss: 4.2087
Epoch: 29, Batch: 450, Acc: 6.29%, Loss: 4.1402
Epoch: 29, Batch: 460, Acc: 6.30%, Loss: 4.2036
Epoch: 29, Batch: 470, Acc: 6.29%, Loss: 4.1987
Epoch: 29, Batch: 480, Acc: 6.33%, Loss: 4.1718
Epoch: 29, Batch: 490, Acc: 6.35%, Loss: 4.2014
Epoch: 29, Batch: 500, Acc: 6.34%, Loss: 4.2379
Epoch: 29, Batch: 510, Acc: 6.33%, Loss: 4.2675
Epoch: 29, Batch: 520, Acc: 6.31%, Loss: 4.2328
Epoch: 29, Batch: 530, Acc: 6.30%, Loss: 4.2109
Epoch: 29, Batch: 540, Acc: 6.31%, Loss: 4.2283
Epoch: 29, Batch: 550, Acc: 6.32%, Loss: 4.2133
Epoch: 29, Batch: 560, Acc: 6.31%, Loss: 4.2577
Epoch: 29, Batch: 570, Acc: 6.29%, Loss: 4.2706
Epoch: 29, Batch: 580, Acc: 6.29%, Loss: 4.2146
Epoch: 29, Batch: 590, Acc: 6.31%, Loss: 4.2088
Epoch: 29, Batch: 600, Acc: 6.30%, Loss: 4.2055
Epoch: 29, Batch: 610, Acc: 6.30%, Loss: 4.2480
Epoch: 29, Batch: 620, Acc: 6.31%, Loss: 4.2235
Epoch: 29, Batch: 630, Acc: 6.33%, Loss: 4.2212
Epoch: 29, Batch: 640, Acc: 6.32%, Loss: 4.2273
Epoch: 29, Batch: 650, Acc: 6.36%, Loss: 4.2754
Epoch: 29, Batch: 660, Acc: 6.36%, Loss: 4.2155
Epoch: 29, Batch: 670, Acc: 6.35%, Loss: 4.2276
Epoch: 29, Batch: 680, Acc: 6.36%, Loss: 4.2355
Epoch: 29, Batch: 690, Acc: 6.37%, Loss: 4.2352
Epoch: 29, Batch: 700, Acc: 6.35%, Loss: 4.2672
Epoch: 29, Batch: 710, Acc: 6.37%, Loss: 4.1616
Epoch: 29, Batch: 720, Acc: 6.37%, Loss: 4.2621
Epoch: 29, Batch: 730, Acc: 6.36%, Loss: 4.2334
Epoch: 29, Batch: 740, Acc: 6.36%, Loss: 4.2154
Epoch: 29, Batch: 750, Acc: 6.36%, Loss: 4.2495
Epoch: 29, Batch: 760, Acc: 6.38%, Loss: 4.2153
Epoch: 29, Batch: 770, Acc: 6.41%, Loss: 4.2518
Epoch: 29, Batch: 780, Acc: 6.40%, Loss: 4.2746
Accuracy on test set: 6.48%
Epoch: 30, Batch: 10, Acc: 7.19%, Loss: 4.2168
Epoch: 30, Batch: 20, Acc: 6.80%, Loss: 4.2285
Epoch: 30, Batch: 30, Acc: 6.72%, Loss: 4.1688
Epoch: 30, Batch: 40, Acc: 6.91%, Loss: 4.2488
Epoch: 30, Batch: 50, Acc: 6.69%, Loss: 4.2316
Epoch: 30, Batch: 60, Acc: 6.82%, Loss: 4.1951
Epoch: 30, Batch: 70, Acc: 6.83%, Loss: 4.2938
Epoch: 30, Batch: 80, Acc: 6.80%, Loss: 4.2341
Epoch: 30, Batch: 90, Acc: 6.56%, Loss: 4.2850
Epoch: 30, Batch: 100, Acc: 6.58%, Loss: 4.2759
Epoch: 30, Batch: 110, Acc: 6.61%, Loss: 4.2373
Epoch: 30, Batch: 120, Acc: 6.71%, Loss: 4.1792
Epoch: 30, Batch: 130, Acc: 6.61%, Loss: 4.2642
Epoch: 30, Batch: 140, Acc: 6.67%, Loss: 4.1888
Epoch: 30, Batch: 150, Acc: 6.66%, Loss: 4.2336
Epoch: 30, Batch: 160, Acc: 6.73%, Loss: 4.2064
Epoch: 30, Batch: 170, Acc: 6.72%, Loss: 4.2428
Epoch: 30, Batch: 180, Acc: 6.61%, Loss: 4.2555
Epoch: 30, Batch: 190, Acc: 6.55%, Loss: 4.2561
Epoch: 30, Batch: 200, Acc: 6.62%, Loss: 4.2173
Epoch: 30, Batch: 210, Acc: 6.54%, Loss: 4.2306
Epoch: 30, Batch: 220, Acc: 6.52%, Loss: 4.2327
Epoch: 30, Batch: 230, Acc: 6.52%, Loss: 4.2447
Epoch: 30, Batch: 240, Acc: 6.45%, Loss: 4.2408
Epoch: 30, Batch: 250, Acc: 6.47%, Loss: 4.2627
Epoch: 30, Batch: 260, Acc: 6.41%, Loss: 4.2782
Epoch: 30, Batch: 270, Acc: 6.40%, Loss: 4.2295
Epoch: 30, Batch: 280, Acc: 6.39%, Loss: 4.2171
Epoch: 30, Batch: 290, Acc: 6.35%, Loss: 4.2861
Epoch: 30, Batch: 300, Acc: 6.36%, Loss: 4.1956
Epoch: 30, Batch: 310, Acc: 6.32%, Loss: 4.2736
Epoch: 30, Batch: 320, Acc: 6.37%, Loss: 4.1481
Epoch: 30, Batch: 330, Acc: 6.39%, Loss: 4.2291
Epoch: 30, Batch: 340, Acc: 6.36%, Loss: 4.2173
Epoch: 30, Batch: 350, Acc: 6.37%, Loss: 4.2112
Epoch: 30, Batch: 360, Acc: 6.35%, Loss: 4.2297
Epoch: 30, Batch: 370, Acc: 6.36%, Loss: 4.1999
Epoch: 30, Batch: 380, Acc: 6.44%, Loss: 4.1636
Epoch: 30, Batch: 390, Acc: 6.49%, Loss: 4.2391
Epoch: 30, Batch: 400, Acc: 6.46%, Loss: 4.2850
Epoch: 30, Batch: 410, Acc: 6.44%, Loss: 4.2327
Epoch: 30, Batch: 420, Acc: 6.44%, Loss: 4.2461
Epoch: 30, Batch: 430, Acc: 6.43%, Loss: 4.2245
Epoch: 30, Batch: 440, Acc: 6.48%, Loss: 4.1440
Epoch: 30, Batch: 450, Acc: 6.49%, Loss: 4.2475
Epoch: 30, Batch: 460, Acc: 6.47%, Loss: 4.2616
Epoch: 30, Batch: 470, Acc: 6.45%, Loss: 4.2537
Epoch: 30, Batch: 480, Acc: 6.45%, Loss: 4.1942
Epoch: 30, Batch: 490, Acc: 6.44%, Loss: 4.2706
Epoch: 30, Batch: 500, Acc: 6.46%, Loss: 4.1898
Epoch: 30, Batch: 510, Acc: 6.45%, Loss: 4.2316
Epoch: 30, Batch: 520, Acc: 6.44%, Loss: 4.2969
Epoch: 30, Batch: 530, Acc: 6.43%, Loss: 4.2442
Epoch: 30, Batch: 540, Acc: 6.43%, Loss: 4.2459
Epoch: 30, Batch: 550, Acc: 6.42%, Loss: 4.2513
Epoch: 30, Batch: 560, Acc: 6.40%, Loss: 4.2485
Epoch: 30, Batch: 570, Acc: 6.38%, Loss: 4.2558
Epoch: 30, Batch: 580, Acc: 6.41%, Loss: 4.1796
Epoch: 30, Batch: 590, Acc: 6.41%, Loss: 4.2862
Epoch: 30, Batch: 600, Acc: 6.38%, Loss: 4.2523
Epoch: 30, Batch: 610, Acc: 6.38%, Loss: 4.2070
Epoch: 30, Batch: 620, Acc: 6.38%, Loss: 4.2385
Epoch: 30, Batch: 630, Acc: 6.37%, Loss: 4.1969
Epoch: 30, Batch: 640, Acc: 6.38%, Loss: 4.2388
Epoch: 30, Batch: 650, Acc: 6.41%, Loss: 4.1705
Epoch: 30, Batch: 660, Acc: 6.42%, Loss: 4.1283
Epoch: 30, Batch: 670, Acc: 6.42%, Loss: 4.2538
Epoch: 30, Batch: 680, Acc: 6.43%, Loss: 4.1821
Epoch: 30, Batch: 690, Acc: 6.41%, Loss: 4.2345
Epoch: 30, Batch: 700, Acc: 6.43%, Loss: 4.2078
Epoch: 30, Batch: 710, Acc: 6.41%, Loss: 4.2498
Epoch: 30, Batch: 720, Acc: 6.41%, Loss: 4.2229
Epoch: 30, Batch: 730, Acc: 6.41%, Loss: 4.2233
Epoch: 30, Batch: 740, Acc: 6.39%, Loss: 4.2481
Epoch: 30, Batch: 750, Acc: 6.42%, Loss: 4.2115
Epoch: 30, Batch: 760, Acc: 6.43%, Loss: 4.2502
Epoch: 30, Batch: 770, Acc: 6.42%, Loss: 4.2695
Epoch: 30, Batch: 780, Acc: 6.44%, Loss: 4.2247
Accuracy on test set: 6.44%
Training Time: 4216.10 seconds
Best Accuracy for Run 2: 6.48%
Loading previous model...
Evaluating qmlp-CIFAR-run1-layer10-Amplitude.pt

--- Evaluating Model Run 1 with NONE Attack ---

>>> Evaluating for ε = 0 (Attack: none)
Accuracy  : 0.0649
Loss      : 4.2537
Precision : 0.0343
Recall    : 0.0649
F1        : 0.0449
Fpr       : 0.0094
Fnr       : 0.9351
Roc_auc   : 0.7117
Pr_auc    : nan

--- Evaluating Model Run 1 with FGSM Attack ---

>>> Evaluating for ε = 0 (Attack: fgsm)
Accuracy  : 0.0649
Loss      : 4.2537
Precision : 0.0343
Recall    : 0.0649
F1        : 0.0449
Fpr       : 0.0094
Fnr       : 0.9351
Roc_auc   : 0.7117
Pr_auc    : nan

>>> Evaluating for ε = 0.01 (Attack: fgsm)
Accuracy  : 0.0124
Loss      : 4.7723
Precision : 0.0057
Recall    : 0.0124
F1        : 0.0078
Fpr       : 0.0100
Fnr       : 0.9876
Roc_auc   : 0.5552
Pr_auc    : nan

>>> Evaluating for ε = 0.1 (Attack: fgsm)
Accuracy  : 0.0064
Loss      : 5.0320
Precision : 0.0003
Recall    : 0.0064
F1        : 0.0006
Fpr       : 0.0100
Fnr       : 0.9936
Roc_auc   : 0.2801
Pr_auc    : nan

>>> Evaluating for ε = 0.15 (Attack: fgsm)
Accuracy  : 0.0032
Loss      : 5.1284
Precision : 0.0001
Recall    : 0.0032
F1        : 0.0001
Fpr       : 0.0101
Fnr       : 0.9968
Roc_auc   : 0.2007
Pr_auc    : nan

--- Evaluating Model Run 1 with PGD Attack ---

>>> Evaluating for ε = 0 (Attack: pgd)
Accuracy  : 0.0649
Loss      : 4.2537
Precision : 0.0343
Recall    : 0.0649
F1        : 0.0449
Fpr       : 0.0094
Fnr       : 0.9351
Roc_auc   : 0.7117
Pr_auc    : nan

>>> Evaluating for ε = 0.01 (Attack: pgd)
Accuracy  : 0.0117
Loss      : 4.7870
Precision : 0.0054
Recall    : 0.0117
F1        : 0.0074
Fpr       : 0.0100
Fnr       : 0.9883
Roc_auc   : 0.5404
Pr_auc    : nan

>>> Evaluating for ε = 0.1 (Attack: pgd)
Accuracy  : 0.0030
Loss      : 5.2233
Precision : 0.0000
Recall    : 0.0030
F1        : 0.0001
Fpr       : 0.0101
Fnr       : 0.9970
Roc_auc   : 0.1918
Pr_auc    : nan

>>> Evaluating for ε = 0.15 (Attack: pgd)
Accuracy  : 0.0010
Loss      : 5.4614
Precision : 0.0000
Recall    : 0.0010
F1        : 0.0000
Fpr       : 0.0101
Fnr       : 0.9990
Roc_auc   : 0.1199
Pr_auc    : nan
All results for Run 1 saved to qmlp-CIFAR-run_run1-layer10_Amplitude_all_attacks.csv
Loading previous model...
Evaluating qmlp-CIFAR-run2-layer10-Amplitude.pt

--- Evaluating Model Run 2 with NONE Attack ---

>>> Evaluating for ε = 0 (Attack: none)
Accuracy  : 0.0648
Loss      : 4.2324
Precision : 0.0325
Recall    : 0.0648
F1        : 0.0433
Fpr       : 0.0094
Fnr       : 0.9352
Roc_auc   : 0.7156
Pr_auc    : nan

--- Evaluating Model Run 2 with FGSM Attack ---

>>> Evaluating for ε = 0 (Attack: fgsm)
Accuracy  : 0.0648
Loss      : 4.2324
Precision : 0.0325
Recall    : 0.0648
F1        : 0.0433
Fpr       : 0.0094
Fnr       : 0.9352
Roc_auc   : 0.7156
Pr_auc    : nan

>>> Evaluating for ε = 0.01 (Attack: fgsm)
Accuracy  : 0.0127
Loss      : 4.7802
Precision : 0.0019
Recall    : 0.0127
F1        : 0.0033
Fpr       : 0.0100
Fnr       : 0.9873
Roc_auc   : 0.5626
Pr_auc    : nan

>>> Evaluating for ε = 0.1 (Attack: fgsm)
Accuracy  : 0.0055
Loss      : 5.0562
Precision : 0.0003
Recall    : 0.0055
F1        : 0.0006
Fpr       : 0.0100
Fnr       : 0.9945
Roc_auc   : 0.2821
Pr_auc    : nan

>>> Evaluating for ε = 0.15 (Attack: fgsm)
Accuracy  : 0.0029
Loss      : 5.1598
Precision : 0.0002
Recall    : 0.0029
F1        : 0.0004
Fpr       : 0.0101
Fnr       : 0.9971
Roc_auc   : 0.2010
Pr_auc    : nan

--- Evaluating Model Run 2 with PGD Attack ---

>>> Evaluating for ε = 0 (Attack: pgd)
Accuracy  : 0.0648
Loss      : 4.2324
Precision : 0.0325
Recall    : 0.0648
F1        : 0.0433
Fpr       : 0.0094
Fnr       : 0.9352
Roc_auc   : 0.7156
Pr_auc    : nan

>>> Evaluating for ε = 0.01 (Attack: pgd)
Accuracy  : 0.0120
Loss      : 4.7968
Precision : 0.0018
Recall    : 0.0120
F1        : 0.0031
Fpr       : 0.0100
Fnr       : 0.9880
Roc_auc   : 0.5466
Pr_auc    : nan

>>> Evaluating for ε = 0.1 (Attack: pgd)
Accuracy  : 0.0027
Loss      : 5.2703
Precision : 0.0001
Recall    : 0.0027
F1        : 0.0002
Fpr       : 0.0101
Fnr       : 0.9973
Roc_auc   : 0.1847
Pr_auc    : nan

>>> Evaluating for ε = 0.15 (Attack: pgd)
Accuracy  : 0.0002
Loss      : 5.5321
Precision : 0.0000
Recall    : 0.0002
F1        : 0.0000
Fpr       : 0.0101
Fnr       : 0.9998
Roc_auc   : 0.1111
Pr_auc    : nan
All results for Run 2 saved to qmlp-CIFAR-run_run2-layer10_Amplitude_all_attacks.csv
qmlp-CIFAR-run3-layer10-Amplitude.pt not found
