Python 3.10.19
/home/clalarcon/work/Nowmi/Sok/quid_env/bin/python
Python 3.10.19
========================================
Job ID      : 14000
Node        : hopper001
GPUs        : 0
CPUs        : 28
Start time  : Fri Mar  6 11:13:38 PM MST 2026
========================================
Fri Mar  6 23:13:38 2026       
+-----------------------------------------------------------------------------------------+
| NVIDIA-SMI 575.51.03              Driver Version: 575.51.03      CUDA Version: 12.9     |
|-----------------------------------------+------------------------+----------------------+
| GPU  Name                 Persistence-M | Bus-Id          Disp.A | Volatile Uncorr. ECC |
| Fan  Temp   Perf          Pwr:Usage/Cap |           Memory-Usage | GPU-Util  Compute M. |
|                                         |                        |               MIG M. |
|=========================================+========================+======================|
|   0  NVIDIA H100 80GB HBM3          Off |   00000000:9D:00.0 Off |                    0 |
| N/A   30C    P0             71W /  700W |       0MiB /  81559MiB |      0%      Default |
|                                         |                        |             Disabled |
+-----------------------------------------+------------------------+----------------------+
                                                                                         
+-----------------------------------------------------------------------------------------+
| Processes:                                                                              |
|  GPU   GI   CI              PID   Type   Process name                        GPU Memory |
|        ID   ID                                                               Usage      |
|=========================================================================================|
|  No running processes found                                                             |
+-----------------------------------------------------------------------------------------+
Changing directory...
Now in: /home/clalarcon/work/Nowmi/Sok/QUID/MNIST/amplitude/layer50
Files: logs
NN_quid_mnist_amplitude_l50.py
quid_job_mnist_amp_l50.slurm
rho_proto_cache_amplitude.npy
Running python script...
====================================================================
 QUID + Q-Detection | MNIST 10-class | 9-qubit Amplitude model (PCA->512)
 Optimisations: prototype cache + multi-GPU parallelism
====================================================================
[GPU] 1 GPU(s) detected: ['NVIDIA H100 80GB HBM3']
Number of classes: 10
[Data] Train: (60000, 512)  Test: (10000, 512)
[ProtoCache] Loading prototypes from rho_proto_cache_amplitude.npy ...
[ProtoCache] Loaded 10 prototypes in 0.3s  (size: 41.9 MB)
[ProtoCache] shape: (10, 512, 512)  dtype: complex128  size: 41.9 MB
  [INFO] Q-Detection will use stratified subset: ~7000 samples (700/class) -> J matrix 7000x7000 (392 MB).
  [INFO] Q-Detection will use stratified subset: ~7000 samples (700/class) -> J matrix 7000x7000 (392 MB).
  [INFO] Q-Detection will use stratified subset: ~7000 samples (700/class) -> J matrix 7000x7000 (392 MB).
  [INFO] Q-Detection will use stratified subset: ~7000 samples (700/class) -> J matrix 7000x7000 (392 MB).
  [INFO] Q-Detection will use stratified subset: ~7000 samples (700/class) -> J matrix 7000x7000 (392 MB).
  [INFO] Q-Detection will use stratified subset: ~7000 samples (700/class) -> J matrix 7000x7000 (392 MB).
  [INFO] Q-Detection will use stratified subset: ~7000 samples (700/class) -> J matrix 7000x7000 (392 MB).
  [INFO] Q-Detection will use stratified subset: ~7000 samples (700/class) -> J matrix 7000x7000 (392 MB).
  [INFO] Q-Detection will use stratified subset: ~7000 samples (700/class) -> J matrix 7000x7000 (392 MB).
  [INFO] Q-Detection will use stratified subset: ~7000 samples (700/class) -> J matrix 7000x7000 (392 MB).
  [INFO] Q-Detection will use stratified subset: ~7000 samples (700/class) -> J matrix 7000x7000 (392 MB).
  [INFO] Q-Detection will use stratified subset: ~7000 samples (700/class) -> J matrix 7000x7000 (392 MB).
  [INFO] Q-Detection will use stratified subset: ~7000 samples (700/class) -> J matrix 7000x7000 (392 MB).
  [INFO] Q-Detection will use stratified subset: ~7000 samples (700/class) -> J matrix 7000x7000 (392 MB).
  [INFO] Q-Detection will use stratified subset: ~7000 samples (700/class) -> J matrix 7000x7000 (392 MB).
  [INFO] Q-Detection will use stratified subset: ~7000 samples (700/class) -> J matrix 7000x7000 (392 MB).
  [INFO] Q-Detection will use stratified subset: ~7000 samples (700/class) -> J matrix 7000x7000 (392 MB).
  [INFO] Q-Detection will use stratified subset: ~7000 samples (700/class) -> J matrix 7000x7000 (392 MB).

[Main] Total experiments: 36
[Main] Parallelism: up to 1 concurrent workers (1 per GPU)

====================================================================
 [Run 1 | eps=0.1 | quid | none | GPU 0]
====================================================================
  [Run 1 | eps=0.1 | quid | none | GPU 0] Stratified subset: 7000 samples (700 per class max, from 60000 total)
  [QUID] Computing density matrices for 700 poisoned samples ...
  [QUID] Density matrices done in 1.0s
  [QUID] Assigning adversarial labels ...
  [QUID] Label assignment done in 9.1s
  [QUID] Labels changed: 697/700
  [Run 1 | eps=0.1 | quid | none | GPU 0] Poisoned: 700/7000
Epoch: 1, Batch: 10, Acc: 8.59%, Loss: 2.3185
Epoch: 1, Batch: 20, Acc: 10.08%, Loss: 2.2835
Epoch: 1, Batch: 30, Acc: 10.68%, Loss: 2.2898
Epoch: 1, Batch: 40, Acc: 11.91%, Loss: 2.2841
Epoch: 1, Batch: 50, Acc: 13.34%, Loss: 2.2688
Epoch: 1, Batch: 60, Acc: 14.97%, Loss: 2.2631
Epoch: 1, Batch: 70, Acc: 16.07%, Loss: 2.2504
Epoch: 1, Batch: 80, Acc: 17.30%, Loss: 2.2465
Epoch: 1, Batch: 90, Acc: 17.81%, Loss: 2.2539
Epoch: 1, Batch: 100, Acc: 18.34%, Loss: 2.2245
Epoch: 1, Batch: 110, Acc: 18.56%, Loss: 2.2606
Accuracy on test set: 24.52%
Epoch: 2, Batch: 10, Acc: 25.00%, Loss: 2.2124
Epoch: 2, Batch: 20, Acc: 24.84%, Loss: 2.2205
Epoch: 2, Batch: 30, Acc: 24.84%, Loss: 2.2036
Epoch: 2, Batch: 40, Acc: 24.45%, Loss: 2.2038
Epoch: 2, Batch: 50, Acc: 24.03%, Loss: 2.1943
Epoch: 2, Batch: 60, Acc: 24.19%, Loss: 2.1834
Epoch: 2, Batch: 70, Acc: 24.17%, Loss: 2.1931
Epoch: 2, Batch: 80, Acc: 23.96%, Loss: 2.1703
Epoch: 2, Batch: 90, Acc: 23.84%, Loss: 2.1675
Epoch: 2, Batch: 100, Acc: 23.94%, Loss: 2.1702
Epoch: 2, Batch: 110, Acc: 23.80%, Loss: 2.1554
Accuracy on test set: 19.66%
Epoch: 3, Batch: 10, Acc: 26.56%, Loss: 2.1528
Epoch: 3, Batch: 20, Acc: 25.31%, Loss: 2.1450
Epoch: 3, Batch: 30, Acc: 24.74%, Loss: 2.1290
Epoch: 3, Batch: 40, Acc: 24.57%, Loss: 2.1393
Epoch: 3, Batch: 50, Acc: 24.62%, Loss: 2.1292
Epoch: 3, Batch: 60, Acc: 24.11%, Loss: 2.1349
Epoch: 3, Batch: 70, Acc: 24.64%, Loss: 2.1126
Epoch: 3, Batch: 80, Acc: 24.96%, Loss: 2.1105
Epoch: 3, Batch: 90, Acc: 25.35%, Loss: 2.0820
Epoch: 3, Batch: 100, Acc: 25.34%, Loss: 2.0880
Epoch: 3, Batch: 110, Acc: 25.11%, Loss: 2.1071
Accuracy on test set: 22.18%
Epoch: 4, Batch: 10, Acc: 26.41%, Loss: 2.0782
Epoch: 4, Batch: 20, Acc: 24.92%, Loss: 2.1149
Epoch: 4, Batch: 30, Acc: 25.26%, Loss: 2.0850
Epoch: 4, Batch: 40, Acc: 25.66%, Loss: 2.0985
Epoch: 4, Batch: 50, Acc: 26.31%, Loss: 2.0685
Epoch: 4, Batch: 60, Acc: 26.74%, Loss: 2.0636
Epoch: 4, Batch: 70, Acc: 27.52%, Loss: 2.0316
Epoch: 4, Batch: 80, Acc: 27.75%, Loss: 2.0507
Epoch: 4, Batch: 90, Acc: 28.32%, Loss: 2.0184
Epoch: 4, Batch: 100, Acc: 28.78%, Loss: 2.0397
Epoch: 4, Batch: 110, Acc: 28.90%, Loss: 2.0411
Accuracy on test set: 27.56%
Epoch: 5, Batch: 10, Acc: 31.56%, Loss: 2.0382
Epoch: 5, Batch: 20, Acc: 32.66%, Loss: 2.0212
Epoch: 5, Batch: 30, Acc: 31.93%, Loss: 2.0339
Epoch: 5, Batch: 40, Acc: 32.73%, Loss: 2.0133
Epoch: 5, Batch: 50, Acc: 33.22%, Loss: 2.0177
Epoch: 5, Batch: 60, Acc: 33.28%, Loss: 2.0310
Epoch: 5, Batch: 70, Acc: 33.48%, Loss: 2.0160
Epoch: 5, Batch: 80, Acc: 33.91%, Loss: 2.0047
Epoch: 5, Batch: 90, Acc: 34.51%, Loss: 1.9396
Epoch: 5, Batch: 100, Acc: 34.73%, Loss: 1.9912
Epoch: 5, Batch: 110, Acc: 35.10%, Loss: 1.9672
Accuracy on test set: 37.24%
Epoch: 6, Batch: 10, Acc: 38.59%, Loss: 1.9635
Epoch: 6, Batch: 20, Acc: 37.66%, Loss: 1.9698
Epoch: 6, Batch: 30, Acc: 39.43%, Loss: 1.9556
Epoch: 6, Batch: 40, Acc: 39.84%, Loss: 1.9543
Epoch: 6, Batch: 50, Acc: 40.06%, Loss: 1.9572
Epoch: 6, Batch: 60, Acc: 40.86%, Loss: 1.9454
Epoch: 6, Batch: 70, Acc: 40.78%, Loss: 1.9805
Epoch: 6, Batch: 80, Acc: 41.41%, Loss: 1.9440
Epoch: 6, Batch: 90, Acc: 41.70%, Loss: 1.9358
Epoch: 6, Batch: 100, Acc: 41.78%, Loss: 1.9487
Epoch: 6, Batch: 110, Acc: 41.81%, Loss: 1.9567
Accuracy on test set: 45.94%
Epoch: 7, Batch: 10, Acc: 44.22%, Loss: 1.9171
Epoch: 7, Batch: 20, Acc: 45.70%, Loss: 1.9388
Epoch: 7, Batch: 30, Acc: 46.61%, Loss: 1.9152
Epoch: 7, Batch: 40, Acc: 46.25%, Loss: 1.9171
Epoch: 7, Batch: 50, Acc: 46.88%, Loss: 1.8882
Epoch: 7, Batch: 60, Acc: 47.50%, Loss: 1.8931
Epoch: 7, Batch: 70, Acc: 47.52%, Loss: 1.9008
Epoch: 7, Batch: 80, Acc: 47.77%, Loss: 1.8795
Epoch: 7, Batch: 90, Acc: 47.60%, Loss: 1.9172
Epoch: 7, Batch: 100, Acc: 47.50%, Loss: 1.9175
Epoch: 7, Batch: 110, Acc: 47.66%, Loss: 1.8692
Accuracy on test set: 51.81%
Epoch: 8, Batch: 10, Acc: 48.12%, Loss: 1.9108
Epoch: 8, Batch: 20, Acc: 50.78%, Loss: 1.8394
Epoch: 8, Batch: 30, Acc: 50.78%, Loss: 1.8772
Epoch: 8, Batch: 40, Acc: 51.37%, Loss: 1.8458
Epoch: 8, Batch: 50, Acc: 51.44%, Loss: 1.8812
Epoch: 8, Batch: 60, Acc: 51.17%, Loss: 1.8670
Epoch: 8, Batch: 70, Acc: 51.43%, Loss: 1.8699
Epoch: 8, Batch: 80, Acc: 51.78%, Loss: 1.8306
Epoch: 8, Batch: 90, Acc: 52.07%, Loss: 1.8361
Epoch: 8, Batch: 100, Acc: 52.16%, Loss: 1.8459
Epoch: 8, Batch: 110, Acc: 52.19%, Loss: 1.8356
Accuracy on test set: 56.35%
Epoch: 9, Batch: 10, Acc: 56.72%, Loss: 1.8134
Epoch: 9, Batch: 20, Acc: 55.47%, Loss: 1.8352
Epoch: 9, Batch: 30, Acc: 56.04%, Loss: 1.8065
Epoch: 9, Batch: 40, Acc: 56.05%, Loss: 1.8016
Epoch: 9, Batch: 50, Acc: 55.88%, Loss: 1.8053
Epoch: 9, Batch: 60, Acc: 55.52%, Loss: 1.8003
Epoch: 9, Batch: 70, Acc: 55.98%, Loss: 1.7697
Epoch: 9, Batch: 80, Acc: 55.39%, Loss: 1.8340
Epoch: 9, Batch: 90, Acc: 54.98%, Loss: 1.8463
Epoch: 9, Batch: 100, Acc: 54.91%, Loss: 1.8064
Epoch: 9, Batch: 110, Acc: 54.66%, Loss: 1.8158
Accuracy on test set: 60.23%
Epoch: 10, Batch: 10, Acc: 54.22%, Loss: 1.7745
Epoch: 10, Batch: 20, Acc: 56.41%, Loss: 1.7795
Epoch: 10, Batch: 30, Acc: 55.83%, Loss: 1.7942
Epoch: 10, Batch: 40, Acc: 56.52%, Loss: 1.7671
Epoch: 10, Batch: 50, Acc: 56.78%, Loss: 1.7706
Epoch: 10, Batch: 60, Acc: 56.41%, Loss: 1.7928
Epoch: 10, Batch: 70, Acc: 56.72%, Loss: 1.7287
Epoch: 10, Batch: 80, Acc: 56.89%, Loss: 1.7888
Epoch: 10, Batch: 90, Acc: 56.86%, Loss: 1.7792
Epoch: 10, Batch: 100, Acc: 56.75%, Loss: 1.7568
Epoch: 10, Batch: 110, Acc: 56.93%, Loss: 1.7125
Accuracy on test set: 62.55%
  [Run 1 | eps=0.1 | quid | none | GPU 0] Training Time: 2047.69s  Best Acc: 62.55%

  [Run 1 | eps=0.1 | quid | none | GPU 0] Evaluating final model on clean test data...
  Accuracy    : 0.6255
  Loss        : 1.6772
  Precision   : 0.7710
  Recall      : 0.6169
  F1          : 0.6854
  Fpr         : 0.0420
  Fnr         : 0.3831
  Roc_auc     : 0.9419
  Pr_auc      : 0.7486
  Asr         : 24.5714
Metrics saved to eps0.1/qmlp-mnist-quid-run1-layer50_quid_eps0.1_quid_none.csv
  [Run 1 | eps=0.1 | quid | none | GPU 0] Done. Saved → eps0.1/qmlp-mnist-quid-run1-layer50-noiseless-Amplitude_eps0.1_quid_none.pt

====================================================================
 [Run 1 | eps=0.1 | quid | q-detection | GPU 0]
====================================================================
  [Run 1 | eps=0.1 | quid | q-detection | GPU 0] Stratified subset: 7000 samples (700 per class max, from 60000 total)
  [QUID] Computing density matrices for 700 poisoned samples ...
  [QUID] Density matrices done in 0.9s
  [QUID] Assigning adversarial labels ...
  [QUID] Label assignment done in 8.6s
  [QUID] Labels changed: 697/700
  [Run 1 | eps=0.1 | quid | q-detection | GPU 0] Poisoned: 700/7000
  [Run 1 | eps=0.1 | quid | q-detection | GPU 0] J matrix: 7000x7000 (392 MB)
Epoch: 1, Batch: 10, Acc: 8.59%, Loss: 2.2831
Epoch: 1, Batch: 20, Acc: 9.84%, Loss: 2.2500
Epoch: 1, Batch: 30, Acc: 9.95%, Loss: 2.2602
Epoch: 1, Batch: 40, Acc: 11.02%, Loss: 2.2556
Epoch: 1, Batch: 50, Acc: 12.38%, Loss: 2.2417
Epoch: 1, Batch: 60, Acc: 13.91%, Loss: 2.2341
Epoch: 1, Batch: 70, Acc: 15.13%, Loss: 2.2140
Epoch: 1, Batch: 80, Acc: 16.41%, Loss: 2.2105
Epoch: 1, Batch: 90, Acc: 16.84%, Loss: 2.2266
Epoch: 1, Batch: 100, Acc: 17.47%, Loss: 2.1874
Epoch: 1, Batch: 110, Acc: 17.83%, Loss: 2.2345
Accuracy on test set: 25.66%
Epoch: 2, Batch: 10, Acc: 23.28%, Loss: 2.1680
Epoch: 2, Batch: 20, Acc: 24.22%, Loss: 2.1836
Epoch: 2, Batch: 30, Acc: 24.48%, Loss: 2.1660
Epoch: 2, Batch: 40, Acc: 24.45%, Loss: 2.1509
Epoch: 2, Batch: 50, Acc: 23.97%, Loss: 2.1445
Epoch: 2, Batch: 60, Acc: 24.14%, Loss: 2.1277
Epoch: 2, Batch: 70, Acc: 23.97%, Loss: 2.1297
Epoch: 2, Batch: 80, Acc: 23.93%, Loss: 2.0937
Epoch: 2, Batch: 90, Acc: 23.75%, Loss: 2.0901
Epoch: 2, Batch: 100, Acc: 23.78%, Loss: 2.0998
Epoch: 2, Batch: 110, Acc: 23.66%, Loss: 2.0723
Accuracy on test set: 17.76%
Epoch: 3, Batch: 10, Acc: 24.06%, Loss: 2.1032
Epoch: 3, Batch: 20, Acc: 23.59%, Loss: 2.0918
Epoch: 3, Batch: 30, Acc: 23.33%, Loss: 2.0466
Epoch: 3, Batch: 40, Acc: 23.48%, Loss: 2.0948
Epoch: 3, Batch: 50, Acc: 23.06%, Loss: 2.1112
Epoch: 3, Batch: 60, Acc: 22.81%, Loss: 2.1029
Epoch: 3, Batch: 70, Acc: 22.86%, Loss: 2.0603
Epoch: 3, Batch: 80, Acc: 23.01%, Loss: 2.0805
Epoch: 3, Batch: 90, Acc: 23.28%, Loss: 1.9775
Epoch: 3, Batch: 100, Acc: 23.19%, Loss: 2.0320
Epoch: 3, Batch: 110, Acc: 23.00%, Loss: 2.0263
Accuracy on test set: 17.80%
Epoch: 4, Batch: 10, Acc: 24.22%, Loss: 2.0123
Epoch: 4, Batch: 20, Acc: 23.20%, Loss: 2.1061
Epoch: 4, Batch: 30, Acc: 22.81%, Loss: 2.0551
Epoch: 4, Batch: 40, Acc: 22.30%, Loss: 2.0738
Epoch: 4, Batch: 50, Acc: 22.53%, Loss: 2.0267
Epoch: 4, Batch: 60, Acc: 22.53%, Loss: 2.0340
Epoch: 4, Batch: 70, Acc: 23.08%, Loss: 2.0641
Epoch: 4, Batch: 80, Acc: 23.26%, Loss: 1.9950
Epoch: 4, Batch: 90, Acc: 23.72%, Loss: 1.9292
Epoch: 4, Batch: 100, Acc: 24.11%, Loss: 2.0204
Epoch: 4, Batch: 110, Acc: 24.20%, Loss: 2.0450
Accuracy on test set: 21.65%
Epoch: 5, Batch: 10, Acc: 26.09%, Loss: 2.0642
Epoch: 5, Batch: 20, Acc: 27.58%, Loss: 2.1465
Epoch: 5, Batch: 30, Acc: 26.88%, Loss: 2.0459
Epoch: 5, Batch: 40, Acc: 27.27%, Loss: 2.0289
Epoch: 5, Batch: 50, Acc: 27.62%, Loss: 2.0556
Epoch: 5, Batch: 60, Acc: 27.37%, Loss: 2.0240
Epoch: 5, Batch: 70, Acc: 27.63%, Loss: 2.0109
Epoch: 5, Batch: 80, Acc: 27.87%, Loss: 2.0365
Epoch: 5, Batch: 90, Acc: 28.39%, Loss: 2.0633
Epoch: 5, Batch: 100, Acc: 28.62%, Loss: 2.0619
Epoch: 5, Batch: 110, Acc: 28.97%, Loss: 1.8651
Accuracy on test set: 29.01%
Epoch: 6, Batch: 10, Acc: 32.03%, Loss: 2.0352
Epoch: 6, Batch: 20, Acc: 32.66%, Loss: 1.9627
Epoch: 6, Batch: 30, Acc: 33.85%, Loss: 2.0002
Epoch: 6, Batch: 40, Acc: 33.67%, Loss: 2.0464
Epoch: 6, Batch: 50, Acc: 33.66%, Loss: 1.8875
Epoch: 6, Batch: 60, Acc: 34.22%, Loss: 1.9675
Epoch: 6, Batch: 70, Acc: 34.17%, Loss: 2.1663
Epoch: 6, Batch: 80, Acc: 34.63%, Loss: 1.9423
Epoch: 6, Batch: 90, Acc: 34.77%, Loss: 1.8413
Epoch: 6, Batch: 100, Acc: 34.78%, Loss: 2.1042
Epoch: 6, Batch: 110, Acc: 34.60%, Loss: 1.9573
Accuracy on test set: 35.24%
Epoch: 7, Batch: 10, Acc: 38.28%, Loss: 2.1148
Epoch: 7, Batch: 20, Acc: 39.14%, Loss: 2.0868
Epoch: 7, Batch: 30, Acc: 39.74%, Loss: 1.9934
Epoch: 7, Batch: 40, Acc: 39.30%, Loss: 2.0568
Epoch: 7, Batch: 50, Acc: 40.44%, Loss: 1.9633
Epoch: 7, Batch: 60, Acc: 41.07%, Loss: 1.9641
Epoch: 7, Batch: 70, Acc: 41.09%, Loss: 1.7891
Epoch: 7, Batch: 80, Acc: 41.05%, Loss: 1.9684
Epoch: 7, Batch: 90, Acc: 40.64%, Loss: 2.0260
Epoch: 7, Batch: 100, Acc: 40.56%, Loss: 1.8611
Epoch: 7, Batch: 110, Acc: 40.54%, Loss: 1.8196
Accuracy on test set: 40.35%
Epoch: 8, Batch: 10, Acc: 40.47%, Loss: 2.0961
Epoch: 8, Batch: 20, Acc: 42.97%, Loss: 1.9859
Epoch: 8, Batch: 30, Acc: 42.29%, Loss: 1.8688
Epoch: 8, Batch: 40, Acc: 43.05%, Loss: 1.9801
Epoch: 8, Batch: 50, Acc: 43.03%, Loss: 1.9889
Epoch: 8, Batch: 60, Acc: 43.26%, Loss: 1.8667
Epoch: 8, Batch: 70, Acc: 43.19%, Loss: 1.9419
Epoch: 8, Batch: 80, Acc: 43.57%, Loss: 2.0380
Epoch: 8, Batch: 90, Acc: 44.06%, Loss: 1.9388
Epoch: 8, Batch: 100, Acc: 44.25%, Loss: 2.0478
Epoch: 8, Batch: 110, Acc: 44.59%, Loss: 1.9734
Accuracy on test set: 50.11%
Epoch: 9, Batch: 10, Acc: 47.97%, Loss: 2.0135
Epoch: 9, Batch: 20, Acc: 48.98%, Loss: 1.9353
Epoch: 9, Batch: 30, Acc: 49.53%, Loss: 2.0701
Epoch: 9, Batch: 40, Acc: 50.66%, Loss: 1.9685
Epoch: 9, Batch: 50, Acc: 50.94%, Loss: 2.0158
Epoch: 9, Batch: 60, Acc: 51.51%, Loss: 1.9801
Epoch: 9, Batch: 70, Acc: 52.19%, Loss: 2.0099
Epoch: 9, Batch: 80, Acc: 51.93%, Loss: 1.9508
Epoch: 9, Batch: 90, Acc: 51.48%, Loss: 1.9907
Epoch: 9, Batch: 100, Acc: 51.45%, Loss: 1.8714
Epoch: 9, Batch: 110, Acc: 51.33%, Loss: 1.9983
Accuracy on test set: 57.28%
Epoch: 10, Batch: 10, Acc: 54.22%, Loss: 2.0584
Epoch: 10, Batch: 20, Acc: 55.08%, Loss: 1.9672
Epoch: 10, Batch: 30, Acc: 54.95%, Loss: 1.9595
Epoch: 10, Batch: 40, Acc: 54.88%, Loss: 1.9727
Epoch: 10, Batch: 50, Acc: 54.78%, Loss: 1.9184
Epoch: 10, Batch: 60, Acc: 54.58%, Loss: 2.0438
Epoch: 10, Batch: 70, Acc: 55.13%, Loss: 1.9633
Epoch: 10, Batch: 80, Acc: 54.67%, Loss: 1.9042
Epoch: 10, Batch: 90, Acc: 54.76%, Loss: 1.8953
Epoch: 10, Batch: 100, Acc: 54.56%, Loss: 1.7890
Epoch: 10, Batch: 110, Acc: 54.37%, Loss: 2.0100
Accuracy on test set: 58.36%
  [Run 1 | eps=0.1 | quid | q-detection | GPU 0] Training Time: 3196.42s  Best Acc: 58.36%

  [Run 1 | eps=0.1 | quid | q-detection | GPU 0] Evaluating final model on clean test data...
  Accuracy    : 0.5836
  Loss        : 1.7849
  Precision   : 0.7111
  Recall      : 0.5754
  F1          : 0.6361
  Fpr         : 0.0466
  Fnr         : 0.4246
  Roc_auc     : 0.9324
  Pr_auc      : 0.7323
  Asr         : 17.0000
Metrics saved to eps0.1/qmlp-mnist-quid-run1-layer50_quid_eps0.1_quid_qdetection.csv
  [Run 1 | eps=0.1 | quid | q-detection | GPU 0] Done. Saved → eps0.1/qmlp-mnist-quid-run1-layer50-noiseless-Amplitude_eps0.1_quid_qdetection.pt

====================================================================
 [Run 1 | eps=0.1 | random | none | GPU 0]
====================================================================
  [Run 1 | eps=0.1 | random | none | GPU 0] Stratified subset: 7000 samples (700 per class max, from 60000 total)
  [Run 1 | eps=0.1 | random | none | GPU 0] Poisoned: 700/7000
Epoch: 1, Batch: 10, Acc: 9.06%, Loss: 2.3244
Epoch: 1, Batch: 20, Acc: 10.08%, Loss: 2.2964
Epoch: 1, Batch: 30, Acc: 10.31%, Loss: 2.3003
Epoch: 1, Batch: 40, Acc: 11.02%, Loss: 2.2975
Epoch: 1, Batch: 50, Acc: 12.53%, Loss: 2.2781
Epoch: 1, Batch: 60, Acc: 13.96%, Loss: 2.2724
Epoch: 1, Batch: 70, Acc: 15.38%, Loss: 2.2545
Epoch: 1, Batch: 80, Acc: 16.62%, Loss: 2.2607
Epoch: 1, Batch: 90, Acc: 17.40%, Loss: 2.2630
Epoch: 1, Batch: 100, Acc: 18.20%, Loss: 2.2432
Epoch: 1, Batch: 110, Acc: 18.64%, Loss: 2.2664
Accuracy on test set: 29.95%
Epoch: 2, Batch: 10, Acc: 27.34%, Loss: 2.2260
Epoch: 2, Batch: 20, Acc: 27.27%, Loss: 2.2408
Epoch: 2, Batch: 30, Acc: 28.70%, Loss: 2.2109
Epoch: 2, Batch: 40, Acc: 28.98%, Loss: 2.2096
Epoch: 2, Batch: 50, Acc: 29.09%, Loss: 2.1988
Epoch: 2, Batch: 60, Acc: 29.11%, Loss: 2.1986
Epoch: 2, Batch: 70, Acc: 28.53%, Loss: 2.2087
Epoch: 2, Batch: 80, Acc: 28.59%, Loss: 2.1851
Epoch: 2, Batch: 90, Acc: 28.89%, Loss: 2.1725
Epoch: 2, Batch: 100, Acc: 29.03%, Loss: 2.1811
Epoch: 2, Batch: 110, Acc: 29.24%, Loss: 2.1650
Accuracy on test set: 37.64%
Epoch: 3, Batch: 10, Acc: 34.22%, Loss: 2.1556
Epoch: 3, Batch: 20, Acc: 33.67%, Loss: 2.1562
Epoch: 3, Batch: 30, Acc: 34.32%, Loss: 2.1398
Epoch: 3, Batch: 40, Acc: 34.06%, Loss: 2.1351
Epoch: 3, Batch: 50, Acc: 34.16%, Loss: 2.1294
Epoch: 3, Batch: 60, Acc: 34.95%, Loss: 2.1366
Epoch: 3, Batch: 70, Acc: 35.60%, Loss: 2.1244
Epoch: 3, Batch: 80, Acc: 35.86%, Loss: 2.1198
Epoch: 3, Batch: 90, Acc: 37.05%, Loss: 2.1037
Epoch: 3, Batch: 100, Acc: 37.69%, Loss: 2.0953
Epoch: 3, Batch: 110, Acc: 38.34%, Loss: 2.1156
Accuracy on test set: 52.29%
Epoch: 4, Batch: 10, Acc: 47.50%, Loss: 2.0843
Epoch: 4, Batch: 20, Acc: 45.94%, Loss: 2.1033
Epoch: 4, Batch: 30, Acc: 47.76%, Loss: 2.0724
Epoch: 4, Batch: 40, Acc: 48.28%, Loss: 2.0925
Epoch: 4, Batch: 50, Acc: 48.81%, Loss: 2.0680
Epoch: 4, Batch: 60, Acc: 49.04%, Loss: 2.0881
Epoch: 4, Batch: 70, Acc: 49.89%, Loss: 2.0466
Epoch: 4, Batch: 80, Acc: 50.08%, Loss: 2.0502
Epoch: 4, Batch: 90, Acc: 50.38%, Loss: 2.0281
Epoch: 4, Batch: 100, Acc: 50.58%, Loss: 2.0471
Epoch: 4, Batch: 110, Acc: 50.79%, Loss: 2.0218
Accuracy on test set: 60.85%
Epoch: 5, Batch: 10, Acc: 55.78%, Loss: 2.0448
Epoch: 5, Batch: 20, Acc: 56.02%, Loss: 2.0247
Epoch: 5, Batch: 30, Acc: 56.46%, Loss: 2.0378
Epoch: 5, Batch: 40, Acc: 56.80%, Loss: 2.0057
Epoch: 5, Batch: 50, Acc: 56.72%, Loss: 1.9987
Epoch: 5, Batch: 60, Acc: 56.90%, Loss: 2.0195
Epoch: 5, Batch: 70, Acc: 56.72%, Loss: 2.0218
Epoch: 5, Batch: 80, Acc: 56.68%, Loss: 2.0253
Epoch: 5, Batch: 90, Acc: 57.15%, Loss: 1.9441
Epoch: 5, Batch: 100, Acc: 57.73%, Loss: 1.9592
Epoch: 5, Batch: 110, Acc: 57.69%, Loss: 1.9785
Accuracy on test set: 65.32%
Epoch: 6, Batch: 10, Acc: 61.09%, Loss: 1.9474
Epoch: 6, Batch: 20, Acc: 59.38%, Loss: 1.9796
Epoch: 6, Batch: 30, Acc: 59.06%, Loss: 1.9660
Epoch: 6, Batch: 40, Acc: 59.06%, Loss: 1.9609
Epoch: 6, Batch: 50, Acc: 58.94%, Loss: 1.9709
Epoch: 6, Batch: 60, Acc: 59.09%, Loss: 1.9481
Epoch: 6, Batch: 70, Acc: 59.29%, Loss: 1.9602
Epoch: 6, Batch: 80, Acc: 59.51%, Loss: 1.9155
Epoch: 6, Batch: 90, Acc: 59.79%, Loss: 1.9325
Epoch: 6, Batch: 100, Acc: 59.59%, Loss: 1.9282
Epoch: 6, Batch: 110, Acc: 59.61%, Loss: 1.9659
Accuracy on test set: 67.93%
Epoch: 7, Batch: 10, Acc: 59.84%, Loss: 1.9176
Epoch: 7, Batch: 20, Acc: 60.23%, Loss: 1.9285
Epoch: 7, Batch: 30, Acc: 60.73%, Loss: 1.8991
Epoch: 7, Batch: 40, Acc: 60.74%, Loss: 1.9213
Epoch: 7, Batch: 50, Acc: 61.62%, Loss: 1.8858
Epoch: 7, Batch: 60, Acc: 61.90%, Loss: 1.9012
Epoch: 7, Batch: 70, Acc: 61.58%, Loss: 1.9088
Epoch: 7, Batch: 80, Acc: 61.68%, Loss: 1.8624
Epoch: 7, Batch: 90, Acc: 61.41%, Loss: 1.9030
Epoch: 7, Batch: 100, Acc: 61.08%, Loss: 1.9078
Epoch: 7, Batch: 110, Acc: 61.16%, Loss: 1.8585
Accuracy on test set: 69.46%
Epoch: 8, Batch: 10, Acc: 61.25%, Loss: 1.8750
Epoch: 8, Batch: 20, Acc: 62.81%, Loss: 1.8570
Epoch: 8, Batch: 30, Acc: 62.76%, Loss: 1.8739
Epoch: 8, Batch: 40, Acc: 62.66%, Loss: 1.8724
Epoch: 8, Batch: 50, Acc: 62.78%, Loss: 1.8619
Epoch: 8, Batch: 60, Acc: 62.81%, Loss: 1.8412
Epoch: 8, Batch: 70, Acc: 62.97%, Loss: 1.8410
Epoch: 8, Batch: 80, Acc: 62.93%, Loss: 1.8319
Epoch: 8, Batch: 90, Acc: 62.95%, Loss: 1.8401
Epoch: 8, Batch: 100, Acc: 62.97%, Loss: 1.8243
Epoch: 8, Batch: 110, Acc: 62.91%, Loss: 1.8431
Accuracy on test set: 71.20%
Epoch: 9, Batch: 10, Acc: 65.16%, Loss: 1.8076
Epoch: 9, Batch: 20, Acc: 62.81%, Loss: 1.8605
Epoch: 9, Batch: 30, Acc: 62.50%, Loss: 1.8056
Epoch: 9, Batch: 40, Acc: 62.50%, Loss: 1.8284
Epoch: 9, Batch: 50, Acc: 62.38%, Loss: 1.7953
Epoch: 9, Batch: 60, Acc: 62.68%, Loss: 1.7969
Epoch: 9, Batch: 70, Acc: 63.37%, Loss: 1.7499
Epoch: 9, Batch: 80, Acc: 63.26%, Loss: 1.8395
Epoch: 9, Batch: 90, Acc: 63.28%, Loss: 1.8192
Epoch: 9, Batch: 100, Acc: 63.38%, Loss: 1.7831
Epoch: 9, Batch: 110, Acc: 63.56%, Loss: 1.7805
Accuracy on test set: 72.14%
Epoch: 10, Batch: 10, Acc: 66.88%, Loss: 1.7795
Epoch: 10, Batch: 20, Acc: 65.70%, Loss: 1.7686
Epoch: 10, Batch: 30, Acc: 64.43%, Loss: 1.7792
Epoch: 10, Batch: 40, Acc: 65.20%, Loss: 1.7386
Epoch: 10, Batch: 50, Acc: 65.16%, Loss: 1.7806
Epoch: 10, Batch: 60, Acc: 65.26%, Loss: 1.7641
Epoch: 10, Batch: 70, Acc: 65.07%, Loss: 1.7509
Epoch: 10, Batch: 80, Acc: 64.96%, Loss: 1.7836
Epoch: 10, Batch: 90, Acc: 64.97%, Loss: 1.7650
Epoch: 10, Batch: 100, Acc: 64.89%, Loss: 1.7509
Epoch: 10, Batch: 110, Acc: 64.87%, Loss: 1.7328
Accuracy on test set: 73.22%
  [Run 1 | eps=0.1 | random | none | GPU 0] Training Time: 2005.40s  Best Acc: 73.22%

  [Run 1 | eps=0.1 | random | none | GPU 0] Evaluating final model on clean test data...
  Accuracy    : 0.7322
  Loss        : 1.6337
  Precision   : 0.7405
  Recall      : 0.7246
  F1          : 0.7325
  Fpr         : 0.0298
  Fnr         : 0.2754
  Roc_auc     : 0.9494
  Pr_auc      : 0.7850
  Asr         : 4.1429
Metrics saved to eps0.1/qmlp-mnist-quid-run1-layer50_quid_eps0.1_random_none.csv
  [Run 1 | eps=0.1 | random | none | GPU 0] Done. Saved → eps0.1/qmlp-mnist-quid-run1-layer50-noiseless-Amplitude_eps0.1_random_none.pt

====================================================================
 [Run 1 | eps=0.1 | random | q-detection | GPU 0]
====================================================================
  [Run 1 | eps=0.1 | random | q-detection | GPU 0] Stratified subset: 7000 samples (700 per class max, from 60000 total)
  [Run 1 | eps=0.1 | random | q-detection | GPU 0] Poisoned: 700/7000
  [Run 1 | eps=0.1 | random | q-detection | GPU 0] J matrix: 7000x7000 (392 MB)
Epoch: 1, Batch: 10, Acc: 9.06%, Loss: 2.2893
Epoch: 1, Batch: 20, Acc: 10.00%, Loss: 2.2688
Epoch: 1, Batch: 30, Acc: 9.95%, Loss: 2.2746
Epoch: 1, Batch: 40, Acc: 10.78%, Loss: 2.2668
Epoch: 1, Batch: 50, Acc: 12.41%, Loss: 2.2455
Epoch: 1, Batch: 60, Acc: 14.04%, Loss: 2.2466
Epoch: 1, Batch: 70, Acc: 15.47%, Loss: 2.2265
Epoch: 1, Batch: 80, Acc: 16.84%, Loss: 2.2301
Epoch: 1, Batch: 90, Acc: 17.57%, Loss: 2.2376
Epoch: 1, Batch: 100, Acc: 18.31%, Loss: 2.2188
Epoch: 1, Batch: 110, Acc: 18.61%, Loss: 2.2420
Accuracy on test set: 28.64%
Epoch: 2, Batch: 10, Acc: 25.78%, Loss: 2.1954
Epoch: 2, Batch: 20, Acc: 25.70%, Loss: 2.2136
Epoch: 2, Batch: 30, Acc: 26.93%, Loss: 2.1771
Epoch: 2, Batch: 40, Acc: 27.19%, Loss: 2.1710
Epoch: 2, Batch: 50, Acc: 27.28%, Loss: 2.1489
Epoch: 2, Batch: 60, Acc: 27.40%, Loss: 2.1434
Epoch: 2, Batch: 70, Acc: 26.72%, Loss: 2.1816
Epoch: 2, Batch: 80, Acc: 26.52%, Loss: 2.1327
Epoch: 2, Batch: 90, Acc: 26.70%, Loss: 2.1347
Epoch: 2, Batch: 100, Acc: 26.66%, Loss: 2.1442
Epoch: 2, Batch: 110, Acc: 26.53%, Loss: 2.1147
Accuracy on test set: 29.93%
Epoch: 3, Batch: 10, Acc: 27.97%, Loss: 2.1521
Epoch: 3, Batch: 20, Acc: 27.50%, Loss: 2.0980
Epoch: 3, Batch: 30, Acc: 28.07%, Loss: 2.0944
Epoch: 3, Batch: 40, Acc: 27.34%, Loss: 2.0932
Epoch: 3, Batch: 50, Acc: 26.72%, Loss: 2.0993
Epoch: 3, Batch: 60, Acc: 26.90%, Loss: 2.1097
Epoch: 3, Batch: 70, Acc: 27.01%, Loss: 2.0891
Epoch: 3, Batch: 80, Acc: 26.88%, Loss: 2.1006
Epoch: 3, Batch: 90, Acc: 27.29%, Loss: 2.0281
Epoch: 3, Batch: 100, Acc: 27.38%, Loss: 2.0164
Epoch: 3, Batch: 110, Acc: 27.29%, Loss: 2.0566
Accuracy on test set: 32.58%
Epoch: 4, Batch: 10, Acc: 28.59%, Loss: 2.0501
Epoch: 4, Batch: 20, Acc: 29.06%, Loss: 2.0833
Epoch: 4, Batch: 30, Acc: 30.78%, Loss: 2.1027
Epoch: 4, Batch: 40, Acc: 30.66%, Loss: 2.0537
Epoch: 4, Batch: 50, Acc: 31.25%, Loss: 2.0057
Epoch: 4, Batch: 60, Acc: 31.69%, Loss: 2.0648
Epoch: 4, Batch: 70, Acc: 32.17%, Loss: 2.1360
Epoch: 4, Batch: 80, Acc: 32.60%, Loss: 1.9612
Epoch: 4, Batch: 90, Acc: 33.11%, Loss: 2.0183
Epoch: 4, Batch: 100, Acc: 33.34%, Loss: 2.0607
Epoch: 4, Batch: 110, Acc: 33.64%, Loss: 2.0240
Accuracy on test set: 42.96%
Epoch: 5, Batch: 10, Acc: 39.84%, Loss: 2.0588
Epoch: 5, Batch: 20, Acc: 39.61%, Loss: 2.1090
Epoch: 5, Batch: 30, Acc: 40.36%, Loss: 2.0190
Epoch: 5, Batch: 40, Acc: 41.05%, Loss: 1.9935
Epoch: 5, Batch: 50, Acc: 41.34%, Loss: 1.9770
Epoch: 5, Batch: 60, Acc: 41.15%, Loss: 2.0052
Epoch: 5, Batch: 70, Acc: 41.07%, Loss: 2.1239
Epoch: 5, Batch: 80, Acc: 41.25%, Loss: 2.0226
Epoch: 5, Batch: 90, Acc: 42.36%, Loss: 2.0576
Epoch: 5, Batch: 100, Acc: 43.11%, Loss: 1.8671
Epoch: 5, Batch: 110, Acc: 43.39%, Loss: 2.0614
Accuracy on test set: 53.25%
Epoch: 6, Batch: 10, Acc: 49.69%, Loss: 2.0144
Epoch: 6, Batch: 20, Acc: 48.44%, Loss: 1.9583
Epoch: 6, Batch: 30, Acc: 49.17%, Loss: 2.0010
Epoch: 6, Batch: 40, Acc: 49.06%, Loss: 1.9798
Epoch: 6, Batch: 50, Acc: 49.09%, Loss: 1.9626
Epoch: 6, Batch: 60, Acc: 49.22%, Loss: 1.8808
Epoch: 6, Batch: 70, Acc: 49.11%, Loss: 2.0748
Epoch: 6, Batch: 80, Acc: 49.30%, Loss: 1.9650
Epoch: 6, Batch: 90, Acc: 49.44%, Loss: 2.1247
Epoch: 6, Batch: 100, Acc: 49.72%, Loss: 2.0372
Epoch: 6, Batch: 110, Acc: 49.83%, Loss: 2.0132
Accuracy on test set: 60.34%
Epoch: 7, Batch: 10, Acc: 53.28%, Loss: 1.9387
Epoch: 7, Batch: 20, Acc: 53.44%, Loss: 2.0044
Epoch: 7, Batch: 30, Acc: 54.11%, Loss: 1.9367
Epoch: 7, Batch: 40, Acc: 53.24%, Loss: 2.0330
Epoch: 7, Batch: 50, Acc: 54.06%, Loss: 1.9625
Epoch: 7, Batch: 60, Acc: 54.61%, Loss: 1.9603
Epoch: 7, Batch: 70, Acc: 53.97%, Loss: 1.9696
Epoch: 7, Batch: 80, Acc: 54.14%, Loss: 2.0738
Epoch: 7, Batch: 90, Acc: 54.08%, Loss: 2.0301
Epoch: 7, Batch: 100, Acc: 53.91%, Loss: 2.0040
Epoch: 7, Batch: 110, Acc: 54.26%, Loss: 1.9531
Accuracy on test set: 62.41%
Epoch: 8, Batch: 10, Acc: 53.91%, Loss: 1.9073
Epoch: 8, Batch: 20, Acc: 55.86%, Loss: 1.8875
Epoch: 8, Batch: 30, Acc: 56.61%, Loss: 2.0454
Epoch: 8, Batch: 40, Acc: 56.56%, Loss: 2.0979
Epoch: 8, Batch: 50, Acc: 57.00%, Loss: 1.9674
Epoch: 8, Batch: 60, Acc: 56.85%, Loss: 1.9745
Epoch: 8, Batch: 70, Acc: 56.85%, Loss: 1.8296
Epoch: 8, Batch: 80, Acc: 56.70%, Loss: 1.9683
Epoch: 8, Batch: 90, Acc: 56.67%, Loss: 1.9581
Epoch: 8, Batch: 100, Acc: 56.64%, Loss: 1.9115
Epoch: 8, Batch: 110, Acc: 56.39%, Loss: 2.0132
Accuracy on test set: 62.90%
Epoch: 9, Batch: 10, Acc: 57.66%, Loss: 1.8651
Epoch: 9, Batch: 20, Acc: 56.17%, Loss: 2.0909
Epoch: 9, Batch: 30, Acc: 55.57%, Loss: 1.9979
Epoch: 9, Batch: 40, Acc: 55.66%, Loss: 2.0170
Epoch: 9, Batch: 50, Acc: 56.38%, Loss: 1.9657
Epoch: 9, Batch: 60, Acc: 57.45%, Loss: 1.9607
Epoch: 9, Batch: 70, Acc: 57.88%, Loss: 1.9287
Epoch: 9, Batch: 80, Acc: 57.85%, Loss: 2.0331
Epoch: 9, Batch: 90, Acc: 57.64%, Loss: 1.9161
Epoch: 9, Batch: 100, Acc: 57.41%, Loss: 2.0180
Epoch: 9, Batch: 110, Acc: 57.47%, Loss: 1.8251
Accuracy on test set: 64.36%
Epoch: 10, Batch: 10, Acc: 59.69%, Loss: 1.9697
Epoch: 10, Batch: 20, Acc: 59.53%, Loss: 2.0566
Epoch: 10, Batch: 30, Acc: 59.32%, Loss: 2.0215
Epoch: 10, Batch: 40, Acc: 59.92%, Loss: 2.0420
Epoch: 10, Batch: 50, Acc: 59.62%, Loss: 2.0467
Epoch: 10, Batch: 60, Acc: 59.22%, Loss: 1.9855
Epoch: 10, Batch: 70, Acc: 59.11%, Loss: 1.9383
Epoch: 10, Batch: 80, Acc: 58.48%, Loss: 2.0368
Epoch: 10, Batch: 90, Acc: 58.49%, Loss: 1.8930
Epoch: 10, Batch: 100, Acc: 58.50%, Loss: 1.8795
Epoch: 10, Batch: 110, Acc: 58.41%, Loss: 1.8416
Accuracy on test set: 64.45%
  [Run 1 | eps=0.1 | random | q-detection | GPU 0] Training Time: 3189.39s  Best Acc: 64.45%

  [Run 1 | eps=0.1 | random | q-detection | GPU 0] Evaluating final model on clean test data...
  Accuracy    : 0.6445
  Loss        : 1.7640
  Precision   : 0.7181
  Recall      : 0.6364
  F1          : 0.6748
  Fpr         : 0.0395
  Fnr         : 0.3636
  Roc_auc     : 0.9446
  Pr_auc      : 0.7717
  Asr         : 5.7143
Metrics saved to eps0.1/qmlp-mnist-quid-run1-layer50_quid_eps0.1_random_qdetection.csv
  [Run 1 | eps=0.1 | random | q-detection | GPU 0] Done. Saved → eps0.1/qmlp-mnist-quid-run1-layer50-noiseless-Amplitude_eps0.1_random_qdetection.pt

====================================================================
 [Run 1 | eps=0.3 | quid | none | GPU 0]
====================================================================
  [Run 1 | eps=0.3 | quid | none | GPU 0] Stratified subset: 7000 samples (700 per class max, from 60000 total)
  [QUID] Computing density matrices for 2100 poisoned samples ...
  [QUID] Density matrices done in 2.6s
  [QUID] Assigning adversarial labels ...
  [QUID] Label assignment done in 26.3s
  [QUID] Labels changed: 2095/2100
  [Run 1 | eps=0.3 | quid | none | GPU 0] Poisoned: 2100/7000
Epoch: 1, Batch: 10, Acc: 6.88%, Loss: 2.3039
Epoch: 1, Batch: 20, Acc: 8.12%, Loss: 2.2693
Epoch: 1, Batch: 30, Acc: 8.80%, Loss: 2.2635
Epoch: 1, Batch: 40, Acc: 10.20%, Loss: 2.2604
Epoch: 1, Batch: 50, Acc: 11.91%, Loss: 2.2385
Epoch: 1, Batch: 60, Acc: 14.11%, Loss: 2.2256
Epoch: 1, Batch: 70, Acc: 16.03%, Loss: 2.2233
Epoch: 1, Batch: 80, Acc: 17.75%, Loss: 2.2223
Epoch: 1, Batch: 90, Acc: 19.05%, Loss: 2.2233
Epoch: 1, Batch: 100, Acc: 20.31%, Loss: 2.2000
Epoch: 1, Batch: 110, Acc: 21.44%, Loss: 2.2072
Accuracy on test set: 11.45%
Epoch: 2, Batch: 10, Acc: 28.91%, Loss: 2.1960
Epoch: 2, Batch: 20, Acc: 32.97%, Loss: 2.1607
Epoch: 2, Batch: 30, Acc: 33.12%, Loss: 2.1581
Epoch: 2, Batch: 40, Acc: 33.32%, Loss: 2.1584
Epoch: 2, Batch: 50, Acc: 33.53%, Loss: 2.1358
Epoch: 2, Batch: 60, Acc: 33.52%, Loss: 2.1407
Epoch: 2, Batch: 70, Acc: 33.44%, Loss: 2.1401
Epoch: 2, Batch: 80, Acc: 33.89%, Loss: 2.0969
Epoch: 2, Batch: 90, Acc: 33.91%, Loss: 2.1081
Epoch: 2, Batch: 100, Acc: 33.80%, Loss: 2.1120
Epoch: 2, Batch: 110, Acc: 33.51%, Loss: 2.1135
Accuracy on test set: 11.35%
Epoch: 3, Batch: 10, Acc: 32.34%, Loss: 2.1017
Epoch: 3, Batch: 20, Acc: 33.59%, Loss: 2.0790
Epoch: 3, Batch: 30, Acc: 33.49%, Loss: 2.0782
Epoch: 3, Batch: 40, Acc: 33.95%, Loss: 2.0657
Epoch: 3, Batch: 50, Acc: 33.50%, Loss: 2.0963
Epoch: 3, Batch: 60, Acc: 33.28%, Loss: 2.0756
Epoch: 3, Batch: 70, Acc: 33.42%, Loss: 2.0503
Epoch: 3, Batch: 80, Acc: 33.44%, Loss: 2.0505
Epoch: 3, Batch: 90, Acc: 33.32%, Loss: 2.0573
Epoch: 3, Batch: 100, Acc: 33.36%, Loss: 2.0370
Epoch: 3, Batch: 110, Acc: 33.54%, Loss: 2.0376
Accuracy on test set: 11.35%
Epoch: 4, Batch: 10, Acc: 33.75%, Loss: 2.0276
Epoch: 4, Batch: 20, Acc: 31.72%, Loss: 2.0699
Epoch: 4, Batch: 30, Acc: 32.55%, Loss: 2.0090
Epoch: 4, Batch: 40, Acc: 33.05%, Loss: 2.0132
Epoch: 4, Batch: 50, Acc: 32.97%, Loss: 2.0204
Epoch: 4, Batch: 60, Acc: 33.31%, Loss: 2.0124
Epoch: 4, Batch: 70, Acc: 33.55%, Loss: 1.9976
Epoch: 4, Batch: 80, Acc: 33.61%, Loss: 2.0084
Epoch: 4, Batch: 90, Acc: 33.80%, Loss: 1.9868
Epoch: 4, Batch: 100, Acc: 33.64%, Loss: 2.0176
Epoch: 4, Batch: 110, Acc: 33.54%, Loss: 2.0176
Accuracy on test set: 11.35%
Epoch: 5, Batch: 10, Acc: 32.66%, Loss: 2.0030
Epoch: 5, Batch: 20, Acc: 32.19%, Loss: 2.0213
Epoch: 5, Batch: 30, Acc: 32.81%, Loss: 1.9936
Epoch: 5, Batch: 40, Acc: 32.58%, Loss: 1.9968
Epoch: 5, Batch: 50, Acc: 32.50%, Loss: 1.9861
Epoch: 5, Batch: 60, Acc: 32.92%, Loss: 1.9731
Epoch: 5, Batch: 70, Acc: 32.92%, Loss: 1.9852
Epoch: 5, Batch: 80, Acc: 33.07%, Loss: 1.9660
Epoch: 5, Batch: 90, Acc: 33.37%, Loss: 1.9227
Epoch: 5, Batch: 100, Acc: 33.28%, Loss: 1.9673
Epoch: 5, Batch: 110, Acc: 33.54%, Loss: 1.9189
Accuracy on test set: 11.35%
Epoch: 6, Batch: 10, Acc: 36.56%, Loss: 1.9224
Epoch: 6, Batch: 20, Acc: 35.23%, Loss: 1.9514
Epoch: 6, Batch: 30, Acc: 34.22%, Loss: 1.9583
Epoch: 6, Batch: 40, Acc: 34.30%, Loss: 1.9237
Epoch: 6, Batch: 50, Acc: 33.78%, Loss: 1.9765
Epoch: 6, Batch: 60, Acc: 33.85%, Loss: 1.9285
Epoch: 6, Batch: 70, Acc: 33.44%, Loss: 1.9786
Epoch: 6, Batch: 80, Acc: 33.22%, Loss: 1.9526
Epoch: 6, Batch: 90, Acc: 33.45%, Loss: 1.9097
Epoch: 6, Batch: 100, Acc: 33.30%, Loss: 1.9450
Epoch: 6, Batch: 110, Acc: 33.54%, Loss: 1.9209
Accuracy on test set: 11.35%
Epoch: 7, Batch: 10, Acc: 32.50%, Loss: 1.9377
Epoch: 7, Batch: 20, Acc: 33.75%, Loss: 1.9103
Epoch: 7, Batch: 30, Acc: 33.91%, Loss: 1.9130
Epoch: 7, Batch: 40, Acc: 33.98%, Loss: 1.9115
Epoch: 7, Batch: 50, Acc: 34.38%, Loss: 1.8769
Epoch: 7, Batch: 60, Acc: 34.01%, Loss: 1.9058
Epoch: 7, Batch: 70, Acc: 33.86%, Loss: 1.9144
Epoch: 7, Batch: 80, Acc: 34.10%, Loss: 1.8794
Epoch: 7, Batch: 90, Acc: 33.85%, Loss: 1.9144
Epoch: 7, Batch: 100, Acc: 33.70%, Loss: 1.9349
Epoch: 7, Batch: 110, Acc: 33.56%, Loss: 1.9026
Accuracy on test set: 11.40%
Epoch: 8, Batch: 10, Acc: 35.00%, Loss: 1.8754
Epoch: 8, Batch: 20, Acc: 34.14%, Loss: 1.8671
Epoch: 8, Batch: 30, Acc: 34.27%, Loss: 1.8847
Epoch: 8, Batch: 40, Acc: 34.18%, Loss: 1.8846
Epoch: 8, Batch: 50, Acc: 34.09%, Loss: 1.8756
Epoch: 8, Batch: 60, Acc: 33.65%, Loss: 1.9002
Epoch: 8, Batch: 70, Acc: 33.30%, Loss: 1.9137
Epoch: 8, Batch: 80, Acc: 33.61%, Loss: 1.8393
Epoch: 8, Batch: 90, Acc: 33.06%, Loss: 1.9162
Epoch: 8, Batch: 100, Acc: 33.28%, Loss: 1.8628
Epoch: 8, Batch: 110, Acc: 33.66%, Loss: 1.8395
Accuracy on test set: 11.74%
Epoch: 9, Batch: 10, Acc: 33.28%, Loss: 1.8562
Epoch: 9, Batch: 20, Acc: 31.95%, Loss: 1.8949
Epoch: 9, Batch: 30, Acc: 32.08%, Loss: 1.8519
Epoch: 9, Batch: 40, Acc: 32.85%, Loss: 1.8290
Epoch: 9, Batch: 50, Acc: 33.19%, Loss: 1.8436
Epoch: 9, Batch: 60, Acc: 33.70%, Loss: 1.8261
Epoch: 9, Batch: 70, Acc: 33.55%, Loss: 1.8423
Epoch: 9, Batch: 80, Acc: 33.77%, Loss: 1.8376
Epoch: 9, Batch: 90, Acc: 33.77%, Loss: 1.8657
Epoch: 9, Batch: 100, Acc: 33.69%, Loss: 1.8433
Epoch: 9, Batch: 110, Acc: 33.91%, Loss: 1.8405
Accuracy on test set: 12.42%
Epoch: 10, Batch: 10, Acc: 32.34%, Loss: 1.8330
Epoch: 10, Batch: 20, Acc: 34.30%, Loss: 1.8080
Epoch: 10, Batch: 30, Acc: 34.58%, Loss: 1.8178
Epoch: 10, Batch: 40, Acc: 34.92%, Loss: 1.8024
Epoch: 10, Batch: 50, Acc: 35.06%, Loss: 1.8142
Epoch: 10, Batch: 60, Acc: 34.43%, Loss: 1.8591
Epoch: 10, Batch: 70, Acc: 34.38%, Loss: 1.8051
Epoch: 10, Batch: 80, Acc: 34.26%, Loss: 1.8301
Epoch: 10, Batch: 90, Acc: 34.43%, Loss: 1.8010
Epoch: 10, Batch: 100, Acc: 34.17%, Loss: 1.8385
Epoch: 10, Batch: 110, Acc: 34.30%, Loss: 1.7977
Accuracy on test set: 12.88%
  [Run 1 | eps=0.3 | quid | none | GPU 0] Training Time: 2022.80s  Best Acc: 12.88%

  [Run 1 | eps=0.3 | quid | none | GPU 0] Evaluating final model on clean test data...
  Accuracy    : 0.1288
  Loss        : 1.9424
  Precision   : 0.2115
  Recall      : 0.1156
  F1          : 0.1495
  Fpr         : 0.0983
  Fnr         : 0.8844
  Roc_auc     : 0.9232
  Pr_auc      : 0.7062
  Asr         : 86.0476
Metrics saved to eps0.3/qmlp-mnist-quid-run1-layer50_quid_eps0.3_quid_none.csv
  [Run 1 | eps=0.3 | quid | none | GPU 0] Done. Saved → eps0.3/qmlp-mnist-quid-run1-layer50-noiseless-Amplitude_eps0.3_quid_none.pt

====================================================================
 [Run 1 | eps=0.3 | quid | q-detection | GPU 0]
====================================================================
  [Run 1 | eps=0.3 | quid | q-detection | GPU 0] Stratified subset: 7000 samples (700 per class max, from 60000 total)
  [QUID] Computing density matrices for 2100 poisoned samples ...
  [QUID] Density matrices done in 2.7s
  [QUID] Assigning adversarial labels ...
  [QUID] Label assignment done in 23.9s
  [QUID] Labels changed: 2095/2100
  [Run 1 | eps=0.3 | quid | q-detection | GPU 0] Poisoned: 2100/7000
  [Run 1 | eps=0.3 | quid | q-detection | GPU 0] J matrix: 7000x7000 (392 MB)
Epoch: 1, Batch: 10, Acc: 6.88%, Loss: 2.2751
Epoch: 1, Batch: 20, Acc: 8.05%, Loss: 2.2455
Epoch: 1, Batch: 30, Acc: 8.44%, Loss: 2.2320
Epoch: 1, Batch: 40, Acc: 9.53%, Loss: 2.2368
Epoch: 1, Batch: 50, Acc: 10.97%, Loss: 2.2035
Epoch: 1, Batch: 60, Acc: 12.76%, Loss: 2.1838
Epoch: 1, Batch: 70, Acc: 14.55%, Loss: 2.1872
Epoch: 1, Batch: 80, Acc: 16.35%, Loss: 2.1873
Epoch: 1, Batch: 90, Acc: 17.74%, Loss: 2.1809
Epoch: 1, Batch: 100, Acc: 19.16%, Loss: 2.1613
Epoch: 1, Batch: 110, Acc: 20.37%, Loss: 2.1557
Accuracy on test set: 11.47%
Epoch: 2, Batch: 10, Acc: 28.59%, Loss: 2.1420
Epoch: 2, Batch: 20, Acc: 32.81%, Loss: 2.1166
Epoch: 2, Batch: 30, Acc: 33.07%, Loss: 2.1000
Epoch: 2, Batch: 40, Acc: 33.28%, Loss: 2.1099
Epoch: 2, Batch: 50, Acc: 33.50%, Loss: 2.0702
Epoch: 2, Batch: 60, Acc: 33.49%, Loss: 2.0955
Epoch: 2, Batch: 70, Acc: 33.42%, Loss: 2.0549
Epoch: 2, Batch: 80, Acc: 33.87%, Loss: 2.0202
Epoch: 2, Batch: 90, Acc: 33.89%, Loss: 2.0484
Epoch: 2, Batch: 100, Acc: 33.78%, Loss: 2.0304
Epoch: 2, Batch: 110, Acc: 33.50%, Loss: 2.0261
Accuracy on test set: 11.35%
Epoch: 3, Batch: 10, Acc: 32.34%, Loss: 2.0191
Epoch: 3, Batch: 20, Acc: 33.59%, Loss: 2.0292
Epoch: 3, Batch: 30, Acc: 33.49%, Loss: 2.0234
Epoch: 3, Batch: 40, Acc: 33.95%, Loss: 2.0149
Epoch: 3, Batch: 50, Acc: 33.50%, Loss: 2.0445
Epoch: 3, Batch: 60, Acc: 33.28%, Loss: 2.0075
Epoch: 3, Batch: 70, Acc: 33.42%, Loss: 2.0085
Epoch: 3, Batch: 80, Acc: 33.44%, Loss: 1.9887
Epoch: 3, Batch: 90, Acc: 33.32%, Loss: 2.0213
Epoch: 3, Batch: 100, Acc: 33.36%, Loss: 1.9622
Epoch: 3, Batch: 110, Acc: 33.54%, Loss: 1.9253
Accuracy on test set: 11.35%
Epoch: 4, Batch: 10, Acc: 33.75%, Loss: 2.0175
Epoch: 4, Batch: 20, Acc: 31.72%, Loss: 2.0552
Epoch: 4, Batch: 30, Acc: 32.55%, Loss: 1.9619
Epoch: 4, Batch: 40, Acc: 33.05%, Loss: 2.0334
Epoch: 4, Batch: 50, Acc: 32.97%, Loss: 1.9216
Epoch: 4, Batch: 60, Acc: 33.31%, Loss: 1.9869
Epoch: 4, Batch: 70, Acc: 33.55%, Loss: 1.9722
Epoch: 4, Batch: 80, Acc: 33.61%, Loss: 1.9485
Epoch: 4, Batch: 90, Acc: 33.80%, Loss: 1.9110
Epoch: 4, Batch: 100, Acc: 33.64%, Loss: 1.9726
Epoch: 4, Batch: 110, Acc: 33.54%, Loss: 2.0302
Accuracy on test set: 11.35%
Epoch: 5, Batch: 10, Acc: 32.66%, Loss: 1.9918
Epoch: 5, Batch: 20, Acc: 32.19%, Loss: 2.0981
Epoch: 5, Batch: 30, Acc: 32.81%, Loss: 2.1612
Epoch: 5, Batch: 40, Acc: 32.58%, Loss: 1.9873
Epoch: 5, Batch: 50, Acc: 32.50%, Loss: 1.9667
Epoch: 5, Batch: 60, Acc: 32.92%, Loss: 2.1177
Epoch: 5, Batch: 70, Acc: 32.92%, Loss: 2.1174
Epoch: 5, Batch: 80, Acc: 33.07%, Loss: 1.9449
Epoch: 5, Batch: 90, Acc: 33.37%, Loss: 2.0275
Epoch: 5, Batch: 100, Acc: 33.28%, Loss: 2.0463
Epoch: 5, Batch: 110, Acc: 33.54%, Loss: 2.0005
Accuracy on test set: 11.35%
Epoch: 6, Batch: 10, Acc: 36.56%, Loss: 1.8559
Epoch: 6, Batch: 20, Acc: 35.23%, Loss: 1.9681
Epoch: 6, Batch: 30, Acc: 34.22%, Loss: 2.0193
Epoch: 6, Batch: 40, Acc: 34.30%, Loss: 2.1612
Epoch: 6, Batch: 50, Acc: 33.78%, Loss: 1.9038
Epoch: 6, Batch: 60, Acc: 33.85%, Loss: 1.9353
Epoch: 6, Batch: 70, Acc: 33.44%, Loss: 2.1304
Epoch: 6, Batch: 80, Acc: 33.22%, Loss: 1.9589
Epoch: 6, Batch: 90, Acc: 33.45%, Loss: 2.1136
Epoch: 6, Batch: 100, Acc: 33.30%, Loss: 2.0132
Epoch: 6, Batch: 110, Acc: 33.54%, Loss: 2.0023
Accuracy on test set: 11.35%
Epoch: 7, Batch: 10, Acc: 32.50%, Loss: 1.9431
Epoch: 7, Batch: 20, Acc: 33.75%, Loss: 1.8040
Epoch: 7, Batch: 30, Acc: 33.91%, Loss: 1.8524
Epoch: 7, Batch: 40, Acc: 33.98%, Loss: 2.0252
Epoch: 7, Batch: 50, Acc: 34.38%, Loss: 1.8775
Epoch: 7, Batch: 60, Acc: 34.01%, Loss: 2.0685
Epoch: 7, Batch: 70, Acc: 33.86%, Loss: 1.9716
Epoch: 7, Batch: 80, Acc: 34.10%, Loss: 1.9289
Epoch: 7, Batch: 90, Acc: 33.84%, Loss: 2.1663
Epoch: 7, Batch: 100, Acc: 33.69%, Loss: 1.9321
Epoch: 7, Batch: 110, Acc: 33.54%, Loss: 2.1974
Accuracy on test set: 11.35%
Epoch: 8, Batch: 10, Acc: 35.00%, Loss: 2.2287
Epoch: 8, Batch: 20, Acc: 34.14%, Loss: 2.1872
Epoch: 8, Batch: 30, Acc: 34.17%, Loss: 2.1908
Epoch: 8, Batch: 40, Acc: 34.14%, Loss: 2.0596
Epoch: 8, Batch: 50, Acc: 34.03%, Loss: 2.0969
Epoch: 8, Batch: 60, Acc: 33.65%, Loss: 2.1772
Epoch: 8, Batch: 70, Acc: 33.33%, Loss: 2.0207
Epoch: 8, Batch: 80, Acc: 33.63%, Loss: 1.8744
Epoch: 8, Batch: 90, Acc: 33.07%, Loss: 1.9946
Epoch: 8, Batch: 100, Acc: 33.28%, Loss: 2.0720
Epoch: 8, Batch: 110, Acc: 33.61%, Loss: 2.1661
Accuracy on test set: 11.57%
Epoch: 9, Batch: 10, Acc: 32.97%, Loss: 2.1455
Epoch: 9, Batch: 20, Acc: 31.88%, Loss: 2.1576
Epoch: 9, Batch: 30, Acc: 32.40%, Loss: 1.8862
Epoch: 9, Batch: 40, Acc: 32.93%, Loss: 1.9921
Epoch: 9, Batch: 50, Acc: 33.31%, Loss: 2.0379
Epoch: 9, Batch: 60, Acc: 33.75%, Loss: 2.0670
Epoch: 9, Batch: 70, Acc: 33.62%, Loss: 2.0665
Epoch: 9, Batch: 80, Acc: 33.87%, Loss: 2.0903
Epoch: 9, Batch: 90, Acc: 33.99%, Loss: 2.1405
Epoch: 9, Batch: 100, Acc: 34.11%, Loss: 2.1658
Epoch: 9, Batch: 110, Acc: 34.36%, Loss: 2.1189
Accuracy on test set: 16.00%
Epoch: 10, Batch: 10, Acc: 34.69%, Loss: 2.0959
Epoch: 10, Batch: 20, Acc: 35.78%, Loss: 2.0932
Epoch: 10, Batch: 30, Acc: 36.35%, Loss: 2.1520
Epoch: 10, Batch: 40, Acc: 36.72%, Loss: 2.1400
Epoch: 10, Batch: 50, Acc: 37.06%, Loss: 2.0802
Epoch: 10, Batch: 60, Acc: 36.56%, Loss: 2.0963
Epoch: 10, Batch: 70, Acc: 36.96%, Loss: 2.0458
Epoch: 10, Batch: 80, Acc: 37.03%, Loss: 2.0050
Epoch: 10, Batch: 90, Acc: 37.24%, Loss: 2.1323
Epoch: 10, Batch: 100, Acc: 37.28%, Loss: 2.0915
Epoch: 10, Batch: 110, Acc: 37.51%, Loss: 2.0464
Accuracy on test set: 24.31%
  [Run 1 | eps=0.3 | quid | q-detection | GPU 0] Training Time: 3180.38s  Best Acc: 24.31%

  [Run 1 | eps=0.3 | quid | q-detection | GPU 0] Evaluating final model on clean test data...
  Accuracy    : 0.2431
  Loss        : 1.9743
  Precision   : 0.7612
  Recall      : 0.2297
  F1          : 0.3530
  Fpr         : 0.0854
  Fnr         : 0.7703
  Roc_auc     : 0.9188
  Pr_auc      : 0.6865
  Asr         : 74.8095
Metrics saved to eps0.3/qmlp-mnist-quid-run1-layer50_quid_eps0.3_quid_qdetection.csv
  [Run 1 | eps=0.3 | quid | q-detection | GPU 0] Done. Saved → eps0.3/qmlp-mnist-quid-run1-layer50-noiseless-Amplitude_eps0.3_quid_qdetection.pt

====================================================================
 [Run 1 | eps=0.3 | random | none | GPU 0]
====================================================================
  [Run 1 | eps=0.3 | random | none | GPU 0] Stratified subset: 7000 samples (700 per class max, from 60000 total)
  [Run 1 | eps=0.3 | random | none | GPU 0] Poisoned: 2100/7000
Epoch: 1, Batch: 10, Acc: 9.53%, Loss: 2.3166
Epoch: 1, Batch: 20, Acc: 9.61%, Loss: 2.3061
Epoch: 1, Batch: 30, Acc: 10.21%, Loss: 2.3062
Epoch: 1, Batch: 40, Acc: 11.02%, Loss: 2.2989
Epoch: 1, Batch: 50, Acc: 11.97%, Loss: 2.2977
Epoch: 1, Batch: 60, Acc: 13.02%, Loss: 2.2879
Epoch: 1, Batch: 70, Acc: 13.71%, Loss: 2.2831
Epoch: 1, Batch: 80, Acc: 14.32%, Loss: 2.2737
Epoch: 1, Batch: 90, Acc: 14.57%, Loss: 2.2862
Epoch: 1, Batch: 100, Acc: 15.28%, Loss: 2.2630
Epoch: 1, Batch: 110, Acc: 15.74%, Loss: 2.2845
Accuracy on test set: 29.88%
Epoch: 2, Batch: 10, Acc: 22.66%, Loss: 2.2635
Epoch: 2, Batch: 20, Acc: 22.81%, Loss: 2.2556
Epoch: 2, Batch: 30, Acc: 23.44%, Loss: 2.2441
Epoch: 2, Batch: 40, Acc: 23.28%, Loss: 2.2520
Epoch: 2, Batch: 50, Acc: 23.31%, Loss: 2.2342
Epoch: 2, Batch: 60, Acc: 23.70%, Loss: 2.2387
Epoch: 2, Batch: 70, Acc: 23.42%, Loss: 2.2475
Epoch: 2, Batch: 80, Acc: 23.50%, Loss: 2.2188
Epoch: 2, Batch: 90, Acc: 23.56%, Loss: 2.2243
Epoch: 2, Batch: 100, Acc: 23.73%, Loss: 2.2272
Epoch: 2, Batch: 110, Acc: 23.81%, Loss: 2.2145
Accuracy on test set: 35.94%
Epoch: 3, Batch: 10, Acc: 28.12%, Loss: 2.2023
Epoch: 3, Batch: 20, Acc: 27.50%, Loss: 2.2065
Epoch: 3, Batch: 30, Acc: 28.44%, Loss: 2.1905
Epoch: 3, Batch: 40, Acc: 27.97%, Loss: 2.2009
Epoch: 3, Batch: 50, Acc: 28.06%, Loss: 2.1991
Epoch: 3, Batch: 60, Acc: 28.05%, Loss: 2.2058
Epoch: 3, Batch: 70, Acc: 28.42%, Loss: 2.1908
Epoch: 3, Batch: 80, Acc: 28.44%, Loss: 2.1808
Epoch: 3, Batch: 90, Acc: 28.40%, Loss: 2.1895
Epoch: 3, Batch: 100, Acc: 29.05%, Loss: 2.1615
Epoch: 3, Batch: 110, Acc: 29.44%, Loss: 2.1804
Accuracy on test set: 46.22%
Epoch: 4, Batch: 10, Acc: 35.16%, Loss: 2.1550
Epoch: 4, Batch: 20, Acc: 34.69%, Loss: 2.1803
Epoch: 4, Batch: 30, Acc: 35.31%, Loss: 2.1498
Epoch: 4, Batch: 40, Acc: 35.39%, Loss: 2.1683
Epoch: 4, Batch: 50, Acc: 35.50%, Loss: 2.1626
Epoch: 4, Batch: 60, Acc: 35.49%, Loss: 2.1705
Epoch: 4, Batch: 70, Acc: 36.52%, Loss: 2.1202
Epoch: 4, Batch: 80, Acc: 36.93%, Loss: 2.1306
Epoch: 4, Batch: 90, Acc: 37.01%, Loss: 2.1446
Epoch: 4, Batch: 100, Acc: 37.28%, Loss: 2.1410
Epoch: 4, Batch: 110, Acc: 37.49%, Loss: 2.1324
Accuracy on test set: 58.15%
Epoch: 5, Batch: 10, Acc: 42.50%, Loss: 2.1257
Epoch: 5, Batch: 20, Acc: 41.72%, Loss: 2.1203
Epoch: 5, Batch: 30, Acc: 42.19%, Loss: 2.1278
Epoch: 5, Batch: 40, Acc: 42.30%, Loss: 2.1278
Epoch: 5, Batch: 50, Acc: 42.75%, Loss: 2.1077
Epoch: 5, Batch: 60, Acc: 43.02%, Loss: 2.1319
Epoch: 5, Batch: 70, Acc: 43.17%, Loss: 2.1230
Epoch: 5, Batch: 80, Acc: 42.95%, Loss: 2.1185
Epoch: 5, Batch: 90, Acc: 43.28%, Loss: 2.0862
Epoch: 5, Batch: 100, Acc: 43.84%, Loss: 2.0874
Epoch: 5, Batch: 110, Acc: 44.06%, Loss: 2.1019
Accuracy on test set: 63.49%
Epoch: 6, Batch: 10, Acc: 45.31%, Loss: 2.0884
Epoch: 6, Batch: 20, Acc: 45.39%, Loss: 2.0920
Epoch: 6, Batch: 30, Acc: 46.82%, Loss: 2.0797
Epoch: 6, Batch: 40, Acc: 46.37%, Loss: 2.0919
Epoch: 6, Batch: 50, Acc: 46.19%, Loss: 2.1094
Epoch: 6, Batch: 60, Acc: 46.15%, Loss: 2.0657
Epoch: 6, Batch: 70, Acc: 45.98%, Loss: 2.0900
Epoch: 6, Batch: 80, Acc: 46.07%, Loss: 2.0659
Epoch: 6, Batch: 90, Acc: 46.15%, Loss: 2.0740
Epoch: 6, Batch: 100, Acc: 46.38%, Loss: 2.0630
Epoch: 6, Batch: 110, Acc: 46.49%, Loss: 2.0805
Accuracy on test set: 66.32%
Epoch: 7, Batch: 10, Acc: 47.81%, Loss: 2.0573
Epoch: 7, Batch: 20, Acc: 46.64%, Loss: 2.0920
Epoch: 7, Batch: 30, Acc: 46.61%, Loss: 2.0771
Epoch: 7, Batch: 40, Acc: 47.30%, Loss: 2.0473
Epoch: 7, Batch: 50, Acc: 48.09%, Loss: 2.0483
Epoch: 7, Batch: 60, Acc: 48.70%, Loss: 2.0323
Epoch: 7, Batch: 70, Acc: 48.28%, Loss: 2.0489
Epoch: 7, Batch: 80, Acc: 48.63%, Loss: 2.0059
Epoch: 7, Batch: 90, Acc: 48.66%, Loss: 2.0528
Epoch: 7, Batch: 100, Acc: 48.48%, Loss: 2.0631
Epoch: 7, Batch: 110, Acc: 48.49%, Loss: 2.0275
Accuracy on test set: 67.21%
Epoch: 8, Batch: 10, Acc: 50.47%, Loss: 2.0326
Epoch: 8, Batch: 20, Acc: 48.36%, Loss: 2.0226
Epoch: 8, Batch: 30, Acc: 48.33%, Loss: 2.0292
Epoch: 8, Batch: 40, Acc: 48.24%, Loss: 2.0435
Epoch: 8, Batch: 50, Acc: 48.72%, Loss: 2.0309
Epoch: 8, Batch: 60, Acc: 48.72%, Loss: 2.0319
Epoch: 8, Batch: 70, Acc: 48.91%, Loss: 2.0174
Epoch: 8, Batch: 80, Acc: 48.79%, Loss: 2.0053
Epoch: 8, Batch: 90, Acc: 48.49%, Loss: 2.0182
Epoch: 8, Batch: 100, Acc: 48.41%, Loss: 2.0135
Epoch: 8, Batch: 110, Acc: 48.61%, Loss: 1.9916
Accuracy on test set: 68.35%
Epoch: 9, Batch: 10, Acc: 49.38%, Loss: 2.0055
Epoch: 9, Batch: 20, Acc: 49.84%, Loss: 2.0004
Epoch: 9, Batch: 30, Acc: 49.74%, Loss: 2.0094
Epoch: 9, Batch: 40, Acc: 49.77%, Loss: 2.0012
Epoch: 9, Batch: 50, Acc: 49.97%, Loss: 1.9911
Epoch: 9, Batch: 60, Acc: 50.10%, Loss: 1.9618
Epoch: 9, Batch: 70, Acc: 49.96%, Loss: 2.0002
Epoch: 9, Batch: 80, Acc: 49.61%, Loss: 2.0161
Epoch: 9, Batch: 90, Acc: 49.17%, Loss: 2.0194
Epoch: 9, Batch: 100, Acc: 49.20%, Loss: 1.9555
Epoch: 9, Batch: 110, Acc: 49.11%, Loss: 1.9972
Accuracy on test set: 68.66%
Epoch: 10, Batch: 10, Acc: 51.25%, Loss: 1.9738
Epoch: 10, Batch: 20, Acc: 50.00%, Loss: 1.9817
Epoch: 10, Batch: 30, Acc: 49.53%, Loss: 1.9798
Epoch: 10, Batch: 40, Acc: 49.53%, Loss: 1.9849
Epoch: 10, Batch: 50, Acc: 48.94%, Loss: 2.0128
Epoch: 10, Batch: 60, Acc: 48.88%, Loss: 1.9810
Epoch: 10, Batch: 70, Acc: 48.77%, Loss: 1.9469
Epoch: 10, Batch: 80, Acc: 48.87%, Loss: 1.9750
Epoch: 10, Batch: 90, Acc: 49.27%, Loss: 1.9626
Epoch: 10, Batch: 100, Acc: 49.23%, Loss: 1.9704
Epoch: 10, Batch: 110, Acc: 49.51%, Loss: 1.9237
Accuracy on test set: 69.21%
  [Run 1 | eps=0.3 | random | none | GPU 0] Training Time: 2022.06s  Best Acc: 69.21%

  [Run 1 | eps=0.3 | random | none | GPU 0] Evaluating final model on clean test data...
  Accuracy    : 0.6921
  Loss        : 1.7407
  Precision   : 0.7118
  Recall      : 0.6828
  F1          : 0.6970
  Fpr         : 0.0343
  Fnr         : 0.3172
  Roc_auc     : 0.9338
  Pr_auc      : 0.7322
  Asr         : 4.4286
Metrics saved to eps0.3/qmlp-mnist-quid-run1-layer50_quid_eps0.3_random_none.csv
  [Run 1 | eps=0.3 | random | none | GPU 0] Done. Saved → eps0.3/qmlp-mnist-quid-run1-layer50-noiseless-Amplitude_eps0.3_random_none.pt

====================================================================
 [Run 1 | eps=0.3 | random | q-detection | GPU 0]
====================================================================
  [Run 1 | eps=0.3 | random | q-detection | GPU 0] Stratified subset: 7000 samples (700 per class max, from 60000 total)
  [Run 1 | eps=0.3 | random | q-detection | GPU 0] Poisoned: 2100/7000
  [Run 1 | eps=0.3 | random | q-detection | GPU 0] J matrix: 7000x7000 (392 MB)
Epoch: 1, Batch: 10, Acc: 9.53%, Loss: 2.2787
Epoch: 1, Batch: 20, Acc: 9.53%, Loss: 2.2736
Epoch: 1, Batch: 30, Acc: 10.16%, Loss: 2.2747
Epoch: 1, Batch: 40, Acc: 10.90%, Loss: 2.2735
Epoch: 1, Batch: 50, Acc: 11.81%, Loss: 2.2674
Epoch: 1, Batch: 60, Acc: 12.81%, Loss: 2.2503
Epoch: 1, Batch: 70, Acc: 13.35%, Loss: 2.2499
Epoch: 1, Batch: 80, Acc: 13.89%, Loss: 2.2396
Epoch: 1, Batch: 90, Acc: 13.99%, Loss: 2.2647
Epoch: 1, Batch: 100, Acc: 14.61%, Loss: 2.2282
Epoch: 1, Batch: 110, Acc: 14.91%, Loss: 2.2548
Accuracy on test set: 27.74%
Epoch: 2, Batch: 10, Acc: 20.78%, Loss: 2.2308
Epoch: 2, Batch: 20, Acc: 21.33%, Loss: 2.2228
Epoch: 2, Batch: 30, Acc: 21.82%, Loss: 2.2143
Epoch: 2, Batch: 40, Acc: 21.52%, Loss: 2.2155
Epoch: 2, Batch: 50, Acc: 21.41%, Loss: 2.1982
Epoch: 2, Batch: 60, Acc: 21.74%, Loss: 2.2053
Epoch: 2, Batch: 70, Acc: 21.43%, Loss: 2.2150
Epoch: 2, Batch: 80, Acc: 21.64%, Loss: 2.1804
Epoch: 2, Batch: 90, Acc: 21.55%, Loss: 2.2005
Epoch: 2, Batch: 100, Acc: 21.58%, Loss: 2.1934
Epoch: 2, Batch: 110, Acc: 21.50%, Loss: 2.1637
Accuracy on test set: 29.00%
Epoch: 3, Batch: 10, Acc: 22.81%, Loss: 2.1410
Epoch: 3, Batch: 20, Acc: 22.89%, Loss: 2.1656
Epoch: 3, Batch: 30, Acc: 23.18%, Loss: 2.1547
Epoch: 3, Batch: 40, Acc: 22.73%, Loss: 2.1548
Epoch: 3, Batch: 50, Acc: 22.56%, Loss: 2.1636
Epoch: 3, Batch: 60, Acc: 22.47%, Loss: 2.1805
Epoch: 3, Batch: 70, Acc: 22.41%, Loss: 2.1434
Epoch: 3, Batch: 80, Acc: 22.71%, Loss: 2.1367
Epoch: 3, Batch: 90, Acc: 22.55%, Loss: 2.1656
Epoch: 3, Batch: 100, Acc: 22.66%, Loss: 2.1435
Epoch: 3, Batch: 110, Acc: 22.57%, Loss: 2.1275
Accuracy on test set: 30.13%
Epoch: 4, Batch: 10, Acc: 25.31%, Loss: 2.1977
Epoch: 4, Batch: 20, Acc: 24.61%, Loss: 2.2051
Epoch: 4, Batch: 30, Acc: 25.00%, Loss: 2.1451
Epoch: 4, Batch: 40, Acc: 24.69%, Loss: 2.1674
Epoch: 4, Batch: 50, Acc: 25.00%, Loss: 2.1024
Epoch: 4, Batch: 60, Acc: 24.82%, Loss: 2.1346
Epoch: 4, Batch: 70, Acc: 25.36%, Loss: 2.1065
Epoch: 4, Batch: 80, Acc: 25.27%, Loss: 2.1214
Epoch: 4, Batch: 90, Acc: 25.40%, Loss: 2.1547
Epoch: 4, Batch: 100, Acc: 25.48%, Loss: 2.1678
Epoch: 4, Batch: 110, Acc: 25.69%, Loss: 2.1567
Accuracy on test set: 39.33%
Epoch: 5, Batch: 10, Acc: 29.84%, Loss: 2.1161
Epoch: 5, Batch: 20, Acc: 29.69%, Loss: 2.0847
Epoch: 5, Batch: 30, Acc: 29.27%, Loss: 2.1415
Epoch: 5, Batch: 40, Acc: 29.34%, Loss: 2.1489
Epoch: 5, Batch: 50, Acc: 30.44%, Loss: 2.1329
Epoch: 5, Batch: 60, Acc: 30.65%, Loss: 2.1381
Epoch: 5, Batch: 70, Acc: 30.69%, Loss: 2.1816
Epoch: 5, Batch: 80, Acc: 30.90%, Loss: 2.1682
Epoch: 5, Batch: 90, Acc: 31.56%, Loss: 2.1219
Epoch: 5, Batch: 100, Acc: 32.23%, Loss: 2.0959
Epoch: 5, Batch: 110, Acc: 32.59%, Loss: 2.1814
Accuracy on test set: 52.25%
Epoch: 6, Batch: 10, Acc: 35.62%, Loss: 2.0986
Epoch: 6, Batch: 20, Acc: 37.42%, Loss: 2.1152
Epoch: 6, Batch: 30, Acc: 38.59%, Loss: 2.1832
Epoch: 6, Batch: 40, Acc: 39.26%, Loss: 2.1827
Epoch: 6, Batch: 50, Acc: 38.91%, Loss: 2.0485
Epoch: 6, Batch: 60, Acc: 39.09%, Loss: 2.0656
Epoch: 6, Batch: 70, Acc: 39.00%, Loss: 2.1277
Epoch: 6, Batch: 80, Acc: 39.20%, Loss: 2.1966
Epoch: 6, Batch: 90, Acc: 39.08%, Loss: 2.0693
Epoch: 6, Batch: 100, Acc: 39.39%, Loss: 2.1150
Epoch: 6, Batch: 110, Acc: 39.64%, Loss: 2.1472
Accuracy on test set: 58.94%
Epoch: 7, Batch: 10, Acc: 43.44%, Loss: 2.1032
Epoch: 7, Batch: 20, Acc: 41.33%, Loss: 2.2351
Epoch: 7, Batch: 30, Acc: 42.45%, Loss: 2.1661
Epoch: 7, Batch: 40, Acc: 42.97%, Loss: 2.0884
Epoch: 7, Batch: 50, Acc: 43.88%, Loss: 2.1116
Epoch: 7, Batch: 60, Acc: 44.79%, Loss: 2.0125
Epoch: 7, Batch: 70, Acc: 44.40%, Loss: 2.1572
Epoch: 7, Batch: 80, Acc: 44.98%, Loss: 2.0375
Epoch: 7, Batch: 90, Acc: 44.91%, Loss: 2.1770
Epoch: 7, Batch: 100, Acc: 44.72%, Loss: 2.1194
Epoch: 7, Batch: 110, Acc: 44.90%, Loss: 2.1438
Accuracy on test set: 64.28%
Epoch: 8, Batch: 10, Acc: 46.41%, Loss: 2.0696
Epoch: 8, Batch: 20, Acc: 46.48%, Loss: 2.2026
Epoch: 8, Batch: 30, Acc: 46.67%, Loss: 2.1579
Epoch: 8, Batch: 40, Acc: 46.09%, Loss: 2.1309
Epoch: 8, Batch: 50, Acc: 46.44%, Loss: 2.0817
Epoch: 8, Batch: 60, Acc: 46.30%, Loss: 2.1865
Epoch: 8, Batch: 70, Acc: 46.41%, Loss: 2.1126
Epoch: 8, Batch: 80, Acc: 46.29%, Loss: 2.0081
Epoch: 8, Batch: 90, Acc: 45.75%, Loss: 2.1179
Epoch: 8, Batch: 100, Acc: 45.59%, Loss: 2.0485
Epoch: 8, Batch: 110, Acc: 45.50%, Loss: 2.0940
Accuracy on test set: 62.27%
Epoch: 9, Batch: 10, Acc: 45.00%, Loss: 2.0697
Epoch: 9, Batch: 20, Acc: 45.08%, Loss: 2.1681
Epoch: 9, Batch: 30, Acc: 44.58%, Loss: 2.1344
Epoch: 9, Batch: 40, Acc: 45.35%, Loss: 2.0719
Epoch: 9, Batch: 50, Acc: 45.19%, Loss: 2.0631
Epoch: 9, Batch: 60, Acc: 45.52%, Loss: 2.1461
Epoch: 9, Batch: 70, Acc: 44.91%, Loss: 2.1562
Epoch: 9, Batch: 80, Acc: 44.57%, Loss: 2.1426
Epoch: 9, Batch: 90, Acc: 44.25%, Loss: 2.1219
Epoch: 9, Batch: 100, Acc: 44.27%, Loss: 2.0795
Epoch: 9, Batch: 110, Acc: 44.19%, Loss: 2.0611
Accuracy on test set: 60.33%
Epoch: 10, Batch: 10, Acc: 44.53%, Loss: 2.1551
Epoch: 10, Batch: 20, Acc: 42.27%, Loss: 2.1225
Epoch: 10, Batch: 30, Acc: 43.39%, Loss: 2.0785
Epoch: 10, Batch: 40, Acc: 43.71%, Loss: 2.1347
Epoch: 10, Batch: 50, Acc: 43.28%, Loss: 2.2072
Epoch: 10, Batch: 60, Acc: 43.05%, Loss: 2.1269
Epoch: 10, Batch: 70, Acc: 43.24%, Loss: 2.1810
Epoch: 10, Batch: 80, Acc: 42.93%, Loss: 2.1735
Epoch: 10, Batch: 90, Acc: 43.02%, Loss: 2.1179
Epoch: 10, Batch: 100, Acc: 43.14%, Loss: 2.0810
Epoch: 10, Batch: 110, Acc: 43.24%, Loss: 2.1120
Accuracy on test set: 58.85%
  [Run 1 | eps=0.3 | random | q-detection | GPU 0] Training Time: 3199.87s  Best Acc: 64.28%

  [Run 1 | eps=0.3 | random | q-detection | GPU 0] Evaluating final model on clean test data...
  Accuracy    : 0.6428
  Loss        : 1.9508
  Precision   : 0.5866
  Recall      : 0.6326
  F1          : 0.6087
  Fpr         : 0.0398
  Fnr         : 0.3674
  Roc_auc     : 0.9136
  Pr_auc      : 0.6940
  Asr         : 5.1429
Metrics saved to eps0.3/qmlp-mnist-quid-run1-layer50_quid_eps0.3_random_qdetection.csv
  [Run 1 | eps=0.3 | random | q-detection | GPU 0] Done. Saved → eps0.3/qmlp-mnist-quid-run1-layer50-noiseless-Amplitude_eps0.3_random_qdetection.pt

====================================================================
 [Run 1 | eps=0.5 | quid | none | GPU 0]
====================================================================
  [Run 1 | eps=0.5 | quid | none | GPU 0] Stratified subset: 7000 samples (700 per class max, from 60000 total)
  [QUID] Computing density matrices for 3500 poisoned samples ...
  [QUID] Density matrices done in 4.2s
  [QUID] Assigning adversarial labels ...
  [QUID] Label assignment done in 45.5s
  [QUID] Labels changed: 3490/3500
  [Run 1 | eps=0.5 | quid | none | GPU 0] Poisoned: 3500/7000
Epoch: 1, Batch: 10, Acc: 4.53%, Loss: 2.2850
Epoch: 1, Batch: 20, Acc: 5.16%, Loss: 2.2606
Epoch: 1, Batch: 30, Acc: 6.04%, Loss: 2.2516
Epoch: 1, Batch: 40, Acc: 9.22%, Loss: 2.2180
Epoch: 1, Batch: 50, Acc: 13.47%, Loss: 2.2221
Epoch: 1, Batch: 60, Acc: 18.23%, Loss: 2.1970
Epoch: 1, Batch: 70, Acc: 23.06%, Loss: 2.1552
Epoch: 1, Batch: 80, Acc: 26.11%, Loss: 2.1745
Epoch: 1, Batch: 90, Acc: 28.59%, Loss: 2.1601
Epoch: 1, Batch: 100, Acc: 30.73%, Loss: 2.1225
Epoch: 1, Batch: 110, Acc: 32.24%, Loss: 2.1295
Accuracy on test set: 11.35%
Epoch: 2, Batch: 10, Acc: 48.28%, Loss: 2.0962
Epoch: 2, Batch: 20, Acc: 47.89%, Loss: 2.1004
Epoch: 2, Batch: 30, Acc: 48.54%, Loss: 2.0685
Epoch: 2, Batch: 40, Acc: 49.30%, Loss: 2.0431
Epoch: 2, Batch: 50, Acc: 48.34%, Loss: 2.0812
Epoch: 2, Batch: 60, Acc: 48.31%, Loss: 2.0397
Epoch: 2, Batch: 70, Acc: 48.28%, Loss: 2.0380
Epoch: 2, Batch: 80, Acc: 48.38%, Loss: 2.0150
Epoch: 2, Batch: 90, Acc: 48.59%, Loss: 1.9800
Epoch: 2, Batch: 100, Acc: 48.62%, Loss: 1.9901
Epoch: 2, Batch: 110, Acc: 48.71%, Loss: 1.9621
Accuracy on test set: 11.35%
Epoch: 3, Batch: 10, Acc: 45.78%, Loss: 1.9993
Epoch: 3, Batch: 20, Acc: 47.89%, Loss: 1.9390
Epoch: 3, Batch: 30, Acc: 48.54%, Loss: 1.9348
Epoch: 3, Batch: 40, Acc: 48.95%, Loss: 1.9254
Epoch: 3, Batch: 50, Acc: 48.78%, Loss: 1.9402
Epoch: 3, Batch: 60, Acc: 49.11%, Loss: 1.9096
Epoch: 3, Batch: 70, Acc: 49.15%, Loss: 1.9031
Epoch: 3, Batch: 80, Acc: 49.08%, Loss: 1.9164
Epoch: 3, Batch: 90, Acc: 49.22%, Loss: 1.8697
Epoch: 3, Batch: 100, Acc: 48.75%, Loss: 1.9400
Epoch: 3, Batch: 110, Acc: 48.71%, Loss: 1.8978
Accuracy on test set: 11.35%
Epoch: 4, Batch: 10, Acc: 50.62%, Loss: 1.8490
Epoch: 4, Batch: 20, Acc: 48.20%, Loss: 1.9157
Epoch: 4, Batch: 30, Acc: 48.59%, Loss: 1.8534
Epoch: 4, Batch: 40, Acc: 48.95%, Loss: 1.8533
Epoch: 4, Batch: 50, Acc: 49.53%, Loss: 1.8150
Epoch: 4, Batch: 60, Acc: 49.58%, Loss: 1.8405
Epoch: 4, Batch: 70, Acc: 49.31%, Loss: 1.8675
Epoch: 4, Batch: 80, Acc: 48.98%, Loss: 1.8747
Epoch: 4, Batch: 90, Acc: 48.72%, Loss: 1.8644
Epoch: 4, Batch: 100, Acc: 48.66%, Loss: 1.8575
Epoch: 4, Batch: 110, Acc: 48.71%, Loss: 1.8020
Accuracy on test set: 11.35%
Epoch: 5, Batch: 10, Acc: 47.50%, Loss: 1.8466
Epoch: 5, Batch: 20, Acc: 49.22%, Loss: 1.7844
Epoch: 5, Batch: 30, Acc: 48.96%, Loss: 1.8257
Epoch: 5, Batch: 40, Acc: 48.40%, Loss: 1.8488
Epoch: 5, Batch: 50, Acc: 47.50%, Loss: 1.8969
Epoch: 5, Batch: 60, Acc: 47.66%, Loss: 1.8192
Epoch: 5, Batch: 70, Acc: 47.46%, Loss: 1.8692
Epoch: 5, Batch: 80, Acc: 48.09%, Loss: 1.7564
Epoch: 5, Batch: 90, Acc: 48.25%, Loss: 1.7673
Epoch: 5, Batch: 100, Acc: 48.72%, Loss: 1.7315
Epoch: 5, Batch: 110, Acc: 48.71%, Loss: 1.8125
Accuracy on test set: 11.35%
Epoch: 6, Batch: 10, Acc: 47.97%, Loss: 1.8067
Epoch: 6, Batch: 20, Acc: 47.03%, Loss: 1.8334
Epoch: 6, Batch: 30, Acc: 47.03%, Loss: 1.8210
Epoch: 6, Batch: 40, Acc: 47.73%, Loss: 1.7688
Epoch: 6, Batch: 50, Acc: 47.66%, Loss: 1.8171
Epoch: 6, Batch: 60, Acc: 47.99%, Loss: 1.7690
Epoch: 6, Batch: 70, Acc: 48.15%, Loss: 1.7848
Epoch: 6, Batch: 80, Acc: 48.63%, Loss: 1.7207
Epoch: 6, Batch: 90, Acc: 48.72%, Loss: 1.7723
Epoch: 6, Batch: 100, Acc: 48.83%, Loss: 1.7658
Epoch: 6, Batch: 110, Acc: 48.71%, Loss: 1.8105
Accuracy on test set: 11.35%
Epoch: 7, Batch: 10, Acc: 49.84%, Loss: 1.7431
Epoch: 7, Batch: 20, Acc: 49.45%, Loss: 1.7703
Epoch: 7, Batch: 30, Acc: 49.58%, Loss: 1.7513
Epoch: 7, Batch: 40, Acc: 48.83%, Loss: 1.8118
Epoch: 7, Batch: 50, Acc: 48.66%, Loss: 1.7746
Epoch: 7, Batch: 60, Acc: 48.96%, Loss: 1.7310
Epoch: 7, Batch: 70, Acc: 48.73%, Loss: 1.7828
Epoch: 7, Batch: 80, Acc: 48.87%, Loss: 1.7429
Epoch: 7, Batch: 90, Acc: 49.10%, Loss: 1.7186
Epoch: 7, Batch: 100, Acc: 48.67%, Loss: 1.8488
Epoch: 7, Batch: 110, Acc: 48.71%, Loss: 1.7442
Accuracy on test set: 11.35%
Epoch: 8, Batch: 10, Acc: 46.88%, Loss: 1.7876
Epoch: 8, Batch: 20, Acc: 46.41%, Loss: 1.8042
Epoch: 8, Batch: 30, Acc: 46.88%, Loss: 1.7617
Epoch: 8, Batch: 40, Acc: 47.62%, Loss: 1.7400
Epoch: 8, Batch: 50, Acc: 48.09%, Loss: 1.7302
Epoch: 8, Batch: 60, Acc: 47.68%, Loss: 1.7918
Epoch: 8, Batch: 70, Acc: 47.48%, Loss: 1.7844
Epoch: 8, Batch: 80, Acc: 48.07%, Loss: 1.6972
Epoch: 8, Batch: 90, Acc: 48.37%, Loss: 1.7004
Epoch: 8, Batch: 100, Acc: 48.69%, Loss: 1.6893
Epoch: 8, Batch: 110, Acc: 48.71%, Loss: 1.7623
Accuracy on test set: 11.35%
Epoch: 9, Batch: 10, Acc: 47.50%, Loss: 1.7452
Epoch: 9, Batch: 20, Acc: 47.42%, Loss: 1.7580
Epoch: 9, Batch: 30, Acc: 46.56%, Loss: 1.7962
Epoch: 9, Batch: 40, Acc: 47.23%, Loss: 1.7098
Epoch: 9, Batch: 50, Acc: 47.72%, Loss: 1.7333
Epoch: 9, Batch: 60, Acc: 48.23%, Loss: 1.6916
Epoch: 9, Batch: 70, Acc: 48.42%, Loss: 1.6998
Epoch: 9, Batch: 80, Acc: 48.77%, Loss: 1.6875
Epoch: 9, Batch: 90, Acc: 48.73%, Loss: 1.7508
Epoch: 9, Batch: 100, Acc: 48.69%, Loss: 1.7497
Epoch: 9, Batch: 110, Acc: 48.71%, Loss: 1.7215
Accuracy on test set: 11.35%
Epoch: 10, Batch: 10, Acc: 46.72%, Loss: 1.7522
Epoch: 10, Batch: 20, Acc: 48.05%, Loss: 1.7043
Epoch: 10, Batch: 30, Acc: 48.85%, Loss: 1.6809
Epoch: 10, Batch: 40, Acc: 49.22%, Loss: 1.6885
Epoch: 10, Batch: 50, Acc: 48.88%, Loss: 1.7406
Epoch: 10, Batch: 60, Acc: 49.14%, Loss: 1.6921
Epoch: 10, Batch: 70, Acc: 48.93%, Loss: 1.7305
Epoch: 10, Batch: 80, Acc: 48.61%, Loss: 1.7591
Epoch: 10, Batch: 90, Acc: 48.77%, Loss: 1.6843
Epoch: 10, Batch: 100, Acc: 48.83%, Loss: 1.7085
Epoch: 10, Batch: 110, Acc: 48.71%, Loss: 1.7338
Accuracy on test set: 11.35%
  [Run 1 | eps=0.5 | quid | none | GPU 0] Training Time: 2012.11s  Best Acc: 11.35%

  [Run 1 | eps=0.5 | quid | none | GPU 0] Evaluating final model on clean test data...
  Accuracy    : 0.1135
  Loss        : 2.2861
  Precision   : 0.0114
  Recall      : 0.1000
  F1          : 0.0204
  Fpr         : 0.1000
  Fnr         : 0.9000
  Roc_auc     : 0.7373
  Pr_auc      : 0.2431
  Asr         : 87.2286
Metrics saved to eps0.5/qmlp-mnist-quid-run1-layer50_quid_eps0.5_quid_none.csv
  [Run 1 | eps=0.5 | quid | none | GPU 0] Done. Saved → eps0.5/qmlp-mnist-quid-run1-layer50-noiseless-Amplitude_eps0.5_quid_none.pt

====================================================================
 [Run 1 | eps=0.5 | quid | q-detection | GPU 0]
====================================================================
  [Run 1 | eps=0.5 | quid | q-detection | GPU 0] Stratified subset: 7000 samples (700 per class max, from 60000 total)
  [QUID] Computing density matrices for 3500 poisoned samples ...
  [QUID] Density matrices done in 4.3s
  [QUID] Assigning adversarial labels ...
  [QUID] Label assignment done in 46.5s
  [QUID] Labels changed: 3490/3500
  [Run 1 | eps=0.5 | quid | q-detection | GPU 0] Poisoned: 3500/7000
  [Run 1 | eps=0.5 | quid | q-detection | GPU 0] J matrix: 7000x7000 (392 MB)
Epoch: 1, Batch: 10, Acc: 4.53%, Loss: 2.2606
Epoch: 1, Batch: 20, Acc: 5.23%, Loss: 2.2315
Epoch: 1, Batch: 30, Acc: 5.57%, Loss: 2.2161
Epoch: 1, Batch: 40, Acc: 8.36%, Loss: 2.1853
Epoch: 1, Batch: 50, Acc: 11.97%, Loss: 2.1932
Epoch: 1, Batch: 60, Acc: 16.59%, Loss: 2.1619
Epoch: 1, Batch: 70, Acc: 21.56%, Loss: 2.1144
Epoch: 1, Batch: 80, Acc: 24.71%, Loss: 2.1273
Epoch: 1, Batch: 90, Acc: 27.33%, Loss: 2.1218
Epoch: 1, Batch: 100, Acc: 29.59%, Loss: 2.0678
Epoch: 1, Batch: 110, Acc: 31.20%, Loss: 2.0671
Accuracy on test set: 11.35%
Epoch: 2, Batch: 10, Acc: 48.28%, Loss: 2.0448
Epoch: 2, Batch: 20, Acc: 47.89%, Loss: 2.0463
Epoch: 2, Batch: 30, Acc: 48.54%, Loss: 2.0120
Epoch: 2, Batch: 40, Acc: 49.30%, Loss: 1.9943
Epoch: 2, Batch: 50, Acc: 48.34%, Loss: 2.0159
Epoch: 2, Batch: 60, Acc: 48.31%, Loss: 1.9670
Epoch: 2, Batch: 70, Acc: 48.28%, Loss: 1.9738
Epoch: 2, Batch: 80, Acc: 48.38%, Loss: 1.9278
Epoch: 2, Batch: 90, Acc: 48.59%, Loss: 1.9095
Epoch: 2, Batch: 100, Acc: 48.62%, Loss: 1.9146
Epoch: 2, Batch: 110, Acc: 48.71%, Loss: 1.8659
Accuracy on test set: 11.35%
Epoch: 3, Batch: 10, Acc: 45.78%, Loss: 1.9143
Epoch: 3, Batch: 20, Acc: 47.89%, Loss: 1.8565
Epoch: 3, Batch: 30, Acc: 48.54%, Loss: 1.8956
Epoch: 3, Batch: 40, Acc: 48.95%, Loss: 1.8600
Epoch: 3, Batch: 50, Acc: 48.78%, Loss: 1.8433
Epoch: 3, Batch: 60, Acc: 49.11%, Loss: 1.8444
Epoch: 3, Batch: 70, Acc: 49.15%, Loss: 1.8254
Epoch: 3, Batch: 80, Acc: 49.08%, Loss: 1.8467
Epoch: 3, Batch: 90, Acc: 49.22%, Loss: 1.8290
Epoch: 3, Batch: 100, Acc: 48.75%, Loss: 1.8647
Epoch: 3, Batch: 110, Acc: 48.71%, Loss: 1.7850
Accuracy on test set: 11.35%
Epoch: 4, Batch: 10, Acc: 50.62%, Loss: 1.8336
Epoch: 4, Batch: 20, Acc: 48.20%, Loss: 1.8731
Epoch: 4, Batch: 30, Acc: 48.59%, Loss: 1.8743
Epoch: 4, Batch: 40, Acc: 48.95%, Loss: 1.8053
Epoch: 4, Batch: 50, Acc: 49.53%, Loss: 1.7062
Epoch: 4, Batch: 60, Acc: 49.58%, Loss: 1.7585
Epoch: 4, Batch: 70, Acc: 49.31%, Loss: 1.8115
Epoch: 4, Batch: 80, Acc: 48.98%, Loss: 1.8652
Epoch: 4, Batch: 90, Acc: 48.72%, Loss: 1.8244
Epoch: 4, Batch: 100, Acc: 48.66%, Loss: 1.7636
Epoch: 4, Batch: 110, Acc: 48.71%, Loss: 1.5954
Accuracy on test set: 11.35%
Epoch: 5, Batch: 10, Acc: 47.50%, Loss: 1.8850
Epoch: 5, Batch: 20, Acc: 49.22%, Loss: 1.7127
Epoch: 5, Batch: 30, Acc: 48.96%, Loss: 1.7894
Epoch: 5, Batch: 40, Acc: 48.40%, Loss: 1.7911
Epoch: 5, Batch: 50, Acc: 47.50%, Loss: 1.6329
Epoch: 5, Batch: 60, Acc: 47.66%, Loss: 1.8664
Epoch: 5, Batch: 70, Acc: 47.46%, Loss: 1.8392
Epoch: 5, Batch: 80, Acc: 48.09%, Loss: 1.6992
Epoch: 5, Batch: 90, Acc: 48.25%, Loss: 1.7632
Epoch: 5, Batch: 100, Acc: 48.72%, Loss: 1.4716
Epoch: 5, Batch: 110, Acc: 48.71%, Loss: 1.9259
Accuracy on test set: 11.35%
Epoch: 6, Batch: 10, Acc: 47.97%, Loss: 1.6101
Epoch: 6, Batch: 20, Acc: 47.03%, Loss: 1.9626
Epoch: 6, Batch: 30, Acc: 47.03%, Loss: 1.8995
Epoch: 6, Batch: 40, Acc: 47.73%, Loss: 2.0293
Epoch: 6, Batch: 50, Acc: 47.66%, Loss: 1.9598
Epoch: 6, Batch: 60, Acc: 47.99%, Loss: 1.8583
Epoch: 6, Batch: 70, Acc: 48.15%, Loss: 1.9407
Epoch: 6, Batch: 80, Acc: 48.63%, Loss: 1.8379
Epoch: 6, Batch: 90, Acc: 48.72%, Loss: 2.0203
Epoch: 6, Batch: 100, Acc: 48.83%, Loss: 2.1408
Epoch: 6, Batch: 110, Acc: 48.71%, Loss: 1.9413
Accuracy on test set: 11.35%
Epoch: 7, Batch: 10, Acc: 49.84%, Loss: 1.7466
Epoch: 7, Batch: 20, Acc: 49.45%, Loss: 1.6719
Epoch: 7, Batch: 30, Acc: 49.58%, Loss: 2.0628
Epoch: 7, Batch: 40, Acc: 48.83%, Loss: 2.0551
Epoch: 7, Batch: 50, Acc: 48.66%, Loss: 1.8060
Epoch: 7, Batch: 60, Acc: 48.96%, Loss: 1.8976
Epoch: 7, Batch: 70, Acc: 48.73%, Loss: 1.9349
Epoch: 7, Batch: 80, Acc: 48.87%, Loss: 1.9989
Epoch: 7, Batch: 90, Acc: 49.10%, Loss: 1.7579
Epoch: 7, Batch: 100, Acc: 48.67%, Loss: 2.1344
Epoch: 7, Batch: 110, Acc: 48.71%, Loss: 1.8873
Accuracy on test set: 11.35%
Epoch: 8, Batch: 10, Acc: 46.88%, Loss: 2.0502
Epoch: 8, Batch: 20, Acc: 46.41%, Loss: 2.0567
Epoch: 8, Batch: 30, Acc: 46.88%, Loss: 2.3526
Epoch: 8, Batch: 40, Acc: 47.62%, Loss: 1.8203
Epoch: 8, Batch: 50, Acc: 48.09%, Loss: 2.1462
Epoch: 8, Batch: 60, Acc: 47.68%, Loss: 2.1355
Epoch: 8, Batch: 70, Acc: 47.48%, Loss: 2.0024
Epoch: 8, Batch: 80, Acc: 48.07%, Loss: 1.9681
Epoch: 8, Batch: 90, Acc: 48.37%, Loss: 2.1147
Epoch: 8, Batch: 100, Acc: 48.69%, Loss: 1.9128
Epoch: 8, Batch: 110, Acc: 48.71%, Loss: 1.9184
Accuracy on test set: 11.35%
Epoch: 9, Batch: 10, Acc: 47.50%, Loss: 2.0343
Epoch: 9, Batch: 20, Acc: 47.42%, Loss: 1.7267
Epoch: 9, Batch: 30, Acc: 46.56%, Loss: 2.1451
Epoch: 9, Batch: 40, Acc: 47.23%, Loss: 2.2633
Epoch: 9, Batch: 50, Acc: 47.72%, Loss: 2.1293
Epoch: 9, Batch: 60, Acc: 48.23%, Loss: 2.0916
Epoch: 9, Batch: 70, Acc: 48.42%, Loss: 2.0025
Epoch: 9, Batch: 80, Acc: 48.77%, Loss: 2.0323
Epoch: 9, Batch: 90, Acc: 48.73%, Loss: 1.8181
Epoch: 9, Batch: 100, Acc: 48.69%, Loss: 1.8966
Epoch: 9, Batch: 110, Acc: 48.71%, Loss: 2.0300
Accuracy on test set: 11.35%
Epoch: 10, Batch: 10, Acc: 46.72%, Loss: 2.1598
Epoch: 10, Batch: 20, Acc: 48.05%, Loss: 2.1422
Epoch: 10, Batch: 30, Acc: 48.85%, Loss: 2.0946
Epoch: 10, Batch: 40, Acc: 49.22%, Loss: 2.0771
Epoch: 10, Batch: 50, Acc: 48.88%, Loss: 2.0340
Epoch: 10, Batch: 60, Acc: 49.14%, Loss: 1.9910
Epoch: 10, Batch: 70, Acc: 48.93%, Loss: 1.9415
Epoch: 10, Batch: 80, Acc: 48.61%, Loss: 2.3056
Epoch: 10, Batch: 90, Acc: 48.77%, Loss: 2.2953
Epoch: 10, Batch: 100, Acc: 48.83%, Loss: 2.0929
Epoch: 10, Batch: 110, Acc: 48.71%, Loss: 2.2702
Accuracy on test set: 11.35%
  [Run 1 | eps=0.5 | quid | q-detection | GPU 0] Training Time: 3223.93s  Best Acc: 11.35%

  [Run 1 | eps=0.5 | quid | q-detection | GPU 0] Evaluating final model on clean test data...
  Accuracy    : 0.1135
  Loss        : 2.2929
  Precision   : 0.0114
  Recall      : 0.1000
  F1          : 0.0204
  Fpr         : 0.1000
  Fnr         : 0.9000
  Roc_auc     : 0.6970
  Pr_auc      : 0.2180
  Asr         : 87.2000
Metrics saved to eps0.5/qmlp-mnist-quid-run1-layer50_quid_eps0.5_quid_qdetection.csv
  [Run 1 | eps=0.5 | quid | q-detection | GPU 0] Done. Saved → eps0.5/qmlp-mnist-quid-run1-layer50-noiseless-Amplitude_eps0.5_quid_qdetection.pt

====================================================================
 [Run 1 | eps=0.5 | random | none | GPU 0]
====================================================================
  [Run 1 | eps=0.5 | random | none | GPU 0] Stratified subset: 7000 samples (700 per class max, from 60000 total)
  [Run 1 | eps=0.5 | random | none | GPU 0] Poisoned: 3500/7000
Epoch: 1, Batch: 10, Acc: 10.31%, Loss: 2.3210
Epoch: 1, Batch: 20, Acc: 9.69%, Loss: 2.3202
Epoch: 1, Batch: 30, Acc: 9.48%, Loss: 2.3089
Epoch: 1, Batch: 40, Acc: 9.84%, Loss: 2.3019
Epoch: 1, Batch: 50, Acc: 10.47%, Loss: 2.3034
Epoch: 1, Batch: 60, Acc: 11.20%, Loss: 2.2870
Epoch: 1, Batch: 70, Acc: 12.01%, Loss: 2.2920
Epoch: 1, Batch: 80, Acc: 12.21%, Loss: 2.3068
Epoch: 1, Batch: 90, Acc: 12.66%, Loss: 2.2970
Epoch: 1, Batch: 100, Acc: 13.08%, Loss: 2.2888
Epoch: 1, Batch: 110, Acc: 13.27%, Loss: 2.2934
Accuracy on test set: 26.31%
Epoch: 2, Batch: 10, Acc: 17.50%, Loss: 2.2795
Epoch: 2, Batch: 20, Acc: 17.27%, Loss: 2.2921
Epoch: 2, Batch: 30, Acc: 18.07%, Loss: 2.2786
Epoch: 2, Batch: 40, Acc: 18.91%, Loss: 2.2694
Epoch: 2, Batch: 50, Acc: 19.09%, Loss: 2.2692
Epoch: 2, Batch: 60, Acc: 18.75%, Loss: 2.2773
Epoch: 2, Batch: 70, Acc: 18.62%, Loss: 2.2808
Epoch: 2, Batch: 80, Acc: 18.61%, Loss: 2.2683
Epoch: 2, Batch: 90, Acc: 18.70%, Loss: 2.2618
Epoch: 2, Batch: 100, Acc: 18.72%, Loss: 2.2664
Epoch: 2, Batch: 110, Acc: 18.79%, Loss: 2.2558
Accuracy on test set: 33.60%
Epoch: 3, Batch: 10, Acc: 22.03%, Loss: 2.2510
Epoch: 3, Batch: 20, Acc: 20.16%, Loss: 2.2672
Epoch: 3, Batch: 30, Acc: 20.89%, Loss: 2.2460
Epoch: 3, Batch: 40, Acc: 20.43%, Loss: 2.2409
Epoch: 3, Batch: 50, Acc: 20.56%, Loss: 2.2530
Epoch: 3, Batch: 60, Acc: 20.29%, Loss: 2.2593
Epoch: 3, Batch: 70, Acc: 20.38%, Loss: 2.2499
Epoch: 3, Batch: 80, Acc: 20.35%, Loss: 2.2504
Epoch: 3, Batch: 90, Acc: 20.57%, Loss: 2.2358
Epoch: 3, Batch: 100, Acc: 20.64%, Loss: 2.2439
Epoch: 3, Batch: 110, Acc: 20.80%, Loss: 2.2351
Accuracy on test set: 40.62%
Epoch: 4, Batch: 10, Acc: 25.00%, Loss: 2.2288
Epoch: 4, Batch: 20, Acc: 24.30%, Loss: 2.2379
Epoch: 4, Batch: 30, Acc: 25.31%, Loss: 2.2186
Epoch: 4, Batch: 40, Acc: 24.57%, Loss: 2.2377
Epoch: 4, Batch: 50, Acc: 24.75%, Loss: 2.2248
Epoch: 4, Batch: 60, Acc: 24.27%, Loss: 2.2436
Epoch: 4, Batch: 70, Acc: 24.38%, Loss: 2.2333
Epoch: 4, Batch: 80, Acc: 24.75%, Loss: 2.2187
Epoch: 4, Batch: 90, Acc: 25.05%, Loss: 2.2156
Epoch: 4, Batch: 100, Acc: 24.98%, Loss: 2.2258
Epoch: 4, Batch: 110, Acc: 25.17%, Loss: 2.2228
Accuracy on test set: 50.68%
Epoch: 5, Batch: 10, Acc: 28.12%, Loss: 2.2295
Epoch: 5, Batch: 20, Acc: 29.22%, Loss: 2.2009
Epoch: 5, Batch: 30, Acc: 29.38%, Loss: 2.2247
Epoch: 5, Batch: 40, Acc: 29.22%, Loss: 2.2063
Epoch: 5, Batch: 50, Acc: 29.34%, Loss: 2.2198
Epoch: 5, Batch: 60, Acc: 28.98%, Loss: 2.2270
Epoch: 5, Batch: 70, Acc: 28.88%, Loss: 2.2303
Epoch: 5, Batch: 80, Acc: 29.10%, Loss: 2.1929
Epoch: 5, Batch: 90, Acc: 29.53%, Loss: 2.1827
Epoch: 5, Batch: 100, Acc: 29.72%, Loss: 2.2029
Epoch: 5, Batch: 110, Acc: 29.81%, Loss: 2.1929
Accuracy on test set: 57.44%
Epoch: 6, Batch: 10, Acc: 29.69%, Loss: 2.1945
Epoch: 6, Batch: 20, Acc: 30.00%, Loss: 2.2038
Epoch: 6, Batch: 30, Acc: 30.52%, Loss: 2.1975
Epoch: 6, Batch: 40, Acc: 30.94%, Loss: 2.2066
Epoch: 6, Batch: 50, Acc: 31.03%, Loss: 2.1875
Epoch: 6, Batch: 60, Acc: 30.94%, Loss: 2.2139
Epoch: 6, Batch: 70, Acc: 31.29%, Loss: 2.1981
Epoch: 6, Batch: 80, Acc: 31.60%, Loss: 2.1887
Epoch: 6, Batch: 90, Acc: 31.48%, Loss: 2.2090
Epoch: 6, Batch: 100, Acc: 31.81%, Loss: 2.1766
Epoch: 6, Batch: 110, Acc: 32.01%, Loss: 2.1765
Accuracy on test set: 63.05%
Epoch: 7, Batch: 10, Acc: 34.84%, Loss: 2.1648
Epoch: 7, Batch: 20, Acc: 34.45%, Loss: 2.2029
Epoch: 7, Batch: 30, Acc: 34.01%, Loss: 2.2049
Epoch: 7, Batch: 40, Acc: 33.55%, Loss: 2.1756
Epoch: 7, Batch: 50, Acc: 34.34%, Loss: 2.1608
Epoch: 7, Batch: 60, Acc: 34.61%, Loss: 2.1862
Epoch: 7, Batch: 70, Acc: 34.15%, Loss: 2.1801
Epoch: 7, Batch: 80, Acc: 33.96%, Loss: 2.1778
Epoch: 7, Batch: 90, Acc: 33.80%, Loss: 2.1844
Epoch: 7, Batch: 100, Acc: 33.84%, Loss: 2.1820
Epoch: 7, Batch: 110, Acc: 33.81%, Loss: 2.1774
Accuracy on test set: 65.85%
Epoch: 8, Batch: 10, Acc: 33.91%, Loss: 2.1740
Epoch: 8, Batch: 20, Acc: 35.39%, Loss: 2.1522
Epoch: 8, Batch: 30, Acc: 35.05%, Loss: 2.1831
Epoch: 8, Batch: 40, Acc: 34.45%, Loss: 2.1754
Epoch: 8, Batch: 50, Acc: 34.31%, Loss: 2.1850
Epoch: 8, Batch: 60, Acc: 35.00%, Loss: 2.1785
Epoch: 8, Batch: 70, Acc: 34.80%, Loss: 2.1745
Epoch: 8, Batch: 80, Acc: 35.08%, Loss: 2.1414
Epoch: 8, Batch: 90, Acc: 34.84%, Loss: 2.1734
Epoch: 8, Batch: 100, Acc: 34.78%, Loss: 2.1591
Epoch: 8, Batch: 110, Acc: 34.79%, Loss: 2.1691
Accuracy on test set: 66.69%
Epoch: 9, Batch: 10, Acc: 30.94%, Loss: 2.1893
Epoch: 9, Batch: 20, Acc: 33.52%, Loss: 2.1636
Epoch: 9, Batch: 30, Acc: 34.53%, Loss: 2.1434
Epoch: 9, Batch: 40, Acc: 34.61%, Loss: 2.1541
Epoch: 9, Batch: 50, Acc: 35.03%, Loss: 2.1584
Epoch: 9, Batch: 60, Acc: 35.39%, Loss: 2.1422
Epoch: 9, Batch: 70, Acc: 34.82%, Loss: 2.1722
Epoch: 9, Batch: 80, Acc: 35.04%, Loss: 2.1408
Epoch: 9, Batch: 90, Acc: 35.05%, Loss: 2.1701
Epoch: 9, Batch: 100, Acc: 35.23%, Loss: 2.1405
Epoch: 9, Batch: 110, Acc: 35.34%, Loss: 2.1603
Accuracy on test set: 67.50%
Epoch: 10, Batch: 10, Acc: 32.81%, Loss: 2.1628
Epoch: 10, Batch: 20, Acc: 34.14%, Loss: 2.1499
Epoch: 10, Batch: 30, Acc: 34.58%, Loss: 2.1577
Epoch: 10, Batch: 40, Acc: 35.31%, Loss: 2.1452
Epoch: 10, Batch: 50, Acc: 35.38%, Loss: 2.1429
Epoch: 10, Batch: 60, Acc: 35.94%, Loss: 2.1462
Epoch: 10, Batch: 70, Acc: 35.62%, Loss: 2.1425
Epoch: 10, Batch: 80, Acc: 35.55%, Loss: 2.1539
Epoch: 10, Batch: 90, Acc: 35.76%, Loss: 2.1338
Epoch: 10, Batch: 100, Acc: 35.66%, Loss: 2.1431
Epoch: 10, Batch: 110, Acc: 35.66%, Loss: 2.1298
Accuracy on test set: 68.38%
  [Run 1 | eps=0.5 | random | none | GPU 0] Training Time: 2010.77s  Best Acc: 68.38%

  [Run 1 | eps=0.5 | random | none | GPU 0] Evaluating final model on clean test data...
  Accuracy    : 0.6838
  Loss        : 1.8940
  Precision   : 0.7230
  Recall      : 0.6739
  F1          : 0.6976
  Fpr         : 0.0352
  Fnr         : 0.3261
  Roc_auc     : 0.9221
  Pr_auc      : 0.7152
  Asr         : 4.2286
Metrics saved to eps0.5/qmlp-mnist-quid-run1-layer50_quid_eps0.5_random_none.csv
  [Run 1 | eps=0.5 | random | none | GPU 0] Done. Saved → eps0.5/qmlp-mnist-quid-run1-layer50-noiseless-Amplitude_eps0.5_random_none.pt

====================================================================
 [Run 1 | eps=0.5 | random | q-detection | GPU 0]
====================================================================
  [Run 1 | eps=0.5 | random | q-detection | GPU 0] Stratified subset: 7000 samples (700 per class max, from 60000 total)
  [Run 1 | eps=0.5 | random | q-detection | GPU 0] Poisoned: 3500/7000
  [Run 1 | eps=0.5 | random | q-detection | GPU 0] J matrix: 7000x7000 (392 MB)
Epoch: 1, Batch: 10, Acc: 10.31%, Loss: 2.2973
Epoch: 1, Batch: 20, Acc: 9.69%, Loss: 2.2928
Epoch: 1, Batch: 30, Acc: 9.32%, Loss: 2.2820
Epoch: 1, Batch: 40, Acc: 9.61%, Loss: 2.2735
Epoch: 1, Batch: 50, Acc: 10.00%, Loss: 2.2782
Epoch: 1, Batch: 60, Acc: 10.57%, Loss: 2.2495
Epoch: 1, Batch: 70, Acc: 11.43%, Loss: 2.2595
Epoch: 1, Batch: 80, Acc: 11.54%, Loss: 2.2845
Epoch: 1, Batch: 90, Acc: 11.94%, Loss: 2.2683
Epoch: 1, Batch: 100, Acc: 12.25%, Loss: 2.2573
Epoch: 1, Batch: 110, Acc: 12.43%, Loss: 2.2587
Accuracy on test set: 25.72%
Epoch: 2, Batch: 10, Acc: 16.72%, Loss: 2.2563
Epoch: 2, Batch: 20, Acc: 17.19%, Loss: 2.2682
Epoch: 2, Batch: 30, Acc: 18.02%, Loss: 2.2612
Epoch: 2, Batch: 40, Acc: 18.59%, Loss: 2.2316
Epoch: 2, Batch: 50, Acc: 18.69%, Loss: 2.2406
Epoch: 2, Batch: 60, Acc: 18.28%, Loss: 2.2580
Epoch: 2, Batch: 70, Acc: 18.01%, Loss: 2.2595
Epoch: 2, Batch: 80, Acc: 18.05%, Loss: 2.2365
Epoch: 2, Batch: 90, Acc: 18.02%, Loss: 2.2262
Epoch: 2, Batch: 100, Acc: 17.98%, Loss: 2.2474
Epoch: 2, Batch: 110, Acc: 18.07%, Loss: 2.2015
Accuracy on test set: 30.54%
Epoch: 3, Batch: 10, Acc: 21.56%, Loss: 2.2056
Epoch: 3, Batch: 20, Acc: 18.75%, Loss: 2.2598
Epoch: 3, Batch: 30, Acc: 19.27%, Loss: 2.1989
Epoch: 3, Batch: 40, Acc: 18.79%, Loss: 2.2334
Epoch: 3, Batch: 50, Acc: 18.88%, Loss: 2.2226
Epoch: 3, Batch: 60, Acc: 19.06%, Loss: 2.2502
Epoch: 3, Batch: 70, Acc: 18.93%, Loss: 2.2421
Epoch: 3, Batch: 80, Acc: 18.79%, Loss: 2.2304
Epoch: 3, Batch: 90, Acc: 18.66%, Loss: 2.1751
Epoch: 3, Batch: 100, Acc: 18.64%, Loss: 2.2249
Epoch: 3, Batch: 110, Acc: 18.71%, Loss: 2.1728
Accuracy on test set: 30.25%
Epoch: 4, Batch: 10, Acc: 18.75%, Loss: 2.2094
Epoch: 4, Batch: 20, Acc: 19.22%, Loss: 2.2575
Epoch: 4, Batch: 30, Acc: 20.62%, Loss: 2.2194
Epoch: 4, Batch: 40, Acc: 20.04%, Loss: 2.2380
Epoch: 4, Batch: 50, Acc: 19.84%, Loss: 2.2746
Epoch: 4, Batch: 60, Acc: 19.61%, Loss: 2.2581
Epoch: 4, Batch: 70, Acc: 19.55%, Loss: 2.1608
Epoch: 4, Batch: 80, Acc: 19.55%, Loss: 2.1971
Epoch: 4, Batch: 90, Acc: 19.62%, Loss: 2.2283
Epoch: 4, Batch: 100, Acc: 19.64%, Loss: 2.2521
Epoch: 4, Batch: 110, Acc: 19.63%, Loss: 2.2013
Accuracy on test set: 32.82%
Epoch: 5, Batch: 10, Acc: 19.53%, Loss: 2.1886
Epoch: 5, Batch: 20, Acc: 19.84%, Loss: 2.1816
Epoch: 5, Batch: 30, Acc: 19.74%, Loss: 2.1957
Epoch: 5, Batch: 40, Acc: 19.92%, Loss: 2.2238
Epoch: 5, Batch: 50, Acc: 20.00%, Loss: 2.2624
Epoch: 5, Batch: 60, Acc: 19.95%, Loss: 2.2227
Epoch: 5, Batch: 70, Acc: 19.71%, Loss: 2.2499
Epoch: 5, Batch: 80, Acc: 19.96%, Loss: 2.2047
Epoch: 5, Batch: 90, Acc: 20.66%, Loss: 2.2084
Epoch: 5, Batch: 100, Acc: 20.86%, Loss: 2.2597
Epoch: 5, Batch: 110, Acc: 21.09%, Loss: 2.2422
Accuracy on test set: 39.13%
Epoch: 6, Batch: 10, Acc: 22.03%, Loss: 2.2003
Epoch: 6, Batch: 20, Acc: 21.95%, Loss: 2.2045
Epoch: 6, Batch: 30, Acc: 22.34%, Loss: 2.2472
Epoch: 6, Batch: 40, Acc: 22.54%, Loss: 2.2706
Epoch: 6, Batch: 50, Acc: 23.44%, Loss: 2.2629
Epoch: 6, Batch: 60, Acc: 23.80%, Loss: 2.2883
Epoch: 6, Batch: 70, Acc: 24.20%, Loss: 2.2360
Epoch: 6, Batch: 80, Acc: 24.63%, Loss: 2.2374
Epoch: 6, Batch: 90, Acc: 24.93%, Loss: 2.1980
Epoch: 6, Batch: 100, Acc: 25.62%, Loss: 2.2699
Epoch: 6, Batch: 110, Acc: 26.09%, Loss: 2.2522
Accuracy on test set: 57.23%
Epoch: 7, Batch: 10, Acc: 33.12%, Loss: 2.2083
Epoch: 7, Batch: 20, Acc: 32.11%, Loss: 2.2951
Epoch: 7, Batch: 30, Acc: 31.67%, Loss: 2.2433
Epoch: 7, Batch: 40, Acc: 31.33%, Loss: 2.2319
Epoch: 7, Batch: 50, Acc: 32.50%, Loss: 2.1530
Epoch: 7, Batch: 60, Acc: 32.55%, Loss: 2.2425
Epoch: 7, Batch: 70, Acc: 32.21%, Loss: 2.2228
Epoch: 7, Batch: 80, Acc: 31.97%, Loss: 2.2686
Epoch: 7, Batch: 90, Acc: 31.91%, Loss: 2.1954
Epoch: 7, Batch: 100, Acc: 31.70%, Loss: 2.1884
Epoch: 7, Batch: 110, Acc: 31.60%, Loss: 2.2080
Accuracy on test set: 59.42%
Epoch: 8, Batch: 10, Acc: 30.94%, Loss: 2.2257
Epoch: 8, Batch: 20, Acc: 32.50%, Loss: 2.2586
Epoch: 8, Batch: 30, Acc: 32.50%, Loss: 2.1957
Epoch: 8, Batch: 40, Acc: 31.76%, Loss: 2.2581
Epoch: 8, Batch: 50, Acc: 31.34%, Loss: 2.2366
Epoch: 8, Batch: 60, Acc: 31.15%, Loss: 2.2525
Epoch: 8, Batch: 70, Acc: 31.27%, Loss: 2.2162
Epoch: 8, Batch: 80, Acc: 31.43%, Loss: 2.2177
Epoch: 8, Batch: 90, Acc: 31.13%, Loss: 2.2699
Epoch: 8, Batch: 100, Acc: 31.05%, Loss: 2.2220
Epoch: 8, Batch: 110, Acc: 30.73%, Loss: 2.2102
Accuracy on test set: 53.01%
Epoch: 9, Batch: 10, Acc: 25.31%, Loss: 2.2412
Epoch: 9, Batch: 20, Acc: 27.34%, Loss: 2.2727
Epoch: 9, Batch: 30, Acc: 28.59%, Loss: 2.2374
Epoch: 9, Batch: 40, Acc: 29.02%, Loss: 2.2718
Epoch: 9, Batch: 50, Acc: 28.91%, Loss: 2.1840
Epoch: 9, Batch: 60, Acc: 29.53%, Loss: 2.2454
Epoch: 9, Batch: 70, Acc: 29.33%, Loss: 2.2238
Epoch: 9, Batch: 80, Acc: 29.38%, Loss: 2.2417
Epoch: 9, Batch: 90, Acc: 29.13%, Loss: 2.2519
Epoch: 9, Batch: 100, Acc: 29.28%, Loss: 2.2139
Epoch: 9, Batch: 110, Acc: 29.34%, Loss: 2.2000
Accuracy on test set: 52.09%
Epoch: 10, Batch: 10, Acc: 27.50%, Loss: 2.2243
Epoch: 10, Batch: 20, Acc: 28.67%, Loss: 2.2539
Epoch: 10, Batch: 30, Acc: 28.39%, Loss: 2.2554
Epoch: 10, Batch: 40, Acc: 28.40%, Loss: 2.2335
Epoch: 10, Batch: 50, Acc: 28.88%, Loss: 2.2042
Epoch: 10, Batch: 60, Acc: 29.32%, Loss: 2.2396
Epoch: 10, Batch: 70, Acc: 29.08%, Loss: 2.2418
Epoch: 10, Batch: 80, Acc: 29.08%, Loss: 2.2514
Epoch: 10, Batch: 90, Acc: 29.36%, Loss: 2.2203
Epoch: 10, Batch: 100, Acc: 29.55%, Loss: 2.2204
Epoch: 10, Batch: 110, Acc: 29.37%, Loss: 2.2016
Accuracy on test set: 52.60%
  [Run 1 | eps=0.5 | random | q-detection | GPU 0] Training Time: 3193.92s  Best Acc: 59.42%

  [Run 1 | eps=0.5 | random | q-detection | GPU 0] Evaluating final model on clean test data...
  Accuracy    : 0.5942
  Loss        : 2.0460
  Precision   : 0.5781
  Recall      : 0.5827
  F1          : 0.5804
  Fpr         : 0.0452
  Fnr         : 0.4173
  Roc_auc     : 0.8829
  Pr_auc      : 0.6226
  Asr         : 5.7143
Metrics saved to eps0.5/qmlp-mnist-quid-run1-layer50_quid_eps0.5_random_qdetection.csv
  [Run 1 | eps=0.5 | random | q-detection | GPU 0] Done. Saved → eps0.5/qmlp-mnist-quid-run1-layer50-noiseless-Amplitude_eps0.5_random_qdetection.pt

====================================================================
 [Run 2 | eps=0.1 | quid | none | GPU 0]
====================================================================
  [Run 2 | eps=0.1 | quid | none | GPU 0] Stratified subset: 7000 samples (700 per class max, from 60000 total)
  [QUID] Computing density matrices for 700 poisoned samples ...
  [QUID] Density matrices done in 0.8s
  [QUID] Assigning adversarial labels ...
  [QUID] Label assignment done in 8.9s
  [QUID] Labels changed: 698/700
  [Run 2 | eps=0.1 | quid | none | GPU 0] Poisoned: 700/7000
Epoch: 1, Batch: 10, Acc: 9.06%, Loss: 2.3026
Epoch: 1, Batch: 20, Acc: 9.77%, Loss: 2.2898
Epoch: 1, Batch: 30, Acc: 9.95%, Loss: 2.2941
Epoch: 1, Batch: 40, Acc: 11.25%, Loss: 2.2714
Epoch: 1, Batch: 50, Acc: 12.56%, Loss: 2.2669
Epoch: 1, Batch: 60, Acc: 13.10%, Loss: 2.2650
Epoch: 1, Batch: 70, Acc: 13.93%, Loss: 2.2610
Epoch: 1, Batch: 80, Acc: 14.82%, Loss: 2.2393
Epoch: 1, Batch: 90, Acc: 15.07%, Loss: 2.2480
Epoch: 1, Batch: 100, Acc: 15.72%, Loss: 2.2328
Epoch: 1, Batch: 110, Acc: 16.09%, Loss: 2.2199
Accuracy on test set: 18.54%
Epoch: 2, Batch: 10, Acc: 21.25%, Loss: 2.2126
Epoch: 2, Batch: 20, Acc: 20.08%, Loss: 2.2097
Epoch: 2, Batch: 30, Acc: 21.41%, Loss: 2.1806
Epoch: 2, Batch: 40, Acc: 21.33%, Loss: 2.1934
Epoch: 2, Batch: 50, Acc: 21.22%, Loss: 2.1943
Epoch: 2, Batch: 60, Acc: 21.46%, Loss: 2.1721
Epoch: 2, Batch: 70, Acc: 21.16%, Loss: 2.1861
Epoch: 2, Batch: 80, Acc: 20.90%, Loss: 2.1809
Epoch: 2, Batch: 90, Acc: 20.94%, Loss: 2.1497
Epoch: 2, Batch: 100, Acc: 20.83%, Loss: 2.1629
Epoch: 2, Batch: 110, Acc: 20.74%, Loss: 2.1543
Accuracy on test set: 16.26%
Epoch: 3, Batch: 10, Acc: 21.72%, Loss: 2.1343
Epoch: 3, Batch: 20, Acc: 21.64%, Loss: 2.1280
Epoch: 3, Batch: 30, Acc: 21.46%, Loss: 2.1363
Epoch: 3, Batch: 40, Acc: 21.45%, Loss: 2.1375
Epoch: 3, Batch: 50, Acc: 21.25%, Loss: 2.1128
Epoch: 3, Batch: 60, Acc: 21.25%, Loss: 2.1131
Epoch: 3, Batch: 70, Acc: 21.50%, Loss: 2.1015
Epoch: 3, Batch: 80, Acc: 21.52%, Loss: 2.1084
Epoch: 3, Batch: 90, Acc: 21.94%, Loss: 2.0775
Epoch: 3, Batch: 100, Acc: 21.94%, Loss: 2.0607
Epoch: 3, Batch: 110, Acc: 22.17%, Loss: 2.0613
Accuracy on test set: 19.38%
Epoch: 4, Batch: 10, Acc: 26.72%, Loss: 2.0539
Epoch: 4, Batch: 20, Acc: 26.09%, Loss: 2.0660
Epoch: 4, Batch: 30, Acc: 26.25%, Loss: 2.0336
Epoch: 4, Batch: 40, Acc: 26.48%, Loss: 2.0388
Epoch: 4, Batch: 50, Acc: 26.47%, Loss: 2.0446
Epoch: 4, Batch: 60, Acc: 26.22%, Loss: 2.0519
Epoch: 4, Batch: 70, Acc: 26.41%, Loss: 2.0537
Epoch: 4, Batch: 80, Acc: 27.07%, Loss: 2.0202
Epoch: 4, Batch: 90, Acc: 27.08%, Loss: 2.0442
Epoch: 4, Batch: 100, Acc: 27.23%, Loss: 2.0044
Epoch: 4, Batch: 110, Acc: 27.67%, Loss: 2.0147
Accuracy on test set: 27.90%
Epoch: 5, Batch: 10, Acc: 31.88%, Loss: 2.0027
Epoch: 5, Batch: 20, Acc: 31.09%, Loss: 2.0077
Epoch: 5, Batch: 30, Acc: 30.78%, Loss: 2.0115
Epoch: 5, Batch: 40, Acc: 32.46%, Loss: 1.9628
Epoch: 5, Batch: 50, Acc: 32.75%, Loss: 1.9702
Epoch: 5, Batch: 60, Acc: 32.81%, Loss: 1.9723
Epoch: 5, Batch: 70, Acc: 32.75%, Loss: 1.9972
Epoch: 5, Batch: 80, Acc: 33.44%, Loss: 1.9619
Epoch: 5, Batch: 90, Acc: 33.89%, Loss: 1.9470
Epoch: 5, Batch: 100, Acc: 33.98%, Loss: 1.9775
Epoch: 5, Batch: 110, Acc: 34.17%, Loss: 1.9569
Accuracy on test set: 36.39%
Epoch: 6, Batch: 10, Acc: 34.84%, Loss: 1.9689
Epoch: 6, Batch: 20, Acc: 36.72%, Loss: 1.9388
Epoch: 6, Batch: 30, Acc: 37.55%, Loss: 1.9167
Epoch: 6, Batch: 40, Acc: 38.09%, Loss: 1.9293
Epoch: 6, Batch: 50, Acc: 39.00%, Loss: 1.9334
Epoch: 6, Batch: 60, Acc: 38.78%, Loss: 1.9360
Epoch: 6, Batch: 70, Acc: 39.08%, Loss: 1.9285
Epoch: 6, Batch: 80, Acc: 39.45%, Loss: 1.9089
Epoch: 6, Batch: 90, Acc: 39.91%, Loss: 1.9283
Epoch: 6, Batch: 100, Acc: 40.31%, Loss: 1.8832
Epoch: 6, Batch: 110, Acc: 40.63%, Loss: 1.8930
Accuracy on test set: 43.15%
Epoch: 7, Batch: 10, Acc: 44.84%, Loss: 1.9053
Epoch: 7, Batch: 20, Acc: 45.94%, Loss: 1.8709
Epoch: 7, Batch: 30, Acc: 45.68%, Loss: 1.8896
Epoch: 7, Batch: 40, Acc: 44.73%, Loss: 1.8799
Epoch: 7, Batch: 50, Acc: 45.56%, Loss: 1.8481
Epoch: 7, Batch: 60, Acc: 45.31%, Loss: 1.8975
Epoch: 7, Batch: 70, Acc: 45.22%, Loss: 1.8976
Epoch: 7, Batch: 80, Acc: 45.16%, Loss: 1.8824
Epoch: 7, Batch: 90, Acc: 45.54%, Loss: 1.8484
Epoch: 7, Batch: 100, Acc: 45.91%, Loss: 1.8499
Epoch: 7, Batch: 110, Acc: 45.90%, Loss: 1.8500
Accuracy on test set: 49.32%
Epoch: 8, Batch: 10, Acc: 48.12%, Loss: 1.8696
Epoch: 8, Batch: 20, Acc: 47.27%, Loss: 1.8353
Epoch: 8, Batch: 30, Acc: 48.59%, Loss: 1.8402
Epoch: 8, Batch: 40, Acc: 48.83%, Loss: 1.8194
Epoch: 8, Batch: 50, Acc: 49.38%, Loss: 1.8324
Epoch: 8, Batch: 60, Acc: 49.64%, Loss: 1.8150
Epoch: 8, Batch: 70, Acc: 49.69%, Loss: 1.8272
Epoch: 8, Batch: 80, Acc: 49.96%, Loss: 1.8088
Epoch: 8, Batch: 90, Acc: 50.21%, Loss: 1.8177
Epoch: 8, Batch: 100, Acc: 50.06%, Loss: 1.8566
Epoch: 8, Batch: 110, Acc: 50.44%, Loss: 1.7815
Accuracy on test set: 54.79%
Epoch: 9, Batch: 10, Acc: 56.09%, Loss: 1.7810
Epoch: 9, Batch: 20, Acc: 55.00%, Loss: 1.7932
Epoch: 9, Batch: 30, Acc: 53.75%, Loss: 1.8027
Epoch: 9, Batch: 40, Acc: 53.12%, Loss: 1.8080
Epoch: 9, Batch: 50, Acc: 54.16%, Loss: 1.7268
Epoch: 9, Batch: 60, Acc: 53.98%, Loss: 1.8046
Epoch: 9, Batch: 70, Acc: 53.91%, Loss: 1.7884
Epoch: 9, Batch: 80, Acc: 53.96%, Loss: 1.7876
Epoch: 9, Batch: 90, Acc: 54.08%, Loss: 1.7924
Epoch: 9, Batch: 100, Acc: 54.09%, Loss: 1.7599
Epoch: 9, Batch: 110, Acc: 54.26%, Loss: 1.7786
Accuracy on test set: 58.34%
Epoch: 10, Batch: 10, Acc: 55.94%, Loss: 1.7617
Epoch: 10, Batch: 20, Acc: 57.19%, Loss: 1.7344
Epoch: 10, Batch: 30, Acc: 56.82%, Loss: 1.7688
Epoch: 10, Batch: 40, Acc: 56.60%, Loss: 1.7213
Epoch: 10, Batch: 50, Acc: 56.47%, Loss: 1.7241
Epoch: 10, Batch: 60, Acc: 56.25%, Loss: 1.7381
Epoch: 10, Batch: 70, Acc: 56.36%, Loss: 1.7237
Epoch: 10, Batch: 80, Acc: 56.52%, Loss: 1.7368
Epoch: 10, Batch: 90, Acc: 56.68%, Loss: 1.7445
Epoch: 10, Batch: 100, Acc: 56.45%, Loss: 1.7679
Epoch: 10, Batch: 110, Acc: 56.24%, Loss: 1.7545
Accuracy on test set: 63.03%
  [Run 2 | eps=0.1 | quid | none | GPU 0] Training Time: 2037.12s  Best Acc: 63.03%

  [Run 2 | eps=0.1 | quid | none | GPU 0] Evaluating final model on clean test data...
  Accuracy    : 0.6303
  Loss        : 1.6595
  Precision   : 0.7824
  Recall      : 0.6239
  F1          : 0.6942
  Fpr         : 0.0415
  Fnr         : 0.3761
  Roc_auc     : 0.9356
  Pr_auc      : 0.7377
  Asr         : 28.7143
Metrics saved to eps0.1/qmlp-mnist-quid-run2-layer50_quid_eps0.1_quid_none.csv
  [Run 2 | eps=0.1 | quid | none | GPU 0] Done. Saved → eps0.1/qmlp-mnist-quid-run2-layer50-noiseless-Amplitude_eps0.1_quid_none.pt

====================================================================
 [Run 2 | eps=0.1 | quid | q-detection | GPU 0]
====================================================================
  [Run 2 | eps=0.1 | quid | q-detection | GPU 0] Stratified subset: 7000 samples (700 per class max, from 60000 total)
  [QUID] Computing density matrices for 700 poisoned samples ...
  [QUID] Density matrices done in 1.0s
  [QUID] Assigning adversarial labels ...
  [QUID] Label assignment done in 9.2s
  [QUID] Labels changed: 698/700
  [Run 2 | eps=0.1 | quid | q-detection | GPU 0] Poisoned: 700/7000
  [Run 2 | eps=0.1 | quid | q-detection | GPU 0] J matrix: 7000x7000 (392 MB)
Epoch: 1, Batch: 10, Acc: 9.06%, Loss: 2.2665
Epoch: 1, Batch: 20, Acc: 9.69%, Loss: 2.2546
Epoch: 1, Batch: 30, Acc: 9.90%, Loss: 2.2666
Epoch: 1, Batch: 40, Acc: 11.09%, Loss: 2.2348
Epoch: 1, Batch: 50, Acc: 12.34%, Loss: 2.2419
Epoch: 1, Batch: 60, Acc: 12.92%, Loss: 2.2348
Epoch: 1, Batch: 70, Acc: 13.68%, Loss: 2.2337
Epoch: 1, Batch: 80, Acc: 14.51%, Loss: 2.2002
Epoch: 1, Batch: 90, Acc: 14.72%, Loss: 2.2244
Epoch: 1, Batch: 100, Acc: 15.19%, Loss: 2.2034
Epoch: 1, Batch: 110, Acc: 15.59%, Loss: 2.1833
Accuracy on test set: 19.81%
Epoch: 2, Batch: 10, Acc: 21.25%, Loss: 2.1875
Epoch: 2, Batch: 20, Acc: 20.31%, Loss: 2.1820
Epoch: 2, Batch: 30, Acc: 21.30%, Loss: 2.1307
Epoch: 2, Batch: 40, Acc: 21.52%, Loss: 2.1713
Epoch: 2, Batch: 50, Acc: 21.22%, Loss: 2.1648
Epoch: 2, Batch: 60, Acc: 21.54%, Loss: 2.1225
Epoch: 2, Batch: 70, Acc: 20.92%, Loss: 2.1539
Epoch: 2, Batch: 80, Acc: 20.57%, Loss: 2.1392
Epoch: 2, Batch: 90, Acc: 20.56%, Loss: 2.0953
Epoch: 2, Batch: 100, Acc: 20.28%, Loss: 2.1079
Epoch: 2, Batch: 110, Acc: 20.24%, Loss: 2.0870
Accuracy on test set: 14.16%
Epoch: 3, Batch: 10, Acc: 18.91%, Loss: 2.1222
Epoch: 3, Batch: 20, Acc: 19.06%, Loss: 2.1150
Epoch: 3, Batch: 30, Acc: 19.38%, Loss: 2.0985
Epoch: 3, Batch: 40, Acc: 19.53%, Loss: 2.1265
Epoch: 3, Batch: 50, Acc: 19.47%, Loss: 2.0606
Epoch: 3, Batch: 60, Acc: 19.19%, Loss: 2.0901
Epoch: 3, Batch: 70, Acc: 19.22%, Loss: 2.0430
Epoch: 3, Batch: 80, Acc: 19.12%, Loss: 2.0530
Epoch: 3, Batch: 90, Acc: 19.44%, Loss: 2.0470
Epoch: 3, Batch: 100, Acc: 19.55%, Loss: 1.9800
Epoch: 3, Batch: 110, Acc: 19.59%, Loss: 2.0163
Accuracy on test set: 13.59%
Epoch: 4, Batch: 10, Acc: 20.62%, Loss: 2.0910
Epoch: 4, Batch: 20, Acc: 20.55%, Loss: 2.1345
Epoch: 4, Batch: 30, Acc: 20.94%, Loss: 2.0722
Epoch: 4, Batch: 40, Acc: 21.09%, Loss: 2.0254
Epoch: 4, Batch: 50, Acc: 20.59%, Loss: 2.0188
Epoch: 4, Batch: 60, Acc: 20.47%, Loss: 2.0790
Epoch: 4, Batch: 70, Acc: 20.02%, Loss: 2.0442
Epoch: 4, Batch: 80, Acc: 20.14%, Loss: 2.0188
Epoch: 4, Batch: 90, Acc: 20.05%, Loss: 2.0238
Epoch: 4, Batch: 100, Acc: 20.22%, Loss: 2.0408
Epoch: 4, Batch: 110, Acc: 20.56%, Loss: 1.9892
Accuracy on test set: 17.73%
Epoch: 5, Batch: 10, Acc: 25.47%, Loss: 1.9718
Epoch: 5, Batch: 20, Acc: 23.52%, Loss: 2.0156
Epoch: 5, Batch: 30, Acc: 22.55%, Loss: 2.0700
Epoch: 5, Batch: 40, Acc: 23.40%, Loss: 2.0110
Epoch: 5, Batch: 50, Acc: 23.88%, Loss: 2.0720
Epoch: 5, Batch: 60, Acc: 24.14%, Loss: 2.1232
Epoch: 5, Batch: 70, Acc: 24.51%, Loss: 1.9826
Epoch: 5, Batch: 80, Acc: 25.06%, Loss: 1.9311
Epoch: 5, Batch: 90, Acc: 25.56%, Loss: 1.9700
Epoch: 5, Batch: 100, Acc: 25.67%, Loss: 2.0543
Epoch: 5, Batch: 110, Acc: 25.87%, Loss: 2.0578
Accuracy on test set: 26.90%
Epoch: 6, Batch: 10, Acc: 28.59%, Loss: 1.9487
Epoch: 6, Batch: 20, Acc: 29.45%, Loss: 1.9244
Epoch: 6, Batch: 30, Acc: 30.10%, Loss: 2.0508
Epoch: 6, Batch: 40, Acc: 30.39%, Loss: 1.7639
Epoch: 6, Batch: 50, Acc: 30.72%, Loss: 1.9721
Epoch: 6, Batch: 60, Acc: 30.70%, Loss: 2.0544
Epoch: 6, Batch: 70, Acc: 30.98%, Loss: 1.9539
Epoch: 6, Batch: 80, Acc: 31.66%, Loss: 2.0385
Epoch: 6, Batch: 90, Acc: 32.33%, Loss: 1.9783
Epoch: 6, Batch: 100, Acc: 32.95%, Loss: 1.9414
Epoch: 6, Batch: 110, Acc: 33.43%, Loss: 1.8582
Accuracy on test set: 34.26%
Epoch: 7, Batch: 10, Acc: 35.94%, Loss: 1.8594
Epoch: 7, Batch: 20, Acc: 36.48%, Loss: 1.9801
Epoch: 7, Batch: 30, Acc: 36.30%, Loss: 1.9062
Epoch: 7, Batch: 40, Acc: 36.60%, Loss: 2.0193
Epoch: 7, Batch: 50, Acc: 37.75%, Loss: 1.9522
Epoch: 7, Batch: 60, Acc: 37.84%, Loss: 2.0607
Epoch: 7, Batch: 70, Acc: 37.97%, Loss: 2.0476
Epoch: 7, Batch: 80, Acc: 38.44%, Loss: 1.9034
Epoch: 7, Batch: 90, Acc: 39.05%, Loss: 1.8757
Epoch: 7, Batch: 100, Acc: 39.42%, Loss: 1.9881
Epoch: 7, Batch: 110, Acc: 39.51%, Loss: 1.9005
Accuracy on test set: 43.47%
Epoch: 8, Batch: 10, Acc: 39.84%, Loss: 2.0165
Epoch: 8, Batch: 20, Acc: 41.33%, Loss: 1.9483
Epoch: 8, Batch: 30, Acc: 43.39%, Loss: 2.0015
Epoch: 8, Batch: 40, Acc: 44.84%, Loss: 1.9838
Epoch: 8, Batch: 50, Acc: 45.53%, Loss: 1.9998
Epoch: 8, Batch: 60, Acc: 46.41%, Loss: 2.0529
Epoch: 8, Batch: 70, Acc: 46.79%, Loss: 1.9481
Epoch: 8, Batch: 80, Acc: 47.17%, Loss: 1.8679
Epoch: 8, Batch: 90, Acc: 47.31%, Loss: 1.9615
Epoch: 8, Batch: 100, Acc: 47.22%, Loss: 2.0888
Epoch: 8, Batch: 110, Acc: 47.74%, Loss: 2.0186
Accuracy on test set: 54.76%
Epoch: 9, Batch: 10, Acc: 55.16%, Loss: 1.9024
Epoch: 9, Batch: 20, Acc: 53.36%, Loss: 1.9328
Epoch: 9, Batch: 30, Acc: 52.81%, Loss: 1.9236
Epoch: 9, Batch: 40, Acc: 52.19%, Loss: 1.9679
Epoch: 9, Batch: 50, Acc: 53.06%, Loss: 1.9282
Epoch: 9, Batch: 60, Acc: 52.66%, Loss: 1.9219
Epoch: 9, Batch: 70, Acc: 52.66%, Loss: 2.0234
Epoch: 9, Batch: 80, Acc: 53.03%, Loss: 1.9589
Epoch: 9, Batch: 90, Acc: 53.45%, Loss: 1.8698
Epoch: 9, Batch: 100, Acc: 53.28%, Loss: 1.8877
Epoch: 9, Batch: 110, Acc: 53.40%, Loss: 1.8935
Accuracy on test set: 57.28%
Epoch: 10, Batch: 10, Acc: 56.41%, Loss: 2.0038
Epoch: 10, Batch: 20, Acc: 57.97%, Loss: 1.8728
Epoch: 10, Batch: 30, Acc: 56.30%, Loss: 1.8478
Epoch: 10, Batch: 40, Acc: 56.21%, Loss: 2.0414
Epoch: 10, Batch: 50, Acc: 56.00%, Loss: 1.8765
Epoch: 10, Batch: 60, Acc: 55.94%, Loss: 1.7323
Epoch: 10, Batch: 70, Acc: 55.33%, Loss: 1.8251
Epoch: 10, Batch: 80, Acc: 55.61%, Loss: 1.9457
Epoch: 10, Batch: 90, Acc: 55.43%, Loss: 2.0265
Epoch: 10, Batch: 100, Acc: 55.41%, Loss: 1.9645
Epoch: 10, Batch: 110, Acc: 55.54%, Loss: 1.9451
Accuracy on test set: 62.87%
  [Run 2 | eps=0.1 | quid | q-detection | GPU 0] Training Time: 3218.03s  Best Acc: 62.87%

  [Run 2 | eps=0.1 | quid | q-detection | GPU 0] Evaluating final model on clean test data...
  Accuracy    : 0.6287
  Loss        : 1.7654
  Precision   : 0.7025
  Recall      : 0.6231
  F1          : 0.6605
  Fpr         : 0.0414
  Fnr         : 0.3769
  Roc_auc     : 0.9247
  Pr_auc      : 0.6969
  Asr         : 16.0000
Metrics saved to eps0.1/qmlp-mnist-quid-run2-layer50_quid_eps0.1_quid_qdetection.csv
  [Run 2 | eps=0.1 | quid | q-detection | GPU 0] Done. Saved → eps0.1/qmlp-mnist-quid-run2-layer50-noiseless-Amplitude_eps0.1_quid_qdetection.pt

====================================================================
 [Run 2 | eps=0.1 | random | none | GPU 0]
====================================================================
  [Run 2 | eps=0.1 | random | none | GPU 0] Stratified subset: 7000 samples (700 per class max, from 60000 total)
  [Run 2 | eps=0.1 | random | none | GPU 0] Poisoned: 700/7000
Epoch: 1, Batch: 10, Acc: 9.53%, Loss: 2.3087
Epoch: 1, Batch: 20, Acc: 10.08%, Loss: 2.3067
Epoch: 1, Batch: 30, Acc: 10.42%, Loss: 2.3063
Epoch: 1, Batch: 40, Acc: 11.52%, Loss: 2.2853
Epoch: 1, Batch: 50, Acc: 12.94%, Loss: 2.2772
Epoch: 1, Batch: 60, Acc: 13.49%, Loss: 2.2694
Epoch: 1, Batch: 70, Acc: 13.93%, Loss: 2.2745
Epoch: 1, Batch: 80, Acc: 14.84%, Loss: 2.2576
Epoch: 1, Batch: 90, Acc: 15.07%, Loss: 2.2542
Epoch: 1, Batch: 100, Acc: 15.56%, Loss: 2.2523
Epoch: 1, Batch: 110, Acc: 15.89%, Loss: 2.2449
Accuracy on test set: 23.35%
Epoch: 2, Batch: 10, Acc: 22.34%, Loss: 2.2329
Epoch: 2, Batch: 20, Acc: 22.97%, Loss: 2.2165
Epoch: 2, Batch: 30, Acc: 23.49%, Loss: 2.2108
Epoch: 2, Batch: 40, Acc: 23.75%, Loss: 2.2153
Epoch: 2, Batch: 50, Acc: 23.69%, Loss: 2.2118
Epoch: 2, Batch: 60, Acc: 23.78%, Loss: 2.2030
Epoch: 2, Batch: 70, Acc: 24.08%, Loss: 2.1968
Epoch: 2, Batch: 80, Acc: 24.41%, Loss: 2.1948
Epoch: 2, Batch: 90, Acc: 25.35%, Loss: 2.1687
Epoch: 2, Batch: 100, Acc: 25.86%, Loss: 2.1754
Epoch: 2, Batch: 110, Acc: 26.33%, Loss: 2.1742
Accuracy on test set: 36.16%
Epoch: 3, Batch: 10, Acc: 33.28%, Loss: 2.1534
Epoch: 3, Batch: 20, Acc: 34.45%, Loss: 2.1456
Epoch: 3, Batch: 30, Acc: 33.96%, Loss: 2.1592
Epoch: 3, Batch: 40, Acc: 34.14%, Loss: 2.1571
Epoch: 3, Batch: 50, Acc: 35.28%, Loss: 2.1341
Epoch: 3, Batch: 60, Acc: 35.78%, Loss: 2.1331
Epoch: 3, Batch: 70, Acc: 36.00%, Loss: 2.1330
Epoch: 3, Batch: 80, Acc: 36.62%, Loss: 2.1323
Epoch: 3, Batch: 90, Acc: 37.27%, Loss: 2.1067
Epoch: 3, Batch: 100, Acc: 38.05%, Loss: 2.0775
Epoch: 3, Batch: 110, Acc: 38.77%, Loss: 2.0964
Accuracy on test set: 48.91%
Epoch: 4, Batch: 10, Acc: 44.69%, Loss: 2.0883
Epoch: 4, Batch: 20, Acc: 45.31%, Loss: 2.1030
Epoch: 4, Batch: 30, Acc: 47.24%, Loss: 2.0678
Epoch: 4, Batch: 40, Acc: 48.52%, Loss: 2.0649
Epoch: 4, Batch: 50, Acc: 49.06%, Loss: 2.0526
Epoch: 4, Batch: 60, Acc: 49.38%, Loss: 2.0720
Epoch: 4, Batch: 70, Acc: 49.44%, Loss: 2.0722
Epoch: 4, Batch: 80, Acc: 49.28%, Loss: 2.0566
Epoch: 4, Batch: 90, Acc: 48.92%, Loss: 2.0601
Epoch: 4, Batch: 100, Acc: 49.25%, Loss: 2.0233
Epoch: 4, Batch: 110, Acc: 49.06%, Loss: 2.0444
Accuracy on test set: 55.82%
Epoch: 5, Batch: 10, Acc: 51.09%, Loss: 2.0303
Epoch: 5, Batch: 20, Acc: 51.33%, Loss: 2.0253
Epoch: 5, Batch: 30, Acc: 52.34%, Loss: 2.0239
Epoch: 5, Batch: 40, Acc: 53.05%, Loss: 1.9990
Epoch: 5, Batch: 50, Acc: 53.00%, Loss: 1.9987
Epoch: 5, Batch: 60, Acc: 52.42%, Loss: 2.0079
Epoch: 5, Batch: 70, Acc: 52.05%, Loss: 2.0025
Epoch: 5, Batch: 80, Acc: 51.84%, Loss: 2.0044
Epoch: 5, Batch: 90, Acc: 52.15%, Loss: 1.9713
Epoch: 5, Batch: 100, Acc: 52.44%, Loss: 1.9983
Epoch: 5, Batch: 110, Acc: 52.66%, Loss: 1.9717
Accuracy on test set: 58.73%
Epoch: 6, Batch: 10, Acc: 52.03%, Loss: 1.9805
Epoch: 6, Batch: 20, Acc: 52.50%, Loss: 1.9549
Epoch: 6, Batch: 30, Acc: 54.38%, Loss: 1.9279
Epoch: 6, Batch: 40, Acc: 54.84%, Loss: 1.9516
Epoch: 6, Batch: 50, Acc: 54.56%, Loss: 1.9511
Epoch: 6, Batch: 60, Acc: 54.17%, Loss: 1.9536
Epoch: 6, Batch: 70, Acc: 54.55%, Loss: 1.9332
Epoch: 6, Batch: 80, Acc: 54.71%, Loss: 1.9437
Epoch: 6, Batch: 90, Acc: 54.70%, Loss: 1.9420
Epoch: 6, Batch: 100, Acc: 54.78%, Loss: 1.9260
Epoch: 6, Batch: 110, Acc: 54.61%, Loss: 1.9456
Accuracy on test set: 62.01%
Epoch: 7, Batch: 10, Acc: 55.00%, Loss: 1.9314
Epoch: 7, Batch: 20, Acc: 57.03%, Loss: 1.9066
Epoch: 7, Batch: 30, Acc: 57.03%, Loss: 1.9088
Epoch: 7, Batch: 40, Acc: 56.80%, Loss: 1.9003
Epoch: 7, Batch: 50, Acc: 57.28%, Loss: 1.8756
Epoch: 7, Batch: 60, Acc: 57.40%, Loss: 1.8907
Epoch: 7, Batch: 70, Acc: 57.39%, Loss: 1.9072
Epoch: 7, Batch: 80, Acc: 57.15%, Loss: 1.8930
Epoch: 7, Batch: 90, Acc: 57.20%, Loss: 1.8665
Epoch: 7, Batch: 100, Acc: 56.88%, Loss: 1.8769
Epoch: 7, Batch: 110, Acc: 56.71%, Loss: 1.8809
Accuracy on test set: 64.61%
Epoch: 8, Batch: 10, Acc: 59.53%, Loss: 1.8697
Epoch: 8, Batch: 20, Acc: 58.75%, Loss: 1.8575
Epoch: 8, Batch: 30, Acc: 58.70%, Loss: 1.8493
Epoch: 8, Batch: 40, Acc: 59.57%, Loss: 1.8521
Epoch: 8, Batch: 50, Acc: 60.19%, Loss: 1.8363
Epoch: 8, Batch: 60, Acc: 59.87%, Loss: 1.8377
Epoch: 8, Batch: 70, Acc: 59.89%, Loss: 1.8486
Epoch: 8, Batch: 80, Acc: 60.02%, Loss: 1.8150
Epoch: 8, Batch: 90, Acc: 59.91%, Loss: 1.8374
Epoch: 8, Batch: 100, Acc: 59.77%, Loss: 1.8522
Epoch: 8, Batch: 110, Acc: 59.66%, Loss: 1.8467
Accuracy on test set: 67.31%
Epoch: 9, Batch: 10, Acc: 63.28%, Loss: 1.8014
Epoch: 9, Batch: 20, Acc: 63.98%, Loss: 1.8015
Epoch: 9, Batch: 30, Acc: 62.76%, Loss: 1.8201
Epoch: 9, Batch: 40, Acc: 61.88%, Loss: 1.8392
Epoch: 9, Batch: 50, Acc: 61.66%, Loss: 1.7933
Epoch: 9, Batch: 60, Acc: 60.99%, Loss: 1.8231
Epoch: 9, Batch: 70, Acc: 61.14%, Loss: 1.7734
Epoch: 9, Batch: 80, Acc: 61.02%, Loss: 1.8109
Epoch: 9, Batch: 90, Acc: 61.16%, Loss: 1.7975
Epoch: 9, Batch: 100, Acc: 61.34%, Loss: 1.7610
Epoch: 9, Batch: 110, Acc: 61.39%, Loss: 1.7913
Accuracy on test set: 69.11%
Epoch: 10, Batch: 10, Acc: 60.31%, Loss: 1.7896
Epoch: 10, Batch: 20, Acc: 64.77%, Loss: 1.7437
Epoch: 10, Batch: 30, Acc: 63.65%, Loss: 1.7938
Epoch: 10, Batch: 40, Acc: 63.44%, Loss: 1.7442
Epoch: 10, Batch: 50, Acc: 63.12%, Loss: 1.7699
Epoch: 10, Batch: 60, Acc: 63.26%, Loss: 1.7537
Epoch: 10, Batch: 70, Acc: 63.08%, Loss: 1.7263
Epoch: 10, Batch: 80, Acc: 63.34%, Loss: 1.7598
Epoch: 10, Batch: 90, Acc: 63.32%, Loss: 1.7488
Epoch: 10, Batch: 100, Acc: 63.39%, Loss: 1.7472
Epoch: 10, Batch: 110, Acc: 63.20%, Loss: 1.7857
Accuracy on test set: 70.57%
  [Run 2 | eps=0.1 | random | none | GPU 0] Training Time: 2040.54s  Best Acc: 70.57%

  [Run 2 | eps=0.1 | random | none | GPU 0] Evaluating final model on clean test data...
  Accuracy    : 0.7057
  Loss        : 1.6376
  Precision   : 0.7204
  Recall      : 0.7005
  F1          : 0.7104
  Fpr         : 0.0327
  Fnr         : 0.2995
  Roc_auc     : 0.9374
  Pr_auc      : 0.7242
  Asr         : 4.0000
Metrics saved to eps0.1/qmlp-mnist-quid-run2-layer50_quid_eps0.1_random_none.csv
  [Run 2 | eps=0.1 | random | none | GPU 0] Done. Saved → eps0.1/qmlp-mnist-quid-run2-layer50-noiseless-Amplitude_eps0.1_random_none.pt

====================================================================
 [Run 2 | eps=0.1 | random | q-detection | GPU 0]
====================================================================
  [Run 2 | eps=0.1 | random | q-detection | GPU 0] Stratified subset: 7000 samples (700 per class max, from 60000 total)
  [Run 2 | eps=0.1 | random | q-detection | GPU 0] Poisoned: 700/7000
  [Run 2 | eps=0.1 | random | q-detection | GPU 0] J matrix: 7000x7000 (392 MB)
Epoch: 1, Batch: 10, Acc: 9.53%, Loss: 2.2754
Epoch: 1, Batch: 20, Acc: 9.45%, Loss: 2.2731
Epoch: 1, Batch: 30, Acc: 9.64%, Loss: 2.2705
Epoch: 1, Batch: 40, Acc: 10.59%, Loss: 2.2559
Epoch: 1, Batch: 50, Acc: 11.88%, Loss: 2.2437
Epoch: 1, Batch: 60, Acc: 12.42%, Loss: 2.2348
Epoch: 1, Batch: 70, Acc: 12.88%, Loss: 2.2467
Epoch: 1, Batch: 80, Acc: 13.81%, Loss: 2.2228
Epoch: 1, Batch: 90, Acc: 14.06%, Loss: 2.2257
Epoch: 1, Batch: 100, Acc: 14.44%, Loss: 2.2235
Epoch: 1, Batch: 110, Acc: 14.71%, Loss: 2.2110
Accuracy on test set: 21.18%
Epoch: 2, Batch: 10, Acc: 19.06%, Loss: 2.2125
Epoch: 2, Batch: 20, Acc: 19.53%, Loss: 2.1925
Epoch: 2, Batch: 30, Acc: 20.00%, Loss: 2.1717
Epoch: 2, Batch: 40, Acc: 20.08%, Loss: 2.1937
Epoch: 2, Batch: 50, Acc: 19.84%, Loss: 2.1906
Epoch: 2, Batch: 60, Acc: 19.64%, Loss: 2.1653
Epoch: 2, Batch: 70, Acc: 19.82%, Loss: 2.1611
Epoch: 2, Batch: 80, Acc: 20.08%, Loss: 2.1680
Epoch: 2, Batch: 90, Acc: 20.49%, Loss: 2.1382
Epoch: 2, Batch: 100, Acc: 20.56%, Loss: 2.1308
Epoch: 2, Batch: 110, Acc: 20.66%, Loss: 2.1378
Accuracy on test set: 24.57%
Epoch: 3, Batch: 10, Acc: 23.28%, Loss: 2.1252
Epoch: 3, Batch: 20, Acc: 24.22%, Loss: 2.0999
Epoch: 3, Batch: 30, Acc: 23.49%, Loss: 2.1015
Epoch: 3, Batch: 40, Acc: 23.44%, Loss: 2.1593
Epoch: 3, Batch: 50, Acc: 23.31%, Loss: 2.1028
Epoch: 3, Batch: 60, Acc: 23.49%, Loss: 2.0964
Epoch: 3, Batch: 70, Acc: 23.68%, Loss: 2.0869
Epoch: 3, Batch: 80, Acc: 24.00%, Loss: 2.0995
Epoch: 3, Batch: 90, Acc: 24.46%, Loss: 2.0599
Epoch: 3, Batch: 100, Acc: 24.97%, Loss: 2.0138
Epoch: 3, Batch: 110, Acc: 25.29%, Loss: 2.0077
Accuracy on test set: 30.63%
Epoch: 4, Batch: 10, Acc: 30.16%, Loss: 2.0500
Epoch: 4, Batch: 20, Acc: 28.75%, Loss: 2.1078
Epoch: 4, Batch: 30, Acc: 29.84%, Loss: 2.0185
Epoch: 4, Batch: 40, Acc: 30.66%, Loss: 2.0455
Epoch: 4, Batch: 50, Acc: 31.69%, Loss: 2.0867
Epoch: 4, Batch: 60, Acc: 32.19%, Loss: 2.0172
Epoch: 4, Batch: 70, Acc: 32.30%, Loss: 2.0261
Epoch: 4, Batch: 80, Acc: 32.50%, Loss: 2.0829
Epoch: 4, Batch: 90, Acc: 32.57%, Loss: 2.0886
Epoch: 4, Batch: 100, Acc: 33.31%, Loss: 1.9734
Epoch: 4, Batch: 110, Acc: 33.56%, Loss: 2.0304
Accuracy on test set: 40.48%
Epoch: 5, Batch: 10, Acc: 38.44%, Loss: 2.0686
Epoch: 5, Batch: 20, Acc: 38.44%, Loss: 2.0296
Epoch: 5, Batch: 30, Acc: 38.70%, Loss: 2.0016
Epoch: 5, Batch: 40, Acc: 39.38%, Loss: 1.9853
Epoch: 5, Batch: 50, Acc: 40.34%, Loss: 2.1048
Epoch: 5, Batch: 60, Acc: 40.55%, Loss: 2.1616
Epoch: 5, Batch: 70, Acc: 40.89%, Loss: 1.9639
Epoch: 5, Batch: 80, Acc: 41.27%, Loss: 2.0316
Epoch: 5, Batch: 90, Acc: 41.81%, Loss: 2.0181
Epoch: 5, Batch: 100, Acc: 42.05%, Loss: 2.0804
Epoch: 5, Batch: 110, Acc: 42.53%, Loss: 2.0529
Accuracy on test set: 51.70%
Epoch: 6, Batch: 10, Acc: 44.06%, Loss: 2.0499
Epoch: 6, Batch: 20, Acc: 44.61%, Loss: 2.0325
Epoch: 6, Batch: 30, Acc: 46.46%, Loss: 2.1299
Epoch: 6, Batch: 40, Acc: 47.19%, Loss: 2.0629
Epoch: 6, Batch: 50, Acc: 47.50%, Loss: 2.0078
Epoch: 6, Batch: 60, Acc: 47.50%, Loss: 1.9911
Epoch: 6, Batch: 70, Acc: 47.95%, Loss: 2.0857
Epoch: 6, Batch: 80, Acc: 47.70%, Loss: 1.9675
Epoch: 6, Batch: 90, Acc: 47.76%, Loss: 2.0716
Epoch: 6, Batch: 100, Acc: 47.80%, Loss: 1.9193
Epoch: 6, Batch: 110, Acc: 47.61%, Loss: 1.9434
Accuracy on test set: 53.66%
Epoch: 7, Batch: 10, Acc: 48.44%, Loss: 2.0288
Epoch: 7, Batch: 20, Acc: 48.83%, Loss: 2.0454
Epoch: 7, Batch: 30, Acc: 49.43%, Loss: 2.0919
Epoch: 7, Batch: 40, Acc: 48.87%, Loss: 1.9342
Epoch: 7, Batch: 50, Acc: 49.16%, Loss: 2.0263
Epoch: 7, Batch: 60, Acc: 49.04%, Loss: 2.0009
Epoch: 7, Batch: 70, Acc: 48.48%, Loss: 2.0907
Epoch: 7, Batch: 80, Acc: 48.18%, Loss: 1.9046
Epoch: 7, Batch: 90, Acc: 48.06%, Loss: 1.9947
Epoch: 7, Batch: 100, Acc: 47.77%, Loss: 2.0306
Epoch: 7, Batch: 110, Acc: 47.54%, Loss: 2.1142
Accuracy on test set: 53.73%
Epoch: 8, Batch: 10, Acc: 48.28%, Loss: 1.9731
Epoch: 8, Batch: 20, Acc: 47.58%, Loss: 1.9256
Epoch: 8, Batch: 30, Acc: 48.80%, Loss: 2.0166
Epoch: 8, Batch: 40, Acc: 49.61%, Loss: 1.9572
Epoch: 8, Batch: 50, Acc: 49.41%, Loss: 1.9888
Epoch: 8, Batch: 60, Acc: 49.38%, Loss: 2.0307
Epoch: 8, Batch: 70, Acc: 49.29%, Loss: 1.9308
Epoch: 8, Batch: 80, Acc: 49.45%, Loss: 1.9821
Epoch: 8, Batch: 90, Acc: 48.99%, Loss: 1.9207
Epoch: 8, Batch: 100, Acc: 48.89%, Loss: 2.0461
Epoch: 8, Batch: 110, Acc: 48.90%, Loss: 2.0529
Accuracy on test set: 56.92%
Epoch: 9, Batch: 10, Acc: 53.12%, Loss: 1.9999
Epoch: 9, Batch: 20, Acc: 54.38%, Loss: 1.9399
Epoch: 9, Batch: 30, Acc: 53.33%, Loss: 2.0075
Epoch: 9, Batch: 40, Acc: 52.89%, Loss: 2.0359
Epoch: 9, Batch: 50, Acc: 53.25%, Loss: 2.0188
Epoch: 9, Batch: 60, Acc: 53.23%, Loss: 1.9811
Epoch: 9, Batch: 70, Acc: 53.46%, Loss: 1.9689
Epoch: 9, Batch: 80, Acc: 53.32%, Loss: 1.9916
Epoch: 9, Batch: 90, Acc: 53.49%, Loss: 2.0301
Epoch: 9, Batch: 100, Acc: 53.89%, Loss: 2.0494
Epoch: 9, Batch: 110, Acc: 54.16%, Loss: 1.9001
Accuracy on test set: 62.58%
Epoch: 10, Batch: 10, Acc: 54.69%, Loss: 2.0579
Epoch: 10, Batch: 20, Acc: 58.75%, Loss: 1.8230
Epoch: 10, Batch: 30, Acc: 58.07%, Loss: 1.9626
Epoch: 10, Batch: 40, Acc: 58.28%, Loss: 1.9758
Epoch: 10, Batch: 50, Acc: 57.97%, Loss: 1.9935
Epoch: 10, Batch: 60, Acc: 57.50%, Loss: 1.9059
Epoch: 10, Batch: 70, Acc: 57.28%, Loss: 1.9733
Epoch: 10, Batch: 80, Acc: 57.38%, Loss: 1.8761
Epoch: 10, Batch: 90, Acc: 57.41%, Loss: 1.9903
Epoch: 10, Batch: 100, Acc: 57.50%, Loss: 1.9278
Epoch: 10, Batch: 110, Acc: 57.47%, Loss: 1.9637
Accuracy on test set: 66.31%
  [Run 2 | eps=0.1 | random | q-detection | GPU 0] Training Time: 3248.81s  Best Acc: 66.31%

  [Run 2 | eps=0.1 | random | q-detection | GPU 0] Evaluating final model on clean test data...
  Accuracy    : 0.6631
  Loss        : 1.7691
  Precision   : 0.7129
  Recall      : 0.6571
  F1          : 0.6839
  Fpr         : 0.0374
  Fnr         : 0.3429
  Roc_auc     : 0.9288
  Pr_auc      : 0.6801
  Asr         : 4.7143
Metrics saved to eps0.1/qmlp-mnist-quid-run2-layer50_quid_eps0.1_random_qdetection.csv
  [Run 2 | eps=0.1 | random | q-detection | GPU 0] Done. Saved → eps0.1/qmlp-mnist-quid-run2-layer50-noiseless-Amplitude_eps0.1_random_qdetection.pt

====================================================================
 [Run 2 | eps=0.3 | quid | none | GPU 0]
====================================================================
  [Run 2 | eps=0.3 | quid | none | GPU 0] Stratified subset: 7000 samples (700 per class max, from 60000 total)
  [QUID] Computing density matrices for 2100 poisoned samples ...
  [QUID] Density matrices done in 2.8s
  [QUID] Assigning adversarial labels ...
  [QUID] Label assignment done in 26.7s
  [QUID] Labels changed: 2093/2100
  [Run 2 | eps=0.3 | quid | none | GPU 0] Poisoned: 2100/7000
Epoch: 1, Batch: 10, Acc: 7.34%, Loss: 2.2772
Epoch: 1, Batch: 20, Acc: 7.97%, Loss: 2.2705
Epoch: 1, Batch: 30, Acc: 7.76%, Loss: 2.2700
Epoch: 1, Batch: 40, Acc: 8.67%, Loss: 2.2563
Epoch: 1, Batch: 50, Acc: 10.03%, Loss: 2.2499
Epoch: 1, Batch: 60, Acc: 11.48%, Loss: 2.2345
Epoch: 1, Batch: 70, Acc: 12.83%, Loss: 2.2345
Epoch: 1, Batch: 80, Acc: 14.57%, Loss: 2.2095
Epoch: 1, Batch: 90, Acc: 15.95%, Loss: 2.2155
Epoch: 1, Batch: 100, Acc: 17.27%, Loss: 2.2051
Epoch: 1, Batch: 110, Acc: 18.63%, Loss: 2.1865
Accuracy on test set: 12.86%
Epoch: 2, Batch: 10, Acc: 36.88%, Loss: 2.1651
Epoch: 2, Batch: 20, Acc: 34.22%, Loss: 2.1732
Epoch: 2, Batch: 30, Acc: 33.70%, Loss: 2.1529
Epoch: 2, Batch: 40, Acc: 32.89%, Loss: 2.1654
Epoch: 2, Batch: 50, Acc: 33.12%, Loss: 2.1561
Epoch: 2, Batch: 60, Acc: 32.89%, Loss: 2.1448
Epoch: 2, Batch: 70, Acc: 32.70%, Loss: 2.1442
Epoch: 2, Batch: 80, Acc: 32.68%, Loss: 2.1205
Epoch: 2, Batch: 90, Acc: 32.66%, Loss: 2.1178
Epoch: 2, Batch: 100, Acc: 32.53%, Loss: 2.1236
Epoch: 2, Batch: 110, Acc: 32.61%, Loss: 2.0996
Accuracy on test set: 11.35%
Epoch: 3, Batch: 10, Acc: 31.25%, Loss: 2.1066
Epoch: 3, Batch: 20, Acc: 30.31%, Loss: 2.1019
Epoch: 3, Batch: 30, Acc: 30.31%, Loss: 2.0975
Epoch: 3, Batch: 40, Acc: 31.09%, Loss: 2.0798
Epoch: 3, Batch: 50, Acc: 31.72%, Loss: 2.0595
Epoch: 3, Batch: 60, Acc: 31.80%, Loss: 2.0710
Epoch: 3, Batch: 70, Acc: 31.99%, Loss: 2.0675
Epoch: 3, Batch: 80, Acc: 32.07%, Loss: 2.0577
Epoch: 3, Batch: 90, Acc: 32.48%, Loss: 2.0257
Epoch: 3, Batch: 100, Acc: 32.89%, Loss: 1.9932
Epoch: 3, Batch: 110, Acc: 32.63%, Loss: 2.0577
Accuracy on test set: 11.35%
Epoch: 4, Batch: 10, Acc: 30.31%, Loss: 2.0469
Epoch: 4, Batch: 20, Acc: 31.41%, Loss: 2.0279
Epoch: 4, Batch: 30, Acc: 31.72%, Loss: 2.0170
Epoch: 4, Batch: 40, Acc: 31.80%, Loss: 2.0136
Epoch: 4, Batch: 50, Acc: 31.88%, Loss: 2.0078
Epoch: 4, Batch: 60, Acc: 31.95%, Loss: 2.0092
Epoch: 4, Batch: 70, Acc: 32.57%, Loss: 1.9681
Epoch: 4, Batch: 80, Acc: 32.54%, Loss: 1.9986
Epoch: 4, Batch: 90, Acc: 32.57%, Loss: 2.0022
Epoch: 4, Batch: 100, Acc: 32.47%, Loss: 1.9989
Epoch: 4, Batch: 110, Acc: 32.64%, Loss: 1.9511
Accuracy on test set: 11.35%
Epoch: 5, Batch: 10, Acc: 30.94%, Loss: 1.9898
Epoch: 5, Batch: 20, Acc: 31.09%, Loss: 1.9926
Epoch: 5, Batch: 30, Acc: 30.99%, Loss: 1.9856
Epoch: 5, Batch: 40, Acc: 31.68%, Loss: 1.9382
Epoch: 5, Batch: 50, Acc: 32.09%, Loss: 1.9474
Epoch: 5, Batch: 60, Acc: 32.37%, Loss: 1.9472
Epoch: 5, Batch: 70, Acc: 32.61%, Loss: 1.9562
Epoch: 5, Batch: 80, Acc: 32.83%, Loss: 1.9530
Epoch: 5, Batch: 90, Acc: 32.78%, Loss: 1.9365
Epoch: 5, Batch: 100, Acc: 32.72%, Loss: 1.9413
Epoch: 5, Batch: 110, Acc: 32.64%, Loss: 1.9503
Accuracy on test set: 11.35%
Epoch: 6, Batch: 10, Acc: 32.19%, Loss: 1.9471
Epoch: 6, Batch: 20, Acc: 31.17%, Loss: 1.9573
Epoch: 6, Batch: 30, Acc: 31.35%, Loss: 1.9277
Epoch: 6, Batch: 40, Acc: 30.98%, Loss: 1.9294
Epoch: 6, Batch: 50, Acc: 31.69%, Loss: 1.9164
Epoch: 6, Batch: 60, Acc: 32.01%, Loss: 1.9005
Epoch: 6, Batch: 70, Acc: 32.39%, Loss: 1.8955
Epoch: 6, Batch: 80, Acc: 32.99%, Loss: 1.8832
Epoch: 6, Batch: 90, Acc: 33.02%, Loss: 1.9191
Epoch: 6, Batch: 100, Acc: 32.64%, Loss: 1.9320
Epoch: 6, Batch: 110, Acc: 32.64%, Loss: 1.8995
Accuracy on test set: 11.36%
Epoch: 7, Batch: 10, Acc: 31.72%, Loss: 1.8991
Epoch: 7, Batch: 20, Acc: 30.16%, Loss: 1.9244
Epoch: 7, Batch: 30, Acc: 31.56%, Loss: 1.8786
Epoch: 7, Batch: 40, Acc: 32.27%, Loss: 1.8636
Epoch: 7, Batch: 50, Acc: 33.03%, Loss: 1.8349
Epoch: 7, Batch: 60, Acc: 32.55%, Loss: 1.9255
Epoch: 7, Batch: 70, Acc: 33.04%, Loss: 1.8598
Epoch: 7, Batch: 80, Acc: 33.01%, Loss: 1.8844
Epoch: 7, Batch: 90, Acc: 33.25%, Loss: 1.8413
Epoch: 7, Batch: 100, Acc: 32.72%, Loss: 1.9226
Epoch: 7, Batch: 110, Acc: 32.63%, Loss: 1.8901
Accuracy on test set: 11.56%
Epoch: 8, Batch: 10, Acc: 32.03%, Loss: 1.8806
Epoch: 8, Batch: 20, Acc: 33.20%, Loss: 1.8506
Epoch: 8, Batch: 30, Acc: 32.29%, Loss: 1.8949
Epoch: 8, Batch: 40, Acc: 32.70%, Loss: 1.8376
Epoch: 8, Batch: 50, Acc: 32.53%, Loss: 1.8597
Epoch: 8, Batch: 60, Acc: 32.58%, Loss: 1.8526
Epoch: 8, Batch: 70, Acc: 32.57%, Loss: 1.8496
Epoch: 8, Batch: 80, Acc: 33.03%, Loss: 1.8147
Epoch: 8, Batch: 90, Acc: 32.88%, Loss: 1.8553
Epoch: 8, Batch: 100, Acc: 33.00%, Loss: 1.8523
Epoch: 8, Batch: 110, Acc: 32.94%, Loss: 1.8079
Accuracy on test set: 12.45%
Epoch: 9, Batch: 10, Acc: 34.69%, Loss: 1.7956
Epoch: 9, Batch: 20, Acc: 32.66%, Loss: 1.8491
Epoch: 9, Batch: 30, Acc: 31.93%, Loss: 1.8591
Epoch: 9, Batch: 40, Acc: 32.03%, Loss: 1.8402
Epoch: 9, Batch: 50, Acc: 32.78%, Loss: 1.7769
Epoch: 9, Batch: 60, Acc: 32.53%, Loss: 1.8554
Epoch: 9, Batch: 70, Acc: 32.77%, Loss: 1.7989
Epoch: 9, Batch: 80, Acc: 33.20%, Loss: 1.7995
Epoch: 9, Batch: 90, Acc: 32.93%, Loss: 1.8552
Epoch: 9, Batch: 100, Acc: 33.31%, Loss: 1.7730
Epoch: 9, Batch: 110, Acc: 33.21%, Loss: 1.8323
Accuracy on test set: 12.96%
Epoch: 10, Batch: 10, Acc: 33.75%, Loss: 1.7907
Epoch: 10, Batch: 20, Acc: 33.44%, Loss: 1.7758
Epoch: 10, Batch: 30, Acc: 34.22%, Loss: 1.7891
Epoch: 10, Batch: 40, Acc: 33.71%, Loss: 1.8058
Epoch: 10, Batch: 50, Acc: 33.69%, Loss: 1.7758
Epoch: 10, Batch: 60, Acc: 34.17%, Loss: 1.7596
Epoch: 10, Batch: 70, Acc: 33.50%, Loss: 1.8146
Epoch: 10, Batch: 80, Acc: 33.54%, Loss: 1.7959
Epoch: 10, Batch: 90, Acc: 33.30%, Loss: 1.8275
Epoch: 10, Batch: 100, Acc: 33.55%, Loss: 1.7760
Epoch: 10, Batch: 110, Acc: 33.56%, Loss: 1.8172
Accuracy on test set: 13.86%
  [Run 2 | eps=0.3 | quid | none | GPU 0] Training Time: 2040.86s  Best Acc: 13.86%

  [Run 2 | eps=0.3 | quid | none | GPU 0] Evaluating final model on clean test data...
  Accuracy    : 0.1386
  Loss        : 1.8990
  Precision   : 0.4616
  Recall      : 0.1261
  F1          : 0.1981
  Fpr         : 0.0972
  Fnr         : 0.8739
  Roc_auc     : 0.9173
  Pr_auc      : 0.6529
  Asr         : 83.6190
Metrics saved to eps0.3/qmlp-mnist-quid-run2-layer50_quid_eps0.3_quid_none.csv
  [Run 2 | eps=0.3 | quid | none | GPU 0] Done. Saved → eps0.3/qmlp-mnist-quid-run2-layer50-noiseless-Amplitude_eps0.3_quid_none.pt

====================================================================
 [Run 2 | eps=0.3 | quid | q-detection | GPU 0]
====================================================================
  [Run 2 | eps=0.3 | quid | q-detection | GPU 0] Stratified subset: 7000 samples (700 per class max, from 60000 total)
  [QUID] Computing density matrices for 2100 poisoned samples ...
  [QUID] Density matrices done in 2.6s
  [QUID] Assigning adversarial labels ...
  [QUID] Label assignment done in 26.6s
  [QUID] Labels changed: 2093/2100
  [Run 2 | eps=0.3 | quid | q-detection | GPU 0] Poisoned: 2100/7000
  [Run 2 | eps=0.3 | quid | q-detection | GPU 0] J matrix: 7000x7000 (392 MB)
Epoch: 1, Batch: 10, Acc: 7.34%, Loss: 2.2453
Epoch: 1, Batch: 20, Acc: 7.66%, Loss: 2.2324
Epoch: 1, Batch: 30, Acc: 7.14%, Loss: 2.2386
Epoch: 1, Batch: 40, Acc: 7.85%, Loss: 2.2234
Epoch: 1, Batch: 50, Acc: 8.78%, Loss: 2.2195
Epoch: 1, Batch: 60, Acc: 10.10%, Loss: 2.2004
Epoch: 1, Batch: 70, Acc: 11.36%, Loss: 2.2031
Epoch: 1, Batch: 80, Acc: 12.97%, Loss: 2.1758
Epoch: 1, Batch: 90, Acc: 14.18%, Loss: 2.1944
Epoch: 1, Batch: 100, Acc: 15.59%, Loss: 2.1661
Epoch: 1, Batch: 110, Acc: 16.99%, Loss: 2.1452
Accuracy on test set: 13.52%
Epoch: 2, Batch: 10, Acc: 36.72%, Loss: 2.1200
Epoch: 2, Batch: 20, Acc: 34.30%, Loss: 2.1418
Epoch: 2, Batch: 30, Acc: 33.75%, Loss: 2.1251
Epoch: 2, Batch: 40, Acc: 32.97%, Loss: 2.1300
Epoch: 2, Batch: 50, Acc: 33.19%, Loss: 2.1115
Epoch: 2, Batch: 60, Acc: 32.92%, Loss: 2.0851
Epoch: 2, Batch: 70, Acc: 32.72%, Loss: 2.0862
Epoch: 2, Batch: 80, Acc: 32.71%, Loss: 2.0728
Epoch: 2, Batch: 90, Acc: 32.69%, Loss: 2.0625
Epoch: 2, Batch: 100, Acc: 32.56%, Loss: 2.0769
Epoch: 2, Batch: 110, Acc: 32.63%, Loss: 2.0268
Accuracy on test set: 11.35%
Epoch: 3, Batch: 10, Acc: 31.41%, Loss: 2.0488
Epoch: 3, Batch: 20, Acc: 30.39%, Loss: 2.0583
Epoch: 3, Batch: 30, Acc: 30.36%, Loss: 2.0468
Epoch: 3, Batch: 40, Acc: 31.13%, Loss: 2.0419
Epoch: 3, Batch: 50, Acc: 31.75%, Loss: 2.0322
Epoch: 3, Batch: 60, Acc: 31.82%, Loss: 2.0183
Epoch: 3, Batch: 70, Acc: 32.01%, Loss: 2.0170
Epoch: 3, Batch: 80, Acc: 32.09%, Loss: 2.0491
Epoch: 3, Batch: 90, Acc: 32.50%, Loss: 2.0349
Epoch: 3, Batch: 100, Acc: 32.91%, Loss: 1.9105
Epoch: 3, Batch: 110, Acc: 32.64%, Loss: 2.0248
Accuracy on test set: 11.35%
Epoch: 4, Batch: 10, Acc: 30.31%, Loss: 2.0595
Epoch: 4, Batch: 20, Acc: 31.41%, Loss: 2.0467
Epoch: 4, Batch: 30, Acc: 31.72%, Loss: 1.9993
Epoch: 4, Batch: 40, Acc: 31.80%, Loss: 2.0125
Epoch: 4, Batch: 50, Acc: 31.88%, Loss: 1.9509
Epoch: 4, Batch: 60, Acc: 31.95%, Loss: 2.0103
Epoch: 4, Batch: 70, Acc: 32.57%, Loss: 1.9135
Epoch: 4, Batch: 80, Acc: 32.54%, Loss: 1.9419
Epoch: 4, Batch: 90, Acc: 32.57%, Loss: 2.0317
Epoch: 4, Batch: 100, Acc: 32.47%, Loss: 1.9428
Epoch: 4, Batch: 110, Acc: 32.64%, Loss: 1.9449
Accuracy on test set: 11.35%
Epoch: 5, Batch: 10, Acc: 30.94%, Loss: 2.0908
Epoch: 5, Batch: 20, Acc: 31.09%, Loss: 2.1123
Epoch: 5, Batch: 30, Acc: 30.99%, Loss: 2.0912
Epoch: 5, Batch: 40, Acc: 31.68%, Loss: 2.0230
Epoch: 5, Batch: 50, Acc: 32.09%, Loss: 1.9988
Epoch: 5, Batch: 60, Acc: 32.37%, Loss: 2.0477
Epoch: 5, Batch: 70, Acc: 32.61%, Loss: 2.0756
Epoch: 5, Batch: 80, Acc: 32.83%, Loss: 1.9455
Epoch: 5, Batch: 90, Acc: 32.78%, Loss: 1.9709
Epoch: 5, Batch: 100, Acc: 32.72%, Loss: 2.0131
Epoch: 5, Batch: 110, Acc: 32.64%, Loss: 2.0116
Accuracy on test set: 11.35%
Epoch: 6, Batch: 10, Acc: 32.19%, Loss: 1.9632
Epoch: 6, Batch: 20, Acc: 31.17%, Loss: 1.9442
Epoch: 6, Batch: 30, Acc: 31.35%, Loss: 1.8047
Epoch: 6, Batch: 40, Acc: 30.98%, Loss: 1.9722
Epoch: 6, Batch: 50, Acc: 31.69%, Loss: 1.9311
Epoch: 6, Batch: 60, Acc: 32.01%, Loss: 1.8857
Epoch: 6, Batch: 70, Acc: 32.39%, Loss: 1.9977
Epoch: 6, Batch: 80, Acc: 32.99%, Loss: 2.0039
Epoch: 6, Batch: 90, Acc: 33.02%, Loss: 1.6859
Epoch: 6, Batch: 100, Acc: 32.64%, Loss: 2.0676
Epoch: 6, Batch: 110, Acc: 32.64%, Loss: 2.1188
Accuracy on test set: 11.35%
Epoch: 7, Batch: 10, Acc: 31.72%, Loss: 1.9170
Epoch: 7, Batch: 20, Acc: 30.16%, Loss: 2.2298
Epoch: 7, Batch: 30, Acc: 31.61%, Loss: 2.0333
Epoch: 7, Batch: 40, Acc: 32.30%, Loss: 1.9774
Epoch: 7, Batch: 50, Acc: 33.06%, Loss: 1.9530
Epoch: 7, Batch: 60, Acc: 32.58%, Loss: 1.9199
Epoch: 7, Batch: 70, Acc: 33.06%, Loss: 2.0774
Epoch: 7, Batch: 80, Acc: 33.03%, Loss: 2.0618
Epoch: 7, Batch: 90, Acc: 33.32%, Loss: 2.0987
Epoch: 7, Batch: 100, Acc: 32.80%, Loss: 2.0265
Epoch: 7, Batch: 110, Acc: 32.79%, Loss: 1.9694
Accuracy on test set: 11.97%
Epoch: 8, Batch: 10, Acc: 32.34%, Loss: 1.9434
Epoch: 8, Batch: 20, Acc: 33.52%, Loss: 2.1051
Epoch: 8, Batch: 30, Acc: 32.60%, Loss: 1.8901
Epoch: 8, Batch: 40, Acc: 32.93%, Loss: 2.0040
Epoch: 8, Batch: 50, Acc: 32.78%, Loss: 2.1230
Epoch: 8, Batch: 60, Acc: 32.89%, Loss: 2.0769
Epoch: 8, Batch: 70, Acc: 32.92%, Loss: 1.7620
Epoch: 8, Batch: 80, Acc: 33.36%, Loss: 1.8094
Epoch: 8, Batch: 90, Acc: 33.16%, Loss: 2.0131
Epoch: 8, Batch: 100, Acc: 33.17%, Loss: 1.9411
Epoch: 8, Batch: 110, Acc: 33.04%, Loss: 1.9675
Accuracy on test set: 12.38%
Epoch: 9, Batch: 10, Acc: 35.47%, Loss: 1.9854
Epoch: 9, Batch: 20, Acc: 33.28%, Loss: 2.0561
Epoch: 9, Batch: 30, Acc: 32.71%, Loss: 2.1780
Epoch: 9, Batch: 40, Acc: 33.12%, Loss: 1.9854
Epoch: 9, Batch: 50, Acc: 34.00%, Loss: 1.9253
Epoch: 9, Batch: 60, Acc: 33.62%, Loss: 1.9506
Epoch: 9, Batch: 70, Acc: 33.91%, Loss: 1.9778
Epoch: 9, Batch: 80, Acc: 34.22%, Loss: 2.0460
Epoch: 9, Batch: 90, Acc: 34.05%, Loss: 2.0501
Epoch: 9, Batch: 100, Acc: 34.50%, Loss: 2.0167
Epoch: 9, Batch: 110, Acc: 34.47%, Loss: 2.1414
Accuracy on test set: 16.66%
Epoch: 10, Batch: 10, Acc: 35.78%, Loss: 2.0709
Epoch: 10, Batch: 20, Acc: 35.78%, Loss: 2.0934
Epoch: 10, Batch: 30, Acc: 36.72%, Loss: 2.0058
Epoch: 10, Batch: 40, Acc: 36.25%, Loss: 1.9749
Epoch: 10, Batch: 50, Acc: 36.09%, Loss: 2.0115
Epoch: 10, Batch: 60, Acc: 36.54%, Loss: 2.0418
Epoch: 10, Batch: 70, Acc: 36.05%, Loss: 2.0153
Epoch: 10, Batch: 80, Acc: 36.45%, Loss: 1.9443
Epoch: 10, Batch: 90, Acc: 36.22%, Loss: 2.0006
Epoch: 10, Batch: 100, Acc: 36.45%, Loss: 2.0469
Epoch: 10, Batch: 110, Acc: 36.34%, Loss: 2.0724
Accuracy on test set: 23.07%
  [Run 2 | eps=0.3 | quid | q-detection | GPU 0] Training Time: 3207.22s  Best Acc: 23.07%

  [Run 2 | eps=0.3 | quid | q-detection | GPU 0] Evaluating final model on clean test data...
  Accuracy    : 0.2307
  Loss        : 1.9204
  Precision   : 0.8608
  Recall      : 0.2203
  F1          : 0.3508
  Fpr         : 0.0868
  Fnr         : 0.7797
  Roc_auc     : 0.9134
  Pr_auc      : 0.6375
  Asr         : 74.8095
Metrics saved to eps0.3/qmlp-mnist-quid-run2-layer50_quid_eps0.3_quid_qdetection.csv
  [Run 2 | eps=0.3 | quid | q-detection | GPU 0] Done. Saved → eps0.3/qmlp-mnist-quid-run2-layer50-noiseless-Amplitude_eps0.3_quid_qdetection.pt

====================================================================
 [Run 2 | eps=0.3 | random | none | GPU 0]
====================================================================
  [Run 2 | eps=0.3 | random | none | GPU 0] Stratified subset: 7000 samples (700 per class max, from 60000 total)
  [Run 2 | eps=0.3 | random | none | GPU 0] Poisoned: 2100/7000
Epoch: 1, Batch: 10, Acc: 8.91%, Loss: 2.3143
Epoch: 1, Batch: 20, Acc: 9.77%, Loss: 2.3067
Epoch: 1, Batch: 30, Acc: 9.95%, Loss: 2.3148
Epoch: 1, Batch: 40, Acc: 10.94%, Loss: 2.2875
Epoch: 1, Batch: 50, Acc: 11.59%, Loss: 2.2895
Epoch: 1, Batch: 60, Acc: 12.16%, Loss: 2.2890
Epoch: 1, Batch: 70, Acc: 12.54%, Loss: 2.2842
Epoch: 1, Batch: 80, Acc: 13.20%, Loss: 2.2786
Epoch: 1, Batch: 90, Acc: 13.26%, Loss: 2.2817
Epoch: 1, Batch: 100, Acc: 13.44%, Loss: 2.2816
Epoch: 1, Batch: 110, Acc: 13.69%, Loss: 2.2685
Accuracy on test set: 21.43%
Epoch: 2, Batch: 10, Acc: 18.91%, Loss: 2.2596
Epoch: 2, Batch: 20, Acc: 18.28%, Loss: 2.2605
Epoch: 2, Batch: 30, Acc: 18.39%, Loss: 2.2450
Epoch: 2, Batch: 40, Acc: 17.97%, Loss: 2.2530
Epoch: 2, Batch: 50, Acc: 17.62%, Loss: 2.2557
Epoch: 2, Batch: 60, Acc: 17.97%, Loss: 2.2390
Epoch: 2, Batch: 70, Acc: 18.48%, Loss: 2.2292
Epoch: 2, Batch: 80, Acc: 18.65%, Loss: 2.2387
Epoch: 2, Batch: 90, Acc: 19.08%, Loss: 2.2206
Epoch: 2, Batch: 100, Acc: 19.38%, Loss: 2.2248
Epoch: 2, Batch: 110, Acc: 19.67%, Loss: 2.2210
Accuracy on test set: 30.83%
Epoch: 3, Batch: 10, Acc: 24.06%, Loss: 2.2173
Epoch: 3, Batch: 20, Acc: 25.39%, Loss: 2.1926
Epoch: 3, Batch: 30, Acc: 25.21%, Loss: 2.2104
Epoch: 3, Batch: 40, Acc: 25.59%, Loss: 2.2067
Epoch: 3, Batch: 50, Acc: 25.81%, Loss: 2.2009
Epoch: 3, Batch: 60, Acc: 26.09%, Loss: 2.1935
Epoch: 3, Batch: 70, Acc: 26.52%, Loss: 2.1866
Epoch: 3, Batch: 80, Acc: 26.70%, Loss: 2.2030
Epoch: 3, Batch: 90, Acc: 27.24%, Loss: 2.1752
Epoch: 3, Batch: 100, Acc: 27.88%, Loss: 2.1680
Epoch: 3, Batch: 110, Acc: 28.34%, Loss: 2.1680
Accuracy on test set: 44.99%
Epoch: 4, Batch: 10, Acc: 32.03%, Loss: 2.1819
Epoch: 4, Batch: 20, Acc: 32.19%, Loss: 2.1731
Epoch: 4, Batch: 30, Acc: 35.16%, Loss: 2.1497
Epoch: 4, Batch: 40, Acc: 36.21%, Loss: 2.1513
Epoch: 4, Batch: 50, Acc: 36.59%, Loss: 2.1547
Epoch: 4, Batch: 60, Acc: 37.08%, Loss: 2.1549
Epoch: 4, Batch: 70, Acc: 36.88%, Loss: 2.1682
Epoch: 4, Batch: 80, Acc: 36.78%, Loss: 2.1421
Epoch: 4, Batch: 90, Acc: 36.89%, Loss: 2.1419
Epoch: 4, Batch: 100, Acc: 37.45%, Loss: 2.1246
Epoch: 4, Batch: 110, Acc: 37.69%, Loss: 2.1260
Accuracy on test set: 53.49%
Epoch: 5, Batch: 10, Acc: 40.47%, Loss: 2.1291
Epoch: 5, Batch: 20, Acc: 40.39%, Loss: 2.1121
Epoch: 5, Batch: 30, Acc: 41.15%, Loss: 2.1221
Epoch: 5, Batch: 40, Acc: 41.76%, Loss: 2.1164
Epoch: 5, Batch: 50, Acc: 41.16%, Loss: 2.1264
Epoch: 5, Batch: 60, Acc: 40.57%, Loss: 2.1208
Epoch: 5, Batch: 70, Acc: 40.47%, Loss: 2.1177
Epoch: 5, Batch: 80, Acc: 40.51%, Loss: 2.1232
Epoch: 5, Batch: 90, Acc: 40.80%, Loss: 2.0906
Epoch: 5, Batch: 100, Acc: 41.09%, Loss: 2.1069
Epoch: 5, Batch: 110, Acc: 41.23%, Loss: 2.1084
Accuracy on test set: 58.85%
Epoch: 6, Batch: 10, Acc: 41.56%, Loss: 2.1158
Epoch: 6, Batch: 20, Acc: 40.23%, Loss: 2.1064
Epoch: 6, Batch: 30, Acc: 40.94%, Loss: 2.0675
Epoch: 6, Batch: 40, Acc: 40.82%, Loss: 2.0760
Epoch: 6, Batch: 50, Acc: 42.03%, Loss: 2.0679
Epoch: 6, Batch: 60, Acc: 42.29%, Loss: 2.0904
Epoch: 6, Batch: 70, Acc: 42.48%, Loss: 2.0943
Epoch: 6, Batch: 80, Acc: 42.60%, Loss: 2.0811
Epoch: 6, Batch: 90, Acc: 43.06%, Loss: 2.0653
Epoch: 6, Batch: 100, Acc: 43.27%, Loss: 2.0612
Epoch: 6, Batch: 110, Acc: 43.40%, Loss: 2.0883
Accuracy on test set: 60.79%
Epoch: 7, Batch: 10, Acc: 45.16%, Loss: 2.0686
Epoch: 7, Batch: 20, Acc: 45.94%, Loss: 2.0611
Epoch: 7, Batch: 30, Acc: 44.58%, Loss: 2.0580
Epoch: 7, Batch: 40, Acc: 44.69%, Loss: 2.0474
Epoch: 7, Batch: 50, Acc: 45.00%, Loss: 2.0462
Epoch: 7, Batch: 60, Acc: 44.56%, Loss: 2.0618
Epoch: 7, Batch: 70, Acc: 44.60%, Loss: 2.0619
Epoch: 7, Batch: 80, Acc: 44.55%, Loss: 2.0690
Epoch: 7, Batch: 90, Acc: 44.64%, Loss: 2.0107
Epoch: 7, Batch: 100, Acc: 44.64%, Loss: 2.0337
Epoch: 7, Batch: 110, Acc: 44.74%, Loss: 2.0557
Accuracy on test set: 62.32%
Epoch: 8, Batch: 10, Acc: 44.53%, Loss: 2.0334
Epoch: 8, Batch: 20, Acc: 45.70%, Loss: 2.0167
Epoch: 8, Batch: 30, Acc: 47.55%, Loss: 2.0230
Epoch: 8, Batch: 40, Acc: 47.77%, Loss: 2.0015
Epoch: 8, Batch: 50, Acc: 47.25%, Loss: 2.0181
Epoch: 8, Batch: 60, Acc: 46.72%, Loss: 2.0228
Epoch: 8, Batch: 70, Acc: 46.72%, Loss: 2.0270
Epoch: 8, Batch: 80, Acc: 46.04%, Loss: 2.0390
Epoch: 8, Batch: 90, Acc: 46.04%, Loss: 2.0320
Epoch: 8, Batch: 100, Acc: 45.81%, Loss: 2.0312
Epoch: 8, Batch: 110, Acc: 45.86%, Loss: 2.0240
Accuracy on test set: 64.38%
Epoch: 9, Batch: 10, Acc: 47.19%, Loss: 1.9811
Epoch: 9, Batch: 20, Acc: 48.05%, Loss: 2.0032
Epoch: 9, Batch: 30, Acc: 47.08%, Loss: 2.0214
Epoch: 9, Batch: 40, Acc: 46.68%, Loss: 2.0035
Epoch: 9, Batch: 50, Acc: 47.00%, Loss: 1.9805
Epoch: 9, Batch: 60, Acc: 46.88%, Loss: 2.0059
Epoch: 9, Batch: 70, Acc: 46.76%, Loss: 1.9714
Epoch: 9, Batch: 80, Acc: 46.25%, Loss: 2.0361
Epoch: 9, Batch: 90, Acc: 46.27%, Loss: 2.0006
Epoch: 9, Batch: 100, Acc: 46.39%, Loss: 1.9718
Epoch: 9, Batch: 110, Acc: 46.29%, Loss: 2.0226
Accuracy on test set: 65.58%
Epoch: 10, Batch: 10, Acc: 49.84%, Loss: 1.9803
Epoch: 10, Batch: 20, Acc: 49.14%, Loss: 1.9882
Epoch: 10, Batch: 30, Acc: 48.02%, Loss: 2.0066
Epoch: 10, Batch: 40, Acc: 47.07%, Loss: 1.9639
Epoch: 10, Batch: 50, Acc: 47.50%, Loss: 1.9684
Epoch: 10, Batch: 60, Acc: 47.27%, Loss: 1.9777
Epoch: 10, Batch: 70, Acc: 47.41%, Loss: 1.9566
Epoch: 10, Batch: 80, Acc: 47.64%, Loss: 1.9814
Epoch: 10, Batch: 90, Acc: 47.64%, Loss: 1.9649
Epoch: 10, Batch: 100, Acc: 47.89%, Loss: 1.9520
Epoch: 10, Batch: 110, Acc: 47.44%, Loss: 1.9991
Accuracy on test set: 67.19%
  [Run 2 | eps=0.3 | random | none | GPU 0] Training Time: 2046.19s  Best Acc: 67.19%

  [Run 2 | eps=0.3 | random | none | GPU 0] Evaluating final model on clean test data...
  Accuracy    : 0.6719
  Loss        : 1.7436
  Precision   : 0.6956
  Recall      : 0.6668
  F1          : 0.6809
  Fpr         : 0.0365
  Fnr         : 0.3332
  Roc_auc     : 0.9242
  Pr_auc      : 0.6813
  Asr         : 4.8095
Metrics saved to eps0.3/qmlp-mnist-quid-run2-layer50_quid_eps0.3_random_none.csv
  [Run 2 | eps=0.3 | random | none | GPU 0] Done. Saved → eps0.3/qmlp-mnist-quid-run2-layer50-noiseless-Amplitude_eps0.3_random_none.pt

====================================================================
 [Run 2 | eps=0.3 | random | q-detection | GPU 0]
====================================================================
  [Run 2 | eps=0.3 | random | q-detection | GPU 0] Stratified subset: 7000 samples (700 per class max, from 60000 total)
  [Run 2 | eps=0.3 | random | q-detection | GPU 0] Poisoned: 2100/7000
  [Run 2 | eps=0.3 | random | q-detection | GPU 0] J matrix: 7000x7000 (392 MB)
Epoch: 1, Batch: 10, Acc: 8.91%, Loss: 2.2866
Epoch: 1, Batch: 20, Acc: 9.92%, Loss: 2.2721
Epoch: 1, Batch: 30, Acc: 10.16%, Loss: 2.2802
Epoch: 1, Batch: 40, Acc: 11.09%, Loss: 2.2558
Epoch: 1, Batch: 50, Acc: 11.72%, Loss: 2.2597
Epoch: 1, Batch: 60, Acc: 12.32%, Loss: 2.2593
Epoch: 1, Batch: 70, Acc: 12.63%, Loss: 2.2568
Epoch: 1, Batch: 80, Acc: 13.18%, Loss: 2.2501
Epoch: 1, Batch: 90, Acc: 13.23%, Loss: 2.2599
Epoch: 1, Batch: 100, Acc: 13.38%, Loss: 2.2517
Epoch: 1, Batch: 110, Acc: 13.56%, Loss: 2.2355
Accuracy on test set: 20.64%
Epoch: 2, Batch: 10, Acc: 18.12%, Loss: 2.2270
Epoch: 2, Batch: 20, Acc: 17.34%, Loss: 2.2367
Epoch: 2, Batch: 30, Acc: 17.19%, Loss: 2.2277
Epoch: 2, Batch: 40, Acc: 16.48%, Loss: 2.2328
Epoch: 2, Batch: 50, Acc: 15.97%, Loss: 2.2417
Epoch: 2, Batch: 60, Acc: 16.07%, Loss: 2.2088
Epoch: 2, Batch: 70, Acc: 16.38%, Loss: 2.2100
Epoch: 2, Batch: 80, Acc: 16.33%, Loss: 2.2124
Epoch: 2, Batch: 90, Acc: 16.48%, Loss: 2.2052
Epoch: 2, Batch: 100, Acc: 16.55%, Loss: 2.1841
Epoch: 2, Batch: 110, Acc: 16.53%, Loss: 2.1800
Accuracy on test set: 21.01%
Epoch: 3, Batch: 10, Acc: 17.50%, Loss: 2.2083
Epoch: 3, Batch: 20, Acc: 17.73%, Loss: 2.1587
Epoch: 3, Batch: 30, Acc: 16.56%, Loss: 2.1889
Epoch: 3, Batch: 40, Acc: 16.95%, Loss: 2.1726
Epoch: 3, Batch: 50, Acc: 16.94%, Loss: 2.1625
Epoch: 3, Batch: 60, Acc: 16.93%, Loss: 2.1369
Epoch: 3, Batch: 70, Acc: 17.05%, Loss: 2.1694
Epoch: 3, Batch: 80, Acc: 16.72%, Loss: 2.1840
Epoch: 3, Batch: 90, Acc: 16.93%, Loss: 2.1124
Epoch: 3, Batch: 100, Acc: 17.08%, Loss: 2.1417
Epoch: 3, Batch: 110, Acc: 17.14%, Loss: 2.1266
Accuracy on test set: 23.44%
Epoch: 4, Batch: 10, Acc: 16.88%, Loss: 2.1497
Epoch: 4, Batch: 20, Acc: 16.64%, Loss: 2.1948
Epoch: 4, Batch: 30, Acc: 17.97%, Loss: 2.1667
Epoch: 4, Batch: 40, Acc: 18.20%, Loss: 2.1443
Epoch: 4, Batch: 50, Acc: 19.28%, Loss: 2.1034
Epoch: 4, Batch: 60, Acc: 20.03%, Loss: 2.1663
Epoch: 4, Batch: 70, Acc: 20.31%, Loss: 2.1827
Epoch: 4, Batch: 80, Acc: 20.49%, Loss: 2.1125
Epoch: 4, Batch: 90, Acc: 20.82%, Loss: 2.1296
Epoch: 4, Batch: 100, Acc: 21.23%, Loss: 2.1918
Epoch: 4, Batch: 110, Acc: 21.63%, Loss: 2.0763
Accuracy on test set: 33.17%
Epoch: 5, Batch: 10, Acc: 24.53%, Loss: 2.1503
Epoch: 5, Batch: 20, Acc: 26.88%, Loss: 2.1746
Epoch: 5, Batch: 30, Acc: 27.50%, Loss: 2.1190
Epoch: 5, Batch: 40, Acc: 27.70%, Loss: 2.1205
Epoch: 5, Batch: 50, Acc: 27.78%, Loss: 2.1804
Epoch: 5, Batch: 60, Acc: 27.63%, Loss: 2.1266
Epoch: 5, Batch: 70, Acc: 27.83%, Loss: 2.1648
Epoch: 5, Batch: 80, Acc: 27.97%, Loss: 2.1322
Epoch: 5, Batch: 90, Acc: 28.45%, Loss: 2.1310
Epoch: 5, Batch: 100, Acc: 29.11%, Loss: 2.1493
Epoch: 5, Batch: 110, Acc: 29.59%, Loss: 2.1273
Accuracy on test set: 46.31%
Epoch: 6, Batch: 10, Acc: 33.12%, Loss: 2.1786
Epoch: 6, Batch: 20, Acc: 33.20%, Loss: 2.0956
Epoch: 6, Batch: 30, Acc: 34.48%, Loss: 2.1511
Epoch: 6, Batch: 40, Acc: 35.27%, Loss: 2.0185
Epoch: 6, Batch: 50, Acc: 35.91%, Loss: 2.1282
Epoch: 6, Batch: 60, Acc: 36.04%, Loss: 2.1123
Epoch: 6, Batch: 70, Acc: 35.98%, Loss: 2.1666
Epoch: 6, Batch: 80, Acc: 35.88%, Loss: 2.0801
Epoch: 6, Batch: 90, Acc: 36.08%, Loss: 2.1304
Epoch: 6, Batch: 100, Acc: 36.22%, Loss: 2.1755
Epoch: 6, Batch: 110, Acc: 36.53%, Loss: 2.1569
Accuracy on test set: 52.95%
Epoch: 7, Batch: 10, Acc: 38.12%, Loss: 2.1270
Epoch: 7, Batch: 20, Acc: 39.53%, Loss: 2.1312
Epoch: 7, Batch: 30, Acc: 38.85%, Loss: 2.1267
Epoch: 7, Batch: 40, Acc: 39.53%, Loss: 2.0501
Epoch: 7, Batch: 50, Acc: 39.78%, Loss: 2.0880
Epoch: 7, Batch: 60, Acc: 39.45%, Loss: 2.1342
Epoch: 7, Batch: 70, Acc: 39.42%, Loss: 2.0746
Epoch: 7, Batch: 80, Acc: 39.20%, Loss: 2.1152
Epoch: 7, Batch: 90, Acc: 39.88%, Loss: 2.1722
Epoch: 7, Batch: 100, Acc: 39.98%, Loss: 2.0353
Epoch: 7, Batch: 110, Acc: 39.94%, Loss: 2.1599
Accuracy on test set: 56.63%
Epoch: 8, Batch: 10, Acc: 40.78%, Loss: 2.0438
Epoch: 8, Batch: 20, Acc: 40.62%, Loss: 2.2076
Epoch: 8, Batch: 30, Acc: 42.14%, Loss: 2.2073
Epoch: 8, Batch: 40, Acc: 42.81%, Loss: 2.0436
Epoch: 8, Batch: 50, Acc: 42.41%, Loss: 2.0033
Epoch: 8, Batch: 60, Acc: 42.11%, Loss: 2.1275
Epoch: 8, Batch: 70, Acc: 42.37%, Loss: 2.1407
Epoch: 8, Batch: 80, Acc: 41.86%, Loss: 2.2679
Epoch: 8, Batch: 90, Acc: 41.70%, Loss: 2.1787
Epoch: 8, Batch: 100, Acc: 41.78%, Loss: 2.1223
Epoch: 8, Batch: 110, Acc: 41.77%, Loss: 2.1024
Accuracy on test set: 58.81%
Epoch: 9, Batch: 10, Acc: 46.25%, Loss: 2.1216
Epoch: 9, Batch: 20, Acc: 46.09%, Loss: 2.0307
Epoch: 9, Batch: 30, Acc: 44.43%, Loss: 2.2385
Epoch: 9, Batch: 40, Acc: 43.67%, Loss: 2.1660
Epoch: 9, Batch: 50, Acc: 43.19%, Loss: 2.1534
Epoch: 9, Batch: 60, Acc: 42.84%, Loss: 2.2253
Epoch: 9, Batch: 70, Acc: 42.77%, Loss: 2.0755
Epoch: 9, Batch: 80, Acc: 42.19%, Loss: 2.0966
Epoch: 9, Batch: 90, Acc: 42.17%, Loss: 2.0790
Epoch: 9, Batch: 100, Acc: 42.30%, Loss: 2.1717
Epoch: 9, Batch: 110, Acc: 42.00%, Loss: 2.1109
Accuracy on test set: 58.64%
Epoch: 10, Batch: 10, Acc: 44.22%, Loss: 2.2024
Epoch: 10, Batch: 20, Acc: 43.67%, Loss: 2.1839
Epoch: 10, Batch: 30, Acc: 43.75%, Loss: 2.1096
Epoch: 10, Batch: 40, Acc: 43.71%, Loss: 2.2265
Epoch: 10, Batch: 50, Acc: 43.91%, Loss: 2.0203
Epoch: 10, Batch: 60, Acc: 43.75%, Loss: 2.0982
Epoch: 10, Batch: 70, Acc: 43.86%, Loss: 2.1701
Epoch: 10, Batch: 80, Acc: 43.98%, Loss: 2.1587
Epoch: 10, Batch: 90, Acc: 43.99%, Loss: 2.1325
Epoch: 10, Batch: 100, Acc: 44.27%, Loss: 2.1224
Epoch: 10, Batch: 110, Acc: 43.80%, Loss: 2.0833
Accuracy on test set: 61.41%
  [Run 2 | eps=0.3 | random | q-detection | GPU 0] Training Time: 3208.32s  Best Acc: 61.41%

  [Run 2 | eps=0.3 | random | q-detection | GPU 0] Evaluating final model on clean test data...
  Accuracy    : 0.6141
  Loss        : 1.8956
  Precision   : 0.6534
  Recall      : 0.6079
  F1          : 0.6298
  Fpr         : 0.0429
  Fnr         : 0.3921
  Roc_auc     : 0.9111
  Pr_auc      : 0.6337
  Asr         : 5.4762
Metrics saved to eps0.3/qmlp-mnist-quid-run2-layer50_quid_eps0.3_random_qdetection.csv
  [Run 2 | eps=0.3 | random | q-detection | GPU 0] Done. Saved → eps0.3/qmlp-mnist-quid-run2-layer50-noiseless-Amplitude_eps0.3_random_qdetection.pt

====================================================================
 [Run 2 | eps=0.5 | quid | none | GPU 0]
====================================================================
  [Run 2 | eps=0.5 | quid | none | GPU 0] Stratified subset: 7000 samples (700 per class max, from 60000 total)
  [QUID] Computing density matrices for 3500 poisoned samples ...
  [QUID] Density matrices done in 4.2s
  [QUID] Assigning adversarial labels ...
  [QUID] Label assignment done in 44.1s
  [QUID] Labels changed: 3491/3500
  [Run 2 | eps=0.5 | quid | none | GPU 0] Poisoned: 3500/7000
Epoch: 1, Batch: 10, Acc: 5.62%, Loss: 2.2576
Epoch: 1, Batch: 20, Acc: 5.62%, Loss: 2.2526
Epoch: 1, Batch: 30, Acc: 5.78%, Loss: 2.2304
Epoch: 1, Batch: 40, Acc: 7.27%, Loss: 2.2127
Epoch: 1, Batch: 50, Acc: 9.56%, Loss: 2.2018
Epoch: 1, Batch: 60, Acc: 12.97%, Loss: 2.1892
Epoch: 1, Batch: 70, Acc: 16.67%, Loss: 2.1794
Epoch: 1, Batch: 80, Acc: 20.53%, Loss: 2.1427
Epoch: 1, Batch: 90, Acc: 23.68%, Loss: 2.1517
Epoch: 1, Batch: 100, Acc: 25.98%, Loss: 2.1327
Epoch: 1, Batch: 110, Acc: 27.64%, Loss: 2.1414
Accuracy on test set: 11.38%
Epoch: 2, Batch: 10, Acc: 46.56%, Loss: 2.1111
Epoch: 2, Batch: 20, Acc: 48.98%, Loss: 2.0741
Epoch: 2, Batch: 30, Acc: 49.38%, Loss: 2.0630
Epoch: 2, Batch: 40, Acc: 49.14%, Loss: 2.0587
Epoch: 2, Batch: 50, Acc: 49.22%, Loss: 2.0467
Epoch: 2, Batch: 60, Acc: 48.93%, Loss: 2.0474
Epoch: 2, Batch: 70, Acc: 49.15%, Loss: 2.0137
Epoch: 2, Batch: 80, Acc: 49.00%, Loss: 2.0140
Epoch: 2, Batch: 90, Acc: 49.11%, Loss: 1.9849
Epoch: 2, Batch: 100, Acc: 49.03%, Loss: 1.9897
Epoch: 2, Batch: 110, Acc: 48.67%, Loss: 2.0074
Accuracy on test set: 11.35%
Epoch: 3, Batch: 10, Acc: 47.81%, Loss: 1.9720
Epoch: 3, Batch: 20, Acc: 48.44%, Loss: 1.9458
Epoch: 3, Batch: 30, Acc: 48.91%, Loss: 1.9277
Epoch: 3, Batch: 40, Acc: 48.63%, Loss: 1.9498
Epoch: 3, Batch: 50, Acc: 48.47%, Loss: 1.9332
Epoch: 3, Batch: 60, Acc: 48.39%, Loss: 1.9227
Epoch: 3, Batch: 70, Acc: 49.02%, Loss: 1.8561
Epoch: 3, Batch: 80, Acc: 48.95%, Loss: 1.8966
Epoch: 3, Batch: 90, Acc: 48.91%, Loss: 1.8932
Epoch: 3, Batch: 100, Acc: 48.84%, Loss: 1.8769
Epoch: 3, Batch: 110, Acc: 48.70%, Loss: 1.8740
Accuracy on test set: 11.35%
Epoch: 4, Batch: 10, Acc: 44.84%, Loss: 1.9096
Epoch: 4, Batch: 20, Acc: 48.12%, Loss: 1.8340
Epoch: 4, Batch: 30, Acc: 47.14%, Loss: 1.8860
Epoch: 4, Batch: 40, Acc: 47.42%, Loss: 1.8571
Epoch: 4, Batch: 50, Acc: 46.84%, Loss: 1.8866
Epoch: 4, Batch: 60, Acc: 47.40%, Loss: 1.8176
Epoch: 4, Batch: 70, Acc: 47.61%, Loss: 1.8308
Epoch: 4, Batch: 80, Acc: 48.07%, Loss: 1.7979
Epoch: 4, Batch: 90, Acc: 48.45%, Loss: 1.7910
Epoch: 4, Batch: 100, Acc: 48.66%, Loss: 1.7828
Epoch: 4, Batch: 110, Acc: 48.70%, Loss: 1.8027
Accuracy on test set: 11.35%
Epoch: 5, Batch: 10, Acc: 48.91%, Loss: 1.8095
Epoch: 5, Batch: 20, Acc: 49.92%, Loss: 1.7783
Epoch: 5, Batch: 30, Acc: 48.75%, Loss: 1.8336
Epoch: 5, Batch: 40, Acc: 48.91%, Loss: 1.7765
Epoch: 5, Batch: 50, Acc: 48.91%, Loss: 1.7849
Epoch: 5, Batch: 60, Acc: 48.49%, Loss: 1.8128
Epoch: 5, Batch: 70, Acc: 48.42%, Loss: 1.8147
Epoch: 5, Batch: 80, Acc: 48.26%, Loss: 1.8234
Epoch: 5, Batch: 90, Acc: 48.61%, Loss: 1.7494
Epoch: 5, Batch: 100, Acc: 48.53%, Loss: 1.8029
Epoch: 5, Batch: 110, Acc: 48.70%, Loss: 1.7548
Accuracy on test set: 11.35%
Epoch: 6, Batch: 10, Acc: 48.44%, Loss: 1.7874
Epoch: 6, Batch: 20, Acc: 47.89%, Loss: 1.7952
Epoch: 6, Batch: 30, Acc: 48.59%, Loss: 1.7392
Epoch: 6, Batch: 40, Acc: 47.89%, Loss: 1.8185
Epoch: 6, Batch: 50, Acc: 48.38%, Loss: 1.7381
Epoch: 6, Batch: 60, Acc: 48.70%, Loss: 1.7339
Epoch: 6, Batch: 70, Acc: 48.55%, Loss: 1.7855
Epoch: 6, Batch: 80, Acc: 48.52%, Loss: 1.7788
Epoch: 6, Batch: 90, Acc: 48.70%, Loss: 1.7519
Epoch: 6, Batch: 100, Acc: 48.86%, Loss: 1.7282
Epoch: 6, Batch: 110, Acc: 48.70%, Loss: 1.7865
Accuracy on test set: 11.35%
Epoch: 7, Batch: 10, Acc: 47.34%, Loss: 1.7728
Epoch: 7, Batch: 20, Acc: 48.67%, Loss: 1.7114
Epoch: 7, Batch: 30, Acc: 48.33%, Loss: 1.7721
Epoch: 7, Batch: 40, Acc: 48.87%, Loss: 1.7051
Epoch: 7, Batch: 50, Acc: 48.50%, Loss: 1.7636
Epoch: 7, Batch: 60, Acc: 48.75%, Loss: 1.7319
Epoch: 7, Batch: 70, Acc: 49.20%, Loss: 1.6982
Epoch: 7, Batch: 80, Acc: 48.95%, Loss: 1.7715
Epoch: 7, Batch: 90, Acc: 48.66%, Loss: 1.7804
Epoch: 7, Batch: 100, Acc: 48.66%, Loss: 1.7428
Epoch: 7, Batch: 110, Acc: 48.70%, Loss: 1.7615
Accuracy on test set: 11.35%
Epoch: 8, Batch: 10, Acc: 51.88%, Loss: 1.6816
Epoch: 8, Batch: 20, Acc: 51.56%, Loss: 1.6914
Epoch: 8, Batch: 30, Acc: 50.31%, Loss: 1.7429
Epoch: 8, Batch: 40, Acc: 49.18%, Loss: 1.7771
Epoch: 8, Batch: 50, Acc: 49.38%, Loss: 1.7031
Epoch: 8, Batch: 60, Acc: 49.14%, Loss: 1.7308
Epoch: 8, Batch: 70, Acc: 49.00%, Loss: 1.7273
Epoch: 8, Batch: 80, Acc: 48.79%, Loss: 1.7432
Epoch: 8, Batch: 90, Acc: 48.70%, Loss: 1.7393
Epoch: 8, Batch: 100, Acc: 48.72%, Loss: 1.7181
Epoch: 8, Batch: 110, Acc: 48.70%, Loss: 1.7170
Accuracy on test set: 11.35%
Epoch: 9, Batch: 10, Acc: 47.50%, Loss: 1.7269
Epoch: 9, Batch: 20, Acc: 49.14%, Loss: 1.6580
Epoch: 9, Batch: 30, Acc: 48.85%, Loss: 1.7254
Epoch: 9, Batch: 40, Acc: 48.32%, Loss: 1.7512
Epoch: 9, Batch: 50, Acc: 48.97%, Loss: 1.6507
Epoch: 9, Batch: 60, Acc: 48.85%, Loss: 1.7237
Epoch: 9, Batch: 70, Acc: 48.71%, Loss: 1.7074
Epoch: 9, Batch: 80, Acc: 48.87%, Loss: 1.6886
Epoch: 9, Batch: 90, Acc: 48.68%, Loss: 1.7277
Epoch: 9, Batch: 100, Acc: 48.58%, Loss: 1.7050
Epoch: 9, Batch: 110, Acc: 48.70%, Loss: 1.6868
Accuracy on test set: 11.35%
Epoch: 10, Batch: 10, Acc: 50.62%, Loss: 1.6624
Epoch: 10, Batch: 20, Acc: 49.06%, Loss: 1.7030
Epoch: 10, Batch: 30, Acc: 49.32%, Loss: 1.6778
Epoch: 10, Batch: 40, Acc: 49.53%, Loss: 1.6778
Epoch: 10, Batch: 50, Acc: 48.84%, Loss: 1.7224
Epoch: 10, Batch: 60, Acc: 48.78%, Loss: 1.6804
Epoch: 10, Batch: 70, Acc: 48.73%, Loss: 1.6923
Epoch: 10, Batch: 80, Acc: 49.28%, Loss: 1.6036
Epoch: 10, Batch: 90, Acc: 48.89%, Loss: 1.7379
Epoch: 10, Batch: 100, Acc: 48.69%, Loss: 1.7094
Epoch: 10, Batch: 110, Acc: 48.70%, Loss: 1.6866
Accuracy on test set: 11.35%
  [Run 2 | eps=0.5 | quid | none | GPU 0] Training Time: 2024.37s  Best Acc: 11.38%

  [Run 2 | eps=0.5 | quid | none | GPU 0] Evaluating final model on clean test data...
  Accuracy    : 0.1138
  Loss        : 2.2787
  Precision   : 0.0314
  Recall      : 0.1003
  F1          : 0.0478
  Fpr         : 0.1000
  Fnr         : 0.8997
  Roc_auc     : 0.7689
  Pr_auc      : 0.2920
  Asr         : 87.0286
Metrics saved to eps0.5/qmlp-mnist-quid-run2-layer50_quid_eps0.5_quid_none.csv
  [Run 2 | eps=0.5 | quid | none | GPU 0] Done. Saved → eps0.5/qmlp-mnist-quid-run2-layer50-noiseless-Amplitude_eps0.5_quid_none.pt

====================================================================
 [Run 2 | eps=0.5 | quid | q-detection | GPU 0]
====================================================================
  [Run 2 | eps=0.5 | quid | q-detection | GPU 0] Stratified subset: 7000 samples (700 per class max, from 60000 total)
  [QUID] Computing density matrices for 3500 poisoned samples ...
  [QUID] Density matrices done in 4.3s
  [QUID] Assigning adversarial labels ...
  [QUID] Label assignment done in 47.0s
  [QUID] Labels changed: 3491/3500
  [Run 2 | eps=0.5 | quid | q-detection | GPU 0] Poisoned: 3500/7000
  [Run 2 | eps=0.5 | quid | q-detection | GPU 0] J matrix: 7000x7000 (392 MB)
Epoch: 1, Batch: 10, Acc: 5.62%, Loss: 2.2293
Epoch: 1, Batch: 20, Acc: 5.62%, Loss: 2.2263
Epoch: 1, Batch: 30, Acc: 5.52%, Loss: 2.1976
Epoch: 1, Batch: 40, Acc: 6.64%, Loss: 2.1854
Epoch: 1, Batch: 50, Acc: 8.72%, Loss: 2.1699
Epoch: 1, Batch: 60, Acc: 11.95%, Loss: 2.1547
Epoch: 1, Batch: 70, Acc: 15.71%, Loss: 2.1404
Epoch: 1, Batch: 80, Acc: 19.80%, Loss: 2.1075
Epoch: 1, Batch: 90, Acc: 22.99%, Loss: 2.1117
Epoch: 1, Batch: 100, Acc: 25.38%, Loss: 2.0855
Epoch: 1, Batch: 110, Acc: 27.07%, Loss: 2.0895
Accuracy on test set: 11.39%
Epoch: 2, Batch: 10, Acc: 46.56%, Loss: 2.0611
Epoch: 2, Batch: 20, Acc: 48.91%, Loss: 2.0137
Epoch: 2, Batch: 30, Acc: 49.32%, Loss: 2.0134
Epoch: 2, Batch: 40, Acc: 49.10%, Loss: 2.0196
Epoch: 2, Batch: 50, Acc: 49.19%, Loss: 1.9872
Epoch: 2, Batch: 60, Acc: 48.91%, Loss: 1.9909
Epoch: 2, Batch: 70, Acc: 49.13%, Loss: 1.9585
Epoch: 2, Batch: 80, Acc: 48.98%, Loss: 1.9369
Epoch: 2, Batch: 90, Acc: 49.10%, Loss: 1.9125
Epoch: 2, Batch: 100, Acc: 49.02%, Loss: 1.9359
Epoch: 2, Batch: 110, Acc: 48.66%, Loss: 1.9328
Accuracy on test set: 11.35%
Epoch: 3, Batch: 10, Acc: 47.81%, Loss: 1.9559
Epoch: 3, Batch: 20, Acc: 48.44%, Loss: 1.9043
Epoch: 3, Batch: 30, Acc: 48.91%, Loss: 1.8671
Epoch: 3, Batch: 40, Acc: 48.63%, Loss: 1.8900
Epoch: 3, Batch: 50, Acc: 48.47%, Loss: 1.9219
Epoch: 3, Batch: 60, Acc: 48.39%, Loss: 1.9266
Epoch: 3, Batch: 70, Acc: 49.02%, Loss: 1.8087
Epoch: 3, Batch: 80, Acc: 48.95%, Loss: 1.8665
Epoch: 3, Batch: 90, Acc: 48.91%, Loss: 1.8530
Epoch: 3, Batch: 100, Acc: 48.84%, Loss: 1.7582
Epoch: 3, Batch: 110, Acc: 48.70%, Loss: 1.8213
Accuracy on test set: 11.35%
Epoch: 4, Batch: 10, Acc: 44.84%, Loss: 1.7805
Epoch: 4, Batch: 20, Acc: 48.12%, Loss: 1.8740
Epoch: 4, Batch: 30, Acc: 47.14%, Loss: 1.8901
Epoch: 4, Batch: 40, Acc: 47.42%, Loss: 1.8420
Epoch: 4, Batch: 50, Acc: 46.84%, Loss: 1.8480
Epoch: 4, Batch: 60, Acc: 47.40%, Loss: 1.8533
Epoch: 4, Batch: 70, Acc: 47.61%, Loss: 1.8143
Epoch: 4, Batch: 80, Acc: 48.07%, Loss: 1.7795
Epoch: 4, Batch: 90, Acc: 48.45%, Loss: 1.7783
Epoch: 4, Batch: 100, Acc: 48.66%, Loss: 1.8190
Epoch: 4, Batch: 110, Acc: 48.70%, Loss: 1.7293
Accuracy on test set: 11.35%
Epoch: 5, Batch: 10, Acc: 48.91%, Loss: 1.8196
Epoch: 5, Batch: 20, Acc: 49.92%, Loss: 1.6853
Epoch: 5, Batch: 30, Acc: 48.75%, Loss: 1.9311
Epoch: 5, Batch: 40, Acc: 48.91%, Loss: 1.7165
Epoch: 5, Batch: 50, Acc: 48.91%, Loss: 1.9016
Epoch: 5, Batch: 60, Acc: 48.49%, Loss: 1.8274
Epoch: 5, Batch: 70, Acc: 48.42%, Loss: 2.0800
Epoch: 5, Batch: 80, Acc: 48.26%, Loss: 1.9580
Epoch: 5, Batch: 90, Acc: 48.61%, Loss: 1.6641
Epoch: 5, Batch: 100, Acc: 48.53%, Loss: 1.8406
Epoch: 5, Batch: 110, Acc: 48.70%, Loss: 1.8122
Accuracy on test set: 11.35%
Epoch: 6, Batch: 10, Acc: 48.44%, Loss: 2.0290
Epoch: 6, Batch: 20, Acc: 47.89%, Loss: 1.9671
Epoch: 6, Batch: 30, Acc: 48.59%, Loss: 1.7420
Epoch: 6, Batch: 40, Acc: 47.89%, Loss: 1.8824
Epoch: 6, Batch: 50, Acc: 48.38%, Loss: 1.9178
Epoch: 6, Batch: 60, Acc: 48.70%, Loss: 2.0225
Epoch: 6, Batch: 70, Acc: 48.55%, Loss: 2.0371
Epoch: 6, Batch: 80, Acc: 48.52%, Loss: 1.8435
Epoch: 6, Batch: 90, Acc: 48.70%, Loss: 1.8444
Epoch: 6, Batch: 100, Acc: 48.86%, Loss: 1.6714
Epoch: 6, Batch: 110, Acc: 48.70%, Loss: 2.1489
Accuracy on test set: 11.35%
Epoch: 7, Batch: 10, Acc: 47.34%, Loss: 1.7692
Epoch: 7, Batch: 20, Acc: 48.67%, Loss: 2.1561
Epoch: 7, Batch: 30, Acc: 48.33%, Loss: 2.0186
Epoch: 7, Batch: 40, Acc: 48.87%, Loss: 1.8356
Epoch: 7, Batch: 50, Acc: 48.50%, Loss: 1.8794
Epoch: 7, Batch: 60, Acc: 48.75%, Loss: 2.0504
Epoch: 7, Batch: 70, Acc: 49.20%, Loss: 1.9130
Epoch: 7, Batch: 80, Acc: 48.95%, Loss: 2.0860
Epoch: 7, Batch: 90, Acc: 48.66%, Loss: 1.8272
Epoch: 7, Batch: 100, Acc: 48.66%, Loss: 1.7406
Epoch: 7, Batch: 110, Acc: 48.70%, Loss: 1.9796
Accuracy on test set: 11.35%
Epoch: 8, Batch: 10, Acc: 51.88%, Loss: 1.7477
Epoch: 8, Batch: 20, Acc: 51.56%, Loss: 1.7897
Epoch: 8, Batch: 30, Acc: 50.31%, Loss: 2.1266
Epoch: 8, Batch: 40, Acc: 49.18%, Loss: 1.9185
Epoch: 8, Batch: 50, Acc: 49.38%, Loss: 1.8974
Epoch: 8, Batch: 60, Acc: 49.14%, Loss: 1.9892
Epoch: 8, Batch: 70, Acc: 49.00%, Loss: 1.8873
Epoch: 8, Batch: 80, Acc: 48.79%, Loss: 1.9793
Epoch: 8, Batch: 90, Acc: 48.70%, Loss: 1.9404
Epoch: 8, Batch: 100, Acc: 48.72%, Loss: 2.0065
Epoch: 8, Batch: 110, Acc: 48.70%, Loss: 1.9758
Accuracy on test set: 11.35%
Epoch: 9, Batch: 10, Acc: 47.50%, Loss: 1.9510
Epoch: 9, Batch: 20, Acc: 49.14%, Loss: 2.0643
Epoch: 9, Batch: 30, Acc: 48.85%, Loss: 2.0259
Epoch: 9, Batch: 40, Acc: 48.32%, Loss: 1.9394
Epoch: 9, Batch: 50, Acc: 48.97%, Loss: 1.8600
Epoch: 9, Batch: 60, Acc: 48.85%, Loss: 2.2098
Epoch: 9, Batch: 70, Acc: 48.71%, Loss: 2.0686
Epoch: 9, Batch: 80, Acc: 48.87%, Loss: 1.8909
Epoch: 9, Batch: 90, Acc: 48.68%, Loss: 1.9796
Epoch: 9, Batch: 100, Acc: 48.58%, Loss: 2.0416
Epoch: 9, Batch: 110, Acc: 48.70%, Loss: 1.8865
Accuracy on test set: 11.35%
Epoch: 10, Batch: 10, Acc: 50.62%, Loss: 1.9818
Epoch: 10, Batch: 20, Acc: 49.06%, Loss: 2.1376
Epoch: 10, Batch: 30, Acc: 49.32%, Loss: 2.1660
Epoch: 10, Batch: 40, Acc: 49.53%, Loss: 2.1490
Epoch: 10, Batch: 50, Acc: 48.84%, Loss: 2.1407
Epoch: 10, Batch: 60, Acc: 48.78%, Loss: 2.0433
Epoch: 10, Batch: 70, Acc: 48.73%, Loss: 1.7911
Epoch: 10, Batch: 80, Acc: 49.28%, Loss: 2.1037
Epoch: 10, Batch: 90, Acc: 48.89%, Loss: 2.0549
Epoch: 10, Batch: 100, Acc: 48.69%, Loss: 2.0470
Epoch: 10, Batch: 110, Acc: 48.70%, Loss: 2.0313
Accuracy on test set: 11.35%
  [Run 2 | eps=0.5 | quid | q-detection | GPU 0] Training Time: 3238.05s  Best Acc: 11.39%

  [Run 2 | eps=0.5 | quid | q-detection | GPU 0] Evaluating final model on clean test data...
  Accuracy    : 0.1139
  Loss        : 2.2886
  Precision   : 0.0288
  Recall      : 0.1004
  F1          : 0.0447
  Fpr         : 0.1000
  Fnr         : 0.8996
  Roc_auc     : 0.7240
  Pr_auc      : 0.2610
  Asr         : 86.9143
Metrics saved to eps0.5/qmlp-mnist-quid-run2-layer50_quid_eps0.5_quid_qdetection.csv
  [Run 2 | eps=0.5 | quid | q-detection | GPU 0] Done. Saved → eps0.5/qmlp-mnist-quid-run2-layer50-noiseless-Amplitude_eps0.5_quid_qdetection.pt

====================================================================
 [Run 2 | eps=0.5 | random | none | GPU 0]
====================================================================
  [Run 2 | eps=0.5 | random | none | GPU 0] Stratified subset: 7000 samples (700 per class max, from 60000 total)
  [Run 2 | eps=0.5 | random | none | GPU 0] Poisoned: 3500/7000
Epoch: 1, Batch: 10, Acc: 11.09%, Loss: 2.3161
Epoch: 1, Batch: 20, Acc: 10.31%, Loss: 2.3179
Epoch: 1, Batch: 30, Acc: 9.58%, Loss: 2.3134
Epoch: 1, Batch: 40, Acc: 9.61%, Loss: 2.3124
Epoch: 1, Batch: 50, Acc: 9.88%, Loss: 2.3075
Epoch: 1, Batch: 60, Acc: 10.34%, Loss: 2.3001
Epoch: 1, Batch: 70, Acc: 10.56%, Loss: 2.3080
Epoch: 1, Batch: 80, Acc: 10.84%, Loss: 2.2963
Epoch: 1, Batch: 90, Acc: 10.97%, Loss: 2.3040
Epoch: 1, Batch: 100, Acc: 11.17%, Loss: 2.2935
Epoch: 1, Batch: 110, Acc: 11.29%, Loss: 2.2934
Accuracy on test set: 20.71%
Epoch: 2, Batch: 10, Acc: 13.91%, Loss: 2.2891
Epoch: 2, Batch: 20, Acc: 14.53%, Loss: 2.2745
Epoch: 2, Batch: 30, Acc: 15.31%, Loss: 2.2740
Epoch: 2, Batch: 40, Acc: 15.35%, Loss: 2.2819
Epoch: 2, Batch: 50, Acc: 15.22%, Loss: 2.2820
Epoch: 2, Batch: 60, Acc: 15.10%, Loss: 2.2850
Epoch: 2, Batch: 70, Acc: 15.54%, Loss: 2.2696
Epoch: 2, Batch: 80, Acc: 15.66%, Loss: 2.2767
Epoch: 2, Batch: 90, Acc: 15.73%, Loss: 2.2705
Epoch: 2, Batch: 100, Acc: 15.86%, Loss: 2.2676
Epoch: 2, Batch: 110, Acc: 15.83%, Loss: 2.2718
Accuracy on test set: 30.11%
Epoch: 3, Batch: 10, Acc: 17.34%, Loss: 2.2670
Epoch: 3, Batch: 20, Acc: 18.91%, Loss: 2.2553
Epoch: 3, Batch: 30, Acc: 19.11%, Loss: 2.2564
Epoch: 3, Batch: 40, Acc: 19.06%, Loss: 2.2646
Epoch: 3, Batch: 50, Acc: 19.72%, Loss: 2.2456
Epoch: 3, Batch: 60, Acc: 20.05%, Loss: 2.2548
Epoch: 3, Batch: 70, Acc: 20.54%, Loss: 2.2425
Epoch: 3, Batch: 80, Acc: 21.00%, Loss: 2.2492
Epoch: 3, Batch: 90, Acc: 21.32%, Loss: 2.2391
Epoch: 3, Batch: 100, Acc: 21.67%, Loss: 2.2398
Epoch: 3, Batch: 110, Acc: 22.23%, Loss: 2.2363
Accuracy on test set: 45.10%
Epoch: 4, Batch: 10, Acc: 27.34%, Loss: 2.2260
Epoch: 4, Batch: 20, Acc: 25.23%, Loss: 2.2388
Epoch: 4, Batch: 30, Acc: 25.99%, Loss: 2.2265
Epoch: 4, Batch: 40, Acc: 26.13%, Loss: 2.2349
Epoch: 4, Batch: 50, Acc: 26.44%, Loss: 2.2249
Epoch: 4, Batch: 60, Acc: 26.41%, Loss: 2.2317
Epoch: 4, Batch: 70, Acc: 26.70%, Loss: 2.2255
Epoch: 4, Batch: 80, Acc: 26.33%, Loss: 2.2306
Epoch: 4, Batch: 90, Acc: 26.16%, Loss: 2.2341
Epoch: 4, Batch: 100, Acc: 26.61%, Loss: 2.2170
Epoch: 4, Batch: 110, Acc: 27.01%, Loss: 2.2136
Accuracy on test set: 50.56%
Epoch: 5, Batch: 10, Acc: 26.72%, Loss: 2.2133
Epoch: 5, Batch: 20, Acc: 28.67%, Loss: 2.2071
Epoch: 5, Batch: 30, Acc: 28.65%, Loss: 2.2130
Epoch: 5, Batch: 40, Acc: 29.14%, Loss: 2.1928
Epoch: 5, Batch: 50, Acc: 29.47%, Loss: 2.2074
Epoch: 5, Batch: 60, Acc: 29.17%, Loss: 2.2199
Epoch: 5, Batch: 70, Acc: 28.57%, Loss: 2.2102
Epoch: 5, Batch: 80, Acc: 28.55%, Loss: 2.2134
Epoch: 5, Batch: 90, Acc: 28.66%, Loss: 2.2029
Epoch: 5, Batch: 100, Acc: 28.45%, Loss: 2.2206
Epoch: 5, Batch: 110, Acc: 28.67%, Loss: 2.1889
Accuracy on test set: 53.89%
Epoch: 6, Batch: 10, Acc: 29.22%, Loss: 2.2049
Epoch: 6, Batch: 20, Acc: 29.30%, Loss: 2.1865
Epoch: 6, Batch: 30, Acc: 29.79%, Loss: 2.1810
Epoch: 6, Batch: 40, Acc: 29.49%, Loss: 2.1886
Epoch: 6, Batch: 50, Acc: 29.78%, Loss: 2.1908
Epoch: 6, Batch: 60, Acc: 30.08%, Loss: 2.1909
Epoch: 6, Batch: 70, Acc: 30.40%, Loss: 2.1827
Epoch: 6, Batch: 80, Acc: 30.00%, Loss: 2.2176
Epoch: 6, Batch: 90, Acc: 29.95%, Loss: 2.2056
Epoch: 6, Batch: 100, Acc: 30.28%, Loss: 2.1855
Epoch: 6, Batch: 110, Acc: 30.63%, Loss: 2.1626
Accuracy on test set: 57.13%
Epoch: 7, Batch: 10, Acc: 33.28%, Loss: 2.1769
Epoch: 7, Batch: 20, Acc: 31.41%, Loss: 2.1984
Epoch: 7, Batch: 30, Acc: 31.72%, Loss: 2.1628
Epoch: 7, Batch: 40, Acc: 31.64%, Loss: 2.1956
Epoch: 7, Batch: 50, Acc: 31.62%, Loss: 2.1598
Epoch: 7, Batch: 60, Acc: 31.51%, Loss: 2.1915
Epoch: 7, Batch: 70, Acc: 31.36%, Loss: 2.1753
Epoch: 7, Batch: 80, Acc: 31.35%, Loss: 2.1687
Epoch: 7, Batch: 90, Acc: 31.63%, Loss: 2.1631
Epoch: 7, Batch: 100, Acc: 31.75%, Loss: 2.1703
Epoch: 7, Batch: 110, Acc: 32.14%, Loss: 2.1547
Accuracy on test set: 61.29%
Epoch: 8, Batch: 10, Acc: 33.28%, Loss: 2.1703
Epoch: 8, Batch: 20, Acc: 34.69%, Loss: 2.1472
Epoch: 8, Batch: 30, Acc: 34.53%, Loss: 2.1737
Epoch: 8, Batch: 40, Acc: 34.41%, Loss: 2.1589
Epoch: 8, Batch: 50, Acc: 34.56%, Loss: 2.1453
Epoch: 8, Batch: 60, Acc: 34.53%, Loss: 2.1684
Epoch: 8, Batch: 70, Acc: 34.22%, Loss: 2.1556
Epoch: 8, Batch: 80, Acc: 34.02%, Loss: 2.1736
Epoch: 8, Batch: 90, Acc: 34.03%, Loss: 2.1569
Epoch: 8, Batch: 100, Acc: 34.11%, Loss: 2.1554
Epoch: 8, Batch: 110, Acc: 34.04%, Loss: 2.1550
Accuracy on test set: 63.79%
Epoch: 9, Batch: 10, Acc: 36.56%, Loss: 2.1413
Epoch: 9, Batch: 20, Acc: 36.25%, Loss: 2.1708
Epoch: 9, Batch: 30, Acc: 35.89%, Loss: 2.1565
Epoch: 9, Batch: 40, Acc: 35.35%, Loss: 2.1435
Epoch: 9, Batch: 50, Acc: 34.75%, Loss: 2.1636
Epoch: 9, Batch: 60, Acc: 35.03%, Loss: 2.1387
Epoch: 9, Batch: 70, Acc: 35.20%, Loss: 2.1345
Epoch: 9, Batch: 80, Acc: 35.33%, Loss: 2.1411
Epoch: 9, Batch: 90, Acc: 35.59%, Loss: 2.1371
Epoch: 9, Batch: 100, Acc: 35.36%, Loss: 2.1500
Epoch: 9, Batch: 110, Acc: 35.51%, Loss: 2.1546
Accuracy on test set: 65.21%
Epoch: 10, Batch: 10, Acc: 34.69%, Loss: 2.1558
Epoch: 10, Batch: 20, Acc: 35.78%, Loss: 2.1207
Epoch: 10, Batch: 30, Acc: 36.35%, Loss: 2.1376
Epoch: 10, Batch: 40, Acc: 36.17%, Loss: 2.1178
Epoch: 10, Batch: 50, Acc: 36.66%, Loss: 2.0983
Epoch: 10, Batch: 60, Acc: 36.35%, Loss: 2.1517
Epoch: 10, Batch: 70, Acc: 36.52%, Loss: 2.1308
Epoch: 10, Batch: 80, Acc: 36.50%, Loss: 2.1108
Epoch: 10, Batch: 90, Acc: 36.46%, Loss: 2.1265
Epoch: 10, Batch: 100, Acc: 35.97%, Loss: 2.1608
Epoch: 10, Batch: 110, Acc: 35.69%, Loss: 2.1762
Accuracy on test set: 66.04%
  [Run 2 | eps=0.5 | random | none | GPU 0] Training Time: 2020.12s  Best Acc: 66.04%

  [Run 2 | eps=0.5 | random | none | GPU 0] Evaluating final model on clean test data...
  Accuracy    : 0.6604
  Loss        : 1.8802
  Precision   : 0.6782
  Recall      : 0.6549
  F1          : 0.6663
  Fpr         : 0.0377
  Fnr         : 0.3451
  Roc_auc     : 0.9179
  Pr_auc      : 0.6667
  Asr         : 5.3714
Metrics saved to eps0.5/qmlp-mnist-quid-run2-layer50_quid_eps0.5_random_none.csv
  [Run 2 | eps=0.5 | random | none | GPU 0] Done. Saved → eps0.5/qmlp-mnist-quid-run2-layer50-noiseless-Amplitude_eps0.5_random_none.pt

====================================================================
 [Run 2 | eps=0.5 | random | q-detection | GPU 0]
====================================================================
  [Run 2 | eps=0.5 | random | q-detection | GPU 0] Stratified subset: 7000 samples (700 per class max, from 60000 total)
  [Run 2 | eps=0.5 | random | q-detection | GPU 0] Poisoned: 3500/7000
  [Run 2 | eps=0.5 | random | q-detection | GPU 0] J matrix: 7000x7000 (392 MB)
Epoch: 1, Batch: 10, Acc: 11.09%, Loss: 2.2759
Epoch: 1, Batch: 20, Acc: 10.31%, Loss: 2.2864
Epoch: 1, Batch: 30, Acc: 9.58%, Loss: 2.2848
Epoch: 1, Batch: 40, Acc: 9.45%, Loss: 2.2818
Epoch: 1, Batch: 50, Acc: 9.41%, Loss: 2.2804
Epoch: 1, Batch: 60, Acc: 9.69%, Loss: 2.2679
Epoch: 1, Batch: 70, Acc: 9.87%, Loss: 2.2819
Epoch: 1, Batch: 80, Acc: 10.12%, Loss: 2.2652
Epoch: 1, Batch: 90, Acc: 10.10%, Loss: 2.2791
Epoch: 1, Batch: 100, Acc: 10.30%, Loss: 2.2615
Epoch: 1, Batch: 110, Acc: 10.43%, Loss: 2.2630
Accuracy on test set: 19.25%
Epoch: 2, Batch: 10, Acc: 14.06%, Loss: 2.2683
Epoch: 2, Batch: 20, Acc: 14.14%, Loss: 2.2411
Epoch: 2, Batch: 30, Acc: 14.69%, Loss: 2.2465
Epoch: 2, Batch: 40, Acc: 14.49%, Loss: 2.2561
Epoch: 2, Batch: 50, Acc: 14.47%, Loss: 2.2590
Epoch: 2, Batch: 60, Acc: 14.30%, Loss: 2.2719
Epoch: 2, Batch: 70, Acc: 14.49%, Loss: 2.2486
Epoch: 2, Batch: 80, Acc: 14.45%, Loss: 2.2520
Epoch: 2, Batch: 90, Acc: 14.51%, Loss: 2.2504
Epoch: 2, Batch: 100, Acc: 14.66%, Loss: 2.2381
Epoch: 2, Batch: 110, Acc: 14.39%, Loss: 2.2403
Accuracy on test set: 22.13%
Epoch: 3, Batch: 10, Acc: 14.69%, Loss: 2.2528
Epoch: 3, Batch: 20, Acc: 15.16%, Loss: 2.2145
Epoch: 3, Batch: 30, Acc: 14.84%, Loss: 2.2470
Epoch: 3, Batch: 40, Acc: 14.80%, Loss: 2.2417
Epoch: 3, Batch: 50, Acc: 15.16%, Loss: 2.2227
Epoch: 3, Batch: 60, Acc: 15.23%, Loss: 2.2229
Epoch: 3, Batch: 70, Acc: 15.65%, Loss: 2.1916
Epoch: 3, Batch: 80, Acc: 15.62%, Loss: 2.2426
Epoch: 3, Batch: 90, Acc: 15.87%, Loss: 2.2101
Epoch: 3, Batch: 100, Acc: 16.03%, Loss: 2.2205
Epoch: 3, Batch: 110, Acc: 16.14%, Loss: 2.1977
Accuracy on test set: 26.82%
Epoch: 4, Batch: 10, Acc: 18.12%, Loss: 2.2350
Epoch: 4, Batch: 20, Acc: 16.80%, Loss: 2.2409
Epoch: 4, Batch: 30, Acc: 17.45%, Loss: 2.1878
Epoch: 4, Batch: 40, Acc: 17.54%, Loss: 2.2369
Epoch: 4, Batch: 50, Acc: 18.16%, Loss: 2.2108
Epoch: 4, Batch: 60, Acc: 18.07%, Loss: 2.2348
Epoch: 4, Batch: 70, Acc: 18.35%, Loss: 2.2462
Epoch: 4, Batch: 80, Acc: 18.32%, Loss: 2.2341
Epoch: 4, Batch: 90, Acc: 18.58%, Loss: 2.2191
Epoch: 4, Batch: 100, Acc: 18.91%, Loss: 2.1696
Epoch: 4, Batch: 110, Acc: 19.33%, Loss: 2.2071
Accuracy on test set: 35.93%
Epoch: 5, Batch: 10, Acc: 20.62%, Loss: 2.2299
Epoch: 5, Batch: 20, Acc: 20.78%, Loss: 2.2351
Epoch: 5, Batch: 30, Acc: 21.25%, Loss: 2.2174
Epoch: 5, Batch: 40, Acc: 21.88%, Loss: 2.2265
Epoch: 5, Batch: 50, Acc: 22.69%, Loss: 2.2264
Epoch: 5, Batch: 60, Acc: 22.66%, Loss: 2.1896
Epoch: 5, Batch: 70, Acc: 22.57%, Loss: 2.1907
Epoch: 5, Batch: 80, Acc: 22.44%, Loss: 2.2791
Epoch: 5, Batch: 90, Acc: 22.80%, Loss: 2.2492
Epoch: 5, Batch: 100, Acc: 22.77%, Loss: 2.2303
Epoch: 5, Batch: 110, Acc: 23.26%, Loss: 2.2131
Accuracy on test set: 45.88%
Epoch: 6, Batch: 10, Acc: 25.16%, Loss: 2.2479
Epoch: 6, Batch: 20, Acc: 26.02%, Loss: 2.2060
Epoch: 6, Batch: 30, Acc: 26.93%, Loss: 2.1905
Epoch: 6, Batch: 40, Acc: 26.91%, Loss: 2.1670
Epoch: 6, Batch: 50, Acc: 27.19%, Loss: 2.2588
Epoch: 6, Batch: 60, Acc: 26.93%, Loss: 2.1987
Epoch: 6, Batch: 70, Acc: 27.05%, Loss: 2.1992
Epoch: 6, Batch: 80, Acc: 26.60%, Loss: 2.2313
Epoch: 6, Batch: 90, Acc: 26.42%, Loss: 2.2569
Epoch: 6, Batch: 100, Acc: 26.62%, Loss: 2.2448
Epoch: 6, Batch: 110, Acc: 27.13%, Loss: 2.1354
Accuracy on test set: 48.81%
Epoch: 7, Batch: 10, Acc: 28.75%, Loss: 2.2154
Epoch: 7, Batch: 20, Acc: 27.50%, Loss: 2.2161
Epoch: 7, Batch: 30, Acc: 27.92%, Loss: 2.2444
Epoch: 7, Batch: 40, Acc: 27.62%, Loss: 2.2685
Epoch: 7, Batch: 50, Acc: 27.88%, Loss: 2.2787
Epoch: 7, Batch: 60, Acc: 27.58%, Loss: 2.2708
Epoch: 7, Batch: 70, Acc: 27.75%, Loss: 2.2849
Epoch: 7, Batch: 80, Acc: 27.99%, Loss: 2.2074
Epoch: 7, Batch: 90, Acc: 28.21%, Loss: 2.2300
Epoch: 7, Batch: 100, Acc: 28.16%, Loss: 2.2748
Epoch: 7, Batch: 110, Acc: 28.26%, Loss: 2.2010
Accuracy on test set: 52.40%
Epoch: 8, Batch: 10, Acc: 27.66%, Loss: 2.1948
Epoch: 8, Batch: 20, Acc: 30.00%, Loss: 2.1515
Epoch: 8, Batch: 30, Acc: 30.10%, Loss: 2.2717
Epoch: 8, Batch: 40, Acc: 29.96%, Loss: 2.2365
Epoch: 8, Batch: 50, Acc: 29.88%, Loss: 2.2314
Epoch: 8, Batch: 60, Acc: 29.82%, Loss: 2.2414
Epoch: 8, Batch: 70, Acc: 29.82%, Loss: 2.2081
Epoch: 8, Batch: 80, Acc: 29.47%, Loss: 2.1994
Epoch: 8, Batch: 90, Acc: 29.81%, Loss: 2.1875
Epoch: 8, Batch: 100, Acc: 29.88%, Loss: 2.1656
Epoch: 8, Batch: 110, Acc: 29.73%, Loss: 2.2348
Accuracy on test set: 54.59%
Epoch: 9, Batch: 10, Acc: 31.25%, Loss: 2.2504
Epoch: 9, Batch: 20, Acc: 29.92%, Loss: 2.1945
Epoch: 9, Batch: 30, Acc: 30.31%, Loss: 2.2577
Epoch: 9, Batch: 40, Acc: 30.35%, Loss: 2.1973
Epoch: 9, Batch: 50, Acc: 30.00%, Loss: 2.2717
Epoch: 9, Batch: 60, Acc: 30.21%, Loss: 2.2078
Epoch: 9, Batch: 70, Acc: 30.58%, Loss: 2.2568
Epoch: 9, Batch: 80, Acc: 30.39%, Loss: 2.2349
Epoch: 9, Batch: 90, Acc: 30.31%, Loss: 2.1852
Epoch: 9, Batch: 100, Acc: 29.97%, Loss: 2.1996
Epoch: 9, Batch: 110, Acc: 29.96%, Loss: 2.2314
Accuracy on test set: 54.00%
Epoch: 10, Batch: 10, Acc: 34.06%, Loss: 2.2383
Epoch: 10, Batch: 20, Acc: 32.19%, Loss: 2.1845
Epoch: 10, Batch: 30, Acc: 31.35%, Loss: 2.1525
Epoch: 10, Batch: 40, Acc: 31.45%, Loss: 2.2746
Epoch: 10, Batch: 50, Acc: 31.53%, Loss: 2.2512
Epoch: 10, Batch: 60, Acc: 30.96%, Loss: 2.2250
Epoch: 10, Batch: 70, Acc: 30.94%, Loss: 2.2269
Epoch: 10, Batch: 80, Acc: 31.13%, Loss: 2.1496
Epoch: 10, Batch: 90, Acc: 31.16%, Loss: 2.2469
Epoch: 10, Batch: 100, Acc: 30.58%, Loss: 2.2398
Epoch: 10, Batch: 110, Acc: 30.63%, Loss: 2.2561
Accuracy on test set: 54.48%
  [Run 2 | eps=0.5 | random | q-detection | GPU 0] Training Time: 3202.48s  Best Acc: 54.59%

  [Run 2 | eps=0.5 | random | q-detection | GPU 0] Evaluating final model on clean test data...
  Accuracy    : 0.5459
  Loss        : 2.0260
  Precision   : 0.6210
  Recall      : 0.5361
  F1          : 0.5754
  Fpr         : 0.0505
  Fnr         : 0.4639
  Roc_auc     : 0.8940
  Pr_auc      : 0.6131
  Asr         : 6.9429
Metrics saved to eps0.5/qmlp-mnist-quid-run2-layer50_quid_eps0.5_random_qdetection.csv
  [Run 2 | eps=0.5 | random | q-detection | GPU 0] Done. Saved → eps0.5/qmlp-mnist-quid-run2-layer50-noiseless-Amplitude_eps0.5_random_qdetection.pt

====================================================================
 [Run 3 | eps=0.1 | quid | none | GPU 0]
====================================================================
  [Run 3 | eps=0.1 | quid | none | GPU 0] Stratified subset: 7000 samples (700 per class max, from 60000 total)
  [QUID] Computing density matrices for 700 poisoned samples ...
  [QUID] Density matrices done in 0.8s
  [QUID] Assigning adversarial labels ...
  [QUID] Label assignment done in 8.7s
  [QUID] Labels changed: 697/700
  [Run 3 | eps=0.1 | quid | none | GPU 0] Poisoned: 700/7000
Epoch: 1, Batch: 10, Acc: 7.97%, Loss: 2.3218
Epoch: 1, Batch: 20, Acc: 9.61%, Loss: 2.3132
Epoch: 1, Batch: 30, Acc: 9.90%, Loss: 2.3035
Epoch: 1, Batch: 40, Acc: 10.00%, Loss: 2.2977
Epoch: 1, Batch: 50, Acc: 10.41%, Loss: 2.2864
Epoch: 1, Batch: 60, Acc: 11.28%, Loss: 2.2783
Epoch: 1, Batch: 70, Acc: 11.85%, Loss: 2.2739
Epoch: 1, Batch: 80, Acc: 12.64%, Loss: 2.2652
Epoch: 1, Batch: 90, Acc: 13.77%, Loss: 2.2506
Epoch: 1, Batch: 100, Acc: 14.38%, Loss: 2.2564
Epoch: 1, Batch: 110, Acc: 15.49%, Loss: 2.2422
Accuracy on test set: 33.10%
Epoch: 2, Batch: 10, Acc: 30.94%, Loss: 2.2369
Epoch: 2, Batch: 20, Acc: 32.81%, Loss: 2.2313
Epoch: 2, Batch: 30, Acc: 33.85%, Loss: 2.2267
Epoch: 2, Batch: 40, Acc: 34.69%, Loss: 2.2178
Epoch: 2, Batch: 50, Acc: 36.25%, Loss: 2.2087
Epoch: 2, Batch: 60, Acc: 37.81%, Loss: 2.1901
Epoch: 2, Batch: 70, Acc: 38.28%, Loss: 2.1953
Epoch: 2, Batch: 80, Acc: 39.22%, Loss: 2.1811
Epoch: 2, Batch: 90, Acc: 39.51%, Loss: 2.1808
Epoch: 2, Batch: 100, Acc: 39.42%, Loss: 2.1837
Epoch: 2, Batch: 110, Acc: 40.19%, Loss: 2.1594
Accuracy on test set: 48.86%
Epoch: 3, Batch: 10, Acc: 45.94%, Loss: 2.1559
Epoch: 3, Batch: 20, Acc: 48.44%, Loss: 2.1263
Epoch: 3, Batch: 30, Acc: 46.88%, Loss: 2.1415
Epoch: 3, Batch: 40, Acc: 45.94%, Loss: 2.1440
Epoch: 3, Batch: 50, Acc: 45.62%, Loss: 2.1282
Epoch: 3, Batch: 60, Acc: 45.42%, Loss: 2.1239
Epoch: 3, Batch: 70, Acc: 44.89%, Loss: 2.1338
Epoch: 3, Batch: 80, Acc: 44.88%, Loss: 2.1088
Epoch: 3, Batch: 90, Acc: 45.03%, Loss: 2.0954
Epoch: 3, Batch: 100, Acc: 45.25%, Loss: 2.1090
Epoch: 3, Batch: 110, Acc: 44.94%, Loss: 2.1080
Accuracy on test set: 47.61%
Epoch: 4, Batch: 10, Acc: 45.78%, Loss: 2.0821
Epoch: 4, Batch: 20, Acc: 45.31%, Loss: 2.0771
Epoch: 4, Batch: 30, Acc: 45.52%, Loss: 2.0728
Epoch: 4, Batch: 40, Acc: 45.35%, Loss: 2.0620
Epoch: 4, Batch: 50, Acc: 44.69%, Loss: 2.0707
Epoch: 4, Batch: 60, Acc: 45.26%, Loss: 2.0424
Epoch: 4, Batch: 70, Acc: 45.62%, Loss: 2.0400
Epoch: 4, Batch: 80, Acc: 45.14%, Loss: 2.0664
Epoch: 4, Batch: 90, Acc: 44.76%, Loss: 2.0328
Epoch: 4, Batch: 100, Acc: 44.27%, Loss: 2.0453
Epoch: 4, Batch: 110, Acc: 44.44%, Loss: 2.0269
Accuracy on test set: 44.97%
Epoch: 5, Batch: 10, Acc: 45.31%, Loss: 2.0290
Epoch: 5, Batch: 20, Acc: 44.84%, Loss: 2.0278
Epoch: 5, Batch: 30, Acc: 45.78%, Loss: 1.9878
Epoch: 5, Batch: 40, Acc: 45.82%, Loss: 1.9950
Epoch: 5, Batch: 50, Acc: 45.09%, Loss: 2.0066
Epoch: 5, Batch: 60, Acc: 44.64%, Loss: 1.9841
Epoch: 5, Batch: 70, Acc: 44.80%, Loss: 1.9878
Epoch: 5, Batch: 80, Acc: 44.65%, Loss: 1.9824
Epoch: 5, Batch: 90, Acc: 44.76%, Loss: 1.9950
Epoch: 5, Batch: 100, Acc: 44.52%, Loss: 1.9798
Epoch: 5, Batch: 110, Acc: 44.56%, Loss: 1.9812
Accuracy on test set: 46.86%
Epoch: 6, Batch: 10, Acc: 46.09%, Loss: 1.9610
Epoch: 6, Batch: 20, Acc: 46.02%, Loss: 1.9720
Epoch: 6, Batch: 30, Acc: 46.04%, Loss: 1.9793
Epoch: 6, Batch: 40, Acc: 45.98%, Loss: 1.9542
Epoch: 6, Batch: 50, Acc: 46.19%, Loss: 1.9376
Epoch: 6, Batch: 60, Acc: 46.30%, Loss: 1.9447
Epoch: 6, Batch: 70, Acc: 46.32%, Loss: 1.9289
Epoch: 6, Batch: 80, Acc: 46.50%, Loss: 1.9040
Epoch: 6, Batch: 90, Acc: 46.48%, Loss: 1.9247
Epoch: 6, Batch: 100, Acc: 46.61%, Loss: 1.9290
Epoch: 6, Batch: 110, Acc: 46.96%, Loss: 1.8927
Accuracy on test set: 49.66%
Epoch: 7, Batch: 10, Acc: 46.25%, Loss: 1.9032
Epoch: 7, Batch: 20, Acc: 47.27%, Loss: 1.9180
Epoch: 7, Batch: 30, Acc: 47.40%, Loss: 1.8962
Epoch: 7, Batch: 40, Acc: 47.97%, Loss: 1.8719
Epoch: 7, Batch: 50, Acc: 48.06%, Loss: 1.8860
Epoch: 7, Batch: 60, Acc: 48.75%, Loss: 1.8698
Epoch: 7, Batch: 70, Acc: 48.95%, Loss: 1.8590
Epoch: 7, Batch: 80, Acc: 48.36%, Loss: 1.8991
Epoch: 7, Batch: 90, Acc: 48.23%, Loss: 1.8860
Epoch: 7, Batch: 100, Acc: 48.34%, Loss: 1.8727
Epoch: 7, Batch: 110, Acc: 48.41%, Loss: 1.8885
Accuracy on test set: 52.99%
Epoch: 8, Batch: 10, Acc: 51.41%, Loss: 1.8360
Epoch: 8, Batch: 20, Acc: 51.33%, Loss: 1.8511
Epoch: 8, Batch: 30, Acc: 51.25%, Loss: 1.8308
Epoch: 8, Batch: 40, Acc: 50.16%, Loss: 1.8879
Epoch: 8, Batch: 50, Acc: 50.22%, Loss: 1.8281
Epoch: 8, Batch: 60, Acc: 50.47%, Loss: 1.8358
Epoch: 8, Batch: 70, Acc: 50.85%, Loss: 1.8309
Epoch: 8, Batch: 80, Acc: 51.35%, Loss: 1.8052
Epoch: 8, Batch: 90, Acc: 51.49%, Loss: 1.8303
Epoch: 8, Batch: 100, Acc: 51.62%, Loss: 1.8197
Epoch: 8, Batch: 110, Acc: 51.67%, Loss: 1.8301
Accuracy on test set: 55.79%
Epoch: 9, Batch: 10, Acc: 52.19%, Loss: 1.8041
Epoch: 9, Batch: 20, Acc: 53.05%, Loss: 1.8010
Epoch: 9, Batch: 30, Acc: 52.81%, Loss: 1.8066
Epoch: 9, Batch: 40, Acc: 52.54%, Loss: 1.8085
Epoch: 9, Batch: 50, Acc: 52.94%, Loss: 1.7653
Epoch: 9, Batch: 60, Acc: 52.97%, Loss: 1.8049
Epoch: 9, Batch: 70, Acc: 53.26%, Loss: 1.7786
Epoch: 9, Batch: 80, Acc: 53.65%, Loss: 1.8061
Epoch: 9, Batch: 90, Acc: 53.72%, Loss: 1.7783
Epoch: 9, Batch: 100, Acc: 54.17%, Loss: 1.7458
Epoch: 9, Batch: 110, Acc: 54.30%, Loss: 1.7521
Accuracy on test set: 58.29%
Epoch: 10, Batch: 10, Acc: 54.69%, Loss: 1.7574
Epoch: 10, Batch: 20, Acc: 56.02%, Loss: 1.7588
Epoch: 10, Batch: 30, Acc: 56.41%, Loss: 1.7488
Epoch: 10, Batch: 40, Acc: 56.02%, Loss: 1.7493
Epoch: 10, Batch: 50, Acc: 56.38%, Loss: 1.7214
Epoch: 10, Batch: 60, Acc: 56.07%, Loss: 1.7598
Epoch: 10, Batch: 70, Acc: 56.21%, Loss: 1.7081
Epoch: 10, Batch: 80, Acc: 56.27%, Loss: 1.7599
Epoch: 10, Batch: 90, Acc: 56.18%, Loss: 1.7607
Epoch: 10, Batch: 100, Acc: 56.23%, Loss: 1.7214
Epoch: 10, Batch: 110, Acc: 56.20%, Loss: 1.7334
Accuracy on test set: 61.70%
  [Run 3 | eps=0.1 | quid | none | GPU 0] Training Time: 2027.98s  Best Acc: 61.70%

  [Run 3 | eps=0.1 | quid | none | GPU 0] Evaluating final model on clean test data...
  Accuracy    : 0.6170
  Loss        : 1.6561
  Precision   : 0.7698
  Recall      : 0.6091
  F1          : 0.6801
  Fpr         : 0.0430
  Fnr         : 0.3909
  Roc_auc     : 0.9472
  Pr_auc      : 0.7661
  Asr         : 23.8571
Metrics saved to eps0.1/qmlp-mnist-quid-run3-layer50_quid_eps0.1_quid_none.csv
  [Run 3 | eps=0.1 | quid | none | GPU 0] Done. Saved → eps0.1/qmlp-mnist-quid-run3-layer50-noiseless-Amplitude_eps0.1_quid_none.pt

====================================================================
 [Run 3 | eps=0.1 | quid | q-detection | GPU 0]
====================================================================
  [Run 3 | eps=0.1 | quid | q-detection | GPU 0] Stratified subset: 7000 samples (700 per class max, from 60000 total)
  [QUID] Computing density matrices for 700 poisoned samples ...
  [QUID] Density matrices done in 1.0s
  [QUID] Assigning adversarial labels ...
  [QUID] Label assignment done in 9.1s
  [QUID] Labels changed: 697/700
  [Run 3 | eps=0.1 | quid | q-detection | GPU 0] Poisoned: 700/7000
  [Run 3 | eps=0.1 | quid | q-detection | GPU 0] J matrix: 7000x7000 (392 MB)
Epoch: 1, Batch: 10, Acc: 7.97%, Loss: 2.2950
Epoch: 1, Batch: 20, Acc: 9.53%, Loss: 2.2859
Epoch: 1, Batch: 30, Acc: 9.64%, Loss: 2.2792
Epoch: 1, Batch: 40, Acc: 9.45%, Loss: 2.2765
Epoch: 1, Batch: 50, Acc: 9.62%, Loss: 2.2619
Epoch: 1, Batch: 60, Acc: 9.97%, Loss: 2.2576
Epoch: 1, Batch: 70, Acc: 10.40%, Loss: 2.2556
Epoch: 1, Batch: 80, Acc: 11.05%, Loss: 2.2435
Epoch: 1, Batch: 90, Acc: 12.05%, Loss: 2.2328
Epoch: 1, Batch: 100, Acc: 12.45%, Loss: 2.2464
Epoch: 1, Batch: 110, Acc: 13.09%, Loss: 2.2213
Accuracy on test set: 21.05%
Epoch: 2, Batch: 10, Acc: 17.50%, Loss: 2.2218
Epoch: 2, Batch: 20, Acc: 19.61%, Loss: 2.2153
Epoch: 2, Batch: 30, Acc: 20.05%, Loss: 2.2150
Epoch: 2, Batch: 40, Acc: 21.05%, Loss: 2.2187
Epoch: 2, Batch: 50, Acc: 22.94%, Loss: 2.1912
Epoch: 2, Batch: 60, Acc: 24.58%, Loss: 2.1836
Epoch: 2, Batch: 70, Acc: 26.05%, Loss: 2.1790
Epoch: 2, Batch: 80, Acc: 27.40%, Loss: 2.1728
Epoch: 2, Batch: 90, Acc: 28.42%, Loss: 2.1664
Epoch: 2, Batch: 100, Acc: 28.73%, Loss: 2.1746
Epoch: 2, Batch: 110, Acc: 29.51%, Loss: 2.1285
Accuracy on test set: 41.37%
Epoch: 3, Batch: 10, Acc: 36.56%, Loss: 2.1340
Epoch: 3, Batch: 20, Acc: 40.16%, Loss: 2.1068
Epoch: 3, Batch: 30, Acc: 38.23%, Loss: 2.1149
Epoch: 3, Batch: 40, Acc: 37.30%, Loss: 2.1502
Epoch: 3, Batch: 50, Acc: 37.16%, Loss: 2.1163
Epoch: 3, Batch: 60, Acc: 36.82%, Loss: 2.1076
Epoch: 3, Batch: 70, Acc: 36.56%, Loss: 2.1416
Epoch: 3, Batch: 80, Acc: 36.84%, Loss: 2.0830
Epoch: 3, Batch: 90, Acc: 36.88%, Loss: 2.0724
Epoch: 3, Batch: 100, Acc: 36.86%, Loss: 2.0980
Epoch: 3, Batch: 110, Acc: 36.94%, Loss: 2.0742
Accuracy on test set: 37.46%
Epoch: 4, Batch: 10, Acc: 35.47%, Loss: 2.0255
Epoch: 4, Batch: 20, Acc: 36.25%, Loss: 2.0662
Epoch: 4, Batch: 30, Acc: 35.42%, Loss: 2.0886
Epoch: 4, Batch: 40, Acc: 35.70%, Loss: 2.0554
Epoch: 4, Batch: 50, Acc: 35.41%, Loss: 2.0230
Epoch: 4, Batch: 60, Acc: 35.91%, Loss: 2.0433
Epoch: 4, Batch: 70, Acc: 36.65%, Loss: 2.0384
Epoch: 4, Batch: 80, Acc: 36.19%, Loss: 2.0612
Epoch: 4, Batch: 90, Acc: 35.99%, Loss: 1.9560
Epoch: 4, Batch: 100, Acc: 35.59%, Loss: 2.0266
Epoch: 4, Batch: 110, Acc: 35.43%, Loss: 2.0129
Accuracy on test set: 33.15%
Epoch: 5, Batch: 10, Acc: 32.66%, Loss: 1.9861
Epoch: 5, Batch: 20, Acc: 33.12%, Loss: 2.1222
Epoch: 5, Batch: 30, Acc: 34.43%, Loss: 2.0153
Epoch: 5, Batch: 40, Acc: 34.57%, Loss: 1.9393
Epoch: 5, Batch: 50, Acc: 34.69%, Loss: 1.9981
Epoch: 5, Batch: 60, Acc: 35.00%, Loss: 2.0237
Epoch: 5, Batch: 70, Acc: 35.36%, Loss: 1.9581
Epoch: 5, Batch: 80, Acc: 35.49%, Loss: 1.9676
Epoch: 5, Batch: 90, Acc: 35.87%, Loss: 1.9882
Epoch: 5, Batch: 100, Acc: 35.80%, Loss: 2.0108
Epoch: 5, Batch: 110, Acc: 36.11%, Loss: 2.0454
Accuracy on test set: 39.20%
Epoch: 6, Batch: 10, Acc: 38.59%, Loss: 2.0659
Epoch: 6, Batch: 20, Acc: 40.00%, Loss: 1.9534
Epoch: 6, Batch: 30, Acc: 39.27%, Loss: 1.9228
Epoch: 6, Batch: 40, Acc: 39.53%, Loss: 2.0269
Epoch: 6, Batch: 50, Acc: 39.84%, Loss: 2.0171
Epoch: 6, Batch: 60, Acc: 40.08%, Loss: 1.9654
Epoch: 6, Batch: 70, Acc: 40.40%, Loss: 2.0089
Epoch: 6, Batch: 80, Acc: 40.86%, Loss: 1.9271
Epoch: 6, Batch: 90, Acc: 41.15%, Loss: 2.0184
Epoch: 6, Batch: 100, Acc: 41.42%, Loss: 1.9998
Epoch: 6, Batch: 110, Acc: 41.76%, Loss: 2.0220
Accuracy on test set: 45.68%
Epoch: 7, Batch: 10, Acc: 44.22%, Loss: 1.8427
Epoch: 7, Batch: 20, Acc: 42.50%, Loss: 1.9274
Epoch: 7, Batch: 30, Acc: 43.33%, Loss: 1.9516
Epoch: 7, Batch: 40, Acc: 43.83%, Loss: 1.8529
Epoch: 7, Batch: 50, Acc: 44.34%, Loss: 2.0083
Epoch: 7, Batch: 60, Acc: 45.13%, Loss: 1.9946
Epoch: 7, Batch: 70, Acc: 45.67%, Loss: 1.9716
Epoch: 7, Batch: 80, Acc: 45.12%, Loss: 1.9355
Epoch: 7, Batch: 90, Acc: 45.21%, Loss: 1.8886
Epoch: 7, Batch: 100, Acc: 45.20%, Loss: 1.8374
Epoch: 7, Batch: 110, Acc: 45.20%, Loss: 1.9612
Accuracy on test set: 48.49%
Epoch: 8, Batch: 10, Acc: 49.84%, Loss: 1.9051
Epoch: 8, Batch: 20, Acc: 49.30%, Loss: 1.9521
Epoch: 8, Batch: 30, Acc: 49.06%, Loss: 1.9754
Epoch: 8, Batch: 40, Acc: 48.16%, Loss: 1.9252
Epoch: 8, Batch: 50, Acc: 48.31%, Loss: 1.9504
Epoch: 8, Batch: 60, Acc: 48.36%, Loss: 2.0214
Epoch: 8, Batch: 70, Acc: 48.50%, Loss: 1.7971
Epoch: 8, Batch: 80, Acc: 48.65%, Loss: 1.9497
Epoch: 8, Batch: 90, Acc: 48.94%, Loss: 2.0066
Epoch: 8, Batch: 100, Acc: 49.19%, Loss: 1.9961
Epoch: 8, Batch: 110, Acc: 49.31%, Loss: 1.8797
Accuracy on test set: 52.39%
Epoch: 9, Batch: 10, Acc: 49.84%, Loss: 1.9483
Epoch: 9, Batch: 20, Acc: 50.08%, Loss: 1.8549
Epoch: 9, Batch: 30, Acc: 50.00%, Loss: 2.0095
Epoch: 9, Batch: 40, Acc: 49.10%, Loss: 1.8436
Epoch: 9, Batch: 50, Acc: 49.12%, Loss: 1.7272
Epoch: 9, Batch: 60, Acc: 49.01%, Loss: 1.8672
Epoch: 9, Batch: 70, Acc: 48.86%, Loss: 1.9760
Epoch: 9, Batch: 80, Acc: 48.91%, Loss: 1.9139
Epoch: 9, Batch: 90, Acc: 48.99%, Loss: 1.8994
Epoch: 9, Batch: 100, Acc: 49.36%, Loss: 1.9519
Epoch: 9, Batch: 110, Acc: 49.67%, Loss: 1.9030
Accuracy on test set: 54.88%
Epoch: 10, Batch: 10, Acc: 52.50%, Loss: 1.9692
Epoch: 10, Batch: 20, Acc: 51.09%, Loss: 2.0097
Epoch: 10, Batch: 30, Acc: 51.61%, Loss: 1.9315
Epoch: 10, Batch: 40, Acc: 51.72%, Loss: 1.9653
Epoch: 10, Batch: 50, Acc: 51.75%, Loss: 1.9173
Epoch: 10, Batch: 60, Acc: 51.85%, Loss: 1.9840
Epoch: 10, Batch: 70, Acc: 52.90%, Loss: 1.8363
Epoch: 10, Batch: 80, Acc: 52.93%, Loss: 1.9490
Epoch: 10, Batch: 90, Acc: 52.95%, Loss: 1.8383
Epoch: 10, Batch: 100, Acc: 53.09%, Loss: 1.8941
Epoch: 10, Batch: 110, Acc: 53.31%, Loss: 1.8680
Accuracy on test set: 58.57%
  [Run 3 | eps=0.1 | quid | q-detection | GPU 0] Training Time: 3205.85s  Best Acc: 58.57%

  [Run 3 | eps=0.1 | quid | q-detection | GPU 0] Evaluating final model on clean test data...
  Accuracy    : 0.5857
  Loss        : 1.7566
  Precision   : 0.7437
  Recall      : 0.5797
  F1          : 0.6515
  Fpr         : 0.0464
  Fnr         : 0.4203
  Roc_auc     : 0.9409
  Pr_auc      : 0.7347
  Asr         : 24.0000
Metrics saved to eps0.1/qmlp-mnist-quid-run3-layer50_quid_eps0.1_quid_qdetection.csv
  [Run 3 | eps=0.1 | quid | q-detection | GPU 0] Done. Saved → eps0.1/qmlp-mnist-quid-run3-layer50-noiseless-Amplitude_eps0.1_quid_qdetection.pt

====================================================================
 [Run 3 | eps=0.1 | random | none | GPU 0]
====================================================================
  [Run 3 | eps=0.1 | random | none | GPU 0] Stratified subset: 7000 samples (700 per class max, from 60000 total)
  [Run 3 | eps=0.1 | random | none | GPU 0] Poisoned: 700/7000
Epoch: 1, Batch: 10, Acc: 8.44%, Loss: 2.3084
Epoch: 1, Batch: 20, Acc: 10.31%, Loss: 2.3009
Epoch: 1, Batch: 30, Acc: 10.99%, Loss: 2.2894
Epoch: 1, Batch: 40, Acc: 11.02%, Loss: 2.2846
Epoch: 1, Batch: 50, Acc: 11.78%, Loss: 2.2712
Epoch: 1, Batch: 60, Acc: 12.47%, Loss: 2.2730
Epoch: 1, Batch: 70, Acc: 13.30%, Loss: 2.2642
Epoch: 1, Batch: 80, Acc: 14.20%, Loss: 2.2610
Epoch: 1, Batch: 90, Acc: 15.14%, Loss: 2.2503
Epoch: 1, Batch: 100, Acc: 15.81%, Loss: 2.2515
Epoch: 1, Batch: 110, Acc: 16.70%, Loss: 2.2427
Accuracy on test set: 27.28%
Epoch: 2, Batch: 10, Acc: 24.69%, Loss: 2.2395
Epoch: 2, Batch: 20, Acc: 26.80%, Loss: 2.2299
Epoch: 2, Batch: 30, Acc: 28.18%, Loss: 2.2260
Epoch: 2, Batch: 40, Acc: 29.45%, Loss: 2.2214
Epoch: 2, Batch: 50, Acc: 31.00%, Loss: 2.2122
Epoch: 2, Batch: 60, Acc: 33.26%, Loss: 2.1944
Epoch: 2, Batch: 70, Acc: 34.49%, Loss: 2.1982
Epoch: 2, Batch: 80, Acc: 35.82%, Loss: 2.1920
Epoch: 2, Batch: 90, Acc: 36.53%, Loss: 2.1922
Epoch: 2, Batch: 100, Acc: 37.17%, Loss: 2.1789
Epoch: 2, Batch: 110, Acc: 37.94%, Loss: 2.1715
Accuracy on test set: 51.45%
Epoch: 3, Batch: 10, Acc: 46.41%, Loss: 2.1697
Epoch: 3, Batch: 20, Acc: 49.92%, Loss: 2.1393
Epoch: 3, Batch: 30, Acc: 49.48%, Loss: 2.1520
Epoch: 3, Batch: 40, Acc: 48.95%, Loss: 2.1532
Epoch: 3, Batch: 50, Acc: 49.69%, Loss: 2.1406
Epoch: 3, Batch: 60, Acc: 49.77%, Loss: 2.1359
Epoch: 3, Batch: 70, Acc: 49.67%, Loss: 2.1389
Epoch: 3, Batch: 80, Acc: 50.18%, Loss: 2.1193
Epoch: 3, Batch: 90, Acc: 51.08%, Loss: 2.1018
Epoch: 3, Batch: 100, Acc: 51.42%, Loss: 2.1249
Epoch: 3, Batch: 110, Acc: 51.43%, Loss: 2.1113
Accuracy on test set: 59.65%
Epoch: 4, Batch: 10, Acc: 55.62%, Loss: 2.0986
Epoch: 4, Batch: 20, Acc: 54.22%, Loss: 2.0979
Epoch: 4, Batch: 30, Acc: 55.78%, Loss: 2.0864
Epoch: 4, Batch: 40, Acc: 55.47%, Loss: 2.0754
Epoch: 4, Batch: 50, Acc: 56.09%, Loss: 2.0608
Epoch: 4, Batch: 60, Acc: 56.22%, Loss: 2.0662
Epoch: 4, Batch: 70, Acc: 56.43%, Loss: 2.0497
Epoch: 4, Batch: 80, Acc: 55.98%, Loss: 2.0690
Epoch: 4, Batch: 90, Acc: 55.54%, Loss: 2.0547
Epoch: 4, Batch: 100, Acc: 55.50%, Loss: 2.0461
Epoch: 4, Batch: 110, Acc: 55.66%, Loss: 2.0379
Accuracy on test set: 63.12%
Epoch: 5, Batch: 10, Acc: 59.53%, Loss: 2.0350
Epoch: 5, Batch: 20, Acc: 58.67%, Loss: 2.0362
Epoch: 5, Batch: 30, Acc: 58.12%, Loss: 2.0116
Epoch: 5, Batch: 40, Acc: 58.01%, Loss: 2.0023
Epoch: 5, Batch: 50, Acc: 58.25%, Loss: 2.0119
Epoch: 5, Batch: 60, Acc: 58.54%, Loss: 1.9976
Epoch: 5, Batch: 70, Acc: 58.24%, Loss: 2.0005
Epoch: 5, Batch: 80, Acc: 58.05%, Loss: 1.9978
Epoch: 5, Batch: 90, Acc: 58.26%, Loss: 1.9987
Epoch: 5, Batch: 100, Acc: 58.30%, Loss: 1.9645
Epoch: 5, Batch: 110, Acc: 58.30%, Loss: 1.9737
Accuracy on test set: 66.10%
Epoch: 6, Batch: 10, Acc: 59.38%, Loss: 1.9600
Epoch: 6, Batch: 20, Acc: 59.22%, Loss: 1.9715
Epoch: 6, Batch: 30, Acc: 59.53%, Loss: 1.9768
Epoch: 6, Batch: 40, Acc: 60.23%, Loss: 1.9585
Epoch: 6, Batch: 50, Acc: 60.12%, Loss: 1.9374
Epoch: 6, Batch: 60, Acc: 60.21%, Loss: 1.9469
Epoch: 6, Batch: 70, Acc: 60.29%, Loss: 1.9223
Epoch: 6, Batch: 80, Acc: 60.68%, Loss: 1.9092
Epoch: 6, Batch: 90, Acc: 60.57%, Loss: 1.9270
Epoch: 6, Batch: 100, Acc: 60.48%, Loss: 1.9447
Epoch: 6, Batch: 110, Acc: 60.44%, Loss: 1.9000
Accuracy on test set: 68.90%
Epoch: 7, Batch: 10, Acc: 63.12%, Loss: 1.8872
Epoch: 7, Batch: 20, Acc: 62.58%, Loss: 1.9231
Epoch: 7, Batch: 30, Acc: 63.18%, Loss: 1.8857
Epoch: 7, Batch: 40, Acc: 62.58%, Loss: 1.9024
Epoch: 7, Batch: 50, Acc: 62.41%, Loss: 1.8946
Epoch: 7, Batch: 60, Acc: 62.40%, Loss: 1.8852
Epoch: 7, Batch: 70, Acc: 62.43%, Loss: 1.8435
Epoch: 7, Batch: 80, Acc: 62.32%, Loss: 1.8791
Epoch: 7, Batch: 90, Acc: 62.19%, Loss: 1.8798
Epoch: 7, Batch: 100, Acc: 61.88%, Loss: 1.8823
Epoch: 7, Batch: 110, Acc: 61.83%, Loss: 1.8907
Accuracy on test set: 70.54%
Epoch: 8, Batch: 10, Acc: 60.94%, Loss: 1.8614
Epoch: 8, Batch: 20, Acc: 64.22%, Loss: 1.8396
Epoch: 8, Batch: 30, Acc: 63.75%, Loss: 1.8376
Epoch: 8, Batch: 40, Acc: 63.28%, Loss: 1.8580
Epoch: 8, Batch: 50, Acc: 63.12%, Loss: 1.8317
Epoch: 8, Batch: 60, Acc: 63.33%, Loss: 1.8257
Epoch: 8, Batch: 70, Acc: 63.57%, Loss: 1.8410
Epoch: 8, Batch: 80, Acc: 63.83%, Loss: 1.8201
Epoch: 8, Batch: 90, Acc: 63.84%, Loss: 1.8284
Epoch: 8, Batch: 100, Acc: 63.92%, Loss: 1.8339
Epoch: 8, Batch: 110, Acc: 63.71%, Loss: 1.8200
Accuracy on test set: 72.19%
Epoch: 9, Batch: 10, Acc: 65.16%, Loss: 1.8183
Epoch: 9, Batch: 20, Acc: 63.20%, Loss: 1.8091
Epoch: 9, Batch: 30, Acc: 63.75%, Loss: 1.8114
Epoch: 9, Batch: 40, Acc: 63.55%, Loss: 1.8087
Epoch: 9, Batch: 50, Acc: 64.12%, Loss: 1.7640
Epoch: 9, Batch: 60, Acc: 64.17%, Loss: 1.7948
Epoch: 9, Batch: 70, Acc: 64.35%, Loss: 1.7823
Epoch: 9, Batch: 80, Acc: 64.47%, Loss: 1.7780
Epoch: 9, Batch: 90, Acc: 64.69%, Loss: 1.7781
Epoch: 9, Batch: 100, Acc: 64.52%, Loss: 1.7734
Epoch: 9, Batch: 110, Acc: 64.56%, Loss: 1.7677
Accuracy on test set: 73.31%
Epoch: 10, Batch: 10, Acc: 67.50%, Loss: 1.7402
Epoch: 10, Batch: 20, Acc: 67.03%, Loss: 1.7717
Epoch: 10, Batch: 30, Acc: 66.67%, Loss: 1.7488
Epoch: 10, Batch: 40, Acc: 66.02%, Loss: 1.7722
Epoch: 10, Batch: 50, Acc: 66.44%, Loss: 1.7201
Epoch: 10, Batch: 60, Acc: 65.99%, Loss: 1.7609
Epoch: 10, Batch: 70, Acc: 66.09%, Loss: 1.7429
Epoch: 10, Batch: 80, Acc: 66.29%, Loss: 1.7674
Epoch: 10, Batch: 90, Acc: 66.27%, Loss: 1.7465
Epoch: 10, Batch: 100, Acc: 66.08%, Loss: 1.7437
Epoch: 10, Batch: 110, Acc: 66.14%, Loss: 1.7124
Accuracy on test set: 74.81%
  [Run 3 | eps=0.1 | random | none | GPU 0] Training Time: 2027.73s  Best Acc: 74.81%

  [Run 3 | eps=0.1 | random | none | GPU 0] Evaluating final model on clean test data...
  Accuracy    : 0.7481
  Loss        : 1.6241
  Precision   : 0.7532
  Recall      : 0.7431
  F1          : 0.7481
  Fpr         : 0.0280
  Fnr         : 0.2569
  Roc_auc     : 0.9442
  Pr_auc      : 0.7556
  Asr         : 3.1429
Metrics saved to eps0.1/qmlp-mnist-quid-run3-layer50_quid_eps0.1_random_none.csv
  [Run 3 | eps=0.1 | random | none | GPU 0] Done. Saved → eps0.1/qmlp-mnist-quid-run3-layer50-noiseless-Amplitude_eps0.1_random_none.pt

====================================================================
 [Run 3 | eps=0.1 | random | q-detection | GPU 0]
====================================================================
  [Run 3 | eps=0.1 | random | q-detection | GPU 0] Stratified subset: 7000 samples (700 per class max, from 60000 total)
  [Run 3 | eps=0.1 | random | q-detection | GPU 0] Poisoned: 700/7000
  [Run 3 | eps=0.1 | random | q-detection | GPU 0] J matrix: 7000x7000 (392 MB)
Epoch: 1, Batch: 10, Acc: 8.44%, Loss: 2.2752
Epoch: 1, Batch: 20, Acc: 10.08%, Loss: 2.2730
Epoch: 1, Batch: 30, Acc: 10.68%, Loss: 2.2633
Epoch: 1, Batch: 40, Acc: 10.62%, Loss: 2.2633
Epoch: 1, Batch: 50, Acc: 11.28%, Loss: 2.2456
Epoch: 1, Batch: 60, Acc: 11.88%, Loss: 2.2512
Epoch: 1, Batch: 70, Acc: 12.50%, Loss: 2.2447
Epoch: 1, Batch: 80, Acc: 13.18%, Loss: 2.2410
Epoch: 1, Batch: 90, Acc: 13.96%, Loss: 2.2240
Epoch: 1, Batch: 100, Acc: 14.47%, Loss: 2.2426
Epoch: 1, Batch: 110, Acc: 15.10%, Loss: 2.2177
Accuracy on test set: 21.67%
Epoch: 2, Batch: 10, Acc: 20.47%, Loss: 2.2167
Epoch: 2, Batch: 20, Acc: 21.80%, Loss: 2.2198
Epoch: 2, Batch: 30, Acc: 21.88%, Loss: 2.2209
Epoch: 2, Batch: 40, Acc: 21.72%, Loss: 2.2240
Epoch: 2, Batch: 50, Acc: 22.53%, Loss: 2.2009
Epoch: 2, Batch: 60, Acc: 23.05%, Loss: 2.1913
Epoch: 2, Batch: 70, Acc: 24.02%, Loss: 2.1902
Epoch: 2, Batch: 80, Acc: 24.47%, Loss: 2.1917
Epoch: 2, Batch: 90, Acc: 24.95%, Loss: 2.1805
Epoch: 2, Batch: 100, Acc: 25.09%, Loss: 2.1709
Epoch: 2, Batch: 110, Acc: 25.79%, Loss: 2.1414
Accuracy on test set: 32.61%
Epoch: 3, Batch: 10, Acc: 30.62%, Loss: 2.1777
Epoch: 3, Batch: 20, Acc: 33.36%, Loss: 2.1335
Epoch: 3, Batch: 30, Acc: 33.75%, Loss: 2.1503
Epoch: 3, Batch: 40, Acc: 33.63%, Loss: 2.1575
Epoch: 3, Batch: 50, Acc: 34.84%, Loss: 2.1578
Epoch: 3, Batch: 60, Acc: 35.29%, Loss: 2.1373
Epoch: 3, Batch: 70, Acc: 35.67%, Loss: 2.1251
Epoch: 3, Batch: 80, Acc: 36.39%, Loss: 2.1390
Epoch: 3, Batch: 90, Acc: 37.34%, Loss: 2.0883
Epoch: 3, Batch: 100, Acc: 37.81%, Loss: 2.1066
Epoch: 3, Batch: 110, Acc: 38.20%, Loss: 2.0997
Accuracy on test set: 47.68%
Epoch: 4, Batch: 10, Acc: 43.44%, Loss: 2.1179
Epoch: 4, Batch: 20, Acc: 43.75%, Loss: 2.1151
Epoch: 4, Batch: 30, Acc: 44.32%, Loss: 2.1082
Epoch: 4, Batch: 40, Acc: 44.96%, Loss: 2.0938
Epoch: 4, Batch: 50, Acc: 45.41%, Loss: 2.0426
Epoch: 4, Batch: 60, Acc: 45.62%, Loss: 2.0975
Epoch: 4, Batch: 70, Acc: 46.32%, Loss: 2.0763
Epoch: 4, Batch: 80, Acc: 46.07%, Loss: 2.0672
Epoch: 4, Batch: 90, Acc: 45.95%, Loss: 2.0457
Epoch: 4, Batch: 100, Acc: 46.06%, Loss: 2.0926
Epoch: 4, Batch: 110, Acc: 46.24%, Loss: 2.0321
Accuracy on test set: 52.00%
Epoch: 5, Batch: 10, Acc: 47.81%, Loss: 2.0235
Epoch: 5, Batch: 20, Acc: 48.44%, Loss: 2.0686
Epoch: 5, Batch: 30, Acc: 48.96%, Loss: 2.0206
Epoch: 5, Batch: 40, Acc: 48.98%, Loss: 2.0472
Epoch: 5, Batch: 50, Acc: 49.31%, Loss: 2.0587
Epoch: 5, Batch: 60, Acc: 49.84%, Loss: 2.0025
Epoch: 5, Batch: 70, Acc: 49.58%, Loss: 2.0285
Epoch: 5, Batch: 80, Acc: 49.69%, Loss: 2.0728
Epoch: 5, Batch: 90, Acc: 49.93%, Loss: 2.0253
Epoch: 5, Batch: 100, Acc: 50.28%, Loss: 2.0233
Epoch: 5, Batch: 110, Acc: 50.21%, Loss: 1.9628
Accuracy on test set: 58.44%
Epoch: 6, Batch: 10, Acc: 53.28%, Loss: 2.0007
Epoch: 6, Batch: 20, Acc: 53.05%, Loss: 2.0404
Epoch: 6, Batch: 30, Acc: 53.33%, Loss: 1.9657
Epoch: 6, Batch: 40, Acc: 53.67%, Loss: 2.0345
Epoch: 6, Batch: 50, Acc: 54.47%, Loss: 2.0748
Epoch: 6, Batch: 60, Acc: 54.77%, Loss: 2.0216
Epoch: 6, Batch: 70, Acc: 54.69%, Loss: 1.8285
Epoch: 6, Batch: 80, Acc: 55.18%, Loss: 1.9763
Epoch: 6, Batch: 90, Acc: 55.24%, Loss: 1.8875
Epoch: 6, Batch: 100, Acc: 54.97%, Loss: 2.0355
Epoch: 6, Batch: 110, Acc: 55.10%, Loss: 2.0476
Accuracy on test set: 62.99%
Epoch: 7, Batch: 10, Acc: 60.47%, Loss: 1.9828
Epoch: 7, Batch: 20, Acc: 57.89%, Loss: 1.9017
Epoch: 7, Batch: 30, Acc: 58.54%, Loss: 1.9638
Epoch: 7, Batch: 40, Acc: 58.59%, Loss: 1.9921
Epoch: 7, Batch: 50, Acc: 58.19%, Loss: 1.8648
Epoch: 7, Batch: 60, Acc: 58.18%, Loss: 1.8975
Epoch: 7, Batch: 70, Acc: 58.55%, Loss: 1.7867
Epoch: 7, Batch: 80, Acc: 58.20%, Loss: 1.8904
Epoch: 7, Batch: 90, Acc: 58.00%, Loss: 1.9243
Epoch: 7, Batch: 100, Acc: 57.69%, Loss: 1.9633
Epoch: 7, Batch: 110, Acc: 57.23%, Loss: 1.9628
Accuracy on test set: 63.97%
Epoch: 8, Batch: 10, Acc: 55.62%, Loss: 1.9151
Epoch: 8, Batch: 20, Acc: 57.81%, Loss: 1.8774
Epoch: 8, Batch: 30, Acc: 57.08%, Loss: 1.8584
Epoch: 8, Batch: 40, Acc: 57.07%, Loss: 1.7651
Epoch: 8, Batch: 50, Acc: 56.53%, Loss: 2.0114
Epoch: 8, Batch: 60, Acc: 56.90%, Loss: 1.9378
Epoch: 8, Batch: 70, Acc: 56.61%, Loss: 1.9874
Epoch: 8, Batch: 80, Acc: 56.64%, Loss: 1.9532
Epoch: 8, Batch: 90, Acc: 56.98%, Loss: 1.9263
Epoch: 8, Batch: 100, Acc: 57.14%, Loss: 1.8272
Epoch: 8, Batch: 110, Acc: 57.30%, Loss: 1.9524
Accuracy on test set: 65.38%
Epoch: 9, Batch: 10, Acc: 57.81%, Loss: 1.9933
Epoch: 9, Batch: 20, Acc: 57.19%, Loss: 1.8062
Epoch: 9, Batch: 30, Acc: 58.54%, Loss: 1.9779
Epoch: 9, Batch: 40, Acc: 57.89%, Loss: 1.8920
Epoch: 9, Batch: 50, Acc: 58.22%, Loss: 1.9894
Epoch: 9, Batch: 60, Acc: 57.94%, Loss: 1.9643
Epoch: 9, Batch: 70, Acc: 58.19%, Loss: 2.0169
Epoch: 9, Batch: 80, Acc: 58.63%, Loss: 1.8836
Epoch: 9, Batch: 90, Acc: 58.65%, Loss: 1.9369
Epoch: 9, Batch: 100, Acc: 58.58%, Loss: 1.8919
Epoch: 9, Batch: 110, Acc: 58.80%, Loss: 1.8882
Accuracy on test set: 66.13%
Epoch: 10, Batch: 10, Acc: 60.16%, Loss: 1.9127
Epoch: 10, Batch: 20, Acc: 59.30%, Loss: 1.9979
Epoch: 10, Batch: 30, Acc: 59.06%, Loss: 1.9699
Epoch: 10, Batch: 40, Acc: 58.75%, Loss: 1.9347
Epoch: 10, Batch: 50, Acc: 59.06%, Loss: 1.8208
Epoch: 10, Batch: 60, Acc: 58.96%, Loss: 1.8410
Epoch: 10, Batch: 70, Acc: 59.24%, Loss: 1.9337
Epoch: 10, Batch: 80, Acc: 59.16%, Loss: 1.8962
Epoch: 10, Batch: 90, Acc: 58.96%, Loss: 1.9836
Epoch: 10, Batch: 100, Acc: 59.23%, Loss: 1.8528
Epoch: 10, Batch: 110, Acc: 59.21%, Loss: 1.9435
Accuracy on test set: 66.57%
  [Run 3 | eps=0.1 | random | q-detection | GPU 0] Training Time: 3213.78s  Best Acc: 66.57%

  [Run 3 | eps=0.1 | random | q-detection | GPU 0] Evaluating final model on clean test data...
  Accuracy    : 0.6657
  Loss        : 1.7484
  Precision   : 0.7449
  Recall      : 0.6606
  F1          : 0.7002
  Fpr         : 0.0371
  Fnr         : 0.3394
  Roc_auc     : 0.9368
  Pr_auc      : 0.7270
  Asr         : 3.5714
Metrics saved to eps0.1/qmlp-mnist-quid-run3-layer50_quid_eps0.1_random_qdetection.csv
  [Run 3 | eps=0.1 | random | q-detection | GPU 0] Done. Saved → eps0.1/qmlp-mnist-quid-run3-layer50-noiseless-Amplitude_eps0.1_random_qdetection.pt

====================================================================
 [Run 3 | eps=0.3 | quid | none | GPU 0]
====================================================================
  [Run 3 | eps=0.3 | quid | none | GPU 0] Stratified subset: 7000 samples (700 per class max, from 60000 total)
  [QUID] Computing density matrices for 2100 poisoned samples ...
  [QUID] Density matrices done in 2.5s
  [QUID] Assigning adversarial labels ...
  [QUID] Label assignment done in 27.0s
  [QUID] Labels changed: 2091/2100
  [Run 3 | eps=0.3 | quid | none | GPU 0] Poisoned: 2100/7000
Epoch: 1, Batch: 10, Acc: 5.47%, Loss: 2.3604
Epoch: 1, Batch: 20, Acc: 7.03%, Loss: 2.3385
Epoch: 1, Batch: 30, Acc: 7.29%, Loss: 2.3324
Epoch: 1, Batch: 40, Acc: 7.46%, Loss: 2.3208
Epoch: 1, Batch: 50, Acc: 7.94%, Loss: 2.3076
Epoch: 1, Batch: 60, Acc: 8.49%, Loss: 2.2990
Epoch: 1, Batch: 70, Acc: 8.95%, Loss: 2.2869
Epoch: 1, Batch: 80, Acc: 9.43%, Loss: 2.2828
Epoch: 1, Batch: 90, Acc: 10.43%, Loss: 2.2656
Epoch: 1, Batch: 100, Acc: 11.36%, Loss: 2.2660
Epoch: 1, Batch: 110, Acc: 12.20%, Loss: 2.2543
Accuracy on test set: 32.44%
Epoch: 2, Batch: 10, Acc: 25.00%, Loss: 2.2451
Epoch: 2, Batch: 20, Acc: 24.84%, Loss: 2.2363
Epoch: 2, Batch: 30, Acc: 26.15%, Loss: 2.2230
Epoch: 2, Batch: 40, Acc: 27.15%, Loss: 2.2172
Epoch: 2, Batch: 50, Acc: 27.84%, Loss: 2.2117
Epoch: 2, Batch: 60, Acc: 29.14%, Loss: 2.1903
Epoch: 2, Batch: 70, Acc: 30.36%, Loss: 2.1808
Epoch: 2, Batch: 80, Acc: 30.86%, Loss: 2.1714
Epoch: 2, Batch: 90, Acc: 31.37%, Loss: 2.1729
Epoch: 2, Batch: 100, Acc: 31.45%, Loss: 2.1718
Epoch: 2, Batch: 110, Acc: 31.60%, Loss: 2.1449
Accuracy on test set: 13.44%
Epoch: 3, Batch: 10, Acc: 30.47%, Loss: 2.1535
Epoch: 3, Batch: 20, Acc: 32.66%, Loss: 2.1056
Epoch: 3, Batch: 30, Acc: 33.65%, Loss: 2.1120
Epoch: 3, Batch: 40, Acc: 33.52%, Loss: 2.1170
Epoch: 3, Batch: 50, Acc: 33.72%, Loss: 2.1141
Epoch: 3, Batch: 60, Acc: 33.44%, Loss: 2.1023
Epoch: 3, Batch: 70, Acc: 33.42%, Loss: 2.0918
Epoch: 3, Batch: 80, Acc: 33.28%, Loss: 2.0963
Epoch: 3, Batch: 90, Acc: 33.40%, Loss: 2.0656
Epoch: 3, Batch: 100, Acc: 33.03%, Loss: 2.0925
Epoch: 3, Batch: 110, Acc: 32.67%, Loss: 2.0987
Accuracy on test set: 11.42%
Epoch: 4, Batch: 10, Acc: 31.88%, Loss: 2.0726
Epoch: 4, Batch: 20, Acc: 34.14%, Loss: 2.0298
Epoch: 4, Batch: 30, Acc: 33.28%, Loss: 2.0515
Epoch: 4, Batch: 40, Acc: 33.12%, Loss: 2.0485
Epoch: 4, Batch: 50, Acc: 32.91%, Loss: 2.0454
Epoch: 4, Batch: 60, Acc: 32.60%, Loss: 2.0398
Epoch: 4, Batch: 70, Acc: 32.37%, Loss: 2.0455
Epoch: 4, Batch: 80, Acc: 32.36%, Loss: 2.0265
Epoch: 4, Batch: 90, Acc: 32.24%, Loss: 2.0401
Epoch: 4, Batch: 100, Acc: 32.34%, Loss: 2.0139
Epoch: 4, Batch: 110, Acc: 32.43%, Loss: 1.9865
Accuracy on test set: 11.36%
Epoch: 5, Batch: 10, Acc: 30.31%, Loss: 2.0246
Epoch: 5, Batch: 20, Acc: 30.47%, Loss: 2.0179
Epoch: 5, Batch: 30, Acc: 31.09%, Loss: 1.9896
Epoch: 5, Batch: 40, Acc: 31.95%, Loss: 1.9779
Epoch: 5, Batch: 50, Acc: 31.53%, Loss: 2.0220
Epoch: 5, Batch: 60, Acc: 31.88%, Loss: 1.9658
Epoch: 5, Batch: 70, Acc: 31.70%, Loss: 2.0026
Epoch: 5, Batch: 80, Acc: 31.68%, Loss: 1.9886
Epoch: 5, Batch: 90, Acc: 32.08%, Loss: 1.9513
Epoch: 5, Batch: 100, Acc: 32.41%, Loss: 1.9416
Epoch: 5, Batch: 110, Acc: 32.43%, Loss: 1.9636
Accuracy on test set: 11.43%
Epoch: 6, Batch: 10, Acc: 32.03%, Loss: 1.9744
Epoch: 6, Batch: 20, Acc: 32.58%, Loss: 1.9632
Epoch: 6, Batch: 30, Acc: 31.82%, Loss: 1.9644
Epoch: 6, Batch: 40, Acc: 32.34%, Loss: 1.9467
Epoch: 6, Batch: 50, Acc: 32.62%, Loss: 1.9182
Epoch: 6, Batch: 60, Acc: 32.37%, Loss: 1.9561
Epoch: 6, Batch: 70, Acc: 32.39%, Loss: 1.9378
Epoch: 6, Batch: 80, Acc: 32.46%, Loss: 1.9290
Epoch: 6, Batch: 90, Acc: 32.55%, Loss: 1.9338
Epoch: 6, Batch: 100, Acc: 32.55%, Loss: 1.9477
Epoch: 6, Batch: 110, Acc: 32.51%, Loss: 1.9212
Accuracy on test set: 11.57%
Epoch: 7, Batch: 10, Acc: 30.62%, Loss: 1.9388
Epoch: 7, Batch: 20, Acc: 32.34%, Loss: 1.9230
Epoch: 7, Batch: 30, Acc: 32.66%, Loss: 1.9062
Epoch: 7, Batch: 40, Acc: 32.27%, Loss: 1.9182
Epoch: 7, Batch: 50, Acc: 32.28%, Loss: 1.9163
Epoch: 7, Batch: 60, Acc: 32.55%, Loss: 1.8895
Epoch: 7, Batch: 70, Acc: 32.88%, Loss: 1.8719
Epoch: 7, Batch: 80, Acc: 33.24%, Loss: 1.8871
Epoch: 7, Batch: 90, Acc: 32.99%, Loss: 1.9066
Epoch: 7, Batch: 100, Acc: 33.27%, Loss: 1.8865
Epoch: 7, Batch: 110, Acc: 32.87%, Loss: 1.9521
Accuracy on test set: 11.82%
Epoch: 8, Batch: 10, Acc: 32.66%, Loss: 1.8906
Epoch: 8, Batch: 20, Acc: 32.34%, Loss: 1.8740
Epoch: 8, Batch: 30, Acc: 32.66%, Loss: 1.8597
Epoch: 8, Batch: 40, Acc: 32.54%, Loss: 1.8876
Epoch: 8, Batch: 50, Acc: 32.88%, Loss: 1.8861
Epoch: 8, Batch: 60, Acc: 32.89%, Loss: 1.8766
Epoch: 8, Batch: 70, Acc: 32.86%, Loss: 1.8819
Epoch: 8, Batch: 80, Acc: 32.93%, Loss: 1.8642
Epoch: 8, Batch: 90, Acc: 33.21%, Loss: 1.8424
Epoch: 8, Batch: 100, Acc: 33.41%, Loss: 1.8656
Epoch: 8, Batch: 110, Acc: 33.24%, Loss: 1.8893
Accuracy on test set: 12.57%
Epoch: 9, Batch: 10, Acc: 31.56%, Loss: 1.8719
Epoch: 9, Batch: 20, Acc: 32.58%, Loss: 1.8609
Epoch: 9, Batch: 30, Acc: 32.66%, Loss: 1.8544
Epoch: 9, Batch: 40, Acc: 32.30%, Loss: 1.8851
Epoch: 9, Batch: 50, Acc: 32.84%, Loss: 1.8223
Epoch: 9, Batch: 60, Acc: 33.28%, Loss: 1.8217
Epoch: 9, Batch: 70, Acc: 33.42%, Loss: 1.8433
Epoch: 9, Batch: 80, Acc: 33.59%, Loss: 1.8093
Epoch: 9, Batch: 90, Acc: 33.94%, Loss: 1.8091
Epoch: 9, Batch: 100, Acc: 33.92%, Loss: 1.8267
Epoch: 9, Batch: 110, Acc: 33.69%, Loss: 1.8559
Accuracy on test set: 13.69%
Epoch: 10, Batch: 10, Acc: 34.84%, Loss: 1.8054
Epoch: 10, Batch: 20, Acc: 33.59%, Loss: 1.8387
Epoch: 10, Batch: 30, Acc: 34.32%, Loss: 1.8093
Epoch: 10, Batch: 40, Acc: 34.34%, Loss: 1.8326
Epoch: 10, Batch: 50, Acc: 34.91%, Loss: 1.7778
Epoch: 10, Batch: 60, Acc: 35.03%, Loss: 1.8204
Epoch: 10, Batch: 70, Acc: 35.13%, Loss: 1.7779
Epoch: 10, Batch: 80, Acc: 34.69%, Loss: 1.8365
Epoch: 10, Batch: 90, Acc: 34.46%, Loss: 1.8335
Epoch: 10, Batch: 100, Acc: 34.38%, Loss: 1.8222
Epoch: 10, Batch: 110, Acc: 34.59%, Loss: 1.7827
Accuracy on test set: 15.85%
  [Run 3 | eps=0.3 | quid | none | GPU 0] Training Time: 2019.47s  Best Acc: 32.44%

  [Run 3 | eps=0.3 | quid | none | GPU 0] Evaluating final model on clean test data...
  Accuracy    : 0.3244
  Loss        : 2.2384
  Precision   : 0.4294
  Recall      : 0.3140
  F1          : 0.3627
  Fpr         : 0.0752
  Fnr         : 0.6860
  Roc_auc     : 0.8631
  Pr_auc      : 0.5237
  Asr         : 3.2857
Metrics saved to eps0.3/qmlp-mnist-quid-run3-layer50_quid_eps0.3_quid_none.csv
  [Run 3 | eps=0.3 | quid | none | GPU 0] Done. Saved → eps0.3/qmlp-mnist-quid-run3-layer50-noiseless-Amplitude_eps0.3_quid_none.pt

====================================================================
 [Run 3 | eps=0.3 | quid | q-detection | GPU 0]
====================================================================
  [Run 3 | eps=0.3 | quid | q-detection | GPU 0] Stratified subset: 7000 samples (700 per class max, from 60000 total)
  [QUID] Computing density matrices for 2100 poisoned samples ...
  [QUID] Density matrices done in 2.5s
  [QUID] Assigning adversarial labels ...
  [QUID] Label assignment done in 26.3s
  [QUID] Labels changed: 2091/2100
  [Run 3 | eps=0.3 | quid | q-detection | GPU 0] Poisoned: 2100/7000
  [Run 3 | eps=0.3 | quid | q-detection | GPU 0] J matrix: 7000x7000 (392 MB)
Epoch: 1, Batch: 10, Acc: 5.47%, Loss: 2.3370
Epoch: 1, Batch: 20, Acc: 6.80%, Loss: 2.3128
Epoch: 1, Batch: 30, Acc: 7.14%, Loss: 2.3108
Epoch: 1, Batch: 40, Acc: 7.23%, Loss: 2.3004
Epoch: 1, Batch: 50, Acc: 7.50%, Loss: 2.2897
Epoch: 1, Batch: 60, Acc: 7.66%, Loss: 2.2822
Epoch: 1, Batch: 70, Acc: 7.97%, Loss: 2.2688
Epoch: 1, Batch: 80, Acc: 8.38%, Loss: 2.2724
Epoch: 1, Batch: 90, Acc: 9.20%, Loss: 2.2505
Epoch: 1, Batch: 100, Acc: 9.64%, Loss: 2.2496
Epoch: 1, Batch: 110, Acc: 10.17%, Loss: 2.2430
Accuracy on test set: 24.29%
Epoch: 2, Batch: 10, Acc: 19.22%, Loss: 2.2389
Epoch: 2, Batch: 20, Acc: 20.55%, Loss: 2.2305
Epoch: 2, Batch: 30, Acc: 20.78%, Loss: 2.2079
Epoch: 2, Batch: 40, Acc: 21.60%, Loss: 2.2138
Epoch: 2, Batch: 50, Acc: 22.56%, Loss: 2.1958
Epoch: 2, Batch: 60, Acc: 24.22%, Loss: 2.1768
Epoch: 2, Batch: 70, Acc: 25.54%, Loss: 2.1556
Epoch: 2, Batch: 80, Acc: 26.54%, Loss: 2.1469
Epoch: 2, Batch: 90, Acc: 27.60%, Loss: 2.1530
Epoch: 2, Batch: 100, Acc: 28.09%, Loss: 2.1505
Epoch: 2, Batch: 110, Acc: 28.53%, Loss: 2.1226
Accuracy on test set: 16.39%
Epoch: 3, Batch: 10, Acc: 32.03%, Loss: 2.1307
Epoch: 3, Batch: 20, Acc: 33.44%, Loss: 2.0866
Epoch: 3, Batch: 30, Acc: 34.06%, Loss: 2.0742
Epoch: 3, Batch: 40, Acc: 33.67%, Loss: 2.0905
Epoch: 3, Batch: 50, Acc: 33.81%, Loss: 2.1015
Epoch: 3, Batch: 60, Acc: 33.52%, Loss: 2.0641
Epoch: 3, Batch: 70, Acc: 33.46%, Loss: 2.0488
Epoch: 3, Batch: 80, Acc: 33.32%, Loss: 2.0429
Epoch: 3, Batch: 90, Acc: 33.44%, Loss: 2.0380
Epoch: 3, Batch: 100, Acc: 33.08%, Loss: 2.0844
Epoch: 3, Batch: 110, Acc: 32.69%, Loss: 2.0494
Accuracy on test set: 11.36%
Epoch: 4, Batch: 10, Acc: 31.72%, Loss: 2.0157
Epoch: 4, Batch: 20, Acc: 34.06%, Loss: 1.9719
Epoch: 4, Batch: 30, Acc: 33.23%, Loss: 2.0701
Epoch: 4, Batch: 40, Acc: 33.09%, Loss: 2.0004
Epoch: 4, Batch: 50, Acc: 32.88%, Loss: 1.9916
Epoch: 4, Batch: 60, Acc: 32.60%, Loss: 2.0221
Epoch: 4, Batch: 70, Acc: 32.37%, Loss: 2.0171
Epoch: 4, Batch: 80, Acc: 32.36%, Loss: 2.0412
Epoch: 4, Batch: 90, Acc: 32.24%, Loss: 2.0419
Epoch: 4, Batch: 100, Acc: 32.33%, Loss: 1.9854
Epoch: 4, Batch: 110, Acc: 32.41%, Loss: 1.9717
Accuracy on test set: 11.35%
Epoch: 5, Batch: 10, Acc: 30.31%, Loss: 2.0164
Epoch: 5, Batch: 20, Acc: 30.47%, Loss: 2.0176
Epoch: 5, Batch: 30, Acc: 31.09%, Loss: 1.9943
Epoch: 5, Batch: 40, Acc: 31.99%, Loss: 2.0294
Epoch: 5, Batch: 50, Acc: 31.56%, Loss: 2.0613
Epoch: 5, Batch: 60, Acc: 31.90%, Loss: 2.0410
Epoch: 5, Batch: 70, Acc: 31.70%, Loss: 1.9897
Epoch: 5, Batch: 80, Acc: 31.68%, Loss: 2.0279
Epoch: 5, Batch: 90, Acc: 32.08%, Loss: 1.9761
Epoch: 5, Batch: 100, Acc: 32.39%, Loss: 1.8260
Epoch: 5, Batch: 110, Acc: 32.41%, Loss: 1.9876
Accuracy on test set: 11.35%
Epoch: 6, Batch: 10, Acc: 32.03%, Loss: 2.0564
Epoch: 6, Batch: 20, Acc: 32.42%, Loss: 2.0039
Epoch: 6, Batch: 30, Acc: 31.67%, Loss: 2.0254
Epoch: 6, Batch: 40, Acc: 32.23%, Loss: 2.0460
Epoch: 6, Batch: 50, Acc: 32.50%, Loss: 1.9790
Epoch: 6, Batch: 60, Acc: 32.27%, Loss: 2.0358
Epoch: 6, Batch: 70, Acc: 32.30%, Loss: 1.9289
Epoch: 6, Batch: 80, Acc: 32.36%, Loss: 1.9869
Epoch: 6, Batch: 90, Acc: 32.40%, Loss: 1.9203
Epoch: 6, Batch: 100, Acc: 32.44%, Loss: 1.8307
Epoch: 6, Batch: 110, Acc: 32.41%, Loss: 1.8902
Accuracy on test set: 11.35%
Epoch: 7, Batch: 10, Acc: 30.62%, Loss: 1.8871
Epoch: 7, Batch: 20, Acc: 32.11%, Loss: 2.0087
Epoch: 7, Batch: 30, Acc: 32.34%, Loss: 1.8630
Epoch: 7, Batch: 40, Acc: 32.03%, Loss: 1.9872
Epoch: 7, Batch: 50, Acc: 32.03%, Loss: 1.9406
Epoch: 7, Batch: 60, Acc: 32.19%, Loss: 1.9595
Epoch: 7, Batch: 70, Acc: 32.43%, Loss: 1.9715
Epoch: 7, Batch: 80, Acc: 32.81%, Loss: 2.0302
Epoch: 7, Batch: 90, Acc: 32.53%, Loss: 2.0148
Epoch: 7, Batch: 100, Acc: 32.84%, Loss: 2.0017
Epoch: 7, Batch: 110, Acc: 32.41%, Loss: 2.0701
Accuracy on test set: 11.36%
Epoch: 8, Batch: 10, Acc: 32.34%, Loss: 1.9300
Epoch: 8, Batch: 20, Acc: 31.95%, Loss: 1.9817
Epoch: 8, Batch: 30, Acc: 32.24%, Loss: 2.0543
Epoch: 8, Batch: 40, Acc: 31.91%, Loss: 1.9521
Epoch: 8, Batch: 50, Acc: 32.12%, Loss: 2.0387
Epoch: 8, Batch: 60, Acc: 32.14%, Loss: 1.9285
Epoch: 8, Batch: 70, Acc: 31.96%, Loss: 2.0281
Epoch: 8, Batch: 80, Acc: 32.05%, Loss: 1.9373
Epoch: 8, Batch: 90, Acc: 32.29%, Loss: 2.0827
Epoch: 8, Batch: 100, Acc: 32.55%, Loss: 2.0610
Epoch: 8, Batch: 110, Acc: 32.50%, Loss: 2.0213
Accuracy on test set: 11.90%
Epoch: 9, Batch: 10, Acc: 31.09%, Loss: 2.0723
Epoch: 9, Batch: 20, Acc: 32.19%, Loss: 1.9895
Epoch: 9, Batch: 30, Acc: 32.19%, Loss: 2.0719
Epoch: 9, Batch: 40, Acc: 31.95%, Loss: 2.0040
Epoch: 9, Batch: 50, Acc: 32.50%, Loss: 1.9701
Epoch: 9, Batch: 60, Acc: 32.94%, Loss: 1.9213
Epoch: 9, Batch: 70, Acc: 32.86%, Loss: 2.0708
Epoch: 9, Batch: 80, Acc: 33.05%, Loss: 1.9596
Epoch: 9, Batch: 90, Acc: 33.32%, Loss: 1.9295
Epoch: 9, Batch: 100, Acc: 33.31%, Loss: 1.8285
Epoch: 9, Batch: 110, Acc: 33.09%, Loss: 1.9352
Accuracy on test set: 12.24%
Epoch: 10, Batch: 10, Acc: 34.06%, Loss: 1.9548
Epoch: 10, Batch: 20, Acc: 32.89%, Loss: 1.9425
Epoch: 10, Batch: 30, Acc: 33.54%, Loss: 2.0242
Epoch: 10, Batch: 40, Acc: 33.40%, Loss: 2.1121
Epoch: 10, Batch: 50, Acc: 34.09%, Loss: 1.9976
Epoch: 10, Batch: 60, Acc: 34.30%, Loss: 2.0594
Epoch: 10, Batch: 70, Acc: 34.60%, Loss: 1.9055
Epoch: 10, Batch: 80, Acc: 34.22%, Loss: 1.8491
Epoch: 10, Batch: 90, Acc: 34.17%, Loss: 2.0760
Epoch: 10, Batch: 100, Acc: 33.97%, Loss: 1.9696
Epoch: 10, Batch: 110, Acc: 34.10%, Loss: 2.0845
Accuracy on test set: 17.52%
  [Run 3 | eps=0.3 | quid | q-detection | GPU 0] Training Time: 3216.30s  Best Acc: 24.29%

  [Run 3 | eps=0.3 | quid | q-detection | GPU 0] Evaluating final model on clean test data...
  Accuracy    : 0.2429
  Loss        : 2.2506
  Precision   : 0.3481
  Recall      : 0.2397
  F1          : 0.2839
  Fpr         : 0.0842
  Fnr         : 0.7603
  Roc_auc     : 0.8558
  Pr_auc      : 0.5177
  Asr         : 0.9048
Metrics saved to eps0.3/qmlp-mnist-quid-run3-layer50_quid_eps0.3_quid_qdetection.csv
  [Run 3 | eps=0.3 | quid | q-detection | GPU 0] Done. Saved → eps0.3/qmlp-mnist-quid-run3-layer50-noiseless-Amplitude_eps0.3_quid_qdetection.pt

====================================================================
 [Run 3 | eps=0.3 | random | none | GPU 0]
====================================================================
  [Run 3 | eps=0.3 | random | none | GPU 0] Stratified subset: 7000 samples (700 per class max, from 60000 total)
  [Run 3 | eps=0.3 | random | none | GPU 0] Poisoned: 2100/7000
Epoch: 1, Batch: 10, Acc: 10.47%, Loss: 2.3012
Epoch: 1, Batch: 20, Acc: 11.95%, Loss: 2.3067
Epoch: 1, Batch: 30, Acc: 11.51%, Loss: 2.2961
Epoch: 1, Batch: 40, Acc: 11.02%, Loss: 2.2898
Epoch: 1, Batch: 50, Acc: 10.91%, Loss: 2.2923
Epoch: 1, Batch: 60, Acc: 11.17%, Loss: 2.2826
Epoch: 1, Batch: 70, Acc: 11.45%, Loss: 2.2860
Epoch: 1, Batch: 80, Acc: 12.01%, Loss: 2.2717
Epoch: 1, Batch: 90, Acc: 12.71%, Loss: 2.2692
Epoch: 1, Batch: 100, Acc: 13.06%, Loss: 2.2728
Epoch: 1, Batch: 110, Acc: 13.56%, Loss: 2.2681
Accuracy on test set: 22.03%
Epoch: 2, Batch: 10, Acc: 18.91%, Loss: 2.2629
Epoch: 2, Batch: 20, Acc: 21.09%, Loss: 2.2544
Epoch: 2, Batch: 30, Acc: 20.89%, Loss: 2.2538
Epoch: 2, Batch: 40, Acc: 21.76%, Loss: 2.2518
Epoch: 2, Batch: 50, Acc: 22.62%, Loss: 2.2440
Epoch: 2, Batch: 60, Acc: 24.01%, Loss: 2.2344
Epoch: 2, Batch: 70, Acc: 24.96%, Loss: 2.2345
Epoch: 2, Batch: 80, Acc: 25.66%, Loss: 2.2430
Epoch: 2, Batch: 90, Acc: 26.82%, Loss: 2.2211
Epoch: 2, Batch: 100, Acc: 27.23%, Loss: 2.2283
Epoch: 2, Batch: 110, Acc: 28.09%, Loss: 2.2119
Accuracy on test set: 46.58%
Epoch: 3, Batch: 10, Acc: 33.59%, Loss: 2.2219
Epoch: 3, Batch: 20, Acc: 36.95%, Loss: 2.1991
Epoch: 3, Batch: 30, Acc: 36.51%, Loss: 2.2089
Epoch: 3, Batch: 40, Acc: 35.86%, Loss: 2.2072
Epoch: 3, Batch: 50, Acc: 36.12%, Loss: 2.1936
Epoch: 3, Batch: 60, Acc: 36.25%, Loss: 2.1952
Epoch: 3, Batch: 70, Acc: 36.07%, Loss: 2.1909
Epoch: 3, Batch: 80, Acc: 36.50%, Loss: 2.1794
Epoch: 3, Batch: 90, Acc: 37.03%, Loss: 2.1734
Epoch: 3, Batch: 100, Acc: 37.45%, Loss: 2.1837
Epoch: 3, Batch: 110, Acc: 37.41%, Loss: 2.1846
Accuracy on test set: 55.10%
Epoch: 4, Batch: 10, Acc: 40.16%, Loss: 2.1597
Epoch: 4, Batch: 20, Acc: 39.38%, Loss: 2.1672
Epoch: 4, Batch: 30, Acc: 40.31%, Loss: 2.1667
Epoch: 4, Batch: 40, Acc: 40.70%, Loss: 2.1468
Epoch: 4, Batch: 50, Acc: 40.75%, Loss: 2.1608
Epoch: 4, Batch: 60, Acc: 41.59%, Loss: 2.1392
Epoch: 4, Batch: 70, Acc: 41.50%, Loss: 2.1471
Epoch: 4, Batch: 80, Acc: 41.19%, Loss: 2.1483
Epoch: 4, Batch: 90, Acc: 40.82%, Loss: 2.1491
Epoch: 4, Batch: 100, Acc: 40.94%, Loss: 2.1345
Epoch: 4, Batch: 110, Acc: 40.99%, Loss: 2.1366
Accuracy on test set: 57.56%
Epoch: 5, Batch: 10, Acc: 44.69%, Loss: 2.1125
Epoch: 5, Batch: 20, Acc: 43.28%, Loss: 2.1257
Epoch: 5, Batch: 30, Acc: 43.44%, Loss: 2.1226
Epoch: 5, Batch: 40, Acc: 43.20%, Loss: 2.1243
Epoch: 5, Batch: 50, Acc: 43.12%, Loss: 2.1150
Epoch: 5, Batch: 60, Acc: 43.31%, Loss: 2.1095
Epoch: 5, Batch: 70, Acc: 43.50%, Loss: 2.1009
Epoch: 5, Batch: 80, Acc: 43.22%, Loss: 2.1114
Epoch: 5, Batch: 90, Acc: 43.18%, Loss: 2.1142
Epoch: 5, Batch: 100, Acc: 43.16%, Loss: 2.0942
Epoch: 5, Batch: 110, Acc: 42.99%, Loss: 2.0973
Accuracy on test set: 60.84%
Epoch: 6, Batch: 10, Acc: 46.56%, Loss: 2.0842
Epoch: 6, Batch: 20, Acc: 47.27%, Loss: 2.0747
Epoch: 6, Batch: 30, Acc: 46.82%, Loss: 2.0723
Epoch: 6, Batch: 40, Acc: 46.56%, Loss: 2.0942
Epoch: 6, Batch: 50, Acc: 46.84%, Loss: 2.0531
Epoch: 6, Batch: 60, Acc: 46.43%, Loss: 2.0912
Epoch: 6, Batch: 70, Acc: 45.98%, Loss: 2.0717
Epoch: 6, Batch: 80, Acc: 46.02%, Loss: 2.0588
Epoch: 6, Batch: 90, Acc: 45.95%, Loss: 2.0759
Epoch: 6, Batch: 100, Acc: 45.41%, Loss: 2.1044
Epoch: 6, Batch: 110, Acc: 45.64%, Loss: 2.0615
Accuracy on test set: 63.88%
Epoch: 7, Batch: 10, Acc: 50.62%, Loss: 2.0365
Epoch: 7, Batch: 20, Acc: 47.27%, Loss: 2.0534
Epoch: 7, Batch: 30, Acc: 46.67%, Loss: 2.0523
Epoch: 7, Batch: 40, Acc: 47.11%, Loss: 2.0455
Epoch: 7, Batch: 50, Acc: 47.34%, Loss: 2.0316
Epoch: 7, Batch: 60, Acc: 47.08%, Loss: 2.0396
Epoch: 7, Batch: 70, Acc: 47.21%, Loss: 2.0279
Epoch: 7, Batch: 80, Acc: 46.72%, Loss: 2.0554
Epoch: 7, Batch: 90, Acc: 46.61%, Loss: 2.0401
Epoch: 7, Batch: 100, Acc: 46.69%, Loss: 2.0668
Epoch: 7, Batch: 110, Acc: 46.64%, Loss: 2.0479
Accuracy on test set: 66.10%
Epoch: 8, Batch: 10, Acc: 46.88%, Loss: 2.0089
Epoch: 8, Batch: 20, Acc: 46.95%, Loss: 2.0416
Epoch: 8, Batch: 30, Acc: 47.60%, Loss: 2.0105
Epoch: 8, Batch: 40, Acc: 47.27%, Loss: 2.0465
Epoch: 8, Batch: 50, Acc: 47.41%, Loss: 2.0134
Epoch: 8, Batch: 60, Acc: 47.76%, Loss: 1.9986
Epoch: 8, Batch: 70, Acc: 48.48%, Loss: 2.0137
Epoch: 8, Batch: 80, Acc: 48.50%, Loss: 1.9991
Epoch: 8, Batch: 90, Acc: 48.33%, Loss: 2.0008
Epoch: 8, Batch: 100, Acc: 48.34%, Loss: 2.0347
Epoch: 8, Batch: 110, Acc: 48.49%, Loss: 1.9895
Accuracy on test set: 67.32%
Epoch: 9, Batch: 10, Acc: 49.06%, Loss: 1.9982
Epoch: 9, Batch: 20, Acc: 49.53%, Loss: 1.9834
Epoch: 9, Batch: 30, Acc: 49.58%, Loss: 1.9950
Epoch: 9, Batch: 40, Acc: 49.30%, Loss: 2.0215
Epoch: 9, Batch: 50, Acc: 49.00%, Loss: 1.9715
Epoch: 9, Batch: 60, Acc: 49.38%, Loss: 1.9781
Epoch: 9, Batch: 70, Acc: 49.29%, Loss: 1.9712
Epoch: 9, Batch: 80, Acc: 49.10%, Loss: 2.0031
Epoch: 9, Batch: 90, Acc: 49.01%, Loss: 1.9868
Epoch: 9, Batch: 100, Acc: 49.09%, Loss: 1.9673
Epoch: 9, Batch: 110, Acc: 49.07%, Loss: 1.9698
Accuracy on test set: 68.91%
Epoch: 10, Batch: 10, Acc: 50.16%, Loss: 1.9525
Epoch: 10, Batch: 20, Acc: 49.06%, Loss: 2.0020
Epoch: 10, Batch: 30, Acc: 50.68%, Loss: 1.9252
Epoch: 10, Batch: 40, Acc: 49.84%, Loss: 1.9869
Epoch: 10, Batch: 50, Acc: 49.62%, Loss: 1.9637
Epoch: 10, Batch: 60, Acc: 49.32%, Loss: 1.9874
Epoch: 10, Batch: 70, Acc: 50.29%, Loss: 1.8951
Epoch: 10, Batch: 80, Acc: 50.21%, Loss: 1.9563
Epoch: 10, Batch: 90, Acc: 50.07%, Loss: 1.9874
Epoch: 10, Batch: 100, Acc: 49.88%, Loss: 1.9861
Epoch: 10, Batch: 110, Acc: 50.03%, Loss: 1.9487
Accuracy on test set: 70.60%
  [Run 3 | eps=0.3 | random | none | GPU 0] Training Time: 2022.89s  Best Acc: 70.60%

  [Run 3 | eps=0.3 | random | none | GPU 0] Evaluating final model on clean test data...
  Accuracy    : 0.7060
  Loss        : 1.7240
  Precision   : 0.7386
  Recall      : 0.7007
  F1          : 0.7191
  Fpr         : 0.0327
  Fnr         : 0.2993
  Roc_auc     : 0.9402
  Pr_auc      : 0.7388
  Asr         : 4.4762
Metrics saved to eps0.3/qmlp-mnist-quid-run3-layer50_quid_eps0.3_random_none.csv
  [Run 3 | eps=0.3 | random | none | GPU 0] Done. Saved → eps0.3/qmlp-mnist-quid-run3-layer50-noiseless-Amplitude_eps0.3_random_none.pt

====================================================================
 [Run 3 | eps=0.3 | random | q-detection | GPU 0]
====================================================================
  [Run 3 | eps=0.3 | random | q-detection | GPU 0] Stratified subset: 7000 samples (700 per class max, from 60000 total)
  [Run 3 | eps=0.3 | random | q-detection | GPU 0] Poisoned: 2100/7000
  [Run 3 | eps=0.3 | random | q-detection | GPU 0] J matrix: 7000x7000 (392 MB)
Epoch: 1, Batch: 10, Acc: 10.47%, Loss: 2.2733
Epoch: 1, Batch: 20, Acc: 11.72%, Loss: 2.2770
Epoch: 1, Batch: 30, Acc: 11.25%, Loss: 2.2668
Epoch: 1, Batch: 40, Acc: 10.78%, Loss: 2.2680
Epoch: 1, Batch: 50, Acc: 10.53%, Loss: 2.2710
Epoch: 1, Batch: 60, Acc: 10.34%, Loss: 2.2566
Epoch: 1, Batch: 70, Acc: 10.36%, Loss: 2.2611
Epoch: 1, Batch: 80, Acc: 10.64%, Loss: 2.2483
Epoch: 1, Batch: 90, Acc: 11.18%, Loss: 2.2469
Epoch: 1, Batch: 100, Acc: 11.23%, Loss: 2.2488
Epoch: 1, Batch: 110, Acc: 11.47%, Loss: 2.2430
Accuracy on test set: 15.30%
Epoch: 2, Batch: 10, Acc: 12.50%, Loss: 2.2472
Epoch: 2, Batch: 20, Acc: 13.59%, Loss: 2.2355
Epoch: 2, Batch: 30, Acc: 13.70%, Loss: 2.2376
Epoch: 2, Batch: 40, Acc: 13.71%, Loss: 2.2402
Epoch: 2, Batch: 50, Acc: 14.34%, Loss: 2.2182
Epoch: 2, Batch: 60, Acc: 14.87%, Loss: 2.2106
Epoch: 2, Batch: 70, Acc: 15.40%, Loss: 2.2249
Epoch: 2, Batch: 80, Acc: 15.68%, Loss: 2.2305
Epoch: 2, Batch: 90, Acc: 16.44%, Loss: 2.1982
Epoch: 2, Batch: 100, Acc: 16.70%, Loss: 2.2160
Epoch: 2, Batch: 110, Acc: 17.37%, Loss: 2.1906
Accuracy on test set: 28.66%
Epoch: 3, Batch: 10, Acc: 20.62%, Loss: 2.2339
Epoch: 3, Batch: 20, Acc: 25.00%, Loss: 2.1985
Epoch: 3, Batch: 30, Acc: 25.26%, Loss: 2.2085
Epoch: 3, Batch: 40, Acc: 24.84%, Loss: 2.2003
Epoch: 3, Batch: 50, Acc: 25.41%, Loss: 2.1919
Epoch: 3, Batch: 60, Acc: 25.83%, Loss: 2.2077
Epoch: 3, Batch: 70, Acc: 25.92%, Loss: 2.1987
Epoch: 3, Batch: 80, Acc: 26.25%, Loss: 2.1608
Epoch: 3, Batch: 90, Acc: 26.68%, Loss: 2.1531
Epoch: 3, Batch: 100, Acc: 26.94%, Loss: 2.1783
Epoch: 3, Batch: 110, Acc: 27.27%, Loss: 2.1563
Accuracy on test set: 41.37%
Epoch: 4, Batch: 10, Acc: 33.91%, Loss: 2.1585
Epoch: 4, Batch: 20, Acc: 32.89%, Loss: 2.1839
Epoch: 4, Batch: 30, Acc: 32.34%, Loss: 2.1412
Epoch: 4, Batch: 40, Acc: 32.54%, Loss: 2.1516
Epoch: 4, Batch: 50, Acc: 32.16%, Loss: 2.1738
Epoch: 4, Batch: 60, Acc: 32.89%, Loss: 2.0984
Epoch: 4, Batch: 70, Acc: 32.97%, Loss: 2.1517
Epoch: 4, Batch: 80, Acc: 32.95%, Loss: 2.1274
Epoch: 4, Batch: 90, Acc: 32.64%, Loss: 2.1685
Epoch: 4, Batch: 100, Acc: 32.78%, Loss: 2.1611
Epoch: 4, Batch: 110, Acc: 32.83%, Loss: 2.1537
Accuracy on test set: 45.78%
Epoch: 5, Batch: 10, Acc: 36.72%, Loss: 2.0981
Epoch: 5, Batch: 20, Acc: 36.09%, Loss: 2.1410
Epoch: 5, Batch: 30, Acc: 35.78%, Loss: 2.1296
Epoch: 5, Batch: 40, Acc: 34.73%, Loss: 2.0928
Epoch: 5, Batch: 50, Acc: 34.31%, Loss: 2.0893
Epoch: 5, Batch: 60, Acc: 34.56%, Loss: 2.1053
Epoch: 5, Batch: 70, Acc: 34.55%, Loss: 2.1366
Epoch: 5, Batch: 80, Acc: 34.45%, Loss: 2.1197
Epoch: 5, Batch: 90, Acc: 34.39%, Loss: 2.1057
Epoch: 5, Batch: 100, Acc: 34.73%, Loss: 2.1629
Epoch: 5, Batch: 110, Acc: 34.57%, Loss: 2.1071
Accuracy on test set: 47.36%
Epoch: 6, Batch: 10, Acc: 37.50%, Loss: 2.1001
Epoch: 6, Batch: 20, Acc: 36.33%, Loss: 2.1335
Epoch: 6, Batch: 30, Acc: 36.98%, Loss: 2.1464
Epoch: 6, Batch: 40, Acc: 37.15%, Loss: 2.0564
Epoch: 6, Batch: 50, Acc: 37.59%, Loss: 2.0723
Epoch: 6, Batch: 60, Acc: 37.24%, Loss: 2.0726
Epoch: 6, Batch: 70, Acc: 36.79%, Loss: 2.1244
Epoch: 6, Batch: 80, Acc: 36.80%, Loss: 2.0266
Epoch: 6, Batch: 90, Acc: 36.98%, Loss: 2.1197
Epoch: 6, Batch: 100, Acc: 36.84%, Loss: 2.1997
Epoch: 6, Batch: 110, Acc: 37.00%, Loss: 2.0640
Accuracy on test set: 53.98%
Epoch: 7, Batch: 10, Acc: 40.78%, Loss: 2.0549
Epoch: 7, Batch: 20, Acc: 39.30%, Loss: 2.1561
Epoch: 7, Batch: 30, Acc: 39.74%, Loss: 2.0548
Epoch: 7, Batch: 40, Acc: 40.31%, Loss: 2.0854
Epoch: 7, Batch: 50, Acc: 40.97%, Loss: 2.1280
Epoch: 7, Batch: 60, Acc: 41.15%, Loss: 2.0676
Epoch: 7, Batch: 70, Acc: 41.58%, Loss: 2.0942
Epoch: 7, Batch: 80, Acc: 40.96%, Loss: 2.1061
Epoch: 7, Batch: 90, Acc: 40.83%, Loss: 2.1081
Epoch: 7, Batch: 100, Acc: 41.00%, Loss: 2.0699
Epoch: 7, Batch: 110, Acc: 41.07%, Loss: 2.1339
Accuracy on test set: 59.58%
Epoch: 8, Batch: 10, Acc: 43.44%, Loss: 2.0748
Epoch: 8, Batch: 20, Acc: 41.95%, Loss: 2.0881
Epoch: 8, Batch: 30, Acc: 42.50%, Loss: 2.0351
Epoch: 8, Batch: 40, Acc: 42.23%, Loss: 2.0481
Epoch: 8, Batch: 50, Acc: 42.31%, Loss: 2.2188
Epoch: 8, Batch: 60, Acc: 42.94%, Loss: 2.0973
Epoch: 8, Batch: 70, Acc: 43.71%, Loss: 2.0643
Epoch: 8, Batch: 80, Acc: 43.81%, Loss: 2.1121
Epoch: 8, Batch: 90, Acc: 43.99%, Loss: 2.0916
Epoch: 8, Batch: 100, Acc: 43.77%, Loss: 2.0518
Epoch: 8, Batch: 110, Acc: 44.07%, Loss: 2.0243
Accuracy on test set: 63.49%
Epoch: 9, Batch: 10, Acc: 45.78%, Loss: 2.1282
Epoch: 9, Batch: 20, Acc: 46.17%, Loss: 2.1178
Epoch: 9, Batch: 30, Acc: 45.89%, Loss: 2.1735
Epoch: 9, Batch: 40, Acc: 45.31%, Loss: 2.1579
Epoch: 9, Batch: 50, Acc: 45.16%, Loss: 2.1955
Epoch: 9, Batch: 60, Acc: 45.44%, Loss: 2.1557
Epoch: 9, Batch: 70, Acc: 45.67%, Loss: 2.1040
Epoch: 9, Batch: 80, Acc: 45.68%, Loss: 2.1716
Epoch: 9, Batch: 90, Acc: 45.40%, Loss: 2.0948
Epoch: 9, Batch: 100, Acc: 45.72%, Loss: 2.0195
Epoch: 9, Batch: 110, Acc: 45.71%, Loss: 2.1314
Accuracy on test set: 63.85%
Epoch: 10, Batch: 10, Acc: 45.62%, Loss: 2.1147
Epoch: 10, Batch: 20, Acc: 43.12%, Loss: 2.0792
Epoch: 10, Batch: 30, Acc: 45.42%, Loss: 2.1451
Epoch: 10, Batch: 40, Acc: 45.43%, Loss: 2.1490
Epoch: 10, Batch: 50, Acc: 45.50%, Loss: 2.1493
Epoch: 10, Batch: 60, Acc: 45.34%, Loss: 2.1185
Epoch: 10, Batch: 70, Acc: 46.50%, Loss: 2.0879
Epoch: 10, Batch: 80, Acc: 46.70%, Loss: 2.1069
Epoch: 10, Batch: 90, Acc: 46.37%, Loss: 2.1377
Epoch: 10, Batch: 100, Acc: 46.19%, Loss: 2.1960
Epoch: 10, Batch: 110, Acc: 46.27%, Loss: 2.1319
Accuracy on test set: 63.86%
  [Run 3 | eps=0.3 | random | q-detection | GPU 0] Training Time: 3193.13s  Best Acc: 63.86%

  [Run 3 | eps=0.3 | random | q-detection | GPU 0] Evaluating final model on clean test data...
  Accuracy    : 0.6386
  Loss        : 1.8913
  Precision   : 0.6525
  Recall      : 0.6344
  F1          : 0.6434
  Fpr         : 0.0402
  Fnr         : 0.3656
  Roc_auc     : 0.9348
  Pr_auc      : 0.7312
  Asr         : 5.3810
Metrics saved to eps0.3/qmlp-mnist-quid-run3-layer50_quid_eps0.3_random_qdetection.csv
  [Run 3 | eps=0.3 | random | q-detection | GPU 0] Done. Saved → eps0.3/qmlp-mnist-quid-run3-layer50-noiseless-Amplitude_eps0.3_random_qdetection.pt

====================================================================
 [Run 3 | eps=0.5 | quid | none | GPU 0]
====================================================================
  [Run 3 | eps=0.5 | quid | none | GPU 0] Stratified subset: 7000 samples (700 per class max, from 60000 total)
  [QUID] Computing density matrices for 3500 poisoned samples ...
  [QUID] Density matrices done in 4.3s
  [QUID] Assigning adversarial labels ...
  [QUID] Label assignment done in 41.3s
  [QUID] Labels changed: 3489/3500
  [Run 3 | eps=0.5 | quid | none | GPU 0] Poisoned: 3500/7000
Epoch: 1, Batch: 10, Acc: 3.12%, Loss: 2.3811
Epoch: 1, Batch: 20, Acc: 4.14%, Loss: 2.3658
Epoch: 1, Batch: 30, Acc: 4.74%, Loss: 2.3536
Epoch: 1, Batch: 40, Acc: 4.92%, Loss: 2.3381
Epoch: 1, Batch: 50, Acc: 5.22%, Loss: 2.3200
Epoch: 1, Batch: 60, Acc: 5.68%, Loss: 2.3016
Epoch: 1, Batch: 70, Acc: 5.80%, Loss: 2.2932
Epoch: 1, Batch: 80, Acc: 6.31%, Loss: 2.2771
Epoch: 1, Batch: 90, Acc: 7.27%, Loss: 2.2659
Epoch: 1, Batch: 100, Acc: 8.44%, Loss: 2.2562
Epoch: 1, Batch: 110, Acc: 9.96%, Loss: 2.2274
Accuracy on test set: 21.59%
Epoch: 2, Batch: 10, Acc: 35.62%, Loss: 2.2177
Epoch: 2, Batch: 20, Acc: 36.33%, Loss: 2.2085
Epoch: 2, Batch: 30, Acc: 38.75%, Loss: 2.1862
Epoch: 2, Batch: 40, Acc: 40.27%, Loss: 2.1781
Epoch: 2, Batch: 50, Acc: 41.78%, Loss: 2.1628
Epoch: 2, Batch: 60, Acc: 42.66%, Loss: 2.1367
Epoch: 2, Batch: 70, Acc: 43.46%, Loss: 2.1287
Epoch: 2, Batch: 80, Acc: 44.02%, Loss: 2.1083
Epoch: 2, Batch: 90, Acc: 44.62%, Loss: 2.0983
Epoch: 2, Batch: 100, Acc: 45.25%, Loss: 2.0748
Epoch: 2, Batch: 110, Acc: 45.57%, Loss: 2.0595
Accuracy on test set: 11.35%
Epoch: 3, Batch: 10, Acc: 48.44%, Loss: 2.0594
Epoch: 3, Batch: 20, Acc: 47.66%, Loss: 2.0358
Epoch: 3, Batch: 30, Acc: 46.72%, Loss: 2.0495
Epoch: 3, Batch: 40, Acc: 47.89%, Loss: 2.0014
Epoch: 3, Batch: 50, Acc: 48.34%, Loss: 1.9966
Epoch: 3, Batch: 60, Acc: 48.70%, Loss: 1.9759
Epoch: 3, Batch: 70, Acc: 48.62%, Loss: 1.9880
Epoch: 3, Batch: 80, Acc: 48.61%, Loss: 1.9688
Epoch: 3, Batch: 90, Acc: 48.72%, Loss: 1.9367
Epoch: 3, Batch: 100, Acc: 48.89%, Loss: 1.9337
Epoch: 3, Batch: 110, Acc: 48.63%, Loss: 1.9717
Accuracy on test set: 11.35%
Epoch: 4, Batch: 10, Acc: 47.66%, Loss: 1.9348
Epoch: 4, Batch: 20, Acc: 49.22%, Loss: 1.8937
Epoch: 4, Batch: 30, Acc: 48.44%, Loss: 1.9286
Epoch: 4, Batch: 40, Acc: 48.59%, Loss: 1.9052
Epoch: 4, Batch: 50, Acc: 48.47%, Loss: 1.9036
Epoch: 4, Batch: 60, Acc: 48.33%, Loss: 1.8912
Epoch: 4, Batch: 70, Acc: 48.42%, Loss: 1.8810
Epoch: 4, Batch: 80, Acc: 48.83%, Loss: 1.8477
Epoch: 4, Batch: 90, Acc: 48.73%, Loss: 1.8682
Epoch: 4, Batch: 100, Acc: 48.89%, Loss: 1.8534
Epoch: 4, Batch: 110, Acc: 48.63%, Loss: 1.8910
Accuracy on test set: 11.35%
Epoch: 5, Batch: 10, Acc: 50.16%, Loss: 1.8376
Epoch: 5, Batch: 20, Acc: 48.52%, Loss: 1.8757
Epoch: 5, Batch: 30, Acc: 48.02%, Loss: 1.8472
Epoch: 5, Batch: 40, Acc: 47.85%, Loss: 1.8495
Epoch: 5, Batch: 50, Acc: 48.34%, Loss: 1.8186
Epoch: 5, Batch: 60, Acc: 49.04%, Loss: 1.7632
Epoch: 5, Batch: 70, Acc: 48.82%, Loss: 1.8445
Epoch: 5, Batch: 80, Acc: 48.55%, Loss: 1.8496
Epoch: 5, Batch: 90, Acc: 48.58%, Loss: 1.8176
Epoch: 5, Batch: 100, Acc: 48.58%, Loss: 1.8156
Epoch: 5, Batch: 110, Acc: 48.63%, Loss: 1.7951
Accuracy on test set: 11.35%
Epoch: 6, Batch: 10, Acc: 51.41%, Loss: 1.7671
Epoch: 6, Batch: 20, Acc: 50.08%, Loss: 1.8055
Epoch: 6, Batch: 30, Acc: 48.65%, Loss: 1.8428
Epoch: 6, Batch: 40, Acc: 48.32%, Loss: 1.8191
Epoch: 6, Batch: 50, Acc: 48.56%, Loss: 1.7843
Epoch: 6, Batch: 60, Acc: 48.33%, Loss: 1.8222
Epoch: 6, Batch: 70, Acc: 48.24%, Loss: 1.8084
Epoch: 6, Batch: 80, Acc: 48.18%, Loss: 1.7952
Epoch: 6, Batch: 90, Acc: 48.59%, Loss: 1.7249
Epoch: 6, Batch: 100, Acc: 48.58%, Loss: 1.7936
Epoch: 6, Batch: 110, Acc: 48.63%, Loss: 1.7882
Accuracy on test set: 11.35%
Epoch: 7, Batch: 10, Acc: 46.72%, Loss: 1.7994
Epoch: 7, Batch: 20, Acc: 49.06%, Loss: 1.7367
Epoch: 7, Batch: 30, Acc: 49.74%, Loss: 1.7361
Epoch: 7, Batch: 40, Acc: 48.95%, Loss: 1.8102
Epoch: 7, Batch: 50, Acc: 49.09%, Loss: 1.7620
Epoch: 7, Batch: 60, Acc: 49.24%, Loss: 1.7336
Epoch: 7, Batch: 70, Acc: 49.08%, Loss: 1.7558
Epoch: 7, Batch: 80, Acc: 49.08%, Loss: 1.7696
Epoch: 7, Batch: 90, Acc: 48.72%, Loss: 1.8095
Epoch: 7, Batch: 100, Acc: 48.61%, Loss: 1.7856
Epoch: 7, Batch: 110, Acc: 48.63%, Loss: 1.7936
Accuracy on test set: 11.35%
Epoch: 8, Batch: 10, Acc: 49.69%, Loss: 1.7394
Epoch: 8, Batch: 20, Acc: 48.05%, Loss: 1.7903
Epoch: 8, Batch: 30, Acc: 49.38%, Loss: 1.6916
Epoch: 8, Batch: 40, Acc: 48.98%, Loss: 1.7737
Epoch: 8, Batch: 50, Acc: 49.03%, Loss: 1.7417
Epoch: 8, Batch: 60, Acc: 49.32%, Loss: 1.7218
Epoch: 8, Batch: 70, Acc: 48.82%, Loss: 1.8026
Epoch: 8, Batch: 80, Acc: 48.69%, Loss: 1.7489
Epoch: 8, Batch: 90, Acc: 48.73%, Loss: 1.7362
Epoch: 8, Batch: 100, Acc: 48.83%, Loss: 1.7327
Epoch: 8, Batch: 110, Acc: 48.63%, Loss: 1.7595
Accuracy on test set: 11.35%
Epoch: 9, Batch: 10, Acc: 50.47%, Loss: 1.7100
Epoch: 9, Batch: 20, Acc: 49.45%, Loss: 1.7452
Epoch: 9, Batch: 30, Acc: 50.05%, Loss: 1.7118
Epoch: 9, Batch: 40, Acc: 49.69%, Loss: 1.7299
Epoch: 9, Batch: 50, Acc: 48.94%, Loss: 1.7641
Epoch: 9, Batch: 60, Acc: 48.83%, Loss: 1.7305
Epoch: 9, Batch: 70, Acc: 49.08%, Loss: 1.6863
Epoch: 9, Batch: 80, Acc: 48.71%, Loss: 1.7786
Epoch: 9, Batch: 90, Acc: 48.40%, Loss: 1.7727
Epoch: 9, Batch: 100, Acc: 48.61%, Loss: 1.7054
Epoch: 9, Batch: 110, Acc: 48.63%, Loss: 1.7215
Accuracy on test set: 11.35%
Epoch: 10, Batch: 10, Acc: 50.62%, Loss: 1.6778
Epoch: 10, Batch: 20, Acc: 49.30%, Loss: 1.7385
Epoch: 10, Batch: 30, Acc: 50.42%, Loss: 1.6408
Epoch: 10, Batch: 40, Acc: 50.00%, Loss: 1.7305
Epoch: 10, Batch: 50, Acc: 49.38%, Loss: 1.7413
Epoch: 10, Batch: 60, Acc: 49.04%, Loss: 1.7319
Epoch: 10, Batch: 70, Acc: 48.73%, Loss: 1.7425
Epoch: 10, Batch: 80, Acc: 48.61%, Loss: 1.7228
Epoch: 10, Batch: 90, Acc: 48.77%, Loss: 1.6968
Epoch: 10, Batch: 100, Acc: 48.59%, Loss: 1.7363
Epoch: 10, Batch: 110, Acc: 48.63%, Loss: 1.7173
Accuracy on test set: 11.35%
  [Run 3 | eps=0.5 | quid | none | GPU 0] Training Time: 2037.02s  Best Acc: 21.59%

  [Run 3 | eps=0.5 | quid | none | GPU 0] Evaluating final model on clean test data...
  Accuracy    : 0.2159
  Loss        : 2.2606
  Precision   : 0.1925
  Recall      : 0.2028
  F1          : 0.1975
  Fpr         : 0.0878
  Fnr         : 0.7972
  Roc_auc     : 0.8160
  Pr_auc      : 0.4086
  Asr         : 37.0000
Metrics saved to eps0.5/qmlp-mnist-quid-run3-layer50_quid_eps0.5_quid_none.csv
  [Run 3 | eps=0.5 | quid | none | GPU 0] Done. Saved → eps0.5/qmlp-mnist-quid-run3-layer50-noiseless-Amplitude_eps0.5_quid_none.pt

====================================================================
 [Run 3 | eps=0.5 | quid | q-detection | GPU 0]
====================================================================
  [Run 3 | eps=0.5 | quid | q-detection | GPU 0] Stratified subset: 7000 samples (700 per class max, from 60000 total)
  [QUID] Computing density matrices for 3500 poisoned samples ...
  [QUID] Density matrices done in 4.4s
  [QUID] Assigning adversarial labels ...
  [QUID] Label assignment done in 45.3s
  [QUID] Labels changed: 3489/3500
  [Run 3 | eps=0.5 | quid | q-detection | GPU 0] Poisoned: 3500/7000
  [Run 3 | eps=0.5 | quid | q-detection | GPU 0] J matrix: 7000x7000 (392 MB)
Epoch: 1, Batch: 10, Acc: 3.28%, Loss: 2.3567
Epoch: 1, Batch: 20, Acc: 4.22%, Loss: 2.3419
Epoch: 1, Batch: 30, Acc: 4.84%, Loss: 2.3332
Epoch: 1, Batch: 40, Acc: 4.96%, Loss: 2.3191
Epoch: 1, Batch: 50, Acc: 5.28%, Loss: 2.3082
Epoch: 1, Batch: 60, Acc: 5.86%, Loss: 2.2865
Epoch: 1, Batch: 70, Acc: 6.12%, Loss: 2.2780
Epoch: 1, Batch: 80, Acc: 6.60%, Loss: 2.2639
Epoch: 1, Batch: 90, Acc: 7.17%, Loss: 2.2498
Epoch: 1, Batch: 100, Acc: 7.50%, Loss: 2.2454
Epoch: 1, Batch: 110, Acc: 8.34%, Loss: 2.2101
Accuracy on test set: 27.17%
Epoch: 2, Batch: 10, Acc: 24.06%, Loss: 2.2088
Epoch: 2, Batch: 20, Acc: 26.72%, Loss: 2.1918
Epoch: 2, Batch: 30, Acc: 30.31%, Loss: 2.1683
Epoch: 2, Batch: 40, Acc: 33.48%, Loss: 2.1569
Epoch: 2, Batch: 50, Acc: 35.91%, Loss: 2.1403
Epoch: 2, Batch: 60, Acc: 37.47%, Loss: 2.1199
Epoch: 2, Batch: 70, Acc: 39.02%, Loss: 2.0943
Epoch: 2, Batch: 80, Acc: 40.14%, Loss: 2.0824
Epoch: 2, Batch: 90, Acc: 41.18%, Loss: 2.0561
Epoch: 2, Batch: 100, Acc: 42.16%, Loss: 2.0367
Epoch: 2, Batch: 110, Acc: 42.74%, Loss: 2.0174
Accuracy on test set: 11.35%
Epoch: 3, Batch: 10, Acc: 48.44%, Loss: 2.0368
Epoch: 3, Batch: 20, Acc: 47.66%, Loss: 2.0242
Epoch: 3, Batch: 30, Acc: 46.72%, Loss: 2.0145
Epoch: 3, Batch: 40, Acc: 47.89%, Loss: 1.9515
Epoch: 3, Batch: 50, Acc: 48.34%, Loss: 1.9586
Epoch: 3, Batch: 60, Acc: 48.70%, Loss: 1.9684
Epoch: 3, Batch: 70, Acc: 48.62%, Loss: 1.9438
Epoch: 3, Batch: 80, Acc: 48.61%, Loss: 1.9630
Epoch: 3, Batch: 90, Acc: 48.72%, Loss: 1.8538
Epoch: 3, Batch: 100, Acc: 48.89%, Loss: 1.8896
Epoch: 3, Batch: 110, Acc: 48.63%, Loss: 1.9351
Accuracy on test set: 11.35%
Epoch: 4, Batch: 10, Acc: 47.66%, Loss: 1.8829
Epoch: 4, Batch: 20, Acc: 49.22%, Loss: 1.8573
Epoch: 4, Batch: 30, Acc: 48.44%, Loss: 1.8654
Epoch: 4, Batch: 40, Acc: 48.59%, Loss: 1.8479
Epoch: 4, Batch: 50, Acc: 48.47%, Loss: 1.8789
Epoch: 4, Batch: 60, Acc: 48.33%, Loss: 1.8416
Epoch: 4, Batch: 70, Acc: 48.42%, Loss: 1.8044
Epoch: 4, Batch: 80, Acc: 48.83%, Loss: 1.7570
Epoch: 4, Batch: 90, Acc: 48.73%, Loss: 1.8813
Epoch: 4, Batch: 100, Acc: 48.89%, Loss: 1.7154
Epoch: 4, Batch: 110, Acc: 48.63%, Loss: 1.8659
Accuracy on test set: 11.35%
Epoch: 5, Batch: 10, Acc: 50.16%, Loss: 1.9613
Epoch: 5, Batch: 20, Acc: 48.52%, Loss: 1.8226
Epoch: 5, Batch: 30, Acc: 48.02%, Loss: 1.8070
Epoch: 5, Batch: 40, Acc: 47.85%, Loss: 1.7227
Epoch: 5, Batch: 50, Acc: 48.34%, Loss: 1.8573
Epoch: 5, Batch: 60, Acc: 49.04%, Loss: 1.6939
Epoch: 5, Batch: 70, Acc: 48.82%, Loss: 1.7545
Epoch: 5, Batch: 80, Acc: 48.55%, Loss: 1.8751
Epoch: 5, Batch: 90, Acc: 48.58%, Loss: 1.7368
Epoch: 5, Batch: 100, Acc: 48.58%, Loss: 1.8247
Epoch: 5, Batch: 110, Acc: 48.63%, Loss: 1.7211
Accuracy on test set: 11.35%
Epoch: 6, Batch: 10, Acc: 51.41%, Loss: 1.9175
Epoch: 6, Batch: 20, Acc: 50.08%, Loss: 1.8964
Epoch: 6, Batch: 30, Acc: 48.65%, Loss: 1.8441
Epoch: 6, Batch: 40, Acc: 48.32%, Loss: 1.8011
Epoch: 6, Batch: 50, Acc: 48.56%, Loss: 1.8815
Epoch: 6, Batch: 60, Acc: 48.33%, Loss: 1.8816
Epoch: 6, Batch: 70, Acc: 48.24%, Loss: 1.8852
Epoch: 6, Batch: 80, Acc: 48.18%, Loss: 1.7351
Epoch: 6, Batch: 90, Acc: 48.59%, Loss: 1.9649
Epoch: 6, Batch: 100, Acc: 48.58%, Loss: 1.8377
Epoch: 6, Batch: 110, Acc: 48.63%, Loss: 1.7770
Accuracy on test set: 11.35%
Epoch: 7, Batch: 10, Acc: 46.72%, Loss: 1.8656
Epoch: 7, Batch: 20, Acc: 49.06%, Loss: 1.7463
Epoch: 7, Batch: 30, Acc: 49.74%, Loss: 1.8268
Epoch: 7, Batch: 40, Acc: 48.95%, Loss: 1.8449
Epoch: 7, Batch: 50, Acc: 49.09%, Loss: 1.7591
Epoch: 7, Batch: 60, Acc: 49.24%, Loss: 1.7163
Epoch: 7, Batch: 70, Acc: 49.08%, Loss: 1.6577
Epoch: 7, Batch: 80, Acc: 49.08%, Loss: 1.8973
Epoch: 7, Batch: 90, Acc: 48.72%, Loss: 1.6779
Epoch: 7, Batch: 100, Acc: 48.61%, Loss: 1.9427
Epoch: 7, Batch: 110, Acc: 48.63%, Loss: 1.9552
Accuracy on test set: 11.35%
Epoch: 8, Batch: 10, Acc: 49.69%, Loss: 2.1431
Epoch: 8, Batch: 20, Acc: 48.05%, Loss: 1.9922
Epoch: 8, Batch: 30, Acc: 49.38%, Loss: 2.0102
Epoch: 8, Batch: 40, Acc: 48.98%, Loss: 1.7675
Epoch: 8, Batch: 50, Acc: 49.03%, Loss: 1.8016
Epoch: 8, Batch: 60, Acc: 49.32%, Loss: 1.8381
Epoch: 8, Batch: 70, Acc: 48.82%, Loss: 2.0649
Epoch: 8, Batch: 80, Acc: 48.69%, Loss: 1.9634
Epoch: 8, Batch: 90, Acc: 48.73%, Loss: 1.8337
Epoch: 8, Batch: 100, Acc: 48.83%, Loss: 1.5771
Epoch: 8, Batch: 110, Acc: 48.63%, Loss: 1.7607
Accuracy on test set: 11.35%
Epoch: 9, Batch: 10, Acc: 50.47%, Loss: 2.2366
Epoch: 9, Batch: 20, Acc: 49.45%, Loss: 2.1916
Epoch: 9, Batch: 30, Acc: 50.05%, Loss: 1.9298
Epoch: 9, Batch: 40, Acc: 49.69%, Loss: 2.1488
Epoch: 9, Batch: 50, Acc: 48.94%, Loss: 1.8821
Epoch: 9, Batch: 60, Acc: 48.83%, Loss: 1.9416
Epoch: 9, Batch: 70, Acc: 49.08%, Loss: 1.7567
Epoch: 9, Batch: 80, Acc: 48.71%, Loss: 1.7352
Epoch: 9, Batch: 90, Acc: 48.40%, Loss: 2.0079
Epoch: 9, Batch: 100, Acc: 48.61%, Loss: 2.0454
Epoch: 9, Batch: 110, Acc: 48.63%, Loss: 1.9412
Accuracy on test set: 11.35%
Epoch: 10, Batch: 10, Acc: 50.62%, Loss: 2.1390
Epoch: 10, Batch: 20, Acc: 49.30%, Loss: 2.0117
Epoch: 10, Batch: 30, Acc: 50.42%, Loss: 1.8368
Epoch: 10, Batch: 40, Acc: 50.00%, Loss: 2.0661
Epoch: 10, Batch: 50, Acc: 49.38%, Loss: 2.0389
Epoch: 10, Batch: 60, Acc: 49.04%, Loss: 2.0554
Epoch: 10, Batch: 70, Acc: 48.73%, Loss: 1.9868
Epoch: 10, Batch: 80, Acc: 48.61%, Loss: 2.0627
Epoch: 10, Batch: 90, Acc: 48.77%, Loss: 1.8769
Epoch: 10, Batch: 100, Acc: 48.59%, Loss: 1.8470
Epoch: 10, Batch: 110, Acc: 48.63%, Loss: 2.0536
Accuracy on test set: 11.35%
  [Run 3 | eps=0.5 | quid | q-detection | GPU 0] Training Time: 3197.79s  Best Acc: 27.17%

  [Run 3 | eps=0.5 | quid | q-detection | GPU 0] Evaluating final model on clean test data...
  Accuracy    : 0.2717
  Loss        : 2.2648
  Precision   : 0.1864
  Recall      : 0.2620
  F1          : 0.2178
  Fpr         : 0.0811
  Fnr         : 0.7380
  Roc_auc     : 0.8169
  Pr_auc      : 0.4233
  Asr         : 10.2286
Metrics saved to eps0.5/qmlp-mnist-quid-run3-layer50_quid_eps0.5_quid_qdetection.csv
  [Run 3 | eps=0.5 | quid | q-detection | GPU 0] Done. Saved → eps0.5/qmlp-mnist-quid-run3-layer50-noiseless-Amplitude_eps0.5_quid_qdetection.pt

====================================================================
 [Run 3 | eps=0.5 | random | none | GPU 0]
====================================================================
  [Run 3 | eps=0.5 | random | none | GPU 0] Stratified subset: 7000 samples (700 per class max, from 60000 total)
  [Run 3 | eps=0.5 | random | none | GPU 0] Poisoned: 3500/7000
Epoch: 1, Batch: 10, Acc: 10.62%, Loss: 2.3097
Epoch: 1, Batch: 20, Acc: 11.17%, Loss: 2.3121
Epoch: 1, Batch: 30, Acc: 10.99%, Loss: 2.3098
Epoch: 1, Batch: 40, Acc: 10.82%, Loss: 2.2967
Epoch: 1, Batch: 50, Acc: 10.41%, Loss: 2.3036
Epoch: 1, Batch: 60, Acc: 10.21%, Loss: 2.2992
Epoch: 1, Batch: 70, Acc: 10.40%, Loss: 2.2936
Epoch: 1, Batch: 80, Acc: 10.57%, Loss: 2.2957
Epoch: 1, Batch: 90, Acc: 11.06%, Loss: 2.2895
Epoch: 1, Batch: 100, Acc: 11.30%, Loss: 2.2923
Epoch: 1, Batch: 110, Acc: 11.39%, Loss: 2.2937
Accuracy on test set: 18.53%
Epoch: 2, Batch: 10, Acc: 12.19%, Loss: 2.2864
Epoch: 2, Batch: 20, Acc: 14.22%, Loss: 2.2830
Epoch: 2, Batch: 30, Acc: 14.06%, Loss: 2.2826
Epoch: 2, Batch: 40, Acc: 14.80%, Loss: 2.2751
Epoch: 2, Batch: 50, Acc: 15.47%, Loss: 2.2785
Epoch: 2, Batch: 60, Acc: 15.89%, Loss: 2.2730
Epoch: 2, Batch: 70, Acc: 16.50%, Loss: 2.2707
Epoch: 2, Batch: 80, Acc: 17.01%, Loss: 2.2711
Epoch: 2, Batch: 90, Acc: 17.62%, Loss: 2.2668
Epoch: 2, Batch: 100, Acc: 17.98%, Loss: 2.2673
Epoch: 2, Batch: 110, Acc: 18.43%, Loss: 2.2581
Accuracy on test set: 38.49%
Epoch: 3, Batch: 10, Acc: 22.50%, Loss: 2.2678
Epoch: 3, Batch: 20, Acc: 23.12%, Loss: 2.2551
Epoch: 3, Batch: 30, Acc: 24.58%, Loss: 2.2492
Epoch: 3, Batch: 40, Acc: 24.61%, Loss: 2.2533
Epoch: 3, Batch: 50, Acc: 25.41%, Loss: 2.2419
Epoch: 3, Batch: 60, Acc: 25.52%, Loss: 2.2505
Epoch: 3, Batch: 70, Acc: 25.49%, Loss: 2.2459
Epoch: 3, Batch: 80, Acc: 25.72%, Loss: 2.2413
Epoch: 3, Batch: 90, Acc: 25.73%, Loss: 2.2423
Epoch: 3, Batch: 100, Acc: 25.47%, Loss: 2.2511
Epoch: 3, Batch: 110, Acc: 25.61%, Loss: 2.2444
Accuracy on test set: 49.27%
Epoch: 4, Batch: 10, Acc: 26.72%, Loss: 2.2354
Epoch: 4, Batch: 20, Acc: 27.73%, Loss: 2.2330
Epoch: 4, Batch: 30, Acc: 28.54%, Loss: 2.2247
Epoch: 4, Batch: 40, Acc: 28.48%, Loss: 2.2282
Epoch: 4, Batch: 50, Acc: 28.47%, Loss: 2.2270
Epoch: 4, Batch: 60, Acc: 28.59%, Loss: 2.2230
Epoch: 4, Batch: 70, Acc: 28.91%, Loss: 2.2259
Epoch: 4, Batch: 80, Acc: 29.00%, Loss: 2.2216
Epoch: 4, Batch: 90, Acc: 29.05%, Loss: 2.2088
Epoch: 4, Batch: 100, Acc: 29.02%, Loss: 2.2227
Epoch: 4, Batch: 110, Acc: 29.07%, Loss: 2.2161
Accuracy on test set: 54.97%
Epoch: 5, Batch: 10, Acc: 31.41%, Loss: 2.2024
Epoch: 5, Batch: 20, Acc: 29.92%, Loss: 2.2292
Epoch: 5, Batch: 30, Acc: 30.47%, Loss: 2.2001
Epoch: 5, Batch: 40, Acc: 30.47%, Loss: 2.2041
Epoch: 5, Batch: 50, Acc: 30.91%, Loss: 2.1995
Epoch: 5, Batch: 60, Acc: 31.43%, Loss: 2.1995
Epoch: 5, Batch: 70, Acc: 31.18%, Loss: 2.2032
Epoch: 5, Batch: 80, Acc: 31.48%, Loss: 2.1981
Epoch: 5, Batch: 90, Acc: 31.37%, Loss: 2.2151
Epoch: 5, Batch: 100, Acc: 31.28%, Loss: 2.1894
Epoch: 5, Batch: 110, Acc: 31.49%, Loss: 2.2007
Accuracy on test set: 59.48%
Epoch: 6, Batch: 10, Acc: 35.16%, Loss: 2.1772
Epoch: 6, Batch: 20, Acc: 33.91%, Loss: 2.1855
Epoch: 6, Batch: 30, Acc: 33.65%, Loss: 2.1965
Epoch: 6, Batch: 40, Acc: 33.36%, Loss: 2.2020
Epoch: 6, Batch: 50, Acc: 33.34%, Loss: 2.1760
Epoch: 6, Batch: 60, Acc: 33.54%, Loss: 2.1830
Epoch: 6, Batch: 70, Acc: 33.64%, Loss: 2.1668
Epoch: 6, Batch: 80, Acc: 33.50%, Loss: 2.1920
Epoch: 6, Batch: 90, Acc: 33.58%, Loss: 2.1812
Epoch: 6, Batch: 100, Acc: 33.31%, Loss: 2.1957
Epoch: 6, Batch: 110, Acc: 33.24%, Loss: 2.1766
Accuracy on test set: 63.25%
Epoch: 7, Batch: 10, Acc: 35.31%, Loss: 2.1601
Epoch: 7, Batch: 20, Acc: 33.59%, Loss: 2.1769
Epoch: 7, Batch: 30, Acc: 34.32%, Loss: 2.1755
Epoch: 7, Batch: 40, Acc: 34.30%, Loss: 2.1818
Epoch: 7, Batch: 50, Acc: 34.19%, Loss: 2.1695
Epoch: 7, Batch: 60, Acc: 33.98%, Loss: 2.1673
Epoch: 7, Batch: 70, Acc: 33.93%, Loss: 2.1698
Epoch: 7, Batch: 80, Acc: 34.12%, Loss: 2.1542
Epoch: 7, Batch: 90, Acc: 34.50%, Loss: 2.1636
Epoch: 7, Batch: 100, Acc: 34.45%, Loss: 2.1739
Epoch: 7, Batch: 110, Acc: 34.34%, Loss: 2.1774
Accuracy on test set: 65.01%
Epoch: 8, Batch: 10, Acc: 37.03%, Loss: 2.1547
Epoch: 8, Batch: 20, Acc: 35.94%, Loss: 2.1719
Epoch: 8, Batch: 30, Acc: 36.15%, Loss: 2.1498
Epoch: 8, Batch: 40, Acc: 36.21%, Loss: 2.1382
Epoch: 8, Batch: 50, Acc: 36.22%, Loss: 2.1418
Epoch: 8, Batch: 60, Acc: 36.33%, Loss: 2.1556
Epoch: 8, Batch: 70, Acc: 36.21%, Loss: 2.1591
Epoch: 8, Batch: 80, Acc: 36.02%, Loss: 2.1599
Epoch: 8, Batch: 90, Acc: 35.97%, Loss: 2.1594
Epoch: 8, Batch: 100, Acc: 35.95%, Loss: 2.1591
Epoch: 8, Batch: 110, Acc: 35.79%, Loss: 2.1615
Accuracy on test set: 66.40%
Epoch: 9, Batch: 10, Acc: 35.16%, Loss: 2.1434
Epoch: 9, Batch: 20, Acc: 36.64%, Loss: 2.1330
Epoch: 9, Batch: 30, Acc: 35.94%, Loss: 2.1739
Epoch: 9, Batch: 40, Acc: 36.09%, Loss: 2.1406
Epoch: 9, Batch: 50, Acc: 36.59%, Loss: 2.1206
Epoch: 9, Batch: 60, Acc: 36.30%, Loss: 2.1531
Epoch: 9, Batch: 70, Acc: 36.52%, Loss: 2.1368
Epoch: 9, Batch: 80, Acc: 36.13%, Loss: 2.1604
Epoch: 9, Batch: 90, Acc: 36.15%, Loss: 2.1418
Epoch: 9, Batch: 100, Acc: 35.97%, Loss: 2.1456
Epoch: 9, Batch: 110, Acc: 36.21%, Loss: 2.1117
Accuracy on test set: 69.22%
Epoch: 10, Batch: 10, Acc: 36.41%, Loss: 2.1398
Epoch: 10, Batch: 20, Acc: 36.80%, Loss: 2.1161
Epoch: 10, Batch: 30, Acc: 36.61%, Loss: 2.1400
Epoch: 10, Batch: 40, Acc: 37.54%, Loss: 2.1142
Epoch: 10, Batch: 50, Acc: 37.31%, Loss: 2.1141
Epoch: 10, Batch: 60, Acc: 37.79%, Loss: 2.1257
Epoch: 10, Batch: 70, Acc: 37.72%, Loss: 2.1299
Epoch: 10, Batch: 80, Acc: 37.36%, Loss: 2.1374
Epoch: 10, Batch: 90, Acc: 37.10%, Loss: 2.1526
Epoch: 10, Batch: 100, Acc: 37.05%, Loss: 2.1293
Epoch: 10, Batch: 110, Acc: 36.91%, Loss: 2.1330
Accuracy on test set: 69.78%
  [Run 3 | eps=0.5 | random | none | GPU 0] Training Time: 2020.75s  Best Acc: 69.78%

  [Run 3 | eps=0.5 | random | none | GPU 0] Evaluating final model on clean test data...
  Accuracy    : 0.6978
  Loss        : 1.8740
  Precision   : 0.7051
  Recall      : 0.6931
  F1          : 0.6990
  Fpr         : 0.0336
  Fnr         : 0.3069
  Roc_auc     : 0.9322
  Pr_auc      : 0.7030
  Asr         : 4.5714
Metrics saved to eps0.5/qmlp-mnist-quid-run3-layer50_quid_eps0.5_random_none.csv
  [Run 3 | eps=0.5 | random | none | GPU 0] Done. Saved → eps0.5/qmlp-mnist-quid-run3-layer50-noiseless-Amplitude_eps0.5_random_none.pt

====================================================================
 [Run 3 | eps=0.5 | random | q-detection | GPU 0]
====================================================================
  [Run 3 | eps=0.5 | random | q-detection | GPU 0] Stratified subset: 7000 samples (700 per class max, from 60000 total)
  [Run 3 | eps=0.5 | random | q-detection | GPU 0] Poisoned: 3500/7000
  [Run 3 | eps=0.5 | random | q-detection | GPU 0] J matrix: 7000x7000 (392 MB)
Epoch: 1, Batch: 10, Acc: 10.62%, Loss: 2.2818
Epoch: 1, Batch: 20, Acc: 11.17%, Loss: 2.2880
Epoch: 1, Batch: 30, Acc: 10.94%, Loss: 2.2886
Epoch: 1, Batch: 40, Acc: 10.78%, Loss: 2.2719
Epoch: 1, Batch: 50, Acc: 10.34%, Loss: 2.2887
Epoch: 1, Batch: 60, Acc: 10.18%, Loss: 2.2781
Epoch: 1, Batch: 70, Acc: 10.13%, Loss: 2.2717
Epoch: 1, Batch: 80, Acc: 10.10%, Loss: 2.2782
Epoch: 1, Batch: 90, Acc: 10.38%, Loss: 2.2676
Epoch: 1, Batch: 100, Acc: 10.38%, Loss: 2.2756
Epoch: 1, Batch: 110, Acc: 10.27%, Loss: 2.2767
Accuracy on test set: 12.78%
Epoch: 2, Batch: 10, Acc: 9.69%, Loss: 2.2731
Epoch: 2, Batch: 20, Acc: 10.62%, Loss: 2.2672
Epoch: 2, Batch: 30, Acc: 10.31%, Loss: 2.2708
Epoch: 2, Batch: 40, Acc: 10.90%, Loss: 2.2678
Epoch: 2, Batch: 50, Acc: 11.47%, Loss: 2.2610
Epoch: 2, Batch: 60, Acc: 11.82%, Loss: 2.2694
Epoch: 2, Batch: 70, Acc: 12.68%, Loss: 2.2490
Epoch: 2, Batch: 80, Acc: 13.03%, Loss: 2.2590
Epoch: 2, Batch: 90, Acc: 13.14%, Loss: 2.2516
Epoch: 2, Batch: 100, Acc: 13.31%, Loss: 2.2516
Epoch: 2, Batch: 110, Acc: 13.60%, Loss: 2.2361
Accuracy on test set: 21.77%
Epoch: 3, Batch: 10, Acc: 14.38%, Loss: 2.2493
Epoch: 3, Batch: 20, Acc: 15.00%, Loss: 2.2415
Epoch: 3, Batch: 30, Acc: 16.20%, Loss: 2.2513
Epoch: 3, Batch: 40, Acc: 16.52%, Loss: 2.2433
Epoch: 3, Batch: 50, Acc: 17.59%, Loss: 2.2234
Epoch: 3, Batch: 60, Acc: 18.52%, Loss: 2.2508
Epoch: 3, Batch: 70, Acc: 18.86%, Loss: 2.2431
Epoch: 3, Batch: 80, Acc: 18.95%, Loss: 2.2443
Epoch: 3, Batch: 90, Acc: 19.13%, Loss: 2.2306
Epoch: 3, Batch: 100, Acc: 19.03%, Loss: 2.2361
Epoch: 3, Batch: 110, Acc: 19.34%, Loss: 2.2351
Accuracy on test set: 38.99%
Epoch: 4, Batch: 10, Acc: 22.34%, Loss: 2.2439
Epoch: 4, Batch: 20, Acc: 23.28%, Loss: 2.2390
Epoch: 4, Batch: 30, Acc: 23.18%, Loss: 2.2569
Epoch: 4, Batch: 40, Acc: 22.97%, Loss: 2.2398
Epoch: 4, Batch: 50, Acc: 22.94%, Loss: 2.2439
Epoch: 4, Batch: 60, Acc: 23.57%, Loss: 2.2088
Epoch: 4, Batch: 70, Acc: 23.91%, Loss: 2.1863
Epoch: 4, Batch: 80, Acc: 23.95%, Loss: 2.2131
Epoch: 4, Batch: 90, Acc: 24.18%, Loss: 2.1627
Epoch: 4, Batch: 100, Acc: 24.08%, Loss: 2.2285
Epoch: 4, Batch: 110, Acc: 23.90%, Loss: 2.2114
Accuracy on test set: 42.13%
Epoch: 5, Batch: 10, Acc: 25.16%, Loss: 2.1600
Epoch: 5, Batch: 20, Acc: 23.91%, Loss: 2.3185
Epoch: 5, Batch: 30, Acc: 24.74%, Loss: 2.1803
Epoch: 5, Batch: 40, Acc: 24.10%, Loss: 2.1973
Epoch: 5, Batch: 50, Acc: 24.44%, Loss: 2.2094
Epoch: 5, Batch: 60, Acc: 25.26%, Loss: 2.1968
Epoch: 5, Batch: 70, Acc: 24.73%, Loss: 2.1739
Epoch: 5, Batch: 80, Acc: 24.92%, Loss: 2.2088
Epoch: 5, Batch: 90, Acc: 24.72%, Loss: 2.2390
Epoch: 5, Batch: 100, Acc: 24.72%, Loss: 2.1848
Epoch: 5, Batch: 110, Acc: 24.61%, Loss: 2.1873
Accuracy on test set: 41.86%
Epoch: 6, Batch: 10, Acc: 27.34%, Loss: 2.2525
Epoch: 6, Batch: 20, Acc: 26.17%, Loss: 2.2331
Epoch: 6, Batch: 30, Acc: 26.35%, Loss: 2.1822
Epoch: 6, Batch: 40, Acc: 25.43%, Loss: 2.2210
Epoch: 6, Batch: 50, Acc: 25.19%, Loss: 2.2111
Epoch: 6, Batch: 60, Acc: 25.29%, Loss: 2.1465
Epoch: 6, Batch: 70, Acc: 25.74%, Loss: 2.1984
Epoch: 6, Batch: 80, Acc: 25.64%, Loss: 2.2403
Epoch: 6, Batch: 90, Acc: 25.57%, Loss: 2.1906
Epoch: 6, Batch: 100, Acc: 25.38%, Loss: 2.2091
Epoch: 6, Batch: 110, Acc: 25.43%, Loss: 2.1678
Accuracy on test set: 47.13%
Epoch: 7, Batch: 10, Acc: 29.06%, Loss: 2.1724
Epoch: 7, Batch: 20, Acc: 27.66%, Loss: 2.1858
Epoch: 7, Batch: 30, Acc: 27.40%, Loss: 2.2123
Epoch: 7, Batch: 40, Acc: 27.30%, Loss: 2.2566
Epoch: 7, Batch: 50, Acc: 27.84%, Loss: 2.2144
Epoch: 7, Batch: 60, Acc: 27.97%, Loss: 2.1347
Epoch: 7, Batch: 70, Acc: 28.26%, Loss: 2.1625
Epoch: 7, Batch: 80, Acc: 28.54%, Loss: 2.1369
Epoch: 7, Batch: 90, Acc: 28.58%, Loss: 2.2091
Epoch: 7, Batch: 100, Acc: 28.80%, Loss: 2.1739
Epoch: 7, Batch: 110, Acc: 28.76%, Loss: 2.2074
Accuracy on test set: 53.12%
Epoch: 8, Batch: 10, Acc: 30.94%, Loss: 2.2233
Epoch: 8, Batch: 20, Acc: 29.77%, Loss: 2.1385
Epoch: 8, Batch: 30, Acc: 30.16%, Loss: 2.2255
Epoch: 8, Batch: 40, Acc: 30.82%, Loss: 2.1825
Epoch: 8, Batch: 50, Acc: 31.19%, Loss: 2.2644
Epoch: 8, Batch: 60, Acc: 30.94%, Loss: 2.1982
Epoch: 8, Batch: 70, Acc: 31.16%, Loss: 2.2079
Epoch: 8, Batch: 80, Acc: 31.15%, Loss: 2.2440
Epoch: 8, Batch: 90, Acc: 31.11%, Loss: 2.2581
Epoch: 8, Batch: 100, Acc: 30.97%, Loss: 2.1865
Epoch: 8, Batch: 110, Acc: 30.69%, Loss: 2.2010
Accuracy on test set: 57.08%
Epoch: 9, Batch: 10, Acc: 31.09%, Loss: 2.2238
Epoch: 9, Batch: 20, Acc: 31.80%, Loss: 2.1953
Epoch: 9, Batch: 30, Acc: 30.62%, Loss: 2.2545
Epoch: 9, Batch: 40, Acc: 30.23%, Loss: 2.2732
Epoch: 9, Batch: 50, Acc: 30.91%, Loss: 2.1838
Epoch: 9, Batch: 60, Acc: 30.55%, Loss: 2.2330
Epoch: 9, Batch: 70, Acc: 30.67%, Loss: 2.2171
Epoch: 9, Batch: 80, Acc: 30.78%, Loss: 2.1701
Epoch: 9, Batch: 90, Acc: 30.95%, Loss: 2.2394
Epoch: 9, Batch: 100, Acc: 30.72%, Loss: 2.2417
Epoch: 9, Batch: 110, Acc: 30.91%, Loss: 2.2094
Accuracy on test set: 55.51%
Epoch: 10, Batch: 10, Acc: 29.53%, Loss: 2.2305
Epoch: 10, Batch: 20, Acc: 29.14%, Loss: 2.2513
Epoch: 10, Batch: 30, Acc: 29.69%, Loss: 2.2617
Epoch: 10, Batch: 40, Acc: 30.70%, Loss: 2.2466
Epoch: 10, Batch: 50, Acc: 30.81%, Loss: 2.2191
Epoch: 10, Batch: 60, Acc: 30.94%, Loss: 2.2387
Epoch: 10, Batch: 70, Acc: 31.16%, Loss: 2.1972
Epoch: 10, Batch: 80, Acc: 30.96%, Loss: 2.2422
Epoch: 10, Batch: 90, Acc: 30.97%, Loss: 2.2264
Epoch: 10, Batch: 100, Acc: 31.16%, Loss: 2.2222
Epoch: 10, Batch: 110, Acc: 31.20%, Loss: 2.2216
Accuracy on test set: 53.95%
  [Run 3 | eps=0.5 | random | q-detection | GPU 0] Training Time: 3221.41s  Best Acc: 57.08%

  [Run 3 | eps=0.5 | random | q-detection | GPU 0] Evaluating final model on clean test data...
  Accuracy    : 0.5708
  Loss        : 2.0177
  Precision   : 0.6357
  Recall      : 0.5642
  F1          : 0.5978
  Fpr         : 0.0477
  Fnr         : 0.4358
  Roc_auc     : 0.9139
  Pr_auc      : 0.6579
  Asr         : 5.7714
Metrics saved to eps0.5/qmlp-mnist-quid-run3-layer50_quid_eps0.5_random_qdetection.csv
  [Run 3 | eps=0.5 | random | q-detection | GPU 0] Done. Saved → eps0.5/qmlp-mnist-quid-run3-layer50-noiseless-Amplitude_eps0.5_random_qdetection.pt

====================================================================
 All experiments complete.
 Summary → runs/quid_qdetection_mnist_amplitude_l50_summary.csv
 Cache   → rho_proto_cache_amplitude.npy
====================================================================
