Run ID,Epsilon,Attack Type,accuracy,loss,precision,recall,f1,fpr,fnr,roc_auc,pr_auc
1,0,none,0.7929999828338623,0.7023797035217285,0.7927536966833962,0.7901581565056174,0.7914537936084292,0.023003015449435102,0.20984184348434837,0.9698915011802421,nan
1,0,fgsm,0.7929999828338623,0.7023797035217285,0.7927536966833962,0.7901581565056174,0.7914537936084292,0.023003015449435102,0.20984184348434837,0.9698915011802421,nan
1,0.01,fgsm,0.4274999797344208,1.8834896087646484,0.4167949578409105,0.4325205142174967,0.4245121472452169,0.0635434807590853,0.567479485772469,0.8781661489693823,nan
1,0.1,fgsm,0.02449999935925007,4.6577677726745605,0.01708391563712707,0.02409696355256933,0.019993278462089235,0.10804895414139859,0.9759030364373963,0.4163455047857506,nan
1,0.15,fgsm,0.006099999882280827,6.629430294036865,0.0027761245439756436,0.0060142758461299685,0.003798771172157001,0.11008511781375382,0.9939857241438357,0.27937012030452074,nan
1,0,pgd,0.7929999828338623,0.7023797035217285,0.7927536966833962,0.7901581565056174,0.7914537936084292,0.023003015449435102,0.20984184348434837,0.9698915011802421,nan
1,0.01,pgd,0.43289998173713684,1.8684651851654053,0.524239343266488,0.438015949055574,0.47726459478897665,0.06294989985476919,0.5619840509343917,0.8825293603968181,nan
1,0.1,pgd,0.02419999986886978,4.553036212921143,0.02786076497439388,0.023765128232225576,0.02565048206960855,0.10814663601712564,0.9762348717577402,0.4514287024857585,nan
1,0.15,pgd,0.003000000026077032,6.610804080963135,0.0012024000050758939,0.0029344155345480075,0.0017058206684520153,0.11052456265002945,0.9970655844554177,0.3197729023488328,nan
