Run ID,Epsilon,Attack Type,accuracy,loss,precision,recall,f1,fpr,fnr,roc_auc,pr_auc
2,0,none,0.7919999957084656,0.6949025392532349,0.7921683288922063,0.788886710831145,0.7905241092190005,0.023121211552841713,0.2111132891588206,0.9702126561650278,nan
2,0,fgsm,0.7919999957084656,0.6949025392532349,0.7921683288922063,0.788886710831145,0.7905241092190005,0.023121211552841713,0.2111132891588206,0.9702126561650278,nan
2,0.01,fgsm,0.4039999842643738,1.9187541007995605,0.4511004700686912,0.40702329833986894,0.4279298763880809,0.0662263738035473,0.5929767016500967,0.872579169220117,nan
2,0.1,fgsm,0.029399998486042023,4.830814838409424,0.025985112777718693,0.02893036193886949,0.0273787519699216,0.10760188296126638,0.9710696380510961,0.4079860460055862,nan
2,0.15,fgsm,0.008299999870359898,6.923695087432861,0.0030036418047082623,0.008186161639339013,0.004394764478061641,0.10991060802832357,0.9918138383506268,0.27620296626539154,nan
2,0,pgd,0.7919999957084656,0.6949025392532349,0.7921683288922063,0.788886710831145,0.7905241092190005,0.023121211552841713,0.2111132891588206,0.9702126561650278,nan
2,0.01,pgd,0.40829998254776,1.9039881229400635,0.4596626858115479,0.4113587406155365,0.4341713203271371,0.06575494880744603,0.5886412593744292,0.8772020509096861,nan
2,0.1,pgd,0.029899999499320984,4.743746757507324,0.03946753107429578,0.029401358676563006,0.03369878250971466,0.10761372525489099,0.9705986413134028,0.4501926996289084,nan
2,0.15,pgd,0.004399999976158142,6.9499688148498535,0.001593751874169379,0.004301558062740965,0.002325782586088025,0.11044893148414059,0.9956984419272248,0.3266173826077393,nan
