Run ID,Epsilon,Attack Type,accuracy,loss,precision,recall,f1,fpr,fnr,roc_auc,pr_auc
1,0,none,0.8141999840736389,0.6243287324905396,0.8139723049598839,0.8112966483991555,0.8126322692323581,0.02063736392440446,0.18870335159081025,0.9747993434945557,nan
1,0,fgsm,0.8141999840736389,0.6243287324905396,0.8139723049598839,0.8112966483991555,0.8126322692323581,0.02063736392440446,0.18870335159081025,0.9747993434945557,nan
1,0.01,fgsm,0.424699991941452,1.8617736101150513,0.5801654525158246,0.4313136813238165,0.49478686461412574,0.06377907510981504,0.5686863186661493,0.8664677864150221,nan
1,0.1,fgsm,0.023000000044703484,5.218992233276367,0.018546709734581397,0.022726307809866102,0.02042487597181571,0.10827147981532778,0.9772736921800996,0.3948790166320374,nan
1,0.15,fgsm,0.005699999630451202,7.362133026123047,0.0030941223742115332,0.005626200926593585,0.003992543305007766,0.11022974400578807,0.9943737990633721,0.26636094022662343,nan
1,0,pgd,0.8141999840736389,0.6243287324905396,0.8139723049598839,0.8112966483991555,0.8126322692323581,0.02063736392440446,0.18870335159081025,0.9747993434945557,nan
1,0.01,pgd,0.42419999837875366,1.8581961393356323,0.5820568821908509,0.4307709455176708,0.4951151304326175,0.06382724081834158,0.5692290544722949,0.8698614465125326,nan
1,0.1,pgd,0.02029999904334545,5.345006465911865,0.02676032961861402,0.020050776874920934,0.0229246998779135,0.1086138421995421,0.9799492231150448,0.4312803050136728,nan
1,0.15,pgd,0.001999999862164259,7.857879638671875,0.0007976342227363721,0.0019872690390141208,0.0011383577485682564,0.1107388614658801,0.9980127309509517,0.30124159632516456,nan
