Run ID,Epsilon,Attack Type,accuracy,loss,precision,recall,f1,fpr,fnr,roc_auc,pr_auc
3,0,none,0.8377999663352966,0.5338765382766724,0.8383624675186159,0.8353900300192073,0.8368736043749008,0.018020620032175638,0.16460996997075833,0.9818370719999459,nan
3,0,fgsm,0.8377999663352966,0.5338765382766724,0.8383624675186159,0.8353900300192073,0.8368736043749008,0.018020620032175638,0.16460996997075833,0.9818370719999459,nan
3,0.01,fgsm,0.4267999827861786,1.9954662322998047,0.48198498860020056,0.4332435093620558,0.45631635401285564,0.06354103651571598,0.5667564906279099,0.8556483745743396,nan
3,0.1,fgsm,0.026599999517202377,5.8876423835754395,0.020840914879084994,0.026205057017889118,0.023217173526418514,0.10785581424011992,0.9737949429720766,0.4189810339151,nan
3,0.15,fgsm,0.009999999776482582,7.834893703460693,0.0050367788560788645,0.009755820479727732,0.006643575747931352,0.10968047767064666,0.990244179510238,0.3204022162027514,nan
3,0,pgd,0.8377999663352966,0.5338765382766724,0.8383624675186159,0.8353900300192073,0.8368736043749008,0.018020620032175638,0.16460996997075833,0.9818370719999459,nan
3,0.01,pgd,0.4221999943256378,2.005009174346924,0.4901984029723606,0.4286861989737427,0.4573834132844223,0.06404205341222477,0.5713138010162229,0.8585568251138233,nan
3,0.1,pgd,0.016999999061226845,6.469766139984131,0.015241674317982462,0.016758315107046996,0.015964049098072794,0.1088789565270774,0.9832416848829186,0.45497315348898165,nan
3,0.15,pgd,0.0015999999595806003,9.44239616394043,0.0007224305792804732,0.0015665871636032116,0.0009888481916514112,0.11058338931356652,0.9984334128263624,0.3297893222749976,nan
