Run ID,Epsilon,Attack Type,accuracy,loss,precision,recall,f1,fpr,fnr,roc_auc,pr_auc
3,0,none,0.7978000044822693,0.6789674758911133,0.7981223254259254,0.7950983772034876,0.7966074765733144,0.022473947764552308,0.204901622786478,0.9713056435860554,nan
3,0,fgsm,0.7978000044822693,0.6789674758911133,0.7981223254259254,0.7950983772034876,0.7966074765733144,0.022473947764552308,0.204901622786478,0.9713056435860554,nan
3,0.01,fgsm,0.399399995803833,2.0086605548858643,0.4119563804196106,0.40361297296125825,0.4077419944816392,0.06667099753845383,0.5963870270287075,0.8725307970971656,nan
3,0.1,fgsm,0.02499999850988388,4.978966236114502,0.013573827158405119,0.024544490111063366,0.01748044525162624,0.10800906671578743,0.9754555098789023,0.4023534671752427,nan
3,0.15,fgsm,0.0066999997943639755,7.1061110496521,0.0025637695978216082,0.006614667280616248,0.0036952837660559736,0.11003051825979485,0.9933853327093495,0.2703252778630535,nan
3,0,pgd,0.7978000044822693,0.6789674758911133,0.7981223254259254,0.7950983772034876,0.7966074765733144,0.022473947764552308,0.204901622786478,0.9713056435860554,nan
3,0.01,pgd,0.4027999937534332,1.9935137033462524,0.4198468334266903,0.40711458152689406,0.4133826868780302,0.06629923720659374,0.5928854184630715,0.8771470226618396,nan
3,0.1,pgd,0.023899998515844345,4.908411979675293,0.03186832058630581,0.023437008664909435,0.027009981887090553,0.10820851954523628,0.9765629913250562,0.4488234799360017,nan
3,0.15,pgd,0.002699999837204814,7.2067670822143555,0.0009758761904737102,0.002652160564867644,0.001426762400323104,0.11057881003734571,0.9973478394250981,0.3257984739596191,nan
