Run ID,Epsilon,Attack Type,accuracy,loss,precision,recall,f1,fpr,fnr,roc_auc,pr_auc
2,0,none,0.8147000074386597,0.6141253709793091,0.813917452728108,0.8116649580744824,0.812789639812272,0.02058612427682629,0.18833504191548325,0.9755962518289543,nan
2,0,fgsm,0.8147000074386597,0.6141253709793091,0.813917452728108,0.8116649580744824,0.812789639812272,0.02058612427682629,0.18833504191548325,0.9755962518289543,nan
2,0.01,fgsm,0.3877999782562256,2.056532144546509,0.5252821444228497,0.39277858743535443,0.449468252555531,0.06793656495538956,0.6072214125546113,0.860565642600559,nan
2,0.1,fgsm,0.031599998474121094,5.626916885375977,0.01562603675195564,0.030996073125048644,0.020777509864248426,0.10733758970105803,0.9690039268649171,0.38594541880335986,nan
2,0.15,fgsm,0.00930000003427267,7.866678237915039,0.0033424070193702375,0.00914882185884007,0.004896085440059435,0.10982872326117936,0.9908511781311257,0.25900714140146436,nan
2,0,pgd,0.8147000074386597,0.6141253709793091,0.813917452728108,0.8116649580744824,0.812789639812272,0.02058612427682629,0.18833504191548325,0.9755962518289543,nan
2,0.01,pgd,0.3886999785900116,2.055359363555908,0.5368416799338526,0.393798951999209,0.45432722669047565,0.06783612696772567,0.6062010479907567,0.8646735756778632,nan
2,0.1,pgd,0.024899998679757118,5.807875633239746,0.017158749082723967,0.024380788579402016,0.020141954220379232,0.10819097638576629,0.9756192114105637,0.43354564606929624,nan
2,0.15,pgd,0.0038999998942017555,8.43091106414795,0.0012476866828387923,0.0037945569174082433,0.0018778976657945687,0.11059511845748357,0.9962054430725574,0.3029160017935654,nan
