Run ID,Epsilon,Attack Type,accuracy,loss,precision,recall,f1,fpr,fnr,roc_auc,pr_auc
2,0,none,0.8310999870300293,0.5594043731689453,0.8306970387917847,0.8285413298347721,0.8296177789475543,0.018764070763979356,0.1714586701551936,0.9800623395489783,nan
2,0,fgsm,0.8310999870300293,0.5594043731689453,0.8306970387917847,0.8285413298347721,0.8296177789475543,0.018764070763979356,0.1714586701551936,0.9800623395489783,nan
2,0.01,fgsm,0.3783999979496002,2.168527126312256,0.49559822610234505,0.38291961893728205,0.43203284440142153,0.0689784436656971,0.6170803810526836,0.8424934578816459,nan
2,0.1,fgsm,0.03059999831020832,5.798189640045166,0.015817003938040027,0.029963853917641347,0.020704648802561912,0.10750752681422278,0.9700361460723244,0.4151221978365586,nan
2,0.15,fgsm,0.0142000000923872,7.661862373352051,0.005138570375268743,0.013859325368213401,0.007497365206451275,0.10931357418424684,0.9861406746217524,0.3157387962423874,nan
2,0,pgd,0.8310999870300293,0.5594043731689453,0.8306970387917847,0.8285413298347721,0.8296177789475543,0.018764070763979356,0.1714586701551936,0.9800623395489783,nan
2,0.01,pgd,0.37689998745918274,2.185091733932495,0.5095283618834118,0.38159360506774276,0.43637744220062047,0.06913840096724463,0.6184063949222229,0.8450824080491225,nan
2,0.1,pgd,0.022499999031424522,6.449258804321289,0.016227663796341142,0.02201191597198605,0.018682311921795876,0.10841571173170132,0.9779880840179797,0.4463187180523792,nan
2,0.15,pgd,0.004699999932199717,9.293702125549316,0.001238061416543108,0.004564816946766624,0.0019478312804041167,0.11041074120544274,0.9954351830431991,0.3195134788190278,nan
