Python 3.10.19
/home/msrahman3/work/Nowmi/Sok/quid_env/bin/python
Python 3.10.19
========================================
Job ID      : 13947
Node        : hopper001
GPUs        : 0,1
CPUs        : 47
Start time  : Sun Mar  8 03:19:25 PM MDT 2026
========================================
Sun Mar  8 15:19:25 2026       
+-----------------------------------------------------------------------------------------+
| NVIDIA-SMI 575.51.03              Driver Version: 575.51.03      CUDA Version: 12.9     |
|-----------------------------------------+------------------------+----------------------+
| GPU  Name                 Persistence-M | Bus-Id          Disp.A | Volatile Uncorr. ECC |
| Fan  Temp   Perf          Pwr:Usage/Cap |           Memory-Usage | GPU-Util  Compute M. |
|                                         |                        |               MIG M. |
|=========================================+========================+======================|
|   0  NVIDIA H100 80GB HBM3          Off |   00000000:1B:00.0 Off |                    0 |
| N/A   29C    P0            105W /  700W |       0MiB /  81559MiB |      0%      Default |
|                                         |                        |             Disabled |
+-----------------------------------------+------------------------+----------------------+
|   1  NVIDIA H100 80GB HBM3          Off |   00000000:61:00.0 Off |                    0 |
| N/A   34C    P0             70W /  700W |       0MiB /  81559MiB |      0%      Default |
|                                         |                        |             Disabled |
+-----------------------------------------+------------------------+----------------------+
                                                                                         
+-----------------------------------------------------------------------------------------+
| Processes:                                                                              |
|  GPU   GI   CI              PID   Type   Process name                        GPU Memory |
|        ID   ID                                                               Usage      |
|=========================================================================================|
|  No running processes found                                                             |
+-----------------------------------------------------------------------------------------+
Changing directory...
Now in: /home/msrahman3/work/Nowmi/Sok/QUID/AZ/amplitude/layer50
Files: AZ_23
logs
NN_quid_az_amplitude_l50.py
quid_job_amp_l50.slurm
rho_proto_cache_amplitude.npy
Running python script...
====================================================================
 QUID + Q-Detection | AZ-Class 23-family | 9-qubit Amplitude model (PCA->512) | 50 layers
 Optimisations: prototype cache (~96 MB) + multi-GPU parallelism
====================================================================
[GPU] 2 GPU(s) detected: ['NVIDIA H100 80GB HBM3', 'NVIDIA H100 80GB HBM3']
Number of classes: 23
[Data] Train: (184342, 512)  Test: (20482, 512)
[ProtoCache] Loading prototypes from rho_proto_cache_amplitude.npy ...
[ProtoCache] Loaded 23 prototypes in 0.2s  (size: 96.5 MB)
[ProtoCache] shape: (23, 512, 512)  dtype: complex128  size: 96.5 MB
  [INFO] Q-Detection will use stratified subset: ~16100 samples (700/class) -> J matrix 16100x16100 (2074 MB).
  [INFO] Q-Detection will use stratified subset: ~16100 samples (700/class) -> J matrix 16100x16100 (2074 MB).
  [INFO] Q-Detection will use stratified subset: ~16100 samples (700/class) -> J matrix 16100x16100 (2074 MB).
  [INFO] Q-Detection will use stratified subset: ~16100 samples (700/class) -> J matrix 16100x16100 (2074 MB).
  [INFO] Q-Detection will use stratified subset: ~16100 samples (700/class) -> J matrix 16100x16100 (2074 MB).
  [INFO] Q-Detection will use stratified subset: ~16100 samples (700/class) -> J matrix 16100x16100 (2074 MB).
  [INFO] Q-Detection will use stratified subset: ~16100 samples (700/class) -> J matrix 16100x16100 (2074 MB).
  [INFO] Q-Detection will use stratified subset: ~16100 samples (700/class) -> J matrix 16100x16100 (2074 MB).
  [INFO] Q-Detection will use stratified subset: ~16100 samples (700/class) -> J matrix 16100x16100 (2074 MB).
  [INFO] Q-Detection will use stratified subset: ~16100 samples (700/class) -> J matrix 16100x16100 (2074 MB).
  [INFO] Q-Detection will use stratified subset: ~16100 samples (700/class) -> J matrix 16100x16100 (2074 MB).
  [INFO] Q-Detection will use stratified subset: ~16100 samples (700/class) -> J matrix 16100x16100 (2074 MB).
  [INFO] Q-Detection will use stratified subset: ~16100 samples (700/class) -> J matrix 16100x16100 (2074 MB).
  [INFO] Q-Detection will use stratified subset: ~16100 samples (700/class) -> J matrix 16100x16100 (2074 MB).
  [INFO] Q-Detection will use stratified subset: ~16100 samples (700/class) -> J matrix 16100x16100 (2074 MB).
  [INFO] Q-Detection will use stratified subset: ~16100 samples (700/class) -> J matrix 16100x16100 (2074 MB).
  [INFO] Q-Detection will use stratified subset: ~16100 samples (700/class) -> J matrix 16100x16100 (2074 MB).
  [INFO] Q-Detection will use stratified subset: ~16100 samples (700/class) -> J matrix 16100x16100 (2074 MB).

[Main] Total experiments: 36
[Main] Parallelism: up to 2 concurrent workers (1 per GPU)

====================================================================
 [Run 1 | eps=0.1 | quid | none | GPU 0]
====================================================================
  [Run 1 | eps=0.1 | quid | none | GPU 0] Stratified subset: 16100 samples (700 per class max, from 184342 total)
  [QUID] Computing density matrices for 1610 poisoned samples ...
  [QUID] Density matrices done in 2.4s
  [QUID] Assigning adversarial labels ...
  [QUID] Label assignment done in 86.9s
  [QUID] Labels changed: 1610/1610
  [Run 1 | eps=0.1 | quid | none | GPU 0] Poisoned: 1610/16100
Epoch: 1, Batch: 10, Acc: 2.97%, Loss: 3.1691
Epoch: 1, Batch: 20, Acc: 3.75%, Loss: 3.1421
Epoch: 1, Batch: 30, Acc: 3.96%, Loss: 3.1424
Epoch: 1, Batch: 40, Acc: 4.49%, Loss: 3.1343
Epoch: 1, Batch: 50, Acc: 4.91%, Loss: 3.1313
Epoch: 1, Batch: 60, Acc: 5.23%, Loss: 3.1270
Epoch: 1, Batch: 70, Acc: 5.65%, Loss: 3.1125
Epoch: 1, Batch: 80, Acc: 5.80%, Loss: 3.1223
Epoch: 1, Batch: 90, Acc: 5.97%, Loss: 3.0947
Epoch: 1, Batch: 100, Acc: 6.09%, Loss: 3.1099
Epoch: 1, Batch: 110, Acc: 6.04%, Loss: 3.1088
Epoch: 1, Batch: 120, Acc: 6.28%, Loss: 3.0957
Epoch: 1, Batch: 130, Acc: 6.57%, Loss: 3.0898
Epoch: 1, Batch: 140, Acc: 7.01%, Loss: 3.0776
Epoch: 1, Batch: 150, Acc: 7.31%, Loss: 3.0728
Epoch: 1, Batch: 160, Acc: 7.54%, Loss: 3.0538
Epoch: 1, Batch: 170, Acc: 7.75%, Loss: 3.0640
Epoch: 1, Batch: 180, Acc: 7.97%, Loss: 3.0535
Epoch: 1, Batch: 190, Acc: 8.18%, Loss: 3.0525
Epoch: 1, Batch: 200, Acc: 8.30%, Loss: 3.0449
Epoch: 1, Batch: 210, Acc: 8.54%, Loss: 3.0240
Epoch: 1, Batch: 220, Acc: 8.84%, Loss: 3.0263
Epoch: 1, Batch: 230, Acc: 8.99%, Loss: 3.0318
Epoch: 1, Batch: 240, Acc: 9.10%, Loss: 3.0301
Epoch: 1, Batch: 250, Acc: 9.36%, Loss: 3.0061
Accuracy on test set: 16.42%
Epoch: 2, Batch: 10, Acc: 17.97%, Loss: 2.9890
Epoch: 2, Batch: 20, Acc: 17.58%, Loss: 3.0133
Epoch: 2, Batch: 30, Acc: 16.82%, Loss: 2.9951
Epoch: 2, Batch: 40, Acc: 17.19%, Loss: 2.9795
Epoch: 2, Batch: 50, Acc: 17.06%, Loss: 3.0056
Epoch: 2, Batch: 60, Acc: 17.37%, Loss: 2.9733
Epoch: 2, Batch: 70, Acc: 17.34%, Loss: 2.9781
Epoch: 2, Batch: 80, Acc: 17.75%, Loss: 2.9566
Epoch: 2, Batch: 90, Acc: 17.88%, Loss: 2.9665
Epoch: 2, Batch: 100, Acc: 17.91%, Loss: 2.9535
Epoch: 2, Batch: 110, Acc: 17.61%, Loss: 2.9758
Epoch: 2, Batch: 120, Acc: 17.72%, Loss: 2.9276
Epoch: 2, Batch: 130, Acc: 17.61%, Loss: 2.9611
Epoch: 2, Batch: 140, Acc: 17.71%, Loss: 2.9303
Epoch: 2, Batch: 150, Acc: 17.82%, Loss: 2.9257
Epoch: 2, Batch: 160, Acc: 17.96%, Loss: 2.9102
Epoch: 2, Batch: 170, Acc: 17.94%, Loss: 2.9264
Epoch: 2, Batch: 180, Acc: 18.00%, Loss: 2.9220
Epoch: 2, Batch: 190, Acc: 18.10%, Loss: 2.8899
Epoch: 2, Batch: 200, Acc: 18.12%, Loss: 2.9010
Epoch: 2, Batch: 210, Acc: 18.04%, Loss: 2.9414
Epoch: 2, Batch: 220, Acc: 18.10%, Loss: 2.8804
Epoch: 2, Batch: 230, Acc: 18.10%, Loss: 2.8976
Epoch: 2, Batch: 240, Acc: 18.18%, Loss: 2.8784
Epoch: 2, Batch: 250, Acc: 18.35%, Loss: 2.8728
Accuracy on test set: 13.19%
Epoch: 3, Batch: 10, Acc: 20.62%, Loss: 2.8554
Epoch: 3, Batch: 20, Acc: 20.70%, Loss: 2.8457
Epoch: 3, Batch: 30, Acc: 19.90%, Loss: 2.8846
Epoch: 3, Batch: 40, Acc: 19.92%, Loss: 2.8598
Epoch: 3, Batch: 50, Acc: 20.03%, Loss: 2.8435
Epoch: 3, Batch: 60, Acc: 20.08%, Loss: 2.8529
Epoch: 3, Batch: 70, Acc: 20.11%, Loss: 2.8284
Epoch: 3, Batch: 80, Acc: 19.86%, Loss: 2.8720
Epoch: 3, Batch: 90, Acc: 20.05%, Loss: 2.8301
Epoch: 3, Batch: 100, Acc: 20.02%, Loss: 2.8412
Epoch: 3, Batch: 110, Acc: 19.84%, Loss: 2.8439
Epoch: 3, Batch: 120, Acc: 20.03%, Loss: 2.8228
Epoch: 3, Batch: 130, Acc: 20.08%, Loss: 2.8219
Epoch: 3, Batch: 140, Acc: 19.96%, Loss: 2.8123
Epoch: 3, Batch: 150, Acc: 19.90%, Loss: 2.8358
Epoch: 3, Batch: 160, Acc: 20.03%, Loss: 2.8031
Epoch: 3, Batch: 170, Acc: 20.02%, Loss: 2.8279
Epoch: 3, Batch: 180, Acc: 19.94%, Loss: 2.8474
Epoch: 3, Batch: 190, Acc: 20.07%, Loss: 2.7814
Epoch: 3, Batch: 200, Acc: 20.05%, Loss: 2.8408
Epoch: 3, Batch: 210, Acc: 20.10%, Loss: 2.7655
Epoch: 3, Batch: 220, Acc: 20.16%, Loss: 2.7882
Epoch: 3, Batch: 230, Acc: 20.15%, Loss: 2.8116
Epoch: 3, Batch: 240, Acc: 20.19%, Loss: 2.7531
Epoch: 3, Batch: 250, Acc: 20.24%, Loss: 2.7942
Accuracy on test set: 15.58%
Epoch: 4, Batch: 10, Acc: 24.06%, Loss: 2.7532
Epoch: 4, Batch: 20, Acc: 22.27%, Loss: 2.7833
Epoch: 4, Batch: 30, Acc: 21.56%, Loss: 2.7760
Epoch: 4, Batch: 40, Acc: 21.33%, Loss: 2.7867
Epoch: 4, Batch: 50, Acc: 21.69%, Loss: 2.7813
Epoch: 4, Batch: 60, Acc: 21.72%, Loss: 2.7806
Epoch: 4, Batch: 70, Acc: 21.45%, Loss: 2.7802
Epoch: 4, Batch: 80, Acc: 21.56%, Loss: 2.7792
Epoch: 4, Batch: 90, Acc: 21.86%, Loss: 2.7506
Epoch: 4, Batch: 100, Acc: 21.95%, Loss: 2.7604
Epoch: 4, Batch: 110, Acc: 22.22%, Loss: 2.7098
Epoch: 4, Batch: 120, Acc: 22.53%, Loss: 2.7071
Epoch: 4, Batch: 130, Acc: 22.49%, Loss: 2.7475
Epoch: 4, Batch: 140, Acc: 22.63%, Loss: 2.7063
Epoch: 4, Batch: 150, Acc: 22.59%, Loss: 2.7314
Epoch: 4, Batch: 160, Acc: 22.68%, Loss: 2.7144
Epoch: 4, Batch: 170, Acc: 22.66%, Loss: 2.7355
Epoch: 4, Batch: 180, Acc: 22.68%, Loss: 2.6897
Epoch: 4, Batch: 190, Acc: 22.64%, Loss: 2.7542
Epoch: 4, Batch: 200, Acc: 22.80%, Loss: 2.6803
Epoch: 4, Batch: 210, Acc: 22.84%, Loss: 2.7180
Epoch: 4, Batch: 220, Acc: 22.76%, Loss: 2.7481
Epoch: 4, Batch: 230, Acc: 22.74%, Loss: 2.7075
Epoch: 4, Batch: 240, Acc: 22.88%, Loss: 2.6870
Epoch: 4, Batch: 250, Acc: 22.93%, Loss: 2.6621
Accuracy on test set: 18.08%
Epoch: 5, Batch: 10, Acc: 24.22%, Loss: 2.7038
Epoch: 5, Batch: 20, Acc: 23.67%, Loss: 2.7148
Epoch: 5, Batch: 30, Acc: 23.96%, Loss: 2.7285
Epoch: 5, Batch: 40, Acc: 24.26%, Loss: 2.6921
Epoch: 5, Batch: 50, Acc: 24.28%, Loss: 2.6918
Epoch: 5, Batch: 60, Acc: 25.00%, Loss: 2.6383
Epoch: 5, Batch: 70, Acc: 24.64%, Loss: 2.7102
Epoch: 5, Batch: 80, Acc: 24.41%, Loss: 2.6605
Epoch: 5, Batch: 90, Acc: 24.51%, Loss: 2.6631
Epoch: 5, Batch: 100, Acc: 24.44%, Loss: 2.6861
Epoch: 5, Batch: 110, Acc: 24.47%, Loss: 2.6403
Epoch: 5, Batch: 120, Acc: 24.70%, Loss: 2.6028
Epoch: 5, Batch: 130, Acc: 24.53%, Loss: 2.6775
Epoch: 5, Batch: 140, Acc: 24.73%, Loss: 2.6254
Epoch: 5, Batch: 150, Acc: 24.70%, Loss: 2.6715
Epoch: 5, Batch: 160, Acc: 24.81%, Loss: 2.6348
Epoch: 5, Batch: 170, Acc: 24.94%, Loss: 2.6123
Epoch: 5, Batch: 180, Acc: 24.98%, Loss: 2.6404
Epoch: 5, Batch: 190, Acc: 24.97%, Loss: 2.6509
Epoch: 5, Batch: 200, Acc: 24.90%, Loss: 2.6882
Epoch: 5, Batch: 210, Acc: 24.96%, Loss: 2.6342
Epoch: 5, Batch: 220, Acc: 25.14%, Loss: 2.6009
Epoch: 5, Batch: 230, Acc: 25.26%, Loss: 2.6207
Epoch: 5, Batch: 240, Acc: 25.37%, Loss: 2.6185
Epoch: 5, Batch: 250, Acc: 25.47%, Loss: 2.6378
Accuracy on test set: 20.01%
Epoch: 6, Batch: 10, Acc: 28.91%, Loss: 2.5853
Epoch: 6, Batch: 20, Acc: 28.28%, Loss: 2.5712
Epoch: 6, Batch: 30, Acc: 28.75%, Loss: 2.5696
Epoch: 6, Batch: 40, Acc: 28.44%, Loss: 2.5977
Epoch: 6, Batch: 50, Acc: 28.34%, Loss: 2.5836
Epoch: 6, Batch: 60, Acc: 28.18%, Loss: 2.6239
Epoch: 6, Batch: 70, Acc: 28.01%, Loss: 2.6220
Epoch: 6, Batch: 80, Acc: 27.64%, Loss: 2.6273
Epoch: 6, Batch: 90, Acc: 27.48%, Loss: 2.5705
Epoch: 6, Batch: 100, Acc: 27.45%, Loss: 2.5962
Epoch: 6, Batch: 110, Acc: 27.44%, Loss: 2.5859
Epoch: 6, Batch: 120, Acc: 27.63%, Loss: 2.5919
Epoch: 6, Batch: 130, Acc: 27.84%, Loss: 2.5337
Epoch: 6, Batch: 140, Acc: 27.82%, Loss: 2.5883
Epoch: 6, Batch: 150, Acc: 27.73%, Loss: 2.5674
Epoch: 6, Batch: 160, Acc: 27.58%, Loss: 2.6168
Epoch: 6, Batch: 170, Acc: 27.65%, Loss: 2.5611
Epoch: 6, Batch: 180, Acc: 27.48%, Loss: 2.6391
Epoch: 6, Batch: 190, Acc: 27.62%, Loss: 2.5239
Epoch: 6, Batch: 200, Acc: 27.71%, Loss: 2.5377
Epoch: 6, Batch: 210, Acc: 27.63%, Loss: 2.6031
Epoch: 6, Batch: 220, Acc: 27.64%, Loss: 2.5767
Epoch: 6, Batch: 230, Acc: 27.59%, Loss: 2.5760
Epoch: 6, Batch: 240, Acc: 27.53%, Loss: 2.5912
Epoch: 6, Batch: 250, Acc: 27.50%, Loss: 2.5651
Accuracy on test set: 21.72%
Epoch: 7, Batch: 10, Acc: 27.50%, Loss: 2.5699
Epoch: 7, Batch: 20, Acc: 28.83%, Loss: 2.5144
Epoch: 7, Batch: 30, Acc: 28.65%, Loss: 2.5469
Epoch: 7, Batch: 40, Acc: 28.71%, Loss: 2.5348
Epoch: 7, Batch: 50, Acc: 28.59%, Loss: 2.5488
Epoch: 7, Batch: 60, Acc: 28.20%, Loss: 2.5703
Epoch: 7, Batch: 70, Acc: 28.44%, Loss: 2.4866
Epoch: 7, Batch: 80, Acc: 28.24%, Loss: 2.5725
Epoch: 7, Batch: 90, Acc: 28.49%, Loss: 2.5074
Epoch: 7, Batch: 100, Acc: 28.53%, Loss: 2.5364
Epoch: 7, Batch: 110, Acc: 28.76%, Loss: 2.4870
Epoch: 7, Batch: 120, Acc: 28.92%, Loss: 2.4938
Epoch: 7, Batch: 130, Acc: 29.07%, Loss: 2.5043
Epoch: 7, Batch: 140, Acc: 29.16%, Loss: 2.5154
Epoch: 7, Batch: 150, Acc: 29.09%, Loss: 2.5469
Epoch: 7, Batch: 160, Acc: 29.24%, Loss: 2.4969
Epoch: 7, Batch: 170, Acc: 29.29%, Loss: 2.5232
Epoch: 7, Batch: 180, Acc: 29.29%, Loss: 2.5433
Epoch: 7, Batch: 190, Acc: 29.41%, Loss: 2.4670
Epoch: 7, Batch: 200, Acc: 29.40%, Loss: 2.5380
Epoch: 7, Batch: 210, Acc: 29.38%, Loss: 2.4846
Epoch: 7, Batch: 220, Acc: 29.28%, Loss: 2.5310
Epoch: 7, Batch: 230, Acc: 29.27%, Loss: 2.4998
Epoch: 7, Batch: 240, Acc: 29.38%, Loss: 2.4240
Epoch: 7, Batch: 250, Acc: 29.38%, Loss: 2.4793
Accuracy on test set: 24.33%
Epoch: 8, Batch: 10, Acc: 30.78%, Loss: 2.4603
Epoch: 8, Batch: 20, Acc: 31.88%, Loss: 2.4591
Epoch: 8, Batch: 30, Acc: 31.51%, Loss: 2.4741
Epoch: 8, Batch: 40, Acc: 31.09%, Loss: 2.4986
Epoch: 8, Batch: 50, Acc: 31.12%, Loss: 2.4269
Epoch: 8, Batch: 60, Acc: 31.15%, Loss: 2.4544
Epoch: 8, Batch: 70, Acc: 30.71%, Loss: 2.5294
Epoch: 8, Batch: 80, Acc: 30.64%, Loss: 2.4729
Epoch: 8, Batch: 90, Acc: 30.19%, Loss: 2.5245
Epoch: 8, Batch: 100, Acc: 30.31%, Loss: 2.4126
Epoch: 8, Batch: 110, Acc: 30.48%, Loss: 2.4323
Epoch: 8, Batch: 120, Acc: 30.42%, Loss: 2.4498
Epoch: 8, Batch: 130, Acc: 30.43%, Loss: 2.4906
Epoch: 8, Batch: 140, Acc: 30.52%, Loss: 2.4057
Epoch: 8, Batch: 150, Acc: 30.49%, Loss: 2.4580
Epoch: 8, Batch: 160, Acc: 30.66%, Loss: 2.4322
Epoch: 8, Batch: 170, Acc: 30.73%, Loss: 2.4529
Epoch: 8, Batch: 180, Acc: 30.65%, Loss: 2.4819
Epoch: 8, Batch: 190, Acc: 30.76%, Loss: 2.4252
Epoch: 8, Batch: 200, Acc: 30.86%, Loss: 2.4122
Epoch: 8, Batch: 210, Acc: 30.92%, Loss: 2.4658
Epoch: 8, Batch: 220, Acc: 30.94%, Loss: 2.4477
Epoch: 8, Batch: 230, Acc: 31.03%, Loss: 2.3708
Epoch: 8, Batch: 240, Acc: 30.89%, Loss: 2.4683
Epoch: 8, Batch: 250, Acc: 30.87%, Loss: 2.4820
Accuracy on test set: 26.30%
Epoch: 9, Batch: 10, Acc: 32.34%, Loss: 2.4124
Epoch: 9, Batch: 20, Acc: 31.95%, Loss: 2.3971
Epoch: 9, Batch: 30, Acc: 32.60%, Loss: 2.4093
Epoch: 9, Batch: 40, Acc: 33.05%, Loss: 2.3991
Epoch: 9, Batch: 50, Acc: 33.03%, Loss: 2.4144
Epoch: 9, Batch: 60, Acc: 33.10%, Loss: 2.4159
Epoch: 9, Batch: 70, Acc: 33.10%, Loss: 2.4172
Epoch: 9, Batch: 80, Acc: 32.79%, Loss: 2.4082
Epoch: 9, Batch: 90, Acc: 32.60%, Loss: 2.3995
Epoch: 9, Batch: 100, Acc: 32.53%, Loss: 2.4405
Epoch: 9, Batch: 110, Acc: 32.43%, Loss: 2.3837
Epoch: 9, Batch: 120, Acc: 32.34%, Loss: 2.4135
Epoch: 9, Batch: 130, Acc: 32.60%, Loss: 2.3847
Epoch: 9, Batch: 140, Acc: 32.53%, Loss: 2.4364
Epoch: 9, Batch: 150, Acc: 32.64%, Loss: 2.3733
Epoch: 9, Batch: 160, Acc: 32.64%, Loss: 2.3992
Epoch: 9, Batch: 170, Acc: 32.49%, Loss: 2.4769
Epoch: 9, Batch: 180, Acc: 32.50%, Loss: 2.3954
Epoch: 9, Batch: 190, Acc: 32.42%, Loss: 2.3897
Epoch: 9, Batch: 200, Acc: 32.69%, Loss: 2.2954
Epoch: 9, Batch: 210, Acc: 32.77%, Loss: 2.3636
Epoch: 9, Batch: 220, Acc: 32.73%, Loss: 2.4317
Epoch: 9, Batch: 230, Acc: 32.73%, Loss: 2.3701
Epoch: 9, Batch: 240, Acc: 32.70%, Loss: 2.3823
Epoch: 9, Batch: 250, Acc: 32.66%, Loss: 2.3945
Accuracy on test set: 28.26%
Epoch: 10, Batch: 10, Acc: 32.19%, Loss: 2.3987
Epoch: 10, Batch: 20, Acc: 31.72%, Loss: 2.3659
Epoch: 10, Batch: 30, Acc: 32.19%, Loss: 2.3771
Epoch: 10, Batch: 40, Acc: 32.70%, Loss: 2.3536
Epoch: 10, Batch: 50, Acc: 32.94%, Loss: 2.3599
Epoch: 10, Batch: 60, Acc: 33.57%, Loss: 2.2891
Epoch: 10, Batch: 70, Acc: 34.15%, Loss: 2.2958
Epoch: 10, Batch: 80, Acc: 33.87%, Loss: 2.3734
Epoch: 10, Batch: 90, Acc: 34.06%, Loss: 2.3304
Epoch: 10, Batch: 100, Acc: 33.92%, Loss: 2.4090
Epoch: 10, Batch: 110, Acc: 33.89%, Loss: 2.3706
Epoch: 10, Batch: 120, Acc: 33.98%, Loss: 2.3173
Epoch: 10, Batch: 130, Acc: 34.22%, Loss: 2.3375
Epoch: 10, Batch: 140, Acc: 34.07%, Loss: 2.3879
Epoch: 10, Batch: 150, Acc: 34.17%, Loss: 2.3389
Epoch: 10, Batch: 160, Acc: 34.15%, Loss: 2.3586
Epoch: 10, Batch: 170, Acc: 34.51%, Loss: 2.2753
Epoch: 10, Batch: 180, Acc: 34.47%, Loss: 2.3876
Epoch: 10, Batch: 190, Acc: 34.48%, Loss: 2.3443
Epoch: 10, Batch: 200, Acc: 34.36%, Loss: 2.3909
Epoch: 10, Batch: 210, Acc: 34.30%, Loss: 2.3623
Epoch: 10, Batch: 220, Acc: 34.28%, Loss: 2.3520
Epoch: 10, Batch: 230, Acc: 34.44%, Loss: 2.2506
Epoch: 10, Batch: 240, Acc: 34.39%, Loss: 2.3867
Epoch: 10, Batch: 250, Acc: 34.39%, Loss: 2.3391
Accuracy on test set: 30.16%
  [Run 1 | eps=0.1 | quid | none | GPU 0] Training Time: 6243.29s  Best Acc: 30.16%

  [Run 1 | eps=0.1 | quid | none | GPU 0] Evaluating final model on clean test data...
  Accuracy    : 0.3016
  Loss        : 2.3328
  Precision   : 0.4933
  Recall      : 0.3181
  F1          : 0.3868
  Fpr         : 0.0319
  Fnr         : 0.6819
  Roc_auc     : 0.9007
  Pr_auc      : 0.4540
  Asr         : 59.4410
Metrics saved to eps0.1/qmlp-az-quid-run1-layer50_quid_eps0.1_quid_none.csv
  [Run 1 | eps=0.1 | quid | none | GPU 0] Done. Saved → eps0.1/qmlp-az-quid-run1-layer50-noiseless-Amplitude_eps0.1_quid_none.pt

====================================================================
 [Run 1 | eps=0.1 | quid | q-detection | GPU 1]
====================================================================
  [Run 1 | eps=0.1 | quid | q-detection | GPU 1] Stratified subset: 16100 samples (700 per class max, from 184342 total)
  [QUID] Computing density matrices for 1610 poisoned samples ...
  [QUID] Density matrices done in 2.2s
  [QUID] Assigning adversarial labels ...
  [QUID] Label assignment done in 92.8s
  [QUID] Labels changed: 1610/1610
  [Run 1 | eps=0.1 | quid | q-detection | GPU 1] Poisoned: 1610/16100
  [Run 1 | eps=0.1 | quid | q-detection | GPU 1] J matrix: 16100x16100 (2074 MB)
Epoch: 1, Batch: 10, Acc: 2.97%, Loss: 3.1382
Epoch: 1, Batch: 20, Acc: 3.75%, Loss: 3.1027
Epoch: 1, Batch: 30, Acc: 4.01%, Loss: 3.1153
Epoch: 1, Batch: 40, Acc: 4.53%, Loss: 3.0980
Epoch: 1, Batch: 50, Acc: 4.94%, Loss: 3.1040
Epoch: 1, Batch: 60, Acc: 5.21%, Loss: 3.1023
Epoch: 1, Batch: 70, Acc: 5.60%, Loss: 3.0747
Epoch: 1, Batch: 80, Acc: 5.74%, Loss: 3.0822
Epoch: 1, Batch: 90, Acc: 5.92%, Loss: 3.0648
Epoch: 1, Batch: 100, Acc: 6.03%, Loss: 3.0783
Epoch: 1, Batch: 110, Acc: 5.94%, Loss: 3.0827
Epoch: 1, Batch: 120, Acc: 6.04%, Loss: 3.0587
Epoch: 1, Batch: 130, Acc: 6.11%, Loss: 3.0593
Epoch: 1, Batch: 140, Acc: 6.28%, Loss: 3.0312
Epoch: 1, Batch: 150, Acc: 6.47%, Loss: 3.0357
Epoch: 1, Batch: 160, Acc: 6.63%, Loss: 3.0008
Epoch: 1, Batch: 170, Acc: 6.83%, Loss: 3.0167
Epoch: 1, Batch: 180, Acc: 7.04%, Loss: 2.9950
Epoch: 1, Batch: 190, Acc: 7.26%, Loss: 3.0026
Epoch: 1, Batch: 200, Acc: 7.38%, Loss: 2.9792
Epoch: 1, Batch: 210, Acc: 7.66%, Loss: 2.9534
Epoch: 1, Batch: 220, Acc: 7.93%, Loss: 2.9609
Epoch: 1, Batch: 230, Acc: 8.04%, Loss: 2.9812
Epoch: 1, Batch: 240, Acc: 8.07%, Loss: 2.9711
Epoch: 1, Batch: 250, Acc: 8.21%, Loss: 2.9338
Accuracy on test set: 13.23%
Epoch: 2, Batch: 10, Acc: 13.75%, Loss: 2.9241
Epoch: 2, Batch: 20, Acc: 11.88%, Loss: 2.9542
Epoch: 2, Batch: 30, Acc: 11.41%, Loss: 2.9219
Epoch: 2, Batch: 40, Acc: 11.68%, Loss: 2.8983
Epoch: 2, Batch: 50, Acc: 11.41%, Loss: 2.9463
Epoch: 2, Batch: 60, Acc: 11.74%, Loss: 2.8860
Epoch: 2, Batch: 70, Acc: 11.85%, Loss: 2.8585
Epoch: 2, Batch: 80, Acc: 12.13%, Loss: 2.8652
Epoch: 2, Batch: 90, Acc: 12.27%, Loss: 2.8966
Epoch: 2, Batch: 100, Acc: 12.36%, Loss: 2.8451
Epoch: 2, Batch: 110, Acc: 12.10%, Loss: 2.9036
Epoch: 2, Batch: 120, Acc: 12.14%, Loss: 2.8249
Epoch: 2, Batch: 130, Acc: 12.10%, Loss: 2.8710
Epoch: 2, Batch: 140, Acc: 12.18%, Loss: 2.8282
Epoch: 2, Batch: 150, Acc: 12.30%, Loss: 2.8268
Epoch: 2, Batch: 160, Acc: 12.51%, Loss: 2.8147
Epoch: 2, Batch: 170, Acc: 12.68%, Loss: 2.8066
Epoch: 2, Batch: 180, Acc: 12.74%, Loss: 2.8269
Epoch: 2, Batch: 190, Acc: 12.96%, Loss: 2.7549
Epoch: 2, Batch: 200, Acc: 13.07%, Loss: 2.8004
Epoch: 2, Batch: 210, Acc: 12.99%, Loss: 2.8538
Epoch: 2, Batch: 220, Acc: 13.09%, Loss: 2.7623
Epoch: 2, Batch: 230, Acc: 13.18%, Loss: 2.7632
Epoch: 2, Batch: 240, Acc: 13.28%, Loss: 2.7649
Epoch: 2, Batch: 250, Acc: 13.43%, Loss: 2.7390
Accuracy on test set: 9.44%
Epoch: 3, Batch: 10, Acc: 17.19%, Loss: 2.7646
Epoch: 3, Batch: 20, Acc: 17.34%, Loss: 2.7745
Epoch: 3, Batch: 30, Acc: 16.67%, Loss: 2.8329
Epoch: 3, Batch: 40, Acc: 16.76%, Loss: 2.7668
Epoch: 3, Batch: 50, Acc: 16.94%, Loss: 2.7825
Epoch: 3, Batch: 60, Acc: 17.14%, Loss: 2.7597
Epoch: 3, Batch: 70, Acc: 17.32%, Loss: 2.7115
Epoch: 3, Batch: 80, Acc: 17.05%, Loss: 2.7538
Epoch: 3, Batch: 90, Acc: 17.31%, Loss: 2.7422
Epoch: 3, Batch: 100, Acc: 17.36%, Loss: 2.8134
Epoch: 3, Batch: 110, Acc: 17.20%, Loss: 2.7995
Epoch: 3, Batch: 120, Acc: 17.37%, Loss: 2.7562
Epoch: 3, Batch: 130, Acc: 17.46%, Loss: 2.6615
Epoch: 3, Batch: 140, Acc: 17.37%, Loss: 2.6934
Epoch: 3, Batch: 150, Acc: 17.33%, Loss: 2.8159
Epoch: 3, Batch: 160, Acc: 17.50%, Loss: 2.7634
Epoch: 3, Batch: 170, Acc: 17.43%, Loss: 2.6993
Epoch: 3, Batch: 180, Acc: 17.30%, Loss: 2.7900
Epoch: 3, Batch: 190, Acc: 17.41%, Loss: 2.6744
Epoch: 3, Batch: 200, Acc: 17.42%, Loss: 2.7542
Epoch: 3, Batch: 210, Acc: 17.50%, Loss: 2.6524
Epoch: 3, Batch: 220, Acc: 17.54%, Loss: 2.7061
Epoch: 3, Batch: 230, Acc: 17.54%, Loss: 2.7399
Epoch: 3, Batch: 240, Acc: 17.59%, Loss: 2.6666
Epoch: 3, Batch: 250, Acc: 17.57%, Loss: 2.7000
Accuracy on test set: 12.19%
Epoch: 4, Batch: 10, Acc: 21.25%, Loss: 2.7140
Epoch: 4, Batch: 20, Acc: 20.08%, Loss: 2.6507
Epoch: 4, Batch: 30, Acc: 19.79%, Loss: 2.7120
Epoch: 4, Batch: 40, Acc: 18.91%, Loss: 2.7675
Epoch: 4, Batch: 50, Acc: 18.97%, Loss: 2.7845
Epoch: 4, Batch: 60, Acc: 18.75%, Loss: 2.7801
Epoch: 4, Batch: 70, Acc: 18.79%, Loss: 2.7185
Epoch: 4, Batch: 80, Acc: 19.08%, Loss: 2.7396
Epoch: 4, Batch: 90, Acc: 19.29%, Loss: 2.6359
Epoch: 4, Batch: 100, Acc: 19.31%, Loss: 2.6954
Epoch: 4, Batch: 110, Acc: 19.55%, Loss: 2.6232
Epoch: 4, Batch: 120, Acc: 19.77%, Loss: 2.7232
Epoch: 4, Batch: 130, Acc: 19.77%, Loss: 2.6913
Epoch: 4, Batch: 140, Acc: 19.87%, Loss: 2.6595
Epoch: 4, Batch: 150, Acc: 19.84%, Loss: 2.7462
Epoch: 4, Batch: 160, Acc: 19.95%, Loss: 2.6189
Epoch: 4, Batch: 170, Acc: 19.90%, Loss: 2.7485
Epoch: 4, Batch: 180, Acc: 19.94%, Loss: 2.6107
Epoch: 4, Batch: 190, Acc: 19.84%, Loss: 2.7959
Epoch: 4, Batch: 200, Acc: 19.97%, Loss: 2.7042
Epoch: 4, Batch: 210, Acc: 19.99%, Loss: 2.7156
Epoch: 4, Batch: 220, Acc: 20.00%, Loss: 2.7378
Epoch: 4, Batch: 230, Acc: 20.03%, Loss: 2.7141
Epoch: 4, Batch: 240, Acc: 20.13%, Loss: 2.7127
Epoch: 4, Batch: 250, Acc: 20.27%, Loss: 2.6780
Accuracy on test set: 16.58%
Epoch: 5, Batch: 10, Acc: 21.41%, Loss: 2.8605
Epoch: 5, Batch: 20, Acc: 21.17%, Loss: 2.6676
Epoch: 5, Batch: 30, Acc: 21.72%, Loss: 2.8741
Epoch: 5, Batch: 40, Acc: 22.38%, Loss: 2.8124
Epoch: 5, Batch: 50, Acc: 22.44%, Loss: 2.8276
Epoch: 5, Batch: 60, Acc: 23.44%, Loss: 2.6863
Epoch: 5, Batch: 70, Acc: 23.19%, Loss: 2.7924
Epoch: 5, Batch: 80, Acc: 23.24%, Loss: 2.7183
Epoch: 5, Batch: 90, Acc: 23.59%, Loss: 2.6744
Epoch: 5, Batch: 100, Acc: 23.56%, Loss: 2.7673
Epoch: 5, Batch: 110, Acc: 23.71%, Loss: 2.6784
Epoch: 5, Batch: 120, Acc: 23.93%, Loss: 2.5255
Epoch: 5, Batch: 130, Acc: 23.74%, Loss: 2.6503
Epoch: 5, Batch: 140, Acc: 23.90%, Loss: 2.5235
Epoch: 5, Batch: 150, Acc: 23.97%, Loss: 2.7051
Epoch: 5, Batch: 160, Acc: 24.05%, Loss: 2.6656
Epoch: 5, Batch: 170, Acc: 24.12%, Loss: 2.5093
Epoch: 5, Batch: 180, Acc: 24.21%, Loss: 2.8164
Epoch: 5, Batch: 190, Acc: 24.22%, Loss: 2.5473
Epoch: 5, Batch: 200, Acc: 24.22%, Loss: 2.7356
Epoch: 5, Batch: 210, Acc: 24.23%, Loss: 2.6587
Epoch: 5, Batch: 220, Acc: 24.40%, Loss: 2.6617
Epoch: 5, Batch: 230, Acc: 24.46%, Loss: 2.7246
Epoch: 5, Batch: 240, Acc: 24.52%, Loss: 2.7326
Epoch: 5, Batch: 250, Acc: 24.63%, Loss: 2.7003
Accuracy on test set: 20.18%
Epoch: 6, Batch: 10, Acc: 28.28%, Loss: 2.6767
Epoch: 6, Batch: 20, Acc: 27.97%, Loss: 2.6778
Epoch: 6, Batch: 30, Acc: 28.44%, Loss: 2.5899
Epoch: 6, Batch: 40, Acc: 28.05%, Loss: 2.7043
Epoch: 6, Batch: 50, Acc: 27.84%, Loss: 2.4778
Epoch: 6, Batch: 60, Acc: 27.55%, Loss: 2.6294
Epoch: 6, Batch: 70, Acc: 27.48%, Loss: 2.5013
Epoch: 6, Batch: 80, Acc: 27.09%, Loss: 2.7348
Epoch: 6, Batch: 90, Acc: 26.96%, Loss: 2.6308
Epoch: 6, Batch: 100, Acc: 26.94%, Loss: 2.6637
Epoch: 6, Batch: 110, Acc: 26.93%, Loss: 2.4460
Epoch: 6, Batch: 120, Acc: 26.99%, Loss: 2.6277
Epoch: 6, Batch: 130, Acc: 27.19%, Loss: 2.6518
Epoch: 6, Batch: 140, Acc: 27.21%, Loss: 2.4558
Epoch: 6, Batch: 150, Acc: 27.08%, Loss: 2.5789
Epoch: 6, Batch: 160, Acc: 26.93%, Loss: 2.6228
Epoch: 6, Batch: 170, Acc: 26.99%, Loss: 2.6967
Epoch: 6, Batch: 180, Acc: 26.88%, Loss: 2.5720
Epoch: 6, Batch: 190, Acc: 27.01%, Loss: 2.7073
Epoch: 6, Batch: 200, Acc: 27.08%, Loss: 2.7982
Epoch: 6, Batch: 210, Acc: 27.02%, Loss: 2.7113
Epoch: 6, Batch: 220, Acc: 27.00%, Loss: 2.6824
Epoch: 6, Batch: 230, Acc: 26.98%, Loss: 2.6034
Epoch: 6, Batch: 240, Acc: 26.91%, Loss: 2.7342
Epoch: 6, Batch: 250, Acc: 26.88%, Loss: 2.4807
Accuracy on test set: 21.18%
Epoch: 7, Batch: 10, Acc: 25.94%, Loss: 2.3643
Epoch: 7, Batch: 20, Acc: 27.81%, Loss: 2.4960
Epoch: 7, Batch: 30, Acc: 27.40%, Loss: 2.4720
Epoch: 7, Batch: 40, Acc: 27.23%, Loss: 2.4705
Epoch: 7, Batch: 50, Acc: 27.22%, Loss: 2.5983
Epoch: 7, Batch: 60, Acc: 26.80%, Loss: 2.5294
Epoch: 7, Batch: 70, Acc: 27.10%, Loss: 2.6506
Epoch: 7, Batch: 80, Acc: 27.03%, Loss: 2.7497
Epoch: 7, Batch: 90, Acc: 27.50%, Loss: 2.5586
Epoch: 7, Batch: 100, Acc: 27.39%, Loss: 2.5467
Epoch: 7, Batch: 110, Acc: 27.63%, Loss: 2.6951
Epoch: 7, Batch: 120, Acc: 27.81%, Loss: 2.6039
Epoch: 7, Batch: 130, Acc: 27.94%, Loss: 2.7766
Epoch: 7, Batch: 140, Acc: 28.08%, Loss: 2.8684
Epoch: 7, Batch: 150, Acc: 28.00%, Loss: 2.6500
Epoch: 7, Batch: 160, Acc: 28.04%, Loss: 2.6693
Epoch: 7, Batch: 170, Acc: 28.14%, Loss: 2.6648
Epoch: 7, Batch: 180, Acc: 28.12%, Loss: 2.4239
Epoch: 7, Batch: 190, Acc: 28.20%, Loss: 2.5987
Epoch: 7, Batch: 200, Acc: 28.12%, Loss: 2.5607
Epoch: 7, Batch: 210, Acc: 28.10%, Loss: 2.3903
Epoch: 7, Batch: 220, Acc: 28.00%, Loss: 2.5978
Epoch: 7, Batch: 230, Acc: 28.02%, Loss: 2.7891
Epoch: 7, Batch: 240, Acc: 28.16%, Loss: 2.4893
Epoch: 7, Batch: 250, Acc: 28.16%, Loss: 2.4868
Accuracy on test set: 22.37%
Epoch: 8, Batch: 10, Acc: 28.12%, Loss: 2.6384
Epoch: 8, Batch: 20, Acc: 28.83%, Loss: 2.6137
Epoch: 8, Batch: 30, Acc: 29.01%, Loss: 2.6363
Epoch: 8, Batch: 40, Acc: 28.98%, Loss: 2.5875
Epoch: 8, Batch: 50, Acc: 29.25%, Loss: 2.6130
Epoch: 8, Batch: 60, Acc: 29.30%, Loss: 2.6220
Epoch: 8, Batch: 70, Acc: 28.84%, Loss: 2.6873
Epoch: 8, Batch: 80, Acc: 28.71%, Loss: 2.5953
Epoch: 8, Batch: 90, Acc: 28.40%, Loss: 2.6664
Epoch: 8, Batch: 100, Acc: 28.58%, Loss: 2.4504
Epoch: 8, Batch: 110, Acc: 28.66%, Loss: 2.3882
Epoch: 8, Batch: 120, Acc: 28.66%, Loss: 2.7741
Epoch: 8, Batch: 130, Acc: 28.49%, Loss: 2.4613
Epoch: 8, Batch: 140, Acc: 28.59%, Loss: 2.2221
Epoch: 8, Batch: 150, Acc: 28.58%, Loss: 2.6300
Epoch: 8, Batch: 160, Acc: 28.78%, Loss: 2.6395
Epoch: 8, Batch: 170, Acc: 28.83%, Loss: 2.5831
Epoch: 8, Batch: 180, Acc: 28.84%, Loss: 2.5850
Epoch: 8, Batch: 190, Acc: 29.00%, Loss: 2.6188
Epoch: 8, Batch: 200, Acc: 29.09%, Loss: 2.6748
Epoch: 8, Batch: 210, Acc: 29.11%, Loss: 2.4724
Epoch: 8, Batch: 220, Acc: 29.19%, Loss: 2.4168
Epoch: 8, Batch: 230, Acc: 29.31%, Loss: 2.5680
Epoch: 8, Batch: 240, Acc: 29.19%, Loss: 2.4128
Epoch: 8, Batch: 250, Acc: 29.22%, Loss: 2.7154
Accuracy on test set: 24.22%
Epoch: 9, Batch: 10, Acc: 31.41%, Loss: 2.6598
Epoch: 9, Batch: 20, Acc: 30.70%, Loss: 2.6583
Epoch: 9, Batch: 30, Acc: 30.73%, Loss: 2.4696
Epoch: 9, Batch: 40, Acc: 31.29%, Loss: 2.3666
Epoch: 9, Batch: 50, Acc: 31.06%, Loss: 2.6611
Epoch: 9, Batch: 60, Acc: 31.38%, Loss: 2.3591
Epoch: 9, Batch: 70, Acc: 31.34%, Loss: 2.3763
Epoch: 9, Batch: 80, Acc: 31.05%, Loss: 2.8616
Epoch: 9, Batch: 90, Acc: 30.95%, Loss: 2.6019
Epoch: 9, Batch: 100, Acc: 30.81%, Loss: 2.5474
Epoch: 9, Batch: 110, Acc: 30.78%, Loss: 2.6492
Epoch: 9, Batch: 120, Acc: 30.69%, Loss: 2.6139
Epoch: 9, Batch: 130, Acc: 30.87%, Loss: 2.7693
Epoch: 9, Batch: 140, Acc: 30.78%, Loss: 2.4309
Epoch: 9, Batch: 150, Acc: 30.82%, Loss: 2.4358
Epoch: 9, Batch: 160, Acc: 30.86%, Loss: 2.6465
Epoch: 9, Batch: 170, Acc: 30.69%, Loss: 2.6468
Epoch: 9, Batch: 180, Acc: 30.68%, Loss: 2.5895
Epoch: 9, Batch: 190, Acc: 30.55%, Loss: 2.5972
Epoch: 9, Batch: 200, Acc: 30.85%, Loss: 2.3266
Epoch: 9, Batch: 210, Acc: 30.92%, Loss: 2.7226
Epoch: 9, Batch: 220, Acc: 30.83%, Loss: 2.8083
Epoch: 9, Batch: 230, Acc: 30.83%, Loss: 2.6787
Epoch: 9, Batch: 240, Acc: 30.81%, Loss: 2.6404
Epoch: 9, Batch: 250, Acc: 30.76%, Loss: 2.4515
Accuracy on test set: 25.69%
Epoch: 10, Batch: 10, Acc: 29.69%, Loss: 2.5676
Epoch: 10, Batch: 20, Acc: 30.08%, Loss: 2.4989
Epoch: 10, Batch: 30, Acc: 30.05%, Loss: 2.3523
Epoch: 10, Batch: 40, Acc: 30.59%, Loss: 2.5140
Epoch: 10, Batch: 50, Acc: 30.88%, Loss: 2.5958
Epoch: 10, Batch: 60, Acc: 31.43%, Loss: 2.2700
Epoch: 10, Batch: 70, Acc: 31.92%, Loss: 2.4327
Epoch: 10, Batch: 80, Acc: 31.62%, Loss: 2.4825
Epoch: 10, Batch: 90, Acc: 31.58%, Loss: 2.2694
Epoch: 10, Batch: 100, Acc: 31.59%, Loss: 2.8063
Epoch: 10, Batch: 110, Acc: 31.42%, Loss: 2.3983
Epoch: 10, Batch: 120, Acc: 31.59%, Loss: 2.4911
Epoch: 10, Batch: 130, Acc: 31.69%, Loss: 2.4169
Epoch: 10, Batch: 140, Acc: 31.58%, Loss: 2.5764
Epoch: 10, Batch: 150, Acc: 31.62%, Loss: 2.4929
Epoch: 10, Batch: 160, Acc: 31.69%, Loss: 2.6608
Epoch: 10, Batch: 170, Acc: 31.93%, Loss: 2.4804
Epoch: 10, Batch: 180, Acc: 31.81%, Loss: 2.6545
Epoch: 10, Batch: 190, Acc: 31.88%, Loss: 2.6267
Epoch: 10, Batch: 200, Acc: 31.73%, Loss: 2.7329
Epoch: 10, Batch: 210, Acc: 31.69%, Loss: 2.8059
Epoch: 10, Batch: 220, Acc: 31.72%, Loss: 2.7364
Epoch: 10, Batch: 230, Acc: 31.91%, Loss: 2.4586
Epoch: 10, Batch: 240, Acc: 31.89%, Loss: 2.4860
Epoch: 10, Batch: 250, Acc: 31.87%, Loss: 2.5178
Accuracy on test set: 27.16%
  [Run 1 | eps=0.1 | quid | q-detection | GPU 1] Training Time: 13345.10s  Best Acc: 27.16%

  [Run 1 | eps=0.1 | quid | q-detection | GPU 1] Evaluating final model on clean test data...
  Accuracy    : 0.2716
  Loss        : 2.4459
  Precision   : 0.4100
  Recall      : 0.2894
  F1          : 0.3393
  Fpr         : 0.0332
  Fnr         : 0.7106
  Roc_auc     : 0.8867
  Pr_auc      : 0.4290
  Asr         : 61.4286
Metrics saved to eps0.1/qmlp-az-quid-run1-layer50_quid_eps0.1_quid_qdetection.csv
  [Run 1 | eps=0.1 | quid | q-detection | GPU 1] Done. Saved → eps0.1/qmlp-az-quid-run1-layer50-noiseless-Amplitude_eps0.1_quid_qdetection.pt

====================================================================
 [Run 1 | eps=0.1 | random | none | GPU 0]
====================================================================
  [Run 1 | eps=0.1 | random | none | GPU 0] Stratified subset: 16100 samples (700 per class max, from 184342 total)
  [Run 1 | eps=0.1 | random | none | GPU 0] Poisoned: 1610/16100
Epoch: 1, Batch: 10, Acc: 2.81%, Loss: 3.1612
Epoch: 1, Batch: 20, Acc: 3.83%, Loss: 3.1365
Epoch: 1, Batch: 30, Acc: 4.27%, Loss: 3.1331
Epoch: 1, Batch: 40, Acc: 4.53%, Loss: 3.1231
Epoch: 1, Batch: 50, Acc: 5.09%, Loss: 3.1220
Epoch: 1, Batch: 60, Acc: 5.36%, Loss: 3.1261
Epoch: 1, Batch: 70, Acc: 5.76%, Loss: 3.1104
Epoch: 1, Batch: 80, Acc: 5.88%, Loss: 3.1160
Epoch: 1, Batch: 90, Acc: 6.15%, Loss: 3.0957
Epoch: 1, Batch: 100, Acc: 6.31%, Loss: 3.1134
Epoch: 1, Batch: 110, Acc: 6.25%, Loss: 3.1066
Epoch: 1, Batch: 120, Acc: 6.35%, Loss: 3.1040
Epoch: 1, Batch: 130, Acc: 6.48%, Loss: 3.0920
Epoch: 1, Batch: 140, Acc: 6.71%, Loss: 3.0828
Epoch: 1, Batch: 150, Acc: 6.90%, Loss: 3.0850
Epoch: 1, Batch: 160, Acc: 7.12%, Loss: 3.0694
Epoch: 1, Batch: 170, Acc: 7.35%, Loss: 3.0722
Epoch: 1, Batch: 180, Acc: 7.66%, Loss: 3.0667
Epoch: 1, Batch: 190, Acc: 7.95%, Loss: 3.0701
Epoch: 1, Batch: 200, Acc: 8.13%, Loss: 3.0597
Epoch: 1, Batch: 210, Acc: 8.40%, Loss: 3.0395
Epoch: 1, Batch: 220, Acc: 8.74%, Loss: 3.0372
Epoch: 1, Batch: 230, Acc: 8.89%, Loss: 3.0461
Epoch: 1, Batch: 240, Acc: 9.00%, Loss: 3.0431
Epoch: 1, Batch: 250, Acc: 9.26%, Loss: 3.0265
Accuracy on test set: 18.41%
Epoch: 2, Batch: 10, Acc: 19.06%, Loss: 3.0112
Epoch: 2, Batch: 20, Acc: 17.58%, Loss: 3.0319
Epoch: 2, Batch: 30, Acc: 17.60%, Loss: 3.0123
Epoch: 2, Batch: 40, Acc: 17.97%, Loss: 3.0090
Epoch: 2, Batch: 50, Acc: 17.75%, Loss: 3.0287
Epoch: 2, Batch: 60, Acc: 18.07%, Loss: 3.0051
Epoch: 2, Batch: 70, Acc: 18.12%, Loss: 2.9997
Epoch: 2, Batch: 80, Acc: 18.65%, Loss: 2.9814
Epoch: 2, Batch: 90, Acc: 18.52%, Loss: 3.0067
Epoch: 2, Batch: 100, Acc: 18.69%, Loss: 2.9854
Epoch: 2, Batch: 110, Acc: 18.74%, Loss: 2.9976
Epoch: 2, Batch: 120, Acc: 18.96%, Loss: 2.9548
Epoch: 2, Batch: 130, Acc: 19.18%, Loss: 2.9799
Epoch: 2, Batch: 140, Acc: 19.41%, Loss: 2.9643
Epoch: 2, Batch: 150, Acc: 19.76%, Loss: 2.9485
Epoch: 2, Batch: 160, Acc: 19.85%, Loss: 2.9475
Epoch: 2, Batch: 170, Acc: 19.94%, Loss: 2.9672
Epoch: 2, Batch: 180, Acc: 20.10%, Loss: 2.9636
Epoch: 2, Batch: 190, Acc: 20.42%, Loss: 2.9139
Epoch: 2, Batch: 200, Acc: 20.69%, Loss: 2.9315
Epoch: 2, Batch: 210, Acc: 20.57%, Loss: 2.9740
Epoch: 2, Batch: 220, Acc: 20.76%, Loss: 2.9281
Epoch: 2, Batch: 230, Acc: 20.95%, Loss: 2.9308
Epoch: 2, Batch: 240, Acc: 21.11%, Loss: 2.9102
Epoch: 2, Batch: 250, Acc: 21.33%, Loss: 2.9206
Accuracy on test set: 28.66%
Epoch: 3, Batch: 10, Acc: 29.84%, Loss: 2.8823
Epoch: 3, Batch: 20, Acc: 27.34%, Loss: 2.8935
Epoch: 3, Batch: 30, Acc: 28.02%, Loss: 2.9233
Epoch: 3, Batch: 40, Acc: 28.48%, Loss: 2.9132
Epoch: 3, Batch: 50, Acc: 28.50%, Loss: 2.8935
Epoch: 3, Batch: 60, Acc: 28.67%, Loss: 2.8840
Epoch: 3, Batch: 70, Acc: 28.97%, Loss: 2.8516
Epoch: 3, Batch: 80, Acc: 28.71%, Loss: 2.9104
Epoch: 3, Batch: 90, Acc: 29.03%, Loss: 2.8780
Epoch: 3, Batch: 100, Acc: 29.22%, Loss: 2.8910
Epoch: 3, Batch: 110, Acc: 29.57%, Loss: 2.8564
Epoch: 3, Batch: 120, Acc: 29.84%, Loss: 2.8534
Epoch: 3, Batch: 130, Acc: 29.86%, Loss: 2.8581
Epoch: 3, Batch: 140, Acc: 30.10%, Loss: 2.8338
Epoch: 3, Batch: 150, Acc: 30.10%, Loss: 2.8844
Epoch: 3, Batch: 160, Acc: 30.34%, Loss: 2.8488
Epoch: 3, Batch: 170, Acc: 30.44%, Loss: 2.8557
Epoch: 3, Batch: 180, Acc: 30.69%, Loss: 2.8707
Epoch: 3, Batch: 190, Acc: 30.82%, Loss: 2.8233
Epoch: 3, Batch: 200, Acc: 30.91%, Loss: 2.8917
Epoch: 3, Batch: 210, Acc: 31.12%, Loss: 2.8263
Epoch: 3, Batch: 220, Acc: 31.43%, Loss: 2.8227
Epoch: 3, Batch: 230, Acc: 31.56%, Loss: 2.8554
Epoch: 3, Batch: 240, Acc: 31.74%, Loss: 2.7850
Epoch: 3, Batch: 250, Acc: 31.91%, Loss: 2.8324
Accuracy on test set: 38.56%
Epoch: 4, Batch: 10, Acc: 35.62%, Loss: 2.7851
Epoch: 4, Batch: 20, Acc: 36.02%, Loss: 2.8029
Epoch: 4, Batch: 30, Acc: 35.83%, Loss: 2.8068
Epoch: 4, Batch: 40, Acc: 36.52%, Loss: 2.7997
Epoch: 4, Batch: 50, Acc: 36.47%, Loss: 2.8116
Epoch: 4, Batch: 60, Acc: 36.85%, Loss: 2.8003
Epoch: 4, Batch: 70, Acc: 36.52%, Loss: 2.7816
Epoch: 4, Batch: 80, Acc: 36.13%, Loss: 2.8224
Epoch: 4, Batch: 90, Acc: 35.94%, Loss: 2.8190
Epoch: 4, Batch: 100, Acc: 35.81%, Loss: 2.7680
Epoch: 4, Batch: 110, Acc: 35.87%, Loss: 2.7632
Epoch: 4, Batch: 120, Acc: 35.85%, Loss: 2.7637
Epoch: 4, Batch: 130, Acc: 35.95%, Loss: 2.7877
Epoch: 4, Batch: 140, Acc: 36.33%, Loss: 2.7276
Epoch: 4, Batch: 150, Acc: 36.41%, Loss: 2.7612
Epoch: 4, Batch: 160, Acc: 36.33%, Loss: 2.7666
Epoch: 4, Batch: 170, Acc: 36.26%, Loss: 2.7903
Epoch: 4, Batch: 180, Acc: 36.38%, Loss: 2.7508
Epoch: 4, Batch: 190, Acc: 36.32%, Loss: 2.7854
Epoch: 4, Batch: 200, Acc: 36.50%, Loss: 2.7039
Epoch: 4, Batch: 210, Acc: 36.45%, Loss: 2.7804
Epoch: 4, Batch: 220, Acc: 36.65%, Loss: 2.7566
Epoch: 4, Batch: 230, Acc: 36.60%, Loss: 2.7635
Epoch: 4, Batch: 240, Acc: 36.67%, Loss: 2.7243
Epoch: 4, Batch: 250, Acc: 36.78%, Loss: 2.6758
Accuracy on test set: 40.14%
Epoch: 5, Batch: 10, Acc: 36.88%, Loss: 2.7610
Epoch: 5, Batch: 20, Acc: 36.80%, Loss: 2.7500
Epoch: 5, Batch: 30, Acc: 37.45%, Loss: 2.7387
Epoch: 5, Batch: 40, Acc: 37.54%, Loss: 2.7280
Epoch: 5, Batch: 50, Acc: 37.16%, Loss: 2.7210
Epoch: 5, Batch: 60, Acc: 37.45%, Loss: 2.7094
Epoch: 5, Batch: 70, Acc: 37.21%, Loss: 2.7416
Epoch: 5, Batch: 80, Acc: 37.21%, Loss: 2.6829
Epoch: 5, Batch: 90, Acc: 37.43%, Loss: 2.7006
Epoch: 5, Batch: 100, Acc: 37.42%, Loss: 2.7073
Epoch: 5, Batch: 110, Acc: 37.29%, Loss: 2.6915
Epoch: 5, Batch: 120, Acc: 37.40%, Loss: 2.6201
Epoch: 5, Batch: 130, Acc: 37.22%, Loss: 2.6975
Epoch: 5, Batch: 140, Acc: 37.44%, Loss: 2.6590
Epoch: 5, Batch: 150, Acc: 37.48%, Loss: 2.7182
Epoch: 5, Batch: 160, Acc: 37.64%, Loss: 2.6764
Epoch: 5, Batch: 170, Acc: 37.67%, Loss: 2.6586
Epoch: 5, Batch: 180, Acc: 37.69%, Loss: 2.6775
Epoch: 5, Batch: 190, Acc: 37.55%, Loss: 2.6722
Epoch: 5, Batch: 200, Acc: 37.44%, Loss: 2.6954
Epoch: 5, Batch: 210, Acc: 37.49%, Loss: 2.6696
Epoch: 5, Batch: 220, Acc: 37.58%, Loss: 2.6438
Epoch: 5, Batch: 230, Acc: 37.60%, Loss: 2.6319
Epoch: 5, Batch: 240, Acc: 37.59%, Loss: 2.6490
Epoch: 5, Batch: 250, Acc: 37.64%, Loss: 2.6446
Accuracy on test set: 40.70%
Epoch: 6, Batch: 10, Acc: 37.66%, Loss: 2.6650
Epoch: 6, Batch: 20, Acc: 38.98%, Loss: 2.6128
Epoch: 6, Batch: 30, Acc: 39.32%, Loss: 2.5951
Epoch: 6, Batch: 40, Acc: 38.79%, Loss: 2.6288
Epoch: 6, Batch: 50, Acc: 39.09%, Loss: 2.6184
Epoch: 6, Batch: 60, Acc: 39.01%, Loss: 2.6534
Epoch: 6, Batch: 70, Acc: 38.71%, Loss: 2.6687
Epoch: 6, Batch: 80, Acc: 38.42%, Loss: 2.6835
Epoch: 6, Batch: 90, Acc: 38.72%, Loss: 2.5842
Epoch: 6, Batch: 100, Acc: 38.73%, Loss: 2.6202
Epoch: 6, Batch: 110, Acc: 38.76%, Loss: 2.6079
Epoch: 6, Batch: 120, Acc: 38.61%, Loss: 2.6171
Epoch: 6, Batch: 130, Acc: 38.55%, Loss: 2.6150
Epoch: 6, Batch: 140, Acc: 38.43%, Loss: 2.6219
Epoch: 6, Batch: 150, Acc: 38.48%, Loss: 2.5630
Epoch: 6, Batch: 160, Acc: 38.51%, Loss: 2.6252
Epoch: 6, Batch: 170, Acc: 38.64%, Loss: 2.5542
Epoch: 6, Batch: 180, Acc: 38.39%, Loss: 2.6669
Epoch: 6, Batch: 190, Acc: 38.35%, Loss: 2.5701
Epoch: 6, Batch: 200, Acc: 38.38%, Loss: 2.5751
Epoch: 6, Batch: 210, Acc: 38.29%, Loss: 2.6462
Epoch: 6, Batch: 220, Acc: 38.27%, Loss: 2.6261
Epoch: 6, Batch: 230, Acc: 38.23%, Loss: 2.6193
Epoch: 6, Batch: 240, Acc: 38.20%, Loss: 2.5966
Epoch: 6, Batch: 250, Acc: 38.15%, Loss: 2.6009
Accuracy on test set: 41.12%
Epoch: 7, Batch: 10, Acc: 41.09%, Loss: 2.5758
Epoch: 7, Batch: 20, Acc: 41.09%, Loss: 2.5394
Epoch: 7, Batch: 30, Acc: 40.05%, Loss: 2.5918
Epoch: 7, Batch: 40, Acc: 39.69%, Loss: 2.5788
Epoch: 7, Batch: 50, Acc: 39.72%, Loss: 2.5701
Epoch: 7, Batch: 60, Acc: 39.04%, Loss: 2.6023
Epoch: 7, Batch: 70, Acc: 38.88%, Loss: 2.5378
Epoch: 7, Batch: 80, Acc: 38.61%, Loss: 2.6166
Epoch: 7, Batch: 90, Acc: 38.94%, Loss: 2.5463
Epoch: 7, Batch: 100, Acc: 38.91%, Loss: 2.5932
Epoch: 7, Batch: 110, Acc: 38.99%, Loss: 2.5206
Epoch: 7, Batch: 120, Acc: 39.28%, Loss: 2.5131
Epoch: 7, Batch: 130, Acc: 39.33%, Loss: 2.5735
Epoch: 7, Batch: 140, Acc: 39.34%, Loss: 2.5576
Epoch: 7, Batch: 150, Acc: 39.27%, Loss: 2.5666
Epoch: 7, Batch: 160, Acc: 39.18%, Loss: 2.5642
Epoch: 7, Batch: 170, Acc: 39.14%, Loss: 2.5628
Epoch: 7, Batch: 180, Acc: 39.11%, Loss: 2.5502
Epoch: 7, Batch: 190, Acc: 39.19%, Loss: 2.5079
Epoch: 7, Batch: 200, Acc: 39.12%, Loss: 2.5692
Epoch: 7, Batch: 210, Acc: 39.00%, Loss: 2.5833
Epoch: 7, Batch: 220, Acc: 38.90%, Loss: 2.5645
Epoch: 7, Batch: 230, Acc: 38.91%, Loss: 2.5291
Epoch: 7, Batch: 240, Acc: 39.00%, Loss: 2.4422
Epoch: 7, Batch: 250, Acc: 39.04%, Loss: 2.5254
Accuracy on test set: 42.41%
Epoch: 8, Batch: 10, Acc: 40.78%, Loss: 2.4763
Epoch: 8, Batch: 20, Acc: 40.39%, Loss: 2.5177
Epoch: 8, Batch: 30, Acc: 40.00%, Loss: 2.4872
Epoch: 8, Batch: 40, Acc: 40.16%, Loss: 2.5252
Epoch: 8, Batch: 50, Acc: 39.97%, Loss: 2.4875
Epoch: 8, Batch: 60, Acc: 39.64%, Loss: 2.5123
Epoch: 8, Batch: 70, Acc: 39.55%, Loss: 2.5666
Epoch: 8, Batch: 80, Acc: 39.43%, Loss: 2.4876
Epoch: 8, Batch: 90, Acc: 39.65%, Loss: 2.5305
Epoch: 8, Batch: 100, Acc: 39.92%, Loss: 2.4373
Epoch: 8, Batch: 110, Acc: 39.97%, Loss: 2.4827
Epoch: 8, Batch: 120, Acc: 39.88%, Loss: 2.4836
Epoch: 8, Batch: 130, Acc: 39.87%, Loss: 2.5134
Epoch: 8, Batch: 140, Acc: 39.90%, Loss: 2.4445
Epoch: 8, Batch: 150, Acc: 39.71%, Loss: 2.5673
Epoch: 8, Batch: 160, Acc: 39.81%, Loss: 2.5099
Epoch: 8, Batch: 170, Acc: 39.80%, Loss: 2.5285
Epoch: 8, Batch: 180, Acc: 39.97%, Loss: 2.4646
Epoch: 8, Batch: 190, Acc: 39.98%, Loss: 2.5077
Epoch: 8, Batch: 200, Acc: 39.98%, Loss: 2.4682
Epoch: 8, Batch: 210, Acc: 40.16%, Loss: 2.5131
Epoch: 8, Batch: 220, Acc: 40.19%, Loss: 2.4940
Epoch: 8, Batch: 230, Acc: 40.36%, Loss: 2.4008
Epoch: 8, Batch: 240, Acc: 40.28%, Loss: 2.5228
Epoch: 8, Batch: 250, Acc: 40.20%, Loss: 2.5459
Accuracy on test set: 43.27%
Epoch: 9, Batch: 10, Acc: 43.28%, Loss: 2.4582
Epoch: 9, Batch: 20, Acc: 42.19%, Loss: 2.4391
Epoch: 9, Batch: 30, Acc: 41.25%, Loss: 2.5046
Epoch: 9, Batch: 40, Acc: 40.82%, Loss: 2.4802
Epoch: 9, Batch: 50, Acc: 40.59%, Loss: 2.4721
Epoch: 9, Batch: 60, Acc: 40.57%, Loss: 2.4831
Epoch: 9, Batch: 70, Acc: 41.12%, Loss: 2.4416
Epoch: 9, Batch: 80, Acc: 41.15%, Loss: 2.4645
Epoch: 9, Batch: 90, Acc: 41.41%, Loss: 2.4369
Epoch: 9, Batch: 100, Acc: 41.39%, Loss: 2.4613
Epoch: 9, Batch: 110, Acc: 41.28%, Loss: 2.4256
Epoch: 9, Batch: 120, Acc: 41.25%, Loss: 2.4431
Epoch: 9, Batch: 130, Acc: 41.18%, Loss: 2.4685
Epoch: 9, Batch: 140, Acc: 41.02%, Loss: 2.5292
Epoch: 9, Batch: 150, Acc: 41.24%, Loss: 2.3756
Epoch: 9, Batch: 160, Acc: 41.25%, Loss: 2.4620
Epoch: 9, Batch: 170, Acc: 41.02%, Loss: 2.5053
Epoch: 9, Batch: 180, Acc: 41.07%, Loss: 2.4335
Epoch: 9, Batch: 190, Acc: 41.05%, Loss: 2.4301
Epoch: 9, Batch: 200, Acc: 41.24%, Loss: 2.4061
Epoch: 9, Batch: 210, Acc: 41.33%, Loss: 2.4386
Epoch: 9, Batch: 220, Acc: 41.27%, Loss: 2.4712
Epoch: 9, Batch: 230, Acc: 41.39%, Loss: 2.4035
Epoch: 9, Batch: 240, Acc: 41.37%, Loss: 2.3971
Epoch: 9, Batch: 250, Acc: 41.28%, Loss: 2.4364
Accuracy on test set: 44.14%
Epoch: 10, Batch: 10, Acc: 40.78%, Loss: 2.4423
Epoch: 10, Batch: 20, Acc: 41.41%, Loss: 2.3856
Epoch: 10, Batch: 30, Acc: 40.89%, Loss: 2.4857
Epoch: 10, Batch: 40, Acc: 41.48%, Loss: 2.3549
Epoch: 10, Batch: 50, Acc: 41.28%, Loss: 2.4342
Epoch: 10, Batch: 60, Acc: 41.43%, Loss: 2.3591
Epoch: 10, Batch: 70, Acc: 42.14%, Loss: 2.3903
Epoch: 10, Batch: 80, Acc: 42.05%, Loss: 2.4140
Epoch: 10, Batch: 90, Acc: 42.14%, Loss: 2.3947
Epoch: 10, Batch: 100, Acc: 41.83%, Loss: 2.4626
Epoch: 10, Batch: 110, Acc: 41.68%, Loss: 2.4503
Epoch: 10, Batch: 120, Acc: 41.73%, Loss: 2.3397
Epoch: 10, Batch: 130, Acc: 41.69%, Loss: 2.3968
Epoch: 10, Batch: 140, Acc: 41.77%, Loss: 2.3971
Epoch: 10, Batch: 150, Acc: 41.71%, Loss: 2.4120
Epoch: 10, Batch: 160, Acc: 41.65%, Loss: 2.4657
Epoch: 10, Batch: 170, Acc: 41.88%, Loss: 2.3136
Epoch: 10, Batch: 180, Acc: 41.81%, Loss: 2.4081
Epoch: 10, Batch: 190, Acc: 41.83%, Loss: 2.4052
Epoch: 10, Batch: 200, Acc: 41.67%, Loss: 2.4522
Epoch: 10, Batch: 210, Acc: 41.74%, Loss: 2.4098
Epoch: 10, Batch: 220, Acc: 41.70%, Loss: 2.4244
Epoch: 10, Batch: 230, Acc: 41.88%, Loss: 2.3157
Epoch: 10, Batch: 240, Acc: 41.81%, Loss: 2.4480
Epoch: 10, Batch: 250, Acc: 41.75%, Loss: 2.3766
Accuracy on test set: 45.03%
  [Run 1 | eps=0.1 | random | none | GPU 0] Training Time: 6901.51s  Best Acc: 45.03%

  [Run 1 | eps=0.1 | random | none | GPU 0] Evaluating final model on clean test data...
  Accuracy    : 0.4503
  Loss        : 2.2709
  Precision   : 0.4140
  Recall      : 0.4639
  F1          : 0.4375
  Fpr         : 0.0249
  Fnr         : 0.5361
  Roc_auc     : 0.8993
  Pr_auc      : 0.4667
  Asr         : 2.9193
Metrics saved to eps0.1/qmlp-az-quid-run1-layer50_quid_eps0.1_random_none.csv
  [Run 1 | eps=0.1 | random | none | GPU 0] Done. Saved → eps0.1/qmlp-az-quid-run1-layer50-noiseless-Amplitude_eps0.1_random_none.pt

====================================================================
 [Run 1 | eps=0.1 | random | q-detection | GPU 1]
====================================================================
  [Run 1 | eps=0.1 | random | q-detection | GPU 1] Stratified subset: 16100 samples (700 per class max, from 184342 total)
  [Run 1 | eps=0.1 | random | q-detection | GPU 1] Poisoned: 1610/16100
  [Run 1 | eps=0.1 | random | q-detection | GPU 1] J matrix: 16100x16100 (2074 MB)
Epoch: 1, Batch: 10, Acc: 2.81%, Loss: 3.1283
Epoch: 1, Batch: 20, Acc: 3.83%, Loss: 3.1047
Epoch: 1, Batch: 30, Acc: 4.27%, Loss: 3.1049
Epoch: 1, Batch: 40, Acc: 4.38%, Loss: 3.0953
Epoch: 1, Batch: 50, Acc: 4.84%, Loss: 3.0868
Epoch: 1, Batch: 60, Acc: 5.21%, Loss: 3.0940
Epoch: 1, Batch: 70, Acc: 5.65%, Loss: 3.0735
Epoch: 1, Batch: 80, Acc: 5.82%, Loss: 3.0909
Epoch: 1, Batch: 90, Acc: 6.11%, Loss: 3.0604
Epoch: 1, Batch: 100, Acc: 6.28%, Loss: 3.0837
Epoch: 1, Batch: 110, Acc: 6.19%, Loss: 3.0739
Epoch: 1, Batch: 120, Acc: 6.29%, Loss: 3.0665
Epoch: 1, Batch: 130, Acc: 6.41%, Loss: 3.0626
Epoch: 1, Batch: 140, Acc: 6.55%, Loss: 3.0424
Epoch: 1, Batch: 150, Acc: 6.52%, Loss: 3.0505
Epoch: 1, Batch: 160, Acc: 6.52%, Loss: 3.0258
Epoch: 1, Batch: 170, Acc: 6.50%, Loss: 3.0333
Epoch: 1, Batch: 180, Acc: 6.66%, Loss: 3.0251
Epoch: 1, Batch: 190, Acc: 6.88%, Loss: 3.0236
Epoch: 1, Batch: 200, Acc: 6.96%, Loss: 3.0031
Epoch: 1, Batch: 210, Acc: 7.19%, Loss: 2.9808
Epoch: 1, Batch: 220, Acc: 7.45%, Loss: 2.9827
Epoch: 1, Batch: 230, Acc: 7.55%, Loss: 2.9960
Epoch: 1, Batch: 240, Acc: 7.66%, Loss: 2.9830
Epoch: 1, Batch: 250, Acc: 7.81%, Loss: 2.9501
Accuracy on test set: 12.57%
Epoch: 2, Batch: 10, Acc: 13.91%, Loss: 2.9709
Epoch: 2, Batch: 20, Acc: 12.27%, Loss: 2.9721
Epoch: 2, Batch: 30, Acc: 12.19%, Loss: 2.9484
Epoch: 2, Batch: 40, Acc: 11.91%, Loss: 2.9398
Epoch: 2, Batch: 50, Acc: 11.47%, Loss: 2.9648
Epoch: 2, Batch: 60, Acc: 11.64%, Loss: 2.9325
Epoch: 2, Batch: 70, Acc: 11.76%, Loss: 2.9131
Epoch: 2, Batch: 80, Acc: 12.11%, Loss: 2.8817
Epoch: 2, Batch: 90, Acc: 12.05%, Loss: 2.9617
Epoch: 2, Batch: 100, Acc: 12.17%, Loss: 2.9030
Epoch: 2, Batch: 110, Acc: 12.22%, Loss: 2.8997
Epoch: 2, Batch: 120, Acc: 12.51%, Loss: 2.8164
Epoch: 2, Batch: 130, Acc: 12.74%, Loss: 2.8470
Epoch: 2, Batch: 140, Acc: 12.97%, Loss: 2.8487
Epoch: 2, Batch: 150, Acc: 13.22%, Loss: 2.8410
Epoch: 2, Batch: 160, Acc: 13.43%, Loss: 2.8044
Epoch: 2, Batch: 170, Acc: 13.52%, Loss: 2.8718
Epoch: 2, Batch: 180, Acc: 13.71%, Loss: 2.8944
Epoch: 2, Batch: 190, Acc: 13.91%, Loss: 2.8125
Epoch: 2, Batch: 200, Acc: 14.13%, Loss: 2.8128
Epoch: 2, Batch: 210, Acc: 14.11%, Loss: 2.9036
Epoch: 2, Batch: 220, Acc: 14.30%, Loss: 2.7882
Epoch: 2, Batch: 230, Acc: 14.46%, Loss: 2.8492
Epoch: 2, Batch: 240, Acc: 14.65%, Loss: 2.7772
Epoch: 2, Batch: 250, Acc: 14.79%, Loss: 2.7914
Accuracy on test set: 20.80%
Epoch: 3, Batch: 10, Acc: 19.06%, Loss: 2.7692
Epoch: 3, Batch: 20, Acc: 17.97%, Loss: 2.8476
Epoch: 3, Batch: 30, Acc: 18.02%, Loss: 2.8559
Epoch: 3, Batch: 40, Acc: 17.73%, Loss: 2.8316
Epoch: 3, Batch: 50, Acc: 17.59%, Loss: 2.8273
Epoch: 3, Batch: 60, Acc: 17.86%, Loss: 2.7808
Epoch: 3, Batch: 70, Acc: 18.26%, Loss: 2.7005
Epoch: 3, Batch: 80, Acc: 18.12%, Loss: 2.8863
Epoch: 3, Batch: 90, Acc: 18.18%, Loss: 2.8309
Epoch: 3, Batch: 100, Acc: 18.22%, Loss: 2.8012
Epoch: 3, Batch: 110, Acc: 18.52%, Loss: 2.7570
Epoch: 3, Batch: 120, Acc: 18.71%, Loss: 2.7769
Epoch: 3, Batch: 130, Acc: 18.70%, Loss: 2.7788
Epoch: 3, Batch: 140, Acc: 18.78%, Loss: 2.7531
Epoch: 3, Batch: 150, Acc: 18.73%, Loss: 2.8232
Epoch: 3, Batch: 160, Acc: 18.72%, Loss: 2.7367
Epoch: 3, Batch: 170, Acc: 18.73%, Loss: 2.7714
Epoch: 3, Batch: 180, Acc: 18.75%, Loss: 2.8513
Epoch: 3, Batch: 190, Acc: 18.96%, Loss: 2.8350
Epoch: 3, Batch: 200, Acc: 19.03%, Loss: 2.8316
Epoch: 3, Batch: 210, Acc: 19.13%, Loss: 2.6808
Epoch: 3, Batch: 220, Acc: 19.30%, Loss: 2.7292
Epoch: 3, Batch: 230, Acc: 19.41%, Loss: 2.8232
Epoch: 3, Batch: 240, Acc: 19.58%, Loss: 2.6579
Epoch: 3, Batch: 250, Acc: 19.66%, Loss: 2.7452
Accuracy on test set: 25.75%
Epoch: 4, Batch: 10, Acc: 26.56%, Loss: 2.7399
Epoch: 4, Batch: 20, Acc: 25.31%, Loss: 2.8177
Epoch: 4, Batch: 30, Acc: 24.79%, Loss: 2.7441
Epoch: 4, Batch: 40, Acc: 25.00%, Loss: 2.7277
Epoch: 4, Batch: 50, Acc: 25.16%, Loss: 2.7970
Epoch: 4, Batch: 60, Acc: 25.52%, Loss: 2.7158
Epoch: 4, Batch: 70, Acc: 25.18%, Loss: 2.8007
Epoch: 4, Batch: 80, Acc: 25.14%, Loss: 2.8256
Epoch: 4, Batch: 90, Acc: 25.30%, Loss: 2.7998
Epoch: 4, Batch: 100, Acc: 25.52%, Loss: 2.6578
Epoch: 4, Batch: 110, Acc: 25.81%, Loss: 2.6416
Epoch: 4, Batch: 120, Acc: 25.91%, Loss: 2.7584
Epoch: 4, Batch: 130, Acc: 26.14%, Loss: 2.7563
Epoch: 4, Batch: 140, Acc: 26.40%, Loss: 2.7215
Epoch: 4, Batch: 150, Acc: 26.42%, Loss: 2.7706
Epoch: 4, Batch: 160, Acc: 26.48%, Loss: 2.7391
Epoch: 4, Batch: 170, Acc: 26.59%, Loss: 2.7402
Epoch: 4, Batch: 180, Acc: 26.84%, Loss: 2.7204
Epoch: 4, Batch: 190, Acc: 26.97%, Loss: 2.8269
Epoch: 4, Batch: 200, Acc: 27.33%, Loss: 2.5874
Epoch: 4, Batch: 210, Acc: 27.41%, Loss: 2.7088
Epoch: 4, Batch: 220, Acc: 27.58%, Loss: 2.6923
Epoch: 4, Batch: 230, Acc: 27.63%, Loss: 2.7224
Epoch: 4, Batch: 240, Acc: 27.77%, Loss: 2.7200
Epoch: 4, Batch: 250, Acc: 27.92%, Loss: 2.6817
Accuracy on test set: 32.96%
Epoch: 5, Batch: 10, Acc: 29.84%, Loss: 2.8055
Epoch: 5, Batch: 20, Acc: 29.06%, Loss: 2.6654
Epoch: 5, Batch: 30, Acc: 29.27%, Loss: 2.7551
Epoch: 5, Batch: 40, Acc: 29.84%, Loss: 2.7901
Epoch: 5, Batch: 50, Acc: 30.28%, Loss: 2.8464
Epoch: 5, Batch: 60, Acc: 30.23%, Loss: 2.6609
Epoch: 5, Batch: 70, Acc: 30.09%, Loss: 2.7471
Epoch: 5, Batch: 80, Acc: 30.31%, Loss: 2.7450
Epoch: 5, Batch: 90, Acc: 30.49%, Loss: 2.8020
Epoch: 5, Batch: 100, Acc: 30.62%, Loss: 2.7531
Epoch: 5, Batch: 110, Acc: 30.87%, Loss: 2.6962
Epoch: 5, Batch: 120, Acc: 31.22%, Loss: 2.5326
Epoch: 5, Batch: 130, Acc: 31.03%, Loss: 2.7032
Epoch: 5, Batch: 140, Acc: 31.12%, Loss: 2.5996
Epoch: 5, Batch: 150, Acc: 31.04%, Loss: 2.6372
Epoch: 5, Batch: 160, Acc: 31.19%, Loss: 2.6244
Epoch: 5, Batch: 170, Acc: 31.31%, Loss: 2.5154
Epoch: 5, Batch: 180, Acc: 31.31%, Loss: 2.7897
Epoch: 5, Batch: 190, Acc: 31.28%, Loss: 2.7743
Epoch: 5, Batch: 200, Acc: 31.23%, Loss: 2.6573
Epoch: 5, Batch: 210, Acc: 31.27%, Loss: 2.7020
Epoch: 5, Batch: 220, Acc: 31.34%, Loss: 2.7292
Epoch: 5, Batch: 230, Acc: 31.42%, Loss: 2.6200
Epoch: 5, Batch: 240, Acc: 31.44%, Loss: 2.6680
Epoch: 5, Batch: 250, Acc: 31.50%, Loss: 2.6349
Accuracy on test set: 35.54%
Epoch: 6, Batch: 10, Acc: 32.97%, Loss: 2.7777
Epoch: 6, Batch: 20, Acc: 33.91%, Loss: 2.6959
Epoch: 6, Batch: 30, Acc: 34.79%, Loss: 2.6691
Epoch: 6, Batch: 40, Acc: 34.14%, Loss: 2.7584
Epoch: 6, Batch: 50, Acc: 34.19%, Loss: 2.5330
Epoch: 6, Batch: 60, Acc: 34.24%, Loss: 2.6742
Epoch: 6, Batch: 70, Acc: 34.06%, Loss: 2.7306
Epoch: 6, Batch: 80, Acc: 33.26%, Loss: 2.7887
Epoch: 6, Batch: 90, Acc: 33.25%, Loss: 2.7467
Epoch: 6, Batch: 100, Acc: 33.41%, Loss: 2.7388
Epoch: 6, Batch: 110, Acc: 33.54%, Loss: 2.6545
Epoch: 6, Batch: 120, Acc: 33.53%, Loss: 2.6338
Epoch: 6, Batch: 130, Acc: 33.37%, Loss: 2.7001
Epoch: 6, Batch: 140, Acc: 33.21%, Loss: 2.6873
Epoch: 6, Batch: 150, Acc: 33.26%, Loss: 2.7949
Epoch: 6, Batch: 160, Acc: 33.15%, Loss: 2.7986
Epoch: 6, Batch: 170, Acc: 33.32%, Loss: 2.6455
Epoch: 6, Batch: 180, Acc: 33.12%, Loss: 2.7409
Epoch: 6, Batch: 190, Acc: 33.22%, Loss: 2.6832
Epoch: 6, Batch: 200, Acc: 33.18%, Loss: 2.6701
Epoch: 6, Batch: 210, Acc: 33.12%, Loss: 2.6617
Epoch: 6, Batch: 220, Acc: 33.14%, Loss: 2.7026
Epoch: 6, Batch: 230, Acc: 33.00%, Loss: 2.6740
Epoch: 6, Batch: 240, Acc: 33.02%, Loss: 2.7268
Epoch: 6, Batch: 250, Acc: 33.06%, Loss: 2.6623
Accuracy on test set: 36.34%
Epoch: 7, Batch: 10, Acc: 35.94%, Loss: 2.5605
Epoch: 7, Batch: 20, Acc: 35.31%, Loss: 2.6199
Epoch: 7, Batch: 30, Acc: 33.70%, Loss: 2.7774
Epoch: 7, Batch: 40, Acc: 33.55%, Loss: 2.5728
Epoch: 7, Batch: 50, Acc: 33.41%, Loss: 2.5698
Epoch: 7, Batch: 60, Acc: 32.99%, Loss: 2.6787
Epoch: 7, Batch: 70, Acc: 33.01%, Loss: 2.4168
Epoch: 7, Batch: 80, Acc: 33.16%, Loss: 2.7208
Epoch: 7, Batch: 90, Acc: 33.32%, Loss: 2.5844
Epoch: 7, Batch: 100, Acc: 33.28%, Loss: 2.6431
Epoch: 7, Batch: 110, Acc: 33.48%, Loss: 2.6808
Epoch: 7, Batch: 120, Acc: 33.68%, Loss: 2.6881
Epoch: 7, Batch: 130, Acc: 33.65%, Loss: 2.4967
Epoch: 7, Batch: 140, Acc: 33.81%, Loss: 2.5518
Epoch: 7, Batch: 150, Acc: 33.75%, Loss: 2.7725
Epoch: 7, Batch: 160, Acc: 33.69%, Loss: 2.6255
Epoch: 7, Batch: 170, Acc: 33.76%, Loss: 2.6379
Epoch: 7, Batch: 180, Acc: 33.66%, Loss: 2.7232
Epoch: 7, Batch: 190, Acc: 33.73%, Loss: 2.4770
Epoch: 7, Batch: 200, Acc: 33.80%, Loss: 2.6918
Epoch: 7, Batch: 210, Acc: 33.80%, Loss: 2.7338
Epoch: 7, Batch: 220, Acc: 33.67%, Loss: 2.5132
Epoch: 7, Batch: 230, Acc: 33.63%, Loss: 2.5880
Epoch: 7, Batch: 240, Acc: 33.76%, Loss: 2.4400
Epoch: 7, Batch: 250, Acc: 33.69%, Loss: 2.4910
Accuracy on test set: 36.65%
Epoch: 8, Batch: 10, Acc: 35.00%, Loss: 2.6424
Epoch: 8, Batch: 20, Acc: 34.61%, Loss: 2.5419
Epoch: 8, Batch: 30, Acc: 34.53%, Loss: 2.5712
Epoch: 8, Batch: 40, Acc: 34.65%, Loss: 2.7182
Epoch: 8, Batch: 50, Acc: 35.00%, Loss: 2.7829
Epoch: 8, Batch: 60, Acc: 34.97%, Loss: 2.8441
Epoch: 8, Batch: 70, Acc: 34.67%, Loss: 2.4466
Epoch: 8, Batch: 80, Acc: 34.90%, Loss: 2.6140
Epoch: 8, Batch: 90, Acc: 34.81%, Loss: 2.6729
Epoch: 8, Batch: 100, Acc: 34.98%, Loss: 2.6044
Epoch: 8, Batch: 110, Acc: 35.11%, Loss: 2.6094
Epoch: 8, Batch: 120, Acc: 35.13%, Loss: 2.5224
Epoch: 8, Batch: 130, Acc: 35.01%, Loss: 2.5056
Epoch: 8, Batch: 140, Acc: 35.13%, Loss: 2.7500
Epoch: 8, Batch: 150, Acc: 35.06%, Loss: 2.6489
Epoch: 8, Batch: 160, Acc: 35.15%, Loss: 2.4961
Epoch: 8, Batch: 170, Acc: 35.01%, Loss: 2.7331
Epoch: 8, Batch: 180, Acc: 35.22%, Loss: 2.6786
Epoch: 8, Batch: 190, Acc: 35.24%, Loss: 2.6251
Epoch: 8, Batch: 200, Acc: 35.29%, Loss: 2.5734
Epoch: 8, Batch: 210, Acc: 35.37%, Loss: 2.6603
Epoch: 8, Batch: 220, Acc: 35.40%, Loss: 2.5773
Epoch: 8, Batch: 230, Acc: 35.54%, Loss: 2.5429
Epoch: 8, Batch: 240, Acc: 35.42%, Loss: 2.7838
Epoch: 8, Batch: 250, Acc: 35.36%, Loss: 2.7940
Accuracy on test set: 39.33%
Epoch: 9, Batch: 10, Acc: 38.75%, Loss: 2.6787
Epoch: 9, Batch: 20, Acc: 37.27%, Loss: 2.4892
Epoch: 9, Batch: 30, Acc: 37.19%, Loss: 2.6019
Epoch: 9, Batch: 40, Acc: 36.68%, Loss: 2.6390
Epoch: 9, Batch: 50, Acc: 36.34%, Loss: 2.5779
Epoch: 9, Batch: 60, Acc: 36.88%, Loss: 2.5969
Epoch: 9, Batch: 70, Acc: 36.99%, Loss: 2.6448
Epoch: 9, Batch: 80, Acc: 36.93%, Loss: 2.5257
Epoch: 9, Batch: 90, Acc: 36.98%, Loss: 2.7288
Epoch: 9, Batch: 100, Acc: 36.94%, Loss: 2.7296
Epoch: 9, Batch: 110, Acc: 36.88%, Loss: 2.6232
Epoch: 9, Batch: 120, Acc: 36.81%, Loss: 2.4493
Epoch: 9, Batch: 130, Acc: 36.84%, Loss: 2.6578
Epoch: 9, Batch: 140, Acc: 36.63%, Loss: 2.5491
Epoch: 9, Batch: 150, Acc: 37.06%, Loss: 2.7984
Epoch: 9, Batch: 160, Acc: 36.88%, Loss: 2.7100
Epoch: 9, Batch: 170, Acc: 36.73%, Loss: 2.8347
Epoch: 9, Batch: 180, Acc: 36.85%, Loss: 2.6106
Epoch: 9, Batch: 190, Acc: 36.74%, Loss: 2.5001
Epoch: 9, Batch: 200, Acc: 36.77%, Loss: 2.6329
Epoch: 9, Batch: 210, Acc: 36.93%, Loss: 2.6483
Epoch: 9, Batch: 220, Acc: 36.96%, Loss: 2.6481
Epoch: 9, Batch: 230, Acc: 37.02%, Loss: 2.6314
Epoch: 9, Batch: 240, Acc: 37.02%, Loss: 2.4381
Epoch: 9, Batch: 250, Acc: 37.04%, Loss: 2.7609
Accuracy on test set: 40.47%
Epoch: 10, Batch: 10, Acc: 36.56%, Loss: 2.5523
Epoch: 10, Batch: 20, Acc: 36.80%, Loss: 2.7619
Epoch: 10, Batch: 30, Acc: 35.52%, Loss: 2.6859
Epoch: 10, Batch: 40, Acc: 36.13%, Loss: 2.7539
Epoch: 10, Batch: 50, Acc: 36.41%, Loss: 2.4492
Epoch: 10, Batch: 60, Acc: 37.21%, Loss: 2.7578
Epoch: 10, Batch: 70, Acc: 37.83%, Loss: 2.6837
Epoch: 10, Batch: 80, Acc: 37.56%, Loss: 2.4896
Epoch: 10, Batch: 90, Acc: 37.83%, Loss: 2.5885
Epoch: 10, Batch: 100, Acc: 37.72%, Loss: 2.6012
Epoch: 10, Batch: 110, Acc: 37.43%, Loss: 2.7719
Epoch: 10, Batch: 120, Acc: 37.68%, Loss: 2.3981
Epoch: 10, Batch: 130, Acc: 37.82%, Loss: 2.7131
Epoch: 10, Batch: 140, Acc: 37.89%, Loss: 2.7128
Epoch: 10, Batch: 150, Acc: 37.77%, Loss: 2.5145
Epoch: 10, Batch: 160, Acc: 37.84%, Loss: 2.5727
Epoch: 10, Batch: 170, Acc: 38.02%, Loss: 2.5904
Epoch: 10, Batch: 180, Acc: 37.86%, Loss: 2.6674
Epoch: 10, Batch: 190, Acc: 37.89%, Loss: 2.4385
Epoch: 10, Batch: 200, Acc: 37.81%, Loss: 2.7812
Epoch: 10, Batch: 210, Acc: 37.86%, Loss: 2.6240
Epoch: 10, Batch: 220, Acc: 37.86%, Loss: 2.6555
Epoch: 10, Batch: 230, Acc: 38.00%, Loss: 2.7194
Epoch: 10, Batch: 240, Acc: 37.89%, Loss: 2.6301
Epoch: 10, Batch: 250, Acc: 37.81%, Loss: 2.5195
Accuracy on test set: 41.16%
  [Run 1 | eps=0.1 | random | q-detection | GPU 1] Training Time: 14069.47s  Best Acc: 41.16%

  [Run 1 | eps=0.1 | random | q-detection | GPU 1] Evaluating final model on clean test data...
  Accuracy    : 0.4116
  Loss        : 2.4091
  Precision   : 0.4185
  Recall      : 0.4193
  F1          : 0.4189
  Fpr         : 0.0267
  Fnr         : 0.5807
  Roc_auc     : 0.8876
  Pr_auc      : 0.4323
  Asr         : 3.1677
Metrics saved to eps0.1/qmlp-az-quid-run1-layer50_quid_eps0.1_random_qdetection.csv
  [Run 1 | eps=0.1 | random | q-detection | GPU 1] Done. Saved → eps0.1/qmlp-az-quid-run1-layer50-noiseless-Amplitude_eps0.1_random_qdetection.pt

====================================================================
 [Run 1 | eps=0.3 | quid | none | GPU 0]
====================================================================
  [Run 1 | eps=0.3 | quid | none | GPU 0] Stratified subset: 16100 samples (700 per class max, from 184342 total)
  [QUID] Computing density matrices for 4830 poisoned samples ...
  [QUID] Density matrices done in 7.0s
  [QUID] Assigning adversarial labels ...
  [QUID] Label assignment done in 274.0s
  [QUID] Labels changed: 4830/4830
  [Run 1 | eps=0.3 | quid | none | GPU 0] Poisoned: 4830/16100
Epoch: 1, Batch: 10, Acc: 2.34%, Loss: 3.1857
Epoch: 1, Batch: 20, Acc: 2.73%, Loss: 3.1641
Epoch: 1, Batch: 30, Acc: 2.76%, Loss: 3.1640
Epoch: 1, Batch: 40, Acc: 3.40%, Loss: 3.1502
Epoch: 1, Batch: 50, Acc: 3.81%, Loss: 3.1382
Epoch: 1, Batch: 60, Acc: 4.11%, Loss: 3.1328
Epoch: 1, Batch: 70, Acc: 4.42%, Loss: 3.1237
Epoch: 1, Batch: 80, Acc: 4.51%, Loss: 3.1244
Epoch: 1, Batch: 90, Acc: 4.91%, Loss: 3.0966
Epoch: 1, Batch: 100, Acc: 5.19%, Loss: 3.1012
Epoch: 1, Batch: 110, Acc: 5.16%, Loss: 3.1040
Epoch: 1, Batch: 120, Acc: 5.40%, Loss: 3.0798
Epoch: 1, Batch: 130, Acc: 5.75%, Loss: 3.0696
Epoch: 1, Batch: 140, Acc: 6.14%, Loss: 3.0565
Epoch: 1, Batch: 150, Acc: 6.33%, Loss: 3.0512
Epoch: 1, Batch: 160, Acc: 6.63%, Loss: 3.0268
Epoch: 1, Batch: 170, Acc: 7.10%, Loss: 3.0232
Epoch: 1, Batch: 180, Acc: 7.50%, Loss: 3.0147
Epoch: 1, Batch: 190, Acc: 8.11%, Loss: 3.0072
Epoch: 1, Batch: 200, Acc: 8.72%, Loss: 3.0018
Epoch: 1, Batch: 210, Acc: 9.47%, Loss: 2.9796
Epoch: 1, Batch: 220, Acc: 10.10%, Loss: 2.9811
Epoch: 1, Batch: 230, Acc: 11.05%, Loss: 2.9604
Epoch: 1, Batch: 240, Acc: 11.78%, Loss: 2.9510
Epoch: 1, Batch: 250, Acc: 12.47%, Loss: 2.9490
Accuracy on test set: 8.45%
Epoch: 2, Batch: 10, Acc: 31.09%, Loss: 2.9019
Epoch: 2, Batch: 20, Acc: 28.12%, Loss: 2.9580
Epoch: 2, Batch: 30, Acc: 27.97%, Loss: 2.9266
Epoch: 2, Batch: 40, Acc: 28.44%, Loss: 2.9096
Epoch: 2, Batch: 50, Acc: 29.47%, Loss: 2.9027
Epoch: 2, Batch: 60, Acc: 30.18%, Loss: 2.8667
Epoch: 2, Batch: 70, Acc: 30.13%, Loss: 2.8893
Epoch: 2, Batch: 80, Acc: 30.49%, Loss: 2.8572
Epoch: 2, Batch: 90, Acc: 30.23%, Loss: 2.8779
Epoch: 2, Batch: 100, Acc: 30.44%, Loss: 2.8441
Epoch: 2, Batch: 110, Acc: 30.23%, Loss: 2.8844
Epoch: 2, Batch: 120, Acc: 30.46%, Loss: 2.8129
Epoch: 2, Batch: 130, Acc: 30.31%, Loss: 2.8559
Epoch: 2, Batch: 140, Acc: 30.51%, Loss: 2.8157
Epoch: 2, Batch: 150, Acc: 30.65%, Loss: 2.8034
Epoch: 2, Batch: 160, Acc: 30.76%, Loss: 2.7821
Epoch: 2, Batch: 170, Acc: 30.74%, Loss: 2.8071
Epoch: 2, Batch: 180, Acc: 30.86%, Loss: 2.7945
Epoch: 2, Batch: 190, Acc: 30.73%, Loss: 2.7961
Epoch: 2, Batch: 200, Acc: 30.75%, Loss: 2.7818
Epoch: 2, Batch: 210, Acc: 30.60%, Loss: 2.8404
Epoch: 2, Batch: 220, Acc: 30.68%, Loss: 2.7376
Epoch: 2, Batch: 230, Acc: 30.66%, Loss: 2.7683
Epoch: 2, Batch: 240, Acc: 30.74%, Loss: 2.7337
Epoch: 2, Batch: 250, Acc: 30.89%, Loss: 2.7287
Accuracy on test set: 4.88%
Epoch: 3, Batch: 10, Acc: 32.50%, Loss: 2.7172
Epoch: 3, Batch: 20, Acc: 31.72%, Loss: 2.7226
Epoch: 3, Batch: 30, Acc: 30.62%, Loss: 2.7759
Epoch: 3, Batch: 40, Acc: 30.66%, Loss: 2.7463
Epoch: 3, Batch: 50, Acc: 30.59%, Loss: 2.7324
Epoch: 3, Batch: 60, Acc: 30.94%, Loss: 2.7050
Epoch: 3, Batch: 70, Acc: 31.27%, Loss: 2.6817
Epoch: 3, Batch: 80, Acc: 31.09%, Loss: 2.7587
Epoch: 3, Batch: 90, Acc: 31.11%, Loss: 2.6982
Epoch: 3, Batch: 100, Acc: 30.95%, Loss: 2.7382
Epoch: 3, Batch: 110, Acc: 30.85%, Loss: 2.7126
Epoch: 3, Batch: 120, Acc: 31.09%, Loss: 2.6704
Epoch: 3, Batch: 130, Acc: 30.96%, Loss: 2.7139
Epoch: 3, Batch: 140, Acc: 30.89%, Loss: 2.6912
Epoch: 3, Batch: 150, Acc: 30.97%, Loss: 2.6899
Epoch: 3, Batch: 160, Acc: 31.25%, Loss: 2.6438
Epoch: 3, Batch: 170, Acc: 31.23%, Loss: 2.6848
Epoch: 3, Batch: 180, Acc: 31.22%, Loss: 2.7025
Epoch: 3, Batch: 190, Acc: 31.05%, Loss: 2.7013
Epoch: 3, Batch: 200, Acc: 31.01%, Loss: 2.7186
Epoch: 3, Batch: 210, Acc: 31.03%, Loss: 2.6539
Epoch: 3, Batch: 220, Acc: 31.26%, Loss: 2.6025
Epoch: 3, Batch: 230, Acc: 31.15%, Loss: 2.7123
Epoch: 3, Batch: 240, Acc: 31.11%, Loss: 2.6305
Epoch: 3, Batch: 250, Acc: 31.02%, Loss: 2.6824
Accuracy on test set: 4.88%
Epoch: 4, Batch: 10, Acc: 31.56%, Loss: 2.6377
Epoch: 4, Batch: 20, Acc: 30.16%, Loss: 2.6748
Epoch: 4, Batch: 30, Acc: 31.20%, Loss: 2.6154
Epoch: 4, Batch: 40, Acc: 30.55%, Loss: 2.6885
Epoch: 4, Batch: 50, Acc: 30.75%, Loss: 2.6418
Epoch: 4, Batch: 60, Acc: 30.47%, Loss: 2.6736
Epoch: 4, Batch: 70, Acc: 30.22%, Loss: 2.6669
Epoch: 4, Batch: 80, Acc: 30.35%, Loss: 2.6518
Epoch: 4, Batch: 90, Acc: 30.28%, Loss: 2.6576
Epoch: 4, Batch: 100, Acc: 30.56%, Loss: 2.5994
Epoch: 4, Batch: 110, Acc: 30.78%, Loss: 2.5719
Epoch: 4, Batch: 120, Acc: 30.79%, Loss: 2.6013
Epoch: 4, Batch: 130, Acc: 30.73%, Loss: 2.6279
Epoch: 4, Batch: 140, Acc: 30.71%, Loss: 2.6160
Epoch: 4, Batch: 150, Acc: 30.94%, Loss: 2.5851
Epoch: 4, Batch: 160, Acc: 30.93%, Loss: 2.6160
Epoch: 4, Batch: 170, Acc: 30.87%, Loss: 2.6289
Epoch: 4, Batch: 180, Acc: 30.76%, Loss: 2.6188
Epoch: 4, Batch: 190, Acc: 30.67%, Loss: 2.6401
Epoch: 4, Batch: 200, Acc: 30.77%, Loss: 2.5469
Epoch: 4, Batch: 210, Acc: 30.83%, Loss: 2.5900
Epoch: 4, Batch: 220, Acc: 30.84%, Loss: 2.6153
Epoch: 4, Batch: 230, Acc: 30.72%, Loss: 2.6341
Epoch: 4, Batch: 240, Acc: 30.79%, Loss: 2.5475
Epoch: 4, Batch: 250, Acc: 31.01%, Loss: 2.4823
Accuracy on test set: 4.88%
Epoch: 5, Batch: 10, Acc: 31.25%, Loss: 2.5940
Epoch: 5, Batch: 20, Acc: 31.56%, Loss: 2.5959
Epoch: 5, Batch: 30, Acc: 32.03%, Loss: 2.5755
Epoch: 5, Batch: 40, Acc: 31.29%, Loss: 2.6033
Epoch: 5, Batch: 50, Acc: 30.91%, Loss: 2.6008
Epoch: 5, Batch: 60, Acc: 31.35%, Loss: 2.5282
Epoch: 5, Batch: 70, Acc: 31.34%, Loss: 2.5779
Epoch: 5, Batch: 80, Acc: 31.05%, Loss: 2.5801
Epoch: 5, Batch: 90, Acc: 30.82%, Loss: 2.5926
Epoch: 5, Batch: 100, Acc: 30.88%, Loss: 2.5708
Epoch: 5, Batch: 110, Acc: 31.08%, Loss: 2.5217
Epoch: 5, Batch: 120, Acc: 30.96%, Loss: 2.5400
Epoch: 5, Batch: 130, Acc: 30.99%, Loss: 2.5615
Epoch: 5, Batch: 140, Acc: 30.96%, Loss: 2.5230
Epoch: 5, Batch: 150, Acc: 30.92%, Loss: 2.5703
Epoch: 5, Batch: 160, Acc: 30.90%, Loss: 2.5614
Epoch: 5, Batch: 170, Acc: 30.96%, Loss: 2.5038
Epoch: 5, Batch: 180, Acc: 30.94%, Loss: 2.5546
Epoch: 5, Batch: 190, Acc: 31.00%, Loss: 2.5263
Epoch: 5, Batch: 200, Acc: 31.02%, Loss: 2.5557
Epoch: 5, Batch: 210, Acc: 30.97%, Loss: 2.5594
Epoch: 5, Batch: 220, Acc: 31.08%, Loss: 2.4747
Epoch: 5, Batch: 230, Acc: 31.14%, Loss: 2.4984
Epoch: 5, Batch: 240, Acc: 31.22%, Loss: 2.4883
Epoch: 5, Batch: 250, Acc: 31.15%, Loss: 2.5478
Accuracy on test set: 6.25%
Epoch: 6, Batch: 10, Acc: 33.12%, Loss: 2.4829
Epoch: 6, Batch: 20, Acc: 32.97%, Loss: 2.4850
Epoch: 6, Batch: 30, Acc: 32.24%, Loss: 2.5229
Epoch: 6, Batch: 40, Acc: 32.58%, Loss: 2.5090
Epoch: 6, Batch: 50, Acc: 32.28%, Loss: 2.5153
Epoch: 6, Batch: 60, Acc: 32.50%, Loss: 2.4899
Epoch: 6, Batch: 70, Acc: 32.23%, Loss: 2.5507
Epoch: 6, Batch: 80, Acc: 32.46%, Loss: 2.5098
Epoch: 6, Batch: 90, Acc: 32.34%, Loss: 2.4938
Epoch: 6, Batch: 100, Acc: 32.55%, Loss: 2.4731
Epoch: 6, Batch: 110, Acc: 32.57%, Loss: 2.4898
Epoch: 6, Batch: 120, Acc: 32.71%, Loss: 2.4818
Epoch: 6, Batch: 130, Acc: 32.88%, Loss: 2.4280
Epoch: 6, Batch: 140, Acc: 32.94%, Loss: 2.4613
Epoch: 6, Batch: 150, Acc: 32.89%, Loss: 2.4933
Epoch: 6, Batch: 160, Acc: 32.77%, Loss: 2.5239
Epoch: 6, Batch: 170, Acc: 32.78%, Loss: 2.4705
Epoch: 6, Batch: 180, Acc: 32.72%, Loss: 2.5332
Epoch: 6, Batch: 190, Acc: 32.78%, Loss: 2.4322
Epoch: 6, Batch: 200, Acc: 32.85%, Loss: 2.4528
Epoch: 6, Batch: 210, Acc: 32.72%, Loss: 2.5402
Epoch: 6, Batch: 220, Acc: 32.71%, Loss: 2.4983
Epoch: 6, Batch: 230, Acc: 32.73%, Loss: 2.5000
Epoch: 6, Batch: 240, Acc: 32.66%, Loss: 2.5199
Epoch: 6, Batch: 250, Acc: 32.54%, Loss: 2.5246
Accuracy on test set: 10.73%
Epoch: 7, Batch: 10, Acc: 32.81%, Loss: 2.4693
Epoch: 7, Batch: 20, Acc: 33.36%, Loss: 2.4241
Epoch: 7, Batch: 30, Acc: 32.66%, Loss: 2.4870
Epoch: 7, Batch: 40, Acc: 32.62%, Loss: 2.4716
Epoch: 7, Batch: 50, Acc: 32.66%, Loss: 2.4558
Epoch: 7, Batch: 60, Acc: 32.32%, Loss: 2.5021
Epoch: 7, Batch: 70, Acc: 32.54%, Loss: 2.4235
Epoch: 7, Batch: 80, Acc: 32.54%, Loss: 2.4955
Epoch: 7, Batch: 90, Acc: 32.69%, Loss: 2.4329
Epoch: 7, Batch: 100, Acc: 32.94%, Loss: 2.4482
Epoch: 7, Batch: 110, Acc: 33.14%, Loss: 2.4134
Epoch: 7, Batch: 120, Acc: 33.31%, Loss: 2.4012
Epoch: 7, Batch: 130, Acc: 33.25%, Loss: 2.4709
Epoch: 7, Batch: 140, Acc: 33.09%, Loss: 2.4511
Epoch: 7, Batch: 150, Acc: 32.98%, Loss: 2.4560
Epoch: 7, Batch: 160, Acc: 33.03%, Loss: 2.4462
Epoch: 7, Batch: 170, Acc: 32.99%, Loss: 2.4605
Epoch: 7, Batch: 180, Acc: 32.84%, Loss: 2.4907
Epoch: 7, Batch: 190, Acc: 33.03%, Loss: 2.3690
Epoch: 7, Batch: 200, Acc: 33.03%, Loss: 2.4506
Epoch: 7, Batch: 210, Acc: 33.24%, Loss: 2.3649
Epoch: 7, Batch: 220, Acc: 33.29%, Loss: 2.4230
Epoch: 7, Batch: 230, Acc: 33.15%, Loss: 2.4625
Epoch: 7, Batch: 240, Acc: 33.22%, Loss: 2.3712
Epoch: 7, Batch: 250, Acc: 33.13%, Loss: 2.4573
Accuracy on test set: 10.93%
Epoch: 8, Batch: 10, Acc: 32.66%, Loss: 2.4036
Epoch: 8, Batch: 20, Acc: 32.34%, Loss: 2.4275
Epoch: 8, Batch: 30, Acc: 32.97%, Loss: 2.4193
Epoch: 8, Batch: 40, Acc: 33.16%, Loss: 2.3938
Epoch: 8, Batch: 50, Acc: 33.25%, Loss: 2.3814
Epoch: 8, Batch: 60, Acc: 33.67%, Loss: 2.3455
Epoch: 8, Batch: 70, Acc: 33.28%, Loss: 2.4786
Epoch: 8, Batch: 80, Acc: 33.22%, Loss: 2.4123
Epoch: 8, Batch: 90, Acc: 33.04%, Loss: 2.4525
Epoch: 8, Batch: 100, Acc: 33.08%, Loss: 2.3671
Epoch: 8, Batch: 110, Acc: 33.04%, Loss: 2.4100
Epoch: 8, Batch: 120, Acc: 33.11%, Loss: 2.3783
Epoch: 8, Batch: 130, Acc: 33.00%, Loss: 2.4294
Epoch: 8, Batch: 140, Acc: 33.00%, Loss: 2.3790
Epoch: 8, Batch: 150, Acc: 32.81%, Loss: 2.4493
Epoch: 8, Batch: 160, Acc: 32.89%, Loss: 2.3700
Epoch: 8, Batch: 170, Acc: 33.02%, Loss: 2.3935
Epoch: 8, Batch: 180, Acc: 32.95%, Loss: 2.4375
Epoch: 8, Batch: 190, Acc: 33.17%, Loss: 2.3434
Epoch: 8, Batch: 200, Acc: 33.20%, Loss: 2.3644
Epoch: 8, Batch: 210, Acc: 33.22%, Loss: 2.3920
Epoch: 8, Batch: 220, Acc: 33.29%, Loss: 2.3564
Epoch: 8, Batch: 230, Acc: 33.28%, Loss: 2.3424
Epoch: 8, Batch: 240, Acc: 33.20%, Loss: 2.4293
Epoch: 8, Batch: 250, Acc: 33.28%, Loss: 2.3771
Accuracy on test set: 11.26%
Epoch: 9, Batch: 10, Acc: 36.25%, Loss: 2.3355
Epoch: 9, Batch: 20, Acc: 35.16%, Loss: 2.3514
Epoch: 9, Batch: 30, Acc: 35.10%, Loss: 2.3313
Epoch: 9, Batch: 40, Acc: 35.04%, Loss: 2.3310
Epoch: 9, Batch: 50, Acc: 34.66%, Loss: 2.3797
Epoch: 9, Batch: 60, Acc: 34.27%, Loss: 2.3697
Epoch: 9, Batch: 70, Acc: 34.13%, Loss: 2.3498
Epoch: 9, Batch: 80, Acc: 33.96%, Loss: 2.3835
Epoch: 9, Batch: 90, Acc: 33.87%, Loss: 2.3592
Epoch: 9, Batch: 100, Acc: 33.64%, Loss: 2.3810
Epoch: 9, Batch: 110, Acc: 33.61%, Loss: 2.3438
Epoch: 9, Batch: 120, Acc: 33.49%, Loss: 2.4084
Epoch: 9, Batch: 130, Acc: 33.59%, Loss: 2.3223
Epoch: 9, Batch: 140, Acc: 33.37%, Loss: 2.4294
Epoch: 9, Batch: 150, Acc: 33.45%, Loss: 2.3167
Epoch: 9, Batch: 160, Acc: 33.54%, Loss: 2.3409
Epoch: 9, Batch: 170, Acc: 33.42%, Loss: 2.4019
Epoch: 9, Batch: 180, Acc: 33.37%, Loss: 2.3525
Epoch: 9, Batch: 190, Acc: 33.19%, Loss: 2.3973
Epoch: 9, Batch: 200, Acc: 33.34%, Loss: 2.2746
Epoch: 9, Batch: 210, Acc: 33.42%, Loss: 2.3019
Epoch: 9, Batch: 220, Acc: 33.47%, Loss: 2.3522
Epoch: 9, Batch: 230, Acc: 33.39%, Loss: 2.3489
Epoch: 9, Batch: 240, Acc: 33.46%, Loss: 2.3202
Epoch: 9, Batch: 250, Acc: 33.51%, Loss: 2.3445
Accuracy on test set: 11.89%
Epoch: 10, Batch: 10, Acc: 32.19%, Loss: 2.3518
Epoch: 10, Batch: 20, Acc: 32.50%, Loss: 2.3212
Epoch: 10, Batch: 30, Acc: 32.97%, Loss: 2.3528
Epoch: 10, Batch: 40, Acc: 33.95%, Loss: 2.2826
Epoch: 10, Batch: 50, Acc: 34.12%, Loss: 2.2913
Epoch: 10, Batch: 60, Acc: 34.01%, Loss: 2.2957
Epoch: 10, Batch: 70, Acc: 34.31%, Loss: 2.2454
Epoch: 10, Batch: 80, Acc: 34.34%, Loss: 2.3187
Epoch: 10, Batch: 90, Acc: 34.50%, Loss: 2.3007
Epoch: 10, Batch: 100, Acc: 34.42%, Loss: 2.3437
Epoch: 10, Batch: 110, Acc: 34.46%, Loss: 2.3260
Epoch: 10, Batch: 120, Acc: 34.26%, Loss: 2.3190
Epoch: 10, Batch: 130, Acc: 34.25%, Loss: 2.2899
Epoch: 10, Batch: 140, Acc: 34.21%, Loss: 2.3197
Epoch: 10, Batch: 150, Acc: 34.10%, Loss: 2.3154
Epoch: 10, Batch: 160, Acc: 33.97%, Loss: 2.3394
Epoch: 10, Batch: 170, Acc: 34.02%, Loss: 2.2733
Epoch: 10, Batch: 180, Acc: 33.92%, Loss: 2.3533
Epoch: 10, Batch: 190, Acc: 34.01%, Loss: 2.2976
Epoch: 10, Batch: 200, Acc: 33.92%, Loss: 2.3699
Epoch: 10, Batch: 210, Acc: 33.86%, Loss: 2.3039
Epoch: 10, Batch: 220, Acc: 33.77%, Loss: 2.3577
Epoch: 10, Batch: 230, Acc: 33.85%, Loss: 2.2324
Epoch: 10, Batch: 240, Acc: 33.85%, Loss: 2.3292
Epoch: 10, Batch: 250, Acc: 33.85%, Loss: 2.3190
Accuracy on test set: 13.05%
  [Run 1 | eps=0.3 | quid | none | GPU 0] Training Time: 6426.06s  Best Acc: 13.05%

  [Run 1 | eps=0.3 | quid | none | GPU 0] Evaluating final model on clean test data...
  Accuracy    : 0.1305
  Loss        : 2.6904
  Precision   : 0.2220
  Recall      : 0.1181
  F1          : 0.1542
  Fpr         : 0.0397
  Fnr         : 0.8819
  Roc_auc     : 0.8686
  Pr_auc      : 0.4116
  Asr         : 86.2319
Metrics saved to eps0.3/qmlp-az-quid-run1-layer50_quid_eps0.3_quid_none.csv
  [Run 1 | eps=0.3 | quid | none | GPU 0] Done. Saved → eps0.3/qmlp-az-quid-run1-layer50-noiseless-Amplitude_eps0.3_quid_none.pt

====================================================================
 [Run 1 | eps=0.3 | quid | q-detection | GPU 1]
====================================================================
  [Run 1 | eps=0.3 | quid | q-detection | GPU 1] Stratified subset: 16100 samples (700 per class max, from 184342 total)
  [QUID] Computing density matrices for 4830 poisoned samples ...
  [QUID] Density matrices done in 7.0s
  [QUID] Assigning adversarial labels ...
  [QUID] Label assignment done in 292.8s
  [QUID] Labels changed: 4830/4830
  [Run 1 | eps=0.3 | quid | q-detection | GPU 1] Poisoned: 4830/16100
  [Run 1 | eps=0.3 | quid | q-detection | GPU 1] J matrix: 16100x16100 (2074 MB)
Epoch: 1, Batch: 10, Acc: 2.50%, Loss: 3.1582
Epoch: 1, Batch: 20, Acc: 2.73%, Loss: 3.1391
Epoch: 1, Batch: 30, Acc: 2.76%, Loss: 3.1362
Epoch: 1, Batch: 40, Acc: 3.28%, Loss: 3.1200
Epoch: 1, Batch: 50, Acc: 3.75%, Loss: 3.1119
Epoch: 1, Batch: 60, Acc: 4.06%, Loss: 3.1030
Epoch: 1, Batch: 70, Acc: 4.44%, Loss: 3.0950
Epoch: 1, Batch: 80, Acc: 4.53%, Loss: 3.1016
Epoch: 1, Batch: 90, Acc: 4.72%, Loss: 3.0669
Epoch: 1, Batch: 100, Acc: 4.84%, Loss: 3.0722
Epoch: 1, Batch: 110, Acc: 4.83%, Loss: 3.0780
Epoch: 1, Batch: 120, Acc: 5.07%, Loss: 3.0547
Epoch: 1, Batch: 130, Acc: 5.29%, Loss: 3.0342
Epoch: 1, Batch: 140, Acc: 5.69%, Loss: 3.0213
Epoch: 1, Batch: 150, Acc: 5.95%, Loss: 3.0161
Epoch: 1, Batch: 160, Acc: 6.16%, Loss: 2.9819
Epoch: 1, Batch: 170, Acc: 6.35%, Loss: 2.9847
Epoch: 1, Batch: 180, Acc: 6.57%, Loss: 2.9671
Epoch: 1, Batch: 190, Acc: 6.74%, Loss: 2.9561
Epoch: 1, Batch: 200, Acc: 6.95%, Loss: 2.9397
Epoch: 1, Batch: 210, Acc: 7.25%, Loss: 2.9167
Epoch: 1, Batch: 220, Acc: 7.55%, Loss: 2.9096
Epoch: 1, Batch: 230, Acc: 8.01%, Loss: 2.8973
Epoch: 1, Batch: 240, Acc: 8.40%, Loss: 2.8901
Epoch: 1, Batch: 250, Acc: 8.82%, Loss: 2.8690
Accuracy on test set: 9.32%
Epoch: 2, Batch: 10, Acc: 23.44%, Loss: 2.8309
Epoch: 2, Batch: 20, Acc: 22.89%, Loss: 2.8780
Epoch: 2, Batch: 30, Acc: 23.33%, Loss: 2.8466
Epoch: 2, Batch: 40, Acc: 23.63%, Loss: 2.8314
Epoch: 2, Batch: 50, Acc: 24.75%, Loss: 2.8454
Epoch: 2, Batch: 60, Acc: 25.89%, Loss: 2.7906
Epoch: 2, Batch: 70, Acc: 26.29%, Loss: 2.8167
Epoch: 2, Batch: 80, Acc: 27.09%, Loss: 2.7690
Epoch: 2, Batch: 90, Acc: 27.17%, Loss: 2.7680
Epoch: 2, Batch: 100, Acc: 27.67%, Loss: 2.7564
Epoch: 2, Batch: 110, Acc: 27.73%, Loss: 2.8088
Epoch: 2, Batch: 120, Acc: 28.24%, Loss: 2.6984
Epoch: 2, Batch: 130, Acc: 28.34%, Loss: 2.7714
Epoch: 2, Batch: 140, Acc: 28.75%, Loss: 2.7130
Epoch: 2, Batch: 150, Acc: 29.12%, Loss: 2.6893
Epoch: 2, Batch: 160, Acc: 29.38%, Loss: 2.6588
Epoch: 2, Batch: 170, Acc: 29.54%, Loss: 2.6887
Epoch: 2, Batch: 180, Acc: 29.77%, Loss: 2.7062
Epoch: 2, Batch: 190, Acc: 29.78%, Loss: 2.6760
Epoch: 2, Batch: 200, Acc: 29.87%, Loss: 2.6809
Epoch: 2, Batch: 210, Acc: 29.78%, Loss: 2.7431
Epoch: 2, Batch: 220, Acc: 29.88%, Loss: 2.5906
Epoch: 2, Batch: 230, Acc: 29.89%, Loss: 2.6531
Epoch: 2, Batch: 240, Acc: 30.04%, Loss: 2.6174
Epoch: 2, Batch: 250, Acc: 30.24%, Loss: 2.6425
Accuracy on test set: 4.88%
Epoch: 3, Batch: 10, Acc: 32.50%, Loss: 2.6723
Epoch: 3, Batch: 20, Acc: 31.72%, Loss: 2.6259
Epoch: 3, Batch: 30, Acc: 30.62%, Loss: 2.6848
Epoch: 3, Batch: 40, Acc: 30.66%, Loss: 2.6266
Epoch: 3, Batch: 50, Acc: 30.59%, Loss: 2.6378
Epoch: 3, Batch: 60, Acc: 30.94%, Loss: 2.6415
Epoch: 3, Batch: 70, Acc: 31.27%, Loss: 2.5949
Epoch: 3, Batch: 80, Acc: 31.09%, Loss: 2.6593
Epoch: 3, Batch: 90, Acc: 31.11%, Loss: 2.5708
Epoch: 3, Batch: 100, Acc: 30.95%, Loss: 2.6428
Epoch: 3, Batch: 110, Acc: 30.85%, Loss: 2.6136
Epoch: 3, Batch: 120, Acc: 31.09%, Loss: 2.5640
Epoch: 3, Batch: 130, Acc: 30.96%, Loss: 2.6231
Epoch: 3, Batch: 140, Acc: 30.89%, Loss: 2.5757
Epoch: 3, Batch: 150, Acc: 30.97%, Loss: 2.6098
Epoch: 3, Batch: 160, Acc: 31.25%, Loss: 2.5914
Epoch: 3, Batch: 170, Acc: 31.23%, Loss: 2.5987
Epoch: 3, Batch: 180, Acc: 31.22%, Loss: 2.6400
Epoch: 3, Batch: 190, Acc: 31.05%, Loss: 2.6051
Epoch: 3, Batch: 200, Acc: 31.01%, Loss: 2.6806
Epoch: 3, Batch: 210, Acc: 31.03%, Loss: 2.5421
Epoch: 3, Batch: 220, Acc: 31.26%, Loss: 2.5785
Epoch: 3, Batch: 230, Acc: 31.15%, Loss: 2.5558
Epoch: 3, Batch: 240, Acc: 31.11%, Loss: 2.5235
Epoch: 3, Batch: 250, Acc: 31.02%, Loss: 2.5641
Accuracy on test set: 4.88%
Epoch: 4, Batch: 10, Acc: 31.56%, Loss: 2.4654
Epoch: 4, Batch: 20, Acc: 30.16%, Loss: 2.6315
Epoch: 4, Batch: 30, Acc: 31.20%, Loss: 2.6056
Epoch: 4, Batch: 40, Acc: 30.55%, Loss: 2.6276
Epoch: 4, Batch: 50, Acc: 30.75%, Loss: 2.6137
Epoch: 4, Batch: 60, Acc: 30.47%, Loss: 2.6404
Epoch: 4, Batch: 70, Acc: 30.22%, Loss: 2.7225
Epoch: 4, Batch: 80, Acc: 30.35%, Loss: 2.5656
Epoch: 4, Batch: 90, Acc: 30.28%, Loss: 2.5982
Epoch: 4, Batch: 100, Acc: 30.56%, Loss: 2.5314
Epoch: 4, Batch: 110, Acc: 30.78%, Loss: 2.6084
Epoch: 4, Batch: 120, Acc: 30.79%, Loss: 2.4004
Epoch: 4, Batch: 130, Acc: 30.73%, Loss: 2.5462
Epoch: 4, Batch: 140, Acc: 30.71%, Loss: 2.5164
Epoch: 4, Batch: 150, Acc: 30.94%, Loss: 2.5757
Epoch: 4, Batch: 160, Acc: 30.93%, Loss: 2.5544
Epoch: 4, Batch: 170, Acc: 30.87%, Loss: 2.6425
Epoch: 4, Batch: 180, Acc: 30.76%, Loss: 2.6184
Epoch: 4, Batch: 190, Acc: 30.67%, Loss: 2.6637
Epoch: 4, Batch: 200, Acc: 30.77%, Loss: 2.6095
Epoch: 4, Batch: 210, Acc: 30.83%, Loss: 2.5939
Epoch: 4, Batch: 220, Acc: 30.84%, Loss: 2.5980
Epoch: 4, Batch: 230, Acc: 30.72%, Loss: 2.5486
Epoch: 4, Batch: 240, Acc: 30.79%, Loss: 2.4705
Epoch: 4, Batch: 250, Acc: 31.01%, Loss: 2.5249
Accuracy on test set: 4.88%
Epoch: 5, Batch: 10, Acc: 31.25%, Loss: 2.6790
Epoch: 5, Batch: 20, Acc: 31.56%, Loss: 2.5188
Epoch: 5, Batch: 30, Acc: 32.03%, Loss: 2.5235
Epoch: 5, Batch: 40, Acc: 31.29%, Loss: 2.6716
Epoch: 5, Batch: 50, Acc: 30.91%, Loss: 2.4194
Epoch: 5, Batch: 60, Acc: 31.33%, Loss: 2.6118
Epoch: 5, Batch: 70, Acc: 31.25%, Loss: 2.5308
Epoch: 5, Batch: 80, Acc: 30.98%, Loss: 2.7562
Epoch: 5, Batch: 90, Acc: 30.75%, Loss: 2.6945
Epoch: 5, Batch: 100, Acc: 30.81%, Loss: 2.5079
Epoch: 5, Batch: 110, Acc: 31.02%, Loss: 2.6088
Epoch: 5, Batch: 120, Acc: 30.91%, Loss: 2.5739
Epoch: 5, Batch: 130, Acc: 30.93%, Loss: 2.6491
Epoch: 5, Batch: 140, Acc: 30.92%, Loss: 2.4356
Epoch: 5, Batch: 150, Acc: 30.85%, Loss: 2.4965
Epoch: 5, Batch: 160, Acc: 30.81%, Loss: 2.6512
Epoch: 5, Batch: 170, Acc: 30.88%, Loss: 2.3821
Epoch: 5, Batch: 180, Acc: 30.87%, Loss: 2.6753
Epoch: 5, Batch: 190, Acc: 30.94%, Loss: 2.4106
Epoch: 5, Batch: 200, Acc: 30.96%, Loss: 2.5895
Epoch: 5, Batch: 210, Acc: 30.91%, Loss: 2.5336
Epoch: 5, Batch: 220, Acc: 31.04%, Loss: 2.4002
Epoch: 5, Batch: 230, Acc: 31.13%, Loss: 2.4118
Epoch: 5, Batch: 240, Acc: 31.24%, Loss: 2.4862
Epoch: 5, Batch: 250, Acc: 31.16%, Loss: 2.5063
Accuracy on test set: 4.88%
Epoch: 6, Batch: 10, Acc: 32.19%, Loss: 2.4154
Epoch: 6, Batch: 20, Acc: 31.33%, Loss: 2.6750
Epoch: 6, Batch: 30, Acc: 30.73%, Loss: 2.7874
Epoch: 6, Batch: 40, Acc: 30.62%, Loss: 2.5133
Epoch: 6, Batch: 50, Acc: 30.44%, Loss: 2.4840
Epoch: 6, Batch: 60, Acc: 30.81%, Loss: 2.5729
Epoch: 6, Batch: 70, Acc: 30.54%, Loss: 2.6013
Epoch: 6, Batch: 80, Acc: 30.90%, Loss: 2.6574
Epoch: 6, Batch: 90, Acc: 30.85%, Loss: 2.4737
Epoch: 6, Batch: 100, Acc: 31.06%, Loss: 2.7289
Epoch: 6, Batch: 110, Acc: 31.11%, Loss: 2.5625
Epoch: 6, Batch: 120, Acc: 31.30%, Loss: 2.7190
Epoch: 6, Batch: 130, Acc: 31.49%, Loss: 2.4335
Epoch: 6, Batch: 140, Acc: 31.60%, Loss: 2.3602
Epoch: 6, Batch: 150, Acc: 31.64%, Loss: 2.4969
Epoch: 6, Batch: 160, Acc: 31.62%, Loss: 2.6968
Epoch: 6, Batch: 170, Acc: 31.66%, Loss: 2.6425
Epoch: 6, Batch: 180, Acc: 31.67%, Loss: 2.6137
Epoch: 6, Batch: 190, Acc: 31.84%, Loss: 2.6532
Epoch: 6, Batch: 200, Acc: 31.92%, Loss: 2.4255
Epoch: 6, Batch: 210, Acc: 31.84%, Loss: 2.6635
Epoch: 6, Batch: 220, Acc: 31.84%, Loss: 2.4637
Epoch: 6, Batch: 230, Acc: 31.85%, Loss: 2.3636
Epoch: 6, Batch: 240, Acc: 31.80%, Loss: 2.8848
Epoch: 6, Batch: 250, Acc: 31.68%, Loss: 2.5322
Accuracy on test set: 8.40%
Epoch: 7, Batch: 10, Acc: 32.19%, Loss: 3.0679
Epoch: 7, Batch: 20, Acc: 32.66%, Loss: 2.7542
Epoch: 7, Batch: 30, Acc: 31.98%, Loss: 2.6114
Epoch: 7, Batch: 40, Acc: 31.95%, Loss: 2.6652
Epoch: 7, Batch: 50, Acc: 32.03%, Loss: 2.6667
Epoch: 7, Batch: 60, Acc: 31.74%, Loss: 2.7312
Epoch: 7, Batch: 70, Acc: 31.79%, Loss: 2.3468
Epoch: 7, Batch: 80, Acc: 31.70%, Loss: 2.5566
Epoch: 7, Batch: 90, Acc: 31.88%, Loss: 2.7474
Epoch: 7, Batch: 100, Acc: 32.11%, Loss: 2.2390
Epoch: 7, Batch: 110, Acc: 32.32%, Loss: 2.6653
Epoch: 7, Batch: 120, Acc: 32.49%, Loss: 2.4220
Epoch: 7, Batch: 130, Acc: 32.42%, Loss: 2.5324
Epoch: 7, Batch: 140, Acc: 32.31%, Loss: 2.7696
Epoch: 7, Batch: 150, Acc: 32.28%, Loss: 2.8701
Epoch: 7, Batch: 160, Acc: 32.36%, Loss: 2.9645
Epoch: 7, Batch: 170, Acc: 32.39%, Loss: 2.3607
Epoch: 7, Batch: 180, Acc: 32.27%, Loss: 2.6733
Epoch: 7, Batch: 190, Acc: 32.48%, Loss: 2.6947
Epoch: 7, Batch: 200, Acc: 32.51%, Loss: 2.5369
Epoch: 7, Batch: 210, Acc: 32.75%, Loss: 2.6118
Epoch: 7, Batch: 220, Acc: 32.81%, Loss: 2.5191
Epoch: 7, Batch: 230, Acc: 32.69%, Loss: 2.4580
Epoch: 7, Batch: 240, Acc: 32.74%, Loss: 2.8319
Epoch: 7, Batch: 250, Acc: 32.62%, Loss: 2.6666
Accuracy on test set: 9.41%
Epoch: 8, Batch: 10, Acc: 32.34%, Loss: 2.3581
Epoch: 8, Batch: 20, Acc: 31.88%, Loss: 2.5170
Epoch: 8, Batch: 30, Acc: 32.40%, Loss: 2.7511
Epoch: 8, Batch: 40, Acc: 32.58%, Loss: 2.3112
Epoch: 8, Batch: 50, Acc: 32.72%, Loss: 2.9856
Epoch: 8, Batch: 60, Acc: 33.18%, Loss: 2.8589
Epoch: 8, Batch: 70, Acc: 32.77%, Loss: 2.4754
Epoch: 8, Batch: 80, Acc: 32.79%, Loss: 2.8819
Epoch: 8, Batch: 90, Acc: 32.67%, Loss: 2.6555
Epoch: 8, Batch: 100, Acc: 32.73%, Loss: 2.8206
Epoch: 8, Batch: 110, Acc: 32.74%, Loss: 2.4648
Epoch: 8, Batch: 120, Acc: 32.85%, Loss: 2.9962
Epoch: 8, Batch: 130, Acc: 32.75%, Loss: 2.6137
Epoch: 8, Batch: 140, Acc: 32.73%, Loss: 2.8198
Epoch: 8, Batch: 150, Acc: 32.57%, Loss: 2.6823
Epoch: 8, Batch: 160, Acc: 32.58%, Loss: 2.6195
Epoch: 8, Batch: 170, Acc: 32.69%, Loss: 2.5875
Epoch: 8, Batch: 180, Acc: 32.59%, Loss: 2.5502
Epoch: 8, Batch: 190, Acc: 32.78%, Loss: 2.2106
Epoch: 8, Batch: 200, Acc: 32.83%, Loss: 2.8301
Epoch: 8, Batch: 210, Acc: 32.87%, Loss: 2.2852
Epoch: 8, Batch: 220, Acc: 32.95%, Loss: 2.2615
Epoch: 8, Batch: 230, Acc: 32.93%, Loss: 2.5149
Epoch: 8, Batch: 240, Acc: 32.86%, Loss: 2.7667
Epoch: 8, Batch: 250, Acc: 32.94%, Loss: 2.8856
Accuracy on test set: 11.29%
Epoch: 9, Batch: 10, Acc: 36.56%, Loss: 2.7440
Epoch: 9, Batch: 20, Acc: 35.16%, Loss: 2.5242
Epoch: 9, Batch: 30, Acc: 35.10%, Loss: 2.7115
Epoch: 9, Batch: 40, Acc: 34.84%, Loss: 2.7032
Epoch: 9, Batch: 50, Acc: 34.38%, Loss: 2.5034
Epoch: 9, Batch: 60, Acc: 34.14%, Loss: 2.6282
Epoch: 9, Batch: 70, Acc: 34.08%, Loss: 2.4770
Epoch: 9, Batch: 80, Acc: 33.93%, Loss: 2.8717
Epoch: 9, Batch: 90, Acc: 33.87%, Loss: 2.5736
Epoch: 9, Batch: 100, Acc: 33.59%, Loss: 2.7089
Epoch: 9, Batch: 110, Acc: 33.51%, Loss: 2.7132
Epoch: 9, Batch: 120, Acc: 33.33%, Loss: 2.7186
Epoch: 9, Batch: 130, Acc: 33.46%, Loss: 2.8316
Epoch: 9, Batch: 140, Acc: 33.25%, Loss: 2.5673
Epoch: 9, Batch: 150, Acc: 33.28%, Loss: 2.4750
Epoch: 9, Batch: 160, Acc: 33.40%, Loss: 2.7921
Epoch: 9, Batch: 170, Acc: 33.32%, Loss: 2.7457
Epoch: 9, Batch: 180, Acc: 33.32%, Loss: 2.8328
Epoch: 9, Batch: 190, Acc: 33.20%, Loss: 2.8387
Epoch: 9, Batch: 200, Acc: 33.40%, Loss: 2.7446
Epoch: 9, Batch: 210, Acc: 33.50%, Loss: 2.4519
Epoch: 9, Batch: 220, Acc: 33.54%, Loss: 2.7271
Epoch: 9, Batch: 230, Acc: 33.53%, Loss: 2.6766
Epoch: 9, Batch: 240, Acc: 33.62%, Loss: 2.4570
Epoch: 9, Batch: 250, Acc: 33.68%, Loss: 2.8046
Accuracy on test set: 13.15%
Epoch: 10, Batch: 10, Acc: 33.59%, Loss: 2.8993
Epoch: 10, Batch: 20, Acc: 32.89%, Loss: 2.8151
Epoch: 10, Batch: 30, Acc: 33.28%, Loss: 2.6055
Epoch: 10, Batch: 40, Acc: 33.75%, Loss: 2.6816
Epoch: 10, Batch: 50, Acc: 34.34%, Loss: 2.7850
Epoch: 10, Batch: 60, Acc: 34.17%, Loss: 2.6330
Epoch: 10, Batch: 70, Acc: 34.42%, Loss: 2.4206
Epoch: 10, Batch: 80, Acc: 34.16%, Loss: 2.8005
Epoch: 10, Batch: 90, Acc: 34.38%, Loss: 2.8505
Epoch: 10, Batch: 100, Acc: 34.44%, Loss: 2.4724
Epoch: 10, Batch: 110, Acc: 34.43%, Loss: 2.6797
Epoch: 10, Batch: 120, Acc: 34.32%, Loss: 2.6498
Epoch: 10, Batch: 130, Acc: 34.47%, Loss: 2.8917
Epoch: 10, Batch: 140, Acc: 34.39%, Loss: 2.6680
Epoch: 10, Batch: 150, Acc: 34.34%, Loss: 2.3577
Epoch: 10, Batch: 160, Acc: 34.28%, Loss: 2.6716
Epoch: 10, Batch: 170, Acc: 34.30%, Loss: 2.6733
Epoch: 10, Batch: 180, Acc: 34.26%, Loss: 2.7593
Epoch: 10, Batch: 190, Acc: 34.33%, Loss: 2.6819
Epoch: 10, Batch: 200, Acc: 34.25%, Loss: 2.8171
Epoch: 10, Batch: 210, Acc: 34.30%, Loss: 2.7438
Epoch: 10, Batch: 220, Acc: 34.20%, Loss: 2.7990
Epoch: 10, Batch: 230, Acc: 34.27%, Loss: 2.7234
Epoch: 10, Batch: 240, Acc: 34.30%, Loss: 2.7844
Epoch: 10, Batch: 250, Acc: 34.25%, Loss: 2.7404
Accuracy on test set: 13.59%
  [Run 1 | eps=0.3 | quid | q-detection | GPU 1] Training Time: 13181.48s  Best Acc: 13.59%

  [Run 1 | eps=0.3 | quid | q-detection | GPU 1] Evaluating final model on clean test data...
  Accuracy    : 0.1359
  Loss        : 2.6738
  Precision   : 0.1867
  Recall      : 0.1364
  F1          : 0.1577
  Fpr         : 0.0395
  Fnr         : 0.8636
  Roc_auc     : 0.8615
  Pr_auc      : 0.3917
  Asr         : 82.1739
Metrics saved to eps0.3/qmlp-az-quid-run1-layer50_quid_eps0.3_quid_qdetection.csv
  [Run 1 | eps=0.3 | quid | q-detection | GPU 1] Done. Saved → eps0.3/qmlp-az-quid-run1-layer50-noiseless-Amplitude_eps0.3_quid_qdetection.pt

====================================================================
 [Run 1 | eps=0.3 | random | none | GPU 0]
====================================================================
  [Run 1 | eps=0.3 | random | none | GPU 0] Stratified subset: 16100 samples (700 per class max, from 184342 total)
  [Run 1 | eps=0.3 | random | none | GPU 0] Poisoned: 4830/16100
Epoch: 1, Batch: 10, Acc: 3.12%, Loss: 3.1690
Epoch: 1, Batch: 20, Acc: 3.75%, Loss: 3.1444
Epoch: 1, Batch: 30, Acc: 4.22%, Loss: 3.1409
Epoch: 1, Batch: 40, Acc: 4.34%, Loss: 3.1274
Epoch: 1, Batch: 50, Acc: 4.50%, Loss: 3.1393
Epoch: 1, Batch: 60, Acc: 4.61%, Loss: 3.1367
Epoch: 1, Batch: 70, Acc: 5.02%, Loss: 3.1232
Epoch: 1, Batch: 80, Acc: 5.10%, Loss: 3.1306
Epoch: 1, Batch: 90, Acc: 5.42%, Loss: 3.1148
Epoch: 1, Batch: 100, Acc: 5.61%, Loss: 3.1240
Epoch: 1, Batch: 110, Acc: 5.61%, Loss: 3.1172
Epoch: 1, Batch: 120, Acc: 5.65%, Loss: 3.1162
Epoch: 1, Batch: 130, Acc: 5.76%, Loss: 3.1107
Epoch: 1, Batch: 140, Acc: 5.87%, Loss: 3.1032
Epoch: 1, Batch: 150, Acc: 5.85%, Loss: 3.1079
Epoch: 1, Batch: 160, Acc: 6.01%, Loss: 3.0971
Epoch: 1, Batch: 170, Acc: 6.11%, Loss: 3.0976
Epoch: 1, Batch: 180, Acc: 6.25%, Loss: 3.1015
Epoch: 1, Batch: 190, Acc: 6.45%, Loss: 3.0953
Epoch: 1, Batch: 200, Acc: 6.58%, Loss: 3.0988
Epoch: 1, Batch: 210, Acc: 6.85%, Loss: 3.0762
Epoch: 1, Batch: 220, Acc: 7.14%, Loss: 3.0732
Epoch: 1, Batch: 230, Acc: 7.20%, Loss: 3.0816
Epoch: 1, Batch: 240, Acc: 7.31%, Loss: 3.0852
Epoch: 1, Batch: 250, Acc: 7.46%, Loss: 3.0671
Accuracy on test set: 14.87%
Epoch: 2, Batch: 10, Acc: 14.06%, Loss: 3.0527
Epoch: 2, Batch: 20, Acc: 12.42%, Loss: 3.0761
Epoch: 2, Batch: 30, Acc: 12.24%, Loss: 3.0676
Epoch: 2, Batch: 40, Acc: 12.50%, Loss: 3.0568
Epoch: 2, Batch: 50, Acc: 12.22%, Loss: 3.0745
Epoch: 2, Batch: 60, Acc: 12.53%, Loss: 3.0551
Epoch: 2, Batch: 70, Acc: 12.77%, Loss: 3.0520
Epoch: 2, Batch: 80, Acc: 13.34%, Loss: 3.0347
Epoch: 2, Batch: 90, Acc: 13.18%, Loss: 3.0640
Epoch: 2, Batch: 100, Acc: 13.14%, Loss: 3.0575
Epoch: 2, Batch: 110, Acc: 13.22%, Loss: 3.0385
Epoch: 2, Batch: 120, Acc: 13.32%, Loss: 3.0290
Epoch: 2, Batch: 130, Acc: 13.52%, Loss: 3.0421
Epoch: 2, Batch: 140, Acc: 13.62%, Loss: 3.0225
Epoch: 2, Batch: 150, Acc: 13.76%, Loss: 3.0204
Epoch: 2, Batch: 160, Acc: 13.76%, Loss: 3.0273
Epoch: 2, Batch: 170, Acc: 13.94%, Loss: 3.0230
Epoch: 2, Batch: 180, Acc: 14.05%, Loss: 3.0211
Epoch: 2, Batch: 190, Acc: 14.28%, Loss: 2.9803
Epoch: 2, Batch: 200, Acc: 14.43%, Loss: 3.0139
Epoch: 2, Batch: 210, Acc: 14.49%, Loss: 3.0302
Epoch: 2, Batch: 220, Acc: 14.61%, Loss: 3.0052
Epoch: 2, Batch: 230, Acc: 14.74%, Loss: 2.9996
Epoch: 2, Batch: 240, Acc: 14.87%, Loss: 2.9897
Epoch: 2, Batch: 250, Acc: 14.96%, Loss: 2.9937
Accuracy on test set: 24.27%
Epoch: 3, Batch: 10, Acc: 19.06%, Loss: 2.9774
Epoch: 3, Batch: 20, Acc: 18.91%, Loss: 2.9900
Epoch: 3, Batch: 30, Acc: 19.06%, Loss: 3.0022
Epoch: 3, Batch: 40, Acc: 19.10%, Loss: 2.9921
Epoch: 3, Batch: 50, Acc: 18.62%, Loss: 2.9933
Epoch: 3, Batch: 60, Acc: 18.83%, Loss: 2.9907
Epoch: 3, Batch: 70, Acc: 19.22%, Loss: 2.9630
Epoch: 3, Batch: 80, Acc: 19.14%, Loss: 2.9948
Epoch: 3, Batch: 90, Acc: 19.15%, Loss: 2.9747
Epoch: 3, Batch: 100, Acc: 19.16%, Loss: 2.9890
Epoch: 3, Batch: 110, Acc: 19.64%, Loss: 2.9706
Epoch: 3, Batch: 120, Acc: 19.86%, Loss: 2.9602
Epoch: 3, Batch: 130, Acc: 20.13%, Loss: 2.9477
Epoch: 3, Batch: 140, Acc: 20.56%, Loss: 2.9382
Epoch: 3, Batch: 150, Acc: 20.51%, Loss: 2.9849
Epoch: 3, Batch: 160, Acc: 20.46%, Loss: 2.9608
Epoch: 3, Batch: 170, Acc: 20.44%, Loss: 2.9656
Epoch: 3, Batch: 180, Acc: 20.57%, Loss: 2.9784
Epoch: 3, Batch: 190, Acc: 20.67%, Loss: 2.9333
Epoch: 3, Batch: 200, Acc: 20.62%, Loss: 2.9940
Epoch: 3, Batch: 210, Acc: 20.77%, Loss: 2.9433
Epoch: 3, Batch: 220, Acc: 20.92%, Loss: 2.9342
Epoch: 3, Batch: 230, Acc: 21.04%, Loss: 2.9595
Epoch: 3, Batch: 240, Acc: 21.24%, Loss: 2.9273
Epoch: 3, Batch: 250, Acc: 21.43%, Loss: 2.9227
Accuracy on test set: 33.60%
Epoch: 4, Batch: 10, Acc: 25.16%, Loss: 2.9339
Epoch: 4, Batch: 20, Acc: 25.47%, Loss: 2.9355
Epoch: 4, Batch: 30, Acc: 24.43%, Loss: 2.9470
Epoch: 4, Batch: 40, Acc: 24.84%, Loss: 2.9206
Epoch: 4, Batch: 50, Acc: 25.00%, Loss: 2.9420
Epoch: 4, Batch: 60, Acc: 25.47%, Loss: 2.9222
Epoch: 4, Batch: 70, Acc: 25.42%, Loss: 2.9238
Epoch: 4, Batch: 80, Acc: 25.10%, Loss: 2.9639
Epoch: 4, Batch: 90, Acc: 25.19%, Loss: 2.9338
Epoch: 4, Batch: 100, Acc: 25.11%, Loss: 2.9032
Epoch: 4, Batch: 110, Acc: 25.21%, Loss: 2.8821
Epoch: 4, Batch: 120, Acc: 25.29%, Loss: 2.9123
Epoch: 4, Batch: 130, Acc: 25.36%, Loss: 2.9240
Epoch: 4, Batch: 140, Acc: 25.65%, Loss: 2.8911
Epoch: 4, Batch: 150, Acc: 25.77%, Loss: 2.9092
Epoch: 4, Batch: 160, Acc: 25.76%, Loss: 2.9323
Epoch: 4, Batch: 170, Acc: 25.85%, Loss: 2.9242
Epoch: 4, Batch: 180, Acc: 25.87%, Loss: 2.9004
Epoch: 4, Batch: 190, Acc: 26.03%, Loss: 2.9229
Epoch: 4, Batch: 200, Acc: 26.05%, Loss: 2.9029
Epoch: 4, Batch: 210, Acc: 25.93%, Loss: 2.9158
Epoch: 4, Batch: 220, Acc: 25.97%, Loss: 2.9266
Epoch: 4, Batch: 230, Acc: 25.99%, Loss: 2.9243
Epoch: 4, Batch: 240, Acc: 26.06%, Loss: 2.8809
Epoch: 4, Batch: 250, Acc: 26.23%, Loss: 2.8651
Accuracy on test set: 36.79%
Epoch: 5, Batch: 10, Acc: 25.78%, Loss: 2.9240
Epoch: 5, Batch: 20, Acc: 27.03%, Loss: 2.9066
Epoch: 5, Batch: 30, Acc: 27.08%, Loss: 2.9030
Epoch: 5, Batch: 40, Acc: 27.81%, Loss: 2.8691
Epoch: 5, Batch: 50, Acc: 27.59%, Loss: 2.8786
Epoch: 5, Batch: 60, Acc: 27.58%, Loss: 2.8970
Epoch: 5, Batch: 70, Acc: 27.23%, Loss: 2.9079
Epoch: 5, Batch: 80, Acc: 27.19%, Loss: 2.8726
Epoch: 5, Batch: 90, Acc: 27.24%, Loss: 2.8886
Epoch: 5, Batch: 100, Acc: 27.27%, Loss: 2.8788
Epoch: 5, Batch: 110, Acc: 27.36%, Loss: 2.8605
Epoch: 5, Batch: 120, Acc: 27.70%, Loss: 2.8262
Epoch: 5, Batch: 130, Acc: 27.55%, Loss: 2.8712
Epoch: 5, Batch: 140, Acc: 27.57%, Loss: 2.8600
Epoch: 5, Batch: 150, Acc: 27.60%, Loss: 2.8956
Epoch: 5, Batch: 160, Acc: 27.58%, Loss: 2.8814
Epoch: 5, Batch: 170, Acc: 27.62%, Loss: 2.8409
Epoch: 5, Batch: 180, Acc: 27.65%, Loss: 2.8620
Epoch: 5, Batch: 190, Acc: 27.80%, Loss: 2.8653
Epoch: 5, Batch: 200, Acc: 27.67%, Loss: 2.8956
Epoch: 5, Batch: 210, Acc: 27.76%, Loss: 2.8737
Epoch: 5, Batch: 220, Acc: 27.90%, Loss: 2.8496
Epoch: 5, Batch: 230, Acc: 27.98%, Loss: 2.8339
Epoch: 5, Batch: 240, Acc: 28.03%, Loss: 2.8676
Epoch: 5, Batch: 250, Acc: 28.02%, Loss: 2.8715
Accuracy on test set: 38.50%
Epoch: 6, Batch: 10, Acc: 28.91%, Loss: 2.8146
Epoch: 6, Batch: 20, Acc: 28.83%, Loss: 2.8330
Epoch: 6, Batch: 30, Acc: 29.43%, Loss: 2.8137
Epoch: 6, Batch: 40, Acc: 29.96%, Loss: 2.8400
Epoch: 6, Batch: 50, Acc: 29.91%, Loss: 2.8398
Epoch: 6, Batch: 60, Acc: 29.58%, Loss: 2.8602
Epoch: 6, Batch: 70, Acc: 29.26%, Loss: 2.8499
Epoch: 6, Batch: 80, Acc: 28.89%, Loss: 2.8846
Epoch: 6, Batch: 90, Acc: 29.20%, Loss: 2.8162
Epoch: 6, Batch: 100, Acc: 29.12%, Loss: 2.8534
Epoch: 6, Batch: 110, Acc: 29.19%, Loss: 2.8401
Epoch: 6, Batch: 120, Acc: 29.23%, Loss: 2.8286
Epoch: 6, Batch: 130, Acc: 28.91%, Loss: 2.8723
Epoch: 6, Batch: 140, Acc: 28.86%, Loss: 2.8370
Epoch: 6, Batch: 150, Acc: 28.82%, Loss: 2.8247
Epoch: 6, Batch: 160, Acc: 28.74%, Loss: 2.8547
Epoch: 6, Batch: 170, Acc: 28.96%, Loss: 2.7837
Epoch: 6, Batch: 180, Acc: 28.64%, Loss: 2.9174
Epoch: 6, Batch: 190, Acc: 28.73%, Loss: 2.8207
Epoch: 6, Batch: 200, Acc: 28.85%, Loss: 2.7738
Epoch: 6, Batch: 210, Acc: 28.87%, Loss: 2.8678
Epoch: 6, Batch: 220, Acc: 28.89%, Loss: 2.8587
Epoch: 6, Batch: 230, Acc: 28.87%, Loss: 2.8319
Epoch: 6, Batch: 240, Acc: 28.90%, Loss: 2.8304
Epoch: 6, Batch: 250, Acc: 28.94%, Loss: 2.8259
Accuracy on test set: 39.96%
Epoch: 7, Batch: 10, Acc: 29.38%, Loss: 2.8148
Epoch: 7, Batch: 20, Acc: 29.77%, Loss: 2.8132
Epoch: 7, Batch: 30, Acc: 29.79%, Loss: 2.8167
Epoch: 7, Batch: 40, Acc: 30.35%, Loss: 2.8009
Epoch: 7, Batch: 50, Acc: 30.25%, Loss: 2.8181
Epoch: 7, Batch: 60, Acc: 29.84%, Loss: 2.8062
Epoch: 7, Batch: 70, Acc: 29.98%, Loss: 2.7750
Epoch: 7, Batch: 80, Acc: 29.63%, Loss: 2.8515
Epoch: 7, Batch: 90, Acc: 29.70%, Loss: 2.8340
Epoch: 7, Batch: 100, Acc: 29.69%, Loss: 2.8604
Epoch: 7, Batch: 110, Acc: 29.87%, Loss: 2.7897
Epoch: 7, Batch: 120, Acc: 30.03%, Loss: 2.7819
Epoch: 7, Batch: 130, Acc: 30.04%, Loss: 2.8013
Epoch: 7, Batch: 140, Acc: 29.97%, Loss: 2.8469
Epoch: 7, Batch: 150, Acc: 29.94%, Loss: 2.8106
Epoch: 7, Batch: 160, Acc: 29.86%, Loss: 2.8107
Epoch: 7, Batch: 170, Acc: 30.06%, Loss: 2.7696
Epoch: 7, Batch: 180, Acc: 30.02%, Loss: 2.8080
Epoch: 7, Batch: 190, Acc: 30.02%, Loss: 2.7862
Epoch: 7, Batch: 200, Acc: 30.08%, Loss: 2.8106
Epoch: 7, Batch: 210, Acc: 29.95%, Loss: 2.8354
Epoch: 7, Batch: 220, Acc: 29.99%, Loss: 2.7800
Epoch: 7, Batch: 230, Acc: 29.99%, Loss: 2.7951
Epoch: 7, Batch: 240, Acc: 30.14%, Loss: 2.7369
Epoch: 7, Batch: 250, Acc: 30.06%, Loss: 2.8378
Accuracy on test set: 40.86%
Epoch: 8, Batch: 10, Acc: 32.19%, Loss: 2.7678
Epoch: 8, Batch: 20, Acc: 30.16%, Loss: 2.7959
Epoch: 8, Batch: 30, Acc: 30.83%, Loss: 2.7332
Epoch: 8, Batch: 40, Acc: 30.94%, Loss: 2.7682
Epoch: 8, Batch: 50, Acc: 31.03%, Loss: 2.7780
Epoch: 8, Batch: 60, Acc: 31.17%, Loss: 2.7621
Epoch: 8, Batch: 70, Acc: 30.42%, Loss: 2.8469
Epoch: 8, Batch: 80, Acc: 30.37%, Loss: 2.7980
Epoch: 8, Batch: 90, Acc: 30.35%, Loss: 2.7980
Epoch: 8, Batch: 100, Acc: 30.61%, Loss: 2.7340
Epoch: 8, Batch: 110, Acc: 30.82%, Loss: 2.7301
Epoch: 8, Batch: 120, Acc: 30.73%, Loss: 2.7776
Epoch: 8, Batch: 130, Acc: 30.65%, Loss: 2.7737
Epoch: 8, Batch: 140, Acc: 30.69%, Loss: 2.7541
Epoch: 8, Batch: 150, Acc: 30.47%, Loss: 2.8404
Epoch: 8, Batch: 160, Acc: 30.30%, Loss: 2.8035
Epoch: 8, Batch: 170, Acc: 30.26%, Loss: 2.7762
Epoch: 8, Batch: 180, Acc: 30.27%, Loss: 2.7838
Epoch: 8, Batch: 190, Acc: 30.27%, Loss: 2.8138
Epoch: 8, Batch: 200, Acc: 30.27%, Loss: 2.7146
Epoch: 8, Batch: 210, Acc: 30.35%, Loss: 2.7559
Epoch: 8, Batch: 220, Acc: 30.40%, Loss: 2.7766
Epoch: 8, Batch: 230, Acc: 30.56%, Loss: 2.7429
Epoch: 8, Batch: 240, Acc: 30.56%, Loss: 2.8017
Epoch: 8, Batch: 250, Acc: 30.58%, Loss: 2.8030
Accuracy on test set: 42.51%
Epoch: 9, Batch: 10, Acc: 34.06%, Loss: 2.7401
Epoch: 9, Batch: 20, Acc: 33.83%, Loss: 2.7398
Epoch: 9, Batch: 30, Acc: 32.50%, Loss: 2.7469
Epoch: 9, Batch: 40, Acc: 31.99%, Loss: 2.7662
Epoch: 9, Batch: 50, Acc: 31.31%, Loss: 2.7719
Epoch: 9, Batch: 60, Acc: 31.56%, Loss: 2.7705
Epoch: 9, Batch: 70, Acc: 31.88%, Loss: 2.7445
Epoch: 9, Batch: 80, Acc: 31.88%, Loss: 2.7334
Epoch: 9, Batch: 90, Acc: 31.88%, Loss: 2.7768
Epoch: 9, Batch: 100, Acc: 31.70%, Loss: 2.7828
Epoch: 9, Batch: 110, Acc: 31.59%, Loss: 2.7795
Epoch: 9, Batch: 120, Acc: 31.77%, Loss: 2.7130
Epoch: 9, Batch: 130, Acc: 31.67%, Loss: 2.7480
Epoch: 9, Batch: 140, Acc: 31.35%, Loss: 2.8110
Epoch: 9, Batch: 150, Acc: 31.61%, Loss: 2.6850
Epoch: 9, Batch: 160, Acc: 31.59%, Loss: 2.7436
Epoch: 9, Batch: 170, Acc: 31.41%, Loss: 2.7853
Epoch: 9, Batch: 180, Acc: 31.52%, Loss: 2.7172
Epoch: 9, Batch: 190, Acc: 31.60%, Loss: 2.7095
Epoch: 9, Batch: 200, Acc: 31.55%, Loss: 2.7379
Epoch: 9, Batch: 210, Acc: 31.59%, Loss: 2.7669
Epoch: 9, Batch: 220, Acc: 31.60%, Loss: 2.7418
Epoch: 9, Batch: 230, Acc: 31.58%, Loss: 2.7387
Epoch: 9, Batch: 240, Acc: 31.71%, Loss: 2.7225
Epoch: 9, Batch: 250, Acc: 31.64%, Loss: 2.7410
Accuracy on test set: 42.68%
Epoch: 10, Batch: 10, Acc: 29.22%, Loss: 2.7616
Epoch: 10, Batch: 20, Acc: 30.78%, Loss: 2.6976
Epoch: 10, Batch: 30, Acc: 31.15%, Loss: 2.7260
Epoch: 10, Batch: 40, Acc: 31.91%, Loss: 2.6734
Epoch: 10, Batch: 50, Acc: 31.88%, Loss: 2.7509
Epoch: 10, Batch: 60, Acc: 31.93%, Loss: 2.7161
Epoch: 10, Batch: 70, Acc: 32.30%, Loss: 2.6801
Epoch: 10, Batch: 80, Acc: 31.74%, Loss: 2.7797
Epoch: 10, Batch: 90, Acc: 31.34%, Loss: 2.7514
Epoch: 10, Batch: 100, Acc: 31.25%, Loss: 2.7277
Epoch: 10, Batch: 110, Acc: 31.34%, Loss: 2.7147
Epoch: 10, Batch: 120, Acc: 31.34%, Loss: 2.7370
Epoch: 10, Batch: 130, Acc: 31.37%, Loss: 2.7465
Epoch: 10, Batch: 140, Acc: 31.51%, Loss: 2.7374
Epoch: 10, Batch: 150, Acc: 31.56%, Loss: 2.6998
Epoch: 10, Batch: 160, Acc: 31.56%, Loss: 2.7788
Epoch: 10, Batch: 170, Acc: 31.66%, Loss: 2.6857
Epoch: 10, Batch: 180, Acc: 31.79%, Loss: 2.7206
Epoch: 10, Batch: 190, Acc: 31.78%, Loss: 2.7575
Epoch: 10, Batch: 200, Acc: 31.63%, Loss: 2.7347
Epoch: 10, Batch: 210, Acc: 31.52%, Loss: 2.7376
Epoch: 10, Batch: 220, Acc: 31.51%, Loss: 2.7202
Epoch: 10, Batch: 230, Acc: 31.63%, Loss: 2.6187
Epoch: 10, Batch: 240, Acc: 31.59%, Loss: 2.7278
Epoch: 10, Batch: 250, Acc: 31.75%, Loss: 2.6759
Accuracy on test set: 43.88%
  [Run 1 | eps=0.3 | random | none | GPU 0] Training Time: 6138.12s  Best Acc: 43.88%

  [Run 1 | eps=0.3 | random | none | GPU 0] Evaluating final model on clean test data...
  Accuracy    : 0.4388
  Loss        : 2.4531
  Precision   : 0.3813
  Recall      : 0.4465
  F1          : 0.4113
  Fpr         : 0.0255
  Fnr         : 0.5535
  Roc_auc     : 0.8861
  Pr_auc      : 0.4443
  Asr         : 2.9607
Metrics saved to eps0.3/qmlp-az-quid-run1-layer50_quid_eps0.3_random_none.csv
  [Run 1 | eps=0.3 | random | none | GPU 0] Done. Saved → eps0.3/qmlp-az-quid-run1-layer50-noiseless-Amplitude_eps0.3_random_none.pt

====================================================================
 [Run 1 | eps=0.3 | random | q-detection | GPU 1]
====================================================================
  [Run 1 | eps=0.3 | random | q-detection | GPU 1] Stratified subset: 16100 samples (700 per class max, from 184342 total)
  [Run 1 | eps=0.3 | random | q-detection | GPU 1] Poisoned: 4830/16100
  [Run 1 | eps=0.3 | random | q-detection | GPU 1] J matrix: 16100x16100 (2074 MB)
Epoch: 1, Batch: 10, Acc: 3.12%, Loss: 3.1385
Epoch: 1, Batch: 20, Acc: 3.83%, Loss: 3.1115
Epoch: 1, Batch: 30, Acc: 4.27%, Loss: 3.1065
Epoch: 1, Batch: 40, Acc: 4.41%, Loss: 3.0944
Epoch: 1, Batch: 50, Acc: 4.31%, Loss: 3.1068
Epoch: 1, Batch: 60, Acc: 4.30%, Loss: 3.1079
Epoch: 1, Batch: 70, Acc: 4.80%, Loss: 3.0925
Epoch: 1, Batch: 80, Acc: 4.88%, Loss: 3.0992
Epoch: 1, Batch: 90, Acc: 5.17%, Loss: 3.0842
Epoch: 1, Batch: 100, Acc: 5.36%, Loss: 3.0951
Epoch: 1, Batch: 110, Acc: 5.34%, Loss: 3.0851
Epoch: 1, Batch: 120, Acc: 5.43%, Loss: 3.0749
Epoch: 1, Batch: 130, Acc: 5.58%, Loss: 3.0822
Epoch: 1, Batch: 140, Acc: 5.69%, Loss: 3.0644
Epoch: 1, Batch: 150, Acc: 5.65%, Loss: 3.0831
Epoch: 1, Batch: 160, Acc: 5.67%, Loss: 3.0654
Epoch: 1, Batch: 170, Acc: 5.69%, Loss: 3.0668
Epoch: 1, Batch: 180, Acc: 5.74%, Loss: 3.0681
Epoch: 1, Batch: 190, Acc: 5.86%, Loss: 3.0632
Epoch: 1, Batch: 200, Acc: 5.90%, Loss: 3.0723
Epoch: 1, Batch: 210, Acc: 6.09%, Loss: 3.0215
Epoch: 1, Batch: 220, Acc: 6.37%, Loss: 3.0133
Epoch: 1, Batch: 230, Acc: 6.43%, Loss: 3.0383
Epoch: 1, Batch: 240, Acc: 6.52%, Loss: 3.0404
Epoch: 1, Batch: 250, Acc: 6.66%, Loss: 3.0084
Accuracy on test set: 12.72%
Epoch: 2, Batch: 10, Acc: 12.34%, Loss: 3.0148
Epoch: 2, Batch: 20, Acc: 10.16%, Loss: 3.0301
Epoch: 2, Batch: 30, Acc: 10.00%, Loss: 2.9942
Epoch: 2, Batch: 40, Acc: 9.65%, Loss: 3.0133
Epoch: 2, Batch: 50, Acc: 9.44%, Loss: 3.0396
Epoch: 2, Batch: 60, Acc: 9.66%, Loss: 2.9872
Epoch: 2, Batch: 70, Acc: 9.91%, Loss: 2.9917
Epoch: 2, Batch: 80, Acc: 10.10%, Loss: 2.9822
Epoch: 2, Batch: 90, Acc: 9.93%, Loss: 3.0436
Epoch: 2, Batch: 100, Acc: 9.86%, Loss: 2.9985
Epoch: 2, Batch: 110, Acc: 10.00%, Loss: 2.9567
Epoch: 2, Batch: 120, Acc: 10.08%, Loss: 2.9392
Epoch: 2, Batch: 130, Acc: 10.17%, Loss: 2.9702
Epoch: 2, Batch: 140, Acc: 10.20%, Loss: 2.9435
Epoch: 2, Batch: 150, Acc: 10.29%, Loss: 2.9390
Epoch: 2, Batch: 160, Acc: 10.35%, Loss: 2.9199
Epoch: 2, Batch: 170, Acc: 10.44%, Loss: 2.9379
Epoch: 2, Batch: 180, Acc: 10.38%, Loss: 2.9509
Epoch: 2, Batch: 190, Acc: 10.60%, Loss: 2.8651
Epoch: 2, Batch: 200, Acc: 10.66%, Loss: 2.9361
Epoch: 2, Batch: 210, Acc: 10.60%, Loss: 2.9620
Epoch: 2, Batch: 220, Acc: 10.62%, Loss: 2.9178
Epoch: 2, Batch: 230, Acc: 10.71%, Loss: 2.8965
Epoch: 2, Batch: 240, Acc: 10.79%, Loss: 2.9144
Epoch: 2, Batch: 250, Acc: 10.86%, Loss: 2.8699
Accuracy on test set: 15.52%
Epoch: 3, Batch: 10, Acc: 13.28%, Loss: 2.9188
Epoch: 3, Batch: 20, Acc: 12.73%, Loss: 2.9189
Epoch: 3, Batch: 30, Acc: 12.14%, Loss: 2.9303
Epoch: 3, Batch: 40, Acc: 12.54%, Loss: 2.8742
Epoch: 3, Batch: 50, Acc: 12.41%, Loss: 2.8777
Epoch: 3, Batch: 60, Acc: 12.32%, Loss: 2.9137
Epoch: 3, Batch: 70, Acc: 12.34%, Loss: 2.8403
Epoch: 3, Batch: 80, Acc: 12.07%, Loss: 2.9262
Epoch: 3, Batch: 90, Acc: 12.38%, Loss: 2.9214
Epoch: 3, Batch: 100, Acc: 12.55%, Loss: 2.9172
Epoch: 3, Batch: 110, Acc: 12.83%, Loss: 2.8966
Epoch: 3, Batch: 120, Acc: 13.06%, Loss: 2.8702
Epoch: 3, Batch: 130, Acc: 13.16%, Loss: 2.8184
Epoch: 3, Batch: 140, Acc: 13.38%, Loss: 2.8341
Epoch: 3, Batch: 150, Acc: 13.38%, Loss: 2.9112
Epoch: 3, Batch: 160, Acc: 13.42%, Loss: 2.8933
Epoch: 3, Batch: 170, Acc: 13.49%, Loss: 2.8804
Epoch: 3, Batch: 180, Acc: 13.54%, Loss: 2.9035
Epoch: 3, Batch: 190, Acc: 13.66%, Loss: 2.8137
Epoch: 3, Batch: 200, Acc: 13.66%, Loss: 2.9481
Epoch: 3, Batch: 210, Acc: 13.69%, Loss: 2.8964
Epoch: 3, Batch: 220, Acc: 13.95%, Loss: 2.8390
Epoch: 3, Batch: 230, Acc: 14.04%, Loss: 2.8897
Epoch: 3, Batch: 240, Acc: 14.23%, Loss: 2.7924
Epoch: 3, Batch: 250, Acc: 14.36%, Loss: 2.8322
Accuracy on test set: 23.51%
Epoch: 4, Batch: 10, Acc: 18.44%, Loss: 2.8959
Epoch: 4, Batch: 20, Acc: 18.44%, Loss: 2.8029
Epoch: 4, Batch: 30, Acc: 17.29%, Loss: 2.8404
Epoch: 4, Batch: 40, Acc: 17.34%, Loss: 2.8910
Epoch: 4, Batch: 50, Acc: 17.47%, Loss: 2.8626
Epoch: 4, Batch: 60, Acc: 17.84%, Loss: 2.9178
Epoch: 4, Batch: 70, Acc: 17.88%, Loss: 2.8694
Epoch: 4, Batch: 80, Acc: 17.71%, Loss: 2.9798
Epoch: 4, Batch: 90, Acc: 17.69%, Loss: 2.9209
Epoch: 4, Batch: 100, Acc: 17.81%, Loss: 2.9187
Epoch: 4, Batch: 110, Acc: 17.98%, Loss: 2.8801
Epoch: 4, Batch: 120, Acc: 18.06%, Loss: 2.8748
Epoch: 4, Batch: 130, Acc: 18.06%, Loss: 2.8973
Epoch: 4, Batch: 140, Acc: 18.20%, Loss: 2.8587
Epoch: 4, Batch: 150, Acc: 18.33%, Loss: 2.9013
Epoch: 4, Batch: 160, Acc: 18.28%, Loss: 2.8484
Epoch: 4, Batch: 170, Acc: 18.42%, Loss: 2.8985
Epoch: 4, Batch: 180, Acc: 18.45%, Loss: 2.8693
Epoch: 4, Batch: 190, Acc: 18.64%, Loss: 2.8706
Epoch: 4, Batch: 200, Acc: 18.76%, Loss: 2.8303
Epoch: 4, Batch: 210, Acc: 18.76%, Loss: 2.8158
Epoch: 4, Batch: 220, Acc: 18.76%, Loss: 2.8139
Epoch: 4, Batch: 230, Acc: 18.69%, Loss: 2.9351
Epoch: 4, Batch: 240, Acc: 18.80%, Loss: 2.8487
Epoch: 4, Batch: 250, Acc: 18.92%, Loss: 2.7723
Accuracy on test set: 26.33%
Epoch: 5, Batch: 10, Acc: 20.00%, Loss: 2.8884
Epoch: 5, Batch: 20, Acc: 19.22%, Loss: 2.9403
Epoch: 5, Batch: 30, Acc: 19.74%, Loss: 2.9791
Epoch: 5, Batch: 40, Acc: 20.78%, Loss: 2.9111
Epoch: 5, Batch: 50, Acc: 21.22%, Loss: 2.9591
Epoch: 5, Batch: 60, Acc: 21.12%, Loss: 2.9578
Epoch: 5, Batch: 70, Acc: 21.07%, Loss: 2.9896
Epoch: 5, Batch: 80, Acc: 21.27%, Loss: 2.8106
Epoch: 5, Batch: 90, Acc: 21.37%, Loss: 2.8610
Epoch: 5, Batch: 100, Acc: 21.38%, Loss: 2.8016
Epoch: 5, Batch: 110, Acc: 21.55%, Loss: 2.8184
Epoch: 5, Batch: 120, Acc: 21.76%, Loss: 2.8730
Epoch: 5, Batch: 130, Acc: 21.81%, Loss: 2.7893
Epoch: 5, Batch: 140, Acc: 21.82%, Loss: 2.8343
Epoch: 5, Batch: 150, Acc: 21.72%, Loss: 2.9260
Epoch: 5, Batch: 160, Acc: 21.75%, Loss: 2.9245
Epoch: 5, Batch: 170, Acc: 21.79%, Loss: 2.7958
Epoch: 5, Batch: 180, Acc: 21.89%, Loss: 2.8184
Epoch: 5, Batch: 190, Acc: 22.05%, Loss: 2.8489
Epoch: 5, Batch: 200, Acc: 21.92%, Loss: 2.9303
Epoch: 5, Batch: 210, Acc: 21.91%, Loss: 2.9145
Epoch: 5, Batch: 220, Acc: 22.04%, Loss: 2.8776
Epoch: 5, Batch: 230, Acc: 22.15%, Loss: 2.7929
Epoch: 5, Batch: 240, Acc: 22.23%, Loss: 2.8044
Epoch: 5, Batch: 250, Acc: 22.22%, Loss: 2.8018
Accuracy on test set: 30.32%
Epoch: 6, Batch: 10, Acc: 23.44%, Loss: 2.7642
Epoch: 6, Batch: 20, Acc: 24.30%, Loss: 2.7338
Epoch: 6, Batch: 30, Acc: 24.69%, Loss: 2.7762
Epoch: 6, Batch: 40, Acc: 24.57%, Loss: 3.0646
Epoch: 6, Batch: 50, Acc: 24.59%, Loss: 2.9161
Epoch: 6, Batch: 60, Acc: 24.48%, Loss: 2.8206
Epoch: 6, Batch: 70, Acc: 24.22%, Loss: 2.8855
Epoch: 6, Batch: 80, Acc: 23.87%, Loss: 2.9505
Epoch: 6, Batch: 90, Acc: 23.98%, Loss: 2.6550
Epoch: 6, Batch: 100, Acc: 23.91%, Loss: 2.8077
Epoch: 6, Batch: 110, Acc: 23.81%, Loss: 2.8189
Epoch: 6, Batch: 120, Acc: 23.83%, Loss: 2.7871
Epoch: 6, Batch: 130, Acc: 23.46%, Loss: 2.9391
Epoch: 6, Batch: 140, Acc: 23.39%, Loss: 2.8581
Epoch: 6, Batch: 150, Acc: 23.44%, Loss: 2.8966
Epoch: 6, Batch: 160, Acc: 23.38%, Loss: 2.8977
Epoch: 6, Batch: 170, Acc: 23.52%, Loss: 2.7614
Epoch: 6, Batch: 180, Acc: 23.29%, Loss: 2.9090
Epoch: 6, Batch: 190, Acc: 23.36%, Loss: 2.9098
Epoch: 6, Batch: 200, Acc: 23.45%, Loss: 2.9044
Epoch: 6, Batch: 210, Acc: 23.39%, Loss: 2.9593
Epoch: 6, Batch: 220, Acc: 23.34%, Loss: 2.9461
Epoch: 6, Batch: 230, Acc: 23.36%, Loss: 2.7952
Epoch: 6, Batch: 240, Acc: 23.39%, Loss: 2.8350
Epoch: 6, Batch: 250, Acc: 23.48%, Loss: 2.8726
Accuracy on test set: 32.84%
Epoch: 7, Batch: 10, Acc: 25.62%, Loss: 2.9025
Epoch: 7, Batch: 20, Acc: 25.00%, Loss: 2.8154
Epoch: 7, Batch: 30, Acc: 24.17%, Loss: 2.7800
Epoch: 7, Batch: 40, Acc: 24.38%, Loss: 2.7831
Epoch: 7, Batch: 50, Acc: 24.47%, Loss: 2.9055
Epoch: 7, Batch: 60, Acc: 24.48%, Loss: 2.9906
Epoch: 7, Batch: 70, Acc: 24.82%, Loss: 2.8253
Epoch: 7, Batch: 80, Acc: 24.67%, Loss: 2.8118
Epoch: 7, Batch: 90, Acc: 24.76%, Loss: 2.8974
Epoch: 7, Batch: 100, Acc: 24.62%, Loss: 2.7928
Epoch: 7, Batch: 110, Acc: 24.79%, Loss: 2.9511
Epoch: 7, Batch: 120, Acc: 25.08%, Loss: 2.7586
Epoch: 7, Batch: 130, Acc: 25.08%, Loss: 2.7904
Epoch: 7, Batch: 140, Acc: 24.96%, Loss: 2.8418
Epoch: 7, Batch: 150, Acc: 25.01%, Loss: 2.8042
Epoch: 7, Batch: 160, Acc: 24.96%, Loss: 2.8347
Epoch: 7, Batch: 170, Acc: 25.09%, Loss: 2.7467
Epoch: 7, Batch: 180, Acc: 25.07%, Loss: 2.9040
Epoch: 7, Batch: 190, Acc: 25.23%, Loss: 2.9152
Epoch: 7, Batch: 200, Acc: 25.30%, Loss: 2.7085
Epoch: 7, Batch: 210, Acc: 25.22%, Loss: 2.8386
Epoch: 7, Batch: 220, Acc: 25.23%, Loss: 2.7295
Epoch: 7, Batch: 230, Acc: 25.16%, Loss: 2.7990
Epoch: 7, Batch: 240, Acc: 25.28%, Loss: 2.5844
Epoch: 7, Batch: 250, Acc: 25.20%, Loss: 2.7951
Accuracy on test set: 33.47%
Epoch: 8, Batch: 10, Acc: 27.19%, Loss: 2.7254
Epoch: 8, Batch: 20, Acc: 25.08%, Loss: 3.0444
Epoch: 8, Batch: 30, Acc: 26.09%, Loss: 2.9171
Epoch: 8, Batch: 40, Acc: 26.21%, Loss: 2.7008
Epoch: 8, Batch: 50, Acc: 26.16%, Loss: 2.7574
Epoch: 8, Batch: 60, Acc: 26.09%, Loss: 2.9699
Epoch: 8, Batch: 70, Acc: 25.74%, Loss: 3.0587
Epoch: 8, Batch: 80, Acc: 25.68%, Loss: 2.6420
Epoch: 8, Batch: 90, Acc: 25.62%, Loss: 2.7774
Epoch: 8, Batch: 100, Acc: 25.86%, Loss: 2.9364
Epoch: 8, Batch: 110, Acc: 26.24%, Loss: 2.8679
Epoch: 8, Batch: 120, Acc: 26.26%, Loss: 2.9407
Epoch: 8, Batch: 130, Acc: 26.25%, Loss: 2.9178
Epoch: 8, Batch: 140, Acc: 26.45%, Loss: 2.8429
Epoch: 8, Batch: 150, Acc: 26.16%, Loss: 2.9772
Epoch: 8, Batch: 160, Acc: 26.03%, Loss: 2.8443
Epoch: 8, Batch: 170, Acc: 26.01%, Loss: 2.8667
Epoch: 8, Batch: 180, Acc: 26.09%, Loss: 2.7110
Epoch: 8, Batch: 190, Acc: 26.01%, Loss: 2.9126
Epoch: 8, Batch: 200, Acc: 26.09%, Loss: 2.7304
Epoch: 8, Batch: 210, Acc: 26.16%, Loss: 2.8106
Epoch: 8, Batch: 220, Acc: 26.16%, Loss: 2.8882
Epoch: 8, Batch: 230, Acc: 26.25%, Loss: 2.9355
Epoch: 8, Batch: 240, Acc: 26.21%, Loss: 2.9773
Epoch: 8, Batch: 250, Acc: 26.21%, Loss: 2.9210
Accuracy on test set: 36.34%
Epoch: 9, Batch: 10, Acc: 28.75%, Loss: 2.7693
Epoch: 9, Batch: 20, Acc: 28.20%, Loss: 2.8389
Epoch: 9, Batch: 30, Acc: 27.60%, Loss: 2.8377
Epoch: 9, Batch: 40, Acc: 27.50%, Loss: 2.8741
Epoch: 9, Batch: 50, Acc: 27.09%, Loss: 2.7976
Epoch: 9, Batch: 60, Acc: 27.32%, Loss: 2.8268
Epoch: 9, Batch: 70, Acc: 27.54%, Loss: 2.7097
Epoch: 9, Batch: 80, Acc: 27.60%, Loss: 2.8818
Epoch: 9, Batch: 90, Acc: 27.36%, Loss: 2.9787
Epoch: 9, Batch: 100, Acc: 27.22%, Loss: 2.8376
Epoch: 9, Batch: 110, Acc: 27.13%, Loss: 2.8833
Epoch: 9, Batch: 120, Acc: 27.25%, Loss: 2.7614
Epoch: 9, Batch: 130, Acc: 27.30%, Loss: 2.9846
Epoch: 9, Batch: 140, Acc: 27.09%, Loss: 2.9193
Epoch: 9, Batch: 150, Acc: 27.34%, Loss: 2.5610
Epoch: 9, Batch: 160, Acc: 27.29%, Loss: 2.9214
Epoch: 9, Batch: 170, Acc: 27.25%, Loss: 2.8890
Epoch: 9, Batch: 180, Acc: 27.35%, Loss: 2.7433
Epoch: 9, Batch: 190, Acc: 27.40%, Loss: 2.8278
Epoch: 9, Batch: 200, Acc: 27.44%, Loss: 2.9056
Epoch: 9, Batch: 210, Acc: 27.49%, Loss: 3.0015
Epoch: 9, Batch: 220, Acc: 27.52%, Loss: 2.7209
Epoch: 9, Batch: 230, Acc: 27.54%, Loss: 2.8835
Epoch: 9, Batch: 240, Acc: 27.60%, Loss: 2.7489
Epoch: 9, Batch: 250, Acc: 27.61%, Loss: 2.7696
Accuracy on test set: 37.91%
Epoch: 10, Batch: 10, Acc: 27.03%, Loss: 2.9503
Epoch: 10, Batch: 20, Acc: 28.59%, Loss: 2.9006
Epoch: 10, Batch: 30, Acc: 28.39%, Loss: 2.7671
Epoch: 10, Batch: 40, Acc: 29.06%, Loss: 2.7997
Epoch: 10, Batch: 50, Acc: 29.06%, Loss: 2.8404
Epoch: 10, Batch: 60, Acc: 29.22%, Loss: 2.7431
Epoch: 10, Batch: 70, Acc: 29.60%, Loss: 2.9823
Epoch: 10, Batch: 80, Acc: 28.96%, Loss: 2.9105
Epoch: 10, Batch: 90, Acc: 28.80%, Loss: 2.9248
Epoch: 10, Batch: 100, Acc: 28.61%, Loss: 2.9892
Epoch: 10, Batch: 110, Acc: 28.57%, Loss: 2.9453
Epoch: 10, Batch: 120, Acc: 28.59%, Loss: 2.8635
Epoch: 10, Batch: 130, Acc: 28.63%, Loss: 2.9337
Epoch: 10, Batch: 140, Acc: 28.64%, Loss: 2.7139
Epoch: 10, Batch: 150, Acc: 28.75%, Loss: 2.9404
Epoch: 10, Batch: 160, Acc: 28.59%, Loss: 3.0436
Epoch: 10, Batch: 170, Acc: 28.77%, Loss: 2.9449
Epoch: 10, Batch: 180, Acc: 28.75%, Loss: 2.8374
Epoch: 10, Batch: 190, Acc: 28.65%, Loss: 2.8405
Epoch: 10, Batch: 200, Acc: 28.55%, Loss: 2.8918
Epoch: 10, Batch: 210, Acc: 28.58%, Loss: 2.7221
Epoch: 10, Batch: 220, Acc: 28.59%, Loss: 2.7970
Epoch: 10, Batch: 230, Acc: 28.82%, Loss: 3.0355
Epoch: 10, Batch: 240, Acc: 28.76%, Loss: 2.7806
Epoch: 10, Batch: 250, Acc: 28.84%, Loss: 2.9304
Accuracy on test set: 39.61%
  [Run 1 | eps=0.3 | random | q-detection | GPU 1] Training Time: 12905.35s  Best Acc: 39.61%

  [Run 1 | eps=0.3 | random | q-detection | GPU 1] Evaluating final model on clean test data...
  Accuracy    : 0.3961
  Loss        : 2.5841
  Precision   : 0.3973
  Recall      : 0.4043
  F1          : 0.4008
  Fpr         : 0.0274
  Fnr         : 0.5957
  Roc_auc     : 0.8652
  Pr_auc      : 0.3910
  Asr         : 3.4369
Metrics saved to eps0.3/qmlp-az-quid-run1-layer50_quid_eps0.3_random_qdetection.csv
  [Run 1 | eps=0.3 | random | q-detection | GPU 1] Done. Saved → eps0.3/qmlp-az-quid-run1-layer50-noiseless-Amplitude_eps0.3_random_qdetection.pt

====================================================================
 [Run 1 | eps=0.5 | quid | none | GPU 0]
====================================================================
  [Run 1 | eps=0.5 | quid | none | GPU 0] Stratified subset: 16100 samples (700 per class max, from 184342 total)
  [QUID] Computing density matrices for 8050 poisoned samples ...
  [QUID] Density matrices done in 10.5s
  [QUID] Assigning adversarial labels ...
  [QUID] Label assignment done in 462.6s
  [QUID] Labels changed: 8050/8050
  [Run 1 | eps=0.5 | quid | none | GPU 0] Poisoned: 8050/16100
Epoch: 1, Batch: 10, Acc: 1.41%, Loss: 3.2044
Epoch: 1, Batch: 20, Acc: 1.80%, Loss: 3.1832
Epoch: 1, Batch: 30, Acc: 1.88%, Loss: 3.1707
Epoch: 1, Batch: 40, Acc: 1.95%, Loss: 3.1566
Epoch: 1, Batch: 50, Acc: 2.38%, Loss: 3.1343
Epoch: 1, Batch: 60, Acc: 2.71%, Loss: 3.1231
Epoch: 1, Batch: 70, Acc: 3.33%, Loss: 3.1062
Epoch: 1, Batch: 80, Acc: 3.42%, Loss: 3.1064
Epoch: 1, Batch: 90, Acc: 3.70%, Loss: 3.0753
Epoch: 1, Batch: 100, Acc: 4.08%, Loss: 3.0696
Epoch: 1, Batch: 110, Acc: 4.32%, Loss: 3.0555
Epoch: 1, Batch: 120, Acc: 4.79%, Loss: 3.0276
Epoch: 1, Batch: 130, Acc: 5.46%, Loss: 3.0064
Epoch: 1, Batch: 140, Acc: 6.32%, Loss: 2.9774
Epoch: 1, Batch: 150, Acc: 7.35%, Loss: 2.9756
Epoch: 1, Batch: 160, Acc: 8.65%, Loss: 2.9428
Epoch: 1, Batch: 170, Acc: 10.01%, Loss: 2.9242
Epoch: 1, Batch: 180, Acc: 11.41%, Loss: 2.9161
Epoch: 1, Batch: 190, Acc: 12.86%, Loss: 2.8908
Epoch: 1, Batch: 200, Acc: 14.36%, Loss: 2.8788
Epoch: 1, Batch: 210, Acc: 15.77%, Loss: 2.8526
Epoch: 1, Batch: 220, Acc: 17.11%, Loss: 2.8378
Epoch: 1, Batch: 230, Acc: 18.59%, Loss: 2.7966
Epoch: 1, Batch: 240, Acc: 19.80%, Loss: 2.7970
Epoch: 1, Batch: 250, Acc: 20.91%, Loss: 2.7913
Accuracy on test set: 4.89%
Epoch: 2, Batch: 10, Acc: 49.06%, Loss: 2.7347
Epoch: 2, Batch: 20, Acc: 46.56%, Loss: 2.7979
Epoch: 2, Batch: 30, Acc: 47.03%, Loss: 2.7407
Epoch: 2, Batch: 40, Acc: 47.34%, Loss: 2.7233
Epoch: 2, Batch: 50, Acc: 48.06%, Loss: 2.6953
Epoch: 2, Batch: 60, Acc: 48.85%, Loss: 2.6464
Epoch: 2, Batch: 70, Acc: 48.66%, Loss: 2.6879
Epoch: 2, Batch: 80, Acc: 48.95%, Loss: 2.6363
Epoch: 2, Batch: 90, Acc: 48.85%, Loss: 2.6301
Epoch: 2, Batch: 100, Acc: 48.91%, Loss: 2.6183
Epoch: 2, Batch: 110, Acc: 48.78%, Loss: 2.6273
Epoch: 2, Batch: 120, Acc: 48.87%, Loss: 2.5736
Epoch: 2, Batch: 130, Acc: 48.59%, Loss: 2.6330
Epoch: 2, Batch: 140, Acc: 48.73%, Loss: 2.5576
Epoch: 2, Batch: 150, Acc: 48.97%, Loss: 2.5140
Epoch: 2, Batch: 160, Acc: 49.10%, Loss: 2.5043
Epoch: 2, Batch: 170, Acc: 48.95%, Loss: 2.5503
Epoch: 2, Batch: 180, Acc: 49.05%, Loss: 2.5121
Epoch: 2, Batch: 190, Acc: 48.94%, Loss: 2.5246
Epoch: 2, Batch: 200, Acc: 48.84%, Loss: 2.5313
Epoch: 2, Batch: 210, Acc: 48.74%, Loss: 2.5349
Epoch: 2, Batch: 220, Acc: 48.75%, Loss: 2.4717
Epoch: 2, Batch: 230, Acc: 48.72%, Loss: 2.4714
Epoch: 2, Batch: 240, Acc: 48.78%, Loss: 2.4295
Epoch: 2, Batch: 250, Acc: 48.89%, Loss: 2.4203
Accuracy on test set: 4.88%
Epoch: 3, Batch: 10, Acc: 50.00%, Loss: 2.4111
Epoch: 3, Batch: 20, Acc: 48.52%, Loss: 2.4515
Epoch: 3, Batch: 30, Acc: 48.18%, Loss: 2.4682
Epoch: 3, Batch: 40, Acc: 48.05%, Loss: 2.4632
Epoch: 3, Batch: 50, Acc: 48.06%, Loss: 2.4203
Epoch: 3, Batch: 60, Acc: 48.46%, Loss: 2.3768
Epoch: 3, Batch: 70, Acc: 48.82%, Loss: 2.3477
Epoch: 3, Batch: 80, Acc: 48.52%, Loss: 2.4490
Epoch: 3, Batch: 90, Acc: 48.73%, Loss: 2.3570
Epoch: 3, Batch: 100, Acc: 48.62%, Loss: 2.4116
Epoch: 3, Batch: 110, Acc: 48.72%, Loss: 2.3448
Epoch: 3, Batch: 120, Acc: 48.74%, Loss: 2.3613
Epoch: 3, Batch: 130, Acc: 48.46%, Loss: 2.4261
Epoch: 3, Batch: 140, Acc: 48.57%, Loss: 2.3258
Epoch: 3, Batch: 150, Acc: 48.68%, Loss: 2.3434
Epoch: 3, Batch: 160, Acc: 48.95%, Loss: 2.2871
Epoch: 3, Batch: 170, Acc: 48.85%, Loss: 2.3701
Epoch: 3, Batch: 180, Acc: 48.90%, Loss: 2.3037
Epoch: 3, Batch: 190, Acc: 48.87%, Loss: 2.3263
Epoch: 3, Batch: 200, Acc: 48.77%, Loss: 2.3873
Epoch: 3, Batch: 210, Acc: 48.95%, Loss: 2.2429
Epoch: 3, Batch: 220, Acc: 49.08%, Loss: 2.2670
Epoch: 3, Batch: 230, Acc: 48.96%, Loss: 2.3873
Epoch: 3, Batch: 240, Acc: 48.95%, Loss: 2.2857
Epoch: 3, Batch: 250, Acc: 48.92%, Loss: 2.3385
Accuracy on test set: 4.88%
Epoch: 4, Batch: 10, Acc: 48.75%, Loss: 2.2967
Epoch: 4, Batch: 20, Acc: 48.12%, Loss: 2.3232
Epoch: 4, Batch: 30, Acc: 49.27%, Loss: 2.2342
Epoch: 4, Batch: 40, Acc: 47.77%, Loss: 2.4139
Epoch: 4, Batch: 50, Acc: 48.03%, Loss: 2.3118
Epoch: 4, Batch: 60, Acc: 47.76%, Loss: 2.3493
Epoch: 4, Batch: 70, Acc: 47.50%, Loss: 2.3469
Epoch: 4, Batch: 80, Acc: 48.28%, Loss: 2.2083
Epoch: 4, Batch: 90, Acc: 48.14%, Loss: 2.3337
Epoch: 4, Batch: 100, Acc: 48.48%, Loss: 2.2487
Epoch: 4, Batch: 110, Acc: 48.45%, Loss: 2.2764
Epoch: 4, Batch: 120, Acc: 48.62%, Loss: 2.2011
Epoch: 4, Batch: 130, Acc: 48.69%, Loss: 2.2604
Epoch: 4, Batch: 140, Acc: 48.66%, Loss: 2.2636
Epoch: 4, Batch: 150, Acc: 48.75%, Loss: 2.2344
Epoch: 4, Batch: 160, Acc: 48.86%, Loss: 2.2045
Epoch: 4, Batch: 170, Acc: 48.98%, Loss: 2.2231
Epoch: 4, Batch: 180, Acc: 48.97%, Loss: 2.2468
Epoch: 4, Batch: 190, Acc: 48.96%, Loss: 2.2622
Epoch: 4, Batch: 200, Acc: 49.01%, Loss: 2.1900
Epoch: 4, Batch: 210, Acc: 48.95%, Loss: 2.2654
Epoch: 4, Batch: 220, Acc: 48.84%, Loss: 2.3211
Epoch: 4, Batch: 230, Acc: 48.69%, Loss: 2.3151
Epoch: 4, Batch: 240, Acc: 48.75%, Loss: 2.1944
Epoch: 4, Batch: 250, Acc: 48.91%, Loss: 2.1207
Accuracy on test set: 4.88%
Epoch: 5, Batch: 10, Acc: 49.53%, Loss: 2.2370
Epoch: 5, Batch: 20, Acc: 48.05%, Loss: 2.3027
Epoch: 5, Batch: 30, Acc: 49.06%, Loss: 2.2009
Epoch: 5, Batch: 40, Acc: 48.83%, Loss: 2.2484
Epoch: 5, Batch: 50, Acc: 49.03%, Loss: 2.2220
Epoch: 5, Batch: 60, Acc: 49.27%, Loss: 2.1959
Epoch: 5, Batch: 70, Acc: 49.24%, Loss: 2.2031
Epoch: 5, Batch: 80, Acc: 49.08%, Loss: 2.2025
Epoch: 5, Batch: 90, Acc: 48.82%, Loss: 2.2596
Epoch: 5, Batch: 100, Acc: 48.98%, Loss: 2.1884
Epoch: 5, Batch: 110, Acc: 49.05%, Loss: 2.1733
Epoch: 5, Batch: 120, Acc: 49.10%, Loss: 2.1928
Epoch: 5, Batch: 130, Acc: 49.04%, Loss: 2.2163
Epoch: 5, Batch: 140, Acc: 48.93%, Loss: 2.2389
Epoch: 5, Batch: 150, Acc: 48.96%, Loss: 2.2183
Epoch: 5, Batch: 160, Acc: 48.93%, Loss: 2.2253
Epoch: 5, Batch: 170, Acc: 48.90%, Loss: 2.1894
Epoch: 5, Batch: 180, Acc: 48.85%, Loss: 2.2176
Epoch: 5, Batch: 190, Acc: 48.77%, Loss: 2.2143
Epoch: 5, Batch: 200, Acc: 48.78%, Loss: 2.2119
Epoch: 5, Batch: 210, Acc: 48.66%, Loss: 2.2780
Epoch: 5, Batch: 220, Acc: 48.61%, Loss: 2.2106
Epoch: 5, Batch: 230, Acc: 48.74%, Loss: 2.1177
Epoch: 5, Batch: 240, Acc: 48.96%, Loss: 2.0744
Epoch: 5, Batch: 250, Acc: 48.91%, Loss: 2.2337
Accuracy on test set: 4.88%
Epoch: 6, Batch: 10, Acc: 49.06%, Loss: 2.1839
Epoch: 6, Batch: 20, Acc: 49.06%, Loss: 2.1510
Epoch: 6, Batch: 30, Acc: 48.70%, Loss: 2.2081
Epoch: 6, Batch: 40, Acc: 48.71%, Loss: 2.1560
Epoch: 6, Batch: 50, Acc: 48.75%, Loss: 2.1749
Epoch: 6, Batch: 60, Acc: 48.83%, Loss: 2.1604
Epoch: 6, Batch: 70, Acc: 48.44%, Loss: 2.2628
Epoch: 6, Batch: 80, Acc: 49.02%, Loss: 2.0989
Epoch: 6, Batch: 90, Acc: 48.80%, Loss: 2.1975
Epoch: 6, Batch: 100, Acc: 49.00%, Loss: 2.1508
Epoch: 6, Batch: 110, Acc: 48.68%, Loss: 2.2550
Epoch: 6, Batch: 120, Acc: 48.66%, Loss: 2.1952
Epoch: 6, Batch: 130, Acc: 48.94%, Loss: 2.0620
Epoch: 6, Batch: 140, Acc: 49.13%, Loss: 2.0881
Epoch: 6, Batch: 150, Acc: 49.15%, Loss: 2.1794
Epoch: 6, Batch: 160, Acc: 49.16%, Loss: 2.1842
Epoch: 6, Batch: 170, Acc: 49.14%, Loss: 2.1823
Epoch: 6, Batch: 180, Acc: 49.11%, Loss: 2.2072
Epoch: 6, Batch: 190, Acc: 49.24%, Loss: 2.0794
Epoch: 6, Batch: 200, Acc: 49.31%, Loss: 2.0852
Epoch: 6, Batch: 210, Acc: 49.32%, Loss: 2.1753
Epoch: 6, Batch: 220, Acc: 49.27%, Loss: 2.1832
Epoch: 6, Batch: 230, Acc: 49.15%, Loss: 2.2007
Epoch: 6, Batch: 240, Acc: 49.11%, Loss: 2.1973
Epoch: 6, Batch: 250, Acc: 48.94%, Loss: 2.2565
Accuracy on test set: 4.88%
Epoch: 7, Batch: 10, Acc: 47.97%, Loss: 2.1763
Epoch: 7, Batch: 20, Acc: 50.86%, Loss: 2.0400
Epoch: 7, Batch: 30, Acc: 49.43%, Loss: 2.1797
Epoch: 7, Batch: 40, Acc: 48.75%, Loss: 2.2122
Epoch: 7, Batch: 50, Acc: 48.84%, Loss: 2.1235
Epoch: 7, Batch: 60, Acc: 48.10%, Loss: 2.2731
Epoch: 7, Batch: 70, Acc: 47.86%, Loss: 2.2039
Epoch: 7, Batch: 80, Acc: 47.97%, Loss: 2.1697
Epoch: 7, Batch: 90, Acc: 47.88%, Loss: 2.1697
Epoch: 7, Batch: 100, Acc: 48.34%, Loss: 2.0639
Epoch: 7, Batch: 110, Acc: 48.59%, Loss: 2.0760
Epoch: 7, Batch: 120, Acc: 48.63%, Loss: 2.1290
Epoch: 7, Batch: 130, Acc: 48.61%, Loss: 2.1770
Epoch: 7, Batch: 140, Acc: 48.66%, Loss: 2.1200
Epoch: 7, Batch: 150, Acc: 48.81%, Loss: 2.1089
Epoch: 7, Batch: 160, Acc: 48.82%, Loss: 2.1377
Epoch: 7, Batch: 170, Acc: 48.93%, Loss: 2.0935
Epoch: 7, Batch: 180, Acc: 48.98%, Loss: 2.1116
Epoch: 7, Batch: 190, Acc: 49.04%, Loss: 2.0873
Epoch: 7, Batch: 200, Acc: 48.99%, Loss: 2.1667
Epoch: 7, Batch: 210, Acc: 49.08%, Loss: 2.0765
Epoch: 7, Batch: 220, Acc: 49.15%, Loss: 2.0919
Epoch: 7, Batch: 230, Acc: 49.01%, Loss: 2.1960
Epoch: 7, Batch: 240, Acc: 49.03%, Loss: 2.1270
Epoch: 7, Batch: 250, Acc: 48.99%, Loss: 2.1514
Accuracy on test set: 4.88%
Epoch: 8, Batch: 10, Acc: 46.88%, Loss: 2.1309
Epoch: 8, Batch: 20, Acc: 47.03%, Loss: 2.1817
Epoch: 8, Batch: 30, Acc: 47.97%, Loss: 2.1232
Epoch: 8, Batch: 40, Acc: 49.38%, Loss: 2.0152
Epoch: 8, Batch: 50, Acc: 49.78%, Loss: 2.0384
Epoch: 8, Batch: 60, Acc: 49.51%, Loss: 2.1038
Epoch: 8, Batch: 70, Acc: 49.51%, Loss: 2.1249
Epoch: 8, Batch: 80, Acc: 49.28%, Loss: 2.1263
Epoch: 8, Batch: 90, Acc: 49.55%, Loss: 2.0825
Epoch: 8, Batch: 100, Acc: 49.27%, Loss: 2.1584
Epoch: 8, Batch: 110, Acc: 49.22%, Loss: 2.1204
Epoch: 8, Batch: 120, Acc: 49.43%, Loss: 2.0508
Epoch: 8, Batch: 130, Acc: 49.33%, Loss: 2.1280
Epoch: 8, Batch: 140, Acc: 49.02%, Loss: 2.1972
Epoch: 8, Batch: 150, Acc: 48.93%, Loss: 2.1674
Epoch: 8, Batch: 160, Acc: 48.95%, Loss: 2.1001
Epoch: 8, Batch: 170, Acc: 49.00%, Loss: 2.0910
Epoch: 8, Batch: 180, Acc: 48.91%, Loss: 2.1848
Epoch: 8, Batch: 190, Acc: 49.04%, Loss: 2.0621
Epoch: 8, Batch: 200, Acc: 49.02%, Loss: 2.0790
Epoch: 8, Batch: 210, Acc: 49.10%, Loss: 2.0464
Epoch: 8, Batch: 220, Acc: 49.07%, Loss: 2.1286
Epoch: 8, Batch: 230, Acc: 48.87%, Loss: 2.1590
Epoch: 8, Batch: 240, Acc: 48.78%, Loss: 2.1796
Epoch: 8, Batch: 250, Acc: 48.92%, Loss: 2.0263
Accuracy on test set: 3.03%
Epoch: 9, Batch: 10, Acc: 50.94%, Loss: 2.0399
Epoch: 9, Batch: 20, Acc: 49.92%, Loss: 2.0708
Epoch: 9, Batch: 30, Acc: 49.79%, Loss: 2.0874
Epoch: 9, Batch: 40, Acc: 49.49%, Loss: 2.0993
Epoch: 9, Batch: 50, Acc: 49.47%, Loss: 2.1147
Epoch: 9, Batch: 60, Acc: 49.71%, Loss: 2.0516
Epoch: 9, Batch: 70, Acc: 49.84%, Loss: 2.0307
Epoch: 9, Batch: 80, Acc: 49.73%, Loss: 2.0737
Epoch: 9, Batch: 90, Acc: 49.53%, Loss: 2.1039
Epoch: 9, Batch: 100, Acc: 49.44%, Loss: 2.1125
Epoch: 9, Batch: 110, Acc: 49.30%, Loss: 2.0849
Epoch: 9, Batch: 120, Acc: 49.13%, Loss: 2.1401
Epoch: 9, Batch: 130, Acc: 49.16%, Loss: 2.0685
Epoch: 9, Batch: 140, Acc: 49.08%, Loss: 2.1351
Epoch: 9, Batch: 150, Acc: 49.12%, Loss: 2.0315
Epoch: 9, Batch: 160, Acc: 49.05%, Loss: 2.1208
Epoch: 9, Batch: 170, Acc: 48.77%, Loss: 2.2117
Epoch: 9, Batch: 180, Acc: 48.85%, Loss: 2.0626
Epoch: 9, Batch: 190, Acc: 48.79%, Loss: 2.1350
Epoch: 9, Batch: 200, Acc: 48.80%, Loss: 2.0572
Epoch: 9, Batch: 210, Acc: 48.93%, Loss: 2.0232
Epoch: 9, Batch: 220, Acc: 48.91%, Loss: 2.1110
Epoch: 9, Batch: 230, Acc: 48.87%, Loss: 2.1059
Epoch: 9, Batch: 240, Acc: 48.97%, Loss: 2.0104
Epoch: 9, Batch: 250, Acc: 49.02%, Loss: 2.0444
Accuracy on test set: 4.88%
Epoch: 10, Batch: 10, Acc: 46.88%, Loss: 2.1094
Epoch: 10, Batch: 20, Acc: 49.45%, Loss: 1.9677
Epoch: 10, Batch: 30, Acc: 49.84%, Loss: 2.0589
Epoch: 10, Batch: 40, Acc: 49.18%, Loss: 2.1225
Epoch: 10, Batch: 50, Acc: 49.31%, Loss: 2.0407
Epoch: 10, Batch: 60, Acc: 49.30%, Loss: 2.0635
Epoch: 10, Batch: 70, Acc: 49.35%, Loss: 2.0237
Epoch: 10, Batch: 80, Acc: 49.41%, Loss: 2.0357
Epoch: 10, Batch: 90, Acc: 49.46%, Loss: 2.0432
Epoch: 10, Batch: 100, Acc: 49.27%, Loss: 2.1340
Epoch: 10, Batch: 110, Acc: 49.18%, Loss: 2.0942
Epoch: 10, Batch: 120, Acc: 49.08%, Loss: 2.0965
Epoch: 10, Batch: 130, Acc: 49.03%, Loss: 2.0695
Epoch: 10, Batch: 140, Acc: 49.14%, Loss: 2.0388
Epoch: 10, Batch: 150, Acc: 49.07%, Loss: 2.0860
Epoch: 10, Batch: 160, Acc: 49.03%, Loss: 2.0914
Epoch: 10, Batch: 170, Acc: 48.94%, Loss: 2.0662
Epoch: 10, Batch: 180, Acc: 48.84%, Loss: 2.1058
Epoch: 10, Batch: 190, Acc: 48.96%, Loss: 2.0218
Epoch: 10, Batch: 200, Acc: 49.12%, Loss: 1.9985
Epoch: 10, Batch: 210, Acc: 49.03%, Loss: 2.0985
Epoch: 10, Batch: 220, Acc: 48.92%, Loss: 2.1257
Epoch: 10, Batch: 230, Acc: 48.94%, Loss: 1.9811
Epoch: 10, Batch: 240, Acc: 49.04%, Loss: 2.0105
Epoch: 10, Batch: 250, Acc: 49.04%, Loss: 2.0434
Accuracy on test set: 4.88%
  [Run 1 | eps=0.5 | quid | none | GPU 0] Training Time: 6093.36s  Best Acc: 4.89%

  [Run 1 | eps=0.5 | quid | none | GPU 0] Evaluating final model on clean test data...
  Accuracy    : 0.0489
  Loss        : 3.0831
  Precision   : 0.0032
  Recall      : 0.0436
  F1          : 0.0059
  Fpr         : 0.0435
  Fnr         : 0.9564
  Roc_auc     : 0.6824
  Pr_auc      : 0.1660
  Asr         : 92.4472
Metrics saved to eps0.5/qmlp-az-quid-run1-layer50_quid_eps0.5_quid_none.csv
  [Run 1 | eps=0.5 | quid | none | GPU 0] Done. Saved → eps0.5/qmlp-az-quid-run1-layer50-noiseless-Amplitude_eps0.5_quid_none.pt

====================================================================
 [Run 1 | eps=0.5 | quid | q-detection | GPU 1]
====================================================================
  [Run 1 | eps=0.5 | quid | q-detection | GPU 1] Stratified subset: 16100 samples (700 per class max, from 184342 total)
  [QUID] Computing density matrices for 8050 poisoned samples ...
  [QUID] Density matrices done in 10.4s
  [QUID] Assigning adversarial labels ...
  [QUID] Label assignment done in 460.3s
  [QUID] Labels changed: 8050/8050
  [Run 1 | eps=0.5 | quid | q-detection | GPU 1] Poisoned: 8050/16100
  [Run 1 | eps=0.5 | quid | q-detection | GPU 1] J matrix: 16100x16100 (2074 MB)
Epoch: 1, Batch: 10, Acc: 1.56%, Loss: 3.1753
Epoch: 1, Batch: 20, Acc: 1.80%, Loss: 3.1514
Epoch: 1, Batch: 30, Acc: 1.88%, Loss: 3.1385
Epoch: 1, Batch: 40, Acc: 2.15%, Loss: 3.1350
Epoch: 1, Batch: 50, Acc: 2.50%, Loss: 3.1162
Epoch: 1, Batch: 60, Acc: 3.12%, Loss: 3.1029
Epoch: 1, Batch: 70, Acc: 3.71%, Loss: 3.0852
Epoch: 1, Batch: 80, Acc: 3.81%, Loss: 3.0842
Epoch: 1, Batch: 90, Acc: 4.08%, Loss: 3.0505
Epoch: 1, Batch: 100, Acc: 4.41%, Loss: 3.0408
Epoch: 1, Batch: 110, Acc: 4.62%, Loss: 3.0342
Epoch: 1, Batch: 120, Acc: 4.96%, Loss: 2.9920
Epoch: 1, Batch: 130, Acc: 5.19%, Loss: 2.9736
Epoch: 1, Batch: 140, Acc: 5.42%, Loss: 2.9459
Epoch: 1, Batch: 150, Acc: 5.70%, Loss: 2.9332
Epoch: 1, Batch: 160, Acc: 6.07%, Loss: 2.8998
Epoch: 1, Batch: 170, Acc: 6.53%, Loss: 2.8957
Epoch: 1, Batch: 180, Acc: 6.97%, Loss: 2.8684
Epoch: 1, Batch: 190, Acc: 7.62%, Loss: 2.8439
Epoch: 1, Batch: 200, Acc: 8.41%, Loss: 2.8334
Epoch: 1, Batch: 210, Acc: 9.29%, Loss: 2.7927
Epoch: 1, Batch: 220, Acc: 10.26%, Loss: 2.7760
Epoch: 1, Batch: 230, Acc: 11.39%, Loss: 2.7537
Epoch: 1, Batch: 240, Acc: 12.57%, Loss: 2.7382
Epoch: 1, Batch: 250, Acc: 13.61%, Loss: 2.7182
Accuracy on test set: 5.02%
Epoch: 2, Batch: 10, Acc: 43.59%, Loss: 2.6615
Epoch: 2, Batch: 20, Acc: 42.73%, Loss: 2.7255
Epoch: 2, Batch: 30, Acc: 43.12%, Loss: 2.6657
Epoch: 2, Batch: 40, Acc: 43.95%, Loss: 2.6582
Epoch: 2, Batch: 50, Acc: 45.12%, Loss: 2.6352
Epoch: 2, Batch: 60, Acc: 46.15%, Loss: 2.5746
Epoch: 2, Batch: 70, Acc: 46.23%, Loss: 2.6061
Epoch: 2, Batch: 80, Acc: 46.78%, Loss: 2.5590
Epoch: 2, Batch: 90, Acc: 46.89%, Loss: 2.5549
Epoch: 2, Batch: 100, Acc: 47.12%, Loss: 2.5430
Epoch: 2, Batch: 110, Acc: 47.14%, Loss: 2.5073
Epoch: 2, Batch: 120, Acc: 47.36%, Loss: 2.4901
Epoch: 2, Batch: 130, Acc: 47.20%, Loss: 2.5157
Epoch: 2, Batch: 140, Acc: 47.43%, Loss: 2.4406
Epoch: 2, Batch: 150, Acc: 47.76%, Loss: 2.4050
Epoch: 2, Batch: 160, Acc: 47.97%, Loss: 2.3889
Epoch: 2, Batch: 170, Acc: 47.89%, Loss: 2.4128
Epoch: 2, Batch: 180, Acc: 48.04%, Loss: 2.3827
Epoch: 2, Batch: 190, Acc: 47.99%, Loss: 2.3678
Epoch: 2, Batch: 200, Acc: 47.93%, Loss: 2.3909
Epoch: 2, Batch: 210, Acc: 47.88%, Loss: 2.3982
Epoch: 2, Batch: 220, Acc: 47.93%, Loss: 2.3385
Epoch: 2, Batch: 230, Acc: 47.93%, Loss: 2.3483
Epoch: 2, Batch: 240, Acc: 48.02%, Loss: 2.2630
Epoch: 2, Batch: 250, Acc: 48.17%, Loss: 2.2957
Accuracy on test set: 4.88%
Epoch: 3, Batch: 10, Acc: 50.00%, Loss: 2.3186
Epoch: 3, Batch: 20, Acc: 48.52%, Loss: 2.3466
Epoch: 3, Batch: 30, Acc: 48.18%, Loss: 2.3878
Epoch: 3, Batch: 40, Acc: 48.05%, Loss: 2.3756
Epoch: 3, Batch: 50, Acc: 48.06%, Loss: 2.3735
Epoch: 3, Batch: 60, Acc: 48.46%, Loss: 2.2544
Epoch: 3, Batch: 70, Acc: 48.82%, Loss: 2.2069
Epoch: 3, Batch: 80, Acc: 48.52%, Loss: 2.3135
Epoch: 3, Batch: 90, Acc: 48.73%, Loss: 2.2704
Epoch: 3, Batch: 100, Acc: 48.62%, Loss: 2.3280
Epoch: 3, Batch: 110, Acc: 48.72%, Loss: 2.1251
Epoch: 3, Batch: 120, Acc: 48.74%, Loss: 2.3022
Epoch: 3, Batch: 130, Acc: 48.46%, Loss: 2.3350
Epoch: 3, Batch: 140, Acc: 48.57%, Loss: 2.2091
Epoch: 3, Batch: 150, Acc: 48.68%, Loss: 2.2769
Epoch: 3, Batch: 160, Acc: 48.95%, Loss: 2.0962
Epoch: 3, Batch: 170, Acc: 48.85%, Loss: 2.3183
Epoch: 3, Batch: 180, Acc: 48.90%, Loss: 2.1415
Epoch: 3, Batch: 190, Acc: 48.87%, Loss: 2.2075
Epoch: 3, Batch: 200, Acc: 48.77%, Loss: 2.2657
Epoch: 3, Batch: 210, Acc: 48.95%, Loss: 2.0601
Epoch: 3, Batch: 220, Acc: 49.08%, Loss: 2.1089
Epoch: 3, Batch: 230, Acc: 48.96%, Loss: 2.2171
Epoch: 3, Batch: 240, Acc: 48.95%, Loss: 2.1555
Epoch: 3, Batch: 250, Acc: 48.92%, Loss: 2.1481
Accuracy on test set: 4.88%
Epoch: 4, Batch: 10, Acc: 48.75%, Loss: 2.0399
Epoch: 4, Batch: 20, Acc: 48.12%, Loss: 2.1179
Epoch: 4, Batch: 30, Acc: 49.27%, Loss: 2.2759
Epoch: 4, Batch: 40, Acc: 47.77%, Loss: 2.3210
Epoch: 4, Batch: 50, Acc: 48.03%, Loss: 2.2376
Epoch: 4, Batch: 60, Acc: 47.76%, Loss: 2.2394
Epoch: 4, Batch: 70, Acc: 47.50%, Loss: 2.2294
Epoch: 4, Batch: 80, Acc: 48.28%, Loss: 2.2486
Epoch: 4, Batch: 90, Acc: 48.14%, Loss: 2.1501
Epoch: 4, Batch: 100, Acc: 48.48%, Loss: 2.2333
Epoch: 4, Batch: 110, Acc: 48.45%, Loss: 2.0923
Epoch: 4, Batch: 120, Acc: 48.62%, Loss: 2.0307
Epoch: 4, Batch: 130, Acc: 48.69%, Loss: 2.2375
Epoch: 4, Batch: 140, Acc: 48.66%, Loss: 2.0683
Epoch: 4, Batch: 150, Acc: 48.75%, Loss: 2.0323
Epoch: 4, Batch: 160, Acc: 48.86%, Loss: 1.9880
Epoch: 4, Batch: 170, Acc: 48.98%, Loss: 2.2533
Epoch: 4, Batch: 180, Acc: 48.97%, Loss: 2.3067
Epoch: 4, Batch: 190, Acc: 48.96%, Loss: 2.2115
Epoch: 4, Batch: 200, Acc: 49.01%, Loss: 2.2258
Epoch: 4, Batch: 210, Acc: 48.95%, Loss: 2.2538
Epoch: 4, Batch: 220, Acc: 48.84%, Loss: 2.2507
Epoch: 4, Batch: 230, Acc: 48.69%, Loss: 2.2031
Epoch: 4, Batch: 240, Acc: 48.75%, Loss: 2.1599
Epoch: 4, Batch: 250, Acc: 48.91%, Loss: 2.1019
Accuracy on test set: 4.88%
Epoch: 5, Batch: 10, Acc: 49.53%, Loss: 2.3109
Epoch: 5, Batch: 20, Acc: 48.05%, Loss: 2.2777
Epoch: 5, Batch: 30, Acc: 49.06%, Loss: 2.1763
Epoch: 5, Batch: 40, Acc: 48.83%, Loss: 2.1909
Epoch: 5, Batch: 50, Acc: 49.03%, Loss: 2.1105
Epoch: 5, Batch: 60, Acc: 49.27%, Loss: 2.1361
Epoch: 5, Batch: 70, Acc: 49.24%, Loss: 2.2340
Epoch: 5, Batch: 80, Acc: 49.08%, Loss: 2.0588
Epoch: 5, Batch: 90, Acc: 48.82%, Loss: 2.5434
Epoch: 5, Batch: 100, Acc: 48.98%, Loss: 2.3608
Epoch: 5, Batch: 110, Acc: 49.05%, Loss: 2.1307
Epoch: 5, Batch: 120, Acc: 49.10%, Loss: 2.2981
Epoch: 5, Batch: 130, Acc: 49.04%, Loss: 2.0028
Epoch: 5, Batch: 140, Acc: 48.93%, Loss: 2.0903
Epoch: 5, Batch: 150, Acc: 48.96%, Loss: 2.0396
Epoch: 5, Batch: 160, Acc: 48.93%, Loss: 2.2635
Epoch: 5, Batch: 170, Acc: 48.90%, Loss: 2.2429
Epoch: 5, Batch: 180, Acc: 48.85%, Loss: 2.4841
Epoch: 5, Batch: 190, Acc: 48.77%, Loss: 2.0271
Epoch: 5, Batch: 200, Acc: 48.78%, Loss: 2.2199
Epoch: 5, Batch: 210, Acc: 48.66%, Loss: 2.3467
Epoch: 5, Batch: 220, Acc: 48.61%, Loss: 2.4186
Epoch: 5, Batch: 230, Acc: 48.74%, Loss: 2.4568
Epoch: 5, Batch: 240, Acc: 48.96%, Loss: 2.2088
Epoch: 5, Batch: 250, Acc: 48.91%, Loss: 2.4937
Accuracy on test set: 4.88%
Epoch: 6, Batch: 10, Acc: 49.06%, Loss: 2.4150
Epoch: 6, Batch: 20, Acc: 49.06%, Loss: 2.4867
Epoch: 6, Batch: 30, Acc: 48.70%, Loss: 2.3771
Epoch: 6, Batch: 40, Acc: 48.71%, Loss: 2.1245
Epoch: 6, Batch: 50, Acc: 48.75%, Loss: 2.4796
Epoch: 6, Batch: 60, Acc: 48.83%, Loss: 2.3556
Epoch: 6, Batch: 70, Acc: 48.44%, Loss: 2.1900
Epoch: 6, Batch: 80, Acc: 49.02%, Loss: 2.3205
Epoch: 6, Batch: 90, Acc: 48.80%, Loss: 2.2772
Epoch: 6, Batch: 100, Acc: 49.00%, Loss: 2.7771
Epoch: 6, Batch: 110, Acc: 48.68%, Loss: 2.3242
Epoch: 6, Batch: 120, Acc: 48.66%, Loss: 2.3822
Epoch: 6, Batch: 130, Acc: 48.94%, Loss: 2.0222
Epoch: 6, Batch: 140, Acc: 49.13%, Loss: 2.4000
Epoch: 6, Batch: 150, Acc: 49.15%, Loss: 1.9833
Epoch: 6, Batch: 160, Acc: 49.16%, Loss: 2.4769
Epoch: 6, Batch: 170, Acc: 49.14%, Loss: 2.5894
Epoch: 6, Batch: 180, Acc: 49.11%, Loss: 2.7787
Epoch: 6, Batch: 190, Acc: 49.24%, Loss: 2.2449
Epoch: 6, Batch: 200, Acc: 49.31%, Loss: 2.2513
Epoch: 6, Batch: 210, Acc: 49.32%, Loss: 2.3754
Epoch: 6, Batch: 220, Acc: 49.27%, Loss: 2.6263
Epoch: 6, Batch: 230, Acc: 49.15%, Loss: 2.3032
Epoch: 6, Batch: 240, Acc: 49.11%, Loss: 2.2764
Epoch: 6, Batch: 250, Acc: 48.94%, Loss: 2.5307
Accuracy on test set: 4.88%
Epoch: 7, Batch: 10, Acc: 47.97%, Loss: 2.3672
Epoch: 7, Batch: 20, Acc: 50.86%, Loss: 2.1477
Epoch: 7, Batch: 30, Acc: 49.43%, Loss: 2.2387
Epoch: 7, Batch: 40, Acc: 48.75%, Loss: 2.5376
Epoch: 7, Batch: 50, Acc: 48.84%, Loss: 2.1996
Epoch: 7, Batch: 60, Acc: 48.10%, Loss: 2.3990
Epoch: 7, Batch: 70, Acc: 47.86%, Loss: 3.0383
Epoch: 7, Batch: 80, Acc: 47.97%, Loss: 2.8017
Epoch: 7, Batch: 90, Acc: 47.88%, Loss: 2.2162
Epoch: 7, Batch: 100, Acc: 48.34%, Loss: 2.1858
Epoch: 7, Batch: 110, Acc: 48.59%, Loss: 2.0563
Epoch: 7, Batch: 120, Acc: 48.63%, Loss: 2.6382
Epoch: 7, Batch: 130, Acc: 48.61%, Loss: 2.3105
Epoch: 7, Batch: 140, Acc: 48.66%, Loss: 2.0621
Epoch: 7, Batch: 150, Acc: 48.81%, Loss: 1.6883
Epoch: 7, Batch: 160, Acc: 48.82%, Loss: 2.2084
Epoch: 7, Batch: 170, Acc: 48.93%, Loss: 2.3628
Epoch: 7, Batch: 180, Acc: 48.98%, Loss: 2.5742
Epoch: 7, Batch: 190, Acc: 49.04%, Loss: 2.2369
Epoch: 7, Batch: 200, Acc: 48.99%, Loss: 2.3125
Epoch: 7, Batch: 210, Acc: 49.08%, Loss: 1.9373
Epoch: 7, Batch: 220, Acc: 49.15%, Loss: 2.4181
Epoch: 7, Batch: 230, Acc: 49.01%, Loss: 2.1542
Epoch: 7, Batch: 240, Acc: 49.03%, Loss: 1.9140
Epoch: 7, Batch: 250, Acc: 48.99%, Loss: 2.5237
Accuracy on test set: 4.88%
Epoch: 8, Batch: 10, Acc: 46.88%, Loss: 2.5396
Epoch: 8, Batch: 20, Acc: 47.03%, Loss: 2.3490
Epoch: 8, Batch: 30, Acc: 47.97%, Loss: 2.7124
Epoch: 8, Batch: 40, Acc: 49.38%, Loss: 2.3855
Epoch: 8, Batch: 50, Acc: 49.78%, Loss: 2.3259
Epoch: 8, Batch: 60, Acc: 49.58%, Loss: 1.9292
Epoch: 8, Batch: 70, Acc: 49.60%, Loss: 2.7673
Epoch: 8, Batch: 80, Acc: 49.36%, Loss: 2.5440
Epoch: 8, Batch: 90, Acc: 49.62%, Loss: 1.8520
Epoch: 8, Batch: 100, Acc: 49.33%, Loss: 2.9967
Epoch: 8, Batch: 110, Acc: 49.26%, Loss: 2.5383
Epoch: 8, Batch: 120, Acc: 49.45%, Loss: 2.8834
Epoch: 8, Batch: 130, Acc: 49.35%, Loss: 2.1947
Epoch: 8, Batch: 140, Acc: 49.04%, Loss: 2.5426
Epoch: 8, Batch: 150, Acc: 48.88%, Loss: 2.9457
Epoch: 8, Batch: 160, Acc: 48.94%, Loss: 2.9842
Epoch: 8, Batch: 170, Acc: 49.09%, Loss: 2.3303
Epoch: 8, Batch: 180, Acc: 48.99%, Loss: 2.2363
Epoch: 8, Batch: 190, Acc: 49.07%, Loss: 2.1891
Epoch: 8, Batch: 200, Acc: 49.06%, Loss: 2.2998
Epoch: 8, Batch: 210, Acc: 49.14%, Loss: 1.9544
Epoch: 8, Batch: 220, Acc: 49.10%, Loss: 1.9749
Epoch: 8, Batch: 230, Acc: 48.91%, Loss: 2.3616
Epoch: 8, Batch: 240, Acc: 48.82%, Loss: 2.9553
Epoch: 8, Batch: 250, Acc: 48.96%, Loss: 2.6102
Accuracy on test set: 3.03%
Epoch: 9, Batch: 10, Acc: 50.00%, Loss: 2.5240
Epoch: 9, Batch: 20, Acc: 49.45%, Loss: 2.5788
Epoch: 9, Batch: 30, Acc: 49.48%, Loss: 1.9761
Epoch: 9, Batch: 40, Acc: 49.26%, Loss: 2.9358
Epoch: 9, Batch: 50, Acc: 49.19%, Loss: 2.7551
Epoch: 9, Batch: 60, Acc: 49.56%, Loss: 3.0014
Epoch: 9, Batch: 70, Acc: 49.78%, Loss: 2.6893
Epoch: 9, Batch: 80, Acc: 49.65%, Loss: 2.3270
Epoch: 9, Batch: 90, Acc: 49.46%, Loss: 2.4021
Epoch: 9, Batch: 100, Acc: 49.38%, Loss: 2.5136
Epoch: 9, Batch: 110, Acc: 49.25%, Loss: 2.5147
Epoch: 9, Batch: 120, Acc: 49.13%, Loss: 2.7867
Epoch: 9, Batch: 130, Acc: 49.16%, Loss: 2.5728
Epoch: 9, Batch: 140, Acc: 49.08%, Loss: 2.7635
Epoch: 9, Batch: 150, Acc: 49.12%, Loss: 2.3472
Epoch: 9, Batch: 160, Acc: 49.05%, Loss: 2.9176
Epoch: 9, Batch: 170, Acc: 48.80%, Loss: 2.5546
Epoch: 9, Batch: 180, Acc: 48.87%, Loss: 2.8286
Epoch: 9, Batch: 190, Acc: 48.80%, Loss: 2.5734
Epoch: 9, Batch: 200, Acc: 48.81%, Loss: 2.3221
Epoch: 9, Batch: 210, Acc: 48.95%, Loss: 2.5261
Epoch: 9, Batch: 220, Acc: 48.93%, Loss: 2.8695
Epoch: 9, Batch: 230, Acc: 48.89%, Loss: 2.3314
Epoch: 9, Batch: 240, Acc: 48.99%, Loss: 2.3313
Epoch: 9, Batch: 250, Acc: 49.07%, Loss: 2.1707
Accuracy on test set: 4.07%
Epoch: 10, Batch: 10, Acc: 47.97%, Loss: 2.7497
Epoch: 10, Batch: 20, Acc: 49.92%, Loss: 2.0917
Epoch: 10, Batch: 30, Acc: 50.16%, Loss: 3.0534
Epoch: 10, Batch: 40, Acc: 49.41%, Loss: 2.5595
Epoch: 10, Batch: 50, Acc: 49.59%, Loss: 2.7097
Epoch: 10, Batch: 60, Acc: 49.51%, Loss: 2.3702
Epoch: 10, Batch: 70, Acc: 49.53%, Loss: 2.8767
Epoch: 10, Batch: 80, Acc: 49.59%, Loss: 2.3742
Epoch: 10, Batch: 90, Acc: 49.62%, Loss: 2.6859
Epoch: 10, Batch: 100, Acc: 49.38%, Loss: 2.8702
Epoch: 10, Batch: 110, Acc: 49.25%, Loss: 2.5468
Epoch: 10, Batch: 120, Acc: 49.13%, Loss: 2.9127
Epoch: 10, Batch: 130, Acc: 49.15%, Loss: 3.0094
Epoch: 10, Batch: 140, Acc: 49.22%, Loss: 2.6845
Epoch: 10, Batch: 150, Acc: 49.16%, Loss: 2.7004
Epoch: 10, Batch: 160, Acc: 49.08%, Loss: 2.7004
Epoch: 10, Batch: 170, Acc: 49.00%, Loss: 2.9666
Epoch: 10, Batch: 180, Acc: 48.89%, Loss: 2.7394
Epoch: 10, Batch: 190, Acc: 49.01%, Loss: 2.9736
Epoch: 10, Batch: 200, Acc: 49.14%, Loss: 2.5193
Epoch: 10, Batch: 210, Acc: 49.04%, Loss: 2.9857
Epoch: 10, Batch: 220, Acc: 48.96%, Loss: 2.7304
Epoch: 10, Batch: 230, Acc: 48.98%, Loss: 2.8785
Epoch: 10, Batch: 240, Acc: 49.06%, Loss: 2.9734
Epoch: 10, Batch: 250, Acc: 49.05%, Loss: 2.8519
Accuracy on test set: 5.57%
  [Run 1 | eps=0.5 | quid | q-detection | GPU 1] Training Time: 12657.38s  Best Acc: 5.57%

  [Run 1 | eps=0.5 | quid | q-detection | GPU 1] Evaluating final model on clean test data...
  Accuracy    : 0.0557
  Loss        : 2.9453
  Precision   : 0.0430
  Recall      : 0.0496
  F1          : 0.0461
  Fpr         : 0.0432
  Fnr         : 0.9504
  Roc_auc     : 0.8111
  Pr_auc      : 0.2668
  Asr         : 93.0807
Metrics saved to eps0.5/qmlp-az-quid-run1-layer50_quid_eps0.5_quid_qdetection.csv
  [Run 1 | eps=0.5 | quid | q-detection | GPU 1] Done. Saved → eps0.5/qmlp-az-quid-run1-layer50-noiseless-Amplitude_eps0.5_quid_qdetection.pt

====================================================================
 [Run 1 | eps=0.5 | random | none | GPU 0]
====================================================================
  [Run 1 | eps=0.5 | random | none | GPU 0] Stratified subset: 16100 samples (700 per class max, from 184342 total)
  [Run 1 | eps=0.5 | random | none | GPU 0] Poisoned: 8050/16100
Epoch: 1, Batch: 10, Acc: 3.91%, Loss: 3.1614
Epoch: 1, Batch: 20, Acc: 4.84%, Loss: 3.1356
Epoch: 1, Batch: 30, Acc: 4.69%, Loss: 3.1460
Epoch: 1, Batch: 40, Acc: 4.61%, Loss: 3.1404
Epoch: 1, Batch: 50, Acc: 4.56%, Loss: 3.1475
Epoch: 1, Batch: 60, Acc: 4.56%, Loss: 3.1357
Epoch: 1, Batch: 70, Acc: 4.80%, Loss: 3.1382
Epoch: 1, Batch: 80, Acc: 4.92%, Loss: 3.1339
Epoch: 1, Batch: 90, Acc: 5.17%, Loss: 3.1284
Epoch: 1, Batch: 100, Acc: 5.33%, Loss: 3.1353
Epoch: 1, Batch: 110, Acc: 5.37%, Loss: 3.1254
Epoch: 1, Batch: 120, Acc: 5.40%, Loss: 3.1256
Epoch: 1, Batch: 130, Acc: 5.58%, Loss: 3.1242
Epoch: 1, Batch: 140, Acc: 5.67%, Loss: 3.1241
Epoch: 1, Batch: 150, Acc: 5.72%, Loss: 3.1252
Epoch: 1, Batch: 160, Acc: 5.72%, Loss: 3.1192
Epoch: 1, Batch: 170, Acc: 5.76%, Loss: 3.1159
Epoch: 1, Batch: 180, Acc: 5.84%, Loss: 3.1224
Epoch: 1, Batch: 190, Acc: 5.91%, Loss: 3.1214
Epoch: 1, Batch: 200, Acc: 5.90%, Loss: 3.1135
Epoch: 1, Batch: 210, Acc: 6.06%, Loss: 3.0996
Epoch: 1, Batch: 220, Acc: 6.17%, Loss: 3.1088
Epoch: 1, Batch: 230, Acc: 6.24%, Loss: 3.1046
Epoch: 1, Batch: 240, Acc: 6.27%, Loss: 3.1082
Epoch: 1, Batch: 250, Acc: 6.33%, Loss: 3.1068
Accuracy on test set: 13.90%
Epoch: 2, Batch: 10, Acc: 10.78%, Loss: 3.0914
Epoch: 2, Batch: 20, Acc: 9.30%, Loss: 3.1038
Epoch: 2, Batch: 30, Acc: 9.11%, Loss: 3.0955
Epoch: 2, Batch: 40, Acc: 9.14%, Loss: 3.0954
Epoch: 2, Batch: 50, Acc: 8.97%, Loss: 3.1045
Epoch: 2, Batch: 60, Acc: 8.98%, Loss: 3.0924
Epoch: 2, Batch: 70, Acc: 9.02%, Loss: 3.0839
Epoch: 2, Batch: 80, Acc: 9.16%, Loss: 3.0774
Epoch: 2, Batch: 90, Acc: 9.29%, Loss: 3.0936
Epoch: 2, Batch: 100, Acc: 9.23%, Loss: 3.0953
Epoch: 2, Batch: 110, Acc: 9.32%, Loss: 3.0769
Epoch: 2, Batch: 120, Acc: 9.41%, Loss: 3.0782
Epoch: 2, Batch: 130, Acc: 9.66%, Loss: 3.0811
Epoch: 2, Batch: 140, Acc: 9.74%, Loss: 3.0687
Epoch: 2, Batch: 150, Acc: 9.80%, Loss: 3.0709
Epoch: 2, Batch: 160, Acc: 9.81%, Loss: 3.0860
Epoch: 2, Batch: 170, Acc: 9.91%, Loss: 3.0718
Epoch: 2, Batch: 180, Acc: 9.98%, Loss: 3.0718
Epoch: 2, Batch: 190, Acc: 10.11%, Loss: 3.0472
Epoch: 2, Batch: 200, Acc: 10.21%, Loss: 3.0653
Epoch: 2, Batch: 210, Acc: 10.19%, Loss: 3.0771
Epoch: 2, Batch: 220, Acc: 10.34%, Loss: 3.0586
Epoch: 2, Batch: 230, Acc: 10.41%, Loss: 3.0611
Epoch: 2, Batch: 240, Acc: 10.52%, Loss: 3.0625
Epoch: 2, Batch: 250, Acc: 10.54%, Loss: 3.0736
Accuracy on test set: 21.78%
Epoch: 3, Batch: 10, Acc: 15.16%, Loss: 3.0552
Epoch: 3, Batch: 20, Acc: 14.14%, Loss: 3.0406
Epoch: 3, Batch: 30, Acc: 13.12%, Loss: 3.0637
Epoch: 3, Batch: 40, Acc: 13.01%, Loss: 3.0484
Epoch: 3, Batch: 50, Acc: 13.00%, Loss: 3.0546
Epoch: 3, Batch: 60, Acc: 12.99%, Loss: 3.0525
Epoch: 3, Batch: 70, Acc: 13.17%, Loss: 3.0488
Epoch: 3, Batch: 80, Acc: 13.11%, Loss: 3.0569
Epoch: 3, Batch: 90, Acc: 13.37%, Loss: 3.0286
Epoch: 3, Batch: 100, Acc: 13.48%, Loss: 3.0473
Epoch: 3, Batch: 110, Acc: 13.85%, Loss: 3.0336
Epoch: 3, Batch: 120, Acc: 13.89%, Loss: 3.0475
Epoch: 3, Batch: 130, Acc: 13.88%, Loss: 3.0320
Epoch: 3, Batch: 140, Acc: 13.98%, Loss: 3.0319
Epoch: 3, Batch: 150, Acc: 13.94%, Loss: 3.0501
Epoch: 3, Batch: 160, Acc: 13.92%, Loss: 3.0483
Epoch: 3, Batch: 170, Acc: 13.81%, Loss: 3.0430
Epoch: 3, Batch: 180, Acc: 13.81%, Loss: 3.0630
Epoch: 3, Batch: 190, Acc: 13.90%, Loss: 3.0181
Epoch: 3, Batch: 200, Acc: 13.92%, Loss: 3.0554
Epoch: 3, Batch: 210, Acc: 13.98%, Loss: 3.0303
Epoch: 3, Batch: 220, Acc: 14.14%, Loss: 3.0169
Epoch: 3, Batch: 230, Acc: 14.06%, Loss: 3.0695
Epoch: 3, Batch: 240, Acc: 14.21%, Loss: 3.0294
Epoch: 3, Batch: 250, Acc: 14.29%, Loss: 3.0338
Accuracy on test set: 28.36%
Epoch: 4, Batch: 10, Acc: 18.91%, Loss: 3.0251
Epoch: 4, Batch: 20, Acc: 17.42%, Loss: 3.0360
Epoch: 4, Batch: 30, Acc: 17.29%, Loss: 3.0297
Epoch: 4, Batch: 40, Acc: 17.07%, Loss: 3.0290
Epoch: 4, Batch: 50, Acc: 17.19%, Loss: 3.0352
Epoch: 4, Batch: 60, Acc: 17.24%, Loss: 3.0234
Epoch: 4, Batch: 70, Acc: 16.99%, Loss: 3.0297
Epoch: 4, Batch: 80, Acc: 16.93%, Loss: 3.0445
Epoch: 4, Batch: 90, Acc: 17.15%, Loss: 3.0205
Epoch: 4, Batch: 100, Acc: 17.14%, Loss: 3.0072
Epoch: 4, Batch: 110, Acc: 16.99%, Loss: 3.0098
Epoch: 4, Batch: 120, Acc: 17.03%, Loss: 3.0213
Epoch: 4, Batch: 130, Acc: 17.21%, Loss: 3.0203
Epoch: 4, Batch: 140, Acc: 17.34%, Loss: 2.9982
Epoch: 4, Batch: 150, Acc: 17.42%, Loss: 3.0139
Epoch: 4, Batch: 160, Acc: 17.42%, Loss: 3.0380
Epoch: 4, Batch: 170, Acc: 17.36%, Loss: 3.0356
Epoch: 4, Batch: 180, Acc: 17.45%, Loss: 2.9911
Epoch: 4, Batch: 190, Acc: 17.49%, Loss: 3.0134
Epoch: 4, Batch: 200, Acc: 17.60%, Loss: 3.0136
Epoch: 4, Batch: 210, Acc: 17.55%, Loss: 3.0222
Epoch: 4, Batch: 220, Acc: 17.49%, Loss: 3.0282
Epoch: 4, Batch: 230, Acc: 17.49%, Loss: 3.0187
Epoch: 4, Batch: 240, Acc: 17.60%, Loss: 2.9819
Epoch: 4, Batch: 250, Acc: 17.69%, Loss: 3.0248
Accuracy on test set: 32.24%
Epoch: 5, Batch: 10, Acc: 18.59%, Loss: 3.0056
Epoch: 5, Batch: 20, Acc: 19.14%, Loss: 3.0120
Epoch: 5, Batch: 30, Acc: 18.59%, Loss: 3.0057
Epoch: 5, Batch: 40, Acc: 19.18%, Loss: 3.0095
Epoch: 5, Batch: 50, Acc: 18.91%, Loss: 3.0112
Epoch: 5, Batch: 60, Acc: 19.14%, Loss: 2.9940
Epoch: 5, Batch: 70, Acc: 18.75%, Loss: 3.0143
Epoch: 5, Batch: 80, Acc: 18.85%, Loss: 2.9986
Epoch: 5, Batch: 90, Acc: 18.73%, Loss: 3.0077
Epoch: 5, Batch: 100, Acc: 18.62%, Loss: 3.0029
Epoch: 5, Batch: 110, Acc: 18.78%, Loss: 2.9795
Epoch: 5, Batch: 120, Acc: 19.17%, Loss: 2.9621
Epoch: 5, Batch: 130, Acc: 19.12%, Loss: 3.0007
Epoch: 5, Batch: 140, Acc: 19.19%, Loss: 2.9799
Epoch: 5, Batch: 150, Acc: 19.22%, Loss: 3.0148
Epoch: 5, Batch: 160, Acc: 19.16%, Loss: 3.0063
Epoch: 5, Batch: 170, Acc: 19.32%, Loss: 2.9685
Epoch: 5, Batch: 180, Acc: 19.31%, Loss: 2.9960
Epoch: 5, Batch: 190, Acc: 19.39%, Loss: 2.9755
Epoch: 5, Batch: 200, Acc: 19.30%, Loss: 3.0585
Epoch: 5, Batch: 210, Acc: 19.26%, Loss: 3.0149
Epoch: 5, Batch: 220, Acc: 19.24%, Loss: 2.9958
Epoch: 5, Batch: 230, Acc: 19.29%, Loss: 2.9867
Epoch: 5, Batch: 240, Acc: 19.28%, Loss: 2.9988
Epoch: 5, Batch: 250, Acc: 19.31%, Loss: 3.0145
Accuracy on test set: 34.49%
Epoch: 6, Batch: 10, Acc: 20.94%, Loss: 2.9576
Epoch: 6, Batch: 20, Acc: 20.08%, Loss: 2.9933
Epoch: 6, Batch: 30, Acc: 20.47%, Loss: 2.9729
Epoch: 6, Batch: 40, Acc: 20.94%, Loss: 2.9536
Epoch: 6, Batch: 50, Acc: 20.75%, Loss: 2.9998
Epoch: 6, Batch: 60, Acc: 20.78%, Loss: 2.9797
Epoch: 6, Batch: 70, Acc: 20.47%, Loss: 2.9775
Epoch: 6, Batch: 80, Acc: 20.14%, Loss: 3.0363
Epoch: 6, Batch: 90, Acc: 20.21%, Loss: 2.9593
Epoch: 6, Batch: 100, Acc: 20.17%, Loss: 2.9963
Epoch: 6, Batch: 110, Acc: 20.24%, Loss: 2.9747
Epoch: 6, Batch: 120, Acc: 20.27%, Loss: 3.0006
Epoch: 6, Batch: 130, Acc: 20.12%, Loss: 2.9880
Epoch: 6, Batch: 140, Acc: 20.01%, Loss: 3.0001
Epoch: 6, Batch: 150, Acc: 20.09%, Loss: 2.9681
Epoch: 6, Batch: 160, Acc: 19.83%, Loss: 3.0031
Epoch: 6, Batch: 170, Acc: 19.98%, Loss: 2.9456
Epoch: 6, Batch: 180, Acc: 19.84%, Loss: 3.0143
Epoch: 6, Batch: 190, Acc: 19.86%, Loss: 2.9892
Epoch: 6, Batch: 200, Acc: 19.91%, Loss: 2.9293
Epoch: 6, Batch: 210, Acc: 19.88%, Loss: 3.0010
Epoch: 6, Batch: 220, Acc: 19.84%, Loss: 2.9657
Epoch: 6, Batch: 230, Acc: 19.82%, Loss: 2.9894
Epoch: 6, Batch: 240, Acc: 19.75%, Loss: 2.9947
Epoch: 6, Batch: 250, Acc: 19.84%, Loss: 2.9625
Accuracy on test set: 35.67%
Epoch: 7, Batch: 10, Acc: 22.66%, Loss: 2.9673
Epoch: 7, Batch: 20, Acc: 21.41%, Loss: 2.9725
Epoch: 7, Batch: 30, Acc: 20.94%, Loss: 2.9691
Epoch: 7, Batch: 40, Acc: 21.02%, Loss: 2.9527
Epoch: 7, Batch: 50, Acc: 20.66%, Loss: 2.9657
Epoch: 7, Batch: 60, Acc: 20.21%, Loss: 2.9788
Epoch: 7, Batch: 70, Acc: 20.22%, Loss: 2.9232
Epoch: 7, Batch: 80, Acc: 20.21%, Loss: 2.9645
Epoch: 7, Batch: 90, Acc: 20.30%, Loss: 2.9794
Epoch: 7, Batch: 100, Acc: 20.14%, Loss: 2.9992
Epoch: 7, Batch: 110, Acc: 20.18%, Loss: 2.9575
Epoch: 7, Batch: 120, Acc: 20.23%, Loss: 2.9767
Epoch: 7, Batch: 130, Acc: 20.29%, Loss: 2.9685
Epoch: 7, Batch: 140, Acc: 20.32%, Loss: 2.9774
Epoch: 7, Batch: 150, Acc: 20.49%, Loss: 2.9610
Epoch: 7, Batch: 160, Acc: 20.48%, Loss: 2.9828
Epoch: 7, Batch: 170, Acc: 20.60%, Loss: 2.9448
Epoch: 7, Batch: 180, Acc: 20.43%, Loss: 2.9711
Epoch: 7, Batch: 190, Acc: 20.47%, Loss: 2.9498
Epoch: 7, Batch: 200, Acc: 20.52%, Loss: 2.9668
Epoch: 7, Batch: 210, Acc: 20.52%, Loss: 2.9839
Epoch: 7, Batch: 220, Acc: 20.47%, Loss: 2.9456
Epoch: 7, Batch: 230, Acc: 20.41%, Loss: 2.9768
Epoch: 7, Batch: 240, Acc: 20.56%, Loss: 2.9388
Epoch: 7, Batch: 250, Acc: 20.65%, Loss: 2.9796
Accuracy on test set: 37.41%
Epoch: 8, Batch: 10, Acc: 23.75%, Loss: 2.9262
Epoch: 8, Batch: 20, Acc: 21.64%, Loss: 2.9514
Epoch: 8, Batch: 30, Acc: 21.88%, Loss: 2.9257
Epoch: 8, Batch: 40, Acc: 21.52%, Loss: 2.9502
Epoch: 8, Batch: 50, Acc: 21.75%, Loss: 2.9444
Epoch: 8, Batch: 60, Acc: 21.41%, Loss: 2.9378
Epoch: 8, Batch: 70, Acc: 21.32%, Loss: 2.9850
Epoch: 8, Batch: 80, Acc: 21.45%, Loss: 2.9401
Epoch: 8, Batch: 90, Acc: 21.35%, Loss: 2.9815
Epoch: 8, Batch: 100, Acc: 21.33%, Loss: 2.9575
Epoch: 8, Batch: 110, Acc: 21.61%, Loss: 2.9276
Epoch: 8, Batch: 120, Acc: 21.45%, Loss: 2.9837
Epoch: 8, Batch: 130, Acc: 21.49%, Loss: 2.9524
Epoch: 8, Batch: 140, Acc: 21.66%, Loss: 2.8929
Epoch: 8, Batch: 150, Acc: 21.43%, Loss: 2.9784
Epoch: 8, Batch: 160, Acc: 21.35%, Loss: 2.9622
Epoch: 8, Batch: 170, Acc: 21.38%, Loss: 2.9527
Epoch: 8, Batch: 180, Acc: 21.32%, Loss: 2.9575
Epoch: 8, Batch: 190, Acc: 21.10%, Loss: 2.9611
Epoch: 8, Batch: 200, Acc: 21.13%, Loss: 2.9277
Epoch: 8, Batch: 210, Acc: 21.28%, Loss: 2.9458
Epoch: 8, Batch: 220, Acc: 21.24%, Loss: 2.9530
Epoch: 8, Batch: 230, Acc: 21.34%, Loss: 2.9404
Epoch: 8, Batch: 240, Acc: 21.24%, Loss: 2.9649
Epoch: 8, Batch: 250, Acc: 21.19%, Loss: 2.9776
Accuracy on test set: 38.45%
Epoch: 9, Batch: 10, Acc: 21.25%, Loss: 2.9509
Epoch: 9, Batch: 20, Acc: 21.88%, Loss: 2.9302
Epoch: 9, Batch: 30, Acc: 21.82%, Loss: 2.9570
Epoch: 9, Batch: 40, Acc: 21.80%, Loss: 2.9652
Epoch: 9, Batch: 50, Acc: 21.75%, Loss: 2.9322
Epoch: 9, Batch: 60, Acc: 21.72%, Loss: 2.9430
Epoch: 9, Batch: 70, Acc: 21.88%, Loss: 2.9416
Epoch: 9, Batch: 80, Acc: 21.82%, Loss: 2.9239
Epoch: 9, Batch: 90, Acc: 21.70%, Loss: 2.9327
Epoch: 9, Batch: 100, Acc: 21.56%, Loss: 2.9421
Epoch: 9, Batch: 110, Acc: 21.36%, Loss: 2.9441
Epoch: 9, Batch: 120, Acc: 21.32%, Loss: 2.9293
Epoch: 9, Batch: 130, Acc: 21.26%, Loss: 2.9241
Epoch: 9, Batch: 140, Acc: 21.02%, Loss: 2.9827
Epoch: 9, Batch: 150, Acc: 21.21%, Loss: 2.8818
Epoch: 9, Batch: 160, Acc: 21.22%, Loss: 2.9253
Epoch: 9, Batch: 170, Acc: 21.39%, Loss: 2.9183
Epoch: 9, Batch: 180, Acc: 21.56%, Loss: 2.9517
Epoch: 9, Batch: 190, Acc: 21.59%, Loss: 2.9159
Epoch: 9, Batch: 200, Acc: 21.61%, Loss: 2.9176
Epoch: 9, Batch: 210, Acc: 21.60%, Loss: 2.9543
Epoch: 9, Batch: 220, Acc: 21.60%, Loss: 2.9163
Epoch: 9, Batch: 230, Acc: 21.64%, Loss: 2.9537
Epoch: 9, Batch: 240, Acc: 21.64%, Loss: 2.9158
Epoch: 9, Batch: 250, Acc: 21.63%, Loss: 2.9581
Accuracy on test set: 38.85%
Epoch: 10, Batch: 10, Acc: 20.94%, Loss: 2.9618
Epoch: 10, Batch: 20, Acc: 22.27%, Loss: 2.9079
Epoch: 10, Batch: 30, Acc: 21.93%, Loss: 2.9041
Epoch: 10, Batch: 40, Acc: 22.15%, Loss: 2.9011
Epoch: 10, Batch: 50, Acc: 22.12%, Loss: 2.9415
Epoch: 10, Batch: 60, Acc: 22.14%, Loss: 2.9357
Epoch: 10, Batch: 70, Acc: 22.37%, Loss: 2.8958
Epoch: 10, Batch: 80, Acc: 21.99%, Loss: 2.9533
Epoch: 10, Batch: 90, Acc: 21.89%, Loss: 2.9147
Epoch: 10, Batch: 100, Acc: 21.73%, Loss: 2.9363
Epoch: 10, Batch: 110, Acc: 21.75%, Loss: 2.9230
Epoch: 10, Batch: 120, Acc: 21.78%, Loss: 2.9235
Epoch: 10, Batch: 130, Acc: 21.78%, Loss: 2.9389
Epoch: 10, Batch: 140, Acc: 21.81%, Loss: 2.9237
Epoch: 10, Batch: 150, Acc: 21.82%, Loss: 2.9449
Epoch: 10, Batch: 160, Acc: 21.73%, Loss: 2.9444
Epoch: 10, Batch: 170, Acc: 21.84%, Loss: 2.9061
Epoch: 10, Batch: 180, Acc: 21.90%, Loss: 2.9114
Epoch: 10, Batch: 190, Acc: 21.78%, Loss: 2.9382
Epoch: 10, Batch: 200, Acc: 21.72%, Loss: 2.9209
Epoch: 10, Batch: 210, Acc: 21.81%, Loss: 2.9205
Epoch: 10, Batch: 220, Acc: 21.77%, Loss: 2.9407
Epoch: 10, Batch: 230, Acc: 21.99%, Loss: 2.8620
Epoch: 10, Batch: 240, Acc: 21.98%, Loss: 2.9409
Epoch: 10, Batch: 250, Acc: 22.02%, Loss: 2.9001
Accuracy on test set: 39.92%
  [Run 1 | eps=0.5 | random | none | GPU 0] Training Time: 6104.57s  Best Acc: 39.92%

  [Run 1 | eps=0.5 | random | none | GPU 0] Evaluating final model on clean test data...
  Accuracy    : 0.3992
  Loss        : 2.6203
  Precision   : 0.3584
  Recall      : 0.4085
  F1          : 0.3818
  Fpr         : 0.0273
  Fnr         : 0.5915
  Roc_auc     : 0.8663
  Pr_auc      : 0.3972
  Asr         : 3.0932
Metrics saved to eps0.5/qmlp-az-quid-run1-layer50_quid_eps0.5_random_none.csv
  [Run 1 | eps=0.5 | random | none | GPU 0] Done. Saved → eps0.5/qmlp-az-quid-run1-layer50-noiseless-Amplitude_eps0.5_random_none.pt

====================================================================
 [Run 1 | eps=0.5 | random | q-detection | GPU 1]
====================================================================
  [Run 1 | eps=0.5 | random | q-detection | GPU 1] Stratified subset: 16100 samples (700 per class max, from 184342 total)
  [Run 1 | eps=0.5 | random | q-detection | GPU 1] Poisoned: 8050/16100
  [Run 1 | eps=0.5 | random | q-detection | GPU 1] J matrix: 16100x16100 (2074 MB)
Epoch: 1, Batch: 10, Acc: 3.91%, Loss: 3.1342
Epoch: 1, Batch: 20, Acc: 4.84%, Loss: 3.1061
Epoch: 1, Batch: 30, Acc: 4.74%, Loss: 3.1149
Epoch: 1, Batch: 40, Acc: 4.65%, Loss: 3.1037
Epoch: 1, Batch: 50, Acc: 4.53%, Loss: 3.1149
Epoch: 1, Batch: 60, Acc: 4.58%, Loss: 3.1005
Epoch: 1, Batch: 70, Acc: 4.71%, Loss: 3.1027
Epoch: 1, Batch: 80, Acc: 4.82%, Loss: 3.1025
Epoch: 1, Batch: 90, Acc: 5.09%, Loss: 3.0955
Epoch: 1, Batch: 100, Acc: 5.23%, Loss: 3.1012
Epoch: 1, Batch: 110, Acc: 5.23%, Loss: 3.0941
Epoch: 1, Batch: 120, Acc: 5.29%, Loss: 3.0945
Epoch: 1, Batch: 130, Acc: 5.47%, Loss: 3.0921
Epoch: 1, Batch: 140, Acc: 5.57%, Loss: 3.0958
Epoch: 1, Batch: 150, Acc: 5.57%, Loss: 3.0982
Epoch: 1, Batch: 160, Acc: 5.61%, Loss: 3.0902
Epoch: 1, Batch: 170, Acc: 5.60%, Loss: 3.0801
Epoch: 1, Batch: 180, Acc: 5.58%, Loss: 3.0907
Epoch: 1, Batch: 190, Acc: 5.59%, Loss: 3.0899
Epoch: 1, Batch: 200, Acc: 5.55%, Loss: 3.0760
Epoch: 1, Batch: 210, Acc: 5.62%, Loss: 3.0648
Epoch: 1, Batch: 220, Acc: 5.70%, Loss: 3.0744
Epoch: 1, Batch: 230, Acc: 5.73%, Loss: 3.0656
Epoch: 1, Batch: 240, Acc: 5.72%, Loss: 3.0766
Epoch: 1, Batch: 250, Acc: 5.76%, Loss: 3.0534
Accuracy on test set: 11.22%
Epoch: 2, Batch: 10, Acc: 7.50%, Loss: 3.0672
Epoch: 2, Batch: 20, Acc: 7.34%, Loss: 3.0578
Epoch: 2, Batch: 30, Acc: 7.76%, Loss: 3.0575
Epoch: 2, Batch: 40, Acc: 7.97%, Loss: 3.0353
Epoch: 2, Batch: 50, Acc: 7.69%, Loss: 3.0621
Epoch: 2, Batch: 60, Acc: 7.92%, Loss: 3.0530
Epoch: 2, Batch: 70, Acc: 8.01%, Loss: 3.0274
Epoch: 2, Batch: 80, Acc: 8.16%, Loss: 3.0416
Epoch: 2, Batch: 90, Acc: 8.12%, Loss: 3.0441
Epoch: 2, Batch: 100, Acc: 8.06%, Loss: 3.0526
Epoch: 2, Batch: 110, Acc: 8.18%, Loss: 2.9982
Epoch: 2, Batch: 120, Acc: 8.10%, Loss: 3.0255
Epoch: 2, Batch: 130, Acc: 8.17%, Loss: 3.0299
Epoch: 2, Batch: 140, Acc: 8.19%, Loss: 2.9874
Epoch: 2, Batch: 150, Acc: 8.28%, Loss: 3.0050
Epoch: 2, Batch: 160, Acc: 8.24%, Loss: 3.0320
Epoch: 2, Batch: 170, Acc: 8.24%, Loss: 2.9980
Epoch: 2, Batch: 180, Acc: 8.27%, Loss: 3.0060
Epoch: 2, Batch: 190, Acc: 8.38%, Loss: 2.9450
Epoch: 2, Batch: 200, Acc: 8.44%, Loss: 2.9898
Epoch: 2, Batch: 210, Acc: 8.36%, Loss: 3.0285
Epoch: 2, Batch: 220, Acc: 8.34%, Loss: 2.9857
Epoch: 2, Batch: 230, Acc: 8.36%, Loss: 2.9977
Epoch: 2, Batch: 240, Acc: 8.42%, Loss: 2.9801
Epoch: 2, Batch: 250, Acc: 8.41%, Loss: 3.0139
Accuracy on test set: 12.96%
Epoch: 3, Batch: 10, Acc: 9.53%, Loss: 3.0028
Epoch: 3, Batch: 20, Acc: 8.91%, Loss: 2.9966
Epoch: 3, Batch: 30, Acc: 8.85%, Loss: 2.9920
Epoch: 3, Batch: 40, Acc: 8.55%, Loss: 2.9551
Epoch: 3, Batch: 50, Acc: 8.56%, Loss: 2.9754
Epoch: 3, Batch: 60, Acc: 8.49%, Loss: 2.9886
Epoch: 3, Batch: 70, Acc: 8.50%, Loss: 3.0059
Epoch: 3, Batch: 80, Acc: 8.36%, Loss: 2.9996
Epoch: 3, Batch: 90, Acc: 8.54%, Loss: 2.9575
Epoch: 3, Batch: 100, Acc: 8.52%, Loss: 2.9998
Epoch: 3, Batch: 110, Acc: 8.75%, Loss: 2.9681
Epoch: 3, Batch: 120, Acc: 8.74%, Loss: 3.0023
Epoch: 3, Batch: 130, Acc: 8.73%, Loss: 2.9576
Epoch: 3, Batch: 140, Acc: 8.75%, Loss: 2.9343
Epoch: 3, Batch: 150, Acc: 8.74%, Loss: 2.9713
Epoch: 3, Batch: 160, Acc: 8.73%, Loss: 2.9858
Epoch: 3, Batch: 170, Acc: 8.73%, Loss: 2.9709
Epoch: 3, Batch: 180, Acc: 8.66%, Loss: 3.0236
Epoch: 3, Batch: 190, Acc: 8.74%, Loss: 2.9352
Epoch: 3, Batch: 200, Acc: 8.67%, Loss: 2.9805
Epoch: 3, Batch: 210, Acc: 8.67%, Loss: 2.9494
Epoch: 3, Batch: 220, Acc: 8.74%, Loss: 2.9633
Epoch: 3, Batch: 230, Acc: 8.69%, Loss: 3.0296
Epoch: 3, Batch: 240, Acc: 8.80%, Loss: 3.0051
Epoch: 3, Batch: 250, Acc: 8.82%, Loss: 3.0097
Accuracy on test set: 17.01%
Epoch: 4, Batch: 10, Acc: 12.19%, Loss: 2.9571
Epoch: 4, Batch: 20, Acc: 11.02%, Loss: 3.0280
Epoch: 4, Batch: 30, Acc: 10.83%, Loss: 2.9793
Epoch: 4, Batch: 40, Acc: 10.27%, Loss: 3.0246
Epoch: 4, Batch: 50, Acc: 10.31%, Loss: 2.9996
Epoch: 4, Batch: 60, Acc: 10.52%, Loss: 2.9915
Epoch: 4, Batch: 70, Acc: 10.76%, Loss: 2.9275
Epoch: 4, Batch: 80, Acc: 10.82%, Loss: 3.0278
Epoch: 4, Batch: 90, Acc: 10.87%, Loss: 2.9543
Epoch: 4, Batch: 100, Acc: 10.81%, Loss: 2.9057
Epoch: 4, Batch: 110, Acc: 10.80%, Loss: 2.9634
Epoch: 4, Batch: 120, Acc: 10.92%, Loss: 2.9897
Epoch: 4, Batch: 130, Acc: 10.94%, Loss: 2.9814
Epoch: 4, Batch: 140, Acc: 11.04%, Loss: 2.9785
Epoch: 4, Batch: 150, Acc: 11.09%, Loss: 2.9582
Epoch: 4, Batch: 160, Acc: 11.03%, Loss: 2.9936
Epoch: 4, Batch: 170, Acc: 11.00%, Loss: 3.0432
Epoch: 4, Batch: 180, Acc: 11.18%, Loss: 2.9527
Epoch: 4, Batch: 190, Acc: 11.27%, Loss: 2.9627
Epoch: 4, Batch: 200, Acc: 11.44%, Loss: 2.9306
Epoch: 4, Batch: 210, Acc: 11.38%, Loss: 2.9839
Epoch: 4, Batch: 220, Acc: 11.52%, Loss: 2.9643
Epoch: 4, Batch: 230, Acc: 11.47%, Loss: 2.9949
Epoch: 4, Batch: 240, Acc: 11.54%, Loss: 2.9538
Epoch: 4, Batch: 250, Acc: 11.57%, Loss: 2.9760
Accuracy on test set: 22.47%
Epoch: 5, Batch: 10, Acc: 14.22%, Loss: 3.0210
Epoch: 5, Batch: 20, Acc: 12.58%, Loss: 3.0184
Epoch: 5, Batch: 30, Acc: 12.66%, Loss: 2.9883
Epoch: 5, Batch: 40, Acc: 12.81%, Loss: 2.9587
Epoch: 5, Batch: 50, Acc: 13.22%, Loss: 2.9710
Epoch: 5, Batch: 60, Acc: 13.18%, Loss: 2.9451
Epoch: 5, Batch: 70, Acc: 12.70%, Loss: 2.9956
Epoch: 5, Batch: 80, Acc: 12.79%, Loss: 3.0452
Epoch: 5, Batch: 90, Acc: 12.59%, Loss: 3.0549
Epoch: 5, Batch: 100, Acc: 12.58%, Loss: 2.9876
Epoch: 5, Batch: 110, Acc: 12.86%, Loss: 3.0104
Epoch: 5, Batch: 120, Acc: 13.24%, Loss: 3.0086
Epoch: 5, Batch: 130, Acc: 13.25%, Loss: 2.8765
Epoch: 5, Batch: 140, Acc: 13.40%, Loss: 2.9478
Epoch: 5, Batch: 150, Acc: 13.36%, Loss: 3.0835
Epoch: 5, Batch: 160, Acc: 13.40%, Loss: 2.9297
Epoch: 5, Batch: 170, Acc: 13.62%, Loss: 2.9265
Epoch: 5, Batch: 180, Acc: 13.61%, Loss: 2.9027
Epoch: 5, Batch: 190, Acc: 13.71%, Loss: 3.0196
Epoch: 5, Batch: 200, Acc: 13.59%, Loss: 2.9913
Epoch: 5, Batch: 210, Acc: 13.50%, Loss: 2.9209
Epoch: 5, Batch: 220, Acc: 13.54%, Loss: 2.9886
Epoch: 5, Batch: 230, Acc: 13.63%, Loss: 3.0019
Epoch: 5, Batch: 240, Acc: 13.70%, Loss: 3.0018
Epoch: 5, Batch: 250, Acc: 13.69%, Loss: 3.0385
Accuracy on test set: 26.35%
Epoch: 6, Batch: 10, Acc: 15.94%, Loss: 3.0332
Epoch: 6, Batch: 20, Acc: 15.62%, Loss: 3.0173
Epoch: 6, Batch: 30, Acc: 16.20%, Loss: 2.9657
Epoch: 6, Batch: 40, Acc: 16.45%, Loss: 2.9572
Epoch: 6, Batch: 50, Acc: 16.44%, Loss: 3.0935
Epoch: 6, Batch: 60, Acc: 16.48%, Loss: 3.0246
Epoch: 6, Batch: 70, Acc: 16.14%, Loss: 3.0285
Epoch: 6, Batch: 80, Acc: 15.68%, Loss: 3.0061
Epoch: 6, Batch: 90, Acc: 15.89%, Loss: 2.9716
Epoch: 6, Batch: 100, Acc: 16.09%, Loss: 3.0491
Epoch: 6, Batch: 110, Acc: 16.11%, Loss: 3.0079
Epoch: 6, Batch: 120, Acc: 16.18%, Loss: 2.9817
Epoch: 6, Batch: 130, Acc: 16.07%, Loss: 2.9623
Epoch: 6, Batch: 140, Acc: 16.16%, Loss: 2.9402
Epoch: 6, Batch: 150, Acc: 16.34%, Loss: 2.9608
Epoch: 6, Batch: 160, Acc: 16.22%, Loss: 3.0364
Epoch: 6, Batch: 170, Acc: 16.41%, Loss: 2.9171
Epoch: 6, Batch: 180, Acc: 16.28%, Loss: 3.0469
Epoch: 6, Batch: 190, Acc: 16.41%, Loss: 3.0562
Epoch: 6, Batch: 200, Acc: 16.59%, Loss: 2.8962
Epoch: 6, Batch: 210, Acc: 16.69%, Loss: 3.0924
Epoch: 6, Batch: 220, Acc: 16.74%, Loss: 2.9777
Epoch: 6, Batch: 230, Acc: 16.73%, Loss: 3.0074
Epoch: 6, Batch: 240, Acc: 16.77%, Loss: 3.0285
Epoch: 6, Batch: 250, Acc: 16.88%, Loss: 3.0483
Accuracy on test set: 33.03%
Epoch: 7, Batch: 10, Acc: 21.41%, Loss: 2.9639
Epoch: 7, Batch: 20, Acc: 20.08%, Loss: 3.0230
Epoch: 7, Batch: 30, Acc: 18.85%, Loss: 3.0414
Epoch: 7, Batch: 40, Acc: 18.98%, Loss: 2.9802
Epoch: 7, Batch: 50, Acc: 19.22%, Loss: 2.8882
Epoch: 7, Batch: 60, Acc: 18.67%, Loss: 3.0895
Epoch: 7, Batch: 70, Acc: 18.77%, Loss: 2.8362
Epoch: 7, Batch: 80, Acc: 18.61%, Loss: 3.0653
Epoch: 7, Batch: 90, Acc: 18.63%, Loss: 2.9774
Epoch: 7, Batch: 100, Acc: 18.38%, Loss: 3.0739
Epoch: 7, Batch: 110, Acc: 18.51%, Loss: 2.9451
Epoch: 7, Batch: 120, Acc: 18.57%, Loss: 3.0677
Epoch: 7, Batch: 130, Acc: 18.68%, Loss: 3.0313
Epoch: 7, Batch: 140, Acc: 18.69%, Loss: 2.9770
Epoch: 7, Batch: 150, Acc: 18.82%, Loss: 3.0302
Epoch: 7, Batch: 160, Acc: 18.77%, Loss: 3.0067
Epoch: 7, Batch: 170, Acc: 18.92%, Loss: 2.9791
Epoch: 7, Batch: 180, Acc: 18.78%, Loss: 3.0519
Epoch: 7, Batch: 190, Acc: 18.77%, Loss: 2.9294
Epoch: 7, Batch: 200, Acc: 18.83%, Loss: 3.0589
Epoch: 7, Batch: 210, Acc: 18.76%, Loss: 2.9458
Epoch: 7, Batch: 220, Acc: 18.81%, Loss: 2.9809
Epoch: 7, Batch: 230, Acc: 18.76%, Loss: 3.0420
Epoch: 7, Batch: 240, Acc: 18.87%, Loss: 2.9135
Epoch: 7, Batch: 250, Acc: 18.89%, Loss: 2.9839
Accuracy on test set: 33.87%
Epoch: 8, Batch: 10, Acc: 20.47%, Loss: 2.9442
Epoch: 8, Batch: 20, Acc: 19.69%, Loss: 2.9782
Epoch: 8, Batch: 30, Acc: 19.74%, Loss: 2.9553
Epoch: 8, Batch: 40, Acc: 19.53%, Loss: 2.9664
Epoch: 8, Batch: 50, Acc: 19.47%, Loss: 3.0041
Epoch: 8, Batch: 60, Acc: 19.56%, Loss: 2.9819
Epoch: 8, Batch: 70, Acc: 19.51%, Loss: 2.9994
Epoch: 8, Batch: 80, Acc: 19.55%, Loss: 2.9725
Epoch: 8, Batch: 90, Acc: 19.57%, Loss: 3.0262
Epoch: 8, Batch: 100, Acc: 19.64%, Loss: 2.9221
Epoch: 8, Batch: 110, Acc: 19.80%, Loss: 3.0091
Epoch: 8, Batch: 120, Acc: 19.64%, Loss: 3.0705
Epoch: 8, Batch: 130, Acc: 19.76%, Loss: 2.9587
Epoch: 8, Batch: 140, Acc: 19.87%, Loss: 2.8505
Epoch: 8, Batch: 150, Acc: 19.59%, Loss: 3.0701
Epoch: 8, Batch: 160, Acc: 19.56%, Loss: 2.9911
Epoch: 8, Batch: 170, Acc: 19.49%, Loss: 3.0483
Epoch: 8, Batch: 180, Acc: 19.39%, Loss: 3.0857
Epoch: 8, Batch: 190, Acc: 19.24%, Loss: 2.9809
Epoch: 8, Batch: 200, Acc: 19.25%, Loss: 2.9816
Epoch: 8, Batch: 210, Acc: 19.28%, Loss: 2.9913
Epoch: 8, Batch: 220, Acc: 19.29%, Loss: 2.9310
Epoch: 8, Batch: 230, Acc: 19.25%, Loss: 3.0128
Epoch: 8, Batch: 240, Acc: 19.15%, Loss: 3.0340
Epoch: 8, Batch: 250, Acc: 19.11%, Loss: 2.9889
Accuracy on test set: 33.78%
Epoch: 9, Batch: 10, Acc: 20.16%, Loss: 3.0271
Epoch: 9, Batch: 20, Acc: 21.09%, Loss: 2.9919
Epoch: 9, Batch: 30, Acc: 19.74%, Loss: 3.0952
Epoch: 9, Batch: 40, Acc: 19.34%, Loss: 3.0857
Epoch: 9, Batch: 50, Acc: 19.16%, Loss: 3.0518
Epoch: 9, Batch: 60, Acc: 19.24%, Loss: 2.9511
Epoch: 9, Batch: 70, Acc: 19.44%, Loss: 2.9633
Epoch: 9, Batch: 80, Acc: 19.67%, Loss: 3.0123
Epoch: 9, Batch: 90, Acc: 19.57%, Loss: 3.0681
Epoch: 9, Batch: 100, Acc: 19.38%, Loss: 3.0177
Epoch: 9, Batch: 110, Acc: 19.19%, Loss: 3.0063
Epoch: 9, Batch: 120, Acc: 19.17%, Loss: 3.0631
Epoch: 9, Batch: 130, Acc: 19.10%, Loss: 2.9003
Epoch: 9, Batch: 140, Acc: 18.93%, Loss: 3.0388
Epoch: 9, Batch: 150, Acc: 19.05%, Loss: 2.9361
Epoch: 9, Batch: 160, Acc: 19.16%, Loss: 3.0684
Epoch: 9, Batch: 170, Acc: 19.13%, Loss: 3.0224
Epoch: 9, Batch: 180, Acc: 19.23%, Loss: 3.0704
Epoch: 9, Batch: 190, Acc: 19.29%, Loss: 2.9990
Epoch: 9, Batch: 200, Acc: 19.33%, Loss: 2.9332
Epoch: 9, Batch: 210, Acc: 19.38%, Loss: 3.0272
Epoch: 9, Batch: 220, Acc: 19.45%, Loss: 3.0228
Epoch: 9, Batch: 230, Acc: 19.46%, Loss: 3.0743
Epoch: 9, Batch: 240, Acc: 19.50%, Loss: 2.9788
Epoch: 9, Batch: 250, Acc: 19.46%, Loss: 3.0064
Accuracy on test set: 35.08%
Epoch: 10, Batch: 10, Acc: 20.31%, Loss: 2.7918
Epoch: 10, Batch: 20, Acc: 20.47%, Loss: 2.9884
Epoch: 10, Batch: 30, Acc: 20.31%, Loss: 2.9874
Epoch: 10, Batch: 40, Acc: 20.16%, Loss: 3.0245
Epoch: 10, Batch: 50, Acc: 20.16%, Loss: 3.0785
Epoch: 10, Batch: 60, Acc: 20.26%, Loss: 3.0424
Epoch: 10, Batch: 70, Acc: 20.31%, Loss: 3.0992
Epoch: 10, Batch: 80, Acc: 19.94%, Loss: 2.9931
Epoch: 10, Batch: 90, Acc: 20.16%, Loss: 3.0070
Epoch: 10, Batch: 100, Acc: 20.02%, Loss: 3.0674
Epoch: 10, Batch: 110, Acc: 19.91%, Loss: 2.9426
Epoch: 10, Batch: 120, Acc: 20.00%, Loss: 3.0445
Epoch: 10, Batch: 130, Acc: 19.95%, Loss: 3.0824
Epoch: 10, Batch: 140, Acc: 19.98%, Loss: 3.0559
Epoch: 10, Batch: 150, Acc: 20.02%, Loss: 3.0948
Epoch: 10, Batch: 160, Acc: 20.04%, Loss: 2.9140
Epoch: 10, Batch: 170, Acc: 20.06%, Loss: 3.0617
Epoch: 10, Batch: 180, Acc: 20.13%, Loss: 3.0826
Epoch: 10, Batch: 190, Acc: 20.07%, Loss: 3.0524
Epoch: 10, Batch: 200, Acc: 20.09%, Loss: 3.0607
Epoch: 10, Batch: 210, Acc: 20.16%, Loss: 2.9603
Epoch: 10, Batch: 220, Acc: 20.23%, Loss: 3.0324
Epoch: 10, Batch: 230, Acc: 20.34%, Loss: 3.0093
Epoch: 10, Batch: 240, Acc: 20.29%, Loss: 3.0376
Epoch: 10, Batch: 250, Acc: 20.34%, Loss: 2.9773
Accuracy on test set: 36.41%
  [Run 1 | eps=0.5 | random | q-detection | GPU 1] Training Time: 12560.19s  Best Acc: 36.41%

  [Run 1 | eps=0.5 | random | q-detection | GPU 1] Evaluating final model on clean test data...
  Accuracy    : 0.3641
  Loss        : 2.7617
  Precision   : 0.3382
  Recall      : 0.3717
  F1          : 0.3542
  Fpr         : 0.0289
  Fnr         : 0.6283
  Roc_auc     : 0.8457
  Pr_auc      : 0.3885
  Asr         : 3.5031
Metrics saved to eps0.5/qmlp-az-quid-run1-layer50_quid_eps0.5_random_qdetection.csv
  [Run 1 | eps=0.5 | random | q-detection | GPU 1] Done. Saved → eps0.5/qmlp-az-quid-run1-layer50-noiseless-Amplitude_eps0.5_random_qdetection.pt

====================================================================
 [Run 2 | eps=0.1 | quid | none | GPU 0]
====================================================================
  [Run 2 | eps=0.1 | quid | none | GPU 0] Stratified subset: 16100 samples (700 per class max, from 184342 total)
  [QUID] Computing density matrices for 1610 poisoned samples ...
  [QUID] Density matrices done in 2.4s
  [QUID] Assigning adversarial labels ...
  [QUID] Label assignment done in 92.5s
  [QUID] Labels changed: 1610/1610
  [Run 2 | eps=0.1 | quid | none | GPU 0] Poisoned: 1610/16100
Epoch: 1, Batch: 10, Acc: 8.91%, Loss: 3.1422
Epoch: 1, Batch: 20, Acc: 9.14%, Loss: 3.1306
Epoch: 1, Batch: 30, Acc: 10.05%, Loss: 3.1069
Epoch: 1, Batch: 40, Acc: 10.51%, Loss: 3.0914
Epoch: 1, Batch: 50, Acc: 10.78%, Loss: 3.0934
Epoch: 1, Batch: 60, Acc: 10.96%, Loss: 3.0977
Epoch: 1, Batch: 70, Acc: 11.32%, Loss: 3.0770
Epoch: 1, Batch: 80, Acc: 11.60%, Loss: 3.0798
Epoch: 1, Batch: 90, Acc: 11.74%, Loss: 3.0755
Epoch: 1, Batch: 100, Acc: 11.86%, Loss: 3.0653
Epoch: 1, Batch: 110, Acc: 12.02%, Loss: 3.0533
Epoch: 1, Batch: 120, Acc: 11.97%, Loss: 3.0713
Epoch: 1, Batch: 130, Acc: 12.19%, Loss: 3.0491
Epoch: 1, Batch: 140, Acc: 12.22%, Loss: 3.0429
Epoch: 1, Batch: 150, Acc: 12.38%, Loss: 3.0279
Epoch: 1, Batch: 160, Acc: 12.47%, Loss: 3.0392
Epoch: 1, Batch: 170, Acc: 12.68%, Loss: 3.0286
Epoch: 1, Batch: 180, Acc: 12.84%, Loss: 3.0125
Epoch: 1, Batch: 190, Acc: 13.01%, Loss: 3.0055
Epoch: 1, Batch: 200, Acc: 13.13%, Loss: 3.0091
Epoch: 1, Batch: 210, Acc: 13.20%, Loss: 3.0163
Epoch: 1, Batch: 220, Acc: 13.39%, Loss: 2.9962
Epoch: 1, Batch: 230, Acc: 13.53%, Loss: 2.9892
Epoch: 1, Batch: 240, Acc: 13.71%, Loss: 2.9706
Epoch: 1, Batch: 250, Acc: 13.89%, Loss: 2.9514
Accuracy on test set: 10.73%
Epoch: 2, Batch: 10, Acc: 16.41%, Loss: 2.9735
Epoch: 2, Batch: 20, Acc: 17.03%, Loss: 2.9624
Epoch: 2, Batch: 30, Acc: 17.71%, Loss: 2.9390
Epoch: 2, Batch: 40, Acc: 16.60%, Loss: 2.9696
Epoch: 2, Batch: 50, Acc: 17.44%, Loss: 2.9095
Epoch: 2, Batch: 60, Acc: 17.53%, Loss: 2.9469
Epoch: 2, Batch: 70, Acc: 17.50%, Loss: 2.9378
Epoch: 2, Batch: 80, Acc: 17.73%, Loss: 2.8986
Epoch: 2, Batch: 90, Acc: 17.71%, Loss: 2.9286
Epoch: 2, Batch: 100, Acc: 17.69%, Loss: 2.9309
Epoch: 2, Batch: 110, Acc: 17.54%, Loss: 2.9246
Epoch: 2, Batch: 120, Acc: 17.57%, Loss: 2.8995
Epoch: 2, Batch: 130, Acc: 17.51%, Loss: 2.9033
Epoch: 2, Batch: 140, Acc: 17.37%, Loss: 2.9123
Epoch: 2, Batch: 150, Acc: 17.26%, Loss: 2.9087
Epoch: 2, Batch: 160, Acc: 17.12%, Loss: 2.9063
Epoch: 2, Batch: 170, Acc: 17.10%, Loss: 2.9078
Epoch: 2, Batch: 180, Acc: 17.13%, Loss: 2.8585
Epoch: 2, Batch: 190, Acc: 17.08%, Loss: 2.9250
Epoch: 2, Batch: 200, Acc: 17.20%, Loss: 2.8397
Epoch: 2, Batch: 210, Acc: 17.32%, Loss: 2.8358
Epoch: 2, Batch: 220, Acc: 17.27%, Loss: 2.9104
Epoch: 2, Batch: 230, Acc: 17.32%, Loss: 2.8593
Epoch: 2, Batch: 240, Acc: 17.40%, Loss: 2.8153
Epoch: 2, Batch: 250, Acc: 17.44%, Loss: 2.8720
Accuracy on test set: 11.59%
Epoch: 3, Batch: 10, Acc: 16.25%, Loss: 2.8447
Epoch: 3, Batch: 20, Acc: 17.42%, Loss: 2.8432
Epoch: 3, Batch: 30, Acc: 18.54%, Loss: 2.7984
Epoch: 3, Batch: 40, Acc: 19.02%, Loss: 2.8083
Epoch: 3, Batch: 50, Acc: 18.97%, Loss: 2.8093
Epoch: 3, Batch: 60, Acc: 18.62%, Loss: 2.8465
Epoch: 3, Batch: 70, Acc: 18.59%, Loss: 2.8332
Epoch: 3, Batch: 80, Acc: 18.79%, Loss: 2.7828
Epoch: 3, Batch: 90, Acc: 18.59%, Loss: 2.8273
Epoch: 3, Batch: 100, Acc: 18.64%, Loss: 2.8042
Epoch: 3, Batch: 110, Acc: 18.61%, Loss: 2.8153
Epoch: 3, Batch: 120, Acc: 18.55%, Loss: 2.8300
Epoch: 3, Batch: 130, Acc: 18.55%, Loss: 2.8143
Epoch: 3, Batch: 140, Acc: 18.50%, Loss: 2.8481
Epoch: 3, Batch: 150, Acc: 18.70%, Loss: 2.7614
Epoch: 3, Batch: 160, Acc: 18.78%, Loss: 2.7848
Epoch: 3, Batch: 170, Acc: 18.69%, Loss: 2.8183
Epoch: 3, Batch: 180, Acc: 18.77%, Loss: 2.7780
Epoch: 3, Batch: 190, Acc: 18.87%, Loss: 2.7795
Epoch: 3, Batch: 200, Acc: 18.91%, Loss: 2.7665
Epoch: 3, Batch: 210, Acc: 18.94%, Loss: 2.8081
Epoch: 3, Batch: 220, Acc: 19.03%, Loss: 2.7284
Epoch: 3, Batch: 230, Acc: 19.05%, Loss: 2.7661
Epoch: 3, Batch: 240, Acc: 19.08%, Loss: 2.7907
Epoch: 3, Batch: 250, Acc: 19.18%, Loss: 2.7466
Accuracy on test set: 14.26%
Epoch: 4, Batch: 10, Acc: 22.66%, Loss: 2.7229
Epoch: 4, Batch: 20, Acc: 22.11%, Loss: 2.7501
Epoch: 4, Batch: 30, Acc: 21.88%, Loss: 2.7167
Epoch: 4, Batch: 40, Acc: 22.03%, Loss: 2.7462
Epoch: 4, Batch: 50, Acc: 21.75%, Loss: 2.7430
Epoch: 4, Batch: 60, Acc: 21.51%, Loss: 2.7395
Epoch: 4, Batch: 70, Acc: 21.36%, Loss: 2.7561
Epoch: 4, Batch: 80, Acc: 21.13%, Loss: 2.7441
Epoch: 4, Batch: 90, Acc: 21.02%, Loss: 2.7668
Epoch: 4, Batch: 100, Acc: 21.05%, Loss: 2.7225
Epoch: 4, Batch: 110, Acc: 21.21%, Loss: 2.7105
Epoch: 4, Batch: 120, Acc: 21.13%, Loss: 2.7486
Epoch: 4, Batch: 130, Acc: 21.06%, Loss: 2.7429
Epoch: 4, Batch: 140, Acc: 21.14%, Loss: 2.7197
Epoch: 4, Batch: 150, Acc: 20.99%, Loss: 2.7847
Epoch: 4, Batch: 160, Acc: 21.20%, Loss: 2.7006
Epoch: 4, Batch: 170, Acc: 21.29%, Loss: 2.7207
Epoch: 4, Batch: 180, Acc: 21.35%, Loss: 2.6847
Epoch: 4, Batch: 190, Acc: 21.47%, Loss: 2.6903
Epoch: 4, Batch: 200, Acc: 21.52%, Loss: 2.7028
Epoch: 4, Batch: 210, Acc: 21.49%, Loss: 2.7037
Epoch: 4, Batch: 220, Acc: 21.67%, Loss: 2.6494
Epoch: 4, Batch: 230, Acc: 21.73%, Loss: 2.6628
Epoch: 4, Batch: 240, Acc: 21.73%, Loss: 2.6833
Epoch: 4, Batch: 250, Acc: 21.76%, Loss: 2.6806
Accuracy on test set: 17.93%
Epoch: 5, Batch: 10, Acc: 23.44%, Loss: 2.6668
Epoch: 5, Batch: 20, Acc: 22.42%, Loss: 2.7005
Epoch: 5, Batch: 30, Acc: 23.12%, Loss: 2.6714
Epoch: 5, Batch: 40, Acc: 23.32%, Loss: 2.6588
Epoch: 5, Batch: 50, Acc: 23.44%, Loss: 2.6970
Epoch: 5, Batch: 60, Acc: 23.46%, Loss: 2.6790
Epoch: 5, Batch: 70, Acc: 23.59%, Loss: 2.6457
Epoch: 5, Batch: 80, Acc: 23.61%, Loss: 2.6230
Epoch: 5, Batch: 90, Acc: 23.75%, Loss: 2.6259
Epoch: 5, Batch: 100, Acc: 23.81%, Loss: 2.6619
Epoch: 5, Batch: 110, Acc: 23.68%, Loss: 2.6984
Epoch: 5, Batch: 120, Acc: 23.63%, Loss: 2.6580
Epoch: 5, Batch: 130, Acc: 23.49%, Loss: 2.6860
Epoch: 5, Batch: 140, Acc: 23.50%, Loss: 2.6523
Epoch: 5, Batch: 150, Acc: 23.47%, Loss: 2.6471
Epoch: 5, Batch: 160, Acc: 23.54%, Loss: 2.6474
Epoch: 5, Batch: 170, Acc: 23.63%, Loss: 2.6406
Epoch: 5, Batch: 180, Acc: 23.72%, Loss: 2.6273
Epoch: 5, Batch: 190, Acc: 23.74%, Loss: 2.6069
Epoch: 5, Batch: 200, Acc: 23.85%, Loss: 2.5975
Epoch: 5, Batch: 210, Acc: 24.04%, Loss: 2.5814
Epoch: 5, Batch: 220, Acc: 24.20%, Loss: 2.5760
Epoch: 5, Batch: 230, Acc: 24.29%, Loss: 2.6047
Epoch: 5, Batch: 240, Acc: 24.31%, Loss: 2.6044
Epoch: 5, Batch: 250, Acc: 24.17%, Loss: 2.6796
Accuracy on test set: 20.61%
Epoch: 6, Batch: 10, Acc: 25.00%, Loss: 2.6006
Epoch: 6, Batch: 20, Acc: 25.47%, Loss: 2.6080
Epoch: 6, Batch: 30, Acc: 25.78%, Loss: 2.5907
Epoch: 6, Batch: 40, Acc: 25.51%, Loss: 2.6457
Epoch: 6, Batch: 50, Acc: 25.81%, Loss: 2.5675
Epoch: 6, Batch: 60, Acc: 26.04%, Loss: 2.5608
Epoch: 6, Batch: 70, Acc: 26.32%, Loss: 2.5474
Epoch: 6, Batch: 80, Acc: 25.84%, Loss: 2.6495
Epoch: 6, Batch: 90, Acc: 25.61%, Loss: 2.6399
Epoch: 6, Batch: 100, Acc: 25.59%, Loss: 2.6201
Epoch: 6, Batch: 110, Acc: 25.67%, Loss: 2.5810
Epoch: 6, Batch: 120, Acc: 25.74%, Loss: 2.5525
Epoch: 6, Batch: 130, Acc: 25.65%, Loss: 2.5878
Epoch: 6, Batch: 140, Acc: 25.55%, Loss: 2.6119
Epoch: 6, Batch: 150, Acc: 25.60%, Loss: 2.5850
Epoch: 6, Batch: 160, Acc: 25.55%, Loss: 2.6185
Epoch: 6, Batch: 170, Acc: 25.63%, Loss: 2.5472
Epoch: 6, Batch: 180, Acc: 25.82%, Loss: 2.5266
Epoch: 6, Batch: 190, Acc: 25.99%, Loss: 2.5212
Epoch: 6, Batch: 200, Acc: 25.95%, Loss: 2.5453
Epoch: 6, Batch: 210, Acc: 26.00%, Loss: 2.5414
Epoch: 6, Batch: 220, Acc: 26.09%, Loss: 2.4992
Epoch: 6, Batch: 230, Acc: 26.14%, Loss: 2.5465
Epoch: 6, Batch: 240, Acc: 26.04%, Loss: 2.6367
Epoch: 6, Batch: 250, Acc: 26.23%, Loss: 2.4884
Accuracy on test set: 22.37%
Epoch: 7, Batch: 10, Acc: 25.94%, Loss: 2.5755
Epoch: 7, Batch: 20, Acc: 25.94%, Loss: 2.5523
Epoch: 7, Batch: 30, Acc: 27.34%, Loss: 2.4430
Epoch: 7, Batch: 40, Acc: 27.50%, Loss: 2.5657
Epoch: 7, Batch: 50, Acc: 27.72%, Loss: 2.5405
Epoch: 7, Batch: 60, Acc: 28.07%, Loss: 2.4930
Epoch: 7, Batch: 70, Acc: 27.92%, Loss: 2.5404
Epoch: 7, Batch: 80, Acc: 27.68%, Loss: 2.5336
Epoch: 7, Batch: 90, Acc: 27.85%, Loss: 2.4871
Epoch: 7, Batch: 100, Acc: 27.80%, Loss: 2.5187
Epoch: 7, Batch: 110, Acc: 27.63%, Loss: 2.5806
Epoch: 7, Batch: 120, Acc: 27.79%, Loss: 2.4916
Epoch: 7, Batch: 130, Acc: 27.99%, Loss: 2.4780
Epoch: 7, Batch: 140, Acc: 27.89%, Loss: 2.5702
Epoch: 7, Batch: 150, Acc: 27.89%, Loss: 2.5283
Epoch: 7, Batch: 160, Acc: 28.02%, Loss: 2.4940
Epoch: 7, Batch: 170, Acc: 28.12%, Loss: 2.4985
Epoch: 7, Batch: 180, Acc: 28.15%, Loss: 2.4922
Epoch: 7, Batch: 190, Acc: 28.35%, Loss: 2.4407
Epoch: 7, Batch: 200, Acc: 28.44%, Loss: 2.5009
Epoch: 7, Batch: 210, Acc: 28.47%, Loss: 2.4940
Epoch: 7, Batch: 220, Acc: 28.41%, Loss: 2.5327
Epoch: 7, Batch: 230, Acc: 28.44%, Loss: 2.5123
Epoch: 7, Batch: 240, Acc: 28.41%, Loss: 2.4887
Epoch: 7, Batch: 250, Acc: 28.51%, Loss: 2.4896
Accuracy on test set: 24.77%
Epoch: 8, Batch: 10, Acc: 27.81%, Loss: 2.4948
Epoch: 8, Batch: 20, Acc: 29.69%, Loss: 2.4675
Epoch: 8, Batch: 30, Acc: 28.54%, Loss: 2.5363
Epoch: 8, Batch: 40, Acc: 28.95%, Loss: 2.4721
Epoch: 8, Batch: 50, Acc: 29.81%, Loss: 2.4177
Epoch: 8, Batch: 60, Acc: 30.26%, Loss: 2.4729
Epoch: 8, Batch: 70, Acc: 30.25%, Loss: 2.4988
Epoch: 8, Batch: 80, Acc: 30.20%, Loss: 2.4620
Epoch: 8, Batch: 90, Acc: 30.54%, Loss: 2.3949
Epoch: 8, Batch: 100, Acc: 30.66%, Loss: 2.4531
Epoch: 8, Batch: 110, Acc: 30.61%, Loss: 2.4740
Epoch: 8, Batch: 120, Acc: 30.62%, Loss: 2.4500
Epoch: 8, Batch: 130, Acc: 30.77%, Loss: 2.4663
Epoch: 8, Batch: 140, Acc: 30.93%, Loss: 2.4323
Epoch: 8, Batch: 150, Acc: 30.90%, Loss: 2.4387
Epoch: 8, Batch: 160, Acc: 30.72%, Loss: 2.5076
Epoch: 8, Batch: 170, Acc: 30.68%, Loss: 2.4612
Epoch: 8, Batch: 180, Acc: 30.68%, Loss: 2.4753
Epoch: 8, Batch: 190, Acc: 30.72%, Loss: 2.4448
Epoch: 8, Batch: 200, Acc: 30.77%, Loss: 2.4080
Epoch: 8, Batch: 210, Acc: 30.76%, Loss: 2.4556
Epoch: 8, Batch: 220, Acc: 30.80%, Loss: 2.4049
Epoch: 8, Batch: 230, Acc: 30.90%, Loss: 2.3844
Epoch: 8, Batch: 240, Acc: 30.94%, Loss: 2.4495
Epoch: 8, Batch: 250, Acc: 30.99%, Loss: 2.4260
Accuracy on test set: 26.82%
Epoch: 9, Batch: 10, Acc: 31.25%, Loss: 2.4319
Epoch: 9, Batch: 20, Acc: 31.64%, Loss: 2.4001
Epoch: 9, Batch: 30, Acc: 31.88%, Loss: 2.4363
Epoch: 9, Batch: 40, Acc: 31.84%, Loss: 2.4275
Epoch: 9, Batch: 50, Acc: 32.00%, Loss: 2.4270
Epoch: 9, Batch: 60, Acc: 32.32%, Loss: 2.4154
Epoch: 9, Batch: 70, Acc: 32.21%, Loss: 2.4491
Epoch: 9, Batch: 80, Acc: 32.25%, Loss: 2.4120
Epoch: 9, Batch: 90, Acc: 32.36%, Loss: 2.4016
Epoch: 9, Batch: 100, Acc: 32.16%, Loss: 2.4241
Epoch: 9, Batch: 110, Acc: 32.20%, Loss: 2.4215
Epoch: 9, Batch: 120, Acc: 32.11%, Loss: 2.3996
Epoch: 9, Batch: 130, Acc: 32.06%, Loss: 2.4125
Epoch: 9, Batch: 140, Acc: 32.02%, Loss: 2.4332
Epoch: 9, Batch: 150, Acc: 31.99%, Loss: 2.4380
Epoch: 9, Batch: 160, Acc: 32.22%, Loss: 2.3144
Epoch: 9, Batch: 170, Acc: 32.31%, Loss: 2.3851
Epoch: 9, Batch: 180, Acc: 32.39%, Loss: 2.3655
Epoch: 9, Batch: 190, Acc: 32.23%, Loss: 2.4214
Epoch: 9, Batch: 200, Acc: 32.27%, Loss: 2.3780
Epoch: 9, Batch: 210, Acc: 32.24%, Loss: 2.3560
Epoch: 9, Batch: 220, Acc: 32.17%, Loss: 2.4137
Epoch: 9, Batch: 230, Acc: 32.38%, Loss: 2.3291
Epoch: 9, Batch: 240, Acc: 32.45%, Loss: 2.3234
Epoch: 9, Batch: 250, Acc: 32.49%, Loss: 2.3779
Accuracy on test set: 27.72%
Epoch: 10, Batch: 10, Acc: 34.53%, Loss: 2.3191
Epoch: 10, Batch: 20, Acc: 33.05%, Loss: 2.4155
Epoch: 10, Batch: 30, Acc: 33.18%, Loss: 2.3506
Epoch: 10, Batch: 40, Acc: 32.81%, Loss: 2.4166
Epoch: 10, Batch: 50, Acc: 33.12%, Loss: 2.3516
Epoch: 10, Batch: 60, Acc: 32.84%, Loss: 2.4081
Epoch: 10, Batch: 70, Acc: 32.50%, Loss: 2.4195
Epoch: 10, Batch: 80, Acc: 32.85%, Loss: 2.3348
Epoch: 10, Batch: 90, Acc: 33.06%, Loss: 2.3268
Epoch: 10, Batch: 100, Acc: 32.89%, Loss: 2.3913
Epoch: 10, Batch: 110, Acc: 32.84%, Loss: 2.3466
Epoch: 10, Batch: 120, Acc: 32.80%, Loss: 2.4073
Epoch: 10, Batch: 130, Acc: 33.06%, Loss: 2.3169
Epoch: 10, Batch: 140, Acc: 32.97%, Loss: 2.3935
Epoch: 10, Batch: 150, Acc: 33.11%, Loss: 2.3121
Epoch: 10, Batch: 160, Acc: 33.17%, Loss: 2.3440
Epoch: 10, Batch: 170, Acc: 33.35%, Loss: 2.3289
Epoch: 10, Batch: 180, Acc: 33.45%, Loss: 2.2961
Epoch: 10, Batch: 190, Acc: 33.52%, Loss: 2.3069
Epoch: 10, Batch: 200, Acc: 33.53%, Loss: 2.3359
Epoch: 10, Batch: 210, Acc: 33.55%, Loss: 2.3639
Epoch: 10, Batch: 220, Acc: 33.74%, Loss: 2.2928
Epoch: 10, Batch: 230, Acc: 33.80%, Loss: 2.3233
Epoch: 10, Batch: 240, Acc: 33.78%, Loss: 2.3356
Epoch: 10, Batch: 250, Acc: 33.81%, Loss: 2.3378
Accuracy on test set: 30.28%
  [Run 2 | eps=0.1 | quid | none | GPU 0] Training Time: 5948.49s  Best Acc: 30.28%

  [Run 2 | eps=0.1 | quid | none | GPU 0] Evaluating final model on clean test data...
  Accuracy    : 0.3028
  Loss        : 2.3431
  Precision   : 0.4580
  Recall      : 0.3203
  F1          : 0.3770
  Fpr         : 0.0318
  Fnr         : 0.6797
  Roc_auc     : 0.8962
  Pr_auc      : 0.4472
  Asr         : 54.8447
Metrics saved to eps0.1/qmlp-az-quid-run2-layer50_quid_eps0.1_quid_none.csv
  [Run 2 | eps=0.1 | quid | none | GPU 0] Done. Saved → eps0.1/qmlp-az-quid-run2-layer50-noiseless-Amplitude_eps0.1_quid_none.pt

====================================================================
 [Run 2 | eps=0.1 | quid | q-detection | GPU 1]
====================================================================
  [Run 2 | eps=0.1 | quid | q-detection | GPU 1] Stratified subset: 16100 samples (700 per class max, from 184342 total)
  [QUID] Computing density matrices for 1610 poisoned samples ...
  [QUID] Density matrices done in 2.2s
  [QUID] Assigning adversarial labels ...
  [QUID] Label assignment done in 84.2s
  [QUID] Labels changed: 1610/1610
  [Run 2 | eps=0.1 | quid | q-detection | GPU 1] Poisoned: 1610/16100
  [Run 2 | eps=0.1 | quid | q-detection | GPU 1] J matrix: 16100x16100 (2074 MB)
Epoch: 1, Batch: 10, Acc: 8.59%, Loss: 3.1029
Epoch: 1, Batch: 20, Acc: 8.91%, Loss: 3.0895
Epoch: 1, Batch: 30, Acc: 9.84%, Loss: 3.0664
Epoch: 1, Batch: 40, Acc: 10.39%, Loss: 3.0456
Epoch: 1, Batch: 50, Acc: 10.75%, Loss: 3.0543
Epoch: 1, Batch: 60, Acc: 10.96%, Loss: 3.0587
Epoch: 1, Batch: 70, Acc: 11.34%, Loss: 3.0415
Epoch: 1, Batch: 80, Acc: 11.62%, Loss: 3.0441
Epoch: 1, Batch: 90, Acc: 11.79%, Loss: 3.0360
Epoch: 1, Batch: 100, Acc: 11.91%, Loss: 3.0164
Epoch: 1, Batch: 110, Acc: 12.06%, Loss: 3.0143
Epoch: 1, Batch: 120, Acc: 12.01%, Loss: 3.0224
Epoch: 1, Batch: 130, Acc: 12.21%, Loss: 3.0110
Epoch: 1, Batch: 140, Acc: 12.24%, Loss: 2.9908
Epoch: 1, Batch: 150, Acc: 12.35%, Loss: 2.9773
Epoch: 1, Batch: 160, Acc: 12.36%, Loss: 2.9845
Epoch: 1, Batch: 170, Acc: 12.39%, Loss: 2.9723
Epoch: 1, Batch: 180, Acc: 12.41%, Loss: 2.9502
Epoch: 1, Batch: 190, Acc: 12.47%, Loss: 2.9362
Epoch: 1, Batch: 200, Acc: 12.42%, Loss: 2.9555
Epoch: 1, Batch: 210, Acc: 12.40%, Loss: 2.9500
Epoch: 1, Batch: 220, Acc: 12.46%, Loss: 2.9174
Epoch: 1, Batch: 230, Acc: 12.47%, Loss: 2.9258
Epoch: 1, Batch: 240, Acc: 12.53%, Loss: 2.8746
Epoch: 1, Batch: 250, Acc: 12.61%, Loss: 2.8268
Accuracy on test set: 4.88%
Epoch: 2, Batch: 10, Acc: 12.19%, Loss: 2.9016
Epoch: 2, Batch: 20, Acc: 12.73%, Loss: 2.8619
Epoch: 2, Batch: 30, Acc: 13.12%, Loss: 2.8636
Epoch: 2, Batch: 40, Acc: 12.73%, Loss: 2.8930
Epoch: 2, Batch: 50, Acc: 13.47%, Loss: 2.8160
Epoch: 2, Batch: 60, Acc: 13.46%, Loss: 2.8555
Epoch: 2, Batch: 70, Acc: 13.73%, Loss: 2.8558
Epoch: 2, Batch: 80, Acc: 14.20%, Loss: 2.7987
Epoch: 2, Batch: 90, Acc: 14.38%, Loss: 2.8243
Epoch: 2, Batch: 100, Acc: 14.55%, Loss: 2.8310
Epoch: 2, Batch: 110, Acc: 14.67%, Loss: 2.8459
Epoch: 2, Batch: 120, Acc: 14.91%, Loss: 2.8015
Epoch: 2, Batch: 130, Acc: 14.98%, Loss: 2.8200
Epoch: 2, Batch: 140, Acc: 14.93%, Loss: 2.7838
Epoch: 2, Batch: 150, Acc: 14.88%, Loss: 2.8402
Epoch: 2, Batch: 160, Acc: 14.81%, Loss: 2.8042
Epoch: 2, Batch: 170, Acc: 14.83%, Loss: 2.8337
Epoch: 2, Batch: 180, Acc: 14.98%, Loss: 2.7620
Epoch: 2, Batch: 190, Acc: 15.02%, Loss: 2.8619
Epoch: 2, Batch: 200, Acc: 15.23%, Loss: 2.7363
Epoch: 2, Batch: 210, Acc: 15.40%, Loss: 2.7235
Epoch: 2, Batch: 220, Acc: 15.42%, Loss: 2.8364
Epoch: 2, Batch: 230, Acc: 15.54%, Loss: 2.7213
Epoch: 2, Batch: 240, Acc: 15.67%, Loss: 2.6892
Epoch: 2, Batch: 250, Acc: 15.77%, Loss: 2.7754
Accuracy on test set: 11.14%
Epoch: 3, Batch: 10, Acc: 15.47%, Loss: 2.8080
Epoch: 3, Batch: 20, Acc: 16.64%, Loss: 2.8569
Epoch: 3, Batch: 30, Acc: 18.07%, Loss: 2.6833
Epoch: 3, Batch: 40, Acc: 18.44%, Loss: 2.6917
Epoch: 3, Batch: 50, Acc: 18.44%, Loss: 2.7541
Epoch: 3, Batch: 60, Acc: 18.07%, Loss: 2.8012
Epoch: 3, Batch: 70, Acc: 17.97%, Loss: 2.7334
Epoch: 3, Batch: 80, Acc: 18.16%, Loss: 2.7477
Epoch: 3, Batch: 90, Acc: 18.00%, Loss: 2.7621
Epoch: 3, Batch: 100, Acc: 18.05%, Loss: 2.7659
Epoch: 3, Batch: 110, Acc: 18.00%, Loss: 2.6902
Epoch: 3, Batch: 120, Acc: 17.98%, Loss: 2.8040
Epoch: 3, Batch: 130, Acc: 17.99%, Loss: 2.7375
Epoch: 3, Batch: 140, Acc: 17.88%, Loss: 2.7475
Epoch: 3, Batch: 150, Acc: 18.09%, Loss: 2.6835
Epoch: 3, Batch: 160, Acc: 18.16%, Loss: 2.6740
Epoch: 3, Batch: 170, Acc: 18.12%, Loss: 2.7296
Epoch: 3, Batch: 180, Acc: 18.20%, Loss: 2.6777
Epoch: 3, Batch: 190, Acc: 18.33%, Loss: 2.7099
Epoch: 3, Batch: 200, Acc: 18.35%, Loss: 2.6577
Epoch: 3, Batch: 210, Acc: 18.39%, Loss: 2.7222
Epoch: 3, Batch: 220, Acc: 18.55%, Loss: 2.6106
Epoch: 3, Batch: 230, Acc: 18.57%, Loss: 2.6833
Epoch: 3, Batch: 240, Acc: 18.65%, Loss: 2.7256
Epoch: 3, Batch: 250, Acc: 18.79%, Loss: 2.7115
Accuracy on test set: 13.95%
Epoch: 4, Batch: 10, Acc: 21.56%, Loss: 2.7926
Epoch: 4, Batch: 20, Acc: 21.09%, Loss: 2.7186
Epoch: 4, Batch: 30, Acc: 21.04%, Loss: 2.7177
Epoch: 4, Batch: 40, Acc: 21.33%, Loss: 2.7083
Epoch: 4, Batch: 50, Acc: 21.16%, Loss: 2.6881
Epoch: 4, Batch: 60, Acc: 21.15%, Loss: 2.7530
Epoch: 4, Batch: 70, Acc: 20.94%, Loss: 2.7225
Epoch: 4, Batch: 80, Acc: 20.70%, Loss: 2.7855
Epoch: 4, Batch: 90, Acc: 20.61%, Loss: 2.7753
Epoch: 4, Batch: 100, Acc: 20.77%, Loss: 2.5592
Epoch: 4, Batch: 110, Acc: 20.88%, Loss: 2.6725
Epoch: 4, Batch: 120, Acc: 20.78%, Loss: 2.7631
Epoch: 4, Batch: 130, Acc: 20.76%, Loss: 2.6569
Epoch: 4, Batch: 140, Acc: 20.86%, Loss: 2.6113
Epoch: 4, Batch: 150, Acc: 20.72%, Loss: 2.6826
Epoch: 4, Batch: 160, Acc: 20.87%, Loss: 2.6281
Epoch: 4, Batch: 170, Acc: 20.92%, Loss: 2.6318
Epoch: 4, Batch: 180, Acc: 20.96%, Loss: 2.6532
Epoch: 4, Batch: 190, Acc: 21.09%, Loss: 2.6112
Epoch: 4, Batch: 200, Acc: 21.09%, Loss: 2.6693
Epoch: 4, Batch: 210, Acc: 21.07%, Loss: 2.6164
Epoch: 4, Batch: 220, Acc: 21.23%, Loss: 2.6256
Epoch: 4, Batch: 230, Acc: 21.30%, Loss: 2.7654
Epoch: 4, Batch: 240, Acc: 21.31%, Loss: 2.6831
Epoch: 4, Batch: 250, Acc: 21.30%, Loss: 2.6339
Accuracy on test set: 16.72%
Epoch: 5, Batch: 10, Acc: 21.56%, Loss: 2.7374
Epoch: 5, Batch: 20, Acc: 20.62%, Loss: 2.6372
Epoch: 5, Batch: 30, Acc: 21.41%, Loss: 2.6146
Epoch: 5, Batch: 40, Acc: 21.48%, Loss: 2.6935
Epoch: 5, Batch: 50, Acc: 21.78%, Loss: 2.7552
Epoch: 5, Batch: 60, Acc: 21.69%, Loss: 2.5980
Epoch: 5, Batch: 70, Acc: 21.96%, Loss: 2.7042
Epoch: 5, Batch: 80, Acc: 22.09%, Loss: 2.5437
Epoch: 5, Batch: 90, Acc: 22.24%, Loss: 2.6260
Epoch: 5, Batch: 100, Acc: 22.41%, Loss: 2.6378
Epoch: 5, Batch: 110, Acc: 22.23%, Loss: 2.9221
Epoch: 5, Batch: 120, Acc: 22.16%, Loss: 2.6018
Epoch: 5, Batch: 130, Acc: 22.10%, Loss: 2.7859
Epoch: 5, Batch: 140, Acc: 22.20%, Loss: 2.8596
Epoch: 5, Batch: 150, Acc: 22.22%, Loss: 2.8737
Epoch: 5, Batch: 160, Acc: 22.28%, Loss: 2.5651
Epoch: 5, Batch: 170, Acc: 22.32%, Loss: 2.6824
Epoch: 5, Batch: 180, Acc: 22.37%, Loss: 2.6355
Epoch: 5, Batch: 190, Acc: 22.37%, Loss: 2.7916
Epoch: 5, Batch: 200, Acc: 22.43%, Loss: 2.5575
Epoch: 5, Batch: 210, Acc: 22.56%, Loss: 2.6182
Epoch: 5, Batch: 220, Acc: 22.69%, Loss: 2.5148
Epoch: 5, Batch: 230, Acc: 22.80%, Loss: 2.6343
Epoch: 5, Batch: 240, Acc: 22.76%, Loss: 2.6401
Epoch: 5, Batch: 250, Acc: 22.62%, Loss: 2.6277
Accuracy on test set: 18.10%
Epoch: 6, Batch: 10, Acc: 22.34%, Loss: 2.8032
Epoch: 6, Batch: 20, Acc: 23.05%, Loss: 2.4904
Epoch: 6, Batch: 30, Acc: 22.66%, Loss: 2.4543
Epoch: 6, Batch: 40, Acc: 22.42%, Loss: 2.7993
Epoch: 6, Batch: 50, Acc: 22.84%, Loss: 2.5329
Epoch: 6, Batch: 60, Acc: 23.10%, Loss: 2.6495
Epoch: 6, Batch: 70, Acc: 23.37%, Loss: 2.7540
Epoch: 6, Batch: 80, Acc: 23.01%, Loss: 2.6028
Epoch: 6, Batch: 90, Acc: 22.73%, Loss: 2.6247
Epoch: 6, Batch: 100, Acc: 22.67%, Loss: 2.6728
Epoch: 6, Batch: 110, Acc: 22.66%, Loss: 2.7562
Epoch: 6, Batch: 120, Acc: 22.92%, Loss: 2.4641
Epoch: 6, Batch: 130, Acc: 22.76%, Loss: 2.5295
Epoch: 6, Batch: 140, Acc: 22.69%, Loss: 2.8041
Epoch: 6, Batch: 150, Acc: 22.67%, Loss: 2.6456
Epoch: 6, Batch: 160, Acc: 22.64%, Loss: 2.5385
Epoch: 6, Batch: 170, Acc: 22.76%, Loss: 2.7583
Epoch: 6, Batch: 180, Acc: 22.91%, Loss: 2.6670
Epoch: 6, Batch: 190, Acc: 23.00%, Loss: 2.7236
Epoch: 6, Batch: 200, Acc: 23.02%, Loss: 2.5224
Epoch: 6, Batch: 210, Acc: 23.12%, Loss: 2.4072
Epoch: 6, Batch: 220, Acc: 23.14%, Loss: 2.5511
Epoch: 6, Batch: 230, Acc: 23.17%, Loss: 2.5611
Epoch: 6, Batch: 240, Acc: 23.01%, Loss: 2.6540
Epoch: 6, Batch: 250, Acc: 23.23%, Loss: 2.3529
Accuracy on test set: 18.51%
Epoch: 7, Batch: 10, Acc: 20.31%, Loss: 2.7801
Epoch: 7, Batch: 20, Acc: 21.41%, Loss: 2.5354
Epoch: 7, Batch: 30, Acc: 22.92%, Loss: 2.6579
Epoch: 7, Batch: 40, Acc: 22.73%, Loss: 2.4255
Epoch: 7, Batch: 50, Acc: 22.72%, Loss: 2.5186
Epoch: 7, Batch: 60, Acc: 23.10%, Loss: 2.5979
Epoch: 7, Batch: 70, Acc: 23.06%, Loss: 2.5244
Epoch: 7, Batch: 80, Acc: 23.05%, Loss: 2.4461
Epoch: 7, Batch: 90, Acc: 23.37%, Loss: 2.6277
Epoch: 7, Batch: 100, Acc: 23.34%, Loss: 2.7129
Epoch: 7, Batch: 110, Acc: 23.24%, Loss: 2.7050
Epoch: 7, Batch: 120, Acc: 23.35%, Loss: 2.4444
Epoch: 7, Batch: 130, Acc: 23.57%, Loss: 2.5563
Epoch: 7, Batch: 140, Acc: 23.43%, Loss: 2.6128
Epoch: 7, Batch: 150, Acc: 23.49%, Loss: 2.6336
Epoch: 7, Batch: 160, Acc: 23.62%, Loss: 2.4231
Epoch: 7, Batch: 170, Acc: 23.64%, Loss: 2.6079
Epoch: 7, Batch: 180, Acc: 23.84%, Loss: 2.7447
Epoch: 7, Batch: 190, Acc: 24.04%, Loss: 2.5129
Epoch: 7, Batch: 200, Acc: 24.12%, Loss: 2.8043
Epoch: 7, Batch: 210, Acc: 24.17%, Loss: 2.7331
Epoch: 7, Batch: 220, Acc: 24.15%, Loss: 2.7032
Epoch: 7, Batch: 230, Acc: 24.16%, Loss: 2.7082
Epoch: 7, Batch: 240, Acc: 24.29%, Loss: 2.5214
Epoch: 7, Batch: 250, Acc: 24.43%, Loss: 2.5906
Accuracy on test set: 21.20%
Epoch: 8, Batch: 10, Acc: 26.41%, Loss: 2.7484
Epoch: 8, Batch: 20, Acc: 26.88%, Loss: 2.6267
Epoch: 8, Batch: 30, Acc: 25.21%, Loss: 2.5483
Epoch: 8, Batch: 40, Acc: 25.47%, Loss: 2.7542
Epoch: 8, Batch: 50, Acc: 26.28%, Loss: 2.5898
Epoch: 8, Batch: 60, Acc: 26.54%, Loss: 2.6510
Epoch: 8, Batch: 70, Acc: 26.45%, Loss: 2.8072
Epoch: 8, Batch: 80, Acc: 26.45%, Loss: 2.7615
Epoch: 8, Batch: 90, Acc: 26.89%, Loss: 2.4808
Epoch: 8, Batch: 100, Acc: 27.17%, Loss: 2.5907
Epoch: 8, Batch: 110, Acc: 27.22%, Loss: 2.7745
Epoch: 8, Batch: 120, Acc: 27.29%, Loss: 2.7782
Epoch: 8, Batch: 130, Acc: 27.48%, Loss: 2.7760
Epoch: 8, Batch: 140, Acc: 27.69%, Loss: 2.8054
Epoch: 8, Batch: 150, Acc: 27.75%, Loss: 2.4506
Epoch: 8, Batch: 160, Acc: 27.58%, Loss: 2.6269
Epoch: 8, Batch: 170, Acc: 27.63%, Loss: 2.7379
Epoch: 8, Batch: 180, Acc: 27.63%, Loss: 2.6921
Epoch: 8, Batch: 190, Acc: 27.74%, Loss: 2.5002
Epoch: 8, Batch: 200, Acc: 27.88%, Loss: 2.5757
Epoch: 8, Batch: 210, Acc: 27.85%, Loss: 2.6468
Epoch: 8, Batch: 220, Acc: 27.88%, Loss: 2.5702
Epoch: 8, Batch: 230, Acc: 27.96%, Loss: 2.4879
Epoch: 8, Batch: 240, Acc: 27.98%, Loss: 2.7560
Epoch: 8, Batch: 250, Acc: 28.02%, Loss: 2.5026
Accuracy on test set: 23.62%
Epoch: 9, Batch: 10, Acc: 28.28%, Loss: 2.6561
Epoch: 9, Batch: 20, Acc: 28.36%, Loss: 2.5997
Epoch: 9, Batch: 30, Acc: 28.54%, Loss: 2.5353
Epoch: 9, Batch: 40, Acc: 28.36%, Loss: 2.5553
Epoch: 9, Batch: 50, Acc: 28.22%, Loss: 2.8613
Epoch: 9, Batch: 60, Acc: 28.62%, Loss: 2.6847
Epoch: 9, Batch: 70, Acc: 28.77%, Loss: 2.6783
Epoch: 9, Batch: 80, Acc: 29.02%, Loss: 2.5164
Epoch: 9, Batch: 90, Acc: 29.55%, Loss: 2.7563
Epoch: 9, Batch: 100, Acc: 29.59%, Loss: 2.7731
Epoch: 9, Batch: 110, Acc: 29.59%, Loss: 2.5212
Epoch: 9, Batch: 120, Acc: 29.61%, Loss: 2.4006
Epoch: 9, Batch: 130, Acc: 29.59%, Loss: 2.3613
Epoch: 9, Batch: 140, Acc: 29.53%, Loss: 2.7073
Epoch: 9, Batch: 150, Acc: 29.42%, Loss: 2.6779
Epoch: 9, Batch: 160, Acc: 29.65%, Loss: 2.4734
Epoch: 9, Batch: 170, Acc: 29.77%, Loss: 2.6803
Epoch: 9, Batch: 180, Acc: 29.79%, Loss: 2.6674
Epoch: 9, Batch: 190, Acc: 29.75%, Loss: 2.5994
Epoch: 9, Batch: 200, Acc: 30.00%, Loss: 2.7268
Epoch: 9, Batch: 210, Acc: 30.09%, Loss: 2.7091
Epoch: 9, Batch: 220, Acc: 30.09%, Loss: 2.8328
Epoch: 9, Batch: 230, Acc: 30.40%, Loss: 2.5352
Epoch: 9, Batch: 240, Acc: 30.48%, Loss: 2.6343
Epoch: 9, Batch: 250, Acc: 30.56%, Loss: 2.6962
Accuracy on test set: 27.61%
Epoch: 10, Batch: 10, Acc: 34.69%, Loss: 2.5878
Epoch: 10, Batch: 20, Acc: 32.58%, Loss: 2.7061
Epoch: 10, Batch: 30, Acc: 32.86%, Loss: 2.7164
Epoch: 10, Batch: 40, Acc: 32.34%, Loss: 2.6812
Epoch: 10, Batch: 50, Acc: 32.66%, Loss: 2.5603
Epoch: 10, Batch: 60, Acc: 32.47%, Loss: 2.6953
Epoch: 10, Batch: 70, Acc: 32.10%, Loss: 2.5650
Epoch: 10, Batch: 80, Acc: 32.52%, Loss: 2.5662
Epoch: 10, Batch: 90, Acc: 32.60%, Loss: 2.6642
Epoch: 10, Batch: 100, Acc: 32.28%, Loss: 2.6307
Epoch: 10, Batch: 110, Acc: 32.39%, Loss: 2.5342
Epoch: 10, Batch: 120, Acc: 32.28%, Loss: 2.6983
Epoch: 10, Batch: 130, Acc: 32.52%, Loss: 2.4076
Epoch: 10, Batch: 140, Acc: 32.33%, Loss: 2.6199
Epoch: 10, Batch: 150, Acc: 32.53%, Loss: 2.5351
Epoch: 10, Batch: 160, Acc: 32.54%, Loss: 2.7870
Epoch: 10, Batch: 170, Acc: 32.72%, Loss: 2.8014
Epoch: 10, Batch: 180, Acc: 32.87%, Loss: 2.5461
Epoch: 10, Batch: 190, Acc: 33.04%, Loss: 2.5933
Epoch: 10, Batch: 200, Acc: 33.05%, Loss: 2.5888
Epoch: 10, Batch: 210, Acc: 33.10%, Loss: 2.7683
Epoch: 10, Batch: 220, Acc: 33.34%, Loss: 2.5958
Epoch: 10, Batch: 230, Acc: 33.37%, Loss: 2.6655
Epoch: 10, Batch: 240, Acc: 33.44%, Loss: 2.5314
Epoch: 10, Batch: 250, Acc: 33.51%, Loss: 2.5787
Accuracy on test set: 30.69%
  [Run 2 | eps=0.1 | quid | q-detection | GPU 1] Training Time: 12473.36s  Best Acc: 30.69%

  [Run 2 | eps=0.1 | quid | q-detection | GPU 1] Evaluating final model on clean test data...
  Accuracy    : 0.3069
  Loss        : 2.4494
  Precision   : 0.4318
  Recall      : 0.3250
  F1          : 0.3709
  Fpr         : 0.0316
  Fnr         : 0.6750
  Roc_auc     : 0.8896
  Pr_auc      : 0.4338
  Asr         : 51.6149
Metrics saved to eps0.1/qmlp-az-quid-run2-layer50_quid_eps0.1_quid_qdetection.csv
  [Run 2 | eps=0.1 | quid | q-detection | GPU 1] Done. Saved → eps0.1/qmlp-az-quid-run2-layer50-noiseless-Amplitude_eps0.1_quid_qdetection.pt

====================================================================
 [Run 2 | eps=0.1 | random | none | GPU 0]
====================================================================
  [Run 2 | eps=0.1 | random | none | GPU 0] Stratified subset: 16100 samples (700 per class max, from 184342 total)
  [Run 2 | eps=0.1 | random | none | GPU 0] Poisoned: 1610/16100
Epoch: 1, Batch: 10, Acc: 4.69%, Loss: 3.1617
Epoch: 1, Batch: 20, Acc: 4.92%, Loss: 3.1541
Epoch: 1, Batch: 30, Acc: 5.42%, Loss: 3.1361
Epoch: 1, Batch: 40, Acc: 6.21%, Loss: 3.1114
Epoch: 1, Batch: 50, Acc: 6.75%, Loss: 3.1229
Epoch: 1, Batch: 60, Acc: 7.19%, Loss: 3.1245
Epoch: 1, Batch: 70, Acc: 7.72%, Loss: 3.1033
Epoch: 1, Batch: 80, Acc: 8.07%, Loss: 3.1101
Epoch: 1, Batch: 90, Acc: 8.42%, Loss: 3.1054
Epoch: 1, Batch: 100, Acc: 8.53%, Loss: 3.0946
Epoch: 1, Batch: 110, Acc: 8.96%, Loss: 3.0782
Epoch: 1, Batch: 120, Acc: 9.11%, Loss: 3.0943
Epoch: 1, Batch: 130, Acc: 9.65%, Loss: 3.0826
Epoch: 1, Batch: 140, Acc: 10.07%, Loss: 3.0711
Epoch: 1, Batch: 150, Acc: 10.41%, Loss: 3.0665
Epoch: 1, Batch: 160, Acc: 10.62%, Loss: 3.0745
Epoch: 1, Batch: 170, Acc: 10.97%, Loss: 3.0657
Epoch: 1, Batch: 180, Acc: 11.29%, Loss: 3.0491
Epoch: 1, Batch: 190, Acc: 11.59%, Loss: 3.0429
Epoch: 1, Batch: 200, Acc: 11.84%, Loss: 3.0445
Epoch: 1, Batch: 210, Acc: 12.11%, Loss: 3.0439
Epoch: 1, Batch: 220, Acc: 12.38%, Loss: 3.0310
Epoch: 1, Batch: 230, Acc: 12.68%, Loss: 3.0188
Epoch: 1, Batch: 240, Acc: 12.98%, Loss: 3.0111
Epoch: 1, Batch: 250, Acc: 13.37%, Loss: 2.9860
Accuracy on test set: 21.24%
Epoch: 2, Batch: 10, Acc: 23.44%, Loss: 3.0021
Epoch: 2, Batch: 20, Acc: 22.27%, Loss: 2.9899
Epoch: 2, Batch: 30, Acc: 22.55%, Loss: 2.9732
Epoch: 2, Batch: 40, Acc: 22.03%, Loss: 2.9988
Epoch: 2, Batch: 50, Acc: 22.38%, Loss: 2.9649
Epoch: 2, Batch: 60, Acc: 22.16%, Loss: 2.9857
Epoch: 2, Batch: 70, Acc: 22.10%, Loss: 2.9852
Epoch: 2, Batch: 80, Acc: 22.48%, Loss: 2.9417
Epoch: 2, Batch: 90, Acc: 22.47%, Loss: 2.9678
Epoch: 2, Batch: 100, Acc: 22.77%, Loss: 2.9621
Epoch: 2, Batch: 110, Acc: 22.77%, Loss: 2.9540
Epoch: 2, Batch: 120, Acc: 22.96%, Loss: 2.9357
Epoch: 2, Batch: 130, Acc: 23.23%, Loss: 2.9341
Epoch: 2, Batch: 140, Acc: 23.53%, Loss: 2.9223
Epoch: 2, Batch: 150, Acc: 23.77%, Loss: 2.9291
Epoch: 2, Batch: 160, Acc: 23.81%, Loss: 2.9286
Epoch: 2, Batch: 170, Acc: 23.92%, Loss: 2.9498
Epoch: 2, Batch: 180, Acc: 24.19%, Loss: 2.8870
Epoch: 2, Batch: 190, Acc: 24.28%, Loss: 2.9607
Epoch: 2, Batch: 200, Acc: 24.56%, Loss: 2.8682
Epoch: 2, Batch: 210, Acc: 24.64%, Loss: 2.8707
Epoch: 2, Batch: 220, Acc: 24.72%, Loss: 2.9492
Epoch: 2, Batch: 230, Acc: 24.86%, Loss: 2.8891
Epoch: 2, Batch: 240, Acc: 25.06%, Loss: 2.8402
Epoch: 2, Batch: 250, Acc: 25.07%, Loss: 2.9251
Accuracy on test set: 30.62%
Epoch: 3, Batch: 10, Acc: 30.00%, Loss: 2.8538
Epoch: 3, Batch: 20, Acc: 29.69%, Loss: 2.8658
Epoch: 3, Batch: 30, Acc: 29.95%, Loss: 2.8453
Epoch: 3, Batch: 40, Acc: 29.88%, Loss: 2.8464
Epoch: 3, Batch: 50, Acc: 30.22%, Loss: 2.8343
Epoch: 3, Batch: 60, Acc: 29.82%, Loss: 2.8938
Epoch: 3, Batch: 70, Acc: 30.11%, Loss: 2.8376
Epoch: 3, Batch: 80, Acc: 29.96%, Loss: 2.8300
Epoch: 3, Batch: 90, Acc: 29.88%, Loss: 2.8220
Epoch: 3, Batch: 100, Acc: 29.94%, Loss: 2.8209
Epoch: 3, Batch: 110, Acc: 29.62%, Loss: 2.8467
Epoch: 3, Batch: 120, Acc: 29.47%, Loss: 2.8480
Epoch: 3, Batch: 130, Acc: 29.62%, Loss: 2.8378
Epoch: 3, Batch: 140, Acc: 29.52%, Loss: 2.8531
Epoch: 3, Batch: 150, Acc: 29.78%, Loss: 2.8377
Epoch: 3, Batch: 160, Acc: 29.83%, Loss: 2.8196
Epoch: 3, Batch: 170, Acc: 30.03%, Loss: 2.8380
Epoch: 3, Batch: 180, Acc: 30.16%, Loss: 2.8122
Epoch: 3, Batch: 190, Acc: 30.23%, Loss: 2.8100
Epoch: 3, Batch: 200, Acc: 30.26%, Loss: 2.7896
Epoch: 3, Batch: 210, Acc: 30.28%, Loss: 2.8430
Epoch: 3, Batch: 220, Acc: 30.45%, Loss: 2.7485
Epoch: 3, Batch: 230, Acc: 30.69%, Loss: 2.7948
Epoch: 3, Batch: 240, Acc: 30.74%, Loss: 2.8135
Epoch: 3, Batch: 250, Acc: 30.75%, Loss: 2.7918
Accuracy on test set: 34.55%
Epoch: 4, Batch: 10, Acc: 34.06%, Loss: 2.7693
Epoch: 4, Batch: 20, Acc: 33.75%, Loss: 2.7824
Epoch: 4, Batch: 30, Acc: 34.64%, Loss: 2.7421
Epoch: 4, Batch: 40, Acc: 34.57%, Loss: 2.7618
Epoch: 4, Batch: 50, Acc: 34.22%, Loss: 2.7883
Epoch: 4, Batch: 60, Acc: 34.11%, Loss: 2.7682
Epoch: 4, Batch: 70, Acc: 34.11%, Loss: 2.7858
Epoch: 4, Batch: 80, Acc: 34.06%, Loss: 2.7497
Epoch: 4, Batch: 90, Acc: 33.98%, Loss: 2.7967
Epoch: 4, Batch: 100, Acc: 34.28%, Loss: 2.7460
Epoch: 4, Batch: 110, Acc: 34.50%, Loss: 2.7189
Epoch: 4, Batch: 120, Acc: 34.67%, Loss: 2.7486
Epoch: 4, Batch: 130, Acc: 34.66%, Loss: 2.7399
Epoch: 4, Batch: 140, Acc: 34.59%, Loss: 2.7654
Epoch: 4, Batch: 150, Acc: 34.58%, Loss: 2.7813
Epoch: 4, Batch: 160, Acc: 34.50%, Loss: 2.7425
Epoch: 4, Batch: 170, Acc: 34.54%, Loss: 2.7442
Epoch: 4, Batch: 180, Acc: 34.65%, Loss: 2.7231
Epoch: 4, Batch: 190, Acc: 34.54%, Loss: 2.7103
Epoch: 4, Batch: 200, Acc: 34.52%, Loss: 2.7300
Epoch: 4, Batch: 210, Acc: 34.48%, Loss: 2.7318
Epoch: 4, Batch: 220, Acc: 34.55%, Loss: 2.6968
Epoch: 4, Batch: 230, Acc: 34.52%, Loss: 2.7022
Epoch: 4, Batch: 240, Acc: 34.45%, Loss: 2.7145
Epoch: 4, Batch: 250, Acc: 34.43%, Loss: 2.6898
Accuracy on test set: 36.42%
Epoch: 5, Batch: 10, Acc: 38.12%, Loss: 2.6716
Epoch: 5, Batch: 20, Acc: 37.81%, Loss: 2.7162
Epoch: 5, Batch: 30, Acc: 37.08%, Loss: 2.7291
Epoch: 5, Batch: 40, Acc: 36.41%, Loss: 2.6879
Epoch: 5, Batch: 50, Acc: 36.09%, Loss: 2.7097
Epoch: 5, Batch: 60, Acc: 35.94%, Loss: 2.7072
Epoch: 5, Batch: 70, Acc: 35.51%, Loss: 2.7162
Epoch: 5, Batch: 80, Acc: 35.51%, Loss: 2.6667
Epoch: 5, Batch: 90, Acc: 35.50%, Loss: 2.6696
Epoch: 5, Batch: 100, Acc: 35.59%, Loss: 2.6892
Epoch: 5, Batch: 110, Acc: 35.36%, Loss: 2.7376
Epoch: 5, Batch: 120, Acc: 35.42%, Loss: 2.6422
Epoch: 5, Batch: 130, Acc: 35.34%, Loss: 2.6872
Epoch: 5, Batch: 140, Acc: 35.49%, Loss: 2.6801
Epoch: 5, Batch: 150, Acc: 35.53%, Loss: 2.6634
Epoch: 5, Batch: 160, Acc: 35.61%, Loss: 2.6706
Epoch: 5, Batch: 170, Acc: 35.42%, Loss: 2.6639
Epoch: 5, Batch: 180, Acc: 35.39%, Loss: 2.6793
Epoch: 5, Batch: 190, Acc: 35.43%, Loss: 2.6805
Epoch: 5, Batch: 200, Acc: 35.65%, Loss: 2.6108
Epoch: 5, Batch: 210, Acc: 35.72%, Loss: 2.6168
Epoch: 5, Batch: 220, Acc: 35.72%, Loss: 2.6165
Epoch: 5, Batch: 230, Acc: 35.78%, Loss: 2.6266
Epoch: 5, Batch: 240, Acc: 35.74%, Loss: 2.6303
Epoch: 5, Batch: 250, Acc: 35.68%, Loss: 2.6865
Accuracy on test set: 37.78%
Epoch: 6, Batch: 10, Acc: 37.97%, Loss: 2.6396
Epoch: 6, Batch: 20, Acc: 37.11%, Loss: 2.6439
Epoch: 6, Batch: 30, Acc: 36.93%, Loss: 2.6235
Epoch: 6, Batch: 40, Acc: 36.45%, Loss: 2.6975
Epoch: 6, Batch: 50, Acc: 36.34%, Loss: 2.6345
Epoch: 6, Batch: 60, Acc: 36.85%, Loss: 2.5808
Epoch: 6, Batch: 70, Acc: 37.01%, Loss: 2.5876
Epoch: 6, Batch: 80, Acc: 36.76%, Loss: 2.6911
Epoch: 6, Batch: 90, Acc: 36.65%, Loss: 2.6377
Epoch: 6, Batch: 100, Acc: 36.47%, Loss: 2.6463
Epoch: 6, Batch: 110, Acc: 36.46%, Loss: 2.6051
Epoch: 6, Batch: 120, Acc: 36.41%, Loss: 2.5894
Epoch: 6, Batch: 130, Acc: 36.43%, Loss: 2.5940
Epoch: 6, Batch: 140, Acc: 36.16%, Loss: 2.6464
Epoch: 6, Batch: 150, Acc: 36.34%, Loss: 2.6175
Epoch: 6, Batch: 160, Acc: 36.41%, Loss: 2.6463
Epoch: 6, Batch: 170, Acc: 36.50%, Loss: 2.5783
Epoch: 6, Batch: 180, Acc: 36.58%, Loss: 2.5694
Epoch: 6, Batch: 190, Acc: 36.61%, Loss: 2.5711
Epoch: 6, Batch: 200, Acc: 36.52%, Loss: 2.6029
Epoch: 6, Batch: 210, Acc: 36.56%, Loss: 2.5815
Epoch: 6, Batch: 220, Acc: 36.75%, Loss: 2.5234
Epoch: 6, Batch: 230, Acc: 36.71%, Loss: 2.5833
Epoch: 6, Batch: 240, Acc: 36.57%, Loss: 2.6535
Epoch: 6, Batch: 250, Acc: 36.71%, Loss: 2.5474
Accuracy on test set: 39.56%
Epoch: 7, Batch: 10, Acc: 36.56%, Loss: 2.5994
Epoch: 7, Batch: 20, Acc: 35.70%, Loss: 2.6170
Epoch: 7, Batch: 30, Acc: 37.19%, Loss: 2.4853
Epoch: 7, Batch: 40, Acc: 37.42%, Loss: 2.6063
Epoch: 7, Batch: 50, Acc: 36.66%, Loss: 2.6012
Epoch: 7, Batch: 60, Acc: 37.21%, Loss: 2.5511
Epoch: 7, Batch: 70, Acc: 37.23%, Loss: 2.6054
Epoch: 7, Batch: 80, Acc: 37.50%, Loss: 2.5772
Epoch: 7, Batch: 90, Acc: 37.88%, Loss: 2.5237
Epoch: 7, Batch: 100, Acc: 37.69%, Loss: 2.5630
Epoch: 7, Batch: 110, Acc: 37.70%, Loss: 2.5743
Epoch: 7, Batch: 120, Acc: 37.93%, Loss: 2.4983
Epoch: 7, Batch: 130, Acc: 38.00%, Loss: 2.5614
Epoch: 7, Batch: 140, Acc: 37.82%, Loss: 2.5936
Epoch: 7, Batch: 150, Acc: 37.50%, Loss: 2.5873
Epoch: 7, Batch: 160, Acc: 37.65%, Loss: 2.5276
Epoch: 7, Batch: 170, Acc: 37.66%, Loss: 2.5485
Epoch: 7, Batch: 180, Acc: 37.65%, Loss: 2.5190
Epoch: 7, Batch: 190, Acc: 37.91%, Loss: 2.5067
Epoch: 7, Batch: 200, Acc: 38.06%, Loss: 2.5255
Epoch: 7, Batch: 210, Acc: 38.04%, Loss: 2.5281
Epoch: 7, Batch: 220, Acc: 37.99%, Loss: 2.5678
Epoch: 7, Batch: 230, Acc: 38.02%, Loss: 2.5513
Epoch: 7, Batch: 240, Acc: 37.89%, Loss: 2.5474
Epoch: 7, Batch: 250, Acc: 37.93%, Loss: 2.4920
Accuracy on test set: 40.78%
Epoch: 8, Batch: 10, Acc: 38.44%, Loss: 2.5259
Epoch: 8, Batch: 20, Acc: 39.14%, Loss: 2.4887
Epoch: 8, Batch: 30, Acc: 39.06%, Loss: 2.5440
Epoch: 8, Batch: 40, Acc: 38.63%, Loss: 2.5059
Epoch: 8, Batch: 50, Acc: 39.19%, Loss: 2.4887
Epoch: 8, Batch: 60, Acc: 38.91%, Loss: 2.5522
Epoch: 8, Batch: 70, Acc: 38.73%, Loss: 2.5200
Epoch: 8, Batch: 80, Acc: 38.89%, Loss: 2.4731
Epoch: 8, Batch: 90, Acc: 38.89%, Loss: 2.4897
Epoch: 8, Batch: 100, Acc: 38.91%, Loss: 2.5296
Epoch: 8, Batch: 110, Acc: 39.13%, Loss: 2.5063
Epoch: 8, Batch: 120, Acc: 39.08%, Loss: 2.5083
Epoch: 8, Batch: 130, Acc: 39.05%, Loss: 2.5234
Epoch: 8, Batch: 140, Acc: 39.22%, Loss: 2.5081
Epoch: 8, Batch: 150, Acc: 39.29%, Loss: 2.4767
Epoch: 8, Batch: 160, Acc: 39.16%, Loss: 2.5728
Epoch: 8, Batch: 170, Acc: 39.01%, Loss: 2.4967
Epoch: 8, Batch: 180, Acc: 38.95%, Loss: 2.4905
Epoch: 8, Batch: 190, Acc: 39.05%, Loss: 2.4797
Epoch: 8, Batch: 200, Acc: 39.16%, Loss: 2.4551
Epoch: 8, Batch: 210, Acc: 39.04%, Loss: 2.5087
Epoch: 8, Batch: 220, Acc: 39.03%, Loss: 2.4746
Epoch: 8, Batch: 230, Acc: 39.24%, Loss: 2.4232
Epoch: 8, Batch: 240, Acc: 39.32%, Loss: 2.5060
Epoch: 8, Batch: 250, Acc: 39.19%, Loss: 2.5253
Accuracy on test set: 42.02%
Epoch: 9, Batch: 10, Acc: 38.28%, Loss: 2.4898
Epoch: 9, Batch: 20, Acc: 39.69%, Loss: 2.4624
Epoch: 9, Batch: 30, Acc: 39.01%, Loss: 2.5055
Epoch: 9, Batch: 40, Acc: 39.61%, Loss: 2.4696
Epoch: 9, Batch: 50, Acc: 39.72%, Loss: 2.4506
Epoch: 9, Batch: 60, Acc: 39.82%, Loss: 2.4496
Epoch: 9, Batch: 70, Acc: 39.80%, Loss: 2.5288
Epoch: 9, Batch: 80, Acc: 39.82%, Loss: 2.4912
Epoch: 9, Batch: 90, Acc: 39.83%, Loss: 2.4643
Epoch: 9, Batch: 100, Acc: 39.94%, Loss: 2.4836
Epoch: 9, Batch: 110, Acc: 40.07%, Loss: 2.4500
Epoch: 9, Batch: 120, Acc: 39.99%, Loss: 2.4441
Epoch: 9, Batch: 130, Acc: 39.95%, Loss: 2.4426
Epoch: 9, Batch: 140, Acc: 39.84%, Loss: 2.5010
Epoch: 9, Batch: 150, Acc: 39.84%, Loss: 2.4811
Epoch: 9, Batch: 160, Acc: 40.00%, Loss: 2.3615
Epoch: 9, Batch: 170, Acc: 39.96%, Loss: 2.4117
Epoch: 9, Batch: 180, Acc: 40.15%, Loss: 2.4196
Epoch: 9, Batch: 190, Acc: 39.97%, Loss: 2.4862
Epoch: 9, Batch: 200, Acc: 39.86%, Loss: 2.4852
Epoch: 9, Batch: 210, Acc: 39.99%, Loss: 2.4061
Epoch: 9, Batch: 220, Acc: 40.05%, Loss: 2.4698
Epoch: 9, Batch: 230, Acc: 40.13%, Loss: 2.3892
Epoch: 9, Batch: 240, Acc: 40.06%, Loss: 2.4042
Epoch: 9, Batch: 250, Acc: 39.98%, Loss: 2.4367
Accuracy on test set: 42.48%
Epoch: 10, Batch: 10, Acc: 41.56%, Loss: 2.3896
Epoch: 10, Batch: 20, Acc: 40.00%, Loss: 2.4499
Epoch: 10, Batch: 30, Acc: 40.83%, Loss: 2.3515
Epoch: 10, Batch: 40, Acc: 40.08%, Loss: 2.4861
Epoch: 10, Batch: 50, Acc: 40.09%, Loss: 2.3748
Epoch: 10, Batch: 60, Acc: 39.74%, Loss: 2.4602
Epoch: 10, Batch: 70, Acc: 39.33%, Loss: 2.4672
Epoch: 10, Batch: 80, Acc: 39.67%, Loss: 2.3606
Epoch: 10, Batch: 90, Acc: 40.02%, Loss: 2.4077
Epoch: 10, Batch: 100, Acc: 39.73%, Loss: 2.4319
Epoch: 10, Batch: 110, Acc: 39.94%, Loss: 2.4180
Epoch: 10, Batch: 120, Acc: 39.92%, Loss: 2.4622
Epoch: 10, Batch: 130, Acc: 39.99%, Loss: 2.4249
Epoch: 10, Batch: 140, Acc: 40.07%, Loss: 2.4389
Epoch: 10, Batch: 150, Acc: 40.33%, Loss: 2.3483
Epoch: 10, Batch: 160, Acc: 40.50%, Loss: 2.3989
Epoch: 10, Batch: 170, Acc: 40.59%, Loss: 2.4170
Epoch: 10, Batch: 180, Acc: 40.74%, Loss: 2.3599
Epoch: 10, Batch: 190, Acc: 40.62%, Loss: 2.4414
Epoch: 10, Batch: 200, Acc: 40.69%, Loss: 2.3851
Epoch: 10, Batch: 210, Acc: 40.63%, Loss: 2.4589
Epoch: 10, Batch: 220, Acc: 40.68%, Loss: 2.3674
Epoch: 10, Batch: 230, Acc: 40.81%, Loss: 2.3829
Epoch: 10, Batch: 240, Acc: 40.78%, Loss: 2.4042
Epoch: 10, Batch: 250, Acc: 40.78%, Loss: 2.4248
Accuracy on test set: 44.43%
  [Run 2 | eps=0.1 | random | none | GPU 0] Training Time: 6117.95s  Best Acc: 44.43%

  [Run 2 | eps=0.1 | random | none | GPU 0] Evaluating final model on clean test data...
  Accuracy    : 0.4443
  Loss        : 2.2957
  Precision   : 0.4264
  Recall      : 0.4578
  F1          : 0.4415
  Fpr         : 0.0252
  Fnr         : 0.5422
  Roc_auc     : 0.8948
  Pr_auc      : 0.4562
  Asr         : 3.0435
Metrics saved to eps0.1/qmlp-az-quid-run2-layer50_quid_eps0.1_random_none.csv
  [Run 2 | eps=0.1 | random | none | GPU 0] Done. Saved → eps0.1/qmlp-az-quid-run2-layer50-noiseless-Amplitude_eps0.1_random_none.pt

====================================================================
 [Run 2 | eps=0.1 | random | q-detection | GPU 1]
====================================================================
  [Run 2 | eps=0.1 | random | q-detection | GPU 1] Stratified subset: 16100 samples (700 per class max, from 184342 total)
  [Run 2 | eps=0.1 | random | q-detection | GPU 1] Poisoned: 1610/16100
  [Run 2 | eps=0.1 | random | q-detection | GPU 1] J matrix: 16100x16100 (2074 MB)
Epoch: 1, Batch: 10, Acc: 4.38%, Loss: 3.1227
Epoch: 1, Batch: 20, Acc: 4.69%, Loss: 3.1145
Epoch: 1, Batch: 30, Acc: 5.05%, Loss: 3.1050
Epoch: 1, Batch: 40, Acc: 5.66%, Loss: 3.0748
Epoch: 1, Batch: 50, Acc: 6.06%, Loss: 3.0908
Epoch: 1, Batch: 60, Acc: 6.46%, Loss: 3.0858
Epoch: 1, Batch: 70, Acc: 6.96%, Loss: 3.0605
Epoch: 1, Batch: 80, Acc: 7.29%, Loss: 3.0749
Epoch: 1, Batch: 90, Acc: 7.59%, Loss: 3.0694
Epoch: 1, Batch: 100, Acc: 7.75%, Loss: 3.0586
Epoch: 1, Batch: 110, Acc: 8.04%, Loss: 3.0272
Epoch: 1, Batch: 120, Acc: 8.02%, Loss: 3.0518
Epoch: 1, Batch: 130, Acc: 8.16%, Loss: 3.0439
Epoch: 1, Batch: 140, Acc: 8.19%, Loss: 3.0326
Epoch: 1, Batch: 150, Acc: 8.18%, Loss: 3.0240
Epoch: 1, Batch: 160, Acc: 8.06%, Loss: 3.0420
Epoch: 1, Batch: 170, Acc: 8.01%, Loss: 3.0264
Epoch: 1, Batch: 180, Acc: 8.25%, Loss: 2.9932
Epoch: 1, Batch: 190, Acc: 8.45%, Loss: 2.9621
Epoch: 1, Batch: 200, Acc: 8.66%, Loss: 3.0038
Epoch: 1, Batch: 210, Acc: 8.74%, Loss: 2.9894
Epoch: 1, Batch: 220, Acc: 8.85%, Loss: 2.9565
Epoch: 1, Batch: 230, Acc: 8.97%, Loss: 2.9605
Epoch: 1, Batch: 240, Acc: 9.10%, Loss: 2.9295
Epoch: 1, Batch: 250, Acc: 9.27%, Loss: 2.8757
Accuracy on test set: 13.53%
Epoch: 2, Batch: 10, Acc: 11.72%, Loss: 2.9448
Epoch: 2, Batch: 20, Acc: 12.34%, Loss: 2.8887
Epoch: 2, Batch: 30, Acc: 12.71%, Loss: 2.8935
Epoch: 2, Batch: 40, Acc: 11.64%, Loss: 2.9413
Epoch: 2, Batch: 50, Acc: 11.78%, Loss: 2.8717
Epoch: 2, Batch: 60, Acc: 11.88%, Loss: 2.9135
Epoch: 2, Batch: 70, Acc: 11.85%, Loss: 2.9076
Epoch: 2, Batch: 80, Acc: 12.42%, Loss: 2.8071
Epoch: 2, Batch: 90, Acc: 12.41%, Loss: 2.8890
Epoch: 2, Batch: 100, Acc: 12.53%, Loss: 2.8754
Epoch: 2, Batch: 110, Acc: 12.49%, Loss: 2.8630
Epoch: 2, Batch: 120, Acc: 12.70%, Loss: 2.8441
Epoch: 2, Batch: 130, Acc: 12.81%, Loss: 2.8435
Epoch: 2, Batch: 140, Acc: 12.99%, Loss: 2.8126
Epoch: 2, Batch: 150, Acc: 13.09%, Loss: 2.8620
Epoch: 2, Batch: 160, Acc: 13.17%, Loss: 2.8214
Epoch: 2, Batch: 170, Acc: 13.27%, Loss: 2.9108
Epoch: 2, Batch: 180, Acc: 13.59%, Loss: 2.7715
Epoch: 2, Batch: 190, Acc: 13.68%, Loss: 2.9063
Epoch: 2, Batch: 200, Acc: 14.08%, Loss: 2.7709
Epoch: 2, Batch: 210, Acc: 14.25%, Loss: 2.7496
Epoch: 2, Batch: 220, Acc: 14.26%, Loss: 2.8834
Epoch: 2, Batch: 230, Acc: 14.42%, Loss: 2.7835
Epoch: 2, Batch: 240, Acc: 14.68%, Loss: 2.7231
Epoch: 2, Batch: 250, Acc: 14.79%, Loss: 2.8534
Accuracy on test set: 20.47%
Epoch: 3, Batch: 10, Acc: 19.22%, Loss: 2.7713
Epoch: 3, Batch: 20, Acc: 18.12%, Loss: 2.8557
Epoch: 3, Batch: 30, Acc: 19.64%, Loss: 2.7690
Epoch: 3, Batch: 40, Acc: 20.51%, Loss: 2.8069
Epoch: 3, Batch: 50, Acc: 21.06%, Loss: 2.7641
Epoch: 3, Batch: 60, Acc: 20.55%, Loss: 2.8185
Epoch: 3, Batch: 70, Acc: 20.98%, Loss: 2.7906
Epoch: 3, Batch: 80, Acc: 21.13%, Loss: 2.7455
Epoch: 3, Batch: 90, Acc: 21.22%, Loss: 2.7444
Epoch: 3, Batch: 100, Acc: 21.41%, Loss: 2.7640
Epoch: 3, Batch: 110, Acc: 21.41%, Loss: 2.7322
Epoch: 3, Batch: 120, Acc: 21.34%, Loss: 2.7941
Epoch: 3, Batch: 130, Acc: 21.56%, Loss: 2.7849
Epoch: 3, Batch: 140, Acc: 21.56%, Loss: 2.8004
Epoch: 3, Batch: 150, Acc: 21.80%, Loss: 2.7933
Epoch: 3, Batch: 160, Acc: 21.99%, Loss: 2.8088
Epoch: 3, Batch: 170, Acc: 22.14%, Loss: 2.8101
Epoch: 3, Batch: 180, Acc: 22.31%, Loss: 2.7328
Epoch: 3, Batch: 190, Acc: 22.38%, Loss: 2.7651
Epoch: 3, Batch: 200, Acc: 22.44%, Loss: 2.7080
Epoch: 3, Batch: 210, Acc: 22.42%, Loss: 2.8240
Epoch: 3, Batch: 220, Acc: 22.66%, Loss: 2.6481
Epoch: 3, Batch: 230, Acc: 22.86%, Loss: 2.7575
Epoch: 3, Batch: 240, Acc: 22.90%, Loss: 2.7466
Epoch: 3, Batch: 250, Acc: 23.02%, Loss: 2.7094
Accuracy on test set: 27.22%
Epoch: 4, Batch: 10, Acc: 26.09%, Loss: 2.7415
Epoch: 4, Batch: 20, Acc: 25.16%, Loss: 2.7373
Epoch: 4, Batch: 30, Acc: 26.61%, Loss: 2.7965
Epoch: 4, Batch: 40, Acc: 26.48%, Loss: 2.6376
Epoch: 4, Batch: 50, Acc: 26.19%, Loss: 2.6054
Epoch: 4, Batch: 60, Acc: 25.68%, Loss: 2.6828
Epoch: 4, Batch: 70, Acc: 25.56%, Loss: 2.8074
Epoch: 4, Batch: 80, Acc: 25.43%, Loss: 2.6672
Epoch: 4, Batch: 90, Acc: 25.38%, Loss: 2.8068
Epoch: 4, Batch: 100, Acc: 25.75%, Loss: 2.7841
Epoch: 4, Batch: 110, Acc: 26.05%, Loss: 2.7420
Epoch: 4, Batch: 120, Acc: 26.15%, Loss: 2.6895
Epoch: 4, Batch: 130, Acc: 26.23%, Loss: 2.6812
Epoch: 4, Batch: 140, Acc: 26.24%, Loss: 2.7107
Epoch: 4, Batch: 150, Acc: 26.22%, Loss: 2.8092
Epoch: 4, Batch: 160, Acc: 26.22%, Loss: 2.7299
Epoch: 4, Batch: 170, Acc: 26.23%, Loss: 2.8238
Epoch: 4, Batch: 180, Acc: 26.27%, Loss: 2.6694
Epoch: 4, Batch: 190, Acc: 26.37%, Loss: 2.6815
Epoch: 4, Batch: 200, Acc: 26.30%, Loss: 2.6366
Epoch: 4, Batch: 210, Acc: 26.25%, Loss: 2.6670
Epoch: 4, Batch: 220, Acc: 26.31%, Loss: 2.6921
Epoch: 4, Batch: 230, Acc: 26.27%, Loss: 2.6578
Epoch: 4, Batch: 240, Acc: 26.24%, Loss: 2.8046
Epoch: 4, Batch: 250, Acc: 26.29%, Loss: 2.6117
Accuracy on test set: 29.08%
Epoch: 5, Batch: 10, Acc: 26.41%, Loss: 2.7004
Epoch: 5, Batch: 20, Acc: 26.02%, Loss: 2.8802
Epoch: 5, Batch: 30, Acc: 26.51%, Loss: 2.7649
Epoch: 5, Batch: 40, Acc: 26.91%, Loss: 2.6816
Epoch: 5, Batch: 50, Acc: 27.34%, Loss: 2.7911
Epoch: 5, Batch: 60, Acc: 27.14%, Loss: 2.8165
Epoch: 5, Batch: 70, Acc: 26.83%, Loss: 2.7677
Epoch: 5, Batch: 80, Acc: 27.05%, Loss: 2.8094
Epoch: 5, Batch: 90, Acc: 27.34%, Loss: 2.8047
Epoch: 5, Batch: 100, Acc: 27.56%, Loss: 2.7883
Epoch: 5, Batch: 110, Acc: 27.51%, Loss: 2.6913
Epoch: 5, Batch: 120, Acc: 27.67%, Loss: 2.6446
Epoch: 5, Batch: 130, Acc: 27.82%, Loss: 2.7665
Epoch: 5, Batch: 140, Acc: 28.18%, Loss: 2.6780
Epoch: 5, Batch: 150, Acc: 28.39%, Loss: 2.7780
Epoch: 5, Batch: 160, Acc: 28.58%, Loss: 2.7254
Epoch: 5, Batch: 170, Acc: 28.59%, Loss: 2.8821
Epoch: 5, Batch: 180, Acc: 28.66%, Loss: 2.6270
Epoch: 5, Batch: 190, Acc: 28.82%, Loss: 2.7636
Epoch: 5, Batch: 200, Acc: 29.02%, Loss: 2.6740
Epoch: 5, Batch: 210, Acc: 29.14%, Loss: 2.7311
Epoch: 5, Batch: 220, Acc: 29.28%, Loss: 2.7992
Epoch: 5, Batch: 230, Acc: 29.45%, Loss: 2.6515
Epoch: 5, Batch: 240, Acc: 29.59%, Loss: 2.7875
Epoch: 5, Batch: 250, Acc: 29.59%, Loss: 2.7022
Accuracy on test set: 33.45%
Epoch: 6, Batch: 10, Acc: 32.81%, Loss: 2.7272
Epoch: 6, Batch: 20, Acc: 32.11%, Loss: 2.7104
Epoch: 6, Batch: 30, Acc: 31.93%, Loss: 2.6355
Epoch: 6, Batch: 40, Acc: 30.94%, Loss: 2.8040
Epoch: 6, Batch: 50, Acc: 31.12%, Loss: 2.7599
Epoch: 6, Batch: 60, Acc: 31.33%, Loss: 2.8031
Epoch: 6, Batch: 70, Acc: 31.72%, Loss: 2.5265
Epoch: 6, Batch: 80, Acc: 31.78%, Loss: 2.7178
Epoch: 6, Batch: 90, Acc: 31.72%, Loss: 2.9169
Epoch: 6, Batch: 100, Acc: 31.28%, Loss: 2.6232
Epoch: 6, Batch: 110, Acc: 31.63%, Loss: 2.6965
Epoch: 6, Batch: 120, Acc: 31.81%, Loss: 2.7305
Epoch: 6, Batch: 130, Acc: 31.95%, Loss: 2.7508
Epoch: 6, Batch: 140, Acc: 31.91%, Loss: 2.6739
Epoch: 6, Batch: 150, Acc: 32.00%, Loss: 2.6345
Epoch: 6, Batch: 160, Acc: 32.03%, Loss: 2.6283
Epoch: 6, Batch: 170, Acc: 32.26%, Loss: 2.7223
Epoch: 6, Batch: 180, Acc: 32.39%, Loss: 2.4963
Epoch: 6, Batch: 190, Acc: 32.48%, Loss: 2.6046
Epoch: 6, Batch: 200, Acc: 32.49%, Loss: 2.8640
Epoch: 6, Batch: 210, Acc: 32.57%, Loss: 2.7165
Epoch: 6, Batch: 220, Acc: 32.83%, Loss: 2.6467
Epoch: 6, Batch: 230, Acc: 32.87%, Loss: 2.7209
Epoch: 6, Batch: 240, Acc: 32.77%, Loss: 2.8019
Epoch: 6, Batch: 250, Acc: 32.89%, Loss: 2.7439
Accuracy on test set: 35.32%
Epoch: 7, Batch: 10, Acc: 32.97%, Loss: 2.7352
Epoch: 7, Batch: 20, Acc: 32.11%, Loss: 2.5526
Epoch: 7, Batch: 30, Acc: 34.01%, Loss: 2.7565
Epoch: 7, Batch: 40, Acc: 34.26%, Loss: 2.5920
Epoch: 7, Batch: 50, Acc: 33.66%, Loss: 2.6408
Epoch: 7, Batch: 60, Acc: 33.93%, Loss: 2.8469
Epoch: 7, Batch: 70, Acc: 33.53%, Loss: 2.5536
Epoch: 7, Batch: 80, Acc: 33.57%, Loss: 2.5860
Epoch: 7, Batch: 90, Acc: 33.87%, Loss: 2.6131
Epoch: 7, Batch: 100, Acc: 33.72%, Loss: 2.5292
Epoch: 7, Batch: 110, Acc: 33.71%, Loss: 2.6839
Epoch: 7, Batch: 120, Acc: 33.87%, Loss: 2.3403
Epoch: 7, Batch: 130, Acc: 33.86%, Loss: 2.7323
Epoch: 7, Batch: 140, Acc: 33.54%, Loss: 2.6820
Epoch: 7, Batch: 150, Acc: 33.32%, Loss: 2.6034
Epoch: 7, Batch: 160, Acc: 33.45%, Loss: 2.5781
Epoch: 7, Batch: 170, Acc: 33.47%, Loss: 2.5650
Epoch: 7, Batch: 180, Acc: 33.52%, Loss: 2.7637
Epoch: 7, Batch: 190, Acc: 33.69%, Loss: 2.6679
Epoch: 7, Batch: 200, Acc: 33.70%, Loss: 2.6598
Epoch: 7, Batch: 210, Acc: 33.59%, Loss: 2.6843
Epoch: 7, Batch: 220, Acc: 33.63%, Loss: 2.6187
Epoch: 7, Batch: 230, Acc: 33.59%, Loss: 2.5405
Epoch: 7, Batch: 240, Acc: 33.54%, Loss: 2.5171
Epoch: 7, Batch: 250, Acc: 33.57%, Loss: 2.5930
Accuracy on test set: 34.92%
Epoch: 8, Batch: 10, Acc: 34.69%, Loss: 2.4148
Epoch: 8, Batch: 20, Acc: 34.84%, Loss: 2.5749
Epoch: 8, Batch: 30, Acc: 34.69%, Loss: 2.6053
Epoch: 8, Batch: 40, Acc: 34.45%, Loss: 2.8325
Epoch: 8, Batch: 50, Acc: 34.62%, Loss: 2.9126
Epoch: 8, Batch: 60, Acc: 34.58%, Loss: 2.6405
Epoch: 8, Batch: 70, Acc: 34.62%, Loss: 2.6517
Epoch: 8, Batch: 80, Acc: 34.88%, Loss: 2.7100
Epoch: 8, Batch: 90, Acc: 35.16%, Loss: 2.7626
Epoch: 8, Batch: 100, Acc: 34.98%, Loss: 2.6891
Epoch: 8, Batch: 110, Acc: 35.03%, Loss: 2.7645
Epoch: 8, Batch: 120, Acc: 34.88%, Loss: 2.5717
Epoch: 8, Batch: 130, Acc: 34.75%, Loss: 2.6583
Epoch: 8, Batch: 140, Acc: 34.64%, Loss: 2.3322
Epoch: 8, Batch: 150, Acc: 34.53%, Loss: 2.4640
Epoch: 8, Batch: 160, Acc: 34.34%, Loss: 2.8781
Epoch: 8, Batch: 170, Acc: 34.30%, Loss: 2.8427
Epoch: 8, Batch: 180, Acc: 34.25%, Loss: 2.6591
Epoch: 8, Batch: 190, Acc: 34.28%, Loss: 2.4549
Epoch: 8, Batch: 200, Acc: 34.34%, Loss: 2.4076
Epoch: 8, Batch: 210, Acc: 34.22%, Loss: 2.6538
Epoch: 8, Batch: 220, Acc: 34.33%, Loss: 2.4457
Epoch: 8, Batch: 230, Acc: 34.49%, Loss: 2.3716
Epoch: 8, Batch: 240, Acc: 34.50%, Loss: 2.4990
Epoch: 8, Batch: 250, Acc: 34.52%, Loss: 2.9086
Accuracy on test set: 36.74%
Epoch: 9, Batch: 10, Acc: 32.97%, Loss: 2.5117
Epoch: 9, Batch: 20, Acc: 34.77%, Loss: 2.4847
Epoch: 9, Batch: 30, Acc: 35.26%, Loss: 2.5474
Epoch: 9, Batch: 40, Acc: 35.27%, Loss: 2.8383
Epoch: 9, Batch: 50, Acc: 35.50%, Loss: 2.6090
Epoch: 9, Batch: 60, Acc: 35.60%, Loss: 2.5303
Epoch: 9, Batch: 70, Acc: 35.36%, Loss: 2.6248
Epoch: 9, Batch: 80, Acc: 35.23%, Loss: 2.7273
Epoch: 9, Batch: 90, Acc: 35.30%, Loss: 2.7888
Epoch: 9, Batch: 100, Acc: 35.27%, Loss: 2.6467
Epoch: 9, Batch: 110, Acc: 35.60%, Loss: 2.8387
Epoch: 9, Batch: 120, Acc: 35.62%, Loss: 2.6689
Epoch: 9, Batch: 130, Acc: 35.82%, Loss: 2.8582
Epoch: 9, Batch: 140, Acc: 35.71%, Loss: 2.7099
Epoch: 9, Batch: 150, Acc: 35.74%, Loss: 2.6532
Epoch: 9, Batch: 160, Acc: 35.91%, Loss: 2.6649
Epoch: 9, Batch: 170, Acc: 36.02%, Loss: 2.6865
Epoch: 9, Batch: 180, Acc: 36.15%, Loss: 2.6638
Epoch: 9, Batch: 190, Acc: 36.18%, Loss: 2.4786
Epoch: 9, Batch: 200, Acc: 36.15%, Loss: 2.4276
Epoch: 9, Batch: 210, Acc: 36.21%, Loss: 2.5673
Epoch: 9, Batch: 220, Acc: 36.19%, Loss: 2.7530
Epoch: 9, Batch: 230, Acc: 36.32%, Loss: 2.5066
Epoch: 9, Batch: 240, Acc: 36.34%, Loss: 2.5512
Epoch: 9, Batch: 250, Acc: 36.33%, Loss: 2.7589
Accuracy on test set: 38.68%
Epoch: 10, Batch: 10, Acc: 41.25%, Loss: 2.4716
Epoch: 10, Batch: 20, Acc: 38.12%, Loss: 2.6766
Epoch: 10, Batch: 30, Acc: 38.80%, Loss: 2.5296
Epoch: 10, Batch: 40, Acc: 37.54%, Loss: 2.8937
Epoch: 10, Batch: 50, Acc: 37.41%, Loss: 2.8156
Epoch: 10, Batch: 60, Acc: 37.21%, Loss: 2.6647
Epoch: 10, Batch: 70, Acc: 36.90%, Loss: 2.6905
Epoch: 10, Batch: 80, Acc: 37.25%, Loss: 2.6326
Epoch: 10, Batch: 90, Acc: 37.36%, Loss: 2.5574
Epoch: 10, Batch: 100, Acc: 37.27%, Loss: 2.5856
Epoch: 10, Batch: 110, Acc: 37.40%, Loss: 2.5829
Epoch: 10, Batch: 120, Acc: 37.40%, Loss: 2.6923
Epoch: 10, Batch: 130, Acc: 37.45%, Loss: 2.8258
Epoch: 10, Batch: 140, Acc: 37.54%, Loss: 2.7442
Epoch: 10, Batch: 150, Acc: 37.80%, Loss: 2.5175
Epoch: 10, Batch: 160, Acc: 37.90%, Loss: 2.7421
Epoch: 10, Batch: 170, Acc: 37.81%, Loss: 2.7064
Epoch: 10, Batch: 180, Acc: 37.93%, Loss: 2.2868
Epoch: 10, Batch: 190, Acc: 37.86%, Loss: 2.5045
Epoch: 10, Batch: 200, Acc: 37.99%, Loss: 2.8546
Epoch: 10, Batch: 210, Acc: 38.03%, Loss: 2.5279
Epoch: 10, Batch: 220, Acc: 38.11%, Loss: 2.7238
Epoch: 10, Batch: 230, Acc: 38.29%, Loss: 2.6938
Epoch: 10, Batch: 240, Acc: 38.30%, Loss: 2.6901
Epoch: 10, Batch: 250, Acc: 38.33%, Loss: 2.7723
Accuracy on test set: 42.10%
  [Run 2 | eps=0.1 | random | q-detection | GPU 1] Training Time: 12647.04s  Best Acc: 42.10%

  [Run 2 | eps=0.1 | random | q-detection | GPU 1] Evaluating final model on clean test data...
  Accuracy    : 0.4210
  Loss        : 2.4365
  Precision   : 0.3922
  Recall      : 0.4330
  F1          : 0.4116
  Fpr         : 0.0263
  Fnr         : 0.5670
  Roc_auc     : 0.8864
  Pr_auc      : 0.4333
  Asr         : 3.3540
Metrics saved to eps0.1/qmlp-az-quid-run2-layer50_quid_eps0.1_random_qdetection.csv
  [Run 2 | eps=0.1 | random | q-detection | GPU 1] Done. Saved → eps0.1/qmlp-az-quid-run2-layer50-noiseless-Amplitude_eps0.1_random_qdetection.pt

====================================================================
 [Run 2 | eps=0.3 | quid | none | GPU 0]
====================================================================
  [Run 2 | eps=0.3 | quid | none | GPU 0] Stratified subset: 16100 samples (700 per class max, from 184342 total)
  [QUID] Computing density matrices for 4830 poisoned samples ...
  [QUID] Density matrices done in 6.4s
  [QUID] Assigning adversarial labels ...
  [QUID] Label assignment done in 264.6s
  [QUID] Labels changed: 4830/4830
  [Run 2 | eps=0.3 | quid | none | GPU 0] Poisoned: 4830/16100
Epoch: 1, Batch: 10, Acc: 17.03%, Loss: 3.0955
Epoch: 1, Batch: 20, Acc: 19.06%, Loss: 3.0821
Epoch: 1, Batch: 30, Acc: 21.51%, Loss: 3.0654
Epoch: 1, Batch: 40, Acc: 23.52%, Loss: 3.0429
Epoch: 1, Batch: 50, Acc: 25.03%, Loss: 3.0352
Epoch: 1, Batch: 60, Acc: 26.02%, Loss: 3.0392
Epoch: 1, Batch: 70, Acc: 27.57%, Loss: 2.9939
Epoch: 1, Batch: 80, Acc: 28.03%, Loss: 3.0163
Epoch: 1, Batch: 90, Acc: 28.14%, Loss: 3.0139
Epoch: 1, Batch: 100, Acc: 28.39%, Loss: 2.9974
Epoch: 1, Batch: 110, Acc: 28.35%, Loss: 2.9924
Epoch: 1, Batch: 120, Acc: 28.36%, Loss: 3.0002
Epoch: 1, Batch: 130, Acc: 28.61%, Loss: 2.9694
Epoch: 1, Batch: 140, Acc: 28.76%, Loss: 2.9595
Epoch: 1, Batch: 150, Acc: 28.84%, Loss: 2.9470
Epoch: 1, Batch: 160, Acc: 29.02%, Loss: 2.9420
Epoch: 1, Batch: 170, Acc: 29.13%, Loss: 2.9313
Epoch: 1, Batch: 180, Acc: 29.19%, Loss: 2.9140
Epoch: 1, Batch: 190, Acc: 29.24%, Loss: 2.9143
Epoch: 1, Batch: 200, Acc: 29.31%, Loss: 2.8938
Epoch: 1, Batch: 210, Acc: 29.33%, Loss: 2.9123
Epoch: 1, Batch: 220, Acc: 29.42%, Loss: 2.8838
Epoch: 1, Batch: 230, Acc: 29.57%, Loss: 2.8554
Epoch: 1, Batch: 240, Acc: 29.67%, Loss: 2.8498
Epoch: 1, Batch: 250, Acc: 29.65%, Loss: 2.8574
Accuracy on test set: 4.88%
Epoch: 2, Batch: 10, Acc: 32.03%, Loss: 2.8328
Epoch: 2, Batch: 20, Acc: 31.02%, Loss: 2.8443
Epoch: 2, Batch: 30, Acc: 30.62%, Loss: 2.8314
Epoch: 2, Batch: 40, Acc: 30.90%, Loss: 2.8231
Epoch: 2, Batch: 50, Acc: 31.31%, Loss: 2.7747
Epoch: 2, Batch: 60, Acc: 31.17%, Loss: 2.8223
Epoch: 2, Batch: 70, Acc: 31.23%, Loss: 2.8093
Epoch: 2, Batch: 80, Acc: 31.02%, Loss: 2.7696
Epoch: 2, Batch: 90, Acc: 30.85%, Loss: 2.8040
Epoch: 2, Batch: 100, Acc: 30.86%, Loss: 2.7977
Epoch: 2, Batch: 110, Acc: 30.82%, Loss: 2.7767
Epoch: 2, Batch: 120, Acc: 30.86%, Loss: 2.7373
Epoch: 2, Batch: 130, Acc: 30.91%, Loss: 2.7431
Epoch: 2, Batch: 140, Acc: 30.88%, Loss: 2.7521
Epoch: 2, Batch: 150, Acc: 30.81%, Loss: 2.7701
Epoch: 2, Batch: 160, Acc: 30.72%, Loss: 2.7521
Epoch: 2, Batch: 170, Acc: 30.86%, Loss: 2.7265
Epoch: 2, Batch: 180, Acc: 30.83%, Loss: 2.7153
Epoch: 2, Batch: 190, Acc: 30.75%, Loss: 2.7812
Epoch: 2, Batch: 200, Acc: 30.73%, Loss: 2.7018
Epoch: 2, Batch: 210, Acc: 30.76%, Loss: 2.6800
Epoch: 2, Batch: 220, Acc: 30.86%, Loss: 2.7241
Epoch: 2, Batch: 230, Acc: 30.76%, Loss: 2.7298
Epoch: 2, Batch: 240, Acc: 30.87%, Loss: 2.6414
Epoch: 2, Batch: 250, Acc: 30.84%, Loss: 2.7289
Accuracy on test set: 4.88%
Epoch: 3, Batch: 10, Acc: 28.12%, Loss: 2.7067
Epoch: 3, Batch: 20, Acc: 29.84%, Loss: 2.6878
Epoch: 3, Batch: 30, Acc: 31.51%, Loss: 2.6307
Epoch: 3, Batch: 40, Acc: 32.23%, Loss: 2.6341
Epoch: 3, Batch: 50, Acc: 31.91%, Loss: 2.6682
Epoch: 3, Batch: 60, Acc: 32.03%, Loss: 2.6543
Epoch: 3, Batch: 70, Acc: 31.74%, Loss: 2.6862
Epoch: 3, Batch: 80, Acc: 31.86%, Loss: 2.6396
Epoch: 3, Batch: 90, Acc: 31.77%, Loss: 2.6671
Epoch: 3, Batch: 100, Acc: 31.55%, Loss: 2.6774
Epoch: 3, Batch: 110, Acc: 31.49%, Loss: 2.6788
Epoch: 3, Batch: 120, Acc: 31.48%, Loss: 2.6602
Epoch: 3, Batch: 130, Acc: 31.38%, Loss: 2.6839
Epoch: 3, Batch: 140, Acc: 31.32%, Loss: 2.6671
Epoch: 3, Batch: 150, Acc: 31.27%, Loss: 2.6411
Epoch: 3, Batch: 160, Acc: 31.29%, Loss: 2.6269
Epoch: 3, Batch: 170, Acc: 31.10%, Loss: 2.6879
Epoch: 3, Batch: 180, Acc: 31.29%, Loss: 2.5927
Epoch: 3, Batch: 190, Acc: 31.37%, Loss: 2.6105
Epoch: 3, Batch: 200, Acc: 31.43%, Loss: 2.6132
Epoch: 3, Batch: 210, Acc: 31.50%, Loss: 2.6272
Epoch: 3, Batch: 220, Acc: 31.70%, Loss: 2.5352
Epoch: 3, Batch: 230, Acc: 31.61%, Loss: 2.6464
Epoch: 3, Batch: 240, Acc: 31.65%, Loss: 2.6088
Epoch: 3, Batch: 250, Acc: 31.72%, Loss: 2.5807
Accuracy on test set: 8.40%
Epoch: 4, Batch: 10, Acc: 35.00%, Loss: 2.5426
Epoch: 4, Batch: 20, Acc: 32.19%, Loss: 2.6316
Epoch: 4, Batch: 30, Acc: 31.25%, Loss: 2.6211
Epoch: 4, Batch: 40, Acc: 31.45%, Loss: 2.5996
Epoch: 4, Batch: 50, Acc: 31.09%, Loss: 2.6309
Epoch: 4, Batch: 60, Acc: 31.30%, Loss: 2.5708
Epoch: 4, Batch: 70, Acc: 31.36%, Loss: 2.6034
Epoch: 4, Batch: 80, Acc: 31.62%, Loss: 2.5720
Epoch: 4, Batch: 90, Acc: 31.60%, Loss: 2.6254
Epoch: 4, Batch: 100, Acc: 31.34%, Loss: 2.6284
Epoch: 4, Batch: 110, Acc: 31.68%, Loss: 2.5179
Epoch: 4, Batch: 120, Acc: 31.72%, Loss: 2.5754
Epoch: 4, Batch: 130, Acc: 31.47%, Loss: 2.6332
Epoch: 4, Batch: 140, Acc: 31.45%, Loss: 2.5816
Epoch: 4, Batch: 150, Acc: 31.38%, Loss: 2.6291
Epoch: 4, Batch: 160, Acc: 31.55%, Loss: 2.5372
Epoch: 4, Batch: 170, Acc: 31.61%, Loss: 2.5812
Epoch: 4, Batch: 180, Acc: 31.62%, Loss: 2.5576
Epoch: 4, Batch: 190, Acc: 31.67%, Loss: 2.5295
Epoch: 4, Batch: 200, Acc: 31.80%, Loss: 2.5229
Epoch: 4, Batch: 210, Acc: 31.85%, Loss: 2.5445
Epoch: 4, Batch: 220, Acc: 31.85%, Loss: 2.5217
Epoch: 4, Batch: 230, Acc: 31.83%, Loss: 2.5233
Epoch: 4, Batch: 240, Acc: 31.80%, Loss: 2.5587
Epoch: 4, Batch: 250, Acc: 31.94%, Loss: 2.4822
Accuracy on test set: 8.40%
Epoch: 5, Batch: 10, Acc: 32.34%, Loss: 2.5306
Epoch: 5, Batch: 20, Acc: 31.48%, Loss: 2.5525
Epoch: 5, Batch: 30, Acc: 31.20%, Loss: 2.5667
Epoch: 5, Batch: 40, Acc: 31.33%, Loss: 2.5348
Epoch: 5, Batch: 50, Acc: 31.38%, Loss: 2.5587
Epoch: 5, Batch: 60, Acc: 32.06%, Loss: 2.4854
Epoch: 5, Batch: 70, Acc: 32.28%, Loss: 2.5075
Epoch: 5, Batch: 80, Acc: 32.27%, Loss: 2.4841
Epoch: 5, Batch: 90, Acc: 32.20%, Loss: 2.5126
Epoch: 5, Batch: 100, Acc: 32.09%, Loss: 2.5384
Epoch: 5, Batch: 110, Acc: 32.06%, Loss: 2.5448
Epoch: 5, Batch: 120, Acc: 31.78%, Loss: 2.5478
Epoch: 5, Batch: 130, Acc: 31.89%, Loss: 2.5190
Epoch: 5, Batch: 140, Acc: 31.71%, Loss: 2.5564
Epoch: 5, Batch: 150, Acc: 31.85%, Loss: 2.4938
Epoch: 5, Batch: 160, Acc: 31.91%, Loss: 2.5064
Epoch: 5, Batch: 170, Acc: 32.01%, Loss: 2.4820
Epoch: 5, Batch: 180, Acc: 31.88%, Loss: 2.5296
Epoch: 5, Batch: 190, Acc: 31.99%, Loss: 2.4774
Epoch: 5, Batch: 200, Acc: 31.96%, Loss: 2.4762
Epoch: 5, Batch: 210, Acc: 31.88%, Loss: 2.4932
Epoch: 5, Batch: 220, Acc: 32.10%, Loss: 2.3828
Epoch: 5, Batch: 230, Acc: 32.23%, Loss: 2.4400
Epoch: 5, Batch: 240, Acc: 32.19%, Loss: 2.5142
Epoch: 5, Batch: 250, Acc: 32.04%, Loss: 2.5686
Accuracy on test set: 8.40%
Epoch: 6, Batch: 10, Acc: 31.72%, Loss: 2.4869
Epoch: 6, Batch: 20, Acc: 32.19%, Loss: 2.4720
Epoch: 6, Batch: 30, Acc: 32.40%, Loss: 2.4662
Epoch: 6, Batch: 40, Acc: 32.30%, Loss: 2.4990
Epoch: 6, Batch: 50, Acc: 32.28%, Loss: 2.4571
Epoch: 6, Batch: 60, Acc: 32.06%, Loss: 2.4812
Epoch: 6, Batch: 70, Acc: 32.57%, Loss: 2.3900
Epoch: 6, Batch: 80, Acc: 31.88%, Loss: 2.5797
Epoch: 6, Batch: 90, Acc: 31.32%, Loss: 2.5865
Epoch: 6, Batch: 100, Acc: 31.36%, Loss: 2.4979
Epoch: 6, Batch: 110, Acc: 31.83%, Loss: 2.3927
Epoch: 6, Batch: 120, Acc: 31.98%, Loss: 2.4106
Epoch: 6, Batch: 130, Acc: 32.18%, Loss: 2.4408
Epoch: 6, Batch: 140, Acc: 32.09%, Loss: 2.4943
Epoch: 6, Batch: 150, Acc: 32.19%, Loss: 2.4387
Epoch: 6, Batch: 160, Acc: 32.29%, Loss: 2.4547
Epoch: 6, Batch: 170, Acc: 32.22%, Loss: 2.4334
Epoch: 6, Batch: 180, Acc: 32.18%, Loss: 2.4256
Epoch: 6, Batch: 190, Acc: 32.17%, Loss: 2.4258
Epoch: 6, Batch: 200, Acc: 32.21%, Loss: 2.4276
Epoch: 6, Batch: 210, Acc: 32.13%, Loss: 2.4400
Epoch: 6, Batch: 220, Acc: 32.02%, Loss: 2.4542
Epoch: 6, Batch: 230, Acc: 32.12%, Loss: 2.4214
Epoch: 6, Batch: 240, Acc: 32.11%, Loss: 2.4628
Epoch: 6, Batch: 250, Acc: 32.09%, Loss: 2.4124
Accuracy on test set: 8.63%
Epoch: 7, Batch: 10, Acc: 31.25%, Loss: 2.4674
Epoch: 7, Batch: 20, Acc: 33.05%, Loss: 2.3852
Epoch: 7, Batch: 30, Acc: 32.60%, Loss: 2.3770
Epoch: 7, Batch: 40, Acc: 32.42%, Loss: 2.4478
Epoch: 7, Batch: 50, Acc: 32.97%, Loss: 2.4258
Epoch: 7, Batch: 60, Acc: 33.05%, Loss: 2.3802
Epoch: 7, Batch: 70, Acc: 32.54%, Loss: 2.4836
Epoch: 7, Batch: 80, Acc: 32.52%, Loss: 2.4180
Epoch: 7, Batch: 90, Acc: 32.29%, Loss: 2.4155
Epoch: 7, Batch: 100, Acc: 32.22%, Loss: 2.4249
Epoch: 7, Batch: 110, Acc: 32.02%, Loss: 2.4695
Epoch: 7, Batch: 120, Acc: 32.23%, Loss: 2.3700
Epoch: 7, Batch: 130, Acc: 32.32%, Loss: 2.3907
Epoch: 7, Batch: 140, Acc: 32.15%, Loss: 2.4935
Epoch: 7, Batch: 150, Acc: 32.36%, Loss: 2.3714
Epoch: 7, Batch: 160, Acc: 32.36%, Loss: 2.4139
Epoch: 7, Batch: 170, Acc: 32.45%, Loss: 2.3984
Epoch: 7, Batch: 180, Acc: 32.39%, Loss: 2.3976
Epoch: 7, Batch: 190, Acc: 32.40%, Loss: 2.3614
Epoch: 7, Batch: 200, Acc: 32.41%, Loss: 2.3958
Epoch: 7, Batch: 210, Acc: 32.52%, Loss: 2.3321
Epoch: 7, Batch: 220, Acc: 32.62%, Loss: 2.3825
Epoch: 7, Batch: 230, Acc: 32.53%, Loss: 2.4405
Epoch: 7, Batch: 240, Acc: 32.53%, Loss: 2.4190
Epoch: 7, Batch: 250, Acc: 32.58%, Loss: 2.3517
Accuracy on test set: 11.70%
Epoch: 8, Batch: 10, Acc: 33.28%, Loss: 2.3967
Epoch: 8, Batch: 20, Acc: 32.66%, Loss: 2.3925
Epoch: 8, Batch: 30, Acc: 32.66%, Loss: 2.4182
Epoch: 8, Batch: 40, Acc: 32.19%, Loss: 2.3955
Epoch: 8, Batch: 50, Acc: 32.94%, Loss: 2.3051
Epoch: 8, Batch: 60, Acc: 33.07%, Loss: 2.3599
Epoch: 8, Batch: 70, Acc: 33.04%, Loss: 2.3999
Epoch: 8, Batch: 80, Acc: 32.64%, Loss: 2.4147
Epoch: 8, Batch: 90, Acc: 32.76%, Loss: 2.3270
Epoch: 8, Batch: 100, Acc: 32.98%, Loss: 2.3366
Epoch: 8, Batch: 110, Acc: 33.18%, Loss: 2.3510
Epoch: 8, Batch: 120, Acc: 33.22%, Loss: 2.3595
Epoch: 8, Batch: 130, Acc: 33.06%, Loss: 2.4100
Epoch: 8, Batch: 140, Acc: 33.07%, Loss: 2.3710
Epoch: 8, Batch: 150, Acc: 33.02%, Loss: 2.3614
Epoch: 8, Batch: 160, Acc: 32.99%, Loss: 2.4052
Epoch: 8, Batch: 170, Acc: 33.01%, Loss: 2.3779
Epoch: 8, Batch: 180, Acc: 32.94%, Loss: 2.3901
Epoch: 8, Batch: 190, Acc: 33.05%, Loss: 2.3109
Epoch: 8, Batch: 200, Acc: 33.18%, Loss: 2.3024
Epoch: 8, Batch: 210, Acc: 33.37%, Loss: 2.3041
Epoch: 8, Batch: 220, Acc: 33.44%, Loss: 2.3178
Epoch: 8, Batch: 230, Acc: 33.40%, Loss: 2.3348
Epoch: 8, Batch: 240, Acc: 33.24%, Loss: 2.4268
Epoch: 8, Batch: 250, Acc: 33.22%, Loss: 2.3256
Accuracy on test set: 12.51%
Epoch: 9, Batch: 10, Acc: 34.38%, Loss: 2.3314
Epoch: 9, Batch: 20, Acc: 32.73%, Loss: 2.3532
Epoch: 9, Batch: 30, Acc: 33.18%, Loss: 2.3304
Epoch: 9, Batch: 40, Acc: 33.55%, Loss: 2.3122
Epoch: 9, Batch: 50, Acc: 33.75%, Loss: 2.3420
Epoch: 9, Batch: 60, Acc: 34.22%, Loss: 2.2946
Epoch: 9, Batch: 70, Acc: 34.38%, Loss: 2.3215
Epoch: 9, Batch: 80, Acc: 34.57%, Loss: 2.2984
Epoch: 9, Batch: 90, Acc: 34.36%, Loss: 2.3293
Epoch: 9, Batch: 100, Acc: 34.33%, Loss: 2.3359
Epoch: 9, Batch: 110, Acc: 34.20%, Loss: 2.3293
Epoch: 9, Batch: 120, Acc: 34.19%, Loss: 2.3071
Epoch: 9, Batch: 130, Acc: 34.01%, Loss: 2.3428
Epoch: 9, Batch: 140, Acc: 33.95%, Loss: 2.3523
Epoch: 9, Batch: 150, Acc: 33.78%, Loss: 2.3733
Epoch: 9, Batch: 160, Acc: 33.83%, Loss: 2.2403
Epoch: 9, Batch: 170, Acc: 33.67%, Loss: 2.3187
Epoch: 9, Batch: 180, Acc: 33.65%, Loss: 2.3044
Epoch: 9, Batch: 190, Acc: 33.65%, Loss: 2.3250
Epoch: 9, Batch: 200, Acc: 33.68%, Loss: 2.2892
Epoch: 9, Batch: 210, Acc: 33.64%, Loss: 2.3043
Epoch: 9, Batch: 220, Acc: 33.54%, Loss: 2.3581
Epoch: 9, Batch: 230, Acc: 33.55%, Loss: 2.2598
Epoch: 9, Batch: 240, Acc: 33.58%, Loss: 2.2818
Epoch: 9, Batch: 250, Acc: 33.52%, Loss: 2.3436
Accuracy on test set: 13.82%
Epoch: 10, Batch: 10, Acc: 32.97%, Loss: 2.2774
Epoch: 10, Batch: 20, Acc: 32.27%, Loss: 2.3416
Epoch: 10, Batch: 30, Acc: 32.55%, Loss: 2.2888
Epoch: 10, Batch: 40, Acc: 32.89%, Loss: 2.3096
Epoch: 10, Batch: 50, Acc: 33.53%, Loss: 2.2670
Epoch: 10, Batch: 60, Acc: 33.44%, Loss: 2.3108
Epoch: 10, Batch: 70, Acc: 33.35%, Loss: 2.3129
Epoch: 10, Batch: 80, Acc: 33.40%, Loss: 2.2615
Epoch: 10, Batch: 90, Acc: 33.49%, Loss: 2.2539
Epoch: 10, Batch: 100, Acc: 33.47%, Loss: 2.3113
Epoch: 10, Batch: 110, Acc: 33.45%, Loss: 2.2939
Epoch: 10, Batch: 120, Acc: 33.29%, Loss: 2.3522
Epoch: 10, Batch: 130, Acc: 33.40%, Loss: 2.2624
Epoch: 10, Batch: 140, Acc: 33.54%, Loss: 2.2782
Epoch: 10, Batch: 150, Acc: 33.56%, Loss: 2.2591
Epoch: 10, Batch: 160, Acc: 33.54%, Loss: 2.3038
Epoch: 10, Batch: 170, Acc: 33.76%, Loss: 2.2156
Epoch: 10, Batch: 180, Acc: 33.93%, Loss: 2.2060
Epoch: 10, Batch: 190, Acc: 34.00%, Loss: 2.2448
Epoch: 10, Batch: 200, Acc: 34.07%, Loss: 2.2485
Epoch: 10, Batch: 210, Acc: 34.06%, Loss: 2.2731
Epoch: 10, Batch: 220, Acc: 34.15%, Loss: 2.2333
Epoch: 10, Batch: 230, Acc: 34.08%, Loss: 2.2880
Epoch: 10, Batch: 240, Acc: 34.10%, Loss: 2.2828
Epoch: 10, Batch: 250, Acc: 34.02%, Loss: 2.3081
Accuracy on test set: 14.62%
  [Run 2 | eps=0.3 | quid | none | GPU 0] Training Time: 6117.13s  Best Acc: 14.62%

  [Run 2 | eps=0.3 | quid | none | GPU 0] Evaluating final model on clean test data...
  Accuracy    : 0.1462
  Loss        : 2.6670
  Precision   : 0.2415
  Recall      : 0.1387
  F1          : 0.1762
  Fpr         : 0.0390
  Fnr         : 0.8613
  Roc_auc     : 0.8755
  Pr_auc      : 0.4218
  Asr         : 82.8157
Metrics saved to eps0.3/qmlp-az-quid-run2-layer50_quid_eps0.3_quid_none.csv
  [Run 2 | eps=0.3 | quid | none | GPU 0] Done. Saved → eps0.3/qmlp-az-quid-run2-layer50-noiseless-Amplitude_eps0.3_quid_none.pt

====================================================================
 [Run 2 | eps=0.3 | quid | q-detection | GPU 1]
====================================================================
  [Run 2 | eps=0.3 | quid | q-detection | GPU 1] Stratified subset: 16100 samples (700 per class max, from 184342 total)
  [QUID] Computing density matrices for 4830 poisoned samples ...
  [QUID] Density matrices done in 6.2s
  [QUID] Assigning adversarial labels ...
  [QUID] Label assignment done in 250.4s
  [QUID] Labels changed: 4830/4830
  [Run 2 | eps=0.3 | quid | q-detection | GPU 1] Poisoned: 4830/16100
  [Run 2 | eps=0.3 | quid | q-detection | GPU 1] J matrix: 16100x16100 (2074 MB)
Epoch: 1, Batch: 10, Acc: 16.41%, Loss: 3.0494
Epoch: 1, Batch: 20, Acc: 17.97%, Loss: 3.0414
Epoch: 1, Batch: 30, Acc: 20.78%, Loss: 3.0158
Epoch: 1, Batch: 40, Acc: 22.81%, Loss: 3.0047
Epoch: 1, Batch: 50, Acc: 24.44%, Loss: 2.9998
Epoch: 1, Batch: 60, Acc: 25.52%, Loss: 2.9982
Epoch: 1, Batch: 70, Acc: 27.14%, Loss: 2.9456
Epoch: 1, Batch: 80, Acc: 27.66%, Loss: 2.9666
Epoch: 1, Batch: 90, Acc: 27.81%, Loss: 2.9690
Epoch: 1, Batch: 100, Acc: 28.09%, Loss: 2.9423
Epoch: 1, Batch: 110, Acc: 28.08%, Loss: 2.9418
Epoch: 1, Batch: 120, Acc: 28.11%, Loss: 2.9587
Epoch: 1, Batch: 130, Acc: 28.38%, Loss: 2.9248
Epoch: 1, Batch: 140, Acc: 28.55%, Loss: 2.9074
Epoch: 1, Batch: 150, Acc: 28.65%, Loss: 2.8814
Epoch: 1, Batch: 160, Acc: 28.84%, Loss: 2.8943
Epoch: 1, Batch: 170, Acc: 28.95%, Loss: 2.8722
Epoch: 1, Batch: 180, Acc: 29.03%, Loss: 2.8471
Epoch: 1, Batch: 190, Acc: 29.08%, Loss: 2.8428
Epoch: 1, Batch: 200, Acc: 29.16%, Loss: 2.8337
Epoch: 1, Batch: 210, Acc: 29.19%, Loss: 2.8357
Epoch: 1, Batch: 220, Acc: 29.28%, Loss: 2.7996
Epoch: 1, Batch: 230, Acc: 29.44%, Loss: 2.7851
Epoch: 1, Batch: 240, Acc: 29.55%, Loss: 2.7646
Epoch: 1, Batch: 250, Acc: 29.53%, Loss: 2.7471
Accuracy on test set: 4.88%
Epoch: 2, Batch: 10, Acc: 32.03%, Loss: 2.7525
Epoch: 2, Batch: 20, Acc: 31.02%, Loss: 2.7739
Epoch: 2, Batch: 30, Acc: 30.62%, Loss: 2.7686
Epoch: 2, Batch: 40, Acc: 30.90%, Loss: 2.7178
Epoch: 2, Batch: 50, Acc: 31.31%, Loss: 2.6848
Epoch: 2, Batch: 60, Acc: 31.17%, Loss: 2.7255
Epoch: 2, Batch: 70, Acc: 31.23%, Loss: 2.7143
Epoch: 2, Batch: 80, Acc: 31.02%, Loss: 2.6998
Epoch: 2, Batch: 90, Acc: 30.85%, Loss: 2.6842
Epoch: 2, Batch: 100, Acc: 30.86%, Loss: 2.6724
Epoch: 2, Batch: 110, Acc: 30.82%, Loss: 2.6863
Epoch: 2, Batch: 120, Acc: 30.86%, Loss: 2.6147
Epoch: 2, Batch: 130, Acc: 30.91%, Loss: 2.6629
Epoch: 2, Batch: 140, Acc: 30.88%, Loss: 2.6367
Epoch: 2, Batch: 150, Acc: 30.81%, Loss: 2.6607
Epoch: 2, Batch: 160, Acc: 30.72%, Loss: 2.6141
Epoch: 2, Batch: 170, Acc: 30.86%, Loss: 2.6051
Epoch: 2, Batch: 180, Acc: 30.83%, Loss: 2.6382
Epoch: 2, Batch: 190, Acc: 30.75%, Loss: 2.6778
Epoch: 2, Batch: 200, Acc: 30.73%, Loss: 2.5962
Epoch: 2, Batch: 210, Acc: 30.76%, Loss: 2.5624
Epoch: 2, Batch: 220, Acc: 30.85%, Loss: 2.6219
Epoch: 2, Batch: 230, Acc: 30.75%, Loss: 2.6617
Epoch: 2, Batch: 240, Acc: 30.87%, Loss: 2.5024
Epoch: 2, Batch: 250, Acc: 30.84%, Loss: 2.6015
Accuracy on test set: 4.88%
Epoch: 3, Batch: 10, Acc: 27.81%, Loss: 2.6595
Epoch: 3, Batch: 20, Acc: 29.38%, Loss: 2.5544
Epoch: 3, Batch: 30, Acc: 30.68%, Loss: 2.5451
Epoch: 3, Batch: 40, Acc: 31.21%, Loss: 2.5276
Epoch: 3, Batch: 50, Acc: 30.88%, Loss: 2.6354
Epoch: 3, Batch: 60, Acc: 31.22%, Loss: 2.5760
Epoch: 3, Batch: 70, Acc: 31.03%, Loss: 2.5533
Epoch: 3, Batch: 80, Acc: 31.07%, Loss: 2.5452
Epoch: 3, Batch: 90, Acc: 30.92%, Loss: 2.5811
Epoch: 3, Batch: 100, Acc: 30.78%, Loss: 2.5469
Epoch: 3, Batch: 110, Acc: 30.71%, Loss: 2.5669
Epoch: 3, Batch: 120, Acc: 30.76%, Loss: 2.5370
Epoch: 3, Batch: 130, Acc: 30.66%, Loss: 2.5635
Epoch: 3, Batch: 140, Acc: 30.64%, Loss: 2.5648
Epoch: 3, Batch: 150, Acc: 30.59%, Loss: 2.5727
Epoch: 3, Batch: 160, Acc: 30.64%, Loss: 2.5049
Epoch: 3, Batch: 170, Acc: 30.46%, Loss: 2.5145
Epoch: 3, Batch: 180, Acc: 30.54%, Loss: 2.4475
Epoch: 3, Batch: 190, Acc: 30.58%, Loss: 2.5684
Epoch: 3, Batch: 200, Acc: 30.63%, Loss: 2.5601
Epoch: 3, Batch: 210, Acc: 30.69%, Loss: 2.5463
Epoch: 3, Batch: 220, Acc: 30.81%, Loss: 2.4144
Epoch: 3, Batch: 230, Acc: 30.73%, Loss: 2.6228
Epoch: 3, Batch: 240, Acc: 30.77%, Loss: 2.5540
Epoch: 3, Batch: 250, Acc: 30.83%, Loss: 2.4641
Accuracy on test set: 4.88%
Epoch: 4, Batch: 10, Acc: 34.22%, Loss: 2.4767
Epoch: 4, Batch: 20, Acc: 31.56%, Loss: 2.5541
Epoch: 4, Batch: 30, Acc: 30.36%, Loss: 2.6233
Epoch: 4, Batch: 40, Acc: 30.51%, Loss: 2.6403
Epoch: 4, Batch: 50, Acc: 30.19%, Loss: 2.5571
Epoch: 4, Batch: 60, Acc: 30.29%, Loss: 2.5462
Epoch: 4, Batch: 70, Acc: 30.31%, Loss: 2.5464
Epoch: 4, Batch: 80, Acc: 30.41%, Loss: 2.5146
Epoch: 4, Batch: 90, Acc: 30.45%, Loss: 2.4838
Epoch: 4, Batch: 100, Acc: 30.20%, Loss: 2.5046
Epoch: 4, Batch: 110, Acc: 30.51%, Loss: 2.5473
Epoch: 4, Batch: 120, Acc: 30.62%, Loss: 2.6793
Epoch: 4, Batch: 130, Acc: 30.46%, Loss: 2.6000
Epoch: 4, Batch: 140, Acc: 30.51%, Loss: 2.5713
Epoch: 4, Batch: 150, Acc: 30.50%, Loss: 2.6906
Epoch: 4, Batch: 160, Acc: 30.73%, Loss: 2.6414
Epoch: 4, Batch: 170, Acc: 30.84%, Loss: 2.5515
Epoch: 4, Batch: 180, Acc: 30.89%, Loss: 2.5013
Epoch: 4, Batch: 190, Acc: 30.95%, Loss: 2.4216
Epoch: 4, Batch: 200, Acc: 31.03%, Loss: 2.4671
Epoch: 4, Batch: 210, Acc: 31.09%, Loss: 2.5715
Epoch: 4, Batch: 220, Acc: 31.14%, Loss: 2.6275
Epoch: 4, Batch: 230, Acc: 31.14%, Loss: 2.4861
Epoch: 4, Batch: 240, Acc: 31.15%, Loss: 2.5449
Epoch: 4, Batch: 250, Acc: 31.31%, Loss: 2.5173
Accuracy on test set: 8.40%
Epoch: 5, Batch: 10, Acc: 32.34%, Loss: 2.5528
Epoch: 5, Batch: 20, Acc: 31.56%, Loss: 2.4113
Epoch: 5, Batch: 30, Acc: 31.25%, Loss: 2.6024
Epoch: 5, Batch: 40, Acc: 31.37%, Loss: 2.4611
Epoch: 5, Batch: 50, Acc: 31.41%, Loss: 2.6046
Epoch: 5, Batch: 60, Acc: 32.08%, Loss: 2.7432
Epoch: 5, Batch: 70, Acc: 32.30%, Loss: 2.5372
Epoch: 5, Batch: 80, Acc: 32.29%, Loss: 2.5160
Epoch: 5, Batch: 90, Acc: 32.22%, Loss: 2.4931
Epoch: 5, Batch: 100, Acc: 32.11%, Loss: 2.6600
Epoch: 5, Batch: 110, Acc: 32.07%, Loss: 2.7267
Epoch: 5, Batch: 120, Acc: 31.80%, Loss: 2.7404
Epoch: 5, Batch: 130, Acc: 31.90%, Loss: 2.4385
Epoch: 5, Batch: 140, Acc: 31.72%, Loss: 2.5174
Epoch: 5, Batch: 150, Acc: 31.86%, Loss: 2.5888
Epoch: 5, Batch: 160, Acc: 31.92%, Loss: 2.4397
Epoch: 5, Batch: 170, Acc: 32.02%, Loss: 2.5110
Epoch: 5, Batch: 180, Acc: 31.88%, Loss: 2.7254
Epoch: 5, Batch: 190, Acc: 32.00%, Loss: 2.7230
Epoch: 5, Batch: 200, Acc: 31.97%, Loss: 2.4393
Epoch: 5, Batch: 210, Acc: 31.89%, Loss: 2.7238
Epoch: 5, Batch: 220, Acc: 32.11%, Loss: 2.3706
Epoch: 5, Batch: 230, Acc: 32.24%, Loss: 2.6630
Epoch: 5, Batch: 240, Acc: 32.19%, Loss: 2.4512
Epoch: 5, Batch: 250, Acc: 32.04%, Loss: 2.5141
Accuracy on test set: 8.43%
Epoch: 6, Batch: 10, Acc: 31.72%, Loss: 2.5808
Epoch: 6, Batch: 20, Acc: 32.19%, Loss: 2.5658
Epoch: 6, Batch: 30, Acc: 32.40%, Loss: 2.6354
Epoch: 6, Batch: 40, Acc: 32.30%, Loss: 2.7293
Epoch: 6, Batch: 50, Acc: 32.22%, Loss: 2.3054
Epoch: 6, Batch: 60, Acc: 32.01%, Loss: 2.5622
Epoch: 6, Batch: 70, Acc: 32.52%, Loss: 2.4856
Epoch: 6, Batch: 80, Acc: 31.84%, Loss: 2.6375
Epoch: 6, Batch: 90, Acc: 31.28%, Loss: 2.7412
Epoch: 6, Batch: 100, Acc: 31.31%, Loss: 2.5666
Epoch: 6, Batch: 110, Acc: 31.76%, Loss: 2.3152
Epoch: 6, Batch: 120, Acc: 31.90%, Loss: 2.3771
Epoch: 6, Batch: 130, Acc: 32.08%, Loss: 2.5395
Epoch: 6, Batch: 140, Acc: 32.00%, Loss: 2.4490
Epoch: 6, Batch: 150, Acc: 32.10%, Loss: 2.6910
Epoch: 6, Batch: 160, Acc: 32.22%, Loss: 2.4846
Epoch: 6, Batch: 170, Acc: 32.15%, Loss: 2.5556
Epoch: 6, Batch: 180, Acc: 32.12%, Loss: 2.3745
Epoch: 6, Batch: 190, Acc: 32.11%, Loss: 2.4585
Epoch: 6, Batch: 200, Acc: 32.16%, Loss: 2.5176
Epoch: 6, Batch: 210, Acc: 32.08%, Loss: 2.6594
Epoch: 6, Batch: 220, Acc: 31.98%, Loss: 2.5618
Epoch: 6, Batch: 230, Acc: 32.04%, Loss: 2.2765
Epoch: 6, Batch: 240, Acc: 32.05%, Loss: 2.3777
Epoch: 6, Batch: 250, Acc: 32.03%, Loss: 2.6279
Accuracy on test set: 8.58%
Epoch: 7, Batch: 10, Acc: 31.72%, Loss: 2.8542
Epoch: 7, Batch: 20, Acc: 33.28%, Loss: 2.4953
Epoch: 7, Batch: 30, Acc: 32.81%, Loss: 2.3727
Epoch: 7, Batch: 40, Acc: 32.54%, Loss: 2.7720
Epoch: 7, Batch: 50, Acc: 33.06%, Loss: 2.4428
Epoch: 7, Batch: 60, Acc: 33.12%, Loss: 2.4968
Epoch: 7, Batch: 70, Acc: 32.66%, Loss: 2.3363
Epoch: 7, Batch: 80, Acc: 32.60%, Loss: 2.6892
Epoch: 7, Batch: 90, Acc: 32.43%, Loss: 2.7775
Epoch: 7, Batch: 100, Acc: 32.30%, Loss: 2.6894
Epoch: 7, Batch: 110, Acc: 32.06%, Loss: 2.4556
Epoch: 7, Batch: 120, Acc: 32.27%, Loss: 2.5481
Epoch: 7, Batch: 130, Acc: 32.38%, Loss: 2.6805
Epoch: 7, Batch: 140, Acc: 32.20%, Loss: 2.9657
Epoch: 7, Batch: 150, Acc: 32.39%, Loss: 2.8178
Epoch: 7, Batch: 160, Acc: 32.34%, Loss: 2.7039
Epoch: 7, Batch: 170, Acc: 32.41%, Loss: 2.5485
Epoch: 7, Batch: 180, Acc: 32.33%, Loss: 2.5799
Epoch: 7, Batch: 190, Acc: 32.38%, Loss: 2.7174
Epoch: 7, Batch: 200, Acc: 32.38%, Loss: 2.2016
Epoch: 7, Batch: 210, Acc: 32.48%, Loss: 2.6500
Epoch: 7, Batch: 220, Acc: 32.56%, Loss: 2.8956
Epoch: 7, Batch: 230, Acc: 32.45%, Loss: 2.5354
Epoch: 7, Batch: 240, Acc: 32.45%, Loss: 2.7479
Epoch: 7, Batch: 250, Acc: 32.45%, Loss: 2.5168
Accuracy on test set: 9.80%
Epoch: 8, Batch: 10, Acc: 33.44%, Loss: 2.9002
Epoch: 8, Batch: 20, Acc: 32.73%, Loss: 2.2635
Epoch: 8, Batch: 30, Acc: 32.40%, Loss: 2.8194
Epoch: 8, Batch: 40, Acc: 31.99%, Loss: 2.5157
Epoch: 8, Batch: 50, Acc: 32.84%, Loss: 2.7156
Epoch: 8, Batch: 60, Acc: 32.99%, Loss: 2.7830
Epoch: 8, Batch: 70, Acc: 32.97%, Loss: 2.4974
Epoch: 8, Batch: 80, Acc: 32.58%, Loss: 2.6233
Epoch: 8, Batch: 90, Acc: 32.69%, Loss: 2.8469
Epoch: 8, Batch: 100, Acc: 32.95%, Loss: 2.4731
Epoch: 8, Batch: 110, Acc: 33.08%, Loss: 2.5705
Epoch: 8, Batch: 120, Acc: 33.12%, Loss: 2.4682
Epoch: 8, Batch: 130, Acc: 32.98%, Loss: 2.7658
Epoch: 8, Batch: 140, Acc: 32.99%, Loss: 2.7365
Epoch: 8, Batch: 150, Acc: 32.93%, Loss: 2.9901
Epoch: 8, Batch: 160, Acc: 32.93%, Loss: 2.6616
Epoch: 8, Batch: 170, Acc: 32.97%, Loss: 2.4892
Epoch: 8, Batch: 180, Acc: 32.93%, Loss: 2.5504
Epoch: 8, Batch: 190, Acc: 33.06%, Loss: 2.4580
Epoch: 8, Batch: 200, Acc: 33.16%, Loss: 2.8730
Epoch: 8, Batch: 210, Acc: 33.37%, Loss: 2.7001
Epoch: 8, Batch: 220, Acc: 33.49%, Loss: 2.5954
Epoch: 8, Batch: 230, Acc: 33.47%, Loss: 2.4912
Epoch: 8, Batch: 240, Acc: 33.33%, Loss: 2.8898
Epoch: 8, Batch: 250, Acc: 33.33%, Loss: 2.3889
Accuracy on test set: 13.42%
Epoch: 9, Batch: 10, Acc: 34.69%, Loss: 2.7722
Epoch: 9, Batch: 20, Acc: 33.20%, Loss: 2.6031
Epoch: 9, Batch: 30, Acc: 33.59%, Loss: 2.7681
Epoch: 9, Batch: 40, Acc: 33.83%, Loss: 2.8563
Epoch: 9, Batch: 50, Acc: 34.12%, Loss: 2.5557
Epoch: 9, Batch: 60, Acc: 34.48%, Loss: 2.9428
Epoch: 9, Batch: 70, Acc: 34.55%, Loss: 2.9265
Epoch: 9, Batch: 80, Acc: 34.88%, Loss: 2.5809
Epoch: 9, Batch: 90, Acc: 34.74%, Loss: 2.4845
Epoch: 9, Batch: 100, Acc: 34.70%, Loss: 2.6879
Epoch: 9, Batch: 110, Acc: 34.59%, Loss: 2.6114
Epoch: 9, Batch: 120, Acc: 34.51%, Loss: 2.8532
Epoch: 9, Batch: 130, Acc: 34.39%, Loss: 2.6248
Epoch: 9, Batch: 140, Acc: 34.29%, Loss: 2.7251
Epoch: 9, Batch: 150, Acc: 34.10%, Loss: 2.7668
Epoch: 9, Batch: 160, Acc: 34.18%, Loss: 2.4535
Epoch: 9, Batch: 170, Acc: 34.09%, Loss: 2.5595
Epoch: 9, Batch: 180, Acc: 34.16%, Loss: 2.6621
Epoch: 9, Batch: 190, Acc: 34.12%, Loss: 2.6819
Epoch: 9, Batch: 200, Acc: 34.19%, Loss: 2.4709
Epoch: 9, Batch: 210, Acc: 34.14%, Loss: 2.6837
Epoch: 9, Batch: 220, Acc: 34.01%, Loss: 2.5717
Epoch: 9, Batch: 230, Acc: 34.03%, Loss: 2.6443
Epoch: 9, Batch: 240, Acc: 34.08%, Loss: 2.7731
Epoch: 9, Batch: 250, Acc: 34.03%, Loss: 2.7455
Accuracy on test set: 15.47%
Epoch: 10, Batch: 10, Acc: 33.12%, Loss: 2.7784
Epoch: 10, Batch: 20, Acc: 32.97%, Loss: 2.6869
Epoch: 10, Batch: 30, Acc: 33.39%, Loss: 2.5650
Epoch: 10, Batch: 40, Acc: 33.48%, Loss: 2.7767
Epoch: 10, Batch: 50, Acc: 34.09%, Loss: 2.5819
Epoch: 10, Batch: 60, Acc: 33.93%, Loss: 2.6824
Epoch: 10, Batch: 70, Acc: 33.86%, Loss: 2.6565
Epoch: 10, Batch: 80, Acc: 33.95%, Loss: 2.7665
Epoch: 10, Batch: 90, Acc: 34.03%, Loss: 2.4718
Epoch: 10, Batch: 100, Acc: 34.20%, Loss: 2.7418
Epoch: 10, Batch: 110, Acc: 34.19%, Loss: 2.6604
Epoch: 10, Batch: 120, Acc: 33.93%, Loss: 2.6848
Epoch: 10, Batch: 130, Acc: 34.07%, Loss: 2.7550
Epoch: 10, Batch: 140, Acc: 34.12%, Loss: 2.6602
Epoch: 10, Batch: 150, Acc: 34.25%, Loss: 2.8500
Epoch: 10, Batch: 160, Acc: 34.25%, Loss: 2.6422
Epoch: 10, Batch: 170, Acc: 34.50%, Loss: 2.5512
Epoch: 10, Batch: 180, Acc: 34.62%, Loss: 2.6043
Epoch: 10, Batch: 190, Acc: 34.65%, Loss: 2.6754
Epoch: 10, Batch: 200, Acc: 34.73%, Loss: 2.6777
Epoch: 10, Batch: 210, Acc: 34.70%, Loss: 2.6495
Epoch: 10, Batch: 220, Acc: 34.87%, Loss: 2.5002
Epoch: 10, Batch: 230, Acc: 34.80%, Loss: 2.8316
Epoch: 10, Batch: 240, Acc: 34.84%, Loss: 2.7433
Epoch: 10, Batch: 250, Acc: 34.74%, Loss: 2.4482
Accuracy on test set: 17.95%
  [Run 2 | eps=0.3 | quid | q-detection | GPU 1] Training Time: 12691.12s  Best Acc: 17.95%

  [Run 2 | eps=0.3 | quid | q-detection | GPU 1] Evaluating final model on clean test data...
  Accuracy    : 0.1795
  Loss        : 2.6497
  Precision   : 0.2806
  Recall      : 0.1778
  F1          : 0.2177
  Fpr         : 0.0375
  Fnr         : 0.8222
  Roc_auc     : 0.8744
  Pr_auc      : 0.3900
  Asr         : 77.4534
Metrics saved to eps0.3/qmlp-az-quid-run2-layer50_quid_eps0.3_quid_qdetection.csv
  [Run 2 | eps=0.3 | quid | q-detection | GPU 1] Done. Saved → eps0.3/qmlp-az-quid-run2-layer50-noiseless-Amplitude_eps0.3_quid_qdetection.pt

====================================================================
 [Run 2 | eps=0.3 | random | none | GPU 0]
====================================================================
  [Run 2 | eps=0.3 | random | none | GPU 0] Stratified subset: 16100 samples (700 per class max, from 184342 total)
  [Run 2 | eps=0.3 | random | none | GPU 0] Poisoned: 4830/16100
Epoch: 1, Batch: 10, Acc: 4.53%, Loss: 3.1649
Epoch: 1, Batch: 20, Acc: 4.69%, Loss: 3.1588
Epoch: 1, Batch: 30, Acc: 5.21%, Loss: 3.1495
Epoch: 1, Batch: 40, Acc: 5.51%, Loss: 3.1274
Epoch: 1, Batch: 50, Acc: 6.03%, Loss: 3.1341
Epoch: 1, Batch: 60, Acc: 6.28%, Loss: 3.1348
Epoch: 1, Batch: 70, Acc: 6.50%, Loss: 3.1198
Epoch: 1, Batch: 80, Acc: 6.78%, Loss: 3.1282
Epoch: 1, Batch: 90, Acc: 7.01%, Loss: 3.1158
Epoch: 1, Batch: 100, Acc: 7.09%, Loss: 3.1126
Epoch: 1, Batch: 110, Acc: 7.34%, Loss: 3.1032
Epoch: 1, Batch: 120, Acc: 7.54%, Loss: 3.1164
Epoch: 1, Batch: 130, Acc: 7.72%, Loss: 3.1048
Epoch: 1, Batch: 140, Acc: 8.00%, Loss: 3.0909
Epoch: 1, Batch: 150, Acc: 8.14%, Loss: 3.0846
Epoch: 1, Batch: 160, Acc: 8.19%, Loss: 3.0971
Epoch: 1, Batch: 170, Acc: 8.48%, Loss: 3.0915
Epoch: 1, Batch: 180, Acc: 8.81%, Loss: 3.0763
Epoch: 1, Batch: 190, Acc: 9.08%, Loss: 3.0851
Epoch: 1, Batch: 200, Acc: 9.27%, Loss: 3.0825
Epoch: 1, Batch: 210, Acc: 9.46%, Loss: 3.0740
Epoch: 1, Batch: 220, Acc: 9.67%, Loss: 3.0667
Epoch: 1, Batch: 230, Acc: 9.97%, Loss: 3.0530
Epoch: 1, Batch: 240, Acc: 10.27%, Loss: 3.0489
Epoch: 1, Batch: 250, Acc: 10.53%, Loss: 3.0486
Accuracy on test set: 20.85%
Epoch: 2, Batch: 10, Acc: 17.50%, Loss: 3.0525
Epoch: 2, Batch: 20, Acc: 17.73%, Loss: 3.0474
Epoch: 2, Batch: 30, Acc: 17.19%, Loss: 3.0445
Epoch: 2, Batch: 40, Acc: 16.80%, Loss: 3.0473
Epoch: 2, Batch: 50, Acc: 17.19%, Loss: 3.0261
Epoch: 2, Batch: 60, Acc: 16.64%, Loss: 3.0496
Epoch: 2, Batch: 70, Acc: 16.70%, Loss: 3.0334
Epoch: 2, Batch: 80, Acc: 17.15%, Loss: 2.9910
Epoch: 2, Batch: 90, Acc: 17.17%, Loss: 3.0230
Epoch: 2, Batch: 100, Acc: 17.38%, Loss: 3.0155
Epoch: 2, Batch: 110, Acc: 17.34%, Loss: 3.0158
Epoch: 2, Batch: 120, Acc: 17.32%, Loss: 3.0266
Epoch: 2, Batch: 130, Acc: 17.45%, Loss: 3.0071
Epoch: 2, Batch: 140, Acc: 17.53%, Loss: 3.0093
Epoch: 2, Batch: 150, Acc: 17.60%, Loss: 3.0133
Epoch: 2, Batch: 160, Acc: 17.74%, Loss: 3.0021
Epoch: 2, Batch: 170, Acc: 17.82%, Loss: 3.0142
Epoch: 2, Batch: 180, Acc: 18.05%, Loss: 2.9764
Epoch: 2, Batch: 190, Acc: 18.10%, Loss: 3.0320
Epoch: 2, Batch: 200, Acc: 18.35%, Loss: 2.9620
Epoch: 2, Batch: 210, Acc: 18.38%, Loss: 2.9754
Epoch: 2, Batch: 220, Acc: 18.47%, Loss: 3.0210
Epoch: 2, Batch: 230, Acc: 18.57%, Loss: 2.9887
Epoch: 2, Batch: 240, Acc: 18.74%, Loss: 2.9574
Epoch: 2, Batch: 250, Acc: 18.72%, Loss: 2.9886
Accuracy on test set: 27.70%
Epoch: 3, Batch: 10, Acc: 22.81%, Loss: 2.9565
Epoch: 3, Batch: 20, Acc: 21.72%, Loss: 2.9741
Epoch: 3, Batch: 30, Acc: 22.03%, Loss: 2.9536
Epoch: 3, Batch: 40, Acc: 22.19%, Loss: 2.9570
Epoch: 3, Batch: 50, Acc: 22.06%, Loss: 2.9571
Epoch: 3, Batch: 60, Acc: 21.72%, Loss: 2.9723
Epoch: 3, Batch: 70, Acc: 21.81%, Loss: 2.9357
Epoch: 3, Batch: 80, Acc: 21.64%, Loss: 2.9529
Epoch: 3, Batch: 90, Acc: 21.65%, Loss: 2.9126
Epoch: 3, Batch: 100, Acc: 21.77%, Loss: 2.9365
Epoch: 3, Batch: 110, Acc: 21.63%, Loss: 2.9424
Epoch: 3, Batch: 120, Acc: 21.54%, Loss: 2.9615
Epoch: 3, Batch: 130, Acc: 21.54%, Loss: 2.9455
Epoch: 3, Batch: 140, Acc: 21.37%, Loss: 2.9789
Epoch: 3, Batch: 150, Acc: 21.67%, Loss: 2.9518
Epoch: 3, Batch: 160, Acc: 21.67%, Loss: 2.9229
Epoch: 3, Batch: 170, Acc: 21.73%, Loss: 2.9412
Epoch: 3, Batch: 180, Acc: 21.78%, Loss: 2.9625
Epoch: 3, Batch: 190, Acc: 21.87%, Loss: 2.9115
Epoch: 3, Batch: 200, Acc: 21.88%, Loss: 2.9218
Epoch: 3, Batch: 210, Acc: 21.85%, Loss: 2.9647
Epoch: 3, Batch: 220, Acc: 22.07%, Loss: 2.8802
Epoch: 3, Batch: 230, Acc: 22.26%, Loss: 2.9099
Epoch: 3, Batch: 240, Acc: 22.30%, Loss: 2.9294
Epoch: 3, Batch: 250, Acc: 22.35%, Loss: 2.9359
Accuracy on test set: 31.98%
Epoch: 4, Batch: 10, Acc: 25.31%, Loss: 2.9238
Epoch: 4, Batch: 20, Acc: 24.84%, Loss: 2.9036
Epoch: 4, Batch: 30, Acc: 25.73%, Loss: 2.8731
Epoch: 4, Batch: 40, Acc: 25.94%, Loss: 2.8734
Epoch: 4, Batch: 50, Acc: 25.72%, Loss: 2.9011
Epoch: 4, Batch: 60, Acc: 25.47%, Loss: 2.9158
Epoch: 4, Batch: 70, Acc: 25.83%, Loss: 2.8950
Epoch: 4, Batch: 80, Acc: 25.74%, Loss: 2.9183
Epoch: 4, Batch: 90, Acc: 25.87%, Loss: 2.9179
Epoch: 4, Batch: 100, Acc: 25.94%, Loss: 2.8910
Epoch: 4, Batch: 110, Acc: 25.98%, Loss: 2.9033
Epoch: 4, Batch: 120, Acc: 26.03%, Loss: 2.8924
Epoch: 4, Batch: 130, Acc: 26.01%, Loss: 2.8829
Epoch: 4, Batch: 140, Acc: 25.90%, Loss: 2.8943
Epoch: 4, Batch: 150, Acc: 25.72%, Loss: 2.9494
Epoch: 4, Batch: 160, Acc: 25.78%, Loss: 2.8886
Epoch: 4, Batch: 170, Acc: 25.90%, Loss: 2.8885
Epoch: 4, Batch: 180, Acc: 25.87%, Loss: 2.9028
Epoch: 4, Batch: 190, Acc: 25.89%, Loss: 2.8590
Epoch: 4, Batch: 200, Acc: 25.71%, Loss: 2.8906
Epoch: 4, Batch: 210, Acc: 25.73%, Loss: 2.8772
Epoch: 4, Batch: 220, Acc: 25.71%, Loss: 2.8717
Epoch: 4, Batch: 230, Acc: 25.83%, Loss: 2.8478
Epoch: 4, Batch: 240, Acc: 25.81%, Loss: 2.8791
Epoch: 4, Batch: 250, Acc: 25.89%, Loss: 2.8378
Accuracy on test set: 34.34%
Epoch: 5, Batch: 10, Acc: 27.34%, Loss: 2.8387
Epoch: 5, Batch: 20, Acc: 26.48%, Loss: 2.8888
Epoch: 5, Batch: 30, Acc: 26.35%, Loss: 2.8921
Epoch: 5, Batch: 40, Acc: 26.29%, Loss: 2.8442
Epoch: 5, Batch: 50, Acc: 26.22%, Loss: 2.8617
Epoch: 5, Batch: 60, Acc: 26.17%, Loss: 2.8823
Epoch: 5, Batch: 70, Acc: 26.29%, Loss: 2.8525
Epoch: 5, Batch: 80, Acc: 26.48%, Loss: 2.8143
Epoch: 5, Batch: 90, Acc: 26.79%, Loss: 2.8286
Epoch: 5, Batch: 100, Acc: 26.88%, Loss: 2.8675
Epoch: 5, Batch: 110, Acc: 26.82%, Loss: 2.8839
Epoch: 5, Batch: 120, Acc: 26.71%, Loss: 2.8340
Epoch: 5, Batch: 130, Acc: 26.54%, Loss: 2.8456
Epoch: 5, Batch: 140, Acc: 26.50%, Loss: 2.8679
Epoch: 5, Batch: 150, Acc: 26.47%, Loss: 2.8545
Epoch: 5, Batch: 160, Acc: 26.40%, Loss: 2.8931
Epoch: 5, Batch: 170, Acc: 26.43%, Loss: 2.8212
Epoch: 5, Batch: 180, Acc: 26.40%, Loss: 2.8540
Epoch: 5, Batch: 190, Acc: 26.52%, Loss: 2.8613
Epoch: 5, Batch: 200, Acc: 26.59%, Loss: 2.8180
Epoch: 5, Batch: 210, Acc: 26.64%, Loss: 2.8270
Epoch: 5, Batch: 220, Acc: 26.60%, Loss: 2.7969
Epoch: 5, Batch: 230, Acc: 26.81%, Loss: 2.7958
Epoch: 5, Batch: 240, Acc: 26.90%, Loss: 2.8009
Epoch: 5, Batch: 250, Acc: 26.79%, Loss: 2.8797
Accuracy on test set: 34.97%
Epoch: 6, Batch: 10, Acc: 25.47%, Loss: 2.8531
Epoch: 6, Batch: 20, Acc: 26.95%, Loss: 2.8072
Epoch: 6, Batch: 30, Acc: 26.61%, Loss: 2.8592
Epoch: 6, Batch: 40, Acc: 26.13%, Loss: 2.8818
Epoch: 6, Batch: 50, Acc: 26.66%, Loss: 2.8287
Epoch: 6, Batch: 60, Acc: 27.01%, Loss: 2.8140
Epoch: 6, Batch: 70, Acc: 26.70%, Loss: 2.8077
Epoch: 6, Batch: 80, Acc: 26.86%, Loss: 2.8315
Epoch: 6, Batch: 90, Acc: 26.63%, Loss: 2.8420
Epoch: 6, Batch: 100, Acc: 26.61%, Loss: 2.8163
Epoch: 6, Batch: 110, Acc: 26.73%, Loss: 2.8075
Epoch: 6, Batch: 120, Acc: 26.85%, Loss: 2.7838
Epoch: 6, Batch: 130, Acc: 26.96%, Loss: 2.7998
Epoch: 6, Batch: 140, Acc: 26.77%, Loss: 2.8417
Epoch: 6, Batch: 150, Acc: 26.97%, Loss: 2.8182
Epoch: 6, Batch: 160, Acc: 26.99%, Loss: 2.8228
Epoch: 6, Batch: 170, Acc: 27.12%, Loss: 2.7638
Epoch: 6, Batch: 180, Acc: 27.05%, Loss: 2.7854
Epoch: 6, Batch: 190, Acc: 27.00%, Loss: 2.8245
Epoch: 6, Batch: 200, Acc: 26.98%, Loss: 2.8144
Epoch: 6, Batch: 210, Acc: 27.02%, Loss: 2.7819
Epoch: 6, Batch: 220, Acc: 27.17%, Loss: 2.7343
Epoch: 6, Batch: 230, Acc: 27.22%, Loss: 2.7794
Epoch: 6, Batch: 240, Acc: 26.98%, Loss: 2.8724
Epoch: 6, Batch: 250, Acc: 27.09%, Loss: 2.7577
Accuracy on test set: 35.35%
Epoch: 7, Batch: 10, Acc: 27.50%, Loss: 2.8185
Epoch: 7, Batch: 20, Acc: 25.78%, Loss: 2.8416
Epoch: 7, Batch: 30, Acc: 26.82%, Loss: 2.7725
Epoch: 7, Batch: 40, Acc: 27.77%, Loss: 2.7959
Epoch: 7, Batch: 50, Acc: 27.34%, Loss: 2.8326
Epoch: 7, Batch: 60, Acc: 27.32%, Loss: 2.8004
Epoch: 7, Batch: 70, Acc: 27.10%, Loss: 2.7909
Epoch: 7, Batch: 80, Acc: 27.23%, Loss: 2.7957
Epoch: 7, Batch: 90, Acc: 27.47%, Loss: 2.7471
Epoch: 7, Batch: 100, Acc: 27.59%, Loss: 2.7241
Epoch: 7, Batch: 110, Acc: 27.60%, Loss: 2.7986
Epoch: 7, Batch: 120, Acc: 27.62%, Loss: 2.7771
Epoch: 7, Batch: 130, Acc: 27.66%, Loss: 2.7778
Epoch: 7, Batch: 140, Acc: 27.51%, Loss: 2.8020
Epoch: 7, Batch: 150, Acc: 27.42%, Loss: 2.7883
Epoch: 7, Batch: 160, Acc: 27.45%, Loss: 2.7728
Epoch: 7, Batch: 170, Acc: 27.31%, Loss: 2.8191
Epoch: 7, Batch: 180, Acc: 27.49%, Loss: 2.7135
Epoch: 7, Batch: 190, Acc: 27.71%, Loss: 2.7474
Epoch: 7, Batch: 200, Acc: 27.74%, Loss: 2.7656
Epoch: 7, Batch: 210, Acc: 27.69%, Loss: 2.7774
Epoch: 7, Batch: 220, Acc: 27.61%, Loss: 2.8080
Epoch: 7, Batch: 230, Acc: 27.65%, Loss: 2.7640
Epoch: 7, Batch: 240, Acc: 27.64%, Loss: 2.7255
Epoch: 7, Batch: 250, Acc: 27.58%, Loss: 2.7840
Accuracy on test set: 36.16%
Epoch: 8, Batch: 10, Acc: 29.22%, Loss: 2.7406
Epoch: 8, Batch: 20, Acc: 29.22%, Loss: 2.7286
Epoch: 8, Batch: 30, Acc: 28.59%, Loss: 2.8027
Epoch: 8, Batch: 40, Acc: 28.52%, Loss: 2.7367
Epoch: 8, Batch: 50, Acc: 28.62%, Loss: 2.7419
Epoch: 8, Batch: 60, Acc: 28.15%, Loss: 2.7998
Epoch: 8, Batch: 70, Acc: 27.66%, Loss: 2.7838
Epoch: 8, Batch: 80, Acc: 28.09%, Loss: 2.7290
Epoch: 8, Batch: 90, Acc: 28.18%, Loss: 2.7550
Epoch: 8, Batch: 100, Acc: 28.16%, Loss: 2.7780
Epoch: 8, Batch: 110, Acc: 28.04%, Loss: 2.7838
Epoch: 8, Batch: 120, Acc: 28.19%, Loss: 2.7380
Epoch: 8, Batch: 130, Acc: 28.02%, Loss: 2.8058
Epoch: 8, Batch: 140, Acc: 28.10%, Loss: 2.7335
Epoch: 8, Batch: 150, Acc: 28.01%, Loss: 2.7708
Epoch: 8, Batch: 160, Acc: 28.07%, Loss: 2.7572
Epoch: 8, Batch: 170, Acc: 28.14%, Loss: 2.7062
Epoch: 8, Batch: 180, Acc: 28.06%, Loss: 2.7616
Epoch: 8, Batch: 190, Acc: 28.12%, Loss: 2.7608
Epoch: 8, Batch: 200, Acc: 28.23%, Loss: 2.7193
Epoch: 8, Batch: 210, Acc: 28.04%, Loss: 2.7908
Epoch: 8, Batch: 220, Acc: 28.18%, Loss: 2.6934
Epoch: 8, Batch: 230, Acc: 28.34%, Loss: 2.6852
Epoch: 8, Batch: 240, Acc: 28.39%, Loss: 2.7393
Epoch: 8, Batch: 250, Acc: 28.30%, Loss: 2.7797
Accuracy on test set: 36.87%
Epoch: 9, Batch: 10, Acc: 27.50%, Loss: 2.7457
Epoch: 9, Batch: 20, Acc: 27.50%, Loss: 2.7574
Epoch: 9, Batch: 30, Acc: 28.23%, Loss: 2.7293
Epoch: 9, Batch: 40, Acc: 28.91%, Loss: 2.7257
Epoch: 9, Batch: 50, Acc: 29.06%, Loss: 2.7118
Epoch: 9, Batch: 60, Acc: 28.83%, Loss: 2.7423
Epoch: 9, Batch: 70, Acc: 28.55%, Loss: 2.7819
Epoch: 9, Batch: 80, Acc: 28.50%, Loss: 2.7590
Epoch: 9, Batch: 90, Acc: 28.56%, Loss: 2.7065
Epoch: 9, Batch: 100, Acc: 28.50%, Loss: 2.7587
Epoch: 9, Batch: 110, Acc: 28.79%, Loss: 2.7134
Epoch: 9, Batch: 120, Acc: 28.80%, Loss: 2.7122
Epoch: 9, Batch: 130, Acc: 28.92%, Loss: 2.7078
Epoch: 9, Batch: 140, Acc: 28.66%, Loss: 2.7602
Epoch: 9, Batch: 150, Acc: 28.62%, Loss: 2.7459
Epoch: 9, Batch: 160, Acc: 28.79%, Loss: 2.6707
Epoch: 9, Batch: 170, Acc: 28.84%, Loss: 2.7107
Epoch: 9, Batch: 180, Acc: 28.87%, Loss: 2.7321
Epoch: 9, Batch: 190, Acc: 28.83%, Loss: 2.7092
Epoch: 9, Batch: 200, Acc: 28.83%, Loss: 2.7582
Epoch: 9, Batch: 210, Acc: 28.88%, Loss: 2.6922
Epoch: 9, Batch: 220, Acc: 28.88%, Loss: 2.6986
Epoch: 9, Batch: 230, Acc: 29.01%, Loss: 2.6905
Epoch: 9, Batch: 240, Acc: 29.04%, Loss: 2.6792
Epoch: 9, Batch: 250, Acc: 28.99%, Loss: 2.7419
Accuracy on test set: 38.17%
Epoch: 10, Batch: 10, Acc: 32.66%, Loss: 2.6756
Epoch: 10, Batch: 20, Acc: 31.56%, Loss: 2.7172
Epoch: 10, Batch: 30, Acc: 31.93%, Loss: 2.6639
Epoch: 10, Batch: 40, Acc: 30.51%, Loss: 2.7904
Epoch: 10, Batch: 50, Acc: 29.72%, Loss: 2.7178
Epoch: 10, Batch: 60, Acc: 29.45%, Loss: 2.7302
Epoch: 10, Batch: 70, Acc: 29.08%, Loss: 2.7586
Epoch: 10, Batch: 80, Acc: 29.43%, Loss: 2.6692
Epoch: 10, Batch: 90, Acc: 29.38%, Loss: 2.7240
Epoch: 10, Batch: 100, Acc: 29.45%, Loss: 2.7033
Epoch: 10, Batch: 110, Acc: 29.62%, Loss: 2.6929
Epoch: 10, Batch: 120, Acc: 29.62%, Loss: 2.7164
Epoch: 10, Batch: 130, Acc: 29.80%, Loss: 2.7066
Epoch: 10, Batch: 140, Acc: 29.89%, Loss: 2.7095
Epoch: 10, Batch: 150, Acc: 30.00%, Loss: 2.6524
Epoch: 10, Batch: 160, Acc: 30.01%, Loss: 2.6882
Epoch: 10, Batch: 170, Acc: 30.08%, Loss: 2.6838
Epoch: 10, Batch: 180, Acc: 30.14%, Loss: 2.6713
Epoch: 10, Batch: 190, Acc: 29.98%, Loss: 2.7298
Epoch: 10, Batch: 200, Acc: 29.95%, Loss: 2.6782
Epoch: 10, Batch: 210, Acc: 29.81%, Loss: 2.7712
Epoch: 10, Batch: 220, Acc: 29.82%, Loss: 2.6366
Epoch: 10, Batch: 230, Acc: 29.86%, Loss: 2.7094
Epoch: 10, Batch: 240, Acc: 29.82%, Loss: 2.6404
Epoch: 10, Batch: 250, Acc: 29.74%, Loss: 2.7066
Accuracy on test set: 38.90%
  [Run 2 | eps=0.3 | random | none | GPU 0] Training Time: 6127.05s  Best Acc: 38.90%

  [Run 2 | eps=0.3 | random | none | GPU 0] Evaluating final model on clean test data...
  Accuracy    : 0.3890
  Loss        : 2.4563
  Precision   : 0.3678
  Recall      : 0.4065
  F1          : 0.3862
  Fpr         : 0.0277
  Fnr         : 0.5935
  Roc_auc     : 0.8718
  Pr_auc      : 0.4301
  Asr         : 3.1470
Metrics saved to eps0.3/qmlp-az-quid-run2-layer50_quid_eps0.3_random_none.csv
  [Run 2 | eps=0.3 | random | none | GPU 0] Done. Saved → eps0.3/qmlp-az-quid-run2-layer50-noiseless-Amplitude_eps0.3_random_none.pt

====================================================================
 [Run 2 | eps=0.3 | random | q-detection | GPU 1]
====================================================================
  [Run 2 | eps=0.3 | random | q-detection | GPU 1] Stratified subset: 16100 samples (700 per class max, from 184342 total)
  [Run 2 | eps=0.3 | random | q-detection | GPU 1] Poisoned: 4830/16100
  [Run 2 | eps=0.3 | random | q-detection | GPU 1] J matrix: 16100x16100 (2074 MB)
Epoch: 1, Batch: 10, Acc: 3.91%, Loss: 3.1265
Epoch: 1, Batch: 20, Acc: 4.30%, Loss: 3.1277
Epoch: 1, Batch: 30, Acc: 5.16%, Loss: 3.1074
Epoch: 1, Batch: 40, Acc: 5.74%, Loss: 3.0939
Epoch: 1, Batch: 50, Acc: 5.84%, Loss: 3.1042
Epoch: 1, Batch: 60, Acc: 6.12%, Loss: 3.1093
Epoch: 1, Batch: 70, Acc: 6.41%, Loss: 3.0823
Epoch: 1, Batch: 80, Acc: 6.62%, Loss: 3.0940
Epoch: 1, Batch: 90, Acc: 6.75%, Loss: 3.0763
Epoch: 1, Batch: 100, Acc: 6.84%, Loss: 3.0854
Epoch: 1, Batch: 110, Acc: 7.07%, Loss: 3.0635
Epoch: 1, Batch: 120, Acc: 7.12%, Loss: 3.0751
Epoch: 1, Batch: 130, Acc: 7.19%, Loss: 3.0672
Epoch: 1, Batch: 140, Acc: 7.19%, Loss: 3.0527
Epoch: 1, Batch: 150, Acc: 7.15%, Loss: 3.0482
Epoch: 1, Batch: 160, Acc: 7.03%, Loss: 3.0577
Epoch: 1, Batch: 170, Acc: 6.98%, Loss: 3.0531
Epoch: 1, Batch: 180, Acc: 6.97%, Loss: 3.0154
Epoch: 1, Batch: 190, Acc: 7.00%, Loss: 3.0216
Epoch: 1, Batch: 200, Acc: 6.91%, Loss: 3.0572
Epoch: 1, Batch: 210, Acc: 6.91%, Loss: 3.0224
Epoch: 1, Batch: 220, Acc: 6.95%, Loss: 3.0074
Epoch: 1, Batch: 230, Acc: 7.11%, Loss: 2.9913
Epoch: 1, Batch: 240, Acc: 7.25%, Loss: 2.9849
Epoch: 1, Batch: 250, Acc: 7.39%, Loss: 2.9750
Accuracy on test set: 13.23%
Epoch: 2, Batch: 10, Acc: 10.00%, Loss: 2.9942
Epoch: 2, Batch: 20, Acc: 10.08%, Loss: 2.9989
Epoch: 2, Batch: 30, Acc: 10.05%, Loss: 2.9990
Epoch: 2, Batch: 40, Acc: 9.80%, Loss: 2.9781
Epoch: 2, Batch: 50, Acc: 10.06%, Loss: 2.9412
Epoch: 2, Batch: 60, Acc: 9.82%, Loss: 2.9809
Epoch: 2, Batch: 70, Acc: 9.87%, Loss: 2.9610
Epoch: 2, Batch: 80, Acc: 10.18%, Loss: 2.8995
Epoch: 2, Batch: 90, Acc: 10.14%, Loss: 2.9513
Epoch: 2, Batch: 100, Acc: 10.38%, Loss: 2.9456
Epoch: 2, Batch: 110, Acc: 10.28%, Loss: 2.9281
Epoch: 2, Batch: 120, Acc: 10.40%, Loss: 2.9558
Epoch: 2, Batch: 130, Acc: 10.50%, Loss: 2.9329
Epoch: 2, Batch: 140, Acc: 10.54%, Loss: 2.9289
Epoch: 2, Batch: 150, Acc: 10.59%, Loss: 2.9684
Epoch: 2, Batch: 160, Acc: 10.63%, Loss: 2.9226
Epoch: 2, Batch: 170, Acc: 10.70%, Loss: 2.9569
Epoch: 2, Batch: 180, Acc: 10.82%, Loss: 2.8544
Epoch: 2, Batch: 190, Acc: 10.81%, Loss: 2.9685
Epoch: 2, Batch: 200, Acc: 11.01%, Loss: 2.8449
Epoch: 2, Batch: 210, Acc: 11.12%, Loss: 2.8451
Epoch: 2, Batch: 220, Acc: 11.22%, Loss: 2.9476
Epoch: 2, Batch: 230, Acc: 11.39%, Loss: 2.9110
Epoch: 2, Batch: 240, Acc: 11.60%, Loss: 2.8307
Epoch: 2, Batch: 250, Acc: 11.66%, Loss: 2.8992
Accuracy on test set: 19.25%
Epoch: 3, Batch: 10, Acc: 15.78%, Loss: 2.9103
Epoch: 3, Batch: 20, Acc: 13.91%, Loss: 2.8563
Epoch: 3, Batch: 30, Acc: 14.43%, Loss: 2.8819
Epoch: 3, Batch: 40, Acc: 14.80%, Loss: 2.9181
Epoch: 3, Batch: 50, Acc: 15.25%, Loss: 2.8954
Epoch: 3, Batch: 60, Acc: 15.03%, Loss: 2.9004
Epoch: 3, Batch: 70, Acc: 15.36%, Loss: 2.8138
Epoch: 3, Batch: 80, Acc: 15.53%, Loss: 2.8779
Epoch: 3, Batch: 90, Acc: 15.82%, Loss: 2.8480
Epoch: 3, Batch: 100, Acc: 15.94%, Loss: 2.8280
Epoch: 3, Batch: 110, Acc: 15.84%, Loss: 2.9149
Epoch: 3, Batch: 120, Acc: 15.69%, Loss: 2.9209
Epoch: 3, Batch: 130, Acc: 15.85%, Loss: 2.8469
Epoch: 3, Batch: 140, Acc: 15.95%, Loss: 2.9223
Epoch: 3, Batch: 150, Acc: 16.22%, Loss: 2.8602
Epoch: 3, Batch: 160, Acc: 16.37%, Loss: 2.8461
Epoch: 3, Batch: 170, Acc: 16.46%, Loss: 2.8538
Epoch: 3, Batch: 180, Acc: 16.55%, Loss: 2.8881
Epoch: 3, Batch: 190, Acc: 16.69%, Loss: 2.8532
Epoch: 3, Batch: 200, Acc: 16.71%, Loss: 2.8312
Epoch: 3, Batch: 210, Acc: 16.63%, Loss: 2.9381
Epoch: 3, Batch: 220, Acc: 16.88%, Loss: 2.8205
Epoch: 3, Batch: 230, Acc: 17.09%, Loss: 2.8276
Epoch: 3, Batch: 240, Acc: 17.16%, Loss: 2.8816
Epoch: 3, Batch: 250, Acc: 17.23%, Loss: 2.8308
Accuracy on test set: 26.11%
Epoch: 4, Batch: 10, Acc: 20.94%, Loss: 2.9839
Epoch: 4, Batch: 20, Acc: 19.69%, Loss: 2.7623
Epoch: 4, Batch: 30, Acc: 20.21%, Loss: 2.8234
Epoch: 4, Batch: 40, Acc: 20.39%, Loss: 2.7366
Epoch: 4, Batch: 50, Acc: 20.44%, Loss: 2.9213
Epoch: 4, Batch: 60, Acc: 20.05%, Loss: 2.8517
Epoch: 4, Batch: 70, Acc: 20.04%, Loss: 2.8795
Epoch: 4, Batch: 80, Acc: 20.02%, Loss: 2.8369
Epoch: 4, Batch: 90, Acc: 20.17%, Loss: 2.9021
Epoch: 4, Batch: 100, Acc: 20.41%, Loss: 2.9056
Epoch: 4, Batch: 110, Acc: 20.60%, Loss: 2.8146
Epoch: 4, Batch: 120, Acc: 20.76%, Loss: 2.8587
Epoch: 4, Batch: 130, Acc: 20.83%, Loss: 2.7686
Epoch: 4, Batch: 140, Acc: 20.74%, Loss: 2.8413
Epoch: 4, Batch: 150, Acc: 20.66%, Loss: 2.9233
Epoch: 4, Batch: 160, Acc: 20.67%, Loss: 2.8766
Epoch: 4, Batch: 170, Acc: 20.66%, Loss: 2.9220
Epoch: 4, Batch: 180, Acc: 20.70%, Loss: 2.8515
Epoch: 4, Batch: 190, Acc: 20.81%, Loss: 2.7953
Epoch: 4, Batch: 200, Acc: 20.87%, Loss: 2.8023
Epoch: 4, Batch: 210, Acc: 20.89%, Loss: 2.8064
Epoch: 4, Batch: 220, Acc: 21.01%, Loss: 2.8456
Epoch: 4, Batch: 230, Acc: 21.10%, Loss: 2.8175
Epoch: 4, Batch: 240, Acc: 21.08%, Loss: 2.8008
Epoch: 4, Batch: 250, Acc: 21.11%, Loss: 2.7804
Accuracy on test set: 28.55%
Epoch: 5, Batch: 10, Acc: 21.25%, Loss: 2.8270
Epoch: 5, Batch: 20, Acc: 21.17%, Loss: 2.9504
Epoch: 5, Batch: 30, Acc: 21.56%, Loss: 2.8613
Epoch: 5, Batch: 40, Acc: 21.88%, Loss: 2.8256
Epoch: 5, Batch: 50, Acc: 21.97%, Loss: 2.9118
Epoch: 5, Batch: 60, Acc: 21.72%, Loss: 2.8743
Epoch: 5, Batch: 70, Acc: 21.76%, Loss: 2.8366
Epoch: 5, Batch: 80, Acc: 22.05%, Loss: 2.9491
Epoch: 5, Batch: 90, Acc: 22.43%, Loss: 2.8782
Epoch: 5, Batch: 100, Acc: 22.39%, Loss: 2.9213
Epoch: 5, Batch: 110, Acc: 22.34%, Loss: 2.7561
Epoch: 5, Batch: 120, Acc: 22.34%, Loss: 2.6957
Epoch: 5, Batch: 130, Acc: 22.33%, Loss: 2.8130
Epoch: 5, Batch: 140, Acc: 22.37%, Loss: 3.0279
Epoch: 5, Batch: 150, Acc: 22.41%, Loss: 2.8572
Epoch: 5, Batch: 160, Acc: 22.44%, Loss: 3.0059
Epoch: 5, Batch: 170, Acc: 22.39%, Loss: 2.8103
Epoch: 5, Batch: 180, Acc: 22.39%, Loss: 2.8364
Epoch: 5, Batch: 190, Acc: 22.58%, Loss: 2.9155
Epoch: 5, Batch: 200, Acc: 22.65%, Loss: 2.8269
Epoch: 5, Batch: 210, Acc: 22.81%, Loss: 2.9552
Epoch: 5, Batch: 220, Acc: 22.82%, Loss: 2.8561
Epoch: 5, Batch: 230, Acc: 23.02%, Loss: 2.8479
Epoch: 5, Batch: 240, Acc: 23.02%, Loss: 2.8710
Epoch: 5, Batch: 250, Acc: 22.91%, Loss: 2.8536
Accuracy on test set: 30.02%
Epoch: 6, Batch: 10, Acc: 22.81%, Loss: 2.9212
Epoch: 6, Batch: 20, Acc: 24.14%, Loss: 2.8384
Epoch: 6, Batch: 30, Acc: 23.39%, Loss: 3.0390
Epoch: 6, Batch: 40, Acc: 23.12%, Loss: 2.8535
Epoch: 6, Batch: 50, Acc: 23.66%, Loss: 2.8674
Epoch: 6, Batch: 60, Acc: 23.80%, Loss: 2.9383
Epoch: 6, Batch: 70, Acc: 23.66%, Loss: 2.7980
Epoch: 6, Batch: 80, Acc: 23.65%, Loss: 2.8785
Epoch: 6, Batch: 90, Acc: 23.21%, Loss: 2.8140
Epoch: 6, Batch: 100, Acc: 23.19%, Loss: 2.8262
Epoch: 6, Batch: 110, Acc: 23.34%, Loss: 2.9512
Epoch: 6, Batch: 120, Acc: 23.39%, Loss: 2.9286
Epoch: 6, Batch: 130, Acc: 23.51%, Loss: 2.9124
Epoch: 6, Batch: 140, Acc: 23.29%, Loss: 2.8953
Epoch: 6, Batch: 150, Acc: 23.36%, Loss: 2.7411
Epoch: 6, Batch: 160, Acc: 23.38%, Loss: 2.7525
Epoch: 6, Batch: 170, Acc: 23.59%, Loss: 2.9653
Epoch: 6, Batch: 180, Acc: 23.64%, Loss: 2.9374
Epoch: 6, Batch: 190, Acc: 23.59%, Loss: 2.7215
Epoch: 6, Batch: 200, Acc: 23.53%, Loss: 2.8806
Epoch: 6, Batch: 210, Acc: 23.54%, Loss: 2.7231
Epoch: 6, Batch: 220, Acc: 23.69%, Loss: 2.6832
Epoch: 6, Batch: 230, Acc: 23.72%, Loss: 2.8677
Epoch: 6, Batch: 240, Acc: 23.55%, Loss: 2.9472
Epoch: 6, Batch: 250, Acc: 23.67%, Loss: 2.7718
Accuracy on test set: 30.46%
Epoch: 7, Batch: 10, Acc: 22.34%, Loss: 2.8429
Epoch: 7, Batch: 20, Acc: 21.48%, Loss: 2.8443
Epoch: 7, Batch: 30, Acc: 23.18%, Loss: 2.8812
Epoch: 7, Batch: 40, Acc: 23.79%, Loss: 2.8706
Epoch: 7, Batch: 50, Acc: 23.22%, Loss: 2.9100
Epoch: 7, Batch: 60, Acc: 23.18%, Loss: 2.8026
Epoch: 7, Batch: 70, Acc: 22.86%, Loss: 2.7723
Epoch: 7, Batch: 80, Acc: 22.81%, Loss: 2.8754
Epoch: 7, Batch: 90, Acc: 23.16%, Loss: 2.7079
Epoch: 7, Batch: 100, Acc: 23.25%, Loss: 2.9440
Epoch: 7, Batch: 110, Acc: 23.27%, Loss: 2.9001
Epoch: 7, Batch: 120, Acc: 23.46%, Loss: 2.7204
Epoch: 7, Batch: 130, Acc: 23.70%, Loss: 2.7631
Epoch: 7, Batch: 140, Acc: 23.63%, Loss: 2.8283
Epoch: 7, Batch: 150, Acc: 23.59%, Loss: 2.8210
Epoch: 7, Batch: 160, Acc: 23.81%, Loss: 2.9118
Epoch: 7, Batch: 170, Acc: 23.74%, Loss: 2.7227
Epoch: 7, Batch: 180, Acc: 23.98%, Loss: 2.8156
Epoch: 7, Batch: 190, Acc: 24.22%, Loss: 2.9943
Epoch: 7, Batch: 200, Acc: 24.20%, Loss: 2.8805
Epoch: 7, Batch: 210, Acc: 24.14%, Loss: 2.8519
Epoch: 7, Batch: 220, Acc: 24.08%, Loss: 2.8197
Epoch: 7, Batch: 230, Acc: 24.10%, Loss: 2.8004
Epoch: 7, Batch: 240, Acc: 24.11%, Loss: 2.7868
Epoch: 7, Batch: 250, Acc: 24.14%, Loss: 2.9248
Accuracy on test set: 31.62%
Epoch: 8, Batch: 10, Acc: 25.62%, Loss: 2.6532
Epoch: 8, Batch: 20, Acc: 25.39%, Loss: 2.9573
Epoch: 8, Batch: 30, Acc: 25.47%, Loss: 2.8601
Epoch: 8, Batch: 40, Acc: 25.27%, Loss: 2.9352
Epoch: 8, Batch: 50, Acc: 25.09%, Loss: 2.7965
Epoch: 8, Batch: 60, Acc: 24.79%, Loss: 2.8575
Epoch: 8, Batch: 70, Acc: 24.46%, Loss: 2.7902
Epoch: 8, Batch: 80, Acc: 24.77%, Loss: 2.7899
Epoch: 8, Batch: 90, Acc: 24.88%, Loss: 2.8317
Epoch: 8, Batch: 100, Acc: 24.77%, Loss: 2.9280
Epoch: 8, Batch: 110, Acc: 24.73%, Loss: 2.8933
Epoch: 8, Batch: 120, Acc: 24.71%, Loss: 2.9447
Epoch: 8, Batch: 130, Acc: 24.51%, Loss: 3.0180
Epoch: 8, Batch: 140, Acc: 24.44%, Loss: 2.9591
Epoch: 8, Batch: 150, Acc: 24.49%, Loss: 2.9241
Epoch: 8, Batch: 160, Acc: 24.48%, Loss: 2.6940
Epoch: 8, Batch: 170, Acc: 24.49%, Loss: 2.8697
Epoch: 8, Batch: 180, Acc: 24.44%, Loss: 2.7656
Epoch: 8, Batch: 190, Acc: 24.47%, Loss: 2.9844
Epoch: 8, Batch: 200, Acc: 24.56%, Loss: 2.8155
Epoch: 8, Batch: 210, Acc: 24.54%, Loss: 2.8430
Epoch: 8, Batch: 220, Acc: 24.76%, Loss: 2.9293
Epoch: 8, Batch: 230, Acc: 24.90%, Loss: 2.9095
Epoch: 8, Batch: 240, Acc: 24.97%, Loss: 2.8246
Epoch: 8, Batch: 250, Acc: 24.96%, Loss: 2.8855
Accuracy on test set: 33.05%
Epoch: 9, Batch: 10, Acc: 24.38%, Loss: 2.9323
Epoch: 9, Batch: 20, Acc: 23.36%, Loss: 2.7520
Epoch: 9, Batch: 30, Acc: 24.79%, Loss: 2.9320
Epoch: 9, Batch: 40, Acc: 25.27%, Loss: 3.0391
Epoch: 9, Batch: 50, Acc: 25.44%, Loss: 2.8399
Epoch: 9, Batch: 60, Acc: 25.42%, Loss: 2.8743
Epoch: 9, Batch: 70, Acc: 25.02%, Loss: 2.9883
Epoch: 9, Batch: 80, Acc: 25.21%, Loss: 2.9292
Epoch: 9, Batch: 90, Acc: 25.36%, Loss: 2.9475
Epoch: 9, Batch: 100, Acc: 25.25%, Loss: 3.0076
Epoch: 9, Batch: 110, Acc: 25.60%, Loss: 2.7910
Epoch: 9, Batch: 120, Acc: 25.68%, Loss: 2.9100
Epoch: 9, Batch: 130, Acc: 25.69%, Loss: 2.9858
Epoch: 9, Batch: 140, Acc: 25.54%, Loss: 2.8941
Epoch: 9, Batch: 150, Acc: 25.49%, Loss: 2.6915
Epoch: 9, Batch: 160, Acc: 25.71%, Loss: 2.7336
Epoch: 9, Batch: 170, Acc: 25.81%, Loss: 2.9689
Epoch: 9, Batch: 180, Acc: 25.89%, Loss: 2.7770
Epoch: 9, Batch: 190, Acc: 25.87%, Loss: 2.9061
Epoch: 9, Batch: 200, Acc: 25.95%, Loss: 2.8094
Epoch: 9, Batch: 210, Acc: 26.02%, Loss: 2.9560
Epoch: 9, Batch: 220, Acc: 26.02%, Loss: 2.9375
Epoch: 9, Batch: 230, Acc: 26.17%, Loss: 2.8222
Epoch: 9, Batch: 240, Acc: 26.22%, Loss: 2.7400
Epoch: 9, Batch: 250, Acc: 26.18%, Loss: 2.8699
Accuracy on test set: 34.81%
Epoch: 10, Batch: 10, Acc: 29.53%, Loss: 2.8671
Epoch: 10, Batch: 20, Acc: 28.59%, Loss: 2.9618
Epoch: 10, Batch: 30, Acc: 28.54%, Loss: 3.0501
Epoch: 10, Batch: 40, Acc: 27.34%, Loss: 2.9391
Epoch: 10, Batch: 50, Acc: 27.09%, Loss: 2.9989
Epoch: 10, Batch: 60, Acc: 27.11%, Loss: 2.8608
Epoch: 10, Batch: 70, Acc: 26.85%, Loss: 2.7518
Epoch: 10, Batch: 80, Acc: 27.36%, Loss: 2.9414
Epoch: 10, Batch: 90, Acc: 27.17%, Loss: 2.6092
Epoch: 10, Batch: 100, Acc: 27.23%, Loss: 2.8520
Epoch: 10, Batch: 110, Acc: 27.22%, Loss: 2.5902
Epoch: 10, Batch: 120, Acc: 27.02%, Loss: 2.9941
Epoch: 10, Batch: 130, Acc: 27.08%, Loss: 2.8479
Epoch: 10, Batch: 140, Acc: 27.10%, Loss: 2.9369
Epoch: 10, Batch: 150, Acc: 27.22%, Loss: 3.0027
Epoch: 10, Batch: 160, Acc: 27.35%, Loss: 2.9022
Epoch: 10, Batch: 170, Acc: 27.39%, Loss: 2.7498
Epoch: 10, Batch: 180, Acc: 27.55%, Loss: 2.9152
Epoch: 10, Batch: 190, Acc: 27.40%, Loss: 2.8834
Epoch: 10, Batch: 200, Acc: 27.47%, Loss: 2.8915
Epoch: 10, Batch: 210, Acc: 27.34%, Loss: 2.9430
Epoch: 10, Batch: 220, Acc: 27.48%, Loss: 3.0225
Epoch: 10, Batch: 230, Acc: 27.45%, Loss: 2.7962
Epoch: 10, Batch: 240, Acc: 27.46%, Loss: 2.8625
Epoch: 10, Batch: 250, Acc: 27.44%, Loss: 2.9223
Accuracy on test set: 35.97%
  [Run 2 | eps=0.3 | random | q-detection | GPU 1] Training Time: 12685.00s  Best Acc: 35.97%

  [Run 2 | eps=0.3 | random | q-detection | GPU 1] Evaluating final model on clean test data...
  Accuracy    : 0.3597
  Loss        : 2.6047
  Precision   : 0.3199
  Recall      : 0.3762
  F1          : 0.3458
  Fpr         : 0.0290
  Fnr         : 0.6238
  Roc_auc     : 0.8650
  Pr_auc      : 0.4083
  Asr         : 3.1056
Metrics saved to eps0.3/qmlp-az-quid-run2-layer50_quid_eps0.3_random_qdetection.csv
  [Run 2 | eps=0.3 | random | q-detection | GPU 1] Done. Saved → eps0.3/qmlp-az-quid-run2-layer50-noiseless-Amplitude_eps0.3_random_qdetection.pt

====================================================================
 [Run 2 | eps=0.5 | quid | none | GPU 0]
====================================================================
  [Run 2 | eps=0.5 | quid | none | GPU 0] Stratified subset: 16100 samples (700 per class max, from 184342 total)
  [QUID] Computing density matrices for 8050 poisoned samples ...
  [QUID] Density matrices done in 10.9s
  [QUID] Assigning adversarial labels ...
  [QUID] Label assignment done in 428.0s
  [QUID] Labels changed: 8049/8050
  [Run 2 | eps=0.5 | quid | none | GPU 0] Poisoned: 8050/16100
Epoch: 1, Batch: 10, Acc: 24.69%, Loss: 3.0534
Epoch: 1, Batch: 20, Acc: 32.27%, Loss: 3.0229
Epoch: 1, Batch: 30, Acc: 36.98%, Loss: 3.0042
Epoch: 1, Batch: 40, Acc: 39.61%, Loss: 2.9810
Epoch: 1, Batch: 50, Acc: 41.16%, Loss: 2.9717
Epoch: 1, Batch: 60, Acc: 42.63%, Loss: 2.9575
Epoch: 1, Batch: 70, Acc: 44.22%, Loss: 2.9139
Epoch: 1, Batch: 80, Acc: 45.02%, Loss: 2.9200
Epoch: 1, Batch: 90, Acc: 45.14%, Loss: 2.9192
Epoch: 1, Batch: 100, Acc: 45.38%, Loss: 2.8956
Epoch: 1, Batch: 110, Acc: 45.50%, Loss: 2.8807
Epoch: 1, Batch: 120, Acc: 45.76%, Loss: 2.8645
Epoch: 1, Batch: 130, Acc: 45.82%, Loss: 2.8525
Epoch: 1, Batch: 140, Acc: 45.88%, Loss: 2.8424
Epoch: 1, Batch: 150, Acc: 45.96%, Loss: 2.8168
Epoch: 1, Batch: 160, Acc: 46.18%, Loss: 2.7890
Epoch: 1, Batch: 170, Acc: 46.50%, Loss: 2.7501
Epoch: 1, Batch: 180, Acc: 46.75%, Loss: 2.7312
Epoch: 1, Batch: 190, Acc: 46.96%, Loss: 2.7223
Epoch: 1, Batch: 200, Acc: 47.09%, Loss: 2.7059
Epoch: 1, Batch: 210, Acc: 47.08%, Loss: 2.7409
Epoch: 1, Batch: 220, Acc: 47.15%, Loss: 2.6877
Epoch: 1, Batch: 230, Acc: 47.28%, Loss: 2.6515
Epoch: 1, Batch: 240, Acc: 47.39%, Loss: 2.6449
Epoch: 1, Batch: 250, Acc: 47.42%, Loss: 2.6357
Accuracy on test set: 4.88%
Epoch: 2, Batch: 10, Acc: 47.97%, Loss: 2.6235
Epoch: 2, Batch: 20, Acc: 47.81%, Loss: 2.6126
Epoch: 2, Batch: 30, Acc: 47.76%, Loss: 2.6101
Epoch: 2, Batch: 40, Acc: 48.63%, Loss: 2.5705
Epoch: 2, Batch: 50, Acc: 48.94%, Loss: 2.5342
Epoch: 2, Batch: 60, Acc: 48.72%, Loss: 2.5802
Epoch: 2, Batch: 70, Acc: 48.71%, Loss: 2.5657
Epoch: 2, Batch: 80, Acc: 48.59%, Loss: 2.5265
Epoch: 2, Batch: 90, Acc: 48.73%, Loss: 2.5180
Epoch: 2, Batch: 100, Acc: 48.77%, Loss: 2.5257
Epoch: 2, Batch: 110, Acc: 48.72%, Loss: 2.4983
Epoch: 2, Batch: 120, Acc: 48.88%, Loss: 2.4468
Epoch: 2, Batch: 130, Acc: 48.82%, Loss: 2.4735
Epoch: 2, Batch: 140, Acc: 48.94%, Loss: 2.4314
Epoch: 2, Batch: 150, Acc: 48.96%, Loss: 2.4468
Epoch: 2, Batch: 160, Acc: 48.96%, Loss: 2.4223
Epoch: 2, Batch: 170, Acc: 49.21%, Loss: 2.3702
Epoch: 2, Batch: 180, Acc: 49.15%, Loss: 2.4298
Epoch: 2, Batch: 190, Acc: 49.15%, Loss: 2.4370
Epoch: 2, Batch: 200, Acc: 49.09%, Loss: 2.3958
Epoch: 2, Batch: 210, Acc: 49.09%, Loss: 2.3765
Epoch: 2, Batch: 220, Acc: 49.10%, Loss: 2.4203
Epoch: 2, Batch: 230, Acc: 49.01%, Loss: 2.4062
Epoch: 2, Batch: 240, Acc: 49.01%, Loss: 2.3570
Epoch: 2, Batch: 250, Acc: 48.94%, Loss: 2.4214
Accuracy on test set: 4.88%
Epoch: 3, Batch: 10, Acc: 46.09%, Loss: 2.3918
Epoch: 3, Batch: 20, Acc: 47.58%, Loss: 2.3506
Epoch: 3, Batch: 30, Acc: 48.80%, Loss: 2.2923
Epoch: 3, Batch: 40, Acc: 48.59%, Loss: 2.3576
Epoch: 3, Batch: 50, Acc: 48.41%, Loss: 2.3420
Epoch: 3, Batch: 60, Acc: 49.09%, Loss: 2.2792
Epoch: 3, Batch: 70, Acc: 48.88%, Loss: 2.3505
Epoch: 3, Batch: 80, Acc: 48.77%, Loss: 2.3373
Epoch: 3, Batch: 90, Acc: 48.73%, Loss: 2.3211
Epoch: 3, Batch: 100, Acc: 48.56%, Loss: 2.3289
Epoch: 3, Batch: 110, Acc: 48.32%, Loss: 2.3806
Epoch: 3, Batch: 120, Acc: 48.54%, Loss: 2.2704
Epoch: 3, Batch: 130, Acc: 48.52%, Loss: 2.3232
Epoch: 3, Batch: 140, Acc: 48.65%, Loss: 2.2681
Epoch: 3, Batch: 150, Acc: 48.68%, Loss: 2.2832
Epoch: 3, Batch: 160, Acc: 48.68%, Loss: 2.2962
Epoch: 3, Batch: 170, Acc: 48.58%, Loss: 2.3159
Epoch: 3, Batch: 180, Acc: 48.60%, Loss: 2.2480
Epoch: 3, Batch: 190, Acc: 48.61%, Loss: 2.2522
Epoch: 3, Batch: 200, Acc: 48.70%, Loss: 2.2345
Epoch: 3, Batch: 210, Acc: 48.84%, Loss: 2.1991
Epoch: 3, Batch: 220, Acc: 48.82%, Loss: 2.2446
Epoch: 3, Batch: 230, Acc: 48.72%, Loss: 2.3148
Epoch: 3, Batch: 240, Acc: 48.85%, Loss: 2.2049
Epoch: 3, Batch: 250, Acc: 48.89%, Loss: 2.2194
Accuracy on test set: 4.88%
Epoch: 4, Batch: 10, Acc: 52.97%, Loss: 2.1285
Epoch: 4, Batch: 20, Acc: 50.55%, Loss: 2.2497
Epoch: 4, Batch: 30, Acc: 49.74%, Loss: 2.2523
Epoch: 4, Batch: 40, Acc: 48.91%, Loss: 2.3009
Epoch: 4, Batch: 50, Acc: 48.50%, Loss: 2.2961
Epoch: 4, Batch: 60, Acc: 48.96%, Loss: 2.1622
Epoch: 4, Batch: 70, Acc: 48.66%, Loss: 2.2822
Epoch: 4, Batch: 80, Acc: 48.96%, Loss: 2.1741
Epoch: 4, Batch: 90, Acc: 48.98%, Loss: 2.2370
Epoch: 4, Batch: 100, Acc: 48.94%, Loss: 2.2502
Epoch: 4, Batch: 110, Acc: 49.03%, Loss: 2.1764
Epoch: 4, Batch: 120, Acc: 49.01%, Loss: 2.2194
Epoch: 4, Batch: 130, Acc: 48.88%, Loss: 2.2539
Epoch: 4, Batch: 140, Acc: 48.78%, Loss: 2.2211
Epoch: 4, Batch: 150, Acc: 48.70%, Loss: 2.2736
Epoch: 4, Batch: 160, Acc: 48.85%, Loss: 2.1726
Epoch: 4, Batch: 170, Acc: 48.71%, Loss: 2.2799
Epoch: 4, Batch: 180, Acc: 48.72%, Loss: 2.2171
Epoch: 4, Batch: 190, Acc: 48.77%, Loss: 2.1758
Epoch: 4, Batch: 200, Acc: 48.86%, Loss: 2.1698
Epoch: 4, Batch: 210, Acc: 48.80%, Loss: 2.2298
Epoch: 4, Batch: 220, Acc: 48.93%, Loss: 2.1132
Epoch: 4, Batch: 230, Acc: 48.88%, Loss: 2.1813
Epoch: 4, Batch: 240, Acc: 48.76%, Loss: 2.2492
Epoch: 4, Batch: 250, Acc: 48.82%, Loss: 2.1568
Accuracy on test set: 4.88%
Epoch: 5, Batch: 10, Acc: 49.69%, Loss: 2.1528
Epoch: 5, Batch: 20, Acc: 49.61%, Loss: 2.1551
Epoch: 5, Batch: 30, Acc: 49.32%, Loss: 2.1890
Epoch: 5, Batch: 40, Acc: 49.26%, Loss: 2.1890
Epoch: 5, Batch: 50, Acc: 49.31%, Loss: 2.1899
Epoch: 5, Batch: 60, Acc: 50.18%, Loss: 2.0593
Epoch: 5, Batch: 70, Acc: 50.22%, Loss: 2.1401
Epoch: 5, Batch: 80, Acc: 49.88%, Loss: 2.1987
Epoch: 5, Batch: 90, Acc: 49.93%, Loss: 2.1171
Epoch: 5, Batch: 100, Acc: 49.98%, Loss: 2.1638
Epoch: 5, Batch: 110, Acc: 49.84%, Loss: 2.1943
Epoch: 5, Batch: 120, Acc: 49.45%, Loss: 2.2388
Epoch: 5, Batch: 130, Acc: 49.44%, Loss: 2.1597
Epoch: 5, Batch: 140, Acc: 49.14%, Loss: 2.2715
Epoch: 5, Batch: 150, Acc: 49.14%, Loss: 2.1675
Epoch: 5, Batch: 160, Acc: 48.98%, Loss: 2.2460
Epoch: 5, Batch: 170, Acc: 48.97%, Loss: 2.1595
Epoch: 5, Batch: 180, Acc: 48.77%, Loss: 2.2586
Epoch: 5, Batch: 190, Acc: 48.88%, Loss: 2.1077
Epoch: 5, Batch: 200, Acc: 48.98%, Loss: 2.1225
Epoch: 5, Batch: 210, Acc: 48.81%, Loss: 2.2105
Epoch: 5, Batch: 220, Acc: 48.98%, Loss: 2.0198
Epoch: 5, Batch: 230, Acc: 49.02%, Loss: 2.1500
Epoch: 5, Batch: 240, Acc: 48.85%, Loss: 2.2590
Epoch: 5, Batch: 250, Acc: 48.82%, Loss: 2.1793
Accuracy on test set: 4.88%
Epoch: 6, Batch: 10, Acc: 50.31%, Loss: 2.0996
Epoch: 6, Batch: 20, Acc: 50.78%, Loss: 2.1193
Epoch: 6, Batch: 30, Acc: 50.62%, Loss: 2.1001
Epoch: 6, Batch: 40, Acc: 50.47%, Loss: 2.1510
Epoch: 6, Batch: 50, Acc: 50.56%, Loss: 2.0604
Epoch: 6, Batch: 60, Acc: 50.08%, Loss: 2.1338
Epoch: 6, Batch: 70, Acc: 49.80%, Loss: 2.1536
Epoch: 6, Batch: 80, Acc: 49.06%, Loss: 2.2949
Epoch: 6, Batch: 90, Acc: 48.61%, Loss: 2.2624
Epoch: 6, Batch: 100, Acc: 48.67%, Loss: 2.1330
Epoch: 6, Batch: 110, Acc: 48.88%, Loss: 2.1099
Epoch: 6, Batch: 120, Acc: 48.85%, Loss: 2.1330
Epoch: 6, Batch: 130, Acc: 48.81%, Loss: 2.1317
Epoch: 6, Batch: 140, Acc: 48.84%, Loss: 2.1226
Epoch: 6, Batch: 150, Acc: 48.86%, Loss: 2.1514
Epoch: 6, Batch: 160, Acc: 48.90%, Loss: 2.1652
Epoch: 6, Batch: 170, Acc: 48.82%, Loss: 2.1474
Epoch: 6, Batch: 180, Acc: 48.85%, Loss: 2.1011
Epoch: 6, Batch: 190, Acc: 48.87%, Loss: 2.1292
Epoch: 6, Batch: 200, Acc: 48.87%, Loss: 2.1159
Epoch: 6, Batch: 210, Acc: 48.72%, Loss: 2.1953
Epoch: 6, Batch: 220, Acc: 48.67%, Loss: 2.1636
Epoch: 6, Batch: 230, Acc: 48.82%, Loss: 2.0604
Epoch: 6, Batch: 240, Acc: 48.75%, Loss: 2.1949
Epoch: 6, Batch: 250, Acc: 48.79%, Loss: 2.0870
Accuracy on test set: 4.07%
Epoch: 7, Batch: 10, Acc: 49.84%, Loss: 2.1473
Epoch: 7, Batch: 20, Acc: 50.16%, Loss: 2.0624
Epoch: 7, Batch: 30, Acc: 49.22%, Loss: 2.1050
Epoch: 7, Batch: 40, Acc: 48.71%, Loss: 2.1873
Epoch: 7, Batch: 50, Acc: 49.16%, Loss: 2.0680
Epoch: 7, Batch: 60, Acc: 49.45%, Loss: 2.0517
Epoch: 7, Batch: 70, Acc: 48.77%, Loss: 2.2571
Epoch: 7, Batch: 80, Acc: 48.85%, Loss: 2.0823
Epoch: 7, Batch: 90, Acc: 48.82%, Loss: 2.1163
Epoch: 7, Batch: 100, Acc: 49.03%, Loss: 2.0581
Epoch: 7, Batch: 110, Acc: 48.99%, Loss: 2.1553
Epoch: 7, Batch: 120, Acc: 49.10%, Loss: 2.0710
Epoch: 7, Batch: 130, Acc: 49.06%, Loss: 2.1026
Epoch: 7, Batch: 140, Acc: 49.01%, Loss: 2.1436
Epoch: 7, Batch: 150, Acc: 49.11%, Loss: 2.0874
Epoch: 7, Batch: 160, Acc: 48.94%, Loss: 2.2026
Epoch: 7, Batch: 170, Acc: 48.88%, Loss: 2.1145
Epoch: 7, Batch: 180, Acc: 48.82%, Loss: 2.1491
Epoch: 7, Batch: 190, Acc: 48.91%, Loss: 2.0662
Epoch: 7, Batch: 200, Acc: 49.05%, Loss: 2.0493
Epoch: 7, Batch: 210, Acc: 49.03%, Loss: 2.1044
Epoch: 7, Batch: 220, Acc: 49.05%, Loss: 2.1027
Epoch: 7, Batch: 230, Acc: 48.95%, Loss: 2.1580
Epoch: 7, Batch: 240, Acc: 48.94%, Loss: 2.1362
Epoch: 7, Batch: 250, Acc: 48.97%, Loss: 2.0810
Accuracy on test set: 3.03%
Epoch: 8, Batch: 10, Acc: 48.28%, Loss: 2.1203
Epoch: 8, Batch: 20, Acc: 47.73%, Loss: 2.1096
Epoch: 8, Batch: 30, Acc: 47.14%, Loss: 2.2120
Epoch: 8, Batch: 40, Acc: 47.30%, Loss: 2.1226
Epoch: 8, Batch: 50, Acc: 48.44%, Loss: 1.9813
Epoch: 8, Batch: 60, Acc: 48.75%, Loss: 2.0806
Epoch: 8, Batch: 70, Acc: 48.95%, Loss: 2.0539
Epoch: 8, Batch: 80, Acc: 48.54%, Loss: 2.1899
Epoch: 8, Batch: 90, Acc: 48.80%, Loss: 2.0244
Epoch: 8, Batch: 100, Acc: 48.78%, Loss: 2.1158
Epoch: 8, Batch: 110, Acc: 48.92%, Loss: 2.0798
Epoch: 8, Batch: 120, Acc: 49.00%, Loss: 2.0755
Epoch: 8, Batch: 130, Acc: 48.77%, Loss: 2.1407
Epoch: 8, Batch: 140, Acc: 48.95%, Loss: 2.0424
Epoch: 8, Batch: 150, Acc: 49.01%, Loss: 2.0509
Epoch: 8, Batch: 160, Acc: 49.10%, Loss: 2.0622
Epoch: 8, Batch: 170, Acc: 48.96%, Loss: 2.1556
Epoch: 8, Batch: 180, Acc: 48.93%, Loss: 2.1075
Epoch: 8, Batch: 190, Acc: 49.11%, Loss: 1.9978
Epoch: 8, Batch: 200, Acc: 49.09%, Loss: 2.0537
Epoch: 8, Batch: 210, Acc: 49.19%, Loss: 2.0191
Epoch: 8, Batch: 220, Acc: 49.19%, Loss: 2.0786
Epoch: 8, Batch: 230, Acc: 49.01%, Loss: 2.1825
Epoch: 8, Batch: 240, Acc: 48.82%, Loss: 2.2039
Epoch: 8, Batch: 250, Acc: 48.89%, Loss: 1.9879
Accuracy on test set: 2.67%
Epoch: 9, Batch: 10, Acc: 47.66%, Loss: 2.1104
Epoch: 9, Batch: 20, Acc: 47.50%, Loss: 2.0835
Epoch: 9, Batch: 30, Acc: 48.96%, Loss: 2.0038
Epoch: 9, Batch: 40, Acc: 49.34%, Loss: 2.0531
Epoch: 9, Batch: 50, Acc: 49.25%, Loss: 2.1121
Epoch: 9, Batch: 60, Acc: 49.66%, Loss: 1.9968
Epoch: 9, Batch: 70, Acc: 49.69%, Loss: 2.0393
Epoch: 9, Batch: 80, Acc: 49.57%, Loss: 2.0665
Epoch: 9, Batch: 90, Acc: 49.43%, Loss: 2.0941
Epoch: 9, Batch: 100, Acc: 49.58%, Loss: 2.0097
Epoch: 9, Batch: 110, Acc: 49.28%, Loss: 2.1215
Epoch: 9, Batch: 120, Acc: 49.21%, Loss: 2.0635
Epoch: 9, Batch: 130, Acc: 49.09%, Loss: 2.1086
Epoch: 9, Batch: 140, Acc: 49.26%, Loss: 2.0346
Epoch: 9, Batch: 150, Acc: 49.28%, Loss: 2.0667
Epoch: 9, Batch: 160, Acc: 49.25%, Loss: 1.9944
Epoch: 9, Batch: 170, Acc: 49.06%, Loss: 2.1141
Epoch: 9, Batch: 180, Acc: 49.08%, Loss: 2.0386
Epoch: 9, Batch: 190, Acc: 49.05%, Loss: 2.0927
Epoch: 9, Batch: 200, Acc: 49.16%, Loss: 2.0136
Epoch: 9, Batch: 210, Acc: 49.20%, Loss: 2.0170
Epoch: 9, Batch: 220, Acc: 48.98%, Loss: 2.1875
Epoch: 9, Batch: 230, Acc: 48.95%, Loss: 2.0515
Epoch: 9, Batch: 240, Acc: 48.90%, Loss: 2.0395
Epoch: 9, Batch: 250, Acc: 49.03%, Loss: 1.9976
Accuracy on test set: 4.07%
Epoch: 10, Batch: 10, Acc: 52.03%, Loss: 1.9287
Epoch: 10, Batch: 20, Acc: 50.31%, Loss: 2.0755
Epoch: 10, Batch: 30, Acc: 50.16%, Loss: 1.9949
Epoch: 10, Batch: 40, Acc: 49.65%, Loss: 2.0745
Epoch: 10, Batch: 50, Acc: 49.59%, Loss: 2.0337
Epoch: 10, Batch: 60, Acc: 49.11%, Loss: 2.1060
Epoch: 10, Batch: 70, Acc: 48.88%, Loss: 2.0887
Epoch: 10, Batch: 80, Acc: 49.14%, Loss: 2.0169
Epoch: 10, Batch: 90, Acc: 49.27%, Loss: 1.9861
Epoch: 10, Batch: 100, Acc: 49.31%, Loss: 2.0323
Epoch: 10, Batch: 110, Acc: 49.06%, Loss: 2.1029
Epoch: 10, Batch: 120, Acc: 49.10%, Loss: 2.0672
Epoch: 10, Batch: 130, Acc: 48.89%, Loss: 2.0892
Epoch: 10, Batch: 140, Acc: 48.85%, Loss: 2.0836
Epoch: 10, Batch: 150, Acc: 48.97%, Loss: 2.0016
Epoch: 10, Batch: 160, Acc: 49.01%, Loss: 2.0302
Epoch: 10, Batch: 170, Acc: 49.24%, Loss: 1.9104
Epoch: 10, Batch: 180, Acc: 49.32%, Loss: 1.9583
Epoch: 10, Batch: 190, Acc: 49.28%, Loss: 2.0157
Epoch: 10, Batch: 200, Acc: 49.33%, Loss: 1.9997
Epoch: 10, Batch: 210, Acc: 49.38%, Loss: 1.9731
Epoch: 10, Batch: 220, Acc: 49.36%, Loss: 2.0336
Epoch: 10, Batch: 230, Acc: 49.23%, Loss: 2.0935
Epoch: 10, Batch: 240, Acc: 49.20%, Loss: 2.0302
Epoch: 10, Batch: 250, Acc: 49.13%, Loss: 2.0640
Accuracy on test set: 1.46%
  [Run 2 | eps=0.5 | quid | none | GPU 0] Training Time: 6249.20s  Best Acc: 4.88%

  [Run 2 | eps=0.5 | quid | none | GPU 0] Evaluating final model on clean test data...
  Accuracy    : 0.0488
  Loss        : 3.1021
  Precision   : 0.0021
  Recall      : 0.0435
  F1          : 0.0040
  Fpr         : 0.0435
  Fnr         : 0.9565
  Roc_auc     : 0.6829
  Pr_auc      : 0.1310
  Asr         : 93.5155
Metrics saved to eps0.5/qmlp-az-quid-run2-layer50_quid_eps0.5_quid_none.csv
  [Run 2 | eps=0.5 | quid | none | GPU 0] Done. Saved → eps0.5/qmlp-az-quid-run2-layer50-noiseless-Amplitude_eps0.5_quid_none.pt

====================================================================
 [Run 2 | eps=0.5 | quid | q-detection | GPU 1]
====================================================================
  [Run 2 | eps=0.5 | quid | q-detection | GPU 1] Stratified subset: 16100 samples (700 per class max, from 184342 total)
  [QUID] Computing density matrices for 8050 poisoned samples ...
  [QUID] Density matrices done in 10.7s
  [QUID] Assigning adversarial labels ...
  [QUID] Label assignment done in 436.3s
  [QUID] Labels changed: 8049/8050
  [Run 2 | eps=0.5 | quid | q-detection | GPU 1] Poisoned: 8050/16100
  [Run 2 | eps=0.5 | quid | q-detection | GPU 1] J matrix: 16100x16100 (2074 MB)
Epoch: 1, Batch: 10, Acc: 23.75%, Loss: 2.9992
Epoch: 1, Batch: 20, Acc: 31.41%, Loss: 2.9772
Epoch: 1, Batch: 30, Acc: 36.30%, Loss: 2.9592
Epoch: 1, Batch: 40, Acc: 39.10%, Loss: 2.9384
Epoch: 1, Batch: 50, Acc: 40.75%, Loss: 2.9360
Epoch: 1, Batch: 60, Acc: 42.29%, Loss: 2.9131
Epoch: 1, Batch: 70, Acc: 43.93%, Loss: 2.8672
Epoch: 1, Batch: 80, Acc: 44.77%, Loss: 2.8675
Epoch: 1, Batch: 90, Acc: 44.91%, Loss: 2.8669
Epoch: 1, Batch: 100, Acc: 45.17%, Loss: 2.8347
Epoch: 1, Batch: 110, Acc: 45.31%, Loss: 2.8373
Epoch: 1, Batch: 120, Acc: 45.59%, Loss: 2.8131
Epoch: 1, Batch: 130, Acc: 45.66%, Loss: 2.7912
Epoch: 1, Batch: 140, Acc: 45.74%, Loss: 2.7818
Epoch: 1, Batch: 150, Acc: 45.82%, Loss: 2.7581
Epoch: 1, Batch: 160, Acc: 46.05%, Loss: 2.7246
Epoch: 1, Batch: 170, Acc: 46.38%, Loss: 2.6649
Epoch: 1, Batch: 180, Acc: 46.64%, Loss: 2.6647
Epoch: 1, Batch: 190, Acc: 46.85%, Loss: 2.6387
Epoch: 1, Batch: 200, Acc: 46.99%, Loss: 2.6078
Epoch: 1, Batch: 210, Acc: 46.98%, Loss: 2.6456
Epoch: 1, Batch: 220, Acc: 47.06%, Loss: 2.5896
Epoch: 1, Batch: 230, Acc: 47.19%, Loss: 2.5639
Epoch: 1, Batch: 240, Acc: 47.30%, Loss: 2.5419
Epoch: 1, Batch: 250, Acc: 47.34%, Loss: 2.5069
Accuracy on test set: 4.88%
Epoch: 2, Batch: 10, Acc: 47.97%, Loss: 2.5339
Epoch: 2, Batch: 20, Acc: 47.81%, Loss: 2.5067
Epoch: 2, Batch: 30, Acc: 47.76%, Loss: 2.4893
Epoch: 2, Batch: 40, Acc: 48.63%, Loss: 2.4571
Epoch: 2, Batch: 50, Acc: 48.94%, Loss: 2.4378
Epoch: 2, Batch: 60, Acc: 48.72%, Loss: 2.4954
Epoch: 2, Batch: 70, Acc: 48.71%, Loss: 2.4407
Epoch: 2, Batch: 80, Acc: 48.59%, Loss: 2.4307
Epoch: 2, Batch: 90, Acc: 48.73%, Loss: 2.3670
Epoch: 2, Batch: 100, Acc: 48.77%, Loss: 2.4033
Epoch: 2, Batch: 110, Acc: 48.72%, Loss: 2.3694
Epoch: 2, Batch: 120, Acc: 48.88%, Loss: 2.3667
Epoch: 2, Batch: 130, Acc: 48.82%, Loss: 2.3016
Epoch: 2, Batch: 140, Acc: 48.94%, Loss: 2.3097
Epoch: 2, Batch: 150, Acc: 48.96%, Loss: 2.2974
Epoch: 2, Batch: 160, Acc: 48.96%, Loss: 2.3013
Epoch: 2, Batch: 170, Acc: 49.21%, Loss: 2.1945
Epoch: 2, Batch: 180, Acc: 49.15%, Loss: 2.2649
Epoch: 2, Batch: 190, Acc: 49.15%, Loss: 2.3036
Epoch: 2, Batch: 200, Acc: 49.09%, Loss: 2.2558
Epoch: 2, Batch: 210, Acc: 49.09%, Loss: 2.1933
Epoch: 2, Batch: 220, Acc: 49.10%, Loss: 2.2885
Epoch: 2, Batch: 230, Acc: 49.01%, Loss: 2.2448
Epoch: 2, Batch: 240, Acc: 49.01%, Loss: 2.1687
Epoch: 2, Batch: 250, Acc: 48.94%, Loss: 2.2847
Accuracy on test set: 4.88%
Epoch: 3, Batch: 10, Acc: 46.09%, Loss: 2.2089
Epoch: 3, Batch: 20, Acc: 47.58%, Loss: 2.2418
Epoch: 3, Batch: 30, Acc: 48.80%, Loss: 2.1587
Epoch: 3, Batch: 40, Acc: 48.59%, Loss: 2.1949
Epoch: 3, Batch: 50, Acc: 48.41%, Loss: 2.2562
Epoch: 3, Batch: 60, Acc: 49.09%, Loss: 2.1769
Epoch: 3, Batch: 70, Acc: 48.88%, Loss: 2.1906
Epoch: 3, Batch: 80, Acc: 48.77%, Loss: 2.2962
Epoch: 3, Batch: 90, Acc: 48.73%, Loss: 2.2024
Epoch: 3, Batch: 100, Acc: 48.56%, Loss: 2.2103
Epoch: 3, Batch: 110, Acc: 48.32%, Loss: 2.2501
Epoch: 3, Batch: 120, Acc: 48.54%, Loss: 2.1454
Epoch: 3, Batch: 130, Acc: 48.52%, Loss: 2.2383
Epoch: 3, Batch: 140, Acc: 48.65%, Loss: 2.1109
Epoch: 3, Batch: 150, Acc: 48.68%, Loss: 2.2306
Epoch: 3, Batch: 160, Acc: 48.68%, Loss: 2.1898
Epoch: 3, Batch: 170, Acc: 48.58%, Loss: 2.2592
Epoch: 3, Batch: 180, Acc: 48.60%, Loss: 2.1001
Epoch: 3, Batch: 190, Acc: 48.61%, Loss: 2.2060
Epoch: 3, Batch: 200, Acc: 48.70%, Loss: 2.0428
Epoch: 3, Batch: 210, Acc: 48.84%, Loss: 2.0651
Epoch: 3, Batch: 220, Acc: 48.82%, Loss: 2.1786
Epoch: 3, Batch: 230, Acc: 48.72%, Loss: 2.2620
Epoch: 3, Batch: 240, Acc: 48.85%, Loss: 2.0875
Epoch: 3, Batch: 250, Acc: 48.89%, Loss: 2.1147
Accuracy on test set: 4.88%
Epoch: 4, Batch: 10, Acc: 52.97%, Loss: 2.2943
Epoch: 4, Batch: 20, Acc: 50.55%, Loss: 2.3256
Epoch: 4, Batch: 30, Acc: 49.74%, Loss: 2.0778
Epoch: 4, Batch: 40, Acc: 48.91%, Loss: 2.1729
Epoch: 4, Batch: 50, Acc: 48.50%, Loss: 2.2301
Epoch: 4, Batch: 60, Acc: 48.96%, Loss: 2.1197
Epoch: 4, Batch: 70, Acc: 48.66%, Loss: 2.2351
Epoch: 4, Batch: 80, Acc: 48.96%, Loss: 2.1244
Epoch: 4, Batch: 90, Acc: 48.98%, Loss: 2.0303
Epoch: 4, Batch: 100, Acc: 48.94%, Loss: 2.2992
Epoch: 4, Batch: 110, Acc: 49.03%, Loss: 2.1163
Epoch: 4, Batch: 120, Acc: 49.01%, Loss: 2.1185
Epoch: 4, Batch: 130, Acc: 48.88%, Loss: 2.1608
Epoch: 4, Batch: 140, Acc: 48.78%, Loss: 2.3623
Epoch: 4, Batch: 150, Acc: 48.70%, Loss: 2.1199
Epoch: 4, Batch: 160, Acc: 48.85%, Loss: 1.9897
Epoch: 4, Batch: 170, Acc: 48.71%, Loss: 2.2391
Epoch: 4, Batch: 180, Acc: 48.72%, Loss: 2.2736
Epoch: 4, Batch: 190, Acc: 48.77%, Loss: 2.0468
Epoch: 4, Batch: 200, Acc: 48.86%, Loss: 1.9498
Epoch: 4, Batch: 210, Acc: 48.80%, Loss: 2.3124
Epoch: 4, Batch: 220, Acc: 48.93%, Loss: 1.9853
Epoch: 4, Batch: 230, Acc: 48.88%, Loss: 2.1296
Epoch: 4, Batch: 240, Acc: 48.76%, Loss: 2.0997
Epoch: 4, Batch: 250, Acc: 48.82%, Loss: 1.9200
Accuracy on test set: 4.88%
Epoch: 5, Batch: 10, Acc: 49.69%, Loss: 2.1917
Epoch: 5, Batch: 20, Acc: 49.61%, Loss: 2.0849
Epoch: 5, Batch: 30, Acc: 49.32%, Loss: 2.4610
Epoch: 5, Batch: 40, Acc: 49.26%, Loss: 2.1777
Epoch: 5, Batch: 50, Acc: 49.31%, Loss: 1.9863
Epoch: 5, Batch: 60, Acc: 50.18%, Loss: 2.1092
Epoch: 5, Batch: 70, Acc: 50.22%, Loss: 2.0585
Epoch: 5, Batch: 80, Acc: 49.88%, Loss: 2.0432
Epoch: 5, Batch: 90, Acc: 49.93%, Loss: 2.3086
Epoch: 5, Batch: 100, Acc: 49.98%, Loss: 2.0452
Epoch: 5, Batch: 110, Acc: 49.84%, Loss: 2.0460
Epoch: 5, Batch: 120, Acc: 49.43%, Loss: 2.0650
Epoch: 5, Batch: 130, Acc: 49.40%, Loss: 2.3090
Epoch: 5, Batch: 140, Acc: 49.14%, Loss: 2.3655
Epoch: 5, Batch: 150, Acc: 49.16%, Loss: 2.1724
Epoch: 5, Batch: 160, Acc: 49.00%, Loss: 2.4059
Epoch: 5, Batch: 170, Acc: 48.99%, Loss: 2.4731
Epoch: 5, Batch: 180, Acc: 48.78%, Loss: 2.5022
Epoch: 5, Batch: 190, Acc: 48.90%, Loss: 2.0151
Epoch: 5, Batch: 200, Acc: 49.00%, Loss: 2.0800
Epoch: 5, Batch: 210, Acc: 48.82%, Loss: 2.1125
Epoch: 5, Batch: 220, Acc: 49.03%, Loss: 1.7237
Epoch: 5, Batch: 230, Acc: 49.06%, Loss: 2.0265
Epoch: 5, Batch: 240, Acc: 48.89%, Loss: 2.5826
Epoch: 5, Batch: 250, Acc: 48.86%, Loss: 2.1296
Accuracy on test set: 4.88%
Epoch: 6, Batch: 10, Acc: 50.31%, Loss: 2.7665
Epoch: 6, Batch: 20, Acc: 50.78%, Loss: 2.2279
Epoch: 6, Batch: 30, Acc: 50.62%, Loss: 2.4728
Epoch: 6, Batch: 40, Acc: 50.47%, Loss: 2.6079
Epoch: 6, Batch: 50, Acc: 50.56%, Loss: 2.2943
Epoch: 6, Batch: 60, Acc: 50.16%, Loss: 2.0950
Epoch: 6, Batch: 70, Acc: 49.93%, Loss: 2.4231
Epoch: 6, Batch: 80, Acc: 49.18%, Loss: 2.2190
Epoch: 6, Batch: 90, Acc: 48.73%, Loss: 2.4978
Epoch: 6, Batch: 100, Acc: 48.86%, Loss: 1.9943
Epoch: 6, Batch: 110, Acc: 49.05%, Loss: 1.8939
Epoch: 6, Batch: 120, Acc: 49.01%, Loss: 2.0120
Epoch: 6, Batch: 130, Acc: 48.95%, Loss: 2.0902
Epoch: 6, Batch: 140, Acc: 48.95%, Loss: 1.9921
Epoch: 6, Batch: 150, Acc: 48.99%, Loss: 2.7031
Epoch: 6, Batch: 160, Acc: 48.98%, Loss: 2.3265
Epoch: 6, Batch: 170, Acc: 48.92%, Loss: 1.8766
Epoch: 6, Batch: 180, Acc: 48.94%, Loss: 2.6339
Epoch: 6, Batch: 190, Acc: 48.93%, Loss: 2.7027
Epoch: 6, Batch: 200, Acc: 48.91%, Loss: 2.6844
Epoch: 6, Batch: 210, Acc: 48.80%, Loss: 2.2471
Epoch: 6, Batch: 220, Acc: 48.77%, Loss: 2.5296
Epoch: 6, Batch: 230, Acc: 48.93%, Loss: 2.5608
Epoch: 6, Batch: 240, Acc: 48.85%, Loss: 2.4456
Epoch: 6, Batch: 250, Acc: 48.90%, Loss: 1.8989
Accuracy on test set: 4.88%
Epoch: 7, Batch: 10, Acc: 49.53%, Loss: 2.5839
Epoch: 7, Batch: 20, Acc: 50.08%, Loss: 1.7778
Epoch: 7, Batch: 30, Acc: 49.11%, Loss: 2.3614
Epoch: 7, Batch: 40, Acc: 48.67%, Loss: 2.7165
Epoch: 7, Batch: 50, Acc: 49.22%, Loss: 1.9655
Epoch: 7, Batch: 60, Acc: 49.53%, Loss: 2.0005
Epoch: 7, Batch: 70, Acc: 48.88%, Loss: 2.7109
Epoch: 7, Batch: 80, Acc: 48.96%, Loss: 2.1506
Epoch: 7, Batch: 90, Acc: 48.92%, Loss: 2.5544
Epoch: 7, Batch: 100, Acc: 49.09%, Loss: 2.6556
Epoch: 7, Batch: 110, Acc: 49.03%, Loss: 2.4726
Epoch: 7, Batch: 120, Acc: 49.17%, Loss: 2.3616
Epoch: 7, Batch: 130, Acc: 49.12%, Loss: 2.4616
Epoch: 7, Batch: 140, Acc: 49.06%, Loss: 2.7525
Epoch: 7, Batch: 150, Acc: 49.15%, Loss: 1.7923
Epoch: 7, Batch: 160, Acc: 48.91%, Loss: 2.3582
Epoch: 7, Batch: 170, Acc: 48.84%, Loss: 2.6903
Epoch: 7, Batch: 180, Acc: 48.73%, Loss: 2.3292
Epoch: 7, Batch: 190, Acc: 48.83%, Loss: 2.2398
Epoch: 7, Batch: 200, Acc: 48.92%, Loss: 2.6389
Epoch: 7, Batch: 210, Acc: 48.91%, Loss: 2.1192
Epoch: 7, Batch: 220, Acc: 48.96%, Loss: 2.6504
Epoch: 7, Batch: 230, Acc: 48.86%, Loss: 2.7170
Epoch: 7, Batch: 240, Acc: 48.81%, Loss: 1.9883
Epoch: 7, Batch: 250, Acc: 48.91%, Loss: 2.3148
Accuracy on test set: 1.85%
Epoch: 8, Batch: 10, Acc: 48.28%, Loss: 1.9549
Epoch: 8, Batch: 20, Acc: 47.73%, Loss: 2.5339
Epoch: 8, Batch: 30, Acc: 47.19%, Loss: 2.3958
Epoch: 8, Batch: 40, Acc: 47.38%, Loss: 2.9380
Epoch: 8, Batch: 50, Acc: 48.50%, Loss: 2.5140
Epoch: 8, Batch: 60, Acc: 48.80%, Loss: 2.1552
Epoch: 8, Batch: 70, Acc: 48.97%, Loss: 2.6799
Epoch: 8, Batch: 80, Acc: 48.44%, Loss: 2.7279
Epoch: 8, Batch: 90, Acc: 48.73%, Loss: 2.4574
Epoch: 8, Batch: 100, Acc: 48.72%, Loss: 2.1111
Epoch: 8, Batch: 110, Acc: 48.92%, Loss: 2.3429
Epoch: 8, Batch: 120, Acc: 49.01%, Loss: 2.2999
Epoch: 8, Batch: 130, Acc: 48.77%, Loss: 2.3304
Epoch: 8, Batch: 140, Acc: 49.00%, Loss: 2.7396
Epoch: 8, Batch: 150, Acc: 49.04%, Loss: 2.0920
Epoch: 8, Batch: 160, Acc: 49.13%, Loss: 2.6829
Epoch: 8, Batch: 170, Acc: 49.01%, Loss: 2.3128
Epoch: 8, Batch: 180, Acc: 48.97%, Loss: 2.5522
Epoch: 8, Batch: 190, Acc: 49.13%, Loss: 1.9691
Epoch: 8, Batch: 200, Acc: 49.10%, Loss: 2.3274
Epoch: 8, Batch: 210, Acc: 49.16%, Loss: 2.8710
Epoch: 8, Batch: 220, Acc: 49.12%, Loss: 2.5502
Epoch: 8, Batch: 230, Acc: 48.97%, Loss: 2.3716
Epoch: 8, Batch: 240, Acc: 48.77%, Loss: 2.7299
Epoch: 8, Batch: 250, Acc: 48.86%, Loss: 2.8266
Accuracy on test set: 3.74%
Epoch: 9, Batch: 10, Acc: 47.97%, Loss: 2.3377
Epoch: 9, Batch: 20, Acc: 47.97%, Loss: 2.9725
Epoch: 9, Batch: 30, Acc: 49.22%, Loss: 2.5372
Epoch: 9, Batch: 40, Acc: 49.41%, Loss: 2.5382
Epoch: 9, Batch: 50, Acc: 48.94%, Loss: 2.9334
Epoch: 9, Batch: 60, Acc: 49.43%, Loss: 2.3299
Epoch: 9, Batch: 70, Acc: 49.75%, Loss: 2.6887
Epoch: 9, Batch: 80, Acc: 49.59%, Loss: 2.3578
Epoch: 9, Batch: 90, Acc: 49.53%, Loss: 2.8842
Epoch: 9, Batch: 100, Acc: 49.64%, Loss: 2.7257
Epoch: 9, Batch: 110, Acc: 49.32%, Loss: 2.5258
Epoch: 9, Batch: 120, Acc: 49.22%, Loss: 2.6885
Epoch: 9, Batch: 130, Acc: 49.18%, Loss: 2.7277
Epoch: 9, Batch: 140, Acc: 49.26%, Loss: 2.7228
Epoch: 9, Batch: 150, Acc: 49.31%, Loss: 2.3626
Epoch: 9, Batch: 160, Acc: 49.32%, Loss: 2.6628
Epoch: 9, Batch: 170, Acc: 49.13%, Loss: 2.6842
Epoch: 9, Batch: 180, Acc: 49.10%, Loss: 2.5190
Epoch: 9, Batch: 190, Acc: 49.05%, Loss: 2.5643
Epoch: 9, Batch: 200, Acc: 49.15%, Loss: 2.8155
Epoch: 9, Batch: 210, Acc: 49.19%, Loss: 2.7267
Epoch: 9, Batch: 220, Acc: 48.98%, Loss: 2.7065
Epoch: 9, Batch: 230, Acc: 48.97%, Loss: 2.4691
Epoch: 9, Batch: 240, Acc: 48.97%, Loss: 2.5157
Epoch: 9, Batch: 250, Acc: 49.02%, Loss: 2.8214
Accuracy on test set: 3.59%
Epoch: 10, Batch: 10, Acc: 52.34%, Loss: 2.7962
Epoch: 10, Batch: 20, Acc: 50.70%, Loss: 2.7368
Epoch: 10, Batch: 30, Acc: 50.73%, Loss: 2.7976
Epoch: 10, Batch: 40, Acc: 49.84%, Loss: 2.8947
Epoch: 10, Batch: 50, Acc: 49.81%, Loss: 2.7086
Epoch: 10, Batch: 60, Acc: 49.30%, Loss: 2.5272
Epoch: 10, Batch: 70, Acc: 49.26%, Loss: 3.0603
Epoch: 10, Batch: 80, Acc: 49.26%, Loss: 2.8293
Epoch: 10, Batch: 90, Acc: 49.51%, Loss: 2.8496
Epoch: 10, Batch: 100, Acc: 49.52%, Loss: 2.8461
Epoch: 10, Batch: 110, Acc: 49.26%, Loss: 2.8918
Epoch: 10, Batch: 120, Acc: 49.19%, Loss: 2.7046
Epoch: 10, Batch: 130, Acc: 49.00%, Loss: 2.6934
Epoch: 10, Batch: 140, Acc: 48.84%, Loss: 2.5789
Epoch: 10, Batch: 150, Acc: 48.83%, Loss: 2.3354
Epoch: 10, Batch: 160, Acc: 48.92%, Loss: 2.2048
Epoch: 10, Batch: 170, Acc: 49.20%, Loss: 2.7270
Epoch: 10, Batch: 180, Acc: 49.29%, Loss: 2.9603
Epoch: 10, Batch: 190, Acc: 49.27%, Loss: 2.3613
Epoch: 10, Batch: 200, Acc: 49.30%, Loss: 2.7216
Epoch: 10, Batch: 210, Acc: 49.43%, Loss: 2.9684
Epoch: 10, Batch: 220, Acc: 49.42%, Loss: 2.9467
Epoch: 10, Batch: 230, Acc: 49.28%, Loss: 2.8505
Epoch: 10, Batch: 240, Acc: 49.28%, Loss: 2.9080
Epoch: 10, Batch: 250, Acc: 49.21%, Loss: 2.5655
Accuracy on test set: 4.18%
  [Run 2 | eps=0.5 | quid | q-detection | GPU 1] Training Time: 12764.75s  Best Acc: 4.88%

  [Run 2 | eps=0.5 | quid | q-detection | GPU 1] Evaluating final model on clean test data...
  Accuracy    : 0.0488
  Loss        : 3.1204
  Precision   : 0.0021
  Recall      : 0.0435
  F1          : 0.0040
  Fpr         : 0.0435
  Fnr         : 0.9565
  Roc_auc     : 0.6289
  Pr_auc      : 0.1216
  Asr         : 93.5155
Metrics saved to eps0.5/qmlp-az-quid-run2-layer50_quid_eps0.5_quid_qdetection.csv
  [Run 2 | eps=0.5 | quid | q-detection | GPU 1] Done. Saved → eps0.5/qmlp-az-quid-run2-layer50-noiseless-Amplitude_eps0.5_quid_qdetection.pt

====================================================================
 [Run 2 | eps=0.5 | random | none | GPU 0]
====================================================================
  [Run 2 | eps=0.5 | random | none | GPU 0] Stratified subset: 16100 samples (700 per class max, from 184342 total)
  [Run 2 | eps=0.5 | random | none | GPU 0] Poisoned: 8050/16100
Epoch: 1, Batch: 10, Acc: 4.84%, Loss: 3.1583
Epoch: 1, Batch: 20, Acc: 4.53%, Loss: 3.1635
Epoch: 1, Batch: 30, Acc: 4.84%, Loss: 3.1526
Epoch: 1, Batch: 40, Acc: 5.23%, Loss: 3.1385
Epoch: 1, Batch: 50, Acc: 5.72%, Loss: 3.1325
Epoch: 1, Batch: 60, Acc: 5.78%, Loss: 3.1394
Epoch: 1, Batch: 70, Acc: 5.80%, Loss: 3.1342
Epoch: 1, Batch: 80, Acc: 5.74%, Loss: 3.1531
Epoch: 1, Batch: 90, Acc: 6.04%, Loss: 3.1313
Epoch: 1, Batch: 100, Acc: 6.25%, Loss: 3.1174
Epoch: 1, Batch: 110, Acc: 6.38%, Loss: 3.1250
Epoch: 1, Batch: 120, Acc: 6.52%, Loss: 3.1448
Epoch: 1, Batch: 130, Acc: 6.63%, Loss: 3.1243
Epoch: 1, Batch: 140, Acc: 6.70%, Loss: 3.1287
Epoch: 1, Batch: 150, Acc: 6.86%, Loss: 3.1152
Epoch: 1, Batch: 160, Acc: 6.93%, Loss: 3.1209
Epoch: 1, Batch: 170, Acc: 6.99%, Loss: 3.1140
Epoch: 1, Batch: 180, Acc: 7.13%, Loss: 3.1184
Epoch: 1, Batch: 190, Acc: 7.26%, Loss: 3.1102
Epoch: 1, Batch: 200, Acc: 7.31%, Loss: 3.1166
Epoch: 1, Batch: 210, Acc: 7.43%, Loss: 3.1156
Epoch: 1, Batch: 220, Acc: 7.50%, Loss: 3.1112
Epoch: 1, Batch: 230, Acc: 7.67%, Loss: 3.1077
Epoch: 1, Batch: 240, Acc: 7.82%, Loss: 3.0946
Epoch: 1, Batch: 250, Acc: 7.97%, Loss: 3.0959
Accuracy on test set: 17.42%
Epoch: 2, Batch: 10, Acc: 12.50%, Loss: 3.0984
Epoch: 2, Batch: 20, Acc: 11.88%, Loss: 3.0883
Epoch: 2, Batch: 30, Acc: 11.20%, Loss: 3.1024
Epoch: 2, Batch: 40, Acc: 10.74%, Loss: 3.0953
Epoch: 2, Batch: 50, Acc: 10.69%, Loss: 3.0863
Epoch: 2, Batch: 60, Acc: 10.62%, Loss: 3.0961
Epoch: 2, Batch: 70, Acc: 10.80%, Loss: 3.0778
Epoch: 2, Batch: 80, Acc: 11.07%, Loss: 3.0664
Epoch: 2, Batch: 90, Acc: 11.18%, Loss: 3.0810
Epoch: 2, Batch: 100, Acc: 11.33%, Loss: 3.0724
Epoch: 2, Batch: 110, Acc: 11.14%, Loss: 3.0792
Epoch: 2, Batch: 120, Acc: 11.16%, Loss: 3.0795
Epoch: 2, Batch: 130, Acc: 11.09%, Loss: 3.0817
Epoch: 2, Batch: 140, Acc: 11.19%, Loss: 3.0776
Epoch: 2, Batch: 150, Acc: 11.25%, Loss: 3.0651
Epoch: 2, Batch: 160, Acc: 11.29%, Loss: 3.0714
Epoch: 2, Batch: 170, Acc: 11.28%, Loss: 3.0809
Epoch: 2, Batch: 180, Acc: 11.42%, Loss: 3.0459
Epoch: 2, Batch: 190, Acc: 11.44%, Loss: 3.0855
Epoch: 2, Batch: 200, Acc: 11.61%, Loss: 3.0410
Epoch: 2, Batch: 210, Acc: 11.58%, Loss: 3.0449
Epoch: 2, Batch: 220, Acc: 11.61%, Loss: 3.0796
Epoch: 2, Batch: 230, Acc: 11.69%, Loss: 3.0732
Epoch: 2, Batch: 240, Acc: 11.84%, Loss: 3.0483
Epoch: 2, Batch: 250, Acc: 11.88%, Loss: 3.0669
Accuracy on test set: 24.61%
Epoch: 3, Batch: 10, Acc: 16.56%, Loss: 3.0330
Epoch: 3, Batch: 20, Acc: 14.69%, Loss: 3.0610
Epoch: 3, Batch: 30, Acc: 15.16%, Loss: 3.0443
Epoch: 3, Batch: 40, Acc: 15.20%, Loss: 3.0464
Epoch: 3, Batch: 50, Acc: 15.25%, Loss: 3.0609
Epoch: 3, Batch: 60, Acc: 15.42%, Loss: 3.0437
Epoch: 3, Batch: 70, Acc: 15.51%, Loss: 3.0347
Epoch: 3, Batch: 80, Acc: 15.31%, Loss: 3.0426
Epoch: 3, Batch: 90, Acc: 15.24%, Loss: 3.0365
Epoch: 3, Batch: 100, Acc: 15.23%, Loss: 3.0260
Epoch: 3, Batch: 110, Acc: 15.26%, Loss: 3.0225
Epoch: 3, Batch: 120, Acc: 15.40%, Loss: 3.0287
Epoch: 3, Batch: 130, Acc: 15.35%, Loss: 3.0248
Epoch: 3, Batch: 140, Acc: 15.22%, Loss: 3.0694
Epoch: 3, Batch: 150, Acc: 15.30%, Loss: 3.0542
Epoch: 3, Batch: 160, Acc: 15.45%, Loss: 3.0258
Epoch: 3, Batch: 170, Acc: 15.36%, Loss: 3.0425
Epoch: 3, Batch: 180, Acc: 15.41%, Loss: 3.0597
Epoch: 3, Batch: 190, Acc: 15.41%, Loss: 3.0433
Epoch: 3, Batch: 200, Acc: 15.43%, Loss: 3.0259
Epoch: 3, Batch: 210, Acc: 15.30%, Loss: 3.0611
Epoch: 3, Batch: 220, Acc: 15.43%, Loss: 3.0114
Epoch: 3, Batch: 230, Acc: 15.50%, Loss: 3.0268
Epoch: 3, Batch: 240, Acc: 15.59%, Loss: 3.0432
Epoch: 3, Batch: 250, Acc: 15.55%, Loss: 3.0523
Accuracy on test set: 30.03%
Epoch: 4, Batch: 10, Acc: 15.94%, Loss: 3.0363
Epoch: 4, Batch: 20, Acc: 15.47%, Loss: 3.0242
Epoch: 4, Batch: 30, Acc: 17.08%, Loss: 2.9960
Epoch: 4, Batch: 40, Acc: 17.11%, Loss: 3.0182
Epoch: 4, Batch: 50, Acc: 17.06%, Loss: 3.0380
Epoch: 4, Batch: 60, Acc: 16.88%, Loss: 3.0258
Epoch: 4, Batch: 70, Acc: 17.08%, Loss: 3.0014
Epoch: 4, Batch: 80, Acc: 16.86%, Loss: 3.0222
Epoch: 4, Batch: 90, Acc: 16.94%, Loss: 3.0239
Epoch: 4, Batch: 100, Acc: 17.14%, Loss: 3.0204
Epoch: 4, Batch: 110, Acc: 17.39%, Loss: 3.0109
Epoch: 4, Batch: 120, Acc: 17.62%, Loss: 3.0204
Epoch: 4, Batch: 130, Acc: 17.67%, Loss: 3.0148
Epoch: 4, Batch: 140, Acc: 17.53%, Loss: 3.0216
Epoch: 4, Batch: 150, Acc: 17.50%, Loss: 3.0486
Epoch: 4, Batch: 160, Acc: 17.55%, Loss: 2.9990
Epoch: 4, Batch: 170, Acc: 17.66%, Loss: 3.0358
Epoch: 4, Batch: 180, Acc: 17.45%, Loss: 3.0231
Epoch: 4, Batch: 190, Acc: 17.58%, Loss: 2.9889
Epoch: 4, Batch: 200, Acc: 17.49%, Loss: 3.0139
Epoch: 4, Batch: 210, Acc: 17.49%, Loss: 3.0162
Epoch: 4, Batch: 220, Acc: 17.44%, Loss: 3.0285
Epoch: 4, Batch: 230, Acc: 17.55%, Loss: 3.0004
Epoch: 4, Batch: 240, Acc: 17.60%, Loss: 3.0027
Epoch: 4, Batch: 250, Acc: 17.64%, Loss: 3.0033
Accuracy on test set: 32.47%
Epoch: 5, Batch: 10, Acc: 19.38%, Loss: 2.9747
Epoch: 5, Batch: 20, Acc: 19.22%, Loss: 3.0222
Epoch: 5, Batch: 30, Acc: 18.49%, Loss: 3.0300
Epoch: 5, Batch: 40, Acc: 19.06%, Loss: 2.9953
Epoch: 5, Batch: 50, Acc: 18.38%, Loss: 3.0186
Epoch: 5, Batch: 60, Acc: 18.57%, Loss: 3.0311
Epoch: 5, Batch: 70, Acc: 18.73%, Loss: 3.0102
Epoch: 5, Batch: 80, Acc: 19.00%, Loss: 2.9811
Epoch: 5, Batch: 90, Acc: 19.29%, Loss: 2.9739
Epoch: 5, Batch: 100, Acc: 19.09%, Loss: 3.0083
Epoch: 5, Batch: 110, Acc: 19.09%, Loss: 2.9985
Epoch: 5, Batch: 120, Acc: 19.06%, Loss: 2.9932
Epoch: 5, Batch: 130, Acc: 19.00%, Loss: 3.0109
Epoch: 5, Batch: 140, Acc: 19.04%, Loss: 3.0055
Epoch: 5, Batch: 150, Acc: 19.12%, Loss: 2.9998
Epoch: 5, Batch: 160, Acc: 19.07%, Loss: 2.9979
Epoch: 5, Batch: 170, Acc: 19.03%, Loss: 2.9805
Epoch: 5, Batch: 180, Acc: 19.06%, Loss: 2.9999
Epoch: 5, Batch: 190, Acc: 19.10%, Loss: 3.0250
Epoch: 5, Batch: 200, Acc: 19.13%, Loss: 2.9741
Epoch: 5, Batch: 210, Acc: 19.09%, Loss: 3.0078
Epoch: 5, Batch: 220, Acc: 19.06%, Loss: 2.9796
Epoch: 5, Batch: 230, Acc: 19.09%, Loss: 2.9777
Epoch: 5, Batch: 240, Acc: 19.15%, Loss: 2.9605
Epoch: 5, Batch: 250, Acc: 19.12%, Loss: 3.0073
Accuracy on test set: 34.01%
Epoch: 6, Batch: 10, Acc: 19.84%, Loss: 3.0011
Epoch: 6, Batch: 20, Acc: 19.38%, Loss: 2.9914
Epoch: 6, Batch: 30, Acc: 19.17%, Loss: 2.9983
Epoch: 6, Batch: 40, Acc: 18.91%, Loss: 3.0203
Epoch: 6, Batch: 50, Acc: 19.47%, Loss: 2.9736
Epoch: 6, Batch: 60, Acc: 19.79%, Loss: 2.9728
Epoch: 6, Batch: 70, Acc: 19.71%, Loss: 2.9811
Epoch: 6, Batch: 80, Acc: 19.45%, Loss: 2.9939
Epoch: 6, Batch: 90, Acc: 19.31%, Loss: 2.9795
Epoch: 6, Batch: 100, Acc: 19.27%, Loss: 2.9889
Epoch: 6, Batch: 110, Acc: 19.43%, Loss: 2.9730
Epoch: 6, Batch: 120, Acc: 19.53%, Loss: 2.9774
Epoch: 6, Batch: 130, Acc: 19.38%, Loss: 2.9819
Epoch: 6, Batch: 140, Acc: 19.14%, Loss: 2.9903
Epoch: 6, Batch: 150, Acc: 19.29%, Loss: 2.9928
Epoch: 6, Batch: 160, Acc: 19.29%, Loss: 3.0022
Epoch: 6, Batch: 170, Acc: 19.40%, Loss: 2.9601
Epoch: 6, Batch: 180, Acc: 19.46%, Loss: 2.9515
Epoch: 6, Batch: 190, Acc: 19.36%, Loss: 3.0100
Epoch: 6, Batch: 200, Acc: 19.30%, Loss: 2.9860
Epoch: 6, Batch: 210, Acc: 19.40%, Loss: 2.9542
Epoch: 6, Batch: 220, Acc: 19.57%, Loss: 2.9200
Epoch: 6, Batch: 230, Acc: 19.58%, Loss: 2.9612
Epoch: 6, Batch: 240, Acc: 19.46%, Loss: 3.0178
Epoch: 6, Batch: 250, Acc: 19.48%, Loss: 2.9727
Accuracy on test set: 34.02%
Epoch: 7, Batch: 10, Acc: 20.31%, Loss: 2.9646
Epoch: 7, Batch: 20, Acc: 18.28%, Loss: 3.0087
Epoch: 7, Batch: 30, Acc: 19.43%, Loss: 2.9544
Epoch: 7, Batch: 40, Acc: 20.00%, Loss: 2.9774
Epoch: 7, Batch: 50, Acc: 19.84%, Loss: 2.9726
Epoch: 7, Batch: 60, Acc: 19.87%, Loss: 2.9735
Epoch: 7, Batch: 70, Acc: 19.73%, Loss: 2.9661
Epoch: 7, Batch: 80, Acc: 19.75%, Loss: 2.9668
Epoch: 7, Batch: 90, Acc: 19.97%, Loss: 2.9545
Epoch: 7, Batch: 100, Acc: 19.95%, Loss: 2.9476
Epoch: 7, Batch: 110, Acc: 20.00%, Loss: 2.9804
Epoch: 7, Batch: 120, Acc: 20.16%, Loss: 2.9546
Epoch: 7, Batch: 130, Acc: 20.19%, Loss: 2.9675
Epoch: 7, Batch: 140, Acc: 20.12%, Loss: 2.9668
Epoch: 7, Batch: 150, Acc: 20.07%, Loss: 2.9647
Epoch: 7, Batch: 160, Acc: 20.14%, Loss: 2.9534
Epoch: 7, Batch: 170, Acc: 20.17%, Loss: 2.9728
Epoch: 7, Batch: 180, Acc: 20.32%, Loss: 2.9254
Epoch: 7, Batch: 190, Acc: 20.36%, Loss: 2.9414
Epoch: 7, Batch: 200, Acc: 20.34%, Loss: 2.9654
Epoch: 7, Batch: 210, Acc: 20.27%, Loss: 2.9490
Epoch: 7, Batch: 220, Acc: 20.19%, Loss: 2.9894
Epoch: 7, Batch: 230, Acc: 20.24%, Loss: 2.9635
Epoch: 7, Batch: 240, Acc: 20.19%, Loss: 2.9530
Epoch: 7, Batch: 250, Acc: 20.04%, Loss: 2.9959
Accuracy on test set: 34.71%
Epoch: 8, Batch: 10, Acc: 22.66%, Loss: 2.9384
Epoch: 8, Batch: 20, Acc: 21.48%, Loss: 2.9356
Epoch: 8, Batch: 30, Acc: 20.57%, Loss: 2.9752
Epoch: 8, Batch: 40, Acc: 20.66%, Loss: 2.9334
Epoch: 8, Batch: 50, Acc: 20.28%, Loss: 2.9673
Epoch: 8, Batch: 60, Acc: 19.82%, Loss: 2.9729
Epoch: 8, Batch: 70, Acc: 19.35%, Loss: 2.9936
Epoch: 8, Batch: 80, Acc: 19.82%, Loss: 2.9346
Epoch: 8, Batch: 90, Acc: 19.88%, Loss: 2.9420
Epoch: 8, Batch: 100, Acc: 20.08%, Loss: 2.9308
Epoch: 8, Batch: 110, Acc: 20.04%, Loss: 2.9535
Epoch: 8, Batch: 120, Acc: 20.01%, Loss: 2.9292
Epoch: 8, Batch: 130, Acc: 19.96%, Loss: 2.9681
Epoch: 8, Batch: 140, Acc: 19.94%, Loss: 2.9618
Epoch: 8, Batch: 150, Acc: 19.95%, Loss: 2.9540
Epoch: 8, Batch: 160, Acc: 19.86%, Loss: 2.9638
Epoch: 8, Batch: 170, Acc: 19.87%, Loss: 2.9450
Epoch: 8, Batch: 180, Acc: 19.78%, Loss: 2.9755
Epoch: 8, Batch: 190, Acc: 19.78%, Loss: 2.9501
Epoch: 8, Batch: 200, Acc: 19.81%, Loss: 2.9375
Epoch: 8, Batch: 210, Acc: 19.80%, Loss: 2.9568
Epoch: 8, Batch: 220, Acc: 19.84%, Loss: 2.9382
Epoch: 8, Batch: 230, Acc: 19.96%, Loss: 2.8973
Epoch: 8, Batch: 240, Acc: 19.95%, Loss: 2.9347
Epoch: 8, Batch: 250, Acc: 19.88%, Loss: 2.9645
Accuracy on test set: 34.45%
Epoch: 9, Batch: 10, Acc: 19.22%, Loss: 2.9495
Epoch: 9, Batch: 20, Acc: 18.52%, Loss: 2.9674
Epoch: 9, Batch: 30, Acc: 19.64%, Loss: 2.9517
Epoch: 9, Batch: 40, Acc: 20.16%, Loss: 2.9370
Epoch: 9, Batch: 50, Acc: 20.22%, Loss: 2.9188
Epoch: 9, Batch: 60, Acc: 20.13%, Loss: 2.9411
Epoch: 9, Batch: 70, Acc: 19.80%, Loss: 2.9548
Epoch: 9, Batch: 80, Acc: 20.00%, Loss: 2.9309
Epoch: 9, Batch: 90, Acc: 20.07%, Loss: 2.9356
Epoch: 9, Batch: 100, Acc: 19.81%, Loss: 2.9723
Epoch: 9, Batch: 110, Acc: 20.04%, Loss: 2.9198
Epoch: 9, Batch: 120, Acc: 20.16%, Loss: 2.9129
Epoch: 9, Batch: 130, Acc: 20.12%, Loss: 2.9392
Epoch: 9, Batch: 140, Acc: 20.02%, Loss: 2.9343
Epoch: 9, Batch: 150, Acc: 19.97%, Loss: 2.9443
Epoch: 9, Batch: 160, Acc: 20.12%, Loss: 2.8989
Epoch: 9, Batch: 170, Acc: 20.13%, Loss: 2.9245
Epoch: 9, Batch: 180, Acc: 20.16%, Loss: 2.9081
Epoch: 9, Batch: 190, Acc: 20.23%, Loss: 2.9236
Epoch: 9, Batch: 200, Acc: 20.21%, Loss: 2.9697
Epoch: 9, Batch: 210, Acc: 20.24%, Loss: 2.8907
Epoch: 9, Batch: 220, Acc: 20.24%, Loss: 2.9367
Epoch: 9, Batch: 230, Acc: 20.31%, Loss: 2.9428
Epoch: 9, Batch: 240, Acc: 20.32%, Loss: 2.9288
Epoch: 9, Batch: 250, Acc: 20.27%, Loss: 2.9400
Accuracy on test set: 34.90%
Epoch: 10, Batch: 10, Acc: 23.12%, Loss: 2.9155
Epoch: 10, Batch: 20, Acc: 22.27%, Loss: 2.9085
Epoch: 10, Batch: 30, Acc: 22.34%, Loss: 2.8914
Epoch: 10, Batch: 40, Acc: 21.02%, Loss: 2.9922
Epoch: 10, Batch: 50, Acc: 21.19%, Loss: 2.9025
Epoch: 10, Batch: 60, Acc: 20.81%, Loss: 2.9569
Epoch: 10, Batch: 70, Acc: 20.58%, Loss: 2.9501
Epoch: 10, Batch: 80, Acc: 20.72%, Loss: 2.9229
Epoch: 10, Batch: 90, Acc: 20.61%, Loss: 2.9350
Epoch: 10, Batch: 100, Acc: 20.47%, Loss: 2.9433
Epoch: 10, Batch: 110, Acc: 20.47%, Loss: 2.9409
Epoch: 10, Batch: 120, Acc: 20.30%, Loss: 2.9318
Epoch: 10, Batch: 130, Acc: 20.49%, Loss: 2.8965
Epoch: 10, Batch: 140, Acc: 20.55%, Loss: 2.9200
Epoch: 10, Batch: 150, Acc: 20.66%, Loss: 2.9017
Epoch: 10, Batch: 160, Acc: 20.63%, Loss: 2.9080
Epoch: 10, Batch: 170, Acc: 20.73%, Loss: 2.8918
Epoch: 10, Batch: 180, Acc: 20.76%, Loss: 2.9056
Epoch: 10, Batch: 190, Acc: 20.77%, Loss: 2.9384
Epoch: 10, Batch: 200, Acc: 20.77%, Loss: 2.9115
Epoch: 10, Batch: 210, Acc: 20.67%, Loss: 2.9524
Epoch: 10, Batch: 220, Acc: 20.72%, Loss: 2.8870
Epoch: 10, Batch: 230, Acc: 20.63%, Loss: 2.9216
Epoch: 10, Batch: 240, Acc: 20.72%, Loss: 2.8684
Epoch: 10, Batch: 250, Acc: 20.68%, Loss: 2.9329
Accuracy on test set: 35.33%
  [Run 2 | eps=0.5 | random | none | GPU 0] Training Time: 6211.15s  Best Acc: 35.33%

  [Run 2 | eps=0.5 | random | none | GPU 0] Evaluating final model on clean test data...
  Accuracy    : 0.3533
  Loss        : 2.6192
  Precision   : 0.2759
  Recall      : 0.3717
  F1          : 0.3167
  Fpr         : 0.0293
  Fnr         : 0.6283
  Roc_auc     : 0.8524
  Pr_auc      : 0.3910
  Asr         : 3.4161
Metrics saved to eps0.5/qmlp-az-quid-run2-layer50_quid_eps0.5_random_none.csv
  [Run 2 | eps=0.5 | random | none | GPU 0] Done. Saved → eps0.5/qmlp-az-quid-run2-layer50-noiseless-Amplitude_eps0.5_random_none.pt

====================================================================
 [Run 2 | eps=0.5 | random | q-detection | GPU 1]
====================================================================
  [Run 2 | eps=0.5 | random | q-detection | GPU 1] Stratified subset: 16100 samples (700 per class max, from 184342 total)
  [Run 2 | eps=0.5 | random | q-detection | GPU 1] Poisoned: 8050/16100
  [Run 2 | eps=0.5 | random | q-detection | GPU 1] J matrix: 16100x16100 (2074 MB)
Epoch: 1, Batch: 10, Acc: 4.84%, Loss: 3.1175
Epoch: 1, Batch: 20, Acc: 4.69%, Loss: 3.1253
Epoch: 1, Batch: 30, Acc: 4.74%, Loss: 3.1253
Epoch: 1, Batch: 40, Acc: 5.12%, Loss: 3.0980
Epoch: 1, Batch: 50, Acc: 5.38%, Loss: 3.1048
Epoch: 1, Batch: 60, Acc: 5.52%, Loss: 3.1059
Epoch: 1, Batch: 70, Acc: 5.45%, Loss: 3.0967
Epoch: 1, Batch: 80, Acc: 5.45%, Loss: 3.1192
Epoch: 1, Batch: 90, Acc: 5.69%, Loss: 3.0983
Epoch: 1, Batch: 100, Acc: 5.86%, Loss: 3.0725
Epoch: 1, Batch: 110, Acc: 6.05%, Loss: 3.0892
Epoch: 1, Batch: 120, Acc: 6.17%, Loss: 3.1215
Epoch: 1, Batch: 130, Acc: 6.30%, Loss: 3.0865
Epoch: 1, Batch: 140, Acc: 6.29%, Loss: 3.0989
Epoch: 1, Batch: 150, Acc: 6.33%, Loss: 3.0788
Epoch: 1, Batch: 160, Acc: 6.28%, Loss: 3.0874
Epoch: 1, Batch: 170, Acc: 6.24%, Loss: 3.0756
Epoch: 1, Batch: 180, Acc: 6.33%, Loss: 3.0838
Epoch: 1, Batch: 190, Acc: 6.41%, Loss: 3.0656
Epoch: 1, Batch: 200, Acc: 6.34%, Loss: 3.0815
Epoch: 1, Batch: 210, Acc: 6.37%, Loss: 3.0741
Epoch: 1, Batch: 220, Acc: 6.38%, Loss: 3.0650
Epoch: 1, Batch: 230, Acc: 6.39%, Loss: 3.0727
Epoch: 1, Batch: 240, Acc: 6.39%, Loss: 3.0495
Epoch: 1, Batch: 250, Acc: 6.53%, Loss: 3.0352
Accuracy on test set: 9.78%
Epoch: 2, Batch: 10, Acc: 7.81%, Loss: 3.0699
Epoch: 2, Batch: 20, Acc: 8.05%, Loss: 3.0435
Epoch: 2, Batch: 30, Acc: 7.50%, Loss: 3.0783
Epoch: 2, Batch: 40, Acc: 7.38%, Loss: 3.0513
Epoch: 2, Batch: 50, Acc: 7.28%, Loss: 3.0444
Epoch: 2, Batch: 60, Acc: 7.50%, Loss: 3.0572
Epoch: 2, Batch: 70, Acc: 7.43%, Loss: 3.0262
Epoch: 2, Batch: 80, Acc: 7.40%, Loss: 3.0258
Epoch: 2, Batch: 90, Acc: 7.48%, Loss: 3.0472
Epoch: 2, Batch: 100, Acc: 7.59%, Loss: 3.0383
Epoch: 2, Batch: 110, Acc: 7.60%, Loss: 3.0349
Epoch: 2, Batch: 120, Acc: 7.73%, Loss: 3.0412
Epoch: 2, Batch: 130, Acc: 7.62%, Loss: 3.0346
Epoch: 2, Batch: 140, Acc: 7.81%, Loss: 3.0197
Epoch: 2, Batch: 150, Acc: 7.92%, Loss: 3.0135
Epoch: 2, Batch: 160, Acc: 7.99%, Loss: 3.0465
Epoch: 2, Batch: 170, Acc: 7.98%, Loss: 3.0443
Epoch: 2, Batch: 180, Acc: 8.07%, Loss: 2.9811
Epoch: 2, Batch: 190, Acc: 8.00%, Loss: 3.0634
Epoch: 2, Batch: 200, Acc: 8.18%, Loss: 2.9702
Epoch: 2, Batch: 210, Acc: 8.24%, Loss: 2.9558
Epoch: 2, Batch: 220, Acc: 8.21%, Loss: 3.0290
Epoch: 2, Batch: 230, Acc: 8.25%, Loss: 3.0249
Epoch: 2, Batch: 240, Acc: 8.29%, Loss: 3.0250
Epoch: 2, Batch: 250, Acc: 8.31%, Loss: 3.0063
Accuracy on test set: 15.29%
Epoch: 3, Batch: 10, Acc: 10.16%, Loss: 2.9835
Epoch: 3, Batch: 20, Acc: 9.22%, Loss: 3.0434
Epoch: 3, Batch: 30, Acc: 9.48%, Loss: 2.9907
Epoch: 3, Batch: 40, Acc: 9.41%, Loss: 2.9856
Epoch: 3, Batch: 50, Acc: 9.50%, Loss: 3.0171
Epoch: 3, Batch: 60, Acc: 9.82%, Loss: 3.0027
Epoch: 3, Batch: 70, Acc: 9.75%, Loss: 2.9919
Epoch: 3, Batch: 80, Acc: 9.90%, Loss: 2.9291
Epoch: 3, Batch: 90, Acc: 9.88%, Loss: 2.9692
Epoch: 3, Batch: 100, Acc: 9.88%, Loss: 2.9636
Epoch: 3, Batch: 110, Acc: 9.87%, Loss: 2.9501
Epoch: 3, Batch: 120, Acc: 9.84%, Loss: 2.9247
Epoch: 3, Batch: 130, Acc: 9.89%, Loss: 2.9494
Epoch: 3, Batch: 140, Acc: 9.79%, Loss: 3.0501
Epoch: 3, Batch: 150, Acc: 9.86%, Loss: 3.0274
Epoch: 3, Batch: 160, Acc: 9.95%, Loss: 2.9656
Epoch: 3, Batch: 170, Acc: 9.91%, Loss: 2.9781
Epoch: 3, Batch: 180, Acc: 9.87%, Loss: 3.0209
Epoch: 3, Batch: 190, Acc: 9.91%, Loss: 2.9585
Epoch: 3, Batch: 200, Acc: 10.00%, Loss: 2.9775
Epoch: 3, Batch: 210, Acc: 9.87%, Loss: 3.0165
Epoch: 3, Batch: 220, Acc: 9.99%, Loss: 2.9638
Epoch: 3, Batch: 230, Acc: 10.06%, Loss: 3.0007
Epoch: 3, Batch: 240, Acc: 10.09%, Loss: 2.9705
Epoch: 3, Batch: 250, Acc: 10.12%, Loss: 2.9977
Accuracy on test set: 20.03%
Epoch: 4, Batch: 10, Acc: 11.72%, Loss: 3.0639
Epoch: 4, Batch: 20, Acc: 11.80%, Loss: 2.9492
Epoch: 4, Batch: 30, Acc: 13.07%, Loss: 2.9597
Epoch: 4, Batch: 40, Acc: 12.70%, Loss: 3.0116
Epoch: 4, Batch: 50, Acc: 12.56%, Loss: 3.0560
Epoch: 4, Batch: 60, Acc: 12.60%, Loss: 3.0044
Epoch: 4, Batch: 70, Acc: 12.88%, Loss: 2.9325
Epoch: 4, Batch: 80, Acc: 12.66%, Loss: 3.0036
Epoch: 4, Batch: 90, Acc: 12.81%, Loss: 2.9001
Epoch: 4, Batch: 100, Acc: 12.97%, Loss: 2.9675
Epoch: 4, Batch: 110, Acc: 13.14%, Loss: 2.9642
Epoch: 4, Batch: 120, Acc: 13.29%, Loss: 3.0002
Epoch: 4, Batch: 130, Acc: 13.49%, Loss: 2.9745
Epoch: 4, Batch: 140, Acc: 13.40%, Loss: 3.0322
Epoch: 4, Batch: 150, Acc: 13.40%, Loss: 3.0000
Epoch: 4, Batch: 160, Acc: 13.53%, Loss: 2.8850
Epoch: 4, Batch: 170, Acc: 13.50%, Loss: 3.0215
Epoch: 4, Batch: 180, Acc: 13.47%, Loss: 2.9267
Epoch: 4, Batch: 190, Acc: 13.56%, Loss: 2.9423
Epoch: 4, Batch: 200, Acc: 13.54%, Loss: 2.9244
Epoch: 4, Batch: 210, Acc: 13.56%, Loss: 2.9776
Epoch: 4, Batch: 220, Acc: 13.60%, Loss: 2.9569
Epoch: 4, Batch: 230, Acc: 13.73%, Loss: 3.0403
Epoch: 4, Batch: 240, Acc: 13.85%, Loss: 2.9495
Epoch: 4, Batch: 250, Acc: 13.86%, Loss: 2.9393
Accuracy on test set: 26.94%
Epoch: 5, Batch: 10, Acc: 15.62%, Loss: 3.0245
Epoch: 5, Batch: 20, Acc: 14.77%, Loss: 3.0924
Epoch: 5, Batch: 30, Acc: 14.74%, Loss: 3.0090
Epoch: 5, Batch: 40, Acc: 15.31%, Loss: 2.9992
Epoch: 5, Batch: 50, Acc: 15.09%, Loss: 3.0282
Epoch: 5, Batch: 60, Acc: 15.16%, Loss: 3.0020
Epoch: 5, Batch: 70, Acc: 15.22%, Loss: 2.9815
Epoch: 5, Batch: 80, Acc: 15.59%, Loss: 2.9364
Epoch: 5, Batch: 90, Acc: 15.76%, Loss: 3.0013
Epoch: 5, Batch: 100, Acc: 15.56%, Loss: 2.9625
Epoch: 5, Batch: 110, Acc: 15.48%, Loss: 2.9218
Epoch: 5, Batch: 120, Acc: 15.57%, Loss: 3.0057
Epoch: 5, Batch: 130, Acc: 15.60%, Loss: 3.0261
Epoch: 5, Batch: 140, Acc: 15.77%, Loss: 2.8882
Epoch: 5, Batch: 150, Acc: 15.83%, Loss: 2.9897
Epoch: 5, Batch: 160, Acc: 15.77%, Loss: 2.9897
Epoch: 5, Batch: 170, Acc: 15.85%, Loss: 2.9131
Epoch: 5, Batch: 180, Acc: 15.87%, Loss: 3.0054
Epoch: 5, Batch: 190, Acc: 15.90%, Loss: 3.0006
Epoch: 5, Batch: 200, Acc: 15.94%, Loss: 3.0122
Epoch: 5, Batch: 210, Acc: 15.84%, Loss: 2.9268
Epoch: 5, Batch: 220, Acc: 15.84%, Loss: 2.9999
Epoch: 5, Batch: 230, Acc: 15.85%, Loss: 2.8462
Epoch: 5, Batch: 240, Acc: 15.87%, Loss: 2.9126
Epoch: 5, Batch: 250, Acc: 15.84%, Loss: 3.0672
Accuracy on test set: 29.51%
Epoch: 6, Batch: 10, Acc: 16.56%, Loss: 2.9718
Epoch: 6, Batch: 20, Acc: 16.25%, Loss: 2.8869
Epoch: 6, Batch: 30, Acc: 16.09%, Loss: 3.0642
Epoch: 6, Batch: 40, Acc: 16.17%, Loss: 3.1006
Epoch: 6, Batch: 50, Acc: 16.78%, Loss: 2.9913
Epoch: 6, Batch: 60, Acc: 16.85%, Loss: 2.9801
Epoch: 6, Batch: 70, Acc: 16.81%, Loss: 3.0089
Epoch: 6, Batch: 80, Acc: 16.99%, Loss: 3.0305
Epoch: 6, Batch: 90, Acc: 17.01%, Loss: 2.9700
Epoch: 6, Batch: 100, Acc: 16.70%, Loss: 3.0483
Epoch: 6, Batch: 110, Acc: 16.79%, Loss: 3.0226
Epoch: 6, Batch: 120, Acc: 16.85%, Loss: 3.0619
Epoch: 6, Batch: 130, Acc: 16.74%, Loss: 2.9421
Epoch: 6, Batch: 140, Acc: 16.75%, Loss: 2.9979
Epoch: 6, Batch: 150, Acc: 16.76%, Loss: 2.9823
Epoch: 6, Batch: 160, Acc: 16.76%, Loss: 3.0743
Epoch: 6, Batch: 170, Acc: 16.91%, Loss: 2.9360
Epoch: 6, Batch: 180, Acc: 17.07%, Loss: 3.0277
Epoch: 6, Batch: 190, Acc: 17.01%, Loss: 3.0594
Epoch: 6, Batch: 200, Acc: 16.93%, Loss: 3.0007
Epoch: 6, Batch: 210, Acc: 16.99%, Loss: 3.0117
Epoch: 6, Batch: 220, Acc: 17.10%, Loss: 2.8530
Epoch: 6, Batch: 230, Acc: 17.10%, Loss: 3.0137
Epoch: 6, Batch: 240, Acc: 16.96%, Loss: 2.9803
Epoch: 6, Batch: 250, Acc: 17.02%, Loss: 3.0217
Accuracy on test set: 30.08%
Epoch: 7, Batch: 10, Acc: 16.88%, Loss: 3.0399
Epoch: 7, Batch: 20, Acc: 15.39%, Loss: 3.0800
Epoch: 7, Batch: 30, Acc: 16.04%, Loss: 2.9239
Epoch: 7, Batch: 40, Acc: 16.72%, Loss: 2.9693
Epoch: 7, Batch: 50, Acc: 16.44%, Loss: 2.9626
Epoch: 7, Batch: 60, Acc: 16.67%, Loss: 3.0079
Epoch: 7, Batch: 70, Acc: 16.54%, Loss: 3.1140
Epoch: 7, Batch: 80, Acc: 16.74%, Loss: 2.9826
Epoch: 7, Batch: 90, Acc: 16.89%, Loss: 3.0046
Epoch: 7, Batch: 100, Acc: 16.97%, Loss: 2.9732
Epoch: 7, Batch: 110, Acc: 16.85%, Loss: 3.0897
Epoch: 7, Batch: 120, Acc: 16.89%, Loss: 2.9498
Epoch: 7, Batch: 130, Acc: 16.94%, Loss: 3.0445
Epoch: 7, Batch: 140, Acc: 16.95%, Loss: 2.8789
Epoch: 7, Batch: 150, Acc: 16.96%, Loss: 2.9031
Epoch: 7, Batch: 160, Acc: 17.04%, Loss: 3.0270
Epoch: 7, Batch: 170, Acc: 17.03%, Loss: 3.1138
Epoch: 7, Batch: 180, Acc: 17.18%, Loss: 3.0108
Epoch: 7, Batch: 190, Acc: 17.29%, Loss: 3.0604
Epoch: 7, Batch: 200, Acc: 17.38%, Loss: 2.9719
Epoch: 7, Batch: 210, Acc: 17.46%, Loss: 2.8969
Epoch: 7, Batch: 220, Acc: 17.38%, Loss: 2.9930
Epoch: 7, Batch: 230, Acc: 17.37%, Loss: 3.0018
Epoch: 7, Batch: 240, Acc: 17.38%, Loss: 3.0231
Epoch: 7, Batch: 250, Acc: 17.33%, Loss: 3.0735
Accuracy on test set: 31.26%
Epoch: 8, Batch: 10, Acc: 18.59%, Loss: 3.0586
Epoch: 8, Batch: 20, Acc: 18.28%, Loss: 3.0200
Epoch: 8, Batch: 30, Acc: 17.92%, Loss: 3.0105
Epoch: 8, Batch: 40, Acc: 17.50%, Loss: 2.9066
Epoch: 8, Batch: 50, Acc: 17.56%, Loss: 3.0849
Epoch: 8, Batch: 60, Acc: 17.71%, Loss: 3.0231
Epoch: 8, Batch: 70, Acc: 17.39%, Loss: 3.0948
Epoch: 8, Batch: 80, Acc: 17.62%, Loss: 2.9925
Epoch: 8, Batch: 90, Acc: 17.78%, Loss: 3.0562
Epoch: 8, Batch: 100, Acc: 18.00%, Loss: 2.9646
Epoch: 8, Batch: 110, Acc: 18.08%, Loss: 3.0140
Epoch: 8, Batch: 120, Acc: 18.03%, Loss: 2.8305
Epoch: 8, Batch: 130, Acc: 17.86%, Loss: 2.9631
Epoch: 8, Batch: 140, Acc: 17.80%, Loss: 3.0376
Epoch: 8, Batch: 150, Acc: 17.95%, Loss: 3.0123
Epoch: 8, Batch: 160, Acc: 17.87%, Loss: 2.9668
Epoch: 8, Batch: 170, Acc: 17.85%, Loss: 3.0472
Epoch: 8, Batch: 180, Acc: 17.71%, Loss: 3.0452
Epoch: 8, Batch: 190, Acc: 17.78%, Loss: 3.0038
Epoch: 8, Batch: 200, Acc: 17.84%, Loss: 2.9440
Epoch: 8, Batch: 210, Acc: 17.82%, Loss: 3.0399
Epoch: 8, Batch: 220, Acc: 17.86%, Loss: 3.0268
Epoch: 8, Batch: 230, Acc: 18.08%, Loss: 3.0527
Epoch: 8, Batch: 240, Acc: 18.26%, Loss: 2.9663
Epoch: 8, Batch: 250, Acc: 18.24%, Loss: 2.9859
Accuracy on test set: 31.46%
Epoch: 9, Batch: 10, Acc: 18.59%, Loss: 3.0670
Epoch: 9, Batch: 20, Acc: 18.52%, Loss: 3.1076
Epoch: 9, Batch: 30, Acc: 18.33%, Loss: 3.0135
Epoch: 9, Batch: 40, Acc: 19.18%, Loss: 2.9941
Epoch: 9, Batch: 50, Acc: 19.03%, Loss: 3.0102
Epoch: 9, Batch: 60, Acc: 19.11%, Loss: 3.0231
Epoch: 9, Batch: 70, Acc: 18.95%, Loss: 3.0461
Epoch: 9, Batch: 80, Acc: 19.10%, Loss: 2.9753
Epoch: 9, Batch: 90, Acc: 19.29%, Loss: 2.9735
Epoch: 9, Batch: 100, Acc: 18.98%, Loss: 3.0378
Epoch: 9, Batch: 110, Acc: 19.15%, Loss: 2.9681
Epoch: 9, Batch: 120, Acc: 19.28%, Loss: 2.9425
Epoch: 9, Batch: 130, Acc: 19.30%, Loss: 3.0291
Epoch: 9, Batch: 140, Acc: 19.22%, Loss: 2.9374
Epoch: 9, Batch: 150, Acc: 19.07%, Loss: 2.9922
Epoch: 9, Batch: 160, Acc: 19.17%, Loss: 2.9729
Epoch: 9, Batch: 170, Acc: 19.24%, Loss: 3.1159
Epoch: 9, Batch: 180, Acc: 19.35%, Loss: 2.9962
Epoch: 9, Batch: 190, Acc: 19.36%, Loss: 3.0480
Epoch: 9, Batch: 200, Acc: 19.24%, Loss: 3.0684
Epoch: 9, Batch: 210, Acc: 19.33%, Loss: 3.0628
Epoch: 9, Batch: 220, Acc: 19.25%, Loss: 3.0762
Epoch: 9, Batch: 230, Acc: 19.35%, Loss: 3.0191
Epoch: 9, Batch: 240, Acc: 19.32%, Loss: 3.0678
Epoch: 9, Batch: 250, Acc: 19.23%, Loss: 3.0009
Accuracy on test set: 32.22%
Epoch: 10, Batch: 10, Acc: 20.78%, Loss: 3.0730
Epoch: 10, Batch: 20, Acc: 20.23%, Loss: 2.9637
Epoch: 10, Batch: 30, Acc: 20.73%, Loss: 3.0399
Epoch: 10, Batch: 40, Acc: 19.73%, Loss: 3.0426
Epoch: 10, Batch: 50, Acc: 19.53%, Loss: 3.0038
Epoch: 10, Batch: 60, Acc: 19.30%, Loss: 3.0819
Epoch: 10, Batch: 70, Acc: 19.22%, Loss: 3.0362
Epoch: 10, Batch: 80, Acc: 19.38%, Loss: 3.0597
Epoch: 10, Batch: 90, Acc: 19.27%, Loss: 2.9747
Epoch: 10, Batch: 100, Acc: 19.14%, Loss: 3.0428
Epoch: 10, Batch: 110, Acc: 19.20%, Loss: 3.0189
Epoch: 10, Batch: 120, Acc: 18.97%, Loss: 3.1046
Epoch: 10, Batch: 130, Acc: 19.07%, Loss: 2.9528
Epoch: 10, Batch: 140, Acc: 19.11%, Loss: 3.0305
Epoch: 10, Batch: 150, Acc: 19.26%, Loss: 3.0019
Epoch: 10, Batch: 160, Acc: 19.27%, Loss: 3.0747
Epoch: 10, Batch: 170, Acc: 19.37%, Loss: 2.9403
Epoch: 10, Batch: 180, Acc: 19.38%, Loss: 3.0261
Epoch: 10, Batch: 190, Acc: 19.20%, Loss: 3.0343
Epoch: 10, Batch: 200, Acc: 19.20%, Loss: 2.9883
Epoch: 10, Batch: 210, Acc: 19.07%, Loss: 2.9537
Epoch: 10, Batch: 220, Acc: 19.17%, Loss: 3.0987
Epoch: 10, Batch: 230, Acc: 19.11%, Loss: 2.9900
Epoch: 10, Batch: 240, Acc: 19.20%, Loss: 3.0663
Epoch: 10, Batch: 250, Acc: 19.19%, Loss: 3.0948
Accuracy on test set: 32.94%
  [Run 2 | eps=0.5 | random | q-detection | GPU 1] Training Time: 12670.05s  Best Acc: 32.94%

  [Run 2 | eps=0.5 | random | q-detection | GPU 1] Evaluating final model on clean test data...
  Accuracy    : 0.3294
  Loss        : 2.7735
  Precision   : 0.3380
  Recall      : 0.3461
  F1          : 0.3420
  Fpr         : 0.0303
  Fnr         : 0.6539
  Roc_auc     : 0.8401
  Pr_auc      : 0.3857
  Asr         : 3.4534
Metrics saved to eps0.5/qmlp-az-quid-run2-layer50_quid_eps0.5_random_qdetection.csv
  [Run 2 | eps=0.5 | random | q-detection | GPU 1] Done. Saved → eps0.5/qmlp-az-quid-run2-layer50-noiseless-Amplitude_eps0.5_random_qdetection.pt

====================================================================
 [Run 3 | eps=0.1 | quid | none | GPU 0]
====================================================================
  [Run 3 | eps=0.1 | quid | none | GPU 0] Stratified subset: 16100 samples (700 per class max, from 184342 total)
  [QUID] Computing density matrices for 1610 poisoned samples ...
  [QUID] Density matrices done in 2.3s
  [QUID] Assigning adversarial labels ...
  [QUID] Label assignment done in 87.2s
  [QUID] Labels changed: 1610/1610
  [Run 3 | eps=0.1 | quid | none | GPU 0] Poisoned: 1610/16100
Epoch: 1, Batch: 10, Acc: 5.00%, Loss: 3.1515
Epoch: 1, Batch: 20, Acc: 5.23%, Loss: 3.1667
Epoch: 1, Batch: 30, Acc: 5.68%, Loss: 3.1461
Epoch: 1, Batch: 40, Acc: 5.43%, Loss: 3.1462
Epoch: 1, Batch: 50, Acc: 5.81%, Loss: 3.1290
Epoch: 1, Batch: 60, Acc: 5.96%, Loss: 3.1369
Epoch: 1, Batch: 70, Acc: 5.94%, Loss: 3.1217
Epoch: 1, Batch: 80, Acc: 6.50%, Loss: 3.1108
Epoch: 1, Batch: 90, Acc: 6.93%, Loss: 3.1083
Epoch: 1, Batch: 100, Acc: 7.73%, Loss: 3.0911
Epoch: 1, Batch: 110, Acc: 8.20%, Loss: 3.0922
Epoch: 1, Batch: 120, Acc: 8.46%, Loss: 3.1082
Epoch: 1, Batch: 130, Acc: 8.69%, Loss: 3.0907
Epoch: 1, Batch: 140, Acc: 8.78%, Loss: 3.0807
Epoch: 1, Batch: 150, Acc: 8.97%, Loss: 3.0719
Epoch: 1, Batch: 160, Acc: 9.20%, Loss: 3.0674
Epoch: 1, Batch: 170, Acc: 9.53%, Loss: 3.0592
Epoch: 1, Batch: 180, Acc: 9.77%, Loss: 3.0677
Epoch: 1, Batch: 190, Acc: 10.02%, Loss: 3.0561
Epoch: 1, Batch: 200, Acc: 10.39%, Loss: 3.0316
Epoch: 1, Batch: 210, Acc: 10.83%, Loss: 3.0204
Epoch: 1, Batch: 220, Acc: 11.26%, Loss: 3.0230
Epoch: 1, Batch: 230, Acc: 11.65%, Loss: 3.0212
Epoch: 1, Batch: 240, Acc: 11.91%, Loss: 3.0409
Epoch: 1, Batch: 250, Acc: 12.21%, Loss: 3.0287
Accuracy on test set: 19.70%
Epoch: 2, Batch: 10, Acc: 20.16%, Loss: 3.0011
Epoch: 2, Batch: 20, Acc: 20.16%, Loss: 3.0283
Epoch: 2, Batch: 30, Acc: 19.95%, Loss: 3.0193
Epoch: 2, Batch: 40, Acc: 20.31%, Loss: 2.9831
Epoch: 2, Batch: 50, Acc: 20.31%, Loss: 3.0006
Epoch: 2, Batch: 60, Acc: 20.26%, Loss: 2.9901
Epoch: 2, Batch: 70, Acc: 20.67%, Loss: 2.9734
Epoch: 2, Batch: 80, Acc: 21.09%, Loss: 2.9484
Epoch: 2, Batch: 90, Acc: 21.46%, Loss: 2.9463
Epoch: 2, Batch: 100, Acc: 21.95%, Loss: 2.9333
Epoch: 2, Batch: 110, Acc: 22.10%, Loss: 2.9531
Epoch: 2, Batch: 120, Acc: 22.53%, Loss: 2.9527
Epoch: 2, Batch: 130, Acc: 22.68%, Loss: 2.9734
Epoch: 2, Batch: 140, Acc: 22.78%, Loss: 2.9654
Epoch: 2, Batch: 150, Acc: 22.97%, Loss: 2.9413
Epoch: 2, Batch: 160, Acc: 22.95%, Loss: 2.9227
Epoch: 2, Batch: 170, Acc: 23.06%, Loss: 2.9248
Epoch: 2, Batch: 180, Acc: 23.19%, Loss: 2.9095
Epoch: 2, Batch: 190, Acc: 23.26%, Loss: 2.9265
Epoch: 2, Batch: 200, Acc: 23.43%, Loss: 2.8983
Epoch: 2, Batch: 210, Acc: 23.51%, Loss: 2.8982
Epoch: 2, Batch: 220, Acc: 23.66%, Loss: 2.8933
Epoch: 2, Batch: 230, Acc: 23.80%, Loss: 2.8753
Epoch: 2, Batch: 240, Acc: 23.87%, Loss: 2.8610
Epoch: 2, Batch: 250, Acc: 23.90%, Loss: 2.8766
Accuracy on test set: 17.60%
Epoch: 3, Batch: 10, Acc: 24.06%, Loss: 2.8874
Epoch: 3, Batch: 20, Acc: 23.28%, Loss: 2.9007
Epoch: 3, Batch: 30, Acc: 23.59%, Loss: 2.8668
Epoch: 3, Batch: 40, Acc: 23.87%, Loss: 2.8728
Epoch: 3, Batch: 50, Acc: 24.44%, Loss: 2.8226
Epoch: 3, Batch: 60, Acc: 24.82%, Loss: 2.8550
Epoch: 3, Batch: 70, Acc: 24.75%, Loss: 2.8440
Epoch: 3, Batch: 80, Acc: 24.41%, Loss: 2.8438
Epoch: 3, Batch: 90, Acc: 24.39%, Loss: 2.8519
Epoch: 3, Batch: 100, Acc: 24.30%, Loss: 2.8457
Epoch: 3, Batch: 110, Acc: 24.26%, Loss: 2.8427
Epoch: 3, Batch: 120, Acc: 24.23%, Loss: 2.8519
Epoch: 3, Batch: 130, Acc: 24.39%, Loss: 2.8511
Epoch: 3, Batch: 140, Acc: 24.22%, Loss: 2.8491
Epoch: 3, Batch: 150, Acc: 24.15%, Loss: 2.8371
Epoch: 3, Batch: 160, Acc: 23.96%, Loss: 2.8736
Epoch: 3, Batch: 170, Acc: 24.07%, Loss: 2.8049
Epoch: 3, Batch: 180, Acc: 24.19%, Loss: 2.7688
Epoch: 3, Batch: 190, Acc: 24.04%, Loss: 2.8138
Epoch: 3, Batch: 200, Acc: 24.11%, Loss: 2.7930
Epoch: 3, Batch: 210, Acc: 24.12%, Loss: 2.7799
Epoch: 3, Batch: 220, Acc: 24.13%, Loss: 2.7664
Epoch: 3, Batch: 230, Acc: 24.08%, Loss: 2.8118
Epoch: 3, Batch: 240, Acc: 24.13%, Loss: 2.7904
Epoch: 3, Batch: 250, Acc: 24.07%, Loss: 2.8143
Accuracy on test set: 17.23%
Epoch: 4, Batch: 10, Acc: 23.28%, Loss: 2.8097
Epoch: 4, Batch: 20, Acc: 22.42%, Loss: 2.8133
Epoch: 4, Batch: 30, Acc: 24.11%, Loss: 2.7591
Epoch: 4, Batch: 40, Acc: 24.41%, Loss: 2.7748
Epoch: 4, Batch: 50, Acc: 24.50%, Loss: 2.7513
Epoch: 4, Batch: 60, Acc: 24.06%, Loss: 2.7880
Epoch: 4, Batch: 70, Acc: 24.02%, Loss: 2.7649
Epoch: 4, Batch: 80, Acc: 24.02%, Loss: 2.7666
Epoch: 4, Batch: 90, Acc: 24.17%, Loss: 2.7461
Epoch: 4, Batch: 100, Acc: 24.41%, Loss: 2.7006
Epoch: 4, Batch: 110, Acc: 24.22%, Loss: 2.7306
Epoch: 4, Batch: 120, Acc: 24.35%, Loss: 2.7220
Epoch: 4, Batch: 130, Acc: 24.17%, Loss: 2.7743
Epoch: 4, Batch: 140, Acc: 24.22%, Loss: 2.7446
Epoch: 4, Batch: 150, Acc: 24.08%, Loss: 2.7577
Epoch: 4, Batch: 160, Acc: 23.96%, Loss: 2.7497
Epoch: 4, Batch: 170, Acc: 24.07%, Loss: 2.7096
Epoch: 4, Batch: 180, Acc: 24.14%, Loss: 2.7135
Epoch: 4, Batch: 190, Acc: 24.19%, Loss: 2.6994
Epoch: 4, Batch: 200, Acc: 24.20%, Loss: 2.7370
Epoch: 4, Batch: 210, Acc: 24.30%, Loss: 2.7257
Epoch: 4, Batch: 220, Acc: 24.33%, Loss: 2.6989
Epoch: 4, Batch: 230, Acc: 24.29%, Loss: 2.7620
Epoch: 4, Batch: 240, Acc: 24.24%, Loss: 2.7125
Epoch: 4, Batch: 250, Acc: 24.24%, Loss: 2.7344
Accuracy on test set: 19.45%
Epoch: 5, Batch: 10, Acc: 22.97%, Loss: 2.7748
Epoch: 5, Batch: 20, Acc: 23.91%, Loss: 2.7245
Epoch: 5, Batch: 30, Acc: 24.53%, Loss: 2.6940
Epoch: 5, Batch: 40, Acc: 25.43%, Loss: 2.6513
Epoch: 5, Batch: 50, Acc: 24.75%, Loss: 2.7334
Epoch: 5, Batch: 60, Acc: 24.95%, Loss: 2.6927
Epoch: 5, Batch: 70, Acc: 25.00%, Loss: 2.6807
Epoch: 5, Batch: 80, Acc: 24.88%, Loss: 2.7278
Epoch: 5, Batch: 90, Acc: 25.17%, Loss: 2.6392
Epoch: 5, Batch: 100, Acc: 25.08%, Loss: 2.6918
Epoch: 5, Batch: 110, Acc: 25.37%, Loss: 2.6488
Epoch: 5, Batch: 120, Acc: 25.36%, Loss: 2.6731
Epoch: 5, Batch: 130, Acc: 25.34%, Loss: 2.6729
Epoch: 5, Batch: 140, Acc: 25.42%, Loss: 2.6876
Epoch: 5, Batch: 150, Acc: 25.48%, Loss: 2.6666
Epoch: 5, Batch: 160, Acc: 25.59%, Loss: 2.6552
Epoch: 5, Batch: 170, Acc: 25.63%, Loss: 2.6495
Epoch: 5, Batch: 180, Acc: 25.70%, Loss: 2.6257
Epoch: 5, Batch: 190, Acc: 25.84%, Loss: 2.6122
Epoch: 5, Batch: 200, Acc: 25.94%, Loss: 2.6501
Epoch: 5, Batch: 210, Acc: 25.95%, Loss: 2.6823
Epoch: 5, Batch: 220, Acc: 26.04%, Loss: 2.6622
Epoch: 5, Batch: 230, Acc: 26.02%, Loss: 2.6420
Epoch: 5, Batch: 240, Acc: 26.09%, Loss: 2.6248
Epoch: 5, Batch: 250, Acc: 26.01%, Loss: 2.6382
Accuracy on test set: 20.99%
Epoch: 6, Batch: 10, Acc: 27.03%, Loss: 2.6409
Epoch: 6, Batch: 20, Acc: 27.03%, Loss: 2.6238
Epoch: 6, Batch: 30, Acc: 27.14%, Loss: 2.5888
Epoch: 6, Batch: 40, Acc: 27.38%, Loss: 2.6508
Epoch: 6, Batch: 50, Acc: 26.94%, Loss: 2.5988
Epoch: 6, Batch: 60, Acc: 27.42%, Loss: 2.5868
Epoch: 6, Batch: 70, Acc: 26.99%, Loss: 2.6545
Epoch: 6, Batch: 80, Acc: 26.43%, Loss: 2.6519
Epoch: 6, Batch: 90, Acc: 26.55%, Loss: 2.6000
Epoch: 6, Batch: 100, Acc: 26.77%, Loss: 2.5632
Epoch: 6, Batch: 110, Acc: 26.93%, Loss: 2.6113
Epoch: 6, Batch: 120, Acc: 27.06%, Loss: 2.6024
Epoch: 6, Batch: 130, Acc: 27.04%, Loss: 2.6240
Epoch: 6, Batch: 140, Acc: 27.02%, Loss: 2.6485
Epoch: 6, Batch: 150, Acc: 26.99%, Loss: 2.5930
Epoch: 6, Batch: 160, Acc: 26.92%, Loss: 2.6254
Epoch: 6, Batch: 170, Acc: 27.10%, Loss: 2.5646
Epoch: 6, Batch: 180, Acc: 27.21%, Loss: 2.5529
Epoch: 6, Batch: 190, Acc: 27.15%, Loss: 2.5979
Epoch: 6, Batch: 200, Acc: 27.25%, Loss: 2.5653
Epoch: 6, Batch: 210, Acc: 27.26%, Loss: 2.5876
Epoch: 6, Batch: 220, Acc: 27.32%, Loss: 2.5747
Epoch: 6, Batch: 230, Acc: 27.28%, Loss: 2.5698
Epoch: 6, Batch: 240, Acc: 27.28%, Loss: 2.5854
Epoch: 6, Batch: 250, Acc: 27.23%, Loss: 2.6337
Accuracy on test set: 22.23%
Epoch: 7, Batch: 10, Acc: 30.31%, Loss: 2.5450
Epoch: 7, Batch: 20, Acc: 29.38%, Loss: 2.5429
Epoch: 7, Batch: 30, Acc: 28.91%, Loss: 2.5557
Epoch: 7, Batch: 40, Acc: 28.95%, Loss: 2.5142
Epoch: 7, Batch: 50, Acc: 28.44%, Loss: 2.5763
Epoch: 7, Batch: 60, Acc: 28.44%, Loss: 2.5583
Epoch: 7, Batch: 70, Acc: 28.46%, Loss: 2.5547
Epoch: 7, Batch: 80, Acc: 28.38%, Loss: 2.5434
Epoch: 7, Batch: 90, Acc: 28.35%, Loss: 2.5556
Epoch: 7, Batch: 100, Acc: 28.42%, Loss: 2.5196
Epoch: 7, Batch: 110, Acc: 28.37%, Loss: 2.5506
Epoch: 7, Batch: 120, Acc: 28.05%, Loss: 2.6121
Epoch: 7, Batch: 130, Acc: 28.14%, Loss: 2.5461
Epoch: 7, Batch: 140, Acc: 28.17%, Loss: 2.5429
Epoch: 7, Batch: 150, Acc: 28.02%, Loss: 2.5800
Epoch: 7, Batch: 160, Acc: 28.02%, Loss: 2.5526
Epoch: 7, Batch: 170, Acc: 27.95%, Loss: 2.5680
Epoch: 7, Batch: 180, Acc: 28.02%, Loss: 2.5226
Epoch: 7, Batch: 190, Acc: 27.99%, Loss: 2.5585
Epoch: 7, Batch: 200, Acc: 28.10%, Loss: 2.5106
Epoch: 7, Batch: 210, Acc: 28.10%, Loss: 2.5558
Epoch: 7, Batch: 220, Acc: 28.05%, Loss: 2.5860
Epoch: 7, Batch: 230, Acc: 28.23%, Loss: 2.4637
Epoch: 7, Batch: 240, Acc: 28.46%, Loss: 2.4439
Epoch: 7, Batch: 250, Acc: 28.59%, Loss: 2.4589
Accuracy on test set: 24.42%
Epoch: 8, Batch: 10, Acc: 29.22%, Loss: 2.5020
Epoch: 8, Batch: 20, Acc: 29.22%, Loss: 2.5236
Epoch: 8, Batch: 30, Acc: 30.10%, Loss: 2.4777
Epoch: 8, Batch: 40, Acc: 30.47%, Loss: 2.4639
Epoch: 8, Batch: 50, Acc: 30.19%, Loss: 2.4661
Epoch: 8, Batch: 60, Acc: 30.55%, Loss: 2.4747
Epoch: 8, Batch: 70, Acc: 30.49%, Loss: 2.4958
Epoch: 8, Batch: 80, Acc: 30.41%, Loss: 2.4864
Epoch: 8, Batch: 90, Acc: 30.14%, Loss: 2.4983
Epoch: 8, Batch: 100, Acc: 29.97%, Loss: 2.4880
Epoch: 8, Batch: 110, Acc: 29.96%, Loss: 2.4977
Epoch: 8, Batch: 120, Acc: 30.05%, Loss: 2.4983
Epoch: 8, Batch: 130, Acc: 30.06%, Loss: 2.5102
Epoch: 8, Batch: 140, Acc: 29.88%, Loss: 2.5686
Epoch: 8, Batch: 150, Acc: 30.01%, Loss: 2.4399
Epoch: 8, Batch: 160, Acc: 30.18%, Loss: 2.4337
Epoch: 8, Batch: 170, Acc: 30.08%, Loss: 2.5137
Epoch: 8, Batch: 180, Acc: 30.22%, Loss: 2.4884
Epoch: 8, Batch: 190, Acc: 30.45%, Loss: 2.4141
Epoch: 8, Batch: 200, Acc: 30.57%, Loss: 2.4322
Epoch: 8, Batch: 210, Acc: 30.62%, Loss: 2.4594
Epoch: 8, Batch: 220, Acc: 30.62%, Loss: 2.4833
Epoch: 8, Batch: 230, Acc: 30.65%, Loss: 2.4362
Epoch: 8, Batch: 240, Acc: 30.50%, Loss: 2.5075
Epoch: 8, Batch: 250, Acc: 30.33%, Loss: 2.4901
Accuracy on test set: 25.76%
Epoch: 9, Batch: 10, Acc: 30.78%, Loss: 2.4595
Epoch: 9, Batch: 20, Acc: 30.55%, Loss: 2.4633
Epoch: 9, Batch: 30, Acc: 31.61%, Loss: 2.3925
Epoch: 9, Batch: 40, Acc: 31.48%, Loss: 2.4667
Epoch: 9, Batch: 50, Acc: 30.94%, Loss: 2.4455
Epoch: 9, Batch: 60, Acc: 31.09%, Loss: 2.3978
Epoch: 9, Batch: 70, Acc: 30.92%, Loss: 2.4580
Epoch: 9, Batch: 80, Acc: 30.84%, Loss: 2.4551
Epoch: 9, Batch: 90, Acc: 30.69%, Loss: 2.4753
Epoch: 9, Batch: 100, Acc: 31.22%, Loss: 2.3511
Epoch: 9, Batch: 110, Acc: 31.25%, Loss: 2.4251
Epoch: 9, Batch: 120, Acc: 31.20%, Loss: 2.4512
Epoch: 9, Batch: 130, Acc: 31.38%, Loss: 2.4120
Epoch: 9, Batch: 140, Acc: 31.48%, Loss: 2.3814
Epoch: 9, Batch: 150, Acc: 31.47%, Loss: 2.4183
Epoch: 9, Batch: 160, Acc: 31.48%, Loss: 2.4237
Epoch: 9, Batch: 170, Acc: 31.54%, Loss: 2.4248
Epoch: 9, Batch: 180, Acc: 31.32%, Loss: 2.4977
Epoch: 9, Batch: 190, Acc: 31.30%, Loss: 2.4555
Epoch: 9, Batch: 200, Acc: 31.25%, Loss: 2.4528
Epoch: 9, Batch: 210, Acc: 31.36%, Loss: 2.3801
Epoch: 9, Batch: 220, Acc: 31.34%, Loss: 2.4112
Epoch: 9, Batch: 230, Acc: 31.39%, Loss: 2.3940
Epoch: 9, Batch: 240, Acc: 31.43%, Loss: 2.4283
Epoch: 9, Batch: 250, Acc: 31.42%, Loss: 2.4164
Accuracy on test set: 28.29%
Epoch: 10, Batch: 10, Acc: 33.59%, Loss: 2.3561
Epoch: 10, Batch: 20, Acc: 33.20%, Loss: 2.4052
Epoch: 10, Batch: 30, Acc: 32.50%, Loss: 2.4628
Epoch: 10, Batch: 40, Acc: 32.97%, Loss: 2.3748
Epoch: 10, Batch: 50, Acc: 33.59%, Loss: 2.3049
Epoch: 10, Batch: 60, Acc: 33.41%, Loss: 2.3964
Epoch: 10, Batch: 70, Acc: 33.53%, Loss: 2.3851
Epoch: 10, Batch: 80, Acc: 32.99%, Loss: 2.3990
Epoch: 10, Batch: 90, Acc: 32.88%, Loss: 2.3994
Epoch: 10, Batch: 100, Acc: 33.08%, Loss: 2.3609
Epoch: 10, Batch: 110, Acc: 33.21%, Loss: 2.3534
Epoch: 10, Batch: 120, Acc: 32.96%, Loss: 2.4238
Epoch: 10, Batch: 130, Acc: 32.79%, Loss: 2.4151
Epoch: 10, Batch: 140, Acc: 32.92%, Loss: 2.3691
Epoch: 10, Batch: 150, Acc: 32.98%, Loss: 2.3847
Epoch: 10, Batch: 160, Acc: 33.08%, Loss: 2.3899
Epoch: 10, Batch: 170, Acc: 32.99%, Loss: 2.3892
Epoch: 10, Batch: 180, Acc: 33.06%, Loss: 2.3452
Epoch: 10, Batch: 190, Acc: 33.18%, Loss: 2.3232
Epoch: 10, Batch: 200, Acc: 33.33%, Loss: 2.3456
Epoch: 10, Batch: 210, Acc: 33.18%, Loss: 2.4245
Epoch: 10, Batch: 220, Acc: 33.10%, Loss: 2.3920
Epoch: 10, Batch: 230, Acc: 33.11%, Loss: 2.3702
Epoch: 10, Batch: 240, Acc: 33.28%, Loss: 2.3465
Epoch: 10, Batch: 250, Acc: 33.36%, Loss: 2.3604
Accuracy on test set: 29.55%
  [Run 3 | eps=0.1 | quid | none | GPU 0] Training Time: 6180.63s  Best Acc: 29.55%

  [Run 3 | eps=0.1 | quid | none | GPU 0] Evaluating final model on clean test data...
  Accuracy    : 0.2955
  Loss        : 2.3529
  Precision   : 0.4112
  Recall      : 0.3137
  F1          : 0.3559
  Fpr         : 0.0321
  Fnr         : 0.6863
  Roc_auc     : 0.8917
  Pr_auc      : 0.4572
  Asr         : 56.2733
Metrics saved to eps0.1/qmlp-az-quid-run3-layer50_quid_eps0.1_quid_none.csv
  [Run 3 | eps=0.1 | quid | none | GPU 0] Done. Saved → eps0.1/qmlp-az-quid-run3-layer50-noiseless-Amplitude_eps0.1_quid_none.pt

====================================================================
 [Run 3 | eps=0.1 | quid | q-detection | GPU 1]
====================================================================
  [Run 3 | eps=0.1 | quid | q-detection | GPU 1] Stratified subset: 16100 samples (700 per class max, from 184342 total)
  [QUID] Computing density matrices for 1610 poisoned samples ...
  [QUID] Density matrices done in 2.1s
  [QUID] Assigning adversarial labels ...
  [QUID] Label assignment done in 84.8s
  [QUID] Labels changed: 1610/1610
  [Run 3 | eps=0.1 | quid | q-detection | GPU 1] Poisoned: 1610/16100
  [Run 3 | eps=0.1 | quid | q-detection | GPU 1] J matrix: 16100x16100 (2074 MB)
Epoch: 1, Batch: 10, Acc: 5.16%, Loss: 3.1169
Epoch: 1, Batch: 20, Acc: 5.23%, Loss: 3.1356
Epoch: 1, Batch: 30, Acc: 5.42%, Loss: 3.1083
Epoch: 1, Batch: 40, Acc: 5.20%, Loss: 3.1153
Epoch: 1, Batch: 50, Acc: 5.56%, Loss: 3.0991
Epoch: 1, Batch: 60, Acc: 5.68%, Loss: 3.1053
Epoch: 1, Batch: 70, Acc: 5.49%, Loss: 3.0874
Epoch: 1, Batch: 80, Acc: 5.84%, Loss: 3.0763
Epoch: 1, Batch: 90, Acc: 6.15%, Loss: 3.0888
Epoch: 1, Batch: 100, Acc: 6.89%, Loss: 3.0503
Epoch: 1, Batch: 110, Acc: 7.26%, Loss: 3.0434
Epoch: 1, Batch: 120, Acc: 7.40%, Loss: 3.0714
Epoch: 1, Batch: 130, Acc: 7.60%, Loss: 3.0452
Epoch: 1, Batch: 140, Acc: 7.63%, Loss: 3.0246
Epoch: 1, Batch: 150, Acc: 7.73%, Loss: 3.0194
Epoch: 1, Batch: 160, Acc: 7.90%, Loss: 3.0265
Epoch: 1, Batch: 170, Acc: 8.12%, Loss: 3.0023
Epoch: 1, Batch: 180, Acc: 8.18%, Loss: 3.0170
Epoch: 1, Batch: 190, Acc: 8.26%, Loss: 2.9911
Epoch: 1, Batch: 200, Acc: 8.38%, Loss: 2.9522
Epoch: 1, Batch: 210, Acc: 8.52%, Loss: 2.9205
Epoch: 1, Batch: 220, Acc: 8.58%, Loss: 2.9412
Epoch: 1, Batch: 230, Acc: 8.63%, Loss: 2.9317
Epoch: 1, Batch: 240, Acc: 8.63%, Loss: 2.9743
Epoch: 1, Batch: 250, Acc: 8.73%, Loss: 2.9431
Accuracy on test set: 12.17%
Epoch: 2, Batch: 10, Acc: 11.56%, Loss: 2.9174
Epoch: 2, Batch: 20, Acc: 11.17%, Loss: 2.9759
Epoch: 2, Batch: 30, Acc: 11.56%, Loss: 2.9648
Epoch: 2, Batch: 40, Acc: 11.91%, Loss: 2.9034
Epoch: 2, Batch: 50, Acc: 11.81%, Loss: 2.9324
Epoch: 2, Batch: 60, Acc: 11.90%, Loss: 2.9088
Epoch: 2, Batch: 70, Acc: 12.03%, Loss: 2.8927
Epoch: 2, Batch: 80, Acc: 12.36%, Loss: 2.8370
Epoch: 2, Batch: 90, Acc: 12.81%, Loss: 2.8362
Epoch: 2, Batch: 100, Acc: 13.20%, Loss: 2.8833
Epoch: 2, Batch: 110, Acc: 13.39%, Loss: 2.8535
Epoch: 2, Batch: 120, Acc: 13.93%, Loss: 2.8909
Epoch: 2, Batch: 130, Acc: 13.98%, Loss: 2.9141
Epoch: 2, Batch: 140, Acc: 14.24%, Loss: 2.9103
Epoch: 2, Batch: 150, Acc: 14.61%, Loss: 2.8713
Epoch: 2, Batch: 160, Acc: 14.77%, Loss: 2.8274
Epoch: 2, Batch: 170, Acc: 14.99%, Loss: 2.8726
Epoch: 2, Batch: 180, Acc: 15.21%, Loss: 2.7969
Epoch: 2, Batch: 190, Acc: 15.42%, Loss: 2.8397
Epoch: 2, Batch: 200, Acc: 15.70%, Loss: 2.8497
Epoch: 2, Batch: 210, Acc: 15.95%, Loss: 2.8125
Epoch: 2, Batch: 220, Acc: 16.18%, Loss: 2.8046
Epoch: 2, Batch: 230, Acc: 16.36%, Loss: 2.7894
Epoch: 2, Batch: 240, Acc: 16.62%, Loss: 2.7763
Epoch: 2, Batch: 250, Acc: 16.79%, Loss: 2.8184
Accuracy on test set: 14.56%
Epoch: 3, Batch: 10, Acc: 20.78%, Loss: 2.8356
Epoch: 3, Batch: 20, Acc: 20.31%, Loss: 2.8586
Epoch: 3, Batch: 30, Acc: 20.42%, Loss: 2.7903
Epoch: 3, Batch: 40, Acc: 20.51%, Loss: 2.8178
Epoch: 3, Batch: 50, Acc: 21.22%, Loss: 2.7462
Epoch: 3, Batch: 60, Acc: 21.48%, Loss: 2.8554
Epoch: 3, Batch: 70, Acc: 21.65%, Loss: 2.7751
Epoch: 3, Batch: 80, Acc: 21.60%, Loss: 2.7798
Epoch: 3, Batch: 90, Acc: 21.67%, Loss: 2.8415
Epoch: 3, Batch: 100, Acc: 21.62%, Loss: 2.7655
Epoch: 3, Batch: 110, Acc: 21.56%, Loss: 2.7610
Epoch: 3, Batch: 120, Acc: 21.68%, Loss: 2.8647
Epoch: 3, Batch: 130, Acc: 21.73%, Loss: 2.8235
Epoch: 3, Batch: 140, Acc: 21.60%, Loss: 2.7991
Epoch: 3, Batch: 150, Acc: 21.62%, Loss: 2.7905
Epoch: 3, Batch: 160, Acc: 21.42%, Loss: 2.8472
Epoch: 3, Batch: 170, Acc: 21.64%, Loss: 2.7150
Epoch: 3, Batch: 180, Acc: 21.80%, Loss: 2.7852
Epoch: 3, Batch: 190, Acc: 21.75%, Loss: 2.7320
Epoch: 3, Batch: 200, Acc: 21.84%, Loss: 2.8134
Epoch: 3, Batch: 210, Acc: 21.90%, Loss: 2.7350
Epoch: 3, Batch: 220, Acc: 21.95%, Loss: 2.6975
Epoch: 3, Batch: 230, Acc: 21.96%, Loss: 2.8256
Epoch: 3, Batch: 240, Acc: 22.04%, Loss: 2.7363
Epoch: 3, Batch: 250, Acc: 21.96%, Loss: 2.7556
Accuracy on test set: 15.36%
Epoch: 4, Batch: 10, Acc: 21.09%, Loss: 2.7045
Epoch: 4, Batch: 20, Acc: 20.62%, Loss: 2.8533
Epoch: 4, Batch: 30, Acc: 22.14%, Loss: 2.8426
Epoch: 4, Batch: 40, Acc: 22.07%, Loss: 2.6948
Epoch: 4, Batch: 50, Acc: 22.44%, Loss: 2.7871
Epoch: 4, Batch: 60, Acc: 22.06%, Loss: 2.7243
Epoch: 4, Batch: 70, Acc: 21.96%, Loss: 2.8281
Epoch: 4, Batch: 80, Acc: 21.95%, Loss: 2.8010
Epoch: 4, Batch: 90, Acc: 22.08%, Loss: 2.7870
Epoch: 4, Batch: 100, Acc: 22.41%, Loss: 2.6955
Epoch: 4, Batch: 110, Acc: 22.22%, Loss: 2.7636
Epoch: 4, Batch: 120, Acc: 22.27%, Loss: 2.7181
Epoch: 4, Batch: 130, Acc: 22.04%, Loss: 2.7160
Epoch: 4, Batch: 140, Acc: 22.05%, Loss: 2.6785
Epoch: 4, Batch: 150, Acc: 21.98%, Loss: 2.6983
Epoch: 4, Batch: 160, Acc: 21.97%, Loss: 2.7505
Epoch: 4, Batch: 170, Acc: 22.03%, Loss: 2.7473
Epoch: 4, Batch: 180, Acc: 22.14%, Loss: 2.6980
Epoch: 4, Batch: 190, Acc: 22.06%, Loss: 2.7721
Epoch: 4, Batch: 200, Acc: 22.11%, Loss: 2.7090
Epoch: 4, Batch: 210, Acc: 22.14%, Loss: 2.6695
Epoch: 4, Batch: 220, Acc: 22.13%, Loss: 2.6536
Epoch: 4, Batch: 230, Acc: 22.00%, Loss: 2.7995
Epoch: 4, Batch: 240, Acc: 21.95%, Loss: 2.6628
Epoch: 4, Batch: 250, Acc: 21.88%, Loss: 2.7846
Accuracy on test set: 15.89%
Epoch: 5, Batch: 10, Acc: 18.59%, Loss: 2.8106
Epoch: 5, Batch: 20, Acc: 20.39%, Loss: 2.7653
Epoch: 5, Batch: 30, Acc: 20.78%, Loss: 2.6514
Epoch: 5, Batch: 40, Acc: 21.95%, Loss: 2.8050
Epoch: 5, Batch: 50, Acc: 21.47%, Loss: 2.7680
Epoch: 5, Batch: 60, Acc: 21.48%, Loss: 2.6405
Epoch: 5, Batch: 70, Acc: 21.76%, Loss: 2.5605
Epoch: 5, Batch: 80, Acc: 21.62%, Loss: 2.7037
Epoch: 5, Batch: 90, Acc: 22.10%, Loss: 2.7203
Epoch: 5, Batch: 100, Acc: 22.02%, Loss: 2.6474
Epoch: 5, Batch: 110, Acc: 22.23%, Loss: 2.7490
Epoch: 5, Batch: 120, Acc: 22.28%, Loss: 2.5635
Epoch: 5, Batch: 130, Acc: 22.32%, Loss: 2.7647
Epoch: 5, Batch: 140, Acc: 22.38%, Loss: 2.7418
Epoch: 5, Batch: 150, Acc: 22.49%, Loss: 2.6175
Epoch: 5, Batch: 160, Acc: 22.58%, Loss: 2.7160
Epoch: 5, Batch: 170, Acc: 22.57%, Loss: 2.7111
Epoch: 5, Batch: 180, Acc: 22.60%, Loss: 2.6529
Epoch: 5, Batch: 190, Acc: 22.78%, Loss: 2.6458
Epoch: 5, Batch: 200, Acc: 22.89%, Loss: 2.6941
Epoch: 5, Batch: 210, Acc: 22.89%, Loss: 2.7233
Epoch: 5, Batch: 220, Acc: 22.93%, Loss: 2.6586
Epoch: 5, Batch: 230, Acc: 23.00%, Loss: 2.7046
Epoch: 5, Batch: 240, Acc: 23.09%, Loss: 2.6114
Epoch: 5, Batch: 250, Acc: 23.02%, Loss: 2.6809
Accuracy on test set: 18.02%
Epoch: 6, Batch: 10, Acc: 23.12%, Loss: 2.7114
Epoch: 6, Batch: 20, Acc: 23.12%, Loss: 2.4675
Epoch: 6, Batch: 30, Acc: 23.59%, Loss: 2.5175
Epoch: 6, Batch: 40, Acc: 23.48%, Loss: 2.6995
Epoch: 6, Batch: 50, Acc: 23.66%, Loss: 2.7489
Epoch: 6, Batch: 60, Acc: 24.35%, Loss: 2.8100
Epoch: 6, Batch: 70, Acc: 23.97%, Loss: 2.7766
Epoch: 6, Batch: 80, Acc: 23.50%, Loss: 2.6964
Epoch: 6, Batch: 90, Acc: 23.63%, Loss: 2.6001
Epoch: 6, Batch: 100, Acc: 23.67%, Loss: 2.6361
Epoch: 6, Batch: 110, Acc: 23.81%, Loss: 2.5746
Epoch: 6, Batch: 120, Acc: 23.98%, Loss: 2.6697
Epoch: 6, Batch: 130, Acc: 24.07%, Loss: 2.7287
Epoch: 6, Batch: 140, Acc: 24.07%, Loss: 2.7082
Epoch: 6, Batch: 150, Acc: 24.12%, Loss: 2.5606
Epoch: 6, Batch: 160, Acc: 24.00%, Loss: 2.6954
Epoch: 6, Batch: 170, Acc: 24.22%, Loss: 2.7024
Epoch: 6, Batch: 180, Acc: 24.25%, Loss: 2.5857
Epoch: 6, Batch: 190, Acc: 24.19%, Loss: 2.6129
Epoch: 6, Batch: 200, Acc: 24.28%, Loss: 2.5886
Epoch: 6, Batch: 210, Acc: 24.30%, Loss: 2.6228
Epoch: 6, Batch: 220, Acc: 24.32%, Loss: 2.7067
Epoch: 6, Batch: 230, Acc: 24.36%, Loss: 2.6221
Epoch: 6, Batch: 240, Acc: 24.30%, Loss: 2.7299
Epoch: 6, Batch: 250, Acc: 24.21%, Loss: 2.6637
Accuracy on test set: 19.24%
Epoch: 7, Batch: 10, Acc: 26.56%, Loss: 2.5764
Epoch: 7, Batch: 20, Acc: 26.56%, Loss: 2.7164
Epoch: 7, Batch: 30, Acc: 25.73%, Loss: 2.7502
Epoch: 7, Batch: 40, Acc: 25.94%, Loss: 2.6498
Epoch: 7, Batch: 50, Acc: 25.38%, Loss: 2.6258
Epoch: 7, Batch: 60, Acc: 25.36%, Loss: 2.5907
Epoch: 7, Batch: 70, Acc: 25.31%, Loss: 2.6439
Epoch: 7, Batch: 80, Acc: 25.45%, Loss: 2.6929
Epoch: 7, Batch: 90, Acc: 25.26%, Loss: 2.6195
Epoch: 7, Batch: 100, Acc: 25.28%, Loss: 2.5404
Epoch: 7, Batch: 110, Acc: 25.21%, Loss: 2.8065
Epoch: 7, Batch: 120, Acc: 24.84%, Loss: 2.8139
Epoch: 7, Batch: 130, Acc: 24.80%, Loss: 2.8562
Epoch: 7, Batch: 140, Acc: 24.91%, Loss: 2.3396
Epoch: 7, Batch: 150, Acc: 24.70%, Loss: 2.7920
Epoch: 7, Batch: 160, Acc: 24.62%, Loss: 2.5555
Epoch: 7, Batch: 170, Acc: 24.55%, Loss: 2.8032
Epoch: 7, Batch: 180, Acc: 24.54%, Loss: 2.7353
Epoch: 7, Batch: 190, Acc: 24.51%, Loss: 2.7701
Epoch: 7, Batch: 200, Acc: 24.56%, Loss: 2.7659
Epoch: 7, Batch: 210, Acc: 24.52%, Loss: 2.7303
Epoch: 7, Batch: 220, Acc: 24.52%, Loss: 2.8329
Epoch: 7, Batch: 230, Acc: 24.67%, Loss: 2.5722
Epoch: 7, Batch: 240, Acc: 24.83%, Loss: 2.5982
Epoch: 7, Batch: 250, Acc: 24.98%, Loss: 2.7695
Accuracy on test set: 21.18%
Epoch: 8, Batch: 10, Acc: 25.16%, Loss: 2.6671
Epoch: 8, Batch: 20, Acc: 24.84%, Loss: 2.5475
Epoch: 8, Batch: 30, Acc: 25.68%, Loss: 2.5292
Epoch: 8, Batch: 40, Acc: 26.33%, Loss: 2.4574
Epoch: 8, Batch: 50, Acc: 26.34%, Loss: 2.6663
Epoch: 8, Batch: 60, Acc: 26.54%, Loss: 2.4311
Epoch: 8, Batch: 70, Acc: 26.50%, Loss: 2.6025
Epoch: 8, Batch: 80, Acc: 26.58%, Loss: 2.6399
Epoch: 8, Batch: 90, Acc: 26.41%, Loss: 2.6777
Epoch: 8, Batch: 100, Acc: 26.27%, Loss: 2.7047
Epoch: 8, Batch: 110, Acc: 26.32%, Loss: 2.7249
Epoch: 8, Batch: 120, Acc: 26.38%, Loss: 2.7506
Epoch: 8, Batch: 130, Acc: 26.41%, Loss: 2.5751
Epoch: 8, Batch: 140, Acc: 26.17%, Loss: 2.6607
Epoch: 8, Batch: 150, Acc: 26.40%, Loss: 2.5986
Epoch: 8, Batch: 160, Acc: 26.55%, Loss: 2.6013
Epoch: 8, Batch: 170, Acc: 26.48%, Loss: 2.6467
Epoch: 8, Batch: 180, Acc: 26.50%, Loss: 2.5903
Epoch: 8, Batch: 190, Acc: 26.65%, Loss: 2.5063
Epoch: 8, Batch: 200, Acc: 26.85%, Loss: 2.5441
Epoch: 8, Batch: 210, Acc: 26.88%, Loss: 2.5162
Epoch: 8, Batch: 220, Acc: 26.84%, Loss: 2.8060
Epoch: 8, Batch: 230, Acc: 26.96%, Loss: 2.3429
Epoch: 8, Batch: 240, Acc: 26.94%, Loss: 2.6065
Epoch: 8, Batch: 250, Acc: 26.84%, Loss: 2.7843
Accuracy on test set: 23.18%
Epoch: 9, Batch: 10, Acc: 27.19%, Loss: 2.6246
Epoch: 9, Batch: 20, Acc: 26.33%, Loss: 2.4703
Epoch: 9, Batch: 30, Acc: 28.49%, Loss: 2.5526
Epoch: 9, Batch: 40, Acc: 28.40%, Loss: 2.6479
Epoch: 9, Batch: 50, Acc: 28.16%, Loss: 2.5522
Epoch: 9, Batch: 60, Acc: 28.12%, Loss: 2.2211
Epoch: 9, Batch: 70, Acc: 27.75%, Loss: 2.4957
Epoch: 9, Batch: 80, Acc: 27.60%, Loss: 2.5772
Epoch: 9, Batch: 90, Acc: 27.48%, Loss: 2.5408
Epoch: 9, Batch: 100, Acc: 27.86%, Loss: 2.7137
Epoch: 9, Batch: 110, Acc: 27.91%, Loss: 2.6363
Epoch: 9, Batch: 120, Acc: 28.01%, Loss: 2.6387
Epoch: 9, Batch: 130, Acc: 28.29%, Loss: 2.5724
Epoch: 9, Batch: 140, Acc: 28.45%, Loss: 2.4798
Epoch: 9, Batch: 150, Acc: 28.41%, Loss: 2.4943
Epoch: 9, Batch: 160, Acc: 28.44%, Loss: 2.6150
Epoch: 9, Batch: 170, Acc: 28.48%, Loss: 2.7600
Epoch: 9, Batch: 180, Acc: 28.37%, Loss: 2.7519
Epoch: 9, Batch: 190, Acc: 28.36%, Loss: 2.8077
Epoch: 9, Batch: 200, Acc: 28.32%, Loss: 2.5162
Epoch: 9, Batch: 210, Acc: 28.44%, Loss: 2.4937
Epoch: 9, Batch: 220, Acc: 28.49%, Loss: 2.5786
Epoch: 9, Batch: 230, Acc: 28.59%, Loss: 2.5240
Epoch: 9, Batch: 240, Acc: 28.64%, Loss: 2.3089
Epoch: 9, Batch: 250, Acc: 28.61%, Loss: 2.4067
Accuracy on test set: 25.09%
Epoch: 10, Batch: 10, Acc: 29.84%, Loss: 2.7332
Epoch: 10, Batch: 20, Acc: 30.00%, Loss: 2.5333
Epoch: 10, Batch: 30, Acc: 29.11%, Loss: 2.6932
Epoch: 10, Batch: 40, Acc: 29.49%, Loss: 2.4894
Epoch: 10, Batch: 50, Acc: 30.12%, Loss: 2.5793
Epoch: 10, Batch: 60, Acc: 30.08%, Loss: 2.8859
Epoch: 10, Batch: 70, Acc: 30.18%, Loss: 2.7744
Epoch: 10, Batch: 80, Acc: 29.77%, Loss: 2.5146
Epoch: 10, Batch: 90, Acc: 29.60%, Loss: 2.4698
Epoch: 10, Batch: 100, Acc: 29.80%, Loss: 2.6357
Epoch: 10, Batch: 110, Acc: 29.83%, Loss: 2.6175
Epoch: 10, Batch: 120, Acc: 29.53%, Loss: 2.6066
Epoch: 10, Batch: 130, Acc: 29.46%, Loss: 2.6292
Epoch: 10, Batch: 140, Acc: 29.69%, Loss: 2.5338
Epoch: 10, Batch: 150, Acc: 29.71%, Loss: 2.3748
Epoch: 10, Batch: 160, Acc: 29.80%, Loss: 2.7713
Epoch: 10, Batch: 170, Acc: 29.78%, Loss: 2.7685
Epoch: 10, Batch: 180, Acc: 29.81%, Loss: 2.6185
Epoch: 10, Batch: 190, Acc: 29.98%, Loss: 2.7164
Epoch: 10, Batch: 200, Acc: 30.10%, Loss: 2.8045
Epoch: 10, Batch: 210, Acc: 30.11%, Loss: 2.7750
Epoch: 10, Batch: 220, Acc: 30.13%, Loss: 2.5189
Epoch: 10, Batch: 230, Acc: 30.17%, Loss: 2.6177
Epoch: 10, Batch: 240, Acc: 30.24%, Loss: 2.5709
Epoch: 10, Batch: 250, Acc: 30.37%, Loss: 2.6554
Accuracy on test set: 27.77%
  [Run 3 | eps=0.1 | quid | q-detection | GPU 1] Training Time: 12811.55s  Best Acc: 27.77%

  [Run 3 | eps=0.1 | quid | q-detection | GPU 1] Evaluating final model on clean test data...
  Accuracy    : 0.2777
  Loss        : 2.4696
  Precision   : 0.5488
  Recall      : 0.2887
  F1          : 0.3784
  Fpr         : 0.0330
  Fnr         : 0.7113
  Roc_auc     : 0.8872
  Pr_auc      : 0.4514
  Asr         : 60.1242
Metrics saved to eps0.1/qmlp-az-quid-run3-layer50_quid_eps0.1_quid_qdetection.csv
  [Run 3 | eps=0.1 | quid | q-detection | GPU 1] Done. Saved → eps0.1/qmlp-az-quid-run3-layer50-noiseless-Amplitude_eps0.1_quid_qdetection.pt

====================================================================
 [Run 3 | eps=0.1 | random | none | GPU 0]
====================================================================
  [Run 3 | eps=0.1 | random | none | GPU 0] Stratified subset: 16100 samples (700 per class max, from 184342 total)
  [Run 3 | eps=0.1 | random | none | GPU 0] Poisoned: 1610/16100
Epoch: 1, Batch: 10, Acc: 4.69%, Loss: 3.1463
Epoch: 1, Batch: 20, Acc: 5.39%, Loss: 3.1490
Epoch: 1, Batch: 30, Acc: 5.83%, Loss: 3.1366
Epoch: 1, Batch: 40, Acc: 5.86%, Loss: 3.1317
Epoch: 1, Batch: 50, Acc: 6.41%, Loss: 3.1129
Epoch: 1, Batch: 60, Acc: 6.46%, Loss: 3.1227
Epoch: 1, Batch: 70, Acc: 6.45%, Loss: 3.1095
Epoch: 1, Batch: 80, Acc: 6.99%, Loss: 3.0996
Epoch: 1, Batch: 90, Acc: 7.43%, Loss: 3.0929
Epoch: 1, Batch: 100, Acc: 8.14%, Loss: 3.0819
Epoch: 1, Batch: 110, Acc: 8.42%, Loss: 3.0890
Epoch: 1, Batch: 120, Acc: 8.68%, Loss: 3.0931
Epoch: 1, Batch: 130, Acc: 8.77%, Loss: 3.0853
Epoch: 1, Batch: 140, Acc: 8.86%, Loss: 3.0789
Epoch: 1, Batch: 150, Acc: 9.10%, Loss: 3.0735
Epoch: 1, Batch: 160, Acc: 9.46%, Loss: 3.0607
Epoch: 1, Batch: 170, Acc: 9.90%, Loss: 3.0561
Epoch: 1, Batch: 180, Acc: 10.24%, Loss: 3.0674
Epoch: 1, Batch: 190, Acc: 10.49%, Loss: 3.0554
Epoch: 1, Batch: 200, Acc: 10.82%, Loss: 3.0300
Epoch: 1, Batch: 210, Acc: 11.03%, Loss: 3.0292
Epoch: 1, Batch: 220, Acc: 11.37%, Loss: 3.0263
Epoch: 1, Batch: 230, Acc: 11.64%, Loss: 3.0233
Epoch: 1, Batch: 240, Acc: 11.69%, Loss: 3.0531
Epoch: 1, Batch: 250, Acc: 11.98%, Loss: 3.0285
Accuracy on test set: 20.77%
Epoch: 2, Batch: 10, Acc: 18.28%, Loss: 3.0104
Epoch: 2, Batch: 20, Acc: 18.91%, Loss: 3.0293
Epoch: 2, Batch: 30, Acc: 18.54%, Loss: 3.0200
Epoch: 2, Batch: 40, Acc: 18.59%, Loss: 2.9836
Epoch: 2, Batch: 50, Acc: 18.09%, Loss: 3.0100
Epoch: 2, Batch: 60, Acc: 18.39%, Loss: 3.0026
Epoch: 2, Batch: 70, Acc: 18.79%, Loss: 2.9925
Epoch: 2, Batch: 80, Acc: 19.30%, Loss: 2.9537
Epoch: 2, Batch: 90, Acc: 19.27%, Loss: 2.9908
Epoch: 2, Batch: 100, Acc: 19.97%, Loss: 2.9516
Epoch: 2, Batch: 110, Acc: 20.18%, Loss: 2.9789
Epoch: 2, Batch: 120, Acc: 20.69%, Loss: 2.9696
Epoch: 2, Batch: 130, Acc: 20.91%, Loss: 2.9977
Epoch: 2, Batch: 140, Acc: 21.08%, Loss: 2.9801
Epoch: 2, Batch: 150, Acc: 21.47%, Loss: 2.9729
Epoch: 2, Batch: 160, Acc: 21.81%, Loss: 2.9252
Epoch: 2, Batch: 170, Acc: 22.17%, Loss: 2.9436
Epoch: 2, Batch: 180, Acc: 22.50%, Loss: 2.9261
Epoch: 2, Batch: 190, Acc: 22.74%, Loss: 2.9366
Epoch: 2, Batch: 200, Acc: 23.31%, Loss: 2.9275
Epoch: 2, Batch: 210, Acc: 23.61%, Loss: 2.9110
Epoch: 2, Batch: 220, Acc: 23.84%, Loss: 2.9491
Epoch: 2, Batch: 230, Acc: 24.18%, Loss: 2.8953
Epoch: 2, Batch: 240, Acc: 24.44%, Loss: 2.8907
Epoch: 2, Batch: 250, Acc: 24.65%, Loss: 2.9018
Accuracy on test set: 32.55%
Epoch: 3, Batch: 10, Acc: 30.62%, Loss: 2.9193
Epoch: 3, Batch: 20, Acc: 29.38%, Loss: 2.9251
Epoch: 3, Batch: 30, Acc: 29.69%, Loss: 2.8907
Epoch: 3, Batch: 40, Acc: 30.27%, Loss: 2.9066
Epoch: 3, Batch: 50, Acc: 30.66%, Loss: 2.8571
Epoch: 3, Batch: 60, Acc: 30.89%, Loss: 2.8647
Epoch: 3, Batch: 70, Acc: 30.80%, Loss: 2.8856
Epoch: 3, Batch: 80, Acc: 30.82%, Loss: 2.8778
Epoch: 3, Batch: 90, Acc: 30.75%, Loss: 2.8818
Epoch: 3, Batch: 100, Acc: 31.12%, Loss: 2.8524
Epoch: 3, Batch: 110, Acc: 31.16%, Loss: 2.8683
Epoch: 3, Batch: 120, Acc: 31.43%, Loss: 2.8759
Epoch: 3, Batch: 130, Acc: 31.36%, Loss: 2.8910
Epoch: 3, Batch: 140, Acc: 31.34%, Loss: 2.8758
Epoch: 3, Batch: 150, Acc: 31.28%, Loss: 2.8646
Epoch: 3, Batch: 160, Acc: 31.15%, Loss: 2.8677
Epoch: 3, Batch: 170, Acc: 31.33%, Loss: 2.8172
Epoch: 3, Batch: 180, Acc: 31.52%, Loss: 2.8119
Epoch: 3, Batch: 190, Acc: 31.65%, Loss: 2.8478
Epoch: 3, Batch: 200, Acc: 31.90%, Loss: 2.7955
Epoch: 3, Batch: 210, Acc: 32.01%, Loss: 2.8145
Epoch: 3, Batch: 220, Acc: 32.07%, Loss: 2.8089
Epoch: 3, Batch: 230, Acc: 32.18%, Loss: 2.8373
Epoch: 3, Batch: 240, Acc: 32.24%, Loss: 2.8135
Epoch: 3, Batch: 250, Acc: 32.14%, Loss: 2.8574
Accuracy on test set: 37.23%
Epoch: 4, Batch: 10, Acc: 29.22%, Loss: 2.8695
Epoch: 4, Batch: 20, Acc: 31.72%, Loss: 2.8100
Epoch: 4, Batch: 30, Acc: 33.23%, Loss: 2.7724
Epoch: 4, Batch: 40, Acc: 33.63%, Loss: 2.8030
Epoch: 4, Batch: 50, Acc: 33.53%, Loss: 2.8012
Epoch: 4, Batch: 60, Acc: 33.91%, Loss: 2.7991
Epoch: 4, Batch: 70, Acc: 34.17%, Loss: 2.8179
Epoch: 4, Batch: 80, Acc: 34.41%, Loss: 2.7969
Epoch: 4, Batch: 90, Acc: 34.74%, Loss: 2.7517
Epoch: 4, Batch: 100, Acc: 35.28%, Loss: 2.7074
Epoch: 4, Batch: 110, Acc: 35.17%, Loss: 2.7617
Epoch: 4, Batch: 120, Acc: 35.25%, Loss: 2.7312
Epoch: 4, Batch: 130, Acc: 35.20%, Loss: 2.7811
Epoch: 4, Batch: 140, Acc: 35.17%, Loss: 2.7693
Epoch: 4, Batch: 150, Acc: 35.21%, Loss: 2.7769
Epoch: 4, Batch: 160, Acc: 35.44%, Loss: 2.7970
Epoch: 4, Batch: 170, Acc: 35.51%, Loss: 2.7557
Epoch: 4, Batch: 180, Acc: 35.61%, Loss: 2.7310
Epoch: 4, Batch: 190, Acc: 35.87%, Loss: 2.7583
Epoch: 4, Batch: 200, Acc: 35.86%, Loss: 2.7738
Epoch: 4, Batch: 210, Acc: 35.82%, Loss: 2.7552
Epoch: 4, Batch: 220, Acc: 36.02%, Loss: 2.7021
Epoch: 4, Batch: 230, Acc: 35.97%, Loss: 2.7726
Epoch: 4, Batch: 240, Acc: 35.96%, Loss: 2.7296
Epoch: 4, Batch: 250, Acc: 35.92%, Loss: 2.7558
Accuracy on test set: 40.28%
Epoch: 5, Batch: 10, Acc: 36.72%, Loss: 2.7928
Epoch: 5, Batch: 20, Acc: 35.70%, Loss: 2.7333
Epoch: 5, Batch: 30, Acc: 35.62%, Loss: 2.7077
Epoch: 5, Batch: 40, Acc: 36.52%, Loss: 2.6782
Epoch: 5, Batch: 50, Acc: 36.44%, Loss: 2.7463
Epoch: 5, Batch: 60, Acc: 37.01%, Loss: 2.6922
Epoch: 5, Batch: 70, Acc: 37.14%, Loss: 2.6761
Epoch: 5, Batch: 80, Acc: 36.88%, Loss: 2.7159
Epoch: 5, Batch: 90, Acc: 37.20%, Loss: 2.6862
Epoch: 5, Batch: 100, Acc: 37.44%, Loss: 2.6974
Epoch: 5, Batch: 110, Acc: 37.66%, Loss: 2.6649
Epoch: 5, Batch: 120, Acc: 37.75%, Loss: 2.6917
Epoch: 5, Batch: 130, Acc: 37.70%, Loss: 2.7047
Epoch: 5, Batch: 140, Acc: 37.79%, Loss: 2.7085
Epoch: 5, Batch: 150, Acc: 37.82%, Loss: 2.7070
Epoch: 5, Batch: 160, Acc: 37.81%, Loss: 2.6939
Epoch: 5, Batch: 170, Acc: 37.82%, Loss: 2.7129
Epoch: 5, Batch: 180, Acc: 37.78%, Loss: 2.6663
Epoch: 5, Batch: 190, Acc: 37.83%, Loss: 2.6933
Epoch: 5, Batch: 200, Acc: 37.77%, Loss: 2.6877
Epoch: 5, Batch: 210, Acc: 37.78%, Loss: 2.6682
Epoch: 5, Batch: 220, Acc: 37.69%, Loss: 2.6973
Epoch: 5, Batch: 230, Acc: 37.68%, Loss: 2.6630
Epoch: 5, Batch: 240, Acc: 37.67%, Loss: 2.6443
Epoch: 5, Batch: 250, Acc: 37.80%, Loss: 2.6334
Accuracy on test set: 40.86%
Epoch: 6, Batch: 10, Acc: 37.81%, Loss: 2.6478
Epoch: 6, Batch: 20, Acc: 38.12%, Loss: 2.6477
Epoch: 6, Batch: 30, Acc: 38.33%, Loss: 2.6231
Epoch: 6, Batch: 40, Acc: 38.83%, Loss: 2.6517
Epoch: 6, Batch: 50, Acc: 39.16%, Loss: 2.6193
Epoch: 6, Batch: 60, Acc: 38.57%, Loss: 2.6259
Epoch: 6, Batch: 70, Acc: 38.53%, Loss: 2.6693
Epoch: 6, Batch: 80, Acc: 38.18%, Loss: 2.6497
Epoch: 6, Batch: 90, Acc: 38.54%, Loss: 2.6192
Epoch: 6, Batch: 100, Acc: 39.05%, Loss: 2.5896
Epoch: 6, Batch: 110, Acc: 39.02%, Loss: 2.6261
Epoch: 6, Batch: 120, Acc: 38.88%, Loss: 2.6375
Epoch: 6, Batch: 130, Acc: 38.71%, Loss: 2.6587
Epoch: 6, Batch: 140, Acc: 38.40%, Loss: 2.7073
Epoch: 6, Batch: 150, Acc: 38.47%, Loss: 2.5981
Epoch: 6, Batch: 160, Acc: 38.36%, Loss: 2.6593
Epoch: 6, Batch: 170, Acc: 38.41%, Loss: 2.6025
Epoch: 6, Batch: 180, Acc: 38.59%, Loss: 2.5743
Epoch: 6, Batch: 190, Acc: 38.70%, Loss: 2.6177
Epoch: 6, Batch: 200, Acc: 38.82%, Loss: 2.5901
Epoch: 6, Batch: 210, Acc: 38.89%, Loss: 2.5893
Epoch: 6, Batch: 220, Acc: 38.85%, Loss: 2.6210
Epoch: 6, Batch: 230, Acc: 38.89%, Loss: 2.5615
Epoch: 6, Batch: 240, Acc: 38.82%, Loss: 2.6031
Epoch: 6, Batch: 250, Acc: 38.70%, Loss: 2.6528
Accuracy on test set: 42.33%
Epoch: 7, Batch: 10, Acc: 38.91%, Loss: 2.5705
Epoch: 7, Batch: 20, Acc: 39.45%, Loss: 2.5665
Epoch: 7, Batch: 30, Acc: 38.96%, Loss: 2.5665
Epoch: 7, Batch: 40, Acc: 39.30%, Loss: 2.5809
Epoch: 7, Batch: 50, Acc: 38.84%, Loss: 2.6048
Epoch: 7, Batch: 60, Acc: 39.09%, Loss: 2.6103
Epoch: 7, Batch: 70, Acc: 39.08%, Loss: 2.5744
Epoch: 7, Batch: 80, Acc: 39.36%, Loss: 2.5665
Epoch: 7, Batch: 90, Acc: 39.27%, Loss: 2.5657
Epoch: 7, Batch: 100, Acc: 39.50%, Loss: 2.5205
Epoch: 7, Batch: 110, Acc: 39.56%, Loss: 2.5568
Epoch: 7, Batch: 120, Acc: 39.39%, Loss: 2.6111
Epoch: 7, Batch: 130, Acc: 39.53%, Loss: 2.5657
Epoch: 7, Batch: 140, Acc: 39.44%, Loss: 2.5787
Epoch: 7, Batch: 150, Acc: 39.33%, Loss: 2.5718
Epoch: 7, Batch: 160, Acc: 39.39%, Loss: 2.5618
Epoch: 7, Batch: 170, Acc: 39.33%, Loss: 2.5795
Epoch: 7, Batch: 180, Acc: 39.28%, Loss: 2.5448
Epoch: 7, Batch: 190, Acc: 39.30%, Loss: 2.5721
Epoch: 7, Batch: 200, Acc: 39.40%, Loss: 2.5354
Epoch: 7, Batch: 210, Acc: 39.29%, Loss: 2.5964
Epoch: 7, Batch: 220, Acc: 39.24%, Loss: 2.6079
Epoch: 7, Batch: 230, Acc: 39.39%, Loss: 2.5032
Epoch: 7, Batch: 240, Acc: 39.61%, Loss: 2.4882
Epoch: 7, Batch: 250, Acc: 39.72%, Loss: 2.4909
Accuracy on test set: 42.76%
Epoch: 8, Batch: 10, Acc: 43.28%, Loss: 2.5157
Epoch: 8, Batch: 20, Acc: 41.25%, Loss: 2.5440
Epoch: 8, Batch: 30, Acc: 42.19%, Loss: 2.5113
Epoch: 8, Batch: 40, Acc: 42.34%, Loss: 2.4590
Epoch: 8, Batch: 50, Acc: 41.72%, Loss: 2.5044
Epoch: 8, Batch: 60, Acc: 41.38%, Loss: 2.5150
Epoch: 8, Batch: 70, Acc: 40.98%, Loss: 2.5467
Epoch: 8, Batch: 80, Acc: 41.02%, Loss: 2.5153
Epoch: 8, Batch: 90, Acc: 40.62%, Loss: 2.5549
Epoch: 8, Batch: 100, Acc: 40.47%, Loss: 2.5182
Epoch: 8, Batch: 110, Acc: 40.33%, Loss: 2.5274
Epoch: 8, Batch: 120, Acc: 40.40%, Loss: 2.5353
Epoch: 8, Batch: 130, Acc: 40.22%, Loss: 2.5216
Epoch: 8, Batch: 140, Acc: 39.94%, Loss: 2.5663
Epoch: 8, Batch: 150, Acc: 39.94%, Loss: 2.4851
Epoch: 8, Batch: 160, Acc: 39.97%, Loss: 2.4626
Epoch: 8, Batch: 170, Acc: 39.98%, Loss: 2.5080
Epoch: 8, Batch: 180, Acc: 39.93%, Loss: 2.5301
Epoch: 8, Batch: 190, Acc: 40.11%, Loss: 2.4446
Epoch: 8, Batch: 200, Acc: 40.16%, Loss: 2.4814
Epoch: 8, Batch: 210, Acc: 40.10%, Loss: 2.4781
Epoch: 8, Batch: 220, Acc: 40.09%, Loss: 2.4979
Epoch: 8, Batch: 230, Acc: 40.21%, Loss: 2.4646
Epoch: 8, Batch: 240, Acc: 40.24%, Loss: 2.4889
Epoch: 8, Batch: 250, Acc: 40.12%, Loss: 2.5407
Accuracy on test set: 43.85%
Epoch: 9, Batch: 10, Acc: 40.31%, Loss: 2.5146
Epoch: 9, Batch: 20, Acc: 41.17%, Loss: 2.5034
Epoch: 9, Batch: 30, Acc: 40.94%, Loss: 2.4812
Epoch: 9, Batch: 40, Acc: 41.80%, Loss: 2.4308
Epoch: 9, Batch: 50, Acc: 41.22%, Loss: 2.5168
Epoch: 9, Batch: 60, Acc: 41.09%, Loss: 2.4709
Epoch: 9, Batch: 70, Acc: 41.14%, Loss: 2.4839
Epoch: 9, Batch: 80, Acc: 40.96%, Loss: 2.4753
Epoch: 9, Batch: 90, Acc: 40.92%, Loss: 2.5079
Epoch: 9, Batch: 100, Acc: 41.19%, Loss: 2.4110
Epoch: 9, Batch: 110, Acc: 41.25%, Loss: 2.3976
Epoch: 9, Batch: 120, Acc: 41.02%, Loss: 2.4841
Epoch: 9, Batch: 130, Acc: 40.93%, Loss: 2.4056
Epoch: 9, Batch: 140, Acc: 40.92%, Loss: 2.4401
Epoch: 9, Batch: 150, Acc: 40.86%, Loss: 2.5011
Epoch: 9, Batch: 160, Acc: 40.82%, Loss: 2.4581
Epoch: 9, Batch: 170, Acc: 40.94%, Loss: 2.4460
Epoch: 9, Batch: 180, Acc: 40.78%, Loss: 2.4947
Epoch: 9, Batch: 190, Acc: 40.64%, Loss: 2.4882
Epoch: 9, Batch: 200, Acc: 40.59%, Loss: 2.4960
Epoch: 9, Batch: 210, Acc: 40.76%, Loss: 2.3964
Epoch: 9, Batch: 220, Acc: 40.77%, Loss: 2.4402
Epoch: 9, Batch: 230, Acc: 40.76%, Loss: 2.4223
Epoch: 9, Batch: 240, Acc: 40.96%, Loss: 2.4039
Epoch: 9, Batch: 250, Acc: 41.02%, Loss: 2.4060
Accuracy on test set: 44.54%
Epoch: 10, Batch: 10, Acc: 43.75%, Loss: 2.3957
Epoch: 10, Batch: 20, Acc: 42.89%, Loss: 2.4486
Epoch: 10, Batch: 30, Acc: 40.78%, Loss: 2.4655
Epoch: 10, Batch: 40, Acc: 40.43%, Loss: 2.4388
Epoch: 10, Batch: 50, Acc: 40.81%, Loss: 2.3542
Epoch: 10, Batch: 60, Acc: 40.78%, Loss: 2.4374
Epoch: 10, Batch: 70, Acc: 40.89%, Loss: 2.4144
Epoch: 10, Batch: 80, Acc: 40.86%, Loss: 2.4183
Epoch: 10, Batch: 90, Acc: 40.99%, Loss: 2.3992
Epoch: 10, Batch: 100, Acc: 41.28%, Loss: 2.3965
Epoch: 10, Batch: 110, Acc: 41.56%, Loss: 2.3751
Epoch: 10, Batch: 120, Acc: 41.52%, Loss: 2.3930
Epoch: 10, Batch: 130, Acc: 41.69%, Loss: 2.4306
Epoch: 10, Batch: 140, Acc: 41.85%, Loss: 2.4135
Epoch: 10, Batch: 150, Acc: 41.79%, Loss: 2.3965
Epoch: 10, Batch: 160, Acc: 41.89%, Loss: 2.4044
Epoch: 10, Batch: 170, Acc: 41.70%, Loss: 2.4467
Epoch: 10, Batch: 180, Acc: 41.61%, Loss: 2.4449
Epoch: 10, Batch: 190, Acc: 41.73%, Loss: 2.3821
Epoch: 10, Batch: 200, Acc: 41.68%, Loss: 2.4069
Epoch: 10, Batch: 210, Acc: 41.57%, Loss: 2.4748
Epoch: 10, Batch: 220, Acc: 41.44%, Loss: 2.3966
Epoch: 10, Batch: 230, Acc: 41.58%, Loss: 2.3894
Epoch: 10, Batch: 240, Acc: 41.65%, Loss: 2.3759
Epoch: 10, Batch: 250, Acc: 41.63%, Loss: 2.4005
Accuracy on test set: 45.00%
  [Run 3 | eps=0.1 | random | none | GPU 0] Training Time: 6130.92s  Best Acc: 45.00%

  [Run 3 | eps=0.1 | random | none | GPU 0] Evaluating final model on clean test data...
  Accuracy    : 0.4500
  Loss        : 2.2832
  Precision   : 0.3925
  Recall      : 0.4609
  F1          : 0.4240
  Fpr         : 0.0250
  Fnr         : 0.5391
  Roc_auc     : 0.8920
  Pr_auc      : 0.4547
  Asr         : 3.3540
Metrics saved to eps0.1/qmlp-az-quid-run3-layer50_quid_eps0.1_random_none.csv
  [Run 3 | eps=0.1 | random | none | GPU 0] Done. Saved → eps0.1/qmlp-az-quid-run3-layer50-noiseless-Amplitude_eps0.1_random_none.pt

====================================================================
 [Run 3 | eps=0.1 | random | q-detection | GPU 1]
====================================================================
  [Run 3 | eps=0.1 | random | q-detection | GPU 1] Stratified subset: 16100 samples (700 per class max, from 184342 total)
  [Run 3 | eps=0.1 | random | q-detection | GPU 1] Poisoned: 1610/16100
  [Run 3 | eps=0.1 | random | q-detection | GPU 1] J matrix: 16100x16100 (2074 MB)
Epoch: 1, Batch: 10, Acc: 5.31%, Loss: 3.1095
Epoch: 1, Batch: 20, Acc: 5.62%, Loss: 3.1212
Epoch: 1, Batch: 30, Acc: 5.83%, Loss: 3.1008
Epoch: 1, Batch: 40, Acc: 5.66%, Loss: 3.0935
Epoch: 1, Batch: 50, Acc: 6.19%, Loss: 3.0862
Epoch: 1, Batch: 60, Acc: 6.17%, Loss: 3.0915
Epoch: 1, Batch: 70, Acc: 6.12%, Loss: 3.0798
Epoch: 1, Batch: 80, Acc: 6.45%, Loss: 3.0668
Epoch: 1, Batch: 90, Acc: 6.65%, Loss: 3.0629
Epoch: 1, Batch: 100, Acc: 7.31%, Loss: 3.0501
Epoch: 1, Batch: 110, Acc: 7.66%, Loss: 3.0635
Epoch: 1, Batch: 120, Acc: 7.93%, Loss: 3.0655
Epoch: 1, Batch: 130, Acc: 8.04%, Loss: 3.0590
Epoch: 1, Batch: 140, Acc: 8.16%, Loss: 3.0387
Epoch: 1, Batch: 150, Acc: 8.23%, Loss: 3.0379
Epoch: 1, Batch: 160, Acc: 8.45%, Loss: 3.0215
Epoch: 1, Batch: 170, Acc: 8.76%, Loss: 2.9950
Epoch: 1, Batch: 180, Acc: 8.95%, Loss: 3.0292
Epoch: 1, Batch: 190, Acc: 9.06%, Loss: 3.0034
Epoch: 1, Batch: 200, Acc: 9.23%, Loss: 2.9579
Epoch: 1, Batch: 210, Acc: 9.39%, Loss: 2.9511
Epoch: 1, Batch: 220, Acc: 9.55%, Loss: 2.9486
Epoch: 1, Batch: 230, Acc: 9.60%, Loss: 2.9377
Epoch: 1, Batch: 240, Acc: 9.66%, Loss: 2.9923
Epoch: 1, Batch: 250, Acc: 9.81%, Loss: 2.9473
Accuracy on test set: 13.37%
Epoch: 2, Batch: 10, Acc: 11.56%, Loss: 2.9274
Epoch: 2, Batch: 20, Acc: 12.97%, Loss: 2.9596
Epoch: 2, Batch: 30, Acc: 13.80%, Loss: 2.9474
Epoch: 2, Batch: 40, Acc: 14.14%, Loss: 2.8697
Epoch: 2, Batch: 50, Acc: 13.78%, Loss: 2.9240
Epoch: 2, Batch: 60, Acc: 14.04%, Loss: 2.9176
Epoch: 2, Batch: 70, Acc: 13.88%, Loss: 2.9161
Epoch: 2, Batch: 80, Acc: 14.28%, Loss: 2.8441
Epoch: 2, Batch: 90, Acc: 14.27%, Loss: 2.8776
Epoch: 2, Batch: 100, Acc: 14.67%, Loss: 2.8862
Epoch: 2, Batch: 110, Acc: 14.79%, Loss: 2.8892
Epoch: 2, Batch: 120, Acc: 15.18%, Loss: 2.9374
Epoch: 2, Batch: 130, Acc: 15.36%, Loss: 2.9513
Epoch: 2, Batch: 140, Acc: 15.39%, Loss: 2.8955
Epoch: 2, Batch: 150, Acc: 15.77%, Loss: 2.9094
Epoch: 2, Batch: 160, Acc: 16.04%, Loss: 2.8211
Epoch: 2, Batch: 170, Acc: 16.30%, Loss: 2.8391
Epoch: 2, Batch: 180, Acc: 16.51%, Loss: 2.8286
Epoch: 2, Batch: 190, Acc: 16.78%, Loss: 2.8354
Epoch: 2, Batch: 200, Acc: 17.09%, Loss: 2.8738
Epoch: 2, Batch: 210, Acc: 17.33%, Loss: 2.8045
Epoch: 2, Batch: 220, Acc: 17.49%, Loss: 2.8752
Epoch: 2, Batch: 230, Acc: 17.72%, Loss: 2.7880
Epoch: 2, Batch: 240, Acc: 17.87%, Loss: 2.7819
Epoch: 2, Batch: 250, Acc: 17.97%, Loss: 2.8019
Accuracy on test set: 22.06%
Epoch: 3, Batch: 10, Acc: 20.47%, Loss: 2.8609
Epoch: 3, Batch: 20, Acc: 19.30%, Loss: 2.9261
Epoch: 3, Batch: 30, Acc: 20.42%, Loss: 2.8270
Epoch: 3, Batch: 40, Acc: 20.86%, Loss: 2.8597
Epoch: 3, Batch: 50, Acc: 20.97%, Loss: 2.7483
Epoch: 3, Batch: 60, Acc: 21.46%, Loss: 2.7513
Epoch: 3, Batch: 70, Acc: 21.14%, Loss: 2.8388
Epoch: 3, Batch: 80, Acc: 21.15%, Loss: 2.8115
Epoch: 3, Batch: 90, Acc: 21.22%, Loss: 2.8120
Epoch: 3, Batch: 100, Acc: 21.41%, Loss: 2.8163
Epoch: 3, Batch: 110, Acc: 21.39%, Loss: 2.8010
Epoch: 3, Batch: 120, Acc: 21.46%, Loss: 2.8269
Epoch: 3, Batch: 130, Acc: 21.44%, Loss: 2.8877
Epoch: 3, Batch: 140, Acc: 21.43%, Loss: 2.7930
Epoch: 3, Batch: 150, Acc: 21.44%, Loss: 2.7718
Epoch: 3, Batch: 160, Acc: 21.39%, Loss: 2.7973
Epoch: 3, Batch: 170, Acc: 21.59%, Loss: 2.7448
Epoch: 3, Batch: 180, Acc: 21.80%, Loss: 2.7588
Epoch: 3, Batch: 190, Acc: 21.92%, Loss: 2.8230
Epoch: 3, Batch: 200, Acc: 22.16%, Loss: 2.6982
Epoch: 3, Batch: 210, Acc: 22.30%, Loss: 2.7740
Epoch: 3, Batch: 220, Acc: 22.51%, Loss: 2.7428
Epoch: 3, Batch: 230, Acc: 22.62%, Loss: 2.7367
Epoch: 3, Batch: 240, Acc: 22.70%, Loss: 2.7174
Epoch: 3, Batch: 250, Acc: 22.70%, Loss: 2.8004
Accuracy on test set: 26.67%
Epoch: 4, Batch: 10, Acc: 21.09%, Loss: 2.8740
Epoch: 4, Batch: 20, Acc: 22.42%, Loss: 2.7988
Epoch: 4, Batch: 30, Acc: 24.11%, Loss: 2.6907
Epoch: 4, Batch: 40, Acc: 25.00%, Loss: 2.6780
Epoch: 4, Batch: 50, Acc: 24.84%, Loss: 2.7109
Epoch: 4, Batch: 60, Acc: 24.97%, Loss: 2.7791
Epoch: 4, Batch: 70, Acc: 24.87%, Loss: 2.7760
Epoch: 4, Batch: 80, Acc: 24.86%, Loss: 2.7821
Epoch: 4, Batch: 90, Acc: 25.10%, Loss: 2.7889
Epoch: 4, Batch: 100, Acc: 25.80%, Loss: 2.7204
Epoch: 4, Batch: 110, Acc: 25.89%, Loss: 2.6372
Epoch: 4, Batch: 120, Acc: 26.08%, Loss: 2.6613
Epoch: 4, Batch: 130, Acc: 26.23%, Loss: 2.7997
Epoch: 4, Batch: 140, Acc: 26.19%, Loss: 2.6859
Epoch: 4, Batch: 150, Acc: 26.32%, Loss: 2.7649
Epoch: 4, Batch: 160, Acc: 26.43%, Loss: 2.7698
Epoch: 4, Batch: 170, Acc: 26.63%, Loss: 2.7257
Epoch: 4, Batch: 180, Acc: 26.81%, Loss: 2.7660
Epoch: 4, Batch: 190, Acc: 26.88%, Loss: 2.7019
Epoch: 4, Batch: 200, Acc: 26.88%, Loss: 2.7178
Epoch: 4, Batch: 210, Acc: 26.99%, Loss: 2.7585
Epoch: 4, Batch: 220, Acc: 27.23%, Loss: 2.7709
Epoch: 4, Batch: 230, Acc: 27.21%, Loss: 2.7017
Epoch: 4, Batch: 240, Acc: 27.27%, Loss: 2.6775
Epoch: 4, Batch: 250, Acc: 27.31%, Loss: 2.7252
Accuracy on test set: 31.47%
Epoch: 5, Batch: 10, Acc: 28.91%, Loss: 2.8906
Epoch: 5, Batch: 20, Acc: 28.75%, Loss: 2.6287
Epoch: 5, Batch: 30, Acc: 29.43%, Loss: 2.6512
Epoch: 5, Batch: 40, Acc: 29.61%, Loss: 2.7470
Epoch: 5, Batch: 50, Acc: 29.31%, Loss: 2.7057
Epoch: 5, Batch: 60, Acc: 29.58%, Loss: 2.8065
Epoch: 5, Batch: 70, Acc: 29.60%, Loss: 2.5943
Epoch: 5, Batch: 80, Acc: 29.12%, Loss: 2.6439
Epoch: 5, Batch: 90, Acc: 29.24%, Loss: 2.7490
Epoch: 5, Batch: 100, Acc: 29.30%, Loss: 2.6861
Epoch: 5, Batch: 110, Acc: 29.52%, Loss: 2.7163
Epoch: 5, Batch: 120, Acc: 29.39%, Loss: 2.5554
Epoch: 5, Batch: 130, Acc: 29.45%, Loss: 2.7406
Epoch: 5, Batch: 140, Acc: 29.51%, Loss: 2.6736
Epoch: 5, Batch: 150, Acc: 29.54%, Loss: 2.6820
Epoch: 5, Batch: 160, Acc: 29.57%, Loss: 2.7656
Epoch: 5, Batch: 170, Acc: 29.65%, Loss: 2.7406
Epoch: 5, Batch: 180, Acc: 29.77%, Loss: 2.6599
Epoch: 5, Batch: 190, Acc: 29.79%, Loss: 2.8124
Epoch: 5, Batch: 200, Acc: 29.82%, Loss: 2.6894
Epoch: 5, Batch: 210, Acc: 29.86%, Loss: 2.5943
Epoch: 5, Batch: 220, Acc: 29.87%, Loss: 2.6701
Epoch: 5, Batch: 230, Acc: 29.82%, Loss: 2.6570
Epoch: 5, Batch: 240, Acc: 29.86%, Loss: 2.5255
Epoch: 5, Batch: 250, Acc: 29.88%, Loss: 2.6883
Accuracy on test set: 32.61%
Epoch: 6, Batch: 10, Acc: 29.38%, Loss: 2.6972
Epoch: 6, Batch: 20, Acc: 29.92%, Loss: 2.7300
Epoch: 6, Batch: 30, Acc: 30.62%, Loss: 2.5922
Epoch: 6, Batch: 40, Acc: 30.55%, Loss: 2.7095
Epoch: 6, Batch: 50, Acc: 31.03%, Loss: 2.5941
Epoch: 6, Batch: 60, Acc: 30.78%, Loss: 2.8496
Epoch: 6, Batch: 70, Acc: 30.62%, Loss: 2.8502
Epoch: 6, Batch: 80, Acc: 30.31%, Loss: 2.7317
Epoch: 6, Batch: 90, Acc: 30.83%, Loss: 2.5996
Epoch: 6, Batch: 100, Acc: 31.23%, Loss: 2.6340
Epoch: 6, Batch: 110, Acc: 31.32%, Loss: 2.6789
Epoch: 6, Batch: 120, Acc: 31.29%, Loss: 2.8194
Epoch: 6, Batch: 130, Acc: 31.41%, Loss: 2.6892
Epoch: 6, Batch: 140, Acc: 31.18%, Loss: 2.7750
Epoch: 6, Batch: 150, Acc: 31.49%, Loss: 2.7428
Epoch: 6, Batch: 160, Acc: 31.46%, Loss: 2.7547
Epoch: 6, Batch: 170, Acc: 31.59%, Loss: 2.6518
Epoch: 6, Batch: 180, Acc: 31.74%, Loss: 2.7333
Epoch: 6, Batch: 190, Acc: 31.94%, Loss: 2.7023
Epoch: 6, Batch: 200, Acc: 32.10%, Loss: 2.6478
Epoch: 6, Batch: 210, Acc: 32.17%, Loss: 2.7126
Epoch: 6, Batch: 220, Acc: 32.27%, Loss: 2.7897
Epoch: 6, Batch: 230, Acc: 32.42%, Loss: 2.6471
Epoch: 6, Batch: 240, Acc: 32.42%, Loss: 2.7528
Epoch: 6, Batch: 250, Acc: 32.33%, Loss: 2.7285
Accuracy on test set: 36.36%
Epoch: 7, Batch: 10, Acc: 34.38%, Loss: 2.5548
Epoch: 7, Batch: 20, Acc: 34.84%, Loss: 2.8504
Epoch: 7, Batch: 30, Acc: 35.36%, Loss: 2.6234
Epoch: 7, Batch: 40, Acc: 35.00%, Loss: 2.6810
Epoch: 7, Batch: 50, Acc: 34.94%, Loss: 2.8096
Epoch: 7, Batch: 60, Acc: 34.92%, Loss: 2.8432
Epoch: 7, Batch: 70, Acc: 35.27%, Loss: 2.6440
Epoch: 7, Batch: 80, Acc: 35.51%, Loss: 2.9099
Epoch: 7, Batch: 90, Acc: 35.59%, Loss: 2.6837
Epoch: 7, Batch: 100, Acc: 35.92%, Loss: 2.7154
Epoch: 7, Batch: 110, Acc: 36.04%, Loss: 2.5991
Epoch: 7, Batch: 120, Acc: 35.87%, Loss: 2.7116
Epoch: 7, Batch: 130, Acc: 36.12%, Loss: 2.6562
Epoch: 7, Batch: 140, Acc: 35.94%, Loss: 2.6235
Epoch: 7, Batch: 150, Acc: 35.81%, Loss: 2.6308
Epoch: 7, Batch: 160, Acc: 35.96%, Loss: 2.7801
Epoch: 7, Batch: 170, Acc: 35.90%, Loss: 2.7678
Epoch: 7, Batch: 180, Acc: 35.91%, Loss: 2.6328
Epoch: 7, Batch: 190, Acc: 35.87%, Loss: 2.5917
Epoch: 7, Batch: 200, Acc: 35.80%, Loss: 2.5881
Epoch: 7, Batch: 210, Acc: 35.66%, Loss: 2.8332
Epoch: 7, Batch: 220, Acc: 35.49%, Loss: 2.7375
Epoch: 7, Batch: 230, Acc: 35.62%, Loss: 2.6704
Epoch: 7, Batch: 240, Acc: 35.81%, Loss: 2.6482
Epoch: 7, Batch: 250, Acc: 35.96%, Loss: 2.3083
Accuracy on test set: 38.65%
Epoch: 8, Batch: 10, Acc: 36.25%, Loss: 2.8251
Epoch: 8, Batch: 20, Acc: 36.09%, Loss: 2.7560
Epoch: 8, Batch: 30, Acc: 35.89%, Loss: 2.7197
Epoch: 8, Batch: 40, Acc: 36.76%, Loss: 2.2448
Epoch: 8, Batch: 50, Acc: 36.91%, Loss: 2.7768
Epoch: 8, Batch: 60, Acc: 36.98%, Loss: 2.7981
Epoch: 8, Batch: 70, Acc: 36.58%, Loss: 2.6548
Epoch: 8, Batch: 80, Acc: 36.70%, Loss: 2.6373
Epoch: 8, Batch: 90, Acc: 36.70%, Loss: 2.8798
Epoch: 8, Batch: 100, Acc: 36.84%, Loss: 2.6206
Epoch: 8, Batch: 110, Acc: 36.78%, Loss: 2.4993
Epoch: 8, Batch: 120, Acc: 36.78%, Loss: 2.6376
Epoch: 8, Batch: 130, Acc: 36.85%, Loss: 2.7732
Epoch: 8, Batch: 140, Acc: 36.80%, Loss: 2.6220
Epoch: 8, Batch: 150, Acc: 36.76%, Loss: 2.6492
Epoch: 8, Batch: 160, Acc: 37.00%, Loss: 2.7936
Epoch: 8, Batch: 170, Acc: 37.03%, Loss: 2.7693
Epoch: 8, Batch: 180, Acc: 36.88%, Loss: 2.6021
Epoch: 8, Batch: 190, Acc: 37.03%, Loss: 2.4714
Epoch: 8, Batch: 200, Acc: 37.14%, Loss: 2.3610
Epoch: 8, Batch: 210, Acc: 37.16%, Loss: 2.8457
Epoch: 8, Batch: 220, Acc: 37.23%, Loss: 2.6913
Epoch: 8, Batch: 230, Acc: 37.40%, Loss: 2.4253
Epoch: 8, Batch: 240, Acc: 37.34%, Loss: 2.6151
Epoch: 8, Batch: 250, Acc: 37.11%, Loss: 2.5998
Accuracy on test set: 39.53%
Epoch: 9, Batch: 10, Acc: 36.09%, Loss: 2.7302
Epoch: 9, Batch: 20, Acc: 37.81%, Loss: 2.7387
Epoch: 9, Batch: 30, Acc: 37.97%, Loss: 2.8348
Epoch: 9, Batch: 40, Acc: 38.79%, Loss: 2.6956
Epoch: 9, Batch: 50, Acc: 38.44%, Loss: 2.9362
Epoch: 9, Batch: 60, Acc: 38.18%, Loss: 2.5479
Epoch: 9, Batch: 70, Acc: 38.26%, Loss: 2.7564
Epoch: 9, Batch: 80, Acc: 38.46%, Loss: 2.6711
Epoch: 9, Batch: 90, Acc: 38.30%, Loss: 2.5880
Epoch: 9, Batch: 100, Acc: 38.56%, Loss: 2.7878
Epoch: 9, Batch: 110, Acc: 38.58%, Loss: 2.7040
Epoch: 9, Batch: 120, Acc: 38.58%, Loss: 2.7057
Epoch: 9, Batch: 130, Acc: 38.55%, Loss: 2.4839
Epoch: 9, Batch: 140, Acc: 38.47%, Loss: 2.8155
Epoch: 9, Batch: 150, Acc: 38.50%, Loss: 2.8950
Epoch: 9, Batch: 160, Acc: 38.67%, Loss: 2.6707
Epoch: 9, Batch: 170, Acc: 38.78%, Loss: 2.3904
Epoch: 9, Batch: 180, Acc: 38.77%, Loss: 2.7022
Epoch: 9, Batch: 190, Acc: 38.79%, Loss: 2.7416
Epoch: 9, Batch: 200, Acc: 38.71%, Loss: 2.6262
Epoch: 9, Batch: 210, Acc: 38.87%, Loss: 2.5458
Epoch: 9, Batch: 220, Acc: 38.87%, Loss: 2.6263
Epoch: 9, Batch: 230, Acc: 38.79%, Loss: 2.7054
Epoch: 9, Batch: 240, Acc: 38.85%, Loss: 2.6223
Epoch: 9, Batch: 250, Acc: 38.93%, Loss: 2.7457
Accuracy on test set: 41.72%
Epoch: 10, Batch: 10, Acc: 40.00%, Loss: 2.4903
Epoch: 10, Batch: 20, Acc: 38.59%, Loss: 2.5566
Epoch: 10, Batch: 30, Acc: 38.18%, Loss: 2.7885
Epoch: 10, Batch: 40, Acc: 37.66%, Loss: 2.4261
Epoch: 10, Batch: 50, Acc: 38.69%, Loss: 2.7882
Epoch: 10, Batch: 60, Acc: 39.01%, Loss: 2.8489
Epoch: 10, Batch: 70, Acc: 39.20%, Loss: 2.7593
Epoch: 10, Batch: 80, Acc: 39.26%, Loss: 2.8732
Epoch: 10, Batch: 90, Acc: 39.48%, Loss: 2.8592
Epoch: 10, Batch: 100, Acc: 39.75%, Loss: 2.5236
Epoch: 10, Batch: 110, Acc: 40.23%, Loss: 2.7173
Epoch: 10, Batch: 120, Acc: 40.21%, Loss: 2.3606
Epoch: 10, Batch: 130, Acc: 40.26%, Loss: 2.7041
Epoch: 10, Batch: 140, Acc: 40.17%, Loss: 2.6565
Epoch: 10, Batch: 150, Acc: 40.17%, Loss: 2.7337
Epoch: 10, Batch: 160, Acc: 40.33%, Loss: 2.5245
Epoch: 10, Batch: 170, Acc: 40.37%, Loss: 2.6344
Epoch: 10, Batch: 180, Acc: 40.20%, Loss: 2.7857
Epoch: 10, Batch: 190, Acc: 40.38%, Loss: 2.6059
Epoch: 10, Batch: 200, Acc: 40.59%, Loss: 2.8628
Epoch: 10, Batch: 210, Acc: 40.45%, Loss: 2.7849
Epoch: 10, Batch: 220, Acc: 40.52%, Loss: 2.7688
Epoch: 10, Batch: 230, Acc: 40.60%, Loss: 2.6972
Epoch: 10, Batch: 240, Acc: 40.72%, Loss: 2.6168
Epoch: 10, Batch: 250, Acc: 40.87%, Loss: 2.7517
Accuracy on test set: 45.72%
  [Run 3 | eps=0.1 | random | q-detection | GPU 1] Training Time: 12735.51s  Best Acc: 45.72%

  [Run 3 | eps=0.1 | random | q-detection | GPU 1] Evaluating final model on clean test data...
  Accuracy    : 0.4572
  Loss        : 2.4383
  Precision   : 0.4156
  Recall      : 0.4710
  F1          : 0.4416
  Fpr         : 0.0247
  Fnr         : 0.5290
  Roc_auc     : 0.8876
  Pr_auc      : 0.4445
  Asr         : 2.2981
Metrics saved to eps0.1/qmlp-az-quid-run3-layer50_quid_eps0.1_random_qdetection.csv
  [Run 3 | eps=0.1 | random | q-detection | GPU 1] Done. Saved → eps0.1/qmlp-az-quid-run3-layer50-noiseless-Amplitude_eps0.1_random_qdetection.pt

====================================================================
 [Run 3 | eps=0.3 | quid | none | GPU 0]
====================================================================
  [Run 3 | eps=0.3 | quid | none | GPU 0] Stratified subset: 16100 samples (700 per class max, from 184342 total)
  [QUID] Computing density matrices for 4830 poisoned samples ...
  [QUID] Density matrices done in 6.5s
  [QUID] Assigning adversarial labels ...
  [QUID] Label assignment done in 261.8s
  [QUID] Labels changed: 4830/4830
  [Run 3 | eps=0.3 | quid | none | GPU 0] Poisoned: 4830/16100
Epoch: 1, Batch: 10, Acc: 4.84%, Loss: 3.1903
Epoch: 1, Batch: 20, Acc: 4.53%, Loss: 3.1975
Epoch: 1, Batch: 30, Acc: 4.79%, Loss: 3.1775
Epoch: 1, Batch: 40, Acc: 4.45%, Loss: 3.1758
Epoch: 1, Batch: 50, Acc: 4.66%, Loss: 3.1546
Epoch: 1, Batch: 60, Acc: 4.82%, Loss: 3.1556
Epoch: 1, Batch: 70, Acc: 4.62%, Loss: 3.1386
Epoch: 1, Batch: 80, Acc: 4.80%, Loss: 3.1257
Epoch: 1, Batch: 90, Acc: 4.97%, Loss: 3.1162
Epoch: 1, Batch: 100, Acc: 5.48%, Loss: 3.1006
Epoch: 1, Batch: 110, Acc: 5.84%, Loss: 3.1007
Epoch: 1, Batch: 120, Acc: 6.03%, Loss: 3.1039
Epoch: 1, Batch: 130, Acc: 6.27%, Loss: 3.0820
Epoch: 1, Batch: 140, Acc: 6.70%, Loss: 3.0743
Epoch: 1, Batch: 150, Acc: 7.31%, Loss: 3.0588
Epoch: 1, Batch: 160, Acc: 8.03%, Loss: 3.0472
Epoch: 1, Batch: 170, Acc: 8.89%, Loss: 3.0369
Epoch: 1, Batch: 180, Acc: 9.71%, Loss: 3.0323
Epoch: 1, Batch: 190, Acc: 10.39%, Loss: 3.0273
Epoch: 1, Batch: 200, Acc: 11.16%, Loss: 3.0034
Epoch: 1, Batch: 210, Acc: 11.88%, Loss: 2.9923
Epoch: 1, Batch: 220, Acc: 12.61%, Loss: 2.9911
Epoch: 1, Batch: 230, Acc: 13.48%, Loss: 2.9650
Epoch: 1, Batch: 240, Acc: 14.15%, Loss: 2.9751
Epoch: 1, Batch: 250, Acc: 14.69%, Loss: 2.9778
Accuracy on test set: 5.02%
Epoch: 2, Batch: 10, Acc: 30.16%, Loss: 2.9418
Epoch: 2, Batch: 20, Acc: 30.78%, Loss: 2.9428
Epoch: 2, Batch: 30, Acc: 30.36%, Loss: 2.9483
Epoch: 2, Batch: 40, Acc: 30.31%, Loss: 2.9191
Epoch: 2, Batch: 50, Acc: 30.50%, Loss: 2.9079
Epoch: 2, Batch: 60, Acc: 30.57%, Loss: 2.9125
Epoch: 2, Batch: 70, Acc: 30.56%, Loss: 2.8964
Epoch: 2, Batch: 80, Acc: 30.82%, Loss: 2.8600
Epoch: 2, Batch: 90, Acc: 30.62%, Loss: 2.8823
Epoch: 2, Batch: 100, Acc: 30.56%, Loss: 2.8586
Epoch: 2, Batch: 110, Acc: 30.60%, Loss: 2.8526
Epoch: 2, Batch: 120, Acc: 30.68%, Loss: 2.8471
Epoch: 2, Batch: 130, Acc: 30.70%, Loss: 2.8629
Epoch: 2, Batch: 140, Acc: 30.49%, Loss: 2.8821
Epoch: 2, Batch: 150, Acc: 30.40%, Loss: 2.8393
Epoch: 2, Batch: 160, Acc: 30.30%, Loss: 2.8308
Epoch: 2, Batch: 170, Acc: 30.34%, Loss: 2.8106
Epoch: 2, Batch: 180, Acc: 30.36%, Loss: 2.8039
Epoch: 2, Batch: 190, Acc: 30.51%, Loss: 2.7931
Epoch: 2, Batch: 200, Acc: 30.66%, Loss: 2.7546
Epoch: 2, Batch: 210, Acc: 30.62%, Loss: 2.8053
Epoch: 2, Batch: 220, Acc: 30.69%, Loss: 2.7753
Epoch: 2, Batch: 230, Acc: 30.84%, Loss: 2.7261
Epoch: 2, Batch: 240, Acc: 30.77%, Loss: 2.7724
Epoch: 2, Batch: 250, Acc: 30.87%, Loss: 2.7384
Accuracy on test set: 4.88%
Epoch: 3, Batch: 10, Acc: 30.78%, Loss: 2.7782
Epoch: 3, Batch: 20, Acc: 31.25%, Loss: 2.7602
Epoch: 3, Batch: 30, Acc: 31.20%, Loss: 2.7618
Epoch: 3, Batch: 40, Acc: 31.48%, Loss: 2.7345
Epoch: 3, Batch: 50, Acc: 31.78%, Loss: 2.6809
Epoch: 3, Batch: 60, Acc: 31.46%, Loss: 2.7469
Epoch: 3, Batch: 70, Acc: 31.96%, Loss: 2.6854
Epoch: 3, Batch: 80, Acc: 31.66%, Loss: 2.7223
Epoch: 3, Batch: 90, Acc: 31.81%, Loss: 2.6971
Epoch: 3, Batch: 100, Acc: 31.75%, Loss: 2.7275
Epoch: 3, Batch: 110, Acc: 31.45%, Loss: 2.7513
Epoch: 3, Batch: 120, Acc: 31.45%, Loss: 2.7123
Epoch: 3, Batch: 130, Acc: 31.32%, Loss: 2.7391
Epoch: 3, Batch: 140, Acc: 31.10%, Loss: 2.7443
Epoch: 3, Batch: 150, Acc: 31.03%, Loss: 2.7350
Epoch: 3, Batch: 160, Acc: 30.71%, Loss: 2.7849
Epoch: 3, Batch: 170, Acc: 30.74%, Loss: 2.6839
Epoch: 3, Batch: 180, Acc: 30.57%, Loss: 2.7078
Epoch: 3, Batch: 190, Acc: 30.73%, Loss: 2.6490
Epoch: 3, Batch: 200, Acc: 30.69%, Loss: 2.7021
Epoch: 3, Batch: 210, Acc: 30.69%, Loss: 2.6694
Epoch: 3, Batch: 220, Acc: 30.88%, Loss: 2.6276
Epoch: 3, Batch: 230, Acc: 30.86%, Loss: 2.7104
Epoch: 3, Batch: 240, Acc: 30.90%, Loss: 2.6454
Epoch: 3, Batch: 250, Acc: 30.89%, Loss: 2.6845
Accuracy on test set: 4.88%
Epoch: 4, Batch: 10, Acc: 31.56%, Loss: 2.6825
Epoch: 4, Batch: 20, Acc: 31.48%, Loss: 2.6786
Epoch: 4, Batch: 30, Acc: 30.42%, Loss: 2.6743
Epoch: 4, Batch: 40, Acc: 31.13%, Loss: 2.6272
Epoch: 4, Batch: 50, Acc: 31.16%, Loss: 2.6406
Epoch: 4, Batch: 60, Acc: 31.56%, Loss: 2.6225
Epoch: 4, Batch: 70, Acc: 31.47%, Loss: 2.6760
Epoch: 4, Batch: 80, Acc: 31.41%, Loss: 2.6649
Epoch: 4, Batch: 90, Acc: 31.58%, Loss: 2.6092
Epoch: 4, Batch: 100, Acc: 31.48%, Loss: 2.6236
Epoch: 4, Batch: 110, Acc: 31.41%, Loss: 2.6222
Epoch: 4, Batch: 120, Acc: 31.35%, Loss: 2.6327
Epoch: 4, Batch: 130, Acc: 31.37%, Loss: 2.6459
Epoch: 4, Batch: 140, Acc: 31.51%, Loss: 2.6018
Epoch: 4, Batch: 150, Acc: 31.36%, Loss: 2.6542
Epoch: 4, Batch: 160, Acc: 31.22%, Loss: 2.6689
Epoch: 4, Batch: 170, Acc: 31.39%, Loss: 2.5693
Epoch: 4, Batch: 180, Acc: 31.48%, Loss: 2.5923
Epoch: 4, Batch: 190, Acc: 31.38%, Loss: 2.6278
Epoch: 4, Batch: 200, Acc: 31.30%, Loss: 2.6489
Epoch: 4, Batch: 210, Acc: 31.30%, Loss: 2.6178
Epoch: 4, Batch: 220, Acc: 31.27%, Loss: 2.6050
Epoch: 4, Batch: 230, Acc: 31.09%, Loss: 2.7011
Epoch: 4, Batch: 240, Acc: 31.01%, Loss: 2.6620
Epoch: 4, Batch: 250, Acc: 31.06%, Loss: 2.6077
Accuracy on test set: 8.40%
Epoch: 5, Batch: 10, Acc: 33.59%, Loss: 2.6345
Epoch: 5, Batch: 20, Acc: 33.59%, Loss: 2.5706
Epoch: 5, Batch: 30, Acc: 32.40%, Loss: 2.6272
Epoch: 5, Batch: 40, Acc: 32.19%, Loss: 2.5928
Epoch: 5, Batch: 50, Acc: 32.00%, Loss: 2.6262
Epoch: 5, Batch: 60, Acc: 32.06%, Loss: 2.5703
Epoch: 5, Batch: 70, Acc: 31.94%, Loss: 2.5905
Epoch: 5, Batch: 80, Acc: 31.54%, Loss: 2.6490
Epoch: 5, Batch: 90, Acc: 31.91%, Loss: 2.5164
Epoch: 5, Batch: 100, Acc: 32.02%, Loss: 2.5721
Epoch: 5, Batch: 110, Acc: 31.92%, Loss: 2.5808
Epoch: 5, Batch: 120, Acc: 31.76%, Loss: 2.6161
Epoch: 5, Batch: 130, Acc: 31.63%, Loss: 2.6224
Epoch: 5, Batch: 140, Acc: 31.84%, Loss: 2.5426
Epoch: 5, Batch: 150, Acc: 31.81%, Loss: 2.5686
Epoch: 5, Batch: 160, Acc: 31.82%, Loss: 2.5695
Epoch: 5, Batch: 170, Acc: 31.76%, Loss: 2.5745
Epoch: 5, Batch: 180, Acc: 31.89%, Loss: 2.5452
Epoch: 5, Batch: 190, Acc: 31.97%, Loss: 2.5430
Epoch: 5, Batch: 200, Acc: 31.98%, Loss: 2.5759
Epoch: 5, Batch: 210, Acc: 31.91%, Loss: 2.6082
Epoch: 5, Batch: 220, Acc: 32.03%, Loss: 2.5479
Epoch: 5, Batch: 230, Acc: 31.98%, Loss: 2.5697
Epoch: 5, Batch: 240, Acc: 31.97%, Loss: 2.5680
Epoch: 5, Batch: 250, Acc: 31.90%, Loss: 2.5733
Accuracy on test set: 8.40%
Epoch: 6, Batch: 10, Acc: 32.81%, Loss: 2.5598
Epoch: 6, Batch: 20, Acc: 32.34%, Loss: 2.5709
Epoch: 6, Batch: 30, Acc: 32.60%, Loss: 2.5091
Epoch: 6, Batch: 40, Acc: 32.11%, Loss: 2.5835
Epoch: 6, Batch: 50, Acc: 31.78%, Loss: 2.5703
Epoch: 6, Batch: 60, Acc: 32.24%, Loss: 2.5026
Epoch: 6, Batch: 70, Acc: 31.90%, Loss: 2.5918
Epoch: 6, Batch: 80, Acc: 31.76%, Loss: 2.5582
Epoch: 6, Batch: 90, Acc: 31.81%, Loss: 2.5428
Epoch: 6, Batch: 100, Acc: 31.72%, Loss: 2.5379
Epoch: 6, Batch: 110, Acc: 31.96%, Loss: 2.4980
Epoch: 6, Batch: 120, Acc: 32.14%, Loss: 2.4975
Epoch: 6, Batch: 130, Acc: 32.28%, Loss: 2.5205
Epoch: 6, Batch: 140, Acc: 32.22%, Loss: 2.5737
Epoch: 6, Batch: 150, Acc: 32.18%, Loss: 2.5312
Epoch: 6, Batch: 160, Acc: 32.08%, Loss: 2.5686
Epoch: 6, Batch: 170, Acc: 32.20%, Loss: 2.4584
Epoch: 6, Batch: 180, Acc: 32.30%, Loss: 2.4767
Epoch: 6, Batch: 190, Acc: 32.23%, Loss: 2.5503
Epoch: 6, Batch: 200, Acc: 32.34%, Loss: 2.4592
Epoch: 6, Batch: 210, Acc: 32.24%, Loss: 2.5014
Epoch: 6, Batch: 220, Acc: 32.32%, Loss: 2.4915
Epoch: 6, Batch: 230, Acc: 32.30%, Loss: 2.5238
Epoch: 6, Batch: 240, Acc: 32.21%, Loss: 2.5311
Epoch: 6, Batch: 250, Acc: 32.14%, Loss: 2.5589
Accuracy on test set: 8.46%
Epoch: 7, Batch: 10, Acc: 35.47%, Loss: 2.4505
Epoch: 7, Batch: 20, Acc: 35.00%, Loss: 2.4570
Epoch: 7, Batch: 30, Acc: 34.01%, Loss: 2.5062
Epoch: 7, Batch: 40, Acc: 34.34%, Loss: 2.4125
Epoch: 7, Batch: 50, Acc: 33.84%, Loss: 2.5148
Epoch: 7, Batch: 60, Acc: 33.41%, Loss: 2.5201
Epoch: 7, Batch: 70, Acc: 32.99%, Loss: 2.5145
Epoch: 7, Batch: 80, Acc: 32.93%, Loss: 2.4741
Epoch: 7, Batch: 90, Acc: 32.85%, Loss: 2.4942
Epoch: 7, Batch: 100, Acc: 32.94%, Loss: 2.4499
Epoch: 7, Batch: 110, Acc: 33.04%, Loss: 2.4669
Epoch: 7, Batch: 120, Acc: 33.03%, Loss: 2.4866
Epoch: 7, Batch: 130, Acc: 32.88%, Loss: 2.5134
Epoch: 7, Batch: 140, Acc: 32.99%, Loss: 2.4640
Epoch: 7, Batch: 150, Acc: 32.86%, Loss: 2.5195
Epoch: 7, Batch: 160, Acc: 32.57%, Loss: 2.5382
Epoch: 7, Batch: 170, Acc: 32.52%, Loss: 2.5275
Epoch: 7, Batch: 180, Acc: 32.58%, Loss: 2.4680
Epoch: 7, Batch: 190, Acc: 32.52%, Loss: 2.4928
Epoch: 7, Batch: 200, Acc: 32.39%, Loss: 2.4870
Epoch: 7, Batch: 210, Acc: 32.32%, Loss: 2.5178
Epoch: 7, Batch: 220, Acc: 32.40%, Loss: 2.4953
Epoch: 7, Batch: 230, Acc: 32.46%, Loss: 2.4322
Epoch: 7, Batch: 240, Acc: 32.55%, Loss: 2.4276
Epoch: 7, Batch: 250, Acc: 32.54%, Loss: 2.4419
Accuracy on test set: 10.85%
Epoch: 8, Batch: 10, Acc: 32.03%, Loss: 2.4689
Epoch: 8, Batch: 20, Acc: 31.80%, Loss: 2.5007
Epoch: 8, Batch: 30, Acc: 31.88%, Loss: 2.4695
Epoch: 8, Batch: 40, Acc: 32.50%, Loss: 2.3792
Epoch: 8, Batch: 50, Acc: 32.34%, Loss: 2.4633
Epoch: 8, Batch: 60, Acc: 32.53%, Loss: 2.4473
Epoch: 8, Batch: 70, Acc: 32.41%, Loss: 2.4621
Epoch: 8, Batch: 80, Acc: 32.23%, Loss: 2.4527
Epoch: 8, Batch: 90, Acc: 32.55%, Loss: 2.4285
Epoch: 8, Batch: 100, Acc: 32.84%, Loss: 2.3958
Epoch: 8, Batch: 110, Acc: 33.14%, Loss: 2.3893
Epoch: 8, Batch: 120, Acc: 33.20%, Loss: 2.4150
Epoch: 8, Batch: 130, Acc: 32.99%, Loss: 2.4868
Epoch: 8, Batch: 140, Acc: 32.90%, Loss: 2.4947
Epoch: 8, Batch: 150, Acc: 32.90%, Loss: 2.4304
Epoch: 8, Batch: 160, Acc: 33.16%, Loss: 2.3736
Epoch: 8, Batch: 170, Acc: 32.98%, Loss: 2.4955
Epoch: 8, Batch: 180, Acc: 33.06%, Loss: 2.4094
Epoch: 8, Batch: 190, Acc: 32.94%, Loss: 2.4402
Epoch: 8, Batch: 200, Acc: 32.99%, Loss: 2.4049
Epoch: 8, Batch: 210, Acc: 33.09%, Loss: 2.3920
Epoch: 8, Batch: 220, Acc: 33.07%, Loss: 2.4387
Epoch: 8, Batch: 230, Acc: 33.03%, Loss: 2.4202
Epoch: 8, Batch: 240, Acc: 32.92%, Loss: 2.4679
Epoch: 8, Batch: 250, Acc: 33.01%, Loss: 2.4117
Accuracy on test set: 11.49%
Epoch: 9, Batch: 10, Acc: 34.38%, Loss: 2.4043
Epoch: 9, Batch: 20, Acc: 31.88%, Loss: 2.5019
Epoch: 9, Batch: 30, Acc: 33.44%, Loss: 2.3234
Epoch: 9, Batch: 40, Acc: 33.05%, Loss: 2.4364
Epoch: 9, Batch: 50, Acc: 32.88%, Loss: 2.4259
Epoch: 9, Batch: 60, Acc: 33.20%, Loss: 2.3589
Epoch: 9, Batch: 70, Acc: 33.30%, Loss: 2.4013
Epoch: 9, Batch: 80, Acc: 33.20%, Loss: 2.4367
Epoch: 9, Batch: 90, Acc: 33.12%, Loss: 2.4422
Epoch: 9, Batch: 100, Acc: 33.09%, Loss: 2.3867
Epoch: 9, Batch: 110, Acc: 33.04%, Loss: 2.3955
Epoch: 9, Batch: 120, Acc: 33.20%, Loss: 2.3931
Epoch: 9, Batch: 130, Acc: 33.40%, Loss: 2.3079
Epoch: 9, Batch: 140, Acc: 33.48%, Loss: 2.3555
Epoch: 9, Batch: 150, Acc: 33.36%, Loss: 2.4075
Epoch: 9, Batch: 160, Acc: 33.43%, Loss: 2.3947
Epoch: 9, Batch: 170, Acc: 33.39%, Loss: 2.4194
Epoch: 9, Batch: 180, Acc: 33.37%, Loss: 2.4156
Epoch: 9, Batch: 190, Acc: 33.24%, Loss: 2.4248
Epoch: 9, Batch: 200, Acc: 33.30%, Loss: 2.3715
Epoch: 9, Batch: 210, Acc: 33.33%, Loss: 2.3726
Epoch: 9, Batch: 220, Acc: 33.35%, Loss: 2.3616
Epoch: 9, Batch: 230, Acc: 33.38%, Loss: 2.3595
Epoch: 9, Batch: 240, Acc: 33.39%, Loss: 2.4039
Epoch: 9, Batch: 250, Acc: 33.42%, Loss: 2.3685
Accuracy on test set: 12.60%
Epoch: 10, Batch: 10, Acc: 33.75%, Loss: 2.3637
Epoch: 10, Batch: 20, Acc: 34.77%, Loss: 2.3503
Epoch: 10, Batch: 30, Acc: 33.18%, Loss: 2.4372
Epoch: 10, Batch: 40, Acc: 34.30%, Loss: 2.3119
Epoch: 10, Batch: 50, Acc: 33.88%, Loss: 2.3471
Epoch: 10, Batch: 60, Acc: 33.41%, Loss: 2.4040
Epoch: 10, Batch: 70, Acc: 33.66%, Loss: 2.3539
Epoch: 10, Batch: 80, Acc: 33.69%, Loss: 2.3403
Epoch: 10, Batch: 90, Acc: 33.54%, Loss: 2.3731
Epoch: 10, Batch: 100, Acc: 33.47%, Loss: 2.3705
Epoch: 10, Batch: 110, Acc: 33.14%, Loss: 2.4197
Epoch: 10, Batch: 120, Acc: 33.14%, Loss: 2.3974
Epoch: 10, Batch: 130, Acc: 33.21%, Loss: 2.3510
Epoch: 10, Batch: 140, Acc: 33.40%, Loss: 2.3283
Epoch: 10, Batch: 150, Acc: 33.45%, Loss: 2.3215
Epoch: 10, Batch: 160, Acc: 33.57%, Loss: 2.3373
Epoch: 10, Batch: 170, Acc: 33.60%, Loss: 2.3584
Epoch: 10, Batch: 180, Acc: 33.55%, Loss: 2.3593
Epoch: 10, Batch: 190, Acc: 33.73%, Loss: 2.3097
Epoch: 10, Batch: 200, Acc: 33.84%, Loss: 2.3108
Epoch: 10, Batch: 210, Acc: 33.81%, Loss: 2.3774
Epoch: 10, Batch: 220, Acc: 33.76%, Loss: 2.3589
Epoch: 10, Batch: 230, Acc: 33.82%, Loss: 2.3393
Epoch: 10, Batch: 240, Acc: 33.72%, Loss: 2.3841
Epoch: 10, Batch: 250, Acc: 33.84%, Loss: 2.2826
Accuracy on test set: 13.38%
  [Run 3 | eps=0.3 | quid | none | GPU 0] Training Time: 6211.48s  Best Acc: 13.38%

  [Run 3 | eps=0.3 | quid | none | GPU 0] Evaluating final model on clean test data...
  Accuracy    : 0.1338
  Loss        : 2.7300
  Precision   : 0.2113
  Recall      : 0.1266
  F1          : 0.1584
  Fpr         : 0.0396
  Fnr         : 0.8734
  Roc_auc     : 0.8622
  Pr_auc      : 0.4146
  Asr         : 85.0725
Metrics saved to eps0.3/qmlp-az-quid-run3-layer50_quid_eps0.3_quid_none.csv
  [Run 3 | eps=0.3 | quid | none | GPU 0] Done. Saved → eps0.3/qmlp-az-quid-run3-layer50-noiseless-Amplitude_eps0.3_quid_none.pt

====================================================================
 [Run 3 | eps=0.3 | quid | q-detection | GPU 1]
====================================================================
  [Run 3 | eps=0.3 | quid | q-detection | GPU 1] Stratified subset: 16100 samples (700 per class max, from 184342 total)
  [QUID] Computing density matrices for 4830 poisoned samples ...
  [QUID] Density matrices done in 6.3s
  [QUID] Assigning adversarial labels ...
  [QUID] Label assignment done in 266.2s
  [QUID] Labels changed: 4830/4830
  [Run 3 | eps=0.3 | quid | q-detection | GPU 1] Poisoned: 4830/16100
  [Run 3 | eps=0.3 | quid | q-detection | GPU 1] J matrix: 16100x16100 (2074 MB)
Epoch: 1, Batch: 10, Acc: 4.84%, Loss: 3.1543
Epoch: 1, Batch: 20, Acc: 4.69%, Loss: 3.1642
Epoch: 1, Batch: 30, Acc: 4.95%, Loss: 3.1461
Epoch: 1, Batch: 40, Acc: 4.53%, Loss: 3.1522
Epoch: 1, Batch: 50, Acc: 4.84%, Loss: 3.1260
Epoch: 1, Batch: 60, Acc: 5.05%, Loss: 3.1304
Epoch: 1, Batch: 70, Acc: 4.93%, Loss: 3.1104
Epoch: 1, Batch: 80, Acc: 5.12%, Loss: 3.0977
Epoch: 1, Batch: 90, Acc: 5.17%, Loss: 3.0945
Epoch: 1, Batch: 100, Acc: 5.69%, Loss: 3.0761
Epoch: 1, Batch: 110, Acc: 5.91%, Loss: 3.0820
Epoch: 1, Batch: 120, Acc: 6.03%, Loss: 3.0749
Epoch: 1, Batch: 130, Acc: 6.13%, Loss: 3.0586
Epoch: 1, Batch: 140, Acc: 6.16%, Loss: 3.0511
Epoch: 1, Batch: 150, Acc: 6.39%, Loss: 3.0378
Epoch: 1, Batch: 160, Acc: 6.77%, Loss: 3.0116
Epoch: 1, Batch: 170, Acc: 7.27%, Loss: 2.9958
Epoch: 1, Batch: 180, Acc: 7.63%, Loss: 2.9962
Epoch: 1, Batch: 190, Acc: 8.12%, Loss: 2.9818
Epoch: 1, Batch: 200, Acc: 8.69%, Loss: 2.9369
Epoch: 1, Batch: 210, Acc: 9.34%, Loss: 2.9406
Epoch: 1, Batch: 220, Acc: 10.05%, Loss: 2.9244
Epoch: 1, Batch: 230, Acc: 10.85%, Loss: 2.9023
Epoch: 1, Batch: 240, Acc: 11.57%, Loss: 2.9096
Epoch: 1, Batch: 250, Acc: 12.15%, Loss: 2.8973
Accuracy on test set: 5.26%
Epoch: 2, Batch: 10, Acc: 29.38%, Loss: 2.8603
Epoch: 2, Batch: 20, Acc: 30.16%, Loss: 2.8631
Epoch: 2, Batch: 30, Acc: 29.64%, Loss: 2.9115
Epoch: 2, Batch: 40, Acc: 29.69%, Loss: 2.8198
Epoch: 2, Batch: 50, Acc: 29.97%, Loss: 2.8322
Epoch: 2, Batch: 60, Acc: 30.08%, Loss: 2.8390
Epoch: 2, Batch: 70, Acc: 30.09%, Loss: 2.8103
Epoch: 2, Batch: 80, Acc: 30.41%, Loss: 2.7404
Epoch: 2, Batch: 90, Acc: 30.26%, Loss: 2.7671
Epoch: 2, Batch: 100, Acc: 30.25%, Loss: 2.7867
Epoch: 2, Batch: 110, Acc: 30.31%, Loss: 2.7548
Epoch: 2, Batch: 120, Acc: 30.40%, Loss: 2.7519
Epoch: 2, Batch: 130, Acc: 30.44%, Loss: 2.7906
Epoch: 2, Batch: 140, Acc: 30.26%, Loss: 2.8230
Epoch: 2, Batch: 150, Acc: 30.18%, Loss: 2.7362
Epoch: 2, Batch: 160, Acc: 30.10%, Loss: 2.7124
Epoch: 2, Batch: 170, Acc: 30.15%, Loss: 2.6932
Epoch: 2, Batch: 180, Acc: 30.17%, Loss: 2.7019
Epoch: 2, Batch: 190, Acc: 30.34%, Loss: 2.6932
Epoch: 2, Batch: 200, Acc: 30.49%, Loss: 2.6246
Epoch: 2, Batch: 210, Acc: 30.47%, Loss: 2.6920
Epoch: 2, Batch: 220, Acc: 30.54%, Loss: 2.6954
Epoch: 2, Batch: 230, Acc: 30.70%, Loss: 2.5822
Epoch: 2, Batch: 240, Acc: 30.63%, Loss: 2.6841
Epoch: 2, Batch: 250, Acc: 30.74%, Loss: 2.6163
Accuracy on test set: 4.88%
Epoch: 3, Batch: 10, Acc: 30.78%, Loss: 2.6333
Epoch: 3, Batch: 20, Acc: 31.25%, Loss: 2.6565
Epoch: 3, Batch: 30, Acc: 31.20%, Loss: 2.6707
Epoch: 3, Batch: 40, Acc: 31.48%, Loss: 2.6694
Epoch: 3, Batch: 50, Acc: 31.78%, Loss: 2.6149
Epoch: 3, Batch: 60, Acc: 31.46%, Loss: 2.6866
Epoch: 3, Batch: 70, Acc: 31.96%, Loss: 2.6003
Epoch: 3, Batch: 80, Acc: 31.66%, Loss: 2.6581
Epoch: 3, Batch: 90, Acc: 31.81%, Loss: 2.6092
Epoch: 3, Batch: 100, Acc: 31.75%, Loss: 2.6851
Epoch: 3, Batch: 110, Acc: 31.45%, Loss: 2.6518
Epoch: 3, Batch: 120, Acc: 31.45%, Loss: 2.6134
Epoch: 3, Batch: 130, Acc: 31.32%, Loss: 2.6021
Epoch: 3, Batch: 140, Acc: 31.10%, Loss: 2.6801
Epoch: 3, Batch: 150, Acc: 31.03%, Loss: 2.6770
Epoch: 3, Batch: 160, Acc: 30.71%, Loss: 2.7442
Epoch: 3, Batch: 170, Acc: 30.74%, Loss: 2.5705
Epoch: 3, Batch: 180, Acc: 30.57%, Loss: 2.6890
Epoch: 3, Batch: 190, Acc: 30.73%, Loss: 2.5242
Epoch: 3, Batch: 200, Acc: 30.69%, Loss: 2.5852
Epoch: 3, Batch: 210, Acc: 30.69%, Loss: 2.5181
Epoch: 3, Batch: 220, Acc: 30.88%, Loss: 2.5260
Epoch: 3, Batch: 230, Acc: 30.86%, Loss: 2.6585
Epoch: 3, Batch: 240, Acc: 30.90%, Loss: 2.6235
Epoch: 3, Batch: 250, Acc: 30.89%, Loss: 2.6172
Accuracy on test set: 4.88%
Epoch: 4, Batch: 10, Acc: 31.56%, Loss: 2.5761
Epoch: 4, Batch: 20, Acc: 31.48%, Loss: 2.7555
Epoch: 4, Batch: 30, Acc: 30.42%, Loss: 2.7054
Epoch: 4, Batch: 40, Acc: 31.13%, Loss: 2.4991
Epoch: 4, Batch: 50, Acc: 31.16%, Loss: 2.6500
Epoch: 4, Batch: 60, Acc: 31.56%, Loss: 2.5943
Epoch: 4, Batch: 70, Acc: 31.47%, Loss: 2.5745
Epoch: 4, Batch: 80, Acc: 31.41%, Loss: 2.5926
Epoch: 4, Batch: 90, Acc: 31.58%, Loss: 2.5416
Epoch: 4, Batch: 100, Acc: 31.48%, Loss: 2.5509
Epoch: 4, Batch: 110, Acc: 31.41%, Loss: 2.6092
Epoch: 4, Batch: 120, Acc: 31.35%, Loss: 2.6450
Epoch: 4, Batch: 130, Acc: 31.37%, Loss: 2.5825
Epoch: 4, Batch: 140, Acc: 31.51%, Loss: 2.5767
Epoch: 4, Batch: 150, Acc: 31.36%, Loss: 2.5945
Epoch: 4, Batch: 160, Acc: 31.22%, Loss: 2.5951
Epoch: 4, Batch: 170, Acc: 31.39%, Loss: 2.4251
Epoch: 4, Batch: 180, Acc: 31.48%, Loss: 2.4490
Epoch: 4, Batch: 190, Acc: 31.38%, Loss: 2.5225
Epoch: 4, Batch: 200, Acc: 31.30%, Loss: 2.6799
Epoch: 4, Batch: 210, Acc: 31.30%, Loss: 2.6090
Epoch: 4, Batch: 220, Acc: 31.27%, Loss: 2.5171
Epoch: 4, Batch: 230, Acc: 31.07%, Loss: 2.7045
Epoch: 4, Batch: 240, Acc: 30.90%, Loss: 2.6977
Epoch: 4, Batch: 250, Acc: 30.91%, Loss: 2.5979
Accuracy on test set: 4.88%
Epoch: 5, Batch: 10, Acc: 32.81%, Loss: 2.6171
Epoch: 5, Batch: 20, Acc: 33.12%, Loss: 2.6182
Epoch: 5, Batch: 30, Acc: 31.67%, Loss: 2.8084
Epoch: 5, Batch: 40, Acc: 31.05%, Loss: 2.8637
Epoch: 5, Batch: 50, Acc: 30.78%, Loss: 2.6606
Epoch: 5, Batch: 60, Acc: 30.86%, Loss: 2.6042
Epoch: 5, Batch: 70, Acc: 30.76%, Loss: 2.5089
Epoch: 5, Batch: 80, Acc: 30.45%, Loss: 2.6393
Epoch: 5, Batch: 90, Acc: 30.89%, Loss: 2.5636
Epoch: 5, Batch: 100, Acc: 31.03%, Loss: 2.5675
Epoch: 5, Batch: 110, Acc: 30.98%, Loss: 2.4795
Epoch: 5, Batch: 120, Acc: 30.82%, Loss: 2.5531
Epoch: 5, Batch: 130, Acc: 30.72%, Loss: 2.4195
Epoch: 5, Batch: 140, Acc: 30.95%, Loss: 2.4593
Epoch: 5, Batch: 150, Acc: 31.00%, Loss: 2.3938
Epoch: 5, Batch: 160, Acc: 30.96%, Loss: 2.5954
Epoch: 5, Batch: 170, Acc: 30.96%, Loss: 2.4701
Epoch: 5, Batch: 180, Acc: 30.98%, Loss: 2.7956
Epoch: 5, Batch: 190, Acc: 31.00%, Loss: 2.6138
Epoch: 5, Batch: 200, Acc: 31.03%, Loss: 2.5983
Epoch: 5, Batch: 210, Acc: 31.01%, Loss: 2.8233
Epoch: 5, Batch: 220, Acc: 31.08%, Loss: 2.4690
Epoch: 5, Batch: 230, Acc: 31.05%, Loss: 2.5359
Epoch: 5, Batch: 240, Acc: 31.03%, Loss: 2.7795
Epoch: 5, Batch: 250, Acc: 30.93%, Loss: 2.6302
Accuracy on test set: 4.88%
Epoch: 6, Batch: 10, Acc: 31.56%, Loss: 2.6860
Epoch: 6, Batch: 20, Acc: 31.02%, Loss: 2.5851
Epoch: 6, Batch: 30, Acc: 31.25%, Loss: 2.6021
Epoch: 6, Batch: 40, Acc: 30.74%, Loss: 2.7211
Epoch: 6, Batch: 50, Acc: 30.31%, Loss: 2.5930
Epoch: 6, Batch: 60, Acc: 30.65%, Loss: 2.7952
Epoch: 6, Batch: 70, Acc: 30.36%, Loss: 2.3072
Epoch: 6, Batch: 80, Acc: 30.37%, Loss: 2.6876
Epoch: 6, Batch: 90, Acc: 30.36%, Loss: 2.7138
Epoch: 6, Batch: 100, Acc: 30.17%, Loss: 2.5617
Epoch: 6, Batch: 110, Acc: 30.43%, Loss: 2.8964
Epoch: 6, Batch: 120, Acc: 30.61%, Loss: 2.3931
Epoch: 6, Batch: 130, Acc: 30.73%, Loss: 2.5864
Epoch: 6, Batch: 140, Acc: 30.74%, Loss: 2.3876
Epoch: 6, Batch: 150, Acc: 30.76%, Loss: 2.4129
Epoch: 6, Batch: 160, Acc: 30.73%, Loss: 2.6603
Epoch: 6, Batch: 170, Acc: 30.92%, Loss: 2.9608
Epoch: 6, Batch: 180, Acc: 31.06%, Loss: 2.5675
Epoch: 6, Batch: 190, Acc: 30.96%, Loss: 2.6143
Epoch: 6, Batch: 200, Acc: 31.11%, Loss: 2.6412
Epoch: 6, Batch: 210, Acc: 31.07%, Loss: 2.5381
Epoch: 6, Batch: 220, Acc: 31.09%, Loss: 2.6653
Epoch: 6, Batch: 230, Acc: 31.06%, Loss: 2.6027
Epoch: 6, Batch: 240, Acc: 30.98%, Loss: 2.7681
Epoch: 6, Batch: 250, Acc: 30.94%, Loss: 2.5665
Accuracy on test set: 4.88%
Epoch: 7, Batch: 10, Acc: 33.91%, Loss: 2.4245
Epoch: 7, Batch: 20, Acc: 33.67%, Loss: 2.5501
Epoch: 7, Batch: 30, Acc: 32.92%, Loss: 2.6067
Epoch: 7, Batch: 40, Acc: 33.32%, Loss: 2.5399
Epoch: 7, Batch: 50, Acc: 32.78%, Loss: 2.4637
Epoch: 7, Batch: 60, Acc: 32.34%, Loss: 2.8687
Epoch: 7, Batch: 70, Acc: 31.81%, Loss: 2.6928
Epoch: 7, Batch: 80, Acc: 31.78%, Loss: 2.6014
Epoch: 7, Batch: 90, Acc: 31.61%, Loss: 2.6908
Epoch: 7, Batch: 100, Acc: 31.48%, Loss: 2.5991
Epoch: 7, Batch: 110, Acc: 31.56%, Loss: 2.5968
Epoch: 7, Batch: 120, Acc: 31.61%, Loss: 2.5866
Epoch: 7, Batch: 130, Acc: 31.47%, Loss: 2.7166
Epoch: 7, Batch: 140, Acc: 31.48%, Loss: 2.6433
Epoch: 7, Batch: 150, Acc: 31.40%, Loss: 2.7890
Epoch: 7, Batch: 160, Acc: 31.17%, Loss: 2.7139
Epoch: 7, Batch: 170, Acc: 31.08%, Loss: 2.3987
Epoch: 7, Batch: 180, Acc: 31.02%, Loss: 2.2221
Epoch: 7, Batch: 190, Acc: 31.00%, Loss: 2.4513
Epoch: 7, Batch: 200, Acc: 30.91%, Loss: 2.5067
Epoch: 7, Batch: 210, Acc: 30.86%, Loss: 2.8565
Epoch: 7, Batch: 220, Acc: 30.99%, Loss: 2.7255
Epoch: 7, Batch: 230, Acc: 30.96%, Loss: 2.8738
Epoch: 7, Batch: 240, Acc: 31.02%, Loss: 2.5347
Epoch: 7, Batch: 250, Acc: 31.01%, Loss: 2.6740
Accuracy on test set: 6.37%
Epoch: 8, Batch: 10, Acc: 30.47%, Loss: 2.7158
Epoch: 8, Batch: 20, Acc: 30.39%, Loss: 2.4148
Epoch: 8, Batch: 30, Acc: 30.62%, Loss: 2.7751
Epoch: 8, Batch: 40, Acc: 31.17%, Loss: 2.7949
Epoch: 8, Batch: 50, Acc: 31.03%, Loss: 2.8800
Epoch: 8, Batch: 60, Acc: 31.33%, Loss: 2.5563
Epoch: 8, Batch: 70, Acc: 31.27%, Loss: 2.4839
Epoch: 8, Batch: 80, Acc: 31.19%, Loss: 2.7166
Epoch: 8, Batch: 90, Acc: 31.46%, Loss: 2.9199
Epoch: 8, Batch: 100, Acc: 31.83%, Loss: 2.4915
Epoch: 8, Batch: 110, Acc: 32.16%, Loss: 2.3493
Epoch: 8, Batch: 120, Acc: 32.19%, Loss: 2.9273
Epoch: 8, Batch: 130, Acc: 32.10%, Loss: 2.6574
Epoch: 8, Batch: 140, Acc: 32.05%, Loss: 2.7344
Epoch: 8, Batch: 150, Acc: 32.04%, Loss: 2.6923
Epoch: 8, Batch: 160, Acc: 32.31%, Loss: 2.7221
Epoch: 8, Batch: 170, Acc: 32.20%, Loss: 2.6811
Epoch: 8, Batch: 180, Acc: 32.28%, Loss: 2.5429
Epoch: 8, Batch: 190, Acc: 32.19%, Loss: 2.5530
Epoch: 8, Batch: 200, Acc: 32.30%, Loss: 2.8374
Epoch: 8, Batch: 210, Acc: 32.33%, Loss: 2.6469
Epoch: 8, Batch: 220, Acc: 32.29%, Loss: 2.4532
Epoch: 8, Batch: 230, Acc: 32.28%, Loss: 2.5407
Epoch: 8, Batch: 240, Acc: 32.22%, Loss: 2.6267
Epoch: 8, Batch: 250, Acc: 32.31%, Loss: 2.9006
Accuracy on test set: 8.77%
Epoch: 9, Batch: 10, Acc: 34.84%, Loss: 2.8703
Epoch: 9, Batch: 20, Acc: 32.03%, Loss: 2.6783
Epoch: 9, Batch: 30, Acc: 33.85%, Loss: 2.3821
Epoch: 9, Batch: 40, Acc: 33.40%, Loss: 2.8582
Epoch: 9, Batch: 50, Acc: 33.19%, Loss: 2.4389
Epoch: 9, Batch: 60, Acc: 33.65%, Loss: 2.7293
Epoch: 9, Batch: 70, Acc: 33.53%, Loss: 2.3836
Epoch: 9, Batch: 80, Acc: 33.48%, Loss: 2.7766
Epoch: 9, Batch: 90, Acc: 33.49%, Loss: 2.8846
Epoch: 9, Batch: 100, Acc: 33.61%, Loss: 2.8288
Epoch: 9, Batch: 110, Acc: 33.61%, Loss: 2.9557
Epoch: 9, Batch: 120, Acc: 33.92%, Loss: 2.5335
Epoch: 9, Batch: 130, Acc: 34.17%, Loss: 2.7174
Epoch: 9, Batch: 140, Acc: 34.23%, Loss: 2.6060
Epoch: 9, Batch: 150, Acc: 34.19%, Loss: 2.6217
Epoch: 9, Batch: 160, Acc: 34.15%, Loss: 2.8259
Epoch: 9, Batch: 170, Acc: 33.98%, Loss: 2.8448
Epoch: 9, Batch: 180, Acc: 33.91%, Loss: 2.4938
Epoch: 9, Batch: 190, Acc: 33.86%, Loss: 2.6314
Epoch: 9, Batch: 200, Acc: 33.95%, Loss: 2.6015
Epoch: 9, Batch: 210, Acc: 33.97%, Loss: 2.6229
Epoch: 9, Batch: 220, Acc: 34.07%, Loss: 2.6233
Epoch: 9, Batch: 230, Acc: 34.01%, Loss: 2.7203
Epoch: 9, Batch: 240, Acc: 33.99%, Loss: 2.6811
Epoch: 9, Batch: 250, Acc: 34.02%, Loss: 2.6638
Accuracy on test set: 13.84%
Epoch: 10, Batch: 10, Acc: 34.69%, Loss: 2.5843
Epoch: 10, Batch: 20, Acc: 35.47%, Loss: 2.6655
Epoch: 10, Batch: 30, Acc: 34.17%, Loss: 2.8640
Epoch: 10, Batch: 40, Acc: 35.04%, Loss: 2.6963
Epoch: 10, Batch: 50, Acc: 35.06%, Loss: 2.6955
Epoch: 10, Batch: 60, Acc: 34.61%, Loss: 2.5309
Epoch: 10, Batch: 70, Acc: 34.82%, Loss: 2.6271
Epoch: 10, Batch: 80, Acc: 34.77%, Loss: 2.8018
Epoch: 10, Batch: 90, Acc: 34.65%, Loss: 2.7051
Epoch: 10, Batch: 100, Acc: 34.83%, Loss: 2.6149
Epoch: 10, Batch: 110, Acc: 34.53%, Loss: 2.6773
Epoch: 10, Batch: 120, Acc: 34.49%, Loss: 2.6076
Epoch: 10, Batch: 130, Acc: 34.56%, Loss: 2.9087
Epoch: 10, Batch: 140, Acc: 34.80%, Loss: 2.7934
Epoch: 10, Batch: 150, Acc: 34.85%, Loss: 2.8064
Epoch: 10, Batch: 160, Acc: 35.07%, Loss: 2.6754
Epoch: 10, Batch: 170, Acc: 35.07%, Loss: 2.4931
Epoch: 10, Batch: 180, Acc: 35.04%, Loss: 2.5603
Epoch: 10, Batch: 190, Acc: 35.21%, Loss: 2.4307
Epoch: 10, Batch: 200, Acc: 35.33%, Loss: 2.5761
Epoch: 10, Batch: 210, Acc: 35.26%, Loss: 2.5574
Epoch: 10, Batch: 220, Acc: 35.23%, Loss: 2.8079
Epoch: 10, Batch: 230, Acc: 35.26%, Loss: 2.7989
Epoch: 10, Batch: 240, Acc: 35.18%, Loss: 2.4764
Epoch: 10, Batch: 250, Acc: 35.35%, Loss: 2.7016
Accuracy on test set: 17.88%
  [Run 3 | eps=0.3 | quid | q-detection | GPU 1] Training Time: 12683.46s  Best Acc: 17.88%

  [Run 3 | eps=0.3 | quid | q-detection | GPU 1] Evaluating final model on clean test data...
  Accuracy    : 0.1788
  Loss        : 2.7265
  Precision   : 0.1950
  Recall      : 0.1856
  F1          : 0.1902
  Fpr         : 0.0375
  Fnr         : 0.8144
  Roc_auc     : 0.8589
  Pr_auc      : 0.4004
  Asr         : 77.8468
Metrics saved to eps0.3/qmlp-az-quid-run3-layer50_quid_eps0.3_quid_qdetection.csv
  [Run 3 | eps=0.3 | quid | q-detection | GPU 1] Done. Saved → eps0.3/qmlp-az-quid-run3-layer50-noiseless-Amplitude_eps0.3_quid_qdetection.pt

====================================================================
 [Run 3 | eps=0.3 | random | none | GPU 0]
====================================================================
  [Run 3 | eps=0.3 | random | none | GPU 0] Stratified subset: 16100 samples (700 per class max, from 184342 total)
  [Run 3 | eps=0.3 | random | none | GPU 0] Poisoned: 4830/16100
Epoch: 1, Batch: 10, Acc: 4.84%, Loss: 3.1469
Epoch: 1, Batch: 20, Acc: 5.47%, Loss: 3.1472
Epoch: 1, Batch: 30, Acc: 5.73%, Loss: 3.1382
Epoch: 1, Batch: 40, Acc: 5.16%, Loss: 3.1421
Epoch: 1, Batch: 50, Acc: 5.53%, Loss: 3.1252
Epoch: 1, Batch: 60, Acc: 5.68%, Loss: 3.1336
Epoch: 1, Batch: 70, Acc: 5.54%, Loss: 3.1211
Epoch: 1, Batch: 80, Acc: 5.96%, Loss: 3.1064
Epoch: 1, Batch: 90, Acc: 6.23%, Loss: 3.1193
Epoch: 1, Batch: 100, Acc: 6.80%, Loss: 3.0957
Epoch: 1, Batch: 110, Acc: 6.90%, Loss: 3.1148
Epoch: 1, Batch: 120, Acc: 7.20%, Loss: 3.1107
Epoch: 1, Batch: 130, Acc: 7.27%, Loss: 3.1057
Epoch: 1, Batch: 140, Acc: 7.47%, Loss: 3.0941
Epoch: 1, Batch: 150, Acc: 7.49%, Loss: 3.0997
Epoch: 1, Batch: 160, Acc: 7.76%, Loss: 3.0819
Epoch: 1, Batch: 170, Acc: 8.06%, Loss: 3.0923
Epoch: 1, Batch: 180, Acc: 8.35%, Loss: 3.0825
Epoch: 1, Batch: 190, Acc: 8.46%, Loss: 3.0814
Epoch: 1, Batch: 200, Acc: 8.76%, Loss: 3.0733
Epoch: 1, Batch: 210, Acc: 8.97%, Loss: 3.0721
Epoch: 1, Batch: 220, Acc: 9.23%, Loss: 3.0643
Epoch: 1, Batch: 230, Acc: 9.41%, Loss: 3.0633
Epoch: 1, Batch: 240, Acc: 9.45%, Loss: 3.0896
Epoch: 1, Batch: 250, Acc: 9.64%, Loss: 3.0709
Accuracy on test set: 20.19%
Epoch: 2, Batch: 10, Acc: 14.53%, Loss: 3.0571
Epoch: 2, Batch: 20, Acc: 15.78%, Loss: 3.0556
Epoch: 2, Batch: 30, Acc: 15.94%, Loss: 3.0511
Epoch: 2, Batch: 40, Acc: 15.78%, Loss: 3.0520
Epoch: 2, Batch: 50, Acc: 15.09%, Loss: 3.0572
Epoch: 2, Batch: 60, Acc: 15.18%, Loss: 3.0393
Epoch: 2, Batch: 70, Acc: 15.29%, Loss: 3.0423
Epoch: 2, Batch: 80, Acc: 15.84%, Loss: 3.0207
Epoch: 2, Batch: 90, Acc: 15.85%, Loss: 3.0433
Epoch: 2, Batch: 100, Acc: 16.20%, Loss: 3.0116
Epoch: 2, Batch: 110, Acc: 16.46%, Loss: 3.0379
Epoch: 2, Batch: 120, Acc: 16.89%, Loss: 3.0210
Epoch: 2, Batch: 130, Acc: 17.26%, Loss: 3.0483
Epoch: 2, Batch: 140, Acc: 17.31%, Loss: 3.0300
Epoch: 2, Batch: 150, Acc: 17.55%, Loss: 3.0333
Epoch: 2, Batch: 160, Acc: 17.76%, Loss: 2.9922
Epoch: 2, Batch: 170, Acc: 18.03%, Loss: 2.9948
Epoch: 2, Batch: 180, Acc: 18.30%, Loss: 3.0006
Epoch: 2, Batch: 190, Acc: 18.40%, Loss: 3.0089
Epoch: 2, Batch: 200, Acc: 18.75%, Loss: 2.9801
Epoch: 2, Batch: 210, Acc: 18.76%, Loss: 3.0053
Epoch: 2, Batch: 220, Acc: 18.87%, Loss: 3.0387
Epoch: 2, Batch: 230, Acc: 19.17%, Loss: 2.9710
Epoch: 2, Batch: 240, Acc: 19.31%, Loss: 2.9973
Epoch: 2, Batch: 250, Acc: 19.56%, Loss: 2.9687
Accuracy on test set: 30.83%
Epoch: 3, Batch: 10, Acc: 23.59%, Loss: 2.9958
Epoch: 3, Batch: 20, Acc: 23.36%, Loss: 3.0124
Epoch: 3, Batch: 30, Acc: 23.91%, Loss: 2.9795
Epoch: 3, Batch: 40, Acc: 24.34%, Loss: 2.9784
Epoch: 3, Batch: 50, Acc: 24.03%, Loss: 2.9491
Epoch: 3, Batch: 60, Acc: 24.06%, Loss: 2.9695
Epoch: 3, Batch: 70, Acc: 24.11%, Loss: 2.9769
Epoch: 3, Batch: 80, Acc: 24.12%, Loss: 2.9679
Epoch: 3, Batch: 90, Acc: 24.05%, Loss: 2.9926
Epoch: 3, Batch: 100, Acc: 24.28%, Loss: 2.9353
Epoch: 3, Batch: 110, Acc: 24.46%, Loss: 2.9658
Epoch: 3, Batch: 120, Acc: 24.79%, Loss: 2.9787
Epoch: 3, Batch: 130, Acc: 24.72%, Loss: 2.9887
Epoch: 3, Batch: 140, Acc: 24.55%, Loss: 2.9845
Epoch: 3, Batch: 150, Acc: 24.52%, Loss: 2.9595
Epoch: 3, Batch: 160, Acc: 24.48%, Loss: 2.9628
Epoch: 3, Batch: 170, Acc: 24.61%, Loss: 2.9265
Epoch: 3, Batch: 180, Acc: 24.71%, Loss: 2.9257
Epoch: 3, Batch: 190, Acc: 24.72%, Loss: 2.9694
Epoch: 3, Batch: 200, Acc: 24.85%, Loss: 2.9197
Epoch: 3, Batch: 210, Acc: 24.91%, Loss: 2.9263
Epoch: 3, Batch: 220, Acc: 24.91%, Loss: 2.9309
Epoch: 3, Batch: 230, Acc: 24.86%, Loss: 2.9588
Epoch: 3, Batch: 240, Acc: 24.82%, Loss: 2.9358
Epoch: 3, Batch: 250, Acc: 24.82%, Loss: 2.9581
Accuracy on test set: 34.34%
Epoch: 4, Batch: 10, Acc: 19.84%, Loss: 2.9744
Epoch: 4, Batch: 20, Acc: 22.50%, Loss: 2.9318
Epoch: 4, Batch: 30, Acc: 24.22%, Loss: 2.9178
Epoch: 4, Batch: 40, Acc: 25.70%, Loss: 2.8967
Epoch: 4, Batch: 50, Acc: 25.12%, Loss: 2.9508
Epoch: 4, Batch: 60, Acc: 25.60%, Loss: 2.9269
Epoch: 4, Batch: 70, Acc: 25.89%, Loss: 2.9412
Epoch: 4, Batch: 80, Acc: 25.72%, Loss: 2.9474
Epoch: 4, Batch: 90, Acc: 26.08%, Loss: 2.9167
Epoch: 4, Batch: 100, Acc: 26.31%, Loss: 2.8941
Epoch: 4, Batch: 110, Acc: 26.49%, Loss: 2.8912
Epoch: 4, Batch: 120, Acc: 26.77%, Loss: 2.8749
Epoch: 4, Batch: 130, Acc: 26.57%, Loss: 2.9442
Epoch: 4, Batch: 140, Acc: 26.73%, Loss: 2.9094
Epoch: 4, Batch: 150, Acc: 26.83%, Loss: 2.8914
Epoch: 4, Batch: 160, Acc: 26.93%, Loss: 2.9058
Epoch: 4, Batch: 170, Acc: 27.08%, Loss: 2.8770
Epoch: 4, Batch: 180, Acc: 27.12%, Loss: 2.8706
Epoch: 4, Batch: 190, Acc: 27.20%, Loss: 2.8933
Epoch: 4, Batch: 200, Acc: 27.17%, Loss: 2.9148
Epoch: 4, Batch: 210, Acc: 27.18%, Loss: 2.9261
Epoch: 4, Batch: 220, Acc: 27.38%, Loss: 2.8623
Epoch: 4, Batch: 230, Acc: 27.36%, Loss: 2.9213
Epoch: 4, Batch: 240, Acc: 27.42%, Loss: 2.8901
Epoch: 4, Batch: 250, Acc: 27.51%, Loss: 2.8827
Accuracy on test set: 37.53%
Epoch: 5, Batch: 10, Acc: 27.03%, Loss: 2.9154
Epoch: 5, Batch: 20, Acc: 27.58%, Loss: 2.8733
Epoch: 5, Batch: 30, Acc: 27.60%, Loss: 2.8587
Epoch: 5, Batch: 40, Acc: 27.70%, Loss: 2.8601
Epoch: 5, Batch: 50, Acc: 27.78%, Loss: 2.8809
Epoch: 5, Batch: 60, Acc: 28.33%, Loss: 2.8431
Epoch: 5, Batch: 70, Acc: 28.82%, Loss: 2.8576
Epoch: 5, Batch: 80, Acc: 28.75%, Loss: 2.8745
Epoch: 5, Batch: 90, Acc: 28.72%, Loss: 2.8524
Epoch: 5, Batch: 100, Acc: 28.89%, Loss: 2.8661
Epoch: 5, Batch: 110, Acc: 29.05%, Loss: 2.8503
Epoch: 5, Batch: 120, Acc: 29.10%, Loss: 2.8558
Epoch: 5, Batch: 130, Acc: 28.85%, Loss: 2.9014
Epoch: 5, Batch: 140, Acc: 28.95%, Loss: 2.8539
Epoch: 5, Batch: 150, Acc: 28.98%, Loss: 2.8812
Epoch: 5, Batch: 160, Acc: 28.90%, Loss: 2.8756
Epoch: 5, Batch: 170, Acc: 28.81%, Loss: 2.8722
Epoch: 5, Batch: 180, Acc: 28.76%, Loss: 2.8429
Epoch: 5, Batch: 190, Acc: 28.69%, Loss: 2.8778
Epoch: 5, Batch: 200, Acc: 28.60%, Loss: 2.8615
Epoch: 5, Batch: 210, Acc: 28.67%, Loss: 2.8498
Epoch: 5, Batch: 220, Acc: 28.69%, Loss: 2.8713
Epoch: 5, Batch: 230, Acc: 28.67%, Loss: 2.8432
Epoch: 5, Batch: 240, Acc: 28.70%, Loss: 2.8553
Epoch: 5, Batch: 250, Acc: 28.76%, Loss: 2.8494
Accuracy on test set: 38.53%
Epoch: 6, Batch: 10, Acc: 25.94%, Loss: 2.8667
Epoch: 6, Batch: 20, Acc: 28.44%, Loss: 2.8519
Epoch: 6, Batch: 30, Acc: 28.59%, Loss: 2.8182
Epoch: 6, Batch: 40, Acc: 28.48%, Loss: 2.8441
Epoch: 6, Batch: 50, Acc: 28.78%, Loss: 2.8082
Epoch: 6, Batch: 60, Acc: 29.32%, Loss: 2.8253
Epoch: 6, Batch: 70, Acc: 29.31%, Loss: 2.8367
Epoch: 6, Batch: 80, Acc: 29.53%, Loss: 2.8179
Epoch: 6, Batch: 90, Acc: 29.77%, Loss: 2.8137
Epoch: 6, Batch: 100, Acc: 29.73%, Loss: 2.8045
Epoch: 6, Batch: 110, Acc: 29.77%, Loss: 2.8180
Epoch: 6, Batch: 120, Acc: 29.64%, Loss: 2.8317
Epoch: 6, Batch: 130, Acc: 29.42%, Loss: 2.8246
Epoch: 6, Batch: 140, Acc: 29.16%, Loss: 2.8846
Epoch: 6, Batch: 150, Acc: 29.18%, Loss: 2.8285
Epoch: 6, Batch: 160, Acc: 29.09%, Loss: 2.8801
Epoch: 6, Batch: 170, Acc: 29.17%, Loss: 2.7996
Epoch: 6, Batch: 180, Acc: 29.35%, Loss: 2.7999
Epoch: 6, Batch: 190, Acc: 29.51%, Loss: 2.8042
Epoch: 6, Batch: 200, Acc: 29.45%, Loss: 2.8088
Epoch: 6, Batch: 210, Acc: 29.49%, Loss: 2.7988
Epoch: 6, Batch: 220, Acc: 29.44%, Loss: 2.8254
Epoch: 6, Batch: 230, Acc: 29.42%, Loss: 2.7884
Epoch: 6, Batch: 240, Acc: 29.36%, Loss: 2.8022
Epoch: 6, Batch: 250, Acc: 29.26%, Loss: 2.8177
Accuracy on test set: 39.95%
Epoch: 7, Batch: 10, Acc: 33.44%, Loss: 2.7417
Epoch: 7, Batch: 20, Acc: 33.98%, Loss: 2.7354
Epoch: 7, Batch: 30, Acc: 31.82%, Loss: 2.8181
Epoch: 7, Batch: 40, Acc: 31.29%, Loss: 2.7967
Epoch: 7, Batch: 50, Acc: 30.75%, Loss: 2.8417
Epoch: 7, Batch: 60, Acc: 30.57%, Loss: 2.8097
Epoch: 7, Batch: 70, Acc: 30.40%, Loss: 2.7809
Epoch: 7, Batch: 80, Acc: 30.41%, Loss: 2.7730
Epoch: 7, Batch: 90, Acc: 30.23%, Loss: 2.8010
Epoch: 7, Batch: 100, Acc: 30.41%, Loss: 2.7662
Epoch: 7, Batch: 110, Acc: 30.47%, Loss: 2.7957
Epoch: 7, Batch: 120, Acc: 30.47%, Loss: 2.8142
Epoch: 7, Batch: 130, Acc: 30.44%, Loss: 2.8026
Epoch: 7, Batch: 140, Acc: 30.46%, Loss: 2.7941
Epoch: 7, Batch: 150, Acc: 30.28%, Loss: 2.8064
Epoch: 7, Batch: 160, Acc: 30.28%, Loss: 2.7795
Epoch: 7, Batch: 170, Acc: 30.24%, Loss: 2.8176
Epoch: 7, Batch: 180, Acc: 30.25%, Loss: 2.7649
Epoch: 7, Batch: 190, Acc: 30.16%, Loss: 2.7783
Epoch: 7, Batch: 200, Acc: 30.14%, Loss: 2.7744
Epoch: 7, Batch: 210, Acc: 30.07%, Loss: 2.8006
Epoch: 7, Batch: 220, Acc: 30.09%, Loss: 2.8165
Epoch: 7, Batch: 230, Acc: 30.12%, Loss: 2.7570
Epoch: 7, Batch: 240, Acc: 30.11%, Loss: 2.7747
Epoch: 7, Batch: 250, Acc: 30.25%, Loss: 2.7110
Accuracy on test set: 40.67%
Epoch: 8, Batch: 10, Acc: 33.75%, Loss: 2.7495
Epoch: 8, Batch: 20, Acc: 31.88%, Loss: 2.7977
Epoch: 8, Batch: 30, Acc: 31.04%, Loss: 2.7566
Epoch: 8, Batch: 40, Acc: 31.60%, Loss: 2.7129
Epoch: 8, Batch: 50, Acc: 31.97%, Loss: 2.7369
Epoch: 8, Batch: 60, Acc: 31.51%, Loss: 2.7187
Epoch: 8, Batch: 70, Acc: 31.54%, Loss: 2.7334
Epoch: 8, Batch: 80, Acc: 31.31%, Loss: 2.7628
Epoch: 8, Batch: 90, Acc: 31.13%, Loss: 2.7774
Epoch: 8, Batch: 100, Acc: 31.12%, Loss: 2.7834
Epoch: 8, Batch: 110, Acc: 30.97%, Loss: 2.8151
Epoch: 8, Batch: 120, Acc: 30.92%, Loss: 2.7502
Epoch: 8, Batch: 130, Acc: 30.93%, Loss: 2.7354
Epoch: 8, Batch: 140, Acc: 30.68%, Loss: 2.8249
Epoch: 8, Batch: 150, Acc: 30.58%, Loss: 2.7779
Epoch: 8, Batch: 160, Acc: 30.65%, Loss: 2.7465
Epoch: 8, Batch: 170, Acc: 30.71%, Loss: 2.7421
Epoch: 8, Batch: 180, Acc: 30.71%, Loss: 2.7547
Epoch: 8, Batch: 190, Acc: 30.76%, Loss: 2.6981
Epoch: 8, Batch: 200, Acc: 30.88%, Loss: 2.7256
Epoch: 8, Batch: 210, Acc: 30.83%, Loss: 2.7350
Epoch: 8, Batch: 220, Acc: 30.77%, Loss: 2.7800
Epoch: 8, Batch: 230, Acc: 30.87%, Loss: 2.7077
Epoch: 8, Batch: 240, Acc: 30.85%, Loss: 2.7657
Epoch: 8, Batch: 250, Acc: 30.74%, Loss: 2.7456
Accuracy on test set: 41.88%
Epoch: 9, Batch: 10, Acc: 28.75%, Loss: 2.7832
Epoch: 9, Batch: 20, Acc: 31.25%, Loss: 2.7290
Epoch: 9, Batch: 30, Acc: 31.30%, Loss: 2.7253
Epoch: 9, Batch: 40, Acc: 31.72%, Loss: 2.7266
Epoch: 9, Batch: 50, Acc: 30.91%, Loss: 2.8005
Epoch: 9, Batch: 60, Acc: 30.86%, Loss: 2.7540
Epoch: 9, Batch: 70, Acc: 30.98%, Loss: 2.7182
Epoch: 9, Batch: 80, Acc: 30.84%, Loss: 2.7305
Epoch: 9, Batch: 90, Acc: 30.75%, Loss: 2.7578
Epoch: 9, Batch: 100, Acc: 31.12%, Loss: 2.6796
Epoch: 9, Batch: 110, Acc: 31.36%, Loss: 2.6873
Epoch: 9, Batch: 120, Acc: 31.39%, Loss: 2.7295
Epoch: 9, Batch: 130, Acc: 31.48%, Loss: 2.6940
Epoch: 9, Batch: 140, Acc: 31.54%, Loss: 2.6790
Epoch: 9, Batch: 150, Acc: 31.57%, Loss: 2.7280
Epoch: 9, Batch: 160, Acc: 31.52%, Loss: 2.7049
Epoch: 9, Batch: 170, Acc: 31.58%, Loss: 2.7135
Epoch: 9, Batch: 180, Acc: 31.55%, Loss: 2.7266
Epoch: 9, Batch: 190, Acc: 31.69%, Loss: 2.7282
Epoch: 9, Batch: 200, Acc: 31.66%, Loss: 2.7271
Epoch: 9, Batch: 210, Acc: 31.78%, Loss: 2.6697
Epoch: 9, Batch: 220, Acc: 31.65%, Loss: 2.7552
Epoch: 9, Batch: 230, Acc: 31.54%, Loss: 2.7235
Epoch: 9, Batch: 240, Acc: 31.56%, Loss: 2.7031
Epoch: 9, Batch: 250, Acc: 31.61%, Loss: 2.7027
Accuracy on test set: 42.62%
Epoch: 10, Batch: 10, Acc: 31.72%, Loss: 2.6678
Epoch: 10, Batch: 20, Acc: 32.58%, Loss: 2.7294
Epoch: 10, Batch: 30, Acc: 31.25%, Loss: 2.7533
Epoch: 10, Batch: 40, Acc: 30.55%, Loss: 2.7206
Epoch: 10, Batch: 50, Acc: 31.69%, Loss: 2.6689
Epoch: 10, Batch: 60, Acc: 31.33%, Loss: 2.7293
Epoch: 10, Batch: 70, Acc: 31.54%, Loss: 2.6976
Epoch: 10, Batch: 80, Acc: 32.01%, Loss: 2.6983
Epoch: 10, Batch: 90, Acc: 31.93%, Loss: 2.6795
Epoch: 10, Batch: 100, Acc: 32.16%, Loss: 2.6496
Epoch: 10, Batch: 110, Acc: 32.16%, Loss: 2.6911
Epoch: 10, Batch: 120, Acc: 32.03%, Loss: 2.7088
Epoch: 10, Batch: 130, Acc: 32.03%, Loss: 2.7187
Epoch: 10, Batch: 140, Acc: 32.12%, Loss: 2.6985
Epoch: 10, Batch: 150, Acc: 32.05%, Loss: 2.6725
Epoch: 10, Batch: 160, Acc: 32.16%, Loss: 2.7034
Epoch: 10, Batch: 170, Acc: 32.11%, Loss: 2.6962
Epoch: 10, Batch: 180, Acc: 32.15%, Loss: 2.6802
Epoch: 10, Batch: 190, Acc: 32.26%, Loss: 2.6550
Epoch: 10, Batch: 200, Acc: 32.23%, Loss: 2.7021
Epoch: 10, Batch: 210, Acc: 32.14%, Loss: 2.7051
Epoch: 10, Batch: 220, Acc: 32.00%, Loss: 2.7013
Epoch: 10, Batch: 230, Acc: 32.10%, Loss: 2.6647
Epoch: 10, Batch: 240, Acc: 32.13%, Loss: 2.7041
Epoch: 10, Batch: 250, Acc: 32.20%, Loss: 2.6737
Accuracy on test set: 43.10%
  [Run 3 | eps=0.3 | random | none | GPU 0] Training Time: 6185.87s  Best Acc: 43.10%

  [Run 3 | eps=0.3 | random | none | GPU 0] Evaluating final model on clean test data...
  Accuracy    : 0.4310
  Loss        : 2.4253
  Precision   : 0.3940
  Recall      : 0.4452
  F1          : 0.4181
  Fpr         : 0.0258
  Fnr         : 0.5548
  Roc_auc     : 0.8842
  Pr_auc      : 0.4522
  Asr         : 3.1470
Metrics saved to eps0.3/qmlp-az-quid-run3-layer50_quid_eps0.3_random_none.csv
  [Run 3 | eps=0.3 | random | none | GPU 0] Done. Saved → eps0.3/qmlp-az-quid-run3-layer50-noiseless-Amplitude_eps0.3_random_none.pt

====================================================================
 [Run 3 | eps=0.3 | random | q-detection | GPU 1]
====================================================================
  [Run 3 | eps=0.3 | random | q-detection | GPU 1] Stratified subset: 16100 samples (700 per class max, from 184342 total)
  [Run 3 | eps=0.3 | random | q-detection | GPU 1] Poisoned: 4830/16100
  [Run 3 | eps=0.3 | random | q-detection | GPU 1] J matrix: 16100x16100 (2074 MB)
Epoch: 1, Batch: 10, Acc: 5.00%, Loss: 3.1100
Epoch: 1, Batch: 20, Acc: 5.62%, Loss: 3.1076
Epoch: 1, Batch: 30, Acc: 5.57%, Loss: 3.0997
Epoch: 1, Batch: 40, Acc: 5.08%, Loss: 3.1098
Epoch: 1, Batch: 50, Acc: 5.44%, Loss: 3.0903
Epoch: 1, Batch: 60, Acc: 5.42%, Loss: 3.1043
Epoch: 1, Batch: 70, Acc: 5.36%, Loss: 3.0918
Epoch: 1, Batch: 80, Acc: 5.66%, Loss: 3.0722
Epoch: 1, Batch: 90, Acc: 5.68%, Loss: 3.0907
Epoch: 1, Batch: 100, Acc: 6.06%, Loss: 3.0711
Epoch: 1, Batch: 110, Acc: 6.24%, Loss: 3.0915
Epoch: 1, Batch: 120, Acc: 6.50%, Loss: 3.0755
Epoch: 1, Batch: 130, Acc: 6.57%, Loss: 3.0721
Epoch: 1, Batch: 140, Acc: 6.80%, Loss: 3.0590
Epoch: 1, Batch: 150, Acc: 6.83%, Loss: 3.0634
Epoch: 1, Batch: 160, Acc: 7.02%, Loss: 3.0552
Epoch: 1, Batch: 170, Acc: 7.26%, Loss: 3.0475
Epoch: 1, Batch: 180, Acc: 7.53%, Loss: 3.0432
Epoch: 1, Batch: 190, Acc: 7.72%, Loss: 3.0454
Epoch: 1, Batch: 200, Acc: 7.98%, Loss: 3.0183
Epoch: 1, Batch: 210, Acc: 8.16%, Loss: 3.0171
Epoch: 1, Batch: 220, Acc: 8.35%, Loss: 3.0101
Epoch: 1, Batch: 230, Acc: 8.51%, Loss: 3.0041
Epoch: 1, Batch: 240, Acc: 8.54%, Loss: 3.0361
Epoch: 1, Batch: 250, Acc: 8.67%, Loss: 3.0204
Accuracy on test set: 17.25%
Epoch: 2, Batch: 10, Acc: 11.09%, Loss: 3.0136
Epoch: 2, Batch: 20, Acc: 11.72%, Loss: 3.0058
Epoch: 2, Batch: 30, Acc: 11.82%, Loss: 3.0124
Epoch: 2, Batch: 40, Acc: 11.84%, Loss: 2.9771
Epoch: 2, Batch: 50, Acc: 11.47%, Loss: 3.0035
Epoch: 2, Batch: 60, Acc: 11.72%, Loss: 2.9858
Epoch: 2, Batch: 70, Acc: 11.52%, Loss: 2.9727
Epoch: 2, Batch: 80, Acc: 11.74%, Loss: 2.9285
Epoch: 2, Batch: 90, Acc: 11.67%, Loss: 2.9578
Epoch: 2, Batch: 100, Acc: 12.02%, Loss: 2.9229
Epoch: 2, Batch: 110, Acc: 11.97%, Loss: 2.9715
Epoch: 2, Batch: 120, Acc: 12.12%, Loss: 2.9489
Epoch: 2, Batch: 130, Acc: 12.06%, Loss: 3.0015
Epoch: 2, Batch: 140, Acc: 12.04%, Loss: 2.9551
Epoch: 2, Batch: 150, Acc: 12.25%, Loss: 2.9786
Epoch: 2, Batch: 160, Acc: 12.35%, Loss: 2.8911
Epoch: 2, Batch: 170, Acc: 12.39%, Loss: 2.8989
Epoch: 2, Batch: 180, Acc: 12.40%, Loss: 2.9385
Epoch: 2, Batch: 190, Acc: 12.38%, Loss: 2.9363
Epoch: 2, Batch: 200, Acc: 12.51%, Loss: 2.8883
Epoch: 2, Batch: 210, Acc: 12.58%, Loss: 2.8862
Epoch: 2, Batch: 220, Acc: 12.59%, Loss: 2.9747
Epoch: 2, Batch: 230, Acc: 12.76%, Loss: 2.8473
Epoch: 2, Batch: 240, Acc: 12.81%, Loss: 2.9085
Epoch: 2, Batch: 250, Acc: 12.88%, Loss: 2.8459
Accuracy on test set: 19.30%
Epoch: 3, Batch: 10, Acc: 14.22%, Loss: 2.8974
Epoch: 3, Batch: 20, Acc: 13.05%, Loss: 2.9498
Epoch: 3, Batch: 30, Acc: 14.58%, Loss: 2.8743
Epoch: 3, Batch: 40, Acc: 14.65%, Loss: 2.9337
Epoch: 3, Batch: 50, Acc: 14.88%, Loss: 2.8271
Epoch: 3, Batch: 60, Acc: 15.08%, Loss: 2.9047
Epoch: 3, Batch: 70, Acc: 14.91%, Loss: 2.9015
Epoch: 3, Batch: 80, Acc: 15.04%, Loss: 2.9390
Epoch: 3, Batch: 90, Acc: 14.90%, Loss: 2.9217
Epoch: 3, Batch: 100, Acc: 15.23%, Loss: 2.8493
Epoch: 3, Batch: 110, Acc: 15.31%, Loss: 2.8840
Epoch: 3, Batch: 120, Acc: 15.49%, Loss: 2.9559
Epoch: 3, Batch: 130, Acc: 15.58%, Loss: 2.9627
Epoch: 3, Batch: 140, Acc: 15.74%, Loss: 2.9016
Epoch: 3, Batch: 150, Acc: 15.95%, Loss: 2.8975
Epoch: 3, Batch: 160, Acc: 16.02%, Loss: 2.8789
Epoch: 3, Batch: 170, Acc: 16.28%, Loss: 2.7950
Epoch: 3, Batch: 180, Acc: 16.65%, Loss: 2.8341
Epoch: 3, Batch: 190, Acc: 16.82%, Loss: 2.9050
Epoch: 3, Batch: 200, Acc: 17.09%, Loss: 2.7965
Epoch: 3, Batch: 210, Acc: 17.28%, Loss: 2.8507
Epoch: 3, Batch: 220, Acc: 17.49%, Loss: 2.8623
Epoch: 3, Batch: 230, Acc: 17.59%, Loss: 2.8922
Epoch: 3, Batch: 240, Acc: 17.67%, Loss: 2.8811
Epoch: 3, Batch: 250, Acc: 17.79%, Loss: 2.8621
Accuracy on test set: 28.73%
Epoch: 4, Batch: 10, Acc: 17.81%, Loss: 2.9632
Epoch: 4, Batch: 20, Acc: 19.92%, Loss: 2.8389
Epoch: 4, Batch: 30, Acc: 20.89%, Loss: 2.8102
Epoch: 4, Batch: 40, Acc: 21.80%, Loss: 2.8386
Epoch: 4, Batch: 50, Acc: 21.28%, Loss: 2.8886
Epoch: 4, Batch: 60, Acc: 21.64%, Loss: 2.8779
Epoch: 4, Batch: 70, Acc: 21.47%, Loss: 2.9079
Epoch: 4, Batch: 80, Acc: 21.37%, Loss: 2.8689
Epoch: 4, Batch: 90, Acc: 21.72%, Loss: 2.8150
Epoch: 4, Batch: 100, Acc: 22.12%, Loss: 2.8273
Epoch: 4, Batch: 110, Acc: 22.19%, Loss: 2.8613
Epoch: 4, Batch: 120, Acc: 22.55%, Loss: 2.7350
Epoch: 4, Batch: 130, Acc: 22.48%, Loss: 2.8320
Epoch: 4, Batch: 140, Acc: 22.53%, Loss: 2.7956
Epoch: 4, Batch: 150, Acc: 22.54%, Loss: 2.7356
Epoch: 4, Batch: 160, Acc: 22.70%, Loss: 2.8625
Epoch: 4, Batch: 170, Acc: 22.78%, Loss: 2.8281
Epoch: 4, Batch: 180, Acc: 22.82%, Loss: 2.8749
Epoch: 4, Batch: 190, Acc: 22.92%, Loss: 2.9016
Epoch: 4, Batch: 200, Acc: 22.84%, Loss: 2.8168
Epoch: 4, Batch: 210, Acc: 22.79%, Loss: 2.8816
Epoch: 4, Batch: 220, Acc: 23.01%, Loss: 2.8131
Epoch: 4, Batch: 230, Acc: 22.98%, Loss: 2.8786
Epoch: 4, Batch: 240, Acc: 23.04%, Loss: 2.8273
Epoch: 4, Batch: 250, Acc: 23.12%, Loss: 2.8420
Accuracy on test set: 31.32%
Epoch: 5, Batch: 10, Acc: 23.91%, Loss: 2.9348
Epoch: 5, Batch: 20, Acc: 24.61%, Loss: 2.8674
Epoch: 5, Batch: 30, Acc: 23.91%, Loss: 2.9660
Epoch: 5, Batch: 40, Acc: 24.02%, Loss: 2.9258
Epoch: 5, Batch: 50, Acc: 23.69%, Loss: 2.8935
Epoch: 5, Batch: 60, Acc: 24.01%, Loss: 2.8255
Epoch: 5, Batch: 70, Acc: 24.06%, Loss: 2.8898
Epoch: 5, Batch: 80, Acc: 23.73%, Loss: 2.8694
Epoch: 5, Batch: 90, Acc: 23.82%, Loss: 2.8708
Epoch: 5, Batch: 100, Acc: 23.91%, Loss: 2.9593
Epoch: 5, Batch: 110, Acc: 24.36%, Loss: 2.7563
Epoch: 5, Batch: 120, Acc: 24.64%, Loss: 2.9125
Epoch: 5, Batch: 130, Acc: 24.45%, Loss: 2.8761
Epoch: 5, Batch: 140, Acc: 24.52%, Loss: 2.9015
Epoch: 5, Batch: 150, Acc: 24.52%, Loss: 2.8566
Epoch: 5, Batch: 160, Acc: 24.48%, Loss: 2.8554
Epoch: 5, Batch: 170, Acc: 24.47%, Loss: 2.9636
Epoch: 5, Batch: 180, Acc: 24.45%, Loss: 2.7733
Epoch: 5, Batch: 190, Acc: 24.39%, Loss: 2.7623
Epoch: 5, Batch: 200, Acc: 24.49%, Loss: 2.9537
Epoch: 5, Batch: 210, Acc: 24.58%, Loss: 2.7756
Epoch: 5, Batch: 220, Acc: 24.56%, Loss: 2.8706
Epoch: 5, Batch: 230, Acc: 24.57%, Loss: 2.7701
Epoch: 5, Batch: 240, Acc: 24.58%, Loss: 2.9151
Epoch: 5, Batch: 250, Acc: 24.54%, Loss: 2.9085
Accuracy on test set: 32.28%
Epoch: 6, Batch: 10, Acc: 21.56%, Loss: 2.8670
Epoch: 6, Batch: 20, Acc: 22.81%, Loss: 2.7966
Epoch: 6, Batch: 30, Acc: 23.44%, Loss: 2.9291
Epoch: 6, Batch: 40, Acc: 23.79%, Loss: 2.9691
Epoch: 6, Batch: 50, Acc: 24.53%, Loss: 2.9133
Epoch: 6, Batch: 60, Acc: 25.10%, Loss: 2.8980
Epoch: 6, Batch: 70, Acc: 25.25%, Loss: 2.7344
Epoch: 6, Batch: 80, Acc: 25.21%, Loss: 2.9138
Epoch: 6, Batch: 90, Acc: 25.47%, Loss: 2.8303
Epoch: 6, Batch: 100, Acc: 25.77%, Loss: 2.8161
Epoch: 6, Batch: 110, Acc: 25.68%, Loss: 2.8125
Epoch: 6, Batch: 120, Acc: 25.83%, Loss: 2.8758
Epoch: 6, Batch: 130, Acc: 25.62%, Loss: 2.7603
Epoch: 6, Batch: 140, Acc: 25.32%, Loss: 2.8762
Epoch: 6, Batch: 150, Acc: 25.24%, Loss: 2.8461
Epoch: 6, Batch: 160, Acc: 25.17%, Loss: 2.8270
Epoch: 6, Batch: 170, Acc: 25.39%, Loss: 2.8333
Epoch: 6, Batch: 180, Acc: 25.51%, Loss: 2.8179
Epoch: 6, Batch: 190, Acc: 25.59%, Loss: 2.8035
Epoch: 6, Batch: 200, Acc: 25.66%, Loss: 2.7468
Epoch: 6, Batch: 210, Acc: 25.65%, Loss: 2.9862
Epoch: 6, Batch: 220, Acc: 25.57%, Loss: 2.8779
Epoch: 6, Batch: 230, Acc: 25.54%, Loss: 2.7605
Epoch: 6, Batch: 240, Acc: 25.46%, Loss: 2.9270
Epoch: 6, Batch: 250, Acc: 25.46%, Loss: 2.9320
Accuracy on test set: 34.02%
Epoch: 7, Batch: 10, Acc: 27.81%, Loss: 2.7506
Epoch: 7, Batch: 20, Acc: 28.98%, Loss: 2.6797
Epoch: 7, Batch: 30, Acc: 26.98%, Loss: 2.8158
Epoch: 7, Batch: 40, Acc: 26.64%, Loss: 2.8874
Epoch: 7, Batch: 50, Acc: 26.22%, Loss: 2.9005
Epoch: 7, Batch: 60, Acc: 25.81%, Loss: 2.9961
Epoch: 7, Batch: 70, Acc: 25.98%, Loss: 2.8555
Epoch: 7, Batch: 80, Acc: 26.00%, Loss: 2.9115
Epoch: 7, Batch: 90, Acc: 26.06%, Loss: 2.7526
Epoch: 7, Batch: 100, Acc: 26.28%, Loss: 2.8604
Epoch: 7, Batch: 110, Acc: 26.24%, Loss: 2.9776
Epoch: 7, Batch: 120, Acc: 26.05%, Loss: 2.9324
Epoch: 7, Batch: 130, Acc: 25.89%, Loss: 2.8040
Epoch: 7, Batch: 140, Acc: 25.97%, Loss: 2.9328
Epoch: 7, Batch: 150, Acc: 25.95%, Loss: 2.7600
Epoch: 7, Batch: 160, Acc: 26.02%, Loss: 2.7590
Epoch: 7, Batch: 170, Acc: 25.96%, Loss: 2.9922
Epoch: 7, Batch: 180, Acc: 26.01%, Loss: 2.9017
Epoch: 7, Batch: 190, Acc: 26.02%, Loss: 2.9651
Epoch: 7, Batch: 200, Acc: 26.10%, Loss: 2.7861
Epoch: 7, Batch: 210, Acc: 26.13%, Loss: 2.9499
Epoch: 7, Batch: 220, Acc: 26.15%, Loss: 2.8577
Epoch: 7, Batch: 230, Acc: 26.30%, Loss: 2.9345
Epoch: 7, Batch: 240, Acc: 26.35%, Loss: 2.7058
Epoch: 7, Batch: 250, Acc: 26.54%, Loss: 2.6164
Accuracy on test set: 35.50%
Epoch: 8, Batch: 10, Acc: 28.44%, Loss: 2.7611
Epoch: 8, Batch: 20, Acc: 26.56%, Loss: 2.8087
Epoch: 8, Batch: 30, Acc: 26.41%, Loss: 2.8602
Epoch: 8, Batch: 40, Acc: 27.54%, Loss: 2.9464
Epoch: 8, Batch: 50, Acc: 27.97%, Loss: 2.8850
Epoch: 8, Batch: 60, Acc: 27.99%, Loss: 2.9232
Epoch: 8, Batch: 70, Acc: 27.97%, Loss: 2.8106
Epoch: 8, Batch: 80, Acc: 27.75%, Loss: 2.8368
Epoch: 8, Batch: 90, Acc: 27.69%, Loss: 2.9807
Epoch: 8, Batch: 100, Acc: 27.64%, Loss: 2.9470
Epoch: 8, Batch: 110, Acc: 27.39%, Loss: 2.8973
Epoch: 8, Batch: 120, Acc: 27.59%, Loss: 2.8711
Epoch: 8, Batch: 130, Acc: 27.69%, Loss: 2.8491
Epoch: 8, Batch: 140, Acc: 27.42%, Loss: 2.8605
Epoch: 8, Batch: 150, Acc: 27.40%, Loss: 2.6657
Epoch: 8, Batch: 160, Acc: 27.43%, Loss: 2.7514
Epoch: 8, Batch: 170, Acc: 27.37%, Loss: 2.9102
Epoch: 8, Batch: 180, Acc: 27.37%, Loss: 2.9519
Epoch: 8, Batch: 190, Acc: 27.52%, Loss: 2.9550
Epoch: 8, Batch: 200, Acc: 27.60%, Loss: 2.8907
Epoch: 8, Batch: 210, Acc: 27.66%, Loss: 2.7023
Epoch: 8, Batch: 220, Acc: 27.59%, Loss: 2.9039
Epoch: 8, Batch: 230, Acc: 27.73%, Loss: 2.8709
Epoch: 8, Batch: 240, Acc: 27.71%, Loss: 2.9071
Epoch: 8, Batch: 250, Acc: 27.69%, Loss: 2.9164
Accuracy on test set: 37.23%
Epoch: 9, Batch: 10, Acc: 27.66%, Loss: 2.7611
Epoch: 9, Batch: 20, Acc: 29.06%, Loss: 3.0190
Epoch: 9, Batch: 30, Acc: 29.11%, Loss: 2.6201
Epoch: 9, Batch: 40, Acc: 29.69%, Loss: 2.8000
Epoch: 9, Batch: 50, Acc: 28.56%, Loss: 2.9049
Epoch: 9, Batch: 60, Acc: 28.36%, Loss: 2.9729
Epoch: 9, Batch: 70, Acc: 28.35%, Loss: 2.7164
Epoch: 9, Batch: 80, Acc: 28.03%, Loss: 2.7836
Epoch: 9, Batch: 90, Acc: 28.00%, Loss: 3.0103
Epoch: 9, Batch: 100, Acc: 28.36%, Loss: 2.9770
Epoch: 9, Batch: 110, Acc: 28.68%, Loss: 2.6633
Epoch: 9, Batch: 120, Acc: 28.75%, Loss: 2.7777
Epoch: 9, Batch: 130, Acc: 28.67%, Loss: 2.9659
Epoch: 9, Batch: 140, Acc: 28.72%, Loss: 2.7635
Epoch: 9, Batch: 150, Acc: 28.76%, Loss: 2.8851
Epoch: 9, Batch: 160, Acc: 28.69%, Loss: 2.9472
Epoch: 9, Batch: 170, Acc: 28.76%, Loss: 2.8527
Epoch: 9, Batch: 180, Acc: 28.75%, Loss: 2.8888
Epoch: 9, Batch: 190, Acc: 28.80%, Loss: 2.7798
Epoch: 9, Batch: 200, Acc: 28.79%, Loss: 2.8053
Epoch: 9, Batch: 210, Acc: 29.00%, Loss: 3.0206
Epoch: 9, Batch: 220, Acc: 28.91%, Loss: 2.8188
Epoch: 9, Batch: 230, Acc: 28.86%, Loss: 2.9234
Epoch: 9, Batch: 240, Acc: 28.89%, Loss: 2.7168
Epoch: 9, Batch: 250, Acc: 28.86%, Loss: 2.7060
Accuracy on test set: 38.68%
Epoch: 10, Batch: 10, Acc: 30.62%, Loss: 2.8974
Epoch: 10, Batch: 20, Acc: 30.00%, Loss: 2.9958
Epoch: 10, Batch: 30, Acc: 28.70%, Loss: 2.9990
Epoch: 10, Batch: 40, Acc: 28.40%, Loss: 2.9497
Epoch: 10, Batch: 50, Acc: 28.91%, Loss: 2.7816
Epoch: 10, Batch: 60, Acc: 28.62%, Loss: 2.6840
Epoch: 10, Batch: 70, Acc: 28.62%, Loss: 3.0216
Epoch: 10, Batch: 80, Acc: 28.75%, Loss: 2.9227
Epoch: 10, Batch: 90, Acc: 28.91%, Loss: 2.9711
Epoch: 10, Batch: 100, Acc: 29.20%, Loss: 2.7840
Epoch: 10, Batch: 110, Acc: 29.40%, Loss: 2.8115
Epoch: 10, Batch: 120, Acc: 29.36%, Loss: 2.9913
Epoch: 10, Batch: 130, Acc: 29.42%, Loss: 2.8673
Epoch: 10, Batch: 140, Acc: 29.52%, Loss: 2.8565
Epoch: 10, Batch: 150, Acc: 29.70%, Loss: 2.9343
Epoch: 10, Batch: 160, Acc: 29.77%, Loss: 2.7857
Epoch: 10, Batch: 170, Acc: 29.85%, Loss: 2.8781
Epoch: 10, Batch: 180, Acc: 29.89%, Loss: 2.8752
Epoch: 10, Batch: 190, Acc: 29.89%, Loss: 2.9497
Epoch: 10, Batch: 200, Acc: 29.88%, Loss: 2.6733
Epoch: 10, Batch: 210, Acc: 29.93%, Loss: 2.7848
Epoch: 10, Batch: 220, Acc: 29.95%, Loss: 3.0233
Epoch: 10, Batch: 230, Acc: 29.96%, Loss: 2.9613
Epoch: 10, Batch: 240, Acc: 29.92%, Loss: 2.9685
Epoch: 10, Batch: 250, Acc: 29.94%, Loss: 2.7870
Accuracy on test set: 39.79%
  [Run 3 | eps=0.3 | random | q-detection | GPU 1] Training Time: 12780.36s  Best Acc: 39.79%

  [Run 3 | eps=0.3 | random | q-detection | GPU 1] Evaluating final model on clean test data...
  Accuracy    : 0.3979
  Loss        : 2.5867
  Precision   : 0.3879
  Recall      : 0.4113
  F1          : 0.3993
  Fpr         : 0.0274
  Fnr         : 0.5887
  Roc_auc     : 0.8725
  Pr_auc      : 0.4173
  Asr         : 3.1470
Metrics saved to eps0.3/qmlp-az-quid-run3-layer50_quid_eps0.3_random_qdetection.csv
  [Run 3 | eps=0.3 | random | q-detection | GPU 1] Done. Saved → eps0.3/qmlp-az-quid-run3-layer50-noiseless-Amplitude_eps0.3_random_qdetection.pt

====================================================================
 [Run 3 | eps=0.5 | quid | none | GPU 0]
====================================================================
  [Run 3 | eps=0.5 | quid | none | GPU 0] Stratified subset: 16100 samples (700 per class max, from 184342 total)
  [QUID] Computing density matrices for 8050 poisoned samples ...
  [QUID] Density matrices done in 10.7s
  [QUID] Assigning adversarial labels ...
  [QUID] Label assignment done in 421.3s
  [QUID] Labels changed: 8050/8050
  [Run 3 | eps=0.5 | quid | none | GPU 0] Poisoned: 8050/16100
Epoch: 1, Batch: 10, Acc: 4.22%, Loss: 3.2282
Epoch: 1, Batch: 20, Acc: 3.44%, Loss: 3.2213
Epoch: 1, Batch: 30, Acc: 3.44%, Loss: 3.1984
Epoch: 1, Batch: 40, Acc: 3.12%, Loss: 3.1874
Epoch: 1, Batch: 50, Acc: 3.25%, Loss: 3.1595
Epoch: 1, Batch: 60, Acc: 3.31%, Loss: 3.1558
Epoch: 1, Batch: 70, Acc: 3.24%, Loss: 3.1359
Epoch: 1, Batch: 80, Acc: 3.38%, Loss: 3.1115
Epoch: 1, Batch: 90, Acc: 3.47%, Loss: 3.1017
Epoch: 1, Batch: 100, Acc: 4.19%, Loss: 3.0729
Epoch: 1, Batch: 110, Acc: 5.33%, Loss: 3.0633
Epoch: 1, Batch: 120, Acc: 6.26%, Loss: 3.0566
Epoch: 1, Batch: 130, Acc: 7.57%, Loss: 3.0253
Epoch: 1, Batch: 140, Acc: 9.04%, Loss: 3.0150
Epoch: 1, Batch: 150, Acc: 10.54%, Loss: 2.9946
Epoch: 1, Batch: 160, Acc: 12.37%, Loss: 2.9644
Epoch: 1, Batch: 170, Acc: 14.10%, Loss: 2.9556
Epoch: 1, Batch: 180, Acc: 15.95%, Loss: 2.9309
Epoch: 1, Batch: 190, Acc: 17.41%, Loss: 2.9290
Epoch: 1, Batch: 200, Acc: 18.94%, Loss: 2.8755
Epoch: 1, Batch: 210, Acc: 20.43%, Loss: 2.8590
Epoch: 1, Batch: 220, Acc: 21.70%, Loss: 2.8634
Epoch: 1, Batch: 230, Acc: 22.87%, Loss: 2.8453
Epoch: 1, Batch: 240, Acc: 23.98%, Loss: 2.8247
Epoch: 1, Batch: 250, Acc: 24.95%, Loss: 2.8050
Accuracy on test set: 4.90%
Epoch: 2, Batch: 10, Acc: 48.28%, Loss: 2.7742
Epoch: 2, Batch: 20, Acc: 49.22%, Loss: 2.7574
Epoch: 2, Batch: 30, Acc: 48.59%, Loss: 2.7610
Epoch: 2, Batch: 40, Acc: 48.32%, Loss: 2.7379
Epoch: 2, Batch: 50, Acc: 48.81%, Loss: 2.6866
Epoch: 2, Batch: 60, Acc: 48.62%, Loss: 2.7213
Epoch: 2, Batch: 70, Acc: 48.44%, Loss: 2.6995
Epoch: 2, Batch: 80, Acc: 48.38%, Loss: 2.6682
Epoch: 2, Batch: 90, Acc: 48.40%, Loss: 2.6545
Epoch: 2, Batch: 100, Acc: 48.31%, Loss: 2.6357
Epoch: 2, Batch: 110, Acc: 48.65%, Loss: 2.5794
Epoch: 2, Batch: 120, Acc: 48.63%, Loss: 2.6056
Epoch: 2, Batch: 130, Acc: 48.89%, Loss: 2.5612
Epoch: 2, Batch: 140, Acc: 48.71%, Loss: 2.6269
Epoch: 2, Batch: 150, Acc: 48.53%, Loss: 2.5959
Epoch: 2, Batch: 160, Acc: 48.45%, Loss: 2.5606
Epoch: 2, Batch: 170, Acc: 48.47%, Loss: 2.5456
Epoch: 2, Batch: 180, Acc: 48.61%, Loss: 2.4964
Epoch: 2, Batch: 190, Acc: 48.78%, Loss: 2.4843
Epoch: 2, Batch: 200, Acc: 48.91%, Loss: 2.4586
Epoch: 2, Batch: 210, Acc: 48.85%, Loss: 2.5256
Epoch: 2, Batch: 220, Acc: 48.88%, Loss: 2.4714
Epoch: 2, Batch: 230, Acc: 48.92%, Loss: 2.4481
Epoch: 2, Batch: 240, Acc: 48.82%, Loss: 2.5054
Epoch: 2, Batch: 250, Acc: 48.87%, Loss: 2.4474
Accuracy on test set: 4.88%
Epoch: 3, Batch: 10, Acc: 48.12%, Loss: 2.4560
Epoch: 3, Batch: 20, Acc: 48.75%, Loss: 2.4522
Epoch: 3, Batch: 30, Acc: 49.43%, Loss: 2.4070
Epoch: 3, Batch: 40, Acc: 49.88%, Loss: 2.3826
Epoch: 3, Batch: 50, Acc: 49.66%, Loss: 2.3944
Epoch: 3, Batch: 60, Acc: 49.74%, Loss: 2.3836
Epoch: 3, Batch: 70, Acc: 49.78%, Loss: 2.3965
Epoch: 3, Batch: 80, Acc: 49.69%, Loss: 2.3759
Epoch: 3, Batch: 90, Acc: 49.53%, Loss: 2.4107
Epoch: 3, Batch: 100, Acc: 49.59%, Loss: 2.3674
Epoch: 3, Batch: 110, Acc: 49.33%, Loss: 2.4340
Epoch: 3, Batch: 120, Acc: 49.44%, Loss: 2.3325
Epoch: 3, Batch: 130, Acc: 49.15%, Loss: 2.4578
Epoch: 3, Batch: 140, Acc: 49.19%, Loss: 2.3506
Epoch: 3, Batch: 150, Acc: 49.12%, Loss: 2.3905
Epoch: 3, Batch: 160, Acc: 48.91%, Loss: 2.4480
Epoch: 3, Batch: 170, Acc: 48.93%, Loss: 2.3502
Epoch: 3, Batch: 180, Acc: 48.74%, Loss: 2.4067
Epoch: 3, Batch: 190, Acc: 48.96%, Loss: 2.2681
Epoch: 3, Batch: 200, Acc: 48.92%, Loss: 2.3515
Epoch: 3, Batch: 210, Acc: 49.06%, Loss: 2.2769
Epoch: 3, Batch: 220, Acc: 49.13%, Loss: 2.2978
Epoch: 3, Batch: 230, Acc: 49.12%, Loss: 2.3403
Epoch: 3, Batch: 240, Acc: 49.09%, Loss: 2.3348
Epoch: 3, Batch: 250, Acc: 48.94%, Loss: 2.3958
Accuracy on test set: 4.88%
Epoch: 4, Batch: 10, Acc: 52.19%, Loss: 2.2591
Epoch: 4, Batch: 20, Acc: 50.78%, Loss: 2.3197
Epoch: 4, Batch: 30, Acc: 49.84%, Loss: 2.3253
Epoch: 4, Batch: 40, Acc: 50.00%, Loss: 2.2796
Epoch: 4, Batch: 50, Acc: 49.91%, Loss: 2.2820
Epoch: 4, Batch: 60, Acc: 50.21%, Loss: 2.2210
Epoch: 4, Batch: 70, Acc: 49.87%, Loss: 2.3433
Epoch: 4, Batch: 80, Acc: 49.82%, Loss: 2.3042
Epoch: 4, Batch: 90, Acc: 49.77%, Loss: 2.2918
Epoch: 4, Batch: 100, Acc: 49.56%, Loss: 2.3112
Epoch: 4, Batch: 110, Acc: 49.52%, Loss: 2.2825
Epoch: 4, Batch: 120, Acc: 49.66%, Loss: 2.2346
Epoch: 4, Batch: 130, Acc: 49.50%, Loss: 2.3372
Epoch: 4, Batch: 140, Acc: 49.48%, Loss: 2.2857
Epoch: 4, Batch: 150, Acc: 49.36%, Loss: 2.2958
Epoch: 4, Batch: 160, Acc: 49.25%, Loss: 2.3083
Epoch: 4, Batch: 170, Acc: 49.42%, Loss: 2.1894
Epoch: 4, Batch: 180, Acc: 49.38%, Loss: 2.2772
Epoch: 4, Batch: 190, Acc: 49.29%, Loss: 2.2900
Epoch: 4, Batch: 200, Acc: 49.19%, Loss: 2.3118
Epoch: 4, Batch: 210, Acc: 49.17%, Loss: 2.2864
Epoch: 4, Batch: 220, Acc: 49.23%, Loss: 2.2006
Epoch: 4, Batch: 230, Acc: 49.07%, Loss: 2.3641
Epoch: 4, Batch: 240, Acc: 48.98%, Loss: 2.2951
Epoch: 4, Batch: 250, Acc: 48.96%, Loss: 2.2608
Accuracy on test set: 4.88%
Epoch: 5, Batch: 10, Acc: 52.34%, Loss: 2.2194
Epoch: 5, Batch: 20, Acc: 51.56%, Loss: 2.2060
Epoch: 5, Batch: 30, Acc: 49.69%, Loss: 2.3395
Epoch: 5, Batch: 40, Acc: 48.79%, Loss: 2.2920
Epoch: 5, Batch: 50, Acc: 48.44%, Loss: 2.3202
Epoch: 5, Batch: 60, Acc: 48.78%, Loss: 2.1995
Epoch: 5, Batch: 70, Acc: 48.88%, Loss: 2.2170
Epoch: 5, Batch: 80, Acc: 48.46%, Loss: 2.3259
Epoch: 5, Batch: 90, Acc: 49.11%, Loss: 2.1082
Epoch: 5, Batch: 100, Acc: 49.20%, Loss: 2.2326
Epoch: 5, Batch: 110, Acc: 49.01%, Loss: 2.2764
Epoch: 5, Batch: 120, Acc: 49.13%, Loss: 2.1978
Epoch: 5, Batch: 130, Acc: 48.92%, Loss: 2.3152
Epoch: 5, Batch: 140, Acc: 49.13%, Loss: 2.1591
Epoch: 5, Batch: 150, Acc: 49.06%, Loss: 2.2547
Epoch: 5, Batch: 160, Acc: 49.03%, Loss: 2.2483
Epoch: 5, Batch: 170, Acc: 49.03%, Loss: 2.2054
Epoch: 5, Batch: 180, Acc: 49.05%, Loss: 2.2090
Epoch: 5, Batch: 190, Acc: 49.07%, Loss: 2.2147
Epoch: 5, Batch: 200, Acc: 49.07%, Loss: 2.2215
Epoch: 5, Batch: 210, Acc: 49.05%, Loss: 2.2463
Epoch: 5, Batch: 220, Acc: 49.06%, Loss: 2.2307
Epoch: 5, Batch: 230, Acc: 49.10%, Loss: 2.1943
Epoch: 5, Batch: 240, Acc: 49.04%, Loss: 2.2270
Epoch: 5, Batch: 250, Acc: 48.97%, Loss: 2.2454
Accuracy on test set: 4.88%
Epoch: 6, Batch: 10, Acc: 50.62%, Loss: 2.1830
Epoch: 6, Batch: 20, Acc: 48.12%, Loss: 2.3010
Epoch: 6, Batch: 30, Acc: 48.07%, Loss: 2.2127
Epoch: 6, Batch: 40, Acc: 48.44%, Loss: 2.2267
Epoch: 6, Batch: 50, Acc: 48.31%, Loss: 2.2331
Epoch: 6, Batch: 60, Acc: 49.01%, Loss: 2.1079
Epoch: 6, Batch: 70, Acc: 48.42%, Loss: 2.2998
Epoch: 6, Batch: 80, Acc: 48.55%, Loss: 2.2072
Epoch: 6, Batch: 90, Acc: 48.37%, Loss: 2.2524
Epoch: 6, Batch: 100, Acc: 48.47%, Loss: 2.1713
Epoch: 6, Batch: 110, Acc: 48.66%, Loss: 2.1435
Epoch: 6, Batch: 120, Acc: 48.87%, Loss: 2.1426
Epoch: 6, Batch: 130, Acc: 48.89%, Loss: 2.1944
Epoch: 6, Batch: 140, Acc: 48.77%, Loss: 2.2735
Epoch: 6, Batch: 150, Acc: 48.74%, Loss: 2.2326
Epoch: 6, Batch: 160, Acc: 48.97%, Loss: 2.1092
Epoch: 6, Batch: 170, Acc: 49.15%, Loss: 2.1033
Epoch: 6, Batch: 180, Acc: 49.18%, Loss: 2.1702
Epoch: 6, Batch: 190, Acc: 49.04%, Loss: 2.2698
Epoch: 6, Batch: 200, Acc: 49.15%, Loss: 2.1053
Epoch: 6, Batch: 210, Acc: 49.09%, Loss: 2.1911
Epoch: 6, Batch: 220, Acc: 49.05%, Loss: 2.1924
Epoch: 6, Batch: 230, Acc: 49.13%, Loss: 2.1300
Epoch: 6, Batch: 240, Acc: 49.11%, Loss: 2.1927
Epoch: 6, Batch: 250, Acc: 48.99%, Loss: 2.2818
Accuracy on test set: 4.88%
Epoch: 7, Batch: 10, Acc: 54.53%, Loss: 2.0120
Epoch: 7, Batch: 20, Acc: 52.19%, Loss: 2.1522
Epoch: 7, Batch: 30, Acc: 50.62%, Loss: 2.2263
Epoch: 7, Batch: 40, Acc: 51.09%, Loss: 2.0556
Epoch: 7, Batch: 50, Acc: 50.38%, Loss: 2.2238
Epoch: 7, Batch: 60, Acc: 50.05%, Loss: 2.2027
Epoch: 7, Batch: 70, Acc: 50.02%, Loss: 2.1386
Epoch: 7, Batch: 80, Acc: 50.29%, Loss: 2.0995
Epoch: 7, Batch: 90, Acc: 50.26%, Loss: 2.1399
Epoch: 7, Batch: 100, Acc: 49.92%, Loss: 2.1877
Epoch: 7, Batch: 110, Acc: 49.87%, Loss: 2.1426
Epoch: 7, Batch: 120, Acc: 49.92%, Loss: 2.1598
Epoch: 7, Batch: 130, Acc: 49.92%, Loss: 2.1376
Epoch: 7, Batch: 140, Acc: 49.90%, Loss: 2.1570
Epoch: 7, Batch: 150, Acc: 49.71%, Loss: 2.2161
Epoch: 7, Batch: 160, Acc: 49.34%, Loss: 2.2997
Epoch: 7, Batch: 170, Acc: 49.27%, Loss: 2.1910
Epoch: 7, Batch: 180, Acc: 49.29%, Loss: 2.1295
Epoch: 7, Batch: 190, Acc: 49.25%, Loss: 2.1752
Epoch: 7, Batch: 200, Acc: 49.03%, Loss: 2.2503
Epoch: 7, Batch: 210, Acc: 48.97%, Loss: 2.2120
Epoch: 7, Batch: 220, Acc: 49.01%, Loss: 2.1883
Epoch: 7, Batch: 230, Acc: 48.98%, Loss: 2.1638
Epoch: 7, Batch: 240, Acc: 49.07%, Loss: 2.1146
Epoch: 7, Batch: 250, Acc: 48.96%, Loss: 2.1996
Accuracy on test set: 4.88%
Epoch: 8, Batch: 10, Acc: 50.31%, Loss: 2.1138
Epoch: 8, Batch: 20, Acc: 49.77%, Loss: 2.1198
Epoch: 8, Batch: 30, Acc: 48.23%, Loss: 2.2592
Epoch: 8, Batch: 40, Acc: 48.59%, Loss: 2.0843
Epoch: 8, Batch: 50, Acc: 48.47%, Loss: 2.1471
Epoch: 8, Batch: 60, Acc: 48.54%, Loss: 2.1886
Epoch: 8, Batch: 70, Acc: 48.35%, Loss: 2.2022
Epoch: 8, Batch: 80, Acc: 48.05%, Loss: 2.1919
Epoch: 8, Batch: 90, Acc: 48.26%, Loss: 2.1145
Epoch: 8, Batch: 100, Acc: 48.44%, Loss: 2.0741
Epoch: 8, Batch: 110, Acc: 48.57%, Loss: 2.1285
Epoch: 8, Batch: 120, Acc: 48.57%, Loss: 2.1585
Epoch: 8, Batch: 130, Acc: 48.50%, Loss: 2.1889
Epoch: 8, Batch: 140, Acc: 48.59%, Loss: 2.1669
Epoch: 8, Batch: 150, Acc: 48.60%, Loss: 2.1171
Epoch: 8, Batch: 160, Acc: 48.79%, Loss: 2.0923
Epoch: 8, Batch: 170, Acc: 48.75%, Loss: 2.1725
Epoch: 8, Batch: 180, Acc: 48.92%, Loss: 2.0743
Epoch: 8, Batch: 190, Acc: 48.99%, Loss: 2.0921
Epoch: 8, Batch: 200, Acc: 48.91%, Loss: 2.1902
Epoch: 8, Batch: 210, Acc: 48.91%, Loss: 2.1247
Epoch: 8, Batch: 220, Acc: 48.86%, Loss: 2.1854
Epoch: 8, Batch: 230, Acc: 48.93%, Loss: 2.1104
Epoch: 8, Batch: 240, Acc: 48.98%, Loss: 2.1116
Epoch: 8, Batch: 250, Acc: 48.98%, Loss: 2.1363
Accuracy on test set: 4.07%
Epoch: 9, Batch: 10, Acc: 49.69%, Loss: 2.1147
Epoch: 9, Batch: 20, Acc: 48.36%, Loss: 2.1632
Epoch: 9, Batch: 30, Acc: 49.84%, Loss: 1.9797
Epoch: 9, Batch: 40, Acc: 50.27%, Loss: 2.0732
Epoch: 9, Batch: 50, Acc: 50.03%, Loss: 2.1289
Epoch: 9, Batch: 60, Acc: 50.18%, Loss: 2.0609
Epoch: 9, Batch: 70, Acc: 50.13%, Loss: 2.1420
Epoch: 9, Batch: 80, Acc: 49.94%, Loss: 2.1302
Epoch: 9, Batch: 90, Acc: 49.77%, Loss: 2.1547
Epoch: 9, Batch: 100, Acc: 49.38%, Loss: 2.1744
Epoch: 9, Batch: 110, Acc: 49.33%, Loss: 2.0982
Epoch: 9, Batch: 120, Acc: 49.34%, Loss: 2.1484
Epoch: 9, Batch: 130, Acc: 49.33%, Loss: 2.0786
Epoch: 9, Batch: 140, Acc: 49.44%, Loss: 2.0666
Epoch: 9, Batch: 150, Acc: 49.36%, Loss: 2.1371
Epoch: 9, Batch: 160, Acc: 49.36%, Loss: 2.0995
Epoch: 9, Batch: 170, Acc: 49.29%, Loss: 2.1536
Epoch: 9, Batch: 180, Acc: 49.36%, Loss: 2.1037
Epoch: 9, Batch: 190, Acc: 49.31%, Loss: 2.1580
Epoch: 9, Batch: 200, Acc: 49.16%, Loss: 2.1680
Epoch: 9, Batch: 210, Acc: 49.11%, Loss: 2.1472
Epoch: 9, Batch: 220, Acc: 49.11%, Loss: 2.1071
Epoch: 9, Batch: 230, Acc: 49.05%, Loss: 2.1190
Epoch: 9, Batch: 240, Acc: 49.13%, Loss: 2.0539
Epoch: 9, Batch: 250, Acc: 49.03%, Loss: 2.1639
Accuracy on test set: 1.85%
Epoch: 10, Batch: 10, Acc: 47.03%, Loss: 2.1088
Epoch: 10, Batch: 20, Acc: 47.73%, Loss: 2.1403
Epoch: 10, Batch: 30, Acc: 47.81%, Loss: 2.1213
Epoch: 10, Batch: 40, Acc: 48.95%, Loss: 2.0259
Epoch: 10, Batch: 50, Acc: 48.38%, Loss: 2.1665
Epoch: 10, Batch: 60, Acc: 48.12%, Loss: 2.1295
Epoch: 10, Batch: 70, Acc: 48.37%, Loss: 2.0626
Epoch: 10, Batch: 80, Acc: 48.46%, Loss: 2.0830
Epoch: 10, Batch: 90, Acc: 48.42%, Loss: 2.1106
Epoch: 10, Batch: 100, Acc: 48.27%, Loss: 2.1690
Epoch: 10, Batch: 110, Acc: 48.17%, Loss: 2.1394
Epoch: 10, Batch: 120, Acc: 48.24%, Loss: 2.0901
Epoch: 10, Batch: 130, Acc: 48.55%, Loss: 2.0171
Epoch: 10, Batch: 140, Acc: 48.83%, Loss: 2.0158
Epoch: 10, Batch: 150, Acc: 48.77%, Loss: 2.1117
Epoch: 10, Batch: 160, Acc: 48.93%, Loss: 2.0464
Epoch: 10, Batch: 170, Acc: 48.98%, Loss: 2.0766
Epoch: 10, Batch: 180, Acc: 49.00%, Loss: 2.0623
Epoch: 10, Batch: 190, Acc: 49.13%, Loss: 2.0368
Epoch: 10, Batch: 200, Acc: 49.07%, Loss: 2.1067
Epoch: 10, Batch: 210, Acc: 49.03%, Loss: 2.0906
Epoch: 10, Batch: 220, Acc: 48.96%, Loss: 2.1446
Epoch: 10, Batch: 230, Acc: 48.89%, Loss: 2.1273
Epoch: 10, Batch: 240, Acc: 48.84%, Loss: 2.1456
Epoch: 10, Batch: 250, Acc: 48.86%, Loss: 2.0696
Accuracy on test set: 1.85%
  [Run 3 | eps=0.5 | quid | none | GPU 0] Training Time: 6167.67s  Best Acc: 4.90%

  [Run 3 | eps=0.5 | quid | none | GPU 0] Evaluating final model on clean test data...
  Accuracy    : 0.0490
  Loss        : 3.0955
  Precision   : 0.0083
  Recall      : 0.0436
  F1          : 0.0140
  Fpr         : 0.0435
  Fnr         : 0.9564
  Roc_auc     : 0.6745
  Pr_auc      : 0.1277
  Asr         : 93.4037
Metrics saved to eps0.5/qmlp-az-quid-run3-layer50_quid_eps0.5_quid_none.csv
  [Run 3 | eps=0.5 | quid | none | GPU 0] Done. Saved → eps0.5/qmlp-az-quid-run3-layer50-noiseless-Amplitude_eps0.5_quid_none.pt

====================================================================
 [Run 3 | eps=0.5 | quid | q-detection | GPU 1]
====================================================================
  [Run 3 | eps=0.5 | quid | q-detection | GPU 1] Stratified subset: 16100 samples (700 per class max, from 184342 total)
  [QUID] Computing density matrices for 8050 poisoned samples ...
  [QUID] Density matrices done in 10.5s
  [QUID] Assigning adversarial labels ...
  [QUID] Label assignment done in 421.9s
  [QUID] Labels changed: 8050/8050
  [Run 3 | eps=0.5 | quid | q-detection | GPU 1] Poisoned: 8050/16100
  [Run 3 | eps=0.5 | quid | q-detection | GPU 1] J matrix: 16100x16100 (2074 MB)
Epoch: 1, Batch: 10, Acc: 4.22%, Loss: 3.1993
Epoch: 1, Batch: 20, Acc: 3.36%, Loss: 3.1951
Epoch: 1, Batch: 30, Acc: 3.49%, Loss: 3.1718
Epoch: 1, Batch: 40, Acc: 3.24%, Loss: 3.1721
Epoch: 1, Batch: 50, Acc: 3.44%, Loss: 3.1367
Epoch: 1, Batch: 60, Acc: 3.52%, Loss: 3.1433
Epoch: 1, Batch: 70, Acc: 3.46%, Loss: 3.1199
Epoch: 1, Batch: 80, Acc: 3.57%, Loss: 3.0964
Epoch: 1, Batch: 90, Acc: 3.58%, Loss: 3.0796
Epoch: 1, Batch: 100, Acc: 3.84%, Loss: 3.0501
Epoch: 1, Batch: 110, Acc: 4.40%, Loss: 3.0427
Epoch: 1, Batch: 120, Acc: 4.86%, Loss: 3.0374
Epoch: 1, Batch: 130, Acc: 5.59%, Loss: 2.9999
Epoch: 1, Batch: 140, Acc: 6.48%, Loss: 2.9821
Epoch: 1, Batch: 150, Acc: 7.64%, Loss: 2.9690
Epoch: 1, Batch: 160, Acc: 9.12%, Loss: 2.9312
Epoch: 1, Batch: 170, Acc: 10.61%, Loss: 2.9102
Epoch: 1, Batch: 180, Acc: 12.34%, Loss: 2.8872
Epoch: 1, Batch: 190, Acc: 13.81%, Loss: 2.8873
Epoch: 1, Batch: 200, Acc: 15.38%, Loss: 2.8071
Epoch: 1, Batch: 210, Acc: 16.95%, Loss: 2.7956
Epoch: 1, Batch: 220, Acc: 18.34%, Loss: 2.7999
Epoch: 1, Batch: 230, Acc: 19.63%, Loss: 2.7783
Epoch: 1, Batch: 240, Acc: 20.85%, Loss: 2.7593
Epoch: 1, Batch: 250, Acc: 21.94%, Loss: 2.7349
Accuracy on test set: 4.90%
Epoch: 2, Batch: 10, Acc: 47.97%, Loss: 2.7213
Epoch: 2, Batch: 20, Acc: 49.14%, Loss: 2.6784
Epoch: 2, Batch: 30, Acc: 48.54%, Loss: 2.6796
Epoch: 2, Batch: 40, Acc: 48.28%, Loss: 2.6532
Epoch: 2, Batch: 50, Acc: 48.78%, Loss: 2.5941
Epoch: 2, Batch: 60, Acc: 48.59%, Loss: 2.6401
Epoch: 2, Batch: 70, Acc: 48.42%, Loss: 2.5907
Epoch: 2, Batch: 80, Acc: 48.36%, Loss: 2.5921
Epoch: 2, Batch: 90, Acc: 48.39%, Loss: 2.5374
Epoch: 2, Batch: 100, Acc: 48.30%, Loss: 2.5282
Epoch: 2, Batch: 110, Acc: 48.64%, Loss: 2.4673
Epoch: 2, Batch: 120, Acc: 48.62%, Loss: 2.4592
Epoch: 2, Batch: 130, Acc: 48.88%, Loss: 2.4482
Epoch: 2, Batch: 140, Acc: 48.69%, Loss: 2.5192
Epoch: 2, Batch: 150, Acc: 48.52%, Loss: 2.4757
Epoch: 2, Batch: 160, Acc: 48.44%, Loss: 2.4069
Epoch: 2, Batch: 170, Acc: 48.47%, Loss: 2.4076
Epoch: 2, Batch: 180, Acc: 48.60%, Loss: 2.3737
Epoch: 2, Batch: 190, Acc: 48.77%, Loss: 2.3314
Epoch: 2, Batch: 200, Acc: 48.90%, Loss: 2.3458
Epoch: 2, Batch: 210, Acc: 48.84%, Loss: 2.3780
Epoch: 2, Batch: 220, Acc: 48.87%, Loss: 2.3839
Epoch: 2, Batch: 230, Acc: 48.91%, Loss: 2.2805
Epoch: 2, Batch: 240, Acc: 48.81%, Loss: 2.3935
Epoch: 2, Batch: 250, Acc: 48.86%, Loss: 2.3445
Accuracy on test set: 4.88%
Epoch: 3, Batch: 10, Acc: 48.12%, Loss: 2.2810
Epoch: 3, Batch: 20, Acc: 48.75%, Loss: 2.3874
Epoch: 3, Batch: 30, Acc: 49.43%, Loss: 2.3335
Epoch: 3, Batch: 40, Acc: 49.88%, Loss: 2.3280
Epoch: 3, Batch: 50, Acc: 49.66%, Loss: 2.3034
Epoch: 3, Batch: 60, Acc: 49.74%, Loss: 2.3039
Epoch: 3, Batch: 70, Acc: 49.78%, Loss: 2.2866
Epoch: 3, Batch: 80, Acc: 49.69%, Loss: 2.2337
Epoch: 3, Batch: 90, Acc: 49.53%, Loss: 2.2876
Epoch: 3, Batch: 100, Acc: 49.59%, Loss: 2.2646
Epoch: 3, Batch: 110, Acc: 49.33%, Loss: 2.3518
Epoch: 3, Batch: 120, Acc: 49.44%, Loss: 2.2058
Epoch: 3, Batch: 130, Acc: 49.15%, Loss: 2.3161
Epoch: 3, Batch: 140, Acc: 49.19%, Loss: 2.1971
Epoch: 3, Batch: 150, Acc: 49.12%, Loss: 2.1478
Epoch: 3, Batch: 160, Acc: 48.91%, Loss: 2.3040
Epoch: 3, Batch: 170, Acc: 48.93%, Loss: 2.2082
Epoch: 3, Batch: 180, Acc: 48.74%, Loss: 2.3481
Epoch: 3, Batch: 190, Acc: 48.96%, Loss: 2.1398
Epoch: 3, Batch: 200, Acc: 48.92%, Loss: 2.3108
Epoch: 3, Batch: 210, Acc: 49.06%, Loss: 2.1435
Epoch: 3, Batch: 220, Acc: 49.13%, Loss: 2.2148
Epoch: 3, Batch: 230, Acc: 49.12%, Loss: 2.0886
Epoch: 3, Batch: 240, Acc: 49.09%, Loss: 2.1612
Epoch: 3, Batch: 250, Acc: 48.94%, Loss: 2.2185
Accuracy on test set: 4.88%
Epoch: 4, Batch: 10, Acc: 52.19%, Loss: 2.1835
Epoch: 4, Batch: 20, Acc: 50.78%, Loss: 2.0729
Epoch: 4, Batch: 30, Acc: 49.84%, Loss: 2.2897
Epoch: 4, Batch: 40, Acc: 50.00%, Loss: 2.1063
Epoch: 4, Batch: 50, Acc: 49.91%, Loss: 2.1720
Epoch: 4, Batch: 60, Acc: 50.21%, Loss: 2.1215
Epoch: 4, Batch: 70, Acc: 49.87%, Loss: 2.1867
Epoch: 4, Batch: 80, Acc: 49.82%, Loss: 2.1374
Epoch: 4, Batch: 90, Acc: 49.77%, Loss: 2.2315
Epoch: 4, Batch: 100, Acc: 49.56%, Loss: 2.1494
Epoch: 4, Batch: 110, Acc: 49.52%, Loss: 2.2474
Epoch: 4, Batch: 120, Acc: 49.66%, Loss: 2.1185
Epoch: 4, Batch: 130, Acc: 49.50%, Loss: 2.4118
Epoch: 4, Batch: 140, Acc: 49.48%, Loss: 2.3643
Epoch: 4, Batch: 150, Acc: 49.36%, Loss: 2.1221
Epoch: 4, Batch: 160, Acc: 49.25%, Loss: 2.2062
Epoch: 4, Batch: 170, Acc: 49.42%, Loss: 2.1704
Epoch: 4, Batch: 180, Acc: 49.38%, Loss: 1.9958
Epoch: 4, Batch: 190, Acc: 49.29%, Loss: 2.2605
Epoch: 4, Batch: 200, Acc: 49.19%, Loss: 2.1785
Epoch: 4, Batch: 210, Acc: 49.17%, Loss: 2.1708
Epoch: 4, Batch: 220, Acc: 49.23%, Loss: 2.2311
Epoch: 4, Batch: 230, Acc: 49.07%, Loss: 2.4565
Epoch: 4, Batch: 240, Acc: 48.98%, Loss: 2.2336
Epoch: 4, Batch: 250, Acc: 48.96%, Loss: 2.1362
Accuracy on test set: 4.88%
Epoch: 5, Batch: 10, Acc: 52.34%, Loss: 2.0478
Epoch: 5, Batch: 20, Acc: 51.56%, Loss: 2.5370
Epoch: 5, Batch: 30, Acc: 49.69%, Loss: 2.2233
Epoch: 5, Batch: 40, Acc: 48.79%, Loss: 2.3261
Epoch: 5, Batch: 50, Acc: 48.44%, Loss: 2.3974
Epoch: 5, Batch: 60, Acc: 48.78%, Loss: 2.2280
Epoch: 5, Batch: 70, Acc: 48.88%, Loss: 2.2685
Epoch: 5, Batch: 80, Acc: 48.46%, Loss: 2.2771
Epoch: 5, Batch: 90, Acc: 49.11%, Loss: 2.0184
Epoch: 5, Batch: 100, Acc: 49.20%, Loss: 2.3112
Epoch: 5, Batch: 110, Acc: 49.01%, Loss: 2.1756
Epoch: 5, Batch: 120, Acc: 49.13%, Loss: 2.4979
Epoch: 5, Batch: 130, Acc: 48.92%, Loss: 2.2955
Epoch: 5, Batch: 140, Acc: 49.13%, Loss: 2.0799
Epoch: 5, Batch: 150, Acc: 49.06%, Loss: 2.2538
Epoch: 5, Batch: 160, Acc: 49.03%, Loss: 2.0281
Epoch: 5, Batch: 170, Acc: 49.03%, Loss: 2.2460
Epoch: 5, Batch: 180, Acc: 49.05%, Loss: 2.2090
Epoch: 5, Batch: 190, Acc: 49.07%, Loss: 2.2816
Epoch: 5, Batch: 200, Acc: 49.07%, Loss: 2.2884
Epoch: 5, Batch: 210, Acc: 49.05%, Loss: 2.4663
Epoch: 5, Batch: 220, Acc: 49.06%, Loss: 2.0418
Epoch: 5, Batch: 230, Acc: 49.10%, Loss: 2.1916
Epoch: 5, Batch: 240, Acc: 49.04%, Loss: 2.3003
Epoch: 5, Batch: 250, Acc: 48.97%, Loss: 2.2541
Accuracy on test set: 4.88%
Epoch: 6, Batch: 10, Acc: 50.62%, Loss: 2.2945
Epoch: 6, Batch: 20, Acc: 48.12%, Loss: 2.1971
Epoch: 6, Batch: 30, Acc: 48.07%, Loss: 2.6303
Epoch: 6, Batch: 40, Acc: 48.44%, Loss: 2.2769
Epoch: 6, Batch: 50, Acc: 48.31%, Loss: 2.3195
Epoch: 6, Batch: 60, Acc: 49.01%, Loss: 2.2617
Epoch: 6, Batch: 70, Acc: 48.42%, Loss: 2.8274
Epoch: 6, Batch: 80, Acc: 48.55%, Loss: 2.0014
Epoch: 6, Batch: 90, Acc: 48.37%, Loss: 2.7541
Epoch: 6, Batch: 100, Acc: 48.47%, Loss: 2.2350
Epoch: 6, Batch: 110, Acc: 48.66%, Loss: 2.3160
Epoch: 6, Batch: 120, Acc: 48.87%, Loss: 2.4561
Epoch: 6, Batch: 130, Acc: 48.89%, Loss: 2.1912
Epoch: 6, Batch: 140, Acc: 48.77%, Loss: 2.5407
Epoch: 6, Batch: 150, Acc: 48.74%, Loss: 2.4754
Epoch: 6, Batch: 160, Acc: 48.97%, Loss: 2.1537
Epoch: 6, Batch: 170, Acc: 49.15%, Loss: 2.6127
Epoch: 6, Batch: 180, Acc: 49.18%, Loss: 2.3915
Epoch: 6, Batch: 190, Acc: 49.04%, Loss: 2.3540
Epoch: 6, Batch: 200, Acc: 49.15%, Loss: 2.3502
Epoch: 6, Batch: 210, Acc: 49.09%, Loss: 2.5705
Epoch: 6, Batch: 220, Acc: 49.05%, Loss: 2.0151
Epoch: 6, Batch: 230, Acc: 49.13%, Loss: 2.3908
Epoch: 6, Batch: 240, Acc: 49.11%, Loss: 2.4195
Epoch: 6, Batch: 250, Acc: 48.99%, Loss: 2.1743
Accuracy on test set: 4.88%
Epoch: 7, Batch: 10, Acc: 54.53%, Loss: 1.4291
Epoch: 7, Batch: 20, Acc: 52.19%, Loss: 2.3203
Epoch: 7, Batch: 30, Acc: 50.62%, Loss: 2.3506
Epoch: 7, Batch: 40, Acc: 51.09%, Loss: 1.8748
Epoch: 7, Batch: 50, Acc: 50.38%, Loss: 2.1809
Epoch: 7, Batch: 60, Acc: 50.05%, Loss: 2.0766
Epoch: 7, Batch: 70, Acc: 50.02%, Loss: 1.9490
Epoch: 7, Batch: 80, Acc: 50.29%, Loss: 2.4156
Epoch: 7, Batch: 90, Acc: 50.26%, Loss: 2.1450
Epoch: 7, Batch: 100, Acc: 49.92%, Loss: 2.1837
Epoch: 7, Batch: 110, Acc: 49.87%, Loss: 2.3053
Epoch: 7, Batch: 120, Acc: 49.92%, Loss: 2.2463
Epoch: 7, Batch: 130, Acc: 49.92%, Loss: 2.1754
Epoch: 7, Batch: 140, Acc: 49.90%, Loss: 2.3027
Epoch: 7, Batch: 150, Acc: 49.71%, Loss: 2.5372
Epoch: 7, Batch: 160, Acc: 49.34%, Loss: 2.5050
Epoch: 7, Batch: 170, Acc: 49.27%, Loss: 2.4822
Epoch: 7, Batch: 180, Acc: 49.29%, Loss: 2.5919
Epoch: 7, Batch: 190, Acc: 49.25%, Loss: 1.9006
Epoch: 7, Batch: 200, Acc: 49.03%, Loss: 1.9784
Epoch: 7, Batch: 210, Acc: 48.97%, Loss: 2.2690
Epoch: 7, Batch: 220, Acc: 49.01%, Loss: 2.1273
Epoch: 7, Batch: 230, Acc: 48.98%, Loss: 2.1769
Epoch: 7, Batch: 240, Acc: 49.07%, Loss: 2.2994
Epoch: 7, Batch: 250, Acc: 48.96%, Loss: 2.6981
Accuracy on test set: 4.88%
Epoch: 8, Batch: 10, Acc: 50.31%, Loss: 2.0871
Epoch: 8, Batch: 20, Acc: 49.77%, Loss: 2.6573
Epoch: 8, Batch: 30, Acc: 48.23%, Loss: 2.7347
Epoch: 8, Batch: 40, Acc: 48.59%, Loss: 2.3778
Epoch: 8, Batch: 50, Acc: 48.44%, Loss: 2.6787
Epoch: 8, Batch: 60, Acc: 48.52%, Loss: 2.7600
Epoch: 8, Batch: 70, Acc: 48.33%, Loss: 2.7763
Epoch: 8, Batch: 80, Acc: 48.03%, Loss: 2.3585
Epoch: 8, Batch: 90, Acc: 48.25%, Loss: 2.3481
Epoch: 8, Batch: 100, Acc: 48.42%, Loss: 2.3235
Epoch: 8, Batch: 110, Acc: 48.55%, Loss: 2.6626
Epoch: 8, Batch: 120, Acc: 48.55%, Loss: 2.1541
Epoch: 8, Batch: 130, Acc: 48.49%, Loss: 2.5232
Epoch: 8, Batch: 140, Acc: 48.58%, Loss: 3.0682
Epoch: 8, Batch: 150, Acc: 48.59%, Loss: 2.4618
Epoch: 8, Batch: 160, Acc: 48.78%, Loss: 2.3226
Epoch: 8, Batch: 170, Acc: 48.74%, Loss: 2.7180
Epoch: 8, Batch: 180, Acc: 48.91%, Loss: 2.1828
Epoch: 8, Batch: 190, Acc: 48.98%, Loss: 2.8159
Epoch: 8, Batch: 200, Acc: 48.90%, Loss: 2.7430
Epoch: 8, Batch: 210, Acc: 48.91%, Loss: 2.7014
Epoch: 8, Batch: 220, Acc: 48.85%, Loss: 2.6562
Epoch: 8, Batch: 230, Acc: 48.93%, Loss: 2.1653
Epoch: 8, Batch: 240, Acc: 48.97%, Loss: 2.3392
Epoch: 8, Batch: 250, Acc: 48.97%, Loss: 2.6612
Accuracy on test set: 4.88%
Epoch: 9, Batch: 10, Acc: 49.84%, Loss: 2.1744
Epoch: 9, Batch: 20, Acc: 48.44%, Loss: 2.5024
Epoch: 9, Batch: 30, Acc: 49.90%, Loss: 2.8544
Epoch: 9, Batch: 40, Acc: 50.31%, Loss: 3.1000
Epoch: 9, Batch: 50, Acc: 50.09%, Loss: 2.8573
Epoch: 9, Batch: 60, Acc: 50.21%, Loss: 2.5346
Epoch: 9, Batch: 70, Acc: 50.18%, Loss: 2.5573
Epoch: 9, Batch: 80, Acc: 49.98%, Loss: 2.7749
Epoch: 9, Batch: 90, Acc: 49.86%, Loss: 2.5493
Epoch: 9, Batch: 100, Acc: 49.47%, Loss: 2.6391
Epoch: 9, Batch: 110, Acc: 49.42%, Loss: 1.9972
Epoch: 9, Batch: 120, Acc: 49.41%, Loss: 2.7863
Epoch: 9, Batch: 130, Acc: 49.40%, Loss: 2.4574
Epoch: 9, Batch: 140, Acc: 49.51%, Loss: 2.3723
Epoch: 9, Batch: 150, Acc: 49.43%, Loss: 2.3684
Epoch: 9, Batch: 160, Acc: 49.41%, Loss: 2.4999
Epoch: 9, Batch: 170, Acc: 49.36%, Loss: 2.5373
Epoch: 9, Batch: 180, Acc: 49.42%, Loss: 2.2016
Epoch: 9, Batch: 190, Acc: 49.35%, Loss: 2.3884
Epoch: 9, Batch: 200, Acc: 49.25%, Loss: 2.6638
Epoch: 9, Batch: 210, Acc: 49.21%, Loss: 3.0387
Epoch: 9, Batch: 220, Acc: 49.20%, Loss: 2.8450
Epoch: 9, Batch: 230, Acc: 49.14%, Loss: 2.7529
Epoch: 9, Batch: 240, Acc: 49.21%, Loss: 2.5031
Epoch: 9, Batch: 250, Acc: 49.12%, Loss: 2.6868
Accuracy on test set: 3.22%
Epoch: 10, Batch: 10, Acc: 47.50%, Loss: 2.5187
Epoch: 10, Batch: 20, Acc: 47.11%, Loss: 2.8764
Epoch: 10, Batch: 30, Acc: 47.34%, Loss: 2.3851
Epoch: 10, Batch: 40, Acc: 48.71%, Loss: 2.8881
Epoch: 10, Batch: 50, Acc: 48.03%, Loss: 2.7209
Epoch: 10, Batch: 60, Acc: 47.97%, Loss: 2.6774
Epoch: 10, Batch: 70, Acc: 48.24%, Loss: 2.6401
Epoch: 10, Batch: 80, Acc: 48.28%, Loss: 2.5067
Epoch: 10, Batch: 90, Acc: 48.32%, Loss: 2.8596
Epoch: 10, Batch: 100, Acc: 48.12%, Loss: 2.3829
Epoch: 10, Batch: 110, Acc: 48.01%, Loss: 2.8224
Epoch: 10, Batch: 120, Acc: 48.11%, Loss: 2.9992
Epoch: 10, Batch: 130, Acc: 48.41%, Loss: 2.8360
Epoch: 10, Batch: 140, Acc: 48.65%, Loss: 2.7692
Epoch: 10, Batch: 150, Acc: 48.61%, Loss: 2.4028
Epoch: 10, Batch: 160, Acc: 48.77%, Loss: 2.8316
Epoch: 10, Batch: 170, Acc: 48.81%, Loss: 2.3468
Epoch: 10, Batch: 180, Acc: 48.87%, Loss: 2.8288
Epoch: 10, Batch: 190, Acc: 48.96%, Loss: 2.3303
Epoch: 10, Batch: 200, Acc: 48.96%, Loss: 2.6553
Epoch: 10, Batch: 210, Acc: 48.91%, Loss: 2.6364
Epoch: 10, Batch: 220, Acc: 48.84%, Loss: 2.8421
Epoch: 10, Batch: 230, Acc: 48.79%, Loss: 2.5334
Epoch: 10, Batch: 240, Acc: 48.67%, Loss: 2.3692
Epoch: 10, Batch: 250, Acc: 48.70%, Loss: 2.3057
Accuracy on test set: 0.14%
  [Run 3 | eps=0.5 | quid | q-detection | GPU 1] Training Time: 12668.61s  Best Acc: 4.90%

  [Run 3 | eps=0.5 | quid | q-detection | GPU 1] Evaluating final model on clean test data...
  Accuracy    : 0.0490
  Loss        : 3.0941
  Precision   : 0.0054
  Recall      : 0.0436
  F1          : 0.0096
  Fpr         : 0.0435
  Fnr         : 0.9564
  Roc_auc     : 0.6571
  Pr_auc      : 0.1559
  Asr         : 93.0807
Metrics saved to eps0.5/qmlp-az-quid-run3-layer50_quid_eps0.5_quid_qdetection.csv
  [Run 3 | eps=0.5 | quid | q-detection | GPU 1] Done. Saved → eps0.5/qmlp-az-quid-run3-layer50-noiseless-Amplitude_eps0.5_quid_qdetection.pt

====================================================================
 [Run 3 | eps=0.5 | random | none | GPU 0]
====================================================================
  [Run 3 | eps=0.5 | random | none | GPU 0] Stratified subset: 16100 samples (700 per class max, from 184342 total)
  [Run 3 | eps=0.5 | random | none | GPU 0] Poisoned: 8050/16100
Epoch: 1, Batch: 10, Acc: 4.22%, Loss: 3.1553
Epoch: 1, Batch: 20, Acc: 4.53%, Loss: 3.1467
Epoch: 1, Batch: 30, Acc: 4.74%, Loss: 3.1350
Epoch: 1, Batch: 40, Acc: 4.53%, Loss: 3.1534
Epoch: 1, Batch: 50, Acc: 4.53%, Loss: 3.1386
Epoch: 1, Batch: 60, Acc: 4.64%, Loss: 3.1480
Epoch: 1, Batch: 70, Acc: 4.67%, Loss: 3.1318
Epoch: 1, Batch: 80, Acc: 4.86%, Loss: 3.1243
Epoch: 1, Batch: 90, Acc: 5.10%, Loss: 3.1241
Epoch: 1, Batch: 100, Acc: 5.50%, Loss: 3.1252
Epoch: 1, Batch: 110, Acc: 5.61%, Loss: 3.1273
Epoch: 1, Batch: 120, Acc: 5.86%, Loss: 3.1358
Epoch: 1, Batch: 130, Acc: 5.88%, Loss: 3.1258
Epoch: 1, Batch: 140, Acc: 6.06%, Loss: 3.1203
Epoch: 1, Batch: 150, Acc: 6.12%, Loss: 3.1149
Epoch: 1, Batch: 160, Acc: 6.23%, Loss: 3.1253
Epoch: 1, Batch: 170, Acc: 6.53%, Loss: 3.1099
Epoch: 1, Batch: 180, Acc: 6.68%, Loss: 3.1209
Epoch: 1, Batch: 190, Acc: 6.77%, Loss: 3.1101
Epoch: 1, Batch: 200, Acc: 6.97%, Loss: 3.1039
Epoch: 1, Batch: 210, Acc: 7.13%, Loss: 3.1135
Epoch: 1, Batch: 220, Acc: 7.37%, Loss: 3.1019
Epoch: 1, Batch: 230, Acc: 7.42%, Loss: 3.1152
Epoch: 1, Batch: 240, Acc: 7.43%, Loss: 3.1199
Epoch: 1, Batch: 250, Acc: 7.49%, Loss: 3.1151
Accuracy on test set: 18.44%
Epoch: 2, Batch: 10, Acc: 11.25%, Loss: 3.0994
Epoch: 2, Batch: 20, Acc: 11.09%, Loss: 3.0997
Epoch: 2, Batch: 30, Acc: 11.09%, Loss: 3.0914
Epoch: 2, Batch: 40, Acc: 10.55%, Loss: 3.0934
Epoch: 2, Batch: 50, Acc: 10.47%, Loss: 3.0959
Epoch: 2, Batch: 60, Acc: 10.42%, Loss: 3.1055
Epoch: 2, Batch: 70, Acc: 10.54%, Loss: 3.0810
Epoch: 2, Batch: 80, Acc: 10.68%, Loss: 3.0765
Epoch: 2, Batch: 90, Acc: 10.80%, Loss: 3.0939
Epoch: 2, Batch: 100, Acc: 11.06%, Loss: 3.0782
Epoch: 2, Batch: 110, Acc: 10.98%, Loss: 3.0792
Epoch: 2, Batch: 120, Acc: 11.16%, Loss: 3.0896
Epoch: 2, Batch: 130, Acc: 11.37%, Loss: 3.0914
Epoch: 2, Batch: 140, Acc: 11.40%, Loss: 3.0896
Epoch: 2, Batch: 150, Acc: 11.56%, Loss: 3.0866
Epoch: 2, Batch: 160, Acc: 11.52%, Loss: 3.0776
Epoch: 2, Batch: 170, Acc: 11.63%, Loss: 3.0706
Epoch: 2, Batch: 180, Acc: 11.79%, Loss: 3.0681
Epoch: 2, Batch: 190, Acc: 11.85%, Loss: 3.0757
Epoch: 2, Batch: 200, Acc: 12.15%, Loss: 3.0706
Epoch: 2, Batch: 210, Acc: 12.24%, Loss: 3.0645
Epoch: 2, Batch: 220, Acc: 12.38%, Loss: 3.0755
Epoch: 2, Batch: 230, Acc: 12.66%, Loss: 3.0408
Epoch: 2, Batch: 240, Acc: 12.77%, Loss: 3.0595
Epoch: 2, Batch: 250, Acc: 12.78%, Loss: 3.0660
Accuracy on test set: 28.06%
Epoch: 3, Batch: 10, Acc: 17.03%, Loss: 3.0624
Epoch: 3, Batch: 20, Acc: 16.80%, Loss: 3.0658
Epoch: 3, Batch: 30, Acc: 17.24%, Loss: 3.0509
Epoch: 3, Batch: 40, Acc: 17.66%, Loss: 3.0476
Epoch: 3, Batch: 50, Acc: 17.62%, Loss: 3.0207
Epoch: 3, Batch: 60, Acc: 17.73%, Loss: 3.0492
Epoch: 3, Batch: 70, Acc: 17.83%, Loss: 3.0460
Epoch: 3, Batch: 80, Acc: 17.79%, Loss: 3.0704
Epoch: 3, Batch: 90, Acc: 17.67%, Loss: 3.0608
Epoch: 3, Batch: 100, Acc: 17.78%, Loss: 3.0369
Epoch: 3, Batch: 110, Acc: 17.74%, Loss: 3.0679
Epoch: 3, Batch: 120, Acc: 17.79%, Loss: 3.0637
Epoch: 3, Batch: 130, Acc: 17.70%, Loss: 3.0647
Epoch: 3, Batch: 140, Acc: 17.65%, Loss: 3.0553
Epoch: 3, Batch: 150, Acc: 17.74%, Loss: 3.0433
Epoch: 3, Batch: 160, Acc: 17.59%, Loss: 3.0520
Epoch: 3, Batch: 170, Acc: 17.71%, Loss: 3.0302
Epoch: 3, Batch: 180, Acc: 17.76%, Loss: 3.0274
Epoch: 3, Batch: 190, Acc: 17.67%, Loss: 3.0620
Epoch: 3, Batch: 200, Acc: 17.84%, Loss: 3.0190
Epoch: 3, Batch: 210, Acc: 17.92%, Loss: 3.0429
Epoch: 3, Batch: 220, Acc: 17.91%, Loss: 3.0439
Epoch: 3, Batch: 230, Acc: 18.02%, Loss: 3.0346
Epoch: 3, Batch: 240, Acc: 18.00%, Loss: 3.0487
Epoch: 3, Batch: 250, Acc: 17.95%, Loss: 3.0506
Accuracy on test set: 32.46%
Epoch: 4, Batch: 10, Acc: 15.16%, Loss: 3.0630
Epoch: 4, Batch: 20, Acc: 17.73%, Loss: 3.0250
Epoch: 4, Batch: 30, Acc: 17.92%, Loss: 3.0396
Epoch: 4, Batch: 40, Acc: 19.14%, Loss: 2.9987
Epoch: 4, Batch: 50, Acc: 18.62%, Loss: 3.0488
Epoch: 4, Batch: 60, Acc: 18.67%, Loss: 3.0230
Epoch: 4, Batch: 70, Acc: 18.53%, Loss: 3.0413
Epoch: 4, Batch: 80, Acc: 18.24%, Loss: 3.0380
Epoch: 4, Batch: 90, Acc: 18.44%, Loss: 3.0215
Epoch: 4, Batch: 100, Acc: 18.64%, Loss: 3.0060
Epoch: 4, Batch: 110, Acc: 18.61%, Loss: 3.0332
Epoch: 4, Batch: 120, Acc: 18.80%, Loss: 3.0033
Epoch: 4, Batch: 130, Acc: 18.67%, Loss: 3.0416
Epoch: 4, Batch: 140, Acc: 18.69%, Loss: 3.0201
Epoch: 4, Batch: 150, Acc: 18.71%, Loss: 3.0125
Epoch: 4, Batch: 160, Acc: 18.80%, Loss: 3.0234
Epoch: 4, Batch: 170, Acc: 18.95%, Loss: 3.0091
Epoch: 4, Batch: 180, Acc: 19.06%, Loss: 3.0288
Epoch: 4, Batch: 190, Acc: 19.10%, Loss: 3.0221
Epoch: 4, Batch: 200, Acc: 19.09%, Loss: 3.0177
Epoch: 4, Batch: 210, Acc: 19.02%, Loss: 3.0406
Epoch: 4, Batch: 220, Acc: 19.21%, Loss: 2.9811
Epoch: 4, Batch: 230, Acc: 19.18%, Loss: 3.0398
Epoch: 4, Batch: 240, Acc: 19.23%, Loss: 3.0016
Epoch: 4, Batch: 250, Acc: 19.24%, Loss: 3.0038
Accuracy on test set: 34.63%
Epoch: 5, Batch: 10, Acc: 20.94%, Loss: 3.0125
Epoch: 5, Batch: 20, Acc: 20.47%, Loss: 2.9930
Epoch: 5, Batch: 30, Acc: 19.64%, Loss: 3.0035
Epoch: 5, Batch: 40, Acc: 20.00%, Loss: 2.9838
Epoch: 5, Batch: 50, Acc: 19.69%, Loss: 3.0055
Epoch: 5, Batch: 60, Acc: 19.95%, Loss: 3.0014
Epoch: 5, Batch: 70, Acc: 20.65%, Loss: 2.9737
Epoch: 5, Batch: 80, Acc: 20.62%, Loss: 3.0113
Epoch: 5, Batch: 90, Acc: 20.59%, Loss: 2.9870
Epoch: 5, Batch: 100, Acc: 20.47%, Loss: 3.0226
Epoch: 5, Batch: 110, Acc: 20.57%, Loss: 2.9854
Epoch: 5, Batch: 120, Acc: 20.48%, Loss: 2.9978
Epoch: 5, Batch: 130, Acc: 20.32%, Loss: 3.0178
Epoch: 5, Batch: 140, Acc: 20.41%, Loss: 2.9950
Epoch: 5, Batch: 150, Acc: 20.58%, Loss: 2.9854
Epoch: 5, Batch: 160, Acc: 20.49%, Loss: 3.0193
Epoch: 5, Batch: 170, Acc: 20.50%, Loss: 2.9960
Epoch: 5, Batch: 180, Acc: 20.49%, Loss: 2.9988
Epoch: 5, Batch: 190, Acc: 20.54%, Loss: 2.9991
Epoch: 5, Batch: 200, Acc: 20.57%, Loss: 2.9921
Epoch: 5, Batch: 210, Acc: 20.51%, Loss: 3.0159
Epoch: 5, Batch: 220, Acc: 20.40%, Loss: 3.0301
Epoch: 5, Batch: 230, Acc: 20.33%, Loss: 3.0035
Epoch: 5, Batch: 240, Acc: 20.24%, Loss: 3.0188
Epoch: 5, Batch: 250, Acc: 20.26%, Loss: 3.0029
Accuracy on test set: 36.93%
Epoch: 6, Batch: 10, Acc: 19.69%, Loss: 2.9945
Epoch: 6, Batch: 20, Acc: 19.77%, Loss: 3.0041
Epoch: 6, Batch: 30, Acc: 20.83%, Loss: 2.9651
Epoch: 6, Batch: 40, Acc: 20.43%, Loss: 3.0147
Epoch: 6, Batch: 50, Acc: 21.22%, Loss: 2.9788
Epoch: 6, Batch: 60, Acc: 21.07%, Loss: 2.9838
Epoch: 6, Batch: 70, Acc: 21.07%, Loss: 2.9938
Epoch: 6, Batch: 80, Acc: 21.11%, Loss: 2.9866
Epoch: 6, Batch: 90, Acc: 21.35%, Loss: 2.9797
Epoch: 6, Batch: 100, Acc: 21.50%, Loss: 2.9576
Epoch: 6, Batch: 110, Acc: 21.35%, Loss: 2.9865
Epoch: 6, Batch: 120, Acc: 21.32%, Loss: 2.9950
Epoch: 6, Batch: 130, Acc: 21.09%, Loss: 3.0023
Epoch: 6, Batch: 140, Acc: 20.98%, Loss: 3.0210
Epoch: 6, Batch: 150, Acc: 21.12%, Loss: 2.9731
Epoch: 6, Batch: 160, Acc: 21.10%, Loss: 3.0064
Epoch: 6, Batch: 170, Acc: 21.22%, Loss: 2.9424
Epoch: 6, Batch: 180, Acc: 21.32%, Loss: 2.9761
Epoch: 6, Batch: 190, Acc: 21.57%, Loss: 2.9613
Epoch: 6, Batch: 200, Acc: 21.67%, Loss: 2.9623
Epoch: 6, Batch: 210, Acc: 21.70%, Loss: 2.9568
Epoch: 6, Batch: 220, Acc: 21.57%, Loss: 2.9879
Epoch: 6, Batch: 230, Acc: 21.48%, Loss: 2.9719
Epoch: 6, Batch: 240, Acc: 21.44%, Loss: 2.9777
Epoch: 6, Batch: 250, Acc: 21.32%, Loss: 3.0038
Accuracy on test set: 38.41%
Epoch: 7, Batch: 10, Acc: 21.56%, Loss: 2.9538
Epoch: 7, Batch: 20, Acc: 22.81%, Loss: 2.9614
Epoch: 7, Batch: 30, Acc: 22.66%, Loss: 2.9700
Epoch: 7, Batch: 40, Acc: 22.42%, Loss: 2.9581
Epoch: 7, Batch: 50, Acc: 22.06%, Loss: 2.9603
Epoch: 7, Batch: 60, Acc: 21.46%, Loss: 3.0115
Epoch: 7, Batch: 70, Acc: 21.85%, Loss: 2.9620
Epoch: 7, Batch: 80, Acc: 22.01%, Loss: 2.9589
Epoch: 7, Batch: 90, Acc: 21.89%, Loss: 2.9411
Epoch: 7, Batch: 100, Acc: 22.11%, Loss: 2.9275
Epoch: 7, Batch: 110, Acc: 22.13%, Loss: 2.9756
Epoch: 7, Batch: 120, Acc: 21.98%, Loss: 2.9958
Epoch: 7, Batch: 130, Acc: 21.74%, Loss: 2.9811
Epoch: 7, Batch: 140, Acc: 21.69%, Loss: 2.9788
Epoch: 7, Batch: 150, Acc: 21.54%, Loss: 2.9689
Epoch: 7, Batch: 160, Acc: 21.64%, Loss: 2.9690
Epoch: 7, Batch: 170, Acc: 21.75%, Loss: 2.9721
Epoch: 7, Batch: 180, Acc: 21.81%, Loss: 2.9493
Epoch: 7, Batch: 190, Acc: 21.74%, Loss: 2.9537
Epoch: 7, Batch: 200, Acc: 21.71%, Loss: 2.9640
Epoch: 7, Batch: 210, Acc: 21.86%, Loss: 2.9542
Epoch: 7, Batch: 220, Acc: 21.83%, Loss: 3.0111
Epoch: 7, Batch: 230, Acc: 21.94%, Loss: 2.9595
Epoch: 7, Batch: 240, Acc: 21.93%, Loss: 2.9573
Epoch: 7, Batch: 250, Acc: 22.14%, Loss: 2.9318
Accuracy on test set: 39.80%
Epoch: 8, Batch: 10, Acc: 23.91%, Loss: 2.9312
Epoch: 8, Batch: 20, Acc: 23.12%, Loss: 2.9508
Epoch: 8, Batch: 30, Acc: 23.12%, Loss: 2.9489
Epoch: 8, Batch: 40, Acc: 22.93%, Loss: 2.9211
Epoch: 8, Batch: 50, Acc: 22.88%, Loss: 2.9369
Epoch: 8, Batch: 60, Acc: 22.55%, Loss: 2.9590
Epoch: 8, Batch: 70, Acc: 22.77%, Loss: 2.9298
Epoch: 8, Batch: 80, Acc: 22.93%, Loss: 2.9356
Epoch: 8, Batch: 90, Acc: 22.62%, Loss: 2.9897
Epoch: 8, Batch: 100, Acc: 22.42%, Loss: 3.0056
Epoch: 8, Batch: 110, Acc: 22.29%, Loss: 2.9775
Epoch: 8, Batch: 120, Acc: 22.37%, Loss: 2.9399
Epoch: 8, Batch: 130, Acc: 22.63%, Loss: 2.9234
Epoch: 8, Batch: 140, Acc: 22.53%, Loss: 2.9939
Epoch: 8, Batch: 150, Acc: 22.55%, Loss: 2.9471
Epoch: 8, Batch: 160, Acc: 22.56%, Loss: 2.9578
Epoch: 8, Batch: 170, Acc: 22.53%, Loss: 2.9536
Epoch: 8, Batch: 180, Acc: 22.49%, Loss: 2.9692
Epoch: 8, Batch: 190, Acc: 22.51%, Loss: 2.9212
Epoch: 8, Batch: 200, Acc: 22.63%, Loss: 2.9341
Epoch: 8, Batch: 210, Acc: 22.69%, Loss: 2.9190
Epoch: 8, Batch: 220, Acc: 22.64%, Loss: 2.9508
Epoch: 8, Batch: 230, Acc: 22.68%, Loss: 2.9218
Epoch: 8, Batch: 240, Acc: 22.71%, Loss: 2.9660
Epoch: 8, Batch: 250, Acc: 22.61%, Loss: 2.9564
Accuracy on test set: 40.29%
Epoch: 9, Batch: 10, Acc: 21.56%, Loss: 2.9714
Epoch: 9, Batch: 20, Acc: 22.81%, Loss: 2.9376
Epoch: 9, Batch: 30, Acc: 23.65%, Loss: 2.9361
Epoch: 9, Batch: 40, Acc: 23.87%, Loss: 2.9173
Epoch: 9, Batch: 50, Acc: 23.31%, Loss: 2.9589
Epoch: 9, Batch: 60, Acc: 23.07%, Loss: 2.9484
Epoch: 9, Batch: 70, Acc: 22.99%, Loss: 2.9232
Epoch: 9, Batch: 80, Acc: 22.99%, Loss: 2.9359
Epoch: 9, Batch: 90, Acc: 23.19%, Loss: 2.9250
Epoch: 9, Batch: 100, Acc: 23.36%, Loss: 2.9119
Epoch: 9, Batch: 110, Acc: 23.32%, Loss: 2.9164
Epoch: 9, Batch: 120, Acc: 23.20%, Loss: 2.9307
Epoch: 9, Batch: 130, Acc: 23.19%, Loss: 2.9107
Epoch: 9, Batch: 140, Acc: 23.31%, Loss: 2.9036
Epoch: 9, Batch: 150, Acc: 23.03%, Loss: 2.9778
Epoch: 9, Batch: 160, Acc: 23.04%, Loss: 2.9178
Epoch: 9, Batch: 170, Acc: 23.00%, Loss: 2.9202
Epoch: 9, Batch: 180, Acc: 22.94%, Loss: 2.9332
Epoch: 9, Batch: 190, Acc: 22.99%, Loss: 2.9375
Epoch: 9, Batch: 200, Acc: 22.95%, Loss: 2.9430
Epoch: 9, Batch: 210, Acc: 23.01%, Loss: 2.9050
Epoch: 9, Batch: 220, Acc: 22.86%, Loss: 2.9706
Epoch: 9, Batch: 230, Acc: 22.74%, Loss: 2.9559
Epoch: 9, Batch: 240, Acc: 22.83%, Loss: 2.9141
Epoch: 9, Batch: 250, Acc: 22.84%, Loss: 2.9427
Accuracy on test set: 40.67%
Epoch: 10, Batch: 10, Acc: 22.97%, Loss: 2.9571
Epoch: 10, Batch: 20, Acc: 23.20%, Loss: 2.9339
Epoch: 10, Batch: 30, Acc: 22.45%, Loss: 2.9544
Epoch: 10, Batch: 40, Acc: 22.73%, Loss: 2.9127
Epoch: 10, Batch: 50, Acc: 22.66%, Loss: 2.9020
Epoch: 10, Batch: 60, Acc: 22.47%, Loss: 2.9310
Epoch: 10, Batch: 70, Acc: 22.63%, Loss: 2.9249
Epoch: 10, Batch: 80, Acc: 22.87%, Loss: 2.9202
Epoch: 10, Batch: 90, Acc: 22.83%, Loss: 2.9132
Epoch: 10, Batch: 100, Acc: 22.98%, Loss: 2.8940
Epoch: 10, Batch: 110, Acc: 23.00%, Loss: 2.9253
Epoch: 10, Batch: 120, Acc: 23.06%, Loss: 2.9286
Epoch: 10, Batch: 130, Acc: 23.02%, Loss: 2.9143
Epoch: 10, Batch: 140, Acc: 22.98%, Loss: 2.9495
Epoch: 10, Batch: 150, Acc: 23.27%, Loss: 2.8651
Epoch: 10, Batch: 160, Acc: 23.28%, Loss: 2.9217
Epoch: 10, Batch: 170, Acc: 23.29%, Loss: 2.9252
Epoch: 10, Batch: 180, Acc: 23.20%, Loss: 2.9122
Epoch: 10, Batch: 190, Acc: 23.17%, Loss: 2.9219
Epoch: 10, Batch: 200, Acc: 23.17%, Loss: 2.9280
Epoch: 10, Batch: 210, Acc: 23.10%, Loss: 2.9245
Epoch: 10, Batch: 220, Acc: 23.00%, Loss: 2.9228
Epoch: 10, Batch: 230, Acc: 23.08%, Loss: 2.9060
Epoch: 10, Batch: 240, Acc: 22.99%, Loss: 2.9540
Epoch: 10, Batch: 250, Acc: 23.18%, Loss: 2.8530
Accuracy on test set: 41.72%
  [Run 3 | eps=0.5 | random | none | GPU 0] Training Time: 6145.79s  Best Acc: 41.72%

  [Run 3 | eps=0.5 | random | none | GPU 0] Evaluating final model on clean test data...
  Accuracy    : 0.4172
  Loss        : 2.6164
  Precision   : 0.3483
  Recall      : 0.4329
  F1          : 0.3860
  Fpr         : 0.0264
  Fnr         : 0.5671
  Roc_auc     : 0.8683
  Pr_auc      : 0.4267
  Asr         : 3.0186
Metrics saved to eps0.5/qmlp-az-quid-run3-layer50_quid_eps0.5_random_none.csv
  [Run 3 | eps=0.5 | random | none | GPU 0] Done. Saved → eps0.5/qmlp-az-quid-run3-layer50-noiseless-Amplitude_eps0.5_random_none.pt

====================================================================
 [Run 3 | eps=0.5 | random | q-detection | GPU 1]
====================================================================
  [Run 3 | eps=0.5 | random | q-detection | GPU 1] Stratified subset: 16100 samples (700 per class max, from 184342 total)
  [Run 3 | eps=0.5 | random | q-detection | GPU 1] Poisoned: 8050/16100
  [Run 3 | eps=0.5 | random | q-detection | GPU 1] J matrix: 16100x16100 (2074 MB)
Epoch: 1, Batch: 10, Acc: 4.38%, Loss: 3.1194
Epoch: 1, Batch: 20, Acc: 4.84%, Loss: 3.1045
Epoch: 1, Batch: 30, Acc: 4.90%, Loss: 3.1038
Epoch: 1, Batch: 40, Acc: 4.65%, Loss: 3.1223
Epoch: 1, Batch: 50, Acc: 4.62%, Loss: 3.1097
Epoch: 1, Batch: 60, Acc: 4.71%, Loss: 3.1145
Epoch: 1, Batch: 70, Acc: 4.71%, Loss: 3.0994
Epoch: 1, Batch: 80, Acc: 4.86%, Loss: 3.0920
Epoch: 1, Batch: 90, Acc: 5.07%, Loss: 3.0915
Epoch: 1, Batch: 100, Acc: 5.36%, Loss: 3.0963
Epoch: 1, Batch: 110, Acc: 5.33%, Loss: 3.1049
Epoch: 1, Batch: 120, Acc: 5.49%, Loss: 3.1002
Epoch: 1, Batch: 130, Acc: 5.52%, Loss: 3.0967
Epoch: 1, Batch: 140, Acc: 5.67%, Loss: 3.0940
Epoch: 1, Batch: 150, Acc: 5.60%, Loss: 3.0868
Epoch: 1, Batch: 160, Acc: 5.66%, Loss: 3.0965
Epoch: 1, Batch: 170, Acc: 5.80%, Loss: 3.0820
Epoch: 1, Batch: 180, Acc: 5.79%, Loss: 3.0939
Epoch: 1, Batch: 190, Acc: 5.90%, Loss: 3.0819
Epoch: 1, Batch: 200, Acc: 6.05%, Loss: 3.0759
Epoch: 1, Batch: 210, Acc: 6.14%, Loss: 3.0888
Epoch: 1, Batch: 220, Acc: 6.34%, Loss: 3.0636
Epoch: 1, Batch: 230, Acc: 6.44%, Loss: 3.0938
Epoch: 1, Batch: 240, Acc: 6.49%, Loss: 3.0926
Epoch: 1, Batch: 250, Acc: 6.59%, Loss: 3.0821
Accuracy on test set: 16.15%
Epoch: 2, Batch: 10, Acc: 9.84%, Loss: 3.0818
Epoch: 2, Batch: 20, Acc: 9.77%, Loss: 3.0727
Epoch: 2, Batch: 30, Acc: 10.05%, Loss: 3.0452
Epoch: 2, Batch: 40, Acc: 9.65%, Loss: 3.0697
Epoch: 2, Batch: 50, Acc: 9.47%, Loss: 3.0488
Epoch: 2, Batch: 60, Acc: 9.30%, Loss: 3.0704
Epoch: 2, Batch: 70, Acc: 9.33%, Loss: 3.0461
Epoch: 2, Batch: 80, Acc: 9.61%, Loss: 3.0209
Epoch: 2, Batch: 90, Acc: 9.50%, Loss: 3.0593
Epoch: 2, Batch: 100, Acc: 9.70%, Loss: 3.0072
Epoch: 2, Batch: 110, Acc: 9.67%, Loss: 3.0214
Epoch: 2, Batch: 120, Acc: 9.78%, Loss: 3.0508
Epoch: 2, Batch: 130, Acc: 9.80%, Loss: 3.0605
Epoch: 2, Batch: 140, Acc: 9.74%, Loss: 3.0429
Epoch: 2, Batch: 150, Acc: 9.79%, Loss: 3.0384
Epoch: 2, Batch: 160, Acc: 9.83%, Loss: 3.0185
Epoch: 2, Batch: 170, Acc: 9.78%, Loss: 3.0182
Epoch: 2, Batch: 180, Acc: 9.86%, Loss: 3.0019
Epoch: 2, Batch: 190, Acc: 9.87%, Loss: 3.0264
Epoch: 2, Batch: 200, Acc: 9.93%, Loss: 3.0047
Epoch: 2, Batch: 210, Acc: 10.01%, Loss: 2.9880
Epoch: 2, Batch: 220, Acc: 10.03%, Loss: 3.0221
Epoch: 2, Batch: 230, Acc: 10.13%, Loss: 2.9399
Epoch: 2, Batch: 240, Acc: 10.23%, Loss: 2.9668
Epoch: 2, Batch: 250, Acc: 10.20%, Loss: 3.0055
Accuracy on test set: 18.22%
Epoch: 3, Batch: 10, Acc: 12.03%, Loss: 3.0022
Epoch: 3, Batch: 20, Acc: 11.41%, Loss: 3.0193
Epoch: 3, Batch: 30, Acc: 11.77%, Loss: 2.9808
Epoch: 3, Batch: 40, Acc: 11.91%, Loss: 2.9565
Epoch: 3, Batch: 50, Acc: 12.19%, Loss: 2.9467
Epoch: 3, Batch: 60, Acc: 12.11%, Loss: 2.9966
Epoch: 3, Batch: 70, Acc: 12.03%, Loss: 2.9929
Epoch: 3, Batch: 80, Acc: 11.76%, Loss: 3.0381
Epoch: 3, Batch: 90, Acc: 11.51%, Loss: 3.0114
Epoch: 3, Batch: 100, Acc: 11.42%, Loss: 2.9581
Epoch: 3, Batch: 110, Acc: 11.29%, Loss: 3.0421
Epoch: 3, Batch: 120, Acc: 11.39%, Loss: 2.9940
Epoch: 3, Batch: 130, Acc: 11.35%, Loss: 3.0245
Epoch: 3, Batch: 140, Acc: 11.33%, Loss: 3.0097
Epoch: 3, Batch: 150, Acc: 11.39%, Loss: 2.9498
Epoch: 3, Batch: 160, Acc: 11.28%, Loss: 2.9825
Epoch: 3, Batch: 170, Acc: 11.31%, Loss: 2.9145
Epoch: 3, Batch: 180, Acc: 11.53%, Loss: 2.9312
Epoch: 3, Batch: 190, Acc: 11.41%, Loss: 3.0136
Epoch: 3, Batch: 200, Acc: 11.65%, Loss: 2.9263
Epoch: 3, Batch: 210, Acc: 11.60%, Loss: 3.0004
Epoch: 3, Batch: 220, Acc: 11.63%, Loss: 2.9609
Epoch: 3, Batch: 230, Acc: 11.66%, Loss: 2.9680
Epoch: 3, Batch: 240, Acc: 11.67%, Loss: 3.0517
Epoch: 3, Batch: 250, Acc: 11.64%, Loss: 3.0342
Accuracy on test set: 20.73%
Epoch: 4, Batch: 10, Acc: 9.53%, Loss: 3.0633
Epoch: 4, Batch: 20, Acc: 11.09%, Loss: 3.0456
Epoch: 4, Batch: 30, Acc: 11.67%, Loss: 3.0161
Epoch: 4, Batch: 40, Acc: 12.58%, Loss: 2.9378
Epoch: 4, Batch: 50, Acc: 12.34%, Loss: 3.0997
Epoch: 4, Batch: 60, Acc: 12.84%, Loss: 2.9772
Epoch: 4, Batch: 70, Acc: 13.04%, Loss: 3.0110
Epoch: 4, Batch: 80, Acc: 13.09%, Loss: 2.9909
Epoch: 4, Batch: 90, Acc: 13.33%, Loss: 2.9683
Epoch: 4, Batch: 100, Acc: 13.80%, Loss: 2.9863
Epoch: 4, Batch: 110, Acc: 13.78%, Loss: 2.9785
Epoch: 4, Batch: 120, Acc: 14.14%, Loss: 2.9761
Epoch: 4, Batch: 130, Acc: 13.98%, Loss: 2.9727
Epoch: 4, Batch: 140, Acc: 14.13%, Loss: 3.0045
Epoch: 4, Batch: 150, Acc: 14.23%, Loss: 2.9314
Epoch: 4, Batch: 160, Acc: 14.43%, Loss: 2.9897
Epoch: 4, Batch: 170, Acc: 14.47%, Loss: 3.0062
Epoch: 4, Batch: 180, Acc: 14.49%, Loss: 3.0268
Epoch: 4, Batch: 190, Acc: 14.53%, Loss: 3.0111
Epoch: 4, Batch: 200, Acc: 14.58%, Loss: 2.9493
Epoch: 4, Batch: 210, Acc: 14.53%, Loss: 3.0140
Epoch: 4, Batch: 220, Acc: 14.66%, Loss: 2.8925
Epoch: 4, Batch: 230, Acc: 14.61%, Loss: 3.0312
Epoch: 4, Batch: 240, Acc: 14.63%, Loss: 2.9869
Epoch: 4, Batch: 250, Acc: 14.71%, Loss: 2.9838
Accuracy on test set: 27.09%
Epoch: 5, Batch: 10, Acc: 16.72%, Loss: 3.0369
Epoch: 5, Batch: 20, Acc: 15.78%, Loss: 2.9998
Epoch: 5, Batch: 30, Acc: 15.78%, Loss: 3.0017
Epoch: 5, Batch: 40, Acc: 16.37%, Loss: 3.0372
Epoch: 5, Batch: 50, Acc: 16.09%, Loss: 3.0359
Epoch: 5, Batch: 60, Acc: 16.56%, Loss: 2.9092
Epoch: 5, Batch: 70, Acc: 16.85%, Loss: 2.9734
Epoch: 5, Batch: 80, Acc: 16.66%, Loss: 3.0219
Epoch: 5, Batch: 90, Acc: 16.77%, Loss: 2.8879
Epoch: 5, Batch: 100, Acc: 16.53%, Loss: 3.0050
Epoch: 5, Batch: 110, Acc: 16.62%, Loss: 2.9498
Epoch: 5, Batch: 120, Acc: 16.54%, Loss: 3.0056
Epoch: 5, Batch: 130, Acc: 16.38%, Loss: 2.9662
Epoch: 5, Batch: 140, Acc: 16.41%, Loss: 3.0318
Epoch: 5, Batch: 150, Acc: 16.58%, Loss: 2.9796
Epoch: 5, Batch: 160, Acc: 16.53%, Loss: 3.0415
Epoch: 5, Batch: 170, Acc: 16.56%, Loss: 3.0003
Epoch: 5, Batch: 180, Acc: 16.57%, Loss: 2.9723
Epoch: 5, Batch: 190, Acc: 16.75%, Loss: 2.9509
Epoch: 5, Batch: 200, Acc: 16.80%, Loss: 2.9747
Epoch: 5, Batch: 210, Acc: 16.78%, Loss: 3.0204
Epoch: 5, Batch: 220, Acc: 16.78%, Loss: 3.0414
Epoch: 5, Batch: 230, Acc: 16.81%, Loss: 3.0388
Epoch: 5, Batch: 240, Acc: 16.80%, Loss: 3.0414
Epoch: 5, Batch: 250, Acc: 16.87%, Loss: 2.9384
Accuracy on test set: 30.19%
Epoch: 6, Batch: 10, Acc: 15.94%, Loss: 2.9006
Epoch: 6, Batch: 20, Acc: 15.94%, Loss: 3.0092
Epoch: 6, Batch: 30, Acc: 16.93%, Loss: 3.0633
Epoch: 6, Batch: 40, Acc: 16.45%, Loss: 3.0506
Epoch: 6, Batch: 50, Acc: 16.78%, Loss: 3.0256
Epoch: 6, Batch: 60, Acc: 17.03%, Loss: 2.9951
Epoch: 6, Batch: 70, Acc: 16.90%, Loss: 2.9557
Epoch: 6, Batch: 80, Acc: 16.86%, Loss: 2.9465
Epoch: 6, Batch: 90, Acc: 17.01%, Loss: 3.0425
Epoch: 6, Batch: 100, Acc: 17.34%, Loss: 2.8926
Epoch: 6, Batch: 110, Acc: 17.32%, Loss: 3.0830
Epoch: 6, Batch: 120, Acc: 17.28%, Loss: 2.9741
Epoch: 6, Batch: 130, Acc: 17.27%, Loss: 3.0385
Epoch: 6, Batch: 140, Acc: 17.11%, Loss: 3.0449
Epoch: 6, Batch: 150, Acc: 17.19%, Loss: 3.0253
Epoch: 6, Batch: 160, Acc: 17.18%, Loss: 2.9538
Epoch: 6, Batch: 170, Acc: 17.43%, Loss: 2.9588
Epoch: 6, Batch: 180, Acc: 17.58%, Loss: 3.0677
Epoch: 6, Batch: 190, Acc: 17.69%, Loss: 2.8799
Epoch: 6, Batch: 200, Acc: 17.77%, Loss: 3.0065
Epoch: 6, Batch: 210, Acc: 17.78%, Loss: 2.9538
Epoch: 6, Batch: 220, Acc: 17.69%, Loss: 2.9178
Epoch: 6, Batch: 230, Acc: 17.57%, Loss: 3.0575
Epoch: 6, Batch: 240, Acc: 17.51%, Loss: 3.0029
Epoch: 6, Batch: 250, Acc: 17.49%, Loss: 3.0733
Accuracy on test set: 30.31%
Epoch: 7, Batch: 10, Acc: 17.81%, Loss: 2.9503
Epoch: 7, Batch: 20, Acc: 18.05%, Loss: 2.9327
Epoch: 7, Batch: 30, Acc: 17.97%, Loss: 2.9745
Epoch: 7, Batch: 40, Acc: 17.62%, Loss: 2.9231
Epoch: 7, Batch: 50, Acc: 17.44%, Loss: 2.9587
Epoch: 7, Batch: 60, Acc: 16.82%, Loss: 3.0819
Epoch: 7, Batch: 70, Acc: 17.30%, Loss: 3.0581
Epoch: 7, Batch: 80, Acc: 17.58%, Loss: 2.8946
Epoch: 7, Batch: 90, Acc: 17.69%, Loss: 2.9773
Epoch: 7, Batch: 100, Acc: 17.94%, Loss: 2.9886
Epoch: 7, Batch: 110, Acc: 17.94%, Loss: 3.0986
Epoch: 7, Batch: 120, Acc: 17.92%, Loss: 3.0081
Epoch: 7, Batch: 130, Acc: 17.85%, Loss: 3.0161
Epoch: 7, Batch: 140, Acc: 17.79%, Loss: 3.0191
Epoch: 7, Batch: 150, Acc: 17.73%, Loss: 3.0673
Epoch: 7, Batch: 160, Acc: 17.67%, Loss: 3.0601
Epoch: 7, Batch: 170, Acc: 17.71%, Loss: 3.0047
Epoch: 7, Batch: 180, Acc: 17.75%, Loss: 2.9426
Epoch: 7, Batch: 190, Acc: 17.75%, Loss: 2.9733
Epoch: 7, Batch: 200, Acc: 17.80%, Loss: 2.9045
Epoch: 7, Batch: 210, Acc: 17.78%, Loss: 3.0447
Epoch: 7, Batch: 220, Acc: 17.70%, Loss: 3.0309
Epoch: 7, Batch: 230, Acc: 17.79%, Loss: 3.0518
Epoch: 7, Batch: 240, Acc: 17.84%, Loss: 2.9644
Epoch: 7, Batch: 250, Acc: 17.99%, Loss: 3.0343
Accuracy on test set: 31.97%
Epoch: 8, Batch: 10, Acc: 20.47%, Loss: 2.9108
Epoch: 8, Batch: 20, Acc: 20.16%, Loss: 2.9976
Epoch: 8, Batch: 30, Acc: 19.17%, Loss: 3.0802
Epoch: 8, Batch: 40, Acc: 19.02%, Loss: 3.0073
Epoch: 8, Batch: 50, Acc: 18.69%, Loss: 2.9223
Epoch: 8, Batch: 60, Acc: 18.65%, Loss: 3.1040
Epoch: 8, Batch: 70, Acc: 18.95%, Loss: 2.9167
Epoch: 8, Batch: 80, Acc: 19.16%, Loss: 3.1354
Epoch: 8, Batch: 90, Acc: 19.18%, Loss: 3.0552
Epoch: 8, Batch: 100, Acc: 18.91%, Loss: 3.1091
Epoch: 8, Batch: 110, Acc: 18.79%, Loss: 3.0858
Epoch: 8, Batch: 120, Acc: 18.85%, Loss: 2.9923
Epoch: 8, Batch: 130, Acc: 19.03%, Loss: 2.9830
Epoch: 8, Batch: 140, Acc: 18.96%, Loss: 3.0885
Epoch: 8, Batch: 150, Acc: 19.12%, Loss: 2.9316
Epoch: 8, Batch: 160, Acc: 19.18%, Loss: 2.9512
Epoch: 8, Batch: 170, Acc: 19.16%, Loss: 3.0285
Epoch: 8, Batch: 180, Acc: 19.11%, Loss: 3.0842
Epoch: 8, Batch: 190, Acc: 19.25%, Loss: 2.9210
Epoch: 8, Batch: 200, Acc: 19.38%, Loss: 3.0295
Epoch: 8, Batch: 210, Acc: 19.43%, Loss: 2.9862
Epoch: 8, Batch: 220, Acc: 19.41%, Loss: 3.0232
Epoch: 8, Batch: 230, Acc: 19.46%, Loss: 3.0405
Epoch: 8, Batch: 240, Acc: 19.45%, Loss: 2.9655
Epoch: 8, Batch: 250, Acc: 19.41%, Loss: 3.0663
Accuracy on test set: 35.31%
Epoch: 9, Batch: 10, Acc: 18.28%, Loss: 3.0717
Epoch: 9, Batch: 20, Acc: 19.61%, Loss: 3.0697
Epoch: 9, Batch: 30, Acc: 20.05%, Loss: 3.1402
Epoch: 9, Batch: 40, Acc: 20.82%, Loss: 3.0096
Epoch: 9, Batch: 50, Acc: 20.50%, Loss: 3.0352
Epoch: 9, Batch: 60, Acc: 20.44%, Loss: 2.9970
Epoch: 9, Batch: 70, Acc: 20.42%, Loss: 3.1041
Epoch: 9, Batch: 80, Acc: 20.41%, Loss: 3.0033
Epoch: 9, Batch: 90, Acc: 20.40%, Loss: 2.9867
Epoch: 9, Batch: 100, Acc: 20.59%, Loss: 2.9641
Epoch: 9, Batch: 110, Acc: 20.89%, Loss: 3.0901
Epoch: 9, Batch: 120, Acc: 20.91%, Loss: 2.8842
Epoch: 9, Batch: 130, Acc: 20.94%, Loss: 3.0593
Epoch: 9, Batch: 140, Acc: 20.98%, Loss: 2.9703
Epoch: 9, Batch: 150, Acc: 20.82%, Loss: 3.0644
Epoch: 9, Batch: 160, Acc: 20.89%, Loss: 3.0702
Epoch: 9, Batch: 170, Acc: 20.89%, Loss: 3.0422
Epoch: 9, Batch: 180, Acc: 20.95%, Loss: 3.0310
Epoch: 9, Batch: 190, Acc: 20.94%, Loss: 2.9975
Epoch: 9, Batch: 200, Acc: 20.91%, Loss: 3.0242
Epoch: 9, Batch: 210, Acc: 21.02%, Loss: 2.9580
Epoch: 9, Batch: 220, Acc: 20.91%, Loss: 3.0636
Epoch: 9, Batch: 230, Acc: 20.75%, Loss: 3.0096
Epoch: 9, Batch: 240, Acc: 20.75%, Loss: 3.0493
Epoch: 9, Batch: 250, Acc: 20.71%, Loss: 3.0399
Accuracy on test set: 36.27%
Epoch: 10, Batch: 10, Acc: 18.91%, Loss: 3.0883
Epoch: 10, Batch: 20, Acc: 19.69%, Loss: 3.0367
Epoch: 10, Batch: 30, Acc: 19.58%, Loss: 3.1013
Epoch: 10, Batch: 40, Acc: 19.69%, Loss: 3.0576
Epoch: 10, Batch: 50, Acc: 20.12%, Loss: 3.0351
Epoch: 10, Batch: 60, Acc: 20.03%, Loss: 3.0965
Epoch: 10, Batch: 70, Acc: 19.96%, Loss: 2.9863
Epoch: 10, Batch: 80, Acc: 20.33%, Loss: 3.0283
Epoch: 10, Batch: 90, Acc: 20.43%, Loss: 3.0924
Epoch: 10, Batch: 100, Acc: 20.66%, Loss: 2.9650
Epoch: 10, Batch: 110, Acc: 20.81%, Loss: 3.0878
Epoch: 10, Batch: 120, Acc: 20.81%, Loss: 3.1125
Epoch: 10, Batch: 130, Acc: 20.60%, Loss: 2.9864
Epoch: 10, Batch: 140, Acc: 20.54%, Loss: 3.0347
Epoch: 10, Batch: 150, Acc: 20.76%, Loss: 3.0125
Epoch: 10, Batch: 160, Acc: 20.74%, Loss: 3.0871
Epoch: 10, Batch: 170, Acc: 20.74%, Loss: 3.0785
Epoch: 10, Batch: 180, Acc: 20.67%, Loss: 2.9992
Epoch: 10, Batch: 190, Acc: 20.56%, Loss: 3.0935
Epoch: 10, Batch: 200, Acc: 20.56%, Loss: 3.0198
Epoch: 10, Batch: 210, Acc: 20.59%, Loss: 3.0086
Epoch: 10, Batch: 220, Acc: 20.62%, Loss: 3.0717
Epoch: 10, Batch: 230, Acc: 20.63%, Loss: 3.0810
Epoch: 10, Batch: 240, Acc: 20.48%, Loss: 3.1114
Epoch: 10, Batch: 250, Acc: 20.65%, Loss: 3.0225
Accuracy on test set: 34.86%
  [Run 3 | eps=0.5 | random | q-detection | GPU 1] Training Time: 12686.57s  Best Acc: 36.27%

  [Run 3 | eps=0.5 | random | q-detection | GPU 1] Evaluating final model on clean test data...
  Accuracy    : 0.3627
  Loss        : 2.7836
  Precision   : 0.3431
  Recall      : 0.3824
  F1          : 0.3617
  Fpr         : 0.0289
  Fnr         : 0.6176
  Roc_auc     : 0.8373
  Pr_auc      : 0.3726
  Asr         : 3.5901
Metrics saved to eps0.5/qmlp-az-quid-run3-layer50_quid_eps0.5_random_qdetection.csv
  [Run 3 | eps=0.5 | random | q-detection | GPU 1] Done. Saved → eps0.5/qmlp-az-quid-run3-layer50-noiseless-Amplitude_eps0.5_random_qdetection.pt

====================================================================
 All experiments complete.
 Summary → runs/quid_qdetection_AZ23_amplitude_l50_summary.csv
 Cache   → rho_proto_cache_amplitude.npy  (~96 MB, prototype-only)
====================================================================
