nohup: ignoring input
Number of classes: 10

========== Training Run 1 ==========
Epoch: 1, Batch: 10, Acc: 11.25%, Loss: 2.3044
Epoch: 1, Batch: 20, Acc: 11.25%, Loss: 2.2974
Epoch: 1, Batch: 30, Acc: 11.77%, Loss: 2.3040
Epoch: 1, Batch: 40, Acc: 12.85%, Loss: 2.2893
Epoch: 1, Batch: 50, Acc: 13.91%, Loss: 2.2838
Epoch: 1, Batch: 60, Acc: 14.45%, Loss: 2.2835
Epoch: 1, Batch: 70, Acc: 14.75%, Loss: 2.2781
Epoch: 1, Batch: 80, Acc: 15.06%, Loss: 2.2801
Epoch: 1, Batch: 90, Acc: 15.47%, Loss: 2.2745
Epoch: 1, Batch: 100, Acc: 15.81%, Loss: 2.2683
Epoch: 1, Batch: 110, Acc: 16.21%, Loss: 2.2564
Epoch: 1, Batch: 120, Acc: 16.71%, Loss: 2.2489
Epoch: 1, Batch: 130, Acc: 16.97%, Loss: 2.2581
Epoch: 1, Batch: 140, Acc: 17.31%, Loss: 2.2398
Epoch: 1, Batch: 150, Acc: 17.54%, Loss: 2.2413
Epoch: 1, Batch: 160, Acc: 18.02%, Loss: 2.2302
Epoch: 1, Batch: 170, Acc: 18.37%, Loss: 2.2239
Epoch: 1, Batch: 180, Acc: 18.70%, Loss: 2.2092
Epoch: 1, Batch: 190, Acc: 18.77%, Loss: 2.2189
Epoch: 1, Batch: 200, Acc: 19.05%, Loss: 2.1970
Epoch: 1, Batch: 210, Acc: 19.20%, Loss: 2.1841
Epoch: 1, Batch: 220, Acc: 19.28%, Loss: 2.2026
Epoch: 1, Batch: 230, Acc: 19.50%, Loss: 2.1564
Epoch: 1, Batch: 240, Acc: 19.73%, Loss: 2.1504
Epoch: 1, Batch: 250, Acc: 19.90%, Loss: 2.1519
Epoch: 1, Batch: 260, Acc: 20.00%, Loss: 2.1523
Epoch: 1, Batch: 270, Acc: 20.08%, Loss: 2.1414
Epoch: 1, Batch: 280, Acc: 20.26%, Loss: 2.1291
Epoch: 1, Batch: 290, Acc: 20.43%, Loss: 2.1010
Epoch: 1, Batch: 300, Acc: 20.55%, Loss: 2.1126
Epoch: 1, Batch: 310, Acc: 20.63%, Loss: 2.1018
Epoch: 1, Batch: 320, Acc: 20.72%, Loss: 2.1033
Epoch: 1, Batch: 330, Acc: 20.84%, Loss: 2.0803
Epoch: 1, Batch: 340, Acc: 20.97%, Loss: 2.0694
Epoch: 1, Batch: 350, Acc: 21.04%, Loss: 2.0568
Epoch: 1, Batch: 360, Acc: 21.18%, Loss: 2.0522
Epoch: 1, Batch: 370, Acc: 21.37%, Loss: 2.0239
Epoch: 1, Batch: 380, Acc: 21.42%, Loss: 2.0804
Epoch: 1, Batch: 390, Acc: 21.53%, Loss: 2.0291
Epoch: 1, Batch: 400, Acc: 21.60%, Loss: 2.0370
Epoch: 1, Batch: 410, Acc: 21.67%, Loss: 2.0300
Epoch: 1, Batch: 420, Acc: 21.75%, Loss: 2.0338
Epoch: 1, Batch: 430, Acc: 21.84%, Loss: 2.0220
Epoch: 1, Batch: 440, Acc: 21.97%, Loss: 1.9883
Epoch: 1, Batch: 450, Acc: 22.10%, Loss: 1.9812
Epoch: 1, Batch: 460, Acc: 22.22%, Loss: 2.0145
Epoch: 1, Batch: 470, Acc: 22.31%, Loss: 2.0000
Epoch: 1, Batch: 480, Acc: 22.45%, Loss: 2.0024
Epoch: 1, Batch: 490, Acc: 22.56%, Loss: 1.9982
Epoch: 1, Batch: 500, Acc: 22.65%, Loss: 1.9954
Epoch: 1, Batch: 510, Acc: 22.81%, Loss: 1.9686
Epoch: 1, Batch: 520, Acc: 22.94%, Loss: 1.9399
Epoch: 1, Batch: 530, Acc: 23.09%, Loss: 1.9544
Epoch: 1, Batch: 540, Acc: 23.24%, Loss: 1.9595
Epoch: 1, Batch: 550, Acc: 23.37%, Loss: 1.9434
Epoch: 1, Batch: 560, Acc: 23.46%, Loss: 1.9625
Epoch: 1, Batch: 570, Acc: 23.57%, Loss: 1.9295
Epoch: 1, Batch: 580, Acc: 23.68%, Loss: 1.9271
Epoch: 1, Batch: 590, Acc: 23.82%, Loss: 1.9011
Epoch: 1, Batch: 600, Acc: 23.96%, Loss: 1.9233
Epoch: 1, Batch: 610, Acc: 24.07%, Loss: 1.9162
Epoch: 1, Batch: 620, Acc: 24.20%, Loss: 1.8675
Epoch: 1, Batch: 630, Acc: 24.29%, Loss: 1.9323
Epoch: 1, Batch: 640, Acc: 24.38%, Loss: 1.9356
Epoch: 1, Batch: 650, Acc: 24.49%, Loss: 1.9040
Epoch: 1, Batch: 660, Acc: 24.60%, Loss: 1.9189
Epoch: 1, Batch: 670, Acc: 24.73%, Loss: 1.8842
Epoch: 1, Batch: 680, Acc: 24.82%, Loss: 1.9032
Epoch: 1, Batch: 690, Acc: 24.91%, Loss: 1.8750
Epoch: 1, Batch: 700, Acc: 25.07%, Loss: 1.8365
Epoch: 1, Batch: 710, Acc: 25.18%, Loss: 1.8404
Epoch: 1, Batch: 720, Acc: 25.31%, Loss: 1.8412
Epoch: 1, Batch: 730, Acc: 25.47%, Loss: 1.8033
Epoch: 1, Batch: 740, Acc: 25.58%, Loss: 1.8588
Epoch: 1, Batch: 750, Acc: 25.70%, Loss: 1.8378
Epoch: 1, Batch: 760, Acc: 25.85%, Loss: 1.8123
Epoch: 1, Batch: 770, Acc: 25.99%, Loss: 1.7806
Epoch: 1, Batch: 780, Acc: 26.08%, Loss: 1.8414
Epoch: 1, Batch: 790, Acc: 26.19%, Loss: 1.8337
Epoch: 1, Batch: 800, Acc: 26.31%, Loss: 1.7835
Epoch: 1, Batch: 810, Acc: 26.42%, Loss: 1.7978
Epoch: 1, Batch: 820, Acc: 26.49%, Loss: 1.8001
Epoch: 1, Batch: 830, Acc: 26.59%, Loss: 1.7793
Epoch: 1, Batch: 840, Acc: 26.69%, Loss: 1.7677
Epoch: 1, Batch: 850, Acc: 26.78%, Loss: 1.7647
Epoch: 1, Batch: 860, Acc: 26.91%, Loss: 1.7530
Epoch: 1, Batch: 870, Acc: 27.04%, Loss: 1.7269
Epoch: 1, Batch: 880, Acc: 27.15%, Loss: 1.7484
Epoch: 1, Batch: 890, Acc: 27.32%, Loss: 1.6783
Epoch: 1, Batch: 900, Acc: 27.42%, Loss: 1.7367
Epoch: 1, Batch: 910, Acc: 27.51%, Loss: 1.7410
Epoch: 1, Batch: 920, Acc: 27.58%, Loss: 1.7641
Epoch: 1, Batch: 930, Acc: 27.66%, Loss: 1.7269
Accuracy on test set: 39.18%
Epoch: 2, Batch: 10, Acc: 37.97%, Loss: 1.7151
Epoch: 2, Batch: 20, Acc: 37.19%, Loss: 1.7229
Epoch: 2, Batch: 30, Acc: 37.08%, Loss: 1.7060
Epoch: 2, Batch: 40, Acc: 37.30%, Loss: 1.7039
Epoch: 2, Batch: 50, Acc: 37.16%, Loss: 1.6878
Epoch: 2, Batch: 60, Acc: 37.08%, Loss: 1.7038
Epoch: 2, Batch: 70, Acc: 37.75%, Loss: 1.6798
Epoch: 2, Batch: 80, Acc: 37.70%, Loss: 1.6956
Epoch: 2, Batch: 90, Acc: 37.71%, Loss: 1.7228
Epoch: 2, Batch: 100, Acc: 38.09%, Loss: 1.6690
Epoch: 2, Batch: 110, Acc: 38.22%, Loss: 1.6567
Epoch: 2, Batch: 120, Acc: 38.67%, Loss: 1.5979
Epoch: 2, Batch: 130, Acc: 39.05%, Loss: 1.6622
Epoch: 2, Batch: 140, Acc: 39.23%, Loss: 1.6538
Epoch: 2, Batch: 150, Acc: 39.08%, Loss: 1.6929
Epoch: 2, Batch: 160, Acc: 39.20%, Loss: 1.6692
Epoch: 2, Batch: 170, Acc: 39.43%, Loss: 1.6180
Epoch: 2, Batch: 180, Acc: 39.63%, Loss: 1.6505
Epoch: 2, Batch: 190, Acc: 39.82%, Loss: 1.6493
Epoch: 2, Batch: 200, Acc: 39.71%, Loss: 1.6703
Epoch: 2, Batch: 210, Acc: 39.86%, Loss: 1.6450
Epoch: 2, Batch: 220, Acc: 40.08%, Loss: 1.6223
Epoch: 2, Batch: 230, Acc: 40.16%, Loss: 1.6169
Epoch: 2, Batch: 240, Acc: 40.34%, Loss: 1.6050
Epoch: 2, Batch: 250, Acc: 40.47%, Loss: 1.6281
Epoch: 2, Batch: 260, Acc: 40.71%, Loss: 1.5962
Epoch: 2, Batch: 270, Acc: 40.81%, Loss: 1.6121
Epoch: 2, Batch: 280, Acc: 40.86%, Loss: 1.6050
Epoch: 2, Batch: 290, Acc: 41.10%, Loss: 1.5852
Epoch: 2, Batch: 300, Acc: 41.16%, Loss: 1.6704
Epoch: 2, Batch: 310, Acc: 41.17%, Loss: 1.6068
Epoch: 2, Batch: 320, Acc: 41.34%, Loss: 1.6114
Epoch: 2, Batch: 330, Acc: 41.48%, Loss: 1.6219
Epoch: 2, Batch: 340, Acc: 41.51%, Loss: 1.6736
Epoch: 2, Batch: 350, Acc: 41.62%, Loss: 1.5973
Epoch: 2, Batch: 360, Acc: 41.66%, Loss: 1.6451
Epoch: 2, Batch: 370, Acc: 41.74%, Loss: 1.6294
Epoch: 2, Batch: 380, Acc: 41.83%, Loss: 1.5695
Epoch: 2, Batch: 390, Acc: 41.89%, Loss: 1.5959
Epoch: 2, Batch: 400, Acc: 41.96%, Loss: 1.5882
Epoch: 2, Batch: 410, Acc: 42.12%, Loss: 1.6172
Epoch: 2, Batch: 420, Acc: 42.21%, Loss: 1.5700
Epoch: 2, Batch: 430, Acc: 42.32%, Loss: 1.6180
Epoch: 2, Batch: 440, Acc: 42.39%, Loss: 1.5827
Epoch: 2, Batch: 450, Acc: 42.49%, Loss: 1.5733
Epoch: 2, Batch: 460, Acc: 42.57%, Loss: 1.5873
Epoch: 2, Batch: 470, Acc: 42.64%, Loss: 1.5578
Epoch: 2, Batch: 480, Acc: 42.75%, Loss: 1.5423
Epoch: 2, Batch: 490, Acc: 42.83%, Loss: 1.5838
Epoch: 2, Batch: 500, Acc: 42.84%, Loss: 1.6026
Epoch: 2, Batch: 510, Acc: 42.87%, Loss: 1.6055
Epoch: 2, Batch: 520, Acc: 42.96%, Loss: 1.5504
Epoch: 2, Batch: 530, Acc: 43.03%, Loss: 1.5684
Epoch: 2, Batch: 540, Acc: 43.11%, Loss: 1.5263
Epoch: 2, Batch: 550, Acc: 43.17%, Loss: 1.5697
Epoch: 2, Batch: 560, Acc: 43.24%, Loss: 1.5571
Epoch: 2, Batch: 570, Acc: 43.32%, Loss: 1.5654
Epoch: 2, Batch: 580, Acc: 43.35%, Loss: 1.5644
Epoch: 2, Batch: 590, Acc: 43.37%, Loss: 1.6024
Epoch: 2, Batch: 600, Acc: 43.43%, Loss: 1.5526
Epoch: 2, Batch: 610, Acc: 43.48%, Loss: 1.5357
Epoch: 2, Batch: 620, Acc: 43.52%, Loss: 1.5616
Epoch: 2, Batch: 630, Acc: 43.54%, Loss: 1.5878
Epoch: 2, Batch: 640, Acc: 43.62%, Loss: 1.5554
Epoch: 2, Batch: 650, Acc: 43.67%, Loss: 1.5621
Epoch: 2, Batch: 660, Acc: 43.69%, Loss: 1.5677
Epoch: 2, Batch: 670, Acc: 43.70%, Loss: 1.5861
Epoch: 2, Batch: 680, Acc: 43.73%, Loss: 1.5565
Epoch: 2, Batch: 690, Acc: 43.83%, Loss: 1.4495
Epoch: 2, Batch: 700, Acc: 43.87%, Loss: 1.5273
Epoch: 2, Batch: 710, Acc: 44.00%, Loss: 1.4952
Epoch: 2, Batch: 720, Acc: 44.02%, Loss: 1.5692
Epoch: 2, Batch: 730, Acc: 44.04%, Loss: 1.5596
Epoch: 2, Batch: 740, Acc: 44.09%, Loss: 1.5432
Epoch: 2, Batch: 750, Acc: 44.14%, Loss: 1.5283
Epoch: 2, Batch: 760, Acc: 44.18%, Loss: 1.5651
Epoch: 2, Batch: 770, Acc: 44.24%, Loss: 1.5535
Epoch: 2, Batch: 780, Acc: 44.27%, Loss: 1.5526
Epoch: 2, Batch: 790, Acc: 44.32%, Loss: 1.5353
Epoch: 2, Batch: 800, Acc: 44.33%, Loss: 1.5594
Epoch: 2, Batch: 810, Acc: 44.37%, Loss: 1.5228
Epoch: 2, Batch: 820, Acc: 44.39%, Loss: 1.5404
Epoch: 2, Batch: 830, Acc: 44.44%, Loss: 1.5596
Epoch: 2, Batch: 840, Acc: 44.48%, Loss: 1.5295
Epoch: 2, Batch: 850, Acc: 44.55%, Loss: 1.4795
Epoch: 2, Batch: 860, Acc: 44.61%, Loss: 1.5144
Epoch: 2, Batch: 870, Acc: 44.64%, Loss: 1.4707
Epoch: 2, Batch: 880, Acc: 44.71%, Loss: 1.5088
Epoch: 2, Batch: 890, Acc: 44.71%, Loss: 1.6104
Epoch: 2, Batch: 900, Acc: 44.73%, Loss: 1.4999
Epoch: 2, Batch: 910, Acc: 44.77%, Loss: 1.5098
Epoch: 2, Batch: 920, Acc: 44.82%, Loss: 1.4973
Epoch: 2, Batch: 930, Acc: 44.86%, Loss: 1.5633
Accuracy on test set: 50.71%
Epoch: 3, Batch: 10, Acc: 51.25%, Loss: 1.4826
Epoch: 3, Batch: 20, Acc: 48.83%, Loss: 1.5367
Epoch: 3, Batch: 30, Acc: 48.96%, Loss: 1.5254
Epoch: 3, Batch: 40, Acc: 48.79%, Loss: 1.5335
Epoch: 3, Batch: 50, Acc: 47.88%, Loss: 1.5796
Epoch: 3, Batch: 60, Acc: 48.10%, Loss: 1.5407
Epoch: 3, Batch: 70, Acc: 47.75%, Loss: 1.5750
Epoch: 3, Batch: 80, Acc: 47.70%, Loss: 1.5725
Epoch: 3, Batch: 90, Acc: 47.50%, Loss: 1.5469
Epoch: 3, Batch: 100, Acc: 47.45%, Loss: 1.5865
Epoch: 3, Batch: 110, Acc: 47.54%, Loss: 1.5016
Epoch: 3, Batch: 120, Acc: 47.55%, Loss: 1.5447
Epoch: 3, Batch: 130, Acc: 47.52%, Loss: 1.5271
Epoch: 3, Batch: 140, Acc: 47.76%, Loss: 1.4430
Epoch: 3, Batch: 150, Acc: 47.75%, Loss: 1.5273
Epoch: 3, Batch: 160, Acc: 47.75%, Loss: 1.4923
Epoch: 3, Batch: 170, Acc: 47.84%, Loss: 1.5021
Epoch: 3, Batch: 180, Acc: 47.86%, Loss: 1.5040
Epoch: 3, Batch: 190, Acc: 47.86%, Loss: 1.4806
Epoch: 3, Batch: 200, Acc: 47.97%, Loss: 1.4712
Epoch: 3, Batch: 210, Acc: 48.06%, Loss: 1.5205
Epoch: 3, Batch: 220, Acc: 48.06%, Loss: 1.5241
Epoch: 3, Batch: 230, Acc: 48.26%, Loss: 1.4234
Epoch: 3, Batch: 240, Acc: 48.15%, Loss: 1.5023
Epoch: 3, Batch: 250, Acc: 48.12%, Loss: 1.5240
Epoch: 3, Batch: 260, Acc: 48.11%, Loss: 1.5484
Epoch: 3, Batch: 270, Acc: 48.10%, Loss: 1.5258
Epoch: 3, Batch: 280, Acc: 48.16%, Loss: 1.4848
Epoch: 3, Batch: 290, Acc: 48.18%, Loss: 1.4773
Epoch: 3, Batch: 300, Acc: 48.23%, Loss: 1.5032
Epoch: 3, Batch: 310, Acc: 48.22%, Loss: 1.4846
Epoch: 3, Batch: 320, Acc: 48.27%, Loss: 1.5127
Epoch: 3, Batch: 330, Acc: 48.20%, Loss: 1.5118
Epoch: 3, Batch: 340, Acc: 48.27%, Loss: 1.4650
Epoch: 3, Batch: 350, Acc: 48.33%, Loss: 1.4933
Epoch: 3, Batch: 360, Acc: 48.33%, Loss: 1.5001
Epoch: 3, Batch: 370, Acc: 48.39%, Loss: 1.4858
Epoch: 3, Batch: 380, Acc: 48.38%, Loss: 1.5085
Epoch: 3, Batch: 390, Acc: 48.49%, Loss: 1.4666
Epoch: 3, Batch: 400, Acc: 48.50%, Loss: 1.5252
Epoch: 3, Batch: 410, Acc: 48.52%, Loss: 1.5162
Epoch: 3, Batch: 420, Acc: 48.53%, Loss: 1.5007
Epoch: 3, Batch: 430, Acc: 48.59%, Loss: 1.4378
Epoch: 3, Batch: 440, Acc: 48.61%, Loss: 1.4947
Epoch: 3, Batch: 450, Acc: 48.60%, Loss: 1.5389
Epoch: 3, Batch: 460, Acc: 48.74%, Loss: 1.3876
Epoch: 3, Batch: 470, Acc: 48.72%, Loss: 1.4618
Epoch: 3, Batch: 480, Acc: 48.77%, Loss: 1.4706
Epoch: 3, Batch: 490, Acc: 48.69%, Loss: 1.4957
Epoch: 3, Batch: 500, Acc: 48.70%, Loss: 1.4558
Epoch: 3, Batch: 510, Acc: 48.69%, Loss: 1.5306
Epoch: 3, Batch: 520, Acc: 48.73%, Loss: 1.4707
Epoch: 3, Batch: 530, Acc: 48.75%, Loss: 1.4557
Epoch: 3, Batch: 540, Acc: 48.80%, Loss: 1.4559
Epoch: 3, Batch: 550, Acc: 48.80%, Loss: 1.5096
Epoch: 3, Batch: 560, Acc: 48.84%, Loss: 1.4828
Epoch: 3, Batch: 570, Acc: 48.85%, Loss: 1.4266
Epoch: 3, Batch: 580, Acc: 48.82%, Loss: 1.4804
Epoch: 3, Batch: 590, Acc: 48.82%, Loss: 1.5178
Epoch: 3, Batch: 600, Acc: 48.85%, Loss: 1.4645
Epoch: 3, Batch: 610, Acc: 48.84%, Loss: 1.5353
Epoch: 3, Batch: 620, Acc: 48.86%, Loss: 1.4567
Epoch: 3, Batch: 630, Acc: 48.86%, Loss: 1.4647
Epoch: 3, Batch: 640, Acc: 48.84%, Loss: 1.4980
Epoch: 3, Batch: 650, Acc: 48.83%, Loss: 1.4690
Epoch: 3, Batch: 660, Acc: 48.93%, Loss: 1.4032
Epoch: 3, Batch: 670, Acc: 48.94%, Loss: 1.4554
Epoch: 3, Batch: 680, Acc: 48.98%, Loss: 1.4619
Epoch: 3, Batch: 690, Acc: 48.96%, Loss: 1.4328
Epoch: 3, Batch: 700, Acc: 48.97%, Loss: 1.4855
Epoch: 3, Batch: 710, Acc: 49.01%, Loss: 1.4513
Epoch: 3, Batch: 720, Acc: 49.02%, Loss: 1.4512
Epoch: 3, Batch: 730, Acc: 49.04%, Loss: 1.4319
Epoch: 3, Batch: 740, Acc: 49.10%, Loss: 1.3981
Epoch: 3, Batch: 750, Acc: 49.14%, Loss: 1.4088
Epoch: 3, Batch: 760, Acc: 49.14%, Loss: 1.5028
Epoch: 3, Batch: 770, Acc: 49.14%, Loss: 1.4350
Epoch: 3, Batch: 780, Acc: 49.12%, Loss: 1.4853
Epoch: 3, Batch: 790, Acc: 49.13%, Loss: 1.4510
Epoch: 3, Batch: 800, Acc: 49.16%, Loss: 1.4480
Epoch: 3, Batch: 810, Acc: 49.23%, Loss: 1.4200
Epoch: 3, Batch: 820, Acc: 49.25%, Loss: 1.4081
Epoch: 3, Batch: 830, Acc: 49.27%, Loss: 1.4573
Epoch: 3, Batch: 840, Acc: 49.27%, Loss: 1.4473
Epoch: 3, Batch: 850, Acc: 49.27%, Loss: 1.5085
Epoch: 3, Batch: 860, Acc: 49.31%, Loss: 1.4268
Epoch: 3, Batch: 870, Acc: 49.29%, Loss: 1.5263
Epoch: 3, Batch: 880, Acc: 49.35%, Loss: 1.3845
Epoch: 3, Batch: 890, Acc: 49.38%, Loss: 1.4109
Epoch: 3, Batch: 900, Acc: 49.38%, Loss: 1.4913
Epoch: 3, Batch: 910, Acc: 49.39%, Loss: 1.4593
Epoch: 3, Batch: 920, Acc: 49.42%, Loss: 1.4536
Epoch: 3, Batch: 930, Acc: 49.43%, Loss: 1.4586
Accuracy on test set: 52.30%
Epoch: 4, Batch: 10, Acc: 50.47%, Loss: 1.4659
Epoch: 4, Batch: 20, Acc: 50.00%, Loss: 1.4797
Epoch: 4, Batch: 30, Acc: 49.84%, Loss: 1.5152
Epoch: 4, Batch: 40, Acc: 50.16%, Loss: 1.4512
Epoch: 4, Batch: 50, Acc: 49.69%, Loss: 1.4896
Epoch: 4, Batch: 60, Acc: 49.79%, Loss: 1.4917
Epoch: 4, Batch: 70, Acc: 49.75%, Loss: 1.4370
Epoch: 4, Batch: 80, Acc: 49.82%, Loss: 1.4319
Epoch: 4, Batch: 90, Acc: 49.93%, Loss: 1.4078
Epoch: 4, Batch: 100, Acc: 50.14%, Loss: 1.4098
Epoch: 4, Batch: 110, Acc: 50.20%, Loss: 1.4787
Epoch: 4, Batch: 120, Acc: 50.36%, Loss: 1.4416
Epoch: 4, Batch: 130, Acc: 50.53%, Loss: 1.4444
Epoch: 4, Batch: 140, Acc: 50.52%, Loss: 1.4306
Epoch: 4, Batch: 150, Acc: 50.74%, Loss: 1.3874
Epoch: 4, Batch: 160, Acc: 50.71%, Loss: 1.4371
Epoch: 4, Batch: 170, Acc: 50.76%, Loss: 1.4140
Epoch: 4, Batch: 180, Acc: 50.82%, Loss: 1.4455
Epoch: 4, Batch: 190, Acc: 50.76%, Loss: 1.4563
Epoch: 4, Batch: 200, Acc: 50.65%, Loss: 1.5267
Epoch: 4, Batch: 210, Acc: 50.60%, Loss: 1.4823
Epoch: 4, Batch: 220, Acc: 50.65%, Loss: 1.4476
Epoch: 4, Batch: 230, Acc: 50.52%, Loss: 1.5145
Epoch: 4, Batch: 240, Acc: 50.67%, Loss: 1.3927
Epoch: 4, Batch: 250, Acc: 50.71%, Loss: 1.4531
Epoch: 4, Batch: 260, Acc: 50.59%, Loss: 1.5156
Epoch: 4, Batch: 270, Acc: 50.64%, Loss: 1.4303
Epoch: 4, Batch: 280, Acc: 50.76%, Loss: 1.3935
Epoch: 4, Batch: 290, Acc: 50.91%, Loss: 1.3702
Epoch: 4, Batch: 300, Acc: 50.93%, Loss: 1.4021
Epoch: 4, Batch: 310, Acc: 50.95%, Loss: 1.4593
Epoch: 4, Batch: 320, Acc: 50.94%, Loss: 1.4568
Epoch: 4, Batch: 330, Acc: 50.91%, Loss: 1.4817
Epoch: 4, Batch: 340, Acc: 50.96%, Loss: 1.4057
Epoch: 4, Batch: 350, Acc: 50.93%, Loss: 1.4798
Epoch: 4, Batch: 360, Acc: 50.96%, Loss: 1.3914
Epoch: 4, Batch: 370, Acc: 51.00%, Loss: 1.4164
Epoch: 4, Batch: 380, Acc: 50.97%, Loss: 1.4580
Epoch: 4, Batch: 390, Acc: 50.88%, Loss: 1.5192
Epoch: 4, Batch: 400, Acc: 50.86%, Loss: 1.4523
Epoch: 4, Batch: 410, Acc: 50.89%, Loss: 1.4317
Epoch: 4, Batch: 420, Acc: 50.90%, Loss: 1.4313
Epoch: 4, Batch: 430, Acc: 51.00%, Loss: 1.3400
Epoch: 4, Batch: 440, Acc: 50.95%, Loss: 1.4535
Epoch: 4, Batch: 450, Acc: 50.97%, Loss: 1.4479
Epoch: 4, Batch: 460, Acc: 50.96%, Loss: 1.4214
Epoch: 4, Batch: 470, Acc: 50.99%, Loss: 1.3955
Epoch: 4, Batch: 480, Acc: 51.06%, Loss: 1.3628
Epoch: 4, Batch: 490, Acc: 51.04%, Loss: 1.4661
Epoch: 4, Batch: 500, Acc: 51.05%, Loss: 1.4873
Epoch: 4, Batch: 510, Acc: 51.12%, Loss: 1.4176
Epoch: 4, Batch: 520, Acc: 51.15%, Loss: 1.3943
Epoch: 4, Batch: 530, Acc: 51.13%, Loss: 1.4537
Epoch: 4, Batch: 540, Acc: 51.19%, Loss: 1.3838
Epoch: 4, Batch: 550, Acc: 51.22%, Loss: 1.4136
Epoch: 4, Batch: 560, Acc: 51.21%, Loss: 1.4105
Epoch: 4, Batch: 570, Acc: 51.22%, Loss: 1.4258
Epoch: 4, Batch: 580, Acc: 51.20%, Loss: 1.4240
Epoch: 4, Batch: 590, Acc: 51.21%, Loss: 1.4331
Epoch: 4, Batch: 600, Acc: 51.23%, Loss: 1.4434
Epoch: 4, Batch: 610, Acc: 51.30%, Loss: 1.3506
Epoch: 4, Batch: 620, Acc: 51.28%, Loss: 1.4477
Epoch: 4, Batch: 630, Acc: 51.25%, Loss: 1.4406
Epoch: 4, Batch: 640, Acc: 51.31%, Loss: 1.3921
Epoch: 4, Batch: 650, Acc: 51.36%, Loss: 1.4246
Epoch: 4, Batch: 660, Acc: 51.37%, Loss: 1.3576
Epoch: 4, Batch: 670, Acc: 51.40%, Loss: 1.4032
Epoch: 4, Batch: 680, Acc: 51.44%, Loss: 1.3623
Epoch: 4, Batch: 690, Acc: 51.47%, Loss: 1.3696
Epoch: 4, Batch: 700, Acc: 51.45%, Loss: 1.3792
Epoch: 4, Batch: 710, Acc: 51.47%, Loss: 1.4055
Epoch: 4, Batch: 720, Acc: 51.48%, Loss: 1.4559
Epoch: 4, Batch: 730, Acc: 51.49%, Loss: 1.3972
Epoch: 4, Batch: 740, Acc: 51.47%, Loss: 1.4275
Epoch: 4, Batch: 750, Acc: 51.50%, Loss: 1.3797
Epoch: 4, Batch: 760, Acc: 51.49%, Loss: 1.3996
Epoch: 4, Batch: 770, Acc: 51.51%, Loss: 1.3783
Epoch: 4, Batch: 780, Acc: 51.49%, Loss: 1.3976
Epoch: 4, Batch: 790, Acc: 51.49%, Loss: 1.4886
Epoch: 4, Batch: 800, Acc: 51.49%, Loss: 1.4110
Epoch: 4, Batch: 810, Acc: 51.47%, Loss: 1.4419
Epoch: 4, Batch: 820, Acc: 51.49%, Loss: 1.4065
Epoch: 4, Batch: 830, Acc: 51.49%, Loss: 1.4081
Epoch: 4, Batch: 840, Acc: 51.47%, Loss: 1.4456
Epoch: 4, Batch: 850, Acc: 51.49%, Loss: 1.3594
Epoch: 4, Batch: 860, Acc: 51.53%, Loss: 1.3514
Epoch: 4, Batch: 870, Acc: 51.56%, Loss: 1.3866
Epoch: 4, Batch: 880, Acc: 51.59%, Loss: 1.3916
Epoch: 4, Batch: 890, Acc: 51.61%, Loss: 1.3528
Epoch: 4, Batch: 900, Acc: 51.59%, Loss: 1.4370
Epoch: 4, Batch: 910, Acc: 51.60%, Loss: 1.3802
Epoch: 4, Batch: 920, Acc: 51.60%, Loss: 1.4055
Epoch: 4, Batch: 930, Acc: 51.59%, Loss: 1.4043
Accuracy on test set: 55.11%
Epoch: 5, Batch: 10, Acc: 53.28%, Loss: 1.3973
Epoch: 5, Batch: 20, Acc: 53.75%, Loss: 1.3832
Epoch: 5, Batch: 30, Acc: 53.54%, Loss: 1.4219
Epoch: 5, Batch: 40, Acc: 53.05%, Loss: 1.4777
Epoch: 5, Batch: 50, Acc: 52.94%, Loss: 1.3960
Epoch: 5, Batch: 60, Acc: 52.92%, Loss: 1.3316
Epoch: 5, Batch: 70, Acc: 52.52%, Loss: 1.3929
Epoch: 5, Batch: 80, Acc: 52.54%, Loss: 1.3617
Epoch: 5, Batch: 90, Acc: 52.86%, Loss: 1.3675
Epoch: 5, Batch: 100, Acc: 52.59%, Loss: 1.4036
Epoch: 5, Batch: 110, Acc: 52.53%, Loss: 1.4080
Epoch: 5, Batch: 120, Acc: 52.71%, Loss: 1.4218
Epoch: 5, Batch: 130, Acc: 52.94%, Loss: 1.3363
Epoch: 5, Batch: 140, Acc: 52.90%, Loss: 1.4286
Epoch: 5, Batch: 150, Acc: 53.17%, Loss: 1.3127
Epoch: 5, Batch: 160, Acc: 53.41%, Loss: 1.3601
Epoch: 5, Batch: 170, Acc: 53.21%, Loss: 1.4339
Epoch: 5, Batch: 180, Acc: 53.21%, Loss: 1.3469
Epoch: 5, Batch: 190, Acc: 53.27%, Loss: 1.3596
Epoch: 5, Batch: 200, Acc: 53.34%, Loss: 1.3980
Epoch: 5, Batch: 210, Acc: 53.37%, Loss: 1.3669
Epoch: 5, Batch: 220, Acc: 53.38%, Loss: 1.3602
Epoch: 5, Batch: 230, Acc: 53.36%, Loss: 1.4148
Epoch: 5, Batch: 240, Acc: 53.34%, Loss: 1.3605
Epoch: 5, Batch: 250, Acc: 53.26%, Loss: 1.4090
Epoch: 5, Batch: 260, Acc: 53.33%, Loss: 1.3978
Epoch: 5, Batch: 270, Acc: 53.34%, Loss: 1.3896
Epoch: 5, Batch: 280, Acc: 53.48%, Loss: 1.3569
Epoch: 5, Batch: 290, Acc: 53.48%, Loss: 1.3299
Epoch: 5, Batch: 300, Acc: 53.47%, Loss: 1.3800
Epoch: 5, Batch: 310, Acc: 53.45%, Loss: 1.3960
Epoch: 5, Batch: 320, Acc: 53.54%, Loss: 1.3243
Epoch: 5, Batch: 330, Acc: 53.57%, Loss: 1.3656
Epoch: 5, Batch: 340, Acc: 53.54%, Loss: 1.3361
Epoch: 5, Batch: 350, Acc: 53.57%, Loss: 1.3626
Epoch: 5, Batch: 360, Acc: 53.59%, Loss: 1.3960
Epoch: 5, Batch: 370, Acc: 53.60%, Loss: 1.4033
Epoch: 5, Batch: 380, Acc: 53.61%, Loss: 1.4082
Epoch: 5, Batch: 390, Acc: 53.65%, Loss: 1.3185
Epoch: 5, Batch: 400, Acc: 53.64%, Loss: 1.4120
Epoch: 5, Batch: 410, Acc: 53.65%, Loss: 1.3940
Epoch: 5, Batch: 420, Acc: 53.63%, Loss: 1.3481
Epoch: 5, Batch: 430, Acc: 53.69%, Loss: 1.3695
Epoch: 5, Batch: 440, Acc: 53.71%, Loss: 1.4050
Epoch: 5, Batch: 450, Acc: 53.72%, Loss: 1.3869
Epoch: 5, Batch: 460, Acc: 53.71%, Loss: 1.3325
Epoch: 5, Batch: 470, Acc: 53.65%, Loss: 1.4516
Epoch: 5, Batch: 480, Acc: 53.69%, Loss: 1.3892
Epoch: 5, Batch: 490, Acc: 53.74%, Loss: 1.3357
Epoch: 5, Batch: 500, Acc: 53.77%, Loss: 1.3896
Epoch: 5, Batch: 510, Acc: 53.80%, Loss: 1.3189
Epoch: 5, Batch: 520, Acc: 53.71%, Loss: 1.4591
Epoch: 5, Batch: 530, Acc: 53.69%, Loss: 1.3670
Epoch: 5, Batch: 540, Acc: 53.80%, Loss: 1.2913
Epoch: 5, Batch: 550, Acc: 53.84%, Loss: 1.3678
Epoch: 5, Batch: 560, Acc: 53.86%, Loss: 1.3361
Epoch: 5, Batch: 570, Acc: 53.87%, Loss: 1.3349
Epoch: 5, Batch: 580, Acc: 53.83%, Loss: 1.3694
Epoch: 5, Batch: 590, Acc: 53.83%, Loss: 1.3723
Epoch: 5, Batch: 600, Acc: 53.81%, Loss: 1.4044
Epoch: 5, Batch: 610, Acc: 53.85%, Loss: 1.3405
Epoch: 5, Batch: 620, Acc: 53.85%, Loss: 1.3179
Epoch: 5, Batch: 630, Acc: 53.85%, Loss: 1.3646
Epoch: 5, Batch: 640, Acc: 53.84%, Loss: 1.3733
Epoch: 5, Batch: 650, Acc: 53.83%, Loss: 1.3643
Epoch: 5, Batch: 660, Acc: 53.86%, Loss: 1.3113
Epoch: 5, Batch: 670, Acc: 53.88%, Loss: 1.3130
Epoch: 5, Batch: 680, Acc: 53.89%, Loss: 1.3848
Epoch: 5, Batch: 690, Acc: 53.88%, Loss: 1.3673
Epoch: 5, Batch: 700, Acc: 53.96%, Loss: 1.2907
Epoch: 5, Batch: 710, Acc: 53.97%, Loss: 1.4073
Epoch: 5, Batch: 720, Acc: 53.98%, Loss: 1.3731
Epoch: 5, Batch: 730, Acc: 53.95%, Loss: 1.3866
Epoch: 5, Batch: 740, Acc: 53.97%, Loss: 1.3849
Epoch: 5, Batch: 750, Acc: 53.98%, Loss: 1.3342
Epoch: 5, Batch: 760, Acc: 53.99%, Loss: 1.3417
Epoch: 5, Batch: 770, Acc: 54.00%, Loss: 1.3384
Epoch: 5, Batch: 780, Acc: 53.98%, Loss: 1.3689
Epoch: 5, Batch: 790, Acc: 54.01%, Loss: 1.3548
Epoch: 5, Batch: 800, Acc: 54.04%, Loss: 1.3072
Epoch: 5, Batch: 810, Acc: 54.03%, Loss: 1.3685
Epoch: 5, Batch: 820, Acc: 54.03%, Loss: 1.3437
Epoch: 5, Batch: 830, Acc: 54.04%, Loss: 1.3710
Epoch: 5, Batch: 840, Acc: 54.04%, Loss: 1.4194
Epoch: 5, Batch: 850, Acc: 54.05%, Loss: 1.3324
Epoch: 5, Batch: 860, Acc: 54.08%, Loss: 1.3068
Epoch: 5, Batch: 870, Acc: 54.08%, Loss: 1.3472
Epoch: 5, Batch: 880, Acc: 54.05%, Loss: 1.4027
Epoch: 5, Batch: 890, Acc: 54.07%, Loss: 1.2829
Epoch: 5, Batch: 900, Acc: 54.08%, Loss: 1.3629
Epoch: 5, Batch: 910, Acc: 54.12%, Loss: 1.2511
Epoch: 5, Batch: 920, Acc: 54.13%, Loss: 1.3351
Epoch: 5, Batch: 930, Acc: 54.14%, Loss: 1.3604
Accuracy on test set: 57.26%
Epoch: 6, Batch: 10, Acc: 58.28%, Loss: 1.2984
Epoch: 6, Batch: 20, Acc: 57.73%, Loss: 1.3088
Epoch: 6, Batch: 30, Acc: 57.29%, Loss: 1.3424
Epoch: 6, Batch: 40, Acc: 57.38%, Loss: 1.2998
Epoch: 6, Batch: 50, Acc: 56.44%, Loss: 1.3533
Epoch: 6, Batch: 60, Acc: 56.48%, Loss: 1.3038
Epoch: 6, Batch: 70, Acc: 56.34%, Loss: 1.3214
Epoch: 6, Batch: 80, Acc: 56.56%, Loss: 1.2603
Epoch: 6, Batch: 90, Acc: 56.68%, Loss: 1.2661
Epoch: 6, Batch: 100, Acc: 55.89%, Loss: 1.4148
Epoch: 6, Batch: 110, Acc: 55.85%, Loss: 1.4062
Epoch: 6, Batch: 120, Acc: 55.98%, Loss: 1.3345
Epoch: 6, Batch: 130, Acc: 55.75%, Loss: 1.3764
Epoch: 6, Batch: 140, Acc: 55.76%, Loss: 1.3278
Epoch: 6, Batch: 150, Acc: 55.70%, Loss: 1.3325
Epoch: 6, Batch: 160, Acc: 55.54%, Loss: 1.3326
Epoch: 6, Batch: 170, Acc: 55.63%, Loss: 1.3288
Epoch: 6, Batch: 180, Acc: 55.56%, Loss: 1.3196
Epoch: 6, Batch: 190, Acc: 55.53%, Loss: 1.3277
Epoch: 6, Batch: 200, Acc: 55.58%, Loss: 1.3020
Epoch: 6, Batch: 210, Acc: 55.66%, Loss: 1.3257
Epoch: 6, Batch: 220, Acc: 55.67%, Loss: 1.3490
Epoch: 6, Batch: 230, Acc: 55.67%, Loss: 1.3057
Epoch: 6, Batch: 240, Acc: 55.81%, Loss: 1.2804
Epoch: 6, Batch: 250, Acc: 55.81%, Loss: 1.3188
Epoch: 6, Batch: 260, Acc: 55.89%, Loss: 1.2533
Epoch: 6, Batch: 270, Acc: 55.86%, Loss: 1.3103
Epoch: 6, Batch: 280, Acc: 55.89%, Loss: 1.3224
Epoch: 6, Batch: 290, Acc: 55.91%, Loss: 1.3396
Epoch: 6, Batch: 300, Acc: 55.95%, Loss: 1.3052
Epoch: 6, Batch: 310, Acc: 56.01%, Loss: 1.2638
Epoch: 6, Batch: 320, Acc: 55.90%, Loss: 1.3805
Epoch: 6, Batch: 330, Acc: 55.90%, Loss: 1.2911
Epoch: 6, Batch: 340, Acc: 55.91%, Loss: 1.3065
Epoch: 6, Batch: 350, Acc: 55.92%, Loss: 1.3043
Epoch: 6, Batch: 360, Acc: 55.89%, Loss: 1.3394
Epoch: 6, Batch: 370, Acc: 55.86%, Loss: 1.3350
Epoch: 6, Batch: 380, Acc: 55.86%, Loss: 1.2803
Epoch: 6, Batch: 390, Acc: 55.73%, Loss: 1.3443
Epoch: 6, Batch: 400, Acc: 55.77%, Loss: 1.3464
Epoch: 6, Batch: 410, Acc: 55.81%, Loss: 1.2978
Epoch: 6, Batch: 420, Acc: 55.81%, Loss: 1.3534
Epoch: 6, Batch: 430, Acc: 55.82%, Loss: 1.3385
Epoch: 6, Batch: 440, Acc: 55.89%, Loss: 1.3018
Epoch: 6, Batch: 450, Acc: 55.85%, Loss: 1.3335
Epoch: 6, Batch: 460, Acc: 55.87%, Loss: 1.3287
Epoch: 6, Batch: 470, Acc: 55.87%, Loss: 1.3028
Epoch: 6, Batch: 480, Acc: 55.84%, Loss: 1.3216
Epoch: 6, Batch: 490, Acc: 55.81%, Loss: 1.3016
Epoch: 6, Batch: 500, Acc: 55.85%, Loss: 1.3210
Epoch: 6, Batch: 510, Acc: 55.85%, Loss: 1.2951
Epoch: 6, Batch: 520, Acc: 55.86%, Loss: 1.2911
Epoch: 6, Batch: 530, Acc: 55.93%, Loss: 1.2989
Epoch: 6, Batch: 540, Acc: 55.98%, Loss: 1.2575
Epoch: 6, Batch: 550, Acc: 56.01%, Loss: 1.3006
Epoch: 6, Batch: 560, Acc: 56.04%, Loss: 1.3033
Epoch: 6, Batch: 570, Acc: 56.01%, Loss: 1.3657
Epoch: 6, Batch: 580, Acc: 56.04%, Loss: 1.2963
Epoch: 6, Batch: 590, Acc: 56.05%, Loss: 1.3006
Epoch: 6, Batch: 600, Acc: 56.00%, Loss: 1.3840
Epoch: 6, Batch: 610, Acc: 55.98%, Loss: 1.3686
Epoch: 6, Batch: 620, Acc: 56.04%, Loss: 1.2516
Epoch: 6, Batch: 630, Acc: 55.98%, Loss: 1.3293
Epoch: 6, Batch: 640, Acc: 56.04%, Loss: 1.3271
Epoch: 6, Batch: 650, Acc: 56.02%, Loss: 1.3011
Epoch: 6, Batch: 660, Acc: 56.00%, Loss: 1.3031
Epoch: 6, Batch: 670, Acc: 56.01%, Loss: 1.3115
Epoch: 6, Batch: 680, Acc: 56.01%, Loss: 1.3055
Epoch: 6, Batch: 690, Acc: 56.04%, Loss: 1.2972
Epoch: 6, Batch: 700, Acc: 56.06%, Loss: 1.2551
Epoch: 6, Batch: 710, Acc: 56.09%, Loss: 1.2913
Epoch: 6, Batch: 720, Acc: 56.10%, Loss: 1.3513
Epoch: 6, Batch: 730, Acc: 56.12%, Loss: 1.3326
Epoch: 6, Batch: 740, Acc: 56.10%, Loss: 1.3389
Epoch: 6, Batch: 750, Acc: 56.09%, Loss: 1.3314
Epoch: 6, Batch: 760, Acc: 56.08%, Loss: 1.3410
Epoch: 6, Batch: 770, Acc: 56.07%, Loss: 1.2538
Epoch: 6, Batch: 780, Acc: 56.08%, Loss: 1.2850
Epoch: 6, Batch: 790, Acc: 56.09%, Loss: 1.2651
Epoch: 6, Batch: 800, Acc: 56.10%, Loss: 1.2690
Epoch: 6, Batch: 810, Acc: 56.12%, Loss: 1.2840
Epoch: 6, Batch: 820, Acc: 56.13%, Loss: 1.2774
Epoch: 6, Batch: 830, Acc: 56.17%, Loss: 1.2725
Epoch: 6, Batch: 840, Acc: 56.18%, Loss: 1.2715
Epoch: 6, Batch: 850, Acc: 56.19%, Loss: 1.2646
Epoch: 6, Batch: 860, Acc: 56.23%, Loss: 1.2343
Epoch: 6, Batch: 870, Acc: 56.25%, Loss: 1.2809
Epoch: 6, Batch: 880, Acc: 56.25%, Loss: 1.2817
Epoch: 6, Batch: 890, Acc: 56.22%, Loss: 1.4014
Epoch: 6, Batch: 900, Acc: 56.24%, Loss: 1.2896
Epoch: 6, Batch: 910, Acc: 56.23%, Loss: 1.3019
Epoch: 6, Batch: 920, Acc: 56.23%, Loss: 1.2698
Epoch: 6, Batch: 930, Acc: 56.19%, Loss: 1.3685
Accuracy on test set: 58.71%
Epoch: 7, Batch: 10, Acc: 58.59%, Loss: 1.2945
Epoch: 7, Batch: 20, Acc: 57.58%, Loss: 1.3190
Epoch: 7, Batch: 30, Acc: 57.24%, Loss: 1.2764
Epoch: 7, Batch: 40, Acc: 56.56%, Loss: 1.3608
Epoch: 7, Batch: 50, Acc: 56.44%, Loss: 1.3180
Epoch: 7, Batch: 60, Acc: 55.94%, Loss: 1.3003
Epoch: 7, Batch: 70, Acc: 56.43%, Loss: 1.2749
Epoch: 7, Batch: 80, Acc: 56.52%, Loss: 1.2837
Epoch: 7, Batch: 90, Acc: 56.34%, Loss: 1.2860
Epoch: 7, Batch: 100, Acc: 56.56%, Loss: 1.2588
Epoch: 7, Batch: 110, Acc: 56.76%, Loss: 1.2562
Epoch: 7, Batch: 120, Acc: 56.95%, Loss: 1.2347
Epoch: 7, Batch: 130, Acc: 56.96%, Loss: 1.2586
Epoch: 7, Batch: 140, Acc: 56.76%, Loss: 1.2994
Epoch: 7, Batch: 150, Acc: 56.80%, Loss: 1.2392
Epoch: 7, Batch: 160, Acc: 56.68%, Loss: 1.2765
Epoch: 7, Batch: 170, Acc: 56.55%, Loss: 1.3467
Epoch: 7, Batch: 180, Acc: 56.46%, Loss: 1.2722
Epoch: 7, Batch: 190, Acc: 56.33%, Loss: 1.2880
Epoch: 7, Batch: 200, Acc: 56.41%, Loss: 1.2487
Epoch: 7, Batch: 210, Acc: 56.45%, Loss: 1.2812
Epoch: 7, Batch: 220, Acc: 56.42%, Loss: 1.3170
Epoch: 7, Batch: 230, Acc: 56.37%, Loss: 1.2900
Epoch: 7, Batch: 240, Acc: 56.65%, Loss: 1.2125
Epoch: 7, Batch: 250, Acc: 56.69%, Loss: 1.2347
Epoch: 7, Batch: 260, Acc: 56.79%, Loss: 1.2655
Epoch: 7, Batch: 270, Acc: 56.63%, Loss: 1.3579
Epoch: 7, Batch: 280, Acc: 56.77%, Loss: 1.3117
Epoch: 7, Batch: 290, Acc: 56.86%, Loss: 1.2757
Epoch: 7, Batch: 300, Acc: 56.94%, Loss: 1.2643
Epoch: 7, Batch: 310, Acc: 56.96%, Loss: 1.2629
Epoch: 7, Batch: 320, Acc: 57.01%, Loss: 1.2469
Epoch: 7, Batch: 330, Acc: 57.13%, Loss: 1.2221
Epoch: 7, Batch: 340, Acc: 57.09%, Loss: 1.3276
Epoch: 7, Batch: 350, Acc: 57.10%, Loss: 1.2936
Epoch: 7, Batch: 360, Acc: 57.07%, Loss: 1.2923
Epoch: 7, Batch: 370, Acc: 57.07%, Loss: 1.2701
Epoch: 7, Batch: 380, Acc: 57.15%, Loss: 1.2444
Epoch: 7, Batch: 390, Acc: 57.13%, Loss: 1.2989
Epoch: 7, Batch: 400, Acc: 57.23%, Loss: 1.1976
Epoch: 7, Batch: 410, Acc: 57.20%, Loss: 1.2745
Epoch: 7, Batch: 420, Acc: 57.18%, Loss: 1.2991
Epoch: 7, Batch: 430, Acc: 57.22%, Loss: 1.2617
Epoch: 7, Batch: 440, Acc: 57.20%, Loss: 1.2330
Epoch: 7, Batch: 450, Acc: 57.24%, Loss: 1.2303
Epoch: 7, Batch: 460, Acc: 57.21%, Loss: 1.2803
Epoch: 7, Batch: 470, Acc: 57.26%, Loss: 1.2769
Epoch: 7, Batch: 480, Acc: 57.28%, Loss: 1.2599
Epoch: 7, Batch: 490, Acc: 57.37%, Loss: 1.2422
Epoch: 7, Batch: 500, Acc: 57.36%, Loss: 1.2813
Epoch: 7, Batch: 510, Acc: 57.39%, Loss: 1.2171
Epoch: 7, Batch: 520, Acc: 57.41%, Loss: 1.2472
Epoch: 7, Batch: 530, Acc: 57.41%, Loss: 1.2715
Epoch: 7, Batch: 540, Acc: 57.43%, Loss: 1.2784
Epoch: 7, Batch: 550, Acc: 57.49%, Loss: 1.2597
Epoch: 7, Batch: 560, Acc: 57.51%, Loss: 1.2483
Epoch: 7, Batch: 570, Acc: 57.57%, Loss: 1.2178
Epoch: 7, Batch: 580, Acc: 57.57%, Loss: 1.2892
Epoch: 7, Batch: 590, Acc: 57.50%, Loss: 1.3483
Epoch: 7, Batch: 600, Acc: 57.49%, Loss: 1.2946
Epoch: 7, Batch: 610, Acc: 57.42%, Loss: 1.3140
Epoch: 7, Batch: 620, Acc: 57.42%, Loss: 1.2650
Epoch: 7, Batch: 630, Acc: 57.42%, Loss: 1.2424
Epoch: 7, Batch: 640, Acc: 57.37%, Loss: 1.3112
Epoch: 7, Batch: 650, Acc: 57.35%, Loss: 1.2596
Epoch: 7, Batch: 660, Acc: 57.32%, Loss: 1.2633
Epoch: 7, Batch: 670, Acc: 57.32%, Loss: 1.2407
Epoch: 7, Batch: 680, Acc: 57.32%, Loss: 1.2982
Epoch: 7, Batch: 690, Acc: 57.31%, Loss: 1.2640
Epoch: 7, Batch: 700, Acc: 57.30%, Loss: 1.3327
Epoch: 7, Batch: 710, Acc: 57.31%, Loss: 1.2556
Epoch: 7, Batch: 720, Acc: 57.33%, Loss: 1.2325
Epoch: 7, Batch: 730, Acc: 57.33%, Loss: 1.2885
Epoch: 7, Batch: 740, Acc: 57.37%, Loss: 1.2494
Epoch: 7, Batch: 750, Acc: 57.39%, Loss: 1.2107
Epoch: 7, Batch: 760, Acc: 57.39%, Loss: 1.2980
Epoch: 7, Batch: 770, Acc: 57.41%, Loss: 1.2551
Epoch: 7, Batch: 780, Acc: 57.45%, Loss: 1.2929
Epoch: 7, Batch: 790, Acc: 57.46%, Loss: 1.2743
Epoch: 7, Batch: 800, Acc: 57.49%, Loss: 1.2433
Epoch: 7, Batch: 810, Acc: 57.50%, Loss: 1.2709
Epoch: 7, Batch: 820, Acc: 57.47%, Loss: 1.2913
Epoch: 7, Batch: 830, Acc: 57.47%, Loss: 1.2978
Epoch: 7, Batch: 840, Acc: 57.45%, Loss: 1.3058
Epoch: 7, Batch: 850, Acc: 57.45%, Loss: 1.2635
Epoch: 7, Batch: 860, Acc: 57.49%, Loss: 1.2085
Epoch: 7, Batch: 870, Acc: 57.49%, Loss: 1.2925
Epoch: 7, Batch: 880, Acc: 57.49%, Loss: 1.2895
Epoch: 7, Batch: 890, Acc: 57.47%, Loss: 1.2681
Epoch: 7, Batch: 900, Acc: 57.48%, Loss: 1.2896
Epoch: 7, Batch: 910, Acc: 57.50%, Loss: 1.2597
Epoch: 7, Batch: 920, Acc: 57.51%, Loss: 1.2392
Epoch: 7, Batch: 930, Acc: 57.49%, Loss: 1.3210
Accuracy on test set: 58.73%
Epoch: 8, Batch: 10, Acc: 56.25%, Loss: 1.2523
Epoch: 8, Batch: 20, Acc: 58.83%, Loss: 1.1888
Epoch: 8, Batch: 30, Acc: 58.39%, Loss: 1.2811
Epoch: 8, Batch: 40, Acc: 58.59%, Loss: 1.2605
Epoch: 8, Batch: 50, Acc: 58.75%, Loss: 1.2645
Epoch: 8, Batch: 60, Acc: 59.01%, Loss: 1.1985
Epoch: 8, Batch: 70, Acc: 58.95%, Loss: 1.2778
Epoch: 8, Batch: 80, Acc: 58.50%, Loss: 1.2996
Epoch: 8, Batch: 90, Acc: 58.99%, Loss: 1.1727
Epoch: 8, Batch: 100, Acc: 58.66%, Loss: 1.3267
Epoch: 8, Batch: 110, Acc: 58.58%, Loss: 1.2115
Epoch: 8, Batch: 120, Acc: 58.48%, Loss: 1.2717
Epoch: 8, Batch: 130, Acc: 58.63%, Loss: 1.2255
Epoch: 8, Batch: 140, Acc: 58.56%, Loss: 1.3089
Epoch: 8, Batch: 150, Acc: 58.53%, Loss: 1.2758
Epoch: 8, Batch: 160, Acc: 58.45%, Loss: 1.3307
Epoch: 8, Batch: 170, Acc: 58.28%, Loss: 1.2987
Epoch: 8, Batch: 180, Acc: 58.40%, Loss: 1.2438
Epoch: 8, Batch: 190, Acc: 58.31%, Loss: 1.2610
Epoch: 8, Batch: 200, Acc: 58.14%, Loss: 1.2877
Epoch: 8, Batch: 210, Acc: 58.08%, Loss: 1.2159
Epoch: 8, Batch: 220, Acc: 58.09%, Loss: 1.2548
Epoch: 8, Batch: 230, Acc: 58.10%, Loss: 1.2720
Epoch: 8, Batch: 240, Acc: 57.98%, Loss: 1.3051
Epoch: 8, Batch: 250, Acc: 57.94%, Loss: 1.2873
Epoch: 8, Batch: 260, Acc: 57.82%, Loss: 1.2673
Epoch: 8, Batch: 270, Acc: 57.91%, Loss: 1.2506
Epoch: 8, Batch: 280, Acc: 57.97%, Loss: 1.2484
Epoch: 8, Batch: 290, Acc: 57.99%, Loss: 1.1916
Epoch: 8, Batch: 300, Acc: 57.93%, Loss: 1.2764
Epoch: 8, Batch: 310, Acc: 57.94%, Loss: 1.2311
Epoch: 8, Batch: 320, Acc: 57.97%, Loss: 1.2308
Epoch: 8, Batch: 330, Acc: 57.95%, Loss: 1.2159
Epoch: 8, Batch: 340, Acc: 57.91%, Loss: 1.2592
Epoch: 8, Batch: 350, Acc: 58.04%, Loss: 1.1897
Epoch: 8, Batch: 360, Acc: 58.07%, Loss: 1.2179
Epoch: 8, Batch: 370, Acc: 57.99%, Loss: 1.2494
Epoch: 8, Batch: 380, Acc: 57.97%, Loss: 1.2670
Epoch: 8, Batch: 390, Acc: 58.01%, Loss: 1.2020
Epoch: 8, Batch: 400, Acc: 58.02%, Loss: 1.2764
Epoch: 8, Batch: 410, Acc: 58.00%, Loss: 1.2388
Epoch: 8, Batch: 420, Acc: 57.98%, Loss: 1.2260
Epoch: 8, Batch: 430, Acc: 58.02%, Loss: 1.2326
Epoch: 8, Batch: 440, Acc: 58.05%, Loss: 1.2227
Epoch: 8, Batch: 450, Acc: 58.08%, Loss: 1.2198
Epoch: 8, Batch: 460, Acc: 58.07%, Loss: 1.2755
Epoch: 8, Batch: 470, Acc: 58.10%, Loss: 1.2267
Epoch: 8, Batch: 480, Acc: 58.16%, Loss: 1.2251
Epoch: 8, Batch: 490, Acc: 58.14%, Loss: 1.2418
Epoch: 8, Batch: 500, Acc: 58.18%, Loss: 1.2123
Epoch: 8, Batch: 510, Acc: 58.16%, Loss: 1.2464
Epoch: 8, Batch: 520, Acc: 58.09%, Loss: 1.3257
Epoch: 8, Batch: 530, Acc: 58.05%, Loss: 1.2453
Epoch: 8, Batch: 540, Acc: 58.01%, Loss: 1.2603
Epoch: 8, Batch: 550, Acc: 58.05%, Loss: 1.2085
Epoch: 8, Batch: 560, Acc: 58.02%, Loss: 1.3535
Epoch: 8, Batch: 570, Acc: 58.05%, Loss: 1.2518
Epoch: 8, Batch: 580, Acc: 58.03%, Loss: 1.2936
Epoch: 8, Batch: 590, Acc: 58.08%, Loss: 1.2173
Epoch: 8, Batch: 600, Acc: 58.10%, Loss: 1.1978
Epoch: 8, Batch: 610, Acc: 58.12%, Loss: 1.2264
Epoch: 8, Batch: 620, Acc: 58.12%, Loss: 1.2572
Epoch: 8, Batch: 630, Acc: 58.15%, Loss: 1.2634
Epoch: 8, Batch: 640, Acc: 58.17%, Loss: 1.2640
Epoch: 8, Batch: 650, Acc: 58.19%, Loss: 1.2827
Epoch: 8, Batch: 660, Acc: 58.16%, Loss: 1.2741
Epoch: 8, Batch: 670, Acc: 58.16%, Loss: 1.2417
Epoch: 8, Batch: 680, Acc: 58.20%, Loss: 1.2307
Epoch: 8, Batch: 690, Acc: 58.22%, Loss: 1.1615
Epoch: 8, Batch: 700, Acc: 58.18%, Loss: 1.2767
Epoch: 8, Batch: 710, Acc: 58.18%, Loss: 1.2392
Epoch: 8, Batch: 720, Acc: 58.17%, Loss: 1.2566
Epoch: 8, Batch: 730, Acc: 58.12%, Loss: 1.3323
Epoch: 8, Batch: 740, Acc: 58.18%, Loss: 1.2281
Epoch: 8, Batch: 750, Acc: 58.20%, Loss: 1.2523
Epoch: 8, Batch: 760, Acc: 58.18%, Loss: 1.2335
Epoch: 8, Batch: 770, Acc: 58.19%, Loss: 1.1768
Epoch: 8, Batch: 780, Acc: 58.22%, Loss: 1.2008
Epoch: 8, Batch: 790, Acc: 58.23%, Loss: 1.2551
Epoch: 8, Batch: 800, Acc: 58.24%, Loss: 1.2384
Epoch: 8, Batch: 810, Acc: 58.26%, Loss: 1.2519
Epoch: 8, Batch: 820, Acc: 58.27%, Loss: 1.2249
Epoch: 8, Batch: 830, Acc: 58.29%, Loss: 1.1978
Epoch: 8, Batch: 840, Acc: 58.32%, Loss: 1.2452
Epoch: 8, Batch: 850, Acc: 58.37%, Loss: 1.1689
Epoch: 8, Batch: 860, Acc: 58.35%, Loss: 1.2958
Epoch: 8, Batch: 870, Acc: 58.38%, Loss: 1.1669
Epoch: 8, Batch: 880, Acc: 58.35%, Loss: 1.3227
Epoch: 8, Batch: 890, Acc: 58.38%, Loss: 1.2033
Epoch: 8, Batch: 900, Acc: 58.36%, Loss: 1.2228
Epoch: 8, Batch: 910, Acc: 58.38%, Loss: 1.1949
Epoch: 8, Batch: 920, Acc: 58.38%, Loss: 1.2451
Epoch: 8, Batch: 930, Acc: 58.37%, Loss: 1.2307
Accuracy on test set: 59.90%
Epoch: 9, Batch: 10, Acc: 60.94%, Loss: 1.2219
Epoch: 9, Batch: 20, Acc: 60.31%, Loss: 1.2106
Epoch: 9, Batch: 30, Acc: 59.58%, Loss: 1.2680
Epoch: 9, Batch: 40, Acc: 59.38%, Loss: 1.2174
Epoch: 9, Batch: 50, Acc: 59.44%, Loss: 1.1693
Epoch: 9, Batch: 60, Acc: 59.32%, Loss: 1.2640
Epoch: 9, Batch: 70, Acc: 59.15%, Loss: 1.1763
Epoch: 9, Batch: 80, Acc: 59.57%, Loss: 1.1635
Epoch: 9, Batch: 90, Acc: 59.43%, Loss: 1.2525
Epoch: 9, Batch: 100, Acc: 59.44%, Loss: 1.2346
Epoch: 9, Batch: 110, Acc: 59.12%, Loss: 1.2820
Epoch: 9, Batch: 120, Acc: 58.84%, Loss: 1.2737
Epoch: 9, Batch: 130, Acc: 58.76%, Loss: 1.2738
Epoch: 9, Batch: 140, Acc: 58.88%, Loss: 1.2213
Epoch: 9, Batch: 150, Acc: 58.85%, Loss: 1.2444
Epoch: 9, Batch: 160, Acc: 58.93%, Loss: 1.2336
Epoch: 9, Batch: 170, Acc: 58.99%, Loss: 1.1777
Epoch: 9, Batch: 180, Acc: 59.11%, Loss: 1.2102
Epoch: 9, Batch: 190, Acc: 58.91%, Loss: 1.2584
Epoch: 9, Batch: 200, Acc: 58.88%, Loss: 1.2592
Epoch: 9, Batch: 210, Acc: 59.10%, Loss: 1.1212
Epoch: 9, Batch: 220, Acc: 59.01%, Loss: 1.2922
Epoch: 9, Batch: 230, Acc: 59.01%, Loss: 1.2481
Epoch: 9, Batch: 240, Acc: 58.90%, Loss: 1.2780
Epoch: 9, Batch: 250, Acc: 59.02%, Loss: 1.2086
Epoch: 9, Batch: 260, Acc: 59.05%, Loss: 1.2539
Epoch: 9, Batch: 270, Acc: 59.05%, Loss: 1.2218
Epoch: 9, Batch: 280, Acc: 58.99%, Loss: 1.2780
Epoch: 9, Batch: 290, Acc: 59.04%, Loss: 1.2073
Epoch: 9, Batch: 300, Acc: 59.07%, Loss: 1.1774
Epoch: 9, Batch: 310, Acc: 58.91%, Loss: 1.2920
Epoch: 9, Batch: 320, Acc: 59.00%, Loss: 1.2302
Epoch: 9, Batch: 330, Acc: 58.98%, Loss: 1.2730
Epoch: 9, Batch: 340, Acc: 59.01%, Loss: 1.1542
Epoch: 9, Batch: 350, Acc: 59.06%, Loss: 1.1654
Epoch: 9, Batch: 360, Acc: 58.95%, Loss: 1.2696
Epoch: 9, Batch: 370, Acc: 58.92%, Loss: 1.2238
Epoch: 9, Batch: 380, Acc: 58.88%, Loss: 1.2307
Epoch: 9, Batch: 390, Acc: 58.87%, Loss: 1.2161
Epoch: 9, Batch: 400, Acc: 58.91%, Loss: 1.2111
Epoch: 9, Batch: 410, Acc: 58.88%, Loss: 1.2572
Epoch: 9, Batch: 420, Acc: 58.89%, Loss: 1.1836
Epoch: 9, Batch: 430, Acc: 58.86%, Loss: 1.2365
Epoch: 9, Batch: 440, Acc: 58.92%, Loss: 1.1576
Epoch: 9, Batch: 450, Acc: 58.90%, Loss: 1.2310
Epoch: 9, Batch: 460, Acc: 58.90%, Loss: 1.2889
Epoch: 9, Batch: 470, Acc: 58.96%, Loss: 1.1829
Epoch: 9, Batch: 480, Acc: 58.97%, Loss: 1.1706
Epoch: 9, Batch: 490, Acc: 59.00%, Loss: 1.1743
Epoch: 9, Batch: 500, Acc: 58.99%, Loss: 1.2584
Epoch: 9, Batch: 510, Acc: 59.03%, Loss: 1.2409
Epoch: 9, Batch: 520, Acc: 58.95%, Loss: 1.2980
Epoch: 9, Batch: 530, Acc: 58.99%, Loss: 1.2384
Epoch: 9, Batch: 540, Acc: 58.94%, Loss: 1.2612
Epoch: 9, Batch: 550, Acc: 58.94%, Loss: 1.2416
Epoch: 9, Batch: 560, Acc: 58.96%, Loss: 1.1960
Epoch: 9, Batch: 570, Acc: 58.98%, Loss: 1.2115
Epoch: 9, Batch: 580, Acc: 58.97%, Loss: 1.2673
Epoch: 9, Batch: 590, Acc: 59.03%, Loss: 1.1820
Epoch: 9, Batch: 600, Acc: 59.02%, Loss: 1.2053
Epoch: 9, Batch: 610, Acc: 59.13%, Loss: 1.1318
Epoch: 9, Batch: 620, Acc: 59.15%, Loss: 1.1900
Epoch: 9, Batch: 630, Acc: 59.12%, Loss: 1.2375
Epoch: 9, Batch: 640, Acc: 59.11%, Loss: 1.2320
Epoch: 9, Batch: 650, Acc: 59.14%, Loss: 1.2084
Epoch: 9, Batch: 660, Acc: 59.14%, Loss: 1.1721
Epoch: 9, Batch: 670, Acc: 59.14%, Loss: 1.2576
Epoch: 9, Batch: 680, Acc: 59.20%, Loss: 1.1988
Epoch: 9, Batch: 690, Acc: 59.22%, Loss: 1.2320
Epoch: 9, Batch: 700, Acc: 59.18%, Loss: 1.2424
Epoch: 9, Batch: 710, Acc: 59.19%, Loss: 1.1882
Epoch: 9, Batch: 720, Acc: 59.16%, Loss: 1.2554
Epoch: 9, Batch: 730, Acc: 59.18%, Loss: 1.1902
Epoch: 9, Batch: 740, Acc: 59.24%, Loss: 1.1916
Epoch: 9, Batch: 750, Acc: 59.21%, Loss: 1.1959
Epoch: 9, Batch: 760, Acc: 59.17%, Loss: 1.2788
Epoch: 9, Batch: 770, Acc: 59.14%, Loss: 1.2981
Epoch: 9, Batch: 780, Acc: 59.15%, Loss: 1.2125
Epoch: 9, Batch: 790, Acc: 59.12%, Loss: 1.3101
Epoch: 9, Batch: 800, Acc: 59.11%, Loss: 1.2569
Epoch: 9, Batch: 810, Acc: 59.13%, Loss: 1.2024
Epoch: 9, Batch: 820, Acc: 59.14%, Loss: 1.2250
Epoch: 9, Batch: 830, Acc: 59.12%, Loss: 1.2387
Epoch: 9, Batch: 840, Acc: 59.12%, Loss: 1.2112
Epoch: 9, Batch: 850, Acc: 59.11%, Loss: 1.2202
Epoch: 9, Batch: 860, Acc: 59.08%, Loss: 1.2700
Epoch: 9, Batch: 870, Acc: 59.08%, Loss: 1.2120
Epoch: 9, Batch: 880, Acc: 59.14%, Loss: 1.1713
Epoch: 9, Batch: 890, Acc: 59.14%, Loss: 1.2326
Epoch: 9, Batch: 900, Acc: 59.16%, Loss: 1.2043
Epoch: 9, Batch: 910, Acc: 59.20%, Loss: 1.1707
Epoch: 9, Batch: 920, Acc: 59.18%, Loss: 1.2284
Epoch: 9, Batch: 930, Acc: 59.14%, Loss: 1.2916
Accuracy on test set: 60.55%
Epoch: 10, Batch: 10, Acc: 59.38%, Loss: 1.2603
Epoch: 10, Batch: 20, Acc: 59.22%, Loss: 1.1940
Epoch: 10, Batch: 30, Acc: 58.65%, Loss: 1.2361
Epoch: 10, Batch: 40, Acc: 59.18%, Loss: 1.2190
Epoch: 10, Batch: 50, Acc: 59.28%, Loss: 1.2415
Epoch: 10, Batch: 60, Acc: 59.01%, Loss: 1.2432
Epoch: 10, Batch: 70, Acc: 58.86%, Loss: 1.2652
Epoch: 10, Batch: 80, Acc: 59.02%, Loss: 1.1621
Epoch: 10, Batch: 90, Acc: 58.72%, Loss: 1.2695
Epoch: 10, Batch: 100, Acc: 59.03%, Loss: 1.1869
Epoch: 10, Batch: 110, Acc: 59.22%, Loss: 1.2230
Epoch: 10, Batch: 120, Acc: 59.14%, Loss: 1.1798
Epoch: 10, Batch: 130, Acc: 59.03%, Loss: 1.2937
Epoch: 10, Batch: 140, Acc: 59.16%, Loss: 1.1866
Epoch: 10, Batch: 150, Acc: 59.20%, Loss: 1.2401
Epoch: 10, Batch: 160, Acc: 59.26%, Loss: 1.2094
Epoch: 10, Batch: 170, Acc: 59.11%, Loss: 1.2963
Epoch: 10, Batch: 180, Acc: 59.15%, Loss: 1.1889
Epoch: 10, Batch: 190, Acc: 59.12%, Loss: 1.1946
Epoch: 10, Batch: 200, Acc: 59.09%, Loss: 1.2413
Epoch: 10, Batch: 210, Acc: 59.08%, Loss: 1.2750
Epoch: 10, Batch: 220, Acc: 59.09%, Loss: 1.2442
Epoch: 10, Batch: 230, Acc: 58.97%, Loss: 1.2439
Epoch: 10, Batch: 240, Acc: 59.00%, Loss: 1.1728
Epoch: 10, Batch: 250, Acc: 58.96%, Loss: 1.2151
Epoch: 10, Batch: 260, Acc: 58.98%, Loss: 1.1944
Epoch: 10, Batch: 270, Acc: 59.03%, Loss: 1.1690
Epoch: 10, Batch: 280, Acc: 59.04%, Loss: 1.2547
Epoch: 10, Batch: 290, Acc: 59.05%, Loss: 1.2127
Epoch: 10, Batch: 300, Acc: 59.07%, Loss: 1.1692
Epoch: 10, Batch: 310, Acc: 59.09%, Loss: 1.2249
Epoch: 10, Batch: 320, Acc: 59.18%, Loss: 1.1603
Epoch: 10, Batch: 330, Acc: 59.18%, Loss: 1.1809
Epoch: 10, Batch: 340, Acc: 59.26%, Loss: 1.2006
Epoch: 10, Batch: 350, Acc: 59.16%, Loss: 1.2813
Epoch: 10, Batch: 360, Acc: 59.22%, Loss: 1.2021
Epoch: 10, Batch: 370, Acc: 59.21%, Loss: 1.2566
Epoch: 10, Batch: 380, Acc: 59.26%, Loss: 1.2282
Epoch: 10, Batch: 390, Acc: 59.38%, Loss: 1.1401
Epoch: 10, Batch: 400, Acc: 59.43%, Loss: 1.1965
Epoch: 10, Batch: 410, Acc: 59.50%, Loss: 1.1480
Epoch: 10, Batch: 420, Acc: 59.50%, Loss: 1.2070
Epoch: 10, Batch: 430, Acc: 59.51%, Loss: 1.1954
Epoch: 10, Batch: 440, Acc: 59.56%, Loss: 1.1805
Epoch: 10, Batch: 450, Acc: 59.57%, Loss: 1.2049
Epoch: 10, Batch: 460, Acc: 59.70%, Loss: 1.1672
Epoch: 10, Batch: 470, Acc: 59.74%, Loss: 1.1910
Epoch: 10, Batch: 480, Acc: 59.74%, Loss: 1.2333
Epoch: 10, Batch: 490, Acc: 59.78%, Loss: 1.1815
Epoch: 10, Batch: 500, Acc: 59.78%, Loss: 1.1813
Epoch: 10, Batch: 510, Acc: 59.79%, Loss: 1.2042
Epoch: 10, Batch: 520, Acc: 59.76%, Loss: 1.1823
Epoch: 10, Batch: 530, Acc: 59.73%, Loss: 1.2021
Epoch: 10, Batch: 540, Acc: 59.76%, Loss: 1.2207
Epoch: 10, Batch: 550, Acc: 59.81%, Loss: 1.1909
Epoch: 10, Batch: 560, Acc: 59.79%, Loss: 1.1782
Epoch: 10, Batch: 570, Acc: 59.87%, Loss: 1.1290
Epoch: 10, Batch: 580, Acc: 59.87%, Loss: 1.1755
Epoch: 10, Batch: 590, Acc: 59.90%, Loss: 1.1429
Epoch: 10, Batch: 600, Acc: 59.85%, Loss: 1.2414
Epoch: 10, Batch: 610, Acc: 59.88%, Loss: 1.1749
Epoch: 10, Batch: 620, Acc: 59.91%, Loss: 1.1450
Epoch: 10, Batch: 630, Acc: 59.89%, Loss: 1.2211
Epoch: 10, Batch: 640, Acc: 59.91%, Loss: 1.2248
Epoch: 10, Batch: 650, Acc: 59.89%, Loss: 1.2233
Epoch: 10, Batch: 660, Acc: 59.88%, Loss: 1.1965
Epoch: 10, Batch: 670, Acc: 59.86%, Loss: 1.1848
Epoch: 10, Batch: 680, Acc: 59.88%, Loss: 1.1591
Epoch: 10, Batch: 690, Acc: 59.83%, Loss: 1.2753
Epoch: 10, Batch: 700, Acc: 59.85%, Loss: 1.1392
Epoch: 10, Batch: 710, Acc: 59.89%, Loss: 1.1607
Epoch: 10, Batch: 720, Acc: 59.90%, Loss: 1.2100
Epoch: 10, Batch: 730, Acc: 59.87%, Loss: 1.2089
Epoch: 10, Batch: 740, Acc: 59.87%, Loss: 1.2207
Epoch: 10, Batch: 750, Acc: 59.90%, Loss: 1.1620
Epoch: 10, Batch: 760, Acc: 59.91%, Loss: 1.1616
Epoch: 10, Batch: 770, Acc: 59.93%, Loss: 1.2578
Epoch: 10, Batch: 780, Acc: 59.92%, Loss: 1.2007
Epoch: 10, Batch: 790, Acc: 59.88%, Loss: 1.2172
Epoch: 10, Batch: 800, Acc: 59.87%, Loss: 1.1890
Epoch: 10, Batch: 810, Acc: 59.86%, Loss: 1.1988
Epoch: 10, Batch: 820, Acc: 59.88%, Loss: 1.2041
Epoch: 10, Batch: 830, Acc: 59.86%, Loss: 1.2364
Epoch: 10, Batch: 840, Acc: 59.83%, Loss: 1.2444
Epoch: 10, Batch: 850, Acc: 59.84%, Loss: 1.2275
Epoch: 10, Batch: 860, Acc: 59.81%, Loss: 1.2813
Epoch: 10, Batch: 870, Acc: 59.79%, Loss: 1.2372
Epoch: 10, Batch: 880, Acc: 59.82%, Loss: 1.1732
Epoch: 10, Batch: 890, Acc: 59.80%, Loss: 1.2419
Epoch: 10, Batch: 900, Acc: 59.82%, Loss: 1.2645
Epoch: 10, Batch: 910, Acc: 59.81%, Loss: 1.1991
Epoch: 10, Batch: 920, Acc: 59.81%, Loss: 1.2440
Epoch: 10, Batch: 930, Acc: 59.79%, Loss: 1.2017
Accuracy on test set: 60.62%
Epoch: 11, Batch: 10, Acc: 63.91%, Loss: 1.2233
Epoch: 11, Batch: 20, Acc: 62.34%, Loss: 1.2091
Epoch: 11, Batch: 30, Acc: 61.09%, Loss: 1.2676
Epoch: 11, Batch: 40, Acc: 60.82%, Loss: 1.1980
Epoch: 11, Batch: 50, Acc: 60.72%, Loss: 1.2185
Epoch: 11, Batch: 60, Acc: 60.68%, Loss: 1.1741
Epoch: 11, Batch: 70, Acc: 60.69%, Loss: 1.1762
Epoch: 11, Batch: 80, Acc: 60.47%, Loss: 1.1993
Epoch: 11, Batch: 90, Acc: 60.45%, Loss: 1.1672
Epoch: 11, Batch: 100, Acc: 60.53%, Loss: 1.1698
Epoch: 11, Batch: 110, Acc: 60.78%, Loss: 1.1277
Epoch: 11, Batch: 120, Acc: 60.76%, Loss: 1.2007
Epoch: 11, Batch: 130, Acc: 60.71%, Loss: 1.1962
Epoch: 11, Batch: 140, Acc: 60.60%, Loss: 1.2199
Epoch: 11, Batch: 150, Acc: 60.57%, Loss: 1.2009
Epoch: 11, Batch: 160, Acc: 60.47%, Loss: 1.1859
Epoch: 11, Batch: 170, Acc: 60.56%, Loss: 1.1605
Epoch: 11, Batch: 180, Acc: 60.56%, Loss: 1.1844
Epoch: 11, Batch: 190, Acc: 60.44%, Loss: 1.1884
Epoch: 11, Batch: 200, Acc: 60.39%, Loss: 1.2358
Epoch: 11, Batch: 210, Acc: 60.31%, Loss: 1.1778
Epoch: 11, Batch: 220, Acc: 60.29%, Loss: 1.2338
Epoch: 11, Batch: 230, Acc: 60.21%, Loss: 1.2248
Epoch: 11, Batch: 240, Acc: 60.14%, Loss: 1.2458
Epoch: 11, Batch: 250, Acc: 60.18%, Loss: 1.2407
Epoch: 11, Batch: 260, Acc: 60.24%, Loss: 1.2082
Epoch: 11, Batch: 270, Acc: 60.22%, Loss: 1.1995
Epoch: 11, Batch: 280, Acc: 60.22%, Loss: 1.1764
Epoch: 11, Batch: 290, Acc: 60.26%, Loss: 1.1510
Epoch: 11, Batch: 300, Acc: 60.29%, Loss: 1.1673
Epoch: 11, Batch: 310, Acc: 60.31%, Loss: 1.2226
Epoch: 11, Batch: 320, Acc: 60.34%, Loss: 1.1579
Epoch: 11, Batch: 330, Acc: 60.34%, Loss: 1.1529
Epoch: 11, Batch: 340, Acc: 60.22%, Loss: 1.2640
Epoch: 11, Batch: 350, Acc: 60.17%, Loss: 1.2363
Epoch: 11, Batch: 360, Acc: 60.23%, Loss: 1.1338
Epoch: 11, Batch: 370, Acc: 60.24%, Loss: 1.1793
Epoch: 11, Batch: 380, Acc: 60.26%, Loss: 1.1790
Epoch: 11, Batch: 390, Acc: 60.20%, Loss: 1.1927
Epoch: 11, Batch: 400, Acc: 60.21%, Loss: 1.2137
Epoch: 11, Batch: 410, Acc: 60.22%, Loss: 1.1477
Epoch: 11, Batch: 420, Acc: 60.26%, Loss: 1.1311
Epoch: 11, Batch: 430, Acc: 60.25%, Loss: 1.2236
Epoch: 11, Batch: 440, Acc: 60.29%, Loss: 1.1642
Epoch: 11, Batch: 450, Acc: 60.28%, Loss: 1.2170
Epoch: 11, Batch: 460, Acc: 60.20%, Loss: 1.2077
Epoch: 11, Batch: 470, Acc: 60.27%, Loss: 1.1233
Epoch: 11, Batch: 480, Acc: 60.27%, Loss: 1.1970
Epoch: 11, Batch: 490, Acc: 60.25%, Loss: 1.1759
Epoch: 11, Batch: 500, Acc: 60.21%, Loss: 1.2790
Epoch: 11, Batch: 510, Acc: 60.33%, Loss: 1.1130
Epoch: 11, Batch: 520, Acc: 60.36%, Loss: 1.2026
Epoch: 11, Batch: 530, Acc: 60.42%, Loss: 1.1864
Epoch: 11, Batch: 540, Acc: 60.42%, Loss: 1.2486
Epoch: 11, Batch: 550, Acc: 60.44%, Loss: 1.1258
Epoch: 11, Batch: 560, Acc: 60.43%, Loss: 1.2009
Epoch: 11, Batch: 570, Acc: 60.44%, Loss: 1.1365
Epoch: 11, Batch: 580, Acc: 60.43%, Loss: 1.2096
Epoch: 11, Batch: 590, Acc: 60.42%, Loss: 1.2144
Epoch: 11, Batch: 600, Acc: 60.41%, Loss: 1.2043
Epoch: 11, Batch: 610, Acc: 60.41%, Loss: 1.1842
Epoch: 11, Batch: 620, Acc: 60.42%, Loss: 1.1429
Epoch: 11, Batch: 630, Acc: 60.43%, Loss: 1.1901
Epoch: 11, Batch: 640, Acc: 60.46%, Loss: 1.2125
Epoch: 11, Batch: 650, Acc: 60.42%, Loss: 1.2526
Epoch: 11, Batch: 660, Acc: 60.39%, Loss: 1.2070
Epoch: 11, Batch: 670, Acc: 60.36%, Loss: 1.2346
Epoch: 11, Batch: 680, Acc: 60.33%, Loss: 1.2090
Epoch: 11, Batch: 690, Acc: 60.28%, Loss: 1.1771
Epoch: 11, Batch: 700, Acc: 60.26%, Loss: 1.1714
Epoch: 11, Batch: 710, Acc: 60.26%, Loss: 1.1838
Epoch: 11, Batch: 720, Acc: 60.30%, Loss: 1.1935
Epoch: 11, Batch: 730, Acc: 60.30%, Loss: 1.1746
Epoch: 11, Batch: 740, Acc: 60.31%, Loss: 1.1708
Epoch: 11, Batch: 750, Acc: 60.31%, Loss: 1.1486
Epoch: 11, Batch: 760, Acc: 60.32%, Loss: 1.1490
Epoch: 11, Batch: 770, Acc: 60.36%, Loss: 1.1339
Epoch: 11, Batch: 780, Acc: 60.37%, Loss: 1.1991
Epoch: 11, Batch: 790, Acc: 60.36%, Loss: 1.1708
Epoch: 11, Batch: 800, Acc: 60.37%, Loss: 1.2221
Epoch: 11, Batch: 810, Acc: 60.35%, Loss: 1.2285
Epoch: 11, Batch: 820, Acc: 60.33%, Loss: 1.2100
Epoch: 11, Batch: 830, Acc: 60.34%, Loss: 1.2440
Epoch: 11, Batch: 840, Acc: 60.32%, Loss: 1.2538
Epoch: 11, Batch: 850, Acc: 60.35%, Loss: 1.1432
Epoch: 11, Batch: 860, Acc: 60.36%, Loss: 1.1639
Epoch: 11, Batch: 870, Acc: 60.39%, Loss: 1.1725
Epoch: 11, Batch: 880, Acc: 60.42%, Loss: 1.1682
Epoch: 11, Batch: 890, Acc: 60.42%, Loss: 1.2261
Epoch: 11, Batch: 900, Acc: 60.45%, Loss: 1.1569
Epoch: 11, Batch: 910, Acc: 60.45%, Loss: 1.1931
Epoch: 11, Batch: 920, Acc: 60.46%, Loss: 1.2012
Epoch: 11, Batch: 930, Acc: 60.47%, Loss: 1.1595
Accuracy on test set: 61.87%
Epoch: 12, Batch: 10, Acc: 60.78%, Loss: 1.1747
Epoch: 12, Batch: 20, Acc: 60.70%, Loss: 1.1661
Epoch: 12, Batch: 30, Acc: 61.20%, Loss: 1.1773
Epoch: 12, Batch: 40, Acc: 61.48%, Loss: 1.1517
Epoch: 12, Batch: 50, Acc: 61.38%, Loss: 1.1918
Epoch: 12, Batch: 60, Acc: 61.30%, Loss: 1.2184
Epoch: 12, Batch: 70, Acc: 60.71%, Loss: 1.2619
Epoch: 12, Batch: 80, Acc: 60.84%, Loss: 1.1583
Epoch: 12, Batch: 90, Acc: 60.89%, Loss: 1.0914
Epoch: 12, Batch: 100, Acc: 61.03%, Loss: 1.1798
Epoch: 12, Batch: 110, Acc: 60.98%, Loss: 1.1630
Epoch: 12, Batch: 120, Acc: 61.15%, Loss: 1.1965
Epoch: 12, Batch: 130, Acc: 61.23%, Loss: 1.1491
Epoch: 12, Batch: 140, Acc: 61.26%, Loss: 1.1542
Epoch: 12, Batch: 150, Acc: 61.16%, Loss: 1.2410
Epoch: 12, Batch: 160, Acc: 61.19%, Loss: 1.1749
Epoch: 12, Batch: 170, Acc: 61.30%, Loss: 1.1602
Epoch: 12, Batch: 180, Acc: 61.15%, Loss: 1.1972
Epoch: 12, Batch: 190, Acc: 61.15%, Loss: 1.1448
Epoch: 12, Batch: 200, Acc: 60.95%, Loss: 1.2426
Epoch: 12, Batch: 210, Acc: 61.18%, Loss: 1.0671
Epoch: 12, Batch: 220, Acc: 61.19%, Loss: 1.1098
Epoch: 12, Batch: 230, Acc: 61.30%, Loss: 1.1034
Epoch: 12, Batch: 240, Acc: 61.30%, Loss: 1.1999
Epoch: 12, Batch: 250, Acc: 61.34%, Loss: 1.1609
Epoch: 12, Batch: 260, Acc: 61.35%, Loss: 1.1799
Epoch: 12, Batch: 270, Acc: 61.28%, Loss: 1.1996
Epoch: 12, Batch: 280, Acc: 61.36%, Loss: 1.2090
Epoch: 12, Batch: 290, Acc: 61.36%, Loss: 1.1456
Epoch: 12, Batch: 300, Acc: 61.39%, Loss: 1.1331
Epoch: 12, Batch: 310, Acc: 61.47%, Loss: 1.1882
Epoch: 12, Batch: 320, Acc: 61.41%, Loss: 1.1644
Epoch: 12, Batch: 330, Acc: 61.32%, Loss: 1.1972
Epoch: 12, Batch: 340, Acc: 61.32%, Loss: 1.1239
Epoch: 12, Batch: 350, Acc: 61.41%, Loss: 1.1059
Epoch: 12, Batch: 360, Acc: 61.37%, Loss: 1.2326
Epoch: 12, Batch: 370, Acc: 61.39%, Loss: 1.1689
Epoch: 12, Batch: 380, Acc: 61.37%, Loss: 1.1974
Epoch: 12, Batch: 390, Acc: 61.38%, Loss: 1.1588
Epoch: 12, Batch: 400, Acc: 61.35%, Loss: 1.2116
Epoch: 12, Batch: 410, Acc: 61.33%, Loss: 1.1838
Epoch: 12, Batch: 420, Acc: 61.35%, Loss: 1.1822
Epoch: 12, Batch: 430, Acc: 61.39%, Loss: 1.1041
Epoch: 12, Batch: 440, Acc: 61.35%, Loss: 1.2149
Epoch: 12, Batch: 450, Acc: 61.37%, Loss: 1.1593
Epoch: 12, Batch: 460, Acc: 61.39%, Loss: 1.1576
Epoch: 12, Batch: 470, Acc: 61.30%, Loss: 1.2135
Epoch: 12, Batch: 480, Acc: 61.38%, Loss: 1.1133
Epoch: 12, Batch: 490, Acc: 61.37%, Loss: 1.2373
Epoch: 12, Batch: 500, Acc: 61.38%, Loss: 1.1556
Epoch: 12, Batch: 510, Acc: 61.39%, Loss: 1.1360
Epoch: 12, Batch: 520, Acc: 61.31%, Loss: 1.2111
Epoch: 12, Batch: 530, Acc: 61.27%, Loss: 1.2166
Epoch: 12, Batch: 540, Acc: 61.23%, Loss: 1.2395
Epoch: 12, Batch: 550, Acc: 61.22%, Loss: 1.1784
Epoch: 12, Batch: 560, Acc: 61.12%, Loss: 1.2211
Epoch: 12, Batch: 570, Acc: 61.15%, Loss: 1.1480
Epoch: 12, Batch: 580, Acc: 61.20%, Loss: 1.2133
Epoch: 12, Batch: 590, Acc: 61.15%, Loss: 1.2537
Epoch: 12, Batch: 600, Acc: 61.14%, Loss: 1.2052
Epoch: 12, Batch: 610, Acc: 61.13%, Loss: 1.2008
Epoch: 12, Batch: 620, Acc: 61.11%, Loss: 1.1631
Epoch: 12, Batch: 630, Acc: 61.13%, Loss: 1.1369
Epoch: 12, Batch: 640, Acc: 61.16%, Loss: 1.1522
Epoch: 12, Batch: 650, Acc: 61.15%, Loss: 1.1606
Epoch: 12, Batch: 660, Acc: 61.15%, Loss: 1.1776
Epoch: 12, Batch: 670, Acc: 61.14%, Loss: 1.1689
Epoch: 12, Batch: 680, Acc: 61.11%, Loss: 1.1967
Epoch: 12, Batch: 690, Acc: 61.17%, Loss: 1.1109
Epoch: 12, Batch: 700, Acc: 61.17%, Loss: 1.2200
Epoch: 12, Batch: 710, Acc: 61.16%, Loss: 1.1984
Epoch: 12, Batch: 720, Acc: 61.16%, Loss: 1.1969
Epoch: 12, Batch: 730, Acc: 61.20%, Loss: 1.0950
Epoch: 12, Batch: 740, Acc: 61.21%, Loss: 1.1903
Epoch: 12, Batch: 750, Acc: 61.17%, Loss: 1.1902
Epoch: 12, Batch: 760, Acc: 61.19%, Loss: 1.1821
Epoch: 12, Batch: 770, Acc: 61.14%, Loss: 1.2642
Epoch: 12, Batch: 780, Acc: 61.11%, Loss: 1.2267
Epoch: 12, Batch: 790, Acc: 61.10%, Loss: 1.1938
Epoch: 12, Batch: 800, Acc: 61.08%, Loss: 1.1910
Epoch: 12, Batch: 810, Acc: 61.12%, Loss: 1.1525
Epoch: 12, Batch: 820, Acc: 61.18%, Loss: 1.0851
Epoch: 12, Batch: 830, Acc: 61.20%, Loss: 1.1182
Epoch: 12, Batch: 840, Acc: 61.17%, Loss: 1.1971
Epoch: 12, Batch: 850, Acc: 61.16%, Loss: 1.1941
Epoch: 12, Batch: 860, Acc: 61.20%, Loss: 1.1131
Epoch: 12, Batch: 870, Acc: 61.20%, Loss: 1.1907
Epoch: 12, Batch: 880, Acc: 61.20%, Loss: 1.1673
Epoch: 12, Batch: 890, Acc: 61.19%, Loss: 1.1972
Epoch: 12, Batch: 900, Acc: 61.16%, Loss: 1.1667
Epoch: 12, Batch: 910, Acc: 61.13%, Loss: 1.2439
Epoch: 12, Batch: 920, Acc: 61.13%, Loss: 1.1684
Epoch: 12, Batch: 930, Acc: 61.12%, Loss: 1.2156
Accuracy on test set: 62.13%
Epoch: 13, Batch: 10, Acc: 62.34%, Loss: 1.1705
Epoch: 13, Batch: 20, Acc: 61.02%, Loss: 1.2076
Epoch: 13, Batch: 30, Acc: 60.31%, Loss: 1.2029
Epoch: 13, Batch: 40, Acc: 60.70%, Loss: 1.1796
Epoch: 13, Batch: 50, Acc: 60.59%, Loss: 1.1688
Epoch: 13, Batch: 60, Acc: 61.15%, Loss: 1.1364
Epoch: 13, Batch: 70, Acc: 60.80%, Loss: 1.1946
Epoch: 13, Batch: 80, Acc: 60.43%, Loss: 1.2554
Epoch: 13, Batch: 90, Acc: 60.43%, Loss: 1.2025
Epoch: 13, Batch: 100, Acc: 60.67%, Loss: 1.1988
Epoch: 13, Batch: 110, Acc: 60.74%, Loss: 1.1399
Epoch: 13, Batch: 120, Acc: 60.95%, Loss: 1.1168
Epoch: 13, Batch: 130, Acc: 60.79%, Loss: 1.1717
Epoch: 13, Batch: 140, Acc: 61.14%, Loss: 1.0913
Epoch: 13, Batch: 150, Acc: 61.27%, Loss: 1.1833
Epoch: 13, Batch: 160, Acc: 61.11%, Loss: 1.1648
Epoch: 13, Batch: 170, Acc: 61.19%, Loss: 1.1424
Epoch: 13, Batch: 180, Acc: 61.15%, Loss: 1.1746
Epoch: 13, Batch: 190, Acc: 61.37%, Loss: 1.0758
Epoch: 13, Batch: 200, Acc: 61.35%, Loss: 1.1730
Epoch: 13, Batch: 210, Acc: 61.42%, Loss: 1.2391
Epoch: 13, Batch: 220, Acc: 61.41%, Loss: 1.1931
Epoch: 13, Batch: 230, Acc: 61.36%, Loss: 1.1613
Epoch: 13, Batch: 240, Acc: 61.38%, Loss: 1.1263
Epoch: 13, Batch: 250, Acc: 61.44%, Loss: 1.1702
Epoch: 13, Batch: 260, Acc: 61.55%, Loss: 1.1597
Epoch: 13, Batch: 270, Acc: 61.55%, Loss: 1.2220
Epoch: 13, Batch: 280, Acc: 61.55%, Loss: 1.1745
Epoch: 13, Batch: 290, Acc: 61.55%, Loss: 1.1713
Epoch: 13, Batch: 300, Acc: 61.50%, Loss: 1.2222
Epoch: 13, Batch: 310, Acc: 61.52%, Loss: 1.1484
Epoch: 13, Batch: 320, Acc: 61.48%, Loss: 1.2096
Epoch: 13, Batch: 330, Acc: 61.47%, Loss: 1.1944
Epoch: 13, Batch: 340, Acc: 61.50%, Loss: 1.1503
Epoch: 13, Batch: 350, Acc: 61.55%, Loss: 1.1397
Epoch: 13, Batch: 360, Acc: 61.55%, Loss: 1.1252
Epoch: 13, Batch: 370, Acc: 61.56%, Loss: 1.1443
Epoch: 13, Batch: 380, Acc: 61.57%, Loss: 1.2050
Epoch: 13, Batch: 390, Acc: 61.50%, Loss: 1.2228
Epoch: 13, Batch: 400, Acc: 61.55%, Loss: 1.1295
Epoch: 13, Batch: 410, Acc: 61.53%, Loss: 1.1746
Epoch: 13, Batch: 420, Acc: 61.54%, Loss: 1.1153
Epoch: 13, Batch: 430, Acc: 61.52%, Loss: 1.1715
Epoch: 13, Batch: 440, Acc: 61.56%, Loss: 1.1551
Epoch: 13, Batch: 450, Acc: 61.59%, Loss: 1.1076
Epoch: 13, Batch: 460, Acc: 61.57%, Loss: 1.2064
Epoch: 13, Batch: 470, Acc: 61.57%, Loss: 1.1344
Epoch: 13, Batch: 480, Acc: 61.53%, Loss: 1.1582
Epoch: 13, Batch: 490, Acc: 61.56%, Loss: 1.1242
Epoch: 13, Batch: 500, Acc: 61.58%, Loss: 1.1047
Epoch: 13, Batch: 510, Acc: 61.55%, Loss: 1.2072
Epoch: 13, Batch: 520, Acc: 61.61%, Loss: 1.1215
Epoch: 13, Batch: 530, Acc: 61.62%, Loss: 1.1169
Epoch: 13, Batch: 540, Acc: 61.59%, Loss: 1.1641
Epoch: 13, Batch: 550, Acc: 61.63%, Loss: 1.0959
Epoch: 13, Batch: 560, Acc: 61.64%, Loss: 1.1558
Epoch: 13, Batch: 570, Acc: 61.63%, Loss: 1.1426
Epoch: 13, Batch: 580, Acc: 61.62%, Loss: 1.1358
Epoch: 13, Batch: 590, Acc: 61.60%, Loss: 1.1885
Epoch: 13, Batch: 600, Acc: 61.61%, Loss: 1.1660
Epoch: 13, Batch: 610, Acc: 61.61%, Loss: 1.1391
Epoch: 13, Batch: 620, Acc: 61.62%, Loss: 1.1452
Epoch: 13, Batch: 630, Acc: 61.61%, Loss: 1.1805
Epoch: 13, Batch: 640, Acc: 61.61%, Loss: 1.1294
Epoch: 13, Batch: 650, Acc: 61.62%, Loss: 1.1476
Epoch: 13, Batch: 660, Acc: 61.63%, Loss: 1.1294
Epoch: 13, Batch: 670, Acc: 61.62%, Loss: 1.2323
Epoch: 13, Batch: 680, Acc: 61.62%, Loss: 1.1979
Epoch: 13, Batch: 690, Acc: 61.64%, Loss: 1.1318
Epoch: 13, Batch: 700, Acc: 61.62%, Loss: 1.1592
Epoch: 13, Batch: 710, Acc: 61.58%, Loss: 1.2085
Epoch: 13, Batch: 720, Acc: 61.58%, Loss: 1.1609
Epoch: 13, Batch: 730, Acc: 61.55%, Loss: 1.2147
Epoch: 13, Batch: 740, Acc: 61.59%, Loss: 1.1403
Epoch: 13, Batch: 750, Acc: 61.60%, Loss: 1.1314
Epoch: 13, Batch: 760, Acc: 61.58%, Loss: 1.1839
Epoch: 13, Batch: 770, Acc: 61.53%, Loss: 1.2778
Epoch: 13, Batch: 780, Acc: 61.52%, Loss: 1.1928
Epoch: 13, Batch: 790, Acc: 61.56%, Loss: 1.1340
Epoch: 13, Batch: 800, Acc: 61.58%, Loss: 1.0816
Epoch: 13, Batch: 810, Acc: 61.59%, Loss: 1.1646
Epoch: 13, Batch: 820, Acc: 61.56%, Loss: 1.2073
Epoch: 13, Batch: 830, Acc: 61.62%, Loss: 1.0647
Epoch: 13, Batch: 840, Acc: 61.61%, Loss: 1.1361
Epoch: 13, Batch: 850, Acc: 61.58%, Loss: 1.2315
Epoch: 13, Batch: 860, Acc: 61.54%, Loss: 1.1748
Epoch: 13, Batch: 870, Acc: 61.57%, Loss: 1.1299
Epoch: 13, Batch: 880, Acc: 61.56%, Loss: 1.1248
Epoch: 13, Batch: 890, Acc: 61.60%, Loss: 1.0700
Epoch: 13, Batch: 900, Acc: 61.59%, Loss: 1.2128
Epoch: 13, Batch: 910, Acc: 61.64%, Loss: 1.1289
Epoch: 13, Batch: 920, Acc: 61.65%, Loss: 1.1180
Epoch: 13, Batch: 930, Acc: 61.64%, Loss: 1.1856
Accuracy on test set: 63.16%
Epoch: 14, Batch: 10, Acc: 62.50%, Loss: 1.1014
Epoch: 14, Batch: 20, Acc: 62.03%, Loss: 1.1802
Epoch: 14, Batch: 30, Acc: 62.71%, Loss: 1.1380
Epoch: 14, Batch: 40, Acc: 62.15%, Loss: 1.1433
Epoch: 14, Batch: 50, Acc: 62.09%, Loss: 1.1574
Epoch: 14, Batch: 60, Acc: 62.58%, Loss: 1.0993
Epoch: 14, Batch: 70, Acc: 62.41%, Loss: 1.1909
Epoch: 14, Batch: 80, Acc: 62.56%, Loss: 1.1555
Epoch: 14, Batch: 90, Acc: 62.45%, Loss: 1.1218
Epoch: 14, Batch: 100, Acc: 62.47%, Loss: 1.1646
Epoch: 14, Batch: 110, Acc: 62.33%, Loss: 1.1350
Epoch: 14, Batch: 120, Acc: 62.16%, Loss: 1.1574
Epoch: 14, Batch: 130, Acc: 62.15%, Loss: 1.0783
Epoch: 14, Batch: 140, Acc: 61.98%, Loss: 1.2423
Epoch: 14, Batch: 150, Acc: 62.00%, Loss: 1.1554
Epoch: 14, Batch: 160, Acc: 61.89%, Loss: 1.2104
Epoch: 14, Batch: 170, Acc: 61.85%, Loss: 1.2257
Epoch: 14, Batch: 180, Acc: 61.79%, Loss: 1.2061
Epoch: 14, Batch: 190, Acc: 61.73%, Loss: 1.1521
Epoch: 14, Batch: 200, Acc: 61.71%, Loss: 1.2005
Epoch: 14, Batch: 210, Acc: 61.63%, Loss: 1.1928
Epoch: 14, Batch: 220, Acc: 61.61%, Loss: 1.1940
Epoch: 14, Batch: 230, Acc: 61.71%, Loss: 1.1010
Epoch: 14, Batch: 240, Acc: 61.86%, Loss: 1.0976
Epoch: 14, Batch: 250, Acc: 61.88%, Loss: 1.1375
Epoch: 14, Batch: 260, Acc: 62.01%, Loss: 1.1323
Epoch: 14, Batch: 270, Acc: 62.00%, Loss: 1.1934
Epoch: 14, Batch: 280, Acc: 62.05%, Loss: 1.1162
Epoch: 14, Batch: 290, Acc: 61.99%, Loss: 1.1881
Epoch: 14, Batch: 300, Acc: 61.99%, Loss: 1.1784
Epoch: 14, Batch: 310, Acc: 61.91%, Loss: 1.1661
Epoch: 14, Batch: 320, Acc: 61.98%, Loss: 1.1044
Epoch: 14, Batch: 330, Acc: 61.99%, Loss: 1.2047
Epoch: 14, Batch: 340, Acc: 61.99%, Loss: 1.1379
Epoch: 14, Batch: 350, Acc: 61.92%, Loss: 1.1880
Epoch: 14, Batch: 360, Acc: 62.07%, Loss: 1.0365
Epoch: 14, Batch: 370, Acc: 62.08%, Loss: 1.1320
Epoch: 14, Batch: 380, Acc: 62.06%, Loss: 1.2074
Epoch: 14, Batch: 390, Acc: 62.09%, Loss: 1.1689
Epoch: 14, Batch: 400, Acc: 62.07%, Loss: 1.2162
Epoch: 14, Batch: 410, Acc: 62.10%, Loss: 1.1420
Epoch: 14, Batch: 420, Acc: 62.15%, Loss: 1.1523
Epoch: 14, Batch: 430, Acc: 62.13%, Loss: 1.1786
Epoch: 14, Batch: 440, Acc: 62.13%, Loss: 1.1093
Epoch: 14, Batch: 450, Acc: 62.09%, Loss: 1.1636
Epoch: 14, Batch: 460, Acc: 62.02%, Loss: 1.1575
Epoch: 14, Batch: 470, Acc: 61.95%, Loss: 1.1714
Epoch: 14, Batch: 480, Acc: 62.00%, Loss: 1.1128
Epoch: 14, Batch: 490, Acc: 61.99%, Loss: 1.1051
Epoch: 14, Batch: 500, Acc: 62.00%, Loss: 1.1457
Epoch: 14, Batch: 510, Acc: 62.02%, Loss: 1.1477
Epoch: 14, Batch: 520, Acc: 62.02%, Loss: 1.1405
Epoch: 14, Batch: 530, Acc: 62.02%, Loss: 1.1828
Epoch: 14, Batch: 540, Acc: 61.99%, Loss: 1.1412
Epoch: 14, Batch: 550, Acc: 61.99%, Loss: 1.0789
Epoch: 14, Batch: 560, Acc: 61.97%, Loss: 1.1312
Epoch: 14, Batch: 570, Acc: 62.01%, Loss: 1.1207
Epoch: 14, Batch: 580, Acc: 62.01%, Loss: 1.1835
Epoch: 14, Batch: 590, Acc: 62.05%, Loss: 1.1857
Epoch: 14, Batch: 600, Acc: 62.02%, Loss: 1.1800
Epoch: 14, Batch: 610, Acc: 62.00%, Loss: 1.1702
Epoch: 14, Batch: 620, Acc: 61.99%, Loss: 1.1090
Epoch: 14, Batch: 630, Acc: 62.04%, Loss: 1.0949
Epoch: 14, Batch: 640, Acc: 62.03%, Loss: 1.1339
Epoch: 14, Batch: 650, Acc: 62.07%, Loss: 1.1156
Epoch: 14, Batch: 660, Acc: 62.04%, Loss: 1.1723
Epoch: 14, Batch: 670, Acc: 62.05%, Loss: 1.1259
Epoch: 14, Batch: 680, Acc: 62.02%, Loss: 1.1639
Epoch: 14, Batch: 690, Acc: 62.02%, Loss: 1.1621
Epoch: 14, Batch: 700, Acc: 62.02%, Loss: 1.1460
Epoch: 14, Batch: 710, Acc: 62.02%, Loss: 1.1492
Epoch: 14, Batch: 720, Acc: 62.05%, Loss: 1.1059
Epoch: 14, Batch: 730, Acc: 62.09%, Loss: 1.0875
Epoch: 14, Batch: 740, Acc: 62.05%, Loss: 1.1804
Epoch: 14, Batch: 750, Acc: 62.04%, Loss: 1.1566
Epoch: 14, Batch: 760, Acc: 62.08%, Loss: 1.0463
Epoch: 14, Batch: 770, Acc: 62.10%, Loss: 1.1008
Epoch: 14, Batch: 780, Acc: 62.10%, Loss: 1.1513
Epoch: 14, Batch: 790, Acc: 62.13%, Loss: 1.0987
Epoch: 14, Batch: 800, Acc: 62.15%, Loss: 1.0641
Epoch: 14, Batch: 810, Acc: 62.15%, Loss: 1.1432
Epoch: 14, Batch: 820, Acc: 62.17%, Loss: 1.1021
Epoch: 14, Batch: 830, Acc: 62.20%, Loss: 1.1569
Epoch: 14, Batch: 840, Acc: 62.20%, Loss: 1.1732
Epoch: 14, Batch: 850, Acc: 62.19%, Loss: 1.1329
Epoch: 14, Batch: 860, Acc: 62.19%, Loss: 1.1471
Epoch: 14, Batch: 870, Acc: 62.19%, Loss: 1.1665
Epoch: 14, Batch: 880, Acc: 62.22%, Loss: 1.0888
Epoch: 14, Batch: 890, Acc: 62.17%, Loss: 1.2140
Epoch: 14, Batch: 900, Acc: 62.19%, Loss: 1.1321
Epoch: 14, Batch: 910, Acc: 62.21%, Loss: 1.1334
Epoch: 14, Batch: 920, Acc: 62.17%, Loss: 1.1845
Epoch: 14, Batch: 930, Acc: 62.17%, Loss: 1.1713
Accuracy on test set: 62.88%
Epoch: 15, Batch: 10, Acc: 60.31%, Loss: 1.1871
Epoch: 15, Batch: 20, Acc: 61.02%, Loss: 1.1554
Epoch: 15, Batch: 30, Acc: 63.18%, Loss: 1.0902
Epoch: 15, Batch: 40, Acc: 61.80%, Loss: 1.2253
Epoch: 15, Batch: 50, Acc: 61.78%, Loss: 1.1319
Epoch: 15, Batch: 60, Acc: 61.30%, Loss: 1.2106
Epoch: 15, Batch: 70, Acc: 61.56%, Loss: 1.1086
Epoch: 15, Batch: 80, Acc: 61.37%, Loss: 1.1703
Epoch: 15, Batch: 90, Acc: 61.49%, Loss: 1.0931
Epoch: 15, Batch: 100, Acc: 61.80%, Loss: 1.1392
Epoch: 15, Batch: 110, Acc: 61.41%, Loss: 1.2353
Epoch: 15, Batch: 120, Acc: 61.61%, Loss: 1.1230
Epoch: 15, Batch: 130, Acc: 61.63%, Loss: 1.1210
Epoch: 15, Batch: 140, Acc: 61.76%, Loss: 1.0741
Epoch: 15, Batch: 150, Acc: 61.81%, Loss: 1.1626
Epoch: 15, Batch: 160, Acc: 61.94%, Loss: 1.1237
Epoch: 15, Batch: 170, Acc: 61.91%, Loss: 1.1400
Epoch: 15, Batch: 180, Acc: 62.01%, Loss: 1.1444
Epoch: 15, Batch: 190, Acc: 62.16%, Loss: 1.0487
Epoch: 15, Batch: 200, Acc: 62.10%, Loss: 1.1552
Epoch: 15, Batch: 210, Acc: 61.96%, Loss: 1.2473
Epoch: 15, Batch: 220, Acc: 62.10%, Loss: 1.0909
Epoch: 15, Batch: 230, Acc: 62.14%, Loss: 1.1370
Epoch: 15, Batch: 240, Acc: 62.08%, Loss: 1.2204
Epoch: 15, Batch: 250, Acc: 62.17%, Loss: 1.0846
Epoch: 15, Batch: 260, Acc: 62.23%, Loss: 1.1705
Epoch: 15, Batch: 270, Acc: 62.25%, Loss: 1.1027
Epoch: 15, Batch: 280, Acc: 62.15%, Loss: 1.2150
Epoch: 15, Batch: 290, Acc: 62.11%, Loss: 1.1963
Epoch: 15, Batch: 300, Acc: 62.12%, Loss: 1.0975
Epoch: 15, Batch: 310, Acc: 62.13%, Loss: 1.0998
Epoch: 15, Batch: 320, Acc: 62.25%, Loss: 1.1026
Epoch: 15, Batch: 330, Acc: 62.27%, Loss: 1.1927
Epoch: 15, Batch: 340, Acc: 62.30%, Loss: 1.1268
Epoch: 15, Batch: 350, Acc: 62.27%, Loss: 1.1778
Epoch: 15, Batch: 360, Acc: 62.33%, Loss: 1.0425
Epoch: 15, Batch: 370, Acc: 62.37%, Loss: 1.1299
Epoch: 15, Batch: 380, Acc: 62.37%, Loss: 1.0798
Epoch: 15, Batch: 390, Acc: 62.38%, Loss: 1.1359
Epoch: 15, Batch: 400, Acc: 62.36%, Loss: 1.1768
Epoch: 15, Batch: 410, Acc: 62.31%, Loss: 1.1702
Epoch: 15, Batch: 420, Acc: 62.38%, Loss: 1.0746
Epoch: 15, Batch: 430, Acc: 62.28%, Loss: 1.1765
Epoch: 15, Batch: 440, Acc: 62.24%, Loss: 1.1422
Epoch: 15, Batch: 450, Acc: 62.27%, Loss: 1.0909
Epoch: 15, Batch: 460, Acc: 62.33%, Loss: 1.0712
Epoch: 15, Batch: 470, Acc: 62.32%, Loss: 1.1255
Epoch: 15, Batch: 480, Acc: 62.29%, Loss: 1.2275
Epoch: 15, Batch: 490, Acc: 62.29%, Loss: 1.1708
Epoch: 15, Batch: 500, Acc: 62.33%, Loss: 1.0712
Epoch: 15, Batch: 510, Acc: 62.37%, Loss: 1.1202
Epoch: 15, Batch: 520, Acc: 62.35%, Loss: 1.1268
Epoch: 15, Batch: 530, Acc: 62.36%, Loss: 1.1863
Epoch: 15, Batch: 540, Acc: 62.34%, Loss: 1.1252
Epoch: 15, Batch: 550, Acc: 62.32%, Loss: 1.1510
Epoch: 15, Batch: 560, Acc: 62.29%, Loss: 1.1507
Epoch: 15, Batch: 570, Acc: 62.38%, Loss: 1.0429
Epoch: 15, Batch: 580, Acc: 62.46%, Loss: 1.0462
Epoch: 15, Batch: 590, Acc: 62.47%, Loss: 1.1415
Epoch: 15, Batch: 600, Acc: 62.46%, Loss: 1.2095
Epoch: 15, Batch: 610, Acc: 62.51%, Loss: 1.0930
Epoch: 15, Batch: 620, Acc: 62.51%, Loss: 1.1417
Epoch: 15, Batch: 630, Acc: 62.47%, Loss: 1.1867
Epoch: 15, Batch: 640, Acc: 62.46%, Loss: 1.1752
Epoch: 15, Batch: 650, Acc: 62.46%, Loss: 1.0991
Epoch: 15, Batch: 660, Acc: 62.49%, Loss: 1.1420
Epoch: 15, Batch: 670, Acc: 62.50%, Loss: 1.1138
Epoch: 15, Batch: 680, Acc: 62.49%, Loss: 1.1168
Epoch: 15, Batch: 690, Acc: 62.50%, Loss: 1.1312
Epoch: 15, Batch: 700, Acc: 62.51%, Loss: 1.1697
Epoch: 15, Batch: 710, Acc: 62.54%, Loss: 1.0955
Epoch: 15, Batch: 720, Acc: 62.53%, Loss: 1.1797
Epoch: 15, Batch: 730, Acc: 62.54%, Loss: 1.0773
Epoch: 15, Batch: 740, Acc: 62.54%, Loss: 1.1920
Epoch: 15, Batch: 750, Acc: 62.55%, Loss: 1.0707
Epoch: 15, Batch: 760, Acc: 62.56%, Loss: 1.1185
Epoch: 15, Batch: 770, Acc: 62.55%, Loss: 1.1621
Epoch: 15, Batch: 780, Acc: 62.56%, Loss: 1.1165
Epoch: 15, Batch: 790, Acc: 62.58%, Loss: 1.0989
Epoch: 15, Batch: 800, Acc: 62.57%, Loss: 1.1993
Epoch: 15, Batch: 810, Acc: 62.56%, Loss: 1.1355
Epoch: 15, Batch: 820, Acc: 62.55%, Loss: 1.1796
Epoch: 15, Batch: 830, Acc: 62.55%, Loss: 1.1347
Epoch: 15, Batch: 840, Acc: 62.54%, Loss: 1.1234
Epoch: 15, Batch: 850, Acc: 62.52%, Loss: 1.1211
Epoch: 15, Batch: 860, Acc: 62.55%, Loss: 1.1029
Epoch: 15, Batch: 870, Acc: 62.54%, Loss: 1.0751
Epoch: 15, Batch: 880, Acc: 62.57%, Loss: 1.0977
Epoch: 15, Batch: 890, Acc: 62.57%, Loss: 1.1171
Epoch: 15, Batch: 900, Acc: 62.59%, Loss: 1.1099
Epoch: 15, Batch: 910, Acc: 62.61%, Loss: 1.1071
Epoch: 15, Batch: 920, Acc: 62.58%, Loss: 1.1289
Epoch: 15, Batch: 930, Acc: 62.57%, Loss: 1.1696
Accuracy on test set: 64.28%
Epoch: 16, Batch: 10, Acc: 61.56%, Loss: 1.1619
Epoch: 16, Batch: 20, Acc: 61.33%, Loss: 1.1732
Epoch: 16, Batch: 30, Acc: 62.34%, Loss: 1.1462
Epoch: 16, Batch: 40, Acc: 62.42%, Loss: 1.1139
Epoch: 16, Batch: 50, Acc: 63.47%, Loss: 1.0826
Epoch: 16, Batch: 60, Acc: 63.28%, Loss: 1.1653
Epoch: 16, Batch: 70, Acc: 63.53%, Loss: 1.1156
Epoch: 16, Batch: 80, Acc: 63.22%, Loss: 1.1681
Epoch: 16, Batch: 90, Acc: 63.39%, Loss: 1.0887
Epoch: 16, Batch: 100, Acc: 63.31%, Loss: 1.1344
Epoch: 16, Batch: 110, Acc: 63.34%, Loss: 1.0841
Epoch: 16, Batch: 120, Acc: 63.16%, Loss: 1.1149
Epoch: 16, Batch: 130, Acc: 63.12%, Loss: 1.1494
Epoch: 16, Batch: 140, Acc: 63.02%, Loss: 1.1438
Epoch: 16, Batch: 150, Acc: 63.10%, Loss: 1.0852
Epoch: 16, Batch: 160, Acc: 63.19%, Loss: 1.1765
Epoch: 16, Batch: 170, Acc: 63.12%, Loss: 1.1125
Epoch: 16, Batch: 180, Acc: 63.05%, Loss: 1.1256
Epoch: 16, Batch: 190, Acc: 62.99%, Loss: 1.1068
Epoch: 16, Batch: 200, Acc: 62.94%, Loss: 1.0888
Epoch: 16, Batch: 210, Acc: 62.93%, Loss: 1.1339
Epoch: 16, Batch: 220, Acc: 63.03%, Loss: 1.1170
Epoch: 16, Batch: 230, Acc: 62.89%, Loss: 1.1552
Epoch: 16, Batch: 240, Acc: 62.95%, Loss: 1.0915
Epoch: 16, Batch: 250, Acc: 62.97%, Loss: 1.1260
Epoch: 16, Batch: 260, Acc: 62.85%, Loss: 1.1983
Epoch: 16, Batch: 270, Acc: 62.86%, Loss: 1.0979
Epoch: 16, Batch: 280, Acc: 62.86%, Loss: 1.1204
Epoch: 16, Batch: 290, Acc: 62.91%, Loss: 1.1137
Epoch: 16, Batch: 300, Acc: 62.91%, Loss: 1.1692
Epoch: 16, Batch: 310, Acc: 62.91%, Loss: 1.1455
Epoch: 16, Batch: 320, Acc: 63.04%, Loss: 1.0598
Epoch: 16, Batch: 330, Acc: 63.03%, Loss: 1.1278
Epoch: 16, Batch: 340, Acc: 63.07%, Loss: 1.1193
Epoch: 16, Batch: 350, Acc: 63.04%, Loss: 1.1320
Epoch: 16, Batch: 360, Acc: 63.11%, Loss: 1.0438
Epoch: 16, Batch: 370, Acc: 63.12%, Loss: 1.1911
Epoch: 16, Batch: 380, Acc: 63.06%, Loss: 1.1157
Epoch: 16, Batch: 390, Acc: 63.04%, Loss: 1.1806
Epoch: 16, Batch: 400, Acc: 62.98%, Loss: 1.1519
Epoch: 16, Batch: 410, Acc: 62.96%, Loss: 1.1478
Epoch: 16, Batch: 420, Acc: 62.98%, Loss: 1.0664
Epoch: 16, Batch: 430, Acc: 62.98%, Loss: 1.1510
Epoch: 16, Batch: 440, Acc: 63.00%, Loss: 1.0926
Epoch: 16, Batch: 450, Acc: 63.05%, Loss: 1.1612
Epoch: 16, Batch: 460, Acc: 63.03%, Loss: 1.1629
Epoch: 16, Batch: 470, Acc: 63.01%, Loss: 1.1263
Epoch: 16, Batch: 480, Acc: 63.00%, Loss: 1.1231
Epoch: 16, Batch: 490, Acc: 62.94%, Loss: 1.1550
Epoch: 16, Batch: 500, Acc: 63.02%, Loss: 1.0450
Epoch: 16, Batch: 510, Acc: 63.04%, Loss: 1.1028
Epoch: 16, Batch: 520, Acc: 63.06%, Loss: 1.0894
Epoch: 16, Batch: 530, Acc: 63.09%, Loss: 1.1259
Epoch: 16, Batch: 540, Acc: 63.12%, Loss: 1.1151
Epoch: 16, Batch: 550, Acc: 63.13%, Loss: 1.1188
Epoch: 16, Batch: 560, Acc: 63.17%, Loss: 1.1148
Epoch: 16, Batch: 570, Acc: 63.14%, Loss: 1.1454
Epoch: 16, Batch: 580, Acc: 63.11%, Loss: 1.1810
Epoch: 16, Batch: 590, Acc: 63.13%, Loss: 1.0875
Epoch: 16, Batch: 600, Acc: 63.09%, Loss: 1.2009
Epoch: 16, Batch: 610, Acc: 63.11%, Loss: 1.0688
Epoch: 16, Batch: 620, Acc: 63.10%, Loss: 1.1415
Epoch: 16, Batch: 630, Acc: 63.11%, Loss: 1.1586
Epoch: 16, Batch: 640, Acc: 63.09%, Loss: 1.1396
Epoch: 16, Batch: 650, Acc: 63.08%, Loss: 1.1723
Epoch: 16, Batch: 660, Acc: 63.09%, Loss: 1.1469
Epoch: 16, Batch: 670, Acc: 63.09%, Loss: 1.1709
Epoch: 16, Batch: 680, Acc: 63.10%, Loss: 1.1119
Epoch: 16, Batch: 690, Acc: 63.05%, Loss: 1.1973
Epoch: 16, Batch: 700, Acc: 63.05%, Loss: 1.1124
Epoch: 16, Batch: 710, Acc: 63.05%, Loss: 1.0939
Epoch: 16, Batch: 720, Acc: 62.98%, Loss: 1.1891
Epoch: 16, Batch: 730, Acc: 63.03%, Loss: 1.1185
Epoch: 16, Batch: 740, Acc: 63.07%, Loss: 1.0711
Epoch: 16, Batch: 750, Acc: 63.07%, Loss: 1.0763
Epoch: 16, Batch: 760, Acc: 63.12%, Loss: 1.0623
Epoch: 16, Batch: 770, Acc: 63.15%, Loss: 1.0757
Epoch: 16, Batch: 780, Acc: 63.13%, Loss: 1.1170
Epoch: 16, Batch: 790, Acc: 63.16%, Loss: 1.0902
Epoch: 16, Batch: 800, Acc: 63.17%, Loss: 1.0931
Epoch: 16, Batch: 810, Acc: 63.13%, Loss: 1.1692
Epoch: 16, Batch: 820, Acc: 63.14%, Loss: 1.0956
Epoch: 16, Batch: 830, Acc: 63.09%, Loss: 1.1755
Epoch: 16, Batch: 840, Acc: 63.09%, Loss: 1.0966
Epoch: 16, Batch: 850, Acc: 63.10%, Loss: 1.1011
Epoch: 16, Batch: 860, Acc: 63.12%, Loss: 1.1537
Epoch: 16, Batch: 870, Acc: 63.13%, Loss: 1.0679
Epoch: 16, Batch: 880, Acc: 63.14%, Loss: 1.0466
Epoch: 16, Batch: 890, Acc: 63.17%, Loss: 1.0486
Epoch: 16, Batch: 900, Acc: 63.16%, Loss: 1.1056
Epoch: 16, Batch: 910, Acc: 63.16%, Loss: 1.0833
Epoch: 16, Batch: 920, Acc: 63.18%, Loss: 1.1135
Epoch: 16, Batch: 930, Acc: 63.16%, Loss: 1.1532
Accuracy on test set: 64.61%
Epoch: 17, Batch: 10, Acc: 62.19%, Loss: 1.1162
Epoch: 17, Batch: 20, Acc: 63.05%, Loss: 1.1174
Epoch: 17, Batch: 30, Acc: 62.29%, Loss: 1.1561
Epoch: 17, Batch: 40, Acc: 62.81%, Loss: 1.0759
Epoch: 17, Batch: 50, Acc: 63.91%, Loss: 1.0027
Epoch: 17, Batch: 60, Acc: 63.88%, Loss: 1.1692
Epoch: 17, Batch: 70, Acc: 63.55%, Loss: 1.1056
Epoch: 17, Batch: 80, Acc: 63.44%, Loss: 1.1482
Epoch: 17, Batch: 90, Acc: 63.33%, Loss: 1.1233
Epoch: 17, Batch: 100, Acc: 62.89%, Loss: 1.2035
Epoch: 17, Batch: 110, Acc: 63.20%, Loss: 1.0705
Epoch: 17, Batch: 120, Acc: 63.29%, Loss: 1.1383
Epoch: 17, Batch: 130, Acc: 63.22%, Loss: 1.1291
Epoch: 17, Batch: 140, Acc: 63.31%, Loss: 1.0626
Epoch: 17, Batch: 150, Acc: 63.26%, Loss: 1.1484
Epoch: 17, Batch: 160, Acc: 63.40%, Loss: 1.0784
Epoch: 17, Batch: 170, Acc: 63.40%, Loss: 1.1035
Epoch: 17, Batch: 180, Acc: 63.41%, Loss: 1.0740
Epoch: 17, Batch: 190, Acc: 63.43%, Loss: 1.1400
Epoch: 17, Batch: 200, Acc: 63.53%, Loss: 1.0977
Epoch: 17, Batch: 210, Acc: 63.56%, Loss: 1.1486
Epoch: 17, Batch: 220, Acc: 63.57%, Loss: 1.1408
Epoch: 17, Batch: 230, Acc: 63.61%, Loss: 1.0892
Epoch: 17, Batch: 240, Acc: 63.56%, Loss: 1.1036
Epoch: 17, Batch: 250, Acc: 63.66%, Loss: 1.1236
Epoch: 17, Batch: 260, Acc: 63.58%, Loss: 1.1523
Epoch: 17, Batch: 270, Acc: 63.54%, Loss: 1.0991
Epoch: 17, Batch: 280, Acc: 63.57%, Loss: 1.0588
Epoch: 17, Batch: 290, Acc: 63.52%, Loss: 1.1364
Epoch: 17, Batch: 300, Acc: 63.43%, Loss: 1.1831
Epoch: 17, Batch: 310, Acc: 63.44%, Loss: 1.0455
Epoch: 17, Batch: 320, Acc: 63.43%, Loss: 1.1104
Epoch: 17, Batch: 330, Acc: 63.44%, Loss: 1.1216
Epoch: 17, Batch: 340, Acc: 63.52%, Loss: 1.0828
Epoch: 17, Batch: 350, Acc: 63.55%, Loss: 1.0667
Epoch: 17, Batch: 360, Acc: 63.57%, Loss: 1.0767
Epoch: 17, Batch: 370, Acc: 63.61%, Loss: 1.0536
Epoch: 17, Batch: 380, Acc: 63.61%, Loss: 1.0988
Epoch: 17, Batch: 390, Acc: 63.63%, Loss: 1.0622
Epoch: 17, Batch: 400, Acc: 63.61%, Loss: 1.1332
Epoch: 17, Batch: 410, Acc: 63.65%, Loss: 1.0884
Epoch: 17, Batch: 420, Acc: 63.65%, Loss: 1.1265
Epoch: 17, Batch: 430, Acc: 63.63%, Loss: 1.1153
Epoch: 17, Batch: 440, Acc: 63.68%, Loss: 1.0967
Epoch: 17, Batch: 450, Acc: 63.62%, Loss: 1.1265
Epoch: 17, Batch: 460, Acc: 63.66%, Loss: 1.1082
Epoch: 17, Batch: 470, Acc: 63.72%, Loss: 1.0734
Epoch: 17, Batch: 480, Acc: 63.74%, Loss: 1.0487
Epoch: 17, Batch: 490, Acc: 63.75%, Loss: 1.0765
Epoch: 17, Batch: 500, Acc: 63.74%, Loss: 1.0610
Epoch: 17, Batch: 510, Acc: 63.71%, Loss: 1.1324
Epoch: 17, Batch: 520, Acc: 63.68%, Loss: 1.1095
Epoch: 17, Batch: 530, Acc: 63.68%, Loss: 1.1322
Epoch: 17, Batch: 540, Acc: 63.65%, Loss: 1.1338
Epoch: 17, Batch: 550, Acc: 63.57%, Loss: 1.1192
Epoch: 17, Batch: 560, Acc: 63.62%, Loss: 1.1303
Epoch: 17, Batch: 570, Acc: 63.59%, Loss: 1.1143
Epoch: 17, Batch: 580, Acc: 63.56%, Loss: 1.1183
Epoch: 17, Batch: 590, Acc: 63.61%, Loss: 1.0825
Epoch: 17, Batch: 600, Acc: 63.63%, Loss: 1.0650
Epoch: 17, Batch: 610, Acc: 63.67%, Loss: 1.0581
Epoch: 17, Batch: 620, Acc: 63.67%, Loss: 1.1277
Epoch: 17, Batch: 630, Acc: 63.69%, Loss: 1.0669
Epoch: 17, Batch: 640, Acc: 63.67%, Loss: 1.1278
Epoch: 17, Batch: 650, Acc: 63.62%, Loss: 1.1381
Epoch: 17, Batch: 660, Acc: 63.62%, Loss: 1.1394
Epoch: 17, Batch: 670, Acc: 63.64%, Loss: 1.0861
Epoch: 17, Batch: 680, Acc: 63.57%, Loss: 1.1670
Epoch: 17, Batch: 690, Acc: 63.56%, Loss: 1.0969
Epoch: 17, Batch: 700, Acc: 63.59%, Loss: 1.1167
Epoch: 17, Batch: 710, Acc: 63.61%, Loss: 1.0810
Epoch: 17, Batch: 720, Acc: 63.59%, Loss: 1.1050
Epoch: 17, Batch: 730, Acc: 63.57%, Loss: 1.1494
Epoch: 17, Batch: 740, Acc: 63.56%, Loss: 1.1627
Epoch: 17, Batch: 750, Acc: 63.53%, Loss: 1.1657
Epoch: 17, Batch: 760, Acc: 63.54%, Loss: 1.1105
Epoch: 17, Batch: 770, Acc: 63.53%, Loss: 1.1587
Epoch: 17, Batch: 780, Acc: 63.53%, Loss: 1.1047
Epoch: 17, Batch: 790, Acc: 63.54%, Loss: 1.0966
Epoch: 17, Batch: 800, Acc: 63.52%, Loss: 1.1623
Epoch: 17, Batch: 810, Acc: 63.49%, Loss: 1.1507
Epoch: 17, Batch: 820, Acc: 63.53%, Loss: 1.0901
Epoch: 17, Batch: 830, Acc: 63.52%, Loss: 1.0852
Epoch: 17, Batch: 840, Acc: 63.51%, Loss: 1.1057
Epoch: 17, Batch: 850, Acc: 63.55%, Loss: 1.0508
Epoch: 17, Batch: 860, Acc: 63.48%, Loss: 1.1796
Epoch: 17, Batch: 870, Acc: 63.46%, Loss: 1.0998
Epoch: 17, Batch: 880, Acc: 63.46%, Loss: 1.1238
Epoch: 17, Batch: 890, Acc: 63.47%, Loss: 1.0898
Epoch: 17, Batch: 900, Acc: 63.45%, Loss: 1.2318
Epoch: 17, Batch: 910, Acc: 63.45%, Loss: 1.0968
Epoch: 17, Batch: 920, Acc: 63.49%, Loss: 1.1330
Epoch: 17, Batch: 930, Acc: 63.49%, Loss: 1.1062
Accuracy on test set: 64.98%
Epoch: 18, Batch: 10, Acc: 61.72%, Loss: 1.1445
Epoch: 18, Batch: 20, Acc: 62.89%, Loss: 1.1152
Epoch: 18, Batch: 30, Acc: 62.97%, Loss: 1.0688
Epoch: 18, Batch: 40, Acc: 63.36%, Loss: 1.0851
Epoch: 18, Batch: 50, Acc: 62.94%, Loss: 1.0897
Epoch: 18, Batch: 60, Acc: 62.89%, Loss: 1.1080
Epoch: 18, Batch: 70, Acc: 62.59%, Loss: 1.1924
Epoch: 18, Batch: 80, Acc: 62.60%, Loss: 1.1464
Epoch: 18, Batch: 90, Acc: 63.32%, Loss: 1.0013
Epoch: 18, Batch: 100, Acc: 63.09%, Loss: 1.1222
Epoch: 18, Batch: 110, Acc: 63.08%, Loss: 1.1531
Epoch: 18, Batch: 120, Acc: 63.40%, Loss: 1.0281
Epoch: 18, Batch: 130, Acc: 63.46%, Loss: 1.0788
Epoch: 18, Batch: 140, Acc: 63.50%, Loss: 1.0488
Epoch: 18, Batch: 150, Acc: 63.56%, Loss: 1.0244
Epoch: 18, Batch: 160, Acc: 63.59%, Loss: 1.1390
Epoch: 18, Batch: 170, Acc: 63.51%, Loss: 1.0972
Epoch: 18, Batch: 180, Acc: 63.43%, Loss: 1.1613
Epoch: 18, Batch: 190, Acc: 63.54%, Loss: 1.1168
Epoch: 18, Batch: 200, Acc: 63.60%, Loss: 1.0615
Epoch: 18, Batch: 210, Acc: 63.50%, Loss: 1.1423
Epoch: 18, Batch: 220, Acc: 63.52%, Loss: 1.1415
Epoch: 18, Batch: 230, Acc: 63.50%, Loss: 1.1215
Epoch: 18, Batch: 240, Acc: 63.50%, Loss: 1.0922
Epoch: 18, Batch: 250, Acc: 63.49%, Loss: 1.1154
Epoch: 18, Batch: 260, Acc: 63.55%, Loss: 1.1028
Epoch: 18, Batch: 270, Acc: 63.60%, Loss: 1.1349
Epoch: 18, Batch: 280, Acc: 63.58%, Loss: 1.0569
Epoch: 18, Batch: 290, Acc: 63.62%, Loss: 1.1123
Epoch: 18, Batch: 300, Acc: 63.62%, Loss: 1.1238
Epoch: 18, Batch: 310, Acc: 63.66%, Loss: 1.0907
Epoch: 18, Batch: 320, Acc: 63.64%, Loss: 1.0685
Epoch: 18, Batch: 330, Acc: 63.70%, Loss: 1.0374
Epoch: 18, Batch: 340, Acc: 63.69%, Loss: 1.1112
Epoch: 18, Batch: 350, Acc: 63.71%, Loss: 1.1110
Epoch: 18, Batch: 360, Acc: 63.71%, Loss: 1.1090
Epoch: 18, Batch: 370, Acc: 63.72%, Loss: 1.0770
Epoch: 18, Batch: 380, Acc: 63.71%, Loss: 1.1188
Epoch: 18, Batch: 390, Acc: 63.71%, Loss: 1.1121
Epoch: 18, Batch: 400, Acc: 63.63%, Loss: 1.1543
Epoch: 18, Batch: 410, Acc: 63.65%, Loss: 1.0631
Epoch: 18, Batch: 420, Acc: 63.69%, Loss: 1.0918
Epoch: 18, Batch: 430, Acc: 63.62%, Loss: 1.1401
Epoch: 18, Batch: 440, Acc: 63.65%, Loss: 1.0697
Epoch: 18, Batch: 450, Acc: 63.65%, Loss: 1.1721
Epoch: 18, Batch: 460, Acc: 63.65%, Loss: 1.0981
Epoch: 18, Batch: 470, Acc: 63.65%, Loss: 1.1219
Epoch: 18, Batch: 480, Acc: 63.69%, Loss: 1.0940
Epoch: 18, Batch: 490, Acc: 63.71%, Loss: 1.0707
Epoch: 18, Batch: 500, Acc: 63.68%, Loss: 1.0966
Epoch: 18, Batch: 510, Acc: 63.72%, Loss: 1.0755
Epoch: 18, Batch: 520, Acc: 63.67%, Loss: 1.1244
Epoch: 18, Batch: 530, Acc: 63.72%, Loss: 1.0215
Epoch: 18, Batch: 540, Acc: 63.76%, Loss: 1.0660
Epoch: 18, Batch: 550, Acc: 63.68%, Loss: 1.1327
Epoch: 18, Batch: 560, Acc: 63.67%, Loss: 1.1201
Epoch: 18, Batch: 570, Acc: 63.62%, Loss: 1.1846
Epoch: 18, Batch: 580, Acc: 63.61%, Loss: 1.0906
Epoch: 18, Batch: 590, Acc: 63.57%, Loss: 1.1142
Epoch: 18, Batch: 600, Acc: 63.54%, Loss: 1.1187
Epoch: 18, Batch: 610, Acc: 63.59%, Loss: 1.0940
Epoch: 18, Batch: 620, Acc: 63.56%, Loss: 1.1360
Epoch: 18, Batch: 630, Acc: 63.56%, Loss: 1.1686
Epoch: 18, Batch: 640, Acc: 63.62%, Loss: 1.0434
Epoch: 18, Batch: 650, Acc: 63.63%, Loss: 1.1155
Epoch: 18, Batch: 660, Acc: 63.63%, Loss: 1.1031
Epoch: 18, Batch: 670, Acc: 63.69%, Loss: 1.0605
Epoch: 18, Batch: 680, Acc: 63.72%, Loss: 1.0357
Epoch: 18, Batch: 690, Acc: 63.68%, Loss: 1.1524
Epoch: 18, Batch: 700, Acc: 63.67%, Loss: 1.1102
Epoch: 18, Batch: 710, Acc: 63.64%, Loss: 1.1136
Epoch: 18, Batch: 720, Acc: 63.64%, Loss: 1.1058
Epoch: 18, Batch: 730, Acc: 63.66%, Loss: 1.1162
Epoch: 18, Batch: 740, Acc: 63.64%, Loss: 1.0964
Epoch: 18, Batch: 750, Acc: 63.67%, Loss: 1.0163
Epoch: 18, Batch: 760, Acc: 63.74%, Loss: 1.0003
Epoch: 18, Batch: 770, Acc: 63.76%, Loss: 1.1048
Epoch: 18, Batch: 780, Acc: 63.78%, Loss: 1.0713
Epoch: 18, Batch: 790, Acc: 63.78%, Loss: 1.0879
Epoch: 18, Batch: 800, Acc: 63.75%, Loss: 1.1812
Epoch: 18, Batch: 810, Acc: 63.79%, Loss: 1.0909
Epoch: 18, Batch: 820, Acc: 63.80%, Loss: 1.0978
Epoch: 18, Batch: 830, Acc: 63.81%, Loss: 1.0745
Epoch: 18, Batch: 840, Acc: 63.83%, Loss: 1.0655
Epoch: 18, Batch: 850, Acc: 63.79%, Loss: 1.1311
Epoch: 18, Batch: 860, Acc: 63.82%, Loss: 1.0923
Epoch: 18, Batch: 870, Acc: 63.83%, Loss: 1.0940
Epoch: 18, Batch: 880, Acc: 63.83%, Loss: 1.0851
Epoch: 18, Batch: 890, Acc: 63.87%, Loss: 1.0552
Epoch: 18, Batch: 900, Acc: 63.87%, Loss: 1.0730
Epoch: 18, Batch: 910, Acc: 63.87%, Loss: 1.1057
Epoch: 18, Batch: 920, Acc: 63.86%, Loss: 1.1520
Epoch: 18, Batch: 930, Acc: 63.85%, Loss: 1.1067
Accuracy on test set: 65.78%
Epoch: 19, Batch: 10, Acc: 62.81%, Loss: 1.0923
Epoch: 19, Batch: 20, Acc: 62.42%, Loss: 1.1283
Epoch: 19, Batch: 30, Acc: 62.71%, Loss: 1.1340
Epoch: 19, Batch: 40, Acc: 63.32%, Loss: 1.1246
Epoch: 19, Batch: 50, Acc: 64.00%, Loss: 1.0838
Epoch: 19, Batch: 60, Acc: 63.83%, Loss: 1.1365
Epoch: 19, Batch: 70, Acc: 63.66%, Loss: 1.1317
Epoch: 19, Batch: 80, Acc: 63.87%, Loss: 1.0707
Epoch: 19, Batch: 90, Acc: 64.03%, Loss: 1.0809
Epoch: 19, Batch: 100, Acc: 64.12%, Loss: 1.0386
Epoch: 19, Batch: 110, Acc: 64.43%, Loss: 1.0797
Epoch: 19, Batch: 120, Acc: 64.41%, Loss: 1.0452
Epoch: 19, Batch: 130, Acc: 64.38%, Loss: 1.1301
Epoch: 19, Batch: 140, Acc: 64.55%, Loss: 1.0840
Epoch: 19, Batch: 150, Acc: 64.38%, Loss: 1.1491
Epoch: 19, Batch: 160, Acc: 64.28%, Loss: 1.0854
Epoch: 19, Batch: 170, Acc: 64.47%, Loss: 0.9981
Epoch: 19, Batch: 180, Acc: 64.35%, Loss: 1.1091
Epoch: 19, Batch: 190, Acc: 64.28%, Loss: 1.1772
Epoch: 19, Batch: 200, Acc: 64.31%, Loss: 1.1207
Epoch: 19, Batch: 210, Acc: 64.30%, Loss: 1.0791
Epoch: 19, Batch: 220, Acc: 64.22%, Loss: 1.1489
Epoch: 19, Batch: 230, Acc: 64.04%, Loss: 1.1312
Epoch: 19, Batch: 240, Acc: 64.19%, Loss: 1.0280
Epoch: 19, Batch: 250, Acc: 64.16%, Loss: 1.1440
Epoch: 19, Batch: 260, Acc: 64.15%, Loss: 1.0685
Epoch: 19, Batch: 270, Acc: 64.23%, Loss: 1.0511
Epoch: 19, Batch: 280, Acc: 64.23%, Loss: 1.0414
Epoch: 19, Batch: 290, Acc: 64.33%, Loss: 1.0324
Epoch: 19, Batch: 300, Acc: 64.26%, Loss: 1.1060
Epoch: 19, Batch: 310, Acc: 64.23%, Loss: 1.0599
Epoch: 19, Batch: 320, Acc: 64.25%, Loss: 1.1228
Epoch: 19, Batch: 330, Acc: 64.18%, Loss: 1.1150
Epoch: 19, Batch: 340, Acc: 64.22%, Loss: 1.0552
Epoch: 19, Batch: 350, Acc: 64.20%, Loss: 1.1153
Epoch: 19, Batch: 360, Acc: 64.18%, Loss: 1.1562
Epoch: 19, Batch: 370, Acc: 64.27%, Loss: 1.0496
Epoch: 19, Batch: 380, Acc: 64.32%, Loss: 1.0865
Epoch: 19, Batch: 390, Acc: 64.28%, Loss: 1.0985
Epoch: 19, Batch: 400, Acc: 64.28%, Loss: 1.1509
Epoch: 19, Batch: 410, Acc: 64.24%, Loss: 1.1290
Epoch: 19, Batch: 420, Acc: 64.20%, Loss: 1.0622
Epoch: 19, Batch: 430, Acc: 64.26%, Loss: 1.0537
Epoch: 19, Batch: 440, Acc: 64.28%, Loss: 1.0542
Epoch: 19, Batch: 450, Acc: 64.30%, Loss: 1.0631
Epoch: 19, Batch: 460, Acc: 64.28%, Loss: 1.1233
Epoch: 19, Batch: 470, Acc: 64.29%, Loss: 1.0341
Epoch: 19, Batch: 480, Acc: 64.27%, Loss: 1.0943
Epoch: 19, Batch: 490, Acc: 64.25%, Loss: 1.1042
Epoch: 19, Batch: 500, Acc: 64.30%, Loss: 1.0780
Epoch: 19, Batch: 510, Acc: 64.28%, Loss: 1.1412
Epoch: 19, Batch: 520, Acc: 64.31%, Loss: 1.0762
Epoch: 19, Batch: 530, Acc: 64.25%, Loss: 1.1161
Epoch: 19, Batch: 540, Acc: 64.21%, Loss: 1.1072
Epoch: 19, Batch: 550, Acc: 64.19%, Loss: 1.1250
Epoch: 19, Batch: 560, Acc: 64.18%, Loss: 1.0885
Epoch: 19, Batch: 570, Acc: 64.19%, Loss: 1.0990
Epoch: 19, Batch: 580, Acc: 64.14%, Loss: 1.1775
Epoch: 19, Batch: 590, Acc: 64.13%, Loss: 1.0896
Epoch: 19, Batch: 600, Acc: 64.15%, Loss: 1.0736
Epoch: 19, Batch: 610, Acc: 64.11%, Loss: 1.1054
Epoch: 19, Batch: 620, Acc: 64.10%, Loss: 1.0696
Epoch: 19, Batch: 630, Acc: 64.08%, Loss: 1.0933
Epoch: 19, Batch: 640, Acc: 64.08%, Loss: 1.0977
Epoch: 19, Batch: 650, Acc: 64.09%, Loss: 1.0486
Epoch: 19, Batch: 660, Acc: 64.10%, Loss: 1.0920
Epoch: 19, Batch: 670, Acc: 64.09%, Loss: 1.1064
Epoch: 19, Batch: 680, Acc: 64.09%, Loss: 1.0639
Epoch: 19, Batch: 690, Acc: 64.06%, Loss: 1.1952
Epoch: 19, Batch: 700, Acc: 64.04%, Loss: 1.0683
Epoch: 19, Batch: 710, Acc: 64.03%, Loss: 1.1594
Epoch: 19, Batch: 720, Acc: 64.08%, Loss: 1.0004
Epoch: 19, Batch: 730, Acc: 64.12%, Loss: 1.0779
Epoch: 19, Batch: 740, Acc: 64.10%, Loss: 1.1219
Epoch: 19, Batch: 750, Acc: 64.12%, Loss: 1.1176
Epoch: 19, Batch: 760, Acc: 64.16%, Loss: 1.0423
Epoch: 19, Batch: 770, Acc: 64.16%, Loss: 1.0609
Epoch: 19, Batch: 780, Acc: 64.21%, Loss: 1.0336
Epoch: 19, Batch: 790, Acc: 64.22%, Loss: 1.0260
Epoch: 19, Batch: 800, Acc: 64.20%, Loss: 1.1058
Epoch: 19, Batch: 810, Acc: 64.23%, Loss: 1.0285
Epoch: 19, Batch: 820, Acc: 64.24%, Loss: 1.0698
Epoch: 19, Batch: 830, Acc: 64.25%, Loss: 1.0392
Epoch: 19, Batch: 840, Acc: 64.25%, Loss: 1.0900
Epoch: 19, Batch: 850, Acc: 64.23%, Loss: 1.0758
Epoch: 19, Batch: 860, Acc: 64.22%, Loss: 1.1330
Epoch: 19, Batch: 870, Acc: 64.26%, Loss: 1.0147
Epoch: 19, Batch: 880, Acc: 64.27%, Loss: 1.0308
Epoch: 19, Batch: 890, Acc: 64.29%, Loss: 1.0759
Epoch: 19, Batch: 900, Acc: 64.29%, Loss: 1.0679
Epoch: 19, Batch: 910, Acc: 64.25%, Loss: 1.1628
Epoch: 19, Batch: 920, Acc: 64.24%, Loss: 1.0607
Epoch: 19, Batch: 930, Acc: 64.23%, Loss: 1.0841
Accuracy on test set: 66.03%
Epoch: 20, Batch: 10, Acc: 64.84%, Loss: 1.0891
Epoch: 20, Batch: 20, Acc: 62.34%, Loss: 1.1304
Epoch: 20, Batch: 30, Acc: 61.98%, Loss: 1.0800
Epoch: 20, Batch: 40, Acc: 62.38%, Loss: 1.0730
Epoch: 20, Batch: 50, Acc: 63.09%, Loss: 1.0445
Epoch: 20, Batch: 60, Acc: 63.91%, Loss: 1.0460
Epoch: 20, Batch: 70, Acc: 63.84%, Loss: 1.0586
Epoch: 20, Batch: 80, Acc: 63.75%, Loss: 1.1359
Epoch: 20, Batch: 90, Acc: 64.10%, Loss: 1.0232
Epoch: 20, Batch: 100, Acc: 63.78%, Loss: 1.1230
Epoch: 20, Batch: 110, Acc: 63.66%, Loss: 1.0958
Epoch: 20, Batch: 120, Acc: 63.72%, Loss: 1.1377
Epoch: 20, Batch: 130, Acc: 63.71%, Loss: 1.1599
Epoch: 20, Batch: 140, Acc: 63.72%, Loss: 1.0945
Epoch: 20, Batch: 150, Acc: 63.98%, Loss: 1.0009
Epoch: 20, Batch: 160, Acc: 64.01%, Loss: 1.1669
Epoch: 20, Batch: 170, Acc: 64.10%, Loss: 1.0176
Epoch: 20, Batch: 180, Acc: 64.08%, Loss: 1.0757
Epoch: 20, Batch: 190, Acc: 64.02%, Loss: 1.1205
Epoch: 20, Batch: 200, Acc: 63.99%, Loss: 1.0732
Epoch: 20, Batch: 210, Acc: 63.97%, Loss: 1.0442
Epoch: 20, Batch: 220, Acc: 64.00%, Loss: 1.0276
Epoch: 20, Batch: 230, Acc: 64.01%, Loss: 1.0702
Epoch: 20, Batch: 240, Acc: 64.04%, Loss: 1.1051
Epoch: 20, Batch: 250, Acc: 64.01%, Loss: 1.0827
Epoch: 20, Batch: 260, Acc: 64.10%, Loss: 1.0538
Epoch: 20, Batch: 270, Acc: 64.20%, Loss: 1.0796
Epoch: 20, Batch: 280, Acc: 64.17%, Loss: 1.1125
Epoch: 20, Batch: 290, Acc: 64.18%, Loss: 1.0783
Epoch: 20, Batch: 300, Acc: 64.22%, Loss: 1.0829
Epoch: 20, Batch: 310, Acc: 64.24%, Loss: 1.0467
Epoch: 20, Batch: 320, Acc: 64.27%, Loss: 1.0651
Epoch: 20, Batch: 330, Acc: 64.27%, Loss: 1.0576
Epoch: 20, Batch: 340, Acc: 64.38%, Loss: 1.0521
Epoch: 20, Batch: 350, Acc: 64.42%, Loss: 1.0667
Epoch: 20, Batch: 360, Acc: 64.37%, Loss: 1.0844
Epoch: 20, Batch: 370, Acc: 64.30%, Loss: 1.1988
Epoch: 20, Batch: 380, Acc: 64.30%, Loss: 1.1006
Epoch: 20, Batch: 390, Acc: 64.29%, Loss: 1.0856
Epoch: 20, Batch: 400, Acc: 64.32%, Loss: 1.1000
Epoch: 20, Batch: 410, Acc: 64.26%, Loss: 1.1786
Epoch: 20, Batch: 420, Acc: 64.27%, Loss: 1.0995
Epoch: 20, Batch: 430, Acc: 64.32%, Loss: 1.0329
Epoch: 20, Batch: 440, Acc: 64.26%, Loss: 1.1449
Epoch: 20, Batch: 450, Acc: 64.32%, Loss: 1.0553
Epoch: 20, Batch: 460, Acc: 64.38%, Loss: 1.0566
Epoch: 20, Batch: 470, Acc: 64.35%, Loss: 1.1276
Epoch: 20, Batch: 480, Acc: 64.38%, Loss: 1.0770
Epoch: 20, Batch: 490, Acc: 64.36%, Loss: 1.1227
Epoch: 20, Batch: 500, Acc: 64.37%, Loss: 1.0980
Epoch: 20, Batch: 510, Acc: 64.33%, Loss: 1.1470
Epoch: 20, Batch: 520, Acc: 64.27%, Loss: 1.1593
Epoch: 20, Batch: 530, Acc: 64.27%, Loss: 1.1218
Epoch: 20, Batch: 540, Acc: 64.23%, Loss: 1.0645
Epoch: 20, Batch: 550, Acc: 64.23%, Loss: 1.1222
Epoch: 20, Batch: 560, Acc: 64.25%, Loss: 1.0380
Epoch: 20, Batch: 570, Acc: 64.23%, Loss: 1.1209
Epoch: 20, Batch: 580, Acc: 64.20%, Loss: 1.1229
Epoch: 20, Batch: 590, Acc: 64.23%, Loss: 1.0209
Epoch: 20, Batch: 600, Acc: 64.26%, Loss: 1.0594
Epoch: 20, Batch: 610, Acc: 64.29%, Loss: 1.0574
Epoch: 20, Batch: 620, Acc: 64.28%, Loss: 1.1001
Epoch: 20, Batch: 630, Acc: 64.30%, Loss: 0.9951
Epoch: 20, Batch: 640, Acc: 64.32%, Loss: 1.0484
Epoch: 20, Batch: 650, Acc: 64.30%, Loss: 1.0476
Epoch: 20, Batch: 660, Acc: 64.32%, Loss: 1.0531
Epoch: 20, Batch: 670, Acc: 64.35%, Loss: 1.0888
Epoch: 20, Batch: 680, Acc: 64.37%, Loss: 1.0407
Epoch: 20, Batch: 690, Acc: 64.38%, Loss: 1.0799
Epoch: 20, Batch: 700, Acc: 64.39%, Loss: 1.0806
Epoch: 20, Batch: 710, Acc: 64.37%, Loss: 1.1097
Epoch: 20, Batch: 720, Acc: 64.40%, Loss: 1.0177
Epoch: 20, Batch: 730, Acc: 64.44%, Loss: 1.0670
Epoch: 20, Batch: 740, Acc: 64.46%, Loss: 1.0706
Epoch: 20, Batch: 750, Acc: 64.51%, Loss: 1.0211
Epoch: 20, Batch: 760, Acc: 64.50%, Loss: 1.1380
Epoch: 20, Batch: 770, Acc: 64.51%, Loss: 1.0321
Epoch: 20, Batch: 780, Acc: 64.51%, Loss: 1.0983
Epoch: 20, Batch: 790, Acc: 64.48%, Loss: 1.0804
Epoch: 20, Batch: 800, Acc: 64.48%, Loss: 1.0674
Epoch: 20, Batch: 810, Acc: 64.52%, Loss: 1.0534
Epoch: 20, Batch: 820, Acc: 64.53%, Loss: 1.0976
Epoch: 20, Batch: 830, Acc: 64.52%, Loss: 1.1149
Epoch: 20, Batch: 840, Acc: 64.54%, Loss: 1.0274
Epoch: 20, Batch: 850, Acc: 64.56%, Loss: 1.0509
Epoch: 20, Batch: 860, Acc: 64.55%, Loss: 1.0853
Epoch: 20, Batch: 870, Acc: 64.57%, Loss: 1.0400
Epoch: 20, Batch: 880, Acc: 64.58%, Loss: 1.0764
Epoch: 20, Batch: 890, Acc: 64.58%, Loss: 1.0739
Epoch: 20, Batch: 900, Acc: 64.56%, Loss: 1.0806
Epoch: 20, Batch: 910, Acc: 64.59%, Loss: 1.0329
Epoch: 20, Batch: 920, Acc: 64.61%, Loss: 1.0054
Epoch: 20, Batch: 930, Acc: 64.61%, Loss: 1.0378
Accuracy on test set: 66.48%
Epoch: 21, Batch: 10, Acc: 64.69%, Loss: 1.0912
Epoch: 21, Batch: 20, Acc: 66.80%, Loss: 1.0263
Epoch: 21, Batch: 30, Acc: 65.26%, Loss: 1.1122
Epoch: 21, Batch: 40, Acc: 65.04%, Loss: 1.0926
Epoch: 21, Batch: 50, Acc: 64.47%, Loss: 1.1392
Epoch: 21, Batch: 60, Acc: 64.17%, Loss: 1.1219
Epoch: 21, Batch: 70, Acc: 64.17%, Loss: 1.0757
Epoch: 21, Batch: 80, Acc: 64.04%, Loss: 1.0738
Epoch: 21, Batch: 90, Acc: 64.39%, Loss: 1.0853
Epoch: 21, Batch: 100, Acc: 64.31%, Loss: 1.1069
Epoch: 21, Batch: 110, Acc: 64.59%, Loss: 1.0065
Epoch: 21, Batch: 120, Acc: 64.65%, Loss: 1.0871
Epoch: 21, Batch: 130, Acc: 64.50%, Loss: 1.1523
Epoch: 21, Batch: 140, Acc: 64.75%, Loss: 1.0168
Epoch: 21, Batch: 150, Acc: 64.67%, Loss: 1.0944
Epoch: 21, Batch: 160, Acc: 64.79%, Loss: 1.0574
Epoch: 21, Batch: 170, Acc: 64.82%, Loss: 1.0796
Epoch: 21, Batch: 180, Acc: 64.94%, Loss: 0.9802
Epoch: 21, Batch: 190, Acc: 64.94%, Loss: 1.0345
Epoch: 21, Batch: 200, Acc: 64.91%, Loss: 1.1133
Epoch: 21, Batch: 210, Acc: 64.95%, Loss: 1.0121
Epoch: 21, Batch: 220, Acc: 64.94%, Loss: 1.1042
Epoch: 21, Batch: 230, Acc: 64.78%, Loss: 1.1157
Epoch: 21, Batch: 240, Acc: 64.79%, Loss: 1.0828
Epoch: 21, Batch: 250, Acc: 64.93%, Loss: 1.0096
Epoch: 21, Batch: 260, Acc: 65.00%, Loss: 1.0463
Epoch: 21, Batch: 270, Acc: 64.95%, Loss: 1.0517
Epoch: 21, Batch: 280, Acc: 64.94%, Loss: 1.0712
Epoch: 21, Batch: 290, Acc: 64.95%, Loss: 1.0478
Epoch: 21, Batch: 300, Acc: 65.06%, Loss: 1.0063
Epoch: 21, Batch: 310, Acc: 65.06%, Loss: 1.0735
Epoch: 21, Batch: 320, Acc: 64.99%, Loss: 1.1180
Epoch: 21, Batch: 330, Acc: 65.03%, Loss: 1.0940
Epoch: 21, Batch: 340, Acc: 64.98%, Loss: 1.0916
Epoch: 21, Batch: 350, Acc: 64.93%, Loss: 1.0914
Epoch: 21, Batch: 360, Acc: 65.03%, Loss: 1.0137
Epoch: 21, Batch: 370, Acc: 64.99%, Loss: 1.0942
Epoch: 21, Batch: 380, Acc: 65.09%, Loss: 0.9704
Epoch: 21, Batch: 390, Acc: 65.12%, Loss: 1.0538
Epoch: 21, Batch: 400, Acc: 65.12%, Loss: 1.0725
Epoch: 21, Batch: 410, Acc: 65.04%, Loss: 1.1252
Epoch: 21, Batch: 420, Acc: 65.01%, Loss: 1.0994
Epoch: 21, Batch: 430, Acc: 64.99%, Loss: 1.0787
Epoch: 21, Batch: 440, Acc: 64.88%, Loss: 1.1306
Epoch: 21, Batch: 450, Acc: 64.87%, Loss: 1.0792
Epoch: 21, Batch: 460, Acc: 64.90%, Loss: 1.0466
Epoch: 21, Batch: 470, Acc: 64.92%, Loss: 1.1089
Epoch: 21, Batch: 480, Acc: 65.06%, Loss: 0.9368
Epoch: 21, Batch: 490, Acc: 65.03%, Loss: 1.0917
Epoch: 21, Batch: 500, Acc: 65.01%, Loss: 1.0461
Epoch: 21, Batch: 510, Acc: 64.95%, Loss: 1.1404
Epoch: 21, Batch: 520, Acc: 64.96%, Loss: 1.0739
Epoch: 21, Batch: 530, Acc: 64.89%, Loss: 1.0947
Epoch: 21, Batch: 540, Acc: 64.89%, Loss: 1.0551
Epoch: 21, Batch: 550, Acc: 64.92%, Loss: 1.0181
Epoch: 21, Batch: 560, Acc: 64.97%, Loss: 1.0203
Epoch: 21, Batch: 570, Acc: 65.02%, Loss: 1.0668
Epoch: 21, Batch: 580, Acc: 65.04%, Loss: 0.9937
Epoch: 21, Batch: 590, Acc: 65.01%, Loss: 1.1332
Epoch: 21, Batch: 600, Acc: 64.97%, Loss: 1.1764
Epoch: 21, Batch: 610, Acc: 65.00%, Loss: 1.0319
Epoch: 21, Batch: 620, Acc: 64.96%, Loss: 1.0740
Epoch: 21, Batch: 630, Acc: 64.98%, Loss: 1.0857
Epoch: 21, Batch: 640, Acc: 64.98%, Loss: 1.0377
Epoch: 21, Batch: 650, Acc: 64.99%, Loss: 1.0902
Epoch: 21, Batch: 660, Acc: 64.96%, Loss: 1.0616
Epoch: 21, Batch: 670, Acc: 64.96%, Loss: 1.0373
Epoch: 21, Batch: 680, Acc: 64.99%, Loss: 1.0564
Epoch: 21, Batch: 690, Acc: 65.01%, Loss: 1.0728
Epoch: 21, Batch: 700, Acc: 65.05%, Loss: 1.0459
Epoch: 21, Batch: 710, Acc: 65.04%, Loss: 1.0727
Epoch: 21, Batch: 720, Acc: 65.03%, Loss: 1.1025
Epoch: 21, Batch: 730, Acc: 65.02%, Loss: 1.0080
Epoch: 21, Batch: 740, Acc: 65.09%, Loss: 0.9941
Epoch: 21, Batch: 750, Acc: 65.10%, Loss: 1.0779
Epoch: 21, Batch: 760, Acc: 65.09%, Loss: 1.1180
Epoch: 21, Batch: 770, Acc: 65.07%, Loss: 1.0468
Epoch: 21, Batch: 780, Acc: 65.11%, Loss: 1.0374
Epoch: 21, Batch: 790, Acc: 65.10%, Loss: 1.0605
Epoch: 21, Batch: 800, Acc: 65.11%, Loss: 1.0272
Epoch: 21, Batch: 810, Acc: 65.09%, Loss: 1.0614
Epoch: 21, Batch: 820, Acc: 65.07%, Loss: 1.1154
Epoch: 21, Batch: 830, Acc: 65.10%, Loss: 1.0407
Epoch: 21, Batch: 840, Acc: 65.10%, Loss: 1.0406
Epoch: 21, Batch: 850, Acc: 65.11%, Loss: 1.0828
Epoch: 21, Batch: 860, Acc: 65.07%, Loss: 1.0794
Epoch: 21, Batch: 870, Acc: 65.08%, Loss: 1.0355
Epoch: 21, Batch: 880, Acc: 65.07%, Loss: 1.0794
Epoch: 21, Batch: 890, Acc: 65.05%, Loss: 1.1331
Epoch: 21, Batch: 900, Acc: 65.03%, Loss: 1.0630
Epoch: 21, Batch: 910, Acc: 65.00%, Loss: 1.0999
Epoch: 21, Batch: 920, Acc: 65.01%, Loss: 1.0677
Epoch: 21, Batch: 930, Acc: 64.97%, Loss: 1.1136
Accuracy on test set: 67.26%
Epoch: 22, Batch: 10, Acc: 64.53%, Loss: 1.0762
Epoch: 22, Batch: 20, Acc: 65.00%, Loss: 1.0489
Epoch: 22, Batch: 30, Acc: 65.05%, Loss: 1.0760
Epoch: 22, Batch: 40, Acc: 65.62%, Loss: 1.0594
Epoch: 22, Batch: 50, Acc: 65.38%, Loss: 1.0652
Epoch: 22, Batch: 60, Acc: 65.86%, Loss: 1.0087
Epoch: 22, Batch: 70, Acc: 65.80%, Loss: 1.1442
Epoch: 22, Batch: 80, Acc: 65.64%, Loss: 1.0980
Epoch: 22, Batch: 90, Acc: 65.85%, Loss: 1.0043
Epoch: 22, Batch: 100, Acc: 65.47%, Loss: 1.0706
Epoch: 22, Batch: 110, Acc: 65.38%, Loss: 1.0468
Epoch: 22, Batch: 120, Acc: 65.31%, Loss: 1.0709
Epoch: 22, Batch: 130, Acc: 65.62%, Loss: 0.9708
Epoch: 22, Batch: 140, Acc: 65.46%, Loss: 1.1438
Epoch: 22, Batch: 150, Acc: 65.45%, Loss: 0.9806
Epoch: 22, Batch: 160, Acc: 65.40%, Loss: 1.0683
Epoch: 22, Batch: 170, Acc: 65.28%, Loss: 1.0568
Epoch: 22, Batch: 180, Acc: 65.11%, Loss: 1.0948
Epoch: 22, Batch: 190, Acc: 65.11%, Loss: 1.0808
Epoch: 22, Batch: 200, Acc: 65.23%, Loss: 0.9998
Epoch: 22, Batch: 210, Acc: 65.28%, Loss: 1.0706
Epoch: 22, Batch: 220, Acc: 65.24%, Loss: 1.0524
Epoch: 22, Batch: 230, Acc: 65.12%, Loss: 1.1132
Epoch: 22, Batch: 240, Acc: 65.28%, Loss: 1.0099
Epoch: 22, Batch: 250, Acc: 65.31%, Loss: 1.0310
Epoch: 22, Batch: 260, Acc: 65.17%, Loss: 1.1331
Epoch: 22, Batch: 270, Acc: 65.23%, Loss: 1.0200
Epoch: 22, Batch: 280, Acc: 65.27%, Loss: 1.0429
Epoch: 22, Batch: 290, Acc: 65.39%, Loss: 0.9542
Epoch: 22, Batch: 300, Acc: 65.43%, Loss: 1.0674
Epoch: 22, Batch: 310, Acc: 65.50%, Loss: 0.9827
Epoch: 22, Batch: 320, Acc: 65.42%, Loss: 1.0466
Epoch: 22, Batch: 330, Acc: 65.47%, Loss: 1.0444
Epoch: 22, Batch: 340, Acc: 65.48%, Loss: 1.0526
Epoch: 22, Batch: 350, Acc: 65.51%, Loss: 0.9608
Epoch: 22, Batch: 360, Acc: 65.53%, Loss: 1.1097
Epoch: 22, Batch: 370, Acc: 65.48%, Loss: 1.0701
Epoch: 22, Batch: 380, Acc: 65.49%, Loss: 1.0514
Epoch: 22, Batch: 390, Acc: 65.48%, Loss: 1.0683
Epoch: 22, Batch: 400, Acc: 65.43%, Loss: 1.1110
Epoch: 22, Batch: 410, Acc: 65.44%, Loss: 1.0673
Epoch: 22, Batch: 420, Acc: 65.43%, Loss: 1.0979
Epoch: 22, Batch: 430, Acc: 65.45%, Loss: 1.0928
Epoch: 22, Batch: 440, Acc: 65.49%, Loss: 1.0248
Epoch: 22, Batch: 450, Acc: 65.41%, Loss: 1.0874
Epoch: 22, Batch: 460, Acc: 65.50%, Loss: 0.9642
Epoch: 22, Batch: 470, Acc: 65.48%, Loss: 1.0417
Epoch: 22, Batch: 480, Acc: 65.49%, Loss: 1.0133
Epoch: 22, Batch: 490, Acc: 65.43%, Loss: 1.1285
Epoch: 22, Batch: 500, Acc: 65.41%, Loss: 1.1416
Epoch: 22, Batch: 510, Acc: 65.38%, Loss: 1.1189
Epoch: 22, Batch: 520, Acc: 65.40%, Loss: 1.0335
Epoch: 22, Batch: 530, Acc: 65.43%, Loss: 1.0470
Epoch: 22, Batch: 540, Acc: 65.47%, Loss: 1.0233
Epoch: 22, Batch: 550, Acc: 65.41%, Loss: 1.0672
Epoch: 22, Batch: 560, Acc: 65.44%, Loss: 1.0377
Epoch: 22, Batch: 570, Acc: 65.42%, Loss: 1.0537
Epoch: 22, Batch: 580, Acc: 65.40%, Loss: 1.0610
Epoch: 22, Batch: 590, Acc: 65.42%, Loss: 1.0822
Epoch: 22, Batch: 600, Acc: 65.39%, Loss: 1.0735
Epoch: 22, Batch: 610, Acc: 65.41%, Loss: 1.0476
Epoch: 22, Batch: 620, Acc: 65.45%, Loss: 1.0018
Epoch: 22, Batch: 630, Acc: 65.48%, Loss: 1.0644
Epoch: 22, Batch: 640, Acc: 65.45%, Loss: 1.0467
Epoch: 22, Batch: 650, Acc: 65.44%, Loss: 1.0089
Epoch: 22, Batch: 660, Acc: 65.44%, Loss: 1.0530
Epoch: 22, Batch: 670, Acc: 65.39%, Loss: 1.0557
Epoch: 22, Batch: 680, Acc: 65.36%, Loss: 1.0357
Epoch: 22, Batch: 690, Acc: 65.36%, Loss: 1.0409
Epoch: 22, Batch: 700, Acc: 65.36%, Loss: 1.0260
Epoch: 22, Batch: 710, Acc: 65.35%, Loss: 1.0805
Epoch: 22, Batch: 720, Acc: 65.34%, Loss: 1.0264
Epoch: 22, Batch: 730, Acc: 65.33%, Loss: 1.0833
Epoch: 22, Batch: 740, Acc: 65.30%, Loss: 1.0842
Epoch: 22, Batch: 750, Acc: 65.29%, Loss: 1.0878
Epoch: 22, Batch: 760, Acc: 65.29%, Loss: 1.0495
Epoch: 22, Batch: 770, Acc: 65.28%, Loss: 1.1163
Epoch: 22, Batch: 780, Acc: 65.27%, Loss: 1.0891
Epoch: 22, Batch: 790, Acc: 65.27%, Loss: 1.0867
Epoch: 22, Batch: 800, Acc: 65.22%, Loss: 1.1130
Epoch: 22, Batch: 810, Acc: 65.25%, Loss: 1.0453
Epoch: 22, Batch: 820, Acc: 65.26%, Loss: 1.0941
Epoch: 22, Batch: 830, Acc: 65.25%, Loss: 1.0139
Epoch: 22, Batch: 840, Acc: 65.25%, Loss: 1.0630
Epoch: 22, Batch: 850, Acc: 65.25%, Loss: 1.0944
Epoch: 22, Batch: 860, Acc: 65.27%, Loss: 1.0610
Epoch: 22, Batch: 870, Acc: 65.28%, Loss: 1.0714
Epoch: 22, Batch: 880, Acc: 65.26%, Loss: 1.0642
Epoch: 22, Batch: 890, Acc: 65.26%, Loss: 1.0651
Epoch: 22, Batch: 900, Acc: 65.27%, Loss: 1.0217
Epoch: 22, Batch: 910, Acc: 65.31%, Loss: 1.0548
Epoch: 22, Batch: 920, Acc: 65.30%, Loss: 1.0627
Epoch: 22, Batch: 930, Acc: 65.28%, Loss: 1.1363
Accuracy on test set: 66.92%
Epoch: 23, Batch: 10, Acc: 64.69%, Loss: 1.0787
Epoch: 23, Batch: 20, Acc: 64.06%, Loss: 1.0429
Epoch: 23, Batch: 30, Acc: 64.74%, Loss: 1.0706
Epoch: 23, Batch: 40, Acc: 64.45%, Loss: 1.0640
Epoch: 23, Batch: 50, Acc: 65.34%, Loss: 1.0510
Epoch: 23, Batch: 60, Acc: 65.62%, Loss: 0.9789
Epoch: 23, Batch: 70, Acc: 65.20%, Loss: 1.1422
Epoch: 23, Batch: 80, Acc: 65.10%, Loss: 1.0450
Epoch: 23, Batch: 90, Acc: 65.05%, Loss: 1.0376
Epoch: 23, Batch: 100, Acc: 65.59%, Loss: 0.9805
Epoch: 23, Batch: 110, Acc: 65.77%, Loss: 1.0247
Epoch: 23, Batch: 120, Acc: 65.86%, Loss: 1.0451
Epoch: 23, Batch: 130, Acc: 65.87%, Loss: 1.0492
Epoch: 23, Batch: 140, Acc: 65.76%, Loss: 1.0943
Epoch: 23, Batch: 150, Acc: 65.90%, Loss: 1.0842
Epoch: 23, Batch: 160, Acc: 65.81%, Loss: 1.1248
Epoch: 23, Batch: 170, Acc: 65.66%, Loss: 1.1086
Epoch: 23, Batch: 180, Acc: 65.69%, Loss: 1.0597
Epoch: 23, Batch: 190, Acc: 65.61%, Loss: 1.0743
Epoch: 23, Batch: 200, Acc: 65.55%, Loss: 1.0857
Epoch: 23, Batch: 210, Acc: 65.48%, Loss: 1.0562
Epoch: 23, Batch: 220, Acc: 65.39%, Loss: 1.0643
Epoch: 23, Batch: 230, Acc: 65.37%, Loss: 1.0898
Epoch: 23, Batch: 240, Acc: 65.49%, Loss: 1.0551
Epoch: 23, Batch: 250, Acc: 65.44%, Loss: 1.0487
Epoch: 23, Batch: 260, Acc: 65.55%, Loss: 1.0136
Epoch: 23, Batch: 270, Acc: 65.53%, Loss: 1.0720
Epoch: 23, Batch: 280, Acc: 65.60%, Loss: 1.0319
Epoch: 23, Batch: 290, Acc: 65.57%, Loss: 1.0397
Epoch: 23, Batch: 300, Acc: 65.55%, Loss: 1.0377
Epoch: 23, Batch: 310, Acc: 65.49%, Loss: 1.0566
Epoch: 23, Batch: 320, Acc: 65.43%, Loss: 1.0719
Epoch: 23, Batch: 330, Acc: 65.46%, Loss: 1.0494
Epoch: 23, Batch: 340, Acc: 65.49%, Loss: 1.0641
Epoch: 23, Batch: 350, Acc: 65.48%, Loss: 1.0755
Epoch: 23, Batch: 360, Acc: 65.48%, Loss: 1.0456
Epoch: 23, Batch: 370, Acc: 65.38%, Loss: 1.1392
Epoch: 23, Batch: 380, Acc: 65.49%, Loss: 0.9831
Epoch: 23, Batch: 390, Acc: 65.47%, Loss: 1.0464
Epoch: 23, Batch: 400, Acc: 65.43%, Loss: 1.0645
Epoch: 23, Batch: 410, Acc: 65.40%, Loss: 1.0679
Epoch: 23, Batch: 420, Acc: 65.34%, Loss: 1.0637
Epoch: 23, Batch: 430, Acc: 65.33%, Loss: 1.0260
Epoch: 23, Batch: 440, Acc: 65.38%, Loss: 1.0144
Epoch: 23, Batch: 450, Acc: 65.41%, Loss: 1.0065
Epoch: 23, Batch: 460, Acc: 65.48%, Loss: 0.9863
Epoch: 23, Batch: 470, Acc: 65.47%, Loss: 1.0280
Epoch: 23, Batch: 480, Acc: 65.52%, Loss: 1.0070
Epoch: 23, Batch: 490, Acc: 65.44%, Loss: 1.1102
Epoch: 23, Batch: 500, Acc: 65.48%, Loss: 1.0082
Epoch: 23, Batch: 510, Acc: 65.41%, Loss: 1.1154
Epoch: 23, Batch: 520, Acc: 65.41%, Loss: 1.0599
Epoch: 23, Batch: 530, Acc: 65.46%, Loss: 1.0445
Epoch: 23, Batch: 540, Acc: 65.44%, Loss: 1.1119
Epoch: 23, Batch: 550, Acc: 65.48%, Loss: 1.0288
Epoch: 23, Batch: 560, Acc: 65.47%, Loss: 1.0108
Epoch: 23, Batch: 570, Acc: 65.47%, Loss: 1.0016
Epoch: 23, Batch: 580, Acc: 65.45%, Loss: 1.1100
Epoch: 23, Batch: 590, Acc: 65.47%, Loss: 1.0632
Epoch: 23, Batch: 600, Acc: 65.46%, Loss: 1.0394
Epoch: 23, Batch: 610, Acc: 65.47%, Loss: 1.0410
Epoch: 23, Batch: 620, Acc: 65.47%, Loss: 1.0967
Epoch: 23, Batch: 630, Acc: 65.50%, Loss: 1.0099
Epoch: 23, Batch: 640, Acc: 65.47%, Loss: 1.0403
Epoch: 23, Batch: 650, Acc: 65.48%, Loss: 1.0174
Epoch: 23, Batch: 660, Acc: 65.46%, Loss: 1.0547
Epoch: 23, Batch: 670, Acc: 65.48%, Loss: 1.0153
Epoch: 23, Batch: 680, Acc: 65.46%, Loss: 1.0407
Epoch: 23, Batch: 690, Acc: 65.45%, Loss: 1.0946
Epoch: 23, Batch: 700, Acc: 65.46%, Loss: 1.0499
Epoch: 23, Batch: 710, Acc: 65.49%, Loss: 1.0514
Epoch: 23, Batch: 720, Acc: 65.46%, Loss: 1.1074
Epoch: 23, Batch: 730, Acc: 65.43%, Loss: 1.0695
Epoch: 23, Batch: 740, Acc: 65.47%, Loss: 1.0140
Epoch: 23, Batch: 750, Acc: 65.50%, Loss: 0.9734
Epoch: 23, Batch: 760, Acc: 65.53%, Loss: 1.0291
Epoch: 23, Batch: 770, Acc: 65.51%, Loss: 1.0088
Epoch: 23, Batch: 780, Acc: 65.50%, Loss: 1.0349
Epoch: 23, Batch: 790, Acc: 65.50%, Loss: 1.0498
Epoch: 23, Batch: 800, Acc: 65.50%, Loss: 1.0563
Epoch: 23, Batch: 810, Acc: 65.50%, Loss: 1.0936
Epoch: 23, Batch: 820, Acc: 65.50%, Loss: 1.0485
Epoch: 23, Batch: 830, Acc: 65.54%, Loss: 1.0177
Epoch: 23, Batch: 840, Acc: 65.55%, Loss: 1.0154
Epoch: 23, Batch: 850, Acc: 65.56%, Loss: 1.0250
Epoch: 23, Batch: 860, Acc: 65.55%, Loss: 1.0480
Epoch: 23, Batch: 870, Acc: 65.57%, Loss: 1.0001
Epoch: 23, Batch: 880, Acc: 65.53%, Loss: 1.1052
Epoch: 23, Batch: 890, Acc: 65.56%, Loss: 1.0489
Epoch: 23, Batch: 900, Acc: 65.55%, Loss: 1.0929
Epoch: 23, Batch: 910, Acc: 65.55%, Loss: 1.0576
Epoch: 23, Batch: 920, Acc: 65.58%, Loss: 0.9947
Epoch: 23, Batch: 930, Acc: 65.59%, Loss: 1.0239
Accuracy on test set: 67.65%
Epoch: 24, Batch: 10, Acc: 67.97%, Loss: 0.9607
Epoch: 24, Batch: 20, Acc: 67.34%, Loss: 0.9919
Epoch: 24, Batch: 30, Acc: 67.08%, Loss: 1.0372
Epoch: 24, Batch: 40, Acc: 66.33%, Loss: 1.0763
Epoch: 24, Batch: 50, Acc: 66.56%, Loss: 1.0321
Epoch: 24, Batch: 60, Acc: 66.51%, Loss: 1.0275
Epoch: 24, Batch: 70, Acc: 66.65%, Loss: 1.0579
Epoch: 24, Batch: 80, Acc: 66.74%, Loss: 0.9894
Epoch: 24, Batch: 90, Acc: 66.70%, Loss: 1.0058
Epoch: 24, Batch: 100, Acc: 66.50%, Loss: 1.0539
Epoch: 24, Batch: 110, Acc: 66.39%, Loss: 1.0590
Epoch: 24, Batch: 120, Acc: 66.20%, Loss: 1.1040
Epoch: 24, Batch: 130, Acc: 66.11%, Loss: 1.0856
Epoch: 24, Batch: 140, Acc: 65.94%, Loss: 1.0904
Epoch: 24, Batch: 150, Acc: 65.96%, Loss: 1.0627
Epoch: 24, Batch: 160, Acc: 65.82%, Loss: 1.0610
Epoch: 24, Batch: 170, Acc: 65.82%, Loss: 1.0082
Epoch: 24, Batch: 180, Acc: 65.71%, Loss: 1.0567
Epoch: 24, Batch: 190, Acc: 65.75%, Loss: 1.0810
Epoch: 24, Batch: 200, Acc: 65.65%, Loss: 1.0949
Epoch: 24, Batch: 210, Acc: 65.59%, Loss: 1.0459
Epoch: 24, Batch: 220, Acc: 65.55%, Loss: 1.0880
Epoch: 24, Batch: 230, Acc: 65.50%, Loss: 1.0697
Epoch: 24, Batch: 240, Acc: 65.71%, Loss: 0.9809
Epoch: 24, Batch: 250, Acc: 65.71%, Loss: 1.0380
Epoch: 24, Batch: 260, Acc: 65.70%, Loss: 1.0274
Epoch: 24, Batch: 270, Acc: 65.75%, Loss: 1.1163
Epoch: 24, Batch: 280, Acc: 65.65%, Loss: 1.0866
Epoch: 24, Batch: 290, Acc: 65.65%, Loss: 0.9986
Epoch: 24, Batch: 300, Acc: 65.58%, Loss: 1.0358
Epoch: 24, Batch: 310, Acc: 65.59%, Loss: 1.0201
Epoch: 24, Batch: 320, Acc: 65.55%, Loss: 1.0556
Epoch: 24, Batch: 330, Acc: 65.65%, Loss: 0.9939
Epoch: 24, Batch: 340, Acc: 65.71%, Loss: 1.0334
Epoch: 24, Batch: 350, Acc: 65.70%, Loss: 1.0237
Epoch: 24, Batch: 360, Acc: 65.79%, Loss: 0.9996
Epoch: 24, Batch: 370, Acc: 65.73%, Loss: 1.1007
Epoch: 24, Batch: 380, Acc: 65.83%, Loss: 0.9394
Epoch: 24, Batch: 390, Acc: 65.88%, Loss: 0.9966
Epoch: 24, Batch: 400, Acc: 65.89%, Loss: 1.0407
Epoch: 24, Batch: 410, Acc: 65.87%, Loss: 1.0873
Epoch: 24, Batch: 420, Acc: 65.87%, Loss: 1.0654
Epoch: 24, Batch: 430, Acc: 65.84%, Loss: 1.0417
Epoch: 24, Batch: 440, Acc: 65.81%, Loss: 1.0671
Epoch: 24, Batch: 450, Acc: 65.83%, Loss: 0.9967
Epoch: 24, Batch: 460, Acc: 65.85%, Loss: 1.0766
Epoch: 24, Batch: 470, Acc: 65.87%, Loss: 0.9808
Epoch: 24, Batch: 480, Acc: 65.81%, Loss: 1.0991
Epoch: 24, Batch: 490, Acc: 65.82%, Loss: 1.0499
Epoch: 24, Batch: 500, Acc: 65.84%, Loss: 0.9911
Epoch: 24, Batch: 510, Acc: 65.83%, Loss: 1.0294
Epoch: 24, Batch: 520, Acc: 65.78%, Loss: 1.0863
Epoch: 24, Batch: 530, Acc: 65.81%, Loss: 1.0229
Epoch: 24, Batch: 540, Acc: 65.86%, Loss: 1.0093
Epoch: 24, Batch: 550, Acc: 65.87%, Loss: 1.0399
Epoch: 24, Batch: 560, Acc: 65.85%, Loss: 1.0525
Epoch: 24, Batch: 570, Acc: 65.82%, Loss: 1.0703
Epoch: 24, Batch: 580, Acc: 65.83%, Loss: 1.0632
Epoch: 24, Batch: 590, Acc: 65.83%, Loss: 1.0651
Epoch: 24, Batch: 600, Acc: 65.83%, Loss: 1.0698
Epoch: 24, Batch: 610, Acc: 65.86%, Loss: 0.9954
Epoch: 24, Batch: 620, Acc: 65.86%, Loss: 1.0385
Epoch: 24, Batch: 630, Acc: 65.84%, Loss: 1.0892
Epoch: 24, Batch: 640, Acc: 65.90%, Loss: 1.0421
Epoch: 24, Batch: 650, Acc: 65.88%, Loss: 1.1030
Epoch: 24, Batch: 660, Acc: 65.90%, Loss: 1.0141
Epoch: 24, Batch: 670, Acc: 65.92%, Loss: 1.0103
Epoch: 24, Batch: 680, Acc: 65.97%, Loss: 0.9129
Epoch: 24, Batch: 690, Acc: 65.99%, Loss: 1.0075
Epoch: 24, Batch: 700, Acc: 65.98%, Loss: 1.0164
Epoch: 24, Batch: 710, Acc: 65.98%, Loss: 1.0705
Epoch: 24, Batch: 720, Acc: 65.99%, Loss: 1.0125
Epoch: 24, Batch: 730, Acc: 66.00%, Loss: 1.0214
Epoch: 24, Batch: 740, Acc: 65.99%, Loss: 1.0386
Epoch: 24, Batch: 750, Acc: 65.96%, Loss: 1.0905
Epoch: 24, Batch: 760, Acc: 65.98%, Loss: 1.0109
Epoch: 24, Batch: 770, Acc: 65.98%, Loss: 1.0701
Epoch: 24, Batch: 780, Acc: 65.97%, Loss: 1.0491
Epoch: 24, Batch: 790, Acc: 65.95%, Loss: 1.0070
Epoch: 24, Batch: 800, Acc: 65.95%, Loss: 1.0109
Epoch: 24, Batch: 810, Acc: 65.96%, Loss: 1.0155
Epoch: 24, Batch: 820, Acc: 65.94%, Loss: 1.0360
Epoch: 24, Batch: 830, Acc: 65.91%, Loss: 1.1051
Epoch: 24, Batch: 840, Acc: 65.94%, Loss: 1.0259
Epoch: 24, Batch: 850, Acc: 65.93%, Loss: 1.0599
Epoch: 24, Batch: 860, Acc: 65.92%, Loss: 1.0770
Epoch: 24, Batch: 870, Acc: 65.96%, Loss: 1.0161
Epoch: 24, Batch: 880, Acc: 66.02%, Loss: 0.9537
Epoch: 24, Batch: 890, Acc: 66.03%, Loss: 0.9761
Epoch: 24, Batch: 900, Acc: 66.02%, Loss: 1.0736
Epoch: 24, Batch: 910, Acc: 66.00%, Loss: 1.0484
Epoch: 24, Batch: 920, Acc: 65.99%, Loss: 1.0783
Epoch: 24, Batch: 930, Acc: 65.95%, Loss: 1.0580
Accuracy on test set: 67.42%
Epoch: 25, Batch: 10, Acc: 66.09%, Loss: 1.0259
Epoch: 25, Batch: 20, Acc: 67.11%, Loss: 0.9860
Epoch: 25, Batch: 30, Acc: 66.82%, Loss: 1.0067
Epoch: 25, Batch: 40, Acc: 66.09%, Loss: 1.0377
Epoch: 25, Batch: 50, Acc: 65.94%, Loss: 1.0881
Epoch: 25, Batch: 60, Acc: 66.04%, Loss: 1.0104
Epoch: 25, Batch: 70, Acc: 66.25%, Loss: 1.0031
Epoch: 25, Batch: 80, Acc: 66.07%, Loss: 1.1013
Epoch: 25, Batch: 90, Acc: 66.09%, Loss: 0.9895
Epoch: 25, Batch: 100, Acc: 66.34%, Loss: 0.9991
Epoch: 25, Batch: 110, Acc: 66.07%, Loss: 1.0908
Epoch: 25, Batch: 120, Acc: 66.17%, Loss: 1.0447
Epoch: 25, Batch: 130, Acc: 66.26%, Loss: 0.9935
Epoch: 25, Batch: 140, Acc: 66.16%, Loss: 1.0347
Epoch: 25, Batch: 150, Acc: 66.27%, Loss: 0.9671
Epoch: 25, Batch: 160, Acc: 66.25%, Loss: 1.0275
Epoch: 25, Batch: 170, Acc: 66.25%, Loss: 1.0256
Epoch: 25, Batch: 180, Acc: 66.33%, Loss: 0.9834
Epoch: 25, Batch: 190, Acc: 66.45%, Loss: 0.9247
Epoch: 25, Batch: 200, Acc: 66.36%, Loss: 1.0751
Epoch: 25, Batch: 210, Acc: 66.42%, Loss: 1.0141
Epoch: 25, Batch: 220, Acc: 66.31%, Loss: 1.0205
Epoch: 25, Batch: 230, Acc: 66.31%, Loss: 1.0603
Epoch: 25, Batch: 240, Acc: 66.23%, Loss: 1.0637
Epoch: 25, Batch: 250, Acc: 66.11%, Loss: 1.1002
Epoch: 25, Batch: 260, Acc: 66.22%, Loss: 0.9755
Epoch: 25, Batch: 270, Acc: 66.20%, Loss: 1.0529
Epoch: 25, Batch: 280, Acc: 66.21%, Loss: 1.0388
Epoch: 25, Batch: 290, Acc: 66.17%, Loss: 1.0511
Epoch: 25, Batch: 300, Acc: 66.24%, Loss: 0.9963
Epoch: 25, Batch: 310, Acc: 66.12%, Loss: 1.1354
Epoch: 25, Batch: 320, Acc: 66.07%, Loss: 1.0308
Epoch: 25, Batch: 330, Acc: 66.07%, Loss: 1.0360
Epoch: 25, Batch: 340, Acc: 66.05%, Loss: 1.0790
Epoch: 25, Batch: 350, Acc: 66.00%, Loss: 1.0763
Epoch: 25, Batch: 360, Acc: 65.99%, Loss: 1.0536
Epoch: 25, Batch: 370, Acc: 66.06%, Loss: 1.0030
Epoch: 25, Batch: 380, Acc: 66.13%, Loss: 0.9542
Epoch: 25, Batch: 390, Acc: 66.12%, Loss: 1.0822
Epoch: 25, Batch: 400, Acc: 66.15%, Loss: 0.9757
Epoch: 25, Batch: 410, Acc: 66.14%, Loss: 1.0780
Epoch: 25, Batch: 420, Acc: 66.08%, Loss: 1.0457
Epoch: 25, Batch: 430, Acc: 65.98%, Loss: 1.0379
Epoch: 25, Batch: 440, Acc: 66.01%, Loss: 1.0186
Epoch: 25, Batch: 450, Acc: 65.98%, Loss: 1.0442
Epoch: 25, Batch: 460, Acc: 66.00%, Loss: 1.0231
Epoch: 25, Batch: 470, Acc: 65.96%, Loss: 1.0764
Epoch: 25, Batch: 480, Acc: 65.92%, Loss: 1.0778
Epoch: 25, Batch: 490, Acc: 65.92%, Loss: 1.0308
Epoch: 25, Batch: 500, Acc: 65.96%, Loss: 0.9914
Epoch: 25, Batch: 510, Acc: 65.98%, Loss: 0.9889
Epoch: 25, Batch: 520, Acc: 66.00%, Loss: 1.0165
Epoch: 25, Batch: 530, Acc: 66.01%, Loss: 1.0435
Epoch: 25, Batch: 540, Acc: 66.02%, Loss: 1.0583
Epoch: 25, Batch: 550, Acc: 66.05%, Loss: 1.0109
Epoch: 25, Batch: 560, Acc: 66.03%, Loss: 1.0663
Epoch: 25, Batch: 570, Acc: 66.04%, Loss: 1.0077
Epoch: 25, Batch: 580, Acc: 66.02%, Loss: 1.0429
Epoch: 25, Batch: 590, Acc: 66.04%, Loss: 1.0067
Epoch: 25, Batch: 600, Acc: 66.05%, Loss: 1.0240
Epoch: 25, Batch: 610, Acc: 66.01%, Loss: 1.0302
Epoch: 25, Batch: 620, Acc: 65.99%, Loss: 1.0759
Epoch: 25, Batch: 630, Acc: 65.97%, Loss: 1.0608
Epoch: 25, Batch: 640, Acc: 65.99%, Loss: 1.0694
Epoch: 25, Batch: 650, Acc: 66.03%, Loss: 0.9829
Epoch: 25, Batch: 660, Acc: 66.00%, Loss: 1.0188
Epoch: 25, Batch: 670, Acc: 66.03%, Loss: 1.0569
Epoch: 25, Batch: 680, Acc: 66.05%, Loss: 1.0171
Epoch: 25, Batch: 690, Acc: 66.06%, Loss: 1.0891
Epoch: 25, Batch: 700, Acc: 66.04%, Loss: 1.0289
Epoch: 25, Batch: 710, Acc: 66.04%, Loss: 1.0001
Epoch: 25, Batch: 720, Acc: 66.05%, Loss: 1.0012
Epoch: 25, Batch: 730, Acc: 66.01%, Loss: 1.0645
Epoch: 25, Batch: 740, Acc: 66.02%, Loss: 0.9648
Epoch: 25, Batch: 750, Acc: 66.06%, Loss: 0.9748
Epoch: 25, Batch: 760, Acc: 66.11%, Loss: 0.9788
Epoch: 25, Batch: 770, Acc: 66.11%, Loss: 1.0466
Epoch: 25, Batch: 780, Acc: 66.12%, Loss: 1.0621
Epoch: 25, Batch: 790, Acc: 66.11%, Loss: 1.0848
Epoch: 25, Batch: 800, Acc: 66.13%, Loss: 1.0047
Epoch: 25, Batch: 810, Acc: 66.14%, Loss: 0.9684
Epoch: 25, Batch: 820, Acc: 66.14%, Loss: 1.0136
Epoch: 25, Batch: 830, Acc: 66.17%, Loss: 1.0006
Epoch: 25, Batch: 840, Acc: 66.16%, Loss: 1.0770
Epoch: 25, Batch: 850, Acc: 66.15%, Loss: 1.0856
Epoch: 25, Batch: 860, Acc: 66.13%, Loss: 1.0738
Epoch: 25, Batch: 870, Acc: 66.15%, Loss: 1.0221
Epoch: 25, Batch: 880, Acc: 66.16%, Loss: 0.9835
Epoch: 25, Batch: 890, Acc: 66.14%, Loss: 1.0569
Epoch: 25, Batch: 900, Acc: 66.16%, Loss: 0.9530
Epoch: 25, Batch: 910, Acc: 66.19%, Loss: 0.9701
Epoch: 25, Batch: 920, Acc: 66.20%, Loss: 0.9960
Epoch: 25, Batch: 930, Acc: 66.23%, Loss: 0.9984
Accuracy on test set: 68.51%
Epoch: 26, Batch: 10, Acc: 68.44%, Loss: 1.0108
Epoch: 26, Batch: 20, Acc: 66.56%, Loss: 1.0991
Epoch: 26, Batch: 30, Acc: 65.78%, Loss: 1.0067
Epoch: 26, Batch: 40, Acc: 65.62%, Loss: 1.0379
Epoch: 26, Batch: 50, Acc: 65.41%, Loss: 1.0533
Epoch: 26, Batch: 60, Acc: 65.89%, Loss: 1.0089
Epoch: 26, Batch: 70, Acc: 65.58%, Loss: 1.0474
Epoch: 26, Batch: 80, Acc: 65.53%, Loss: 1.0258
Epoch: 26, Batch: 90, Acc: 65.69%, Loss: 1.0089
Epoch: 26, Batch: 100, Acc: 65.48%, Loss: 1.0870
Epoch: 26, Batch: 110, Acc: 65.64%, Loss: 1.0385
Epoch: 26, Batch: 120, Acc: 65.51%, Loss: 1.0940
Epoch: 26, Batch: 130, Acc: 65.61%, Loss: 1.0269
Epoch: 26, Batch: 140, Acc: 65.78%, Loss: 0.9848
Epoch: 26, Batch: 150, Acc: 65.70%, Loss: 1.0263
Epoch: 26, Batch: 160, Acc: 65.96%, Loss: 0.9423
Epoch: 26, Batch: 170, Acc: 65.91%, Loss: 1.0866
Epoch: 26, Batch: 180, Acc: 65.96%, Loss: 1.0171
Epoch: 26, Batch: 190, Acc: 65.88%, Loss: 1.0950
Epoch: 26, Batch: 200, Acc: 65.84%, Loss: 1.0146
Epoch: 26, Batch: 210, Acc: 65.83%, Loss: 0.9964
Epoch: 26, Batch: 220, Acc: 65.59%, Loss: 1.0981
Epoch: 26, Batch: 230, Acc: 65.65%, Loss: 1.0322
Epoch: 26, Batch: 240, Acc: 65.65%, Loss: 1.0090
Epoch: 26, Batch: 250, Acc: 65.67%, Loss: 1.1205
Epoch: 26, Batch: 260, Acc: 65.65%, Loss: 1.0533
Epoch: 26, Batch: 270, Acc: 65.72%, Loss: 0.9795
Epoch: 26, Batch: 280, Acc: 65.76%, Loss: 1.0138
Epoch: 26, Batch: 290, Acc: 65.81%, Loss: 0.9925
Epoch: 26, Batch: 300, Acc: 65.75%, Loss: 1.0201
Epoch: 26, Batch: 310, Acc: 65.71%, Loss: 1.0608
Epoch: 26, Batch: 320, Acc: 65.65%, Loss: 1.0347
Epoch: 26, Batch: 330, Acc: 65.72%, Loss: 1.0604
Epoch: 26, Batch: 340, Acc: 65.84%, Loss: 0.9685
Epoch: 26, Batch: 350, Acc: 65.83%, Loss: 1.0177
Epoch: 26, Batch: 360, Acc: 65.92%, Loss: 1.0064
Epoch: 26, Batch: 370, Acc: 66.01%, Loss: 0.9888
Epoch: 26, Batch: 380, Acc: 66.07%, Loss: 1.0586
Epoch: 26, Batch: 390, Acc: 66.14%, Loss: 0.9796
Epoch: 26, Batch: 400, Acc: 66.12%, Loss: 1.0217
Epoch: 26, Batch: 410, Acc: 66.14%, Loss: 1.0412
Epoch: 26, Batch: 420, Acc: 66.22%, Loss: 0.9310
Epoch: 26, Batch: 430, Acc: 66.21%, Loss: 1.0057
Epoch: 26, Batch: 440, Acc: 66.22%, Loss: 1.0524
Epoch: 26, Batch: 450, Acc: 66.25%, Loss: 0.9590
Epoch: 26, Batch: 460, Acc: 66.24%, Loss: 1.0304
Epoch: 26, Batch: 470, Acc: 66.26%, Loss: 1.0017
Epoch: 26, Batch: 480, Acc: 66.29%, Loss: 1.0029
Epoch: 26, Batch: 490, Acc: 66.27%, Loss: 1.0104
Epoch: 26, Batch: 500, Acc: 66.19%, Loss: 1.0847
Epoch: 26, Batch: 510, Acc: 66.25%, Loss: 0.9922
Epoch: 26, Batch: 520, Acc: 66.28%, Loss: 1.0201
Epoch: 26, Batch: 530, Acc: 66.32%, Loss: 0.9987
Epoch: 26, Batch: 540, Acc: 66.33%, Loss: 0.9606
Epoch: 26, Batch: 550, Acc: 66.33%, Loss: 1.0486
Epoch: 26, Batch: 560, Acc: 66.37%, Loss: 1.0298
Epoch: 26, Batch: 570, Acc: 66.42%, Loss: 0.9763
Epoch: 26, Batch: 580, Acc: 66.44%, Loss: 0.9922
Epoch: 26, Batch: 590, Acc: 66.46%, Loss: 1.0280
Epoch: 26, Batch: 600, Acc: 66.45%, Loss: 0.9874
Epoch: 26, Batch: 610, Acc: 66.46%, Loss: 1.0619
Epoch: 26, Batch: 620, Acc: 66.47%, Loss: 1.0156
Epoch: 26, Batch: 630, Acc: 66.47%, Loss: 0.9751
Epoch: 26, Batch: 640, Acc: 66.55%, Loss: 0.9926
Epoch: 26, Batch: 650, Acc: 66.53%, Loss: 1.0033
Epoch: 26, Batch: 660, Acc: 66.53%, Loss: 1.0279
Epoch: 26, Batch: 670, Acc: 66.54%, Loss: 0.9771
Epoch: 26, Batch: 680, Acc: 66.54%, Loss: 1.0180
Epoch: 26, Batch: 690, Acc: 66.57%, Loss: 0.9533
Epoch: 26, Batch: 700, Acc: 66.55%, Loss: 1.0016
Epoch: 26, Batch: 710, Acc: 66.56%, Loss: 1.0434
Epoch: 26, Batch: 720, Acc: 66.54%, Loss: 0.9928
Epoch: 26, Batch: 730, Acc: 66.57%, Loss: 1.0318
Epoch: 26, Batch: 740, Acc: 66.56%, Loss: 1.0996
Epoch: 26, Batch: 750, Acc: 66.53%, Loss: 1.0387
Epoch: 26, Batch: 760, Acc: 66.54%, Loss: 1.0617
Epoch: 26, Batch: 770, Acc: 66.51%, Loss: 1.0198
Epoch: 26, Batch: 780, Acc: 66.49%, Loss: 0.9793
Epoch: 26, Batch: 790, Acc: 66.51%, Loss: 0.9806
Epoch: 26, Batch: 800, Acc: 66.52%, Loss: 0.9872
Epoch: 26, Batch: 810, Acc: 66.53%, Loss: 1.0264
Epoch: 26, Batch: 820, Acc: 66.50%, Loss: 1.0620
Epoch: 26, Batch: 830, Acc: 66.55%, Loss: 0.9279
Epoch: 26, Batch: 840, Acc: 66.59%, Loss: 0.9546
Epoch: 26, Batch: 850, Acc: 66.63%, Loss: 0.9731
Epoch: 26, Batch: 860, Acc: 66.59%, Loss: 1.1126
Epoch: 26, Batch: 870, Acc: 66.62%, Loss: 1.0090
Epoch: 26, Batch: 880, Acc: 66.59%, Loss: 1.0732
Epoch: 26, Batch: 890, Acc: 66.55%, Loss: 1.1231
Epoch: 26, Batch: 900, Acc: 66.54%, Loss: 1.0175
Epoch: 26, Batch: 910, Acc: 66.59%, Loss: 0.9979
Epoch: 26, Batch: 920, Acc: 66.56%, Loss: 1.0203
Epoch: 26, Batch: 930, Acc: 66.59%, Loss: 0.9510
Accuracy on test set: 68.36%
Epoch: 27, Batch: 10, Acc: 68.75%, Loss: 0.9330
Epoch: 27, Batch: 20, Acc: 67.97%, Loss: 1.0039
Epoch: 27, Batch: 30, Acc: 66.98%, Loss: 1.0558
Epoch: 27, Batch: 40, Acc: 67.85%, Loss: 0.9936
Epoch: 27, Batch: 50, Acc: 67.91%, Loss: 0.9514
Epoch: 27, Batch: 60, Acc: 67.63%, Loss: 1.0531
Epoch: 27, Batch: 70, Acc: 67.54%, Loss: 1.0522
Epoch: 27, Batch: 80, Acc: 67.60%, Loss: 1.0421
Epoch: 27, Batch: 90, Acc: 67.45%, Loss: 1.0146
Epoch: 27, Batch: 100, Acc: 67.23%, Loss: 1.0754
Epoch: 27, Batch: 110, Acc: 67.23%, Loss: 1.0084
Epoch: 27, Batch: 120, Acc: 67.45%, Loss: 0.9591
Epoch: 27, Batch: 130, Acc: 67.55%, Loss: 0.9768
Epoch: 27, Batch: 140, Acc: 67.39%, Loss: 1.0100
Epoch: 27, Batch: 150, Acc: 67.41%, Loss: 1.0198
Epoch: 27, Batch: 160, Acc: 67.33%, Loss: 1.0220
Epoch: 27, Batch: 170, Acc: 67.15%, Loss: 1.0115
Epoch: 27, Batch: 180, Acc: 67.19%, Loss: 1.0086
Epoch: 27, Batch: 190, Acc: 67.32%, Loss: 0.9607
Epoch: 27, Batch: 200, Acc: 67.38%, Loss: 0.9833
Epoch: 27, Batch: 210, Acc: 67.31%, Loss: 1.0091
Epoch: 27, Batch: 220, Acc: 67.37%, Loss: 0.9996
Epoch: 27, Batch: 230, Acc: 67.35%, Loss: 1.0353
Epoch: 27, Batch: 240, Acc: 67.42%, Loss: 0.9579
Epoch: 27, Batch: 250, Acc: 67.47%, Loss: 0.9805
Epoch: 27, Batch: 260, Acc: 67.39%, Loss: 1.1543
Epoch: 27, Batch: 270, Acc: 67.44%, Loss: 0.9439
Epoch: 27, Batch: 280, Acc: 67.46%, Loss: 0.9834
Epoch: 27, Batch: 290, Acc: 67.53%, Loss: 0.9375
Epoch: 27, Batch: 300, Acc: 67.46%, Loss: 1.0348
Epoch: 27, Batch: 310, Acc: 67.30%, Loss: 1.0354
Epoch: 27, Batch: 320, Acc: 67.29%, Loss: 1.0296
Epoch: 27, Batch: 330, Acc: 67.32%, Loss: 1.0381
Epoch: 27, Batch: 340, Acc: 67.24%, Loss: 1.1424
Epoch: 27, Batch: 350, Acc: 67.22%, Loss: 1.0552
Epoch: 27, Batch: 360, Acc: 67.21%, Loss: 1.0215
Epoch: 27, Batch: 370, Acc: 67.15%, Loss: 1.0407
Epoch: 27, Batch: 380, Acc: 67.11%, Loss: 1.0473
Epoch: 27, Batch: 390, Acc: 67.08%, Loss: 0.9954
Epoch: 27, Batch: 400, Acc: 67.13%, Loss: 0.9777
Epoch: 27, Batch: 410, Acc: 67.09%, Loss: 1.0149
Epoch: 27, Batch: 420, Acc: 66.99%, Loss: 1.0931
Epoch: 27, Batch: 430, Acc: 67.05%, Loss: 1.0009
Epoch: 27, Batch: 440, Acc: 67.04%, Loss: 1.0880
Epoch: 27, Batch: 450, Acc: 67.00%, Loss: 1.0006
Epoch: 27, Batch: 460, Acc: 66.95%, Loss: 1.0232
Epoch: 27, Batch: 470, Acc: 66.90%, Loss: 1.0503
Epoch: 27, Batch: 480, Acc: 66.92%, Loss: 0.9655
Epoch: 27, Batch: 490, Acc: 66.92%, Loss: 1.0147
Epoch: 27, Batch: 500, Acc: 66.91%, Loss: 1.0665
Epoch: 27, Batch: 510, Acc: 66.88%, Loss: 0.9846
Epoch: 27, Batch: 520, Acc: 66.91%, Loss: 0.9439
Epoch: 27, Batch: 530, Acc: 66.91%, Loss: 1.0444
Epoch: 27, Batch: 540, Acc: 66.93%, Loss: 1.0106
Epoch: 27, Batch: 550, Acc: 66.89%, Loss: 1.0793
Epoch: 27, Batch: 560, Acc: 66.90%, Loss: 1.0102
Epoch: 27, Batch: 570, Acc: 66.86%, Loss: 1.0179
Epoch: 27, Batch: 580, Acc: 66.87%, Loss: 0.9712
Epoch: 27, Batch: 590, Acc: 66.85%, Loss: 1.0386
Epoch: 27, Batch: 600, Acc: 66.87%, Loss: 0.9796
Epoch: 27, Batch: 610, Acc: 66.89%, Loss: 0.9841
Epoch: 27, Batch: 620, Acc: 66.92%, Loss: 0.9919
Epoch: 27, Batch: 630, Acc: 66.92%, Loss: 1.0744
Epoch: 27, Batch: 640, Acc: 66.92%, Loss: 1.0300
Epoch: 27, Batch: 650, Acc: 66.84%, Loss: 1.0961
Epoch: 27, Batch: 660, Acc: 66.83%, Loss: 1.0470
Epoch: 27, Batch: 670, Acc: 66.85%, Loss: 0.9706
Epoch: 27, Batch: 680, Acc: 66.89%, Loss: 0.9383
Epoch: 27, Batch: 690, Acc: 66.89%, Loss: 0.9842
Epoch: 27, Batch: 700, Acc: 66.94%, Loss: 0.9405
Epoch: 27, Batch: 710, Acc: 66.94%, Loss: 1.0081
Epoch: 27, Batch: 720, Acc: 66.94%, Loss: 0.9874
Epoch: 27, Batch: 730, Acc: 66.98%, Loss: 0.9765
Epoch: 27, Batch: 740, Acc: 66.94%, Loss: 1.0123
Epoch: 27, Batch: 750, Acc: 66.92%, Loss: 0.9945
Epoch: 27, Batch: 760, Acc: 66.92%, Loss: 1.0158
Epoch: 27, Batch: 770, Acc: 66.93%, Loss: 0.9834
Epoch: 27, Batch: 780, Acc: 66.95%, Loss: 0.9945
Epoch: 27, Batch: 790, Acc: 66.95%, Loss: 1.0224
Epoch: 27, Batch: 800, Acc: 66.98%, Loss: 0.9560
Epoch: 27, Batch: 810, Acc: 66.99%, Loss: 0.9582
Epoch: 27, Batch: 820, Acc: 67.01%, Loss: 0.9916
Epoch: 27, Batch: 830, Acc: 67.05%, Loss: 0.9294
Epoch: 27, Batch: 840, Acc: 67.05%, Loss: 0.9701
Epoch: 27, Batch: 850, Acc: 67.02%, Loss: 1.0373
Epoch: 27, Batch: 860, Acc: 67.02%, Loss: 1.0553
Epoch: 27, Batch: 870, Acc: 67.03%, Loss: 0.9865
Epoch: 27, Batch: 880, Acc: 67.02%, Loss: 1.0076
Epoch: 27, Batch: 890, Acc: 67.00%, Loss: 1.0351
Epoch: 27, Batch: 900, Acc: 67.01%, Loss: 1.0133
Epoch: 27, Batch: 910, Acc: 66.98%, Loss: 1.0394
Epoch: 27, Batch: 920, Acc: 66.96%, Loss: 1.0176
Epoch: 27, Batch: 930, Acc: 66.96%, Loss: 1.0097
Accuracy on test set: 68.76%
Epoch: 28, Batch: 10, Acc: 65.62%, Loss: 1.0261
Epoch: 28, Batch: 20, Acc: 65.08%, Loss: 1.0861
Epoch: 28, Batch: 30, Acc: 66.25%, Loss: 0.9883
Epoch: 28, Batch: 40, Acc: 66.80%, Loss: 1.0248
Epoch: 28, Batch: 50, Acc: 67.41%, Loss: 0.9514
Epoch: 28, Batch: 60, Acc: 67.32%, Loss: 1.0341
Epoch: 28, Batch: 70, Acc: 67.34%, Loss: 0.9557
Epoch: 28, Batch: 80, Acc: 67.44%, Loss: 0.9938
Epoch: 28, Batch: 90, Acc: 67.36%, Loss: 1.0397
Epoch: 28, Batch: 100, Acc: 67.62%, Loss: 0.9423
Epoch: 28, Batch: 110, Acc: 67.53%, Loss: 0.9606
Epoch: 28, Batch: 120, Acc: 67.41%, Loss: 1.0428
Epoch: 28, Batch: 130, Acc: 67.36%, Loss: 1.0458
Epoch: 28, Batch: 140, Acc: 67.23%, Loss: 1.0264
Epoch: 28, Batch: 150, Acc: 66.95%, Loss: 1.0922
Epoch: 28, Batch: 160, Acc: 66.85%, Loss: 1.0324
Epoch: 28, Batch: 170, Acc: 66.76%, Loss: 1.0130
Epoch: 28, Batch: 180, Acc: 66.91%, Loss: 0.9967
Epoch: 28, Batch: 190, Acc: 66.95%, Loss: 1.0304
Epoch: 28, Batch: 200, Acc: 67.03%, Loss: 0.9425
Epoch: 28, Batch: 210, Acc: 67.05%, Loss: 1.0328
Epoch: 28, Batch: 220, Acc: 67.16%, Loss: 0.9916
Epoch: 28, Batch: 230, Acc: 67.13%, Loss: 1.0342
Epoch: 28, Batch: 240, Acc: 67.06%, Loss: 1.0343
Epoch: 28, Batch: 250, Acc: 67.01%, Loss: 1.0453
Epoch: 28, Batch: 260, Acc: 67.02%, Loss: 0.9766
Epoch: 28, Batch: 270, Acc: 67.00%, Loss: 1.0226
Epoch: 28, Batch: 280, Acc: 67.04%, Loss: 0.9766
Epoch: 28, Batch: 290, Acc: 67.09%, Loss: 0.9392
Epoch: 28, Batch: 300, Acc: 67.15%, Loss: 0.9719
Epoch: 28, Batch: 310, Acc: 67.14%, Loss: 0.9731
Epoch: 28, Batch: 320, Acc: 67.11%, Loss: 0.9622
Epoch: 28, Batch: 330, Acc: 67.06%, Loss: 1.0600
Epoch: 28, Batch: 340, Acc: 67.17%, Loss: 0.9895
Epoch: 28, Batch: 350, Acc: 67.12%, Loss: 1.0404
Epoch: 28, Batch: 360, Acc: 67.14%, Loss: 0.9873
Epoch: 28, Batch: 370, Acc: 67.10%, Loss: 1.0434
Epoch: 28, Batch: 380, Acc: 67.18%, Loss: 0.9593
Epoch: 28, Batch: 390, Acc: 67.10%, Loss: 1.0620
Epoch: 28, Batch: 400, Acc: 67.02%, Loss: 1.0693
Epoch: 28, Batch: 410, Acc: 67.01%, Loss: 1.0175
Epoch: 28, Batch: 420, Acc: 66.92%, Loss: 1.0599
Epoch: 28, Batch: 430, Acc: 66.91%, Loss: 1.0102
Epoch: 28, Batch: 440, Acc: 66.89%, Loss: 1.0648
Epoch: 28, Batch: 450, Acc: 66.89%, Loss: 0.9965
Epoch: 28, Batch: 460, Acc: 66.88%, Loss: 1.0284
Epoch: 28, Batch: 470, Acc: 66.91%, Loss: 0.9642
Epoch: 28, Batch: 480, Acc: 66.85%, Loss: 1.0469
Epoch: 28, Batch: 490, Acc: 66.80%, Loss: 1.0450
Epoch: 28, Batch: 500, Acc: 66.83%, Loss: 0.9615
Epoch: 28, Batch: 510, Acc: 66.81%, Loss: 1.0076
Epoch: 28, Batch: 520, Acc: 66.83%, Loss: 1.0175
Epoch: 28, Batch: 530, Acc: 66.81%, Loss: 0.9845
Epoch: 28, Batch: 540, Acc: 66.87%, Loss: 0.9648
Epoch: 28, Batch: 550, Acc: 66.86%, Loss: 0.9602
Epoch: 28, Batch: 560, Acc: 66.87%, Loss: 0.9631
Epoch: 28, Batch: 570, Acc: 66.90%, Loss: 0.9256
Epoch: 28, Batch: 580, Acc: 66.88%, Loss: 0.9909
Epoch: 28, Batch: 590, Acc: 66.90%, Loss: 0.9689
Epoch: 28, Batch: 600, Acc: 66.93%, Loss: 1.0244
Epoch: 28, Batch: 610, Acc: 67.01%, Loss: 0.9476
Epoch: 28, Batch: 620, Acc: 67.01%, Loss: 1.0010
Epoch: 28, Batch: 630, Acc: 66.97%, Loss: 1.1099
Epoch: 28, Batch: 640, Acc: 67.00%, Loss: 0.9680
Epoch: 28, Batch: 650, Acc: 66.95%, Loss: 1.0841
Epoch: 28, Batch: 660, Acc: 66.92%, Loss: 1.0424
Epoch: 28, Batch: 670, Acc: 66.94%, Loss: 0.9392
Epoch: 28, Batch: 680, Acc: 66.98%, Loss: 0.9968
Epoch: 28, Batch: 690, Acc: 66.95%, Loss: 1.0429
Epoch: 28, Batch: 700, Acc: 66.97%, Loss: 0.9971
Epoch: 28, Batch: 710, Acc: 66.98%, Loss: 0.9427
Epoch: 28, Batch: 720, Acc: 66.97%, Loss: 0.9274
Epoch: 28, Batch: 730, Acc: 67.00%, Loss: 0.9971
Epoch: 28, Batch: 740, Acc: 67.05%, Loss: 0.9864
Epoch: 28, Batch: 750, Acc: 67.07%, Loss: 0.9799
Epoch: 28, Batch: 760, Acc: 67.08%, Loss: 1.0060
Epoch: 28, Batch: 770, Acc: 67.04%, Loss: 1.0638
Epoch: 28, Batch: 780, Acc: 67.05%, Loss: 0.9409
Epoch: 28, Batch: 790, Acc: 67.04%, Loss: 0.9883
Epoch: 28, Batch: 800, Acc: 67.02%, Loss: 1.0552
Epoch: 28, Batch: 810, Acc: 67.00%, Loss: 0.9546
Epoch: 28, Batch: 820, Acc: 67.04%, Loss: 0.9729
Epoch: 28, Batch: 830, Acc: 67.05%, Loss: 1.0149
Epoch: 28, Batch: 840, Acc: 67.06%, Loss: 0.9909
Epoch: 28, Batch: 850, Acc: 67.09%, Loss: 1.0201
Epoch: 28, Batch: 860, Acc: 67.09%, Loss: 0.9896
Epoch: 28, Batch: 870, Acc: 67.10%, Loss: 0.9791
Epoch: 28, Batch: 880, Acc: 67.12%, Loss: 0.9277
Epoch: 28, Batch: 890, Acc: 67.09%, Loss: 1.1052
Epoch: 28, Batch: 900, Acc: 67.09%, Loss: 1.0196
Epoch: 28, Batch: 910, Acc: 67.09%, Loss: 0.9950
Epoch: 28, Batch: 920, Acc: 67.07%, Loss: 1.0457
Epoch: 28, Batch: 930, Acc: 67.05%, Loss: 0.9836
Accuracy on test set: 68.95%
Epoch: 29, Batch: 10, Acc: 66.72%, Loss: 0.9953
Epoch: 29, Batch: 20, Acc: 66.80%, Loss: 1.0597
Epoch: 29, Batch: 30, Acc: 66.82%, Loss: 0.9961
Epoch: 29, Batch: 40, Acc: 66.60%, Loss: 0.9878
Epoch: 29, Batch: 50, Acc: 67.09%, Loss: 0.9417
Epoch: 29, Batch: 60, Acc: 66.61%, Loss: 1.0919
Epoch: 29, Batch: 70, Acc: 67.08%, Loss: 0.9502
Epoch: 29, Batch: 80, Acc: 67.42%, Loss: 1.0100
Epoch: 29, Batch: 90, Acc: 67.15%, Loss: 1.0157
Epoch: 29, Batch: 100, Acc: 67.22%, Loss: 1.0481
Epoch: 29, Batch: 110, Acc: 67.29%, Loss: 0.9681
Epoch: 29, Batch: 120, Acc: 67.07%, Loss: 1.0312
Epoch: 29, Batch: 130, Acc: 67.36%, Loss: 0.9353
Epoch: 29, Batch: 140, Acc: 67.42%, Loss: 0.9964
Epoch: 29, Batch: 150, Acc: 67.48%, Loss: 0.9813
Epoch: 29, Batch: 160, Acc: 67.52%, Loss: 0.9725
Epoch: 29, Batch: 170, Acc: 67.42%, Loss: 1.0105
Epoch: 29, Batch: 180, Acc: 67.31%, Loss: 1.0016
Epoch: 29, Batch: 190, Acc: 67.36%, Loss: 1.0254
Epoch: 29, Batch: 200, Acc: 67.24%, Loss: 1.0386
Epoch: 29, Batch: 210, Acc: 67.22%, Loss: 1.0038
Epoch: 29, Batch: 220, Acc: 67.16%, Loss: 0.9688
Epoch: 29, Batch: 230, Acc: 67.21%, Loss: 0.9663
Epoch: 29, Batch: 240, Acc: 67.26%, Loss: 0.9856
Epoch: 29, Batch: 250, Acc: 67.19%, Loss: 1.0261
Epoch: 29, Batch: 260, Acc: 67.30%, Loss: 0.9218
Epoch: 29, Batch: 270, Acc: 67.24%, Loss: 1.0291
Epoch: 29, Batch: 280, Acc: 67.24%, Loss: 1.0306
Epoch: 29, Batch: 290, Acc: 67.26%, Loss: 1.0202
Epoch: 29, Batch: 300, Acc: 67.28%, Loss: 0.9981
Epoch: 29, Batch: 310, Acc: 67.40%, Loss: 0.9369
Epoch: 29, Batch: 320, Acc: 67.39%, Loss: 0.9788
Epoch: 29, Batch: 330, Acc: 67.33%, Loss: 1.0665
Epoch: 29, Batch: 340, Acc: 67.38%, Loss: 0.9868
Epoch: 29, Batch: 350, Acc: 67.38%, Loss: 0.9867
Epoch: 29, Batch: 360, Acc: 67.33%, Loss: 0.9589
Epoch: 29, Batch: 370, Acc: 67.29%, Loss: 1.0326
Epoch: 29, Batch: 380, Acc: 67.31%, Loss: 1.0297
Epoch: 29, Batch: 390, Acc: 67.35%, Loss: 0.9933
Epoch: 29, Batch: 400, Acc: 67.39%, Loss: 0.9687
Epoch: 29, Batch: 410, Acc: 67.37%, Loss: 1.0364
Epoch: 29, Batch: 420, Acc: 67.36%, Loss: 1.0056
Epoch: 29, Batch: 430, Acc: 67.33%, Loss: 1.0114
Epoch: 29, Batch: 440, Acc: 67.35%, Loss: 1.0363
Epoch: 29, Batch: 450, Acc: 67.36%, Loss: 1.0055
Epoch: 29, Batch: 460, Acc: 67.39%, Loss: 0.9985
Epoch: 29, Batch: 470, Acc: 67.35%, Loss: 1.0486
Epoch: 29, Batch: 480, Acc: 67.34%, Loss: 1.0034
Epoch: 29, Batch: 490, Acc: 67.31%, Loss: 1.0770
Epoch: 29, Batch: 500, Acc: 67.24%, Loss: 1.0361
Epoch: 29, Batch: 510, Acc: 67.25%, Loss: 0.9318
Epoch: 29, Batch: 520, Acc: 67.22%, Loss: 1.0065
Epoch: 29, Batch: 530, Acc: 67.18%, Loss: 0.9943
Epoch: 29, Batch: 540, Acc: 67.19%, Loss: 0.9742
Epoch: 29, Batch: 550, Acc: 67.14%, Loss: 1.0184
Epoch: 29, Batch: 560, Acc: 67.20%, Loss: 0.9212
Epoch: 29, Batch: 570, Acc: 67.18%, Loss: 1.0199
Epoch: 29, Batch: 580, Acc: 67.20%, Loss: 0.9862
Epoch: 29, Batch: 590, Acc: 67.22%, Loss: 0.9675
Epoch: 29, Batch: 600, Acc: 67.24%, Loss: 0.9599
Epoch: 29, Batch: 610, Acc: 67.23%, Loss: 0.9809
Epoch: 29, Batch: 620, Acc: 67.28%, Loss: 0.9582
Epoch: 29, Batch: 630, Acc: 67.29%, Loss: 1.0171
Epoch: 29, Batch: 640, Acc: 67.27%, Loss: 1.0169
Epoch: 29, Batch: 650, Acc: 67.26%, Loss: 1.0422
Epoch: 29, Batch: 660, Acc: 67.28%, Loss: 0.9264
Epoch: 29, Batch: 670, Acc: 67.26%, Loss: 1.0126
Epoch: 29, Batch: 680, Acc: 67.32%, Loss: 0.9631
Epoch: 29, Batch: 690, Acc: 67.34%, Loss: 0.9910
Epoch: 29, Batch: 700, Acc: 67.33%, Loss: 1.0023
Epoch: 29, Batch: 710, Acc: 67.35%, Loss: 0.9753
Epoch: 29, Batch: 720, Acc: 67.34%, Loss: 1.0361
Epoch: 29, Batch: 730, Acc: 67.38%, Loss: 0.8961
Epoch: 29, Batch: 740, Acc: 67.38%, Loss: 0.9929
Epoch: 29, Batch: 750, Acc: 67.38%, Loss: 0.9717
Epoch: 29, Batch: 760, Acc: 67.37%, Loss: 0.9894
Epoch: 29, Batch: 770, Acc: 67.35%, Loss: 1.0321
Epoch: 29, Batch: 780, Acc: 67.35%, Loss: 0.9762
Epoch: 29, Batch: 790, Acc: 67.39%, Loss: 0.9301
Epoch: 29, Batch: 800, Acc: 67.36%, Loss: 0.9560
Epoch: 29, Batch: 810, Acc: 67.35%, Loss: 1.0067
Epoch: 29, Batch: 820, Acc: 67.38%, Loss: 0.9848
Epoch: 29, Batch: 830, Acc: 67.39%, Loss: 1.0389
Epoch: 29, Batch: 840, Acc: 67.39%, Loss: 1.0038
Epoch: 29, Batch: 850, Acc: 67.38%, Loss: 0.9890
Epoch: 29, Batch: 860, Acc: 67.36%, Loss: 1.0233
Epoch: 29, Batch: 870, Acc: 67.35%, Loss: 0.9684
Epoch: 29, Batch: 880, Acc: 67.34%, Loss: 1.0230
Epoch: 29, Batch: 890, Acc: 67.36%, Loss: 0.9459
Epoch: 29, Batch: 900, Acc: 67.36%, Loss: 0.9759
Epoch: 29, Batch: 910, Acc: 67.35%, Loss: 1.0263
Epoch: 29, Batch: 920, Acc: 67.38%, Loss: 0.9544
Epoch: 29, Batch: 930, Acc: 67.39%, Loss: 1.0079
Accuracy on test set: 69.51%
Epoch: 30, Batch: 10, Acc: 65.94%, Loss: 1.0149
Epoch: 30, Batch: 20, Acc: 67.50%, Loss: 0.9644
Epoch: 30, Batch: 30, Acc: 67.34%, Loss: 0.9772
Epoch: 30, Batch: 40, Acc: 67.89%, Loss: 1.0248
Epoch: 30, Batch: 50, Acc: 67.69%, Loss: 1.0246
Epoch: 30, Batch: 60, Acc: 67.84%, Loss: 0.9789
Epoch: 30, Batch: 70, Acc: 67.99%, Loss: 1.0084
Epoch: 30, Batch: 80, Acc: 68.20%, Loss: 0.9035
Epoch: 30, Batch: 90, Acc: 68.25%, Loss: 0.9938
Epoch: 30, Batch: 100, Acc: 68.34%, Loss: 0.9745
Epoch: 30, Batch: 110, Acc: 68.17%, Loss: 1.0046
Epoch: 30, Batch: 120, Acc: 68.02%, Loss: 1.0465
Epoch: 30, Batch: 130, Acc: 67.87%, Loss: 0.9898
Epoch: 30, Batch: 140, Acc: 68.12%, Loss: 0.9137
Epoch: 30, Batch: 150, Acc: 67.95%, Loss: 1.0112
Epoch: 30, Batch: 160, Acc: 67.66%, Loss: 1.0604
Epoch: 30, Batch: 170, Acc: 67.68%, Loss: 0.9826
Epoch: 30, Batch: 180, Acc: 67.75%, Loss: 0.9537
Epoch: 30, Batch: 190, Acc: 67.59%, Loss: 1.0441
Epoch: 30, Batch: 200, Acc: 67.73%, Loss: 0.8666
Epoch: 30, Batch: 210, Acc: 67.76%, Loss: 0.9913
Epoch: 30, Batch: 220, Acc: 67.76%, Loss: 0.9941
Epoch: 30, Batch: 230, Acc: 67.67%, Loss: 0.9967
Epoch: 30, Batch: 240, Acc: 67.79%, Loss: 0.9200
Epoch: 30, Batch: 250, Acc: 67.67%, Loss: 1.0972
Epoch: 30, Batch: 260, Acc: 67.54%, Loss: 1.0642
Epoch: 30, Batch: 270, Acc: 67.59%, Loss: 0.9850
Epoch: 30, Batch: 280, Acc: 67.70%, Loss: 0.9289
Epoch: 30, Batch: 290, Acc: 67.73%, Loss: 1.0171
Epoch: 30, Batch: 300, Acc: 67.64%, Loss: 1.0363
Epoch: 30, Batch: 310, Acc: 67.61%, Loss: 1.0303
Epoch: 30, Batch: 320, Acc: 67.58%, Loss: 0.9728
Epoch: 30, Batch: 330, Acc: 67.51%, Loss: 1.0196
Epoch: 30, Batch: 340, Acc: 67.48%, Loss: 0.9862
Epoch: 30, Batch: 350, Acc: 67.42%, Loss: 1.0218
Epoch: 30, Batch: 360, Acc: 67.43%, Loss: 1.0052
Epoch: 30, Batch: 370, Acc: 67.45%, Loss: 0.9583
Epoch: 30, Batch: 380, Acc: 67.38%, Loss: 1.0094
Epoch: 30, Batch: 390, Acc: 67.45%, Loss: 0.9663
Epoch: 30, Batch: 400, Acc: 67.34%, Loss: 1.0225
Epoch: 30, Batch: 410, Acc: 67.29%, Loss: 1.0020
Epoch: 30, Batch: 420, Acc: 67.31%, Loss: 0.9908
Epoch: 30, Batch: 430, Acc: 67.36%, Loss: 0.9625
Epoch: 30, Batch: 440, Acc: 67.45%, Loss: 0.9529
Epoch: 30, Batch: 450, Acc: 67.49%, Loss: 0.9552
Epoch: 30, Batch: 460, Acc: 67.45%, Loss: 1.0785
Epoch: 30, Batch: 470, Acc: 67.41%, Loss: 1.0462
Epoch: 30, Batch: 480, Acc: 67.38%, Loss: 0.9832
Epoch: 30, Batch: 490, Acc: 67.41%, Loss: 0.9756
Epoch: 30, Batch: 500, Acc: 67.37%, Loss: 1.0134
Epoch: 30, Batch: 510, Acc: 67.46%, Loss: 0.9414
Epoch: 30, Batch: 520, Acc: 67.52%, Loss: 0.9600
Epoch: 30, Batch: 530, Acc: 67.53%, Loss: 0.9581
Epoch: 30, Batch: 540, Acc: 67.58%, Loss: 0.9509
Epoch: 30, Batch: 550, Acc: 67.62%, Loss: 0.9660
Epoch: 30, Batch: 560, Acc: 67.62%, Loss: 0.9735
Epoch: 30, Batch: 570, Acc: 67.61%, Loss: 0.9730
Epoch: 30, Batch: 580, Acc: 67.59%, Loss: 0.9884
Epoch: 30, Batch: 590, Acc: 67.56%, Loss: 1.0267
Epoch: 30, Batch: 600, Acc: 67.54%, Loss: 1.0158
Epoch: 30, Batch: 610, Acc: 67.57%, Loss: 0.9100
Epoch: 30, Batch: 620, Acc: 67.61%, Loss: 0.9436
Epoch: 30, Batch: 630, Acc: 67.62%, Loss: 0.9906
Epoch: 30, Batch: 640, Acc: 67.60%, Loss: 0.9785
Epoch: 30, Batch: 650, Acc: 67.62%, Loss: 0.9606
Epoch: 30, Batch: 660, Acc: 67.62%, Loss: 1.0181
Epoch: 30, Batch: 670, Acc: 67.61%, Loss: 0.9856
Epoch: 30, Batch: 680, Acc: 67.59%, Loss: 1.0041
Epoch: 30, Batch: 690, Acc: 67.60%, Loss: 0.9968
Epoch: 30, Batch: 700, Acc: 67.58%, Loss: 1.0063
Epoch: 30, Batch: 710, Acc: 67.60%, Loss: 0.9823
Epoch: 30, Batch: 720, Acc: 67.56%, Loss: 1.0079
Epoch: 30, Batch: 730, Acc: 67.58%, Loss: 0.9672
Epoch: 30, Batch: 740, Acc: 67.59%, Loss: 0.9281
Epoch: 30, Batch: 750, Acc: 67.59%, Loss: 1.0086
Epoch: 30, Batch: 760, Acc: 67.58%, Loss: 0.9519
Epoch: 30, Batch: 770, Acc: 67.58%, Loss: 1.0009
Epoch: 30, Batch: 780, Acc: 67.55%, Loss: 1.0103
Epoch: 30, Batch: 790, Acc: 67.55%, Loss: 0.9840
Epoch: 30, Batch: 800, Acc: 67.57%, Loss: 0.9822
Epoch: 30, Batch: 810, Acc: 67.59%, Loss: 0.9862
Epoch: 30, Batch: 820, Acc: 67.61%, Loss: 0.9761
Epoch: 30, Batch: 830, Acc: 67.61%, Loss: 0.9664
Epoch: 30, Batch: 840, Acc: 67.62%, Loss: 0.9437
Epoch: 30, Batch: 850, Acc: 67.61%, Loss: 1.0073
Epoch: 30, Batch: 860, Acc: 67.58%, Loss: 1.0754
Epoch: 30, Batch: 870, Acc: 67.57%, Loss: 1.0267
Epoch: 30, Batch: 880, Acc: 67.63%, Loss: 0.9287
Epoch: 30, Batch: 890, Acc: 67.65%, Loss: 0.9585
Epoch: 30, Batch: 900, Acc: 67.65%, Loss: 0.9842
Epoch: 30, Batch: 910, Acc: 67.64%, Loss: 1.0480
Epoch: 30, Batch: 920, Acc: 67.65%, Loss: 0.9689
Epoch: 30, Batch: 930, Acc: 67.65%, Loss: 1.0049
Accuracy on test set: 69.60%
Training Time: 6989.82 seconds
Best Accuracy for Run 1: 69.60%

Evaluating final model on clean test data...
Accuracy    : 0.6960
Loss        : 0.9136
Precision   : 0.6883
Recall      : 0.6908
F1          : 0.6895
Fpr         : 0.0338
Fnr         : 0.3092
Roc_auc     : 0.9485
Pr_auc      : nan
Metrics saved to qmlp-mnist-label-flip-run_run1-layer10_label_flip.csv

========== Training Run 2 ==========
Epoch: 1, Batch: 10, Acc: 13.91%, Loss: 2.2643
Epoch: 1, Batch: 20, Acc: 16.95%, Loss: 2.2439
Epoch: 1, Batch: 30, Acc: 17.40%, Loss: 2.2291
Epoch: 1, Batch: 40, Acc: 17.30%, Loss: 2.2153
Epoch: 1, Batch: 50, Acc: 18.41%, Loss: 2.1811
Epoch: 1, Batch: 60, Acc: 18.72%, Loss: 2.1722
Epoch: 1, Batch: 70, Acc: 19.69%, Loss: 2.1543
Epoch: 1, Batch: 80, Acc: 20.29%, Loss: 2.1446
Epoch: 1, Batch: 90, Acc: 21.32%, Loss: 2.1178
Epoch: 1, Batch: 100, Acc: 21.83%, Loss: 2.1109
Epoch: 1, Batch: 110, Acc: 22.40%, Loss: 2.0856
Epoch: 1, Batch: 120, Acc: 22.83%, Loss: 2.0809
Epoch: 1, Batch: 130, Acc: 23.62%, Loss: 2.0641
Epoch: 1, Batch: 140, Acc: 24.60%, Loss: 2.0617
Epoch: 1, Batch: 150, Acc: 25.60%, Loss: 2.0340
Epoch: 1, Batch: 160, Acc: 26.50%, Loss: 2.0156
Epoch: 1, Batch: 170, Acc: 27.06%, Loss: 2.0224
Epoch: 1, Batch: 180, Acc: 27.52%, Loss: 2.0280
Epoch: 1, Batch: 190, Acc: 28.20%, Loss: 1.9733
Epoch: 1, Batch: 200, Acc: 28.85%, Loss: 1.9540
Epoch: 1, Batch: 210, Acc: 29.41%, Loss: 1.9499
Epoch: 1, Batch: 220, Acc: 29.84%, Loss: 1.9451
Epoch: 1, Batch: 230, Acc: 30.24%, Loss: 1.9450
Epoch: 1, Batch: 240, Acc: 30.72%, Loss: 1.9040
Epoch: 1, Batch: 250, Acc: 30.94%, Loss: 1.9190
Epoch: 1, Batch: 260, Acc: 31.17%, Loss: 1.9184
Epoch: 1, Batch: 270, Acc: 31.53%, Loss: 1.9021
Epoch: 1, Batch: 280, Acc: 31.92%, Loss: 1.8524
Epoch: 1, Batch: 290, Acc: 32.11%, Loss: 1.8652
Epoch: 1, Batch: 300, Acc: 32.37%, Loss: 1.8560
Epoch: 1, Batch: 310, Acc: 32.68%, Loss: 1.8428
Epoch: 1, Batch: 320, Acc: 32.85%, Loss: 1.8434
Epoch: 1, Batch: 330, Acc: 33.17%, Loss: 1.8046
Epoch: 1, Batch: 340, Acc: 33.40%, Loss: 1.8299
Epoch: 1, Batch: 350, Acc: 33.67%, Loss: 1.8091
Epoch: 1, Batch: 360, Acc: 33.90%, Loss: 1.7927
Epoch: 1, Batch: 370, Acc: 34.05%, Loss: 1.8178
Epoch: 1, Batch: 380, Acc: 34.19%, Loss: 1.7810
Epoch: 1, Batch: 390, Acc: 34.38%, Loss: 1.8105
Epoch: 1, Batch: 400, Acc: 34.55%, Loss: 1.7679
Epoch: 1, Batch: 410, Acc: 34.68%, Loss: 1.7428
Epoch: 1, Batch: 420, Acc: 34.81%, Loss: 1.7664
Epoch: 1, Batch: 430, Acc: 34.99%, Loss: 1.7175
Epoch: 1, Batch: 440, Acc: 35.19%, Loss: 1.7516
Epoch: 1, Batch: 450, Acc: 35.35%, Loss: 1.7451
Epoch: 1, Batch: 460, Acc: 35.51%, Loss: 1.7414
Epoch: 1, Batch: 470, Acc: 35.65%, Loss: 1.7548
Epoch: 1, Batch: 480, Acc: 35.83%, Loss: 1.7090
Epoch: 1, Batch: 490, Acc: 35.98%, Loss: 1.7057
Epoch: 1, Batch: 500, Acc: 36.17%, Loss: 1.7245
Epoch: 1, Batch: 510, Acc: 36.39%, Loss: 1.6978
Epoch: 1, Batch: 520, Acc: 36.52%, Loss: 1.7159
Epoch: 1, Batch: 530, Acc: 36.65%, Loss: 1.6988
Epoch: 1, Batch: 540, Acc: 36.83%, Loss: 1.6808
Epoch: 1, Batch: 550, Acc: 36.98%, Loss: 1.6672
Epoch: 1, Batch: 560, Acc: 37.13%, Loss: 1.7053
Epoch: 1, Batch: 570, Acc: 37.29%, Loss: 1.6908
Epoch: 1, Batch: 580, Acc: 37.45%, Loss: 1.6629
Epoch: 1, Batch: 590, Acc: 37.55%, Loss: 1.6934
Epoch: 1, Batch: 600, Acc: 37.65%, Loss: 1.6917
Epoch: 1, Batch: 610, Acc: 37.76%, Loss: 1.6611
Epoch: 1, Batch: 620, Acc: 37.84%, Loss: 1.6847
Epoch: 1, Batch: 630, Acc: 37.96%, Loss: 1.6711
Epoch: 1, Batch: 640, Acc: 38.10%, Loss: 1.6546
Epoch: 1, Batch: 650, Acc: 38.22%, Loss: 1.6588
Epoch: 1, Batch: 660, Acc: 38.33%, Loss: 1.6843
Epoch: 1, Batch: 670, Acc: 38.44%, Loss: 1.6561
Epoch: 1, Batch: 680, Acc: 38.56%, Loss: 1.6142
Epoch: 1, Batch: 690, Acc: 38.72%, Loss: 1.5840
Epoch: 1, Batch: 700, Acc: 38.86%, Loss: 1.5978
Epoch: 1, Batch: 710, Acc: 38.98%, Loss: 1.6202
Epoch: 1, Batch: 720, Acc: 39.09%, Loss: 1.6191
Epoch: 1, Batch: 730, Acc: 39.25%, Loss: 1.5649
Epoch: 1, Batch: 740, Acc: 39.36%, Loss: 1.5739
Epoch: 1, Batch: 750, Acc: 39.47%, Loss: 1.5900
Epoch: 1, Batch: 760, Acc: 39.54%, Loss: 1.6107
Epoch: 1, Batch: 770, Acc: 39.60%, Loss: 1.6078
Epoch: 1, Batch: 780, Acc: 39.68%, Loss: 1.6068
Epoch: 1, Batch: 790, Acc: 39.78%, Loss: 1.5863
Epoch: 1, Batch: 800, Acc: 39.89%, Loss: 1.6037
Epoch: 1, Batch: 810, Acc: 39.96%, Loss: 1.6553
Epoch: 1, Batch: 820, Acc: 40.04%, Loss: 1.6188
Epoch: 1, Batch: 830, Acc: 40.09%, Loss: 1.6500
Epoch: 1, Batch: 840, Acc: 40.21%, Loss: 1.5423
Epoch: 1, Batch: 850, Acc: 40.30%, Loss: 1.5854
Epoch: 1, Batch: 860, Acc: 40.37%, Loss: 1.5625
Epoch: 1, Batch: 870, Acc: 40.45%, Loss: 1.5489
Epoch: 1, Batch: 880, Acc: 40.57%, Loss: 1.5554
Epoch: 1, Batch: 890, Acc: 40.66%, Loss: 1.5591
Epoch: 1, Batch: 900, Acc: 40.73%, Loss: 1.6001
Epoch: 1, Batch: 910, Acc: 40.80%, Loss: 1.5741
Epoch: 1, Batch: 920, Acc: 40.88%, Loss: 1.5565
Epoch: 1, Batch: 930, Acc: 40.97%, Loss: 1.5842
Accuracy on test set: 49.47%
Epoch: 2, Batch: 10, Acc: 49.22%, Loss: 1.5835
Epoch: 2, Batch: 20, Acc: 49.61%, Loss: 1.5795
Epoch: 2, Batch: 30, Acc: 49.22%, Loss: 1.5718
Epoch: 2, Batch: 40, Acc: 49.22%, Loss: 1.5813
Epoch: 2, Batch: 50, Acc: 48.84%, Loss: 1.5795
Epoch: 2, Batch: 60, Acc: 49.35%, Loss: 1.5053
Epoch: 2, Batch: 70, Acc: 49.26%, Loss: 1.5204
Epoch: 2, Batch: 80, Acc: 49.43%, Loss: 1.5392
Epoch: 2, Batch: 90, Acc: 49.74%, Loss: 1.4900
Epoch: 2, Batch: 100, Acc: 49.62%, Loss: 1.5559
Epoch: 2, Batch: 110, Acc: 49.50%, Loss: 1.5260
Epoch: 2, Batch: 120, Acc: 49.56%, Loss: 1.5262
Epoch: 2, Batch: 130, Acc: 49.59%, Loss: 1.4980
Epoch: 2, Batch: 140, Acc: 49.63%, Loss: 1.5502
Epoch: 2, Batch: 150, Acc: 49.48%, Loss: 1.5696
Epoch: 2, Batch: 160, Acc: 49.66%, Loss: 1.5060
Epoch: 2, Batch: 170, Acc: 49.52%, Loss: 1.5497
Epoch: 2, Batch: 180, Acc: 49.63%, Loss: 1.4996
Epoch: 2, Batch: 190, Acc: 49.57%, Loss: 1.5275
Epoch: 2, Batch: 200, Acc: 49.57%, Loss: 1.5097
Epoch: 2, Batch: 210, Acc: 49.67%, Loss: 1.5225
Epoch: 2, Batch: 220, Acc: 49.46%, Loss: 1.5757
Epoch: 2, Batch: 230, Acc: 49.46%, Loss: 1.5106
Epoch: 2, Batch: 240, Acc: 49.48%, Loss: 1.5261
Epoch: 2, Batch: 250, Acc: 49.66%, Loss: 1.4706
Epoch: 2, Batch: 260, Acc: 49.63%, Loss: 1.5159
Epoch: 2, Batch: 270, Acc: 49.65%, Loss: 1.5030
Epoch: 2, Batch: 280, Acc: 49.65%, Loss: 1.5144
Epoch: 2, Batch: 290, Acc: 49.56%, Loss: 1.5275
Epoch: 2, Batch: 300, Acc: 49.59%, Loss: 1.5056
Epoch: 2, Batch: 310, Acc: 49.71%, Loss: 1.4783
Epoch: 2, Batch: 320, Acc: 49.68%, Loss: 1.5120
Epoch: 2, Batch: 330, Acc: 49.66%, Loss: 1.5237
Epoch: 2, Batch: 340, Acc: 49.67%, Loss: 1.4809
Epoch: 2, Batch: 350, Acc: 49.79%, Loss: 1.4551
Epoch: 2, Batch: 360, Acc: 49.84%, Loss: 1.5027
Epoch: 2, Batch: 370, Acc: 49.89%, Loss: 1.4850
Epoch: 2, Batch: 380, Acc: 49.94%, Loss: 1.4580
Epoch: 2, Batch: 390, Acc: 50.00%, Loss: 1.4244
Epoch: 2, Batch: 400, Acc: 49.96%, Loss: 1.4786
Epoch: 2, Batch: 410, Acc: 49.99%, Loss: 1.4341
Epoch: 2, Batch: 420, Acc: 50.03%, Loss: 1.4706
Epoch: 2, Batch: 430, Acc: 50.06%, Loss: 1.5011
Epoch: 2, Batch: 440, Acc: 50.11%, Loss: 1.4891
Epoch: 2, Batch: 450, Acc: 50.05%, Loss: 1.5173
Epoch: 2, Batch: 460, Acc: 50.08%, Loss: 1.4964
Epoch: 2, Batch: 470, Acc: 50.12%, Loss: 1.4680
Epoch: 2, Batch: 480, Acc: 50.16%, Loss: 1.4507
Epoch: 2, Batch: 490, Acc: 50.16%, Loss: 1.4983
Epoch: 2, Batch: 500, Acc: 50.22%, Loss: 1.4412
Epoch: 2, Batch: 510, Acc: 50.23%, Loss: 1.5017
Epoch: 2, Batch: 520, Acc: 50.30%, Loss: 1.4340
Epoch: 2, Batch: 530, Acc: 50.32%, Loss: 1.4648
Epoch: 2, Batch: 540, Acc: 50.33%, Loss: 1.4997
Epoch: 2, Batch: 550, Acc: 50.39%, Loss: 1.4009
Epoch: 2, Batch: 560, Acc: 50.42%, Loss: 1.4349
Epoch: 2, Batch: 570, Acc: 50.45%, Loss: 1.4514
Epoch: 2, Batch: 580, Acc: 50.46%, Loss: 1.4639
Epoch: 2, Batch: 590, Acc: 50.45%, Loss: 1.4559
Epoch: 2, Batch: 600, Acc: 50.48%, Loss: 1.4261
Epoch: 2, Batch: 610, Acc: 50.50%, Loss: 1.4614
Epoch: 2, Batch: 620, Acc: 50.55%, Loss: 1.3890
Epoch: 2, Batch: 630, Acc: 50.55%, Loss: 1.4661
Epoch: 2, Batch: 640, Acc: 50.61%, Loss: 1.3897
Epoch: 2, Batch: 650, Acc: 50.61%, Loss: 1.4574
Epoch: 2, Batch: 660, Acc: 50.60%, Loss: 1.5112
Epoch: 2, Batch: 670, Acc: 50.65%, Loss: 1.3901
Epoch: 2, Batch: 680, Acc: 50.65%, Loss: 1.4616
Epoch: 2, Batch: 690, Acc: 50.64%, Loss: 1.4471
Epoch: 2, Batch: 700, Acc: 50.68%, Loss: 1.4231
Epoch: 2, Batch: 710, Acc: 50.63%, Loss: 1.5068
Epoch: 2, Batch: 720, Acc: 50.66%, Loss: 1.4397
Epoch: 2, Batch: 730, Acc: 50.67%, Loss: 1.4704
Epoch: 2, Batch: 740, Acc: 50.68%, Loss: 1.4755
Epoch: 2, Batch: 750, Acc: 50.72%, Loss: 1.4829
Epoch: 2, Batch: 760, Acc: 50.78%, Loss: 1.3635
Epoch: 2, Batch: 770, Acc: 50.79%, Loss: 1.4790
Epoch: 2, Batch: 780, Acc: 50.80%, Loss: 1.4572
Epoch: 2, Batch: 790, Acc: 50.80%, Loss: 1.5025
Epoch: 2, Batch: 800, Acc: 50.85%, Loss: 1.3928
Epoch: 2, Batch: 810, Acc: 50.90%, Loss: 1.4176
Epoch: 2, Batch: 820, Acc: 50.92%, Loss: 1.4447
Epoch: 2, Batch: 830, Acc: 50.97%, Loss: 1.4070
Epoch: 2, Batch: 840, Acc: 51.00%, Loss: 1.3862
Epoch: 2, Batch: 850, Acc: 51.00%, Loss: 1.4536
Epoch: 2, Batch: 860, Acc: 51.01%, Loss: 1.4705
Epoch: 2, Batch: 870, Acc: 51.03%, Loss: 1.4482
Epoch: 2, Batch: 880, Acc: 51.06%, Loss: 1.3815
Epoch: 2, Batch: 890, Acc: 51.09%, Loss: 1.4287
Epoch: 2, Batch: 900, Acc: 51.11%, Loss: 1.4117
Epoch: 2, Batch: 910, Acc: 51.13%, Loss: 1.4422
Epoch: 2, Batch: 920, Acc: 51.16%, Loss: 1.4154
Epoch: 2, Batch: 930, Acc: 51.15%, Loss: 1.4331
Accuracy on test set: 55.95%
Epoch: 3, Batch: 10, Acc: 51.25%, Loss: 1.4175
Epoch: 3, Batch: 20, Acc: 52.34%, Loss: 1.4242
Epoch: 3, Batch: 30, Acc: 53.12%, Loss: 1.4171
Epoch: 3, Batch: 40, Acc: 54.06%, Loss: 1.3446
Epoch: 3, Batch: 50, Acc: 53.78%, Loss: 1.4118
Epoch: 3, Batch: 60, Acc: 54.01%, Loss: 1.3673
Epoch: 3, Batch: 70, Acc: 54.04%, Loss: 1.4085
Epoch: 3, Batch: 80, Acc: 53.57%, Loss: 1.3898
Epoch: 3, Batch: 90, Acc: 53.84%, Loss: 1.3865
Epoch: 3, Batch: 100, Acc: 53.77%, Loss: 1.3873
Epoch: 3, Batch: 110, Acc: 53.75%, Loss: 1.3826
Epoch: 3, Batch: 120, Acc: 53.74%, Loss: 1.3770
Epoch: 3, Batch: 130, Acc: 53.46%, Loss: 1.4366
Epoch: 3, Batch: 140, Acc: 53.55%, Loss: 1.4026
Epoch: 3, Batch: 150, Acc: 53.44%, Loss: 1.4214
Epoch: 3, Batch: 160, Acc: 53.61%, Loss: 1.3550
Epoch: 3, Batch: 170, Acc: 53.81%, Loss: 1.4348
Epoch: 3, Batch: 180, Acc: 53.90%, Loss: 1.3525
Epoch: 3, Batch: 190, Acc: 54.08%, Loss: 1.3996
Epoch: 3, Batch: 200, Acc: 54.20%, Loss: 1.3738
Epoch: 3, Batch: 210, Acc: 54.21%, Loss: 1.3970
Epoch: 3, Batch: 220, Acc: 54.10%, Loss: 1.4090
Epoch: 3, Batch: 230, Acc: 54.21%, Loss: 1.3693
Epoch: 3, Batch: 240, Acc: 54.24%, Loss: 1.3717
Epoch: 3, Batch: 250, Acc: 54.23%, Loss: 1.3661
Epoch: 3, Batch: 260, Acc: 54.30%, Loss: 1.3693
Epoch: 3, Batch: 270, Acc: 54.07%, Loss: 1.4866
Epoch: 3, Batch: 280, Acc: 54.10%, Loss: 1.3686
Epoch: 3, Batch: 290, Acc: 54.15%, Loss: 1.3812
Epoch: 3, Batch: 300, Acc: 54.35%, Loss: 1.3400
Epoch: 3, Batch: 310, Acc: 54.36%, Loss: 1.3695
Epoch: 3, Batch: 320, Acc: 54.41%, Loss: 1.3680
Epoch: 3, Batch: 330, Acc: 54.43%, Loss: 1.3844
Epoch: 3, Batch: 340, Acc: 54.42%, Loss: 1.3891
Epoch: 3, Batch: 350, Acc: 54.50%, Loss: 1.3380
Epoch: 3, Batch: 360, Acc: 54.53%, Loss: 1.3741
Epoch: 3, Batch: 370, Acc: 54.50%, Loss: 1.3702
Epoch: 3, Batch: 380, Acc: 54.51%, Loss: 1.3996
Epoch: 3, Batch: 390, Acc: 54.47%, Loss: 1.3984
Epoch: 3, Batch: 400, Acc: 54.58%, Loss: 1.2852
Epoch: 3, Batch: 410, Acc: 54.61%, Loss: 1.3432
Epoch: 3, Batch: 420, Acc: 54.61%, Loss: 1.3760
Epoch: 3, Batch: 430, Acc: 54.61%, Loss: 1.3686
Epoch: 3, Batch: 440, Acc: 54.59%, Loss: 1.3652
Epoch: 3, Batch: 450, Acc: 54.58%, Loss: 1.3558
Epoch: 3, Batch: 460, Acc: 54.60%, Loss: 1.3721
Epoch: 3, Batch: 470, Acc: 54.62%, Loss: 1.3246
Epoch: 3, Batch: 480, Acc: 54.54%, Loss: 1.4464
Epoch: 3, Batch: 490, Acc: 54.54%, Loss: 1.3446
Epoch: 3, Batch: 500, Acc: 54.53%, Loss: 1.3748
Epoch: 3, Batch: 510, Acc: 54.52%, Loss: 1.4084
Epoch: 3, Batch: 520, Acc: 54.53%, Loss: 1.3517
Epoch: 3, Batch: 530, Acc: 54.53%, Loss: 1.3564
Epoch: 3, Batch: 540, Acc: 54.53%, Loss: 1.3786
Epoch: 3, Batch: 550, Acc: 54.57%, Loss: 1.3054
Epoch: 3, Batch: 560, Acc: 54.60%, Loss: 1.3632
Epoch: 3, Batch: 570, Acc: 54.63%, Loss: 1.3232
Epoch: 3, Batch: 580, Acc: 54.69%, Loss: 1.3226
Epoch: 3, Batch: 590, Acc: 54.75%, Loss: 1.3337
Epoch: 3, Batch: 600, Acc: 54.79%, Loss: 1.3069
Epoch: 3, Batch: 610, Acc: 54.82%, Loss: 1.3134
Epoch: 3, Batch: 620, Acc: 54.80%, Loss: 1.3973
Epoch: 3, Batch: 630, Acc: 54.77%, Loss: 1.3771
Epoch: 3, Batch: 640, Acc: 54.81%, Loss: 1.3522
Epoch: 3, Batch: 650, Acc: 54.81%, Loss: 1.3439
Epoch: 3, Batch: 660, Acc: 54.88%, Loss: 1.3672
Epoch: 3, Batch: 670, Acc: 54.86%, Loss: 1.3559
Epoch: 3, Batch: 680, Acc: 54.91%, Loss: 1.3246
Epoch: 3, Batch: 690, Acc: 54.94%, Loss: 1.2812
Epoch: 3, Batch: 700, Acc: 54.88%, Loss: 1.4068
Epoch: 3, Batch: 710, Acc: 54.88%, Loss: 1.3270
Epoch: 3, Batch: 720, Acc: 54.86%, Loss: 1.4208
Epoch: 3, Batch: 730, Acc: 54.88%, Loss: 1.3164
Epoch: 3, Batch: 740, Acc: 54.86%, Loss: 1.3746
Epoch: 3, Batch: 750, Acc: 54.85%, Loss: 1.3465
Epoch: 3, Batch: 760, Acc: 54.83%, Loss: 1.3788
Epoch: 3, Batch: 770, Acc: 54.84%, Loss: 1.3317
Epoch: 3, Batch: 780, Acc: 54.84%, Loss: 1.3609
Epoch: 3, Batch: 790, Acc: 54.85%, Loss: 1.3423
Epoch: 3, Batch: 800, Acc: 54.85%, Loss: 1.3699
Epoch: 3, Batch: 810, Acc: 54.89%, Loss: 1.3060
Epoch: 3, Batch: 820, Acc: 54.93%, Loss: 1.3158
Epoch: 3, Batch: 830, Acc: 54.91%, Loss: 1.3764
Epoch: 3, Batch: 840, Acc: 54.90%, Loss: 1.3440
Epoch: 3, Batch: 850, Acc: 54.87%, Loss: 1.3883
Epoch: 3, Batch: 860, Acc: 54.85%, Loss: 1.3921
Epoch: 3, Batch: 870, Acc: 54.84%, Loss: 1.3474
Epoch: 3, Batch: 880, Acc: 54.82%, Loss: 1.3608
Epoch: 3, Batch: 890, Acc: 54.86%, Loss: 1.3365
Epoch: 3, Batch: 900, Acc: 54.86%, Loss: 1.3540
Epoch: 3, Batch: 910, Acc: 54.90%, Loss: 1.2902
Epoch: 3, Batch: 920, Acc: 54.90%, Loss: 1.3496
Epoch: 3, Batch: 930, Acc: 54.92%, Loss: 1.3081
Accuracy on test set: 58.15%
Epoch: 4, Batch: 10, Acc: 55.31%, Loss: 1.3104
Epoch: 4, Batch: 20, Acc: 55.39%, Loss: 1.3412
Epoch: 4, Batch: 30, Acc: 55.10%, Loss: 1.3354
Epoch: 4, Batch: 40, Acc: 55.39%, Loss: 1.3320
Epoch: 4, Batch: 50, Acc: 55.75%, Loss: 1.3162
Epoch: 4, Batch: 60, Acc: 55.81%, Loss: 1.3092
Epoch: 4, Batch: 70, Acc: 55.78%, Loss: 1.3290
Epoch: 4, Batch: 80, Acc: 55.94%, Loss: 1.2727
Epoch: 4, Batch: 90, Acc: 55.90%, Loss: 1.3016
Epoch: 4, Batch: 100, Acc: 55.55%, Loss: 1.3875
Epoch: 4, Batch: 110, Acc: 55.48%, Loss: 1.3336
Epoch: 4, Batch: 120, Acc: 55.47%, Loss: 1.3250
Epoch: 4, Batch: 130, Acc: 55.82%, Loss: 1.2845
Epoch: 4, Batch: 140, Acc: 55.95%, Loss: 1.3214
Epoch: 4, Batch: 150, Acc: 55.98%, Loss: 1.3171
Epoch: 4, Batch: 160, Acc: 55.99%, Loss: 1.3278
Epoch: 4, Batch: 170, Acc: 55.76%, Loss: 1.3613
Epoch: 4, Batch: 180, Acc: 55.95%, Loss: 1.2762
Epoch: 4, Batch: 190, Acc: 55.93%, Loss: 1.2748
Epoch: 4, Batch: 200, Acc: 55.91%, Loss: 1.3615
Epoch: 4, Batch: 210, Acc: 55.89%, Loss: 1.3297
Epoch: 4, Batch: 220, Acc: 55.94%, Loss: 1.3199
Epoch: 4, Batch: 230, Acc: 55.95%, Loss: 1.3164
Epoch: 4, Batch: 240, Acc: 56.02%, Loss: 1.3102
Epoch: 4, Batch: 250, Acc: 56.07%, Loss: 1.3040
Epoch: 4, Batch: 260, Acc: 56.20%, Loss: 1.2616
Epoch: 4, Batch: 270, Acc: 56.24%, Loss: 1.2701
Epoch: 4, Batch: 280, Acc: 56.34%, Loss: 1.2588
Epoch: 4, Batch: 290, Acc: 56.36%, Loss: 1.2473
Epoch: 4, Batch: 300, Acc: 56.31%, Loss: 1.3288
Epoch: 4, Batch: 310, Acc: 56.38%, Loss: 1.3140
Epoch: 4, Batch: 320, Acc: 56.33%, Loss: 1.2864
Epoch: 4, Batch: 330, Acc: 56.32%, Loss: 1.3418
Epoch: 4, Batch: 340, Acc: 56.41%, Loss: 1.2582
Epoch: 4, Batch: 350, Acc: 56.45%, Loss: 1.2764
Epoch: 4, Batch: 360, Acc: 56.48%, Loss: 1.3432
Epoch: 4, Batch: 370, Acc: 56.50%, Loss: 1.2857
Epoch: 4, Batch: 380, Acc: 56.56%, Loss: 1.2642
Epoch: 4, Batch: 390, Acc: 56.61%, Loss: 1.3269
Epoch: 4, Batch: 400, Acc: 56.64%, Loss: 1.3253
Epoch: 4, Batch: 410, Acc: 56.58%, Loss: 1.3082
Epoch: 4, Batch: 420, Acc: 56.60%, Loss: 1.2710
Epoch: 4, Batch: 430, Acc: 56.57%, Loss: 1.3159
Epoch: 4, Batch: 440, Acc: 56.60%, Loss: 1.2406
Epoch: 4, Batch: 450, Acc: 56.62%, Loss: 1.3016
Epoch: 4, Batch: 460, Acc: 56.67%, Loss: 1.2896
Epoch: 4, Batch: 470, Acc: 56.74%, Loss: 1.2505
Epoch: 4, Batch: 480, Acc: 56.72%, Loss: 1.3190
Epoch: 4, Batch: 490, Acc: 56.70%, Loss: 1.2618
Epoch: 4, Batch: 500, Acc: 56.73%, Loss: 1.2677
Epoch: 4, Batch: 510, Acc: 56.71%, Loss: 1.3245
Epoch: 4, Batch: 520, Acc: 56.68%, Loss: 1.2786
Epoch: 4, Batch: 530, Acc: 56.72%, Loss: 1.2739
Epoch: 4, Batch: 540, Acc: 56.59%, Loss: 1.4168
Epoch: 4, Batch: 550, Acc: 56.62%, Loss: 1.3380
Epoch: 4, Batch: 560, Acc: 56.62%, Loss: 1.3495
Epoch: 4, Batch: 570, Acc: 56.65%, Loss: 1.3240
Epoch: 4, Batch: 580, Acc: 56.64%, Loss: 1.2898
Epoch: 4, Batch: 590, Acc: 56.64%, Loss: 1.3300
Epoch: 4, Batch: 600, Acc: 56.63%, Loss: 1.2887
Epoch: 4, Batch: 610, Acc: 56.60%, Loss: 1.3084
Epoch: 4, Batch: 620, Acc: 56.59%, Loss: 1.2808
Epoch: 4, Batch: 630, Acc: 56.59%, Loss: 1.2920
Epoch: 4, Batch: 640, Acc: 56.60%, Loss: 1.3084
Epoch: 4, Batch: 650, Acc: 56.60%, Loss: 1.3052
Epoch: 4, Batch: 660, Acc: 56.63%, Loss: 1.2335
Epoch: 4, Batch: 670, Acc: 56.65%, Loss: 1.3256
Epoch: 4, Batch: 680, Acc: 56.64%, Loss: 1.3190
Epoch: 4, Batch: 690, Acc: 56.73%, Loss: 1.2357
Epoch: 4, Batch: 700, Acc: 56.73%, Loss: 1.3124
Epoch: 4, Batch: 710, Acc: 56.73%, Loss: 1.2691
Epoch: 4, Batch: 720, Acc: 56.70%, Loss: 1.3627
Epoch: 4, Batch: 730, Acc: 56.75%, Loss: 1.2187
Epoch: 4, Batch: 740, Acc: 56.74%, Loss: 1.3220
Epoch: 4, Batch: 750, Acc: 56.82%, Loss: 1.1533
Epoch: 4, Batch: 760, Acc: 56.81%, Loss: 1.3117
Epoch: 4, Batch: 770, Acc: 56.81%, Loss: 1.2939
Epoch: 4, Batch: 780, Acc: 56.82%, Loss: 1.2974
Epoch: 4, Batch: 790, Acc: 56.78%, Loss: 1.3404
Epoch: 4, Batch: 800, Acc: 56.77%, Loss: 1.3165
Epoch: 4, Batch: 810, Acc: 56.78%, Loss: 1.2760
Epoch: 4, Batch: 820, Acc: 56.83%, Loss: 1.2515
Epoch: 4, Batch: 830, Acc: 56.82%, Loss: 1.2889
Epoch: 4, Batch: 840, Acc: 56.83%, Loss: 1.2714
Epoch: 4, Batch: 850, Acc: 56.80%, Loss: 1.3008
Epoch: 4, Batch: 860, Acc: 56.82%, Loss: 1.2766
Epoch: 4, Batch: 870, Acc: 56.84%, Loss: 1.2485
Epoch: 4, Batch: 880, Acc: 56.86%, Loss: 1.2088
Epoch: 4, Batch: 890, Acc: 56.89%, Loss: 1.2712
Epoch: 4, Batch: 900, Acc: 56.91%, Loss: 1.2592
Epoch: 4, Batch: 910, Acc: 56.95%, Loss: 1.2507
Epoch: 4, Batch: 920, Acc: 56.90%, Loss: 1.3550
Epoch: 4, Batch: 930, Acc: 56.94%, Loss: 1.2326
Accuracy on test set: 59.66%
Epoch: 5, Batch: 10, Acc: 58.28%, Loss: 1.2768
Epoch: 5, Batch: 20, Acc: 57.66%, Loss: 1.2848
Epoch: 5, Batch: 30, Acc: 58.75%, Loss: 1.2639
Epoch: 5, Batch: 40, Acc: 58.75%, Loss: 1.2531
Epoch: 5, Batch: 50, Acc: 58.78%, Loss: 1.2363
Epoch: 5, Batch: 60, Acc: 58.67%, Loss: 1.3024
Epoch: 5, Batch: 70, Acc: 58.28%, Loss: 1.3509
Epoch: 5, Batch: 80, Acc: 58.24%, Loss: 1.2852
Epoch: 5, Batch: 90, Acc: 57.95%, Loss: 1.3172
Epoch: 5, Batch: 100, Acc: 58.03%, Loss: 1.2403
Epoch: 5, Batch: 110, Acc: 57.93%, Loss: 1.2939
Epoch: 5, Batch: 120, Acc: 58.01%, Loss: 1.2299
Epoch: 5, Batch: 130, Acc: 57.85%, Loss: 1.2525
Epoch: 5, Batch: 140, Acc: 57.73%, Loss: 1.3120
Epoch: 5, Batch: 150, Acc: 57.67%, Loss: 1.2572
Epoch: 5, Batch: 160, Acc: 57.89%, Loss: 1.2298
Epoch: 5, Batch: 170, Acc: 57.90%, Loss: 1.2735
Epoch: 5, Batch: 180, Acc: 57.92%, Loss: 1.2853
Epoch: 5, Batch: 190, Acc: 57.88%, Loss: 1.2922
Epoch: 5, Batch: 200, Acc: 57.96%, Loss: 1.2258
Epoch: 5, Batch: 210, Acc: 57.94%, Loss: 1.2720
Epoch: 5, Batch: 220, Acc: 57.88%, Loss: 1.2581
Epoch: 5, Batch: 230, Acc: 57.98%, Loss: 1.2483
Epoch: 5, Batch: 240, Acc: 58.05%, Loss: 1.3001
Epoch: 5, Batch: 250, Acc: 58.12%, Loss: 1.2203
Epoch: 5, Batch: 260, Acc: 58.01%, Loss: 1.3191
Epoch: 5, Batch: 270, Acc: 58.02%, Loss: 1.2484
Epoch: 5, Batch: 280, Acc: 58.00%, Loss: 1.2425
Epoch: 5, Batch: 290, Acc: 58.02%, Loss: 1.2322
Epoch: 5, Batch: 300, Acc: 57.98%, Loss: 1.2555
Epoch: 5, Batch: 310, Acc: 58.08%, Loss: 1.2454
Epoch: 5, Batch: 320, Acc: 58.13%, Loss: 1.2252
Epoch: 5, Batch: 330, Acc: 58.07%, Loss: 1.3398
Epoch: 5, Batch: 340, Acc: 58.09%, Loss: 1.2207
Epoch: 5, Batch: 350, Acc: 58.15%, Loss: 1.1710
Epoch: 5, Batch: 360, Acc: 58.11%, Loss: 1.2259
Epoch: 5, Batch: 370, Acc: 58.06%, Loss: 1.2549
Epoch: 5, Batch: 380, Acc: 58.14%, Loss: 1.1771
Epoch: 5, Batch: 390, Acc: 58.09%, Loss: 1.2759
Epoch: 5, Batch: 400, Acc: 58.05%, Loss: 1.2650
Epoch: 5, Batch: 410, Acc: 58.04%, Loss: 1.3105
Epoch: 5, Batch: 420, Acc: 58.05%, Loss: 1.2750
Epoch: 5, Batch: 430, Acc: 58.04%, Loss: 1.2708
Epoch: 5, Batch: 440, Acc: 58.09%, Loss: 1.2146
Epoch: 5, Batch: 450, Acc: 58.10%, Loss: 1.2354
Epoch: 5, Batch: 460, Acc: 58.19%, Loss: 1.2013
Epoch: 5, Batch: 470, Acc: 58.19%, Loss: 1.2239
Epoch: 5, Batch: 480, Acc: 58.21%, Loss: 1.2847
Epoch: 5, Batch: 490, Acc: 58.24%, Loss: 1.2539
Epoch: 5, Batch: 500, Acc: 58.29%, Loss: 1.2158
Epoch: 5, Batch: 510, Acc: 58.31%, Loss: 1.2468
Epoch: 5, Batch: 520, Acc: 58.27%, Loss: 1.3072
Epoch: 5, Batch: 530, Acc: 58.34%, Loss: 1.1869
Epoch: 5, Batch: 540, Acc: 58.36%, Loss: 1.2634
Epoch: 5, Batch: 550, Acc: 58.32%, Loss: 1.2319
Epoch: 5, Batch: 560, Acc: 58.31%, Loss: 1.2442
Epoch: 5, Batch: 570, Acc: 58.31%, Loss: 1.2176
Epoch: 5, Batch: 580, Acc: 58.28%, Loss: 1.2509
Epoch: 5, Batch: 590, Acc: 58.32%, Loss: 1.2445
Epoch: 5, Batch: 600, Acc: 58.34%, Loss: 1.2313
Epoch: 5, Batch: 610, Acc: 58.33%, Loss: 1.2458
Epoch: 5, Batch: 620, Acc: 58.36%, Loss: 1.1820
Epoch: 5, Batch: 630, Acc: 58.40%, Loss: 1.2180
Epoch: 5, Batch: 640, Acc: 58.43%, Loss: 1.2360
Epoch: 5, Batch: 650, Acc: 58.44%, Loss: 1.2591
Epoch: 5, Batch: 660, Acc: 58.41%, Loss: 1.2801
Epoch: 5, Batch: 670, Acc: 58.43%, Loss: 1.2531
Epoch: 5, Batch: 680, Acc: 58.46%, Loss: 1.2152
Epoch: 5, Batch: 690, Acc: 58.49%, Loss: 1.2124
Epoch: 5, Batch: 700, Acc: 58.47%, Loss: 1.2758
Epoch: 5, Batch: 710, Acc: 58.41%, Loss: 1.2761
Epoch: 5, Batch: 720, Acc: 58.39%, Loss: 1.2596
Epoch: 5, Batch: 730, Acc: 58.43%, Loss: 1.2323
Epoch: 5, Batch: 740, Acc: 58.46%, Loss: 1.2240
Epoch: 5, Batch: 750, Acc: 58.45%, Loss: 1.2607
Epoch: 5, Batch: 760, Acc: 58.46%, Loss: 1.2396
Epoch: 5, Batch: 770, Acc: 58.46%, Loss: 1.2511
Epoch: 5, Batch: 780, Acc: 58.49%, Loss: 1.2090
Epoch: 5, Batch: 790, Acc: 58.47%, Loss: 1.2749
Epoch: 5, Batch: 800, Acc: 58.48%, Loss: 1.2343
Epoch: 5, Batch: 810, Acc: 58.50%, Loss: 1.2177
Epoch: 5, Batch: 820, Acc: 58.53%, Loss: 1.2387
Epoch: 5, Batch: 830, Acc: 58.51%, Loss: 1.2309
Epoch: 5, Batch: 840, Acc: 58.53%, Loss: 1.1723
Epoch: 5, Batch: 850, Acc: 58.53%, Loss: 1.2360
Epoch: 5, Batch: 860, Acc: 58.54%, Loss: 1.2402
Epoch: 5, Batch: 870, Acc: 58.53%, Loss: 1.2369
Epoch: 5, Batch: 880, Acc: 58.52%, Loss: 1.2571
Epoch: 5, Batch: 890, Acc: 58.54%, Loss: 1.2629
Epoch: 5, Batch: 900, Acc: 58.53%, Loss: 1.2522
Epoch: 5, Batch: 910, Acc: 58.54%, Loss: 1.2119
Epoch: 5, Batch: 920, Acc: 58.55%, Loss: 1.1901
Epoch: 5, Batch: 930, Acc: 58.56%, Loss: 1.2455
Accuracy on test set: 61.15%
Epoch: 6, Batch: 10, Acc: 58.75%, Loss: 1.2225
Epoch: 6, Batch: 20, Acc: 59.38%, Loss: 1.2337
Epoch: 6, Batch: 30, Acc: 59.11%, Loss: 1.2274
Epoch: 6, Batch: 40, Acc: 59.18%, Loss: 1.2594
Epoch: 6, Batch: 50, Acc: 59.53%, Loss: 1.2148
Epoch: 6, Batch: 60, Acc: 59.43%, Loss: 1.2360
Epoch: 6, Batch: 70, Acc: 59.35%, Loss: 1.1919
Epoch: 6, Batch: 80, Acc: 59.53%, Loss: 1.1801
Epoch: 6, Batch: 90, Acc: 59.24%, Loss: 1.2242
Epoch: 6, Batch: 100, Acc: 59.53%, Loss: 1.1519
Epoch: 6, Batch: 110, Acc: 59.60%, Loss: 1.2217
Epoch: 6, Batch: 120, Acc: 59.58%, Loss: 1.2015
Epoch: 6, Batch: 130, Acc: 59.66%, Loss: 1.2248
Epoch: 6, Batch: 140, Acc: 59.77%, Loss: 1.1662
Epoch: 6, Batch: 150, Acc: 59.92%, Loss: 1.2139
Epoch: 6, Batch: 160, Acc: 59.95%, Loss: 1.2523
Epoch: 6, Batch: 170, Acc: 59.88%, Loss: 1.2434
Epoch: 6, Batch: 180, Acc: 59.75%, Loss: 1.2671
Epoch: 6, Batch: 190, Acc: 59.69%, Loss: 1.1970
Epoch: 6, Batch: 200, Acc: 59.69%, Loss: 1.2372
Epoch: 6, Batch: 210, Acc: 59.75%, Loss: 1.1372
Epoch: 6, Batch: 220, Acc: 59.51%, Loss: 1.3128
Epoch: 6, Batch: 230, Acc: 59.57%, Loss: 1.2108
Epoch: 6, Batch: 240, Acc: 59.53%, Loss: 1.2254
Epoch: 6, Batch: 250, Acc: 59.58%, Loss: 1.2087
Epoch: 6, Batch: 260, Acc: 59.56%, Loss: 1.1977
Epoch: 6, Batch: 270, Acc: 59.61%, Loss: 1.1708
Epoch: 6, Batch: 280, Acc: 59.60%, Loss: 1.2542
Epoch: 6, Batch: 290, Acc: 59.66%, Loss: 1.2167
Epoch: 6, Batch: 300, Acc: 59.72%, Loss: 1.2041
Epoch: 6, Batch: 310, Acc: 59.77%, Loss: 1.1860
Epoch: 6, Batch: 320, Acc: 59.85%, Loss: 1.2149
Epoch: 6, Batch: 330, Acc: 59.82%, Loss: 1.2397
Epoch: 6, Batch: 340, Acc: 59.77%, Loss: 1.1939
Epoch: 6, Batch: 350, Acc: 59.78%, Loss: 1.1670
Epoch: 6, Batch: 360, Acc: 59.75%, Loss: 1.2519
Epoch: 6, Batch: 370, Acc: 59.71%, Loss: 1.2310
Epoch: 6, Batch: 380, Acc: 59.81%, Loss: 1.1735
Epoch: 6, Batch: 390, Acc: 59.88%, Loss: 1.1886
Epoch: 6, Batch: 400, Acc: 59.86%, Loss: 1.2174
Epoch: 6, Batch: 410, Acc: 59.84%, Loss: 1.2067
Epoch: 6, Batch: 420, Acc: 59.78%, Loss: 1.2223
Epoch: 6, Batch: 430, Acc: 59.76%, Loss: 1.2392
Epoch: 6, Batch: 440, Acc: 59.74%, Loss: 1.2167
Epoch: 6, Batch: 450, Acc: 59.73%, Loss: 1.1949
Epoch: 6, Batch: 460, Acc: 59.84%, Loss: 1.1496
Epoch: 6, Batch: 470, Acc: 59.86%, Loss: 1.2048
Epoch: 6, Batch: 480, Acc: 59.94%, Loss: 1.1732
Epoch: 6, Batch: 490, Acc: 59.98%, Loss: 1.1820
Epoch: 6, Batch: 500, Acc: 59.88%, Loss: 1.3145
Epoch: 6, Batch: 510, Acc: 59.96%, Loss: 1.1762
Epoch: 6, Batch: 520, Acc: 59.98%, Loss: 1.1772
Epoch: 6, Batch: 530, Acc: 59.99%, Loss: 1.2106
Epoch: 6, Batch: 540, Acc: 60.01%, Loss: 1.1498
Epoch: 6, Batch: 550, Acc: 60.04%, Loss: 1.1828
Epoch: 6, Batch: 560, Acc: 60.10%, Loss: 1.1346
Epoch: 6, Batch: 570, Acc: 60.04%, Loss: 1.2332
Epoch: 6, Batch: 580, Acc: 60.04%, Loss: 1.2603
Epoch: 6, Batch: 590, Acc: 60.05%, Loss: 1.2082
Epoch: 6, Batch: 600, Acc: 60.08%, Loss: 1.2091
Epoch: 6, Batch: 610, Acc: 60.07%, Loss: 1.2326
Epoch: 6, Batch: 620, Acc: 60.09%, Loss: 1.1779
Epoch: 6, Batch: 630, Acc: 60.11%, Loss: 1.1817
Epoch: 6, Batch: 640, Acc: 60.11%, Loss: 1.2246
Epoch: 6, Batch: 650, Acc: 60.11%, Loss: 1.1632
Epoch: 6, Batch: 660, Acc: 60.08%, Loss: 1.2699
Epoch: 6, Batch: 670, Acc: 60.06%, Loss: 1.2401
Epoch: 6, Batch: 680, Acc: 60.05%, Loss: 1.2403
Epoch: 6, Batch: 690, Acc: 60.02%, Loss: 1.2873
Epoch: 6, Batch: 700, Acc: 60.01%, Loss: 1.2074
Epoch: 6, Batch: 710, Acc: 60.03%, Loss: 1.2026
Epoch: 6, Batch: 720, Acc: 60.05%, Loss: 1.1629
Epoch: 6, Batch: 730, Acc: 60.05%, Loss: 1.2052
Epoch: 6, Batch: 740, Acc: 60.05%, Loss: 1.2058
Epoch: 6, Batch: 750, Acc: 60.05%, Loss: 1.2373
Epoch: 6, Batch: 760, Acc: 60.05%, Loss: 1.1841
Epoch: 6, Batch: 770, Acc: 60.01%, Loss: 1.2634
Epoch: 6, Batch: 780, Acc: 60.02%, Loss: 1.2125
Epoch: 6, Batch: 790, Acc: 60.01%, Loss: 1.1703
Epoch: 6, Batch: 800, Acc: 60.01%, Loss: 1.1725
Epoch: 6, Batch: 810, Acc: 60.02%, Loss: 1.2240
Epoch: 6, Batch: 820, Acc: 59.99%, Loss: 1.2246
Epoch: 6, Batch: 830, Acc: 60.00%, Loss: 1.2012
Epoch: 6, Batch: 840, Acc: 60.03%, Loss: 1.1308
Epoch: 6, Batch: 850, Acc: 60.09%, Loss: 1.1355
Epoch: 6, Batch: 860, Acc: 60.06%, Loss: 1.2249
Epoch: 6, Batch: 870, Acc: 60.07%, Loss: 1.2230
Epoch: 6, Batch: 880, Acc: 60.09%, Loss: 1.1717
Epoch: 6, Batch: 890, Acc: 60.06%, Loss: 1.2135
Epoch: 6, Batch: 900, Acc: 60.07%, Loss: 1.1937
Epoch: 6, Batch: 910, Acc: 60.03%, Loss: 1.2134
Epoch: 6, Batch: 920, Acc: 60.05%, Loss: 1.1953
Epoch: 6, Batch: 930, Acc: 60.08%, Loss: 1.1292
Accuracy on test set: 62.52%
Epoch: 7, Batch: 10, Acc: 63.75%, Loss: 1.0927
Epoch: 7, Batch: 20, Acc: 61.02%, Loss: 1.2357
Epoch: 7, Batch: 30, Acc: 60.68%, Loss: 1.1911
Epoch: 7, Batch: 40, Acc: 61.45%, Loss: 1.1729
Epoch: 7, Batch: 50, Acc: 61.44%, Loss: 1.1254
Epoch: 7, Batch: 60, Acc: 60.68%, Loss: 1.2834
Epoch: 7, Batch: 70, Acc: 60.94%, Loss: 1.1880
Epoch: 7, Batch: 80, Acc: 61.05%, Loss: 1.1655
Epoch: 7, Batch: 90, Acc: 61.08%, Loss: 1.1816
Epoch: 7, Batch: 100, Acc: 61.23%, Loss: 1.1829
Epoch: 7, Batch: 110, Acc: 61.19%, Loss: 1.1827
Epoch: 7, Batch: 120, Acc: 60.82%, Loss: 1.2238
Epoch: 7, Batch: 130, Acc: 60.83%, Loss: 1.1946
Epoch: 7, Batch: 140, Acc: 61.04%, Loss: 1.1210
Epoch: 7, Batch: 150, Acc: 61.15%, Loss: 1.1900
Epoch: 7, Batch: 160, Acc: 61.07%, Loss: 1.1552
Epoch: 7, Batch: 170, Acc: 61.35%, Loss: 1.1278
Epoch: 7, Batch: 180, Acc: 61.29%, Loss: 1.2152
Epoch: 7, Batch: 190, Acc: 61.37%, Loss: 1.1564
Epoch: 7, Batch: 200, Acc: 61.39%, Loss: 1.1393
Epoch: 7, Batch: 210, Acc: 61.31%, Loss: 1.1983
Epoch: 7, Batch: 220, Acc: 61.30%, Loss: 1.2047
Epoch: 7, Batch: 230, Acc: 61.26%, Loss: 1.2152
Epoch: 7, Batch: 240, Acc: 61.18%, Loss: 1.1755
Epoch: 7, Batch: 250, Acc: 61.34%, Loss: 1.1318
Epoch: 7, Batch: 260, Acc: 61.51%, Loss: 1.0781
Epoch: 7, Batch: 270, Acc: 61.49%, Loss: 1.1978
Epoch: 7, Batch: 280, Acc: 61.50%, Loss: 1.2495
Epoch: 7, Batch: 290, Acc: 61.52%, Loss: 1.1722
Epoch: 7, Batch: 300, Acc: 61.49%, Loss: 1.1687
Epoch: 7, Batch: 310, Acc: 61.39%, Loss: 1.2107
Epoch: 7, Batch: 320, Acc: 61.37%, Loss: 1.1808
Epoch: 7, Batch: 330, Acc: 61.30%, Loss: 1.2152
Epoch: 7, Batch: 340, Acc: 61.42%, Loss: 1.1502
Epoch: 7, Batch: 350, Acc: 61.40%, Loss: 1.2293
Epoch: 7, Batch: 360, Acc: 61.35%, Loss: 1.1999
Epoch: 7, Batch: 370, Acc: 61.39%, Loss: 1.1467
Epoch: 7, Batch: 380, Acc: 61.36%, Loss: 1.1626
Epoch: 7, Batch: 390, Acc: 61.48%, Loss: 1.0867
Epoch: 7, Batch: 400, Acc: 61.50%, Loss: 1.1818
Epoch: 7, Batch: 410, Acc: 61.45%, Loss: 1.1969
Epoch: 7, Batch: 420, Acc: 61.37%, Loss: 1.1673
Epoch: 7, Batch: 430, Acc: 61.41%, Loss: 1.1431
Epoch: 7, Batch: 440, Acc: 61.37%, Loss: 1.2153
Epoch: 7, Batch: 450, Acc: 61.43%, Loss: 1.0750
Epoch: 7, Batch: 460, Acc: 61.42%, Loss: 1.2122
Epoch: 7, Batch: 470, Acc: 61.50%, Loss: 1.1140
Epoch: 7, Batch: 480, Acc: 61.58%, Loss: 1.0945
Epoch: 7, Batch: 490, Acc: 61.61%, Loss: 1.1344
Epoch: 7, Batch: 500, Acc: 61.58%, Loss: 1.1895
Epoch: 7, Batch: 510, Acc: 61.57%, Loss: 1.1866
Epoch: 7, Batch: 520, Acc: 61.61%, Loss: 1.1315
Epoch: 7, Batch: 530, Acc: 61.70%, Loss: 1.0950
Epoch: 7, Batch: 540, Acc: 61.68%, Loss: 1.2166
Epoch: 7, Batch: 550, Acc: 61.69%, Loss: 1.1345
Epoch: 7, Batch: 560, Acc: 61.72%, Loss: 1.1402
Epoch: 7, Batch: 570, Acc: 61.68%, Loss: 1.2382
Epoch: 7, Batch: 580, Acc: 61.67%, Loss: 1.1423
Epoch: 7, Batch: 590, Acc: 61.64%, Loss: 1.2148
Epoch: 7, Batch: 600, Acc: 61.61%, Loss: 1.2178
Epoch: 7, Batch: 610, Acc: 61.59%, Loss: 1.2028
Epoch: 7, Batch: 620, Acc: 61.61%, Loss: 1.1923
Epoch: 7, Batch: 630, Acc: 61.64%, Loss: 1.1410
Epoch: 7, Batch: 640, Acc: 61.68%, Loss: 1.1211
Epoch: 7, Batch: 650, Acc: 61.69%, Loss: 1.1703
Epoch: 7, Batch: 660, Acc: 61.72%, Loss: 1.2454
Epoch: 7, Batch: 670, Acc: 61.75%, Loss: 1.0966
Epoch: 7, Batch: 680, Acc: 61.77%, Loss: 1.1576
Epoch: 7, Batch: 690, Acc: 61.74%, Loss: 1.1889
Epoch: 7, Batch: 700, Acc: 61.71%, Loss: 1.2507
Epoch: 7, Batch: 710, Acc: 61.66%, Loss: 1.2119
Epoch: 7, Batch: 720, Acc: 61.66%, Loss: 1.1520
Epoch: 7, Batch: 730, Acc: 61.68%, Loss: 1.1158
Epoch: 7, Batch: 740, Acc: 61.73%, Loss: 1.1152
Epoch: 7, Batch: 750, Acc: 61.72%, Loss: 1.1610
Epoch: 7, Batch: 760, Acc: 61.72%, Loss: 1.1579
Epoch: 7, Batch: 770, Acc: 61.70%, Loss: 1.1814
Epoch: 7, Batch: 780, Acc: 61.69%, Loss: 1.2154
Epoch: 7, Batch: 790, Acc: 61.66%, Loss: 1.1931
Epoch: 7, Batch: 800, Acc: 61.62%, Loss: 1.1646
Epoch: 7, Batch: 810, Acc: 61.62%, Loss: 1.1749
Epoch: 7, Batch: 820, Acc: 61.57%, Loss: 1.1945
Epoch: 7, Batch: 830, Acc: 61.55%, Loss: 1.2124
Epoch: 7, Batch: 840, Acc: 61.55%, Loss: 1.1648
Epoch: 7, Batch: 850, Acc: 61.56%, Loss: 1.1750
Epoch: 7, Batch: 860, Acc: 61.54%, Loss: 1.2125
Epoch: 7, Batch: 870, Acc: 61.58%, Loss: 1.1069
Epoch: 7, Batch: 880, Acc: 61.57%, Loss: 1.1497
Epoch: 7, Batch: 890, Acc: 61.60%, Loss: 1.1239
Epoch: 7, Batch: 900, Acc: 61.66%, Loss: 1.0659
Epoch: 7, Batch: 910, Acc: 61.71%, Loss: 1.1500
Epoch: 7, Batch: 920, Acc: 61.68%, Loss: 1.1949
Epoch: 7, Batch: 930, Acc: 61.69%, Loss: 1.0834
Accuracy on test set: 64.18%
Epoch: 8, Batch: 10, Acc: 61.88%, Loss: 1.1628
Epoch: 8, Batch: 20, Acc: 61.41%, Loss: 1.1554
Epoch: 8, Batch: 30, Acc: 61.30%, Loss: 1.1582
Epoch: 8, Batch: 40, Acc: 61.68%, Loss: 1.1151
Epoch: 8, Batch: 50, Acc: 61.66%, Loss: 1.1450
Epoch: 8, Batch: 60, Acc: 61.69%, Loss: 1.0975
Epoch: 8, Batch: 70, Acc: 61.65%, Loss: 1.1872
Epoch: 8, Batch: 80, Acc: 61.91%, Loss: 1.1659
Epoch: 8, Batch: 90, Acc: 62.55%, Loss: 1.0404
Epoch: 8, Batch: 100, Acc: 62.17%, Loss: 1.1733
Epoch: 8, Batch: 110, Acc: 61.79%, Loss: 1.2064
Epoch: 8, Batch: 120, Acc: 61.94%, Loss: 1.1124
Epoch: 8, Batch: 130, Acc: 61.97%, Loss: 1.1218
Epoch: 8, Batch: 140, Acc: 61.88%, Loss: 1.1614
Epoch: 8, Batch: 150, Acc: 61.69%, Loss: 1.1621
Epoch: 8, Batch: 160, Acc: 61.82%, Loss: 1.1069
Epoch: 8, Batch: 170, Acc: 61.93%, Loss: 1.0882
Epoch: 8, Batch: 180, Acc: 61.97%, Loss: 1.1518
Epoch: 8, Batch: 190, Acc: 61.90%, Loss: 1.1814
Epoch: 8, Batch: 200, Acc: 62.02%, Loss: 1.1509
Epoch: 8, Batch: 210, Acc: 62.12%, Loss: 1.1166
Epoch: 8, Batch: 220, Acc: 62.19%, Loss: 1.1007
Epoch: 8, Batch: 230, Acc: 62.26%, Loss: 1.1468
Epoch: 8, Batch: 240, Acc: 62.28%, Loss: 1.1257
Epoch: 8, Batch: 250, Acc: 62.42%, Loss: 1.1151
Epoch: 8, Batch: 260, Acc: 62.44%, Loss: 1.1139
Epoch: 8, Batch: 270, Acc: 62.43%, Loss: 1.1320
Epoch: 8, Batch: 280, Acc: 62.34%, Loss: 1.2464
Epoch: 8, Batch: 290, Acc: 62.34%, Loss: 1.1449
Epoch: 8, Batch: 300, Acc: 62.38%, Loss: 1.1247
Epoch: 8, Batch: 310, Acc: 62.39%, Loss: 1.1720
Epoch: 8, Batch: 320, Acc: 62.32%, Loss: 1.1398
Epoch: 8, Batch: 330, Acc: 62.40%, Loss: 1.0963
Epoch: 8, Batch: 340, Acc: 62.45%, Loss: 1.1362
Epoch: 8, Batch: 350, Acc: 62.48%, Loss: 1.0961
Epoch: 8, Batch: 360, Acc: 62.55%, Loss: 1.1079
Epoch: 8, Batch: 370, Acc: 62.54%, Loss: 1.1624
Epoch: 8, Batch: 380, Acc: 62.53%, Loss: 1.1290
Epoch: 8, Batch: 390, Acc: 62.52%, Loss: 1.1731
Epoch: 8, Batch: 400, Acc: 62.59%, Loss: 1.0601
Epoch: 8, Batch: 410, Acc: 62.67%, Loss: 1.1219
Epoch: 8, Batch: 420, Acc: 62.71%, Loss: 1.1094
Epoch: 8, Batch: 430, Acc: 62.71%, Loss: 1.1321
Epoch: 8, Batch: 440, Acc: 62.76%, Loss: 1.0909
Epoch: 8, Batch: 450, Acc: 62.82%, Loss: 1.0865
Epoch: 8, Batch: 460, Acc: 62.80%, Loss: 1.1490
Epoch: 8, Batch: 470, Acc: 62.76%, Loss: 1.1456
Epoch: 8, Batch: 480, Acc: 62.77%, Loss: 1.1165
Epoch: 8, Batch: 490, Acc: 62.76%, Loss: 1.1474
Epoch: 8, Batch: 500, Acc: 62.75%, Loss: 1.1540
Epoch: 8, Batch: 510, Acc: 62.78%, Loss: 1.1225
Epoch: 8, Batch: 520, Acc: 62.77%, Loss: 1.1239
Epoch: 8, Batch: 530, Acc: 62.73%, Loss: 1.2259
Epoch: 8, Batch: 540, Acc: 62.77%, Loss: 1.1356
Epoch: 8, Batch: 550, Acc: 62.81%, Loss: 1.0819
Epoch: 8, Batch: 560, Acc: 62.83%, Loss: 1.1539
Epoch: 8, Batch: 570, Acc: 62.86%, Loss: 1.0908
Epoch: 8, Batch: 580, Acc: 62.86%, Loss: 1.1549
Epoch: 8, Batch: 590, Acc: 62.83%, Loss: 1.1676
Epoch: 8, Batch: 600, Acc: 62.85%, Loss: 1.0857
Epoch: 8, Batch: 610, Acc: 62.89%, Loss: 1.1227
Epoch: 8, Batch: 620, Acc: 62.90%, Loss: 1.1435
Epoch: 8, Batch: 630, Acc: 62.90%, Loss: 1.1050
Epoch: 8, Batch: 640, Acc: 62.85%, Loss: 1.2288
Epoch: 8, Batch: 650, Acc: 62.84%, Loss: 1.1952
Epoch: 8, Batch: 660, Acc: 62.87%, Loss: 1.1134
Epoch: 8, Batch: 670, Acc: 62.88%, Loss: 1.1201
Epoch: 8, Batch: 680, Acc: 62.87%, Loss: 1.1777
Epoch: 8, Batch: 690, Acc: 62.87%, Loss: 1.1739
Epoch: 8, Batch: 700, Acc: 62.86%, Loss: 1.1362
Epoch: 8, Batch: 710, Acc: 62.85%, Loss: 1.1148
Epoch: 8, Batch: 720, Acc: 62.87%, Loss: 1.0677
Epoch: 8, Batch: 730, Acc: 62.88%, Loss: 1.1546
Epoch: 8, Batch: 740, Acc: 62.86%, Loss: 1.1769
Epoch: 8, Batch: 750, Acc: 62.86%, Loss: 1.1256
Epoch: 8, Batch: 760, Acc: 62.90%, Loss: 1.1150
Epoch: 8, Batch: 770, Acc: 62.91%, Loss: 1.1133
Epoch: 8, Batch: 780, Acc: 62.93%, Loss: 1.1221
Epoch: 8, Batch: 790, Acc: 62.94%, Loss: 1.1441
Epoch: 8, Batch: 800, Acc: 62.90%, Loss: 1.1864
Epoch: 8, Batch: 810, Acc: 62.90%, Loss: 1.2065
Epoch: 8, Batch: 820, Acc: 62.91%, Loss: 1.1076
Epoch: 8, Batch: 830, Acc: 62.90%, Loss: 1.1218
Epoch: 8, Batch: 840, Acc: 62.91%, Loss: 1.1500
Epoch: 8, Batch: 850, Acc: 62.92%, Loss: 1.1090
Epoch: 8, Batch: 860, Acc: 62.96%, Loss: 1.0561
Epoch: 8, Batch: 870, Acc: 62.97%, Loss: 1.1116
Epoch: 8, Batch: 880, Acc: 62.99%, Loss: 1.0691
Epoch: 8, Batch: 890, Acc: 63.00%, Loss: 1.1131
Epoch: 8, Batch: 900, Acc: 63.00%, Loss: 1.0847
Epoch: 8, Batch: 910, Acc: 63.02%, Loss: 1.0650
Epoch: 8, Batch: 920, Acc: 63.01%, Loss: 1.1404
Epoch: 8, Batch: 930, Acc: 63.04%, Loss: 1.1496
Accuracy on test set: 65.33%
Epoch: 9, Batch: 10, Acc: 61.72%, Loss: 1.1304
Epoch: 9, Batch: 20, Acc: 61.33%, Loss: 1.1974
Epoch: 9, Batch: 30, Acc: 61.77%, Loss: 1.1331
Epoch: 9, Batch: 40, Acc: 61.88%, Loss: 1.1509
Epoch: 9, Batch: 50, Acc: 61.75%, Loss: 1.1612
Epoch: 9, Batch: 60, Acc: 62.68%, Loss: 1.0474
Epoch: 9, Batch: 70, Acc: 63.10%, Loss: 1.0827
Epoch: 9, Batch: 80, Acc: 63.32%, Loss: 1.1299
Epoch: 9, Batch: 90, Acc: 63.61%, Loss: 1.0860
Epoch: 9, Batch: 100, Acc: 63.69%, Loss: 1.0646
Epoch: 9, Batch: 110, Acc: 63.52%, Loss: 1.1213
Epoch: 9, Batch: 120, Acc: 63.42%, Loss: 1.0926
Epoch: 9, Batch: 130, Acc: 63.56%, Loss: 1.0925
Epoch: 9, Batch: 140, Acc: 63.64%, Loss: 1.0793
Epoch: 9, Batch: 150, Acc: 63.74%, Loss: 1.0967
Epoch: 9, Batch: 160, Acc: 63.95%, Loss: 1.0609
Epoch: 9, Batch: 170, Acc: 64.07%, Loss: 1.0580
Epoch: 9, Batch: 180, Acc: 64.01%, Loss: 1.1201
Epoch: 9, Batch: 190, Acc: 64.05%, Loss: 1.1492
Epoch: 9, Batch: 200, Acc: 63.99%, Loss: 1.1214
Epoch: 9, Batch: 210, Acc: 64.03%, Loss: 1.1187
Epoch: 9, Batch: 220, Acc: 63.92%, Loss: 1.1565
Epoch: 9, Batch: 230, Acc: 63.95%, Loss: 1.1163
Epoch: 9, Batch: 240, Acc: 63.89%, Loss: 1.2081
Epoch: 9, Batch: 250, Acc: 63.84%, Loss: 1.1000
Epoch: 9, Batch: 260, Acc: 63.87%, Loss: 1.0891
Epoch: 9, Batch: 270, Acc: 63.92%, Loss: 1.0929
Epoch: 9, Batch: 280, Acc: 63.82%, Loss: 1.2009
Epoch: 9, Batch: 290, Acc: 63.81%, Loss: 1.1099
Epoch: 9, Batch: 300, Acc: 63.83%, Loss: 1.1030
Epoch: 9, Batch: 310, Acc: 63.78%, Loss: 1.1322
Epoch: 9, Batch: 320, Acc: 63.74%, Loss: 1.1316
Epoch: 9, Batch: 330, Acc: 63.69%, Loss: 1.1565
Epoch: 9, Batch: 340, Acc: 63.65%, Loss: 1.1541
Epoch: 9, Batch: 350, Acc: 63.55%, Loss: 1.1870
Epoch: 9, Batch: 360, Acc: 63.49%, Loss: 1.1206
Epoch: 9, Batch: 370, Acc: 63.54%, Loss: 1.0662
Epoch: 9, Batch: 380, Acc: 63.56%, Loss: 1.1214
Epoch: 9, Batch: 390, Acc: 63.59%, Loss: 1.0744
Epoch: 9, Batch: 400, Acc: 63.59%, Loss: 1.1321
Epoch: 9, Batch: 410, Acc: 63.69%, Loss: 1.0334
Epoch: 9, Batch: 420, Acc: 63.69%, Loss: 1.0460
Epoch: 9, Batch: 430, Acc: 63.77%, Loss: 1.0777
Epoch: 9, Batch: 440, Acc: 63.74%, Loss: 1.1206
Epoch: 9, Batch: 450, Acc: 63.74%, Loss: 1.0927
Epoch: 9, Batch: 460, Acc: 63.74%, Loss: 1.1433
Epoch: 9, Batch: 470, Acc: 63.73%, Loss: 1.0662
Epoch: 9, Batch: 480, Acc: 63.79%, Loss: 1.0580
Epoch: 9, Batch: 490, Acc: 63.73%, Loss: 1.2020
Epoch: 9, Batch: 500, Acc: 63.71%, Loss: 1.1276
Epoch: 9, Batch: 510, Acc: 63.69%, Loss: 1.1361
Epoch: 9, Batch: 520, Acc: 63.66%, Loss: 1.0876
Epoch: 9, Batch: 530, Acc: 63.72%, Loss: 1.0812
Epoch: 9, Batch: 540, Acc: 63.69%, Loss: 1.1094
Epoch: 9, Batch: 550, Acc: 63.64%, Loss: 1.1254
Epoch: 9, Batch: 560, Acc: 63.64%, Loss: 1.1399
Epoch: 9, Batch: 570, Acc: 63.67%, Loss: 1.0952
Epoch: 9, Batch: 580, Acc: 63.67%, Loss: 1.0910
Epoch: 9, Batch: 590, Acc: 63.68%, Loss: 1.1010
Epoch: 9, Batch: 600, Acc: 63.64%, Loss: 1.1187
Epoch: 9, Batch: 610, Acc: 63.72%, Loss: 1.0197
Epoch: 9, Batch: 620, Acc: 63.73%, Loss: 1.0601
Epoch: 9, Batch: 630, Acc: 63.75%, Loss: 1.0905
Epoch: 9, Batch: 640, Acc: 63.76%, Loss: 1.1302
Epoch: 9, Batch: 650, Acc: 63.76%, Loss: 1.0577
Epoch: 9, Batch: 660, Acc: 63.73%, Loss: 1.1153
Epoch: 9, Batch: 670, Acc: 63.74%, Loss: 1.0865
Epoch: 9, Batch: 680, Acc: 63.76%, Loss: 1.0680
Epoch: 9, Batch: 690, Acc: 63.75%, Loss: 1.1179
Epoch: 9, Batch: 700, Acc: 63.75%, Loss: 1.1631
Epoch: 9, Batch: 710, Acc: 63.76%, Loss: 1.0930
Epoch: 9, Batch: 720, Acc: 63.79%, Loss: 1.0732
Epoch: 9, Batch: 730, Acc: 63.78%, Loss: 1.0948
Epoch: 9, Batch: 740, Acc: 63.80%, Loss: 1.0743
Epoch: 9, Batch: 750, Acc: 63.84%, Loss: 1.0698
Epoch: 9, Batch: 760, Acc: 63.84%, Loss: 1.0881
Epoch: 9, Batch: 770, Acc: 63.85%, Loss: 1.1029
Epoch: 9, Batch: 780, Acc: 63.86%, Loss: 1.0908
Epoch: 9, Batch: 790, Acc: 63.84%, Loss: 1.1071
Epoch: 9, Batch: 800, Acc: 63.86%, Loss: 1.0921
Epoch: 9, Batch: 810, Acc: 63.86%, Loss: 1.1052
Epoch: 9, Batch: 820, Acc: 63.87%, Loss: 1.0816
Epoch: 9, Batch: 830, Acc: 63.88%, Loss: 1.0730
Epoch: 9, Batch: 840, Acc: 63.88%, Loss: 1.1216
Epoch: 9, Batch: 850, Acc: 63.93%, Loss: 1.0339
Epoch: 9, Batch: 860, Acc: 63.95%, Loss: 1.1010
Epoch: 9, Batch: 870, Acc: 63.91%, Loss: 1.1614
Epoch: 9, Batch: 880, Acc: 63.88%, Loss: 1.1257
Epoch: 9, Batch: 890, Acc: 63.90%, Loss: 1.1033
Epoch: 9, Batch: 900, Acc: 63.95%, Loss: 1.0252
Epoch: 9, Batch: 910, Acc: 63.94%, Loss: 1.0971
Epoch: 9, Batch: 920, Acc: 63.94%, Loss: 1.0674
Epoch: 9, Batch: 930, Acc: 63.92%, Loss: 1.1205
Accuracy on test set: 66.22%
Epoch: 10, Batch: 10, Acc: 63.12%, Loss: 1.1160
Epoch: 10, Batch: 20, Acc: 64.22%, Loss: 1.1130
Epoch: 10, Batch: 30, Acc: 64.48%, Loss: 1.0592
Epoch: 10, Batch: 40, Acc: 64.77%, Loss: 1.0752
Epoch: 10, Batch: 50, Acc: 64.59%, Loss: 1.1002
Epoch: 10, Batch: 60, Acc: 64.66%, Loss: 1.0901
Epoch: 10, Batch: 70, Acc: 64.33%, Loss: 1.1278
Epoch: 10, Batch: 80, Acc: 64.65%, Loss: 1.0578
Epoch: 10, Batch: 90, Acc: 64.41%, Loss: 1.1012
Epoch: 10, Batch: 100, Acc: 64.09%, Loss: 1.1382
Epoch: 10, Batch: 110, Acc: 64.09%, Loss: 1.1338
Epoch: 10, Batch: 120, Acc: 64.00%, Loss: 1.1430
Epoch: 10, Batch: 130, Acc: 63.95%, Loss: 1.1210
Epoch: 10, Batch: 140, Acc: 63.76%, Loss: 1.1547
Epoch: 10, Batch: 150, Acc: 63.90%, Loss: 1.1045
Epoch: 10, Batch: 160, Acc: 64.01%, Loss: 1.0524
Epoch: 10, Batch: 170, Acc: 64.20%, Loss: 0.9938
Epoch: 10, Batch: 180, Acc: 64.23%, Loss: 1.1072
Epoch: 10, Batch: 190, Acc: 64.19%, Loss: 1.1486
Epoch: 10, Batch: 200, Acc: 63.94%, Loss: 1.1613
Epoch: 10, Batch: 210, Acc: 64.15%, Loss: 1.0215
Epoch: 10, Batch: 220, Acc: 64.06%, Loss: 1.1208
Epoch: 10, Batch: 230, Acc: 64.06%, Loss: 1.0869
Epoch: 10, Batch: 240, Acc: 64.17%, Loss: 1.0448
Epoch: 10, Batch: 250, Acc: 64.14%, Loss: 1.0679
Epoch: 10, Batch: 260, Acc: 64.21%, Loss: 1.0688
Epoch: 10, Batch: 270, Acc: 64.22%, Loss: 1.0847
Epoch: 10, Batch: 280, Acc: 64.30%, Loss: 1.0479
Epoch: 10, Batch: 290, Acc: 64.42%, Loss: 1.0912
Epoch: 10, Batch: 300, Acc: 64.55%, Loss: 1.0364
Epoch: 10, Batch: 310, Acc: 64.55%, Loss: 1.0583
Epoch: 10, Batch: 320, Acc: 64.63%, Loss: 1.0690
Epoch: 10, Batch: 330, Acc: 64.64%, Loss: 1.0711
Epoch: 10, Batch: 340, Acc: 64.65%, Loss: 1.1262
Epoch: 10, Batch: 350, Acc: 64.67%, Loss: 1.0251
Epoch: 10, Batch: 360, Acc: 64.65%, Loss: 1.0760
Epoch: 10, Batch: 370, Acc: 64.67%, Loss: 1.0622
Epoch: 10, Batch: 380, Acc: 64.75%, Loss: 1.0190
Epoch: 10, Batch: 390, Acc: 64.70%, Loss: 1.1622
Epoch: 10, Batch: 400, Acc: 64.68%, Loss: 1.1017
Epoch: 10, Batch: 410, Acc: 64.74%, Loss: 1.0410
Epoch: 10, Batch: 420, Acc: 64.65%, Loss: 1.1646
Epoch: 10, Batch: 430, Acc: 64.70%, Loss: 1.0544
Epoch: 10, Batch: 440, Acc: 64.69%, Loss: 1.0795
Epoch: 10, Batch: 450, Acc: 64.75%, Loss: 1.0200
Epoch: 10, Batch: 460, Acc: 64.78%, Loss: 1.0801
Epoch: 10, Batch: 470, Acc: 64.85%, Loss: 1.0452
Epoch: 10, Batch: 480, Acc: 64.84%, Loss: 1.0905
Epoch: 10, Batch: 490, Acc: 64.85%, Loss: 1.0871
Epoch: 10, Batch: 500, Acc: 64.82%, Loss: 1.0529
Epoch: 10, Batch: 510, Acc: 64.81%, Loss: 1.1044
Epoch: 10, Batch: 520, Acc: 64.81%, Loss: 1.0546
Epoch: 10, Batch: 530, Acc: 64.86%, Loss: 1.0151
Epoch: 10, Batch: 540, Acc: 64.84%, Loss: 1.1073
Epoch: 10, Batch: 550, Acc: 64.82%, Loss: 1.0944
Epoch: 10, Batch: 560, Acc: 64.82%, Loss: 1.0439
Epoch: 10, Batch: 570, Acc: 64.81%, Loss: 1.0646
Epoch: 10, Batch: 580, Acc: 64.83%, Loss: 1.0617
Epoch: 10, Batch: 590, Acc: 64.77%, Loss: 1.1130
Epoch: 10, Batch: 600, Acc: 64.82%, Loss: 1.0559
Epoch: 10, Batch: 610, Acc: 64.82%, Loss: 1.0702
Epoch: 10, Batch: 620, Acc: 64.84%, Loss: 1.1072
Epoch: 10, Batch: 630, Acc: 64.85%, Loss: 1.1015
Epoch: 10, Batch: 640, Acc: 64.83%, Loss: 1.0275
Epoch: 10, Batch: 650, Acc: 64.84%, Loss: 1.0683
Epoch: 10, Batch: 660, Acc: 64.82%, Loss: 1.1500
Epoch: 10, Batch: 670, Acc: 64.79%, Loss: 1.1032
Epoch: 10, Batch: 680, Acc: 64.79%, Loss: 1.0995
Epoch: 10, Batch: 690, Acc: 64.78%, Loss: 1.1127
Epoch: 10, Batch: 700, Acc: 64.77%, Loss: 1.1354
Epoch: 10, Batch: 710, Acc: 64.82%, Loss: 0.9950
Epoch: 10, Batch: 720, Acc: 64.81%, Loss: 1.0873
Epoch: 10, Batch: 730, Acc: 64.84%, Loss: 1.0447
Epoch: 10, Batch: 740, Acc: 64.77%, Loss: 1.1146
Epoch: 10, Batch: 750, Acc: 64.79%, Loss: 1.0871
Epoch: 10, Batch: 760, Acc: 64.79%, Loss: 1.0239
Epoch: 10, Batch: 770, Acc: 64.78%, Loss: 1.0919
Epoch: 10, Batch: 780, Acc: 64.77%, Loss: 1.0775
Epoch: 10, Batch: 790, Acc: 64.77%, Loss: 1.0829
Epoch: 10, Batch: 800, Acc: 64.73%, Loss: 1.1237
Epoch: 10, Batch: 810, Acc: 64.77%, Loss: 1.0476
Epoch: 10, Batch: 820, Acc: 64.75%, Loss: 1.0773
Epoch: 10, Batch: 830, Acc: 64.74%, Loss: 1.1395
Epoch: 10, Batch: 840, Acc: 64.72%, Loss: 1.1618
Epoch: 10, Batch: 850, Acc: 64.74%, Loss: 1.0387
Epoch: 10, Batch: 860, Acc: 64.76%, Loss: 1.0216
Epoch: 10, Batch: 870, Acc: 64.77%, Loss: 1.0572
Epoch: 10, Batch: 880, Acc: 64.80%, Loss: 1.1064
Epoch: 10, Batch: 890, Acc: 64.82%, Loss: 1.0449
Epoch: 10, Batch: 900, Acc: 64.87%, Loss: 1.0002
Epoch: 10, Batch: 910, Acc: 64.87%, Loss: 1.1104
Epoch: 10, Batch: 920, Acc: 64.84%, Loss: 1.0895
Epoch: 10, Batch: 930, Acc: 64.85%, Loss: 1.0598
Accuracy on test set: 66.96%
Epoch: 11, Batch: 10, Acc: 61.41%, Loss: 1.0922
Epoch: 11, Batch: 20, Acc: 63.52%, Loss: 1.0437
Epoch: 11, Batch: 30, Acc: 64.32%, Loss: 1.0394
Epoch: 11, Batch: 40, Acc: 64.77%, Loss: 1.0530
Epoch: 11, Batch: 50, Acc: 64.53%, Loss: 1.1076
Epoch: 11, Batch: 60, Acc: 64.79%, Loss: 1.0837
Epoch: 11, Batch: 70, Acc: 64.78%, Loss: 1.1112
Epoch: 11, Batch: 80, Acc: 65.10%, Loss: 0.9953
Epoch: 11, Batch: 90, Acc: 64.84%, Loss: 1.1998
Epoch: 11, Batch: 100, Acc: 64.69%, Loss: 1.1034
Epoch: 11, Batch: 110, Acc: 64.60%, Loss: 1.1379
Epoch: 11, Batch: 120, Acc: 64.64%, Loss: 1.0426
Epoch: 11, Batch: 130, Acc: 64.53%, Loss: 1.0837
Epoch: 11, Batch: 140, Acc: 64.81%, Loss: 1.0311
Epoch: 11, Batch: 150, Acc: 64.72%, Loss: 1.0906
Epoch: 11, Batch: 160, Acc: 64.83%, Loss: 1.0472
Epoch: 11, Batch: 170, Acc: 64.84%, Loss: 1.0543
Epoch: 11, Batch: 180, Acc: 64.94%, Loss: 1.0784
Epoch: 11, Batch: 190, Acc: 65.08%, Loss: 1.0237
Epoch: 11, Batch: 200, Acc: 65.17%, Loss: 1.0490
Epoch: 11, Batch: 210, Acc: 65.16%, Loss: 1.0420
Epoch: 11, Batch: 220, Acc: 65.25%, Loss: 1.0438
Epoch: 11, Batch: 230, Acc: 65.19%, Loss: 1.1074
Epoch: 11, Batch: 240, Acc: 65.16%, Loss: 1.0859
Epoch: 11, Batch: 250, Acc: 65.19%, Loss: 1.0183
Epoch: 11, Batch: 260, Acc: 65.23%, Loss: 0.9934
Epoch: 11, Batch: 270, Acc: 65.10%, Loss: 1.0883
Epoch: 11, Batch: 280, Acc: 65.04%, Loss: 1.0720
Epoch: 11, Batch: 290, Acc: 64.98%, Loss: 1.0592
Epoch: 11, Batch: 300, Acc: 64.96%, Loss: 1.0572
Epoch: 11, Batch: 310, Acc: 64.96%, Loss: 1.1081
Epoch: 11, Batch: 320, Acc: 64.92%, Loss: 1.0894
Epoch: 11, Batch: 330, Acc: 64.96%, Loss: 1.0439
Epoch: 11, Batch: 340, Acc: 65.02%, Loss: 1.0641
Epoch: 11, Batch: 350, Acc: 65.01%, Loss: 1.0817
Epoch: 11, Batch: 360, Acc: 64.99%, Loss: 1.0947
Epoch: 11, Batch: 370, Acc: 64.97%, Loss: 1.1129
Epoch: 11, Batch: 380, Acc: 64.93%, Loss: 1.1191
Epoch: 11, Batch: 390, Acc: 64.96%, Loss: 1.0915
Epoch: 11, Batch: 400, Acc: 65.00%, Loss: 1.0099
Epoch: 11, Batch: 410, Acc: 65.08%, Loss: 0.9988
Epoch: 11, Batch: 420, Acc: 65.09%, Loss: 1.0585
Epoch: 11, Batch: 430, Acc: 65.14%, Loss: 1.0579
Epoch: 11, Batch: 440, Acc: 65.05%, Loss: 1.0828
Epoch: 11, Batch: 450, Acc: 65.08%, Loss: 1.0796
Epoch: 11, Batch: 460, Acc: 65.13%, Loss: 1.0683
Epoch: 11, Batch: 470, Acc: 65.14%, Loss: 1.0561
Epoch: 11, Batch: 480, Acc: 65.08%, Loss: 1.1159
Epoch: 11, Batch: 490, Acc: 65.09%, Loss: 1.0946
Epoch: 11, Batch: 500, Acc: 65.06%, Loss: 1.0921
Epoch: 11, Batch: 510, Acc: 65.09%, Loss: 1.0190
Epoch: 11, Batch: 520, Acc: 65.12%, Loss: 1.1100
Epoch: 11, Batch: 530, Acc: 65.15%, Loss: 1.0395
Epoch: 11, Batch: 540, Acc: 65.19%, Loss: 1.0307
Epoch: 11, Batch: 550, Acc: 65.20%, Loss: 1.0415
Epoch: 11, Batch: 560, Acc: 65.15%, Loss: 1.0665
Epoch: 11, Batch: 570, Acc: 65.07%, Loss: 1.1540
Epoch: 11, Batch: 580, Acc: 65.10%, Loss: 1.0866
Epoch: 11, Batch: 590, Acc: 65.04%, Loss: 1.1251
Epoch: 11, Batch: 600, Acc: 65.06%, Loss: 1.0108
Epoch: 11, Batch: 610, Acc: 65.10%, Loss: 1.0587
Epoch: 11, Batch: 620, Acc: 65.12%, Loss: 1.0210
Epoch: 11, Batch: 630, Acc: 65.12%, Loss: 1.0512
Epoch: 11, Batch: 640, Acc: 65.09%, Loss: 1.0970
Epoch: 11, Batch: 650, Acc: 65.11%, Loss: 0.9858
Epoch: 11, Batch: 660, Acc: 65.15%, Loss: 1.0670
Epoch: 11, Batch: 670, Acc: 65.19%, Loss: 1.0356
Epoch: 11, Batch: 680, Acc: 65.15%, Loss: 1.0822
Epoch: 11, Batch: 690, Acc: 65.16%, Loss: 1.0560
Epoch: 11, Batch: 700, Acc: 65.18%, Loss: 1.0457
Epoch: 11, Batch: 710, Acc: 65.16%, Loss: 1.1241
Epoch: 11, Batch: 720, Acc: 65.17%, Loss: 1.0233
Epoch: 11, Batch: 730, Acc: 65.14%, Loss: 1.0538
Epoch: 11, Batch: 740, Acc: 65.17%, Loss: 1.0674
Epoch: 11, Batch: 750, Acc: 65.17%, Loss: 1.0516
Epoch: 11, Batch: 760, Acc: 65.18%, Loss: 1.0350
Epoch: 11, Batch: 770, Acc: 65.18%, Loss: 1.0589
Epoch: 11, Batch: 780, Acc: 65.19%, Loss: 1.0456
Epoch: 11, Batch: 790, Acc: 65.21%, Loss: 1.0385
Epoch: 11, Batch: 800, Acc: 65.24%, Loss: 1.0726
Epoch: 11, Batch: 810, Acc: 65.24%, Loss: 1.0664
Epoch: 11, Batch: 820, Acc: 65.23%, Loss: 1.0498
Epoch: 11, Batch: 830, Acc: 65.24%, Loss: 1.0538
Epoch: 11, Batch: 840, Acc: 65.28%, Loss: 1.0157
Epoch: 11, Batch: 850, Acc: 65.26%, Loss: 1.0756
Epoch: 11, Batch: 860, Acc: 65.25%, Loss: 1.0740
Epoch: 11, Batch: 870, Acc: 65.25%, Loss: 1.0151
Epoch: 11, Batch: 880, Acc: 65.27%, Loss: 1.0346
Epoch: 11, Batch: 890, Acc: 65.28%, Loss: 0.9965
Epoch: 11, Batch: 900, Acc: 65.25%, Loss: 1.1063
Epoch: 11, Batch: 910, Acc: 65.27%, Loss: 1.0057
Epoch: 11, Batch: 920, Acc: 65.26%, Loss: 1.0676
Epoch: 11, Batch: 930, Acc: 65.25%, Loss: 1.0982
Accuracy on test set: 67.55%
Epoch: 12, Batch: 10, Acc: 67.66%, Loss: 1.0141
Epoch: 12, Batch: 20, Acc: 65.47%, Loss: 1.0732
Epoch: 12, Batch: 30, Acc: 64.79%, Loss: 1.0773
Epoch: 12, Batch: 40, Acc: 64.10%, Loss: 1.1059
Epoch: 12, Batch: 50, Acc: 64.91%, Loss: 1.0278
Epoch: 12, Batch: 60, Acc: 64.90%, Loss: 1.0755
Epoch: 12, Batch: 70, Acc: 64.73%, Loss: 1.1326
Epoch: 12, Batch: 80, Acc: 64.59%, Loss: 1.0984
Epoch: 12, Batch: 90, Acc: 64.88%, Loss: 1.0388
Epoch: 12, Batch: 100, Acc: 64.98%, Loss: 1.0334
Epoch: 12, Batch: 110, Acc: 64.77%, Loss: 1.1165
Epoch: 12, Batch: 120, Acc: 64.78%, Loss: 1.0730
Epoch: 12, Batch: 130, Acc: 64.80%, Loss: 1.0310
Epoch: 12, Batch: 140, Acc: 64.99%, Loss: 0.9916
Epoch: 12, Batch: 150, Acc: 65.00%, Loss: 1.0588
Epoch: 12, Batch: 160, Acc: 64.97%, Loss: 1.0414
Epoch: 12, Batch: 170, Acc: 65.09%, Loss: 1.0530
Epoch: 12, Batch: 180, Acc: 65.10%, Loss: 1.0798
Epoch: 12, Batch: 190, Acc: 65.19%, Loss: 1.0580
Epoch: 12, Batch: 200, Acc: 65.16%, Loss: 1.0678
Epoch: 12, Batch: 210, Acc: 65.20%, Loss: 1.0508
Epoch: 12, Batch: 220, Acc: 65.12%, Loss: 1.0599
Epoch: 12, Batch: 230, Acc: 65.14%, Loss: 1.0657
Epoch: 12, Batch: 240, Acc: 65.16%, Loss: 1.0677
Epoch: 12, Batch: 250, Acc: 65.07%, Loss: 1.0587
Epoch: 12, Batch: 260, Acc: 65.14%, Loss: 1.0057
Epoch: 12, Batch: 270, Acc: 65.18%, Loss: 1.0219
Epoch: 12, Batch: 280, Acc: 65.21%, Loss: 1.0485
Epoch: 12, Batch: 290, Acc: 65.26%, Loss: 1.0306
Epoch: 12, Batch: 300, Acc: 65.21%, Loss: 1.1070
Epoch: 12, Batch: 310, Acc: 65.23%, Loss: 1.0013
Epoch: 12, Batch: 320, Acc: 65.25%, Loss: 1.0098
Epoch: 12, Batch: 330, Acc: 65.21%, Loss: 1.0823
Epoch: 12, Batch: 340, Acc: 65.38%, Loss: 0.9818
Epoch: 12, Batch: 350, Acc: 65.39%, Loss: 1.0587
Epoch: 12, Batch: 360, Acc: 65.36%, Loss: 1.0927
Epoch: 12, Batch: 370, Acc: 65.39%, Loss: 1.0329
Epoch: 12, Batch: 380, Acc: 65.39%, Loss: 1.0886
Epoch: 12, Batch: 390, Acc: 65.38%, Loss: 1.0456
Epoch: 12, Batch: 400, Acc: 65.40%, Loss: 1.0121
Epoch: 12, Batch: 410, Acc: 65.46%, Loss: 1.0104
Epoch: 12, Batch: 420, Acc: 65.44%, Loss: 1.0718
Epoch: 12, Batch: 430, Acc: 65.46%, Loss: 1.0297
Epoch: 12, Batch: 440, Acc: 65.45%, Loss: 1.0614
Epoch: 12, Batch: 450, Acc: 65.43%, Loss: 1.1003
Epoch: 12, Batch: 460, Acc: 65.43%, Loss: 1.0630
Epoch: 12, Batch: 470, Acc: 65.46%, Loss: 1.0242
Epoch: 12, Batch: 480, Acc: 65.41%, Loss: 1.0900
Epoch: 12, Batch: 490, Acc: 65.39%, Loss: 1.0937
Epoch: 12, Batch: 500, Acc: 65.34%, Loss: 1.1226
Epoch: 12, Batch: 510, Acc: 65.33%, Loss: 1.0740
Epoch: 12, Batch: 520, Acc: 65.36%, Loss: 1.0422
Epoch: 12, Batch: 530, Acc: 65.39%, Loss: 1.0013
Epoch: 12, Batch: 540, Acc: 65.36%, Loss: 1.0854
Epoch: 12, Batch: 550, Acc: 65.35%, Loss: 1.0795
Epoch: 12, Batch: 560, Acc: 65.34%, Loss: 1.0757
Epoch: 12, Batch: 570, Acc: 65.28%, Loss: 1.1224
Epoch: 12, Batch: 580, Acc: 65.32%, Loss: 1.0358
Epoch: 12, Batch: 590, Acc: 65.33%, Loss: 1.0300
Epoch: 12, Batch: 600, Acc: 65.40%, Loss: 0.9703
Epoch: 12, Batch: 610, Acc: 65.40%, Loss: 1.0823
Epoch: 12, Batch: 620, Acc: 65.41%, Loss: 1.0424
Epoch: 12, Batch: 630, Acc: 65.45%, Loss: 1.0483
Epoch: 12, Batch: 640, Acc: 65.47%, Loss: 1.0255
Epoch: 12, Batch: 650, Acc: 65.51%, Loss: 0.9774
Epoch: 12, Batch: 660, Acc: 65.54%, Loss: 1.0534
Epoch: 12, Batch: 670, Acc: 65.58%, Loss: 0.9959
Epoch: 12, Batch: 680, Acc: 65.60%, Loss: 1.0426
Epoch: 12, Batch: 690, Acc: 65.59%, Loss: 1.0745
Epoch: 12, Batch: 700, Acc: 65.61%, Loss: 1.0044
Epoch: 12, Batch: 710, Acc: 65.65%, Loss: 1.0142
Epoch: 12, Batch: 720, Acc: 65.59%, Loss: 1.0895
Epoch: 12, Batch: 730, Acc: 65.60%, Loss: 1.0503
Epoch: 12, Batch: 740, Acc: 65.61%, Loss: 1.0479
Epoch: 12, Batch: 750, Acc: 65.62%, Loss: 1.0280
Epoch: 12, Batch: 760, Acc: 65.61%, Loss: 1.0687
Epoch: 12, Batch: 770, Acc: 65.58%, Loss: 1.0880
Epoch: 12, Batch: 780, Acc: 65.61%, Loss: 1.0232
Epoch: 12, Batch: 790, Acc: 65.60%, Loss: 1.0772
Epoch: 12, Batch: 800, Acc: 65.59%, Loss: 1.0126
Epoch: 12, Batch: 810, Acc: 65.66%, Loss: 0.9860
Epoch: 12, Batch: 820, Acc: 65.70%, Loss: 1.0294
Epoch: 12, Batch: 830, Acc: 65.70%, Loss: 1.0280
Epoch: 12, Batch: 840, Acc: 65.71%, Loss: 1.0621
Epoch: 12, Batch: 850, Acc: 65.73%, Loss: 1.0541
Epoch: 12, Batch: 860, Acc: 65.73%, Loss: 1.0129
Epoch: 12, Batch: 870, Acc: 65.72%, Loss: 1.0582
Epoch: 12, Batch: 880, Acc: 65.72%, Loss: 1.0367
Epoch: 12, Batch: 890, Acc: 65.73%, Loss: 0.9806
Epoch: 12, Batch: 900, Acc: 65.75%, Loss: 0.9471
Epoch: 12, Batch: 910, Acc: 65.77%, Loss: 0.9992
Epoch: 12, Batch: 920, Acc: 65.76%, Loss: 1.0641
Epoch: 12, Batch: 930, Acc: 65.74%, Loss: 1.1238
Accuracy on test set: 68.15%
Epoch: 13, Batch: 10, Acc: 62.81%, Loss: 1.0535
Epoch: 13, Batch: 20, Acc: 64.61%, Loss: 0.9959
Epoch: 13, Batch: 30, Acc: 66.09%, Loss: 0.9500
Epoch: 13, Batch: 40, Acc: 66.09%, Loss: 1.0765
Epoch: 13, Batch: 50, Acc: 67.00%, Loss: 0.9730
Epoch: 13, Batch: 60, Acc: 66.64%, Loss: 1.0113
Epoch: 13, Batch: 70, Acc: 66.36%, Loss: 1.0463
Epoch: 13, Batch: 80, Acc: 66.37%, Loss: 1.0380
Epoch: 13, Batch: 90, Acc: 66.39%, Loss: 1.0347
Epoch: 13, Batch: 100, Acc: 66.20%, Loss: 1.0660
Epoch: 13, Batch: 110, Acc: 66.21%, Loss: 1.0034
Epoch: 13, Batch: 120, Acc: 66.29%, Loss: 1.0032
Epoch: 13, Batch: 130, Acc: 66.30%, Loss: 1.0376
Epoch: 13, Batch: 140, Acc: 66.25%, Loss: 1.0296
Epoch: 13, Batch: 150, Acc: 66.34%, Loss: 1.0760
Epoch: 13, Batch: 160, Acc: 66.26%, Loss: 1.0387
Epoch: 13, Batch: 170, Acc: 66.42%, Loss: 1.0014
Epoch: 13, Batch: 180, Acc: 66.52%, Loss: 1.0250
Epoch: 13, Batch: 190, Acc: 66.49%, Loss: 1.0629
Epoch: 13, Batch: 200, Acc: 66.47%, Loss: 1.0209
Epoch: 13, Batch: 210, Acc: 66.37%, Loss: 1.0652
Epoch: 13, Batch: 220, Acc: 66.12%, Loss: 1.0796
Epoch: 13, Batch: 230, Acc: 66.15%, Loss: 1.0384
Epoch: 13, Batch: 240, Acc: 65.99%, Loss: 1.0745
Epoch: 13, Batch: 250, Acc: 66.04%, Loss: 1.0155
Epoch: 13, Batch: 260, Acc: 65.95%, Loss: 1.0646
Epoch: 13, Batch: 270, Acc: 66.05%, Loss: 1.0038
Epoch: 13, Batch: 280, Acc: 66.09%, Loss: 1.0247
Epoch: 13, Batch: 290, Acc: 66.16%, Loss: 1.0199
Epoch: 13, Batch: 300, Acc: 66.27%, Loss: 1.0158
Epoch: 13, Batch: 310, Acc: 66.24%, Loss: 1.0618
Epoch: 13, Batch: 320, Acc: 66.24%, Loss: 1.0270
Epoch: 13, Batch: 330, Acc: 66.29%, Loss: 0.9838
Epoch: 13, Batch: 340, Acc: 66.24%, Loss: 1.0490
Epoch: 13, Batch: 350, Acc: 66.24%, Loss: 1.0774
Epoch: 13, Batch: 360, Acc: 66.27%, Loss: 1.0289
Epoch: 13, Batch: 370, Acc: 66.27%, Loss: 1.0449
Epoch: 13, Batch: 380, Acc: 66.30%, Loss: 1.0502
Epoch: 13, Batch: 390, Acc: 66.33%, Loss: 0.9967
Epoch: 13, Batch: 400, Acc: 66.36%, Loss: 1.0229
Epoch: 13, Batch: 410, Acc: 66.30%, Loss: 1.0729
Epoch: 13, Batch: 420, Acc: 66.23%, Loss: 1.0780
Epoch: 13, Batch: 430, Acc: 66.23%, Loss: 0.9847
Epoch: 13, Batch: 440, Acc: 66.12%, Loss: 1.0854
Epoch: 13, Batch: 450, Acc: 66.09%, Loss: 1.0288
Epoch: 13, Batch: 460, Acc: 66.11%, Loss: 1.0024
Epoch: 13, Batch: 470, Acc: 66.07%, Loss: 1.1188
Epoch: 13, Batch: 480, Acc: 66.07%, Loss: 1.0469
Epoch: 13, Batch: 490, Acc: 66.12%, Loss: 1.0350
Epoch: 13, Batch: 500, Acc: 66.08%, Loss: 1.0950
Epoch: 13, Batch: 510, Acc: 66.05%, Loss: 1.0714
Epoch: 13, Batch: 520, Acc: 66.02%, Loss: 1.0735
Epoch: 13, Batch: 530, Acc: 66.04%, Loss: 1.0592
Epoch: 13, Batch: 540, Acc: 66.08%, Loss: 0.9701
Epoch: 13, Batch: 550, Acc: 66.06%, Loss: 1.0503
Epoch: 13, Batch: 560, Acc: 66.07%, Loss: 1.0376
Epoch: 13, Batch: 570, Acc: 66.12%, Loss: 1.0202
Epoch: 13, Batch: 580, Acc: 66.04%, Loss: 1.1483
Epoch: 13, Batch: 590, Acc: 66.08%, Loss: 0.9929
Epoch: 13, Batch: 600, Acc: 66.08%, Loss: 1.0175
Epoch: 13, Batch: 610, Acc: 66.09%, Loss: 1.0310
Epoch: 13, Batch: 620, Acc: 66.08%, Loss: 1.0322
Epoch: 13, Batch: 630, Acc: 66.09%, Loss: 1.0084
Epoch: 13, Batch: 640, Acc: 66.10%, Loss: 1.0134
Epoch: 13, Batch: 650, Acc: 66.10%, Loss: 1.0334
Epoch: 13, Batch: 660, Acc: 66.05%, Loss: 1.0932
Epoch: 13, Batch: 670, Acc: 66.05%, Loss: 0.9978
Epoch: 13, Batch: 680, Acc: 66.07%, Loss: 1.0005
Epoch: 13, Batch: 690, Acc: 66.07%, Loss: 1.0907
Epoch: 13, Batch: 700, Acc: 66.05%, Loss: 1.0524
Epoch: 13, Batch: 710, Acc: 66.03%, Loss: 1.0908
Epoch: 13, Batch: 720, Acc: 66.04%, Loss: 1.0103
Epoch: 13, Batch: 730, Acc: 66.06%, Loss: 1.0164
Epoch: 13, Batch: 740, Acc: 66.05%, Loss: 1.0604
Epoch: 13, Batch: 750, Acc: 66.06%, Loss: 1.0061
Epoch: 13, Batch: 760, Acc: 66.07%, Loss: 0.9880
Epoch: 13, Batch: 770, Acc: 66.07%, Loss: 1.0427
Epoch: 13, Batch: 780, Acc: 66.07%, Loss: 1.0716
Epoch: 13, Batch: 790, Acc: 66.09%, Loss: 1.0191
Epoch: 13, Batch: 800, Acc: 66.06%, Loss: 1.1269
Epoch: 13, Batch: 810, Acc: 66.05%, Loss: 1.0807
Epoch: 13, Batch: 820, Acc: 66.07%, Loss: 0.9641
Epoch: 13, Batch: 830, Acc: 66.03%, Loss: 1.0681
Epoch: 13, Batch: 840, Acc: 66.07%, Loss: 0.9955
Epoch: 13, Batch: 850, Acc: 66.08%, Loss: 0.9863
Epoch: 13, Batch: 860, Acc: 66.05%, Loss: 1.0526
Epoch: 13, Batch: 870, Acc: 66.04%, Loss: 1.0504
Epoch: 13, Batch: 880, Acc: 66.02%, Loss: 1.0514
Epoch: 13, Batch: 890, Acc: 66.04%, Loss: 0.9735
Epoch: 13, Batch: 900, Acc: 66.07%, Loss: 0.9946
Epoch: 13, Batch: 910, Acc: 66.07%, Loss: 1.0321
Epoch: 13, Batch: 920, Acc: 66.04%, Loss: 1.0452
Epoch: 13, Batch: 930, Acc: 66.05%, Loss: 1.0124
Accuracy on test set: 67.88%
Epoch: 14, Batch: 10, Acc: 65.78%, Loss: 1.0536
Epoch: 14, Batch: 20, Acc: 66.72%, Loss: 1.0289
Epoch: 14, Batch: 30, Acc: 67.60%, Loss: 0.9972
Epoch: 14, Batch: 40, Acc: 67.89%, Loss: 1.0058
Epoch: 14, Batch: 50, Acc: 67.59%, Loss: 0.9930
Epoch: 14, Batch: 60, Acc: 67.27%, Loss: 1.0188
Epoch: 14, Batch: 70, Acc: 67.14%, Loss: 1.0653
Epoch: 14, Batch: 80, Acc: 66.97%, Loss: 1.0636
Epoch: 14, Batch: 90, Acc: 66.53%, Loss: 1.1212
Epoch: 14, Batch: 100, Acc: 66.52%, Loss: 1.0475
Epoch: 14, Batch: 110, Acc: 66.26%, Loss: 1.0377
Epoch: 14, Batch: 120, Acc: 66.37%, Loss: 1.0082
Epoch: 14, Batch: 130, Acc: 66.20%, Loss: 1.0686
Epoch: 14, Batch: 140, Acc: 66.33%, Loss: 1.0335
Epoch: 14, Batch: 150, Acc: 66.44%, Loss: 1.0088
Epoch: 14, Batch: 160, Acc: 66.50%, Loss: 1.0595
Epoch: 14, Batch: 170, Acc: 66.50%, Loss: 0.9870
Epoch: 14, Batch: 180, Acc: 66.47%, Loss: 1.0345
Epoch: 14, Batch: 190, Acc: 66.56%, Loss: 1.0158
Epoch: 14, Batch: 200, Acc: 66.59%, Loss: 1.0165
Epoch: 14, Batch: 210, Acc: 66.77%, Loss: 0.9726
Epoch: 14, Batch: 220, Acc: 66.83%, Loss: 0.9557
Epoch: 14, Batch: 230, Acc: 66.83%, Loss: 1.0412
Epoch: 14, Batch: 240, Acc: 66.66%, Loss: 1.1053
Epoch: 14, Batch: 250, Acc: 66.72%, Loss: 1.0097
Epoch: 14, Batch: 260, Acc: 66.63%, Loss: 1.0432
Epoch: 14, Batch: 270, Acc: 66.71%, Loss: 0.9616
Epoch: 14, Batch: 280, Acc: 66.73%, Loss: 1.0641
Epoch: 14, Batch: 290, Acc: 66.75%, Loss: 0.9973
Epoch: 14, Batch: 300, Acc: 66.75%, Loss: 1.0318
Epoch: 14, Batch: 310, Acc: 66.76%, Loss: 1.0355
Epoch: 14, Batch: 320, Acc: 66.85%, Loss: 0.9939
Epoch: 14, Batch: 330, Acc: 66.77%, Loss: 1.0321
Epoch: 14, Batch: 340, Acc: 66.78%, Loss: 1.0205
Epoch: 14, Batch: 350, Acc: 66.76%, Loss: 1.0459
Epoch: 14, Batch: 360, Acc: 66.66%, Loss: 1.0391
Epoch: 14, Batch: 370, Acc: 66.63%, Loss: 1.0096
Epoch: 14, Batch: 380, Acc: 66.70%, Loss: 0.9886
Epoch: 14, Batch: 390, Acc: 66.75%, Loss: 0.9807
Epoch: 14, Batch: 400, Acc: 66.69%, Loss: 1.0631
Epoch: 14, Batch: 410, Acc: 66.66%, Loss: 1.0060
Epoch: 14, Batch: 420, Acc: 66.61%, Loss: 1.0433
Epoch: 14, Batch: 430, Acc: 66.62%, Loss: 0.9963
Epoch: 14, Batch: 440, Acc: 66.64%, Loss: 1.0171
Epoch: 14, Batch: 450, Acc: 66.64%, Loss: 1.0481
Epoch: 14, Batch: 460, Acc: 66.65%, Loss: 1.0435
Epoch: 14, Batch: 470, Acc: 66.58%, Loss: 1.0659
Epoch: 14, Batch: 480, Acc: 66.61%, Loss: 1.0323
Epoch: 14, Batch: 490, Acc: 66.64%, Loss: 0.9514
Epoch: 14, Batch: 500, Acc: 66.62%, Loss: 1.0327
Epoch: 14, Batch: 510, Acc: 66.69%, Loss: 0.9801
Epoch: 14, Batch: 520, Acc: 66.69%, Loss: 0.9899
Epoch: 14, Batch: 530, Acc: 66.69%, Loss: 1.0865
Epoch: 14, Batch: 540, Acc: 66.68%, Loss: 1.0812
Epoch: 14, Batch: 550, Acc: 66.70%, Loss: 0.9750
Epoch: 14, Batch: 560, Acc: 66.69%, Loss: 1.0837
Epoch: 14, Batch: 570, Acc: 66.67%, Loss: 1.0585
Epoch: 14, Batch: 580, Acc: 66.65%, Loss: 1.0840
Epoch: 14, Batch: 590, Acc: 66.63%, Loss: 1.0225
Epoch: 14, Batch: 600, Acc: 66.59%, Loss: 1.0999
Epoch: 14, Batch: 610, Acc: 66.60%, Loss: 1.0512
Epoch: 14, Batch: 620, Acc: 66.60%, Loss: 0.9951
Epoch: 14, Batch: 630, Acc: 66.60%, Loss: 1.0071
Epoch: 14, Batch: 640, Acc: 66.60%, Loss: 1.0257
Epoch: 14, Batch: 650, Acc: 66.55%, Loss: 1.1041
Epoch: 14, Batch: 660, Acc: 66.58%, Loss: 0.9974
Epoch: 14, Batch: 670, Acc: 66.57%, Loss: 1.0659
Epoch: 14, Batch: 680, Acc: 66.56%, Loss: 1.0938
Epoch: 14, Batch: 690, Acc: 66.59%, Loss: 0.9843
Epoch: 14, Batch: 700, Acc: 66.60%, Loss: 1.0492
Epoch: 14, Batch: 710, Acc: 66.59%, Loss: 1.0441
Epoch: 14, Batch: 720, Acc: 66.58%, Loss: 1.0018
Epoch: 14, Batch: 730, Acc: 66.58%, Loss: 1.0358
Epoch: 14, Batch: 740, Acc: 66.61%, Loss: 0.9668
Epoch: 14, Batch: 750, Acc: 66.59%, Loss: 1.0347
Epoch: 14, Batch: 760, Acc: 66.60%, Loss: 0.9612
Epoch: 14, Batch: 770, Acc: 66.58%, Loss: 1.0558
Epoch: 14, Batch: 780, Acc: 66.58%, Loss: 1.0158
Epoch: 14, Batch: 790, Acc: 66.60%, Loss: 0.9624
Epoch: 14, Batch: 800, Acc: 66.62%, Loss: 0.9830
Epoch: 14, Batch: 810, Acc: 66.65%, Loss: 0.9383
Epoch: 14, Batch: 820, Acc: 66.63%, Loss: 1.0229
Epoch: 14, Batch: 830, Acc: 66.60%, Loss: 1.0294
Epoch: 14, Batch: 840, Acc: 66.59%, Loss: 1.0440
Epoch: 14, Batch: 850, Acc: 66.57%, Loss: 1.0162
Epoch: 14, Batch: 860, Acc: 66.56%, Loss: 1.0840
Epoch: 14, Batch: 870, Acc: 66.56%, Loss: 1.0501
Epoch: 14, Batch: 880, Acc: 66.50%, Loss: 1.0365
Epoch: 14, Batch: 890, Acc: 66.52%, Loss: 0.9832
Epoch: 14, Batch: 900, Acc: 66.52%, Loss: 1.0549
Epoch: 14, Batch: 910, Acc: 66.50%, Loss: 1.0409
Epoch: 14, Batch: 920, Acc: 66.52%, Loss: 1.0338
Epoch: 14, Batch: 930, Acc: 66.55%, Loss: 0.9535
Accuracy on test set: 67.82%
Epoch: 15, Batch: 10, Acc: 67.97%, Loss: 0.9872
Epoch: 15, Batch: 20, Acc: 66.64%, Loss: 1.0955
Epoch: 15, Batch: 30, Acc: 66.51%, Loss: 1.0188
Epoch: 15, Batch: 40, Acc: 65.94%, Loss: 1.0172
Epoch: 15, Batch: 50, Acc: 65.84%, Loss: 1.0407
Epoch: 15, Batch: 60, Acc: 66.04%, Loss: 1.0132
Epoch: 15, Batch: 70, Acc: 66.27%, Loss: 0.9582
Epoch: 15, Batch: 80, Acc: 66.64%, Loss: 1.0393
Epoch: 15, Batch: 90, Acc: 66.41%, Loss: 1.0380
Epoch: 15, Batch: 100, Acc: 66.22%, Loss: 1.0632
Epoch: 15, Batch: 110, Acc: 66.41%, Loss: 0.9679
Epoch: 15, Batch: 120, Acc: 66.33%, Loss: 0.9988
Epoch: 15, Batch: 130, Acc: 66.56%, Loss: 0.9626
Epoch: 15, Batch: 140, Acc: 66.63%, Loss: 1.0053
Epoch: 15, Batch: 150, Acc: 66.47%, Loss: 1.0627
Epoch: 15, Batch: 160, Acc: 66.62%, Loss: 1.0350
Epoch: 15, Batch: 170, Acc: 66.65%, Loss: 1.0337
Epoch: 15, Batch: 180, Acc: 66.66%, Loss: 1.0367
Epoch: 15, Batch: 190, Acc: 66.52%, Loss: 1.0292
Epoch: 15, Batch: 200, Acc: 66.61%, Loss: 1.0146
Epoch: 15, Batch: 210, Acc: 66.70%, Loss: 1.0004
Epoch: 15, Batch: 220, Acc: 66.73%, Loss: 1.0420
Epoch: 15, Batch: 230, Acc: 66.76%, Loss: 1.0343
Epoch: 15, Batch: 240, Acc: 66.67%, Loss: 1.0515
Epoch: 15, Batch: 250, Acc: 66.62%, Loss: 1.0028
Epoch: 15, Batch: 260, Acc: 66.73%, Loss: 0.9745
Epoch: 15, Batch: 270, Acc: 66.78%, Loss: 1.0231
Epoch: 15, Batch: 280, Acc: 66.71%, Loss: 1.0792
Epoch: 15, Batch: 290, Acc: 66.69%, Loss: 1.0416
Epoch: 15, Batch: 300, Acc: 66.76%, Loss: 1.0080
Epoch: 15, Batch: 310, Acc: 66.81%, Loss: 1.0433
Epoch: 15, Batch: 320, Acc: 66.88%, Loss: 0.9749
Epoch: 15, Batch: 330, Acc: 66.91%, Loss: 0.9777
Epoch: 15, Batch: 340, Acc: 66.84%, Loss: 1.0174
Epoch: 15, Batch: 350, Acc: 66.79%, Loss: 1.0607
Epoch: 15, Batch: 360, Acc: 66.78%, Loss: 1.0389
Epoch: 15, Batch: 370, Acc: 66.78%, Loss: 1.0108
Epoch: 15, Batch: 380, Acc: 66.76%, Loss: 1.0088
Epoch: 15, Batch: 390, Acc: 66.79%, Loss: 1.0024
Epoch: 15, Batch: 400, Acc: 66.81%, Loss: 0.9983
Epoch: 15, Batch: 410, Acc: 66.85%, Loss: 0.9348
Epoch: 15, Batch: 420, Acc: 66.84%, Loss: 1.0057
Epoch: 15, Batch: 430, Acc: 66.83%, Loss: 0.9704
Epoch: 15, Batch: 440, Acc: 66.84%, Loss: 0.9750
Epoch: 15, Batch: 450, Acc: 66.81%, Loss: 1.0045
Epoch: 15, Batch: 460, Acc: 66.70%, Loss: 1.1396
Epoch: 15, Batch: 470, Acc: 66.77%, Loss: 1.0525
Epoch: 15, Batch: 480, Acc: 66.82%, Loss: 0.9622
Epoch: 15, Batch: 490, Acc: 66.77%, Loss: 1.0590
Epoch: 15, Batch: 500, Acc: 66.81%, Loss: 0.9508
Epoch: 15, Batch: 510, Acc: 66.80%, Loss: 0.9819
Epoch: 15, Batch: 520, Acc: 66.75%, Loss: 1.0621
Epoch: 15, Batch: 530, Acc: 66.78%, Loss: 1.0096
Epoch: 15, Batch: 540, Acc: 66.79%, Loss: 0.9567
Epoch: 15, Batch: 550, Acc: 66.75%, Loss: 1.0379
Epoch: 15, Batch: 560, Acc: 66.74%, Loss: 0.9851
Epoch: 15, Batch: 570, Acc: 66.72%, Loss: 1.0543
Epoch: 15, Batch: 580, Acc: 66.73%, Loss: 0.9337
Epoch: 15, Batch: 590, Acc: 66.72%, Loss: 0.9806
Epoch: 15, Batch: 600, Acc: 66.71%, Loss: 1.0962
Epoch: 15, Batch: 610, Acc: 66.69%, Loss: 1.0144
Epoch: 15, Batch: 620, Acc: 66.70%, Loss: 1.0417
Epoch: 15, Batch: 630, Acc: 66.70%, Loss: 1.0291
Epoch: 15, Batch: 640, Acc: 66.63%, Loss: 1.1220
Epoch: 15, Batch: 650, Acc: 66.61%, Loss: 1.0326
Epoch: 15, Batch: 660, Acc: 66.65%, Loss: 0.9743
Epoch: 15, Batch: 670, Acc: 66.62%, Loss: 1.0254
Epoch: 15, Batch: 680, Acc: 66.66%, Loss: 0.9833
Epoch: 15, Batch: 690, Acc: 66.72%, Loss: 1.0059
Epoch: 15, Batch: 700, Acc: 66.77%, Loss: 0.9728
Epoch: 15, Batch: 710, Acc: 66.78%, Loss: 0.9652
Epoch: 15, Batch: 720, Acc: 66.76%, Loss: 1.0375
Epoch: 15, Batch: 730, Acc: 66.84%, Loss: 0.8940
Epoch: 15, Batch: 740, Acc: 66.84%, Loss: 1.0323
Epoch: 15, Batch: 750, Acc: 66.87%, Loss: 1.0113
Epoch: 15, Batch: 760, Acc: 66.85%, Loss: 1.0637
Epoch: 15, Batch: 770, Acc: 66.84%, Loss: 1.0152
Epoch: 15, Batch: 780, Acc: 66.85%, Loss: 0.9761
Epoch: 15, Batch: 790, Acc: 66.82%, Loss: 1.0570
Epoch: 15, Batch: 800, Acc: 66.79%, Loss: 1.0670
Epoch: 15, Batch: 810, Acc: 66.79%, Loss: 1.0086
Epoch: 15, Batch: 820, Acc: 66.83%, Loss: 0.9556
Epoch: 15, Batch: 830, Acc: 66.84%, Loss: 0.9930
Epoch: 15, Batch: 840, Acc: 66.83%, Loss: 1.0669
Epoch: 15, Batch: 850, Acc: 66.82%, Loss: 1.0664
Epoch: 15, Batch: 860, Acc: 66.85%, Loss: 1.0153
Epoch: 15, Batch: 870, Acc: 66.82%, Loss: 1.0826
Epoch: 15, Batch: 880, Acc: 66.80%, Loss: 1.0043
Epoch: 15, Batch: 890, Acc: 66.80%, Loss: 1.0045
Epoch: 15, Batch: 900, Acc: 66.80%, Loss: 0.9979
Epoch: 15, Batch: 910, Acc: 66.80%, Loss: 1.0040
Epoch: 15, Batch: 920, Acc: 66.84%, Loss: 0.9929
Epoch: 15, Batch: 930, Acc: 66.83%, Loss: 0.9681
Accuracy on test set: 68.55%
Epoch: 16, Batch: 10, Acc: 68.91%, Loss: 0.9943
Epoch: 16, Batch: 20, Acc: 67.34%, Loss: 0.9792
Epoch: 16, Batch: 30, Acc: 68.07%, Loss: 0.9593
Epoch: 16, Batch: 40, Acc: 68.44%, Loss: 0.9296
Epoch: 16, Batch: 50, Acc: 67.94%, Loss: 1.0340
Epoch: 16, Batch: 60, Acc: 67.53%, Loss: 1.0452
Epoch: 16, Batch: 70, Acc: 67.77%, Loss: 0.9671
Epoch: 16, Batch: 80, Acc: 67.54%, Loss: 1.0284
Epoch: 16, Batch: 90, Acc: 67.64%, Loss: 0.9485
Epoch: 16, Batch: 100, Acc: 67.23%, Loss: 1.0690
Epoch: 16, Batch: 110, Acc: 67.43%, Loss: 1.0010
Epoch: 16, Batch: 120, Acc: 67.19%, Loss: 1.0519
Epoch: 16, Batch: 130, Acc: 66.97%, Loss: 1.0835
Epoch: 16, Batch: 140, Acc: 67.35%, Loss: 0.9308
Epoch: 16, Batch: 150, Acc: 67.09%, Loss: 1.0721
Epoch: 16, Batch: 160, Acc: 67.15%, Loss: 0.9942
Epoch: 16, Batch: 170, Acc: 66.99%, Loss: 1.0742
Epoch: 16, Batch: 180, Acc: 67.07%, Loss: 1.0134
Epoch: 16, Batch: 190, Acc: 66.76%, Loss: 1.1195
Epoch: 16, Batch: 200, Acc: 66.79%, Loss: 1.0017
Epoch: 16, Batch: 210, Acc: 66.84%, Loss: 0.9903
Epoch: 16, Batch: 220, Acc: 66.88%, Loss: 0.9623
Epoch: 16, Batch: 230, Acc: 66.83%, Loss: 1.0289
Epoch: 16, Batch: 240, Acc: 66.77%, Loss: 1.0679
Epoch: 16, Batch: 250, Acc: 66.78%, Loss: 0.9900
Epoch: 16, Batch: 260, Acc: 66.79%, Loss: 1.0285
Epoch: 16, Batch: 270, Acc: 66.82%, Loss: 0.9984
Epoch: 16, Batch: 280, Acc: 66.75%, Loss: 1.0324
Epoch: 16, Batch: 290, Acc: 66.82%, Loss: 0.9522
Epoch: 16, Batch: 300, Acc: 66.82%, Loss: 0.9802
Epoch: 16, Batch: 310, Acc: 66.76%, Loss: 1.0653
Epoch: 16, Batch: 320, Acc: 66.76%, Loss: 1.0287
Epoch: 16, Batch: 330, Acc: 66.73%, Loss: 1.0088
Epoch: 16, Batch: 340, Acc: 66.75%, Loss: 1.0352
Epoch: 16, Batch: 350, Acc: 66.79%, Loss: 1.0056
Epoch: 16, Batch: 360, Acc: 66.80%, Loss: 1.0035
Epoch: 16, Batch: 370, Acc: 66.83%, Loss: 1.0442
Epoch: 16, Batch: 380, Acc: 66.83%, Loss: 1.0188
Epoch: 16, Batch: 390, Acc: 66.96%, Loss: 0.9103
Epoch: 16, Batch: 400, Acc: 66.96%, Loss: 0.9468
Epoch: 16, Batch: 410, Acc: 67.00%, Loss: 0.9987
Epoch: 16, Batch: 420, Acc: 66.98%, Loss: 1.0376
Epoch: 16, Batch: 430, Acc: 67.04%, Loss: 0.9803
Epoch: 16, Batch: 440, Acc: 67.08%, Loss: 1.0186
Epoch: 16, Batch: 450, Acc: 67.00%, Loss: 1.0169
Epoch: 16, Batch: 460, Acc: 66.98%, Loss: 1.0349
Epoch: 16, Batch: 470, Acc: 67.01%, Loss: 1.0569
Epoch: 16, Batch: 480, Acc: 66.95%, Loss: 1.0058
Epoch: 16, Batch: 490, Acc: 66.95%, Loss: 1.0385
Epoch: 16, Batch: 500, Acc: 66.95%, Loss: 0.9906
Epoch: 16, Batch: 510, Acc: 66.97%, Loss: 1.0024
Epoch: 16, Batch: 520, Acc: 66.94%, Loss: 1.0575
Epoch: 16, Batch: 530, Acc: 66.98%, Loss: 0.9843
Epoch: 16, Batch: 540, Acc: 67.00%, Loss: 0.9951
Epoch: 16, Batch: 550, Acc: 67.01%, Loss: 1.0270
Epoch: 16, Batch: 560, Acc: 67.02%, Loss: 0.9974
Epoch: 16, Batch: 570, Acc: 67.01%, Loss: 1.0746
Epoch: 16, Batch: 580, Acc: 66.98%, Loss: 1.0195
Epoch: 16, Batch: 590, Acc: 66.98%, Loss: 0.9941
Epoch: 16, Batch: 600, Acc: 67.00%, Loss: 0.9579
Epoch: 16, Batch: 610, Acc: 66.95%, Loss: 1.0646
Epoch: 16, Batch: 620, Acc: 66.86%, Loss: 1.0228
Epoch: 16, Batch: 630, Acc: 66.85%, Loss: 0.9917
Epoch: 16, Batch: 640, Acc: 66.85%, Loss: 1.0211
Epoch: 16, Batch: 650, Acc: 66.85%, Loss: 1.0464
Epoch: 16, Batch: 660, Acc: 66.87%, Loss: 1.0074
Epoch: 16, Batch: 670, Acc: 66.88%, Loss: 1.0007
Epoch: 16, Batch: 680, Acc: 66.92%, Loss: 0.9042
Epoch: 16, Batch: 690, Acc: 66.97%, Loss: 0.9410
Epoch: 16, Batch: 700, Acc: 66.93%, Loss: 1.0053
Epoch: 16, Batch: 710, Acc: 66.94%, Loss: 0.9929
Epoch: 16, Batch: 720, Acc: 66.90%, Loss: 1.0633
Epoch: 16, Batch: 730, Acc: 66.91%, Loss: 1.0215
Epoch: 16, Batch: 740, Acc: 66.94%, Loss: 1.0021
Epoch: 16, Batch: 750, Acc: 66.96%, Loss: 0.9326
Epoch: 16, Batch: 760, Acc: 66.94%, Loss: 1.0272
Epoch: 16, Batch: 770, Acc: 66.97%, Loss: 0.9935
Epoch: 16, Batch: 780, Acc: 66.98%, Loss: 1.0129
Epoch: 16, Batch: 790, Acc: 66.97%, Loss: 0.9847
Epoch: 16, Batch: 800, Acc: 66.98%, Loss: 0.9637
Epoch: 16, Batch: 810, Acc: 66.96%, Loss: 1.0222
Epoch: 16, Batch: 820, Acc: 66.94%, Loss: 1.0347
Epoch: 16, Batch: 830, Acc: 66.90%, Loss: 1.0480
Epoch: 16, Batch: 840, Acc: 66.91%, Loss: 0.9728
Epoch: 16, Batch: 850, Acc: 66.90%, Loss: 1.0452
Epoch: 16, Batch: 860, Acc: 66.90%, Loss: 1.0322
Epoch: 16, Batch: 870, Acc: 66.92%, Loss: 1.0058
Epoch: 16, Batch: 880, Acc: 66.95%, Loss: 0.9505
Epoch: 16, Batch: 890, Acc: 66.96%, Loss: 0.9511
Epoch: 16, Batch: 900, Acc: 66.99%, Loss: 0.9886
Epoch: 16, Batch: 910, Acc: 67.02%, Loss: 0.9581
Epoch: 16, Batch: 920, Acc: 67.01%, Loss: 1.0253
Epoch: 16, Batch: 930, Acc: 67.00%, Loss: 1.0265
Accuracy on test set: 68.98%
Epoch: 17, Batch: 10, Acc: 69.53%, Loss: 0.9751
Epoch: 17, Batch: 20, Acc: 66.88%, Loss: 1.0576
Epoch: 17, Batch: 30, Acc: 67.24%, Loss: 1.0252
Epoch: 17, Batch: 40, Acc: 66.13%, Loss: 1.0623
Epoch: 17, Batch: 50, Acc: 66.88%, Loss: 0.9695
Epoch: 17, Batch: 60, Acc: 66.64%, Loss: 0.9956
Epoch: 17, Batch: 70, Acc: 66.47%, Loss: 1.0115
Epoch: 17, Batch: 80, Acc: 66.45%, Loss: 1.0274
Epoch: 17, Batch: 90, Acc: 66.25%, Loss: 1.0165
Epoch: 17, Batch: 100, Acc: 66.59%, Loss: 0.9533
Epoch: 17, Batch: 110, Acc: 66.73%, Loss: 0.9810
Epoch: 17, Batch: 120, Acc: 66.65%, Loss: 1.0436
Epoch: 17, Batch: 130, Acc: 66.80%, Loss: 1.0593
Epoch: 17, Batch: 140, Acc: 67.01%, Loss: 0.9408
Epoch: 17, Batch: 150, Acc: 67.11%, Loss: 0.9196
Epoch: 17, Batch: 160, Acc: 67.17%, Loss: 1.0005
Epoch: 17, Batch: 170, Acc: 67.34%, Loss: 0.9461
Epoch: 17, Batch: 180, Acc: 67.34%, Loss: 0.9857
Epoch: 17, Batch: 190, Acc: 67.30%, Loss: 1.0153
Epoch: 17, Batch: 200, Acc: 67.34%, Loss: 0.9854
Epoch: 17, Batch: 210, Acc: 67.36%, Loss: 0.9792
Epoch: 17, Batch: 220, Acc: 67.34%, Loss: 0.9831
Epoch: 17, Batch: 230, Acc: 67.23%, Loss: 0.9902
Epoch: 17, Batch: 240, Acc: 67.32%, Loss: 0.9827
Epoch: 17, Batch: 250, Acc: 67.21%, Loss: 1.0497
Epoch: 17, Batch: 260, Acc: 67.21%, Loss: 1.0544
Epoch: 17, Batch: 270, Acc: 67.19%, Loss: 1.0058
Epoch: 17, Batch: 280, Acc: 67.31%, Loss: 0.9525
Epoch: 17, Batch: 290, Acc: 67.37%, Loss: 0.9963
Epoch: 17, Batch: 300, Acc: 67.34%, Loss: 1.0412
Epoch: 17, Batch: 310, Acc: 67.30%, Loss: 1.0318
Epoch: 17, Batch: 320, Acc: 67.24%, Loss: 1.0366
Epoch: 17, Batch: 330, Acc: 67.32%, Loss: 0.9966
Epoch: 17, Batch: 340, Acc: 67.30%, Loss: 1.0205
Epoch: 17, Batch: 350, Acc: 67.19%, Loss: 1.0390
Epoch: 17, Batch: 360, Acc: 67.20%, Loss: 0.9627
Epoch: 17, Batch: 370, Acc: 67.24%, Loss: 0.9873
Epoch: 17, Batch: 380, Acc: 67.27%, Loss: 1.0182
Epoch: 17, Batch: 390, Acc: 67.29%, Loss: 0.9352
Epoch: 17, Batch: 400, Acc: 67.32%, Loss: 1.0040
Epoch: 17, Batch: 410, Acc: 67.29%, Loss: 1.0331
Epoch: 17, Batch: 420, Acc: 67.33%, Loss: 0.9388
Epoch: 17, Batch: 430, Acc: 67.34%, Loss: 0.9588
Epoch: 17, Batch: 440, Acc: 67.37%, Loss: 0.9890
Epoch: 17, Batch: 450, Acc: 67.38%, Loss: 0.9957
Epoch: 17, Batch: 460, Acc: 67.36%, Loss: 1.0250
Epoch: 17, Batch: 470, Acc: 67.35%, Loss: 1.0041
Epoch: 17, Batch: 480, Acc: 67.36%, Loss: 1.0211
Epoch: 17, Batch: 490, Acc: 67.40%, Loss: 1.0146
Epoch: 17, Batch: 500, Acc: 67.38%, Loss: 1.0403
Epoch: 17, Batch: 510, Acc: 67.37%, Loss: 1.0401
Epoch: 17, Batch: 520, Acc: 67.37%, Loss: 1.0043
Epoch: 17, Batch: 530, Acc: 67.29%, Loss: 1.0398
Epoch: 17, Batch: 540, Acc: 67.26%, Loss: 1.0411
Epoch: 17, Batch: 550, Acc: 67.29%, Loss: 0.9619
Epoch: 17, Batch: 560, Acc: 67.30%, Loss: 1.0148
Epoch: 17, Batch: 570, Acc: 67.28%, Loss: 1.0646
Epoch: 17, Batch: 580, Acc: 67.35%, Loss: 0.9093
Epoch: 17, Batch: 590, Acc: 67.33%, Loss: 0.9690
Epoch: 17, Batch: 600, Acc: 67.29%, Loss: 1.0620
Epoch: 17, Batch: 610, Acc: 67.31%, Loss: 1.0220
Epoch: 17, Batch: 620, Acc: 67.32%, Loss: 0.9838
Epoch: 17, Batch: 630, Acc: 67.35%, Loss: 0.9855
Epoch: 17, Batch: 640, Acc: 67.31%, Loss: 1.0375
Epoch: 17, Batch: 650, Acc: 67.27%, Loss: 1.0205
Epoch: 17, Batch: 660, Acc: 67.27%, Loss: 1.0104
Epoch: 17, Batch: 670, Acc: 67.26%, Loss: 1.0290
Epoch: 17, Batch: 680, Acc: 67.26%, Loss: 1.0111
Epoch: 17, Batch: 690, Acc: 67.32%, Loss: 0.9191
Epoch: 17, Batch: 700, Acc: 67.31%, Loss: 0.9956
Epoch: 17, Batch: 710, Acc: 67.29%, Loss: 1.0353
Epoch: 17, Batch: 720, Acc: 67.28%, Loss: 0.9808
Epoch: 17, Batch: 730, Acc: 67.32%, Loss: 0.9153
Epoch: 17, Batch: 740, Acc: 67.28%, Loss: 1.0188
Epoch: 17, Batch: 750, Acc: 67.30%, Loss: 0.9401
Epoch: 17, Batch: 760, Acc: 67.31%, Loss: 1.0547
Epoch: 17, Batch: 770, Acc: 67.34%, Loss: 0.9586
Epoch: 17, Batch: 780, Acc: 67.35%, Loss: 0.9686
Epoch: 17, Batch: 790, Acc: 67.33%, Loss: 1.0277
Epoch: 17, Batch: 800, Acc: 67.30%, Loss: 1.0206
Epoch: 17, Batch: 810, Acc: 67.31%, Loss: 0.9812
Epoch: 17, Batch: 820, Acc: 67.29%, Loss: 1.0076
Epoch: 17, Batch: 830, Acc: 67.29%, Loss: 0.9520
Epoch: 17, Batch: 840, Acc: 67.29%, Loss: 1.0518
Epoch: 17, Batch: 850, Acc: 67.29%, Loss: 1.0371
Epoch: 17, Batch: 860, Acc: 67.31%, Loss: 0.9618
Epoch: 17, Batch: 870, Acc: 67.31%, Loss: 1.0164
Epoch: 17, Batch: 880, Acc: 67.29%, Loss: 1.0622
Epoch: 17, Batch: 890, Acc: 67.28%, Loss: 1.0034
Epoch: 17, Batch: 900, Acc: 67.27%, Loss: 0.9726
Epoch: 17, Batch: 910, Acc: 67.33%, Loss: 0.9406
Epoch: 17, Batch: 920, Acc: 67.37%, Loss: 0.9165
Epoch: 17, Batch: 930, Acc: 67.38%, Loss: 0.9734
Accuracy on test set: 68.74%
Epoch: 18, Batch: 10, Acc: 66.56%, Loss: 1.0001
Epoch: 18, Batch: 20, Acc: 67.19%, Loss: 0.9771
Epoch: 18, Batch: 30, Acc: 67.29%, Loss: 0.9953
Epoch: 18, Batch: 40, Acc: 67.23%, Loss: 0.9906
Epoch: 18, Batch: 50, Acc: 67.97%, Loss: 0.9464
Epoch: 18, Batch: 60, Acc: 67.50%, Loss: 1.0444
Epoch: 18, Batch: 70, Acc: 67.57%, Loss: 1.0181
Epoch: 18, Batch: 80, Acc: 67.83%, Loss: 1.0181
Epoch: 18, Batch: 90, Acc: 67.81%, Loss: 0.9409
Epoch: 18, Batch: 100, Acc: 67.72%, Loss: 0.9991
Epoch: 18, Batch: 110, Acc: 67.95%, Loss: 0.9274
Epoch: 18, Batch: 120, Acc: 67.90%, Loss: 1.0192
Epoch: 18, Batch: 130, Acc: 67.98%, Loss: 0.9604
Epoch: 18, Batch: 140, Acc: 68.02%, Loss: 1.0030
Epoch: 18, Batch: 150, Acc: 67.98%, Loss: 0.9692
Epoch: 18, Batch: 160, Acc: 67.90%, Loss: 0.9697
Epoch: 18, Batch: 170, Acc: 67.86%, Loss: 0.9615
Epoch: 18, Batch: 180, Acc: 67.93%, Loss: 0.9044
Epoch: 18, Batch: 190, Acc: 67.78%, Loss: 1.0284
Epoch: 18, Batch: 200, Acc: 67.67%, Loss: 1.0149
Epoch: 18, Batch: 210, Acc: 67.60%, Loss: 1.0359
Epoch: 18, Batch: 220, Acc: 67.46%, Loss: 1.0490
Epoch: 18, Batch: 230, Acc: 67.43%, Loss: 1.0248
Epoch: 18, Batch: 240, Acc: 67.49%, Loss: 1.0237
Epoch: 18, Batch: 250, Acc: 67.49%, Loss: 0.9935
Epoch: 18, Batch: 260, Acc: 67.45%, Loss: 0.9766
Epoch: 18, Batch: 270, Acc: 67.51%, Loss: 0.9835
Epoch: 18, Batch: 280, Acc: 67.51%, Loss: 0.9692
Epoch: 18, Batch: 290, Acc: 67.39%, Loss: 1.0677
Epoch: 18, Batch: 300, Acc: 67.38%, Loss: 1.0046
Epoch: 18, Batch: 310, Acc: 67.44%, Loss: 0.9677
Epoch: 18, Batch: 320, Acc: 67.53%, Loss: 0.9318
Epoch: 18, Batch: 330, Acc: 67.55%, Loss: 0.9340
Epoch: 18, Batch: 340, Acc: 67.53%, Loss: 1.0265
Epoch: 18, Batch: 350, Acc: 67.59%, Loss: 1.0043
Epoch: 18, Batch: 360, Acc: 67.58%, Loss: 1.0306
Epoch: 18, Batch: 370, Acc: 67.55%, Loss: 1.0041
Epoch: 18, Batch: 380, Acc: 67.52%, Loss: 1.0085
Epoch: 18, Batch: 390, Acc: 67.49%, Loss: 1.0339
Epoch: 18, Batch: 400, Acc: 67.46%, Loss: 1.0533
Epoch: 18, Batch: 410, Acc: 67.51%, Loss: 0.9474
Epoch: 18, Batch: 420, Acc: 67.47%, Loss: 1.0463
Epoch: 18, Batch: 430, Acc: 67.49%, Loss: 0.9528
Epoch: 18, Batch: 440, Acc: 67.54%, Loss: 0.9832
Epoch: 18, Batch: 450, Acc: 67.50%, Loss: 1.0541
Epoch: 18, Batch: 460, Acc: 67.51%, Loss: 1.0224
Epoch: 18, Batch: 470, Acc: 67.46%, Loss: 1.0189
Epoch: 18, Batch: 480, Acc: 67.50%, Loss: 0.9818
Epoch: 18, Batch: 490, Acc: 67.44%, Loss: 1.0716
Epoch: 18, Batch: 500, Acc: 67.44%, Loss: 0.9727
Epoch: 18, Batch: 510, Acc: 67.45%, Loss: 0.9786
Epoch: 18, Batch: 520, Acc: 67.48%, Loss: 0.9047
Epoch: 18, Batch: 530, Acc: 67.48%, Loss: 0.9815
Epoch: 18, Batch: 540, Acc: 67.52%, Loss: 0.9864
Epoch: 18, Batch: 550, Acc: 67.55%, Loss: 0.9367
Epoch: 18, Batch: 560, Acc: 67.54%, Loss: 1.0099
Epoch: 18, Batch: 570, Acc: 67.59%, Loss: 0.9517
Epoch: 18, Batch: 580, Acc: 67.59%, Loss: 1.0026
Epoch: 18, Batch: 590, Acc: 67.52%, Loss: 1.0604
Epoch: 18, Batch: 600, Acc: 67.53%, Loss: 0.9664
Epoch: 18, Batch: 610, Acc: 67.55%, Loss: 0.9413
Epoch: 18, Batch: 620, Acc: 67.61%, Loss: 0.9117
Epoch: 18, Batch: 630, Acc: 67.66%, Loss: 0.9385
Epoch: 18, Batch: 640, Acc: 67.63%, Loss: 1.0765
Epoch: 18, Batch: 650, Acc: 67.59%, Loss: 1.0620
Epoch: 18, Batch: 660, Acc: 67.55%, Loss: 1.0444
Epoch: 18, Batch: 670, Acc: 67.58%, Loss: 0.9484
Epoch: 18, Batch: 680, Acc: 67.56%, Loss: 1.0251
Epoch: 18, Batch: 690, Acc: 67.54%, Loss: 1.0528
Epoch: 18, Batch: 700, Acc: 67.52%, Loss: 0.9518
Epoch: 18, Batch: 710, Acc: 67.50%, Loss: 1.0198
Epoch: 18, Batch: 720, Acc: 67.50%, Loss: 0.9800
Epoch: 18, Batch: 730, Acc: 67.48%, Loss: 1.0117
Epoch: 18, Batch: 740, Acc: 67.47%, Loss: 0.9982
Epoch: 18, Batch: 750, Acc: 67.49%, Loss: 0.9883
Epoch: 18, Batch: 760, Acc: 67.48%, Loss: 1.0110
Epoch: 18, Batch: 770, Acc: 67.50%, Loss: 0.9757
Epoch: 18, Batch: 780, Acc: 67.50%, Loss: 0.9707
Epoch: 18, Batch: 790, Acc: 67.46%, Loss: 1.0493
Epoch: 18, Batch: 800, Acc: 67.46%, Loss: 0.9861
Epoch: 18, Batch: 810, Acc: 67.44%, Loss: 1.0387
Epoch: 18, Batch: 820, Acc: 67.47%, Loss: 0.9636
Epoch: 18, Batch: 830, Acc: 67.46%, Loss: 0.9615
Epoch: 18, Batch: 840, Acc: 67.46%, Loss: 0.9861
Epoch: 18, Batch: 850, Acc: 67.53%, Loss: 0.9644
Epoch: 18, Batch: 860, Acc: 67.54%, Loss: 0.9405
Epoch: 18, Batch: 870, Acc: 67.52%, Loss: 1.0462
Epoch: 18, Batch: 880, Acc: 67.51%, Loss: 1.0109
Epoch: 18, Batch: 890, Acc: 67.52%, Loss: 0.9307
Epoch: 18, Batch: 900, Acc: 67.52%, Loss: 0.9734
Epoch: 18, Batch: 910, Acc: 67.51%, Loss: 0.9862
Epoch: 18, Batch: 920, Acc: 67.54%, Loss: 0.9489
Epoch: 18, Batch: 930, Acc: 67.55%, Loss: 1.0028
Accuracy on test set: 69.30%
Epoch: 19, Batch: 10, Acc: 66.88%, Loss: 0.9980
Epoch: 19, Batch: 20, Acc: 67.81%, Loss: 0.9463
Epoch: 19, Batch: 30, Acc: 68.49%, Loss: 0.9894
Epoch: 19, Batch: 40, Acc: 68.79%, Loss: 0.9368
Epoch: 19, Batch: 50, Acc: 69.00%, Loss: 0.9642
Epoch: 19, Batch: 60, Acc: 68.88%, Loss: 0.9856
Epoch: 19, Batch: 70, Acc: 68.79%, Loss: 0.9922
Epoch: 19, Batch: 80, Acc: 68.48%, Loss: 1.0342
Epoch: 19, Batch: 90, Acc: 68.63%, Loss: 0.9567
Epoch: 19, Batch: 100, Acc: 68.50%, Loss: 0.9721
Epoch: 19, Batch: 110, Acc: 68.61%, Loss: 0.9909
Epoch: 19, Batch: 120, Acc: 68.62%, Loss: 0.9451
Epoch: 19, Batch: 130, Acc: 68.57%, Loss: 0.9366
Epoch: 19, Batch: 140, Acc: 68.72%, Loss: 0.9120
Epoch: 19, Batch: 150, Acc: 68.60%, Loss: 0.9972
Epoch: 19, Batch: 160, Acc: 68.45%, Loss: 1.0167
Epoch: 19, Batch: 170, Acc: 68.37%, Loss: 1.0461
Epoch: 19, Batch: 180, Acc: 68.28%, Loss: 0.9879
Epoch: 19, Batch: 190, Acc: 68.22%, Loss: 1.0520
Epoch: 19, Batch: 200, Acc: 68.35%, Loss: 0.9087
Epoch: 19, Batch: 210, Acc: 68.36%, Loss: 1.0228
Epoch: 19, Batch: 220, Acc: 68.30%, Loss: 0.9933
Epoch: 19, Batch: 230, Acc: 68.12%, Loss: 1.0459
Epoch: 19, Batch: 240, Acc: 68.13%, Loss: 0.9930
Epoch: 19, Batch: 250, Acc: 68.19%, Loss: 0.9562
Epoch: 19, Batch: 260, Acc: 68.13%, Loss: 1.0148
Epoch: 19, Batch: 270, Acc: 68.12%, Loss: 0.9595
Epoch: 19, Batch: 280, Acc: 68.11%, Loss: 0.9640
Epoch: 19, Batch: 290, Acc: 68.05%, Loss: 1.0301
Epoch: 19, Batch: 300, Acc: 68.06%, Loss: 1.0373
Epoch: 19, Batch: 310, Acc: 68.07%, Loss: 0.9075
Epoch: 19, Batch: 320, Acc: 68.15%, Loss: 0.9018
Epoch: 19, Batch: 330, Acc: 68.14%, Loss: 0.9827
Epoch: 19, Batch: 340, Acc: 68.10%, Loss: 0.9682
Epoch: 19, Batch: 350, Acc: 68.06%, Loss: 0.9396
Epoch: 19, Batch: 360, Acc: 67.99%, Loss: 0.9898
Epoch: 19, Batch: 370, Acc: 67.87%, Loss: 1.0771
Epoch: 19, Batch: 380, Acc: 67.85%, Loss: 0.9615
Epoch: 19, Batch: 390, Acc: 67.85%, Loss: 0.9896
Epoch: 19, Batch: 400, Acc: 67.88%, Loss: 0.9598
Epoch: 19, Batch: 410, Acc: 67.90%, Loss: 0.9412
Epoch: 19, Batch: 420, Acc: 67.86%, Loss: 0.9895
Epoch: 19, Batch: 430, Acc: 67.87%, Loss: 0.9529
Epoch: 19, Batch: 440, Acc: 67.80%, Loss: 0.9904
Epoch: 19, Batch: 450, Acc: 67.78%, Loss: 1.0153
Epoch: 19, Batch: 460, Acc: 67.80%, Loss: 0.9764
Epoch: 19, Batch: 470, Acc: 67.83%, Loss: 0.9566
Epoch: 19, Batch: 480, Acc: 67.86%, Loss: 0.9378
Epoch: 19, Batch: 490, Acc: 67.82%, Loss: 0.9982
Epoch: 19, Batch: 500, Acc: 67.84%, Loss: 0.9626
Epoch: 19, Batch: 510, Acc: 67.86%, Loss: 0.9571
Epoch: 19, Batch: 520, Acc: 67.84%, Loss: 1.0071
Epoch: 19, Batch: 530, Acc: 67.83%, Loss: 0.9915
Epoch: 19, Batch: 540, Acc: 67.74%, Loss: 1.0691
Epoch: 19, Batch: 550, Acc: 67.80%, Loss: 0.9208
Epoch: 19, Batch: 560, Acc: 67.81%, Loss: 0.9658
Epoch: 19, Batch: 570, Acc: 67.84%, Loss: 0.9645
Epoch: 19, Batch: 580, Acc: 67.79%, Loss: 1.0690
Epoch: 19, Batch: 590, Acc: 67.83%, Loss: 0.9797
Epoch: 19, Batch: 600, Acc: 67.84%, Loss: 1.0091
Epoch: 19, Batch: 610, Acc: 67.85%, Loss: 0.9701
Epoch: 19, Batch: 620, Acc: 67.86%, Loss: 1.0039
Epoch: 19, Batch: 630, Acc: 67.85%, Loss: 1.0553
Epoch: 19, Batch: 640, Acc: 67.85%, Loss: 0.9776
Epoch: 19, Batch: 650, Acc: 67.82%, Loss: 1.0047
Epoch: 19, Batch: 660, Acc: 67.85%, Loss: 0.9612
Epoch: 19, Batch: 670, Acc: 67.81%, Loss: 1.0142
Epoch: 19, Batch: 680, Acc: 67.79%, Loss: 0.9892
Epoch: 19, Batch: 690, Acc: 67.76%, Loss: 1.0271
Epoch: 19, Batch: 700, Acc: 67.77%, Loss: 0.9341
Epoch: 19, Batch: 710, Acc: 67.75%, Loss: 1.0243
Epoch: 19, Batch: 720, Acc: 67.70%, Loss: 1.0314
Epoch: 19, Batch: 730, Acc: 67.71%, Loss: 0.9166
Epoch: 19, Batch: 740, Acc: 67.71%, Loss: 0.9937
Epoch: 19, Batch: 750, Acc: 67.72%, Loss: 0.9946
Epoch: 19, Batch: 760, Acc: 67.71%, Loss: 1.0041
Epoch: 19, Batch: 770, Acc: 67.73%, Loss: 0.9471
Epoch: 19, Batch: 780, Acc: 67.72%, Loss: 0.9986
Epoch: 19, Batch: 790, Acc: 67.71%, Loss: 1.0159
Epoch: 19, Batch: 800, Acc: 67.70%, Loss: 1.0407
Epoch: 19, Batch: 810, Acc: 67.70%, Loss: 1.0255
Epoch: 19, Batch: 820, Acc: 67.70%, Loss: 0.9521
Epoch: 19, Batch: 830, Acc: 67.68%, Loss: 1.0295
Epoch: 19, Batch: 840, Acc: 67.68%, Loss: 1.0642
Epoch: 19, Batch: 850, Acc: 67.65%, Loss: 1.0054
Epoch: 19, Batch: 860, Acc: 67.65%, Loss: 1.0360
Epoch: 19, Batch: 870, Acc: 67.66%, Loss: 1.0095
Epoch: 19, Batch: 880, Acc: 67.67%, Loss: 0.9680
Epoch: 19, Batch: 890, Acc: 67.68%, Loss: 0.9810
Epoch: 19, Batch: 900, Acc: 67.67%, Loss: 1.0507
Epoch: 19, Batch: 910, Acc: 67.68%, Loss: 0.9359
Epoch: 19, Batch: 920, Acc: 67.69%, Loss: 0.9522
Epoch: 19, Batch: 930, Acc: 67.71%, Loss: 0.9835
Accuracy on test set: 69.40%
Epoch: 20, Batch: 10, Acc: 67.66%, Loss: 0.9793
Epoch: 20, Batch: 20, Acc: 67.73%, Loss: 1.0220
Epoch: 20, Batch: 30, Acc: 68.07%, Loss: 0.9695
Epoch: 20, Batch: 40, Acc: 67.27%, Loss: 0.9965
Epoch: 20, Batch: 50, Acc: 67.47%, Loss: 1.0492
Epoch: 20, Batch: 60, Acc: 67.29%, Loss: 0.9739
Epoch: 20, Batch: 70, Acc: 66.96%, Loss: 1.0077
Epoch: 20, Batch: 80, Acc: 66.56%, Loss: 1.1013
Epoch: 20, Batch: 90, Acc: 66.56%, Loss: 0.9685
Epoch: 20, Batch: 100, Acc: 66.70%, Loss: 1.0143
Epoch: 20, Batch: 110, Acc: 66.73%, Loss: 1.0168
Epoch: 20, Batch: 120, Acc: 66.72%, Loss: 1.0224
Epoch: 20, Batch: 130, Acc: 66.77%, Loss: 0.9824
Epoch: 20, Batch: 140, Acc: 67.03%, Loss: 0.8808
Epoch: 20, Batch: 150, Acc: 66.84%, Loss: 1.0818
Epoch: 20, Batch: 160, Acc: 66.89%, Loss: 0.9861
Epoch: 20, Batch: 170, Acc: 66.89%, Loss: 0.9851
Epoch: 20, Batch: 180, Acc: 67.10%, Loss: 0.9501
Epoch: 20, Batch: 190, Acc: 67.18%, Loss: 0.9430
Epoch: 20, Batch: 200, Acc: 67.14%, Loss: 1.0410
Epoch: 20, Batch: 210, Acc: 67.17%, Loss: 1.0172
Epoch: 20, Batch: 220, Acc: 67.16%, Loss: 0.9838
Epoch: 20, Batch: 230, Acc: 67.15%, Loss: 0.9891
Epoch: 20, Batch: 240, Acc: 67.22%, Loss: 0.9777
Epoch: 20, Batch: 250, Acc: 67.21%, Loss: 1.0154
Epoch: 20, Batch: 260, Acc: 67.25%, Loss: 1.0296
Epoch: 20, Batch: 270, Acc: 67.35%, Loss: 0.9347
Epoch: 20, Batch: 280, Acc: 67.25%, Loss: 1.0525
Epoch: 20, Batch: 290, Acc: 67.37%, Loss: 0.9612
Epoch: 20, Batch: 300, Acc: 67.41%, Loss: 0.9501
Epoch: 20, Batch: 310, Acc: 67.41%, Loss: 1.0032
Epoch: 20, Batch: 320, Acc: 67.38%, Loss: 0.9985
Epoch: 20, Batch: 330, Acc: 67.43%, Loss: 0.9788
Epoch: 20, Batch: 340, Acc: 67.43%, Loss: 0.9801
Epoch: 20, Batch: 350, Acc: 67.31%, Loss: 1.0104
Epoch: 20, Batch: 360, Acc: 67.37%, Loss: 0.9659
Epoch: 20, Batch: 370, Acc: 67.42%, Loss: 0.9280
Epoch: 20, Batch: 380, Acc: 67.41%, Loss: 1.0249
Epoch: 20, Batch: 390, Acc: 67.47%, Loss: 0.9324
Epoch: 20, Batch: 400, Acc: 67.48%, Loss: 1.0026
Epoch: 20, Batch: 410, Acc: 67.45%, Loss: 1.0439
Epoch: 20, Batch: 420, Acc: 67.46%, Loss: 0.9469
Epoch: 20, Batch: 430, Acc: 67.53%, Loss: 0.9356
Epoch: 20, Batch: 440, Acc: 67.51%, Loss: 1.0071
Epoch: 20, Batch: 450, Acc: 67.53%, Loss: 0.9360
Epoch: 20, Batch: 460, Acc: 67.49%, Loss: 0.9621
Epoch: 20, Batch: 470, Acc: 67.54%, Loss: 0.9824
Epoch: 20, Batch: 480, Acc: 67.62%, Loss: 0.9580
Epoch: 20, Batch: 490, Acc: 67.61%, Loss: 0.9833
Epoch: 20, Batch: 500, Acc: 67.55%, Loss: 1.0317
Epoch: 20, Batch: 510, Acc: 67.57%, Loss: 0.9712
Epoch: 20, Batch: 520, Acc: 67.54%, Loss: 1.0388
Epoch: 20, Batch: 530, Acc: 67.56%, Loss: 0.9961
Epoch: 20, Batch: 540, Acc: 67.65%, Loss: 0.9146
Epoch: 20, Batch: 550, Acc: 67.63%, Loss: 0.9983
Epoch: 20, Batch: 560, Acc: 67.57%, Loss: 0.9946
Epoch: 20, Batch: 570, Acc: 67.54%, Loss: 0.9868
Epoch: 20, Batch: 580, Acc: 67.56%, Loss: 0.9703
Epoch: 20, Batch: 590, Acc: 67.55%, Loss: 0.9739
Epoch: 20, Batch: 600, Acc: 67.58%, Loss: 0.9612
Epoch: 20, Batch: 610, Acc: 67.63%, Loss: 0.9552
Epoch: 20, Batch: 620, Acc: 67.63%, Loss: 0.9720
Epoch: 20, Batch: 630, Acc: 67.63%, Loss: 1.0054
Epoch: 20, Batch: 640, Acc: 67.69%, Loss: 0.8783
Epoch: 20, Batch: 650, Acc: 67.69%, Loss: 0.9684
Epoch: 20, Batch: 660, Acc: 67.68%, Loss: 1.0314
Epoch: 20, Batch: 670, Acc: 67.71%, Loss: 0.9163
Epoch: 20, Batch: 680, Acc: 67.74%, Loss: 1.0026
Epoch: 20, Batch: 690, Acc: 67.73%, Loss: 0.9829
Epoch: 20, Batch: 700, Acc: 67.75%, Loss: 0.9272
Epoch: 20, Batch: 710, Acc: 67.77%, Loss: 1.0169
Epoch: 20, Batch: 720, Acc: 67.78%, Loss: 0.9449
Epoch: 20, Batch: 730, Acc: 67.80%, Loss: 0.9677
Epoch: 20, Batch: 740, Acc: 67.83%, Loss: 0.9688
Epoch: 20, Batch: 750, Acc: 67.78%, Loss: 1.0145
Epoch: 20, Batch: 760, Acc: 67.76%, Loss: 0.9703
Epoch: 20, Batch: 770, Acc: 67.78%, Loss: 0.9951
Epoch: 20, Batch: 780, Acc: 67.80%, Loss: 0.9462
Epoch: 20, Batch: 790, Acc: 67.86%, Loss: 0.9249
Epoch: 20, Batch: 800, Acc: 67.87%, Loss: 0.9563
Epoch: 20, Batch: 810, Acc: 67.87%, Loss: 0.9357
Epoch: 20, Batch: 820, Acc: 67.88%, Loss: 0.9492
Epoch: 20, Batch: 830, Acc: 67.89%, Loss: 0.9506
Epoch: 20, Batch: 840, Acc: 67.89%, Loss: 0.9128
Epoch: 20, Batch: 850, Acc: 67.91%, Loss: 0.9423
Epoch: 20, Batch: 860, Acc: 67.90%, Loss: 1.0158
Epoch: 20, Batch: 870, Acc: 67.85%, Loss: 1.0271
Epoch: 20, Batch: 880, Acc: 67.85%, Loss: 1.0170
Epoch: 20, Batch: 890, Acc: 67.85%, Loss: 0.9769
Epoch: 20, Batch: 900, Acc: 67.86%, Loss: 0.9960
Epoch: 20, Batch: 910, Acc: 67.87%, Loss: 0.9697
Epoch: 20, Batch: 920, Acc: 67.90%, Loss: 0.9345
Epoch: 20, Batch: 930, Acc: 67.95%, Loss: 0.9104
Accuracy on test set: 69.10%
Epoch: 21, Batch: 10, Acc: 66.72%, Loss: 1.0006
Epoch: 21, Batch: 20, Acc: 68.59%, Loss: 0.9322
Epoch: 21, Batch: 30, Acc: 68.49%, Loss: 0.9708
Epoch: 21, Batch: 40, Acc: 68.63%, Loss: 0.9570
Epoch: 21, Batch: 50, Acc: 67.97%, Loss: 1.0260
Epoch: 21, Batch: 60, Acc: 67.73%, Loss: 0.9729
Epoch: 21, Batch: 70, Acc: 67.30%, Loss: 1.0533
Epoch: 21, Batch: 80, Acc: 67.38%, Loss: 1.0280
Epoch: 21, Batch: 90, Acc: 67.41%, Loss: 0.9452
Epoch: 21, Batch: 100, Acc: 67.56%, Loss: 0.9876
Epoch: 21, Batch: 110, Acc: 67.34%, Loss: 1.0260
Epoch: 21, Batch: 120, Acc: 67.46%, Loss: 0.9508
Epoch: 21, Batch: 130, Acc: 67.49%, Loss: 1.0154
Epoch: 21, Batch: 140, Acc: 67.37%, Loss: 1.0111
Epoch: 21, Batch: 150, Acc: 67.59%, Loss: 0.9168
Epoch: 21, Batch: 160, Acc: 67.71%, Loss: 0.9549
Epoch: 21, Batch: 170, Acc: 67.82%, Loss: 0.9770
Epoch: 21, Batch: 180, Acc: 67.80%, Loss: 0.9825
Epoch: 21, Batch: 190, Acc: 67.81%, Loss: 0.9352
Epoch: 21, Batch: 200, Acc: 67.77%, Loss: 0.9502
Epoch: 21, Batch: 210, Acc: 67.75%, Loss: 1.0150
Epoch: 21, Batch: 220, Acc: 67.63%, Loss: 1.0237
Epoch: 21, Batch: 230, Acc: 67.70%, Loss: 0.9491
Epoch: 21, Batch: 240, Acc: 67.73%, Loss: 0.9609
Epoch: 21, Batch: 250, Acc: 67.87%, Loss: 0.9104
Epoch: 21, Batch: 260, Acc: 67.88%, Loss: 1.0078
Epoch: 21, Batch: 270, Acc: 67.89%, Loss: 1.0186
Epoch: 21, Batch: 280, Acc: 67.98%, Loss: 0.9279
Epoch: 21, Batch: 290, Acc: 68.12%, Loss: 0.9283
Epoch: 21, Batch: 300, Acc: 68.09%, Loss: 1.0139
Epoch: 21, Batch: 310, Acc: 68.11%, Loss: 0.9547
Epoch: 21, Batch: 320, Acc: 68.14%, Loss: 1.0384
Epoch: 21, Batch: 330, Acc: 68.09%, Loss: 0.9741
Epoch: 21, Batch: 340, Acc: 68.15%, Loss: 0.9718
Epoch: 21, Batch: 350, Acc: 68.26%, Loss: 0.9272
Epoch: 21, Batch: 360, Acc: 68.28%, Loss: 0.9380
Epoch: 21, Batch: 370, Acc: 68.26%, Loss: 0.9698
Epoch: 21, Batch: 380, Acc: 68.24%, Loss: 1.0178
Epoch: 21, Batch: 390, Acc: 68.18%, Loss: 1.0098
Epoch: 21, Batch: 400, Acc: 68.11%, Loss: 1.0045
Epoch: 21, Batch: 410, Acc: 68.08%, Loss: 1.0140
Epoch: 21, Batch: 420, Acc: 68.06%, Loss: 1.0289
Epoch: 21, Batch: 430, Acc: 68.04%, Loss: 0.9616
Epoch: 21, Batch: 440, Acc: 68.05%, Loss: 0.9845
Epoch: 21, Batch: 450, Acc: 68.15%, Loss: 0.9208
Epoch: 21, Batch: 460, Acc: 68.16%, Loss: 0.9878
Epoch: 21, Batch: 470, Acc: 68.20%, Loss: 0.9392
Epoch: 21, Batch: 480, Acc: 68.21%, Loss: 0.9252
Epoch: 21, Batch: 490, Acc: 68.23%, Loss: 0.9626
Epoch: 21, Batch: 500, Acc: 68.23%, Loss: 0.9700
Epoch: 21, Batch: 510, Acc: 68.20%, Loss: 1.0133
Epoch: 21, Batch: 520, Acc: 68.22%, Loss: 0.9151
Epoch: 21, Batch: 530, Acc: 68.21%, Loss: 0.9930
Epoch: 21, Batch: 540, Acc: 68.17%, Loss: 1.0344
Epoch: 21, Batch: 550, Acc: 68.19%, Loss: 0.9579
Epoch: 21, Batch: 560, Acc: 68.23%, Loss: 0.9691
Epoch: 21, Batch: 570, Acc: 68.19%, Loss: 1.0038
Epoch: 21, Batch: 580, Acc: 68.19%, Loss: 0.9781
Epoch: 21, Batch: 590, Acc: 68.20%, Loss: 0.9440
Epoch: 21, Batch: 600, Acc: 68.22%, Loss: 0.9891
Epoch: 21, Batch: 610, Acc: 68.25%, Loss: 0.9138
Epoch: 21, Batch: 620, Acc: 68.28%, Loss: 0.9114
Epoch: 21, Batch: 630, Acc: 68.24%, Loss: 1.0504
Epoch: 21, Batch: 640, Acc: 68.20%, Loss: 1.0007
Epoch: 21, Batch: 650, Acc: 68.20%, Loss: 0.9533
Epoch: 21, Batch: 660, Acc: 68.20%, Loss: 0.9179
Epoch: 21, Batch: 670, Acc: 68.25%, Loss: 0.9334
Epoch: 21, Batch: 680, Acc: 68.22%, Loss: 0.9790
Epoch: 21, Batch: 690, Acc: 68.22%, Loss: 0.9724
Epoch: 21, Batch: 700, Acc: 68.28%, Loss: 0.9184
Epoch: 21, Batch: 710, Acc: 68.28%, Loss: 0.9974
Epoch: 21, Batch: 720, Acc: 68.30%, Loss: 0.9885
Epoch: 21, Batch: 730, Acc: 68.34%, Loss: 0.8681
Epoch: 21, Batch: 740, Acc: 68.34%, Loss: 0.9701
Epoch: 21, Batch: 750, Acc: 68.32%, Loss: 0.9849
Epoch: 21, Batch: 760, Acc: 68.31%, Loss: 0.9745
Epoch: 21, Batch: 770, Acc: 68.32%, Loss: 0.9336
Epoch: 21, Batch: 780, Acc: 68.31%, Loss: 1.0182
Epoch: 21, Batch: 790, Acc: 68.26%, Loss: 1.0140
Epoch: 21, Batch: 800, Acc: 68.24%, Loss: 1.0140
Epoch: 21, Batch: 810, Acc: 68.22%, Loss: 0.9497
Epoch: 21, Batch: 820, Acc: 68.22%, Loss: 0.9532
Epoch: 21, Batch: 830, Acc: 68.21%, Loss: 1.0506
Epoch: 21, Batch: 840, Acc: 68.23%, Loss: 0.9291
Epoch: 21, Batch: 850, Acc: 68.22%, Loss: 0.9628
Epoch: 21, Batch: 860, Acc: 68.22%, Loss: 0.9242
Epoch: 21, Batch: 870, Acc: 68.27%, Loss: 0.8844
Epoch: 21, Batch: 880, Acc: 68.23%, Loss: 1.0172
Epoch: 21, Batch: 890, Acc: 68.24%, Loss: 0.9758
Epoch: 21, Batch: 900, Acc: 68.23%, Loss: 1.0492
Epoch: 21, Batch: 910, Acc: 68.23%, Loss: 0.9542
Epoch: 21, Batch: 920, Acc: 68.23%, Loss: 0.9718
Epoch: 21, Batch: 930, Acc: 68.20%, Loss: 0.9942
Accuracy on test set: 69.44%
Epoch: 22, Batch: 10, Acc: 65.94%, Loss: 1.0171
Epoch: 22, Batch: 20, Acc: 66.17%, Loss: 1.0594
Epoch: 22, Batch: 30, Acc: 67.14%, Loss: 0.9302
Epoch: 22, Batch: 40, Acc: 67.34%, Loss: 0.9525
Epoch: 22, Batch: 50, Acc: 68.09%, Loss: 0.9028
Epoch: 22, Batch: 60, Acc: 68.62%, Loss: 0.8948
Epoch: 22, Batch: 70, Acc: 68.68%, Loss: 0.9553
Epoch: 22, Batch: 80, Acc: 68.16%, Loss: 1.1026
Epoch: 22, Batch: 90, Acc: 68.18%, Loss: 0.9855
Epoch: 22, Batch: 100, Acc: 68.19%, Loss: 0.9740
Epoch: 22, Batch: 110, Acc: 68.07%, Loss: 1.0106
Epoch: 22, Batch: 120, Acc: 68.16%, Loss: 0.9560
Epoch: 22, Batch: 130, Acc: 68.06%, Loss: 0.9679
Epoch: 22, Batch: 140, Acc: 68.11%, Loss: 0.9391
Epoch: 22, Batch: 150, Acc: 68.18%, Loss: 0.9412
Epoch: 22, Batch: 160, Acc: 68.26%, Loss: 0.9412
Epoch: 22, Batch: 170, Acc: 68.27%, Loss: 0.9700
Epoch: 22, Batch: 180, Acc: 68.29%, Loss: 1.0091
Epoch: 22, Batch: 190, Acc: 68.30%, Loss: 0.9947
Epoch: 22, Batch: 200, Acc: 68.37%, Loss: 0.9296
Epoch: 22, Batch: 210, Acc: 68.42%, Loss: 0.9080
Epoch: 22, Batch: 220, Acc: 68.28%, Loss: 1.0477
Epoch: 22, Batch: 230, Acc: 68.51%, Loss: 0.8812
Epoch: 22, Batch: 240, Acc: 68.58%, Loss: 0.9536
Epoch: 22, Batch: 250, Acc: 68.47%, Loss: 0.9897
Epoch: 22, Batch: 260, Acc: 68.45%, Loss: 0.9307
Epoch: 22, Batch: 270, Acc: 68.44%, Loss: 1.0341
Epoch: 22, Batch: 280, Acc: 68.54%, Loss: 0.9104
Epoch: 22, Batch: 290, Acc: 68.55%, Loss: 0.9487
Epoch: 22, Batch: 300, Acc: 68.49%, Loss: 0.9316
Epoch: 22, Batch: 310, Acc: 68.51%, Loss: 0.9164
Epoch: 22, Batch: 320, Acc: 68.50%, Loss: 0.9540
Epoch: 22, Batch: 330, Acc: 68.54%, Loss: 0.9402
Epoch: 22, Batch: 340, Acc: 68.51%, Loss: 1.0058
Epoch: 22, Batch: 350, Acc: 68.47%, Loss: 0.9569
Epoch: 22, Batch: 360, Acc: 68.54%, Loss: 0.9519
Epoch: 22, Batch: 370, Acc: 68.52%, Loss: 0.9414
Epoch: 22, Batch: 380, Acc: 68.50%, Loss: 1.0106
Epoch: 22, Batch: 390, Acc: 68.47%, Loss: 0.9798
Epoch: 22, Batch: 400, Acc: 68.44%, Loss: 0.9979
Epoch: 22, Batch: 410, Acc: 68.39%, Loss: 0.9990
Epoch: 22, Batch: 420, Acc: 68.41%, Loss: 0.9596
Epoch: 22, Batch: 430, Acc: 68.41%, Loss: 0.9838
Epoch: 22, Batch: 440, Acc: 68.43%, Loss: 0.9334
Epoch: 22, Batch: 450, Acc: 68.42%, Loss: 0.9924
Epoch: 22, Batch: 460, Acc: 68.44%, Loss: 0.9533
Epoch: 22, Batch: 470, Acc: 68.40%, Loss: 1.0145
Epoch: 22, Batch: 480, Acc: 68.46%, Loss: 1.0026
Epoch: 22, Batch: 490, Acc: 68.49%, Loss: 0.9496
Epoch: 22, Batch: 500, Acc: 68.50%, Loss: 0.9415
Epoch: 22, Batch: 510, Acc: 68.46%, Loss: 0.9882
Epoch: 22, Batch: 520, Acc: 68.46%, Loss: 0.9452
Epoch: 22, Batch: 530, Acc: 68.50%, Loss: 0.9635
Epoch: 22, Batch: 540, Acc: 68.45%, Loss: 1.0449
Epoch: 22, Batch: 550, Acc: 68.49%, Loss: 0.9077
Epoch: 22, Batch: 560, Acc: 68.49%, Loss: 0.9967
Epoch: 22, Batch: 570, Acc: 68.52%, Loss: 0.9094
Epoch: 22, Batch: 580, Acc: 68.51%, Loss: 0.9582
Epoch: 22, Batch: 590, Acc: 68.50%, Loss: 0.9863
Epoch: 22, Batch: 600, Acc: 68.51%, Loss: 0.9445
Epoch: 22, Batch: 610, Acc: 68.43%, Loss: 1.0476
Epoch: 22, Batch: 620, Acc: 68.42%, Loss: 0.9482
Epoch: 22, Batch: 630, Acc: 68.40%, Loss: 0.9989
Epoch: 22, Batch: 640, Acc: 68.43%, Loss: 0.9071
Epoch: 22, Batch: 650, Acc: 68.45%, Loss: 0.9349
Epoch: 22, Batch: 660, Acc: 68.39%, Loss: 1.0825
Epoch: 22, Batch: 670, Acc: 68.41%, Loss: 0.9774
Epoch: 22, Batch: 680, Acc: 68.34%, Loss: 1.0598
Epoch: 22, Batch: 690, Acc: 68.37%, Loss: 0.9514
Epoch: 22, Batch: 700, Acc: 68.36%, Loss: 0.9969
Epoch: 22, Batch: 710, Acc: 68.32%, Loss: 0.9988
Epoch: 22, Batch: 720, Acc: 68.30%, Loss: 1.0387
Epoch: 22, Batch: 730, Acc: 68.26%, Loss: 1.0292
Epoch: 22, Batch: 740, Acc: 68.26%, Loss: 0.9622
Epoch: 22, Batch: 750, Acc: 68.24%, Loss: 0.9705
Epoch: 22, Batch: 760, Acc: 68.25%, Loss: 0.9148
Epoch: 22, Batch: 770, Acc: 68.25%, Loss: 0.9546
Epoch: 22, Batch: 780, Acc: 68.26%, Loss: 0.9324
Epoch: 22, Batch: 790, Acc: 68.26%, Loss: 0.9513
Epoch: 22, Batch: 800, Acc: 68.27%, Loss: 0.9361
Epoch: 22, Batch: 810, Acc: 68.26%, Loss: 1.0079
Epoch: 22, Batch: 820, Acc: 68.28%, Loss: 0.9232
Epoch: 22, Batch: 830, Acc: 68.31%, Loss: 0.9437
Epoch: 22, Batch: 840, Acc: 68.31%, Loss: 0.9473
Epoch: 22, Batch: 850, Acc: 68.31%, Loss: 0.9421
Epoch: 22, Batch: 860, Acc: 68.29%, Loss: 1.0162
Epoch: 22, Batch: 870, Acc: 68.29%, Loss: 0.9735
Epoch: 22, Batch: 880, Acc: 68.32%, Loss: 0.9107
Epoch: 22, Batch: 890, Acc: 68.31%, Loss: 0.9812
Epoch: 22, Batch: 900, Acc: 68.31%, Loss: 0.9765
Epoch: 22, Batch: 910, Acc: 68.30%, Loss: 0.9299
Epoch: 22, Batch: 920, Acc: 68.30%, Loss: 0.9518
Epoch: 22, Batch: 930, Acc: 68.32%, Loss: 0.9508
Accuracy on test set: 69.97%
Epoch: 23, Batch: 10, Acc: 68.91%, Loss: 0.9634
Epoch: 23, Batch: 20, Acc: 67.42%, Loss: 1.0505
Epoch: 23, Batch: 30, Acc: 67.71%, Loss: 0.9780
Epoch: 23, Batch: 40, Acc: 67.85%, Loss: 0.9852
Epoch: 23, Batch: 50, Acc: 68.06%, Loss: 0.9573
Epoch: 23, Batch: 60, Acc: 67.73%, Loss: 0.9780
Epoch: 23, Batch: 70, Acc: 67.61%, Loss: 0.9984
Epoch: 23, Batch: 80, Acc: 67.89%, Loss: 0.9595
Epoch: 23, Batch: 90, Acc: 68.00%, Loss: 1.0027
Epoch: 23, Batch: 100, Acc: 67.86%, Loss: 0.9707
Epoch: 23, Batch: 110, Acc: 67.91%, Loss: 0.9759
Epoch: 23, Batch: 120, Acc: 68.14%, Loss: 0.9341
Epoch: 23, Batch: 130, Acc: 68.20%, Loss: 0.9919
Epoch: 23, Batch: 140, Acc: 68.44%, Loss: 0.9394
Epoch: 23, Batch: 150, Acc: 68.31%, Loss: 0.9704
Epoch: 23, Batch: 160, Acc: 68.24%, Loss: 1.0160
Epoch: 23, Batch: 170, Acc: 68.38%, Loss: 0.9218
Epoch: 23, Batch: 180, Acc: 68.54%, Loss: 0.8884
Epoch: 23, Batch: 190, Acc: 68.59%, Loss: 0.9428
Epoch: 23, Batch: 200, Acc: 68.66%, Loss: 0.9523
Epoch: 23, Batch: 210, Acc: 68.69%, Loss: 0.9261
Epoch: 23, Batch: 220, Acc: 68.73%, Loss: 0.9662
Epoch: 23, Batch: 230, Acc: 68.83%, Loss: 0.9340
Epoch: 23, Batch: 240, Acc: 68.74%, Loss: 1.0283
Epoch: 23, Batch: 250, Acc: 68.78%, Loss: 1.0319
Epoch: 23, Batch: 260, Acc: 68.73%, Loss: 0.9818
Epoch: 23, Batch: 270, Acc: 68.88%, Loss: 0.8758
Epoch: 23, Batch: 280, Acc: 68.82%, Loss: 0.9895
Epoch: 23, Batch: 290, Acc: 68.82%, Loss: 0.9320
Epoch: 23, Batch: 300, Acc: 68.83%, Loss: 0.9324
Epoch: 23, Batch: 310, Acc: 68.74%, Loss: 1.0143
Epoch: 23, Batch: 320, Acc: 68.81%, Loss: 0.9111
Epoch: 23, Batch: 330, Acc: 68.72%, Loss: 0.9915
Epoch: 23, Batch: 340, Acc: 68.66%, Loss: 0.9938
Epoch: 23, Batch: 350, Acc: 68.64%, Loss: 0.9784
Epoch: 23, Batch: 360, Acc: 68.64%, Loss: 0.9973
Epoch: 23, Batch: 370, Acc: 68.59%, Loss: 0.9858
Epoch: 23, Batch: 380, Acc: 68.52%, Loss: 1.0001
Epoch: 23, Batch: 390, Acc: 68.46%, Loss: 0.9985
Epoch: 23, Batch: 400, Acc: 68.49%, Loss: 0.9667
Epoch: 23, Batch: 410, Acc: 68.51%, Loss: 0.9279
Epoch: 23, Batch: 420, Acc: 68.50%, Loss: 0.9382
Epoch: 23, Batch: 430, Acc: 68.51%, Loss: 0.9842
Epoch: 23, Batch: 440, Acc: 68.43%, Loss: 1.0163
Epoch: 23, Batch: 450, Acc: 68.45%, Loss: 0.9531
Epoch: 23, Batch: 460, Acc: 68.49%, Loss: 0.9276
Epoch: 23, Batch: 470, Acc: 68.44%, Loss: 1.0071
Epoch: 23, Batch: 480, Acc: 68.42%, Loss: 0.9915
Epoch: 23, Batch: 490, Acc: 68.42%, Loss: 0.9292
Epoch: 23, Batch: 500, Acc: 68.42%, Loss: 0.9421
Epoch: 23, Batch: 510, Acc: 68.41%, Loss: 0.9522
Epoch: 23, Batch: 520, Acc: 68.40%, Loss: 0.9615
Epoch: 23, Batch: 530, Acc: 68.38%, Loss: 0.9592
Epoch: 23, Batch: 540, Acc: 68.40%, Loss: 0.9825
Epoch: 23, Batch: 550, Acc: 68.35%, Loss: 0.9566
Epoch: 23, Batch: 560, Acc: 68.39%, Loss: 0.9191
Epoch: 23, Batch: 570, Acc: 68.39%, Loss: 0.9424
Epoch: 23, Batch: 580, Acc: 68.40%, Loss: 0.9536
Epoch: 23, Batch: 590, Acc: 68.40%, Loss: 0.9886
Epoch: 23, Batch: 600, Acc: 68.46%, Loss: 0.9181
Epoch: 23, Batch: 610, Acc: 68.46%, Loss: 0.9242
Epoch: 23, Batch: 620, Acc: 68.43%, Loss: 1.0150
Epoch: 23, Batch: 630, Acc: 68.45%, Loss: 0.9159
Epoch: 23, Batch: 640, Acc: 68.50%, Loss: 0.9160
Epoch: 23, Batch: 650, Acc: 68.48%, Loss: 0.9747
Epoch: 23, Batch: 660, Acc: 68.48%, Loss: 0.9966
Epoch: 23, Batch: 670, Acc: 68.49%, Loss: 0.9482
Epoch: 23, Batch: 680, Acc: 68.51%, Loss: 0.9203
Epoch: 23, Batch: 690, Acc: 68.51%, Loss: 0.9497
Epoch: 23, Batch: 700, Acc: 68.47%, Loss: 1.0089
Epoch: 23, Batch: 710, Acc: 68.49%, Loss: 0.9546
Epoch: 23, Batch: 720, Acc: 68.51%, Loss: 0.9428
Epoch: 23, Batch: 730, Acc: 68.54%, Loss: 0.9614
Epoch: 23, Batch: 740, Acc: 68.54%, Loss: 0.9563
Epoch: 23, Batch: 750, Acc: 68.57%, Loss: 0.9581
Epoch: 23, Batch: 760, Acc: 68.54%, Loss: 0.9584
Epoch: 23, Batch: 770, Acc: 68.55%, Loss: 0.9414
Epoch: 23, Batch: 780, Acc: 68.57%, Loss: 0.9145
Epoch: 23, Batch: 790, Acc: 68.56%, Loss: 0.9692
Epoch: 23, Batch: 800, Acc: 68.53%, Loss: 1.0267
Epoch: 23, Batch: 810, Acc: 68.50%, Loss: 1.0511
Epoch: 23, Batch: 820, Acc: 68.52%, Loss: 0.9315
Epoch: 23, Batch: 830, Acc: 68.53%, Loss: 0.9546
Epoch: 23, Batch: 840, Acc: 68.52%, Loss: 1.0353
Epoch: 23, Batch: 850, Acc: 68.51%, Loss: 0.9888
Epoch: 23, Batch: 860, Acc: 68.53%, Loss: 0.9026
Epoch: 23, Batch: 870, Acc: 68.51%, Loss: 0.9270
Epoch: 23, Batch: 880, Acc: 68.54%, Loss: 0.9228
Epoch: 23, Batch: 890, Acc: 68.53%, Loss: 0.9510
Epoch: 23, Batch: 900, Acc: 68.57%, Loss: 0.8955
Epoch: 23, Batch: 910, Acc: 68.58%, Loss: 0.8874
Epoch: 23, Batch: 920, Acc: 68.58%, Loss: 0.9417
Epoch: 23, Batch: 930, Acc: 68.59%, Loss: 0.9636
Accuracy on test set: 70.09%
Epoch: 24, Batch: 10, Acc: 67.19%, Loss: 1.0001
Epoch: 24, Batch: 20, Acc: 67.11%, Loss: 0.9481
Epoch: 24, Batch: 30, Acc: 68.02%, Loss: 0.9849
Epoch: 24, Batch: 40, Acc: 68.83%, Loss: 0.9818
Epoch: 24, Batch: 50, Acc: 68.53%, Loss: 0.9534
Epoch: 24, Batch: 60, Acc: 68.36%, Loss: 0.9815
Epoch: 24, Batch: 70, Acc: 67.81%, Loss: 1.0224
Epoch: 24, Batch: 80, Acc: 68.30%, Loss: 0.9167
Epoch: 24, Batch: 90, Acc: 67.97%, Loss: 1.0160
Epoch: 24, Batch: 100, Acc: 67.94%, Loss: 0.9781
Epoch: 24, Batch: 110, Acc: 68.17%, Loss: 0.9611
Epoch: 24, Batch: 120, Acc: 68.24%, Loss: 0.9322
Epoch: 24, Batch: 130, Acc: 68.61%, Loss: 0.9006
Epoch: 24, Batch: 140, Acc: 68.67%, Loss: 0.9682
Epoch: 24, Batch: 150, Acc: 68.53%, Loss: 1.0096
Epoch: 24, Batch: 160, Acc: 68.57%, Loss: 0.9614
Epoch: 24, Batch: 170, Acc: 68.46%, Loss: 0.9935
Epoch: 24, Batch: 180, Acc: 68.48%, Loss: 0.9343
Epoch: 24, Batch: 190, Acc: 68.51%, Loss: 0.9462
Epoch: 24, Batch: 200, Acc: 68.44%, Loss: 0.9836
Epoch: 24, Batch: 210, Acc: 68.38%, Loss: 0.9111
Epoch: 24, Batch: 220, Acc: 68.41%, Loss: 0.9621
Epoch: 24, Batch: 230, Acc: 68.55%, Loss: 0.9133
Epoch: 24, Batch: 240, Acc: 68.57%, Loss: 0.9877
Epoch: 24, Batch: 250, Acc: 68.60%, Loss: 0.9420
Epoch: 24, Batch: 260, Acc: 68.56%, Loss: 0.9647
Epoch: 24, Batch: 270, Acc: 68.53%, Loss: 0.9443
Epoch: 24, Batch: 280, Acc: 68.57%, Loss: 0.9456
Epoch: 24, Batch: 290, Acc: 68.63%, Loss: 0.9190
Epoch: 24, Batch: 300, Acc: 68.82%, Loss: 0.8670
Epoch: 24, Batch: 310, Acc: 68.78%, Loss: 1.0173
Epoch: 24, Batch: 320, Acc: 68.68%, Loss: 0.9718
Epoch: 24, Batch: 330, Acc: 68.66%, Loss: 0.9818
Epoch: 24, Batch: 340, Acc: 68.69%, Loss: 0.9504
Epoch: 24, Batch: 350, Acc: 68.70%, Loss: 0.9670
Epoch: 24, Batch: 360, Acc: 68.63%, Loss: 1.0145
Epoch: 24, Batch: 370, Acc: 68.60%, Loss: 1.0204
Epoch: 24, Batch: 380, Acc: 68.67%, Loss: 0.8622
Epoch: 24, Batch: 390, Acc: 68.63%, Loss: 0.9572
Epoch: 24, Batch: 400, Acc: 68.67%, Loss: 0.9180
Epoch: 24, Batch: 410, Acc: 68.66%, Loss: 0.9690
Epoch: 24, Batch: 420, Acc: 68.67%, Loss: 0.9759
Epoch: 24, Batch: 430, Acc: 68.69%, Loss: 0.9574
Epoch: 24, Batch: 440, Acc: 68.69%, Loss: 0.9239
Epoch: 24, Batch: 450, Acc: 68.70%, Loss: 0.9625
Epoch: 24, Batch: 460, Acc: 68.71%, Loss: 0.9551
Epoch: 24, Batch: 470, Acc: 68.62%, Loss: 1.0669
Epoch: 24, Batch: 480, Acc: 68.63%, Loss: 0.9660
Epoch: 24, Batch: 490, Acc: 68.67%, Loss: 0.9433
Epoch: 24, Batch: 500, Acc: 68.65%, Loss: 0.9643
Epoch: 24, Batch: 510, Acc: 68.63%, Loss: 1.0113
Epoch: 24, Batch: 520, Acc: 68.63%, Loss: 0.9051
Epoch: 24, Batch: 530, Acc: 68.61%, Loss: 0.9757
Epoch: 24, Batch: 540, Acc: 68.60%, Loss: 0.9774
Epoch: 24, Batch: 550, Acc: 68.58%, Loss: 0.9770
Epoch: 24, Batch: 560, Acc: 68.55%, Loss: 0.9486
Epoch: 24, Batch: 570, Acc: 68.60%, Loss: 0.9896
Epoch: 24, Batch: 580, Acc: 68.65%, Loss: 0.9478
Epoch: 24, Batch: 590, Acc: 68.69%, Loss: 0.9226
Epoch: 24, Batch: 600, Acc: 68.71%, Loss: 0.8986
Epoch: 24, Batch: 610, Acc: 68.70%, Loss: 0.9152
Epoch: 24, Batch: 620, Acc: 68.70%, Loss: 0.9060
Epoch: 24, Batch: 630, Acc: 68.74%, Loss: 1.0056
Epoch: 24, Batch: 640, Acc: 68.75%, Loss: 0.9468
Epoch: 24, Batch: 650, Acc: 68.75%, Loss: 0.9817
Epoch: 24, Batch: 660, Acc: 68.75%, Loss: 0.9542
Epoch: 24, Batch: 670, Acc: 68.76%, Loss: 0.9079
Epoch: 24, Batch: 680, Acc: 68.77%, Loss: 0.9253
Epoch: 24, Batch: 690, Acc: 68.81%, Loss: 0.9658
Epoch: 24, Batch: 700, Acc: 68.79%, Loss: 0.9873
Epoch: 24, Batch: 710, Acc: 68.80%, Loss: 0.9071
Epoch: 24, Batch: 720, Acc: 68.78%, Loss: 0.9575
Epoch: 24, Batch: 730, Acc: 68.80%, Loss: 0.8925
Epoch: 24, Batch: 740, Acc: 68.80%, Loss: 0.9666
Epoch: 24, Batch: 750, Acc: 68.77%, Loss: 0.9886
Epoch: 24, Batch: 760, Acc: 68.80%, Loss: 0.8399
Epoch: 24, Batch: 770, Acc: 68.79%, Loss: 0.9909
Epoch: 24, Batch: 780, Acc: 68.77%, Loss: 0.9727
Epoch: 24, Batch: 790, Acc: 68.76%, Loss: 0.9458
Epoch: 24, Batch: 800, Acc: 68.77%, Loss: 1.0413
Epoch: 24, Batch: 810, Acc: 68.80%, Loss: 0.8645
Epoch: 24, Batch: 820, Acc: 68.80%, Loss: 1.0015
Epoch: 24, Batch: 830, Acc: 68.77%, Loss: 1.0099
Epoch: 24, Batch: 840, Acc: 68.77%, Loss: 0.9102
Epoch: 24, Batch: 850, Acc: 68.79%, Loss: 0.9140
Epoch: 24, Batch: 860, Acc: 68.74%, Loss: 1.0433
Epoch: 24, Batch: 870, Acc: 68.74%, Loss: 0.9545
Epoch: 24, Batch: 880, Acc: 68.74%, Loss: 0.9234
Epoch: 24, Batch: 890, Acc: 68.74%, Loss: 0.9664
Epoch: 24, Batch: 900, Acc: 68.76%, Loss: 0.9229
Epoch: 24, Batch: 910, Acc: 68.74%, Loss: 0.9857
Epoch: 24, Batch: 920, Acc: 68.75%, Loss: 0.9537
Epoch: 24, Batch: 930, Acc: 68.74%, Loss: 0.9558
Accuracy on test set: 69.78%
Epoch: 25, Batch: 10, Acc: 68.75%, Loss: 0.9669
Epoch: 25, Batch: 20, Acc: 67.03%, Loss: 1.0158
Epoch: 25, Batch: 30, Acc: 67.92%, Loss: 0.9348
Epoch: 25, Batch: 40, Acc: 68.67%, Loss: 0.9350
Epoch: 25, Batch: 50, Acc: 68.09%, Loss: 1.0295
Epoch: 25, Batch: 60, Acc: 68.20%, Loss: 0.9344
Epoch: 25, Batch: 70, Acc: 67.68%, Loss: 1.0380
Epoch: 25, Batch: 80, Acc: 67.54%, Loss: 0.9480
Epoch: 25, Batch: 90, Acc: 68.00%, Loss: 0.9044
Epoch: 25, Batch: 100, Acc: 67.86%, Loss: 0.9904
Epoch: 25, Batch: 110, Acc: 68.01%, Loss: 0.9563
Epoch: 25, Batch: 120, Acc: 67.98%, Loss: 0.9749
Epoch: 25, Batch: 130, Acc: 67.99%, Loss: 0.9917
Epoch: 25, Batch: 140, Acc: 68.16%, Loss: 1.0009
Epoch: 25, Batch: 150, Acc: 68.20%, Loss: 0.9730
Epoch: 25, Batch: 160, Acc: 68.07%, Loss: 1.0187
Epoch: 25, Batch: 170, Acc: 67.98%, Loss: 0.9823
Epoch: 25, Batch: 180, Acc: 68.01%, Loss: 0.9232
Epoch: 25, Batch: 190, Acc: 68.14%, Loss: 0.9699
Epoch: 25, Batch: 200, Acc: 68.16%, Loss: 0.9626
Epoch: 25, Batch: 210, Acc: 68.25%, Loss: 0.8986
Epoch: 25, Batch: 220, Acc: 68.38%, Loss: 0.8457
Epoch: 25, Batch: 230, Acc: 68.38%, Loss: 0.9620
Epoch: 25, Batch: 240, Acc: 68.36%, Loss: 0.9993
Epoch: 25, Batch: 250, Acc: 68.46%, Loss: 0.9224
Epoch: 25, Batch: 260, Acc: 68.57%, Loss: 0.9370
Epoch: 25, Batch: 270, Acc: 68.66%, Loss: 0.8881
Epoch: 25, Batch: 280, Acc: 68.66%, Loss: 0.9202
Epoch: 25, Batch: 290, Acc: 68.66%, Loss: 0.9215
Epoch: 25, Batch: 300, Acc: 68.67%, Loss: 0.9553
Epoch: 25, Batch: 310, Acc: 68.62%, Loss: 0.9774
Epoch: 25, Batch: 320, Acc: 68.71%, Loss: 0.9107
Epoch: 25, Batch: 330, Acc: 68.73%, Loss: 0.9847
Epoch: 25, Batch: 340, Acc: 68.76%, Loss: 0.8608
Epoch: 25, Batch: 350, Acc: 68.87%, Loss: 0.8974
Epoch: 25, Batch: 360, Acc: 68.94%, Loss: 0.8889
Epoch: 25, Batch: 370, Acc: 68.83%, Loss: 1.1112
Epoch: 25, Batch: 380, Acc: 68.89%, Loss: 0.9595
Epoch: 25, Batch: 390, Acc: 68.88%, Loss: 0.9627
Epoch: 25, Batch: 400, Acc: 68.93%, Loss: 0.9708
Epoch: 25, Batch: 410, Acc: 68.97%, Loss: 0.9725
Epoch: 25, Batch: 420, Acc: 68.92%, Loss: 0.9740
Epoch: 25, Batch: 430, Acc: 68.99%, Loss: 0.9497
Epoch: 25, Batch: 440, Acc: 68.94%, Loss: 0.9512
Epoch: 25, Batch: 450, Acc: 68.98%, Loss: 0.9430
Epoch: 25, Batch: 460, Acc: 68.97%, Loss: 0.9678
Epoch: 25, Batch: 470, Acc: 68.96%, Loss: 0.9677
Epoch: 25, Batch: 480, Acc: 68.91%, Loss: 0.9617
Epoch: 25, Batch: 490, Acc: 68.95%, Loss: 0.8913
Epoch: 25, Batch: 500, Acc: 68.96%, Loss: 0.9787
Epoch: 25, Batch: 510, Acc: 68.94%, Loss: 0.9539
Epoch: 25, Batch: 520, Acc: 68.95%, Loss: 0.9230
Epoch: 25, Batch: 530, Acc: 68.98%, Loss: 0.9012
Epoch: 25, Batch: 540, Acc: 68.95%, Loss: 0.9719
Epoch: 25, Batch: 550, Acc: 68.95%, Loss: 0.9533
Epoch: 25, Batch: 560, Acc: 68.96%, Loss: 0.9207
Epoch: 25, Batch: 570, Acc: 68.99%, Loss: 0.9789
Epoch: 25, Batch: 580, Acc: 69.04%, Loss: 0.8686
Epoch: 25, Batch: 590, Acc: 69.00%, Loss: 1.0179
Epoch: 25, Batch: 600, Acc: 69.02%, Loss: 0.9192
Epoch: 25, Batch: 610, Acc: 69.01%, Loss: 0.8780
Epoch: 25, Batch: 620, Acc: 69.02%, Loss: 0.9685
Epoch: 25, Batch: 630, Acc: 69.02%, Loss: 0.9019
Epoch: 25, Batch: 640, Acc: 69.00%, Loss: 0.9818
Epoch: 25, Batch: 650, Acc: 68.99%, Loss: 0.9875
Epoch: 25, Batch: 660, Acc: 69.01%, Loss: 0.9352
Epoch: 25, Batch: 670, Acc: 69.01%, Loss: 0.9234
Epoch: 25, Batch: 680, Acc: 69.05%, Loss: 0.8827
Epoch: 25, Batch: 690, Acc: 69.07%, Loss: 0.8998
Epoch: 25, Batch: 700, Acc: 69.11%, Loss: 0.9157
Epoch: 25, Batch: 710, Acc: 69.10%, Loss: 0.9380
Epoch: 25, Batch: 720, Acc: 69.09%, Loss: 0.9456
Epoch: 25, Batch: 730, Acc: 69.08%, Loss: 0.9540
Epoch: 25, Batch: 740, Acc: 69.07%, Loss: 0.9572
Epoch: 25, Batch: 750, Acc: 69.08%, Loss: 0.9228
Epoch: 25, Batch: 760, Acc: 69.11%, Loss: 0.9053
Epoch: 25, Batch: 770, Acc: 69.08%, Loss: 0.9910
Epoch: 25, Batch: 780, Acc: 69.06%, Loss: 0.9877
Epoch: 25, Batch: 790, Acc: 69.05%, Loss: 0.9730
Epoch: 25, Batch: 800, Acc: 69.03%, Loss: 1.0343
Epoch: 25, Batch: 810, Acc: 69.04%, Loss: 0.9218
Epoch: 25, Batch: 820, Acc: 69.02%, Loss: 0.9775
Epoch: 25, Batch: 830, Acc: 69.04%, Loss: 0.9362
Epoch: 25, Batch: 840, Acc: 69.01%, Loss: 0.9632
Epoch: 25, Batch: 850, Acc: 69.01%, Loss: 0.9145
Epoch: 25, Batch: 860, Acc: 69.04%, Loss: 0.8805
Epoch: 25, Batch: 870, Acc: 69.02%, Loss: 0.9379
Epoch: 25, Batch: 880, Acc: 69.05%, Loss: 0.9249
Epoch: 25, Batch: 890, Acc: 69.04%, Loss: 0.9545
Epoch: 25, Batch: 900, Acc: 69.03%, Loss: 0.9844
Epoch: 25, Batch: 910, Acc: 69.03%, Loss: 0.9471
Epoch: 25, Batch: 920, Acc: 69.05%, Loss: 0.9866
Epoch: 25, Batch: 930, Acc: 69.01%, Loss: 1.0005
Accuracy on test set: 70.65%
Epoch: 26, Batch: 10, Acc: 69.06%, Loss: 0.9770
Epoch: 26, Batch: 20, Acc: 67.19%, Loss: 1.0265
Epoch: 26, Batch: 30, Acc: 68.07%, Loss: 0.9435
Epoch: 26, Batch: 40, Acc: 68.75%, Loss: 0.8905
Epoch: 26, Batch: 50, Acc: 68.41%, Loss: 1.0032
Epoch: 26, Batch: 60, Acc: 68.54%, Loss: 0.9559
Epoch: 26, Batch: 70, Acc: 68.97%, Loss: 0.8931
Epoch: 26, Batch: 80, Acc: 68.95%, Loss: 0.9974
Epoch: 26, Batch: 90, Acc: 68.77%, Loss: 0.9425
Epoch: 26, Batch: 100, Acc: 68.78%, Loss: 0.9292
Epoch: 26, Batch: 110, Acc: 68.72%, Loss: 0.9353
Epoch: 26, Batch: 120, Acc: 68.92%, Loss: 0.9093
Epoch: 26, Batch: 130, Acc: 68.98%, Loss: 0.9171
Epoch: 26, Batch: 140, Acc: 69.11%, Loss: 0.8839
Epoch: 26, Batch: 150, Acc: 68.95%, Loss: 0.9731
Epoch: 26, Batch: 160, Acc: 69.24%, Loss: 0.8524
Epoch: 26, Batch: 170, Acc: 69.21%, Loss: 0.9786
Epoch: 26, Batch: 180, Acc: 69.22%, Loss: 0.9390
Epoch: 26, Batch: 190, Acc: 69.19%, Loss: 0.9580
Epoch: 26, Batch: 200, Acc: 69.19%, Loss: 0.9157
Epoch: 26, Batch: 210, Acc: 69.14%, Loss: 0.9219
Epoch: 26, Batch: 220, Acc: 69.10%, Loss: 0.9615
Epoch: 26, Batch: 230, Acc: 69.04%, Loss: 0.9869
Epoch: 26, Batch: 240, Acc: 69.03%, Loss: 0.9835
Epoch: 26, Batch: 250, Acc: 69.03%, Loss: 0.9472
Epoch: 26, Batch: 260, Acc: 69.01%, Loss: 0.9294
Epoch: 26, Batch: 270, Acc: 68.92%, Loss: 0.9909
Epoch: 26, Batch: 280, Acc: 69.00%, Loss: 0.9486
Epoch: 26, Batch: 290, Acc: 68.99%, Loss: 0.9223
Epoch: 26, Batch: 300, Acc: 69.07%, Loss: 0.9301
Epoch: 26, Batch: 310, Acc: 69.07%, Loss: 0.9375
Epoch: 26, Batch: 320, Acc: 69.02%, Loss: 0.9559
Epoch: 26, Batch: 330, Acc: 69.03%, Loss: 0.9787
Epoch: 26, Batch: 340, Acc: 69.07%, Loss: 0.9538
Epoch: 26, Batch: 350, Acc: 69.08%, Loss: 0.9155
Epoch: 26, Batch: 360, Acc: 69.06%, Loss: 1.0551
Epoch: 26, Batch: 370, Acc: 69.05%, Loss: 0.9938
Epoch: 26, Batch: 380, Acc: 69.06%, Loss: 0.9252
Epoch: 26, Batch: 390, Acc: 69.02%, Loss: 0.9222
Epoch: 26, Batch: 400, Acc: 69.09%, Loss: 0.9615
Epoch: 26, Batch: 410, Acc: 69.09%, Loss: 0.9319
Epoch: 26, Batch: 420, Acc: 69.06%, Loss: 0.9306
Epoch: 26, Batch: 430, Acc: 69.04%, Loss: 0.9734
Epoch: 26, Batch: 440, Acc: 69.03%, Loss: 0.9912
Epoch: 26, Batch: 450, Acc: 69.06%, Loss: 0.8836
Epoch: 26, Batch: 460, Acc: 69.03%, Loss: 0.9626
Epoch: 26, Batch: 470, Acc: 69.02%, Loss: 0.9514
Epoch: 26, Batch: 480, Acc: 69.01%, Loss: 0.9076
Epoch: 26, Batch: 490, Acc: 69.05%, Loss: 0.9200
Epoch: 26, Batch: 500, Acc: 69.09%, Loss: 0.9016
Epoch: 26, Batch: 510, Acc: 69.07%, Loss: 0.9321
Epoch: 26, Batch: 520, Acc: 69.03%, Loss: 0.9819
Epoch: 26, Batch: 530, Acc: 69.04%, Loss: 0.9985
Epoch: 26, Batch: 540, Acc: 69.06%, Loss: 0.9677
Epoch: 26, Batch: 550, Acc: 69.07%, Loss: 0.9288
Epoch: 26, Batch: 560, Acc: 69.12%, Loss: 0.9261
Epoch: 26, Batch: 570, Acc: 69.14%, Loss: 0.9336
Epoch: 26, Batch: 580, Acc: 69.14%, Loss: 0.9775
Epoch: 26, Batch: 590, Acc: 69.14%, Loss: 0.9349
Epoch: 26, Batch: 600, Acc: 69.18%, Loss: 0.8751
Epoch: 26, Batch: 610, Acc: 69.19%, Loss: 0.9860
Epoch: 26, Batch: 620, Acc: 69.16%, Loss: 0.9786
Epoch: 26, Batch: 630, Acc: 69.14%, Loss: 0.9751
Epoch: 26, Batch: 640, Acc: 69.10%, Loss: 0.9277
Epoch: 26, Batch: 650, Acc: 69.10%, Loss: 0.9204
Epoch: 26, Batch: 660, Acc: 69.04%, Loss: 1.0359
Epoch: 26, Batch: 670, Acc: 69.07%, Loss: 0.9498
Epoch: 26, Batch: 680, Acc: 69.06%, Loss: 0.9987
Epoch: 26, Batch: 690, Acc: 69.03%, Loss: 0.9512
Epoch: 26, Batch: 700, Acc: 69.07%, Loss: 0.9403
Epoch: 26, Batch: 710, Acc: 69.09%, Loss: 0.9198
Epoch: 26, Batch: 720, Acc: 69.06%, Loss: 0.9907
Epoch: 26, Batch: 730, Acc: 69.03%, Loss: 0.9617
Epoch: 26, Batch: 740, Acc: 69.05%, Loss: 0.9958
Epoch: 26, Batch: 750, Acc: 69.07%, Loss: 0.9512
Epoch: 26, Batch: 760, Acc: 69.11%, Loss: 0.9217
Epoch: 26, Batch: 770, Acc: 69.10%, Loss: 0.9264
Epoch: 26, Batch: 780, Acc: 69.09%, Loss: 0.9492
Epoch: 26, Batch: 790, Acc: 69.12%, Loss: 0.9066
Epoch: 26, Batch: 800, Acc: 69.11%, Loss: 0.9226
Epoch: 26, Batch: 810, Acc: 69.13%, Loss: 0.9223
Epoch: 26, Batch: 820, Acc: 69.13%, Loss: 0.9033
Epoch: 26, Batch: 830, Acc: 69.16%, Loss: 0.9008
Epoch: 26, Batch: 840, Acc: 69.15%, Loss: 0.9286
Epoch: 26, Batch: 850, Acc: 69.17%, Loss: 0.8896
Epoch: 26, Batch: 860, Acc: 69.19%, Loss: 0.9312
Epoch: 26, Batch: 870, Acc: 69.19%, Loss: 0.9307
Epoch: 26, Batch: 880, Acc: 69.17%, Loss: 0.9436
Epoch: 26, Batch: 890, Acc: 69.19%, Loss: 0.9003
Epoch: 26, Batch: 900, Acc: 69.17%, Loss: 0.9663
Epoch: 26, Batch: 910, Acc: 69.18%, Loss: 0.9212
Epoch: 26, Batch: 920, Acc: 69.15%, Loss: 0.9798
Epoch: 26, Batch: 930, Acc: 69.15%, Loss: 0.9042
Accuracy on test set: 70.20%
Epoch: 27, Batch: 10, Acc: 68.12%, Loss: 0.9061
Epoch: 27, Batch: 20, Acc: 68.67%, Loss: 0.9639
Epoch: 27, Batch: 30, Acc: 67.86%, Loss: 0.9826
Epoch: 27, Batch: 40, Acc: 67.66%, Loss: 0.9711
Epoch: 27, Batch: 50, Acc: 68.06%, Loss: 0.9247
Epoch: 27, Batch: 60, Acc: 67.92%, Loss: 0.9958
Epoch: 27, Batch: 70, Acc: 68.24%, Loss: 0.9493
Epoch: 27, Batch: 80, Acc: 68.54%, Loss: 0.9421
Epoch: 27, Batch: 90, Acc: 68.94%, Loss: 0.9039
Epoch: 27, Batch: 100, Acc: 68.83%, Loss: 0.9486
Epoch: 27, Batch: 110, Acc: 68.93%, Loss: 0.9211
Epoch: 27, Batch: 120, Acc: 69.15%, Loss: 0.8615
Epoch: 27, Batch: 130, Acc: 69.03%, Loss: 0.9842
Epoch: 27, Batch: 140, Acc: 68.95%, Loss: 1.0023
Epoch: 27, Batch: 150, Acc: 69.06%, Loss: 0.9262
Epoch: 27, Batch: 160, Acc: 68.92%, Loss: 0.9702
Epoch: 27, Batch: 170, Acc: 68.91%, Loss: 0.9407
Epoch: 27, Batch: 180, Acc: 68.83%, Loss: 0.9713
Epoch: 27, Batch: 190, Acc: 68.84%, Loss: 0.9558
Epoch: 27, Batch: 200, Acc: 68.91%, Loss: 0.8783
Epoch: 27, Batch: 210, Acc: 69.01%, Loss: 0.9019
Epoch: 27, Batch: 220, Acc: 68.86%, Loss: 1.0154
Epoch: 27, Batch: 230, Acc: 68.85%, Loss: 1.0007
Epoch: 27, Batch: 240, Acc: 68.81%, Loss: 0.9870
Epoch: 27, Batch: 250, Acc: 68.82%, Loss: 0.9527
Epoch: 27, Batch: 260, Acc: 68.96%, Loss: 0.9382
Epoch: 27, Batch: 270, Acc: 69.06%, Loss: 0.8999
Epoch: 27, Batch: 280, Acc: 69.11%, Loss: 0.9057
Epoch: 27, Batch: 290, Acc: 69.04%, Loss: 0.9762
Epoch: 27, Batch: 300, Acc: 69.13%, Loss: 0.8791
Epoch: 27, Batch: 310, Acc: 69.06%, Loss: 0.9497
Epoch: 27, Batch: 320, Acc: 69.01%, Loss: 0.9302
Epoch: 27, Batch: 330, Acc: 69.09%, Loss: 0.9250
Epoch: 27, Batch: 340, Acc: 69.13%, Loss: 0.8883
Epoch: 27, Batch: 350, Acc: 69.13%, Loss: 0.9000
Epoch: 27, Batch: 360, Acc: 69.09%, Loss: 0.9736
Epoch: 27, Batch: 370, Acc: 69.21%, Loss: 0.8802
Epoch: 27, Batch: 380, Acc: 69.11%, Loss: 0.9801
Epoch: 27, Batch: 390, Acc: 69.17%, Loss: 0.9373
Epoch: 27, Batch: 400, Acc: 69.32%, Loss: 0.8307
Epoch: 27, Batch: 410, Acc: 69.30%, Loss: 0.9086
Epoch: 27, Batch: 420, Acc: 69.33%, Loss: 0.9037
Epoch: 27, Batch: 430, Acc: 69.30%, Loss: 0.9547
Epoch: 27, Batch: 440, Acc: 69.25%, Loss: 0.9960
Epoch: 27, Batch: 450, Acc: 69.24%, Loss: 0.9106
Epoch: 27, Batch: 460, Acc: 69.23%, Loss: 0.9447
Epoch: 27, Batch: 470, Acc: 69.17%, Loss: 1.0075
Epoch: 27, Batch: 480, Acc: 69.11%, Loss: 0.9745
Epoch: 27, Batch: 490, Acc: 69.10%, Loss: 0.9785
Epoch: 27, Batch: 500, Acc: 69.12%, Loss: 0.9642
Epoch: 27, Batch: 510, Acc: 69.13%, Loss: 0.9531
Epoch: 27, Batch: 520, Acc: 69.11%, Loss: 0.9561
Epoch: 27, Batch: 530, Acc: 69.10%, Loss: 0.9559
Epoch: 27, Batch: 540, Acc: 69.16%, Loss: 0.8932
Epoch: 27, Batch: 550, Acc: 69.17%, Loss: 0.9021
Epoch: 27, Batch: 560, Acc: 69.20%, Loss: 0.9503
Epoch: 27, Batch: 570, Acc: 69.16%, Loss: 1.0052
Epoch: 27, Batch: 580, Acc: 69.13%, Loss: 0.9251
Epoch: 27, Batch: 590, Acc: 69.11%, Loss: 0.9292
Epoch: 27, Batch: 600, Acc: 69.13%, Loss: 0.9382
Epoch: 27, Batch: 610, Acc: 69.12%, Loss: 0.9856
Epoch: 27, Batch: 620, Acc: 69.12%, Loss: 0.9234
Epoch: 27, Batch: 630, Acc: 69.15%, Loss: 0.8774
Epoch: 27, Batch: 640, Acc: 69.16%, Loss: 0.9483
Epoch: 27, Batch: 650, Acc: 69.14%, Loss: 0.9905
Epoch: 27, Batch: 660, Acc: 69.07%, Loss: 1.0144
Epoch: 27, Batch: 670, Acc: 69.04%, Loss: 0.9649
Epoch: 27, Batch: 680, Acc: 69.03%, Loss: 0.9540
Epoch: 27, Batch: 690, Acc: 69.08%, Loss: 0.8640
Epoch: 27, Batch: 700, Acc: 69.10%, Loss: 0.8923
Epoch: 27, Batch: 710, Acc: 69.13%, Loss: 0.8772
Epoch: 27, Batch: 720, Acc: 69.16%, Loss: 0.8730
Epoch: 27, Batch: 730, Acc: 69.19%, Loss: 0.9003
Epoch: 27, Batch: 740, Acc: 69.20%, Loss: 0.8962
Epoch: 27, Batch: 750, Acc: 69.24%, Loss: 0.8631
Epoch: 27, Batch: 760, Acc: 69.24%, Loss: 0.9818
Epoch: 27, Batch: 770, Acc: 69.20%, Loss: 1.0135
Epoch: 27, Batch: 780, Acc: 69.21%, Loss: 0.9668
Epoch: 27, Batch: 790, Acc: 69.22%, Loss: 0.9511
Epoch: 27, Batch: 800, Acc: 69.21%, Loss: 0.9145
Epoch: 27, Batch: 810, Acc: 69.19%, Loss: 1.0115
Epoch: 27, Batch: 820, Acc: 69.21%, Loss: 0.8958
Epoch: 27, Batch: 830, Acc: 69.25%, Loss: 0.9134
Epoch: 27, Batch: 840, Acc: 69.23%, Loss: 0.9835
Epoch: 27, Batch: 850, Acc: 69.22%, Loss: 0.9706
Epoch: 27, Batch: 860, Acc: 69.20%, Loss: 0.9462
Epoch: 27, Batch: 870, Acc: 69.23%, Loss: 0.8895
Epoch: 27, Batch: 880, Acc: 69.20%, Loss: 0.9888
Epoch: 27, Batch: 890, Acc: 69.21%, Loss: 0.8984
Epoch: 27, Batch: 900, Acc: 69.22%, Loss: 0.8710
Epoch: 27, Batch: 910, Acc: 69.21%, Loss: 0.9886
Epoch: 27, Batch: 920, Acc: 69.23%, Loss: 0.9013
Epoch: 27, Batch: 930, Acc: 69.20%, Loss: 1.0673
Accuracy on test set: 70.53%
Epoch: 28, Batch: 10, Acc: 67.81%, Loss: 0.9495
Epoch: 28, Batch: 20, Acc: 68.52%, Loss: 0.9471
Epoch: 28, Batch: 30, Acc: 69.90%, Loss: 0.9251
Epoch: 28, Batch: 40, Acc: 68.91%, Loss: 0.9697
Epoch: 28, Batch: 50, Acc: 69.38%, Loss: 0.8817
Epoch: 28, Batch: 60, Acc: 68.98%, Loss: 0.9783
Epoch: 28, Batch: 70, Acc: 69.08%, Loss: 0.9265
Epoch: 28, Batch: 80, Acc: 69.14%, Loss: 0.9554
Epoch: 28, Batch: 90, Acc: 68.94%, Loss: 0.9796
Epoch: 28, Batch: 100, Acc: 69.00%, Loss: 0.9328
Epoch: 28, Batch: 110, Acc: 68.82%, Loss: 0.9731
Epoch: 28, Batch: 120, Acc: 68.70%, Loss: 0.9771
Epoch: 28, Batch: 130, Acc: 68.86%, Loss: 0.9342
Epoch: 28, Batch: 140, Acc: 68.58%, Loss: 1.0232
Epoch: 28, Batch: 150, Acc: 68.80%, Loss: 0.8952
Epoch: 28, Batch: 160, Acc: 68.74%, Loss: 0.9498
Epoch: 28, Batch: 170, Acc: 68.82%, Loss: 0.9175
Epoch: 28, Batch: 180, Acc: 68.92%, Loss: 0.9092
Epoch: 28, Batch: 190, Acc: 69.02%, Loss: 0.9218
Epoch: 28, Batch: 200, Acc: 69.12%, Loss: 0.9145
Epoch: 28, Batch: 210, Acc: 69.05%, Loss: 0.9518
Epoch: 28, Batch: 220, Acc: 68.91%, Loss: 0.9416
Epoch: 28, Batch: 230, Acc: 68.91%, Loss: 0.9979
Epoch: 28, Batch: 240, Acc: 68.91%, Loss: 0.9306
Epoch: 28, Batch: 250, Acc: 68.94%, Loss: 0.9386
Epoch: 28, Batch: 260, Acc: 68.94%, Loss: 0.9192
Epoch: 28, Batch: 270, Acc: 69.02%, Loss: 0.9368
Epoch: 28, Batch: 280, Acc: 69.05%, Loss: 0.9716
Epoch: 28, Batch: 290, Acc: 69.08%, Loss: 0.9608
Epoch: 28, Batch: 300, Acc: 69.12%, Loss: 0.8881
Epoch: 28, Batch: 310, Acc: 69.28%, Loss: 0.8803
Epoch: 28, Batch: 320, Acc: 69.21%, Loss: 1.0206
Epoch: 28, Batch: 330, Acc: 69.27%, Loss: 0.8706
Epoch: 28, Batch: 340, Acc: 69.30%, Loss: 0.9106
Epoch: 28, Batch: 350, Acc: 69.33%, Loss: 0.9392
Epoch: 28, Batch: 360, Acc: 69.28%, Loss: 0.9476
Epoch: 28, Batch: 370, Acc: 69.27%, Loss: 0.9113
Epoch: 28, Batch: 380, Acc: 69.24%, Loss: 0.9841
Epoch: 28, Batch: 390, Acc: 69.30%, Loss: 0.9032
Epoch: 28, Batch: 400, Acc: 69.23%, Loss: 0.9837
Epoch: 28, Batch: 410, Acc: 69.24%, Loss: 0.9228
Epoch: 28, Batch: 420, Acc: 69.33%, Loss: 0.8888
Epoch: 28, Batch: 430, Acc: 69.30%, Loss: 0.9541
Epoch: 28, Batch: 440, Acc: 69.32%, Loss: 0.8640
Epoch: 28, Batch: 450, Acc: 69.38%, Loss: 0.9352
Epoch: 28, Batch: 460, Acc: 69.34%, Loss: 1.0035
Epoch: 28, Batch: 470, Acc: 69.37%, Loss: 0.9076
Epoch: 28, Batch: 480, Acc: 69.39%, Loss: 0.8828
Epoch: 28, Batch: 490, Acc: 69.35%, Loss: 0.9904
Epoch: 28, Batch: 500, Acc: 69.35%, Loss: 0.9165
Epoch: 28, Batch: 510, Acc: 69.34%, Loss: 0.9112
Epoch: 28, Batch: 520, Acc: 69.29%, Loss: 0.9594
Epoch: 28, Batch: 530, Acc: 69.27%, Loss: 0.9790
Epoch: 28, Batch: 540, Acc: 69.29%, Loss: 0.9741
Epoch: 28, Batch: 550, Acc: 69.31%, Loss: 0.9123
Epoch: 28, Batch: 560, Acc: 69.27%, Loss: 0.9509
Epoch: 28, Batch: 570, Acc: 69.27%, Loss: 0.9844
Epoch: 28, Batch: 580, Acc: 69.30%, Loss: 0.9292
Epoch: 28, Batch: 590, Acc: 69.35%, Loss: 0.8741
Epoch: 28, Batch: 600, Acc: 69.41%, Loss: 0.8268
Epoch: 28, Batch: 610, Acc: 69.46%, Loss: 0.8807
Epoch: 28, Batch: 620, Acc: 69.51%, Loss: 0.9281
Epoch: 28, Batch: 630, Acc: 69.46%, Loss: 0.9522
Epoch: 28, Batch: 640, Acc: 69.43%, Loss: 0.9750
Epoch: 28, Batch: 650, Acc: 69.44%, Loss: 0.9566
Epoch: 28, Batch: 660, Acc: 69.48%, Loss: 0.8602
Epoch: 28, Batch: 670, Acc: 69.51%, Loss: 0.9166
Epoch: 28, Batch: 680, Acc: 69.56%, Loss: 0.8699
Epoch: 28, Batch: 690, Acc: 69.54%, Loss: 0.9043
Epoch: 28, Batch: 700, Acc: 69.52%, Loss: 0.9485
Epoch: 28, Batch: 710, Acc: 69.54%, Loss: 0.9512
Epoch: 28, Batch: 720, Acc: 69.53%, Loss: 0.9653
Epoch: 28, Batch: 730, Acc: 69.52%, Loss: 0.9515
Epoch: 28, Batch: 740, Acc: 69.55%, Loss: 0.9004
Epoch: 28, Batch: 750, Acc: 69.55%, Loss: 0.9020
Epoch: 28, Batch: 760, Acc: 69.55%, Loss: 0.9314
Epoch: 28, Batch: 770, Acc: 69.57%, Loss: 0.8622
Epoch: 28, Batch: 780, Acc: 69.55%, Loss: 1.0231
Epoch: 28, Batch: 790, Acc: 69.54%, Loss: 0.9352
Epoch: 28, Batch: 800, Acc: 69.52%, Loss: 0.9772
Epoch: 28, Batch: 810, Acc: 69.54%, Loss: 0.8833
Epoch: 28, Batch: 820, Acc: 69.56%, Loss: 0.9304
Epoch: 28, Batch: 830, Acc: 69.54%, Loss: 0.9949
Epoch: 28, Batch: 840, Acc: 69.50%, Loss: 0.9377
Epoch: 28, Batch: 850, Acc: 69.50%, Loss: 0.9495
Epoch: 28, Batch: 860, Acc: 69.53%, Loss: 0.8963
Epoch: 28, Batch: 870, Acc: 69.52%, Loss: 0.9781
Epoch: 28, Batch: 880, Acc: 69.53%, Loss: 0.9682
Epoch: 28, Batch: 890, Acc: 69.51%, Loss: 0.9863
Epoch: 28, Batch: 900, Acc: 69.52%, Loss: 0.9088
Epoch: 28, Batch: 910, Acc: 69.52%, Loss: 0.9515
Epoch: 28, Batch: 920, Acc: 69.54%, Loss: 0.8970
Epoch: 28, Batch: 930, Acc: 69.53%, Loss: 0.9029
Accuracy on test set: 70.64%
Epoch: 29, Batch: 10, Acc: 71.25%, Loss: 0.8825
Epoch: 29, Batch: 20, Acc: 69.30%, Loss: 1.0075
Epoch: 29, Batch: 30, Acc: 69.38%, Loss: 0.9363
Epoch: 29, Batch: 40, Acc: 68.87%, Loss: 0.9841
Epoch: 29, Batch: 50, Acc: 68.69%, Loss: 0.9605
Epoch: 29, Batch: 60, Acc: 68.26%, Loss: 0.9413
Epoch: 29, Batch: 70, Acc: 68.59%, Loss: 0.8765
Epoch: 29, Batch: 80, Acc: 69.00%, Loss: 0.8508
Epoch: 29, Batch: 90, Acc: 69.13%, Loss: 0.9239
Epoch: 29, Batch: 100, Acc: 69.11%, Loss: 0.9124
Epoch: 29, Batch: 110, Acc: 69.09%, Loss: 0.9031
Epoch: 29, Batch: 120, Acc: 69.00%, Loss: 0.9095
Epoch: 29, Batch: 130, Acc: 68.73%, Loss: 1.0349
Epoch: 29, Batch: 140, Acc: 68.73%, Loss: 0.9844
Epoch: 29, Batch: 150, Acc: 68.96%, Loss: 0.8981
Epoch: 29, Batch: 160, Acc: 69.01%, Loss: 0.9050
Epoch: 29, Batch: 170, Acc: 69.17%, Loss: 0.9010
Epoch: 29, Batch: 180, Acc: 69.09%, Loss: 0.9946
Epoch: 29, Batch: 190, Acc: 69.06%, Loss: 0.8876
Epoch: 29, Batch: 200, Acc: 69.05%, Loss: 0.9398
Epoch: 29, Batch: 210, Acc: 69.00%, Loss: 0.9289
Epoch: 29, Batch: 220, Acc: 69.16%, Loss: 0.8439
Epoch: 29, Batch: 230, Acc: 69.25%, Loss: 0.9161
Epoch: 29, Batch: 240, Acc: 69.19%, Loss: 1.0619
Epoch: 29, Batch: 250, Acc: 69.28%, Loss: 0.9138
Epoch: 29, Batch: 260, Acc: 69.12%, Loss: 1.0380
Epoch: 29, Batch: 270, Acc: 69.00%, Loss: 1.0123
Epoch: 29, Batch: 280, Acc: 69.10%, Loss: 0.9010
Epoch: 29, Batch: 290, Acc: 69.11%, Loss: 0.9399
Epoch: 29, Batch: 300, Acc: 69.20%, Loss: 0.8744
Epoch: 29, Batch: 310, Acc: 69.27%, Loss: 0.8941
Epoch: 29, Batch: 320, Acc: 69.19%, Loss: 1.0136
Epoch: 29, Batch: 330, Acc: 69.16%, Loss: 0.9753
Epoch: 29, Batch: 340, Acc: 69.20%, Loss: 0.9232
Epoch: 29, Batch: 350, Acc: 69.22%, Loss: 0.9359
Epoch: 29, Batch: 360, Acc: 69.18%, Loss: 0.9808
Epoch: 29, Batch: 370, Acc: 69.27%, Loss: 0.8494
Epoch: 29, Batch: 380, Acc: 69.24%, Loss: 0.9383
Epoch: 29, Batch: 390, Acc: 69.25%, Loss: 0.9348
Epoch: 29, Batch: 400, Acc: 69.24%, Loss: 0.9394
Epoch: 29, Batch: 410, Acc: 69.28%, Loss: 0.9503
Epoch: 29, Batch: 420, Acc: 69.27%, Loss: 0.9163
Epoch: 29, Batch: 430, Acc: 69.33%, Loss: 0.9396
Epoch: 29, Batch: 440, Acc: 69.41%, Loss: 0.9214
Epoch: 29, Batch: 450, Acc: 69.41%, Loss: 0.9394
Epoch: 29, Batch: 460, Acc: 69.47%, Loss: 0.9059
Epoch: 29, Batch: 470, Acc: 69.47%, Loss: 0.9452
Epoch: 29, Batch: 480, Acc: 69.48%, Loss: 0.9173
Epoch: 29, Batch: 490, Acc: 69.48%, Loss: 0.8998
Epoch: 29, Batch: 500, Acc: 69.46%, Loss: 0.8889
Epoch: 29, Batch: 510, Acc: 69.47%, Loss: 0.9219
Epoch: 29, Batch: 520, Acc: 69.50%, Loss: 0.9107
Epoch: 29, Batch: 530, Acc: 69.49%, Loss: 0.9742
Epoch: 29, Batch: 540, Acc: 69.51%, Loss: 0.8859
Epoch: 29, Batch: 550, Acc: 69.60%, Loss: 0.8341
Epoch: 29, Batch: 560, Acc: 69.62%, Loss: 0.9209
Epoch: 29, Batch: 570, Acc: 69.63%, Loss: 0.9413
Epoch: 29, Batch: 580, Acc: 69.61%, Loss: 0.9393
Epoch: 29, Batch: 590, Acc: 69.65%, Loss: 0.8629
Epoch: 29, Batch: 600, Acc: 69.65%, Loss: 0.9267
Epoch: 29, Batch: 610, Acc: 69.73%, Loss: 0.8492
Epoch: 29, Batch: 620, Acc: 69.67%, Loss: 1.0523
Epoch: 29, Batch: 630, Acc: 69.67%, Loss: 0.9327
Epoch: 29, Batch: 640, Acc: 69.66%, Loss: 0.9613
Epoch: 29, Batch: 650, Acc: 69.62%, Loss: 0.9420
Epoch: 29, Batch: 660, Acc: 69.62%, Loss: 0.9130
Epoch: 29, Batch: 670, Acc: 69.64%, Loss: 0.9295
Epoch: 29, Batch: 680, Acc: 69.63%, Loss: 0.9549
Epoch: 29, Batch: 690, Acc: 69.64%, Loss: 0.9152
Epoch: 29, Batch: 700, Acc: 69.62%, Loss: 0.9517
Epoch: 29, Batch: 710, Acc: 69.59%, Loss: 0.9310
Epoch: 29, Batch: 720, Acc: 69.62%, Loss: 0.9073
Epoch: 29, Batch: 730, Acc: 69.63%, Loss: 0.9193
Epoch: 29, Batch: 740, Acc: 69.63%, Loss: 0.9742
Epoch: 29, Batch: 750, Acc: 69.62%, Loss: 0.9038
Epoch: 29, Batch: 760, Acc: 69.62%, Loss: 0.8952
Epoch: 29, Batch: 770, Acc: 69.67%, Loss: 0.8874
Epoch: 29, Batch: 780, Acc: 69.68%, Loss: 0.9114
Epoch: 29, Batch: 790, Acc: 69.64%, Loss: 1.0116
Epoch: 29, Batch: 800, Acc: 69.59%, Loss: 1.0067
Epoch: 29, Batch: 810, Acc: 69.60%, Loss: 0.8491
Epoch: 29, Batch: 820, Acc: 69.62%, Loss: 0.8861
Epoch: 29, Batch: 830, Acc: 69.62%, Loss: 0.9135
Epoch: 29, Batch: 840, Acc: 69.57%, Loss: 0.9857
Epoch: 29, Batch: 850, Acc: 69.59%, Loss: 0.8979
Epoch: 29, Batch: 860, Acc: 69.62%, Loss: 0.8907
Epoch: 29, Batch: 870, Acc: 69.64%, Loss: 0.9253
Epoch: 29, Batch: 880, Acc: 69.66%, Loss: 0.8995
Epoch: 29, Batch: 890, Acc: 69.64%, Loss: 0.9366
Epoch: 29, Batch: 900, Acc: 69.68%, Loss: 0.8865
Epoch: 29, Batch: 910, Acc: 69.62%, Loss: 1.0073
Epoch: 29, Batch: 920, Acc: 69.63%, Loss: 0.9766
Epoch: 29, Batch: 930, Acc: 69.63%, Loss: 0.9532
Accuracy on test set: 71.00%
Epoch: 30, Batch: 10, Acc: 65.94%, Loss: 0.9976
Epoch: 30, Batch: 20, Acc: 67.42%, Loss: 0.9532
Epoch: 30, Batch: 30, Acc: 67.19%, Loss: 0.9022
Epoch: 30, Batch: 40, Acc: 68.32%, Loss: 0.9263
Epoch: 30, Batch: 50, Acc: 69.53%, Loss: 0.8823
Epoch: 30, Batch: 60, Acc: 69.51%, Loss: 0.8971
Epoch: 30, Batch: 70, Acc: 69.55%, Loss: 0.9652
Epoch: 30, Batch: 80, Acc: 69.77%, Loss: 0.9002
Epoch: 30, Batch: 90, Acc: 69.88%, Loss: 0.9777
Epoch: 30, Batch: 100, Acc: 69.73%, Loss: 0.9224
Epoch: 30, Batch: 110, Acc: 69.84%, Loss: 0.9369
Epoch: 30, Batch: 120, Acc: 69.86%, Loss: 0.9520
Epoch: 30, Batch: 130, Acc: 69.71%, Loss: 0.9673
Epoch: 30, Batch: 140, Acc: 69.70%, Loss: 0.9245
Epoch: 30, Batch: 150, Acc: 69.73%, Loss: 0.9273
Epoch: 30, Batch: 160, Acc: 69.79%, Loss: 0.9137
Epoch: 30, Batch: 170, Acc: 69.83%, Loss: 0.8900
Epoch: 30, Batch: 180, Acc: 69.78%, Loss: 0.9166
Epoch: 30, Batch: 190, Acc: 69.81%, Loss: 0.9874
Epoch: 30, Batch: 200, Acc: 69.76%, Loss: 0.9639
Epoch: 30, Batch: 210, Acc: 69.75%, Loss: 0.9354
Epoch: 30, Batch: 220, Acc: 69.74%, Loss: 0.9387
Epoch: 30, Batch: 230, Acc: 69.67%, Loss: 0.9369
Epoch: 30, Batch: 240, Acc: 69.62%, Loss: 0.9794
Epoch: 30, Batch: 250, Acc: 69.59%, Loss: 0.9744
Epoch: 30, Batch: 260, Acc: 69.74%, Loss: 0.8959
Epoch: 30, Batch: 270, Acc: 69.73%, Loss: 0.8961
Epoch: 30, Batch: 280, Acc: 69.69%, Loss: 0.9641
Epoch: 30, Batch: 290, Acc: 69.67%, Loss: 0.9299
Epoch: 30, Batch: 300, Acc: 69.73%, Loss: 0.8840
Epoch: 30, Batch: 310, Acc: 69.71%, Loss: 0.9065
Epoch: 30, Batch: 320, Acc: 69.63%, Loss: 1.0050
Epoch: 30, Batch: 330, Acc: 69.72%, Loss: 0.8847
Epoch: 30, Batch: 340, Acc: 69.71%, Loss: 0.9363
Epoch: 30, Batch: 350, Acc: 69.73%, Loss: 0.9273
Epoch: 30, Batch: 360, Acc: 69.80%, Loss: 0.8662
Epoch: 30, Batch: 370, Acc: 69.82%, Loss: 0.8884
Epoch: 30, Batch: 380, Acc: 69.91%, Loss: 0.8387
Epoch: 30, Batch: 390, Acc: 69.92%, Loss: 0.9184
Epoch: 30, Batch: 400, Acc: 69.95%, Loss: 0.9045
Epoch: 30, Batch: 410, Acc: 69.89%, Loss: 0.9586
Epoch: 30, Batch: 420, Acc: 69.94%, Loss: 0.8764
Epoch: 30, Batch: 430, Acc: 69.92%, Loss: 0.9338
Epoch: 30, Batch: 440, Acc: 69.94%, Loss: 0.8945
Epoch: 30, Batch: 450, Acc: 69.98%, Loss: 0.8793
Epoch: 30, Batch: 460, Acc: 69.88%, Loss: 0.9758
Epoch: 30, Batch: 470, Acc: 69.85%, Loss: 0.9402
Epoch: 30, Batch: 480, Acc: 69.84%, Loss: 0.9408
Epoch: 30, Batch: 490, Acc: 69.82%, Loss: 0.9561
Epoch: 30, Batch: 500, Acc: 69.84%, Loss: 0.9131
Epoch: 30, Batch: 510, Acc: 69.83%, Loss: 0.9279
Epoch: 30, Batch: 520, Acc: 69.78%, Loss: 0.9979
Epoch: 30, Batch: 530, Acc: 69.78%, Loss: 0.9168
Epoch: 30, Batch: 540, Acc: 69.75%, Loss: 0.9232
Epoch: 30, Batch: 550, Acc: 69.76%, Loss: 0.9562
Epoch: 30, Batch: 560, Acc: 69.75%, Loss: 0.9197
Epoch: 30, Batch: 570, Acc: 69.71%, Loss: 0.9865
Epoch: 30, Batch: 580, Acc: 69.75%, Loss: 0.9663
Epoch: 30, Batch: 590, Acc: 69.76%, Loss: 0.9556
Epoch: 30, Batch: 600, Acc: 69.76%, Loss: 0.9630
Epoch: 30, Batch: 610, Acc: 69.77%, Loss: 0.9001
Epoch: 30, Batch: 620, Acc: 69.79%, Loss: 0.9013
Epoch: 30, Batch: 630, Acc: 69.80%, Loss: 0.9077
Epoch: 30, Batch: 640, Acc: 69.80%, Loss: 0.9326
Epoch: 30, Batch: 650, Acc: 69.83%, Loss: 0.9218
Epoch: 30, Batch: 660, Acc: 69.77%, Loss: 0.9745
Epoch: 30, Batch: 670, Acc: 69.78%, Loss: 0.9055
Epoch: 30, Batch: 680, Acc: 69.80%, Loss: 0.8503
Epoch: 30, Batch: 690, Acc: 69.81%, Loss: 0.8979
Epoch: 30, Batch: 700, Acc: 69.84%, Loss: 0.8703
Epoch: 30, Batch: 710, Acc: 69.85%, Loss: 0.9245
Epoch: 30, Batch: 720, Acc: 69.81%, Loss: 0.9299
Epoch: 30, Batch: 730, Acc: 69.84%, Loss: 0.8648
Epoch: 30, Batch: 740, Acc: 69.84%, Loss: 0.9391
Epoch: 30, Batch: 750, Acc: 69.80%, Loss: 1.0044
Epoch: 30, Batch: 760, Acc: 69.79%, Loss: 0.9133
Epoch: 30, Batch: 770, Acc: 69.80%, Loss: 0.9534
Epoch: 30, Batch: 780, Acc: 69.79%, Loss: 0.9199
Epoch: 30, Batch: 790, Acc: 69.83%, Loss: 0.8656
Epoch: 30, Batch: 800, Acc: 69.84%, Loss: 0.9262
Epoch: 30, Batch: 810, Acc: 69.86%, Loss: 0.9266
Epoch: 30, Batch: 820, Acc: 69.87%, Loss: 0.9087
Epoch: 30, Batch: 830, Acc: 69.86%, Loss: 0.9258
Epoch: 30, Batch: 840, Acc: 69.87%, Loss: 0.9042
Epoch: 30, Batch: 850, Acc: 69.86%, Loss: 0.9276
Epoch: 30, Batch: 860, Acc: 69.81%, Loss: 0.9765
Epoch: 30, Batch: 870, Acc: 69.81%, Loss: 0.9765
Epoch: 30, Batch: 880, Acc: 69.81%, Loss: 0.9480
Epoch: 30, Batch: 890, Acc: 69.84%, Loss: 0.9209
Epoch: 30, Batch: 900, Acc: 69.77%, Loss: 0.9610
Epoch: 30, Batch: 910, Acc: 69.79%, Loss: 0.8606
Epoch: 30, Batch: 920, Acc: 69.81%, Loss: 0.8818
Epoch: 30, Batch: 930, Acc: 69.85%, Loss: 0.7933
Accuracy on test set: 71.09%
Training Time: 6961.10 seconds
Best Accuracy for Run 2: 71.09%

Evaluating final model on clean test data...
Accuracy    : 0.7109
Loss        : 0.8578
Precision   : 0.7018
Recall      : 0.7060
F1          : 0.7039
Fpr         : 0.0321
Fnr         : 0.2940
Roc_auc     : 0.9532
Pr_auc      : nan
Metrics saved to qmlp-mnist-label-flip-run_run2-layer10_label_flip.csv

========== Training Run 3 ==========
Epoch: 1, Batch: 10, Acc: 5.62%, Loss: 2.3633
Epoch: 1, Batch: 20, Acc: 5.86%, Loss: 2.3449
Epoch: 1, Batch: 30, Acc: 6.72%, Loss: 2.3206
Epoch: 1, Batch: 40, Acc: 7.07%, Loss: 2.2942
Epoch: 1, Batch: 50, Acc: 7.19%, Loss: 2.2831
Epoch: 1, Batch: 60, Acc: 8.05%, Loss: 2.2747
Epoch: 1, Batch: 70, Acc: 9.22%, Loss: 2.2609
Epoch: 1, Batch: 80, Acc: 10.78%, Loss: 2.2485
Epoch: 1, Batch: 90, Acc: 12.43%, Loss: 2.2425
Epoch: 1, Batch: 100, Acc: 13.91%, Loss: 2.2326
Epoch: 1, Batch: 110, Acc: 15.27%, Loss: 2.2236
Epoch: 1, Batch: 120, Acc: 16.38%, Loss: 2.2075
Epoch: 1, Batch: 130, Acc: 17.33%, Loss: 2.2018
Epoch: 1, Batch: 140, Acc: 18.20%, Loss: 2.1905
Epoch: 1, Batch: 150, Acc: 19.12%, Loss: 2.1691
Epoch: 1, Batch: 160, Acc: 19.88%, Loss: 2.1672
Epoch: 1, Batch: 170, Acc: 20.49%, Loss: 2.1734
Epoch: 1, Batch: 180, Acc: 21.21%, Loss: 2.1507
Epoch: 1, Batch: 190, Acc: 21.77%, Loss: 2.1461
Epoch: 1, Batch: 200, Acc: 22.43%, Loss: 2.1333
Epoch: 1, Batch: 210, Acc: 23.12%, Loss: 2.1020
Epoch: 1, Batch: 220, Acc: 23.77%, Loss: 2.1097
Epoch: 1, Batch: 230, Acc: 24.40%, Loss: 2.0905
Epoch: 1, Batch: 240, Acc: 24.84%, Loss: 2.0749
Epoch: 1, Batch: 250, Acc: 25.16%, Loss: 2.0773
Epoch: 1, Batch: 260, Acc: 25.67%, Loss: 2.0435
Epoch: 1, Batch: 270, Acc: 26.04%, Loss: 2.0446
Epoch: 1, Batch: 280, Acc: 26.38%, Loss: 2.0315
Epoch: 1, Batch: 290, Acc: 26.65%, Loss: 2.0379
Epoch: 1, Batch: 300, Acc: 26.89%, Loss: 2.0285
Epoch: 1, Batch: 310, Acc: 27.27%, Loss: 1.9967
Epoch: 1, Batch: 320, Acc: 27.62%, Loss: 1.9907
Epoch: 1, Batch: 330, Acc: 27.87%, Loss: 1.9762
Epoch: 1, Batch: 340, Acc: 28.17%, Loss: 1.9713
Epoch: 1, Batch: 350, Acc: 28.33%, Loss: 1.9621
Epoch: 1, Batch: 360, Acc: 28.53%, Loss: 1.9893
Epoch: 1, Batch: 370, Acc: 28.75%, Loss: 1.9336
Epoch: 1, Batch: 380, Acc: 28.91%, Loss: 1.9492
Epoch: 1, Batch: 390, Acc: 29.16%, Loss: 1.9383
Epoch: 1, Batch: 400, Acc: 29.44%, Loss: 1.8943
Epoch: 1, Batch: 410, Acc: 29.73%, Loss: 1.8756
Epoch: 1, Batch: 420, Acc: 29.95%, Loss: 1.9187
Epoch: 1, Batch: 430, Acc: 30.17%, Loss: 1.8528
Epoch: 1, Batch: 440, Acc: 30.35%, Loss: 1.8626
Epoch: 1, Batch: 450, Acc: 30.65%, Loss: 1.8368
Epoch: 1, Batch: 460, Acc: 30.87%, Loss: 1.8641
Epoch: 1, Batch: 470, Acc: 31.08%, Loss: 1.8583
Epoch: 1, Batch: 480, Acc: 31.26%, Loss: 1.8337
Epoch: 1, Batch: 490, Acc: 31.45%, Loss: 1.8280
Epoch: 1, Batch: 500, Acc: 31.69%, Loss: 1.8334
Epoch: 1, Batch: 510, Acc: 31.86%, Loss: 1.8143
Epoch: 1, Batch: 520, Acc: 32.06%, Loss: 1.8027
Epoch: 1, Batch: 530, Acc: 32.27%, Loss: 1.8398
Epoch: 1, Batch: 540, Acc: 32.54%, Loss: 1.7746
Epoch: 1, Batch: 550, Acc: 32.75%, Loss: 1.7934
Epoch: 1, Batch: 560, Acc: 32.99%, Loss: 1.7781
Epoch: 1, Batch: 570, Acc: 33.20%, Loss: 1.7691
Epoch: 1, Batch: 580, Acc: 33.41%, Loss: 1.7642
Epoch: 1, Batch: 590, Acc: 33.59%, Loss: 1.7712
Epoch: 1, Batch: 600, Acc: 33.76%, Loss: 1.7525
Epoch: 1, Batch: 610, Acc: 33.93%, Loss: 1.7375
Epoch: 1, Batch: 620, Acc: 34.10%, Loss: 1.7390
Epoch: 1, Batch: 630, Acc: 34.23%, Loss: 1.7522
Epoch: 1, Batch: 640, Acc: 34.38%, Loss: 1.7318
Epoch: 1, Batch: 650, Acc: 34.55%, Loss: 1.7499
Epoch: 1, Batch: 660, Acc: 34.73%, Loss: 1.7274
Epoch: 1, Batch: 670, Acc: 34.91%, Loss: 1.7304
Epoch: 1, Batch: 680, Acc: 35.09%, Loss: 1.7084
Epoch: 1, Batch: 690, Acc: 35.25%, Loss: 1.6912
Epoch: 1, Batch: 700, Acc: 35.40%, Loss: 1.6998
Epoch: 1, Batch: 710, Acc: 35.51%, Loss: 1.6945
Epoch: 1, Batch: 720, Acc: 35.70%, Loss: 1.6878
Epoch: 1, Batch: 730, Acc: 35.89%, Loss: 1.6604
Epoch: 1, Batch: 740, Acc: 36.03%, Loss: 1.6874
Epoch: 1, Batch: 750, Acc: 36.13%, Loss: 1.7025
Epoch: 1, Batch: 760, Acc: 36.26%, Loss: 1.6598
Epoch: 1, Batch: 770, Acc: 36.41%, Loss: 1.6670
Epoch: 1, Batch: 780, Acc: 36.56%, Loss: 1.6429
Epoch: 1, Batch: 790, Acc: 36.70%, Loss: 1.6680
Epoch: 1, Batch: 800, Acc: 36.81%, Loss: 1.6870
Epoch: 1, Batch: 810, Acc: 36.94%, Loss: 1.6800
Epoch: 1, Batch: 820, Acc: 37.12%, Loss: 1.6271
Epoch: 1, Batch: 830, Acc: 37.25%, Loss: 1.6243
Epoch: 1, Batch: 840, Acc: 37.43%, Loss: 1.6086
Epoch: 1, Batch: 850, Acc: 37.60%, Loss: 1.5662
Epoch: 1, Batch: 860, Acc: 37.74%, Loss: 1.6222
Epoch: 1, Batch: 870, Acc: 37.89%, Loss: 1.6209
Epoch: 1, Batch: 880, Acc: 38.01%, Loss: 1.6121
Epoch: 1, Batch: 890, Acc: 38.17%, Loss: 1.5727
Epoch: 1, Batch: 900, Acc: 38.32%, Loss: 1.6316
Epoch: 1, Batch: 910, Acc: 38.43%, Loss: 1.6217
Epoch: 1, Batch: 920, Acc: 38.55%, Loss: 1.5907
Epoch: 1, Batch: 930, Acc: 38.69%, Loss: 1.5693
Accuracy on test set: 51.15%
Epoch: 2, Batch: 10, Acc: 50.47%, Loss: 1.5960
Epoch: 2, Batch: 20, Acc: 50.86%, Loss: 1.5712
Epoch: 2, Batch: 30, Acc: 51.04%, Loss: 1.5413
Epoch: 2, Batch: 40, Acc: 50.94%, Loss: 1.5713
Epoch: 2, Batch: 50, Acc: 50.72%, Loss: 1.5932
Epoch: 2, Batch: 60, Acc: 50.73%, Loss: 1.5725
Epoch: 2, Batch: 70, Acc: 50.67%, Loss: 1.5258
Epoch: 2, Batch: 80, Acc: 50.70%, Loss: 1.5672
Epoch: 2, Batch: 90, Acc: 50.40%, Loss: 1.5681
Epoch: 2, Batch: 100, Acc: 50.00%, Loss: 1.6038
Epoch: 2, Batch: 110, Acc: 50.09%, Loss: 1.5730
Epoch: 2, Batch: 120, Acc: 50.30%, Loss: 1.5646
Epoch: 2, Batch: 130, Acc: 50.35%, Loss: 1.5200
Epoch: 2, Batch: 140, Acc: 50.37%, Loss: 1.5379
Epoch: 2, Batch: 150, Acc: 50.50%, Loss: 1.5613
Epoch: 2, Batch: 160, Acc: 50.31%, Loss: 1.5997
Epoch: 2, Batch: 170, Acc: 50.60%, Loss: 1.4993
Epoch: 2, Batch: 180, Acc: 50.67%, Loss: 1.5157
Epoch: 2, Batch: 190, Acc: 50.61%, Loss: 1.5627
Epoch: 2, Batch: 200, Acc: 50.75%, Loss: 1.5171
Epoch: 2, Batch: 210, Acc: 50.71%, Loss: 1.5352
Epoch: 2, Batch: 220, Acc: 50.84%, Loss: 1.4983
Epoch: 2, Batch: 230, Acc: 50.71%, Loss: 1.5411
Epoch: 2, Batch: 240, Acc: 50.76%, Loss: 1.4949
Epoch: 2, Batch: 250, Acc: 50.88%, Loss: 1.4847
Epoch: 2, Batch: 260, Acc: 50.82%, Loss: 1.5528
Epoch: 2, Batch: 270, Acc: 50.78%, Loss: 1.5446
Epoch: 2, Batch: 280, Acc: 50.80%, Loss: 1.4703
Epoch: 2, Batch: 290, Acc: 50.91%, Loss: 1.5059
Epoch: 2, Batch: 300, Acc: 50.92%, Loss: 1.5242
Epoch: 2, Batch: 310, Acc: 51.00%, Loss: 1.4850
Epoch: 2, Batch: 320, Acc: 51.06%, Loss: 1.4906
Epoch: 2, Batch: 330, Acc: 51.12%, Loss: 1.5111
Epoch: 2, Batch: 340, Acc: 51.06%, Loss: 1.5386
Epoch: 2, Batch: 350, Acc: 51.15%, Loss: 1.5105
Epoch: 2, Batch: 360, Acc: 51.29%, Loss: 1.4577
Epoch: 2, Batch: 370, Acc: 51.30%, Loss: 1.4934
Epoch: 2, Batch: 380, Acc: 51.37%, Loss: 1.5008
Epoch: 2, Batch: 390, Acc: 51.40%, Loss: 1.4563
Epoch: 2, Batch: 400, Acc: 51.32%, Loss: 1.5077
Epoch: 2, Batch: 410, Acc: 51.40%, Loss: 1.4577
Epoch: 2, Batch: 420, Acc: 51.43%, Loss: 1.4648
Epoch: 2, Batch: 430, Acc: 51.52%, Loss: 1.4873
Epoch: 2, Batch: 440, Acc: 51.54%, Loss: 1.4974
Epoch: 2, Batch: 450, Acc: 51.56%, Loss: 1.4988
Epoch: 2, Batch: 460, Acc: 51.63%, Loss: 1.4303
Epoch: 2, Batch: 470, Acc: 51.67%, Loss: 1.4710
Epoch: 2, Batch: 480, Acc: 51.69%, Loss: 1.4939
Epoch: 2, Batch: 490, Acc: 51.70%, Loss: 1.4679
Epoch: 2, Batch: 500, Acc: 51.80%, Loss: 1.4046
Epoch: 2, Batch: 510, Acc: 51.83%, Loss: 1.4678
Epoch: 2, Batch: 520, Acc: 51.86%, Loss: 1.4376
Epoch: 2, Batch: 530, Acc: 51.82%, Loss: 1.4587
Epoch: 2, Batch: 540, Acc: 51.89%, Loss: 1.4390
Epoch: 2, Batch: 550, Acc: 51.93%, Loss: 1.4283
Epoch: 2, Batch: 560, Acc: 51.99%, Loss: 1.4180
Epoch: 2, Batch: 570, Acc: 51.95%, Loss: 1.4844
Epoch: 2, Batch: 580, Acc: 51.97%, Loss: 1.4773
Epoch: 2, Batch: 590, Acc: 52.02%, Loss: 1.4692
Epoch: 2, Batch: 600, Acc: 52.07%, Loss: 1.4373
Epoch: 2, Batch: 610, Acc: 52.11%, Loss: 1.4347
Epoch: 2, Batch: 620, Acc: 52.16%, Loss: 1.4281
Epoch: 2, Batch: 630, Acc: 52.17%, Loss: 1.4574
Epoch: 2, Batch: 640, Acc: 52.16%, Loss: 1.4883
Epoch: 2, Batch: 650, Acc: 52.23%, Loss: 1.3975
Epoch: 2, Batch: 660, Acc: 52.30%, Loss: 1.4343
Epoch: 2, Batch: 670, Acc: 52.36%, Loss: 1.4180
Epoch: 2, Batch: 680, Acc: 52.42%, Loss: 1.4016
Epoch: 2, Batch: 690, Acc: 52.42%, Loss: 1.4551
Epoch: 2, Batch: 700, Acc: 52.47%, Loss: 1.4397
Epoch: 2, Batch: 710, Acc: 52.50%, Loss: 1.4085
Epoch: 2, Batch: 720, Acc: 52.54%, Loss: 1.4287
Epoch: 2, Batch: 730, Acc: 52.51%, Loss: 1.4694
Epoch: 2, Batch: 740, Acc: 52.56%, Loss: 1.4061
Epoch: 2, Batch: 750, Acc: 52.60%, Loss: 1.4153
Epoch: 2, Batch: 760, Acc: 52.64%, Loss: 1.4145
Epoch: 2, Batch: 770, Acc: 52.71%, Loss: 1.3536
Epoch: 2, Batch: 780, Acc: 52.76%, Loss: 1.3870
Epoch: 2, Batch: 790, Acc: 52.82%, Loss: 1.3471
Epoch: 2, Batch: 800, Acc: 52.84%, Loss: 1.4093
Epoch: 2, Batch: 810, Acc: 52.87%, Loss: 1.4159
Epoch: 2, Batch: 820, Acc: 52.94%, Loss: 1.3639
Epoch: 2, Batch: 830, Acc: 52.99%, Loss: 1.3862
Epoch: 2, Batch: 840, Acc: 53.02%, Loss: 1.3916
Epoch: 2, Batch: 850, Acc: 53.06%, Loss: 1.3759
Epoch: 2, Batch: 860, Acc: 53.07%, Loss: 1.4475
Epoch: 2, Batch: 870, Acc: 53.11%, Loss: 1.3404
Epoch: 2, Batch: 880, Acc: 53.15%, Loss: 1.3577
Epoch: 2, Batch: 890, Acc: 53.18%, Loss: 1.4164
Epoch: 2, Batch: 900, Acc: 53.16%, Loss: 1.4557
Epoch: 2, Batch: 910, Acc: 53.16%, Loss: 1.3838
Epoch: 2, Batch: 920, Acc: 53.18%, Loss: 1.4318
Epoch: 2, Batch: 930, Acc: 53.24%, Loss: 1.3721
Accuracy on test set: 58.76%
Epoch: 3, Batch: 10, Acc: 58.75%, Loss: 1.3495
Epoch: 3, Batch: 20, Acc: 57.34%, Loss: 1.3973
Epoch: 3, Batch: 30, Acc: 57.66%, Loss: 1.3655
Epoch: 3, Batch: 40, Acc: 57.70%, Loss: 1.3865
Epoch: 3, Batch: 50, Acc: 57.72%, Loss: 1.3260
Epoch: 3, Batch: 60, Acc: 57.55%, Loss: 1.3631
Epoch: 3, Batch: 70, Acc: 57.05%, Loss: 1.3751
Epoch: 3, Batch: 80, Acc: 56.76%, Loss: 1.4071
Epoch: 3, Batch: 90, Acc: 56.68%, Loss: 1.3478
Epoch: 3, Batch: 100, Acc: 56.36%, Loss: 1.4122
Epoch: 3, Batch: 110, Acc: 56.15%, Loss: 1.4032
Epoch: 3, Batch: 120, Acc: 56.00%, Loss: 1.4051
Epoch: 3, Batch: 130, Acc: 55.93%, Loss: 1.3959
Epoch: 3, Batch: 140, Acc: 56.17%, Loss: 1.3580
Epoch: 3, Batch: 150, Acc: 56.10%, Loss: 1.3718
Epoch: 3, Batch: 160, Acc: 56.30%, Loss: 1.3345
Epoch: 3, Batch: 170, Acc: 56.28%, Loss: 1.3628
Epoch: 3, Batch: 180, Acc: 56.16%, Loss: 1.3999
Epoch: 3, Batch: 190, Acc: 56.18%, Loss: 1.3553
Epoch: 3, Batch: 200, Acc: 56.42%, Loss: 1.3496
Epoch: 3, Batch: 210, Acc: 56.59%, Loss: 1.3212
Epoch: 3, Batch: 220, Acc: 56.77%, Loss: 1.3320
Epoch: 3, Batch: 230, Acc: 56.71%, Loss: 1.4366
Epoch: 3, Batch: 240, Acc: 56.88%, Loss: 1.3341
Epoch: 3, Batch: 250, Acc: 56.98%, Loss: 1.3232
Epoch: 3, Batch: 260, Acc: 57.07%, Loss: 1.3432
Epoch: 3, Batch: 270, Acc: 57.04%, Loss: 1.4136
Epoch: 3, Batch: 280, Acc: 56.98%, Loss: 1.3824
Epoch: 3, Batch: 290, Acc: 56.99%, Loss: 1.3849
Epoch: 3, Batch: 300, Acc: 56.95%, Loss: 1.3864
Epoch: 3, Batch: 310, Acc: 56.98%, Loss: 1.3326
Epoch: 3, Batch: 320, Acc: 57.00%, Loss: 1.3441
Epoch: 3, Batch: 330, Acc: 57.02%, Loss: 1.3390
Epoch: 3, Batch: 340, Acc: 57.04%, Loss: 1.3599
Epoch: 3, Batch: 350, Acc: 57.04%, Loss: 1.3577
Epoch: 3, Batch: 360, Acc: 57.13%, Loss: 1.2912
Epoch: 3, Batch: 370, Acc: 56.98%, Loss: 1.4242
Epoch: 3, Batch: 380, Acc: 57.12%, Loss: 1.2742
Epoch: 3, Batch: 390, Acc: 57.06%, Loss: 1.3464
Epoch: 3, Batch: 400, Acc: 57.07%, Loss: 1.3410
Epoch: 3, Batch: 410, Acc: 57.10%, Loss: 1.3136
Epoch: 3, Batch: 420, Acc: 57.14%, Loss: 1.2866
Epoch: 3, Batch: 430, Acc: 57.11%, Loss: 1.3495
Epoch: 3, Batch: 440, Acc: 57.07%, Loss: 1.3599
Epoch: 3, Batch: 450, Acc: 57.05%, Loss: 1.3632
Epoch: 3, Batch: 460, Acc: 57.15%, Loss: 1.2531
Epoch: 3, Batch: 470, Acc: 57.11%, Loss: 1.3473
Epoch: 3, Batch: 480, Acc: 57.14%, Loss: 1.3057
Epoch: 3, Batch: 490, Acc: 57.12%, Loss: 1.3183
Epoch: 3, Batch: 500, Acc: 57.16%, Loss: 1.2811
Epoch: 3, Batch: 510, Acc: 57.16%, Loss: 1.3071
Epoch: 3, Batch: 520, Acc: 57.18%, Loss: 1.2991
Epoch: 3, Batch: 530, Acc: 57.09%, Loss: 1.4013
Epoch: 3, Batch: 540, Acc: 57.10%, Loss: 1.3371
Epoch: 3, Batch: 550, Acc: 57.15%, Loss: 1.2925
Epoch: 3, Batch: 560, Acc: 57.17%, Loss: 1.3112
Epoch: 3, Batch: 570, Acc: 57.28%, Loss: 1.2605
Epoch: 3, Batch: 580, Acc: 57.26%, Loss: 1.3771
Epoch: 3, Batch: 590, Acc: 57.29%, Loss: 1.3202
Epoch: 3, Batch: 600, Acc: 57.33%, Loss: 1.3071
Epoch: 3, Batch: 610, Acc: 57.37%, Loss: 1.3410
Epoch: 3, Batch: 620, Acc: 57.42%, Loss: 1.2754
Epoch: 3, Batch: 630, Acc: 57.46%, Loss: 1.2811
Epoch: 3, Batch: 640, Acc: 57.49%, Loss: 1.3326
Epoch: 3, Batch: 650, Acc: 57.57%, Loss: 1.2741
Epoch: 3, Batch: 660, Acc: 57.61%, Loss: 1.2816
Epoch: 3, Batch: 670, Acc: 57.64%, Loss: 1.2696
Epoch: 3, Batch: 680, Acc: 57.68%, Loss: 1.3163
Epoch: 3, Batch: 690, Acc: 57.70%, Loss: 1.2629
Epoch: 3, Batch: 700, Acc: 57.70%, Loss: 1.2598
Epoch: 3, Batch: 710, Acc: 57.71%, Loss: 1.2958
Epoch: 3, Batch: 720, Acc: 57.72%, Loss: 1.3136
Epoch: 3, Batch: 730, Acc: 57.72%, Loss: 1.2983
Epoch: 3, Batch: 740, Acc: 57.76%, Loss: 1.2740
Epoch: 3, Batch: 750, Acc: 57.76%, Loss: 1.3089
Epoch: 3, Batch: 760, Acc: 57.71%, Loss: 1.3689
Epoch: 3, Batch: 770, Acc: 57.72%, Loss: 1.3146
Epoch: 3, Batch: 780, Acc: 57.79%, Loss: 1.2123
Epoch: 3, Batch: 790, Acc: 57.80%, Loss: 1.2894
Epoch: 3, Batch: 800, Acc: 57.80%, Loss: 1.2888
Epoch: 3, Batch: 810, Acc: 57.83%, Loss: 1.2697
Epoch: 3, Batch: 820, Acc: 57.86%, Loss: 1.2538
Epoch: 3, Batch: 830, Acc: 57.89%, Loss: 1.2795
Epoch: 3, Batch: 840, Acc: 57.92%, Loss: 1.2227
Epoch: 3, Batch: 850, Acc: 57.94%, Loss: 1.3138
Epoch: 3, Batch: 860, Acc: 57.95%, Loss: 1.3100
Epoch: 3, Batch: 870, Acc: 58.01%, Loss: 1.2729
Epoch: 3, Batch: 880, Acc: 58.03%, Loss: 1.3008
Epoch: 3, Batch: 890, Acc: 58.08%, Loss: 1.2496
Epoch: 3, Batch: 900, Acc: 58.10%, Loss: 1.2285
Epoch: 3, Batch: 910, Acc: 58.11%, Loss: 1.3064
Epoch: 3, Batch: 920, Acc: 58.13%, Loss: 1.2942
Epoch: 3, Batch: 930, Acc: 58.13%, Loss: 1.3428
Accuracy on test set: 62.75%
Epoch: 4, Batch: 10, Acc: 62.03%, Loss: 1.2397
Epoch: 4, Batch: 20, Acc: 60.70%, Loss: 1.2518
Epoch: 4, Batch: 30, Acc: 61.56%, Loss: 1.2703
Epoch: 4, Batch: 40, Acc: 61.02%, Loss: 1.2978
Epoch: 4, Batch: 50, Acc: 61.19%, Loss: 1.2254
Epoch: 4, Batch: 60, Acc: 61.56%, Loss: 1.2077
Epoch: 4, Batch: 70, Acc: 61.41%, Loss: 1.2514
Epoch: 4, Batch: 80, Acc: 61.70%, Loss: 1.2357
Epoch: 4, Batch: 90, Acc: 61.55%, Loss: 1.2897
Epoch: 4, Batch: 100, Acc: 61.52%, Loss: 1.2979
Epoch: 4, Batch: 110, Acc: 61.61%, Loss: 1.2566
Epoch: 4, Batch: 120, Acc: 61.63%, Loss: 1.2239
Epoch: 4, Batch: 130, Acc: 61.74%, Loss: 1.2209
Epoch: 4, Batch: 140, Acc: 61.66%, Loss: 1.2752
Epoch: 4, Batch: 150, Acc: 61.55%, Loss: 1.2960
Epoch: 4, Batch: 160, Acc: 61.40%, Loss: 1.2836
Epoch: 4, Batch: 170, Acc: 61.30%, Loss: 1.2845
Epoch: 4, Batch: 180, Acc: 61.28%, Loss: 1.2809
Epoch: 4, Batch: 190, Acc: 61.25%, Loss: 1.2624
Epoch: 4, Batch: 200, Acc: 61.23%, Loss: 1.2705
Epoch: 4, Batch: 210, Acc: 61.16%, Loss: 1.2483
Epoch: 4, Batch: 220, Acc: 61.16%, Loss: 1.2615
Epoch: 4, Batch: 230, Acc: 61.04%, Loss: 1.2595
Epoch: 4, Batch: 240, Acc: 60.94%, Loss: 1.3025
Epoch: 4, Batch: 250, Acc: 61.01%, Loss: 1.2580
Epoch: 4, Batch: 260, Acc: 61.06%, Loss: 1.2503
Epoch: 4, Batch: 270, Acc: 60.97%, Loss: 1.2776
Epoch: 4, Batch: 280, Acc: 61.09%, Loss: 1.2185
Epoch: 4, Batch: 290, Acc: 61.17%, Loss: 1.2439
Epoch: 4, Batch: 300, Acc: 61.14%, Loss: 1.2826
Epoch: 4, Batch: 310, Acc: 61.18%, Loss: 1.2295
Epoch: 4, Batch: 320, Acc: 61.15%, Loss: 1.2829
Epoch: 4, Batch: 330, Acc: 61.25%, Loss: 1.2180
Epoch: 4, Batch: 340, Acc: 61.27%, Loss: 1.2326
Epoch: 4, Batch: 350, Acc: 61.33%, Loss: 1.2227
Epoch: 4, Batch: 360, Acc: 61.23%, Loss: 1.3155
Epoch: 4, Batch: 370, Acc: 61.28%, Loss: 1.1776
Epoch: 4, Batch: 380, Acc: 61.21%, Loss: 1.2493
Epoch: 4, Batch: 390, Acc: 61.29%, Loss: 1.2048
Epoch: 4, Batch: 400, Acc: 61.30%, Loss: 1.2169
Epoch: 4, Batch: 410, Acc: 61.30%, Loss: 1.2220
Epoch: 4, Batch: 420, Acc: 61.22%, Loss: 1.2609
Epoch: 4, Batch: 430, Acc: 61.28%, Loss: 1.2584
Epoch: 4, Batch: 440, Acc: 61.17%, Loss: 1.2834
Epoch: 4, Batch: 450, Acc: 61.26%, Loss: 1.2008
Epoch: 4, Batch: 460, Acc: 61.29%, Loss: 1.2476
Epoch: 4, Batch: 470, Acc: 61.28%, Loss: 1.2960
Epoch: 4, Batch: 480, Acc: 61.24%, Loss: 1.2792
Epoch: 4, Batch: 490, Acc: 61.32%, Loss: 1.1751
Epoch: 4, Batch: 500, Acc: 61.36%, Loss: 1.2257
Epoch: 4, Batch: 510, Acc: 61.30%, Loss: 1.2466
Epoch: 4, Batch: 520, Acc: 61.29%, Loss: 1.2359
Epoch: 4, Batch: 530, Acc: 61.31%, Loss: 1.2185
Epoch: 4, Batch: 540, Acc: 61.36%, Loss: 1.1745
Epoch: 4, Batch: 550, Acc: 61.35%, Loss: 1.2428
Epoch: 4, Batch: 560, Acc: 61.35%, Loss: 1.2478
Epoch: 4, Batch: 570, Acc: 61.41%, Loss: 1.1617
Epoch: 4, Batch: 580, Acc: 61.35%, Loss: 1.2556
Epoch: 4, Batch: 590, Acc: 61.37%, Loss: 1.2262
Epoch: 4, Batch: 600, Acc: 61.41%, Loss: 1.1959
Epoch: 4, Batch: 610, Acc: 61.43%, Loss: 1.1942
Epoch: 4, Batch: 620, Acc: 61.45%, Loss: 1.2262
Epoch: 4, Batch: 630, Acc: 61.39%, Loss: 1.3116
Epoch: 4, Batch: 640, Acc: 61.36%, Loss: 1.1779
Epoch: 4, Batch: 650, Acc: 61.35%, Loss: 1.2271
Epoch: 4, Batch: 660, Acc: 61.40%, Loss: 1.1543
Epoch: 4, Batch: 670, Acc: 61.36%, Loss: 1.2516
Epoch: 4, Batch: 680, Acc: 61.38%, Loss: 1.2142
Epoch: 4, Batch: 690, Acc: 61.38%, Loss: 1.1928
Epoch: 4, Batch: 700, Acc: 61.41%, Loss: 1.1670
Epoch: 4, Batch: 710, Acc: 61.41%, Loss: 1.1748
Epoch: 4, Batch: 720, Acc: 61.45%, Loss: 1.1879
Epoch: 4, Batch: 730, Acc: 61.47%, Loss: 1.2022
Epoch: 4, Batch: 740, Acc: 61.48%, Loss: 1.2094
Epoch: 4, Batch: 750, Acc: 61.46%, Loss: 1.2182
Epoch: 4, Batch: 760, Acc: 61.46%, Loss: 1.2341
Epoch: 4, Batch: 770, Acc: 61.47%, Loss: 1.2050
Epoch: 4, Batch: 780, Acc: 61.48%, Loss: 1.1525
Epoch: 4, Batch: 790, Acc: 61.48%, Loss: 1.2304
Epoch: 4, Batch: 800, Acc: 61.54%, Loss: 1.1089
Epoch: 4, Batch: 810, Acc: 61.55%, Loss: 1.1984
Epoch: 4, Batch: 820, Acc: 61.55%, Loss: 1.1917
Epoch: 4, Batch: 830, Acc: 61.55%, Loss: 1.1388
Epoch: 4, Batch: 840, Acc: 61.53%, Loss: 1.2648
Epoch: 4, Batch: 850, Acc: 61.56%, Loss: 1.2058
Epoch: 4, Batch: 860, Acc: 61.58%, Loss: 1.2098
Epoch: 4, Batch: 870, Acc: 61.59%, Loss: 1.2504
Epoch: 4, Batch: 880, Acc: 61.56%, Loss: 1.2448
Epoch: 4, Batch: 890, Acc: 61.54%, Loss: 1.1929
Epoch: 4, Batch: 900, Acc: 61.52%, Loss: 1.2728
Epoch: 4, Batch: 910, Acc: 61.53%, Loss: 1.1976
Epoch: 4, Batch: 920, Acc: 61.54%, Loss: 1.1955
Epoch: 4, Batch: 930, Acc: 61.54%, Loss: 1.1857
Accuracy on test set: 64.41%
Epoch: 5, Batch: 10, Acc: 65.78%, Loss: 1.1597
Epoch: 5, Batch: 20, Acc: 64.22%, Loss: 1.1712
Epoch: 5, Batch: 30, Acc: 64.38%, Loss: 1.1784
Epoch: 5, Batch: 40, Acc: 64.26%, Loss: 1.2034
Epoch: 5, Batch: 50, Acc: 63.25%, Loss: 1.2307
Epoch: 5, Batch: 60, Acc: 63.39%, Loss: 1.1654
Epoch: 5, Batch: 70, Acc: 62.97%, Loss: 1.2178
Epoch: 5, Batch: 80, Acc: 62.68%, Loss: 1.2414
Epoch: 5, Batch: 90, Acc: 62.73%, Loss: 1.2023
Epoch: 5, Batch: 100, Acc: 62.84%, Loss: 1.1455
Epoch: 5, Batch: 110, Acc: 63.14%, Loss: 1.1133
Epoch: 5, Batch: 120, Acc: 63.09%, Loss: 1.2432
Epoch: 5, Batch: 130, Acc: 63.11%, Loss: 1.1692
Epoch: 5, Batch: 140, Acc: 63.09%, Loss: 1.2328
Epoch: 5, Batch: 150, Acc: 62.96%, Loss: 1.1999
Epoch: 5, Batch: 160, Acc: 62.99%, Loss: 1.1526
Epoch: 5, Batch: 170, Acc: 62.87%, Loss: 1.1841
Epoch: 5, Batch: 180, Acc: 62.96%, Loss: 1.1431
Epoch: 5, Batch: 190, Acc: 62.97%, Loss: 1.1713
Epoch: 5, Batch: 200, Acc: 62.98%, Loss: 1.1583
Epoch: 5, Batch: 210, Acc: 62.96%, Loss: 1.1784
Epoch: 5, Batch: 220, Acc: 62.83%, Loss: 1.2214
Epoch: 5, Batch: 230, Acc: 62.80%, Loss: 1.1533
Epoch: 5, Batch: 240, Acc: 62.83%, Loss: 1.1320
Epoch: 5, Batch: 250, Acc: 62.83%, Loss: 1.1790
Epoch: 5, Batch: 260, Acc: 62.82%, Loss: 1.1457
Epoch: 5, Batch: 270, Acc: 62.78%, Loss: 1.1618
Epoch: 5, Batch: 280, Acc: 62.75%, Loss: 1.1787
Epoch: 5, Batch: 290, Acc: 62.82%, Loss: 1.1506
Epoch: 5, Batch: 300, Acc: 62.86%, Loss: 1.2130
Epoch: 5, Batch: 310, Acc: 62.90%, Loss: 1.1889
Epoch: 5, Batch: 320, Acc: 62.85%, Loss: 1.2042
Epoch: 5, Batch: 330, Acc: 62.77%, Loss: 1.2320
Epoch: 5, Batch: 340, Acc: 62.69%, Loss: 1.2067
Epoch: 5, Batch: 350, Acc: 62.75%, Loss: 1.1801
Epoch: 5, Batch: 360, Acc: 62.80%, Loss: 1.1674
Epoch: 5, Batch: 370, Acc: 62.74%, Loss: 1.2464
Epoch: 5, Batch: 380, Acc: 62.77%, Loss: 1.1520
Epoch: 5, Batch: 390, Acc: 62.76%, Loss: 1.2131
Epoch: 5, Batch: 400, Acc: 62.80%, Loss: 1.1862
Epoch: 5, Batch: 410, Acc: 62.76%, Loss: 1.1851
Epoch: 5, Batch: 420, Acc: 62.83%, Loss: 1.1205
Epoch: 5, Batch: 430, Acc: 62.90%, Loss: 1.1713
Epoch: 5, Batch: 440, Acc: 62.93%, Loss: 1.1418
Epoch: 5, Batch: 450, Acc: 62.93%, Loss: 1.1893
Epoch: 5, Batch: 460, Acc: 62.98%, Loss: 1.1337
Epoch: 5, Batch: 470, Acc: 63.02%, Loss: 1.1150
Epoch: 5, Batch: 480, Acc: 63.02%, Loss: 1.1158
Epoch: 5, Batch: 490, Acc: 63.00%, Loss: 1.1745
Epoch: 5, Batch: 500, Acc: 62.99%, Loss: 1.1861
Epoch: 5, Batch: 510, Acc: 62.99%, Loss: 1.1723
Epoch: 5, Batch: 520, Acc: 63.01%, Loss: 1.1495
Epoch: 5, Batch: 530, Acc: 63.07%, Loss: 1.1451
Epoch: 5, Batch: 540, Acc: 63.13%, Loss: 1.1255
Epoch: 5, Batch: 550, Acc: 63.13%, Loss: 1.1539
Epoch: 5, Batch: 560, Acc: 63.12%, Loss: 1.1867
Epoch: 5, Batch: 570, Acc: 63.11%, Loss: 1.1634
Epoch: 5, Batch: 580, Acc: 63.12%, Loss: 1.2025
Epoch: 5, Batch: 590, Acc: 63.05%, Loss: 1.1724
Epoch: 5, Batch: 600, Acc: 63.03%, Loss: 1.2153
Epoch: 5, Batch: 610, Acc: 63.01%, Loss: 1.1567
Epoch: 5, Batch: 620, Acc: 63.05%, Loss: 1.1270
Epoch: 5, Batch: 630, Acc: 63.06%, Loss: 1.1739
Epoch: 5, Batch: 640, Acc: 63.08%, Loss: 1.1646
Epoch: 5, Batch: 650, Acc: 63.03%, Loss: 1.1955
Epoch: 5, Batch: 660, Acc: 63.02%, Loss: 1.1647
Epoch: 5, Batch: 670, Acc: 63.01%, Loss: 1.1751
Epoch: 5, Batch: 680, Acc: 63.05%, Loss: 1.1102
Epoch: 5, Batch: 690, Acc: 63.05%, Loss: 1.1487
Epoch: 5, Batch: 700, Acc: 63.11%, Loss: 1.0966
Epoch: 5, Batch: 710, Acc: 63.12%, Loss: 1.1060
Epoch: 5, Batch: 720, Acc: 63.14%, Loss: 1.1481
Epoch: 5, Batch: 730, Acc: 63.13%, Loss: 1.1711
Epoch: 5, Batch: 740, Acc: 63.14%, Loss: 1.1616
Epoch: 5, Batch: 750, Acc: 63.15%, Loss: 1.1713
Epoch: 5, Batch: 760, Acc: 63.15%, Loss: 1.1698
Epoch: 5, Batch: 770, Acc: 63.16%, Loss: 1.0788
Epoch: 5, Batch: 780, Acc: 63.19%, Loss: 1.1365
Epoch: 5, Batch: 790, Acc: 63.20%, Loss: 1.1038
Epoch: 5, Batch: 800, Acc: 63.19%, Loss: 1.1649
Epoch: 5, Batch: 810, Acc: 63.25%, Loss: 1.1019
Epoch: 5, Batch: 820, Acc: 63.27%, Loss: 1.1616
Epoch: 5, Batch: 830, Acc: 63.26%, Loss: 1.1831
Epoch: 5, Batch: 840, Acc: 63.22%, Loss: 1.1852
Epoch: 5, Batch: 850, Acc: 63.26%, Loss: 1.0937
Epoch: 5, Batch: 860, Acc: 63.25%, Loss: 1.1843
Epoch: 5, Batch: 870, Acc: 63.24%, Loss: 1.1410
Epoch: 5, Batch: 880, Acc: 63.26%, Loss: 1.1752
Epoch: 5, Batch: 890, Acc: 63.28%, Loss: 1.1300
Epoch: 5, Batch: 900, Acc: 63.28%, Loss: 1.1474
Epoch: 5, Batch: 910, Acc: 63.28%, Loss: 1.1763
Epoch: 5, Batch: 920, Acc: 63.30%, Loss: 1.1316
Epoch: 5, Batch: 930, Acc: 63.31%, Loss: 1.0846
Accuracy on test set: 66.24%
Epoch: 6, Batch: 10, Acc: 66.56%, Loss: 1.0714
Epoch: 6, Batch: 20, Acc: 65.70%, Loss: 1.1084
Epoch: 6, Batch: 30, Acc: 66.09%, Loss: 1.1102
Epoch: 6, Batch: 40, Acc: 65.04%, Loss: 1.1380
Epoch: 6, Batch: 50, Acc: 64.62%, Loss: 1.1486
Epoch: 6, Batch: 60, Acc: 64.32%, Loss: 1.1520
Epoch: 6, Batch: 70, Acc: 64.31%, Loss: 1.0980
Epoch: 6, Batch: 80, Acc: 64.26%, Loss: 1.1454
Epoch: 6, Batch: 90, Acc: 64.39%, Loss: 1.1138
Epoch: 6, Batch: 100, Acc: 64.33%, Loss: 1.1172
Epoch: 6, Batch: 110, Acc: 64.23%, Loss: 1.1448
Epoch: 6, Batch: 120, Acc: 63.98%, Loss: 1.1722
Epoch: 6, Batch: 130, Acc: 64.04%, Loss: 1.1423
Epoch: 6, Batch: 140, Acc: 64.05%, Loss: 1.1090
Epoch: 6, Batch: 150, Acc: 63.90%, Loss: 1.1756
Epoch: 6, Batch: 160, Acc: 63.82%, Loss: 1.1725
Epoch: 6, Batch: 170, Acc: 63.90%, Loss: 1.1131
Epoch: 6, Batch: 180, Acc: 63.95%, Loss: 1.1486
Epoch: 6, Batch: 190, Acc: 63.84%, Loss: 1.2150
Epoch: 6, Batch: 200, Acc: 63.81%, Loss: 1.0978
Epoch: 6, Batch: 210, Acc: 63.96%, Loss: 1.1155
Epoch: 6, Batch: 220, Acc: 63.90%, Loss: 1.1231
Epoch: 6, Batch: 230, Acc: 63.97%, Loss: 1.1586
Epoch: 6, Batch: 240, Acc: 64.07%, Loss: 1.1112
Epoch: 6, Batch: 250, Acc: 64.17%, Loss: 1.0386
Epoch: 6, Batch: 260, Acc: 64.07%, Loss: 1.1641
Epoch: 6, Batch: 270, Acc: 64.09%, Loss: 1.1208
Epoch: 6, Batch: 280, Acc: 64.09%, Loss: 1.1420
Epoch: 6, Batch: 290, Acc: 64.05%, Loss: 1.1667
Epoch: 6, Batch: 300, Acc: 64.15%, Loss: 1.1110
Epoch: 6, Batch: 310, Acc: 64.11%, Loss: 1.1262
Epoch: 6, Batch: 320, Acc: 64.13%, Loss: 1.1051
Epoch: 6, Batch: 330, Acc: 64.13%, Loss: 1.1307
Epoch: 6, Batch: 340, Acc: 64.20%, Loss: 1.1138
Epoch: 6, Batch: 350, Acc: 64.17%, Loss: 1.1972
Epoch: 6, Batch: 360, Acc: 64.19%, Loss: 1.1072
Epoch: 6, Batch: 370, Acc: 64.16%, Loss: 1.1320
Epoch: 6, Batch: 380, Acc: 64.08%, Loss: 1.1653
Epoch: 6, Batch: 390, Acc: 64.18%, Loss: 1.0614
Epoch: 6, Batch: 400, Acc: 64.21%, Loss: 1.0776
Epoch: 6, Batch: 410, Acc: 64.21%, Loss: 1.1070
Epoch: 6, Batch: 420, Acc: 64.14%, Loss: 1.1761
Epoch: 6, Batch: 430, Acc: 64.21%, Loss: 1.0986
Epoch: 6, Batch: 440, Acc: 64.23%, Loss: 1.1197
Epoch: 6, Batch: 450, Acc: 64.20%, Loss: 1.1103
Epoch: 6, Batch: 460, Acc: 64.25%, Loss: 1.1365
Epoch: 6, Batch: 470, Acc: 64.18%, Loss: 1.1295
Epoch: 6, Batch: 480, Acc: 64.20%, Loss: 1.0923
Epoch: 6, Batch: 490, Acc: 64.16%, Loss: 1.1510
Epoch: 6, Batch: 500, Acc: 64.23%, Loss: 1.0965
Epoch: 6, Batch: 510, Acc: 64.28%, Loss: 1.1055
Epoch: 6, Batch: 520, Acc: 64.26%, Loss: 1.1219
Epoch: 6, Batch: 530, Acc: 64.24%, Loss: 1.1230
Epoch: 6, Batch: 540, Acc: 64.20%, Loss: 1.1586
Epoch: 6, Batch: 550, Acc: 64.25%, Loss: 1.1321
Epoch: 6, Batch: 560, Acc: 64.19%, Loss: 1.2091
Epoch: 6, Batch: 570, Acc: 64.19%, Loss: 1.1166
Epoch: 6, Batch: 580, Acc: 64.23%, Loss: 1.1041
Epoch: 6, Batch: 590, Acc: 64.28%, Loss: 1.0765
Epoch: 6, Batch: 600, Acc: 64.32%, Loss: 1.0939
Epoch: 6, Batch: 610, Acc: 64.36%, Loss: 1.0183
Epoch: 6, Batch: 620, Acc: 64.32%, Loss: 1.1251
Epoch: 6, Batch: 630, Acc: 64.35%, Loss: 1.0132
Epoch: 6, Batch: 640, Acc: 64.36%, Loss: 1.0932
Epoch: 6, Batch: 650, Acc: 64.40%, Loss: 1.0589
Epoch: 6, Batch: 660, Acc: 64.39%, Loss: 1.1243
Epoch: 6, Batch: 670, Acc: 64.39%, Loss: 1.0625
Epoch: 6, Batch: 680, Acc: 64.41%, Loss: 1.1019
Epoch: 6, Batch: 690, Acc: 64.41%, Loss: 1.1455
Epoch: 6, Batch: 700, Acc: 64.40%, Loss: 1.1282
Epoch: 6, Batch: 710, Acc: 64.40%, Loss: 1.1625
Epoch: 6, Batch: 720, Acc: 64.44%, Loss: 1.0468
Epoch: 6, Batch: 730, Acc: 64.49%, Loss: 1.0687
Epoch: 6, Batch: 740, Acc: 64.50%, Loss: 1.1300
Epoch: 6, Batch: 750, Acc: 64.53%, Loss: 1.0546
Epoch: 6, Batch: 760, Acc: 64.54%, Loss: 1.0754
Epoch: 6, Batch: 770, Acc: 64.52%, Loss: 1.1136
Epoch: 6, Batch: 780, Acc: 64.52%, Loss: 1.1199
Epoch: 6, Batch: 790, Acc: 64.53%, Loss: 1.0788
Epoch: 6, Batch: 800, Acc: 64.54%, Loss: 1.0805
Epoch: 6, Batch: 810, Acc: 64.55%, Loss: 1.1072
Epoch: 6, Batch: 820, Acc: 64.55%, Loss: 1.0990
Epoch: 6, Batch: 830, Acc: 64.55%, Loss: 1.0764
Epoch: 6, Batch: 840, Acc: 64.56%, Loss: 1.1291
Epoch: 6, Batch: 850, Acc: 64.50%, Loss: 1.1473
Epoch: 6, Batch: 860, Acc: 64.50%, Loss: 1.0676
Epoch: 6, Batch: 870, Acc: 64.48%, Loss: 1.1605
Epoch: 6, Batch: 880, Acc: 64.47%, Loss: 1.1900
Epoch: 6, Batch: 890, Acc: 64.43%, Loss: 1.1654
Epoch: 6, Batch: 900, Acc: 64.44%, Loss: 1.0830
Epoch: 6, Batch: 910, Acc: 64.45%, Loss: 1.1312
Epoch: 6, Batch: 920, Acc: 64.47%, Loss: 1.0712
Epoch: 6, Batch: 930, Acc: 64.48%, Loss: 1.1117
Accuracy on test set: 67.15%
Epoch: 7, Batch: 10, Acc: 62.81%, Loss: 1.1030
Epoch: 7, Batch: 20, Acc: 63.28%, Loss: 1.1048
Epoch: 7, Batch: 30, Acc: 62.76%, Loss: 1.1631
Epoch: 7, Batch: 40, Acc: 63.48%, Loss: 1.1538
Epoch: 7, Batch: 50, Acc: 63.84%, Loss: 1.1006
Epoch: 7, Batch: 60, Acc: 63.85%, Loss: 1.0650
Epoch: 7, Batch: 70, Acc: 64.51%, Loss: 1.0343
Epoch: 7, Batch: 80, Acc: 64.63%, Loss: 1.0684
Epoch: 7, Batch: 90, Acc: 64.58%, Loss: 1.0664
Epoch: 7, Batch: 100, Acc: 64.73%, Loss: 1.0660
Epoch: 7, Batch: 110, Acc: 64.94%, Loss: 1.0712
Epoch: 7, Batch: 120, Acc: 65.07%, Loss: 1.0436
Epoch: 7, Batch: 130, Acc: 65.00%, Loss: 1.1188
Epoch: 7, Batch: 140, Acc: 65.16%, Loss: 1.0599
Epoch: 7, Batch: 150, Acc: 65.14%, Loss: 1.1352
Epoch: 7, Batch: 160, Acc: 65.11%, Loss: 1.0781
Epoch: 7, Batch: 170, Acc: 65.08%, Loss: 1.1086
Epoch: 7, Batch: 180, Acc: 65.05%, Loss: 1.1048
Epoch: 7, Batch: 190, Acc: 65.05%, Loss: 1.1010
Epoch: 7, Batch: 200, Acc: 65.05%, Loss: 1.1149
Epoch: 7, Batch: 210, Acc: 65.11%, Loss: 1.1025
Epoch: 7, Batch: 220, Acc: 65.16%, Loss: 1.0715
Epoch: 7, Batch: 230, Acc: 65.24%, Loss: 1.0576
Epoch: 7, Batch: 240, Acc: 65.25%, Loss: 1.0770
Epoch: 7, Batch: 250, Acc: 65.22%, Loss: 1.1308
Epoch: 7, Batch: 260, Acc: 65.14%, Loss: 1.1357
Epoch: 7, Batch: 270, Acc: 65.08%, Loss: 1.1324
Epoch: 7, Batch: 280, Acc: 65.16%, Loss: 1.0503
Epoch: 7, Batch: 290, Acc: 65.26%, Loss: 1.0189
Epoch: 7, Batch: 300, Acc: 65.27%, Loss: 1.0869
Epoch: 7, Batch: 310, Acc: 65.28%, Loss: 1.0669
Epoch: 7, Batch: 320, Acc: 65.29%, Loss: 1.1105
Epoch: 7, Batch: 330, Acc: 65.28%, Loss: 1.0985
Epoch: 7, Batch: 340, Acc: 65.21%, Loss: 1.1491
Epoch: 7, Batch: 350, Acc: 65.19%, Loss: 1.0894
Epoch: 7, Batch: 360, Acc: 65.18%, Loss: 1.1158
Epoch: 7, Batch: 370, Acc: 65.22%, Loss: 1.0495
Epoch: 7, Batch: 380, Acc: 65.22%, Loss: 1.1052
Epoch: 7, Batch: 390, Acc: 65.26%, Loss: 1.0774
Epoch: 7, Batch: 400, Acc: 65.30%, Loss: 1.0787
Epoch: 7, Batch: 410, Acc: 65.35%, Loss: 1.0693
Epoch: 7, Batch: 420, Acc: 65.35%, Loss: 1.1009
Epoch: 7, Batch: 430, Acc: 65.28%, Loss: 1.0981
Epoch: 7, Batch: 440, Acc: 65.23%, Loss: 1.1304
Epoch: 7, Batch: 450, Acc: 65.23%, Loss: 1.0705
Epoch: 7, Batch: 460, Acc: 65.15%, Loss: 1.1831
Epoch: 7, Batch: 470, Acc: 65.24%, Loss: 1.0513
Epoch: 7, Batch: 480, Acc: 65.26%, Loss: 1.0609
Epoch: 7, Batch: 490, Acc: 65.32%, Loss: 1.0677
Epoch: 7, Batch: 500, Acc: 65.33%, Loss: 1.0871
Epoch: 7, Batch: 510, Acc: 65.34%, Loss: 1.0119
Epoch: 7, Batch: 520, Acc: 65.36%, Loss: 1.0762
Epoch: 7, Batch: 530, Acc: 65.35%, Loss: 1.0380
Epoch: 7, Batch: 540, Acc: 65.33%, Loss: 1.1074
Epoch: 7, Batch: 550, Acc: 65.32%, Loss: 1.0982
Epoch: 7, Batch: 560, Acc: 65.28%, Loss: 1.1106
Epoch: 7, Batch: 570, Acc: 65.34%, Loss: 0.9811
Epoch: 7, Batch: 580, Acc: 65.29%, Loss: 1.1875
Epoch: 7, Batch: 590, Acc: 65.34%, Loss: 0.9778
Epoch: 7, Batch: 600, Acc: 65.35%, Loss: 1.0836
Epoch: 7, Batch: 610, Acc: 65.33%, Loss: 1.1009
Epoch: 7, Batch: 620, Acc: 65.33%, Loss: 1.0559
Epoch: 7, Batch: 630, Acc: 65.32%, Loss: 1.1101
Epoch: 7, Batch: 640, Acc: 65.33%, Loss: 1.0942
Epoch: 7, Batch: 650, Acc: 65.33%, Loss: 1.0579
Epoch: 7, Batch: 660, Acc: 65.39%, Loss: 1.0340
Epoch: 7, Batch: 670, Acc: 65.37%, Loss: 1.0540
Epoch: 7, Batch: 680, Acc: 65.36%, Loss: 1.0741
Epoch: 7, Batch: 690, Acc: 65.37%, Loss: 1.0407
Epoch: 7, Batch: 700, Acc: 65.31%, Loss: 1.1151
Epoch: 7, Batch: 710, Acc: 65.35%, Loss: 1.0407
Epoch: 7, Batch: 720, Acc: 65.35%, Loss: 1.0697
Epoch: 7, Batch: 730, Acc: 65.36%, Loss: 1.0397
Epoch: 7, Batch: 740, Acc: 65.41%, Loss: 1.0487
Epoch: 7, Batch: 750, Acc: 65.43%, Loss: 1.0921
Epoch: 7, Batch: 760, Acc: 65.40%, Loss: 1.1264
Epoch: 7, Batch: 770, Acc: 65.35%, Loss: 1.1651
Epoch: 7, Batch: 780, Acc: 65.35%, Loss: 1.0888
Epoch: 7, Batch: 790, Acc: 65.37%, Loss: 1.0346
Epoch: 7, Batch: 800, Acc: 65.38%, Loss: 1.0616
Epoch: 7, Batch: 810, Acc: 65.38%, Loss: 1.0871
Epoch: 7, Batch: 820, Acc: 65.41%, Loss: 1.0196
Epoch: 7, Batch: 830, Acc: 65.41%, Loss: 1.1076
Epoch: 7, Batch: 840, Acc: 65.40%, Loss: 1.0390
Epoch: 7, Batch: 850, Acc: 65.44%, Loss: 1.0269
Epoch: 7, Batch: 860, Acc: 65.47%, Loss: 1.0520
Epoch: 7, Batch: 870, Acc: 65.49%, Loss: 1.0495
Epoch: 7, Batch: 880, Acc: 65.47%, Loss: 1.1386
Epoch: 7, Batch: 890, Acc: 65.47%, Loss: 1.0702
Epoch: 7, Batch: 900, Acc: 65.48%, Loss: 1.0475
Epoch: 7, Batch: 910, Acc: 65.52%, Loss: 0.9678
Epoch: 7, Batch: 920, Acc: 65.52%, Loss: 1.0505
Epoch: 7, Batch: 930, Acc: 65.51%, Loss: 1.0434
Accuracy on test set: 67.19%
Epoch: 8, Batch: 10, Acc: 65.62%, Loss: 1.0451
Epoch: 8, Batch: 20, Acc: 64.92%, Loss: 1.0242
Epoch: 8, Batch: 30, Acc: 64.58%, Loss: 1.0832
Epoch: 8, Batch: 40, Acc: 65.23%, Loss: 1.0546
Epoch: 8, Batch: 50, Acc: 64.50%, Loss: 1.0978
Epoch: 8, Batch: 60, Acc: 64.56%, Loss: 1.0977
Epoch: 8, Batch: 70, Acc: 65.27%, Loss: 1.0064
Epoch: 8, Batch: 80, Acc: 65.57%, Loss: 1.0892
Epoch: 8, Batch: 90, Acc: 65.43%, Loss: 1.1322
Epoch: 8, Batch: 100, Acc: 65.47%, Loss: 1.0620
Epoch: 8, Batch: 110, Acc: 65.45%, Loss: 1.0714
Epoch: 8, Batch: 120, Acc: 65.44%, Loss: 1.0974
Epoch: 8, Batch: 130, Acc: 65.60%, Loss: 1.0207
Epoch: 8, Batch: 140, Acc: 65.65%, Loss: 1.0942
Epoch: 8, Batch: 150, Acc: 65.60%, Loss: 1.0797
Epoch: 8, Batch: 160, Acc: 65.60%, Loss: 1.0858
Epoch: 8, Batch: 170, Acc: 65.55%, Loss: 1.0959
Epoch: 8, Batch: 180, Acc: 65.62%, Loss: 1.0694
Epoch: 8, Batch: 190, Acc: 65.63%, Loss: 1.0671
Epoch: 8, Batch: 200, Acc: 65.38%, Loss: 1.0985
Epoch: 8, Batch: 210, Acc: 65.40%, Loss: 1.0419
Epoch: 8, Batch: 220, Acc: 65.44%, Loss: 1.0483
Epoch: 8, Batch: 230, Acc: 65.56%, Loss: 1.0355
Epoch: 8, Batch: 240, Acc: 65.51%, Loss: 1.0719
Epoch: 8, Batch: 250, Acc: 65.47%, Loss: 1.0483
Epoch: 8, Batch: 260, Acc: 65.46%, Loss: 1.1148
Epoch: 8, Batch: 270, Acc: 65.45%, Loss: 1.0623
Epoch: 8, Batch: 280, Acc: 65.51%, Loss: 1.0386
Epoch: 8, Batch: 290, Acc: 65.56%, Loss: 1.0434
Epoch: 8, Batch: 300, Acc: 65.57%, Loss: 1.0688
Epoch: 8, Batch: 310, Acc: 65.63%, Loss: 1.0493
Epoch: 8, Batch: 320, Acc: 65.77%, Loss: 0.9779
Epoch: 8, Batch: 330, Acc: 65.82%, Loss: 1.0147
Epoch: 8, Batch: 340, Acc: 65.90%, Loss: 1.0446
Epoch: 8, Batch: 350, Acc: 65.98%, Loss: 1.0117
Epoch: 8, Batch: 360, Acc: 65.95%, Loss: 1.0758
Epoch: 8, Batch: 370, Acc: 65.91%, Loss: 1.0929
Epoch: 8, Batch: 380, Acc: 65.96%, Loss: 1.0174
Epoch: 8, Batch: 390, Acc: 65.93%, Loss: 1.0886
Epoch: 8, Batch: 400, Acc: 65.90%, Loss: 1.0295
Epoch: 8, Batch: 410, Acc: 65.94%, Loss: 0.9953
Epoch: 8, Batch: 420, Acc: 65.96%, Loss: 1.0386
Epoch: 8, Batch: 430, Acc: 66.03%, Loss: 1.0085
Epoch: 8, Batch: 440, Acc: 66.00%, Loss: 1.0279
Epoch: 8, Batch: 450, Acc: 66.07%, Loss: 1.0236
Epoch: 8, Batch: 460, Acc: 66.12%, Loss: 1.0517
Epoch: 8, Batch: 470, Acc: 66.18%, Loss: 0.9854
Epoch: 8, Batch: 480, Acc: 66.15%, Loss: 1.0593
Epoch: 8, Batch: 490, Acc: 66.10%, Loss: 1.0663
Epoch: 8, Batch: 500, Acc: 66.08%, Loss: 1.0502
Epoch: 8, Batch: 510, Acc: 66.02%, Loss: 1.1336
Epoch: 8, Batch: 520, Acc: 66.11%, Loss: 1.0051
Epoch: 8, Batch: 530, Acc: 66.17%, Loss: 1.0184
Epoch: 8, Batch: 540, Acc: 66.15%, Loss: 1.0929
Epoch: 8, Batch: 550, Acc: 66.15%, Loss: 1.0908
Epoch: 8, Batch: 560, Acc: 66.21%, Loss: 0.9840
Epoch: 8, Batch: 570, Acc: 66.23%, Loss: 0.9693
Epoch: 8, Batch: 580, Acc: 66.27%, Loss: 1.0251
Epoch: 8, Batch: 590, Acc: 66.25%, Loss: 1.0666
Epoch: 8, Batch: 600, Acc: 66.25%, Loss: 1.0487
Epoch: 8, Batch: 610, Acc: 66.24%, Loss: 1.0432
Epoch: 8, Batch: 620, Acc: 66.25%, Loss: 1.0241
Epoch: 8, Batch: 630, Acc: 66.31%, Loss: 1.0244
Epoch: 8, Batch: 640, Acc: 66.30%, Loss: 1.0444
Epoch: 8, Batch: 650, Acc: 66.33%, Loss: 1.0457
Epoch: 8, Batch: 660, Acc: 66.34%, Loss: 1.0367
Epoch: 8, Batch: 670, Acc: 66.36%, Loss: 1.0212
Epoch: 8, Batch: 680, Acc: 66.37%, Loss: 1.0387
Epoch: 8, Batch: 690, Acc: 66.37%, Loss: 1.0083
Epoch: 8, Batch: 700, Acc: 66.35%, Loss: 1.1242
Epoch: 8, Batch: 710, Acc: 66.32%, Loss: 1.0568
Epoch: 8, Batch: 720, Acc: 66.26%, Loss: 1.1016
Epoch: 8, Batch: 730, Acc: 66.24%, Loss: 1.0834
Epoch: 8, Batch: 740, Acc: 66.23%, Loss: 1.0762
Epoch: 8, Batch: 750, Acc: 66.21%, Loss: 1.0883
Epoch: 8, Batch: 760, Acc: 66.21%, Loss: 1.0453
Epoch: 8, Batch: 770, Acc: 66.20%, Loss: 1.0861
Epoch: 8, Batch: 780, Acc: 66.17%, Loss: 1.0840
Epoch: 8, Batch: 790, Acc: 66.16%, Loss: 1.0636
Epoch: 8, Batch: 800, Acc: 66.17%, Loss: 0.9840
Epoch: 8, Batch: 810, Acc: 66.20%, Loss: 1.0110
Epoch: 8, Batch: 820, Acc: 66.20%, Loss: 1.0412
Epoch: 8, Batch: 830, Acc: 66.24%, Loss: 1.0423
Epoch: 8, Batch: 840, Acc: 66.25%, Loss: 1.0451
Epoch: 8, Batch: 850, Acc: 66.28%, Loss: 0.9969
Epoch: 8, Batch: 860, Acc: 66.29%, Loss: 1.0174
Epoch: 8, Batch: 870, Acc: 66.26%, Loss: 1.0980
Epoch: 8, Batch: 880, Acc: 66.31%, Loss: 0.9600
Epoch: 8, Batch: 890, Acc: 66.31%, Loss: 1.0334
Epoch: 8, Batch: 900, Acc: 66.29%, Loss: 1.0623
Epoch: 8, Batch: 910, Acc: 66.33%, Loss: 1.0028
Epoch: 8, Batch: 920, Acc: 66.34%, Loss: 0.9939
Epoch: 8, Batch: 930, Acc: 66.36%, Loss: 1.0273
Accuracy on test set: 68.40%
Epoch: 9, Batch: 10, Acc: 65.31%, Loss: 1.0617
Epoch: 9, Batch: 20, Acc: 64.84%, Loss: 1.0392
Epoch: 9, Batch: 30, Acc: 65.21%, Loss: 0.9877
Epoch: 9, Batch: 40, Acc: 66.13%, Loss: 0.9944
Epoch: 9, Batch: 50, Acc: 66.00%, Loss: 1.0530
Epoch: 9, Batch: 60, Acc: 66.30%, Loss: 1.0184
Epoch: 9, Batch: 70, Acc: 66.47%, Loss: 1.1003
Epoch: 9, Batch: 80, Acc: 66.35%, Loss: 1.0577
Epoch: 9, Batch: 90, Acc: 66.27%, Loss: 1.0714
Epoch: 9, Batch: 100, Acc: 66.34%, Loss: 1.0858
Epoch: 9, Batch: 110, Acc: 66.39%, Loss: 0.9856
Epoch: 9, Batch: 120, Acc: 66.12%, Loss: 1.1391
Epoch: 9, Batch: 130, Acc: 66.18%, Loss: 1.0495
Epoch: 9, Batch: 140, Acc: 66.51%, Loss: 0.9556
Epoch: 9, Batch: 150, Acc: 66.50%, Loss: 1.0450
Epoch: 9, Batch: 160, Acc: 66.56%, Loss: 1.0381
Epoch: 9, Batch: 170, Acc: 66.44%, Loss: 1.0591
Epoch: 9, Batch: 180, Acc: 66.61%, Loss: 1.0310
Epoch: 9, Batch: 190, Acc: 66.58%, Loss: 1.0046
Epoch: 9, Batch: 200, Acc: 66.64%, Loss: 1.0008
Epoch: 9, Batch: 210, Acc: 66.67%, Loss: 1.0245
Epoch: 9, Batch: 220, Acc: 66.70%, Loss: 0.9888
Epoch: 9, Batch: 230, Acc: 66.64%, Loss: 1.0575
Epoch: 9, Batch: 240, Acc: 66.76%, Loss: 0.9855
Epoch: 9, Batch: 250, Acc: 66.86%, Loss: 0.9917
Epoch: 9, Batch: 260, Acc: 66.83%, Loss: 1.0560
Epoch: 9, Batch: 270, Acc: 66.82%, Loss: 1.0620
Epoch: 9, Batch: 280, Acc: 66.80%, Loss: 1.0844
Epoch: 9, Batch: 290, Acc: 66.91%, Loss: 0.9697
Epoch: 9, Batch: 300, Acc: 66.88%, Loss: 1.0289
Epoch: 9, Batch: 310, Acc: 66.74%, Loss: 1.0781
Epoch: 9, Batch: 320, Acc: 66.79%, Loss: 1.0056
Epoch: 9, Batch: 330, Acc: 66.79%, Loss: 1.0565
Epoch: 9, Batch: 340, Acc: 66.73%, Loss: 1.0010
Epoch: 9, Batch: 350, Acc: 66.81%, Loss: 0.9516
Epoch: 9, Batch: 360, Acc: 66.80%, Loss: 1.0378
Epoch: 9, Batch: 370, Acc: 66.79%, Loss: 1.0819
Epoch: 9, Batch: 380, Acc: 66.85%, Loss: 1.0134
Epoch: 9, Batch: 390, Acc: 66.83%, Loss: 1.0682
Epoch: 9, Batch: 400, Acc: 66.80%, Loss: 0.9851
Epoch: 9, Batch: 410, Acc: 66.79%, Loss: 1.0622
Epoch: 9, Batch: 420, Acc: 66.83%, Loss: 1.0437
Epoch: 9, Batch: 430, Acc: 66.78%, Loss: 1.0980
Epoch: 9, Batch: 440, Acc: 66.77%, Loss: 1.0055
Epoch: 9, Batch: 450, Acc: 66.75%, Loss: 1.0295
Epoch: 9, Batch: 460, Acc: 66.76%, Loss: 1.0230
Epoch: 9, Batch: 470, Acc: 66.82%, Loss: 1.0072
Epoch: 9, Batch: 480, Acc: 66.87%, Loss: 0.9871
Epoch: 9, Batch: 490, Acc: 66.95%, Loss: 0.9479
Epoch: 9, Batch: 500, Acc: 66.93%, Loss: 1.0211
Epoch: 9, Batch: 510, Acc: 66.90%, Loss: 1.0776
Epoch: 9, Batch: 520, Acc: 66.94%, Loss: 1.0070
Epoch: 9, Batch: 530, Acc: 66.88%, Loss: 1.0688
Epoch: 9, Batch: 540, Acc: 66.86%, Loss: 1.0370
Epoch: 9, Batch: 550, Acc: 66.84%, Loss: 1.0781
Epoch: 9, Batch: 560, Acc: 66.88%, Loss: 1.0010
Epoch: 9, Batch: 570, Acc: 66.89%, Loss: 1.0104
Epoch: 9, Batch: 580, Acc: 66.92%, Loss: 1.0080
Epoch: 9, Batch: 590, Acc: 66.93%, Loss: 1.0192
Epoch: 9, Batch: 600, Acc: 66.95%, Loss: 1.0383
Epoch: 9, Batch: 610, Acc: 66.91%, Loss: 1.0356
Epoch: 9, Batch: 620, Acc: 66.91%, Loss: 1.0232
Epoch: 9, Batch: 630, Acc: 66.89%, Loss: 1.0033
Epoch: 9, Batch: 640, Acc: 66.88%, Loss: 1.0945
Epoch: 9, Batch: 650, Acc: 66.88%, Loss: 1.0148
Epoch: 9, Batch: 660, Acc: 66.91%, Loss: 0.9826
Epoch: 9, Batch: 670, Acc: 66.86%, Loss: 1.0177
Epoch: 9, Batch: 680, Acc: 66.89%, Loss: 0.9570
Epoch: 9, Batch: 690, Acc: 66.89%, Loss: 1.0396
Epoch: 9, Batch: 700, Acc: 66.90%, Loss: 1.0224
Epoch: 9, Batch: 710, Acc: 66.89%, Loss: 1.0706
Epoch: 9, Batch: 720, Acc: 66.88%, Loss: 1.0256
Epoch: 9, Batch: 730, Acc: 66.93%, Loss: 0.9438
Epoch: 9, Batch: 740, Acc: 66.92%, Loss: 1.0488
Epoch: 9, Batch: 750, Acc: 66.94%, Loss: 0.9429
Epoch: 9, Batch: 760, Acc: 66.98%, Loss: 1.0018
Epoch: 9, Batch: 770, Acc: 67.00%, Loss: 0.9408
Epoch: 9, Batch: 780, Acc: 66.97%, Loss: 1.0311
Epoch: 9, Batch: 790, Acc: 66.95%, Loss: 1.0583
Epoch: 9, Batch: 800, Acc: 66.96%, Loss: 0.9941
Epoch: 9, Batch: 810, Acc: 66.95%, Loss: 1.0305
Epoch: 9, Batch: 820, Acc: 66.94%, Loss: 1.0385
Epoch: 9, Batch: 830, Acc: 66.93%, Loss: 1.0134
Epoch: 9, Batch: 840, Acc: 66.93%, Loss: 1.0026
Epoch: 9, Batch: 850, Acc: 66.92%, Loss: 1.0128
Epoch: 9, Batch: 860, Acc: 66.96%, Loss: 0.9828
Epoch: 9, Batch: 870, Acc: 66.96%, Loss: 1.0347
Epoch: 9, Batch: 880, Acc: 66.95%, Loss: 1.0005
Epoch: 9, Batch: 890, Acc: 66.96%, Loss: 0.9850
Epoch: 9, Batch: 900, Acc: 66.96%, Loss: 1.0333
Epoch: 9, Batch: 910, Acc: 66.98%, Loss: 0.9663
Epoch: 9, Batch: 920, Acc: 66.96%, Loss: 1.0505
Epoch: 9, Batch: 930, Acc: 67.01%, Loss: 0.9577
Accuracy on test set: 69.16%
Epoch: 10, Batch: 10, Acc: 65.47%, Loss: 1.0482
Epoch: 10, Batch: 20, Acc: 67.27%, Loss: 0.9498
Epoch: 10, Batch: 30, Acc: 67.76%, Loss: 0.9896
Epoch: 10, Batch: 40, Acc: 67.11%, Loss: 1.0295
Epoch: 10, Batch: 50, Acc: 66.69%, Loss: 1.0207
Epoch: 10, Batch: 60, Acc: 67.06%, Loss: 0.9773
Epoch: 10, Batch: 70, Acc: 66.94%, Loss: 1.0330
Epoch: 10, Batch: 80, Acc: 67.13%, Loss: 0.9515
Epoch: 10, Batch: 90, Acc: 67.17%, Loss: 0.9950
Epoch: 10, Batch: 100, Acc: 67.06%, Loss: 1.0299
Epoch: 10, Batch: 110, Acc: 67.41%, Loss: 0.9917
Epoch: 10, Batch: 120, Acc: 67.46%, Loss: 1.0080
Epoch: 10, Batch: 130, Acc: 67.46%, Loss: 0.9632
Epoch: 10, Batch: 140, Acc: 67.34%, Loss: 1.0195
Epoch: 10, Batch: 150, Acc: 67.39%, Loss: 0.9758
Epoch: 10, Batch: 160, Acc: 67.41%, Loss: 0.9591
Epoch: 10, Batch: 170, Acc: 67.33%, Loss: 0.9827
Epoch: 10, Batch: 180, Acc: 67.40%, Loss: 1.0313
Epoch: 10, Batch: 190, Acc: 67.46%, Loss: 0.9802
Epoch: 10, Batch: 200, Acc: 67.45%, Loss: 1.0283
Epoch: 10, Batch: 210, Acc: 67.54%, Loss: 0.9650
Epoch: 10, Batch: 220, Acc: 67.44%, Loss: 1.0000
Epoch: 10, Batch: 230, Acc: 67.30%, Loss: 1.0684
Epoch: 10, Batch: 240, Acc: 67.35%, Loss: 1.0184
Epoch: 10, Batch: 250, Acc: 67.29%, Loss: 1.0335
Epoch: 10, Batch: 260, Acc: 67.40%, Loss: 0.9494
Epoch: 10, Batch: 270, Acc: 67.29%, Loss: 1.0886
Epoch: 10, Batch: 280, Acc: 67.20%, Loss: 1.1001
Epoch: 10, Batch: 290, Acc: 67.10%, Loss: 1.0445
Epoch: 10, Batch: 300, Acc: 67.14%, Loss: 0.9974
Epoch: 10, Batch: 310, Acc: 67.10%, Loss: 1.0788
Epoch: 10, Batch: 320, Acc: 67.11%, Loss: 0.9809
Epoch: 10, Batch: 330, Acc: 67.16%, Loss: 0.9224
Epoch: 10, Batch: 340, Acc: 67.11%, Loss: 1.0457
Epoch: 10, Batch: 350, Acc: 67.08%, Loss: 0.9948
Epoch: 10, Batch: 360, Acc: 67.11%, Loss: 0.9701
Epoch: 10, Batch: 370, Acc: 67.17%, Loss: 0.9466
Epoch: 10, Batch: 380, Acc: 67.22%, Loss: 1.0267
Epoch: 10, Batch: 390, Acc: 67.20%, Loss: 1.0368
Epoch: 10, Batch: 400, Acc: 67.27%, Loss: 0.9219
Epoch: 10, Batch: 410, Acc: 67.33%, Loss: 0.9665
Epoch: 10, Batch: 420, Acc: 67.43%, Loss: 0.9171
Epoch: 10, Batch: 430, Acc: 67.43%, Loss: 1.0427
Epoch: 10, Batch: 440, Acc: 67.43%, Loss: 0.9971
Epoch: 10, Batch: 450, Acc: 67.49%, Loss: 0.9557
Epoch: 10, Batch: 460, Acc: 67.50%, Loss: 1.0180
Epoch: 10, Batch: 470, Acc: 67.47%, Loss: 1.0605
Epoch: 10, Batch: 480, Acc: 67.51%, Loss: 0.9519
Epoch: 10, Batch: 490, Acc: 67.54%, Loss: 0.9789
Epoch: 10, Batch: 500, Acc: 67.55%, Loss: 1.0420
Epoch: 10, Batch: 510, Acc: 67.50%, Loss: 1.0932
Epoch: 10, Batch: 520, Acc: 67.43%, Loss: 1.1076
Epoch: 10, Batch: 530, Acc: 67.40%, Loss: 1.0341
Epoch: 10, Batch: 540, Acc: 67.41%, Loss: 0.9866
Epoch: 10, Batch: 550, Acc: 67.42%, Loss: 1.0061
Epoch: 10, Batch: 560, Acc: 67.43%, Loss: 0.9859
Epoch: 10, Batch: 570, Acc: 67.42%, Loss: 1.0231
Epoch: 10, Batch: 580, Acc: 67.44%, Loss: 0.9723
Epoch: 10, Batch: 590, Acc: 67.44%, Loss: 1.0002
Epoch: 10, Batch: 600, Acc: 67.45%, Loss: 0.9825
Epoch: 10, Batch: 610, Acc: 67.47%, Loss: 0.9526
Epoch: 10, Batch: 620, Acc: 67.45%, Loss: 1.0307
Epoch: 10, Batch: 630, Acc: 67.46%, Loss: 0.9853
Epoch: 10, Batch: 640, Acc: 67.48%, Loss: 0.9261
Epoch: 10, Batch: 650, Acc: 67.47%, Loss: 1.0200
Epoch: 10, Batch: 660, Acc: 67.45%, Loss: 1.0336
Epoch: 10, Batch: 670, Acc: 67.43%, Loss: 1.0584
Epoch: 10, Batch: 680, Acc: 67.43%, Loss: 1.0522
Epoch: 10, Batch: 690, Acc: 67.48%, Loss: 0.9724
Epoch: 10, Batch: 700, Acc: 67.48%, Loss: 1.0244
Epoch: 10, Batch: 710, Acc: 67.50%, Loss: 1.0409
Epoch: 10, Batch: 720, Acc: 67.52%, Loss: 1.0200
Epoch: 10, Batch: 730, Acc: 67.52%, Loss: 1.0052
Epoch: 10, Batch: 740, Acc: 67.53%, Loss: 0.9764
Epoch: 10, Batch: 750, Acc: 67.53%, Loss: 1.0788
Epoch: 10, Batch: 760, Acc: 67.51%, Loss: 1.0439
Epoch: 10, Batch: 770, Acc: 67.55%, Loss: 0.9647
Epoch: 10, Batch: 780, Acc: 67.57%, Loss: 0.9371
Epoch: 10, Batch: 790, Acc: 67.54%, Loss: 1.0182
Epoch: 10, Batch: 800, Acc: 67.55%, Loss: 1.0081
Epoch: 10, Batch: 810, Acc: 67.55%, Loss: 1.0065
Epoch: 10, Batch: 820, Acc: 67.55%, Loss: 0.9888
Epoch: 10, Batch: 830, Acc: 67.52%, Loss: 1.0680
Epoch: 10, Batch: 840, Acc: 67.52%, Loss: 0.9742
Epoch: 10, Batch: 850, Acc: 67.54%, Loss: 0.9706
Epoch: 10, Batch: 860, Acc: 67.55%, Loss: 1.0452
Epoch: 10, Batch: 870, Acc: 67.56%, Loss: 0.9898
Epoch: 10, Batch: 880, Acc: 67.57%, Loss: 0.9743
Epoch: 10, Batch: 890, Acc: 67.56%, Loss: 0.9920
Epoch: 10, Batch: 900, Acc: 67.56%, Loss: 1.0003
Epoch: 10, Batch: 910, Acc: 67.58%, Loss: 0.9675
Epoch: 10, Batch: 920, Acc: 67.60%, Loss: 0.9430
Epoch: 10, Batch: 930, Acc: 67.65%, Loss: 0.9202
Accuracy on test set: 69.74%
Epoch: 11, Batch: 10, Acc: 65.31%, Loss: 1.0382
Epoch: 11, Batch: 20, Acc: 66.41%, Loss: 1.0095
Epoch: 11, Batch: 30, Acc: 67.19%, Loss: 0.9830
Epoch: 11, Batch: 40, Acc: 67.42%, Loss: 0.9936
Epoch: 11, Batch: 50, Acc: 67.44%, Loss: 1.0055
Epoch: 11, Batch: 60, Acc: 68.05%, Loss: 0.9542
Epoch: 11, Batch: 70, Acc: 68.37%, Loss: 0.9908
Epoch: 11, Batch: 80, Acc: 68.32%, Loss: 1.0111
Epoch: 11, Batch: 90, Acc: 68.44%, Loss: 0.9668
Epoch: 11, Batch: 100, Acc: 68.20%, Loss: 1.0539
Epoch: 11, Batch: 110, Acc: 68.00%, Loss: 1.0538
Epoch: 11, Batch: 120, Acc: 67.99%, Loss: 0.9927
Epoch: 11, Batch: 130, Acc: 68.20%, Loss: 0.9554
Epoch: 11, Batch: 140, Acc: 68.11%, Loss: 1.0661
Epoch: 11, Batch: 150, Acc: 68.26%, Loss: 0.9227
Epoch: 11, Batch: 160, Acc: 68.23%, Loss: 0.9765
Epoch: 11, Batch: 170, Acc: 68.23%, Loss: 0.9735
Epoch: 11, Batch: 180, Acc: 68.26%, Loss: 0.9307
Epoch: 11, Batch: 190, Acc: 68.31%, Loss: 0.9641
Epoch: 11, Batch: 200, Acc: 68.09%, Loss: 1.0327
Epoch: 11, Batch: 210, Acc: 68.15%, Loss: 0.9796
Epoch: 11, Batch: 220, Acc: 68.16%, Loss: 0.9913
Epoch: 11, Batch: 230, Acc: 68.17%, Loss: 1.0263
Epoch: 11, Batch: 240, Acc: 68.25%, Loss: 1.0088
Epoch: 11, Batch: 250, Acc: 68.22%, Loss: 1.0504
Epoch: 11, Batch: 260, Acc: 68.15%, Loss: 0.9869
Epoch: 11, Batch: 270, Acc: 68.09%, Loss: 1.0030
Epoch: 11, Batch: 280, Acc: 68.07%, Loss: 0.9889
Epoch: 11, Batch: 290, Acc: 68.04%, Loss: 0.9647
Epoch: 11, Batch: 300, Acc: 67.96%, Loss: 1.0704
Epoch: 11, Batch: 310, Acc: 68.07%, Loss: 0.9431
Epoch: 11, Batch: 320, Acc: 68.14%, Loss: 0.9378
Epoch: 11, Batch: 330, Acc: 68.26%, Loss: 0.9541
Epoch: 11, Batch: 340, Acc: 68.24%, Loss: 0.9649
Epoch: 11, Batch: 350, Acc: 68.30%, Loss: 0.9385
Epoch: 11, Batch: 360, Acc: 68.33%, Loss: 0.9514
Epoch: 11, Batch: 370, Acc: 68.37%, Loss: 0.9463
Epoch: 11, Batch: 380, Acc: 68.38%, Loss: 0.9486
Epoch: 11, Batch: 390, Acc: 68.40%, Loss: 0.9373
Epoch: 11, Batch: 400, Acc: 68.43%, Loss: 0.9433
Epoch: 11, Batch: 410, Acc: 68.41%, Loss: 1.0082
Epoch: 11, Batch: 420, Acc: 68.36%, Loss: 1.0378
Epoch: 11, Batch: 430, Acc: 68.29%, Loss: 1.0555
Epoch: 11, Batch: 440, Acc: 68.25%, Loss: 1.0782
Epoch: 11, Batch: 450, Acc: 68.26%, Loss: 1.0090
Epoch: 11, Batch: 460, Acc: 68.26%, Loss: 0.9780
Epoch: 11, Batch: 470, Acc: 68.29%, Loss: 0.9411
Epoch: 11, Batch: 480, Acc: 68.30%, Loss: 0.9759
Epoch: 11, Batch: 490, Acc: 68.30%, Loss: 0.9328
Epoch: 11, Batch: 500, Acc: 68.32%, Loss: 0.9608
Epoch: 11, Batch: 510, Acc: 68.35%, Loss: 0.9576
Epoch: 11, Batch: 520, Acc: 68.34%, Loss: 1.0144
Epoch: 11, Batch: 530, Acc: 68.28%, Loss: 1.0707
Epoch: 11, Batch: 540, Acc: 68.28%, Loss: 0.9962
Epoch: 11, Batch: 550, Acc: 68.27%, Loss: 0.9617
Epoch: 11, Batch: 560, Acc: 68.26%, Loss: 0.9921
Epoch: 11, Batch: 570, Acc: 68.29%, Loss: 0.9951
Epoch: 11, Batch: 580, Acc: 68.23%, Loss: 0.9928
Epoch: 11, Batch: 590, Acc: 68.20%, Loss: 0.9734
Epoch: 11, Batch: 600, Acc: 68.21%, Loss: 0.9754
Epoch: 11, Batch: 610, Acc: 68.18%, Loss: 1.0525
Epoch: 11, Batch: 620, Acc: 68.20%, Loss: 0.9462
Epoch: 11, Batch: 630, Acc: 68.20%, Loss: 0.9798
Epoch: 11, Batch: 640, Acc: 68.21%, Loss: 0.9803
Epoch: 11, Batch: 650, Acc: 68.24%, Loss: 0.9440
Epoch: 11, Batch: 660, Acc: 68.22%, Loss: 0.9849
Epoch: 11, Batch: 670, Acc: 68.24%, Loss: 0.9082
Epoch: 11, Batch: 680, Acc: 68.26%, Loss: 0.9830
Epoch: 11, Batch: 690, Acc: 68.27%, Loss: 0.9661
Epoch: 11, Batch: 700, Acc: 68.29%, Loss: 0.9336
Epoch: 11, Batch: 710, Acc: 68.28%, Loss: 0.9933
Epoch: 11, Batch: 720, Acc: 68.31%, Loss: 0.9254
Epoch: 11, Batch: 730, Acc: 68.30%, Loss: 1.0186
Epoch: 11, Batch: 740, Acc: 68.27%, Loss: 0.9870
Epoch: 11, Batch: 750, Acc: 68.24%, Loss: 1.0282
Epoch: 11, Batch: 760, Acc: 68.22%, Loss: 0.9975
Epoch: 11, Batch: 770, Acc: 68.23%, Loss: 0.9574
Epoch: 11, Batch: 780, Acc: 68.21%, Loss: 0.9447
Epoch: 11, Batch: 790, Acc: 68.19%, Loss: 0.9921
Epoch: 11, Batch: 800, Acc: 68.19%, Loss: 0.9661
Epoch: 11, Batch: 810, Acc: 68.23%, Loss: 0.9368
Epoch: 11, Batch: 820, Acc: 68.25%, Loss: 0.9702
Epoch: 11, Batch: 830, Acc: 68.29%, Loss: 0.9081
Epoch: 11, Batch: 840, Acc: 68.27%, Loss: 0.9959
Epoch: 11, Batch: 850, Acc: 68.26%, Loss: 1.0394
Epoch: 11, Batch: 860, Acc: 68.22%, Loss: 1.0404
Epoch: 11, Batch: 870, Acc: 68.24%, Loss: 0.9810
Epoch: 11, Batch: 880, Acc: 68.29%, Loss: 0.9065
Epoch: 11, Batch: 890, Acc: 68.27%, Loss: 0.9831
Epoch: 11, Batch: 900, Acc: 68.27%, Loss: 0.9929
Epoch: 11, Batch: 910, Acc: 68.23%, Loss: 1.0176
Epoch: 11, Batch: 920, Acc: 68.25%, Loss: 0.9679
Epoch: 11, Batch: 930, Acc: 68.22%, Loss: 1.0141
Accuracy on test set: 70.26%
Epoch: 12, Batch: 10, Acc: 66.88%, Loss: 1.0185
Epoch: 12, Batch: 20, Acc: 66.95%, Loss: 0.9392
Epoch: 12, Batch: 30, Acc: 67.34%, Loss: 0.9960
Epoch: 12, Batch: 40, Acc: 67.27%, Loss: 0.9725
Epoch: 12, Batch: 50, Acc: 67.94%, Loss: 0.9616
Epoch: 12, Batch: 60, Acc: 68.23%, Loss: 0.9665
Epoch: 12, Batch: 70, Acc: 68.68%, Loss: 0.9988
Epoch: 12, Batch: 80, Acc: 68.65%, Loss: 0.9963
Epoch: 12, Batch: 90, Acc: 68.32%, Loss: 1.0877
Epoch: 12, Batch: 100, Acc: 68.56%, Loss: 0.9325
Epoch: 12, Batch: 110, Acc: 68.49%, Loss: 0.9928
Epoch: 12, Batch: 120, Acc: 68.24%, Loss: 1.0140
Epoch: 12, Batch: 130, Acc: 68.53%, Loss: 0.8928
Epoch: 12, Batch: 140, Acc: 68.53%, Loss: 1.0038
Epoch: 12, Batch: 150, Acc: 68.47%, Loss: 1.0049
Epoch: 12, Batch: 160, Acc: 68.50%, Loss: 0.9505
Epoch: 12, Batch: 170, Acc: 68.43%, Loss: 0.9898
Epoch: 12, Batch: 180, Acc: 68.39%, Loss: 1.0080
Epoch: 12, Batch: 190, Acc: 68.38%, Loss: 0.9891
Epoch: 12, Batch: 200, Acc: 68.34%, Loss: 0.9606
Epoch: 12, Batch: 210, Acc: 68.53%, Loss: 0.9002
Epoch: 12, Batch: 220, Acc: 68.58%, Loss: 0.9761
Epoch: 12, Batch: 230, Acc: 68.50%, Loss: 0.9920
Epoch: 12, Batch: 240, Acc: 68.53%, Loss: 1.0122
Epoch: 12, Batch: 250, Acc: 68.42%, Loss: 1.0104
Epoch: 12, Batch: 260, Acc: 68.58%, Loss: 0.9155
Epoch: 12, Batch: 270, Acc: 68.55%, Loss: 0.9566
Epoch: 12, Batch: 280, Acc: 68.58%, Loss: 0.9640
Epoch: 12, Batch: 290, Acc: 68.59%, Loss: 0.9402
Epoch: 12, Batch: 300, Acc: 68.61%, Loss: 0.9340
Epoch: 12, Batch: 310, Acc: 68.66%, Loss: 0.9115
Epoch: 12, Batch: 320, Acc: 68.65%, Loss: 0.9403
Epoch: 12, Batch: 330, Acc: 68.60%, Loss: 0.9862
Epoch: 12, Batch: 340, Acc: 68.59%, Loss: 1.0038
Epoch: 12, Batch: 350, Acc: 68.57%, Loss: 0.9861
Epoch: 12, Batch: 360, Acc: 68.63%, Loss: 0.9536
Epoch: 12, Batch: 370, Acc: 68.64%, Loss: 0.9251
Epoch: 12, Batch: 380, Acc: 68.55%, Loss: 1.0127
Epoch: 12, Batch: 390, Acc: 68.64%, Loss: 0.9039
Epoch: 12, Batch: 400, Acc: 68.66%, Loss: 0.9669
Epoch: 12, Batch: 410, Acc: 68.76%, Loss: 0.9405
Epoch: 12, Batch: 420, Acc: 68.74%, Loss: 0.9679
Epoch: 12, Batch: 430, Acc: 68.81%, Loss: 0.9529
Epoch: 12, Batch: 440, Acc: 68.80%, Loss: 0.9720
Epoch: 12, Batch: 450, Acc: 68.78%, Loss: 0.9954
Epoch: 12, Batch: 460, Acc: 68.81%, Loss: 0.9622
Epoch: 12, Batch: 470, Acc: 68.79%, Loss: 0.9775
Epoch: 12, Batch: 480, Acc: 68.77%, Loss: 1.0233
Epoch: 12, Batch: 490, Acc: 68.80%, Loss: 0.9880
Epoch: 12, Batch: 500, Acc: 68.77%, Loss: 0.9776
Epoch: 12, Batch: 510, Acc: 68.70%, Loss: 1.0566
Epoch: 12, Batch: 520, Acc: 68.74%, Loss: 0.9490
Epoch: 12, Batch: 530, Acc: 68.71%, Loss: 0.9659
Epoch: 12, Batch: 540, Acc: 68.72%, Loss: 0.9375
Epoch: 12, Batch: 550, Acc: 68.72%, Loss: 0.9271
Epoch: 12, Batch: 560, Acc: 68.78%, Loss: 0.9092
Epoch: 12, Batch: 570, Acc: 68.79%, Loss: 0.9448
Epoch: 12, Batch: 580, Acc: 68.77%, Loss: 0.9812
Epoch: 12, Batch: 590, Acc: 68.73%, Loss: 1.0013
Epoch: 12, Batch: 600, Acc: 68.71%, Loss: 0.9722
Epoch: 12, Batch: 610, Acc: 68.73%, Loss: 0.9676
Epoch: 12, Batch: 620, Acc: 68.67%, Loss: 1.0055
Epoch: 12, Batch: 630, Acc: 68.68%, Loss: 0.9508
Epoch: 12, Batch: 640, Acc: 68.67%, Loss: 0.9682
Epoch: 12, Batch: 650, Acc: 68.70%, Loss: 0.9612
Epoch: 12, Batch: 660, Acc: 68.68%, Loss: 1.0017
Epoch: 12, Batch: 670, Acc: 68.70%, Loss: 0.9618
Epoch: 12, Batch: 680, Acc: 68.71%, Loss: 0.9634
Epoch: 12, Batch: 690, Acc: 68.72%, Loss: 0.9549
Epoch: 12, Batch: 700, Acc: 68.75%, Loss: 0.9433
Epoch: 12, Batch: 710, Acc: 68.77%, Loss: 0.9482
Epoch: 12, Batch: 720, Acc: 68.74%, Loss: 0.9873
Epoch: 12, Batch: 730, Acc: 68.72%, Loss: 1.0291
Epoch: 12, Batch: 740, Acc: 68.75%, Loss: 0.8990
Epoch: 12, Batch: 750, Acc: 68.70%, Loss: 1.0284
Epoch: 12, Batch: 760, Acc: 68.71%, Loss: 1.0044
Epoch: 12, Batch: 770, Acc: 68.74%, Loss: 0.9199
Epoch: 12, Batch: 780, Acc: 68.74%, Loss: 0.9570
Epoch: 12, Batch: 790, Acc: 68.76%, Loss: 0.9606
Epoch: 12, Batch: 800, Acc: 68.78%, Loss: 0.9539
Epoch: 12, Batch: 810, Acc: 68.73%, Loss: 1.0207
Epoch: 12, Batch: 820, Acc: 68.70%, Loss: 1.0326
Epoch: 12, Batch: 830, Acc: 68.74%, Loss: 0.9165
Epoch: 12, Batch: 840, Acc: 68.75%, Loss: 0.9305
Epoch: 12, Batch: 850, Acc: 68.74%, Loss: 0.9763
Epoch: 12, Batch: 860, Acc: 68.72%, Loss: 1.0246
Epoch: 12, Batch: 870, Acc: 68.67%, Loss: 1.0353
Epoch: 12, Batch: 880, Acc: 68.65%, Loss: 0.9562
Epoch: 12, Batch: 890, Acc: 68.66%, Loss: 0.9833
Epoch: 12, Batch: 900, Acc: 68.66%, Loss: 0.9190
Epoch: 12, Batch: 910, Acc: 68.68%, Loss: 0.9183
Epoch: 12, Batch: 920, Acc: 68.66%, Loss: 0.9759
Epoch: 12, Batch: 930, Acc: 68.71%, Loss: 0.8870
Accuracy on test set: 70.60%
Epoch: 13, Batch: 10, Acc: 69.22%, Loss: 0.9300
Epoch: 13, Batch: 20, Acc: 69.38%, Loss: 0.9563
Epoch: 13, Batch: 30, Acc: 68.85%, Loss: 0.9801
Epoch: 13, Batch: 40, Acc: 68.79%, Loss: 0.9107
Epoch: 13, Batch: 50, Acc: 68.81%, Loss: 0.9590
Epoch: 13, Batch: 60, Acc: 69.11%, Loss: 0.9429
Epoch: 13, Batch: 70, Acc: 68.97%, Loss: 0.9626
Epoch: 13, Batch: 80, Acc: 69.06%, Loss: 0.9498
Epoch: 13, Batch: 90, Acc: 69.76%, Loss: 0.8590
Epoch: 13, Batch: 100, Acc: 69.59%, Loss: 0.9495
Epoch: 13, Batch: 110, Acc: 69.90%, Loss: 0.9353
Epoch: 13, Batch: 120, Acc: 69.75%, Loss: 0.9789
Epoch: 13, Batch: 130, Acc: 69.63%, Loss: 0.9820
Epoch: 13, Batch: 140, Acc: 69.36%, Loss: 0.9933
Epoch: 13, Batch: 150, Acc: 69.33%, Loss: 0.9593
Epoch: 13, Batch: 160, Acc: 69.29%, Loss: 0.9881
Epoch: 13, Batch: 170, Acc: 69.30%, Loss: 0.9580
Epoch: 13, Batch: 180, Acc: 69.14%, Loss: 1.0587
Epoch: 13, Batch: 190, Acc: 69.08%, Loss: 1.0114
Epoch: 13, Batch: 200, Acc: 69.24%, Loss: 0.8943
Epoch: 13, Batch: 210, Acc: 69.26%, Loss: 0.9219
Epoch: 13, Batch: 220, Acc: 69.30%, Loss: 0.9445
Epoch: 13, Batch: 230, Acc: 69.24%, Loss: 0.9883
Epoch: 13, Batch: 240, Acc: 69.18%, Loss: 0.9685
Epoch: 13, Batch: 250, Acc: 69.09%, Loss: 0.9972
Epoch: 13, Batch: 260, Acc: 68.96%, Loss: 1.0481
Epoch: 13, Batch: 270, Acc: 68.94%, Loss: 0.9827
Epoch: 13, Batch: 280, Acc: 69.01%, Loss: 0.9396
Epoch: 13, Batch: 290, Acc: 68.93%, Loss: 0.9939
Epoch: 13, Batch: 300, Acc: 68.96%, Loss: 0.9561
Epoch: 13, Batch: 310, Acc: 68.99%, Loss: 0.9644
Epoch: 13, Batch: 320, Acc: 68.98%, Loss: 0.9409
Epoch: 13, Batch: 330, Acc: 68.88%, Loss: 1.0009
Epoch: 13, Batch: 340, Acc: 68.92%, Loss: 0.9533
Epoch: 13, Batch: 350, Acc: 68.96%, Loss: 0.9404
Epoch: 13, Batch: 360, Acc: 68.99%, Loss: 0.9528
Epoch: 13, Batch: 370, Acc: 68.97%, Loss: 0.9275
Epoch: 13, Batch: 380, Acc: 68.96%, Loss: 0.9654
Epoch: 13, Batch: 390, Acc: 69.01%, Loss: 0.9006
Epoch: 13, Batch: 400, Acc: 68.95%, Loss: 0.9426
Epoch: 13, Batch: 410, Acc: 68.95%, Loss: 0.9492
Epoch: 13, Batch: 420, Acc: 68.97%, Loss: 0.9432
Epoch: 13, Batch: 430, Acc: 69.04%, Loss: 0.9462
Epoch: 13, Batch: 440, Acc: 69.08%, Loss: 0.9294
Epoch: 13, Batch: 450, Acc: 69.16%, Loss: 0.9022
Epoch: 13, Batch: 460, Acc: 69.23%, Loss: 0.9639
Epoch: 13, Batch: 470, Acc: 69.24%, Loss: 0.9932
Epoch: 13, Batch: 480, Acc: 69.24%, Loss: 0.9580
Epoch: 13, Batch: 490, Acc: 69.15%, Loss: 1.0455
Epoch: 13, Batch: 500, Acc: 69.14%, Loss: 0.9652
Epoch: 13, Batch: 510, Acc: 69.14%, Loss: 0.9603
Epoch: 13, Batch: 520, Acc: 69.14%, Loss: 0.9517
Epoch: 13, Batch: 530, Acc: 69.15%, Loss: 0.9308
Epoch: 13, Batch: 540, Acc: 69.14%, Loss: 0.9797
Epoch: 13, Batch: 550, Acc: 69.16%, Loss: 0.9194
Epoch: 13, Batch: 560, Acc: 69.18%, Loss: 0.9627
Epoch: 13, Batch: 570, Acc: 69.15%, Loss: 1.0065
Epoch: 13, Batch: 580, Acc: 69.09%, Loss: 0.9551
Epoch: 13, Batch: 590, Acc: 69.06%, Loss: 1.0432
Epoch: 13, Batch: 600, Acc: 69.05%, Loss: 0.9670
Epoch: 13, Batch: 610, Acc: 69.10%, Loss: 0.8749
Epoch: 13, Batch: 620, Acc: 69.16%, Loss: 0.8899
Epoch: 13, Batch: 630, Acc: 69.18%, Loss: 0.9802
Epoch: 13, Batch: 640, Acc: 69.12%, Loss: 1.0764
Epoch: 13, Batch: 650, Acc: 69.17%, Loss: 0.9153
Epoch: 13, Batch: 660, Acc: 69.20%, Loss: 0.9255
Epoch: 13, Batch: 670, Acc: 69.18%, Loss: 0.9635
Epoch: 13, Batch: 680, Acc: 69.21%, Loss: 0.9377
Epoch: 13, Batch: 690, Acc: 69.20%, Loss: 0.9547
Epoch: 13, Batch: 700, Acc: 69.22%, Loss: 0.9878
Epoch: 13, Batch: 710, Acc: 69.18%, Loss: 0.9716
Epoch: 13, Batch: 720, Acc: 69.21%, Loss: 0.9246
Epoch: 13, Batch: 730, Acc: 69.20%, Loss: 0.9235
Epoch: 13, Batch: 740, Acc: 69.17%, Loss: 0.9743
Epoch: 13, Batch: 750, Acc: 69.19%, Loss: 0.9530
Epoch: 13, Batch: 760, Acc: 69.18%, Loss: 0.9133
Epoch: 13, Batch: 770, Acc: 69.24%, Loss: 0.8782
Epoch: 13, Batch: 780, Acc: 69.25%, Loss: 0.9526
Epoch: 13, Batch: 790, Acc: 69.28%, Loss: 0.9453
Epoch: 13, Batch: 800, Acc: 69.28%, Loss: 0.9054
Epoch: 13, Batch: 810, Acc: 69.29%, Loss: 0.9406
Epoch: 13, Batch: 820, Acc: 69.32%, Loss: 0.8828
Epoch: 13, Batch: 830, Acc: 69.32%, Loss: 0.9827
Epoch: 13, Batch: 840, Acc: 69.30%, Loss: 0.9877
Epoch: 13, Batch: 850, Acc: 69.32%, Loss: 0.8876
Epoch: 13, Batch: 860, Acc: 69.32%, Loss: 0.9987
Epoch: 13, Batch: 870, Acc: 69.32%, Loss: 0.9421
Epoch: 13, Batch: 880, Acc: 69.27%, Loss: 1.0182
Epoch: 13, Batch: 890, Acc: 69.24%, Loss: 1.0067
Epoch: 13, Batch: 900, Acc: 69.27%, Loss: 0.9454
Epoch: 13, Batch: 910, Acc: 69.28%, Loss: 1.0018
Epoch: 13, Batch: 920, Acc: 69.28%, Loss: 0.9006
Epoch: 13, Batch: 930, Acc: 69.27%, Loss: 0.9624
Accuracy on test set: 70.64%
Epoch: 14, Batch: 10, Acc: 66.41%, Loss: 1.0035
Epoch: 14, Batch: 20, Acc: 66.72%, Loss: 0.9958
Epoch: 14, Batch: 30, Acc: 67.08%, Loss: 0.9501
Epoch: 14, Batch: 40, Acc: 67.73%, Loss: 0.9438
Epoch: 14, Batch: 50, Acc: 68.41%, Loss: 0.9257
Epoch: 14, Batch: 60, Acc: 67.86%, Loss: 0.9851
Epoch: 14, Batch: 70, Acc: 67.63%, Loss: 1.0043
Epoch: 14, Batch: 80, Acc: 68.01%, Loss: 0.9520
Epoch: 14, Batch: 90, Acc: 68.18%, Loss: 0.9456
Epoch: 14, Batch: 100, Acc: 68.34%, Loss: 0.9222
Epoch: 14, Batch: 110, Acc: 68.45%, Loss: 0.9651
Epoch: 14, Batch: 120, Acc: 68.35%, Loss: 1.0087
Epoch: 14, Batch: 130, Acc: 68.70%, Loss: 0.8810
Epoch: 14, Batch: 140, Acc: 68.68%, Loss: 0.9545
Epoch: 14, Batch: 150, Acc: 68.71%, Loss: 0.9948
Epoch: 14, Batch: 160, Acc: 68.70%, Loss: 0.9700
Epoch: 14, Batch: 170, Acc: 68.68%, Loss: 0.9437
Epoch: 14, Batch: 180, Acc: 68.78%, Loss: 0.9848
Epoch: 14, Batch: 190, Acc: 68.80%, Loss: 0.9107
Epoch: 14, Batch: 200, Acc: 68.64%, Loss: 0.9716
Epoch: 14, Batch: 210, Acc: 68.62%, Loss: 0.9566
Epoch: 14, Batch: 220, Acc: 68.62%, Loss: 0.9289
Epoch: 14, Batch: 230, Acc: 68.70%, Loss: 0.9673
Epoch: 14, Batch: 240, Acc: 68.76%, Loss: 0.9554
Epoch: 14, Batch: 250, Acc: 68.84%, Loss: 0.9280
Epoch: 14, Batch: 260, Acc: 68.81%, Loss: 0.9995
Epoch: 14, Batch: 270, Acc: 68.98%, Loss: 0.8684
Epoch: 14, Batch: 280, Acc: 68.97%, Loss: 0.9563
Epoch: 14, Batch: 290, Acc: 69.00%, Loss: 0.9243
Epoch: 14, Batch: 300, Acc: 68.96%, Loss: 0.9450
Epoch: 14, Batch: 310, Acc: 68.99%, Loss: 0.9537
Epoch: 14, Batch: 320, Acc: 68.99%, Loss: 0.9821
Epoch: 14, Batch: 330, Acc: 68.97%, Loss: 0.9428
Epoch: 14, Batch: 340, Acc: 68.91%, Loss: 1.0199
Epoch: 14, Batch: 350, Acc: 68.97%, Loss: 0.9041
Epoch: 14, Batch: 360, Acc: 69.00%, Loss: 0.9116
Epoch: 14, Batch: 370, Acc: 69.13%, Loss: 0.8397
Epoch: 14, Batch: 380, Acc: 69.21%, Loss: 0.8870
Epoch: 14, Batch: 390, Acc: 69.28%, Loss: 0.9271
Epoch: 14, Batch: 400, Acc: 69.29%, Loss: 0.9356
Epoch: 14, Batch: 410, Acc: 69.26%, Loss: 0.9248
Epoch: 14, Batch: 420, Acc: 69.23%, Loss: 0.9263
Epoch: 14, Batch: 430, Acc: 69.22%, Loss: 0.9740
Epoch: 14, Batch: 440, Acc: 69.21%, Loss: 0.9036
Epoch: 14, Batch: 450, Acc: 69.21%, Loss: 0.9690
Epoch: 14, Batch: 460, Acc: 69.23%, Loss: 0.9583
Epoch: 14, Batch: 470, Acc: 69.21%, Loss: 0.9428
Epoch: 14, Batch: 480, Acc: 69.16%, Loss: 0.9444
Epoch: 14, Batch: 490, Acc: 69.16%, Loss: 0.9416
Epoch: 14, Batch: 500, Acc: 69.13%, Loss: 0.9628
Epoch: 14, Batch: 510, Acc: 69.11%, Loss: 0.9809
Epoch: 14, Batch: 520, Acc: 69.04%, Loss: 0.9195
Epoch: 14, Batch: 530, Acc: 69.10%, Loss: 0.8773
Epoch: 14, Batch: 540, Acc: 69.09%, Loss: 0.9993
Epoch: 14, Batch: 550, Acc: 69.09%, Loss: 0.9928
Epoch: 14, Batch: 560, Acc: 69.08%, Loss: 0.9644
Epoch: 14, Batch: 570, Acc: 69.07%, Loss: 0.9961
Epoch: 14, Batch: 580, Acc: 69.08%, Loss: 0.9454
Epoch: 14, Batch: 590, Acc: 69.14%, Loss: 0.8588
Epoch: 14, Batch: 600, Acc: 69.16%, Loss: 0.9041
Epoch: 14, Batch: 610, Acc: 69.19%, Loss: 0.9074
Epoch: 14, Batch: 620, Acc: 69.26%, Loss: 0.8675
Epoch: 14, Batch: 630, Acc: 69.29%, Loss: 0.8934
Epoch: 14, Batch: 640, Acc: 69.24%, Loss: 1.0172
Epoch: 14, Batch: 650, Acc: 69.23%, Loss: 1.0385
Epoch: 14, Batch: 660, Acc: 69.24%, Loss: 0.9976
Epoch: 14, Batch: 670, Acc: 69.22%, Loss: 0.9477
Epoch: 14, Batch: 680, Acc: 69.22%, Loss: 0.9862
Epoch: 14, Batch: 690, Acc: 69.17%, Loss: 1.0068
Epoch: 14, Batch: 700, Acc: 69.18%, Loss: 0.9724
Epoch: 14, Batch: 710, Acc: 69.21%, Loss: 0.9055
Epoch: 14, Batch: 720, Acc: 69.21%, Loss: 0.9347
Epoch: 14, Batch: 730, Acc: 69.24%, Loss: 0.9294
Epoch: 14, Batch: 740, Acc: 69.20%, Loss: 0.9769
Epoch: 14, Batch: 750, Acc: 69.25%, Loss: 0.9460
Epoch: 14, Batch: 760, Acc: 69.28%, Loss: 0.8970
Epoch: 14, Batch: 770, Acc: 69.23%, Loss: 1.0179
Epoch: 14, Batch: 780, Acc: 69.20%, Loss: 1.0162
Epoch: 14, Batch: 790, Acc: 69.22%, Loss: 0.9251
Epoch: 14, Batch: 800, Acc: 69.23%, Loss: 0.8830
Epoch: 14, Batch: 810, Acc: 69.24%, Loss: 0.9384
Epoch: 14, Batch: 820, Acc: 69.24%, Loss: 0.9257
Epoch: 14, Batch: 830, Acc: 69.26%, Loss: 0.9316
Epoch: 14, Batch: 840, Acc: 69.24%, Loss: 0.9731
Epoch: 14, Batch: 850, Acc: 69.25%, Loss: 0.9490
Epoch: 14, Batch: 860, Acc: 69.29%, Loss: 0.9167
Epoch: 14, Batch: 870, Acc: 69.32%, Loss: 0.9207
Epoch: 14, Batch: 880, Acc: 69.36%, Loss: 0.9156
Epoch: 14, Batch: 890, Acc: 69.36%, Loss: 0.9426
Epoch: 14, Batch: 900, Acc: 69.35%, Loss: 0.9701
Epoch: 14, Batch: 910, Acc: 69.36%, Loss: 0.8676
Epoch: 14, Batch: 920, Acc: 69.36%, Loss: 0.9283
Epoch: 14, Batch: 930, Acc: 69.36%, Loss: 0.9537
Accuracy on test set: 71.08%
Epoch: 15, Batch: 10, Acc: 71.72%, Loss: 0.9154
Epoch: 15, Batch: 20, Acc: 71.02%, Loss: 0.9665
Epoch: 15, Batch: 30, Acc: 70.68%, Loss: 0.8956
Epoch: 15, Batch: 40, Acc: 70.55%, Loss: 0.9449
Epoch: 15, Batch: 50, Acc: 70.81%, Loss: 0.8419
Epoch: 15, Batch: 60, Acc: 70.55%, Loss: 0.9409
Epoch: 15, Batch: 70, Acc: 70.62%, Loss: 0.8640
Epoch: 15, Batch: 80, Acc: 70.37%, Loss: 0.9921
Epoch: 15, Batch: 90, Acc: 70.19%, Loss: 1.0061
Epoch: 15, Batch: 100, Acc: 69.66%, Loss: 1.0183
Epoch: 15, Batch: 110, Acc: 69.69%, Loss: 0.9580
Epoch: 15, Batch: 120, Acc: 69.71%, Loss: 1.0179
Epoch: 15, Batch: 130, Acc: 69.65%, Loss: 0.9249
Epoch: 15, Batch: 140, Acc: 69.65%, Loss: 0.9359
Epoch: 15, Batch: 150, Acc: 69.99%, Loss: 0.8778
Epoch: 15, Batch: 160, Acc: 69.79%, Loss: 0.9561
Epoch: 15, Batch: 170, Acc: 69.77%, Loss: 0.9535
Epoch: 15, Batch: 180, Acc: 69.84%, Loss: 0.9827
Epoch: 15, Batch: 190, Acc: 69.91%, Loss: 0.8978
Epoch: 15, Batch: 200, Acc: 69.83%, Loss: 0.9475
Epoch: 15, Batch: 210, Acc: 69.77%, Loss: 0.9234
Epoch: 15, Batch: 220, Acc: 69.62%, Loss: 0.9245
Epoch: 15, Batch: 230, Acc: 69.63%, Loss: 0.9438
Epoch: 15, Batch: 240, Acc: 69.58%, Loss: 0.9714
Epoch: 15, Batch: 250, Acc: 69.58%, Loss: 0.9672
Epoch: 15, Batch: 260, Acc: 69.56%, Loss: 0.9290
Epoch: 15, Batch: 270, Acc: 69.52%, Loss: 0.9318
Epoch: 15, Batch: 280, Acc: 69.51%, Loss: 0.9172
Epoch: 15, Batch: 290, Acc: 69.53%, Loss: 0.9394
Epoch: 15, Batch: 300, Acc: 69.58%, Loss: 0.8913
Epoch: 15, Batch: 310, Acc: 69.49%, Loss: 1.0164
Epoch: 15, Batch: 320, Acc: 69.55%, Loss: 0.9527
Epoch: 15, Batch: 330, Acc: 69.56%, Loss: 0.9238
Epoch: 15, Batch: 340, Acc: 69.59%, Loss: 0.9355
Epoch: 15, Batch: 350, Acc: 69.61%, Loss: 0.8481
Epoch: 15, Batch: 360, Acc: 69.56%, Loss: 0.9825
Epoch: 15, Batch: 370, Acc: 69.57%, Loss: 0.9073
Epoch: 15, Batch: 380, Acc: 69.56%, Loss: 0.9324
Epoch: 15, Batch: 390, Acc: 69.54%, Loss: 0.9476
Epoch: 15, Batch: 400, Acc: 69.51%, Loss: 1.0025
Epoch: 15, Batch: 410, Acc: 69.52%, Loss: 0.9069
Epoch: 15, Batch: 420, Acc: 69.46%, Loss: 0.9845
Epoch: 15, Batch: 430, Acc: 69.38%, Loss: 0.9479
Epoch: 15, Batch: 440, Acc: 69.39%, Loss: 0.9110
Epoch: 15, Batch: 450, Acc: 69.41%, Loss: 0.9463
Epoch: 15, Batch: 460, Acc: 69.42%, Loss: 0.9492
Epoch: 15, Batch: 470, Acc: 69.39%, Loss: 0.9269
Epoch: 15, Batch: 480, Acc: 69.38%, Loss: 0.9626
Epoch: 15, Batch: 490, Acc: 69.42%, Loss: 0.9143
Epoch: 15, Batch: 500, Acc: 69.42%, Loss: 0.9886
Epoch: 15, Batch: 510, Acc: 69.49%, Loss: 0.8754
Epoch: 15, Batch: 520, Acc: 69.51%, Loss: 0.9314
Epoch: 15, Batch: 530, Acc: 69.53%, Loss: 0.9470
Epoch: 15, Batch: 540, Acc: 69.52%, Loss: 0.9805
Epoch: 15, Batch: 550, Acc: 69.53%, Loss: 0.8659
Epoch: 15, Batch: 560, Acc: 69.58%, Loss: 0.9460
Epoch: 15, Batch: 570, Acc: 69.57%, Loss: 0.9799
Epoch: 15, Batch: 580, Acc: 69.54%, Loss: 0.9653
Epoch: 15, Batch: 590, Acc: 69.53%, Loss: 0.9349
Epoch: 15, Batch: 600, Acc: 69.60%, Loss: 0.9000
Epoch: 15, Batch: 610, Acc: 69.64%, Loss: 0.8748
Epoch: 15, Batch: 620, Acc: 69.61%, Loss: 0.9648
Epoch: 15, Batch: 630, Acc: 69.63%, Loss: 0.9587
Epoch: 15, Batch: 640, Acc: 69.61%, Loss: 0.9658
Epoch: 15, Batch: 650, Acc: 69.59%, Loss: 0.9322
Epoch: 15, Batch: 660, Acc: 69.54%, Loss: 1.0133
Epoch: 15, Batch: 670, Acc: 69.51%, Loss: 0.9208
Epoch: 15, Batch: 680, Acc: 69.49%, Loss: 0.9614
Epoch: 15, Batch: 690, Acc: 69.51%, Loss: 0.9768
Epoch: 15, Batch: 700, Acc: 69.58%, Loss: 0.8437
Epoch: 15, Batch: 710, Acc: 69.56%, Loss: 0.9628
Epoch: 15, Batch: 720, Acc: 69.60%, Loss: 0.8823
Epoch: 15, Batch: 730, Acc: 69.62%, Loss: 0.9125
Epoch: 15, Batch: 740, Acc: 69.65%, Loss: 0.9153
Epoch: 15, Batch: 750, Acc: 69.66%, Loss: 0.8680
Epoch: 15, Batch: 760, Acc: 69.65%, Loss: 0.9417
Epoch: 15, Batch: 770, Acc: 69.63%, Loss: 0.9311
Epoch: 15, Batch: 780, Acc: 69.61%, Loss: 0.9662
Epoch: 15, Batch: 790, Acc: 69.66%, Loss: 0.8873
Epoch: 15, Batch: 800, Acc: 69.70%, Loss: 0.9442
Epoch: 15, Batch: 810, Acc: 69.71%, Loss: 0.8558
Epoch: 15, Batch: 820, Acc: 69.72%, Loss: 0.8899
Epoch: 15, Batch: 830, Acc: 69.66%, Loss: 1.0256
Epoch: 15, Batch: 840, Acc: 69.64%, Loss: 0.9716
Epoch: 15, Batch: 850, Acc: 69.65%, Loss: 0.9473
Epoch: 15, Batch: 860, Acc: 69.62%, Loss: 1.0079
Epoch: 15, Batch: 870, Acc: 69.63%, Loss: 0.8995
Epoch: 15, Batch: 880, Acc: 69.63%, Loss: 0.9094
Epoch: 15, Batch: 890, Acc: 69.64%, Loss: 0.8863
Epoch: 15, Batch: 900, Acc: 69.62%, Loss: 0.9361
Epoch: 15, Batch: 910, Acc: 69.61%, Loss: 0.9563
Epoch: 15, Batch: 920, Acc: 69.62%, Loss: 0.9308
Epoch: 15, Batch: 930, Acc: 69.64%, Loss: 0.9624
Accuracy on test set: 71.37%
Epoch: 16, Batch: 10, Acc: 68.44%, Loss: 0.9388
Epoch: 16, Batch: 20, Acc: 70.62%, Loss: 0.8989
Epoch: 16, Batch: 30, Acc: 71.35%, Loss: 0.9231
Epoch: 16, Batch: 40, Acc: 70.90%, Loss: 0.9194
Epoch: 16, Batch: 50, Acc: 70.91%, Loss: 0.9258
Epoch: 16, Batch: 60, Acc: 70.76%, Loss: 0.9018
Epoch: 16, Batch: 70, Acc: 70.80%, Loss: 0.9206
Epoch: 16, Batch: 80, Acc: 70.70%, Loss: 0.9241
Epoch: 16, Batch: 90, Acc: 70.57%, Loss: 0.9604
Epoch: 16, Batch: 100, Acc: 70.00%, Loss: 0.9976
Epoch: 16, Batch: 110, Acc: 69.99%, Loss: 0.9034
Epoch: 16, Batch: 120, Acc: 69.91%, Loss: 0.9529
Epoch: 16, Batch: 130, Acc: 70.00%, Loss: 0.8693
Epoch: 16, Batch: 140, Acc: 70.04%, Loss: 0.8995
Epoch: 16, Batch: 150, Acc: 69.97%, Loss: 0.9258
Epoch: 16, Batch: 160, Acc: 70.01%, Loss: 0.9077
Epoch: 16, Batch: 170, Acc: 69.94%, Loss: 0.9251
Epoch: 16, Batch: 180, Acc: 69.93%, Loss: 0.9197
Epoch: 16, Batch: 190, Acc: 69.84%, Loss: 1.0068
Epoch: 16, Batch: 200, Acc: 69.73%, Loss: 0.9703
Epoch: 16, Batch: 210, Acc: 69.73%, Loss: 0.9409
Epoch: 16, Batch: 220, Acc: 69.80%, Loss: 0.9005
Epoch: 16, Batch: 230, Acc: 69.79%, Loss: 1.0001
Epoch: 16, Batch: 240, Acc: 69.72%, Loss: 0.9464
Epoch: 16, Batch: 250, Acc: 69.79%, Loss: 0.9039
Epoch: 16, Batch: 260, Acc: 69.72%, Loss: 0.9286
Epoch: 16, Batch: 270, Acc: 69.69%, Loss: 0.9244
Epoch: 16, Batch: 280, Acc: 69.64%, Loss: 0.9688
Epoch: 16, Batch: 290, Acc: 69.69%, Loss: 0.8875
Epoch: 16, Batch: 300, Acc: 69.72%, Loss: 0.8541
Epoch: 16, Batch: 310, Acc: 69.70%, Loss: 0.9490
Epoch: 16, Batch: 320, Acc: 69.70%, Loss: 0.9146
Epoch: 16, Batch: 330, Acc: 69.66%, Loss: 0.9716
Epoch: 16, Batch: 340, Acc: 69.69%, Loss: 0.9490
Epoch: 16, Batch: 350, Acc: 69.80%, Loss: 0.9011
Epoch: 16, Batch: 360, Acc: 69.81%, Loss: 0.9269
Epoch: 16, Batch: 370, Acc: 69.81%, Loss: 0.9628
Epoch: 16, Batch: 380, Acc: 69.81%, Loss: 0.9020
Epoch: 16, Batch: 390, Acc: 69.82%, Loss: 0.9166
Epoch: 16, Batch: 400, Acc: 69.78%, Loss: 0.9738
Epoch: 16, Batch: 410, Acc: 69.76%, Loss: 0.9969
Epoch: 16, Batch: 420, Acc: 69.75%, Loss: 0.9555
Epoch: 16, Batch: 430, Acc: 69.72%, Loss: 0.9427
Epoch: 16, Batch: 440, Acc: 69.76%, Loss: 0.8938
Epoch: 16, Batch: 450, Acc: 69.79%, Loss: 0.8741
Epoch: 16, Batch: 460, Acc: 69.81%, Loss: 0.9108
Epoch: 16, Batch: 470, Acc: 69.88%, Loss: 0.8926
Epoch: 16, Batch: 480, Acc: 69.86%, Loss: 0.9801
Epoch: 16, Batch: 490, Acc: 69.93%, Loss: 0.9154
Epoch: 16, Batch: 500, Acc: 69.95%, Loss: 0.9355
Epoch: 16, Batch: 510, Acc: 69.95%, Loss: 0.9035
Epoch: 16, Batch: 520, Acc: 69.95%, Loss: 0.9261
Epoch: 16, Batch: 530, Acc: 69.89%, Loss: 0.9408
Epoch: 16, Batch: 540, Acc: 69.88%, Loss: 0.9149
Epoch: 16, Batch: 550, Acc: 69.93%, Loss: 0.8931
Epoch: 16, Batch: 560, Acc: 69.96%, Loss: 0.8942
Epoch: 16, Batch: 570, Acc: 69.90%, Loss: 0.9911
Epoch: 16, Batch: 580, Acc: 69.93%, Loss: 0.8734
Epoch: 16, Batch: 590, Acc: 69.93%, Loss: 0.9692
Epoch: 16, Batch: 600, Acc: 69.94%, Loss: 0.8798
Epoch: 16, Batch: 610, Acc: 69.93%, Loss: 0.9796
Epoch: 16, Batch: 620, Acc: 69.90%, Loss: 0.9430
Epoch: 16, Batch: 630, Acc: 69.89%, Loss: 0.8979
Epoch: 16, Batch: 640, Acc: 69.87%, Loss: 0.9437
Epoch: 16, Batch: 650, Acc: 69.88%, Loss: 0.9005
Epoch: 16, Batch: 660, Acc: 69.88%, Loss: 0.9123
Epoch: 16, Batch: 670, Acc: 69.89%, Loss: 0.9453
Epoch: 16, Batch: 680, Acc: 69.89%, Loss: 0.9897
Epoch: 16, Batch: 690, Acc: 69.93%, Loss: 0.8804
Epoch: 16, Batch: 700, Acc: 69.94%, Loss: 0.9591
Epoch: 16, Batch: 710, Acc: 69.94%, Loss: 0.8903
Epoch: 16, Batch: 720, Acc: 69.90%, Loss: 0.9582
Epoch: 16, Batch: 730, Acc: 69.89%, Loss: 0.9559
Epoch: 16, Batch: 740, Acc: 69.92%, Loss: 0.8912
Epoch: 16, Batch: 750, Acc: 69.89%, Loss: 0.9504
Epoch: 16, Batch: 760, Acc: 69.88%, Loss: 0.8961
Epoch: 16, Batch: 770, Acc: 69.87%, Loss: 0.8979
Epoch: 16, Batch: 780, Acc: 69.81%, Loss: 1.0414
Epoch: 16, Batch: 790, Acc: 69.82%, Loss: 0.9764
Epoch: 16, Batch: 800, Acc: 69.85%, Loss: 0.9235
Epoch: 16, Batch: 810, Acc: 69.85%, Loss: 0.9991
Epoch: 16, Batch: 820, Acc: 69.87%, Loss: 0.8982
Epoch: 16, Batch: 830, Acc: 69.90%, Loss: 0.9027
Epoch: 16, Batch: 840, Acc: 69.88%, Loss: 0.9549
Epoch: 16, Batch: 850, Acc: 69.86%, Loss: 0.9255
Epoch: 16, Batch: 860, Acc: 69.87%, Loss: 0.8880
Epoch: 16, Batch: 870, Acc: 69.91%, Loss: 0.8405
Epoch: 16, Batch: 880, Acc: 69.93%, Loss: 0.8808
Epoch: 16, Batch: 890, Acc: 69.91%, Loss: 0.9565
Epoch: 16, Batch: 900, Acc: 69.87%, Loss: 1.0294
Epoch: 16, Batch: 910, Acc: 69.88%, Loss: 0.9138
Epoch: 16, Batch: 920, Acc: 69.88%, Loss: 0.9349
Epoch: 16, Batch: 930, Acc: 69.90%, Loss: 0.8711
Accuracy on test set: 71.46%
Epoch: 17, Batch: 10, Acc: 69.06%, Loss: 0.9364
Epoch: 17, Batch: 20, Acc: 69.45%, Loss: 0.9389
Epoch: 17, Batch: 30, Acc: 69.90%, Loss: 0.8845
Epoch: 17, Batch: 40, Acc: 70.20%, Loss: 0.9499
Epoch: 17, Batch: 50, Acc: 70.44%, Loss: 0.8908
Epoch: 17, Batch: 60, Acc: 70.05%, Loss: 0.9351
Epoch: 17, Batch: 70, Acc: 69.67%, Loss: 0.9579
Epoch: 17, Batch: 80, Acc: 69.86%, Loss: 0.9113
Epoch: 17, Batch: 90, Acc: 69.70%, Loss: 1.0229
Epoch: 17, Batch: 100, Acc: 69.95%, Loss: 0.8240
Epoch: 17, Batch: 110, Acc: 69.67%, Loss: 1.0421
Epoch: 17, Batch: 120, Acc: 69.71%, Loss: 0.9186
Epoch: 17, Batch: 130, Acc: 69.75%, Loss: 0.9173
Epoch: 17, Batch: 140, Acc: 69.78%, Loss: 0.9326
Epoch: 17, Batch: 150, Acc: 69.84%, Loss: 0.9100
Epoch: 17, Batch: 160, Acc: 69.83%, Loss: 0.9735
Epoch: 17, Batch: 170, Acc: 69.94%, Loss: 0.8640
Epoch: 17, Batch: 180, Acc: 70.02%, Loss: 0.9167
Epoch: 17, Batch: 190, Acc: 70.00%, Loss: 0.9364
Epoch: 17, Batch: 200, Acc: 69.88%, Loss: 0.9393
Epoch: 17, Batch: 210, Acc: 69.87%, Loss: 0.9557
Epoch: 17, Batch: 220, Acc: 69.84%, Loss: 0.9354
Epoch: 17, Batch: 230, Acc: 69.78%, Loss: 0.9291
Epoch: 17, Batch: 240, Acc: 69.67%, Loss: 0.9959
Epoch: 17, Batch: 250, Acc: 69.68%, Loss: 0.9447
Epoch: 17, Batch: 260, Acc: 69.67%, Loss: 0.9153
Epoch: 17, Batch: 270, Acc: 69.73%, Loss: 0.8785
Epoch: 17, Batch: 280, Acc: 69.69%, Loss: 1.0117
Epoch: 17, Batch: 290, Acc: 69.69%, Loss: 0.9340
Epoch: 17, Batch: 300, Acc: 69.75%, Loss: 0.9161
Epoch: 17, Batch: 310, Acc: 69.61%, Loss: 0.9630
Epoch: 17, Batch: 320, Acc: 69.58%, Loss: 0.9436
Epoch: 17, Batch: 330, Acc: 69.64%, Loss: 0.9006
Epoch: 17, Batch: 340, Acc: 69.65%, Loss: 0.9062
Epoch: 17, Batch: 350, Acc: 69.64%, Loss: 0.9304
Epoch: 17, Batch: 360, Acc: 69.54%, Loss: 1.0127
Epoch: 17, Batch: 370, Acc: 69.53%, Loss: 0.9638
Epoch: 17, Batch: 380, Acc: 69.54%, Loss: 0.9743
Epoch: 17, Batch: 390, Acc: 69.60%, Loss: 0.8943
Epoch: 17, Batch: 400, Acc: 69.66%, Loss: 0.8478
Epoch: 17, Batch: 410, Acc: 69.60%, Loss: 0.9330
Epoch: 17, Batch: 420, Acc: 69.56%, Loss: 0.9614
Epoch: 17, Batch: 430, Acc: 69.52%, Loss: 0.9231
Epoch: 17, Batch: 440, Acc: 69.52%, Loss: 0.8858
Epoch: 17, Batch: 450, Acc: 69.57%, Loss: 0.8956
Epoch: 17, Batch: 460, Acc: 69.64%, Loss: 0.8463
Epoch: 17, Batch: 470, Acc: 69.69%, Loss: 0.9317
Epoch: 17, Batch: 480, Acc: 69.71%, Loss: 0.9223
Epoch: 17, Batch: 490, Acc: 69.67%, Loss: 0.9000
Epoch: 17, Batch: 500, Acc: 69.70%, Loss: 0.9078
Epoch: 17, Batch: 510, Acc: 69.73%, Loss: 0.9315
Epoch: 17, Batch: 520, Acc: 69.81%, Loss: 0.8975
Epoch: 17, Batch: 530, Acc: 69.83%, Loss: 0.9593
Epoch: 17, Batch: 540, Acc: 69.80%, Loss: 0.9146
Epoch: 17, Batch: 550, Acc: 69.83%, Loss: 0.9090
Epoch: 17, Batch: 560, Acc: 69.91%, Loss: 0.8214
Epoch: 17, Batch: 570, Acc: 69.93%, Loss: 0.8916
Epoch: 17, Batch: 580, Acc: 69.94%, Loss: 0.9465
Epoch: 17, Batch: 590, Acc: 69.91%, Loss: 0.9234
Epoch: 17, Batch: 600, Acc: 69.91%, Loss: 0.9296
Epoch: 17, Batch: 610, Acc: 69.90%, Loss: 0.9223
Epoch: 17, Batch: 620, Acc: 69.92%, Loss: 0.9160
Epoch: 17, Batch: 630, Acc: 69.96%, Loss: 0.9041
Epoch: 17, Batch: 640, Acc: 69.95%, Loss: 0.9354
Epoch: 17, Batch: 650, Acc: 69.99%, Loss: 0.8456
Epoch: 17, Batch: 660, Acc: 70.00%, Loss: 0.9096
Epoch: 17, Batch: 670, Acc: 70.01%, Loss: 0.9300
Epoch: 17, Batch: 680, Acc: 70.03%, Loss: 0.9218
Epoch: 17, Batch: 690, Acc: 70.05%, Loss: 0.9552
Epoch: 17, Batch: 700, Acc: 70.05%, Loss: 0.9520
Epoch: 17, Batch: 710, Acc: 70.09%, Loss: 0.8954
Epoch: 17, Batch: 720, Acc: 70.11%, Loss: 0.8665
Epoch: 17, Batch: 730, Acc: 70.11%, Loss: 0.9482
Epoch: 17, Batch: 740, Acc: 70.09%, Loss: 0.9626
Epoch: 17, Batch: 750, Acc: 70.09%, Loss: 0.9359
Epoch: 17, Batch: 760, Acc: 70.08%, Loss: 0.9011
Epoch: 17, Batch: 770, Acc: 70.10%, Loss: 0.8952
Epoch: 17, Batch: 780, Acc: 70.10%, Loss: 0.9256
Epoch: 17, Batch: 790, Acc: 70.12%, Loss: 0.8726
Epoch: 17, Batch: 800, Acc: 70.13%, Loss: 0.8823
Epoch: 17, Batch: 810, Acc: 70.08%, Loss: 1.0094
Epoch: 17, Batch: 820, Acc: 70.08%, Loss: 0.8992
Epoch: 17, Batch: 830, Acc: 70.07%, Loss: 0.8948
Epoch: 17, Batch: 840, Acc: 70.08%, Loss: 0.8888
Epoch: 17, Batch: 850, Acc: 70.11%, Loss: 0.8955
Epoch: 17, Batch: 860, Acc: 70.11%, Loss: 0.9047
Epoch: 17, Batch: 870, Acc: 70.12%, Loss: 0.8826
Epoch: 17, Batch: 880, Acc: 70.07%, Loss: 0.9792
Epoch: 17, Batch: 890, Acc: 70.09%, Loss: 0.8972
Epoch: 17, Batch: 900, Acc: 70.11%, Loss: 0.9065
Epoch: 17, Batch: 910, Acc: 70.11%, Loss: 0.9126
Epoch: 17, Batch: 920, Acc: 70.13%, Loss: 0.9094
Epoch: 17, Batch: 930, Acc: 70.15%, Loss: 0.9198
Accuracy on test set: 71.24%
Epoch: 18, Batch: 10, Acc: 65.78%, Loss: 1.0001
Epoch: 18, Batch: 20, Acc: 67.89%, Loss: 0.8766
Epoch: 18, Batch: 30, Acc: 68.59%, Loss: 0.9736
Epoch: 18, Batch: 40, Acc: 69.45%, Loss: 0.8902
Epoch: 18, Batch: 50, Acc: 69.53%, Loss: 0.9463
Epoch: 18, Batch: 60, Acc: 69.38%, Loss: 0.9518
Epoch: 18, Batch: 70, Acc: 69.33%, Loss: 0.9524
Epoch: 18, Batch: 80, Acc: 69.34%, Loss: 0.9061
Epoch: 18, Batch: 90, Acc: 69.22%, Loss: 0.9353
Epoch: 18, Batch: 100, Acc: 69.17%, Loss: 0.9976
Epoch: 18, Batch: 110, Acc: 69.28%, Loss: 0.8943
Epoch: 18, Batch: 120, Acc: 69.48%, Loss: 0.9114
Epoch: 18, Batch: 130, Acc: 69.66%, Loss: 0.8994
Epoch: 18, Batch: 140, Acc: 69.64%, Loss: 0.9723
Epoch: 18, Batch: 150, Acc: 69.60%, Loss: 0.9513
Epoch: 18, Batch: 160, Acc: 69.61%, Loss: 0.9354
Epoch: 18, Batch: 170, Acc: 69.56%, Loss: 0.9270
Epoch: 18, Batch: 180, Acc: 69.62%, Loss: 0.8945
Epoch: 18, Batch: 190, Acc: 69.60%, Loss: 0.9453
Epoch: 18, Batch: 200, Acc: 69.59%, Loss: 0.9077
Epoch: 18, Batch: 210, Acc: 69.58%, Loss: 0.9064
Epoch: 18, Batch: 220, Acc: 69.72%, Loss: 0.8679
Epoch: 18, Batch: 230, Acc: 69.65%, Loss: 0.9455
Epoch: 18, Batch: 240, Acc: 69.71%, Loss: 0.9319
Epoch: 18, Batch: 250, Acc: 69.87%, Loss: 0.8710
Epoch: 18, Batch: 260, Acc: 69.84%, Loss: 0.9486
Epoch: 18, Batch: 270, Acc: 69.98%, Loss: 0.8490
Epoch: 18, Batch: 280, Acc: 70.01%, Loss: 0.8962
Epoch: 18, Batch: 290, Acc: 70.19%, Loss: 0.8226
Epoch: 18, Batch: 300, Acc: 70.17%, Loss: 0.9732
Epoch: 18, Batch: 310, Acc: 70.30%, Loss: 0.8335
Epoch: 18, Batch: 320, Acc: 70.30%, Loss: 0.9265
Epoch: 18, Batch: 330, Acc: 70.22%, Loss: 0.9933
Epoch: 18, Batch: 340, Acc: 70.22%, Loss: 0.9359
Epoch: 18, Batch: 350, Acc: 70.23%, Loss: 0.9099
Epoch: 18, Batch: 360, Acc: 70.22%, Loss: 0.8938
Epoch: 18, Batch: 370, Acc: 70.26%, Loss: 0.8801
Epoch: 18, Batch: 380, Acc: 70.27%, Loss: 0.9223
Epoch: 18, Batch: 390, Acc: 70.28%, Loss: 0.9020
Epoch: 18, Batch: 400, Acc: 70.28%, Loss: 0.8791
Epoch: 18, Batch: 410, Acc: 70.29%, Loss: 0.8664
Epoch: 18, Batch: 420, Acc: 70.24%, Loss: 0.9746
Epoch: 18, Batch: 430, Acc: 70.20%, Loss: 0.9651
Epoch: 18, Batch: 440, Acc: 70.21%, Loss: 0.8984
Epoch: 18, Batch: 450, Acc: 70.23%, Loss: 0.9153
Epoch: 18, Batch: 460, Acc: 70.25%, Loss: 0.9535
Epoch: 18, Batch: 470, Acc: 70.31%, Loss: 0.9054
Epoch: 18, Batch: 480, Acc: 70.33%, Loss: 0.8795
Epoch: 18, Batch: 490, Acc: 70.30%, Loss: 0.9536
Epoch: 18, Batch: 500, Acc: 70.34%, Loss: 0.8561
Epoch: 18, Batch: 510, Acc: 70.36%, Loss: 0.8815
Epoch: 18, Batch: 520, Acc: 70.33%, Loss: 0.9545
Epoch: 18, Batch: 530, Acc: 70.33%, Loss: 0.9008
Epoch: 18, Batch: 540, Acc: 70.34%, Loss: 0.9117
Epoch: 18, Batch: 550, Acc: 70.27%, Loss: 0.9752
Epoch: 18, Batch: 560, Acc: 70.30%, Loss: 0.8667
Epoch: 18, Batch: 570, Acc: 70.34%, Loss: 0.8573
Epoch: 18, Batch: 580, Acc: 70.36%, Loss: 0.9504
Epoch: 18, Batch: 590, Acc: 70.38%, Loss: 0.8716
Epoch: 18, Batch: 600, Acc: 70.38%, Loss: 0.8775
Epoch: 18, Batch: 610, Acc: 70.37%, Loss: 0.9342
Epoch: 18, Batch: 620, Acc: 70.37%, Loss: 0.8938
Epoch: 18, Batch: 630, Acc: 70.38%, Loss: 0.9306
Epoch: 18, Batch: 640, Acc: 70.38%, Loss: 0.9318
Epoch: 18, Batch: 650, Acc: 70.35%, Loss: 0.9542
Epoch: 18, Batch: 660, Acc: 70.30%, Loss: 0.9348
Epoch: 18, Batch: 670, Acc: 70.31%, Loss: 0.8812
Epoch: 18, Batch: 680, Acc: 70.32%, Loss: 0.9403
Epoch: 18, Batch: 690, Acc: 70.31%, Loss: 0.9040
Epoch: 18, Batch: 700, Acc: 70.29%, Loss: 0.8834
Epoch: 18, Batch: 710, Acc: 70.25%, Loss: 0.9074
Epoch: 18, Batch: 720, Acc: 70.23%, Loss: 0.9465
Epoch: 18, Batch: 730, Acc: 70.23%, Loss: 0.9517
Epoch: 18, Batch: 740, Acc: 70.23%, Loss: 0.9422
Epoch: 18, Batch: 750, Acc: 70.27%, Loss: 0.8422
Epoch: 18, Batch: 760, Acc: 70.26%, Loss: 0.8956
Epoch: 18, Batch: 770, Acc: 70.28%, Loss: 0.8561
Epoch: 18, Batch: 780, Acc: 70.28%, Loss: 0.8869
Epoch: 18, Batch: 790, Acc: 70.29%, Loss: 0.8672
Epoch: 18, Batch: 800, Acc: 70.32%, Loss: 0.8966
Epoch: 18, Batch: 810, Acc: 70.35%, Loss: 0.9029
Epoch: 18, Batch: 820, Acc: 70.41%, Loss: 0.8534
Epoch: 18, Batch: 830, Acc: 70.43%, Loss: 0.8905
Epoch: 18, Batch: 840, Acc: 70.42%, Loss: 0.9442
Epoch: 18, Batch: 850, Acc: 70.43%, Loss: 0.8843
Epoch: 18, Batch: 860, Acc: 70.40%, Loss: 0.9648
Epoch: 18, Batch: 870, Acc: 70.41%, Loss: 0.9234
Epoch: 18, Batch: 880, Acc: 70.43%, Loss: 0.8808
Epoch: 18, Batch: 890, Acc: 70.43%, Loss: 0.8876
Epoch: 18, Batch: 900, Acc: 70.40%, Loss: 0.9869
Epoch: 18, Batch: 910, Acc: 70.39%, Loss: 0.9236
Epoch: 18, Batch: 920, Acc: 70.40%, Loss: 0.9660
Epoch: 18, Batch: 930, Acc: 70.37%, Loss: 0.9716
Accuracy on test set: 72.08%
Epoch: 19, Batch: 10, Acc: 71.09%, Loss: 0.8903
Epoch: 19, Batch: 20, Acc: 71.09%, Loss: 0.9652
Epoch: 19, Batch: 30, Acc: 69.90%, Loss: 0.9329
Epoch: 19, Batch: 40, Acc: 70.16%, Loss: 0.9148
Epoch: 19, Batch: 50, Acc: 69.78%, Loss: 0.9193
Epoch: 19, Batch: 60, Acc: 69.66%, Loss: 0.9218
Epoch: 19, Batch: 70, Acc: 69.84%, Loss: 0.8619
Epoch: 19, Batch: 80, Acc: 70.02%, Loss: 0.8759
Epoch: 19, Batch: 90, Acc: 70.31%, Loss: 0.8434
Epoch: 19, Batch: 100, Acc: 70.36%, Loss: 0.9345
Epoch: 19, Batch: 110, Acc: 70.65%, Loss: 0.9073
Epoch: 19, Batch: 120, Acc: 70.74%, Loss: 0.9443
Epoch: 19, Batch: 130, Acc: 70.72%, Loss: 0.9183
Epoch: 19, Batch: 140, Acc: 70.78%, Loss: 0.8569
Epoch: 19, Batch: 150, Acc: 70.98%, Loss: 0.8480
Epoch: 19, Batch: 160, Acc: 70.84%, Loss: 0.8782
Epoch: 19, Batch: 170, Acc: 70.73%, Loss: 0.9667
Epoch: 19, Batch: 180, Acc: 70.75%, Loss: 0.9345
Epoch: 19, Batch: 190, Acc: 70.81%, Loss: 0.9129
Epoch: 19, Batch: 200, Acc: 70.91%, Loss: 0.8530
Epoch: 19, Batch: 210, Acc: 71.02%, Loss: 0.8506
Epoch: 19, Batch: 220, Acc: 70.92%, Loss: 0.9713
Epoch: 19, Batch: 230, Acc: 70.90%, Loss: 0.9574
Epoch: 19, Batch: 240, Acc: 70.75%, Loss: 0.9331
Epoch: 19, Batch: 250, Acc: 70.78%, Loss: 0.9093
Epoch: 19, Batch: 260, Acc: 70.86%, Loss: 0.8680
Epoch: 19, Batch: 270, Acc: 70.89%, Loss: 0.8767
Epoch: 19, Batch: 280, Acc: 70.78%, Loss: 0.9324
Epoch: 19, Batch: 290, Acc: 70.74%, Loss: 0.9299
Epoch: 19, Batch: 300, Acc: 70.67%, Loss: 0.9150
Epoch: 19, Batch: 310, Acc: 70.68%, Loss: 0.8472
Epoch: 19, Batch: 320, Acc: 70.66%, Loss: 0.9923
Epoch: 19, Batch: 330, Acc: 70.65%, Loss: 0.9716
Epoch: 19, Batch: 340, Acc: 70.64%, Loss: 0.8886
Epoch: 19, Batch: 350, Acc: 70.63%, Loss: 0.9229
Epoch: 19, Batch: 360, Acc: 70.64%, Loss: 0.9268
Epoch: 19, Batch: 370, Acc: 70.74%, Loss: 0.8355
Epoch: 19, Batch: 380, Acc: 70.76%, Loss: 0.9216
Epoch: 19, Batch: 390, Acc: 70.73%, Loss: 0.9184
Epoch: 19, Batch: 400, Acc: 70.80%, Loss: 0.8541
Epoch: 19, Batch: 410, Acc: 70.80%, Loss: 0.8522
Epoch: 19, Batch: 420, Acc: 70.78%, Loss: 0.9459
Epoch: 19, Batch: 430, Acc: 70.81%, Loss: 0.8306
Epoch: 19, Batch: 440, Acc: 70.80%, Loss: 0.9494
Epoch: 19, Batch: 450, Acc: 70.72%, Loss: 0.9758
Epoch: 19, Batch: 460, Acc: 70.70%, Loss: 0.8910
Epoch: 19, Batch: 470, Acc: 70.67%, Loss: 0.9519
Epoch: 19, Batch: 480, Acc: 70.70%, Loss: 0.8972
Epoch: 19, Batch: 490, Acc: 70.73%, Loss: 0.8688
Epoch: 19, Batch: 500, Acc: 70.71%, Loss: 0.9295
Epoch: 19, Batch: 510, Acc: 70.66%, Loss: 0.9521
Epoch: 19, Batch: 520, Acc: 70.63%, Loss: 0.9114
Epoch: 19, Batch: 530, Acc: 70.65%, Loss: 0.9044
Epoch: 19, Batch: 540, Acc: 70.63%, Loss: 0.9397
Epoch: 19, Batch: 550, Acc: 70.66%, Loss: 0.8623
Epoch: 19, Batch: 560, Acc: 70.67%, Loss: 0.8826
Epoch: 19, Batch: 570, Acc: 70.69%, Loss: 0.9075
Epoch: 19, Batch: 580, Acc: 70.60%, Loss: 0.9930
Epoch: 19, Batch: 590, Acc: 70.59%, Loss: 0.9671
Epoch: 19, Batch: 600, Acc: 70.58%, Loss: 0.9106
Epoch: 19, Batch: 610, Acc: 70.61%, Loss: 0.8713
Epoch: 19, Batch: 620, Acc: 70.61%, Loss: 0.9288
Epoch: 19, Batch: 630, Acc: 70.62%, Loss: 0.9099
Epoch: 19, Batch: 640, Acc: 70.61%, Loss: 0.9119
Epoch: 19, Batch: 650, Acc: 70.59%, Loss: 0.9303
Epoch: 19, Batch: 660, Acc: 70.55%, Loss: 0.9267
Epoch: 19, Batch: 670, Acc: 70.55%, Loss: 0.9216
Epoch: 19, Batch: 680, Acc: 70.55%, Loss: 0.9446
Epoch: 19, Batch: 690, Acc: 70.52%, Loss: 0.9657
Epoch: 19, Batch: 700, Acc: 70.54%, Loss: 0.8973
Epoch: 19, Batch: 710, Acc: 70.60%, Loss: 0.8263
Epoch: 19, Batch: 720, Acc: 70.57%, Loss: 0.9108
Epoch: 19, Batch: 730, Acc: 70.62%, Loss: 0.8756
Epoch: 19, Batch: 740, Acc: 70.62%, Loss: 0.9547
Epoch: 19, Batch: 750, Acc: 70.65%, Loss: 0.8172
Epoch: 19, Batch: 760, Acc: 70.66%, Loss: 0.9097
Epoch: 19, Batch: 770, Acc: 70.69%, Loss: 0.8218
Epoch: 19, Batch: 780, Acc: 70.64%, Loss: 0.9495
Epoch: 19, Batch: 790, Acc: 70.64%, Loss: 0.8878
Epoch: 19, Batch: 800, Acc: 70.66%, Loss: 0.8683
Epoch: 19, Batch: 810, Acc: 70.65%, Loss: 0.8968
Epoch: 19, Batch: 820, Acc: 70.65%, Loss: 0.9333
Epoch: 19, Batch: 830, Acc: 70.60%, Loss: 0.9694
Epoch: 19, Batch: 840, Acc: 70.60%, Loss: 0.8933
Epoch: 19, Batch: 850, Acc: 70.62%, Loss: 0.8887
Epoch: 19, Batch: 860, Acc: 70.58%, Loss: 0.9635
Epoch: 19, Batch: 870, Acc: 70.57%, Loss: 0.9746
Epoch: 19, Batch: 880, Acc: 70.53%, Loss: 0.9169
Epoch: 19, Batch: 890, Acc: 70.55%, Loss: 0.8944
Epoch: 19, Batch: 900, Acc: 70.56%, Loss: 0.9211
Epoch: 19, Batch: 910, Acc: 70.54%, Loss: 0.9815
Epoch: 19, Batch: 920, Acc: 70.55%, Loss: 0.9230
Epoch: 19, Batch: 930, Acc: 70.54%, Loss: 0.9174
Accuracy on test set: 72.01%
Epoch: 20, Batch: 10, Acc: 69.06%, Loss: 0.9631
Epoch: 20, Batch: 20, Acc: 70.08%, Loss: 0.9508
Epoch: 20, Batch: 30, Acc: 69.53%, Loss: 0.9599
Epoch: 20, Batch: 40, Acc: 69.73%, Loss: 0.9493
Epoch: 20, Batch: 50, Acc: 70.06%, Loss: 0.8880
Epoch: 20, Batch: 60, Acc: 69.77%, Loss: 0.9210
Epoch: 20, Batch: 70, Acc: 69.78%, Loss: 0.8175
Epoch: 20, Batch: 80, Acc: 70.27%, Loss: 0.8496
Epoch: 20, Batch: 90, Acc: 70.33%, Loss: 0.9132
Epoch: 20, Batch: 100, Acc: 70.31%, Loss: 0.9096
Epoch: 20, Batch: 110, Acc: 70.38%, Loss: 0.9338
Epoch: 20, Batch: 120, Acc: 70.55%, Loss: 0.8649
Epoch: 20, Batch: 130, Acc: 70.50%, Loss: 0.9707
Epoch: 20, Batch: 140, Acc: 70.32%, Loss: 0.9701
Epoch: 20, Batch: 150, Acc: 70.43%, Loss: 0.8517
Epoch: 20, Batch: 160, Acc: 70.45%, Loss: 0.8887
Epoch: 20, Batch: 170, Acc: 70.33%, Loss: 0.9419
Epoch: 20, Batch: 180, Acc: 70.37%, Loss: 0.8681
Epoch: 20, Batch: 190, Acc: 70.24%, Loss: 0.9153
Epoch: 20, Batch: 200, Acc: 70.22%, Loss: 0.8759
Epoch: 20, Batch: 210, Acc: 70.31%, Loss: 0.8855
Epoch: 20, Batch: 220, Acc: 70.33%, Loss: 0.8921
Epoch: 20, Batch: 230, Acc: 70.43%, Loss: 0.8406
Epoch: 20, Batch: 240, Acc: 70.43%, Loss: 0.9115
Epoch: 20, Batch: 250, Acc: 70.37%, Loss: 0.9336
Epoch: 20, Batch: 260, Acc: 70.35%, Loss: 0.8721
Epoch: 20, Batch: 270, Acc: 70.42%, Loss: 0.8603
Epoch: 20, Batch: 280, Acc: 70.37%, Loss: 0.9408
Epoch: 20, Batch: 290, Acc: 70.45%, Loss: 0.8993
Epoch: 20, Batch: 300, Acc: 70.40%, Loss: 0.9539
Epoch: 20, Batch: 310, Acc: 70.43%, Loss: 0.8456
Epoch: 20, Batch: 320, Acc: 70.46%, Loss: 0.8823
Epoch: 20, Batch: 330, Acc: 70.49%, Loss: 0.8131
Epoch: 20, Batch: 340, Acc: 70.40%, Loss: 0.9832
Epoch: 20, Batch: 350, Acc: 70.38%, Loss: 0.9768
Epoch: 20, Batch: 360, Acc: 70.36%, Loss: 0.8950
Epoch: 20, Batch: 370, Acc: 70.38%, Loss: 0.9250
Epoch: 20, Batch: 380, Acc: 70.37%, Loss: 0.9443
Epoch: 20, Batch: 390, Acc: 70.38%, Loss: 0.8753
Epoch: 20, Batch: 400, Acc: 70.39%, Loss: 0.9170
Epoch: 20, Batch: 410, Acc: 70.40%, Loss: 0.9206
Epoch: 20, Batch: 420, Acc: 70.52%, Loss: 0.8076
Epoch: 20, Batch: 430, Acc: 70.53%, Loss: 0.9283
Epoch: 20, Batch: 440, Acc: 70.50%, Loss: 0.9263
Epoch: 20, Batch: 450, Acc: 70.53%, Loss: 0.9303
Epoch: 20, Batch: 460, Acc: 70.52%, Loss: 0.8572
Epoch: 20, Batch: 470, Acc: 70.51%, Loss: 0.9306
Epoch: 20, Batch: 480, Acc: 70.53%, Loss: 0.9473
Epoch: 20, Batch: 490, Acc: 70.59%, Loss: 0.8975
Epoch: 20, Batch: 500, Acc: 70.62%, Loss: 0.9246
Epoch: 20, Batch: 510, Acc: 70.57%, Loss: 0.9633
Epoch: 20, Batch: 520, Acc: 70.57%, Loss: 0.8959
Epoch: 20, Batch: 530, Acc: 70.61%, Loss: 0.8995
Epoch: 20, Batch: 540, Acc: 70.62%, Loss: 0.8926
Epoch: 20, Batch: 550, Acc: 70.62%, Loss: 0.9131
Epoch: 20, Batch: 560, Acc: 70.59%, Loss: 0.9567
Epoch: 20, Batch: 570, Acc: 70.60%, Loss: 0.8533
Epoch: 20, Batch: 580, Acc: 70.64%, Loss: 0.9074
Epoch: 20, Batch: 590, Acc: 70.60%, Loss: 0.9432
Epoch: 20, Batch: 600, Acc: 70.54%, Loss: 0.9912
Epoch: 20, Batch: 610, Acc: 70.51%, Loss: 0.8766
Epoch: 20, Batch: 620, Acc: 70.51%, Loss: 0.9322
Epoch: 20, Batch: 630, Acc: 70.49%, Loss: 0.9291
Epoch: 20, Batch: 640, Acc: 70.50%, Loss: 0.8960
Epoch: 20, Batch: 650, Acc: 70.44%, Loss: 0.9324
Epoch: 20, Batch: 660, Acc: 70.43%, Loss: 0.8919
Epoch: 20, Batch: 670, Acc: 70.46%, Loss: 0.8624
Epoch: 20, Batch: 680, Acc: 70.48%, Loss: 0.8488
Epoch: 20, Batch: 690, Acc: 70.45%, Loss: 0.9873
Epoch: 20, Batch: 700, Acc: 70.46%, Loss: 0.8662
Epoch: 20, Batch: 710, Acc: 70.49%, Loss: 0.9368
Epoch: 20, Batch: 720, Acc: 70.53%, Loss: 0.8329
Epoch: 20, Batch: 730, Acc: 70.55%, Loss: 0.9238
Epoch: 20, Batch: 740, Acc: 70.56%, Loss: 0.8579
Epoch: 20, Batch: 750, Acc: 70.56%, Loss: 0.8884
Epoch: 20, Batch: 760, Acc: 70.51%, Loss: 0.9131
Epoch: 20, Batch: 770, Acc: 70.54%, Loss: 0.8680
Epoch: 20, Batch: 780, Acc: 70.55%, Loss: 0.9212
Epoch: 20, Batch: 790, Acc: 70.57%, Loss: 0.8695
Epoch: 20, Batch: 800, Acc: 70.57%, Loss: 0.8654
Epoch: 20, Batch: 810, Acc: 70.57%, Loss: 0.9023
Epoch: 20, Batch: 820, Acc: 70.60%, Loss: 0.9079
Epoch: 20, Batch: 830, Acc: 70.59%, Loss: 0.9643
Epoch: 20, Batch: 840, Acc: 70.60%, Loss: 0.8700
Epoch: 20, Batch: 850, Acc: 70.58%, Loss: 0.9144
Epoch: 20, Batch: 860, Acc: 70.59%, Loss: 0.9264
Epoch: 20, Batch: 870, Acc: 70.57%, Loss: 0.9169
Epoch: 20, Batch: 880, Acc: 70.56%, Loss: 0.9208
Epoch: 20, Batch: 890, Acc: 70.59%, Loss: 0.9015
Epoch: 20, Batch: 900, Acc: 70.59%, Loss: 0.9534
Epoch: 20, Batch: 910, Acc: 70.59%, Loss: 0.8506
Epoch: 20, Batch: 920, Acc: 70.59%, Loss: 0.8883
Epoch: 20, Batch: 930, Acc: 70.61%, Loss: 0.8433
Accuracy on test set: 72.45%
Epoch: 21, Batch: 10, Acc: 71.41%, Loss: 0.8958
Epoch: 21, Batch: 20, Acc: 70.86%, Loss: 0.8763
Epoch: 21, Batch: 30, Acc: 70.52%, Loss: 0.9089
Epoch: 21, Batch: 40, Acc: 71.09%, Loss: 0.8732
Epoch: 21, Batch: 50, Acc: 71.66%, Loss: 0.8476
Epoch: 21, Batch: 60, Acc: 71.20%, Loss: 0.9400
Epoch: 21, Batch: 70, Acc: 70.92%, Loss: 0.9360
Epoch: 21, Batch: 80, Acc: 70.62%, Loss: 0.9544
Epoch: 21, Batch: 90, Acc: 70.69%, Loss: 0.8665
Epoch: 21, Batch: 100, Acc: 71.05%, Loss: 0.8224
Epoch: 21, Batch: 110, Acc: 70.88%, Loss: 0.8931
Epoch: 21, Batch: 120, Acc: 70.81%, Loss: 0.9232
Epoch: 21, Batch: 130, Acc: 70.72%, Loss: 0.8740
Epoch: 21, Batch: 140, Acc: 70.81%, Loss: 0.9064
Epoch: 21, Batch: 150, Acc: 70.68%, Loss: 0.8684
Epoch: 21, Batch: 160, Acc: 70.94%, Loss: 0.8345
Epoch: 21, Batch: 170, Acc: 70.78%, Loss: 0.9489
Epoch: 21, Batch: 180, Acc: 70.85%, Loss: 0.9133
Epoch: 21, Batch: 190, Acc: 70.86%, Loss: 0.8666
Epoch: 21, Batch: 200, Acc: 70.85%, Loss: 0.8864
Epoch: 21, Batch: 210, Acc: 70.92%, Loss: 0.8255
Epoch: 21, Batch: 220, Acc: 70.80%, Loss: 0.9949
Epoch: 21, Batch: 230, Acc: 70.82%, Loss: 0.9131
Epoch: 21, Batch: 240, Acc: 70.74%, Loss: 0.9160
Epoch: 21, Batch: 250, Acc: 70.64%, Loss: 0.8898
Epoch: 21, Batch: 260, Acc: 70.59%, Loss: 0.9285
Epoch: 21, Batch: 270, Acc: 70.59%, Loss: 0.9547
Epoch: 21, Batch: 280, Acc: 70.61%, Loss: 0.9096
Epoch: 21, Batch: 290, Acc: 70.59%, Loss: 0.8890
Epoch: 21, Batch: 300, Acc: 70.64%, Loss: 0.8913
Epoch: 21, Batch: 310, Acc: 70.54%, Loss: 0.9120
Epoch: 21, Batch: 320, Acc: 70.53%, Loss: 0.8733
Epoch: 21, Batch: 330, Acc: 70.53%, Loss: 0.9232
Epoch: 21, Batch: 340, Acc: 70.52%, Loss: 0.9033
Epoch: 21, Batch: 350, Acc: 70.50%, Loss: 0.9269
Epoch: 21, Batch: 360, Acc: 70.61%, Loss: 0.8869
Epoch: 21, Batch: 370, Acc: 70.65%, Loss: 0.8897
Epoch: 21, Batch: 380, Acc: 70.61%, Loss: 1.0079
Epoch: 21, Batch: 390, Acc: 70.57%, Loss: 0.9178
Epoch: 21, Batch: 400, Acc: 70.52%, Loss: 0.9100
Epoch: 21, Batch: 410, Acc: 70.55%, Loss: 0.8702
Epoch: 21, Batch: 420, Acc: 70.53%, Loss: 0.9457
Epoch: 21, Batch: 430, Acc: 70.56%, Loss: 0.8877
Epoch: 21, Batch: 440, Acc: 70.53%, Loss: 0.8977
Epoch: 21, Batch: 450, Acc: 70.58%, Loss: 0.8629
Epoch: 21, Batch: 460, Acc: 70.55%, Loss: 0.9370
Epoch: 21, Batch: 470, Acc: 70.59%, Loss: 0.8729
Epoch: 21, Batch: 480, Acc: 70.58%, Loss: 0.9303
Epoch: 21, Batch: 490, Acc: 70.66%, Loss: 0.8796
Epoch: 21, Batch: 500, Acc: 70.70%, Loss: 0.8920
Epoch: 21, Batch: 510, Acc: 70.71%, Loss: 0.8732
Epoch: 21, Batch: 520, Acc: 70.71%, Loss: 0.9071
Epoch: 21, Batch: 530, Acc: 70.73%, Loss: 0.8901
Epoch: 21, Batch: 540, Acc: 70.70%, Loss: 0.9364
Epoch: 21, Batch: 550, Acc: 70.77%, Loss: 0.8419
Epoch: 21, Batch: 560, Acc: 70.81%, Loss: 0.8691
Epoch: 21, Batch: 570, Acc: 70.76%, Loss: 0.9785
Epoch: 21, Batch: 580, Acc: 70.74%, Loss: 0.8792
Epoch: 21, Batch: 590, Acc: 70.70%, Loss: 0.9519
Epoch: 21, Batch: 600, Acc: 70.70%, Loss: 0.8791
Epoch: 21, Batch: 610, Acc: 70.67%, Loss: 0.9369
Epoch: 21, Batch: 620, Acc: 70.66%, Loss: 0.9235
Epoch: 21, Batch: 630, Acc: 70.67%, Loss: 0.9207
Epoch: 21, Batch: 640, Acc: 70.65%, Loss: 0.8890
Epoch: 21, Batch: 650, Acc: 70.65%, Loss: 0.8968
Epoch: 21, Batch: 660, Acc: 70.59%, Loss: 0.9828
Epoch: 21, Batch: 670, Acc: 70.58%, Loss: 0.9140
Epoch: 21, Batch: 680, Acc: 70.62%, Loss: 0.8429
Epoch: 21, Batch: 690, Acc: 70.63%, Loss: 0.8846
Epoch: 21, Batch: 700, Acc: 70.67%, Loss: 0.8489
Epoch: 21, Batch: 710, Acc: 70.72%, Loss: 0.8539
Epoch: 21, Batch: 720, Acc: 70.72%, Loss: 0.9283
Epoch: 21, Batch: 730, Acc: 70.71%, Loss: 0.8753
Epoch: 21, Batch: 740, Acc: 70.74%, Loss: 0.9099
Epoch: 21, Batch: 750, Acc: 70.76%, Loss: 0.8936
Epoch: 21, Batch: 760, Acc: 70.79%, Loss: 0.8618
Epoch: 21, Batch: 770, Acc: 70.77%, Loss: 0.9810
Epoch: 21, Batch: 780, Acc: 70.78%, Loss: 0.8619
Epoch: 21, Batch: 790, Acc: 70.75%, Loss: 0.9467
Epoch: 21, Batch: 800, Acc: 70.70%, Loss: 1.0002
Epoch: 21, Batch: 810, Acc: 70.73%, Loss: 0.8947
Epoch: 21, Batch: 820, Acc: 70.74%, Loss: 0.8342
Epoch: 21, Batch: 830, Acc: 70.75%, Loss: 0.9002
Epoch: 21, Batch: 840, Acc: 70.78%, Loss: 0.8354
Epoch: 21, Batch: 850, Acc: 70.75%, Loss: 0.9030
Epoch: 21, Batch: 860, Acc: 70.73%, Loss: 0.9581
Epoch: 21, Batch: 870, Acc: 70.74%, Loss: 0.8698
Epoch: 21, Batch: 880, Acc: 70.75%, Loss: 0.9431
Epoch: 21, Batch: 890, Acc: 70.74%, Loss: 0.9347
Epoch: 21, Batch: 900, Acc: 70.73%, Loss: 0.8621
Epoch: 21, Batch: 910, Acc: 70.76%, Loss: 0.8574
Epoch: 21, Batch: 920, Acc: 70.75%, Loss: 0.9155
Epoch: 21, Batch: 930, Acc: 70.78%, Loss: 0.8605
Accuracy on test set: 72.19%
Epoch: 22, Batch: 10, Acc: 72.81%, Loss: 0.8570
Epoch: 22, Batch: 20, Acc: 71.25%, Loss: 0.9370
Epoch: 22, Batch: 30, Acc: 71.88%, Loss: 0.8671
Epoch: 22, Batch: 40, Acc: 71.56%, Loss: 0.8549
Epoch: 22, Batch: 50, Acc: 71.38%, Loss: 0.8762
Epoch: 22, Batch: 60, Acc: 71.48%, Loss: 0.9269
Epoch: 22, Batch: 70, Acc: 71.38%, Loss: 0.9230
Epoch: 22, Batch: 80, Acc: 71.58%, Loss: 0.8905
Epoch: 22, Batch: 90, Acc: 71.51%, Loss: 0.8557
Epoch: 22, Batch: 100, Acc: 71.88%, Loss: 0.8604
Epoch: 22, Batch: 110, Acc: 71.85%, Loss: 0.8998
Epoch: 22, Batch: 120, Acc: 71.78%, Loss: 0.8486
Epoch: 22, Batch: 130, Acc: 71.78%, Loss: 0.8646
Epoch: 22, Batch: 140, Acc: 71.70%, Loss: 0.8698
Epoch: 22, Batch: 150, Acc: 71.49%, Loss: 0.9641
Epoch: 22, Batch: 160, Acc: 71.51%, Loss: 0.8466
Epoch: 22, Batch: 170, Acc: 71.53%, Loss: 0.8511
Epoch: 22, Batch: 180, Acc: 71.65%, Loss: 0.8217
Epoch: 22, Batch: 190, Acc: 71.45%, Loss: 0.9302
Epoch: 22, Batch: 200, Acc: 71.51%, Loss: 0.8431
Epoch: 22, Batch: 210, Acc: 71.47%, Loss: 0.9555
Epoch: 22, Batch: 220, Acc: 71.43%, Loss: 0.9199
Epoch: 22, Batch: 230, Acc: 71.47%, Loss: 0.8661
Epoch: 22, Batch: 240, Acc: 71.37%, Loss: 0.9164
Epoch: 22, Batch: 250, Acc: 71.16%, Loss: 0.9549
Epoch: 22, Batch: 260, Acc: 71.03%, Loss: 0.9613
Epoch: 22, Batch: 270, Acc: 71.09%, Loss: 0.8825
Epoch: 22, Batch: 280, Acc: 71.07%, Loss: 0.9111
Epoch: 22, Batch: 290, Acc: 71.16%, Loss: 0.8143
Epoch: 22, Batch: 300, Acc: 71.17%, Loss: 0.8773
Epoch: 22, Batch: 310, Acc: 71.19%, Loss: 0.8817
Epoch: 22, Batch: 320, Acc: 71.19%, Loss: 0.9026
Epoch: 22, Batch: 330, Acc: 71.25%, Loss: 0.8322
Epoch: 22, Batch: 340, Acc: 71.22%, Loss: 0.9497
Epoch: 22, Batch: 350, Acc: 71.27%, Loss: 0.8590
Epoch: 22, Batch: 360, Acc: 71.28%, Loss: 0.8659
Epoch: 22, Batch: 370, Acc: 71.28%, Loss: 0.9179
Epoch: 22, Batch: 380, Acc: 71.25%, Loss: 0.8521
Epoch: 22, Batch: 390, Acc: 71.24%, Loss: 0.8830
Epoch: 22, Batch: 400, Acc: 71.28%, Loss: 0.8573
Epoch: 22, Batch: 410, Acc: 71.26%, Loss: 0.8671
Epoch: 22, Batch: 420, Acc: 71.25%, Loss: 0.8883
Epoch: 22, Batch: 430, Acc: 71.17%, Loss: 0.9518
Epoch: 22, Batch: 440, Acc: 71.14%, Loss: 0.8847
Epoch: 22, Batch: 450, Acc: 71.11%, Loss: 0.9203
Epoch: 22, Batch: 460, Acc: 71.15%, Loss: 0.9158
Epoch: 22, Batch: 470, Acc: 71.13%, Loss: 0.9351
Epoch: 22, Batch: 480, Acc: 71.13%, Loss: 0.8911
Epoch: 22, Batch: 490, Acc: 71.12%, Loss: 0.9446
Epoch: 22, Batch: 500, Acc: 71.02%, Loss: 0.9695
Epoch: 22, Batch: 510, Acc: 71.00%, Loss: 0.8639
Epoch: 22, Batch: 520, Acc: 71.00%, Loss: 0.9187
Epoch: 22, Batch: 530, Acc: 71.02%, Loss: 0.8302
Epoch: 22, Batch: 540, Acc: 71.00%, Loss: 0.9315
Epoch: 22, Batch: 550, Acc: 71.02%, Loss: 0.8491
Epoch: 22, Batch: 560, Acc: 71.03%, Loss: 0.9241
Epoch: 22, Batch: 570, Acc: 71.03%, Loss: 0.9396
Epoch: 22, Batch: 580, Acc: 71.02%, Loss: 0.9344
Epoch: 22, Batch: 590, Acc: 71.04%, Loss: 0.8702
Epoch: 22, Batch: 600, Acc: 71.07%, Loss: 0.8850
Epoch: 22, Batch: 610, Acc: 71.02%, Loss: 0.9425
Epoch: 22, Batch: 620, Acc: 71.01%, Loss: 0.9411
Epoch: 22, Batch: 630, Acc: 71.00%, Loss: 0.8904
Epoch: 22, Batch: 640, Acc: 70.97%, Loss: 0.9170
Epoch: 22, Batch: 650, Acc: 70.95%, Loss: 0.8998
Epoch: 22, Batch: 660, Acc: 70.95%, Loss: 0.9108
Epoch: 22, Batch: 670, Acc: 70.96%, Loss: 0.8234
Epoch: 22, Batch: 680, Acc: 70.92%, Loss: 0.9232
Epoch: 22, Batch: 690, Acc: 70.92%, Loss: 0.9138
Epoch: 22, Batch: 700, Acc: 70.93%, Loss: 0.9007
Epoch: 22, Batch: 710, Acc: 70.94%, Loss: 0.9137
Epoch: 22, Batch: 720, Acc: 70.97%, Loss: 0.8678
Epoch: 22, Batch: 730, Acc: 71.03%, Loss: 0.8604
Epoch: 22, Batch: 740, Acc: 71.00%, Loss: 0.9408
Epoch: 22, Batch: 750, Acc: 71.00%, Loss: 0.8688
Epoch: 22, Batch: 760, Acc: 71.03%, Loss: 0.8425
Epoch: 22, Batch: 770, Acc: 71.03%, Loss: 0.9132
Epoch: 22, Batch: 780, Acc: 71.02%, Loss: 0.8790
Epoch: 22, Batch: 790, Acc: 71.00%, Loss: 0.9194
Epoch: 22, Batch: 800, Acc: 70.97%, Loss: 0.9365
Epoch: 22, Batch: 810, Acc: 70.93%, Loss: 0.9741
Epoch: 22, Batch: 820, Acc: 70.98%, Loss: 0.8620
Epoch: 22, Batch: 830, Acc: 70.99%, Loss: 0.9073
Epoch: 22, Batch: 840, Acc: 70.97%, Loss: 0.8897
Epoch: 22, Batch: 850, Acc: 70.97%, Loss: 0.9551
Epoch: 22, Batch: 860, Acc: 70.94%, Loss: 0.9367
Epoch: 22, Batch: 870, Acc: 70.91%, Loss: 0.9675
Epoch: 22, Batch: 880, Acc: 70.93%, Loss: 0.8597
Epoch: 22, Batch: 890, Acc: 70.95%, Loss: 0.8743
Epoch: 22, Batch: 900, Acc: 70.95%, Loss: 0.8643
Epoch: 22, Batch: 910, Acc: 70.93%, Loss: 0.9491
Epoch: 22, Batch: 920, Acc: 70.96%, Loss: 0.8345
Epoch: 22, Batch: 930, Acc: 70.95%, Loss: 0.9345
Accuracy on test set: 72.60%
Epoch: 23, Batch: 10, Acc: 72.03%, Loss: 0.8741
Epoch: 23, Batch: 20, Acc: 72.19%, Loss: 0.9206
Epoch: 23, Batch: 30, Acc: 71.93%, Loss: 0.8572
Epoch: 23, Batch: 40, Acc: 71.84%, Loss: 0.9297
Epoch: 23, Batch: 50, Acc: 71.62%, Loss: 0.8815
Epoch: 23, Batch: 60, Acc: 71.56%, Loss: 0.8875
Epoch: 23, Batch: 70, Acc: 71.12%, Loss: 0.9802
Epoch: 23, Batch: 80, Acc: 70.68%, Loss: 0.9046
Epoch: 23, Batch: 90, Acc: 70.52%, Loss: 0.9404
Epoch: 23, Batch: 100, Acc: 70.33%, Loss: 0.9694
Epoch: 23, Batch: 110, Acc: 70.33%, Loss: 0.9633
Epoch: 23, Batch: 120, Acc: 70.39%, Loss: 0.9360
Epoch: 23, Batch: 130, Acc: 70.54%, Loss: 0.9162
Epoch: 23, Batch: 140, Acc: 70.32%, Loss: 0.8991
Epoch: 23, Batch: 150, Acc: 70.41%, Loss: 0.8822
Epoch: 23, Batch: 160, Acc: 70.52%, Loss: 0.8704
Epoch: 23, Batch: 170, Acc: 70.62%, Loss: 0.8401
Epoch: 23, Batch: 180, Acc: 70.72%, Loss: 0.8812
Epoch: 23, Batch: 190, Acc: 70.87%, Loss: 0.8656
Epoch: 23, Batch: 200, Acc: 71.01%, Loss: 0.8860
Epoch: 23, Batch: 210, Acc: 70.94%, Loss: 0.9549
Epoch: 23, Batch: 220, Acc: 70.95%, Loss: 0.8851
Epoch: 23, Batch: 230, Acc: 70.97%, Loss: 0.8920
Epoch: 23, Batch: 240, Acc: 70.99%, Loss: 0.8586
Epoch: 23, Batch: 250, Acc: 70.97%, Loss: 0.8587
Epoch: 23, Batch: 260, Acc: 70.88%, Loss: 0.9694
Epoch: 23, Batch: 270, Acc: 70.96%, Loss: 0.8809
Epoch: 23, Batch: 280, Acc: 71.04%, Loss: 0.8825
Epoch: 23, Batch: 290, Acc: 71.15%, Loss: 0.8406
Epoch: 23, Batch: 300, Acc: 71.17%, Loss: 0.9073
Epoch: 23, Batch: 310, Acc: 71.18%, Loss: 0.9080
Epoch: 23, Batch: 320, Acc: 71.31%, Loss: 0.8571
Epoch: 23, Batch: 330, Acc: 71.33%, Loss: 0.9001
Epoch: 23, Batch: 340, Acc: 71.35%, Loss: 0.8813
Epoch: 23, Batch: 350, Acc: 71.30%, Loss: 0.9102
Epoch: 23, Batch: 360, Acc: 71.23%, Loss: 0.9021
Epoch: 23, Batch: 370, Acc: 71.22%, Loss: 0.8953
Epoch: 23, Batch: 380, Acc: 71.18%, Loss: 0.8673
Epoch: 23, Batch: 390, Acc: 71.23%, Loss: 0.8035
Epoch: 23, Batch: 400, Acc: 71.23%, Loss: 0.8666
Epoch: 23, Batch: 410, Acc: 71.15%, Loss: 0.8916
Epoch: 23, Batch: 420, Acc: 71.13%, Loss: 0.9092
Epoch: 23, Batch: 430, Acc: 71.09%, Loss: 0.9229
Epoch: 23, Batch: 440, Acc: 71.05%, Loss: 0.9511
Epoch: 23, Batch: 450, Acc: 71.01%, Loss: 0.8917
Epoch: 23, Batch: 460, Acc: 71.01%, Loss: 0.9025
Epoch: 23, Batch: 470, Acc: 70.97%, Loss: 0.9275
Epoch: 23, Batch: 480, Acc: 70.98%, Loss: 0.8826
Epoch: 23, Batch: 490, Acc: 70.96%, Loss: 0.8976
Epoch: 23, Batch: 500, Acc: 70.95%, Loss: 0.8852
Epoch: 23, Batch: 510, Acc: 70.93%, Loss: 0.9618
Epoch: 23, Batch: 520, Acc: 70.92%, Loss: 0.8786
Epoch: 23, Batch: 530, Acc: 70.86%, Loss: 0.8776
Epoch: 23, Batch: 540, Acc: 70.87%, Loss: 0.8713
Epoch: 23, Batch: 550, Acc: 70.86%, Loss: 0.9227
Epoch: 23, Batch: 560, Acc: 70.85%, Loss: 0.8995
Epoch: 23, Batch: 570, Acc: 70.84%, Loss: 0.8960
Epoch: 23, Batch: 580, Acc: 70.86%, Loss: 0.8622
Epoch: 23, Batch: 590, Acc: 70.93%, Loss: 0.8502
Epoch: 23, Batch: 600, Acc: 70.96%, Loss: 0.9168
Epoch: 23, Batch: 610, Acc: 70.94%, Loss: 0.9086
Epoch: 23, Batch: 620, Acc: 70.98%, Loss: 0.8848
Epoch: 23, Batch: 630, Acc: 70.97%, Loss: 0.8820
Epoch: 23, Batch: 640, Acc: 71.00%, Loss: 0.8398
Epoch: 23, Batch: 650, Acc: 70.98%, Loss: 0.8733
Epoch: 23, Batch: 660, Acc: 71.01%, Loss: 0.8649
Epoch: 23, Batch: 670, Acc: 71.03%, Loss: 0.9010
Epoch: 23, Batch: 680, Acc: 70.97%, Loss: 0.9818
Epoch: 23, Batch: 690, Acc: 70.96%, Loss: 0.9121
Epoch: 23, Batch: 700, Acc: 71.01%, Loss: 0.8638
Epoch: 23, Batch: 710, Acc: 70.98%, Loss: 0.9306
Epoch: 23, Batch: 720, Acc: 71.07%, Loss: 0.7715
Epoch: 23, Batch: 730, Acc: 71.05%, Loss: 0.8718
Epoch: 23, Batch: 740, Acc: 71.07%, Loss: 0.9175
Epoch: 23, Batch: 750, Acc: 71.04%, Loss: 0.9819
Epoch: 23, Batch: 760, Acc: 71.03%, Loss: 0.9208
Epoch: 23, Batch: 770, Acc: 71.03%, Loss: 0.8640
Epoch: 23, Batch: 780, Acc: 71.00%, Loss: 0.9082
Epoch: 23, Batch: 790, Acc: 71.00%, Loss: 0.9236
Epoch: 23, Batch: 800, Acc: 71.04%, Loss: 0.8147
Epoch: 23, Batch: 810, Acc: 71.07%, Loss: 0.7894
Epoch: 23, Batch: 820, Acc: 71.03%, Loss: 0.9613
Epoch: 23, Batch: 830, Acc: 71.02%, Loss: 0.8865
Epoch: 23, Batch: 840, Acc: 71.03%, Loss: 0.8542
Epoch: 23, Batch: 850, Acc: 71.02%, Loss: 0.9396
Epoch: 23, Batch: 860, Acc: 71.04%, Loss: 0.8940
Epoch: 23, Batch: 870, Acc: 71.04%, Loss: 0.9591
Epoch: 23, Batch: 880, Acc: 71.03%, Loss: 0.8878
Epoch: 23, Batch: 890, Acc: 71.04%, Loss: 0.8527
Epoch: 23, Batch: 900, Acc: 71.03%, Loss: 0.8497
Epoch: 23, Batch: 910, Acc: 71.06%, Loss: 0.8647
Epoch: 23, Batch: 920, Acc: 71.05%, Loss: 0.8938
Epoch: 23, Batch: 930, Acc: 71.06%, Loss: 0.8718
Accuracy on test set: 72.56%
Epoch: 24, Batch: 10, Acc: 70.78%, Loss: 0.9106
Epoch: 24, Batch: 20, Acc: 70.86%, Loss: 0.8699
Epoch: 24, Batch: 30, Acc: 70.89%, Loss: 0.8725
Epoch: 24, Batch: 40, Acc: 70.04%, Loss: 0.9063
Epoch: 24, Batch: 50, Acc: 70.56%, Loss: 0.7956
Epoch: 24, Batch: 60, Acc: 70.86%, Loss: 0.8498
Epoch: 24, Batch: 70, Acc: 70.78%, Loss: 0.8959
Epoch: 24, Batch: 80, Acc: 70.76%, Loss: 0.8695
Epoch: 24, Batch: 90, Acc: 70.89%, Loss: 0.8893
Epoch: 24, Batch: 100, Acc: 70.61%, Loss: 0.9675
Epoch: 24, Batch: 110, Acc: 70.87%, Loss: 0.8822
Epoch: 24, Batch: 120, Acc: 70.94%, Loss: 0.9349
Epoch: 24, Batch: 130, Acc: 70.81%, Loss: 0.8383
Epoch: 24, Batch: 140, Acc: 70.73%, Loss: 0.8932
Epoch: 24, Batch: 150, Acc: 70.72%, Loss: 0.8885
Epoch: 24, Batch: 160, Acc: 70.68%, Loss: 0.9482
Epoch: 24, Batch: 170, Acc: 70.73%, Loss: 0.8797
Epoch: 24, Batch: 180, Acc: 70.67%, Loss: 0.8610
Epoch: 24, Batch: 190, Acc: 70.81%, Loss: 0.8306
Epoch: 24, Batch: 200, Acc: 70.61%, Loss: 0.9658
Epoch: 24, Batch: 210, Acc: 70.58%, Loss: 0.9397
Epoch: 24, Batch: 220, Acc: 70.65%, Loss: 0.8441
Epoch: 24, Batch: 230, Acc: 70.73%, Loss: 0.8959
Epoch: 24, Batch: 240, Acc: 70.82%, Loss: 0.8092
Epoch: 24, Batch: 250, Acc: 70.79%, Loss: 0.9199
Epoch: 24, Batch: 260, Acc: 70.85%, Loss: 0.8446
Epoch: 24, Batch: 270, Acc: 70.87%, Loss: 0.8645
Epoch: 24, Batch: 280, Acc: 70.87%, Loss: 0.8735
Epoch: 24, Batch: 290, Acc: 71.00%, Loss: 0.8296
Epoch: 24, Batch: 300, Acc: 70.96%, Loss: 0.9201
Epoch: 24, Batch: 310, Acc: 71.02%, Loss: 0.8702
Epoch: 24, Batch: 320, Acc: 71.03%, Loss: 0.8902
Epoch: 24, Batch: 330, Acc: 71.08%, Loss: 0.9050
Epoch: 24, Batch: 340, Acc: 71.08%, Loss: 0.9032
Epoch: 24, Batch: 350, Acc: 70.99%, Loss: 1.0110
Epoch: 24, Batch: 360, Acc: 71.02%, Loss: 0.8870
Epoch: 24, Batch: 370, Acc: 70.94%, Loss: 0.9175
Epoch: 24, Batch: 380, Acc: 70.89%, Loss: 0.8928
Epoch: 24, Batch: 390, Acc: 70.91%, Loss: 0.8477
Epoch: 24, Batch: 400, Acc: 70.96%, Loss: 0.8250
Epoch: 24, Batch: 410, Acc: 70.98%, Loss: 0.9387
Epoch: 24, Batch: 420, Acc: 71.02%, Loss: 0.9256
Epoch: 24, Batch: 430, Acc: 71.08%, Loss: 0.9201
Epoch: 24, Batch: 440, Acc: 70.98%, Loss: 0.9924
Epoch: 24, Batch: 450, Acc: 70.93%, Loss: 0.9715
Epoch: 24, Batch: 460, Acc: 70.96%, Loss: 0.8670
Epoch: 24, Batch: 470, Acc: 70.95%, Loss: 0.9118
Epoch: 24, Batch: 480, Acc: 70.85%, Loss: 0.9917
Epoch: 24, Batch: 490, Acc: 70.83%, Loss: 0.9110
Epoch: 24, Batch: 500, Acc: 70.79%, Loss: 0.9101
Epoch: 24, Batch: 510, Acc: 70.83%, Loss: 0.8727
Epoch: 24, Batch: 520, Acc: 70.85%, Loss: 0.8569
Epoch: 24, Batch: 530, Acc: 70.87%, Loss: 0.8349
Epoch: 24, Batch: 540, Acc: 70.87%, Loss: 0.9123
Epoch: 24, Batch: 550, Acc: 70.90%, Loss: 0.9223
Epoch: 24, Batch: 560, Acc: 70.93%, Loss: 0.7875
Epoch: 24, Batch: 570, Acc: 70.90%, Loss: 0.9091
Epoch: 24, Batch: 580, Acc: 70.95%, Loss: 0.9158
Epoch: 24, Batch: 590, Acc: 70.97%, Loss: 0.8719
Epoch: 24, Batch: 600, Acc: 70.95%, Loss: 0.8833
Epoch: 24, Batch: 610, Acc: 70.98%, Loss: 0.8774
Epoch: 24, Batch: 620, Acc: 70.99%, Loss: 0.9440
Epoch: 24, Batch: 630, Acc: 71.03%, Loss: 0.8440
Epoch: 24, Batch: 640, Acc: 71.06%, Loss: 0.8762
Epoch: 24, Batch: 650, Acc: 71.04%, Loss: 0.8889
Epoch: 24, Batch: 660, Acc: 71.05%, Loss: 0.9088
Epoch: 24, Batch: 670, Acc: 71.04%, Loss: 0.8204
Epoch: 24, Batch: 680, Acc: 71.02%, Loss: 0.8986
Epoch: 24, Batch: 690, Acc: 71.03%, Loss: 0.9126
Epoch: 24, Batch: 700, Acc: 71.05%, Loss: 0.8490
Epoch: 24, Batch: 710, Acc: 71.05%, Loss: 0.8238
Epoch: 24, Batch: 720, Acc: 71.02%, Loss: 0.9201
Epoch: 24, Batch: 730, Acc: 70.99%, Loss: 0.8823
Epoch: 24, Batch: 740, Acc: 71.02%, Loss: 0.8550
Epoch: 24, Batch: 750, Acc: 71.02%, Loss: 0.8760
Epoch: 24, Batch: 760, Acc: 71.01%, Loss: 0.9364
Epoch: 24, Batch: 770, Acc: 71.02%, Loss: 0.8878
Epoch: 24, Batch: 780, Acc: 71.02%, Loss: 0.9277
Epoch: 24, Batch: 790, Acc: 71.04%, Loss: 0.8807
Epoch: 24, Batch: 800, Acc: 71.00%, Loss: 0.9138
Epoch: 24, Batch: 810, Acc: 71.02%, Loss: 0.8486
Epoch: 24, Batch: 820, Acc: 71.00%, Loss: 0.9667
Epoch: 24, Batch: 830, Acc: 71.02%, Loss: 0.8912
Epoch: 24, Batch: 840, Acc: 71.03%, Loss: 0.8665
Epoch: 24, Batch: 850, Acc: 71.04%, Loss: 0.8868
Epoch: 24, Batch: 860, Acc: 71.06%, Loss: 0.8274
Epoch: 24, Batch: 870, Acc: 71.06%, Loss: 0.8605
Epoch: 24, Batch: 880, Acc: 71.09%, Loss: 0.8630
Epoch: 24, Batch: 890, Acc: 71.13%, Loss: 0.8108
Epoch: 24, Batch: 900, Acc: 71.11%, Loss: 0.8924
Epoch: 24, Batch: 910, Acc: 71.10%, Loss: 0.9242
Epoch: 24, Batch: 920, Acc: 71.13%, Loss: 0.8960
Epoch: 24, Batch: 930, Acc: 71.11%, Loss: 0.9456
Accuracy on test set: 72.41%
Epoch: 25, Batch: 10, Acc: 72.34%, Loss: 0.8836
Epoch: 25, Batch: 20, Acc: 72.89%, Loss: 0.8704
Epoch: 25, Batch: 30, Acc: 72.24%, Loss: 0.8670
Epoch: 25, Batch: 40, Acc: 71.84%, Loss: 0.9509
Epoch: 25, Batch: 50, Acc: 71.38%, Loss: 0.9362
Epoch: 25, Batch: 60, Acc: 71.09%, Loss: 0.8821
Epoch: 25, Batch: 70, Acc: 71.14%, Loss: 0.8520
Epoch: 25, Batch: 80, Acc: 71.00%, Loss: 0.9124
Epoch: 25, Batch: 90, Acc: 71.16%, Loss: 0.8484
Epoch: 25, Batch: 100, Acc: 71.41%, Loss: 0.8068
Epoch: 25, Batch: 110, Acc: 71.38%, Loss: 0.8533
Epoch: 25, Batch: 120, Acc: 71.34%, Loss: 0.8659
Epoch: 25, Batch: 130, Acc: 71.32%, Loss: 0.9025
Epoch: 25, Batch: 140, Acc: 71.45%, Loss: 0.8579
Epoch: 25, Batch: 150, Acc: 71.24%, Loss: 0.9532
Epoch: 25, Batch: 160, Acc: 71.24%, Loss: 0.8793
Epoch: 25, Batch: 170, Acc: 71.01%, Loss: 0.9344
Epoch: 25, Batch: 180, Acc: 71.01%, Loss: 0.9046
Epoch: 25, Batch: 190, Acc: 71.11%, Loss: 0.8337
Epoch: 25, Batch: 200, Acc: 71.05%, Loss: 0.9365
Epoch: 25, Batch: 210, Acc: 71.08%, Loss: 0.8548
Epoch: 25, Batch: 220, Acc: 71.11%, Loss: 0.9005
Epoch: 25, Batch: 230, Acc: 71.02%, Loss: 0.9229
Epoch: 25, Batch: 240, Acc: 71.11%, Loss: 0.8668
Epoch: 25, Batch: 250, Acc: 71.17%, Loss: 0.8372
Epoch: 25, Batch: 260, Acc: 71.08%, Loss: 0.8838
Epoch: 25, Batch: 270, Acc: 71.06%, Loss: 0.8902
Epoch: 25, Batch: 280, Acc: 71.08%, Loss: 0.8848
Epoch: 25, Batch: 290, Acc: 71.09%, Loss: 0.9083
Epoch: 25, Batch: 300, Acc: 71.20%, Loss: 0.7939
Epoch: 25, Batch: 310, Acc: 71.17%, Loss: 0.8805
Epoch: 25, Batch: 320, Acc: 71.09%, Loss: 0.9862
Epoch: 25, Batch: 330, Acc: 71.17%, Loss: 0.8404
Epoch: 25, Batch: 340, Acc: 71.15%, Loss: 0.9020
Epoch: 25, Batch: 350, Acc: 71.15%, Loss: 0.8444
Epoch: 25, Batch: 360, Acc: 71.15%, Loss: 0.9265
Epoch: 25, Batch: 370, Acc: 71.15%, Loss: 0.8708
Epoch: 25, Batch: 380, Acc: 71.18%, Loss: 0.8927
Epoch: 25, Batch: 390, Acc: 71.19%, Loss: 0.8763
Epoch: 25, Batch: 400, Acc: 71.13%, Loss: 0.9528
Epoch: 25, Batch: 410, Acc: 71.17%, Loss: 0.8074
Epoch: 25, Batch: 420, Acc: 71.24%, Loss: 0.8195
Epoch: 25, Batch: 430, Acc: 71.23%, Loss: 0.8897
Epoch: 25, Batch: 440, Acc: 71.20%, Loss: 0.8838
Epoch: 25, Batch: 450, Acc: 71.14%, Loss: 0.9238
Epoch: 25, Batch: 460, Acc: 71.10%, Loss: 0.9114
Epoch: 25, Batch: 470, Acc: 71.04%, Loss: 1.0118
Epoch: 25, Batch: 480, Acc: 71.04%, Loss: 0.8928
Epoch: 25, Batch: 490, Acc: 71.01%, Loss: 0.9720
Epoch: 25, Batch: 500, Acc: 71.04%, Loss: 0.8350
Epoch: 25, Batch: 510, Acc: 71.02%, Loss: 0.9268
Epoch: 25, Batch: 520, Acc: 70.98%, Loss: 0.9221
Epoch: 25, Batch: 530, Acc: 71.01%, Loss: 0.8540
Epoch: 25, Batch: 540, Acc: 71.03%, Loss: 0.9106
Epoch: 25, Batch: 550, Acc: 70.99%, Loss: 0.9267
Epoch: 25, Batch: 560, Acc: 71.07%, Loss: 0.8443
Epoch: 25, Batch: 570, Acc: 71.07%, Loss: 0.8847
Epoch: 25, Batch: 580, Acc: 71.10%, Loss: 0.8516
Epoch: 25, Batch: 590, Acc: 71.13%, Loss: 0.8668
Epoch: 25, Batch: 600, Acc: 71.14%, Loss: 0.9056
Epoch: 25, Batch: 610, Acc: 71.10%, Loss: 0.9180
Epoch: 25, Batch: 620, Acc: 71.05%, Loss: 0.9312
Epoch: 25, Batch: 630, Acc: 71.05%, Loss: 0.8853
Epoch: 25, Batch: 640, Acc: 71.04%, Loss: 0.9029
Epoch: 25, Batch: 650, Acc: 71.10%, Loss: 0.8162
Epoch: 25, Batch: 660, Acc: 71.09%, Loss: 0.8665
Epoch: 25, Batch: 670, Acc: 71.08%, Loss: 0.8426
Epoch: 25, Batch: 680, Acc: 71.09%, Loss: 0.8719
Epoch: 25, Batch: 690, Acc: 71.10%, Loss: 0.9188
Epoch: 25, Batch: 700, Acc: 71.14%, Loss: 0.8609
Epoch: 25, Batch: 710, Acc: 71.11%, Loss: 0.9226
Epoch: 25, Batch: 720, Acc: 71.17%, Loss: 0.8523
Epoch: 25, Batch: 730, Acc: 71.19%, Loss: 0.8535
Epoch: 25, Batch: 740, Acc: 71.22%, Loss: 0.8103
Epoch: 25, Batch: 750, Acc: 71.20%, Loss: 0.8732
Epoch: 25, Batch: 760, Acc: 71.19%, Loss: 0.8521
Epoch: 25, Batch: 770, Acc: 71.22%, Loss: 0.8509
Epoch: 25, Batch: 780, Acc: 71.22%, Loss: 0.9137
Epoch: 25, Batch: 790, Acc: 71.21%, Loss: 0.9158
Epoch: 25, Batch: 800, Acc: 71.22%, Loss: 0.8544
Epoch: 25, Batch: 810, Acc: 71.23%, Loss: 0.8927
Epoch: 25, Batch: 820, Acc: 71.22%, Loss: 0.9411
Epoch: 25, Batch: 830, Acc: 71.22%, Loss: 0.8916
Epoch: 25, Batch: 840, Acc: 71.19%, Loss: 0.9569
Epoch: 25, Batch: 850, Acc: 71.18%, Loss: 0.8798
Epoch: 25, Batch: 860, Acc: 71.21%, Loss: 0.8859
Epoch: 25, Batch: 870, Acc: 71.20%, Loss: 0.8857
Epoch: 25, Batch: 880, Acc: 71.19%, Loss: 0.9037
Epoch: 25, Batch: 890, Acc: 71.20%, Loss: 0.9200
Epoch: 25, Batch: 900, Acc: 71.21%, Loss: 0.8422
Epoch: 25, Batch: 910, Acc: 71.21%, Loss: 0.8641
Epoch: 25, Batch: 920, Acc: 71.22%, Loss: 0.9323
Epoch: 25, Batch: 930, Acc: 71.22%, Loss: 0.9214
Accuracy on test set: 72.99%
Epoch: 26, Batch: 10, Acc: 72.50%, Loss: 0.8946
Epoch: 26, Batch: 20, Acc: 73.20%, Loss: 0.8121
Epoch: 26, Batch: 30, Acc: 73.28%, Loss: 0.8357
Epoch: 26, Batch: 40, Acc: 73.09%, Loss: 0.8785
Epoch: 26, Batch: 50, Acc: 73.22%, Loss: 0.8370
Epoch: 26, Batch: 60, Acc: 72.97%, Loss: 0.9014
Epoch: 26, Batch: 70, Acc: 72.92%, Loss: 0.8573
Epoch: 26, Batch: 80, Acc: 73.09%, Loss: 0.7966
Epoch: 26, Batch: 90, Acc: 72.92%, Loss: 0.8712
Epoch: 26, Batch: 100, Acc: 72.77%, Loss: 0.8404
Epoch: 26, Batch: 110, Acc: 72.40%, Loss: 0.9779
Epoch: 26, Batch: 120, Acc: 72.14%, Loss: 0.9849
Epoch: 26, Batch: 130, Acc: 72.16%, Loss: 0.7910
Epoch: 26, Batch: 140, Acc: 72.09%, Loss: 0.8659
Epoch: 26, Batch: 150, Acc: 72.11%, Loss: 0.8722
Epoch: 26, Batch: 160, Acc: 72.18%, Loss: 0.8335
Epoch: 26, Batch: 170, Acc: 72.09%, Loss: 0.8591
Epoch: 26, Batch: 180, Acc: 72.03%, Loss: 0.8731
Epoch: 26, Batch: 190, Acc: 72.11%, Loss: 0.8308
Epoch: 26, Batch: 200, Acc: 72.03%, Loss: 0.8952
Epoch: 26, Batch: 210, Acc: 71.99%, Loss: 0.9447
Epoch: 26, Batch: 220, Acc: 72.02%, Loss: 0.8571
Epoch: 26, Batch: 230, Acc: 71.94%, Loss: 0.9042
Epoch: 26, Batch: 240, Acc: 71.94%, Loss: 0.9009
Epoch: 26, Batch: 250, Acc: 71.93%, Loss: 0.8716
Epoch: 26, Batch: 260, Acc: 71.90%, Loss: 0.8963
Epoch: 26, Batch: 270, Acc: 71.78%, Loss: 0.9392
Epoch: 26, Batch: 280, Acc: 71.73%, Loss: 0.8802
Epoch: 26, Batch: 290, Acc: 71.63%, Loss: 0.9499
Epoch: 26, Batch: 300, Acc: 71.59%, Loss: 0.9171
Epoch: 26, Batch: 310, Acc: 71.57%, Loss: 0.8920
Epoch: 26, Batch: 320, Acc: 71.65%, Loss: 0.8348
Epoch: 26, Batch: 330, Acc: 71.58%, Loss: 0.8967
Epoch: 26, Batch: 340, Acc: 71.51%, Loss: 0.9420
Epoch: 26, Batch: 350, Acc: 71.54%, Loss: 0.8850
Epoch: 26, Batch: 360, Acc: 71.52%, Loss: 0.8899
Epoch: 26, Batch: 370, Acc: 71.52%, Loss: 0.9026
Epoch: 26, Batch: 380, Acc: 71.48%, Loss: 0.9367
Epoch: 26, Batch: 390, Acc: 71.50%, Loss: 0.8791
Epoch: 26, Batch: 400, Acc: 71.55%, Loss: 0.8658
Epoch: 26, Batch: 410, Acc: 71.57%, Loss: 0.9003
Epoch: 26, Batch: 420, Acc: 71.49%, Loss: 0.9866
Epoch: 26, Batch: 430, Acc: 71.47%, Loss: 0.8486
Epoch: 26, Batch: 440, Acc: 71.47%, Loss: 0.8503
Epoch: 26, Batch: 450, Acc: 71.42%, Loss: 0.8781
Epoch: 26, Batch: 460, Acc: 71.44%, Loss: 0.9033
Epoch: 26, Batch: 470, Acc: 71.45%, Loss: 0.9051
Epoch: 26, Batch: 480, Acc: 71.46%, Loss: 0.8664
Epoch: 26, Batch: 490, Acc: 71.53%, Loss: 0.8145
Epoch: 26, Batch: 500, Acc: 71.54%, Loss: 0.8248
Epoch: 26, Batch: 510, Acc: 71.48%, Loss: 0.9912
Epoch: 26, Batch: 520, Acc: 71.44%, Loss: 0.8946
Epoch: 26, Batch: 530, Acc: 71.41%, Loss: 0.9196
Epoch: 26, Batch: 540, Acc: 71.41%, Loss: 0.8970
Epoch: 26, Batch: 550, Acc: 71.38%, Loss: 0.8971
Epoch: 26, Batch: 560, Acc: 71.38%, Loss: 0.8697
Epoch: 26, Batch: 570, Acc: 71.42%, Loss: 0.8112
Epoch: 26, Batch: 580, Acc: 71.41%, Loss: 0.8767
Epoch: 26, Batch: 590, Acc: 71.41%, Loss: 0.8702
Epoch: 26, Batch: 600, Acc: 71.38%, Loss: 0.8672
Epoch: 26, Batch: 610, Acc: 71.43%, Loss: 0.8145
Epoch: 26, Batch: 620, Acc: 71.42%, Loss: 0.8678
Epoch: 26, Batch: 630, Acc: 71.40%, Loss: 0.9008
Epoch: 26, Batch: 640, Acc: 71.37%, Loss: 0.9256
Epoch: 26, Batch: 650, Acc: 71.36%, Loss: 0.9164
Epoch: 26, Batch: 660, Acc: 71.38%, Loss: 0.9350
Epoch: 26, Batch: 670, Acc: 71.38%, Loss: 0.8650
Epoch: 26, Batch: 680, Acc: 71.41%, Loss: 0.7862
Epoch: 26, Batch: 690, Acc: 71.45%, Loss: 0.8264
Epoch: 26, Batch: 700, Acc: 71.47%, Loss: 0.8811
Epoch: 26, Batch: 710, Acc: 71.43%, Loss: 0.9024
Epoch: 26, Batch: 720, Acc: 71.42%, Loss: 0.8721
Epoch: 26, Batch: 730, Acc: 71.44%, Loss: 0.8466
Epoch: 26, Batch: 740, Acc: 71.44%, Loss: 0.8642
Epoch: 26, Batch: 750, Acc: 71.42%, Loss: 0.8890
Epoch: 26, Batch: 760, Acc: 71.41%, Loss: 0.8736
Epoch: 26, Batch: 770, Acc: 71.45%, Loss: 0.8535
Epoch: 26, Batch: 780, Acc: 71.43%, Loss: 0.8675
Epoch: 26, Batch: 790, Acc: 71.43%, Loss: 0.8531
Epoch: 26, Batch: 800, Acc: 71.38%, Loss: 0.9406
Epoch: 26, Batch: 810, Acc: 71.39%, Loss: 0.9145
Epoch: 26, Batch: 820, Acc: 71.38%, Loss: 0.9260
Epoch: 26, Batch: 830, Acc: 71.34%, Loss: 0.9764
Epoch: 26, Batch: 840, Acc: 71.34%, Loss: 0.8838
Epoch: 26, Batch: 850, Acc: 71.30%, Loss: 0.9563
Epoch: 26, Batch: 860, Acc: 71.36%, Loss: 0.8361
Epoch: 26, Batch: 870, Acc: 71.34%, Loss: 0.8965
Epoch: 26, Batch: 880, Acc: 71.33%, Loss: 0.8878
Epoch: 26, Batch: 890, Acc: 71.34%, Loss: 0.9029
Epoch: 26, Batch: 900, Acc: 71.36%, Loss: 0.8432
Epoch: 26, Batch: 910, Acc: 71.36%, Loss: 0.8889
Epoch: 26, Batch: 920, Acc: 71.35%, Loss: 0.8974
Epoch: 26, Batch: 930, Acc: 71.33%, Loss: 0.9420
Accuracy on test set: 73.04%
Epoch: 27, Batch: 10, Acc: 69.22%, Loss: 0.8970
Epoch: 27, Batch: 20, Acc: 71.33%, Loss: 0.8732
Epoch: 27, Batch: 30, Acc: 71.72%, Loss: 0.8770
Epoch: 27, Batch: 40, Acc: 72.23%, Loss: 0.8829
Epoch: 27, Batch: 50, Acc: 71.69%, Loss: 0.9132
Epoch: 27, Batch: 60, Acc: 71.69%, Loss: 0.8588
Epoch: 27, Batch: 70, Acc: 71.56%, Loss: 0.8731
Epoch: 27, Batch: 80, Acc: 71.66%, Loss: 0.8585
Epoch: 27, Batch: 90, Acc: 71.88%, Loss: 0.8498
Epoch: 27, Batch: 100, Acc: 71.58%, Loss: 0.9361
Epoch: 27, Batch: 110, Acc: 71.41%, Loss: 0.9245
Epoch: 27, Batch: 120, Acc: 71.28%, Loss: 0.9249
Epoch: 27, Batch: 130, Acc: 71.37%, Loss: 0.8911
Epoch: 27, Batch: 140, Acc: 71.55%, Loss: 0.8547
Epoch: 27, Batch: 150, Acc: 71.54%, Loss: 0.9379
Epoch: 27, Batch: 160, Acc: 71.48%, Loss: 0.9038
Epoch: 27, Batch: 170, Acc: 71.46%, Loss: 0.8703
Epoch: 27, Batch: 180, Acc: 71.43%, Loss: 0.9553
Epoch: 27, Batch: 190, Acc: 71.36%, Loss: 0.9236
Epoch: 27, Batch: 200, Acc: 71.19%, Loss: 0.9395
Epoch: 27, Batch: 210, Acc: 71.21%, Loss: 0.8509
Epoch: 27, Batch: 220, Acc: 71.14%, Loss: 0.9123
Epoch: 27, Batch: 230, Acc: 71.24%, Loss: 0.8327
Epoch: 27, Batch: 240, Acc: 71.20%, Loss: 0.8841
Epoch: 27, Batch: 250, Acc: 71.17%, Loss: 0.8973
Epoch: 27, Batch: 260, Acc: 71.12%, Loss: 0.8751
Epoch: 27, Batch: 270, Acc: 70.98%, Loss: 0.8935
Epoch: 27, Batch: 280, Acc: 71.06%, Loss: 0.8393
Epoch: 27, Batch: 290, Acc: 71.06%, Loss: 0.8671
Epoch: 27, Batch: 300, Acc: 71.03%, Loss: 0.9515
Epoch: 27, Batch: 310, Acc: 71.10%, Loss: 0.8323
Epoch: 27, Batch: 320, Acc: 71.23%, Loss: 0.8358
Epoch: 27, Batch: 330, Acc: 71.25%, Loss: 0.8550
Epoch: 27, Batch: 340, Acc: 71.29%, Loss: 0.8939
Epoch: 27, Batch: 350, Acc: 71.25%, Loss: 0.9368
Epoch: 27, Batch: 360, Acc: 71.22%, Loss: 0.8549
Epoch: 27, Batch: 370, Acc: 71.30%, Loss: 0.8384
Epoch: 27, Batch: 380, Acc: 71.26%, Loss: 0.9063
Epoch: 27, Batch: 390, Acc: 71.23%, Loss: 0.8647
Epoch: 27, Batch: 400, Acc: 71.14%, Loss: 0.9015
Epoch: 27, Batch: 410, Acc: 71.11%, Loss: 0.9269
Epoch: 27, Batch: 420, Acc: 71.08%, Loss: 0.8993
Epoch: 27, Batch: 430, Acc: 71.08%, Loss: 0.8459
Epoch: 27, Batch: 440, Acc: 71.08%, Loss: 0.9018
Epoch: 27, Batch: 450, Acc: 71.03%, Loss: 0.9419
Epoch: 27, Batch: 460, Acc: 71.06%, Loss: 0.8314
Epoch: 27, Batch: 470, Acc: 71.05%, Loss: 0.8878
Epoch: 27, Batch: 480, Acc: 71.17%, Loss: 0.7684
Epoch: 27, Batch: 490, Acc: 71.14%, Loss: 0.8830
Epoch: 27, Batch: 500, Acc: 71.13%, Loss: 0.8957
Epoch: 27, Batch: 510, Acc: 71.18%, Loss: 0.8735
Epoch: 27, Batch: 520, Acc: 71.12%, Loss: 0.8991
Epoch: 27, Batch: 530, Acc: 71.11%, Loss: 0.8856
Epoch: 27, Batch: 540, Acc: 71.06%, Loss: 0.9520
Epoch: 27, Batch: 550, Acc: 71.01%, Loss: 0.8981
Epoch: 27, Batch: 560, Acc: 71.06%, Loss: 0.8691
Epoch: 27, Batch: 570, Acc: 71.08%, Loss: 0.8837
Epoch: 27, Batch: 580, Acc: 71.06%, Loss: 0.8985
Epoch: 27, Batch: 590, Acc: 71.12%, Loss: 0.7912
Epoch: 27, Batch: 600, Acc: 71.11%, Loss: 0.8787
Epoch: 27, Batch: 610, Acc: 71.11%, Loss: 0.8925
Epoch: 27, Batch: 620, Acc: 71.15%, Loss: 0.8566
Epoch: 27, Batch: 630, Acc: 71.19%, Loss: 0.8724
Epoch: 27, Batch: 640, Acc: 71.21%, Loss: 0.8478
Epoch: 27, Batch: 650, Acc: 71.18%, Loss: 0.9420
Epoch: 27, Batch: 660, Acc: 71.18%, Loss: 0.8820
Epoch: 27, Batch: 670, Acc: 71.21%, Loss: 0.8249
Epoch: 27, Batch: 680, Acc: 71.20%, Loss: 0.8983
Epoch: 27, Batch: 690, Acc: 71.19%, Loss: 0.9101
Epoch: 27, Batch: 700, Acc: 71.28%, Loss: 0.7720
Epoch: 27, Batch: 710, Acc: 71.28%, Loss: 0.8622
Epoch: 27, Batch: 720, Acc: 71.36%, Loss: 0.7797
Epoch: 27, Batch: 730, Acc: 71.37%, Loss: 0.9041
Epoch: 27, Batch: 740, Acc: 71.36%, Loss: 0.9146
Epoch: 27, Batch: 750, Acc: 71.39%, Loss: 0.8299
Epoch: 27, Batch: 760, Acc: 71.37%, Loss: 0.8881
Epoch: 27, Batch: 770, Acc: 71.39%, Loss: 0.8901
Epoch: 27, Batch: 780, Acc: 71.39%, Loss: 0.8958
Epoch: 27, Batch: 790, Acc: 71.35%, Loss: 0.9551
Epoch: 27, Batch: 800, Acc: 71.38%, Loss: 0.7989
Epoch: 27, Batch: 810, Acc: 71.34%, Loss: 0.9659
Epoch: 27, Batch: 820, Acc: 71.34%, Loss: 0.9025
Epoch: 27, Batch: 830, Acc: 71.37%, Loss: 0.8453
Epoch: 27, Batch: 840, Acc: 71.35%, Loss: 0.9031
Epoch: 27, Batch: 850, Acc: 71.37%, Loss: 0.8537
Epoch: 27, Batch: 860, Acc: 71.40%, Loss: 0.8569
Epoch: 27, Batch: 870, Acc: 71.40%, Loss: 0.8469
Epoch: 27, Batch: 880, Acc: 71.40%, Loss: 0.8579
Epoch: 27, Batch: 890, Acc: 71.39%, Loss: 0.8817
Epoch: 27, Batch: 900, Acc: 71.40%, Loss: 0.8799
Epoch: 27, Batch: 910, Acc: 71.40%, Loss: 0.8549
Epoch: 27, Batch: 920, Acc: 71.41%, Loss: 0.8517
Epoch: 27, Batch: 930, Acc: 71.41%, Loss: 0.8918
Accuracy on test set: 72.96%
Epoch: 28, Batch: 10, Acc: 72.34%, Loss: 0.9025
Epoch: 28, Batch: 20, Acc: 70.94%, Loss: 0.9142
Epoch: 28, Batch: 30, Acc: 71.09%, Loss: 0.8078
Epoch: 28, Batch: 40, Acc: 71.33%, Loss: 0.8418
Epoch: 28, Batch: 50, Acc: 71.47%, Loss: 0.8449
Epoch: 28, Batch: 60, Acc: 71.25%, Loss: 0.9127
Epoch: 28, Batch: 70, Acc: 71.50%, Loss: 0.8787
Epoch: 28, Batch: 80, Acc: 71.48%, Loss: 0.8851
Epoch: 28, Batch: 90, Acc: 71.39%, Loss: 0.8657
Epoch: 28, Batch: 100, Acc: 71.22%, Loss: 0.8641
Epoch: 28, Batch: 110, Acc: 71.31%, Loss: 0.8761
Epoch: 28, Batch: 120, Acc: 71.24%, Loss: 0.9176
Epoch: 28, Batch: 130, Acc: 71.35%, Loss: 0.8202
Epoch: 28, Batch: 140, Acc: 71.35%, Loss: 0.8597
Epoch: 28, Batch: 150, Acc: 71.33%, Loss: 0.8593
Epoch: 28, Batch: 160, Acc: 71.47%, Loss: 0.7966
Epoch: 28, Batch: 170, Acc: 71.51%, Loss: 0.8909
Epoch: 28, Batch: 180, Acc: 71.53%, Loss: 0.8793
Epoch: 28, Batch: 190, Acc: 71.59%, Loss: 0.8872
Epoch: 28, Batch: 200, Acc: 71.69%, Loss: 0.8500
Epoch: 28, Batch: 210, Acc: 71.83%, Loss: 0.7887
Epoch: 28, Batch: 220, Acc: 71.86%, Loss: 0.8181
Epoch: 28, Batch: 230, Acc: 71.80%, Loss: 0.8858
Epoch: 28, Batch: 240, Acc: 71.80%, Loss: 0.8328
Epoch: 28, Batch: 250, Acc: 71.82%, Loss: 0.8623
Epoch: 28, Batch: 260, Acc: 71.86%, Loss: 0.8354
Epoch: 28, Batch: 270, Acc: 71.86%, Loss: 0.8826
Epoch: 28, Batch: 280, Acc: 71.81%, Loss: 0.8982
Epoch: 28, Batch: 290, Acc: 71.80%, Loss: 0.8774
Epoch: 28, Batch: 300, Acc: 71.82%, Loss: 0.9177
Epoch: 28, Batch: 310, Acc: 71.89%, Loss: 0.9060
Epoch: 28, Batch: 320, Acc: 71.89%, Loss: 0.9074
Epoch: 28, Batch: 330, Acc: 71.92%, Loss: 0.8338
Epoch: 28, Batch: 340, Acc: 71.86%, Loss: 0.9231
Epoch: 28, Batch: 350, Acc: 71.89%, Loss: 0.8689
Epoch: 28, Batch: 360, Acc: 71.80%, Loss: 0.8985
Epoch: 28, Batch: 370, Acc: 71.91%, Loss: 0.7973
Epoch: 28, Batch: 380, Acc: 71.93%, Loss: 0.8983
Epoch: 28, Batch: 390, Acc: 71.94%, Loss: 0.8654
Epoch: 28, Batch: 400, Acc: 71.94%, Loss: 0.9116
Epoch: 28, Batch: 410, Acc: 71.93%, Loss: 0.8746
Epoch: 28, Batch: 420, Acc: 71.90%, Loss: 0.8603
Epoch: 28, Batch: 430, Acc: 71.91%, Loss: 0.8680
Epoch: 28, Batch: 440, Acc: 71.93%, Loss: 0.8752
Epoch: 28, Batch: 450, Acc: 71.86%, Loss: 0.9518
Epoch: 28, Batch: 460, Acc: 71.81%, Loss: 0.9039
Epoch: 28, Batch: 470, Acc: 71.79%, Loss: 0.8582
Epoch: 28, Batch: 480, Acc: 71.75%, Loss: 0.9119
Epoch: 28, Batch: 490, Acc: 71.74%, Loss: 0.8735
Epoch: 28, Batch: 500, Acc: 71.73%, Loss: 0.9337
Epoch: 28, Batch: 510, Acc: 71.68%, Loss: 0.8941
Epoch: 28, Batch: 520, Acc: 71.68%, Loss: 0.8782
Epoch: 28, Batch: 530, Acc: 71.60%, Loss: 0.9689
Epoch: 28, Batch: 540, Acc: 71.60%, Loss: 0.8527
Epoch: 28, Batch: 550, Acc: 71.63%, Loss: 0.8597
Epoch: 28, Batch: 560, Acc: 71.66%, Loss: 0.8573
Epoch: 28, Batch: 570, Acc: 71.63%, Loss: 0.9135
Epoch: 28, Batch: 580, Acc: 71.59%, Loss: 0.8777
Epoch: 28, Batch: 590, Acc: 71.66%, Loss: 0.8100
Epoch: 28, Batch: 600, Acc: 71.66%, Loss: 0.8634
Epoch: 28, Batch: 610, Acc: 71.71%, Loss: 0.8386
Epoch: 28, Batch: 620, Acc: 71.70%, Loss: 0.8519
Epoch: 28, Batch: 630, Acc: 71.66%, Loss: 0.9367
Epoch: 28, Batch: 640, Acc: 71.69%, Loss: 0.8382
Epoch: 28, Batch: 650, Acc: 71.67%, Loss: 0.8610
Epoch: 28, Batch: 660, Acc: 71.70%, Loss: 0.8885
Epoch: 28, Batch: 670, Acc: 71.71%, Loss: 0.9168
Epoch: 28, Batch: 680, Acc: 71.72%, Loss: 0.8502
Epoch: 28, Batch: 690, Acc: 71.77%, Loss: 0.8375
Epoch: 28, Batch: 700, Acc: 71.72%, Loss: 0.9074
Epoch: 28, Batch: 710, Acc: 71.76%, Loss: 0.8873
Epoch: 28, Batch: 720, Acc: 71.76%, Loss: 0.9068
Epoch: 28, Batch: 730, Acc: 71.78%, Loss: 0.8269
Epoch: 28, Batch: 740, Acc: 71.80%, Loss: 0.9242
Epoch: 28, Batch: 750, Acc: 71.82%, Loss: 0.8547
Epoch: 28, Batch: 760, Acc: 71.79%, Loss: 0.9179
Epoch: 28, Batch: 770, Acc: 71.76%, Loss: 0.8841
Epoch: 28, Batch: 780, Acc: 71.78%, Loss: 0.8586
Epoch: 28, Batch: 790, Acc: 71.78%, Loss: 0.8667
Epoch: 28, Batch: 800, Acc: 71.75%, Loss: 0.9434
Epoch: 28, Batch: 810, Acc: 71.73%, Loss: 0.8874
Epoch: 28, Batch: 820, Acc: 71.72%, Loss: 0.9669
Epoch: 28, Batch: 830, Acc: 71.75%, Loss: 0.8311
Epoch: 28, Batch: 840, Acc: 71.74%, Loss: 0.8922
Epoch: 28, Batch: 850, Acc: 71.78%, Loss: 0.8242
Epoch: 28, Batch: 860, Acc: 71.75%, Loss: 0.9146
Epoch: 28, Batch: 870, Acc: 71.76%, Loss: 0.8593
Epoch: 28, Batch: 880, Acc: 71.75%, Loss: 0.8671
Epoch: 28, Batch: 890, Acc: 71.72%, Loss: 0.9853
Epoch: 28, Batch: 900, Acc: 71.68%, Loss: 0.9247
Epoch: 28, Batch: 910, Acc: 71.69%, Loss: 0.8454
Epoch: 28, Batch: 920, Acc: 71.65%, Loss: 0.9737
Epoch: 28, Batch: 930, Acc: 71.66%, Loss: 0.8667
Accuracy on test set: 72.70%
Epoch: 29, Batch: 10, Acc: 72.50%, Loss: 0.8540
Epoch: 29, Batch: 20, Acc: 71.95%, Loss: 0.8772
Epoch: 29, Batch: 30, Acc: 72.29%, Loss: 0.9355
Epoch: 29, Batch: 40, Acc: 71.05%, Loss: 0.9568
Epoch: 29, Batch: 50, Acc: 70.50%, Loss: 0.9422
Epoch: 29, Batch: 60, Acc: 70.55%, Loss: 0.8867
Epoch: 29, Batch: 70, Acc: 70.92%, Loss: 0.8975
Epoch: 29, Batch: 80, Acc: 71.27%, Loss: 0.8888
Epoch: 29, Batch: 90, Acc: 71.63%, Loss: 0.8668
Epoch: 29, Batch: 100, Acc: 71.84%, Loss: 0.8110
Epoch: 29, Batch: 110, Acc: 71.82%, Loss: 0.8519
Epoch: 29, Batch: 120, Acc: 72.03%, Loss: 0.8052
Epoch: 29, Batch: 130, Acc: 72.16%, Loss: 0.8168
Epoch: 29, Batch: 140, Acc: 72.18%, Loss: 0.8722
Epoch: 29, Batch: 150, Acc: 71.99%, Loss: 0.9343
Epoch: 29, Batch: 160, Acc: 71.96%, Loss: 0.9020
Epoch: 29, Batch: 170, Acc: 72.05%, Loss: 0.8499
Epoch: 29, Batch: 180, Acc: 72.03%, Loss: 0.8809
Epoch: 29, Batch: 190, Acc: 72.01%, Loss: 0.8268
Epoch: 29, Batch: 200, Acc: 71.97%, Loss: 0.8420
Epoch: 29, Batch: 210, Acc: 71.85%, Loss: 0.9343
Epoch: 29, Batch: 220, Acc: 71.74%, Loss: 0.9298
Epoch: 29, Batch: 230, Acc: 71.60%, Loss: 0.8972
Epoch: 29, Batch: 240, Acc: 71.52%, Loss: 0.9367
Epoch: 29, Batch: 250, Acc: 71.57%, Loss: 0.8271
Epoch: 29, Batch: 260, Acc: 71.51%, Loss: 0.9585
Epoch: 29, Batch: 270, Acc: 71.47%, Loss: 0.8652
Epoch: 29, Batch: 280, Acc: 71.51%, Loss: 0.9018
Epoch: 29, Batch: 290, Acc: 71.60%, Loss: 0.8221
Epoch: 29, Batch: 300, Acc: 71.65%, Loss: 0.8830
Epoch: 29, Batch: 310, Acc: 71.67%, Loss: 0.8225
Epoch: 29, Batch: 320, Acc: 71.69%, Loss: 0.8706
Epoch: 29, Batch: 330, Acc: 71.70%, Loss: 0.8625
Epoch: 29, Batch: 340, Acc: 71.73%, Loss: 0.8546
Epoch: 29, Batch: 350, Acc: 71.73%, Loss: 0.8824
Epoch: 29, Batch: 360, Acc: 71.77%, Loss: 0.8583
Epoch: 29, Batch: 370, Acc: 71.73%, Loss: 0.8976
Epoch: 29, Batch: 380, Acc: 71.77%, Loss: 0.8233
Epoch: 29, Batch: 390, Acc: 71.79%, Loss: 0.8220
Epoch: 29, Batch: 400, Acc: 71.82%, Loss: 0.8817
Epoch: 29, Batch: 410, Acc: 71.81%, Loss: 0.8744
Epoch: 29, Batch: 420, Acc: 71.82%, Loss: 0.8437
Epoch: 29, Batch: 430, Acc: 71.77%, Loss: 0.8979
Epoch: 29, Batch: 440, Acc: 71.70%, Loss: 0.8851
Epoch: 29, Batch: 450, Acc: 71.62%, Loss: 1.0057
Epoch: 29, Batch: 460, Acc: 71.57%, Loss: 0.9411
Epoch: 29, Batch: 470, Acc: 71.52%, Loss: 0.9037
Epoch: 29, Batch: 480, Acc: 71.53%, Loss: 0.8705
Epoch: 29, Batch: 490, Acc: 71.56%, Loss: 0.8589
Epoch: 29, Batch: 500, Acc: 71.57%, Loss: 0.8580
Epoch: 29, Batch: 510, Acc: 71.57%, Loss: 0.8809
Epoch: 29, Batch: 520, Acc: 71.51%, Loss: 0.9522
Epoch: 29, Batch: 530, Acc: 71.52%, Loss: 0.8509
Epoch: 29, Batch: 540, Acc: 71.48%, Loss: 0.9557
Epoch: 29, Batch: 550, Acc: 71.44%, Loss: 0.8784
Epoch: 29, Batch: 560, Acc: 71.46%, Loss: 0.8640
Epoch: 29, Batch: 570, Acc: 71.44%, Loss: 0.8806
Epoch: 29, Batch: 580, Acc: 71.44%, Loss: 0.8592
Epoch: 29, Batch: 590, Acc: 71.43%, Loss: 0.8445
Epoch: 29, Batch: 600, Acc: 71.49%, Loss: 0.8259
Epoch: 29, Batch: 610, Acc: 71.54%, Loss: 0.8543
Epoch: 29, Batch: 620, Acc: 71.50%, Loss: 0.8736
Epoch: 29, Batch: 630, Acc: 71.48%, Loss: 0.8574
Epoch: 29, Batch: 640, Acc: 71.51%, Loss: 0.8145
Epoch: 29, Batch: 650, Acc: 71.50%, Loss: 0.8605
Epoch: 29, Batch: 660, Acc: 71.51%, Loss: 0.8504
Epoch: 29, Batch: 670, Acc: 71.51%, Loss: 0.8981
Epoch: 29, Batch: 680, Acc: 71.50%, Loss: 0.9099
Epoch: 29, Batch: 690, Acc: 71.48%, Loss: 0.9315
Epoch: 29, Batch: 700, Acc: 71.52%, Loss: 0.8198
Epoch: 29, Batch: 710, Acc: 71.52%, Loss: 0.8831
Epoch: 29, Batch: 720, Acc: 71.53%, Loss: 0.9259
Epoch: 29, Batch: 730, Acc: 71.56%, Loss: 0.8694
Epoch: 29, Batch: 740, Acc: 71.52%, Loss: 0.9451
Epoch: 29, Batch: 750, Acc: 71.51%, Loss: 0.8633
Epoch: 29, Batch: 760, Acc: 71.51%, Loss: 0.8490
Epoch: 29, Batch: 770, Acc: 71.52%, Loss: 0.8201
Epoch: 29, Batch: 780, Acc: 71.52%, Loss: 0.8505
Epoch: 29, Batch: 790, Acc: 71.50%, Loss: 0.9331
Epoch: 29, Batch: 800, Acc: 71.54%, Loss: 0.7991
Epoch: 29, Batch: 810, Acc: 71.51%, Loss: 0.9583
Epoch: 29, Batch: 820, Acc: 71.52%, Loss: 0.9152
Epoch: 29, Batch: 830, Acc: 71.55%, Loss: 0.8341
Epoch: 29, Batch: 840, Acc: 71.58%, Loss: 0.8133
Epoch: 29, Batch: 850, Acc: 71.56%, Loss: 0.8634
Epoch: 29, Batch: 860, Acc: 71.57%, Loss: 0.8998
Epoch: 29, Batch: 870, Acc: 71.58%, Loss: 0.8257
Epoch: 29, Batch: 880, Acc: 71.61%, Loss: 0.8732
Epoch: 29, Batch: 890, Acc: 71.63%, Loss: 0.9244
Epoch: 29, Batch: 900, Acc: 71.65%, Loss: 0.8731
Epoch: 29, Batch: 910, Acc: 71.67%, Loss: 0.8715
Epoch: 29, Batch: 920, Acc: 71.70%, Loss: 0.8424
Epoch: 29, Batch: 930, Acc: 71.68%, Loss: 0.8546
Accuracy on test set: 73.09%
Epoch: 30, Batch: 10, Acc: 73.28%, Loss: 0.8643
Epoch: 30, Batch: 20, Acc: 73.52%, Loss: 0.8191
Epoch: 30, Batch: 30, Acc: 72.81%, Loss: 0.8443
Epoch: 30, Batch: 40, Acc: 71.72%, Loss: 0.9672
Epoch: 30, Batch: 50, Acc: 71.78%, Loss: 0.8658
Epoch: 30, Batch: 60, Acc: 72.06%, Loss: 0.8299
Epoch: 30, Batch: 70, Acc: 71.81%, Loss: 0.9106
Epoch: 30, Batch: 80, Acc: 71.39%, Loss: 0.9346
Epoch: 30, Batch: 90, Acc: 70.89%, Loss: 0.9356
Epoch: 30, Batch: 100, Acc: 71.12%, Loss: 0.8567
Epoch: 30, Batch: 110, Acc: 71.14%, Loss: 0.8857
Epoch: 30, Batch: 120, Acc: 71.21%, Loss: 0.8711
Epoch: 30, Batch: 130, Acc: 71.09%, Loss: 0.8232
Epoch: 30, Batch: 140, Acc: 71.06%, Loss: 0.9397
Epoch: 30, Batch: 150, Acc: 71.08%, Loss: 0.8938
Epoch: 30, Batch: 160, Acc: 71.10%, Loss: 0.8778
Epoch: 30, Batch: 170, Acc: 71.10%, Loss: 0.8563
Epoch: 30, Batch: 180, Acc: 71.02%, Loss: 0.8596
Epoch: 30, Batch: 190, Acc: 71.01%, Loss: 0.9188
Epoch: 30, Batch: 200, Acc: 70.96%, Loss: 0.8983
Epoch: 30, Batch: 210, Acc: 70.97%, Loss: 0.9004
Epoch: 30, Batch: 220, Acc: 70.94%, Loss: 0.8409
Epoch: 30, Batch: 230, Acc: 70.99%, Loss: 0.8832
Epoch: 30, Batch: 240, Acc: 71.13%, Loss: 0.8554
Epoch: 30, Batch: 250, Acc: 71.03%, Loss: 0.9834
Epoch: 30, Batch: 260, Acc: 71.10%, Loss: 0.8980
Epoch: 30, Batch: 270, Acc: 71.21%, Loss: 0.8542
Epoch: 30, Batch: 280, Acc: 71.12%, Loss: 0.9059
Epoch: 30, Batch: 290, Acc: 71.17%, Loss: 0.8107
Epoch: 30, Batch: 300, Acc: 71.22%, Loss: 0.8441
Epoch: 30, Batch: 310, Acc: 71.16%, Loss: 0.9201
Epoch: 30, Batch: 320, Acc: 71.07%, Loss: 0.8567
Epoch: 30, Batch: 330, Acc: 71.05%, Loss: 0.9375
Epoch: 30, Batch: 340, Acc: 71.14%, Loss: 0.8628
Epoch: 30, Batch: 350, Acc: 71.11%, Loss: 0.8363
Epoch: 30, Batch: 360, Acc: 71.15%, Loss: 0.8541
Epoch: 30, Batch: 370, Acc: 71.15%, Loss: 0.8558
Epoch: 30, Batch: 380, Acc: 71.18%, Loss: 0.8592
Epoch: 30, Batch: 390, Acc: 71.15%, Loss: 0.8905
Epoch: 30, Batch: 400, Acc: 71.22%, Loss: 0.8325
Epoch: 30, Batch: 410, Acc: 71.16%, Loss: 0.9448
Epoch: 30, Batch: 420, Acc: 71.21%, Loss: 0.8234
Epoch: 30, Batch: 430, Acc: 71.20%, Loss: 0.8398
Epoch: 30, Batch: 440, Acc: 71.29%, Loss: 0.8092
Epoch: 30, Batch: 450, Acc: 71.34%, Loss: 0.8473
Epoch: 30, Batch: 460, Acc: 71.30%, Loss: 0.9294
Epoch: 30, Batch: 470, Acc: 71.31%, Loss: 0.8766
Epoch: 30, Batch: 480, Acc: 71.39%, Loss: 0.8044
Epoch: 30, Batch: 490, Acc: 71.37%, Loss: 0.9107
Epoch: 30, Batch: 500, Acc: 71.42%, Loss: 0.7891
Epoch: 30, Batch: 510, Acc: 71.49%, Loss: 0.8251
Epoch: 30, Batch: 520, Acc: 71.51%, Loss: 0.8868
Epoch: 30, Batch: 530, Acc: 71.56%, Loss: 0.8401
Epoch: 30, Batch: 540, Acc: 71.50%, Loss: 0.9181
Epoch: 30, Batch: 550, Acc: 71.51%, Loss: 0.8271
Epoch: 30, Batch: 560, Acc: 71.53%, Loss: 0.8107
Epoch: 30, Batch: 570, Acc: 71.57%, Loss: 0.8564
Epoch: 30, Batch: 580, Acc: 71.62%, Loss: 0.8964
Epoch: 30, Batch: 590, Acc: 71.55%, Loss: 0.9719
Epoch: 30, Batch: 600, Acc: 71.58%, Loss: 0.8338
Epoch: 30, Batch: 610, Acc: 71.59%, Loss: 0.8321
Epoch: 30, Batch: 620, Acc: 71.57%, Loss: 0.9254
Epoch: 30, Batch: 630, Acc: 71.56%, Loss: 0.8538
Epoch: 30, Batch: 640, Acc: 71.48%, Loss: 0.9312
Epoch: 30, Batch: 650, Acc: 71.54%, Loss: 0.8035
Epoch: 30, Batch: 660, Acc: 71.52%, Loss: 0.8775
Epoch: 30, Batch: 670, Acc: 71.50%, Loss: 0.9539
Epoch: 30, Batch: 680, Acc: 71.47%, Loss: 0.8817
Epoch: 30, Batch: 690, Acc: 71.49%, Loss: 0.8148
Epoch: 30, Batch: 700, Acc: 71.50%, Loss: 0.8766
Epoch: 30, Batch: 710, Acc: 71.51%, Loss: 0.8852
Epoch: 30, Batch: 720, Acc: 71.47%, Loss: 0.9231
Epoch: 30, Batch: 730, Acc: 71.47%, Loss: 0.9071
Epoch: 30, Batch: 740, Acc: 71.47%, Loss: 0.9182
Epoch: 30, Batch: 750, Acc: 71.52%, Loss: 0.8462
Epoch: 30, Batch: 760, Acc: 71.50%, Loss: 0.8978
Epoch: 30, Batch: 770, Acc: 71.51%, Loss: 0.8762
Epoch: 30, Batch: 780, Acc: 71.50%, Loss: 0.8839
Epoch: 30, Batch: 790, Acc: 71.52%, Loss: 0.8856
Epoch: 30, Batch: 800, Acc: 71.53%, Loss: 0.8521
Epoch: 30, Batch: 810, Acc: 71.50%, Loss: 0.9371
Epoch: 30, Batch: 820, Acc: 71.47%, Loss: 0.9257
Epoch: 30, Batch: 830, Acc: 71.50%, Loss: 0.7954
Epoch: 30, Batch: 840, Acc: 71.53%, Loss: 0.8536
Epoch: 30, Batch: 850, Acc: 71.53%, Loss: 0.8642
Epoch: 30, Batch: 860, Acc: 71.56%, Loss: 0.8248
Epoch: 30, Batch: 870, Acc: 71.58%, Loss: 0.8165
Epoch: 30, Batch: 880, Acc: 71.55%, Loss: 0.9492
Epoch: 30, Batch: 890, Acc: 71.56%, Loss: 0.8308
Epoch: 30, Batch: 900, Acc: 71.60%, Loss: 0.8490
Epoch: 30, Batch: 910, Acc: 71.62%, Loss: 0.8831
Epoch: 30, Batch: 920, Acc: 71.64%, Loss: 0.8916
Epoch: 30, Batch: 930, Acc: 71.65%, Loss: 0.8697
Accuracy on test set: 73.36%
Training Time: 6958.74 seconds
Best Accuracy for Run 3: 73.36%

Evaluating final model on clean test data...
Accuracy    : 0.7336
Loss        : 0.7991
Precision   : 0.7272
Recall      : 0.7292
F1          : 0.7282
Fpr         : 0.0296
Fnr         : 0.2708
Roc_auc     : 0.9585
Pr_auc      : nan
Metrics saved to qmlp-mnist-label-flip-run_run3-layer10_label_flip.csv
