nohup: ignoring input
Number of classes: 10

========== Training Run 1 ==========
Epoch: 1, Batch: 10, Acc: 9.53%, Loss: 2.3302
Epoch: 1, Batch: 20, Acc: 7.97%, Loss: 2.3294
Epoch: 1, Batch: 30, Acc: 8.18%, Loss: 2.3151
Epoch: 1, Batch: 40, Acc: 8.16%, Loss: 2.3102
Epoch: 1, Batch: 50, Acc: 7.72%, Loss: 2.3167
Epoch: 1, Batch: 60, Acc: 7.55%, Loss: 2.2994
Epoch: 1, Batch: 70, Acc: 7.72%, Loss: 2.3035
Epoch: 1, Batch: 80, Acc: 7.66%, Loss: 2.2997
Epoch: 1, Batch: 90, Acc: 8.28%, Loss: 2.2916
Epoch: 1, Batch: 100, Acc: 8.92%, Loss: 2.2984
Epoch: 1, Batch: 110, Acc: 9.56%, Loss: 2.2971
Epoch: 1, Batch: 120, Acc: 10.22%, Loss: 2.2896
Epoch: 1, Batch: 130, Acc: 10.67%, Loss: 2.2926
Epoch: 1, Batch: 140, Acc: 11.37%, Loss: 2.2820
Epoch: 1, Batch: 150, Acc: 11.75%, Loss: 2.2854
Epoch: 1, Batch: 160, Acc: 12.20%, Loss: 2.2872
Epoch: 1, Batch: 170, Acc: 12.65%, Loss: 2.2843
Epoch: 1, Batch: 180, Acc: 12.93%, Loss: 2.2801
Epoch: 1, Batch: 190, Acc: 13.12%, Loss: 2.2806
Epoch: 1, Batch: 200, Acc: 13.38%, Loss: 2.2700
Epoch: 1, Batch: 210, Acc: 13.56%, Loss: 2.2723
Epoch: 1, Batch: 220, Acc: 13.66%, Loss: 2.2764
Epoch: 1, Batch: 230, Acc: 13.88%, Loss: 2.2672
Epoch: 1, Batch: 240, Acc: 14.19%, Loss: 2.2665
Epoch: 1, Batch: 250, Acc: 14.57%, Loss: 2.2600
Epoch: 1, Batch: 260, Acc: 14.90%, Loss: 2.2626
Epoch: 1, Batch: 270, Acc: 15.12%, Loss: 2.2631
Epoch: 1, Batch: 280, Acc: 15.50%, Loss: 2.2515
Epoch: 1, Batch: 290, Acc: 15.91%, Loss: 2.2477
Epoch: 1, Batch: 300, Acc: 16.22%, Loss: 2.2479
Epoch: 1, Batch: 310, Acc: 16.48%, Loss: 2.2454
Epoch: 1, Batch: 320, Acc: 16.65%, Loss: 2.2456
Epoch: 1, Batch: 330, Acc: 16.82%, Loss: 2.2412
Epoch: 1, Batch: 340, Acc: 16.97%, Loss: 2.2398
Epoch: 1, Batch: 350, Acc: 17.08%, Loss: 2.2399
Epoch: 1, Batch: 360, Acc: 17.38%, Loss: 2.2282
Epoch: 1, Batch: 370, Acc: 17.69%, Loss: 2.2238
Epoch: 1, Batch: 380, Acc: 17.92%, Loss: 2.2207
Epoch: 1, Batch: 390, Acc: 18.15%, Loss: 2.2182
Epoch: 1, Batch: 400, Acc: 18.33%, Loss: 2.2186
Epoch: 1, Batch: 410, Acc: 18.45%, Loss: 2.2134
Epoch: 1, Batch: 420, Acc: 18.59%, Loss: 2.2112
Epoch: 1, Batch: 430, Acc: 18.74%, Loss: 2.2070
Epoch: 1, Batch: 440, Acc: 18.90%, Loss: 2.1972
Epoch: 1, Batch: 450, Acc: 19.10%, Loss: 2.1864
Epoch: 1, Batch: 460, Acc: 19.33%, Loss: 2.1877
Epoch: 1, Batch: 470, Acc: 19.55%, Loss: 2.1860
Epoch: 1, Batch: 480, Acc: 19.76%, Loss: 2.1785
Epoch: 1, Batch: 490, Acc: 19.95%, Loss: 2.1803
Epoch: 1, Batch: 500, Acc: 20.14%, Loss: 2.1853
Epoch: 1, Batch: 510, Acc: 20.32%, Loss: 2.1629
Epoch: 1, Batch: 520, Acc: 20.57%, Loss: 2.1585
Epoch: 1, Batch: 530, Acc: 20.72%, Loss: 2.1649
Epoch: 1, Batch: 540, Acc: 20.92%, Loss: 2.1587
Epoch: 1, Batch: 550, Acc: 21.09%, Loss: 2.1527
Epoch: 1, Batch: 560, Acc: 21.17%, Loss: 2.1586
Epoch: 1, Batch: 570, Acc: 21.31%, Loss: 2.1426
Epoch: 1, Batch: 580, Acc: 21.45%, Loss: 2.1391
Epoch: 1, Batch: 590, Acc: 21.53%, Loss: 2.1438
Epoch: 1, Batch: 600, Acc: 21.70%, Loss: 2.1313
Epoch: 1, Batch: 610, Acc: 21.82%, Loss: 2.1368
Epoch: 1, Batch: 620, Acc: 22.01%, Loss: 2.1066
Epoch: 1, Batch: 630, Acc: 22.10%, Loss: 2.1399
Epoch: 1, Batch: 640, Acc: 22.17%, Loss: 2.1448
Epoch: 1, Batch: 650, Acc: 22.27%, Loss: 2.1300
Epoch: 1, Batch: 660, Acc: 22.39%, Loss: 2.1407
Epoch: 1, Batch: 670, Acc: 22.52%, Loss: 2.1205
Epoch: 1, Batch: 680, Acc: 22.67%, Loss: 2.1174
Epoch: 1, Batch: 690, Acc: 22.72%, Loss: 2.1136
Epoch: 1, Batch: 700, Acc: 22.84%, Loss: 2.0922
Epoch: 1, Batch: 710, Acc: 22.91%, Loss: 2.0979
Epoch: 1, Batch: 720, Acc: 23.04%, Loss: 2.1022
Epoch: 1, Batch: 730, Acc: 23.18%, Loss: 2.0816
Epoch: 1, Batch: 740, Acc: 23.25%, Loss: 2.1034
Epoch: 1, Batch: 750, Acc: 23.36%, Loss: 2.0860
Epoch: 1, Batch: 760, Acc: 23.48%, Loss: 2.0891
Epoch: 1, Batch: 770, Acc: 23.60%, Loss: 2.0725
Epoch: 1, Batch: 780, Acc: 23.67%, Loss: 2.0940
Epoch: 1, Batch: 790, Acc: 23.73%, Loss: 2.0944
Epoch: 1, Batch: 800, Acc: 23.86%, Loss: 2.0621
Epoch: 1, Batch: 810, Acc: 23.96%, Loss: 2.0721
Epoch: 1, Batch: 820, Acc: 24.07%, Loss: 2.0658
Epoch: 1, Batch: 830, Acc: 24.16%, Loss: 2.0587
Epoch: 1, Batch: 840, Acc: 24.24%, Loss: 2.0640
Epoch: 1, Batch: 850, Acc: 24.32%, Loss: 2.0687
Epoch: 1, Batch: 860, Acc: 24.44%, Loss: 2.0521
Epoch: 1, Batch: 870, Acc: 24.55%, Loss: 2.0307
Epoch: 1, Batch: 880, Acc: 24.63%, Loss: 2.0541
Epoch: 1, Batch: 890, Acc: 24.78%, Loss: 2.0053
Epoch: 1, Batch: 900, Acc: 24.87%, Loss: 2.0497
Epoch: 1, Batch: 910, Acc: 24.91%, Loss: 2.0536
Epoch: 1, Batch: 920, Acc: 24.95%, Loss: 2.0622
Epoch: 1, Batch: 930, Acc: 25.02%, Loss: 2.0285
Accuracy on test set: 33.37%
Epoch: 2, Batch: 10, Acc: 32.03%, Loss: 2.0367
Epoch: 2, Batch: 20, Acc: 31.88%, Loss: 2.0337
Epoch: 2, Batch: 30, Acc: 32.19%, Loss: 2.0323
Epoch: 2, Batch: 40, Acc: 32.19%, Loss: 2.0279
Epoch: 2, Batch: 50, Acc: 32.56%, Loss: 2.0025
Epoch: 2, Batch: 60, Acc: 32.99%, Loss: 2.0178
Epoch: 2, Batch: 70, Acc: 33.08%, Loss: 2.0159
Epoch: 2, Batch: 80, Acc: 32.71%, Loss: 2.0207
Epoch: 2, Batch: 90, Acc: 32.22%, Loss: 2.0479
Epoch: 2, Batch: 100, Acc: 32.45%, Loss: 2.0091
Epoch: 2, Batch: 110, Acc: 32.27%, Loss: 2.0137
Epoch: 2, Batch: 120, Acc: 32.54%, Loss: 1.9839
Epoch: 2, Batch: 130, Acc: 32.56%, Loss: 2.0075
Epoch: 2, Batch: 140, Acc: 32.63%, Loss: 1.9870
Epoch: 2, Batch: 150, Acc: 32.59%, Loss: 2.0177
Epoch: 2, Batch: 160, Acc: 32.49%, Loss: 2.0108
Epoch: 2, Batch: 170, Acc: 32.54%, Loss: 1.9829
Epoch: 2, Batch: 180, Acc: 32.32%, Loss: 2.0141
Epoch: 2, Batch: 190, Acc: 32.38%, Loss: 1.9984
Epoch: 2, Batch: 200, Acc: 32.32%, Loss: 2.0006
Epoch: 2, Batch: 210, Acc: 32.38%, Loss: 1.9967
Epoch: 2, Batch: 220, Acc: 32.44%, Loss: 1.9782
Epoch: 2, Batch: 230, Acc: 32.53%, Loss: 1.9713
Epoch: 2, Batch: 240, Acc: 32.57%, Loss: 1.9775
Epoch: 2, Batch: 250, Acc: 32.52%, Loss: 1.9801
Epoch: 2, Batch: 260, Acc: 32.71%, Loss: 1.9522
Epoch: 2, Batch: 270, Acc: 32.79%, Loss: 1.9574
Epoch: 2, Batch: 280, Acc: 32.76%, Loss: 1.9806
Epoch: 2, Batch: 290, Acc: 32.83%, Loss: 1.9610
Epoch: 2, Batch: 300, Acc: 32.77%, Loss: 2.0252
Epoch: 2, Batch: 310, Acc: 32.75%, Loss: 1.9799
Epoch: 2, Batch: 320, Acc: 32.72%, Loss: 1.9651
Epoch: 2, Batch: 330, Acc: 32.86%, Loss: 1.9836
Epoch: 2, Batch: 340, Acc: 32.75%, Loss: 2.0121
Epoch: 2, Batch: 350, Acc: 32.76%, Loss: 1.9615
Epoch: 2, Batch: 360, Acc: 32.79%, Loss: 1.9657
Epoch: 2, Batch: 370, Acc: 32.73%, Loss: 1.9832
Epoch: 2, Batch: 380, Acc: 32.81%, Loss: 1.9388
Epoch: 2, Batch: 390, Acc: 32.85%, Loss: 1.9576
Epoch: 2, Batch: 400, Acc: 32.91%, Loss: 1.9451
Epoch: 2, Batch: 410, Acc: 32.96%, Loss: 1.9487
Epoch: 2, Batch: 420, Acc: 32.99%, Loss: 1.9347
Epoch: 2, Batch: 430, Acc: 33.03%, Loss: 1.9442
Epoch: 2, Batch: 440, Acc: 33.00%, Loss: 1.9383
Epoch: 2, Batch: 450, Acc: 33.04%, Loss: 1.9298
Epoch: 2, Batch: 460, Acc: 33.06%, Loss: 1.9410
Epoch: 2, Batch: 470, Acc: 33.08%, Loss: 1.9230
Epoch: 2, Batch: 480, Acc: 33.12%, Loss: 1.9135
Epoch: 2, Batch: 490, Acc: 33.20%, Loss: 1.9164
Epoch: 2, Batch: 500, Acc: 33.16%, Loss: 1.9427
Epoch: 2, Batch: 510, Acc: 33.17%, Loss: 1.9326
Epoch: 2, Batch: 520, Acc: 33.26%, Loss: 1.8944
Epoch: 2, Batch: 530, Acc: 33.25%, Loss: 1.9495
Epoch: 2, Batch: 540, Acc: 33.34%, Loss: 1.8888
Epoch: 2, Batch: 550, Acc: 33.36%, Loss: 1.9135
Epoch: 2, Batch: 560, Acc: 33.40%, Loss: 1.9172
Epoch: 2, Batch: 570, Acc: 33.44%, Loss: 1.9043
Epoch: 2, Batch: 580, Acc: 33.43%, Loss: 1.9076
Epoch: 2, Batch: 590, Acc: 33.45%, Loss: 1.9364
Epoch: 2, Batch: 600, Acc: 33.47%, Loss: 1.9109
Epoch: 2, Batch: 610, Acc: 33.51%, Loss: 1.8905
Epoch: 2, Batch: 620, Acc: 33.59%, Loss: 1.9055
Epoch: 2, Batch: 630, Acc: 33.60%, Loss: 1.9164
Epoch: 2, Batch: 640, Acc: 33.59%, Loss: 1.9303
Epoch: 2, Batch: 650, Acc: 33.63%, Loss: 1.9088
Epoch: 2, Batch: 660, Acc: 33.64%, Loss: 1.9014
Epoch: 2, Batch: 670, Acc: 33.66%, Loss: 1.9250
Epoch: 2, Batch: 680, Acc: 33.66%, Loss: 1.9126
Epoch: 2, Batch: 690, Acc: 33.72%, Loss: 1.8547
Epoch: 2, Batch: 700, Acc: 33.72%, Loss: 1.8873
Epoch: 2, Batch: 710, Acc: 33.75%, Loss: 1.8936
Epoch: 2, Batch: 720, Acc: 33.78%, Loss: 1.9184
Epoch: 2, Batch: 730, Acc: 33.80%, Loss: 1.9037
Epoch: 2, Batch: 740, Acc: 33.84%, Loss: 1.8782
Epoch: 2, Batch: 750, Acc: 33.84%, Loss: 1.9054
Epoch: 2, Batch: 760, Acc: 33.83%, Loss: 1.9111
Epoch: 2, Batch: 770, Acc: 33.84%, Loss: 1.8817
Epoch: 2, Batch: 780, Acc: 33.84%, Loss: 1.8993
Epoch: 2, Batch: 790, Acc: 33.88%, Loss: 1.8750
Epoch: 2, Batch: 800, Acc: 33.88%, Loss: 1.9046
Epoch: 2, Batch: 810, Acc: 33.90%, Loss: 1.8641
Epoch: 2, Batch: 820, Acc: 33.93%, Loss: 1.8807
Epoch: 2, Batch: 830, Acc: 33.94%, Loss: 1.8816
Epoch: 2, Batch: 840, Acc: 33.95%, Loss: 1.8650
Epoch: 2, Batch: 850, Acc: 33.95%, Loss: 1.8524
Epoch: 2, Batch: 860, Acc: 33.98%, Loss: 1.8632
Epoch: 2, Batch: 870, Acc: 34.00%, Loss: 1.8208
Epoch: 2, Batch: 880, Acc: 34.07%, Loss: 1.8432
Epoch: 2, Batch: 890, Acc: 34.09%, Loss: 1.8892
Epoch: 2, Batch: 900, Acc: 34.09%, Loss: 1.8457
Epoch: 2, Batch: 910, Acc: 34.11%, Loss: 1.8381
Epoch: 2, Batch: 920, Acc: 34.14%, Loss: 1.8342
Epoch: 2, Batch: 930, Acc: 34.14%, Loss: 1.8876
Accuracy on test set: 36.96%
Epoch: 3, Batch: 10, Acc: 37.66%, Loss: 1.8433
Epoch: 3, Batch: 20, Acc: 35.86%, Loss: 1.8462
Epoch: 3, Batch: 30, Acc: 35.94%, Loss: 1.8571
Epoch: 3, Batch: 40, Acc: 35.86%, Loss: 1.8548
Epoch: 3, Batch: 50, Acc: 35.38%, Loss: 1.8679
Epoch: 3, Batch: 60, Acc: 35.39%, Loss: 1.8841
Epoch: 3, Batch: 70, Acc: 35.09%, Loss: 1.8843
Epoch: 3, Batch: 80, Acc: 35.29%, Loss: 1.8822
Epoch: 3, Batch: 90, Acc: 35.52%, Loss: 1.8529
Epoch: 3, Batch: 100, Acc: 35.48%, Loss: 1.8825
Epoch: 3, Batch: 110, Acc: 35.48%, Loss: 1.8244
Epoch: 3, Batch: 120, Acc: 35.33%, Loss: 1.8669
Epoch: 3, Batch: 130, Acc: 35.36%, Loss: 1.8516
Epoch: 3, Batch: 140, Acc: 35.60%, Loss: 1.7972
Epoch: 3, Batch: 150, Acc: 35.77%, Loss: 1.8347
Epoch: 3, Batch: 160, Acc: 35.82%, Loss: 1.8436
Epoch: 3, Batch: 170, Acc: 36.00%, Loss: 1.8285
Epoch: 3, Batch: 180, Acc: 36.09%, Loss: 1.8191
Epoch: 3, Batch: 190, Acc: 36.37%, Loss: 1.8046
Epoch: 3, Batch: 200, Acc: 36.54%, Loss: 1.8089
Epoch: 3, Batch: 210, Acc: 36.69%, Loss: 1.8216
Epoch: 3, Batch: 220, Acc: 36.68%, Loss: 1.8431
Epoch: 3, Batch: 230, Acc: 36.77%, Loss: 1.7861
Epoch: 3, Batch: 240, Acc: 36.69%, Loss: 1.8238
Epoch: 3, Batch: 250, Acc: 36.81%, Loss: 1.8150
Epoch: 3, Batch: 260, Acc: 36.71%, Loss: 1.8722
Epoch: 3, Batch: 270, Acc: 36.61%, Loss: 1.8374
Epoch: 3, Batch: 280, Acc: 36.71%, Loss: 1.8023
Epoch: 3, Batch: 290, Acc: 36.78%, Loss: 1.7862
Epoch: 3, Batch: 300, Acc: 36.80%, Loss: 1.8155
Epoch: 3, Batch: 310, Acc: 36.86%, Loss: 1.7875
Epoch: 3, Batch: 320, Acc: 36.99%, Loss: 1.8049
Epoch: 3, Batch: 330, Acc: 36.89%, Loss: 1.8207
Epoch: 3, Batch: 340, Acc: 36.99%, Loss: 1.7913
Epoch: 3, Batch: 350, Acc: 37.00%, Loss: 1.8148
Epoch: 3, Batch: 360, Acc: 37.01%, Loss: 1.8066
Epoch: 3, Batch: 370, Acc: 37.07%, Loss: 1.7952
Epoch: 3, Batch: 380, Acc: 37.08%, Loss: 1.8126
Epoch: 3, Batch: 390, Acc: 37.10%, Loss: 1.7833
Epoch: 3, Batch: 400, Acc: 37.14%, Loss: 1.8165
Epoch: 3, Batch: 410, Acc: 37.16%, Loss: 1.8158
Epoch: 3, Batch: 420, Acc: 37.19%, Loss: 1.7953
Epoch: 3, Batch: 430, Acc: 37.27%, Loss: 1.7830
Epoch: 3, Batch: 440, Acc: 37.27%, Loss: 1.8062
Epoch: 3, Batch: 450, Acc: 37.31%, Loss: 1.8095
Epoch: 3, Batch: 460, Acc: 37.43%, Loss: 1.7365
Epoch: 3, Batch: 470, Acc: 37.46%, Loss: 1.7613
Epoch: 3, Batch: 480, Acc: 37.49%, Loss: 1.7770
Epoch: 3, Batch: 490, Acc: 37.48%, Loss: 1.7841
Epoch: 3, Batch: 500, Acc: 37.52%, Loss: 1.7611
Epoch: 3, Batch: 510, Acc: 37.56%, Loss: 1.7850
Epoch: 3, Batch: 520, Acc: 37.60%, Loss: 1.7817
Epoch: 3, Batch: 530, Acc: 37.65%, Loss: 1.7612
Epoch: 3, Batch: 540, Acc: 37.74%, Loss: 1.7431
Epoch: 3, Batch: 550, Acc: 37.74%, Loss: 1.7713
Epoch: 3, Batch: 560, Acc: 37.82%, Loss: 1.7716
Epoch: 3, Batch: 570, Acc: 37.84%, Loss: 1.7733
Epoch: 3, Batch: 580, Acc: 37.89%, Loss: 1.7548
Epoch: 3, Batch: 590, Acc: 37.95%, Loss: 1.7780
Epoch: 3, Batch: 600, Acc: 38.00%, Loss: 1.7476
Epoch: 3, Batch: 610, Acc: 38.00%, Loss: 1.8064
Epoch: 3, Batch: 620, Acc: 38.08%, Loss: 1.7378
Epoch: 3, Batch: 630, Acc: 38.14%, Loss: 1.7487
Epoch: 3, Batch: 640, Acc: 38.17%, Loss: 1.7609
Epoch: 3, Batch: 650, Acc: 38.21%, Loss: 1.7544
Epoch: 3, Batch: 660, Acc: 38.34%, Loss: 1.7123
Epoch: 3, Batch: 670, Acc: 38.42%, Loss: 1.7204
Epoch: 3, Batch: 680, Acc: 38.49%, Loss: 1.7355
Epoch: 3, Batch: 690, Acc: 38.53%, Loss: 1.7183
Epoch: 3, Batch: 700, Acc: 38.58%, Loss: 1.7751
Epoch: 3, Batch: 710, Acc: 38.66%, Loss: 1.7515
Epoch: 3, Batch: 720, Acc: 38.73%, Loss: 1.7393
Epoch: 3, Batch: 730, Acc: 38.79%, Loss: 1.7420
Epoch: 3, Batch: 740, Acc: 38.87%, Loss: 1.7177
Epoch: 3, Batch: 750, Acc: 38.95%, Loss: 1.7064
Epoch: 3, Batch: 760, Acc: 38.97%, Loss: 1.7704
Epoch: 3, Batch: 770, Acc: 38.99%, Loss: 1.7178
Epoch: 3, Batch: 780, Acc: 39.02%, Loss: 1.7450
Epoch: 3, Batch: 790, Acc: 39.07%, Loss: 1.7425
Epoch: 3, Batch: 800, Acc: 39.11%, Loss: 1.7423
Epoch: 3, Batch: 810, Acc: 39.17%, Loss: 1.7259
Epoch: 3, Batch: 820, Acc: 39.27%, Loss: 1.6853
Epoch: 3, Batch: 830, Acc: 39.33%, Loss: 1.7239
Epoch: 3, Batch: 840, Acc: 39.41%, Loss: 1.7172
Epoch: 3, Batch: 850, Acc: 39.44%, Loss: 1.7754
Epoch: 3, Batch: 860, Acc: 39.46%, Loss: 1.7073
Epoch: 3, Batch: 870, Acc: 39.44%, Loss: 1.7601
Epoch: 3, Batch: 880, Acc: 39.53%, Loss: 1.6616
Epoch: 3, Batch: 890, Acc: 39.60%, Loss: 1.6996
Epoch: 3, Batch: 900, Acc: 39.63%, Loss: 1.7437
Epoch: 3, Batch: 910, Acc: 39.69%, Loss: 1.7083
Epoch: 3, Batch: 920, Acc: 39.74%, Loss: 1.7179
Epoch: 3, Batch: 930, Acc: 39.80%, Loss: 1.6987
Accuracy on test set: 44.19%
Epoch: 4, Batch: 10, Acc: 40.94%, Loss: 1.7397
Epoch: 4, Batch: 20, Acc: 41.64%, Loss: 1.7121
Epoch: 4, Batch: 30, Acc: 41.82%, Loss: 1.7411
Epoch: 4, Batch: 40, Acc: 42.85%, Loss: 1.7239
Epoch: 4, Batch: 50, Acc: 42.97%, Loss: 1.7312
Epoch: 4, Batch: 60, Acc: 43.05%, Loss: 1.7404
Epoch: 4, Batch: 70, Acc: 42.95%, Loss: 1.6993
Epoch: 4, Batch: 80, Acc: 43.09%, Loss: 1.6677
Epoch: 4, Batch: 90, Acc: 43.00%, Loss: 1.6899
Epoch: 4, Batch: 100, Acc: 43.16%, Loss: 1.6995
Epoch: 4, Batch: 110, Acc: 43.00%, Loss: 1.7497
Epoch: 4, Batch: 120, Acc: 43.24%, Loss: 1.7099
Epoch: 4, Batch: 130, Acc: 43.55%, Loss: 1.6873
Epoch: 4, Batch: 140, Acc: 43.60%, Loss: 1.6904
Epoch: 4, Batch: 150, Acc: 43.99%, Loss: 1.6468
Epoch: 4, Batch: 160, Acc: 44.05%, Loss: 1.7032
Epoch: 4, Batch: 170, Acc: 44.11%, Loss: 1.6774
Epoch: 4, Batch: 180, Acc: 44.12%, Loss: 1.6963
Epoch: 4, Batch: 190, Acc: 44.04%, Loss: 1.7032
Epoch: 4, Batch: 200, Acc: 44.07%, Loss: 1.7459
Epoch: 4, Batch: 210, Acc: 44.06%, Loss: 1.6978
Epoch: 4, Batch: 220, Acc: 44.15%, Loss: 1.6890
Epoch: 4, Batch: 230, Acc: 44.12%, Loss: 1.7144
Epoch: 4, Batch: 240, Acc: 44.16%, Loss: 1.6605
Epoch: 4, Batch: 250, Acc: 44.21%, Loss: 1.7005
Epoch: 4, Batch: 260, Acc: 44.13%, Loss: 1.7403
Epoch: 4, Batch: 270, Acc: 44.20%, Loss: 1.6705
Epoch: 4, Batch: 280, Acc: 44.33%, Loss: 1.6491
Epoch: 4, Batch: 290, Acc: 44.42%, Loss: 1.6338
Epoch: 4, Batch: 300, Acc: 44.49%, Loss: 1.6653
Epoch: 4, Batch: 310, Acc: 44.50%, Loss: 1.6958
Epoch: 4, Batch: 320, Acc: 44.49%, Loss: 1.7168
Epoch: 4, Batch: 330, Acc: 44.44%, Loss: 1.7038
Epoch: 4, Batch: 340, Acc: 44.47%, Loss: 1.6605
Epoch: 4, Batch: 350, Acc: 44.54%, Loss: 1.6882
Epoch: 4, Batch: 360, Acc: 44.59%, Loss: 1.6447
Epoch: 4, Batch: 370, Acc: 44.64%, Loss: 1.6540
Epoch: 4, Batch: 380, Acc: 44.71%, Loss: 1.6789
Epoch: 4, Batch: 390, Acc: 44.66%, Loss: 1.7210
Epoch: 4, Batch: 400, Acc: 44.66%, Loss: 1.6870
Epoch: 4, Batch: 410, Acc: 44.68%, Loss: 1.6644
Epoch: 4, Batch: 420, Acc: 44.67%, Loss: 1.6575
Epoch: 4, Batch: 430, Acc: 44.80%, Loss: 1.5993
Epoch: 4, Batch: 440, Acc: 44.77%, Loss: 1.6817
Epoch: 4, Batch: 450, Acc: 44.83%, Loss: 1.6556
Epoch: 4, Batch: 460, Acc: 44.83%, Loss: 1.6569
Epoch: 4, Batch: 470, Acc: 44.85%, Loss: 1.6317
Epoch: 4, Batch: 480, Acc: 44.91%, Loss: 1.6206
Epoch: 4, Batch: 490, Acc: 44.90%, Loss: 1.6713
Epoch: 4, Batch: 500, Acc: 44.91%, Loss: 1.6948
Epoch: 4, Batch: 510, Acc: 44.98%, Loss: 1.6570
Epoch: 4, Batch: 520, Acc: 45.04%, Loss: 1.6108
Epoch: 4, Batch: 530, Acc: 45.08%, Loss: 1.6573
Epoch: 4, Batch: 540, Acc: 45.14%, Loss: 1.6092
Epoch: 4, Batch: 550, Acc: 45.20%, Loss: 1.6254
Epoch: 4, Batch: 560, Acc: 45.19%, Loss: 1.6426
Epoch: 4, Batch: 570, Acc: 45.22%, Loss: 1.6416
Epoch: 4, Batch: 580, Acc: 45.26%, Loss: 1.6405
Epoch: 4, Batch: 590, Acc: 45.28%, Loss: 1.6619
Epoch: 4, Batch: 600, Acc: 45.29%, Loss: 1.6591
Epoch: 4, Batch: 610, Acc: 45.30%, Loss: 1.5996
Epoch: 4, Batch: 620, Acc: 45.27%, Loss: 1.6720
Epoch: 4, Batch: 630, Acc: 45.23%, Loss: 1.6486
Epoch: 4, Batch: 640, Acc: 45.27%, Loss: 1.6231
Epoch: 4, Batch: 650, Acc: 45.30%, Loss: 1.6441
Epoch: 4, Batch: 660, Acc: 45.34%, Loss: 1.6109
Epoch: 4, Batch: 670, Acc: 45.37%, Loss: 1.6272
Epoch: 4, Batch: 680, Acc: 45.45%, Loss: 1.5814
Epoch: 4, Batch: 690, Acc: 45.47%, Loss: 1.6055
Epoch: 4, Batch: 700, Acc: 45.49%, Loss: 1.5939
Epoch: 4, Batch: 710, Acc: 45.49%, Loss: 1.6214
Epoch: 4, Batch: 720, Acc: 45.49%, Loss: 1.6803
Epoch: 4, Batch: 730, Acc: 45.51%, Loss: 1.6247
Epoch: 4, Batch: 740, Acc: 45.53%, Loss: 1.6479
Epoch: 4, Batch: 750, Acc: 45.55%, Loss: 1.6194
Epoch: 4, Batch: 760, Acc: 45.55%, Loss: 1.6262
Epoch: 4, Batch: 770, Acc: 45.62%, Loss: 1.6031
Epoch: 4, Batch: 780, Acc: 45.63%, Loss: 1.6102
Epoch: 4, Batch: 790, Acc: 45.62%, Loss: 1.6491
Epoch: 4, Batch: 800, Acc: 45.63%, Loss: 1.6268
Epoch: 4, Batch: 810, Acc: 45.60%, Loss: 1.6454
Epoch: 4, Batch: 820, Acc: 45.63%, Loss: 1.6280
Epoch: 4, Batch: 830, Acc: 45.63%, Loss: 1.6271
Epoch: 4, Batch: 840, Acc: 45.62%, Loss: 1.6532
Epoch: 4, Batch: 850, Acc: 45.66%, Loss: 1.5900
Epoch: 4, Batch: 860, Acc: 45.74%, Loss: 1.5579
Epoch: 4, Batch: 870, Acc: 45.76%, Loss: 1.6253
Epoch: 4, Batch: 880, Acc: 45.79%, Loss: 1.6193
Epoch: 4, Batch: 890, Acc: 45.82%, Loss: 1.5547
Epoch: 4, Batch: 900, Acc: 45.84%, Loss: 1.6302
Epoch: 4, Batch: 910, Acc: 45.81%, Loss: 1.6125
Epoch: 4, Batch: 920, Acc: 45.82%, Loss: 1.6132
Epoch: 4, Batch: 930, Acc: 45.85%, Loss: 1.6027
Accuracy on test set: 49.87%
Epoch: 5, Batch: 10, Acc: 47.34%, Loss: 1.6186
Epoch: 5, Batch: 20, Acc: 48.75%, Loss: 1.5913
Epoch: 5, Batch: 30, Acc: 49.32%, Loss: 1.6031
Epoch: 5, Batch: 40, Acc: 48.87%, Loss: 1.6536
Epoch: 5, Batch: 50, Acc: 48.78%, Loss: 1.6040
Epoch: 5, Batch: 60, Acc: 48.49%, Loss: 1.5564
Epoch: 5, Batch: 70, Acc: 48.08%, Loss: 1.5894
Epoch: 5, Batch: 80, Acc: 48.14%, Loss: 1.5710
Epoch: 5, Batch: 90, Acc: 48.39%, Loss: 1.5654
Epoch: 5, Batch: 100, Acc: 48.00%, Loss: 1.6000
Epoch: 5, Batch: 110, Acc: 48.03%, Loss: 1.5888
Epoch: 5, Batch: 120, Acc: 47.90%, Loss: 1.6494
Epoch: 5, Batch: 130, Acc: 48.03%, Loss: 1.5626
Epoch: 5, Batch: 140, Acc: 47.91%, Loss: 1.6300
Epoch: 5, Batch: 150, Acc: 48.11%, Loss: 1.5596
Epoch: 5, Batch: 160, Acc: 48.32%, Loss: 1.5769
Epoch: 5, Batch: 170, Acc: 48.21%, Loss: 1.6084
Epoch: 5, Batch: 180, Acc: 48.19%, Loss: 1.5558
Epoch: 5, Batch: 190, Acc: 48.17%, Loss: 1.5814
Epoch: 5, Batch: 200, Acc: 48.23%, Loss: 1.5816
Epoch: 5, Batch: 210, Acc: 48.29%, Loss: 1.5803
Epoch: 5, Batch: 220, Acc: 48.32%, Loss: 1.5738
Epoch: 5, Batch: 230, Acc: 48.33%, Loss: 1.6152
Epoch: 5, Batch: 240, Acc: 48.39%, Loss: 1.5612
Epoch: 5, Batch: 250, Acc: 48.33%, Loss: 1.5797
Epoch: 5, Batch: 260, Acc: 48.31%, Loss: 1.5919
Epoch: 5, Batch: 270, Acc: 48.42%, Loss: 1.5752
Epoch: 5, Batch: 280, Acc: 48.49%, Loss: 1.5739
Epoch: 5, Batch: 290, Acc: 48.51%, Loss: 1.5355
Epoch: 5, Batch: 300, Acc: 48.51%, Loss: 1.5760
Epoch: 5, Batch: 310, Acc: 48.53%, Loss: 1.5714
Epoch: 5, Batch: 320, Acc: 48.68%, Loss: 1.5635
Epoch: 5, Batch: 330, Acc: 48.71%, Loss: 1.5640
Epoch: 5, Batch: 340, Acc: 48.71%, Loss: 1.5631
Epoch: 5, Batch: 350, Acc: 48.82%, Loss: 1.5566
Epoch: 5, Batch: 360, Acc: 48.78%, Loss: 1.5935
Epoch: 5, Batch: 370, Acc: 48.74%, Loss: 1.5898
Epoch: 5, Batch: 380, Acc: 48.80%, Loss: 1.5872
Epoch: 5, Batch: 390, Acc: 48.80%, Loss: 1.5292
Epoch: 5, Batch: 400, Acc: 48.73%, Loss: 1.6267
Epoch: 5, Batch: 410, Acc: 48.74%, Loss: 1.5904
Epoch: 5, Batch: 420, Acc: 48.74%, Loss: 1.5530
Epoch: 5, Batch: 430, Acc: 48.77%, Loss: 1.5743
Epoch: 5, Batch: 440, Acc: 48.78%, Loss: 1.6006
Epoch: 5, Batch: 450, Acc: 48.78%, Loss: 1.5709
Epoch: 5, Batch: 460, Acc: 48.74%, Loss: 1.5314
Epoch: 5, Batch: 470, Acc: 48.63%, Loss: 1.6252
Epoch: 5, Batch: 480, Acc: 48.65%, Loss: 1.5762
Epoch: 5, Batch: 490, Acc: 48.69%, Loss: 1.5538
Epoch: 5, Batch: 500, Acc: 48.74%, Loss: 1.5691
Epoch: 5, Batch: 510, Acc: 48.79%, Loss: 1.5120
Epoch: 5, Batch: 520, Acc: 48.72%, Loss: 1.6214
Epoch: 5, Batch: 530, Acc: 48.78%, Loss: 1.5451
Epoch: 5, Batch: 540, Acc: 48.89%, Loss: 1.4965
Epoch: 5, Batch: 550, Acc: 48.91%, Loss: 1.5479
Epoch: 5, Batch: 560, Acc: 48.91%, Loss: 1.5464
Epoch: 5, Batch: 570, Acc: 48.90%, Loss: 1.5510
Epoch: 5, Batch: 580, Acc: 48.88%, Loss: 1.5691
Epoch: 5, Batch: 590, Acc: 48.87%, Loss: 1.5703
Epoch: 5, Batch: 600, Acc: 48.85%, Loss: 1.5873
Epoch: 5, Batch: 610, Acc: 48.91%, Loss: 1.5222
Epoch: 5, Batch: 620, Acc: 48.95%, Loss: 1.5176
Epoch: 5, Batch: 630, Acc: 48.96%, Loss: 1.5573
Epoch: 5, Batch: 640, Acc: 48.98%, Loss: 1.5554
Epoch: 5, Batch: 650, Acc: 48.96%, Loss: 1.5375
Epoch: 5, Batch: 660, Acc: 48.99%, Loss: 1.5330
Epoch: 5, Batch: 670, Acc: 49.01%, Loss: 1.5148
Epoch: 5, Batch: 680, Acc: 48.99%, Loss: 1.5930
Epoch: 5, Batch: 690, Acc: 48.99%, Loss: 1.5604
Epoch: 5, Batch: 700, Acc: 49.05%, Loss: 1.5027
Epoch: 5, Batch: 710, Acc: 49.05%, Loss: 1.5898
Epoch: 5, Batch: 720, Acc: 49.05%, Loss: 1.5600
Epoch: 5, Batch: 730, Acc: 49.04%, Loss: 1.5624
Epoch: 5, Batch: 740, Acc: 49.08%, Loss: 1.5593
Epoch: 5, Batch: 750, Acc: 49.11%, Loss: 1.5089
Epoch: 5, Batch: 760, Acc: 49.15%, Loss: 1.5351
Epoch: 5, Batch: 770, Acc: 49.14%, Loss: 1.5425
Epoch: 5, Batch: 780, Acc: 49.15%, Loss: 1.5355
Epoch: 5, Batch: 790, Acc: 49.20%, Loss: 1.5448
Epoch: 5, Batch: 800, Acc: 49.23%, Loss: 1.5107
Epoch: 5, Batch: 810, Acc: 49.24%, Loss: 1.5588
Epoch: 5, Batch: 820, Acc: 49.24%, Loss: 1.5342
Epoch: 5, Batch: 830, Acc: 49.24%, Loss: 1.5572
Epoch: 5, Batch: 840, Acc: 49.23%, Loss: 1.6037
Epoch: 5, Batch: 850, Acc: 49.23%, Loss: 1.5521
Epoch: 5, Batch: 860, Acc: 49.27%, Loss: 1.5174
Epoch: 5, Batch: 870, Acc: 49.29%, Loss: 1.5332
Epoch: 5, Batch: 880, Acc: 49.26%, Loss: 1.5780
Epoch: 5, Batch: 890, Acc: 49.29%, Loss: 1.4853
Epoch: 5, Batch: 900, Acc: 49.27%, Loss: 1.5680
Epoch: 5, Batch: 910, Acc: 49.30%, Loss: 1.4467
Epoch: 5, Batch: 920, Acc: 49.30%, Loss: 1.5260
Epoch: 5, Batch: 930, Acc: 49.28%, Loss: 1.5483
Accuracy on test set: 52.28%
Epoch: 6, Batch: 10, Acc: 52.34%, Loss: 1.5145
Epoch: 6, Batch: 20, Acc: 52.19%, Loss: 1.5171
Epoch: 6, Batch: 30, Acc: 51.56%, Loss: 1.5263
Epoch: 6, Batch: 40, Acc: 51.72%, Loss: 1.4886
Epoch: 6, Batch: 50, Acc: 50.91%, Loss: 1.5437
Epoch: 6, Batch: 60, Acc: 51.20%, Loss: 1.5187
Epoch: 6, Batch: 70, Acc: 50.85%, Loss: 1.5343
Epoch: 6, Batch: 80, Acc: 51.35%, Loss: 1.4589
Epoch: 6, Batch: 90, Acc: 51.86%, Loss: 1.4618
Epoch: 6, Batch: 100, Acc: 51.19%, Loss: 1.5745
Epoch: 6, Batch: 110, Acc: 50.89%, Loss: 1.5661
Epoch: 6, Batch: 120, Acc: 50.82%, Loss: 1.5535
Epoch: 6, Batch: 130, Acc: 50.71%, Loss: 1.5530
Epoch: 6, Batch: 140, Acc: 50.85%, Loss: 1.4951
Epoch: 6, Batch: 150, Acc: 50.89%, Loss: 1.5050
Epoch: 6, Batch: 160, Acc: 50.78%, Loss: 1.5021
Epoch: 6, Batch: 170, Acc: 50.90%, Loss: 1.5008
Epoch: 6, Batch: 180, Acc: 50.86%, Loss: 1.5222
Epoch: 6, Batch: 190, Acc: 50.76%, Loss: 1.5130
Epoch: 6, Batch: 200, Acc: 50.73%, Loss: 1.5001
Epoch: 6, Batch: 210, Acc: 50.84%, Loss: 1.4948
Epoch: 6, Batch: 220, Acc: 50.86%, Loss: 1.5099
Epoch: 6, Batch: 230, Acc: 50.86%, Loss: 1.5077
Epoch: 6, Batch: 240, Acc: 50.85%, Loss: 1.4952
Epoch: 6, Batch: 250, Acc: 50.92%, Loss: 1.5086
Epoch: 6, Batch: 260, Acc: 50.98%, Loss: 1.4598
Epoch: 6, Batch: 270, Acc: 50.97%, Loss: 1.4826
Epoch: 6, Batch: 280, Acc: 51.05%, Loss: 1.5083
Epoch: 6, Batch: 290, Acc: 51.09%, Loss: 1.5185
Epoch: 6, Batch: 300, Acc: 51.09%, Loss: 1.5020
Epoch: 6, Batch: 310, Acc: 51.14%, Loss: 1.4557
Epoch: 6, Batch: 320, Acc: 51.09%, Loss: 1.5363
Epoch: 6, Batch: 330, Acc: 51.12%, Loss: 1.4849
Epoch: 6, Batch: 340, Acc: 51.20%, Loss: 1.5095
Epoch: 6, Batch: 350, Acc: 51.30%, Loss: 1.4901
Epoch: 6, Batch: 360, Acc: 51.28%, Loss: 1.4992
Epoch: 6, Batch: 370, Acc: 51.28%, Loss: 1.5065
Epoch: 6, Batch: 380, Acc: 51.27%, Loss: 1.4894
Epoch: 6, Batch: 390, Acc: 51.21%, Loss: 1.5114
Epoch: 6, Batch: 400, Acc: 51.27%, Loss: 1.5024
Epoch: 6, Batch: 410, Acc: 51.31%, Loss: 1.4749
Epoch: 6, Batch: 420, Acc: 51.27%, Loss: 1.5161
Epoch: 6, Batch: 430, Acc: 51.31%, Loss: 1.5132
Epoch: 6, Batch: 440, Acc: 51.37%, Loss: 1.4786
Epoch: 6, Batch: 450, Acc: 51.35%, Loss: 1.5048
Epoch: 6, Batch: 460, Acc: 51.38%, Loss: 1.5022
Epoch: 6, Batch: 470, Acc: 51.42%, Loss: 1.4775
Epoch: 6, Batch: 480, Acc: 51.40%, Loss: 1.5074
Epoch: 6, Batch: 490, Acc: 51.37%, Loss: 1.4792
Epoch: 6, Batch: 500, Acc: 51.39%, Loss: 1.4961
Epoch: 6, Batch: 510, Acc: 51.42%, Loss: 1.4740
Epoch: 6, Batch: 520, Acc: 51.42%, Loss: 1.4739
Epoch: 6, Batch: 530, Acc: 51.41%, Loss: 1.5018
Epoch: 6, Batch: 540, Acc: 51.47%, Loss: 1.4665
Epoch: 6, Batch: 550, Acc: 51.50%, Loss: 1.4813
Epoch: 6, Batch: 560, Acc: 51.51%, Loss: 1.4875
Epoch: 6, Batch: 570, Acc: 51.52%, Loss: 1.5155
Epoch: 6, Batch: 580, Acc: 51.54%, Loss: 1.4919
Epoch: 6, Batch: 590, Acc: 51.57%, Loss: 1.4695
Epoch: 6, Batch: 600, Acc: 51.59%, Loss: 1.5427
Epoch: 6, Batch: 610, Acc: 51.55%, Loss: 1.5298
Epoch: 6, Batch: 620, Acc: 51.61%, Loss: 1.4144
Epoch: 6, Batch: 630, Acc: 51.52%, Loss: 1.5014
Epoch: 6, Batch: 640, Acc: 51.55%, Loss: 1.4963
Epoch: 6, Batch: 650, Acc: 51.54%, Loss: 1.4856
Epoch: 6, Batch: 660, Acc: 51.54%, Loss: 1.4397
Epoch: 6, Batch: 670, Acc: 51.58%, Loss: 1.4839
Epoch: 6, Batch: 680, Acc: 51.59%, Loss: 1.4870
Epoch: 6, Batch: 690, Acc: 51.64%, Loss: 1.4571
Epoch: 6, Batch: 700, Acc: 51.66%, Loss: 1.4627
Epoch: 6, Batch: 710, Acc: 51.69%, Loss: 1.4839
Epoch: 6, Batch: 720, Acc: 51.69%, Loss: 1.5443
Epoch: 6, Batch: 730, Acc: 51.71%, Loss: 1.4799
Epoch: 6, Batch: 740, Acc: 51.71%, Loss: 1.5064
Epoch: 6, Batch: 750, Acc: 51.72%, Loss: 1.4994
Epoch: 6, Batch: 760, Acc: 51.74%, Loss: 1.5015
Epoch: 6, Batch: 770, Acc: 51.78%, Loss: 1.4290
Epoch: 6, Batch: 780, Acc: 51.77%, Loss: 1.4808
Epoch: 6, Batch: 790, Acc: 51.79%, Loss: 1.4614
Epoch: 6, Batch: 800, Acc: 51.81%, Loss: 1.4522
Epoch: 6, Batch: 810, Acc: 51.84%, Loss: 1.4509
Epoch: 6, Batch: 820, Acc: 51.87%, Loss: 1.4356
Epoch: 6, Batch: 830, Acc: 51.88%, Loss: 1.4643
Epoch: 6, Batch: 840, Acc: 51.89%, Loss: 1.4579
Epoch: 6, Batch: 850, Acc: 51.88%, Loss: 1.4585
Epoch: 6, Batch: 860, Acc: 51.91%, Loss: 1.4289
Epoch: 6, Batch: 870, Acc: 51.93%, Loss: 1.4495
Epoch: 6, Batch: 880, Acc: 51.91%, Loss: 1.4501
Epoch: 6, Batch: 890, Acc: 51.88%, Loss: 1.5489
Epoch: 6, Batch: 900, Acc: 51.89%, Loss: 1.4474
Epoch: 6, Batch: 910, Acc: 51.90%, Loss: 1.4854
Epoch: 6, Batch: 920, Acc: 51.91%, Loss: 1.4563
Epoch: 6, Batch: 930, Acc: 51.90%, Loss: 1.4977
Accuracy on test set: 55.11%
Epoch: 7, Batch: 10, Acc: 54.06%, Loss: 1.4714
Epoch: 7, Batch: 20, Acc: 52.81%, Loss: 1.4766
Epoch: 7, Batch: 30, Acc: 53.12%, Loss: 1.4348
Epoch: 7, Batch: 40, Acc: 52.46%, Loss: 1.4839
Epoch: 7, Batch: 50, Acc: 52.03%, Loss: 1.4785
Epoch: 7, Batch: 60, Acc: 51.98%, Loss: 1.4799
Epoch: 7, Batch: 70, Acc: 52.34%, Loss: 1.4597
Epoch: 7, Batch: 80, Acc: 52.38%, Loss: 1.4520
Epoch: 7, Batch: 90, Acc: 52.27%, Loss: 1.4386
Epoch: 7, Batch: 100, Acc: 52.56%, Loss: 1.4426
Epoch: 7, Batch: 110, Acc: 52.88%, Loss: 1.4182
Epoch: 7, Batch: 120, Acc: 53.12%, Loss: 1.3889
Epoch: 7, Batch: 130, Acc: 53.25%, Loss: 1.4309
Epoch: 7, Batch: 140, Acc: 53.20%, Loss: 1.4591
Epoch: 7, Batch: 150, Acc: 53.34%, Loss: 1.3762
Epoch: 7, Batch: 160, Acc: 53.35%, Loss: 1.4397
Epoch: 7, Batch: 170, Acc: 53.29%, Loss: 1.4929
Epoch: 7, Batch: 180, Acc: 53.15%, Loss: 1.4717
Epoch: 7, Batch: 190, Acc: 53.17%, Loss: 1.4668
Epoch: 7, Batch: 200, Acc: 53.29%, Loss: 1.4317
Epoch: 7, Batch: 210, Acc: 53.31%, Loss: 1.4534
Epoch: 7, Batch: 220, Acc: 53.13%, Loss: 1.4667
Epoch: 7, Batch: 230, Acc: 53.03%, Loss: 1.4539
Epoch: 7, Batch: 240, Acc: 53.31%, Loss: 1.4166
Epoch: 7, Batch: 250, Acc: 53.33%, Loss: 1.4143
Epoch: 7, Batch: 260, Acc: 53.45%, Loss: 1.4261
Epoch: 7, Batch: 270, Acc: 53.24%, Loss: 1.5187
Epoch: 7, Batch: 280, Acc: 53.29%, Loss: 1.4907
Epoch: 7, Batch: 290, Acc: 53.31%, Loss: 1.4743
Epoch: 7, Batch: 300, Acc: 53.32%, Loss: 1.4449
Epoch: 7, Batch: 310, Acc: 53.35%, Loss: 1.4084
Epoch: 7, Batch: 320, Acc: 53.44%, Loss: 1.4528
Epoch: 7, Batch: 330, Acc: 53.55%, Loss: 1.4058
Epoch: 7, Batch: 340, Acc: 53.55%, Loss: 1.4615
Epoch: 7, Batch: 350, Acc: 53.60%, Loss: 1.4393
Epoch: 7, Batch: 360, Acc: 53.63%, Loss: 1.4356
Epoch: 7, Batch: 370, Acc: 53.67%, Loss: 1.4336
Epoch: 7, Batch: 380, Acc: 53.78%, Loss: 1.3966
Epoch: 7, Batch: 390, Acc: 53.78%, Loss: 1.4439
Epoch: 7, Batch: 400, Acc: 53.89%, Loss: 1.3892
Epoch: 7, Batch: 410, Acc: 53.83%, Loss: 1.4275
Epoch: 7, Batch: 420, Acc: 53.81%, Loss: 1.4607
Epoch: 7, Batch: 430, Acc: 53.86%, Loss: 1.4091
Epoch: 7, Batch: 440, Acc: 53.90%, Loss: 1.3881
Epoch: 7, Batch: 450, Acc: 53.91%, Loss: 1.3999
Epoch: 7, Batch: 460, Acc: 53.88%, Loss: 1.4426
Epoch: 7, Batch: 470, Acc: 53.90%, Loss: 1.4458
Epoch: 7, Batch: 480, Acc: 53.90%, Loss: 1.4297
Epoch: 7, Batch: 490, Acc: 53.98%, Loss: 1.4059
Epoch: 7, Batch: 500, Acc: 53.94%, Loss: 1.4260
Epoch: 7, Batch: 510, Acc: 53.95%, Loss: 1.3699
Epoch: 7, Batch: 520, Acc: 53.99%, Loss: 1.3850
Epoch: 7, Batch: 530, Acc: 53.96%, Loss: 1.4346
Epoch: 7, Batch: 540, Acc: 53.97%, Loss: 1.4277
Epoch: 7, Batch: 550, Acc: 54.03%, Loss: 1.4114
Epoch: 7, Batch: 560, Acc: 54.07%, Loss: 1.4092
Epoch: 7, Batch: 570, Acc: 54.10%, Loss: 1.3833
Epoch: 7, Batch: 580, Acc: 54.11%, Loss: 1.4369
Epoch: 7, Batch: 590, Acc: 54.04%, Loss: 1.5042
Epoch: 7, Batch: 600, Acc: 54.05%, Loss: 1.4319
Epoch: 7, Batch: 610, Acc: 54.03%, Loss: 1.4554
Epoch: 7, Batch: 620, Acc: 54.02%, Loss: 1.4108
Epoch: 7, Batch: 630, Acc: 54.03%, Loss: 1.3983
Epoch: 7, Batch: 640, Acc: 54.00%, Loss: 1.4440
Epoch: 7, Batch: 650, Acc: 54.01%, Loss: 1.3925
Epoch: 7, Batch: 660, Acc: 54.02%, Loss: 1.3966
Epoch: 7, Batch: 670, Acc: 54.06%, Loss: 1.3769
Epoch: 7, Batch: 680, Acc: 54.07%, Loss: 1.4401
Epoch: 7, Batch: 690, Acc: 54.08%, Loss: 1.4044
Epoch: 7, Batch: 700, Acc: 54.07%, Loss: 1.4674
Epoch: 7, Batch: 710, Acc: 54.08%, Loss: 1.4170
Epoch: 7, Batch: 720, Acc: 54.06%, Loss: 1.4160
Epoch: 7, Batch: 730, Acc: 54.03%, Loss: 1.4572
Epoch: 7, Batch: 740, Acc: 54.08%, Loss: 1.3610
Epoch: 7, Batch: 750, Acc: 54.12%, Loss: 1.4010
Epoch: 7, Batch: 760, Acc: 54.10%, Loss: 1.4602
Epoch: 7, Batch: 770, Acc: 54.12%, Loss: 1.3826
Epoch: 7, Batch: 780, Acc: 54.11%, Loss: 1.4486
Epoch: 7, Batch: 790, Acc: 54.13%, Loss: 1.4047
Epoch: 7, Batch: 800, Acc: 54.15%, Loss: 1.4212
Epoch: 7, Batch: 810, Acc: 54.17%, Loss: 1.3978
Epoch: 7, Batch: 820, Acc: 54.16%, Loss: 1.4411
Epoch: 7, Batch: 830, Acc: 54.16%, Loss: 1.4385
Epoch: 7, Batch: 840, Acc: 54.18%, Loss: 1.4375
Epoch: 7, Batch: 850, Acc: 54.18%, Loss: 1.4117
Epoch: 7, Batch: 860, Acc: 54.21%, Loss: 1.3910
Epoch: 7, Batch: 870, Acc: 54.21%, Loss: 1.4387
Epoch: 7, Batch: 880, Acc: 54.20%, Loss: 1.4377
Epoch: 7, Batch: 890, Acc: 54.20%, Loss: 1.4125
Epoch: 7, Batch: 900, Acc: 54.21%, Loss: 1.4218
Epoch: 7, Batch: 910, Acc: 54.23%, Loss: 1.4143
Epoch: 7, Batch: 920, Acc: 54.25%, Loss: 1.3944
Epoch: 7, Batch: 930, Acc: 54.26%, Loss: 1.4540
Accuracy on test set: 57.89%
Epoch: 8, Batch: 10, Acc: 51.56%, Loss: 1.4009
Epoch: 8, Batch: 20, Acc: 55.55%, Loss: 1.3447
Epoch: 8, Batch: 30, Acc: 55.42%, Loss: 1.4188
Epoch: 8, Batch: 40, Acc: 56.09%, Loss: 1.4138
Epoch: 8, Batch: 50, Acc: 56.38%, Loss: 1.3921
Epoch: 8, Batch: 60, Acc: 56.46%, Loss: 1.3514
Epoch: 8, Batch: 70, Acc: 56.56%, Loss: 1.3885
Epoch: 8, Batch: 80, Acc: 56.43%, Loss: 1.4055
Epoch: 8, Batch: 90, Acc: 56.67%, Loss: 1.3336
Epoch: 8, Batch: 100, Acc: 56.27%, Loss: 1.4482
Epoch: 8, Batch: 110, Acc: 56.31%, Loss: 1.3449
Epoch: 8, Batch: 120, Acc: 56.51%, Loss: 1.3896
Epoch: 8, Batch: 130, Acc: 56.55%, Loss: 1.3854
Epoch: 8, Batch: 140, Acc: 56.48%, Loss: 1.4295
Epoch: 8, Batch: 150, Acc: 56.40%, Loss: 1.4127
Epoch: 8, Batch: 160, Acc: 56.21%, Loss: 1.4602
Epoch: 8, Batch: 170, Acc: 55.96%, Loss: 1.4514
Epoch: 8, Batch: 180, Acc: 56.03%, Loss: 1.3955
Epoch: 8, Batch: 190, Acc: 55.96%, Loss: 1.3890
Epoch: 8, Batch: 200, Acc: 55.75%, Loss: 1.4259
Epoch: 8, Batch: 210, Acc: 55.73%, Loss: 1.3733
Epoch: 8, Batch: 220, Acc: 55.67%, Loss: 1.4041
Epoch: 8, Batch: 230, Acc: 55.63%, Loss: 1.3914
Epoch: 8, Batch: 240, Acc: 55.66%, Loss: 1.3837
Epoch: 8, Batch: 250, Acc: 55.58%, Loss: 1.4089
Epoch: 8, Batch: 260, Acc: 55.55%, Loss: 1.3906
Epoch: 8, Batch: 270, Acc: 55.64%, Loss: 1.3808
Epoch: 8, Batch: 280, Acc: 55.64%, Loss: 1.3756
Epoch: 8, Batch: 290, Acc: 55.74%, Loss: 1.3350
Epoch: 8, Batch: 300, Acc: 55.70%, Loss: 1.4267
Epoch: 8, Batch: 310, Acc: 55.68%, Loss: 1.3629
Epoch: 8, Batch: 320, Acc: 55.69%, Loss: 1.3592
Epoch: 8, Batch: 330, Acc: 55.73%, Loss: 1.3418
Epoch: 8, Batch: 340, Acc: 55.69%, Loss: 1.3873
Epoch: 8, Batch: 350, Acc: 55.76%, Loss: 1.3531
Epoch: 8, Batch: 360, Acc: 55.80%, Loss: 1.3474
Epoch: 8, Batch: 370, Acc: 55.76%, Loss: 1.3887
Epoch: 8, Batch: 380, Acc: 55.70%, Loss: 1.3949
Epoch: 8, Batch: 390, Acc: 55.77%, Loss: 1.3562
Epoch: 8, Batch: 400, Acc: 55.73%, Loss: 1.4146
Epoch: 8, Batch: 410, Acc: 55.74%, Loss: 1.3895
Epoch: 8, Batch: 420, Acc: 55.73%, Loss: 1.3635
Epoch: 8, Batch: 430, Acc: 55.76%, Loss: 1.3859
Epoch: 8, Batch: 440, Acc: 55.81%, Loss: 1.3650
Epoch: 8, Batch: 450, Acc: 55.85%, Loss: 1.3697
Epoch: 8, Batch: 460, Acc: 55.91%, Loss: 1.3775
Epoch: 8, Batch: 470, Acc: 55.98%, Loss: 1.3587
Epoch: 8, Batch: 480, Acc: 56.07%, Loss: 1.3557
Epoch: 8, Batch: 490, Acc: 56.05%, Loss: 1.3586
Epoch: 8, Batch: 500, Acc: 56.09%, Loss: 1.3412
Epoch: 8, Batch: 510, Acc: 56.10%, Loss: 1.3791
Epoch: 8, Batch: 520, Acc: 56.08%, Loss: 1.4257
Epoch: 8, Batch: 530, Acc: 56.04%, Loss: 1.3895
Epoch: 8, Batch: 540, Acc: 56.03%, Loss: 1.3754
Epoch: 8, Batch: 550, Acc: 56.08%, Loss: 1.3325
Epoch: 8, Batch: 560, Acc: 56.05%, Loss: 1.4736
Epoch: 8, Batch: 570, Acc: 56.12%, Loss: 1.3816
Epoch: 8, Batch: 580, Acc: 56.10%, Loss: 1.4326
Epoch: 8, Batch: 590, Acc: 56.13%, Loss: 1.3405
Epoch: 8, Batch: 600, Acc: 56.14%, Loss: 1.3189
Epoch: 8, Batch: 610, Acc: 56.19%, Loss: 1.3408
Epoch: 8, Batch: 620, Acc: 56.16%, Loss: 1.3984
Epoch: 8, Batch: 630, Acc: 56.17%, Loss: 1.3901
Epoch: 8, Batch: 640, Acc: 56.17%, Loss: 1.3893
Epoch: 8, Batch: 650, Acc: 56.17%, Loss: 1.4096
Epoch: 8, Batch: 660, Acc: 56.15%, Loss: 1.3838
Epoch: 8, Batch: 670, Acc: 56.15%, Loss: 1.3699
Epoch: 8, Batch: 680, Acc: 56.18%, Loss: 1.3654
Epoch: 8, Batch: 690, Acc: 56.20%, Loss: 1.3096
Epoch: 8, Batch: 700, Acc: 56.22%, Loss: 1.3773
Epoch: 8, Batch: 710, Acc: 56.22%, Loss: 1.3669
Epoch: 8, Batch: 720, Acc: 56.22%, Loss: 1.3669
Epoch: 8, Batch: 730, Acc: 56.18%, Loss: 1.4671
Epoch: 8, Batch: 740, Acc: 56.26%, Loss: 1.3343
Epoch: 8, Batch: 750, Acc: 56.27%, Loss: 1.3744
Epoch: 8, Batch: 760, Acc: 56.27%, Loss: 1.3715
Epoch: 8, Batch: 770, Acc: 56.31%, Loss: 1.3426
Epoch: 8, Batch: 780, Acc: 56.33%, Loss: 1.3313
Epoch: 8, Batch: 790, Acc: 56.33%, Loss: 1.3651
Epoch: 8, Batch: 800, Acc: 56.33%, Loss: 1.3483
Epoch: 8, Batch: 810, Acc: 56.38%, Loss: 1.3742
Epoch: 8, Batch: 820, Acc: 56.40%, Loss: 1.3507
Epoch: 8, Batch: 830, Acc: 56.41%, Loss: 1.3187
Epoch: 8, Batch: 840, Acc: 56.42%, Loss: 1.3863
Epoch: 8, Batch: 850, Acc: 56.46%, Loss: 1.3321
Epoch: 8, Batch: 860, Acc: 56.44%, Loss: 1.4075
Epoch: 8, Batch: 870, Acc: 56.47%, Loss: 1.3141
Epoch: 8, Batch: 880, Acc: 56.44%, Loss: 1.4297
Epoch: 8, Batch: 890, Acc: 56.47%, Loss: 1.3364
Epoch: 8, Batch: 900, Acc: 56.48%, Loss: 1.3365
Epoch: 8, Batch: 910, Acc: 56.50%, Loss: 1.3299
Epoch: 8, Batch: 920, Acc: 56.51%, Loss: 1.3747
Epoch: 8, Batch: 930, Acc: 56.49%, Loss: 1.3739
Accuracy on test set: 59.45%
Epoch: 9, Batch: 10, Acc: 58.28%, Loss: 1.3464
Epoch: 9, Batch: 20, Acc: 58.67%, Loss: 1.3476
Epoch: 9, Batch: 30, Acc: 57.81%, Loss: 1.3642
Epoch: 9, Batch: 40, Acc: 58.36%, Loss: 1.3350
Epoch: 9, Batch: 50, Acc: 58.66%, Loss: 1.2982
Epoch: 9, Batch: 60, Acc: 58.28%, Loss: 1.3624
Epoch: 9, Batch: 70, Acc: 57.99%, Loss: 1.3294
Epoch: 9, Batch: 80, Acc: 58.38%, Loss: 1.3064
Epoch: 9, Batch: 90, Acc: 58.23%, Loss: 1.3698
Epoch: 9, Batch: 100, Acc: 58.19%, Loss: 1.3409
Epoch: 9, Batch: 110, Acc: 57.61%, Loss: 1.3737
Epoch: 9, Batch: 120, Acc: 57.40%, Loss: 1.3898
Epoch: 9, Batch: 130, Acc: 57.36%, Loss: 1.3460
Epoch: 9, Batch: 140, Acc: 57.50%, Loss: 1.3220
Epoch: 9, Batch: 150, Acc: 57.49%, Loss: 1.3475
Epoch: 9, Batch: 160, Acc: 57.32%, Loss: 1.3750
Epoch: 9, Batch: 170, Acc: 57.46%, Loss: 1.2924
Epoch: 9, Batch: 180, Acc: 57.47%, Loss: 1.3377
Epoch: 9, Batch: 190, Acc: 57.42%, Loss: 1.3680
Epoch: 9, Batch: 200, Acc: 57.27%, Loss: 1.3707
Epoch: 9, Batch: 210, Acc: 57.50%, Loss: 1.2620
Epoch: 9, Batch: 220, Acc: 57.47%, Loss: 1.3774
Epoch: 9, Batch: 230, Acc: 57.38%, Loss: 1.3648
Epoch: 9, Batch: 240, Acc: 57.30%, Loss: 1.3825
Epoch: 9, Batch: 250, Acc: 57.38%, Loss: 1.3323
Epoch: 9, Batch: 260, Acc: 57.45%, Loss: 1.3170
Epoch: 9, Batch: 270, Acc: 57.43%, Loss: 1.3451
Epoch: 9, Batch: 280, Acc: 57.33%, Loss: 1.3826
Epoch: 9, Batch: 290, Acc: 57.42%, Loss: 1.3357
Epoch: 9, Batch: 300, Acc: 57.52%, Loss: 1.3030
Epoch: 9, Batch: 310, Acc: 57.32%, Loss: 1.4075
Epoch: 9, Batch: 320, Acc: 57.32%, Loss: 1.3497
Epoch: 9, Batch: 330, Acc: 57.26%, Loss: 1.3685
Epoch: 9, Batch: 340, Acc: 57.33%, Loss: 1.2653
Epoch: 9, Batch: 350, Acc: 57.42%, Loss: 1.2885
Epoch: 9, Batch: 360, Acc: 57.34%, Loss: 1.3524
Epoch: 9, Batch: 370, Acc: 57.39%, Loss: 1.3176
Epoch: 9, Batch: 380, Acc: 57.39%, Loss: 1.3401
Epoch: 9, Batch: 390, Acc: 57.40%, Loss: 1.3362
Epoch: 9, Batch: 400, Acc: 57.42%, Loss: 1.3093
Epoch: 9, Batch: 410, Acc: 57.41%, Loss: 1.3771
Epoch: 9, Batch: 420, Acc: 57.42%, Loss: 1.3045
Epoch: 9, Batch: 430, Acc: 57.43%, Loss: 1.3263
Epoch: 9, Batch: 440, Acc: 57.55%, Loss: 1.2769
Epoch: 9, Batch: 450, Acc: 57.52%, Loss: 1.3300
Epoch: 9, Batch: 460, Acc: 57.53%, Loss: 1.3600
Epoch: 9, Batch: 470, Acc: 57.56%, Loss: 1.3374
Epoch: 9, Batch: 480, Acc: 57.57%, Loss: 1.2829
Epoch: 9, Batch: 490, Acc: 57.63%, Loss: 1.3009
Epoch: 9, Batch: 500, Acc: 57.62%, Loss: 1.3585
Epoch: 9, Batch: 510, Acc: 57.67%, Loss: 1.3383
Epoch: 9, Batch: 520, Acc: 57.62%, Loss: 1.4029
Epoch: 9, Batch: 530, Acc: 57.63%, Loss: 1.3730
Epoch: 9, Batch: 540, Acc: 57.65%, Loss: 1.3649
Epoch: 9, Batch: 550, Acc: 57.66%, Loss: 1.3470
Epoch: 9, Batch: 560, Acc: 57.69%, Loss: 1.2982
Epoch: 9, Batch: 570, Acc: 57.73%, Loss: 1.3153
Epoch: 9, Batch: 580, Acc: 57.76%, Loss: 1.3441
Epoch: 9, Batch: 590, Acc: 57.82%, Loss: 1.2698
Epoch: 9, Batch: 600, Acc: 57.81%, Loss: 1.3334
Epoch: 9, Batch: 610, Acc: 57.90%, Loss: 1.2406
Epoch: 9, Batch: 620, Acc: 57.93%, Loss: 1.3086
Epoch: 9, Batch: 630, Acc: 57.95%, Loss: 1.3342
Epoch: 9, Batch: 640, Acc: 57.92%, Loss: 1.3528
Epoch: 9, Batch: 650, Acc: 57.95%, Loss: 1.3059
Epoch: 9, Batch: 660, Acc: 57.97%, Loss: 1.2920
Epoch: 9, Batch: 670, Acc: 57.99%, Loss: 1.3699
Epoch: 9, Batch: 680, Acc: 58.04%, Loss: 1.3141
Epoch: 9, Batch: 690, Acc: 58.06%, Loss: 1.3235
Epoch: 9, Batch: 700, Acc: 58.02%, Loss: 1.3098
Epoch: 9, Batch: 710, Acc: 58.04%, Loss: 1.2972
Epoch: 9, Batch: 720, Acc: 58.01%, Loss: 1.3645
Epoch: 9, Batch: 730, Acc: 58.04%, Loss: 1.2869
Epoch: 9, Batch: 740, Acc: 58.08%, Loss: 1.3070
Epoch: 9, Batch: 750, Acc: 58.08%, Loss: 1.3049
Epoch: 9, Batch: 760, Acc: 58.03%, Loss: 1.4083
Epoch: 9, Batch: 770, Acc: 57.99%, Loss: 1.3738
Epoch: 9, Batch: 780, Acc: 57.99%, Loss: 1.3265
Epoch: 9, Batch: 790, Acc: 57.93%, Loss: 1.3984
Epoch: 9, Batch: 800, Acc: 57.91%, Loss: 1.3336
Epoch: 9, Batch: 810, Acc: 57.91%, Loss: 1.3173
Epoch: 9, Batch: 820, Acc: 57.93%, Loss: 1.3178
Epoch: 9, Batch: 830, Acc: 57.90%, Loss: 1.3269
Epoch: 9, Batch: 840, Acc: 57.92%, Loss: 1.3126
Epoch: 9, Batch: 850, Acc: 57.93%, Loss: 1.3141
Epoch: 9, Batch: 860, Acc: 57.91%, Loss: 1.3700
Epoch: 9, Batch: 870, Acc: 57.89%, Loss: 1.3370
Epoch: 9, Batch: 880, Acc: 57.96%, Loss: 1.2656
Epoch: 9, Batch: 890, Acc: 57.97%, Loss: 1.3136
Epoch: 9, Batch: 900, Acc: 57.98%, Loss: 1.3099
Epoch: 9, Batch: 910, Acc: 58.02%, Loss: 1.2690
Epoch: 9, Batch: 920, Acc: 57.99%, Loss: 1.3367
Epoch: 9, Batch: 930, Acc: 57.99%, Loss: 1.3564
Accuracy on test set: 61.44%
Epoch: 10, Batch: 10, Acc: 61.25%, Loss: 1.3384
Epoch: 10, Batch: 20, Acc: 59.22%, Loss: 1.3354
Epoch: 10, Batch: 30, Acc: 58.80%, Loss: 1.3487
Epoch: 10, Batch: 40, Acc: 59.34%, Loss: 1.3112
Epoch: 10, Batch: 50, Acc: 59.25%, Loss: 1.3438
Epoch: 10, Batch: 60, Acc: 58.80%, Loss: 1.3312
Epoch: 10, Batch: 70, Acc: 58.82%, Loss: 1.3496
Epoch: 10, Batch: 80, Acc: 59.02%, Loss: 1.2673
Epoch: 10, Batch: 90, Acc: 58.70%, Loss: 1.3353
Epoch: 10, Batch: 100, Acc: 58.67%, Loss: 1.2707
Epoch: 10, Batch: 110, Acc: 58.68%, Loss: 1.3394
Epoch: 10, Batch: 120, Acc: 58.62%, Loss: 1.2810
Epoch: 10, Batch: 130, Acc: 58.46%, Loss: 1.3728
Epoch: 10, Batch: 140, Acc: 58.57%, Loss: 1.2900
Epoch: 10, Batch: 150, Acc: 58.69%, Loss: 1.3535
Epoch: 10, Batch: 160, Acc: 58.57%, Loss: 1.3136
Epoch: 10, Batch: 170, Acc: 58.35%, Loss: 1.3674
Epoch: 10, Batch: 180, Acc: 58.49%, Loss: 1.2808
Epoch: 10, Batch: 190, Acc: 58.55%, Loss: 1.2787
Epoch: 10, Batch: 200, Acc: 58.51%, Loss: 1.3274
Epoch: 10, Batch: 210, Acc: 58.58%, Loss: 1.3319
Epoch: 10, Batch: 220, Acc: 58.59%, Loss: 1.3520
Epoch: 10, Batch: 230, Acc: 58.47%, Loss: 1.3234
Epoch: 10, Batch: 240, Acc: 58.54%, Loss: 1.2502
Epoch: 10, Batch: 250, Acc: 58.48%, Loss: 1.3062
Epoch: 10, Batch: 260, Acc: 58.37%, Loss: 1.3037
Epoch: 10, Batch: 270, Acc: 58.41%, Loss: 1.2762
Epoch: 10, Batch: 280, Acc: 58.38%, Loss: 1.3568
Epoch: 10, Batch: 290, Acc: 58.41%, Loss: 1.3005
Epoch: 10, Batch: 300, Acc: 58.47%, Loss: 1.2547
Epoch: 10, Batch: 310, Acc: 58.46%, Loss: 1.2988
Epoch: 10, Batch: 320, Acc: 58.54%, Loss: 1.2487
Epoch: 10, Batch: 330, Acc: 58.57%, Loss: 1.2383
Epoch: 10, Batch: 340, Acc: 58.59%, Loss: 1.2939
Epoch: 10, Batch: 350, Acc: 58.47%, Loss: 1.3652
Epoch: 10, Batch: 360, Acc: 58.49%, Loss: 1.2901
Epoch: 10, Batch: 370, Acc: 58.51%, Loss: 1.3430
Epoch: 10, Batch: 380, Acc: 58.60%, Loss: 1.3046
Epoch: 10, Batch: 390, Acc: 58.70%, Loss: 1.2421
Epoch: 10, Batch: 400, Acc: 58.71%, Loss: 1.3145
Epoch: 10, Batch: 410, Acc: 58.75%, Loss: 1.2733
Epoch: 10, Batch: 420, Acc: 58.79%, Loss: 1.3069
Epoch: 10, Batch: 430, Acc: 58.81%, Loss: 1.3170
Epoch: 10, Batch: 440, Acc: 58.81%, Loss: 1.2585
Epoch: 10, Batch: 450, Acc: 58.82%, Loss: 1.2692
Epoch: 10, Batch: 460, Acc: 58.94%, Loss: 1.2660
Epoch: 10, Batch: 470, Acc: 58.99%, Loss: 1.2657
Epoch: 10, Batch: 480, Acc: 58.97%, Loss: 1.3105
Epoch: 10, Batch: 490, Acc: 58.98%, Loss: 1.2604
Epoch: 10, Batch: 500, Acc: 59.01%, Loss: 1.2821
Epoch: 10, Batch: 510, Acc: 59.04%, Loss: 1.2786
Epoch: 10, Batch: 520, Acc: 59.07%, Loss: 1.2593
Epoch: 10, Batch: 530, Acc: 59.04%, Loss: 1.2846
Epoch: 10, Batch: 540, Acc: 59.11%, Loss: 1.3037
Epoch: 10, Batch: 550, Acc: 59.12%, Loss: 1.2865
Epoch: 10, Batch: 560, Acc: 59.11%, Loss: 1.2738
Epoch: 10, Batch: 570, Acc: 59.21%, Loss: 1.2389
Epoch: 10, Batch: 580, Acc: 59.25%, Loss: 1.2800
Epoch: 10, Batch: 590, Acc: 59.28%, Loss: 1.2553
Epoch: 10, Batch: 600, Acc: 59.25%, Loss: 1.3183
Epoch: 10, Batch: 610, Acc: 59.28%, Loss: 1.2758
Epoch: 10, Batch: 620, Acc: 59.29%, Loss: 1.2391
Epoch: 10, Batch: 630, Acc: 59.29%, Loss: 1.2822
Epoch: 10, Batch: 640, Acc: 59.29%, Loss: 1.3037
Epoch: 10, Batch: 650, Acc: 59.27%, Loss: 1.2994
Epoch: 10, Batch: 660, Acc: 59.24%, Loss: 1.3031
Epoch: 10, Batch: 670, Acc: 59.27%, Loss: 1.2883
Epoch: 10, Batch: 680, Acc: 59.26%, Loss: 1.2610
Epoch: 10, Batch: 690, Acc: 59.22%, Loss: 1.3205
Epoch: 10, Batch: 700, Acc: 59.23%, Loss: 1.2508
Epoch: 10, Batch: 710, Acc: 59.25%, Loss: 1.2624
Epoch: 10, Batch: 720, Acc: 59.26%, Loss: 1.2912
Epoch: 10, Batch: 730, Acc: 59.25%, Loss: 1.2756
Epoch: 10, Batch: 740, Acc: 59.24%, Loss: 1.3057
Epoch: 10, Batch: 750, Acc: 59.25%, Loss: 1.2735
Epoch: 10, Batch: 760, Acc: 59.26%, Loss: 1.2611
Epoch: 10, Batch: 770, Acc: 59.25%, Loss: 1.3336
Epoch: 10, Batch: 780, Acc: 59.27%, Loss: 1.2964
Epoch: 10, Batch: 790, Acc: 59.25%, Loss: 1.3111
Epoch: 10, Batch: 800, Acc: 59.26%, Loss: 1.2663
Epoch: 10, Batch: 810, Acc: 59.25%, Loss: 1.2678
Epoch: 10, Batch: 820, Acc: 59.27%, Loss: 1.2799
Epoch: 10, Batch: 830, Acc: 59.30%, Loss: 1.2744
Epoch: 10, Batch: 840, Acc: 59.28%, Loss: 1.3136
Epoch: 10, Batch: 850, Acc: 59.27%, Loss: 1.2877
Epoch: 10, Batch: 860, Acc: 59.26%, Loss: 1.3508
Epoch: 10, Batch: 870, Acc: 59.26%, Loss: 1.3053
Epoch: 10, Batch: 880, Acc: 59.29%, Loss: 1.2628
Epoch: 10, Batch: 890, Acc: 59.27%, Loss: 1.3031
Epoch: 10, Batch: 900, Acc: 59.26%, Loss: 1.3287
Epoch: 10, Batch: 910, Acc: 59.26%, Loss: 1.2938
Epoch: 10, Batch: 920, Acc: 59.25%, Loss: 1.3073
Epoch: 10, Batch: 930, Acc: 59.26%, Loss: 1.2938
Accuracy on test set: 62.71%
Epoch: 11, Batch: 10, Acc: 61.88%, Loss: 1.2812
Epoch: 11, Batch: 20, Acc: 61.02%, Loss: 1.2741
Epoch: 11, Batch: 30, Acc: 60.05%, Loss: 1.3069
Epoch: 11, Batch: 40, Acc: 60.31%, Loss: 1.3007
Epoch: 11, Batch: 50, Acc: 60.34%, Loss: 1.2786
Epoch: 11, Batch: 60, Acc: 60.52%, Loss: 1.2348
Epoch: 11, Batch: 70, Acc: 60.83%, Loss: 1.2354
Epoch: 11, Batch: 80, Acc: 60.59%, Loss: 1.2777
Epoch: 11, Batch: 90, Acc: 60.49%, Loss: 1.2608
Epoch: 11, Batch: 100, Acc: 60.73%, Loss: 1.2327
Epoch: 11, Batch: 110, Acc: 60.68%, Loss: 1.2384
Epoch: 11, Batch: 120, Acc: 60.62%, Loss: 1.2764
Epoch: 11, Batch: 130, Acc: 60.37%, Loss: 1.3081
Epoch: 11, Batch: 140, Acc: 60.03%, Loss: 1.3071
Epoch: 11, Batch: 150, Acc: 59.98%, Loss: 1.2784
Epoch: 11, Batch: 160, Acc: 59.77%, Loss: 1.2619
Epoch: 11, Batch: 170, Acc: 59.87%, Loss: 1.2470
Epoch: 11, Batch: 180, Acc: 59.90%, Loss: 1.2714
Epoch: 11, Batch: 190, Acc: 59.89%, Loss: 1.2951
Epoch: 11, Batch: 200, Acc: 59.78%, Loss: 1.3306
Epoch: 11, Batch: 210, Acc: 59.81%, Loss: 1.2374
Epoch: 11, Batch: 220, Acc: 59.79%, Loss: 1.2975
Epoch: 11, Batch: 230, Acc: 59.78%, Loss: 1.3006
Epoch: 11, Batch: 240, Acc: 59.76%, Loss: 1.3264
Epoch: 11, Batch: 250, Acc: 59.71%, Loss: 1.3211
Epoch: 11, Batch: 260, Acc: 59.77%, Loss: 1.2979
Epoch: 11, Batch: 270, Acc: 59.71%, Loss: 1.2846
Epoch: 11, Batch: 280, Acc: 59.74%, Loss: 1.2553
Epoch: 11, Batch: 290, Acc: 59.89%, Loss: 1.2288
Epoch: 11, Batch: 300, Acc: 59.95%, Loss: 1.2512
Epoch: 11, Batch: 310, Acc: 59.93%, Loss: 1.2925
Epoch: 11, Batch: 320, Acc: 60.02%, Loss: 1.2167
Epoch: 11, Batch: 330, Acc: 60.00%, Loss: 1.2586
Epoch: 11, Batch: 340, Acc: 59.94%, Loss: 1.3126
Epoch: 11, Batch: 350, Acc: 59.89%, Loss: 1.3050
Epoch: 11, Batch: 360, Acc: 59.90%, Loss: 1.2328
Epoch: 11, Batch: 370, Acc: 59.96%, Loss: 1.2752
Epoch: 11, Batch: 380, Acc: 60.00%, Loss: 1.2506
Epoch: 11, Batch: 390, Acc: 59.99%, Loss: 1.2632
Epoch: 11, Batch: 400, Acc: 59.98%, Loss: 1.2848
Epoch: 11, Batch: 410, Acc: 60.00%, Loss: 1.2323
Epoch: 11, Batch: 420, Acc: 60.05%, Loss: 1.2333
Epoch: 11, Batch: 430, Acc: 60.03%, Loss: 1.2719
Epoch: 11, Batch: 440, Acc: 60.09%, Loss: 1.2268
Epoch: 11, Batch: 450, Acc: 60.12%, Loss: 1.2799
Epoch: 11, Batch: 460, Acc: 60.07%, Loss: 1.2736
Epoch: 11, Batch: 470, Acc: 60.18%, Loss: 1.2018
Epoch: 11, Batch: 480, Acc: 60.19%, Loss: 1.2791
Epoch: 11, Batch: 490, Acc: 60.16%, Loss: 1.2409
Epoch: 11, Batch: 500, Acc: 60.06%, Loss: 1.3487
Epoch: 11, Batch: 510, Acc: 60.12%, Loss: 1.2026
Epoch: 11, Batch: 520, Acc: 60.12%, Loss: 1.2726
Epoch: 11, Batch: 530, Acc: 60.17%, Loss: 1.2484
Epoch: 11, Batch: 540, Acc: 60.11%, Loss: 1.3193
Epoch: 11, Batch: 550, Acc: 60.17%, Loss: 1.2015
Epoch: 11, Batch: 560, Acc: 60.15%, Loss: 1.2775
Epoch: 11, Batch: 570, Acc: 60.20%, Loss: 1.2431
Epoch: 11, Batch: 580, Acc: 60.19%, Loss: 1.2657
Epoch: 11, Batch: 590, Acc: 60.14%, Loss: 1.2791
Epoch: 11, Batch: 600, Acc: 60.15%, Loss: 1.2704
Epoch: 11, Batch: 610, Acc: 60.18%, Loss: 1.2648
Epoch: 11, Batch: 620, Acc: 60.24%, Loss: 1.2305
Epoch: 11, Batch: 630, Acc: 60.25%, Loss: 1.2692
Epoch: 11, Batch: 640, Acc: 60.25%, Loss: 1.2655
Epoch: 11, Batch: 650, Acc: 60.22%, Loss: 1.3314
Epoch: 11, Batch: 660, Acc: 60.19%, Loss: 1.2695
Epoch: 11, Batch: 670, Acc: 60.16%, Loss: 1.2952
Epoch: 11, Batch: 680, Acc: 60.14%, Loss: 1.2525
Epoch: 11, Batch: 690, Acc: 60.14%, Loss: 1.2239
Epoch: 11, Batch: 700, Acc: 60.11%, Loss: 1.2552
Epoch: 11, Batch: 710, Acc: 60.12%, Loss: 1.2391
Epoch: 11, Batch: 720, Acc: 60.14%, Loss: 1.2595
Epoch: 11, Batch: 730, Acc: 60.15%, Loss: 1.2292
Epoch: 11, Batch: 740, Acc: 60.18%, Loss: 1.2443
Epoch: 11, Batch: 750, Acc: 60.21%, Loss: 1.2158
Epoch: 11, Batch: 760, Acc: 60.24%, Loss: 1.2172
Epoch: 11, Batch: 770, Acc: 60.28%, Loss: 1.2141
Epoch: 11, Batch: 780, Acc: 60.33%, Loss: 1.2531
Epoch: 11, Batch: 790, Acc: 60.32%, Loss: 1.2384
Epoch: 11, Batch: 800, Acc: 60.33%, Loss: 1.2873
Epoch: 11, Batch: 810, Acc: 60.32%, Loss: 1.2890
Epoch: 11, Batch: 820, Acc: 60.30%, Loss: 1.2843
Epoch: 11, Batch: 830, Acc: 60.30%, Loss: 1.3184
Epoch: 11, Batch: 840, Acc: 60.32%, Loss: 1.2754
Epoch: 11, Batch: 850, Acc: 60.34%, Loss: 1.2421
Epoch: 11, Batch: 860, Acc: 60.36%, Loss: 1.2542
Epoch: 11, Batch: 870, Acc: 60.36%, Loss: 1.2662
Epoch: 11, Batch: 880, Acc: 60.38%, Loss: 1.2360
Epoch: 11, Batch: 890, Acc: 60.34%, Loss: 1.2943
Epoch: 11, Batch: 900, Acc: 60.36%, Loss: 1.2366
Epoch: 11, Batch: 910, Acc: 60.36%, Loss: 1.2428
Epoch: 11, Batch: 920, Acc: 60.37%, Loss: 1.2898
Epoch: 11, Batch: 930, Acc: 60.40%, Loss: 1.2253
Accuracy on test set: 63.08%
Epoch: 12, Batch: 10, Acc: 60.31%, Loss: 1.2362
Epoch: 12, Batch: 20, Acc: 61.17%, Loss: 1.2174
Epoch: 12, Batch: 30, Acc: 61.15%, Loss: 1.2685
Epoch: 12, Batch: 40, Acc: 61.37%, Loss: 1.2240
Epoch: 12, Batch: 50, Acc: 61.16%, Loss: 1.2776
Epoch: 12, Batch: 60, Acc: 61.35%, Loss: 1.2629
Epoch: 12, Batch: 70, Acc: 61.00%, Loss: 1.3017
Epoch: 12, Batch: 80, Acc: 61.04%, Loss: 1.2251
Epoch: 12, Batch: 90, Acc: 61.16%, Loss: 1.1899
Epoch: 12, Batch: 100, Acc: 61.28%, Loss: 1.2093
Epoch: 12, Batch: 110, Acc: 61.41%, Loss: 1.2511
Epoch: 12, Batch: 120, Acc: 61.48%, Loss: 1.2872
Epoch: 12, Batch: 130, Acc: 61.56%, Loss: 1.2153
Epoch: 12, Batch: 140, Acc: 61.40%, Loss: 1.2217
Epoch: 12, Batch: 150, Acc: 61.14%, Loss: 1.3046
Epoch: 12, Batch: 160, Acc: 61.28%, Loss: 1.2224
Epoch: 12, Batch: 170, Acc: 61.30%, Loss: 1.2355
Epoch: 12, Batch: 180, Acc: 61.35%, Loss: 1.2440
Epoch: 12, Batch: 190, Acc: 61.36%, Loss: 1.2146
Epoch: 12, Batch: 200, Acc: 61.26%, Loss: 1.2807
Epoch: 12, Batch: 210, Acc: 61.51%, Loss: 1.1532
Epoch: 12, Batch: 220, Acc: 61.54%, Loss: 1.1979
Epoch: 12, Batch: 230, Acc: 61.67%, Loss: 1.1882
Epoch: 12, Batch: 240, Acc: 61.59%, Loss: 1.2744
Epoch: 12, Batch: 250, Acc: 61.64%, Loss: 1.2405
Epoch: 12, Batch: 260, Acc: 61.63%, Loss: 1.2403
Epoch: 12, Batch: 270, Acc: 61.53%, Loss: 1.2781
Epoch: 12, Batch: 280, Acc: 61.56%, Loss: 1.2483
Epoch: 12, Batch: 290, Acc: 61.66%, Loss: 1.2113
Epoch: 12, Batch: 300, Acc: 61.67%, Loss: 1.2103
Epoch: 12, Batch: 310, Acc: 61.66%, Loss: 1.2655
Epoch: 12, Batch: 320, Acc: 61.55%, Loss: 1.2358
Epoch: 12, Batch: 330, Acc: 61.48%, Loss: 1.2600
Epoch: 12, Batch: 340, Acc: 61.46%, Loss: 1.2196
Epoch: 12, Batch: 350, Acc: 61.46%, Loss: 1.1953
Epoch: 12, Batch: 360, Acc: 61.43%, Loss: 1.2986
Epoch: 12, Batch: 370, Acc: 61.47%, Loss: 1.2659
Epoch: 12, Batch: 380, Acc: 61.48%, Loss: 1.2329
Epoch: 12, Batch: 390, Acc: 61.51%, Loss: 1.2277
Epoch: 12, Batch: 400, Acc: 61.45%, Loss: 1.2591
Epoch: 12, Batch: 410, Acc: 61.46%, Loss: 1.2302
Epoch: 12, Batch: 420, Acc: 61.45%, Loss: 1.2481
Epoch: 12, Batch: 430, Acc: 61.45%, Loss: 1.1867
Epoch: 12, Batch: 440, Acc: 61.42%, Loss: 1.2574
Epoch: 12, Batch: 450, Acc: 61.44%, Loss: 1.2273
Epoch: 12, Batch: 460, Acc: 61.42%, Loss: 1.2159
Epoch: 12, Batch: 470, Acc: 61.35%, Loss: 1.2444
Epoch: 12, Batch: 480, Acc: 61.40%, Loss: 1.2015
Epoch: 12, Batch: 490, Acc: 61.38%, Loss: 1.2968
Epoch: 12, Batch: 500, Acc: 61.39%, Loss: 1.2279
Epoch: 12, Batch: 510, Acc: 61.45%, Loss: 1.2011
Epoch: 12, Batch: 520, Acc: 61.36%, Loss: 1.2802
Epoch: 12, Batch: 530, Acc: 61.34%, Loss: 1.2594
Epoch: 12, Batch: 540, Acc: 61.30%, Loss: 1.3125
Epoch: 12, Batch: 550, Acc: 61.31%, Loss: 1.2501
Epoch: 12, Batch: 560, Acc: 61.25%, Loss: 1.2544
Epoch: 12, Batch: 570, Acc: 61.25%, Loss: 1.2322
Epoch: 12, Batch: 580, Acc: 61.25%, Loss: 1.2596
Epoch: 12, Batch: 590, Acc: 61.21%, Loss: 1.3239
Epoch: 12, Batch: 600, Acc: 61.20%, Loss: 1.2535
Epoch: 12, Batch: 610, Acc: 61.16%, Loss: 1.2652
Epoch: 12, Batch: 620, Acc: 61.17%, Loss: 1.2146
Epoch: 12, Batch: 630, Acc: 61.16%, Loss: 1.1994
Epoch: 12, Batch: 640, Acc: 61.17%, Loss: 1.2117
Epoch: 12, Batch: 650, Acc: 61.16%, Loss: 1.2311
Epoch: 12, Batch: 660, Acc: 61.18%, Loss: 1.2208
Epoch: 12, Batch: 670, Acc: 61.15%, Loss: 1.2361
Epoch: 12, Batch: 680, Acc: 61.11%, Loss: 1.2471
Epoch: 12, Batch: 690, Acc: 61.16%, Loss: 1.1879
Epoch: 12, Batch: 700, Acc: 61.17%, Loss: 1.2766
Epoch: 12, Batch: 710, Acc: 61.19%, Loss: 1.2558
Epoch: 12, Batch: 720, Acc: 61.19%, Loss: 1.2306
Epoch: 12, Batch: 730, Acc: 61.22%, Loss: 1.1669
Epoch: 12, Batch: 740, Acc: 61.23%, Loss: 1.2292
Epoch: 12, Batch: 750, Acc: 61.19%, Loss: 1.2624
Epoch: 12, Batch: 760, Acc: 61.19%, Loss: 1.2529
Epoch: 12, Batch: 770, Acc: 61.12%, Loss: 1.3373
Epoch: 12, Batch: 780, Acc: 61.11%, Loss: 1.2731
Epoch: 12, Batch: 790, Acc: 61.08%, Loss: 1.2593
Epoch: 12, Batch: 800, Acc: 61.04%, Loss: 1.2481
Epoch: 12, Batch: 810, Acc: 61.07%, Loss: 1.2518
Epoch: 12, Batch: 820, Acc: 61.13%, Loss: 1.1804
Epoch: 12, Batch: 830, Acc: 61.17%, Loss: 1.1723
Epoch: 12, Batch: 840, Acc: 61.17%, Loss: 1.2438
Epoch: 12, Batch: 850, Acc: 61.17%, Loss: 1.2654
Epoch: 12, Batch: 860, Acc: 61.19%, Loss: 1.1780
Epoch: 12, Batch: 870, Acc: 61.20%, Loss: 1.2479
Epoch: 12, Batch: 880, Acc: 61.19%, Loss: 1.2334
Epoch: 12, Batch: 890, Acc: 61.19%, Loss: 1.2440
Epoch: 12, Batch: 900, Acc: 61.18%, Loss: 1.2345
Epoch: 12, Batch: 910, Acc: 61.16%, Loss: 1.2955
Epoch: 12, Batch: 920, Acc: 61.15%, Loss: 1.2427
Epoch: 12, Batch: 930, Acc: 61.13%, Loss: 1.2698
Accuracy on test set: 63.79%
Epoch: 13, Batch: 10, Acc: 61.25%, Loss: 1.2342
Epoch: 13, Batch: 20, Acc: 60.23%, Loss: 1.2642
Epoch: 13, Batch: 30, Acc: 60.00%, Loss: 1.2603
Epoch: 13, Batch: 40, Acc: 59.77%, Loss: 1.2352
Epoch: 13, Batch: 50, Acc: 60.19%, Loss: 1.2049
Epoch: 13, Batch: 60, Acc: 60.44%, Loss: 1.1972
Epoch: 13, Batch: 70, Acc: 60.67%, Loss: 1.2182
Epoch: 13, Batch: 80, Acc: 60.62%, Loss: 1.2955
Epoch: 13, Batch: 90, Acc: 60.43%, Loss: 1.2623
Epoch: 13, Batch: 100, Acc: 60.70%, Loss: 1.2380
Epoch: 13, Batch: 110, Acc: 60.87%, Loss: 1.1900
Epoch: 13, Batch: 120, Acc: 61.08%, Loss: 1.1876
Epoch: 13, Batch: 130, Acc: 61.02%, Loss: 1.2680
Epoch: 13, Batch: 140, Acc: 61.26%, Loss: 1.1517
Epoch: 13, Batch: 150, Acc: 61.33%, Loss: 1.2216
Epoch: 13, Batch: 160, Acc: 61.24%, Loss: 1.2218
Epoch: 13, Batch: 170, Acc: 61.38%, Loss: 1.2058
Epoch: 13, Batch: 180, Acc: 61.43%, Loss: 1.2375
Epoch: 13, Batch: 190, Acc: 61.61%, Loss: 1.1498
Epoch: 13, Batch: 200, Acc: 61.62%, Loss: 1.2471
Epoch: 13, Batch: 210, Acc: 61.71%, Loss: 1.2917
Epoch: 13, Batch: 220, Acc: 61.68%, Loss: 1.2658
Epoch: 13, Batch: 230, Acc: 61.62%, Loss: 1.2560
Epoch: 13, Batch: 240, Acc: 61.63%, Loss: 1.2103
Epoch: 13, Batch: 250, Acc: 61.61%, Loss: 1.2311
Epoch: 13, Batch: 260, Acc: 61.66%, Loss: 1.2361
Epoch: 13, Batch: 270, Acc: 61.68%, Loss: 1.2282
Epoch: 13, Batch: 280, Acc: 61.74%, Loss: 1.2102
Epoch: 13, Batch: 290, Acc: 61.66%, Loss: 1.2590
Epoch: 13, Batch: 300, Acc: 61.62%, Loss: 1.2770
Epoch: 13, Batch: 310, Acc: 61.61%, Loss: 1.1898
Epoch: 13, Batch: 320, Acc: 61.54%, Loss: 1.2416
Epoch: 13, Batch: 330, Acc: 61.50%, Loss: 1.2359
Epoch: 13, Batch: 340, Acc: 61.64%, Loss: 1.1833
Epoch: 13, Batch: 350, Acc: 61.70%, Loss: 1.2027
Epoch: 13, Batch: 360, Acc: 61.70%, Loss: 1.2119
Epoch: 13, Batch: 370, Acc: 61.70%, Loss: 1.2152
Epoch: 13, Batch: 380, Acc: 61.68%, Loss: 1.2426
Epoch: 13, Batch: 390, Acc: 61.61%, Loss: 1.2864
Epoch: 13, Batch: 400, Acc: 61.64%, Loss: 1.2065
Epoch: 13, Batch: 410, Acc: 61.65%, Loss: 1.2125
Epoch: 13, Batch: 420, Acc: 61.71%, Loss: 1.1489
Epoch: 13, Batch: 430, Acc: 61.68%, Loss: 1.2302
Epoch: 13, Batch: 440, Acc: 61.66%, Loss: 1.2065
Epoch: 13, Batch: 450, Acc: 61.66%, Loss: 1.1827
Epoch: 13, Batch: 460, Acc: 61.60%, Loss: 1.2571
Epoch: 13, Batch: 470, Acc: 61.63%, Loss: 1.2104
Epoch: 13, Batch: 480, Acc: 61.62%, Loss: 1.2393
Epoch: 13, Batch: 490, Acc: 61.65%, Loss: 1.1866
Epoch: 13, Batch: 500, Acc: 61.71%, Loss: 1.1622
Epoch: 13, Batch: 510, Acc: 61.67%, Loss: 1.2660
Epoch: 13, Batch: 520, Acc: 61.71%, Loss: 1.1900
Epoch: 13, Batch: 530, Acc: 61.70%, Loss: 1.1899
Epoch: 13, Batch: 540, Acc: 61.70%, Loss: 1.2290
Epoch: 13, Batch: 550, Acc: 61.71%, Loss: 1.1831
Epoch: 13, Batch: 560, Acc: 61.67%, Loss: 1.2374
Epoch: 13, Batch: 570, Acc: 61.69%, Loss: 1.1843
Epoch: 13, Batch: 580, Acc: 61.66%, Loss: 1.1967
Epoch: 13, Batch: 590, Acc: 61.68%, Loss: 1.2157
Epoch: 13, Batch: 600, Acc: 61.69%, Loss: 1.2366
Epoch: 13, Batch: 610, Acc: 61.69%, Loss: 1.2162
Epoch: 13, Batch: 620, Acc: 61.71%, Loss: 1.2268
Epoch: 13, Batch: 630, Acc: 61.70%, Loss: 1.2664
Epoch: 13, Batch: 640, Acc: 61.74%, Loss: 1.1878
Epoch: 13, Batch: 650, Acc: 61.73%, Loss: 1.2237
Epoch: 13, Batch: 660, Acc: 61.74%, Loss: 1.2072
Epoch: 13, Batch: 670, Acc: 61.73%, Loss: 1.2905
Epoch: 13, Batch: 680, Acc: 61.72%, Loss: 1.2789
Epoch: 13, Batch: 690, Acc: 61.76%, Loss: 1.1752
Epoch: 13, Batch: 700, Acc: 61.76%, Loss: 1.2025
Epoch: 13, Batch: 710, Acc: 61.73%, Loss: 1.2809
Epoch: 13, Batch: 720, Acc: 61.73%, Loss: 1.2238
Epoch: 13, Batch: 730, Acc: 61.70%, Loss: 1.2631
Epoch: 13, Batch: 740, Acc: 61.74%, Loss: 1.1918
Epoch: 13, Batch: 750, Acc: 61.76%, Loss: 1.1912
Epoch: 13, Batch: 760, Acc: 61.74%, Loss: 1.2195
Epoch: 13, Batch: 770, Acc: 61.66%, Loss: 1.3361
Epoch: 13, Batch: 780, Acc: 61.64%, Loss: 1.2394
Epoch: 13, Batch: 790, Acc: 61.66%, Loss: 1.1993
Epoch: 13, Batch: 800, Acc: 61.69%, Loss: 1.1450
Epoch: 13, Batch: 810, Acc: 61.70%, Loss: 1.2195
Epoch: 13, Batch: 820, Acc: 61.68%, Loss: 1.2437
Epoch: 13, Batch: 830, Acc: 61.71%, Loss: 1.1462
Epoch: 13, Batch: 840, Acc: 61.69%, Loss: 1.2036
Epoch: 13, Batch: 850, Acc: 61.65%, Loss: 1.2902
Epoch: 13, Batch: 860, Acc: 61.66%, Loss: 1.2045
Epoch: 13, Batch: 870, Acc: 61.64%, Loss: 1.1828
Epoch: 13, Batch: 880, Acc: 61.65%, Loss: 1.1897
Epoch: 13, Batch: 890, Acc: 61.68%, Loss: 1.1502
Epoch: 13, Batch: 900, Acc: 61.68%, Loss: 1.2804
Epoch: 13, Batch: 910, Acc: 61.70%, Loss: 1.1873
Epoch: 13, Batch: 920, Acc: 61.70%, Loss: 1.1748
Epoch: 13, Batch: 930, Acc: 61.69%, Loss: 1.2351
Accuracy on test set: 64.37%
Epoch: 14, Batch: 10, Acc: 63.28%, Loss: 1.1770
Epoch: 14, Batch: 20, Acc: 61.80%, Loss: 1.2424
Epoch: 14, Batch: 30, Acc: 62.03%, Loss: 1.1978
Epoch: 14, Batch: 40, Acc: 61.99%, Loss: 1.2121
Epoch: 14, Batch: 50, Acc: 62.25%, Loss: 1.2085
Epoch: 14, Batch: 60, Acc: 62.81%, Loss: 1.1748
Epoch: 14, Batch: 70, Acc: 62.61%, Loss: 1.2303
Epoch: 14, Batch: 80, Acc: 62.56%, Loss: 1.2429
Epoch: 14, Batch: 90, Acc: 62.67%, Loss: 1.1823
Epoch: 14, Batch: 100, Acc: 62.69%, Loss: 1.2456
Epoch: 14, Batch: 110, Acc: 62.50%, Loss: 1.1870
Epoch: 14, Batch: 120, Acc: 62.43%, Loss: 1.2271
Epoch: 14, Batch: 130, Acc: 62.48%, Loss: 1.1566
Epoch: 14, Batch: 140, Acc: 62.28%, Loss: 1.3102
Epoch: 14, Batch: 150, Acc: 62.34%, Loss: 1.2046
Epoch: 14, Batch: 160, Acc: 62.15%, Loss: 1.2614
Epoch: 14, Batch: 170, Acc: 62.14%, Loss: 1.2697
Epoch: 14, Batch: 180, Acc: 62.09%, Loss: 1.2549
Epoch: 14, Batch: 190, Acc: 62.11%, Loss: 1.2142
Epoch: 14, Batch: 200, Acc: 62.05%, Loss: 1.2466
Epoch: 14, Batch: 210, Acc: 61.99%, Loss: 1.2523
Epoch: 14, Batch: 220, Acc: 61.88%, Loss: 1.2848
Epoch: 14, Batch: 230, Acc: 62.02%, Loss: 1.1509
Epoch: 14, Batch: 240, Acc: 62.18%, Loss: 1.1314
Epoch: 14, Batch: 250, Acc: 62.18%, Loss: 1.2032
Epoch: 14, Batch: 260, Acc: 62.25%, Loss: 1.1760
Epoch: 14, Batch: 270, Acc: 62.15%, Loss: 1.2432
Epoch: 14, Batch: 280, Acc: 62.24%, Loss: 1.1677
Epoch: 14, Batch: 290, Acc: 62.13%, Loss: 1.2512
Epoch: 14, Batch: 300, Acc: 62.03%, Loss: 1.2342
Epoch: 14, Batch: 310, Acc: 61.93%, Loss: 1.2531
Epoch: 14, Batch: 320, Acc: 61.99%, Loss: 1.1755
Epoch: 14, Batch: 330, Acc: 61.97%, Loss: 1.2346
Epoch: 14, Batch: 340, Acc: 61.97%, Loss: 1.2109
Epoch: 14, Batch: 350, Acc: 61.90%, Loss: 1.2486
Epoch: 14, Batch: 360, Acc: 62.04%, Loss: 1.1021
Epoch: 14, Batch: 370, Acc: 62.07%, Loss: 1.1817
Epoch: 14, Batch: 380, Acc: 61.99%, Loss: 1.2671
Epoch: 14, Batch: 390, Acc: 62.02%, Loss: 1.2235
Epoch: 14, Batch: 400, Acc: 62.00%, Loss: 1.2501
Epoch: 14, Batch: 410, Acc: 62.04%, Loss: 1.1822
Epoch: 14, Batch: 420, Acc: 62.05%, Loss: 1.2016
Epoch: 14, Batch: 430, Acc: 62.01%, Loss: 1.2487
Epoch: 14, Batch: 440, Acc: 62.04%, Loss: 1.1714
Epoch: 14, Batch: 450, Acc: 62.01%, Loss: 1.2067
Epoch: 14, Batch: 460, Acc: 61.98%, Loss: 1.2029
Epoch: 14, Batch: 470, Acc: 61.93%, Loss: 1.2404
Epoch: 14, Batch: 480, Acc: 61.97%, Loss: 1.1640
Epoch: 14, Batch: 490, Acc: 62.00%, Loss: 1.1709
Epoch: 14, Batch: 500, Acc: 62.02%, Loss: 1.2009
Epoch: 14, Batch: 510, Acc: 62.06%, Loss: 1.1819
Epoch: 14, Batch: 520, Acc: 62.12%, Loss: 1.1810
Epoch: 14, Batch: 530, Acc: 62.11%, Loss: 1.2455
Epoch: 14, Batch: 540, Acc: 62.10%, Loss: 1.1988
Epoch: 14, Batch: 550, Acc: 62.12%, Loss: 1.1362
Epoch: 14, Batch: 560, Acc: 62.07%, Loss: 1.2207
Epoch: 14, Batch: 570, Acc: 62.08%, Loss: 1.1915
Epoch: 14, Batch: 580, Acc: 62.09%, Loss: 1.2355
Epoch: 14, Batch: 590, Acc: 62.09%, Loss: 1.2602
Epoch: 14, Batch: 600, Acc: 62.06%, Loss: 1.2315
Epoch: 14, Batch: 610, Acc: 62.01%, Loss: 1.2578
Epoch: 14, Batch: 620, Acc: 62.01%, Loss: 1.1732
Epoch: 14, Batch: 630, Acc: 62.05%, Loss: 1.1474
Epoch: 14, Batch: 640, Acc: 62.06%, Loss: 1.1832
Epoch: 14, Batch: 650, Acc: 62.06%, Loss: 1.1997
Epoch: 14, Batch: 660, Acc: 62.06%, Loss: 1.2267
Epoch: 14, Batch: 670, Acc: 62.07%, Loss: 1.1920
Epoch: 14, Batch: 680, Acc: 62.03%, Loss: 1.2158
Epoch: 14, Batch: 690, Acc: 62.03%, Loss: 1.2121
Epoch: 14, Batch: 700, Acc: 62.06%, Loss: 1.2054
Epoch: 14, Batch: 710, Acc: 62.06%, Loss: 1.2069
Epoch: 14, Batch: 720, Acc: 62.09%, Loss: 1.1704
Epoch: 14, Batch: 730, Acc: 62.11%, Loss: 1.1549
Epoch: 14, Batch: 740, Acc: 62.09%, Loss: 1.2213
Epoch: 14, Batch: 750, Acc: 62.10%, Loss: 1.1758
Epoch: 14, Batch: 760, Acc: 62.13%, Loss: 1.0999
Epoch: 14, Batch: 770, Acc: 62.13%, Loss: 1.1774
Epoch: 14, Batch: 780, Acc: 62.14%, Loss: 1.2102
Epoch: 14, Batch: 790, Acc: 62.19%, Loss: 1.1436
Epoch: 14, Batch: 800, Acc: 62.22%, Loss: 1.1452
Epoch: 14, Batch: 810, Acc: 62.20%, Loss: 1.2168
Epoch: 14, Batch: 820, Acc: 62.22%, Loss: 1.1412
Epoch: 14, Batch: 830, Acc: 62.22%, Loss: 1.2120
Epoch: 14, Batch: 840, Acc: 62.19%, Loss: 1.2230
Epoch: 14, Batch: 850, Acc: 62.16%, Loss: 1.2187
Epoch: 14, Batch: 860, Acc: 62.16%, Loss: 1.2065
Epoch: 14, Batch: 870, Acc: 62.15%, Loss: 1.2347
Epoch: 14, Batch: 880, Acc: 62.19%, Loss: 1.1432
Epoch: 14, Batch: 890, Acc: 62.13%, Loss: 1.2882
Epoch: 14, Batch: 900, Acc: 62.17%, Loss: 1.1972
Epoch: 14, Batch: 910, Acc: 62.18%, Loss: 1.1945
Epoch: 14, Batch: 920, Acc: 62.14%, Loss: 1.2354
Epoch: 14, Batch: 930, Acc: 62.16%, Loss: 1.2239
Accuracy on test set: 64.77%
Epoch: 15, Batch: 10, Acc: 60.47%, Loss: 1.2103
Epoch: 15, Batch: 20, Acc: 61.25%, Loss: 1.2041
Epoch: 15, Batch: 30, Acc: 62.03%, Loss: 1.1629
Epoch: 15, Batch: 40, Acc: 61.56%, Loss: 1.2612
Epoch: 15, Batch: 50, Acc: 62.03%, Loss: 1.1776
Epoch: 15, Batch: 60, Acc: 61.93%, Loss: 1.2551
Epoch: 15, Batch: 70, Acc: 62.14%, Loss: 1.1793
Epoch: 15, Batch: 80, Acc: 61.99%, Loss: 1.2284
Epoch: 15, Batch: 90, Acc: 62.22%, Loss: 1.1547
Epoch: 15, Batch: 100, Acc: 62.27%, Loss: 1.1908
Epoch: 15, Batch: 110, Acc: 61.86%, Loss: 1.2775
Epoch: 15, Batch: 120, Acc: 62.07%, Loss: 1.1919
Epoch: 15, Batch: 130, Acc: 62.27%, Loss: 1.1574
Epoch: 15, Batch: 140, Acc: 62.35%, Loss: 1.1605
Epoch: 15, Batch: 150, Acc: 62.29%, Loss: 1.2103
Epoch: 15, Batch: 160, Acc: 62.38%, Loss: 1.1791
Epoch: 15, Batch: 170, Acc: 62.30%, Loss: 1.1965
Epoch: 15, Batch: 180, Acc: 62.28%, Loss: 1.2252
Epoch: 15, Batch: 190, Acc: 62.42%, Loss: 1.1216
Epoch: 15, Batch: 200, Acc: 62.41%, Loss: 1.2144
Epoch: 15, Batch: 210, Acc: 62.19%, Loss: 1.2880
Epoch: 15, Batch: 220, Acc: 62.22%, Loss: 1.1741
Epoch: 15, Batch: 230, Acc: 62.20%, Loss: 1.1896
Epoch: 15, Batch: 240, Acc: 62.13%, Loss: 1.2824
Epoch: 15, Batch: 250, Acc: 62.17%, Loss: 1.1701
Epoch: 15, Batch: 260, Acc: 62.27%, Loss: 1.2019
Epoch: 15, Batch: 270, Acc: 62.29%, Loss: 1.1659
Epoch: 15, Batch: 280, Acc: 62.18%, Loss: 1.2681
Epoch: 15, Batch: 290, Acc: 62.11%, Loss: 1.2605
Epoch: 15, Batch: 300, Acc: 62.14%, Loss: 1.1807
Epoch: 15, Batch: 310, Acc: 62.12%, Loss: 1.1794
Epoch: 15, Batch: 320, Acc: 62.19%, Loss: 1.1604
Epoch: 15, Batch: 330, Acc: 62.16%, Loss: 1.2411
Epoch: 15, Batch: 340, Acc: 62.16%, Loss: 1.1811
Epoch: 15, Batch: 350, Acc: 62.15%, Loss: 1.2301
Epoch: 15, Batch: 360, Acc: 62.20%, Loss: 1.1250
Epoch: 15, Batch: 370, Acc: 62.22%, Loss: 1.1744
Epoch: 15, Batch: 380, Acc: 62.28%, Loss: 1.1521
Epoch: 15, Batch: 390, Acc: 62.30%, Loss: 1.1914
Epoch: 15, Batch: 400, Acc: 62.29%, Loss: 1.2312
Epoch: 15, Batch: 410, Acc: 62.26%, Loss: 1.2481
Epoch: 15, Batch: 420, Acc: 62.33%, Loss: 1.1560
Epoch: 15, Batch: 430, Acc: 62.25%, Loss: 1.2528
Epoch: 15, Batch: 440, Acc: 62.29%, Loss: 1.1626
Epoch: 15, Batch: 450, Acc: 62.27%, Loss: 1.1554
Epoch: 15, Batch: 460, Acc: 62.32%, Loss: 1.1318
Epoch: 15, Batch: 470, Acc: 62.31%, Loss: 1.2056
Epoch: 15, Batch: 480, Acc: 62.30%, Loss: 1.2827
Epoch: 15, Batch: 490, Acc: 62.28%, Loss: 1.2404
Epoch: 15, Batch: 500, Acc: 62.36%, Loss: 1.1427
Epoch: 15, Batch: 510, Acc: 62.36%, Loss: 1.2082
Epoch: 15, Batch: 520, Acc: 62.30%, Loss: 1.1954
Epoch: 15, Batch: 530, Acc: 62.30%, Loss: 1.2006
Epoch: 15, Batch: 540, Acc: 62.31%, Loss: 1.1945
Epoch: 15, Batch: 550, Acc: 62.34%, Loss: 1.1923
Epoch: 15, Batch: 560, Acc: 62.33%, Loss: 1.1957
Epoch: 15, Batch: 570, Acc: 62.38%, Loss: 1.1135
Epoch: 15, Batch: 580, Acc: 62.41%, Loss: 1.1398
Epoch: 15, Batch: 590, Acc: 62.43%, Loss: 1.1976
Epoch: 15, Batch: 600, Acc: 62.47%, Loss: 1.2452
Epoch: 15, Batch: 610, Acc: 62.48%, Loss: 1.1686
Epoch: 15, Batch: 620, Acc: 62.48%, Loss: 1.1914
Epoch: 15, Batch: 630, Acc: 62.44%, Loss: 1.2480
Epoch: 15, Batch: 640, Acc: 62.42%, Loss: 1.2500
Epoch: 15, Batch: 650, Acc: 62.40%, Loss: 1.1549
Epoch: 15, Batch: 660, Acc: 62.43%, Loss: 1.1900
Epoch: 15, Batch: 670, Acc: 62.41%, Loss: 1.1878
Epoch: 15, Batch: 680, Acc: 62.39%, Loss: 1.1832
Epoch: 15, Batch: 690, Acc: 62.39%, Loss: 1.1702
Epoch: 15, Batch: 700, Acc: 62.37%, Loss: 1.2361
Epoch: 15, Batch: 710, Acc: 62.41%, Loss: 1.1618
Epoch: 15, Batch: 720, Acc: 62.42%, Loss: 1.2637
Epoch: 15, Batch: 730, Acc: 62.45%, Loss: 1.1219
Epoch: 15, Batch: 740, Acc: 62.44%, Loss: 1.2473
Epoch: 15, Batch: 750, Acc: 62.45%, Loss: 1.1557
Epoch: 15, Batch: 760, Acc: 62.49%, Loss: 1.1582
Epoch: 15, Batch: 770, Acc: 62.50%, Loss: 1.1972
Epoch: 15, Batch: 780, Acc: 62.50%, Loss: 1.1723
Epoch: 15, Batch: 790, Acc: 62.51%, Loss: 1.1711
Epoch: 15, Batch: 800, Acc: 62.50%, Loss: 1.2756
Epoch: 15, Batch: 810, Acc: 62.51%, Loss: 1.1795
Epoch: 15, Batch: 820, Acc: 62.52%, Loss: 1.2211
Epoch: 15, Batch: 830, Acc: 62.48%, Loss: 1.1987
Epoch: 15, Batch: 840, Acc: 62.45%, Loss: 1.1986
Epoch: 15, Batch: 850, Acc: 62.45%, Loss: 1.1619
Epoch: 15, Batch: 860, Acc: 62.47%, Loss: 1.1843
Epoch: 15, Batch: 870, Acc: 62.49%, Loss: 1.1481
Epoch: 15, Batch: 880, Acc: 62.51%, Loss: 1.1565
Epoch: 15, Batch: 890, Acc: 62.49%, Loss: 1.1846
Epoch: 15, Batch: 900, Acc: 62.51%, Loss: 1.1720
Epoch: 15, Batch: 910, Acc: 62.53%, Loss: 1.1355
Epoch: 15, Batch: 920, Acc: 62.53%, Loss: 1.1870
Epoch: 15, Batch: 930, Acc: 62.50%, Loss: 1.2361
Accuracy on test set: 65.04%
Epoch: 16, Batch: 10, Acc: 61.41%, Loss: 1.2436
Epoch: 16, Batch: 20, Acc: 60.86%, Loss: 1.2580
Epoch: 16, Batch: 30, Acc: 61.56%, Loss: 1.2263
Epoch: 16, Batch: 40, Acc: 61.72%, Loss: 1.1595
Epoch: 16, Batch: 50, Acc: 62.44%, Loss: 1.1651
Epoch: 16, Batch: 60, Acc: 62.45%, Loss: 1.2300
Epoch: 16, Batch: 70, Acc: 62.37%, Loss: 1.1852
Epoch: 16, Batch: 80, Acc: 62.09%, Loss: 1.1868
Epoch: 16, Batch: 90, Acc: 62.29%, Loss: 1.1601
Epoch: 16, Batch: 100, Acc: 62.30%, Loss: 1.2325
Epoch: 16, Batch: 110, Acc: 62.43%, Loss: 1.1437
Epoch: 16, Batch: 120, Acc: 62.62%, Loss: 1.1762
Epoch: 16, Batch: 130, Acc: 62.45%, Loss: 1.2177
Epoch: 16, Batch: 140, Acc: 62.17%, Loss: 1.2141
Epoch: 16, Batch: 150, Acc: 62.27%, Loss: 1.1506
Epoch: 16, Batch: 160, Acc: 62.32%, Loss: 1.2122
Epoch: 16, Batch: 170, Acc: 62.36%, Loss: 1.1736
Epoch: 16, Batch: 180, Acc: 62.42%, Loss: 1.1830
Epoch: 16, Batch: 190, Acc: 62.39%, Loss: 1.1694
Epoch: 16, Batch: 200, Acc: 62.35%, Loss: 1.2060
Epoch: 16, Batch: 210, Acc: 62.40%, Loss: 1.1951
Epoch: 16, Batch: 220, Acc: 62.39%, Loss: 1.1897
Epoch: 16, Batch: 230, Acc: 62.30%, Loss: 1.2180
Epoch: 16, Batch: 240, Acc: 62.29%, Loss: 1.1712
Epoch: 16, Batch: 250, Acc: 62.31%, Loss: 1.1943
Epoch: 16, Batch: 260, Acc: 62.19%, Loss: 1.2345
Epoch: 16, Batch: 270, Acc: 62.22%, Loss: 1.1727
Epoch: 16, Batch: 280, Acc: 62.14%, Loss: 1.1891
Epoch: 16, Batch: 290, Acc: 62.26%, Loss: 1.1637
Epoch: 16, Batch: 300, Acc: 62.21%, Loss: 1.2096
Epoch: 16, Batch: 310, Acc: 62.17%, Loss: 1.2329
Epoch: 16, Batch: 320, Acc: 62.29%, Loss: 1.1316
Epoch: 16, Batch: 330, Acc: 62.30%, Loss: 1.1738
Epoch: 16, Batch: 340, Acc: 62.31%, Loss: 1.1777
Epoch: 16, Batch: 350, Acc: 62.29%, Loss: 1.1969
Epoch: 16, Batch: 360, Acc: 62.42%, Loss: 1.1163
Epoch: 16, Batch: 370, Acc: 62.43%, Loss: 1.2199
Epoch: 16, Batch: 380, Acc: 62.37%, Loss: 1.1946
Epoch: 16, Batch: 390, Acc: 62.32%, Loss: 1.2499
Epoch: 16, Batch: 400, Acc: 62.30%, Loss: 1.2129
Epoch: 16, Batch: 410, Acc: 62.31%, Loss: 1.1836
Epoch: 16, Batch: 420, Acc: 62.33%, Loss: 1.1514
Epoch: 16, Batch: 430, Acc: 62.36%, Loss: 1.1861
Epoch: 16, Batch: 440, Acc: 62.38%, Loss: 1.1499
Epoch: 16, Batch: 450, Acc: 62.39%, Loss: 1.2040
Epoch: 16, Batch: 460, Acc: 62.35%, Loss: 1.2290
Epoch: 16, Batch: 470, Acc: 62.31%, Loss: 1.2121
Epoch: 16, Batch: 480, Acc: 62.31%, Loss: 1.2027
Epoch: 16, Batch: 490, Acc: 62.29%, Loss: 1.2029
Epoch: 16, Batch: 500, Acc: 62.37%, Loss: 1.0963
Epoch: 16, Batch: 510, Acc: 62.41%, Loss: 1.1678
Epoch: 16, Batch: 520, Acc: 62.52%, Loss: 1.1466
Epoch: 16, Batch: 530, Acc: 62.54%, Loss: 1.1821
Epoch: 16, Batch: 540, Acc: 62.57%, Loss: 1.2002
Epoch: 16, Batch: 550, Acc: 62.58%, Loss: 1.2015
Epoch: 16, Batch: 560, Acc: 62.59%, Loss: 1.1660
Epoch: 16, Batch: 570, Acc: 62.59%, Loss: 1.2113
Epoch: 16, Batch: 580, Acc: 62.57%, Loss: 1.2045
Epoch: 16, Batch: 590, Acc: 62.60%, Loss: 1.1646
Epoch: 16, Batch: 600, Acc: 62.57%, Loss: 1.2665
Epoch: 16, Batch: 610, Acc: 62.58%, Loss: 1.1556
Epoch: 16, Batch: 620, Acc: 62.60%, Loss: 1.2059
Epoch: 16, Batch: 630, Acc: 62.59%, Loss: 1.2401
Epoch: 16, Batch: 640, Acc: 62.59%, Loss: 1.1878
Epoch: 16, Batch: 650, Acc: 62.57%, Loss: 1.2401
Epoch: 16, Batch: 660, Acc: 62.59%, Loss: 1.1969
Epoch: 16, Batch: 670, Acc: 62.57%, Loss: 1.2635
Epoch: 16, Batch: 680, Acc: 62.60%, Loss: 1.1419
Epoch: 16, Batch: 690, Acc: 62.57%, Loss: 1.2431
Epoch: 16, Batch: 700, Acc: 62.57%, Loss: 1.1787
Epoch: 16, Batch: 710, Acc: 62.60%, Loss: 1.1404
Epoch: 16, Batch: 720, Acc: 62.56%, Loss: 1.2373
Epoch: 16, Batch: 730, Acc: 62.61%, Loss: 1.1463
Epoch: 16, Batch: 740, Acc: 62.63%, Loss: 1.1512
Epoch: 16, Batch: 750, Acc: 62.64%, Loss: 1.1218
Epoch: 16, Batch: 760, Acc: 62.69%, Loss: 1.1059
Epoch: 16, Batch: 770, Acc: 62.69%, Loss: 1.1566
Epoch: 16, Batch: 780, Acc: 62.70%, Loss: 1.1847
Epoch: 16, Batch: 790, Acc: 62.73%, Loss: 1.1451
Epoch: 16, Batch: 800, Acc: 62.73%, Loss: 1.1874
Epoch: 16, Batch: 810, Acc: 62.69%, Loss: 1.2336
Epoch: 16, Batch: 820, Acc: 62.69%, Loss: 1.1449
Epoch: 16, Batch: 830, Acc: 62.66%, Loss: 1.2396
Epoch: 16, Batch: 840, Acc: 62.68%, Loss: 1.1624
Epoch: 16, Batch: 850, Acc: 62.68%, Loss: 1.1891
Epoch: 16, Batch: 860, Acc: 62.68%, Loss: 1.1936
Epoch: 16, Batch: 870, Acc: 62.68%, Loss: 1.1217
Epoch: 16, Batch: 880, Acc: 62.68%, Loss: 1.1234
Epoch: 16, Batch: 890, Acc: 62.71%, Loss: 1.1133
Epoch: 16, Batch: 900, Acc: 62.71%, Loss: 1.1784
Epoch: 16, Batch: 910, Acc: 62.73%, Loss: 1.1551
Epoch: 16, Batch: 920, Acc: 62.73%, Loss: 1.1823
Epoch: 16, Batch: 930, Acc: 62.75%, Loss: 1.1817
Accuracy on test set: 65.36%
Epoch: 17, Batch: 10, Acc: 62.34%, Loss: 1.1612
Epoch: 17, Batch: 20, Acc: 60.94%, Loss: 1.1961
Epoch: 17, Batch: 30, Acc: 60.52%, Loss: 1.2287
Epoch: 17, Batch: 40, Acc: 61.56%, Loss: 1.1186
Epoch: 17, Batch: 50, Acc: 62.88%, Loss: 1.0541
Epoch: 17, Batch: 60, Acc: 62.66%, Loss: 1.2580
Epoch: 17, Batch: 70, Acc: 62.52%, Loss: 1.1812
Epoch: 17, Batch: 80, Acc: 62.34%, Loss: 1.2307
Epoch: 17, Batch: 90, Acc: 62.24%, Loss: 1.1869
Epoch: 17, Batch: 100, Acc: 62.03%, Loss: 1.2424
Epoch: 17, Batch: 110, Acc: 62.20%, Loss: 1.1293
Epoch: 17, Batch: 120, Acc: 62.30%, Loss: 1.1749
Epoch: 17, Batch: 130, Acc: 62.36%, Loss: 1.2108
Epoch: 17, Batch: 140, Acc: 62.48%, Loss: 1.1207
Epoch: 17, Batch: 150, Acc: 62.46%, Loss: 1.2141
Epoch: 17, Batch: 160, Acc: 62.63%, Loss: 1.1546
Epoch: 17, Batch: 170, Acc: 62.89%, Loss: 1.1711
Epoch: 17, Batch: 180, Acc: 62.83%, Loss: 1.1495
Epoch: 17, Batch: 190, Acc: 62.71%, Loss: 1.2256
Epoch: 17, Batch: 200, Acc: 62.67%, Loss: 1.1816
Epoch: 17, Batch: 210, Acc: 62.73%, Loss: 1.2013
Epoch: 17, Batch: 220, Acc: 62.84%, Loss: 1.2368
Epoch: 17, Batch: 230, Acc: 62.81%, Loss: 1.1599
Epoch: 17, Batch: 240, Acc: 62.79%, Loss: 1.1586
Epoch: 17, Batch: 250, Acc: 62.92%, Loss: 1.1930
Epoch: 17, Batch: 260, Acc: 62.94%, Loss: 1.1895
Epoch: 17, Batch: 270, Acc: 63.00%, Loss: 1.1650
Epoch: 17, Batch: 280, Acc: 63.04%, Loss: 1.1333
Epoch: 17, Batch: 290, Acc: 63.02%, Loss: 1.2135
Epoch: 17, Batch: 300, Acc: 62.88%, Loss: 1.2503
Epoch: 17, Batch: 310, Acc: 62.95%, Loss: 1.1309
Epoch: 17, Batch: 320, Acc: 62.93%, Loss: 1.1875
Epoch: 17, Batch: 330, Acc: 62.90%, Loss: 1.1971
Epoch: 17, Batch: 340, Acc: 62.95%, Loss: 1.1436
Epoch: 17, Batch: 350, Acc: 62.96%, Loss: 1.1491
Epoch: 17, Batch: 360, Acc: 62.97%, Loss: 1.1393
Epoch: 17, Batch: 370, Acc: 63.03%, Loss: 1.1278
Epoch: 17, Batch: 380, Acc: 63.07%, Loss: 1.1653
Epoch: 17, Batch: 390, Acc: 63.09%, Loss: 1.1357
Epoch: 17, Batch: 400, Acc: 63.05%, Loss: 1.2090
Epoch: 17, Batch: 410, Acc: 63.03%, Loss: 1.1775
Epoch: 17, Batch: 420, Acc: 63.08%, Loss: 1.1898
Epoch: 17, Batch: 430, Acc: 63.04%, Loss: 1.2009
Epoch: 17, Batch: 440, Acc: 63.07%, Loss: 1.1723
Epoch: 17, Batch: 450, Acc: 63.06%, Loss: 1.1621
Epoch: 17, Batch: 460, Acc: 63.09%, Loss: 1.1729
Epoch: 17, Batch: 470, Acc: 63.12%, Loss: 1.1369
Epoch: 17, Batch: 480, Acc: 63.15%, Loss: 1.1144
Epoch: 17, Batch: 490, Acc: 63.15%, Loss: 1.1523
Epoch: 17, Batch: 500, Acc: 63.16%, Loss: 1.1145
Epoch: 17, Batch: 510, Acc: 63.13%, Loss: 1.2132
Epoch: 17, Batch: 520, Acc: 63.12%, Loss: 1.1778
Epoch: 17, Batch: 530, Acc: 63.18%, Loss: 1.1840
Epoch: 17, Batch: 540, Acc: 63.17%, Loss: 1.1964
Epoch: 17, Batch: 550, Acc: 63.11%, Loss: 1.1923
Epoch: 17, Batch: 560, Acc: 63.11%, Loss: 1.2120
Epoch: 17, Batch: 570, Acc: 63.10%, Loss: 1.1372
Epoch: 17, Batch: 580, Acc: 63.06%, Loss: 1.1877
Epoch: 17, Batch: 590, Acc: 63.07%, Loss: 1.1796
Epoch: 17, Batch: 600, Acc: 63.12%, Loss: 1.1549
Epoch: 17, Batch: 610, Acc: 63.16%, Loss: 1.1224
Epoch: 17, Batch: 620, Acc: 63.15%, Loss: 1.1968
Epoch: 17, Batch: 630, Acc: 63.18%, Loss: 1.1274
Epoch: 17, Batch: 640, Acc: 63.20%, Loss: 1.1561
Epoch: 17, Batch: 650, Acc: 63.21%, Loss: 1.1960
Epoch: 17, Batch: 660, Acc: 63.18%, Loss: 1.2156
Epoch: 17, Batch: 670, Acc: 63.22%, Loss: 1.1427
Epoch: 17, Batch: 680, Acc: 63.18%, Loss: 1.2245
Epoch: 17, Batch: 690, Acc: 63.16%, Loss: 1.1733
Epoch: 17, Batch: 700, Acc: 63.15%, Loss: 1.1926
Epoch: 17, Batch: 710, Acc: 63.16%, Loss: 1.1452
Epoch: 17, Batch: 720, Acc: 63.15%, Loss: 1.1612
Epoch: 17, Batch: 730, Acc: 63.15%, Loss: 1.2116
Epoch: 17, Batch: 740, Acc: 63.13%, Loss: 1.2345
Epoch: 17, Batch: 750, Acc: 63.10%, Loss: 1.2162
Epoch: 17, Batch: 760, Acc: 63.10%, Loss: 1.1726
Epoch: 17, Batch: 770, Acc: 63.09%, Loss: 1.2377
Epoch: 17, Batch: 780, Acc: 63.08%, Loss: 1.1682
Epoch: 17, Batch: 790, Acc: 63.09%, Loss: 1.1747
Epoch: 17, Batch: 800, Acc: 63.08%, Loss: 1.2157
Epoch: 17, Batch: 810, Acc: 63.04%, Loss: 1.2059
Epoch: 17, Batch: 820, Acc: 63.06%, Loss: 1.1563
Epoch: 17, Batch: 830, Acc: 63.07%, Loss: 1.1396
Epoch: 17, Batch: 840, Acc: 63.05%, Loss: 1.1480
Epoch: 17, Batch: 850, Acc: 63.09%, Loss: 1.1463
Epoch: 17, Batch: 860, Acc: 63.06%, Loss: 1.2254
Epoch: 17, Batch: 870, Acc: 63.05%, Loss: 1.1579
Epoch: 17, Batch: 880, Acc: 63.04%, Loss: 1.1960
Epoch: 17, Batch: 890, Acc: 63.02%, Loss: 1.1718
Epoch: 17, Batch: 900, Acc: 62.97%, Loss: 1.3349
Epoch: 17, Batch: 910, Acc: 62.99%, Loss: 1.1540
Epoch: 17, Batch: 920, Acc: 63.02%, Loss: 1.1773
Epoch: 17, Batch: 930, Acc: 63.00%, Loss: 1.2096
Accuracy on test set: 65.33%
Epoch: 18, Batch: 10, Acc: 61.09%, Loss: 1.2279
Epoch: 18, Batch: 20, Acc: 62.11%, Loss: 1.1884
Epoch: 18, Batch: 30, Acc: 62.86%, Loss: 1.1260
Epoch: 18, Batch: 40, Acc: 63.16%, Loss: 1.1615
Epoch: 18, Batch: 50, Acc: 62.59%, Loss: 1.1780
Epoch: 18, Batch: 60, Acc: 62.71%, Loss: 1.1726
Epoch: 18, Batch: 70, Acc: 62.17%, Loss: 1.2646
Epoch: 18, Batch: 80, Acc: 62.13%, Loss: 1.1945
Epoch: 18, Batch: 90, Acc: 62.88%, Loss: 1.0856
Epoch: 18, Batch: 100, Acc: 62.50%, Loss: 1.2131
Epoch: 18, Batch: 110, Acc: 62.40%, Loss: 1.2130
Epoch: 18, Batch: 120, Acc: 62.75%, Loss: 1.1060
Epoch: 18, Batch: 130, Acc: 62.81%, Loss: 1.1610
Epoch: 18, Batch: 140, Acc: 62.86%, Loss: 1.1276
Epoch: 18, Batch: 150, Acc: 62.99%, Loss: 1.0797
Epoch: 18, Batch: 160, Acc: 63.18%, Loss: 1.1979
Epoch: 18, Batch: 170, Acc: 62.95%, Loss: 1.1924
Epoch: 18, Batch: 180, Acc: 62.93%, Loss: 1.2188
Epoch: 18, Batch: 190, Acc: 63.14%, Loss: 1.1765
Epoch: 18, Batch: 200, Acc: 63.20%, Loss: 1.1451
Epoch: 18, Batch: 210, Acc: 63.15%, Loss: 1.2046
Epoch: 18, Batch: 220, Acc: 63.05%, Loss: 1.2409
Epoch: 18, Batch: 230, Acc: 62.98%, Loss: 1.1763
Epoch: 18, Batch: 240, Acc: 63.00%, Loss: 1.1689
Epoch: 18, Batch: 250, Acc: 63.01%, Loss: 1.1473
Epoch: 18, Batch: 260, Acc: 63.07%, Loss: 1.1544
Epoch: 18, Batch: 270, Acc: 63.07%, Loss: 1.2126
Epoch: 18, Batch: 280, Acc: 63.14%, Loss: 1.1477
Epoch: 18, Batch: 290, Acc: 63.19%, Loss: 1.1772
Epoch: 18, Batch: 300, Acc: 63.14%, Loss: 1.1931
Epoch: 18, Batch: 310, Acc: 63.21%, Loss: 1.1662
Epoch: 18, Batch: 320, Acc: 63.21%, Loss: 1.1403
Epoch: 18, Batch: 330, Acc: 63.19%, Loss: 1.1377
Epoch: 18, Batch: 340, Acc: 63.21%, Loss: 1.1690
Epoch: 18, Batch: 350, Acc: 63.15%, Loss: 1.2053
Epoch: 18, Batch: 360, Acc: 63.13%, Loss: 1.1840
Epoch: 18, Batch: 370, Acc: 63.16%, Loss: 1.1750
Epoch: 18, Batch: 380, Acc: 63.14%, Loss: 1.2008
Epoch: 18, Batch: 390, Acc: 63.13%, Loss: 1.1591
Epoch: 18, Batch: 400, Acc: 63.07%, Loss: 1.2375
Epoch: 18, Batch: 410, Acc: 63.11%, Loss: 1.1429
Epoch: 18, Batch: 420, Acc: 63.10%, Loss: 1.1630
Epoch: 18, Batch: 430, Acc: 63.04%, Loss: 1.2150
Epoch: 18, Batch: 440, Acc: 63.04%, Loss: 1.1482
Epoch: 18, Batch: 450, Acc: 62.99%, Loss: 1.2553
Epoch: 18, Batch: 460, Acc: 62.98%, Loss: 1.1497
Epoch: 18, Batch: 470, Acc: 62.98%, Loss: 1.1920
Epoch: 18, Batch: 480, Acc: 63.02%, Loss: 1.1686
Epoch: 18, Batch: 490, Acc: 63.09%, Loss: 1.1352
Epoch: 18, Batch: 500, Acc: 63.08%, Loss: 1.1705
Epoch: 18, Batch: 510, Acc: 63.07%, Loss: 1.1362
Epoch: 18, Batch: 520, Acc: 63.06%, Loss: 1.1648
Epoch: 18, Batch: 530, Acc: 63.03%, Loss: 1.1274
Epoch: 18, Batch: 540, Acc: 63.08%, Loss: 1.1420
Epoch: 18, Batch: 550, Acc: 63.01%, Loss: 1.1966
Epoch: 18, Batch: 560, Acc: 63.06%, Loss: 1.1660
Epoch: 18, Batch: 570, Acc: 63.04%, Loss: 1.2279
Epoch: 18, Batch: 580, Acc: 63.06%, Loss: 1.1544
Epoch: 18, Batch: 590, Acc: 63.04%, Loss: 1.1973
Epoch: 18, Batch: 600, Acc: 62.99%, Loss: 1.2164
Epoch: 18, Batch: 610, Acc: 63.06%, Loss: 1.1401
Epoch: 18, Batch: 620, Acc: 63.06%, Loss: 1.2102
Epoch: 18, Batch: 630, Acc: 63.06%, Loss: 1.2541
Epoch: 18, Batch: 640, Acc: 63.08%, Loss: 1.1269
Epoch: 18, Batch: 650, Acc: 63.07%, Loss: 1.2032
Epoch: 18, Batch: 660, Acc: 63.05%, Loss: 1.1649
Epoch: 18, Batch: 670, Acc: 63.10%, Loss: 1.1328
Epoch: 18, Batch: 680, Acc: 63.14%, Loss: 1.1280
Epoch: 18, Batch: 690, Acc: 63.11%, Loss: 1.2060
Epoch: 18, Batch: 700, Acc: 63.11%, Loss: 1.1541
Epoch: 18, Batch: 710, Acc: 63.08%, Loss: 1.1687
Epoch: 18, Batch: 720, Acc: 63.09%, Loss: 1.2189
Epoch: 18, Batch: 730, Acc: 63.07%, Loss: 1.1876
Epoch: 18, Batch: 740, Acc: 63.08%, Loss: 1.1768
Epoch: 18, Batch: 750, Acc: 63.11%, Loss: 1.0833
Epoch: 18, Batch: 760, Acc: 63.15%, Loss: 1.0898
Epoch: 18, Batch: 770, Acc: 63.16%, Loss: 1.1893
Epoch: 18, Batch: 780, Acc: 63.16%, Loss: 1.1402
Epoch: 18, Batch: 790, Acc: 63.15%, Loss: 1.1587
Epoch: 18, Batch: 800, Acc: 63.13%, Loss: 1.2367
Epoch: 18, Batch: 810, Acc: 63.16%, Loss: 1.1481
Epoch: 18, Batch: 820, Acc: 63.14%, Loss: 1.1812
Epoch: 18, Batch: 830, Acc: 63.13%, Loss: 1.1577
Epoch: 18, Batch: 840, Acc: 63.15%, Loss: 1.1357
Epoch: 18, Batch: 850, Acc: 63.13%, Loss: 1.1792
Epoch: 18, Batch: 860, Acc: 63.14%, Loss: 1.2036
Epoch: 18, Batch: 870, Acc: 63.13%, Loss: 1.1516
Epoch: 18, Batch: 880, Acc: 63.13%, Loss: 1.1604
Epoch: 18, Batch: 890, Acc: 63.15%, Loss: 1.1266
Epoch: 18, Batch: 900, Acc: 63.17%, Loss: 1.1357
Epoch: 18, Batch: 910, Acc: 63.15%, Loss: 1.1672
Epoch: 18, Batch: 920, Acc: 63.14%, Loss: 1.2341
Epoch: 18, Batch: 930, Acc: 63.14%, Loss: 1.1806
Accuracy on test set: 65.52%
Epoch: 19, Batch: 10, Acc: 63.28%, Loss: 1.1904
Epoch: 19, Batch: 20, Acc: 62.81%, Loss: 1.1659
Epoch: 19, Batch: 30, Acc: 62.86%, Loss: 1.1781
Epoch: 19, Batch: 40, Acc: 62.77%, Loss: 1.2477
Epoch: 19, Batch: 50, Acc: 62.72%, Loss: 1.1843
Epoch: 19, Batch: 60, Acc: 62.81%, Loss: 1.2155
Epoch: 19, Batch: 70, Acc: 62.95%, Loss: 1.2128
Epoch: 19, Batch: 80, Acc: 63.28%, Loss: 1.1673
Epoch: 19, Batch: 90, Acc: 63.42%, Loss: 1.1489
Epoch: 19, Batch: 100, Acc: 63.44%, Loss: 1.1292
Epoch: 19, Batch: 110, Acc: 63.62%, Loss: 1.1424
Epoch: 19, Batch: 120, Acc: 63.58%, Loss: 1.1568
Epoch: 19, Batch: 130, Acc: 63.59%, Loss: 1.2016
Epoch: 19, Batch: 140, Acc: 63.65%, Loss: 1.1643
Epoch: 19, Batch: 150, Acc: 63.48%, Loss: 1.2240
Epoch: 19, Batch: 160, Acc: 63.27%, Loss: 1.2031
Epoch: 19, Batch: 170, Acc: 63.47%, Loss: 1.0649
Epoch: 19, Batch: 180, Acc: 63.44%, Loss: 1.2161
Epoch: 19, Batch: 190, Acc: 63.50%, Loss: 1.2551
Epoch: 19, Batch: 200, Acc: 63.47%, Loss: 1.1908
Epoch: 19, Batch: 210, Acc: 63.41%, Loss: 1.1587
Epoch: 19, Batch: 220, Acc: 63.35%, Loss: 1.2142
Epoch: 19, Batch: 230, Acc: 63.22%, Loss: 1.2135
Epoch: 19, Batch: 240, Acc: 63.25%, Loss: 1.1091
Epoch: 19, Batch: 250, Acc: 63.23%, Loss: 1.2270
Epoch: 19, Batch: 260, Acc: 63.24%, Loss: 1.1380
Epoch: 19, Batch: 270, Acc: 63.41%, Loss: 1.1337
Epoch: 19, Batch: 280, Acc: 63.49%, Loss: 1.1464
Epoch: 19, Batch: 290, Acc: 63.59%, Loss: 1.1196
Epoch: 19, Batch: 300, Acc: 63.56%, Loss: 1.1745
Epoch: 19, Batch: 310, Acc: 63.56%, Loss: 1.1610
Epoch: 19, Batch: 320, Acc: 63.54%, Loss: 1.1777
Epoch: 19, Batch: 330, Acc: 63.46%, Loss: 1.1802
Epoch: 19, Batch: 340, Acc: 63.47%, Loss: 1.1043
Epoch: 19, Batch: 350, Acc: 63.49%, Loss: 1.1981
Epoch: 19, Batch: 360, Acc: 63.45%, Loss: 1.2246
Epoch: 19, Batch: 370, Acc: 63.51%, Loss: 1.1407
Epoch: 19, Batch: 380, Acc: 63.55%, Loss: 1.1850
Epoch: 19, Batch: 390, Acc: 63.51%, Loss: 1.1974
Epoch: 19, Batch: 400, Acc: 63.46%, Loss: 1.2360
Epoch: 19, Batch: 410, Acc: 63.41%, Loss: 1.1872
Epoch: 19, Batch: 420, Acc: 63.38%, Loss: 1.1555
Epoch: 19, Batch: 430, Acc: 63.37%, Loss: 1.1305
Epoch: 19, Batch: 440, Acc: 63.36%, Loss: 1.1360
Epoch: 19, Batch: 450, Acc: 63.37%, Loss: 1.1283
Epoch: 19, Batch: 460, Acc: 63.31%, Loss: 1.1820
Epoch: 19, Batch: 470, Acc: 63.30%, Loss: 1.1180
Epoch: 19, Batch: 480, Acc: 63.24%, Loss: 1.2046
Epoch: 19, Batch: 490, Acc: 63.24%, Loss: 1.1896
Epoch: 19, Batch: 500, Acc: 63.29%, Loss: 1.1318
Epoch: 19, Batch: 510, Acc: 63.27%, Loss: 1.2155
Epoch: 19, Batch: 520, Acc: 63.25%, Loss: 1.1657
Epoch: 19, Batch: 530, Acc: 63.23%, Loss: 1.1658
Epoch: 19, Batch: 540, Acc: 63.17%, Loss: 1.1979
Epoch: 19, Batch: 550, Acc: 63.16%, Loss: 1.1858
Epoch: 19, Batch: 560, Acc: 63.15%, Loss: 1.1950
Epoch: 19, Batch: 570, Acc: 63.14%, Loss: 1.1573
Epoch: 19, Batch: 580, Acc: 63.09%, Loss: 1.2678
Epoch: 19, Batch: 590, Acc: 63.10%, Loss: 1.1580
Epoch: 19, Batch: 600, Acc: 63.09%, Loss: 1.1345
Epoch: 19, Batch: 610, Acc: 63.07%, Loss: 1.1702
Epoch: 19, Batch: 620, Acc: 63.09%, Loss: 1.1050
Epoch: 19, Batch: 630, Acc: 63.13%, Loss: 1.1353
Epoch: 19, Batch: 640, Acc: 63.13%, Loss: 1.1516
Epoch: 19, Batch: 650, Acc: 63.16%, Loss: 1.1423
Epoch: 19, Batch: 660, Acc: 63.17%, Loss: 1.1917
Epoch: 19, Batch: 670, Acc: 63.14%, Loss: 1.1798
Epoch: 19, Batch: 680, Acc: 63.16%, Loss: 1.1383
Epoch: 19, Batch: 690, Acc: 63.14%, Loss: 1.2270
Epoch: 19, Batch: 700, Acc: 63.08%, Loss: 1.1599
Epoch: 19, Batch: 710, Acc: 63.10%, Loss: 1.2373
Epoch: 19, Batch: 720, Acc: 63.17%, Loss: 1.0841
Epoch: 19, Batch: 730, Acc: 63.19%, Loss: 1.1223
Epoch: 19, Batch: 740, Acc: 63.18%, Loss: 1.1945
Epoch: 19, Batch: 750, Acc: 63.17%, Loss: 1.1906
Epoch: 19, Batch: 760, Acc: 63.17%, Loss: 1.1492
Epoch: 19, Batch: 770, Acc: 63.16%, Loss: 1.1229
Epoch: 19, Batch: 780, Acc: 63.17%, Loss: 1.1271
Epoch: 19, Batch: 790, Acc: 63.19%, Loss: 1.0930
Epoch: 19, Batch: 800, Acc: 63.17%, Loss: 1.1666
Epoch: 19, Batch: 810, Acc: 63.19%, Loss: 1.1324
Epoch: 19, Batch: 820, Acc: 63.21%, Loss: 1.1641
Epoch: 19, Batch: 830, Acc: 63.23%, Loss: 1.1059
Epoch: 19, Batch: 840, Acc: 63.22%, Loss: 1.1653
Epoch: 19, Batch: 850, Acc: 63.21%, Loss: 1.1690
Epoch: 19, Batch: 860, Acc: 63.19%, Loss: 1.2330
Epoch: 19, Batch: 870, Acc: 63.22%, Loss: 1.0883
Epoch: 19, Batch: 880, Acc: 63.25%, Loss: 1.1096
Epoch: 19, Batch: 890, Acc: 63.25%, Loss: 1.1720
Epoch: 19, Batch: 900, Acc: 63.26%, Loss: 1.1521
Epoch: 19, Batch: 910, Acc: 63.25%, Loss: 1.2093
Epoch: 19, Batch: 920, Acc: 63.24%, Loss: 1.1419
Epoch: 19, Batch: 930, Acc: 63.24%, Loss: 1.1419
Accuracy on test set: 65.72%
Epoch: 20, Batch: 10, Acc: 64.22%, Loss: 1.1301
Epoch: 20, Batch: 20, Acc: 62.66%, Loss: 1.1912
Epoch: 20, Batch: 30, Acc: 61.93%, Loss: 1.1488
Epoch: 20, Batch: 40, Acc: 62.46%, Loss: 1.1329
Epoch: 20, Batch: 50, Acc: 63.06%, Loss: 1.1241
Epoch: 20, Batch: 60, Acc: 63.36%, Loss: 1.1471
Epoch: 20, Batch: 70, Acc: 63.64%, Loss: 1.1247
Epoch: 20, Batch: 80, Acc: 63.26%, Loss: 1.1967
Epoch: 20, Batch: 90, Acc: 63.49%, Loss: 1.0976
Epoch: 20, Batch: 100, Acc: 63.09%, Loss: 1.1874
Epoch: 20, Batch: 110, Acc: 63.07%, Loss: 1.1723
Epoch: 20, Batch: 120, Acc: 63.16%, Loss: 1.1951
Epoch: 20, Batch: 130, Acc: 63.16%, Loss: 1.2403
Epoch: 20, Batch: 140, Acc: 63.11%, Loss: 1.1732
Epoch: 20, Batch: 150, Acc: 63.35%, Loss: 1.1019
Epoch: 20, Batch: 160, Acc: 63.20%, Loss: 1.2346
Epoch: 20, Batch: 170, Acc: 63.24%, Loss: 1.0983
Epoch: 20, Batch: 180, Acc: 63.16%, Loss: 1.1759
Epoch: 20, Batch: 190, Acc: 63.08%, Loss: 1.1641
Epoch: 20, Batch: 200, Acc: 63.05%, Loss: 1.1311
Epoch: 20, Batch: 210, Acc: 63.04%, Loss: 1.1347
Epoch: 20, Batch: 220, Acc: 63.08%, Loss: 1.1015
Epoch: 20, Batch: 230, Acc: 63.02%, Loss: 1.1877
Epoch: 20, Batch: 240, Acc: 63.01%, Loss: 1.1731
Epoch: 20, Batch: 250, Acc: 62.92%, Loss: 1.1808
Epoch: 20, Batch: 260, Acc: 63.04%, Loss: 1.1343
Epoch: 20, Batch: 270, Acc: 63.08%, Loss: 1.1613
Epoch: 20, Batch: 280, Acc: 62.99%, Loss: 1.2151
Epoch: 20, Batch: 290, Acc: 62.92%, Loss: 1.1668
Epoch: 20, Batch: 300, Acc: 62.94%, Loss: 1.1877
Epoch: 20, Batch: 310, Acc: 63.01%, Loss: 1.1078
Epoch: 20, Batch: 320, Acc: 63.01%, Loss: 1.1480
Epoch: 20, Batch: 330, Acc: 63.06%, Loss: 1.1350
Epoch: 20, Batch: 340, Acc: 63.16%, Loss: 1.1469
Epoch: 20, Batch: 350, Acc: 63.20%, Loss: 1.1336
Epoch: 20, Batch: 360, Acc: 63.26%, Loss: 1.1589
Epoch: 20, Batch: 370, Acc: 63.21%, Loss: 1.2696
Epoch: 20, Batch: 380, Acc: 63.21%, Loss: 1.2060
Epoch: 20, Batch: 390, Acc: 63.17%, Loss: 1.1715
Epoch: 20, Batch: 400, Acc: 63.18%, Loss: 1.1757
Epoch: 20, Batch: 410, Acc: 63.12%, Loss: 1.2561
Epoch: 20, Batch: 420, Acc: 63.15%, Loss: 1.1934
Epoch: 20, Batch: 430, Acc: 63.16%, Loss: 1.1464
Epoch: 20, Batch: 440, Acc: 63.08%, Loss: 1.2090
Epoch: 20, Batch: 450, Acc: 63.12%, Loss: 1.1108
Epoch: 20, Batch: 460, Acc: 63.17%, Loss: 1.1227
Epoch: 20, Batch: 470, Acc: 63.16%, Loss: 1.1797
Epoch: 20, Batch: 480, Acc: 63.22%, Loss: 1.1513
Epoch: 20, Batch: 490, Acc: 63.17%, Loss: 1.2491
Epoch: 20, Batch: 500, Acc: 63.16%, Loss: 1.1649
Epoch: 20, Batch: 510, Acc: 63.15%, Loss: 1.2454
Epoch: 20, Batch: 520, Acc: 63.07%, Loss: 1.2528
Epoch: 20, Batch: 530, Acc: 63.07%, Loss: 1.1833
Epoch: 20, Batch: 540, Acc: 63.06%, Loss: 1.1280
Epoch: 20, Batch: 550, Acc: 63.07%, Loss: 1.2098
Epoch: 20, Batch: 560, Acc: 63.10%, Loss: 1.1226
Epoch: 20, Batch: 570, Acc: 63.05%, Loss: 1.2242
Epoch: 20, Batch: 580, Acc: 63.01%, Loss: 1.2104
Epoch: 20, Batch: 590, Acc: 63.05%, Loss: 1.1131
Epoch: 20, Batch: 600, Acc: 63.07%, Loss: 1.1664
Epoch: 20, Batch: 610, Acc: 63.11%, Loss: 1.1813
Epoch: 20, Batch: 620, Acc: 63.06%, Loss: 1.1834
Epoch: 20, Batch: 630, Acc: 63.10%, Loss: 1.1049
Epoch: 20, Batch: 640, Acc: 63.10%, Loss: 1.1223
Epoch: 20, Batch: 650, Acc: 63.08%, Loss: 1.1444
Epoch: 20, Batch: 660, Acc: 63.11%, Loss: 1.1371
Epoch: 20, Batch: 670, Acc: 63.14%, Loss: 1.1675
Epoch: 20, Batch: 680, Acc: 63.18%, Loss: 1.1048
Epoch: 20, Batch: 690, Acc: 63.16%, Loss: 1.1805
Epoch: 20, Batch: 700, Acc: 63.14%, Loss: 1.1543
Epoch: 20, Batch: 710, Acc: 63.12%, Loss: 1.1841
Epoch: 20, Batch: 720, Acc: 63.16%, Loss: 1.1081
Epoch: 20, Batch: 730, Acc: 63.20%, Loss: 1.1941
Epoch: 20, Batch: 740, Acc: 63.20%, Loss: 1.1557
Epoch: 20, Batch: 750, Acc: 63.25%, Loss: 1.1215
Epoch: 20, Batch: 760, Acc: 63.22%, Loss: 1.2232
Epoch: 20, Batch: 770, Acc: 63.24%, Loss: 1.1354
Epoch: 20, Batch: 780, Acc: 63.24%, Loss: 1.2030
Epoch: 20, Batch: 790, Acc: 63.20%, Loss: 1.2015
Epoch: 20, Batch: 800, Acc: 63.20%, Loss: 1.1554
Epoch: 20, Batch: 810, Acc: 63.26%, Loss: 1.1573
Epoch: 20, Batch: 820, Acc: 63.26%, Loss: 1.1893
Epoch: 20, Batch: 830, Acc: 63.22%, Loss: 1.2154
Epoch: 20, Batch: 840, Acc: 63.20%, Loss: 1.1377
Epoch: 20, Batch: 850, Acc: 63.22%, Loss: 1.1392
Epoch: 20, Batch: 860, Acc: 63.20%, Loss: 1.1370
Epoch: 20, Batch: 870, Acc: 63.23%, Loss: 1.1192
Epoch: 20, Batch: 880, Acc: 63.26%, Loss: 1.1488
Epoch: 20, Batch: 890, Acc: 63.26%, Loss: 1.1714
Epoch: 20, Batch: 900, Acc: 63.27%, Loss: 1.1435
Epoch: 20, Batch: 910, Acc: 63.28%, Loss: 1.1143
Epoch: 20, Batch: 920, Acc: 63.31%, Loss: 1.0968
Epoch: 20, Batch: 930, Acc: 63.31%, Loss: 1.1470
Accuracy on test set: 65.90%
Epoch: 21, Batch: 10, Acc: 65.78%, Loss: 1.1558
Epoch: 21, Batch: 20, Acc: 65.94%, Loss: 1.1298
Epoch: 21, Batch: 30, Acc: 64.38%, Loss: 1.2026
Epoch: 21, Batch: 40, Acc: 64.30%, Loss: 1.1513
Epoch: 21, Batch: 50, Acc: 63.97%, Loss: 1.2012
Epoch: 21, Batch: 60, Acc: 63.05%, Loss: 1.2584
Epoch: 21, Batch: 70, Acc: 63.06%, Loss: 1.2134
Epoch: 21, Batch: 80, Acc: 62.75%, Loss: 1.1587
Epoch: 21, Batch: 90, Acc: 63.09%, Loss: 1.1334
Epoch: 21, Batch: 100, Acc: 62.98%, Loss: 1.1762
Epoch: 21, Batch: 110, Acc: 63.25%, Loss: 1.0989
Epoch: 21, Batch: 120, Acc: 63.29%, Loss: 1.1750
Epoch: 21, Batch: 130, Acc: 63.10%, Loss: 1.2572
Epoch: 21, Batch: 140, Acc: 63.26%, Loss: 1.0961
Epoch: 21, Batch: 150, Acc: 63.21%, Loss: 1.1827
Epoch: 21, Batch: 160, Acc: 63.24%, Loss: 1.1728
Epoch: 21, Batch: 170, Acc: 63.24%, Loss: 1.2035
Epoch: 21, Batch: 180, Acc: 63.29%, Loss: 1.0783
Epoch: 21, Batch: 190, Acc: 63.39%, Loss: 1.1109
Epoch: 21, Batch: 200, Acc: 63.37%, Loss: 1.1827
Epoch: 21, Batch: 210, Acc: 63.41%, Loss: 1.1265
Epoch: 21, Batch: 220, Acc: 63.39%, Loss: 1.2066
Epoch: 21, Batch: 230, Acc: 63.32%, Loss: 1.1687
Epoch: 21, Batch: 240, Acc: 63.33%, Loss: 1.1782
Epoch: 21, Batch: 250, Acc: 63.58%, Loss: 1.0826
Epoch: 21, Batch: 260, Acc: 63.59%, Loss: 1.1543
Epoch: 21, Batch: 270, Acc: 63.57%, Loss: 1.1527
Epoch: 21, Batch: 280, Acc: 63.59%, Loss: 1.1725
Epoch: 21, Batch: 290, Acc: 63.65%, Loss: 1.1043
Epoch: 21, Batch: 300, Acc: 63.66%, Loss: 1.1065
Epoch: 21, Batch: 310, Acc: 63.64%, Loss: 1.1560
Epoch: 21, Batch: 320, Acc: 63.61%, Loss: 1.1682
Epoch: 21, Batch: 330, Acc: 63.64%, Loss: 1.1648
Epoch: 21, Batch: 340, Acc: 63.62%, Loss: 1.1734
Epoch: 21, Batch: 350, Acc: 63.57%, Loss: 1.1764
Epoch: 21, Batch: 360, Acc: 63.64%, Loss: 1.1056
Epoch: 21, Batch: 370, Acc: 63.59%, Loss: 1.1743
Epoch: 21, Batch: 380, Acc: 63.66%, Loss: 1.0833
Epoch: 21, Batch: 390, Acc: 63.70%, Loss: 1.1143
Epoch: 21, Batch: 400, Acc: 63.67%, Loss: 1.1827
Epoch: 21, Batch: 410, Acc: 63.60%, Loss: 1.2085
Epoch: 21, Batch: 420, Acc: 63.56%, Loss: 1.1990
Epoch: 21, Batch: 430, Acc: 63.56%, Loss: 1.1800
Epoch: 21, Batch: 440, Acc: 63.45%, Loss: 1.2182
Epoch: 21, Batch: 450, Acc: 63.48%, Loss: 1.1588
Epoch: 21, Batch: 460, Acc: 63.54%, Loss: 1.1152
Epoch: 21, Batch: 470, Acc: 63.51%, Loss: 1.2128
Epoch: 21, Batch: 480, Acc: 63.63%, Loss: 1.0531
Epoch: 21, Batch: 490, Acc: 63.57%, Loss: 1.1877
Epoch: 21, Batch: 500, Acc: 63.60%, Loss: 1.1366
Epoch: 21, Batch: 510, Acc: 63.58%, Loss: 1.2101
Epoch: 21, Batch: 520, Acc: 63.58%, Loss: 1.1750
Epoch: 21, Batch: 530, Acc: 63.54%, Loss: 1.1988
Epoch: 21, Batch: 540, Acc: 63.53%, Loss: 1.1631
Epoch: 21, Batch: 550, Acc: 63.58%, Loss: 1.1033
Epoch: 21, Batch: 560, Acc: 63.61%, Loss: 1.1104
Epoch: 21, Batch: 570, Acc: 63.63%, Loss: 1.2166
Epoch: 21, Batch: 580, Acc: 63.69%, Loss: 1.0722
Epoch: 21, Batch: 590, Acc: 63.67%, Loss: 1.1916
Epoch: 21, Batch: 600, Acc: 63.60%, Loss: 1.2687
Epoch: 21, Batch: 610, Acc: 63.60%, Loss: 1.1375
Epoch: 21, Batch: 620, Acc: 63.61%, Loss: 1.1572
Epoch: 21, Batch: 630, Acc: 63.61%, Loss: 1.1643
Epoch: 21, Batch: 640, Acc: 63.60%, Loss: 1.1504
Epoch: 21, Batch: 650, Acc: 63.61%, Loss: 1.1796
Epoch: 21, Batch: 660, Acc: 63.62%, Loss: 1.1162
Epoch: 21, Batch: 670, Acc: 63.59%, Loss: 1.1351
Epoch: 21, Batch: 680, Acc: 63.60%, Loss: 1.1460
Epoch: 21, Batch: 690, Acc: 63.62%, Loss: 1.1763
Epoch: 21, Batch: 700, Acc: 63.66%, Loss: 1.1381
Epoch: 21, Batch: 710, Acc: 63.66%, Loss: 1.1706
Epoch: 21, Batch: 720, Acc: 63.65%, Loss: 1.1511
Epoch: 21, Batch: 730, Acc: 63.66%, Loss: 1.1169
Epoch: 21, Batch: 740, Acc: 63.71%, Loss: 1.0985
Epoch: 21, Batch: 750, Acc: 63.69%, Loss: 1.1576
Epoch: 21, Batch: 760, Acc: 63.65%, Loss: 1.2109
Epoch: 21, Batch: 770, Acc: 63.63%, Loss: 1.1229
Epoch: 21, Batch: 780, Acc: 63.65%, Loss: 1.1016
Epoch: 21, Batch: 790, Acc: 63.65%, Loss: 1.1550
Epoch: 21, Batch: 800, Acc: 63.66%, Loss: 1.1048
Epoch: 21, Batch: 810, Acc: 63.65%, Loss: 1.1674
Epoch: 21, Batch: 820, Acc: 63.64%, Loss: 1.1832
Epoch: 21, Batch: 830, Acc: 63.64%, Loss: 1.1419
Epoch: 21, Batch: 840, Acc: 63.63%, Loss: 1.1512
Epoch: 21, Batch: 850, Acc: 63.61%, Loss: 1.1989
Epoch: 21, Batch: 860, Acc: 63.62%, Loss: 1.1516
Epoch: 21, Batch: 870, Acc: 63.61%, Loss: 1.1557
Epoch: 21, Batch: 880, Acc: 63.59%, Loss: 1.1908
Epoch: 21, Batch: 890, Acc: 63.57%, Loss: 1.2154
Epoch: 21, Batch: 900, Acc: 63.53%, Loss: 1.1536
Epoch: 21, Batch: 910, Acc: 63.52%, Loss: 1.1813
Epoch: 21, Batch: 920, Acc: 63.55%, Loss: 1.1433
Epoch: 21, Batch: 930, Acc: 63.53%, Loss: 1.2149
Accuracy on test set: 65.97%
Epoch: 22, Batch: 10, Acc: 62.34%, Loss: 1.1879
Epoch: 22, Batch: 20, Acc: 62.27%, Loss: 1.1559
Epoch: 22, Batch: 30, Acc: 62.97%, Loss: 1.1791
Epoch: 22, Batch: 40, Acc: 63.44%, Loss: 1.1262
Epoch: 22, Batch: 50, Acc: 62.81%, Loss: 1.1740
Epoch: 22, Batch: 60, Acc: 63.62%, Loss: 1.0905
Epoch: 22, Batch: 70, Acc: 63.30%, Loss: 1.2303
Epoch: 22, Batch: 80, Acc: 63.16%, Loss: 1.1849
Epoch: 22, Batch: 90, Acc: 63.49%, Loss: 1.0870
Epoch: 22, Batch: 100, Acc: 63.31%, Loss: 1.1836
Epoch: 22, Batch: 110, Acc: 63.31%, Loss: 1.1692
Epoch: 22, Batch: 120, Acc: 63.23%, Loss: 1.1623
Epoch: 22, Batch: 130, Acc: 63.70%, Loss: 1.0499
Epoch: 22, Batch: 140, Acc: 63.55%, Loss: 1.2637
Epoch: 22, Batch: 150, Acc: 63.62%, Loss: 1.0906
Epoch: 22, Batch: 160, Acc: 63.51%, Loss: 1.1633
Epoch: 22, Batch: 170, Acc: 63.36%, Loss: 1.1758
Epoch: 22, Batch: 180, Acc: 63.21%, Loss: 1.1789
Epoch: 22, Batch: 190, Acc: 63.25%, Loss: 1.1914
Epoch: 22, Batch: 200, Acc: 63.36%, Loss: 1.1148
Epoch: 22, Batch: 210, Acc: 63.41%, Loss: 1.1403
Epoch: 22, Batch: 220, Acc: 63.32%, Loss: 1.1557
Epoch: 22, Batch: 230, Acc: 63.21%, Loss: 1.2038
Epoch: 22, Batch: 240, Acc: 63.34%, Loss: 1.1061
Epoch: 22, Batch: 250, Acc: 63.31%, Loss: 1.1498
Epoch: 22, Batch: 260, Acc: 63.24%, Loss: 1.2071
Epoch: 22, Batch: 270, Acc: 63.32%, Loss: 1.0961
Epoch: 22, Batch: 280, Acc: 63.34%, Loss: 1.1399
Epoch: 22, Batch: 290, Acc: 63.44%, Loss: 1.0678
Epoch: 22, Batch: 300, Acc: 63.46%, Loss: 1.1775
Epoch: 22, Batch: 310, Acc: 63.53%, Loss: 1.0963
Epoch: 22, Batch: 320, Acc: 63.54%, Loss: 1.1385
Epoch: 22, Batch: 330, Acc: 63.58%, Loss: 1.1478
Epoch: 22, Batch: 340, Acc: 63.64%, Loss: 1.1615
Epoch: 22, Batch: 350, Acc: 63.72%, Loss: 1.0488
Epoch: 22, Batch: 360, Acc: 63.70%, Loss: 1.2033
Epoch: 22, Batch: 370, Acc: 63.60%, Loss: 1.1792
Epoch: 22, Batch: 380, Acc: 63.56%, Loss: 1.1548
Epoch: 22, Batch: 390, Acc: 63.57%, Loss: 1.1463
Epoch: 22, Batch: 400, Acc: 63.54%, Loss: 1.2062
Epoch: 22, Batch: 410, Acc: 63.53%, Loss: 1.1443
Epoch: 22, Batch: 420, Acc: 63.55%, Loss: 1.1712
Epoch: 22, Batch: 430, Acc: 63.55%, Loss: 1.1707
Epoch: 22, Batch: 440, Acc: 63.58%, Loss: 1.1264
Epoch: 22, Batch: 450, Acc: 63.51%, Loss: 1.1747
Epoch: 22, Batch: 460, Acc: 63.54%, Loss: 1.0963
Epoch: 22, Batch: 470, Acc: 63.56%, Loss: 1.1438
Epoch: 22, Batch: 480, Acc: 63.58%, Loss: 1.1035
Epoch: 22, Batch: 490, Acc: 63.55%, Loss: 1.1978
Epoch: 22, Batch: 500, Acc: 63.53%, Loss: 1.2107
Epoch: 22, Batch: 510, Acc: 63.51%, Loss: 1.2255
Epoch: 22, Batch: 520, Acc: 63.54%, Loss: 1.1183
Epoch: 22, Batch: 530, Acc: 63.53%, Loss: 1.1409
Epoch: 22, Batch: 540, Acc: 63.58%, Loss: 1.1148
Epoch: 22, Batch: 550, Acc: 63.53%, Loss: 1.1906
Epoch: 22, Batch: 560, Acc: 63.51%, Loss: 1.1503
Epoch: 22, Batch: 570, Acc: 63.49%, Loss: 1.1642
Epoch: 22, Batch: 580, Acc: 63.42%, Loss: 1.1615
Epoch: 22, Batch: 590, Acc: 63.46%, Loss: 1.1491
Epoch: 22, Batch: 600, Acc: 63.49%, Loss: 1.1696
Epoch: 22, Batch: 610, Acc: 63.51%, Loss: 1.1447
Epoch: 22, Batch: 620, Acc: 63.52%, Loss: 1.0879
Epoch: 22, Batch: 630, Acc: 63.53%, Loss: 1.1684
Epoch: 22, Batch: 640, Acc: 63.54%, Loss: 1.0942
Epoch: 22, Batch: 650, Acc: 63.56%, Loss: 1.1334
Epoch: 22, Batch: 660, Acc: 63.57%, Loss: 1.1312
Epoch: 22, Batch: 670, Acc: 63.52%, Loss: 1.1657
Epoch: 22, Batch: 680, Acc: 63.52%, Loss: 1.1233
Epoch: 22, Batch: 690, Acc: 63.52%, Loss: 1.1308
Epoch: 22, Batch: 700, Acc: 63.53%, Loss: 1.1182
Epoch: 22, Batch: 710, Acc: 63.52%, Loss: 1.1642
Epoch: 22, Batch: 720, Acc: 63.50%, Loss: 1.1522
Epoch: 22, Batch: 730, Acc: 63.48%, Loss: 1.1802
Epoch: 22, Batch: 740, Acc: 63.46%, Loss: 1.1993
Epoch: 22, Batch: 750, Acc: 63.46%, Loss: 1.1516
Epoch: 22, Batch: 760, Acc: 63.46%, Loss: 1.1462
Epoch: 22, Batch: 770, Acc: 63.45%, Loss: 1.2330
Epoch: 22, Batch: 780, Acc: 63.42%, Loss: 1.1841
Epoch: 22, Batch: 790, Acc: 63.42%, Loss: 1.2091
Epoch: 22, Batch: 800, Acc: 63.38%, Loss: 1.2476
Epoch: 22, Batch: 810, Acc: 63.40%, Loss: 1.2001
Epoch: 22, Batch: 820, Acc: 63.42%, Loss: 1.1783
Epoch: 22, Batch: 830, Acc: 63.44%, Loss: 1.1182
Epoch: 22, Batch: 840, Acc: 63.43%, Loss: 1.1887
Epoch: 22, Batch: 850, Acc: 63.42%, Loss: 1.1818
Epoch: 22, Batch: 860, Acc: 63.45%, Loss: 1.1663
Epoch: 22, Batch: 870, Acc: 63.44%, Loss: 1.1558
Epoch: 22, Batch: 880, Acc: 63.43%, Loss: 1.1563
Epoch: 22, Batch: 890, Acc: 63.46%, Loss: 1.1489
Epoch: 22, Batch: 900, Acc: 63.46%, Loss: 1.1366
Epoch: 22, Batch: 910, Acc: 63.48%, Loss: 1.1350
Epoch: 22, Batch: 920, Acc: 63.48%, Loss: 1.1724
Epoch: 22, Batch: 930, Acc: 63.48%, Loss: 1.1978
Accuracy on test set: 65.98%
Epoch: 23, Batch: 10, Acc: 62.97%, Loss: 1.1640
Epoch: 23, Batch: 20, Acc: 61.56%, Loss: 1.1669
Epoch: 23, Batch: 30, Acc: 62.08%, Loss: 1.1511
Epoch: 23, Batch: 40, Acc: 62.30%, Loss: 1.1706
Epoch: 23, Batch: 50, Acc: 63.28%, Loss: 1.1328
Epoch: 23, Batch: 60, Acc: 63.28%, Loss: 1.0900
Epoch: 23, Batch: 70, Acc: 62.95%, Loss: 1.2436
Epoch: 23, Batch: 80, Acc: 63.14%, Loss: 1.1396
Epoch: 23, Batch: 90, Acc: 63.09%, Loss: 1.1599
Epoch: 23, Batch: 100, Acc: 63.62%, Loss: 1.0836
Epoch: 23, Batch: 110, Acc: 63.79%, Loss: 1.1090
Epoch: 23, Batch: 120, Acc: 63.95%, Loss: 1.1400
Epoch: 23, Batch: 130, Acc: 64.04%, Loss: 1.1506
Epoch: 23, Batch: 140, Acc: 63.93%, Loss: 1.1966
Epoch: 23, Batch: 150, Acc: 64.00%, Loss: 1.2160
Epoch: 23, Batch: 160, Acc: 63.78%, Loss: 1.2533
Epoch: 23, Batch: 170, Acc: 63.76%, Loss: 1.2181
Epoch: 23, Batch: 180, Acc: 63.84%, Loss: 1.1540
Epoch: 23, Batch: 190, Acc: 63.82%, Loss: 1.1883
Epoch: 23, Batch: 200, Acc: 63.76%, Loss: 1.1772
Epoch: 23, Batch: 210, Acc: 63.65%, Loss: 1.1735
Epoch: 23, Batch: 220, Acc: 63.57%, Loss: 1.1674
Epoch: 23, Batch: 230, Acc: 63.59%, Loss: 1.1562
Epoch: 23, Batch: 240, Acc: 63.68%, Loss: 1.1691
Epoch: 23, Batch: 250, Acc: 63.62%, Loss: 1.1295
Epoch: 23, Batch: 260, Acc: 63.59%, Loss: 1.1194
Epoch: 23, Batch: 270, Acc: 63.52%, Loss: 1.1959
Epoch: 23, Batch: 280, Acc: 63.54%, Loss: 1.1547
Epoch: 23, Batch: 290, Acc: 63.59%, Loss: 1.1236
Epoch: 23, Batch: 300, Acc: 63.65%, Loss: 1.1361
Epoch: 23, Batch: 310, Acc: 63.64%, Loss: 1.1581
Epoch: 23, Batch: 320, Acc: 63.64%, Loss: 1.1930
Epoch: 23, Batch: 330, Acc: 63.67%, Loss: 1.1420
Epoch: 23, Batch: 340, Acc: 63.65%, Loss: 1.1853
Epoch: 23, Batch: 350, Acc: 63.56%, Loss: 1.2104
Epoch: 23, Batch: 360, Acc: 63.59%, Loss: 1.1585
Epoch: 23, Batch: 370, Acc: 63.50%, Loss: 1.2136
Epoch: 23, Batch: 380, Acc: 63.62%, Loss: 1.0601
Epoch: 23, Batch: 390, Acc: 63.55%, Loss: 1.1523
Epoch: 23, Batch: 400, Acc: 63.48%, Loss: 1.1765
Epoch: 23, Batch: 410, Acc: 63.47%, Loss: 1.1344
Epoch: 23, Batch: 420, Acc: 63.40%, Loss: 1.1750
Epoch: 23, Batch: 430, Acc: 63.41%, Loss: 1.1454
Epoch: 23, Batch: 440, Acc: 63.45%, Loss: 1.1326
Epoch: 23, Batch: 450, Acc: 63.46%, Loss: 1.0886
Epoch: 23, Batch: 460, Acc: 63.55%, Loss: 1.0905
Epoch: 23, Batch: 470, Acc: 63.61%, Loss: 1.1204
Epoch: 23, Batch: 480, Acc: 63.65%, Loss: 1.1182
Epoch: 23, Batch: 490, Acc: 63.58%, Loss: 1.1955
Epoch: 23, Batch: 500, Acc: 63.61%, Loss: 1.1441
Epoch: 23, Batch: 510, Acc: 63.54%, Loss: 1.2340
Epoch: 23, Batch: 520, Acc: 63.52%, Loss: 1.1766
Epoch: 23, Batch: 530, Acc: 63.55%, Loss: 1.1206
Epoch: 23, Batch: 540, Acc: 63.51%, Loss: 1.2163
Epoch: 23, Batch: 550, Acc: 63.53%, Loss: 1.1360
Epoch: 23, Batch: 560, Acc: 63.55%, Loss: 1.1284
Epoch: 23, Batch: 570, Acc: 63.54%, Loss: 1.1144
Epoch: 23, Batch: 580, Acc: 63.54%, Loss: 1.1908
Epoch: 23, Batch: 590, Acc: 63.51%, Loss: 1.1687
Epoch: 23, Batch: 600, Acc: 63.50%, Loss: 1.1523
Epoch: 23, Batch: 610, Acc: 63.52%, Loss: 1.1486
Epoch: 23, Batch: 620, Acc: 63.50%, Loss: 1.2237
Epoch: 23, Batch: 630, Acc: 63.53%, Loss: 1.1111
Epoch: 23, Batch: 640, Acc: 63.52%, Loss: 1.1534
Epoch: 23, Batch: 650, Acc: 63.52%, Loss: 1.1259
Epoch: 23, Batch: 660, Acc: 63.50%, Loss: 1.1629
Epoch: 23, Batch: 670, Acc: 63.50%, Loss: 1.0879
Epoch: 23, Batch: 680, Acc: 63.50%, Loss: 1.1567
Epoch: 23, Batch: 690, Acc: 63.50%, Loss: 1.2169
Epoch: 23, Batch: 700, Acc: 63.48%, Loss: 1.1644
Epoch: 23, Batch: 710, Acc: 63.51%, Loss: 1.1513
Epoch: 23, Batch: 720, Acc: 63.46%, Loss: 1.2205
Epoch: 23, Batch: 730, Acc: 63.46%, Loss: 1.1746
Epoch: 23, Batch: 740, Acc: 63.51%, Loss: 1.0956
Epoch: 23, Batch: 750, Acc: 63.51%, Loss: 1.1055
Epoch: 23, Batch: 760, Acc: 63.54%, Loss: 1.1160
Epoch: 23, Batch: 770, Acc: 63.52%, Loss: 1.1480
Epoch: 23, Batch: 780, Acc: 63.55%, Loss: 1.1047
Epoch: 23, Batch: 790, Acc: 63.53%, Loss: 1.1609
Epoch: 23, Batch: 800, Acc: 63.52%, Loss: 1.1725
Epoch: 23, Batch: 810, Acc: 63.50%, Loss: 1.1812
Epoch: 23, Batch: 820, Acc: 63.50%, Loss: 1.1298
Epoch: 23, Batch: 830, Acc: 63.52%, Loss: 1.1089
Epoch: 23, Batch: 840, Acc: 63.54%, Loss: 1.1028
Epoch: 23, Batch: 850, Acc: 63.53%, Loss: 1.1374
Epoch: 23, Batch: 860, Acc: 63.53%, Loss: 1.1399
Epoch: 23, Batch: 870, Acc: 63.54%, Loss: 1.1207
Epoch: 23, Batch: 880, Acc: 63.54%, Loss: 1.2125
Epoch: 23, Batch: 890, Acc: 63.54%, Loss: 1.1748
Epoch: 23, Batch: 900, Acc: 63.54%, Loss: 1.1745
Epoch: 23, Batch: 910, Acc: 63.53%, Loss: 1.1909
Epoch: 23, Batch: 920, Acc: 63.55%, Loss: 1.0965
Epoch: 23, Batch: 930, Acc: 63.55%, Loss: 1.1323
Accuracy on test set: 66.14%
Epoch: 24, Batch: 10, Acc: 64.53%, Loss: 1.0859
Epoch: 24, Batch: 20, Acc: 65.31%, Loss: 1.0973
Epoch: 24, Batch: 30, Acc: 64.43%, Loss: 1.1259
Epoch: 24, Batch: 40, Acc: 64.22%, Loss: 1.1521
Epoch: 24, Batch: 50, Acc: 64.12%, Loss: 1.1263
Epoch: 24, Batch: 60, Acc: 63.59%, Loss: 1.1309
Epoch: 24, Batch: 70, Acc: 63.62%, Loss: 1.1579
Epoch: 24, Batch: 80, Acc: 63.87%, Loss: 1.1016
Epoch: 24, Batch: 90, Acc: 64.06%, Loss: 1.1097
Epoch: 24, Batch: 100, Acc: 64.03%, Loss: 1.1795
Epoch: 24, Batch: 110, Acc: 63.93%, Loss: 1.1710
Epoch: 24, Batch: 120, Acc: 63.71%, Loss: 1.2163
Epoch: 24, Batch: 130, Acc: 63.65%, Loss: 1.1780
Epoch: 24, Batch: 140, Acc: 63.42%, Loss: 1.1946
Epoch: 24, Batch: 150, Acc: 63.50%, Loss: 1.1704
Epoch: 24, Batch: 160, Acc: 63.36%, Loss: 1.2115
Epoch: 24, Batch: 170, Acc: 63.54%, Loss: 1.1191
Epoch: 24, Batch: 180, Acc: 63.38%, Loss: 1.1566
Epoch: 24, Batch: 190, Acc: 63.30%, Loss: 1.1777
Epoch: 24, Batch: 200, Acc: 63.19%, Loss: 1.2007
Epoch: 24, Batch: 210, Acc: 63.08%, Loss: 1.1811
Epoch: 24, Batch: 220, Acc: 63.05%, Loss: 1.2049
Epoch: 24, Batch: 230, Acc: 63.03%, Loss: 1.1756
Epoch: 24, Batch: 240, Acc: 63.25%, Loss: 1.0949
Epoch: 24, Batch: 250, Acc: 63.26%, Loss: 1.1683
Epoch: 24, Batch: 260, Acc: 63.23%, Loss: 1.1280
Epoch: 24, Batch: 270, Acc: 63.23%, Loss: 1.2301
Epoch: 24, Batch: 280, Acc: 63.15%, Loss: 1.1914
Epoch: 24, Batch: 290, Acc: 63.18%, Loss: 1.1176
Epoch: 24, Batch: 300, Acc: 63.20%, Loss: 1.1266
Epoch: 24, Batch: 310, Acc: 63.20%, Loss: 1.1424
Epoch: 24, Batch: 320, Acc: 63.17%, Loss: 1.1481
Epoch: 24, Batch: 330, Acc: 63.23%, Loss: 1.0945
Epoch: 24, Batch: 340, Acc: 63.31%, Loss: 1.1263
Epoch: 24, Batch: 350, Acc: 63.33%, Loss: 1.1412
Epoch: 24, Batch: 360, Acc: 63.36%, Loss: 1.1227
Epoch: 24, Batch: 370, Acc: 63.30%, Loss: 1.2371
Epoch: 24, Batch: 380, Acc: 63.39%, Loss: 1.0290
Epoch: 24, Batch: 390, Acc: 63.46%, Loss: 1.0840
Epoch: 24, Batch: 400, Acc: 63.48%, Loss: 1.1449
Epoch: 24, Batch: 410, Acc: 63.45%, Loss: 1.1857
Epoch: 24, Batch: 420, Acc: 63.42%, Loss: 1.1953
Epoch: 24, Batch: 430, Acc: 63.41%, Loss: 1.1539
Epoch: 24, Batch: 440, Acc: 63.38%, Loss: 1.1870
Epoch: 24, Batch: 450, Acc: 63.43%, Loss: 1.1178
Epoch: 24, Batch: 460, Acc: 63.47%, Loss: 1.1770
Epoch: 24, Batch: 470, Acc: 63.49%, Loss: 1.0884
Epoch: 24, Batch: 480, Acc: 63.42%, Loss: 1.2169
Epoch: 24, Batch: 490, Acc: 63.41%, Loss: 1.1901
Epoch: 24, Batch: 500, Acc: 63.39%, Loss: 1.1025
Epoch: 24, Batch: 510, Acc: 63.39%, Loss: 1.1411
Epoch: 24, Batch: 520, Acc: 63.37%, Loss: 1.1790
Epoch: 24, Batch: 530, Acc: 63.38%, Loss: 1.1560
Epoch: 24, Batch: 540, Acc: 63.44%, Loss: 1.1137
Epoch: 24, Batch: 550, Acc: 63.45%, Loss: 1.1853
Epoch: 24, Batch: 560, Acc: 63.44%, Loss: 1.1684
Epoch: 24, Batch: 570, Acc: 63.40%, Loss: 1.1954
Epoch: 24, Batch: 580, Acc: 63.42%, Loss: 1.1802
Epoch: 24, Batch: 590, Acc: 63.40%, Loss: 1.1810
Epoch: 24, Batch: 600, Acc: 63.38%, Loss: 1.1882
Epoch: 24, Batch: 610, Acc: 63.41%, Loss: 1.1321
Epoch: 24, Batch: 620, Acc: 63.41%, Loss: 1.1678
Epoch: 24, Batch: 630, Acc: 63.39%, Loss: 1.2027
Epoch: 24, Batch: 640, Acc: 63.44%, Loss: 1.1483
Epoch: 24, Batch: 650, Acc: 63.44%, Loss: 1.2180
Epoch: 24, Batch: 660, Acc: 63.44%, Loss: 1.1310
Epoch: 24, Batch: 670, Acc: 63.46%, Loss: 1.1133
Epoch: 24, Batch: 680, Acc: 63.54%, Loss: 1.0307
Epoch: 24, Batch: 690, Acc: 63.56%, Loss: 1.1125
Epoch: 24, Batch: 700, Acc: 63.57%, Loss: 1.1309
Epoch: 24, Batch: 710, Acc: 63.58%, Loss: 1.1590
Epoch: 24, Batch: 720, Acc: 63.57%, Loss: 1.1335
Epoch: 24, Batch: 730, Acc: 63.57%, Loss: 1.1432
Epoch: 24, Batch: 740, Acc: 63.61%, Loss: 1.1309
Epoch: 24, Batch: 750, Acc: 63.60%, Loss: 1.1797
Epoch: 24, Batch: 760, Acc: 63.60%, Loss: 1.1173
Epoch: 24, Batch: 770, Acc: 63.59%, Loss: 1.1738
Epoch: 24, Batch: 780, Acc: 63.57%, Loss: 1.1783
Epoch: 24, Batch: 790, Acc: 63.58%, Loss: 1.1022
Epoch: 24, Batch: 800, Acc: 63.58%, Loss: 1.1171
Epoch: 24, Batch: 810, Acc: 63.59%, Loss: 1.1564
Epoch: 24, Batch: 820, Acc: 63.57%, Loss: 1.1598
Epoch: 24, Batch: 830, Acc: 63.54%, Loss: 1.2348
Epoch: 24, Batch: 840, Acc: 63.57%, Loss: 1.1568
Epoch: 24, Batch: 850, Acc: 63.56%, Loss: 1.1696
Epoch: 24, Batch: 860, Acc: 63.55%, Loss: 1.1952
Epoch: 24, Batch: 870, Acc: 63.57%, Loss: 1.1303
Epoch: 24, Batch: 880, Acc: 63.64%, Loss: 1.0886
Epoch: 24, Batch: 890, Acc: 63.67%, Loss: 1.0775
Epoch: 24, Batch: 900, Acc: 63.68%, Loss: 1.1593
Epoch: 24, Batch: 910, Acc: 63.67%, Loss: 1.1372
Epoch: 24, Batch: 920, Acc: 63.64%, Loss: 1.1731
Epoch: 24, Batch: 930, Acc: 63.59%, Loss: 1.1694
Accuracy on test set: 65.70%
Epoch: 25, Batch: 10, Acc: 62.81%, Loss: 1.1527
Epoch: 25, Batch: 20, Acc: 63.75%, Loss: 1.1280
Epoch: 25, Batch: 30, Acc: 63.44%, Loss: 1.1283
Epoch: 25, Batch: 40, Acc: 63.59%, Loss: 1.1461
Epoch: 25, Batch: 50, Acc: 63.34%, Loss: 1.1917
Epoch: 25, Batch: 60, Acc: 63.44%, Loss: 1.1272
Epoch: 25, Batch: 70, Acc: 63.46%, Loss: 1.1272
Epoch: 25, Batch: 80, Acc: 63.14%, Loss: 1.2251
Epoch: 25, Batch: 90, Acc: 63.18%, Loss: 1.1073
Epoch: 25, Batch: 100, Acc: 63.31%, Loss: 1.1537
Epoch: 25, Batch: 110, Acc: 63.12%, Loss: 1.2276
Epoch: 25, Batch: 120, Acc: 63.06%, Loss: 1.1633
Epoch: 25, Batch: 130, Acc: 63.16%, Loss: 1.1130
Epoch: 25, Batch: 140, Acc: 63.04%, Loss: 1.1597
Epoch: 25, Batch: 150, Acc: 63.08%, Loss: 1.0997
Epoch: 25, Batch: 160, Acc: 63.20%, Loss: 1.1258
Epoch: 25, Batch: 170, Acc: 63.35%, Loss: 1.1504
Epoch: 25, Batch: 180, Acc: 63.36%, Loss: 1.1153
Epoch: 25, Batch: 190, Acc: 63.53%, Loss: 1.0514
Epoch: 25, Batch: 200, Acc: 63.62%, Loss: 1.2060
Epoch: 25, Batch: 210, Acc: 63.75%, Loss: 1.1265
Epoch: 25, Batch: 220, Acc: 63.65%, Loss: 1.1561
Epoch: 25, Batch: 230, Acc: 63.68%, Loss: 1.1464
Epoch: 25, Batch: 240, Acc: 63.65%, Loss: 1.1607
Epoch: 25, Batch: 250, Acc: 63.61%, Loss: 1.2236
Epoch: 25, Batch: 260, Acc: 63.77%, Loss: 1.0762
Epoch: 25, Batch: 270, Acc: 63.82%, Loss: 1.1738
Epoch: 25, Batch: 280, Acc: 63.82%, Loss: 1.1535
Epoch: 25, Batch: 290, Acc: 63.81%, Loss: 1.1661
Epoch: 25, Batch: 300, Acc: 63.86%, Loss: 1.1313
Epoch: 25, Batch: 310, Acc: 63.74%, Loss: 1.2636
Epoch: 25, Batch: 320, Acc: 63.73%, Loss: 1.1613
Epoch: 25, Batch: 330, Acc: 63.77%, Loss: 1.1467
Epoch: 25, Batch: 340, Acc: 63.71%, Loss: 1.1961
Epoch: 25, Batch: 350, Acc: 63.59%, Loss: 1.2164
Epoch: 25, Batch: 360, Acc: 63.59%, Loss: 1.1635
Epoch: 25, Batch: 370, Acc: 63.67%, Loss: 1.1175
Epoch: 25, Batch: 380, Acc: 63.74%, Loss: 1.0727
Epoch: 25, Batch: 390, Acc: 63.72%, Loss: 1.1744
Epoch: 25, Batch: 400, Acc: 63.82%, Loss: 1.0699
Epoch: 25, Batch: 410, Acc: 63.77%, Loss: 1.2101
Epoch: 25, Batch: 420, Acc: 63.76%, Loss: 1.1633
Epoch: 25, Batch: 430, Acc: 63.69%, Loss: 1.1405
Epoch: 25, Batch: 440, Acc: 63.68%, Loss: 1.1414
Epoch: 25, Batch: 450, Acc: 63.63%, Loss: 1.1746
Epoch: 25, Batch: 460, Acc: 63.62%, Loss: 1.1297
Epoch: 25, Batch: 470, Acc: 63.61%, Loss: 1.1940
Epoch: 25, Batch: 480, Acc: 63.52%, Loss: 1.1980
Epoch: 25, Batch: 490, Acc: 63.53%, Loss: 1.1503
Epoch: 25, Batch: 500, Acc: 63.57%, Loss: 1.1262
Epoch: 25, Batch: 510, Acc: 63.57%, Loss: 1.1122
Epoch: 25, Batch: 520, Acc: 63.55%, Loss: 1.1384
Epoch: 25, Batch: 530, Acc: 63.57%, Loss: 1.1662
Epoch: 25, Batch: 540, Acc: 63.53%, Loss: 1.1745
Epoch: 25, Batch: 550, Acc: 63.54%, Loss: 1.1423
Epoch: 25, Batch: 560, Acc: 63.52%, Loss: 1.1663
Epoch: 25, Batch: 570, Acc: 63.54%, Loss: 1.1143
Epoch: 25, Batch: 580, Acc: 63.57%, Loss: 1.1535
Epoch: 25, Batch: 590, Acc: 63.56%, Loss: 1.1494
Epoch: 25, Batch: 600, Acc: 63.58%, Loss: 1.1182
Epoch: 25, Batch: 610, Acc: 63.54%, Loss: 1.1468
Epoch: 25, Batch: 620, Acc: 63.54%, Loss: 1.1852
Epoch: 25, Batch: 630, Acc: 63.49%, Loss: 1.1678
Epoch: 25, Batch: 640, Acc: 63.50%, Loss: 1.1921
Epoch: 25, Batch: 650, Acc: 63.51%, Loss: 1.1414
Epoch: 25, Batch: 660, Acc: 63.52%, Loss: 1.1196
Epoch: 25, Batch: 670, Acc: 63.52%, Loss: 1.1950
Epoch: 25, Batch: 680, Acc: 63.54%, Loss: 1.1206
Epoch: 25, Batch: 690, Acc: 63.53%, Loss: 1.2090
Epoch: 25, Batch: 700, Acc: 63.52%, Loss: 1.1466
Epoch: 25, Batch: 710, Acc: 63.53%, Loss: 1.0971
Epoch: 25, Batch: 720, Acc: 63.52%, Loss: 1.0987
Epoch: 25, Batch: 730, Acc: 63.51%, Loss: 1.1768
Epoch: 25, Batch: 740, Acc: 63.55%, Loss: 1.0986
Epoch: 25, Batch: 750, Acc: 63.59%, Loss: 1.0942
Epoch: 25, Batch: 760, Acc: 63.63%, Loss: 1.0951
Epoch: 25, Batch: 770, Acc: 63.62%, Loss: 1.1578
Epoch: 25, Batch: 780, Acc: 63.63%, Loss: 1.1954
Epoch: 25, Batch: 790, Acc: 63.63%, Loss: 1.2124
Epoch: 25, Batch: 800, Acc: 63.65%, Loss: 1.1316
Epoch: 25, Batch: 810, Acc: 63.67%, Loss: 1.0950
Epoch: 25, Batch: 820, Acc: 63.65%, Loss: 1.1476
Epoch: 25, Batch: 830, Acc: 63.67%, Loss: 1.1442
Epoch: 25, Batch: 840, Acc: 63.66%, Loss: 1.1998
Epoch: 25, Batch: 850, Acc: 63.65%, Loss: 1.1966
Epoch: 25, Batch: 860, Acc: 63.65%, Loss: 1.2003
Epoch: 25, Batch: 870, Acc: 63.67%, Loss: 1.1458
Epoch: 25, Batch: 880, Acc: 63.69%, Loss: 1.0976
Epoch: 25, Batch: 890, Acc: 63.67%, Loss: 1.1832
Epoch: 25, Batch: 900, Acc: 63.68%, Loss: 1.0841
Epoch: 25, Batch: 910, Acc: 63.72%, Loss: 1.0956
Epoch: 25, Batch: 920, Acc: 63.72%, Loss: 1.1319
Epoch: 25, Batch: 930, Acc: 63.72%, Loss: 1.0931
Accuracy on test set: 66.06%
Epoch: 26, Batch: 10, Acc: 64.69%, Loss: 1.1165
Epoch: 26, Batch: 20, Acc: 62.97%, Loss: 1.2135
Epoch: 26, Batch: 30, Acc: 63.85%, Loss: 1.1143
Epoch: 26, Batch: 40, Acc: 63.95%, Loss: 1.1349
Epoch: 26, Batch: 50, Acc: 63.56%, Loss: 1.1753
Epoch: 26, Batch: 60, Acc: 64.04%, Loss: 1.1256
Epoch: 26, Batch: 70, Acc: 63.55%, Loss: 1.1729
Epoch: 26, Batch: 80, Acc: 63.30%, Loss: 1.1537
Epoch: 26, Batch: 90, Acc: 63.42%, Loss: 1.1283
Epoch: 26, Batch: 100, Acc: 63.12%, Loss: 1.2006
Epoch: 26, Batch: 110, Acc: 63.17%, Loss: 1.1351
Epoch: 26, Batch: 120, Acc: 62.94%, Loss: 1.2667
Epoch: 26, Batch: 130, Acc: 62.94%, Loss: 1.1221
Epoch: 26, Batch: 140, Acc: 63.15%, Loss: 1.1211
Epoch: 26, Batch: 150, Acc: 63.02%, Loss: 1.1639
Epoch: 26, Batch: 160, Acc: 63.25%, Loss: 1.0882
Epoch: 26, Batch: 170, Acc: 63.17%, Loss: 1.2090
Epoch: 26, Batch: 180, Acc: 63.26%, Loss: 1.1306
Epoch: 26, Batch: 190, Acc: 63.22%, Loss: 1.1948
Epoch: 26, Batch: 200, Acc: 63.15%, Loss: 1.1240
Epoch: 26, Batch: 210, Acc: 63.14%, Loss: 1.1082
Epoch: 26, Batch: 220, Acc: 63.00%, Loss: 1.2204
Epoch: 26, Batch: 230, Acc: 63.04%, Loss: 1.1920
Epoch: 26, Batch: 240, Acc: 63.12%, Loss: 1.1627
Epoch: 26, Batch: 250, Acc: 63.11%, Loss: 1.2700
Epoch: 26, Batch: 260, Acc: 63.12%, Loss: 1.1851
Epoch: 26, Batch: 270, Acc: 63.20%, Loss: 1.1615
Epoch: 26, Batch: 280, Acc: 63.22%, Loss: 1.1310
Epoch: 26, Batch: 290, Acc: 63.16%, Loss: 1.1451
Epoch: 26, Batch: 300, Acc: 63.09%, Loss: 1.1453
Epoch: 26, Batch: 310, Acc: 63.00%, Loss: 1.2114
Epoch: 26, Batch: 320, Acc: 63.01%, Loss: 1.1580
Epoch: 26, Batch: 330, Acc: 63.08%, Loss: 1.1667
Epoch: 26, Batch: 340, Acc: 63.17%, Loss: 1.0930
Epoch: 26, Batch: 350, Acc: 63.21%, Loss: 1.1444
Epoch: 26, Batch: 360, Acc: 63.21%, Loss: 1.1160
Epoch: 26, Batch: 370, Acc: 63.19%, Loss: 1.1413
Epoch: 26, Batch: 380, Acc: 63.19%, Loss: 1.1436
Epoch: 26, Batch: 390, Acc: 63.24%, Loss: 1.1211
Epoch: 26, Batch: 400, Acc: 63.27%, Loss: 1.1589
Epoch: 26, Batch: 410, Acc: 63.29%, Loss: 1.1568
Epoch: 26, Batch: 420, Acc: 63.31%, Loss: 1.0713
Epoch: 26, Batch: 430, Acc: 63.30%, Loss: 1.1365
Epoch: 26, Batch: 440, Acc: 63.30%, Loss: 1.1961
Epoch: 26, Batch: 450, Acc: 63.36%, Loss: 1.0960
Epoch: 26, Batch: 460, Acc: 63.36%, Loss: 1.1596
Epoch: 26, Batch: 470, Acc: 63.38%, Loss: 1.1235
Epoch: 26, Batch: 480, Acc: 63.40%, Loss: 1.1131
Epoch: 26, Batch: 490, Acc: 63.41%, Loss: 1.1393
Epoch: 26, Batch: 500, Acc: 63.33%, Loss: 1.2316
Epoch: 26, Batch: 510, Acc: 63.33%, Loss: 1.1709
Epoch: 26, Batch: 520, Acc: 63.39%, Loss: 1.1369
Epoch: 26, Batch: 530, Acc: 63.40%, Loss: 1.1156
Epoch: 26, Batch: 540, Acc: 63.47%, Loss: 1.1122
Epoch: 26, Batch: 550, Acc: 63.49%, Loss: 1.1774
Epoch: 26, Batch: 560, Acc: 63.48%, Loss: 1.1769
Epoch: 26, Batch: 570, Acc: 63.49%, Loss: 1.1097
Epoch: 26, Batch: 580, Acc: 63.50%, Loss: 1.1437
Epoch: 26, Batch: 590, Acc: 63.51%, Loss: 1.1543
Epoch: 26, Batch: 600, Acc: 63.52%, Loss: 1.1036
Epoch: 26, Batch: 610, Acc: 63.53%, Loss: 1.1872
Epoch: 26, Batch: 620, Acc: 63.57%, Loss: 1.1371
Epoch: 26, Batch: 630, Acc: 63.60%, Loss: 1.0911
Epoch: 26, Batch: 640, Acc: 63.68%, Loss: 1.1061
Epoch: 26, Batch: 650, Acc: 63.71%, Loss: 1.1142
Epoch: 26, Batch: 660, Acc: 63.72%, Loss: 1.1481
Epoch: 26, Batch: 670, Acc: 63.75%, Loss: 1.1141
Epoch: 26, Batch: 680, Acc: 63.75%, Loss: 1.1432
Epoch: 26, Batch: 690, Acc: 63.76%, Loss: 1.0968
Epoch: 26, Batch: 700, Acc: 63.74%, Loss: 1.1442
Epoch: 26, Batch: 710, Acc: 63.73%, Loss: 1.1791
Epoch: 26, Batch: 720, Acc: 63.70%, Loss: 1.1278
Epoch: 26, Batch: 730, Acc: 63.70%, Loss: 1.1531
Epoch: 26, Batch: 740, Acc: 63.71%, Loss: 1.2150
Epoch: 26, Batch: 750, Acc: 63.71%, Loss: 1.1674
Epoch: 26, Batch: 760, Acc: 63.74%, Loss: 1.1803
Epoch: 26, Batch: 770, Acc: 63.70%, Loss: 1.1393
Epoch: 26, Batch: 780, Acc: 63.70%, Loss: 1.1290
Epoch: 26, Batch: 790, Acc: 63.71%, Loss: 1.1384
Epoch: 26, Batch: 800, Acc: 63.72%, Loss: 1.0968
Epoch: 26, Batch: 810, Acc: 63.72%, Loss: 1.1516
Epoch: 26, Batch: 820, Acc: 63.67%, Loss: 1.1704
Epoch: 26, Batch: 830, Acc: 63.75%, Loss: 1.0411
Epoch: 26, Batch: 840, Acc: 63.79%, Loss: 1.0884
Epoch: 26, Batch: 850, Acc: 63.83%, Loss: 1.1136
Epoch: 26, Batch: 860, Acc: 63.81%, Loss: 1.1787
Epoch: 26, Batch: 870, Acc: 63.81%, Loss: 1.1513
Epoch: 26, Batch: 880, Acc: 63.78%, Loss: 1.2055
Epoch: 26, Batch: 890, Acc: 63.75%, Loss: 1.2266
Epoch: 26, Batch: 900, Acc: 63.74%, Loss: 1.1479
Epoch: 26, Batch: 910, Acc: 63.76%, Loss: 1.1322
Epoch: 26, Batch: 920, Acc: 63.75%, Loss: 1.1600
Epoch: 26, Batch: 930, Acc: 63.78%, Loss: 1.0683
Accuracy on test set: 66.04%
Epoch: 27, Batch: 10, Acc: 65.47%, Loss: 1.0581
Epoch: 27, Batch: 20, Acc: 64.84%, Loss: 1.1204
Epoch: 27, Batch: 30, Acc: 63.65%, Loss: 1.1783
Epoch: 27, Batch: 40, Acc: 63.79%, Loss: 1.1224
Epoch: 27, Batch: 50, Acc: 63.56%, Loss: 1.1078
Epoch: 27, Batch: 60, Acc: 63.44%, Loss: 1.1662
Epoch: 27, Batch: 70, Acc: 63.28%, Loss: 1.2046
Epoch: 27, Batch: 80, Acc: 63.40%, Loss: 1.1855
Epoch: 27, Batch: 90, Acc: 63.07%, Loss: 1.1629
Epoch: 27, Batch: 100, Acc: 63.09%, Loss: 1.1877
Epoch: 27, Batch: 110, Acc: 63.24%, Loss: 1.1534
Epoch: 27, Batch: 120, Acc: 63.39%, Loss: 1.0926
Epoch: 27, Batch: 130, Acc: 63.62%, Loss: 1.1271
Epoch: 27, Batch: 140, Acc: 63.57%, Loss: 1.1200
Epoch: 27, Batch: 150, Acc: 63.52%, Loss: 1.1629
Epoch: 27, Batch: 160, Acc: 63.56%, Loss: 1.1453
Epoch: 27, Batch: 170, Acc: 63.48%, Loss: 1.1527
Epoch: 27, Batch: 180, Acc: 63.41%, Loss: 1.1396
Epoch: 27, Batch: 190, Acc: 63.50%, Loss: 1.0864
Epoch: 27, Batch: 200, Acc: 63.51%, Loss: 1.1578
Epoch: 27, Batch: 210, Acc: 63.47%, Loss: 1.1654
Epoch: 27, Batch: 220, Acc: 63.47%, Loss: 1.1571
Epoch: 27, Batch: 230, Acc: 63.42%, Loss: 1.1476
Epoch: 27, Batch: 240, Acc: 63.48%, Loss: 1.1131
Epoch: 27, Batch: 250, Acc: 63.55%, Loss: 1.1208
Epoch: 27, Batch: 260, Acc: 63.49%, Loss: 1.2843
Epoch: 27, Batch: 270, Acc: 63.63%, Loss: 1.0489
Epoch: 27, Batch: 280, Acc: 63.69%, Loss: 1.1296
Epoch: 27, Batch: 290, Acc: 63.77%, Loss: 1.1102
Epoch: 27, Batch: 300, Acc: 63.70%, Loss: 1.1562
Epoch: 27, Batch: 310, Acc: 63.58%, Loss: 1.1914
Epoch: 27, Batch: 320, Acc: 63.59%, Loss: 1.1546
Epoch: 27, Batch: 330, Acc: 63.62%, Loss: 1.1814
Epoch: 27, Batch: 340, Acc: 63.56%, Loss: 1.2515
Epoch: 27, Batch: 350, Acc: 63.49%, Loss: 1.1681
Epoch: 27, Batch: 360, Acc: 63.53%, Loss: 1.1299
Epoch: 27, Batch: 370, Acc: 63.52%, Loss: 1.1584
Epoch: 27, Batch: 380, Acc: 63.54%, Loss: 1.1322
Epoch: 27, Batch: 390, Acc: 63.53%, Loss: 1.1137
Epoch: 27, Batch: 400, Acc: 63.55%, Loss: 1.1131
Epoch: 27, Batch: 410, Acc: 63.52%, Loss: 1.2163
Epoch: 27, Batch: 420, Acc: 63.44%, Loss: 1.2002
Epoch: 27, Batch: 430, Acc: 63.47%, Loss: 1.1421
Epoch: 27, Batch: 440, Acc: 63.52%, Loss: 1.1916
Epoch: 27, Batch: 450, Acc: 63.53%, Loss: 1.1315
Epoch: 27, Batch: 460, Acc: 63.47%, Loss: 1.1575
Epoch: 27, Batch: 470, Acc: 63.43%, Loss: 1.1845
Epoch: 27, Batch: 480, Acc: 63.48%, Loss: 1.0924
Epoch: 27, Batch: 490, Acc: 63.48%, Loss: 1.1576
Epoch: 27, Batch: 500, Acc: 63.46%, Loss: 1.2142
Epoch: 27, Batch: 510, Acc: 63.48%, Loss: 1.1125
Epoch: 27, Batch: 520, Acc: 63.52%, Loss: 1.0899
Epoch: 27, Batch: 530, Acc: 63.49%, Loss: 1.2034
Epoch: 27, Batch: 540, Acc: 63.53%, Loss: 1.1552
Epoch: 27, Batch: 550, Acc: 63.50%, Loss: 1.2066
Epoch: 27, Batch: 560, Acc: 63.51%, Loss: 1.1468
Epoch: 27, Batch: 570, Acc: 63.49%, Loss: 1.1804
Epoch: 27, Batch: 580, Acc: 63.50%, Loss: 1.0974
Epoch: 27, Batch: 590, Acc: 63.50%, Loss: 1.1521
Epoch: 27, Batch: 600, Acc: 63.50%, Loss: 1.1176
Epoch: 27, Batch: 610, Acc: 63.54%, Loss: 1.1363
Epoch: 27, Batch: 620, Acc: 63.57%, Loss: 1.1325
Epoch: 27, Batch: 630, Acc: 63.54%, Loss: 1.1962
Epoch: 27, Batch: 640, Acc: 63.51%, Loss: 1.1623
Epoch: 27, Batch: 650, Acc: 63.43%, Loss: 1.2140
Epoch: 27, Batch: 660, Acc: 63.43%, Loss: 1.1769
Epoch: 27, Batch: 670, Acc: 63.44%, Loss: 1.1154
Epoch: 27, Batch: 680, Acc: 63.47%, Loss: 1.0601
Epoch: 27, Batch: 690, Acc: 63.49%, Loss: 1.0951
Epoch: 27, Batch: 700, Acc: 63.56%, Loss: 1.0619
Epoch: 27, Batch: 710, Acc: 63.55%, Loss: 1.1467
Epoch: 27, Batch: 720, Acc: 63.58%, Loss: 1.1196
Epoch: 27, Batch: 730, Acc: 63.63%, Loss: 1.1163
Epoch: 27, Batch: 740, Acc: 63.63%, Loss: 1.1530
Epoch: 27, Batch: 750, Acc: 63.62%, Loss: 1.1290
Epoch: 27, Batch: 760, Acc: 63.60%, Loss: 1.1666
Epoch: 27, Batch: 770, Acc: 63.63%, Loss: 1.1284
Epoch: 27, Batch: 780, Acc: 63.66%, Loss: 1.1592
Epoch: 27, Batch: 790, Acc: 63.62%, Loss: 1.1867
Epoch: 27, Batch: 800, Acc: 63.64%, Loss: 1.1183
Epoch: 27, Batch: 810, Acc: 63.66%, Loss: 1.0985
Epoch: 27, Batch: 820, Acc: 63.68%, Loss: 1.1158
Epoch: 27, Batch: 830, Acc: 63.72%, Loss: 1.0437
Epoch: 27, Batch: 840, Acc: 63.72%, Loss: 1.1117
Epoch: 27, Batch: 850, Acc: 63.71%, Loss: 1.1491
Epoch: 27, Batch: 860, Acc: 63.71%, Loss: 1.1625
Epoch: 27, Batch: 870, Acc: 63.71%, Loss: 1.1192
Epoch: 27, Batch: 880, Acc: 63.73%, Loss: 1.1436
Epoch: 27, Batch: 890, Acc: 63.72%, Loss: 1.1624
Epoch: 27, Batch: 900, Acc: 63.74%, Loss: 1.1539
Epoch: 27, Batch: 910, Acc: 63.72%, Loss: 1.1873
Epoch: 27, Batch: 920, Acc: 63.70%, Loss: 1.1875
Epoch: 27, Batch: 930, Acc: 63.70%, Loss: 1.1395
Accuracy on test set: 66.38%
Epoch: 28, Batch: 10, Acc: 63.28%, Loss: 1.1410
Epoch: 28, Batch: 20, Acc: 62.73%, Loss: 1.1813
Epoch: 28, Batch: 30, Acc: 63.07%, Loss: 1.1185
Epoch: 28, Batch: 40, Acc: 63.67%, Loss: 1.1488
Epoch: 28, Batch: 50, Acc: 64.50%, Loss: 1.0847
Epoch: 28, Batch: 60, Acc: 64.43%, Loss: 1.1382
Epoch: 28, Batch: 70, Acc: 64.71%, Loss: 1.0997
Epoch: 28, Batch: 80, Acc: 64.73%, Loss: 1.1161
Epoch: 28, Batch: 90, Acc: 64.27%, Loss: 1.2224
Epoch: 28, Batch: 100, Acc: 64.38%, Loss: 1.0806
Epoch: 28, Batch: 110, Acc: 64.20%, Loss: 1.0920
Epoch: 28, Batch: 120, Acc: 64.10%, Loss: 1.1805
Epoch: 28, Batch: 130, Acc: 64.10%, Loss: 1.1815
Epoch: 28, Batch: 140, Acc: 64.17%, Loss: 1.1475
Epoch: 28, Batch: 150, Acc: 63.82%, Loss: 1.2027
Epoch: 28, Batch: 160, Acc: 63.83%, Loss: 1.1973
Epoch: 28, Batch: 170, Acc: 63.68%, Loss: 1.1579
Epoch: 28, Batch: 180, Acc: 63.65%, Loss: 1.1558
Epoch: 28, Batch: 190, Acc: 63.63%, Loss: 1.1663
Epoch: 28, Batch: 200, Acc: 63.73%, Loss: 1.0942
Epoch: 28, Batch: 210, Acc: 63.62%, Loss: 1.1932
Epoch: 28, Batch: 220, Acc: 63.81%, Loss: 1.1392
Epoch: 28, Batch: 230, Acc: 63.82%, Loss: 1.1945
Epoch: 28, Batch: 240, Acc: 63.81%, Loss: 1.1920
Epoch: 28, Batch: 250, Acc: 63.73%, Loss: 1.2276
Epoch: 28, Batch: 260, Acc: 63.73%, Loss: 1.1294
Epoch: 28, Batch: 270, Acc: 63.67%, Loss: 1.1839
Epoch: 28, Batch: 280, Acc: 63.68%, Loss: 1.1434
Epoch: 28, Batch: 290, Acc: 63.71%, Loss: 1.0795
Epoch: 28, Batch: 300, Acc: 63.66%, Loss: 1.1037
Epoch: 28, Batch: 310, Acc: 63.65%, Loss: 1.1174
Epoch: 28, Batch: 320, Acc: 63.59%, Loss: 1.1322
Epoch: 28, Batch: 330, Acc: 63.49%, Loss: 1.1777
Epoch: 28, Batch: 340, Acc: 63.60%, Loss: 1.1211
Epoch: 28, Batch: 350, Acc: 63.56%, Loss: 1.1830
Epoch: 28, Batch: 360, Acc: 63.63%, Loss: 1.0976
Epoch: 28, Batch: 370, Acc: 63.61%, Loss: 1.1734
Epoch: 28, Batch: 380, Acc: 63.69%, Loss: 1.0859
Epoch: 28, Batch: 390, Acc: 63.63%, Loss: 1.2151
Epoch: 28, Batch: 400, Acc: 63.54%, Loss: 1.2165
Epoch: 28, Batch: 410, Acc: 63.54%, Loss: 1.1537
Epoch: 28, Batch: 420, Acc: 63.47%, Loss: 1.2091
Epoch: 28, Batch: 430, Acc: 63.53%, Loss: 1.1336
Epoch: 28, Batch: 440, Acc: 63.56%, Loss: 1.1812
Epoch: 28, Batch: 450, Acc: 63.53%, Loss: 1.1553
Epoch: 28, Batch: 460, Acc: 63.48%, Loss: 1.1758
Epoch: 28, Batch: 470, Acc: 63.49%, Loss: 1.1122
Epoch: 28, Batch: 480, Acc: 63.43%, Loss: 1.1710
Epoch: 28, Batch: 490, Acc: 63.41%, Loss: 1.1666
Epoch: 28, Batch: 500, Acc: 63.43%, Loss: 1.0960
Epoch: 28, Batch: 510, Acc: 63.43%, Loss: 1.1344
Epoch: 28, Batch: 520, Acc: 63.47%, Loss: 1.1725
Epoch: 28, Batch: 530, Acc: 63.42%, Loss: 1.1287
Epoch: 28, Batch: 540, Acc: 63.48%, Loss: 1.0959
Epoch: 28, Batch: 550, Acc: 63.52%, Loss: 1.0960
Epoch: 28, Batch: 560, Acc: 63.56%, Loss: 1.0851
Epoch: 28, Batch: 570, Acc: 63.60%, Loss: 1.0694
Epoch: 28, Batch: 580, Acc: 63.61%, Loss: 1.1640
Epoch: 28, Batch: 590, Acc: 63.64%, Loss: 1.1295
Epoch: 28, Batch: 600, Acc: 63.67%, Loss: 1.1554
Epoch: 28, Batch: 610, Acc: 63.72%, Loss: 1.0925
Epoch: 28, Batch: 620, Acc: 63.74%, Loss: 1.1507
Epoch: 28, Batch: 630, Acc: 63.71%, Loss: 1.2126
Epoch: 28, Batch: 640, Acc: 63.69%, Loss: 1.1070
Epoch: 28, Batch: 650, Acc: 63.66%, Loss: 1.2014
Epoch: 28, Batch: 660, Acc: 63.66%, Loss: 1.1686
Epoch: 28, Batch: 670, Acc: 63.69%, Loss: 1.0709
Epoch: 28, Batch: 680, Acc: 63.75%, Loss: 1.1232
Epoch: 28, Batch: 690, Acc: 63.74%, Loss: 1.1985
Epoch: 28, Batch: 700, Acc: 63.77%, Loss: 1.1490
Epoch: 28, Batch: 710, Acc: 63.80%, Loss: 1.0622
Epoch: 28, Batch: 720, Acc: 63.83%, Loss: 1.0695
Epoch: 28, Batch: 730, Acc: 63.84%, Loss: 1.1498
Epoch: 28, Batch: 740, Acc: 63.88%, Loss: 1.1195
Epoch: 28, Batch: 750, Acc: 63.85%, Loss: 1.1479
Epoch: 28, Batch: 760, Acc: 63.85%, Loss: 1.1394
Epoch: 28, Batch: 770, Acc: 63.80%, Loss: 1.2022
Epoch: 28, Batch: 780, Acc: 63.81%, Loss: 1.0828
Epoch: 28, Batch: 790, Acc: 63.83%, Loss: 1.1259
Epoch: 28, Batch: 800, Acc: 63.81%, Loss: 1.1954
Epoch: 28, Batch: 810, Acc: 63.80%, Loss: 1.1279
Epoch: 28, Batch: 820, Acc: 63.83%, Loss: 1.1023
Epoch: 28, Batch: 830, Acc: 63.86%, Loss: 1.1401
Epoch: 28, Batch: 840, Acc: 63.87%, Loss: 1.1085
Epoch: 28, Batch: 850, Acc: 63.90%, Loss: 1.1815
Epoch: 28, Batch: 860, Acc: 63.90%, Loss: 1.1183
Epoch: 28, Batch: 870, Acc: 63.92%, Loss: 1.1283
Epoch: 28, Batch: 880, Acc: 63.93%, Loss: 1.0680
Epoch: 28, Batch: 890, Acc: 63.92%, Loss: 1.2350
Epoch: 28, Batch: 900, Acc: 63.90%, Loss: 1.1760
Epoch: 28, Batch: 910, Acc: 63.89%, Loss: 1.1564
Epoch: 28, Batch: 920, Acc: 63.89%, Loss: 1.1896
Epoch: 28, Batch: 930, Acc: 63.86%, Loss: 1.1503
Accuracy on test set: 66.03%
Epoch: 29, Batch: 10, Acc: 60.94%, Loss: 1.1277
Epoch: 29, Batch: 20, Acc: 61.72%, Loss: 1.1930
Epoch: 29, Batch: 30, Acc: 62.60%, Loss: 1.1335
Epoch: 29, Batch: 40, Acc: 62.66%, Loss: 1.1083
Epoch: 29, Batch: 50, Acc: 63.06%, Loss: 1.1313
Epoch: 29, Batch: 60, Acc: 62.34%, Loss: 1.2479
Epoch: 29, Batch: 70, Acc: 62.99%, Loss: 1.1049
Epoch: 29, Batch: 80, Acc: 63.46%, Loss: 1.1517
Epoch: 29, Batch: 90, Acc: 63.28%, Loss: 1.1089
Epoch: 29, Batch: 100, Acc: 63.53%, Loss: 1.1569
Epoch: 29, Batch: 110, Acc: 63.44%, Loss: 1.1225
Epoch: 29, Batch: 120, Acc: 63.42%, Loss: 1.1479
Epoch: 29, Batch: 130, Acc: 63.51%, Loss: 1.1182
Epoch: 29, Batch: 140, Acc: 63.64%, Loss: 1.1328
Epoch: 29, Batch: 150, Acc: 63.54%, Loss: 1.1513
Epoch: 29, Batch: 160, Acc: 63.71%, Loss: 1.1450
Epoch: 29, Batch: 170, Acc: 63.62%, Loss: 1.1278
Epoch: 29, Batch: 180, Acc: 63.46%, Loss: 1.1849
Epoch: 29, Batch: 190, Acc: 63.60%, Loss: 1.1468
Epoch: 29, Batch: 200, Acc: 63.48%, Loss: 1.1776
Epoch: 29, Batch: 210, Acc: 63.34%, Loss: 1.1368
Epoch: 29, Batch: 220, Acc: 63.44%, Loss: 1.1372
Epoch: 29, Batch: 230, Acc: 63.53%, Loss: 1.1207
Epoch: 29, Batch: 240, Acc: 63.64%, Loss: 1.1061
Epoch: 29, Batch: 250, Acc: 63.59%, Loss: 1.1701
Epoch: 29, Batch: 260, Acc: 63.70%, Loss: 1.0555
Epoch: 29, Batch: 270, Acc: 63.66%, Loss: 1.1975
Epoch: 29, Batch: 280, Acc: 63.71%, Loss: 1.1837
Epoch: 29, Batch: 290, Acc: 63.68%, Loss: 1.1759
Epoch: 29, Batch: 300, Acc: 63.73%, Loss: 1.1425
Epoch: 29, Batch: 310, Acc: 63.82%, Loss: 1.0694
Epoch: 29, Batch: 320, Acc: 63.87%, Loss: 1.1056
Epoch: 29, Batch: 330, Acc: 63.87%, Loss: 1.1979
Epoch: 29, Batch: 340, Acc: 63.88%, Loss: 1.1495
Epoch: 29, Batch: 350, Acc: 63.86%, Loss: 1.1176
Epoch: 29, Batch: 360, Acc: 63.78%, Loss: 1.1137
Epoch: 29, Batch: 370, Acc: 63.70%, Loss: 1.1856
Epoch: 29, Batch: 380, Acc: 63.67%, Loss: 1.2224
Epoch: 29, Batch: 390, Acc: 63.73%, Loss: 1.1478
Epoch: 29, Batch: 400, Acc: 63.76%, Loss: 1.1398
Epoch: 29, Batch: 410, Acc: 63.70%, Loss: 1.1703
Epoch: 29, Batch: 420, Acc: 63.64%, Loss: 1.1831
Epoch: 29, Batch: 430, Acc: 63.65%, Loss: 1.1238
Epoch: 29, Batch: 440, Acc: 63.68%, Loss: 1.1756
Epoch: 29, Batch: 450, Acc: 63.69%, Loss: 1.1763
Epoch: 29, Batch: 460, Acc: 63.71%, Loss: 1.1297
Epoch: 29, Batch: 470, Acc: 63.69%, Loss: 1.1877
Epoch: 29, Batch: 480, Acc: 63.74%, Loss: 1.1621
Epoch: 29, Batch: 490, Acc: 63.68%, Loss: 1.2171
Epoch: 29, Batch: 500, Acc: 63.64%, Loss: 1.1660
Epoch: 29, Batch: 510, Acc: 63.68%, Loss: 1.0841
Epoch: 29, Batch: 520, Acc: 63.65%, Loss: 1.1579
Epoch: 29, Batch: 530, Acc: 63.59%, Loss: 1.1429
Epoch: 29, Batch: 540, Acc: 63.62%, Loss: 1.0870
Epoch: 29, Batch: 550, Acc: 63.55%, Loss: 1.1700
Epoch: 29, Batch: 560, Acc: 63.61%, Loss: 1.0631
Epoch: 29, Batch: 570, Acc: 63.62%, Loss: 1.1961
Epoch: 29, Batch: 580, Acc: 63.64%, Loss: 1.1108
Epoch: 29, Batch: 590, Acc: 63.67%, Loss: 1.1044
Epoch: 29, Batch: 600, Acc: 63.66%, Loss: 1.1095
Epoch: 29, Batch: 610, Acc: 63.59%, Loss: 1.1579
Epoch: 29, Batch: 620, Acc: 63.63%, Loss: 1.1187
Epoch: 29, Batch: 630, Acc: 63.64%, Loss: 1.1466
Epoch: 29, Batch: 640, Acc: 63.62%, Loss: 1.1580
Epoch: 29, Batch: 650, Acc: 63.62%, Loss: 1.1993
Epoch: 29, Batch: 660, Acc: 63.65%, Loss: 1.0634
Epoch: 29, Batch: 670, Acc: 63.66%, Loss: 1.1687
Epoch: 29, Batch: 680, Acc: 63.70%, Loss: 1.0919
Epoch: 29, Batch: 690, Acc: 63.72%, Loss: 1.1360
Epoch: 29, Batch: 700, Acc: 63.70%, Loss: 1.1937
Epoch: 29, Batch: 710, Acc: 63.69%, Loss: 1.1423
Epoch: 29, Batch: 720, Acc: 63.69%, Loss: 1.1821
Epoch: 29, Batch: 730, Acc: 63.77%, Loss: 1.0253
Epoch: 29, Batch: 740, Acc: 63.80%, Loss: 1.1285
Epoch: 29, Batch: 750, Acc: 63.80%, Loss: 1.1068
Epoch: 29, Batch: 760, Acc: 63.81%, Loss: 1.1230
Epoch: 29, Batch: 770, Acc: 63.80%, Loss: 1.1852
Epoch: 29, Batch: 780, Acc: 63.78%, Loss: 1.1250
Epoch: 29, Batch: 790, Acc: 63.82%, Loss: 1.0907
Epoch: 29, Batch: 800, Acc: 63.82%, Loss: 1.1067
Epoch: 29, Batch: 810, Acc: 63.82%, Loss: 1.1756
Epoch: 29, Batch: 820, Acc: 63.81%, Loss: 1.1584
Epoch: 29, Batch: 830, Acc: 63.83%, Loss: 1.1746
Epoch: 29, Batch: 840, Acc: 63.81%, Loss: 1.1459
Epoch: 29, Batch: 850, Acc: 63.81%, Loss: 1.1273
Epoch: 29, Batch: 860, Acc: 63.78%, Loss: 1.1526
Epoch: 29, Batch: 870, Acc: 63.79%, Loss: 1.1344
Epoch: 29, Batch: 880, Acc: 63.78%, Loss: 1.1790
Epoch: 29, Batch: 890, Acc: 63.80%, Loss: 1.1081
Epoch: 29, Batch: 900, Acc: 63.81%, Loss: 1.0983
Epoch: 29, Batch: 910, Acc: 63.80%, Loss: 1.1848
Epoch: 29, Batch: 920, Acc: 63.81%, Loss: 1.1200
Epoch: 29, Batch: 930, Acc: 63.79%, Loss: 1.1711
Accuracy on test set: 66.28%
Epoch: 30, Batch: 10, Acc: 63.28%, Loss: 1.2102
Epoch: 30, Batch: 20, Acc: 63.91%, Loss: 1.0935
Epoch: 30, Batch: 30, Acc: 64.11%, Loss: 1.1005
Epoch: 30, Batch: 40, Acc: 64.49%, Loss: 1.1923
Epoch: 30, Batch: 50, Acc: 64.09%, Loss: 1.1662
Epoch: 30, Batch: 60, Acc: 64.19%, Loss: 1.1118
Epoch: 30, Batch: 70, Acc: 64.24%, Loss: 1.2109
Epoch: 30, Batch: 80, Acc: 64.59%, Loss: 1.0381
Epoch: 30, Batch: 90, Acc: 64.64%, Loss: 1.1430
Epoch: 30, Batch: 100, Acc: 64.50%, Loss: 1.1258
Epoch: 30, Batch: 110, Acc: 64.50%, Loss: 1.1425
Epoch: 30, Batch: 120, Acc: 64.27%, Loss: 1.2328
Epoch: 30, Batch: 130, Acc: 64.11%, Loss: 1.1508
Epoch: 30, Batch: 140, Acc: 64.32%, Loss: 1.0552
Epoch: 30, Batch: 150, Acc: 64.26%, Loss: 1.1611
Epoch: 30, Batch: 160, Acc: 64.19%, Loss: 1.1744
Epoch: 30, Batch: 170, Acc: 64.17%, Loss: 1.1199
Epoch: 30, Batch: 180, Acc: 64.16%, Loss: 1.0932
Epoch: 30, Batch: 190, Acc: 64.01%, Loss: 1.1891
Epoch: 30, Batch: 200, Acc: 64.20%, Loss: 1.0273
Epoch: 30, Batch: 210, Acc: 64.13%, Loss: 1.1512
Epoch: 30, Batch: 220, Acc: 64.18%, Loss: 1.1610
Epoch: 30, Batch: 230, Acc: 64.16%, Loss: 1.1632
Epoch: 30, Batch: 240, Acc: 64.26%, Loss: 1.0561
Epoch: 30, Batch: 250, Acc: 64.19%, Loss: 1.2649
Epoch: 30, Batch: 260, Acc: 64.07%, Loss: 1.2280
Epoch: 30, Batch: 270, Acc: 64.06%, Loss: 1.1346
Epoch: 30, Batch: 280, Acc: 64.18%, Loss: 1.0556
Epoch: 30, Batch: 290, Acc: 64.20%, Loss: 1.1664
Epoch: 30, Batch: 300, Acc: 64.10%, Loss: 1.1656
Epoch: 30, Batch: 310, Acc: 64.14%, Loss: 1.1665
Epoch: 30, Batch: 320, Acc: 64.16%, Loss: 1.1265
Epoch: 30, Batch: 330, Acc: 64.11%, Loss: 1.1759
Epoch: 30, Batch: 340, Acc: 64.13%, Loss: 1.0967
Epoch: 30, Batch: 350, Acc: 64.13%, Loss: 1.1788
Epoch: 30, Batch: 360, Acc: 64.14%, Loss: 1.1448
Epoch: 30, Batch: 370, Acc: 64.16%, Loss: 1.0933
Epoch: 30, Batch: 380, Acc: 64.05%, Loss: 1.1780
Epoch: 30, Batch: 390, Acc: 64.07%, Loss: 1.1494
Epoch: 30, Batch: 400, Acc: 63.98%, Loss: 1.1725
Epoch: 30, Batch: 410, Acc: 63.91%, Loss: 1.1348
Epoch: 30, Batch: 420, Acc: 63.89%, Loss: 1.1508
Epoch: 30, Batch: 430, Acc: 63.93%, Loss: 1.1164
Epoch: 30, Batch: 440, Acc: 64.04%, Loss: 1.1224
Epoch: 30, Batch: 450, Acc: 64.06%, Loss: 1.1001
Epoch: 30, Batch: 460, Acc: 63.94%, Loss: 1.2295
Epoch: 30, Batch: 470, Acc: 63.92%, Loss: 1.2148
Epoch: 30, Batch: 480, Acc: 63.90%, Loss: 1.1465
Epoch: 30, Batch: 490, Acc: 63.91%, Loss: 1.0987
Epoch: 30, Batch: 500, Acc: 63.85%, Loss: 1.1772
Epoch: 30, Batch: 510, Acc: 63.88%, Loss: 1.1291
Epoch: 30, Batch: 520, Acc: 63.90%, Loss: 1.1140
Epoch: 30, Batch: 530, Acc: 63.89%, Loss: 1.1137
Epoch: 30, Batch: 540, Acc: 63.90%, Loss: 1.1158
Epoch: 30, Batch: 550, Acc: 63.92%, Loss: 1.1401
Epoch: 30, Batch: 560, Acc: 63.92%, Loss: 1.1343
Epoch: 30, Batch: 570, Acc: 63.90%, Loss: 1.1321
Epoch: 30, Batch: 580, Acc: 63.92%, Loss: 1.1183
Epoch: 30, Batch: 590, Acc: 63.90%, Loss: 1.1814
Epoch: 30, Batch: 600, Acc: 63.88%, Loss: 1.2053
Epoch: 30, Batch: 610, Acc: 63.92%, Loss: 1.0632
Epoch: 30, Batch: 620, Acc: 63.95%, Loss: 1.1339
Epoch: 30, Batch: 630, Acc: 63.92%, Loss: 1.1386
Epoch: 30, Batch: 640, Acc: 63.92%, Loss: 1.1638
Epoch: 30, Batch: 650, Acc: 63.91%, Loss: 1.1206
Epoch: 30, Batch: 660, Acc: 63.87%, Loss: 1.1826
Epoch: 30, Batch: 670, Acc: 63.86%, Loss: 1.1445
Epoch: 30, Batch: 680, Acc: 63.88%, Loss: 1.1482
Epoch: 30, Batch: 690, Acc: 63.88%, Loss: 1.1239
Epoch: 30, Batch: 700, Acc: 63.88%, Loss: 1.1452
Epoch: 30, Batch: 710, Acc: 63.86%, Loss: 1.1561
Epoch: 30, Batch: 720, Acc: 63.85%, Loss: 1.1487
Epoch: 30, Batch: 730, Acc: 63.86%, Loss: 1.1250
Epoch: 30, Batch: 740, Acc: 63.86%, Loss: 1.0723
Epoch: 30, Batch: 750, Acc: 63.86%, Loss: 1.1582
Epoch: 30, Batch: 760, Acc: 63.88%, Loss: 1.0785
Epoch: 30, Batch: 770, Acc: 63.86%, Loss: 1.1559
Epoch: 30, Batch: 780, Acc: 63.84%, Loss: 1.1484
Epoch: 30, Batch: 790, Acc: 63.88%, Loss: 1.1213
Epoch: 30, Batch: 800, Acc: 63.93%, Loss: 1.1235
Epoch: 30, Batch: 810, Acc: 63.91%, Loss: 1.1766
Epoch: 30, Batch: 820, Acc: 63.91%, Loss: 1.1235
Epoch: 30, Batch: 830, Acc: 63.94%, Loss: 1.1352
Epoch: 30, Batch: 840, Acc: 63.93%, Loss: 1.0801
Epoch: 30, Batch: 850, Acc: 63.92%, Loss: 1.1466
Epoch: 30, Batch: 860, Acc: 63.88%, Loss: 1.2086
Epoch: 30, Batch: 870, Acc: 63.86%, Loss: 1.1926
Epoch: 30, Batch: 880, Acc: 63.90%, Loss: 1.1105
Epoch: 30, Batch: 890, Acc: 63.91%, Loss: 1.1056
Epoch: 30, Batch: 900, Acc: 63.90%, Loss: 1.1487
Epoch: 30, Batch: 910, Acc: 63.90%, Loss: 1.1508
Epoch: 30, Batch: 920, Acc: 63.89%, Loss: 1.1267
Epoch: 30, Batch: 930, Acc: 63.88%, Loss: 1.1854
Accuracy on test set: 66.42%
Training Time: 1519.32 seconds
Best Accuracy for Run 1: 66.42%

Evaluating final model on clean test data...
Accuracy    : 0.6642
Loss        : 1.0665
Precision   : 0.6574
Recall      : 0.6583
F1          : 0.6578
Fpr         : 0.0373
Fnr         : 0.3417
Roc_auc     : 0.9291
Pr_auc      : nan
Metrics saved to qmlp-mnist-label-flip-run_run1-layer2_label_flip.csv

========== Training Run 2 ==========
Epoch: 1, Batch: 10, Acc: 10.16%, Loss: 2.3556
Epoch: 1, Batch: 20, Acc: 10.62%, Loss: 2.3576
Epoch: 1, Batch: 30, Acc: 10.16%, Loss: 2.3520
Epoch: 1, Batch: 40, Acc: 9.92%, Loss: 2.3323
Epoch: 1, Batch: 50, Acc: 10.03%, Loss: 2.3190
Epoch: 1, Batch: 60, Acc: 10.00%, Loss: 2.3114
Epoch: 1, Batch: 70, Acc: 9.89%, Loss: 2.3172
Epoch: 1, Batch: 80, Acc: 9.77%, Loss: 2.3031
Epoch: 1, Batch: 90, Acc: 9.91%, Loss: 2.3055
Epoch: 1, Batch: 100, Acc: 9.94%, Loss: 2.2926
Epoch: 1, Batch: 110, Acc: 10.13%, Loss: 2.2855
Epoch: 1, Batch: 120, Acc: 9.95%, Loss: 2.2849
Epoch: 1, Batch: 130, Acc: 9.88%, Loss: 2.2805
Epoch: 1, Batch: 140, Acc: 9.82%, Loss: 2.2749
Epoch: 1, Batch: 150, Acc: 9.75%, Loss: 2.2648
Epoch: 1, Batch: 160, Acc: 9.73%, Loss: 2.2593
Epoch: 1, Batch: 170, Acc: 9.91%, Loss: 2.2556
Epoch: 1, Batch: 180, Acc: 9.92%, Loss: 2.2589
Epoch: 1, Batch: 190, Acc: 10.15%, Loss: 2.2384
Epoch: 1, Batch: 200, Acc: 10.31%, Loss: 2.2419
Epoch: 1, Batch: 210, Acc: 10.52%, Loss: 2.2370
Epoch: 1, Batch: 220, Acc: 10.97%, Loss: 2.2214
Epoch: 1, Batch: 230, Acc: 11.35%, Loss: 2.2242
Epoch: 1, Batch: 240, Acc: 11.72%, Loss: 2.2169
Epoch: 1, Batch: 250, Acc: 12.13%, Loss: 2.2115
Epoch: 1, Batch: 260, Acc: 12.60%, Loss: 2.2089
Epoch: 1, Batch: 270, Acc: 13.02%, Loss: 2.2116
Epoch: 1, Batch: 280, Acc: 13.55%, Loss: 2.1942
Epoch: 1, Batch: 290, Acc: 14.11%, Loss: 2.1876
Epoch: 1, Batch: 300, Acc: 14.57%, Loss: 2.1932
Epoch: 1, Batch: 310, Acc: 14.93%, Loss: 2.1902
Epoch: 1, Batch: 320, Acc: 15.35%, Loss: 2.1748
Epoch: 1, Batch: 330, Acc: 15.81%, Loss: 2.1670
Epoch: 1, Batch: 340, Acc: 16.18%, Loss: 2.1641
Epoch: 1, Batch: 350, Acc: 16.65%, Loss: 2.1627
Epoch: 1, Batch: 360, Acc: 17.01%, Loss: 2.1577
Epoch: 1, Batch: 370, Acc: 17.36%, Loss: 2.1603
Epoch: 1, Batch: 380, Acc: 17.71%, Loss: 2.1429
Epoch: 1, Batch: 390, Acc: 17.96%, Loss: 2.1521
Epoch: 1, Batch: 400, Acc: 18.33%, Loss: 2.1389
Epoch: 1, Batch: 410, Acc: 18.71%, Loss: 2.1245
Epoch: 1, Batch: 420, Acc: 19.00%, Loss: 2.1314
Epoch: 1, Batch: 430, Acc: 19.32%, Loss: 2.1131
Epoch: 1, Batch: 440, Acc: 19.58%, Loss: 2.1227
Epoch: 1, Batch: 450, Acc: 19.89%, Loss: 2.1158
Epoch: 1, Batch: 460, Acc: 20.11%, Loss: 2.1076
Epoch: 1, Batch: 470, Acc: 20.38%, Loss: 2.1144
Epoch: 1, Batch: 480, Acc: 20.65%, Loss: 2.0991
Epoch: 1, Batch: 490, Acc: 20.97%, Loss: 2.0926
Epoch: 1, Batch: 500, Acc: 21.27%, Loss: 2.1005
Epoch: 1, Batch: 510, Acc: 21.59%, Loss: 2.0896
Epoch: 1, Batch: 520, Acc: 21.84%, Loss: 2.0939
Epoch: 1, Batch: 530, Acc: 22.10%, Loss: 2.0781
Epoch: 1, Batch: 540, Acc: 22.36%, Loss: 2.0747
Epoch: 1, Batch: 550, Acc: 22.66%, Loss: 2.0689
Epoch: 1, Batch: 560, Acc: 22.88%, Loss: 2.0723
Epoch: 1, Batch: 570, Acc: 23.15%, Loss: 2.0699
Epoch: 1, Batch: 580, Acc: 23.38%, Loss: 2.0637
Epoch: 1, Batch: 590, Acc: 23.64%, Loss: 2.0535
Epoch: 1, Batch: 600, Acc: 23.92%, Loss: 2.0492
Epoch: 1, Batch: 610, Acc: 24.20%, Loss: 2.0430
Epoch: 1, Batch: 620, Acc: 24.46%, Loss: 2.0422
Epoch: 1, Batch: 630, Acc: 24.63%, Loss: 2.0516
Epoch: 1, Batch: 640, Acc: 24.80%, Loss: 2.0437
Epoch: 1, Batch: 650, Acc: 25.00%, Loss: 2.0439
Epoch: 1, Batch: 660, Acc: 25.17%, Loss: 2.0435
Epoch: 1, Batch: 670, Acc: 25.42%, Loss: 2.0189
Epoch: 1, Batch: 680, Acc: 25.68%, Loss: 2.0028
Epoch: 1, Batch: 690, Acc: 25.92%, Loss: 2.0002
Epoch: 1, Batch: 700, Acc: 26.11%, Loss: 2.0182
Epoch: 1, Batch: 710, Acc: 26.34%, Loss: 2.0003
Epoch: 1, Batch: 720, Acc: 26.56%, Loss: 1.9948
Epoch: 1, Batch: 730, Acc: 26.80%, Loss: 1.9723
Epoch: 1, Batch: 740, Acc: 27.02%, Loss: 1.9783
Epoch: 1, Batch: 750, Acc: 27.20%, Loss: 1.9835
Epoch: 1, Batch: 760, Acc: 27.38%, Loss: 1.9877
Epoch: 1, Batch: 770, Acc: 27.58%, Loss: 1.9837
Epoch: 1, Batch: 780, Acc: 27.74%, Loss: 1.9671
Epoch: 1, Batch: 790, Acc: 27.91%, Loss: 1.9740
Epoch: 1, Batch: 800, Acc: 28.09%, Loss: 1.9733
Epoch: 1, Batch: 810, Acc: 28.25%, Loss: 1.9860
Epoch: 1, Batch: 820, Acc: 28.42%, Loss: 1.9654
Epoch: 1, Batch: 830, Acc: 28.56%, Loss: 1.9826
Epoch: 1, Batch: 840, Acc: 28.75%, Loss: 1.9379
Epoch: 1, Batch: 850, Acc: 28.94%, Loss: 1.9528
Epoch: 1, Batch: 860, Acc: 29.13%, Loss: 1.9439
Epoch: 1, Batch: 870, Acc: 29.29%, Loss: 1.9358
Epoch: 1, Batch: 880, Acc: 29.50%, Loss: 1.9314
Epoch: 1, Batch: 890, Acc: 29.68%, Loss: 1.9348
Epoch: 1, Batch: 900, Acc: 29.86%, Loss: 1.9429
Epoch: 1, Batch: 910, Acc: 30.02%, Loss: 1.9270
Epoch: 1, Batch: 920, Acc: 30.17%, Loss: 1.9265
Epoch: 1, Batch: 930, Acc: 30.30%, Loss: 1.9431
Accuracy on test set: 45.65%
Epoch: 2, Batch: 10, Acc: 42.81%, Loss: 1.9344
Epoch: 2, Batch: 20, Acc: 43.98%, Loss: 1.9264
Epoch: 2, Batch: 30, Acc: 43.33%, Loss: 1.9122
Epoch: 2, Batch: 40, Acc: 44.18%, Loss: 1.9128
Epoch: 2, Batch: 50, Acc: 43.81%, Loss: 1.9125
Epoch: 2, Batch: 60, Acc: 44.69%, Loss: 1.8954
Epoch: 2, Batch: 70, Acc: 44.69%, Loss: 1.8910
Epoch: 2, Batch: 80, Acc: 45.23%, Loss: 1.8896
Epoch: 2, Batch: 90, Acc: 45.56%, Loss: 1.8781
Epoch: 2, Batch: 100, Acc: 45.50%, Loss: 1.9077
Epoch: 2, Batch: 110, Acc: 45.92%, Loss: 1.8726
Epoch: 2, Batch: 120, Acc: 46.04%, Loss: 1.8800
Epoch: 2, Batch: 130, Acc: 46.25%, Loss: 1.8660
Epoch: 2, Batch: 140, Acc: 46.19%, Loss: 1.8765
Epoch: 2, Batch: 150, Acc: 46.10%, Loss: 1.8789
Epoch: 2, Batch: 160, Acc: 46.13%, Loss: 1.8660
Epoch: 2, Batch: 170, Acc: 45.95%, Loss: 1.8897
Epoch: 2, Batch: 180, Acc: 46.02%, Loss: 1.8606
Epoch: 2, Batch: 190, Acc: 46.00%, Loss: 1.8671
Epoch: 2, Batch: 200, Acc: 45.95%, Loss: 1.8803
Epoch: 2, Batch: 210, Acc: 45.97%, Loss: 1.8723
Epoch: 2, Batch: 220, Acc: 45.87%, Loss: 1.8792
Epoch: 2, Batch: 230, Acc: 45.90%, Loss: 1.8512
Epoch: 2, Batch: 240, Acc: 45.96%, Loss: 1.8583
Epoch: 2, Batch: 250, Acc: 46.11%, Loss: 1.8397
Epoch: 2, Batch: 260, Acc: 46.11%, Loss: 1.8424
Epoch: 2, Batch: 270, Acc: 46.16%, Loss: 1.8415
Epoch: 2, Batch: 280, Acc: 46.19%, Loss: 1.8442
Epoch: 2, Batch: 290, Acc: 46.20%, Loss: 1.8492
Epoch: 2, Batch: 300, Acc: 46.27%, Loss: 1.8422
Epoch: 2, Batch: 310, Acc: 46.32%, Loss: 1.8343
Epoch: 2, Batch: 320, Acc: 46.44%, Loss: 1.8320
Epoch: 2, Batch: 330, Acc: 46.45%, Loss: 1.8428
Epoch: 2, Batch: 340, Acc: 46.58%, Loss: 1.8242
Epoch: 2, Batch: 350, Acc: 46.74%, Loss: 1.7966
Epoch: 2, Batch: 360, Acc: 46.89%, Loss: 1.8146
Epoch: 2, Batch: 370, Acc: 47.03%, Loss: 1.8110
Epoch: 2, Batch: 380, Acc: 47.15%, Loss: 1.7969
Epoch: 2, Batch: 390, Acc: 47.23%, Loss: 1.7760
Epoch: 2, Batch: 400, Acc: 47.22%, Loss: 1.8070
Epoch: 2, Batch: 410, Acc: 47.29%, Loss: 1.7784
Epoch: 2, Batch: 420, Acc: 47.34%, Loss: 1.8062
Epoch: 2, Batch: 430, Acc: 47.32%, Loss: 1.7996
Epoch: 2, Batch: 440, Acc: 47.41%, Loss: 1.7816
Epoch: 2, Batch: 450, Acc: 47.36%, Loss: 1.8130
Epoch: 2, Batch: 460, Acc: 47.44%, Loss: 1.7961
Epoch: 2, Batch: 470, Acc: 47.44%, Loss: 1.7878
Epoch: 2, Batch: 480, Acc: 47.51%, Loss: 1.7751
Epoch: 2, Batch: 490, Acc: 47.50%, Loss: 1.8158
Epoch: 2, Batch: 500, Acc: 47.57%, Loss: 1.7695
Epoch: 2, Batch: 510, Acc: 47.59%, Loss: 1.7890
Epoch: 2, Batch: 520, Acc: 47.64%, Loss: 1.7663
Epoch: 2, Batch: 530, Acc: 47.71%, Loss: 1.7776
Epoch: 2, Batch: 540, Acc: 47.74%, Loss: 1.7940
Epoch: 2, Batch: 550, Acc: 47.86%, Loss: 1.7382
Epoch: 2, Batch: 560, Acc: 47.87%, Loss: 1.7444
Epoch: 2, Batch: 570, Acc: 47.90%, Loss: 1.7737
Epoch: 2, Batch: 580, Acc: 47.91%, Loss: 1.7632
Epoch: 2, Batch: 590, Acc: 47.92%, Loss: 1.7643
Epoch: 2, Batch: 600, Acc: 47.96%, Loss: 1.7367
Epoch: 2, Batch: 610, Acc: 47.97%, Loss: 1.7523
Epoch: 2, Batch: 620, Acc: 48.07%, Loss: 1.6972
Epoch: 2, Batch: 630, Acc: 48.09%, Loss: 1.7506
Epoch: 2, Batch: 640, Acc: 48.16%, Loss: 1.7261
Epoch: 2, Batch: 650, Acc: 48.15%, Loss: 1.7526
Epoch: 2, Batch: 660, Acc: 48.12%, Loss: 1.8024
Epoch: 2, Batch: 670, Acc: 48.21%, Loss: 1.7044
Epoch: 2, Batch: 680, Acc: 48.24%, Loss: 1.7547
Epoch: 2, Batch: 690, Acc: 48.22%, Loss: 1.7438
Epoch: 2, Batch: 700, Acc: 48.26%, Loss: 1.7204
Epoch: 2, Batch: 710, Acc: 48.21%, Loss: 1.7779
Epoch: 2, Batch: 720, Acc: 48.26%, Loss: 1.7077
Epoch: 2, Batch: 730, Acc: 48.29%, Loss: 1.7271
Epoch: 2, Batch: 740, Acc: 48.32%, Loss: 1.7300
Epoch: 2, Batch: 750, Acc: 48.33%, Loss: 1.7515
Epoch: 2, Batch: 760, Acc: 48.33%, Loss: 1.6919
Epoch: 2, Batch: 770, Acc: 48.37%, Loss: 1.7258
Epoch: 2, Batch: 780, Acc: 48.41%, Loss: 1.7110
Epoch: 2, Batch: 790, Acc: 48.40%, Loss: 1.7568
Epoch: 2, Batch: 800, Acc: 48.46%, Loss: 1.7076
Epoch: 2, Batch: 810, Acc: 48.50%, Loss: 1.6959
Epoch: 2, Batch: 820, Acc: 48.52%, Loss: 1.7182
Epoch: 2, Batch: 830, Acc: 48.60%, Loss: 1.6820
Epoch: 2, Batch: 840, Acc: 48.67%, Loss: 1.6842
Epoch: 2, Batch: 850, Acc: 48.68%, Loss: 1.7264
Epoch: 2, Batch: 860, Acc: 48.72%, Loss: 1.7166
Epoch: 2, Batch: 870, Acc: 48.75%, Loss: 1.6957
Epoch: 2, Batch: 880, Acc: 48.81%, Loss: 1.6744
Epoch: 2, Batch: 890, Acc: 48.87%, Loss: 1.6944
Epoch: 2, Batch: 900, Acc: 48.90%, Loss: 1.6952
Epoch: 2, Batch: 910, Acc: 48.93%, Loss: 1.6959
Epoch: 2, Batch: 920, Acc: 48.95%, Loss: 1.6929
Epoch: 2, Batch: 930, Acc: 48.95%, Loss: 1.7037
Accuracy on test set: 55.10%
Epoch: 3, Batch: 10, Acc: 50.31%, Loss: 1.6907
Epoch: 3, Batch: 20, Acc: 51.80%, Loss: 1.6753
Epoch: 3, Batch: 30, Acc: 52.34%, Loss: 1.6895
Epoch: 3, Batch: 40, Acc: 53.44%, Loss: 1.6332
Epoch: 3, Batch: 50, Acc: 52.88%, Loss: 1.6975
Epoch: 3, Batch: 60, Acc: 53.31%, Loss: 1.6403
Epoch: 3, Batch: 70, Acc: 53.66%, Loss: 1.6498
Epoch: 3, Batch: 80, Acc: 53.38%, Loss: 1.6606
Epoch: 3, Batch: 90, Acc: 53.25%, Loss: 1.6649
Epoch: 3, Batch: 100, Acc: 53.14%, Loss: 1.6658
Epoch: 3, Batch: 110, Acc: 53.04%, Loss: 1.6542
Epoch: 3, Batch: 120, Acc: 53.01%, Loss: 1.6520
Epoch: 3, Batch: 130, Acc: 52.73%, Loss: 1.6750
Epoch: 3, Batch: 140, Acc: 52.56%, Loss: 1.6931
Epoch: 3, Batch: 150, Acc: 52.39%, Loss: 1.6858
Epoch: 3, Batch: 160, Acc: 52.54%, Loss: 1.6425
Epoch: 3, Batch: 170, Acc: 52.52%, Loss: 1.6806
Epoch: 3, Batch: 180, Acc: 52.64%, Loss: 1.6386
Epoch: 3, Batch: 190, Acc: 52.55%, Loss: 1.6549
Epoch: 3, Batch: 200, Acc: 52.70%, Loss: 1.6249
Epoch: 3, Batch: 210, Acc: 52.66%, Loss: 1.6584
Epoch: 3, Batch: 220, Acc: 52.53%, Loss: 1.6436
Epoch: 3, Batch: 230, Acc: 52.47%, Loss: 1.6556
Epoch: 3, Batch: 240, Acc: 52.52%, Loss: 1.6357
Epoch: 3, Batch: 250, Acc: 52.54%, Loss: 1.6320
Epoch: 3, Batch: 260, Acc: 52.65%, Loss: 1.6236
Epoch: 3, Batch: 270, Acc: 52.47%, Loss: 1.6939
Epoch: 3, Batch: 280, Acc: 52.49%, Loss: 1.6369
Epoch: 3, Batch: 290, Acc: 52.54%, Loss: 1.6242
Epoch: 3, Batch: 300, Acc: 52.65%, Loss: 1.6017
Epoch: 3, Batch: 310, Acc: 52.62%, Loss: 1.6330
Epoch: 3, Batch: 320, Acc: 52.72%, Loss: 1.6075
Epoch: 3, Batch: 330, Acc: 52.69%, Loss: 1.6379
Epoch: 3, Batch: 340, Acc: 52.67%, Loss: 1.6385
Epoch: 3, Batch: 350, Acc: 52.71%, Loss: 1.6125
Epoch: 3, Batch: 360, Acc: 52.60%, Loss: 1.6631
Epoch: 3, Batch: 370, Acc: 52.59%, Loss: 1.6056
Epoch: 3, Batch: 380, Acc: 52.67%, Loss: 1.5998
Epoch: 3, Batch: 390, Acc: 52.68%, Loss: 1.6141
Epoch: 3, Batch: 400, Acc: 52.78%, Loss: 1.5545
Epoch: 3, Batch: 410, Acc: 52.86%, Loss: 1.6047
Epoch: 3, Batch: 420, Acc: 52.84%, Loss: 1.6118
Epoch: 3, Batch: 430, Acc: 52.90%, Loss: 1.5956
Epoch: 3, Batch: 440, Acc: 52.91%, Loss: 1.6022
Epoch: 3, Batch: 450, Acc: 52.93%, Loss: 1.6072
Epoch: 3, Batch: 460, Acc: 52.91%, Loss: 1.5994
Epoch: 3, Batch: 470, Acc: 52.91%, Loss: 1.5797
Epoch: 3, Batch: 480, Acc: 52.87%, Loss: 1.6469
Epoch: 3, Batch: 490, Acc: 52.88%, Loss: 1.6213
Epoch: 3, Batch: 500, Acc: 52.88%, Loss: 1.6047
Epoch: 3, Batch: 510, Acc: 52.87%, Loss: 1.6149
Epoch: 3, Batch: 520, Acc: 52.90%, Loss: 1.5847
Epoch: 3, Batch: 530, Acc: 52.90%, Loss: 1.5994
Epoch: 3, Batch: 540, Acc: 52.89%, Loss: 1.6117
Epoch: 3, Batch: 550, Acc: 52.96%, Loss: 1.5572
Epoch: 3, Batch: 560, Acc: 52.95%, Loss: 1.5913
Epoch: 3, Batch: 570, Acc: 52.94%, Loss: 1.5681
Epoch: 3, Batch: 580, Acc: 52.97%, Loss: 1.5495
Epoch: 3, Batch: 590, Acc: 52.99%, Loss: 1.5879
Epoch: 3, Batch: 600, Acc: 52.96%, Loss: 1.5783
Epoch: 3, Batch: 610, Acc: 53.00%, Loss: 1.5611
Epoch: 3, Batch: 620, Acc: 52.99%, Loss: 1.6277
Epoch: 3, Batch: 630, Acc: 53.00%, Loss: 1.5996
Epoch: 3, Batch: 640, Acc: 53.02%, Loss: 1.5881
Epoch: 3, Batch: 650, Acc: 53.05%, Loss: 1.5840
Epoch: 3, Batch: 660, Acc: 53.10%, Loss: 1.5647
Epoch: 3, Batch: 670, Acc: 53.12%, Loss: 1.5572
Epoch: 3, Batch: 680, Acc: 53.14%, Loss: 1.5631
Epoch: 3, Batch: 690, Acc: 53.16%, Loss: 1.5283
Epoch: 3, Batch: 700, Acc: 53.12%, Loss: 1.6014
Epoch: 3, Batch: 710, Acc: 53.12%, Loss: 1.5729
Epoch: 3, Batch: 720, Acc: 53.06%, Loss: 1.6242
Epoch: 3, Batch: 730, Acc: 53.10%, Loss: 1.5679
Epoch: 3, Batch: 740, Acc: 53.08%, Loss: 1.5890
Epoch: 3, Batch: 750, Acc: 53.11%, Loss: 1.5466
Epoch: 3, Batch: 760, Acc: 53.10%, Loss: 1.5837
Epoch: 3, Batch: 770, Acc: 53.10%, Loss: 1.5595
Epoch: 3, Batch: 780, Acc: 53.11%, Loss: 1.5647
Epoch: 3, Batch: 790, Acc: 53.10%, Loss: 1.5527
Epoch: 3, Batch: 800, Acc: 53.12%, Loss: 1.5692
Epoch: 3, Batch: 810, Acc: 53.18%, Loss: 1.5220
Epoch: 3, Batch: 820, Acc: 53.22%, Loss: 1.5453
Epoch: 3, Batch: 830, Acc: 53.21%, Loss: 1.5961
Epoch: 3, Batch: 840, Acc: 53.20%, Loss: 1.5725
Epoch: 3, Batch: 850, Acc: 53.19%, Loss: 1.5792
Epoch: 3, Batch: 860, Acc: 53.21%, Loss: 1.5760
Epoch: 3, Batch: 870, Acc: 53.23%, Loss: 1.5634
Epoch: 3, Batch: 880, Acc: 53.25%, Loss: 1.5435
Epoch: 3, Batch: 890, Acc: 53.28%, Loss: 1.5369
Epoch: 3, Batch: 900, Acc: 53.28%, Loss: 1.5885
Epoch: 3, Batch: 910, Acc: 53.34%, Loss: 1.5253
Epoch: 3, Batch: 920, Acc: 53.34%, Loss: 1.5583
Epoch: 3, Batch: 930, Acc: 53.36%, Loss: 1.5291
Accuracy on test set: 58.01%
Epoch: 4, Batch: 10, Acc: 55.78%, Loss: 1.5442
Epoch: 4, Batch: 20, Acc: 56.17%, Loss: 1.5338
Epoch: 4, Batch: 30, Acc: 55.36%, Loss: 1.5528
Epoch: 4, Batch: 40, Acc: 55.20%, Loss: 1.5386
Epoch: 4, Batch: 50, Acc: 55.47%, Loss: 1.5230
Epoch: 4, Batch: 60, Acc: 55.91%, Loss: 1.5095
Epoch: 4, Batch: 70, Acc: 55.96%, Loss: 1.5303
Epoch: 4, Batch: 80, Acc: 56.17%, Loss: 1.5030
Epoch: 4, Batch: 90, Acc: 56.06%, Loss: 1.5023
Epoch: 4, Batch: 100, Acc: 55.94%, Loss: 1.5531
Epoch: 4, Batch: 110, Acc: 55.70%, Loss: 1.5447
Epoch: 4, Batch: 120, Acc: 55.62%, Loss: 1.5395
Epoch: 4, Batch: 130, Acc: 55.75%, Loss: 1.5003
Epoch: 4, Batch: 140, Acc: 55.65%, Loss: 1.5354
Epoch: 4, Batch: 150, Acc: 55.70%, Loss: 1.5264
Epoch: 4, Batch: 160, Acc: 55.56%, Loss: 1.5353
Epoch: 4, Batch: 170, Acc: 55.15%, Loss: 1.5362
Epoch: 4, Batch: 180, Acc: 55.39%, Loss: 1.5066
Epoch: 4, Batch: 190, Acc: 55.43%, Loss: 1.4903
Epoch: 4, Batch: 200, Acc: 55.43%, Loss: 1.5386
Epoch: 4, Batch: 210, Acc: 55.28%, Loss: 1.5476
Epoch: 4, Batch: 220, Acc: 55.40%, Loss: 1.5191
Epoch: 4, Batch: 230, Acc: 55.41%, Loss: 1.5103
Epoch: 4, Batch: 240, Acc: 55.40%, Loss: 1.5112
Epoch: 4, Batch: 250, Acc: 55.46%, Loss: 1.4911
Epoch: 4, Batch: 260, Acc: 55.51%, Loss: 1.4708
Epoch: 4, Batch: 270, Acc: 55.54%, Loss: 1.4919
Epoch: 4, Batch: 280, Acc: 55.51%, Loss: 1.4840
Epoch: 4, Batch: 290, Acc: 55.57%, Loss: 1.4602
Epoch: 4, Batch: 300, Acc: 55.46%, Loss: 1.5135
Epoch: 4, Batch: 310, Acc: 55.51%, Loss: 1.4955
Epoch: 4, Batch: 320, Acc: 55.53%, Loss: 1.5188
Epoch: 4, Batch: 330, Acc: 55.43%, Loss: 1.5414
Epoch: 4, Batch: 340, Acc: 55.51%, Loss: 1.4805
Epoch: 4, Batch: 350, Acc: 55.56%, Loss: 1.4689
Epoch: 4, Batch: 360, Acc: 55.55%, Loss: 1.5190
Epoch: 4, Batch: 370, Acc: 55.60%, Loss: 1.4870
Epoch: 4, Batch: 380, Acc: 55.60%, Loss: 1.4687
Epoch: 4, Batch: 390, Acc: 55.58%, Loss: 1.4966
Epoch: 4, Batch: 400, Acc: 55.57%, Loss: 1.5082
Epoch: 4, Batch: 410, Acc: 55.57%, Loss: 1.4901
Epoch: 4, Batch: 420, Acc: 55.59%, Loss: 1.4595
Epoch: 4, Batch: 430, Acc: 55.61%, Loss: 1.4935
Epoch: 4, Batch: 440, Acc: 55.60%, Loss: 1.4550
Epoch: 4, Batch: 450, Acc: 55.65%, Loss: 1.4895
Epoch: 4, Batch: 460, Acc: 55.68%, Loss: 1.4898
Epoch: 4, Batch: 470, Acc: 55.75%, Loss: 1.4441
Epoch: 4, Batch: 480, Acc: 55.75%, Loss: 1.4768
Epoch: 4, Batch: 490, Acc: 55.76%, Loss: 1.4474
Epoch: 4, Batch: 500, Acc: 55.78%, Loss: 1.4622
Epoch: 4, Batch: 510, Acc: 55.76%, Loss: 1.4871
Epoch: 4, Batch: 520, Acc: 55.76%, Loss: 1.4920
Epoch: 4, Batch: 530, Acc: 55.77%, Loss: 1.4828
Epoch: 4, Batch: 540, Acc: 55.69%, Loss: 1.5582
Epoch: 4, Batch: 550, Acc: 55.67%, Loss: 1.4863
Epoch: 4, Batch: 560, Acc: 55.66%, Loss: 1.5042
Epoch: 4, Batch: 570, Acc: 55.68%, Loss: 1.4689
Epoch: 4, Batch: 580, Acc: 55.71%, Loss: 1.4590
Epoch: 4, Batch: 590, Acc: 55.77%, Loss: 1.4864
Epoch: 4, Batch: 600, Acc: 55.74%, Loss: 1.4773
Epoch: 4, Batch: 610, Acc: 55.69%, Loss: 1.4782
Epoch: 4, Batch: 620, Acc: 55.73%, Loss: 1.4675
Epoch: 4, Batch: 630, Acc: 55.70%, Loss: 1.4801
Epoch: 4, Batch: 640, Acc: 55.71%, Loss: 1.4989
Epoch: 4, Batch: 650, Acc: 55.73%, Loss: 1.5112
Epoch: 4, Batch: 660, Acc: 55.76%, Loss: 1.4288
Epoch: 4, Batch: 670, Acc: 55.78%, Loss: 1.4707
Epoch: 4, Batch: 680, Acc: 55.77%, Loss: 1.4946
Epoch: 4, Batch: 690, Acc: 55.79%, Loss: 1.4323
Epoch: 4, Batch: 700, Acc: 55.79%, Loss: 1.4867
Epoch: 4, Batch: 710, Acc: 55.85%, Loss: 1.4374
Epoch: 4, Batch: 720, Acc: 55.82%, Loss: 1.5101
Epoch: 4, Batch: 730, Acc: 55.88%, Loss: 1.4024
Epoch: 4, Batch: 740, Acc: 55.87%, Loss: 1.4868
Epoch: 4, Batch: 750, Acc: 55.94%, Loss: 1.3624
Epoch: 4, Batch: 760, Acc: 55.93%, Loss: 1.5034
Epoch: 4, Batch: 770, Acc: 55.92%, Loss: 1.4745
Epoch: 4, Batch: 780, Acc: 55.93%, Loss: 1.4749
Epoch: 4, Batch: 790, Acc: 55.88%, Loss: 1.5036
Epoch: 4, Batch: 800, Acc: 55.89%, Loss: 1.4695
Epoch: 4, Batch: 810, Acc: 55.92%, Loss: 1.4334
Epoch: 4, Batch: 820, Acc: 55.95%, Loss: 1.4590
Epoch: 4, Batch: 830, Acc: 55.96%, Loss: 1.4486
Epoch: 4, Batch: 840, Acc: 55.96%, Loss: 1.4534
Epoch: 4, Batch: 850, Acc: 55.96%, Loss: 1.4654
Epoch: 4, Batch: 860, Acc: 55.98%, Loss: 1.4660
Epoch: 4, Batch: 870, Acc: 56.01%, Loss: 1.4258
Epoch: 4, Batch: 880, Acc: 56.05%, Loss: 1.3937
Epoch: 4, Batch: 890, Acc: 56.08%, Loss: 1.4487
Epoch: 4, Batch: 900, Acc: 56.09%, Loss: 1.4311
Epoch: 4, Batch: 910, Acc: 56.12%, Loss: 1.4239
Epoch: 4, Batch: 920, Acc: 56.08%, Loss: 1.5180
Epoch: 4, Batch: 930, Acc: 56.11%, Loss: 1.4118
Accuracy on test set: 59.71%
Epoch: 5, Batch: 10, Acc: 55.47%, Loss: 1.4294
Epoch: 5, Batch: 20, Acc: 54.77%, Loss: 1.4497
Epoch: 5, Batch: 30, Acc: 55.36%, Loss: 1.4445
Epoch: 5, Batch: 40, Acc: 56.05%, Loss: 1.4436
Epoch: 5, Batch: 50, Acc: 56.84%, Loss: 1.3930
Epoch: 5, Batch: 60, Acc: 56.72%, Loss: 1.4457
Epoch: 5, Batch: 70, Acc: 56.47%, Loss: 1.5017
Epoch: 5, Batch: 80, Acc: 56.17%, Loss: 1.4823
Epoch: 5, Batch: 90, Acc: 56.20%, Loss: 1.4560
Epoch: 5, Batch: 100, Acc: 56.30%, Loss: 1.4123
Epoch: 5, Batch: 110, Acc: 56.39%, Loss: 1.4547
Epoch: 5, Batch: 120, Acc: 56.65%, Loss: 1.4088
Epoch: 5, Batch: 130, Acc: 56.72%, Loss: 1.4207
Epoch: 5, Batch: 140, Acc: 56.62%, Loss: 1.4593
Epoch: 5, Batch: 150, Acc: 56.65%, Loss: 1.4342
Epoch: 5, Batch: 160, Acc: 56.72%, Loss: 1.4135
Epoch: 5, Batch: 170, Acc: 56.68%, Loss: 1.4581
Epoch: 5, Batch: 180, Acc: 56.67%, Loss: 1.4424
Epoch: 5, Batch: 190, Acc: 56.70%, Loss: 1.4373
Epoch: 5, Batch: 200, Acc: 56.80%, Loss: 1.3764
Epoch: 5, Batch: 210, Acc: 56.73%, Loss: 1.4273
Epoch: 5, Batch: 220, Acc: 56.78%, Loss: 1.3849
Epoch: 5, Batch: 230, Acc: 56.84%, Loss: 1.3983
Epoch: 5, Batch: 240, Acc: 56.86%, Loss: 1.4365
Epoch: 5, Batch: 250, Acc: 56.84%, Loss: 1.4147
Epoch: 5, Batch: 260, Acc: 56.84%, Loss: 1.4506
Epoch: 5, Batch: 270, Acc: 56.85%, Loss: 1.4237
Epoch: 5, Batch: 280, Acc: 56.89%, Loss: 1.3853
Epoch: 5, Batch: 290, Acc: 56.90%, Loss: 1.3965
Epoch: 5, Batch: 300, Acc: 56.89%, Loss: 1.4258
Epoch: 5, Batch: 310, Acc: 56.96%, Loss: 1.3975
Epoch: 5, Batch: 320, Acc: 57.02%, Loss: 1.4026
Epoch: 5, Batch: 330, Acc: 56.86%, Loss: 1.4642
Epoch: 5, Batch: 340, Acc: 56.94%, Loss: 1.3752
Epoch: 5, Batch: 350, Acc: 57.07%, Loss: 1.3425
Epoch: 5, Batch: 360, Acc: 57.07%, Loss: 1.4076
Epoch: 5, Batch: 370, Acc: 57.01%, Loss: 1.4386
Epoch: 5, Batch: 380, Acc: 57.13%, Loss: 1.3226
Epoch: 5, Batch: 390, Acc: 57.03%, Loss: 1.4589
Epoch: 5, Batch: 400, Acc: 57.00%, Loss: 1.4287
Epoch: 5, Batch: 410, Acc: 56.92%, Loss: 1.4599
Epoch: 5, Batch: 420, Acc: 56.95%, Loss: 1.4311
Epoch: 5, Batch: 430, Acc: 56.89%, Loss: 1.4469
Epoch: 5, Batch: 440, Acc: 56.97%, Loss: 1.3687
Epoch: 5, Batch: 450, Acc: 57.03%, Loss: 1.4010
Epoch: 5, Batch: 460, Acc: 57.10%, Loss: 1.3839
Epoch: 5, Batch: 470, Acc: 57.18%, Loss: 1.3806
Epoch: 5, Batch: 480, Acc: 57.23%, Loss: 1.4141
Epoch: 5, Batch: 490, Acc: 57.23%, Loss: 1.4027
Epoch: 5, Batch: 500, Acc: 57.26%, Loss: 1.3908
Epoch: 5, Batch: 510, Acc: 57.34%, Loss: 1.3859
Epoch: 5, Batch: 520, Acc: 57.31%, Loss: 1.4615
Epoch: 5, Batch: 530, Acc: 57.36%, Loss: 1.3783
Epoch: 5, Batch: 540, Acc: 57.37%, Loss: 1.4265
Epoch: 5, Batch: 550, Acc: 57.41%, Loss: 1.3791
Epoch: 5, Batch: 560, Acc: 57.40%, Loss: 1.4193
Epoch: 5, Batch: 570, Acc: 57.40%, Loss: 1.3690
Epoch: 5, Batch: 580, Acc: 57.37%, Loss: 1.3820
Epoch: 5, Batch: 590, Acc: 57.39%, Loss: 1.3915
Epoch: 5, Batch: 600, Acc: 57.39%, Loss: 1.4117
Epoch: 5, Batch: 610, Acc: 57.41%, Loss: 1.3960
Epoch: 5, Batch: 620, Acc: 57.46%, Loss: 1.3311
Epoch: 5, Batch: 630, Acc: 57.48%, Loss: 1.3980
Epoch: 5, Batch: 640, Acc: 57.47%, Loss: 1.3826
Epoch: 5, Batch: 650, Acc: 57.47%, Loss: 1.3900
Epoch: 5, Batch: 660, Acc: 57.48%, Loss: 1.4199
Epoch: 5, Batch: 670, Acc: 57.52%, Loss: 1.3910
Epoch: 5, Batch: 680, Acc: 57.57%, Loss: 1.3508
Epoch: 5, Batch: 690, Acc: 57.59%, Loss: 1.3668
Epoch: 5, Batch: 700, Acc: 57.54%, Loss: 1.4272
Epoch: 5, Batch: 710, Acc: 57.49%, Loss: 1.4352
Epoch: 5, Batch: 720, Acc: 57.49%, Loss: 1.4120
Epoch: 5, Batch: 730, Acc: 57.50%, Loss: 1.3672
Epoch: 5, Batch: 740, Acc: 57.52%, Loss: 1.3775
Epoch: 5, Batch: 750, Acc: 57.49%, Loss: 1.4088
Epoch: 5, Batch: 760, Acc: 57.48%, Loss: 1.3904
Epoch: 5, Batch: 770, Acc: 57.49%, Loss: 1.4034
Epoch: 5, Batch: 780, Acc: 57.51%, Loss: 1.3850
Epoch: 5, Batch: 790, Acc: 57.52%, Loss: 1.3946
Epoch: 5, Batch: 800, Acc: 57.55%, Loss: 1.3690
Epoch: 5, Batch: 810, Acc: 57.56%, Loss: 1.3730
Epoch: 5, Batch: 820, Acc: 57.57%, Loss: 1.3816
Epoch: 5, Batch: 830, Acc: 57.57%, Loss: 1.3650
Epoch: 5, Batch: 840, Acc: 57.61%, Loss: 1.3358
Epoch: 5, Batch: 850, Acc: 57.57%, Loss: 1.3981
Epoch: 5, Batch: 860, Acc: 57.59%, Loss: 1.3642
Epoch: 5, Batch: 870, Acc: 57.62%, Loss: 1.3570
Epoch: 5, Batch: 880, Acc: 57.62%, Loss: 1.3975
Epoch: 5, Batch: 890, Acc: 57.65%, Loss: 1.3859
Epoch: 5, Batch: 900, Acc: 57.68%, Loss: 1.3554
Epoch: 5, Batch: 910, Acc: 57.68%, Loss: 1.3364
Epoch: 5, Batch: 920, Acc: 57.70%, Loss: 1.3603
Epoch: 5, Batch: 930, Acc: 57.68%, Loss: 1.4045
Accuracy on test set: 61.39%
Epoch: 6, Batch: 10, Acc: 58.91%, Loss: 1.3621
Epoch: 6, Batch: 20, Acc: 58.83%, Loss: 1.3756
Epoch: 6, Batch: 30, Acc: 58.23%, Loss: 1.3645
Epoch: 6, Batch: 40, Acc: 58.40%, Loss: 1.3608
Epoch: 6, Batch: 50, Acc: 58.84%, Loss: 1.3616
Epoch: 6, Batch: 60, Acc: 58.52%, Loss: 1.3862
Epoch: 6, Batch: 70, Acc: 58.79%, Loss: 1.3479
Epoch: 6, Batch: 80, Acc: 59.38%, Loss: 1.3280
Epoch: 6, Batch: 90, Acc: 58.99%, Loss: 1.3707
Epoch: 6, Batch: 100, Acc: 59.20%, Loss: 1.3186
Epoch: 6, Batch: 110, Acc: 59.32%, Loss: 1.3522
Epoch: 6, Batch: 120, Acc: 59.35%, Loss: 1.3463
Epoch: 6, Batch: 130, Acc: 59.27%, Loss: 1.3687
Epoch: 6, Batch: 140, Acc: 59.38%, Loss: 1.3151
Epoch: 6, Batch: 150, Acc: 59.32%, Loss: 1.3627
Epoch: 6, Batch: 160, Acc: 59.23%, Loss: 1.3875
Epoch: 6, Batch: 170, Acc: 59.23%, Loss: 1.3422
Epoch: 6, Batch: 180, Acc: 59.11%, Loss: 1.3907
Epoch: 6, Batch: 190, Acc: 59.02%, Loss: 1.3560
Epoch: 6, Batch: 200, Acc: 59.08%, Loss: 1.3718
Epoch: 6, Batch: 210, Acc: 59.14%, Loss: 1.3216
Epoch: 6, Batch: 220, Acc: 58.93%, Loss: 1.4292
Epoch: 6, Batch: 230, Acc: 58.95%, Loss: 1.3649
Epoch: 6, Batch: 240, Acc: 58.85%, Loss: 1.4042
Epoch: 6, Batch: 250, Acc: 58.82%, Loss: 1.3642
Epoch: 6, Batch: 260, Acc: 58.83%, Loss: 1.3321
Epoch: 6, Batch: 270, Acc: 58.87%, Loss: 1.3102
Epoch: 6, Batch: 280, Acc: 58.79%, Loss: 1.3829
Epoch: 6, Batch: 290, Acc: 58.86%, Loss: 1.3615
Epoch: 6, Batch: 300, Acc: 58.90%, Loss: 1.3688
Epoch: 6, Batch: 310, Acc: 58.96%, Loss: 1.3352
Epoch: 6, Batch: 320, Acc: 58.98%, Loss: 1.3700
Epoch: 6, Batch: 330, Acc: 59.02%, Loss: 1.3355
Epoch: 6, Batch: 340, Acc: 59.05%, Loss: 1.3452
Epoch: 6, Batch: 350, Acc: 59.12%, Loss: 1.3015
Epoch: 6, Batch: 360, Acc: 59.00%, Loss: 1.3762
Epoch: 6, Batch: 370, Acc: 59.03%, Loss: 1.3711
Epoch: 6, Batch: 380, Acc: 59.12%, Loss: 1.3144
Epoch: 6, Batch: 390, Acc: 59.18%, Loss: 1.3183
Epoch: 6, Batch: 400, Acc: 59.16%, Loss: 1.3469
Epoch: 6, Batch: 410, Acc: 59.10%, Loss: 1.3619
Epoch: 6, Batch: 420, Acc: 59.06%, Loss: 1.3473
Epoch: 6, Batch: 430, Acc: 59.02%, Loss: 1.3663
Epoch: 6, Batch: 440, Acc: 58.97%, Loss: 1.3656
Epoch: 6, Batch: 450, Acc: 58.99%, Loss: 1.3269
Epoch: 6, Batch: 460, Acc: 59.06%, Loss: 1.2995
Epoch: 6, Batch: 470, Acc: 59.10%, Loss: 1.3367
Epoch: 6, Batch: 480, Acc: 59.17%, Loss: 1.3164
Epoch: 6, Batch: 490, Acc: 59.23%, Loss: 1.3214
Epoch: 6, Batch: 500, Acc: 59.15%, Loss: 1.4391
Epoch: 6, Batch: 510, Acc: 59.18%, Loss: 1.3062
Epoch: 6, Batch: 520, Acc: 59.20%, Loss: 1.3263
Epoch: 6, Batch: 530, Acc: 59.19%, Loss: 1.3319
Epoch: 6, Batch: 540, Acc: 59.24%, Loss: 1.2899
Epoch: 6, Batch: 550, Acc: 59.28%, Loss: 1.2998
Epoch: 6, Batch: 560, Acc: 59.29%, Loss: 1.2930
Epoch: 6, Batch: 570, Acc: 59.20%, Loss: 1.3882
Epoch: 6, Batch: 580, Acc: 59.19%, Loss: 1.3667
Epoch: 6, Batch: 590, Acc: 59.19%, Loss: 1.3443
Epoch: 6, Batch: 600, Acc: 59.19%, Loss: 1.3265
Epoch: 6, Batch: 610, Acc: 59.19%, Loss: 1.3581
Epoch: 6, Batch: 620, Acc: 59.20%, Loss: 1.3045
Epoch: 6, Batch: 630, Acc: 59.20%, Loss: 1.3516
Epoch: 6, Batch: 640, Acc: 59.16%, Loss: 1.3690
Epoch: 6, Batch: 650, Acc: 59.15%, Loss: 1.3169
Epoch: 6, Batch: 660, Acc: 59.15%, Loss: 1.3758
Epoch: 6, Batch: 670, Acc: 59.10%, Loss: 1.3771
Epoch: 6, Batch: 680, Acc: 59.09%, Loss: 1.3537
Epoch: 6, Batch: 690, Acc: 59.05%, Loss: 1.3719
Epoch: 6, Batch: 700, Acc: 59.05%, Loss: 1.3552
Epoch: 6, Batch: 710, Acc: 59.10%, Loss: 1.3033
Epoch: 6, Batch: 720, Acc: 59.14%, Loss: 1.2925
Epoch: 6, Batch: 730, Acc: 59.14%, Loss: 1.3552
Epoch: 6, Batch: 740, Acc: 59.12%, Loss: 1.3366
Epoch: 6, Batch: 750, Acc: 59.09%, Loss: 1.3697
Epoch: 6, Batch: 760, Acc: 59.11%, Loss: 1.2918
Epoch: 6, Batch: 770, Acc: 59.05%, Loss: 1.4062
Epoch: 6, Batch: 780, Acc: 59.04%, Loss: 1.3197
Epoch: 6, Batch: 790, Acc: 59.03%, Loss: 1.3121
Epoch: 6, Batch: 800, Acc: 59.01%, Loss: 1.3241
Epoch: 6, Batch: 810, Acc: 58.99%, Loss: 1.3462
Epoch: 6, Batch: 820, Acc: 58.98%, Loss: 1.3412
Epoch: 6, Batch: 830, Acc: 59.02%, Loss: 1.3099
Epoch: 6, Batch: 840, Acc: 59.05%, Loss: 1.2649
Epoch: 6, Batch: 850, Acc: 59.09%, Loss: 1.2764
Epoch: 6, Batch: 860, Acc: 59.06%, Loss: 1.3517
Epoch: 6, Batch: 870, Acc: 59.05%, Loss: 1.3572
Epoch: 6, Batch: 880, Acc: 59.05%, Loss: 1.3261
Epoch: 6, Batch: 890, Acc: 59.02%, Loss: 1.3458
Epoch: 6, Batch: 900, Acc: 59.05%, Loss: 1.2988
Epoch: 6, Batch: 910, Acc: 59.02%, Loss: 1.3334
Epoch: 6, Batch: 920, Acc: 59.02%, Loss: 1.3448
Epoch: 6, Batch: 930, Acc: 59.03%, Loss: 1.3201
Accuracy on test set: 62.52%
Epoch: 7, Batch: 10, Acc: 60.78%, Loss: 1.2769
Epoch: 7, Batch: 20, Acc: 59.30%, Loss: 1.3466
Epoch: 7, Batch: 30, Acc: 60.42%, Loss: 1.3013
Epoch: 7, Batch: 40, Acc: 60.82%, Loss: 1.2776
Epoch: 7, Batch: 50, Acc: 60.44%, Loss: 1.2642
Epoch: 7, Batch: 60, Acc: 59.69%, Loss: 1.3687
Epoch: 7, Batch: 70, Acc: 59.42%, Loss: 1.3186
Epoch: 7, Batch: 80, Acc: 59.30%, Loss: 1.3073
Epoch: 7, Batch: 90, Acc: 59.62%, Loss: 1.3153
Epoch: 7, Batch: 100, Acc: 59.66%, Loss: 1.3208
Epoch: 7, Batch: 110, Acc: 59.66%, Loss: 1.3089
Epoch: 7, Batch: 120, Acc: 59.23%, Loss: 1.3589
Epoch: 7, Batch: 130, Acc: 59.27%, Loss: 1.3294
Epoch: 7, Batch: 140, Acc: 59.42%, Loss: 1.2678
Epoch: 7, Batch: 150, Acc: 59.54%, Loss: 1.3243
Epoch: 7, Batch: 160, Acc: 59.46%, Loss: 1.3050
Epoch: 7, Batch: 170, Acc: 59.72%, Loss: 1.2696
Epoch: 7, Batch: 180, Acc: 59.68%, Loss: 1.3532
Epoch: 7, Batch: 190, Acc: 59.61%, Loss: 1.3163
Epoch: 7, Batch: 200, Acc: 59.68%, Loss: 1.2755
Epoch: 7, Batch: 210, Acc: 59.68%, Loss: 1.3111
Epoch: 7, Batch: 220, Acc: 59.65%, Loss: 1.3034
Epoch: 7, Batch: 230, Acc: 59.63%, Loss: 1.3238
Epoch: 7, Batch: 240, Acc: 59.60%, Loss: 1.3157
Epoch: 7, Batch: 250, Acc: 59.73%, Loss: 1.2749
Epoch: 7, Batch: 260, Acc: 59.80%, Loss: 1.2440
Epoch: 7, Batch: 270, Acc: 59.88%, Loss: 1.3071
Epoch: 7, Batch: 280, Acc: 59.87%, Loss: 1.3659
Epoch: 7, Batch: 290, Acc: 59.84%, Loss: 1.3085
Epoch: 7, Batch: 300, Acc: 59.87%, Loss: 1.3072
Epoch: 7, Batch: 310, Acc: 59.84%, Loss: 1.3267
Epoch: 7, Batch: 320, Acc: 59.85%, Loss: 1.3194
Epoch: 7, Batch: 330, Acc: 59.78%, Loss: 1.3455
Epoch: 7, Batch: 340, Acc: 59.81%, Loss: 1.2875
Epoch: 7, Batch: 350, Acc: 59.78%, Loss: 1.3463
Epoch: 7, Batch: 360, Acc: 59.67%, Loss: 1.3594
Epoch: 7, Batch: 370, Acc: 59.67%, Loss: 1.2903
Epoch: 7, Batch: 380, Acc: 59.62%, Loss: 1.3136
Epoch: 7, Batch: 390, Acc: 59.78%, Loss: 1.2320
Epoch: 7, Batch: 400, Acc: 59.71%, Loss: 1.3418
Epoch: 7, Batch: 410, Acc: 59.67%, Loss: 1.3150
Epoch: 7, Batch: 420, Acc: 59.60%, Loss: 1.3234
Epoch: 7, Batch: 430, Acc: 59.62%, Loss: 1.2928
Epoch: 7, Batch: 440, Acc: 59.59%, Loss: 1.3505
Epoch: 7, Batch: 450, Acc: 59.67%, Loss: 1.2221
Epoch: 7, Batch: 460, Acc: 59.64%, Loss: 1.3349
Epoch: 7, Batch: 470, Acc: 59.70%, Loss: 1.2375
Epoch: 7, Batch: 480, Acc: 59.77%, Loss: 1.2569
Epoch: 7, Batch: 490, Acc: 59.80%, Loss: 1.2642
Epoch: 7, Batch: 500, Acc: 59.73%, Loss: 1.3201
Epoch: 7, Batch: 510, Acc: 59.75%, Loss: 1.3221
Epoch: 7, Batch: 520, Acc: 59.77%, Loss: 1.2740
Epoch: 7, Batch: 530, Acc: 59.88%, Loss: 1.2366
Epoch: 7, Batch: 540, Acc: 59.87%, Loss: 1.3138
Epoch: 7, Batch: 550, Acc: 59.90%, Loss: 1.2678
Epoch: 7, Batch: 560, Acc: 59.91%, Loss: 1.2857
Epoch: 7, Batch: 570, Acc: 59.84%, Loss: 1.3554
Epoch: 7, Batch: 580, Acc: 59.86%, Loss: 1.2840
Epoch: 7, Batch: 590, Acc: 59.84%, Loss: 1.3318
Epoch: 7, Batch: 600, Acc: 59.79%, Loss: 1.3684
Epoch: 7, Batch: 610, Acc: 59.75%, Loss: 1.3371
Epoch: 7, Batch: 620, Acc: 59.73%, Loss: 1.3279
Epoch: 7, Batch: 630, Acc: 59.77%, Loss: 1.2711
Epoch: 7, Batch: 640, Acc: 59.84%, Loss: 1.2308
Epoch: 7, Batch: 650, Acc: 59.85%, Loss: 1.2990
Epoch: 7, Batch: 660, Acc: 59.84%, Loss: 1.3382
Epoch: 7, Batch: 670, Acc: 59.86%, Loss: 1.2390
Epoch: 7, Batch: 680, Acc: 59.85%, Loss: 1.2862
Epoch: 7, Batch: 690, Acc: 59.81%, Loss: 1.3150
Epoch: 7, Batch: 700, Acc: 59.76%, Loss: 1.3808
Epoch: 7, Batch: 710, Acc: 59.73%, Loss: 1.3116
Epoch: 7, Batch: 720, Acc: 59.73%, Loss: 1.2868
Epoch: 7, Batch: 730, Acc: 59.76%, Loss: 1.2388
Epoch: 7, Batch: 740, Acc: 59.78%, Loss: 1.2605
Epoch: 7, Batch: 750, Acc: 59.81%, Loss: 1.2987
Epoch: 7, Batch: 760, Acc: 59.80%, Loss: 1.2878
Epoch: 7, Batch: 770, Acc: 59.82%, Loss: 1.3092
Epoch: 7, Batch: 780, Acc: 59.78%, Loss: 1.3460
Epoch: 7, Batch: 790, Acc: 59.76%, Loss: 1.3112
Epoch: 7, Batch: 800, Acc: 59.73%, Loss: 1.3081
Epoch: 7, Batch: 810, Acc: 59.71%, Loss: 1.3263
Epoch: 7, Batch: 820, Acc: 59.69%, Loss: 1.3262
Epoch: 7, Batch: 830, Acc: 59.68%, Loss: 1.3322
Epoch: 7, Batch: 840, Acc: 59.70%, Loss: 1.2879
Epoch: 7, Batch: 850, Acc: 59.71%, Loss: 1.2839
Epoch: 7, Batch: 860, Acc: 59.73%, Loss: 1.3161
Epoch: 7, Batch: 870, Acc: 59.76%, Loss: 1.2658
Epoch: 7, Batch: 880, Acc: 59.76%, Loss: 1.3052
Epoch: 7, Batch: 890, Acc: 59.80%, Loss: 1.2604
Epoch: 7, Batch: 900, Acc: 59.85%, Loss: 1.1887
Epoch: 7, Batch: 910, Acc: 59.87%, Loss: 1.2857
Epoch: 7, Batch: 920, Acc: 59.86%, Loss: 1.3072
Epoch: 7, Batch: 930, Acc: 59.88%, Loss: 1.2002
Accuracy on test set: 62.50%
Epoch: 8, Batch: 10, Acc: 61.72%, Loss: 1.2712
Epoch: 8, Batch: 20, Acc: 60.55%, Loss: 1.2912
Epoch: 8, Batch: 30, Acc: 60.47%, Loss: 1.2961
Epoch: 8, Batch: 40, Acc: 60.82%, Loss: 1.2412
Epoch: 8, Batch: 50, Acc: 60.91%, Loss: 1.2781
Epoch: 8, Batch: 60, Acc: 60.99%, Loss: 1.2743
Epoch: 8, Batch: 70, Acc: 60.54%, Loss: 1.3221
Epoch: 8, Batch: 80, Acc: 60.43%, Loss: 1.2963
Epoch: 8, Batch: 90, Acc: 60.97%, Loss: 1.2059
Epoch: 8, Batch: 100, Acc: 60.59%, Loss: 1.3044
Epoch: 8, Batch: 110, Acc: 60.55%, Loss: 1.3123
Epoch: 8, Batch: 120, Acc: 60.65%, Loss: 1.2712
Epoch: 8, Batch: 130, Acc: 60.72%, Loss: 1.2617
Epoch: 8, Batch: 140, Acc: 60.50%, Loss: 1.3075
Epoch: 8, Batch: 150, Acc: 60.34%, Loss: 1.3013
Epoch: 8, Batch: 160, Acc: 60.36%, Loss: 1.2663
Epoch: 8, Batch: 170, Acc: 60.48%, Loss: 1.2365
Epoch: 8, Batch: 180, Acc: 60.43%, Loss: 1.3269
Epoch: 8, Batch: 190, Acc: 60.21%, Loss: 1.3277
Epoch: 8, Batch: 200, Acc: 60.20%, Loss: 1.3111
Epoch: 8, Batch: 210, Acc: 60.35%, Loss: 1.2578
Epoch: 8, Batch: 220, Acc: 60.43%, Loss: 1.2111
Epoch: 8, Batch: 230, Acc: 60.50%, Loss: 1.3033
Epoch: 8, Batch: 240, Acc: 60.37%, Loss: 1.2895
Epoch: 8, Batch: 250, Acc: 60.35%, Loss: 1.2745
Epoch: 8, Batch: 260, Acc: 60.48%, Loss: 1.2455
Epoch: 8, Batch: 270, Acc: 60.53%, Loss: 1.2343
Epoch: 8, Batch: 280, Acc: 60.42%, Loss: 1.3493
Epoch: 8, Batch: 290, Acc: 60.41%, Loss: 1.2548
Epoch: 8, Batch: 300, Acc: 60.36%, Loss: 1.2698
Epoch: 8, Batch: 310, Acc: 60.38%, Loss: 1.3041
Epoch: 8, Batch: 320, Acc: 60.39%, Loss: 1.2382
Epoch: 8, Batch: 330, Acc: 60.53%, Loss: 1.2230
Epoch: 8, Batch: 340, Acc: 60.53%, Loss: 1.2570
Epoch: 8, Batch: 350, Acc: 60.56%, Loss: 1.2340
Epoch: 8, Batch: 360, Acc: 60.56%, Loss: 1.2892
Epoch: 8, Batch: 370, Acc: 60.48%, Loss: 1.2816
Epoch: 8, Batch: 380, Acc: 60.46%, Loss: 1.2629
Epoch: 8, Batch: 390, Acc: 60.41%, Loss: 1.3288
Epoch: 8, Batch: 400, Acc: 60.48%, Loss: 1.1995
Epoch: 8, Batch: 410, Acc: 60.56%, Loss: 1.2249
Epoch: 8, Batch: 420, Acc: 60.61%, Loss: 1.2498
Epoch: 8, Batch: 430, Acc: 60.64%, Loss: 1.2384
Epoch: 8, Batch: 440, Acc: 60.71%, Loss: 1.2209
Epoch: 8, Batch: 450, Acc: 60.73%, Loss: 1.2298
Epoch: 8, Batch: 460, Acc: 60.67%, Loss: 1.2927
Epoch: 8, Batch: 470, Acc: 60.64%, Loss: 1.3113
Epoch: 8, Batch: 480, Acc: 60.66%, Loss: 1.2531
Epoch: 8, Batch: 490, Acc: 60.63%, Loss: 1.2781
Epoch: 8, Batch: 500, Acc: 60.62%, Loss: 1.2797
Epoch: 8, Batch: 510, Acc: 60.64%, Loss: 1.2132
Epoch: 8, Batch: 520, Acc: 60.63%, Loss: 1.2506
Epoch: 8, Batch: 530, Acc: 60.52%, Loss: 1.3539
Epoch: 8, Batch: 540, Acc: 60.57%, Loss: 1.2484
Epoch: 8, Batch: 550, Acc: 60.59%, Loss: 1.2371
Epoch: 8, Batch: 560, Acc: 60.64%, Loss: 1.2462
Epoch: 8, Batch: 570, Acc: 60.66%, Loss: 1.2581
Epoch: 8, Batch: 580, Acc: 60.64%, Loss: 1.3035
Epoch: 8, Batch: 590, Acc: 60.62%, Loss: 1.3253
Epoch: 8, Batch: 600, Acc: 60.63%, Loss: 1.2368
Epoch: 8, Batch: 610, Acc: 60.64%, Loss: 1.2659
Epoch: 8, Batch: 620, Acc: 60.63%, Loss: 1.2395
Epoch: 8, Batch: 630, Acc: 60.65%, Loss: 1.2416
Epoch: 8, Batch: 640, Acc: 60.59%, Loss: 1.3628
Epoch: 8, Batch: 650, Acc: 60.59%, Loss: 1.3325
Epoch: 8, Batch: 660, Acc: 60.63%, Loss: 1.2524
Epoch: 8, Batch: 670, Acc: 60.62%, Loss: 1.2858
Epoch: 8, Batch: 680, Acc: 60.61%, Loss: 1.2855
Epoch: 8, Batch: 690, Acc: 60.59%, Loss: 1.2735
Epoch: 8, Batch: 700, Acc: 60.60%, Loss: 1.2528
Epoch: 8, Batch: 710, Acc: 60.58%, Loss: 1.2698
Epoch: 8, Batch: 720, Acc: 60.60%, Loss: 1.2081
Epoch: 8, Batch: 730, Acc: 60.59%, Loss: 1.2605
Epoch: 8, Batch: 740, Acc: 60.56%, Loss: 1.3249
Epoch: 8, Batch: 750, Acc: 60.53%, Loss: 1.2768
Epoch: 8, Batch: 760, Acc: 60.55%, Loss: 1.2373
Epoch: 8, Batch: 770, Acc: 60.56%, Loss: 1.2359
Epoch: 8, Batch: 780, Acc: 60.57%, Loss: 1.2816
Epoch: 8, Batch: 790, Acc: 60.54%, Loss: 1.2886
Epoch: 8, Batch: 800, Acc: 60.48%, Loss: 1.3144
Epoch: 8, Batch: 810, Acc: 60.48%, Loss: 1.3079
Epoch: 8, Batch: 820, Acc: 60.51%, Loss: 1.2655
Epoch: 8, Batch: 830, Acc: 60.53%, Loss: 1.2338
Epoch: 8, Batch: 840, Acc: 60.52%, Loss: 1.2758
Epoch: 8, Batch: 850, Acc: 60.53%, Loss: 1.2708
Epoch: 8, Batch: 860, Acc: 60.59%, Loss: 1.1665
Epoch: 8, Batch: 870, Acc: 60.60%, Loss: 1.2404
Epoch: 8, Batch: 880, Acc: 60.61%, Loss: 1.2243
Epoch: 8, Batch: 890, Acc: 60.62%, Loss: 1.2423
Epoch: 8, Batch: 900, Acc: 60.61%, Loss: 1.2337
Epoch: 8, Batch: 910, Acc: 60.61%, Loss: 1.2232
Epoch: 8, Batch: 920, Acc: 60.59%, Loss: 1.3060
Epoch: 8, Batch: 930, Acc: 60.61%, Loss: 1.2759
Accuracy on test set: 63.74%
Epoch: 9, Batch: 10, Acc: 60.00%, Loss: 1.2841
Epoch: 9, Batch: 20, Acc: 58.59%, Loss: 1.3347
Epoch: 9, Batch: 30, Acc: 60.26%, Loss: 1.2505
Epoch: 9, Batch: 40, Acc: 60.00%, Loss: 1.3035
Epoch: 9, Batch: 50, Acc: 59.59%, Loss: 1.3120
Epoch: 9, Batch: 60, Acc: 59.97%, Loss: 1.2057
Epoch: 9, Batch: 70, Acc: 60.33%, Loss: 1.2693
Epoch: 9, Batch: 80, Acc: 60.88%, Loss: 1.2352
Epoch: 9, Batch: 90, Acc: 61.32%, Loss: 1.2060
Epoch: 9, Batch: 100, Acc: 61.45%, Loss: 1.2087
Epoch: 9, Batch: 110, Acc: 61.26%, Loss: 1.2607
Epoch: 9, Batch: 120, Acc: 61.26%, Loss: 1.2299
Epoch: 9, Batch: 130, Acc: 61.32%, Loss: 1.2393
Epoch: 9, Batch: 140, Acc: 61.57%, Loss: 1.1986
Epoch: 9, Batch: 150, Acc: 61.69%, Loss: 1.2643
Epoch: 9, Batch: 160, Acc: 61.77%, Loss: 1.2055
Epoch: 9, Batch: 170, Acc: 61.89%, Loss: 1.1951
Epoch: 9, Batch: 180, Acc: 62.01%, Loss: 1.2122
Epoch: 9, Batch: 190, Acc: 61.92%, Loss: 1.2723
Epoch: 9, Batch: 200, Acc: 61.99%, Loss: 1.2408
Epoch: 9, Batch: 210, Acc: 61.98%, Loss: 1.2765
Epoch: 9, Batch: 220, Acc: 61.88%, Loss: 1.2680
Epoch: 9, Batch: 230, Acc: 61.77%, Loss: 1.2572
Epoch: 9, Batch: 240, Acc: 61.69%, Loss: 1.3133
Epoch: 9, Batch: 250, Acc: 61.60%, Loss: 1.2404
Epoch: 9, Batch: 260, Acc: 61.53%, Loss: 1.2271
Epoch: 9, Batch: 270, Acc: 61.55%, Loss: 1.2267
Epoch: 9, Batch: 280, Acc: 61.38%, Loss: 1.3246
Epoch: 9, Batch: 290, Acc: 61.41%, Loss: 1.2204
Epoch: 9, Batch: 300, Acc: 61.40%, Loss: 1.2395
Epoch: 9, Batch: 310, Acc: 61.29%, Loss: 1.2817
Epoch: 9, Batch: 320, Acc: 61.27%, Loss: 1.2489
Epoch: 9, Batch: 330, Acc: 61.30%, Loss: 1.2555
Epoch: 9, Batch: 340, Acc: 61.19%, Loss: 1.2897
Epoch: 9, Batch: 350, Acc: 61.05%, Loss: 1.3216
Epoch: 9, Batch: 360, Acc: 60.96%, Loss: 1.2883
Epoch: 9, Batch: 370, Acc: 60.99%, Loss: 1.2182
Epoch: 9, Batch: 380, Acc: 61.00%, Loss: 1.2898
Epoch: 9, Batch: 390, Acc: 61.02%, Loss: 1.2151
Epoch: 9, Batch: 400, Acc: 60.99%, Loss: 1.2862
Epoch: 9, Batch: 410, Acc: 61.11%, Loss: 1.1731
Epoch: 9, Batch: 420, Acc: 61.16%, Loss: 1.1742
Epoch: 9, Batch: 430, Acc: 61.20%, Loss: 1.2205
Epoch: 9, Batch: 440, Acc: 61.24%, Loss: 1.2446
Epoch: 9, Batch: 450, Acc: 61.24%, Loss: 1.2403
Epoch: 9, Batch: 460, Acc: 61.21%, Loss: 1.2808
Epoch: 9, Batch: 470, Acc: 61.22%, Loss: 1.2273
Epoch: 9, Batch: 480, Acc: 61.31%, Loss: 1.2086
Epoch: 9, Batch: 490, Acc: 61.25%, Loss: 1.3490
Epoch: 9, Batch: 500, Acc: 61.21%, Loss: 1.2850
Epoch: 9, Batch: 510, Acc: 61.17%, Loss: 1.2833
Epoch: 9, Batch: 520, Acc: 61.11%, Loss: 1.2575
Epoch: 9, Batch: 530, Acc: 61.16%, Loss: 1.2289
Epoch: 9, Batch: 540, Acc: 61.17%, Loss: 1.2206
Epoch: 9, Batch: 550, Acc: 61.15%, Loss: 1.2498
Epoch: 9, Batch: 560, Acc: 61.16%, Loss: 1.2676
Epoch: 9, Batch: 570, Acc: 61.15%, Loss: 1.2112
Epoch: 9, Batch: 580, Acc: 61.15%, Loss: 1.2492
Epoch: 9, Batch: 590, Acc: 61.15%, Loss: 1.2836
Epoch: 9, Batch: 600, Acc: 61.12%, Loss: 1.2225
Epoch: 9, Batch: 610, Acc: 61.20%, Loss: 1.1979
Epoch: 9, Batch: 620, Acc: 61.18%, Loss: 1.2143
Epoch: 9, Batch: 630, Acc: 61.17%, Loss: 1.2337
Epoch: 9, Batch: 640, Acc: 61.12%, Loss: 1.2775
Epoch: 9, Batch: 650, Acc: 61.16%, Loss: 1.1911
Epoch: 9, Batch: 660, Acc: 61.14%, Loss: 1.2690
Epoch: 9, Batch: 670, Acc: 61.14%, Loss: 1.2171
Epoch: 9, Batch: 680, Acc: 61.12%, Loss: 1.2087
Epoch: 9, Batch: 690, Acc: 61.10%, Loss: 1.2581
Epoch: 9, Batch: 700, Acc: 61.10%, Loss: 1.3153
Epoch: 9, Batch: 710, Acc: 61.10%, Loss: 1.2275
Epoch: 9, Batch: 720, Acc: 61.12%, Loss: 1.2245
Epoch: 9, Batch: 730, Acc: 61.12%, Loss: 1.2249
Epoch: 9, Batch: 740, Acc: 61.14%, Loss: 1.2166
Epoch: 9, Batch: 750, Acc: 61.19%, Loss: 1.2009
Epoch: 9, Batch: 760, Acc: 61.20%, Loss: 1.1998
Epoch: 9, Batch: 770, Acc: 61.20%, Loss: 1.2177
Epoch: 9, Batch: 780, Acc: 61.20%, Loss: 1.2599
Epoch: 9, Batch: 790, Acc: 61.18%, Loss: 1.2535
Epoch: 9, Batch: 800, Acc: 61.20%, Loss: 1.2116
Epoch: 9, Batch: 810, Acc: 61.20%, Loss: 1.2747
Epoch: 9, Batch: 820, Acc: 61.23%, Loss: 1.2093
Epoch: 9, Batch: 830, Acc: 61.23%, Loss: 1.2189
Epoch: 9, Batch: 840, Acc: 61.19%, Loss: 1.2710
Epoch: 9, Batch: 850, Acc: 61.24%, Loss: 1.1724
Epoch: 9, Batch: 860, Acc: 61.26%, Loss: 1.2132
Epoch: 9, Batch: 870, Acc: 61.22%, Loss: 1.2707
Epoch: 9, Batch: 880, Acc: 61.19%, Loss: 1.2736
Epoch: 9, Batch: 890, Acc: 61.21%, Loss: 1.2387
Epoch: 9, Batch: 900, Acc: 61.22%, Loss: 1.1928
Epoch: 9, Batch: 910, Acc: 61.22%, Loss: 1.2538
Epoch: 9, Batch: 920, Acc: 61.24%, Loss: 1.2238
Epoch: 9, Batch: 930, Acc: 61.20%, Loss: 1.2737
Accuracy on test set: 64.10%
Epoch: 10, Batch: 10, Acc: 60.47%, Loss: 1.2702
Epoch: 10, Batch: 20, Acc: 60.78%, Loss: 1.2633
Epoch: 10, Batch: 30, Acc: 61.51%, Loss: 1.2229
Epoch: 10, Batch: 40, Acc: 61.56%, Loss: 1.2003
Epoch: 10, Batch: 50, Acc: 61.78%, Loss: 1.2117
Epoch: 10, Batch: 60, Acc: 61.93%, Loss: 1.2288
Epoch: 10, Batch: 70, Acc: 61.43%, Loss: 1.2869
Epoch: 10, Batch: 80, Acc: 61.72%, Loss: 1.1940
Epoch: 10, Batch: 90, Acc: 61.32%, Loss: 1.2489
Epoch: 10, Batch: 100, Acc: 61.22%, Loss: 1.2926
Epoch: 10, Batch: 110, Acc: 60.91%, Loss: 1.2715
Epoch: 10, Batch: 120, Acc: 60.89%, Loss: 1.2532
Epoch: 10, Batch: 130, Acc: 60.69%, Loss: 1.2679
Epoch: 10, Batch: 140, Acc: 60.36%, Loss: 1.2803
Epoch: 10, Batch: 150, Acc: 60.46%, Loss: 1.2292
Epoch: 10, Batch: 160, Acc: 60.58%, Loss: 1.1900
Epoch: 10, Batch: 170, Acc: 60.90%, Loss: 1.1180
Epoch: 10, Batch: 180, Acc: 60.80%, Loss: 1.2405
Epoch: 10, Batch: 190, Acc: 60.76%, Loss: 1.2961
Epoch: 10, Batch: 200, Acc: 60.63%, Loss: 1.3105
Epoch: 10, Batch: 210, Acc: 60.80%, Loss: 1.1593
Epoch: 10, Batch: 220, Acc: 60.75%, Loss: 1.2607
Epoch: 10, Batch: 230, Acc: 60.74%, Loss: 1.2228
Epoch: 10, Batch: 240, Acc: 60.80%, Loss: 1.2133
Epoch: 10, Batch: 250, Acc: 60.79%, Loss: 1.2109
Epoch: 10, Batch: 260, Acc: 60.79%, Loss: 1.1982
Epoch: 10, Batch: 270, Acc: 60.78%, Loss: 1.2310
Epoch: 10, Batch: 280, Acc: 60.86%, Loss: 1.1651
Epoch: 10, Batch: 290, Acc: 60.92%, Loss: 1.2214
Epoch: 10, Batch: 300, Acc: 61.09%, Loss: 1.1804
Epoch: 10, Batch: 310, Acc: 61.11%, Loss: 1.2225
Epoch: 10, Batch: 320, Acc: 61.23%, Loss: 1.1994
Epoch: 10, Batch: 330, Acc: 61.27%, Loss: 1.2308
Epoch: 10, Batch: 340, Acc: 61.29%, Loss: 1.2641
Epoch: 10, Batch: 350, Acc: 61.28%, Loss: 1.1610
Epoch: 10, Batch: 360, Acc: 61.32%, Loss: 1.1985
Epoch: 10, Batch: 370, Acc: 61.35%, Loss: 1.2387
Epoch: 10, Batch: 380, Acc: 61.42%, Loss: 1.1765
Epoch: 10, Batch: 390, Acc: 61.34%, Loss: 1.2822
Epoch: 10, Batch: 400, Acc: 61.31%, Loss: 1.2249
Epoch: 10, Batch: 410, Acc: 61.36%, Loss: 1.2037
Epoch: 10, Batch: 420, Acc: 61.27%, Loss: 1.3188
Epoch: 10, Batch: 430, Acc: 61.31%, Loss: 1.1974
Epoch: 10, Batch: 440, Acc: 61.28%, Loss: 1.2297
Epoch: 10, Batch: 450, Acc: 61.40%, Loss: 1.1518
Epoch: 10, Batch: 460, Acc: 61.42%, Loss: 1.2105
Epoch: 10, Batch: 470, Acc: 61.47%, Loss: 1.2077
Epoch: 10, Batch: 480, Acc: 61.46%, Loss: 1.2234
Epoch: 10, Batch: 490, Acc: 61.45%, Loss: 1.2317
Epoch: 10, Batch: 500, Acc: 61.44%, Loss: 1.2042
Epoch: 10, Batch: 510, Acc: 61.41%, Loss: 1.2508
Epoch: 10, Batch: 520, Acc: 61.40%, Loss: 1.2188
Epoch: 10, Batch: 530, Acc: 61.43%, Loss: 1.1829
Epoch: 10, Batch: 540, Acc: 61.42%, Loss: 1.2377
Epoch: 10, Batch: 550, Acc: 61.40%, Loss: 1.2374
Epoch: 10, Batch: 560, Acc: 61.45%, Loss: 1.1714
Epoch: 10, Batch: 570, Acc: 61.43%, Loss: 1.2289
Epoch: 10, Batch: 580, Acc: 61.41%, Loss: 1.2311
Epoch: 10, Batch: 590, Acc: 61.40%, Loss: 1.2554
Epoch: 10, Batch: 600, Acc: 61.42%, Loss: 1.2077
Epoch: 10, Batch: 610, Acc: 61.42%, Loss: 1.2487
Epoch: 10, Batch: 620, Acc: 61.43%, Loss: 1.2473
Epoch: 10, Batch: 630, Acc: 61.46%, Loss: 1.2248
Epoch: 10, Batch: 640, Acc: 61.48%, Loss: 1.1989
Epoch: 10, Batch: 650, Acc: 61.46%, Loss: 1.2054
Epoch: 10, Batch: 660, Acc: 61.44%, Loss: 1.2687
Epoch: 10, Batch: 670, Acc: 61.43%, Loss: 1.2209
Epoch: 10, Batch: 680, Acc: 61.42%, Loss: 1.2522
Epoch: 10, Batch: 690, Acc: 61.42%, Loss: 1.2314
Epoch: 10, Batch: 700, Acc: 61.42%, Loss: 1.2935
Epoch: 10, Batch: 710, Acc: 61.45%, Loss: 1.1676
Epoch: 10, Batch: 720, Acc: 61.47%, Loss: 1.2323
Epoch: 10, Batch: 730, Acc: 61.51%, Loss: 1.1699
Epoch: 10, Batch: 740, Acc: 61.48%, Loss: 1.2645
Epoch: 10, Batch: 750, Acc: 61.47%, Loss: 1.2438
Epoch: 10, Batch: 760, Acc: 61.47%, Loss: 1.1462
Epoch: 10, Batch: 770, Acc: 61.45%, Loss: 1.2280
Epoch: 10, Batch: 780, Acc: 61.44%, Loss: 1.2358
Epoch: 10, Batch: 790, Acc: 61.46%, Loss: 1.1986
Epoch: 10, Batch: 800, Acc: 61.41%, Loss: 1.2981
Epoch: 10, Batch: 810, Acc: 61.45%, Loss: 1.1952
Epoch: 10, Batch: 820, Acc: 61.42%, Loss: 1.2719
Epoch: 10, Batch: 830, Acc: 61.40%, Loss: 1.2708
Epoch: 10, Batch: 840, Acc: 61.38%, Loss: 1.2656
Epoch: 10, Batch: 850, Acc: 61.38%, Loss: 1.1875
Epoch: 10, Batch: 860, Acc: 61.40%, Loss: 1.2054
Epoch: 10, Batch: 870, Acc: 61.42%, Loss: 1.1762
Epoch: 10, Batch: 880, Acc: 61.44%, Loss: 1.2252
Epoch: 10, Batch: 890, Acc: 61.47%, Loss: 1.1691
Epoch: 10, Batch: 900, Acc: 61.51%, Loss: 1.1845
Epoch: 10, Batch: 910, Acc: 61.51%, Loss: 1.2411
Epoch: 10, Batch: 920, Acc: 61.51%, Loss: 1.2119
Epoch: 10, Batch: 930, Acc: 61.52%, Loss: 1.2076
Accuracy on test set: 64.27%
Epoch: 11, Batch: 10, Acc: 58.59%, Loss: 1.2483
Epoch: 11, Batch: 20, Acc: 60.47%, Loss: 1.2110
Epoch: 11, Batch: 30, Acc: 61.20%, Loss: 1.1854
Epoch: 11, Batch: 40, Acc: 62.34%, Loss: 1.1809
Epoch: 11, Batch: 50, Acc: 61.75%, Loss: 1.2374
Epoch: 11, Batch: 60, Acc: 61.85%, Loss: 1.2271
Epoch: 11, Batch: 70, Acc: 61.88%, Loss: 1.2364
Epoch: 11, Batch: 80, Acc: 62.11%, Loss: 1.1604
Epoch: 11, Batch: 90, Acc: 61.84%, Loss: 1.3267
Epoch: 11, Batch: 100, Acc: 61.69%, Loss: 1.2230
Epoch: 11, Batch: 110, Acc: 61.43%, Loss: 1.2890
Epoch: 11, Batch: 120, Acc: 61.51%, Loss: 1.1927
Epoch: 11, Batch: 130, Acc: 61.44%, Loss: 1.2354
Epoch: 11, Batch: 140, Acc: 61.66%, Loss: 1.1779
Epoch: 11, Batch: 150, Acc: 61.59%, Loss: 1.2386
Epoch: 11, Batch: 160, Acc: 61.63%, Loss: 1.2045
Epoch: 11, Batch: 170, Acc: 61.68%, Loss: 1.1947
Epoch: 11, Batch: 180, Acc: 61.61%, Loss: 1.2132
Epoch: 11, Batch: 190, Acc: 61.62%, Loss: 1.1852
Epoch: 11, Batch: 200, Acc: 61.70%, Loss: 1.1865
Epoch: 11, Batch: 210, Acc: 61.66%, Loss: 1.2058
Epoch: 11, Batch: 220, Acc: 61.77%, Loss: 1.1968
Epoch: 11, Batch: 230, Acc: 61.71%, Loss: 1.2751
Epoch: 11, Batch: 240, Acc: 61.59%, Loss: 1.2383
Epoch: 11, Batch: 250, Acc: 61.64%, Loss: 1.1864
Epoch: 11, Batch: 260, Acc: 61.71%, Loss: 1.1488
Epoch: 11, Batch: 270, Acc: 61.67%, Loss: 1.2317
Epoch: 11, Batch: 280, Acc: 61.58%, Loss: 1.2181
Epoch: 11, Batch: 290, Acc: 61.59%, Loss: 1.2193
Epoch: 11, Batch: 300, Acc: 61.61%, Loss: 1.1797
Epoch: 11, Batch: 310, Acc: 61.57%, Loss: 1.2425
Epoch: 11, Batch: 320, Acc: 61.54%, Loss: 1.2380
Epoch: 11, Batch: 330, Acc: 61.60%, Loss: 1.1997
Epoch: 11, Batch: 340, Acc: 61.64%, Loss: 1.2310
Epoch: 11, Batch: 350, Acc: 61.60%, Loss: 1.2210
Epoch: 11, Batch: 360, Acc: 61.60%, Loss: 1.2336
Epoch: 11, Batch: 370, Acc: 61.56%, Loss: 1.2778
Epoch: 11, Batch: 380, Acc: 61.53%, Loss: 1.2810
Epoch: 11, Batch: 390, Acc: 61.57%, Loss: 1.2470
Epoch: 11, Batch: 400, Acc: 61.64%, Loss: 1.1565
Epoch: 11, Batch: 410, Acc: 61.70%, Loss: 1.1570
Epoch: 11, Batch: 420, Acc: 61.65%, Loss: 1.2194
Epoch: 11, Batch: 430, Acc: 61.66%, Loss: 1.1984
Epoch: 11, Batch: 440, Acc: 61.65%, Loss: 1.2439
Epoch: 11, Batch: 450, Acc: 61.62%, Loss: 1.2438
Epoch: 11, Batch: 460, Acc: 61.68%, Loss: 1.1994
Epoch: 11, Batch: 470, Acc: 61.71%, Loss: 1.2016
Epoch: 11, Batch: 480, Acc: 61.71%, Loss: 1.2574
Epoch: 11, Batch: 490, Acc: 61.72%, Loss: 1.2424
Epoch: 11, Batch: 500, Acc: 61.69%, Loss: 1.2297
Epoch: 11, Batch: 510, Acc: 61.72%, Loss: 1.2011
Epoch: 11, Batch: 520, Acc: 61.70%, Loss: 1.2231
Epoch: 11, Batch: 530, Acc: 61.73%, Loss: 1.2042
Epoch: 11, Batch: 540, Acc: 61.71%, Loss: 1.1990
Epoch: 11, Batch: 550, Acc: 61.71%, Loss: 1.2039
Epoch: 11, Batch: 560, Acc: 61.69%, Loss: 1.2118
Epoch: 11, Batch: 570, Acc: 61.64%, Loss: 1.2808
Epoch: 11, Batch: 580, Acc: 61.65%, Loss: 1.2361
Epoch: 11, Batch: 590, Acc: 61.62%, Loss: 1.2674
Epoch: 11, Batch: 600, Acc: 61.68%, Loss: 1.1364
Epoch: 11, Batch: 610, Acc: 61.72%, Loss: 1.2274
Epoch: 11, Batch: 620, Acc: 61.73%, Loss: 1.1807
Epoch: 11, Batch: 630, Acc: 61.73%, Loss: 1.1934
Epoch: 11, Batch: 640, Acc: 61.71%, Loss: 1.2491
Epoch: 11, Batch: 650, Acc: 61.72%, Loss: 1.1418
Epoch: 11, Batch: 660, Acc: 61.79%, Loss: 1.1804
Epoch: 11, Batch: 670, Acc: 61.79%, Loss: 1.1803
Epoch: 11, Batch: 680, Acc: 61.73%, Loss: 1.2459
Epoch: 11, Batch: 690, Acc: 61.72%, Loss: 1.2058
Epoch: 11, Batch: 700, Acc: 61.74%, Loss: 1.1990
Epoch: 11, Batch: 710, Acc: 61.75%, Loss: 1.2394
Epoch: 11, Batch: 720, Acc: 61.76%, Loss: 1.1588
Epoch: 11, Batch: 730, Acc: 61.77%, Loss: 1.1862
Epoch: 11, Batch: 740, Acc: 61.79%, Loss: 1.2254
Epoch: 11, Batch: 750, Acc: 61.79%, Loss: 1.1882
Epoch: 11, Batch: 760, Acc: 61.82%, Loss: 1.1419
Epoch: 11, Batch: 770, Acc: 61.80%, Loss: 1.2002
Epoch: 11, Batch: 780, Acc: 61.81%, Loss: 1.1817
Epoch: 11, Batch: 790, Acc: 61.82%, Loss: 1.1667
Epoch: 11, Batch: 800, Acc: 61.82%, Loss: 1.2169
Epoch: 11, Batch: 810, Acc: 61.80%, Loss: 1.2257
Epoch: 11, Batch: 820, Acc: 61.80%, Loss: 1.2140
Epoch: 11, Batch: 830, Acc: 61.80%, Loss: 1.2151
Epoch: 11, Batch: 840, Acc: 61.84%, Loss: 1.1789
Epoch: 11, Batch: 850, Acc: 61.84%, Loss: 1.2297
Epoch: 11, Batch: 860, Acc: 61.85%, Loss: 1.2122
Epoch: 11, Batch: 870, Acc: 61.88%, Loss: 1.1491
Epoch: 11, Batch: 880, Acc: 61.89%, Loss: 1.1551
Epoch: 11, Batch: 890, Acc: 61.91%, Loss: 1.1673
Epoch: 11, Batch: 900, Acc: 61.86%, Loss: 1.2218
Epoch: 11, Batch: 910, Acc: 61.90%, Loss: 1.1512
Epoch: 11, Batch: 920, Acc: 61.95%, Loss: 1.1998
Epoch: 11, Batch: 930, Acc: 61.93%, Loss: 1.2367
Accuracy on test set: 64.31%
Epoch: 12, Batch: 10, Acc: 63.75%, Loss: 1.1824
Epoch: 12, Batch: 20, Acc: 61.41%, Loss: 1.2184
Epoch: 12, Batch: 30, Acc: 60.73%, Loss: 1.2255
Epoch: 12, Batch: 40, Acc: 60.39%, Loss: 1.2447
Epoch: 12, Batch: 50, Acc: 61.12%, Loss: 1.1684
Epoch: 12, Batch: 60, Acc: 61.35%, Loss: 1.2212
Epoch: 12, Batch: 70, Acc: 61.25%, Loss: 1.3230
Epoch: 12, Batch: 80, Acc: 61.00%, Loss: 1.2264
Epoch: 12, Batch: 90, Acc: 61.25%, Loss: 1.1671
Epoch: 12, Batch: 100, Acc: 61.31%, Loss: 1.1961
Epoch: 12, Batch: 110, Acc: 61.28%, Loss: 1.2437
Epoch: 12, Batch: 120, Acc: 61.30%, Loss: 1.2077
Epoch: 12, Batch: 130, Acc: 61.20%, Loss: 1.1924
Epoch: 12, Batch: 140, Acc: 61.44%, Loss: 1.1593
Epoch: 12, Batch: 150, Acc: 61.40%, Loss: 1.1943
Epoch: 12, Batch: 160, Acc: 61.50%, Loss: 1.2106
Epoch: 12, Batch: 170, Acc: 61.57%, Loss: 1.2264
Epoch: 12, Batch: 180, Acc: 61.50%, Loss: 1.2206
Epoch: 12, Batch: 190, Acc: 61.64%, Loss: 1.2017
Epoch: 12, Batch: 200, Acc: 61.77%, Loss: 1.2205
Epoch: 12, Batch: 210, Acc: 61.85%, Loss: 1.1631
Epoch: 12, Batch: 220, Acc: 61.80%, Loss: 1.2410
Epoch: 12, Batch: 230, Acc: 61.82%, Loss: 1.2183
Epoch: 12, Batch: 240, Acc: 61.87%, Loss: 1.2158
Epoch: 12, Batch: 250, Acc: 61.81%, Loss: 1.1941
Epoch: 12, Batch: 260, Acc: 61.88%, Loss: 1.1627
Epoch: 12, Batch: 270, Acc: 61.91%, Loss: 1.1811
Epoch: 12, Batch: 280, Acc: 61.96%, Loss: 1.2100
Epoch: 12, Batch: 290, Acc: 61.98%, Loss: 1.2064
Epoch: 12, Batch: 300, Acc: 61.91%, Loss: 1.2656
Epoch: 12, Batch: 310, Acc: 61.91%, Loss: 1.1517
Epoch: 12, Batch: 320, Acc: 61.86%, Loss: 1.1904
Epoch: 12, Batch: 330, Acc: 61.84%, Loss: 1.2318
Epoch: 12, Batch: 340, Acc: 61.97%, Loss: 1.1449
Epoch: 12, Batch: 350, Acc: 61.94%, Loss: 1.2101
Epoch: 12, Batch: 360, Acc: 61.92%, Loss: 1.2229
Epoch: 12, Batch: 370, Acc: 61.98%, Loss: 1.1868
Epoch: 12, Batch: 380, Acc: 61.98%, Loss: 1.2223
Epoch: 12, Batch: 390, Acc: 61.99%, Loss: 1.1927
Epoch: 12, Batch: 400, Acc: 62.02%, Loss: 1.1552
Epoch: 12, Batch: 410, Acc: 62.08%, Loss: 1.1595
Epoch: 12, Batch: 420, Acc: 62.12%, Loss: 1.1986
Epoch: 12, Batch: 430, Acc: 62.16%, Loss: 1.1729
Epoch: 12, Batch: 440, Acc: 62.21%, Loss: 1.1591
Epoch: 12, Batch: 450, Acc: 62.17%, Loss: 1.2463
Epoch: 12, Batch: 460, Acc: 62.14%, Loss: 1.2094
Epoch: 12, Batch: 470, Acc: 62.20%, Loss: 1.1660
Epoch: 12, Batch: 480, Acc: 62.20%, Loss: 1.2243
Epoch: 12, Batch: 490, Acc: 62.16%, Loss: 1.2311
Epoch: 12, Batch: 500, Acc: 62.07%, Loss: 1.2753
Epoch: 12, Batch: 510, Acc: 62.09%, Loss: 1.2165
Epoch: 12, Batch: 520, Acc: 62.11%, Loss: 1.1960
Epoch: 12, Batch: 530, Acc: 62.10%, Loss: 1.1988
Epoch: 12, Batch: 540, Acc: 62.12%, Loss: 1.2153
Epoch: 12, Batch: 550, Acc: 62.11%, Loss: 1.2310
Epoch: 12, Batch: 560, Acc: 62.15%, Loss: 1.2107
Epoch: 12, Batch: 570, Acc: 62.08%, Loss: 1.2663
Epoch: 12, Batch: 580, Acc: 62.10%, Loss: 1.1930
Epoch: 12, Batch: 590, Acc: 62.06%, Loss: 1.1758
Epoch: 12, Batch: 600, Acc: 62.11%, Loss: 1.1230
Epoch: 12, Batch: 610, Acc: 62.09%, Loss: 1.1980
Epoch: 12, Batch: 620, Acc: 62.13%, Loss: 1.1846
Epoch: 12, Batch: 630, Acc: 62.17%, Loss: 1.1798
Epoch: 12, Batch: 640, Acc: 62.20%, Loss: 1.1499
Epoch: 12, Batch: 650, Acc: 62.21%, Loss: 1.1316
Epoch: 12, Batch: 660, Acc: 62.20%, Loss: 1.2091
Epoch: 12, Batch: 670, Acc: 62.18%, Loss: 1.1466
Epoch: 12, Batch: 680, Acc: 62.18%, Loss: 1.1977
Epoch: 12, Batch: 690, Acc: 62.19%, Loss: 1.2194
Epoch: 12, Batch: 700, Acc: 62.21%, Loss: 1.1254
Epoch: 12, Batch: 710, Acc: 62.26%, Loss: 1.1510
Epoch: 12, Batch: 720, Acc: 62.21%, Loss: 1.2283
Epoch: 12, Batch: 730, Acc: 62.23%, Loss: 1.1861
Epoch: 12, Batch: 740, Acc: 62.21%, Loss: 1.2307
Epoch: 12, Batch: 750, Acc: 62.21%, Loss: 1.1884
Epoch: 12, Batch: 760, Acc: 62.20%, Loss: 1.2074
Epoch: 12, Batch: 770, Acc: 62.17%, Loss: 1.2389
Epoch: 12, Batch: 780, Acc: 62.18%, Loss: 1.1840
Epoch: 12, Batch: 790, Acc: 62.17%, Loss: 1.2084
Epoch: 12, Batch: 800, Acc: 62.17%, Loss: 1.1564
Epoch: 12, Batch: 810, Acc: 62.20%, Loss: 1.1488
Epoch: 12, Batch: 820, Acc: 62.24%, Loss: 1.1704
Epoch: 12, Batch: 830, Acc: 62.21%, Loss: 1.2094
Epoch: 12, Batch: 840, Acc: 62.23%, Loss: 1.1926
Epoch: 12, Batch: 850, Acc: 62.21%, Loss: 1.2281
Epoch: 12, Batch: 860, Acc: 62.21%, Loss: 1.1543
Epoch: 12, Batch: 870, Acc: 62.19%, Loss: 1.2078
Epoch: 12, Batch: 880, Acc: 62.19%, Loss: 1.1970
Epoch: 12, Batch: 890, Acc: 62.22%, Loss: 1.1372
Epoch: 12, Batch: 900, Acc: 62.27%, Loss: 1.1170
Epoch: 12, Batch: 910, Acc: 62.29%, Loss: 1.1627
Epoch: 12, Batch: 920, Acc: 62.28%, Loss: 1.2080
Epoch: 12, Batch: 930, Acc: 62.23%, Loss: 1.2906
Accuracy on test set: 64.91%
Epoch: 13, Batch: 10, Acc: 62.34%, Loss: 1.1840
Epoch: 13, Batch: 20, Acc: 62.42%, Loss: 1.1524
Epoch: 13, Batch: 30, Acc: 63.18%, Loss: 1.1295
Epoch: 13, Batch: 40, Acc: 62.97%, Loss: 1.2173
Epoch: 13, Batch: 50, Acc: 63.91%, Loss: 1.1316
Epoch: 13, Batch: 60, Acc: 63.57%, Loss: 1.1669
Epoch: 13, Batch: 70, Acc: 63.30%, Loss: 1.2141
Epoch: 13, Batch: 80, Acc: 63.26%, Loss: 1.1647
Epoch: 13, Batch: 90, Acc: 63.33%, Loss: 1.1777
Epoch: 13, Batch: 100, Acc: 63.20%, Loss: 1.2450
Epoch: 13, Batch: 110, Acc: 63.22%, Loss: 1.1721
Epoch: 13, Batch: 120, Acc: 63.15%, Loss: 1.1701
Epoch: 13, Batch: 130, Acc: 63.20%, Loss: 1.1823
Epoch: 13, Batch: 140, Acc: 63.16%, Loss: 1.2045
Epoch: 13, Batch: 150, Acc: 63.09%, Loss: 1.2239
Epoch: 13, Batch: 160, Acc: 63.07%, Loss: 1.1951
Epoch: 13, Batch: 170, Acc: 63.21%, Loss: 1.1451
Epoch: 13, Batch: 180, Acc: 63.27%, Loss: 1.1830
Epoch: 13, Batch: 190, Acc: 63.17%, Loss: 1.2069
Epoch: 13, Batch: 200, Acc: 63.19%, Loss: 1.1731
Epoch: 13, Batch: 210, Acc: 62.92%, Loss: 1.2308
Epoch: 13, Batch: 220, Acc: 62.84%, Loss: 1.2057
Epoch: 13, Batch: 230, Acc: 62.75%, Loss: 1.2019
Epoch: 13, Batch: 240, Acc: 62.75%, Loss: 1.1804
Epoch: 13, Batch: 250, Acc: 62.84%, Loss: 1.1819
Epoch: 13, Batch: 260, Acc: 62.71%, Loss: 1.2025
Epoch: 13, Batch: 270, Acc: 62.81%, Loss: 1.1444
Epoch: 13, Batch: 280, Acc: 62.88%, Loss: 1.1608
Epoch: 13, Batch: 290, Acc: 62.87%, Loss: 1.1966
Epoch: 13, Batch: 300, Acc: 62.91%, Loss: 1.1705
Epoch: 13, Batch: 310, Acc: 62.85%, Loss: 1.2194
Epoch: 13, Batch: 320, Acc: 62.79%, Loss: 1.1681
Epoch: 13, Batch: 330, Acc: 62.77%, Loss: 1.1616
Epoch: 13, Batch: 340, Acc: 62.71%, Loss: 1.2121
Epoch: 13, Batch: 350, Acc: 62.66%, Loss: 1.2279
Epoch: 13, Batch: 360, Acc: 62.63%, Loss: 1.1912
Epoch: 13, Batch: 370, Acc: 62.60%, Loss: 1.2034
Epoch: 13, Batch: 380, Acc: 62.64%, Loss: 1.1901
Epoch: 13, Batch: 390, Acc: 62.72%, Loss: 1.1712
Epoch: 13, Batch: 400, Acc: 62.76%, Loss: 1.1768
Epoch: 13, Batch: 410, Acc: 62.70%, Loss: 1.2235
Epoch: 13, Batch: 420, Acc: 62.61%, Loss: 1.2283
Epoch: 13, Batch: 430, Acc: 62.67%, Loss: 1.1349
Epoch: 13, Batch: 440, Acc: 62.61%, Loss: 1.1856
Epoch: 13, Batch: 450, Acc: 62.63%, Loss: 1.1874
Epoch: 13, Batch: 460, Acc: 62.68%, Loss: 1.1536
Epoch: 13, Batch: 470, Acc: 62.58%, Loss: 1.2634
Epoch: 13, Batch: 480, Acc: 62.58%, Loss: 1.1987
Epoch: 13, Batch: 490, Acc: 62.58%, Loss: 1.2110
Epoch: 13, Batch: 500, Acc: 62.54%, Loss: 1.2404
Epoch: 13, Batch: 510, Acc: 62.52%, Loss: 1.2085
Epoch: 13, Batch: 520, Acc: 62.49%, Loss: 1.2541
Epoch: 13, Batch: 530, Acc: 62.48%, Loss: 1.2119
Epoch: 13, Batch: 540, Acc: 62.53%, Loss: 1.1254
Epoch: 13, Batch: 550, Acc: 62.48%, Loss: 1.2158
Epoch: 13, Batch: 560, Acc: 62.46%, Loss: 1.2337
Epoch: 13, Batch: 570, Acc: 62.48%, Loss: 1.1737
Epoch: 13, Batch: 580, Acc: 62.39%, Loss: 1.2771
Epoch: 13, Batch: 590, Acc: 62.44%, Loss: 1.1565
Epoch: 13, Batch: 600, Acc: 62.41%, Loss: 1.2123
Epoch: 13, Batch: 610, Acc: 62.40%, Loss: 1.1625
Epoch: 13, Batch: 620, Acc: 62.37%, Loss: 1.1696
Epoch: 13, Batch: 630, Acc: 62.37%, Loss: 1.1580
Epoch: 13, Batch: 640, Acc: 62.42%, Loss: 1.1839
Epoch: 13, Batch: 650, Acc: 62.43%, Loss: 1.1697
Epoch: 13, Batch: 660, Acc: 62.37%, Loss: 1.2051
Epoch: 13, Batch: 670, Acc: 62.39%, Loss: 1.1661
Epoch: 13, Batch: 680, Acc: 62.41%, Loss: 1.1532
Epoch: 13, Batch: 690, Acc: 62.43%, Loss: 1.2513
Epoch: 13, Batch: 700, Acc: 62.42%, Loss: 1.1867
Epoch: 13, Batch: 710, Acc: 62.41%, Loss: 1.2291
Epoch: 13, Batch: 720, Acc: 62.44%, Loss: 1.1472
Epoch: 13, Batch: 730, Acc: 62.47%, Loss: 1.1536
Epoch: 13, Batch: 740, Acc: 62.46%, Loss: 1.2065
Epoch: 13, Batch: 750, Acc: 62.47%, Loss: 1.1434
Epoch: 13, Batch: 760, Acc: 62.50%, Loss: 1.1151
Epoch: 13, Batch: 770, Acc: 62.50%, Loss: 1.2071
Epoch: 13, Batch: 780, Acc: 62.52%, Loss: 1.2311
Epoch: 13, Batch: 790, Acc: 62.52%, Loss: 1.1849
Epoch: 13, Batch: 800, Acc: 62.48%, Loss: 1.2735
Epoch: 13, Batch: 810, Acc: 62.48%, Loss: 1.2417
Epoch: 13, Batch: 820, Acc: 62.50%, Loss: 1.1132
Epoch: 13, Batch: 830, Acc: 62.49%, Loss: 1.1924
Epoch: 13, Batch: 840, Acc: 62.52%, Loss: 1.1573
Epoch: 13, Batch: 850, Acc: 62.53%, Loss: 1.1384
Epoch: 13, Batch: 860, Acc: 62.53%, Loss: 1.1691
Epoch: 13, Batch: 870, Acc: 62.51%, Loss: 1.2150
Epoch: 13, Batch: 880, Acc: 62.51%, Loss: 1.1545
Epoch: 13, Batch: 890, Acc: 62.52%, Loss: 1.1572
Epoch: 13, Batch: 900, Acc: 62.53%, Loss: 1.1450
Epoch: 13, Batch: 910, Acc: 62.54%, Loss: 1.1786
Epoch: 13, Batch: 920, Acc: 62.52%, Loss: 1.1951
Epoch: 13, Batch: 930, Acc: 62.52%, Loss: 1.1630
Accuracy on test set: 65.05%
Epoch: 14, Batch: 10, Acc: 60.62%, Loss: 1.2265
Epoch: 14, Batch: 20, Acc: 62.73%, Loss: 1.1825
Epoch: 14, Batch: 30, Acc: 63.44%, Loss: 1.1375
Epoch: 14, Batch: 40, Acc: 63.79%, Loss: 1.1505
Epoch: 14, Batch: 50, Acc: 63.34%, Loss: 1.1698
Epoch: 14, Batch: 60, Acc: 63.05%, Loss: 1.1757
Epoch: 14, Batch: 70, Acc: 62.59%, Loss: 1.2314
Epoch: 14, Batch: 80, Acc: 62.34%, Loss: 1.2397
Epoch: 14, Batch: 90, Acc: 62.00%, Loss: 1.3016
Epoch: 14, Batch: 100, Acc: 62.14%, Loss: 1.2176
Epoch: 14, Batch: 110, Acc: 62.29%, Loss: 1.1740
Epoch: 14, Batch: 120, Acc: 62.42%, Loss: 1.1794
Epoch: 14, Batch: 130, Acc: 62.38%, Loss: 1.2060
Epoch: 14, Batch: 140, Acc: 62.46%, Loss: 1.2148
Epoch: 14, Batch: 150, Acc: 62.45%, Loss: 1.1619
Epoch: 14, Batch: 160, Acc: 62.47%, Loss: 1.1875
Epoch: 14, Batch: 170, Acc: 62.49%, Loss: 1.1340
Epoch: 14, Batch: 180, Acc: 62.36%, Loss: 1.1808
Epoch: 14, Batch: 190, Acc: 62.43%, Loss: 1.1796
Epoch: 14, Batch: 200, Acc: 62.41%, Loss: 1.1793
Epoch: 14, Batch: 210, Acc: 62.67%, Loss: 1.0970
Epoch: 14, Batch: 220, Acc: 62.76%, Loss: 1.0982
Epoch: 14, Batch: 230, Acc: 62.74%, Loss: 1.1975
Epoch: 14, Batch: 240, Acc: 62.68%, Loss: 1.2289
Epoch: 14, Batch: 250, Acc: 62.76%, Loss: 1.1427
Epoch: 14, Batch: 260, Acc: 62.78%, Loss: 1.1705
Epoch: 14, Batch: 270, Acc: 62.88%, Loss: 1.1014
Epoch: 14, Batch: 280, Acc: 62.80%, Loss: 1.2130
Epoch: 14, Batch: 290, Acc: 62.81%, Loss: 1.1895
Epoch: 14, Batch: 300, Acc: 62.79%, Loss: 1.1886
Epoch: 14, Batch: 310, Acc: 62.85%, Loss: 1.2040
Epoch: 14, Batch: 320, Acc: 62.85%, Loss: 1.1456
Epoch: 14, Batch: 330, Acc: 62.75%, Loss: 1.2006
Epoch: 14, Batch: 340, Acc: 62.74%, Loss: 1.1634
Epoch: 14, Batch: 350, Acc: 62.76%, Loss: 1.1828
Epoch: 14, Batch: 360, Acc: 62.71%, Loss: 1.2040
Epoch: 14, Batch: 370, Acc: 62.72%, Loss: 1.1508
Epoch: 14, Batch: 380, Acc: 62.80%, Loss: 1.1277
Epoch: 14, Batch: 390, Acc: 62.83%, Loss: 1.1528
Epoch: 14, Batch: 400, Acc: 62.78%, Loss: 1.2112
Epoch: 14, Batch: 410, Acc: 62.80%, Loss: 1.1641
Epoch: 14, Batch: 420, Acc: 62.77%, Loss: 1.1835
Epoch: 14, Batch: 430, Acc: 62.78%, Loss: 1.1671
Epoch: 14, Batch: 440, Acc: 62.80%, Loss: 1.2098
Epoch: 14, Batch: 450, Acc: 62.83%, Loss: 1.1975
Epoch: 14, Batch: 460, Acc: 62.86%, Loss: 1.1501
Epoch: 14, Batch: 470, Acc: 62.78%, Loss: 1.2381
Epoch: 14, Batch: 480, Acc: 62.80%, Loss: 1.1559
Epoch: 14, Batch: 490, Acc: 62.85%, Loss: 1.0937
Epoch: 14, Batch: 500, Acc: 62.87%, Loss: 1.1826
Epoch: 14, Batch: 510, Acc: 62.87%, Loss: 1.1486
Epoch: 14, Batch: 520, Acc: 62.90%, Loss: 1.1485
Epoch: 14, Batch: 530, Acc: 62.90%, Loss: 1.2393
Epoch: 14, Batch: 540, Acc: 62.81%, Loss: 1.2878
Epoch: 14, Batch: 550, Acc: 62.85%, Loss: 1.1195
Epoch: 14, Batch: 560, Acc: 62.86%, Loss: 1.2250
Epoch: 14, Batch: 570, Acc: 62.83%, Loss: 1.2146
Epoch: 14, Batch: 580, Acc: 62.76%, Loss: 1.2408
Epoch: 14, Batch: 590, Acc: 62.77%, Loss: 1.1668
Epoch: 14, Batch: 600, Acc: 62.75%, Loss: 1.2261
Epoch: 14, Batch: 610, Acc: 62.78%, Loss: 1.1935
Epoch: 14, Batch: 620, Acc: 62.78%, Loss: 1.1130
Epoch: 14, Batch: 630, Acc: 62.79%, Loss: 1.1959
Epoch: 14, Batch: 640, Acc: 62.77%, Loss: 1.2153
Epoch: 14, Batch: 650, Acc: 62.74%, Loss: 1.2550
Epoch: 14, Batch: 660, Acc: 62.78%, Loss: 1.1250
Epoch: 14, Batch: 670, Acc: 62.75%, Loss: 1.2166
Epoch: 14, Batch: 680, Acc: 62.72%, Loss: 1.2471
Epoch: 14, Batch: 690, Acc: 62.74%, Loss: 1.1560
Epoch: 14, Batch: 700, Acc: 62.75%, Loss: 1.1749
Epoch: 14, Batch: 710, Acc: 62.74%, Loss: 1.2112
Epoch: 14, Batch: 720, Acc: 62.74%, Loss: 1.1330
Epoch: 14, Batch: 730, Acc: 62.74%, Loss: 1.1974
Epoch: 14, Batch: 740, Acc: 62.80%, Loss: 1.1095
Epoch: 14, Batch: 750, Acc: 62.79%, Loss: 1.1937
Epoch: 14, Batch: 760, Acc: 62.77%, Loss: 1.1418
Epoch: 14, Batch: 770, Acc: 62.74%, Loss: 1.2410
Epoch: 14, Batch: 780, Acc: 62.74%, Loss: 1.1582
Epoch: 14, Batch: 790, Acc: 62.76%, Loss: 1.1116
Epoch: 14, Batch: 800, Acc: 62.78%, Loss: 1.1248
Epoch: 14, Batch: 810, Acc: 62.82%, Loss: 1.0984
Epoch: 14, Batch: 820, Acc: 62.81%, Loss: 1.1577
Epoch: 14, Batch: 830, Acc: 62.78%, Loss: 1.1859
Epoch: 14, Batch: 840, Acc: 62.75%, Loss: 1.2242
Epoch: 14, Batch: 850, Acc: 62.72%, Loss: 1.1723
Epoch: 14, Batch: 860, Acc: 62.70%, Loss: 1.2201
Epoch: 14, Batch: 870, Acc: 62.71%, Loss: 1.2038
Epoch: 14, Batch: 880, Acc: 62.65%, Loss: 1.1788
Epoch: 14, Batch: 890, Acc: 62.67%, Loss: 1.1467
Epoch: 14, Batch: 900, Acc: 62.66%, Loss: 1.1801
Epoch: 14, Batch: 910, Acc: 62.67%, Loss: 1.1994
Epoch: 14, Batch: 920, Acc: 62.67%, Loss: 1.2053
Epoch: 14, Batch: 930, Acc: 62.69%, Loss: 1.1315
Accuracy on test set: 64.96%
Epoch: 15, Batch: 10, Acc: 64.22%, Loss: 1.1367
Epoch: 15, Batch: 20, Acc: 62.27%, Loss: 1.2563
Epoch: 15, Batch: 30, Acc: 62.03%, Loss: 1.1668
Epoch: 15, Batch: 40, Acc: 62.03%, Loss: 1.1709
Epoch: 15, Batch: 50, Acc: 62.16%, Loss: 1.1776
Epoch: 15, Batch: 60, Acc: 62.66%, Loss: 1.1592
Epoch: 15, Batch: 70, Acc: 62.90%, Loss: 1.1026
Epoch: 15, Batch: 80, Acc: 62.71%, Loss: 1.1959
Epoch: 15, Batch: 90, Acc: 62.55%, Loss: 1.1993
Epoch: 15, Batch: 100, Acc: 62.17%, Loss: 1.2314
Epoch: 15, Batch: 110, Acc: 62.24%, Loss: 1.1435
Epoch: 15, Batch: 120, Acc: 62.10%, Loss: 1.1486
Epoch: 15, Batch: 130, Acc: 62.40%, Loss: 1.1203
Epoch: 15, Batch: 140, Acc: 62.44%, Loss: 1.1584
Epoch: 15, Batch: 150, Acc: 62.39%, Loss: 1.2107
Epoch: 15, Batch: 160, Acc: 62.58%, Loss: 1.1648
Epoch: 15, Batch: 170, Acc: 62.44%, Loss: 1.1990
Epoch: 15, Batch: 180, Acc: 62.45%, Loss: 1.2150
Epoch: 15, Batch: 190, Acc: 62.46%, Loss: 1.1825
Epoch: 15, Batch: 200, Acc: 62.39%, Loss: 1.1740
Epoch: 15, Batch: 210, Acc: 62.56%, Loss: 1.1363
Epoch: 15, Batch: 220, Acc: 62.52%, Loss: 1.2020
Epoch: 15, Batch: 230, Acc: 62.47%, Loss: 1.2077
Epoch: 15, Batch: 240, Acc: 62.36%, Loss: 1.2244
Epoch: 15, Batch: 250, Acc: 62.29%, Loss: 1.1830
Epoch: 15, Batch: 260, Acc: 62.33%, Loss: 1.1403
Epoch: 15, Batch: 270, Acc: 62.38%, Loss: 1.1808
Epoch: 15, Batch: 280, Acc: 62.36%, Loss: 1.2349
Epoch: 15, Batch: 290, Acc: 62.38%, Loss: 1.1993
Epoch: 15, Batch: 300, Acc: 62.53%, Loss: 1.1601
Epoch: 15, Batch: 310, Acc: 62.58%, Loss: 1.1778
Epoch: 15, Batch: 320, Acc: 62.65%, Loss: 1.1150
Epoch: 15, Batch: 330, Acc: 62.72%, Loss: 1.1293
Epoch: 15, Batch: 340, Acc: 62.69%, Loss: 1.1715
Epoch: 15, Batch: 350, Acc: 62.68%, Loss: 1.2091
Epoch: 15, Batch: 360, Acc: 62.68%, Loss: 1.1797
Epoch: 15, Batch: 370, Acc: 62.69%, Loss: 1.1861
Epoch: 15, Batch: 380, Acc: 62.64%, Loss: 1.1773
Epoch: 15, Batch: 390, Acc: 62.62%, Loss: 1.1602
Epoch: 15, Batch: 400, Acc: 62.70%, Loss: 1.1617
Epoch: 15, Batch: 410, Acc: 62.74%, Loss: 1.0822
Epoch: 15, Batch: 420, Acc: 62.70%, Loss: 1.1682
Epoch: 15, Batch: 430, Acc: 62.74%, Loss: 1.1281
Epoch: 15, Batch: 440, Acc: 62.76%, Loss: 1.1451
Epoch: 15, Batch: 450, Acc: 62.77%, Loss: 1.1542
Epoch: 15, Batch: 460, Acc: 62.70%, Loss: 1.2817
Epoch: 15, Batch: 470, Acc: 62.74%, Loss: 1.2030
Epoch: 15, Batch: 480, Acc: 62.76%, Loss: 1.1257
Epoch: 15, Batch: 490, Acc: 62.73%, Loss: 1.2075
Epoch: 15, Batch: 500, Acc: 62.75%, Loss: 1.1000
Epoch: 15, Batch: 510, Acc: 62.77%, Loss: 1.1427
Epoch: 15, Batch: 520, Acc: 62.72%, Loss: 1.2404
Epoch: 15, Batch: 530, Acc: 62.75%, Loss: 1.1263
Epoch: 15, Batch: 540, Acc: 62.78%, Loss: 1.0976
Epoch: 15, Batch: 550, Acc: 62.72%, Loss: 1.1988
Epoch: 15, Batch: 560, Acc: 62.74%, Loss: 1.1558
Epoch: 15, Batch: 570, Acc: 62.73%, Loss: 1.1805
Epoch: 15, Batch: 580, Acc: 62.73%, Loss: 1.1392
Epoch: 15, Batch: 590, Acc: 62.70%, Loss: 1.1342
Epoch: 15, Batch: 600, Acc: 62.70%, Loss: 1.2530
Epoch: 15, Batch: 610, Acc: 62.70%, Loss: 1.1816
Epoch: 15, Batch: 620, Acc: 62.74%, Loss: 1.1839
Epoch: 15, Batch: 630, Acc: 62.73%, Loss: 1.1782
Epoch: 15, Batch: 640, Acc: 62.69%, Loss: 1.2448
Epoch: 15, Batch: 650, Acc: 62.67%, Loss: 1.1611
Epoch: 15, Batch: 660, Acc: 62.71%, Loss: 1.1271
Epoch: 15, Batch: 670, Acc: 62.71%, Loss: 1.1568
Epoch: 15, Batch: 680, Acc: 62.75%, Loss: 1.1613
Epoch: 15, Batch: 690, Acc: 62.76%, Loss: 1.1968
Epoch: 15, Batch: 700, Acc: 62.77%, Loss: 1.1436
Epoch: 15, Batch: 710, Acc: 62.82%, Loss: 1.1456
Epoch: 15, Batch: 720, Acc: 62.80%, Loss: 1.1983
Epoch: 15, Batch: 730, Acc: 62.89%, Loss: 1.0589
Epoch: 15, Batch: 740, Acc: 62.87%, Loss: 1.1899
Epoch: 15, Batch: 750, Acc: 62.89%, Loss: 1.1395
Epoch: 15, Batch: 760, Acc: 62.88%, Loss: 1.2372
Epoch: 15, Batch: 770, Acc: 62.88%, Loss: 1.1600
Epoch: 15, Batch: 780, Acc: 62.89%, Loss: 1.1136
Epoch: 15, Batch: 790, Acc: 62.86%, Loss: 1.2061
Epoch: 15, Batch: 800, Acc: 62.85%, Loss: 1.2122
Epoch: 15, Batch: 810, Acc: 62.84%, Loss: 1.1895
Epoch: 15, Batch: 820, Acc: 62.84%, Loss: 1.1266
Epoch: 15, Batch: 830, Acc: 62.82%, Loss: 1.1534
Epoch: 15, Batch: 840, Acc: 62.81%, Loss: 1.2401
Epoch: 15, Batch: 850, Acc: 62.76%, Loss: 1.2311
Epoch: 15, Batch: 860, Acc: 62.76%, Loss: 1.1558
Epoch: 15, Batch: 870, Acc: 62.72%, Loss: 1.2592
Epoch: 15, Batch: 880, Acc: 62.73%, Loss: 1.1590
Epoch: 15, Batch: 890, Acc: 62.71%, Loss: 1.1746
Epoch: 15, Batch: 900, Acc: 62.70%, Loss: 1.2203
Epoch: 15, Batch: 910, Acc: 62.70%, Loss: 1.1872
Epoch: 15, Batch: 920, Acc: 62.70%, Loss: 1.1696
Epoch: 15, Batch: 930, Acc: 62.76%, Loss: 1.0990
Accuracy on test set: 65.07%
Epoch: 16, Batch: 10, Acc: 64.69%, Loss: 1.1691
Epoch: 16, Batch: 20, Acc: 63.59%, Loss: 1.1480
Epoch: 16, Batch: 30, Acc: 64.06%, Loss: 1.1453
Epoch: 16, Batch: 40, Acc: 64.49%, Loss: 1.1144
Epoch: 16, Batch: 50, Acc: 63.72%, Loss: 1.1885
Epoch: 16, Batch: 60, Acc: 63.36%, Loss: 1.2097
Epoch: 16, Batch: 70, Acc: 63.44%, Loss: 1.1220
Epoch: 16, Batch: 80, Acc: 63.18%, Loss: 1.1777
Epoch: 16, Batch: 90, Acc: 63.51%, Loss: 1.0844
Epoch: 16, Batch: 100, Acc: 63.22%, Loss: 1.2343
Epoch: 16, Batch: 110, Acc: 63.49%, Loss: 1.1595
Epoch: 16, Batch: 120, Acc: 63.36%, Loss: 1.1746
Epoch: 16, Batch: 130, Acc: 63.17%, Loss: 1.2353
Epoch: 16, Batch: 140, Acc: 63.35%, Loss: 1.0926
Epoch: 16, Batch: 150, Acc: 63.15%, Loss: 1.2261
Epoch: 16, Batch: 160, Acc: 63.11%, Loss: 1.1698
Epoch: 16, Batch: 170, Acc: 63.03%, Loss: 1.2161
Epoch: 16, Batch: 180, Acc: 63.11%, Loss: 1.1907
Epoch: 16, Batch: 190, Acc: 62.89%, Loss: 1.2618
Epoch: 16, Batch: 200, Acc: 62.82%, Loss: 1.1704
Epoch: 16, Batch: 210, Acc: 62.78%, Loss: 1.1877
Epoch: 16, Batch: 220, Acc: 62.78%, Loss: 1.1123
Epoch: 16, Batch: 230, Acc: 62.70%, Loss: 1.2024
Epoch: 16, Batch: 240, Acc: 62.59%, Loss: 1.2281
Epoch: 16, Batch: 250, Acc: 62.62%, Loss: 1.1206
Epoch: 16, Batch: 260, Acc: 62.65%, Loss: 1.1971
Epoch: 16, Batch: 270, Acc: 62.66%, Loss: 1.1664
Epoch: 16, Batch: 280, Acc: 62.67%, Loss: 1.1703
Epoch: 16, Batch: 290, Acc: 62.74%, Loss: 1.1156
Epoch: 16, Batch: 300, Acc: 62.68%, Loss: 1.1543
Epoch: 16, Batch: 310, Acc: 62.65%, Loss: 1.2281
Epoch: 16, Batch: 320, Acc: 62.64%, Loss: 1.1839
Epoch: 16, Batch: 330, Acc: 62.60%, Loss: 1.1660
Epoch: 16, Batch: 340, Acc: 62.65%, Loss: 1.1711
Epoch: 16, Batch: 350, Acc: 62.65%, Loss: 1.1819
Epoch: 16, Batch: 360, Acc: 62.60%, Loss: 1.1865
Epoch: 16, Batch: 370, Acc: 62.66%, Loss: 1.1556
Epoch: 16, Batch: 380, Acc: 62.73%, Loss: 1.1560
Epoch: 16, Batch: 390, Acc: 62.82%, Loss: 1.0857
Epoch: 16, Batch: 400, Acc: 62.83%, Loss: 1.0923
Epoch: 16, Batch: 410, Acc: 62.89%, Loss: 1.1552
Epoch: 16, Batch: 420, Acc: 62.86%, Loss: 1.1855
Epoch: 16, Batch: 430, Acc: 62.85%, Loss: 1.1826
Epoch: 16, Batch: 440, Acc: 62.89%, Loss: 1.1522
Epoch: 16, Batch: 450, Acc: 62.86%, Loss: 1.1606
Epoch: 16, Batch: 460, Acc: 62.87%, Loss: 1.2008
Epoch: 16, Batch: 470, Acc: 62.89%, Loss: 1.2097
Epoch: 16, Batch: 480, Acc: 62.86%, Loss: 1.1690
Epoch: 16, Batch: 490, Acc: 62.81%, Loss: 1.1950
Epoch: 16, Batch: 500, Acc: 62.81%, Loss: 1.1309
Epoch: 16, Batch: 510, Acc: 62.85%, Loss: 1.1525
Epoch: 16, Batch: 520, Acc: 62.86%, Loss: 1.2097
Epoch: 16, Batch: 530, Acc: 62.86%, Loss: 1.1484
Epoch: 16, Batch: 540, Acc: 62.87%, Loss: 1.1428
Epoch: 16, Batch: 550, Acc: 62.87%, Loss: 1.1912
Epoch: 16, Batch: 560, Acc: 62.89%, Loss: 1.1837
Epoch: 16, Batch: 570, Acc: 62.88%, Loss: 1.2173
Epoch: 16, Batch: 580, Acc: 62.89%, Loss: 1.1779
Epoch: 16, Batch: 590, Acc: 62.90%, Loss: 1.1377
Epoch: 16, Batch: 600, Acc: 62.94%, Loss: 1.1105
Epoch: 16, Batch: 610, Acc: 62.93%, Loss: 1.1743
Epoch: 16, Batch: 620, Acc: 62.90%, Loss: 1.1897
Epoch: 16, Batch: 630, Acc: 62.85%, Loss: 1.1644
Epoch: 16, Batch: 640, Acc: 62.85%, Loss: 1.1774
Epoch: 16, Batch: 650, Acc: 62.84%, Loss: 1.2269
Epoch: 16, Batch: 660, Acc: 62.88%, Loss: 1.1665
Epoch: 16, Batch: 670, Acc: 62.88%, Loss: 1.1469
Epoch: 16, Batch: 680, Acc: 62.91%, Loss: 1.0690
Epoch: 16, Batch: 690, Acc: 62.96%, Loss: 1.0990
Epoch: 16, Batch: 700, Acc: 62.96%, Loss: 1.1641
Epoch: 16, Batch: 710, Acc: 63.00%, Loss: 1.1501
Epoch: 16, Batch: 720, Acc: 62.94%, Loss: 1.2280
Epoch: 16, Batch: 730, Acc: 62.95%, Loss: 1.1718
Epoch: 16, Batch: 740, Acc: 62.96%, Loss: 1.1779
Epoch: 16, Batch: 750, Acc: 62.98%, Loss: 1.1250
Epoch: 16, Batch: 760, Acc: 62.98%, Loss: 1.1440
Epoch: 16, Batch: 770, Acc: 62.94%, Loss: 1.1851
Epoch: 16, Batch: 780, Acc: 62.95%, Loss: 1.1908
Epoch: 16, Batch: 790, Acc: 62.96%, Loss: 1.1316
Epoch: 16, Batch: 800, Acc: 63.00%, Loss: 1.1070
Epoch: 16, Batch: 810, Acc: 62.97%, Loss: 1.1806
Epoch: 16, Batch: 820, Acc: 62.94%, Loss: 1.2207
Epoch: 16, Batch: 830, Acc: 62.90%, Loss: 1.2262
Epoch: 16, Batch: 840, Acc: 62.91%, Loss: 1.1377
Epoch: 16, Batch: 850, Acc: 62.87%, Loss: 1.1600
Epoch: 16, Batch: 860, Acc: 62.87%, Loss: 1.1708
Epoch: 16, Batch: 870, Acc: 62.89%, Loss: 1.1667
Epoch: 16, Batch: 880, Acc: 62.92%, Loss: 1.1311
Epoch: 16, Batch: 890, Acc: 62.92%, Loss: 1.1147
Epoch: 16, Batch: 900, Acc: 62.91%, Loss: 1.1694
Epoch: 16, Batch: 910, Acc: 62.92%, Loss: 1.1160
Epoch: 16, Batch: 920, Acc: 62.92%, Loss: 1.1719
Epoch: 16, Batch: 930, Acc: 62.90%, Loss: 1.2319
Accuracy on test set: 65.67%
Epoch: 17, Batch: 10, Acc: 64.38%, Loss: 1.1124
Epoch: 17, Batch: 20, Acc: 62.42%, Loss: 1.1993
Epoch: 17, Batch: 30, Acc: 62.55%, Loss: 1.1780
Epoch: 17, Batch: 40, Acc: 61.99%, Loss: 1.2274
Epoch: 17, Batch: 50, Acc: 62.59%, Loss: 1.1190
Epoch: 17, Batch: 60, Acc: 62.55%, Loss: 1.1402
Epoch: 17, Batch: 70, Acc: 62.54%, Loss: 1.1307
Epoch: 17, Batch: 80, Acc: 62.66%, Loss: 1.1575
Epoch: 17, Batch: 90, Acc: 62.50%, Loss: 1.2055
Epoch: 17, Batch: 100, Acc: 62.39%, Loss: 1.1420
Epoch: 17, Batch: 110, Acc: 62.59%, Loss: 1.1567
Epoch: 17, Batch: 120, Acc: 62.37%, Loss: 1.2199
Epoch: 17, Batch: 130, Acc: 62.49%, Loss: 1.2065
Epoch: 17, Batch: 140, Acc: 62.59%, Loss: 1.1207
Epoch: 17, Batch: 150, Acc: 62.76%, Loss: 1.0819
Epoch: 17, Batch: 160, Acc: 62.87%, Loss: 1.1432
Epoch: 17, Batch: 170, Acc: 62.93%, Loss: 1.1182
Epoch: 17, Batch: 180, Acc: 62.86%, Loss: 1.1677
Epoch: 17, Batch: 190, Acc: 62.85%, Loss: 1.1840
Epoch: 17, Batch: 200, Acc: 62.95%, Loss: 1.1565
Epoch: 17, Batch: 210, Acc: 62.98%, Loss: 1.1448
Epoch: 17, Batch: 220, Acc: 62.94%, Loss: 1.1530
Epoch: 17, Batch: 230, Acc: 62.83%, Loss: 1.1504
Epoch: 17, Batch: 240, Acc: 62.95%, Loss: 1.1342
Epoch: 17, Batch: 250, Acc: 62.91%, Loss: 1.1956
Epoch: 17, Batch: 260, Acc: 62.87%, Loss: 1.2468
Epoch: 17, Batch: 270, Acc: 62.85%, Loss: 1.1792
Epoch: 17, Batch: 280, Acc: 62.89%, Loss: 1.1120
Epoch: 17, Batch: 290, Acc: 62.94%, Loss: 1.1518
Epoch: 17, Batch: 300, Acc: 62.92%, Loss: 1.1863
Epoch: 17, Batch: 310, Acc: 62.91%, Loss: 1.1897
Epoch: 17, Batch: 320, Acc: 62.91%, Loss: 1.2157
Epoch: 17, Batch: 330, Acc: 62.93%, Loss: 1.1488
Epoch: 17, Batch: 340, Acc: 62.96%, Loss: 1.1778
Epoch: 17, Batch: 350, Acc: 62.88%, Loss: 1.2080
Epoch: 17, Batch: 360, Acc: 62.91%, Loss: 1.1127
Epoch: 17, Batch: 370, Acc: 62.95%, Loss: 1.1463
Epoch: 17, Batch: 380, Acc: 62.94%, Loss: 1.1865
Epoch: 17, Batch: 390, Acc: 62.98%, Loss: 1.0777
Epoch: 17, Batch: 400, Acc: 62.99%, Loss: 1.1779
Epoch: 17, Batch: 410, Acc: 62.96%, Loss: 1.1894
Epoch: 17, Batch: 420, Acc: 62.97%, Loss: 1.1219
Epoch: 17, Batch: 430, Acc: 63.01%, Loss: 1.1263
Epoch: 17, Batch: 440, Acc: 62.98%, Loss: 1.1672
Epoch: 17, Batch: 450, Acc: 62.99%, Loss: 1.1629
Epoch: 17, Batch: 460, Acc: 62.97%, Loss: 1.1882
Epoch: 17, Batch: 470, Acc: 62.93%, Loss: 1.1654
Epoch: 17, Batch: 480, Acc: 62.90%, Loss: 1.1898
Epoch: 17, Batch: 490, Acc: 62.89%, Loss: 1.1985
Epoch: 17, Batch: 500, Acc: 62.90%, Loss: 1.2073
Epoch: 17, Batch: 510, Acc: 62.89%, Loss: 1.1791
Epoch: 17, Batch: 520, Acc: 62.92%, Loss: 1.1488
Epoch: 17, Batch: 530, Acc: 62.90%, Loss: 1.2026
Epoch: 17, Batch: 540, Acc: 62.88%, Loss: 1.1963
Epoch: 17, Batch: 550, Acc: 62.89%, Loss: 1.1086
Epoch: 17, Batch: 560, Acc: 62.88%, Loss: 1.1587
Epoch: 17, Batch: 570, Acc: 62.89%, Loss: 1.2235
Epoch: 17, Batch: 580, Acc: 62.93%, Loss: 1.0817
Epoch: 17, Batch: 590, Acc: 62.93%, Loss: 1.1540
Epoch: 17, Batch: 600, Acc: 62.88%, Loss: 1.2611
Epoch: 17, Batch: 610, Acc: 62.86%, Loss: 1.1942
Epoch: 17, Batch: 620, Acc: 62.85%, Loss: 1.1415
Epoch: 17, Batch: 630, Acc: 62.86%, Loss: 1.1598
Epoch: 17, Batch: 640, Acc: 62.86%, Loss: 1.1614
Epoch: 17, Batch: 650, Acc: 62.80%, Loss: 1.1951
Epoch: 17, Batch: 660, Acc: 62.83%, Loss: 1.1510
Epoch: 17, Batch: 670, Acc: 62.81%, Loss: 1.1807
Epoch: 17, Batch: 680, Acc: 62.82%, Loss: 1.1646
Epoch: 17, Batch: 690, Acc: 62.88%, Loss: 1.0823
Epoch: 17, Batch: 700, Acc: 62.89%, Loss: 1.1498
Epoch: 17, Batch: 710, Acc: 62.88%, Loss: 1.1709
Epoch: 17, Batch: 720, Acc: 62.88%, Loss: 1.1594
Epoch: 17, Batch: 730, Acc: 62.91%, Loss: 1.1300
Epoch: 17, Batch: 740, Acc: 62.89%, Loss: 1.1984
Epoch: 17, Batch: 750, Acc: 62.92%, Loss: 1.1042
Epoch: 17, Batch: 760, Acc: 62.89%, Loss: 1.2285
Epoch: 17, Batch: 770, Acc: 62.92%, Loss: 1.0993
Epoch: 17, Batch: 780, Acc: 62.95%, Loss: 1.1308
Epoch: 17, Batch: 790, Acc: 62.95%, Loss: 1.1911
Epoch: 17, Batch: 800, Acc: 62.96%, Loss: 1.1735
Epoch: 17, Batch: 810, Acc: 62.98%, Loss: 1.1197
Epoch: 17, Batch: 820, Acc: 63.00%, Loss: 1.1622
Epoch: 17, Batch: 830, Acc: 63.02%, Loss: 1.1145
Epoch: 17, Batch: 840, Acc: 63.01%, Loss: 1.2416
Epoch: 17, Batch: 850, Acc: 63.02%, Loss: 1.1829
Epoch: 17, Batch: 860, Acc: 63.02%, Loss: 1.1507
Epoch: 17, Batch: 870, Acc: 62.98%, Loss: 1.2015
Epoch: 17, Batch: 880, Acc: 62.99%, Loss: 1.2293
Epoch: 17, Batch: 890, Acc: 62.97%, Loss: 1.1793
Epoch: 17, Batch: 900, Acc: 62.95%, Loss: 1.1616
Epoch: 17, Batch: 910, Acc: 63.00%, Loss: 1.1255
Epoch: 17, Batch: 920, Acc: 63.05%, Loss: 1.0807
Epoch: 17, Batch: 930, Acc: 63.06%, Loss: 1.1141
Accuracy on test set: 65.60%
Epoch: 18, Batch: 10, Acc: 63.75%, Loss: 1.1447
Epoch: 18, Batch: 20, Acc: 63.75%, Loss: 1.1109
Epoch: 18, Batch: 30, Acc: 64.32%, Loss: 1.1412
Epoch: 18, Batch: 40, Acc: 64.10%, Loss: 1.1572
Epoch: 18, Batch: 50, Acc: 64.59%, Loss: 1.1359
Epoch: 18, Batch: 60, Acc: 63.96%, Loss: 1.2031
Epoch: 18, Batch: 70, Acc: 63.66%, Loss: 1.1801
Epoch: 18, Batch: 80, Acc: 63.77%, Loss: 1.1571
Epoch: 18, Batch: 90, Acc: 63.84%, Loss: 1.0947
Epoch: 18, Batch: 100, Acc: 63.81%, Loss: 1.1600
Epoch: 18, Batch: 110, Acc: 64.02%, Loss: 1.0772
Epoch: 18, Batch: 120, Acc: 63.88%, Loss: 1.2231
Epoch: 18, Batch: 130, Acc: 63.85%, Loss: 1.1523
Epoch: 18, Batch: 140, Acc: 63.77%, Loss: 1.1704
Epoch: 18, Batch: 150, Acc: 63.77%, Loss: 1.1386
Epoch: 18, Batch: 160, Acc: 63.84%, Loss: 1.1384
Epoch: 18, Batch: 170, Acc: 63.72%, Loss: 1.1343
Epoch: 18, Batch: 180, Acc: 63.90%, Loss: 1.0670
Epoch: 18, Batch: 190, Acc: 63.62%, Loss: 1.1946
Epoch: 18, Batch: 200, Acc: 63.66%, Loss: 1.1952
Epoch: 18, Batch: 210, Acc: 63.63%, Loss: 1.2072
Epoch: 18, Batch: 220, Acc: 63.52%, Loss: 1.2215
Epoch: 18, Batch: 230, Acc: 63.44%, Loss: 1.2143
Epoch: 18, Batch: 240, Acc: 63.40%, Loss: 1.1761
Epoch: 18, Batch: 250, Acc: 63.35%, Loss: 1.1649
Epoch: 18, Batch: 260, Acc: 63.34%, Loss: 1.1169
Epoch: 18, Batch: 270, Acc: 63.34%, Loss: 1.1708
Epoch: 18, Batch: 280, Acc: 63.35%, Loss: 1.1367
Epoch: 18, Batch: 290, Acc: 63.18%, Loss: 1.2175
Epoch: 18, Batch: 300, Acc: 63.17%, Loss: 1.1653
Epoch: 18, Batch: 310, Acc: 63.22%, Loss: 1.1201
Epoch: 18, Batch: 320, Acc: 63.26%, Loss: 1.1118
Epoch: 18, Batch: 330, Acc: 63.26%, Loss: 1.1075
Epoch: 18, Batch: 340, Acc: 63.24%, Loss: 1.1713
Epoch: 18, Batch: 350, Acc: 63.26%, Loss: 1.1665
Epoch: 18, Batch: 360, Acc: 63.29%, Loss: 1.1834
Epoch: 18, Batch: 370, Acc: 63.30%, Loss: 1.1600
Epoch: 18, Batch: 380, Acc: 63.27%, Loss: 1.1747
Epoch: 18, Batch: 390, Acc: 63.21%, Loss: 1.1907
Epoch: 18, Batch: 400, Acc: 63.20%, Loss: 1.2171
Epoch: 18, Batch: 410, Acc: 63.22%, Loss: 1.1336
Epoch: 18, Batch: 420, Acc: 63.17%, Loss: 1.2028
Epoch: 18, Batch: 430, Acc: 63.23%, Loss: 1.1049
Epoch: 18, Batch: 440, Acc: 63.24%, Loss: 1.1531
Epoch: 18, Batch: 450, Acc: 63.18%, Loss: 1.2622
Epoch: 18, Batch: 460, Acc: 63.17%, Loss: 1.2009
Epoch: 18, Batch: 470, Acc: 63.13%, Loss: 1.1650
Epoch: 18, Batch: 480, Acc: 63.20%, Loss: 1.1514
Epoch: 18, Batch: 490, Acc: 63.14%, Loss: 1.2219
Epoch: 18, Batch: 500, Acc: 63.14%, Loss: 1.1328
Epoch: 18, Batch: 510, Acc: 63.15%, Loss: 1.1346
Epoch: 18, Batch: 520, Acc: 63.17%, Loss: 1.0842
Epoch: 18, Batch: 530, Acc: 63.16%, Loss: 1.1364
Epoch: 18, Batch: 540, Acc: 63.17%, Loss: 1.1802
Epoch: 18, Batch: 550, Acc: 63.20%, Loss: 1.0981
Epoch: 18, Batch: 560, Acc: 63.13%, Loss: 1.1938
Epoch: 18, Batch: 570, Acc: 63.19%, Loss: 1.0821
Epoch: 18, Batch: 580, Acc: 63.20%, Loss: 1.1629
Epoch: 18, Batch: 590, Acc: 63.14%, Loss: 1.2323
Epoch: 18, Batch: 600, Acc: 63.16%, Loss: 1.1426
Epoch: 18, Batch: 610, Acc: 63.18%, Loss: 1.1292
Epoch: 18, Batch: 620, Acc: 63.27%, Loss: 1.0615
Epoch: 18, Batch: 630, Acc: 63.33%, Loss: 1.1252
Epoch: 18, Batch: 640, Acc: 63.33%, Loss: 1.2006
Epoch: 18, Batch: 650, Acc: 63.29%, Loss: 1.1950
Epoch: 18, Batch: 660, Acc: 63.26%, Loss: 1.2343
Epoch: 18, Batch: 670, Acc: 63.30%, Loss: 1.0932
Epoch: 18, Batch: 680, Acc: 63.28%, Loss: 1.2002
Epoch: 18, Batch: 690, Acc: 63.24%, Loss: 1.2131
Epoch: 18, Batch: 700, Acc: 63.23%, Loss: 1.1388
Epoch: 18, Batch: 710, Acc: 63.22%, Loss: 1.1807
Epoch: 18, Batch: 720, Acc: 63.24%, Loss: 1.1370
Epoch: 18, Batch: 730, Acc: 63.20%, Loss: 1.1781
Epoch: 18, Batch: 740, Acc: 63.19%, Loss: 1.1940
Epoch: 18, Batch: 750, Acc: 63.20%, Loss: 1.1693
Epoch: 18, Batch: 760, Acc: 63.16%, Loss: 1.1966
Epoch: 18, Batch: 770, Acc: 63.18%, Loss: 1.1603
Epoch: 18, Batch: 780, Acc: 63.20%, Loss: 1.1175
Epoch: 18, Batch: 790, Acc: 63.17%, Loss: 1.1728
Epoch: 18, Batch: 800, Acc: 63.16%, Loss: 1.1769
Epoch: 18, Batch: 810, Acc: 63.13%, Loss: 1.1946
Epoch: 18, Batch: 820, Acc: 63.16%, Loss: 1.1499
Epoch: 18, Batch: 830, Acc: 63.19%, Loss: 1.0931
Epoch: 18, Batch: 840, Acc: 63.19%, Loss: 1.1426
Epoch: 18, Batch: 850, Acc: 63.22%, Loss: 1.1322
Epoch: 18, Batch: 860, Acc: 63.27%, Loss: 1.1167
Epoch: 18, Batch: 870, Acc: 63.24%, Loss: 1.1996
Epoch: 18, Batch: 880, Acc: 63.22%, Loss: 1.1600
Epoch: 18, Batch: 890, Acc: 63.25%, Loss: 1.1195
Epoch: 18, Batch: 900, Acc: 63.23%, Loss: 1.1425
Epoch: 18, Batch: 910, Acc: 63.24%, Loss: 1.1792
Epoch: 18, Batch: 920, Acc: 63.27%, Loss: 1.1368
Epoch: 18, Batch: 930, Acc: 63.25%, Loss: 1.1782
Accuracy on test set: 65.86%
Epoch: 19, Batch: 10, Acc: 61.56%, Loss: 1.2000
Epoch: 19, Batch: 20, Acc: 63.98%, Loss: 1.0967
Epoch: 19, Batch: 30, Acc: 64.53%, Loss: 1.1429
Epoch: 19, Batch: 40, Acc: 64.92%, Loss: 1.1090
Epoch: 19, Batch: 50, Acc: 64.50%, Loss: 1.1459
Epoch: 19, Batch: 60, Acc: 64.38%, Loss: 1.1587
Epoch: 19, Batch: 70, Acc: 64.02%, Loss: 1.1772
Epoch: 19, Batch: 80, Acc: 63.83%, Loss: 1.1913
Epoch: 19, Batch: 90, Acc: 64.03%, Loss: 1.1384
Epoch: 19, Batch: 100, Acc: 63.86%, Loss: 1.1442
Epoch: 19, Batch: 110, Acc: 63.91%, Loss: 1.1831
Epoch: 19, Batch: 120, Acc: 63.91%, Loss: 1.1270
Epoch: 19, Batch: 130, Acc: 63.88%, Loss: 1.0808
Epoch: 19, Batch: 140, Acc: 64.15%, Loss: 1.0462
Epoch: 19, Batch: 150, Acc: 64.07%, Loss: 1.1602
Epoch: 19, Batch: 160, Acc: 63.93%, Loss: 1.1810
Epoch: 19, Batch: 170, Acc: 63.88%, Loss: 1.2145
Epoch: 19, Batch: 180, Acc: 63.88%, Loss: 1.1504
Epoch: 19, Batch: 190, Acc: 63.80%, Loss: 1.2155
Epoch: 19, Batch: 200, Acc: 63.93%, Loss: 1.0573
Epoch: 19, Batch: 210, Acc: 64.05%, Loss: 1.1667
Epoch: 19, Batch: 220, Acc: 64.08%, Loss: 1.1478
Epoch: 19, Batch: 230, Acc: 63.91%, Loss: 1.2146
Epoch: 19, Batch: 240, Acc: 63.91%, Loss: 1.1745
Epoch: 19, Batch: 250, Acc: 63.93%, Loss: 1.1283
Epoch: 19, Batch: 260, Acc: 63.77%, Loss: 1.1928
Epoch: 19, Batch: 270, Acc: 63.81%, Loss: 1.0967
Epoch: 19, Batch: 280, Acc: 63.73%, Loss: 1.1491
Epoch: 19, Batch: 290, Acc: 63.73%, Loss: 1.2043
Epoch: 19, Batch: 300, Acc: 63.71%, Loss: 1.1790
Epoch: 19, Batch: 310, Acc: 63.72%, Loss: 1.0893
Epoch: 19, Batch: 320, Acc: 63.75%, Loss: 1.0973
Epoch: 19, Batch: 330, Acc: 63.75%, Loss: 1.1386
Epoch: 19, Batch: 340, Acc: 63.72%, Loss: 1.1279
Epoch: 19, Batch: 350, Acc: 63.73%, Loss: 1.1228
Epoch: 19, Batch: 360, Acc: 63.67%, Loss: 1.1414
Epoch: 19, Batch: 370, Acc: 63.64%, Loss: 1.2094
Epoch: 19, Batch: 380, Acc: 63.65%, Loss: 1.1242
Epoch: 19, Batch: 390, Acc: 63.67%, Loss: 1.1581
Epoch: 19, Batch: 400, Acc: 63.71%, Loss: 1.1209
Epoch: 19, Batch: 410, Acc: 63.70%, Loss: 1.1477
Epoch: 19, Batch: 420, Acc: 63.68%, Loss: 1.1600
Epoch: 19, Batch: 430, Acc: 63.66%, Loss: 1.1153
Epoch: 19, Batch: 440, Acc: 63.65%, Loss: 1.1476
Epoch: 19, Batch: 450, Acc: 63.60%, Loss: 1.1688
Epoch: 19, Batch: 460, Acc: 63.63%, Loss: 1.1500
Epoch: 19, Batch: 470, Acc: 63.71%, Loss: 1.1255
Epoch: 19, Batch: 480, Acc: 63.70%, Loss: 1.1166
Epoch: 19, Batch: 490, Acc: 63.70%, Loss: 1.1666
Epoch: 19, Batch: 500, Acc: 63.70%, Loss: 1.1402
Epoch: 19, Batch: 510, Acc: 63.67%, Loss: 1.1593
Epoch: 19, Batch: 520, Acc: 63.59%, Loss: 1.1669
Epoch: 19, Batch: 530, Acc: 63.59%, Loss: 1.1676
Epoch: 19, Batch: 540, Acc: 63.56%, Loss: 1.1897
Epoch: 19, Batch: 550, Acc: 63.59%, Loss: 1.1047
Epoch: 19, Batch: 560, Acc: 63.59%, Loss: 1.1437
Epoch: 19, Batch: 570, Acc: 63.62%, Loss: 1.1388
Epoch: 19, Batch: 580, Acc: 63.57%, Loss: 1.2369
Epoch: 19, Batch: 590, Acc: 63.61%, Loss: 1.1177
Epoch: 19, Batch: 600, Acc: 63.62%, Loss: 1.1531
Epoch: 19, Batch: 610, Acc: 63.62%, Loss: 1.1704
Epoch: 19, Batch: 620, Acc: 63.62%, Loss: 1.1239
Epoch: 19, Batch: 630, Acc: 63.62%, Loss: 1.2143
Epoch: 19, Batch: 640, Acc: 63.60%, Loss: 1.1671
Epoch: 19, Batch: 650, Acc: 63.56%, Loss: 1.2175
Epoch: 19, Batch: 660, Acc: 63.57%, Loss: 1.1390
Epoch: 19, Batch: 670, Acc: 63.56%, Loss: 1.1910
Epoch: 19, Batch: 680, Acc: 63.54%, Loss: 1.1889
Epoch: 19, Batch: 690, Acc: 63.52%, Loss: 1.1995
Epoch: 19, Batch: 700, Acc: 63.54%, Loss: 1.1023
Epoch: 19, Batch: 710, Acc: 63.49%, Loss: 1.2372
Epoch: 19, Batch: 720, Acc: 63.49%, Loss: 1.1904
Epoch: 19, Batch: 730, Acc: 63.51%, Loss: 1.0859
Epoch: 19, Batch: 740, Acc: 63.49%, Loss: 1.1325
Epoch: 19, Batch: 750, Acc: 63.51%, Loss: 1.1359
Epoch: 19, Batch: 760, Acc: 63.49%, Loss: 1.1642
Epoch: 19, Batch: 770, Acc: 63.51%, Loss: 1.1509
Epoch: 19, Batch: 780, Acc: 63.50%, Loss: 1.1713
Epoch: 19, Batch: 790, Acc: 63.48%, Loss: 1.1888
Epoch: 19, Batch: 800, Acc: 63.44%, Loss: 1.2238
Epoch: 19, Batch: 810, Acc: 63.46%, Loss: 1.1859
Epoch: 19, Batch: 820, Acc: 63.46%, Loss: 1.0926
Epoch: 19, Batch: 830, Acc: 63.41%, Loss: 1.2115
Epoch: 19, Batch: 840, Acc: 63.38%, Loss: 1.2414
Epoch: 19, Batch: 850, Acc: 63.37%, Loss: 1.1786
Epoch: 19, Batch: 860, Acc: 63.36%, Loss: 1.1669
Epoch: 19, Batch: 870, Acc: 63.35%, Loss: 1.1865
Epoch: 19, Batch: 880, Acc: 63.33%, Loss: 1.1449
Epoch: 19, Batch: 890, Acc: 63.32%, Loss: 1.1901
Epoch: 19, Batch: 900, Acc: 63.33%, Loss: 1.1734
Epoch: 19, Batch: 910, Acc: 63.34%, Loss: 1.1043
Epoch: 19, Batch: 920, Acc: 63.34%, Loss: 1.0973
Epoch: 19, Batch: 930, Acc: 63.36%, Loss: 1.1576
Accuracy on test set: 65.64%
Epoch: 20, Batch: 10, Acc: 65.16%, Loss: 1.1529
Epoch: 20, Batch: 20, Acc: 64.69%, Loss: 1.1821
Epoch: 20, Batch: 30, Acc: 65.16%, Loss: 1.1109
Epoch: 20, Batch: 40, Acc: 64.84%, Loss: 1.1390
Epoch: 20, Batch: 50, Acc: 64.22%, Loss: 1.2010
Epoch: 20, Batch: 60, Acc: 63.75%, Loss: 1.1746
Epoch: 20, Batch: 70, Acc: 63.33%, Loss: 1.1964
Epoch: 20, Batch: 80, Acc: 63.03%, Loss: 1.2915
Epoch: 20, Batch: 90, Acc: 63.12%, Loss: 1.1282
Epoch: 20, Batch: 100, Acc: 63.03%, Loss: 1.1608
Epoch: 20, Batch: 110, Acc: 63.10%, Loss: 1.1914
Epoch: 20, Batch: 120, Acc: 63.12%, Loss: 1.1683
Epoch: 20, Batch: 130, Acc: 62.98%, Loss: 1.1949
Epoch: 20, Batch: 140, Acc: 63.38%, Loss: 1.0417
Epoch: 20, Batch: 150, Acc: 62.99%, Loss: 1.2905
Epoch: 20, Batch: 160, Acc: 63.06%, Loss: 1.1305
Epoch: 20, Batch: 170, Acc: 62.91%, Loss: 1.1907
Epoch: 20, Batch: 180, Acc: 63.01%, Loss: 1.1129
Epoch: 20, Batch: 190, Acc: 63.08%, Loss: 1.0968
Epoch: 20, Batch: 200, Acc: 62.95%, Loss: 1.2146
Epoch: 20, Batch: 210, Acc: 62.90%, Loss: 1.2035
Epoch: 20, Batch: 220, Acc: 62.91%, Loss: 1.1298
Epoch: 20, Batch: 230, Acc: 62.87%, Loss: 1.1779
Epoch: 20, Batch: 240, Acc: 62.82%, Loss: 1.1436
Epoch: 20, Batch: 250, Acc: 62.90%, Loss: 1.1656
Epoch: 20, Batch: 260, Acc: 62.88%, Loss: 1.2205
Epoch: 20, Batch: 270, Acc: 62.97%, Loss: 1.0851
Epoch: 20, Batch: 280, Acc: 62.88%, Loss: 1.2004
Epoch: 20, Batch: 290, Acc: 62.96%, Loss: 1.1367
Epoch: 20, Batch: 300, Acc: 63.08%, Loss: 1.0777
Epoch: 20, Batch: 310, Acc: 63.00%, Loss: 1.1882
Epoch: 20, Batch: 320, Acc: 62.92%, Loss: 1.1537
Epoch: 20, Batch: 330, Acc: 62.93%, Loss: 1.1654
Epoch: 20, Batch: 340, Acc: 62.95%, Loss: 1.1653
Epoch: 20, Batch: 350, Acc: 62.89%, Loss: 1.1557
Epoch: 20, Batch: 360, Acc: 62.93%, Loss: 1.1229
Epoch: 20, Batch: 370, Acc: 62.95%, Loss: 1.1090
Epoch: 20, Batch: 380, Acc: 62.90%, Loss: 1.2277
Epoch: 20, Batch: 390, Acc: 62.92%, Loss: 1.1004
Epoch: 20, Batch: 400, Acc: 62.96%, Loss: 1.1727
Epoch: 20, Batch: 410, Acc: 62.92%, Loss: 1.2387
Epoch: 20, Batch: 420, Acc: 62.94%, Loss: 1.1114
Epoch: 20, Batch: 430, Acc: 62.98%, Loss: 1.1080
Epoch: 20, Batch: 440, Acc: 62.96%, Loss: 1.1723
Epoch: 20, Batch: 450, Acc: 62.99%, Loss: 1.1028
Epoch: 20, Batch: 460, Acc: 62.99%, Loss: 1.1152
Epoch: 20, Batch: 470, Acc: 63.00%, Loss: 1.1585
Epoch: 20, Batch: 480, Acc: 63.05%, Loss: 1.1763
Epoch: 20, Batch: 490, Acc: 63.07%, Loss: 1.1284
Epoch: 20, Batch: 500, Acc: 63.09%, Loss: 1.1675
Epoch: 20, Batch: 510, Acc: 63.12%, Loss: 1.1353
Epoch: 20, Batch: 520, Acc: 63.08%, Loss: 1.1988
Epoch: 20, Batch: 530, Acc: 63.05%, Loss: 1.2017
Epoch: 20, Batch: 540, Acc: 63.06%, Loss: 1.1126
Epoch: 20, Batch: 550, Acc: 63.05%, Loss: 1.1777
Epoch: 20, Batch: 560, Acc: 63.02%, Loss: 1.1349
Epoch: 20, Batch: 570, Acc: 63.00%, Loss: 1.1511
Epoch: 20, Batch: 580, Acc: 63.00%, Loss: 1.1628
Epoch: 20, Batch: 590, Acc: 63.02%, Loss: 1.1466
Epoch: 20, Batch: 600, Acc: 63.02%, Loss: 1.1486
Epoch: 20, Batch: 610, Acc: 63.07%, Loss: 1.1442
Epoch: 20, Batch: 620, Acc: 63.05%, Loss: 1.1451
Epoch: 20, Batch: 630, Acc: 63.05%, Loss: 1.1711
Epoch: 20, Batch: 640, Acc: 63.12%, Loss: 1.0783
Epoch: 20, Batch: 650, Acc: 63.13%, Loss: 1.1404
Epoch: 20, Batch: 660, Acc: 63.13%, Loss: 1.1867
Epoch: 20, Batch: 670, Acc: 63.17%, Loss: 1.0799
Epoch: 20, Batch: 680, Acc: 63.21%, Loss: 1.1517
Epoch: 20, Batch: 690, Acc: 63.23%, Loss: 1.1374
Epoch: 20, Batch: 700, Acc: 63.23%, Loss: 1.1364
Epoch: 20, Batch: 710, Acc: 63.21%, Loss: 1.1776
Epoch: 20, Batch: 720, Acc: 63.22%, Loss: 1.1441
Epoch: 20, Batch: 730, Acc: 63.23%, Loss: 1.1564
Epoch: 20, Batch: 740, Acc: 63.23%, Loss: 1.1559
Epoch: 20, Batch: 750, Acc: 63.23%, Loss: 1.2330
Epoch: 20, Batch: 760, Acc: 63.23%, Loss: 1.1473
Epoch: 20, Batch: 770, Acc: 63.26%, Loss: 1.1925
Epoch: 20, Batch: 780, Acc: 63.27%, Loss: 1.1293
Epoch: 20, Batch: 790, Acc: 63.30%, Loss: 1.1134
Epoch: 20, Batch: 800, Acc: 63.31%, Loss: 1.1201
Epoch: 20, Batch: 810, Acc: 63.34%, Loss: 1.0857
Epoch: 20, Batch: 820, Acc: 63.33%, Loss: 1.1248
Epoch: 20, Batch: 830, Acc: 63.35%, Loss: 1.1524
Epoch: 20, Batch: 840, Acc: 63.37%, Loss: 1.0720
Epoch: 20, Batch: 850, Acc: 63.40%, Loss: 1.1111
Epoch: 20, Batch: 860, Acc: 63.38%, Loss: 1.1819
Epoch: 20, Batch: 870, Acc: 63.34%, Loss: 1.2140
Epoch: 20, Batch: 880, Acc: 63.34%, Loss: 1.1832
Epoch: 20, Batch: 890, Acc: 63.34%, Loss: 1.1329
Epoch: 20, Batch: 900, Acc: 63.33%, Loss: 1.1631
Epoch: 20, Batch: 910, Acc: 63.34%, Loss: 1.1170
Epoch: 20, Batch: 920, Acc: 63.35%, Loss: 1.1178
Epoch: 20, Batch: 930, Acc: 63.39%, Loss: 1.0832
Accuracy on test set: 65.74%
Epoch: 21, Batch: 10, Acc: 61.41%, Loss: 1.1621
Epoch: 21, Batch: 20, Acc: 62.58%, Loss: 1.1113
Epoch: 21, Batch: 30, Acc: 63.33%, Loss: 1.1234
Epoch: 21, Batch: 40, Acc: 63.09%, Loss: 1.1716
Epoch: 21, Batch: 50, Acc: 62.88%, Loss: 1.1967
Epoch: 21, Batch: 60, Acc: 63.07%, Loss: 1.1238
Epoch: 21, Batch: 70, Acc: 62.97%, Loss: 1.2326
Epoch: 21, Batch: 80, Acc: 62.83%, Loss: 1.1714
Epoch: 21, Batch: 90, Acc: 62.60%, Loss: 1.1611
Epoch: 21, Batch: 100, Acc: 62.75%, Loss: 1.1636
Epoch: 21, Batch: 110, Acc: 62.77%, Loss: 1.1885
Epoch: 21, Batch: 120, Acc: 62.99%, Loss: 1.1165
Epoch: 21, Batch: 130, Acc: 63.22%, Loss: 1.1678
Epoch: 21, Batch: 140, Acc: 63.07%, Loss: 1.1958
Epoch: 21, Batch: 150, Acc: 63.05%, Loss: 1.0978
Epoch: 21, Batch: 160, Acc: 63.13%, Loss: 1.1229
Epoch: 21, Batch: 170, Acc: 63.25%, Loss: 1.1458
Epoch: 21, Batch: 180, Acc: 63.16%, Loss: 1.1829
Epoch: 21, Batch: 190, Acc: 63.26%, Loss: 1.1117
Epoch: 21, Batch: 200, Acc: 63.24%, Loss: 1.1373
Epoch: 21, Batch: 210, Acc: 63.22%, Loss: 1.1736
Epoch: 21, Batch: 220, Acc: 63.14%, Loss: 1.1908
Epoch: 21, Batch: 230, Acc: 63.15%, Loss: 1.1307
Epoch: 21, Batch: 240, Acc: 63.22%, Loss: 1.1272
Epoch: 21, Batch: 250, Acc: 63.33%, Loss: 1.0879
Epoch: 21, Batch: 260, Acc: 63.35%, Loss: 1.1588
Epoch: 21, Batch: 270, Acc: 63.37%, Loss: 1.1910
Epoch: 21, Batch: 280, Acc: 63.46%, Loss: 1.1080
Epoch: 21, Batch: 290, Acc: 63.53%, Loss: 1.1017
Epoch: 21, Batch: 300, Acc: 63.54%, Loss: 1.1551
Epoch: 21, Batch: 310, Acc: 63.54%, Loss: 1.1366
Epoch: 21, Batch: 320, Acc: 63.42%, Loss: 1.1925
Epoch: 21, Batch: 330, Acc: 63.39%, Loss: 1.1719
Epoch: 21, Batch: 340, Acc: 63.46%, Loss: 1.1267
Epoch: 21, Batch: 350, Acc: 63.58%, Loss: 1.1008
Epoch: 21, Batch: 360, Acc: 63.56%, Loss: 1.1020
Epoch: 21, Batch: 370, Acc: 63.49%, Loss: 1.1768
Epoch: 21, Batch: 380, Acc: 63.45%, Loss: 1.1834
Epoch: 21, Batch: 390, Acc: 63.34%, Loss: 1.1873
Epoch: 21, Batch: 400, Acc: 63.29%, Loss: 1.2283
Epoch: 21, Batch: 410, Acc: 63.21%, Loss: 1.2049
Epoch: 21, Batch: 420, Acc: 63.22%, Loss: 1.1882
Epoch: 21, Batch: 430, Acc: 63.25%, Loss: 1.1101
Epoch: 21, Batch: 440, Acc: 63.26%, Loss: 1.1763
Epoch: 21, Batch: 450, Acc: 63.34%, Loss: 1.1113
Epoch: 21, Batch: 460, Acc: 63.31%, Loss: 1.1803
Epoch: 21, Batch: 470, Acc: 63.33%, Loss: 1.1056
Epoch: 21, Batch: 480, Acc: 63.33%, Loss: 1.1080
Epoch: 21, Batch: 490, Acc: 63.35%, Loss: 1.1405
Epoch: 21, Batch: 500, Acc: 63.36%, Loss: 1.1598
Epoch: 21, Batch: 510, Acc: 63.36%, Loss: 1.2081
Epoch: 21, Batch: 520, Acc: 63.39%, Loss: 1.0995
Epoch: 21, Batch: 530, Acc: 63.37%, Loss: 1.1964
Epoch: 21, Batch: 540, Acc: 63.39%, Loss: 1.1716
Epoch: 21, Batch: 550, Acc: 63.39%, Loss: 1.1483
Epoch: 21, Batch: 560, Acc: 63.41%, Loss: 1.1398
Epoch: 21, Batch: 570, Acc: 63.38%, Loss: 1.1561
Epoch: 21, Batch: 580, Acc: 63.36%, Loss: 1.1647
Epoch: 21, Batch: 590, Acc: 63.43%, Loss: 1.1089
Epoch: 21, Batch: 600, Acc: 63.45%, Loss: 1.1580
Epoch: 21, Batch: 610, Acc: 63.47%, Loss: 1.0986
Epoch: 21, Batch: 620, Acc: 63.48%, Loss: 1.0933
Epoch: 21, Batch: 630, Acc: 63.45%, Loss: 1.1674
Epoch: 21, Batch: 640, Acc: 63.42%, Loss: 1.1543
Epoch: 21, Batch: 650, Acc: 63.42%, Loss: 1.1172
Epoch: 21, Batch: 660, Acc: 63.46%, Loss: 1.1062
Epoch: 21, Batch: 670, Acc: 63.47%, Loss: 1.1456
Epoch: 21, Batch: 680, Acc: 63.43%, Loss: 1.2399
Epoch: 21, Batch: 690, Acc: 63.43%, Loss: 1.1307
Epoch: 21, Batch: 700, Acc: 63.49%, Loss: 1.0602
Epoch: 21, Batch: 710, Acc: 63.50%, Loss: 1.2177
Epoch: 21, Batch: 720, Acc: 63.52%, Loss: 1.1663
Epoch: 21, Batch: 730, Acc: 63.58%, Loss: 1.0650
Epoch: 21, Batch: 740, Acc: 63.56%, Loss: 1.1683
Epoch: 21, Batch: 750, Acc: 63.53%, Loss: 1.1418
Epoch: 21, Batch: 760, Acc: 63.52%, Loss: 1.1614
Epoch: 21, Batch: 770, Acc: 63.54%, Loss: 1.1287
Epoch: 21, Batch: 780, Acc: 63.53%, Loss: 1.1716
Epoch: 21, Batch: 790, Acc: 63.50%, Loss: 1.1965
Epoch: 21, Batch: 800, Acc: 63.50%, Loss: 1.1570
Epoch: 21, Batch: 810, Acc: 63.48%, Loss: 1.1192
Epoch: 21, Batch: 820, Acc: 63.48%, Loss: 1.0952
Epoch: 21, Batch: 830, Acc: 63.44%, Loss: 1.2349
Epoch: 21, Batch: 840, Acc: 63.47%, Loss: 1.1216
Epoch: 21, Batch: 850, Acc: 63.48%, Loss: 1.1328
Epoch: 21, Batch: 860, Acc: 63.48%, Loss: 1.1134
Epoch: 21, Batch: 870, Acc: 63.52%, Loss: 1.0792
Epoch: 21, Batch: 880, Acc: 63.52%, Loss: 1.1530
Epoch: 21, Batch: 890, Acc: 63.55%, Loss: 1.1303
Epoch: 21, Batch: 900, Acc: 63.50%, Loss: 1.2209
Epoch: 21, Batch: 910, Acc: 63.52%, Loss: 1.1071
Epoch: 21, Batch: 920, Acc: 63.49%, Loss: 1.1746
Epoch: 21, Batch: 930, Acc: 63.47%, Loss: 1.1810
Accuracy on test set: 66.05%
Epoch: 22, Batch: 10, Acc: 61.41%, Loss: 1.1964
Epoch: 22, Batch: 20, Acc: 62.58%, Loss: 1.2032
Epoch: 22, Batch: 30, Acc: 62.60%, Loss: 1.1588
Epoch: 22, Batch: 40, Acc: 62.89%, Loss: 1.1403
Epoch: 22, Batch: 50, Acc: 63.75%, Loss: 1.0849
Epoch: 22, Batch: 60, Acc: 63.85%, Loss: 1.0786
Epoch: 22, Batch: 70, Acc: 63.86%, Loss: 1.1328
Epoch: 22, Batch: 80, Acc: 63.57%, Loss: 1.2789
Epoch: 22, Batch: 90, Acc: 63.37%, Loss: 1.1618
Epoch: 22, Batch: 100, Acc: 63.11%, Loss: 1.1532
Epoch: 22, Batch: 110, Acc: 62.88%, Loss: 1.1952
Epoch: 22, Batch: 120, Acc: 62.83%, Loss: 1.1588
Epoch: 22, Batch: 130, Acc: 62.88%, Loss: 1.1451
Epoch: 22, Batch: 140, Acc: 62.82%, Loss: 1.1412
Epoch: 22, Batch: 150, Acc: 62.84%, Loss: 1.1117
Epoch: 22, Batch: 160, Acc: 62.96%, Loss: 1.1145
Epoch: 22, Batch: 170, Acc: 63.01%, Loss: 1.1445
Epoch: 22, Batch: 180, Acc: 63.06%, Loss: 1.2274
Epoch: 22, Batch: 190, Acc: 63.16%, Loss: 1.1435
Epoch: 22, Batch: 200, Acc: 63.09%, Loss: 1.1167
Epoch: 22, Batch: 210, Acc: 63.24%, Loss: 1.0685
Epoch: 22, Batch: 220, Acc: 63.18%, Loss: 1.1749
Epoch: 22, Batch: 230, Acc: 63.32%, Loss: 1.0612
Epoch: 22, Batch: 240, Acc: 63.47%, Loss: 1.1270
Epoch: 22, Batch: 250, Acc: 63.44%, Loss: 1.2006
Epoch: 22, Batch: 260, Acc: 63.39%, Loss: 1.1086
Epoch: 22, Batch: 270, Acc: 63.35%, Loss: 1.2239
Epoch: 22, Batch: 280, Acc: 63.45%, Loss: 1.0451
Epoch: 22, Batch: 290, Acc: 63.49%, Loss: 1.1144
Epoch: 22, Batch: 300, Acc: 63.49%, Loss: 1.0844
Epoch: 22, Batch: 310, Acc: 63.52%, Loss: 1.0878
Epoch: 22, Batch: 320, Acc: 63.54%, Loss: 1.1366
Epoch: 22, Batch: 330, Acc: 63.55%, Loss: 1.1350
Epoch: 22, Batch: 340, Acc: 63.49%, Loss: 1.2150
Epoch: 22, Batch: 350, Acc: 63.49%, Loss: 1.1391
Epoch: 22, Batch: 360, Acc: 63.56%, Loss: 1.1508
Epoch: 22, Batch: 370, Acc: 63.58%, Loss: 1.1130
Epoch: 22, Batch: 380, Acc: 63.54%, Loss: 1.1682
Epoch: 22, Batch: 390, Acc: 63.51%, Loss: 1.1659
Epoch: 22, Batch: 400, Acc: 63.52%, Loss: 1.1528
Epoch: 22, Batch: 410, Acc: 63.52%, Loss: 1.2011
Epoch: 22, Batch: 420, Acc: 63.60%, Loss: 1.1417
Epoch: 22, Batch: 430, Acc: 63.66%, Loss: 1.1433
Epoch: 22, Batch: 440, Acc: 63.66%, Loss: 1.1180
Epoch: 22, Batch: 450, Acc: 63.59%, Loss: 1.1818
Epoch: 22, Batch: 460, Acc: 63.55%, Loss: 1.1510
Epoch: 22, Batch: 470, Acc: 63.54%, Loss: 1.1947
Epoch: 22, Batch: 480, Acc: 63.56%, Loss: 1.1715
Epoch: 22, Batch: 490, Acc: 63.57%, Loss: 1.1254
Epoch: 22, Batch: 500, Acc: 63.61%, Loss: 1.1126
Epoch: 22, Batch: 510, Acc: 63.59%, Loss: 1.1786
Epoch: 22, Batch: 520, Acc: 63.63%, Loss: 1.1261
Epoch: 22, Batch: 530, Acc: 63.66%, Loss: 1.1511
Epoch: 22, Batch: 540, Acc: 63.62%, Loss: 1.1961
Epoch: 22, Batch: 550, Acc: 63.62%, Loss: 1.1026
Epoch: 22, Batch: 560, Acc: 63.60%, Loss: 1.2101
Epoch: 22, Batch: 570, Acc: 63.59%, Loss: 1.1190
Epoch: 22, Batch: 580, Acc: 63.61%, Loss: 1.0988
Epoch: 22, Batch: 590, Acc: 63.66%, Loss: 1.1253
Epoch: 22, Batch: 600, Acc: 63.68%, Loss: 1.1200
Epoch: 22, Batch: 610, Acc: 63.63%, Loss: 1.2335
Epoch: 22, Batch: 620, Acc: 63.65%, Loss: 1.1270
Epoch: 22, Batch: 630, Acc: 63.64%, Loss: 1.1667
Epoch: 22, Batch: 640, Acc: 63.70%, Loss: 1.0506
Epoch: 22, Batch: 650, Acc: 63.72%, Loss: 1.1138
Epoch: 22, Batch: 660, Acc: 63.64%, Loss: 1.2724
Epoch: 22, Batch: 670, Acc: 63.64%, Loss: 1.1565
Epoch: 22, Batch: 680, Acc: 63.55%, Loss: 1.2490
Epoch: 22, Batch: 690, Acc: 63.56%, Loss: 1.1223
Epoch: 22, Batch: 700, Acc: 63.54%, Loss: 1.1726
Epoch: 22, Batch: 710, Acc: 63.51%, Loss: 1.1849
Epoch: 22, Batch: 720, Acc: 63.51%, Loss: 1.1860
Epoch: 22, Batch: 730, Acc: 63.48%, Loss: 1.2020
Epoch: 22, Batch: 740, Acc: 63.47%, Loss: 1.1211
Epoch: 22, Batch: 750, Acc: 63.48%, Loss: 1.1465
Epoch: 22, Batch: 760, Acc: 63.49%, Loss: 1.0976
Epoch: 22, Batch: 770, Acc: 63.50%, Loss: 1.1441
Epoch: 22, Batch: 780, Acc: 63.53%, Loss: 1.1605
Epoch: 22, Batch: 790, Acc: 63.52%, Loss: 1.1422
Epoch: 22, Batch: 800, Acc: 63.54%, Loss: 1.1348
Epoch: 22, Batch: 810, Acc: 63.53%, Loss: 1.1962
Epoch: 22, Batch: 820, Acc: 63.55%, Loss: 1.1030
Epoch: 22, Batch: 830, Acc: 63.57%, Loss: 1.1294
Epoch: 22, Batch: 840, Acc: 63.56%, Loss: 1.1369
Epoch: 22, Batch: 850, Acc: 63.60%, Loss: 1.0961
Epoch: 22, Batch: 860, Acc: 63.58%, Loss: 1.1441
Epoch: 22, Batch: 870, Acc: 63.56%, Loss: 1.1489
Epoch: 22, Batch: 880, Acc: 63.56%, Loss: 1.0890
Epoch: 22, Batch: 890, Acc: 63.57%, Loss: 1.1466
Epoch: 22, Batch: 900, Acc: 63.54%, Loss: 1.1884
Epoch: 22, Batch: 910, Acc: 63.52%, Loss: 1.1429
Epoch: 22, Batch: 920, Acc: 63.52%, Loss: 1.1352
Epoch: 22, Batch: 930, Acc: 63.52%, Loss: 1.1600
Accuracy on test set: 65.94%
Epoch: 23, Batch: 10, Acc: 63.28%, Loss: 1.1614
Epoch: 23, Batch: 20, Acc: 63.59%, Loss: 1.1991
Epoch: 23, Batch: 30, Acc: 63.49%, Loss: 1.1597
Epoch: 23, Batch: 40, Acc: 63.87%, Loss: 1.1820
Epoch: 23, Batch: 50, Acc: 64.41%, Loss: 1.1296
Epoch: 23, Batch: 60, Acc: 64.19%, Loss: 1.1453
Epoch: 23, Batch: 70, Acc: 64.06%, Loss: 1.1783
Epoch: 23, Batch: 80, Acc: 64.32%, Loss: 1.1096
Epoch: 23, Batch: 90, Acc: 63.96%, Loss: 1.1816
Epoch: 23, Batch: 100, Acc: 63.75%, Loss: 1.1753
Epoch: 23, Batch: 110, Acc: 63.61%, Loss: 1.1648
Epoch: 23, Batch: 120, Acc: 63.80%, Loss: 1.1195
Epoch: 23, Batch: 130, Acc: 63.80%, Loss: 1.1721
Epoch: 23, Batch: 140, Acc: 63.79%, Loss: 1.1343
Epoch: 23, Batch: 150, Acc: 63.74%, Loss: 1.1563
Epoch: 23, Batch: 160, Acc: 63.62%, Loss: 1.1852
Epoch: 23, Batch: 170, Acc: 63.69%, Loss: 1.0757
Epoch: 23, Batch: 180, Acc: 63.85%, Loss: 1.0901
Epoch: 23, Batch: 190, Acc: 63.82%, Loss: 1.1360
Epoch: 23, Batch: 200, Acc: 63.81%, Loss: 1.1359
Epoch: 23, Batch: 210, Acc: 63.81%, Loss: 1.0712
Epoch: 23, Batch: 220, Acc: 63.79%, Loss: 1.1776
Epoch: 23, Batch: 230, Acc: 63.87%, Loss: 1.0848
Epoch: 23, Batch: 240, Acc: 63.68%, Loss: 1.2803
Epoch: 23, Batch: 250, Acc: 63.66%, Loss: 1.2065
Epoch: 23, Batch: 260, Acc: 63.55%, Loss: 1.1558
Epoch: 23, Batch: 270, Acc: 63.62%, Loss: 1.0460
Epoch: 23, Batch: 280, Acc: 63.59%, Loss: 1.1665
Epoch: 23, Batch: 290, Acc: 63.64%, Loss: 1.1082
Epoch: 23, Batch: 300, Acc: 63.65%, Loss: 1.1295
Epoch: 23, Batch: 310, Acc: 63.52%, Loss: 1.2405
Epoch: 23, Batch: 320, Acc: 63.59%, Loss: 1.0762
Epoch: 23, Batch: 330, Acc: 63.57%, Loss: 1.1662
Epoch: 23, Batch: 340, Acc: 63.47%, Loss: 1.1780
Epoch: 23, Batch: 350, Acc: 63.41%, Loss: 1.1925
Epoch: 23, Batch: 360, Acc: 63.36%, Loss: 1.1838
Epoch: 23, Batch: 370, Acc: 63.25%, Loss: 1.1675
Epoch: 23, Batch: 380, Acc: 63.28%, Loss: 1.1754
Epoch: 23, Batch: 390, Acc: 63.26%, Loss: 1.1509
Epoch: 23, Batch: 400, Acc: 63.27%, Loss: 1.1432
Epoch: 23, Batch: 410, Acc: 63.29%, Loss: 1.1148
Epoch: 23, Batch: 420, Acc: 63.32%, Loss: 1.1322
Epoch: 23, Batch: 430, Acc: 63.33%, Loss: 1.1823
Epoch: 23, Batch: 440, Acc: 63.26%, Loss: 1.2137
Epoch: 23, Batch: 450, Acc: 63.27%, Loss: 1.1536
Epoch: 23, Batch: 460, Acc: 63.31%, Loss: 1.1121
Epoch: 23, Batch: 470, Acc: 63.30%, Loss: 1.1506
Epoch: 23, Batch: 480, Acc: 63.26%, Loss: 1.2065
Epoch: 23, Batch: 490, Acc: 63.25%, Loss: 1.1559
Epoch: 23, Batch: 500, Acc: 63.22%, Loss: 1.1241
Epoch: 23, Batch: 510, Acc: 63.20%, Loss: 1.1611
Epoch: 23, Batch: 520, Acc: 63.18%, Loss: 1.1284
Epoch: 23, Batch: 530, Acc: 63.16%, Loss: 1.1599
Epoch: 23, Batch: 540, Acc: 63.20%, Loss: 1.1264
Epoch: 23, Batch: 550, Acc: 63.17%, Loss: 1.1290
Epoch: 23, Batch: 560, Acc: 63.20%, Loss: 1.0776
Epoch: 23, Batch: 570, Acc: 63.22%, Loss: 1.1233
Epoch: 23, Batch: 580, Acc: 63.25%, Loss: 1.1263
Epoch: 23, Batch: 590, Acc: 63.22%, Loss: 1.1615
Epoch: 23, Batch: 600, Acc: 63.28%, Loss: 1.1016
Epoch: 23, Batch: 610, Acc: 63.35%, Loss: 1.0681
Epoch: 23, Batch: 620, Acc: 63.33%, Loss: 1.2133
Epoch: 23, Batch: 630, Acc: 63.35%, Loss: 1.1155
Epoch: 23, Batch: 640, Acc: 63.40%, Loss: 1.1152
Epoch: 23, Batch: 650, Acc: 63.40%, Loss: 1.1474
Epoch: 23, Batch: 660, Acc: 63.38%, Loss: 1.1971
Epoch: 23, Batch: 670, Acc: 63.38%, Loss: 1.1722
Epoch: 23, Batch: 680, Acc: 63.38%, Loss: 1.1339
Epoch: 23, Batch: 690, Acc: 63.40%, Loss: 1.1289
Epoch: 23, Batch: 700, Acc: 63.38%, Loss: 1.1694
Epoch: 23, Batch: 710, Acc: 63.36%, Loss: 1.1346
Epoch: 23, Batch: 720, Acc: 63.36%, Loss: 1.1597
Epoch: 23, Batch: 730, Acc: 63.37%, Loss: 1.1573
Epoch: 23, Batch: 740, Acc: 63.38%, Loss: 1.1149
Epoch: 23, Batch: 750, Acc: 63.40%, Loss: 1.1177
Epoch: 23, Batch: 760, Acc: 63.36%, Loss: 1.1459
Epoch: 23, Batch: 770, Acc: 63.35%, Loss: 1.1495
Epoch: 23, Batch: 780, Acc: 63.40%, Loss: 1.0433
Epoch: 23, Batch: 790, Acc: 63.40%, Loss: 1.1235
Epoch: 23, Batch: 800, Acc: 63.38%, Loss: 1.1970
Epoch: 23, Batch: 810, Acc: 63.36%, Loss: 1.2088
Epoch: 23, Batch: 820, Acc: 63.34%, Loss: 1.1408
Epoch: 23, Batch: 830, Acc: 63.37%, Loss: 1.1257
Epoch: 23, Batch: 840, Acc: 63.37%, Loss: 1.2160
Epoch: 23, Batch: 850, Acc: 63.37%, Loss: 1.1681
Epoch: 23, Batch: 860, Acc: 63.42%, Loss: 1.0861
Epoch: 23, Batch: 870, Acc: 63.42%, Loss: 1.0823
Epoch: 23, Batch: 880, Acc: 63.44%, Loss: 1.0938
Epoch: 23, Batch: 890, Acc: 63.44%, Loss: 1.1889
Epoch: 23, Batch: 900, Acc: 63.46%, Loss: 1.0968
Epoch: 23, Batch: 910, Acc: 63.48%, Loss: 1.0846
Epoch: 23, Batch: 920, Acc: 63.48%, Loss: 1.1453
Epoch: 23, Batch: 930, Acc: 63.48%, Loss: 1.1803
Accuracy on test set: 66.03%
Epoch: 24, Batch: 10, Acc: 62.97%, Loss: 1.1659
Epoch: 24, Batch: 20, Acc: 63.83%, Loss: 1.1320
Epoch: 24, Batch: 30, Acc: 63.65%, Loss: 1.1878
Epoch: 24, Batch: 40, Acc: 64.26%, Loss: 1.1369
Epoch: 24, Batch: 50, Acc: 63.62%, Loss: 1.1320
Epoch: 24, Batch: 60, Acc: 63.46%, Loss: 1.1583
Epoch: 24, Batch: 70, Acc: 63.24%, Loss: 1.1805
Epoch: 24, Batch: 80, Acc: 63.34%, Loss: 1.0990
Epoch: 24, Batch: 90, Acc: 63.07%, Loss: 1.1713
Epoch: 24, Batch: 100, Acc: 62.92%, Loss: 1.1905
Epoch: 24, Batch: 110, Acc: 63.20%, Loss: 1.1311
Epoch: 24, Batch: 120, Acc: 63.33%, Loss: 1.1293
Epoch: 24, Batch: 130, Acc: 63.27%, Loss: 1.1264
Epoch: 24, Batch: 140, Acc: 63.26%, Loss: 1.1515
Epoch: 24, Batch: 150, Acc: 63.23%, Loss: 1.2037
Epoch: 24, Batch: 160, Acc: 63.25%, Loss: 1.1526
Epoch: 24, Batch: 170, Acc: 63.13%, Loss: 1.1879
Epoch: 24, Batch: 180, Acc: 63.20%, Loss: 1.1149
Epoch: 24, Batch: 190, Acc: 63.15%, Loss: 1.1740
Epoch: 24, Batch: 200, Acc: 63.02%, Loss: 1.1995
Epoch: 24, Batch: 210, Acc: 62.98%, Loss: 1.0918
Epoch: 24, Batch: 220, Acc: 63.09%, Loss: 1.1272
Epoch: 24, Batch: 230, Acc: 63.18%, Loss: 1.1246
Epoch: 24, Batch: 240, Acc: 63.16%, Loss: 1.1936
Epoch: 24, Batch: 250, Acc: 63.14%, Loss: 1.1550
Epoch: 24, Batch: 260, Acc: 63.15%, Loss: 1.1400
Epoch: 24, Batch: 270, Acc: 63.09%, Loss: 1.1182
Epoch: 24, Batch: 280, Acc: 63.21%, Loss: 1.1495
Epoch: 24, Batch: 290, Acc: 63.29%, Loss: 1.1105
Epoch: 24, Batch: 300, Acc: 63.44%, Loss: 1.0366
Epoch: 24, Batch: 310, Acc: 63.46%, Loss: 1.1745
Epoch: 24, Batch: 320, Acc: 63.34%, Loss: 1.1621
Epoch: 24, Batch: 330, Acc: 63.36%, Loss: 1.1599
Epoch: 24, Batch: 340, Acc: 63.32%, Loss: 1.1300
Epoch: 24, Batch: 350, Acc: 63.38%, Loss: 1.1339
Epoch: 24, Batch: 360, Acc: 63.38%, Loss: 1.1866
Epoch: 24, Batch: 370, Acc: 63.35%, Loss: 1.1952
Epoch: 24, Batch: 380, Acc: 63.47%, Loss: 1.0390
Epoch: 24, Batch: 390, Acc: 63.41%, Loss: 1.1566
Epoch: 24, Batch: 400, Acc: 63.44%, Loss: 1.1181
Epoch: 24, Batch: 410, Acc: 63.44%, Loss: 1.1529
Epoch: 24, Batch: 420, Acc: 63.46%, Loss: 1.1453
Epoch: 24, Batch: 430, Acc: 63.44%, Loss: 1.1474
Epoch: 24, Batch: 440, Acc: 63.49%, Loss: 1.1056
Epoch: 24, Batch: 450, Acc: 63.44%, Loss: 1.1699
Epoch: 24, Batch: 460, Acc: 63.45%, Loss: 1.1353
Epoch: 24, Batch: 470, Acc: 63.37%, Loss: 1.2704
Epoch: 24, Batch: 480, Acc: 63.37%, Loss: 1.1958
Epoch: 24, Batch: 490, Acc: 63.41%, Loss: 1.1210
Epoch: 24, Batch: 500, Acc: 63.38%, Loss: 1.1722
Epoch: 24, Batch: 510, Acc: 63.39%, Loss: 1.2251
Epoch: 24, Batch: 520, Acc: 63.34%, Loss: 1.1105
Epoch: 24, Batch: 530, Acc: 63.35%, Loss: 1.1608
Epoch: 24, Batch: 540, Acc: 63.37%, Loss: 1.1790
Epoch: 24, Batch: 550, Acc: 63.30%, Loss: 1.2025
Epoch: 24, Batch: 560, Acc: 63.33%, Loss: 1.1440
Epoch: 24, Batch: 570, Acc: 63.35%, Loss: 1.1716
Epoch: 24, Batch: 580, Acc: 63.35%, Loss: 1.1319
Epoch: 24, Batch: 590, Acc: 63.39%, Loss: 1.0968
Epoch: 24, Batch: 600, Acc: 63.42%, Loss: 1.0875
Epoch: 24, Batch: 610, Acc: 63.46%, Loss: 1.1012
Epoch: 24, Batch: 620, Acc: 63.50%, Loss: 1.0973
Epoch: 24, Batch: 630, Acc: 63.52%, Loss: 1.2125
Epoch: 24, Batch: 640, Acc: 63.52%, Loss: 1.1710
Epoch: 24, Batch: 650, Acc: 63.51%, Loss: 1.1518
Epoch: 24, Batch: 660, Acc: 63.52%, Loss: 1.1365
Epoch: 24, Batch: 670, Acc: 63.59%, Loss: 1.0578
Epoch: 24, Batch: 680, Acc: 63.61%, Loss: 1.1213
Epoch: 24, Batch: 690, Acc: 63.63%, Loss: 1.1329
Epoch: 24, Batch: 700, Acc: 63.61%, Loss: 1.2075
Epoch: 24, Batch: 710, Acc: 63.65%, Loss: 1.1190
Epoch: 24, Batch: 720, Acc: 63.63%, Loss: 1.1360
Epoch: 24, Batch: 730, Acc: 63.66%, Loss: 1.0921
Epoch: 24, Batch: 740, Acc: 63.67%, Loss: 1.1015
Epoch: 24, Batch: 750, Acc: 63.66%, Loss: 1.1519
Epoch: 24, Batch: 760, Acc: 63.72%, Loss: 1.0338
Epoch: 24, Batch: 770, Acc: 63.69%, Loss: 1.1786
Epoch: 24, Batch: 780, Acc: 63.67%, Loss: 1.1472
Epoch: 24, Batch: 790, Acc: 63.65%, Loss: 1.1416
Epoch: 24, Batch: 800, Acc: 63.64%, Loss: 1.2205
Epoch: 24, Batch: 810, Acc: 63.64%, Loss: 1.0644
Epoch: 24, Batch: 820, Acc: 63.63%, Loss: 1.1502
Epoch: 24, Batch: 830, Acc: 63.59%, Loss: 1.1837
Epoch: 24, Batch: 840, Acc: 63.61%, Loss: 1.0818
Epoch: 24, Batch: 850, Acc: 63.64%, Loss: 1.1177
Epoch: 24, Batch: 860, Acc: 63.59%, Loss: 1.2155
Epoch: 24, Batch: 870, Acc: 63.60%, Loss: 1.1264
Epoch: 24, Batch: 880, Acc: 63.61%, Loss: 1.1193
Epoch: 24, Batch: 890, Acc: 63.58%, Loss: 1.1447
Epoch: 24, Batch: 900, Acc: 63.60%, Loss: 1.0868
Epoch: 24, Batch: 910, Acc: 63.58%, Loss: 1.1564
Epoch: 24, Batch: 920, Acc: 63.58%, Loss: 1.1170
Epoch: 24, Batch: 930, Acc: 63.58%, Loss: 1.1520
Accuracy on test set: 65.98%
Epoch: 25, Batch: 10, Acc: 62.97%, Loss: 1.1463
Epoch: 25, Batch: 20, Acc: 62.03%, Loss: 1.2222
Epoch: 25, Batch: 30, Acc: 62.60%, Loss: 1.1077
Epoch: 25, Batch: 40, Acc: 62.93%, Loss: 1.1397
Epoch: 25, Batch: 50, Acc: 62.28%, Loss: 1.2166
Epoch: 25, Batch: 60, Acc: 62.47%, Loss: 1.1641
Epoch: 25, Batch: 70, Acc: 62.41%, Loss: 1.1912
Epoch: 25, Batch: 80, Acc: 62.64%, Loss: 1.1415
Epoch: 25, Batch: 90, Acc: 63.09%, Loss: 1.0958
Epoch: 25, Batch: 100, Acc: 62.84%, Loss: 1.1534
Epoch: 25, Batch: 110, Acc: 63.04%, Loss: 1.1321
Epoch: 25, Batch: 120, Acc: 62.94%, Loss: 1.1724
Epoch: 25, Batch: 130, Acc: 63.05%, Loss: 1.1634
Epoch: 25, Batch: 140, Acc: 63.15%, Loss: 1.1541
Epoch: 25, Batch: 150, Acc: 63.09%, Loss: 1.1702
Epoch: 25, Batch: 160, Acc: 62.88%, Loss: 1.2064
Epoch: 25, Batch: 170, Acc: 62.79%, Loss: 1.1715
Epoch: 25, Batch: 180, Acc: 62.84%, Loss: 1.1244
Epoch: 25, Batch: 190, Acc: 62.90%, Loss: 1.1759
Epoch: 25, Batch: 200, Acc: 63.03%, Loss: 1.1494
Epoch: 25, Batch: 210, Acc: 63.02%, Loss: 1.1184
Epoch: 25, Batch: 220, Acc: 63.30%, Loss: 1.0324
Epoch: 25, Batch: 230, Acc: 63.25%, Loss: 1.1582
Epoch: 25, Batch: 240, Acc: 63.22%, Loss: 1.1925
Epoch: 25, Batch: 250, Acc: 63.21%, Loss: 1.1208
Epoch: 25, Batch: 260, Acc: 63.28%, Loss: 1.1560
Epoch: 25, Batch: 270, Acc: 63.32%, Loss: 1.1179
Epoch: 25, Batch: 280, Acc: 63.35%, Loss: 1.0948
Epoch: 25, Batch: 290, Acc: 63.36%, Loss: 1.0968
Epoch: 25, Batch: 300, Acc: 63.32%, Loss: 1.1317
Epoch: 25, Batch: 310, Acc: 63.27%, Loss: 1.1641
Epoch: 25, Batch: 320, Acc: 63.28%, Loss: 1.1325
Epoch: 25, Batch: 330, Acc: 63.33%, Loss: 1.1909
Epoch: 25, Batch: 340, Acc: 63.41%, Loss: 1.0349
Epoch: 25, Batch: 350, Acc: 63.47%, Loss: 1.0905
Epoch: 25, Batch: 360, Acc: 63.50%, Loss: 1.0887
Epoch: 25, Batch: 370, Acc: 63.37%, Loss: 1.3021
Epoch: 25, Batch: 380, Acc: 63.37%, Loss: 1.1541
Epoch: 25, Batch: 390, Acc: 63.36%, Loss: 1.1531
Epoch: 25, Batch: 400, Acc: 63.39%, Loss: 1.1319
Epoch: 25, Batch: 410, Acc: 63.45%, Loss: 1.1364
Epoch: 25, Batch: 420, Acc: 63.45%, Loss: 1.1730
Epoch: 25, Batch: 430, Acc: 63.51%, Loss: 1.1319
Epoch: 25, Batch: 440, Acc: 63.50%, Loss: 1.1748
Epoch: 25, Batch: 450, Acc: 63.48%, Loss: 1.1254
Epoch: 25, Batch: 460, Acc: 63.52%, Loss: 1.1605
Epoch: 25, Batch: 470, Acc: 63.48%, Loss: 1.1506
Epoch: 25, Batch: 480, Acc: 63.48%, Loss: 1.1576
Epoch: 25, Batch: 490, Acc: 63.56%, Loss: 1.0774
Epoch: 25, Batch: 500, Acc: 63.55%, Loss: 1.2032
Epoch: 25, Batch: 510, Acc: 63.48%, Loss: 1.1683
Epoch: 25, Batch: 520, Acc: 63.49%, Loss: 1.0909
Epoch: 25, Batch: 530, Acc: 63.53%, Loss: 1.0884
Epoch: 25, Batch: 540, Acc: 63.46%, Loss: 1.1931
Epoch: 25, Batch: 550, Acc: 63.51%, Loss: 1.1481
Epoch: 25, Batch: 560, Acc: 63.52%, Loss: 1.1342
Epoch: 25, Batch: 570, Acc: 63.47%, Loss: 1.1862
Epoch: 25, Batch: 580, Acc: 63.52%, Loss: 1.0975
Epoch: 25, Batch: 590, Acc: 63.47%, Loss: 1.2104
Epoch: 25, Batch: 600, Acc: 63.49%, Loss: 1.0983
Epoch: 25, Batch: 610, Acc: 63.53%, Loss: 1.0470
Epoch: 25, Batch: 620, Acc: 63.54%, Loss: 1.1438
Epoch: 25, Batch: 630, Acc: 63.57%, Loss: 1.1061
Epoch: 25, Batch: 640, Acc: 63.56%, Loss: 1.1816
Epoch: 25, Batch: 650, Acc: 63.57%, Loss: 1.1763
Epoch: 25, Batch: 660, Acc: 63.57%, Loss: 1.1942
Epoch: 25, Batch: 670, Acc: 63.61%, Loss: 1.0742
Epoch: 25, Batch: 680, Acc: 63.65%, Loss: 1.0810
Epoch: 25, Batch: 690, Acc: 63.63%, Loss: 1.0950
Epoch: 25, Batch: 700, Acc: 63.63%, Loss: 1.1321
Epoch: 25, Batch: 710, Acc: 63.64%, Loss: 1.1046
Epoch: 25, Batch: 720, Acc: 63.64%, Loss: 1.1029
Epoch: 25, Batch: 730, Acc: 63.61%, Loss: 1.1848
Epoch: 25, Batch: 740, Acc: 63.60%, Loss: 1.1431
Epoch: 25, Batch: 750, Acc: 63.63%, Loss: 1.1032
Epoch: 25, Batch: 760, Acc: 63.62%, Loss: 1.1170
Epoch: 25, Batch: 770, Acc: 63.60%, Loss: 1.1569
Epoch: 25, Batch: 780, Acc: 63.58%, Loss: 1.1628
Epoch: 25, Batch: 790, Acc: 63.57%, Loss: 1.1496
Epoch: 25, Batch: 800, Acc: 63.55%, Loss: 1.2185
Epoch: 25, Batch: 810, Acc: 63.58%, Loss: 1.1308
Epoch: 25, Batch: 820, Acc: 63.57%, Loss: 1.1536
Epoch: 25, Batch: 830, Acc: 63.61%, Loss: 1.1012
Epoch: 25, Batch: 840, Acc: 63.60%, Loss: 1.1825
Epoch: 25, Batch: 850, Acc: 63.61%, Loss: 1.1270
Epoch: 25, Batch: 860, Acc: 63.66%, Loss: 1.0592
Epoch: 25, Batch: 870, Acc: 63.63%, Loss: 1.1159
Epoch: 25, Batch: 880, Acc: 63.67%, Loss: 1.1295
Epoch: 25, Batch: 890, Acc: 63.65%, Loss: 1.1522
Epoch: 25, Batch: 900, Acc: 63.64%, Loss: 1.1687
Epoch: 25, Batch: 910, Acc: 63.63%, Loss: 1.1480
Epoch: 25, Batch: 920, Acc: 63.63%, Loss: 1.1422
Epoch: 25, Batch: 930, Acc: 63.60%, Loss: 1.1611
Accuracy on test set: 66.09%
Epoch: 26, Batch: 10, Acc: 62.34%, Loss: 1.1776
Epoch: 26, Batch: 20, Acc: 61.88%, Loss: 1.2095
Epoch: 26, Batch: 30, Acc: 62.55%, Loss: 1.1163
Epoch: 26, Batch: 40, Acc: 63.63%, Loss: 1.0943
Epoch: 26, Batch: 50, Acc: 63.38%, Loss: 1.1936
Epoch: 26, Batch: 60, Acc: 63.49%, Loss: 1.1761
Epoch: 26, Batch: 70, Acc: 63.75%, Loss: 1.1101
Epoch: 26, Batch: 80, Acc: 63.54%, Loss: 1.2080
Epoch: 26, Batch: 90, Acc: 63.32%, Loss: 1.1390
Epoch: 26, Batch: 100, Acc: 63.33%, Loss: 1.1235
Epoch: 26, Batch: 110, Acc: 63.44%, Loss: 1.1303
Epoch: 26, Batch: 120, Acc: 63.70%, Loss: 1.0999
Epoch: 26, Batch: 130, Acc: 63.76%, Loss: 1.1082
Epoch: 26, Batch: 140, Acc: 63.95%, Loss: 1.0675
Epoch: 26, Batch: 150, Acc: 63.95%, Loss: 1.1406
Epoch: 26, Batch: 160, Acc: 64.01%, Loss: 1.0809
Epoch: 26, Batch: 170, Acc: 63.81%, Loss: 1.1825
Epoch: 26, Batch: 180, Acc: 63.83%, Loss: 1.1277
Epoch: 26, Batch: 190, Acc: 63.86%, Loss: 1.1574
Epoch: 26, Batch: 200, Acc: 63.79%, Loss: 1.1124
Epoch: 26, Batch: 210, Acc: 63.68%, Loss: 1.1439
Epoch: 26, Batch: 220, Acc: 63.66%, Loss: 1.1699
Epoch: 26, Batch: 230, Acc: 63.51%, Loss: 1.1876
Epoch: 26, Batch: 240, Acc: 63.46%, Loss: 1.1712
Epoch: 26, Batch: 250, Acc: 63.46%, Loss: 1.1246
Epoch: 26, Batch: 260, Acc: 63.35%, Loss: 1.1407
Epoch: 26, Batch: 270, Acc: 63.36%, Loss: 1.1662
Epoch: 26, Batch: 280, Acc: 63.44%, Loss: 1.1160
Epoch: 26, Batch: 290, Acc: 63.48%, Loss: 1.0953
Epoch: 26, Batch: 300, Acc: 63.57%, Loss: 1.1592
Epoch: 26, Batch: 310, Acc: 63.60%, Loss: 1.1194
Epoch: 26, Batch: 320, Acc: 63.52%, Loss: 1.1312
Epoch: 26, Batch: 330, Acc: 63.53%, Loss: 1.1672
Epoch: 26, Batch: 340, Acc: 63.54%, Loss: 1.1258
Epoch: 26, Batch: 350, Acc: 63.58%, Loss: 1.0965
Epoch: 26, Batch: 360, Acc: 63.52%, Loss: 1.2415
Epoch: 26, Batch: 370, Acc: 63.55%, Loss: 1.1702
Epoch: 26, Batch: 380, Acc: 63.56%, Loss: 1.1055
Epoch: 26, Batch: 390, Acc: 63.55%, Loss: 1.1261
Epoch: 26, Batch: 400, Acc: 63.60%, Loss: 1.1667
Epoch: 26, Batch: 410, Acc: 63.54%, Loss: 1.1459
Epoch: 26, Batch: 420, Acc: 63.53%, Loss: 1.1334
Epoch: 26, Batch: 430, Acc: 63.53%, Loss: 1.1787
Epoch: 26, Batch: 440, Acc: 63.49%, Loss: 1.2115
Epoch: 26, Batch: 450, Acc: 63.57%, Loss: 1.0548
Epoch: 26, Batch: 460, Acc: 63.49%, Loss: 1.1707
Epoch: 26, Batch: 470, Acc: 63.43%, Loss: 1.1573
Epoch: 26, Batch: 480, Acc: 63.48%, Loss: 1.0939
Epoch: 26, Batch: 490, Acc: 63.47%, Loss: 1.1272
Epoch: 26, Batch: 500, Acc: 63.47%, Loss: 1.1648
Epoch: 26, Batch: 510, Acc: 63.46%, Loss: 1.1021
Epoch: 26, Batch: 520, Acc: 63.39%, Loss: 1.1908
Epoch: 26, Batch: 530, Acc: 63.33%, Loss: 1.1902
Epoch: 26, Batch: 540, Acc: 63.39%, Loss: 1.1639
Epoch: 26, Batch: 550, Acc: 63.41%, Loss: 1.1319
Epoch: 26, Batch: 560, Acc: 63.42%, Loss: 1.1594
Epoch: 26, Batch: 570, Acc: 63.38%, Loss: 1.1409
Epoch: 26, Batch: 580, Acc: 63.34%, Loss: 1.1771
Epoch: 26, Batch: 590, Acc: 63.36%, Loss: 1.0927
Epoch: 26, Batch: 600, Acc: 63.39%, Loss: 1.0550
Epoch: 26, Batch: 610, Acc: 63.39%, Loss: 1.1855
Epoch: 26, Batch: 620, Acc: 63.41%, Loss: 1.1527
Epoch: 26, Batch: 630, Acc: 63.39%, Loss: 1.1992
Epoch: 26, Batch: 640, Acc: 63.39%, Loss: 1.1215
Epoch: 26, Batch: 650, Acc: 63.40%, Loss: 1.1212
Epoch: 26, Batch: 660, Acc: 63.32%, Loss: 1.2445
Epoch: 26, Batch: 670, Acc: 63.36%, Loss: 1.1329
Epoch: 26, Batch: 680, Acc: 63.33%, Loss: 1.1935
Epoch: 26, Batch: 690, Acc: 63.35%, Loss: 1.1484
Epoch: 26, Batch: 700, Acc: 63.41%, Loss: 1.1151
Epoch: 26, Batch: 710, Acc: 63.43%, Loss: 1.1249
Epoch: 26, Batch: 720, Acc: 63.38%, Loss: 1.1725
Epoch: 26, Batch: 730, Acc: 63.36%, Loss: 1.1760
Epoch: 26, Batch: 740, Acc: 63.40%, Loss: 1.1751
Epoch: 26, Batch: 750, Acc: 63.40%, Loss: 1.1801
Epoch: 26, Batch: 760, Acc: 63.44%, Loss: 1.0993
Epoch: 26, Batch: 770, Acc: 63.45%, Loss: 1.1291
Epoch: 26, Batch: 780, Acc: 63.44%, Loss: 1.1447
Epoch: 26, Batch: 790, Acc: 63.50%, Loss: 1.0844
Epoch: 26, Batch: 800, Acc: 63.50%, Loss: 1.0969
Epoch: 26, Batch: 810, Acc: 63.53%, Loss: 1.1336
Epoch: 26, Batch: 820, Acc: 63.54%, Loss: 1.0899
Epoch: 26, Batch: 830, Acc: 63.59%, Loss: 1.0953
Epoch: 26, Batch: 840, Acc: 63.60%, Loss: 1.1233
Epoch: 26, Batch: 850, Acc: 63.62%, Loss: 1.0673
Epoch: 26, Batch: 860, Acc: 63.64%, Loss: 1.1457
Epoch: 26, Batch: 870, Acc: 63.65%, Loss: 1.0983
Epoch: 26, Batch: 880, Acc: 63.63%, Loss: 1.1539
Epoch: 26, Batch: 890, Acc: 63.66%, Loss: 1.0816
Epoch: 26, Batch: 900, Acc: 63.64%, Loss: 1.1391
Epoch: 26, Batch: 910, Acc: 63.65%, Loss: 1.1027
Epoch: 26, Batch: 920, Acc: 63.63%, Loss: 1.1879
Epoch: 26, Batch: 930, Acc: 63.64%, Loss: 1.1112
Accuracy on test set: 66.24%
Epoch: 27, Batch: 10, Acc: 64.38%, Loss: 1.0709
Epoch: 27, Batch: 20, Acc: 63.44%, Loss: 1.1484
Epoch: 27, Batch: 30, Acc: 62.92%, Loss: 1.1459
Epoch: 27, Batch: 40, Acc: 62.77%, Loss: 1.1878
Epoch: 27, Batch: 50, Acc: 62.78%, Loss: 1.1333
Epoch: 27, Batch: 60, Acc: 62.84%, Loss: 1.1990
Epoch: 27, Batch: 70, Acc: 62.97%, Loss: 1.1191
Epoch: 27, Batch: 80, Acc: 62.99%, Loss: 1.1359
Epoch: 27, Batch: 90, Acc: 63.18%, Loss: 1.1166
Epoch: 27, Batch: 100, Acc: 63.22%, Loss: 1.1695
Epoch: 27, Batch: 110, Acc: 63.27%, Loss: 1.1390
Epoch: 27, Batch: 120, Acc: 63.36%, Loss: 1.0928
Epoch: 27, Batch: 130, Acc: 63.28%, Loss: 1.1624
Epoch: 27, Batch: 140, Acc: 62.96%, Loss: 1.2098
Epoch: 27, Batch: 150, Acc: 63.09%, Loss: 1.1494
Epoch: 27, Batch: 160, Acc: 63.03%, Loss: 1.1294
Epoch: 27, Batch: 170, Acc: 63.01%, Loss: 1.1409
Epoch: 27, Batch: 180, Acc: 62.99%, Loss: 1.1870
Epoch: 27, Batch: 190, Acc: 63.08%, Loss: 1.1153
Epoch: 27, Batch: 200, Acc: 63.12%, Loss: 1.0609
Epoch: 27, Batch: 210, Acc: 63.18%, Loss: 1.0955
Epoch: 27, Batch: 220, Acc: 63.08%, Loss: 1.2411
Epoch: 27, Batch: 230, Acc: 63.07%, Loss: 1.2008
Epoch: 27, Batch: 240, Acc: 63.04%, Loss: 1.1543
Epoch: 27, Batch: 250, Acc: 62.98%, Loss: 1.1728
Epoch: 27, Batch: 260, Acc: 63.08%, Loss: 1.1415
Epoch: 27, Batch: 270, Acc: 63.12%, Loss: 1.1030
Epoch: 27, Batch: 280, Acc: 63.20%, Loss: 1.0798
Epoch: 27, Batch: 290, Acc: 63.15%, Loss: 1.1919
Epoch: 27, Batch: 300, Acc: 63.24%, Loss: 1.0852
Epoch: 27, Batch: 310, Acc: 63.20%, Loss: 1.1328
Epoch: 27, Batch: 320, Acc: 63.17%, Loss: 1.1686
Epoch: 27, Batch: 330, Acc: 63.21%, Loss: 1.1347
Epoch: 27, Batch: 340, Acc: 63.27%, Loss: 1.1089
Epoch: 27, Batch: 350, Acc: 63.30%, Loss: 1.1030
Epoch: 27, Batch: 360, Acc: 63.36%, Loss: 1.1563
Epoch: 27, Batch: 370, Acc: 63.44%, Loss: 1.0730
Epoch: 27, Batch: 380, Acc: 63.43%, Loss: 1.1657
Epoch: 27, Batch: 390, Acc: 63.42%, Loss: 1.1425
Epoch: 27, Batch: 400, Acc: 63.48%, Loss: 1.0499
Epoch: 27, Batch: 410, Acc: 63.49%, Loss: 1.1211
Epoch: 27, Batch: 420, Acc: 63.50%, Loss: 1.1041
Epoch: 27, Batch: 430, Acc: 63.50%, Loss: 1.1369
Epoch: 27, Batch: 440, Acc: 63.48%, Loss: 1.1882
Epoch: 27, Batch: 450, Acc: 63.49%, Loss: 1.1175
Epoch: 27, Batch: 460, Acc: 63.46%, Loss: 1.1805
Epoch: 27, Batch: 470, Acc: 63.42%, Loss: 1.2096
Epoch: 27, Batch: 480, Acc: 63.40%, Loss: 1.2070
Epoch: 27, Batch: 490, Acc: 63.37%, Loss: 1.2117
Epoch: 27, Batch: 500, Acc: 63.37%, Loss: 1.1303
Epoch: 27, Batch: 510, Acc: 63.37%, Loss: 1.1357
Epoch: 27, Batch: 520, Acc: 63.41%, Loss: 1.1876
Epoch: 27, Batch: 530, Acc: 63.41%, Loss: 1.1816
Epoch: 27, Batch: 540, Acc: 63.44%, Loss: 1.0990
Epoch: 27, Batch: 550, Acc: 63.43%, Loss: 1.0883
Epoch: 27, Batch: 560, Acc: 63.45%, Loss: 1.1163
Epoch: 27, Batch: 570, Acc: 63.43%, Loss: 1.1867
Epoch: 27, Batch: 580, Acc: 63.46%, Loss: 1.1068
Epoch: 27, Batch: 590, Acc: 63.45%, Loss: 1.1496
Epoch: 27, Batch: 600, Acc: 63.49%, Loss: 1.1111
Epoch: 27, Batch: 610, Acc: 63.45%, Loss: 1.1526
Epoch: 27, Batch: 620, Acc: 63.44%, Loss: 1.1349
Epoch: 27, Batch: 630, Acc: 63.49%, Loss: 1.0675
Epoch: 27, Batch: 640, Acc: 63.46%, Loss: 1.1533
Epoch: 27, Batch: 650, Acc: 63.44%, Loss: 1.1572
Epoch: 27, Batch: 660, Acc: 63.43%, Loss: 1.2270
Epoch: 27, Batch: 670, Acc: 63.41%, Loss: 1.1562
Epoch: 27, Batch: 680, Acc: 63.41%, Loss: 1.1398
Epoch: 27, Batch: 690, Acc: 63.48%, Loss: 1.0619
Epoch: 27, Batch: 700, Acc: 63.52%, Loss: 1.0983
Epoch: 27, Batch: 710, Acc: 63.53%, Loss: 1.0826
Epoch: 27, Batch: 720, Acc: 63.55%, Loss: 1.0734
Epoch: 27, Batch: 730, Acc: 63.54%, Loss: 1.1154
Epoch: 27, Batch: 740, Acc: 63.53%, Loss: 1.1492
Epoch: 27, Batch: 750, Acc: 63.57%, Loss: 1.0856
Epoch: 27, Batch: 760, Acc: 63.53%, Loss: 1.1861
Epoch: 27, Batch: 770, Acc: 63.51%, Loss: 1.2080
Epoch: 27, Batch: 780, Acc: 63.50%, Loss: 1.1703
Epoch: 27, Batch: 790, Acc: 63.54%, Loss: 1.1325
Epoch: 27, Batch: 800, Acc: 63.57%, Loss: 1.1464
Epoch: 27, Batch: 810, Acc: 63.56%, Loss: 1.2067
Epoch: 27, Batch: 820, Acc: 63.57%, Loss: 1.1514
Epoch: 27, Batch: 830, Acc: 63.62%, Loss: 1.0851
Epoch: 27, Batch: 840, Acc: 63.59%, Loss: 1.1728
Epoch: 27, Batch: 850, Acc: 63.62%, Loss: 1.1251
Epoch: 27, Batch: 860, Acc: 63.57%, Loss: 1.1155
Epoch: 27, Batch: 870, Acc: 63.61%, Loss: 1.0785
Epoch: 27, Batch: 880, Acc: 63.58%, Loss: 1.1890
Epoch: 27, Batch: 890, Acc: 63.60%, Loss: 1.0782
Epoch: 27, Batch: 900, Acc: 63.62%, Loss: 1.0863
Epoch: 27, Batch: 910, Acc: 63.62%, Loss: 1.1678
Epoch: 27, Batch: 920, Acc: 63.64%, Loss: 1.0612
Epoch: 27, Batch: 930, Acc: 63.59%, Loss: 1.2522
Accuracy on test set: 66.02%
Epoch: 28, Batch: 10, Acc: 62.03%, Loss: 1.1312
Epoch: 28, Batch: 20, Acc: 62.97%, Loss: 1.1472
Epoch: 28, Batch: 30, Acc: 64.17%, Loss: 1.1318
Epoch: 28, Batch: 40, Acc: 63.48%, Loss: 1.1861
Epoch: 28, Batch: 50, Acc: 63.94%, Loss: 1.1149
Epoch: 28, Batch: 60, Acc: 63.23%, Loss: 1.1960
Epoch: 28, Batch: 70, Acc: 63.28%, Loss: 1.1439
Epoch: 28, Batch: 80, Acc: 63.24%, Loss: 1.1651
Epoch: 28, Batch: 90, Acc: 63.06%, Loss: 1.1696
Epoch: 28, Batch: 100, Acc: 63.28%, Loss: 1.1390
Epoch: 28, Batch: 110, Acc: 63.24%, Loss: 1.1392
Epoch: 28, Batch: 120, Acc: 63.26%, Loss: 1.1615
Epoch: 28, Batch: 130, Acc: 63.37%, Loss: 1.1243
Epoch: 28, Batch: 140, Acc: 63.08%, Loss: 1.1957
Epoch: 28, Batch: 150, Acc: 63.10%, Loss: 1.0946
Epoch: 28, Batch: 160, Acc: 63.16%, Loss: 1.1804
Epoch: 28, Batch: 170, Acc: 63.25%, Loss: 1.1042
Epoch: 28, Batch: 180, Acc: 63.34%, Loss: 1.1013
Epoch: 28, Batch: 190, Acc: 63.43%, Loss: 1.1357
Epoch: 28, Batch: 200, Acc: 63.43%, Loss: 1.1411
Epoch: 28, Batch: 210, Acc: 63.37%, Loss: 1.1561
Epoch: 28, Batch: 220, Acc: 63.24%, Loss: 1.1292
Epoch: 28, Batch: 230, Acc: 63.19%, Loss: 1.1915
Epoch: 28, Batch: 240, Acc: 63.22%, Loss: 1.1303
Epoch: 28, Batch: 250, Acc: 63.19%, Loss: 1.1514
Epoch: 28, Batch: 260, Acc: 63.23%, Loss: 1.1198
Epoch: 28, Batch: 270, Acc: 63.32%, Loss: 1.1340
Epoch: 28, Batch: 280, Acc: 63.31%, Loss: 1.1650
Epoch: 28, Batch: 290, Acc: 63.34%, Loss: 1.1855
Epoch: 28, Batch: 300, Acc: 63.38%, Loss: 1.0850
Epoch: 28, Batch: 310, Acc: 63.44%, Loss: 1.0807
Epoch: 28, Batch: 320, Acc: 63.36%, Loss: 1.2351
Epoch: 28, Batch: 330, Acc: 63.44%, Loss: 1.0849
Epoch: 28, Batch: 340, Acc: 63.47%, Loss: 1.1078
Epoch: 28, Batch: 350, Acc: 63.42%, Loss: 1.1266
Epoch: 28, Batch: 360, Acc: 63.37%, Loss: 1.1395
Epoch: 28, Batch: 370, Acc: 63.37%, Loss: 1.1175
Epoch: 28, Batch: 380, Acc: 63.29%, Loss: 1.2047
Epoch: 28, Batch: 390, Acc: 63.31%, Loss: 1.0965
Epoch: 28, Batch: 400, Acc: 63.21%, Loss: 1.1779
Epoch: 28, Batch: 410, Acc: 63.21%, Loss: 1.1720
Epoch: 28, Batch: 420, Acc: 63.27%, Loss: 1.1056
Epoch: 28, Batch: 430, Acc: 63.28%, Loss: 1.1791
Epoch: 28, Batch: 440, Acc: 63.31%, Loss: 1.0598
Epoch: 28, Batch: 450, Acc: 63.34%, Loss: 1.1278
Epoch: 28, Batch: 460, Acc: 63.29%, Loss: 1.2117
Epoch: 28, Batch: 470, Acc: 63.30%, Loss: 1.1781
Epoch: 28, Batch: 480, Acc: 63.33%, Loss: 1.0869
Epoch: 28, Batch: 490, Acc: 63.30%, Loss: 1.1775
Epoch: 28, Batch: 500, Acc: 63.30%, Loss: 1.1360
Epoch: 28, Batch: 510, Acc: 63.29%, Loss: 1.1360
Epoch: 28, Batch: 520, Acc: 63.26%, Loss: 1.2058
Epoch: 28, Batch: 530, Acc: 63.28%, Loss: 1.1775
Epoch: 28, Batch: 540, Acc: 63.26%, Loss: 1.1722
Epoch: 28, Batch: 550, Acc: 63.25%, Loss: 1.1392
Epoch: 28, Batch: 560, Acc: 63.26%, Loss: 1.1750
Epoch: 28, Batch: 570, Acc: 63.24%, Loss: 1.1860
Epoch: 28, Batch: 580, Acc: 63.27%, Loss: 1.1678
Epoch: 28, Batch: 590, Acc: 63.36%, Loss: 1.0664
Epoch: 28, Batch: 600, Acc: 63.42%, Loss: 1.0267
Epoch: 28, Batch: 610, Acc: 63.44%, Loss: 1.0974
Epoch: 28, Batch: 620, Acc: 63.46%, Loss: 1.1149
Epoch: 28, Batch: 630, Acc: 63.43%, Loss: 1.1922
Epoch: 28, Batch: 640, Acc: 63.42%, Loss: 1.1702
Epoch: 28, Batch: 650, Acc: 63.42%, Loss: 1.1602
Epoch: 28, Batch: 660, Acc: 63.48%, Loss: 1.0808
Epoch: 28, Batch: 670, Acc: 63.49%, Loss: 1.1331
Epoch: 28, Batch: 680, Acc: 63.51%, Loss: 1.0870
Epoch: 28, Batch: 690, Acc: 63.53%, Loss: 1.0856
Epoch: 28, Batch: 700, Acc: 63.49%, Loss: 1.1677
Epoch: 28, Batch: 710, Acc: 63.52%, Loss: 1.1203
Epoch: 28, Batch: 720, Acc: 63.52%, Loss: 1.1769
Epoch: 28, Batch: 730, Acc: 63.54%, Loss: 1.1323
Epoch: 28, Batch: 740, Acc: 63.62%, Loss: 1.1107
Epoch: 28, Batch: 750, Acc: 63.66%, Loss: 1.0308
Epoch: 28, Batch: 760, Acc: 63.67%, Loss: 1.1126
Epoch: 28, Batch: 770, Acc: 63.69%, Loss: 1.0627
Epoch: 28, Batch: 780, Acc: 63.68%, Loss: 1.1575
Epoch: 28, Batch: 790, Acc: 63.68%, Loss: 1.1094
Epoch: 28, Batch: 800, Acc: 63.62%, Loss: 1.2087
Epoch: 28, Batch: 810, Acc: 63.66%, Loss: 1.0460
Epoch: 28, Batch: 820, Acc: 63.65%, Loss: 1.1441
Epoch: 28, Batch: 830, Acc: 63.66%, Loss: 1.1676
Epoch: 28, Batch: 840, Acc: 63.64%, Loss: 1.1363
Epoch: 28, Batch: 850, Acc: 63.64%, Loss: 1.1413
Epoch: 28, Batch: 860, Acc: 63.68%, Loss: 1.1028
Epoch: 28, Batch: 870, Acc: 63.69%, Loss: 1.1718
Epoch: 28, Batch: 880, Acc: 63.70%, Loss: 1.1467
Epoch: 28, Batch: 890, Acc: 63.67%, Loss: 1.2207
Epoch: 28, Batch: 900, Acc: 63.67%, Loss: 1.0862
Epoch: 28, Batch: 910, Acc: 63.69%, Loss: 1.1439
Epoch: 28, Batch: 920, Acc: 63.71%, Loss: 1.0938
Epoch: 28, Batch: 930, Acc: 63.70%, Loss: 1.1386
Accuracy on test set: 66.17%
Epoch: 29, Batch: 10, Acc: 63.59%, Loss: 1.1169
Epoch: 29, Batch: 20, Acc: 61.48%, Loss: 1.2333
Epoch: 29, Batch: 30, Acc: 63.54%, Loss: 1.1239
Epoch: 29, Batch: 40, Acc: 62.85%, Loss: 1.2255
Epoch: 29, Batch: 50, Acc: 62.84%, Loss: 1.1308
Epoch: 29, Batch: 60, Acc: 62.73%, Loss: 1.1371
Epoch: 29, Batch: 70, Acc: 63.17%, Loss: 1.1035
Epoch: 29, Batch: 80, Acc: 63.52%, Loss: 1.0260
Epoch: 29, Batch: 90, Acc: 63.47%, Loss: 1.1390
Epoch: 29, Batch: 100, Acc: 63.52%, Loss: 1.1087
Epoch: 29, Batch: 110, Acc: 63.65%, Loss: 1.1079
Epoch: 29, Batch: 120, Acc: 63.53%, Loss: 1.1210
Epoch: 29, Batch: 130, Acc: 63.27%, Loss: 1.2399
Epoch: 29, Batch: 140, Acc: 63.18%, Loss: 1.1840
Epoch: 29, Batch: 150, Acc: 63.30%, Loss: 1.1208
Epoch: 29, Batch: 160, Acc: 63.33%, Loss: 1.1216
Epoch: 29, Batch: 170, Acc: 63.55%, Loss: 1.0696
Epoch: 29, Batch: 180, Acc: 63.39%, Loss: 1.2272
Epoch: 29, Batch: 190, Acc: 63.51%, Loss: 1.0663
Epoch: 29, Batch: 200, Acc: 63.55%, Loss: 1.1344
Epoch: 29, Batch: 210, Acc: 63.60%, Loss: 1.1256
Epoch: 29, Batch: 220, Acc: 63.62%, Loss: 1.0831
Epoch: 29, Batch: 230, Acc: 63.68%, Loss: 1.1411
Epoch: 29, Batch: 240, Acc: 63.60%, Loss: 1.2686
Epoch: 29, Batch: 250, Acc: 63.67%, Loss: 1.1146
Epoch: 29, Batch: 260, Acc: 63.48%, Loss: 1.2457
Epoch: 29, Batch: 270, Acc: 63.42%, Loss: 1.2362
Epoch: 29, Batch: 280, Acc: 63.51%, Loss: 1.0869
Epoch: 29, Batch: 290, Acc: 63.49%, Loss: 1.0935
Epoch: 29, Batch: 300, Acc: 63.54%, Loss: 1.0867
Epoch: 29, Batch: 310, Acc: 63.55%, Loss: 1.1066
Epoch: 29, Batch: 320, Acc: 63.49%, Loss: 1.2365
Epoch: 29, Batch: 330, Acc: 63.44%, Loss: 1.1938
Epoch: 29, Batch: 340, Acc: 63.52%, Loss: 1.0879
Epoch: 29, Batch: 350, Acc: 63.52%, Loss: 1.2022
Epoch: 29, Batch: 360, Acc: 63.49%, Loss: 1.1974
Epoch: 29, Batch: 370, Acc: 63.58%, Loss: 1.0813
Epoch: 29, Batch: 380, Acc: 63.54%, Loss: 1.1429
Epoch: 29, Batch: 390, Acc: 63.52%, Loss: 1.1639
Epoch: 29, Batch: 400, Acc: 63.51%, Loss: 1.1689
Epoch: 29, Batch: 410, Acc: 63.55%, Loss: 1.1653
Epoch: 29, Batch: 420, Acc: 63.59%, Loss: 1.0936
Epoch: 29, Batch: 430, Acc: 63.66%, Loss: 1.1228
Epoch: 29, Batch: 440, Acc: 63.74%, Loss: 1.1083
Epoch: 29, Batch: 450, Acc: 63.72%, Loss: 1.1570
Epoch: 29, Batch: 460, Acc: 63.70%, Loss: 1.1337
Epoch: 29, Batch: 470, Acc: 63.63%, Loss: 1.1621
Epoch: 29, Batch: 480, Acc: 63.63%, Loss: 1.1165
Epoch: 29, Batch: 490, Acc: 63.67%, Loss: 1.0830
Epoch: 29, Batch: 500, Acc: 63.67%, Loss: 1.0883
Epoch: 29, Batch: 510, Acc: 63.66%, Loss: 1.1502
Epoch: 29, Batch: 520, Acc: 63.68%, Loss: 1.1273
Epoch: 29, Batch: 530, Acc: 63.64%, Loss: 1.1562
Epoch: 29, Batch: 540, Acc: 63.67%, Loss: 1.0695
Epoch: 29, Batch: 550, Acc: 63.74%, Loss: 1.0734
Epoch: 29, Batch: 560, Acc: 63.75%, Loss: 1.1030
Epoch: 29, Batch: 570, Acc: 63.75%, Loss: 1.1438
Epoch: 29, Batch: 580, Acc: 63.74%, Loss: 1.1279
Epoch: 29, Batch: 590, Acc: 63.77%, Loss: 1.0824
Epoch: 29, Batch: 600, Acc: 63.77%, Loss: 1.1199
Epoch: 29, Batch: 610, Acc: 63.83%, Loss: 1.0517
Epoch: 29, Batch: 620, Acc: 63.78%, Loss: 1.2214
Epoch: 29, Batch: 630, Acc: 63.77%, Loss: 1.1515
Epoch: 29, Batch: 640, Acc: 63.77%, Loss: 1.1498
Epoch: 29, Batch: 650, Acc: 63.74%, Loss: 1.1449
Epoch: 29, Batch: 660, Acc: 63.74%, Loss: 1.1558
Epoch: 29, Batch: 670, Acc: 63.72%, Loss: 1.1619
Epoch: 29, Batch: 680, Acc: 63.72%, Loss: 1.1460
Epoch: 29, Batch: 690, Acc: 63.75%, Loss: 1.1049
Epoch: 29, Batch: 700, Acc: 63.74%, Loss: 1.1790
Epoch: 29, Batch: 710, Acc: 63.73%, Loss: 1.1090
Epoch: 29, Batch: 720, Acc: 63.70%, Loss: 1.1565
Epoch: 29, Batch: 730, Acc: 63.72%, Loss: 1.1131
Epoch: 29, Batch: 740, Acc: 63.70%, Loss: 1.1647
Epoch: 29, Batch: 750, Acc: 63.71%, Loss: 1.1110
Epoch: 29, Batch: 760, Acc: 63.73%, Loss: 1.0498
Epoch: 29, Batch: 770, Acc: 63.73%, Loss: 1.1076
Epoch: 29, Batch: 780, Acc: 63.76%, Loss: 1.1016
Epoch: 29, Batch: 790, Acc: 63.74%, Loss: 1.2085
Epoch: 29, Batch: 800, Acc: 63.71%, Loss: 1.2249
Epoch: 29, Batch: 810, Acc: 63.71%, Loss: 1.0317
Epoch: 29, Batch: 820, Acc: 63.72%, Loss: 1.0930
Epoch: 29, Batch: 830, Acc: 63.73%, Loss: 1.1130
Epoch: 29, Batch: 840, Acc: 63.69%, Loss: 1.1976
Epoch: 29, Batch: 850, Acc: 63.68%, Loss: 1.1543
Epoch: 29, Batch: 860, Acc: 63.73%, Loss: 1.1047
Epoch: 29, Batch: 870, Acc: 63.76%, Loss: 1.1089
Epoch: 29, Batch: 880, Acc: 63.77%, Loss: 1.1299
Epoch: 29, Batch: 890, Acc: 63.77%, Loss: 1.1189
Epoch: 29, Batch: 900, Acc: 63.79%, Loss: 1.0843
Epoch: 29, Batch: 910, Acc: 63.76%, Loss: 1.2372
Epoch: 29, Batch: 920, Acc: 63.76%, Loss: 1.2103
Epoch: 29, Batch: 930, Acc: 63.76%, Loss: 1.1648
Accuracy on test set: 66.12%
Epoch: 30, Batch: 10, Acc: 59.84%, Loss: 1.1646
Epoch: 30, Batch: 20, Acc: 61.33%, Loss: 1.1467
Epoch: 30, Batch: 30, Acc: 62.24%, Loss: 1.0938
Epoch: 30, Batch: 40, Acc: 62.89%, Loss: 1.1334
Epoch: 30, Batch: 50, Acc: 63.50%, Loss: 1.0899
Epoch: 30, Batch: 60, Acc: 63.36%, Loss: 1.1246
Epoch: 30, Batch: 70, Acc: 63.24%, Loss: 1.1366
Epoch: 30, Batch: 80, Acc: 63.65%, Loss: 1.0950
Epoch: 30, Batch: 90, Acc: 63.77%, Loss: 1.2074
Epoch: 30, Batch: 100, Acc: 63.81%, Loss: 1.1524
Epoch: 30, Batch: 110, Acc: 63.86%, Loss: 1.1475
Epoch: 30, Batch: 120, Acc: 63.85%, Loss: 1.1469
Epoch: 30, Batch: 130, Acc: 63.75%, Loss: 1.1246
Epoch: 30, Batch: 140, Acc: 63.78%, Loss: 1.1274
Epoch: 30, Batch: 150, Acc: 63.78%, Loss: 1.1343
Epoch: 30, Batch: 160, Acc: 63.95%, Loss: 1.0989
Epoch: 30, Batch: 170, Acc: 64.00%, Loss: 1.1222
Epoch: 30, Batch: 180, Acc: 64.11%, Loss: 1.0889
Epoch: 30, Batch: 190, Acc: 64.01%, Loss: 1.1835
Epoch: 30, Batch: 200, Acc: 63.92%, Loss: 1.1678
Epoch: 30, Batch: 210, Acc: 63.81%, Loss: 1.1621
Epoch: 30, Batch: 220, Acc: 63.82%, Loss: 1.1252
Epoch: 30, Batch: 230, Acc: 63.72%, Loss: 1.1627
Epoch: 30, Batch: 240, Acc: 63.65%, Loss: 1.1586
Epoch: 30, Batch: 250, Acc: 63.64%, Loss: 1.1660
Epoch: 30, Batch: 260, Acc: 63.73%, Loss: 1.0752
Epoch: 30, Batch: 270, Acc: 63.73%, Loss: 1.1002
Epoch: 30, Batch: 280, Acc: 63.64%, Loss: 1.2042
Epoch: 30, Batch: 290, Acc: 63.67%, Loss: 1.1353
Epoch: 30, Batch: 300, Acc: 63.74%, Loss: 1.0885
Epoch: 30, Batch: 310, Acc: 63.75%, Loss: 1.1216
Epoch: 30, Batch: 320, Acc: 63.69%, Loss: 1.2226
Epoch: 30, Batch: 330, Acc: 63.76%, Loss: 1.1121
Epoch: 30, Batch: 340, Acc: 63.76%, Loss: 1.1336
Epoch: 30, Batch: 350, Acc: 63.72%, Loss: 1.1171
Epoch: 30, Batch: 360, Acc: 63.78%, Loss: 1.0723
Epoch: 30, Batch: 370, Acc: 63.78%, Loss: 1.1325
Epoch: 30, Batch: 380, Acc: 63.82%, Loss: 1.0587
Epoch: 30, Batch: 390, Acc: 63.86%, Loss: 1.1258
Epoch: 30, Batch: 400, Acc: 63.89%, Loss: 1.1006
Epoch: 30, Batch: 410, Acc: 63.83%, Loss: 1.1560
Epoch: 30, Batch: 420, Acc: 63.85%, Loss: 1.1027
Epoch: 30, Batch: 430, Acc: 63.86%, Loss: 1.1172
Epoch: 30, Batch: 440, Acc: 63.89%, Loss: 1.1077
Epoch: 30, Batch: 450, Acc: 63.87%, Loss: 1.1026
Epoch: 30, Batch: 460, Acc: 63.79%, Loss: 1.1711
Epoch: 30, Batch: 470, Acc: 63.74%, Loss: 1.1700
Epoch: 30, Batch: 480, Acc: 63.74%, Loss: 1.1383
Epoch: 30, Batch: 490, Acc: 63.68%, Loss: 1.1786
Epoch: 30, Batch: 500, Acc: 63.69%, Loss: 1.1220
Epoch: 30, Batch: 510, Acc: 63.68%, Loss: 1.1295
Epoch: 30, Batch: 520, Acc: 63.61%, Loss: 1.2344
Epoch: 30, Batch: 530, Acc: 63.64%, Loss: 1.1535
Epoch: 30, Batch: 540, Acc: 63.66%, Loss: 1.1343
Epoch: 30, Batch: 550, Acc: 63.66%, Loss: 1.1705
Epoch: 30, Batch: 560, Acc: 63.70%, Loss: 1.1018
Epoch: 30, Batch: 570, Acc: 63.73%, Loss: 1.1818
Epoch: 30, Batch: 580, Acc: 63.77%, Loss: 1.1723
Epoch: 30, Batch: 590, Acc: 63.75%, Loss: 1.1426
Epoch: 30, Batch: 600, Acc: 63.75%, Loss: 1.1724
Epoch: 30, Batch: 610, Acc: 63.76%, Loss: 1.0948
Epoch: 30, Batch: 620, Acc: 63.73%, Loss: 1.1843
Epoch: 30, Batch: 630, Acc: 63.73%, Loss: 1.1114
Epoch: 30, Batch: 640, Acc: 63.71%, Loss: 1.1657
Epoch: 30, Batch: 650, Acc: 63.74%, Loss: 1.1613
Epoch: 30, Batch: 660, Acc: 63.72%, Loss: 1.1419
Epoch: 30, Batch: 670, Acc: 63.75%, Loss: 1.1527
Epoch: 30, Batch: 680, Acc: 63.77%, Loss: 1.0923
Epoch: 30, Batch: 690, Acc: 63.75%, Loss: 1.1237
Epoch: 30, Batch: 700, Acc: 63.79%, Loss: 1.0586
Epoch: 30, Batch: 710, Acc: 63.81%, Loss: 1.1434
Epoch: 30, Batch: 720, Acc: 63.78%, Loss: 1.1758
Epoch: 30, Batch: 730, Acc: 63.81%, Loss: 1.1025
Epoch: 30, Batch: 740, Acc: 63.78%, Loss: 1.1913
Epoch: 30, Batch: 750, Acc: 63.76%, Loss: 1.1788
Epoch: 30, Batch: 760, Acc: 63.79%, Loss: 1.1321
Epoch: 30, Batch: 770, Acc: 63.77%, Loss: 1.1918
Epoch: 30, Batch: 780, Acc: 63.76%, Loss: 1.1572
Epoch: 30, Batch: 790, Acc: 63.76%, Loss: 1.0831
Epoch: 30, Batch: 800, Acc: 63.77%, Loss: 1.1278
Epoch: 30, Batch: 810, Acc: 63.80%, Loss: 1.1190
Epoch: 30, Batch: 820, Acc: 63.82%, Loss: 1.1080
Epoch: 30, Batch: 830, Acc: 63.80%, Loss: 1.1185
Epoch: 30, Batch: 840, Acc: 63.80%, Loss: 1.1496
Epoch: 30, Batch: 850, Acc: 63.80%, Loss: 1.1314
Epoch: 30, Batch: 860, Acc: 63.78%, Loss: 1.1766
Epoch: 30, Batch: 870, Acc: 63.78%, Loss: 1.1962
Epoch: 30, Batch: 880, Acc: 63.77%, Loss: 1.1265
Epoch: 30, Batch: 890, Acc: 63.80%, Loss: 1.1230
Epoch: 30, Batch: 900, Acc: 63.74%, Loss: 1.1777
Epoch: 30, Batch: 910, Acc: 63.75%, Loss: 1.0784
Epoch: 30, Batch: 920, Acc: 63.76%, Loss: 1.1094
Epoch: 30, Batch: 930, Acc: 63.83%, Loss: 1.0315
Accuracy on test set: 66.24%
Training Time: 1516.00 seconds
Best Accuracy for Run 2: 66.24%

Evaluating final model on clean test data...
Accuracy    : 0.6624
Loss        : 1.0633
Precision   : 0.6527
Recall      : 0.6563
F1          : 0.6545
Fpr         : 0.0375
Fnr         : 0.3437
Roc_auc     : 0.9293
Pr_auc      : nan
Metrics saved to qmlp-mnist-label-flip-run_run2-layer2_label_flip.csv

========== Training Run 3 ==========
Epoch: 1, Batch: 10, Acc: 10.47%, Loss: 2.3473
Epoch: 1, Batch: 20, Acc: 10.39%, Loss: 2.3380
Epoch: 1, Batch: 30, Acc: 11.04%, Loss: 2.3238
Epoch: 1, Batch: 40, Acc: 12.97%, Loss: 2.3097
Epoch: 1, Batch: 50, Acc: 14.06%, Loss: 2.2911
Epoch: 1, Batch: 60, Acc: 14.84%, Loss: 2.2945
Epoch: 1, Batch: 70, Acc: 15.76%, Loss: 2.2806
Epoch: 1, Batch: 80, Acc: 16.68%, Loss: 2.2745
Epoch: 1, Batch: 90, Acc: 17.08%, Loss: 2.2751
Epoch: 1, Batch: 100, Acc: 17.70%, Loss: 2.2563
Epoch: 1, Batch: 110, Acc: 18.27%, Loss: 2.2524
Epoch: 1, Batch: 120, Acc: 18.78%, Loss: 2.2442
Epoch: 1, Batch: 130, Acc: 19.11%, Loss: 2.2413
Epoch: 1, Batch: 140, Acc: 19.45%, Loss: 2.2298
Epoch: 1, Batch: 150, Acc: 19.79%, Loss: 2.2279
Epoch: 1, Batch: 160, Acc: 20.06%, Loss: 2.2235
Epoch: 1, Batch: 170, Acc: 20.32%, Loss: 2.2196
Epoch: 1, Batch: 180, Acc: 20.69%, Loss: 2.2124
Epoch: 1, Batch: 190, Acc: 20.97%, Loss: 2.2111
Epoch: 1, Batch: 200, Acc: 21.40%, Loss: 2.1967
Epoch: 1, Batch: 210, Acc: 21.84%, Loss: 2.1882
Epoch: 1, Batch: 220, Acc: 22.22%, Loss: 2.1806
Epoch: 1, Batch: 230, Acc: 22.70%, Loss: 2.1618
Epoch: 1, Batch: 240, Acc: 22.95%, Loss: 2.1937
Epoch: 1, Batch: 250, Acc: 23.23%, Loss: 2.1677
Epoch: 1, Batch: 260, Acc: 23.58%, Loss: 2.1611
Epoch: 1, Batch: 270, Acc: 23.84%, Loss: 2.1617
Epoch: 1, Batch: 280, Acc: 24.03%, Loss: 2.1614
Epoch: 1, Batch: 290, Acc: 24.14%, Loss: 2.1632
Epoch: 1, Batch: 300, Acc: 24.28%, Loss: 2.1540
Epoch: 1, Batch: 310, Acc: 24.52%, Loss: 2.1278
Epoch: 1, Batch: 320, Acc: 24.85%, Loss: 2.1353
Epoch: 1, Batch: 330, Acc: 25.06%, Loss: 2.1272
Epoch: 1, Batch: 340, Acc: 25.32%, Loss: 2.1180
Epoch: 1, Batch: 350, Acc: 25.61%, Loss: 2.1170
Epoch: 1, Batch: 360, Acc: 25.75%, Loss: 2.1272
Epoch: 1, Batch: 370, Acc: 25.98%, Loss: 2.1050
Epoch: 1, Batch: 380, Acc: 26.17%, Loss: 2.1043
Epoch: 1, Batch: 390, Acc: 26.41%, Loss: 2.0992
Epoch: 1, Batch: 400, Acc: 26.63%, Loss: 2.0855
Epoch: 1, Batch: 410, Acc: 26.88%, Loss: 2.0687
Epoch: 1, Batch: 420, Acc: 27.10%, Loss: 2.0970
Epoch: 1, Batch: 430, Acc: 27.35%, Loss: 2.0663
Epoch: 1, Batch: 440, Acc: 27.51%, Loss: 2.0761
Epoch: 1, Batch: 450, Acc: 27.79%, Loss: 2.0510
Epoch: 1, Batch: 460, Acc: 27.95%, Loss: 2.0617
Epoch: 1, Batch: 470, Acc: 28.09%, Loss: 2.0717
Epoch: 1, Batch: 480, Acc: 28.28%, Loss: 2.0504
Epoch: 1, Batch: 490, Acc: 28.42%, Loss: 2.0421
Epoch: 1, Batch: 500, Acc: 28.64%, Loss: 2.0377
Epoch: 1, Batch: 510, Acc: 28.80%, Loss: 2.0346
Epoch: 1, Batch: 520, Acc: 28.99%, Loss: 2.0294
Epoch: 1, Batch: 530, Acc: 29.08%, Loss: 2.0377
Epoch: 1, Batch: 540, Acc: 29.32%, Loss: 2.0105
Epoch: 1, Batch: 550, Acc: 29.45%, Loss: 2.0118
Epoch: 1, Batch: 560, Acc: 29.60%, Loss: 2.0018
Epoch: 1, Batch: 570, Acc: 29.76%, Loss: 2.0033
Epoch: 1, Batch: 580, Acc: 29.87%, Loss: 2.0103
Epoch: 1, Batch: 590, Acc: 29.99%, Loss: 2.0072
Epoch: 1, Batch: 600, Acc: 30.10%, Loss: 1.9873
Epoch: 1, Batch: 610, Acc: 30.20%, Loss: 1.9785
Epoch: 1, Batch: 620, Acc: 30.34%, Loss: 1.9824
Epoch: 1, Batch: 630, Acc: 30.50%, Loss: 1.9971
Epoch: 1, Batch: 640, Acc: 30.63%, Loss: 1.9723
Epoch: 1, Batch: 650, Acc: 30.72%, Loss: 1.9932
Epoch: 1, Batch: 660, Acc: 30.88%, Loss: 1.9705
Epoch: 1, Batch: 670, Acc: 31.04%, Loss: 1.9738
Epoch: 1, Batch: 680, Acc: 31.16%, Loss: 1.9614
Epoch: 1, Batch: 690, Acc: 31.33%, Loss: 1.9576
Epoch: 1, Batch: 700, Acc: 31.43%, Loss: 1.9579
Epoch: 1, Batch: 710, Acc: 31.58%, Loss: 1.9517
Epoch: 1, Batch: 720, Acc: 31.72%, Loss: 1.9451
Epoch: 1, Batch: 730, Acc: 31.88%, Loss: 1.9335
Epoch: 1, Batch: 740, Acc: 32.02%, Loss: 1.9398
Epoch: 1, Batch: 750, Acc: 32.15%, Loss: 1.9364
Epoch: 1, Batch: 760, Acc: 32.26%, Loss: 1.9254
Epoch: 1, Batch: 770, Acc: 32.38%, Loss: 1.9186
Epoch: 1, Batch: 780, Acc: 32.49%, Loss: 1.9130
Epoch: 1, Batch: 790, Acc: 32.61%, Loss: 1.9191
Epoch: 1, Batch: 800, Acc: 32.68%, Loss: 1.9372
Epoch: 1, Batch: 810, Acc: 32.77%, Loss: 1.9375
Epoch: 1, Batch: 820, Acc: 32.92%, Loss: 1.9021
Epoch: 1, Batch: 830, Acc: 33.04%, Loss: 1.9036
Epoch: 1, Batch: 840, Acc: 33.19%, Loss: 1.8775
Epoch: 1, Batch: 850, Acc: 33.35%, Loss: 1.8691
Epoch: 1, Batch: 860, Acc: 33.45%, Loss: 1.8898
Epoch: 1, Batch: 870, Acc: 33.53%, Loss: 1.9023
Epoch: 1, Batch: 880, Acc: 33.65%, Loss: 1.8853
Epoch: 1, Batch: 890, Acc: 33.75%, Loss: 1.8738
Epoch: 1, Batch: 900, Acc: 33.83%, Loss: 1.8897
Epoch: 1, Batch: 910, Acc: 33.89%, Loss: 1.8886
Epoch: 1, Batch: 920, Acc: 33.98%, Loss: 1.8720
Epoch: 1, Batch: 930, Acc: 34.08%, Loss: 1.8546
Accuracy on test set: 46.18%
Epoch: 2, Batch: 10, Acc: 44.22%, Loss: 1.8720
Epoch: 2, Batch: 20, Acc: 45.00%, Loss: 1.8320
Epoch: 2, Batch: 30, Acc: 45.68%, Loss: 1.8408
Epoch: 2, Batch: 40, Acc: 44.84%, Loss: 1.8581
Epoch: 2, Batch: 50, Acc: 44.41%, Loss: 1.8728
Epoch: 2, Batch: 60, Acc: 44.53%, Loss: 1.8392
Epoch: 2, Batch: 70, Acc: 45.00%, Loss: 1.8277
Epoch: 2, Batch: 80, Acc: 45.25%, Loss: 1.8337
Epoch: 2, Batch: 90, Acc: 45.36%, Loss: 1.8374
Epoch: 2, Batch: 100, Acc: 44.91%, Loss: 1.8662
Epoch: 2, Batch: 110, Acc: 44.96%, Loss: 1.8493
Epoch: 2, Batch: 120, Acc: 45.03%, Loss: 1.8353
Epoch: 2, Batch: 130, Acc: 45.14%, Loss: 1.8119
Epoch: 2, Batch: 140, Acc: 45.35%, Loss: 1.8116
Epoch: 2, Batch: 150, Acc: 45.23%, Loss: 1.8469
Epoch: 2, Batch: 160, Acc: 45.02%, Loss: 1.8389
Epoch: 2, Batch: 170, Acc: 45.20%, Loss: 1.8012
Epoch: 2, Batch: 180, Acc: 45.36%, Loss: 1.7962
Epoch: 2, Batch: 190, Acc: 45.36%, Loss: 1.8102
Epoch: 2, Batch: 200, Acc: 45.44%, Loss: 1.7999
Epoch: 2, Batch: 210, Acc: 45.54%, Loss: 1.8050
Epoch: 2, Batch: 220, Acc: 45.67%, Loss: 1.7761
Epoch: 2, Batch: 230, Acc: 45.61%, Loss: 1.8198
Epoch: 2, Batch: 240, Acc: 45.76%, Loss: 1.7673
Epoch: 2, Batch: 250, Acc: 46.06%, Loss: 1.7882
Epoch: 2, Batch: 260, Acc: 46.17%, Loss: 1.7973
Epoch: 2, Batch: 270, Acc: 46.16%, Loss: 1.8112
Epoch: 2, Batch: 280, Acc: 46.21%, Loss: 1.7670
Epoch: 2, Batch: 290, Acc: 46.27%, Loss: 1.7763
Epoch: 2, Batch: 300, Acc: 46.31%, Loss: 1.7696
Epoch: 2, Batch: 310, Acc: 46.33%, Loss: 1.7851
Epoch: 2, Batch: 320, Acc: 46.44%, Loss: 1.7705
Epoch: 2, Batch: 330, Acc: 46.45%, Loss: 1.7758
Epoch: 2, Batch: 340, Acc: 46.46%, Loss: 1.7857
Epoch: 2, Batch: 350, Acc: 46.46%, Loss: 1.7822
Epoch: 2, Batch: 360, Acc: 46.50%, Loss: 1.7423
Epoch: 2, Batch: 370, Acc: 46.56%, Loss: 1.7539
Epoch: 2, Batch: 380, Acc: 46.59%, Loss: 1.7419
Epoch: 2, Batch: 390, Acc: 46.64%, Loss: 1.7342
Epoch: 2, Batch: 400, Acc: 46.64%, Loss: 1.7639
Epoch: 2, Batch: 410, Acc: 46.75%, Loss: 1.7343
Epoch: 2, Batch: 420, Acc: 46.76%, Loss: 1.7489
Epoch: 2, Batch: 430, Acc: 46.80%, Loss: 1.7664
Epoch: 2, Batch: 440, Acc: 46.87%, Loss: 1.7387
Epoch: 2, Batch: 450, Acc: 46.93%, Loss: 1.7457
Epoch: 2, Batch: 460, Acc: 46.99%, Loss: 1.7131
Epoch: 2, Batch: 470, Acc: 47.02%, Loss: 1.7322
Epoch: 2, Batch: 480, Acc: 47.07%, Loss: 1.7352
Epoch: 2, Batch: 490, Acc: 47.12%, Loss: 1.7432
Epoch: 2, Batch: 500, Acc: 47.22%, Loss: 1.6851
Epoch: 2, Batch: 510, Acc: 47.26%, Loss: 1.7318
Epoch: 2, Batch: 520, Acc: 47.32%, Loss: 1.6894
Epoch: 2, Batch: 530, Acc: 47.33%, Loss: 1.7041
Epoch: 2, Batch: 540, Acc: 47.40%, Loss: 1.6938
Epoch: 2, Batch: 550, Acc: 47.48%, Loss: 1.6899
Epoch: 2, Batch: 560, Acc: 47.51%, Loss: 1.7108
Epoch: 2, Batch: 570, Acc: 47.51%, Loss: 1.7269
Epoch: 2, Batch: 580, Acc: 47.55%, Loss: 1.7243
Epoch: 2, Batch: 590, Acc: 47.58%, Loss: 1.7028
Epoch: 2, Batch: 600, Acc: 47.62%, Loss: 1.7002
Epoch: 2, Batch: 610, Acc: 47.68%, Loss: 1.6992
Epoch: 2, Batch: 620, Acc: 47.72%, Loss: 1.7098
Epoch: 2, Batch: 630, Acc: 47.75%, Loss: 1.7032
Epoch: 2, Batch: 640, Acc: 47.74%, Loss: 1.7128
Epoch: 2, Batch: 650, Acc: 47.83%, Loss: 1.6657
Epoch: 2, Batch: 660, Acc: 47.89%, Loss: 1.6978
Epoch: 2, Batch: 670, Acc: 47.95%, Loss: 1.6903
Epoch: 2, Batch: 680, Acc: 48.03%, Loss: 1.6567
Epoch: 2, Batch: 690, Acc: 48.09%, Loss: 1.6810
Epoch: 2, Batch: 700, Acc: 48.15%, Loss: 1.7054
Epoch: 2, Batch: 710, Acc: 48.19%, Loss: 1.6719
Epoch: 2, Batch: 720, Acc: 48.24%, Loss: 1.6824
Epoch: 2, Batch: 730, Acc: 48.23%, Loss: 1.6991
Epoch: 2, Batch: 740, Acc: 48.29%, Loss: 1.6582
Epoch: 2, Batch: 750, Acc: 48.31%, Loss: 1.6902
Epoch: 2, Batch: 760, Acc: 48.35%, Loss: 1.6585
Epoch: 2, Batch: 770, Acc: 48.42%, Loss: 1.6391
Epoch: 2, Batch: 780, Acc: 48.46%, Loss: 1.6631
Epoch: 2, Batch: 790, Acc: 48.53%, Loss: 1.6118
Epoch: 2, Batch: 800, Acc: 48.58%, Loss: 1.6561
Epoch: 2, Batch: 810, Acc: 48.64%, Loss: 1.6559
Epoch: 2, Batch: 820, Acc: 48.70%, Loss: 1.6460
Epoch: 2, Batch: 830, Acc: 48.74%, Loss: 1.6576
Epoch: 2, Batch: 840, Acc: 48.77%, Loss: 1.6485
Epoch: 2, Batch: 850, Acc: 48.82%, Loss: 1.6350
Epoch: 2, Batch: 860, Acc: 48.82%, Loss: 1.6679
Epoch: 2, Batch: 870, Acc: 48.87%, Loss: 1.6261
Epoch: 2, Batch: 880, Acc: 48.92%, Loss: 1.6167
Epoch: 2, Batch: 890, Acc: 48.95%, Loss: 1.6543
Epoch: 2, Batch: 900, Acc: 48.94%, Loss: 1.6746
Epoch: 2, Batch: 910, Acc: 48.98%, Loss: 1.6559
Epoch: 2, Batch: 920, Acc: 49.03%, Loss: 1.6598
Epoch: 2, Batch: 930, Acc: 49.08%, Loss: 1.6258
Accuracy on test set: 55.10%
Epoch: 3, Batch: 10, Acc: 52.81%, Loss: 1.5918
Epoch: 3, Batch: 20, Acc: 51.64%, Loss: 1.6322
Epoch: 3, Batch: 30, Acc: 52.03%, Loss: 1.5884
Epoch: 3, Batch: 40, Acc: 52.07%, Loss: 1.6573
Epoch: 3, Batch: 50, Acc: 52.94%, Loss: 1.5693
Epoch: 3, Batch: 60, Acc: 53.31%, Loss: 1.6017
Epoch: 3, Batch: 70, Acc: 52.79%, Loss: 1.6194
Epoch: 3, Batch: 80, Acc: 52.99%, Loss: 1.6130
Epoch: 3, Batch: 90, Acc: 53.26%, Loss: 1.5848
Epoch: 3, Batch: 100, Acc: 53.06%, Loss: 1.6315
Epoch: 3, Batch: 110, Acc: 52.98%, Loss: 1.6070
Epoch: 3, Batch: 120, Acc: 52.72%, Loss: 1.6470
Epoch: 3, Batch: 130, Acc: 52.74%, Loss: 1.6274
Epoch: 3, Batch: 140, Acc: 52.79%, Loss: 1.6080
Epoch: 3, Batch: 150, Acc: 52.71%, Loss: 1.6230
Epoch: 3, Batch: 160, Acc: 52.98%, Loss: 1.5736
Epoch: 3, Batch: 170, Acc: 52.90%, Loss: 1.6079
Epoch: 3, Batch: 180, Acc: 52.85%, Loss: 1.6190
Epoch: 3, Batch: 190, Acc: 52.89%, Loss: 1.6041
Epoch: 3, Batch: 200, Acc: 52.95%, Loss: 1.5943
Epoch: 3, Batch: 210, Acc: 53.07%, Loss: 1.5759
Epoch: 3, Batch: 220, Acc: 53.08%, Loss: 1.5960
Epoch: 3, Batch: 230, Acc: 52.97%, Loss: 1.6369
Epoch: 3, Batch: 240, Acc: 53.05%, Loss: 1.5690
Epoch: 3, Batch: 250, Acc: 53.08%, Loss: 1.5667
Epoch: 3, Batch: 260, Acc: 53.09%, Loss: 1.5813
Epoch: 3, Batch: 270, Acc: 53.04%, Loss: 1.6033
Epoch: 3, Batch: 280, Acc: 53.01%, Loss: 1.5852
Epoch: 3, Batch: 290, Acc: 52.91%, Loss: 1.6077
Epoch: 3, Batch: 300, Acc: 52.85%, Loss: 1.6069
Epoch: 3, Batch: 310, Acc: 52.92%, Loss: 1.5451
Epoch: 3, Batch: 320, Acc: 52.90%, Loss: 1.5590
Epoch: 3, Batch: 330, Acc: 53.02%, Loss: 1.5829
Epoch: 3, Batch: 340, Acc: 53.07%, Loss: 1.5707
Epoch: 3, Batch: 350, Acc: 53.11%, Loss: 1.5853
Epoch: 3, Batch: 360, Acc: 53.17%, Loss: 1.5580
Epoch: 3, Batch: 370, Acc: 53.07%, Loss: 1.6454
Epoch: 3, Batch: 380, Acc: 53.13%, Loss: 1.5367
Epoch: 3, Batch: 390, Acc: 53.14%, Loss: 1.5510
Epoch: 3, Batch: 400, Acc: 53.16%, Loss: 1.5575
Epoch: 3, Batch: 410, Acc: 53.22%, Loss: 1.5465
Epoch: 3, Batch: 420, Acc: 53.32%, Loss: 1.5207
Epoch: 3, Batch: 430, Acc: 53.28%, Loss: 1.5677
Epoch: 3, Batch: 440, Acc: 53.29%, Loss: 1.5908
Epoch: 3, Batch: 450, Acc: 53.27%, Loss: 1.5744
Epoch: 3, Batch: 460, Acc: 53.29%, Loss: 1.5166
Epoch: 3, Batch: 470, Acc: 53.28%, Loss: 1.5465
Epoch: 3, Batch: 480, Acc: 53.26%, Loss: 1.5654
Epoch: 3, Batch: 490, Acc: 53.24%, Loss: 1.5735
Epoch: 3, Batch: 500, Acc: 53.29%, Loss: 1.5421
Epoch: 3, Batch: 510, Acc: 53.24%, Loss: 1.5588
Epoch: 3, Batch: 520, Acc: 53.32%, Loss: 1.5073
Epoch: 3, Batch: 530, Acc: 53.25%, Loss: 1.6019
Epoch: 3, Batch: 540, Acc: 53.24%, Loss: 1.5579
Epoch: 3, Batch: 550, Acc: 53.29%, Loss: 1.5176
Epoch: 3, Batch: 560, Acc: 53.27%, Loss: 1.5466
Epoch: 3, Batch: 570, Acc: 53.36%, Loss: 1.5329
Epoch: 3, Batch: 580, Acc: 53.33%, Loss: 1.5956
Epoch: 3, Batch: 590, Acc: 53.34%, Loss: 1.5162
Epoch: 3, Batch: 600, Acc: 53.36%, Loss: 1.5303
Epoch: 3, Batch: 610, Acc: 53.38%, Loss: 1.5466
Epoch: 3, Batch: 620, Acc: 53.38%, Loss: 1.5278
Epoch: 3, Batch: 630, Acc: 53.42%, Loss: 1.5068
Epoch: 3, Batch: 640, Acc: 53.43%, Loss: 1.5563
Epoch: 3, Batch: 650, Acc: 53.50%, Loss: 1.5087
Epoch: 3, Batch: 660, Acc: 53.56%, Loss: 1.5136
Epoch: 3, Batch: 670, Acc: 53.57%, Loss: 1.5436
Epoch: 3, Batch: 680, Acc: 53.58%, Loss: 1.5293
Epoch: 3, Batch: 690, Acc: 53.61%, Loss: 1.4843
Epoch: 3, Batch: 700, Acc: 53.61%, Loss: 1.5133
Epoch: 3, Batch: 710, Acc: 53.64%, Loss: 1.5072
Epoch: 3, Batch: 720, Acc: 53.67%, Loss: 1.5315
Epoch: 3, Batch: 730, Acc: 53.69%, Loss: 1.5389
Epoch: 3, Batch: 740, Acc: 53.72%, Loss: 1.5069
Epoch: 3, Batch: 750, Acc: 53.76%, Loss: 1.4855
Epoch: 3, Batch: 760, Acc: 53.73%, Loss: 1.5748
Epoch: 3, Batch: 770, Acc: 53.72%, Loss: 1.5170
Epoch: 3, Batch: 780, Acc: 53.79%, Loss: 1.4567
Epoch: 3, Batch: 790, Acc: 53.79%, Loss: 1.5168
Epoch: 3, Batch: 800, Acc: 53.82%, Loss: 1.5077
Epoch: 3, Batch: 810, Acc: 53.84%, Loss: 1.4884
Epoch: 3, Batch: 820, Acc: 53.89%, Loss: 1.4848
Epoch: 3, Batch: 830, Acc: 53.88%, Loss: 1.4934
Epoch: 3, Batch: 840, Acc: 53.92%, Loss: 1.5030
Epoch: 3, Batch: 850, Acc: 53.94%, Loss: 1.5212
Epoch: 3, Batch: 860, Acc: 53.97%, Loss: 1.5028
Epoch: 3, Batch: 870, Acc: 54.01%, Loss: 1.5099
Epoch: 3, Batch: 880, Acc: 54.02%, Loss: 1.5295
Epoch: 3, Batch: 890, Acc: 54.04%, Loss: 1.4727
Epoch: 3, Batch: 900, Acc: 54.05%, Loss: 1.4686
Epoch: 3, Batch: 910, Acc: 54.06%, Loss: 1.5180
Epoch: 3, Batch: 920, Acc: 54.07%, Loss: 1.4970
Epoch: 3, Batch: 930, Acc: 54.06%, Loss: 1.5711
Accuracy on test set: 58.10%
Epoch: 4, Batch: 10, Acc: 55.16%, Loss: 1.4626
Epoch: 4, Batch: 20, Acc: 56.25%, Loss: 1.4662
Epoch: 4, Batch: 30, Acc: 55.89%, Loss: 1.4811
Epoch: 4, Batch: 40, Acc: 55.16%, Loss: 1.5143
Epoch: 4, Batch: 50, Acc: 55.47%, Loss: 1.4505
Epoch: 4, Batch: 60, Acc: 56.04%, Loss: 1.4572
Epoch: 4, Batch: 70, Acc: 56.09%, Loss: 1.4609
Epoch: 4, Batch: 80, Acc: 56.37%, Loss: 1.4720
Epoch: 4, Batch: 90, Acc: 56.20%, Loss: 1.4801
Epoch: 4, Batch: 100, Acc: 56.25%, Loss: 1.4794
Epoch: 4, Batch: 110, Acc: 56.14%, Loss: 1.4717
Epoch: 4, Batch: 120, Acc: 56.28%, Loss: 1.4643
Epoch: 4, Batch: 130, Acc: 56.54%, Loss: 1.4434
Epoch: 4, Batch: 140, Acc: 56.44%, Loss: 1.4741
Epoch: 4, Batch: 150, Acc: 56.44%, Loss: 1.4842
Epoch: 4, Batch: 160, Acc: 56.42%, Loss: 1.4622
Epoch: 4, Batch: 170, Acc: 56.42%, Loss: 1.4824
Epoch: 4, Batch: 180, Acc: 56.32%, Loss: 1.4733
Epoch: 4, Batch: 190, Acc: 56.36%, Loss: 1.4777
Epoch: 4, Batch: 200, Acc: 56.38%, Loss: 1.4592
Epoch: 4, Batch: 210, Acc: 56.35%, Loss: 1.4935
Epoch: 4, Batch: 220, Acc: 56.38%, Loss: 1.4629
Epoch: 4, Batch: 230, Acc: 56.32%, Loss: 1.4670
Epoch: 4, Batch: 240, Acc: 56.20%, Loss: 1.5197
Epoch: 4, Batch: 250, Acc: 56.30%, Loss: 1.4672
Epoch: 4, Batch: 260, Acc: 56.32%, Loss: 1.4767
Epoch: 4, Batch: 270, Acc: 56.23%, Loss: 1.4876
Epoch: 4, Batch: 280, Acc: 56.21%, Loss: 1.4641
Epoch: 4, Batch: 290, Acc: 56.11%, Loss: 1.4914
Epoch: 4, Batch: 300, Acc: 56.06%, Loss: 1.4917
Epoch: 4, Batch: 310, Acc: 56.02%, Loss: 1.4678
Epoch: 4, Batch: 320, Acc: 55.95%, Loss: 1.5255
Epoch: 4, Batch: 330, Acc: 55.98%, Loss: 1.4557
Epoch: 4, Batch: 340, Acc: 56.11%, Loss: 1.4365
Epoch: 4, Batch: 350, Acc: 56.15%, Loss: 1.4485
Epoch: 4, Batch: 360, Acc: 56.07%, Loss: 1.5068
Epoch: 4, Batch: 370, Acc: 56.08%, Loss: 1.4237
Epoch: 4, Batch: 380, Acc: 56.04%, Loss: 1.4558
Epoch: 4, Batch: 390, Acc: 56.17%, Loss: 1.4078
Epoch: 4, Batch: 400, Acc: 56.21%, Loss: 1.4450
Epoch: 4, Batch: 410, Acc: 56.23%, Loss: 1.4507
Epoch: 4, Batch: 420, Acc: 56.21%, Loss: 1.4577
Epoch: 4, Batch: 430, Acc: 56.18%, Loss: 1.4891
Epoch: 4, Batch: 440, Acc: 56.13%, Loss: 1.4532
Epoch: 4, Batch: 450, Acc: 56.17%, Loss: 1.4602
Epoch: 4, Batch: 460, Acc: 56.19%, Loss: 1.4626
Epoch: 4, Batch: 470, Acc: 56.18%, Loss: 1.4642
Epoch: 4, Batch: 480, Acc: 56.16%, Loss: 1.4618
Epoch: 4, Batch: 490, Acc: 56.22%, Loss: 1.4099
Epoch: 4, Batch: 500, Acc: 56.26%, Loss: 1.4475
Epoch: 4, Batch: 510, Acc: 56.23%, Loss: 1.4423
Epoch: 4, Batch: 520, Acc: 56.23%, Loss: 1.4612
Epoch: 4, Batch: 530, Acc: 56.22%, Loss: 1.4471
Epoch: 4, Batch: 540, Acc: 56.28%, Loss: 1.3894
Epoch: 4, Batch: 550, Acc: 56.30%, Loss: 1.4356
Epoch: 4, Batch: 560, Acc: 56.30%, Loss: 1.4388
Epoch: 4, Batch: 570, Acc: 56.40%, Loss: 1.3700
Epoch: 4, Batch: 580, Acc: 56.35%, Loss: 1.4466
Epoch: 4, Batch: 590, Acc: 56.37%, Loss: 1.4113
Epoch: 4, Batch: 600, Acc: 56.34%, Loss: 1.4162
Epoch: 4, Batch: 610, Acc: 56.36%, Loss: 1.4358
Epoch: 4, Batch: 620, Acc: 56.36%, Loss: 1.4238
Epoch: 4, Batch: 630, Acc: 56.34%, Loss: 1.4876
Epoch: 4, Batch: 640, Acc: 56.34%, Loss: 1.3977
Epoch: 4, Batch: 650, Acc: 56.38%, Loss: 1.4038
Epoch: 4, Batch: 660, Acc: 56.42%, Loss: 1.3655
Epoch: 4, Batch: 670, Acc: 56.37%, Loss: 1.4761
Epoch: 4, Batch: 680, Acc: 56.42%, Loss: 1.4215
Epoch: 4, Batch: 690, Acc: 56.43%, Loss: 1.4157
Epoch: 4, Batch: 700, Acc: 56.46%, Loss: 1.3936
Epoch: 4, Batch: 710, Acc: 56.45%, Loss: 1.3968
Epoch: 4, Batch: 720, Acc: 56.50%, Loss: 1.3959
Epoch: 4, Batch: 730, Acc: 56.51%, Loss: 1.4075
Epoch: 4, Batch: 740, Acc: 56.52%, Loss: 1.4050
Epoch: 4, Batch: 750, Acc: 56.54%, Loss: 1.4025
Epoch: 4, Batch: 760, Acc: 56.55%, Loss: 1.4294
Epoch: 4, Batch: 770, Acc: 56.55%, Loss: 1.4079
Epoch: 4, Batch: 780, Acc: 56.53%, Loss: 1.3968
Epoch: 4, Batch: 790, Acc: 56.54%, Loss: 1.4327
Epoch: 4, Batch: 800, Acc: 56.57%, Loss: 1.3521
Epoch: 4, Batch: 810, Acc: 56.60%, Loss: 1.4045
Epoch: 4, Batch: 820, Acc: 56.62%, Loss: 1.4116
Epoch: 4, Batch: 830, Acc: 56.65%, Loss: 1.3654
Epoch: 4, Batch: 840, Acc: 56.61%, Loss: 1.4560
Epoch: 4, Batch: 850, Acc: 56.62%, Loss: 1.4330
Epoch: 4, Batch: 860, Acc: 56.61%, Loss: 1.4355
Epoch: 4, Batch: 870, Acc: 56.59%, Loss: 1.4361
Epoch: 4, Batch: 880, Acc: 56.56%, Loss: 1.4504
Epoch: 4, Batch: 890, Acc: 56.55%, Loss: 1.3974
Epoch: 4, Batch: 900, Acc: 56.54%, Loss: 1.4430
Epoch: 4, Batch: 910, Acc: 56.55%, Loss: 1.3971
Epoch: 4, Batch: 920, Acc: 56.57%, Loss: 1.3836
Epoch: 4, Batch: 930, Acc: 56.58%, Loss: 1.3802
Accuracy on test set: 60.24%
Epoch: 5, Batch: 10, Acc: 59.69%, Loss: 1.3908
Epoch: 5, Batch: 20, Acc: 57.89%, Loss: 1.4011
Epoch: 5, Batch: 30, Acc: 57.86%, Loss: 1.3849
Epoch: 5, Batch: 40, Acc: 57.89%, Loss: 1.4136
Epoch: 5, Batch: 50, Acc: 57.69%, Loss: 1.4297
Epoch: 5, Batch: 60, Acc: 57.66%, Loss: 1.3742
Epoch: 5, Batch: 70, Acc: 57.59%, Loss: 1.4117
Epoch: 5, Batch: 80, Acc: 57.13%, Loss: 1.4318
Epoch: 5, Batch: 90, Acc: 57.24%, Loss: 1.3829
Epoch: 5, Batch: 100, Acc: 57.53%, Loss: 1.3718
Epoch: 5, Batch: 110, Acc: 57.90%, Loss: 1.3492
Epoch: 5, Batch: 120, Acc: 57.55%, Loss: 1.4491
Epoch: 5, Batch: 130, Acc: 57.52%, Loss: 1.3980
Epoch: 5, Batch: 140, Acc: 57.40%, Loss: 1.4267
Epoch: 5, Batch: 150, Acc: 57.42%, Loss: 1.3948
Epoch: 5, Batch: 160, Acc: 57.44%, Loss: 1.3668
Epoch: 5, Batch: 170, Acc: 57.26%, Loss: 1.3807
Epoch: 5, Batch: 180, Acc: 57.41%, Loss: 1.3609
Epoch: 5, Batch: 190, Acc: 57.38%, Loss: 1.3544
Epoch: 5, Batch: 200, Acc: 57.33%, Loss: 1.3711
Epoch: 5, Batch: 210, Acc: 57.38%, Loss: 1.3835
Epoch: 5, Batch: 220, Acc: 57.29%, Loss: 1.4418
Epoch: 5, Batch: 230, Acc: 57.30%, Loss: 1.3711
Epoch: 5, Batch: 240, Acc: 57.37%, Loss: 1.3487
Epoch: 5, Batch: 250, Acc: 57.39%, Loss: 1.3649
Epoch: 5, Batch: 260, Acc: 57.46%, Loss: 1.3496
Epoch: 5, Batch: 270, Acc: 57.45%, Loss: 1.3391
Epoch: 5, Batch: 280, Acc: 57.42%, Loss: 1.4013
Epoch: 5, Batch: 290, Acc: 57.49%, Loss: 1.3680
Epoch: 5, Batch: 300, Acc: 57.52%, Loss: 1.4090
Epoch: 5, Batch: 310, Acc: 57.51%, Loss: 1.3954
Epoch: 5, Batch: 320, Acc: 57.49%, Loss: 1.3620
Epoch: 5, Batch: 330, Acc: 57.39%, Loss: 1.4344
Epoch: 5, Batch: 340, Acc: 57.35%, Loss: 1.3869
Epoch: 5, Batch: 350, Acc: 57.40%, Loss: 1.3748
Epoch: 5, Batch: 360, Acc: 57.41%, Loss: 1.3531
Epoch: 5, Batch: 370, Acc: 57.36%, Loss: 1.4115
Epoch: 5, Batch: 380, Acc: 57.36%, Loss: 1.3581
Epoch: 5, Batch: 390, Acc: 57.35%, Loss: 1.4201
Epoch: 5, Batch: 400, Acc: 57.39%, Loss: 1.3605
Epoch: 5, Batch: 410, Acc: 57.35%, Loss: 1.4061
Epoch: 5, Batch: 420, Acc: 57.43%, Loss: 1.3293
Epoch: 5, Batch: 430, Acc: 57.50%, Loss: 1.3812
Epoch: 5, Batch: 440, Acc: 57.49%, Loss: 1.3220
Epoch: 5, Batch: 450, Acc: 57.48%, Loss: 1.3503
Epoch: 5, Batch: 460, Acc: 57.50%, Loss: 1.3467
Epoch: 5, Batch: 470, Acc: 57.56%, Loss: 1.3323
Epoch: 5, Batch: 480, Acc: 57.61%, Loss: 1.3183
Epoch: 5, Batch: 490, Acc: 57.58%, Loss: 1.3764
Epoch: 5, Batch: 500, Acc: 57.57%, Loss: 1.3670
Epoch: 5, Batch: 510, Acc: 57.57%, Loss: 1.3734
Epoch: 5, Batch: 520, Acc: 57.58%, Loss: 1.3652
Epoch: 5, Batch: 530, Acc: 57.66%, Loss: 1.3535
Epoch: 5, Batch: 540, Acc: 57.72%, Loss: 1.3556
Epoch: 5, Batch: 550, Acc: 57.72%, Loss: 1.3664
Epoch: 5, Batch: 560, Acc: 57.70%, Loss: 1.3873
Epoch: 5, Batch: 570, Acc: 57.71%, Loss: 1.3665
Epoch: 5, Batch: 580, Acc: 57.69%, Loss: 1.4176
Epoch: 5, Batch: 590, Acc: 57.67%, Loss: 1.3505
Epoch: 5, Batch: 600, Acc: 57.66%, Loss: 1.3932
Epoch: 5, Batch: 610, Acc: 57.66%, Loss: 1.3653
Epoch: 5, Batch: 620, Acc: 57.70%, Loss: 1.3202
Epoch: 5, Batch: 630, Acc: 57.69%, Loss: 1.3785
Epoch: 5, Batch: 640, Acc: 57.71%, Loss: 1.3628
Epoch: 5, Batch: 650, Acc: 57.65%, Loss: 1.3897
Epoch: 5, Batch: 660, Acc: 57.65%, Loss: 1.3545
Epoch: 5, Batch: 670, Acc: 57.68%, Loss: 1.3801
Epoch: 5, Batch: 680, Acc: 57.74%, Loss: 1.3189
Epoch: 5, Batch: 690, Acc: 57.75%, Loss: 1.3452
Epoch: 5, Batch: 700, Acc: 57.83%, Loss: 1.2834
Epoch: 5, Batch: 710, Acc: 57.83%, Loss: 1.3447
Epoch: 5, Batch: 720, Acc: 57.84%, Loss: 1.3527
Epoch: 5, Batch: 730, Acc: 57.85%, Loss: 1.3551
Epoch: 5, Batch: 740, Acc: 57.85%, Loss: 1.3567
Epoch: 5, Batch: 750, Acc: 57.86%, Loss: 1.3737
Epoch: 5, Batch: 760, Acc: 57.82%, Loss: 1.3630
Epoch: 5, Batch: 770, Acc: 57.87%, Loss: 1.2990
Epoch: 5, Batch: 780, Acc: 57.88%, Loss: 1.3537
Epoch: 5, Batch: 790, Acc: 57.88%, Loss: 1.3423
Epoch: 5, Batch: 800, Acc: 57.89%, Loss: 1.3266
Epoch: 5, Batch: 810, Acc: 57.93%, Loss: 1.3198
Epoch: 5, Batch: 820, Acc: 57.92%, Loss: 1.3650
Epoch: 5, Batch: 830, Acc: 57.90%, Loss: 1.3694
Epoch: 5, Batch: 840, Acc: 57.87%, Loss: 1.3683
Epoch: 5, Batch: 850, Acc: 57.91%, Loss: 1.2807
Epoch: 5, Batch: 860, Acc: 57.89%, Loss: 1.3580
Epoch: 5, Batch: 870, Acc: 57.90%, Loss: 1.3362
Epoch: 5, Batch: 880, Acc: 57.90%, Loss: 1.3874
Epoch: 5, Batch: 890, Acc: 57.92%, Loss: 1.3331
Epoch: 5, Batch: 900, Acc: 57.91%, Loss: 1.3734
Epoch: 5, Batch: 910, Acc: 57.91%, Loss: 1.3713
Epoch: 5, Batch: 920, Acc: 57.91%, Loss: 1.3349
Epoch: 5, Batch: 930, Acc: 57.94%, Loss: 1.3011
Accuracy on test set: 62.00%
Epoch: 6, Batch: 10, Acc: 62.50%, Loss: 1.2784
Epoch: 6, Batch: 20, Acc: 62.11%, Loss: 1.3084
Epoch: 6, Batch: 30, Acc: 62.45%, Loss: 1.2845
Epoch: 6, Batch: 40, Acc: 61.21%, Loss: 1.3745
Epoch: 6, Batch: 50, Acc: 60.75%, Loss: 1.3586
Epoch: 6, Batch: 60, Acc: 60.13%, Loss: 1.3383
Epoch: 6, Batch: 70, Acc: 60.00%, Loss: 1.3009
Epoch: 6, Batch: 80, Acc: 59.69%, Loss: 1.3360
Epoch: 6, Batch: 90, Acc: 59.55%, Loss: 1.3051
Epoch: 6, Batch: 100, Acc: 59.36%, Loss: 1.3596
Epoch: 6, Batch: 110, Acc: 59.25%, Loss: 1.3569
Epoch: 6, Batch: 120, Acc: 59.00%, Loss: 1.3438
Epoch: 6, Batch: 130, Acc: 59.18%, Loss: 1.3338
Epoch: 6, Batch: 140, Acc: 59.11%, Loss: 1.3253
Epoch: 6, Batch: 150, Acc: 58.91%, Loss: 1.3681
Epoch: 6, Batch: 160, Acc: 58.73%, Loss: 1.3652
Epoch: 6, Batch: 170, Acc: 58.73%, Loss: 1.3169
Epoch: 6, Batch: 180, Acc: 58.67%, Loss: 1.3511
Epoch: 6, Batch: 190, Acc: 58.36%, Loss: 1.3974
Epoch: 6, Batch: 200, Acc: 58.40%, Loss: 1.3035
Epoch: 6, Batch: 210, Acc: 58.54%, Loss: 1.3099
Epoch: 6, Batch: 220, Acc: 58.54%, Loss: 1.3027
Epoch: 6, Batch: 230, Acc: 58.40%, Loss: 1.3525
Epoch: 6, Batch: 240, Acc: 58.62%, Loss: 1.3053
Epoch: 6, Batch: 250, Acc: 58.65%, Loss: 1.2876
Epoch: 6, Batch: 260, Acc: 58.53%, Loss: 1.3684
Epoch: 6, Batch: 270, Acc: 58.59%, Loss: 1.3177
Epoch: 6, Batch: 280, Acc: 58.61%, Loss: 1.3245
Epoch: 6, Batch: 290, Acc: 58.56%, Loss: 1.3530
Epoch: 6, Batch: 300, Acc: 58.62%, Loss: 1.2831
Epoch: 6, Batch: 310, Acc: 58.64%, Loss: 1.3312
Epoch: 6, Batch: 320, Acc: 58.62%, Loss: 1.3191
Epoch: 6, Batch: 330, Acc: 58.63%, Loss: 1.3340
Epoch: 6, Batch: 340, Acc: 58.69%, Loss: 1.3019
Epoch: 6, Batch: 350, Acc: 58.67%, Loss: 1.3676
Epoch: 6, Batch: 360, Acc: 58.72%, Loss: 1.3316
Epoch: 6, Batch: 370, Acc: 58.73%, Loss: 1.3434
Epoch: 6, Batch: 380, Acc: 58.73%, Loss: 1.3267
Epoch: 6, Batch: 390, Acc: 58.81%, Loss: 1.2820
Epoch: 6, Batch: 400, Acc: 58.87%, Loss: 1.2915
Epoch: 6, Batch: 410, Acc: 58.93%, Loss: 1.3013
Epoch: 6, Batch: 420, Acc: 58.85%, Loss: 1.3722
Epoch: 6, Batch: 430, Acc: 58.93%, Loss: 1.2686
Epoch: 6, Batch: 440, Acc: 58.93%, Loss: 1.3337
Epoch: 6, Batch: 450, Acc: 58.89%, Loss: 1.3012
Epoch: 6, Batch: 460, Acc: 58.91%, Loss: 1.3104
Epoch: 6, Batch: 470, Acc: 58.90%, Loss: 1.3151
Epoch: 6, Batch: 480, Acc: 58.96%, Loss: 1.2898
Epoch: 6, Batch: 490, Acc: 58.90%, Loss: 1.3367
Epoch: 6, Batch: 500, Acc: 58.94%, Loss: 1.3074
Epoch: 6, Batch: 510, Acc: 59.03%, Loss: 1.2785
Epoch: 6, Batch: 520, Acc: 59.01%, Loss: 1.3358
Epoch: 6, Batch: 530, Acc: 59.00%, Loss: 1.3241
Epoch: 6, Batch: 540, Acc: 58.99%, Loss: 1.3144
Epoch: 6, Batch: 550, Acc: 59.03%, Loss: 1.3185
Epoch: 6, Batch: 560, Acc: 58.94%, Loss: 1.4084
Epoch: 6, Batch: 570, Acc: 58.96%, Loss: 1.3103
Epoch: 6, Batch: 580, Acc: 58.99%, Loss: 1.3014
Epoch: 6, Batch: 590, Acc: 59.03%, Loss: 1.2954
Epoch: 6, Batch: 600, Acc: 59.09%, Loss: 1.2807
Epoch: 6, Batch: 610, Acc: 59.11%, Loss: 1.2546
Epoch: 6, Batch: 620, Acc: 59.13%, Loss: 1.2973
Epoch: 6, Batch: 630, Acc: 59.18%, Loss: 1.2223
Epoch: 6, Batch: 640, Acc: 59.17%, Loss: 1.3071
Epoch: 6, Batch: 650, Acc: 59.19%, Loss: 1.2841
Epoch: 6, Batch: 660, Acc: 59.19%, Loss: 1.3245
Epoch: 6, Batch: 670, Acc: 59.22%, Loss: 1.2647
Epoch: 6, Batch: 680, Acc: 59.24%, Loss: 1.3060
Epoch: 6, Batch: 690, Acc: 59.20%, Loss: 1.3632
Epoch: 6, Batch: 700, Acc: 59.21%, Loss: 1.3097
Epoch: 6, Batch: 710, Acc: 59.22%, Loss: 1.3129
Epoch: 6, Batch: 720, Acc: 59.26%, Loss: 1.2467
Epoch: 6, Batch: 730, Acc: 59.30%, Loss: 1.2828
Epoch: 6, Batch: 740, Acc: 59.28%, Loss: 1.3856
Epoch: 6, Batch: 750, Acc: 59.30%, Loss: 1.2645
Epoch: 6, Batch: 760, Acc: 59.32%, Loss: 1.2719
Epoch: 6, Batch: 770, Acc: 59.30%, Loss: 1.2974
Epoch: 6, Batch: 780, Acc: 59.31%, Loss: 1.2811
Epoch: 6, Batch: 790, Acc: 59.34%, Loss: 1.2866
Epoch: 6, Batch: 800, Acc: 59.37%, Loss: 1.2654
Epoch: 6, Batch: 810, Acc: 59.36%, Loss: 1.3129
Epoch: 6, Batch: 820, Acc: 59.35%, Loss: 1.2752
Epoch: 6, Batch: 830, Acc: 59.36%, Loss: 1.2859
Epoch: 6, Batch: 840, Acc: 59.36%, Loss: 1.3338
Epoch: 6, Batch: 850, Acc: 59.32%, Loss: 1.3143
Epoch: 6, Batch: 860, Acc: 59.33%, Loss: 1.2594
Epoch: 6, Batch: 870, Acc: 59.32%, Loss: 1.3342
Epoch: 6, Batch: 880, Acc: 59.29%, Loss: 1.3716
Epoch: 6, Batch: 890, Acc: 59.23%, Loss: 1.3508
Epoch: 6, Batch: 900, Acc: 59.25%, Loss: 1.2917
Epoch: 6, Batch: 910, Acc: 59.25%, Loss: 1.3192
Epoch: 6, Batch: 920, Acc: 59.27%, Loss: 1.2901
Epoch: 6, Batch: 930, Acc: 59.23%, Loss: 1.3138
Accuracy on test set: 62.50%
Epoch: 7, Batch: 10, Acc: 59.53%, Loss: 1.2939
Epoch: 7, Batch: 20, Acc: 59.45%, Loss: 1.2753
Epoch: 7, Batch: 30, Acc: 58.70%, Loss: 1.3389
Epoch: 7, Batch: 40, Acc: 58.01%, Loss: 1.3586
Epoch: 7, Batch: 50, Acc: 57.97%, Loss: 1.2938
Epoch: 7, Batch: 60, Acc: 58.36%, Loss: 1.2715
Epoch: 7, Batch: 70, Acc: 59.11%, Loss: 1.2312
Epoch: 7, Batch: 80, Acc: 59.36%, Loss: 1.2557
Epoch: 7, Batch: 90, Acc: 59.27%, Loss: 1.2864
Epoch: 7, Batch: 100, Acc: 59.56%, Loss: 1.2697
Epoch: 7, Batch: 110, Acc: 59.70%, Loss: 1.2764
Epoch: 7, Batch: 120, Acc: 59.74%, Loss: 1.2539
Epoch: 7, Batch: 130, Acc: 59.56%, Loss: 1.3432
Epoch: 7, Batch: 140, Acc: 59.77%, Loss: 1.2892
Epoch: 7, Batch: 150, Acc: 59.78%, Loss: 1.3029
Epoch: 7, Batch: 160, Acc: 59.81%, Loss: 1.2727
Epoch: 7, Batch: 170, Acc: 59.86%, Loss: 1.2933
Epoch: 7, Batch: 180, Acc: 59.87%, Loss: 1.2931
Epoch: 7, Batch: 190, Acc: 59.73%, Loss: 1.3161
Epoch: 7, Batch: 200, Acc: 59.64%, Loss: 1.3178
Epoch: 7, Batch: 210, Acc: 59.63%, Loss: 1.2931
Epoch: 7, Batch: 220, Acc: 59.77%, Loss: 1.2713
Epoch: 7, Batch: 230, Acc: 59.69%, Loss: 1.3072
Epoch: 7, Batch: 240, Acc: 59.66%, Loss: 1.2767
Epoch: 7, Batch: 250, Acc: 59.63%, Loss: 1.3243
Epoch: 7, Batch: 260, Acc: 59.53%, Loss: 1.3531
Epoch: 7, Batch: 270, Acc: 59.51%, Loss: 1.2858
Epoch: 7, Batch: 280, Acc: 59.61%, Loss: 1.2215
Epoch: 7, Batch: 290, Acc: 59.71%, Loss: 1.2523
Epoch: 7, Batch: 300, Acc: 59.71%, Loss: 1.3033
Epoch: 7, Batch: 310, Acc: 59.71%, Loss: 1.2623
Epoch: 7, Batch: 320, Acc: 59.73%, Loss: 1.3027
Epoch: 7, Batch: 330, Acc: 59.73%, Loss: 1.2962
Epoch: 7, Batch: 340, Acc: 59.71%, Loss: 1.3165
Epoch: 7, Batch: 350, Acc: 59.68%, Loss: 1.2729
Epoch: 7, Batch: 360, Acc: 59.73%, Loss: 1.2795
Epoch: 7, Batch: 370, Acc: 59.76%, Loss: 1.2511
Epoch: 7, Batch: 380, Acc: 59.73%, Loss: 1.2949
Epoch: 7, Batch: 390, Acc: 59.74%, Loss: 1.3092
Epoch: 7, Batch: 400, Acc: 59.79%, Loss: 1.2892
Epoch: 7, Batch: 410, Acc: 59.80%, Loss: 1.2275
Epoch: 7, Batch: 420, Acc: 59.79%, Loss: 1.2959
Epoch: 7, Batch: 430, Acc: 59.75%, Loss: 1.3119
Epoch: 7, Batch: 440, Acc: 59.70%, Loss: 1.3091
Epoch: 7, Batch: 450, Acc: 59.67%, Loss: 1.2643
Epoch: 7, Batch: 460, Acc: 59.59%, Loss: 1.3772
Epoch: 7, Batch: 470, Acc: 59.65%, Loss: 1.2763
Epoch: 7, Batch: 480, Acc: 59.67%, Loss: 1.2388
Epoch: 7, Batch: 490, Acc: 59.74%, Loss: 1.2719
Epoch: 7, Batch: 500, Acc: 59.76%, Loss: 1.2955
Epoch: 7, Batch: 510, Acc: 59.79%, Loss: 1.2203
Epoch: 7, Batch: 520, Acc: 59.83%, Loss: 1.2791
Epoch: 7, Batch: 530, Acc: 59.83%, Loss: 1.2869
Epoch: 7, Batch: 540, Acc: 59.85%, Loss: 1.3083
Epoch: 7, Batch: 550, Acc: 59.86%, Loss: 1.2897
Epoch: 7, Batch: 560, Acc: 59.82%, Loss: 1.3082
Epoch: 7, Batch: 570, Acc: 59.91%, Loss: 1.2050
Epoch: 7, Batch: 580, Acc: 59.84%, Loss: 1.3319
Epoch: 7, Batch: 590, Acc: 59.91%, Loss: 1.1875
Epoch: 7, Batch: 600, Acc: 59.87%, Loss: 1.2829
Epoch: 7, Batch: 610, Acc: 59.84%, Loss: 1.2637
Epoch: 7, Batch: 620, Acc: 59.81%, Loss: 1.2766
Epoch: 7, Batch: 630, Acc: 59.82%, Loss: 1.2758
Epoch: 7, Batch: 640, Acc: 59.83%, Loss: 1.2794
Epoch: 7, Batch: 650, Acc: 59.82%, Loss: 1.2554
Epoch: 7, Batch: 660, Acc: 59.88%, Loss: 1.2250
Epoch: 7, Batch: 670, Acc: 59.89%, Loss: 1.2237
Epoch: 7, Batch: 680, Acc: 59.88%, Loss: 1.2710
Epoch: 7, Batch: 690, Acc: 59.87%, Loss: 1.2499
Epoch: 7, Batch: 700, Acc: 59.83%, Loss: 1.3114
Epoch: 7, Batch: 710, Acc: 59.85%, Loss: 1.2437
Epoch: 7, Batch: 720, Acc: 59.84%, Loss: 1.2731
Epoch: 7, Batch: 730, Acc: 59.86%, Loss: 1.2316
Epoch: 7, Batch: 740, Acc: 59.86%, Loss: 1.2599
Epoch: 7, Batch: 750, Acc: 59.87%, Loss: 1.2793
Epoch: 7, Batch: 760, Acc: 59.86%, Loss: 1.3355
Epoch: 7, Batch: 770, Acc: 59.80%, Loss: 1.3531
Epoch: 7, Batch: 780, Acc: 59.83%, Loss: 1.2619
Epoch: 7, Batch: 790, Acc: 59.85%, Loss: 1.2437
Epoch: 7, Batch: 800, Acc: 59.85%, Loss: 1.2497
Epoch: 7, Batch: 810, Acc: 59.85%, Loss: 1.2854
Epoch: 7, Batch: 820, Acc: 59.86%, Loss: 1.2366
Epoch: 7, Batch: 830, Acc: 59.84%, Loss: 1.3064
Epoch: 7, Batch: 840, Acc: 59.85%, Loss: 1.2483
Epoch: 7, Batch: 850, Acc: 59.90%, Loss: 1.2418
Epoch: 7, Batch: 860, Acc: 59.93%, Loss: 1.2438
Epoch: 7, Batch: 870, Acc: 59.95%, Loss: 1.2559
Epoch: 7, Batch: 880, Acc: 59.93%, Loss: 1.2784
Epoch: 7, Batch: 890, Acc: 59.91%, Loss: 1.2355
Epoch: 7, Batch: 900, Acc: 59.91%, Loss: 1.2462
Epoch: 7, Batch: 910, Acc: 59.94%, Loss: 1.1825
Epoch: 7, Batch: 920, Acc: 59.93%, Loss: 1.2404
Epoch: 7, Batch: 930, Acc: 59.94%, Loss: 1.2458
Accuracy on test set: 63.08%
Epoch: 8, Batch: 10, Acc: 63.12%, Loss: 1.2357
Epoch: 8, Batch: 20, Acc: 60.39%, Loss: 1.2284
Epoch: 8, Batch: 30, Acc: 60.36%, Loss: 1.2503
Epoch: 8, Batch: 40, Acc: 60.20%, Loss: 1.2343
Epoch: 8, Batch: 50, Acc: 59.19%, Loss: 1.3245
Epoch: 8, Batch: 60, Acc: 59.45%, Loss: 1.2664
Epoch: 8, Batch: 70, Acc: 59.91%, Loss: 1.2041
Epoch: 8, Batch: 80, Acc: 59.86%, Loss: 1.3011
Epoch: 8, Batch: 90, Acc: 59.58%, Loss: 1.3099
Epoch: 8, Batch: 100, Acc: 59.66%, Loss: 1.2574
Epoch: 8, Batch: 110, Acc: 59.69%, Loss: 1.2598
Epoch: 8, Batch: 120, Acc: 59.51%, Loss: 1.3192
Epoch: 8, Batch: 130, Acc: 59.69%, Loss: 1.2180
Epoch: 8, Batch: 140, Acc: 59.81%, Loss: 1.2749
Epoch: 8, Batch: 150, Acc: 59.89%, Loss: 1.2488
Epoch: 8, Batch: 160, Acc: 59.88%, Loss: 1.2654
Epoch: 8, Batch: 170, Acc: 59.82%, Loss: 1.2948
Epoch: 8, Batch: 180, Acc: 60.05%, Loss: 1.2634
Epoch: 8, Batch: 190, Acc: 60.02%, Loss: 1.3147
Epoch: 8, Batch: 200, Acc: 59.84%, Loss: 1.3004
Epoch: 8, Batch: 210, Acc: 59.96%, Loss: 1.2121
Epoch: 8, Batch: 220, Acc: 60.00%, Loss: 1.2520
Epoch: 8, Batch: 230, Acc: 60.07%, Loss: 1.2376
Epoch: 8, Batch: 240, Acc: 60.09%, Loss: 1.2658
Epoch: 8, Batch: 250, Acc: 60.09%, Loss: 1.2381
Epoch: 8, Batch: 260, Acc: 60.13%, Loss: 1.2804
Epoch: 8, Batch: 270, Acc: 60.12%, Loss: 1.2618
Epoch: 8, Batch: 280, Acc: 60.09%, Loss: 1.2462
Epoch: 8, Batch: 290, Acc: 60.14%, Loss: 1.2600
Epoch: 8, Batch: 300, Acc: 60.13%, Loss: 1.2673
Epoch: 8, Batch: 310, Acc: 60.15%, Loss: 1.2548
Epoch: 8, Batch: 320, Acc: 60.33%, Loss: 1.1957
Epoch: 8, Batch: 330, Acc: 60.37%, Loss: 1.2190
Epoch: 8, Batch: 340, Acc: 60.47%, Loss: 1.2523
Epoch: 8, Batch: 350, Acc: 60.52%, Loss: 1.1979
Epoch: 8, Batch: 360, Acc: 60.49%, Loss: 1.2667
Epoch: 8, Batch: 370, Acc: 60.53%, Loss: 1.2661
Epoch: 8, Batch: 380, Acc: 60.59%, Loss: 1.2270
Epoch: 8, Batch: 390, Acc: 60.55%, Loss: 1.2771
Epoch: 8, Batch: 400, Acc: 60.54%, Loss: 1.2383
Epoch: 8, Batch: 410, Acc: 60.55%, Loss: 1.2318
Epoch: 8, Batch: 420, Acc: 60.64%, Loss: 1.2379
Epoch: 8, Batch: 430, Acc: 60.61%, Loss: 1.2072
Epoch: 8, Batch: 440, Acc: 60.59%, Loss: 1.2141
Epoch: 8, Batch: 450, Acc: 60.61%, Loss: 1.2525
Epoch: 8, Batch: 460, Acc: 60.58%, Loss: 1.2498
Epoch: 8, Batch: 470, Acc: 60.66%, Loss: 1.1724
Epoch: 8, Batch: 480, Acc: 60.64%, Loss: 1.2570
Epoch: 8, Batch: 490, Acc: 60.62%, Loss: 1.2795
Epoch: 8, Batch: 500, Acc: 60.59%, Loss: 1.2445
Epoch: 8, Batch: 510, Acc: 60.54%, Loss: 1.3190
Epoch: 8, Batch: 520, Acc: 60.64%, Loss: 1.1869
Epoch: 8, Batch: 530, Acc: 60.67%, Loss: 1.2154
Epoch: 8, Batch: 540, Acc: 60.62%, Loss: 1.2813
Epoch: 8, Batch: 550, Acc: 60.57%, Loss: 1.2889
Epoch: 8, Batch: 560, Acc: 60.62%, Loss: 1.2053
Epoch: 8, Batch: 570, Acc: 60.67%, Loss: 1.1877
Epoch: 8, Batch: 580, Acc: 60.71%, Loss: 1.2169
Epoch: 8, Batch: 590, Acc: 60.67%, Loss: 1.2640
Epoch: 8, Batch: 600, Acc: 60.64%, Loss: 1.2521
Epoch: 8, Batch: 610, Acc: 60.68%, Loss: 1.2328
Epoch: 8, Batch: 620, Acc: 60.68%, Loss: 1.2428
Epoch: 8, Batch: 630, Acc: 60.71%, Loss: 1.2133
Epoch: 8, Batch: 640, Acc: 60.67%, Loss: 1.2910
Epoch: 8, Batch: 650, Acc: 60.68%, Loss: 1.2253
Epoch: 8, Batch: 660, Acc: 60.68%, Loss: 1.2481
Epoch: 8, Batch: 670, Acc: 60.70%, Loss: 1.2598
Epoch: 8, Batch: 680, Acc: 60.74%, Loss: 1.2056
Epoch: 8, Batch: 690, Acc: 60.78%, Loss: 1.1995
Epoch: 8, Batch: 700, Acc: 60.74%, Loss: 1.3015
Epoch: 8, Batch: 710, Acc: 60.71%, Loss: 1.2613
Epoch: 8, Batch: 720, Acc: 60.68%, Loss: 1.2847
Epoch: 8, Batch: 730, Acc: 60.68%, Loss: 1.2850
Epoch: 8, Batch: 740, Acc: 60.62%, Loss: 1.3178
Epoch: 8, Batch: 750, Acc: 60.63%, Loss: 1.2918
Epoch: 8, Batch: 760, Acc: 60.64%, Loss: 1.2481
Epoch: 8, Batch: 770, Acc: 60.60%, Loss: 1.2784
Epoch: 8, Batch: 780, Acc: 60.57%, Loss: 1.2685
Epoch: 8, Batch: 790, Acc: 60.59%, Loss: 1.2200
Epoch: 8, Batch: 800, Acc: 60.61%, Loss: 1.2073
Epoch: 8, Batch: 810, Acc: 60.62%, Loss: 1.2209
Epoch: 8, Batch: 820, Acc: 60.64%, Loss: 1.2374
Epoch: 8, Batch: 830, Acc: 60.66%, Loss: 1.2360
Epoch: 8, Batch: 840, Acc: 60.67%, Loss: 1.2250
Epoch: 8, Batch: 850, Acc: 60.67%, Loss: 1.2182
Epoch: 8, Batch: 860, Acc: 60.68%, Loss: 1.2097
Epoch: 8, Batch: 870, Acc: 60.65%, Loss: 1.2975
Epoch: 8, Batch: 880, Acc: 60.69%, Loss: 1.2057
Epoch: 8, Batch: 890, Acc: 60.67%, Loss: 1.2408
Epoch: 8, Batch: 900, Acc: 60.65%, Loss: 1.2525
Epoch: 8, Batch: 910, Acc: 60.68%, Loss: 1.2069
Epoch: 8, Batch: 920, Acc: 60.70%, Loss: 1.1865
Epoch: 8, Batch: 930, Acc: 60.70%, Loss: 1.1996
Accuracy on test set: 63.65%
Epoch: 9, Batch: 10, Acc: 61.09%, Loss: 1.2388
Epoch: 9, Batch: 20, Acc: 60.55%, Loss: 1.2412
Epoch: 9, Batch: 30, Acc: 60.68%, Loss: 1.2139
Epoch: 9, Batch: 40, Acc: 61.02%, Loss: 1.2054
Epoch: 9, Batch: 50, Acc: 60.66%, Loss: 1.2577
Epoch: 9, Batch: 60, Acc: 60.99%, Loss: 1.2076
Epoch: 9, Batch: 70, Acc: 60.71%, Loss: 1.3021
Epoch: 9, Batch: 80, Acc: 60.70%, Loss: 1.2440
Epoch: 9, Batch: 90, Acc: 60.64%, Loss: 1.2402
Epoch: 9, Batch: 100, Acc: 60.70%, Loss: 1.3075
Epoch: 9, Batch: 110, Acc: 60.81%, Loss: 1.1680
Epoch: 9, Batch: 120, Acc: 60.36%, Loss: 1.3436
Epoch: 9, Batch: 130, Acc: 60.50%, Loss: 1.2314
Epoch: 9, Batch: 140, Acc: 60.67%, Loss: 1.1976
Epoch: 9, Batch: 150, Acc: 60.73%, Loss: 1.2352
Epoch: 9, Batch: 160, Acc: 60.72%, Loss: 1.2285
Epoch: 9, Batch: 170, Acc: 60.62%, Loss: 1.2923
Epoch: 9, Batch: 180, Acc: 60.76%, Loss: 1.2447
Epoch: 9, Batch: 190, Acc: 60.78%, Loss: 1.2034
Epoch: 9, Batch: 200, Acc: 60.77%, Loss: 1.2101
Epoch: 9, Batch: 210, Acc: 60.72%, Loss: 1.2125
Epoch: 9, Batch: 220, Acc: 60.70%, Loss: 1.1954
Epoch: 9, Batch: 230, Acc: 60.62%, Loss: 1.2394
Epoch: 9, Batch: 240, Acc: 60.72%, Loss: 1.1935
Epoch: 9, Batch: 250, Acc: 60.73%, Loss: 1.2262
Epoch: 9, Batch: 260, Acc: 60.73%, Loss: 1.2684
Epoch: 9, Batch: 270, Acc: 60.75%, Loss: 1.2256
Epoch: 9, Batch: 280, Acc: 60.78%, Loss: 1.2648
Epoch: 9, Batch: 290, Acc: 60.84%, Loss: 1.1693
Epoch: 9, Batch: 300, Acc: 60.78%, Loss: 1.2488
Epoch: 9, Batch: 310, Acc: 60.74%, Loss: 1.2717
Epoch: 9, Batch: 320, Acc: 60.82%, Loss: 1.2210
Epoch: 9, Batch: 330, Acc: 60.84%, Loss: 1.2434
Epoch: 9, Batch: 340, Acc: 60.82%, Loss: 1.2240
Epoch: 9, Batch: 350, Acc: 60.92%, Loss: 1.1551
Epoch: 9, Batch: 360, Acc: 60.89%, Loss: 1.2431
Epoch: 9, Batch: 370, Acc: 60.83%, Loss: 1.2687
Epoch: 9, Batch: 380, Acc: 60.79%, Loss: 1.2427
Epoch: 9, Batch: 390, Acc: 60.75%, Loss: 1.2444
Epoch: 9, Batch: 400, Acc: 60.76%, Loss: 1.2161
Epoch: 9, Batch: 410, Acc: 60.76%, Loss: 1.2389
Epoch: 9, Batch: 420, Acc: 60.78%, Loss: 1.2469
Epoch: 9, Batch: 430, Acc: 60.77%, Loss: 1.2695
Epoch: 9, Batch: 440, Acc: 60.77%, Loss: 1.2142
Epoch: 9, Batch: 450, Acc: 60.78%, Loss: 1.2082
Epoch: 9, Batch: 460, Acc: 60.79%, Loss: 1.1861
Epoch: 9, Batch: 470, Acc: 60.88%, Loss: 1.1576
Epoch: 9, Batch: 480, Acc: 60.88%, Loss: 1.2272
Epoch: 9, Batch: 490, Acc: 60.97%, Loss: 1.1609
Epoch: 9, Batch: 500, Acc: 60.96%, Loss: 1.2475
Epoch: 9, Batch: 510, Acc: 60.93%, Loss: 1.2653
Epoch: 9, Batch: 520, Acc: 60.98%, Loss: 1.2186
Epoch: 9, Batch: 530, Acc: 60.93%, Loss: 1.2594
Epoch: 9, Batch: 540, Acc: 60.96%, Loss: 1.2248
Epoch: 9, Batch: 550, Acc: 60.92%, Loss: 1.2924
Epoch: 9, Batch: 560, Acc: 60.88%, Loss: 1.2230
Epoch: 9, Batch: 570, Acc: 60.87%, Loss: 1.2266
Epoch: 9, Batch: 580, Acc: 60.89%, Loss: 1.2223
Epoch: 9, Batch: 590, Acc: 60.93%, Loss: 1.1991
Epoch: 9, Batch: 600, Acc: 60.96%, Loss: 1.2310
Epoch: 9, Batch: 610, Acc: 60.93%, Loss: 1.2373
Epoch: 9, Batch: 620, Acc: 60.91%, Loss: 1.2467
Epoch: 9, Batch: 630, Acc: 60.91%, Loss: 1.2307
Epoch: 9, Batch: 640, Acc: 60.92%, Loss: 1.2702
Epoch: 9, Batch: 650, Acc: 60.92%, Loss: 1.2331
Epoch: 9, Batch: 660, Acc: 60.96%, Loss: 1.1954
Epoch: 9, Batch: 670, Acc: 60.96%, Loss: 1.2042
Epoch: 9, Batch: 680, Acc: 60.99%, Loss: 1.1690
Epoch: 9, Batch: 690, Acc: 60.99%, Loss: 1.2567
Epoch: 9, Batch: 700, Acc: 61.00%, Loss: 1.2225
Epoch: 9, Batch: 710, Acc: 60.99%, Loss: 1.2364
Epoch: 9, Batch: 720, Acc: 61.02%, Loss: 1.1847
Epoch: 9, Batch: 730, Acc: 61.05%, Loss: 1.2022
Epoch: 9, Batch: 740, Acc: 61.06%, Loss: 1.2541
Epoch: 9, Batch: 750, Acc: 61.11%, Loss: 1.1708
Epoch: 9, Batch: 760, Acc: 61.16%, Loss: 1.2196
Epoch: 9, Batch: 770, Acc: 61.18%, Loss: 1.1649
Epoch: 9, Batch: 780, Acc: 61.16%, Loss: 1.2583
Epoch: 9, Batch: 790, Acc: 61.17%, Loss: 1.2290
Epoch: 9, Batch: 800, Acc: 61.17%, Loss: 1.1791
Epoch: 9, Batch: 810, Acc: 61.18%, Loss: 1.2291
Epoch: 9, Batch: 820, Acc: 61.17%, Loss: 1.2453
Epoch: 9, Batch: 830, Acc: 61.16%, Loss: 1.2076
Epoch: 9, Batch: 840, Acc: 61.16%, Loss: 1.2130
Epoch: 9, Batch: 850, Acc: 61.13%, Loss: 1.2247
Epoch: 9, Batch: 860, Acc: 61.16%, Loss: 1.1844
Epoch: 9, Batch: 870, Acc: 61.11%, Loss: 1.2683
Epoch: 9, Batch: 880, Acc: 61.14%, Loss: 1.2151
Epoch: 9, Batch: 890, Acc: 61.17%, Loss: 1.1749
Epoch: 9, Batch: 900, Acc: 61.15%, Loss: 1.2747
Epoch: 9, Batch: 910, Acc: 61.18%, Loss: 1.1680
Epoch: 9, Batch: 920, Acc: 61.19%, Loss: 1.2317
Epoch: 9, Batch: 930, Acc: 61.20%, Loss: 1.1929
Accuracy on test set: 63.81%
Epoch: 10, Batch: 10, Acc: 61.09%, Loss: 1.2149
Epoch: 10, Batch: 20, Acc: 61.25%, Loss: 1.1686
Epoch: 10, Batch: 30, Acc: 61.35%, Loss: 1.1955
Epoch: 10, Batch: 40, Acc: 61.17%, Loss: 1.2153
Epoch: 10, Batch: 50, Acc: 61.72%, Loss: 1.1878
Epoch: 10, Batch: 60, Acc: 62.08%, Loss: 1.2098
Epoch: 10, Batch: 70, Acc: 61.72%, Loss: 1.2131
Epoch: 10, Batch: 80, Acc: 61.68%, Loss: 1.1467
Epoch: 10, Batch: 90, Acc: 61.74%, Loss: 1.2148
Epoch: 10, Batch: 100, Acc: 61.39%, Loss: 1.2625
Epoch: 10, Batch: 110, Acc: 61.65%, Loss: 1.1645
Epoch: 10, Batch: 120, Acc: 61.72%, Loss: 1.1989
Epoch: 10, Batch: 130, Acc: 61.69%, Loss: 1.2080
Epoch: 10, Batch: 140, Acc: 61.70%, Loss: 1.2203
Epoch: 10, Batch: 150, Acc: 61.76%, Loss: 1.2115
Epoch: 10, Batch: 160, Acc: 61.74%, Loss: 1.1815
Epoch: 10, Batch: 170, Acc: 61.86%, Loss: 1.2201
Epoch: 10, Batch: 180, Acc: 61.88%, Loss: 1.2055
Epoch: 10, Batch: 190, Acc: 61.89%, Loss: 1.1967
Epoch: 10, Batch: 200, Acc: 61.85%, Loss: 1.2327
Epoch: 10, Batch: 210, Acc: 61.97%, Loss: 1.1525
Epoch: 10, Batch: 220, Acc: 61.84%, Loss: 1.2119
Epoch: 10, Batch: 230, Acc: 61.75%, Loss: 1.2504
Epoch: 10, Batch: 240, Acc: 61.74%, Loss: 1.2167
Epoch: 10, Batch: 250, Acc: 61.81%, Loss: 1.2146
Epoch: 10, Batch: 260, Acc: 61.88%, Loss: 1.1466
Epoch: 10, Batch: 270, Acc: 61.75%, Loss: 1.2444
Epoch: 10, Batch: 280, Acc: 61.58%, Loss: 1.3001
Epoch: 10, Batch: 290, Acc: 61.48%, Loss: 1.2340
Epoch: 10, Batch: 300, Acc: 61.43%, Loss: 1.2020
Epoch: 10, Batch: 310, Acc: 61.43%, Loss: 1.2850
Epoch: 10, Batch: 320, Acc: 61.44%, Loss: 1.1754
Epoch: 10, Batch: 330, Acc: 61.52%, Loss: 1.1596
Epoch: 10, Batch: 340, Acc: 61.44%, Loss: 1.2257
Epoch: 10, Batch: 350, Acc: 61.45%, Loss: 1.2072
Epoch: 10, Batch: 360, Acc: 61.43%, Loss: 1.2148
Epoch: 10, Batch: 370, Acc: 61.51%, Loss: 1.1576
Epoch: 10, Batch: 380, Acc: 61.54%, Loss: 1.2288
Epoch: 10, Batch: 390, Acc: 61.49%, Loss: 1.2422
Epoch: 10, Batch: 400, Acc: 61.62%, Loss: 1.1817
Epoch: 10, Batch: 410, Acc: 61.66%, Loss: 1.1668
Epoch: 10, Batch: 420, Acc: 61.71%, Loss: 1.1543
Epoch: 10, Batch: 430, Acc: 61.70%, Loss: 1.2429
Epoch: 10, Batch: 440, Acc: 61.68%, Loss: 1.1876
Epoch: 10, Batch: 450, Acc: 61.70%, Loss: 1.1790
Epoch: 10, Batch: 460, Acc: 61.69%, Loss: 1.2223
Epoch: 10, Batch: 470, Acc: 61.71%, Loss: 1.2565
Epoch: 10, Batch: 480, Acc: 61.73%, Loss: 1.1946
Epoch: 10, Batch: 490, Acc: 61.67%, Loss: 1.2202
Epoch: 10, Batch: 500, Acc: 61.65%, Loss: 1.2865
Epoch: 10, Batch: 510, Acc: 61.62%, Loss: 1.3132
Epoch: 10, Batch: 520, Acc: 61.51%, Loss: 1.3194
Epoch: 10, Batch: 530, Acc: 61.51%, Loss: 1.2330
Epoch: 10, Batch: 540, Acc: 61.49%, Loss: 1.2197
Epoch: 10, Batch: 550, Acc: 61.48%, Loss: 1.2047
Epoch: 10, Batch: 560, Acc: 61.50%, Loss: 1.1950
Epoch: 10, Batch: 570, Acc: 61.47%, Loss: 1.2081
Epoch: 10, Batch: 580, Acc: 61.48%, Loss: 1.2448
Epoch: 10, Batch: 590, Acc: 61.50%, Loss: 1.1732
Epoch: 10, Batch: 600, Acc: 61.47%, Loss: 1.2603
Epoch: 10, Batch: 610, Acc: 61.50%, Loss: 1.1754
Epoch: 10, Batch: 620, Acc: 61.48%, Loss: 1.2251
Epoch: 10, Batch: 630, Acc: 61.49%, Loss: 1.2080
Epoch: 10, Batch: 640, Acc: 61.56%, Loss: 1.1390
Epoch: 10, Batch: 650, Acc: 61.56%, Loss: 1.2377
Epoch: 10, Batch: 660, Acc: 61.52%, Loss: 1.2475
Epoch: 10, Batch: 670, Acc: 61.52%, Loss: 1.2478
Epoch: 10, Batch: 680, Acc: 61.49%, Loss: 1.2468
Epoch: 10, Batch: 690, Acc: 61.50%, Loss: 1.1877
Epoch: 10, Batch: 700, Acc: 61.52%, Loss: 1.2285
Epoch: 10, Batch: 710, Acc: 61.48%, Loss: 1.2470
Epoch: 10, Batch: 720, Acc: 61.47%, Loss: 1.2107
Epoch: 10, Batch: 730, Acc: 61.47%, Loss: 1.2151
Epoch: 10, Batch: 740, Acc: 61.50%, Loss: 1.1923
Epoch: 10, Batch: 750, Acc: 61.45%, Loss: 1.2751
Epoch: 10, Batch: 760, Acc: 61.42%, Loss: 1.2376
Epoch: 10, Batch: 770, Acc: 61.49%, Loss: 1.1354
Epoch: 10, Batch: 780, Acc: 61.54%, Loss: 1.1380
Epoch: 10, Batch: 790, Acc: 61.52%, Loss: 1.2411
Epoch: 10, Batch: 800, Acc: 61.53%, Loss: 1.2270
Epoch: 10, Batch: 810, Acc: 61.56%, Loss: 1.2303
Epoch: 10, Batch: 820, Acc: 61.56%, Loss: 1.1744
Epoch: 10, Batch: 830, Acc: 61.50%, Loss: 1.2561
Epoch: 10, Batch: 840, Acc: 61.49%, Loss: 1.2043
Epoch: 10, Batch: 850, Acc: 61.50%, Loss: 1.2019
Epoch: 10, Batch: 860, Acc: 61.48%, Loss: 1.2477
Epoch: 10, Batch: 870, Acc: 61.50%, Loss: 1.1794
Epoch: 10, Batch: 880, Acc: 61.50%, Loss: 1.1725
Epoch: 10, Batch: 890, Acc: 61.50%, Loss: 1.2058
Epoch: 10, Batch: 900, Acc: 61.50%, Loss: 1.1682
Epoch: 10, Batch: 910, Acc: 61.53%, Loss: 1.1893
Epoch: 10, Batch: 920, Acc: 61.58%, Loss: 1.1289
Epoch: 10, Batch: 930, Acc: 61.58%, Loss: 1.1655
Accuracy on test set: 64.30%
Epoch: 11, Batch: 10, Acc: 62.34%, Loss: 1.2352
Epoch: 11, Batch: 20, Acc: 63.28%, Loss: 1.1948
Epoch: 11, Batch: 30, Acc: 62.29%, Loss: 1.2000
Epoch: 11, Batch: 40, Acc: 62.38%, Loss: 1.1990
Epoch: 11, Batch: 50, Acc: 62.38%, Loss: 1.2125
Epoch: 11, Batch: 60, Acc: 62.58%, Loss: 1.1666
Epoch: 11, Batch: 70, Acc: 62.90%, Loss: 1.1748
Epoch: 11, Batch: 80, Acc: 62.64%, Loss: 1.2013
Epoch: 11, Batch: 90, Acc: 62.43%, Loss: 1.1927
Epoch: 11, Batch: 100, Acc: 62.03%, Loss: 1.2489
Epoch: 11, Batch: 110, Acc: 61.62%, Loss: 1.2669
Epoch: 11, Batch: 120, Acc: 61.52%, Loss: 1.2213
Epoch: 11, Batch: 130, Acc: 61.55%, Loss: 1.1763
Epoch: 11, Batch: 140, Acc: 61.35%, Loss: 1.2803
Epoch: 11, Batch: 150, Acc: 61.36%, Loss: 1.1293
Epoch: 11, Batch: 160, Acc: 61.34%, Loss: 1.1969
Epoch: 11, Batch: 170, Acc: 61.39%, Loss: 1.1858
Epoch: 11, Batch: 180, Acc: 61.42%, Loss: 1.1599
Epoch: 11, Batch: 190, Acc: 61.58%, Loss: 1.1460
Epoch: 11, Batch: 200, Acc: 61.51%, Loss: 1.2221
Epoch: 11, Batch: 210, Acc: 61.44%, Loss: 1.1827
Epoch: 11, Batch: 220, Acc: 61.47%, Loss: 1.2145
Epoch: 11, Batch: 230, Acc: 61.52%, Loss: 1.2305
Epoch: 11, Batch: 240, Acc: 61.50%, Loss: 1.2351
Epoch: 11, Batch: 250, Acc: 61.57%, Loss: 1.2404
Epoch: 11, Batch: 260, Acc: 61.61%, Loss: 1.2107
Epoch: 11, Batch: 270, Acc: 61.59%, Loss: 1.2316
Epoch: 11, Batch: 280, Acc: 61.62%, Loss: 1.2087
Epoch: 11, Batch: 290, Acc: 61.56%, Loss: 1.2159
Epoch: 11, Batch: 300, Acc: 61.46%, Loss: 1.2969
Epoch: 11, Batch: 310, Acc: 61.56%, Loss: 1.1656
Epoch: 11, Batch: 320, Acc: 61.63%, Loss: 1.1832
Epoch: 11, Batch: 330, Acc: 61.66%, Loss: 1.2152
Epoch: 11, Batch: 340, Acc: 61.66%, Loss: 1.2036
Epoch: 11, Batch: 350, Acc: 61.69%, Loss: 1.1479
Epoch: 11, Batch: 360, Acc: 61.78%, Loss: 1.1554
Epoch: 11, Batch: 370, Acc: 61.82%, Loss: 1.1455
Epoch: 11, Batch: 380, Acc: 61.94%, Loss: 1.1372
Epoch: 11, Batch: 390, Acc: 61.97%, Loss: 1.1657
Epoch: 11, Batch: 400, Acc: 62.02%, Loss: 1.1591
Epoch: 11, Batch: 410, Acc: 62.01%, Loss: 1.1856
Epoch: 11, Batch: 420, Acc: 61.96%, Loss: 1.2370
Epoch: 11, Batch: 430, Acc: 61.95%, Loss: 1.2195
Epoch: 11, Batch: 440, Acc: 61.95%, Loss: 1.2829
Epoch: 11, Batch: 450, Acc: 61.95%, Loss: 1.2136
Epoch: 11, Batch: 460, Acc: 62.00%, Loss: 1.1509
Epoch: 11, Batch: 470, Acc: 61.95%, Loss: 1.1865
Epoch: 11, Batch: 480, Acc: 61.97%, Loss: 1.2057
Epoch: 11, Batch: 490, Acc: 62.03%, Loss: 1.1300
Epoch: 11, Batch: 500, Acc: 62.05%, Loss: 1.1700
Epoch: 11, Batch: 510, Acc: 62.10%, Loss: 1.1765
Epoch: 11, Batch: 520, Acc: 62.11%, Loss: 1.1916
Epoch: 11, Batch: 530, Acc: 62.03%, Loss: 1.3082
Epoch: 11, Batch: 540, Acc: 62.02%, Loss: 1.2222
Epoch: 11, Batch: 550, Acc: 61.99%, Loss: 1.1657
Epoch: 11, Batch: 560, Acc: 61.98%, Loss: 1.2414
Epoch: 11, Batch: 570, Acc: 62.01%, Loss: 1.1960
Epoch: 11, Batch: 580, Acc: 61.97%, Loss: 1.2116
Epoch: 11, Batch: 590, Acc: 61.96%, Loss: 1.1883
Epoch: 11, Batch: 600, Acc: 61.99%, Loss: 1.1917
Epoch: 11, Batch: 610, Acc: 61.99%, Loss: 1.2364
Epoch: 11, Batch: 620, Acc: 62.03%, Loss: 1.1767
Epoch: 11, Batch: 630, Acc: 61.99%, Loss: 1.2050
Epoch: 11, Batch: 640, Acc: 61.98%, Loss: 1.1922
Epoch: 11, Batch: 650, Acc: 62.02%, Loss: 1.1350
Epoch: 11, Batch: 660, Acc: 62.02%, Loss: 1.1920
Epoch: 11, Batch: 670, Acc: 62.06%, Loss: 1.1195
Epoch: 11, Batch: 680, Acc: 62.05%, Loss: 1.1963
Epoch: 11, Batch: 690, Acc: 62.04%, Loss: 1.1766
Epoch: 11, Batch: 700, Acc: 62.06%, Loss: 1.1404
Epoch: 11, Batch: 710, Acc: 62.06%, Loss: 1.1986
Epoch: 11, Batch: 720, Acc: 62.09%, Loss: 1.1316
Epoch: 11, Batch: 730, Acc: 62.08%, Loss: 1.2006
Epoch: 11, Batch: 740, Acc: 62.09%, Loss: 1.2113
Epoch: 11, Batch: 750, Acc: 62.07%, Loss: 1.2252
Epoch: 11, Batch: 760, Acc: 62.08%, Loss: 1.1812
Epoch: 11, Batch: 770, Acc: 62.09%, Loss: 1.1636
Epoch: 11, Batch: 780, Acc: 62.06%, Loss: 1.1770
Epoch: 11, Batch: 790, Acc: 62.08%, Loss: 1.2203
Epoch: 11, Batch: 800, Acc: 62.06%, Loss: 1.1690
Epoch: 11, Batch: 810, Acc: 62.08%, Loss: 1.1687
Epoch: 11, Batch: 820, Acc: 62.09%, Loss: 1.2076
Epoch: 11, Batch: 830, Acc: 62.11%, Loss: 1.1419
Epoch: 11, Batch: 840, Acc: 62.07%, Loss: 1.2768
Epoch: 11, Batch: 850, Acc: 62.05%, Loss: 1.2894
Epoch: 11, Batch: 860, Acc: 62.01%, Loss: 1.2611
Epoch: 11, Batch: 870, Acc: 62.04%, Loss: 1.1735
Epoch: 11, Batch: 880, Acc: 62.08%, Loss: 1.1425
Epoch: 11, Batch: 890, Acc: 62.09%, Loss: 1.2195
Epoch: 11, Batch: 900, Acc: 62.09%, Loss: 1.2106
Epoch: 11, Batch: 910, Acc: 62.08%, Loss: 1.2010
Epoch: 11, Batch: 920, Acc: 62.11%, Loss: 1.1505
Epoch: 11, Batch: 930, Acc: 62.10%, Loss: 1.2044
Accuracy on test set: 64.48%
Epoch: 12, Batch: 10, Acc: 61.72%, Loss: 1.2431
Epoch: 12, Batch: 20, Acc: 62.66%, Loss: 1.1612
Epoch: 12, Batch: 30, Acc: 62.40%, Loss: 1.1956
Epoch: 12, Batch: 40, Acc: 61.84%, Loss: 1.1974
Epoch: 12, Batch: 50, Acc: 62.03%, Loss: 1.1864
Epoch: 12, Batch: 60, Acc: 61.85%, Loss: 1.1948
Epoch: 12, Batch: 70, Acc: 62.10%, Loss: 1.2096
Epoch: 12, Batch: 80, Acc: 61.84%, Loss: 1.1874
Epoch: 12, Batch: 90, Acc: 61.88%, Loss: 1.2617
Epoch: 12, Batch: 100, Acc: 62.05%, Loss: 1.1600
Epoch: 12, Batch: 110, Acc: 62.09%, Loss: 1.2016
Epoch: 12, Batch: 120, Acc: 61.91%, Loss: 1.2491
Epoch: 12, Batch: 130, Acc: 61.94%, Loss: 1.1359
Epoch: 12, Batch: 140, Acc: 62.00%, Loss: 1.2246
Epoch: 12, Batch: 150, Acc: 61.88%, Loss: 1.2079
Epoch: 12, Batch: 160, Acc: 61.95%, Loss: 1.1655
Epoch: 12, Batch: 170, Acc: 61.89%, Loss: 1.1682
Epoch: 12, Batch: 180, Acc: 61.86%, Loss: 1.2194
Epoch: 12, Batch: 190, Acc: 61.75%, Loss: 1.1989
Epoch: 12, Batch: 200, Acc: 61.91%, Loss: 1.1923
Epoch: 12, Batch: 210, Acc: 62.11%, Loss: 1.1039
Epoch: 12, Batch: 220, Acc: 62.27%, Loss: 1.1701
Epoch: 12, Batch: 230, Acc: 62.24%, Loss: 1.2087
Epoch: 12, Batch: 240, Acc: 62.17%, Loss: 1.2103
Epoch: 12, Batch: 250, Acc: 62.08%, Loss: 1.1852
Epoch: 12, Batch: 260, Acc: 62.28%, Loss: 1.0980
Epoch: 12, Batch: 270, Acc: 62.26%, Loss: 1.1796
Epoch: 12, Batch: 280, Acc: 62.21%, Loss: 1.1973
Epoch: 12, Batch: 290, Acc: 62.31%, Loss: 1.1627
Epoch: 12, Batch: 300, Acc: 62.31%, Loss: 1.1592
Epoch: 12, Batch: 310, Acc: 62.38%, Loss: 1.1402
Epoch: 12, Batch: 320, Acc: 62.39%, Loss: 1.1850
Epoch: 12, Batch: 330, Acc: 62.39%, Loss: 1.2188
Epoch: 12, Batch: 340, Acc: 62.25%, Loss: 1.2294
Epoch: 12, Batch: 350, Acc: 62.22%, Loss: 1.2235
Epoch: 12, Batch: 360, Acc: 62.30%, Loss: 1.1731
Epoch: 12, Batch: 370, Acc: 62.34%, Loss: 1.1328
Epoch: 12, Batch: 380, Acc: 62.25%, Loss: 1.2327
Epoch: 12, Batch: 390, Acc: 62.28%, Loss: 1.1453
Epoch: 12, Batch: 400, Acc: 62.24%, Loss: 1.1793
Epoch: 12, Batch: 410, Acc: 62.29%, Loss: 1.1677
Epoch: 12, Batch: 420, Acc: 62.30%, Loss: 1.1802
Epoch: 12, Batch: 430, Acc: 62.31%, Loss: 1.1688
Epoch: 12, Batch: 440, Acc: 62.33%, Loss: 1.1958
Epoch: 12, Batch: 450, Acc: 62.29%, Loss: 1.2144
Epoch: 12, Batch: 460, Acc: 62.30%, Loss: 1.2031
Epoch: 12, Batch: 470, Acc: 62.32%, Loss: 1.1568
Epoch: 12, Batch: 480, Acc: 62.22%, Loss: 1.2417
Epoch: 12, Batch: 490, Acc: 62.24%, Loss: 1.2105
Epoch: 12, Batch: 500, Acc: 62.25%, Loss: 1.1919
Epoch: 12, Batch: 510, Acc: 62.21%, Loss: 1.2404
Epoch: 12, Batch: 520, Acc: 62.29%, Loss: 1.1307
Epoch: 12, Batch: 530, Acc: 62.31%, Loss: 1.1768
Epoch: 12, Batch: 540, Acc: 62.35%, Loss: 1.1633
Epoch: 12, Batch: 550, Acc: 62.33%, Loss: 1.1370
Epoch: 12, Batch: 560, Acc: 62.39%, Loss: 1.1286
Epoch: 12, Batch: 570, Acc: 62.37%, Loss: 1.1826
Epoch: 12, Batch: 580, Acc: 62.34%, Loss: 1.1990
Epoch: 12, Batch: 590, Acc: 62.31%, Loss: 1.1749
Epoch: 12, Batch: 600, Acc: 62.30%, Loss: 1.2380
Epoch: 12, Batch: 610, Acc: 62.27%, Loss: 1.1859
Epoch: 12, Batch: 620, Acc: 62.26%, Loss: 1.1798
Epoch: 12, Batch: 630, Acc: 62.25%, Loss: 1.1682
Epoch: 12, Batch: 640, Acc: 62.24%, Loss: 1.2150
Epoch: 12, Batch: 650, Acc: 62.28%, Loss: 1.1523
Epoch: 12, Batch: 660, Acc: 62.28%, Loss: 1.1960
Epoch: 12, Batch: 670, Acc: 62.30%, Loss: 1.1757
Epoch: 12, Batch: 680, Acc: 62.27%, Loss: 1.2154
Epoch: 12, Batch: 690, Acc: 62.27%, Loss: 1.1694
Epoch: 12, Batch: 700, Acc: 62.27%, Loss: 1.1831
Epoch: 12, Batch: 710, Acc: 62.24%, Loss: 1.2039
Epoch: 12, Batch: 720, Acc: 62.22%, Loss: 1.1858
Epoch: 12, Batch: 730, Acc: 62.21%, Loss: 1.2187
Epoch: 12, Batch: 740, Acc: 62.21%, Loss: 1.1441
Epoch: 12, Batch: 750, Acc: 62.12%, Loss: 1.2576
Epoch: 12, Batch: 760, Acc: 62.15%, Loss: 1.2041
Epoch: 12, Batch: 770, Acc: 62.15%, Loss: 1.1597
Epoch: 12, Batch: 780, Acc: 62.16%, Loss: 1.1735
Epoch: 12, Batch: 790, Acc: 62.18%, Loss: 1.1851
Epoch: 12, Batch: 800, Acc: 62.20%, Loss: 1.1290
Epoch: 12, Batch: 810, Acc: 62.17%, Loss: 1.2183
Epoch: 12, Batch: 820, Acc: 62.13%, Loss: 1.2551
Epoch: 12, Batch: 830, Acc: 62.14%, Loss: 1.1804
Epoch: 12, Batch: 840, Acc: 62.16%, Loss: 1.1527
Epoch: 12, Batch: 850, Acc: 62.14%, Loss: 1.1759
Epoch: 12, Batch: 860, Acc: 62.13%, Loss: 1.2275
Epoch: 12, Batch: 870, Acc: 62.12%, Loss: 1.2628
Epoch: 12, Batch: 880, Acc: 62.12%, Loss: 1.1772
Epoch: 12, Batch: 890, Acc: 62.12%, Loss: 1.2245
Epoch: 12, Batch: 900, Acc: 62.13%, Loss: 1.1441
Epoch: 12, Batch: 910, Acc: 62.16%, Loss: 1.1534
Epoch: 12, Batch: 920, Acc: 62.13%, Loss: 1.2027
Epoch: 12, Batch: 930, Acc: 62.16%, Loss: 1.1214
Accuracy on test set: 65.01%
Epoch: 13, Batch: 10, Acc: 63.75%, Loss: 1.1580
Epoch: 13, Batch: 20, Acc: 63.75%, Loss: 1.1743
Epoch: 13, Batch: 30, Acc: 63.44%, Loss: 1.1820
Epoch: 13, Batch: 40, Acc: 63.83%, Loss: 1.1394
Epoch: 13, Batch: 50, Acc: 63.69%, Loss: 1.1701
Epoch: 13, Batch: 60, Acc: 63.52%, Loss: 1.1955
Epoch: 13, Batch: 70, Acc: 63.48%, Loss: 1.1594
Epoch: 13, Batch: 80, Acc: 63.38%, Loss: 1.1774
Epoch: 13, Batch: 90, Acc: 63.66%, Loss: 1.1305
Epoch: 13, Batch: 100, Acc: 63.61%, Loss: 1.1730
Epoch: 13, Batch: 110, Acc: 63.71%, Loss: 1.1434
Epoch: 13, Batch: 120, Acc: 63.32%, Loss: 1.2076
Epoch: 13, Batch: 130, Acc: 63.22%, Loss: 1.1621
Epoch: 13, Batch: 140, Acc: 62.98%, Loss: 1.1962
Epoch: 13, Batch: 150, Acc: 62.95%, Loss: 1.1930
Epoch: 13, Batch: 160, Acc: 62.94%, Loss: 1.1798
Epoch: 13, Batch: 170, Acc: 62.94%, Loss: 1.1549
Epoch: 13, Batch: 180, Acc: 62.66%, Loss: 1.2642
Epoch: 13, Batch: 190, Acc: 62.50%, Loss: 1.2405
Epoch: 13, Batch: 200, Acc: 62.59%, Loss: 1.1389
Epoch: 13, Batch: 210, Acc: 62.65%, Loss: 1.1328
Epoch: 13, Batch: 220, Acc: 62.61%, Loss: 1.1619
Epoch: 13, Batch: 230, Acc: 62.60%, Loss: 1.2167
Epoch: 13, Batch: 240, Acc: 62.64%, Loss: 1.1649
Epoch: 13, Batch: 250, Acc: 62.55%, Loss: 1.2128
Epoch: 13, Batch: 260, Acc: 62.49%, Loss: 1.2165
Epoch: 13, Batch: 270, Acc: 62.45%, Loss: 1.2452
Epoch: 13, Batch: 280, Acc: 62.56%, Loss: 1.1496
Epoch: 13, Batch: 290, Acc: 62.52%, Loss: 1.2103
Epoch: 13, Batch: 300, Acc: 62.58%, Loss: 1.1346
Epoch: 13, Batch: 310, Acc: 62.58%, Loss: 1.2348
Epoch: 13, Batch: 320, Acc: 62.64%, Loss: 1.1364
Epoch: 13, Batch: 330, Acc: 62.64%, Loss: 1.1687
Epoch: 13, Batch: 340, Acc: 62.63%, Loss: 1.2000
Epoch: 13, Batch: 350, Acc: 62.61%, Loss: 1.2247
Epoch: 13, Batch: 360, Acc: 62.57%, Loss: 1.1904
Epoch: 13, Batch: 370, Acc: 62.60%, Loss: 1.1196
Epoch: 13, Batch: 380, Acc: 62.57%, Loss: 1.2023
Epoch: 13, Batch: 390, Acc: 62.58%, Loss: 1.1360
Epoch: 13, Batch: 400, Acc: 62.46%, Loss: 1.1926
Epoch: 13, Batch: 410, Acc: 62.46%, Loss: 1.1774
Epoch: 13, Batch: 420, Acc: 62.43%, Loss: 1.1706
Epoch: 13, Batch: 430, Acc: 62.45%, Loss: 1.1812
Epoch: 13, Batch: 440, Acc: 62.49%, Loss: 1.1411
Epoch: 13, Batch: 450, Acc: 62.57%, Loss: 1.1391
Epoch: 13, Batch: 460, Acc: 62.58%, Loss: 1.1775
Epoch: 13, Batch: 470, Acc: 62.54%, Loss: 1.2259
Epoch: 13, Batch: 480, Acc: 62.55%, Loss: 1.1724
Epoch: 13, Batch: 490, Acc: 62.46%, Loss: 1.2983
Epoch: 13, Batch: 500, Acc: 62.44%, Loss: 1.1964
Epoch: 13, Batch: 510, Acc: 62.43%, Loss: 1.1755
Epoch: 13, Batch: 520, Acc: 62.39%, Loss: 1.2153
Epoch: 13, Batch: 530, Acc: 62.41%, Loss: 1.1225
Epoch: 13, Batch: 540, Acc: 62.40%, Loss: 1.1939
Epoch: 13, Batch: 550, Acc: 62.39%, Loss: 1.1903
Epoch: 13, Batch: 560, Acc: 62.41%, Loss: 1.1341
Epoch: 13, Batch: 570, Acc: 62.40%, Loss: 1.1969
Epoch: 13, Batch: 580, Acc: 62.36%, Loss: 1.1872
Epoch: 13, Batch: 590, Acc: 62.35%, Loss: 1.2312
Epoch: 13, Batch: 600, Acc: 62.32%, Loss: 1.2206
Epoch: 13, Batch: 610, Acc: 62.34%, Loss: 1.1257
Epoch: 13, Batch: 620, Acc: 62.42%, Loss: 1.0996
Epoch: 13, Batch: 630, Acc: 62.44%, Loss: 1.1870
Epoch: 13, Batch: 640, Acc: 62.39%, Loss: 1.2628
Epoch: 13, Batch: 650, Acc: 62.42%, Loss: 1.1467
Epoch: 13, Batch: 660, Acc: 62.42%, Loss: 1.1553
Epoch: 13, Batch: 670, Acc: 62.43%, Loss: 1.1536
Epoch: 13, Batch: 680, Acc: 62.43%, Loss: 1.1765
Epoch: 13, Batch: 690, Acc: 62.47%, Loss: 1.1523
Epoch: 13, Batch: 700, Acc: 62.46%, Loss: 1.2282
Epoch: 13, Batch: 710, Acc: 62.45%, Loss: 1.1779
Epoch: 13, Batch: 720, Acc: 62.46%, Loss: 1.1646
Epoch: 13, Batch: 730, Acc: 62.44%, Loss: 1.1633
Epoch: 13, Batch: 740, Acc: 62.42%, Loss: 1.2017
Epoch: 13, Batch: 750, Acc: 62.43%, Loss: 1.1389
Epoch: 13, Batch: 760, Acc: 62.43%, Loss: 1.1813
Epoch: 13, Batch: 770, Acc: 62.48%, Loss: 1.0929
Epoch: 13, Batch: 780, Acc: 62.50%, Loss: 1.1233
Epoch: 13, Batch: 790, Acc: 62.51%, Loss: 1.1644
Epoch: 13, Batch: 800, Acc: 62.52%, Loss: 1.1177
Epoch: 13, Batch: 810, Acc: 62.53%, Loss: 1.1630
Epoch: 13, Batch: 820, Acc: 62.56%, Loss: 1.1100
Epoch: 13, Batch: 830, Acc: 62.56%, Loss: 1.2081
Epoch: 13, Batch: 840, Acc: 62.54%, Loss: 1.2108
Epoch: 13, Batch: 850, Acc: 62.58%, Loss: 1.1477
Epoch: 13, Batch: 860, Acc: 62.58%, Loss: 1.2132
Epoch: 13, Batch: 870, Acc: 62.56%, Loss: 1.2023
Epoch: 13, Batch: 880, Acc: 62.54%, Loss: 1.2417
Epoch: 13, Batch: 890, Acc: 62.53%, Loss: 1.2155
Epoch: 13, Batch: 900, Acc: 62.53%, Loss: 1.1573
Epoch: 13, Batch: 910, Acc: 62.53%, Loss: 1.2197
Epoch: 13, Batch: 920, Acc: 62.55%, Loss: 1.1402
Epoch: 13, Batch: 930, Acc: 62.56%, Loss: 1.1794
Accuracy on test set: 64.94%
Epoch: 14, Batch: 10, Acc: 60.94%, Loss: 1.2212
Epoch: 14, Batch: 20, Acc: 61.41%, Loss: 1.1889
Epoch: 14, Batch: 30, Acc: 61.41%, Loss: 1.1543
Epoch: 14, Batch: 40, Acc: 61.99%, Loss: 1.1832
Epoch: 14, Batch: 50, Acc: 62.81%, Loss: 1.1289
Epoch: 14, Batch: 60, Acc: 62.71%, Loss: 1.1764
Epoch: 14, Batch: 70, Acc: 62.59%, Loss: 1.2176
Epoch: 14, Batch: 80, Acc: 62.83%, Loss: 1.1552
Epoch: 14, Batch: 90, Acc: 62.73%, Loss: 1.1430
Epoch: 14, Batch: 100, Acc: 62.53%, Loss: 1.1713
Epoch: 14, Batch: 110, Acc: 62.47%, Loss: 1.1677
Epoch: 14, Batch: 120, Acc: 62.36%, Loss: 1.2179
Epoch: 14, Batch: 130, Acc: 62.72%, Loss: 1.0917
Epoch: 14, Batch: 140, Acc: 62.71%, Loss: 1.1812
Epoch: 14, Batch: 150, Acc: 62.58%, Loss: 1.2186
Epoch: 14, Batch: 160, Acc: 62.49%, Loss: 1.2186
Epoch: 14, Batch: 170, Acc: 62.49%, Loss: 1.2215
Epoch: 14, Batch: 180, Acc: 62.46%, Loss: 1.1711
Epoch: 14, Batch: 190, Acc: 62.62%, Loss: 1.1536
Epoch: 14, Batch: 200, Acc: 62.40%, Loss: 1.1945
Epoch: 14, Batch: 210, Acc: 62.31%, Loss: 1.2069
Epoch: 14, Batch: 220, Acc: 62.37%, Loss: 1.1908
Epoch: 14, Batch: 230, Acc: 62.38%, Loss: 1.2147
Epoch: 14, Batch: 240, Acc: 62.36%, Loss: 1.1807
Epoch: 14, Batch: 250, Acc: 62.40%, Loss: 1.1814
Epoch: 14, Batch: 260, Acc: 62.21%, Loss: 1.2273
Epoch: 14, Batch: 270, Acc: 62.36%, Loss: 1.1136
Epoch: 14, Batch: 280, Acc: 62.41%, Loss: 1.1523
Epoch: 14, Batch: 290, Acc: 62.41%, Loss: 1.1537
Epoch: 14, Batch: 300, Acc: 62.35%, Loss: 1.1960
Epoch: 14, Batch: 310, Acc: 62.38%, Loss: 1.1622
Epoch: 14, Batch: 320, Acc: 62.45%, Loss: 1.2079
Epoch: 14, Batch: 330, Acc: 62.43%, Loss: 1.1640
Epoch: 14, Batch: 340, Acc: 62.39%, Loss: 1.2049
Epoch: 14, Batch: 350, Acc: 62.52%, Loss: 1.1395
Epoch: 14, Batch: 360, Acc: 62.57%, Loss: 1.1672
Epoch: 14, Batch: 370, Acc: 62.75%, Loss: 1.0561
Epoch: 14, Batch: 380, Acc: 62.77%, Loss: 1.0982
Epoch: 14, Batch: 390, Acc: 62.76%, Loss: 1.1713
Epoch: 14, Batch: 400, Acc: 62.71%, Loss: 1.1672
Epoch: 14, Batch: 410, Acc: 62.68%, Loss: 1.1386
Epoch: 14, Batch: 420, Acc: 62.65%, Loss: 1.1689
Epoch: 14, Batch: 430, Acc: 62.67%, Loss: 1.2161
Epoch: 14, Batch: 440, Acc: 62.70%, Loss: 1.1340
Epoch: 14, Batch: 450, Acc: 62.69%, Loss: 1.1798
Epoch: 14, Batch: 460, Acc: 62.67%, Loss: 1.1553
Epoch: 14, Batch: 470, Acc: 62.64%, Loss: 1.1564
Epoch: 14, Batch: 480, Acc: 62.63%, Loss: 1.1421
Epoch: 14, Batch: 490, Acc: 62.61%, Loss: 1.1616
Epoch: 14, Batch: 500, Acc: 62.60%, Loss: 1.2082
Epoch: 14, Batch: 510, Acc: 62.59%, Loss: 1.1805
Epoch: 14, Batch: 520, Acc: 62.58%, Loss: 1.1643
Epoch: 14, Batch: 530, Acc: 62.67%, Loss: 1.0967
Epoch: 14, Batch: 540, Acc: 62.65%, Loss: 1.2239
Epoch: 14, Batch: 550, Acc: 62.66%, Loss: 1.1843
Epoch: 14, Batch: 560, Acc: 62.67%, Loss: 1.1723
Epoch: 14, Batch: 570, Acc: 62.62%, Loss: 1.2276
Epoch: 14, Batch: 580, Acc: 62.66%, Loss: 1.1408
Epoch: 14, Batch: 590, Acc: 62.66%, Loss: 1.1295
Epoch: 14, Batch: 600, Acc: 62.64%, Loss: 1.1422
Epoch: 14, Batch: 610, Acc: 62.68%, Loss: 1.0955
Epoch: 14, Batch: 620, Acc: 62.72%, Loss: 1.0967
Epoch: 14, Batch: 630, Acc: 62.71%, Loss: 1.1564
Epoch: 14, Batch: 640, Acc: 62.66%, Loss: 1.2533
Epoch: 14, Batch: 650, Acc: 62.64%, Loss: 1.2139
Epoch: 14, Batch: 660, Acc: 62.65%, Loss: 1.1879
Epoch: 14, Batch: 670, Acc: 62.67%, Loss: 1.1491
Epoch: 14, Batch: 680, Acc: 62.60%, Loss: 1.2255
Epoch: 14, Batch: 690, Acc: 62.56%, Loss: 1.2372
Epoch: 14, Batch: 700, Acc: 62.54%, Loss: 1.2186
Epoch: 14, Batch: 710, Acc: 62.53%, Loss: 1.1673
Epoch: 14, Batch: 720, Acc: 62.55%, Loss: 1.1699
Epoch: 14, Batch: 730, Acc: 62.55%, Loss: 1.1502
Epoch: 14, Batch: 740, Acc: 62.50%, Loss: 1.2389
Epoch: 14, Batch: 750, Acc: 62.53%, Loss: 1.1517
Epoch: 14, Batch: 760, Acc: 62.56%, Loss: 1.1088
Epoch: 14, Batch: 770, Acc: 62.53%, Loss: 1.2281
Epoch: 14, Batch: 780, Acc: 62.53%, Loss: 1.1975
Epoch: 14, Batch: 790, Acc: 62.55%, Loss: 1.1422
Epoch: 14, Batch: 800, Acc: 62.57%, Loss: 1.1339
Epoch: 14, Batch: 810, Acc: 62.57%, Loss: 1.1623
Epoch: 14, Batch: 820, Acc: 62.57%, Loss: 1.1983
Epoch: 14, Batch: 830, Acc: 62.61%, Loss: 1.1399
Epoch: 14, Batch: 840, Acc: 62.54%, Loss: 1.2334
Epoch: 14, Batch: 850, Acc: 62.55%, Loss: 1.1713
Epoch: 14, Batch: 860, Acc: 62.59%, Loss: 1.1226
Epoch: 14, Batch: 870, Acc: 62.61%, Loss: 1.1392
Epoch: 14, Batch: 880, Acc: 62.65%, Loss: 1.1201
Epoch: 14, Batch: 890, Acc: 62.66%, Loss: 1.2066
Epoch: 14, Batch: 900, Acc: 62.67%, Loss: 1.2205
Epoch: 14, Batch: 910, Acc: 62.70%, Loss: 1.1065
Epoch: 14, Batch: 920, Acc: 62.71%, Loss: 1.1588
Epoch: 14, Batch: 930, Acc: 62.71%, Loss: 1.1825
Accuracy on test set: 65.41%
Epoch: 15, Batch: 10, Acc: 66.41%, Loss: 1.1391
Epoch: 15, Batch: 20, Acc: 62.89%, Loss: 1.2097
Epoch: 15, Batch: 30, Acc: 63.02%, Loss: 1.1186
Epoch: 15, Batch: 40, Acc: 62.23%, Loss: 1.2004
Epoch: 15, Batch: 50, Acc: 62.56%, Loss: 1.1051
Epoch: 15, Batch: 60, Acc: 62.42%, Loss: 1.1684
Epoch: 15, Batch: 70, Acc: 63.08%, Loss: 1.0787
Epoch: 15, Batch: 80, Acc: 62.99%, Loss: 1.1985
Epoch: 15, Batch: 90, Acc: 62.86%, Loss: 1.2161
Epoch: 15, Batch: 100, Acc: 62.56%, Loss: 1.2159
Epoch: 15, Batch: 110, Acc: 62.56%, Loss: 1.1844
Epoch: 15, Batch: 120, Acc: 62.30%, Loss: 1.2581
Epoch: 15, Batch: 130, Acc: 62.36%, Loss: 1.1486
Epoch: 15, Batch: 140, Acc: 62.24%, Loss: 1.2045
Epoch: 15, Batch: 150, Acc: 62.49%, Loss: 1.1188
Epoch: 15, Batch: 160, Acc: 62.61%, Loss: 1.1465
Epoch: 15, Batch: 170, Acc: 62.55%, Loss: 1.1971
Epoch: 15, Batch: 180, Acc: 62.49%, Loss: 1.2230
Epoch: 15, Batch: 190, Acc: 62.62%, Loss: 1.0992
Epoch: 15, Batch: 200, Acc: 62.66%, Loss: 1.1589
Epoch: 15, Batch: 210, Acc: 62.61%, Loss: 1.1405
Epoch: 15, Batch: 220, Acc: 62.56%, Loss: 1.1237
Epoch: 15, Batch: 230, Acc: 62.62%, Loss: 1.1564
Epoch: 15, Batch: 240, Acc: 62.65%, Loss: 1.1990
Epoch: 15, Batch: 250, Acc: 62.51%, Loss: 1.1991
Epoch: 15, Batch: 260, Acc: 62.55%, Loss: 1.1952
Epoch: 15, Batch: 270, Acc: 62.53%, Loss: 1.1587
Epoch: 15, Batch: 280, Acc: 62.62%, Loss: 1.1166
Epoch: 15, Batch: 290, Acc: 62.61%, Loss: 1.1961
Epoch: 15, Batch: 300, Acc: 62.72%, Loss: 1.0948
Epoch: 15, Batch: 310, Acc: 62.58%, Loss: 1.2854
Epoch: 15, Batch: 320, Acc: 62.62%, Loss: 1.1606
Epoch: 15, Batch: 330, Acc: 62.58%, Loss: 1.1644
Epoch: 15, Batch: 340, Acc: 62.59%, Loss: 1.1855
Epoch: 15, Batch: 350, Acc: 62.61%, Loss: 1.0946
Epoch: 15, Batch: 360, Acc: 62.60%, Loss: 1.1909
Epoch: 15, Batch: 370, Acc: 62.64%, Loss: 1.1678
Epoch: 15, Batch: 380, Acc: 62.65%, Loss: 1.1878
Epoch: 15, Batch: 390, Acc: 62.64%, Loss: 1.1918
Epoch: 15, Batch: 400, Acc: 62.58%, Loss: 1.2351
Epoch: 15, Batch: 410, Acc: 62.62%, Loss: 1.1686
Epoch: 15, Batch: 420, Acc: 62.62%, Loss: 1.1866
Epoch: 15, Batch: 430, Acc: 62.57%, Loss: 1.1668
Epoch: 15, Batch: 440, Acc: 62.58%, Loss: 1.1493
Epoch: 15, Batch: 450, Acc: 62.60%, Loss: 1.1835
Epoch: 15, Batch: 460, Acc: 62.62%, Loss: 1.1532
Epoch: 15, Batch: 470, Acc: 62.57%, Loss: 1.1930
Epoch: 15, Batch: 480, Acc: 62.56%, Loss: 1.1646
Epoch: 15, Batch: 490, Acc: 62.57%, Loss: 1.1393
Epoch: 15, Batch: 500, Acc: 62.56%, Loss: 1.2298
Epoch: 15, Batch: 510, Acc: 62.62%, Loss: 1.1269
Epoch: 15, Batch: 520, Acc: 62.61%, Loss: 1.1503
Epoch: 15, Batch: 530, Acc: 62.64%, Loss: 1.1487
Epoch: 15, Batch: 540, Acc: 62.64%, Loss: 1.2098
Epoch: 15, Batch: 550, Acc: 62.65%, Loss: 1.1196
Epoch: 15, Batch: 560, Acc: 62.65%, Loss: 1.1820
Epoch: 15, Batch: 570, Acc: 62.65%, Loss: 1.1918
Epoch: 15, Batch: 580, Acc: 62.63%, Loss: 1.2045
Epoch: 15, Batch: 590, Acc: 62.64%, Loss: 1.1382
Epoch: 15, Batch: 600, Acc: 62.70%, Loss: 1.1095
Epoch: 15, Batch: 610, Acc: 62.74%, Loss: 1.0998
Epoch: 15, Batch: 620, Acc: 62.72%, Loss: 1.1746
Epoch: 15, Batch: 630, Acc: 62.74%, Loss: 1.1920
Epoch: 15, Batch: 640, Acc: 62.71%, Loss: 1.2024
Epoch: 15, Batch: 650, Acc: 62.69%, Loss: 1.1818
Epoch: 15, Batch: 660, Acc: 62.70%, Loss: 1.1997
Epoch: 15, Batch: 670, Acc: 62.67%, Loss: 1.1580
Epoch: 15, Batch: 680, Acc: 62.64%, Loss: 1.2107
Epoch: 15, Batch: 690, Acc: 62.64%, Loss: 1.1929
Epoch: 15, Batch: 700, Acc: 62.69%, Loss: 1.0999
Epoch: 15, Batch: 710, Acc: 62.69%, Loss: 1.2060
Epoch: 15, Batch: 720, Acc: 62.73%, Loss: 1.1149
Epoch: 15, Batch: 730, Acc: 62.72%, Loss: 1.1490
Epoch: 15, Batch: 740, Acc: 62.74%, Loss: 1.1602
Epoch: 15, Batch: 750, Acc: 62.75%, Loss: 1.1082
Epoch: 15, Batch: 760, Acc: 62.75%, Loss: 1.1815
Epoch: 15, Batch: 770, Acc: 62.75%, Loss: 1.1564
Epoch: 15, Batch: 780, Acc: 62.75%, Loss: 1.1995
Epoch: 15, Batch: 790, Acc: 62.78%, Loss: 1.0877
Epoch: 15, Batch: 800, Acc: 62.79%, Loss: 1.1682
Epoch: 15, Batch: 810, Acc: 62.80%, Loss: 1.1015
Epoch: 15, Batch: 820, Acc: 62.80%, Loss: 1.1716
Epoch: 15, Batch: 830, Acc: 62.77%, Loss: 1.2577
Epoch: 15, Batch: 840, Acc: 62.78%, Loss: 1.1492
Epoch: 15, Batch: 850, Acc: 62.78%, Loss: 1.1826
Epoch: 15, Batch: 860, Acc: 62.76%, Loss: 1.2273
Epoch: 15, Batch: 870, Acc: 62.75%, Loss: 1.1597
Epoch: 15, Batch: 880, Acc: 62.76%, Loss: 1.1344
Epoch: 15, Batch: 890, Acc: 62.79%, Loss: 1.1056
Epoch: 15, Batch: 900, Acc: 62.80%, Loss: 1.1486
Epoch: 15, Batch: 910, Acc: 62.80%, Loss: 1.1727
Epoch: 15, Batch: 920, Acc: 62.84%, Loss: 1.1331
Epoch: 15, Batch: 930, Acc: 62.84%, Loss: 1.1324
Accuracy on test set: 65.26%
Epoch: 16, Batch: 10, Acc: 63.12%, Loss: 1.1693
Epoch: 16, Batch: 20, Acc: 63.20%, Loss: 1.1557
Epoch: 16, Batch: 30, Acc: 64.22%, Loss: 1.0940
Epoch: 16, Batch: 40, Acc: 64.18%, Loss: 1.1526
Epoch: 16, Batch: 50, Acc: 64.41%, Loss: 1.1229
Epoch: 16, Batch: 60, Acc: 64.27%, Loss: 1.1299
Epoch: 16, Batch: 70, Acc: 64.15%, Loss: 1.1505
Epoch: 16, Batch: 80, Acc: 64.06%, Loss: 1.1381
Epoch: 16, Batch: 90, Acc: 63.94%, Loss: 1.1743
Epoch: 16, Batch: 100, Acc: 63.41%, Loss: 1.2229
Epoch: 16, Batch: 110, Acc: 63.17%, Loss: 1.1283
Epoch: 16, Batch: 120, Acc: 63.03%, Loss: 1.1958
Epoch: 16, Batch: 130, Acc: 63.14%, Loss: 1.1257
Epoch: 16, Batch: 140, Acc: 63.20%, Loss: 1.1387
Epoch: 16, Batch: 150, Acc: 63.20%, Loss: 1.1469
Epoch: 16, Batch: 160, Acc: 63.22%, Loss: 1.1706
Epoch: 16, Batch: 170, Acc: 63.16%, Loss: 1.1936
Epoch: 16, Batch: 180, Acc: 63.12%, Loss: 1.1712
Epoch: 16, Batch: 190, Acc: 63.14%, Loss: 1.1863
Epoch: 16, Batch: 200, Acc: 63.07%, Loss: 1.2070
Epoch: 16, Batch: 210, Acc: 63.02%, Loss: 1.1836
Epoch: 16, Batch: 220, Acc: 63.07%, Loss: 1.1446
Epoch: 16, Batch: 230, Acc: 63.11%, Loss: 1.2091
Epoch: 16, Batch: 240, Acc: 63.06%, Loss: 1.1843
Epoch: 16, Batch: 250, Acc: 63.12%, Loss: 1.1038
Epoch: 16, Batch: 260, Acc: 63.12%, Loss: 1.1251
Epoch: 16, Batch: 270, Acc: 63.12%, Loss: 1.1511
Epoch: 16, Batch: 280, Acc: 63.11%, Loss: 1.2064
Epoch: 16, Batch: 290, Acc: 63.15%, Loss: 1.1195
Epoch: 16, Batch: 300, Acc: 63.28%, Loss: 1.0798
Epoch: 16, Batch: 310, Acc: 63.27%, Loss: 1.1919
Epoch: 16, Batch: 320, Acc: 63.31%, Loss: 1.1156
Epoch: 16, Batch: 330, Acc: 63.21%, Loss: 1.2455
Epoch: 16, Batch: 340, Acc: 63.15%, Loss: 1.1888
Epoch: 16, Batch: 350, Acc: 63.22%, Loss: 1.1127
Epoch: 16, Batch: 360, Acc: 63.22%, Loss: 1.1535
Epoch: 16, Batch: 370, Acc: 63.25%, Loss: 1.2032
Epoch: 16, Batch: 380, Acc: 63.28%, Loss: 1.1286
Epoch: 16, Batch: 390, Acc: 63.35%, Loss: 1.1210
Epoch: 16, Batch: 400, Acc: 63.29%, Loss: 1.2348
Epoch: 16, Batch: 410, Acc: 63.27%, Loss: 1.2024
Epoch: 16, Batch: 420, Acc: 63.22%, Loss: 1.1719
Epoch: 16, Batch: 430, Acc: 63.17%, Loss: 1.1969
Epoch: 16, Batch: 440, Acc: 63.14%, Loss: 1.1929
Epoch: 16, Batch: 450, Acc: 63.15%, Loss: 1.1258
Epoch: 16, Batch: 460, Acc: 63.11%, Loss: 1.1735
Epoch: 16, Batch: 470, Acc: 63.17%, Loss: 1.1000
Epoch: 16, Batch: 480, Acc: 63.16%, Loss: 1.1946
Epoch: 16, Batch: 490, Acc: 63.17%, Loss: 1.1779
Epoch: 16, Batch: 500, Acc: 63.16%, Loss: 1.1685
Epoch: 16, Batch: 510, Acc: 63.12%, Loss: 1.1707
Epoch: 16, Batch: 520, Acc: 63.07%, Loss: 1.1884
Epoch: 16, Batch: 530, Acc: 63.02%, Loss: 1.1876
Epoch: 16, Batch: 540, Acc: 63.04%, Loss: 1.1586
Epoch: 16, Batch: 550, Acc: 63.05%, Loss: 1.1528
Epoch: 16, Batch: 560, Acc: 63.06%, Loss: 1.1363
Epoch: 16, Batch: 570, Acc: 63.06%, Loss: 1.1935
Epoch: 16, Batch: 580, Acc: 63.12%, Loss: 1.0987
Epoch: 16, Batch: 590, Acc: 63.14%, Loss: 1.1735
Epoch: 16, Batch: 600, Acc: 63.18%, Loss: 1.1132
Epoch: 16, Batch: 610, Acc: 63.16%, Loss: 1.2137
Epoch: 16, Batch: 620, Acc: 63.13%, Loss: 1.1689
Epoch: 16, Batch: 630, Acc: 63.13%, Loss: 1.1173
Epoch: 16, Batch: 640, Acc: 63.11%, Loss: 1.1662
Epoch: 16, Batch: 650, Acc: 63.11%, Loss: 1.1695
Epoch: 16, Batch: 660, Acc: 63.12%, Loss: 1.1159
Epoch: 16, Batch: 670, Acc: 63.09%, Loss: 1.1643
Epoch: 16, Batch: 680, Acc: 63.08%, Loss: 1.2075
Epoch: 16, Batch: 690, Acc: 63.11%, Loss: 1.1481
Epoch: 16, Batch: 700, Acc: 63.13%, Loss: 1.1343
Epoch: 16, Batch: 710, Acc: 63.13%, Loss: 1.1382
Epoch: 16, Batch: 720, Acc: 63.12%, Loss: 1.1962
Epoch: 16, Batch: 730, Acc: 63.08%, Loss: 1.2162
Epoch: 16, Batch: 740, Acc: 63.07%, Loss: 1.1538
Epoch: 16, Batch: 750, Acc: 63.02%, Loss: 1.1653
Epoch: 16, Batch: 760, Acc: 63.01%, Loss: 1.0980
Epoch: 16, Batch: 770, Acc: 62.99%, Loss: 1.1580
Epoch: 16, Batch: 780, Acc: 62.92%, Loss: 1.2411
Epoch: 16, Batch: 790, Acc: 62.91%, Loss: 1.2163
Epoch: 16, Batch: 800, Acc: 62.92%, Loss: 1.1660
Epoch: 16, Batch: 810, Acc: 62.92%, Loss: 1.2123
Epoch: 16, Batch: 820, Acc: 62.95%, Loss: 1.1047
Epoch: 16, Batch: 830, Acc: 62.96%, Loss: 1.1382
Epoch: 16, Batch: 840, Acc: 62.93%, Loss: 1.2012
Epoch: 16, Batch: 850, Acc: 62.92%, Loss: 1.1670
Epoch: 16, Batch: 860, Acc: 62.92%, Loss: 1.1281
Epoch: 16, Batch: 870, Acc: 62.95%, Loss: 1.0657
Epoch: 16, Batch: 880, Acc: 62.96%, Loss: 1.1121
Epoch: 16, Batch: 890, Acc: 62.94%, Loss: 1.1594
Epoch: 16, Batch: 900, Acc: 62.88%, Loss: 1.2896
Epoch: 16, Batch: 910, Acc: 62.88%, Loss: 1.1274
Epoch: 16, Batch: 920, Acc: 62.91%, Loss: 1.1736
Epoch: 16, Batch: 930, Acc: 62.94%, Loss: 1.0931
Accuracy on test set: 65.52%
Epoch: 17, Batch: 10, Acc: 60.94%, Loss: 1.2148
Epoch: 17, Batch: 20, Acc: 61.17%, Loss: 1.1928
Epoch: 17, Batch: 30, Acc: 61.98%, Loss: 1.1109
Epoch: 17, Batch: 40, Acc: 62.89%, Loss: 1.1705
Epoch: 17, Batch: 50, Acc: 63.06%, Loss: 1.1011
Epoch: 17, Batch: 60, Acc: 62.84%, Loss: 1.1590
Epoch: 17, Batch: 70, Acc: 62.72%, Loss: 1.1594
Epoch: 17, Batch: 80, Acc: 63.20%, Loss: 1.1530
Epoch: 17, Batch: 90, Acc: 62.99%, Loss: 1.2621
Epoch: 17, Batch: 100, Acc: 63.27%, Loss: 1.0842
Epoch: 17, Batch: 110, Acc: 62.98%, Loss: 1.2684
Epoch: 17, Batch: 120, Acc: 62.99%, Loss: 1.1541
Epoch: 17, Batch: 130, Acc: 63.08%, Loss: 1.1649
Epoch: 17, Batch: 140, Acc: 63.06%, Loss: 1.1887
Epoch: 17, Batch: 150, Acc: 63.09%, Loss: 1.1622
Epoch: 17, Batch: 160, Acc: 63.05%, Loss: 1.1887
Epoch: 17, Batch: 170, Acc: 63.24%, Loss: 1.0710
Epoch: 17, Batch: 180, Acc: 63.22%, Loss: 1.1261
Epoch: 17, Batch: 190, Acc: 63.27%, Loss: 1.2062
Epoch: 17, Batch: 200, Acc: 63.21%, Loss: 1.1563
Epoch: 17, Batch: 210, Acc: 63.14%, Loss: 1.2091
Epoch: 17, Batch: 220, Acc: 63.12%, Loss: 1.1672
Epoch: 17, Batch: 230, Acc: 63.11%, Loss: 1.1623
Epoch: 17, Batch: 240, Acc: 62.99%, Loss: 1.1978
Epoch: 17, Batch: 250, Acc: 63.04%, Loss: 1.1794
Epoch: 17, Batch: 260, Acc: 62.99%, Loss: 1.1743
Epoch: 17, Batch: 270, Acc: 63.15%, Loss: 1.0671
Epoch: 17, Batch: 280, Acc: 62.91%, Loss: 1.2781
Epoch: 17, Batch: 290, Acc: 62.91%, Loss: 1.1800
Epoch: 17, Batch: 300, Acc: 62.90%, Loss: 1.1746
Epoch: 17, Batch: 310, Acc: 62.85%, Loss: 1.1691
Epoch: 17, Batch: 320, Acc: 62.83%, Loss: 1.1675
Epoch: 17, Batch: 330, Acc: 62.83%, Loss: 1.1331
Epoch: 17, Batch: 340, Acc: 62.85%, Loss: 1.1886
Epoch: 17, Batch: 350, Acc: 62.86%, Loss: 1.1750
Epoch: 17, Batch: 360, Acc: 62.76%, Loss: 1.2366
Epoch: 17, Batch: 370, Acc: 62.77%, Loss: 1.1730
Epoch: 17, Batch: 380, Acc: 62.80%, Loss: 1.1908
Epoch: 17, Batch: 390, Acc: 62.84%, Loss: 1.0870
Epoch: 17, Batch: 400, Acc: 62.92%, Loss: 1.0870
Epoch: 17, Batch: 410, Acc: 62.98%, Loss: 1.1674
Epoch: 17, Batch: 420, Acc: 62.94%, Loss: 1.2157
Epoch: 17, Batch: 430, Acc: 62.90%, Loss: 1.1528
Epoch: 17, Batch: 440, Acc: 62.93%, Loss: 1.1075
Epoch: 17, Batch: 450, Acc: 62.92%, Loss: 1.1579
Epoch: 17, Batch: 460, Acc: 62.93%, Loss: 1.1129
Epoch: 17, Batch: 470, Acc: 62.97%, Loss: 1.1685
Epoch: 17, Batch: 480, Acc: 62.98%, Loss: 1.1859
Epoch: 17, Batch: 490, Acc: 63.06%, Loss: 1.1088
Epoch: 17, Batch: 500, Acc: 63.06%, Loss: 1.1421
Epoch: 17, Batch: 510, Acc: 63.07%, Loss: 1.1595
Epoch: 17, Batch: 520, Acc: 63.14%, Loss: 1.1440
Epoch: 17, Batch: 530, Acc: 63.10%, Loss: 1.1848
Epoch: 17, Batch: 540, Acc: 63.07%, Loss: 1.1271
Epoch: 17, Batch: 550, Acc: 63.08%, Loss: 1.1711
Epoch: 17, Batch: 560, Acc: 63.14%, Loss: 1.0699
Epoch: 17, Batch: 570, Acc: 63.16%, Loss: 1.1320
Epoch: 17, Batch: 580, Acc: 63.17%, Loss: 1.1500
Epoch: 17, Batch: 590, Acc: 63.13%, Loss: 1.1896
Epoch: 17, Batch: 600, Acc: 63.14%, Loss: 1.1603
Epoch: 17, Batch: 610, Acc: 63.12%, Loss: 1.1910
Epoch: 17, Batch: 620, Acc: 63.14%, Loss: 1.1014
Epoch: 17, Batch: 630, Acc: 63.17%, Loss: 1.1591
Epoch: 17, Batch: 640, Acc: 63.15%, Loss: 1.1483
Epoch: 17, Batch: 650, Acc: 63.15%, Loss: 1.1153
Epoch: 17, Batch: 660, Acc: 63.13%, Loss: 1.1598
Epoch: 17, Batch: 670, Acc: 63.12%, Loss: 1.1856
Epoch: 17, Batch: 680, Acc: 63.12%, Loss: 1.1512
Epoch: 17, Batch: 690, Acc: 63.11%, Loss: 1.1939
Epoch: 17, Batch: 700, Acc: 63.10%, Loss: 1.2066
Epoch: 17, Batch: 710, Acc: 63.12%, Loss: 1.1559
Epoch: 17, Batch: 720, Acc: 63.13%, Loss: 1.1112
Epoch: 17, Batch: 730, Acc: 63.11%, Loss: 1.1784
Epoch: 17, Batch: 740, Acc: 63.11%, Loss: 1.1762
Epoch: 17, Batch: 750, Acc: 63.11%, Loss: 1.1680
Epoch: 17, Batch: 760, Acc: 63.09%, Loss: 1.1454
Epoch: 17, Batch: 770, Acc: 63.11%, Loss: 1.1199
Epoch: 17, Batch: 780, Acc: 63.10%, Loss: 1.1604
Epoch: 17, Batch: 790, Acc: 63.14%, Loss: 1.1080
Epoch: 17, Batch: 800, Acc: 63.14%, Loss: 1.1353
Epoch: 17, Batch: 810, Acc: 63.12%, Loss: 1.2265
Epoch: 17, Batch: 820, Acc: 63.13%, Loss: 1.1171
Epoch: 17, Batch: 830, Acc: 63.12%, Loss: 1.1445
Epoch: 17, Batch: 840, Acc: 63.14%, Loss: 1.1079
Epoch: 17, Batch: 850, Acc: 63.15%, Loss: 1.0980
Epoch: 17, Batch: 860, Acc: 63.16%, Loss: 1.1131
Epoch: 17, Batch: 870, Acc: 63.16%, Loss: 1.1029
Epoch: 17, Batch: 880, Acc: 63.14%, Loss: 1.1804
Epoch: 17, Batch: 890, Acc: 63.13%, Loss: 1.1428
Epoch: 17, Batch: 900, Acc: 63.18%, Loss: 1.1448
Epoch: 17, Batch: 910, Acc: 63.19%, Loss: 1.1480
Epoch: 17, Batch: 920, Acc: 63.19%, Loss: 1.1629
Epoch: 17, Batch: 930, Acc: 63.20%, Loss: 1.1514
Accuracy on test set: 65.47%
Epoch: 18, Batch: 10, Acc: 60.31%, Loss: 1.2303
Epoch: 18, Batch: 20, Acc: 62.89%, Loss: 1.1053
Epoch: 18, Batch: 30, Acc: 62.92%, Loss: 1.1533
Epoch: 18, Batch: 40, Acc: 63.12%, Loss: 1.1129
Epoch: 18, Batch: 50, Acc: 63.22%, Loss: 1.1736
Epoch: 18, Batch: 60, Acc: 62.79%, Loss: 1.1961
Epoch: 18, Batch: 70, Acc: 62.83%, Loss: 1.1730
Epoch: 18, Batch: 80, Acc: 62.85%, Loss: 1.1407
Epoch: 18, Batch: 90, Acc: 62.83%, Loss: 1.1595
Epoch: 18, Batch: 100, Acc: 62.92%, Loss: 1.1907
Epoch: 18, Batch: 110, Acc: 62.87%, Loss: 1.1641
Epoch: 18, Batch: 120, Acc: 62.93%, Loss: 1.1036
Epoch: 18, Batch: 130, Acc: 63.00%, Loss: 1.1631
Epoch: 18, Batch: 140, Acc: 62.88%, Loss: 1.2119
Epoch: 18, Batch: 150, Acc: 62.86%, Loss: 1.1749
Epoch: 18, Batch: 160, Acc: 62.80%, Loss: 1.1714
Epoch: 18, Batch: 170, Acc: 62.85%, Loss: 1.1851
Epoch: 18, Batch: 180, Acc: 62.87%, Loss: 1.1238
Epoch: 18, Batch: 190, Acc: 62.90%, Loss: 1.1759
Epoch: 18, Batch: 200, Acc: 62.98%, Loss: 1.0864
Epoch: 18, Batch: 210, Acc: 63.03%, Loss: 1.1493
Epoch: 18, Batch: 220, Acc: 63.23%, Loss: 1.0962
Epoch: 18, Batch: 230, Acc: 63.13%, Loss: 1.2129
Epoch: 18, Batch: 240, Acc: 63.16%, Loss: 1.2112
Epoch: 18, Batch: 250, Acc: 63.20%, Loss: 1.0930
Epoch: 18, Batch: 260, Acc: 63.19%, Loss: 1.1995
Epoch: 18, Batch: 270, Acc: 63.23%, Loss: 1.1095
Epoch: 18, Batch: 280, Acc: 63.16%, Loss: 1.1512
Epoch: 18, Batch: 290, Acc: 63.31%, Loss: 1.0774
Epoch: 18, Batch: 300, Acc: 63.27%, Loss: 1.2288
Epoch: 18, Batch: 310, Acc: 63.37%, Loss: 1.0481
Epoch: 18, Batch: 320, Acc: 63.38%, Loss: 1.1586
Epoch: 18, Batch: 330, Acc: 63.33%, Loss: 1.2177
Epoch: 18, Batch: 340, Acc: 63.30%, Loss: 1.1804
Epoch: 18, Batch: 350, Acc: 63.36%, Loss: 1.1681
Epoch: 18, Batch: 360, Acc: 63.42%, Loss: 1.1584
Epoch: 18, Batch: 370, Acc: 63.39%, Loss: 1.1077
Epoch: 18, Batch: 380, Acc: 63.41%, Loss: 1.1318
Epoch: 18, Batch: 390, Acc: 63.41%, Loss: 1.1310
Epoch: 18, Batch: 400, Acc: 63.39%, Loss: 1.1964
Epoch: 18, Batch: 410, Acc: 63.43%, Loss: 1.1113
Epoch: 18, Batch: 420, Acc: 63.38%, Loss: 1.2086
Epoch: 18, Batch: 430, Acc: 63.37%, Loss: 1.1669
Epoch: 18, Batch: 440, Acc: 63.41%, Loss: 1.1044
Epoch: 18, Batch: 450, Acc: 63.40%, Loss: 1.1681
Epoch: 18, Batch: 460, Acc: 63.40%, Loss: 1.1672
Epoch: 18, Batch: 470, Acc: 63.43%, Loss: 1.1348
Epoch: 18, Batch: 480, Acc: 63.47%, Loss: 1.0793
Epoch: 18, Batch: 490, Acc: 63.38%, Loss: 1.1952
Epoch: 18, Batch: 500, Acc: 63.41%, Loss: 1.1243
Epoch: 18, Batch: 510, Acc: 63.43%, Loss: 1.1438
Epoch: 18, Batch: 520, Acc: 63.40%, Loss: 1.1829
Epoch: 18, Batch: 530, Acc: 63.38%, Loss: 1.1456
Epoch: 18, Batch: 540, Acc: 63.39%, Loss: 1.1299
Epoch: 18, Batch: 550, Acc: 63.34%, Loss: 1.2110
Epoch: 18, Batch: 560, Acc: 63.37%, Loss: 1.1006
Epoch: 18, Batch: 570, Acc: 63.36%, Loss: 1.1419
Epoch: 18, Batch: 580, Acc: 63.36%, Loss: 1.1865
Epoch: 18, Batch: 590, Acc: 63.38%, Loss: 1.0955
Epoch: 18, Batch: 600, Acc: 63.37%, Loss: 1.1637
Epoch: 18, Batch: 610, Acc: 63.34%, Loss: 1.1603
Epoch: 18, Batch: 620, Acc: 63.35%, Loss: 1.1184
Epoch: 18, Batch: 630, Acc: 63.37%, Loss: 1.1309
Epoch: 18, Batch: 640, Acc: 63.35%, Loss: 1.1788
Epoch: 18, Batch: 650, Acc: 63.34%, Loss: 1.1886
Epoch: 18, Batch: 660, Acc: 63.30%, Loss: 1.1452
Epoch: 18, Batch: 670, Acc: 63.31%, Loss: 1.1455
Epoch: 18, Batch: 680, Acc: 63.31%, Loss: 1.1576
Epoch: 18, Batch: 690, Acc: 63.29%, Loss: 1.1455
Epoch: 18, Batch: 700, Acc: 63.30%, Loss: 1.1622
Epoch: 18, Batch: 710, Acc: 63.29%, Loss: 1.1453
Epoch: 18, Batch: 720, Acc: 63.30%, Loss: 1.1640
Epoch: 18, Batch: 730, Acc: 63.29%, Loss: 1.1875
Epoch: 18, Batch: 740, Acc: 63.27%, Loss: 1.1868
Epoch: 18, Batch: 750, Acc: 63.27%, Loss: 1.1088
Epoch: 18, Batch: 760, Acc: 63.24%, Loss: 1.1415
Epoch: 18, Batch: 770, Acc: 63.25%, Loss: 1.1532
Epoch: 18, Batch: 780, Acc: 63.26%, Loss: 1.1232
Epoch: 18, Batch: 790, Acc: 63.29%, Loss: 1.1200
Epoch: 18, Batch: 800, Acc: 63.32%, Loss: 1.1180
Epoch: 18, Batch: 810, Acc: 63.35%, Loss: 1.1833
Epoch: 18, Batch: 820, Acc: 63.39%, Loss: 1.1041
Epoch: 18, Batch: 830, Acc: 63.40%, Loss: 1.1355
Epoch: 18, Batch: 840, Acc: 63.37%, Loss: 1.1640
Epoch: 18, Batch: 850, Acc: 63.38%, Loss: 1.1493
Epoch: 18, Batch: 860, Acc: 63.36%, Loss: 1.2017
Epoch: 18, Batch: 870, Acc: 63.36%, Loss: 1.1630
Epoch: 18, Batch: 880, Acc: 63.37%, Loss: 1.1407
Epoch: 18, Batch: 890, Acc: 63.37%, Loss: 1.1128
Epoch: 18, Batch: 900, Acc: 63.31%, Loss: 1.2307
Epoch: 18, Batch: 910, Acc: 63.33%, Loss: 1.1239
Epoch: 18, Batch: 920, Acc: 63.30%, Loss: 1.1872
Epoch: 18, Batch: 930, Acc: 63.30%, Loss: 1.1666
Accuracy on test set: 65.42%
Epoch: 19, Batch: 10, Acc: 62.34%, Loss: 1.1371
Epoch: 19, Batch: 20, Acc: 62.42%, Loss: 1.2014
Epoch: 19, Batch: 30, Acc: 62.76%, Loss: 1.1299
Epoch: 19, Batch: 40, Acc: 63.36%, Loss: 1.1268
Epoch: 19, Batch: 50, Acc: 62.31%, Loss: 1.2256
Epoch: 19, Batch: 60, Acc: 62.50%, Loss: 1.1190
Epoch: 19, Batch: 70, Acc: 62.57%, Loss: 1.1254
Epoch: 19, Batch: 80, Acc: 62.89%, Loss: 1.0927
Epoch: 19, Batch: 90, Acc: 63.44%, Loss: 1.0604
Epoch: 19, Batch: 100, Acc: 63.42%, Loss: 1.1724
Epoch: 19, Batch: 110, Acc: 63.39%, Loss: 1.1798
Epoch: 19, Batch: 120, Acc: 63.44%, Loss: 1.2026
Epoch: 19, Batch: 130, Acc: 63.41%, Loss: 1.1976
Epoch: 19, Batch: 140, Acc: 63.39%, Loss: 1.1042
Epoch: 19, Batch: 150, Acc: 63.45%, Loss: 1.0860
Epoch: 19, Batch: 160, Acc: 63.47%, Loss: 1.1344
Epoch: 19, Batch: 170, Acc: 63.31%, Loss: 1.1808
Epoch: 19, Batch: 180, Acc: 63.43%, Loss: 1.1418
Epoch: 19, Batch: 190, Acc: 63.40%, Loss: 1.1599
Epoch: 19, Batch: 200, Acc: 63.45%, Loss: 1.1237
Epoch: 19, Batch: 210, Acc: 63.56%, Loss: 1.0907
Epoch: 19, Batch: 220, Acc: 63.37%, Loss: 1.2354
Epoch: 19, Batch: 230, Acc: 63.35%, Loss: 1.1850
Epoch: 19, Batch: 240, Acc: 63.25%, Loss: 1.1605
Epoch: 19, Batch: 250, Acc: 63.31%, Loss: 1.1090
Epoch: 19, Batch: 260, Acc: 63.27%, Loss: 1.1126
Epoch: 19, Batch: 270, Acc: 63.36%, Loss: 1.0966
Epoch: 19, Batch: 280, Acc: 63.23%, Loss: 1.1639
Epoch: 19, Batch: 290, Acc: 63.15%, Loss: 1.1557
Epoch: 19, Batch: 300, Acc: 63.21%, Loss: 1.0998
Epoch: 19, Batch: 310, Acc: 63.24%, Loss: 1.1065
Epoch: 19, Batch: 320, Acc: 63.23%, Loss: 1.1860
Epoch: 19, Batch: 330, Acc: 63.16%, Loss: 1.1865
Epoch: 19, Batch: 340, Acc: 63.18%, Loss: 1.1215
Epoch: 19, Batch: 350, Acc: 63.21%, Loss: 1.1813
Epoch: 19, Batch: 360, Acc: 63.17%, Loss: 1.1651
Epoch: 19, Batch: 370, Acc: 63.27%, Loss: 1.0713
Epoch: 19, Batch: 380, Acc: 63.28%, Loss: 1.1620
Epoch: 19, Batch: 390, Acc: 63.29%, Loss: 1.1268
Epoch: 19, Batch: 400, Acc: 63.33%, Loss: 1.1088
Epoch: 19, Batch: 410, Acc: 63.37%, Loss: 1.0871
Epoch: 19, Batch: 420, Acc: 63.39%, Loss: 1.1921
Epoch: 19, Batch: 430, Acc: 63.48%, Loss: 1.0568
Epoch: 19, Batch: 440, Acc: 63.47%, Loss: 1.1782
Epoch: 19, Batch: 450, Acc: 63.45%, Loss: 1.1663
Epoch: 19, Batch: 460, Acc: 63.41%, Loss: 1.1454
Epoch: 19, Batch: 470, Acc: 63.43%, Loss: 1.1724
Epoch: 19, Batch: 480, Acc: 63.45%, Loss: 1.1449
Epoch: 19, Batch: 490, Acc: 63.48%, Loss: 1.1145
Epoch: 19, Batch: 500, Acc: 63.42%, Loss: 1.1968
Epoch: 19, Batch: 510, Acc: 63.38%, Loss: 1.1977
Epoch: 19, Batch: 520, Acc: 63.40%, Loss: 1.1470
Epoch: 19, Batch: 530, Acc: 63.41%, Loss: 1.1336
Epoch: 19, Batch: 540, Acc: 63.39%, Loss: 1.1986
Epoch: 19, Batch: 550, Acc: 63.40%, Loss: 1.0895
Epoch: 19, Batch: 560, Acc: 63.41%, Loss: 1.1204
Epoch: 19, Batch: 570, Acc: 63.41%, Loss: 1.1744
Epoch: 19, Batch: 580, Acc: 63.38%, Loss: 1.2210
Epoch: 19, Batch: 590, Acc: 63.32%, Loss: 1.2655
Epoch: 19, Batch: 600, Acc: 63.34%, Loss: 1.1689
Epoch: 19, Batch: 610, Acc: 63.37%, Loss: 1.1022
Epoch: 19, Batch: 620, Acc: 63.38%, Loss: 1.1392
Epoch: 19, Batch: 630, Acc: 63.43%, Loss: 1.1225
Epoch: 19, Batch: 640, Acc: 63.40%, Loss: 1.1859
Epoch: 19, Batch: 650, Acc: 63.40%, Loss: 1.1721
Epoch: 19, Batch: 660, Acc: 63.36%, Loss: 1.1262
Epoch: 19, Batch: 670, Acc: 63.35%, Loss: 1.1705
Epoch: 19, Batch: 680, Acc: 63.34%, Loss: 1.1438
Epoch: 19, Batch: 690, Acc: 63.33%, Loss: 1.1701
Epoch: 19, Batch: 700, Acc: 63.35%, Loss: 1.1680
Epoch: 19, Batch: 710, Acc: 63.41%, Loss: 1.0788
Epoch: 19, Batch: 720, Acc: 63.39%, Loss: 1.1652
Epoch: 19, Batch: 730, Acc: 63.39%, Loss: 1.1719
Epoch: 19, Batch: 740, Acc: 63.41%, Loss: 1.1572
Epoch: 19, Batch: 750, Acc: 63.45%, Loss: 1.0801
Epoch: 19, Batch: 760, Acc: 63.46%, Loss: 1.1407
Epoch: 19, Batch: 770, Acc: 63.52%, Loss: 1.0941
Epoch: 19, Batch: 780, Acc: 63.49%, Loss: 1.1607
Epoch: 19, Batch: 790, Acc: 63.49%, Loss: 1.1324
Epoch: 19, Batch: 800, Acc: 63.50%, Loss: 1.1362
Epoch: 19, Batch: 810, Acc: 63.51%, Loss: 1.1453
Epoch: 19, Batch: 820, Acc: 63.50%, Loss: 1.2034
Epoch: 19, Batch: 830, Acc: 63.47%, Loss: 1.2307
Epoch: 19, Batch: 840, Acc: 63.47%, Loss: 1.1267
Epoch: 19, Batch: 850, Acc: 63.49%, Loss: 1.1498
Epoch: 19, Batch: 860, Acc: 63.45%, Loss: 1.2131
Epoch: 19, Batch: 870, Acc: 63.45%, Loss: 1.1598
Epoch: 19, Batch: 880, Acc: 63.41%, Loss: 1.1741
Epoch: 19, Batch: 890, Acc: 63.41%, Loss: 1.1041
Epoch: 19, Batch: 900, Acc: 63.43%, Loss: 1.1721
Epoch: 19, Batch: 910, Acc: 63.39%, Loss: 1.2348
Epoch: 19, Batch: 920, Acc: 63.38%, Loss: 1.1716
Epoch: 19, Batch: 930, Acc: 63.36%, Loss: 1.2036
Accuracy on test set: 66.16%
Epoch: 20, Batch: 10, Acc: 62.34%, Loss: 1.1985
Epoch: 20, Batch: 20, Acc: 62.66%, Loss: 1.2338
Epoch: 20, Batch: 30, Acc: 62.19%, Loss: 1.1809
Epoch: 20, Batch: 40, Acc: 62.07%, Loss: 1.1782
Epoch: 20, Batch: 50, Acc: 62.69%, Loss: 1.1246
Epoch: 20, Batch: 60, Acc: 62.60%, Loss: 1.1899
Epoch: 20, Batch: 70, Acc: 62.68%, Loss: 1.1029
Epoch: 20, Batch: 80, Acc: 63.32%, Loss: 1.0881
Epoch: 20, Batch: 90, Acc: 63.25%, Loss: 1.1514
Epoch: 20, Batch: 100, Acc: 63.39%, Loss: 1.1429
Epoch: 20, Batch: 110, Acc: 63.35%, Loss: 1.1855
Epoch: 20, Batch: 120, Acc: 63.48%, Loss: 1.0696
Epoch: 20, Batch: 130, Acc: 63.53%, Loss: 1.1785
Epoch: 20, Batch: 140, Acc: 63.37%, Loss: 1.2141
Epoch: 20, Batch: 150, Acc: 63.50%, Loss: 1.0779
Epoch: 20, Batch: 160, Acc: 63.51%, Loss: 1.1388
Epoch: 20, Batch: 170, Acc: 63.53%, Loss: 1.1830
Epoch: 20, Batch: 180, Acc: 63.67%, Loss: 1.0972
Epoch: 20, Batch: 190, Acc: 63.59%, Loss: 1.1443
Epoch: 20, Batch: 200, Acc: 63.55%, Loss: 1.1260
Epoch: 20, Batch: 210, Acc: 63.74%, Loss: 1.0891
Epoch: 20, Batch: 220, Acc: 63.79%, Loss: 1.1229
Epoch: 20, Batch: 230, Acc: 63.85%, Loss: 1.0803
Epoch: 20, Batch: 240, Acc: 63.85%, Loss: 1.1214
Epoch: 20, Batch: 250, Acc: 63.76%, Loss: 1.1963
Epoch: 20, Batch: 260, Acc: 63.73%, Loss: 1.1423
Epoch: 20, Batch: 270, Acc: 63.76%, Loss: 1.0951
Epoch: 20, Batch: 280, Acc: 63.61%, Loss: 1.1692
Epoch: 20, Batch: 290, Acc: 63.70%, Loss: 1.1492
Epoch: 20, Batch: 300, Acc: 63.64%, Loss: 1.1971
Epoch: 20, Batch: 310, Acc: 63.65%, Loss: 1.1074
Epoch: 20, Batch: 320, Acc: 63.58%, Loss: 1.1571
Epoch: 20, Batch: 330, Acc: 63.65%, Loss: 1.0284
Epoch: 20, Batch: 340, Acc: 63.58%, Loss: 1.1821
Epoch: 20, Batch: 350, Acc: 63.48%, Loss: 1.2132
Epoch: 20, Batch: 360, Acc: 63.45%, Loss: 1.1075
Epoch: 20, Batch: 370, Acc: 63.45%, Loss: 1.1432
Epoch: 20, Batch: 380, Acc: 63.42%, Loss: 1.1803
Epoch: 20, Batch: 390, Acc: 63.46%, Loss: 1.1277
Epoch: 20, Batch: 400, Acc: 63.42%, Loss: 1.1742
Epoch: 20, Batch: 410, Acc: 63.42%, Loss: 1.1205
Epoch: 20, Batch: 420, Acc: 63.55%, Loss: 1.0532
Epoch: 20, Batch: 430, Acc: 63.51%, Loss: 1.2003
Epoch: 20, Batch: 440, Acc: 63.49%, Loss: 1.1956
Epoch: 20, Batch: 450, Acc: 63.44%, Loss: 1.2058
Epoch: 20, Batch: 460, Acc: 63.45%, Loss: 1.1169
Epoch: 20, Batch: 470, Acc: 63.45%, Loss: 1.1708
Epoch: 20, Batch: 480, Acc: 63.49%, Loss: 1.1276
Epoch: 20, Batch: 490, Acc: 63.53%, Loss: 1.1010
Epoch: 20, Batch: 500, Acc: 63.50%, Loss: 1.1484
Epoch: 20, Batch: 510, Acc: 63.43%, Loss: 1.2056
Epoch: 20, Batch: 520, Acc: 63.42%, Loss: 1.1044
Epoch: 20, Batch: 530, Acc: 63.42%, Loss: 1.1635
Epoch: 20, Batch: 540, Acc: 63.41%, Loss: 1.1214
Epoch: 20, Batch: 550, Acc: 63.39%, Loss: 1.1609
Epoch: 20, Batch: 560, Acc: 63.39%, Loss: 1.2304
Epoch: 20, Batch: 570, Acc: 63.40%, Loss: 1.1121
Epoch: 20, Batch: 580, Acc: 63.40%, Loss: 1.1838
Epoch: 20, Batch: 590, Acc: 63.37%, Loss: 1.1986
Epoch: 20, Batch: 600, Acc: 63.30%, Loss: 1.2004
Epoch: 20, Batch: 610, Acc: 63.31%, Loss: 1.1650
Epoch: 20, Batch: 620, Acc: 63.35%, Loss: 1.1705
Epoch: 20, Batch: 630, Acc: 63.33%, Loss: 1.1810
Epoch: 20, Batch: 640, Acc: 63.30%, Loss: 1.1887
Epoch: 20, Batch: 650, Acc: 63.30%, Loss: 1.1729
Epoch: 20, Batch: 660, Acc: 63.30%, Loss: 1.1649
Epoch: 20, Batch: 670, Acc: 63.35%, Loss: 1.0993
Epoch: 20, Batch: 680, Acc: 63.35%, Loss: 1.1424
Epoch: 20, Batch: 690, Acc: 63.33%, Loss: 1.2272
Epoch: 20, Batch: 700, Acc: 63.34%, Loss: 1.1274
Epoch: 20, Batch: 710, Acc: 63.32%, Loss: 1.1530
Epoch: 20, Batch: 720, Acc: 63.32%, Loss: 1.1002
Epoch: 20, Batch: 730, Acc: 63.33%, Loss: 1.1813
Epoch: 20, Batch: 740, Acc: 63.37%, Loss: 1.1342
Epoch: 20, Batch: 750, Acc: 63.38%, Loss: 1.1065
Epoch: 20, Batch: 760, Acc: 63.34%, Loss: 1.1790
Epoch: 20, Batch: 770, Acc: 63.36%, Loss: 1.1122
Epoch: 20, Batch: 780, Acc: 63.36%, Loss: 1.2021
Epoch: 20, Batch: 790, Acc: 63.36%, Loss: 1.1182
Epoch: 20, Batch: 800, Acc: 63.39%, Loss: 1.0949
Epoch: 20, Batch: 810, Acc: 63.40%, Loss: 1.1005
Epoch: 20, Batch: 820, Acc: 63.40%, Loss: 1.1790
Epoch: 20, Batch: 830, Acc: 63.39%, Loss: 1.2243
Epoch: 20, Batch: 840, Acc: 63.39%, Loss: 1.1015
Epoch: 20, Batch: 850, Acc: 63.38%, Loss: 1.1770
Epoch: 20, Batch: 860, Acc: 63.38%, Loss: 1.1283
Epoch: 20, Batch: 870, Acc: 63.40%, Loss: 1.1329
Epoch: 20, Batch: 880, Acc: 63.42%, Loss: 1.1149
Epoch: 20, Batch: 890, Acc: 63.43%, Loss: 1.1389
Epoch: 20, Batch: 900, Acc: 63.43%, Loss: 1.1682
Epoch: 20, Batch: 910, Acc: 63.43%, Loss: 1.1267
Epoch: 20, Batch: 920, Acc: 63.45%, Loss: 1.1222
Epoch: 20, Batch: 930, Acc: 63.48%, Loss: 1.0908
Accuracy on test set: 65.83%
Epoch: 21, Batch: 10, Acc: 64.22%, Loss: 1.1468
Epoch: 21, Batch: 20, Acc: 63.91%, Loss: 1.1422
Epoch: 21, Batch: 30, Acc: 63.85%, Loss: 1.1209
Epoch: 21, Batch: 40, Acc: 64.10%, Loss: 1.1327
Epoch: 21, Batch: 50, Acc: 64.50%, Loss: 1.0724
Epoch: 21, Batch: 60, Acc: 64.32%, Loss: 1.1938
Epoch: 21, Batch: 70, Acc: 64.06%, Loss: 1.1612
Epoch: 21, Batch: 80, Acc: 63.75%, Loss: 1.1876
Epoch: 21, Batch: 90, Acc: 63.73%, Loss: 1.0842
Epoch: 21, Batch: 100, Acc: 64.06%, Loss: 1.0795
Epoch: 21, Batch: 110, Acc: 64.09%, Loss: 1.1187
Epoch: 21, Batch: 120, Acc: 63.85%, Loss: 1.1996
Epoch: 21, Batch: 130, Acc: 63.89%, Loss: 1.1202
Epoch: 21, Batch: 140, Acc: 64.04%, Loss: 1.1205
Epoch: 21, Batch: 150, Acc: 63.79%, Loss: 1.1998
Epoch: 21, Batch: 160, Acc: 63.99%, Loss: 1.1056
Epoch: 21, Batch: 170, Acc: 63.69%, Loss: 1.2285
Epoch: 21, Batch: 180, Acc: 63.73%, Loss: 1.1196
Epoch: 21, Batch: 190, Acc: 63.53%, Loss: 1.1343
Epoch: 21, Batch: 200, Acc: 63.41%, Loss: 1.1353
Epoch: 21, Batch: 210, Acc: 63.42%, Loss: 1.1208
Epoch: 21, Batch: 220, Acc: 63.23%, Loss: 1.2435
Epoch: 21, Batch: 230, Acc: 63.32%, Loss: 1.1964
Epoch: 21, Batch: 240, Acc: 63.33%, Loss: 1.1567
Epoch: 21, Batch: 250, Acc: 63.38%, Loss: 1.1187
Epoch: 21, Batch: 260, Acc: 63.43%, Loss: 1.1774
Epoch: 21, Batch: 270, Acc: 63.45%, Loss: 1.1721
Epoch: 21, Batch: 280, Acc: 63.44%, Loss: 1.1706
Epoch: 21, Batch: 290, Acc: 63.43%, Loss: 1.1412
Epoch: 21, Batch: 300, Acc: 63.47%, Loss: 1.1667
Epoch: 21, Batch: 310, Acc: 63.42%, Loss: 1.1439
Epoch: 21, Batch: 320, Acc: 63.41%, Loss: 1.1126
Epoch: 21, Batch: 330, Acc: 63.30%, Loss: 1.1997
Epoch: 21, Batch: 340, Acc: 63.33%, Loss: 1.0872
Epoch: 21, Batch: 350, Acc: 63.28%, Loss: 1.1840
Epoch: 21, Batch: 360, Acc: 63.37%, Loss: 1.1192
Epoch: 21, Batch: 370, Acc: 63.38%, Loss: 1.1434
Epoch: 21, Batch: 380, Acc: 63.32%, Loss: 1.2438
Epoch: 21, Batch: 390, Acc: 63.31%, Loss: 1.1622
Epoch: 21, Batch: 400, Acc: 63.32%, Loss: 1.1479
Epoch: 21, Batch: 410, Acc: 63.32%, Loss: 1.1451
Epoch: 21, Batch: 420, Acc: 63.27%, Loss: 1.1993
Epoch: 21, Batch: 430, Acc: 63.27%, Loss: 1.1147
Epoch: 21, Batch: 440, Acc: 63.22%, Loss: 1.1757
Epoch: 21, Batch: 450, Acc: 63.23%, Loss: 1.1385
Epoch: 21, Batch: 460, Acc: 63.25%, Loss: 1.1236
Epoch: 21, Batch: 470, Acc: 63.25%, Loss: 1.1640
Epoch: 21, Batch: 480, Acc: 63.26%, Loss: 1.1933
Epoch: 21, Batch: 490, Acc: 63.36%, Loss: 1.0876
Epoch: 21, Batch: 500, Acc: 63.36%, Loss: 1.1126
Epoch: 21, Batch: 510, Acc: 63.34%, Loss: 1.1010
Epoch: 21, Batch: 520, Acc: 63.30%, Loss: 1.2158
Epoch: 21, Batch: 530, Acc: 63.28%, Loss: 1.1167
Epoch: 21, Batch: 540, Acc: 63.23%, Loss: 1.2303
Epoch: 21, Batch: 550, Acc: 63.28%, Loss: 1.0939
Epoch: 21, Batch: 560, Acc: 63.31%, Loss: 1.1034
Epoch: 21, Batch: 570, Acc: 63.27%, Loss: 1.1990
Epoch: 21, Batch: 580, Acc: 63.26%, Loss: 1.0876
Epoch: 21, Batch: 590, Acc: 63.29%, Loss: 1.2081
Epoch: 21, Batch: 600, Acc: 63.32%, Loss: 1.0880
Epoch: 21, Batch: 610, Acc: 63.32%, Loss: 1.1797
Epoch: 21, Batch: 620, Acc: 63.36%, Loss: 1.1463
Epoch: 21, Batch: 630, Acc: 63.37%, Loss: 1.1734
Epoch: 21, Batch: 640, Acc: 63.35%, Loss: 1.1446
Epoch: 21, Batch: 650, Acc: 63.32%, Loss: 1.1497
Epoch: 21, Batch: 660, Acc: 63.27%, Loss: 1.1922
Epoch: 21, Batch: 670, Acc: 63.28%, Loss: 1.1184
Epoch: 21, Batch: 680, Acc: 63.31%, Loss: 1.0701
Epoch: 21, Batch: 690, Acc: 63.35%, Loss: 1.1016
Epoch: 21, Batch: 700, Acc: 63.33%, Loss: 1.1190
Epoch: 21, Batch: 710, Acc: 63.35%, Loss: 1.1155
Epoch: 21, Batch: 720, Acc: 63.34%, Loss: 1.1649
Epoch: 21, Batch: 730, Acc: 63.38%, Loss: 1.0698
Epoch: 21, Batch: 740, Acc: 63.37%, Loss: 1.1742
Epoch: 21, Batch: 750, Acc: 63.38%, Loss: 1.1523
Epoch: 21, Batch: 760, Acc: 63.40%, Loss: 1.0580
Epoch: 21, Batch: 770, Acc: 63.37%, Loss: 1.2111
Epoch: 21, Batch: 780, Acc: 63.40%, Loss: 1.1306
Epoch: 21, Batch: 790, Acc: 63.37%, Loss: 1.1766
Epoch: 21, Batch: 800, Acc: 63.32%, Loss: 1.2713
Epoch: 21, Batch: 810, Acc: 63.35%, Loss: 1.1308
Epoch: 21, Batch: 820, Acc: 63.35%, Loss: 1.0805
Epoch: 21, Batch: 830, Acc: 63.36%, Loss: 1.1484
Epoch: 21, Batch: 840, Acc: 63.40%, Loss: 1.0821
Epoch: 21, Batch: 850, Acc: 63.37%, Loss: 1.1229
Epoch: 21, Batch: 860, Acc: 63.38%, Loss: 1.1605
Epoch: 21, Batch: 870, Acc: 63.39%, Loss: 1.1261
Epoch: 21, Batch: 880, Acc: 63.36%, Loss: 1.1893
Epoch: 21, Batch: 890, Acc: 63.37%, Loss: 1.1416
Epoch: 21, Batch: 900, Acc: 63.39%, Loss: 1.0728
Epoch: 21, Batch: 910, Acc: 63.40%, Loss: 1.1555
Epoch: 21, Batch: 920, Acc: 63.41%, Loss: 1.1418
Epoch: 21, Batch: 930, Acc: 63.44%, Loss: 1.1690
Accuracy on test set: 65.78%
Epoch: 22, Batch: 10, Acc: 65.47%, Loss: 1.1245
Epoch: 22, Batch: 20, Acc: 64.92%, Loss: 1.1646
Epoch: 22, Batch: 30, Acc: 65.00%, Loss: 1.1187
Epoch: 22, Batch: 40, Acc: 64.10%, Loss: 1.1256
Epoch: 22, Batch: 50, Acc: 63.75%, Loss: 1.1325
Epoch: 22, Batch: 60, Acc: 63.59%, Loss: 1.1864
Epoch: 22, Batch: 70, Acc: 63.48%, Loss: 1.1215
Epoch: 22, Batch: 80, Acc: 63.48%, Loss: 1.1361
Epoch: 22, Batch: 90, Acc: 63.35%, Loss: 1.1230
Epoch: 22, Batch: 100, Acc: 63.67%, Loss: 1.1041
Epoch: 22, Batch: 110, Acc: 63.62%, Loss: 1.1293
Epoch: 22, Batch: 120, Acc: 63.63%, Loss: 1.1165
Epoch: 22, Batch: 130, Acc: 63.64%, Loss: 1.1309
Epoch: 22, Batch: 140, Acc: 63.79%, Loss: 1.0952
Epoch: 22, Batch: 150, Acc: 63.47%, Loss: 1.2016
Epoch: 22, Batch: 160, Acc: 63.49%, Loss: 1.1290
Epoch: 22, Batch: 170, Acc: 63.54%, Loss: 1.0901
Epoch: 22, Batch: 180, Acc: 63.67%, Loss: 1.0483
Epoch: 22, Batch: 190, Acc: 63.53%, Loss: 1.1588
Epoch: 22, Batch: 200, Acc: 63.55%, Loss: 1.1053
Epoch: 22, Batch: 210, Acc: 63.44%, Loss: 1.2126
Epoch: 22, Batch: 220, Acc: 63.36%, Loss: 1.1466
Epoch: 22, Batch: 230, Acc: 63.36%, Loss: 1.1196
Epoch: 22, Batch: 240, Acc: 63.24%, Loss: 1.1787
Epoch: 22, Batch: 250, Acc: 63.08%, Loss: 1.2295
Epoch: 22, Batch: 260, Acc: 62.92%, Loss: 1.2260
Epoch: 22, Batch: 270, Acc: 62.98%, Loss: 1.1175
Epoch: 22, Batch: 280, Acc: 63.01%, Loss: 1.1526
Epoch: 22, Batch: 290, Acc: 63.08%, Loss: 1.0677
Epoch: 22, Batch: 300, Acc: 63.11%, Loss: 1.1225
Epoch: 22, Batch: 310, Acc: 63.21%, Loss: 1.1331
Epoch: 22, Batch: 320, Acc: 63.33%, Loss: 1.1338
Epoch: 22, Batch: 330, Acc: 63.33%, Loss: 1.1046
Epoch: 22, Batch: 340, Acc: 63.30%, Loss: 1.2288
Epoch: 22, Batch: 350, Acc: 63.37%, Loss: 1.1058
Epoch: 22, Batch: 360, Acc: 63.32%, Loss: 1.1386
Epoch: 22, Batch: 370, Acc: 63.37%, Loss: 1.1622
Epoch: 22, Batch: 380, Acc: 63.36%, Loss: 1.1444
Epoch: 22, Batch: 390, Acc: 63.42%, Loss: 1.1120
Epoch: 22, Batch: 400, Acc: 63.48%, Loss: 1.0784
Epoch: 22, Batch: 410, Acc: 63.45%, Loss: 1.1450
Epoch: 22, Batch: 420, Acc: 63.51%, Loss: 1.0890
Epoch: 22, Batch: 430, Acc: 63.54%, Loss: 1.1711
Epoch: 22, Batch: 440, Acc: 63.59%, Loss: 1.1033
Epoch: 22, Batch: 450, Acc: 63.59%, Loss: 1.1577
Epoch: 22, Batch: 460, Acc: 63.59%, Loss: 1.1357
Epoch: 22, Batch: 470, Acc: 63.56%, Loss: 1.1780
Epoch: 22, Batch: 480, Acc: 63.55%, Loss: 1.1665
Epoch: 22, Batch: 490, Acc: 63.54%, Loss: 1.2238
Epoch: 22, Batch: 500, Acc: 63.45%, Loss: 1.2503
Epoch: 22, Batch: 510, Acc: 63.42%, Loss: 1.1741
Epoch: 22, Batch: 520, Acc: 63.42%, Loss: 1.1503
Epoch: 22, Batch: 530, Acc: 63.43%, Loss: 1.1413
Epoch: 22, Batch: 540, Acc: 63.40%, Loss: 1.2036
Epoch: 22, Batch: 550, Acc: 63.40%, Loss: 1.1095
Epoch: 22, Batch: 560, Acc: 63.41%, Loss: 1.1594
Epoch: 22, Batch: 570, Acc: 63.37%, Loss: 1.1834
Epoch: 22, Batch: 580, Acc: 63.34%, Loss: 1.1982
Epoch: 22, Batch: 590, Acc: 63.40%, Loss: 1.1143
Epoch: 22, Batch: 600, Acc: 63.42%, Loss: 1.1422
Epoch: 22, Batch: 610, Acc: 63.39%, Loss: 1.1826
Epoch: 22, Batch: 620, Acc: 63.39%, Loss: 1.1492
Epoch: 22, Batch: 630, Acc: 63.37%, Loss: 1.1409
Epoch: 22, Batch: 640, Acc: 63.33%, Loss: 1.1518
Epoch: 22, Batch: 650, Acc: 63.34%, Loss: 1.1336
Epoch: 22, Batch: 660, Acc: 63.35%, Loss: 1.1292
Epoch: 22, Batch: 670, Acc: 63.40%, Loss: 1.0561
Epoch: 22, Batch: 680, Acc: 63.36%, Loss: 1.1627
Epoch: 22, Batch: 690, Acc: 63.37%, Loss: 1.1407
Epoch: 22, Batch: 700, Acc: 63.38%, Loss: 1.1459
Epoch: 22, Batch: 710, Acc: 63.41%, Loss: 1.1340
Epoch: 22, Batch: 720, Acc: 63.43%, Loss: 1.0880
Epoch: 22, Batch: 730, Acc: 63.45%, Loss: 1.1418
Epoch: 22, Batch: 740, Acc: 63.42%, Loss: 1.2103
Epoch: 22, Batch: 750, Acc: 63.43%, Loss: 1.1049
Epoch: 22, Batch: 760, Acc: 63.45%, Loss: 1.1026
Epoch: 22, Batch: 770, Acc: 63.48%, Loss: 1.1123
Epoch: 22, Batch: 780, Acc: 63.50%, Loss: 1.1191
Epoch: 22, Batch: 790, Acc: 63.46%, Loss: 1.1862
Epoch: 22, Batch: 800, Acc: 63.45%, Loss: 1.1630
Epoch: 22, Batch: 810, Acc: 63.41%, Loss: 1.2209
Epoch: 22, Batch: 820, Acc: 63.43%, Loss: 1.1159
Epoch: 22, Batch: 830, Acc: 63.47%, Loss: 1.1400
Epoch: 22, Batch: 840, Acc: 63.46%, Loss: 1.1414
Epoch: 22, Batch: 850, Acc: 63.46%, Loss: 1.1906
Epoch: 22, Batch: 860, Acc: 63.44%, Loss: 1.1771
Epoch: 22, Batch: 870, Acc: 63.45%, Loss: 1.1469
Epoch: 22, Batch: 880, Acc: 63.46%, Loss: 1.0732
Epoch: 22, Batch: 890, Acc: 63.45%, Loss: 1.1191
Epoch: 22, Batch: 900, Acc: 63.44%, Loss: 1.1190
Epoch: 22, Batch: 910, Acc: 63.44%, Loss: 1.1820
Epoch: 22, Batch: 920, Acc: 63.46%, Loss: 1.1107
Epoch: 22, Batch: 930, Acc: 63.46%, Loss: 1.1575
Accuracy on test set: 66.04%
Epoch: 23, Batch: 10, Acc: 64.38%, Loss: 1.1558
Epoch: 23, Batch: 20, Acc: 62.89%, Loss: 1.1329
Epoch: 23, Batch: 30, Acc: 62.76%, Loss: 1.1587
Epoch: 23, Batch: 40, Acc: 62.93%, Loss: 1.1613
Epoch: 23, Batch: 50, Acc: 63.16%, Loss: 1.0920
Epoch: 23, Batch: 60, Acc: 63.12%, Loss: 1.0988
Epoch: 23, Batch: 70, Acc: 62.83%, Loss: 1.2186
Epoch: 23, Batch: 80, Acc: 62.77%, Loss: 1.1552
Epoch: 23, Batch: 90, Acc: 63.00%, Loss: 1.2398
Epoch: 23, Batch: 100, Acc: 63.17%, Loss: 1.1629
Epoch: 23, Batch: 110, Acc: 63.10%, Loss: 1.2108
Epoch: 23, Batch: 120, Acc: 63.14%, Loss: 1.1760
Epoch: 23, Batch: 130, Acc: 63.14%, Loss: 1.1659
Epoch: 23, Batch: 140, Acc: 62.98%, Loss: 1.1327
Epoch: 23, Batch: 150, Acc: 63.15%, Loss: 1.0941
Epoch: 23, Batch: 160, Acc: 63.15%, Loss: 1.1626
Epoch: 23, Batch: 170, Acc: 63.02%, Loss: 1.1618
Epoch: 23, Batch: 180, Acc: 63.14%, Loss: 1.1266
Epoch: 23, Batch: 190, Acc: 63.12%, Loss: 1.1190
Epoch: 23, Batch: 200, Acc: 63.38%, Loss: 1.0891
Epoch: 23, Batch: 210, Acc: 63.24%, Loss: 1.2160
Epoch: 23, Batch: 220, Acc: 63.28%, Loss: 1.1389
Epoch: 23, Batch: 230, Acc: 63.23%, Loss: 1.1603
Epoch: 23, Batch: 240, Acc: 63.32%, Loss: 1.1129
Epoch: 23, Batch: 250, Acc: 63.37%, Loss: 1.0905
Epoch: 23, Batch: 260, Acc: 63.20%, Loss: 1.2042
Epoch: 23, Batch: 270, Acc: 63.19%, Loss: 1.1441
Epoch: 23, Batch: 280, Acc: 63.25%, Loss: 1.0881
Epoch: 23, Batch: 290, Acc: 63.30%, Loss: 1.0803
Epoch: 23, Batch: 300, Acc: 63.33%, Loss: 1.1333
Epoch: 23, Batch: 310, Acc: 63.36%, Loss: 1.1504
Epoch: 23, Batch: 320, Acc: 63.40%, Loss: 1.1388
Epoch: 23, Batch: 330, Acc: 63.39%, Loss: 1.1530
Epoch: 23, Batch: 340, Acc: 63.48%, Loss: 1.1144
Epoch: 23, Batch: 350, Acc: 63.46%, Loss: 1.1905
Epoch: 23, Batch: 360, Acc: 63.38%, Loss: 1.1286
Epoch: 23, Batch: 370, Acc: 63.45%, Loss: 1.1704
Epoch: 23, Batch: 380, Acc: 63.47%, Loss: 1.0935
Epoch: 23, Batch: 390, Acc: 63.57%, Loss: 1.0352
Epoch: 23, Batch: 400, Acc: 63.65%, Loss: 1.0602
Epoch: 23, Batch: 410, Acc: 63.60%, Loss: 1.1419
Epoch: 23, Batch: 420, Acc: 63.57%, Loss: 1.1973
Epoch: 23, Batch: 430, Acc: 63.62%, Loss: 1.1358
Epoch: 23, Batch: 440, Acc: 63.60%, Loss: 1.1733
Epoch: 23, Batch: 450, Acc: 63.64%, Loss: 1.1124
Epoch: 23, Batch: 460, Acc: 63.64%, Loss: 1.1494
Epoch: 23, Batch: 470, Acc: 63.60%, Loss: 1.2039
Epoch: 23, Batch: 480, Acc: 63.63%, Loss: 1.1112
Epoch: 23, Batch: 490, Acc: 63.58%, Loss: 1.1888
Epoch: 23, Batch: 500, Acc: 63.62%, Loss: 1.0846
Epoch: 23, Batch: 510, Acc: 63.65%, Loss: 1.1399
Epoch: 23, Batch: 520, Acc: 63.65%, Loss: 1.1112
Epoch: 23, Batch: 530, Acc: 63.66%, Loss: 1.0951
Epoch: 23, Batch: 540, Acc: 63.67%, Loss: 1.1068
Epoch: 23, Batch: 550, Acc: 63.67%, Loss: 1.1935
Epoch: 23, Batch: 560, Acc: 63.64%, Loss: 1.1653
Epoch: 23, Batch: 570, Acc: 63.62%, Loss: 1.1468
Epoch: 23, Batch: 580, Acc: 63.65%, Loss: 1.1224
Epoch: 23, Batch: 590, Acc: 63.68%, Loss: 1.1253
Epoch: 23, Batch: 600, Acc: 63.72%, Loss: 1.1199
Epoch: 23, Batch: 610, Acc: 63.72%, Loss: 1.1869
Epoch: 23, Batch: 620, Acc: 63.77%, Loss: 1.0920
Epoch: 23, Batch: 630, Acc: 63.74%, Loss: 1.1496
Epoch: 23, Batch: 640, Acc: 63.75%, Loss: 1.1104
Epoch: 23, Batch: 650, Acc: 63.75%, Loss: 1.1082
Epoch: 23, Batch: 660, Acc: 63.75%, Loss: 1.1290
Epoch: 23, Batch: 670, Acc: 63.75%, Loss: 1.1669
Epoch: 23, Batch: 680, Acc: 63.72%, Loss: 1.2268
Epoch: 23, Batch: 690, Acc: 63.66%, Loss: 1.1826
Epoch: 23, Batch: 700, Acc: 63.67%, Loss: 1.1416
Epoch: 23, Batch: 710, Acc: 63.63%, Loss: 1.1841
Epoch: 23, Batch: 720, Acc: 63.70%, Loss: 1.0426
Epoch: 23, Batch: 730, Acc: 63.66%, Loss: 1.1438
Epoch: 23, Batch: 740, Acc: 63.66%, Loss: 1.1709
Epoch: 23, Batch: 750, Acc: 63.64%, Loss: 1.1931
Epoch: 23, Batch: 760, Acc: 63.61%, Loss: 1.1512
Epoch: 23, Batch: 770, Acc: 63.60%, Loss: 1.1181
Epoch: 23, Batch: 780, Acc: 63.57%, Loss: 1.1788
Epoch: 23, Batch: 790, Acc: 63.60%, Loss: 1.1497
Epoch: 23, Batch: 800, Acc: 63.62%, Loss: 1.0822
Epoch: 23, Batch: 810, Acc: 63.64%, Loss: 1.0850
Epoch: 23, Batch: 820, Acc: 63.62%, Loss: 1.2058
Epoch: 23, Batch: 830, Acc: 63.58%, Loss: 1.1335
Epoch: 23, Batch: 840, Acc: 63.59%, Loss: 1.1169
Epoch: 23, Batch: 850, Acc: 63.56%, Loss: 1.1828
Epoch: 23, Batch: 860, Acc: 63.57%, Loss: 1.1351
Epoch: 23, Batch: 870, Acc: 63.55%, Loss: 1.1963
Epoch: 23, Batch: 880, Acc: 63.57%, Loss: 1.1605
Epoch: 23, Batch: 890, Acc: 63.60%, Loss: 1.0798
Epoch: 23, Batch: 900, Acc: 63.61%, Loss: 1.1073
Epoch: 23, Batch: 910, Acc: 63.61%, Loss: 1.1139
Epoch: 23, Batch: 920, Acc: 63.59%, Loss: 1.1772
Epoch: 23, Batch: 930, Acc: 63.60%, Loss: 1.1100
Accuracy on test set: 66.23%
Epoch: 24, Batch: 10, Acc: 64.84%, Loss: 1.1595
Epoch: 24, Batch: 20, Acc: 65.78%, Loss: 1.1278
Epoch: 24, Batch: 30, Acc: 63.70%, Loss: 1.1811
Epoch: 24, Batch: 40, Acc: 63.55%, Loss: 1.1664
Epoch: 24, Batch: 50, Acc: 64.38%, Loss: 1.0492
Epoch: 24, Batch: 60, Acc: 64.24%, Loss: 1.1256
Epoch: 24, Batch: 70, Acc: 64.22%, Loss: 1.1533
Epoch: 24, Batch: 80, Acc: 64.04%, Loss: 1.1145
Epoch: 24, Batch: 90, Acc: 64.20%, Loss: 1.1297
Epoch: 24, Batch: 100, Acc: 64.16%, Loss: 1.1931
Epoch: 24, Batch: 110, Acc: 64.08%, Loss: 1.1698
Epoch: 24, Batch: 120, Acc: 64.08%, Loss: 1.1755
Epoch: 24, Batch: 130, Acc: 64.12%, Loss: 1.0469
Epoch: 24, Batch: 140, Acc: 64.11%, Loss: 1.1216
Epoch: 24, Batch: 150, Acc: 63.86%, Loss: 1.1597
Epoch: 24, Batch: 160, Acc: 63.65%, Loss: 1.1975
Epoch: 24, Batch: 170, Acc: 63.76%, Loss: 1.1201
Epoch: 24, Batch: 180, Acc: 63.73%, Loss: 1.0822
Epoch: 24, Batch: 190, Acc: 63.90%, Loss: 1.1008
Epoch: 24, Batch: 200, Acc: 63.71%, Loss: 1.1923
Epoch: 24, Batch: 210, Acc: 63.64%, Loss: 1.1982
Epoch: 24, Batch: 220, Acc: 63.68%, Loss: 1.0750
Epoch: 24, Batch: 230, Acc: 63.68%, Loss: 1.1698
Epoch: 24, Batch: 240, Acc: 63.76%, Loss: 1.0852
Epoch: 24, Batch: 250, Acc: 63.81%, Loss: 1.1072
Epoch: 24, Batch: 260, Acc: 63.91%, Loss: 1.0682
Epoch: 24, Batch: 270, Acc: 63.81%, Loss: 1.1228
Epoch: 24, Batch: 280, Acc: 63.81%, Loss: 1.1142
Epoch: 24, Batch: 290, Acc: 64.01%, Loss: 1.0562
Epoch: 24, Batch: 300, Acc: 63.89%, Loss: 1.1521
Epoch: 24, Batch: 310, Acc: 63.94%, Loss: 1.0898
Epoch: 24, Batch: 320, Acc: 63.93%, Loss: 1.1485
Epoch: 24, Batch: 330, Acc: 63.99%, Loss: 1.1173
Epoch: 24, Batch: 340, Acc: 63.95%, Loss: 1.1372
Epoch: 24, Batch: 350, Acc: 63.88%, Loss: 1.2558
Epoch: 24, Batch: 360, Acc: 63.95%, Loss: 1.1317
Epoch: 24, Batch: 370, Acc: 63.94%, Loss: 1.1920
Epoch: 24, Batch: 380, Acc: 63.95%, Loss: 1.1184
Epoch: 24, Batch: 390, Acc: 63.98%, Loss: 1.1033
Epoch: 24, Batch: 400, Acc: 63.98%, Loss: 1.0805
Epoch: 24, Batch: 410, Acc: 63.93%, Loss: 1.2280
Epoch: 24, Batch: 420, Acc: 63.86%, Loss: 1.1881
Epoch: 24, Batch: 430, Acc: 63.91%, Loss: 1.1930
Epoch: 24, Batch: 440, Acc: 63.81%, Loss: 1.2671
Epoch: 24, Batch: 450, Acc: 63.70%, Loss: 1.2470
Epoch: 24, Batch: 460, Acc: 63.71%, Loss: 1.1332
Epoch: 24, Batch: 470, Acc: 63.69%, Loss: 1.1560
Epoch: 24, Batch: 480, Acc: 63.62%, Loss: 1.2090
Epoch: 24, Batch: 490, Acc: 63.64%, Loss: 1.1433
Epoch: 24, Batch: 500, Acc: 63.62%, Loss: 1.1649
Epoch: 24, Batch: 510, Acc: 63.58%, Loss: 1.1437
Epoch: 24, Batch: 520, Acc: 63.55%, Loss: 1.1180
Epoch: 24, Batch: 530, Acc: 63.58%, Loss: 1.1320
Epoch: 24, Batch: 540, Acc: 63.54%, Loss: 1.1572
Epoch: 24, Batch: 550, Acc: 63.57%, Loss: 1.1500
Epoch: 24, Batch: 560, Acc: 63.63%, Loss: 1.0283
Epoch: 24, Batch: 570, Acc: 63.58%, Loss: 1.1769
Epoch: 24, Batch: 580, Acc: 63.59%, Loss: 1.1532
Epoch: 24, Batch: 590, Acc: 63.63%, Loss: 1.1091
Epoch: 24, Batch: 600, Acc: 63.66%, Loss: 1.0824
Epoch: 24, Batch: 610, Acc: 63.64%, Loss: 1.1126
Epoch: 24, Batch: 620, Acc: 63.66%, Loss: 1.2179
Epoch: 24, Batch: 630, Acc: 63.67%, Loss: 1.1006
Epoch: 24, Batch: 640, Acc: 63.71%, Loss: 1.1222
Epoch: 24, Batch: 650, Acc: 63.72%, Loss: 1.0918
Epoch: 24, Batch: 660, Acc: 63.72%, Loss: 1.1418
Epoch: 24, Batch: 670, Acc: 63.75%, Loss: 1.0785
Epoch: 24, Batch: 680, Acc: 63.72%, Loss: 1.1555
Epoch: 24, Batch: 690, Acc: 63.69%, Loss: 1.1302
Epoch: 24, Batch: 700, Acc: 63.70%, Loss: 1.0734
Epoch: 24, Batch: 710, Acc: 63.69%, Loss: 1.1553
Epoch: 24, Batch: 720, Acc: 63.67%, Loss: 1.1962
Epoch: 24, Batch: 730, Acc: 63.66%, Loss: 1.1426
Epoch: 24, Batch: 740, Acc: 63.66%, Loss: 1.0832
Epoch: 24, Batch: 750, Acc: 63.66%, Loss: 1.1451
Epoch: 24, Batch: 760, Acc: 63.64%, Loss: 1.1707
Epoch: 24, Batch: 770, Acc: 63.68%, Loss: 1.1085
Epoch: 24, Batch: 780, Acc: 63.69%, Loss: 1.1832
Epoch: 24, Batch: 790, Acc: 63.71%, Loss: 1.1107
Epoch: 24, Batch: 800, Acc: 63.68%, Loss: 1.1976
Epoch: 24, Batch: 810, Acc: 63.67%, Loss: 1.0988
Epoch: 24, Batch: 820, Acc: 63.64%, Loss: 1.1963
Epoch: 24, Batch: 830, Acc: 63.66%, Loss: 1.0959
Epoch: 24, Batch: 840, Acc: 63.66%, Loss: 1.1261
Epoch: 24, Batch: 850, Acc: 63.67%, Loss: 1.1365
Epoch: 24, Batch: 860, Acc: 63.68%, Loss: 1.1332
Epoch: 24, Batch: 870, Acc: 63.70%, Loss: 1.1030
Epoch: 24, Batch: 880, Acc: 63.72%, Loss: 1.1127
Epoch: 24, Batch: 890, Acc: 63.79%, Loss: 1.0285
Epoch: 24, Batch: 900, Acc: 63.76%, Loss: 1.1853
Epoch: 24, Batch: 910, Acc: 63.72%, Loss: 1.1895
Epoch: 24, Batch: 920, Acc: 63.72%, Loss: 1.1765
Epoch: 24, Batch: 930, Acc: 63.68%, Loss: 1.2165
Accuracy on test set: 66.17%
Epoch: 25, Batch: 10, Acc: 64.22%, Loss: 1.1201
Epoch: 25, Batch: 20, Acc: 62.89%, Loss: 1.1516
Epoch: 25, Batch: 30, Acc: 62.97%, Loss: 1.1168
Epoch: 25, Batch: 40, Acc: 62.93%, Loss: 1.1797
Epoch: 25, Batch: 50, Acc: 63.22%, Loss: 1.1538
Epoch: 25, Batch: 60, Acc: 63.07%, Loss: 1.1347
Epoch: 25, Batch: 70, Acc: 63.24%, Loss: 1.1186
Epoch: 25, Batch: 80, Acc: 63.30%, Loss: 1.1731
Epoch: 25, Batch: 90, Acc: 63.49%, Loss: 1.1255
Epoch: 25, Batch: 100, Acc: 63.83%, Loss: 1.0529
Epoch: 25, Batch: 110, Acc: 64.15%, Loss: 1.0934
Epoch: 25, Batch: 120, Acc: 64.21%, Loss: 1.1166
Epoch: 25, Batch: 130, Acc: 64.23%, Loss: 1.1491
Epoch: 25, Batch: 140, Acc: 64.43%, Loss: 1.0814
Epoch: 25, Batch: 150, Acc: 64.33%, Loss: 1.1293
Epoch: 25, Batch: 160, Acc: 64.41%, Loss: 1.0734
Epoch: 25, Batch: 170, Acc: 64.25%, Loss: 1.2078
Epoch: 25, Batch: 180, Acc: 64.34%, Loss: 1.1222
Epoch: 25, Batch: 190, Acc: 64.28%, Loss: 1.1185
Epoch: 25, Batch: 200, Acc: 64.26%, Loss: 1.1850
Epoch: 25, Batch: 210, Acc: 64.13%, Loss: 1.0954
Epoch: 25, Batch: 220, Acc: 64.20%, Loss: 1.1439
Epoch: 25, Batch: 230, Acc: 64.11%, Loss: 1.1953
Epoch: 25, Batch: 240, Acc: 64.19%, Loss: 1.1379
Epoch: 25, Batch: 250, Acc: 64.28%, Loss: 1.0633
Epoch: 25, Batch: 260, Acc: 64.18%, Loss: 1.1474
Epoch: 25, Batch: 270, Acc: 64.18%, Loss: 1.0915
Epoch: 25, Batch: 280, Acc: 64.05%, Loss: 1.1586
Epoch: 25, Batch: 290, Acc: 64.07%, Loss: 1.1307
Epoch: 25, Batch: 300, Acc: 64.12%, Loss: 1.0918
Epoch: 25, Batch: 310, Acc: 64.03%, Loss: 1.1523
Epoch: 25, Batch: 320, Acc: 63.95%, Loss: 1.2235
Epoch: 25, Batch: 330, Acc: 63.93%, Loss: 1.1641
Epoch: 25, Batch: 340, Acc: 63.90%, Loss: 1.1542
Epoch: 25, Batch: 350, Acc: 63.88%, Loss: 1.1100
Epoch: 25, Batch: 360, Acc: 63.88%, Loss: 1.1593
Epoch: 25, Batch: 370, Acc: 63.86%, Loss: 1.1366
Epoch: 25, Batch: 380, Acc: 63.82%, Loss: 1.1244
Epoch: 25, Batch: 390, Acc: 63.85%, Loss: 1.0641
Epoch: 25, Batch: 400, Acc: 63.84%, Loss: 1.1731
Epoch: 25, Batch: 410, Acc: 63.83%, Loss: 1.0910
Epoch: 25, Batch: 420, Acc: 63.82%, Loss: 1.0815
Epoch: 25, Batch: 430, Acc: 63.79%, Loss: 1.1458
Epoch: 25, Batch: 440, Acc: 63.74%, Loss: 1.1653
Epoch: 25, Batch: 450, Acc: 63.69%, Loss: 1.2228
Epoch: 25, Batch: 460, Acc: 63.74%, Loss: 1.0893
Epoch: 25, Batch: 470, Acc: 63.67%, Loss: 1.2186
Epoch: 25, Batch: 480, Acc: 63.70%, Loss: 1.1131
Epoch: 25, Batch: 490, Acc: 63.67%, Loss: 1.2266
Epoch: 25, Batch: 500, Acc: 63.68%, Loss: 1.1169
Epoch: 25, Batch: 510, Acc: 63.69%, Loss: 1.1520
Epoch: 25, Batch: 520, Acc: 63.63%, Loss: 1.2683
Epoch: 25, Batch: 530, Acc: 63.64%, Loss: 1.1031
Epoch: 25, Batch: 540, Acc: 63.63%, Loss: 1.1925
Epoch: 25, Batch: 550, Acc: 63.61%, Loss: 1.1958
Epoch: 25, Batch: 560, Acc: 63.68%, Loss: 1.0657
Epoch: 25, Batch: 570, Acc: 63.68%, Loss: 1.1785
Epoch: 25, Batch: 580, Acc: 63.66%, Loss: 1.1182
Epoch: 25, Batch: 590, Acc: 63.67%, Loss: 1.1508
Epoch: 25, Batch: 600, Acc: 63.63%, Loss: 1.1507
Epoch: 25, Batch: 610, Acc: 63.62%, Loss: 1.1555
Epoch: 25, Batch: 620, Acc: 63.61%, Loss: 1.1753
Epoch: 25, Batch: 630, Acc: 63.65%, Loss: 1.1395
Epoch: 25, Batch: 640, Acc: 63.66%, Loss: 1.1522
Epoch: 25, Batch: 650, Acc: 63.67%, Loss: 1.0862
Epoch: 25, Batch: 660, Acc: 63.70%, Loss: 1.1170
Epoch: 25, Batch: 670, Acc: 63.69%, Loss: 1.1120
Epoch: 25, Batch: 680, Acc: 63.70%, Loss: 1.1151
Epoch: 25, Batch: 690, Acc: 63.68%, Loss: 1.1681
Epoch: 25, Batch: 700, Acc: 63.72%, Loss: 1.0942
Epoch: 25, Batch: 710, Acc: 63.71%, Loss: 1.1825
Epoch: 25, Batch: 720, Acc: 63.76%, Loss: 1.0879
Epoch: 25, Batch: 730, Acc: 63.77%, Loss: 1.1032
Epoch: 25, Batch: 740, Acc: 63.78%, Loss: 1.1007
Epoch: 25, Batch: 750, Acc: 63.79%, Loss: 1.1321
Epoch: 25, Batch: 760, Acc: 63.77%, Loss: 1.1307
Epoch: 25, Batch: 770, Acc: 63.81%, Loss: 1.0849
Epoch: 25, Batch: 780, Acc: 63.79%, Loss: 1.1744
Epoch: 25, Batch: 790, Acc: 63.80%, Loss: 1.1191
Epoch: 25, Batch: 800, Acc: 63.83%, Loss: 1.0741
Epoch: 25, Batch: 810, Acc: 63.83%, Loss: 1.1516
Epoch: 25, Batch: 820, Acc: 63.81%, Loss: 1.2122
Epoch: 25, Batch: 830, Acc: 63.80%, Loss: 1.1433
Epoch: 25, Batch: 840, Acc: 63.77%, Loss: 1.2043
Epoch: 25, Batch: 850, Acc: 63.76%, Loss: 1.1052
Epoch: 25, Batch: 860, Acc: 63.77%, Loss: 1.1579
Epoch: 25, Batch: 870, Acc: 63.75%, Loss: 1.1068
Epoch: 25, Batch: 880, Acc: 63.75%, Loss: 1.1671
Epoch: 25, Batch: 890, Acc: 63.76%, Loss: 1.1553
Epoch: 25, Batch: 900, Acc: 63.77%, Loss: 1.1181
Epoch: 25, Batch: 910, Acc: 63.76%, Loss: 1.1479
Epoch: 25, Batch: 920, Acc: 63.75%, Loss: 1.2098
Epoch: 25, Batch: 930, Acc: 63.72%, Loss: 1.1831
Accuracy on test set: 65.93%
Epoch: 26, Batch: 10, Acc: 63.59%, Loss: 1.1211
Epoch: 26, Batch: 20, Acc: 64.84%, Loss: 1.0581
Epoch: 26, Batch: 30, Acc: 64.95%, Loss: 1.1039
Epoch: 26, Batch: 40, Acc: 64.88%, Loss: 1.1168
Epoch: 26, Batch: 50, Acc: 65.44%, Loss: 1.0723
Epoch: 26, Batch: 60, Acc: 65.13%, Loss: 1.1514
Epoch: 26, Batch: 70, Acc: 65.00%, Loss: 1.1105
Epoch: 26, Batch: 80, Acc: 64.90%, Loss: 1.0946
Epoch: 26, Batch: 90, Acc: 65.05%, Loss: 1.1087
Epoch: 26, Batch: 100, Acc: 65.09%, Loss: 1.0948
Epoch: 26, Batch: 110, Acc: 64.70%, Loss: 1.2033
Epoch: 26, Batch: 120, Acc: 64.32%, Loss: 1.2675
Epoch: 26, Batch: 130, Acc: 64.28%, Loss: 1.0774
Epoch: 26, Batch: 140, Acc: 64.16%, Loss: 1.1221
Epoch: 26, Batch: 150, Acc: 64.06%, Loss: 1.1536
Epoch: 26, Batch: 160, Acc: 64.14%, Loss: 1.1173
Epoch: 26, Batch: 170, Acc: 64.21%, Loss: 1.0615
Epoch: 26, Batch: 180, Acc: 64.22%, Loss: 1.1150
Epoch: 26, Batch: 190, Acc: 64.32%, Loss: 1.1465
Epoch: 26, Batch: 200, Acc: 64.25%, Loss: 1.1539
Epoch: 26, Batch: 210, Acc: 64.15%, Loss: 1.1861
Epoch: 26, Batch: 220, Acc: 64.17%, Loss: 1.0830
Epoch: 26, Batch: 230, Acc: 64.08%, Loss: 1.1613
Epoch: 26, Batch: 240, Acc: 64.13%, Loss: 1.1478
Epoch: 26, Batch: 250, Acc: 64.03%, Loss: 1.1594
Epoch: 26, Batch: 260, Acc: 64.06%, Loss: 1.1164
Epoch: 26, Batch: 270, Acc: 64.05%, Loss: 1.1764
Epoch: 26, Batch: 280, Acc: 64.05%, Loss: 1.1542
Epoch: 26, Batch: 290, Acc: 64.04%, Loss: 1.1562
Epoch: 26, Batch: 300, Acc: 64.04%, Loss: 1.1727
Epoch: 26, Batch: 310, Acc: 64.01%, Loss: 1.1658
Epoch: 26, Batch: 320, Acc: 64.04%, Loss: 1.0943
Epoch: 26, Batch: 330, Acc: 63.98%, Loss: 1.1558
Epoch: 26, Batch: 340, Acc: 63.90%, Loss: 1.1763
Epoch: 26, Batch: 350, Acc: 63.93%, Loss: 1.1611
Epoch: 26, Batch: 360, Acc: 63.94%, Loss: 1.1499
Epoch: 26, Batch: 370, Acc: 63.99%, Loss: 1.1037
Epoch: 26, Batch: 380, Acc: 63.97%, Loss: 1.2114
Epoch: 26, Batch: 390, Acc: 63.88%, Loss: 1.1874
Epoch: 26, Batch: 400, Acc: 63.95%, Loss: 1.0723
Epoch: 26, Batch: 410, Acc: 63.94%, Loss: 1.1401
Epoch: 26, Batch: 420, Acc: 63.88%, Loss: 1.1893
Epoch: 26, Batch: 430, Acc: 63.90%, Loss: 1.1121
Epoch: 26, Batch: 440, Acc: 63.88%, Loss: 1.1214
Epoch: 26, Batch: 450, Acc: 63.92%, Loss: 1.1137
Epoch: 26, Batch: 460, Acc: 63.95%, Loss: 1.1223
Epoch: 26, Batch: 470, Acc: 63.95%, Loss: 1.1635
Epoch: 26, Batch: 480, Acc: 64.01%, Loss: 1.1330
Epoch: 26, Batch: 490, Acc: 63.99%, Loss: 1.0845
Epoch: 26, Batch: 500, Acc: 64.03%, Loss: 1.0649
Epoch: 26, Batch: 510, Acc: 63.92%, Loss: 1.2841
Epoch: 26, Batch: 520, Acc: 63.91%, Loss: 1.1650
Epoch: 26, Batch: 530, Acc: 63.90%, Loss: 1.1690
Epoch: 26, Batch: 540, Acc: 63.93%, Loss: 1.1186
Epoch: 26, Batch: 550, Acc: 63.93%, Loss: 1.1419
Epoch: 26, Batch: 560, Acc: 63.92%, Loss: 1.1449
Epoch: 26, Batch: 570, Acc: 63.93%, Loss: 1.0893
Epoch: 26, Batch: 580, Acc: 63.93%, Loss: 1.1370
Epoch: 26, Batch: 590, Acc: 63.90%, Loss: 1.1025
Epoch: 26, Batch: 600, Acc: 63.89%, Loss: 1.1416
Epoch: 26, Batch: 610, Acc: 63.95%, Loss: 1.0830
Epoch: 26, Batch: 620, Acc: 63.95%, Loss: 1.1047
Epoch: 26, Batch: 630, Acc: 63.90%, Loss: 1.1447
Epoch: 26, Batch: 640, Acc: 63.92%, Loss: 1.1606
Epoch: 26, Batch: 650, Acc: 63.92%, Loss: 1.1809
Epoch: 26, Batch: 660, Acc: 63.90%, Loss: 1.1557
Epoch: 26, Batch: 670, Acc: 63.90%, Loss: 1.1230
Epoch: 26, Batch: 680, Acc: 63.93%, Loss: 1.0524
Epoch: 26, Batch: 690, Acc: 63.98%, Loss: 1.0559
Epoch: 26, Batch: 700, Acc: 63.95%, Loss: 1.1683
Epoch: 26, Batch: 710, Acc: 63.90%, Loss: 1.1848
Epoch: 26, Batch: 720, Acc: 63.88%, Loss: 1.1037
Epoch: 26, Batch: 730, Acc: 63.87%, Loss: 1.1170
Epoch: 26, Batch: 740, Acc: 63.89%, Loss: 1.1367
Epoch: 26, Batch: 750, Acc: 63.85%, Loss: 1.1809
Epoch: 26, Batch: 760, Acc: 63.83%, Loss: 1.1375
Epoch: 26, Batch: 770, Acc: 63.84%, Loss: 1.1179
Epoch: 26, Batch: 780, Acc: 63.85%, Loss: 1.1149
Epoch: 26, Batch: 790, Acc: 63.83%, Loss: 1.1010
Epoch: 26, Batch: 800, Acc: 63.78%, Loss: 1.2278
Epoch: 26, Batch: 810, Acc: 63.76%, Loss: 1.1514
Epoch: 26, Batch: 820, Acc: 63.77%, Loss: 1.1567
Epoch: 26, Batch: 830, Acc: 63.76%, Loss: 1.2039
Epoch: 26, Batch: 840, Acc: 63.76%, Loss: 1.1379
Epoch: 26, Batch: 850, Acc: 63.74%, Loss: 1.1514
Epoch: 26, Batch: 860, Acc: 63.78%, Loss: 1.0970
Epoch: 26, Batch: 870, Acc: 63.75%, Loss: 1.1420
Epoch: 26, Batch: 880, Acc: 63.72%, Loss: 1.1574
Epoch: 26, Batch: 890, Acc: 63.73%, Loss: 1.1132
Epoch: 26, Batch: 900, Acc: 63.75%, Loss: 1.1164
Epoch: 26, Batch: 910, Acc: 63.76%, Loss: 1.1204
Epoch: 26, Batch: 920, Acc: 63.76%, Loss: 1.1459
Epoch: 26, Batch: 930, Acc: 63.75%, Loss: 1.1819
Accuracy on test set: 66.16%
Epoch: 27, Batch: 10, Acc: 62.03%, Loss: 1.1471
Epoch: 27, Batch: 20, Acc: 63.12%, Loss: 1.1301
Epoch: 27, Batch: 30, Acc: 64.01%, Loss: 1.0974
Epoch: 27, Batch: 40, Acc: 64.14%, Loss: 1.1919
Epoch: 27, Batch: 50, Acc: 63.12%, Loss: 1.2164
Epoch: 27, Batch: 60, Acc: 63.20%, Loss: 1.1542
Epoch: 27, Batch: 70, Acc: 63.24%, Loss: 1.1607
Epoch: 27, Batch: 80, Acc: 63.24%, Loss: 1.1313
Epoch: 27, Batch: 90, Acc: 63.33%, Loss: 1.1088
Epoch: 27, Batch: 100, Acc: 63.28%, Loss: 1.1450
Epoch: 27, Batch: 110, Acc: 63.10%, Loss: 1.1613
Epoch: 27, Batch: 120, Acc: 63.05%, Loss: 1.1954
Epoch: 27, Batch: 130, Acc: 63.17%, Loss: 1.1219
Epoch: 27, Batch: 140, Acc: 63.43%, Loss: 1.0891
Epoch: 27, Batch: 150, Acc: 63.47%, Loss: 1.1702
Epoch: 27, Batch: 160, Acc: 63.45%, Loss: 1.1417
Epoch: 27, Batch: 170, Acc: 63.49%, Loss: 1.1646
Epoch: 27, Batch: 180, Acc: 63.47%, Loss: 1.2272
Epoch: 27, Batch: 190, Acc: 63.40%, Loss: 1.1702
Epoch: 27, Batch: 200, Acc: 63.29%, Loss: 1.2025
Epoch: 27, Batch: 210, Acc: 63.22%, Loss: 1.1908
Epoch: 27, Batch: 220, Acc: 63.36%, Loss: 1.1427
Epoch: 27, Batch: 230, Acc: 63.58%, Loss: 1.0599
Epoch: 27, Batch: 240, Acc: 63.43%, Loss: 1.1673
Epoch: 27, Batch: 250, Acc: 63.53%, Loss: 1.1059
Epoch: 27, Batch: 260, Acc: 63.43%, Loss: 1.0925
Epoch: 27, Batch: 270, Acc: 63.50%, Loss: 1.1390
Epoch: 27, Batch: 280, Acc: 63.55%, Loss: 1.0878
Epoch: 27, Batch: 290, Acc: 63.52%, Loss: 1.1337
Epoch: 27, Batch: 300, Acc: 63.48%, Loss: 1.1812
Epoch: 27, Batch: 310, Acc: 63.51%, Loss: 1.1274
Epoch: 27, Batch: 320, Acc: 63.73%, Loss: 1.0512
Epoch: 27, Batch: 330, Acc: 63.75%, Loss: 1.1195
Epoch: 27, Batch: 340, Acc: 63.75%, Loss: 1.1612
Epoch: 27, Batch: 350, Acc: 63.62%, Loss: 1.2172
Epoch: 27, Batch: 360, Acc: 63.63%, Loss: 1.0981
Epoch: 27, Batch: 370, Acc: 63.64%, Loss: 1.1226
Epoch: 27, Batch: 380, Acc: 63.55%, Loss: 1.1821
Epoch: 27, Batch: 390, Acc: 63.57%, Loss: 1.0916
Epoch: 27, Batch: 400, Acc: 63.52%, Loss: 1.2014
Epoch: 27, Batch: 410, Acc: 63.54%, Loss: 1.1437
Epoch: 27, Batch: 420, Acc: 63.55%, Loss: 1.1358
Epoch: 27, Batch: 430, Acc: 63.56%, Loss: 1.1003
Epoch: 27, Batch: 440, Acc: 63.55%, Loss: 1.1164
Epoch: 27, Batch: 450, Acc: 63.47%, Loss: 1.1962
Epoch: 27, Batch: 460, Acc: 63.51%, Loss: 1.0495
Epoch: 27, Batch: 470, Acc: 63.54%, Loss: 1.1164
Epoch: 27, Batch: 480, Acc: 63.63%, Loss: 1.0149
Epoch: 27, Batch: 490, Acc: 63.64%, Loss: 1.1163
Epoch: 27, Batch: 500, Acc: 63.62%, Loss: 1.1643
Epoch: 27, Batch: 510, Acc: 63.58%, Loss: 1.1600
Epoch: 27, Batch: 520, Acc: 63.52%, Loss: 1.1966
Epoch: 27, Batch: 530, Acc: 63.51%, Loss: 1.1374
Epoch: 27, Batch: 540, Acc: 63.51%, Loss: 1.1805
Epoch: 27, Batch: 550, Acc: 63.49%, Loss: 1.1560
Epoch: 27, Batch: 560, Acc: 63.52%, Loss: 1.1113
Epoch: 27, Batch: 570, Acc: 63.56%, Loss: 1.1640
Epoch: 27, Batch: 580, Acc: 63.56%, Loss: 1.1375
Epoch: 27, Batch: 590, Acc: 63.63%, Loss: 1.0255
Epoch: 27, Batch: 600, Acc: 63.60%, Loss: 1.1477
Epoch: 27, Batch: 610, Acc: 63.59%, Loss: 1.1387
Epoch: 27, Batch: 620, Acc: 63.57%, Loss: 1.1512
Epoch: 27, Batch: 630, Acc: 63.59%, Loss: 1.0914
Epoch: 27, Batch: 640, Acc: 63.61%, Loss: 1.1116
Epoch: 27, Batch: 650, Acc: 63.57%, Loss: 1.1722
Epoch: 27, Batch: 660, Acc: 63.59%, Loss: 1.1408
Epoch: 27, Batch: 670, Acc: 63.63%, Loss: 1.0575
Epoch: 27, Batch: 680, Acc: 63.63%, Loss: 1.1535
Epoch: 27, Batch: 690, Acc: 63.63%, Loss: 1.1945
Epoch: 27, Batch: 700, Acc: 63.69%, Loss: 1.0724
Epoch: 27, Batch: 710, Acc: 63.69%, Loss: 1.1239
Epoch: 27, Batch: 720, Acc: 63.77%, Loss: 1.0787
Epoch: 27, Batch: 730, Acc: 63.79%, Loss: 1.1515
Epoch: 27, Batch: 740, Acc: 63.79%, Loss: 1.1497
Epoch: 27, Batch: 750, Acc: 63.83%, Loss: 1.0661
Epoch: 27, Batch: 760, Acc: 63.79%, Loss: 1.1665
Epoch: 27, Batch: 770, Acc: 63.79%, Loss: 1.1258
Epoch: 27, Batch: 780, Acc: 63.82%, Loss: 1.1298
Epoch: 27, Batch: 790, Acc: 63.80%, Loss: 1.1808
Epoch: 27, Batch: 800, Acc: 63.82%, Loss: 1.0629
Epoch: 27, Batch: 810, Acc: 63.78%, Loss: 1.2073
Epoch: 27, Batch: 820, Acc: 63.76%, Loss: 1.1602
Epoch: 27, Batch: 830, Acc: 63.77%, Loss: 1.1120
Epoch: 27, Batch: 840, Acc: 63.77%, Loss: 1.1557
Epoch: 27, Batch: 850, Acc: 63.78%, Loss: 1.1343
Epoch: 27, Batch: 860, Acc: 63.78%, Loss: 1.1196
Epoch: 27, Batch: 870, Acc: 63.77%, Loss: 1.0695
Epoch: 27, Batch: 880, Acc: 63.77%, Loss: 1.1597
Epoch: 27, Batch: 890, Acc: 63.77%, Loss: 1.1188
Epoch: 27, Batch: 900, Acc: 63.76%, Loss: 1.1599
Epoch: 27, Batch: 910, Acc: 63.76%, Loss: 1.1039
Epoch: 27, Batch: 920, Acc: 63.77%, Loss: 1.0952
Epoch: 27, Batch: 930, Acc: 63.79%, Loss: 1.1293
Accuracy on test set: 66.25%
Epoch: 28, Batch: 10, Acc: 64.22%, Loss: 1.1657
Epoch: 28, Batch: 20, Acc: 62.27%, Loss: 1.1502
Epoch: 28, Batch: 30, Acc: 63.65%, Loss: 1.0743
Epoch: 28, Batch: 40, Acc: 64.02%, Loss: 1.1022
Epoch: 28, Batch: 50, Acc: 64.44%, Loss: 1.0846
Epoch: 28, Batch: 60, Acc: 64.38%, Loss: 1.1261
Epoch: 28, Batch: 70, Acc: 64.31%, Loss: 1.0953
Epoch: 28, Batch: 80, Acc: 64.00%, Loss: 1.1472
Epoch: 28, Batch: 90, Acc: 63.73%, Loss: 1.1120
Epoch: 28, Batch: 100, Acc: 63.80%, Loss: 1.0992
Epoch: 28, Batch: 110, Acc: 63.66%, Loss: 1.1668
Epoch: 28, Batch: 120, Acc: 63.66%, Loss: 1.1675
Epoch: 28, Batch: 130, Acc: 63.58%, Loss: 1.1438
Epoch: 28, Batch: 140, Acc: 63.71%, Loss: 1.0903
Epoch: 28, Batch: 150, Acc: 63.78%, Loss: 1.1354
Epoch: 28, Batch: 160, Acc: 63.96%, Loss: 1.0782
Epoch: 28, Batch: 170, Acc: 63.96%, Loss: 1.1385
Epoch: 28, Batch: 180, Acc: 64.05%, Loss: 1.1248
Epoch: 28, Batch: 190, Acc: 64.14%, Loss: 1.1609
Epoch: 28, Batch: 200, Acc: 64.21%, Loss: 1.1123
Epoch: 28, Batch: 210, Acc: 64.28%, Loss: 1.0586
Epoch: 28, Batch: 220, Acc: 64.30%, Loss: 1.0735
Epoch: 28, Batch: 230, Acc: 64.21%, Loss: 1.1631
Epoch: 28, Batch: 240, Acc: 64.06%, Loss: 1.1671
Epoch: 28, Batch: 250, Acc: 64.13%, Loss: 1.1064
Epoch: 28, Batch: 260, Acc: 64.17%, Loss: 1.0969
Epoch: 28, Batch: 270, Acc: 64.18%, Loss: 1.1363
Epoch: 28, Batch: 280, Acc: 64.19%, Loss: 1.1508
Epoch: 28, Batch: 290, Acc: 64.21%, Loss: 1.1305
Epoch: 28, Batch: 300, Acc: 64.19%, Loss: 1.1425
Epoch: 28, Batch: 310, Acc: 64.23%, Loss: 1.1485
Epoch: 28, Batch: 320, Acc: 64.23%, Loss: 1.1548
Epoch: 28, Batch: 330, Acc: 64.29%, Loss: 1.0732
Epoch: 28, Batch: 340, Acc: 64.21%, Loss: 1.1657
Epoch: 28, Batch: 350, Acc: 64.28%, Loss: 1.0844
Epoch: 28, Batch: 360, Acc: 64.19%, Loss: 1.2061
Epoch: 28, Batch: 370, Acc: 64.22%, Loss: 1.0659
Epoch: 28, Batch: 380, Acc: 64.15%, Loss: 1.1607
Epoch: 28, Batch: 390, Acc: 64.15%, Loss: 1.1187
Epoch: 28, Batch: 400, Acc: 64.14%, Loss: 1.1821
Epoch: 28, Batch: 410, Acc: 64.13%, Loss: 1.1548
Epoch: 28, Batch: 420, Acc: 64.08%, Loss: 1.1529
Epoch: 28, Batch: 430, Acc: 64.11%, Loss: 1.1301
Epoch: 28, Batch: 440, Acc: 64.15%, Loss: 1.1141
Epoch: 28, Batch: 450, Acc: 64.08%, Loss: 1.1819
Epoch: 28, Batch: 460, Acc: 64.07%, Loss: 1.1563
Epoch: 28, Batch: 470, Acc: 64.02%, Loss: 1.1217
Epoch: 28, Batch: 480, Acc: 63.98%, Loss: 1.1845
Epoch: 28, Batch: 490, Acc: 63.93%, Loss: 1.1528
Epoch: 28, Batch: 500, Acc: 63.94%, Loss: 1.1435
Epoch: 28, Batch: 510, Acc: 63.90%, Loss: 1.1347
Epoch: 28, Batch: 520, Acc: 63.89%, Loss: 1.1556
Epoch: 28, Batch: 530, Acc: 63.79%, Loss: 1.2276
Epoch: 28, Batch: 540, Acc: 63.78%, Loss: 1.1115
Epoch: 28, Batch: 550, Acc: 63.80%, Loss: 1.1070
Epoch: 28, Batch: 560, Acc: 63.77%, Loss: 1.1375
Epoch: 28, Batch: 570, Acc: 63.76%, Loss: 1.1886
Epoch: 28, Batch: 580, Acc: 63.72%, Loss: 1.1544
Epoch: 28, Batch: 590, Acc: 63.78%, Loss: 1.0607
Epoch: 28, Batch: 600, Acc: 63.82%, Loss: 1.1178
Epoch: 28, Batch: 610, Acc: 63.86%, Loss: 1.1298
Epoch: 28, Batch: 620, Acc: 63.86%, Loss: 1.0768
Epoch: 28, Batch: 630, Acc: 63.83%, Loss: 1.1678
Epoch: 28, Batch: 640, Acc: 63.82%, Loss: 1.1454
Epoch: 28, Batch: 650, Acc: 63.79%, Loss: 1.1392
Epoch: 28, Batch: 660, Acc: 63.82%, Loss: 1.1064
Epoch: 28, Batch: 670, Acc: 63.84%, Loss: 1.1080
Epoch: 28, Batch: 680, Acc: 63.87%, Loss: 1.0753
Epoch: 28, Batch: 690, Acc: 63.90%, Loss: 1.1057
Epoch: 28, Batch: 700, Acc: 63.86%, Loss: 1.1731
Epoch: 28, Batch: 710, Acc: 63.90%, Loss: 1.0867
Epoch: 28, Batch: 720, Acc: 63.90%, Loss: 1.2023
Epoch: 28, Batch: 730, Acc: 63.92%, Loss: 1.0944
Epoch: 28, Batch: 740, Acc: 63.90%, Loss: 1.1748
Epoch: 28, Batch: 750, Acc: 63.95%, Loss: 1.1064
Epoch: 28, Batch: 760, Acc: 63.92%, Loss: 1.1406
Epoch: 28, Batch: 770, Acc: 63.91%, Loss: 1.1542
Epoch: 28, Batch: 780, Acc: 63.89%, Loss: 1.1633
Epoch: 28, Batch: 790, Acc: 63.92%, Loss: 1.1730
Epoch: 28, Batch: 800, Acc: 63.89%, Loss: 1.1519
Epoch: 28, Batch: 810, Acc: 63.86%, Loss: 1.1416
Epoch: 28, Batch: 820, Acc: 63.85%, Loss: 1.2024
Epoch: 28, Batch: 830, Acc: 63.89%, Loss: 1.0925
Epoch: 28, Batch: 840, Acc: 63.87%, Loss: 1.1557
Epoch: 28, Batch: 850, Acc: 63.87%, Loss: 1.0974
Epoch: 28, Batch: 860, Acc: 63.88%, Loss: 1.1341
Epoch: 28, Batch: 870, Acc: 63.90%, Loss: 1.0995
Epoch: 28, Batch: 880, Acc: 63.89%, Loss: 1.1148
Epoch: 28, Batch: 890, Acc: 63.87%, Loss: 1.2042
Epoch: 28, Batch: 900, Acc: 63.84%, Loss: 1.2020
Epoch: 28, Batch: 910, Acc: 63.85%, Loss: 1.1434
Epoch: 28, Batch: 920, Acc: 63.82%, Loss: 1.1850
Epoch: 28, Batch: 930, Acc: 63.84%, Loss: 1.1368
Accuracy on test set: 66.16%
Epoch: 29, Batch: 10, Acc: 65.47%, Loss: 1.0584
Epoch: 29, Batch: 20, Acc: 65.39%, Loss: 1.1213
Epoch: 29, Batch: 30, Acc: 64.43%, Loss: 1.1937
Epoch: 29, Batch: 40, Acc: 63.24%, Loss: 1.2177
Epoch: 29, Batch: 50, Acc: 62.88%, Loss: 1.1784
Epoch: 29, Batch: 60, Acc: 63.15%, Loss: 1.1198
Epoch: 29, Batch: 70, Acc: 63.35%, Loss: 1.1613
Epoch: 29, Batch: 80, Acc: 63.52%, Loss: 1.1187
Epoch: 29, Batch: 90, Acc: 63.61%, Loss: 1.1564
Epoch: 29, Batch: 100, Acc: 63.72%, Loss: 1.0888
Epoch: 29, Batch: 110, Acc: 63.95%, Loss: 1.1450
Epoch: 29, Batch: 120, Acc: 63.97%, Loss: 1.0471
Epoch: 29, Batch: 130, Acc: 64.21%, Loss: 1.0555
Epoch: 29, Batch: 140, Acc: 64.08%, Loss: 1.1553
Epoch: 29, Batch: 150, Acc: 63.88%, Loss: 1.2087
Epoch: 29, Batch: 160, Acc: 63.78%, Loss: 1.1818
Epoch: 29, Batch: 170, Acc: 63.79%, Loss: 1.1179
Epoch: 29, Batch: 180, Acc: 63.77%, Loss: 1.0951
Epoch: 29, Batch: 190, Acc: 63.83%, Loss: 1.0930
Epoch: 29, Batch: 200, Acc: 63.94%, Loss: 1.0577
Epoch: 29, Batch: 210, Acc: 63.91%, Loss: 1.1608
Epoch: 29, Batch: 220, Acc: 63.93%, Loss: 1.1384
Epoch: 29, Batch: 230, Acc: 63.82%, Loss: 1.1386
Epoch: 29, Batch: 240, Acc: 63.70%, Loss: 1.2155
Epoch: 29, Batch: 250, Acc: 63.81%, Loss: 1.0700
Epoch: 29, Batch: 260, Acc: 63.69%, Loss: 1.2143
Epoch: 29, Batch: 270, Acc: 63.76%, Loss: 1.1153
Epoch: 29, Batch: 280, Acc: 63.76%, Loss: 1.1925
Epoch: 29, Batch: 290, Acc: 63.79%, Loss: 1.1099
Epoch: 29, Batch: 300, Acc: 63.91%, Loss: 1.1297
Epoch: 29, Batch: 310, Acc: 63.91%, Loss: 1.1018
Epoch: 29, Batch: 320, Acc: 63.94%, Loss: 1.1674
Epoch: 29, Batch: 330, Acc: 63.96%, Loss: 1.0916
Epoch: 29, Batch: 340, Acc: 64.08%, Loss: 1.0879
Epoch: 29, Batch: 350, Acc: 64.02%, Loss: 1.1904
Epoch: 29, Batch: 360, Acc: 64.00%, Loss: 1.1361
Epoch: 29, Batch: 370, Acc: 64.00%, Loss: 1.1263
Epoch: 29, Batch: 380, Acc: 64.09%, Loss: 1.0913
Epoch: 29, Batch: 390, Acc: 64.11%, Loss: 1.1146
Epoch: 29, Batch: 400, Acc: 64.18%, Loss: 1.1016
Epoch: 29, Batch: 410, Acc: 64.15%, Loss: 1.1155
Epoch: 29, Batch: 420, Acc: 64.16%, Loss: 1.0889
Epoch: 29, Batch: 430, Acc: 64.14%, Loss: 1.1347
Epoch: 29, Batch: 440, Acc: 64.09%, Loss: 1.1272
Epoch: 29, Batch: 450, Acc: 64.03%, Loss: 1.2272
Epoch: 29, Batch: 460, Acc: 63.98%, Loss: 1.2075
Epoch: 29, Batch: 470, Acc: 63.94%, Loss: 1.1393
Epoch: 29, Batch: 480, Acc: 63.97%, Loss: 1.1163
Epoch: 29, Batch: 490, Acc: 64.01%, Loss: 1.0968
Epoch: 29, Batch: 500, Acc: 63.96%, Loss: 1.1620
Epoch: 29, Batch: 510, Acc: 63.89%, Loss: 1.1532
Epoch: 29, Batch: 520, Acc: 63.80%, Loss: 1.1897
Epoch: 29, Batch: 530, Acc: 63.83%, Loss: 1.0910
Epoch: 29, Batch: 540, Acc: 63.79%, Loss: 1.1899
Epoch: 29, Batch: 550, Acc: 63.82%, Loss: 1.1174
Epoch: 29, Batch: 560, Acc: 63.85%, Loss: 1.1108
Epoch: 29, Batch: 570, Acc: 63.85%, Loss: 1.1533
Epoch: 29, Batch: 580, Acc: 63.81%, Loss: 1.1667
Epoch: 29, Batch: 590, Acc: 63.81%, Loss: 1.1016
Epoch: 29, Batch: 600, Acc: 63.83%, Loss: 1.1055
Epoch: 29, Batch: 610, Acc: 63.86%, Loss: 1.0966
Epoch: 29, Batch: 620, Acc: 63.85%, Loss: 1.1016
Epoch: 29, Batch: 630, Acc: 63.80%, Loss: 1.1694
Epoch: 29, Batch: 640, Acc: 63.80%, Loss: 1.0953
Epoch: 29, Batch: 650, Acc: 63.80%, Loss: 1.1468
Epoch: 29, Batch: 660, Acc: 63.80%, Loss: 1.1055
Epoch: 29, Batch: 670, Acc: 63.81%, Loss: 1.1441
Epoch: 29, Batch: 680, Acc: 63.81%, Loss: 1.1301
Epoch: 29, Batch: 690, Acc: 63.77%, Loss: 1.1816
Epoch: 29, Batch: 700, Acc: 63.79%, Loss: 1.0903
Epoch: 29, Batch: 710, Acc: 63.85%, Loss: 1.1222
Epoch: 29, Batch: 720, Acc: 63.85%, Loss: 1.1375
Epoch: 29, Batch: 730, Acc: 63.86%, Loss: 1.1206
Epoch: 29, Batch: 740, Acc: 63.84%, Loss: 1.2113
Epoch: 29, Batch: 750, Acc: 63.81%, Loss: 1.1245
Epoch: 29, Batch: 760, Acc: 63.81%, Loss: 1.1089
Epoch: 29, Batch: 770, Acc: 63.80%, Loss: 1.0763
Epoch: 29, Batch: 780, Acc: 63.82%, Loss: 1.1009
Epoch: 29, Batch: 790, Acc: 63.80%, Loss: 1.1245
Epoch: 29, Batch: 800, Acc: 63.81%, Loss: 1.0678
Epoch: 29, Batch: 810, Acc: 63.78%, Loss: 1.2126
Epoch: 29, Batch: 820, Acc: 63.77%, Loss: 1.1807
Epoch: 29, Batch: 830, Acc: 63.79%, Loss: 1.1019
Epoch: 29, Batch: 840, Acc: 63.82%, Loss: 1.0767
Epoch: 29, Batch: 850, Acc: 63.81%, Loss: 1.1495
Epoch: 29, Batch: 860, Acc: 63.77%, Loss: 1.2025
Epoch: 29, Batch: 870, Acc: 63.79%, Loss: 1.0900
Epoch: 29, Batch: 880, Acc: 63.80%, Loss: 1.1177
Epoch: 29, Batch: 890, Acc: 63.81%, Loss: 1.2012
Epoch: 29, Batch: 900, Acc: 63.82%, Loss: 1.1325
Epoch: 29, Batch: 910, Acc: 63.83%, Loss: 1.1273
Epoch: 29, Batch: 920, Acc: 63.82%, Loss: 1.1473
Epoch: 29, Batch: 930, Acc: 63.79%, Loss: 1.1644
Accuracy on test set: 66.37%
Epoch: 30, Batch: 10, Acc: 65.62%, Loss: 1.1169
Epoch: 30, Batch: 20, Acc: 65.70%, Loss: 1.0815
Epoch: 30, Batch: 30, Acc: 65.16%, Loss: 1.1100
Epoch: 30, Batch: 40, Acc: 64.02%, Loss: 1.1657
Epoch: 30, Batch: 50, Acc: 64.19%, Loss: 1.1077
Epoch: 30, Batch: 60, Acc: 64.17%, Loss: 1.1146
Epoch: 30, Batch: 70, Acc: 64.06%, Loss: 1.1816
Epoch: 30, Batch: 80, Acc: 64.12%, Loss: 1.1580
Epoch: 30, Batch: 90, Acc: 63.61%, Loss: 1.1840
Epoch: 30, Batch: 100, Acc: 63.47%, Loss: 1.1314
Epoch: 30, Batch: 110, Acc: 63.32%, Loss: 1.1492
Epoch: 30, Batch: 120, Acc: 63.37%, Loss: 1.1418
Epoch: 30, Batch: 130, Acc: 63.31%, Loss: 1.0747
Epoch: 30, Batch: 140, Acc: 63.40%, Loss: 1.1569
Epoch: 30, Batch: 150, Acc: 63.29%, Loss: 1.2091
Epoch: 30, Batch: 160, Acc: 63.13%, Loss: 1.1681
Epoch: 30, Batch: 170, Acc: 63.17%, Loss: 1.1575
Epoch: 30, Batch: 180, Acc: 63.13%, Loss: 1.1318
Epoch: 30, Batch: 190, Acc: 63.08%, Loss: 1.1882
Epoch: 30, Batch: 200, Acc: 63.00%, Loss: 1.1478
Epoch: 30, Batch: 210, Acc: 63.05%, Loss: 1.1644
Epoch: 30, Batch: 220, Acc: 63.04%, Loss: 1.1004
Epoch: 30, Batch: 230, Acc: 63.07%, Loss: 1.1681
Epoch: 30, Batch: 240, Acc: 63.17%, Loss: 1.1407
Epoch: 30, Batch: 250, Acc: 63.18%, Loss: 1.1887
Epoch: 30, Batch: 260, Acc: 63.14%, Loss: 1.2065
Epoch: 30, Batch: 270, Acc: 63.21%, Loss: 1.0969
Epoch: 30, Batch: 280, Acc: 63.12%, Loss: 1.1398
Epoch: 30, Batch: 290, Acc: 63.13%, Loss: 1.0687
Epoch: 30, Batch: 300, Acc: 63.19%, Loss: 1.0995
Epoch: 30, Batch: 310, Acc: 63.21%, Loss: 1.1474
Epoch: 30, Batch: 320, Acc: 63.18%, Loss: 1.1323
Epoch: 30, Batch: 330, Acc: 63.06%, Loss: 1.2186
Epoch: 30, Batch: 340, Acc: 63.07%, Loss: 1.1195
Epoch: 30, Batch: 350, Acc: 63.14%, Loss: 1.0780
Epoch: 30, Batch: 360, Acc: 63.16%, Loss: 1.1332
Epoch: 30, Batch: 370, Acc: 63.21%, Loss: 1.1058
Epoch: 30, Batch: 380, Acc: 63.26%, Loss: 1.0850
Epoch: 30, Batch: 390, Acc: 63.33%, Loss: 1.1270
Epoch: 30, Batch: 400, Acc: 63.39%, Loss: 1.1144
Epoch: 30, Batch: 410, Acc: 63.40%, Loss: 1.1913
Epoch: 30, Batch: 420, Acc: 63.40%, Loss: 1.1192
Epoch: 30, Batch: 430, Acc: 63.42%, Loss: 1.0878
Epoch: 30, Batch: 440, Acc: 63.46%, Loss: 1.1297
Epoch: 30, Batch: 450, Acc: 63.51%, Loss: 1.1501
Epoch: 30, Batch: 460, Acc: 63.48%, Loss: 1.1809
Epoch: 30, Batch: 470, Acc: 63.47%, Loss: 1.1263
Epoch: 30, Batch: 480, Acc: 63.45%, Loss: 1.1092
Epoch: 30, Batch: 490, Acc: 63.47%, Loss: 1.1295
Epoch: 30, Batch: 500, Acc: 63.51%, Loss: 1.0922
Epoch: 30, Batch: 510, Acc: 63.56%, Loss: 1.1035
Epoch: 30, Batch: 520, Acc: 63.61%, Loss: 1.1578
Epoch: 30, Batch: 530, Acc: 63.66%, Loss: 1.0810
Epoch: 30, Batch: 540, Acc: 63.64%, Loss: 1.1587
Epoch: 30, Batch: 550, Acc: 63.62%, Loss: 1.1003
Epoch: 30, Batch: 560, Acc: 63.66%, Loss: 1.0944
Epoch: 30, Batch: 570, Acc: 63.66%, Loss: 1.1076
Epoch: 30, Batch: 580, Acc: 63.65%, Loss: 1.1046
Epoch: 30, Batch: 590, Acc: 63.63%, Loss: 1.2177
Epoch: 30, Batch: 600, Acc: 63.68%, Loss: 1.0466
Epoch: 30, Batch: 610, Acc: 63.72%, Loss: 1.0805
Epoch: 30, Batch: 620, Acc: 63.67%, Loss: 1.1802
Epoch: 30, Batch: 630, Acc: 63.66%, Loss: 1.1267
Epoch: 30, Batch: 640, Acc: 63.59%, Loss: 1.2009
Epoch: 30, Batch: 650, Acc: 63.68%, Loss: 1.0420
Epoch: 30, Batch: 660, Acc: 63.66%, Loss: 1.1461
Epoch: 30, Batch: 670, Acc: 63.61%, Loss: 1.2490
Epoch: 30, Batch: 680, Acc: 63.59%, Loss: 1.1285
Epoch: 30, Batch: 690, Acc: 63.61%, Loss: 1.0706
Epoch: 30, Batch: 700, Acc: 63.58%, Loss: 1.1485
Epoch: 30, Batch: 710, Acc: 63.60%, Loss: 1.0904
Epoch: 30, Batch: 720, Acc: 63.57%, Loss: 1.1971
Epoch: 30, Batch: 730, Acc: 63.57%, Loss: 1.1398
Epoch: 30, Batch: 740, Acc: 63.61%, Loss: 1.1462
Epoch: 30, Batch: 750, Acc: 63.61%, Loss: 1.1474
Epoch: 30, Batch: 760, Acc: 63.62%, Loss: 1.1226
Epoch: 30, Batch: 770, Acc: 63.65%, Loss: 1.0936
Epoch: 30, Batch: 780, Acc: 63.64%, Loss: 1.1160
Epoch: 30, Batch: 790, Acc: 63.65%, Loss: 1.1167
Epoch: 30, Batch: 800, Acc: 63.68%, Loss: 1.1094
Epoch: 30, Batch: 810, Acc: 63.66%, Loss: 1.2069
Epoch: 30, Batch: 820, Acc: 63.64%, Loss: 1.2212
Epoch: 30, Batch: 830, Acc: 63.71%, Loss: 1.0303
Epoch: 30, Batch: 840, Acc: 63.76%, Loss: 1.0585
Epoch: 30, Batch: 850, Acc: 63.76%, Loss: 1.1530
Epoch: 30, Batch: 860, Acc: 63.75%, Loss: 1.1256
Epoch: 30, Batch: 870, Acc: 63.76%, Loss: 1.0665
Epoch: 30, Batch: 880, Acc: 63.70%, Loss: 1.2276
Epoch: 30, Batch: 890, Acc: 63.72%, Loss: 1.0849
Epoch: 30, Batch: 900, Acc: 63.76%, Loss: 1.0807
Epoch: 30, Batch: 910, Acc: 63.77%, Loss: 1.1142
Epoch: 30, Batch: 920, Acc: 63.78%, Loss: 1.1604
Epoch: 30, Batch: 930, Acc: 63.77%, Loss: 1.1580
Accuracy on test set: 66.69%
Training Time: 1517.33 seconds
Best Accuracy for Run 3: 66.69%

Evaluating final model on clean test data...
Accuracy    : 0.6669
Loss        : 1.0553
Precision   : 0.6563
Recall      : 0.6614
F1          : 0.6589
Fpr         : 0.0370
Fnr         : 0.3386
Roc_auc     : 0.9302
Pr_auc      : nan
Metrics saved to qmlp-mnist-label-flip-run_run3-layer2_label_flip.csv
