Run ID,Epsilon,Attack Type,accuracy,loss,precision,recall,f1,fpr,fnr,roc_auc,pr_auc
2,0,none,0.33336588740348816,2.35799241065979,0.306881496700079,0.3134493193551827,0.31013063424570275,0.030441532705194282,0.6865506806329786,0.7809088822182383,nan
2,0,fgsm,0.33336588740348816,2.35799241065979,0.306881496700079,0.3134493193551827,0.31013063424570275,0.030441532705194282,0.6865506806329786,0.7809088822182383,nan
2,0.15,fgsm,0.04833512380719185,3.349950075149536,0.03518654133452658,0.044228533301490326,0.039192783645855954,0.04346568754268004,0.9557714666866708,0.4773726001699154,nan
2,0,pgd,0.33336588740348816,2.35799241065979,0.306881496700079,0.3134493193551827,0.31013063424570275,0.030441532705194282,0.6865506806329786,0.7809088822182383,nan
2,0.15,pgd,0.00532174576073885,3.821157693862915,0.0027570527006723035,0.004742570405184077,0.0034869749917581364,0.04541858229167385,0.9952574295829772,0.22018698648273355,nan
