Run ID,Epsilon,Attack Type,accuracy,loss,precision,recall,f1,fpr,fnr,roc_auc,pr_auc
3,0,none,0.3214529752731323,2.3642020225524902,0.26432502241345945,0.30226078967246794,0.2820229059412231,0.03097782762684598,0.6977392103156932,0.7782396680430783,nan
3,0,fgsm,0.3214529752731323,2.3642020225524902,0.26432502241345945,0.30226078967246794,0.2820229059412231,0.03097782762684598,0.6977392103156932,0.7782396680430783,nan
3,0.01,fgsm,0.05434039607644081,3.202220916748047,0.0356950952084216,0.050040973571206085,0.041667809896870286,0.0431371413613338,0.9499590264169551,0.5343602347093931,nan
3,0.1,fgsm,0.050483349710702896,3.217782735824585,0.043529069300084836,0.047050212310168794,0.045221196055395096,0.04331929994605232,0.9529497876779927,0.5315091748952591,nan
3,0.15,fgsm,0.05228981375694275,3.230147123336792,0.04312583925501416,0.04852930230020866,0.045668287153413784,0.04323166979906907,0.9514706976879524,0.5285456231620068,nan
3,0,pgd,0.3214529752731323,2.3642020225524902,0.26432502241345945,0.30226078967246794,0.2820229059412231,0.03097782762684598,0.6977392103156932,0.7782396680430783,nan
3,0.01,pgd,0.04472219571471214,3.2354841232299805,0.029510644624100257,0.04099795688115073,0.034318535282565364,0.04357518558664574,0.9590020431070105,0.5094410907612346,nan
3,0.1,pgd,0.009862317703664303,3.52614688873291,0.005354015421445926,0.009068609083988328,0.006732954768900762,0.04516992560603652,0.9909313909041729,0.32876842697304015,nan
3,0.15,pgd,0.006639976520091295,3.651958465576172,0.003616842026717141,0.0061952943458169025,0.004567278168730948,0.045316720656176764,0.9938047056423442,0.2715644817433132,nan
