Run ID,Epsilon,Attack Type,accuracy,loss,precision,recall,f1,fpr,fnr,roc_auc,pr_auc
1,0,none,0.510399341583252,1.541028380393982,0.49218283864867235,0.5032200118168444,0.4976402293338859,0.02230316641803906,0.4967799881713167,0.9257050100587989,nan
1,0,fgsm,0.510399341583252,1.541028380393982,0.49218283864867235,0.5032200118168444,0.4976402293338859,0.02230316641803906,0.4967799881713167,0.9257050100587989,nan
1,0.01,fgsm,0.14710476994514465,2.9116482734680176,0.1056124765316555,0.13454442638619368,0.11833571560805012,0.0389088736346524,0.8654555736019675,0.8286225884973397,nan
1,0.1,fgsm,0.11634606122970581,3.096109628677368,0.0861282476471138,0.10700286630332236,0.09543743317404066,0.040315438068777416,0.8929971336848388,0.7876656123688122,nan
1,0.15,fgsm,0.1036519855260849,3.206709384918213,0.07682596206906807,0.09580104771607513,0.08527063338256846,0.040893868566477816,0.9041989522720861,0.7627164262459512,nan
1,0,pgd,0.510399341583252,1.541028380393982,0.49218283864867235,0.5032200118168444,0.4976402293338859,0.02230316641803906,0.4967799881713167,0.9257050100587989,nan
1,0.01,pgd,0.1471536010503769,2.912763833999634,0.10744217287943779,0.13454552206506054,0.11947601424778176,0.03890691522791655,0.8654544779231006,0.8284991701492893,nan
1,0.1,pgd,0.11200077831745148,3.1090919971466064,0.08117029534960565,0.10264742467641616,0.09065416896054158,0.040508694462298205,0.897352575311745,0.78563442374577,nan
1,0.15,pgd,0.09603554010391235,3.2271406650543213,0.07376949766675113,0.08838521287039801,0.08041866105432788,0.041239225301371266,0.9116147871177632,0.7584430406692435,nan
