Run ID,Epsilon,Attack Type,accuracy,loss,precision,recall,f1,fpr,fnr,roc_auc,pr_auc
2,0,none,0.5151352286338806,1.5261424779891968,0.4996733490088406,0.5089472671015363,0.5042676678192219,0.022081327891509538,0.4910527328866251,0.9272956358486952,nan
2,0,fgsm,0.5151352286338806,1.5261424779891968,0.4996733490088406,0.5089472671015363,0.5042676678192219,0.022081327891509538,0.4910527328866251,0.9272956358486952,nan
2,0.01,fgsm,0.14549359679222107,2.9126501083374023,0.15273688660101276,0.13410775319135756,0.1428173801138111,0.03896146024905604,0.8658922467968039,0.8333494290817762,nan
2,0.1,fgsm,0.113074891269207,3.10632586479187,0.11162834781076157,0.10464805869170618,0.10802555435558067,0.040441160482773124,0.8953519412964551,0.7924670707959587,nan
2,0.15,fgsm,0.09906259179115295,3.222135305404663,0.10210536598314619,0.09197893131513615,0.09677796804289862,0.041080385067546986,0.9080210686730252,0.7675498690031586,nan
2,0,pgd,0.5151352286338806,1.5261424779891968,0.4996733490088406,0.5089472671015363,0.5042676678192219,0.022081327891509538,0.4910527328866251,0.9272956358486952,nan
2,0.01,pgd,0.14578653872013092,2.913747549057007,0.1469863816409986,0.13438957196506832,0.1404060009978909,0.038946431121475694,0.8656104280230931,0.8333087364597928,nan
2,0.1,pgd,0.11092666536569595,3.118990659713745,0.1073499555598088,0.1022918627329697,0.10475988506624391,0.040537050319426685,0.8977081372551915,0.7912906479335942,nan
2,0.15,pgd,0.09496142715215683,3.241645097732544,0.09507630807318519,0.08771272883222848,0.09124619411914797,0.04126555019017621,0.9122872711559328,0.7648784763216818,nan
