Run ID,Epsilon,Attack Type,accuracy,loss,precision,recall,f1,fpr,fnr,roc_auc,pr_auc
3,0,none,0.5501903891563416,1.4108079671859741,0.5315131339590736,0.5442694697026682,0.5378156662622335,0.02048200871921439,0.4557305302854929,0.9370319329864922,nan
3,0,fgsm,0.5501903891563416,1.4108079671859741,0.5315131339590736,0.5442694697026682,0.5378156662622335,0.02048200871921439,0.4557305302854929,0.9370319329864922,nan
3,0.01,fgsm,0.16721999645233154,2.991016387939453,0.13930524287317053,0.1512928040928099,0.1450517669605698,0.038018070935978386,0.8487071958953514,0.8087503628919784,nan
3,0.1,fgsm,0.12869836390018463,3.1889712810516357,0.10761881927530297,0.11662150740329934,0.11193944064432634,0.039779861534605915,0.883378492584862,0.7678086021537949,nan
3,0.15,fgsm,0.10804608464241028,3.3123574256896973,0.09059054975905456,0.09792574018804567,0.09411543343134511,0.04072291231471157,0.9020742598001156,0.7416792065132818,nan
3,0,pgd,0.5501903891563416,1.4108079671859741,0.5315131339590736,0.5442694697026682,0.5378156662622335,0.02048200871921439,0.4557305302854929,0.9370319329864922,nan
3,0.01,pgd,0.1659994125366211,2.9942688941955566,0.13814694227773855,0.15020418866839064,0.14392347686755538,0.03807414305891513,0.8497958113197706,0.8078681485159874,nan
3,0.1,pgd,0.12440191209316254,3.2243692874908447,0.10353680377508918,0.11242825587210861,0.10779949077896694,0.03997674771357782,0.8875717441160526,0.7581115203978857,nan
3,0.15,pgd,0.10697197169065475,3.3672823905944824,0.08664035907450038,0.09664617260039154,0.09137014666495973,0.040773521332946636,0.9033538273877697,0.7265645206820351,nan
