Run ID,Epsilon,Attack Type,accuracy,loss,precision,recall,f1,fpr,fnr,roc_auc,pr_auc
2,0,none,0.4989747107028961,1.5546259880065918,0.48304820219506994,0.4930444433519696,0.487995131630125,0.022815375800557404,0.5069555566361915,0.9248943545582173,nan
2,0,fgsm,0.4989747107028961,1.5546259880065918,0.48304820219506994,0.4930444433519696,0.487995131630125,0.022815375800557404,0.5069555566361915,0.9248943545582173,nan
2,0.01,fgsm,0.19597695767879486,2.5599582195281982,0.25755514000112373,0.17605334697160765,0.2091446304373983,0.03673279583433111,0.8239466530165537,0.8390379532624727,nan
2,0.1,fgsm,0.15852943062782288,2.7415013313293457,0.19414820027112628,0.1421480897516472,0.16412785864960125,0.03844278179711914,0.8578519102365142,0.7973146855869304,nan
2,0.15,fgsm,0.1428571343421936,2.8517847061157227,0.16452705582880717,0.12803274205486992,0.14400371843525625,0.03915841701989148,0.8719672579332911,0.7710179140088179,nan
2,0,pgd,0.4989747107028961,1.5546259880065918,0.48304820219506994,0.4930444433519696,0.487995131630125,0.022815375800557404,0.5069555566361915,0.9248943545582173,nan
2,0.01,pgd,0.1950981318950653,2.560689687728882,0.25750511624438055,0.175312039845307,0.20860423632111974,0.03677313749736437,0.8246879601428543,0.8387748583030729,nan
2,0.1,pgd,0.15213358402252197,2.7497353553771973,0.1863600544885397,0.13643931384725663,0.15753957206511784,0.03873481336021206,0.8635606861409046,0.7938780664369038,nan
2,0.15,pgd,0.1352895200252533,2.865679979324341,0.15577815777918655,0.12111155992846495,0.13627472458161885,0.039503580344689114,0.8788884400596964,0.7650131376280389,nan
