Run ID,Epsilon,Attack Type,accuracy,loss,precision,recall,f1,fpr,fnr,roc_auc,pr_auc
1,0,none,0.6679035425186157,1.2186698913574219,0.6459021683505188,0.6574041470913398,0.651602398914103,0.015144494095882494,0.34259585289682143,0.9602300579132244,nan
1,0,fgsm,0.6679035425186157,1.2186698913574219,0.6459021683505188,0.6574041470913398,0.651602398914103,0.015144494095882494,0.34259585289682143,0.9602300579132244,nan
1,0.01,fgsm,0.17234644293785095,2.8555867671966553,0.21014660202505375,0.16568451330568254,0.1852855451965223,0.03779927532327778,0.8343154866824787,0.7119460134507649,nan
1,0.1,fgsm,0.0,6.078939914703369,0.0,0.0,0.0,0.045620716924703396,0.9999999999881609,0.08922210790325137,nan
1,0.15,fgsm,4.8823356337379664e-05,6.788745880126953,1.795138764219063e-05,4.369674459208869e-05,2.5444079230096377e-05,0.04559426536260186,0.9999563032435689,0.05592127001867471,nan
1,0,pgd,0.6679035425186157,1.2186698913574219,0.6459021683505188,0.6574041470913398,0.651602398914103,0.015144494095882494,0.34259585289682143,0.9602300579132244,nan
1,0.01,pgd,0.14607948064804077,3.04150128364563,0.1837778611326746,0.1415295393539169,0.15991025836546457,0.03900063533491947,0.8584704606342443,0.6481712522275214,nan
1,0.1,pgd,0.0,10.44045639038086,0.0,0.0,0.0,0.045542795277883685,0.9999999999881609,0.10037260263057268,nan
1,0.15,pgd,0.0,14.512020111083984,0.0,0.0,0.0,0.045509772227800005,0.9999999999881609,0.0818641171600502,nan
