Run ID,Epsilon,Attack Type,accuracy,loss,precision,recall,f1,fpr,fnr,roc_auc,pr_auc
2,0,none,0.5431598424911499,1.4296249151229858,0.5139996102190056,0.5356433248711365,0.5245983150518525,0.02080432340566569,0.4643566751170248,0.9359444792236778,nan
2,0,fgsm,0.5431598424911499,1.4296249151229858,0.5139996102190056,0.5356433248711365,0.5245983150518525,0.02080432340566569,0.4643566751170248,0.9359444792236778,nan
2,0.15,fgsm,0.10257787257432938,3.341346263885498,0.0917116679371516,0.09245524996610956,0.09208195282914353,0.040981637832661774,0.9075447500220517,0.7459062150463192,nan
2,0,pgd,0.5431598424911499,1.4296249151229858,0.5139996102190056,0.5356433248711365,0.5245983150518525,0.02080432340566569,0.4643566751170248,0.9359444792236778,nan
2,0.15,pgd,0.09564495831727982,3.4255852699279785,0.07200484596207836,0.08588912373128857,0.07833652855035521,0.041301427675726476,0.9141108762568726,0.726861518116618,nan
