Run ID,Epsilon,Attack Type,accuracy,loss,precision,recall,f1,fpr,fnr,roc_auc,pr_auc
1,0,none,0.542964518070221,1.4433034658432007,0.5241464374012181,0.5345436926696889,0.5292940050038508,0.02081864646728029,0.46545630731847215,0.9345042522787861,nan
1,0,fgsm,0.542964518070221,1.4433034658432007,0.5241464374012181,0.5345436926696889,0.5292940050038508,0.02081864646728029,0.46545630731847215,0.9345042522787861,nan
1,0.01,fgsm,0.1264524906873703,2.9740071296691895,0.12037137122784261,0.11677431365754885,0.11854555711789339,0.039766209286815554,0.8832256863306123,0.8171799074358314,nan
1,0.1,fgsm,0.10872961580753326,3.147603988647461,0.10239076904867088,0.10042112479328026,0.10139637764388137,0.04057417323395081,0.899578875194881,0.7774098464564313,nan
1,0.15,fgsm,0.0969143658876419,3.2529149055480957,0.08911894012639342,0.09016222950633565,0.089637544214043,0.041113188145060306,0.9098377704818255,0.753371038185279,nan
1,0,pgd,0.542964518070221,1.4433034658432007,0.5241464374012181,0.5345436926696889,0.5292940050038508,0.02081864646728029,0.46545630731847215,0.9345042522787861,nan
1,0.01,pgd,0.12440191209316254,2.978891611099243,0.11789274147784985,0.1149236529372535,0.1163892599360394,0.039859179395487325,0.8850763470509078,0.8161337689311339,nan
1,0.1,pgd,0.09320379048585892,3.199631452560425,0.08448887042639372,0.08631797902886848,0.08539362609788398,0.0412806906979339,0.9136820209592926,0.7657698379121421,nan
1,0.15,pgd,0.07753148674964905,3.333662748336792,0.06278335123415656,0.07190922414712932,0.06703712849263019,0.04199506928299301,0.928090775841032,0.7350251789388669,nan
