Run ID,Epsilon,Attack Type,accuracy,loss,precision,recall,f1,fpr,fnr,roc_auc,pr_auc
3,0,none,0.6677570343017578,1.2107205390930176,0.6510941757373994,0.6573740393260118,0.6542190327401983,0.015156588933437989,0.3426259606621495,0.9606412421164441,nan
3,0,fgsm,0.6677570343017578,1.2107205390930176,0.6510941757373994,0.6573740393260118,0.6542190327401983,0.015156588933437989,0.3426259606621495,0.9606412421164441,nan
3,0.15,fgsm,0.0,6.845213890075684,0.0,0.0,0.0,0.04562063642100571,0.9999999999881609,0.048518983266445735,nan
3,0,pgd,0.6677570343017578,1.2107205390930176,0.6510941757373994,0.6573740393260118,0.6542190327401983,0.015156588933437989,0.3426259606621495,0.9606412421164441,nan
3,0.15,pgd,0.0,14.147928237915039,0.0,0.0,0.0,0.04558268005317866,0.9999999999881609,0.07057643334988878,nan
