Run ID,Epsilon,Attack Type,accuracy,loss,precision,recall,f1,fpr,fnr,roc_auc,pr_auc
2,0,none,0.6642999649047852,1.0399830341339111,0.6523581555917277,0.6584563033260105,0.6553930396117108,0.03730421270690914,0.34154369666395523,0.9321983236044223,nan
2,0,fgsm,0.6642999649047852,1.0399830341339111,0.6523581555917277,0.6584563033260105,0.6553930396117108,0.03730421270690914,0.34154369666395523,0.9321983236044223,nan
2,0.01,fgsm,0.3043999969959259,2.297619104385376,0.40853317673779443,0.31589221580829796,0.35628913612728746,0.07669727608107135,0.6841077841816677,0.8106985733833779,nan
2,0.1,fgsm,0.029399998486042023,4.512522220611572,0.030793558937201933,0.03168202108427071,0.03123146762352635,0.10721768519659325,0.9683179789056948,0.40399265939827017,nan
2,0.15,fgsm,0.01209999993443489,6.2271342277526855,0.009986661504932003,0.013301728085693992,0.011408242572060941,0.10916385781811785,0.9866982719042717,0.30274975328658704,nan
2,0,pgd,0.6642999649047852,1.0399830341339111,0.6523581555917277,0.6584563033260105,0.6553930396117108,0.03730421270690914,0.34154369666395523,0.9321983236044223,nan
2,0.01,pgd,0.3037000000476837,2.2850027084350586,0.4222740779232478,0.31531618104642944,0.3610401471040413,0.07676428874300031,0.6846838189435364,0.8131574198352739,nan
2,0.1,pgd,0.022199999541044235,4.503352642059326,0.02033021547193852,0.023923584192024457,0.021981005711288373,0.10796207245042169,0.9760764157979412,0.41245245951043275,nan
2,0.15,pgd,0.0052999998442828655,6.442569732666016,0.0012232176325776881,0.005818408482670083,0.0020214563016485005,0.10985732260231731,0.9941815915072956,0.32349745985911127,nan
