Run ID,Epsilon,Attack Type,accuracy,loss,precision,recall,f1,fpr,fnr,roc_auc,pr_auc
2,0,none,0.4007421135902405,2.0527052879333496,0.37846196307461333,0.3950043436227071,0.3865562496600616,0.02731853133357639,0.6049956563654542,0.8518480746663962,nan
2,0,fgsm,0.4007421135902405,2.0527052879333496,0.37846196307461333,0.3950043436227071,0.3865562496600616,0.02731853133357639,0.6049956563654542,0.8518480746663962,nan
2,0.01,fgsm,0.15105946362018585,3.268068790435791,0.12113717699868061,0.1346685527769813,0.12754497477818869,0.03879635495895845,0.8653314472111799,0.6324946918322736,nan
2,0.1,fgsm,0.008007030002772808,5.059014320373535,0.0019236726463392588,0.007155665880580975,0.0030321908405659508,0.04530909161717446,0.9928443341075801,0.24798221735215983,nan
2,0.15,fgsm,0.004247631877660751,5.565902233123779,0.00043732875569578065,0.0037974506722161113,0.0007843291410667661,0.04549224117374218,0.996202549315945,0.17828206148443912,nan
2,0,pgd,0.4007421135902405,2.0527052879333496,0.37846196307461333,0.3950043436227071,0.3865562496600616,0.02731853133357639,0.6049956563654542,0.8518480746663962,nan
2,0.01,pgd,0.14661653339862823,3.325909376144409,0.11163642836931369,0.13070680003423102,0.12042127038928113,0.03899928988267711,0.8692931999539302,0.6218602072084476,nan
2,0.1,pgd,0.002538814442232251,6.510094165802002,0.00032128315549441217,0.0022699493626452726,0.0005628932752823016,0.04554875627745687,0.9977300506255157,0.20521937639008234,nan
2,0.15,pgd,0.00014647006173618138,8.357440948486328,1.8098346414390824e-05,0.00013095861707568883,3.1799593448391474e-05,0.04559943242653934,0.9998690413710853,0.1340376419086469,nan
