Run ID,Epsilon,Attack Type,accuracy,loss,precision,recall,f1,fpr,fnr,roc_auc,pr_auc
1,0,none,0.46343129873275757,1.794363260269165,0.4136558303967464,0.45592645847817104,0.4337637461701913,0.024458703958462943,0.5440735415099901,0.8963330427566929,nan
1,0,fgsm,0.46343129873275757,1.794363260269165,0.4136558303967464,0.45592645847817104,0.4337637461701913,0.024458703958462943,0.5440735415099901,0.8963330427566929,nan
1,0.01,fgsm,0.13182306289672852,3.1426329612731934,0.17762143939015967,0.12875445061883967,0.14929079504057452,0.039601670204671285,0.8712455493693215,0.6686418466506582,nan
1,0.1,fgsm,0.003710575168952346,5.069485664367676,0.0025112394765262314,0.003395588120077145,0.002887208186683379,0.0454198958536304,0.9966044118680841,0.29176534467183807,nan
1,0.15,fgsm,0.0010252904612571,5.6032867431640625,0.0006216047332930702,0.0009142219744527335,0.0007400327179761773,0.04552383349532306,0.9990857780137083,0.20547480043322927,nan
1,0,pgd,0.46343129873275757,1.794363260269165,0.4136558303967464,0.45592645847817104,0.4337637461701913,0.024458703958462943,0.5440735415099901,0.8963330427566929,nan
1,0.01,pgd,0.12020310014486313,3.228607654571533,0.17165900167740883,0.11748491338301031,0.13949691621063978,0.04012944039214816,0.882515086605151,0.6502425263460669,nan
1,0.1,pgd,9.764671267475933e-05,7.221080780029297,1.1859863848746842e-05,8.730574471712588e-05,2.0880824640885837e-05,0.045525748007227855,0.9999126942434439,0.22823458579338682,nan
1,0.15,pgd,0.0,9.67125415802002,0.0,0.0,0.0,0.04544623040450525,0.9999999999881609,0.16225138077992685,nan
