Run ID,Epsilon,Attack Type,accuracy,loss,precision,recall,f1,fpr,fnr,roc_auc,pr_auc
2,0,none,0.5108000040054321,1.339316487312317,0.4929647137598468,0.5049838392346336,0.49890189332939894,0.05431698322638244,0.4950161607553321,0.8869164893001461,nan
2,0,fgsm,0.5108000040054321,1.339316487312317,0.4929647137598468,0.5049838392346336,0.49890189332939894,0.05431698322638244,0.4950161607553321,0.8869164893001461,nan
2,0.01,fgsm,0.15389999747276306,3.0749635696411133,0.11558458436476302,0.15971759236341773,0.13411365705782516,0.09359399460622451,0.840282407626548,0.6298937452807285,nan
2,0.1,fgsm,0.03700000047683716,4.114506721496582,0.01946439917004154,0.03809594943004367,0.02576477230171352,0.10661104982776011,0.9619040505599219,0.3261730629614408,nan
2,0.15,fgsm,0.011699999682605267,4.475664138793945,0.006384263524439822,0.011936604753231436,0.008319080469475935,0.10945982521010522,0.9880633952367344,0.2354151249281616,nan
2,0,pgd,0.5108000040054321,1.339316487312317,0.4929647137598468,0.5049838392346336,0.49890189332939894,0.05431698322638244,0.4950161607553321,0.8869164893001461,nan
2,0.01,pgd,0.14169999957084656,3.141731023788452,0.1012237064458927,0.14728787878924293,0.11998655428125192,0.09493562158979144,0.8527121212007229,0.6175676916310382,nan
2,0.1,pgd,0.010400000028312206,5.287231922149658,0.004381203727555572,0.010652041980366674,0.0062087370742809015,0.10956293004936904,0.989347958009599,0.23779132746234052,nan
2,0.15,pgd,0.00019999999494757503,6.730393886566162,5.535566011609368e-05,0.00019801980197823744,8.652048751307364e-05,0.11080339986387315,0.9998019801879874,0.16017078387923298,nan
