Run ID,Epsilon,Attack Type,accuracy,loss,precision,recall,f1,fpr,fnr,roc_auc,pr_auc
3,0,none,0.3215506374835968,2.3641915321350098,0.26460608328626595,0.3023944333951696,0.2822410310501225,0.030973515059507184,0.6976055665929918,0.7782495539592434,nan
3,0,fgsm,0.3215506374835968,2.3641915321350098,0.26460608328626595,0.3023944333951696,0.2822410310501225,0.030973515059507184,0.6976055665929918,0.7782495539592434,nan
3,0.15,fgsm,0.052240993827581406,3.230365753173828,0.04315688406220564,0.048485649077399225,0.0456663349624963,0.04323378312158351,0.951514350910762,0.5283318231043918,nan
3,0,pgd,0.3215506374835968,2.3641915321350098,0.26460608328626595,0.3023944333951696,0.2822410310501225,0.030973515059507184,0.6976055665929918,0.7782495539592434,nan
3,0.15,pgd,0.0062005664221942425,3.6528313159942627,0.0035922022348240236,0.00575190291284936,0.004422462303062044,0.04533646613690211,0.9942480970753117,0.2710889164640189,nan
