Run ID,Epsilon,Attack Type,accuracy,loss,precision,recall,f1,fpr,fnr,roc_auc,pr_auc
3,0,none,0.7102000117301941,0.8853073120117188,0.7054487268975363,0.7057786646896956,0.7056136522247268,0.032153371247504184,0.29422133530027006,0.9517506872576573,nan
3,0,fgsm,0.7102000117301941,0.8853073120117188,0.7054487268975363,0.7057786646896956,0.7056136522247268,0.032153371247504184,0.29422133530027006,0.9517506872576573,nan
3,0.01,fgsm,0.16979999840259552,3.0020592212677,0.2839327617790066,0.17521098883761493,0.21669962317633973,0.09185765938672846,0.8247890111523507,0.6554276979179499,nan
3,0.1,fgsm,0.013700000010430813,4.754065036773682,0.004881547568614911,0.014545713539323124,0.007309888472461654,0.10914237214074107,0.9854542864506424,0.2535965328626527,nan
3,0.15,fgsm,0.004600000102072954,5.385571002960205,0.0015508241404968658,0.004977624515374072,0.0023648523082333292,0.11013063031683287,0.9950223754745917,0.16490501602132657,nan
3,0,pgd,0.7102000117301941,0.8853073120117188,0.7054487268975363,0.7057786646896956,0.7056136522247268,0.032153371247504184,0.29422133530027006,0.9517506872576573,nan
3,0.01,pgd,0.1485999971628189,3.120034694671631,0.24168103818682457,0.15351319887534293,0.1877619907444503,0.09420151648628136,0.8464868011146228,0.6290751026286515,nan
3,0.1,pgd,9.999999747378752e-05,6.682188987731934,2.0366598777962595e-05,0.0001026694045163997,3.398772024403754e-05,0.11072114332235536,0.9998973305854493,0.14496303461854781,nan
3,0.15,pgd,0.0,8.786123275756836,0.0,0.0,0.0,0.1107709033015057,0.9999999999899657,0.07235174713383466,nan
