Run ID,Epsilon,Attack Type,accuracy,loss,precision,recall,f1,fpr,fnr,roc_auc,pr_auc
2,0,none,0.5510692000389099,1.4176074266433716,0.530262011913189,0.5469793153013324,0.5384909438335529,0.02043897245089581,0.45302068468682893,0.9365180448357601,nan
2,0,fgsm,0.5510692000389099,1.4176074266433716,0.530262011913189,0.5469793153013324,0.5384909438335529,0.02043897245089581,0.45302068468682893,0.9365180448357601,nan
2,0.01,fgsm,0.16917292773723602,3.0207133293151855,0.2102414091090135,0.1530229937579675,0.17712590991144195,0.03794117012002245,0.8469770062301939,0.8056426883291824,nan
2,0.1,fgsm,0.12601308524608612,3.201610803604126,0.12806571233763028,0.11402504688459214,0.12063821268792553,0.03991289411396961,0.8859749531035691,0.7659584705237378,nan
2,0.15,fgsm,0.10741138458251953,3.316865921020508,0.10225463856621678,0.097323051915498,0.09972791022003155,0.040762436088891095,0.9026769480726632,0.7410557482215079,nan
2,0,pgd,0.5510692000389099,1.4176074266433716,0.530262011913189,0.5469793153013324,0.5384909438335529,0.02043897245089581,0.45302068468682893,0.9365180448357601,nan
2,0.01,pgd,0.1686846911907196,3.026780366897583,0.21011018625526692,0.15258698851576433,0.17678703846249522,0.03796360671793527,0.847413011472397,0.804486726337057,nan
2,0.1,pgd,0.12088663130998611,3.258847236633301,0.16230786965465246,0.10935241511407906,0.13066876448667022,0.04014854628319136,0.8906475848740824,0.755699127696092,nan
2,0.15,pgd,0.09867200255393982,3.401022434234619,0.13144580692349236,0.08919296291840853,0.10627362054039843,0.04116379461736031,0.910807037069753,0.7258998542870235,nan
