Run ID,Epsilon,Attack Type,accuracy,loss,precision,recall,f1,fpr,fnr,roc_auc,pr_auc
2,0,none,0.7069999575614929,0.8949026465415955,0.7030282924900525,0.7026036901227111,0.7028159221760933,0.032515876516292404,0.2973963098672546,0.9512974062077915,nan
2,0,fgsm,0.7069999575614929,0.8949026465415955,0.7030282924900525,0.7026036901227111,0.7028159221760933,0.032515876516292404,0.2973963098672546,0.9512974062077915,nan
2,0.01,fgsm,0.15789999067783356,3.2929434776306152,0.30680065524846084,0.1624107532949611,0.21238922822880543,0.0932391998749107,0.8375892466950046,0.6425588205360783,nan
2,0.1,fgsm,0.016599999740719795,5.057013511657715,0.00574287742061192,0.017316042560440524,0.008625197259059471,0.10887794415168214,0.9826839574295253,0.25283712684069,nan
2,0.15,fgsm,0.005399999674409628,5.682389259338379,0.0016229815210577945,0.005685721125896521,0.002525156143623566,0.11010954069550678,0.9943142788640692,0.171898633068248,nan
2,0,pgd,0.7069999575614929,0.8949026465415955,0.7030282924900525,0.7026036901227111,0.7028159221760933,0.032515876516292404,0.2973963098672546,0.9512974062077915,nan
2,0.01,pgd,0.13840000331401825,3.427508592605591,0.22587179753181097,0.14236626037745073,0.17465072702510698,0.09539990228246212,0.8576337396125149,0.61714761660755,nan
2,0.1,pgd,0.00019999999494757503,7.160898208618164,3.396739130429014e-05,0.0002053388090327994,5.828960736088568e-05,0.1107524830744933,0.999794661180933,0.1505249428717747,nan
2,0.15,pgd,0.0,9.301621437072754,0.0,0.0,0.0,0.11080017022613806,0.9999999999899657,0.07796095291542343,nan
