Run ID,Epsilon,Attack Type,accuracy,loss,precision,recall,f1,fpr,fnr,roc_auc,pr_auc
2,0,none,0.9311999678611755,0.3328379988670349,0.9305717367547007,0.9305323452207663,0.9305520355708594,0.007637886935399599,0.06946765476919933,0.9957536384361954,nan
2,0,fgsm,0.9311999678611755,0.3328379988670349,0.9305717367547007,0.9305323452207663,0.9305520355708594,0.007637886935399599,0.06946765476919933,0.9957536384361954,nan
2,0.01,fgsm,0.30069997906684875,1.9393224716186523,0.4286620561715404,0.30192797305140884,0.35430284782304994,0.07762420714699486,0.6980720269385567,0.7901254967388163,nan
2,0.1,fgsm,9.999999747378752e-05,5.201318264007568,5.509641873247881e-05,9.689922480526262e-05,7.024476381888779e-05,0.11091499708870382,0.9999031007651604,0.08292749691933764,nan
2,0.15,fgsm,0.0,6.349162578582764,0.0,0.0,0.0,0.11089430371185349,0.9999999999899657,0.03120347217956033,nan
2,0,pgd,0.9311999678611755,0.3328379988670349,0.9305717367547007,0.9305323452207663,0.9305520355708594,0.007637886935399599,0.06946765476919933,0.9957536384361954,nan
2,0.01,pgd,0.23899999260902405,2.1036274433135986,0.3424344970592565,0.24077933950963462,0.2827475805394901,0.08447614728582656,0.7592206604803311,0.7473028722145955,nan
2,0.1,pgd,0.0,8.457261085510254,0.0,0.0,0.0,0.11098214697903512,0.9999999999899657,0.055653351764696345,nan
2,0.15,pgd,0.0,12.197068214416504,0.0,0.0,0.0,0.11095064137749619,0.9999999999899657,0.021627077696364384,nan
