Run ID,Epsilon,Attack Type,accuracy,loss,precision,recall,f1,fpr,fnr,roc_auc,pr_auc
3,0,none,0.5603944659233093,1.4905364513397217,0.5354922140116964,0.5514136646296279,0.5433363222972901,0.020049471119809238,0.4485863353585335,0.9298321000646144,nan
3,0,fgsm,0.5603944659233093,1.4905364513397217,0.5354922140116964,0.5514136646296279,0.5433363222972901,0.020049471119809238,0.4485863353585335,0.9298321000646144,nan
3,0.01,fgsm,0.16058002412319183,3.068814516067505,0.16974887737989725,0.15794513465343774,0.1636344119351093,0.038310317565443515,0.8420548653347236,0.6951398109829868,nan
3,0.1,fgsm,0.0082023236900568,4.923333168029785,0.004979436344987697,0.00791138374387564,0.006111977503672586,0.04525713534379121,0.9920886162442855,0.27582193013858325,nan
3,0.15,fgsm,0.0009764671558514237,5.424248695373535,0.00031265158932824967,0.0008735847914182383,0.00046049063311455474,0.0455770976007469,0.9991264151967428,0.1831047351249969,nan
3,0,pgd,0.5603944659233093,1.4905364513397217,0.5354922140116964,0.5514136646296279,0.5433363222972901,0.020049471119809238,0.4485863353585335,0.9298321000646144,nan
3,0.01,pgd,0.14393125474452972,3.1775496006011963,0.1538132191528619,0.14238163252703823,0.14787682084027004,0.039068444121194694,0.8576183674611231,0.6700251032770238,nan
3,0.1,pgd,0.0013182306429371238,7.392754077911377,0.0006191120129704135,0.0013858312377379542,0.0008558651100020321,0.045486830478638295,0.9986141687504231,0.19343056108119447,nan
3,0.15,pgd,0.0,10.042716979980469,0.0,0.0,0.0,0.045496489302000155,0.9999999999881609,0.13184102386468644,nan
