Run ID,Epsilon,Attack Type,accuracy,loss,precision,recall,f1,fpr,fnr,roc_auc,pr_auc
2,0,none,0.7703999876976013,0.6956644654273987,0.768308943704119,0.7669978211963183,0.7676528176134946,0.025492812965825805,0.23300217879364724,0.9691374167936624,nan
2,0,fgsm,0.7703999876976013,0.6956644654273987,0.768308943704119,0.7669978211963183,0.7676528176134946,0.025492812965825805,0.23300217879364724,0.9691374167936624,nan
2,0.01,fgsm,0.2733999788761139,2.7164809703826904,0.47073981036127555,0.2846823729339935,0.3547984886797349,0.0801060955726281,0.7153176270559722,0.758354512428661,nan
2,0.1,fgsm,0.06109999865293503,4.669863224029541,0.06594608643537617,0.06436089441818767,0.06514384345088024,0.10363977408782757,0.9356391055717781,0.41201319869055786,nan
2,0.15,fgsm,0.03749999776482582,4.750074863433838,0.03897894938843393,0.03952830632987072,0.03925170078833351,0.10633156535945851,0.9604716936600951,0.354451979121588,nan
2,0,pgd,0.7703999876976013,0.6956644654273987,0.768308943704119,0.7669978211963183,0.7676528176134946,0.025492812965825805,0.23300217879364724,0.9691374167936624,nan
2,0.01,pgd,0.25759997963905334,2.775704860687256,0.4675051845373689,0.2685023059311359,0.3411003828171348,0.08183010947887001,0.7314976940588298,0.7500070225064384,nan
2,0.1,pgd,0.02459999918937683,5.892151355743408,0.02609025775689333,0.02573601909675536,0.025911922795734846,0.10753835287271678,0.9742639808932104,0.35645056450486845,nan
2,0.15,pgd,0.006599999964237213,7.1529107093811035,0.003960773524578635,0.007009914155280012,0.005061607421153513,0.10960433078165066,0.9929900858346856,0.2647235341596284,nan
