Run ID,Epsilon,Attack Type,accuracy,loss,precision,recall,f1,fpr,fnr,roc_auc,pr_auc
1,0,none,0.5144516825675964,1.5024943351745605,0.4858042162757295,0.5054639247964318,0.4954391111543117,0.022112277004721997,0.4945360751917295,0.9298601393450795,nan
1,0,fgsm,0.5144516825675964,1.5024943351745605,0.4858042162757295,0.5054639247964318,0.4954391111543117,0.022112277004721997,0.4945360751917295,0.9298601393450795,nan
1,0.01,fgsm,0.14456595480442047,2.8832449913024902,0.13582707846751524,0.13115522416728323,0.1334502705335559,0.039068488988730374,0.8688447758208779,0.8284926227308919,nan
1,0.1,fgsm,0.11541841179132462,3.035832643508911,0.10885092357418409,0.10473893772824368,0.10675534412168253,0.04039397359010102,0.8952610622599174,0.7915099778630572,nan
1,0.15,fgsm,0.09837906062602997,3.129412889480591,0.09978833344905294,0.08921909266784904,0.09420819362529963,0.04117027396658201,0.9107809073203122,0.7683282202956478,nan
1,0,pgd,0.5144516825675964,1.5024943351745605,0.4858042162757295,0.5054639247964318,0.4954391111543117,0.022112277004721997,0.4945360751917295,0.9298601393450795,nan
1,0.01,pgd,0.14441949129104614,2.8880460262298584,0.13625911995887946,0.1310773719065779,0.13361802236420162,0.03907535207511566,0.8689226280815834,0.8275183867865183,nan
1,0.1,pgd,0.11112195998430252,3.083216667175293,0.11225935299517975,0.10053197906513336,0.10607250103228397,0.040591881919279815,0.8994680209230281,0.781702259392734,nan
1,0.15,pgd,0.0917879119515419,3.198639392852783,0.08053891713585301,0.08314338147355377,0.08182042357274438,0.041471697671623516,0.9168566185146073,0.7532660278692357,nan
