Run ID,Epsilon,Attack Type,accuracy,loss,precision,recall,f1,fpr,fnr,roc_auc,pr_auc
1,0,none,0.3167659342288971,2.3901240825653076,0.2862245695266257,0.29704778795117404,0.2915357557664422,0.031200252885022286,0.7029522120369873,0.7650466962881695,nan
1,0,fgsm,0.3167659342288971,2.3901240825653076,0.2862245695266257,0.29704778795117404,0.2915357557664422,0.031200252885022286,0.7029522120369873,0.7650466962881695,nan
1,0.15,fgsm,0.05087393894791603,3.2687108516693115,0.031184899043455117,0.046404311914330074,0.03730192839587169,0.04332339556425636,0.9535956880738313,0.508036435712534,nan
1,0,pgd,0.3167659342288971,2.3901240825653076,0.2862245695266257,0.29704778795117404,0.2915357557664422,0.031200252885022286,0.7029522120369873,0.7650466962881695,nan
1,0.15,pgd,0.005419392604380846,3.690035104751587,0.002793572764451591,0.004875477201396116,0.0035519347571092708,0.04539613651762666,0.995124522786765,0.25407288698256525,nan
