Run ID,Epsilon,Attack Type,accuracy,loss,precision,recall,f1,fpr,fnr,roc_auc,pr_auc
3,0,none,0.40235328674316406,2.0424211025238037,0.38060105868344357,0.3978888573838787,0.38905299937189924,0.027248533096683424,0.6021111426042828,0.8555214224755892,nan
3,0,fgsm,0.40235328674316406,2.0424211025238037,0.38060105868344357,0.3978888573838787,0.38905299937189924,0.027248533096683424,0.6021111426042828,0.8555214224755892,nan
3,0.01,fgsm,0.12293720990419388,3.271019220352173,0.14944914557344033,0.11040021605080538,0.12699063197100754,0.04006930874800939,0.889599783937356,0.6327750970089088,nan
3,0.1,fgsm,0.008397617377340794,5.119220733642578,0.0013078218791035322,0.007549802871961156,0.00222944333478701,0.045295175515724775,0.9924501971161999,0.24911514684804087,nan
3,0.15,fgsm,0.004979982506483793,5.637735366821289,0.0032659604388603726,0.004806617979437835,0.003889266577737481,0.045440364654608524,0.9951933820087232,0.17547250978734022,nan
3,0,pgd,0.40235328674316406,2.0424211025238037,0.38060105868344357,0.3978888573838787,0.38905299937189924,0.027248533096683424,0.6021111426042828,0.8555214224755892,nan
3,0.01,pgd,0.1166878193616867,3.3359217643737793,0.14302753006103547,0.10463557748993561,0.12085584929145128,0.04035793975394684,0.8953644224982256,0.6209144491993791,nan
3,0.1,pgd,0.0025876378640532494,6.822246551513672,0.0003767168880259035,0.0023133400555902734,0.0006479201335533616,0.04551473187725703,0.9976866599325708,0.20532658426819153,nan
3,0.15,pgd,0.00014647006173618138,8.950546264648438,2.1271164808950253e-05,0.00013095861707568883,3.659545872287214e-05,0.04554966143214558,0.9998690413710853,0.1408654830885906,nan
