Run ID,Epsilon,Attack Type,accuracy,loss,precision,recall,f1,fpr,fnr,roc_auc,pr_auc
1,0,none,0.6974999904632568,0.9073882102966309,0.6923219595082404,0.6916158061818236,0.6919686976879004,0.03360065969718633,0.3083841938081421,0.9478330453141094,nan
1,0,fgsm,0.6974999904632568,0.9073882102966309,0.6923219595082404,0.6916158061818236,0.6919686976879004,0.03360065969718633,0.3083841938081421,0.9478330453141094,nan
1,0.01,fgsm,0.3155999779701233,2.471323013305664,0.43059317736639596,0.32481072381576803,0.3702953599793666,0.07557604364865882,0.6751892761741977,0.7936631185328124,nan
1,0.1,fgsm,0.03240000084042549,4.62790060043335,0.036452782787647124,0.033247410798800045,0.0347763874921017,0.10710231384388569,0.9667525891911657,0.40936051322176825,nan
1,0.15,fgsm,0.011699999682605267,5.81710958480835,0.00973676548222579,0.011864966388711222,0.01069602589194919,0.10944785097291551,0.9881350336012545,0.3017272781168206,nan
1,0,pgd,0.6974999904632568,0.9073882102966309,0.6923219595082404,0.6916158061818236,0.6919686976879004,0.03360065969718633,0.3083841938081421,0.9478330453141094,nan
1,0.01,pgd,0.30320000648498535,2.475153684616089,0.4184394674811733,0.31241912212090683,0.35773948931403077,0.07693699544956867,0.6875808778690589,0.792169211815666,nan
1,0.1,pgd,0.019700000062584877,4.793673992156982,0.013877097328875643,0.020749508565121748,0.016631307591016935,0.10841764224549574,0.979250491424844,0.40166355610975507,nan
1,0.15,pgd,0.003499999875202775,6.326569080352783,0.0011918692902732361,0.003647188232166998,0.0017966154138612629,0.11028599022514866,0.9963528117577987,0.2904970334912592,nan
