nohup: ignoring input
Number of classes: 23

========= RUN 1 =========
Epoch: 1, Batch: 10, Acc: 6.09%, Loss: 3.1561
Epoch: 1, Batch: 20, Acc: 6.41%, Loss: 3.1397
Epoch: 1, Batch: 30, Acc: 7.71%, Loss: 3.1317
Epoch: 1, Batch: 40, Acc: 9.14%, Loss: 3.1159
Epoch: 1, Batch: 50, Acc: 10.12%, Loss: 3.1214
Epoch: 1, Batch: 60, Acc: 10.91%, Loss: 3.1223
Epoch: 1, Batch: 70, Acc: 12.12%, Loss: 3.1028
Epoch: 1, Batch: 80, Acc: 12.79%, Loss: 3.1063
Epoch: 1, Batch: 90, Acc: 13.61%, Loss: 3.1006
Epoch: 1, Batch: 100, Acc: 13.94%, Loss: 3.1098
Epoch: 1, Batch: 110, Acc: 14.33%, Loss: 3.0975
Epoch: 1, Batch: 120, Acc: 14.61%, Loss: 3.1061
Epoch: 1, Batch: 130, Acc: 15.26%, Loss: 3.0692
Epoch: 1, Batch: 140, Acc: 15.81%, Loss: 3.0665
Epoch: 1, Batch: 150, Acc: 16.19%, Loss: 3.0667
Epoch: 1, Batch: 160, Acc: 16.64%, Loss: 3.0554
Epoch: 1, Batch: 170, Acc: 16.96%, Loss: 3.0500
Epoch: 1, Batch: 180, Acc: 17.18%, Loss: 3.0616
Epoch: 1, Batch: 190, Acc: 17.37%, Loss: 3.0540
Epoch: 1, Batch: 200, Acc: 17.48%, Loss: 3.0560
Epoch: 1, Batch: 210, Acc: 17.61%, Loss: 3.0330
Epoch: 1, Batch: 220, Acc: 17.75%, Loss: 3.0447
Epoch: 1, Batch: 230, Acc: 17.85%, Loss: 3.0189
Epoch: 1, Batch: 240, Acc: 18.04%, Loss: 3.0174
Epoch: 1, Batch: 250, Acc: 18.26%, Loss: 3.0161
Epoch: 1, Batch: 260, Acc: 18.46%, Loss: 3.0038
Epoch: 1, Batch: 270, Acc: 18.64%, Loss: 2.9915
Epoch: 1, Batch: 280, Acc: 18.74%, Loss: 3.0096
Epoch: 1, Batch: 290, Acc: 18.87%, Loss: 3.0049
Epoch: 1, Batch: 300, Acc: 19.07%, Loss: 2.9693
Epoch: 1, Batch: 310, Acc: 19.29%, Loss: 2.9955
Epoch: 1, Batch: 320, Acc: 19.45%, Loss: 2.9856
Epoch: 1, Batch: 330, Acc: 19.54%, Loss: 2.9576
Epoch: 1, Batch: 340, Acc: 19.69%, Loss: 2.9690
Epoch: 1, Batch: 350, Acc: 19.72%, Loss: 2.9717
Epoch: 1, Batch: 360, Acc: 19.87%, Loss: 2.9788
Epoch: 1, Batch: 370, Acc: 20.00%, Loss: 2.9593
Epoch: 1, Batch: 380, Acc: 20.11%, Loss: 2.9627
Epoch: 1, Batch: 390, Acc: 20.21%, Loss: 2.9544
Epoch: 1, Batch: 400, Acc: 20.44%, Loss: 2.9173
Epoch: 1, Batch: 410, Acc: 20.56%, Loss: 2.9332
Epoch: 1, Batch: 420, Acc: 20.70%, Loss: 2.9250
Epoch: 1, Batch: 430, Acc: 20.83%, Loss: 2.9519
Epoch: 1, Batch: 440, Acc: 21.02%, Loss: 2.9198
Epoch: 1, Batch: 450, Acc: 21.03%, Loss: 2.9672
Epoch: 1, Batch: 460, Acc: 21.08%, Loss: 2.9711
Epoch: 1, Batch: 470, Acc: 21.22%, Loss: 2.9088
Epoch: 1, Batch: 480, Acc: 21.38%, Loss: 2.8950
Epoch: 1, Batch: 490, Acc: 21.52%, Loss: 2.9193
Epoch: 1, Batch: 500, Acc: 21.72%, Loss: 2.8771
Epoch: 1, Batch: 510, Acc: 21.90%, Loss: 2.8821
Epoch: 1, Batch: 520, Acc: 22.04%, Loss: 2.8732
Epoch: 1, Batch: 530, Acc: 22.17%, Loss: 2.8759
Epoch: 1, Batch: 540, Acc: 22.30%, Loss: 2.8875
Epoch: 1, Batch: 550, Acc: 22.44%, Loss: 2.8664
Epoch: 1, Batch: 560, Acc: 22.54%, Loss: 2.8788
Epoch: 1, Batch: 570, Acc: 22.71%, Loss: 2.8689
Epoch: 1, Batch: 580, Acc: 22.84%, Loss: 2.8782
Epoch: 1, Batch: 590, Acc: 22.97%, Loss: 2.8852
Epoch: 1, Batch: 600, Acc: 23.08%, Loss: 2.8673
Epoch: 1, Batch: 610, Acc: 23.21%, Loss: 2.8670
Epoch: 1, Batch: 620, Acc: 23.38%, Loss: 2.8305
Epoch: 1, Batch: 630, Acc: 23.51%, Loss: 2.8442
Epoch: 1, Batch: 640, Acc: 23.55%, Loss: 2.8701
Epoch: 1, Batch: 650, Acc: 23.64%, Loss: 2.8346
Epoch: 1, Batch: 660, Acc: 23.75%, Loss: 2.8555
Epoch: 1, Batch: 670, Acc: 23.86%, Loss: 2.8343
Epoch: 1, Batch: 680, Acc: 23.95%, Loss: 2.8265
Epoch: 1, Batch: 690, Acc: 24.08%, Loss: 2.8303
Epoch: 1, Batch: 700, Acc: 24.20%, Loss: 2.8144
Epoch: 1, Batch: 710, Acc: 24.26%, Loss: 2.8263
Epoch: 1, Batch: 720, Acc: 24.42%, Loss: 2.7949
Epoch: 1, Batch: 730, Acc: 24.51%, Loss: 2.8306
Epoch: 1, Batch: 740, Acc: 24.61%, Loss: 2.8241
Epoch: 1, Batch: 750, Acc: 24.67%, Loss: 2.8380
Epoch: 1, Batch: 760, Acc: 24.78%, Loss: 2.8348
Epoch: 1, Batch: 770, Acc: 24.90%, Loss: 2.8248
Epoch: 1, Batch: 780, Acc: 25.06%, Loss: 2.7909
Epoch: 1, Batch: 790, Acc: 25.14%, Loss: 2.8105
Epoch: 1, Batch: 800, Acc: 25.26%, Loss: 2.8085
Epoch: 1, Batch: 810, Acc: 25.35%, Loss: 2.8053
Epoch: 1, Batch: 820, Acc: 25.45%, Loss: 2.7849
Epoch: 1, Batch: 830, Acc: 25.53%, Loss: 2.8029
Epoch: 1, Batch: 840, Acc: 25.61%, Loss: 2.7748
Epoch: 1, Batch: 850, Acc: 25.70%, Loss: 2.8276
Epoch: 1, Batch: 860, Acc: 25.80%, Loss: 2.7860
Epoch: 1, Batch: 870, Acc: 25.93%, Loss: 2.7933
Epoch: 1, Batch: 880, Acc: 25.99%, Loss: 2.8382
Epoch: 1, Batch: 890, Acc: 26.08%, Loss: 2.7737
Epoch: 1, Batch: 900, Acc: 26.18%, Loss: 2.7817
Epoch: 1, Batch: 910, Acc: 26.23%, Loss: 2.8391
Epoch: 1, Batch: 920, Acc: 26.35%, Loss: 2.7546
Epoch: 1, Batch: 930, Acc: 26.46%, Loss: 2.7698
Epoch: 1, Batch: 940, Acc: 26.52%, Loss: 2.8032
Epoch: 1, Batch: 950, Acc: 26.63%, Loss: 2.7601
Epoch: 1, Batch: 960, Acc: 26.73%, Loss: 2.7789
Epoch: 1, Batch: 970, Acc: 26.86%, Loss: 2.7398
Epoch: 1, Batch: 980, Acc: 26.95%, Loss: 2.7343
Epoch: 1, Batch: 990, Acc: 27.01%, Loss: 2.7713
Epoch: 1, Batch: 1000, Acc: 27.08%, Loss: 2.7595
Epoch: 1, Batch: 1010, Acc: 27.17%, Loss: 2.7426
Epoch: 1, Batch: 1020, Acc: 27.27%, Loss: 2.7294
Epoch: 1, Batch: 1030, Acc: 27.35%, Loss: 2.7535
Epoch: 1, Batch: 1040, Acc: 27.42%, Loss: 2.7560
Epoch: 1, Batch: 1050, Acc: 27.52%, Loss: 2.7339
Epoch: 1, Batch: 1060, Acc: 27.60%, Loss: 2.7567
Epoch: 1, Batch: 1070, Acc: 27.66%, Loss: 2.7498
Epoch: 1, Batch: 1080, Acc: 27.75%, Loss: 2.7504
Epoch: 1, Batch: 1090, Acc: 27.80%, Loss: 2.7676
Epoch: 1, Batch: 1100, Acc: 27.89%, Loss: 2.7467
Epoch: 1, Batch: 1110, Acc: 27.97%, Loss: 2.6999
Epoch: 1, Batch: 1120, Acc: 28.04%, Loss: 2.7407
Epoch: 1, Batch: 1130, Acc: 28.14%, Loss: 2.7225
Epoch: 1, Batch: 1140, Acc: 28.22%, Loss: 2.7100
Epoch: 1, Batch: 1150, Acc: 28.29%, Loss: 2.7097
Epoch: 1, Batch: 1160, Acc: 28.36%, Loss: 2.7367
Epoch: 1, Batch: 1170, Acc: 28.45%, Loss: 2.7203
Epoch: 1, Batch: 1180, Acc: 28.51%, Loss: 2.7129
Epoch: 1, Batch: 1190, Acc: 28.62%, Loss: 2.6846
Epoch: 1, Batch: 1200, Acc: 28.70%, Loss: 2.7210
Epoch: 1, Batch: 1210, Acc: 28.74%, Loss: 2.7253
Epoch: 1, Batch: 1220, Acc: 28.80%, Loss: 2.7226
Epoch: 1, Batch: 1230, Acc: 28.89%, Loss: 2.7095
Epoch: 1, Batch: 1240, Acc: 28.94%, Loss: 2.7311
Epoch: 1, Batch: 1250, Acc: 28.99%, Loss: 2.7498
Epoch: 1, Batch: 1260, Acc: 29.06%, Loss: 2.6989
Epoch: 1, Batch: 1270, Acc: 29.12%, Loss: 2.7211
Epoch: 1, Batch: 1280, Acc: 29.18%, Loss: 2.7305
Epoch: 1, Batch: 1290, Acc: 29.27%, Loss: 2.6578
Epoch: 1, Batch: 1300, Acc: 29.32%, Loss: 2.7054
Epoch: 1, Batch: 1310, Acc: 29.40%, Loss: 2.7114
Epoch: 1, Batch: 1320, Acc: 29.46%, Loss: 2.7223
Epoch: 1, Batch: 1330, Acc: 29.53%, Loss: 2.6823
Epoch: 1, Batch: 1340, Acc: 29.58%, Loss: 2.7306
Epoch: 1, Batch: 1350, Acc: 29.64%, Loss: 2.7295
Epoch: 1, Batch: 1360, Acc: 29.69%, Loss: 2.6914
Epoch: 1, Batch: 1370, Acc: 29.78%, Loss: 2.6720
Epoch: 1, Batch: 1380, Acc: 29.83%, Loss: 2.6964
Epoch: 1, Batch: 1390, Acc: 29.89%, Loss: 2.6854
Epoch: 1, Batch: 1400, Acc: 29.94%, Loss: 2.6901
Epoch: 1, Batch: 1410, Acc: 29.99%, Loss: 2.6899
Epoch: 1, Batch: 1420, Acc: 30.06%, Loss: 2.6486
Epoch: 1, Batch: 1430, Acc: 30.13%, Loss: 2.6415
Epoch: 1, Batch: 1440, Acc: 30.21%, Loss: 2.6389
Epoch: 1, Batch: 1450, Acc: 30.28%, Loss: 2.6600
Epoch: 1, Batch: 1460, Acc: 30.35%, Loss: 2.6087
Epoch: 1, Batch: 1470, Acc: 30.39%, Loss: 2.7136
Epoch: 1, Batch: 1480, Acc: 30.45%, Loss: 2.6517
Epoch: 1, Batch: 1490, Acc: 30.51%, Loss: 2.6516
Epoch: 1, Batch: 1500, Acc: 30.57%, Loss: 2.6519
Epoch: 1, Batch: 1510, Acc: 30.62%, Loss: 2.6540
Epoch: 1, Batch: 1520, Acc: 30.67%, Loss: 2.6304
Epoch: 1, Batch: 1530, Acc: 30.74%, Loss: 2.6251
Epoch: 1, Batch: 1540, Acc: 30.79%, Loss: 2.6459
Epoch: 1, Batch: 1550, Acc: 30.84%, Loss: 2.6571
Epoch: 1, Batch: 1560, Acc: 30.90%, Loss: 2.6642
Epoch: 1, Batch: 1570, Acc: 30.96%, Loss: 2.6117
Epoch: 1, Batch: 1580, Acc: 31.03%, Loss: 2.6146
Epoch: 1, Batch: 1590, Acc: 31.10%, Loss: 2.6280
Epoch: 1, Batch: 1600, Acc: 31.17%, Loss: 2.6298
Epoch: 1, Batch: 1610, Acc: 31.21%, Loss: 2.6646
Epoch: 1, Batch: 1620, Acc: 31.26%, Loss: 2.6669
Epoch: 1, Batch: 1630, Acc: 31.29%, Loss: 2.6548
Epoch: 1, Batch: 1640, Acc: 31.33%, Loss: 2.6405
Epoch: 1, Batch: 1650, Acc: 31.37%, Loss: 2.6327
Epoch: 1, Batch: 1660, Acc: 31.43%, Loss: 2.6520
Epoch: 1, Batch: 1670, Acc: 31.50%, Loss: 2.6282
Epoch: 1, Batch: 1680, Acc: 31.56%, Loss: 2.5966
Epoch: 1, Batch: 1690, Acc: 31.61%, Loss: 2.5945
Epoch: 1, Batch: 1700, Acc: 31.66%, Loss: 2.6111
Epoch: 1, Batch: 1710, Acc: 31.69%, Loss: 2.6411
Epoch: 1, Batch: 1720, Acc: 31.74%, Loss: 2.6355
Epoch: 1, Batch: 1730, Acc: 31.79%, Loss: 2.6093
Epoch: 1, Batch: 1740, Acc: 31.85%, Loss: 2.6087
Epoch: 1, Batch: 1750, Acc: 31.88%, Loss: 2.6769
Epoch: 1, Batch: 1760, Acc: 31.93%, Loss: 2.5972
Epoch: 1, Batch: 1770, Acc: 31.98%, Loss: 2.5992
Epoch: 1, Batch: 1780, Acc: 32.05%, Loss: 2.6176
Epoch: 1, Batch: 1790, Acc: 32.08%, Loss: 2.6274
Epoch: 1, Batch: 1800, Acc: 32.13%, Loss: 2.6276
Epoch: 1, Batch: 1810, Acc: 32.19%, Loss: 2.5789
Epoch: 1, Batch: 1820, Acc: 32.26%, Loss: 2.6122
Epoch: 1, Batch: 1830, Acc: 32.33%, Loss: 2.5758
Epoch: 1, Batch: 1840, Acc: 32.39%, Loss: 2.5919
Epoch: 1, Batch: 1850, Acc: 32.44%, Loss: 2.6138
Epoch: 1, Batch: 1860, Acc: 32.49%, Loss: 2.6024
Epoch: 1, Batch: 1870, Acc: 32.55%, Loss: 2.5602
Epoch: 1, Batch: 1880, Acc: 32.60%, Loss: 2.5834
Epoch: 1, Batch: 1890, Acc: 32.67%, Loss: 2.5797
Epoch: 1, Batch: 1900, Acc: 32.74%, Loss: 2.5575
Epoch: 1, Batch: 1910, Acc: 32.77%, Loss: 2.6330
Epoch: 1, Batch: 1920, Acc: 32.81%, Loss: 2.6055
Epoch: 1, Batch: 1930, Acc: 32.86%, Loss: 2.5725
Epoch: 1, Batch: 1940, Acc: 32.92%, Loss: 2.5884
Epoch: 1, Batch: 1950, Acc: 32.96%, Loss: 2.6535
Epoch: 1, Batch: 1960, Acc: 33.02%, Loss: 2.5765
Epoch: 1, Batch: 1970, Acc: 33.06%, Loss: 2.5936
Epoch: 1, Batch: 1980, Acc: 33.11%, Loss: 2.5931
Epoch: 1, Batch: 1990, Acc: 33.16%, Loss: 2.5624
Epoch: 1, Batch: 2000, Acc: 33.21%, Loss: 2.5580
Epoch: 1, Batch: 2010, Acc: 33.27%, Loss: 2.5632
Epoch: 1, Batch: 2020, Acc: 33.32%, Loss: 2.5625
Epoch: 1, Batch: 2030, Acc: 33.37%, Loss: 2.5727
Epoch: 1, Batch: 2040, Acc: 33.42%, Loss: 2.5456
Epoch: 1, Batch: 2050, Acc: 33.46%, Loss: 2.5771
Epoch: 1, Batch: 2060, Acc: 33.50%, Loss: 2.5587
Epoch: 1, Batch: 2070, Acc: 33.56%, Loss: 2.5417
Epoch: 1, Batch: 2080, Acc: 33.60%, Loss: 2.5414
Epoch: 1, Batch: 2090, Acc: 33.65%, Loss: 2.5751
Epoch: 1, Batch: 2100, Acc: 33.72%, Loss: 2.5228
Epoch: 1, Batch: 2110, Acc: 33.77%, Loss: 2.5329
Epoch: 1, Batch: 2120, Acc: 33.80%, Loss: 2.5880
Epoch: 1, Batch: 2130, Acc: 33.85%, Loss: 2.5634
Epoch: 1, Batch: 2140, Acc: 33.89%, Loss: 2.5634
Epoch: 1, Batch: 2150, Acc: 33.94%, Loss: 2.5577
Epoch: 1, Batch: 2160, Acc: 33.98%, Loss: 2.5561
Epoch: 1, Batch: 2170, Acc: 34.03%, Loss: 2.5334
Epoch: 1, Batch: 2180, Acc: 34.08%, Loss: 2.5345
Epoch: 1, Batch: 2190, Acc: 34.10%, Loss: 2.5673
Epoch: 1, Batch: 2200, Acc: 34.14%, Loss: 2.5858
Epoch: 1, Batch: 2210, Acc: 34.20%, Loss: 2.5256
Epoch: 1, Batch: 2220, Acc: 34.24%, Loss: 2.5678
Epoch: 1, Batch: 2230, Acc: 34.30%, Loss: 2.5224
Epoch: 1, Batch: 2240, Acc: 34.35%, Loss: 2.5532
Epoch: 1, Batch: 2250, Acc: 34.40%, Loss: 2.5110
Epoch: 1, Batch: 2260, Acc: 34.45%, Loss: 2.5138
Epoch: 1, Batch: 2270, Acc: 34.51%, Loss: 2.5151
Epoch: 1, Batch: 2280, Acc: 34.55%, Loss: 2.5326
Epoch: 1, Batch: 2290, Acc: 34.60%, Loss: 2.5365
Epoch: 1, Batch: 2300, Acc: 34.64%, Loss: 2.5529
Epoch: 1, Batch: 2310, Acc: 34.69%, Loss: 2.5204
Epoch: 1, Batch: 2320, Acc: 34.74%, Loss: 2.4947
Epoch: 1, Batch: 2330, Acc: 34.77%, Loss: 2.5435
Epoch: 1, Batch: 2340, Acc: 34.81%, Loss: 2.5224
Epoch: 1, Batch: 2350, Acc: 34.86%, Loss: 2.5329
Epoch: 1, Batch: 2360, Acc: 34.91%, Loss: 2.5299
Epoch: 1, Batch: 2370, Acc: 34.94%, Loss: 2.5741
Epoch: 1, Batch: 2380, Acc: 34.99%, Loss: 2.5273
Epoch: 1, Batch: 2390, Acc: 35.02%, Loss: 2.5027
Epoch: 1, Batch: 2400, Acc: 35.06%, Loss: 2.5340
Epoch: 1, Batch: 2410, Acc: 35.10%, Loss: 2.4888
Epoch: 1, Batch: 2420, Acc: 35.15%, Loss: 2.4693
Epoch: 1, Batch: 2430, Acc: 35.18%, Loss: 2.5454
Epoch: 1, Batch: 2440, Acc: 35.21%, Loss: 2.5142
Epoch: 1, Batch: 2450, Acc: 35.25%, Loss: 2.5193
Epoch: 1, Batch: 2460, Acc: 35.29%, Loss: 2.5147
Epoch: 1, Batch: 2470, Acc: 35.32%, Loss: 2.5361
Epoch: 1, Batch: 2480, Acc: 35.35%, Loss: 2.5373
Epoch: 1, Batch: 2490, Acc: 35.38%, Loss: 2.5296
Epoch: 1, Batch: 2500, Acc: 35.41%, Loss: 2.5384
Epoch: 1, Batch: 2510, Acc: 35.46%, Loss: 2.5075
Epoch: 1, Batch: 2520, Acc: 35.49%, Loss: 2.4930
Epoch: 1, Batch: 2530, Acc: 35.54%, Loss: 2.4869
Epoch: 1, Batch: 2540, Acc: 35.57%, Loss: 2.5141
Epoch: 1, Batch: 2550, Acc: 35.60%, Loss: 2.5132
Epoch: 1, Batch: 2560, Acc: 35.65%, Loss: 2.4689
Epoch: 1, Batch: 2570, Acc: 35.70%, Loss: 2.4684
Epoch: 1, Batch: 2580, Acc: 35.76%, Loss: 2.4839
Epoch: 1, Batch: 2590, Acc: 35.78%, Loss: 2.5065
Epoch: 1, Batch: 2600, Acc: 35.83%, Loss: 2.4599
Epoch: 1, Batch: 2610, Acc: 35.86%, Loss: 2.4949
Epoch: 1, Batch: 2620, Acc: 35.90%, Loss: 2.4824
Epoch: 1, Batch: 2630, Acc: 35.94%, Loss: 2.4862
Epoch: 1, Batch: 2640, Acc: 35.98%, Loss: 2.5072
Epoch: 1, Batch: 2650, Acc: 36.02%, Loss: 2.4959
Epoch: 1, Batch: 2660, Acc: 36.07%, Loss: 2.5070
Epoch: 1, Batch: 2670, Acc: 36.11%, Loss: 2.4802
Epoch: 1, Batch: 2680, Acc: 36.15%, Loss: 2.4862
Epoch: 1, Batch: 2690, Acc: 36.20%, Loss: 2.4751
Epoch: 1, Batch: 2700, Acc: 36.25%, Loss: 2.4595
Epoch: 1, Batch: 2710, Acc: 36.29%, Loss: 2.4738
Epoch: 1, Batch: 2720, Acc: 36.32%, Loss: 2.4694
Epoch: 1, Batch: 2730, Acc: 36.35%, Loss: 2.5124
Epoch: 1, Batch: 2740, Acc: 36.37%, Loss: 2.5239
Epoch: 1, Batch: 2750, Acc: 36.41%, Loss: 2.4775
Epoch: 1, Batch: 2760, Acc: 36.45%, Loss: 2.4648
Epoch: 1, Batch: 2770, Acc: 36.49%, Loss: 2.4746
Epoch: 1, Batch: 2780, Acc: 36.53%, Loss: 2.4681
Epoch: 1, Batch: 2790, Acc: 36.56%, Loss: 2.4642
Epoch: 1, Batch: 2800, Acc: 36.60%, Loss: 2.5142
Epoch: 1, Batch: 2810, Acc: 36.63%, Loss: 2.4671
Epoch: 1, Batch: 2820, Acc: 36.67%, Loss: 2.4677
Epoch: 1, Batch: 2830, Acc: 36.70%, Loss: 2.5104
Epoch: 1, Batch: 2840, Acc: 36.74%, Loss: 2.4711
Epoch: 1, Batch: 2850, Acc: 36.78%, Loss: 2.4758
Epoch: 1, Batch: 2860, Acc: 36.81%, Loss: 2.5193
Epoch: 1, Batch: 2870, Acc: 36.86%, Loss: 2.4886
Epoch: 1, Batch: 2880, Acc: 36.90%, Loss: 2.4667
Epoch 1: val_acc=0.4890, best_val_acc=0.4890, es_counter=0
Epoch: 2, Batch: 10, Acc: 48.28%, Loss: 2.4594
Epoch: 2, Batch: 20, Acc: 48.75%, Loss: 2.4743
Epoch: 2, Batch: 30, Acc: 48.59%, Loss: 2.4768
Epoch: 2, Batch: 40, Acc: 48.71%, Loss: 2.4787
Epoch: 2, Batch: 50, Acc: 49.09%, Loss: 2.4362
Epoch: 2, Batch: 60, Acc: 48.91%, Loss: 2.4580
Epoch: 2, Batch: 70, Acc: 48.48%, Loss: 2.4877
Epoch: 2, Batch: 80, Acc: 49.16%, Loss: 2.3957
Epoch: 2, Batch: 90, Acc: 49.29%, Loss: 2.4070
Epoch: 2, Batch: 100, Acc: 49.14%, Loss: 2.4501
Epoch: 2, Batch: 110, Acc: 49.35%, Loss: 2.4373
Epoch: 2, Batch: 120, Acc: 49.35%, Loss: 2.4458
Epoch: 2, Batch: 130, Acc: 49.41%, Loss: 2.4376
Epoch: 2, Batch: 140, Acc: 49.40%, Loss: 2.4458
Epoch: 2, Batch: 150, Acc: 49.47%, Loss: 2.4389
Epoch: 2, Batch: 160, Acc: 49.48%, Loss: 2.4672
Epoch: 2, Batch: 170, Acc: 49.16%, Loss: 2.4889
Epoch: 2, Batch: 180, Acc: 49.22%, Loss: 2.4590
Epoch: 2, Batch: 190, Acc: 49.11%, Loss: 2.4748
Epoch: 2, Batch: 200, Acc: 49.09%, Loss: 2.4714
Epoch: 2, Batch: 210, Acc: 49.00%, Loss: 2.4364
Epoch: 2, Batch: 220, Acc: 49.03%, Loss: 2.4148
Epoch: 2, Batch: 230, Acc: 48.93%, Loss: 2.4299
Epoch: 2, Batch: 240, Acc: 48.95%, Loss: 2.4420
Epoch: 2, Batch: 250, Acc: 48.98%, Loss: 2.4224
Epoch: 2, Batch: 260, Acc: 48.93%, Loss: 2.4445
Epoch: 2, Batch: 270, Acc: 48.92%, Loss: 2.4302
Epoch: 2, Batch: 280, Acc: 48.90%, Loss: 2.4390
Epoch: 2, Batch: 290, Acc: 48.94%, Loss: 2.4449
Epoch: 2, Batch: 300, Acc: 49.07%, Loss: 2.4402
Epoch: 2, Batch: 310, Acc: 49.09%, Loss: 2.4731
Epoch: 2, Batch: 320, Acc: 49.12%, Loss: 2.4069
Epoch: 2, Batch: 330, Acc: 49.07%, Loss: 2.4424
Epoch: 2, Batch: 340, Acc: 49.17%, Loss: 2.4054
Epoch: 2, Batch: 350, Acc: 49.13%, Loss: 2.4368
Epoch: 2, Batch: 360, Acc: 49.02%, Loss: 2.4608
Epoch: 2, Batch: 370, Acc: 48.94%, Loss: 2.4449
Epoch: 2, Batch: 380, Acc: 48.89%, Loss: 2.4443
Epoch: 2, Batch: 390, Acc: 48.88%, Loss: 2.4340
Epoch: 2, Batch: 400, Acc: 48.88%, Loss: 2.4509
Epoch: 2, Batch: 410, Acc: 48.86%, Loss: 2.4437
Epoch: 2, Batch: 420, Acc: 48.86%, Loss: 2.4692
Epoch: 2, Batch: 430, Acc: 48.92%, Loss: 2.4036
Epoch: 2, Batch: 440, Acc: 48.99%, Loss: 2.4288
Epoch: 2, Batch: 450, Acc: 49.04%, Loss: 2.4172
Epoch: 2, Batch: 460, Acc: 49.10%, Loss: 2.3977
Epoch: 2, Batch: 470, Acc: 49.10%, Loss: 2.4329
Epoch: 2, Batch: 480, Acc: 49.13%, Loss: 2.4323
Epoch: 2, Batch: 490, Acc: 49.16%, Loss: 2.4031
Epoch: 2, Batch: 500, Acc: 49.19%, Loss: 2.4045
Epoch: 2, Batch: 510, Acc: 49.19%, Loss: 2.4212
Epoch: 2, Batch: 520, Acc: 49.19%, Loss: 2.3842
Epoch: 2, Batch: 530, Acc: 49.20%, Loss: 2.4213
Epoch: 2, Batch: 540, Acc: 49.17%, Loss: 2.4263
Epoch: 2, Batch: 550, Acc: 49.20%, Loss: 2.4070
Epoch: 2, Batch: 560, Acc: 49.27%, Loss: 2.4071
Epoch: 2, Batch: 570, Acc: 49.31%, Loss: 2.4020
Epoch: 2, Batch: 580, Acc: 49.35%, Loss: 2.3938
Epoch: 2, Batch: 590, Acc: 49.35%, Loss: 2.4416
Epoch: 2, Batch: 600, Acc: 49.42%, Loss: 2.3743
Epoch: 2, Batch: 610, Acc: 49.39%, Loss: 2.4592
Epoch: 2, Batch: 620, Acc: 49.42%, Loss: 2.3672
Epoch: 2, Batch: 630, Acc: 49.44%, Loss: 2.4112
Epoch: 2, Batch: 640, Acc: 49.48%, Loss: 2.4197
Epoch: 2, Batch: 650, Acc: 49.52%, Loss: 2.4274
Epoch: 2, Batch: 660, Acc: 49.56%, Loss: 2.3965
Epoch: 2, Batch: 670, Acc: 49.59%, Loss: 2.4303
Epoch: 2, Batch: 680, Acc: 49.65%, Loss: 2.3988
Epoch: 2, Batch: 690, Acc: 49.69%, Loss: 2.4247
Epoch: 2, Batch: 700, Acc: 49.66%, Loss: 2.4365
Epoch: 2, Batch: 710, Acc: 49.68%, Loss: 2.3864
Epoch: 2, Batch: 720, Acc: 49.65%, Loss: 2.4397
Epoch: 2, Batch: 730, Acc: 49.71%, Loss: 2.3828
Epoch: 2, Batch: 740, Acc: 49.74%, Loss: 2.4066
Epoch: 2, Batch: 750, Acc: 49.76%, Loss: 2.3720
Epoch: 2, Batch: 760, Acc: 49.77%, Loss: 2.4132
Epoch: 2, Batch: 770, Acc: 49.78%, Loss: 2.4002
Epoch: 2, Batch: 780, Acc: 49.79%, Loss: 2.3802
Epoch: 2, Batch: 790, Acc: 49.80%, Loss: 2.4308
Epoch: 2, Batch: 800, Acc: 49.90%, Loss: 2.3453
Epoch: 2, Batch: 810, Acc: 49.91%, Loss: 2.3750
Epoch: 2, Batch: 820, Acc: 49.98%, Loss: 2.3442
Epoch: 2, Batch: 830, Acc: 49.99%, Loss: 2.3798
Epoch: 2, Batch: 840, Acc: 50.04%, Loss: 2.3799
Epoch: 2, Batch: 850, Acc: 50.02%, Loss: 2.4429
Epoch: 2, Batch: 860, Acc: 49.99%, Loss: 2.4225
Epoch: 2, Batch: 870, Acc: 50.03%, Loss: 2.3881
Epoch: 2, Batch: 880, Acc: 50.04%, Loss: 2.4047
Epoch: 2, Batch: 890, Acc: 50.11%, Loss: 2.3634
Epoch: 2, Batch: 900, Acc: 50.15%, Loss: 2.3802
Epoch: 2, Batch: 910, Acc: 50.15%, Loss: 2.4300
Epoch: 2, Batch: 920, Acc: 50.19%, Loss: 2.3804
Epoch: 2, Batch: 930, Acc: 50.23%, Loss: 2.3701
Epoch: 2, Batch: 940, Acc: 50.27%, Loss: 2.3354
Epoch: 2, Batch: 950, Acc: 50.26%, Loss: 2.4367
Epoch: 2, Batch: 960, Acc: 50.30%, Loss: 2.3639
Epoch: 2, Batch: 970, Acc: 50.33%, Loss: 2.3742
Epoch: 2, Batch: 980, Acc: 50.36%, Loss: 2.3753
Epoch: 2, Batch: 990, Acc: 50.42%, Loss: 2.3768
Epoch: 2, Batch: 1000, Acc: 50.44%, Loss: 2.3945
Epoch: 2, Batch: 1010, Acc: 50.47%, Loss: 2.3711
Epoch: 2, Batch: 1020, Acc: 50.48%, Loss: 2.3804
Epoch: 2, Batch: 1030, Acc: 50.51%, Loss: 2.3310
Epoch: 2, Batch: 1040, Acc: 50.52%, Loss: 2.3767
Epoch: 2, Batch: 1050, Acc: 50.50%, Loss: 2.3917
Epoch: 2, Batch: 1060, Acc: 50.55%, Loss: 2.3375
Epoch: 2, Batch: 1070, Acc: 50.54%, Loss: 2.4400
Epoch: 2, Batch: 1080, Acc: 50.55%, Loss: 2.3565
Epoch: 2, Batch: 1090, Acc: 50.57%, Loss: 2.3546
Epoch: 2, Batch: 1100, Acc: 50.59%, Loss: 2.3665
Epoch: 2, Batch: 1110, Acc: 50.61%, Loss: 2.3558
Epoch: 2, Batch: 1120, Acc: 50.62%, Loss: 2.3681
Epoch: 2, Batch: 1130, Acc: 50.64%, Loss: 2.3421
Epoch: 2, Batch: 1140, Acc: 50.64%, Loss: 2.3867
Epoch: 2, Batch: 1150, Acc: 50.65%, Loss: 2.3343
Epoch: 2, Batch: 1160, Acc: 50.66%, Loss: 2.3564
Epoch: 2, Batch: 1170, Acc: 50.68%, Loss: 2.3874
Epoch: 2, Batch: 1180, Acc: 50.69%, Loss: 2.3710
Epoch: 2, Batch: 1190, Acc: 50.70%, Loss: 2.3448
Epoch: 2, Batch: 1200, Acc: 50.73%, Loss: 2.3524
Epoch: 2, Batch: 1210, Acc: 50.76%, Loss: 2.3724
Epoch: 2, Batch: 1220, Acc: 50.77%, Loss: 2.3582
Epoch: 2, Batch: 1230, Acc: 50.80%, Loss: 2.3294
Epoch: 2, Batch: 1240, Acc: 50.78%, Loss: 2.3682
Epoch: 2, Batch: 1250, Acc: 50.76%, Loss: 2.4274
Epoch: 2, Batch: 1260, Acc: 50.77%, Loss: 2.3179
Epoch: 2, Batch: 1270, Acc: 50.77%, Loss: 2.3415
Epoch: 2, Batch: 1280, Acc: 50.81%, Loss: 2.3348
Epoch: 2, Batch: 1290, Acc: 50.82%, Loss: 2.3623
Epoch: 2, Batch: 1300, Acc: 50.84%, Loss: 2.3592
Epoch: 2, Batch: 1310, Acc: 50.89%, Loss: 2.3438
Epoch: 2, Batch: 1320, Acc: 50.89%, Loss: 2.3635
Epoch: 2, Batch: 1330, Acc: 50.91%, Loss: 2.3207
Epoch: 2, Batch: 1340, Acc: 50.91%, Loss: 2.3542
Epoch: 2, Batch: 1350, Acc: 50.91%, Loss: 2.3412
Epoch: 2, Batch: 1360, Acc: 50.93%, Loss: 2.3529
Epoch: 2, Batch: 1370, Acc: 50.94%, Loss: 2.3287
Epoch: 2, Batch: 1380, Acc: 50.95%, Loss: 2.3309
Epoch: 2, Batch: 1390, Acc: 50.97%, Loss: 2.3437
Epoch: 2, Batch: 1400, Acc: 50.97%, Loss: 2.3732
Epoch: 2, Batch: 1410, Acc: 51.00%, Loss: 2.3276
Epoch: 2, Batch: 1420, Acc: 51.00%, Loss: 2.3499
Epoch: 2, Batch: 1430, Acc: 51.03%, Loss: 2.3435
Epoch: 2, Batch: 1440, Acc: 51.03%, Loss: 2.3533
Epoch: 2, Batch: 1450, Acc: 51.06%, Loss: 2.3533
Epoch: 2, Batch: 1460, Acc: 51.06%, Loss: 2.3254
Epoch: 2, Batch: 1470, Acc: 51.09%, Loss: 2.3389
Epoch: 2, Batch: 1480, Acc: 51.08%, Loss: 2.4085
Epoch: 2, Batch: 1490, Acc: 51.09%, Loss: 2.3620
Epoch: 2, Batch: 1500, Acc: 51.11%, Loss: 2.2901
Epoch: 2, Batch: 1510, Acc: 51.13%, Loss: 2.3577
Epoch: 2, Batch: 1520, Acc: 51.13%, Loss: 2.3260
Epoch: 2, Batch: 1530, Acc: 51.15%, Loss: 2.3343
Epoch: 2, Batch: 1540, Acc: 51.16%, Loss: 2.3487
Epoch: 2, Batch: 1550, Acc: 51.17%, Loss: 2.3332
Epoch: 2, Batch: 1560, Acc: 51.20%, Loss: 2.3165
Epoch: 2, Batch: 1570, Acc: 51.22%, Loss: 2.3139
Epoch: 2, Batch: 1580, Acc: 51.23%, Loss: 2.3221
Epoch: 2, Batch: 1590, Acc: 51.27%, Loss: 2.2642
Epoch: 2, Batch: 1600, Acc: 51.27%, Loss: 2.3478
Epoch: 2, Batch: 1610, Acc: 51.26%, Loss: 2.3477
Epoch: 2, Batch: 1620, Acc: 51.25%, Loss: 2.3625
Epoch: 2, Batch: 1630, Acc: 51.27%, Loss: 2.3210
Epoch: 2, Batch: 1640, Acc: 51.30%, Loss: 2.3125
Epoch: 2, Batch: 1650, Acc: 51.32%, Loss: 2.3576
Epoch: 2, Batch: 1660, Acc: 51.34%, Loss: 2.3010
Epoch: 2, Batch: 1670, Acc: 51.37%, Loss: 2.3108
Epoch: 2, Batch: 1680, Acc: 51.38%, Loss: 2.3408
Epoch: 2, Batch: 1690, Acc: 51.39%, Loss: 2.3289
Epoch: 2, Batch: 1700, Acc: 51.40%, Loss: 2.3199
Epoch: 2, Batch: 1710, Acc: 51.43%, Loss: 2.2980
Epoch: 2, Batch: 1720, Acc: 51.43%, Loss: 2.3558
Epoch: 2, Batch: 1730, Acc: 51.45%, Loss: 2.3194
Epoch: 2, Batch: 1740, Acc: 51.47%, Loss: 2.3203
Epoch: 2, Batch: 1750, Acc: 51.45%, Loss: 2.3577
Epoch: 2, Batch: 1760, Acc: 51.46%, Loss: 2.3571
Epoch: 2, Batch: 1770, Acc: 51.48%, Loss: 2.2891
Epoch: 2, Batch: 1780, Acc: 51.51%, Loss: 2.2922
Epoch: 2, Batch: 1790, Acc: 51.52%, Loss: 2.3118
Epoch: 2, Batch: 1800, Acc: 51.51%, Loss: 2.3630
Epoch: 2, Batch: 1810, Acc: 51.54%, Loss: 2.3044
Epoch: 2, Batch: 1820, Acc: 51.55%, Loss: 2.3210
Epoch: 2, Batch: 1830, Acc: 51.56%, Loss: 2.2973
Epoch: 2, Batch: 1840, Acc: 51.58%, Loss: 2.3005
Epoch: 2, Batch: 1850, Acc: 51.59%, Loss: 2.3014
Epoch: 2, Batch: 1860, Acc: 51.60%, Loss: 2.3061
Epoch: 2, Batch: 1870, Acc: 51.59%, Loss: 2.3342
Epoch: 2, Batch: 1880, Acc: 51.61%, Loss: 2.2806
Epoch: 2, Batch: 1890, Acc: 51.61%, Loss: 2.3288
Epoch: 2, Batch: 1900, Acc: 51.63%, Loss: 2.3181
Epoch: 2, Batch: 1910, Acc: 51.64%, Loss: 2.3198
Epoch: 2, Batch: 1920, Acc: 51.65%, Loss: 2.3164
Epoch: 2, Batch: 1930, Acc: 51.66%, Loss: 2.2805
Epoch: 2, Batch: 1940, Acc: 51.67%, Loss: 2.3055
Epoch: 2, Batch: 1950, Acc: 51.68%, Loss: 2.3078
Epoch: 2, Batch: 1960, Acc: 51.68%, Loss: 2.3193
Epoch: 2, Batch: 1970, Acc: 51.68%, Loss: 2.3077
Epoch: 2, Batch: 1980, Acc: 51.67%, Loss: 2.3408
Epoch: 2, Batch: 1990, Acc: 51.70%, Loss: 2.2353
Epoch: 2, Batch: 2000, Acc: 51.72%, Loss: 2.3134
Epoch: 2, Batch: 2010, Acc: 51.74%, Loss: 2.2694
Epoch: 2, Batch: 2020, Acc: 51.75%, Loss: 2.3045
Epoch: 2, Batch: 2030, Acc: 51.77%, Loss: 2.2977
Epoch: 2, Batch: 2040, Acc: 51.78%, Loss: 2.2860
Epoch: 2, Batch: 2050, Acc: 51.79%, Loss: 2.3015
Epoch: 2, Batch: 2060, Acc: 51.80%, Loss: 2.2694
Epoch: 2, Batch: 2070, Acc: 51.81%, Loss: 2.2865
Epoch: 2, Batch: 2080, Acc: 51.83%, Loss: 2.2975
Epoch: 2, Batch: 2090, Acc: 51.85%, Loss: 2.2776
Epoch: 2, Batch: 2100, Acc: 51.85%, Loss: 2.3106
Epoch: 2, Batch: 2110, Acc: 51.85%, Loss: 2.2901
Epoch: 2, Batch: 2120, Acc: 51.87%, Loss: 2.2932
Epoch: 2, Batch: 2130, Acc: 51.86%, Loss: 2.3403
Epoch: 2, Batch: 2140, Acc: 51.88%, Loss: 2.2685
Epoch: 2, Batch: 2150, Acc: 51.88%, Loss: 2.2899
Epoch: 2, Batch: 2160, Acc: 51.89%, Loss: 2.2874
Epoch: 2, Batch: 2170, Acc: 51.91%, Loss: 2.2904
Epoch: 2, Batch: 2180, Acc: 51.90%, Loss: 2.3506
Epoch: 2, Batch: 2190, Acc: 51.90%, Loss: 2.2866
Epoch: 2, Batch: 2200, Acc: 51.92%, Loss: 2.2831
Epoch: 2, Batch: 2210, Acc: 51.93%, Loss: 2.2497
Epoch: 2, Batch: 2220, Acc: 51.95%, Loss: 2.3162
Epoch: 2, Batch: 2230, Acc: 51.96%, Loss: 2.2588
Epoch: 2, Batch: 2240, Acc: 51.96%, Loss: 2.2890
Epoch: 2, Batch: 2250, Acc: 51.98%, Loss: 2.2800
Epoch: 2, Batch: 2260, Acc: 51.99%, Loss: 2.3487
Epoch: 2, Batch: 2270, Acc: 52.00%, Loss: 2.3098
Epoch: 2, Batch: 2280, Acc: 52.02%, Loss: 2.2499
Epoch: 2, Batch: 2290, Acc: 52.02%, Loss: 2.3036
Epoch: 2, Batch: 2300, Acc: 52.04%, Loss: 2.2668
Epoch: 2, Batch: 2310, Acc: 52.04%, Loss: 2.3157
Epoch: 2, Batch: 2320, Acc: 52.04%, Loss: 2.3193
Epoch: 2, Batch: 2330, Acc: 52.04%, Loss: 2.3064
Epoch: 2, Batch: 2340, Acc: 52.05%, Loss: 2.3109
Epoch: 2, Batch: 2350, Acc: 52.05%, Loss: 2.3025
Epoch: 2, Batch: 2360, Acc: 52.06%, Loss: 2.3226
Epoch: 2, Batch: 2370, Acc: 52.08%, Loss: 2.2988
Epoch: 2, Batch: 2380, Acc: 52.09%, Loss: 2.2859
Epoch: 2, Batch: 2390, Acc: 52.11%, Loss: 2.2815
Epoch: 2, Batch: 2400, Acc: 52.12%, Loss: 2.2920
Epoch: 2, Batch: 2410, Acc: 52.12%, Loss: 2.3135
Epoch: 2, Batch: 2420, Acc: 52.13%, Loss: 2.2970
Epoch: 2, Batch: 2430, Acc: 52.14%, Loss: 2.2503
Epoch: 2, Batch: 2440, Acc: 52.15%, Loss: 2.3128
Epoch: 2, Batch: 2450, Acc: 52.16%, Loss: 2.2760
Epoch: 2, Batch: 2460, Acc: 52.18%, Loss: 2.2738
Epoch: 2, Batch: 2470, Acc: 52.19%, Loss: 2.3027
Epoch: 2, Batch: 2480, Acc: 52.22%, Loss: 2.2642
Epoch: 2, Batch: 2490, Acc: 52.23%, Loss: 2.2809
Epoch: 2, Batch: 2500, Acc: 52.25%, Loss: 2.2519
Epoch: 2, Batch: 2510, Acc: 52.26%, Loss: 2.2698
Epoch: 2, Batch: 2520, Acc: 52.27%, Loss: 2.2595
Epoch: 2, Batch: 2530, Acc: 52.28%, Loss: 2.2745
Epoch: 2, Batch: 2540, Acc: 52.29%, Loss: 2.3080
Epoch: 2, Batch: 2550, Acc: 52.30%, Loss: 2.2703
Epoch: 2, Batch: 2560, Acc: 52.32%, Loss: 2.2521
Epoch: 2, Batch: 2570, Acc: 52.34%, Loss: 2.2544
Epoch: 2, Batch: 2580, Acc: 52.36%, Loss: 2.2726
Epoch: 2, Batch: 2590, Acc: 52.36%, Loss: 2.2938
Epoch: 2, Batch: 2600, Acc: 52.37%, Loss: 2.3050
Epoch: 2, Batch: 2610, Acc: 52.37%, Loss: 2.2565
Epoch: 2, Batch: 2620, Acc: 52.38%, Loss: 2.2823
Epoch: 2, Batch: 2630, Acc: 52.39%, Loss: 2.2774
Epoch: 2, Batch: 2640, Acc: 52.41%, Loss: 2.2246
Epoch: 2, Batch: 2650, Acc: 52.41%, Loss: 2.2764
Epoch: 2, Batch: 2660, Acc: 52.41%, Loss: 2.2667
Epoch: 2, Batch: 2670, Acc: 52.43%, Loss: 2.2565
Epoch: 2, Batch: 2680, Acc: 52.44%, Loss: 2.2807
Epoch: 2, Batch: 2690, Acc: 52.46%, Loss: 2.2524
Epoch: 2, Batch: 2700, Acc: 52.46%, Loss: 2.2997
Epoch: 2, Batch: 2710, Acc: 52.46%, Loss: 2.2598
Epoch: 2, Batch: 2720, Acc: 52.47%, Loss: 2.2864
Epoch: 2, Batch: 2730, Acc: 52.47%, Loss: 2.2588
Epoch: 2, Batch: 2740, Acc: 52.48%, Loss: 2.2729
Epoch: 2, Batch: 2750, Acc: 52.48%, Loss: 2.2917
Epoch: 2, Batch: 2760, Acc: 52.49%, Loss: 2.2444
Epoch: 2, Batch: 2770, Acc: 52.51%, Loss: 2.2148
Epoch: 2, Batch: 2780, Acc: 52.52%, Loss: 2.2761
Epoch: 2, Batch: 2790, Acc: 52.52%, Loss: 2.2548
Epoch: 2, Batch: 2800, Acc: 52.54%, Loss: 2.2676
Epoch: 2, Batch: 2810, Acc: 52.55%, Loss: 2.2679
Epoch: 2, Batch: 2820, Acc: 52.57%, Loss: 2.2227
Epoch: 2, Batch: 2830, Acc: 52.58%, Loss: 2.2711
Epoch: 2, Batch: 2840, Acc: 52.58%, Loss: 2.2724
Epoch: 2, Batch: 2850, Acc: 52.60%, Loss: 2.2345
Epoch: 2, Batch: 2860, Acc: 52.61%, Loss: 2.2228
Epoch: 2, Batch: 2870, Acc: 52.61%, Loss: 2.2574
Epoch: 2, Batch: 2880, Acc: 52.62%, Loss: 2.2548
Epoch 2: val_acc=0.5649, best_val_acc=0.5649, es_counter=0
Epoch: 3, Batch: 10, Acc: 56.09%, Loss: 2.2713
Epoch: 3, Batch: 20, Acc: 54.92%, Loss: 2.2720
Epoch: 3, Batch: 30, Acc: 55.31%, Loss: 2.2633
Epoch: 3, Batch: 40, Acc: 55.43%, Loss: 2.2576
Epoch: 3, Batch: 50, Acc: 55.84%, Loss: 2.2430
Epoch: 3, Batch: 60, Acc: 56.02%, Loss: 2.2577
Epoch: 3, Batch: 70, Acc: 55.98%, Loss: 2.2333
Epoch: 3, Batch: 80, Acc: 55.92%, Loss: 2.2798
Epoch: 3, Batch: 90, Acc: 56.04%, Loss: 2.2290
Epoch: 3, Batch: 100, Acc: 56.16%, Loss: 2.2245
Epoch: 3, Batch: 110, Acc: 56.02%, Loss: 2.2255
Epoch: 3, Batch: 120, Acc: 56.26%, Loss: 2.2275
Epoch: 3, Batch: 130, Acc: 56.30%, Loss: 2.2390
Epoch: 3, Batch: 140, Acc: 56.14%, Loss: 2.2868
Epoch: 3, Batch: 150, Acc: 55.80%, Loss: 2.3248
Epoch: 3, Batch: 160, Acc: 55.77%, Loss: 2.2698
Epoch: 3, Batch: 170, Acc: 55.73%, Loss: 2.2968
Epoch: 3, Batch: 180, Acc: 55.91%, Loss: 2.2216
Epoch: 3, Batch: 190, Acc: 55.95%, Loss: 2.2873
Epoch: 3, Batch: 200, Acc: 55.99%, Loss: 2.2227
Epoch: 3, Batch: 210, Acc: 56.09%, Loss: 2.2129
Epoch: 3, Batch: 220, Acc: 56.12%, Loss: 2.2305
Epoch: 3, Batch: 230, Acc: 56.20%, Loss: 2.2518
Epoch: 3, Batch: 240, Acc: 56.17%, Loss: 2.2355
Epoch: 3, Batch: 250, Acc: 56.09%, Loss: 2.2545
Epoch: 3, Batch: 260, Acc: 56.00%, Loss: 2.2733
Epoch: 3, Batch: 270, Acc: 56.01%, Loss: 2.2369
Epoch: 3, Batch: 280, Acc: 56.04%, Loss: 2.1928
Epoch: 3, Batch: 290, Acc: 56.02%, Loss: 2.2479
Epoch: 3, Batch: 300, Acc: 55.99%, Loss: 2.2402
Epoch: 3, Batch: 310, Acc: 55.99%, Loss: 2.2333
Epoch: 3, Batch: 320, Acc: 55.93%, Loss: 2.2360
Epoch: 3, Batch: 330, Acc: 55.97%, Loss: 2.2205
Epoch: 3, Batch: 340, Acc: 55.92%, Loss: 2.2546
Epoch: 3, Batch: 350, Acc: 55.87%, Loss: 2.2616
Epoch: 3, Batch: 360, Acc: 55.95%, Loss: 2.2110
Epoch: 3, Batch: 370, Acc: 55.93%, Loss: 2.2366
Epoch: 3, Batch: 380, Acc: 55.86%, Loss: 2.2520
Epoch: 3, Batch: 390, Acc: 55.87%, Loss: 2.2190
Epoch: 3, Batch: 400, Acc: 55.89%, Loss: 2.2156
Epoch: 3, Batch: 410, Acc: 55.86%, Loss: 2.2606
Epoch: 3, Batch: 420, Acc: 55.83%, Loss: 2.2713
Epoch: 3, Batch: 430, Acc: 55.81%, Loss: 2.2384
Epoch: 3, Batch: 440, Acc: 55.85%, Loss: 2.2179
Epoch: 3, Batch: 450, Acc: 55.81%, Loss: 2.2566
Epoch: 3, Batch: 460, Acc: 55.73%, Loss: 2.2336
Epoch: 3, Batch: 470, Acc: 55.73%, Loss: 2.2346
Epoch: 3, Batch: 480, Acc: 55.73%, Loss: 2.2214
Epoch: 3, Batch: 490, Acc: 55.71%, Loss: 2.2275
Epoch: 3, Batch: 500, Acc: 55.71%, Loss: 2.2442
Epoch: 3, Batch: 510, Acc: 55.75%, Loss: 2.1810
Epoch: 3, Batch: 520, Acc: 55.78%, Loss: 2.2408
Epoch: 3, Batch: 530, Acc: 55.75%, Loss: 2.2431
Epoch: 3, Batch: 540, Acc: 55.76%, Loss: 2.2330
Epoch: 3, Batch: 550, Acc: 55.78%, Loss: 2.2417
Epoch: 3, Batch: 560, Acc: 55.82%, Loss: 2.2233
Epoch: 3, Batch: 570, Acc: 55.81%, Loss: 2.2237
Epoch: 3, Batch: 580, Acc: 55.86%, Loss: 2.1885
Epoch: 3, Batch: 590, Acc: 55.83%, Loss: 2.2668
Epoch: 3, Batch: 600, Acc: 55.86%, Loss: 2.2144
Epoch: 3, Batch: 610, Acc: 55.93%, Loss: 2.2076
Epoch: 3, Batch: 620, Acc: 55.94%, Loss: 2.2112
Epoch: 3, Batch: 630, Acc: 55.93%, Loss: 2.2231
Epoch: 3, Batch: 640, Acc: 55.92%, Loss: 2.2270
Epoch: 3, Batch: 650, Acc: 55.93%, Loss: 2.2382
Epoch: 3, Batch: 660, Acc: 55.93%, Loss: 2.2552
Epoch: 3, Batch: 670, Acc: 55.89%, Loss: 2.2669
Epoch: 3, Batch: 680, Acc: 55.89%, Loss: 2.2412
Epoch: 3, Batch: 690, Acc: 55.86%, Loss: 2.2253
Epoch: 3, Batch: 700, Acc: 55.88%, Loss: 2.2027
Epoch: 3, Batch: 710, Acc: 55.93%, Loss: 2.1731
Epoch: 3, Batch: 720, Acc: 55.96%, Loss: 2.1939
Epoch: 3, Batch: 730, Acc: 55.97%, Loss: 2.2404
Epoch: 3, Batch: 740, Acc: 55.95%, Loss: 2.2435
Epoch: 3, Batch: 750, Acc: 55.93%, Loss: 2.2620
Epoch: 3, Batch: 760, Acc: 55.95%, Loss: 2.2089
Epoch: 3, Batch: 770, Acc: 55.92%, Loss: 2.2510
Epoch: 3, Batch: 780, Acc: 55.96%, Loss: 2.1820
Epoch: 3, Batch: 790, Acc: 55.94%, Loss: 2.2369
Epoch: 3, Batch: 800, Acc: 55.91%, Loss: 2.2559
Epoch: 3, Batch: 810, Acc: 55.98%, Loss: 2.1905
Epoch: 3, Batch: 820, Acc: 56.01%, Loss: 2.1845
Epoch: 3, Batch: 830, Acc: 56.03%, Loss: 2.2053
Epoch: 3, Batch: 840, Acc: 56.04%, Loss: 2.1950
Epoch: 3, Batch: 850, Acc: 56.03%, Loss: 2.2307
Epoch: 3, Batch: 860, Acc: 56.05%, Loss: 2.2181
Epoch: 3, Batch: 870, Acc: 56.05%, Loss: 2.2171
Epoch: 3, Batch: 880, Acc: 56.06%, Loss: 2.2191
Epoch: 3, Batch: 890, Acc: 56.05%, Loss: 2.2286
Epoch: 3, Batch: 900, Acc: 56.07%, Loss: 2.1971
Epoch: 3, Batch: 910, Acc: 56.06%, Loss: 2.2471
Epoch: 3, Batch: 920, Acc: 56.07%, Loss: 2.1950
Epoch: 3, Batch: 930, Acc: 56.07%, Loss: 2.2412
Epoch: 3, Batch: 940, Acc: 56.08%, Loss: 2.1738
Epoch: 3, Batch: 950, Acc: 56.11%, Loss: 2.2273
Epoch: 3, Batch: 960, Acc: 56.14%, Loss: 2.1656
Epoch: 3, Batch: 970, Acc: 56.15%, Loss: 2.2064
Epoch: 3, Batch: 980, Acc: 56.14%, Loss: 2.2452
Epoch: 3, Batch: 990, Acc: 56.13%, Loss: 2.2391
Epoch: 3, Batch: 1000, Acc: 56.13%, Loss: 2.2180
Epoch: 3, Batch: 1010, Acc: 56.15%, Loss: 2.1957
Epoch: 3, Batch: 1020, Acc: 56.18%, Loss: 2.1883
Epoch: 3, Batch: 1030, Acc: 56.19%, Loss: 2.1621
Epoch: 3, Batch: 1040, Acc: 56.19%, Loss: 2.2000
Epoch: 3, Batch: 1050, Acc: 56.18%, Loss: 2.1913
Epoch: 3, Batch: 1060, Acc: 56.18%, Loss: 2.2133
Epoch: 3, Batch: 1070, Acc: 56.19%, Loss: 2.2276
Epoch: 3, Batch: 1080, Acc: 56.20%, Loss: 2.2274
Epoch: 3, Batch: 1090, Acc: 56.19%, Loss: 2.2374
Epoch: 3, Batch: 1100, Acc: 56.21%, Loss: 2.1853
Epoch: 3, Batch: 1110, Acc: 56.22%, Loss: 2.1916
Epoch: 3, Batch: 1120, Acc: 56.26%, Loss: 2.1988
Epoch: 3, Batch: 1130, Acc: 56.26%, Loss: 2.1961
Epoch: 3, Batch: 1140, Acc: 56.26%, Loss: 2.2173
Epoch: 3, Batch: 1150, Acc: 56.27%, Loss: 2.1894
Epoch: 3, Batch: 1160, Acc: 56.31%, Loss: 2.1829
Epoch: 3, Batch: 1170, Acc: 56.29%, Loss: 2.2466
Epoch: 3, Batch: 1180, Acc: 56.29%, Loss: 2.2128
Epoch: 3, Batch: 1190, Acc: 56.27%, Loss: 2.2312
Epoch: 3, Batch: 1200, Acc: 56.29%, Loss: 2.1965
Epoch: 3, Batch: 1210, Acc: 56.28%, Loss: 2.2044
Epoch: 3, Batch: 1220, Acc: 56.29%, Loss: 2.2106
Epoch: 3, Batch: 1230, Acc: 56.29%, Loss: 2.2267
Epoch: 3, Batch: 1240, Acc: 56.31%, Loss: 2.1841
Epoch: 3, Batch: 1250, Acc: 56.30%, Loss: 2.2153
Epoch: 3, Batch: 1260, Acc: 56.30%, Loss: 2.1899
Epoch: 3, Batch: 1270, Acc: 56.31%, Loss: 2.2081
Epoch: 3, Batch: 1280, Acc: 56.30%, Loss: 2.2103
Epoch: 3, Batch: 1290, Acc: 56.30%, Loss: 2.1933
Epoch: 3, Batch: 1300, Acc: 56.28%, Loss: 2.2549
Epoch: 3, Batch: 1310, Acc: 56.29%, Loss: 2.2297
Epoch: 3, Batch: 1320, Acc: 56.29%, Loss: 2.1972
Epoch: 3, Batch: 1330, Acc: 56.29%, Loss: 2.2133
Epoch: 3, Batch: 1340, Acc: 56.30%, Loss: 2.1820
Epoch: 3, Batch: 1350, Acc: 56.29%, Loss: 2.2200
Epoch: 3, Batch: 1360, Acc: 56.28%, Loss: 2.1897
Epoch: 3, Batch: 1370, Acc: 56.29%, Loss: 2.1974
Epoch: 3, Batch: 1380, Acc: 56.27%, Loss: 2.2193
Epoch: 3, Batch: 1390, Acc: 56.27%, Loss: 2.2081
Epoch: 3, Batch: 1400, Acc: 56.29%, Loss: 2.1735
Epoch: 3, Batch: 1410, Acc: 56.27%, Loss: 2.2286
Epoch: 3, Batch: 1420, Acc: 56.24%, Loss: 2.2445
Epoch: 3, Batch: 1430, Acc: 56.24%, Loss: 2.2358
Epoch: 3, Batch: 1440, Acc: 56.25%, Loss: 2.1927
Epoch: 3, Batch: 1450, Acc: 56.26%, Loss: 2.2293
Epoch: 3, Batch: 1460, Acc: 56.24%, Loss: 2.2385
Epoch: 3, Batch: 1470, Acc: 56.27%, Loss: 2.1491
Epoch: 3, Batch: 1480, Acc: 56.28%, Loss: 2.1556
Epoch: 3, Batch: 1490, Acc: 56.27%, Loss: 2.2365
Epoch: 3, Batch: 1500, Acc: 56.27%, Loss: 2.1848
Epoch: 3, Batch: 1510, Acc: 56.29%, Loss: 2.2101
Epoch: 3, Batch: 1520, Acc: 56.29%, Loss: 2.2247
Epoch: 3, Batch: 1530, Acc: 56.26%, Loss: 2.2646
Epoch: 3, Batch: 1540, Acc: 56.26%, Loss: 2.1836
Epoch: 3, Batch: 1550, Acc: 56.29%, Loss: 2.1438
Epoch: 3, Batch: 1560, Acc: 56.30%, Loss: 2.1638
Epoch: 3, Batch: 1570, Acc: 56.31%, Loss: 2.1342
Epoch: 3, Batch: 1580, Acc: 56.34%, Loss: 2.1971
Epoch: 3, Batch: 1590, Acc: 56.35%, Loss: 2.2008
Epoch: 3, Batch: 1600, Acc: 56.36%, Loss: 2.1869
Epoch: 3, Batch: 1610, Acc: 56.40%, Loss: 2.1394
Epoch: 3, Batch: 1620, Acc: 56.40%, Loss: 2.2022
Epoch: 3, Batch: 1630, Acc: 56.43%, Loss: 2.1435
Epoch: 3, Batch: 1640, Acc: 56.44%, Loss: 2.2005
Epoch: 3, Batch: 1650, Acc: 56.46%, Loss: 2.1947
Epoch: 3, Batch: 1660, Acc: 56.47%, Loss: 2.2010
Epoch: 3, Batch: 1670, Acc: 56.48%, Loss: 2.2126
Epoch: 3, Batch: 1680, Acc: 56.48%, Loss: 2.2080
Epoch: 3, Batch: 1690, Acc: 56.50%, Loss: 2.1689
Epoch: 3, Batch: 1700, Acc: 56.48%, Loss: 2.2427
Epoch: 3, Batch: 1710, Acc: 56.49%, Loss: 2.2128
Epoch: 3, Batch: 1720, Acc: 56.50%, Loss: 2.1826
Epoch: 3, Batch: 1730, Acc: 56.50%, Loss: 2.2017
Epoch: 3, Batch: 1740, Acc: 56.50%, Loss: 2.2265
Epoch: 3, Batch: 1750, Acc: 56.50%, Loss: 2.1682
Epoch: 3, Batch: 1760, Acc: 56.50%, Loss: 2.2046
Epoch: 3, Batch: 1770, Acc: 56.51%, Loss: 2.1723
Epoch: 3, Batch: 1780, Acc: 56.52%, Loss: 2.1800
Epoch: 3, Batch: 1790, Acc: 56.52%, Loss: 2.1733
Epoch: 3, Batch: 1800, Acc: 56.51%, Loss: 2.1839
Epoch: 3, Batch: 1810, Acc: 56.53%, Loss: 2.1749
Epoch: 3, Batch: 1820, Acc: 56.53%, Loss: 2.1838
Epoch: 3, Batch: 1830, Acc: 56.54%, Loss: 2.1902
Epoch: 3, Batch: 1840, Acc: 56.55%, Loss: 2.1691
Epoch: 3, Batch: 1850, Acc: 56.54%, Loss: 2.1973
Epoch: 3, Batch: 1860, Acc: 56.54%, Loss: 2.1863
Epoch: 3, Batch: 1870, Acc: 56.55%, Loss: 2.1790
Epoch: 3, Batch: 1880, Acc: 56.55%, Loss: 2.1776
Epoch: 3, Batch: 1890, Acc: 56.56%, Loss: 2.2149
Epoch: 3, Batch: 1900, Acc: 56.59%, Loss: 2.1326
Epoch: 3, Batch: 1910, Acc: 56.58%, Loss: 2.1918
Epoch: 3, Batch: 1920, Acc: 56.58%, Loss: 2.1882
Epoch: 3, Batch: 1930, Acc: 56.58%, Loss: 2.1996
Epoch: 3, Batch: 1940, Acc: 56.58%, Loss: 2.2018
Epoch: 3, Batch: 1950, Acc: 56.58%, Loss: 2.2398
Epoch: 3, Batch: 1960, Acc: 56.58%, Loss: 2.1783
Epoch: 3, Batch: 1970, Acc: 56.58%, Loss: 2.2118
Epoch: 3, Batch: 1980, Acc: 56.60%, Loss: 2.1010
Epoch: 3, Batch: 1990, Acc: 56.60%, Loss: 2.1672
Epoch: 3, Batch: 2000, Acc: 56.61%, Loss: 2.1771
Epoch: 3, Batch: 2010, Acc: 56.62%, Loss: 2.1688
Epoch: 3, Batch: 2020, Acc: 56.62%, Loss: 2.1714
Epoch: 3, Batch: 2030, Acc: 56.64%, Loss: 2.1654
Epoch: 3, Batch: 2040, Acc: 56.66%, Loss: 2.1710
Epoch: 3, Batch: 2050, Acc: 56.65%, Loss: 2.2099
Epoch: 3, Batch: 2060, Acc: 56.67%, Loss: 2.1757
Epoch: 3, Batch: 2070, Acc: 56.68%, Loss: 2.1799
Epoch: 3, Batch: 2080, Acc: 56.69%, Loss: 2.1615
Epoch: 3, Batch: 2090, Acc: 56.69%, Loss: 2.1763
Epoch: 3, Batch: 2100, Acc: 56.68%, Loss: 2.2428
Epoch: 3, Batch: 2110, Acc: 56.69%, Loss: 2.1407
Epoch: 3, Batch: 2120, Acc: 56.69%, Loss: 2.2054
Epoch: 3, Batch: 2130, Acc: 56.70%, Loss: 2.1513
Epoch: 3, Batch: 2140, Acc: 56.70%, Loss: 2.1732
Epoch: 3, Batch: 2150, Acc: 56.71%, Loss: 2.1596
Epoch: 3, Batch: 2160, Acc: 56.73%, Loss: 2.1294
Epoch: 3, Batch: 2170, Acc: 56.74%, Loss: 2.1641
Epoch: 3, Batch: 2180, Acc: 56.73%, Loss: 2.1922
Epoch: 3, Batch: 2190, Acc: 56.73%, Loss: 2.1784
Epoch: 3, Batch: 2200, Acc: 56.75%, Loss: 2.1772
Epoch: 3, Batch: 2210, Acc: 56.77%, Loss: 2.1326
Epoch: 3, Batch: 2220, Acc: 56.78%, Loss: 2.1483
Epoch: 3, Batch: 2230, Acc: 56.79%, Loss: 2.1497
Epoch: 3, Batch: 2240, Acc: 56.80%, Loss: 2.1973
Epoch: 3, Batch: 2250, Acc: 56.81%, Loss: 2.1659
Epoch: 3, Batch: 2260, Acc: 56.80%, Loss: 2.2245
Epoch: 3, Batch: 2270, Acc: 56.81%, Loss: 2.1396
Epoch: 3, Batch: 2280, Acc: 56.81%, Loss: 2.1902
Epoch: 3, Batch: 2290, Acc: 56.82%, Loss: 2.1858
Epoch: 3, Batch: 2300, Acc: 56.83%, Loss: 2.1774
Epoch: 3, Batch: 2310, Acc: 56.82%, Loss: 2.2282
Epoch: 3, Batch: 2320, Acc: 56.83%, Loss: 2.1982
Epoch: 3, Batch: 2330, Acc: 56.85%, Loss: 2.1406
Epoch: 3, Batch: 2340, Acc: 56.84%, Loss: 2.2306
Epoch: 3, Batch: 2350, Acc: 56.86%, Loss: 2.1605
Epoch: 3, Batch: 2360, Acc: 56.86%, Loss: 2.1694
Epoch: 3, Batch: 2370, Acc: 56.87%, Loss: 2.1263
Epoch: 3, Batch: 2380, Acc: 56.88%, Loss: 2.1722
Epoch: 3, Batch: 2390, Acc: 56.88%, Loss: 2.2003
Epoch: 3, Batch: 2400, Acc: 56.88%, Loss: 2.1504
Epoch: 3, Batch: 2410, Acc: 56.88%, Loss: 2.2082
Epoch: 3, Batch: 2420, Acc: 56.88%, Loss: 2.1802
Epoch: 3, Batch: 2430, Acc: 56.89%, Loss: 2.1703
Epoch: 3, Batch: 2440, Acc: 56.89%, Loss: 2.1738
Epoch: 3, Batch: 2450, Acc: 56.91%, Loss: 2.1318
Epoch: 3, Batch: 2460, Acc: 56.92%, Loss: 2.1558
Epoch: 3, Batch: 2470, Acc: 56.91%, Loss: 2.1833
Epoch: 3, Batch: 2480, Acc: 56.91%, Loss: 2.1660
Epoch: 3, Batch: 2490, Acc: 56.92%, Loss: 2.1791
Epoch: 3, Batch: 2500, Acc: 56.91%, Loss: 2.1791
Epoch: 3, Batch: 2510, Acc: 56.91%, Loss: 2.1952
Epoch: 3, Batch: 2520, Acc: 56.92%, Loss: 2.1302
Epoch: 3, Batch: 2530, Acc: 56.92%, Loss: 2.2050
Epoch: 3, Batch: 2540, Acc: 56.94%, Loss: 2.1627
Epoch: 3, Batch: 2550, Acc: 56.95%, Loss: 2.1390
Epoch: 3, Batch: 2560, Acc: 56.95%, Loss: 2.1814
Epoch: 3, Batch: 2570, Acc: 56.95%, Loss: 2.1571
Epoch: 3, Batch: 2580, Acc: 56.97%, Loss: 2.1240
Epoch: 3, Batch: 2590, Acc: 56.98%, Loss: 2.1776
Epoch: 3, Batch: 2600, Acc: 56.98%, Loss: 2.1800
Epoch: 3, Batch: 2610, Acc: 56.98%, Loss: 2.1858
Epoch: 3, Batch: 2620, Acc: 56.97%, Loss: 2.1765
Epoch: 3, Batch: 2630, Acc: 56.97%, Loss: 2.1699
Epoch: 3, Batch: 2640, Acc: 56.97%, Loss: 2.1679
Epoch: 3, Batch: 2650, Acc: 56.97%, Loss: 2.1927
Epoch: 3, Batch: 2660, Acc: 56.99%, Loss: 2.1063
Epoch: 3, Batch: 2670, Acc: 56.99%, Loss: 2.2002
Epoch: 3, Batch: 2680, Acc: 57.00%, Loss: 2.1139
Epoch: 3, Batch: 2690, Acc: 57.00%, Loss: 2.1656
Epoch: 3, Batch: 2700, Acc: 57.00%, Loss: 2.1876
Epoch: 3, Batch: 2710, Acc: 57.01%, Loss: 2.1577
Epoch: 3, Batch: 2720, Acc: 57.01%, Loss: 2.1558
Epoch: 3, Batch: 2730, Acc: 57.02%, Loss: 2.1681
Epoch: 3, Batch: 2740, Acc: 57.03%, Loss: 2.1260
Epoch: 3, Batch: 2750, Acc: 57.04%, Loss: 2.1168
Epoch: 3, Batch: 2760, Acc: 57.06%, Loss: 2.1487
Epoch: 3, Batch: 2770, Acc: 57.05%, Loss: 2.1901
Epoch: 3, Batch: 2780, Acc: 57.04%, Loss: 2.1977
Epoch: 3, Batch: 2790, Acc: 57.04%, Loss: 2.1707
Epoch: 3, Batch: 2800, Acc: 57.05%, Loss: 2.1570
Epoch: 3, Batch: 2810, Acc: 57.05%, Loss: 2.1634
Epoch: 3, Batch: 2820, Acc: 57.06%, Loss: 2.1574
Epoch: 3, Batch: 2830, Acc: 57.08%, Loss: 2.1175
Epoch: 3, Batch: 2840, Acc: 57.08%, Loss: 2.1967
Epoch: 3, Batch: 2850, Acc: 57.09%, Loss: 2.1300
Epoch: 3, Batch: 2860, Acc: 57.09%, Loss: 2.1743
Epoch: 3, Batch: 2870, Acc: 57.10%, Loss: 2.1196
Epoch: 3, Batch: 2880, Acc: 57.09%, Loss: 2.1773
Epoch 3: val_acc=0.5939, best_val_acc=0.5939, es_counter=0
Epoch: 4, Batch: 10, Acc: 58.91%, Loss: 2.1463
Epoch: 4, Batch: 20, Acc: 59.06%, Loss: 2.1621
Epoch: 4, Batch: 30, Acc: 58.85%, Loss: 2.1594
Epoch: 4, Batch: 40, Acc: 58.79%, Loss: 2.1611
Epoch: 4, Batch: 50, Acc: 58.97%, Loss: 2.1820
Epoch: 4, Batch: 60, Acc: 58.88%, Loss: 2.1695
Epoch: 4, Batch: 70, Acc: 58.82%, Loss: 2.1554
Epoch: 4, Batch: 80, Acc: 58.77%, Loss: 2.1479
Epoch: 4, Batch: 90, Acc: 58.45%, Loss: 2.1588
Epoch: 4, Batch: 100, Acc: 58.45%, Loss: 2.1471
Epoch: 4, Batch: 110, Acc: 58.42%, Loss: 2.1269
Epoch: 4, Batch: 120, Acc: 58.58%, Loss: 2.1365
Epoch: 4, Batch: 130, Acc: 58.39%, Loss: 2.1716
Epoch: 4, Batch: 140, Acc: 58.34%, Loss: 2.1632
Epoch: 4, Batch: 150, Acc: 58.55%, Loss: 2.1052
Epoch: 4, Batch: 160, Acc: 58.68%, Loss: 2.1444
Epoch: 4, Batch: 170, Acc: 58.68%, Loss: 2.1927
Epoch: 4, Batch: 180, Acc: 58.74%, Loss: 2.1380
Epoch: 4, Batch: 190, Acc: 58.91%, Loss: 2.1385
Epoch: 4, Batch: 200, Acc: 58.94%, Loss: 2.1346
Epoch: 4, Batch: 210, Acc: 59.01%, Loss: 2.1240
Epoch: 4, Batch: 220, Acc: 59.06%, Loss: 2.1460
Epoch: 4, Batch: 230, Acc: 59.00%, Loss: 2.1579
Epoch: 4, Batch: 240, Acc: 59.00%, Loss: 2.1409
Epoch: 4, Batch: 250, Acc: 58.98%, Loss: 2.1646
Epoch: 4, Batch: 260, Acc: 59.06%, Loss: 2.1278
Epoch: 4, Batch: 270, Acc: 59.09%, Loss: 2.1196
Epoch: 4, Batch: 280, Acc: 59.10%, Loss: 2.1445
Epoch: 4, Batch: 290, Acc: 59.00%, Loss: 2.1962
Epoch: 4, Batch: 300, Acc: 59.06%, Loss: 2.1022
Epoch: 4, Batch: 310, Acc: 59.06%, Loss: 2.1199
Epoch: 4, Batch: 320, Acc: 59.06%, Loss: 2.1475
Epoch: 4, Batch: 330, Acc: 58.99%, Loss: 2.1492
Epoch: 4, Batch: 340, Acc: 58.90%, Loss: 2.1809
Epoch: 4, Batch: 350, Acc: 58.97%, Loss: 2.1204
Epoch: 4, Batch: 360, Acc: 58.96%, Loss: 2.1484
Epoch: 4, Batch: 370, Acc: 58.97%, Loss: 2.1301
Epoch: 4, Batch: 380, Acc: 58.97%, Loss: 2.1384
Epoch: 4, Batch: 390, Acc: 59.00%, Loss: 2.1371
Epoch: 4, Batch: 400, Acc: 58.96%, Loss: 2.1704
Epoch: 4, Batch: 410, Acc: 58.93%, Loss: 2.1497
Epoch: 4, Batch: 420, Acc: 58.92%, Loss: 2.1793
Epoch: 4, Batch: 430, Acc: 58.94%, Loss: 2.1568
Epoch: 4, Batch: 440, Acc: 58.99%, Loss: 2.1293
Epoch: 4, Batch: 450, Acc: 58.97%, Loss: 2.1491
Epoch: 4, Batch: 460, Acc: 59.01%, Loss: 2.1019
Epoch: 4, Batch: 470, Acc: 59.02%, Loss: 2.1389
Epoch: 4, Batch: 480, Acc: 59.06%, Loss: 2.1054
Epoch: 4, Batch: 490, Acc: 59.04%, Loss: 2.1521
Epoch: 4, Batch: 500, Acc: 59.02%, Loss: 2.1354
Epoch: 4, Batch: 510, Acc: 59.00%, Loss: 2.1539
Epoch: 4, Batch: 520, Acc: 58.98%, Loss: 2.1623
Epoch: 4, Batch: 530, Acc: 58.99%, Loss: 2.1202
Epoch: 4, Batch: 540, Acc: 59.01%, Loss: 2.1392
Epoch: 4, Batch: 550, Acc: 58.94%, Loss: 2.1855
Epoch: 4, Batch: 560, Acc: 58.91%, Loss: 2.1336
Epoch: 4, Batch: 570, Acc: 58.95%, Loss: 2.1378
Epoch: 4, Batch: 580, Acc: 58.98%, Loss: 2.1106
Epoch: 4, Batch: 590, Acc: 58.94%, Loss: 2.1235
Epoch: 4, Batch: 600, Acc: 58.93%, Loss: 2.1277
Epoch: 4, Batch: 610, Acc: 59.00%, Loss: 2.0999
Epoch: 4, Batch: 620, Acc: 58.98%, Loss: 2.1499
Epoch: 4, Batch: 630, Acc: 58.97%, Loss: 2.1705
Epoch: 4, Batch: 640, Acc: 58.96%, Loss: 2.1543
Epoch: 4, Batch: 650, Acc: 59.00%, Loss: 2.1016
Epoch: 4, Batch: 660, Acc: 59.01%, Loss: 2.1345
Epoch: 4, Batch: 670, Acc: 59.01%, Loss: 2.1415
Epoch: 4, Batch: 680, Acc: 59.01%, Loss: 2.1409
Epoch: 4, Batch: 690, Acc: 59.00%, Loss: 2.1587
Epoch: 4, Batch: 700, Acc: 58.99%, Loss: 2.1776
Epoch: 4, Batch: 710, Acc: 58.99%, Loss: 2.1582
Epoch: 4, Batch: 720, Acc: 59.04%, Loss: 2.0957
Epoch: 4, Batch: 730, Acc: 59.03%, Loss: 2.1568
Epoch: 4, Batch: 740, Acc: 59.05%, Loss: 2.1428
Epoch: 4, Batch: 750, Acc: 59.04%, Loss: 2.1532
Epoch: 4, Batch: 760, Acc: 59.04%, Loss: 2.1266
Epoch: 4, Batch: 770, Acc: 59.04%, Loss: 2.1584
Epoch: 4, Batch: 780, Acc: 59.08%, Loss: 2.1163
Epoch: 4, Batch: 790, Acc: 59.07%, Loss: 2.1822
Epoch: 4, Batch: 800, Acc: 59.08%, Loss: 2.1425
Epoch: 4, Batch: 810, Acc: 59.10%, Loss: 2.1313
Epoch: 4, Batch: 820, Acc: 59.10%, Loss: 2.1246
Epoch: 4, Batch: 830, Acc: 59.12%, Loss: 2.1477
Epoch: 4, Batch: 840, Acc: 59.10%, Loss: 2.1922
Epoch: 4, Batch: 850, Acc: 59.12%, Loss: 2.1357
Epoch: 4, Batch: 860, Acc: 59.11%, Loss: 2.1567
Epoch: 4, Batch: 870, Acc: 59.12%, Loss: 2.1500
Epoch: 4, Batch: 880, Acc: 59.15%, Loss: 2.1015
Epoch: 4, Batch: 890, Acc: 59.19%, Loss: 2.0884
Epoch: 4, Batch: 900, Acc: 59.16%, Loss: 2.1555
Epoch: 4, Batch: 910, Acc: 59.19%, Loss: 2.1079
Epoch: 4, Batch: 920, Acc: 59.17%, Loss: 2.1419
Epoch: 4, Batch: 930, Acc: 59.16%, Loss: 2.1427
Epoch: 4, Batch: 940, Acc: 59.17%, Loss: 2.1247
Epoch: 4, Batch: 950, Acc: 59.17%, Loss: 2.1276
Epoch: 4, Batch: 960, Acc: 59.17%, Loss: 2.1550
Epoch: 4, Batch: 970, Acc: 59.22%, Loss: 2.0806
Epoch: 4, Batch: 980, Acc: 59.20%, Loss: 2.1642
Epoch: 4, Batch: 990, Acc: 59.20%, Loss: 2.1104
Epoch: 4, Batch: 1000, Acc: 59.20%, Loss: 2.1429
Epoch: 4, Batch: 1010, Acc: 59.19%, Loss: 2.1618
Epoch: 4, Batch: 1020, Acc: 59.18%, Loss: 2.1604
Epoch: 4, Batch: 1030, Acc: 59.17%, Loss: 2.1457
Epoch: 4, Batch: 1040, Acc: 59.16%, Loss: 2.1508
Epoch: 4, Batch: 1050, Acc: 59.17%, Loss: 2.1252
Epoch: 4, Batch: 1060, Acc: 59.19%, Loss: 2.1166
Epoch: 4, Batch: 1070, Acc: 59.20%, Loss: 2.1401
Epoch: 4, Batch: 1080, Acc: 59.22%, Loss: 2.1555
Epoch: 4, Batch: 1090, Acc: 59.24%, Loss: 2.1050
Epoch: 4, Batch: 1100, Acc: 59.24%, Loss: 2.1524
Epoch: 4, Batch: 1110, Acc: 59.23%, Loss: 2.1453
Epoch: 4, Batch: 1120, Acc: 59.24%, Loss: 2.1140
Epoch: 4, Batch: 1130, Acc: 59.24%, Loss: 2.1324
Epoch: 4, Batch: 1140, Acc: 59.26%, Loss: 2.0909
Epoch: 4, Batch: 1150, Acc: 59.27%, Loss: 2.1188
Epoch: 4, Batch: 1160, Acc: 59.28%, Loss: 2.1325
Epoch: 4, Batch: 1170, Acc: 59.29%, Loss: 2.1182
Epoch: 4, Batch: 1180, Acc: 59.31%, Loss: 2.0652
Epoch: 4, Batch: 1190, Acc: 59.30%, Loss: 2.1346
Epoch: 4, Batch: 1200, Acc: 59.29%, Loss: 2.1813
Epoch: 4, Batch: 1210, Acc: 59.27%, Loss: 2.1426
Epoch: 4, Batch: 1220, Acc: 59.26%, Loss: 2.1267
Epoch: 4, Batch: 1230, Acc: 59.27%, Loss: 2.1419
Epoch: 4, Batch: 1240, Acc: 59.29%, Loss: 2.1175
Epoch: 4, Batch: 1250, Acc: 59.31%, Loss: 2.1182
Epoch: 4, Batch: 1260, Acc: 59.27%, Loss: 2.1996
Epoch: 4, Batch: 1270, Acc: 59.26%, Loss: 2.1281
Epoch: 4, Batch: 1280, Acc: 59.25%, Loss: 2.1173
Epoch: 4, Batch: 1290, Acc: 59.29%, Loss: 2.1011
Epoch: 4, Batch: 1300, Acc: 59.32%, Loss: 2.0587
Epoch: 4, Batch: 1310, Acc: 59.34%, Loss: 2.1185
Epoch: 4, Batch: 1320, Acc: 59.34%, Loss: 2.1173
Epoch: 4, Batch: 1330, Acc: 59.34%, Loss: 2.1119
Epoch: 4, Batch: 1340, Acc: 59.35%, Loss: 2.1236
Epoch: 4, Batch: 1350, Acc: 59.35%, Loss: 2.1205
Epoch: 4, Batch: 1360, Acc: 59.34%, Loss: 2.1643
Epoch: 4, Batch: 1370, Acc: 59.33%, Loss: 2.1552
Epoch: 4, Batch: 1380, Acc: 59.34%, Loss: 2.1243
Epoch: 4, Batch: 1390, Acc: 59.34%, Loss: 2.1185
Epoch: 4, Batch: 1400, Acc: 59.33%, Loss: 2.1437
Epoch: 4, Batch: 1410, Acc: 59.35%, Loss: 2.1326
Epoch: 4, Batch: 1420, Acc: 59.34%, Loss: 2.1521
Epoch: 4, Batch: 1430, Acc: 59.33%, Loss: 2.1050
Epoch: 4, Batch: 1440, Acc: 59.34%, Loss: 2.1047
Epoch: 4, Batch: 1450, Acc: 59.33%, Loss: 2.1436
Epoch: 4, Batch: 1460, Acc: 59.34%, Loss: 2.1153
Epoch: 4, Batch: 1470, Acc: 59.34%, Loss: 2.1527
Epoch: 4, Batch: 1480, Acc: 59.33%, Loss: 2.1386
Epoch: 4, Batch: 1490, Acc: 59.34%, Loss: 2.1208
Epoch: 4, Batch: 1500, Acc: 59.33%, Loss: 2.1660
Epoch: 4, Batch: 1510, Acc: 59.34%, Loss: 2.0840
Epoch: 4, Batch: 1520, Acc: 59.35%, Loss: 2.1283
Epoch: 4, Batch: 1530, Acc: 59.36%, Loss: 2.1229
Epoch: 4, Batch: 1540, Acc: 59.38%, Loss: 2.1271
Epoch: 4, Batch: 1550, Acc: 59.37%, Loss: 2.1190
Epoch: 4, Batch: 1560, Acc: 59.37%, Loss: 2.1207
Epoch: 4, Batch: 1570, Acc: 59.35%, Loss: 2.1352
Epoch: 4, Batch: 1580, Acc: 59.36%, Loss: 2.1476
Epoch: 4, Batch: 1590, Acc: 59.37%, Loss: 2.0954
Epoch: 4, Batch: 1600, Acc: 59.35%, Loss: 2.1219
Epoch: 4, Batch: 1610, Acc: 59.38%, Loss: 2.1147
Epoch: 4, Batch: 1620, Acc: 59.38%, Loss: 2.1035
Epoch: 4, Batch: 1630, Acc: 59.39%, Loss: 2.1391
Epoch: 4, Batch: 1640, Acc: 59.40%, Loss: 2.1480
Epoch: 4, Batch: 1650, Acc: 59.40%, Loss: 2.1218
Epoch: 4, Batch: 1660, Acc: 59.39%, Loss: 2.1516
Epoch: 4, Batch: 1670, Acc: 59.40%, Loss: 2.0941
Epoch: 4, Batch: 1680, Acc: 59.40%, Loss: 2.1420
Epoch: 4, Batch: 1690, Acc: 59.39%, Loss: 2.1244
Epoch: 4, Batch: 1700, Acc: 59.40%, Loss: 2.1071
Epoch: 4, Batch: 1710, Acc: 59.40%, Loss: 2.1466
Epoch: 4, Batch: 1720, Acc: 59.40%, Loss: 2.1401
Epoch: 4, Batch: 1730, Acc: 59.40%, Loss: 2.0965
Epoch: 4, Batch: 1740, Acc: 59.40%, Loss: 2.1209
Epoch: 4, Batch: 1750, Acc: 59.41%, Loss: 2.1205
Epoch: 4, Batch: 1760, Acc: 59.41%, Loss: 2.1500
Epoch: 4, Batch: 1770, Acc: 59.40%, Loss: 2.1394
Epoch: 4, Batch: 1780, Acc: 59.42%, Loss: 2.0838
Epoch: 4, Batch: 1790, Acc: 59.43%, Loss: 2.0867
Epoch: 4, Batch: 1800, Acc: 59.45%, Loss: 2.1031
Epoch: 4, Batch: 1810, Acc: 59.44%, Loss: 2.1541
Epoch: 4, Batch: 1820, Acc: 59.43%, Loss: 2.1671
Epoch: 4, Batch: 1830, Acc: 59.44%, Loss: 2.1439
Epoch: 4, Batch: 1840, Acc: 59.44%, Loss: 2.1367
Epoch: 4, Batch: 1850, Acc: 59.45%, Loss: 2.1176
Epoch: 4, Batch: 1860, Acc: 59.46%, Loss: 2.0954
Epoch: 4, Batch: 1870, Acc: 59.47%, Loss: 2.1015
Epoch: 4, Batch: 1880, Acc: 59.47%, Loss: 2.1381
Epoch: 4, Batch: 1890, Acc: 59.47%, Loss: 2.1383
Epoch: 4, Batch: 1900, Acc: 59.48%, Loss: 2.1022
Epoch: 4, Batch: 1910, Acc: 59.47%, Loss: 2.1423
Epoch: 4, Batch: 1920, Acc: 59.48%, Loss: 2.1064
Epoch: 4, Batch: 1930, Acc: 59.48%, Loss: 2.1276
Epoch: 4, Batch: 1940, Acc: 59.48%, Loss: 2.0931
Epoch: 4, Batch: 1950, Acc: 59.49%, Loss: 2.1299
Epoch: 4, Batch: 1960, Acc: 59.49%, Loss: 2.1344
Epoch: 4, Batch: 1970, Acc: 59.50%, Loss: 2.1049
Epoch: 4, Batch: 1980, Acc: 59.48%, Loss: 2.1494
Epoch: 4, Batch: 1990, Acc: 59.49%, Loss: 2.1250
Epoch: 4, Batch: 2000, Acc: 59.51%, Loss: 2.0914
Epoch: 4, Batch: 2010, Acc: 59.50%, Loss: 2.1462
Epoch: 4, Batch: 2020, Acc: 59.50%, Loss: 2.1487
Epoch: 4, Batch: 2030, Acc: 59.51%, Loss: 2.0638
Epoch: 4, Batch: 2040, Acc: 59.52%, Loss: 2.0758
Epoch: 4, Batch: 2050, Acc: 59.50%, Loss: 2.1797
Epoch: 4, Batch: 2060, Acc: 59.50%, Loss: 2.1231
Epoch: 4, Batch: 2070, Acc: 59.51%, Loss: 2.0858
Epoch: 4, Batch: 2080, Acc: 59.50%, Loss: 2.1143
Epoch: 4, Batch: 2090, Acc: 59.50%, Loss: 2.0782
Epoch: 4, Batch: 2100, Acc: 59.50%, Loss: 2.1035
Epoch: 4, Batch: 2110, Acc: 59.50%, Loss: 2.1373
Epoch: 4, Batch: 2120, Acc: 59.51%, Loss: 2.1212
Epoch: 4, Batch: 2130, Acc: 59.51%, Loss: 2.1130
Epoch: 4, Batch: 2140, Acc: 59.51%, Loss: 2.1173
Epoch: 4, Batch: 2150, Acc: 59.51%, Loss: 2.1148
Epoch: 4, Batch: 2160, Acc: 59.52%, Loss: 2.1240
Epoch: 4, Batch: 2170, Acc: 59.53%, Loss: 2.1106
Epoch: 4, Batch: 2180, Acc: 59.52%, Loss: 2.1397
Epoch: 4, Batch: 2190, Acc: 59.52%, Loss: 2.1203
Epoch: 4, Batch: 2200, Acc: 59.53%, Loss: 2.0918
Epoch: 4, Batch: 2210, Acc: 59.53%, Loss: 2.1134
Epoch: 4, Batch: 2220, Acc: 59.52%, Loss: 2.1260
Epoch: 4, Batch: 2230, Acc: 59.53%, Loss: 2.1453
Epoch: 4, Batch: 2240, Acc: 59.53%, Loss: 2.1462
Epoch: 4, Batch: 2250, Acc: 59.51%, Loss: 2.1859
Epoch: 4, Batch: 2260, Acc: 59.51%, Loss: 2.1541
Epoch: 4, Batch: 2270, Acc: 59.51%, Loss: 2.1094
Epoch: 4, Batch: 2280, Acc: 59.51%, Loss: 2.1288
Epoch: 4, Batch: 2290, Acc: 59.52%, Loss: 2.1076
Epoch: 4, Batch: 2300, Acc: 59.53%, Loss: 2.1002
Epoch: 4, Batch: 2310, Acc: 59.52%, Loss: 2.1113
Epoch: 4, Batch: 2320, Acc: 59.52%, Loss: 2.1250
Epoch: 4, Batch: 2330, Acc: 59.53%, Loss: 2.1042
Epoch: 4, Batch: 2340, Acc: 59.52%, Loss: 2.0845
Epoch: 4, Batch: 2350, Acc: 59.53%, Loss: 2.1420
Epoch: 4, Batch: 2360, Acc: 59.53%, Loss: 2.1272
Epoch: 4, Batch: 2370, Acc: 59.53%, Loss: 2.1010
Epoch: 4, Batch: 2380, Acc: 59.53%, Loss: 2.1501
Epoch: 4, Batch: 2390, Acc: 59.52%, Loss: 2.1132
Epoch: 4, Batch: 2400, Acc: 59.54%, Loss: 2.0818
Epoch: 4, Batch: 2410, Acc: 59.54%, Loss: 2.1127
Epoch: 4, Batch: 2420, Acc: 59.56%, Loss: 2.1006
Epoch: 4, Batch: 2430, Acc: 59.56%, Loss: 2.0754
Epoch: 4, Batch: 2440, Acc: 59.56%, Loss: 2.1340
Epoch: 4, Batch: 2450, Acc: 59.57%, Loss: 2.0899
Epoch: 4, Batch: 2460, Acc: 59.58%, Loss: 2.0838
Epoch: 4, Batch: 2470, Acc: 59.58%, Loss: 2.1281
Epoch: 4, Batch: 2480, Acc: 59.60%, Loss: 2.0588
Epoch: 4, Batch: 2490, Acc: 59.60%, Loss: 2.0984
Epoch: 4, Batch: 2500, Acc: 59.62%, Loss: 2.0780
Epoch: 4, Batch: 2510, Acc: 59.62%, Loss: 2.1288
Epoch: 4, Batch: 2520, Acc: 59.61%, Loss: 2.1183
Epoch: 4, Batch: 2530, Acc: 59.61%, Loss: 2.1436
Epoch: 4, Batch: 2540, Acc: 59.62%, Loss: 2.0895
Epoch: 4, Batch: 2550, Acc: 59.61%, Loss: 2.1366
Epoch: 4, Batch: 2560, Acc: 59.62%, Loss: 2.1157
Epoch: 4, Batch: 2570, Acc: 59.62%, Loss: 2.1150
Epoch: 4, Batch: 2580, Acc: 59.62%, Loss: 2.1422
Epoch: 4, Batch: 2590, Acc: 59.63%, Loss: 2.0949
Epoch: 4, Batch: 2600, Acc: 59.64%, Loss: 2.1001
Epoch: 4, Batch: 2610, Acc: 59.63%, Loss: 2.1493
Epoch: 4, Batch: 2620, Acc: 59.63%, Loss: 2.1183
Epoch: 4, Batch: 2630, Acc: 59.63%, Loss: 2.1341
Epoch: 4, Batch: 2640, Acc: 59.64%, Loss: 2.1070
Epoch: 4, Batch: 2650, Acc: 59.64%, Loss: 2.1209
Epoch: 4, Batch: 2660, Acc: 59.62%, Loss: 2.1447
Epoch: 4, Batch: 2670, Acc: 59.63%, Loss: 2.1198
Epoch: 4, Batch: 2680, Acc: 59.63%, Loss: 2.1383
Epoch: 4, Batch: 2690, Acc: 59.62%, Loss: 2.1459
Epoch: 4, Batch: 2700, Acc: 59.62%, Loss: 2.1341
Epoch: 4, Batch: 2710, Acc: 59.61%, Loss: 2.1256
Epoch: 4, Batch: 2720, Acc: 59.61%, Loss: 2.0971
Epoch: 4, Batch: 2730, Acc: 59.62%, Loss: 2.1121
Epoch: 4, Batch: 2740, Acc: 59.62%, Loss: 2.1007
Epoch: 4, Batch: 2750, Acc: 59.62%, Loss: 2.1217
Epoch: 4, Batch: 2760, Acc: 59.61%, Loss: 2.1447
Epoch: 4, Batch: 2770, Acc: 59.62%, Loss: 2.0904
Epoch: 4, Batch: 2780, Acc: 59.62%, Loss: 2.1097
Epoch: 4, Batch: 2790, Acc: 59.63%, Loss: 2.1079
Epoch: 4, Batch: 2800, Acc: 59.63%, Loss: 2.1139
Epoch: 4, Batch: 2810, Acc: 59.63%, Loss: 2.0633
Epoch: 4, Batch: 2820, Acc: 59.64%, Loss: 2.0870
Epoch: 4, Batch: 2830, Acc: 59.65%, Loss: 2.0937
Epoch: 4, Batch: 2840, Acc: 59.64%, Loss: 2.1146
Epoch: 4, Batch: 2850, Acc: 59.65%, Loss: 2.0807
Epoch: 4, Batch: 2860, Acc: 59.65%, Loss: 2.1350
Epoch: 4, Batch: 2870, Acc: 59.67%, Loss: 2.0352
Epoch: 4, Batch: 2880, Acc: 59.69%, Loss: 2.0464
Epoch 4: val_acc=0.6114, best_val_acc=0.6114, es_counter=0
Epoch: 5, Batch: 10, Acc: 60.94%, Loss: 2.0847
Epoch: 5, Batch: 20, Acc: 61.41%, Loss: 2.0945
Epoch: 5, Batch: 30, Acc: 60.73%, Loss: 2.0973
Epoch: 5, Batch: 40, Acc: 61.02%, Loss: 2.0748
Epoch: 5, Batch: 50, Acc: 60.97%, Loss: 2.1155
Epoch: 5, Batch: 60, Acc: 60.78%, Loss: 2.0768
Epoch: 5, Batch: 70, Acc: 60.65%, Loss: 2.1082
Epoch: 5, Batch: 80, Acc: 60.39%, Loss: 2.1341
Epoch: 5, Batch: 90, Acc: 60.75%, Loss: 2.0614
Epoch: 5, Batch: 100, Acc: 60.55%, Loss: 2.1360
Epoch: 5, Batch: 110, Acc: 60.44%, Loss: 2.1000
Epoch: 5, Batch: 120, Acc: 60.29%, Loss: 2.1288
Epoch: 5, Batch: 130, Acc: 60.14%, Loss: 2.1146
Epoch: 5, Batch: 140, Acc: 59.91%, Loss: 2.1282
Epoch: 5, Batch: 150, Acc: 59.89%, Loss: 2.1238
Epoch: 5, Batch: 160, Acc: 60.04%, Loss: 2.1240
Epoch: 5, Batch: 170, Acc: 60.13%, Loss: 2.0822
Epoch: 5, Batch: 180, Acc: 60.09%, Loss: 2.1004
Epoch: 5, Batch: 190, Acc: 60.27%, Loss: 2.0954
Epoch: 5, Batch: 200, Acc: 60.21%, Loss: 2.1052
Epoch: 5, Batch: 210, Acc: 60.16%, Loss: 2.1194
Epoch: 5, Batch: 220, Acc: 60.26%, Loss: 2.0681
Epoch: 5, Batch: 230, Acc: 60.22%, Loss: 2.1222
Epoch: 5, Batch: 240, Acc: 60.14%, Loss: 2.0930
Epoch: 5, Batch: 250, Acc: 60.16%, Loss: 2.1247
Epoch: 5, Batch: 260, Acc: 60.18%, Loss: 2.0712
Epoch: 5, Batch: 270, Acc: 60.21%, Loss: 2.0918
Epoch: 5, Batch: 280, Acc: 60.25%, Loss: 2.1005
Epoch: 5, Batch: 290, Acc: 60.34%, Loss: 2.0639
Epoch: 5, Batch: 300, Acc: 60.41%, Loss: 2.0999
Epoch: 5, Batch: 310, Acc: 60.41%, Loss: 2.0981
Epoch: 5, Batch: 320, Acc: 60.42%, Loss: 2.1156
Epoch: 5, Batch: 330, Acc: 60.43%, Loss: 2.0869
Epoch: 5, Batch: 340, Acc: 60.52%, Loss: 2.0691
Epoch: 5, Batch: 350, Acc: 60.50%, Loss: 2.1181
Epoch: 5, Batch: 360, Acc: 60.47%, Loss: 2.0909
Epoch: 5, Batch: 370, Acc: 60.59%, Loss: 2.0652
Epoch: 5, Batch: 380, Acc: 60.59%, Loss: 2.0993
Epoch: 5, Batch: 390, Acc: 60.61%, Loss: 2.1021
Epoch: 5, Batch: 400, Acc: 60.54%, Loss: 2.1658
Epoch: 5, Batch: 410, Acc: 60.57%, Loss: 2.0945
Epoch: 5, Batch: 420, Acc: 60.48%, Loss: 2.1420
Epoch: 5, Batch: 430, Acc: 60.53%, Loss: 2.0873
Epoch: 5, Batch: 440, Acc: 60.54%, Loss: 2.0988
Epoch: 5, Batch: 450, Acc: 60.51%, Loss: 2.1039
Epoch: 5, Batch: 460, Acc: 60.63%, Loss: 2.0210
Epoch: 5, Batch: 470, Acc: 60.65%, Loss: 2.1009
Epoch: 5, Batch: 480, Acc: 60.68%, Loss: 2.1037
Epoch: 5, Batch: 490, Acc: 60.70%, Loss: 2.1207
Epoch: 5, Batch: 500, Acc: 60.72%, Loss: 2.0645
Epoch: 5, Batch: 510, Acc: 60.70%, Loss: 2.1053
Epoch: 5, Batch: 520, Acc: 60.74%, Loss: 2.1163
Epoch: 5, Batch: 530, Acc: 60.73%, Loss: 2.0833
Epoch: 5, Batch: 540, Acc: 60.73%, Loss: 2.1035
Epoch: 5, Batch: 550, Acc: 60.72%, Loss: 2.1095
Epoch: 5, Batch: 560, Acc: 60.72%, Loss: 2.1170
Epoch: 5, Batch: 570, Acc: 60.76%, Loss: 2.0369
Epoch: 5, Batch: 580, Acc: 60.74%, Loss: 2.1166
Epoch: 5, Batch: 590, Acc: 60.73%, Loss: 2.1199
Epoch: 5, Batch: 600, Acc: 60.73%, Loss: 2.0871
Epoch: 5, Batch: 610, Acc: 60.76%, Loss: 2.0723
Epoch: 5, Batch: 620, Acc: 60.76%, Loss: 2.0697
Epoch: 5, Batch: 630, Acc: 60.79%, Loss: 2.1144
Epoch: 5, Batch: 640, Acc: 60.79%, Loss: 2.0883
Epoch: 5, Batch: 650, Acc: 60.77%, Loss: 2.1171
Epoch: 5, Batch: 660, Acc: 60.79%, Loss: 2.0435
Epoch: 5, Batch: 670, Acc: 60.74%, Loss: 2.1048
Epoch: 5, Batch: 680, Acc: 60.72%, Loss: 2.1334
Epoch: 5, Batch: 690, Acc: 60.68%, Loss: 2.1243
Epoch: 5, Batch: 700, Acc: 60.68%, Loss: 2.0695
Epoch: 5, Batch: 710, Acc: 60.68%, Loss: 2.1078
Epoch: 5, Batch: 720, Acc: 60.66%, Loss: 2.1209
Epoch: 5, Batch: 730, Acc: 60.69%, Loss: 2.0704
Epoch: 5, Batch: 740, Acc: 60.73%, Loss: 2.0549
Epoch: 5, Batch: 750, Acc: 60.74%, Loss: 2.0647
Epoch: 5, Batch: 760, Acc: 60.75%, Loss: 2.0647
Epoch: 5, Batch: 770, Acc: 60.78%, Loss: 2.0868
Epoch: 5, Batch: 780, Acc: 60.79%, Loss: 2.0746
Epoch: 5, Batch: 790, Acc: 60.79%, Loss: 2.1396
Epoch: 5, Batch: 800, Acc: 60.78%, Loss: 2.0694
Epoch: 5, Batch: 810, Acc: 60.77%, Loss: 2.0914
Epoch: 5, Batch: 820, Acc: 60.74%, Loss: 2.1130
Epoch: 5, Batch: 830, Acc: 60.79%, Loss: 2.0524
Epoch: 5, Batch: 840, Acc: 60.76%, Loss: 2.1371
Epoch: 5, Batch: 850, Acc: 60.74%, Loss: 2.1133
Epoch: 5, Batch: 860, Acc: 60.73%, Loss: 2.0974
Epoch: 5, Batch: 870, Acc: 60.73%, Loss: 2.0687
Epoch: 5, Batch: 880, Acc: 60.70%, Loss: 2.1037
Epoch: 5, Batch: 890, Acc: 60.69%, Loss: 2.1023
Epoch: 5, Batch: 900, Acc: 60.68%, Loss: 2.1096
Epoch: 5, Batch: 910, Acc: 60.64%, Loss: 2.1142
Epoch: 5, Batch: 920, Acc: 60.66%, Loss: 2.0905
Epoch: 5, Batch: 930, Acc: 60.68%, Loss: 2.0782
Epoch: 5, Batch: 940, Acc: 60.74%, Loss: 2.0186
Epoch: 5, Batch: 950, Acc: 60.74%, Loss: 2.1077
Epoch: 5, Batch: 960, Acc: 60.78%, Loss: 2.0714
Epoch: 5, Batch: 970, Acc: 60.78%, Loss: 2.1006
Epoch: 5, Batch: 980, Acc: 60.77%, Loss: 2.0873
Epoch: 5, Batch: 990, Acc: 60.77%, Loss: 2.0802
Epoch: 5, Batch: 1000, Acc: 60.75%, Loss: 2.1389
Epoch: 5, Batch: 1010, Acc: 60.76%, Loss: 2.0689
Epoch: 5, Batch: 1020, Acc: 60.76%, Loss: 2.0900
Epoch: 5, Batch: 1030, Acc: 60.79%, Loss: 2.0372
Epoch: 5, Batch: 1040, Acc: 60.78%, Loss: 2.0934
Epoch: 5, Batch: 1050, Acc: 60.78%, Loss: 2.0870
Epoch: 5, Batch: 1060, Acc: 60.78%, Loss: 2.0821
Epoch: 5, Batch: 1070, Acc: 60.76%, Loss: 2.1138
Epoch: 5, Batch: 1080, Acc: 60.77%, Loss: 2.1047
Epoch: 5, Batch: 1090, Acc: 60.74%, Loss: 2.0998
Epoch: 5, Batch: 1100, Acc: 60.71%, Loss: 2.1238
Epoch: 5, Batch: 1110, Acc: 60.73%, Loss: 2.0379
Epoch: 5, Batch: 1120, Acc: 60.74%, Loss: 2.0633
Epoch: 5, Batch: 1130, Acc: 60.74%, Loss: 2.1239
Epoch: 5, Batch: 1140, Acc: 60.72%, Loss: 2.1137
Epoch: 5, Batch: 1150, Acc: 60.69%, Loss: 2.1365
Epoch: 5, Batch: 1160, Acc: 60.69%, Loss: 2.1056
Epoch: 5, Batch: 1170, Acc: 60.69%, Loss: 2.1008
Epoch: 5, Batch: 1180, Acc: 60.69%, Loss: 2.0695
Epoch: 5, Batch: 1190, Acc: 60.68%, Loss: 2.1012
Epoch: 5, Batch: 1200, Acc: 60.67%, Loss: 2.1499
Epoch: 5, Batch: 1210, Acc: 60.69%, Loss: 2.0711
Epoch: 5, Batch: 1220, Acc: 60.69%, Loss: 2.0825
Epoch: 5, Batch: 1230, Acc: 60.70%, Loss: 2.0720
Epoch: 5, Batch: 1240, Acc: 60.68%, Loss: 2.1171
Epoch: 5, Batch: 1250, Acc: 60.69%, Loss: 2.0982
Epoch: 5, Batch: 1260, Acc: 60.69%, Loss: 2.0767
Epoch: 5, Batch: 1270, Acc: 60.70%, Loss: 2.0810
Epoch: 5, Batch: 1280, Acc: 60.68%, Loss: 2.1346
Epoch: 5, Batch: 1290, Acc: 60.70%, Loss: 2.0622
Epoch: 5, Batch: 1300, Acc: 60.72%, Loss: 2.0617
Epoch: 5, Batch: 1310, Acc: 60.74%, Loss: 2.0580
Epoch: 5, Batch: 1320, Acc: 60.73%, Loss: 2.1413
Epoch: 5, Batch: 1330, Acc: 60.72%, Loss: 2.1052
Epoch: 5, Batch: 1340, Acc: 60.71%, Loss: 2.1462
Epoch: 5, Batch: 1350, Acc: 60.72%, Loss: 2.0623
Epoch: 5, Batch: 1360, Acc: 60.73%, Loss: 2.1046
Epoch: 5, Batch: 1370, Acc: 60.74%, Loss: 2.0555
Epoch: 5, Batch: 1380, Acc: 60.77%, Loss: 2.0454
Epoch: 5, Batch: 1390, Acc: 60.77%, Loss: 2.0802
Epoch: 5, Batch: 1400, Acc: 60.77%, Loss: 2.0666
Epoch: 5, Batch: 1410, Acc: 60.76%, Loss: 2.0928
Epoch: 5, Batch: 1420, Acc: 60.76%, Loss: 2.0707
Epoch: 5, Batch: 1430, Acc: 60.79%, Loss: 2.0796
Epoch: 5, Batch: 1440, Acc: 60.78%, Loss: 2.1105
Epoch: 5, Batch: 1450, Acc: 60.78%, Loss: 2.0696
Epoch: 5, Batch: 1460, Acc: 60.79%, Loss: 2.0692
Epoch: 5, Batch: 1470, Acc: 60.78%, Loss: 2.0919
Epoch: 5, Batch: 1480, Acc: 60.78%, Loss: 2.0868
Epoch: 5, Batch: 1490, Acc: 60.77%, Loss: 2.0773
Epoch: 5, Batch: 1500, Acc: 60.79%, Loss: 2.0774
Epoch: 5, Batch: 1510, Acc: 60.79%, Loss: 2.0871
Epoch: 5, Batch: 1520, Acc: 60.81%, Loss: 2.0707
Epoch: 5, Batch: 1530, Acc: 60.83%, Loss: 2.0289
Epoch: 5, Batch: 1540, Acc: 60.83%, Loss: 2.0639
Epoch: 5, Batch: 1550, Acc: 60.84%, Loss: 2.0737
Epoch: 5, Batch: 1560, Acc: 60.85%, Loss: 2.0909
Epoch: 5, Batch: 1570, Acc: 60.85%, Loss: 2.0840
Epoch: 5, Batch: 1580, Acc: 60.84%, Loss: 2.0836
Epoch: 5, Batch: 1590, Acc: 60.82%, Loss: 2.1431
Epoch: 5, Batch: 1600, Acc: 60.83%, Loss: 2.0578
Epoch: 5, Batch: 1610, Acc: 60.83%, Loss: 2.1008
Epoch: 5, Batch: 1620, Acc: 60.85%, Loss: 2.0938
Epoch: 5, Batch: 1630, Acc: 60.84%, Loss: 2.0952
Epoch: 5, Batch: 1640, Acc: 60.84%, Loss: 2.0886
Epoch: 5, Batch: 1650, Acc: 60.85%, Loss: 2.0545
Epoch: 5, Batch: 1660, Acc: 60.85%, Loss: 2.0774
Epoch: 5, Batch: 1670, Acc: 60.87%, Loss: 2.0673
Epoch: 5, Batch: 1680, Acc: 60.88%, Loss: 2.0456
Epoch: 5, Batch: 1690, Acc: 60.86%, Loss: 2.1073
Epoch: 5, Batch: 1700, Acc: 60.87%, Loss: 2.0673
Epoch: 5, Batch: 1710, Acc: 60.86%, Loss: 2.1076
Epoch: 5, Batch: 1720, Acc: 60.86%, Loss: 2.0677
Epoch: 5, Batch: 1730, Acc: 60.85%, Loss: 2.1169
Epoch: 5, Batch: 1740, Acc: 60.86%, Loss: 2.0447
Epoch: 5, Batch: 1750, Acc: 60.87%, Loss: 2.0825
Epoch: 5, Batch: 1760, Acc: 60.85%, Loss: 2.1192
Epoch: 5, Batch: 1770, Acc: 60.87%, Loss: 2.0664
Epoch: 5, Batch: 1780, Acc: 60.89%, Loss: 2.0584
Epoch: 5, Batch: 1790, Acc: 60.89%, Loss: 2.0585
Epoch: 5, Batch: 1800, Acc: 60.89%, Loss: 2.1240
Epoch: 5, Batch: 1810, Acc: 60.88%, Loss: 2.0920
Epoch: 5, Batch: 1820, Acc: 60.88%, Loss: 2.0692
Epoch: 5, Batch: 1830, Acc: 60.88%, Loss: 2.0918
Epoch: 5, Batch: 1840, Acc: 60.89%, Loss: 2.0656
Epoch: 5, Batch: 1850, Acc: 60.89%, Loss: 2.0798
Epoch: 5, Batch: 1860, Acc: 60.89%, Loss: 2.0678
Epoch: 5, Batch: 1870, Acc: 60.87%, Loss: 2.1138
Epoch: 5, Batch: 1880, Acc: 60.88%, Loss: 2.0873
Epoch: 5, Batch: 1890, Acc: 60.88%, Loss: 2.0824
Epoch: 5, Batch: 1900, Acc: 60.88%, Loss: 2.0872
Epoch: 5, Batch: 1910, Acc: 60.88%, Loss: 2.1048
Epoch: 5, Batch: 1920, Acc: 60.89%, Loss: 2.0656
Epoch: 5, Batch: 1930, Acc: 60.89%, Loss: 2.0721
Epoch: 5, Batch: 1940, Acc: 60.89%, Loss: 2.0907
Epoch: 5, Batch: 1950, Acc: 60.90%, Loss: 2.0665
Epoch: 5, Batch: 1960, Acc: 60.89%, Loss: 2.1049
Epoch: 5, Batch: 1970, Acc: 60.89%, Loss: 2.0945
Epoch: 5, Batch: 1980, Acc: 60.90%, Loss: 2.0595
Epoch: 5, Batch: 1990, Acc: 60.91%, Loss: 2.0788
Epoch: 5, Batch: 2000, Acc: 60.90%, Loss: 2.1153
Epoch: 5, Batch: 2010, Acc: 60.88%, Loss: 2.1108
Epoch: 5, Batch: 2020, Acc: 60.87%, Loss: 2.1252
Epoch: 5, Batch: 2030, Acc: 60.86%, Loss: 2.0821
Epoch: 5, Batch: 2040, Acc: 60.86%, Loss: 2.1129
Epoch: 5, Batch: 2050, Acc: 60.86%, Loss: 2.0920
Epoch: 5, Batch: 2060, Acc: 60.85%, Loss: 2.0843
Epoch: 5, Batch: 2070, Acc: 60.84%, Loss: 2.1187
Epoch: 5, Batch: 2080, Acc: 60.84%, Loss: 2.1196
Epoch: 5, Batch: 2090, Acc: 60.84%, Loss: 2.1431
Epoch: 5, Batch: 2100, Acc: 60.84%, Loss: 2.0651
Epoch: 5, Batch: 2110, Acc: 60.85%, Loss: 2.0742
Epoch: 5, Batch: 2120, Acc: 60.84%, Loss: 2.0900
Epoch: 5, Batch: 2130, Acc: 60.85%, Loss: 2.0550
Epoch: 5, Batch: 2140, Acc: 60.84%, Loss: 2.1219
Epoch: 5, Batch: 2150, Acc: 60.82%, Loss: 2.1168
Epoch: 5, Batch: 2160, Acc: 60.84%, Loss: 2.0770
Epoch: 5, Batch: 2170, Acc: 60.84%, Loss: 2.0995
Epoch: 5, Batch: 2180, Acc: 60.86%, Loss: 2.0851
Epoch: 5, Batch: 2190, Acc: 60.85%, Loss: 2.1185
Epoch: 5, Batch: 2200, Acc: 60.85%, Loss: 2.0603
Epoch: 5, Batch: 2210, Acc: 60.86%, Loss: 2.0686
Epoch: 5, Batch: 2220, Acc: 60.86%, Loss: 2.0881
Epoch: 5, Batch: 2230, Acc: 60.85%, Loss: 2.1028
Epoch: 5, Batch: 2240, Acc: 60.85%, Loss: 2.1014
Epoch: 5, Batch: 2250, Acc: 60.85%, Loss: 2.0410
Epoch: 5, Batch: 2260, Acc: 60.85%, Loss: 2.0760
Epoch: 5, Batch: 2270, Acc: 60.86%, Loss: 2.0743
Epoch: 5, Batch: 2280, Acc: 60.87%, Loss: 2.0609
Epoch: 5, Batch: 2290, Acc: 60.87%, Loss: 2.0749
Epoch: 5, Batch: 2300, Acc: 60.88%, Loss: 2.0775
Epoch: 5, Batch: 2310, Acc: 60.90%, Loss: 2.0405
Epoch: 5, Batch: 2320, Acc: 60.91%, Loss: 2.0461
Epoch: 5, Batch: 2330, Acc: 60.92%, Loss: 2.0554
Epoch: 5, Batch: 2340, Acc: 60.92%, Loss: 2.0550
Epoch: 5, Batch: 2350, Acc: 60.95%, Loss: 2.0325
Epoch: 5, Batch: 2360, Acc: 60.95%, Loss: 2.0627
Epoch: 5, Batch: 2370, Acc: 60.94%, Loss: 2.1370
Epoch: 5, Batch: 2380, Acc: 60.92%, Loss: 2.1450
Epoch: 5, Batch: 2390, Acc: 60.92%, Loss: 2.0949
Epoch: 5, Batch: 2400, Acc: 60.93%, Loss: 2.0821
Epoch: 5, Batch: 2410, Acc: 60.92%, Loss: 2.1040
Epoch: 5, Batch: 2420, Acc: 60.92%, Loss: 2.0975
Epoch: 5, Batch: 2430, Acc: 60.92%, Loss: 2.0725
Epoch: 5, Batch: 2440, Acc: 60.92%, Loss: 2.0740
Epoch: 5, Batch: 2450, Acc: 60.93%, Loss: 2.1112
Epoch: 5, Batch: 2460, Acc: 60.92%, Loss: 2.1052
Epoch: 5, Batch: 2470, Acc: 60.94%, Loss: 2.0230
Epoch: 5, Batch: 2480, Acc: 60.94%, Loss: 2.0791
Epoch: 5, Batch: 2490, Acc: 60.94%, Loss: 2.0934
Epoch: 5, Batch: 2500, Acc: 60.94%, Loss: 2.0694
Epoch: 5, Batch: 2510, Acc: 60.94%, Loss: 2.0733
Epoch: 5, Batch: 2520, Acc: 60.95%, Loss: 2.0678
Epoch: 5, Batch: 2530, Acc: 60.95%, Loss: 2.0662
Epoch: 5, Batch: 2540, Acc: 60.96%, Loss: 2.0648
Epoch: 5, Batch: 2550, Acc: 60.95%, Loss: 2.1079
Epoch: 5, Batch: 2560, Acc: 60.95%, Loss: 2.1105
Epoch: 5, Batch: 2570, Acc: 60.94%, Loss: 2.0898
Epoch: 5, Batch: 2580, Acc: 60.95%, Loss: 2.1211
Epoch: 5, Batch: 2590, Acc: 60.94%, Loss: 2.1089
Epoch: 5, Batch: 2600, Acc: 60.94%, Loss: 2.0966
Epoch: 5, Batch: 2610, Acc: 60.94%, Loss: 2.0796
Epoch: 5, Batch: 2620, Acc: 60.93%, Loss: 2.1222
Epoch: 5, Batch: 2630, Acc: 60.92%, Loss: 2.1275
Epoch: 5, Batch: 2640, Acc: 60.91%, Loss: 2.1176
Epoch: 5, Batch: 2650, Acc: 60.91%, Loss: 2.0850
Epoch: 5, Batch: 2660, Acc: 60.91%, Loss: 2.0690
Epoch: 5, Batch: 2670, Acc: 60.91%, Loss: 2.0487
Epoch: 5, Batch: 2680, Acc: 60.91%, Loss: 2.1018
Epoch: 5, Batch: 2690, Acc: 60.91%, Loss: 2.0543
Epoch: 5, Batch: 2700, Acc: 60.93%, Loss: 2.0559
Epoch: 5, Batch: 2710, Acc: 60.93%, Loss: 2.0968
Epoch: 5, Batch: 2720, Acc: 60.93%, Loss: 2.0829
Epoch: 5, Batch: 2730, Acc: 60.94%, Loss: 2.0814
Epoch: 5, Batch: 2740, Acc: 60.95%, Loss: 2.0611
Epoch: 5, Batch: 2750, Acc: 60.96%, Loss: 2.0690
Epoch: 5, Batch: 2760, Acc: 60.95%, Loss: 2.1211
Epoch: 5, Batch: 2770, Acc: 60.95%, Loss: 2.1092
Epoch: 5, Batch: 2780, Acc: 60.95%, Loss: 2.0488
Epoch: 5, Batch: 2790, Acc: 60.96%, Loss: 2.0502
Epoch: 5, Batch: 2800, Acc: 60.96%, Loss: 2.1020
Epoch: 5, Batch: 2810, Acc: 60.96%, Loss: 2.0881
Epoch: 5, Batch: 2820, Acc: 60.96%, Loss: 2.0789
Epoch: 5, Batch: 2830, Acc: 60.97%, Loss: 2.0783
Epoch: 5, Batch: 2840, Acc: 60.97%, Loss: 2.0847
Epoch: 5, Batch: 2850, Acc: 60.97%, Loss: 2.1153
Epoch: 5, Batch: 2860, Acc: 60.96%, Loss: 2.1187
Epoch: 5, Batch: 2870, Acc: 60.97%, Loss: 2.0338
Epoch: 5, Batch: 2880, Acc: 60.98%, Loss: 2.0218
Epoch 5: val_acc=0.6214, best_val_acc=0.6214, es_counter=0
Epoch: 6, Batch: 10, Acc: 61.09%, Loss: 2.0928
Epoch: 6, Batch: 20, Acc: 61.48%, Loss: 2.0737
Epoch: 6, Batch: 30, Acc: 61.41%, Loss: 2.0638
Epoch: 6, Batch: 40, Acc: 61.02%, Loss: 2.0855
Epoch: 6, Batch: 50, Acc: 61.28%, Loss: 2.0605
Epoch: 6, Batch: 60, Acc: 61.54%, Loss: 2.0806
Epoch: 6, Batch: 70, Acc: 61.43%, Loss: 2.0726
Epoch: 6, Batch: 80, Acc: 61.64%, Loss: 2.0490
Epoch: 6, Batch: 90, Acc: 61.63%, Loss: 2.0690
Epoch: 6, Batch: 100, Acc: 61.72%, Loss: 2.0793
Epoch: 6, Batch: 110, Acc: 61.68%, Loss: 2.0713
Epoch: 6, Batch: 120, Acc: 61.67%, Loss: 2.0820
Epoch: 6, Batch: 130, Acc: 61.69%, Loss: 2.0602
Epoch: 6, Batch: 140, Acc: 61.72%, Loss: 2.0908
Epoch: 6, Batch: 150, Acc: 61.44%, Loss: 2.1179
Epoch: 6, Batch: 160, Acc: 61.36%, Loss: 2.0999
Epoch: 6, Batch: 170, Acc: 61.39%, Loss: 2.0704
Epoch: 6, Batch: 180, Acc: 61.22%, Loss: 2.1178
Epoch: 6, Batch: 190, Acc: 61.17%, Loss: 2.0953
Epoch: 6, Batch: 200, Acc: 61.19%, Loss: 2.0668
Epoch: 6, Batch: 210, Acc: 61.10%, Loss: 2.1290
Epoch: 6, Batch: 220, Acc: 61.26%, Loss: 2.0614
Epoch: 6, Batch: 230, Acc: 61.33%, Loss: 2.0517
Epoch: 6, Batch: 240, Acc: 61.41%, Loss: 2.0472
Epoch: 6, Batch: 250, Acc: 61.44%, Loss: 2.0676
Epoch: 6, Batch: 260, Acc: 61.51%, Loss: 2.0269
Epoch: 6, Batch: 270, Acc: 61.49%, Loss: 2.0619
Epoch: 6, Batch: 280, Acc: 61.53%, Loss: 2.0735
Epoch: 6, Batch: 290, Acc: 61.56%, Loss: 2.0835
Epoch: 6, Batch: 300, Acc: 61.56%, Loss: 2.0518
Epoch: 6, Batch: 310, Acc: 61.61%, Loss: 2.0446
Epoch: 6, Batch: 320, Acc: 61.61%, Loss: 2.0910
Epoch: 6, Batch: 330, Acc: 61.61%, Loss: 2.0644
Epoch: 6, Batch: 340, Acc: 61.59%, Loss: 2.0746
Epoch: 6, Batch: 350, Acc: 61.60%, Loss: 2.0907
Epoch: 6, Batch: 360, Acc: 61.64%, Loss: 2.0566
Epoch: 6, Batch: 370, Acc: 61.77%, Loss: 2.0390
Epoch: 6, Batch: 380, Acc: 61.74%, Loss: 2.0414
Epoch: 6, Batch: 390, Acc: 61.68%, Loss: 2.0917
Epoch: 6, Batch: 400, Acc: 61.60%, Loss: 2.1073
Epoch: 6, Batch: 410, Acc: 61.60%, Loss: 2.1066
Epoch: 6, Batch: 420, Acc: 61.61%, Loss: 2.0833
Epoch: 6, Batch: 430, Acc: 61.58%, Loss: 2.0896
Epoch: 6, Batch: 440, Acc: 61.59%, Loss: 2.0698
Epoch: 6, Batch: 450, Acc: 61.56%, Loss: 2.0818
Epoch: 6, Batch: 460, Acc: 61.56%, Loss: 2.0656
Epoch: 6, Batch: 470, Acc: 61.55%, Loss: 2.0825
Epoch: 6, Batch: 480, Acc: 61.52%, Loss: 2.0846
Epoch: 6, Batch: 490, Acc: 61.57%, Loss: 2.0377
Epoch: 6, Batch: 500, Acc: 61.49%, Loss: 2.1296
Epoch: 6, Batch: 510, Acc: 61.45%, Loss: 2.0993
Epoch: 6, Batch: 520, Acc: 61.44%, Loss: 2.0904
Epoch: 6, Batch: 530, Acc: 61.42%, Loss: 2.0901
Epoch: 6, Batch: 540, Acc: 61.42%, Loss: 2.1105
Epoch: 6, Batch: 550, Acc: 61.47%, Loss: 2.0571
Epoch: 6, Batch: 560, Acc: 61.46%, Loss: 2.0697
Epoch: 6, Batch: 570, Acc: 61.45%, Loss: 2.0731
Epoch: 6, Batch: 580, Acc: 61.47%, Loss: 2.0746
Epoch: 6, Batch: 590, Acc: 61.50%, Loss: 2.0731
Epoch: 6, Batch: 600, Acc: 61.54%, Loss: 2.0427
Epoch: 6, Batch: 610, Acc: 61.57%, Loss: 2.0565
Epoch: 6, Batch: 620, Acc: 61.57%, Loss: 2.0712
Epoch: 6, Batch: 630, Acc: 61.52%, Loss: 2.1011
Epoch: 6, Batch: 640, Acc: 61.47%, Loss: 2.1126
Epoch: 6, Batch: 650, Acc: 61.44%, Loss: 2.0870
Epoch: 6, Batch: 660, Acc: 61.44%, Loss: 2.0689
Epoch: 6, Batch: 670, Acc: 61.46%, Loss: 2.0759
Epoch: 6, Batch: 680, Acc: 61.49%, Loss: 2.0644
Epoch: 6, Batch: 690, Acc: 61.52%, Loss: 2.0399
Epoch: 6, Batch: 700, Acc: 61.47%, Loss: 2.0892
Epoch: 6, Batch: 710, Acc: 61.51%, Loss: 2.0134
Epoch: 6, Batch: 720, Acc: 61.53%, Loss: 2.0580
Epoch: 6, Batch: 730, Acc: 61.60%, Loss: 2.0216
Epoch: 6, Batch: 740, Acc: 61.61%, Loss: 2.0920
Epoch: 6, Batch: 750, Acc: 61.62%, Loss: 2.0380
Epoch: 6, Batch: 760, Acc: 61.64%, Loss: 2.0709
Epoch: 6, Batch: 770, Acc: 61.65%, Loss: 2.0633
Epoch: 6, Batch: 780, Acc: 61.60%, Loss: 2.0954
Epoch: 6, Batch: 790, Acc: 61.60%, Loss: 2.0817
Epoch: 6, Batch: 800, Acc: 61.58%, Loss: 2.0963
Epoch: 6, Batch: 810, Acc: 61.62%, Loss: 2.0315
Epoch: 6, Batch: 820, Acc: 61.62%, Loss: 2.0643
Epoch: 6, Batch: 830, Acc: 61.60%, Loss: 2.1123
Epoch: 6, Batch: 840, Acc: 61.61%, Loss: 2.0502
Epoch: 6, Batch: 850, Acc: 61.58%, Loss: 2.1172
Epoch: 6, Batch: 860, Acc: 61.56%, Loss: 2.0814
Epoch: 6, Batch: 870, Acc: 61.56%, Loss: 2.0601
Epoch: 6, Batch: 880, Acc: 61.57%, Loss: 2.0648
Epoch: 6, Batch: 890, Acc: 61.55%, Loss: 2.0787
Epoch: 6, Batch: 900, Acc: 61.54%, Loss: 2.0564
Epoch: 6, Batch: 910, Acc: 61.52%, Loss: 2.0903
Epoch: 6, Batch: 920, Acc: 61.55%, Loss: 2.0407
Epoch: 6, Batch: 930, Acc: 61.58%, Loss: 2.0455
Epoch: 6, Batch: 940, Acc: 61.55%, Loss: 2.1182
Epoch: 6, Batch: 950, Acc: 61.52%, Loss: 2.1167
Epoch: 6, Batch: 960, Acc: 61.52%, Loss: 2.0678
Epoch: 6, Batch: 970, Acc: 61.53%, Loss: 2.0689
Epoch: 6, Batch: 980, Acc: 61.53%, Loss: 2.0710
Epoch: 6, Batch: 990, Acc: 61.52%, Loss: 2.1189
Epoch: 6, Batch: 1000, Acc: 61.48%, Loss: 2.1727
Epoch: 6, Batch: 1010, Acc: 61.51%, Loss: 2.0518
Epoch: 6, Batch: 1020, Acc: 61.48%, Loss: 2.1020
Epoch: 6, Batch: 1030, Acc: 61.47%, Loss: 2.0509
Epoch: 6, Batch: 1040, Acc: 61.47%, Loss: 2.1043
Epoch: 6, Batch: 1050, Acc: 61.48%, Loss: 2.0653
Epoch: 6, Batch: 1060, Acc: 61.50%, Loss: 2.0592
Epoch: 6, Batch: 1070, Acc: 61.51%, Loss: 2.0793
Epoch: 6, Batch: 1080, Acc: 61.55%, Loss: 2.0074
Epoch: 6, Batch: 1090, Acc: 61.56%, Loss: 2.0519
Epoch: 6, Batch: 1100, Acc: 61.57%, Loss: 2.0325
Epoch: 6, Batch: 1110, Acc: 61.60%, Loss: 2.0211
Epoch: 6, Batch: 1120, Acc: 61.61%, Loss: 2.0621
Epoch: 6, Batch: 1130, Acc: 61.62%, Loss: 2.0532
Epoch: 6, Batch: 1140, Acc: 61.60%, Loss: 2.0911
Epoch: 6, Batch: 1150, Acc: 61.57%, Loss: 2.0948
Epoch: 6, Batch: 1160, Acc: 61.59%, Loss: 2.0325
Epoch: 6, Batch: 1170, Acc: 61.58%, Loss: 2.0836
Epoch: 6, Batch: 1180, Acc: 61.57%, Loss: 2.0703
Epoch: 6, Batch: 1190, Acc: 61.57%, Loss: 2.0703
Epoch: 6, Batch: 1200, Acc: 61.57%, Loss: 2.0578
Epoch: 6, Batch: 1210, Acc: 61.56%, Loss: 2.0770
Epoch: 6, Batch: 1220, Acc: 61.58%, Loss: 2.0443
Epoch: 6, Batch: 1230, Acc: 61.60%, Loss: 2.0363
Epoch: 6, Batch: 1240, Acc: 61.59%, Loss: 2.1002
Epoch: 6, Batch: 1250, Acc: 61.57%, Loss: 2.1109
Epoch: 6, Batch: 1260, Acc: 61.56%, Loss: 2.0754
Epoch: 6, Batch: 1270, Acc: 61.59%, Loss: 2.0389
Epoch: 6, Batch: 1280, Acc: 61.56%, Loss: 2.0944
Epoch: 6, Batch: 1290, Acc: 61.58%, Loss: 2.0508
Epoch: 6, Batch: 1300, Acc: 61.60%, Loss: 2.0465
Epoch: 6, Batch: 1310, Acc: 61.59%, Loss: 2.1144
Epoch: 6, Batch: 1320, Acc: 61.59%, Loss: 2.0628
Epoch: 6, Batch: 1330, Acc: 61.58%, Loss: 2.0753
Epoch: 6, Batch: 1340, Acc: 61.56%, Loss: 2.1329
Epoch: 6, Batch: 1350, Acc: 61.54%, Loss: 2.0745
Epoch: 6, Batch: 1360, Acc: 61.54%, Loss: 2.1085
Epoch: 6, Batch: 1370, Acc: 61.54%, Loss: 2.0674
Epoch: 6, Batch: 1380, Acc: 61.53%, Loss: 2.0566
Epoch: 6, Batch: 1390, Acc: 61.53%, Loss: 2.0503
Epoch: 6, Batch: 1400, Acc: 61.55%, Loss: 2.0347
Epoch: 6, Batch: 1410, Acc: 61.57%, Loss: 2.0455
Epoch: 6, Batch: 1420, Acc: 61.56%, Loss: 2.0928
Epoch: 6, Batch: 1430, Acc: 61.57%, Loss: 2.0392
Epoch: 6, Batch: 1440, Acc: 61.59%, Loss: 2.0137
Epoch: 6, Batch: 1450, Acc: 61.60%, Loss: 2.0534
Epoch: 6, Batch: 1460, Acc: 61.60%, Loss: 2.0830
Epoch: 6, Batch: 1470, Acc: 61.61%, Loss: 2.0094
Epoch: 6, Batch: 1480, Acc: 61.62%, Loss: 2.0861
Epoch: 6, Batch: 1490, Acc: 61.64%, Loss: 2.0417
Epoch: 6, Batch: 1500, Acc: 61.62%, Loss: 2.1296
Epoch: 6, Batch: 1510, Acc: 61.62%, Loss: 2.0642
Epoch: 6, Batch: 1520, Acc: 61.61%, Loss: 2.0477
Epoch: 6, Batch: 1530, Acc: 61.60%, Loss: 2.1070
Epoch: 6, Batch: 1540, Acc: 61.58%, Loss: 2.0806
Epoch: 6, Batch: 1550, Acc: 61.58%, Loss: 2.1004
Epoch: 6, Batch: 1560, Acc: 61.58%, Loss: 2.0470
Epoch: 6, Batch: 1570, Acc: 61.57%, Loss: 2.0912
Epoch: 6, Batch: 1580, Acc: 61.59%, Loss: 2.0054
Epoch: 6, Batch: 1590, Acc: 61.59%, Loss: 2.0356
Epoch: 6, Batch: 1600, Acc: 61.60%, Loss: 2.0695
Epoch: 6, Batch: 1610, Acc: 61.62%, Loss: 2.0443
Epoch: 6, Batch: 1620, Acc: 61.63%, Loss: 2.0408
Epoch: 6, Batch: 1630, Acc: 61.67%, Loss: 2.0183
Epoch: 6, Batch: 1640, Acc: 61.65%, Loss: 2.0871
Epoch: 6, Batch: 1650, Acc: 61.65%, Loss: 2.0782
Epoch: 6, Batch: 1660, Acc: 61.65%, Loss: 2.0370
Epoch: 6, Batch: 1670, Acc: 61.67%, Loss: 2.0547
Epoch: 6, Batch: 1680, Acc: 61.67%, Loss: 2.0696
Epoch: 6, Batch: 1690, Acc: 61.69%, Loss: 2.0463
Epoch: 6, Batch: 1700, Acc: 61.69%, Loss: 2.1025
Epoch: 6, Batch: 1710, Acc: 61.69%, Loss: 2.0479
Epoch: 6, Batch: 1720, Acc: 61.71%, Loss: 2.0316
Epoch: 6, Batch: 1730, Acc: 61.70%, Loss: 2.0821
Epoch: 6, Batch: 1740, Acc: 61.73%, Loss: 2.0130
Epoch: 6, Batch: 1750, Acc: 61.71%, Loss: 2.1199
Epoch: 6, Batch: 1760, Acc: 61.70%, Loss: 2.0743
Epoch: 6, Batch: 1770, Acc: 61.69%, Loss: 2.0965
Epoch: 6, Batch: 1780, Acc: 61.67%, Loss: 2.1197
Epoch: 6, Batch: 1790, Acc: 61.67%, Loss: 2.0761
Epoch: 6, Batch: 1800, Acc: 61.69%, Loss: 2.0211
Epoch: 6, Batch: 1810, Acc: 61.71%, Loss: 2.0348
Epoch: 6, Batch: 1820, Acc: 61.71%, Loss: 2.0556
Epoch: 6, Batch: 1830, Acc: 61.72%, Loss: 2.0398
Epoch: 6, Batch: 1840, Acc: 61.72%, Loss: 2.0999
Epoch: 6, Batch: 1850, Acc: 61.72%, Loss: 2.0718
Epoch: 6, Batch: 1860, Acc: 61.73%, Loss: 2.0472
Epoch: 6, Batch: 1870, Acc: 61.71%, Loss: 2.1124
Epoch: 6, Batch: 1880, Acc: 61.73%, Loss: 2.0358
Epoch: 6, Batch: 1890, Acc: 61.73%, Loss: 2.0563
Epoch: 6, Batch: 1900, Acc: 61.74%, Loss: 2.0467
Epoch: 6, Batch: 1910, Acc: 61.74%, Loss: 2.0352
Epoch: 6, Batch: 1920, Acc: 61.75%, Loss: 2.0525
Epoch: 6, Batch: 1930, Acc: 61.77%, Loss: 2.0487
Epoch: 6, Batch: 1940, Acc: 61.75%, Loss: 2.0862
Epoch: 6, Batch: 1950, Acc: 61.74%, Loss: 2.0709
Epoch: 6, Batch: 1960, Acc: 61.73%, Loss: 2.0801
Epoch: 6, Batch: 1970, Acc: 61.72%, Loss: 2.0760
Epoch: 6, Batch: 1980, Acc: 61.72%, Loss: 2.0770
Epoch: 6, Batch: 1990, Acc: 61.73%, Loss: 2.0658
Epoch: 6, Batch: 2000, Acc: 61.73%, Loss: 2.0253
Epoch: 6, Batch: 2010, Acc: 61.73%, Loss: 2.0813
Epoch: 6, Batch: 2020, Acc: 61.73%, Loss: 2.0530
Epoch: 6, Batch: 2030, Acc: 61.73%, Loss: 2.0646
Epoch: 6, Batch: 2040, Acc: 61.75%, Loss: 2.0511
Epoch: 6, Batch: 2050, Acc: 61.75%, Loss: 2.0460
Epoch: 6, Batch: 2060, Acc: 61.76%, Loss: 2.0414
Epoch: 6, Batch: 2070, Acc: 61.76%, Loss: 2.0608
Epoch: 6, Batch: 2080, Acc: 61.76%, Loss: 2.0776
Epoch: 6, Batch: 2090, Acc: 61.76%, Loss: 2.0667
Epoch: 6, Batch: 2100, Acc: 61.76%, Loss: 2.0601
Epoch: 6, Batch: 2110, Acc: 61.76%, Loss: 2.0847
Epoch: 6, Batch: 2120, Acc: 61.75%, Loss: 2.0948
Epoch: 6, Batch: 2130, Acc: 61.77%, Loss: 2.0441
Epoch: 6, Batch: 2140, Acc: 61.78%, Loss: 2.0169
Epoch: 6, Batch: 2150, Acc: 61.78%, Loss: 2.0402
Epoch: 6, Batch: 2160, Acc: 61.78%, Loss: 2.0760
Epoch: 6, Batch: 2170, Acc: 61.77%, Loss: 2.0974
Epoch: 6, Batch: 2180, Acc: 61.78%, Loss: 2.0605
Epoch: 6, Batch: 2190, Acc: 61.77%, Loss: 2.0953
Epoch: 6, Batch: 2200, Acc: 61.78%, Loss: 2.0261
Epoch: 6, Batch: 2210, Acc: 61.79%, Loss: 2.0356
Epoch: 6, Batch: 2220, Acc: 61.79%, Loss: 2.0744
Epoch: 6, Batch: 2230, Acc: 61.78%, Loss: 2.0401
Epoch: 6, Batch: 2240, Acc: 61.78%, Loss: 2.0611
Epoch: 6, Batch: 2250, Acc: 61.77%, Loss: 2.1064
Epoch: 6, Batch: 2260, Acc: 61.77%, Loss: 2.0678
Epoch: 6, Batch: 2270, Acc: 61.77%, Loss: 2.0593
Epoch: 6, Batch: 2280, Acc: 61.77%, Loss: 2.0470
Epoch: 6, Batch: 2290, Acc: 61.77%, Loss: 2.0488
Epoch: 6, Batch: 2300, Acc: 61.77%, Loss: 2.0813
Epoch: 6, Batch: 2310, Acc: 61.78%, Loss: 2.0240
Epoch: 6, Batch: 2320, Acc: 61.76%, Loss: 2.1034
Epoch: 6, Batch: 2330, Acc: 61.76%, Loss: 2.0859
Epoch: 6, Batch: 2340, Acc: 61.75%, Loss: 2.0657
Epoch: 6, Batch: 2350, Acc: 61.76%, Loss: 2.0536
Epoch: 6, Batch: 2360, Acc: 61.76%, Loss: 2.0355
Epoch: 6, Batch: 2370, Acc: 61.76%, Loss: 2.0689
Epoch: 6, Batch: 2380, Acc: 61.77%, Loss: 2.0433
Epoch: 6, Batch: 2390, Acc: 61.78%, Loss: 2.0396
Epoch: 6, Batch: 2400, Acc: 61.79%, Loss: 2.0796
Epoch: 6, Batch: 2410, Acc: 61.77%, Loss: 2.1038
Epoch: 6, Batch: 2420, Acc: 61.78%, Loss: 2.0549
Epoch: 6, Batch: 2430, Acc: 61.76%, Loss: 2.0921
Epoch: 6, Batch: 2440, Acc: 61.77%, Loss: 2.0435
Epoch: 6, Batch: 2450, Acc: 61.77%, Loss: 2.0828
Epoch: 6, Batch: 2460, Acc: 61.77%, Loss: 2.0634
Epoch: 6, Batch: 2470, Acc: 61.77%, Loss: 2.0514
Epoch: 6, Batch: 2480, Acc: 61.78%, Loss: 2.0567
Epoch: 6, Batch: 2490, Acc: 61.77%, Loss: 2.0813
Epoch: 6, Batch: 2500, Acc: 61.77%, Loss: 2.0281
Epoch: 6, Batch: 2510, Acc: 61.77%, Loss: 2.0848
Epoch: 6, Batch: 2520, Acc: 61.78%, Loss: 2.0357
Epoch: 6, Batch: 2530, Acc: 61.78%, Loss: 2.0462
Epoch: 6, Batch: 2540, Acc: 61.78%, Loss: 2.0749
Epoch: 6, Batch: 2550, Acc: 61.79%, Loss: 1.9847
Epoch: 6, Batch: 2560, Acc: 61.79%, Loss: 2.0657
Epoch: 6, Batch: 2570, Acc: 61.78%, Loss: 2.0710
Epoch: 6, Batch: 2580, Acc: 61.79%, Loss: 2.0555
Epoch: 6, Batch: 2590, Acc: 61.81%, Loss: 1.9959
Epoch: 6, Batch: 2600, Acc: 61.80%, Loss: 2.0578
Epoch: 6, Batch: 2610, Acc: 61.82%, Loss: 2.0319
Epoch: 6, Batch: 2620, Acc: 61.81%, Loss: 2.0776
Epoch: 6, Batch: 2630, Acc: 61.82%, Loss: 2.0443
Epoch: 6, Batch: 2640, Acc: 61.83%, Loss: 2.0721
Epoch: 6, Batch: 2650, Acc: 61.81%, Loss: 2.1323
Epoch: 6, Batch: 2660, Acc: 61.81%, Loss: 2.1051
Epoch: 6, Batch: 2670, Acc: 61.80%, Loss: 2.0620
Epoch: 6, Batch: 2680, Acc: 61.81%, Loss: 2.0468
Epoch: 6, Batch: 2690, Acc: 61.80%, Loss: 2.0776
Epoch: 6, Batch: 2700, Acc: 61.80%, Loss: 2.0965
Epoch: 6, Batch: 2710, Acc: 61.81%, Loss: 2.0297
Epoch: 6, Batch: 2720, Acc: 61.82%, Loss: 2.0317
Epoch: 6, Batch: 2730, Acc: 61.81%, Loss: 2.0644
Epoch: 6, Batch: 2740, Acc: 61.80%, Loss: 2.1080
Epoch: 6, Batch: 2750, Acc: 61.80%, Loss: 2.0555
Epoch: 6, Batch: 2760, Acc: 61.81%, Loss: 2.0741
Epoch: 6, Batch: 2770, Acc: 61.81%, Loss: 2.0460
Epoch: 6, Batch: 2780, Acc: 61.81%, Loss: 2.0365
Epoch: 6, Batch: 2790, Acc: 61.82%, Loss: 2.0118
Epoch: 6, Batch: 2800, Acc: 61.82%, Loss: 2.0569
Epoch: 6, Batch: 2810, Acc: 61.81%, Loss: 2.0435
Epoch: 6, Batch: 2820, Acc: 61.81%, Loss: 2.1029
Epoch: 6, Batch: 2830, Acc: 61.81%, Loss: 2.0694
Epoch: 6, Batch: 2840, Acc: 61.81%, Loss: 2.0648
Epoch: 6, Batch: 2850, Acc: 61.80%, Loss: 2.0765
Epoch: 6, Batch: 2860, Acc: 61.80%, Loss: 2.0355
Epoch: 6, Batch: 2870, Acc: 61.80%, Loss: 2.0793
Epoch: 6, Batch: 2880, Acc: 61.81%, Loss: 2.0540
Epoch 6: val_acc=0.6322, best_val_acc=0.6322, es_counter=0
Epoch: 7, Batch: 10, Acc: 66.41%, Loss: 2.0135
Epoch: 7, Batch: 20, Acc: 63.98%, Loss: 2.0778
Epoch: 7, Batch: 30, Acc: 63.75%, Loss: 2.0342
Epoch: 7, Batch: 40, Acc: 62.81%, Loss: 2.0984
Epoch: 7, Batch: 50, Acc: 63.09%, Loss: 2.0483
Epoch: 7, Batch: 60, Acc: 62.79%, Loss: 2.1090
Epoch: 7, Batch: 70, Acc: 62.59%, Loss: 2.0280
Epoch: 7, Batch: 80, Acc: 62.77%, Loss: 2.0437
Epoch: 7, Batch: 90, Acc: 62.48%, Loss: 2.1316
Epoch: 7, Batch: 100, Acc: 62.25%, Loss: 2.0614
Epoch: 7, Batch: 110, Acc: 62.12%, Loss: 2.0538
Epoch: 7, Batch: 120, Acc: 62.17%, Loss: 2.0653
Epoch: 7, Batch: 130, Acc: 62.39%, Loss: 1.9901
Epoch: 7, Batch: 140, Acc: 62.30%, Loss: 2.0749
Epoch: 7, Batch: 150, Acc: 62.48%, Loss: 2.0110
Epoch: 7, Batch: 160, Acc: 62.43%, Loss: 2.0715
Epoch: 7, Batch: 170, Acc: 62.51%, Loss: 2.0658
Epoch: 7, Batch: 180, Acc: 62.47%, Loss: 2.0810
Epoch: 7, Batch: 190, Acc: 62.51%, Loss: 2.0230
Epoch: 7, Batch: 200, Acc: 62.47%, Loss: 2.0322
Epoch: 7, Batch: 210, Acc: 62.34%, Loss: 2.0376
Epoch: 7, Batch: 220, Acc: 62.25%, Loss: 2.0986
Epoch: 7, Batch: 230, Acc: 62.32%, Loss: 2.0394
Epoch: 7, Batch: 240, Acc: 62.32%, Loss: 2.0834
Epoch: 7, Batch: 250, Acc: 62.39%, Loss: 2.0510
Epoch: 7, Batch: 260, Acc: 62.31%, Loss: 2.0819
Epoch: 7, Batch: 270, Acc: 62.37%, Loss: 2.0282
Epoch: 7, Batch: 280, Acc: 62.31%, Loss: 2.0901
Epoch: 7, Batch: 290, Acc: 62.30%, Loss: 2.0627
Epoch: 7, Batch: 300, Acc: 62.31%, Loss: 2.0533
Epoch: 7, Batch: 310, Acc: 62.26%, Loss: 2.0597
Epoch: 7, Batch: 320, Acc: 62.26%, Loss: 2.0582
Epoch: 7, Batch: 330, Acc: 62.28%, Loss: 2.0578
Epoch: 7, Batch: 340, Acc: 62.22%, Loss: 2.0629
Epoch: 7, Batch: 350, Acc: 62.22%, Loss: 2.0004
Epoch: 7, Batch: 360, Acc: 62.17%, Loss: 2.0709
Epoch: 7, Batch: 370, Acc: 62.12%, Loss: 2.0697
Epoch: 7, Batch: 380, Acc: 62.21%, Loss: 2.0327
Epoch: 7, Batch: 390, Acc: 62.30%, Loss: 2.0094
Epoch: 7, Batch: 400, Acc: 62.26%, Loss: 2.0413
Epoch: 7, Batch: 410, Acc: 62.34%, Loss: 2.0489
Epoch: 7, Batch: 420, Acc: 62.29%, Loss: 2.0601
Epoch: 7, Batch: 430, Acc: 62.25%, Loss: 2.0612
Epoch: 7, Batch: 440, Acc: 62.24%, Loss: 2.0582
Epoch: 7, Batch: 450, Acc: 62.21%, Loss: 2.0899
Epoch: 7, Batch: 460, Acc: 62.23%, Loss: 2.0279
Epoch: 7, Batch: 470, Acc: 62.21%, Loss: 2.0650
Epoch: 7, Batch: 480, Acc: 62.22%, Loss: 2.0535
Epoch: 7, Batch: 490, Acc: 62.27%, Loss: 1.9876
Epoch: 7, Batch: 500, Acc: 62.21%, Loss: 2.1016
Epoch: 7, Batch: 510, Acc: 62.24%, Loss: 2.0108
Epoch: 7, Batch: 520, Acc: 62.27%, Loss: 2.0524
Epoch: 7, Batch: 530, Acc: 62.28%, Loss: 2.0540
Epoch: 7, Batch: 540, Acc: 62.29%, Loss: 2.0802
Epoch: 7, Batch: 550, Acc: 62.36%, Loss: 2.0180
Epoch: 7, Batch: 560, Acc: 62.35%, Loss: 2.0789
Epoch: 7, Batch: 570, Acc: 62.31%, Loss: 2.0639
Epoch: 7, Batch: 580, Acc: 62.36%, Loss: 2.0557
Epoch: 7, Batch: 590, Acc: 62.40%, Loss: 2.0309
Epoch: 7, Batch: 600, Acc: 62.38%, Loss: 2.0718
Epoch: 7, Batch: 610, Acc: 62.33%, Loss: 2.1040
Epoch: 7, Batch: 620, Acc: 62.35%, Loss: 2.0649
Epoch: 7, Batch: 630, Acc: 62.32%, Loss: 2.0761
Epoch: 7, Batch: 640, Acc: 62.32%, Loss: 2.0649
Epoch: 7, Batch: 650, Acc: 62.34%, Loss: 2.0432
Epoch: 7, Batch: 660, Acc: 62.36%, Loss: 2.0417
Epoch: 7, Batch: 670, Acc: 62.36%, Loss: 2.0742
Epoch: 7, Batch: 680, Acc: 62.39%, Loss: 2.0251
Epoch: 7, Batch: 690, Acc: 62.37%, Loss: 2.0468
Epoch: 7, Batch: 700, Acc: 62.36%, Loss: 2.0562
Epoch: 7, Batch: 710, Acc: 62.38%, Loss: 2.0404
Epoch: 7, Batch: 720, Acc: 62.40%, Loss: 2.0068
Epoch: 7, Batch: 730, Acc: 62.37%, Loss: 2.0390
Epoch: 7, Batch: 740, Acc: 62.33%, Loss: 2.0842
Epoch: 7, Batch: 750, Acc: 62.34%, Loss: 2.0616
Epoch: 7, Batch: 760, Acc: 62.39%, Loss: 2.0101
Epoch: 7, Batch: 770, Acc: 62.33%, Loss: 2.1193
Epoch: 7, Batch: 780, Acc: 62.32%, Loss: 2.0379
Epoch: 7, Batch: 790, Acc: 62.33%, Loss: 2.0318
Epoch: 7, Batch: 800, Acc: 62.34%, Loss: 2.0485
Epoch: 7, Batch: 810, Acc: 62.29%, Loss: 2.1044
Epoch: 7, Batch: 820, Acc: 62.32%, Loss: 2.0165
Epoch: 7, Batch: 830, Acc: 62.32%, Loss: 2.0425
Epoch: 7, Batch: 840, Acc: 62.30%, Loss: 2.0848
Epoch: 7, Batch: 850, Acc: 62.29%, Loss: 2.0769
Epoch: 7, Batch: 860, Acc: 62.33%, Loss: 2.0235
Epoch: 7, Batch: 870, Acc: 62.30%, Loss: 2.0792
Epoch: 7, Batch: 880, Acc: 62.27%, Loss: 2.0927
Epoch: 7, Batch: 890, Acc: 62.30%, Loss: 1.9927
Epoch: 7, Batch: 900, Acc: 62.33%, Loss: 2.0282
Epoch: 7, Batch: 910, Acc: 62.36%, Loss: 2.0336
Epoch: 7, Batch: 920, Acc: 62.35%, Loss: 2.0394
Epoch: 7, Batch: 930, Acc: 62.33%, Loss: 2.0586
Epoch: 7, Batch: 940, Acc: 62.34%, Loss: 2.0700
Epoch: 7, Batch: 950, Acc: 62.31%, Loss: 2.0696
Epoch: 7, Batch: 960, Acc: 62.31%, Loss: 2.0752
Epoch: 7, Batch: 970, Acc: 62.32%, Loss: 2.0729
Epoch: 7, Batch: 980, Acc: 62.34%, Loss: 2.0218
Epoch: 7, Batch: 990, Acc: 62.36%, Loss: 2.0630
Epoch: 7, Batch: 1000, Acc: 62.33%, Loss: 2.1127
Epoch: 7, Batch: 1010, Acc: 62.33%, Loss: 2.0643
Epoch: 7, Batch: 1020, Acc: 62.34%, Loss: 2.0361
Epoch: 7, Batch: 1030, Acc: 62.35%, Loss: 2.0352
Epoch: 7, Batch: 1040, Acc: 62.34%, Loss: 2.0557
Epoch: 7, Batch: 1050, Acc: 62.36%, Loss: 2.0131
Epoch: 7, Batch: 1060, Acc: 62.36%, Loss: 2.0700
Epoch: 7, Batch: 1070, Acc: 62.39%, Loss: 2.0127
Epoch: 7, Batch: 1080, Acc: 62.37%, Loss: 2.0957
Epoch: 7, Batch: 1090, Acc: 62.39%, Loss: 2.0502
Epoch: 7, Batch: 1100, Acc: 62.40%, Loss: 2.0197
Epoch: 7, Batch: 1110, Acc: 62.38%, Loss: 2.0898
Epoch: 7, Batch: 1120, Acc: 62.38%, Loss: 2.0606
Epoch: 7, Batch: 1130, Acc: 62.37%, Loss: 2.0744
Epoch: 7, Batch: 1140, Acc: 62.37%, Loss: 2.0113
Epoch: 7, Batch: 1150, Acc: 62.34%, Loss: 2.0602
Epoch: 7, Batch: 1160, Acc: 62.32%, Loss: 2.0787
Epoch: 7, Batch: 1170, Acc: 62.34%, Loss: 2.0331
Epoch: 7, Batch: 1180, Acc: 62.34%, Loss: 2.0612
Epoch: 7, Batch: 1190, Acc: 62.35%, Loss: 2.0713
Epoch: 7, Batch: 1200, Acc: 62.36%, Loss: 2.0229
Epoch: 7, Batch: 1210, Acc: 62.39%, Loss: 2.0065
Epoch: 7, Batch: 1220, Acc: 62.41%, Loss: 2.0202
Epoch: 7, Batch: 1230, Acc: 62.42%, Loss: 2.0345
Epoch: 7, Batch: 1240, Acc: 62.39%, Loss: 2.0884
Epoch: 7, Batch: 1250, Acc: 62.36%, Loss: 2.0611
Epoch: 7, Batch: 1260, Acc: 62.37%, Loss: 2.0206
Epoch: 7, Batch: 1270, Acc: 62.39%, Loss: 2.0388
Epoch: 7, Batch: 1280, Acc: 62.39%, Loss: 2.0516
Epoch: 7, Batch: 1290, Acc: 62.39%, Loss: 2.0636
Epoch: 7, Batch: 1300, Acc: 62.42%, Loss: 2.0055
Epoch: 7, Batch: 1310, Acc: 62.40%, Loss: 2.0852
Epoch: 7, Batch: 1320, Acc: 62.40%, Loss: 2.0324
Epoch: 7, Batch: 1330, Acc: 62.41%, Loss: 2.0249
Epoch: 7, Batch: 1340, Acc: 62.41%, Loss: 2.0583
Epoch: 7, Batch: 1350, Acc: 62.44%, Loss: 1.9993
Epoch: 7, Batch: 1360, Acc: 62.44%, Loss: 2.0453
Epoch: 7, Batch: 1370, Acc: 62.46%, Loss: 2.0413
Epoch: 7, Batch: 1380, Acc: 62.45%, Loss: 2.0407
Epoch: 7, Batch: 1390, Acc: 62.48%, Loss: 1.9634
Epoch: 7, Batch: 1400, Acc: 62.48%, Loss: 2.0472
Epoch: 7, Batch: 1410, Acc: 62.48%, Loss: 2.0645
Epoch: 7, Batch: 1420, Acc: 62.47%, Loss: 2.0473
Epoch: 7, Batch: 1430, Acc: 62.50%, Loss: 2.0229
Epoch: 7, Batch: 1440, Acc: 62.50%, Loss: 2.0523
Epoch: 7, Batch: 1450, Acc: 62.50%, Loss: 2.0367
Epoch: 7, Batch: 1460, Acc: 62.50%, Loss: 2.0545
Epoch: 7, Batch: 1470, Acc: 62.51%, Loss: 2.0533
Epoch: 7, Batch: 1480, Acc: 62.49%, Loss: 2.0878
Epoch: 7, Batch: 1490, Acc: 62.50%, Loss: 2.0148
Epoch: 7, Batch: 1500, Acc: 62.47%, Loss: 2.0933
Epoch: 7, Batch: 1510, Acc: 62.44%, Loss: 2.0958
Epoch: 7, Batch: 1520, Acc: 62.44%, Loss: 2.0838
Epoch: 7, Batch: 1530, Acc: 62.43%, Loss: 2.0956
Epoch: 7, Batch: 1540, Acc: 62.43%, Loss: 2.0324
Epoch: 7, Batch: 1550, Acc: 62.45%, Loss: 2.0238
Epoch: 7, Batch: 1560, Acc: 62.43%, Loss: 2.1103
Epoch: 7, Batch: 1570, Acc: 62.45%, Loss: 2.0274
Epoch: 7, Batch: 1580, Acc: 62.42%, Loss: 2.0943
Epoch: 7, Batch: 1590, Acc: 62.43%, Loss: 2.0280
Epoch: 7, Batch: 1600, Acc: 62.45%, Loss: 2.0072
Epoch: 7, Batch: 1610, Acc: 62.46%, Loss: 2.0490
Epoch: 7, Batch: 1620, Acc: 62.48%, Loss: 1.9803
Epoch: 7, Batch: 1630, Acc: 62.47%, Loss: 2.0422
Epoch: 7, Batch: 1640, Acc: 62.47%, Loss: 2.0606
Epoch: 7, Batch: 1650, Acc: 62.45%, Loss: 2.0713
Epoch: 7, Batch: 1660, Acc: 62.46%, Loss: 2.0798
Epoch: 7, Batch: 1670, Acc: 62.46%, Loss: 2.0417
Epoch: 7, Batch: 1680, Acc: 62.44%, Loss: 2.0809
Epoch: 7, Batch: 1690, Acc: 62.44%, Loss: 2.0621
Epoch: 7, Batch: 1700, Acc: 62.43%, Loss: 2.0599
Epoch: 7, Batch: 1710, Acc: 62.43%, Loss: 2.0603
Epoch: 7, Batch: 1720, Acc: 62.43%, Loss: 2.0772
Epoch: 7, Batch: 1730, Acc: 62.44%, Loss: 2.0421
Epoch: 7, Batch: 1740, Acc: 62.42%, Loss: 2.1115
Epoch: 7, Batch: 1750, Acc: 62.44%, Loss: 2.0458
Epoch: 7, Batch: 1760, Acc: 62.43%, Loss: 2.0893
Epoch: 7, Batch: 1770, Acc: 62.42%, Loss: 2.0966
Epoch: 7, Batch: 1780, Acc: 62.45%, Loss: 2.0076
Epoch: 7, Batch: 1790, Acc: 62.43%, Loss: 2.0545
Epoch: 7, Batch: 1800, Acc: 62.42%, Loss: 2.0649
Epoch: 7, Batch: 1810, Acc: 62.42%, Loss: 2.0685
Epoch: 7, Batch: 1820, Acc: 62.42%, Loss: 2.0806
Epoch: 7, Batch: 1830, Acc: 62.42%, Loss: 2.0759
Epoch: 7, Batch: 1840, Acc: 62.43%, Loss: 2.0415
Epoch: 7, Batch: 1850, Acc: 62.43%, Loss: 2.0458
Epoch: 7, Batch: 1860, Acc: 62.44%, Loss: 2.0190
Epoch: 7, Batch: 1870, Acc: 62.44%, Loss: 2.0455
Epoch: 7, Batch: 1880, Acc: 62.45%, Loss: 2.0362
Epoch: 7, Batch: 1890, Acc: 62.45%, Loss: 2.0098
Epoch: 7, Batch: 1900, Acc: 62.44%, Loss: 2.0760
Epoch: 7, Batch: 1910, Acc: 62.44%, Loss: 2.0567
Epoch: 7, Batch: 1920, Acc: 62.43%, Loss: 2.0794
Epoch: 7, Batch: 1930, Acc: 62.44%, Loss: 2.0206
Epoch: 7, Batch: 1940, Acc: 62.45%, Loss: 2.0204
Epoch: 7, Batch: 1950, Acc: 62.47%, Loss: 2.0067
Epoch: 7, Batch: 1960, Acc: 62.48%, Loss: 2.0830
Epoch: 7, Batch: 1970, Acc: 62.47%, Loss: 2.0702
Epoch: 7, Batch: 1980, Acc: 62.48%, Loss: 2.0143
Epoch: 7, Batch: 1990, Acc: 62.49%, Loss: 2.0133
Epoch: 7, Batch: 2000, Acc: 62.48%, Loss: 2.0164
Epoch: 7, Batch: 2010, Acc: 62.48%, Loss: 2.0565
Epoch: 7, Batch: 2020, Acc: 62.48%, Loss: 2.0434
Epoch: 7, Batch: 2030, Acc: 62.46%, Loss: 2.1048
Epoch: 7, Batch: 2040, Acc: 62.45%, Loss: 2.0697
Epoch: 7, Batch: 2050, Acc: 62.46%, Loss: 2.0581
Epoch: 7, Batch: 2060, Acc: 62.46%, Loss: 2.0272
Epoch: 7, Batch: 2070, Acc: 62.46%, Loss: 2.0594
Epoch: 7, Batch: 2080, Acc: 62.46%, Loss: 2.0431
Epoch: 7, Batch: 2090, Acc: 62.47%, Loss: 1.9984
Epoch: 7, Batch: 2100, Acc: 62.46%, Loss: 2.0626
Epoch: 7, Batch: 2110, Acc: 62.46%, Loss: 2.0376
Epoch: 7, Batch: 2120, Acc: 62.46%, Loss: 2.0650
Epoch: 7, Batch: 2130, Acc: 62.45%, Loss: 2.0601
Epoch: 7, Batch: 2140, Acc: 62.44%, Loss: 2.0994
Epoch: 7, Batch: 2150, Acc: 62.44%, Loss: 2.0356
Epoch: 7, Batch: 2160, Acc: 62.44%, Loss: 2.0620
Epoch: 7, Batch: 2170, Acc: 62.45%, Loss: 2.0211
Epoch: 7, Batch: 2180, Acc: 62.46%, Loss: 2.0279
Epoch: 7, Batch: 2190, Acc: 62.45%, Loss: 2.1020
Epoch: 7, Batch: 2200, Acc: 62.44%, Loss: 2.0883
Epoch: 7, Batch: 2210, Acc: 62.43%, Loss: 2.0657
Epoch: 7, Batch: 2220, Acc: 62.44%, Loss: 2.0658
Epoch: 7, Batch: 2230, Acc: 62.45%, Loss: 2.0375
Epoch: 7, Batch: 2240, Acc: 62.46%, Loss: 2.0292
Epoch: 7, Batch: 2250, Acc: 62.45%, Loss: 2.0865
Epoch: 7, Batch: 2260, Acc: 62.47%, Loss: 2.0318
Epoch: 7, Batch: 2270, Acc: 62.47%, Loss: 2.0740
Epoch: 7, Batch: 2280, Acc: 62.47%, Loss: 2.0396
Epoch: 7, Batch: 2290, Acc: 62.48%, Loss: 2.0438
Epoch: 7, Batch: 2300, Acc: 62.47%, Loss: 2.0773
Epoch: 7, Batch: 2310, Acc: 62.47%, Loss: 2.0881
Epoch: 7, Batch: 2320, Acc: 62.47%, Loss: 2.0785
Epoch: 7, Batch: 2330, Acc: 62.46%, Loss: 2.0786
Epoch: 7, Batch: 2340, Acc: 62.45%, Loss: 2.1046
Epoch: 7, Batch: 2350, Acc: 62.45%, Loss: 2.0414
Epoch: 7, Batch: 2360, Acc: 62.46%, Loss: 2.0025
Epoch: 7, Batch: 2370, Acc: 62.47%, Loss: 2.0150
Epoch: 7, Batch: 2380, Acc: 62.46%, Loss: 2.0512
Epoch: 7, Batch: 2390, Acc: 62.46%, Loss: 2.0533
Epoch: 7, Batch: 2400, Acc: 62.46%, Loss: 2.0223
Epoch: 7, Batch: 2410, Acc: 62.46%, Loss: 2.0258
Epoch: 7, Batch: 2420, Acc: 62.46%, Loss: 2.0407
Epoch: 7, Batch: 2430, Acc: 62.46%, Loss: 2.0311
Epoch: 7, Batch: 2440, Acc: 62.47%, Loss: 2.0203
Epoch: 7, Batch: 2450, Acc: 62.46%, Loss: 2.1101
Epoch: 7, Batch: 2460, Acc: 62.47%, Loss: 2.0748
Epoch: 7, Batch: 2470, Acc: 62.47%, Loss: 2.0240
Epoch: 7, Batch: 2480, Acc: 62.48%, Loss: 2.0264
Epoch: 7, Batch: 2490, Acc: 62.49%, Loss: 2.0222
Epoch: 7, Batch: 2500, Acc: 62.50%, Loss: 1.9765
Epoch: 7, Batch: 2510, Acc: 62.50%, Loss: 2.0428
Epoch: 7, Batch: 2520, Acc: 62.49%, Loss: 2.0923
Epoch: 7, Batch: 2530, Acc: 62.49%, Loss: 2.0502
Epoch: 7, Batch: 2540, Acc: 62.47%, Loss: 2.0911
Epoch: 7, Batch: 2550, Acc: 62.47%, Loss: 1.9863
Epoch: 7, Batch: 2560, Acc: 62.47%, Loss: 2.0752
Epoch: 7, Batch: 2570, Acc: 62.47%, Loss: 2.0440
Epoch: 7, Batch: 2580, Acc: 62.47%, Loss: 2.0130
Epoch: 7, Batch: 2590, Acc: 62.47%, Loss: 2.0412
Epoch: 7, Batch: 2600, Acc: 62.47%, Loss: 2.0454
Epoch: 7, Batch: 2610, Acc: 62.47%, Loss: 2.0470
Epoch: 7, Batch: 2620, Acc: 62.46%, Loss: 2.0991
Epoch: 7, Batch: 2630, Acc: 62.45%, Loss: 2.0704
Epoch: 7, Batch: 2640, Acc: 62.44%, Loss: 2.0771
Epoch: 7, Batch: 2650, Acc: 62.45%, Loss: 2.0498
Epoch: 7, Batch: 2660, Acc: 62.45%, Loss: 2.0710
Epoch: 7, Batch: 2670, Acc: 62.45%, Loss: 2.0477
Epoch: 7, Batch: 2680, Acc: 62.45%, Loss: 2.0392
Epoch: 7, Batch: 2690, Acc: 62.44%, Loss: 2.0746
Epoch: 7, Batch: 2700, Acc: 62.44%, Loss: 2.0472
Epoch: 7, Batch: 2710, Acc: 62.46%, Loss: 1.9727
Epoch: 7, Batch: 2720, Acc: 62.45%, Loss: 2.0743
Epoch: 7, Batch: 2730, Acc: 62.44%, Loss: 2.0793
Epoch: 7, Batch: 2740, Acc: 62.43%, Loss: 2.0409
Epoch: 7, Batch: 2750, Acc: 62.44%, Loss: 2.0176
Epoch: 7, Batch: 2760, Acc: 62.44%, Loss: 2.0467
Epoch: 7, Batch: 2770, Acc: 62.44%, Loss: 2.0609
Epoch: 7, Batch: 2780, Acc: 62.45%, Loss: 2.0118
Epoch: 7, Batch: 2790, Acc: 62.46%, Loss: 1.9802
Epoch: 7, Batch: 2800, Acc: 62.46%, Loss: 2.0787
Epoch: 7, Batch: 2810, Acc: 62.46%, Loss: 2.1008
Epoch: 7, Batch: 2820, Acc: 62.46%, Loss: 2.0472
Epoch: 7, Batch: 2830, Acc: 62.46%, Loss: 2.0682
Epoch: 7, Batch: 2840, Acc: 62.47%, Loss: 2.0088
Epoch: 7, Batch: 2850, Acc: 62.46%, Loss: 2.0804
Epoch: 7, Batch: 2860, Acc: 62.45%, Loss: 2.0802
Epoch: 7, Batch: 2870, Acc: 62.45%, Loss: 2.0294
Epoch: 7, Batch: 2880, Acc: 62.45%, Loss: 2.0599
Epoch 7: val_acc=0.6345, best_val_acc=0.6322, es_counter=1
Epoch: 8, Batch: 10, Acc: 63.12%, Loss: 2.0472
Epoch: 8, Batch: 20, Acc: 62.50%, Loss: 2.0612
Epoch: 8, Batch: 30, Acc: 62.14%, Loss: 2.0941
Epoch: 8, Batch: 40, Acc: 62.54%, Loss: 2.0277
Epoch: 8, Batch: 50, Acc: 62.34%, Loss: 2.0731
Epoch: 8, Batch: 60, Acc: 62.24%, Loss: 2.0485
Epoch: 8, Batch: 70, Acc: 62.61%, Loss: 1.9968
Epoch: 8, Batch: 80, Acc: 62.44%, Loss: 2.0533
Epoch: 8, Batch: 90, Acc: 62.34%, Loss: 2.0562
Epoch: 8, Batch: 100, Acc: 62.38%, Loss: 2.0427
Epoch: 8, Batch: 110, Acc: 62.37%, Loss: 2.0215
Epoch: 8, Batch: 120, Acc: 62.41%, Loss: 2.0566
Epoch: 8, Batch: 130, Acc: 62.60%, Loss: 2.0414
Epoch: 8, Batch: 140, Acc: 62.56%, Loss: 2.0669
Epoch: 8, Batch: 150, Acc: 62.50%, Loss: 2.0636
Epoch: 8, Batch: 160, Acc: 62.71%, Loss: 1.9870
Epoch: 8, Batch: 170, Acc: 62.65%, Loss: 2.0922
Epoch: 8, Batch: 180, Acc: 62.55%, Loss: 2.0985
Epoch: 8, Batch: 190, Acc: 62.66%, Loss: 2.0141
Epoch: 8, Batch: 200, Acc: 62.73%, Loss: 2.0477
Epoch: 8, Batch: 210, Acc: 62.72%, Loss: 2.0305
Epoch: 8, Batch: 220, Acc: 62.56%, Loss: 2.0637
Epoch: 8, Batch: 230, Acc: 62.55%, Loss: 2.0558
Epoch: 8, Batch: 240, Acc: 62.57%, Loss: 2.0528
Epoch: 8, Batch: 250, Acc: 62.61%, Loss: 2.0538
Epoch: 8, Batch: 260, Acc: 62.61%, Loss: 2.0837
Epoch: 8, Batch: 270, Acc: 62.66%, Loss: 2.0287
Epoch: 8, Batch: 280, Acc: 62.63%, Loss: 2.0493
Epoch: 8, Batch: 290, Acc: 62.67%, Loss: 2.0327
Epoch: 8, Batch: 300, Acc: 62.64%, Loss: 2.0382
Epoch: 8, Batch: 310, Acc: 62.77%, Loss: 2.0175
Epoch: 8, Batch: 320, Acc: 62.75%, Loss: 2.0334
Epoch: 8, Batch: 330, Acc: 62.76%, Loss: 2.0285
Epoch: 8, Batch: 340, Acc: 62.67%, Loss: 2.0415
Epoch: 8, Batch: 350, Acc: 62.66%, Loss: 2.0633
Epoch: 8, Batch: 360, Acc: 62.70%, Loss: 2.0374
Epoch: 8, Batch: 370, Acc: 62.62%, Loss: 2.0690
Epoch: 8, Batch: 380, Acc: 62.59%, Loss: 2.0635
Epoch: 8, Batch: 390, Acc: 62.58%, Loss: 2.0920
Epoch: 8, Batch: 400, Acc: 62.56%, Loss: 2.0624
Epoch: 8, Batch: 410, Acc: 62.55%, Loss: 2.0689
Epoch: 8, Batch: 420, Acc: 62.45%, Loss: 2.0990
Epoch: 8, Batch: 430, Acc: 62.44%, Loss: 2.0590
Epoch: 8, Batch: 440, Acc: 62.49%, Loss: 2.0030
Epoch: 8, Batch: 450, Acc: 62.49%, Loss: 2.0577
Epoch: 8, Batch: 460, Acc: 62.44%, Loss: 2.0513
Epoch: 8, Batch: 470, Acc: 62.49%, Loss: 2.0121
Epoch: 8, Batch: 480, Acc: 62.51%, Loss: 2.0294
Epoch: 8, Batch: 490, Acc: 62.47%, Loss: 2.0564
Epoch: 8, Batch: 500, Acc: 62.48%, Loss: 2.0441
Epoch: 8, Batch: 510, Acc: 62.47%, Loss: 2.0909
Epoch: 8, Batch: 520, Acc: 62.42%, Loss: 2.0549
Epoch: 8, Batch: 530, Acc: 62.44%, Loss: 2.0330
Epoch: 8, Batch: 540, Acc: 62.50%, Loss: 2.0253
Epoch: 8, Batch: 550, Acc: 62.48%, Loss: 2.0789
Epoch: 8, Batch: 560, Acc: 62.50%, Loss: 2.0400
Epoch: 8, Batch: 570, Acc: 62.51%, Loss: 2.0456
Epoch: 8, Batch: 580, Acc: 62.48%, Loss: 2.0653
Epoch: 8, Batch: 590, Acc: 62.49%, Loss: 2.0085
Epoch: 8, Batch: 600, Acc: 62.40%, Loss: 2.0752
Epoch: 8, Batch: 610, Acc: 62.41%, Loss: 2.0178
Epoch: 8, Batch: 620, Acc: 62.42%, Loss: 2.0431
Epoch: 8, Batch: 630, Acc: 62.41%, Loss: 2.0222
Epoch: 8, Batch: 640, Acc: 62.39%, Loss: 2.0760
Epoch: 8, Batch: 650, Acc: 62.34%, Loss: 2.0920
Epoch: 8, Batch: 660, Acc: 62.26%, Loss: 2.1115
Epoch: 8, Batch: 670, Acc: 62.26%, Loss: 2.0318
Epoch: 8, Batch: 680, Acc: 62.24%, Loss: 2.0848
Epoch: 8, Batch: 690, Acc: 62.28%, Loss: 2.0118
Epoch: 8, Batch: 700, Acc: 62.27%, Loss: 2.0695
Epoch: 8, Batch: 710, Acc: 62.30%, Loss: 2.0300
Epoch: 8, Batch: 720, Acc: 62.30%, Loss: 2.0530
Epoch: 8, Batch: 730, Acc: 62.30%, Loss: 2.0470
Epoch: 8, Batch: 740, Acc: 62.30%, Loss: 2.0605
Epoch: 8, Batch: 750, Acc: 62.33%, Loss: 2.0090
Epoch: 8, Batch: 760, Acc: 62.37%, Loss: 2.0335
Epoch: 8, Batch: 770, Acc: 62.36%, Loss: 2.0521
Epoch: 8, Batch: 780, Acc: 62.38%, Loss: 2.0320
Epoch: 8, Batch: 790, Acc: 62.41%, Loss: 2.0217
Epoch: 8, Batch: 800, Acc: 62.42%, Loss: 2.0520
Epoch: 8, Batch: 810, Acc: 62.43%, Loss: 2.0407
Epoch: 8, Batch: 820, Acc: 62.42%, Loss: 2.0622
Epoch: 8, Batch: 830, Acc: 62.44%, Loss: 2.0170
Epoch: 8, Batch: 840, Acc: 62.41%, Loss: 2.1015
Epoch: 8, Batch: 850, Acc: 62.44%, Loss: 2.0120
Epoch: 8, Batch: 860, Acc: 62.46%, Loss: 2.0173
Epoch: 8, Batch: 870, Acc: 62.47%, Loss: 2.0418
Epoch: 8, Batch: 880, Acc: 62.44%, Loss: 2.0930
Epoch: 8, Batch: 890, Acc: 62.45%, Loss: 2.0392
Epoch: 8, Batch: 900, Acc: 62.45%, Loss: 2.0518
Epoch: 8, Batch: 910, Acc: 62.41%, Loss: 2.0935
Epoch: 8, Batch: 920, Acc: 62.46%, Loss: 1.9838
Epoch: 8, Batch: 930, Acc: 62.46%, Loss: 2.0594
Epoch: 8, Batch: 940, Acc: 62.50%, Loss: 2.0226
Epoch: 8, Batch: 950, Acc: 62.47%, Loss: 2.0768
Epoch: 8, Batch: 960, Acc: 62.45%, Loss: 2.0421
Epoch: 8, Batch: 970, Acc: 62.46%, Loss: 2.0313
Epoch: 8, Batch: 980, Acc: 62.47%, Loss: 2.0360
Epoch: 8, Batch: 990, Acc: 62.53%, Loss: 2.0172
Epoch: 8, Batch: 1000, Acc: 62.54%, Loss: 2.0136
Epoch: 8, Batch: 1010, Acc: 62.54%, Loss: 2.0467
Epoch: 8, Batch: 1020, Acc: 62.55%, Loss: 2.0669
Epoch: 8, Batch: 1030, Acc: 62.53%, Loss: 2.0672
Epoch: 8, Batch: 1040, Acc: 62.55%, Loss: 2.0552
Epoch: 8, Batch: 1050, Acc: 62.53%, Loss: 2.0729
Epoch: 8, Batch: 1060, Acc: 62.52%, Loss: 2.0898
Epoch: 8, Batch: 1070, Acc: 62.51%, Loss: 2.0862
Epoch: 8, Batch: 1080, Acc: 62.49%, Loss: 2.0706
Epoch: 8, Batch: 1090, Acc: 62.51%, Loss: 2.0324
Epoch: 8, Batch: 1100, Acc: 62.51%, Loss: 2.0268
Epoch: 8, Batch: 1110, Acc: 62.51%, Loss: 2.0629
Epoch: 8, Batch: 1120, Acc: 62.53%, Loss: 2.0080
Epoch: 8, Batch: 1130, Acc: 62.52%, Loss: 2.0608
Epoch: 8, Batch: 1140, Acc: 62.52%, Loss: 2.0607
Epoch: 8, Batch: 1150, Acc: 62.51%, Loss: 2.0405
Epoch: 8, Batch: 1160, Acc: 62.54%, Loss: 1.9792
Epoch: 8, Batch: 1170, Acc: 62.54%, Loss: 2.0640
Epoch: 8, Batch: 1180, Acc: 62.57%, Loss: 2.0152
Epoch: 8, Batch: 1190, Acc: 62.58%, Loss: 2.0369
Epoch: 8, Batch: 1200, Acc: 62.58%, Loss: 2.0423
Epoch: 8, Batch: 1210, Acc: 62.59%, Loss: 2.0117
Epoch: 8, Batch: 1220, Acc: 62.58%, Loss: 2.0407
Epoch: 8, Batch: 1230, Acc: 62.59%, Loss: 2.0250
Epoch: 8, Batch: 1240, Acc: 62.61%, Loss: 2.0124
Epoch: 8, Batch: 1250, Acc: 62.62%, Loss: 2.0109
Epoch: 8, Batch: 1260, Acc: 62.64%, Loss: 2.0388
Epoch: 8, Batch: 1270, Acc: 62.63%, Loss: 2.0683
Epoch: 8, Batch: 1280, Acc: 62.63%, Loss: 2.0521
Epoch: 8, Batch: 1290, Acc: 62.65%, Loss: 2.0451
Epoch: 8, Batch: 1300, Acc: 62.66%, Loss: 2.0393
Epoch: 8, Batch: 1310, Acc: 62.67%, Loss: 2.0360
Epoch: 8, Batch: 1320, Acc: 62.68%, Loss: 2.0118
Epoch: 8, Batch: 1330, Acc: 62.71%, Loss: 2.0167
Epoch: 8, Batch: 1340, Acc: 62.69%, Loss: 2.0814
Epoch: 8, Batch: 1350, Acc: 62.69%, Loss: 2.0423
Epoch: 8, Batch: 1360, Acc: 62.67%, Loss: 2.0889
Epoch: 8, Batch: 1370, Acc: 62.68%, Loss: 2.0083
Epoch: 8, Batch: 1380, Acc: 62.68%, Loss: 2.0600
Epoch: 8, Batch: 1390, Acc: 62.68%, Loss: 1.9978
Epoch: 8, Batch: 1400, Acc: 62.68%, Loss: 2.0602
Epoch: 8, Batch: 1410, Acc: 62.70%, Loss: 2.0245
Epoch: 8, Batch: 1420, Acc: 62.68%, Loss: 2.0862
Epoch: 8, Batch: 1430, Acc: 62.69%, Loss: 2.0461
Epoch: 8, Batch: 1440, Acc: 62.68%, Loss: 2.0653
Epoch: 8, Batch: 1450, Acc: 62.67%, Loss: 2.0901
Epoch: 8, Batch: 1460, Acc: 62.67%, Loss: 2.0514
Epoch: 8, Batch: 1470, Acc: 62.67%, Loss: 2.0594
Epoch: 8, Batch: 1480, Acc: 62.67%, Loss: 2.0435
Epoch: 8, Batch: 1490, Acc: 62.68%, Loss: 2.0219
Epoch: 8, Batch: 1500, Acc: 62.67%, Loss: 2.0571
Epoch: 8, Batch: 1510, Acc: 62.68%, Loss: 2.0179
Epoch: 8, Batch: 1520, Acc: 62.68%, Loss: 2.0163
Epoch: 8, Batch: 1530, Acc: 62.69%, Loss: 1.9948
Epoch: 8, Batch: 1540, Acc: 62.67%, Loss: 2.0348
Epoch: 8, Batch: 1550, Acc: 62.68%, Loss: 2.0390
Epoch: 8, Batch: 1560, Acc: 62.68%, Loss: 2.0078
Epoch: 8, Batch: 1570, Acc: 62.69%, Loss: 2.0344
Epoch: 8, Batch: 1580, Acc: 62.69%, Loss: 2.0213
Epoch: 8, Batch: 1590, Acc: 62.68%, Loss: 2.0542
Epoch: 8, Batch: 1600, Acc: 62.71%, Loss: 1.9883
Epoch: 8, Batch: 1610, Acc: 62.72%, Loss: 2.0281
Epoch: 8, Batch: 1620, Acc: 62.73%, Loss: 2.0414
Epoch: 8, Batch: 1630, Acc: 62.74%, Loss: 2.0066
Epoch: 8, Batch: 1640, Acc: 62.74%, Loss: 2.0419
Epoch: 8, Batch: 1650, Acc: 62.76%, Loss: 2.0284
Epoch: 8, Batch: 1660, Acc: 62.74%, Loss: 2.0656
Epoch: 8, Batch: 1670, Acc: 62.76%, Loss: 2.0092
Epoch: 8, Batch: 1680, Acc: 62.76%, Loss: 2.0644
Epoch: 8, Batch: 1690, Acc: 62.77%, Loss: 2.0226
Epoch: 8, Batch: 1700, Acc: 62.77%, Loss: 2.0450
Epoch: 8, Batch: 1710, Acc: 62.77%, Loss: 2.0358
Epoch: 8, Batch: 1720, Acc: 62.77%, Loss: 2.0531
Epoch: 8, Batch: 1730, Acc: 62.78%, Loss: 2.0333
Epoch: 8, Batch: 1740, Acc: 62.79%, Loss: 2.0200
Epoch: 8, Batch: 1750, Acc: 62.81%, Loss: 2.0063
Epoch: 8, Batch: 1760, Acc: 62.82%, Loss: 2.0519
Epoch: 8, Batch: 1770, Acc: 62.81%, Loss: 2.0699
Epoch: 8, Batch: 1780, Acc: 62.83%, Loss: 1.9805
Epoch: 8, Batch: 1790, Acc: 62.83%, Loss: 2.0379
Epoch: 8, Batch: 1800, Acc: 62.84%, Loss: 2.0496
Epoch: 8, Batch: 1810, Acc: 62.83%, Loss: 2.0457
Epoch: 8, Batch: 1820, Acc: 62.84%, Loss: 2.0542
Epoch: 8, Batch: 1830, Acc: 62.83%, Loss: 2.0390
Epoch: 8, Batch: 1840, Acc: 62.84%, Loss: 1.9975
Epoch: 8, Batch: 1850, Acc: 62.84%, Loss: 2.0167
Epoch: 8, Batch: 1860, Acc: 62.85%, Loss: 2.0335
Epoch: 8, Batch: 1870, Acc: 62.85%, Loss: 2.0505
Epoch: 8, Batch: 1880, Acc: 62.86%, Loss: 2.0489
Epoch: 8, Batch: 1890, Acc: 62.85%, Loss: 2.0819
Epoch: 8, Batch: 1900, Acc: 62.84%, Loss: 2.0497
Epoch: 8, Batch: 1910, Acc: 62.84%, Loss: 2.0065
Epoch: 8, Batch: 1920, Acc: 62.83%, Loss: 2.0681
Epoch: 8, Batch: 1930, Acc: 62.84%, Loss: 2.0567
Epoch: 8, Batch: 1940, Acc: 62.84%, Loss: 2.0466
Epoch: 8, Batch: 1950, Acc: 62.87%, Loss: 1.9841
Epoch: 8, Batch: 1960, Acc: 62.88%, Loss: 2.0083
Epoch: 8, Batch: 1970, Acc: 62.88%, Loss: 2.0043
Epoch: 8, Batch: 1980, Acc: 62.89%, Loss: 2.0440
Epoch: 8, Batch: 1990, Acc: 62.90%, Loss: 2.0325
Epoch: 8, Batch: 2000, Acc: 62.89%, Loss: 2.0299
Epoch: 8, Batch: 2010, Acc: 62.91%, Loss: 2.0195
Epoch: 8, Batch: 2020, Acc: 62.91%, Loss: 2.0234
Epoch: 8, Batch: 2030, Acc: 62.90%, Loss: 2.0605
Epoch: 8, Batch: 2040, Acc: 62.90%, Loss: 2.0370
Epoch: 8, Batch: 2050, Acc: 62.90%, Loss: 2.0186
Epoch: 8, Batch: 2060, Acc: 62.89%, Loss: 2.0413
Epoch: 8, Batch: 2070, Acc: 62.90%, Loss: 2.0075
Epoch: 8, Batch: 2080, Acc: 62.90%, Loss: 2.0068
Epoch: 8, Batch: 2090, Acc: 62.92%, Loss: 1.9647
Epoch: 8, Batch: 2100, Acc: 62.93%, Loss: 2.0182
Epoch: 8, Batch: 2110, Acc: 62.94%, Loss: 1.9923
Epoch: 8, Batch: 2120, Acc: 62.94%, Loss: 2.0157
Epoch: 8, Batch: 2130, Acc: 62.94%, Loss: 2.0303
Epoch: 8, Batch: 2140, Acc: 62.95%, Loss: 2.0128
Epoch: 8, Batch: 2150, Acc: 62.94%, Loss: 2.0455
Epoch: 8, Batch: 2160, Acc: 62.93%, Loss: 2.0595
Epoch: 8, Batch: 2170, Acc: 62.95%, Loss: 2.0364
Epoch: 8, Batch: 2180, Acc: 62.96%, Loss: 2.0359
Epoch: 8, Batch: 2190, Acc: 62.96%, Loss: 2.0382
Epoch: 8, Batch: 2200, Acc: 62.96%, Loss: 2.0132
Epoch: 8, Batch: 2210, Acc: 62.96%, Loss: 2.0098
Epoch: 8, Batch: 2220, Acc: 62.94%, Loss: 2.1027
Epoch: 8, Batch: 2230, Acc: 62.94%, Loss: 2.0150
Epoch: 8, Batch: 2240, Acc: 62.94%, Loss: 2.0171
Epoch: 8, Batch: 2250, Acc: 62.93%, Loss: 2.0736
Epoch: 8, Batch: 2260, Acc: 62.94%, Loss: 2.0124
Epoch: 8, Batch: 2270, Acc: 62.93%, Loss: 2.0817
Epoch: 8, Batch: 2280, Acc: 62.93%, Loss: 2.0635
Epoch: 8, Batch: 2290, Acc: 62.93%, Loss: 2.0104
Epoch: 8, Batch: 2300, Acc: 62.92%, Loss: 2.0453
Epoch: 8, Batch: 2310, Acc: 62.92%, Loss: 2.0418
Epoch: 8, Batch: 2320, Acc: 62.92%, Loss: 2.0510
Epoch: 8, Batch: 2330, Acc: 62.91%, Loss: 2.0436
Epoch: 8, Batch: 2340, Acc: 62.92%, Loss: 2.0479
Epoch: 8, Batch: 2350, Acc: 62.90%, Loss: 2.0793
Epoch: 8, Batch: 2360, Acc: 62.91%, Loss: 2.0436
Epoch: 8, Batch: 2370, Acc: 62.91%, Loss: 2.0443
Epoch: 8, Batch: 2380, Acc: 62.90%, Loss: 2.0195
Epoch: 8, Batch: 2390, Acc: 62.89%, Loss: 2.0874
Epoch: 8, Batch: 2400, Acc: 62.90%, Loss: 2.0080
Epoch: 8, Batch: 2410, Acc: 62.90%, Loss: 2.0646
Epoch: 8, Batch: 2420, Acc: 62.91%, Loss: 1.9764
Epoch: 8, Batch: 2430, Acc: 62.90%, Loss: 2.0376
Epoch: 8, Batch: 2440, Acc: 62.91%, Loss: 2.0011
Epoch: 8, Batch: 2450, Acc: 62.92%, Loss: 2.0613
Epoch: 8, Batch: 2460, Acc: 62.92%, Loss: 2.0198
Epoch: 8, Batch: 2470, Acc: 62.92%, Loss: 2.0491
Epoch: 8, Batch: 2480, Acc: 62.92%, Loss: 2.0239
Epoch: 8, Batch: 2490, Acc: 62.91%, Loss: 2.0641
Epoch: 8, Batch: 2500, Acc: 62.91%, Loss: 2.0531
Epoch: 8, Batch: 2510, Acc: 62.91%, Loss: 2.0563
Epoch: 8, Batch: 2520, Acc: 62.91%, Loss: 2.0720
Epoch: 8, Batch: 2530, Acc: 62.92%, Loss: 2.0239
Epoch: 8, Batch: 2540, Acc: 62.93%, Loss: 2.0019
Epoch: 8, Batch: 2550, Acc: 62.94%, Loss: 2.0082
Epoch: 8, Batch: 2560, Acc: 62.94%, Loss: 2.0079
Epoch: 8, Batch: 2570, Acc: 62.94%, Loss: 2.0014
Epoch: 8, Batch: 2580, Acc: 62.95%, Loss: 2.0459
Epoch: 8, Batch: 2590, Acc: 62.94%, Loss: 2.0619
Epoch: 8, Batch: 2600, Acc: 62.94%, Loss: 2.0673
Epoch: 8, Batch: 2610, Acc: 62.93%, Loss: 2.0567
Epoch: 8, Batch: 2620, Acc: 62.92%, Loss: 2.0709
Epoch: 8, Batch: 2630, Acc: 62.92%, Loss: 2.0138
Epoch: 8, Batch: 2640, Acc: 62.93%, Loss: 2.0229
Epoch: 8, Batch: 2650, Acc: 62.93%, Loss: 2.0418
Epoch: 8, Batch: 2660, Acc: 62.93%, Loss: 2.0573
Epoch: 8, Batch: 2670, Acc: 62.92%, Loss: 2.0506
Epoch: 8, Batch: 2680, Acc: 62.92%, Loss: 2.0336
Epoch: 8, Batch: 2690, Acc: 62.92%, Loss: 2.0174
Epoch: 8, Batch: 2700, Acc: 62.93%, Loss: 1.9696
Epoch: 8, Batch: 2710, Acc: 62.95%, Loss: 1.9626
Epoch: 8, Batch: 2720, Acc: 62.95%, Loss: 2.0135
Epoch: 8, Batch: 2730, Acc: 62.96%, Loss: 2.0163
Epoch: 8, Batch: 2740, Acc: 62.95%, Loss: 2.0673
Epoch: 8, Batch: 2750, Acc: 62.95%, Loss: 2.0557
Epoch: 8, Batch: 2760, Acc: 62.95%, Loss: 2.0395
Epoch: 8, Batch: 2770, Acc: 62.95%, Loss: 2.0086
Epoch: 8, Batch: 2780, Acc: 62.96%, Loss: 1.9992
Epoch: 8, Batch: 2790, Acc: 62.97%, Loss: 1.9904
Epoch: 8, Batch: 2800, Acc: 62.96%, Loss: 2.0407
Epoch: 8, Batch: 2810, Acc: 62.97%, Loss: 2.0202
Epoch: 8, Batch: 2820, Acc: 62.97%, Loss: 2.0280
Epoch: 8, Batch: 2830, Acc: 62.97%, Loss: 2.0369
Epoch: 8, Batch: 2840, Acc: 62.97%, Loss: 1.9817
Epoch: 8, Batch: 2850, Acc: 62.96%, Loss: 2.0983
Epoch: 8, Batch: 2860, Acc: 62.96%, Loss: 2.0367
Epoch: 8, Batch: 2870, Acc: 62.97%, Loss: 1.9656
Epoch: 8, Batch: 2880, Acc: 62.97%, Loss: 2.0324
Epoch 8: val_acc=0.6426, best_val_acc=0.6426, es_counter=0
Epoch: 9, Batch: 10, Acc: 58.91%, Loss: 2.0736
Epoch: 9, Batch: 20, Acc: 61.17%, Loss: 2.0455
Epoch: 9, Batch: 30, Acc: 61.09%, Loss: 2.0345
Epoch: 9, Batch: 40, Acc: 61.91%, Loss: 2.0267
Epoch: 9, Batch: 50, Acc: 62.22%, Loss: 2.0267
Epoch: 9, Batch: 60, Acc: 62.24%, Loss: 2.0191
Epoch: 9, Batch: 70, Acc: 62.43%, Loss: 2.0222
Epoch: 9, Batch: 80, Acc: 62.64%, Loss: 2.0344
Epoch: 9, Batch: 90, Acc: 62.64%, Loss: 2.0385
Epoch: 9, Batch: 100, Acc: 62.73%, Loss: 2.0148
Epoch: 9, Batch: 110, Acc: 62.83%, Loss: 2.0187
Epoch: 9, Batch: 120, Acc: 62.60%, Loss: 2.0846
Epoch: 9, Batch: 130, Acc: 62.80%, Loss: 2.0122
Epoch: 9, Batch: 140, Acc: 62.72%, Loss: 2.0613
Epoch: 9, Batch: 150, Acc: 62.94%, Loss: 2.0195
Epoch: 9, Batch: 160, Acc: 63.02%, Loss: 2.0050
Epoch: 9, Batch: 170, Acc: 63.07%, Loss: 2.0056
Epoch: 9, Batch: 180, Acc: 63.18%, Loss: 2.0283
Epoch: 9, Batch: 190, Acc: 63.17%, Loss: 2.0410
Epoch: 9, Batch: 200, Acc: 63.24%, Loss: 2.0442
Epoch: 9, Batch: 210, Acc: 63.26%, Loss: 2.0488
Epoch: 9, Batch: 220, Acc: 63.37%, Loss: 2.0112
Epoch: 9, Batch: 230, Acc: 63.27%, Loss: 2.0629
Epoch: 9, Batch: 240, Acc: 63.36%, Loss: 2.0323
Epoch: 9, Batch: 250, Acc: 63.33%, Loss: 2.0711
Epoch: 9, Batch: 260, Acc: 63.36%, Loss: 2.0561
Epoch: 9, Batch: 270, Acc: 63.39%, Loss: 2.0183
Epoch: 9, Batch: 280, Acc: 63.37%, Loss: 2.0873
Epoch: 9, Batch: 290, Acc: 63.31%, Loss: 2.0975
Epoch: 9, Batch: 300, Acc: 63.30%, Loss: 2.0497
Epoch: 9, Batch: 310, Acc: 63.30%, Loss: 1.9853
Epoch: 9, Batch: 320, Acc: 63.25%, Loss: 2.0611
Epoch: 9, Batch: 330, Acc: 63.29%, Loss: 2.0358
Epoch: 9, Batch: 340, Acc: 63.31%, Loss: 2.0273
Epoch: 9, Batch: 350, Acc: 63.35%, Loss: 2.0294
Epoch: 9, Batch: 360, Acc: 63.40%, Loss: 2.0295
Epoch: 9, Batch: 370, Acc: 63.33%, Loss: 2.0631
Epoch: 9, Batch: 380, Acc: 63.30%, Loss: 2.0442
Epoch: 9, Batch: 390, Acc: 63.34%, Loss: 2.0000
Epoch: 9, Batch: 400, Acc: 63.34%, Loss: 2.0399
Epoch: 9, Batch: 410, Acc: 63.38%, Loss: 1.9935
Epoch: 9, Batch: 420, Acc: 63.35%, Loss: 2.0606
Epoch: 9, Batch: 430, Acc: 63.33%, Loss: 2.0653
Epoch: 9, Batch: 440, Acc: 63.31%, Loss: 2.0386
Epoch: 9, Batch: 450, Acc: 63.35%, Loss: 2.0040
Epoch: 9, Batch: 460, Acc: 63.34%, Loss: 2.0353
Epoch: 9, Batch: 470, Acc: 63.40%, Loss: 1.9771
Epoch: 9, Batch: 480, Acc: 63.37%, Loss: 2.0427
Epoch: 9, Batch: 490, Acc: 63.35%, Loss: 2.0217
Epoch: 9, Batch: 500, Acc: 63.37%, Loss: 2.0377
Epoch: 9, Batch: 510, Acc: 63.34%, Loss: 2.0575
Epoch: 9, Batch: 520, Acc: 63.31%, Loss: 2.0501
Epoch: 9, Batch: 530, Acc: 63.33%, Loss: 2.0170
Epoch: 9, Batch: 540, Acc: 63.23%, Loss: 2.0813
Epoch: 9, Batch: 550, Acc: 63.21%, Loss: 2.0540
Epoch: 9, Batch: 560, Acc: 63.26%, Loss: 2.0090
Epoch: 9, Batch: 570, Acc: 63.33%, Loss: 2.0047
Epoch: 9, Batch: 580, Acc: 63.32%, Loss: 2.0281
Epoch: 9, Batch: 590, Acc: 63.29%, Loss: 2.0341
Epoch: 9, Batch: 600, Acc: 63.33%, Loss: 2.0217
Epoch: 9, Batch: 610, Acc: 63.36%, Loss: 1.9731
Epoch: 9, Batch: 620, Acc: 63.36%, Loss: 2.0320
Epoch: 9, Batch: 630, Acc: 63.38%, Loss: 2.0110
Epoch: 9, Batch: 640, Acc: 63.38%, Loss: 2.0406
Epoch: 9, Batch: 650, Acc: 63.33%, Loss: 2.0713
Epoch: 9, Batch: 660, Acc: 63.39%, Loss: 1.9885
Epoch: 9, Batch: 670, Acc: 63.41%, Loss: 2.0313
Epoch: 9, Batch: 680, Acc: 63.43%, Loss: 2.0075
Epoch: 9, Batch: 690, Acc: 63.40%, Loss: 2.0531
Epoch: 9, Batch: 700, Acc: 63.42%, Loss: 2.0341
Epoch: 9, Batch: 710, Acc: 63.44%, Loss: 2.0495
Epoch: 9, Batch: 720, Acc: 63.43%, Loss: 2.0450
Epoch: 9, Batch: 730, Acc: 63.43%, Loss: 2.0506
Epoch: 9, Batch: 740, Acc: 63.41%, Loss: 2.0678
Epoch: 9, Batch: 750, Acc: 63.40%, Loss: 2.0574
Epoch: 9, Batch: 760, Acc: 63.43%, Loss: 1.9999
Epoch: 9, Batch: 770, Acc: 63.48%, Loss: 1.9948
Epoch: 9, Batch: 780, Acc: 63.51%, Loss: 1.9756
Epoch: 9, Batch: 790, Acc: 63.49%, Loss: 2.0325
Epoch: 9, Batch: 800, Acc: 63.47%, Loss: 2.0641
Epoch: 9, Batch: 810, Acc: 63.44%, Loss: 2.0396
Epoch: 9, Batch: 820, Acc: 63.43%, Loss: 2.0466
Epoch: 9, Batch: 830, Acc: 63.43%, Loss: 2.0450
Epoch: 9, Batch: 840, Acc: 63.44%, Loss: 2.0212
Epoch: 9, Batch: 850, Acc: 63.43%, Loss: 2.0396
Epoch: 9, Batch: 860, Acc: 63.41%, Loss: 2.0360
Epoch: 9, Batch: 870, Acc: 63.41%, Loss: 2.0277
Epoch: 9, Batch: 880, Acc: 63.42%, Loss: 2.0080
Epoch: 9, Batch: 890, Acc: 63.41%, Loss: 2.0140
Epoch: 9, Batch: 900, Acc: 63.38%, Loss: 2.0587
Epoch: 9, Batch: 910, Acc: 63.42%, Loss: 2.0275
Epoch: 9, Batch: 920, Acc: 63.41%, Loss: 2.0491
Epoch: 9, Batch: 930, Acc: 63.38%, Loss: 2.0304
Epoch: 9, Batch: 940, Acc: 63.38%, Loss: 2.0325
Epoch: 9, Batch: 950, Acc: 63.40%, Loss: 1.9857
Epoch: 9, Batch: 960, Acc: 63.40%, Loss: 2.0403
Epoch: 9, Batch: 970, Acc: 63.38%, Loss: 2.0574
Epoch: 9, Batch: 980, Acc: 63.37%, Loss: 2.0591
Epoch: 9, Batch: 990, Acc: 63.35%, Loss: 2.0492
Epoch: 9, Batch: 1000, Acc: 63.30%, Loss: 2.0565
Epoch: 9, Batch: 1010, Acc: 63.30%, Loss: 2.0354
Epoch: 9, Batch: 1020, Acc: 63.31%, Loss: 2.0371
Epoch: 9, Batch: 1030, Acc: 63.30%, Loss: 2.0509
Epoch: 9, Batch: 1040, Acc: 63.32%, Loss: 2.0024
Epoch: 9, Batch: 1050, Acc: 63.32%, Loss: 2.0332
Epoch: 9, Batch: 1060, Acc: 63.29%, Loss: 2.0360
Epoch: 9, Batch: 1070, Acc: 63.31%, Loss: 2.0431
Epoch: 9, Batch: 1080, Acc: 63.32%, Loss: 2.0238
Epoch: 9, Batch: 1090, Acc: 63.33%, Loss: 2.0485
Epoch: 9, Batch: 1100, Acc: 63.34%, Loss: 2.0382
Epoch: 9, Batch: 1110, Acc: 63.36%, Loss: 2.0093
Epoch: 9, Batch: 1120, Acc: 63.37%, Loss: 2.0114
Epoch: 9, Batch: 1130, Acc: 63.35%, Loss: 2.0266
Epoch: 9, Batch: 1140, Acc: 63.36%, Loss: 2.0273
Epoch: 9, Batch: 1150, Acc: 63.39%, Loss: 1.9827
Epoch: 9, Batch: 1160, Acc: 63.40%, Loss: 2.0129
Epoch: 9, Batch: 1170, Acc: 63.39%, Loss: 2.0457
Epoch: 9, Batch: 1180, Acc: 63.43%, Loss: 1.9932
Epoch: 9, Batch: 1190, Acc: 63.44%, Loss: 2.0386
Epoch: 9, Batch: 1200, Acc: 63.44%, Loss: 2.0362
Epoch: 9, Batch: 1210, Acc: 63.43%, Loss: 2.0594
Epoch: 9, Batch: 1220, Acc: 63.43%, Loss: 2.0266
Epoch: 9, Batch: 1230, Acc: 63.40%, Loss: 2.0829
Epoch: 9, Batch: 1240, Acc: 63.41%, Loss: 2.0049
Epoch: 9, Batch: 1250, Acc: 63.40%, Loss: 2.0540
Epoch: 9, Batch: 1260, Acc: 63.40%, Loss: 2.0297
Epoch: 9, Batch: 1270, Acc: 63.41%, Loss: 2.0046
Epoch: 9, Batch: 1280, Acc: 63.41%, Loss: 1.9890
Epoch: 9, Batch: 1290, Acc: 63.39%, Loss: 2.0591
Epoch: 9, Batch: 1300, Acc: 63.40%, Loss: 2.0293
Epoch: 9, Batch: 1310, Acc: 63.41%, Loss: 2.0500
Epoch: 9, Batch: 1320, Acc: 63.39%, Loss: 2.0768
Epoch: 9, Batch: 1330, Acc: 63.39%, Loss: 2.0083
Epoch: 9, Batch: 1340, Acc: 63.39%, Loss: 2.0326
Epoch: 9, Batch: 1350, Acc: 63.39%, Loss: 2.0279
Epoch: 9, Batch: 1360, Acc: 63.37%, Loss: 2.0769
Epoch: 9, Batch: 1370, Acc: 63.38%, Loss: 2.0150
Epoch: 9, Batch: 1380, Acc: 63.38%, Loss: 2.0519
Epoch: 9, Batch: 1390, Acc: 63.37%, Loss: 2.0667
Epoch: 9, Batch: 1400, Acc: 63.39%, Loss: 2.0055
Epoch: 9, Batch: 1410, Acc: 63.39%, Loss: 2.0198
Epoch: 9, Batch: 1420, Acc: 63.42%, Loss: 1.9728
Epoch: 9, Batch: 1430, Acc: 63.42%, Loss: 2.0346
Epoch: 9, Batch: 1440, Acc: 63.41%, Loss: 2.0394
Epoch: 9, Batch: 1450, Acc: 63.41%, Loss: 2.0686
Epoch: 9, Batch: 1460, Acc: 63.41%, Loss: 2.0224
Epoch: 9, Batch: 1470, Acc: 63.41%, Loss: 2.0682
Epoch: 9, Batch: 1480, Acc: 63.41%, Loss: 2.0400
Epoch: 9, Batch: 1490, Acc: 63.41%, Loss: 2.0629
Epoch: 9, Batch: 1500, Acc: 63.39%, Loss: 2.0714
Epoch: 9, Batch: 1510, Acc: 63.41%, Loss: 2.0360
Epoch: 9, Batch: 1520, Acc: 63.41%, Loss: 2.0371
Epoch: 9, Batch: 1530, Acc: 63.41%, Loss: 2.0478
Epoch: 9, Batch: 1540, Acc: 63.42%, Loss: 2.0225
Epoch: 9, Batch: 1550, Acc: 63.41%, Loss: 2.0249
Epoch: 9, Batch: 1560, Acc: 63.42%, Loss: 2.0561
Epoch: 9, Batch: 1570, Acc: 63.44%, Loss: 2.0208
Epoch: 9, Batch: 1580, Acc: 63.45%, Loss: 2.0241
Epoch: 9, Batch: 1590, Acc: 63.45%, Loss: 2.0007
Epoch: 9, Batch: 1600, Acc: 63.46%, Loss: 2.0268
Epoch: 9, Batch: 1610, Acc: 63.45%, Loss: 2.0262
Epoch: 9, Batch: 1620, Acc: 63.45%, Loss: 2.0333
Epoch: 9, Batch: 1630, Acc: 63.46%, Loss: 1.9834
Epoch: 9, Batch: 1640, Acc: 63.48%, Loss: 2.0337
Epoch: 9, Batch: 1650, Acc: 63.47%, Loss: 2.0387
Epoch: 9, Batch: 1660, Acc: 63.47%, Loss: 2.0027
Epoch: 9, Batch: 1670, Acc: 63.47%, Loss: 2.0086
Epoch: 9, Batch: 1680, Acc: 63.46%, Loss: 2.0515
Epoch: 9, Batch: 1690, Acc: 63.47%, Loss: 2.0299
Epoch: 9, Batch: 1700, Acc: 63.47%, Loss: 2.0389
Epoch: 9, Batch: 1710, Acc: 63.47%, Loss: 2.0107
Epoch: 9, Batch: 1720, Acc: 63.46%, Loss: 2.0924
Epoch: 9, Batch: 1730, Acc: 63.48%, Loss: 2.0035
Epoch: 9, Batch: 1740, Acc: 63.49%, Loss: 1.9965
Epoch: 9, Batch: 1750, Acc: 63.50%, Loss: 2.0165
Epoch: 9, Batch: 1760, Acc: 63.50%, Loss: 2.0273
Epoch: 9, Batch: 1770, Acc: 63.50%, Loss: 2.0112
Epoch: 9, Batch: 1780, Acc: 63.51%, Loss: 2.0325
Epoch: 9, Batch: 1790, Acc: 63.51%, Loss: 2.0587
Epoch: 9, Batch: 1800, Acc: 63.53%, Loss: 2.0057
Epoch: 9, Batch: 1810, Acc: 63.53%, Loss: 2.0494
Epoch: 9, Batch: 1820, Acc: 63.54%, Loss: 2.0072
Epoch: 9, Batch: 1830, Acc: 63.53%, Loss: 2.0352
Epoch: 9, Batch: 1840, Acc: 63.53%, Loss: 2.0168
Epoch: 9, Batch: 1850, Acc: 63.53%, Loss: 2.0365
Epoch: 9, Batch: 1860, Acc: 63.53%, Loss: 2.0455
Epoch: 9, Batch: 1870, Acc: 63.53%, Loss: 2.0686
Epoch: 9, Batch: 1880, Acc: 63.55%, Loss: 1.9721
Epoch: 9, Batch: 1890, Acc: 63.56%, Loss: 2.0070
Epoch: 9, Batch: 1900, Acc: 63.56%, Loss: 2.0374
Epoch: 9, Batch: 1910, Acc: 63.56%, Loss: 2.0343
Epoch: 9, Batch: 1920, Acc: 63.55%, Loss: 2.0730
Epoch: 9, Batch: 1930, Acc: 63.56%, Loss: 2.0120
Epoch: 9, Batch: 1940, Acc: 63.56%, Loss: 2.0288
Epoch: 9, Batch: 1950, Acc: 63.56%, Loss: 2.0336
Epoch: 9, Batch: 1960, Acc: 63.55%, Loss: 2.0287
Epoch: 9, Batch: 1970, Acc: 63.54%, Loss: 2.0514
Epoch: 9, Batch: 1980, Acc: 63.56%, Loss: 1.9950
Epoch: 9, Batch: 1990, Acc: 63.55%, Loss: 2.0151
Epoch: 9, Batch: 2000, Acc: 63.56%, Loss: 2.0146
Epoch: 9, Batch: 2010, Acc: 63.56%, Loss: 1.9971
Epoch: 9, Batch: 2020, Acc: 63.56%, Loss: 1.9923
Epoch: 9, Batch: 2030, Acc: 63.57%, Loss: 2.0085
Epoch: 9, Batch: 2040, Acc: 63.56%, Loss: 2.0532
Epoch: 9, Batch: 2050, Acc: 63.55%, Loss: 2.0483
Epoch: 9, Batch: 2060, Acc: 63.55%, Loss: 2.0465
Epoch: 9, Batch: 2070, Acc: 63.57%, Loss: 1.9787
Epoch: 9, Batch: 2080, Acc: 63.56%, Loss: 2.0541
Epoch: 9, Batch: 2090, Acc: 63.57%, Loss: 2.0147
Epoch: 9, Batch: 2100, Acc: 63.60%, Loss: 1.9753
Epoch: 9, Batch: 2110, Acc: 63.60%, Loss: 2.0429
Epoch: 9, Batch: 2120, Acc: 63.61%, Loss: 2.0012
Epoch: 9, Batch: 2130, Acc: 63.59%, Loss: 2.0741
Epoch: 9, Batch: 2140, Acc: 63.61%, Loss: 1.9930
Epoch: 9, Batch: 2150, Acc: 63.61%, Loss: 2.0050
Epoch: 9, Batch: 2160, Acc: 63.62%, Loss: 2.0083
Epoch: 9, Batch: 2170, Acc: 63.63%, Loss: 2.0035
Epoch: 9, Batch: 2180, Acc: 63.63%, Loss: 2.0740
Epoch: 9, Batch: 2190, Acc: 63.62%, Loss: 2.0077
Epoch: 9, Batch: 2200, Acc: 63.64%, Loss: 1.9894
Epoch: 9, Batch: 2210, Acc: 63.65%, Loss: 1.9990
Epoch: 9, Batch: 2220, Acc: 63.64%, Loss: 2.0242
Epoch: 9, Batch: 2230, Acc: 63.65%, Loss: 2.0084
Epoch: 9, Batch: 2240, Acc: 63.65%, Loss: 2.0321
Epoch: 9, Batch: 2250, Acc: 63.65%, Loss: 2.0135
Epoch: 9, Batch: 2260, Acc: 63.65%, Loss: 2.0434
Epoch: 9, Batch: 2270, Acc: 63.65%, Loss: 2.0392
Epoch: 9, Batch: 2280, Acc: 63.66%, Loss: 2.0049
Epoch: 9, Batch: 2290, Acc: 63.64%, Loss: 2.0668
Epoch: 9, Batch: 2300, Acc: 63.65%, Loss: 1.9928
Epoch: 9, Batch: 2310, Acc: 63.64%, Loss: 2.0551
Epoch: 9, Batch: 2320, Acc: 63.65%, Loss: 2.0672
Epoch: 9, Batch: 2330, Acc: 63.63%, Loss: 2.0653
Epoch: 9, Batch: 2340, Acc: 63.64%, Loss: 2.0071
Epoch: 9, Batch: 2350, Acc: 63.64%, Loss: 2.0447
Epoch: 9, Batch: 2360, Acc: 63.63%, Loss: 2.0226
Epoch: 9, Batch: 2370, Acc: 63.63%, Loss: 2.0353
Epoch: 9, Batch: 2380, Acc: 63.63%, Loss: 2.0776
Epoch: 9, Batch: 2390, Acc: 63.63%, Loss: 2.0104
Epoch: 9, Batch: 2400, Acc: 63.63%, Loss: 2.0318
Epoch: 9, Batch: 2410, Acc: 63.63%, Loss: 2.0228
Epoch: 9, Batch: 2420, Acc: 63.63%, Loss: 2.0436
Epoch: 9, Batch: 2430, Acc: 63.63%, Loss: 2.0336
Epoch: 9, Batch: 2440, Acc: 63.63%, Loss: 2.0577
Epoch: 9, Batch: 2450, Acc: 63.64%, Loss: 2.0106
Epoch: 9, Batch: 2460, Acc: 63.64%, Loss: 2.0186
Epoch: 9, Batch: 2470, Acc: 63.63%, Loss: 2.0047
Epoch: 9, Batch: 2480, Acc: 63.63%, Loss: 2.0182
Epoch: 9, Batch: 2490, Acc: 63.64%, Loss: 2.0234
Epoch: 9, Batch: 2500, Acc: 63.63%, Loss: 2.0415
Epoch: 9, Batch: 2510, Acc: 63.62%, Loss: 2.0469
Epoch: 9, Batch: 2520, Acc: 63.62%, Loss: 2.0066
Epoch: 9, Batch: 2530, Acc: 63.62%, Loss: 2.0149
Epoch: 9, Batch: 2540, Acc: 63.63%, Loss: 2.0138
Epoch: 9, Batch: 2550, Acc: 63.63%, Loss: 1.9912
Epoch: 9, Batch: 2560, Acc: 63.64%, Loss: 1.9980
Epoch: 9, Batch: 2570, Acc: 63.63%, Loss: 2.0549
Epoch: 9, Batch: 2580, Acc: 63.63%, Loss: 1.9590
Epoch: 9, Batch: 2590, Acc: 63.63%, Loss: 2.0495
Epoch: 9, Batch: 2600, Acc: 63.63%, Loss: 2.0245
Epoch: 9, Batch: 2610, Acc: 63.62%, Loss: 2.0267
Epoch: 9, Batch: 2620, Acc: 63.62%, Loss: 2.0102
Epoch: 9, Batch: 2630, Acc: 63.61%, Loss: 2.0585
Epoch: 9, Batch: 2640, Acc: 63.61%, Loss: 2.0493
Epoch: 9, Batch: 2650, Acc: 63.62%, Loss: 1.9668
Epoch: 9, Batch: 2660, Acc: 63.63%, Loss: 1.9825
Epoch: 9, Batch: 2670, Acc: 63.65%, Loss: 1.9690
Epoch: 9, Batch: 2680, Acc: 63.63%, Loss: 2.0671
Epoch: 9, Batch: 2690, Acc: 63.64%, Loss: 2.0035
Epoch: 9, Batch: 2700, Acc: 63.63%, Loss: 2.0241
Epoch: 9, Batch: 2710, Acc: 63.62%, Loss: 2.0366
Epoch: 9, Batch: 2720, Acc: 63.61%, Loss: 2.0586
Epoch: 9, Batch: 2730, Acc: 63.62%, Loss: 2.0233
Epoch: 9, Batch: 2740, Acc: 63.63%, Loss: 2.0365
Epoch: 9, Batch: 2750, Acc: 63.62%, Loss: 2.0432
Epoch: 9, Batch: 2760, Acc: 63.63%, Loss: 2.0222
Epoch: 9, Batch: 2770, Acc: 63.62%, Loss: 2.0749
Epoch: 9, Batch: 2780, Acc: 63.63%, Loss: 1.9799
Epoch: 9, Batch: 2790, Acc: 63.63%, Loss: 2.0249
Epoch: 9, Batch: 2800, Acc: 63.63%, Loss: 2.0265
Epoch: 9, Batch: 2810, Acc: 63.63%, Loss: 2.0256
Epoch: 9, Batch: 2820, Acc: 63.62%, Loss: 2.1048
Epoch: 9, Batch: 2830, Acc: 63.63%, Loss: 2.0111
Epoch: 9, Batch: 2840, Acc: 63.63%, Loss: 2.0489
Epoch: 9, Batch: 2850, Acc: 63.64%, Loss: 2.0000
Epoch: 9, Batch: 2860, Acc: 63.64%, Loss: 2.0218
Epoch: 9, Batch: 2870, Acc: 63.65%, Loss: 2.0212
Epoch: 9, Batch: 2880, Acc: 63.66%, Loss: 2.0077
Epoch 9: val_acc=0.6451, best_val_acc=0.6426, es_counter=1
Epoch: 10, Batch: 10, Acc: 68.75%, Loss: 1.9795
Epoch: 10, Batch: 20, Acc: 66.41%, Loss: 2.0011
Epoch: 10, Batch: 30, Acc: 65.42%, Loss: 2.0189
Epoch: 10, Batch: 40, Acc: 64.73%, Loss: 2.0569
Epoch: 10, Batch: 50, Acc: 63.88%, Loss: 2.0473
Epoch: 10, Batch: 60, Acc: 63.88%, Loss: 1.9997
Epoch: 10, Batch: 70, Acc: 63.71%, Loss: 2.0287
Epoch: 10, Batch: 80, Acc: 64.06%, Loss: 2.0202
Epoch: 10, Batch: 90, Acc: 63.91%, Loss: 2.0448
Epoch: 10, Batch: 100, Acc: 63.77%, Loss: 2.0375
Epoch: 10, Batch: 110, Acc: 63.65%, Loss: 2.0337
Epoch: 10, Batch: 120, Acc: 63.75%, Loss: 1.9936
Epoch: 10, Batch: 130, Acc: 63.93%, Loss: 1.9904
Epoch: 10, Batch: 140, Acc: 64.08%, Loss: 2.0067
Epoch: 10, Batch: 150, Acc: 64.11%, Loss: 1.9834
Epoch: 10, Batch: 160, Acc: 63.90%, Loss: 2.0913
Epoch: 10, Batch: 170, Acc: 63.93%, Loss: 2.0041
Epoch: 10, Batch: 180, Acc: 63.78%, Loss: 2.0632
Epoch: 10, Batch: 190, Acc: 63.69%, Loss: 2.0415
Epoch: 10, Batch: 200, Acc: 63.77%, Loss: 2.0012
Epoch: 10, Batch: 210, Acc: 63.95%, Loss: 1.9558
Epoch: 10, Batch: 220, Acc: 63.89%, Loss: 2.0580
Epoch: 10, Batch: 230, Acc: 63.89%, Loss: 2.0153
Epoch: 10, Batch: 240, Acc: 63.90%, Loss: 2.0513
Epoch: 10, Batch: 250, Acc: 63.84%, Loss: 2.0474
Epoch: 10, Batch: 260, Acc: 63.85%, Loss: 2.0043
Epoch: 10, Batch: 270, Acc: 63.88%, Loss: 2.0213
Epoch: 10, Batch: 280, Acc: 63.87%, Loss: 2.0431
Epoch: 10, Batch: 290, Acc: 63.90%, Loss: 2.0082
Epoch: 10, Batch: 300, Acc: 63.97%, Loss: 2.0127
Epoch: 10, Batch: 310, Acc: 64.05%, Loss: 2.0304
Epoch: 10, Batch: 320, Acc: 64.04%, Loss: 2.0398
Epoch: 10, Batch: 330, Acc: 64.00%, Loss: 2.0325
Epoch: 10, Batch: 340, Acc: 64.03%, Loss: 2.0230
Epoch: 10, Batch: 350, Acc: 63.98%, Loss: 2.0972
Epoch: 10, Batch: 360, Acc: 64.01%, Loss: 2.0322
Epoch: 10, Batch: 370, Acc: 64.00%, Loss: 2.0344
Epoch: 10, Batch: 380, Acc: 64.02%, Loss: 2.0552
Epoch: 10, Batch: 390, Acc: 64.05%, Loss: 2.0065
Epoch: 10, Batch: 400, Acc: 64.11%, Loss: 2.0036
Epoch: 10, Batch: 410, Acc: 64.06%, Loss: 2.0376
Epoch: 10, Batch: 420, Acc: 64.12%, Loss: 2.0208
Epoch: 10, Batch: 430, Acc: 64.14%, Loss: 1.9942
Epoch: 10, Batch: 440, Acc: 64.02%, Loss: 2.0514
Epoch: 10, Batch: 450, Acc: 64.03%, Loss: 2.0241
Epoch: 10, Batch: 460, Acc: 64.03%, Loss: 2.0135
Epoch: 10, Batch: 470, Acc: 64.05%, Loss: 2.0156
Epoch: 10, Batch: 480, Acc: 64.00%, Loss: 2.0607
Epoch: 10, Batch: 490, Acc: 64.01%, Loss: 1.9982
Epoch: 10, Batch: 500, Acc: 64.03%, Loss: 1.9902
Epoch: 10, Batch: 510, Acc: 64.04%, Loss: 2.0206
Epoch: 10, Batch: 520, Acc: 64.02%, Loss: 2.0354
Epoch: 10, Batch: 530, Acc: 64.00%, Loss: 2.0367
Epoch: 10, Batch: 540, Acc: 64.03%, Loss: 2.0204
Epoch: 10, Batch: 550, Acc: 64.08%, Loss: 1.9946
Epoch: 10, Batch: 560, Acc: 64.04%, Loss: 2.0335
Epoch: 10, Batch: 570, Acc: 63.99%, Loss: 2.0350
Epoch: 10, Batch: 580, Acc: 64.00%, Loss: 2.0387
Epoch: 10, Batch: 590, Acc: 64.01%, Loss: 1.9549
Epoch: 10, Batch: 600, Acc: 64.02%, Loss: 2.0076
Epoch: 10, Batch: 610, Acc: 63.95%, Loss: 2.0357
Epoch: 10, Batch: 620, Acc: 63.95%, Loss: 2.0334
Epoch: 10, Batch: 630, Acc: 63.95%, Loss: 2.0079
Epoch: 10, Batch: 640, Acc: 63.93%, Loss: 2.0337
Epoch: 10, Batch: 650, Acc: 64.00%, Loss: 1.9792
Epoch: 10, Batch: 660, Acc: 63.97%, Loss: 2.0386
Epoch: 10, Batch: 670, Acc: 63.98%, Loss: 2.0118
Epoch: 10, Batch: 680, Acc: 63.98%, Loss: 2.0317
Epoch: 10, Batch: 690, Acc: 63.90%, Loss: 2.0648
Epoch: 10, Batch: 700, Acc: 63.92%, Loss: 2.0201
Epoch: 10, Batch: 710, Acc: 63.93%, Loss: 1.9993
Epoch: 10, Batch: 720, Acc: 63.88%, Loss: 2.0768
Epoch: 10, Batch: 730, Acc: 63.82%, Loss: 2.0445
Epoch: 10, Batch: 740, Acc: 63.83%, Loss: 2.0219
Epoch: 10, Batch: 750, Acc: 63.74%, Loss: 2.1059
Epoch: 10, Batch: 760, Acc: 63.71%, Loss: 2.0296
Epoch: 10, Batch: 770, Acc: 63.67%, Loss: 2.0903
Epoch: 10, Batch: 780, Acc: 63.61%, Loss: 2.0901
Epoch: 10, Batch: 790, Acc: 63.62%, Loss: 2.0031
Epoch: 10, Batch: 800, Acc: 63.59%, Loss: 2.0466
Epoch: 10, Batch: 810, Acc: 63.61%, Loss: 1.9686
Epoch: 10, Batch: 820, Acc: 63.61%, Loss: 2.0066
Epoch: 10, Batch: 830, Acc: 63.62%, Loss: 2.0087
Epoch: 10, Batch: 840, Acc: 63.63%, Loss: 1.9992
Epoch: 10, Batch: 850, Acc: 63.64%, Loss: 2.0148
Epoch: 10, Batch: 860, Acc: 63.65%, Loss: 2.0123
Epoch: 10, Batch: 870, Acc: 63.67%, Loss: 2.0126
Epoch: 10, Batch: 880, Acc: 63.68%, Loss: 2.0480
Epoch: 10, Batch: 890, Acc: 63.71%, Loss: 1.9780
Epoch: 10, Batch: 900, Acc: 63.72%, Loss: 2.0475
Epoch: 10, Batch: 910, Acc: 63.73%, Loss: 2.0104
Epoch: 10, Batch: 920, Acc: 63.72%, Loss: 2.0222
Epoch: 10, Batch: 930, Acc: 63.72%, Loss: 2.0264
Epoch: 10, Batch: 940, Acc: 63.72%, Loss: 2.0394
Epoch: 10, Batch: 950, Acc: 63.74%, Loss: 1.9868
Epoch: 10, Batch: 960, Acc: 63.76%, Loss: 2.0321
Epoch: 10, Batch: 970, Acc: 63.77%, Loss: 2.0217
Epoch: 10, Batch: 980, Acc: 63.77%, Loss: 2.0358
Epoch: 10, Batch: 990, Acc: 63.76%, Loss: 2.0437
Epoch: 10, Batch: 1000, Acc: 63.77%, Loss: 2.0213
Epoch: 10, Batch: 1010, Acc: 63.78%, Loss: 2.0168
Epoch: 10, Batch: 1020, Acc: 63.81%, Loss: 1.9781
Epoch: 10, Batch: 1030, Acc: 63.82%, Loss: 2.0087
Epoch: 10, Batch: 1040, Acc: 63.81%, Loss: 2.0092
Epoch: 10, Batch: 1050, Acc: 63.80%, Loss: 2.0177
Epoch: 10, Batch: 1060, Acc: 63.78%, Loss: 2.0418
Epoch: 10, Batch: 1070, Acc: 63.77%, Loss: 2.0530
Epoch: 10, Batch: 1080, Acc: 63.80%, Loss: 1.9715
Epoch: 10, Batch: 1090, Acc: 63.80%, Loss: 2.0045
Epoch: 10, Batch: 1100, Acc: 63.80%, Loss: 1.9988
Epoch: 10, Batch: 1110, Acc: 63.79%, Loss: 2.0333
Epoch: 10, Batch: 1120, Acc: 63.79%, Loss: 2.0301
Epoch: 10, Batch: 1130, Acc: 63.79%, Loss: 2.0360
Epoch: 10, Batch: 1140, Acc: 63.78%, Loss: 2.0417
Epoch: 10, Batch: 1150, Acc: 63.77%, Loss: 2.0550
Epoch: 10, Batch: 1160, Acc: 63.77%, Loss: 2.0300
Epoch: 10, Batch: 1170, Acc: 63.79%, Loss: 1.9953
Epoch: 10, Batch: 1180, Acc: 63.78%, Loss: 2.0219
Epoch: 10, Batch: 1190, Acc: 63.79%, Loss: 2.0327
Epoch: 10, Batch: 1200, Acc: 63.78%, Loss: 1.9963
Epoch: 10, Batch: 1210, Acc: 63.82%, Loss: 1.9887
Epoch: 10, Batch: 1220, Acc: 63.80%, Loss: 2.0552
Epoch: 10, Batch: 1230, Acc: 63.79%, Loss: 2.0373
Epoch: 10, Batch: 1240, Acc: 63.81%, Loss: 2.0154
Epoch: 10, Batch: 1250, Acc: 63.82%, Loss: 2.0054
Epoch: 10, Batch: 1260, Acc: 63.81%, Loss: 2.0182
Epoch: 10, Batch: 1270, Acc: 63.81%, Loss: 2.0570
Epoch: 10, Batch: 1280, Acc: 63.82%, Loss: 2.0015
Epoch: 10, Batch: 1290, Acc: 63.81%, Loss: 2.0684
Epoch: 10, Batch: 1300, Acc: 63.79%, Loss: 2.0842
Epoch: 10, Batch: 1310, Acc: 63.81%, Loss: 1.9765
Epoch: 10, Batch: 1320, Acc: 63.79%, Loss: 2.0377
Epoch: 10, Batch: 1330, Acc: 63.80%, Loss: 2.0134
Epoch: 10, Batch: 1340, Acc: 63.82%, Loss: 1.9698
Epoch: 10, Batch: 1350, Acc: 63.84%, Loss: 1.9890
Epoch: 10, Batch: 1360, Acc: 63.83%, Loss: 2.0055
Epoch: 10, Batch: 1370, Acc: 63.83%, Loss: 2.0359
Epoch: 10, Batch: 1380, Acc: 63.85%, Loss: 1.9981
Epoch: 10, Batch: 1390, Acc: 63.84%, Loss: 2.0582
Epoch: 10, Batch: 1400, Acc: 63.83%, Loss: 2.0377
Epoch: 10, Batch: 1410, Acc: 63.87%, Loss: 1.9550
Epoch: 10, Batch: 1420, Acc: 63.88%, Loss: 2.0215
Epoch: 10, Batch: 1430, Acc: 63.87%, Loss: 2.0286
Epoch: 10, Batch: 1440, Acc: 63.87%, Loss: 2.0468
Epoch: 10, Batch: 1450, Acc: 63.88%, Loss: 1.9973
Epoch: 10, Batch: 1460, Acc: 63.87%, Loss: 2.0355
Epoch: 10, Batch: 1470, Acc: 63.87%, Loss: 2.0117
Epoch: 10, Batch: 1480, Acc: 63.86%, Loss: 2.0365
Epoch: 10, Batch: 1490, Acc: 63.88%, Loss: 1.9785
Epoch: 10, Batch: 1500, Acc: 63.88%, Loss: 2.0084
Epoch: 10, Batch: 1510, Acc: 63.89%, Loss: 1.9991
Epoch: 10, Batch: 1520, Acc: 63.90%, Loss: 2.0101
Epoch: 10, Batch: 1530, Acc: 63.91%, Loss: 2.0388
Epoch: 10, Batch: 1540, Acc: 63.91%, Loss: 2.0288
Epoch: 10, Batch: 1550, Acc: 63.91%, Loss: 2.0350
Epoch: 10, Batch: 1560, Acc: 63.93%, Loss: 1.9961
Epoch: 10, Batch: 1570, Acc: 63.94%, Loss: 2.0007
Epoch: 10, Batch: 1580, Acc: 63.93%, Loss: 2.0466
Epoch: 10, Batch: 1590, Acc: 63.92%, Loss: 2.0123
Epoch: 10, Batch: 1600, Acc: 63.93%, Loss: 2.0253
Epoch: 10, Batch: 1610, Acc: 63.91%, Loss: 2.0385
Epoch: 10, Batch: 1620, Acc: 63.93%, Loss: 1.9920
Epoch: 10, Batch: 1630, Acc: 63.92%, Loss: 2.0776
Epoch: 10, Batch: 1640, Acc: 63.93%, Loss: 1.9814
Epoch: 10, Batch: 1650, Acc: 63.91%, Loss: 2.0647
Epoch: 10, Batch: 1660, Acc: 63.92%, Loss: 2.0135
Epoch: 10, Batch: 1670, Acc: 63.92%, Loss: 2.0366
Epoch: 10, Batch: 1680, Acc: 63.91%, Loss: 2.0322
Epoch: 10, Batch: 1690, Acc: 63.92%, Loss: 2.0041
Epoch: 10, Batch: 1700, Acc: 63.91%, Loss: 2.0331
Epoch: 10, Batch: 1710, Acc: 63.90%, Loss: 2.0546
Epoch: 10, Batch: 1720, Acc: 63.91%, Loss: 2.0578
Epoch: 10, Batch: 1730, Acc: 63.92%, Loss: 1.9973
Epoch: 10, Batch: 1740, Acc: 63.90%, Loss: 2.0545
Epoch: 10, Batch: 1750, Acc: 63.90%, Loss: 2.0265
Epoch: 10, Batch: 1760, Acc: 63.91%, Loss: 1.9590
Epoch: 10, Batch: 1770, Acc: 63.91%, Loss: 2.0168
Epoch: 10, Batch: 1780, Acc: 63.91%, Loss: 2.0363
Epoch: 10, Batch: 1790, Acc: 63.89%, Loss: 2.0521
Epoch: 10, Batch: 1800, Acc: 63.89%, Loss: 1.9992
Epoch: 10, Batch: 1810, Acc: 63.89%, Loss: 2.0311
Epoch: 10, Batch: 1820, Acc: 63.88%, Loss: 2.0431
Epoch: 10, Batch: 1830, Acc: 63.88%, Loss: 2.0130
Epoch: 10, Batch: 1840, Acc: 63.88%, Loss: 2.0292
Epoch: 10, Batch: 1850, Acc: 63.88%, Loss: 2.0076
Epoch: 10, Batch: 1860, Acc: 63.88%, Loss: 2.0295
Epoch: 10, Batch: 1870, Acc: 63.87%, Loss: 2.0398
Epoch: 10, Batch: 1880, Acc: 63.87%, Loss: 2.0221
Epoch: 10, Batch: 1890, Acc: 63.87%, Loss: 2.0219
Epoch: 10, Batch: 1900, Acc: 63.88%, Loss: 2.0022
Epoch: 10, Batch: 1910, Acc: 63.90%, Loss: 1.9572
Epoch: 10, Batch: 1920, Acc: 63.91%, Loss: 1.9694
Epoch: 10, Batch: 1930, Acc: 63.90%, Loss: 2.0609
Epoch: 10, Batch: 1940, Acc: 63.89%, Loss: 2.0550
Epoch: 10, Batch: 1950, Acc: 63.90%, Loss: 1.9790
Epoch: 10, Batch: 1960, Acc: 63.91%, Loss: 2.0016
Epoch: 10, Batch: 1970, Acc: 63.90%, Loss: 2.0767
Epoch: 10, Batch: 1980, Acc: 63.90%, Loss: 2.0540
Epoch: 10, Batch: 1990, Acc: 63.92%, Loss: 1.9834
Epoch: 10, Batch: 2000, Acc: 63.90%, Loss: 2.0695
Epoch: 10, Batch: 2010, Acc: 63.90%, Loss: 2.0153
Epoch: 10, Batch: 2020, Acc: 63.93%, Loss: 1.9763
Epoch: 10, Batch: 2030, Acc: 63.94%, Loss: 1.9979
Epoch: 10, Batch: 2040, Acc: 63.95%, Loss: 1.9952
Epoch: 10, Batch: 2050, Acc: 63.93%, Loss: 2.0497
Epoch: 10, Batch: 2060, Acc: 63.92%, Loss: 2.0600
Epoch: 10, Batch: 2070, Acc: 63.94%, Loss: 1.9914
Epoch: 10, Batch: 2080, Acc: 63.93%, Loss: 2.0600
Epoch: 10, Batch: 2090, Acc: 63.93%, Loss: 2.0217
Epoch: 10, Batch: 2100, Acc: 63.92%, Loss: 2.0474
Epoch: 10, Batch: 2110, Acc: 63.92%, Loss: 2.0144
Epoch: 10, Batch: 2120, Acc: 63.91%, Loss: 2.0604
Epoch: 10, Batch: 2130, Acc: 63.91%, Loss: 2.0124
Epoch: 10, Batch: 2140, Acc: 63.90%, Loss: 2.0708
Epoch: 10, Batch: 2150, Acc: 63.90%, Loss: 2.0327
Epoch: 10, Batch: 2160, Acc: 63.88%, Loss: 2.0746
Epoch: 10, Batch: 2170, Acc: 63.88%, Loss: 1.9997
Epoch: 10, Batch: 2180, Acc: 63.89%, Loss: 2.0300
Epoch: 10, Batch: 2190, Acc: 63.89%, Loss: 2.0458
Epoch: 10, Batch: 2200, Acc: 63.90%, Loss: 1.9765
Epoch: 10, Batch: 2210, Acc: 63.90%, Loss: 2.0309
Epoch: 10, Batch: 2220, Acc: 63.88%, Loss: 2.0660
Epoch: 10, Batch: 2230, Acc: 63.88%, Loss: 2.0115
Epoch: 10, Batch: 2240, Acc: 63.87%, Loss: 2.0454
Epoch: 10, Batch: 2250, Acc: 63.88%, Loss: 2.0234
Epoch: 10, Batch: 2260, Acc: 63.89%, Loss: 1.9962
Epoch: 10, Batch: 2270, Acc: 63.90%, Loss: 1.9835
Epoch: 10, Batch: 2280, Acc: 63.91%, Loss: 2.0131
Epoch: 10, Batch: 2290, Acc: 63.92%, Loss: 1.9973
Epoch: 10, Batch: 2300, Acc: 63.93%, Loss: 2.0087
Epoch: 10, Batch: 2310, Acc: 63.92%, Loss: 2.0402
Epoch: 10, Batch: 2320, Acc: 63.94%, Loss: 1.9625
Epoch: 10, Batch: 2330, Acc: 63.94%, Loss: 1.9870
Epoch: 10, Batch: 2340, Acc: 63.94%, Loss: 2.0313
Epoch: 10, Batch: 2350, Acc: 63.95%, Loss: 1.9873
Epoch: 10, Batch: 2360, Acc: 63.95%, Loss: 2.0211
Epoch: 10, Batch: 2370, Acc: 63.96%, Loss: 2.0333
Epoch: 10, Batch: 2380, Acc: 63.97%, Loss: 1.9918
Epoch: 10, Batch: 2390, Acc: 63.97%, Loss: 2.0204
Epoch: 10, Batch: 2400, Acc: 63.96%, Loss: 2.0498
Epoch: 10, Batch: 2410, Acc: 63.98%, Loss: 1.9502
Epoch: 10, Batch: 2420, Acc: 63.98%, Loss: 2.0054
Epoch: 10, Batch: 2430, Acc: 63.98%, Loss: 2.0292
Epoch: 10, Batch: 2440, Acc: 63.98%, Loss: 2.0488
Epoch: 10, Batch: 2450, Acc: 63.98%, Loss: 2.0210
Epoch: 10, Batch: 2460, Acc: 63.99%, Loss: 1.9989
Epoch: 10, Batch: 2470, Acc: 63.99%, Loss: 2.0278
Epoch: 10, Batch: 2480, Acc: 64.00%, Loss: 1.9993
Epoch: 10, Batch: 2490, Acc: 64.00%, Loss: 2.0151
Epoch: 10, Batch: 2500, Acc: 64.01%, Loss: 2.0347
Epoch: 10, Batch: 2510, Acc: 64.02%, Loss: 2.0332
Epoch: 10, Batch: 2520, Acc: 64.01%, Loss: 2.0345
Epoch: 10, Batch: 2530, Acc: 64.00%, Loss: 2.0749
Epoch: 10, Batch: 2540, Acc: 63.99%, Loss: 2.0476
Epoch: 10, Batch: 2550, Acc: 63.99%, Loss: 2.0286
Epoch: 10, Batch: 2560, Acc: 63.99%, Loss: 2.0473
Epoch: 10, Batch: 2570, Acc: 64.00%, Loss: 2.0253
Epoch: 10, Batch: 2580, Acc: 63.98%, Loss: 2.0757
Epoch: 10, Batch: 2590, Acc: 63.98%, Loss: 2.0066
Epoch: 10, Batch: 2600, Acc: 63.99%, Loss: 1.9590
Epoch: 10, Batch: 2610, Acc: 63.98%, Loss: 2.0229
Epoch: 10, Batch: 2620, Acc: 63.99%, Loss: 1.9487
Epoch: 10, Batch: 2630, Acc: 64.00%, Loss: 2.0138
Epoch: 10, Batch: 2640, Acc: 63.99%, Loss: 2.0379
Epoch: 10, Batch: 2650, Acc: 63.99%, Loss: 2.0225
Epoch: 10, Batch: 2660, Acc: 63.99%, Loss: 2.0186
Epoch: 10, Batch: 2670, Acc: 63.99%, Loss: 2.0163
Epoch: 10, Batch: 2680, Acc: 63.98%, Loss: 2.0491
Epoch: 10, Batch: 2690, Acc: 63.98%, Loss: 2.0248
Epoch: 10, Batch: 2700, Acc: 63.98%, Loss: 2.0178
Epoch: 10, Batch: 2710, Acc: 63.98%, Loss: 2.0246
Epoch: 10, Batch: 2720, Acc: 63.98%, Loss: 2.0347
Epoch: 10, Batch: 2730, Acc: 63.98%, Loss: 2.0362
Epoch: 10, Batch: 2740, Acc: 63.97%, Loss: 2.0753
Epoch: 10, Batch: 2750, Acc: 63.97%, Loss: 2.0451
Epoch: 10, Batch: 2760, Acc: 63.96%, Loss: 2.0689
Epoch: 10, Batch: 2770, Acc: 63.96%, Loss: 2.0497
Epoch: 10, Batch: 2780, Acc: 63.96%, Loss: 2.0065
Epoch: 10, Batch: 2790, Acc: 63.96%, Loss: 1.9992
Epoch: 10, Batch: 2800, Acc: 63.96%, Loss: 2.0251
Epoch: 10, Batch: 2810, Acc: 63.97%, Loss: 1.9985
Epoch: 10, Batch: 2820, Acc: 63.97%, Loss: 2.0120
Epoch: 10, Batch: 2830, Acc: 63.97%, Loss: 2.0227
Epoch: 10, Batch: 2840, Acc: 63.97%, Loss: 2.0140
Epoch: 10, Batch: 2850, Acc: 63.97%, Loss: 2.0189
Epoch: 10, Batch: 2860, Acc: 63.99%, Loss: 1.9606
Epoch: 10, Batch: 2870, Acc: 63.98%, Loss: 2.0799
Epoch: 10, Batch: 2880, Acc: 63.98%, Loss: 2.0228
Epoch 10: val_acc=0.6510, best_val_acc=0.6426, es_counter=2
Epoch: 11, Batch: 10, Acc: 64.22%, Loss: 2.0007
Epoch: 11, Batch: 20, Acc: 65.55%, Loss: 2.0196
Epoch: 11, Batch: 30, Acc: 64.43%, Loss: 2.0303
Epoch: 11, Batch: 40, Acc: 63.79%, Loss: 2.0152
Epoch: 11, Batch: 50, Acc: 63.84%, Loss: 2.0088
Epoch: 11, Batch: 60, Acc: 64.30%, Loss: 1.9982
Epoch: 11, Batch: 70, Acc: 63.86%, Loss: 2.0234
Epoch: 11, Batch: 80, Acc: 64.10%, Loss: 1.9937
Epoch: 11, Batch: 90, Acc: 64.01%, Loss: 1.9945
Epoch: 11, Batch: 100, Acc: 64.14%, Loss: 2.0114
Epoch: 11, Batch: 110, Acc: 63.82%, Loss: 2.0490
Epoch: 11, Batch: 120, Acc: 63.80%, Loss: 2.0097
Epoch: 11, Batch: 130, Acc: 63.63%, Loss: 2.0453
Epoch: 11, Batch: 140, Acc: 63.58%, Loss: 2.0262
Epoch: 11, Batch: 150, Acc: 63.77%, Loss: 1.9745
Epoch: 11, Batch: 160, Acc: 63.66%, Loss: 2.0508
Epoch: 11, Batch: 170, Acc: 63.56%, Loss: 2.0505
Epoch: 11, Batch: 180, Acc: 63.63%, Loss: 2.0470
Epoch: 11, Batch: 190, Acc: 63.61%, Loss: 2.0594
Epoch: 11, Batch: 200, Acc: 63.75%, Loss: 1.9866
Epoch: 11, Batch: 210, Acc: 63.82%, Loss: 2.0127
Epoch: 11, Batch: 220, Acc: 63.85%, Loss: 2.0415
Epoch: 11, Batch: 230, Acc: 63.93%, Loss: 2.0236
Epoch: 11, Batch: 240, Acc: 63.98%, Loss: 1.9865
Epoch: 11, Batch: 250, Acc: 64.06%, Loss: 1.9950
Epoch: 11, Batch: 260, Acc: 64.18%, Loss: 2.0009
Epoch: 11, Batch: 270, Acc: 64.06%, Loss: 2.0499
Epoch: 11, Batch: 280, Acc: 64.15%, Loss: 1.9955
Epoch: 11, Batch: 290, Acc: 64.17%, Loss: 2.0128
Epoch: 11, Batch: 300, Acc: 64.18%, Loss: 1.9975
Epoch: 11, Batch: 310, Acc: 64.17%, Loss: 2.0432
Epoch: 11, Batch: 320, Acc: 64.24%, Loss: 2.0028
Epoch: 11, Batch: 330, Acc: 64.28%, Loss: 1.9943
Epoch: 11, Batch: 340, Acc: 64.20%, Loss: 2.0344
Epoch: 11, Batch: 350, Acc: 64.17%, Loss: 2.0636
Epoch: 11, Batch: 360, Acc: 64.15%, Loss: 2.0035
Epoch: 11, Batch: 370, Acc: 64.21%, Loss: 1.9953
Epoch: 11, Batch: 380, Acc: 64.24%, Loss: 2.0016
Epoch: 11, Batch: 390, Acc: 64.25%, Loss: 2.0200
Epoch: 11, Batch: 400, Acc: 64.31%, Loss: 1.9654
Epoch: 11, Batch: 410, Acc: 64.24%, Loss: 2.0570
Epoch: 11, Batch: 420, Acc: 64.29%, Loss: 1.9597
Epoch: 11, Batch: 430, Acc: 64.27%, Loss: 2.0438
Epoch: 11, Batch: 440, Acc: 64.26%, Loss: 2.0248
Epoch: 11, Batch: 450, Acc: 64.27%, Loss: 2.0176
Epoch: 11, Batch: 460, Acc: 64.34%, Loss: 1.9896
Epoch: 11, Batch: 470, Acc: 64.29%, Loss: 2.0627
Epoch: 11, Batch: 480, Acc: 64.26%, Loss: 2.0261
Epoch: 11, Batch: 490, Acc: 64.21%, Loss: 2.0459
Epoch: 11, Batch: 500, Acc: 64.15%, Loss: 2.0328
Epoch: 11, Batch: 510, Acc: 64.15%, Loss: 2.0232
Epoch: 11, Batch: 520, Acc: 64.19%, Loss: 2.0327
Epoch: 11, Batch: 530, Acc: 64.22%, Loss: 2.0255
Epoch: 11, Batch: 540, Acc: 64.27%, Loss: 1.9784
Epoch: 11, Batch: 550, Acc: 64.26%, Loss: 2.0323
Epoch: 11, Batch: 560, Acc: 64.27%, Loss: 2.0273
Epoch: 11, Batch: 570, Acc: 64.30%, Loss: 2.0187
Epoch: 11, Batch: 580, Acc: 64.33%, Loss: 2.0085
Epoch: 11, Batch: 590, Acc: 64.33%, Loss: 1.9616
Epoch: 11, Batch: 600, Acc: 64.27%, Loss: 2.0568
Epoch: 11, Batch: 610, Acc: 64.23%, Loss: 2.0864
Epoch: 11, Batch: 620, Acc: 64.23%, Loss: 2.0007
Epoch: 11, Batch: 630, Acc: 64.23%, Loss: 2.0215
Epoch: 11, Batch: 640, Acc: 64.26%, Loss: 2.0053
Epoch: 11, Batch: 650, Acc: 64.26%, Loss: 2.0627
Epoch: 11, Batch: 660, Acc: 64.29%, Loss: 1.9787
Epoch: 11, Batch: 670, Acc: 64.27%, Loss: 2.0478
Epoch: 11, Batch: 680, Acc: 64.29%, Loss: 1.9997
Epoch: 11, Batch: 690, Acc: 64.30%, Loss: 1.9903
Epoch: 11, Batch: 700, Acc: 64.33%, Loss: 1.9574
Epoch: 11, Batch: 710, Acc: 64.33%, Loss: 2.0160
Epoch: 11, Batch: 720, Acc: 64.37%, Loss: 1.9793
Epoch: 11, Batch: 730, Acc: 64.35%, Loss: 2.0430
Epoch: 11, Batch: 740, Acc: 64.35%, Loss: 2.0224
Epoch: 11, Batch: 750, Acc: 64.35%, Loss: 2.0166
Epoch: 11, Batch: 760, Acc: 64.37%, Loss: 2.0225
Epoch: 11, Batch: 770, Acc: 64.36%, Loss: 2.0211
Epoch: 11, Batch: 780, Acc: 64.36%, Loss: 1.9815
Epoch: 11, Batch: 790, Acc: 64.34%, Loss: 2.0341
Epoch: 11, Batch: 800, Acc: 64.33%, Loss: 2.0292
Epoch: 11, Batch: 810, Acc: 64.33%, Loss: 2.0144
Epoch: 11, Batch: 820, Acc: 64.30%, Loss: 2.0408
Epoch: 11, Batch: 830, Acc: 64.28%, Loss: 2.0304
Epoch: 11, Batch: 840, Acc: 64.27%, Loss: 2.0422
Epoch: 11, Batch: 850, Acc: 64.28%, Loss: 2.0198
Epoch: 11, Batch: 860, Acc: 64.25%, Loss: 2.0383
Epoch: 11, Batch: 870, Acc: 64.28%, Loss: 1.9876
Epoch: 11, Batch: 880, Acc: 64.25%, Loss: 2.0291
Epoch: 11, Batch: 890, Acc: 64.25%, Loss: 2.0480
Epoch: 11, Batch: 900, Acc: 64.23%, Loss: 2.0330
Epoch: 11, Batch: 910, Acc: 64.25%, Loss: 2.0087
Epoch: 11, Batch: 920, Acc: 64.26%, Loss: 1.9978
Epoch: 11, Batch: 930, Acc: 64.26%, Loss: 2.0368
Epoch: 11, Batch: 940, Acc: 64.30%, Loss: 1.9778
Epoch: 11, Batch: 950, Acc: 64.30%, Loss: 2.0108
Epoch: 11, Batch: 960, Acc: 64.31%, Loss: 2.0291
Epoch: 11, Batch: 970, Acc: 64.32%, Loss: 2.0227
Epoch: 11, Batch: 980, Acc: 64.36%, Loss: 1.9994
Epoch: 11, Batch: 990, Acc: 64.37%, Loss: 2.0275
Epoch: 11, Batch: 1000, Acc: 64.38%, Loss: 1.9951
Epoch: 11, Batch: 1010, Acc: 64.37%, Loss: 2.0239
Epoch: 11, Batch: 1020, Acc: 64.33%, Loss: 2.0681
Epoch: 11, Batch: 1030, Acc: 64.32%, Loss: 2.0222
Epoch: 11, Batch: 1040, Acc: 64.37%, Loss: 1.9832
Epoch: 11, Batch: 1050, Acc: 64.35%, Loss: 2.0012
Epoch: 11, Batch: 1060, Acc: 64.37%, Loss: 2.0037
Epoch: 11, Batch: 1070, Acc: 64.36%, Loss: 1.9912
Epoch: 11, Batch: 1080, Acc: 64.37%, Loss: 2.0291
Epoch: 11, Batch: 1090, Acc: 64.39%, Loss: 1.9941
Epoch: 11, Batch: 1100, Acc: 64.37%, Loss: 2.0378
Epoch: 11, Batch: 1110, Acc: 64.38%, Loss: 2.0007
Epoch: 11, Batch: 1120, Acc: 64.37%, Loss: 2.0293
Epoch: 11, Batch: 1130, Acc: 64.36%, Loss: 2.0086
Epoch: 11, Batch: 1140, Acc: 64.40%, Loss: 1.9665
Epoch: 11, Batch: 1150, Acc: 64.41%, Loss: 2.0285
Epoch: 11, Batch: 1160, Acc: 64.42%, Loss: 1.9758
Epoch: 11, Batch: 1170, Acc: 64.43%, Loss: 2.0290
Epoch: 11, Batch: 1180, Acc: 64.43%, Loss: 2.0313
Epoch: 11, Batch: 1190, Acc: 64.40%, Loss: 2.0295
Epoch: 11, Batch: 1200, Acc: 64.39%, Loss: 2.0351
Epoch: 11, Batch: 1210, Acc: 64.39%, Loss: 1.9916
Epoch: 11, Batch: 1220, Acc: 64.38%, Loss: 2.0238
Epoch: 11, Batch: 1230, Acc: 64.38%, Loss: 2.0321
Epoch: 11, Batch: 1240, Acc: 64.39%, Loss: 2.0062
Epoch: 11, Batch: 1250, Acc: 64.38%, Loss: 2.0264
Epoch: 11, Batch: 1260, Acc: 64.40%, Loss: 1.9644
Epoch: 11, Batch: 1270, Acc: 64.38%, Loss: 2.0481
Epoch: 11, Batch: 1280, Acc: 64.38%, Loss: 2.0501
Epoch: 11, Batch: 1290, Acc: 64.36%, Loss: 2.0441
Epoch: 11, Batch: 1300, Acc: 64.33%, Loss: 2.0594
Epoch: 11, Batch: 1310, Acc: 64.33%, Loss: 1.9905
Epoch: 11, Batch: 1320, Acc: 64.32%, Loss: 2.0251
Epoch: 11, Batch: 1330, Acc: 64.33%, Loss: 1.9858
Epoch: 11, Batch: 1340, Acc: 64.36%, Loss: 1.9677
Epoch: 11, Batch: 1350, Acc: 64.37%, Loss: 1.9993
Epoch: 11, Batch: 1360, Acc: 64.38%, Loss: 1.9958
Epoch: 11, Batch: 1370, Acc: 64.39%, Loss: 1.9730
Epoch: 11, Batch: 1380, Acc: 64.37%, Loss: 2.0675
Epoch: 11, Batch: 1390, Acc: 64.35%, Loss: 2.0368
Epoch: 11, Batch: 1400, Acc: 64.34%, Loss: 2.0411
Epoch: 11, Batch: 1410, Acc: 64.35%, Loss: 2.0281
Epoch: 11, Batch: 1420, Acc: 64.34%, Loss: 2.0432
Epoch: 11, Batch: 1430, Acc: 64.33%, Loss: 2.0521
Epoch: 11, Batch: 1440, Acc: 64.33%, Loss: 2.0341
Epoch: 11, Batch: 1450, Acc: 64.33%, Loss: 2.0241
Epoch: 11, Batch: 1460, Acc: 64.33%, Loss: 2.0207
Epoch: 11, Batch: 1470, Acc: 64.32%, Loss: 2.0319
Epoch: 11, Batch: 1480, Acc: 64.32%, Loss: 2.0327
Epoch: 11, Batch: 1490, Acc: 64.33%, Loss: 2.0155
Epoch: 11, Batch: 1500, Acc: 64.33%, Loss: 2.0001
Epoch: 11, Batch: 1510, Acc: 64.33%, Loss: 2.0058
Epoch: 11, Batch: 1520, Acc: 64.31%, Loss: 2.0522
Epoch: 11, Batch: 1530, Acc: 64.31%, Loss: 2.0128
Epoch: 11, Batch: 1540, Acc: 64.29%, Loss: 2.0629
Epoch: 11, Batch: 1550, Acc: 64.30%, Loss: 2.0115
Epoch: 11, Batch: 1560, Acc: 64.30%, Loss: 2.0066
Epoch: 11, Batch: 1570, Acc: 64.31%, Loss: 1.9795
Epoch: 11, Batch: 1580, Acc: 64.31%, Loss: 2.0153
Epoch: 11, Batch: 1590, Acc: 64.30%, Loss: 2.0052
Epoch: 11, Batch: 1600, Acc: 64.29%, Loss: 2.0337
Epoch: 11, Batch: 1610, Acc: 64.29%, Loss: 1.9968
Epoch: 11, Batch: 1620, Acc: 64.26%, Loss: 2.0717
Epoch: 11, Batch: 1630, Acc: 64.26%, Loss: 2.0159
Epoch: 11, Batch: 1640, Acc: 64.26%, Loss: 1.9793
Epoch: 11, Batch: 1650, Acc: 64.27%, Loss: 2.0039
Epoch: 11, Batch: 1660, Acc: 64.25%, Loss: 2.0612
Epoch: 11, Batch: 1670, Acc: 64.24%, Loss: 1.9795
Epoch: 11, Batch: 1680, Acc: 64.25%, Loss: 2.0099
Epoch: 11, Batch: 1690, Acc: 64.27%, Loss: 2.0249
Epoch: 11, Batch: 1700, Acc: 64.30%, Loss: 1.9830
Epoch: 11, Batch: 1710, Acc: 64.29%, Loss: 2.0583
Epoch: 11, Batch: 1720, Acc: 64.28%, Loss: 2.0294
Epoch: 11, Batch: 1730, Acc: 64.27%, Loss: 2.0284
Epoch: 11, Batch: 1740, Acc: 64.27%, Loss: 2.0202
Epoch: 11, Batch: 1750, Acc: 64.28%, Loss: 1.9797
Epoch: 11, Batch: 1760, Acc: 64.28%, Loss: 2.0416
Epoch: 11, Batch: 1770, Acc: 64.29%, Loss: 1.9790
Epoch: 11, Batch: 1780, Acc: 64.29%, Loss: 1.9968
Epoch: 11, Batch: 1790, Acc: 64.30%, Loss: 2.0001
Epoch: 11, Batch: 1800, Acc: 64.29%, Loss: 2.0515
Epoch: 11, Batch: 1810, Acc: 64.29%, Loss: 1.9711
Epoch: 11, Batch: 1820, Acc: 64.30%, Loss: 2.0049
Epoch: 11, Batch: 1830, Acc: 64.29%, Loss: 2.0282
Epoch: 11, Batch: 1840, Acc: 64.32%, Loss: 1.9964
Epoch: 11, Batch: 1850, Acc: 64.32%, Loss: 2.0171
Epoch: 11, Batch: 1860, Acc: 64.31%, Loss: 2.0175
Epoch: 11, Batch: 1870, Acc: 64.31%, Loss: 1.9879
Epoch: 11, Batch: 1880, Acc: 64.32%, Loss: 2.0377
Epoch: 11, Batch: 1890, Acc: 64.32%, Loss: 1.9956
Epoch: 11, Batch: 1900, Acc: 64.32%, Loss: 2.0048
Epoch: 11, Batch: 1910, Acc: 64.31%, Loss: 2.0445
Epoch: 11, Batch: 1920, Acc: 64.31%, Loss: 2.0518
Epoch: 11, Batch: 1930, Acc: 64.30%, Loss: 2.0021
Epoch: 11, Batch: 1940, Acc: 64.31%, Loss: 1.9728
Epoch: 11, Batch: 1950, Acc: 64.31%, Loss: 2.0354
Epoch: 11, Batch: 1960, Acc: 64.29%, Loss: 2.0848
Epoch: 11, Batch: 1970, Acc: 64.28%, Loss: 2.0174
Epoch: 11, Batch: 1980, Acc: 64.27%, Loss: 2.0284
Epoch: 11, Batch: 1990, Acc: 64.28%, Loss: 1.9672
Epoch: 11, Batch: 2000, Acc: 64.29%, Loss: 1.9647
Epoch: 11, Batch: 2010, Acc: 64.28%, Loss: 2.0444
Epoch: 11, Batch: 2020, Acc: 64.28%, Loss: 2.0214
Epoch: 11, Batch: 2030, Acc: 64.27%, Loss: 2.0033
Epoch: 11, Batch: 2040, Acc: 64.28%, Loss: 1.9875
Epoch: 11, Batch: 2050, Acc: 64.28%, Loss: 1.9907
Epoch: 11, Batch: 2060, Acc: 64.29%, Loss: 2.0120
Epoch: 11, Batch: 2070, Acc: 64.29%, Loss: 2.0382
Epoch: 11, Batch: 2080, Acc: 64.30%, Loss: 2.0090
Epoch: 11, Batch: 2090, Acc: 64.31%, Loss: 1.9799
Epoch: 11, Batch: 2100, Acc: 64.30%, Loss: 2.0531
Epoch: 11, Batch: 2110, Acc: 64.29%, Loss: 2.0467
Epoch: 11, Batch: 2120, Acc: 64.29%, Loss: 2.0282
Epoch: 11, Batch: 2130, Acc: 64.30%, Loss: 1.9921
Epoch: 11, Batch: 2140, Acc: 64.29%, Loss: 2.0487
Epoch: 11, Batch: 2150, Acc: 64.28%, Loss: 2.0380
Epoch: 11, Batch: 2160, Acc: 64.30%, Loss: 1.9833
Epoch: 11, Batch: 2170, Acc: 64.29%, Loss: 2.0350
Epoch: 11, Batch: 2180, Acc: 64.29%, Loss: 2.0313
Epoch: 11, Batch: 2190, Acc: 64.29%, Loss: 2.0074
Epoch: 11, Batch: 2200, Acc: 64.28%, Loss: 1.9870
Epoch: 11, Batch: 2210, Acc: 64.29%, Loss: 1.9793
Epoch: 11, Batch: 2220, Acc: 64.30%, Loss: 2.0131
Epoch: 11, Batch: 2230, Acc: 64.29%, Loss: 2.0360
Epoch: 11, Batch: 2240, Acc: 64.29%, Loss: 1.9857
Epoch: 11, Batch: 2250, Acc: 64.29%, Loss: 2.0144
Epoch: 11, Batch: 2260, Acc: 64.29%, Loss: 1.9890
Epoch: 11, Batch: 2270, Acc: 64.31%, Loss: 1.9947
Epoch: 11, Batch: 2280, Acc: 64.31%, Loss: 1.9902
Epoch: 11, Batch: 2290, Acc: 64.31%, Loss: 2.0325
Epoch: 11, Batch: 2300, Acc: 64.30%, Loss: 2.0802
Epoch: 11, Batch: 2310, Acc: 64.30%, Loss: 2.0016
Epoch: 11, Batch: 2320, Acc: 64.30%, Loss: 2.0232
Epoch: 11, Batch: 2330, Acc: 64.29%, Loss: 2.0525
Epoch: 11, Batch: 2340, Acc: 64.29%, Loss: 2.0431
Epoch: 11, Batch: 2350, Acc: 64.29%, Loss: 2.0100
Epoch: 11, Batch: 2360, Acc: 64.27%, Loss: 2.1016
Epoch: 11, Batch: 2370, Acc: 64.28%, Loss: 1.9938
Epoch: 11, Batch: 2380, Acc: 64.27%, Loss: 2.0097
Epoch: 11, Batch: 2390, Acc: 64.26%, Loss: 2.0636
Epoch: 11, Batch: 2400, Acc: 64.26%, Loss: 2.0286
Epoch: 11, Batch: 2410, Acc: 64.26%, Loss: 2.0573
Epoch: 11, Batch: 2420, Acc: 64.27%, Loss: 1.9877
Epoch: 11, Batch: 2430, Acc: 64.27%, Loss: 2.0368
Epoch: 11, Batch: 2440, Acc: 64.26%, Loss: 2.0791
Epoch: 11, Batch: 2450, Acc: 64.26%, Loss: 2.0189
Epoch: 11, Batch: 2460, Acc: 64.25%, Loss: 2.0310
Epoch: 11, Batch: 2470, Acc: 64.26%, Loss: 1.9589
Epoch: 11, Batch: 2480, Acc: 64.27%, Loss: 2.0254
Epoch: 11, Batch: 2490, Acc: 64.27%, Loss: 2.0351
Epoch: 11, Batch: 2500, Acc: 64.27%, Loss: 1.9853
Epoch: 11, Batch: 2510, Acc: 64.29%, Loss: 1.9896
Epoch: 11, Batch: 2520, Acc: 64.27%, Loss: 2.0902
Epoch: 11, Batch: 2530, Acc: 64.28%, Loss: 2.0440
Epoch: 11, Batch: 2540, Acc: 64.29%, Loss: 1.9912
Epoch: 11, Batch: 2550, Acc: 64.29%, Loss: 2.0365
Epoch: 11, Batch: 2560, Acc: 64.30%, Loss: 1.9750
Epoch: 11, Batch: 2570, Acc: 64.29%, Loss: 2.0399
Epoch: 11, Batch: 2580, Acc: 64.29%, Loss: 2.0081
Epoch: 11, Batch: 2590, Acc: 64.29%, Loss: 2.0370
Epoch: 11, Batch: 2600, Acc: 64.28%, Loss: 2.0387
Epoch: 11, Batch: 2610, Acc: 64.29%, Loss: 2.0086
Epoch: 11, Batch: 2620, Acc: 64.28%, Loss: 2.0279
Epoch: 11, Batch: 2630, Acc: 64.27%, Loss: 2.0495
Epoch: 11, Batch: 2640, Acc: 64.27%, Loss: 1.9839
Epoch: 11, Batch: 2650, Acc: 64.27%, Loss: 1.9959
Epoch: 11, Batch: 2660, Acc: 64.28%, Loss: 1.9982
Epoch: 11, Batch: 2670, Acc: 64.28%, Loss: 2.0375
Epoch: 11, Batch: 2680, Acc: 64.28%, Loss: 2.0024
Epoch: 11, Batch: 2690, Acc: 64.27%, Loss: 2.0677
Epoch: 11, Batch: 2700, Acc: 64.29%, Loss: 1.9789
Epoch: 11, Batch: 2710, Acc: 64.29%, Loss: 2.0299
Epoch: 11, Batch: 2720, Acc: 64.29%, Loss: 2.0394
Epoch: 11, Batch: 2730, Acc: 64.29%, Loss: 1.9719
Epoch: 11, Batch: 2740, Acc: 64.29%, Loss: 2.0216
Epoch: 11, Batch: 2750, Acc: 64.28%, Loss: 2.0274
Epoch: 11, Batch: 2760, Acc: 64.28%, Loss: 2.0005
Epoch: 11, Batch: 2770, Acc: 64.29%, Loss: 1.9964
Epoch: 11, Batch: 2780, Acc: 64.28%, Loss: 1.9917
Epoch: 11, Batch: 2790, Acc: 64.28%, Loss: 2.0543
Epoch: 11, Batch: 2800, Acc: 64.27%, Loss: 2.0339
Epoch: 11, Batch: 2810, Acc: 64.27%, Loss: 2.0192
Epoch: 11, Batch: 2820, Acc: 64.26%, Loss: 2.0603
Epoch: 11, Batch: 2830, Acc: 64.26%, Loss: 2.0082
Epoch: 11, Batch: 2840, Acc: 64.26%, Loss: 2.0401
Epoch: 11, Batch: 2850, Acc: 64.28%, Loss: 1.9361
Epoch: 11, Batch: 2860, Acc: 64.28%, Loss: 1.9873
Epoch: 11, Batch: 2870, Acc: 64.29%, Loss: 1.9923
Epoch: 11, Batch: 2880, Acc: 64.29%, Loss: 2.0442
Epoch 11: val_acc=0.6556, best_val_acc=0.6556, es_counter=0
Epoch: 12, Batch: 10, Acc: 65.62%, Loss: 1.9674
Epoch: 12, Batch: 20, Acc: 65.86%, Loss: 1.9825
Epoch: 12, Batch: 30, Acc: 65.62%, Loss: 1.9662
Epoch: 12, Batch: 40, Acc: 65.00%, Loss: 2.0350
Epoch: 12, Batch: 50, Acc: 65.34%, Loss: 2.0139
Epoch: 12, Batch: 60, Acc: 65.08%, Loss: 2.0239
Epoch: 12, Batch: 70, Acc: 64.51%, Loss: 2.0592
Epoch: 12, Batch: 80, Acc: 64.51%, Loss: 2.0099
Epoch: 12, Batch: 90, Acc: 64.48%, Loss: 2.0065
Epoch: 12, Batch: 100, Acc: 64.52%, Loss: 2.0047
Epoch: 12, Batch: 110, Acc: 64.62%, Loss: 1.9981
Epoch: 12, Batch: 120, Acc: 64.58%, Loss: 2.0095
Epoch: 12, Batch: 130, Acc: 64.54%, Loss: 2.0068
Epoch: 12, Batch: 140, Acc: 64.62%, Loss: 1.9777
Epoch: 12, Batch: 150, Acc: 64.67%, Loss: 2.0045
Epoch: 12, Batch: 160, Acc: 64.61%, Loss: 2.0412
Epoch: 12, Batch: 170, Acc: 64.38%, Loss: 2.0635
Epoch: 12, Batch: 180, Acc: 64.20%, Loss: 2.0322
Epoch: 12, Batch: 190, Acc: 64.27%, Loss: 2.0150
Epoch: 12, Batch: 200, Acc: 64.27%, Loss: 1.9936
Epoch: 12, Batch: 210, Acc: 64.21%, Loss: 2.0400
Epoch: 12, Batch: 220, Acc: 64.33%, Loss: 1.9779
Epoch: 12, Batch: 230, Acc: 64.36%, Loss: 2.0341
Epoch: 12, Batch: 240, Acc: 64.30%, Loss: 2.0293
Epoch: 12, Batch: 250, Acc: 64.33%, Loss: 2.0204
Epoch: 12, Batch: 260, Acc: 64.36%, Loss: 2.0059
Epoch: 12, Batch: 270, Acc: 64.45%, Loss: 2.0043
Epoch: 12, Batch: 280, Acc: 64.39%, Loss: 2.0345
Epoch: 12, Batch: 290, Acc: 64.31%, Loss: 2.0128
Epoch: 12, Batch: 300, Acc: 64.33%, Loss: 2.0079
Epoch: 12, Batch: 310, Acc: 64.21%, Loss: 2.0653
Epoch: 12, Batch: 320, Acc: 64.24%, Loss: 1.9849
Epoch: 12, Batch: 330, Acc: 64.24%, Loss: 2.0276
Epoch: 12, Batch: 340, Acc: 64.21%, Loss: 2.0407
Epoch: 12, Batch: 350, Acc: 64.29%, Loss: 2.0032
Epoch: 12, Batch: 360, Acc: 64.21%, Loss: 2.0406
Epoch: 12, Batch: 370, Acc: 64.18%, Loss: 2.0619
Epoch: 12, Batch: 380, Acc: 64.17%, Loss: 2.0117
Epoch: 12, Batch: 390, Acc: 64.18%, Loss: 2.0038
Epoch: 12, Batch: 400, Acc: 64.18%, Loss: 2.0135
Epoch: 12, Batch: 410, Acc: 64.28%, Loss: 1.9722
Epoch: 12, Batch: 420, Acc: 64.27%, Loss: 2.0127
Epoch: 12, Batch: 430, Acc: 64.27%, Loss: 2.0382
Epoch: 12, Batch: 440, Acc: 64.34%, Loss: 1.9645
Epoch: 12, Batch: 450, Acc: 64.33%, Loss: 2.0233
Epoch: 12, Batch: 460, Acc: 64.34%, Loss: 1.9879
Epoch: 12, Batch: 470, Acc: 64.32%, Loss: 2.0099
Epoch: 12, Batch: 480, Acc: 64.30%, Loss: 2.0145
Epoch: 12, Batch: 490, Acc: 64.29%, Loss: 2.0028
Epoch: 12, Batch: 500, Acc: 64.30%, Loss: 2.0146
Epoch: 12, Batch: 510, Acc: 64.35%, Loss: 1.9919
Epoch: 12, Batch: 520, Acc: 64.31%, Loss: 2.0682
Epoch: 12, Batch: 530, Acc: 64.31%, Loss: 2.0136
Epoch: 12, Batch: 540, Acc: 64.29%, Loss: 2.0282
Epoch: 12, Batch: 550, Acc: 64.31%, Loss: 2.0115
Epoch: 12, Batch: 560, Acc: 64.36%, Loss: 2.0145
Epoch: 12, Batch: 570, Acc: 64.41%, Loss: 1.9824
Epoch: 12, Batch: 580, Acc: 64.46%, Loss: 1.9850
Epoch: 12, Batch: 590, Acc: 64.49%, Loss: 2.0241
Epoch: 12, Batch: 600, Acc: 64.52%, Loss: 2.0013
Epoch: 12, Batch: 610, Acc: 64.53%, Loss: 1.9844
Epoch: 12, Batch: 620, Acc: 64.49%, Loss: 2.0805
Epoch: 12, Batch: 630, Acc: 64.44%, Loss: 2.0590
Epoch: 12, Batch: 640, Acc: 64.39%, Loss: 2.0679
Epoch: 12, Batch: 650, Acc: 64.44%, Loss: 1.9624
Epoch: 12, Batch: 660, Acc: 64.46%, Loss: 2.0531
Epoch: 12, Batch: 670, Acc: 64.47%, Loss: 2.0070
Epoch: 12, Batch: 680, Acc: 64.49%, Loss: 1.9924
Epoch: 12, Batch: 690, Acc: 64.48%, Loss: 2.0408
Epoch: 12, Batch: 700, Acc: 64.46%, Loss: 2.0543
Epoch: 12, Batch: 710, Acc: 64.47%, Loss: 2.0209
Epoch: 12, Batch: 720, Acc: 64.46%, Loss: 2.0040
Epoch: 12, Batch: 730, Acc: 64.46%, Loss: 2.0433
Epoch: 12, Batch: 740, Acc: 64.47%, Loss: 1.9928
Epoch: 12, Batch: 750, Acc: 64.45%, Loss: 2.0066
Epoch: 12, Batch: 760, Acc: 64.49%, Loss: 1.9838
Epoch: 12, Batch: 770, Acc: 64.47%, Loss: 2.0332
Epoch: 12, Batch: 780, Acc: 64.54%, Loss: 1.9655
Epoch: 12, Batch: 790, Acc: 64.53%, Loss: 2.0041
Epoch: 12, Batch: 800, Acc: 64.51%, Loss: 2.0413
Epoch: 12, Batch: 810, Acc: 64.48%, Loss: 2.0470
Epoch: 12, Batch: 820, Acc: 64.50%, Loss: 2.0365
Epoch: 12, Batch: 830, Acc: 64.52%, Loss: 1.9554
Epoch: 12, Batch: 840, Acc: 64.48%, Loss: 2.0483
Epoch: 12, Batch: 850, Acc: 64.49%, Loss: 2.0073
Epoch: 12, Batch: 860, Acc: 64.49%, Loss: 1.9897
Epoch: 12, Batch: 870, Acc: 64.50%, Loss: 1.9793
Epoch: 12, Batch: 880, Acc: 64.49%, Loss: 1.9930
Epoch: 12, Batch: 890, Acc: 64.51%, Loss: 2.0152
Epoch: 12, Batch: 900, Acc: 64.47%, Loss: 2.0634
Epoch: 12, Batch: 910, Acc: 64.47%, Loss: 2.0127
Epoch: 12, Batch: 920, Acc: 64.49%, Loss: 1.9969
Epoch: 12, Batch: 930, Acc: 64.49%, Loss: 2.0100
Epoch: 12, Batch: 940, Acc: 64.49%, Loss: 2.0060
Epoch: 12, Batch: 950, Acc: 64.46%, Loss: 2.0703
Epoch: 12, Batch: 960, Acc: 64.43%, Loss: 2.0339
Epoch: 12, Batch: 970, Acc: 64.45%, Loss: 1.9719
Epoch: 12, Batch: 980, Acc: 64.43%, Loss: 2.0357
Epoch: 12, Batch: 990, Acc: 64.41%, Loss: 2.0425
Epoch: 12, Batch: 1000, Acc: 64.42%, Loss: 1.9571
Epoch: 12, Batch: 1010, Acc: 64.41%, Loss: 2.0074
Epoch: 12, Batch: 1020, Acc: 64.42%, Loss: 2.0031
Epoch: 12, Batch: 1030, Acc: 64.42%, Loss: 2.0445
Epoch: 12, Batch: 1040, Acc: 64.42%, Loss: 2.0117
Epoch: 12, Batch: 1050, Acc: 64.40%, Loss: 2.0290
Epoch: 12, Batch: 1060, Acc: 64.40%, Loss: 2.0221
Epoch: 12, Batch: 1070, Acc: 64.41%, Loss: 1.9975
Epoch: 12, Batch: 1080, Acc: 64.39%, Loss: 2.0653
Epoch: 12, Batch: 1090, Acc: 64.39%, Loss: 2.0185
Epoch: 12, Batch: 1100, Acc: 64.42%, Loss: 1.9760
Epoch: 12, Batch: 1110, Acc: 64.44%, Loss: 2.0122
Epoch: 12, Batch: 1120, Acc: 64.43%, Loss: 1.9867
Epoch: 12, Batch: 1130, Acc: 64.39%, Loss: 2.0822
Epoch: 12, Batch: 1140, Acc: 64.39%, Loss: 2.0147
Epoch: 12, Batch: 1150, Acc: 64.39%, Loss: 2.0448
Epoch: 12, Batch: 1160, Acc: 64.39%, Loss: 2.0006
Epoch: 12, Batch: 1170, Acc: 64.40%, Loss: 1.9968
Epoch: 12, Batch: 1180, Acc: 64.40%, Loss: 2.0535
Epoch: 12, Batch: 1190, Acc: 64.41%, Loss: 1.9969
Epoch: 12, Batch: 1200, Acc: 64.40%, Loss: 2.0195
Epoch: 12, Batch: 1210, Acc: 64.40%, Loss: 1.9982
Epoch: 12, Batch: 1220, Acc: 64.40%, Loss: 2.0430
Epoch: 12, Batch: 1230, Acc: 64.39%, Loss: 2.0180
Epoch: 12, Batch: 1240, Acc: 64.40%, Loss: 1.9795
Epoch: 12, Batch: 1250, Acc: 64.39%, Loss: 2.0346
Epoch: 12, Batch: 1260, Acc: 64.41%, Loss: 1.9729
Epoch: 12, Batch: 1270, Acc: 64.41%, Loss: 2.0136
Epoch: 12, Batch: 1280, Acc: 64.41%, Loss: 2.0122
Epoch: 12, Batch: 1290, Acc: 64.43%, Loss: 1.9674
Epoch: 12, Batch: 1300, Acc: 64.41%, Loss: 2.0445
Epoch: 12, Batch: 1310, Acc: 64.41%, Loss: 2.0056
Epoch: 12, Batch: 1320, Acc: 64.39%, Loss: 2.0624
Epoch: 12, Batch: 1330, Acc: 64.39%, Loss: 2.0328
Epoch: 12, Batch: 1340, Acc: 64.39%, Loss: 2.0152
Epoch: 12, Batch: 1350, Acc: 64.41%, Loss: 2.0106
Epoch: 12, Batch: 1360, Acc: 64.41%, Loss: 2.0371
Epoch: 12, Batch: 1370, Acc: 64.40%, Loss: 1.9969
Epoch: 12, Batch: 1380, Acc: 64.40%, Loss: 2.0411
Epoch: 12, Batch: 1390, Acc: 64.40%, Loss: 2.0278
Epoch: 12, Batch: 1400, Acc: 64.40%, Loss: 2.0049
Epoch: 12, Batch: 1410, Acc: 64.39%, Loss: 2.0293
Epoch: 12, Batch: 1420, Acc: 64.39%, Loss: 2.0006
Epoch: 12, Batch: 1430, Acc: 64.38%, Loss: 2.0204
Epoch: 12, Batch: 1440, Acc: 64.39%, Loss: 2.0087
Epoch: 12, Batch: 1450, Acc: 64.41%, Loss: 1.9659
Epoch: 12, Batch: 1460, Acc: 64.40%, Loss: 2.0212
Epoch: 12, Batch: 1470, Acc: 64.40%, Loss: 2.0095
Epoch: 12, Batch: 1480, Acc: 64.41%, Loss: 2.0143
Epoch: 12, Batch: 1490, Acc: 64.39%, Loss: 2.0537
Epoch: 12, Batch: 1500, Acc: 64.38%, Loss: 2.0476
Epoch: 12, Batch: 1510, Acc: 64.41%, Loss: 1.9369
Epoch: 12, Batch: 1520, Acc: 64.42%, Loss: 1.9821
Epoch: 12, Batch: 1530, Acc: 64.41%, Loss: 2.0412
Epoch: 12, Batch: 1540, Acc: 64.42%, Loss: 1.9927
Epoch: 12, Batch: 1550, Acc: 64.38%, Loss: 2.0817
Epoch: 12, Batch: 1560, Acc: 64.38%, Loss: 2.0388
Epoch: 12, Batch: 1570, Acc: 64.38%, Loss: 2.0229
Epoch: 12, Batch: 1580, Acc: 64.39%, Loss: 1.9930
Epoch: 12, Batch: 1590, Acc: 64.38%, Loss: 2.0512
Epoch: 12, Batch: 1600, Acc: 64.38%, Loss: 2.0452
Epoch: 12, Batch: 1610, Acc: 64.40%, Loss: 1.9772
Epoch: 12, Batch: 1620, Acc: 64.42%, Loss: 1.9656
Epoch: 12, Batch: 1630, Acc: 64.41%, Loss: 2.0059
Epoch: 12, Batch: 1640, Acc: 64.42%, Loss: 2.0122
Epoch: 12, Batch: 1650, Acc: 64.44%, Loss: 1.9715
Epoch: 12, Batch: 1660, Acc: 64.44%, Loss: 2.0074
Epoch: 12, Batch: 1670, Acc: 64.44%, Loss: 2.0341
Epoch: 12, Batch: 1680, Acc: 64.44%, Loss: 1.9793
Epoch: 12, Batch: 1690, Acc: 64.43%, Loss: 2.0622
Epoch: 12, Batch: 1700, Acc: 64.41%, Loss: 2.0319
Epoch: 12, Batch: 1710, Acc: 64.41%, Loss: 2.0329
Epoch: 12, Batch: 1720, Acc: 64.42%, Loss: 1.9989
Epoch: 12, Batch: 1730, Acc: 64.43%, Loss: 1.9923
Epoch: 12, Batch: 1740, Acc: 64.44%, Loss: 1.9955
Epoch: 12, Batch: 1750, Acc: 64.44%, Loss: 2.0598
Epoch: 12, Batch: 1760, Acc: 64.41%, Loss: 2.0471
Epoch: 12, Batch: 1770, Acc: 64.40%, Loss: 2.0340
Epoch: 12, Batch: 1780, Acc: 64.40%, Loss: 1.9988
Epoch: 12, Batch: 1790, Acc: 64.40%, Loss: 2.0119
Epoch: 12, Batch: 1800, Acc: 64.43%, Loss: 1.9715
Epoch: 12, Batch: 1810, Acc: 64.44%, Loss: 1.9890
Epoch: 12, Batch: 1820, Acc: 64.44%, Loss: 2.0047
Epoch: 12, Batch: 1830, Acc: 64.45%, Loss: 1.9745
Epoch: 12, Batch: 1840, Acc: 64.45%, Loss: 2.0324
Epoch: 12, Batch: 1850, Acc: 64.46%, Loss: 1.9805
Epoch: 12, Batch: 1860, Acc: 64.44%, Loss: 2.0514
Epoch: 12, Batch: 1870, Acc: 64.43%, Loss: 2.0392
Epoch: 12, Batch: 1880, Acc: 64.43%, Loss: 1.9862
Epoch: 12, Batch: 1890, Acc: 64.42%, Loss: 2.0227
Epoch: 12, Batch: 1900, Acc: 64.42%, Loss: 2.0133
Epoch: 12, Batch: 1910, Acc: 64.42%, Loss: 1.9939
Epoch: 12, Batch: 1920, Acc: 64.42%, Loss: 1.9914
Epoch: 12, Batch: 1930, Acc: 64.41%, Loss: 2.0269
Epoch: 12, Batch: 1940, Acc: 64.40%, Loss: 2.0227
Epoch: 12, Batch: 1950, Acc: 64.41%, Loss: 2.0074
Epoch: 12, Batch: 1960, Acc: 64.41%, Loss: 2.0299
Epoch: 12, Batch: 1970, Acc: 64.41%, Loss: 1.9936
Epoch: 12, Batch: 1980, Acc: 64.42%, Loss: 1.9823
Epoch: 12, Batch: 1990, Acc: 64.44%, Loss: 1.9906
Epoch: 12, Batch: 2000, Acc: 64.44%, Loss: 1.9783
Epoch: 12, Batch: 2010, Acc: 64.45%, Loss: 1.9776
Epoch: 12, Batch: 2020, Acc: 64.45%, Loss: 2.0042
Epoch: 12, Batch: 2030, Acc: 64.44%, Loss: 2.0395
Epoch: 12, Batch: 2040, Acc: 64.44%, Loss: 2.0139
Epoch: 12, Batch: 2050, Acc: 64.45%, Loss: 2.0058
Epoch: 12, Batch: 2060, Acc: 64.45%, Loss: 1.9901
Epoch: 12, Batch: 2070, Acc: 64.45%, Loss: 2.0091
Epoch: 12, Batch: 2080, Acc: 64.46%, Loss: 1.9853
Epoch: 12, Batch: 2090, Acc: 64.46%, Loss: 2.0285
Epoch: 12, Batch: 2100, Acc: 64.47%, Loss: 1.9948
Epoch: 12, Batch: 2110, Acc: 64.48%, Loss: 1.9854
Epoch: 12, Batch: 2120, Acc: 64.48%, Loss: 1.9859
Epoch: 12, Batch: 2130, Acc: 64.48%, Loss: 2.0372
Epoch: 12, Batch: 2140, Acc: 64.49%, Loss: 1.9641
Epoch: 12, Batch: 2150, Acc: 64.48%, Loss: 2.0376
Epoch: 12, Batch: 2160, Acc: 64.49%, Loss: 1.9959
Epoch: 12, Batch: 2170, Acc: 64.49%, Loss: 2.0307
Epoch: 12, Batch: 2180, Acc: 64.48%, Loss: 2.0240
Epoch: 12, Batch: 2190, Acc: 64.48%, Loss: 2.0154
Epoch: 12, Batch: 2200, Acc: 64.46%, Loss: 2.0676
Epoch: 12, Batch: 2210, Acc: 64.46%, Loss: 2.0248
Epoch: 12, Batch: 2220, Acc: 64.46%, Loss: 1.9965
Epoch: 12, Batch: 2230, Acc: 64.47%, Loss: 2.0018
Epoch: 12, Batch: 2240, Acc: 64.46%, Loss: 2.0214
Epoch: 12, Batch: 2250, Acc: 64.48%, Loss: 1.9783
Epoch: 12, Batch: 2260, Acc: 64.47%, Loss: 2.0396
Epoch: 12, Batch: 2270, Acc: 64.47%, Loss: 2.0130
Epoch: 12, Batch: 2280, Acc: 64.46%, Loss: 2.0232
Epoch: 12, Batch: 2290, Acc: 64.45%, Loss: 2.0034
Epoch: 12, Batch: 2300, Acc: 64.46%, Loss: 2.0371
Epoch: 12, Batch: 2310, Acc: 64.46%, Loss: 2.0049
Epoch: 12, Batch: 2320, Acc: 64.46%, Loss: 2.0167
Epoch: 12, Batch: 2330, Acc: 64.47%, Loss: 1.9642
Epoch: 12, Batch: 2340, Acc: 64.47%, Loss: 1.9929
Epoch: 12, Batch: 2350, Acc: 64.47%, Loss: 2.0268
Epoch: 12, Batch: 2360, Acc: 64.47%, Loss: 2.0078
Epoch: 12, Batch: 2370, Acc: 64.47%, Loss: 2.0298
Epoch: 12, Batch: 2380, Acc: 64.46%, Loss: 2.0064
Epoch: 12, Batch: 2390, Acc: 64.46%, Loss: 2.0123
Epoch: 12, Batch: 2400, Acc: 64.48%, Loss: 1.9738
Epoch: 12, Batch: 2410, Acc: 64.50%, Loss: 1.9705
Epoch: 12, Batch: 2420, Acc: 64.50%, Loss: 2.0102
Epoch: 12, Batch: 2430, Acc: 64.49%, Loss: 2.0144
Epoch: 12, Batch: 2440, Acc: 64.50%, Loss: 1.9840
Epoch: 12, Batch: 2450, Acc: 64.48%, Loss: 2.0537
Epoch: 12, Batch: 2460, Acc: 64.48%, Loss: 2.0414
Epoch: 12, Batch: 2470, Acc: 64.48%, Loss: 1.9876
Epoch: 12, Batch: 2480, Acc: 64.48%, Loss: 2.0412
Epoch: 12, Batch: 2490, Acc: 64.47%, Loss: 2.0209
Epoch: 12, Batch: 2500, Acc: 64.48%, Loss: 2.0075
Epoch: 12, Batch: 2510, Acc: 64.47%, Loss: 2.0654
Epoch: 12, Batch: 2520, Acc: 64.47%, Loss: 1.9724
Epoch: 12, Batch: 2530, Acc: 64.48%, Loss: 1.9946
Epoch: 12, Batch: 2540, Acc: 64.48%, Loss: 2.0249
Epoch: 12, Batch: 2550, Acc: 64.46%, Loss: 2.0451
Epoch: 12, Batch: 2560, Acc: 64.46%, Loss: 2.0220
Epoch: 12, Batch: 2570, Acc: 64.45%, Loss: 2.0540
Epoch: 12, Batch: 2580, Acc: 64.46%, Loss: 1.9841
Epoch: 12, Batch: 2590, Acc: 64.45%, Loss: 2.0653
Epoch: 12, Batch: 2600, Acc: 64.45%, Loss: 2.0015
Epoch: 12, Batch: 2610, Acc: 64.46%, Loss: 2.0267
Epoch: 12, Batch: 2620, Acc: 64.45%, Loss: 2.0148
Epoch: 12, Batch: 2630, Acc: 64.46%, Loss: 1.9830
Epoch: 12, Batch: 2640, Acc: 64.45%, Loss: 2.0185
Epoch: 12, Batch: 2650, Acc: 64.44%, Loss: 2.0433
Epoch: 12, Batch: 2660, Acc: 64.45%, Loss: 1.9829
Epoch: 12, Batch: 2670, Acc: 64.47%, Loss: 1.9545
Epoch: 12, Batch: 2680, Acc: 64.46%, Loss: 2.0156
Epoch: 12, Batch: 2690, Acc: 64.46%, Loss: 2.0115
Epoch: 12, Batch: 2700, Acc: 64.47%, Loss: 2.0042
Epoch: 12, Batch: 2710, Acc: 64.47%, Loss: 2.0282
Epoch: 12, Batch: 2720, Acc: 64.47%, Loss: 2.0203
Epoch: 12, Batch: 2730, Acc: 64.46%, Loss: 2.0286
Epoch: 12, Batch: 2740, Acc: 64.46%, Loss: 2.0151
Epoch: 12, Batch: 2750, Acc: 64.46%, Loss: 2.0455
Epoch: 12, Batch: 2760, Acc: 64.46%, Loss: 2.0089
Epoch: 12, Batch: 2770, Acc: 64.47%, Loss: 1.9934
Epoch: 12, Batch: 2780, Acc: 64.47%, Loss: 2.0274
Epoch: 12, Batch: 2790, Acc: 64.47%, Loss: 2.0029
Epoch: 12, Batch: 2800, Acc: 64.45%, Loss: 2.0491
Epoch: 12, Batch: 2810, Acc: 64.46%, Loss: 2.0147
Epoch: 12, Batch: 2820, Acc: 64.47%, Loss: 1.9986
Epoch: 12, Batch: 2830, Acc: 64.46%, Loss: 1.9677
Epoch: 12, Batch: 2840, Acc: 64.46%, Loss: 2.0366
Epoch: 12, Batch: 2850, Acc: 64.44%, Loss: 2.1024
Epoch: 12, Batch: 2860, Acc: 64.44%, Loss: 1.9683
Epoch: 12, Batch: 2870, Acc: 64.45%, Loss: 1.9661
Epoch: 12, Batch: 2880, Acc: 64.44%, Loss: 1.9973
Epoch 12: val_acc=0.6530, best_val_acc=0.6556, es_counter=1
Epoch: 13, Batch: 10, Acc: 64.84%, Loss: 2.0380
Epoch: 13, Batch: 20, Acc: 64.22%, Loss: 2.0008
Epoch: 13, Batch: 30, Acc: 63.75%, Loss: 2.0058
Epoch: 13, Batch: 40, Acc: 64.26%, Loss: 1.9988
Epoch: 13, Batch: 50, Acc: 63.88%, Loss: 2.0651
Epoch: 13, Batch: 60, Acc: 63.91%, Loss: 2.0624
Epoch: 13, Batch: 70, Acc: 64.20%, Loss: 2.0207
Epoch: 13, Batch: 80, Acc: 64.12%, Loss: 2.0333
Epoch: 13, Batch: 90, Acc: 64.11%, Loss: 1.9973
Epoch: 13, Batch: 100, Acc: 64.17%, Loss: 2.0000
Epoch: 13, Batch: 110, Acc: 64.23%, Loss: 2.0340
Epoch: 13, Batch: 120, Acc: 64.47%, Loss: 1.9824
Epoch: 13, Batch: 130, Acc: 64.50%, Loss: 2.0251
Epoch: 13, Batch: 140, Acc: 64.58%, Loss: 1.9846
Epoch: 13, Batch: 150, Acc: 64.83%, Loss: 1.9740
Epoch: 13, Batch: 160, Acc: 64.92%, Loss: 1.9942
Epoch: 13, Batch: 170, Acc: 64.86%, Loss: 2.0176
Epoch: 13, Batch: 180, Acc: 64.72%, Loss: 2.0512
Epoch: 13, Batch: 190, Acc: 64.66%, Loss: 2.0264
Epoch: 13, Batch: 200, Acc: 64.75%, Loss: 1.9921
Epoch: 13, Batch: 210, Acc: 64.65%, Loss: 2.0412
Epoch: 13, Batch: 220, Acc: 64.62%, Loss: 2.0265
Epoch: 13, Batch: 230, Acc: 64.57%, Loss: 2.0130
Epoch: 13, Batch: 240, Acc: 64.56%, Loss: 2.0040
Epoch: 13, Batch: 250, Acc: 64.46%, Loss: 2.0468
Epoch: 13, Batch: 260, Acc: 64.44%, Loss: 2.0120
Epoch: 13, Batch: 270, Acc: 64.44%, Loss: 2.0188
Epoch: 13, Batch: 280, Acc: 64.61%, Loss: 1.9685
Epoch: 13, Batch: 290, Acc: 64.65%, Loss: 2.0415
Epoch: 13, Batch: 300, Acc: 64.73%, Loss: 1.9378
Epoch: 13, Batch: 310, Acc: 64.76%, Loss: 1.9757
Epoch: 13, Batch: 320, Acc: 64.76%, Loss: 1.9992
Epoch: 13, Batch: 330, Acc: 64.78%, Loss: 2.0175
Epoch: 13, Batch: 340, Acc: 64.78%, Loss: 1.9564
Epoch: 13, Batch: 350, Acc: 64.72%, Loss: 2.0465
Epoch: 13, Batch: 360, Acc: 64.71%, Loss: 2.0196
Epoch: 13, Batch: 370, Acc: 64.74%, Loss: 2.0232
Epoch: 13, Batch: 380, Acc: 64.78%, Loss: 1.9791
Epoch: 13, Batch: 390, Acc: 64.78%, Loss: 1.9811
Epoch: 13, Batch: 400, Acc: 64.88%, Loss: 1.9730
Epoch: 13, Batch: 410, Acc: 64.86%, Loss: 2.0245
Epoch: 13, Batch: 420, Acc: 64.82%, Loss: 2.0459
Epoch: 13, Batch: 430, Acc: 64.80%, Loss: 1.9943
Epoch: 13, Batch: 440, Acc: 64.79%, Loss: 1.9974
Epoch: 13, Batch: 450, Acc: 64.82%, Loss: 2.0307
Epoch: 13, Batch: 460, Acc: 64.84%, Loss: 1.9906
Epoch: 13, Batch: 470, Acc: 64.89%, Loss: 1.9556
Epoch: 13, Batch: 480, Acc: 64.88%, Loss: 2.0398
Epoch: 13, Batch: 490, Acc: 64.90%, Loss: 1.9916
Epoch: 13, Batch: 500, Acc: 64.92%, Loss: 2.0000
Epoch: 13, Batch: 510, Acc: 64.96%, Loss: 1.9878
Epoch: 13, Batch: 520, Acc: 64.95%, Loss: 2.0113
Epoch: 13, Batch: 530, Acc: 64.96%, Loss: 2.0122
Epoch: 13, Batch: 540, Acc: 65.04%, Loss: 1.9636
Epoch: 13, Batch: 550, Acc: 65.04%, Loss: 2.0233
Epoch: 13, Batch: 560, Acc: 65.00%, Loss: 2.0524
Epoch: 13, Batch: 570, Acc: 64.92%, Loss: 2.0637
Epoch: 13, Batch: 580, Acc: 64.92%, Loss: 2.0230
Epoch: 13, Batch: 590, Acc: 64.93%, Loss: 2.0105
Epoch: 13, Batch: 600, Acc: 64.88%, Loss: 2.0237
Epoch: 13, Batch: 610, Acc: 64.87%, Loss: 2.0128
Epoch: 13, Batch: 620, Acc: 64.87%, Loss: 1.9952
Epoch: 13, Batch: 630, Acc: 64.90%, Loss: 1.9843
Epoch: 13, Batch: 640, Acc: 64.93%, Loss: 1.9640
Epoch: 13, Batch: 650, Acc: 64.88%, Loss: 2.0405
Epoch: 13, Batch: 660, Acc: 64.82%, Loss: 2.0538
Epoch: 13, Batch: 670, Acc: 64.85%, Loss: 1.9635
Epoch: 13, Batch: 680, Acc: 64.84%, Loss: 2.0215
Epoch: 13, Batch: 690, Acc: 64.84%, Loss: 2.0033
Epoch: 13, Batch: 700, Acc: 64.87%, Loss: 1.9848
Epoch: 13, Batch: 710, Acc: 64.89%, Loss: 1.9905
Epoch: 13, Batch: 720, Acc: 64.90%, Loss: 1.9671
Epoch: 13, Batch: 730, Acc: 64.90%, Loss: 2.0009
Epoch: 13, Batch: 740, Acc: 64.88%, Loss: 2.0015
Epoch: 13, Batch: 750, Acc: 64.87%, Loss: 2.0157
Epoch: 13, Batch: 760, Acc: 64.82%, Loss: 2.0639
Epoch: 13, Batch: 770, Acc: 64.83%, Loss: 2.0051
Epoch: 13, Batch: 780, Acc: 64.81%, Loss: 2.0078
Epoch: 13, Batch: 790, Acc: 64.80%, Loss: 2.0384
Epoch: 13, Batch: 800, Acc: 64.77%, Loss: 2.0282
Epoch: 13, Batch: 810, Acc: 64.77%, Loss: 2.0132
Epoch: 13, Batch: 820, Acc: 64.75%, Loss: 2.0189
Epoch: 13, Batch: 830, Acc: 64.78%, Loss: 1.9778
Epoch: 13, Batch: 840, Acc: 64.80%, Loss: 1.9674
Epoch: 13, Batch: 850, Acc: 64.78%, Loss: 2.0544
Epoch: 13, Batch: 860, Acc: 64.77%, Loss: 2.0410
Epoch: 13, Batch: 870, Acc: 64.77%, Loss: 2.0071
Epoch: 13, Batch: 880, Acc: 64.77%, Loss: 1.9956
Epoch: 13, Batch: 890, Acc: 64.76%, Loss: 2.0068
Epoch: 13, Batch: 900, Acc: 64.75%, Loss: 2.0215
Epoch: 13, Batch: 910, Acc: 64.75%, Loss: 2.0188
Epoch: 13, Batch: 920, Acc: 64.77%, Loss: 1.9601
Epoch: 13, Batch: 930, Acc: 64.79%, Loss: 1.9796
Epoch: 13, Batch: 940, Acc: 64.78%, Loss: 1.9878
Epoch: 13, Batch: 950, Acc: 64.77%, Loss: 2.0355
Epoch: 13, Batch: 960, Acc: 64.74%, Loss: 2.0342
Epoch: 13, Batch: 970, Acc: 64.74%, Loss: 2.0004
Epoch: 13, Batch: 980, Acc: 64.74%, Loss: 2.0077
Epoch: 13, Batch: 990, Acc: 64.73%, Loss: 2.0126
Epoch: 13, Batch: 1000, Acc: 64.71%, Loss: 2.0588
Epoch: 13, Batch: 1010, Acc: 64.70%, Loss: 2.0032
Epoch: 13, Batch: 1020, Acc: 64.70%, Loss: 2.0159
Epoch: 13, Batch: 1030, Acc: 64.69%, Loss: 2.0331
Epoch: 13, Batch: 1040, Acc: 64.70%, Loss: 2.0209
Epoch: 13, Batch: 1050, Acc: 64.70%, Loss: 1.9808
Epoch: 13, Batch: 1060, Acc: 64.70%, Loss: 1.9998
Epoch: 13, Batch: 1070, Acc: 64.70%, Loss: 1.9983
Epoch: 13, Batch: 1080, Acc: 64.71%, Loss: 2.0377
Epoch: 13, Batch: 1090, Acc: 64.71%, Loss: 1.9761
Epoch: 13, Batch: 1100, Acc: 64.71%, Loss: 2.0394
Epoch: 13, Batch: 1110, Acc: 64.70%, Loss: 1.9977
Epoch: 13, Batch: 1120, Acc: 64.71%, Loss: 1.9966
Epoch: 13, Batch: 1130, Acc: 64.69%, Loss: 2.0767
Epoch: 13, Batch: 1140, Acc: 64.68%, Loss: 2.0144
Epoch: 13, Batch: 1150, Acc: 64.67%, Loss: 2.0270
Epoch: 13, Batch: 1160, Acc: 64.67%, Loss: 1.9954
Epoch: 13, Batch: 1170, Acc: 64.69%, Loss: 1.9820
Epoch: 13, Batch: 1180, Acc: 64.68%, Loss: 1.9767
Epoch: 13, Batch: 1190, Acc: 64.68%, Loss: 2.0007
Epoch: 13, Batch: 1200, Acc: 64.66%, Loss: 2.0563
Epoch: 13, Batch: 1210, Acc: 64.65%, Loss: 2.0175
Epoch: 13, Batch: 1220, Acc: 64.65%, Loss: 2.0079
Epoch: 13, Batch: 1230, Acc: 64.67%, Loss: 1.9880
Epoch: 13, Batch: 1240, Acc: 64.67%, Loss: 2.0096
Epoch: 13, Batch: 1250, Acc: 64.64%, Loss: 2.0610
Epoch: 13, Batch: 1260, Acc: 64.62%, Loss: 2.0409
Epoch: 13, Batch: 1270, Acc: 64.62%, Loss: 2.0313
Epoch: 13, Batch: 1280, Acc: 64.61%, Loss: 2.0209
Epoch: 13, Batch: 1290, Acc: 64.60%, Loss: 2.0022
Epoch: 13, Batch: 1300, Acc: 64.59%, Loss: 2.0351
Epoch: 13, Batch: 1310, Acc: 64.57%, Loss: 2.0272
Epoch: 13, Batch: 1320, Acc: 64.57%, Loss: 1.9967
Epoch: 13, Batch: 1330, Acc: 64.59%, Loss: 1.9844
Epoch: 13, Batch: 1340, Acc: 64.60%, Loss: 2.0127
Epoch: 13, Batch: 1350, Acc: 64.62%, Loss: 1.9621
Epoch: 13, Batch: 1360, Acc: 64.62%, Loss: 1.9927
Epoch: 13, Batch: 1370, Acc: 64.61%, Loss: 2.0238
Epoch: 13, Batch: 1380, Acc: 64.61%, Loss: 2.0157
Epoch: 13, Batch: 1390, Acc: 64.63%, Loss: 1.9758
Epoch: 13, Batch: 1400, Acc: 64.64%, Loss: 1.9977
Epoch: 13, Batch: 1410, Acc: 64.65%, Loss: 1.9703
Epoch: 13, Batch: 1420, Acc: 64.65%, Loss: 2.0085
Epoch: 13, Batch: 1430, Acc: 64.66%, Loss: 2.0100
Epoch: 13, Batch: 1440, Acc: 64.68%, Loss: 1.9844
Epoch: 13, Batch: 1450, Acc: 64.67%, Loss: 2.0496
Epoch: 13, Batch: 1460, Acc: 64.66%, Loss: 2.0224
Epoch: 13, Batch: 1470, Acc: 64.65%, Loss: 2.0022
Epoch: 13, Batch: 1480, Acc: 64.64%, Loss: 2.0601
Epoch: 13, Batch: 1490, Acc: 64.63%, Loss: 2.0285
Epoch: 13, Batch: 1500, Acc: 64.63%, Loss: 2.0180
Epoch: 13, Batch: 1510, Acc: 64.63%, Loss: 2.0215
Epoch: 13, Batch: 1520, Acc: 64.64%, Loss: 1.9550
Epoch: 13, Batch: 1530, Acc: 64.64%, Loss: 2.0172
Epoch: 13, Batch: 1540, Acc: 64.64%, Loss: 2.0229
Epoch: 13, Batch: 1550, Acc: 64.64%, Loss: 1.9779
Epoch: 13, Batch: 1560, Acc: 64.62%, Loss: 2.0683
Epoch: 13, Batch: 1570, Acc: 64.62%, Loss: 2.0074
Epoch: 13, Batch: 1580, Acc: 64.61%, Loss: 2.0148
Epoch: 13, Batch: 1590, Acc: 64.60%, Loss: 2.0129
Epoch: 13, Batch: 1600, Acc: 64.60%, Loss: 2.0181
Epoch: 13, Batch: 1610, Acc: 64.59%, Loss: 2.0033
Epoch: 13, Batch: 1620, Acc: 64.58%, Loss: 2.0431
Epoch: 13, Batch: 1630, Acc: 64.58%, Loss: 1.9812
Epoch: 13, Batch: 1640, Acc: 64.57%, Loss: 2.0488
Epoch: 13, Batch: 1650, Acc: 64.56%, Loss: 2.0390
Epoch: 13, Batch: 1660, Acc: 64.56%, Loss: 2.0265
Epoch: 13, Batch: 1670, Acc: 64.58%, Loss: 1.9818
Epoch: 13, Batch: 1680, Acc: 64.59%, Loss: 1.9657
Epoch: 13, Batch: 1690, Acc: 64.58%, Loss: 2.0385
Epoch: 13, Batch: 1700, Acc: 64.58%, Loss: 2.0589
Epoch: 13, Batch: 1710, Acc: 64.61%, Loss: 1.9854
Epoch: 13, Batch: 1720, Acc: 64.60%, Loss: 2.0143
Epoch: 13, Batch: 1730, Acc: 64.61%, Loss: 1.9581
Epoch: 13, Batch: 1740, Acc: 64.61%, Loss: 2.0132
Epoch: 13, Batch: 1750, Acc: 64.62%, Loss: 1.9872
Epoch: 13, Batch: 1760, Acc: 64.63%, Loss: 1.9927
Epoch: 13, Batch: 1770, Acc: 64.64%, Loss: 1.9872
Epoch: 13, Batch: 1780, Acc: 64.63%, Loss: 2.0435
Epoch: 13, Batch: 1790, Acc: 64.64%, Loss: 1.9921
Epoch: 13, Batch: 1800, Acc: 64.63%, Loss: 2.0277
Epoch: 13, Batch: 1810, Acc: 64.62%, Loss: 2.0645
Epoch: 13, Batch: 1820, Acc: 64.63%, Loss: 2.0216
Epoch: 13, Batch: 1830, Acc: 64.64%, Loss: 1.9798
Epoch: 13, Batch: 1840, Acc: 64.64%, Loss: 2.0358
Epoch: 13, Batch: 1850, Acc: 64.64%, Loss: 2.0247
Epoch: 13, Batch: 1860, Acc: 64.65%, Loss: 1.9762
Epoch: 13, Batch: 1870, Acc: 64.65%, Loss: 2.0290
Epoch: 13, Batch: 1880, Acc: 64.65%, Loss: 2.0400
Epoch: 13, Batch: 1890, Acc: 64.64%, Loss: 2.0311
Epoch: 13, Batch: 1900, Acc: 64.64%, Loss: 2.0142
Epoch: 13, Batch: 1910, Acc: 64.64%, Loss: 2.0237
Epoch: 13, Batch: 1920, Acc: 64.63%, Loss: 2.0043
Epoch: 13, Batch: 1930, Acc: 64.65%, Loss: 1.9312
Epoch: 13, Batch: 1940, Acc: 64.64%, Loss: 2.0245
Epoch: 13, Batch: 1950, Acc: 64.65%, Loss: 1.9807
Epoch: 13, Batch: 1960, Acc: 64.64%, Loss: 2.0192
Epoch: 13, Batch: 1970, Acc: 64.64%, Loss: 2.0416
Epoch: 13, Batch: 1980, Acc: 64.63%, Loss: 1.9987
Epoch: 13, Batch: 1990, Acc: 64.63%, Loss: 1.9514
Epoch: 13, Batch: 2000, Acc: 64.61%, Loss: 2.0682
Epoch: 13, Batch: 2010, Acc: 64.60%, Loss: 2.0421
Epoch: 13, Batch: 2020, Acc: 64.61%, Loss: 1.9857
Epoch: 13, Batch: 2030, Acc: 64.62%, Loss: 2.0006
Epoch: 13, Batch: 2040, Acc: 64.62%, Loss: 2.0042
Epoch: 13, Batch: 2050, Acc: 64.62%, Loss: 1.9875
Epoch: 13, Batch: 2060, Acc: 64.62%, Loss: 2.0164
Epoch: 13, Batch: 2070, Acc: 64.64%, Loss: 1.9843
Epoch: 13, Batch: 2080, Acc: 64.64%, Loss: 2.0246
Epoch: 13, Batch: 2090, Acc: 64.63%, Loss: 2.0516
Epoch: 13, Batch: 2100, Acc: 64.64%, Loss: 2.0122
Epoch: 13, Batch: 2110, Acc: 64.63%, Loss: 2.0406
Epoch: 13, Batch: 2120, Acc: 64.62%, Loss: 2.0117
Epoch: 13, Batch: 2130, Acc: 64.62%, Loss: 1.9852
Epoch: 13, Batch: 2140, Acc: 64.64%, Loss: 1.9609
Epoch: 13, Batch: 2150, Acc: 64.63%, Loss: 2.0433
Epoch: 13, Batch: 2160, Acc: 64.64%, Loss: 1.9802
Epoch: 13, Batch: 2170, Acc: 64.63%, Loss: 2.0100
Epoch: 13, Batch: 2180, Acc: 64.61%, Loss: 2.0558
Epoch: 13, Batch: 2190, Acc: 64.60%, Loss: 2.0225
Epoch: 13, Batch: 2200, Acc: 64.60%, Loss: 2.0360
Epoch: 13, Batch: 2210, Acc: 64.60%, Loss: 2.0089
Epoch: 13, Batch: 2220, Acc: 64.62%, Loss: 1.9916
Epoch: 13, Batch: 2230, Acc: 64.61%, Loss: 2.0200
Epoch: 13, Batch: 2240, Acc: 64.61%, Loss: 2.0292
Epoch: 13, Batch: 2250, Acc: 64.62%, Loss: 2.0196
Epoch: 13, Batch: 2260, Acc: 64.63%, Loss: 1.9907
Epoch: 13, Batch: 2270, Acc: 64.62%, Loss: 2.0206
Epoch: 13, Batch: 2280, Acc: 64.64%, Loss: 1.9641
Epoch: 13, Batch: 2290, Acc: 64.65%, Loss: 1.9708
Epoch: 13, Batch: 2300, Acc: 64.64%, Loss: 2.0458
Epoch: 13, Batch: 2310, Acc: 64.64%, Loss: 2.0189
Epoch: 13, Batch: 2320, Acc: 64.65%, Loss: 1.9815
Epoch: 13, Batch: 2330, Acc: 64.64%, Loss: 2.0081
Epoch: 13, Batch: 2340, Acc: 64.65%, Loss: 1.9951
Epoch: 13, Batch: 2350, Acc: 64.66%, Loss: 1.9830
Epoch: 13, Batch: 2360, Acc: 64.66%, Loss: 2.0149
Epoch: 13, Batch: 2370, Acc: 64.66%, Loss: 2.0117
Epoch: 13, Batch: 2380, Acc: 64.66%, Loss: 2.0157
Epoch: 13, Batch: 2390, Acc: 64.67%, Loss: 2.0035
Epoch: 13, Batch: 2400, Acc: 64.66%, Loss: 2.0055
Epoch: 13, Batch: 2410, Acc: 64.66%, Loss: 2.0043
Epoch: 13, Batch: 2420, Acc: 64.66%, Loss: 2.0145
Epoch: 13, Batch: 2430, Acc: 64.65%, Loss: 2.0054
Epoch: 13, Batch: 2440, Acc: 64.65%, Loss: 2.0335
Epoch: 13, Batch: 2450, Acc: 64.66%, Loss: 1.9905
Epoch: 13, Batch: 2460, Acc: 64.65%, Loss: 2.0258
Epoch: 13, Batch: 2470, Acc: 64.65%, Loss: 2.0133
Epoch: 13, Batch: 2480, Acc: 64.67%, Loss: 1.9665
Epoch: 13, Batch: 2490, Acc: 64.67%, Loss: 2.0625
Epoch: 13, Batch: 2500, Acc: 64.67%, Loss: 2.0043
Epoch: 13, Batch: 2510, Acc: 64.68%, Loss: 1.9841
Epoch: 13, Batch: 2520, Acc: 64.68%, Loss: 2.0307
Epoch: 13, Batch: 2530, Acc: 64.67%, Loss: 2.0163
Epoch: 13, Batch: 2540, Acc: 64.66%, Loss: 2.0637
Epoch: 13, Batch: 2550, Acc: 64.66%, Loss: 1.9865
Epoch: 13, Batch: 2560, Acc: 64.66%, Loss: 1.9673
Epoch: 13, Batch: 2570, Acc: 64.67%, Loss: 1.9928
Epoch: 13, Batch: 2580, Acc: 64.67%, Loss: 1.9957
Epoch: 13, Batch: 2590, Acc: 64.67%, Loss: 1.9702
Epoch: 13, Batch: 2600, Acc: 64.65%, Loss: 2.1085
Epoch: 13, Batch: 2610, Acc: 64.64%, Loss: 2.0205
Epoch: 13, Batch: 2620, Acc: 64.65%, Loss: 1.9979
Epoch: 13, Batch: 2630, Acc: 64.65%, Loss: 1.9740
Epoch: 13, Batch: 2640, Acc: 64.67%, Loss: 1.9489
Epoch: 13, Batch: 2650, Acc: 64.67%, Loss: 2.0103
Epoch: 13, Batch: 2660, Acc: 64.66%, Loss: 2.0273
Epoch: 13, Batch: 2670, Acc: 64.66%, Loss: 2.0366
Epoch: 13, Batch: 2680, Acc: 64.64%, Loss: 2.0181
Epoch: 13, Batch: 2690, Acc: 64.64%, Loss: 2.0312
Epoch: 13, Batch: 2700, Acc: 64.65%, Loss: 2.0338
Epoch: 13, Batch: 2710, Acc: 64.65%, Loss: 1.9694
Epoch: 13, Batch: 2720, Acc: 64.66%, Loss: 1.9929
Epoch: 13, Batch: 2730, Acc: 64.65%, Loss: 2.0496
Epoch: 13, Batch: 2740, Acc: 64.64%, Loss: 2.0214
Epoch: 13, Batch: 2750, Acc: 64.62%, Loss: 2.0699
Epoch: 13, Batch: 2760, Acc: 64.61%, Loss: 2.0168
Epoch: 13, Batch: 2770, Acc: 64.62%, Loss: 2.0056
Epoch: 13, Batch: 2780, Acc: 64.61%, Loss: 2.0555
Epoch: 13, Batch: 2790, Acc: 64.60%, Loss: 2.0576
Epoch: 13, Batch: 2800, Acc: 64.60%, Loss: 2.0082
Epoch: 13, Batch: 2810, Acc: 64.61%, Loss: 1.9462
Epoch: 13, Batch: 2820, Acc: 64.62%, Loss: 1.9881
Epoch: 13, Batch: 2830, Acc: 64.62%, Loss: 2.0245
Epoch: 13, Batch: 2840, Acc: 64.62%, Loss: 2.0029
Epoch: 13, Batch: 2850, Acc: 64.62%, Loss: 1.9873
Epoch: 13, Batch: 2860, Acc: 64.63%, Loss: 1.9958
Epoch: 13, Batch: 2870, Acc: 64.63%, Loss: 1.9966
Epoch: 13, Batch: 2880, Acc: 64.63%, Loss: 2.0169
Epoch 13: val_acc=0.6536, best_val_acc=0.6556, es_counter=2
Epoch: 14, Batch: 10, Acc: 65.16%, Loss: 2.0001
Epoch: 14, Batch: 20, Acc: 63.44%, Loss: 2.0807
Epoch: 14, Batch: 30, Acc: 63.33%, Loss: 1.9861
Epoch: 14, Batch: 40, Acc: 63.91%, Loss: 1.9924
Epoch: 14, Batch: 50, Acc: 63.69%, Loss: 2.0573
Epoch: 14, Batch: 60, Acc: 63.59%, Loss: 2.0421
Epoch: 14, Batch: 70, Acc: 63.42%, Loss: 2.0360
Epoch: 14, Batch: 80, Acc: 63.71%, Loss: 2.0160
Epoch: 14, Batch: 90, Acc: 63.77%, Loss: 2.0306
Epoch: 14, Batch: 100, Acc: 63.69%, Loss: 2.0363
Epoch: 14, Batch: 110, Acc: 63.88%, Loss: 2.0087
Epoch: 14, Batch: 120, Acc: 64.22%, Loss: 1.9556
Epoch: 14, Batch: 130, Acc: 64.50%, Loss: 1.9717
Epoch: 14, Batch: 140, Acc: 64.42%, Loss: 2.0137
Epoch: 14, Batch: 150, Acc: 64.57%, Loss: 1.9952
Epoch: 14, Batch: 160, Acc: 64.63%, Loss: 2.0075
Epoch: 14, Batch: 170, Acc: 64.70%, Loss: 1.9818
Epoch: 14, Batch: 180, Acc: 64.79%, Loss: 1.9993
Epoch: 14, Batch: 190, Acc: 64.76%, Loss: 1.9997
Epoch: 14, Batch: 200, Acc: 64.80%, Loss: 1.9948
Epoch: 14, Batch: 210, Acc: 64.90%, Loss: 1.9741
Epoch: 14, Batch: 220, Acc: 64.93%, Loss: 1.9778
Epoch: 14, Batch: 230, Acc: 64.84%, Loss: 2.0363
Epoch: 14, Batch: 240, Acc: 64.80%, Loss: 2.0374
Epoch: 14, Batch: 250, Acc: 64.79%, Loss: 2.0082
Epoch: 14, Batch: 260, Acc: 64.92%, Loss: 1.9447
Epoch: 14, Batch: 270, Acc: 65.00%, Loss: 1.9935
Epoch: 14, Batch: 280, Acc: 64.94%, Loss: 2.0502
Epoch: 14, Batch: 290, Acc: 64.99%, Loss: 2.0387
Epoch: 14, Batch: 300, Acc: 64.96%, Loss: 2.0054
Epoch: 14, Batch: 310, Acc: 64.99%, Loss: 2.0002
Epoch: 14, Batch: 320, Acc: 64.98%, Loss: 2.0258
Epoch: 14, Batch: 330, Acc: 64.92%, Loss: 1.9819
Epoch: 14, Batch: 340, Acc: 64.88%, Loss: 2.0277
Epoch: 14, Batch: 350, Acc: 64.90%, Loss: 2.0420
Epoch: 14, Batch: 360, Acc: 64.92%, Loss: 2.0118
Epoch: 14, Batch: 370, Acc: 64.90%, Loss: 1.9985
Epoch: 14, Batch: 380, Acc: 64.91%, Loss: 1.9977
Epoch: 14, Batch: 390, Acc: 64.92%, Loss: 2.0052
Epoch: 14, Batch: 400, Acc: 64.95%, Loss: 2.0065
Epoch: 14, Batch: 410, Acc: 64.94%, Loss: 2.0226
Epoch: 14, Batch: 420, Acc: 64.93%, Loss: 1.9937
Epoch: 14, Batch: 430, Acc: 64.93%, Loss: 2.0196
Epoch: 14, Batch: 440, Acc: 64.95%, Loss: 2.0258
Epoch: 14, Batch: 450, Acc: 64.97%, Loss: 1.9676
Epoch: 14, Batch: 460, Acc: 64.93%, Loss: 2.0254
Epoch: 14, Batch: 470, Acc: 64.98%, Loss: 1.9924
Epoch: 14, Batch: 480, Acc: 64.99%, Loss: 1.9777
Epoch: 14, Batch: 490, Acc: 64.97%, Loss: 2.0206
Epoch: 14, Batch: 500, Acc: 64.98%, Loss: 1.9820
Epoch: 14, Batch: 510, Acc: 64.94%, Loss: 2.0240
Epoch: 14, Batch: 520, Acc: 64.92%, Loss: 2.0279
Epoch: 14, Batch: 530, Acc: 64.95%, Loss: 1.9823
Epoch: 14, Batch: 540, Acc: 64.90%, Loss: 2.0422
Epoch: 14, Batch: 550, Acc: 64.84%, Loss: 2.0388
Epoch: 14, Batch: 560, Acc: 64.80%, Loss: 2.0104
Epoch: 14, Batch: 570, Acc: 64.78%, Loss: 2.0061
Epoch: 14, Batch: 580, Acc: 64.79%, Loss: 1.9903
Epoch: 14, Batch: 590, Acc: 64.82%, Loss: 1.9513
Epoch: 14, Batch: 600, Acc: 64.81%, Loss: 2.0122
Epoch: 14, Batch: 610, Acc: 64.83%, Loss: 1.9756
Epoch: 14, Batch: 620, Acc: 64.82%, Loss: 2.0023
Epoch: 14, Batch: 630, Acc: 64.82%, Loss: 2.0067
Epoch: 14, Batch: 640, Acc: 64.80%, Loss: 2.0090
Epoch: 14, Batch: 650, Acc: 64.88%, Loss: 1.9592
Epoch: 14, Batch: 660, Acc: 64.91%, Loss: 1.9724
Epoch: 14, Batch: 670, Acc: 64.89%, Loss: 2.0138
Epoch: 14, Batch: 680, Acc: 64.91%, Loss: 1.9948
Epoch: 14, Batch: 690, Acc: 64.92%, Loss: 1.9869
Epoch: 14, Batch: 700, Acc: 64.94%, Loss: 1.9802
Epoch: 14, Batch: 710, Acc: 64.94%, Loss: 2.0169
Epoch: 14, Batch: 720, Acc: 64.93%, Loss: 1.9903
Epoch: 14, Batch: 730, Acc: 64.94%, Loss: 1.9684
Epoch: 14, Batch: 740, Acc: 64.93%, Loss: 2.0181
Epoch: 14, Batch: 750, Acc: 64.92%, Loss: 1.9818
Epoch: 14, Batch: 760, Acc: 64.90%, Loss: 2.0505
Epoch: 14, Batch: 770, Acc: 64.89%, Loss: 2.0329
Epoch: 14, Batch: 780, Acc: 64.89%, Loss: 2.0093
Epoch: 14, Batch: 790, Acc: 64.87%, Loss: 2.0083
Epoch: 14, Batch: 800, Acc: 64.90%, Loss: 1.9753
Epoch: 14, Batch: 810, Acc: 64.89%, Loss: 2.0173
Epoch: 14, Batch: 820, Acc: 64.91%, Loss: 1.9745
Epoch: 14, Batch: 830, Acc: 64.89%, Loss: 2.0377
Epoch: 14, Batch: 840, Acc: 64.88%, Loss: 1.9993
Epoch: 14, Batch: 850, Acc: 64.90%, Loss: 1.9725
Epoch: 14, Batch: 860, Acc: 64.92%, Loss: 1.9652
Epoch: 14, Batch: 870, Acc: 64.89%, Loss: 2.0633
Epoch: 14, Batch: 880, Acc: 64.90%, Loss: 1.9910
Epoch: 14, Batch: 890, Acc: 64.87%, Loss: 2.0347
Epoch: 14, Batch: 900, Acc: 64.86%, Loss: 2.0069
Epoch: 14, Batch: 910, Acc: 64.88%, Loss: 1.9814
Epoch: 14, Batch: 920, Acc: 64.90%, Loss: 1.9639
Epoch: 14, Batch: 930, Acc: 64.84%, Loss: 2.0408
Epoch: 14, Batch: 940, Acc: 64.83%, Loss: 2.0027
Epoch: 14, Batch: 950, Acc: 64.80%, Loss: 2.0191
Epoch: 14, Batch: 960, Acc: 64.78%, Loss: 2.0444
Epoch: 14, Batch: 970, Acc: 64.78%, Loss: 2.0024
Epoch: 14, Batch: 980, Acc: 64.80%, Loss: 1.9922
Epoch: 14, Batch: 990, Acc: 64.82%, Loss: 2.0188
Epoch: 14, Batch: 1000, Acc: 64.80%, Loss: 2.0290
Epoch: 14, Batch: 1010, Acc: 64.78%, Loss: 2.0373
Epoch: 14, Batch: 1020, Acc: 64.73%, Loss: 2.0499
Epoch: 14, Batch: 1030, Acc: 64.75%, Loss: 1.9997
Epoch: 14, Batch: 1040, Acc: 64.77%, Loss: 1.9985
Epoch: 14, Batch: 1050, Acc: 64.76%, Loss: 2.0671
Epoch: 14, Batch: 1060, Acc: 64.76%, Loss: 2.0039
Epoch: 14, Batch: 1070, Acc: 64.79%, Loss: 1.9362
Epoch: 14, Batch: 1080, Acc: 64.76%, Loss: 2.0249
Epoch: 14, Batch: 1090, Acc: 64.76%, Loss: 2.0151
Epoch: 14, Batch: 1100, Acc: 64.73%, Loss: 2.0465
Epoch: 14, Batch: 1110, Acc: 64.73%, Loss: 2.0224
Epoch: 14, Batch: 1120, Acc: 64.73%, Loss: 2.0203
Epoch: 14, Batch: 1130, Acc: 64.74%, Loss: 1.9843
Epoch: 14, Batch: 1140, Acc: 64.76%, Loss: 1.9769
Epoch: 14, Batch: 1150, Acc: 64.76%, Loss: 2.0192
Epoch: 14, Batch: 1160, Acc: 64.76%, Loss: 1.9954
Epoch: 14, Batch: 1170, Acc: 64.79%, Loss: 1.9523
Epoch: 14, Batch: 1180, Acc: 64.79%, Loss: 2.0082
Epoch: 14, Batch: 1190, Acc: 64.79%, Loss: 1.9906
Epoch: 14, Batch: 1200, Acc: 64.80%, Loss: 1.9862
Epoch: 14, Batch: 1210, Acc: 64.80%, Loss: 1.9998
Epoch: 14, Batch: 1220, Acc: 64.78%, Loss: 2.0305
Epoch: 14, Batch: 1230, Acc: 64.78%, Loss: 1.9742
Epoch: 14, Batch: 1240, Acc: 64.80%, Loss: 1.9538
Epoch: 14, Batch: 1250, Acc: 64.81%, Loss: 1.9906
Epoch: 14, Batch: 1260, Acc: 64.80%, Loss: 2.0291
Epoch: 14, Batch: 1270, Acc: 64.79%, Loss: 2.0244
Epoch: 14, Batch: 1280, Acc: 64.80%, Loss: 1.9802
Epoch: 14, Batch: 1290, Acc: 64.81%, Loss: 1.9860
Epoch: 14, Batch: 1300, Acc: 64.84%, Loss: 1.9849
Epoch: 14, Batch: 1310, Acc: 64.85%, Loss: 1.9960
Epoch: 14, Batch: 1320, Acc: 64.83%, Loss: 2.0267
Epoch: 14, Batch: 1330, Acc: 64.86%, Loss: 1.9430
Epoch: 14, Batch: 1340, Acc: 64.88%, Loss: 1.9865
Epoch: 14, Batch: 1350, Acc: 64.91%, Loss: 1.9474
Epoch: 14, Batch: 1360, Acc: 64.94%, Loss: 1.9645
Epoch: 14, Batch: 1370, Acc: 64.93%, Loss: 2.0380
Epoch: 14, Batch: 1380, Acc: 64.91%, Loss: 2.0224
Epoch: 14, Batch: 1390, Acc: 64.90%, Loss: 2.0221
Epoch: 14, Batch: 1400, Acc: 64.89%, Loss: 2.0250
Epoch: 14, Batch: 1410, Acc: 64.88%, Loss: 2.0057
Epoch: 14, Batch: 1420, Acc: 64.89%, Loss: 1.9904
Epoch: 14, Batch: 1430, Acc: 64.89%, Loss: 2.0012
Epoch: 14, Batch: 1440, Acc: 64.88%, Loss: 2.0350
Epoch: 14, Batch: 1450, Acc: 64.91%, Loss: 1.9803
Epoch: 14, Batch: 1460, Acc: 64.89%, Loss: 2.0006
Epoch: 14, Batch: 1470, Acc: 64.92%, Loss: 1.9830
Epoch: 14, Batch: 1480, Acc: 64.93%, Loss: 2.0017
Epoch: 14, Batch: 1490, Acc: 64.93%, Loss: 1.9994
Epoch: 14, Batch: 1500, Acc: 64.91%, Loss: 2.0170
Epoch: 14, Batch: 1510, Acc: 64.92%, Loss: 1.9937
Epoch: 14, Batch: 1520, Acc: 64.93%, Loss: 2.0005
Epoch: 14, Batch: 1530, Acc: 64.92%, Loss: 2.0115
Epoch: 14, Batch: 1540, Acc: 64.90%, Loss: 2.0408
Epoch: 14, Batch: 1550, Acc: 64.88%, Loss: 2.0578
Epoch: 14, Batch: 1560, Acc: 64.88%, Loss: 2.0206
Epoch: 14, Batch: 1570, Acc: 64.87%, Loss: 2.0378
Epoch: 14, Batch: 1580, Acc: 64.88%, Loss: 1.9909
Epoch: 14, Batch: 1590, Acc: 64.88%, Loss: 2.0000
Epoch: 14, Batch: 1600, Acc: 64.88%, Loss: 2.0359
Epoch: 14, Batch: 1610, Acc: 64.87%, Loss: 2.0134
Epoch: 14, Batch: 1620, Acc: 64.84%, Loss: 2.0291
Epoch: 14, Batch: 1630, Acc: 64.85%, Loss: 2.0160
Epoch: 14, Batch: 1640, Acc: 64.84%, Loss: 2.0417
Epoch: 14, Batch: 1650, Acc: 64.84%, Loss: 2.0178
Epoch: 14, Batch: 1660, Acc: 64.85%, Loss: 2.0035
Epoch: 14, Batch: 1670, Acc: 64.85%, Loss: 1.9984
Epoch: 14, Batch: 1680, Acc: 64.84%, Loss: 2.0076
Epoch: 14, Batch: 1690, Acc: 64.81%, Loss: 2.0457
Epoch: 14, Batch: 1700, Acc: 64.82%, Loss: 2.0008
Epoch: 14, Batch: 1710, Acc: 64.82%, Loss: 2.0120
Epoch: 14, Batch: 1720, Acc: 64.83%, Loss: 1.9889
Epoch: 14, Batch: 1730, Acc: 64.81%, Loss: 2.0449
Epoch: 14, Batch: 1740, Acc: 64.82%, Loss: 2.0227
Epoch: 14, Batch: 1750, Acc: 64.80%, Loss: 2.0223
Epoch: 14, Batch: 1760, Acc: 64.81%, Loss: 1.9881
Epoch: 14, Batch: 1770, Acc: 64.82%, Loss: 2.0039
Epoch: 14, Batch: 1780, Acc: 64.83%, Loss: 2.0011
Epoch: 14, Batch: 1790, Acc: 64.80%, Loss: 2.0396
Epoch: 14, Batch: 1800, Acc: 64.79%, Loss: 2.0252
Epoch: 14, Batch: 1810, Acc: 64.79%, Loss: 2.0567
Epoch: 14, Batch: 1820, Acc: 64.79%, Loss: 1.9851
Epoch: 14, Batch: 1830, Acc: 64.77%, Loss: 2.0344
Epoch: 14, Batch: 1840, Acc: 64.77%, Loss: 2.0084
Epoch: 14, Batch: 1850, Acc: 64.78%, Loss: 1.9828
Epoch: 14, Batch: 1860, Acc: 64.79%, Loss: 1.9997
Epoch: 14, Batch: 1870, Acc: 64.79%, Loss: 2.0378
Epoch: 14, Batch: 1880, Acc: 64.79%, Loss: 1.9981
Epoch: 14, Batch: 1890, Acc: 64.78%, Loss: 2.0495
Epoch: 14, Batch: 1900, Acc: 64.78%, Loss: 2.0226
Epoch: 14, Batch: 1910, Acc: 64.76%, Loss: 2.0419
Epoch: 14, Batch: 1920, Acc: 64.76%, Loss: 1.9743
Epoch: 14, Batch: 1930, Acc: 64.78%, Loss: 1.9545
Epoch: 14, Batch: 1940, Acc: 64.78%, Loss: 2.0095
Epoch: 14, Batch: 1950, Acc: 64.77%, Loss: 2.0211
Epoch: 14, Batch: 1960, Acc: 64.77%, Loss: 1.9742
Epoch: 14, Batch: 1970, Acc: 64.77%, Loss: 1.9757
Epoch: 14, Batch: 1980, Acc: 64.77%, Loss: 2.0408
Epoch: 14, Batch: 1990, Acc: 64.77%, Loss: 1.9831
Epoch: 14, Batch: 2000, Acc: 64.77%, Loss: 1.9839
Epoch: 14, Batch: 2010, Acc: 64.76%, Loss: 2.0794
Epoch: 14, Batch: 2020, Acc: 64.74%, Loss: 2.0590
Epoch: 14, Batch: 2030, Acc: 64.74%, Loss: 2.0268
Epoch: 14, Batch: 2040, Acc: 64.73%, Loss: 2.0579
Epoch: 14, Batch: 2050, Acc: 64.72%, Loss: 2.0363
Epoch: 14, Batch: 2060, Acc: 64.73%, Loss: 1.9731
Epoch: 14, Batch: 2070, Acc: 64.73%, Loss: 2.0330
Epoch: 14, Batch: 2080, Acc: 64.72%, Loss: 2.0266
Epoch: 14, Batch: 2090, Acc: 64.73%, Loss: 2.0012
Epoch: 14, Batch: 2100, Acc: 64.73%, Loss: 2.0025
Epoch: 14, Batch: 2110, Acc: 64.73%, Loss: 2.0040
Epoch: 14, Batch: 2120, Acc: 64.73%, Loss: 1.9982
Epoch: 14, Batch: 2130, Acc: 64.73%, Loss: 2.0505
Epoch: 14, Batch: 2140, Acc: 64.73%, Loss: 1.9935
Epoch: 14, Batch: 2150, Acc: 64.73%, Loss: 2.0129
Epoch: 14, Batch: 2160, Acc: 64.73%, Loss: 2.0309
Epoch: 14, Batch: 2170, Acc: 64.71%, Loss: 2.0421
Epoch: 14, Batch: 2180, Acc: 64.72%, Loss: 1.9954
Epoch: 14, Batch: 2190, Acc: 64.73%, Loss: 1.9582
Epoch: 14, Batch: 2200, Acc: 64.74%, Loss: 2.0087
Epoch: 14, Batch: 2210, Acc: 64.76%, Loss: 1.9822
Epoch: 14, Batch: 2220, Acc: 64.76%, Loss: 2.0011
Epoch: 14, Batch: 2230, Acc: 64.76%, Loss: 1.9910
Epoch: 14, Batch: 2240, Acc: 64.75%, Loss: 2.0318
Epoch: 14, Batch: 2250, Acc: 64.75%, Loss: 1.9842
Epoch: 14, Batch: 2260, Acc: 64.75%, Loss: 1.9942
Epoch: 14, Batch: 2270, Acc: 64.75%, Loss: 2.0163
Epoch: 14, Batch: 2280, Acc: 64.75%, Loss: 2.0199
Epoch: 14, Batch: 2290, Acc: 64.75%, Loss: 2.0481
Epoch: 14, Batch: 2300, Acc: 64.73%, Loss: 2.0310
Epoch: 14, Batch: 2310, Acc: 64.74%, Loss: 1.9645
Epoch: 14, Batch: 2320, Acc: 64.74%, Loss: 2.0028
Epoch: 14, Batch: 2330, Acc: 64.75%, Loss: 2.0210
Epoch: 14, Batch: 2340, Acc: 64.74%, Loss: 2.0391
Epoch: 14, Batch: 2350, Acc: 64.75%, Loss: 1.9930
Epoch: 14, Batch: 2360, Acc: 64.76%, Loss: 1.9685
Epoch: 14, Batch: 2370, Acc: 64.77%, Loss: 1.9610
Epoch: 14, Batch: 2380, Acc: 64.74%, Loss: 2.0715
Epoch: 14, Batch: 2390, Acc: 64.73%, Loss: 2.0371
Epoch: 14, Batch: 2400, Acc: 64.74%, Loss: 1.9841
Epoch: 14, Batch: 2410, Acc: 64.73%, Loss: 2.0182
Epoch: 14, Batch: 2420, Acc: 64.73%, Loss: 2.0174
Epoch: 14, Batch: 2430, Acc: 64.73%, Loss: 2.0227
Epoch: 14, Batch: 2440, Acc: 64.72%, Loss: 2.0627
Epoch: 14, Batch: 2450, Acc: 64.72%, Loss: 1.9858
Epoch: 14, Batch: 2460, Acc: 64.72%, Loss: 1.9807
Epoch: 14, Batch: 2470, Acc: 64.72%, Loss: 1.9875
Epoch: 14, Batch: 2480, Acc: 64.72%, Loss: 1.9893
Epoch: 14, Batch: 2490, Acc: 64.74%, Loss: 1.9531
Epoch: 14, Batch: 2500, Acc: 64.73%, Loss: 1.9980
Epoch: 14, Batch: 2510, Acc: 64.74%, Loss: 1.9962
Epoch: 14, Batch: 2520, Acc: 64.74%, Loss: 1.9782
Epoch: 14, Batch: 2530, Acc: 64.75%, Loss: 2.0300
Epoch: 14, Batch: 2540, Acc: 64.74%, Loss: 2.0390
Epoch: 14, Batch: 2550, Acc: 64.75%, Loss: 2.0212
Epoch: 14, Batch: 2560, Acc: 64.75%, Loss: 1.9927
Epoch: 14, Batch: 2570, Acc: 64.75%, Loss: 2.0156
Epoch: 14, Batch: 2580, Acc: 64.75%, Loss: 2.0141
Epoch: 14, Batch: 2590, Acc: 64.75%, Loss: 2.0228
Epoch: 14, Batch: 2600, Acc: 64.75%, Loss: 2.0145
Epoch: 14, Batch: 2610, Acc: 64.74%, Loss: 2.0331
Epoch: 14, Batch: 2620, Acc: 64.73%, Loss: 2.0247
Epoch: 14, Batch: 2630, Acc: 64.72%, Loss: 2.0639
Epoch: 14, Batch: 2640, Acc: 64.73%, Loss: 2.0245
Epoch: 14, Batch: 2650, Acc: 64.72%, Loss: 2.0333
Epoch: 14, Batch: 2660, Acc: 64.72%, Loss: 2.0061
Epoch: 14, Batch: 2670, Acc: 64.72%, Loss: 2.0003
Epoch: 14, Batch: 2680, Acc: 64.73%, Loss: 1.9670
Epoch: 14, Batch: 2690, Acc: 64.73%, Loss: 2.0152
Epoch: 14, Batch: 2700, Acc: 64.72%, Loss: 2.0228
Epoch: 14, Batch: 2710, Acc: 64.70%, Loss: 2.0343
Epoch: 14, Batch: 2720, Acc: 64.69%, Loss: 2.0590
Epoch: 14, Batch: 2730, Acc: 64.70%, Loss: 1.9979
Epoch: 14, Batch: 2740, Acc: 64.70%, Loss: 1.9892
Epoch: 14, Batch: 2750, Acc: 64.70%, Loss: 2.0112
Epoch: 14, Batch: 2760, Acc: 64.70%, Loss: 2.0481
Epoch: 14, Batch: 2770, Acc: 64.69%, Loss: 2.0480
Epoch: 14, Batch: 2780, Acc: 64.70%, Loss: 1.9574
Epoch: 14, Batch: 2790, Acc: 64.71%, Loss: 1.9657
Epoch: 14, Batch: 2800, Acc: 64.71%, Loss: 2.0006
Epoch: 14, Batch: 2810, Acc: 64.72%, Loss: 2.0023
Epoch: 14, Batch: 2820, Acc: 64.72%, Loss: 2.0148
Epoch: 14, Batch: 2830, Acc: 64.72%, Loss: 2.0002
Epoch: 14, Batch: 2840, Acc: 64.73%, Loss: 1.9760
Epoch: 14, Batch: 2850, Acc: 64.73%, Loss: 1.9829
Epoch: 14, Batch: 2860, Acc: 64.74%, Loss: 1.9931
Epoch: 14, Batch: 2870, Acc: 64.74%, Loss: 2.0046
Epoch: 14, Batch: 2880, Acc: 64.74%, Loss: 1.9925
Epoch 14: val_acc=0.6582, best_val_acc=0.6556, es_counter=3
Epoch: 15, Batch: 10, Acc: 67.03%, Loss: 1.9820
Epoch: 15, Batch: 20, Acc: 67.11%, Loss: 1.9901
Epoch: 15, Batch: 30, Acc: 65.68%, Loss: 2.0109
Epoch: 15, Batch: 40, Acc: 65.08%, Loss: 2.0266
Epoch: 15, Batch: 50, Acc: 64.25%, Loss: 2.0419
Epoch: 15, Batch: 60, Acc: 64.30%, Loss: 2.0274
Epoch: 15, Batch: 70, Acc: 64.71%, Loss: 1.9437
Epoch: 15, Batch: 80, Acc: 64.67%, Loss: 2.0145
Epoch: 15, Batch: 90, Acc: 64.84%, Loss: 1.9956
Epoch: 15, Batch: 100, Acc: 64.84%, Loss: 2.0251
Epoch: 15, Batch: 110, Acc: 65.00%, Loss: 2.0056
Epoch: 15, Batch: 120, Acc: 65.09%, Loss: 1.9781
Epoch: 15, Batch: 130, Acc: 65.26%, Loss: 1.9700
Epoch: 15, Batch: 140, Acc: 65.35%, Loss: 1.9886
Epoch: 15, Batch: 150, Acc: 65.14%, Loss: 2.0291
Epoch: 15, Batch: 160, Acc: 65.30%, Loss: 1.9750
Epoch: 15, Batch: 170, Acc: 65.17%, Loss: 2.0273
Epoch: 15, Batch: 180, Acc: 65.16%, Loss: 2.0338
Epoch: 15, Batch: 190, Acc: 65.09%, Loss: 2.0164
Epoch: 15, Batch: 200, Acc: 65.09%, Loss: 2.0080
Epoch: 15, Batch: 210, Acc: 65.08%, Loss: 1.9964
Epoch: 15, Batch: 220, Acc: 65.02%, Loss: 2.0519
Epoch: 15, Batch: 230, Acc: 64.95%, Loss: 2.0187
Epoch: 15, Batch: 240, Acc: 64.97%, Loss: 1.9949
Epoch: 15, Batch: 250, Acc: 65.10%, Loss: 1.9849
Epoch: 15, Batch: 260, Acc: 64.96%, Loss: 2.0457
Epoch: 15, Batch: 270, Acc: 64.90%, Loss: 2.0405
Epoch: 15, Batch: 280, Acc: 64.88%, Loss: 2.0254
Epoch: 15, Batch: 290, Acc: 64.82%, Loss: 2.0274
Epoch: 15, Batch: 300, Acc: 64.92%, Loss: 1.9931
Epoch: 15, Batch: 310, Acc: 64.91%, Loss: 1.9979
Epoch: 15, Batch: 320, Acc: 65.01%, Loss: 1.9583
Epoch: 15, Batch: 330, Acc: 64.94%, Loss: 2.0027
Epoch: 15, Batch: 340, Acc: 64.92%, Loss: 2.0111
Epoch: 15, Batch: 350, Acc: 64.93%, Loss: 1.9795
Epoch: 15, Batch: 360, Acc: 64.89%, Loss: 2.0243
Epoch: 15, Batch: 370, Acc: 64.86%, Loss: 2.0142
Epoch: 15, Batch: 380, Acc: 64.85%, Loss: 2.0002
Epoch: 15, Batch: 390, Acc: 64.86%, Loss: 2.0339
Epoch: 15, Batch: 400, Acc: 64.85%, Loss: 1.9742
Epoch: 15, Batch: 410, Acc: 64.92%, Loss: 1.9824
Epoch: 15, Batch: 420, Acc: 64.88%, Loss: 2.0179
Epoch: 15, Batch: 430, Acc: 64.92%, Loss: 1.9908
Epoch: 15, Batch: 440, Acc: 64.94%, Loss: 2.0000
Epoch: 15, Batch: 450, Acc: 64.89%, Loss: 2.0471
Epoch: 15, Batch: 460, Acc: 64.93%, Loss: 1.9851
Epoch: 15, Batch: 470, Acc: 64.90%, Loss: 1.9894
Epoch: 15, Batch: 480, Acc: 64.89%, Loss: 2.0097
Epoch: 15, Batch: 490, Acc: 64.85%, Loss: 2.0270
Epoch: 15, Batch: 500, Acc: 64.89%, Loss: 1.9762
Epoch: 15, Batch: 510, Acc: 64.83%, Loss: 2.0528
Epoch: 15, Batch: 520, Acc: 64.86%, Loss: 1.9864
Epoch: 15, Batch: 530, Acc: 64.87%, Loss: 1.9842
Epoch: 15, Batch: 540, Acc: 64.88%, Loss: 2.0025
Epoch: 15, Batch: 550, Acc: 64.86%, Loss: 2.0256
Epoch: 15, Batch: 560, Acc: 64.85%, Loss: 2.0068
Epoch: 15, Batch: 570, Acc: 64.86%, Loss: 2.0057
Epoch: 15, Batch: 580, Acc: 64.84%, Loss: 1.9938
Epoch: 15, Batch: 590, Acc: 64.82%, Loss: 2.0015
Epoch: 15, Batch: 600, Acc: 64.81%, Loss: 1.9961
Epoch: 15, Batch: 610, Acc: 64.86%, Loss: 1.9760
Epoch: 15, Batch: 620, Acc: 64.87%, Loss: 2.0108
Epoch: 15, Batch: 630, Acc: 64.81%, Loss: 2.0246
Epoch: 15, Batch: 640, Acc: 64.80%, Loss: 2.0157
Epoch: 15, Batch: 650, Acc: 64.82%, Loss: 1.9982
Epoch: 15, Batch: 660, Acc: 64.85%, Loss: 1.9993
Epoch: 15, Batch: 670, Acc: 64.86%, Loss: 1.9979
Epoch: 15, Batch: 680, Acc: 64.83%, Loss: 2.0299
Epoch: 15, Batch: 690, Acc: 64.81%, Loss: 2.0094
Epoch: 15, Batch: 700, Acc: 64.78%, Loss: 2.0168
Epoch: 15, Batch: 710, Acc: 64.80%, Loss: 2.0117
Epoch: 15, Batch: 720, Acc: 64.79%, Loss: 2.0057
Epoch: 15, Batch: 730, Acc: 64.81%, Loss: 2.0011
Epoch: 15, Batch: 740, Acc: 64.82%, Loss: 1.9913
Epoch: 15, Batch: 750, Acc: 64.84%, Loss: 1.9951
Epoch: 15, Batch: 760, Acc: 64.86%, Loss: 2.0008
Epoch: 15, Batch: 770, Acc: 64.83%, Loss: 2.0569
Epoch: 15, Batch: 780, Acc: 64.80%, Loss: 2.0393
Epoch: 15, Batch: 790, Acc: 64.80%, Loss: 2.0078
Epoch: 15, Batch: 800, Acc: 64.82%, Loss: 1.9816
Epoch: 15, Batch: 810, Acc: 64.80%, Loss: 2.0526
Epoch: 15, Batch: 820, Acc: 64.81%, Loss: 2.0211
Epoch: 15, Batch: 830, Acc: 64.80%, Loss: 2.0283
Epoch: 15, Batch: 840, Acc: 64.80%, Loss: 2.0349
Epoch: 15, Batch: 850, Acc: 64.76%, Loss: 2.0444
Epoch: 15, Batch: 860, Acc: 64.74%, Loss: 2.0407
Epoch: 15, Batch: 870, Acc: 64.77%, Loss: 2.0114
Epoch: 15, Batch: 880, Acc: 64.76%, Loss: 2.0211
Epoch: 15, Batch: 890, Acc: 64.79%, Loss: 1.9588
Epoch: 15, Batch: 900, Acc: 64.80%, Loss: 1.9706
Epoch: 15, Batch: 910, Acc: 64.79%, Loss: 2.0062
Epoch: 15, Batch: 920, Acc: 64.78%, Loss: 2.0282
Epoch: 15, Batch: 930, Acc: 64.77%, Loss: 2.0119
Epoch: 15, Batch: 940, Acc: 64.78%, Loss: 2.0048
Epoch: 15, Batch: 950, Acc: 64.79%, Loss: 2.0035
Epoch: 15, Batch: 960, Acc: 64.82%, Loss: 1.9719
Epoch: 15, Batch: 970, Acc: 64.85%, Loss: 2.0053
Epoch: 15, Batch: 980, Acc: 64.86%, Loss: 2.0288
Epoch: 15, Batch: 990, Acc: 64.87%, Loss: 1.9787
Epoch: 15, Batch: 1000, Acc: 64.85%, Loss: 2.0432
Epoch: 15, Batch: 1010, Acc: 64.83%, Loss: 2.0677
Epoch: 15, Batch: 1020, Acc: 64.83%, Loss: 2.0361
Epoch: 15, Batch: 1030, Acc: 64.85%, Loss: 2.0019
Epoch: 15, Batch: 1040, Acc: 64.87%, Loss: 1.9720
Epoch: 15, Batch: 1050, Acc: 64.86%, Loss: 1.9863
Epoch: 15, Batch: 1060, Acc: 64.86%, Loss: 1.9992
Epoch: 15, Batch: 1070, Acc: 64.86%, Loss: 1.9844
Epoch: 15, Batch: 1080, Acc: 64.85%, Loss: 2.0424
Epoch: 15, Batch: 1090, Acc: 64.87%, Loss: 1.9741
Epoch: 15, Batch: 1100, Acc: 64.89%, Loss: 1.9921
Epoch: 15, Batch: 1110, Acc: 64.90%, Loss: 1.9947
Epoch: 15, Batch: 1120, Acc: 64.88%, Loss: 2.0687
Epoch: 15, Batch: 1130, Acc: 64.86%, Loss: 2.0055
Epoch: 15, Batch: 1140, Acc: 64.86%, Loss: 2.0203
Epoch: 15, Batch: 1150, Acc: 64.86%, Loss: 1.9833
Epoch: 15, Batch: 1160, Acc: 64.85%, Loss: 2.0212
Epoch: 15, Batch: 1170, Acc: 64.87%, Loss: 2.0022
Epoch: 15, Batch: 1180, Acc: 64.84%, Loss: 2.0140
Epoch: 15, Batch: 1190, Acc: 64.85%, Loss: 2.0087
Epoch: 15, Batch: 1200, Acc: 64.84%, Loss: 2.0315
Epoch: 15, Batch: 1210, Acc: 64.83%, Loss: 2.0331
Epoch: 15, Batch: 1220, Acc: 64.84%, Loss: 1.9854
Epoch: 15, Batch: 1230, Acc: 64.85%, Loss: 1.9642
Epoch: 15, Batch: 1240, Acc: 64.83%, Loss: 2.0361
Epoch: 15, Batch: 1250, Acc: 64.84%, Loss: 2.0121
Epoch: 15, Batch: 1260, Acc: 64.85%, Loss: 1.9887
Epoch: 15, Batch: 1270, Acc: 64.85%, Loss: 2.0363
Epoch: 15, Batch: 1280, Acc: 64.85%, Loss: 2.0089
Epoch: 15, Batch: 1290, Acc: 64.84%, Loss: 2.0205
Epoch: 15, Batch: 1300, Acc: 64.85%, Loss: 1.9503
Epoch: 15, Batch: 1310, Acc: 64.85%, Loss: 2.0197
Epoch: 15, Batch: 1320, Acc: 64.86%, Loss: 1.9945
Epoch: 15, Batch: 1330, Acc: 64.84%, Loss: 2.0382
Epoch: 15, Batch: 1340, Acc: 64.84%, Loss: 2.0193
Epoch: 15, Batch: 1350, Acc: 64.84%, Loss: 1.9945
Epoch: 15, Batch: 1360, Acc: 64.85%, Loss: 1.9713
Epoch: 15, Batch: 1370, Acc: 64.85%, Loss: 1.9929
Epoch: 15, Batch: 1380, Acc: 64.82%, Loss: 2.0570
Epoch: 15, Batch: 1390, Acc: 64.80%, Loss: 2.0412
Epoch: 15, Batch: 1400, Acc: 64.82%, Loss: 1.9424
Epoch: 15, Batch: 1410, Acc: 64.80%, Loss: 2.0638
Epoch: 15, Batch: 1420, Acc: 64.79%, Loss: 2.0002
Epoch: 15, Batch: 1430, Acc: 64.79%, Loss: 2.0176
Epoch: 15, Batch: 1440, Acc: 64.80%, Loss: 1.9769
Epoch: 15, Batch: 1450, Acc: 64.79%, Loss: 2.0204
Epoch: 15, Batch: 1460, Acc: 64.81%, Loss: 1.9952
Epoch: 15, Batch: 1470, Acc: 64.81%, Loss: 2.0228
Epoch: 15, Batch: 1480, Acc: 64.78%, Loss: 2.0243
Epoch: 15, Batch: 1490, Acc: 64.79%, Loss: 2.0209
Epoch: 15, Batch: 1500, Acc: 64.79%, Loss: 1.9942
Epoch: 15, Batch: 1510, Acc: 64.83%, Loss: 1.9561
Epoch: 15, Batch: 1520, Acc: 64.84%, Loss: 2.0106
Epoch: 15, Batch: 1530, Acc: 64.85%, Loss: 2.0211
Epoch: 15, Batch: 1540, Acc: 64.86%, Loss: 1.9986
Epoch: 15, Batch: 1550, Acc: 64.86%, Loss: 1.9990
Epoch: 15, Batch: 1560, Acc: 64.85%, Loss: 2.0215
Epoch: 15, Batch: 1570, Acc: 64.85%, Loss: 1.9702
Epoch: 15, Batch: 1580, Acc: 64.84%, Loss: 2.0249
Epoch: 15, Batch: 1590, Acc: 64.85%, Loss: 1.9821
Epoch: 15, Batch: 1600, Acc: 64.85%, Loss: 2.0122
Epoch: 15, Batch: 1610, Acc: 64.86%, Loss: 1.9933
Epoch: 15, Batch: 1620, Acc: 64.85%, Loss: 2.0177
Epoch: 15, Batch: 1630, Acc: 64.83%, Loss: 2.0541
Epoch: 15, Batch: 1640, Acc: 64.85%, Loss: 1.9674
Epoch: 15, Batch: 1650, Acc: 64.85%, Loss: 1.9857
Epoch: 15, Batch: 1660, Acc: 64.85%, Loss: 2.0225
Epoch: 15, Batch: 1670, Acc: 64.85%, Loss: 1.9839
Epoch: 15, Batch: 1680, Acc: 64.85%, Loss: 1.9583
Epoch: 15, Batch: 1690, Acc: 64.85%, Loss: 2.0185
Epoch: 15, Batch: 1700, Acc: 64.86%, Loss: 1.9514
Epoch: 15, Batch: 1710, Acc: 64.86%, Loss: 2.0149
Epoch: 15, Batch: 1720, Acc: 64.88%, Loss: 2.0030
Epoch: 15, Batch: 1730, Acc: 64.89%, Loss: 1.9969
Epoch: 15, Batch: 1740, Acc: 64.90%, Loss: 1.9585
Epoch: 15, Batch: 1750, Acc: 64.89%, Loss: 2.0193
Epoch: 15, Batch: 1760, Acc: 64.89%, Loss: 2.0326
Epoch: 15, Batch: 1770, Acc: 64.88%, Loss: 1.9765
Epoch: 15, Batch: 1780, Acc: 64.89%, Loss: 1.9782
Epoch: 15, Batch: 1790, Acc: 64.89%, Loss: 1.9829
Epoch: 15, Batch: 1800, Acc: 64.88%, Loss: 2.0303
Epoch: 15, Batch: 1810, Acc: 64.89%, Loss: 1.9941
Epoch: 15, Batch: 1820, Acc: 64.88%, Loss: 1.9863
Epoch: 15, Batch: 1830, Acc: 64.87%, Loss: 2.0358
Epoch: 15, Batch: 1840, Acc: 64.88%, Loss: 1.9834
Epoch: 15, Batch: 1850, Acc: 64.88%, Loss: 2.0011
Epoch: 15, Batch: 1860, Acc: 64.88%, Loss: 1.9779
Epoch: 15, Batch: 1870, Acc: 64.88%, Loss: 1.9825
Epoch: 15, Batch: 1880, Acc: 64.89%, Loss: 1.9754
Epoch: 15, Batch: 1890, Acc: 64.89%, Loss: 2.0001
Epoch: 15, Batch: 1900, Acc: 64.91%, Loss: 1.9682
Epoch: 15, Batch: 1910, Acc: 64.92%, Loss: 1.9562
Epoch: 15, Batch: 1920, Acc: 64.91%, Loss: 2.0138
Epoch: 15, Batch: 1930, Acc: 64.93%, Loss: 1.9913
Epoch: 15, Batch: 1940, Acc: 64.90%, Loss: 2.0526
Epoch: 15, Batch: 1950, Acc: 64.90%, Loss: 2.0307
Epoch: 15, Batch: 1960, Acc: 64.89%, Loss: 2.0263
Epoch: 15, Batch: 1970, Acc: 64.88%, Loss: 2.0030
Epoch: 15, Batch: 1980, Acc: 64.87%, Loss: 2.0198
Epoch: 15, Batch: 1990, Acc: 64.86%, Loss: 2.0245
Epoch: 15, Batch: 2000, Acc: 64.88%, Loss: 1.9418
Epoch: 15, Batch: 2010, Acc: 64.86%, Loss: 2.0784
Epoch: 15, Batch: 2020, Acc: 64.86%, Loss: 2.0234
Epoch: 15, Batch: 2030, Acc: 64.87%, Loss: 1.9748
Epoch: 15, Batch: 2040, Acc: 64.88%, Loss: 1.9468
Epoch: 15, Batch: 2050, Acc: 64.88%, Loss: 2.0281
Epoch: 15, Batch: 2060, Acc: 64.89%, Loss: 1.9708
Epoch: 15, Batch: 2070, Acc: 64.89%, Loss: 2.0249
Epoch: 15, Batch: 2080, Acc: 64.88%, Loss: 2.0106
Epoch: 15, Batch: 2090, Acc: 64.88%, Loss: 2.0026
Epoch: 15, Batch: 2100, Acc: 64.89%, Loss: 2.0060
Epoch: 15, Batch: 2110, Acc: 64.87%, Loss: 2.0553
Epoch: 15, Batch: 2120, Acc: 64.87%, Loss: 1.9747
Epoch: 15, Batch: 2130, Acc: 64.87%, Loss: 2.0063
Epoch: 15, Batch: 2140, Acc: 64.85%, Loss: 2.0465
Epoch: 15, Batch: 2150, Acc: 64.86%, Loss: 1.9966
Epoch: 15, Batch: 2160, Acc: 64.85%, Loss: 2.0246
Epoch: 15, Batch: 2170, Acc: 64.86%, Loss: 2.0167
Epoch: 15, Batch: 2180, Acc: 64.84%, Loss: 2.0401
Epoch: 15, Batch: 2190, Acc: 64.84%, Loss: 2.0183
Epoch: 15, Batch: 2200, Acc: 64.83%, Loss: 2.0247
Epoch: 15, Batch: 2210, Acc: 64.83%, Loss: 2.0063
Epoch: 15, Batch: 2220, Acc: 64.83%, Loss: 2.0067
Epoch: 15, Batch: 2230, Acc: 64.83%, Loss: 1.9934
Epoch: 15, Batch: 2240, Acc: 64.84%, Loss: 1.9648
Epoch: 15, Batch: 2250, Acc: 64.85%, Loss: 2.0276
Epoch: 15, Batch: 2260, Acc: 64.85%, Loss: 2.0095
Epoch: 15, Batch: 2270, Acc: 64.84%, Loss: 1.9913
Epoch: 15, Batch: 2280, Acc: 64.85%, Loss: 2.0066
Epoch: 15, Batch: 2290, Acc: 64.86%, Loss: 1.9732
Epoch: 15, Batch: 2300, Acc: 64.86%, Loss: 2.0287
Epoch: 15, Batch: 2310, Acc: 64.85%, Loss: 1.9965
Epoch: 15, Batch: 2320, Acc: 64.84%, Loss: 2.0155
Epoch: 15, Batch: 2330, Acc: 64.84%, Loss: 2.0054
Epoch: 15, Batch: 2340, Acc: 64.83%, Loss: 2.0306
Epoch: 15, Batch: 2350, Acc: 64.83%, Loss: 2.0038
Epoch: 15, Batch: 2360, Acc: 64.85%, Loss: 1.9465
Epoch: 15, Batch: 2370, Acc: 64.86%, Loss: 2.0267
Epoch: 15, Batch: 2380, Acc: 64.86%, Loss: 1.9993
Epoch: 15, Batch: 2390, Acc: 64.86%, Loss: 2.0017
Epoch: 15, Batch: 2400, Acc: 64.86%, Loss: 1.9618
Epoch: 15, Batch: 2410, Acc: 64.85%, Loss: 2.0410
Epoch: 15, Batch: 2420, Acc: 64.85%, Loss: 2.0179
Epoch: 15, Batch: 2430, Acc: 64.87%, Loss: 1.9387
Epoch: 15, Batch: 2440, Acc: 64.87%, Loss: 1.9769
Epoch: 15, Batch: 2450, Acc: 64.87%, Loss: 2.0252
Epoch: 15, Batch: 2460, Acc: 64.86%, Loss: 1.9841
Epoch: 15, Batch: 2470, Acc: 64.85%, Loss: 2.0310
Epoch: 15, Batch: 2480, Acc: 64.85%, Loss: 1.9920
Epoch: 15, Batch: 2490, Acc: 64.86%, Loss: 1.9875
Epoch: 15, Batch: 2500, Acc: 64.84%, Loss: 2.0424
Epoch: 15, Batch: 2510, Acc: 64.84%, Loss: 1.9779
Epoch: 15, Batch: 2520, Acc: 64.86%, Loss: 1.9616
Epoch: 15, Batch: 2530, Acc: 64.86%, Loss: 1.9836
Epoch: 15, Batch: 2540, Acc: 64.85%, Loss: 2.0697
Epoch: 15, Batch: 2550, Acc: 64.85%, Loss: 1.9751
Epoch: 15, Batch: 2560, Acc: 64.85%, Loss: 2.0002
Epoch: 15, Batch: 2570, Acc: 64.86%, Loss: 1.9898
Epoch: 15, Batch: 2580, Acc: 64.86%, Loss: 2.0214
Epoch: 15, Batch: 2590, Acc: 64.86%, Loss: 2.0048
Epoch: 15, Batch: 2600, Acc: 64.86%, Loss: 1.9706
Epoch: 15, Batch: 2610, Acc: 64.86%, Loss: 2.0135
Epoch: 15, Batch: 2620, Acc: 64.86%, Loss: 2.0136
Epoch: 15, Batch: 2630, Acc: 64.86%, Loss: 2.0421
Epoch: 15, Batch: 2640, Acc: 64.85%, Loss: 2.0128
Epoch: 15, Batch: 2650, Acc: 64.87%, Loss: 1.9685
Epoch: 15, Batch: 2660, Acc: 64.87%, Loss: 1.9663
Epoch: 15, Batch: 2670, Acc: 64.87%, Loss: 2.0271
Epoch: 15, Batch: 2680, Acc: 64.86%, Loss: 2.0402
Epoch: 15, Batch: 2690, Acc: 64.88%, Loss: 1.9724
Epoch: 15, Batch: 2700, Acc: 64.87%, Loss: 1.9935
Epoch: 15, Batch: 2710, Acc: 64.85%, Loss: 2.0645
Epoch: 15, Batch: 2720, Acc: 64.86%, Loss: 2.0147
Epoch: 15, Batch: 2730, Acc: 64.87%, Loss: 1.9661
Epoch: 15, Batch: 2740, Acc: 64.87%, Loss: 2.0072
Epoch: 15, Batch: 2750, Acc: 64.88%, Loss: 1.9987
Epoch: 15, Batch: 2760, Acc: 64.87%, Loss: 2.0066
Epoch: 15, Batch: 2770, Acc: 64.88%, Loss: 1.9877
Epoch: 15, Batch: 2780, Acc: 64.88%, Loss: 2.0395
Epoch: 15, Batch: 2790, Acc: 64.87%, Loss: 2.0215
Epoch: 15, Batch: 2800, Acc: 64.88%, Loss: 1.9770
Epoch: 15, Batch: 2810, Acc: 64.88%, Loss: 2.0208
Epoch: 15, Batch: 2820, Acc: 64.88%, Loss: 1.9876
Epoch: 15, Batch: 2830, Acc: 64.88%, Loss: 2.0028
Epoch: 15, Batch: 2840, Acc: 64.88%, Loss: 2.0094
Epoch: 15, Batch: 2850, Acc: 64.88%, Loss: 2.0070
Epoch: 15, Batch: 2860, Acc: 64.88%, Loss: 2.0063
Epoch: 15, Batch: 2870, Acc: 64.88%, Loss: 2.0174
Epoch: 15, Batch: 2880, Acc: 64.87%, Loss: 2.0153
Epoch 15: val_acc=0.6531, best_val_acc=0.6556, es_counter=4
Epoch: 16, Batch: 10, Acc: 69.53%, Loss: 1.9184
Epoch: 16, Batch: 20, Acc: 67.27%, Loss: 1.9986
Epoch: 16, Batch: 30, Acc: 65.62%, Loss: 2.0257
Epoch: 16, Batch: 40, Acc: 65.90%, Loss: 1.9754
Epoch: 16, Batch: 50, Acc: 65.81%, Loss: 2.0355
Epoch: 16, Batch: 60, Acc: 65.73%, Loss: 1.9969
Epoch: 16, Batch: 70, Acc: 65.89%, Loss: 1.9637
Epoch: 16, Batch: 80, Acc: 65.59%, Loss: 2.0145
Epoch: 16, Batch: 90, Acc: 65.56%, Loss: 1.9977
Epoch: 16, Batch: 100, Acc: 65.31%, Loss: 2.0512
Epoch: 16, Batch: 110, Acc: 65.00%, Loss: 2.0347
Epoch: 16, Batch: 120, Acc: 64.91%, Loss: 2.0100
Epoch: 16, Batch: 130, Acc: 64.84%, Loss: 2.0339
Epoch: 16, Batch: 140, Acc: 64.72%, Loss: 2.0168
Epoch: 16, Batch: 150, Acc: 64.57%, Loss: 2.0229
Epoch: 16, Batch: 160, Acc: 64.78%, Loss: 2.0084
Epoch: 16, Batch: 170, Acc: 64.59%, Loss: 2.0576
Epoch: 16, Batch: 180, Acc: 64.52%, Loss: 2.0306
Epoch: 16, Batch: 190, Acc: 64.45%, Loss: 2.0300
Epoch: 16, Batch: 200, Acc: 64.28%, Loss: 2.0581
Epoch: 16, Batch: 210, Acc: 64.40%, Loss: 1.9860
Epoch: 16, Batch: 220, Acc: 64.32%, Loss: 2.0444
Epoch: 16, Batch: 230, Acc: 64.40%, Loss: 1.9810
Epoch: 16, Batch: 240, Acc: 64.44%, Loss: 2.0125
Epoch: 16, Batch: 250, Acc: 64.36%, Loss: 2.0265
Epoch: 16, Batch: 260, Acc: 64.33%, Loss: 2.0355
Epoch: 16, Batch: 270, Acc: 64.29%, Loss: 1.9888
Epoch: 16, Batch: 280, Acc: 64.27%, Loss: 2.0425
Epoch: 16, Batch: 290, Acc: 64.35%, Loss: 1.9922
Epoch: 16, Batch: 300, Acc: 64.30%, Loss: 2.0304
Epoch: 16, Batch: 310, Acc: 64.41%, Loss: 1.9695
Epoch: 16, Batch: 320, Acc: 64.44%, Loss: 1.9864
Epoch: 16, Batch: 330, Acc: 64.50%, Loss: 1.9942
Epoch: 16, Batch: 340, Acc: 64.42%, Loss: 2.0403
Epoch: 16, Batch: 350, Acc: 64.43%, Loss: 2.0244
Epoch: 16, Batch: 360, Acc: 64.39%, Loss: 2.0148
Epoch: 16, Batch: 370, Acc: 64.41%, Loss: 2.0180
Epoch: 16, Batch: 380, Acc: 64.40%, Loss: 2.0235
Epoch: 16, Batch: 390, Acc: 64.36%, Loss: 2.0297
Epoch: 16, Batch: 400, Acc: 64.36%, Loss: 1.9868
Epoch: 16, Batch: 410, Acc: 64.44%, Loss: 1.9894
Epoch: 16, Batch: 420, Acc: 64.39%, Loss: 2.0288
Epoch: 16, Batch: 430, Acc: 64.41%, Loss: 2.0038
Epoch: 16, Batch: 440, Acc: 64.39%, Loss: 1.9885
Epoch: 16, Batch: 450, Acc: 64.43%, Loss: 1.9747
Epoch: 16, Batch: 460, Acc: 64.40%, Loss: 2.0249
Epoch: 16, Batch: 470, Acc: 64.37%, Loss: 2.0494
Epoch: 16, Batch: 480, Acc: 64.37%, Loss: 2.0280
Epoch: 16, Batch: 490, Acc: 64.33%, Loss: 2.0214
Epoch: 16, Batch: 500, Acc: 64.29%, Loss: 2.0203
Epoch: 16, Batch: 510, Acc: 64.38%, Loss: 1.9847
Epoch: 16, Batch: 520, Acc: 64.34%, Loss: 2.0220
Epoch: 16, Batch: 530, Acc: 64.32%, Loss: 2.0176
Epoch: 16, Batch: 540, Acc: 64.36%, Loss: 1.9905
Epoch: 16, Batch: 550, Acc: 64.33%, Loss: 2.0076
Epoch: 16, Batch: 560, Acc: 64.32%, Loss: 2.0292
Epoch: 16, Batch: 570, Acc: 64.31%, Loss: 2.0268
Epoch: 16, Batch: 580, Acc: 64.37%, Loss: 1.9794
Epoch: 16, Batch: 590, Acc: 64.44%, Loss: 1.9462
Epoch: 16, Batch: 600, Acc: 64.42%, Loss: 2.0298
Epoch: 16, Batch: 610, Acc: 64.42%, Loss: 2.0237
Epoch: 16, Batch: 620, Acc: 64.42%, Loss: 1.9826
Epoch: 16, Batch: 630, Acc: 64.46%, Loss: 1.9911
Epoch: 16, Batch: 640, Acc: 64.49%, Loss: 2.0169
Epoch: 16, Batch: 650, Acc: 64.48%, Loss: 1.9939
Epoch: 16, Batch: 660, Acc: 64.50%, Loss: 1.9808
Epoch: 16, Batch: 670, Acc: 64.49%, Loss: 1.9921
Epoch: 16, Batch: 680, Acc: 64.54%, Loss: 1.9524
Epoch: 16, Batch: 690, Acc: 64.51%, Loss: 2.0351
Epoch: 16, Batch: 700, Acc: 64.57%, Loss: 1.9369
Epoch: 16, Batch: 710, Acc: 64.57%, Loss: 2.0180
Epoch: 16, Batch: 720, Acc: 64.57%, Loss: 2.0065
Epoch: 16, Batch: 730, Acc: 64.58%, Loss: 1.9999
Epoch: 16, Batch: 740, Acc: 64.57%, Loss: 2.0280
Epoch: 16, Batch: 750, Acc: 64.59%, Loss: 2.0100
Epoch: 16, Batch: 760, Acc: 64.61%, Loss: 1.9829
Epoch: 16, Batch: 770, Acc: 64.60%, Loss: 1.9878
Epoch: 16, Batch: 780, Acc: 64.62%, Loss: 2.0145
Epoch: 16, Batch: 790, Acc: 64.63%, Loss: 1.9802
Epoch: 16, Batch: 800, Acc: 64.68%, Loss: 1.9963
Epoch: 16, Batch: 810, Acc: 64.66%, Loss: 2.0702
Epoch: 16, Batch: 820, Acc: 64.62%, Loss: 2.0131
Epoch: 16, Batch: 830, Acc: 64.64%, Loss: 1.9949
Epoch: 16, Batch: 840, Acc: 64.67%, Loss: 1.9739
Epoch: 16, Batch: 850, Acc: 64.67%, Loss: 2.0198
Epoch: 16, Batch: 860, Acc: 64.69%, Loss: 1.9774
Epoch: 16, Batch: 870, Acc: 64.68%, Loss: 2.0054
Epoch: 16, Batch: 880, Acc: 64.71%, Loss: 1.9795
Epoch: 16, Batch: 890, Acc: 64.72%, Loss: 1.9722
Epoch: 16, Batch: 900, Acc: 64.72%, Loss: 2.0131
Epoch: 16, Batch: 910, Acc: 64.74%, Loss: 1.9669
Epoch: 16, Batch: 920, Acc: 64.70%, Loss: 2.0382
Epoch: 16, Batch: 930, Acc: 64.76%, Loss: 1.9589
Epoch: 16, Batch: 940, Acc: 64.77%, Loss: 2.0030
Epoch: 16, Batch: 950, Acc: 64.82%, Loss: 1.9803
Epoch: 16, Batch: 960, Acc: 64.83%, Loss: 2.0149
Epoch: 16, Batch: 970, Acc: 64.83%, Loss: 2.0274
Epoch: 16, Batch: 980, Acc: 64.82%, Loss: 2.0032
Epoch: 16, Batch: 990, Acc: 64.79%, Loss: 2.0241
Epoch: 16, Batch: 1000, Acc: 64.81%, Loss: 1.9889
Epoch: 16, Batch: 1010, Acc: 64.81%, Loss: 1.9854
Epoch: 16, Batch: 1020, Acc: 64.80%, Loss: 1.9984
Epoch: 16, Batch: 1030, Acc: 64.79%, Loss: 2.0045
Epoch: 16, Batch: 1040, Acc: 64.78%, Loss: 2.0325
Epoch: 16, Batch: 1050, Acc: 64.78%, Loss: 2.0035
Epoch: 16, Batch: 1060, Acc: 64.76%, Loss: 2.0112
Epoch: 16, Batch: 1070, Acc: 64.76%, Loss: 2.0320
Epoch: 16, Batch: 1080, Acc: 64.76%, Loss: 2.0269
Epoch: 16, Batch: 1090, Acc: 64.79%, Loss: 1.9979
Epoch: 16, Batch: 1100, Acc: 64.79%, Loss: 2.0338
Epoch: 16, Batch: 1110, Acc: 64.79%, Loss: 2.0091
Epoch: 16, Batch: 1120, Acc: 64.79%, Loss: 1.9981
Epoch: 16, Batch: 1130, Acc: 64.82%, Loss: 2.0050
Epoch: 16, Batch: 1140, Acc: 64.84%, Loss: 1.9769
Epoch: 16, Batch: 1150, Acc: 64.82%, Loss: 2.0159
Epoch: 16, Batch: 1160, Acc: 64.83%, Loss: 2.0003
Epoch: 16, Batch: 1170, Acc: 64.81%, Loss: 2.0195
Epoch: 16, Batch: 1180, Acc: 64.79%, Loss: 2.0452
Epoch: 16, Batch: 1190, Acc: 64.79%, Loss: 2.0150
Epoch: 16, Batch: 1200, Acc: 64.80%, Loss: 1.9967
Epoch: 16, Batch: 1210, Acc: 64.82%, Loss: 1.9860
Epoch: 16, Batch: 1220, Acc: 64.83%, Loss: 1.9676
Epoch: 16, Batch: 1230, Acc: 64.83%, Loss: 2.0065
Epoch: 16, Batch: 1240, Acc: 64.85%, Loss: 1.9749
Epoch: 16, Batch: 1250, Acc: 64.84%, Loss: 2.0356
Epoch: 16, Batch: 1260, Acc: 64.87%, Loss: 1.9632
Epoch: 16, Batch: 1270, Acc: 64.89%, Loss: 1.9903
Epoch: 16, Batch: 1280, Acc: 64.88%, Loss: 2.0264
Epoch: 16, Batch: 1290, Acc: 64.86%, Loss: 2.0074
Epoch: 16, Batch: 1300, Acc: 64.88%, Loss: 1.9771
Epoch: 16, Batch: 1310, Acc: 64.89%, Loss: 1.9613
Epoch: 16, Batch: 1320, Acc: 64.87%, Loss: 2.0218
Epoch: 16, Batch: 1330, Acc: 64.89%, Loss: 2.0030
Epoch: 16, Batch: 1340, Acc: 64.89%, Loss: 2.0274
Epoch: 16, Batch: 1350, Acc: 64.90%, Loss: 1.9311
Epoch: 16, Batch: 1360, Acc: 64.88%, Loss: 2.0473
Epoch: 16, Batch: 1370, Acc: 64.89%, Loss: 1.9776
Epoch: 16, Batch: 1380, Acc: 64.90%, Loss: 1.9697
Epoch: 16, Batch: 1390, Acc: 64.89%, Loss: 2.0059
Epoch: 16, Batch: 1400, Acc: 64.88%, Loss: 2.0269
Epoch: 16, Batch: 1410, Acc: 64.88%, Loss: 2.0030
Epoch: 16, Batch: 1420, Acc: 64.89%, Loss: 1.9793
Epoch: 16, Batch: 1430, Acc: 64.89%, Loss: 2.0080
Epoch: 16, Batch: 1440, Acc: 64.90%, Loss: 1.9595
Epoch: 16, Batch: 1450, Acc: 64.91%, Loss: 1.9767
Epoch: 16, Batch: 1460, Acc: 64.93%, Loss: 1.9600
Epoch: 16, Batch: 1470, Acc: 64.90%, Loss: 2.0073
Epoch: 16, Batch: 1480, Acc: 64.91%, Loss: 2.0131
Epoch: 16, Batch: 1490, Acc: 64.93%, Loss: 1.9630
Epoch: 16, Batch: 1500, Acc: 64.93%, Loss: 1.9850
Epoch: 16, Batch: 1510, Acc: 64.95%, Loss: 1.9683
Epoch: 16, Batch: 1520, Acc: 64.95%, Loss: 1.9577
Epoch: 16, Batch: 1530, Acc: 64.97%, Loss: 1.9756
Epoch: 16, Batch: 1540, Acc: 64.96%, Loss: 2.0096
Epoch: 16, Batch: 1550, Acc: 64.95%, Loss: 2.0178
Epoch: 16, Batch: 1560, Acc: 64.96%, Loss: 1.9842
Epoch: 16, Batch: 1570, Acc: 64.95%, Loss: 2.0437
Epoch: 16, Batch: 1580, Acc: 64.94%, Loss: 2.0463
Epoch: 16, Batch: 1590, Acc: 64.92%, Loss: 2.0338
Epoch: 16, Batch: 1600, Acc: 64.93%, Loss: 2.0016
Epoch: 16, Batch: 1610, Acc: 64.92%, Loss: 1.9958
Epoch: 16, Batch: 1620, Acc: 64.93%, Loss: 1.9909
Epoch: 16, Batch: 1630, Acc: 64.93%, Loss: 2.0298
Epoch: 16, Batch: 1640, Acc: 64.94%, Loss: 1.9772
Epoch: 16, Batch: 1650, Acc: 64.95%, Loss: 2.0112
Epoch: 16, Batch: 1660, Acc: 64.95%, Loss: 2.0159
Epoch: 16, Batch: 1670, Acc: 64.94%, Loss: 2.0488
Epoch: 16, Batch: 1680, Acc: 64.94%, Loss: 1.9895
Epoch: 16, Batch: 1690, Acc: 64.96%, Loss: 1.9979
Epoch: 16, Batch: 1700, Acc: 64.95%, Loss: 2.0504
Epoch: 16, Batch: 1710, Acc: 64.95%, Loss: 2.0077
Epoch: 16, Batch: 1720, Acc: 64.94%, Loss: 2.0278
Epoch: 16, Batch: 1730, Acc: 64.91%, Loss: 2.0498
Epoch: 16, Batch: 1740, Acc: 64.89%, Loss: 2.0396
Epoch: 16, Batch: 1750, Acc: 64.88%, Loss: 2.0192
Epoch: 16, Batch: 1760, Acc: 64.89%, Loss: 2.0065
Epoch: 16, Batch: 1770, Acc: 64.89%, Loss: 1.9957
Epoch: 16, Batch: 1780, Acc: 64.90%, Loss: 2.0051
Epoch: 16, Batch: 1790, Acc: 64.90%, Loss: 1.9862
Epoch: 16, Batch: 1800, Acc: 64.91%, Loss: 1.9670
Epoch: 16, Batch: 1810, Acc: 64.91%, Loss: 1.9930
Epoch: 16, Batch: 1820, Acc: 64.90%, Loss: 2.0146
Epoch: 16, Batch: 1830, Acc: 64.92%, Loss: 1.9646
Epoch: 16, Batch: 1840, Acc: 64.91%, Loss: 2.0249
Epoch: 16, Batch: 1850, Acc: 64.91%, Loss: 1.9976
Epoch: 16, Batch: 1860, Acc: 64.91%, Loss: 2.0143
Epoch: 16, Batch: 1870, Acc: 64.90%, Loss: 2.0191
Epoch: 16, Batch: 1880, Acc: 64.90%, Loss: 2.0019
Epoch: 16, Batch: 1890, Acc: 64.90%, Loss: 1.9718
Epoch: 16, Batch: 1900, Acc: 64.89%, Loss: 2.0347
Epoch: 16, Batch: 1910, Acc: 64.89%, Loss: 1.9988
Epoch: 16, Batch: 1920, Acc: 64.89%, Loss: 2.0177
Epoch: 16, Batch: 1930, Acc: 64.90%, Loss: 1.9874
Epoch: 16, Batch: 1940, Acc: 64.89%, Loss: 2.0251
Epoch: 16, Batch: 1950, Acc: 64.89%, Loss: 2.0195
Epoch: 16, Batch: 1960, Acc: 64.89%, Loss: 2.0114
Epoch: 16, Batch: 1970, Acc: 64.91%, Loss: 1.9821
Epoch: 16, Batch: 1980, Acc: 64.92%, Loss: 1.9710
Epoch: 16, Batch: 1990, Acc: 64.92%, Loss: 1.9991
Epoch: 16, Batch: 2000, Acc: 64.92%, Loss: 2.0152
Epoch: 16, Batch: 2010, Acc: 64.92%, Loss: 1.9781
Epoch: 16, Batch: 2020, Acc: 64.92%, Loss: 2.0084
Epoch: 16, Batch: 2030, Acc: 64.91%, Loss: 2.0258
Epoch: 16, Batch: 2040, Acc: 64.93%, Loss: 1.9567
Epoch: 16, Batch: 2050, Acc: 64.91%, Loss: 2.0338
Epoch: 16, Batch: 2060, Acc: 64.90%, Loss: 2.0256
Epoch: 16, Batch: 2070, Acc: 64.89%, Loss: 2.0651
Epoch: 16, Batch: 2080, Acc: 64.91%, Loss: 1.9544
Epoch: 16, Batch: 2090, Acc: 64.91%, Loss: 2.0332
Epoch: 16, Batch: 2100, Acc: 64.89%, Loss: 2.0357
Epoch: 16, Batch: 2110, Acc: 64.90%, Loss: 1.9981
Epoch: 16, Batch: 2120, Acc: 64.91%, Loss: 1.9656
Epoch: 16, Batch: 2130, Acc: 64.90%, Loss: 2.0045
Epoch: 16, Batch: 2140, Acc: 64.89%, Loss: 2.0009
Epoch: 16, Batch: 2150, Acc: 64.91%, Loss: 1.9927
Epoch: 16, Batch: 2160, Acc: 64.91%, Loss: 1.9737
Epoch: 16, Batch: 2170, Acc: 64.91%, Loss: 2.0072
Epoch: 16, Batch: 2180, Acc: 64.92%, Loss: 1.9660
Epoch: 16, Batch: 2190, Acc: 64.93%, Loss: 1.9848
Epoch: 16, Batch: 2200, Acc: 64.93%, Loss: 1.9844
Epoch: 16, Batch: 2210, Acc: 64.93%, Loss: 2.0109
Epoch: 16, Batch: 2220, Acc: 64.94%, Loss: 2.0190
Epoch: 16, Batch: 2230, Acc: 64.93%, Loss: 2.0437
Epoch: 16, Batch: 2240, Acc: 64.92%, Loss: 1.9918
Epoch: 16, Batch: 2250, Acc: 64.92%, Loss: 2.0169
Epoch: 16, Batch: 2260, Acc: 64.93%, Loss: 1.9905
Epoch: 16, Batch: 2270, Acc: 64.95%, Loss: 1.9457
Epoch: 16, Batch: 2280, Acc: 64.95%, Loss: 1.9911
Epoch: 16, Batch: 2290, Acc: 64.95%, Loss: 1.9898
Epoch: 16, Batch: 2300, Acc: 64.94%, Loss: 2.0273
Epoch: 16, Batch: 2310, Acc: 64.95%, Loss: 2.0238
Epoch: 16, Batch: 2320, Acc: 64.96%, Loss: 1.9275
Epoch: 16, Batch: 2330, Acc: 64.95%, Loss: 2.0408
Epoch: 16, Batch: 2340, Acc: 64.94%, Loss: 1.9946
Epoch: 16, Batch: 2350, Acc: 64.95%, Loss: 1.9902
Epoch: 16, Batch: 2360, Acc: 64.95%, Loss: 2.0195
Epoch: 16, Batch: 2370, Acc: 64.94%, Loss: 1.9920
Epoch: 16, Batch: 2380, Acc: 64.94%, Loss: 1.9985
Epoch: 16, Batch: 2390, Acc: 64.93%, Loss: 2.0397
Epoch: 16, Batch: 2400, Acc: 64.93%, Loss: 2.0471
Epoch: 16, Batch: 2410, Acc: 64.94%, Loss: 1.9857
Epoch: 16, Batch: 2420, Acc: 64.93%, Loss: 1.9849
Epoch: 16, Batch: 2430, Acc: 64.94%, Loss: 1.9386
Epoch: 16, Batch: 2440, Acc: 64.96%, Loss: 1.9387
Epoch: 16, Batch: 2450, Acc: 64.96%, Loss: 2.0075
Epoch: 16, Batch: 2460, Acc: 64.96%, Loss: 1.9771
Epoch: 16, Batch: 2470, Acc: 64.96%, Loss: 2.0072
Epoch: 16, Batch: 2480, Acc: 64.97%, Loss: 1.9668
Epoch: 16, Batch: 2490, Acc: 64.97%, Loss: 2.0474
Epoch: 16, Batch: 2500, Acc: 64.97%, Loss: 2.0428
Epoch: 16, Batch: 2510, Acc: 64.96%, Loss: 2.0130
Epoch: 16, Batch: 2520, Acc: 64.96%, Loss: 2.0203
Epoch: 16, Batch: 2530, Acc: 64.95%, Loss: 1.9885
Epoch: 16, Batch: 2540, Acc: 64.95%, Loss: 1.9981
Epoch: 16, Batch: 2550, Acc: 64.94%, Loss: 2.0383
Epoch: 16, Batch: 2560, Acc: 64.93%, Loss: 2.0250
Epoch: 16, Batch: 2570, Acc: 64.93%, Loss: 1.9839
Epoch: 16, Batch: 2580, Acc: 64.95%, Loss: 1.9657
Epoch: 16, Batch: 2590, Acc: 64.94%, Loss: 2.0345
Epoch: 16, Batch: 2600, Acc: 64.94%, Loss: 2.0207
Epoch: 16, Batch: 2610, Acc: 64.95%, Loss: 1.9930
Epoch: 16, Batch: 2620, Acc: 64.94%, Loss: 2.0434
Epoch: 16, Batch: 2630, Acc: 64.95%, Loss: 2.0056
Epoch: 16, Batch: 2640, Acc: 64.94%, Loss: 2.0136
Epoch: 16, Batch: 2650, Acc: 64.94%, Loss: 1.9647
Epoch: 16, Batch: 2660, Acc: 64.94%, Loss: 2.0212
Epoch: 16, Batch: 2670, Acc: 64.95%, Loss: 1.9544
Epoch: 16, Batch: 2680, Acc: 64.93%, Loss: 2.0158
Epoch: 16, Batch: 2690, Acc: 64.94%, Loss: 1.9788
Epoch: 16, Batch: 2700, Acc: 64.94%, Loss: 1.9912
Epoch: 16, Batch: 2710, Acc: 64.94%, Loss: 2.0196
Epoch: 16, Batch: 2720, Acc: 64.95%, Loss: 1.9642
Epoch: 16, Batch: 2730, Acc: 64.96%, Loss: 1.9821
Epoch: 16, Batch: 2740, Acc: 64.97%, Loss: 1.9405
Epoch: 16, Batch: 2750, Acc: 64.97%, Loss: 1.9978
Epoch: 16, Batch: 2760, Acc: 64.98%, Loss: 1.9927
Epoch: 16, Batch: 2770, Acc: 64.97%, Loss: 2.0020
Epoch: 16, Batch: 2780, Acc: 64.98%, Loss: 1.9755
Epoch: 16, Batch: 2790, Acc: 64.97%, Loss: 1.9910
Epoch: 16, Batch: 2800, Acc: 64.97%, Loss: 1.9963
Epoch: 16, Batch: 2810, Acc: 64.97%, Loss: 2.0177
Epoch: 16, Batch: 2820, Acc: 64.97%, Loss: 1.9980
Epoch: 16, Batch: 2830, Acc: 64.96%, Loss: 2.0326
Epoch: 16, Batch: 2840, Acc: 64.96%, Loss: 2.0226
Epoch: 16, Batch: 2850, Acc: 64.95%, Loss: 2.0176
Epoch: 16, Batch: 2860, Acc: 64.95%, Loss: 2.0115
Epoch: 16, Batch: 2870, Acc: 64.95%, Loss: 1.9723
Epoch: 16, Batch: 2880, Acc: 64.95%, Loss: 1.9999
Epoch 16: val_acc=0.6545, best_val_acc=0.6556, es_counter=5
Early stopping triggered at epoch 16

========= RUN 2 =========
Epoch: 1, Batch: 10, Acc: 4.84%, Loss: 3.1602
Epoch: 1, Batch: 20, Acc: 5.00%, Loss: 3.1329
Epoch: 1, Batch: 30, Acc: 4.79%, Loss: 3.1365
Epoch: 1, Batch: 40, Acc: 5.59%, Loss: 3.1288
Epoch: 1, Batch: 50, Acc: 6.12%, Loss: 3.1175
Epoch: 1, Batch: 60, Acc: 6.35%, Loss: 3.1135
Epoch: 1, Batch: 70, Acc: 6.54%, Loss: 3.1127
Epoch: 1, Batch: 80, Acc: 6.88%, Loss: 3.1097
Epoch: 1, Batch: 90, Acc: 7.17%, Loss: 3.1032
Epoch: 1, Batch: 100, Acc: 7.28%, Loss: 3.0987
Epoch: 1, Batch: 110, Acc: 7.71%, Loss: 3.0917
Epoch: 1, Batch: 120, Acc: 7.84%, Loss: 3.0940
Epoch: 1, Batch: 130, Acc: 8.25%, Loss: 3.0822
Epoch: 1, Batch: 140, Acc: 8.71%, Loss: 3.0714
Epoch: 1, Batch: 150, Acc: 9.00%, Loss: 3.0740
Epoch: 1, Batch: 160, Acc: 9.51%, Loss: 3.0602
Epoch: 1, Batch: 170, Acc: 10.01%, Loss: 3.0476
Epoch: 1, Batch: 180, Acc: 10.51%, Loss: 3.0447
Epoch: 1, Batch: 190, Acc: 10.99%, Loss: 3.0472
Epoch: 1, Batch: 200, Acc: 11.41%, Loss: 3.0429
Epoch: 1, Batch: 210, Acc: 11.77%, Loss: 3.0428
Epoch: 1, Batch: 220, Acc: 12.25%, Loss: 3.0264
Epoch: 1, Batch: 230, Acc: 12.66%, Loss: 3.0338
Epoch: 1, Batch: 240, Acc: 13.03%, Loss: 3.0232
Epoch: 1, Batch: 250, Acc: 13.44%, Loss: 3.0255
Epoch: 1, Batch: 260, Acc: 13.83%, Loss: 3.0161
Epoch: 1, Batch: 270, Acc: 14.16%, Loss: 3.0157
Epoch: 1, Batch: 280, Acc: 14.49%, Loss: 3.0204
Epoch: 1, Batch: 290, Acc: 14.82%, Loss: 3.0094
Epoch: 1, Batch: 300, Acc: 15.04%, Loss: 3.0157
Epoch: 1, Batch: 310, Acc: 15.31%, Loss: 3.0196
Epoch: 1, Batch: 320, Acc: 15.52%, Loss: 3.0048
Epoch: 1, Batch: 330, Acc: 15.78%, Loss: 2.9983
Epoch: 1, Batch: 340, Acc: 16.02%, Loss: 3.0008
Epoch: 1, Batch: 350, Acc: 16.29%, Loss: 2.9773
Epoch: 1, Batch: 360, Acc: 16.50%, Loss: 2.9869
Epoch: 1, Batch: 370, Acc: 16.79%, Loss: 2.9620
Epoch: 1, Batch: 380, Acc: 17.00%, Loss: 2.9811
Epoch: 1, Batch: 390, Acc: 17.22%, Loss: 2.9781
Epoch: 1, Batch: 400, Acc: 17.44%, Loss: 2.9596
Epoch: 1, Batch: 410, Acc: 17.69%, Loss: 2.9445
Epoch: 1, Batch: 420, Acc: 18.03%, Loss: 2.9094
Epoch: 1, Batch: 430, Acc: 18.29%, Loss: 2.9321
Epoch: 1, Batch: 440, Acc: 18.48%, Loss: 2.9367
Epoch: 1, Batch: 450, Acc: 18.66%, Loss: 2.9406
Epoch: 1, Batch: 460, Acc: 18.87%, Loss: 2.9294
Epoch: 1, Batch: 470, Acc: 19.05%, Loss: 2.9144
Epoch: 1, Batch: 480, Acc: 19.22%, Loss: 2.9276
Epoch: 1, Batch: 490, Acc: 19.34%, Loss: 2.9375
Epoch: 1, Batch: 500, Acc: 19.49%, Loss: 2.9088
Epoch: 1, Batch: 510, Acc: 19.68%, Loss: 2.9053
Epoch: 1, Batch: 520, Acc: 19.83%, Loss: 2.9059
Epoch: 1, Batch: 530, Acc: 20.01%, Loss: 2.9127
Epoch: 1, Batch: 540, Acc: 20.24%, Loss: 2.8892
Epoch: 1, Batch: 550, Acc: 20.43%, Loss: 2.9001
Epoch: 1, Batch: 560, Acc: 20.63%, Loss: 2.8526
Epoch: 1, Batch: 570, Acc: 20.72%, Loss: 2.9109
Epoch: 1, Batch: 580, Acc: 20.90%, Loss: 2.8743
Epoch: 1, Batch: 590, Acc: 21.05%, Loss: 2.8729
Epoch: 1, Batch: 600, Acc: 21.21%, Loss: 2.8682
Epoch: 1, Batch: 610, Acc: 21.33%, Loss: 2.9129
Epoch: 1, Batch: 620, Acc: 21.50%, Loss: 2.8436
Epoch: 1, Batch: 630, Acc: 21.64%, Loss: 2.8845
Epoch: 1, Batch: 640, Acc: 21.74%, Loss: 2.8999
Epoch: 1, Batch: 650, Acc: 21.90%, Loss: 2.8490
Epoch: 1, Batch: 660, Acc: 22.05%, Loss: 2.8669
Epoch: 1, Batch: 670, Acc: 22.22%, Loss: 2.8172
Epoch: 1, Batch: 680, Acc: 22.40%, Loss: 2.8419
Epoch: 1, Batch: 690, Acc: 22.56%, Loss: 2.8243
Epoch: 1, Batch: 700, Acc: 22.68%, Loss: 2.8468
Epoch: 1, Batch: 710, Acc: 22.83%, Loss: 2.8423
Epoch: 1, Batch: 720, Acc: 22.99%, Loss: 2.8178
Epoch: 1, Batch: 730, Acc: 23.12%, Loss: 2.8657
Epoch: 1, Batch: 740, Acc: 23.26%, Loss: 2.8483
Epoch: 1, Batch: 750, Acc: 23.44%, Loss: 2.8029
Epoch: 1, Batch: 760, Acc: 23.57%, Loss: 2.8286
Epoch: 1, Batch: 770, Acc: 23.72%, Loss: 2.8159
Epoch: 1, Batch: 780, Acc: 23.86%, Loss: 2.8311
Epoch: 1, Batch: 790, Acc: 24.03%, Loss: 2.8076
Epoch: 1, Batch: 800, Acc: 24.17%, Loss: 2.8191
Epoch: 1, Batch: 810, Acc: 24.27%, Loss: 2.8551
Epoch: 1, Batch: 820, Acc: 24.38%, Loss: 2.8343
Epoch: 1, Batch: 830, Acc: 24.52%, Loss: 2.8064
Epoch: 1, Batch: 840, Acc: 24.68%, Loss: 2.7873
Epoch: 1, Batch: 850, Acc: 24.80%, Loss: 2.8048
Epoch: 1, Batch: 860, Acc: 24.92%, Loss: 2.7992
Epoch: 1, Batch: 870, Acc: 25.08%, Loss: 2.7626
Epoch: 1, Batch: 880, Acc: 25.22%, Loss: 2.7719
Epoch: 1, Batch: 890, Acc: 25.36%, Loss: 2.7788
Epoch: 1, Batch: 900, Acc: 25.48%, Loss: 2.7860
Epoch: 1, Batch: 910, Acc: 25.65%, Loss: 2.7636
Epoch: 1, Batch: 920, Acc: 25.78%, Loss: 2.7694
Epoch: 1, Batch: 930, Acc: 25.95%, Loss: 2.7296
Epoch: 1, Batch: 940, Acc: 26.08%, Loss: 2.7355
Epoch: 1, Batch: 950, Acc: 26.25%, Loss: 2.7503
Epoch: 1, Batch: 960, Acc: 26.34%, Loss: 2.7894
Epoch: 1, Batch: 970, Acc: 26.45%, Loss: 2.7857
Epoch: 1, Batch: 980, Acc: 26.55%, Loss: 2.7815
Epoch: 1, Batch: 990, Acc: 26.66%, Loss: 2.8100
Epoch: 1, Batch: 1000, Acc: 26.80%, Loss: 2.7739
Epoch: 1, Batch: 1010, Acc: 26.94%, Loss: 2.7026
Epoch: 1, Batch: 1020, Acc: 27.11%, Loss: 2.7350
Epoch: 1, Batch: 1030, Acc: 27.22%, Loss: 2.7378
Epoch: 1, Batch: 1040, Acc: 27.36%, Loss: 2.7404
Epoch: 1, Batch: 1050, Acc: 27.47%, Loss: 2.7113
Epoch: 1, Batch: 1060, Acc: 27.60%, Loss: 2.7612
Epoch: 1, Batch: 1070, Acc: 27.76%, Loss: 2.7321
Epoch: 1, Batch: 1080, Acc: 27.85%, Loss: 2.7707
Epoch: 1, Batch: 1090, Acc: 27.95%, Loss: 2.7674
Epoch: 1, Batch: 1100, Acc: 28.08%, Loss: 2.7158
Epoch: 1, Batch: 1110, Acc: 28.18%, Loss: 2.7473
Epoch: 1, Batch: 1120, Acc: 28.31%, Loss: 2.7323
Epoch: 1, Batch: 1130, Acc: 28.43%, Loss: 2.7016
Epoch: 1, Batch: 1140, Acc: 28.53%, Loss: 2.7255
Epoch: 1, Batch: 1150, Acc: 28.64%, Loss: 2.7077
Epoch: 1, Batch: 1160, Acc: 28.75%, Loss: 2.7068
Epoch: 1, Batch: 1170, Acc: 28.87%, Loss: 2.7123
Epoch: 1, Batch: 1180, Acc: 28.96%, Loss: 2.7483
Epoch: 1, Batch: 1190, Acc: 29.08%, Loss: 2.7058
Epoch: 1, Batch: 1200, Acc: 29.19%, Loss: 2.7072
Epoch: 1, Batch: 1210, Acc: 29.30%, Loss: 2.6848
Epoch: 1, Batch: 1220, Acc: 29.40%, Loss: 2.7215
Epoch: 1, Batch: 1230, Acc: 29.52%, Loss: 2.6898
Epoch: 1, Batch: 1240, Acc: 29.63%, Loss: 2.6835
Epoch: 1, Batch: 1250, Acc: 29.70%, Loss: 2.7234
Epoch: 1, Batch: 1260, Acc: 29.79%, Loss: 2.7241
Epoch: 1, Batch: 1270, Acc: 29.88%, Loss: 2.7029
Epoch: 1, Batch: 1280, Acc: 29.99%, Loss: 2.6623
Epoch: 1, Batch: 1290, Acc: 30.08%, Loss: 2.7002
Epoch: 1, Batch: 1300, Acc: 30.16%, Loss: 2.6861
Epoch: 1, Batch: 1310, Acc: 30.26%, Loss: 2.6235
Epoch: 1, Batch: 1320, Acc: 30.35%, Loss: 2.6794
Epoch: 1, Batch: 1330, Acc: 30.45%, Loss: 2.6857
Epoch: 1, Batch: 1340, Acc: 30.54%, Loss: 2.6684
Epoch: 1, Batch: 1350, Acc: 30.65%, Loss: 2.6898
Epoch: 1, Batch: 1360, Acc: 30.73%, Loss: 2.7023
Epoch: 1, Batch: 1370, Acc: 30.83%, Loss: 2.6972
Epoch: 1, Batch: 1380, Acc: 30.94%, Loss: 2.6477
Epoch: 1, Batch: 1390, Acc: 31.04%, Loss: 2.6417
Epoch: 1, Batch: 1400, Acc: 31.13%, Loss: 2.6452
Epoch: 1, Batch: 1410, Acc: 31.21%, Loss: 2.7136
Epoch: 1, Batch: 1420, Acc: 31.29%, Loss: 2.6565
Epoch: 1, Batch: 1430, Acc: 31.39%, Loss: 2.6474
Epoch: 1, Batch: 1440, Acc: 31.46%, Loss: 2.6385
Epoch: 1, Batch: 1450, Acc: 31.55%, Loss: 2.6881
Epoch: 1, Batch: 1460, Acc: 31.64%, Loss: 2.6494
Epoch: 1, Batch: 1470, Acc: 31.72%, Loss: 2.6538
Epoch: 1, Batch: 1480, Acc: 31.80%, Loss: 2.6709
Epoch: 1, Batch: 1490, Acc: 31.88%, Loss: 2.6287
Epoch: 1, Batch: 1500, Acc: 31.96%, Loss: 2.6715
Epoch: 1, Batch: 1510, Acc: 32.04%, Loss: 2.6454
Epoch: 1, Batch: 1520, Acc: 32.13%, Loss: 2.6448
Epoch: 1, Batch: 1530, Acc: 32.23%, Loss: 2.6350
Epoch: 1, Batch: 1540, Acc: 32.31%, Loss: 2.6515
Epoch: 1, Batch: 1550, Acc: 32.40%, Loss: 2.6063
Epoch: 1, Batch: 1560, Acc: 32.47%, Loss: 2.6594
Epoch: 1, Batch: 1570, Acc: 32.56%, Loss: 2.6034
Epoch: 1, Batch: 1580, Acc: 32.65%, Loss: 2.5979
Epoch: 1, Batch: 1590, Acc: 32.73%, Loss: 2.6260
Epoch: 1, Batch: 1600, Acc: 32.81%, Loss: 2.6409
Epoch: 1, Batch: 1610, Acc: 32.88%, Loss: 2.6389
Epoch: 1, Batch: 1620, Acc: 32.95%, Loss: 2.6033
Epoch: 1, Batch: 1630, Acc: 33.03%, Loss: 2.6448
Epoch: 1, Batch: 1640, Acc: 33.11%, Loss: 2.5998
Epoch: 1, Batch: 1650, Acc: 33.18%, Loss: 2.6390
Epoch: 1, Batch: 1660, Acc: 33.24%, Loss: 2.6272
Epoch: 1, Batch: 1670, Acc: 33.33%, Loss: 2.6056
Epoch: 1, Batch: 1680, Acc: 33.38%, Loss: 2.6293
Epoch: 1, Batch: 1690, Acc: 33.45%, Loss: 2.6158
Epoch: 1, Batch: 1700, Acc: 33.52%, Loss: 2.6038
Epoch: 1, Batch: 1710, Acc: 33.58%, Loss: 2.6195
Epoch: 1, Batch: 1720, Acc: 33.65%, Loss: 2.6276
Epoch: 1, Batch: 1730, Acc: 33.74%, Loss: 2.5771
Epoch: 1, Batch: 1740, Acc: 33.81%, Loss: 2.5874
Epoch: 1, Batch: 1750, Acc: 33.90%, Loss: 2.5726
Epoch: 1, Batch: 1760, Acc: 33.97%, Loss: 2.5973
Epoch: 1, Batch: 1770, Acc: 34.03%, Loss: 2.6382
Epoch: 1, Batch: 1780, Acc: 34.08%, Loss: 2.5878
Epoch: 1, Batch: 1790, Acc: 34.16%, Loss: 2.6055
Epoch: 1, Batch: 1800, Acc: 34.21%, Loss: 2.6132
Epoch: 1, Batch: 1810, Acc: 34.28%, Loss: 2.5867
Epoch: 1, Batch: 1820, Acc: 34.37%, Loss: 2.5384
Epoch: 1, Batch: 1830, Acc: 34.44%, Loss: 2.5432
Epoch: 1, Batch: 1840, Acc: 34.52%, Loss: 2.5665
Epoch: 1, Batch: 1850, Acc: 34.57%, Loss: 2.5982
Epoch: 1, Batch: 1860, Acc: 34.63%, Loss: 2.6031
Epoch: 1, Batch: 1870, Acc: 34.71%, Loss: 2.5223
Epoch: 1, Batch: 1880, Acc: 34.80%, Loss: 2.5152
Epoch: 1, Batch: 1890, Acc: 34.87%, Loss: 2.5478
Epoch: 1, Batch: 1900, Acc: 34.92%, Loss: 2.5862
Epoch: 1, Batch: 1910, Acc: 34.98%, Loss: 2.5426
Epoch: 1, Batch: 1920, Acc: 35.06%, Loss: 2.5473
Epoch: 1, Batch: 1930, Acc: 35.10%, Loss: 2.6022
Epoch: 1, Batch: 1940, Acc: 35.15%, Loss: 2.5933
Epoch: 1, Batch: 1950, Acc: 35.21%, Loss: 2.5889
Epoch: 1, Batch: 1960, Acc: 35.26%, Loss: 2.5817
Epoch: 1, Batch: 1970, Acc: 35.32%, Loss: 2.5406
Epoch: 1, Batch: 1980, Acc: 35.39%, Loss: 2.5444
Epoch: 1, Batch: 1990, Acc: 35.45%, Loss: 2.5563
Epoch: 1, Batch: 2000, Acc: 35.51%, Loss: 2.5389
Epoch: 1, Batch: 2010, Acc: 35.56%, Loss: 2.5782
Epoch: 1, Batch: 2020, Acc: 35.62%, Loss: 2.5582
Epoch: 1, Batch: 2030, Acc: 35.69%, Loss: 2.5265
Epoch: 1, Batch: 2040, Acc: 35.75%, Loss: 2.5396
Epoch: 1, Batch: 2050, Acc: 35.82%, Loss: 2.5374
Epoch: 1, Batch: 2060, Acc: 35.88%, Loss: 2.5458
Epoch: 1, Batch: 2070, Acc: 35.94%, Loss: 2.5174
Epoch: 1, Batch: 2080, Acc: 36.00%, Loss: 2.5019
Epoch: 1, Batch: 2090, Acc: 36.04%, Loss: 2.5564
Epoch: 1, Batch: 2100, Acc: 36.09%, Loss: 2.5021
Epoch: 1, Batch: 2110, Acc: 36.15%, Loss: 2.5444
Epoch: 1, Batch: 2120, Acc: 36.20%, Loss: 2.5795
Epoch: 1, Batch: 2130, Acc: 36.25%, Loss: 2.5487
Epoch: 1, Batch: 2140, Acc: 36.31%, Loss: 2.5353
Epoch: 1, Batch: 2150, Acc: 36.37%, Loss: 2.5249
Epoch: 1, Batch: 2160, Acc: 36.42%, Loss: 2.5145
Epoch: 1, Batch: 2170, Acc: 36.49%, Loss: 2.5036
Epoch: 1, Batch: 2180, Acc: 36.55%, Loss: 2.5258
Epoch: 1, Batch: 2190, Acc: 36.60%, Loss: 2.5238
Epoch: 1, Batch: 2200, Acc: 36.67%, Loss: 2.5247
Epoch: 1, Batch: 2210, Acc: 36.73%, Loss: 2.5020
Epoch: 1, Batch: 2220, Acc: 36.77%, Loss: 2.5178
Epoch: 1, Batch: 2230, Acc: 36.82%, Loss: 2.4964
Epoch: 1, Batch: 2240, Acc: 36.89%, Loss: 2.5037
Epoch: 1, Batch: 2250, Acc: 36.94%, Loss: 2.5136
Epoch: 1, Batch: 2260, Acc: 36.99%, Loss: 2.5216
Epoch: 1, Batch: 2270, Acc: 37.02%, Loss: 2.5454
Epoch: 1, Batch: 2280, Acc: 37.07%, Loss: 2.5057
Epoch: 1, Batch: 2290, Acc: 37.15%, Loss: 2.4472
Epoch: 1, Batch: 2300, Acc: 37.20%, Loss: 2.4718
Epoch: 1, Batch: 2310, Acc: 37.26%, Loss: 2.5064
Epoch: 1, Batch: 2320, Acc: 37.32%, Loss: 2.4946
Epoch: 1, Batch: 2330, Acc: 37.36%, Loss: 2.5528
Epoch: 1, Batch: 2340, Acc: 37.41%, Loss: 2.5161
Epoch: 1, Batch: 2350, Acc: 37.47%, Loss: 2.4929
Epoch: 1, Batch: 2360, Acc: 37.53%, Loss: 2.5003
Epoch: 1, Batch: 2370, Acc: 37.56%, Loss: 2.5296
Epoch: 1, Batch: 2380, Acc: 37.61%, Loss: 2.5027
Epoch: 1, Batch: 2390, Acc: 37.65%, Loss: 2.5671
Epoch: 1, Batch: 2400, Acc: 37.68%, Loss: 2.5247
Epoch: 1, Batch: 2410, Acc: 37.73%, Loss: 2.5001
Epoch: 1, Batch: 2420, Acc: 37.77%, Loss: 2.5299
Epoch: 1, Batch: 2430, Acc: 37.82%, Loss: 2.4848
Epoch: 1, Batch: 2440, Acc: 37.87%, Loss: 2.5057
Epoch: 1, Batch: 2450, Acc: 37.93%, Loss: 2.4582
Epoch: 1, Batch: 2460, Acc: 37.99%, Loss: 2.4830
Epoch: 1, Batch: 2470, Acc: 38.04%, Loss: 2.5211
Epoch: 1, Batch: 2480, Acc: 38.09%, Loss: 2.5346
Epoch: 1, Batch: 2490, Acc: 38.14%, Loss: 2.4731
Epoch: 1, Batch: 2500, Acc: 38.20%, Loss: 2.4944
Epoch: 1, Batch: 2510, Acc: 38.25%, Loss: 2.4955
Epoch: 1, Batch: 2520, Acc: 38.29%, Loss: 2.4666
Epoch: 1, Batch: 2530, Acc: 38.35%, Loss: 2.4772
Epoch: 1, Batch: 2540, Acc: 38.39%, Loss: 2.4888
Epoch: 1, Batch: 2550, Acc: 38.44%, Loss: 2.4994
Epoch: 1, Batch: 2560, Acc: 38.47%, Loss: 2.5232
Epoch: 1, Batch: 2570, Acc: 38.52%, Loss: 2.4522
Epoch: 1, Batch: 2580, Acc: 38.57%, Loss: 2.4752
Epoch: 1, Batch: 2590, Acc: 38.63%, Loss: 2.4231
Epoch: 1, Batch: 2600, Acc: 38.67%, Loss: 2.4632
Epoch: 1, Batch: 2610, Acc: 38.70%, Loss: 2.4909
Epoch: 1, Batch: 2620, Acc: 38.73%, Loss: 2.5003
Epoch: 1, Batch: 2630, Acc: 38.78%, Loss: 2.4888
Epoch: 1, Batch: 2640, Acc: 38.84%, Loss: 2.4483
Epoch: 1, Batch: 2650, Acc: 38.89%, Loss: 2.4240
Epoch: 1, Batch: 2660, Acc: 38.94%, Loss: 2.4518
Epoch: 1, Batch: 2670, Acc: 38.99%, Loss: 2.4432
Epoch: 1, Batch: 2680, Acc: 39.02%, Loss: 2.4890
Epoch: 1, Batch: 2690, Acc: 39.06%, Loss: 2.4679
Epoch: 1, Batch: 2700, Acc: 39.12%, Loss: 2.4434
Epoch: 1, Batch: 2710, Acc: 39.16%, Loss: 2.5045
Epoch: 1, Batch: 2720, Acc: 39.21%, Loss: 2.4851
Epoch: 1, Batch: 2730, Acc: 39.25%, Loss: 2.4710
Epoch: 1, Batch: 2740, Acc: 39.31%, Loss: 2.4127
Epoch: 1, Batch: 2750, Acc: 39.35%, Loss: 2.4717
Epoch: 1, Batch: 2760, Acc: 39.40%, Loss: 2.4259
Epoch: 1, Batch: 2770, Acc: 39.44%, Loss: 2.4634
Epoch: 1, Batch: 2780, Acc: 39.48%, Loss: 2.4138
Epoch: 1, Batch: 2790, Acc: 39.52%, Loss: 2.4530
Epoch: 1, Batch: 2800, Acc: 39.57%, Loss: 2.4422
Epoch: 1, Batch: 2810, Acc: 39.61%, Loss: 2.3911
Epoch: 1, Batch: 2820, Acc: 39.66%, Loss: 2.4370
Epoch: 1, Batch: 2830, Acc: 39.71%, Loss: 2.4303
Epoch: 1, Batch: 2840, Acc: 39.74%, Loss: 2.4722
Epoch: 1, Batch: 2850, Acc: 39.78%, Loss: 2.4224
Epoch: 1, Batch: 2860, Acc: 39.82%, Loss: 2.4256
Epoch: 1, Batch: 2870, Acc: 39.85%, Loss: 2.4558
Epoch: 1, Batch: 2880, Acc: 39.88%, Loss: 2.4559
Epoch 1: val_acc=0.5147, best_val_acc=0.5147, es_counter=0
Epoch: 2, Batch: 10, Acc: 49.22%, Loss: 2.4446
Epoch: 2, Batch: 20, Acc: 50.00%, Loss: 2.4576
Epoch: 2, Batch: 30, Acc: 49.64%, Loss: 2.4418
Epoch: 2, Batch: 40, Acc: 49.88%, Loss: 2.4309
Epoch: 2, Batch: 50, Acc: 49.91%, Loss: 2.4043
Epoch: 2, Batch: 60, Acc: 49.79%, Loss: 2.4378
Epoch: 2, Batch: 70, Acc: 50.13%, Loss: 2.4052
Epoch: 2, Batch: 80, Acc: 50.31%, Loss: 2.3998
Epoch: 2, Batch: 90, Acc: 50.57%, Loss: 2.4295
Epoch: 2, Batch: 100, Acc: 50.31%, Loss: 2.4612
Epoch: 2, Batch: 110, Acc: 50.38%, Loss: 2.4278
Epoch: 2, Batch: 120, Acc: 50.26%, Loss: 2.4559
Epoch: 2, Batch: 130, Acc: 50.14%, Loss: 2.4161
Epoch: 2, Batch: 140, Acc: 50.35%, Loss: 2.4005
Epoch: 2, Batch: 150, Acc: 50.27%, Loss: 2.4078
Epoch: 2, Batch: 160, Acc: 50.30%, Loss: 2.4279
Epoch: 2, Batch: 170, Acc: 50.45%, Loss: 2.4261
Epoch: 2, Batch: 180, Acc: 50.44%, Loss: 2.4594
Epoch: 2, Batch: 190, Acc: 50.49%, Loss: 2.4651
Epoch: 2, Batch: 200, Acc: 50.48%, Loss: 2.4221
Epoch: 2, Batch: 210, Acc: 50.48%, Loss: 2.4111
Epoch: 2, Batch: 220, Acc: 50.67%, Loss: 2.3992
Epoch: 2, Batch: 230, Acc: 50.73%, Loss: 2.4068
Epoch: 2, Batch: 240, Acc: 50.81%, Loss: 2.3863
Epoch: 2, Batch: 250, Acc: 50.82%, Loss: 2.4209
Epoch: 2, Batch: 260, Acc: 50.81%, Loss: 2.4441
Epoch: 2, Batch: 270, Acc: 50.84%, Loss: 2.4231
Epoch: 2, Batch: 280, Acc: 50.92%, Loss: 2.4109
Epoch: 2, Batch: 290, Acc: 50.82%, Loss: 2.4028
Epoch: 2, Batch: 300, Acc: 50.83%, Loss: 2.4034
Epoch: 2, Batch: 310, Acc: 50.90%, Loss: 2.3845
Epoch: 2, Batch: 320, Acc: 50.96%, Loss: 2.4149
Epoch: 2, Batch: 330, Acc: 50.94%, Loss: 2.4380
Epoch: 2, Batch: 340, Acc: 50.96%, Loss: 2.4090
Epoch: 2, Batch: 350, Acc: 51.04%, Loss: 2.3893
Epoch: 2, Batch: 360, Acc: 51.02%, Loss: 2.4428
Epoch: 2, Batch: 370, Acc: 51.07%, Loss: 2.3907
Epoch: 2, Batch: 380, Acc: 50.98%, Loss: 2.4407
Epoch: 2, Batch: 390, Acc: 50.96%, Loss: 2.4217
Epoch: 2, Batch: 400, Acc: 50.97%, Loss: 2.4225
Epoch: 2, Batch: 410, Acc: 50.98%, Loss: 2.4038
Epoch: 2, Batch: 420, Acc: 50.96%, Loss: 2.3986
Epoch: 2, Batch: 430, Acc: 51.04%, Loss: 2.3815
Epoch: 2, Batch: 440, Acc: 51.10%, Loss: 2.3849
Epoch: 2, Batch: 450, Acc: 51.14%, Loss: 2.3972
Epoch: 2, Batch: 460, Acc: 51.24%, Loss: 2.3872
Epoch: 2, Batch: 470, Acc: 51.30%, Loss: 2.4144
Epoch: 2, Batch: 480, Acc: 51.38%, Loss: 2.3907
Epoch: 2, Batch: 490, Acc: 51.45%, Loss: 2.3503
Epoch: 2, Batch: 500, Acc: 51.48%, Loss: 2.4008
Epoch: 2, Batch: 510, Acc: 51.54%, Loss: 2.3616
Epoch: 2, Batch: 520, Acc: 51.60%, Loss: 2.3485
Epoch: 2, Batch: 530, Acc: 51.62%, Loss: 2.3747
Epoch: 2, Batch: 540, Acc: 51.60%, Loss: 2.3929
Epoch: 2, Batch: 550, Acc: 51.62%, Loss: 2.3690
Epoch: 2, Batch: 560, Acc: 51.60%, Loss: 2.4091
Epoch: 2, Batch: 570, Acc: 51.57%, Loss: 2.4157
Epoch: 2, Batch: 580, Acc: 51.59%, Loss: 2.4190
Epoch: 2, Batch: 590, Acc: 51.54%, Loss: 2.3854
Epoch: 2, Batch: 600, Acc: 51.52%, Loss: 2.4096
Epoch: 2, Batch: 610, Acc: 51.50%, Loss: 2.4118
Epoch: 2, Batch: 620, Acc: 51.49%, Loss: 2.3974
Epoch: 2, Batch: 630, Acc: 51.50%, Loss: 2.3937
Epoch: 2, Batch: 640, Acc: 51.49%, Loss: 2.3597
Epoch: 2, Batch: 650, Acc: 51.52%, Loss: 2.3573
Epoch: 2, Batch: 660, Acc: 51.52%, Loss: 2.3894
Epoch: 2, Batch: 670, Acc: 51.55%, Loss: 2.3709
Epoch: 2, Batch: 680, Acc: 51.55%, Loss: 2.3621
Epoch: 2, Batch: 690, Acc: 51.60%, Loss: 2.3815
Epoch: 2, Batch: 700, Acc: 51.60%, Loss: 2.3579
Epoch: 2, Batch: 710, Acc: 51.63%, Loss: 2.3663
Epoch: 2, Batch: 720, Acc: 51.66%, Loss: 2.3754
Epoch: 2, Batch: 730, Acc: 51.68%, Loss: 2.3425
Epoch: 2, Batch: 740, Acc: 51.69%, Loss: 2.3676
Epoch: 2, Batch: 750, Acc: 51.66%, Loss: 2.3915
Epoch: 2, Batch: 760, Acc: 51.69%, Loss: 2.3815
Epoch: 2, Batch: 770, Acc: 51.73%, Loss: 2.3701
Epoch: 2, Batch: 780, Acc: 51.71%, Loss: 2.3869
Epoch: 2, Batch: 790, Acc: 51.72%, Loss: 2.3668
Epoch: 2, Batch: 800, Acc: 51.73%, Loss: 2.3428
Epoch: 2, Batch: 810, Acc: 51.76%, Loss: 2.3407
Epoch: 2, Batch: 820, Acc: 51.79%, Loss: 2.3233
Epoch: 2, Batch: 830, Acc: 51.79%, Loss: 2.3622
Epoch: 2, Batch: 840, Acc: 51.80%, Loss: 2.3869
Epoch: 2, Batch: 850, Acc: 51.79%, Loss: 2.3577
Epoch: 2, Batch: 860, Acc: 51.76%, Loss: 2.3892
Epoch: 2, Batch: 870, Acc: 51.77%, Loss: 2.3492
Epoch: 2, Batch: 880, Acc: 51.81%, Loss: 2.3289
Epoch: 2, Batch: 890, Acc: 51.83%, Loss: 2.3291
Epoch: 2, Batch: 900, Acc: 51.82%, Loss: 2.3757
Epoch: 2, Batch: 910, Acc: 51.86%, Loss: 2.3390
Epoch: 2, Batch: 920, Acc: 51.85%, Loss: 2.3732
Epoch: 2, Batch: 930, Acc: 51.85%, Loss: 2.3553
Epoch: 2, Batch: 940, Acc: 51.88%, Loss: 2.3592
Epoch: 2, Batch: 950, Acc: 51.90%, Loss: 2.3415
Epoch: 2, Batch: 960, Acc: 51.94%, Loss: 2.3231
Epoch: 2, Batch: 970, Acc: 51.97%, Loss: 2.3242
Epoch: 2, Batch: 980, Acc: 51.99%, Loss: 2.3485
Epoch: 2, Batch: 990, Acc: 52.02%, Loss: 2.3623
Epoch: 2, Batch: 1000, Acc: 52.07%, Loss: 2.3256
Epoch: 2, Batch: 1010, Acc: 52.08%, Loss: 2.3302
Epoch: 2, Batch: 1020, Acc: 52.09%, Loss: 2.3505
Epoch: 2, Batch: 1030, Acc: 52.14%, Loss: 2.3106
Epoch: 2, Batch: 1040, Acc: 52.16%, Loss: 2.3427
Epoch: 2, Batch: 1050, Acc: 52.19%, Loss: 2.3129
Epoch: 2, Batch: 1060, Acc: 52.20%, Loss: 2.3366
Epoch: 2, Batch: 1070, Acc: 52.24%, Loss: 2.3095
Epoch: 2, Batch: 1080, Acc: 52.27%, Loss: 2.3369
Epoch: 2, Batch: 1090, Acc: 52.28%, Loss: 2.3399
Epoch: 2, Batch: 1100, Acc: 52.29%, Loss: 2.3776
Epoch: 2, Batch: 1110, Acc: 52.25%, Loss: 2.3787
Epoch: 2, Batch: 1120, Acc: 52.24%, Loss: 2.3703
Epoch: 2, Batch: 1130, Acc: 52.27%, Loss: 2.3250
Epoch: 2, Batch: 1140, Acc: 52.27%, Loss: 2.3599
Epoch: 2, Batch: 1150, Acc: 52.28%, Loss: 2.3360
Epoch: 2, Batch: 1160, Acc: 52.32%, Loss: 2.3064
Epoch: 2, Batch: 1170, Acc: 52.32%, Loss: 2.3296
Epoch: 2, Batch: 1180, Acc: 52.35%, Loss: 2.2992
Epoch: 2, Batch: 1190, Acc: 52.36%, Loss: 2.3322
Epoch: 2, Batch: 1200, Acc: 52.36%, Loss: 2.3552
Epoch: 2, Batch: 1210, Acc: 52.37%, Loss: 2.3518
Epoch: 2, Batch: 1220, Acc: 52.35%, Loss: 2.3275
Epoch: 2, Batch: 1230, Acc: 52.35%, Loss: 2.3405
Epoch: 2, Batch: 1240, Acc: 52.36%, Loss: 2.3296
Epoch: 2, Batch: 1250, Acc: 52.38%, Loss: 2.3240
Epoch: 2, Batch: 1260, Acc: 52.42%, Loss: 2.2915
Epoch: 2, Batch: 1270, Acc: 52.41%, Loss: 2.3732
Epoch: 2, Batch: 1280, Acc: 52.44%, Loss: 2.3093
Epoch: 2, Batch: 1290, Acc: 52.44%, Loss: 2.3248
Epoch: 2, Batch: 1300, Acc: 52.44%, Loss: 2.3159
Epoch: 2, Batch: 1310, Acc: 52.47%, Loss: 2.2604
Epoch: 2, Batch: 1320, Acc: 52.47%, Loss: 2.3435
Epoch: 2, Batch: 1330, Acc: 52.49%, Loss: 2.3260
Epoch: 2, Batch: 1340, Acc: 52.50%, Loss: 2.2995
Epoch: 2, Batch: 1350, Acc: 52.52%, Loss: 2.2766
Epoch: 2, Batch: 1360, Acc: 52.53%, Loss: 2.3083
Epoch: 2, Batch: 1370, Acc: 52.54%, Loss: 2.3151
Epoch: 2, Batch: 1380, Acc: 52.55%, Loss: 2.3566
Epoch: 2, Batch: 1390, Acc: 52.58%, Loss: 2.3177
Epoch: 2, Batch: 1400, Acc: 52.59%, Loss: 2.3151
Epoch: 2, Batch: 1410, Acc: 52.61%, Loss: 2.3173
Epoch: 2, Batch: 1420, Acc: 52.64%, Loss: 2.3002
Epoch: 2, Batch: 1430, Acc: 52.63%, Loss: 2.3208
Epoch: 2, Batch: 1440, Acc: 52.63%, Loss: 2.3033
Epoch: 2, Batch: 1450, Acc: 52.63%, Loss: 2.3367
Epoch: 2, Batch: 1460, Acc: 52.65%, Loss: 2.3268
Epoch: 2, Batch: 1470, Acc: 52.66%, Loss: 2.3154
Epoch: 2, Batch: 1480, Acc: 52.67%, Loss: 2.3113
Epoch: 2, Batch: 1490, Acc: 52.68%, Loss: 2.2888
Epoch: 2, Batch: 1500, Acc: 52.69%, Loss: 2.3329
Epoch: 2, Batch: 1510, Acc: 52.70%, Loss: 2.3248
Epoch: 2, Batch: 1520, Acc: 52.71%, Loss: 2.3069
Epoch: 2, Batch: 1530, Acc: 52.71%, Loss: 2.3334
Epoch: 2, Batch: 1540, Acc: 52.72%, Loss: 2.2767
Epoch: 2, Batch: 1550, Acc: 52.74%, Loss: 2.2593
Epoch: 2, Batch: 1560, Acc: 52.75%, Loss: 2.3297
Epoch: 2, Batch: 1570, Acc: 52.75%, Loss: 2.2852
Epoch: 2, Batch: 1580, Acc: 52.75%, Loss: 2.3243
Epoch: 2, Batch: 1590, Acc: 52.73%, Loss: 2.3423
Epoch: 2, Batch: 1600, Acc: 52.73%, Loss: 2.3043
Epoch: 2, Batch: 1610, Acc: 52.77%, Loss: 2.2486
Epoch: 2, Batch: 1620, Acc: 52.82%, Loss: 2.2714
Epoch: 2, Batch: 1630, Acc: 52.82%, Loss: 2.2948
Epoch: 2, Batch: 1640, Acc: 52.83%, Loss: 2.2814
Epoch: 2, Batch: 1650, Acc: 52.83%, Loss: 2.3068
Epoch: 2, Batch: 1660, Acc: 52.84%, Loss: 2.3047
Epoch: 2, Batch: 1670, Acc: 52.85%, Loss: 2.2784
Epoch: 2, Batch: 1680, Acc: 52.86%, Loss: 2.2715
Epoch: 2, Batch: 1690, Acc: 52.88%, Loss: 2.2775
Epoch: 2, Batch: 1700, Acc: 52.90%, Loss: 2.3314
Epoch: 2, Batch: 1710, Acc: 52.93%, Loss: 2.2759
Epoch: 2, Batch: 1720, Acc: 52.94%, Loss: 2.2984
Epoch: 2, Batch: 1730, Acc: 52.95%, Loss: 2.2976
Epoch: 2, Batch: 1740, Acc: 52.95%, Loss: 2.3068
Epoch: 2, Batch: 1750, Acc: 52.96%, Loss: 2.2800
Epoch: 2, Batch: 1760, Acc: 52.99%, Loss: 2.2507
Epoch: 2, Batch: 1770, Acc: 53.01%, Loss: 2.2616
Epoch: 2, Batch: 1780, Acc: 53.00%, Loss: 2.3446
Epoch: 2, Batch: 1790, Acc: 53.01%, Loss: 2.3020
Epoch: 2, Batch: 1800, Acc: 53.02%, Loss: 2.2833
Epoch: 2, Batch: 1810, Acc: 53.01%, Loss: 2.3493
Epoch: 2, Batch: 1820, Acc: 53.02%, Loss: 2.2983
Epoch: 2, Batch: 1830, Acc: 53.03%, Loss: 2.3096
Epoch: 2, Batch: 1840, Acc: 53.03%, Loss: 2.3110
Epoch: 2, Batch: 1850, Acc: 53.06%, Loss: 2.2496
Epoch: 2, Batch: 1860, Acc: 53.07%, Loss: 2.2749
Epoch: 2, Batch: 1870, Acc: 53.08%, Loss: 2.3070
Epoch: 2, Batch: 1880, Acc: 53.11%, Loss: 2.2523
Epoch: 2, Batch: 1890, Acc: 53.12%, Loss: 2.2728
Epoch: 2, Batch: 1900, Acc: 53.13%, Loss: 2.2862
Epoch: 2, Batch: 1910, Acc: 53.14%, Loss: 2.3072
Epoch: 2, Batch: 1920, Acc: 53.17%, Loss: 2.2650
Epoch: 2, Batch: 1930, Acc: 53.18%, Loss: 2.2802
Epoch: 2, Batch: 1940, Acc: 53.20%, Loss: 2.2766
Epoch: 2, Batch: 1950, Acc: 53.22%, Loss: 2.2790
Epoch: 2, Batch: 1960, Acc: 53.22%, Loss: 2.3139
Epoch: 2, Batch: 1970, Acc: 53.24%, Loss: 2.2523
Epoch: 2, Batch: 1980, Acc: 53.25%, Loss: 2.2732
Epoch: 2, Batch: 1990, Acc: 53.26%, Loss: 2.2731
Epoch: 2, Batch: 2000, Acc: 53.28%, Loss: 2.2320
Epoch: 2, Batch: 2010, Acc: 53.29%, Loss: 2.2851
Epoch: 2, Batch: 2020, Acc: 53.29%, Loss: 2.2764
Epoch: 2, Batch: 2030, Acc: 53.32%, Loss: 2.2564
Epoch: 2, Batch: 2040, Acc: 53.34%, Loss: 2.2617
Epoch: 2, Batch: 2050, Acc: 53.35%, Loss: 2.2478
Epoch: 2, Batch: 2060, Acc: 53.36%, Loss: 2.2566
Epoch: 2, Batch: 2070, Acc: 53.37%, Loss: 2.2894
Epoch: 2, Batch: 2080, Acc: 53.38%, Loss: 2.2900
Epoch: 2, Batch: 2090, Acc: 53.39%, Loss: 2.2936
Epoch: 2, Batch: 2100, Acc: 53.39%, Loss: 2.2956
Epoch: 2, Batch: 2110, Acc: 53.41%, Loss: 2.2340
Epoch: 2, Batch: 2120, Acc: 53.42%, Loss: 2.2481
Epoch: 2, Batch: 2130, Acc: 53.43%, Loss: 2.2397
Epoch: 2, Batch: 2140, Acc: 53.43%, Loss: 2.2982
Epoch: 2, Batch: 2150, Acc: 53.44%, Loss: 2.2425
Epoch: 2, Batch: 2160, Acc: 53.45%, Loss: 2.2503
Epoch: 2, Batch: 2170, Acc: 53.45%, Loss: 2.2631
Epoch: 2, Batch: 2180, Acc: 53.47%, Loss: 2.2924
Epoch: 2, Batch: 2190, Acc: 53.48%, Loss: 2.2702
Epoch: 2, Batch: 2200, Acc: 53.49%, Loss: 2.2392
Epoch: 2, Batch: 2210, Acc: 53.51%, Loss: 2.2817
Epoch: 2, Batch: 2220, Acc: 53.52%, Loss: 2.2593
Epoch: 2, Batch: 2230, Acc: 53.54%, Loss: 2.2338
Epoch: 2, Batch: 2240, Acc: 53.55%, Loss: 2.2666
Epoch: 2, Batch: 2250, Acc: 53.56%, Loss: 2.2322
Epoch: 2, Batch: 2260, Acc: 53.58%, Loss: 2.2298
Epoch: 2, Batch: 2270, Acc: 53.58%, Loss: 2.2651
Epoch: 2, Batch: 2280, Acc: 53.61%, Loss: 2.2065
Epoch: 2, Batch: 2290, Acc: 53.62%, Loss: 2.2523
Epoch: 2, Batch: 2300, Acc: 53.63%, Loss: 2.2776
Epoch: 2, Batch: 2310, Acc: 53.63%, Loss: 2.2488
Epoch: 2, Batch: 2320, Acc: 53.64%, Loss: 2.2494
Epoch: 2, Batch: 2330, Acc: 53.64%, Loss: 2.2893
Epoch: 2, Batch: 2340, Acc: 53.66%, Loss: 2.2673
Epoch: 2, Batch: 2350, Acc: 53.67%, Loss: 2.2117
Epoch: 2, Batch: 2360, Acc: 53.69%, Loss: 2.2645
Epoch: 2, Batch: 2370, Acc: 53.68%, Loss: 2.2966
Epoch: 2, Batch: 2380, Acc: 53.69%, Loss: 2.2648
Epoch: 2, Batch: 2390, Acc: 53.71%, Loss: 2.2317
Epoch: 2, Batch: 2400, Acc: 53.72%, Loss: 2.2381
Epoch: 2, Batch: 2410, Acc: 53.72%, Loss: 2.2707
Epoch: 2, Batch: 2420, Acc: 53.72%, Loss: 2.3260
Epoch: 2, Batch: 2430, Acc: 53.74%, Loss: 2.2619
Epoch: 2, Batch: 2440, Acc: 53.74%, Loss: 2.2771
Epoch: 2, Batch: 2450, Acc: 53.75%, Loss: 2.2564
Epoch: 2, Batch: 2460, Acc: 53.76%, Loss: 2.2130
Epoch: 2, Batch: 2470, Acc: 53.75%, Loss: 2.3029
Epoch: 2, Batch: 2480, Acc: 53.78%, Loss: 2.2260
Epoch: 2, Batch: 2490, Acc: 53.81%, Loss: 2.1954
Epoch: 2, Batch: 2500, Acc: 53.81%, Loss: 2.2590
Epoch: 2, Batch: 2510, Acc: 53.81%, Loss: 2.2558
Epoch: 2, Batch: 2520, Acc: 53.83%, Loss: 2.2525
Epoch: 2, Batch: 2530, Acc: 53.83%, Loss: 2.2754
Epoch: 2, Batch: 2540, Acc: 53.84%, Loss: 2.2517
Epoch: 2, Batch: 2550, Acc: 53.85%, Loss: 2.2246
Epoch: 2, Batch: 2560, Acc: 53.85%, Loss: 2.2657
Epoch: 2, Batch: 2570, Acc: 53.86%, Loss: 2.2189
Epoch: 2, Batch: 2580, Acc: 53.86%, Loss: 2.2739
Epoch: 2, Batch: 2590, Acc: 53.87%, Loss: 2.2579
Epoch: 2, Batch: 2600, Acc: 53.89%, Loss: 2.1642
Epoch: 2, Batch: 2610, Acc: 53.90%, Loss: 2.2901
Epoch: 2, Batch: 2620, Acc: 53.91%, Loss: 2.2533
Epoch: 2, Batch: 2630, Acc: 53.91%, Loss: 2.2503
Epoch: 2, Batch: 2640, Acc: 53.92%, Loss: 2.2536
Epoch: 2, Batch: 2650, Acc: 53.93%, Loss: 2.2247
Epoch: 2, Batch: 2660, Acc: 53.94%, Loss: 2.2338
Epoch: 2, Batch: 2670, Acc: 53.95%, Loss: 2.2186
Epoch: 2, Batch: 2680, Acc: 53.96%, Loss: 2.2400
Epoch: 2, Batch: 2690, Acc: 53.96%, Loss: 2.2520
Epoch: 2, Batch: 2700, Acc: 53.95%, Loss: 2.2796
Epoch: 2, Batch: 2710, Acc: 53.96%, Loss: 2.2560
Epoch: 2, Batch: 2720, Acc: 53.97%, Loss: 2.2778
Epoch: 2, Batch: 2730, Acc: 53.96%, Loss: 2.2539
Epoch: 2, Batch: 2740, Acc: 53.98%, Loss: 2.2169
Epoch: 2, Batch: 2750, Acc: 54.00%, Loss: 2.1807
Epoch: 2, Batch: 2760, Acc: 54.01%, Loss: 2.2455
Epoch: 2, Batch: 2770, Acc: 54.02%, Loss: 2.2528
Epoch: 2, Batch: 2780, Acc: 54.02%, Loss: 2.2611
Epoch: 2, Batch: 2790, Acc: 54.03%, Loss: 2.2269
Epoch: 2, Batch: 2800, Acc: 54.04%, Loss: 2.2527
Epoch: 2, Batch: 2810, Acc: 54.05%, Loss: 2.2454
Epoch: 2, Batch: 2820, Acc: 54.06%, Loss: 2.2562
Epoch: 2, Batch: 2830, Acc: 54.06%, Loss: 2.2126
Epoch: 2, Batch: 2840, Acc: 54.06%, Loss: 2.2612
Epoch: 2, Batch: 2850, Acc: 54.07%, Loss: 2.1768
Epoch: 2, Batch: 2860, Acc: 54.10%, Loss: 2.1771
Epoch: 2, Batch: 2870, Acc: 54.12%, Loss: 2.1995
Epoch: 2, Batch: 2880, Acc: 54.12%, Loss: 2.2064
Epoch 2: val_acc=0.5721, best_val_acc=0.5721, es_counter=0
Epoch: 3, Batch: 10, Acc: 59.84%, Loss: 2.2301
Epoch: 3, Batch: 20, Acc: 56.09%, Loss: 2.2593
Epoch: 3, Batch: 30, Acc: 55.73%, Loss: 2.2448
Epoch: 3, Batch: 40, Acc: 55.16%, Loss: 2.2484
Epoch: 3, Batch: 50, Acc: 54.72%, Loss: 2.2685
Epoch: 3, Batch: 60, Acc: 55.16%, Loss: 2.2310
Epoch: 3, Batch: 70, Acc: 55.42%, Loss: 2.2050
Epoch: 3, Batch: 80, Acc: 56.02%, Loss: 2.1667
Epoch: 3, Batch: 90, Acc: 56.22%, Loss: 2.2238
Epoch: 3, Batch: 100, Acc: 56.69%, Loss: 2.1977
Epoch: 3, Batch: 110, Acc: 56.52%, Loss: 2.2380
Epoch: 3, Batch: 120, Acc: 56.48%, Loss: 2.2304
Epoch: 3, Batch: 130, Acc: 56.18%, Loss: 2.2420
Epoch: 3, Batch: 140, Acc: 56.21%, Loss: 2.2333
Epoch: 3, Batch: 150, Acc: 56.49%, Loss: 2.1755
Epoch: 3, Batch: 160, Acc: 56.64%, Loss: 2.2021
Epoch: 3, Batch: 170, Acc: 56.65%, Loss: 2.2319
Epoch: 3, Batch: 180, Acc: 56.56%, Loss: 2.2271
Epoch: 3, Batch: 190, Acc: 56.64%, Loss: 2.1879
Epoch: 3, Batch: 200, Acc: 56.55%, Loss: 2.2549
Epoch: 3, Batch: 210, Acc: 56.52%, Loss: 2.2089
Epoch: 3, Batch: 220, Acc: 56.56%, Loss: 2.2491
Epoch: 3, Batch: 230, Acc: 56.62%, Loss: 2.1963
Epoch: 3, Batch: 240, Acc: 56.61%, Loss: 2.2152
Epoch: 3, Batch: 250, Acc: 56.67%, Loss: 2.2056
Epoch: 3, Batch: 260, Acc: 56.68%, Loss: 2.2081
Epoch: 3, Batch: 270, Acc: 56.71%, Loss: 2.2064
Epoch: 3, Batch: 280, Acc: 56.80%, Loss: 2.1908
Epoch: 3, Batch: 290, Acc: 56.94%, Loss: 2.1671
Epoch: 3, Batch: 300, Acc: 56.90%, Loss: 2.2396
Epoch: 3, Batch: 310, Acc: 57.00%, Loss: 2.2267
Epoch: 3, Batch: 320, Acc: 57.02%, Loss: 2.2240
Epoch: 3, Batch: 330, Acc: 56.93%, Loss: 2.2395
Epoch: 3, Batch: 340, Acc: 56.88%, Loss: 2.2483
Epoch: 3, Batch: 350, Acc: 56.87%, Loss: 2.2159
Epoch: 3, Batch: 360, Acc: 56.86%, Loss: 2.2068
Epoch: 3, Batch: 370, Acc: 56.90%, Loss: 2.1842
Epoch: 3, Batch: 380, Acc: 56.90%, Loss: 2.2141
Epoch: 3, Batch: 390, Acc: 56.91%, Loss: 2.2187
Epoch: 3, Batch: 400, Acc: 57.01%, Loss: 2.1940
Epoch: 3, Batch: 410, Acc: 57.06%, Loss: 2.1796
Epoch: 3, Batch: 420, Acc: 57.04%, Loss: 2.2489
Epoch: 3, Batch: 430, Acc: 57.05%, Loss: 2.2120
Epoch: 3, Batch: 440, Acc: 57.08%, Loss: 2.2111
Epoch: 3, Batch: 450, Acc: 57.10%, Loss: 2.2053
Epoch: 3, Batch: 460, Acc: 57.14%, Loss: 2.1762
Epoch: 3, Batch: 470, Acc: 57.08%, Loss: 2.2518
Epoch: 3, Batch: 480, Acc: 57.11%, Loss: 2.2094
Epoch: 3, Batch: 490, Acc: 57.17%, Loss: 2.1873
Epoch: 3, Batch: 500, Acc: 57.16%, Loss: 2.2272
Epoch: 3, Batch: 510, Acc: 57.20%, Loss: 2.1963
Epoch: 3, Batch: 520, Acc: 57.22%, Loss: 2.2138
Epoch: 3, Batch: 530, Acc: 57.32%, Loss: 2.1372
Epoch: 3, Batch: 540, Acc: 57.35%, Loss: 2.2162
Epoch: 3, Batch: 550, Acc: 57.32%, Loss: 2.2139
Epoch: 3, Batch: 560, Acc: 57.25%, Loss: 2.2442
Epoch: 3, Batch: 570, Acc: 57.23%, Loss: 2.2032
Epoch: 3, Batch: 580, Acc: 57.23%, Loss: 2.2088
Epoch: 3, Batch: 590, Acc: 57.34%, Loss: 2.1705
Epoch: 3, Batch: 600, Acc: 57.38%, Loss: 2.1960
Epoch: 3, Batch: 610, Acc: 57.42%, Loss: 2.2197
Epoch: 3, Batch: 620, Acc: 57.48%, Loss: 2.1443
Epoch: 3, Batch: 630, Acc: 57.52%, Loss: 2.1865
Epoch: 3, Batch: 640, Acc: 57.50%, Loss: 2.2126
Epoch: 3, Batch: 650, Acc: 57.51%, Loss: 2.2122
Epoch: 3, Batch: 660, Acc: 57.52%, Loss: 2.2190
Epoch: 3, Batch: 670, Acc: 57.56%, Loss: 2.1811
Epoch: 3, Batch: 680, Acc: 57.57%, Loss: 2.1928
Epoch: 3, Batch: 690, Acc: 57.56%, Loss: 2.1848
Epoch: 3, Batch: 700, Acc: 57.58%, Loss: 2.2135
Epoch: 3, Batch: 710, Acc: 57.58%, Loss: 2.1873
Epoch: 3, Batch: 720, Acc: 57.55%, Loss: 2.2630
Epoch: 3, Batch: 730, Acc: 57.60%, Loss: 2.1781
Epoch: 3, Batch: 740, Acc: 57.60%, Loss: 2.1641
Epoch: 3, Batch: 750, Acc: 57.64%, Loss: 2.1556
Epoch: 3, Batch: 760, Acc: 57.67%, Loss: 2.2139
Epoch: 3, Batch: 770, Acc: 57.69%, Loss: 2.1580
Epoch: 3, Batch: 780, Acc: 57.69%, Loss: 2.1541
Epoch: 3, Batch: 790, Acc: 57.71%, Loss: 2.2270
Epoch: 3, Batch: 800, Acc: 57.72%, Loss: 2.1967
Epoch: 3, Batch: 810, Acc: 57.73%, Loss: 2.1861
Epoch: 3, Batch: 820, Acc: 57.74%, Loss: 2.2186
Epoch: 3, Batch: 830, Acc: 57.75%, Loss: 2.1909
Epoch: 3, Batch: 840, Acc: 57.77%, Loss: 2.1929
Epoch: 3, Batch: 850, Acc: 57.77%, Loss: 2.1895
Epoch: 3, Batch: 860, Acc: 57.75%, Loss: 2.2194
Epoch: 3, Batch: 870, Acc: 57.74%, Loss: 2.2123
Epoch: 3, Batch: 880, Acc: 57.73%, Loss: 2.2026
Epoch: 3, Batch: 890, Acc: 57.72%, Loss: 2.2237
Epoch: 3, Batch: 900, Acc: 57.74%, Loss: 2.1416
Epoch: 3, Batch: 910, Acc: 57.74%, Loss: 2.2140
Epoch: 3, Batch: 920, Acc: 57.71%, Loss: 2.2085
Epoch: 3, Batch: 930, Acc: 57.73%, Loss: 2.1668
Epoch: 3, Batch: 940, Acc: 57.73%, Loss: 2.1962
Epoch: 3, Batch: 950, Acc: 57.72%, Loss: 2.2095
Epoch: 3, Batch: 960, Acc: 57.73%, Loss: 2.1761
Epoch: 3, Batch: 970, Acc: 57.75%, Loss: 2.1929
Epoch: 3, Batch: 980, Acc: 57.78%, Loss: 2.1864
Epoch: 3, Batch: 990, Acc: 57.80%, Loss: 2.2018
Epoch: 3, Batch: 1000, Acc: 57.77%, Loss: 2.2129
Epoch: 3, Batch: 1010, Acc: 57.80%, Loss: 2.1436
Epoch: 3, Batch: 1020, Acc: 57.81%, Loss: 2.1694
Epoch: 3, Batch: 1030, Acc: 57.81%, Loss: 2.2180
Epoch: 3, Batch: 1040, Acc: 57.79%, Loss: 2.2023
Epoch: 3, Batch: 1050, Acc: 57.79%, Loss: 2.1804
Epoch: 3, Batch: 1060, Acc: 57.80%, Loss: 2.2069
Epoch: 3, Batch: 1070, Acc: 57.80%, Loss: 2.2146
Epoch: 3, Batch: 1080, Acc: 57.82%, Loss: 2.1811
Epoch: 3, Batch: 1090, Acc: 57.81%, Loss: 2.2155
Epoch: 3, Batch: 1100, Acc: 57.83%, Loss: 2.1714
Epoch: 3, Batch: 1110, Acc: 57.84%, Loss: 2.1624
Epoch: 3, Batch: 1120, Acc: 57.87%, Loss: 2.2077
Epoch: 3, Batch: 1130, Acc: 57.87%, Loss: 2.1859
Epoch: 3, Batch: 1140, Acc: 57.88%, Loss: 2.1731
Epoch: 3, Batch: 1150, Acc: 57.88%, Loss: 2.1941
Epoch: 3, Batch: 1160, Acc: 57.91%, Loss: 2.1783
Epoch: 3, Batch: 1170, Acc: 57.90%, Loss: 2.1994
Epoch: 3, Batch: 1180, Acc: 57.89%, Loss: 2.1905
Epoch: 3, Batch: 1190, Acc: 57.90%, Loss: 2.1666
Epoch: 3, Batch: 1200, Acc: 57.88%, Loss: 2.2259
Epoch: 3, Batch: 1210, Acc: 57.88%, Loss: 2.1865
Epoch: 3, Batch: 1220, Acc: 57.88%, Loss: 2.1980
Epoch: 3, Batch: 1230, Acc: 57.88%, Loss: 2.1549
Epoch: 3, Batch: 1240, Acc: 57.88%, Loss: 2.1728
Epoch: 3, Batch: 1250, Acc: 57.88%, Loss: 2.2145
Epoch: 3, Batch: 1260, Acc: 57.90%, Loss: 2.1677
Epoch: 3, Batch: 1270, Acc: 57.89%, Loss: 2.2018
Epoch: 3, Batch: 1280, Acc: 57.87%, Loss: 2.2125
Epoch: 3, Batch: 1290, Acc: 57.89%, Loss: 2.1721
Epoch: 3, Batch: 1300, Acc: 57.87%, Loss: 2.2100
Epoch: 3, Batch: 1310, Acc: 57.89%, Loss: 2.1683
Epoch: 3, Batch: 1320, Acc: 57.89%, Loss: 2.1673
Epoch: 3, Batch: 1330, Acc: 57.92%, Loss: 2.1326
Epoch: 3, Batch: 1340, Acc: 57.92%, Loss: 2.1491
Epoch: 3, Batch: 1350, Acc: 57.93%, Loss: 2.1739
Epoch: 3, Batch: 1360, Acc: 57.91%, Loss: 2.2053
Epoch: 3, Batch: 1370, Acc: 57.92%, Loss: 2.1803
Epoch: 3, Batch: 1380, Acc: 57.90%, Loss: 2.1920
Epoch: 3, Batch: 1390, Acc: 57.90%, Loss: 2.2052
Epoch: 3, Batch: 1400, Acc: 57.91%, Loss: 2.1785
Epoch: 3, Batch: 1410, Acc: 57.92%, Loss: 2.2006
Epoch: 3, Batch: 1420, Acc: 57.90%, Loss: 2.2120
Epoch: 3, Batch: 1430, Acc: 57.93%, Loss: 2.1432
Epoch: 3, Batch: 1440, Acc: 57.93%, Loss: 2.1921
Epoch: 3, Batch: 1450, Acc: 57.91%, Loss: 2.2046
Epoch: 3, Batch: 1460, Acc: 57.94%, Loss: 2.1372
Epoch: 3, Batch: 1470, Acc: 57.95%, Loss: 2.1538
Epoch: 3, Batch: 1480, Acc: 57.97%, Loss: 2.1640
Epoch: 3, Batch: 1490, Acc: 57.97%, Loss: 2.1656
Epoch: 3, Batch: 1500, Acc: 58.00%, Loss: 2.1554
Epoch: 3, Batch: 1510, Acc: 57.99%, Loss: 2.2231
Epoch: 3, Batch: 1520, Acc: 58.00%, Loss: 2.1529
Epoch: 3, Batch: 1530, Acc: 58.00%, Loss: 2.2121
Epoch: 3, Batch: 1540, Acc: 58.00%, Loss: 2.1735
Epoch: 3, Batch: 1550, Acc: 58.00%, Loss: 2.1876
Epoch: 3, Batch: 1560, Acc: 58.03%, Loss: 2.1651
Epoch: 3, Batch: 1570, Acc: 58.06%, Loss: 2.1392
Epoch: 3, Batch: 1580, Acc: 58.08%, Loss: 2.1165
Epoch: 3, Batch: 1590, Acc: 58.09%, Loss: 2.1928
Epoch: 3, Batch: 1600, Acc: 58.10%, Loss: 2.1285
Epoch: 3, Batch: 1610, Acc: 58.10%, Loss: 2.1737
Epoch: 3, Batch: 1620, Acc: 58.11%, Loss: 2.1627
Epoch: 3, Batch: 1630, Acc: 58.12%, Loss: 2.1661
Epoch: 3, Batch: 1640, Acc: 58.11%, Loss: 2.1877
Epoch: 3, Batch: 1650, Acc: 58.12%, Loss: 2.1312
Epoch: 3, Batch: 1660, Acc: 58.13%, Loss: 2.1640
Epoch: 3, Batch: 1670, Acc: 58.11%, Loss: 2.2305
Epoch: 3, Batch: 1680, Acc: 58.12%, Loss: 2.1434
Epoch: 3, Batch: 1690, Acc: 58.11%, Loss: 2.2020
Epoch: 3, Batch: 1700, Acc: 58.11%, Loss: 2.1808
Epoch: 3, Batch: 1710, Acc: 58.10%, Loss: 2.1913
Epoch: 3, Batch: 1720, Acc: 58.12%, Loss: 2.0964
Epoch: 3, Batch: 1730, Acc: 58.12%, Loss: 2.1343
Epoch: 3, Batch: 1740, Acc: 58.13%, Loss: 2.1245
Epoch: 3, Batch: 1750, Acc: 58.12%, Loss: 2.1863
Epoch: 3, Batch: 1760, Acc: 58.13%, Loss: 2.1666
Epoch: 3, Batch: 1770, Acc: 58.15%, Loss: 2.1505
Epoch: 3, Batch: 1780, Acc: 58.14%, Loss: 2.2085
Epoch: 3, Batch: 1790, Acc: 58.13%, Loss: 2.1484
Epoch: 3, Batch: 1800, Acc: 58.13%, Loss: 2.1889
Epoch: 3, Batch: 1810, Acc: 58.13%, Loss: 2.1677
Epoch: 3, Batch: 1820, Acc: 58.14%, Loss: 2.1729
Epoch: 3, Batch: 1830, Acc: 58.12%, Loss: 2.2133
Epoch: 3, Batch: 1840, Acc: 58.15%, Loss: 2.1144
Epoch: 3, Batch: 1850, Acc: 58.15%, Loss: 2.1742
Epoch: 3, Batch: 1860, Acc: 58.14%, Loss: 2.1815
Epoch: 3, Batch: 1870, Acc: 58.15%, Loss: 2.1559
Epoch: 3, Batch: 1880, Acc: 58.15%, Loss: 2.1776
Epoch: 3, Batch: 1890, Acc: 58.16%, Loss: 2.1515
Epoch: 3, Batch: 1900, Acc: 58.16%, Loss: 2.1578
Epoch: 3, Batch: 1910, Acc: 58.16%, Loss: 2.1763
Epoch: 3, Batch: 1920, Acc: 58.14%, Loss: 2.1900
Epoch: 3, Batch: 1930, Acc: 58.14%, Loss: 2.1518
Epoch: 3, Batch: 1940, Acc: 58.13%, Loss: 2.1537
Epoch: 3, Batch: 1950, Acc: 58.16%, Loss: 2.1162
Epoch: 3, Batch: 1960, Acc: 58.16%, Loss: 2.1763
Epoch: 3, Batch: 1970, Acc: 58.16%, Loss: 2.1665
Epoch: 3, Batch: 1980, Acc: 58.15%, Loss: 2.1556
Epoch: 3, Batch: 1990, Acc: 58.14%, Loss: 2.2130
Epoch: 3, Batch: 2000, Acc: 58.15%, Loss: 2.1609
Epoch: 3, Batch: 2010, Acc: 58.15%, Loss: 2.1647
Epoch: 3, Batch: 2020, Acc: 58.16%, Loss: 2.1548
Epoch: 3, Batch: 2030, Acc: 58.17%, Loss: 2.1458
Epoch: 3, Batch: 2040, Acc: 58.18%, Loss: 2.1687
Epoch: 3, Batch: 2050, Acc: 58.17%, Loss: 2.1619
Epoch: 3, Batch: 2060, Acc: 58.18%, Loss: 2.1723
Epoch: 3, Batch: 2070, Acc: 58.18%, Loss: 2.1867
Epoch: 3, Batch: 2080, Acc: 58.19%, Loss: 2.1322
Epoch: 3, Batch: 2090, Acc: 58.19%, Loss: 2.1473
Epoch: 3, Batch: 2100, Acc: 58.18%, Loss: 2.1960
Epoch: 3, Batch: 2110, Acc: 58.18%, Loss: 2.1740
Epoch: 3, Batch: 2120, Acc: 58.18%, Loss: 2.1727
Epoch: 3, Batch: 2130, Acc: 58.19%, Loss: 2.1485
Epoch: 3, Batch: 2140, Acc: 58.20%, Loss: 2.1173
Epoch: 3, Batch: 2150, Acc: 58.20%, Loss: 2.1609
Epoch: 3, Batch: 2160, Acc: 58.20%, Loss: 2.1231
Epoch: 3, Batch: 2170, Acc: 58.21%, Loss: 2.1289
Epoch: 3, Batch: 2180, Acc: 58.23%, Loss: 2.1240
Epoch: 3, Batch: 2190, Acc: 58.24%, Loss: 2.1478
Epoch: 3, Batch: 2200, Acc: 58.24%, Loss: 2.1508
Epoch: 3, Batch: 2210, Acc: 58.25%, Loss: 2.1286
Epoch: 3, Batch: 2220, Acc: 58.26%, Loss: 2.1411
Epoch: 3, Batch: 2230, Acc: 58.26%, Loss: 2.1392
Epoch: 3, Batch: 2240, Acc: 58.27%, Loss: 2.1532
Epoch: 3, Batch: 2250, Acc: 58.28%, Loss: 2.1249
Epoch: 3, Batch: 2260, Acc: 58.30%, Loss: 2.0960
Epoch: 3, Batch: 2270, Acc: 58.30%, Loss: 2.1417
Epoch: 3, Batch: 2280, Acc: 58.32%, Loss: 2.0967
Epoch: 3, Batch: 2290, Acc: 58.33%, Loss: 2.1597
Epoch: 3, Batch: 2300, Acc: 58.33%, Loss: 2.1485
Epoch: 3, Batch: 2310, Acc: 58.34%, Loss: 2.1321
Epoch: 3, Batch: 2320, Acc: 58.34%, Loss: 2.1171
Epoch: 3, Batch: 2330, Acc: 58.35%, Loss: 2.1273
Epoch: 3, Batch: 2340, Acc: 58.36%, Loss: 2.1056
Epoch: 3, Batch: 2350, Acc: 58.37%, Loss: 2.1165
Epoch: 3, Batch: 2360, Acc: 58.38%, Loss: 2.1670
Epoch: 3, Batch: 2370, Acc: 58.38%, Loss: 2.1334
Epoch: 3, Batch: 2380, Acc: 58.39%, Loss: 2.1221
Epoch: 3, Batch: 2390, Acc: 58.41%, Loss: 2.1266
Epoch: 3, Batch: 2400, Acc: 58.41%, Loss: 2.1485
Epoch: 3, Batch: 2410, Acc: 58.42%, Loss: 2.1191
Epoch: 3, Batch: 2420, Acc: 58.43%, Loss: 2.1822
Epoch: 3, Batch: 2430, Acc: 58.46%, Loss: 2.1027
Epoch: 3, Batch: 2440, Acc: 58.47%, Loss: 2.1122
Epoch: 3, Batch: 2450, Acc: 58.48%, Loss: 2.1489
Epoch: 3, Batch: 2460, Acc: 58.47%, Loss: 2.1798
Epoch: 3, Batch: 2470, Acc: 58.48%, Loss: 2.1348
Epoch: 3, Batch: 2480, Acc: 58.49%, Loss: 2.1379
Epoch: 3, Batch: 2490, Acc: 58.50%, Loss: 2.1108
Epoch: 3, Batch: 2500, Acc: 58.51%, Loss: 2.1433
Epoch: 3, Batch: 2510, Acc: 58.51%, Loss: 2.1536
Epoch: 3, Batch: 2520, Acc: 58.52%, Loss: 2.1372
Epoch: 3, Batch: 2530, Acc: 58.53%, Loss: 2.1314
Epoch: 3, Batch: 2540, Acc: 58.53%, Loss: 2.1174
Epoch: 3, Batch: 2550, Acc: 58.53%, Loss: 2.1510
Epoch: 3, Batch: 2560, Acc: 58.54%, Loss: 2.1561
Epoch: 3, Batch: 2570, Acc: 58.54%, Loss: 2.1226
Epoch: 3, Batch: 2580, Acc: 58.54%, Loss: 2.1467
Epoch: 3, Batch: 2590, Acc: 58.54%, Loss: 2.1468
Epoch: 3, Batch: 2600, Acc: 58.54%, Loss: 2.1346
Epoch: 3, Batch: 2610, Acc: 58.56%, Loss: 2.1021
Epoch: 3, Batch: 2620, Acc: 58.55%, Loss: 2.1687
Epoch: 3, Batch: 2630, Acc: 58.55%, Loss: 2.1771
Epoch: 3, Batch: 2640, Acc: 58.56%, Loss: 2.1611
Epoch: 3, Batch: 2650, Acc: 58.58%, Loss: 2.1005
Epoch: 3, Batch: 2660, Acc: 58.57%, Loss: 2.1842
Epoch: 3, Batch: 2670, Acc: 58.58%, Loss: 2.1403
Epoch: 3, Batch: 2680, Acc: 58.58%, Loss: 2.1266
Epoch: 3, Batch: 2690, Acc: 58.56%, Loss: 2.1691
Epoch: 3, Batch: 2700, Acc: 58.58%, Loss: 2.0634
Epoch: 3, Batch: 2710, Acc: 58.59%, Loss: 2.0812
Epoch: 3, Batch: 2720, Acc: 58.59%, Loss: 2.1899
Epoch: 3, Batch: 2730, Acc: 58.58%, Loss: 2.1587
Epoch: 3, Batch: 2740, Acc: 58.59%, Loss: 2.1310
Epoch: 3, Batch: 2750, Acc: 58.60%, Loss: 2.1026
Epoch: 3, Batch: 2760, Acc: 58.61%, Loss: 2.1358
Epoch: 3, Batch: 2770, Acc: 58.61%, Loss: 2.1297
Epoch: 3, Batch: 2780, Acc: 58.62%, Loss: 2.1343
Epoch: 3, Batch: 2790, Acc: 58.63%, Loss: 2.1030
Epoch: 3, Batch: 2800, Acc: 58.64%, Loss: 2.1178
Epoch: 3, Batch: 2810, Acc: 58.65%, Loss: 2.1229
Epoch: 3, Batch: 2820, Acc: 58.66%, Loss: 2.1807
Epoch: 3, Batch: 2830, Acc: 58.66%, Loss: 2.1338
Epoch: 3, Batch: 2840, Acc: 58.67%, Loss: 2.1314
Epoch: 3, Batch: 2850, Acc: 58.68%, Loss: 2.0848
Epoch: 3, Batch: 2860, Acc: 58.69%, Loss: 2.1134
Epoch: 3, Batch: 2870, Acc: 58.69%, Loss: 2.1235
Epoch: 3, Batch: 2880, Acc: 58.68%, Loss: 2.1636
Epoch 3: val_acc=0.6100, best_val_acc=0.6100, es_counter=0
Epoch: 4, Batch: 10, Acc: 59.06%, Loss: 2.1387
Epoch: 4, Batch: 20, Acc: 59.92%, Loss: 2.1390
Epoch: 4, Batch: 30, Acc: 59.27%, Loss: 2.1199
Epoch: 4, Batch: 40, Acc: 60.31%, Loss: 2.0952
Epoch: 4, Batch: 50, Acc: 60.59%, Loss: 2.1709
Epoch: 4, Batch: 60, Acc: 60.05%, Loss: 2.1383
Epoch: 4, Batch: 70, Acc: 59.60%, Loss: 2.1945
Epoch: 4, Batch: 80, Acc: 60.04%, Loss: 2.1115
Epoch: 4, Batch: 90, Acc: 59.72%, Loss: 2.1445
Epoch: 4, Batch: 100, Acc: 59.53%, Loss: 2.1572
Epoch: 4, Batch: 110, Acc: 59.53%, Loss: 2.1398
Epoch: 4, Batch: 120, Acc: 59.77%, Loss: 2.1086
Epoch: 4, Batch: 130, Acc: 59.76%, Loss: 2.1389
Epoch: 4, Batch: 140, Acc: 59.85%, Loss: 2.1268
Epoch: 4, Batch: 150, Acc: 60.15%, Loss: 2.1050
Epoch: 4, Batch: 160, Acc: 60.31%, Loss: 2.1061
Epoch: 4, Batch: 170, Acc: 60.38%, Loss: 2.1380
Epoch: 4, Batch: 180, Acc: 60.29%, Loss: 2.1276
Epoch: 4, Batch: 190, Acc: 60.31%, Loss: 2.1329
Epoch: 4, Batch: 200, Acc: 60.06%, Loss: 2.1595
Epoch: 4, Batch: 210, Acc: 60.13%, Loss: 2.1020
Epoch: 4, Batch: 220, Acc: 60.19%, Loss: 2.1008
Epoch: 4, Batch: 230, Acc: 60.27%, Loss: 2.0914
Epoch: 4, Batch: 240, Acc: 60.18%, Loss: 2.1824
Epoch: 4, Batch: 250, Acc: 60.16%, Loss: 2.1334
Epoch: 4, Batch: 260, Acc: 60.04%, Loss: 2.1555
Epoch: 4, Batch: 270, Acc: 60.13%, Loss: 2.0853
Epoch: 4, Batch: 280, Acc: 60.09%, Loss: 2.1394
Epoch: 4, Batch: 290, Acc: 60.03%, Loss: 2.1552
Epoch: 4, Batch: 300, Acc: 60.06%, Loss: 2.1400
Epoch: 4, Batch: 310, Acc: 60.19%, Loss: 2.1152
Epoch: 4, Batch: 320, Acc: 60.22%, Loss: 2.1486
Epoch: 4, Batch: 330, Acc: 60.30%, Loss: 2.1165
Epoch: 4, Batch: 340, Acc: 60.35%, Loss: 2.1134
Epoch: 4, Batch: 350, Acc: 60.41%, Loss: 2.0868
Epoch: 4, Batch: 360, Acc: 60.41%, Loss: 2.1541
Epoch: 4, Batch: 370, Acc: 60.49%, Loss: 2.0754
Epoch: 4, Batch: 380, Acc: 60.41%, Loss: 2.1436
Epoch: 4, Batch: 390, Acc: 60.47%, Loss: 2.1216
Epoch: 4, Batch: 400, Acc: 60.52%, Loss: 2.1379
Epoch: 4, Batch: 410, Acc: 60.50%, Loss: 2.1206
Epoch: 4, Batch: 420, Acc: 60.54%, Loss: 2.0888
Epoch: 4, Batch: 430, Acc: 60.52%, Loss: 2.1147
Epoch: 4, Batch: 440, Acc: 60.47%, Loss: 2.1412
Epoch: 4, Batch: 450, Acc: 60.53%, Loss: 2.1277
Epoch: 4, Batch: 460, Acc: 60.64%, Loss: 2.0817
Epoch: 4, Batch: 470, Acc: 60.62%, Loss: 2.1367
Epoch: 4, Batch: 480, Acc: 60.56%, Loss: 2.0966
Epoch: 4, Batch: 490, Acc: 60.52%, Loss: 2.1445
Epoch: 4, Batch: 500, Acc: 60.52%, Loss: 2.1220
Epoch: 4, Batch: 510, Acc: 60.53%, Loss: 2.1195
Epoch: 4, Batch: 520, Acc: 60.55%, Loss: 2.0917
Epoch: 4, Batch: 530, Acc: 60.55%, Loss: 2.1280
Epoch: 4, Batch: 540, Acc: 60.54%, Loss: 2.1290
Epoch: 4, Batch: 550, Acc: 60.52%, Loss: 2.0937
Epoch: 4, Batch: 560, Acc: 60.56%, Loss: 2.0915
Epoch: 4, Batch: 570, Acc: 60.59%, Loss: 2.0883
Epoch: 4, Batch: 580, Acc: 60.65%, Loss: 2.1088
Epoch: 4, Batch: 590, Acc: 60.63%, Loss: 2.1549
Epoch: 4, Batch: 600, Acc: 60.59%, Loss: 2.1770
Epoch: 4, Batch: 610, Acc: 60.59%, Loss: 2.1512
Epoch: 4, Batch: 620, Acc: 60.56%, Loss: 2.1399
Epoch: 4, Batch: 630, Acc: 60.54%, Loss: 2.1361
Epoch: 4, Batch: 640, Acc: 60.52%, Loss: 2.1715
Epoch: 4, Batch: 650, Acc: 60.54%, Loss: 2.1116
Epoch: 4, Batch: 660, Acc: 60.58%, Loss: 2.0889
Epoch: 4, Batch: 670, Acc: 60.59%, Loss: 2.1167
Epoch: 4, Batch: 680, Acc: 60.57%, Loss: 2.1351
Epoch: 4, Batch: 690, Acc: 60.54%, Loss: 2.1534
Epoch: 4, Batch: 700, Acc: 60.54%, Loss: 2.1285
Epoch: 4, Batch: 710, Acc: 60.59%, Loss: 2.1175
Epoch: 4, Batch: 720, Acc: 60.57%, Loss: 2.1483
Epoch: 4, Batch: 730, Acc: 60.58%, Loss: 2.1027
Epoch: 4, Batch: 740, Acc: 60.57%, Loss: 2.1133
Epoch: 4, Batch: 750, Acc: 60.57%, Loss: 2.1226
Epoch: 4, Batch: 760, Acc: 60.57%, Loss: 2.1364
Epoch: 4, Batch: 770, Acc: 60.54%, Loss: 2.1334
Epoch: 4, Batch: 780, Acc: 60.54%, Loss: 2.1268
Epoch: 4, Batch: 790, Acc: 60.54%, Loss: 2.1253
Epoch: 4, Batch: 800, Acc: 60.55%, Loss: 2.0958
Epoch: 4, Batch: 810, Acc: 60.54%, Loss: 2.1541
Epoch: 4, Batch: 820, Acc: 60.54%, Loss: 2.1159
Epoch: 4, Batch: 830, Acc: 60.55%, Loss: 2.1075
Epoch: 4, Batch: 840, Acc: 60.59%, Loss: 2.0704
Epoch: 4, Batch: 850, Acc: 60.61%, Loss: 2.1107
Epoch: 4, Batch: 860, Acc: 60.66%, Loss: 2.0852
Epoch: 4, Batch: 870, Acc: 60.64%, Loss: 2.1448
Epoch: 4, Batch: 880, Acc: 60.63%, Loss: 2.1442
Epoch: 4, Batch: 890, Acc: 60.67%, Loss: 2.0929
Epoch: 4, Batch: 900, Acc: 60.68%, Loss: 2.0915
Epoch: 4, Batch: 910, Acc: 60.69%, Loss: 2.1015
Epoch: 4, Batch: 920, Acc: 60.69%, Loss: 2.1089
Epoch: 4, Batch: 930, Acc: 60.69%, Loss: 2.1345
Epoch: 4, Batch: 940, Acc: 60.69%, Loss: 2.1222
Epoch: 4, Batch: 950, Acc: 60.70%, Loss: 2.1098
Epoch: 4, Batch: 960, Acc: 60.72%, Loss: 2.1135
Epoch: 4, Batch: 970, Acc: 60.71%, Loss: 2.1366
Epoch: 4, Batch: 980, Acc: 60.69%, Loss: 2.1535
Epoch: 4, Batch: 990, Acc: 60.73%, Loss: 2.0834
Epoch: 4, Batch: 1000, Acc: 60.75%, Loss: 2.0398
Epoch: 4, Batch: 1010, Acc: 60.71%, Loss: 2.1447
Epoch: 4, Batch: 1020, Acc: 60.73%, Loss: 2.1290
Epoch: 4, Batch: 1030, Acc: 60.73%, Loss: 2.0827
Epoch: 4, Batch: 1040, Acc: 60.74%, Loss: 2.0882
Epoch: 4, Batch: 1050, Acc: 60.74%, Loss: 2.1055
Epoch: 4, Batch: 1060, Acc: 60.74%, Loss: 2.1130
Epoch: 4, Batch: 1070, Acc: 60.76%, Loss: 2.0511
Epoch: 4, Batch: 1080, Acc: 60.78%, Loss: 2.1008
Epoch: 4, Batch: 1090, Acc: 60.78%, Loss: 2.0938
Epoch: 4, Batch: 1100, Acc: 60.76%, Loss: 2.1597
Epoch: 4, Batch: 1110, Acc: 60.76%, Loss: 2.1257
Epoch: 4, Batch: 1120, Acc: 60.75%, Loss: 2.1346
Epoch: 4, Batch: 1130, Acc: 60.73%, Loss: 2.1323
Epoch: 4, Batch: 1140, Acc: 60.72%, Loss: 2.1172
Epoch: 4, Batch: 1150, Acc: 60.74%, Loss: 2.0868
Epoch: 4, Batch: 1160, Acc: 60.72%, Loss: 2.1042
Epoch: 4, Batch: 1170, Acc: 60.74%, Loss: 2.0626
Epoch: 4, Batch: 1180, Acc: 60.71%, Loss: 2.1181
Epoch: 4, Batch: 1190, Acc: 60.72%, Loss: 2.1171
Epoch: 4, Batch: 1200, Acc: 60.73%, Loss: 2.1169
Epoch: 4, Batch: 1210, Acc: 60.72%, Loss: 2.1455
Epoch: 4, Batch: 1220, Acc: 60.71%, Loss: 2.1139
Epoch: 4, Batch: 1230, Acc: 60.69%, Loss: 2.1151
Epoch: 4, Batch: 1240, Acc: 60.69%, Loss: 2.0861
Epoch: 4, Batch: 1250, Acc: 60.70%, Loss: 2.0741
Epoch: 4, Batch: 1260, Acc: 60.70%, Loss: 2.1087
Epoch: 4, Batch: 1270, Acc: 60.71%, Loss: 2.0910
Epoch: 4, Batch: 1280, Acc: 60.73%, Loss: 2.0944
Epoch: 4, Batch: 1290, Acc: 60.75%, Loss: 2.0899
Epoch: 4, Batch: 1300, Acc: 60.76%, Loss: 2.0851
Epoch: 4, Batch: 1310, Acc: 60.76%, Loss: 2.0966
Epoch: 4, Batch: 1320, Acc: 60.76%, Loss: 2.1174
Epoch: 4, Batch: 1330, Acc: 60.75%, Loss: 2.1397
Epoch: 4, Batch: 1340, Acc: 60.75%, Loss: 2.0997
Epoch: 4, Batch: 1350, Acc: 60.75%, Loss: 2.1240
Epoch: 4, Batch: 1360, Acc: 60.75%, Loss: 2.0929
Epoch: 4, Batch: 1370, Acc: 60.78%, Loss: 2.0649
Epoch: 4, Batch: 1380, Acc: 60.78%, Loss: 2.0908
Epoch: 4, Batch: 1390, Acc: 60.77%, Loss: 2.1214
Epoch: 4, Batch: 1400, Acc: 60.77%, Loss: 2.0850
Epoch: 4, Batch: 1410, Acc: 60.79%, Loss: 2.0674
Epoch: 4, Batch: 1420, Acc: 60.79%, Loss: 2.1159
Epoch: 4, Batch: 1430, Acc: 60.78%, Loss: 2.1282
Epoch: 4, Batch: 1440, Acc: 60.76%, Loss: 2.1450
Epoch: 4, Batch: 1450, Acc: 60.76%, Loss: 2.0970
Epoch: 4, Batch: 1460, Acc: 60.73%, Loss: 2.1408
Epoch: 4, Batch: 1470, Acc: 60.74%, Loss: 2.0933
Epoch: 4, Batch: 1480, Acc: 60.73%, Loss: 2.1376
Epoch: 4, Batch: 1490, Acc: 60.78%, Loss: 2.0034
Epoch: 4, Batch: 1500, Acc: 60.78%, Loss: 2.0889
Epoch: 4, Batch: 1510, Acc: 60.77%, Loss: 2.1251
Epoch: 4, Batch: 1520, Acc: 60.77%, Loss: 2.0891
Epoch: 4, Batch: 1530, Acc: 60.79%, Loss: 2.1022
Epoch: 4, Batch: 1540, Acc: 60.80%, Loss: 2.0890
Epoch: 4, Batch: 1550, Acc: 60.79%, Loss: 2.1596
Epoch: 4, Batch: 1560, Acc: 60.80%, Loss: 2.1076
Epoch: 4, Batch: 1570, Acc: 60.80%, Loss: 2.0873
Epoch: 4, Batch: 1580, Acc: 60.81%, Loss: 2.0952
Epoch: 4, Batch: 1590, Acc: 60.81%, Loss: 2.0964
Epoch: 4, Batch: 1600, Acc: 60.82%, Loss: 2.0952
Epoch: 4, Batch: 1610, Acc: 60.82%, Loss: 2.1129
Epoch: 4, Batch: 1620, Acc: 60.81%, Loss: 2.1086
Epoch: 4, Batch: 1630, Acc: 60.81%, Loss: 2.1354
Epoch: 4, Batch: 1640, Acc: 60.81%, Loss: 2.1078
Epoch: 4, Batch: 1650, Acc: 60.82%, Loss: 2.1092
Epoch: 4, Batch: 1660, Acc: 60.83%, Loss: 2.0635
Epoch: 4, Batch: 1670, Acc: 60.85%, Loss: 2.0809
Epoch: 4, Batch: 1680, Acc: 60.86%, Loss: 2.0856
Epoch: 4, Batch: 1690, Acc: 60.88%, Loss: 2.0476
Epoch: 4, Batch: 1700, Acc: 60.89%, Loss: 2.0797
Epoch: 4, Batch: 1710, Acc: 60.89%, Loss: 2.1124
Epoch: 4, Batch: 1720, Acc: 60.89%, Loss: 2.1136
Epoch: 4, Batch: 1730, Acc: 60.89%, Loss: 2.0972
Epoch: 4, Batch: 1740, Acc: 60.89%, Loss: 2.0891
Epoch: 4, Batch: 1750, Acc: 60.89%, Loss: 2.1359
Epoch: 4, Batch: 1760, Acc: 60.89%, Loss: 2.0650
Epoch: 4, Batch: 1770, Acc: 60.90%, Loss: 2.0908
Epoch: 4, Batch: 1780, Acc: 60.88%, Loss: 2.1317
Epoch: 4, Batch: 1790, Acc: 60.87%, Loss: 2.0936
Epoch: 4, Batch: 1800, Acc: 60.87%, Loss: 2.1324
Epoch: 4, Batch: 1810, Acc: 60.86%, Loss: 2.0869
Epoch: 4, Batch: 1820, Acc: 60.87%, Loss: 2.1233
Epoch: 4, Batch: 1830, Acc: 60.86%, Loss: 2.1340
Epoch: 4, Batch: 1840, Acc: 60.87%, Loss: 2.1176
Epoch: 4, Batch: 1850, Acc: 60.88%, Loss: 2.0661
Epoch: 4, Batch: 1860, Acc: 60.89%, Loss: 2.0923
Epoch: 4, Batch: 1870, Acc: 60.88%, Loss: 2.0926
Epoch: 4, Batch: 1880, Acc: 60.88%, Loss: 2.0671
Epoch: 4, Batch: 1890, Acc: 60.89%, Loss: 2.0898
Epoch: 4, Batch: 1900, Acc: 60.89%, Loss: 2.1028
Epoch: 4, Batch: 1910, Acc: 60.89%, Loss: 2.0728
Epoch: 4, Batch: 1920, Acc: 60.90%, Loss: 2.0801
Epoch: 4, Batch: 1930, Acc: 60.89%, Loss: 2.1241
Epoch: 4, Batch: 1940, Acc: 60.89%, Loss: 2.0853
Epoch: 4, Batch: 1950, Acc: 60.90%, Loss: 2.0868
Epoch: 4, Batch: 1960, Acc: 60.90%, Loss: 2.0572
Epoch: 4, Batch: 1970, Acc: 60.92%, Loss: 2.0661
Epoch: 4, Batch: 1980, Acc: 60.91%, Loss: 2.1015
Epoch: 4, Batch: 1990, Acc: 60.92%, Loss: 2.0759
Epoch: 4, Batch: 2000, Acc: 60.93%, Loss: 2.1122
Epoch: 4, Batch: 2010, Acc: 60.90%, Loss: 2.1040
Epoch: 4, Batch: 2020, Acc: 60.91%, Loss: 2.0868
Epoch: 4, Batch: 2030, Acc: 60.89%, Loss: 2.1149
Epoch: 4, Batch: 2040, Acc: 60.89%, Loss: 2.0894
Epoch: 4, Batch: 2050, Acc: 60.89%, Loss: 2.0893
Epoch: 4, Batch: 2060, Acc: 60.89%, Loss: 2.0830
Epoch: 4, Batch: 2070, Acc: 60.88%, Loss: 2.1112
Epoch: 4, Batch: 2080, Acc: 60.89%, Loss: 2.0555
Epoch: 4, Batch: 2090, Acc: 60.90%, Loss: 2.0882
Epoch: 4, Batch: 2100, Acc: 60.91%, Loss: 2.0632
Epoch: 4, Batch: 2110, Acc: 60.92%, Loss: 2.0903
Epoch: 4, Batch: 2120, Acc: 60.91%, Loss: 2.1249
Epoch: 4, Batch: 2130, Acc: 60.91%, Loss: 2.1335
Epoch: 4, Batch: 2140, Acc: 60.90%, Loss: 2.0985
Epoch: 4, Batch: 2150, Acc: 60.91%, Loss: 2.0730
Epoch: 4, Batch: 2160, Acc: 60.90%, Loss: 2.1165
Epoch: 4, Batch: 2170, Acc: 60.91%, Loss: 2.0609
Epoch: 4, Batch: 2180, Acc: 60.91%, Loss: 2.1189
Epoch: 4, Batch: 2190, Acc: 60.91%, Loss: 2.0850
Epoch: 4, Batch: 2200, Acc: 60.90%, Loss: 2.1176
Epoch: 4, Batch: 2210, Acc: 60.91%, Loss: 2.0584
Epoch: 4, Batch: 2220, Acc: 60.91%, Loss: 2.0822
Epoch: 4, Batch: 2230, Acc: 60.92%, Loss: 2.0973
Epoch: 4, Batch: 2240, Acc: 60.92%, Loss: 2.0746
Epoch: 4, Batch: 2250, Acc: 60.93%, Loss: 2.0807
Epoch: 4, Batch: 2260, Acc: 60.94%, Loss: 2.0983
Epoch: 4, Batch: 2270, Acc: 60.93%, Loss: 2.1016
Epoch: 4, Batch: 2280, Acc: 60.92%, Loss: 2.1105
Epoch: 4, Batch: 2290, Acc: 60.92%, Loss: 2.0897
Epoch: 4, Batch: 2300, Acc: 60.92%, Loss: 2.0670
Epoch: 4, Batch: 2310, Acc: 60.92%, Loss: 2.0816
Epoch: 4, Batch: 2320, Acc: 60.94%, Loss: 2.0326
Epoch: 4, Batch: 2330, Acc: 60.94%, Loss: 2.0583
Epoch: 4, Batch: 2340, Acc: 60.94%, Loss: 2.0834
Epoch: 4, Batch: 2350, Acc: 60.93%, Loss: 2.1543
Epoch: 4, Batch: 2360, Acc: 60.93%, Loss: 2.0516
Epoch: 4, Batch: 2370, Acc: 60.92%, Loss: 2.1026
Epoch: 4, Batch: 2380, Acc: 60.93%, Loss: 2.1139
Epoch: 4, Batch: 2390, Acc: 60.93%, Loss: 2.1083
Epoch: 4, Batch: 2400, Acc: 60.92%, Loss: 2.1144
Epoch: 4, Batch: 2410, Acc: 60.92%, Loss: 2.1083
Epoch: 4, Batch: 2420, Acc: 60.92%, Loss: 2.1354
Epoch: 4, Batch: 2430, Acc: 60.93%, Loss: 2.0354
Epoch: 4, Batch: 2440, Acc: 60.93%, Loss: 2.0803
Epoch: 4, Batch: 2450, Acc: 60.93%, Loss: 2.0969
Epoch: 4, Batch: 2460, Acc: 60.93%, Loss: 2.0849
Epoch: 4, Batch: 2470, Acc: 60.92%, Loss: 2.1083
Epoch: 4, Batch: 2480, Acc: 60.93%, Loss: 2.0723
Epoch: 4, Batch: 2490, Acc: 60.94%, Loss: 2.0889
Epoch: 4, Batch: 2500, Acc: 60.94%, Loss: 2.1110
Epoch: 4, Batch: 2510, Acc: 60.93%, Loss: 2.1000
Epoch: 4, Batch: 2520, Acc: 60.93%, Loss: 2.0743
Epoch: 4, Batch: 2530, Acc: 60.93%, Loss: 2.1015
Epoch: 4, Batch: 2540, Acc: 60.92%, Loss: 2.0887
Epoch: 4, Batch: 2550, Acc: 60.94%, Loss: 2.0618
Epoch: 4, Batch: 2560, Acc: 60.93%, Loss: 2.0825
Epoch: 4, Batch: 2570, Acc: 60.94%, Loss: 2.0505
Epoch: 4, Batch: 2580, Acc: 60.93%, Loss: 2.1314
Epoch: 4, Batch: 2590, Acc: 60.92%, Loss: 2.0823
Epoch: 4, Batch: 2600, Acc: 60.92%, Loss: 2.1019
Epoch: 4, Batch: 2610, Acc: 60.91%, Loss: 2.1036
Epoch: 4, Batch: 2620, Acc: 60.92%, Loss: 2.0709
Epoch: 4, Batch: 2630, Acc: 60.91%, Loss: 2.0973
Epoch: 4, Batch: 2640, Acc: 60.92%, Loss: 2.0620
Epoch: 4, Batch: 2650, Acc: 60.91%, Loss: 2.1182
Epoch: 4, Batch: 2660, Acc: 60.93%, Loss: 2.0890
Epoch: 4, Batch: 2670, Acc: 60.93%, Loss: 2.0760
Epoch: 4, Batch: 2680, Acc: 60.94%, Loss: 2.0670
Epoch: 4, Batch: 2690, Acc: 60.93%, Loss: 2.1125
Epoch: 4, Batch: 2700, Acc: 60.94%, Loss: 2.0364
Epoch: 4, Batch: 2710, Acc: 60.93%, Loss: 2.1055
Epoch: 4, Batch: 2720, Acc: 60.92%, Loss: 2.1129
Epoch: 4, Batch: 2730, Acc: 60.91%, Loss: 2.1007
Epoch: 4, Batch: 2740, Acc: 60.92%, Loss: 2.1053
Epoch: 4, Batch: 2750, Acc: 60.93%, Loss: 2.0664
Epoch: 4, Batch: 2760, Acc: 60.92%, Loss: 2.0827
Epoch: 4, Batch: 2770, Acc: 60.93%, Loss: 2.0765
Epoch: 4, Batch: 2780, Acc: 60.92%, Loss: 2.1279
Epoch: 4, Batch: 2790, Acc: 60.91%, Loss: 2.1009
Epoch: 4, Batch: 2800, Acc: 60.91%, Loss: 2.0896
Epoch: 4, Batch: 2810, Acc: 60.91%, Loss: 2.1090
Epoch: 4, Batch: 2820, Acc: 60.92%, Loss: 2.0727
Epoch: 4, Batch: 2830, Acc: 60.91%, Loss: 2.1181
Epoch: 4, Batch: 2840, Acc: 60.91%, Loss: 2.1026
Epoch: 4, Batch: 2850, Acc: 60.93%, Loss: 2.0382
Epoch: 4, Batch: 2860, Acc: 60.93%, Loss: 2.0880
Epoch: 4, Batch: 2870, Acc: 60.93%, Loss: 2.1015
Epoch: 4, Batch: 2880, Acc: 60.94%, Loss: 2.0878
Epoch 4: val_acc=0.6241, best_val_acc=0.6241, es_counter=0
Epoch: 5, Batch: 10, Acc: 65.31%, Loss: 2.0493
Epoch: 5, Batch: 20, Acc: 62.34%, Loss: 2.1060
Epoch: 5, Batch: 30, Acc: 63.02%, Loss: 2.0789
Epoch: 5, Batch: 40, Acc: 62.38%, Loss: 2.0945
Epoch: 5, Batch: 50, Acc: 62.19%, Loss: 2.1143
Epoch: 5, Batch: 60, Acc: 61.95%, Loss: 2.0898
Epoch: 5, Batch: 70, Acc: 61.70%, Loss: 2.0854
Epoch: 5, Batch: 80, Acc: 61.60%, Loss: 2.1078
Epoch: 5, Batch: 90, Acc: 61.70%, Loss: 2.1044
Epoch: 5, Batch: 100, Acc: 61.58%, Loss: 2.0778
Epoch: 5, Batch: 110, Acc: 61.55%, Loss: 2.1175
Epoch: 5, Batch: 120, Acc: 61.20%, Loss: 2.1568
Epoch: 5, Batch: 130, Acc: 61.49%, Loss: 2.0419
Epoch: 5, Batch: 140, Acc: 61.41%, Loss: 2.1209
Epoch: 5, Batch: 150, Acc: 61.47%, Loss: 2.0910
Epoch: 5, Batch: 160, Acc: 61.52%, Loss: 2.0597
Epoch: 5, Batch: 170, Acc: 61.55%, Loss: 2.0946
Epoch: 5, Batch: 180, Acc: 61.41%, Loss: 2.0904
Epoch: 5, Batch: 190, Acc: 61.37%, Loss: 2.0950
Epoch: 5, Batch: 200, Acc: 61.30%, Loss: 2.1120
Epoch: 5, Batch: 210, Acc: 61.21%, Loss: 2.1157
Epoch: 5, Batch: 220, Acc: 61.20%, Loss: 2.0559
Epoch: 5, Batch: 230, Acc: 61.30%, Loss: 2.0725
Epoch: 5, Batch: 240, Acc: 61.31%, Loss: 2.0865
Epoch: 5, Batch: 250, Acc: 61.27%, Loss: 2.0869
Epoch: 5, Batch: 260, Acc: 61.30%, Loss: 2.0911
Epoch: 5, Batch: 270, Acc: 61.30%, Loss: 2.0869
Epoch: 5, Batch: 280, Acc: 61.29%, Loss: 2.0620
Epoch: 5, Batch: 290, Acc: 61.37%, Loss: 2.0278
Epoch: 5, Batch: 300, Acc: 61.39%, Loss: 2.0936
Epoch: 5, Batch: 310, Acc: 61.40%, Loss: 2.0900
Epoch: 5, Batch: 320, Acc: 61.54%, Loss: 2.0201
Epoch: 5, Batch: 330, Acc: 61.49%, Loss: 2.0818
Epoch: 5, Batch: 340, Acc: 61.44%, Loss: 2.0990
Epoch: 5, Batch: 350, Acc: 61.46%, Loss: 2.0745
Epoch: 5, Batch: 360, Acc: 61.45%, Loss: 2.0858
Epoch: 5, Batch: 370, Acc: 61.46%, Loss: 2.0593
Epoch: 5, Batch: 380, Acc: 61.56%, Loss: 2.0289
Epoch: 5, Batch: 390, Acc: 61.61%, Loss: 2.0630
Epoch: 5, Batch: 400, Acc: 61.65%, Loss: 2.0583
Epoch: 5, Batch: 410, Acc: 61.66%, Loss: 2.0896
Epoch: 5, Batch: 420, Acc: 61.74%, Loss: 2.0324
Epoch: 5, Batch: 430, Acc: 61.73%, Loss: 2.0927
Epoch: 5, Batch: 440, Acc: 61.78%, Loss: 2.0557
Epoch: 5, Batch: 450, Acc: 61.79%, Loss: 2.0608
Epoch: 5, Batch: 460, Acc: 61.74%, Loss: 2.0772
Epoch: 5, Batch: 470, Acc: 61.74%, Loss: 2.0810
Epoch: 5, Batch: 480, Acc: 61.74%, Loss: 2.0602
Epoch: 5, Batch: 490, Acc: 61.75%, Loss: 2.0725
Epoch: 5, Batch: 500, Acc: 61.75%, Loss: 2.0678
Epoch: 5, Batch: 510, Acc: 61.83%, Loss: 2.0276
Epoch: 5, Batch: 520, Acc: 61.81%, Loss: 2.0861
Epoch: 5, Batch: 530, Acc: 61.74%, Loss: 2.1339
Epoch: 5, Batch: 540, Acc: 61.70%, Loss: 2.1171
Epoch: 5, Batch: 550, Acc: 61.68%, Loss: 2.0639
Epoch: 5, Batch: 560, Acc: 61.69%, Loss: 2.0790
Epoch: 5, Batch: 570, Acc: 61.71%, Loss: 2.0380
Epoch: 5, Batch: 580, Acc: 61.73%, Loss: 2.0577
Epoch: 5, Batch: 590, Acc: 61.73%, Loss: 2.0783
Epoch: 5, Batch: 600, Acc: 61.74%, Loss: 2.0980
Epoch: 5, Batch: 610, Acc: 61.79%, Loss: 2.0635
Epoch: 5, Batch: 620, Acc: 61.79%, Loss: 2.0647
Epoch: 5, Batch: 630, Acc: 61.82%, Loss: 2.0471
Epoch: 5, Batch: 640, Acc: 61.87%, Loss: 2.0579
Epoch: 5, Batch: 650, Acc: 61.90%, Loss: 2.0447
Epoch: 5, Batch: 660, Acc: 61.90%, Loss: 2.0793
Epoch: 5, Batch: 670, Acc: 61.88%, Loss: 2.0692
Epoch: 5, Batch: 680, Acc: 61.89%, Loss: 2.0485
Epoch: 5, Batch: 690, Acc: 61.89%, Loss: 2.0916
Epoch: 5, Batch: 700, Acc: 61.93%, Loss: 2.0643
Epoch: 5, Batch: 710, Acc: 61.94%, Loss: 2.0581
Epoch: 5, Batch: 720, Acc: 61.93%, Loss: 2.0887
Epoch: 5, Batch: 730, Acc: 61.93%, Loss: 2.0895
Epoch: 5, Batch: 740, Acc: 61.93%, Loss: 2.0864
Epoch: 5, Batch: 750, Acc: 61.91%, Loss: 2.0707
Epoch: 5, Batch: 760, Acc: 61.90%, Loss: 2.0979
Epoch: 5, Batch: 770, Acc: 61.90%, Loss: 2.0990
Epoch: 5, Batch: 780, Acc: 61.88%, Loss: 2.1181
Epoch: 5, Batch: 790, Acc: 61.88%, Loss: 2.0667
Epoch: 5, Batch: 800, Acc: 61.87%, Loss: 2.0470
Epoch: 5, Batch: 810, Acc: 61.88%, Loss: 2.0671
Epoch: 5, Batch: 820, Acc: 61.88%, Loss: 2.0627
Epoch: 5, Batch: 830, Acc: 61.89%, Loss: 2.0400
Epoch: 5, Batch: 840, Acc: 61.85%, Loss: 2.1033
Epoch: 5, Batch: 850, Acc: 61.86%, Loss: 2.0378
Epoch: 5, Batch: 860, Acc: 61.84%, Loss: 2.0944
Epoch: 5, Batch: 870, Acc: 61.83%, Loss: 2.0726
Epoch: 5, Batch: 880, Acc: 61.85%, Loss: 2.0685
Epoch: 5, Batch: 890, Acc: 61.80%, Loss: 2.0972
Epoch: 5, Batch: 900, Acc: 61.76%, Loss: 2.1187
Epoch: 5, Batch: 910, Acc: 61.78%, Loss: 2.0371
Epoch: 5, Batch: 920, Acc: 61.78%, Loss: 2.0953
Epoch: 5, Batch: 930, Acc: 61.81%, Loss: 2.0617
Epoch: 5, Batch: 940, Acc: 61.81%, Loss: 2.0734
Epoch: 5, Batch: 950, Acc: 61.79%, Loss: 2.0909
Epoch: 5, Batch: 960, Acc: 61.80%, Loss: 2.0662
Epoch: 5, Batch: 970, Acc: 61.77%, Loss: 2.0991
Epoch: 5, Batch: 980, Acc: 61.78%, Loss: 2.0622
Epoch: 5, Batch: 990, Acc: 61.76%, Loss: 2.0817
Epoch: 5, Batch: 1000, Acc: 61.74%, Loss: 2.0982
Epoch: 5, Batch: 1010, Acc: 61.77%, Loss: 2.0557
Epoch: 5, Batch: 1020, Acc: 61.77%, Loss: 2.0630
Epoch: 5, Batch: 1030, Acc: 61.76%, Loss: 2.1106
Epoch: 5, Batch: 1040, Acc: 61.72%, Loss: 2.0968
Epoch: 5, Batch: 1050, Acc: 61.74%, Loss: 2.0656
Epoch: 5, Batch: 1060, Acc: 61.72%, Loss: 2.1043
Epoch: 5, Batch: 1070, Acc: 61.74%, Loss: 2.0454
Epoch: 5, Batch: 1080, Acc: 61.74%, Loss: 2.0533
Epoch: 5, Batch: 1090, Acc: 61.75%, Loss: 2.0411
Epoch: 5, Batch: 1100, Acc: 61.73%, Loss: 2.1045
Epoch: 5, Batch: 1110, Acc: 61.73%, Loss: 2.0366
Epoch: 5, Batch: 1120, Acc: 61.71%, Loss: 2.0962
Epoch: 5, Batch: 1130, Acc: 61.73%, Loss: 2.0861
Epoch: 5, Batch: 1140, Acc: 61.73%, Loss: 2.0936
Epoch: 5, Batch: 1150, Acc: 61.71%, Loss: 2.0921
Epoch: 5, Batch: 1160, Acc: 61.73%, Loss: 2.0174
Epoch: 5, Batch: 1170, Acc: 61.74%, Loss: 2.0772
Epoch: 5, Batch: 1180, Acc: 61.73%, Loss: 2.0454
Epoch: 5, Batch: 1190, Acc: 61.71%, Loss: 2.1290
Epoch: 5, Batch: 1200, Acc: 61.70%, Loss: 2.0988
Epoch: 5, Batch: 1210, Acc: 61.70%, Loss: 2.1062
Epoch: 5, Batch: 1220, Acc: 61.70%, Loss: 2.0765
Epoch: 5, Batch: 1230, Acc: 61.74%, Loss: 2.0162
Epoch: 5, Batch: 1240, Acc: 61.72%, Loss: 2.1304
Epoch: 5, Batch: 1250, Acc: 61.71%, Loss: 2.0860
Epoch: 5, Batch: 1260, Acc: 61.71%, Loss: 2.0709
Epoch: 5, Batch: 1270, Acc: 61.71%, Loss: 2.0972
Epoch: 5, Batch: 1280, Acc: 61.72%, Loss: 2.0890
Epoch: 5, Batch: 1290, Acc: 61.70%, Loss: 2.0890
Epoch: 5, Batch: 1300, Acc: 61.72%, Loss: 2.0889
Epoch: 5, Batch: 1310, Acc: 61.70%, Loss: 2.1147
Epoch: 5, Batch: 1320, Acc: 61.69%, Loss: 2.0851
Epoch: 5, Batch: 1330, Acc: 61.72%, Loss: 2.0192
Epoch: 5, Batch: 1340, Acc: 61.70%, Loss: 2.1007
Epoch: 5, Batch: 1350, Acc: 61.71%, Loss: 2.0576
Epoch: 5, Batch: 1360, Acc: 61.72%, Loss: 2.0650
Epoch: 5, Batch: 1370, Acc: 61.72%, Loss: 2.0682
Epoch: 5, Batch: 1380, Acc: 61.73%, Loss: 2.0472
Epoch: 5, Batch: 1390, Acc: 61.74%, Loss: 2.0354
Epoch: 5, Batch: 1400, Acc: 61.75%, Loss: 2.0534
Epoch: 5, Batch: 1410, Acc: 61.75%, Loss: 2.0865
Epoch: 5, Batch: 1420, Acc: 61.74%, Loss: 2.1110
Epoch: 5, Batch: 1430, Acc: 61.74%, Loss: 2.0817
Epoch: 5, Batch: 1440, Acc: 61.74%, Loss: 2.0586
Epoch: 5, Batch: 1450, Acc: 61.74%, Loss: 2.0773
Epoch: 5, Batch: 1460, Acc: 61.72%, Loss: 2.1314
Epoch: 5, Batch: 1470, Acc: 61.72%, Loss: 2.0534
Epoch: 5, Batch: 1480, Acc: 61.71%, Loss: 2.1064
Epoch: 5, Batch: 1490, Acc: 61.71%, Loss: 2.0687
Epoch: 5, Batch: 1500, Acc: 61.71%, Loss: 2.1049
Epoch: 5, Batch: 1510, Acc: 61.70%, Loss: 2.1086
Epoch: 5, Batch: 1520, Acc: 61.69%, Loss: 2.1230
Epoch: 5, Batch: 1530, Acc: 61.69%, Loss: 2.0677
Epoch: 5, Batch: 1540, Acc: 61.70%, Loss: 2.0511
Epoch: 5, Batch: 1550, Acc: 61.72%, Loss: 2.0474
Epoch: 5, Batch: 1560, Acc: 61.71%, Loss: 2.1080
Epoch: 5, Batch: 1570, Acc: 61.72%, Loss: 2.0563
Epoch: 5, Batch: 1580, Acc: 61.73%, Loss: 2.0228
Epoch: 5, Batch: 1590, Acc: 61.74%, Loss: 2.0629
Epoch: 5, Batch: 1600, Acc: 61.74%, Loss: 2.0364
Epoch: 5, Batch: 1610, Acc: 61.76%, Loss: 2.0582
Epoch: 5, Batch: 1620, Acc: 61.77%, Loss: 2.0412
Epoch: 5, Batch: 1630, Acc: 61.77%, Loss: 2.0470
Epoch: 5, Batch: 1640, Acc: 61.78%, Loss: 2.0726
Epoch: 5, Batch: 1650, Acc: 61.78%, Loss: 2.0913
Epoch: 5, Batch: 1660, Acc: 61.78%, Loss: 2.0601
Epoch: 5, Batch: 1670, Acc: 61.79%, Loss: 2.0650
Epoch: 5, Batch: 1680, Acc: 61.81%, Loss: 2.0538
Epoch: 5, Batch: 1690, Acc: 61.81%, Loss: 2.0607
Epoch: 5, Batch: 1700, Acc: 61.82%, Loss: 2.0853
Epoch: 5, Batch: 1710, Acc: 61.83%, Loss: 2.0577
Epoch: 5, Batch: 1720, Acc: 61.83%, Loss: 2.0668
Epoch: 5, Batch: 1730, Acc: 61.82%, Loss: 2.0737
Epoch: 5, Batch: 1740, Acc: 61.83%, Loss: 2.0476
Epoch: 5, Batch: 1750, Acc: 61.83%, Loss: 2.1061
Epoch: 5, Batch: 1760, Acc: 61.84%, Loss: 2.0407
Epoch: 5, Batch: 1770, Acc: 61.83%, Loss: 2.0757
Epoch: 5, Batch: 1780, Acc: 61.84%, Loss: 2.0279
Epoch: 5, Batch: 1790, Acc: 61.85%, Loss: 2.0597
Epoch: 5, Batch: 1800, Acc: 61.84%, Loss: 2.0749
Epoch: 5, Batch: 1810, Acc: 61.81%, Loss: 2.1456
Epoch: 5, Batch: 1820, Acc: 61.81%, Loss: 2.0575
Epoch: 5, Batch: 1830, Acc: 61.82%, Loss: 2.0178
Epoch: 5, Batch: 1840, Acc: 61.79%, Loss: 2.1005
Epoch: 5, Batch: 1850, Acc: 61.80%, Loss: 2.0519
Epoch: 5, Batch: 1860, Acc: 61.80%, Loss: 2.0541
Epoch: 5, Batch: 1870, Acc: 61.80%, Loss: 2.0707
Epoch: 5, Batch: 1880, Acc: 61.79%, Loss: 2.0953
Epoch: 5, Batch: 1890, Acc: 61.80%, Loss: 2.0485
Epoch: 5, Batch: 1900, Acc: 61.79%, Loss: 2.0728
Epoch: 5, Batch: 1910, Acc: 61.80%, Loss: 2.0670
Epoch: 5, Batch: 1920, Acc: 61.80%, Loss: 2.0831
Epoch: 5, Batch: 1930, Acc: 61.82%, Loss: 2.0125
Epoch: 5, Batch: 1940, Acc: 61.83%, Loss: 2.0405
Epoch: 5, Batch: 1950, Acc: 61.85%, Loss: 2.0052
Epoch: 5, Batch: 1960, Acc: 61.85%, Loss: 2.0681
Epoch: 5, Batch: 1970, Acc: 61.85%, Loss: 2.0940
Epoch: 5, Batch: 1980, Acc: 61.84%, Loss: 2.0951
Epoch: 5, Batch: 1990, Acc: 61.85%, Loss: 2.0552
Epoch: 5, Batch: 2000, Acc: 61.84%, Loss: 2.0957
Epoch: 5, Batch: 2010, Acc: 61.84%, Loss: 2.0656
Epoch: 5, Batch: 2020, Acc: 61.84%, Loss: 2.0420
Epoch: 5, Batch: 2030, Acc: 61.83%, Loss: 2.0678
Epoch: 5, Batch: 2040, Acc: 61.83%, Loss: 2.0580
Epoch: 5, Batch: 2050, Acc: 61.83%, Loss: 2.0592
Epoch: 5, Batch: 2060, Acc: 61.83%, Loss: 2.0558
Epoch: 5, Batch: 2070, Acc: 61.83%, Loss: 2.0556
Epoch: 5, Batch: 2080, Acc: 61.82%, Loss: 2.0838
Epoch: 5, Batch: 2090, Acc: 61.82%, Loss: 2.0545
Epoch: 5, Batch: 2100, Acc: 61.82%, Loss: 2.0342
Epoch: 5, Batch: 2110, Acc: 61.83%, Loss: 2.0505
Epoch: 5, Batch: 2120, Acc: 61.84%, Loss: 2.0061
Epoch: 5, Batch: 2130, Acc: 61.84%, Loss: 2.0684
Epoch: 5, Batch: 2140, Acc: 61.85%, Loss: 2.0499
Epoch: 5, Batch: 2150, Acc: 61.85%, Loss: 2.0327
Epoch: 5, Batch: 2160, Acc: 61.86%, Loss: 2.0286
Epoch: 5, Batch: 2170, Acc: 61.86%, Loss: 2.0526
Epoch: 5, Batch: 2180, Acc: 61.86%, Loss: 2.0658
Epoch: 5, Batch: 2190, Acc: 61.86%, Loss: 2.0760
Epoch: 5, Batch: 2200, Acc: 61.86%, Loss: 2.0282
Epoch: 5, Batch: 2210, Acc: 61.87%, Loss: 2.0603
Epoch: 5, Batch: 2220, Acc: 61.87%, Loss: 2.0502
Epoch: 5, Batch: 2230, Acc: 61.88%, Loss: 2.0634
Epoch: 5, Batch: 2240, Acc: 61.88%, Loss: 2.0377
Epoch: 5, Batch: 2250, Acc: 61.90%, Loss: 2.0400
Epoch: 5, Batch: 2260, Acc: 61.91%, Loss: 2.0375
Epoch: 5, Batch: 2270, Acc: 61.90%, Loss: 2.1260
Epoch: 5, Batch: 2280, Acc: 61.91%, Loss: 2.0168
Epoch: 5, Batch: 2290, Acc: 61.91%, Loss: 2.0829
Epoch: 5, Batch: 2300, Acc: 61.90%, Loss: 2.0759
Epoch: 5, Batch: 2310, Acc: 61.92%, Loss: 2.0298
Epoch: 5, Batch: 2320, Acc: 61.91%, Loss: 2.0960
Epoch: 5, Batch: 2330, Acc: 61.92%, Loss: 2.0377
Epoch: 5, Batch: 2340, Acc: 61.91%, Loss: 2.0646
Epoch: 5, Batch: 2350, Acc: 61.92%, Loss: 2.0556
Epoch: 5, Batch: 2360, Acc: 61.93%, Loss: 2.0442
Epoch: 5, Batch: 2370, Acc: 61.94%, Loss: 2.0247
Epoch: 5, Batch: 2380, Acc: 61.96%, Loss: 1.9996
Epoch: 5, Batch: 2390, Acc: 61.97%, Loss: 2.0771
Epoch: 5, Batch: 2400, Acc: 61.97%, Loss: 2.0310
Epoch: 5, Batch: 2410, Acc: 61.98%, Loss: 2.0560
Epoch: 5, Batch: 2420, Acc: 61.99%, Loss: 2.0702
Epoch: 5, Batch: 2430, Acc: 61.99%, Loss: 2.0691
Epoch: 5, Batch: 2440, Acc: 61.99%, Loss: 2.0702
Epoch: 5, Batch: 2450, Acc: 62.01%, Loss: 2.0266
Epoch: 5, Batch: 2460, Acc: 62.01%, Loss: 2.0343
Epoch: 5, Batch: 2470, Acc: 62.02%, Loss: 2.0659
Epoch: 5, Batch: 2480, Acc: 62.03%, Loss: 2.0443
Epoch: 5, Batch: 2490, Acc: 62.01%, Loss: 2.1042
Epoch: 5, Batch: 2500, Acc: 62.02%, Loss: 2.0385
Epoch: 5, Batch: 2510, Acc: 62.01%, Loss: 2.1224
Epoch: 5, Batch: 2520, Acc: 62.01%, Loss: 2.0571
Epoch: 5, Batch: 2530, Acc: 62.01%, Loss: 2.0397
Epoch: 5, Batch: 2540, Acc: 62.00%, Loss: 2.0764
Epoch: 5, Batch: 2550, Acc: 62.00%, Loss: 2.0678
Epoch: 5, Batch: 2560, Acc: 62.01%, Loss: 2.0482
Epoch: 5, Batch: 2570, Acc: 62.02%, Loss: 2.0466
Epoch: 5, Batch: 2580, Acc: 62.02%, Loss: 2.0738
Epoch: 5, Batch: 2590, Acc: 62.01%, Loss: 2.0793
Epoch: 5, Batch: 2600, Acc: 62.02%, Loss: 2.0515
Epoch: 5, Batch: 2610, Acc: 62.02%, Loss: 2.0420
Epoch: 5, Batch: 2620, Acc: 62.02%, Loss: 2.0704
Epoch: 5, Batch: 2630, Acc: 62.02%, Loss: 2.0407
Epoch: 5, Batch: 2640, Acc: 62.03%, Loss: 2.0480
Epoch: 5, Batch: 2650, Acc: 62.03%, Loss: 2.0570
Epoch: 5, Batch: 2660, Acc: 62.05%, Loss: 2.0359
Epoch: 5, Batch: 2670, Acc: 62.06%, Loss: 2.0692
Epoch: 5, Batch: 2680, Acc: 62.05%, Loss: 2.0620
Epoch: 5, Batch: 2690, Acc: 62.06%, Loss: 2.0224
Epoch: 5, Batch: 2700, Acc: 62.07%, Loss: 2.0317
Epoch: 5, Batch: 2710, Acc: 62.06%, Loss: 2.1088
Epoch: 5, Batch: 2720, Acc: 62.06%, Loss: 2.0575
Epoch: 5, Batch: 2730, Acc: 62.07%, Loss: 2.0528
Epoch: 5, Batch: 2740, Acc: 62.07%, Loss: 2.0165
Epoch: 5, Batch: 2750, Acc: 62.08%, Loss: 2.0309
Epoch: 5, Batch: 2760, Acc: 62.08%, Loss: 2.0576
Epoch: 5, Batch: 2770, Acc: 62.08%, Loss: 2.0680
Epoch: 5, Batch: 2780, Acc: 62.09%, Loss: 2.0470
Epoch: 5, Batch: 2790, Acc: 62.10%, Loss: 2.0024
Epoch: 5, Batch: 2800, Acc: 62.09%, Loss: 2.0751
Epoch: 5, Batch: 2810, Acc: 62.10%, Loss: 2.0538
Epoch: 5, Batch: 2820, Acc: 62.10%, Loss: 2.0535
Epoch: 5, Batch: 2830, Acc: 62.11%, Loss: 2.0312
Epoch: 5, Batch: 2840, Acc: 62.11%, Loss: 2.0744
Epoch: 5, Batch: 2850, Acc: 62.11%, Loss: 2.0725
Epoch: 5, Batch: 2860, Acc: 62.11%, Loss: 2.0838
Epoch: 5, Batch: 2870, Acc: 62.11%, Loss: 2.0560
Epoch: 5, Batch: 2880, Acc: 62.11%, Loss: 2.0658
Epoch 5: val_acc=0.6339, best_val_acc=0.6241, es_counter=1
Epoch: 6, Batch: 10, Acc: 67.50%, Loss: 1.9955
Epoch: 6, Batch: 20, Acc: 65.47%, Loss: 2.0511
Epoch: 6, Batch: 30, Acc: 64.84%, Loss: 2.0525
Epoch: 6, Batch: 40, Acc: 64.84%, Loss: 2.0382
Epoch: 6, Batch: 50, Acc: 64.56%, Loss: 2.0614
Epoch: 6, Batch: 60, Acc: 64.79%, Loss: 2.0036
Epoch: 6, Batch: 70, Acc: 64.35%, Loss: 2.0585
Epoch: 6, Batch: 80, Acc: 63.63%, Loss: 2.1065
Epoch: 6, Batch: 90, Acc: 63.45%, Loss: 2.0703
Epoch: 6, Batch: 100, Acc: 63.64%, Loss: 2.0131
Epoch: 6, Batch: 110, Acc: 63.62%, Loss: 2.0626
Epoch: 6, Batch: 120, Acc: 63.39%, Loss: 2.0710
Epoch: 6, Batch: 130, Acc: 63.19%, Loss: 2.0755
Epoch: 6, Batch: 140, Acc: 63.05%, Loss: 2.0771
Epoch: 6, Batch: 150, Acc: 62.96%, Loss: 2.0899
Epoch: 6, Batch: 160, Acc: 63.00%, Loss: 2.0259
Epoch: 6, Batch: 170, Acc: 63.07%, Loss: 2.0572
Epoch: 6, Batch: 180, Acc: 63.23%, Loss: 2.0242
Epoch: 6, Batch: 190, Acc: 63.22%, Loss: 2.0476
Epoch: 6, Batch: 200, Acc: 63.27%, Loss: 2.0469
Epoch: 6, Batch: 210, Acc: 63.32%, Loss: 2.0139
Epoch: 6, Batch: 220, Acc: 63.31%, Loss: 2.0591
Epoch: 6, Batch: 230, Acc: 63.26%, Loss: 2.0419
Epoch: 6, Batch: 240, Acc: 63.40%, Loss: 1.9910
Epoch: 6, Batch: 250, Acc: 63.23%, Loss: 2.1108
Epoch: 6, Batch: 260, Acc: 63.24%, Loss: 2.0309
Epoch: 6, Batch: 270, Acc: 63.20%, Loss: 2.0657
Epoch: 6, Batch: 280, Acc: 63.20%, Loss: 2.0408
Epoch: 6, Batch: 290, Acc: 63.35%, Loss: 2.0482
Epoch: 6, Batch: 300, Acc: 63.28%, Loss: 2.0598
Epoch: 6, Batch: 310, Acc: 63.31%, Loss: 2.0522
Epoch: 6, Batch: 320, Acc: 63.29%, Loss: 2.0741
Epoch: 6, Batch: 330, Acc: 63.30%, Loss: 2.0586
Epoch: 6, Batch: 340, Acc: 63.15%, Loss: 2.0912
Epoch: 6, Batch: 350, Acc: 63.13%, Loss: 2.0223
Epoch: 6, Batch: 360, Acc: 63.15%, Loss: 2.0427
Epoch: 6, Batch: 370, Acc: 63.15%, Loss: 2.0249
Epoch: 6, Batch: 380, Acc: 63.12%, Loss: 2.0537
Epoch: 6, Batch: 390, Acc: 63.14%, Loss: 2.0424
Epoch: 6, Batch: 400, Acc: 63.25%, Loss: 2.0151
Epoch: 6, Batch: 410, Acc: 63.24%, Loss: 2.0493
Epoch: 6, Batch: 420, Acc: 63.28%, Loss: 2.0105
Epoch: 6, Batch: 430, Acc: 63.23%, Loss: 2.0599
Epoch: 6, Batch: 440, Acc: 63.26%, Loss: 2.0596
Epoch: 6, Batch: 450, Acc: 63.26%, Loss: 2.0671
Epoch: 6, Batch: 460, Acc: 63.20%, Loss: 2.0797
Epoch: 6, Batch: 470, Acc: 63.19%, Loss: 2.0321
Epoch: 6, Batch: 480, Acc: 63.21%, Loss: 2.0346
Epoch: 6, Batch: 490, Acc: 63.24%, Loss: 2.0346
Epoch: 6, Batch: 500, Acc: 63.23%, Loss: 2.0403
Epoch: 6, Batch: 510, Acc: 63.16%, Loss: 2.0845
Epoch: 6, Batch: 520, Acc: 63.18%, Loss: 2.0177
Epoch: 6, Batch: 530, Acc: 63.16%, Loss: 2.0329
Epoch: 6, Batch: 540, Acc: 63.19%, Loss: 2.0553
Epoch: 6, Batch: 550, Acc: 63.13%, Loss: 2.0648
Epoch: 6, Batch: 560, Acc: 63.08%, Loss: 2.0639
Epoch: 6, Batch: 570, Acc: 63.10%, Loss: 1.9752
Epoch: 6, Batch: 580, Acc: 63.05%, Loss: 2.1120
Epoch: 6, Batch: 590, Acc: 63.01%, Loss: 2.0549
Epoch: 6, Batch: 600, Acc: 62.98%, Loss: 2.0689
Epoch: 6, Batch: 610, Acc: 62.97%, Loss: 2.0723
Epoch: 6, Batch: 620, Acc: 62.92%, Loss: 2.0543
Epoch: 6, Batch: 630, Acc: 62.89%, Loss: 2.0563
Epoch: 6, Batch: 640, Acc: 62.91%, Loss: 2.0507
Epoch: 6, Batch: 650, Acc: 62.90%, Loss: 2.0684
Epoch: 6, Batch: 660, Acc: 62.91%, Loss: 2.0189
Epoch: 6, Batch: 670, Acc: 62.96%, Loss: 1.9719
Epoch: 6, Batch: 680, Acc: 62.97%, Loss: 2.0259
Epoch: 6, Batch: 690, Acc: 62.92%, Loss: 2.0444
Epoch: 6, Batch: 700, Acc: 62.89%, Loss: 2.1020
Epoch: 6, Batch: 710, Acc: 62.88%, Loss: 2.0903
Epoch: 6, Batch: 720, Acc: 62.97%, Loss: 1.9850
Epoch: 6, Batch: 730, Acc: 62.93%, Loss: 2.0635
Epoch: 6, Batch: 740, Acc: 62.95%, Loss: 2.0336
Epoch: 6, Batch: 750, Acc: 62.96%, Loss: 2.0329
Epoch: 6, Batch: 760, Acc: 62.96%, Loss: 2.0856
Epoch: 6, Batch: 770, Acc: 62.91%, Loss: 2.0709
Epoch: 6, Batch: 780, Acc: 62.90%, Loss: 2.0351
Epoch: 6, Batch: 790, Acc: 62.93%, Loss: 2.0233
Epoch: 6, Batch: 800, Acc: 62.94%, Loss: 2.0306
Epoch: 6, Batch: 810, Acc: 62.97%, Loss: 2.0068
Epoch: 6, Batch: 820, Acc: 62.96%, Loss: 2.0830
Epoch: 6, Batch: 830, Acc: 62.93%, Loss: 2.0786
Epoch: 6, Batch: 840, Acc: 62.91%, Loss: 2.0858
Epoch: 6, Batch: 850, Acc: 62.90%, Loss: 2.0540
Epoch: 6, Batch: 860, Acc: 62.93%, Loss: 1.9964
Epoch: 6, Batch: 870, Acc: 62.96%, Loss: 1.9952
Epoch: 6, Batch: 880, Acc: 62.93%, Loss: 2.0793
Epoch: 6, Batch: 890, Acc: 62.91%, Loss: 2.0350
Epoch: 6, Batch: 900, Acc: 62.93%, Loss: 1.9949
Epoch: 6, Batch: 910, Acc: 62.94%, Loss: 2.0462
Epoch: 6, Batch: 920, Acc: 62.93%, Loss: 2.0520
Epoch: 6, Batch: 930, Acc: 62.93%, Loss: 2.0193
Epoch: 6, Batch: 940, Acc: 62.90%, Loss: 2.0748
Epoch: 6, Batch: 950, Acc: 62.90%, Loss: 2.0303
Epoch: 6, Batch: 960, Acc: 62.89%, Loss: 2.0734
Epoch: 6, Batch: 970, Acc: 62.90%, Loss: 2.0541
Epoch: 6, Batch: 980, Acc: 62.92%, Loss: 2.0089
Epoch: 6, Batch: 990, Acc: 62.92%, Loss: 2.0668
Epoch: 6, Batch: 1000, Acc: 62.93%, Loss: 2.0107
Epoch: 6, Batch: 1010, Acc: 62.95%, Loss: 2.0439
Epoch: 6, Batch: 1020, Acc: 62.94%, Loss: 2.0441
Epoch: 6, Batch: 1030, Acc: 62.95%, Loss: 2.0097
Epoch: 6, Batch: 1040, Acc: 62.93%, Loss: 2.0796
Epoch: 6, Batch: 1050, Acc: 62.93%, Loss: 2.0509
Epoch: 6, Batch: 1060, Acc: 62.93%, Loss: 2.0620
Epoch: 6, Batch: 1070, Acc: 62.95%, Loss: 2.0554
Epoch: 6, Batch: 1080, Acc: 62.93%, Loss: 2.0572
Epoch: 6, Batch: 1090, Acc: 62.90%, Loss: 2.0992
Epoch: 6, Batch: 1100, Acc: 62.87%, Loss: 2.0871
Epoch: 6, Batch: 1110, Acc: 62.86%, Loss: 2.0423
Epoch: 6, Batch: 1120, Acc: 62.87%, Loss: 2.0108
Epoch: 6, Batch: 1130, Acc: 62.87%, Loss: 2.0347
Epoch: 6, Batch: 1140, Acc: 62.88%, Loss: 2.0279
Epoch: 6, Batch: 1150, Acc: 62.89%, Loss: 2.0386
Epoch: 6, Batch: 1160, Acc: 62.89%, Loss: 2.0161
Epoch: 6, Batch: 1170, Acc: 62.90%, Loss: 1.9970
Epoch: 6, Batch: 1180, Acc: 62.88%, Loss: 2.0867
Epoch: 6, Batch: 1190, Acc: 62.87%, Loss: 2.0633
Epoch: 6, Batch: 1200, Acc: 62.87%, Loss: 2.0241
Epoch: 6, Batch: 1210, Acc: 62.85%, Loss: 2.0796
Epoch: 6, Batch: 1220, Acc: 62.85%, Loss: 2.0437
Epoch: 6, Batch: 1230, Acc: 62.87%, Loss: 2.0299
Epoch: 6, Batch: 1240, Acc: 62.84%, Loss: 2.0869
Epoch: 6, Batch: 1250, Acc: 62.82%, Loss: 2.0427
Epoch: 6, Batch: 1260, Acc: 62.81%, Loss: 2.0451
Epoch: 6, Batch: 1270, Acc: 62.83%, Loss: 2.0310
Epoch: 6, Batch: 1280, Acc: 62.82%, Loss: 2.0530
Epoch: 6, Batch: 1290, Acc: 62.85%, Loss: 1.9903
Epoch: 6, Batch: 1300, Acc: 62.83%, Loss: 2.0976
Epoch: 6, Batch: 1310, Acc: 62.83%, Loss: 2.0721
Epoch: 6, Batch: 1320, Acc: 62.83%, Loss: 2.0693
Epoch: 6, Batch: 1330, Acc: 62.82%, Loss: 2.0642
Epoch: 6, Batch: 1340, Acc: 62.82%, Loss: 2.0396
Epoch: 6, Batch: 1350, Acc: 62.83%, Loss: 2.0652
Epoch: 6, Batch: 1360, Acc: 62.83%, Loss: 2.0189
Epoch: 6, Batch: 1370, Acc: 62.85%, Loss: 2.0408
Epoch: 6, Batch: 1380, Acc: 62.84%, Loss: 2.0474
Epoch: 6, Batch: 1390, Acc: 62.84%, Loss: 2.0374
Epoch: 6, Batch: 1400, Acc: 62.86%, Loss: 2.0067
Epoch: 6, Batch: 1410, Acc: 62.85%, Loss: 2.0755
Epoch: 6, Batch: 1420, Acc: 62.84%, Loss: 2.0382
Epoch: 6, Batch: 1430, Acc: 62.84%, Loss: 2.0506
Epoch: 6, Batch: 1440, Acc: 62.85%, Loss: 2.0346
Epoch: 6, Batch: 1450, Acc: 62.84%, Loss: 2.0308
Epoch: 6, Batch: 1460, Acc: 62.85%, Loss: 1.9869
Epoch: 6, Batch: 1470, Acc: 62.86%, Loss: 2.0126
Epoch: 6, Batch: 1480, Acc: 62.88%, Loss: 2.0151
Epoch: 6, Batch: 1490, Acc: 62.88%, Loss: 2.0500
Epoch: 6, Batch: 1500, Acc: 62.87%, Loss: 2.0920
Epoch: 6, Batch: 1510, Acc: 62.88%, Loss: 2.0200
Epoch: 6, Batch: 1520, Acc: 62.88%, Loss: 2.0533
Epoch: 6, Batch: 1530, Acc: 62.90%, Loss: 2.0056
Epoch: 6, Batch: 1540, Acc: 62.89%, Loss: 2.0585
Epoch: 6, Batch: 1550, Acc: 62.88%, Loss: 2.0669
Epoch: 6, Batch: 1560, Acc: 62.87%, Loss: 2.0662
Epoch: 6, Batch: 1570, Acc: 62.85%, Loss: 2.0624
Epoch: 6, Batch: 1580, Acc: 62.88%, Loss: 2.0326
Epoch: 6, Batch: 1590, Acc: 62.88%, Loss: 2.0575
Epoch: 6, Batch: 1600, Acc: 62.90%, Loss: 2.0108
Epoch: 6, Batch: 1610, Acc: 62.90%, Loss: 2.0636
Epoch: 6, Batch: 1620, Acc: 62.88%, Loss: 2.0706
Epoch: 6, Batch: 1630, Acc: 62.88%, Loss: 2.0520
Epoch: 6, Batch: 1640, Acc: 62.88%, Loss: 2.0440
Epoch: 6, Batch: 1650, Acc: 62.88%, Loss: 2.0372
Epoch: 6, Batch: 1660, Acc: 62.87%, Loss: 2.0698
Epoch: 6, Batch: 1670, Acc: 62.87%, Loss: 2.0870
Epoch: 6, Batch: 1680, Acc: 62.86%, Loss: 2.0538
Epoch: 6, Batch: 1690, Acc: 62.86%, Loss: 2.0487
Epoch: 6, Batch: 1700, Acc: 62.86%, Loss: 2.0574
Epoch: 6, Batch: 1710, Acc: 62.88%, Loss: 2.0503
Epoch: 6, Batch: 1720, Acc: 62.88%, Loss: 2.0608
Epoch: 6, Batch: 1730, Acc: 62.87%, Loss: 2.0597
Epoch: 6, Batch: 1740, Acc: 62.89%, Loss: 2.0287
Epoch: 6, Batch: 1750, Acc: 62.88%, Loss: 2.0748
Epoch: 6, Batch: 1760, Acc: 62.89%, Loss: 2.0653
Epoch: 6, Batch: 1770, Acc: 62.88%, Loss: 2.0916
Epoch: 6, Batch: 1780, Acc: 62.88%, Loss: 2.0650
Epoch: 6, Batch: 1790, Acc: 62.89%, Loss: 2.0210
Epoch: 6, Batch: 1800, Acc: 62.90%, Loss: 2.0423
Epoch: 6, Batch: 1810, Acc: 62.89%, Loss: 2.0768
Epoch: 6, Batch: 1820, Acc: 62.89%, Loss: 2.0272
Epoch: 6, Batch: 1830, Acc: 62.89%, Loss: 2.0530
Epoch: 6, Batch: 1840, Acc: 62.89%, Loss: 2.0499
Epoch: 6, Batch: 1850, Acc: 62.90%, Loss: 2.0088
Epoch: 6, Batch: 1860, Acc: 62.91%, Loss: 2.0226
Epoch: 6, Batch: 1870, Acc: 62.91%, Loss: 2.0452
Epoch: 6, Batch: 1880, Acc: 62.91%, Loss: 2.0472
Epoch: 6, Batch: 1890, Acc: 62.92%, Loss: 2.0496
Epoch: 6, Batch: 1900, Acc: 62.92%, Loss: 2.0686
Epoch: 6, Batch: 1910, Acc: 62.90%, Loss: 2.0531
Epoch: 6, Batch: 1920, Acc: 62.88%, Loss: 2.1230
Epoch: 6, Batch: 1930, Acc: 62.89%, Loss: 2.0631
Epoch: 6, Batch: 1940, Acc: 62.88%, Loss: 2.0388
Epoch: 6, Batch: 1950, Acc: 62.88%, Loss: 2.0377
Epoch: 6, Batch: 1960, Acc: 62.88%, Loss: 2.0437
Epoch: 6, Batch: 1970, Acc: 62.88%, Loss: 2.0776
Epoch: 6, Batch: 1980, Acc: 62.87%, Loss: 2.0966
Epoch: 6, Batch: 1990, Acc: 62.87%, Loss: 2.0342
Epoch: 6, Batch: 2000, Acc: 62.88%, Loss: 2.0493
Epoch: 6, Batch: 2010, Acc: 62.88%, Loss: 2.0184
Epoch: 6, Batch: 2020, Acc: 62.88%, Loss: 2.0659
Epoch: 6, Batch: 2030, Acc: 62.90%, Loss: 2.0146
Epoch: 6, Batch: 2040, Acc: 62.90%, Loss: 2.0556
Epoch: 6, Batch: 2050, Acc: 62.91%, Loss: 2.0462
Epoch: 6, Batch: 2060, Acc: 62.93%, Loss: 1.9976
Epoch: 6, Batch: 2070, Acc: 62.93%, Loss: 2.0467
Epoch: 6, Batch: 2080, Acc: 62.93%, Loss: 2.0702
Epoch: 6, Batch: 2090, Acc: 62.92%, Loss: 2.0475
Epoch: 6, Batch: 2100, Acc: 62.93%, Loss: 2.0375
Epoch: 6, Batch: 2110, Acc: 62.92%, Loss: 2.0673
Epoch: 6, Batch: 2120, Acc: 62.93%, Loss: 1.9859
Epoch: 6, Batch: 2130, Acc: 62.93%, Loss: 2.0473
Epoch: 6, Batch: 2140, Acc: 62.94%, Loss: 2.0434
Epoch: 6, Batch: 2150, Acc: 62.95%, Loss: 2.0232
Epoch: 6, Batch: 2160, Acc: 62.96%, Loss: 2.0013
Epoch: 6, Batch: 2170, Acc: 62.96%, Loss: 2.0626
Epoch: 6, Batch: 2180, Acc: 62.96%, Loss: 2.0222
Epoch: 6, Batch: 2190, Acc: 62.96%, Loss: 2.0787
Epoch: 6, Batch: 2200, Acc: 62.97%, Loss: 2.0218
Epoch: 6, Batch: 2210, Acc: 62.96%, Loss: 2.0828
Epoch: 6, Batch: 2220, Acc: 62.95%, Loss: 2.0143
Epoch: 6, Batch: 2230, Acc: 62.93%, Loss: 2.0864
Epoch: 6, Batch: 2240, Acc: 62.93%, Loss: 2.0509
Epoch: 6, Batch: 2250, Acc: 62.93%, Loss: 2.0636
Epoch: 6, Batch: 2260, Acc: 62.94%, Loss: 2.0304
Epoch: 6, Batch: 2270, Acc: 62.94%, Loss: 2.0282
Epoch: 6, Batch: 2280, Acc: 62.94%, Loss: 2.0450
Epoch: 6, Batch: 2290, Acc: 62.94%, Loss: 2.0775
Epoch: 6, Batch: 2300, Acc: 62.94%, Loss: 2.0228
Epoch: 6, Batch: 2310, Acc: 62.94%, Loss: 2.0450
Epoch: 6, Batch: 2320, Acc: 62.94%, Loss: 2.0263
Epoch: 6, Batch: 2330, Acc: 62.94%, Loss: 2.0481
Epoch: 6, Batch: 2340, Acc: 62.93%, Loss: 2.0527
Epoch: 6, Batch: 2350, Acc: 62.94%, Loss: 2.0210
Epoch: 6, Batch: 2360, Acc: 62.95%, Loss: 2.0490
Epoch: 6, Batch: 2370, Acc: 62.95%, Loss: 2.0197
Epoch: 6, Batch: 2380, Acc: 62.96%, Loss: 2.0375
Epoch: 6, Batch: 2390, Acc: 62.96%, Loss: 2.0167
Epoch: 6, Batch: 2400, Acc: 62.96%, Loss: 2.0428
Epoch: 6, Batch: 2410, Acc: 62.96%, Loss: 2.0490
Epoch: 6, Batch: 2420, Acc: 62.95%, Loss: 2.0538
Epoch: 6, Batch: 2430, Acc: 62.95%, Loss: 1.9876
Epoch: 6, Batch: 2440, Acc: 62.95%, Loss: 2.0604
Epoch: 6, Batch: 2450, Acc: 62.97%, Loss: 2.0130
Epoch: 6, Batch: 2460, Acc: 62.98%, Loss: 2.0422
Epoch: 6, Batch: 2470, Acc: 62.97%, Loss: 2.0652
Epoch: 6, Batch: 2480, Acc: 62.97%, Loss: 2.0302
Epoch: 6, Batch: 2490, Acc: 62.98%, Loss: 2.0093
Epoch: 6, Batch: 2500, Acc: 62.97%, Loss: 2.0788
Epoch: 6, Batch: 2510, Acc: 62.97%, Loss: 2.0500
Epoch: 6, Batch: 2520, Acc: 62.97%, Loss: 2.0856
Epoch: 6, Batch: 2530, Acc: 62.97%, Loss: 2.0533
Epoch: 6, Batch: 2540, Acc: 62.97%, Loss: 2.0337
Epoch: 6, Batch: 2550, Acc: 62.96%, Loss: 2.0429
Epoch: 6, Batch: 2560, Acc: 62.97%, Loss: 2.0787
Epoch: 6, Batch: 2570, Acc: 62.98%, Loss: 2.0070
Epoch: 6, Batch: 2580, Acc: 62.98%, Loss: 2.0291
Epoch: 6, Batch: 2590, Acc: 62.98%, Loss: 2.0319
Epoch: 6, Batch: 2600, Acc: 62.98%, Loss: 2.0658
Epoch: 6, Batch: 2610, Acc: 62.98%, Loss: 2.0358
Epoch: 6, Batch: 2620, Acc: 62.97%, Loss: 2.0887
Epoch: 6, Batch: 2630, Acc: 62.98%, Loss: 2.0369
Epoch: 6, Batch: 2640, Acc: 62.97%, Loss: 2.0642
Epoch: 6, Batch: 2650, Acc: 62.98%, Loss: 2.0277
Epoch: 6, Batch: 2660, Acc: 62.98%, Loss: 2.0244
Epoch: 6, Batch: 2670, Acc: 62.99%, Loss: 2.0194
Epoch: 6, Batch: 2680, Acc: 62.98%, Loss: 2.0871
Epoch: 6, Batch: 2690, Acc: 62.97%, Loss: 2.0373
Epoch: 6, Batch: 2700, Acc: 62.98%, Loss: 2.0407
Epoch: 6, Batch: 2710, Acc: 62.98%, Loss: 2.0656
Epoch: 6, Batch: 2720, Acc: 62.97%, Loss: 2.0489
Epoch: 6, Batch: 2730, Acc: 62.98%, Loss: 2.0144
Epoch: 6, Batch: 2740, Acc: 62.98%, Loss: 2.0331
Epoch: 6, Batch: 2750, Acc: 62.98%, Loss: 2.0442
Epoch: 6, Batch: 2760, Acc: 62.98%, Loss: 2.0373
Epoch: 6, Batch: 2770, Acc: 62.98%, Loss: 2.0477
Epoch: 6, Batch: 2780, Acc: 62.99%, Loss: 2.0079
Epoch: 6, Batch: 2790, Acc: 63.00%, Loss: 1.9744
Epoch: 6, Batch: 2800, Acc: 62.99%, Loss: 2.0672
Epoch: 6, Batch: 2810, Acc: 63.00%, Loss: 2.0627
Epoch: 6, Batch: 2820, Acc: 63.00%, Loss: 2.0182
Epoch: 6, Batch: 2830, Acc: 63.01%, Loss: 2.0154
Epoch: 6, Batch: 2840, Acc: 63.00%, Loss: 2.0710
Epoch: 6, Batch: 2850, Acc: 63.01%, Loss: 2.0212
Epoch: 6, Batch: 2860, Acc: 63.01%, Loss: 2.0049
Epoch: 6, Batch: 2870, Acc: 63.01%, Loss: 2.0447
Epoch: 6, Batch: 2880, Acc: 63.01%, Loss: 2.0070
Epoch 6: val_acc=0.6388, best_val_acc=0.6388, es_counter=0
Epoch: 7, Batch: 10, Acc: 60.94%, Loss: 2.0504
Epoch: 7, Batch: 20, Acc: 60.94%, Loss: 2.0810
Epoch: 7, Batch: 30, Acc: 62.66%, Loss: 2.0082
Epoch: 7, Batch: 40, Acc: 62.77%, Loss: 2.0133
Epoch: 7, Batch: 50, Acc: 62.53%, Loss: 2.0541
Epoch: 7, Batch: 60, Acc: 62.66%, Loss: 2.0418
Epoch: 7, Batch: 70, Acc: 62.59%, Loss: 2.0703
Epoch: 7, Batch: 80, Acc: 62.75%, Loss: 2.0519
Epoch: 7, Batch: 90, Acc: 62.86%, Loss: 2.0617
Epoch: 7, Batch: 100, Acc: 62.91%, Loss: 2.0583
Epoch: 7, Batch: 110, Acc: 62.94%, Loss: 2.0058
Epoch: 7, Batch: 120, Acc: 62.83%, Loss: 2.0510
Epoch: 7, Batch: 130, Acc: 62.79%, Loss: 2.0576
Epoch: 7, Batch: 140, Acc: 62.72%, Loss: 2.0775
Epoch: 7, Batch: 150, Acc: 62.69%, Loss: 2.0276
Epoch: 7, Batch: 160, Acc: 62.62%, Loss: 2.0331
Epoch: 7, Batch: 170, Acc: 62.56%, Loss: 2.0736
Epoch: 7, Batch: 180, Acc: 62.47%, Loss: 2.0878
Epoch: 7, Batch: 190, Acc: 62.48%, Loss: 2.0072
Epoch: 7, Batch: 200, Acc: 62.63%, Loss: 2.0159
Epoch: 7, Batch: 210, Acc: 62.64%, Loss: 2.0579
Epoch: 7, Batch: 220, Acc: 62.61%, Loss: 2.0697
Epoch: 7, Batch: 230, Acc: 62.74%, Loss: 1.9993
Epoch: 7, Batch: 240, Acc: 62.66%, Loss: 2.0328
Epoch: 7, Batch: 250, Acc: 62.70%, Loss: 2.0283
Epoch: 7, Batch: 260, Acc: 62.85%, Loss: 2.0089
Epoch: 7, Batch: 270, Acc: 62.76%, Loss: 2.0719
Epoch: 7, Batch: 280, Acc: 62.73%, Loss: 2.0328
Epoch: 7, Batch: 290, Acc: 62.70%, Loss: 2.0598
Epoch: 7, Batch: 300, Acc: 62.72%, Loss: 2.0291
Epoch: 7, Batch: 310, Acc: 62.78%, Loss: 2.0472
Epoch: 7, Batch: 320, Acc: 62.79%, Loss: 2.0734
Epoch: 7, Batch: 330, Acc: 62.88%, Loss: 2.0130
Epoch: 7, Batch: 340, Acc: 62.87%, Loss: 2.0602
Epoch: 7, Batch: 350, Acc: 62.89%, Loss: 2.0213
Epoch: 7, Batch: 360, Acc: 62.89%, Loss: 2.0461
Epoch: 7, Batch: 370, Acc: 62.83%, Loss: 2.0730
Epoch: 7, Batch: 380, Acc: 62.82%, Loss: 2.0445
Epoch: 7, Batch: 390, Acc: 62.85%, Loss: 2.0073
Epoch: 7, Batch: 400, Acc: 62.89%, Loss: 2.0336
Epoch: 7, Batch: 410, Acc: 62.89%, Loss: 2.0531
Epoch: 7, Batch: 420, Acc: 62.95%, Loss: 2.0123
Epoch: 7, Batch: 430, Acc: 62.95%, Loss: 2.0388
Epoch: 7, Batch: 440, Acc: 63.03%, Loss: 1.9857
Epoch: 7, Batch: 450, Acc: 63.03%, Loss: 2.0592
Epoch: 7, Batch: 460, Acc: 63.08%, Loss: 1.9896
Epoch: 7, Batch: 470, Acc: 63.07%, Loss: 2.0596
Epoch: 7, Batch: 480, Acc: 63.13%, Loss: 2.0207
Epoch: 7, Batch: 490, Acc: 63.17%, Loss: 2.0068
Epoch: 7, Batch: 500, Acc: 63.17%, Loss: 2.0609
Epoch: 7, Batch: 510, Acc: 63.19%, Loss: 2.0136
Epoch: 7, Batch: 520, Acc: 63.22%, Loss: 2.0235
Epoch: 7, Batch: 530, Acc: 63.23%, Loss: 2.0182
Epoch: 7, Batch: 540, Acc: 63.21%, Loss: 2.0841
Epoch: 7, Batch: 550, Acc: 63.15%, Loss: 2.0700
Epoch: 7, Batch: 560, Acc: 63.18%, Loss: 2.0120
Epoch: 7, Batch: 570, Acc: 63.18%, Loss: 2.0222
Epoch: 7, Batch: 580, Acc: 63.15%, Loss: 2.0618
Epoch: 7, Batch: 590, Acc: 63.11%, Loss: 2.0519
Epoch: 7, Batch: 600, Acc: 63.06%, Loss: 2.0768
Epoch: 7, Batch: 610, Acc: 63.04%, Loss: 2.0381
Epoch: 7, Batch: 620, Acc: 63.04%, Loss: 2.0255
Epoch: 7, Batch: 630, Acc: 63.06%, Loss: 2.0325
Epoch: 7, Batch: 640, Acc: 63.07%, Loss: 2.0394
Epoch: 7, Batch: 650, Acc: 63.05%, Loss: 2.0615
Epoch: 7, Batch: 660, Acc: 63.05%, Loss: 2.0430
Epoch: 7, Batch: 670, Acc: 63.08%, Loss: 1.9785
Epoch: 7, Batch: 680, Acc: 63.10%, Loss: 1.9944
Epoch: 7, Batch: 690, Acc: 63.13%, Loss: 2.0230
Epoch: 7, Batch: 700, Acc: 63.11%, Loss: 2.0656
Epoch: 7, Batch: 710, Acc: 63.12%, Loss: 2.0142
Epoch: 7, Batch: 720, Acc: 63.12%, Loss: 2.0193
Epoch: 7, Batch: 730, Acc: 63.11%, Loss: 2.0601
Epoch: 7, Batch: 740, Acc: 63.08%, Loss: 2.0643
Epoch: 7, Batch: 750, Acc: 63.08%, Loss: 2.0367
Epoch: 7, Batch: 760, Acc: 63.14%, Loss: 2.0096
Epoch: 7, Batch: 770, Acc: 63.16%, Loss: 2.0360
Epoch: 7, Batch: 780, Acc: 63.23%, Loss: 1.9834
Epoch: 7, Batch: 790, Acc: 63.20%, Loss: 2.0659
Epoch: 7, Batch: 800, Acc: 63.20%, Loss: 2.0364
Epoch: 7, Batch: 810, Acc: 63.23%, Loss: 1.9869
Epoch: 7, Batch: 820, Acc: 63.22%, Loss: 2.0145
Epoch: 7, Batch: 830, Acc: 63.24%, Loss: 1.9915
Epoch: 7, Batch: 840, Acc: 63.21%, Loss: 2.0226
Epoch: 7, Batch: 850, Acc: 63.22%, Loss: 2.0191
Epoch: 7, Batch: 860, Acc: 63.20%, Loss: 2.0534
Epoch: 7, Batch: 870, Acc: 63.18%, Loss: 2.0576
Epoch: 7, Batch: 880, Acc: 63.17%, Loss: 2.0687
Epoch: 7, Batch: 890, Acc: 63.18%, Loss: 2.0300
Epoch: 7, Batch: 900, Acc: 63.17%, Loss: 2.0437
Epoch: 7, Batch: 910, Acc: 63.15%, Loss: 2.0282
Epoch: 7, Batch: 920, Acc: 63.13%, Loss: 2.0616
Epoch: 7, Batch: 930, Acc: 63.15%, Loss: 2.0329
Epoch: 7, Batch: 940, Acc: 63.14%, Loss: 2.0279
Epoch: 7, Batch: 950, Acc: 63.17%, Loss: 1.9969
Epoch: 7, Batch: 960, Acc: 63.15%, Loss: 2.0707
Epoch: 7, Batch: 970, Acc: 63.12%, Loss: 2.0848
Epoch: 7, Batch: 980, Acc: 63.13%, Loss: 2.0229
Epoch: 7, Batch: 990, Acc: 63.13%, Loss: 2.0487
Epoch: 7, Batch: 1000, Acc: 63.13%, Loss: 2.0156
Epoch: 7, Batch: 1010, Acc: 63.13%, Loss: 2.0643
Epoch: 7, Batch: 1020, Acc: 63.11%, Loss: 2.0936
Epoch: 7, Batch: 1030, Acc: 63.09%, Loss: 2.0535
Epoch: 7, Batch: 1040, Acc: 63.11%, Loss: 2.0189
Epoch: 7, Batch: 1050, Acc: 63.10%, Loss: 2.0391
Epoch: 7, Batch: 1060, Acc: 63.11%, Loss: 1.9942
Epoch: 7, Batch: 1070, Acc: 63.10%, Loss: 2.0330
Epoch: 7, Batch: 1080, Acc: 63.09%, Loss: 2.0466
Epoch: 7, Batch: 1090, Acc: 63.12%, Loss: 2.0090
Epoch: 7, Batch: 1100, Acc: 63.11%, Loss: 2.0684
Epoch: 7, Batch: 1110, Acc: 63.06%, Loss: 2.1051
Epoch: 7, Batch: 1120, Acc: 63.10%, Loss: 1.9922
Epoch: 7, Batch: 1130, Acc: 63.11%, Loss: 2.0226
Epoch: 7, Batch: 1140, Acc: 63.13%, Loss: 2.0231
Epoch: 7, Batch: 1150, Acc: 63.12%, Loss: 2.0651
Epoch: 7, Batch: 1160, Acc: 63.10%, Loss: 2.0681
Epoch: 7, Batch: 1170, Acc: 63.11%, Loss: 2.0615
Epoch: 7, Batch: 1180, Acc: 63.14%, Loss: 1.9904
Epoch: 7, Batch: 1190, Acc: 63.16%, Loss: 2.0080
Epoch: 7, Batch: 1200, Acc: 63.15%, Loss: 2.0548
Epoch: 7, Batch: 1210, Acc: 63.15%, Loss: 2.0187
Epoch: 7, Batch: 1220, Acc: 63.18%, Loss: 1.9821
Epoch: 7, Batch: 1230, Acc: 63.17%, Loss: 2.0375
Epoch: 7, Batch: 1240, Acc: 63.16%, Loss: 2.0546
Epoch: 7, Batch: 1250, Acc: 63.18%, Loss: 1.9798
Epoch: 7, Batch: 1260, Acc: 63.18%, Loss: 2.0548
Epoch: 7, Batch: 1270, Acc: 63.17%, Loss: 2.0518
Epoch: 7, Batch: 1280, Acc: 63.18%, Loss: 2.0112
Epoch: 7, Batch: 1290, Acc: 63.19%, Loss: 2.0172
Epoch: 7, Batch: 1300, Acc: 63.21%, Loss: 2.0021
Epoch: 7, Batch: 1310, Acc: 63.23%, Loss: 1.9895
Epoch: 7, Batch: 1320, Acc: 63.23%, Loss: 2.0345
Epoch: 7, Batch: 1330, Acc: 63.26%, Loss: 1.9870
Epoch: 7, Batch: 1340, Acc: 63.25%, Loss: 2.0129
Epoch: 7, Batch: 1350, Acc: 63.25%, Loss: 2.0579
Epoch: 7, Batch: 1360, Acc: 63.23%, Loss: 2.0370
Epoch: 7, Batch: 1370, Acc: 63.23%, Loss: 2.0183
Epoch: 7, Batch: 1380, Acc: 63.25%, Loss: 1.9900
Epoch: 7, Batch: 1390, Acc: 63.28%, Loss: 1.9687
Epoch: 7, Batch: 1400, Acc: 63.28%, Loss: 2.0397
Epoch: 7, Batch: 1410, Acc: 63.29%, Loss: 2.0037
Epoch: 7, Batch: 1420, Acc: 63.28%, Loss: 2.0239
Epoch: 7, Batch: 1430, Acc: 63.27%, Loss: 2.0584
Epoch: 7, Batch: 1440, Acc: 63.26%, Loss: 2.0317
Epoch: 7, Batch: 1450, Acc: 63.24%, Loss: 2.0352
Epoch: 7, Batch: 1460, Acc: 63.24%, Loss: 2.0559
Epoch: 7, Batch: 1470, Acc: 63.25%, Loss: 2.0297
Epoch: 7, Batch: 1480, Acc: 63.27%, Loss: 2.0134
Epoch: 7, Batch: 1490, Acc: 63.29%, Loss: 2.0017
Epoch: 7, Batch: 1500, Acc: 63.30%, Loss: 2.0406
Epoch: 7, Batch: 1510, Acc: 63.31%, Loss: 1.9995
Epoch: 7, Batch: 1520, Acc: 63.32%, Loss: 2.0276
Epoch: 7, Batch: 1530, Acc: 63.29%, Loss: 2.0970
Epoch: 7, Batch: 1540, Acc: 63.31%, Loss: 1.9886
Epoch: 7, Batch: 1550, Acc: 63.32%, Loss: 2.0228
Epoch: 7, Batch: 1560, Acc: 63.34%, Loss: 2.0057
Epoch: 7, Batch: 1570, Acc: 63.34%, Loss: 2.0301
Epoch: 7, Batch: 1580, Acc: 63.34%, Loss: 2.0298
Epoch: 7, Batch: 1590, Acc: 63.32%, Loss: 2.0584
Epoch: 7, Batch: 1600, Acc: 63.31%, Loss: 2.0539
Epoch: 7, Batch: 1610, Acc: 63.32%, Loss: 2.0174
Epoch: 7, Batch: 1620, Acc: 63.32%, Loss: 2.0089
Epoch: 7, Batch: 1630, Acc: 63.34%, Loss: 2.0106
Epoch: 7, Batch: 1640, Acc: 63.33%, Loss: 2.0395
Epoch: 7, Batch: 1650, Acc: 63.33%, Loss: 2.0231
Epoch: 7, Batch: 1660, Acc: 63.32%, Loss: 2.0458
Epoch: 7, Batch: 1670, Acc: 63.30%, Loss: 2.0598
Epoch: 7, Batch: 1680, Acc: 63.30%, Loss: 1.9984
Epoch: 7, Batch: 1690, Acc: 63.30%, Loss: 2.0157
Epoch: 7, Batch: 1700, Acc: 63.31%, Loss: 2.0240
Epoch: 7, Batch: 1710, Acc: 63.32%, Loss: 2.0309
Epoch: 7, Batch: 1720, Acc: 63.32%, Loss: 2.0523
Epoch: 7, Batch: 1730, Acc: 63.32%, Loss: 2.0421
Epoch: 7, Batch: 1740, Acc: 63.32%, Loss: 2.0384
Epoch: 7, Batch: 1750, Acc: 63.32%, Loss: 2.0391
Epoch: 7, Batch: 1760, Acc: 63.33%, Loss: 2.0186
Epoch: 7, Batch: 1770, Acc: 63.34%, Loss: 2.0367
Epoch: 7, Batch: 1780, Acc: 63.33%, Loss: 2.0392
Epoch: 7, Batch: 1790, Acc: 63.34%, Loss: 2.0282
Epoch: 7, Batch: 1800, Acc: 63.33%, Loss: 2.0487
Epoch: 7, Batch: 1810, Acc: 63.31%, Loss: 2.0651
Epoch: 7, Batch: 1820, Acc: 63.31%, Loss: 2.0305
Epoch: 7, Batch: 1830, Acc: 63.33%, Loss: 2.0041
Epoch: 7, Batch: 1840, Acc: 63.32%, Loss: 2.0308
Epoch: 7, Batch: 1850, Acc: 63.32%, Loss: 2.0459
Epoch: 7, Batch: 1860, Acc: 63.32%, Loss: 2.0139
Epoch: 7, Batch: 1870, Acc: 63.32%, Loss: 2.0390
Epoch: 7, Batch: 1880, Acc: 63.31%, Loss: 2.0659
Epoch: 7, Batch: 1890, Acc: 63.32%, Loss: 2.0061
Epoch: 7, Batch: 1900, Acc: 63.31%, Loss: 2.0203
Epoch: 7, Batch: 1910, Acc: 63.32%, Loss: 2.0099
Epoch: 7, Batch: 1920, Acc: 63.32%, Loss: 2.0210
Epoch: 7, Batch: 1930, Acc: 63.32%, Loss: 2.0274
Epoch: 7, Batch: 1940, Acc: 63.32%, Loss: 2.0335
Epoch: 7, Batch: 1950, Acc: 63.33%, Loss: 2.0270
Epoch: 7, Batch: 1960, Acc: 63.33%, Loss: 2.0526
Epoch: 7, Batch: 1970, Acc: 63.31%, Loss: 2.0731
Epoch: 7, Batch: 1980, Acc: 63.32%, Loss: 2.0257
Epoch: 7, Batch: 1990, Acc: 63.31%, Loss: 2.0389
Epoch: 7, Batch: 2000, Acc: 63.31%, Loss: 2.0530
Epoch: 7, Batch: 2010, Acc: 63.32%, Loss: 2.0082
Epoch: 7, Batch: 2020, Acc: 63.32%, Loss: 2.0555
Epoch: 7, Batch: 2030, Acc: 63.33%, Loss: 2.0193
Epoch: 7, Batch: 2040, Acc: 63.33%, Loss: 2.0555
Epoch: 7, Batch: 2050, Acc: 63.34%, Loss: 2.0270
Epoch: 7, Batch: 2060, Acc: 63.36%, Loss: 1.9717
Epoch: 7, Batch: 2070, Acc: 63.36%, Loss: 2.0351
Epoch: 7, Batch: 2080, Acc: 63.35%, Loss: 2.0695
Epoch: 7, Batch: 2090, Acc: 63.33%, Loss: 2.0539
Epoch: 7, Batch: 2100, Acc: 63.33%, Loss: 2.0310
Epoch: 7, Batch: 2110, Acc: 63.34%, Loss: 2.0182
Epoch: 7, Batch: 2120, Acc: 63.33%, Loss: 2.0801
Epoch: 7, Batch: 2130, Acc: 63.32%, Loss: 2.0291
Epoch: 7, Batch: 2140, Acc: 63.34%, Loss: 1.9904
Epoch: 7, Batch: 2150, Acc: 63.34%, Loss: 2.0311
Epoch: 7, Batch: 2160, Acc: 63.36%, Loss: 1.9787
Epoch: 7, Batch: 2170, Acc: 63.36%, Loss: 2.0371
Epoch: 7, Batch: 2180, Acc: 63.37%, Loss: 2.0139
Epoch: 7, Batch: 2190, Acc: 63.39%, Loss: 1.9774
Epoch: 7, Batch: 2200, Acc: 63.41%, Loss: 1.9790
Epoch: 7, Batch: 2210, Acc: 63.41%, Loss: 2.0402
Epoch: 7, Batch: 2220, Acc: 63.40%, Loss: 2.0407
Epoch: 7, Batch: 2230, Acc: 63.41%, Loss: 2.0208
Epoch: 7, Batch: 2240, Acc: 63.40%, Loss: 2.0539
Epoch: 7, Batch: 2250, Acc: 63.41%, Loss: 2.0407
Epoch: 7, Batch: 2260, Acc: 63.43%, Loss: 1.9882
Epoch: 7, Batch: 2270, Acc: 63.42%, Loss: 2.0546
Epoch: 7, Batch: 2280, Acc: 63.41%, Loss: 2.0427
Epoch: 7, Batch: 2290, Acc: 63.41%, Loss: 2.0574
Epoch: 7, Batch: 2300, Acc: 63.40%, Loss: 2.0695
Epoch: 7, Batch: 2310, Acc: 63.40%, Loss: 2.0201
Epoch: 7, Batch: 2320, Acc: 63.40%, Loss: 2.0163
Epoch: 7, Batch: 2330, Acc: 63.40%, Loss: 2.0265
Epoch: 7, Batch: 2340, Acc: 63.39%, Loss: 2.0643
Epoch: 7, Batch: 2350, Acc: 63.38%, Loss: 2.0447
Epoch: 7, Batch: 2360, Acc: 63.38%, Loss: 2.0397
Epoch: 7, Batch: 2370, Acc: 63.38%, Loss: 2.0185
Epoch: 7, Batch: 2380, Acc: 63.37%, Loss: 2.0544
Epoch: 7, Batch: 2390, Acc: 63.37%, Loss: 2.0561
Epoch: 7, Batch: 2400, Acc: 63.38%, Loss: 2.0096
Epoch: 7, Batch: 2410, Acc: 63.39%, Loss: 2.0218
Epoch: 7, Batch: 2420, Acc: 63.40%, Loss: 2.0043
Epoch: 7, Batch: 2430, Acc: 63.40%, Loss: 2.0389
Epoch: 7, Batch: 2440, Acc: 63.40%, Loss: 2.0297
Epoch: 7, Batch: 2450, Acc: 63.40%, Loss: 2.0656
Epoch: 7, Batch: 2460, Acc: 63.42%, Loss: 1.9731
Epoch: 7, Batch: 2470, Acc: 63.41%, Loss: 2.0533
Epoch: 7, Batch: 2480, Acc: 63.42%, Loss: 2.0067
Epoch: 7, Batch: 2490, Acc: 63.41%, Loss: 2.0719
Epoch: 7, Batch: 2500, Acc: 63.41%, Loss: 2.0257
Epoch: 7, Batch: 2510, Acc: 63.41%, Loss: 2.0152
Epoch: 7, Batch: 2520, Acc: 63.42%, Loss: 2.0348
Epoch: 7, Batch: 2530, Acc: 63.41%, Loss: 2.0704
Epoch: 7, Batch: 2540, Acc: 63.43%, Loss: 1.9572
Epoch: 7, Batch: 2550, Acc: 63.43%, Loss: 2.0381
Epoch: 7, Batch: 2560, Acc: 63.43%, Loss: 2.0358
Epoch: 7, Batch: 2570, Acc: 63.42%, Loss: 2.0473
Epoch: 7, Batch: 2580, Acc: 63.42%, Loss: 2.0421
Epoch: 7, Batch: 2590, Acc: 63.43%, Loss: 1.9992
Epoch: 7, Batch: 2600, Acc: 63.45%, Loss: 1.9541
Epoch: 7, Batch: 2610, Acc: 63.45%, Loss: 2.0158
Epoch: 7, Batch: 2620, Acc: 63.45%, Loss: 2.0368
Epoch: 7, Batch: 2630, Acc: 63.46%, Loss: 1.9996
Epoch: 7, Batch: 2640, Acc: 63.45%, Loss: 2.0477
Epoch: 7, Batch: 2650, Acc: 63.47%, Loss: 1.9790
Epoch: 7, Batch: 2660, Acc: 63.47%, Loss: 2.0268
Epoch: 7, Batch: 2670, Acc: 63.46%, Loss: 2.0647
Epoch: 7, Batch: 2680, Acc: 63.46%, Loss: 2.0323
Epoch: 7, Batch: 2690, Acc: 63.46%, Loss: 2.0003
Epoch: 7, Batch: 2700, Acc: 63.47%, Loss: 2.0447
Epoch: 7, Batch: 2710, Acc: 63.48%, Loss: 1.9844
Epoch: 7, Batch: 2720, Acc: 63.49%, Loss: 2.0022
Epoch: 7, Batch: 2730, Acc: 63.49%, Loss: 2.0138
Epoch: 7, Batch: 2740, Acc: 63.49%, Loss: 2.0148
Epoch: 7, Batch: 2750, Acc: 63.50%, Loss: 1.9835
Epoch: 7, Batch: 2760, Acc: 63.50%, Loss: 2.0222
Epoch: 7, Batch: 2770, Acc: 63.51%, Loss: 2.0234
Epoch: 7, Batch: 2780, Acc: 63.51%, Loss: 2.0197
Epoch: 7, Batch: 2790, Acc: 63.52%, Loss: 2.0264
Epoch: 7, Batch: 2800, Acc: 63.51%, Loss: 2.0416
Epoch: 7, Batch: 2810, Acc: 63.50%, Loss: 2.0536
Epoch: 7, Batch: 2820, Acc: 63.51%, Loss: 2.0132
Epoch: 7, Batch: 2830, Acc: 63.51%, Loss: 2.0357
Epoch: 7, Batch: 2840, Acc: 63.52%, Loss: 1.9847
Epoch: 7, Batch: 2850, Acc: 63.51%, Loss: 2.0381
Epoch: 7, Batch: 2860, Acc: 63.51%, Loss: 2.0344
Epoch: 7, Batch: 2870, Acc: 63.51%, Loss: 2.0402
Epoch: 7, Batch: 2880, Acc: 63.51%, Loss: 2.0408
Epoch 7: val_acc=0.6461, best_val_acc=0.6388, es_counter=1
Epoch: 8, Batch: 10, Acc: 63.91%, Loss: 2.0379
Epoch: 8, Batch: 20, Acc: 62.27%, Loss: 2.0543
Epoch: 8, Batch: 30, Acc: 64.06%, Loss: 1.9852
Epoch: 8, Batch: 40, Acc: 64.26%, Loss: 2.0193
Epoch: 8, Batch: 50, Acc: 64.50%, Loss: 2.0066
Epoch: 8, Batch: 60, Acc: 64.61%, Loss: 1.9924
Epoch: 8, Batch: 70, Acc: 64.51%, Loss: 2.0479
Epoch: 8, Batch: 80, Acc: 64.41%, Loss: 2.0058
Epoch: 8, Batch: 90, Acc: 64.65%, Loss: 2.0013
Epoch: 8, Batch: 100, Acc: 64.98%, Loss: 1.9811
Epoch: 8, Batch: 110, Acc: 64.74%, Loss: 2.0739
Epoch: 8, Batch: 120, Acc: 64.86%, Loss: 2.0414
Epoch: 8, Batch: 130, Acc: 64.96%, Loss: 2.0210
Epoch: 8, Batch: 140, Acc: 65.00%, Loss: 2.0109
Epoch: 8, Batch: 150, Acc: 65.15%, Loss: 2.0020
Epoch: 8, Batch: 160, Acc: 64.92%, Loss: 2.0248
Epoch: 8, Batch: 170, Acc: 64.83%, Loss: 2.0206
Epoch: 8, Batch: 180, Acc: 64.87%, Loss: 1.9922
Epoch: 8, Batch: 190, Acc: 64.79%, Loss: 1.9821
Epoch: 8, Batch: 200, Acc: 64.77%, Loss: 2.0244
Epoch: 8, Batch: 210, Acc: 64.74%, Loss: 2.0240
Epoch: 8, Batch: 220, Acc: 64.64%, Loss: 2.0286
Epoch: 8, Batch: 230, Acc: 64.74%, Loss: 2.0095
Epoch: 8, Batch: 240, Acc: 64.77%, Loss: 2.0004
Epoch: 8, Batch: 250, Acc: 64.66%, Loss: 2.0236
Epoch: 8, Batch: 260, Acc: 64.67%, Loss: 2.0284
Epoch: 8, Batch: 270, Acc: 64.58%, Loss: 2.0539
Epoch: 8, Batch: 280, Acc: 64.46%, Loss: 2.0704
Epoch: 8, Batch: 290, Acc: 64.34%, Loss: 2.0450
Epoch: 8, Batch: 300, Acc: 64.41%, Loss: 2.0240
Epoch: 8, Batch: 310, Acc: 64.40%, Loss: 2.0271
Epoch: 8, Batch: 320, Acc: 64.39%, Loss: 2.0289
Epoch: 8, Batch: 330, Acc: 64.38%, Loss: 2.0057
Epoch: 8, Batch: 340, Acc: 64.38%, Loss: 2.0328
Epoch: 8, Batch: 350, Acc: 64.46%, Loss: 2.0099
Epoch: 8, Batch: 360, Acc: 64.56%, Loss: 1.9770
Epoch: 8, Batch: 370, Acc: 64.43%, Loss: 2.0503
Epoch: 8, Batch: 380, Acc: 64.40%, Loss: 2.0157
Epoch: 8, Batch: 390, Acc: 64.38%, Loss: 2.0475
Epoch: 8, Batch: 400, Acc: 64.46%, Loss: 2.0220
Epoch: 8, Batch: 410, Acc: 64.49%, Loss: 2.0037
Epoch: 8, Batch: 420, Acc: 64.49%, Loss: 2.0129
Epoch: 8, Batch: 430, Acc: 64.48%, Loss: 1.9997
Epoch: 8, Batch: 440, Acc: 64.38%, Loss: 2.0576
Epoch: 8, Batch: 450, Acc: 64.37%, Loss: 2.0289
Epoch: 8, Batch: 460, Acc: 64.31%, Loss: 2.0383
Epoch: 8, Batch: 470, Acc: 64.35%, Loss: 2.0287
Epoch: 8, Batch: 480, Acc: 64.35%, Loss: 1.9956
Epoch: 8, Batch: 490, Acc: 64.39%, Loss: 1.9954
Epoch: 8, Batch: 500, Acc: 64.39%, Loss: 2.0136
Epoch: 8, Batch: 510, Acc: 64.37%, Loss: 2.0329
Epoch: 8, Batch: 520, Acc: 64.41%, Loss: 1.9665
Epoch: 8, Batch: 530, Acc: 64.41%, Loss: 2.0336
Epoch: 8, Batch: 540, Acc: 64.40%, Loss: 2.0327
Epoch: 8, Batch: 550, Acc: 64.45%, Loss: 1.9602
Epoch: 8, Batch: 560, Acc: 64.40%, Loss: 2.0528
Epoch: 8, Batch: 570, Acc: 64.37%, Loss: 2.0230
Epoch: 8, Batch: 580, Acc: 64.39%, Loss: 1.9913
Epoch: 8, Batch: 590, Acc: 64.46%, Loss: 1.9743
Epoch: 8, Batch: 600, Acc: 64.43%, Loss: 2.0290
Epoch: 8, Batch: 610, Acc: 64.48%, Loss: 1.9777
Epoch: 8, Batch: 620, Acc: 64.44%, Loss: 2.0819
Epoch: 8, Batch: 630, Acc: 64.41%, Loss: 2.0399
Epoch: 8, Batch: 640, Acc: 64.35%, Loss: 2.0945
Epoch: 8, Batch: 650, Acc: 64.41%, Loss: 1.9596
Epoch: 8, Batch: 660, Acc: 64.34%, Loss: 2.0778
Epoch: 8, Batch: 670, Acc: 64.32%, Loss: 2.0323
Epoch: 8, Batch: 680, Acc: 64.33%, Loss: 2.0181
Epoch: 8, Batch: 690, Acc: 64.30%, Loss: 2.0426
Epoch: 8, Batch: 700, Acc: 64.32%, Loss: 2.0055
Epoch: 8, Batch: 710, Acc: 64.34%, Loss: 1.9911
Epoch: 8, Batch: 720, Acc: 64.33%, Loss: 2.0330
Epoch: 8, Batch: 730, Acc: 64.34%, Loss: 2.0033
Epoch: 8, Batch: 740, Acc: 64.34%, Loss: 2.0362
Epoch: 8, Batch: 750, Acc: 64.34%, Loss: 2.0290
Epoch: 8, Batch: 760, Acc: 64.29%, Loss: 2.0629
Epoch: 8, Batch: 770, Acc: 64.28%, Loss: 2.0448
Epoch: 8, Batch: 780, Acc: 64.30%, Loss: 2.0019
Epoch: 8, Batch: 790, Acc: 64.30%, Loss: 2.0343
Epoch: 8, Batch: 800, Acc: 64.26%, Loss: 2.0286
Epoch: 8, Batch: 810, Acc: 64.23%, Loss: 2.0438
Epoch: 8, Batch: 820, Acc: 64.21%, Loss: 2.0510
Epoch: 8, Batch: 830, Acc: 64.23%, Loss: 1.9814
Epoch: 8, Batch: 840, Acc: 64.20%, Loss: 2.0339
Epoch: 8, Batch: 850, Acc: 64.17%, Loss: 2.0420
Epoch: 8, Batch: 860, Acc: 64.16%, Loss: 2.0592
Epoch: 8, Batch: 870, Acc: 64.16%, Loss: 2.0481
Epoch: 8, Batch: 880, Acc: 64.15%, Loss: 2.0252
Epoch: 8, Batch: 890, Acc: 64.13%, Loss: 2.0457
Epoch: 8, Batch: 900, Acc: 64.12%, Loss: 2.0124
Epoch: 8, Batch: 910, Acc: 64.10%, Loss: 2.0115
Epoch: 8, Batch: 920, Acc: 64.09%, Loss: 2.0055
Epoch: 8, Batch: 930, Acc: 64.08%, Loss: 2.0287
Epoch: 8, Batch: 940, Acc: 64.12%, Loss: 1.9654
Epoch: 8, Batch: 950, Acc: 64.08%, Loss: 2.0351
Epoch: 8, Batch: 960, Acc: 64.06%, Loss: 2.0469
Epoch: 8, Batch: 970, Acc: 64.07%, Loss: 1.9937
Epoch: 8, Batch: 980, Acc: 64.05%, Loss: 2.0267
Epoch: 8, Batch: 990, Acc: 64.01%, Loss: 2.0892
Epoch: 8, Batch: 1000, Acc: 64.02%, Loss: 2.0100
Epoch: 8, Batch: 1010, Acc: 64.03%, Loss: 2.0338
Epoch: 8, Batch: 1020, Acc: 64.04%, Loss: 1.9911
Epoch: 8, Batch: 1030, Acc: 64.02%, Loss: 2.0163
Epoch: 8, Batch: 1040, Acc: 64.00%, Loss: 2.0320
Epoch: 8, Batch: 1050, Acc: 64.01%, Loss: 2.0134
Epoch: 8, Batch: 1060, Acc: 63.98%, Loss: 2.0609
Epoch: 8, Batch: 1070, Acc: 64.01%, Loss: 2.0151
Epoch: 8, Batch: 1080, Acc: 64.01%, Loss: 2.0188
Epoch: 8, Batch: 1090, Acc: 64.03%, Loss: 2.0089
Epoch: 8, Batch: 1100, Acc: 64.04%, Loss: 2.0033
Epoch: 8, Batch: 1110, Acc: 64.02%, Loss: 2.0493
Epoch: 8, Batch: 1120, Acc: 64.02%, Loss: 2.0056
Epoch: 8, Batch: 1130, Acc: 64.04%, Loss: 1.9865
Epoch: 8, Batch: 1140, Acc: 64.04%, Loss: 1.9908
Epoch: 8, Batch: 1150, Acc: 64.05%, Loss: 2.0277
Epoch: 8, Batch: 1160, Acc: 64.02%, Loss: 2.0398
Epoch: 8, Batch: 1170, Acc: 64.02%, Loss: 2.0476
Epoch: 8, Batch: 1180, Acc: 64.01%, Loss: 2.0266
Epoch: 8, Batch: 1190, Acc: 64.03%, Loss: 1.9849
Epoch: 8, Batch: 1200, Acc: 64.03%, Loss: 2.0646
Epoch: 8, Batch: 1210, Acc: 64.02%, Loss: 2.0165
Epoch: 8, Batch: 1220, Acc: 64.03%, Loss: 2.0089
Epoch: 8, Batch: 1230, Acc: 64.03%, Loss: 2.0168
Epoch: 8, Batch: 1240, Acc: 63.99%, Loss: 2.0518
Epoch: 8, Batch: 1250, Acc: 63.99%, Loss: 2.0487
Epoch: 8, Batch: 1260, Acc: 63.98%, Loss: 2.0398
Epoch: 8, Batch: 1270, Acc: 63.99%, Loss: 1.9838
Epoch: 8, Batch: 1280, Acc: 63.99%, Loss: 2.0305
Epoch: 8, Batch: 1290, Acc: 64.00%, Loss: 2.0359
Epoch: 8, Batch: 1300, Acc: 64.01%, Loss: 2.0161
Epoch: 8, Batch: 1310, Acc: 64.01%, Loss: 2.0232
Epoch: 8, Batch: 1320, Acc: 64.01%, Loss: 2.0461
Epoch: 8, Batch: 1330, Acc: 64.02%, Loss: 1.9911
Epoch: 8, Batch: 1340, Acc: 64.03%, Loss: 2.0008
Epoch: 8, Batch: 1350, Acc: 64.03%, Loss: 2.0230
Epoch: 8, Batch: 1360, Acc: 64.05%, Loss: 1.9777
Epoch: 8, Batch: 1370, Acc: 64.03%, Loss: 2.0432
Epoch: 8, Batch: 1380, Acc: 64.04%, Loss: 2.0114
Epoch: 8, Batch: 1390, Acc: 64.09%, Loss: 1.9547
Epoch: 8, Batch: 1400, Acc: 64.05%, Loss: 2.0591
Epoch: 8, Batch: 1410, Acc: 64.03%, Loss: 2.0629
Epoch: 8, Batch: 1420, Acc: 64.02%, Loss: 2.0603
Epoch: 8, Batch: 1430, Acc: 64.01%, Loss: 2.0517
Epoch: 8, Batch: 1440, Acc: 64.02%, Loss: 2.0267
Epoch: 8, Batch: 1450, Acc: 64.03%, Loss: 2.0287
Epoch: 8, Batch: 1460, Acc: 64.03%, Loss: 2.0182
Epoch: 8, Batch: 1470, Acc: 64.03%, Loss: 2.0184
Epoch: 8, Batch: 1480, Acc: 64.03%, Loss: 2.0200
Epoch: 8, Batch: 1490, Acc: 64.02%, Loss: 2.0547
Epoch: 8, Batch: 1500, Acc: 64.02%, Loss: 2.0305
Epoch: 8, Batch: 1510, Acc: 64.02%, Loss: 2.0117
Epoch: 8, Batch: 1520, Acc: 63.99%, Loss: 2.0698
Epoch: 8, Batch: 1530, Acc: 63.98%, Loss: 2.0523
Epoch: 8, Batch: 1540, Acc: 64.00%, Loss: 1.9843
Epoch: 8, Batch: 1550, Acc: 64.01%, Loss: 2.0423
Epoch: 8, Batch: 1560, Acc: 64.00%, Loss: 2.0376
Epoch: 8, Batch: 1570, Acc: 63.99%, Loss: 2.0406
Epoch: 8, Batch: 1580, Acc: 64.00%, Loss: 2.0282
Epoch: 8, Batch: 1590, Acc: 64.00%, Loss: 2.0266
Epoch: 8, Batch: 1600, Acc: 64.01%, Loss: 1.9756
Epoch: 8, Batch: 1610, Acc: 64.00%, Loss: 2.0586
Epoch: 8, Batch: 1620, Acc: 63.99%, Loss: 2.0559
Epoch: 8, Batch: 1630, Acc: 63.99%, Loss: 2.0545
Epoch: 8, Batch: 1640, Acc: 63.96%, Loss: 2.0365
Epoch: 8, Batch: 1650, Acc: 63.96%, Loss: 2.0509
Epoch: 8, Batch: 1660, Acc: 63.97%, Loss: 2.0201
Epoch: 8, Batch: 1670, Acc: 63.98%, Loss: 1.9995
Epoch: 8, Batch: 1680, Acc: 63.96%, Loss: 2.0607
Epoch: 8, Batch: 1690, Acc: 63.97%, Loss: 2.0103
Epoch: 8, Batch: 1700, Acc: 64.00%, Loss: 1.9636
Epoch: 8, Batch: 1710, Acc: 63.99%, Loss: 2.0511
Epoch: 8, Batch: 1720, Acc: 63.97%, Loss: 2.0988
Epoch: 8, Batch: 1730, Acc: 63.98%, Loss: 2.0110
Epoch: 8, Batch: 1740, Acc: 63.98%, Loss: 2.0349
Epoch: 8, Batch: 1750, Acc: 63.99%, Loss: 1.9761
Epoch: 8, Batch: 1760, Acc: 64.00%, Loss: 1.9914
Epoch: 8, Batch: 1770, Acc: 64.01%, Loss: 1.9796
Epoch: 8, Batch: 1780, Acc: 64.00%, Loss: 2.0445
Epoch: 8, Batch: 1790, Acc: 64.01%, Loss: 2.0123
Epoch: 8, Batch: 1800, Acc: 63.99%, Loss: 2.0522
Epoch: 8, Batch: 1810, Acc: 63.98%, Loss: 2.0448
Epoch: 8, Batch: 1820, Acc: 63.98%, Loss: 2.0117
Epoch: 8, Batch: 1830, Acc: 63.96%, Loss: 2.0539
Epoch: 8, Batch: 1840, Acc: 63.94%, Loss: 2.0550
Epoch: 8, Batch: 1850, Acc: 63.93%, Loss: 2.0281
Epoch: 8, Batch: 1860, Acc: 63.94%, Loss: 1.9979
Epoch: 8, Batch: 1870, Acc: 63.93%, Loss: 2.0483
Epoch: 8, Batch: 1880, Acc: 63.92%, Loss: 2.0578
Epoch: 8, Batch: 1890, Acc: 63.93%, Loss: 2.0107
Epoch: 8, Batch: 1900, Acc: 63.93%, Loss: 2.0191
Epoch: 8, Batch: 1910, Acc: 63.94%, Loss: 2.0001
Epoch: 8, Batch: 1920, Acc: 63.93%, Loss: 2.0486
Epoch: 8, Batch: 1930, Acc: 63.93%, Loss: 2.0484
Epoch: 8, Batch: 1940, Acc: 63.93%, Loss: 2.0277
Epoch: 8, Batch: 1950, Acc: 63.94%, Loss: 1.9789
Epoch: 8, Batch: 1960, Acc: 63.94%, Loss: 1.9958
Epoch: 8, Batch: 1970, Acc: 63.93%, Loss: 2.0504
Epoch: 8, Batch: 1980, Acc: 63.92%, Loss: 2.0232
Epoch: 8, Batch: 1990, Acc: 63.93%, Loss: 1.9995
Epoch: 8, Batch: 2000, Acc: 63.93%, Loss: 2.0527
Epoch: 8, Batch: 2010, Acc: 63.94%, Loss: 2.0026
Epoch: 8, Batch: 2020, Acc: 63.94%, Loss: 2.0397
Epoch: 8, Batch: 2030, Acc: 63.94%, Loss: 2.0310
Epoch: 8, Batch: 2040, Acc: 63.94%, Loss: 1.9883
Epoch: 8, Batch: 2050, Acc: 63.95%, Loss: 2.0023
Epoch: 8, Batch: 2060, Acc: 63.94%, Loss: 2.0659
Epoch: 8, Batch: 2070, Acc: 63.95%, Loss: 1.9977
Epoch: 8, Batch: 2080, Acc: 63.96%, Loss: 2.0154
Epoch: 8, Batch: 2090, Acc: 63.95%, Loss: 2.0279
Epoch: 8, Batch: 2100, Acc: 63.94%, Loss: 2.0253
Epoch: 8, Batch: 2110, Acc: 63.94%, Loss: 2.0462
Epoch: 8, Batch: 2120, Acc: 63.95%, Loss: 1.9786
Epoch: 8, Batch: 2130, Acc: 63.95%, Loss: 2.0176
Epoch: 8, Batch: 2140, Acc: 63.95%, Loss: 2.0145
Epoch: 8, Batch: 2150, Acc: 63.96%, Loss: 2.0201
Epoch: 8, Batch: 2160, Acc: 63.97%, Loss: 1.9594
Epoch: 8, Batch: 2170, Acc: 63.96%, Loss: 2.0552
Epoch: 8, Batch: 2180, Acc: 63.98%, Loss: 1.9824
Epoch: 8, Batch: 2190, Acc: 63.97%, Loss: 2.0132
Epoch: 8, Batch: 2200, Acc: 63.97%, Loss: 2.0126
Epoch: 8, Batch: 2210, Acc: 63.97%, Loss: 2.0468
Epoch: 8, Batch: 2220, Acc: 63.97%, Loss: 1.9945
Epoch: 8, Batch: 2230, Acc: 63.97%, Loss: 2.0279
Epoch: 8, Batch: 2240, Acc: 63.95%, Loss: 2.0708
Epoch: 8, Batch: 2250, Acc: 63.96%, Loss: 1.9820
Epoch: 8, Batch: 2260, Acc: 63.94%, Loss: 2.0382
Epoch: 8, Batch: 2270, Acc: 63.94%, Loss: 2.0302
Epoch: 8, Batch: 2280, Acc: 63.95%, Loss: 2.0023
Epoch: 8, Batch: 2290, Acc: 63.96%, Loss: 1.9817
Epoch: 8, Batch: 2300, Acc: 63.96%, Loss: 2.0434
Epoch: 8, Batch: 2310, Acc: 63.96%, Loss: 2.0161
Epoch: 8, Batch: 2320, Acc: 63.95%, Loss: 2.0163
Epoch: 8, Batch: 2330, Acc: 63.96%, Loss: 2.0248
Epoch: 8, Batch: 2340, Acc: 63.96%, Loss: 2.0200
Epoch: 8, Batch: 2350, Acc: 63.97%, Loss: 2.0310
Epoch: 8, Batch: 2360, Acc: 63.97%, Loss: 2.0405
Epoch: 8, Batch: 2370, Acc: 63.97%, Loss: 2.0020
Epoch: 8, Batch: 2380, Acc: 63.96%, Loss: 2.0482
Epoch: 8, Batch: 2390, Acc: 63.95%, Loss: 2.0456
Epoch: 8, Batch: 2400, Acc: 63.96%, Loss: 1.9797
Epoch: 8, Batch: 2410, Acc: 63.97%, Loss: 1.9695
Epoch: 8, Batch: 2420, Acc: 63.97%, Loss: 2.0924
Epoch: 8, Batch: 2430, Acc: 63.97%, Loss: 1.9697
Epoch: 8, Batch: 2440, Acc: 63.97%, Loss: 2.0528
Epoch: 8, Batch: 2450, Acc: 63.99%, Loss: 1.9728
Epoch: 8, Batch: 2460, Acc: 63.99%, Loss: 2.0211
Epoch: 8, Batch: 2470, Acc: 63.99%, Loss: 2.0301
Epoch: 8, Batch: 2480, Acc: 63.99%, Loss: 1.9924
Epoch: 8, Batch: 2490, Acc: 64.00%, Loss: 2.0129
Epoch: 8, Batch: 2500, Acc: 64.00%, Loss: 2.0132
Epoch: 8, Batch: 2510, Acc: 64.01%, Loss: 2.0354
Epoch: 8, Batch: 2520, Acc: 64.00%, Loss: 2.0273
Epoch: 8, Batch: 2530, Acc: 64.02%, Loss: 1.9632
Epoch: 8, Batch: 2540, Acc: 64.03%, Loss: 2.0301
Epoch: 8, Batch: 2550, Acc: 64.01%, Loss: 2.0394
Epoch: 8, Batch: 2560, Acc: 64.01%, Loss: 2.0268
Epoch: 8, Batch: 2570, Acc: 64.01%, Loss: 2.0014
Epoch: 8, Batch: 2580, Acc: 64.01%, Loss: 1.9924
Epoch: 8, Batch: 2590, Acc: 64.02%, Loss: 2.0108
Epoch: 8, Batch: 2600, Acc: 64.02%, Loss: 2.0086
Epoch: 8, Batch: 2610, Acc: 64.03%, Loss: 2.0072
Epoch: 8, Batch: 2620, Acc: 64.00%, Loss: 2.0870
Epoch: 8, Batch: 2630, Acc: 64.00%, Loss: 1.9895
Epoch: 8, Batch: 2640, Acc: 64.00%, Loss: 2.0159
Epoch: 8, Batch: 2650, Acc: 64.00%, Loss: 1.9922
Epoch: 8, Batch: 2660, Acc: 63.98%, Loss: 2.0710
Epoch: 8, Batch: 2670, Acc: 63.98%, Loss: 2.0039
Epoch: 8, Batch: 2680, Acc: 63.99%, Loss: 2.0068
Epoch: 8, Batch: 2690, Acc: 63.99%, Loss: 2.0403
Epoch: 8, Batch: 2700, Acc: 63.98%, Loss: 2.0566
Epoch: 8, Batch: 2710, Acc: 63.99%, Loss: 2.0171
Epoch: 8, Batch: 2720, Acc: 63.98%, Loss: 2.0613
Epoch: 8, Batch: 2730, Acc: 64.00%, Loss: 1.9377
Epoch: 8, Batch: 2740, Acc: 63.99%, Loss: 2.0407
Epoch: 8, Batch: 2750, Acc: 63.99%, Loss: 1.9837
Epoch: 8, Batch: 2760, Acc: 64.00%, Loss: 1.9914
Epoch: 8, Batch: 2770, Acc: 64.00%, Loss: 2.0575
Epoch: 8, Batch: 2780, Acc: 64.00%, Loss: 2.0056
Epoch: 8, Batch: 2790, Acc: 63.99%, Loss: 2.0184
Epoch: 8, Batch: 2800, Acc: 63.99%, Loss: 2.0304
Epoch: 8, Batch: 2810, Acc: 64.00%, Loss: 2.0049
Epoch: 8, Batch: 2820, Acc: 64.01%, Loss: 2.0118
Epoch: 8, Batch: 2830, Acc: 64.00%, Loss: 2.0407
Epoch: 8, Batch: 2840, Acc: 64.00%, Loss: 2.0802
Epoch: 8, Batch: 2850, Acc: 64.00%, Loss: 2.0227
Epoch: 8, Batch: 2860, Acc: 64.00%, Loss: 2.0204
Epoch: 8, Batch: 2870, Acc: 64.01%, Loss: 2.0016
Epoch: 8, Batch: 2880, Acc: 64.01%, Loss: 2.0140
Epoch 8: val_acc=0.6475, best_val_acc=0.6388, es_counter=2
Epoch: 9, Batch: 10, Acc: 63.12%, Loss: 2.0134
Epoch: 9, Batch: 20, Acc: 63.75%, Loss: 2.0237
Epoch: 9, Batch: 30, Acc: 63.18%, Loss: 2.0196
Epoch: 9, Batch: 40, Acc: 62.66%, Loss: 2.0524
Epoch: 9, Batch: 50, Acc: 63.28%, Loss: 2.0313
Epoch: 9, Batch: 60, Acc: 63.46%, Loss: 1.9912
Epoch: 9, Batch: 70, Acc: 63.88%, Loss: 2.0026
Epoch: 9, Batch: 80, Acc: 64.10%, Loss: 1.9811
Epoch: 9, Batch: 90, Acc: 63.65%, Loss: 2.0375
Epoch: 9, Batch: 100, Acc: 63.59%, Loss: 2.0333
Epoch: 9, Batch: 110, Acc: 63.68%, Loss: 1.9993
Epoch: 9, Batch: 120, Acc: 63.82%, Loss: 2.0114
Epoch: 9, Batch: 130, Acc: 63.68%, Loss: 2.0505
Epoch: 9, Batch: 140, Acc: 63.56%, Loss: 2.0175
Epoch: 9, Batch: 150, Acc: 63.71%, Loss: 1.9854
Epoch: 9, Batch: 160, Acc: 63.95%, Loss: 1.9809
Epoch: 9, Batch: 170, Acc: 63.81%, Loss: 2.0371
Epoch: 9, Batch: 180, Acc: 63.83%, Loss: 2.0334
Epoch: 9, Batch: 190, Acc: 63.92%, Loss: 1.9986
Epoch: 9, Batch: 200, Acc: 63.95%, Loss: 2.0053
Epoch: 9, Batch: 210, Acc: 64.00%, Loss: 1.9804
Epoch: 9, Batch: 220, Acc: 64.13%, Loss: 1.9624
Epoch: 9, Batch: 230, Acc: 64.13%, Loss: 2.0108
Epoch: 9, Batch: 240, Acc: 64.07%, Loss: 2.0347
Epoch: 9, Batch: 250, Acc: 64.08%, Loss: 1.9987
Epoch: 9, Batch: 260, Acc: 64.05%, Loss: 2.0517
Epoch: 9, Batch: 270, Acc: 64.06%, Loss: 2.0209
Epoch: 9, Batch: 280, Acc: 64.10%, Loss: 2.0045
Epoch: 9, Batch: 290, Acc: 64.15%, Loss: 1.9835
Epoch: 9, Batch: 300, Acc: 64.06%, Loss: 2.0512
Epoch: 9, Batch: 310, Acc: 64.03%, Loss: 2.0408
Epoch: 9, Batch: 320, Acc: 64.05%, Loss: 2.0064
Epoch: 9, Batch: 330, Acc: 64.03%, Loss: 2.0053
Epoch: 9, Batch: 340, Acc: 63.92%, Loss: 2.0700
Epoch: 9, Batch: 350, Acc: 63.88%, Loss: 2.0295
Epoch: 9, Batch: 360, Acc: 63.88%, Loss: 2.0213
Epoch: 9, Batch: 370, Acc: 63.72%, Loss: 2.1145
Epoch: 9, Batch: 380, Acc: 63.74%, Loss: 1.9988
Epoch: 9, Batch: 390, Acc: 63.71%, Loss: 2.0249
Epoch: 9, Batch: 400, Acc: 63.62%, Loss: 2.0492
Epoch: 9, Batch: 410, Acc: 63.69%, Loss: 2.0119
Epoch: 9, Batch: 420, Acc: 63.74%, Loss: 2.0120
Epoch: 9, Batch: 430, Acc: 63.77%, Loss: 1.9777
Epoch: 9, Batch: 440, Acc: 63.81%, Loss: 1.9944
Epoch: 9, Batch: 450, Acc: 63.78%, Loss: 2.0235
Epoch: 9, Batch: 460, Acc: 63.82%, Loss: 2.0194
Epoch: 9, Batch: 470, Acc: 63.83%, Loss: 2.0289
Epoch: 9, Batch: 480, Acc: 63.87%, Loss: 2.0158
Epoch: 9, Batch: 490, Acc: 63.88%, Loss: 2.0049
Epoch: 9, Batch: 500, Acc: 63.84%, Loss: 2.0440
Epoch: 9, Batch: 510, Acc: 63.78%, Loss: 2.0593
Epoch: 9, Batch: 520, Acc: 63.84%, Loss: 2.0127
Epoch: 9, Batch: 530, Acc: 63.86%, Loss: 1.9679
Epoch: 9, Batch: 540, Acc: 63.92%, Loss: 1.9992
Epoch: 9, Batch: 550, Acc: 63.91%, Loss: 2.0180
Epoch: 9, Batch: 560, Acc: 63.92%, Loss: 2.0231
Epoch: 9, Batch: 570, Acc: 63.93%, Loss: 2.0029
Epoch: 9, Batch: 580, Acc: 63.91%, Loss: 1.9905
Epoch: 9, Batch: 590, Acc: 63.92%, Loss: 2.0154
Epoch: 9, Batch: 600, Acc: 63.91%, Loss: 2.0462
Epoch: 9, Batch: 610, Acc: 63.92%, Loss: 1.9952
Epoch: 9, Batch: 620, Acc: 63.92%, Loss: 2.0370
Epoch: 9, Batch: 630, Acc: 63.94%, Loss: 2.0368
Epoch: 9, Batch: 640, Acc: 63.93%, Loss: 2.0141
Epoch: 9, Batch: 650, Acc: 63.93%, Loss: 2.0139
Epoch: 9, Batch: 660, Acc: 63.87%, Loss: 2.0734
Epoch: 9, Batch: 670, Acc: 63.88%, Loss: 2.0009
Epoch: 9, Batch: 680, Acc: 63.94%, Loss: 1.9486
Epoch: 9, Batch: 690, Acc: 63.95%, Loss: 2.0069
Epoch: 9, Batch: 700, Acc: 63.98%, Loss: 2.0009
Epoch: 9, Batch: 710, Acc: 63.98%, Loss: 2.0211
Epoch: 9, Batch: 720, Acc: 63.94%, Loss: 2.0385
Epoch: 9, Batch: 730, Acc: 63.93%, Loss: 2.0062
Epoch: 9, Batch: 740, Acc: 63.89%, Loss: 2.0564
Epoch: 9, Batch: 750, Acc: 63.88%, Loss: 2.0099
Epoch: 9, Batch: 760, Acc: 63.89%, Loss: 1.9893
Epoch: 9, Batch: 770, Acc: 63.94%, Loss: 1.9912
Epoch: 9, Batch: 780, Acc: 63.95%, Loss: 2.0016
Epoch: 9, Batch: 790, Acc: 63.99%, Loss: 1.9873
Epoch: 9, Batch: 800, Acc: 64.00%, Loss: 2.0052
Epoch: 9, Batch: 810, Acc: 64.01%, Loss: 1.9943
Epoch: 9, Batch: 820, Acc: 63.98%, Loss: 1.9826
Epoch: 9, Batch: 830, Acc: 64.00%, Loss: 1.9986
Epoch: 9, Batch: 840, Acc: 64.03%, Loss: 2.0069
Epoch: 9, Batch: 850, Acc: 64.06%, Loss: 1.9943
Epoch: 9, Batch: 860, Acc: 64.06%, Loss: 2.0309
Epoch: 9, Batch: 870, Acc: 64.08%, Loss: 1.9963
Epoch: 9, Batch: 880, Acc: 64.07%, Loss: 2.0458
Epoch: 9, Batch: 890, Acc: 64.08%, Loss: 2.0358
Epoch: 9, Batch: 900, Acc: 64.08%, Loss: 2.0089
Epoch: 9, Batch: 910, Acc: 64.10%, Loss: 2.0016
Epoch: 9, Batch: 920, Acc: 64.09%, Loss: 2.0221
Epoch: 9, Batch: 930, Acc: 64.10%, Loss: 2.0106
Epoch: 9, Batch: 940, Acc: 64.13%, Loss: 2.0002
Epoch: 9, Batch: 950, Acc: 64.17%, Loss: 1.9725
Epoch: 9, Batch: 960, Acc: 64.18%, Loss: 2.0007
Epoch: 9, Batch: 970, Acc: 64.17%, Loss: 2.0309
Epoch: 9, Batch: 980, Acc: 64.15%, Loss: 2.0347
Epoch: 9, Batch: 990, Acc: 64.17%, Loss: 1.9976
Epoch: 9, Batch: 1000, Acc: 64.15%, Loss: 2.0214
Epoch: 9, Batch: 1010, Acc: 64.16%, Loss: 2.0180
Epoch: 9, Batch: 1020, Acc: 64.15%, Loss: 2.0367
Epoch: 9, Batch: 1030, Acc: 64.14%, Loss: 2.0678
Epoch: 9, Batch: 1040, Acc: 64.17%, Loss: 1.9601
Epoch: 9, Batch: 1050, Acc: 64.16%, Loss: 2.0724
Epoch: 9, Batch: 1060, Acc: 64.17%, Loss: 2.0235
Epoch: 9, Batch: 1070, Acc: 64.13%, Loss: 2.0395
Epoch: 9, Batch: 1080, Acc: 64.14%, Loss: 1.9978
Epoch: 9, Batch: 1090, Acc: 64.16%, Loss: 2.0259
Epoch: 9, Batch: 1100, Acc: 64.18%, Loss: 1.9621
Epoch: 9, Batch: 1110, Acc: 64.16%, Loss: 2.0342
Epoch: 9, Batch: 1120, Acc: 64.19%, Loss: 2.0115
Epoch: 9, Batch: 1130, Acc: 64.18%, Loss: 2.0601
Epoch: 9, Batch: 1140, Acc: 64.19%, Loss: 1.9528
Epoch: 9, Batch: 1150, Acc: 64.20%, Loss: 2.0281
Epoch: 9, Batch: 1160, Acc: 64.22%, Loss: 2.0139
Epoch: 9, Batch: 1170, Acc: 64.21%, Loss: 2.0272
Epoch: 9, Batch: 1180, Acc: 64.20%, Loss: 2.0114
Epoch: 9, Batch: 1190, Acc: 64.20%, Loss: 2.0125
Epoch: 9, Batch: 1200, Acc: 64.19%, Loss: 2.0118
Epoch: 9, Batch: 1210, Acc: 64.18%, Loss: 2.0482
Epoch: 9, Batch: 1220, Acc: 64.18%, Loss: 2.0262
Epoch: 9, Batch: 1230, Acc: 64.15%, Loss: 2.0839
Epoch: 9, Batch: 1240, Acc: 64.16%, Loss: 2.0059
Epoch: 9, Batch: 1250, Acc: 64.18%, Loss: 1.9924
Epoch: 9, Batch: 1260, Acc: 64.21%, Loss: 2.0338
Epoch: 9, Batch: 1270, Acc: 64.19%, Loss: 2.0412
Epoch: 9, Batch: 1280, Acc: 64.20%, Loss: 1.9811
Epoch: 9, Batch: 1290, Acc: 64.21%, Loss: 1.9825
Epoch: 9, Batch: 1300, Acc: 64.20%, Loss: 2.0138
Epoch: 9, Batch: 1310, Acc: 64.20%, Loss: 2.0147
Epoch: 9, Batch: 1320, Acc: 64.21%, Loss: 1.9933
Epoch: 9, Batch: 1330, Acc: 64.21%, Loss: 2.0109
Epoch: 9, Batch: 1340, Acc: 64.23%, Loss: 1.9726
Epoch: 9, Batch: 1350, Acc: 64.23%, Loss: 1.9784
Epoch: 9, Batch: 1360, Acc: 64.25%, Loss: 1.9845
Epoch: 9, Batch: 1370, Acc: 64.28%, Loss: 1.9636
Epoch: 9, Batch: 1380, Acc: 64.26%, Loss: 2.0277
Epoch: 9, Batch: 1390, Acc: 64.28%, Loss: 1.9933
Epoch: 9, Batch: 1400, Acc: 64.26%, Loss: 2.0334
Epoch: 9, Batch: 1410, Acc: 64.24%, Loss: 2.0471
Epoch: 9, Batch: 1420, Acc: 64.26%, Loss: 1.9954
Epoch: 9, Batch: 1430, Acc: 64.25%, Loss: 2.0451
Epoch: 9, Batch: 1440, Acc: 64.26%, Loss: 1.9893
Epoch: 9, Batch: 1450, Acc: 64.27%, Loss: 2.0221
Epoch: 9, Batch: 1460, Acc: 64.29%, Loss: 1.9652
Epoch: 9, Batch: 1470, Acc: 64.30%, Loss: 2.0052
Epoch: 9, Batch: 1480, Acc: 64.31%, Loss: 2.0047
Epoch: 9, Batch: 1490, Acc: 64.29%, Loss: 2.0269
Epoch: 9, Batch: 1500, Acc: 64.28%, Loss: 2.0143
Epoch: 9, Batch: 1510, Acc: 64.29%, Loss: 2.0062
Epoch: 9, Batch: 1520, Acc: 64.30%, Loss: 2.0165
Epoch: 9, Batch: 1530, Acc: 64.29%, Loss: 2.0239
Epoch: 9, Batch: 1540, Acc: 64.31%, Loss: 1.9628
Epoch: 9, Batch: 1550, Acc: 64.30%, Loss: 1.9962
Epoch: 9, Batch: 1560, Acc: 64.30%, Loss: 2.0217
Epoch: 9, Batch: 1570, Acc: 64.29%, Loss: 2.0318
Epoch: 9, Batch: 1580, Acc: 64.28%, Loss: 2.0533
Epoch: 9, Batch: 1590, Acc: 64.27%, Loss: 1.9933
Epoch: 9, Batch: 1600, Acc: 64.25%, Loss: 2.0594
Epoch: 9, Batch: 1610, Acc: 64.25%, Loss: 2.0155
Epoch: 9, Batch: 1620, Acc: 64.24%, Loss: 2.0262
Epoch: 9, Batch: 1630, Acc: 64.22%, Loss: 2.0804
Epoch: 9, Batch: 1640, Acc: 64.22%, Loss: 1.9778
Epoch: 9, Batch: 1650, Acc: 64.21%, Loss: 2.0520
Epoch: 9, Batch: 1660, Acc: 64.18%, Loss: 2.0779
Epoch: 9, Batch: 1670, Acc: 64.19%, Loss: 2.0409
Epoch: 9, Batch: 1680, Acc: 64.18%, Loss: 2.0306
Epoch: 9, Batch: 1690, Acc: 64.18%, Loss: 1.9955
Epoch: 9, Batch: 1700, Acc: 64.17%, Loss: 2.0153
Epoch: 9, Batch: 1710, Acc: 64.17%, Loss: 2.0117
Epoch: 9, Batch: 1720, Acc: 64.18%, Loss: 2.0154
Epoch: 9, Batch: 1730, Acc: 64.18%, Loss: 2.0035
Epoch: 9, Batch: 1740, Acc: 64.18%, Loss: 2.0177
Epoch: 9, Batch: 1750, Acc: 64.19%, Loss: 1.9964
Epoch: 9, Batch: 1760, Acc: 64.21%, Loss: 1.9666
Epoch: 9, Batch: 1770, Acc: 64.21%, Loss: 1.9986
Epoch: 9, Batch: 1780, Acc: 64.22%, Loss: 1.9901
Epoch: 9, Batch: 1790, Acc: 64.22%, Loss: 2.0460
Epoch: 9, Batch: 1800, Acc: 64.24%, Loss: 1.9880
Epoch: 9, Batch: 1810, Acc: 64.24%, Loss: 1.9985
Epoch: 9, Batch: 1820, Acc: 64.24%, Loss: 1.9946
Epoch: 9, Batch: 1830, Acc: 64.24%, Loss: 2.0491
Epoch: 9, Batch: 1840, Acc: 64.24%, Loss: 2.0230
Epoch: 9, Batch: 1850, Acc: 64.24%, Loss: 2.0135
Epoch: 9, Batch: 1860, Acc: 64.24%, Loss: 2.0433
Epoch: 9, Batch: 1870, Acc: 64.25%, Loss: 2.0139
Epoch: 9, Batch: 1880, Acc: 64.23%, Loss: 2.0721
Epoch: 9, Batch: 1890, Acc: 64.25%, Loss: 1.9836
Epoch: 9, Batch: 1900, Acc: 64.25%, Loss: 2.0240
Epoch: 9, Batch: 1910, Acc: 64.24%, Loss: 2.0256
Epoch: 9, Batch: 1920, Acc: 64.25%, Loss: 1.9678
Epoch: 9, Batch: 1930, Acc: 64.24%, Loss: 2.0392
Epoch: 9, Batch: 1940, Acc: 64.23%, Loss: 2.0356
Epoch: 9, Batch: 1950, Acc: 64.22%, Loss: 2.0734
Epoch: 9, Batch: 1960, Acc: 64.23%, Loss: 1.9906
Epoch: 9, Batch: 1970, Acc: 64.22%, Loss: 2.0112
Epoch: 9, Batch: 1980, Acc: 64.22%, Loss: 2.0471
Epoch: 9, Batch: 1990, Acc: 64.21%, Loss: 2.0005
Epoch: 9, Batch: 2000, Acc: 64.22%, Loss: 2.0062
Epoch: 9, Batch: 2010, Acc: 64.23%, Loss: 1.9930
Epoch: 9, Batch: 2020, Acc: 64.23%, Loss: 2.0326
Epoch: 9, Batch: 2030, Acc: 64.23%, Loss: 2.0271
Epoch: 9, Batch: 2040, Acc: 64.23%, Loss: 1.9980
Epoch: 9, Batch: 2050, Acc: 64.23%, Loss: 2.0213
Epoch: 9, Batch: 2060, Acc: 64.24%, Loss: 1.9927
Epoch: 9, Batch: 2070, Acc: 64.25%, Loss: 1.9780
Epoch: 9, Batch: 2080, Acc: 64.26%, Loss: 2.0088
Epoch: 9, Batch: 2090, Acc: 64.26%, Loss: 1.9964
Epoch: 9, Batch: 2100, Acc: 64.25%, Loss: 2.0431
Epoch: 9, Batch: 2110, Acc: 64.24%, Loss: 2.0693
Epoch: 9, Batch: 2120, Acc: 64.23%, Loss: 2.0375
Epoch: 9, Batch: 2130, Acc: 64.24%, Loss: 1.9851
Epoch: 9, Batch: 2140, Acc: 64.23%, Loss: 2.0204
Epoch: 9, Batch: 2150, Acc: 64.25%, Loss: 1.9632
Epoch: 9, Batch: 2160, Acc: 64.25%, Loss: 2.0203
Epoch: 9, Batch: 2170, Acc: 64.24%, Loss: 2.0368
Epoch: 9, Batch: 2180, Acc: 64.25%, Loss: 1.9991
Epoch: 9, Batch: 2190, Acc: 64.25%, Loss: 2.0275
Epoch: 9, Batch: 2200, Acc: 64.25%, Loss: 2.0259
Epoch: 9, Batch: 2210, Acc: 64.24%, Loss: 2.0556
Epoch: 9, Batch: 2220, Acc: 64.25%, Loss: 2.0078
Epoch: 9, Batch: 2230, Acc: 64.26%, Loss: 1.9947
Epoch: 9, Batch: 2240, Acc: 64.28%, Loss: 1.9853
Epoch: 9, Batch: 2250, Acc: 64.27%, Loss: 2.0413
Epoch: 9, Batch: 2260, Acc: 64.28%, Loss: 1.9970
Epoch: 9, Batch: 2270, Acc: 64.28%, Loss: 2.0073
Epoch: 9, Batch: 2280, Acc: 64.28%, Loss: 2.0154
Epoch: 9, Batch: 2290, Acc: 64.27%, Loss: 2.0256
Epoch: 9, Batch: 2300, Acc: 64.28%, Loss: 1.9843
Epoch: 9, Batch: 2310, Acc: 64.29%, Loss: 1.9857
Epoch: 9, Batch: 2320, Acc: 64.29%, Loss: 1.9942
Epoch: 9, Batch: 2330, Acc: 64.31%, Loss: 1.9782
Epoch: 9, Batch: 2340, Acc: 64.31%, Loss: 2.0135
Epoch: 9, Batch: 2350, Acc: 64.33%, Loss: 1.9923
Epoch: 9, Batch: 2360, Acc: 64.33%, Loss: 1.9813
Epoch: 9, Batch: 2370, Acc: 64.32%, Loss: 2.0341
Epoch: 9, Batch: 2380, Acc: 64.33%, Loss: 1.9898
Epoch: 9, Batch: 2390, Acc: 64.34%, Loss: 2.0004
Epoch: 9, Batch: 2400, Acc: 64.33%, Loss: 2.0309
Epoch: 9, Batch: 2410, Acc: 64.32%, Loss: 2.0853
Epoch: 9, Batch: 2420, Acc: 64.33%, Loss: 1.9896
Epoch: 9, Batch: 2430, Acc: 64.33%, Loss: 2.0005
Epoch: 9, Batch: 2440, Acc: 64.33%, Loss: 2.0384
Epoch: 9, Batch: 2450, Acc: 64.32%, Loss: 2.0389
Epoch: 9, Batch: 2460, Acc: 64.33%, Loss: 2.0163
Epoch: 9, Batch: 2470, Acc: 64.32%, Loss: 2.0570
Epoch: 9, Batch: 2480, Acc: 64.32%, Loss: 2.0122
Epoch: 9, Batch: 2490, Acc: 64.33%, Loss: 1.9798
Epoch: 9, Batch: 2500, Acc: 64.32%, Loss: 2.0283
Epoch: 9, Batch: 2510, Acc: 64.30%, Loss: 2.0643
Epoch: 9, Batch: 2520, Acc: 64.30%, Loss: 2.0366
Epoch: 9, Batch: 2530, Acc: 64.30%, Loss: 2.0035
Epoch: 9, Batch: 2540, Acc: 64.29%, Loss: 2.0320
Epoch: 9, Batch: 2550, Acc: 64.29%, Loss: 2.0204
Epoch: 9, Batch: 2560, Acc: 64.30%, Loss: 2.0152
Epoch: 9, Batch: 2570, Acc: 64.29%, Loss: 2.0447
Epoch: 9, Batch: 2580, Acc: 64.29%, Loss: 2.0264
Epoch: 9, Batch: 2590, Acc: 64.28%, Loss: 2.0417
Epoch: 9, Batch: 2600, Acc: 64.28%, Loss: 2.0557
Epoch: 9, Batch: 2610, Acc: 64.28%, Loss: 2.0194
Epoch: 9, Batch: 2620, Acc: 64.28%, Loss: 2.0143
Epoch: 9, Batch: 2630, Acc: 64.29%, Loss: 1.9855
Epoch: 9, Batch: 2640, Acc: 64.28%, Loss: 2.0350
Epoch: 9, Batch: 2650, Acc: 64.27%, Loss: 2.0612
Epoch: 9, Batch: 2660, Acc: 64.26%, Loss: 2.0483
Epoch: 9, Batch: 2670, Acc: 64.26%, Loss: 2.0048
Epoch: 9, Batch: 2680, Acc: 64.26%, Loss: 2.0712
Epoch: 9, Batch: 2690, Acc: 64.26%, Loss: 1.9863
Epoch: 9, Batch: 2700, Acc: 64.26%, Loss: 2.0298
Epoch: 9, Batch: 2710, Acc: 64.26%, Loss: 2.0186
Epoch: 9, Batch: 2720, Acc: 64.26%, Loss: 1.9889
Epoch: 9, Batch: 2730, Acc: 64.26%, Loss: 2.0194
Epoch: 9, Batch: 2740, Acc: 64.25%, Loss: 2.0513
Epoch: 9, Batch: 2750, Acc: 64.24%, Loss: 2.0271
Epoch: 9, Batch: 2760, Acc: 64.24%, Loss: 2.0476
Epoch: 9, Batch: 2770, Acc: 64.24%, Loss: 2.0084
Epoch: 9, Batch: 2780, Acc: 64.24%, Loss: 2.0379
Epoch: 9, Batch: 2790, Acc: 64.23%, Loss: 1.9924
Epoch: 9, Batch: 2800, Acc: 64.23%, Loss: 2.0460
Epoch: 9, Batch: 2810, Acc: 64.23%, Loss: 2.0189
Epoch: 9, Batch: 2820, Acc: 64.23%, Loss: 1.9930
Epoch: 9, Batch: 2830, Acc: 64.24%, Loss: 1.9951
Epoch: 9, Batch: 2840, Acc: 64.23%, Loss: 2.0350
Epoch: 9, Batch: 2850, Acc: 64.22%, Loss: 2.0635
Epoch: 9, Batch: 2860, Acc: 64.24%, Loss: 1.9876
Epoch: 9, Batch: 2870, Acc: 64.23%, Loss: 2.0292
Epoch: 9, Batch: 2880, Acc: 64.23%, Loss: 2.0293
Epoch 9: val_acc=0.6500, best_val_acc=0.6500, es_counter=0
Epoch: 10, Batch: 10, Acc: 65.47%, Loss: 2.0075
Epoch: 10, Batch: 20, Acc: 63.36%, Loss: 2.0456
Epoch: 10, Batch: 30, Acc: 64.22%, Loss: 1.9838
Epoch: 10, Batch: 40, Acc: 64.53%, Loss: 1.9950
Epoch: 10, Batch: 50, Acc: 64.97%, Loss: 1.9832
Epoch: 10, Batch: 60, Acc: 65.13%, Loss: 2.0309
Epoch: 10, Batch: 70, Acc: 65.07%, Loss: 1.9794
Epoch: 10, Batch: 80, Acc: 64.86%, Loss: 2.0404
Epoch: 10, Batch: 90, Acc: 64.58%, Loss: 2.0290
Epoch: 10, Batch: 100, Acc: 64.78%, Loss: 1.9810
Epoch: 10, Batch: 110, Acc: 65.00%, Loss: 1.9691
Epoch: 10, Batch: 120, Acc: 64.93%, Loss: 2.0072
Epoch: 10, Batch: 130, Acc: 64.78%, Loss: 2.0027
Epoch: 10, Batch: 140, Acc: 64.65%, Loss: 2.0281
Epoch: 10, Batch: 150, Acc: 64.73%, Loss: 2.0030
Epoch: 10, Batch: 160, Acc: 64.66%, Loss: 2.0166
Epoch: 10, Batch: 170, Acc: 64.49%, Loss: 2.0296
Epoch: 10, Batch: 180, Acc: 64.51%, Loss: 2.0230
Epoch: 10, Batch: 190, Acc: 64.42%, Loss: 2.0232
Epoch: 10, Batch: 200, Acc: 64.44%, Loss: 2.0085
Epoch: 10, Batch: 210, Acc: 64.45%, Loss: 2.0052
Epoch: 10, Batch: 220, Acc: 64.57%, Loss: 1.9923
Epoch: 10, Batch: 230, Acc: 64.54%, Loss: 2.0087
Epoch: 10, Batch: 240, Acc: 64.58%, Loss: 2.0131
Epoch: 10, Batch: 250, Acc: 64.58%, Loss: 2.0257
Epoch: 10, Batch: 260, Acc: 64.57%, Loss: 2.0085
Epoch: 10, Batch: 270, Acc: 64.50%, Loss: 2.0239
Epoch: 10, Batch: 280, Acc: 64.58%, Loss: 1.9772
Epoch: 10, Batch: 290, Acc: 64.58%, Loss: 2.0136
Epoch: 10, Batch: 300, Acc: 64.44%, Loss: 2.0661
Epoch: 10, Batch: 310, Acc: 64.54%, Loss: 1.9729
Epoch: 10, Batch: 320, Acc: 64.61%, Loss: 2.0000
Epoch: 10, Batch: 330, Acc: 64.57%, Loss: 2.0149
Epoch: 10, Batch: 340, Acc: 64.52%, Loss: 2.0518
Epoch: 10, Batch: 350, Acc: 64.56%, Loss: 2.0049
Epoch: 10, Batch: 360, Acc: 64.64%, Loss: 1.9591
Epoch: 10, Batch: 370, Acc: 64.64%, Loss: 2.0161
Epoch: 10, Batch: 380, Acc: 64.61%, Loss: 2.0460
Epoch: 10, Batch: 390, Acc: 64.59%, Loss: 2.0140
Epoch: 10, Batch: 400, Acc: 64.52%, Loss: 2.0800
Epoch: 10, Batch: 410, Acc: 64.58%, Loss: 1.9834
Epoch: 10, Batch: 420, Acc: 64.57%, Loss: 2.0153
Epoch: 10, Batch: 430, Acc: 64.53%, Loss: 2.0287
Epoch: 10, Batch: 440, Acc: 64.60%, Loss: 1.9703
Epoch: 10, Batch: 450, Acc: 64.59%, Loss: 2.0367
Epoch: 10, Batch: 460, Acc: 64.59%, Loss: 1.9963
Epoch: 10, Batch: 470, Acc: 64.59%, Loss: 2.0186
Epoch: 10, Batch: 480, Acc: 64.57%, Loss: 2.0428
Epoch: 10, Batch: 490, Acc: 64.52%, Loss: 1.9917
Epoch: 10, Batch: 500, Acc: 64.52%, Loss: 1.9903
Epoch: 10, Batch: 510, Acc: 64.52%, Loss: 2.0196
Epoch: 10, Batch: 520, Acc: 64.41%, Loss: 2.0792
Epoch: 10, Batch: 530, Acc: 64.40%, Loss: 2.0131
Epoch: 10, Batch: 540, Acc: 64.41%, Loss: 2.0134
Epoch: 10, Batch: 550, Acc: 64.36%, Loss: 2.0434
Epoch: 10, Batch: 560, Acc: 64.31%, Loss: 2.0223
Epoch: 10, Batch: 570, Acc: 64.28%, Loss: 2.0040
Epoch: 10, Batch: 580, Acc: 64.23%, Loss: 2.0260
Epoch: 10, Batch: 590, Acc: 64.20%, Loss: 2.0239
Epoch: 10, Batch: 600, Acc: 64.22%, Loss: 1.9931
Epoch: 10, Batch: 610, Acc: 64.27%, Loss: 1.9851
Epoch: 10, Batch: 620, Acc: 64.30%, Loss: 1.9881
Epoch: 10, Batch: 630, Acc: 64.23%, Loss: 2.0556
Epoch: 10, Batch: 640, Acc: 64.29%, Loss: 1.9463
Epoch: 10, Batch: 650, Acc: 64.22%, Loss: 2.0701
Epoch: 10, Batch: 660, Acc: 64.18%, Loss: 2.0587
Epoch: 10, Batch: 670, Acc: 64.19%, Loss: 2.0320
Epoch: 10, Batch: 680, Acc: 64.18%, Loss: 2.0460
Epoch: 10, Batch: 690, Acc: 64.15%, Loss: 2.0283
Epoch: 10, Batch: 700, Acc: 64.14%, Loss: 2.0101
Epoch: 10, Batch: 710, Acc: 64.10%, Loss: 2.0500
Epoch: 10, Batch: 720, Acc: 64.09%, Loss: 2.0194
Epoch: 10, Batch: 730, Acc: 64.13%, Loss: 1.9860
Epoch: 10, Batch: 740, Acc: 64.12%, Loss: 2.0169
Epoch: 10, Batch: 750, Acc: 64.11%, Loss: 2.0017
Epoch: 10, Batch: 760, Acc: 64.20%, Loss: 1.9643
Epoch: 10, Batch: 770, Acc: 64.23%, Loss: 2.0163
Epoch: 10, Batch: 780, Acc: 64.20%, Loss: 2.0298
Epoch: 10, Batch: 790, Acc: 64.22%, Loss: 2.0056
Epoch: 10, Batch: 800, Acc: 64.24%, Loss: 1.9867
Epoch: 10, Batch: 810, Acc: 64.22%, Loss: 2.0532
Epoch: 10, Batch: 820, Acc: 64.24%, Loss: 1.9898
Epoch: 10, Batch: 830, Acc: 64.27%, Loss: 1.9750
Epoch: 10, Batch: 840, Acc: 64.28%, Loss: 1.9698
Epoch: 10, Batch: 850, Acc: 64.26%, Loss: 2.0360
Epoch: 10, Batch: 860, Acc: 64.25%, Loss: 2.0383
Epoch: 10, Batch: 870, Acc: 64.26%, Loss: 2.0217
Epoch: 10, Batch: 880, Acc: 64.25%, Loss: 2.0290
Epoch: 10, Batch: 890, Acc: 64.27%, Loss: 2.0051
Epoch: 10, Batch: 900, Acc: 64.28%, Loss: 2.0017
Epoch: 10, Batch: 910, Acc: 64.31%, Loss: 1.9643
Epoch: 10, Batch: 920, Acc: 64.31%, Loss: 2.0529
Epoch: 10, Batch: 930, Acc: 64.30%, Loss: 2.0204
Epoch: 10, Batch: 940, Acc: 64.31%, Loss: 2.0508
Epoch: 10, Batch: 950, Acc: 64.30%, Loss: 2.0117
Epoch: 10, Batch: 960, Acc: 64.31%, Loss: 2.0220
Epoch: 10, Batch: 970, Acc: 64.28%, Loss: 2.0575
Epoch: 10, Batch: 980, Acc: 64.31%, Loss: 1.9884
Epoch: 10, Batch: 990, Acc: 64.31%, Loss: 2.0254
Epoch: 10, Batch: 1000, Acc: 64.31%, Loss: 2.0479
Epoch: 10, Batch: 1010, Acc: 64.24%, Loss: 2.0979
Epoch: 10, Batch: 1020, Acc: 64.26%, Loss: 1.9938
Epoch: 10, Batch: 1030, Acc: 64.27%, Loss: 2.0238
Epoch: 10, Batch: 1040, Acc: 64.26%, Loss: 2.0050
Epoch: 10, Batch: 1050, Acc: 64.26%, Loss: 2.0172
Epoch: 10, Batch: 1060, Acc: 64.29%, Loss: 1.9787
Epoch: 10, Batch: 1070, Acc: 64.29%, Loss: 2.0362
Epoch: 10, Batch: 1080, Acc: 64.31%, Loss: 1.9922
Epoch: 10, Batch: 1090, Acc: 64.30%, Loss: 2.0595
Epoch: 10, Batch: 1100, Acc: 64.28%, Loss: 2.0344
Epoch: 10, Batch: 1110, Acc: 64.26%, Loss: 2.0477
Epoch: 10, Batch: 1120, Acc: 64.24%, Loss: 2.0401
Epoch: 10, Batch: 1130, Acc: 64.24%, Loss: 2.0164
Epoch: 10, Batch: 1140, Acc: 64.26%, Loss: 1.9946
Epoch: 10, Batch: 1150, Acc: 64.24%, Loss: 2.0363
Epoch: 10, Batch: 1160, Acc: 64.27%, Loss: 1.9881
Epoch: 10, Batch: 1170, Acc: 64.29%, Loss: 1.9646
Epoch: 10, Batch: 1180, Acc: 64.27%, Loss: 2.0293
Epoch: 10, Batch: 1190, Acc: 64.28%, Loss: 2.0070
Epoch: 10, Batch: 1200, Acc: 64.27%, Loss: 2.0105
Epoch: 10, Batch: 1210, Acc: 64.24%, Loss: 2.0444
Epoch: 10, Batch: 1220, Acc: 64.24%, Loss: 1.9910
Epoch: 10, Batch: 1230, Acc: 64.26%, Loss: 1.9805
Epoch: 10, Batch: 1240, Acc: 64.29%, Loss: 1.9620
Epoch: 10, Batch: 1250, Acc: 64.29%, Loss: 2.0233
Epoch: 10, Batch: 1260, Acc: 64.29%, Loss: 2.0242
Epoch: 10, Batch: 1270, Acc: 64.29%, Loss: 2.0111
Epoch: 10, Batch: 1280, Acc: 64.29%, Loss: 2.0190
Epoch: 10, Batch: 1290, Acc: 64.30%, Loss: 2.0026
Epoch: 10, Batch: 1300, Acc: 64.33%, Loss: 1.9801
Epoch: 10, Batch: 1310, Acc: 64.35%, Loss: 2.0014
Epoch: 10, Batch: 1320, Acc: 64.36%, Loss: 2.0158
Epoch: 10, Batch: 1330, Acc: 64.37%, Loss: 2.0097
Epoch: 10, Batch: 1340, Acc: 64.39%, Loss: 1.9927
Epoch: 10, Batch: 1350, Acc: 64.38%, Loss: 2.0417
Epoch: 10, Batch: 1360, Acc: 64.38%, Loss: 1.9949
Epoch: 10, Batch: 1370, Acc: 64.37%, Loss: 2.0391
Epoch: 10, Batch: 1380, Acc: 64.37%, Loss: 2.0321
Epoch: 10, Batch: 1390, Acc: 64.36%, Loss: 2.0050
Epoch: 10, Batch: 1400, Acc: 64.37%, Loss: 2.0277
Epoch: 10, Batch: 1410, Acc: 64.38%, Loss: 2.0147
Epoch: 10, Batch: 1420, Acc: 64.40%, Loss: 2.0026
Epoch: 10, Batch: 1430, Acc: 64.38%, Loss: 2.0360
Epoch: 10, Batch: 1440, Acc: 64.39%, Loss: 2.0106
Epoch: 10, Batch: 1450, Acc: 64.40%, Loss: 1.9614
Epoch: 10, Batch: 1460, Acc: 64.40%, Loss: 2.0338
Epoch: 10, Batch: 1470, Acc: 64.42%, Loss: 1.9711
Epoch: 10, Batch: 1480, Acc: 64.43%, Loss: 2.0083
Epoch: 10, Batch: 1490, Acc: 64.43%, Loss: 2.0109
Epoch: 10, Batch: 1500, Acc: 64.42%, Loss: 2.0318
Epoch: 10, Batch: 1510, Acc: 64.43%, Loss: 1.9680
Epoch: 10, Batch: 1520, Acc: 64.43%, Loss: 2.0115
Epoch: 10, Batch: 1530, Acc: 64.40%, Loss: 2.0581
Epoch: 10, Batch: 1540, Acc: 64.42%, Loss: 1.9992
Epoch: 10, Batch: 1550, Acc: 64.42%, Loss: 1.9837
Epoch: 10, Batch: 1560, Acc: 64.44%, Loss: 1.9757
Epoch: 10, Batch: 1570, Acc: 64.44%, Loss: 1.9887
Epoch: 10, Batch: 1580, Acc: 64.42%, Loss: 2.0507
Epoch: 10, Batch: 1590, Acc: 64.42%, Loss: 1.9900
Epoch: 10, Batch: 1600, Acc: 64.41%, Loss: 2.0084
Epoch: 10, Batch: 1610, Acc: 64.39%, Loss: 2.0339
Epoch: 10, Batch: 1620, Acc: 64.38%, Loss: 2.0227
Epoch: 10, Batch: 1630, Acc: 64.39%, Loss: 1.9535
Epoch: 10, Batch: 1640, Acc: 64.40%, Loss: 2.0138
Epoch: 10, Batch: 1650, Acc: 64.39%, Loss: 1.9869
Epoch: 10, Batch: 1660, Acc: 64.39%, Loss: 2.0260
Epoch: 10, Batch: 1670, Acc: 64.39%, Loss: 2.0100
Epoch: 10, Batch: 1680, Acc: 64.40%, Loss: 2.0043
Epoch: 10, Batch: 1690, Acc: 64.42%, Loss: 1.9562
Epoch: 10, Batch: 1700, Acc: 64.44%, Loss: 1.9925
Epoch: 10, Batch: 1710, Acc: 64.44%, Loss: 2.0209
Epoch: 10, Batch: 1720, Acc: 64.44%, Loss: 1.9944
Epoch: 10, Batch: 1730, Acc: 64.46%, Loss: 1.9634
Epoch: 10, Batch: 1740, Acc: 64.46%, Loss: 1.9948
Epoch: 10, Batch: 1750, Acc: 64.46%, Loss: 1.9843
Epoch: 10, Batch: 1760, Acc: 64.46%, Loss: 2.0002
Epoch: 10, Batch: 1770, Acc: 64.47%, Loss: 1.9785
Epoch: 10, Batch: 1780, Acc: 64.47%, Loss: 2.0196
Epoch: 10, Batch: 1790, Acc: 64.47%, Loss: 1.9770
Epoch: 10, Batch: 1800, Acc: 64.47%, Loss: 2.0166
Epoch: 10, Batch: 1810, Acc: 64.48%, Loss: 1.9995
Epoch: 10, Batch: 1820, Acc: 64.47%, Loss: 2.0347
Epoch: 10, Batch: 1830, Acc: 64.48%, Loss: 1.9929
Epoch: 10, Batch: 1840, Acc: 64.48%, Loss: 2.0083
Epoch: 10, Batch: 1850, Acc: 64.48%, Loss: 1.9940
Epoch: 10, Batch: 1860, Acc: 64.48%, Loss: 2.0257
Epoch: 10, Batch: 1870, Acc: 64.47%, Loss: 2.0314
Epoch: 10, Batch: 1880, Acc: 64.49%, Loss: 1.9711
Epoch: 10, Batch: 1890, Acc: 64.49%, Loss: 2.0074
Epoch: 10, Batch: 1900, Acc: 64.49%, Loss: 2.0002
Epoch: 10, Batch: 1910, Acc: 64.48%, Loss: 2.0290
Epoch: 10, Batch: 1920, Acc: 64.49%, Loss: 2.0102
Epoch: 10, Batch: 1930, Acc: 64.50%, Loss: 2.0064
Epoch: 10, Batch: 1940, Acc: 64.49%, Loss: 2.0337
Epoch: 10, Batch: 1950, Acc: 64.48%, Loss: 2.0541
Epoch: 10, Batch: 1960, Acc: 64.49%, Loss: 1.9887
Epoch: 10, Batch: 1970, Acc: 64.47%, Loss: 2.0017
Epoch: 10, Batch: 1980, Acc: 64.48%, Loss: 2.0137
Epoch: 10, Batch: 1990, Acc: 64.48%, Loss: 2.0072
Epoch: 10, Batch: 2000, Acc: 64.50%, Loss: 1.9990
Epoch: 10, Batch: 2010, Acc: 64.51%, Loss: 1.9904
Epoch: 10, Batch: 2020, Acc: 64.52%, Loss: 1.9874
Epoch: 10, Batch: 2030, Acc: 64.53%, Loss: 1.9727
Epoch: 10, Batch: 2040, Acc: 64.53%, Loss: 1.9977
Epoch: 10, Batch: 2050, Acc: 64.54%, Loss: 1.9903
Epoch: 10, Batch: 2060, Acc: 64.53%, Loss: 2.0372
Epoch: 10, Batch: 2070, Acc: 64.51%, Loss: 2.0312
Epoch: 10, Batch: 2080, Acc: 64.52%, Loss: 2.0149
Epoch: 10, Batch: 2090, Acc: 64.52%, Loss: 1.9812
Epoch: 10, Batch: 2100, Acc: 64.51%, Loss: 2.0103
Epoch: 10, Batch: 2110, Acc: 64.51%, Loss: 2.0190
Epoch: 10, Batch: 2120, Acc: 64.51%, Loss: 2.0671
Epoch: 10, Batch: 2130, Acc: 64.51%, Loss: 2.0156
Epoch: 10, Batch: 2140, Acc: 64.52%, Loss: 1.9879
Epoch: 10, Batch: 2150, Acc: 64.53%, Loss: 2.0240
Epoch: 10, Batch: 2160, Acc: 64.54%, Loss: 1.9766
Epoch: 10, Batch: 2170, Acc: 64.55%, Loss: 2.0077
Epoch: 10, Batch: 2180, Acc: 64.54%, Loss: 2.0116
Epoch: 10, Batch: 2190, Acc: 64.54%, Loss: 2.0499
Epoch: 10, Batch: 2200, Acc: 64.52%, Loss: 2.0565
Epoch: 10, Batch: 2210, Acc: 64.53%, Loss: 2.0217
Epoch: 10, Batch: 2220, Acc: 64.52%, Loss: 2.0260
Epoch: 10, Batch: 2230, Acc: 64.52%, Loss: 2.0074
Epoch: 10, Batch: 2240, Acc: 64.53%, Loss: 2.0117
Epoch: 10, Batch: 2250, Acc: 64.53%, Loss: 2.0325
Epoch: 10, Batch: 2260, Acc: 64.54%, Loss: 2.0022
Epoch: 10, Batch: 2270, Acc: 64.54%, Loss: 1.9965
Epoch: 10, Batch: 2280, Acc: 64.54%, Loss: 1.9896
Epoch: 10, Batch: 2290, Acc: 64.53%, Loss: 2.0101
Epoch: 10, Batch: 2300, Acc: 64.53%, Loss: 1.9790
Epoch: 10, Batch: 2310, Acc: 64.55%, Loss: 1.9743
Epoch: 10, Batch: 2320, Acc: 64.54%, Loss: 2.0402
Epoch: 10, Batch: 2330, Acc: 64.53%, Loss: 2.0259
Epoch: 10, Batch: 2340, Acc: 64.53%, Loss: 2.0200
Epoch: 10, Batch: 2350, Acc: 64.52%, Loss: 2.0224
Epoch: 10, Batch: 2360, Acc: 64.51%, Loss: 2.0421
Epoch: 10, Batch: 2370, Acc: 64.52%, Loss: 1.9746
Epoch: 10, Batch: 2380, Acc: 64.52%, Loss: 1.9748
Epoch: 10, Batch: 2390, Acc: 64.52%, Loss: 2.0310
Epoch: 10, Batch: 2400, Acc: 64.52%, Loss: 2.0254
Epoch: 10, Batch: 2410, Acc: 64.52%, Loss: 1.9815
Epoch: 10, Batch: 2420, Acc: 64.54%, Loss: 1.9352
Epoch: 10, Batch: 2430, Acc: 64.54%, Loss: 2.0265
Epoch: 10, Batch: 2440, Acc: 64.52%, Loss: 2.0624
Epoch: 10, Batch: 2450, Acc: 64.52%, Loss: 2.0147
Epoch: 10, Batch: 2460, Acc: 64.53%, Loss: 2.0044
Epoch: 10, Batch: 2470, Acc: 64.52%, Loss: 2.0308
Epoch: 10, Batch: 2480, Acc: 64.52%, Loss: 2.0329
Epoch: 10, Batch: 2490, Acc: 64.51%, Loss: 2.0096
Epoch: 10, Batch: 2500, Acc: 64.52%, Loss: 1.9929
Epoch: 10, Batch: 2510, Acc: 64.52%, Loss: 2.0090
Epoch: 10, Batch: 2520, Acc: 64.51%, Loss: 2.0159
Epoch: 10, Batch: 2530, Acc: 64.51%, Loss: 2.0104
Epoch: 10, Batch: 2540, Acc: 64.50%, Loss: 2.0437
Epoch: 10, Batch: 2550, Acc: 64.52%, Loss: 1.9652
Epoch: 10, Batch: 2560, Acc: 64.52%, Loss: 2.0277
Epoch: 10, Batch: 2570, Acc: 64.51%, Loss: 2.0520
Epoch: 10, Batch: 2580, Acc: 64.51%, Loss: 2.0006
Epoch: 10, Batch: 2590, Acc: 64.51%, Loss: 2.0051
Epoch: 10, Batch: 2600, Acc: 64.51%, Loss: 2.0225
Epoch: 10, Batch: 2610, Acc: 64.52%, Loss: 2.0034
Epoch: 10, Batch: 2620, Acc: 64.52%, Loss: 2.0110
Epoch: 10, Batch: 2630, Acc: 64.52%, Loss: 2.0151
Epoch: 10, Batch: 2640, Acc: 64.53%, Loss: 1.9878
Epoch: 10, Batch: 2650, Acc: 64.52%, Loss: 2.0250
Epoch: 10, Batch: 2660, Acc: 64.52%, Loss: 2.0236
Epoch: 10, Batch: 2670, Acc: 64.52%, Loss: 2.0017
Epoch: 10, Batch: 2680, Acc: 64.52%, Loss: 2.0163
Epoch: 10, Batch: 2690, Acc: 64.51%, Loss: 2.0143
Epoch: 10, Batch: 2700, Acc: 64.50%, Loss: 2.0094
Epoch: 10, Batch: 2710, Acc: 64.51%, Loss: 2.0075
Epoch: 10, Batch: 2720, Acc: 64.50%, Loss: 2.0038
Epoch: 10, Batch: 2730, Acc: 64.50%, Loss: 2.0157
Epoch: 10, Batch: 2740, Acc: 64.51%, Loss: 1.9975
Epoch: 10, Batch: 2750, Acc: 64.50%, Loss: 2.0198
Epoch: 10, Batch: 2760, Acc: 64.50%, Loss: 2.0364
Epoch: 10, Batch: 2770, Acc: 64.50%, Loss: 2.0225
Epoch: 10, Batch: 2780, Acc: 64.48%, Loss: 2.0332
Epoch: 10, Batch: 2790, Acc: 64.49%, Loss: 1.9928
Epoch: 10, Batch: 2800, Acc: 64.49%, Loss: 2.0081
Epoch: 10, Batch: 2810, Acc: 64.48%, Loss: 2.0215
Epoch: 10, Batch: 2820, Acc: 64.47%, Loss: 2.0221
Epoch: 10, Batch: 2830, Acc: 64.47%, Loss: 2.0211
Epoch: 10, Batch: 2840, Acc: 64.47%, Loss: 2.0030
Epoch: 10, Batch: 2850, Acc: 64.47%, Loss: 2.0115
Epoch: 10, Batch: 2860, Acc: 64.46%, Loss: 2.0548
Epoch: 10, Batch: 2870, Acc: 64.47%, Loss: 2.0066
Epoch: 10, Batch: 2880, Acc: 64.48%, Loss: 1.9738
Epoch 10: val_acc=0.6515, best_val_acc=0.6500, es_counter=1
Epoch: 11, Batch: 10, Acc: 64.53%, Loss: 2.0515
Epoch: 11, Batch: 20, Acc: 66.02%, Loss: 1.9809
Epoch: 11, Batch: 30, Acc: 65.42%, Loss: 2.0389
Epoch: 11, Batch: 40, Acc: 65.51%, Loss: 1.9658
Epoch: 11, Batch: 50, Acc: 64.56%, Loss: 2.0505
Epoch: 11, Batch: 60, Acc: 64.56%, Loss: 1.9805
Epoch: 11, Batch: 70, Acc: 64.75%, Loss: 1.9663
Epoch: 11, Batch: 80, Acc: 64.90%, Loss: 1.9932
Epoch: 11, Batch: 90, Acc: 64.91%, Loss: 2.0126
Epoch: 11, Batch: 100, Acc: 64.78%, Loss: 2.0282
Epoch: 11, Batch: 110, Acc: 64.59%, Loss: 2.0219
Epoch: 11, Batch: 120, Acc: 64.67%, Loss: 1.9758
Epoch: 11, Batch: 130, Acc: 64.89%, Loss: 1.9777
Epoch: 11, Batch: 140, Acc: 64.67%, Loss: 2.0069
Epoch: 11, Batch: 150, Acc: 64.68%, Loss: 2.0102
Epoch: 11, Batch: 160, Acc: 64.72%, Loss: 1.9888
Epoch: 11, Batch: 170, Acc: 64.83%, Loss: 2.0224
Epoch: 11, Batch: 180, Acc: 64.87%, Loss: 1.9831
Epoch: 11, Batch: 190, Acc: 64.65%, Loss: 2.0579
Epoch: 11, Batch: 200, Acc: 64.68%, Loss: 1.9853
Epoch: 11, Batch: 210, Acc: 64.68%, Loss: 1.9843
Epoch: 11, Batch: 220, Acc: 64.70%, Loss: 1.9514
Epoch: 11, Batch: 230, Acc: 64.59%, Loss: 2.0164
Epoch: 11, Batch: 240, Acc: 64.64%, Loss: 1.9966
Epoch: 11, Batch: 250, Acc: 64.70%, Loss: 1.9816
Epoch: 11, Batch: 260, Acc: 64.78%, Loss: 1.9728
Epoch: 11, Batch: 270, Acc: 64.84%, Loss: 1.9842
Epoch: 11, Batch: 280, Acc: 64.88%, Loss: 1.9984
Epoch: 11, Batch: 290, Acc: 64.84%, Loss: 2.0240
Epoch: 11, Batch: 300, Acc: 64.79%, Loss: 2.0044
Epoch: 11, Batch: 310, Acc: 64.78%, Loss: 2.0292
Epoch: 11, Batch: 320, Acc: 64.79%, Loss: 2.0232
Epoch: 11, Batch: 330, Acc: 64.68%, Loss: 2.0209
Epoch: 11, Batch: 340, Acc: 64.60%, Loss: 2.0440
Epoch: 11, Batch: 350, Acc: 64.58%, Loss: 2.0121
Epoch: 11, Batch: 360, Acc: 64.59%, Loss: 2.0249
Epoch: 11, Batch: 370, Acc: 64.54%, Loss: 2.0443
Epoch: 11, Batch: 380, Acc: 64.54%, Loss: 1.9776
Epoch: 11, Batch: 390, Acc: 64.50%, Loss: 2.0149
Epoch: 11, Batch: 400, Acc: 64.62%, Loss: 1.9478
Epoch: 11, Batch: 410, Acc: 64.60%, Loss: 1.9948
Epoch: 11, Batch: 420, Acc: 64.66%, Loss: 1.9966
Traceback (most recent call last):
  File "/home/sagar/Desktop/nowmi/QMLP_LF_ratio1/AZ_QMLP/Amplitude/Noiseless_label_smoothing/Layer50/NN_LF_LS_AZ_l50.py", line 217, in <module>
    train_loss = train(model, device, train_loader, optimizer, epoch, num_classes)
                 ^^^^^^^^^^^^^^^^^^^^^^^^^^^^^^^^^^^^^^^^^^^^^^^^^^^^^^^^^^^^^^^^^
  File "/home/sagar/Desktop/nowmi/QMLP_LF_ratio1/AZ_QMLP/Amplitude/Noiseless_label_smoothing/Layer50/NN_LF_LS_AZ_l50.py", line 86, in train
    loss.backward()
  File "/home/sagar/miniconda3/envs/qml/lib/python3.11/site-packages/torch/_tensor.py", line 630, in backward
    torch.autograd.backward(
  File "/home/sagar/miniconda3/envs/qml/lib/python3.11/site-packages/torch/autograd/__init__.py", line 364, in backward
    _engine_run_backward(
  File "/home/sagar/miniconda3/envs/qml/lib/python3.11/site-packages/torch/autograd/graph.py", line 865, in _engine_run_backward
    return Variable._execution_engine.run_backward(  # Calls into the C++ engine to run the backward pass
           ^^^^^^^^^^^^^^^^^^^^^^^^^^^^^^^^^^^^^^^^^^^^^^^^^^^^^^^^^^^^^^^^^^^^^^^^^^^^^^^^^^^^^^^^^^^^^^
KeyboardInterrupt
