Number of classes: 10
\n========== Training Run 1 ==========
Epoch: 1, Batch: 10, Acc: 9.84%, Loss: 1.3741
Epoch: 1, Batch: 20, Acc: 10.62%, Loss: 1.3668
Epoch: 1, Batch: 30, Acc: 10.78%, Loss: 1.3749
Epoch: 1, Batch: 40, Acc: 11.29%, Loss: 1.3663
Epoch: 1, Batch: 50, Acc: 12.91%, Loss: 1.3579
Epoch: 1, Batch: 60, Acc: 13.49%, Loss: 1.3574
Epoch: 1, Batch: 70, Acc: 13.97%, Loss: 1.3555
Epoch: 1, Batch: 80, Acc: 14.61%, Loss: 1.3506
Epoch: 1, Batch: 90, Acc: 15.02%, Loss: 1.3482
Epoch: 1, Batch: 100, Acc: 14.86%, Loss: 1.3490
Epoch: 1, Batch: 110, Acc: 15.17%, Loss: 1.3352
Epoch: 1, Batch: 120, Acc: 15.56%, Loss: 1.3324
Epoch: 1, Batch: 130, Acc: 15.71%, Loss: 1.3409
Epoch: 1, Batch: 140, Acc: 16.17%, Loss: 1.3298
Epoch: 1, Batch: 150, Acc: 16.54%, Loss: 1.3282
Epoch: 1, Batch: 160, Acc: 17.00%, Loss: 1.3279
Epoch: 1, Batch: 170, Acc: 17.39%, Loss: 1.3214
Epoch: 1, Batch: 180, Acc: 17.55%, Loss: 1.3191
Epoch: 1, Batch: 190, Acc: 17.72%, Loss: 1.3198
Epoch: 1, Batch: 200, Acc: 17.98%, Loss: 1.3086
Epoch: 1, Batch: 210, Acc: 18.24%, Loss: 1.3004
Epoch: 1, Batch: 220, Acc: 18.38%, Loss: 1.3097
Epoch: 1, Batch: 230, Acc: 18.66%, Loss: 1.2923
Epoch: 1, Batch: 240, Acc: 18.96%, Loss: 1.2901
Epoch: 1, Batch: 250, Acc: 19.25%, Loss: 1.2894
Epoch: 1, Batch: 260, Acc: 19.52%, Loss: 1.2854
Epoch: 1, Batch: 270, Acc: 19.75%, Loss: 1.2818
Epoch: 1, Batch: 280, Acc: 19.99%, Loss: 1.2752
Epoch: 1, Batch: 290, Acc: 20.26%, Loss: 1.2562
Epoch: 1, Batch: 300, Acc: 20.48%, Loss: 1.2597
Epoch: 1, Batch: 310, Acc: 20.58%, Loss: 1.2590
Epoch: 1, Batch: 320, Acc: 20.83%, Loss: 1.2517
Epoch: 1, Batch: 330, Acc: 20.98%, Loss: 1.2562
Epoch: 1, Batch: 340, Acc: 21.18%, Loss: 1.2445
Epoch: 1, Batch: 350, Acc: 21.38%, Loss: 1.2337
Epoch: 1, Batch: 360, Acc: 21.63%, Loss: 1.2348
Epoch: 1, Batch: 370, Acc: 21.92%, Loss: 1.2272
Epoch: 1, Batch: 380, Acc: 22.09%, Loss: 1.2254
Epoch: 1, Batch: 390, Acc: 22.24%, Loss: 1.2107
Epoch: 1, Batch: 400, Acc: 22.39%, Loss: 1.2090
Epoch: 1, Batch: 410, Acc: 22.53%, Loss: 1.2070
Epoch: 1, Batch: 420, Acc: 22.75%, Loss: 1.2033
Epoch: 1, Batch: 430, Acc: 22.90%, Loss: 1.2077
Epoch: 1, Batch: 440, Acc: 23.11%, Loss: 1.1920
Epoch: 1, Batch: 450, Acc: 23.34%, Loss: 1.1832
Epoch: 1, Batch: 460, Acc: 23.55%, Loss: 1.1784
Epoch: 1, Batch: 470, Acc: 23.73%, Loss: 1.1809
Epoch: 1, Batch: 480, Acc: 23.90%, Loss: 1.1936
Epoch: 1, Batch: 490, Acc: 24.04%, Loss: 1.1894
Epoch: 1, Batch: 500, Acc: 24.19%, Loss: 1.1875
Epoch: 1, Batch: 510, Acc: 24.45%, Loss: 1.1694
Epoch: 1, Batch: 520, Acc: 24.69%, Loss: 1.1511
Epoch: 1, Batch: 530, Acc: 24.90%, Loss: 1.1577
Epoch: 1, Batch: 540, Acc: 25.09%, Loss: 1.1685
Epoch: 1, Batch: 550, Acc: 25.32%, Loss: 1.1533
Epoch: 1, Batch: 560, Acc: 25.46%, Loss: 1.1622
Epoch: 1, Batch: 570, Acc: 25.59%, Loss: 1.1571
Epoch: 1, Batch: 580, Acc: 25.75%, Loss: 1.1636
Epoch: 1, Batch: 590, Acc: 25.92%, Loss: 1.1595
Epoch: 1, Batch: 600, Acc: 26.06%, Loss: 1.1372
Epoch: 1, Batch: 610, Acc: 26.22%, Loss: 1.1373
Epoch: 1, Batch: 620, Acc: 26.37%, Loss: 1.1137
Epoch: 1, Batch: 630, Acc: 26.48%, Loss: 1.1447
Epoch: 1, Batch: 640, Acc: 26.60%, Loss: 1.1381
Epoch: 1, Batch: 650, Acc: 26.73%, Loss: 1.1473
Epoch: 1, Batch: 660, Acc: 26.81%, Loss: 1.1629
Epoch: 1, Batch: 670, Acc: 26.90%, Loss: 1.1359
Epoch: 1, Batch: 680, Acc: 26.96%, Loss: 1.1434
Epoch: 1, Batch: 690, Acc: 27.07%, Loss: 1.1239
Epoch: 1, Batch: 700, Acc: 27.23%, Loss: 1.1104
Epoch: 1, Batch: 710, Acc: 27.35%, Loss: 1.1073
Epoch: 1, Batch: 720, Acc: 27.49%, Loss: 1.1130
Epoch: 1, Batch: 730, Acc: 27.66%, Loss: 1.1054
Epoch: 1, Batch: 740, Acc: 27.74%, Loss: 1.1114
Epoch: 1, Batch: 750, Acc: 27.85%, Loss: 1.1196
Epoch: 1, Batch: 760, Acc: 28.00%, Loss: 1.0849
Epoch: 1, Batch: 770, Acc: 28.12%, Loss: 1.0826
Epoch: 1, Batch: 780, Acc: 28.20%, Loss: 1.1149
Epoch: 1, Batch: 790, Acc: 28.28%, Loss: 1.1230
Epoch: 1, Batch: 800, Acc: 28.41%, Loss: 1.0950
Epoch: 1, Batch: 810, Acc: 28.51%, Loss: 1.1008
Epoch: 1, Batch: 820, Acc: 28.59%, Loss: 1.1105
Epoch: 1, Batch: 830, Acc: 28.73%, Loss: 1.0820
Epoch: 1, Batch: 840, Acc: 28.84%, Loss: 1.0699
Epoch: 1, Batch: 850, Acc: 28.97%, Loss: 1.0747
Epoch: 1, Batch: 860, Acc: 29.08%, Loss: 1.0747
Epoch: 1, Batch: 870, Acc: 29.24%, Loss: 1.0515
Epoch: 1, Batch: 880, Acc: 29.34%, Loss: 1.0845
Epoch: 1, Batch: 890, Acc: 29.51%, Loss: 1.0289
Epoch: 1, Batch: 900, Acc: 29.63%, Loss: 1.0761
Epoch: 1, Batch: 910, Acc: 29.71%, Loss: 1.0799
Epoch: 1, Batch: 920, Acc: 29.80%, Loss: 1.1049
Epoch: 1, Batch: 930, Acc: 29.88%, Loss: 1.0785
Accuracy on test set: 42.93%, Val loss: 1.7814
Epoch 1: val_acc=42.93, best_val_acc=42.93, es_counter=0
Epoch: 2, Batch: 10, Acc: 37.34%, Loss: 1.0885
Epoch: 2, Batch: 20, Acc: 39.06%, Loss: 1.0589
Epoch: 2, Batch: 30, Acc: 39.58%, Loss: 1.0385
Epoch: 2, Batch: 40, Acc: 39.96%, Loss: 1.0557
Epoch: 2, Batch: 50, Acc: 39.88%, Loss: 1.0517
Epoch: 2, Batch: 60, Acc: 40.23%, Loss: 1.0334
Epoch: 2, Batch: 70, Acc: 40.54%, Loss: 1.0312
Epoch: 2, Batch: 80, Acc: 40.27%, Loss: 1.0731
Epoch: 2, Batch: 90, Acc: 40.05%, Loss: 1.0668
Epoch: 2, Batch: 100, Acc: 40.30%, Loss: 1.0485
Epoch: 2, Batch: 110, Acc: 40.33%, Loss: 1.0369
Epoch: 2, Batch: 120, Acc: 40.42%, Loss: 1.0224
Epoch: 2, Batch: 130, Acc: 40.25%, Loss: 1.0563
Epoch: 2, Batch: 140, Acc: 40.45%, Loss: 1.0268
Epoch: 2, Batch: 150, Acc: 40.26%, Loss: 1.0628
Epoch: 2, Batch: 160, Acc: 40.12%, Loss: 1.0620
Epoch: 2, Batch: 170, Acc: 40.27%, Loss: 1.0334
Epoch: 2, Batch: 180, Acc: 40.30%, Loss: 1.0637
Epoch: 2, Batch: 190, Acc: 40.44%, Loss: 1.0277
Epoch: 2, Batch: 200, Acc: 40.34%, Loss: 1.0342
Epoch: 2, Batch: 210, Acc: 40.42%, Loss: 1.0434
Epoch: 2, Batch: 220, Acc: 40.49%, Loss: 1.0300
Epoch: 2, Batch: 230, Acc: 40.60%, Loss: 1.0336
Epoch: 2, Batch: 240, Acc: 40.77%, Loss: 1.0212
Epoch: 2, Batch: 250, Acc: 40.92%, Loss: 1.0177
Epoch: 2, Batch: 260, Acc: 41.11%, Loss: 1.0163
Epoch: 2, Batch: 270, Acc: 41.13%, Loss: 1.0222
Epoch: 2, Batch: 280, Acc: 41.16%, Loss: 1.0148
Epoch: 2, Batch: 290, Acc: 41.19%, Loss: 1.0091
Epoch: 2, Batch: 300, Acc: 41.19%, Loss: 1.0381
Epoch: 2, Batch: 310, Acc: 41.21%, Loss: 1.0112
Epoch: 2, Batch: 320, Acc: 41.29%, Loss: 1.0218
Epoch: 2, Batch: 330, Acc: 41.43%, Loss: 1.0211
Epoch: 2, Batch: 340, Acc: 41.42%, Loss: 1.0341
Epoch: 2, Batch: 350, Acc: 41.50%, Loss: 1.0126
Epoch: 2, Batch: 360, Acc: 41.45%, Loss: 1.0443
Epoch: 2, Batch: 370, Acc: 41.47%, Loss: 1.0340
Epoch: 2, Batch: 380, Acc: 41.48%, Loss: 1.0132
Epoch: 2, Batch: 390, Acc: 41.53%, Loss: 1.0020
Epoch: 2, Batch: 400, Acc: 41.60%, Loss: 1.0123
Epoch: 2, Batch: 410, Acc: 41.68%, Loss: 1.0193
Epoch: 2, Batch: 420, Acc: 41.75%, Loss: 0.9926
Epoch: 2, Batch: 430, Acc: 41.77%, Loss: 1.0323
Epoch: 2, Batch: 440, Acc: 41.88%, Loss: 1.0009
Epoch: 2, Batch: 450, Acc: 41.96%, Loss: 0.9912
Epoch: 2, Batch: 460, Acc: 42.03%, Loss: 0.9964
Epoch: 2, Batch: 470, Acc: 42.06%, Loss: 0.9952
Epoch: 2, Batch: 480, Acc: 42.12%, Loss: 0.9822
Epoch: 2, Batch: 490, Acc: 42.15%, Loss: 1.0205
Epoch: 2, Batch: 500, Acc: 42.13%, Loss: 1.0265
Epoch: 2, Batch: 510, Acc: 42.15%, Loss: 1.0084
Epoch: 2, Batch: 520, Acc: 42.21%, Loss: 0.9938
Epoch: 2, Batch: 530, Acc: 42.21%, Loss: 0.9876
Epoch: 2, Batch: 540, Acc: 42.28%, Loss: 0.9870
Epoch: 2, Batch: 550, Acc: 42.30%, Loss: 1.0032
Epoch: 2, Batch: 560, Acc: 42.36%, Loss: 0.9931
Epoch: 2, Batch: 570, Acc: 42.38%, Loss: 1.0003
Epoch: 2, Batch: 580, Acc: 42.43%, Loss: 0.9672
Epoch: 2, Batch: 590, Acc: 42.50%, Loss: 0.9988
Epoch: 2, Batch: 600, Acc: 42.58%, Loss: 0.9743
Epoch: 2, Batch: 610, Acc: 42.61%, Loss: 1.0010
Epoch: 2, Batch: 620, Acc: 42.71%, Loss: 0.9638
Epoch: 2, Batch: 630, Acc: 42.67%, Loss: 1.0211
Epoch: 2, Batch: 640, Acc: 42.69%, Loss: 1.0113
Epoch: 2, Batch: 650, Acc: 42.69%, Loss: 1.0054
Epoch: 2, Batch: 660, Acc: 42.74%, Loss: 0.9741
Epoch: 2, Batch: 670, Acc: 42.76%, Loss: 0.9995
Epoch: 2, Batch: 680, Acc: 42.78%, Loss: 1.0039
Epoch: 2, Batch: 690, Acc: 42.87%, Loss: 0.9538
Epoch: 2, Batch: 700, Acc: 42.89%, Loss: 0.9959
Epoch: 2, Batch: 710, Acc: 42.95%, Loss: 0.9818
Epoch: 2, Batch: 720, Acc: 42.94%, Loss: 1.0458
Epoch: 2, Batch: 730, Acc: 42.95%, Loss: 0.9853
Epoch: 2, Batch: 740, Acc: 42.99%, Loss: 0.9954
Epoch: 2, Batch: 750, Acc: 43.00%, Loss: 0.9782
Epoch: 2, Batch: 760, Acc: 43.03%, Loss: 0.9933
Epoch: 2, Batch: 770, Acc: 43.06%, Loss: 0.9995
Epoch: 2, Batch: 780, Acc: 43.13%, Loss: 0.9876
Epoch: 2, Batch: 790, Acc: 43.19%, Loss: 0.9624
Epoch: 2, Batch: 800, Acc: 43.19%, Loss: 0.9687
Epoch: 2, Batch: 810, Acc: 43.20%, Loss: 1.0125
Epoch: 2, Batch: 820, Acc: 43.24%, Loss: 0.9617
Epoch: 2, Batch: 830, Acc: 43.30%, Loss: 0.9925
Epoch: 2, Batch: 840, Acc: 43.32%, Loss: 0.9651
Epoch: 2, Batch: 850, Acc: 43.38%, Loss: 0.9544
Epoch: 2, Batch: 860, Acc: 43.36%, Loss: 0.9961
Epoch: 2, Batch: 870, Acc: 43.39%, Loss: 0.9474
Epoch: 2, Batch: 880, Acc: 43.45%, Loss: 0.9467
Epoch: 2, Batch: 890, Acc: 43.49%, Loss: 0.9905
Epoch: 2, Batch: 900, Acc: 43.54%, Loss: 0.9733
Epoch: 2, Batch: 910, Acc: 43.56%, Loss: 0.9627
Epoch: 2, Batch: 920, Acc: 43.58%, Loss: 0.9439
Epoch: 2, Batch: 930, Acc: 43.62%, Loss: 0.9897
Accuracy on test set: 52.57%, Val loss: 1.5759
Epoch 2: val_acc=52.57, best_val_acc=52.57, es_counter=0
Epoch: 3, Batch: 10, Acc: 48.28%, Loss: 0.9556
Epoch: 3, Batch: 20, Acc: 46.88%, Loss: 0.9643
Epoch: 3, Batch: 30, Acc: 47.19%, Loss: 0.9591
Epoch: 3, Batch: 40, Acc: 46.72%, Loss: 0.9913
Epoch: 3, Batch: 50, Acc: 46.22%, Loss: 0.9919
Epoch: 3, Batch: 60, Acc: 46.41%, Loss: 1.0076
Epoch: 3, Batch: 70, Acc: 46.05%, Loss: 0.9846
Epoch: 3, Batch: 80, Acc: 46.17%, Loss: 0.9880
Epoch: 3, Batch: 90, Acc: 46.34%, Loss: 0.9960
Epoch: 3, Batch: 100, Acc: 46.42%, Loss: 0.9863
Epoch: 3, Batch: 110, Acc: 46.29%, Loss: 0.9748
Epoch: 3, Batch: 120, Acc: 46.18%, Loss: 0.9712
Epoch: 3, Batch: 130, Acc: 45.95%, Loss: 0.9877
Epoch: 3, Batch: 140, Acc: 45.93%, Loss: 0.9653
Epoch: 3, Batch: 150, Acc: 45.99%, Loss: 0.9449
Epoch: 3, Batch: 160, Acc: 45.91%, Loss: 0.9791
Epoch: 3, Batch: 170, Acc: 46.03%, Loss: 0.9510
Epoch: 3, Batch: 180, Acc: 46.15%, Loss: 0.9334
Epoch: 3, Batch: 190, Acc: 46.18%, Loss: 0.9871
Epoch: 3, Batch: 200, Acc: 46.24%, Loss: 0.9816
Epoch: 3, Batch: 210, Acc: 46.26%, Loss: 0.9615
Epoch: 3, Batch: 220, Acc: 46.26%, Loss: 0.9627
Epoch: 3, Batch: 230, Acc: 46.28%, Loss: 0.9301
Epoch: 3, Batch: 240, Acc: 46.35%, Loss: 0.9565
Epoch: 3, Batch: 250, Acc: 46.38%, Loss: 0.9503
Epoch: 3, Batch: 260, Acc: 46.39%, Loss: 0.9935
Epoch: 3, Batch: 270, Acc: 46.34%, Loss: 0.9754
Epoch: 3, Batch: 280, Acc: 46.37%, Loss: 0.9671
Epoch: 3, Batch: 290, Acc: 46.34%, Loss: 0.9741
Epoch: 3, Batch: 300, Acc: 46.38%, Loss: 0.9690
Epoch: 3, Batch: 310, Acc: 46.46%, Loss: 0.9532
Epoch: 3, Batch: 320, Acc: 46.54%, Loss: 0.9350
Epoch: 3, Batch: 330, Acc: 46.61%, Loss: 0.9384
Epoch: 3, Batch: 340, Acc: 46.68%, Loss: 0.9737
Epoch: 3, Batch: 350, Acc: 46.76%, Loss: 0.9417
Epoch: 3, Batch: 360, Acc: 46.81%, Loss: 0.9420
Epoch: 3, Batch: 370, Acc: 46.83%, Loss: 0.9544
Epoch: 3, Batch: 380, Acc: 46.84%, Loss: 0.9614
Epoch: 3, Batch: 390, Acc: 46.88%, Loss: 0.9607
Epoch: 3, Batch: 400, Acc: 46.88%, Loss: 0.9785
Epoch: 3, Batch: 410, Acc: 46.86%, Loss: 0.9434
Epoch: 3, Batch: 420, Acc: 46.92%, Loss: 0.9451
Epoch: 3, Batch: 430, Acc: 47.02%, Loss: 0.9388
Epoch: 3, Batch: 440, Acc: 47.01%, Loss: 0.9604
Epoch: 3, Batch: 450, Acc: 47.08%, Loss: 0.9591
Epoch: 3, Batch: 460, Acc: 47.21%, Loss: 0.9039
Epoch: 3, Batch: 470, Acc: 47.25%, Loss: 0.9260
Epoch: 3, Batch: 480, Acc: 47.30%, Loss: 0.9382
Epoch: 3, Batch: 490, Acc: 47.37%, Loss: 0.9581
Epoch: 3, Batch: 500, Acc: 47.44%, Loss: 0.9272
Epoch: 3, Batch: 510, Acc: 47.42%, Loss: 0.9717
Epoch: 3, Batch: 520, Acc: 47.44%, Loss: 0.9431
Epoch: 3, Batch: 530, Acc: 47.47%, Loss: 0.9479
Epoch: 3, Batch: 540, Acc: 47.54%, Loss: 0.9495
Epoch: 3, Batch: 550, Acc: 47.53%, Loss: 0.9636
Epoch: 3, Batch: 560, Acc: 47.60%, Loss: 0.9245
Epoch: 3, Batch: 570, Acc: 47.62%, Loss: 0.9472
Epoch: 3, Batch: 580, Acc: 47.63%, Loss: 0.9566
Epoch: 3, Batch: 590, Acc: 47.60%, Loss: 0.9570
Epoch: 3, Batch: 600, Acc: 47.66%, Loss: 0.9179
Epoch: 3, Batch: 610, Acc: 47.64%, Loss: 0.9531
Epoch: 3, Batch: 620, Acc: 47.69%, Loss: 0.9226
Epoch: 3, Batch: 630, Acc: 47.69%, Loss: 0.9483
Epoch: 3, Batch: 640, Acc: 47.69%, Loss: 0.9693
Epoch: 3, Batch: 650, Acc: 47.71%, Loss: 0.9336
Epoch: 3, Batch: 660, Acc: 47.80%, Loss: 0.9054
Epoch: 3, Batch: 670, Acc: 47.83%, Loss: 0.9438
Epoch: 3, Batch: 680, Acc: 47.86%, Loss: 0.9294
Epoch: 3, Batch: 690, Acc: 47.90%, Loss: 0.9423
Epoch: 3, Batch: 700, Acc: 47.91%, Loss: 0.9352
Epoch: 3, Batch: 710, Acc: 47.99%, Loss: 0.9151
Epoch: 3, Batch: 720, Acc: 48.03%, Loss: 0.9234
Epoch: 3, Batch: 730, Acc: 48.08%, Loss: 0.9124
Epoch: 3, Batch: 740, Acc: 48.15%, Loss: 0.9012
Epoch: 3, Batch: 750, Acc: 48.22%, Loss: 0.8964
Epoch: 3, Batch: 760, Acc: 48.23%, Loss: 0.9552
Epoch: 3, Batch: 770, Acc: 48.25%, Loss: 0.9422
Epoch: 3, Batch: 780, Acc: 48.31%, Loss: 0.9322
Epoch: 3, Batch: 790, Acc: 48.31%, Loss: 0.9286
Epoch: 3, Batch: 800, Acc: 48.33%, Loss: 0.9264
Epoch: 3, Batch: 810, Acc: 48.39%, Loss: 0.9156
Epoch: 3, Batch: 820, Acc: 48.46%, Loss: 0.8953
Epoch: 3, Batch: 830, Acc: 48.47%, Loss: 0.9209
Epoch: 3, Batch: 840, Acc: 48.46%, Loss: 0.9293
Epoch: 3, Batch: 850, Acc: 48.47%, Loss: 0.9404
Epoch: 3, Batch: 860, Acc: 48.46%, Loss: 0.9309
Epoch: 3, Batch: 870, Acc: 48.43%, Loss: 0.9884
Epoch: 3, Batch: 880, Acc: 48.47%, Loss: 0.9041
Epoch: 3, Batch: 890, Acc: 48.51%, Loss: 0.9368
Epoch: 3, Batch: 900, Acc: 48.50%, Loss: 0.9263
Epoch: 3, Batch: 910, Acc: 48.52%, Loss: 0.9066
Epoch: 3, Batch: 920, Acc: 48.54%, Loss: 0.9331
Epoch: 3, Batch: 930, Acc: 48.57%, Loss: 0.9483
Accuracy on test set: 56.27%, Val loss: 1.4814
Epoch 3: val_acc=56.27, best_val_acc=56.27, es_counter=0
Epoch: 4, Batch: 10, Acc: 49.06%, Loss: 0.9226
Epoch: 4, Batch: 20, Acc: 49.53%, Loss: 0.9489
Epoch: 4, Batch: 30, Acc: 49.48%, Loss: 0.9574
Epoch: 4, Batch: 40, Acc: 50.20%, Loss: 0.9207
Epoch: 4, Batch: 50, Acc: 49.66%, Loss: 0.9332
Epoch: 4, Batch: 60, Acc: 49.43%, Loss: 0.9670
Epoch: 4, Batch: 70, Acc: 49.51%, Loss: 0.9401
Epoch: 4, Batch: 80, Acc: 49.73%, Loss: 0.9079
Epoch: 4, Batch: 90, Acc: 49.79%, Loss: 0.9208
Epoch: 4, Batch: 100, Acc: 50.03%, Loss: 0.9196
Epoch: 4, Batch: 110, Acc: 50.16%, Loss: 0.9488
Epoch: 4, Batch: 120, Acc: 50.20%, Loss: 0.9543
Epoch: 4, Batch: 130, Acc: 50.24%, Loss: 0.9396
Epoch: 4, Batch: 140, Acc: 50.10%, Loss: 0.9218
Epoch: 4, Batch: 150, Acc: 50.22%, Loss: 0.9013
Epoch: 4, Batch: 160, Acc: 50.22%, Loss: 0.9348
Epoch: 4, Batch: 170, Acc: 50.40%, Loss: 0.9119
Epoch: 4, Batch: 180, Acc: 50.31%, Loss: 0.9382
Epoch: 4, Batch: 190, Acc: 50.18%, Loss: 0.9595
Epoch: 4, Batch: 200, Acc: 50.16%, Loss: 0.9394
Epoch: 4, Batch: 210, Acc: 50.19%, Loss: 0.9418
Epoch: 4, Batch: 220, Acc: 50.25%, Loss: 0.9253
Epoch: 4, Batch: 230, Acc: 50.05%, Loss: 0.9818
Epoch: 4, Batch: 240, Acc: 50.17%, Loss: 0.9072
Epoch: 4, Batch: 250, Acc: 50.25%, Loss: 0.9270
Epoch: 4, Batch: 260, Acc: 50.12%, Loss: 0.9352
Epoch: 4, Batch: 270, Acc: 50.24%, Loss: 0.8961
Epoch: 4, Batch: 280, Acc: 50.40%, Loss: 0.8915
Epoch: 4, Batch: 290, Acc: 50.52%, Loss: 0.9063
Epoch: 4, Batch: 300, Acc: 50.59%, Loss: 0.9050
Epoch: 4, Batch: 310, Acc: 50.61%, Loss: 0.8948
Epoch: 4, Batch: 320, Acc: 50.57%, Loss: 0.9156
Epoch: 4, Batch: 330, Acc: 50.56%, Loss: 0.9337
Epoch: 4, Batch: 340, Acc: 50.61%, Loss: 0.8930
Epoch: 4, Batch: 350, Acc: 50.61%, Loss: 0.9153
Epoch: 4, Batch: 360, Acc: 50.61%, Loss: 0.9410
Epoch: 4, Batch: 370, Acc: 50.61%, Loss: 0.9542
Epoch: 4, Batch: 380, Acc: 50.61%, Loss: 0.9390
Epoch: 4, Batch: 390, Acc: 50.56%, Loss: 0.9585
Epoch: 4, Batch: 400, Acc: 50.56%, Loss: 0.9090
Epoch: 4, Batch: 410, Acc: 50.56%, Loss: 0.9304
Epoch: 4, Batch: 420, Acc: 50.60%, Loss: 0.9244
Epoch: 4, Batch: 430, Acc: 50.65%, Loss: 0.8921
Epoch: 4, Batch: 440, Acc: 50.66%, Loss: 0.9371
Epoch: 4, Batch: 450, Acc: 50.71%, Loss: 0.9305
Epoch: 4, Batch: 460, Acc: 50.71%, Loss: 0.9304
Epoch: 4, Batch: 470, Acc: 50.77%, Loss: 0.8669
Epoch: 4, Batch: 480, Acc: 50.84%, Loss: 0.8879
Epoch: 4, Batch: 490, Acc: 50.79%, Loss: 0.9447
Epoch: 4, Batch: 500, Acc: 50.81%, Loss: 0.9326
Epoch: 4, Batch: 510, Acc: 50.86%, Loss: 0.9149
Epoch: 4, Batch: 520, Acc: 50.90%, Loss: 0.8910
Epoch: 4, Batch: 530, Acc: 50.91%, Loss: 0.9281
Epoch: 4, Batch: 540, Acc: 51.01%, Loss: 0.8827
Epoch: 4, Batch: 550, Acc: 51.07%, Loss: 0.9004
Epoch: 4, Batch: 560, Acc: 51.04%, Loss: 0.9072
Epoch: 4, Batch: 570, Acc: 51.09%, Loss: 0.8629
Epoch: 4, Batch: 580, Acc: 51.07%, Loss: 0.9165
Epoch: 4, Batch: 590, Acc: 51.11%, Loss: 0.9281
Epoch: 4, Batch: 600, Acc: 51.04%, Loss: 0.9600
Epoch: 4, Batch: 610, Acc: 51.10%, Loss: 0.9032
Epoch: 4, Batch: 620, Acc: 51.06%, Loss: 0.9331
Epoch: 4, Batch: 630, Acc: 51.05%, Loss: 0.9377
Epoch: 4, Batch: 640, Acc: 51.06%, Loss: 0.9219
Epoch: 4, Batch: 650, Acc: 51.09%, Loss: 0.9234
Epoch: 4, Batch: 660, Acc: 51.08%, Loss: 0.9111
Epoch: 4, Batch: 670, Acc: 51.09%, Loss: 0.9243
Epoch: 4, Batch: 680, Acc: 51.16%, Loss: 0.8758
Epoch: 4, Batch: 690, Acc: 51.18%, Loss: 0.8716
Epoch: 4, Batch: 700, Acc: 51.17%, Loss: 0.9004
Epoch: 4, Batch: 710, Acc: 51.18%, Loss: 0.9025
Epoch: 4, Batch: 720, Acc: 51.20%, Loss: 0.9282
Epoch: 4, Batch: 730, Acc: 51.21%, Loss: 0.8798
Epoch: 4, Batch: 740, Acc: 51.22%, Loss: 0.9182
Epoch: 4, Batch: 750, Acc: 51.24%, Loss: 0.9047
Epoch: 4, Batch: 760, Acc: 51.23%, Loss: 0.9287
Epoch: 4, Batch: 770, Acc: 51.27%, Loss: 0.8893
Epoch: 4, Batch: 780, Acc: 51.28%, Loss: 0.8905
Epoch: 4, Batch: 790, Acc: 51.26%, Loss: 0.9483
Epoch: 4, Batch: 800, Acc: 51.26%, Loss: 0.8926
Epoch: 4, Batch: 810, Acc: 51.24%, Loss: 0.9608
Epoch: 4, Batch: 820, Acc: 51.24%, Loss: 0.9247
Epoch: 4, Batch: 830, Acc: 51.27%, Loss: 0.8682
Epoch: 4, Batch: 840, Acc: 51.22%, Loss: 0.9166
Epoch: 4, Batch: 850, Acc: 51.25%, Loss: 0.9174
Epoch: 4, Batch: 860, Acc: 51.32%, Loss: 0.8591
Epoch: 4, Batch: 870, Acc: 51.33%, Loss: 0.9010
Epoch: 4, Batch: 880, Acc: 51.38%, Loss: 0.8823
Epoch: 4, Batch: 890, Acc: 51.40%, Loss: 0.8954
Epoch: 4, Batch: 900, Acc: 51.39%, Loss: 0.9548
Epoch: 4, Batch: 910, Acc: 51.38%, Loss: 0.8990
Epoch: 4, Batch: 920, Acc: 51.40%, Loss: 0.9121
Epoch: 4, Batch: 930, Acc: 51.38%, Loss: 0.9271
Accuracy on test set: 58.85%, Val loss: 1.4316
Epoch 4: val_acc=58.85, best_val_acc=58.85, es_counter=0
Epoch: 5, Batch: 10, Acc: 49.84%, Loss: 0.9184
Epoch: 5, Batch: 20, Acc: 51.48%, Loss: 0.8987
Epoch: 5, Batch: 30, Acc: 51.67%, Loss: 0.9131
Epoch: 5, Batch: 40, Acc: 51.48%, Loss: 0.9279
Epoch: 5, Batch: 50, Acc: 51.53%, Loss: 0.8911
Epoch: 5, Batch: 60, Acc: 51.90%, Loss: 0.8764
Epoch: 5, Batch: 70, Acc: 52.14%, Loss: 0.8705
Epoch: 5, Batch: 80, Acc: 52.42%, Loss: 0.8951
Epoch: 5, Batch: 90, Acc: 52.71%, Loss: 0.8911
Epoch: 5, Batch: 100, Acc: 52.56%, Loss: 0.9003
Epoch: 5, Batch: 110, Acc: 52.66%, Loss: 0.8826
Epoch: 5, Batch: 120, Acc: 52.46%, Loss: 0.9519
Epoch: 5, Batch: 130, Acc: 52.62%, Loss: 0.8872
Epoch: 5, Batch: 140, Acc: 52.67%, Loss: 0.9169
Epoch: 5, Batch: 150, Acc: 52.92%, Loss: 0.8707
Epoch: 5, Batch: 160, Acc: 52.92%, Loss: 0.8825
Epoch: 5, Batch: 170, Acc: 52.84%, Loss: 0.9076
Epoch: 5, Batch: 180, Acc: 53.00%, Loss: 0.8726
Epoch: 5, Batch: 190, Acc: 53.12%, Loss: 0.8666
Epoch: 5, Batch: 200, Acc: 53.13%, Loss: 0.9196
Epoch: 5, Batch: 210, Acc: 53.04%, Loss: 0.9130
Epoch: 5, Batch: 220, Acc: 53.11%, Loss: 0.8817
Epoch: 5, Batch: 230, Acc: 53.14%, Loss: 0.8985
Epoch: 5, Batch: 240, Acc: 53.06%, Loss: 0.9046
Epoch: 5, Batch: 250, Acc: 53.04%, Loss: 0.9330
Epoch: 5, Batch: 260, Acc: 52.90%, Loss: 0.9489
Epoch: 5, Batch: 270, Acc: 52.85%, Loss: 0.9192
Epoch: 5, Batch: 280, Acc: 52.87%, Loss: 0.8963
Epoch: 5, Batch: 290, Acc: 52.85%, Loss: 0.8880
Epoch: 5, Batch: 300, Acc: 52.75%, Loss: 0.9281
Epoch: 5, Batch: 310, Acc: 52.71%, Loss: 0.9019
Epoch: 5, Batch: 320, Acc: 52.78%, Loss: 0.8881
Epoch: 5, Batch: 330, Acc: 52.79%, Loss: 0.9072
Epoch: 5, Batch: 340, Acc: 52.86%, Loss: 0.8893
Epoch: 5, Batch: 350, Acc: 52.85%, Loss: 0.8946
Epoch: 5, Batch: 360, Acc: 52.81%, Loss: 0.8880
Epoch: 5, Batch: 370, Acc: 52.83%, Loss: 0.9005
Epoch: 5, Batch: 380, Acc: 52.72%, Loss: 0.9356
Epoch: 5, Batch: 390, Acc: 52.75%, Loss: 0.8847
Epoch: 5, Batch: 400, Acc: 52.77%, Loss: 0.9142
Epoch: 5, Batch: 410, Acc: 52.74%, Loss: 0.9344
Epoch: 5, Batch: 420, Acc: 52.72%, Loss: 0.9173
Epoch: 5, Batch: 430, Acc: 52.73%, Loss: 0.9199
Epoch: 5, Batch: 440, Acc: 52.71%, Loss: 0.9481
Epoch: 5, Batch: 450, Acc: 52.68%, Loss: 0.8784
Epoch: 5, Batch: 460, Acc: 52.64%, Loss: 0.8898
Epoch: 5, Batch: 470, Acc: 52.59%, Loss: 0.9465
Epoch: 5, Batch: 480, Acc: 52.59%, Loss: 0.9362
Epoch: 5, Batch: 490, Acc: 52.62%, Loss: 0.8718
Epoch: 5, Batch: 500, Acc: 52.66%, Loss: 0.8954
Epoch: 5, Batch: 510, Acc: 52.67%, Loss: 0.8867
Epoch: 5, Batch: 520, Acc: 52.61%, Loss: 0.9282
Epoch: 5, Batch: 530, Acc: 52.61%, Loss: 0.9211
Epoch: 5, Batch: 540, Acc: 52.65%, Loss: 0.8880
Epoch: 5, Batch: 550, Acc: 52.63%, Loss: 0.9071
Epoch: 5, Batch: 560, Acc: 52.61%, Loss: 0.9121
Epoch: 5, Batch: 570, Acc: 52.60%, Loss: 0.8923
Epoch: 5, Batch: 580, Acc: 52.59%, Loss: 0.8934
Epoch: 5, Batch: 590, Acc: 52.59%, Loss: 0.8831
Epoch: 5, Batch: 600, Acc: 52.58%, Loss: 0.9413
Epoch: 5, Batch: 610, Acc: 52.59%, Loss: 0.9048
Epoch: 5, Batch: 620, Acc: 52.62%, Loss: 0.8640
Epoch: 5, Batch: 630, Acc: 52.60%, Loss: 0.9252
Epoch: 5, Batch: 640, Acc: 52.52%, Loss: 0.9772
Epoch: 5, Batch: 650, Acc: 52.51%, Loss: 0.9200
Epoch: 5, Batch: 660, Acc: 52.50%, Loss: 0.8674
Epoch: 5, Batch: 670, Acc: 52.56%, Loss: 0.8754
Epoch: 5, Batch: 680, Acc: 52.58%, Loss: 0.9128
Epoch: 5, Batch: 690, Acc: 52.56%, Loss: 0.9232
Epoch: 5, Batch: 700, Acc: 52.58%, Loss: 0.8738
Epoch: 5, Batch: 710, Acc: 52.56%, Loss: 0.9059
Epoch: 5, Batch: 720, Acc: 52.61%, Loss: 0.8915
Epoch: 5, Batch: 730, Acc: 52.58%, Loss: 0.9142
Epoch: 5, Batch: 740, Acc: 52.59%, Loss: 0.8898
Epoch: 5, Batch: 750, Acc: 52.60%, Loss: 0.9256
Epoch: 5, Batch: 760, Acc: 52.62%, Loss: 0.8994
Epoch: 5, Batch: 770, Acc: 52.64%, Loss: 0.8764
Epoch: 5, Batch: 780, Acc: 52.65%, Loss: 0.9020
Epoch: 5, Batch: 790, Acc: 52.66%, Loss: 0.9091
Epoch: 5, Batch: 800, Acc: 52.64%, Loss: 0.9038
Epoch: 5, Batch: 810, Acc: 52.64%, Loss: 0.8949
Epoch: 5, Batch: 820, Acc: 52.64%, Loss: 0.9041
Epoch: 5, Batch: 830, Acc: 52.62%, Loss: 0.9371
Epoch: 5, Batch: 840, Acc: 52.62%, Loss: 0.9295
Epoch: 5, Batch: 850, Acc: 52.58%, Loss: 0.9292
Epoch: 5, Batch: 860, Acc: 52.61%, Loss: 0.8871
Epoch: 5, Batch: 870, Acc: 52.60%, Loss: 0.9241
Epoch: 5, Batch: 880, Acc: 52.55%, Loss: 0.9729
Epoch: 5, Batch: 890, Acc: 52.56%, Loss: 0.8741
Epoch: 5, Batch: 900, Acc: 52.53%, Loss: 0.9007
Epoch: 5, Batch: 910, Acc: 52.58%, Loss: 0.8411
Epoch: 5, Batch: 920, Acc: 52.60%, Loss: 0.8630
Epoch: 5, Batch: 930, Acc: 52.59%, Loss: 0.8815
Accuracy on test set: 59.86%, Val loss: 1.4051
Epoch 5: val_acc=59.86, best_val_acc=59.86, es_counter=0
Epoch: 6, Batch: 10, Acc: 53.59%, Loss: 0.8885
Epoch: 6, Batch: 20, Acc: 54.38%, Loss: 0.8827
Epoch: 6, Batch: 30, Acc: 53.80%, Loss: 0.8981
Epoch: 6, Batch: 40, Acc: 52.93%, Loss: 0.9254
Epoch: 6, Batch: 50, Acc: 52.81%, Loss: 0.8938
Epoch: 6, Batch: 60, Acc: 53.07%, Loss: 0.8495
Epoch: 6, Batch: 70, Acc: 52.95%, Loss: 0.8893
Epoch: 6, Batch: 80, Acc: 53.09%, Loss: 0.8877
Epoch: 6, Batch: 90, Acc: 53.42%, Loss: 0.8584
Epoch: 6, Batch: 100, Acc: 53.19%, Loss: 0.9507
Epoch: 6, Batch: 110, Acc: 53.05%, Loss: 0.9414
Epoch: 6, Batch: 120, Acc: 53.18%, Loss: 0.8667
Epoch: 6, Batch: 130, Acc: 53.02%, Loss: 0.9270
Epoch: 6, Batch: 140, Acc: 52.99%, Loss: 0.8787
Epoch: 6, Batch: 150, Acc: 53.08%, Loss: 0.8799
Epoch: 6, Batch: 160, Acc: 52.96%, Loss: 0.8962
Epoch: 6, Batch: 170, Acc: 53.01%, Loss: 0.8974
Epoch: 6, Batch: 180, Acc: 52.94%, Loss: 0.9119
Epoch: 6, Batch: 190, Acc: 52.87%, Loss: 0.9305
Epoch: 6, Batch: 200, Acc: 52.84%, Loss: 0.9016
Epoch: 6, Batch: 210, Acc: 52.93%, Loss: 0.8789
Epoch: 6, Batch: 220, Acc: 53.04%, Loss: 0.9113
Epoch: 6, Batch: 230, Acc: 53.03%, Loss: 0.8790
Epoch: 6, Batch: 240, Acc: 53.16%, Loss: 0.8662
Epoch: 6, Batch: 250, Acc: 53.16%, Loss: 0.8831
Epoch: 6, Batch: 260, Acc: 53.34%, Loss: 0.8350
Epoch: 6, Batch: 270, Acc: 53.29%, Loss: 0.9132
Epoch: 6, Batch: 280, Acc: 53.30%, Loss: 0.8868
Epoch: 6, Batch: 290, Acc: 53.34%, Loss: 0.8921
Epoch: 6, Batch: 300, Acc: 53.31%, Loss: 0.8698
Epoch: 6, Batch: 310, Acc: 53.39%, Loss: 0.8377
Epoch: 6, Batch: 320, Acc: 53.21%, Loss: 0.9522
Epoch: 6, Batch: 330, Acc: 53.31%, Loss: 0.8803
Epoch: 6, Batch: 340, Acc: 53.35%, Loss: 0.8818
Epoch: 6, Batch: 350, Acc: 53.36%, Loss: 0.8788
Epoch: 6, Batch: 360, Acc: 53.32%, Loss: 0.8858
Epoch: 6, Batch: 370, Acc: 53.27%, Loss: 0.9042
Epoch: 6, Batch: 380, Acc: 53.32%, Loss: 0.8746
Epoch: 6, Batch: 390, Acc: 53.23%, Loss: 0.9278
Epoch: 6, Batch: 400, Acc: 53.23%, Loss: 0.9333
Epoch: 6, Batch: 410, Acc: 53.31%, Loss: 0.8540
Epoch: 6, Batch: 420, Acc: 53.27%, Loss: 0.9131
Epoch: 6, Batch: 430, Acc: 53.28%, Loss: 0.9130
Epoch: 6, Batch: 440, Acc: 53.34%, Loss: 0.9100
Epoch: 6, Batch: 450, Acc: 53.33%, Loss: 0.9256
Epoch: 6, Batch: 460, Acc: 53.36%, Loss: 0.8818
Epoch: 6, Batch: 470, Acc: 53.36%, Loss: 0.8701
Epoch: 6, Batch: 480, Acc: 53.29%, Loss: 0.9072
Epoch: 6, Batch: 490, Acc: 53.32%, Loss: 0.8873
Epoch: 6, Batch: 500, Acc: 53.33%, Loss: 0.8674
Epoch: 6, Batch: 510, Acc: 53.30%, Loss: 0.9163
Epoch: 6, Batch: 520, Acc: 53.30%, Loss: 0.8879
Epoch: 6, Batch: 530, Acc: 53.34%, Loss: 0.8677
Epoch: 6, Batch: 540, Acc: 53.45%, Loss: 0.8543
Epoch: 6, Batch: 550, Acc: 53.52%, Loss: 0.8588
Epoch: 6, Batch: 560, Acc: 53.48%, Loss: 0.9086
Epoch: 6, Batch: 570, Acc: 53.45%, Loss: 0.9077
Epoch: 6, Batch: 580, Acc: 53.47%, Loss: 0.8981
Epoch: 6, Batch: 590, Acc: 53.49%, Loss: 0.8759
Epoch: 6, Batch: 600, Acc: 53.43%, Loss: 0.9300
Epoch: 6, Batch: 610, Acc: 53.46%, Loss: 0.9023
Epoch: 6, Batch: 620, Acc: 53.41%, Loss: 0.9202
Epoch: 6, Batch: 630, Acc: 53.39%, Loss: 0.9023
Epoch: 6, Batch: 640, Acc: 53.37%, Loss: 0.9261
Epoch: 6, Batch: 650, Acc: 53.38%, Loss: 0.9112
Epoch: 6, Batch: 660, Acc: 53.35%, Loss: 0.9082
Epoch: 6, Batch: 670, Acc: 53.38%, Loss: 0.8976
Epoch: 6, Batch: 680, Acc: 53.37%, Loss: 0.8917
Epoch: 6, Batch: 690, Acc: 53.41%, Loss: 0.8531
Epoch: 6, Batch: 700, Acc: 53.42%, Loss: 0.8766
Epoch: 6, Batch: 710, Acc: 53.40%, Loss: 0.8952
Epoch: 6, Batch: 720, Acc: 53.37%, Loss: 0.9376
Epoch: 6, Batch: 730, Acc: 53.39%, Loss: 0.8997
Epoch: 6, Batch: 740, Acc: 53.36%, Loss: 0.9145
Epoch: 6, Batch: 750, Acc: 53.33%, Loss: 0.9229
Epoch: 6, Batch: 760, Acc: 53.33%, Loss: 0.8938
Epoch: 6, Batch: 770, Acc: 53.35%, Loss: 0.8821
Epoch: 6, Batch: 780, Acc: 53.34%, Loss: 0.9232
Epoch: 6, Batch: 790, Acc: 53.32%, Loss: 0.8806
Epoch: 6, Batch: 800, Acc: 53.34%, Loss: 0.8805
Epoch: 6, Batch: 810, Acc: 53.33%, Loss: 0.9084
Epoch: 6, Batch: 820, Acc: 53.35%, Loss: 0.9008
Epoch: 6, Batch: 830, Acc: 53.37%, Loss: 0.8936
Epoch: 6, Batch: 840, Acc: 53.38%, Loss: 0.8909
Epoch: 6, Batch: 850, Acc: 53.38%, Loss: 0.8819
Epoch: 6, Batch: 860, Acc: 53.42%, Loss: 0.8532
Epoch: 6, Batch: 870, Acc: 53.43%, Loss: 0.8924
Epoch: 6, Batch: 880, Acc: 53.46%, Loss: 0.8680
Epoch: 6, Batch: 890, Acc: 53.41%, Loss: 0.9685
Epoch: 6, Batch: 900, Acc: 53.39%, Loss: 0.8841
Epoch: 6, Batch: 910, Acc: 53.36%, Loss: 0.9156
Epoch: 6, Batch: 920, Acc: 53.38%, Loss: 0.8407
Epoch: 6, Batch: 930, Acc: 53.35%, Loss: 0.9191
Accuracy on test set: 60.84%, Val loss: 1.3914
Epoch 6: val_acc=60.84, best_val_acc=60.84, es_counter=0
Epoch: 7, Batch: 10, Acc: 53.59%, Loss: 0.9183
Epoch: 7, Batch: 20, Acc: 53.44%, Loss: 0.8880
Epoch: 7, Batch: 30, Acc: 52.60%, Loss: 0.8972
Epoch: 7, Batch: 40, Acc: 52.46%, Loss: 0.9234
Epoch: 7, Batch: 50, Acc: 52.09%, Loss: 0.9269
Epoch: 7, Batch: 60, Acc: 52.32%, Loss: 0.8928
Epoch: 7, Batch: 70, Acc: 52.61%, Loss: 0.8994
Epoch: 7, Batch: 80, Acc: 52.62%, Loss: 0.8887
Epoch: 7, Batch: 90, Acc: 52.74%, Loss: 0.8945
Epoch: 7, Batch: 100, Acc: 52.84%, Loss: 0.8855
Epoch: 7, Batch: 110, Acc: 53.01%, Loss: 0.9019
Epoch: 7, Batch: 120, Acc: 53.16%, Loss: 0.8746
Epoch: 7, Batch: 130, Acc: 53.35%, Loss: 0.8457
Epoch: 7, Batch: 140, Acc: 53.31%, Loss: 0.8857
Epoch: 7, Batch: 150, Acc: 53.44%, Loss: 0.8671
Epoch: 7, Batch: 160, Acc: 53.28%, Loss: 0.9169
Epoch: 7, Batch: 170, Acc: 53.19%, Loss: 0.8905
Epoch: 7, Batch: 180, Acc: 53.12%, Loss: 0.8768
Epoch: 7, Batch: 190, Acc: 53.10%, Loss: 0.8964
Epoch: 7, Batch: 200, Acc: 53.16%, Loss: 0.8861
Epoch: 7, Batch: 210, Acc: 53.18%, Loss: 0.8798
Epoch: 7, Batch: 220, Acc: 53.10%, Loss: 0.9119
Epoch: 7, Batch: 230, Acc: 53.13%, Loss: 0.8699
Epoch: 7, Batch: 240, Acc: 53.33%, Loss: 0.8524
Epoch: 7, Batch: 250, Acc: 53.41%, Loss: 0.8685
Epoch: 7, Batch: 260, Acc: 53.48%, Loss: 0.8639
Epoch: 7, Batch: 270, Acc: 53.41%, Loss: 0.9235
Epoch: 7, Batch: 280, Acc: 53.47%, Loss: 0.8806
Epoch: 7, Batch: 290, Acc: 53.42%, Loss: 0.8948
Epoch: 7, Batch: 300, Acc: 53.45%, Loss: 0.8827
Epoch: 7, Batch: 310, Acc: 53.52%, Loss: 0.8839
Epoch: 7, Batch: 320, Acc: 53.54%, Loss: 0.8870
Epoch: 7, Batch: 330, Acc: 53.61%, Loss: 0.8753
Epoch: 7, Batch: 340, Acc: 53.56%, Loss: 0.9106
Epoch: 7, Batch: 350, Acc: 53.66%, Loss: 0.8832
Epoch: 7, Batch: 360, Acc: 53.66%, Loss: 0.8820
Epoch: 7, Batch: 370, Acc: 53.66%, Loss: 0.8980
Epoch: 7, Batch: 380, Acc: 53.68%, Loss: 0.9002
Epoch: 7, Batch: 390, Acc: 53.75%, Loss: 0.8976
Epoch: 7, Batch: 400, Acc: 53.72%, Loss: 0.8843
Epoch: 7, Batch: 410, Acc: 53.70%, Loss: 0.9058
Epoch: 7, Batch: 420, Acc: 53.68%, Loss: 0.8974
Epoch: 7, Batch: 430, Acc: 53.76%, Loss: 0.8473
Epoch: 7, Batch: 440, Acc: 53.73%, Loss: 0.8777
Epoch: 7, Batch: 450, Acc: 53.83%, Loss: 0.8359
Epoch: 7, Batch: 460, Acc: 53.87%, Loss: 0.8769
Epoch: 7, Batch: 470, Acc: 53.90%, Loss: 0.8791
Epoch: 7, Batch: 480, Acc: 53.91%, Loss: 0.8794
Epoch: 7, Batch: 490, Acc: 53.94%, Loss: 0.8871
Epoch: 7, Batch: 500, Acc: 53.94%, Loss: 0.8741
Epoch: 7, Batch: 510, Acc: 54.01%, Loss: 0.8320
Epoch: 7, Batch: 520, Acc: 53.97%, Loss: 0.9054
Epoch: 7, Batch: 530, Acc: 53.94%, Loss: 0.8907
Epoch: 7, Batch: 540, Acc: 53.95%, Loss: 0.8927
Epoch: 7, Batch: 550, Acc: 54.02%, Loss: 0.8320
Epoch: 7, Batch: 560, Acc: 54.01%, Loss: 0.8865
Epoch: 7, Batch: 570, Acc: 54.07%, Loss: 0.8630
Epoch: 7, Batch: 580, Acc: 54.09%, Loss: 0.8868
Epoch: 7, Batch: 590, Acc: 54.02%, Loss: 0.9223
Epoch: 7, Batch: 600, Acc: 53.98%, Loss: 0.8879
Epoch: 7, Batch: 610, Acc: 53.95%, Loss: 0.9093
Epoch: 7, Batch: 620, Acc: 53.97%, Loss: 0.8885
Epoch: 7, Batch: 630, Acc: 53.99%, Loss: 0.8692
Epoch: 7, Batch: 640, Acc: 53.94%, Loss: 0.8995
Epoch: 7, Batch: 650, Acc: 53.98%, Loss: 0.8558
Epoch: 7, Batch: 660, Acc: 53.94%, Loss: 0.9101
Epoch: 7, Batch: 670, Acc: 53.97%, Loss: 0.8496
Epoch: 7, Batch: 680, Acc: 53.97%, Loss: 0.8774
Epoch: 7, Batch: 690, Acc: 53.97%, Loss: 0.8773
Epoch: 7, Batch: 700, Acc: 53.94%, Loss: 0.9161
Epoch: 7, Batch: 710, Acc: 53.93%, Loss: 0.8854
Epoch: 7, Batch: 720, Acc: 53.92%, Loss: 0.8794
Epoch: 7, Batch: 730, Acc: 53.88%, Loss: 0.8968
Epoch: 7, Batch: 740, Acc: 53.91%, Loss: 0.8780
Epoch: 7, Batch: 750, Acc: 53.95%, Loss: 0.8513
Epoch: 7, Batch: 760, Acc: 53.95%, Loss: 0.9222
Epoch: 7, Batch: 770, Acc: 53.98%, Loss: 0.8570
Epoch: 7, Batch: 780, Acc: 54.03%, Loss: 0.8834
Epoch: 7, Batch: 790, Acc: 54.06%, Loss: 0.8655
Epoch: 7, Batch: 800, Acc: 54.06%, Loss: 0.8830
Epoch: 7, Batch: 810, Acc: 54.05%, Loss: 0.9142
Epoch: 7, Batch: 820, Acc: 54.06%, Loss: 0.8703
Epoch: 7, Batch: 830, Acc: 54.05%, Loss: 0.9051
Epoch: 7, Batch: 840, Acc: 54.06%, Loss: 0.8732
Epoch: 7, Batch: 850, Acc: 54.07%, Loss: 0.8649
Epoch: 7, Batch: 860, Acc: 54.09%, Loss: 0.9068
Epoch: 7, Batch: 870, Acc: 54.08%, Loss: 0.8940
Epoch: 7, Batch: 880, Acc: 54.07%, Loss: 0.9061
Epoch: 7, Batch: 890, Acc: 54.09%, Loss: 0.8666
Epoch: 7, Batch: 900, Acc: 54.11%, Loss: 0.8781
Epoch: 7, Batch: 910, Acc: 54.11%, Loss: 0.8867
Epoch: 7, Batch: 920, Acc: 54.14%, Loss: 0.8745
Epoch: 7, Batch: 930, Acc: 54.14%, Loss: 0.9350
Accuracy on test set: 61.60%, Val loss: 1.3700
Epoch 7: val_acc=61.60, best_val_acc=61.60, es_counter=0
Epoch: 8, Batch: 10, Acc: 52.66%, Loss: 0.8555
Epoch: 8, Batch: 20, Acc: 52.97%, Loss: 0.8929
Epoch: 8, Batch: 30, Acc: 52.86%, Loss: 0.9019
Epoch: 8, Batch: 40, Acc: 53.91%, Loss: 0.8476
Epoch: 8, Batch: 50, Acc: 54.06%, Loss: 0.8844
Epoch: 8, Batch: 60, Acc: 54.64%, Loss: 0.8715
Epoch: 8, Batch: 70, Acc: 54.38%, Loss: 0.8626
Epoch: 8, Batch: 80, Acc: 54.08%, Loss: 0.8892
Epoch: 8, Batch: 90, Acc: 54.70%, Loss: 0.8274
Epoch: 8, Batch: 100, Acc: 54.48%, Loss: 0.9067
Epoch: 8, Batch: 110, Acc: 54.43%, Loss: 0.8647
Epoch: 8, Batch: 120, Acc: 54.45%, Loss: 0.8980
Epoch: 8, Batch: 130, Acc: 54.59%, Loss: 0.8784
Epoch: 8, Batch: 140, Acc: 54.69%, Loss: 0.8917
Epoch: 8, Batch: 150, Acc: 54.69%, Loss: 0.8611
Epoch: 8, Batch: 160, Acc: 54.56%, Loss: 0.8957
Epoch: 8, Batch: 170, Acc: 54.43%, Loss: 0.9419
Epoch: 8, Batch: 180, Acc: 54.51%, Loss: 0.8881
Epoch: 8, Batch: 190, Acc: 54.56%, Loss: 0.8733
Epoch: 8, Batch: 200, Acc: 54.47%, Loss: 0.8810
Epoch: 8, Batch: 210, Acc: 54.44%, Loss: 0.8820
Epoch: 8, Batch: 220, Acc: 54.35%, Loss: 0.9018
Epoch: 8, Batch: 230, Acc: 54.33%, Loss: 0.8901
Epoch: 8, Batch: 240, Acc: 54.30%, Loss: 0.8824
Epoch: 8, Batch: 250, Acc: 54.25%, Loss: 0.8728
Epoch: 8, Batch: 260, Acc: 54.25%, Loss: 0.8838
Epoch: 8, Batch: 270, Acc: 54.35%, Loss: 0.8801
Epoch: 8, Batch: 280, Acc: 54.41%, Loss: 0.8643
Epoch: 8, Batch: 290, Acc: 54.55%, Loss: 0.8386
Epoch: 8, Batch: 300, Acc: 54.47%, Loss: 0.8841
Epoch: 8, Batch: 310, Acc: 54.53%, Loss: 0.8665
Epoch: 8, Batch: 320, Acc: 54.54%, Loss: 0.8901
Epoch: 8, Batch: 330, Acc: 54.57%, Loss: 0.8345
Epoch: 8, Batch: 340, Acc: 54.51%, Loss: 0.8623
Epoch: 8, Batch: 350, Acc: 54.60%, Loss: 0.8504
Epoch: 8, Batch: 360, Acc: 54.58%, Loss: 0.8448
Epoch: 8, Batch: 370, Acc: 54.55%, Loss: 0.8862
Epoch: 8, Batch: 380, Acc: 54.49%, Loss: 0.8836
Epoch: 8, Batch: 390, Acc: 54.49%, Loss: 0.8916
Epoch: 8, Batch: 400, Acc: 54.52%, Loss: 0.8609
Epoch: 8, Batch: 410, Acc: 54.61%, Loss: 0.8617
Epoch: 8, Batch: 420, Acc: 54.57%, Loss: 0.8702
Epoch: 8, Batch: 430, Acc: 54.70%, Loss: 0.8253
Epoch: 8, Batch: 440, Acc: 54.67%, Loss: 0.9218
Epoch: 8, Batch: 450, Acc: 54.71%, Loss: 0.8362
Epoch: 8, Batch: 460, Acc: 54.74%, Loss: 0.8886
Epoch: 8, Batch: 470, Acc: 54.73%, Loss: 0.8963
Epoch: 8, Batch: 480, Acc: 54.78%, Loss: 0.8509
Epoch: 8, Batch: 490, Acc: 54.79%, Loss: 0.8475
Epoch: 8, Batch: 500, Acc: 54.85%, Loss: 0.8396
Epoch: 8, Batch: 510, Acc: 54.85%, Loss: 0.8792
Epoch: 8, Batch: 520, Acc: 54.79%, Loss: 0.9359
Epoch: 8, Batch: 530, Acc: 54.79%, Loss: 0.8600
Epoch: 8, Batch: 540, Acc: 54.78%, Loss: 0.8727
Epoch: 8, Batch: 550, Acc: 54.78%, Loss: 0.8701
Epoch: 8, Batch: 560, Acc: 54.78%, Loss: 0.8973
Epoch: 8, Batch: 570, Acc: 54.77%, Loss: 0.9026
Epoch: 8, Batch: 580, Acc: 54.76%, Loss: 0.8986
Epoch: 8, Batch: 590, Acc: 54.81%, Loss: 0.8541
Epoch: 8, Batch: 600, Acc: 54.83%, Loss: 0.8543
Epoch: 8, Batch: 610, Acc: 54.80%, Loss: 0.8809
Epoch: 8, Batch: 620, Acc: 54.81%, Loss: 0.8676
Epoch: 8, Batch: 630, Acc: 54.87%, Loss: 0.8298
Epoch: 8, Batch: 640, Acc: 54.87%, Loss: 0.9227
Epoch: 8, Batch: 650, Acc: 54.88%, Loss: 0.8621
Epoch: 8, Batch: 660, Acc: 54.87%, Loss: 0.8539
Epoch: 8, Batch: 670, Acc: 54.86%, Loss: 0.8921
Epoch: 8, Batch: 680, Acc: 54.91%, Loss: 0.8434
Epoch: 8, Batch: 690, Acc: 54.95%, Loss: 0.8601
Epoch: 8, Batch: 700, Acc: 54.93%, Loss: 0.9154
Epoch: 8, Batch: 710, Acc: 54.89%, Loss: 0.8532
Epoch: 8, Batch: 720, Acc: 54.87%, Loss: 0.9158
Epoch: 8, Batch: 730, Acc: 54.83%, Loss: 0.9259
Epoch: 8, Batch: 740, Acc: 54.87%, Loss: 0.8686
Epoch: 8, Batch: 750, Acc: 54.85%, Loss: 0.8761
Epoch: 8, Batch: 760, Acc: 54.84%, Loss: 0.8897
Epoch: 8, Batch: 770, Acc: 54.87%, Loss: 0.8341
Epoch: 8, Batch: 780, Acc: 54.87%, Loss: 0.8564
Epoch: 8, Batch: 790, Acc: 54.89%, Loss: 0.8641
Epoch: 8, Batch: 800, Acc: 54.91%, Loss: 0.8664
Epoch: 8, Batch: 810, Acc: 54.92%, Loss: 0.8666
Epoch: 8, Batch: 820, Acc: 54.94%, Loss: 0.8608
Epoch: 8, Batch: 830, Acc: 54.96%, Loss: 0.8321
Epoch: 8, Batch: 840, Acc: 54.99%, Loss: 0.8691
Epoch: 8, Batch: 850, Acc: 55.02%, Loss: 0.8604
Epoch: 8, Batch: 860, Acc: 54.99%, Loss: 0.9312
Epoch: 8, Batch: 870, Acc: 55.02%, Loss: 0.8684
Epoch: 8, Batch: 880, Acc: 54.99%, Loss: 0.9043
Epoch: 8, Batch: 890, Acc: 54.99%, Loss: 0.8608
Epoch: 8, Batch: 900, Acc: 55.00%, Loss: 0.8734
Epoch: 8, Batch: 910, Acc: 55.04%, Loss: 0.8489
Epoch: 8, Batch: 920, Acc: 55.06%, Loss: 0.9022
Epoch: 8, Batch: 930, Acc: 55.05%, Loss: 0.8402
Accuracy on test set: 62.60%, Val loss: 1.3564
Epoch 8: val_acc=62.60, best_val_acc=62.60, es_counter=0
Epoch: 9, Batch: 10, Acc: 57.34%, Loss: 0.8737
Epoch: 9, Batch: 20, Acc: 57.27%, Loss: 0.8536
Epoch: 9, Batch: 30, Acc: 57.19%, Loss: 0.8781
Epoch: 9, Batch: 40, Acc: 56.99%, Loss: 0.8364
Epoch: 9, Batch: 50, Acc: 57.19%, Loss: 0.8259
Epoch: 9, Batch: 60, Acc: 56.48%, Loss: 0.8766
Epoch: 9, Batch: 70, Acc: 56.34%, Loss: 0.8540
Epoch: 9, Batch: 80, Acc: 56.88%, Loss: 0.8041
Epoch: 9, Batch: 90, Acc: 56.65%, Loss: 0.8703
Epoch: 9, Batch: 100, Acc: 56.70%, Loss: 0.8467
Epoch: 9, Batch: 110, Acc: 56.49%, Loss: 0.8571
Epoch: 9, Batch: 120, Acc: 56.29%, Loss: 0.8605
Epoch: 9, Batch: 130, Acc: 56.09%, Loss: 0.8879
Epoch: 9, Batch: 140, Acc: 56.22%, Loss: 0.8590
Epoch: 9, Batch: 150, Acc: 56.19%, Loss: 0.8584
Epoch: 9, Batch: 160, Acc: 56.23%, Loss: 0.8489
Epoch: 9, Batch: 170, Acc: 56.21%, Loss: 0.8536
Epoch: 9, Batch: 180, Acc: 56.18%, Loss: 0.8355
Epoch: 9, Batch: 190, Acc: 56.07%, Loss: 0.8959
Epoch: 9, Batch: 200, Acc: 55.96%, Loss: 0.8677
Epoch: 9, Batch: 210, Acc: 56.12%, Loss: 0.7972
Epoch: 9, Batch: 220, Acc: 56.04%, Loss: 0.8805
Epoch: 9, Batch: 230, Acc: 55.99%, Loss: 0.8729
Epoch: 9, Batch: 240, Acc: 55.91%, Loss: 0.8854
Epoch: 9, Batch: 250, Acc: 56.06%, Loss: 0.8266
Epoch: 9, Batch: 260, Acc: 56.02%, Loss: 0.8790
Epoch: 9, Batch: 270, Acc: 56.00%, Loss: 0.8766
Epoch: 9, Batch: 280, Acc: 55.88%, Loss: 0.8811
Epoch: 9, Batch: 290, Acc: 55.95%, Loss: 0.8503
Epoch: 9, Batch: 300, Acc: 55.95%, Loss: 0.8399
Epoch: 9, Batch: 310, Acc: 55.91%, Loss: 0.8854
Epoch: 9, Batch: 320, Acc: 55.88%, Loss: 0.8682
Epoch: 9, Batch: 330, Acc: 55.78%, Loss: 0.8831
Epoch: 9, Batch: 340, Acc: 55.87%, Loss: 0.8329
Epoch: 9, Batch: 350, Acc: 55.88%, Loss: 0.8506
Epoch: 9, Batch: 360, Acc: 55.76%, Loss: 0.8992
Epoch: 9, Batch: 370, Acc: 55.79%, Loss: 0.8383
Epoch: 9, Batch: 380, Acc: 55.79%, Loss: 0.8763
Epoch: 9, Batch: 390, Acc: 55.80%, Loss: 0.8551
Epoch: 9, Batch: 400, Acc: 55.85%, Loss: 0.8566
Epoch: 9, Batch: 410, Acc: 55.79%, Loss: 0.8791
Epoch: 9, Batch: 420, Acc: 55.86%, Loss: 0.8447
Epoch: 9, Batch: 430, Acc: 55.87%, Loss: 0.8929
Epoch: 9, Batch: 440, Acc: 55.94%, Loss: 0.8291
Epoch: 9, Batch: 450, Acc: 55.87%, Loss: 0.8728
Epoch: 9, Batch: 460, Acc: 55.91%, Loss: 0.8661
Epoch: 9, Batch: 470, Acc: 55.88%, Loss: 0.8491
Epoch: 9, Batch: 480, Acc: 55.89%, Loss: 0.8342
Epoch: 9, Batch: 490, Acc: 55.94%, Loss: 0.8207
Epoch: 9, Batch: 500, Acc: 55.86%, Loss: 0.9228
Epoch: 9, Batch: 510, Acc: 55.90%, Loss: 0.8834
Epoch: 9, Batch: 520, Acc: 55.82%, Loss: 0.9247
Epoch: 9, Batch: 530, Acc: 55.80%, Loss: 0.8865
Epoch: 9, Batch: 540, Acc: 55.77%, Loss: 0.8928
Epoch: 9, Batch: 550, Acc: 55.78%, Loss: 0.8929
Epoch: 9, Batch: 560, Acc: 55.81%, Loss: 0.8370
Epoch: 9, Batch: 570, Acc: 55.85%, Loss: 0.8449
Epoch: 9, Batch: 580, Acc: 55.85%, Loss: 0.8606
Epoch: 9, Batch: 590, Acc: 55.89%, Loss: 0.8363
Epoch: 9, Batch: 600, Acc: 55.90%, Loss: 0.8753
Epoch: 9, Batch: 610, Acc: 55.99%, Loss: 0.8211
Epoch: 9, Batch: 620, Acc: 56.04%, Loss: 0.8554
Epoch: 9, Batch: 630, Acc: 56.02%, Loss: 0.8814
Epoch: 9, Batch: 640, Acc: 56.02%, Loss: 0.8303
Epoch: 9, Batch: 650, Acc: 56.06%, Loss: 0.8341
Epoch: 9, Batch: 660, Acc: 56.11%, Loss: 0.8385
Epoch: 9, Batch: 670, Acc: 56.11%, Loss: 0.8549
Epoch: 9, Batch: 680, Acc: 56.15%, Loss: 0.8527
Epoch: 9, Batch: 690, Acc: 56.18%, Loss: 0.8491
Epoch: 9, Batch: 700, Acc: 56.16%, Loss: 0.8453
Epoch: 9, Batch: 710, Acc: 56.19%, Loss: 0.8269
Epoch: 9, Batch: 720, Acc: 56.19%, Loss: 0.8536
Epoch: 9, Batch: 730, Acc: 56.20%, Loss: 0.8668
Epoch: 9, Batch: 740, Acc: 56.20%, Loss: 0.8236
Epoch: 9, Batch: 750, Acc: 56.15%, Loss: 0.8894
Epoch: 9, Batch: 760, Acc: 56.08%, Loss: 0.9039
Epoch: 9, Batch: 770, Acc: 56.02%, Loss: 0.9129
Epoch: 9, Batch: 780, Acc: 56.01%, Loss: 0.8759
Epoch: 9, Batch: 790, Acc: 55.96%, Loss: 0.9131
Epoch: 9, Batch: 800, Acc: 55.95%, Loss: 0.8764
Epoch: 9, Batch: 810, Acc: 55.98%, Loss: 0.8477
Epoch: 9, Batch: 820, Acc: 55.99%, Loss: 0.8386
Epoch: 9, Batch: 830, Acc: 56.00%, Loss: 0.8490
Epoch: 9, Batch: 840, Acc: 56.04%, Loss: 0.8273
Epoch: 9, Batch: 850, Acc: 56.04%, Loss: 0.8659
Epoch: 9, Batch: 860, Acc: 55.98%, Loss: 0.9033
Epoch: 9, Batch: 870, Acc: 55.98%, Loss: 0.8522
Epoch: 9, Batch: 880, Acc: 56.04%, Loss: 0.8153
Epoch: 9, Batch: 890, Acc: 56.03%, Loss: 0.8913
Epoch: 9, Batch: 900, Acc: 56.03%, Loss: 0.8493
Epoch: 9, Batch: 910, Acc: 56.06%, Loss: 0.8484
Epoch: 9, Batch: 920, Acc: 56.00%, Loss: 0.8905
Epoch: 9, Batch: 930, Acc: 55.98%, Loss: 0.8912
Accuracy on test set: 64.07%, Val loss: 1.3315
Epoch 9: val_acc=64.07, best_val_acc=64.07, es_counter=0
Epoch: 10, Batch: 10, Acc: 55.16%, Loss: 0.8438
Epoch: 10, Batch: 20, Acc: 55.70%, Loss: 0.8822
Epoch: 10, Batch: 30, Acc: 54.64%, Loss: 0.8727
Epoch: 10, Batch: 40, Acc: 55.27%, Loss: 0.8479
Epoch: 10, Batch: 50, Acc: 55.66%, Loss: 0.8524
Epoch: 10, Batch: 60, Acc: 55.21%, Loss: 0.8816
Epoch: 10, Batch: 70, Acc: 55.27%, Loss: 0.8702
Epoch: 10, Batch: 80, Acc: 55.72%, Loss: 0.8250
Epoch: 10, Batch: 90, Acc: 55.50%, Loss: 0.8648
Epoch: 10, Batch: 100, Acc: 55.64%, Loss: 0.8440
Epoch: 10, Batch: 110, Acc: 55.68%, Loss: 0.8739
Epoch: 10, Batch: 120, Acc: 55.78%, Loss: 0.8552
Epoch: 10, Batch: 130, Acc: 55.48%, Loss: 0.8957
Epoch: 10, Batch: 140, Acc: 55.65%, Loss: 0.8230
Epoch: 10, Batch: 150, Acc: 55.86%, Loss: 0.8347
Epoch: 10, Batch: 160, Acc: 55.95%, Loss: 0.8273
Epoch: 10, Batch: 170, Acc: 55.77%, Loss: 0.8975
Epoch: 10, Batch: 180, Acc: 55.84%, Loss: 0.8431
Epoch: 10, Batch: 190, Acc: 55.83%, Loss: 0.8267
Epoch: 10, Batch: 200, Acc: 55.68%, Loss: 0.8948
Epoch: 10, Batch: 210, Acc: 55.73%, Loss: 0.8375
Epoch: 10, Batch: 220, Acc: 55.79%, Loss: 0.8530
Epoch: 10, Batch: 230, Acc: 55.73%, Loss: 0.8517
Epoch: 10, Batch: 240, Acc: 55.83%, Loss: 0.8286
Epoch: 10, Batch: 250, Acc: 55.77%, Loss: 0.8802
Epoch: 10, Batch: 260, Acc: 55.87%, Loss: 0.8446
Epoch: 10, Batch: 270, Acc: 55.95%, Loss: 0.8564
Epoch: 10, Batch: 280, Acc: 55.99%, Loss: 0.8714
Epoch: 10, Batch: 290, Acc: 55.99%, Loss: 0.8733
Epoch: 10, Batch: 300, Acc: 55.98%, Loss: 0.8380
Epoch: 10, Batch: 310, Acc: 55.95%, Loss: 0.8870
Epoch: 10, Batch: 320, Acc: 56.08%, Loss: 0.8284
Epoch: 10, Batch: 330, Acc: 56.13%, Loss: 0.8093
Epoch: 10, Batch: 340, Acc: 56.18%, Loss: 0.8602
Epoch: 10, Batch: 350, Acc: 56.13%, Loss: 0.8925
Epoch: 10, Batch: 360, Acc: 56.21%, Loss: 0.8438
Epoch: 10, Batch: 370, Acc: 56.18%, Loss: 0.8696
Epoch: 10, Batch: 380, Acc: 56.27%, Loss: 0.8286
Epoch: 10, Batch: 390, Acc: 56.37%, Loss: 0.8343
Epoch: 10, Batch: 400, Acc: 56.46%, Loss: 0.8234
Epoch: 10, Batch: 410, Acc: 56.55%, Loss: 0.8227
Epoch: 10, Batch: 420, Acc: 56.50%, Loss: 0.8628
Epoch: 10, Batch: 430, Acc: 56.53%, Loss: 0.8603
Epoch: 10, Batch: 440, Acc: 56.59%, Loss: 0.7957
Epoch: 10, Batch: 450, Acc: 56.60%, Loss: 0.8487
Epoch: 10, Batch: 460, Acc: 56.74%, Loss: 0.8105
Epoch: 10, Batch: 470, Acc: 56.74%, Loss: 0.8457
Epoch: 10, Batch: 480, Acc: 56.72%, Loss: 0.8662
Epoch: 10, Batch: 490, Acc: 56.76%, Loss: 0.8169
Epoch: 10, Batch: 500, Acc: 56.78%, Loss: 0.8474
Epoch: 10, Batch: 510, Acc: 56.81%, Loss: 0.8265
Epoch: 10, Batch: 520, Acc: 56.80%, Loss: 0.8483
Epoch: 10, Batch: 530, Acc: 56.78%, Loss: 0.8536
Epoch: 10, Batch: 540, Acc: 56.78%, Loss: 0.8533
Epoch: 10, Batch: 550, Acc: 56.81%, Loss: 0.8325
Epoch: 10, Batch: 560, Acc: 56.82%, Loss: 0.8661
Epoch: 10, Batch: 570, Acc: 56.88%, Loss: 0.8330
Epoch: 10, Batch: 580, Acc: 56.87%, Loss: 0.8493
Epoch: 10, Batch: 590, Acc: 56.90%, Loss: 0.8393
Epoch: 10, Batch: 600, Acc: 56.84%, Loss: 0.8681
Epoch: 10, Batch: 610, Acc: 56.81%, Loss: 0.8490
Epoch: 10, Batch: 620, Acc: 56.85%, Loss: 0.7987
Epoch: 10, Batch: 630, Acc: 56.80%, Loss: 0.8815
Epoch: 10, Batch: 640, Acc: 56.83%, Loss: 0.8675
Epoch: 10, Batch: 650, Acc: 56.80%, Loss: 0.8577
Epoch: 10, Batch: 660, Acc: 56.79%, Loss: 0.8446
Epoch: 10, Batch: 670, Acc: 56.81%, Loss: 0.8563
Epoch: 10, Batch: 680, Acc: 56.82%, Loss: 0.8342
Epoch: 10, Batch: 690, Acc: 56.82%, Loss: 0.8654
Epoch: 10, Batch: 700, Acc: 56.85%, Loss: 0.8339
Epoch: 10, Batch: 710, Acc: 56.88%, Loss: 0.8663
Epoch: 10, Batch: 720, Acc: 56.88%, Loss: 0.8475
Epoch: 10, Batch: 730, Acc: 56.87%, Loss: 0.8410
Epoch: 10, Batch: 740, Acc: 56.87%, Loss: 0.8319
Epoch: 10, Batch: 750, Acc: 56.89%, Loss: 0.8359
Epoch: 10, Batch: 760, Acc: 56.90%, Loss: 0.8447
Epoch: 10, Batch: 770, Acc: 56.89%, Loss: 0.8913
Epoch: 10, Batch: 780, Acc: 56.90%, Loss: 0.8443
Epoch: 10, Batch: 790, Acc: 56.88%, Loss: 0.8453
Epoch: 10, Batch: 800, Acc: 56.88%, Loss: 0.8568
Epoch: 10, Batch: 810, Acc: 56.88%, Loss: 0.8218
Epoch: 10, Batch: 820, Acc: 56.88%, Loss: 0.8490
Epoch: 10, Batch: 830, Acc: 56.87%, Loss: 0.8790
Epoch: 10, Batch: 840, Acc: 56.84%, Loss: 0.8523
Epoch: 10, Batch: 850, Acc: 56.82%, Loss: 0.8432
Epoch: 10, Batch: 860, Acc: 56.82%, Loss: 0.8658
Epoch: 10, Batch: 870, Acc: 56.79%, Loss: 0.8714
Epoch: 10, Batch: 880, Acc: 56.81%, Loss: 0.8222
Epoch: 10, Batch: 890, Acc: 56.77%, Loss: 0.8522
Epoch: 10, Batch: 900, Acc: 56.75%, Loss: 0.8698
Epoch: 10, Batch: 910, Acc: 56.74%, Loss: 0.8442
Epoch: 10, Batch: 920, Acc: 56.73%, Loss: 0.8634
Epoch: 10, Batch: 930, Acc: 56.74%, Loss: 0.8500
Accuracy on test set: 64.53%, Val loss: 1.3060
Epoch 10: val_acc=64.53, best_val_acc=64.53, es_counter=0
Epoch: 11, Batch: 10, Acc: 57.97%, Loss: 0.8174
Epoch: 11, Batch: 20, Acc: 57.66%, Loss: 0.8278
Epoch: 11, Batch: 30, Acc: 57.40%, Loss: 0.8445
Epoch: 11, Batch: 40, Acc: 57.42%, Loss: 0.8624
Epoch: 11, Batch: 50, Acc: 57.34%, Loss: 0.8419
Epoch: 11, Batch: 60, Acc: 57.60%, Loss: 0.8198
Epoch: 11, Batch: 70, Acc: 58.10%, Loss: 0.7927
Epoch: 11, Batch: 80, Acc: 57.87%, Loss: 0.8442
Epoch: 11, Batch: 90, Acc: 57.90%, Loss: 0.8609
Epoch: 11, Batch: 100, Acc: 57.86%, Loss: 0.8568
Epoch: 11, Batch: 110, Acc: 58.04%, Loss: 0.7976
Epoch: 11, Batch: 120, Acc: 57.93%, Loss: 0.8540
Epoch: 11, Batch: 130, Acc: 57.80%, Loss: 0.8567
Epoch: 11, Batch: 140, Acc: 57.51%, Loss: 0.8370
Epoch: 11, Batch: 150, Acc: 57.36%, Loss: 0.8503
Epoch: 11, Batch: 160, Acc: 57.32%, Loss: 0.8488
Epoch: 11, Batch: 170, Acc: 57.36%, Loss: 0.8362
Epoch: 11, Batch: 180, Acc: 57.36%, Loss: 0.8564
Epoch: 11, Batch: 190, Acc: 57.25%, Loss: 0.8655
Epoch: 11, Batch: 200, Acc: 57.23%, Loss: 0.8597
Epoch: 11, Batch: 210, Acc: 57.21%, Loss: 0.8549
Epoch: 11, Batch: 220, Acc: 57.12%, Loss: 0.8527
Epoch: 11, Batch: 230, Acc: 57.12%, Loss: 0.8423
Epoch: 11, Batch: 240, Acc: 57.02%, Loss: 0.8740
Epoch: 11, Batch: 250, Acc: 57.00%, Loss: 0.8609
Epoch: 11, Batch: 260, Acc: 57.09%, Loss: 0.8517
Epoch: 11, Batch: 270, Acc: 57.07%, Loss: 0.8055
Epoch: 11, Batch: 280, Acc: 57.06%, Loss: 0.8518
Epoch: 11, Batch: 290, Acc: 57.07%, Loss: 0.8676
Epoch: 11, Batch: 300, Acc: 57.09%, Loss: 0.8611
Epoch: 11, Batch: 310, Acc: 57.03%, Loss: 0.8651
Epoch: 11, Batch: 320, Acc: 57.06%, Loss: 0.8083
Epoch: 11, Batch: 330, Acc: 57.02%, Loss: 0.8537
Epoch: 11, Batch: 340, Acc: 56.92%, Loss: 0.8630
Epoch: 11, Batch: 350, Acc: 56.91%, Loss: 0.8725
Epoch: 11, Batch: 360, Acc: 57.05%, Loss: 0.7805
Epoch: 11, Batch: 370, Acc: 57.09%, Loss: 0.8268
Epoch: 11, Batch: 380, Acc: 57.07%, Loss: 0.8337
Epoch: 11, Batch: 390, Acc: 56.97%, Loss: 0.8728
Epoch: 11, Batch: 400, Acc: 56.90%, Loss: 0.8753
Epoch: 11, Batch: 410, Acc: 56.88%, Loss: 0.8290
Epoch: 11, Batch: 420, Acc: 56.90%, Loss: 0.8296
Epoch: 11, Batch: 430, Acc: 56.82%, Loss: 0.8901
Epoch: 11, Batch: 440, Acc: 56.86%, Loss: 0.8367
Epoch: 11, Batch: 450, Acc: 56.89%, Loss: 0.8377
Epoch: 11, Batch: 460, Acc: 56.89%, Loss: 0.8235
Epoch: 11, Batch: 470, Acc: 56.87%, Loss: 0.8415
Epoch: 11, Batch: 480, Acc: 56.84%, Loss: 0.8649
Epoch: 11, Batch: 490, Acc: 56.88%, Loss: 0.8326
Epoch: 11, Batch: 500, Acc: 56.83%, Loss: 0.8787
Epoch: 11, Batch: 510, Acc: 56.89%, Loss: 0.8122
Epoch: 11, Batch: 520, Acc: 56.89%, Loss: 0.8502
Epoch: 11, Batch: 530, Acc: 56.94%, Loss: 0.8041
Epoch: 11, Batch: 540, Acc: 56.95%, Loss: 0.8541
Epoch: 11, Batch: 550, Acc: 57.03%, Loss: 0.8188
Epoch: 11, Batch: 560, Acc: 57.03%, Loss: 0.8492
Epoch: 11, Batch: 570, Acc: 57.03%, Loss: 0.8317
Epoch: 11, Batch: 580, Acc: 57.02%, Loss: 0.8389
Epoch: 11, Batch: 590, Acc: 57.03%, Loss: 0.8377
Epoch: 11, Batch: 600, Acc: 57.04%, Loss: 0.8254
Epoch: 11, Batch: 610, Acc: 57.03%, Loss: 0.8256
Epoch: 11, Batch: 620, Acc: 57.07%, Loss: 0.8290
Epoch: 11, Batch: 630, Acc: 57.07%, Loss: 0.8843
Epoch: 11, Batch: 640, Acc: 57.08%, Loss: 0.8235
Epoch: 11, Batch: 650, Acc: 57.03%, Loss: 0.8767
Epoch: 11, Batch: 660, Acc: 57.01%, Loss: 0.8563
Epoch: 11, Batch: 670, Acc: 57.00%, Loss: 0.8340
Epoch: 11, Batch: 680, Acc: 56.95%, Loss: 0.8417
Epoch: 11, Batch: 690, Acc: 56.95%, Loss: 0.8217
Epoch: 11, Batch: 700, Acc: 56.95%, Loss: 0.8063
Epoch: 11, Batch: 710, Acc: 56.98%, Loss: 0.8209
Epoch: 11, Batch: 720, Acc: 56.98%, Loss: 0.8231
Epoch: 11, Batch: 730, Acc: 56.96%, Loss: 0.8618
Epoch: 11, Batch: 740, Acc: 57.00%, Loss: 0.8184
Epoch: 11, Batch: 750, Acc: 57.02%, Loss: 0.8075
Epoch: 11, Batch: 760, Acc: 57.03%, Loss: 0.8278
Epoch: 11, Batch: 770, Acc: 57.07%, Loss: 0.8165
Epoch: 11, Batch: 780, Acc: 57.12%, Loss: 0.8310
Epoch: 11, Batch: 790, Acc: 57.12%, Loss: 0.8174
Epoch: 11, Batch: 800, Acc: 57.13%, Loss: 0.8558
Epoch: 11, Batch: 810, Acc: 57.09%, Loss: 0.8843
Epoch: 11, Batch: 820, Acc: 57.09%, Loss: 0.8397
Epoch: 11, Batch: 830, Acc: 57.10%, Loss: 0.8636
Epoch: 11, Batch: 840, Acc: 57.12%, Loss: 0.8309
Epoch: 11, Batch: 850, Acc: 57.11%, Loss: 0.8282
Epoch: 11, Batch: 860, Acc: 57.12%, Loss: 0.8306
Epoch: 11, Batch: 870, Acc: 57.12%, Loss: 0.8288
Epoch: 11, Batch: 880, Acc: 57.15%, Loss: 0.8235
Epoch: 11, Batch: 890, Acc: 57.12%, Loss: 0.8499
Epoch: 11, Batch: 900, Acc: 57.11%, Loss: 0.8250
Epoch: 11, Batch: 910, Acc: 57.12%, Loss: 0.8427
Epoch: 11, Batch: 920, Acc: 57.10%, Loss: 0.8713
Epoch: 11, Batch: 930, Acc: 57.09%, Loss: 0.8326
Accuracy on test set: 65.76%, Val loss: 1.2889
Epoch 11: val_acc=65.76, best_val_acc=65.76, es_counter=0
Epoch: 12, Batch: 10, Acc: 57.81%, Loss: 0.8077
Epoch: 12, Batch: 20, Acc: 56.88%, Loss: 0.8336
Epoch: 12, Batch: 30, Acc: 57.45%, Loss: 0.8438
Epoch: 12, Batch: 40, Acc: 57.62%, Loss: 0.8432
Epoch: 12, Batch: 50, Acc: 57.62%, Loss: 0.8535
Epoch: 12, Batch: 60, Acc: 57.60%, Loss: 0.8345
Epoch: 12, Batch: 70, Acc: 57.48%, Loss: 0.8515
Epoch: 12, Batch: 80, Acc: 57.56%, Loss: 0.8255
Epoch: 12, Batch: 90, Acc: 57.83%, Loss: 0.7779
Epoch: 12, Batch: 100, Acc: 57.84%, Loss: 0.8580
Epoch: 12, Batch: 110, Acc: 58.14%, Loss: 0.7747
Epoch: 12, Batch: 120, Acc: 57.80%, Loss: 0.9051
Epoch: 12, Batch: 130, Acc: 57.91%, Loss: 0.8300
Epoch: 12, Batch: 140, Acc: 57.73%, Loss: 0.8208
Epoch: 12, Batch: 150, Acc: 57.54%, Loss: 0.8687
Epoch: 12, Batch: 160, Acc: 57.68%, Loss: 0.8335
Epoch: 12, Batch: 170, Acc: 57.69%, Loss: 0.8591
Epoch: 12, Batch: 180, Acc: 57.77%, Loss: 0.7824
Epoch: 12, Batch: 190, Acc: 57.89%, Loss: 0.7886
Epoch: 12, Batch: 200, Acc: 57.80%, Loss: 0.8476
Epoch: 12, Batch: 210, Acc: 57.99%, Loss: 0.8070
Epoch: 12, Batch: 220, Acc: 57.96%, Loss: 0.8150
Epoch: 12, Batch: 230, Acc: 58.16%, Loss: 0.7803
Epoch: 12, Batch: 240, Acc: 58.07%, Loss: 0.8516
Epoch: 12, Batch: 250, Acc: 58.19%, Loss: 0.8167
Epoch: 12, Batch: 260, Acc: 58.25%, Loss: 0.8086
Epoch: 12, Batch: 270, Acc: 58.21%, Loss: 0.8350
Epoch: 12, Batch: 280, Acc: 58.25%, Loss: 0.8390
Epoch: 12, Batch: 290, Acc: 58.22%, Loss: 0.8483
Epoch: 12, Batch: 300, Acc: 58.21%, Loss: 0.8255
Epoch: 12, Batch: 310, Acc: 58.24%, Loss: 0.8721
Epoch: 12, Batch: 320, Acc: 58.22%, Loss: 0.8344
Epoch: 12, Batch: 330, Acc: 58.18%, Loss: 0.8305
Epoch: 12, Batch: 340, Acc: 58.18%, Loss: 0.8114
Epoch: 12, Batch: 350, Acc: 58.29%, Loss: 0.7764
Epoch: 12, Batch: 360, Acc: 58.29%, Loss: 0.8424
Epoch: 12, Batch: 370, Acc: 58.30%, Loss: 0.8418
Epoch: 12, Batch: 380, Acc: 58.29%, Loss: 0.8140
Epoch: 12, Batch: 390, Acc: 58.27%, Loss: 0.8490
Epoch: 12, Batch: 400, Acc: 58.28%, Loss: 0.8207
Epoch: 12, Batch: 410, Acc: 58.25%, Loss: 0.8285
Epoch: 12, Batch: 420, Acc: 58.24%, Loss: 0.8162
Epoch: 12, Batch: 430, Acc: 58.20%, Loss: 0.8040
Epoch: 12, Batch: 440, Acc: 58.19%, Loss: 0.8148
Epoch: 12, Batch: 450, Acc: 58.19%, Loss: 0.8377
Epoch: 12, Batch: 460, Acc: 58.15%, Loss: 0.8134
Epoch: 12, Batch: 470, Acc: 58.05%, Loss: 0.8669
Epoch: 12, Batch: 480, Acc: 58.07%, Loss: 0.8215
Epoch: 12, Batch: 490, Acc: 58.04%, Loss: 0.8671
Epoch: 12, Batch: 500, Acc: 58.11%, Loss: 0.8242
Epoch: 12, Batch: 510, Acc: 58.16%, Loss: 0.8340
Epoch: 12, Batch: 520, Acc: 58.07%, Loss: 0.8802
Epoch: 12, Batch: 530, Acc: 58.05%, Loss: 0.8616
Epoch: 12, Batch: 540, Acc: 57.99%, Loss: 0.8679
Epoch: 12, Batch: 550, Acc: 58.00%, Loss: 0.8210
Epoch: 12, Batch: 560, Acc: 57.96%, Loss: 0.8220
Epoch: 12, Batch: 570, Acc: 57.96%, Loss: 0.8632
Epoch: 12, Batch: 580, Acc: 57.96%, Loss: 0.8441
Epoch: 12, Batch: 590, Acc: 57.91%, Loss: 0.8684
Epoch: 12, Batch: 600, Acc: 57.91%, Loss: 0.8360
Epoch: 12, Batch: 610, Acc: 57.86%, Loss: 0.8544
Epoch: 12, Batch: 620, Acc: 57.84%, Loss: 0.7949
Epoch: 12, Batch: 630, Acc: 57.82%, Loss: 0.8510
Epoch: 12, Batch: 640, Acc: 57.82%, Loss: 0.8484
Epoch: 12, Batch: 650, Acc: 57.81%, Loss: 0.8550
Epoch: 12, Batch: 660, Acc: 57.77%, Loss: 0.8517
Epoch: 12, Batch: 670, Acc: 57.74%, Loss: 0.8507
Epoch: 12, Batch: 680, Acc: 57.71%, Loss: 0.8434
Epoch: 12, Batch: 690, Acc: 57.75%, Loss: 0.7754
Epoch: 12, Batch: 700, Acc: 57.76%, Loss: 0.8543
Epoch: 12, Batch: 710, Acc: 57.75%, Loss: 0.8464
Epoch: 12, Batch: 720, Acc: 57.78%, Loss: 0.8378
Epoch: 12, Batch: 730, Acc: 57.80%, Loss: 0.8175
Epoch: 12, Batch: 740, Acc: 57.80%, Loss: 0.7982
Epoch: 12, Batch: 750, Acc: 57.76%, Loss: 0.8393
Epoch: 12, Batch: 760, Acc: 57.76%, Loss: 0.8313
Epoch: 12, Batch: 770, Acc: 57.74%, Loss: 0.8440
Epoch: 12, Batch: 780, Acc: 57.75%, Loss: 0.8303
Epoch: 12, Batch: 790, Acc: 57.73%, Loss: 0.8378
Epoch: 12, Batch: 800, Acc: 57.70%, Loss: 0.8524
Epoch: 12, Batch: 810, Acc: 57.75%, Loss: 0.7922
Epoch: 12, Batch: 820, Acc: 57.80%, Loss: 0.7830
Epoch: 12, Batch: 830, Acc: 57.78%, Loss: 0.8601
Epoch: 12, Batch: 840, Acc: 57.74%, Loss: 0.8879
Epoch: 12, Batch: 850, Acc: 57.73%, Loss: 0.8249
Epoch: 12, Batch: 860, Acc: 57.75%, Loss: 0.7883
Epoch: 12, Batch: 870, Acc: 57.76%, Loss: 0.8222
Epoch: 12, Batch: 880, Acc: 57.74%, Loss: 0.8648
Epoch: 12, Batch: 890, Acc: 57.73%, Loss: 0.8355
Epoch: 12, Batch: 900, Acc: 57.72%, Loss: 0.8227
Epoch: 12, Batch: 910, Acc: 57.68%, Loss: 0.8681
Epoch: 12, Batch: 920, Acc: 57.66%, Loss: 0.8605
Epoch: 12, Batch: 930, Acc: 57.65%, Loss: 0.8380
Accuracy on test set: 65.39%, Val loss: 1.2770
Epoch 12: val_acc=65.39, best_val_acc=65.76, es_counter=1
Epoch: 13, Batch: 10, Acc: 59.22%, Loss: 0.8127
Epoch: 13, Batch: 20, Acc: 56.25%, Loss: 0.8674
Epoch: 13, Batch: 30, Acc: 56.09%, Loss: 0.8469
Epoch: 13, Batch: 40, Acc: 56.52%, Loss: 0.8352
Epoch: 13, Batch: 50, Acc: 56.78%, Loss: 0.8377
Epoch: 13, Batch: 60, Acc: 57.03%, Loss: 0.8224
Epoch: 13, Batch: 70, Acc: 57.01%, Loss: 0.8473
Epoch: 13, Batch: 80, Acc: 56.74%, Loss: 0.8526
Epoch: 13, Batch: 90, Acc: 56.75%, Loss: 0.8500
Epoch: 13, Batch: 100, Acc: 57.06%, Loss: 0.8322
Epoch: 13, Batch: 110, Acc: 57.17%, Loss: 0.8372
Epoch: 13, Batch: 120, Acc: 57.17%, Loss: 0.8410
Epoch: 13, Batch: 130, Acc: 57.22%, Loss: 0.8834
Epoch: 13, Batch: 140, Acc: 57.51%, Loss: 0.7718
Epoch: 13, Batch: 150, Acc: 57.41%, Loss: 0.8359
Epoch: 13, Batch: 160, Acc: 57.47%, Loss: 0.8136
Epoch: 13, Batch: 170, Acc: 57.56%, Loss: 0.8316
Epoch: 13, Batch: 180, Acc: 57.56%, Loss: 0.8170
Epoch: 13, Batch: 190, Acc: 57.72%, Loss: 0.7934
Epoch: 13, Batch: 200, Acc: 57.70%, Loss: 0.8292
Epoch: 13, Batch: 210, Acc: 57.78%, Loss: 0.8423
Epoch: 13, Batch: 220, Acc: 57.68%, Loss: 0.8571
Epoch: 13, Batch: 230, Acc: 57.62%, Loss: 0.8262
Epoch: 13, Batch: 240, Acc: 57.71%, Loss: 0.7942
Epoch: 13, Batch: 250, Acc: 57.67%, Loss: 0.8430
Epoch: 13, Batch: 260, Acc: 57.70%, Loss: 0.8177
Epoch: 13, Batch: 270, Acc: 57.70%, Loss: 0.8202
Epoch: 13, Batch: 280, Acc: 57.75%, Loss: 0.8076
Epoch: 13, Batch: 290, Acc: 57.70%, Loss: 0.8096
Epoch: 13, Batch: 300, Acc: 57.67%, Loss: 0.8433
Epoch: 13, Batch: 310, Acc: 57.66%, Loss: 0.8152
Epoch: 13, Batch: 320, Acc: 57.57%, Loss: 0.8592
Epoch: 13, Batch: 330, Acc: 57.59%, Loss: 0.8335
Epoch: 13, Batch: 340, Acc: 57.63%, Loss: 0.8035
Epoch: 13, Batch: 350, Acc: 57.67%, Loss: 0.8134
Epoch: 13, Batch: 360, Acc: 57.65%, Loss: 0.8468
Epoch: 13, Batch: 370, Acc: 57.69%, Loss: 0.8044
Epoch: 13, Batch: 380, Acc: 57.71%, Loss: 0.8188
Epoch: 13, Batch: 390, Acc: 57.64%, Loss: 0.8444
Epoch: 13, Batch: 400, Acc: 57.65%, Loss: 0.8384
Epoch: 13, Batch: 410, Acc: 57.64%, Loss: 0.8129
Epoch: 13, Batch: 420, Acc: 57.62%, Loss: 0.8207
Epoch: 13, Batch: 430, Acc: 57.66%, Loss: 0.8358
Epoch: 13, Batch: 440, Acc: 57.68%, Loss: 0.7974
Epoch: 13, Batch: 450, Acc: 57.70%, Loss: 0.7752
Epoch: 13, Batch: 460, Acc: 57.72%, Loss: 0.8113
Epoch: 13, Batch: 470, Acc: 57.78%, Loss: 0.7911
Epoch: 13, Batch: 480, Acc: 57.77%, Loss: 0.8383
Epoch: 13, Batch: 490, Acc: 57.79%, Loss: 0.8312
Epoch: 13, Batch: 500, Acc: 57.79%, Loss: 0.8107
Epoch: 13, Batch: 510, Acc: 57.80%, Loss: 0.8285
Epoch: 13, Batch: 520, Acc: 57.83%, Loss: 0.8262
Epoch: 13, Batch: 530, Acc: 57.84%, Loss: 0.8190
Epoch: 13, Batch: 540, Acc: 57.80%, Loss: 0.8650
Epoch: 13, Batch: 550, Acc: 57.82%, Loss: 0.8039
Epoch: 13, Batch: 560, Acc: 57.79%, Loss: 0.8301
Epoch: 13, Batch: 570, Acc: 57.85%, Loss: 0.8082
Epoch: 13, Batch: 580, Acc: 57.82%, Loss: 0.8454
Epoch: 13, Batch: 590, Acc: 57.87%, Loss: 0.8187
Epoch: 13, Batch: 600, Acc: 57.90%, Loss: 0.8266
Epoch: 13, Batch: 610, Acc: 57.88%, Loss: 0.8285
Epoch: 13, Batch: 620, Acc: 57.89%, Loss: 0.8023
Epoch: 13, Batch: 630, Acc: 57.89%, Loss: 0.8157
Epoch: 13, Batch: 640, Acc: 57.91%, Loss: 0.8263
Epoch: 13, Batch: 650, Acc: 57.90%, Loss: 0.8486
Epoch: 13, Batch: 660, Acc: 57.92%, Loss: 0.8151
Epoch: 13, Batch: 670, Acc: 57.93%, Loss: 0.8292
Epoch: 13, Batch: 680, Acc: 57.94%, Loss: 0.8282
Epoch: 13, Batch: 690, Acc: 57.98%, Loss: 0.8241
Epoch: 13, Batch: 700, Acc: 57.93%, Loss: 0.8548
Epoch: 13, Batch: 710, Acc: 57.94%, Loss: 0.8475
Epoch: 13, Batch: 720, Acc: 57.94%, Loss: 0.8306
Epoch: 13, Batch: 730, Acc: 57.89%, Loss: 0.8462
Epoch: 13, Batch: 740, Acc: 57.95%, Loss: 0.8337
Epoch: 13, Batch: 750, Acc: 57.98%, Loss: 0.7901
Epoch: 13, Batch: 760, Acc: 57.96%, Loss: 0.8327
Epoch: 13, Batch: 770, Acc: 57.89%, Loss: 0.8871
Epoch: 13, Batch: 780, Acc: 57.85%, Loss: 0.8636
Epoch: 13, Batch: 790, Acc: 57.85%, Loss: 0.8231
Epoch: 13, Batch: 800, Acc: 57.86%, Loss: 0.8230
Epoch: 13, Batch: 810, Acc: 57.88%, Loss: 0.7857
Epoch: 13, Batch: 820, Acc: 57.89%, Loss: 0.8277
Epoch: 13, Batch: 830, Acc: 57.91%, Loss: 0.7873
Epoch: 13, Batch: 840, Acc: 57.93%, Loss: 0.8339
Epoch: 13, Batch: 850, Acc: 57.92%, Loss: 0.8561
Epoch: 13, Batch: 860, Acc: 57.92%, Loss: 0.7910
Epoch: 13, Batch: 870, Acc: 57.91%, Loss: 0.8030
Epoch: 13, Batch: 880, Acc: 57.93%, Loss: 0.8184
Epoch: 13, Batch: 890, Acc: 57.94%, Loss: 0.8019
Epoch: 13, Batch: 900, Acc: 57.93%, Loss: 0.8323
Epoch: 13, Batch: 910, Acc: 57.97%, Loss: 0.7883
Epoch: 13, Batch: 920, Acc: 57.98%, Loss: 0.8480
Epoch: 13, Batch: 930, Acc: 57.97%, Loss: 0.8685
Accuracy on test set: 66.24%, Val loss: 1.2639
Epoch 13: val_acc=66.24, best_val_acc=66.24, es_counter=0
Epoch: 14, Batch: 10, Acc: 61.72%, Loss: 0.7775
Epoch: 14, Batch: 20, Acc: 59.30%, Loss: 0.8338
Epoch: 14, Batch: 30, Acc: 59.11%, Loss: 0.8147
Epoch: 14, Batch: 40, Acc: 58.79%, Loss: 0.8232
Epoch: 14, Batch: 50, Acc: 58.72%, Loss: 0.8029
Epoch: 14, Batch: 60, Acc: 59.22%, Loss: 0.7959
Epoch: 14, Batch: 70, Acc: 58.93%, Loss: 0.8379
Epoch: 14, Batch: 80, Acc: 58.81%, Loss: 0.8295
Epoch: 14, Batch: 90, Acc: 58.78%, Loss: 0.8135
Epoch: 14, Batch: 100, Acc: 58.78%, Loss: 0.8283
Epoch: 14, Batch: 110, Acc: 58.49%, Loss: 0.8098
Epoch: 14, Batch: 120, Acc: 58.45%, Loss: 0.8054
Epoch: 14, Batch: 130, Acc: 58.63%, Loss: 0.7735
Epoch: 14, Batch: 140, Acc: 58.45%, Loss: 0.8481
Epoch: 14, Batch: 150, Acc: 58.65%, Loss: 0.7966
Epoch: 14, Batch: 160, Acc: 58.65%, Loss: 0.8154
Epoch: 14, Batch: 170, Acc: 58.65%, Loss: 0.8433
Epoch: 14, Batch: 180, Acc: 58.51%, Loss: 0.8614
Epoch: 14, Batch: 190, Acc: 58.44%, Loss: 0.8425
Epoch: 14, Batch: 200, Acc: 58.40%, Loss: 0.8640
Epoch: 14, Batch: 210, Acc: 58.30%, Loss: 0.8598
Epoch: 14, Batch: 220, Acc: 58.22%, Loss: 0.8366
Epoch: 14, Batch: 230, Acc: 58.28%, Loss: 0.8236
Epoch: 14, Batch: 240, Acc: 58.43%, Loss: 0.7751
Epoch: 14, Batch: 250, Acc: 58.48%, Loss: 0.8045
Epoch: 14, Batch: 260, Acc: 58.54%, Loss: 0.8113
Epoch: 14, Batch: 270, Acc: 58.51%, Loss: 0.8456
Epoch: 14, Batch: 280, Acc: 58.59%, Loss: 0.7915
Epoch: 14, Batch: 290, Acc: 58.52%, Loss: 0.8366
Epoch: 14, Batch: 300, Acc: 58.47%, Loss: 0.8572
Epoch: 14, Batch: 310, Acc: 58.34%, Loss: 0.8275
Epoch: 14, Batch: 320, Acc: 58.36%, Loss: 0.8345
Epoch: 14, Batch: 330, Acc: 58.35%, Loss: 0.8292
Epoch: 14, Batch: 340, Acc: 58.28%, Loss: 0.8249
Epoch: 14, Batch: 350, Acc: 58.21%, Loss: 0.8312
Epoch: 14, Batch: 360, Acc: 58.42%, Loss: 0.7387
Epoch: 14, Batch: 370, Acc: 58.44%, Loss: 0.7890
Epoch: 14, Batch: 380, Acc: 58.43%, Loss: 0.8245
Epoch: 14, Batch: 390, Acc: 58.48%, Loss: 0.8239
Epoch: 14, Batch: 400, Acc: 58.50%, Loss: 0.8279
Epoch: 14, Batch: 410, Acc: 58.45%, Loss: 0.8350
Epoch: 14, Batch: 420, Acc: 58.47%, Loss: 0.7984
Epoch: 14, Batch: 430, Acc: 58.48%, Loss: 0.8270
Epoch: 14, Batch: 440, Acc: 58.43%, Loss: 0.8490
Epoch: 14, Batch: 450, Acc: 58.42%, Loss: 0.7891
Epoch: 14, Batch: 460, Acc: 58.37%, Loss: 0.8548
Epoch: 14, Batch: 470, Acc: 58.34%, Loss: 0.8417
Epoch: 14, Batch: 480, Acc: 58.39%, Loss: 0.8112
Epoch: 14, Batch: 490, Acc: 58.41%, Loss: 0.7720
Epoch: 14, Batch: 500, Acc: 58.41%, Loss: 0.8356
Epoch: 14, Batch: 510, Acc: 58.43%, Loss: 0.8323
Epoch: 14, Batch: 520, Acc: 58.44%, Loss: 0.8556
Epoch: 14, Batch: 530, Acc: 58.38%, Loss: 0.8773
Epoch: 14, Batch: 540, Acc: 58.40%, Loss: 0.8307
Epoch: 14, Batch: 550, Acc: 58.39%, Loss: 0.8225
Epoch: 14, Batch: 560, Acc: 58.36%, Loss: 0.7957
Epoch: 14, Batch: 570, Acc: 58.38%, Loss: 0.8027
Epoch: 14, Batch: 580, Acc: 58.38%, Loss: 0.8256
Epoch: 14, Batch: 590, Acc: 58.39%, Loss: 0.8310
Epoch: 14, Batch: 600, Acc: 58.40%, Loss: 0.8268
Epoch: 14, Batch: 610, Acc: 58.36%, Loss: 0.8408
Epoch: 14, Batch: 620, Acc: 58.36%, Loss: 0.7951
Epoch: 14, Batch: 630, Acc: 58.38%, Loss: 0.8481
Epoch: 14, Batch: 640, Acc: 58.41%, Loss: 0.7553
Epoch: 14, Batch: 650, Acc: 58.40%, Loss: 0.8406
Epoch: 14, Batch: 660, Acc: 58.40%, Loss: 0.8313
Epoch: 14, Batch: 670, Acc: 58.41%, Loss: 0.8021
Epoch: 14, Batch: 680, Acc: 58.37%, Loss: 0.8449
Epoch: 14, Batch: 690, Acc: 58.42%, Loss: 0.7931
Epoch: 14, Batch: 700, Acc: 58.47%, Loss: 0.7816
Epoch: 14, Batch: 710, Acc: 58.47%, Loss: 0.7994
Epoch: 14, Batch: 720, Acc: 58.49%, Loss: 0.7793
Epoch: 14, Batch: 730, Acc: 58.50%, Loss: 0.8026
Epoch: 14, Batch: 740, Acc: 58.49%, Loss: 0.8150
Epoch: 14, Batch: 750, Acc: 58.46%, Loss: 0.8207
Epoch: 14, Batch: 760, Acc: 58.51%, Loss: 0.7690
Epoch: 14, Batch: 770, Acc: 58.52%, Loss: 0.8120
Epoch: 14, Batch: 780, Acc: 58.48%, Loss: 0.8359
Epoch: 14, Batch: 790, Acc: 58.53%, Loss: 0.7921
Epoch: 14, Batch: 800, Acc: 58.56%, Loss: 0.7704
Epoch: 14, Batch: 810, Acc: 58.58%, Loss: 0.7998
Epoch: 14, Batch: 820, Acc: 58.59%, Loss: 0.8212
Epoch: 14, Batch: 830, Acc: 58.57%, Loss: 0.8397
Epoch: 14, Batch: 840, Acc: 58.55%, Loss: 0.8664
Epoch: 14, Batch: 850, Acc: 58.52%, Loss: 0.8508
Epoch: 14, Batch: 860, Acc: 58.51%, Loss: 0.8465
Epoch: 14, Batch: 870, Acc: 58.53%, Loss: 0.8044
Epoch: 14, Batch: 880, Acc: 58.53%, Loss: 0.8340
Epoch: 14, Batch: 890, Acc: 58.47%, Loss: 0.8823
Epoch: 14, Batch: 900, Acc: 58.52%, Loss: 0.8260
Epoch: 14, Batch: 910, Acc: 58.54%, Loss: 0.8071
Epoch: 14, Batch: 920, Acc: 58.51%, Loss: 0.8364
Epoch: 14, Batch: 930, Acc: 58.51%, Loss: 0.8105
Accuracy on test set: 66.07%, Val loss: 1.2498
Epoch 14: val_acc=66.07, best_val_acc=66.24, es_counter=1
Epoch: 15, Batch: 10, Acc: 55.94%, Loss: 0.8395
Epoch: 15, Batch: 20, Acc: 57.42%, Loss: 0.7968
Epoch: 15, Batch: 30, Acc: 58.70%, Loss: 0.7920
Epoch: 15, Batch: 40, Acc: 58.05%, Loss: 0.8466
Epoch: 15, Batch: 50, Acc: 58.06%, Loss: 0.8273
Epoch: 15, Batch: 60, Acc: 57.94%, Loss: 0.8223
Epoch: 15, Batch: 70, Acc: 58.08%, Loss: 0.8031
Epoch: 15, Batch: 80, Acc: 58.11%, Loss: 0.7983
Epoch: 15, Batch: 90, Acc: 58.21%, Loss: 0.8096
Epoch: 15, Batch: 100, Acc: 58.28%, Loss: 0.8239
Epoch: 15, Batch: 110, Acc: 57.84%, Loss: 0.8843
Epoch: 15, Batch: 120, Acc: 58.06%, Loss: 0.8279
Epoch: 15, Batch: 130, Acc: 58.38%, Loss: 0.7996
Epoch: 15, Batch: 140, Acc: 58.62%, Loss: 0.8026
Epoch: 15, Batch: 150, Acc: 58.67%, Loss: 0.8089
Epoch: 15, Batch: 160, Acc: 58.95%, Loss: 0.7962
Epoch: 15, Batch: 170, Acc: 58.80%, Loss: 0.8224
Epoch: 15, Batch: 180, Acc: 58.77%, Loss: 0.8396
Epoch: 15, Batch: 190, Acc: 58.96%, Loss: 0.7727
Epoch: 15, Batch: 200, Acc: 58.90%, Loss: 0.8169
Epoch: 15, Batch: 210, Acc: 58.72%, Loss: 0.8916
Epoch: 15, Batch: 220, Acc: 58.74%, Loss: 0.8226
Epoch: 15, Batch: 230, Acc: 58.72%, Loss: 0.8361
Epoch: 15, Batch: 240, Acc: 58.72%, Loss: 0.8265
Epoch: 15, Batch: 250, Acc: 58.71%, Loss: 0.8080
Epoch: 15, Batch: 260, Acc: 58.68%, Loss: 0.8256
Epoch: 15, Batch: 270, Acc: 58.72%, Loss: 0.8077
Epoch: 15, Batch: 280, Acc: 58.68%, Loss: 0.8559
Epoch: 15, Batch: 290, Acc: 58.59%, Loss: 0.8445
Epoch: 15, Batch: 300, Acc: 58.58%, Loss: 0.8316
Epoch: 15, Batch: 310, Acc: 58.53%, Loss: 0.8124
Epoch: 15, Batch: 320, Acc: 58.60%, Loss: 0.7921
Epoch: 15, Batch: 330, Acc: 58.46%, Loss: 0.8545
Epoch: 15, Batch: 340, Acc: 58.44%, Loss: 0.8409
Epoch: 15, Batch: 350, Acc: 58.40%, Loss: 0.8443
Epoch: 15, Batch: 360, Acc: 58.43%, Loss: 0.7889
Epoch: 15, Batch: 370, Acc: 58.42%, Loss: 0.8188
Epoch: 15, Batch: 380, Acc: 58.55%, Loss: 0.7877
Epoch: 15, Batch: 390, Acc: 58.56%, Loss: 0.8314
Epoch: 15, Batch: 400, Acc: 58.55%, Loss: 0.8385
Epoch: 15, Batch: 410, Acc: 58.54%, Loss: 0.8345
Epoch: 15, Batch: 420, Acc: 58.53%, Loss: 0.8380
Epoch: 15, Batch: 430, Acc: 58.45%, Loss: 0.8358
Epoch: 15, Batch: 440, Acc: 58.45%, Loss: 0.8010
Epoch: 15, Batch: 450, Acc: 58.44%, Loss: 0.7893
Epoch: 15, Batch: 460, Acc: 58.48%, Loss: 0.7856
Epoch: 15, Batch: 470, Acc: 58.45%, Loss: 0.8356
Epoch: 15, Batch: 480, Acc: 58.47%, Loss: 0.7947
Epoch: 15, Batch: 490, Acc: 58.43%, Loss: 0.8574
Epoch: 15, Batch: 500, Acc: 58.46%, Loss: 0.7920
Epoch: 15, Batch: 510, Acc: 58.48%, Loss: 0.7991
Epoch: 15, Batch: 520, Acc: 58.46%, Loss: 0.8394
Epoch: 15, Batch: 530, Acc: 58.45%, Loss: 0.8023
Epoch: 15, Batch: 540, Acc: 58.45%, Loss: 0.8022
Epoch: 15, Batch: 550, Acc: 58.45%, Loss: 0.8197
Epoch: 15, Batch: 560, Acc: 58.45%, Loss: 0.8323
Epoch: 15, Batch: 570, Acc: 58.52%, Loss: 0.7635
Epoch: 15, Batch: 580, Acc: 58.60%, Loss: 0.7669
Epoch: 15, Batch: 590, Acc: 58.62%, Loss: 0.8205
Epoch: 15, Batch: 600, Acc: 58.64%, Loss: 0.8390
Epoch: 15, Batch: 610, Acc: 58.66%, Loss: 0.7903
Epoch: 15, Batch: 620, Acc: 58.68%, Loss: 0.7563
Epoch: 15, Batch: 630, Acc: 58.64%, Loss: 0.8420
Epoch: 15, Batch: 640, Acc: 58.61%, Loss: 0.8134
Epoch: 15, Batch: 650, Acc: 58.63%, Loss: 0.7767
Epoch: 15, Batch: 660, Acc: 58.67%, Loss: 0.7863
Epoch: 15, Batch: 670, Acc: 58.65%, Loss: 0.8263
Epoch: 15, Batch: 680, Acc: 58.65%, Loss: 0.8063
Epoch: 15, Batch: 690, Acc: 58.66%, Loss: 0.8004
Epoch: 15, Batch: 700, Acc: 58.67%, Loss: 0.7890
Epoch: 15, Batch: 710, Acc: 58.70%, Loss: 0.7950
Epoch: 15, Batch: 720, Acc: 58.71%, Loss: 0.8131
Epoch: 15, Batch: 730, Acc: 58.71%, Loss: 0.8087
Epoch: 15, Batch: 740, Acc: 58.73%, Loss: 0.8082
Epoch: 15, Batch: 750, Acc: 58.71%, Loss: 0.8111
Epoch: 15, Batch: 760, Acc: 58.72%, Loss: 0.8193
Epoch: 15, Batch: 770, Acc: 58.74%, Loss: 0.8003
Epoch: 15, Batch: 780, Acc: 58.76%, Loss: 0.7783
Epoch: 15, Batch: 790, Acc: 58.77%, Loss: 0.7697
Epoch: 15, Batch: 800, Acc: 58.76%, Loss: 0.8272
Epoch: 15, Batch: 810, Acc: 58.77%, Loss: 0.7915
Epoch: 15, Batch: 820, Acc: 58.78%, Loss: 0.8226
Epoch: 15, Batch: 830, Acc: 58.77%, Loss: 0.7811
Epoch: 15, Batch: 840, Acc: 58.77%, Loss: 0.8102
Epoch: 15, Batch: 850, Acc: 58.74%, Loss: 0.8220
Epoch: 15, Batch: 860, Acc: 58.79%, Loss: 0.7927
Epoch: 15, Batch: 870, Acc: 58.79%, Loss: 0.8066
Epoch: 15, Batch: 880, Acc: 58.81%, Loss: 0.8133
Epoch: 15, Batch: 890, Acc: 58.82%, Loss: 0.8245
Epoch: 15, Batch: 900, Acc: 58.81%, Loss: 0.8564
Epoch: 15, Batch: 910, Acc: 58.80%, Loss: 0.8134
Epoch: 15, Batch: 920, Acc: 58.80%, Loss: 0.8124
Epoch: 15, Batch: 930, Acc: 58.77%, Loss: 0.8350
Accuracy on test set: 66.99%, Val loss: 1.2456
Epoch 15: val_acc=66.99, best_val_acc=66.99, es_counter=0
Epoch: 16, Batch: 10, Acc: 56.25%, Loss: 0.8327
Epoch: 16, Batch: 20, Acc: 56.41%, Loss: 0.8105
Epoch: 16, Batch: 30, Acc: 57.97%, Loss: 0.7793
Epoch: 16, Batch: 40, Acc: 58.12%, Loss: 0.8139
Epoch: 16, Batch: 50, Acc: 58.69%, Loss: 0.8231
Epoch: 16, Batch: 60, Acc: 59.32%, Loss: 0.8039
Epoch: 16, Batch: 70, Acc: 59.02%, Loss: 0.8165
Epoch: 16, Batch: 80, Acc: 58.65%, Loss: 0.8336
Epoch: 16, Batch: 90, Acc: 58.82%, Loss: 0.8139
Epoch: 16, Batch: 100, Acc: 58.70%, Loss: 0.8126
Epoch: 16, Batch: 110, Acc: 58.81%, Loss: 0.7893
Epoch: 16, Batch: 120, Acc: 58.89%, Loss: 0.7980
Epoch: 16, Batch: 130, Acc: 58.85%, Loss: 0.8515
Epoch: 16, Batch: 140, Acc: 58.78%, Loss: 0.8071
Epoch: 16, Batch: 150, Acc: 58.88%, Loss: 0.7819
Epoch: 16, Batch: 160, Acc: 58.96%, Loss: 0.8345
Epoch: 16, Batch: 170, Acc: 58.96%, Loss: 0.7970
Epoch: 16, Batch: 180, Acc: 58.91%, Loss: 0.8356
Epoch: 16, Batch: 190, Acc: 58.88%, Loss: 0.8081
Epoch: 16, Batch: 200, Acc: 58.86%, Loss: 0.8041
Epoch: 16, Batch: 210, Acc: 58.83%, Loss: 0.8051
Epoch: 16, Batch: 220, Acc: 58.86%, Loss: 0.8079
Epoch: 16, Batch: 230, Acc: 58.70%, Loss: 0.8244
Epoch: 16, Batch: 240, Acc: 58.67%, Loss: 0.8002
Epoch: 16, Batch: 250, Acc: 58.69%, Loss: 0.8211
Epoch: 16, Batch: 260, Acc: 58.58%, Loss: 0.8309
Epoch: 16, Batch: 270, Acc: 58.61%, Loss: 0.8320
Epoch: 16, Batch: 280, Acc: 58.57%, Loss: 0.8376
Epoch: 16, Batch: 290, Acc: 58.71%, Loss: 0.7942
Epoch: 16, Batch: 300, Acc: 58.74%, Loss: 0.7947
Epoch: 16, Batch: 310, Acc: 58.78%, Loss: 0.8236
Epoch: 16, Batch: 320, Acc: 58.85%, Loss: 0.8275
Epoch: 16, Batch: 330, Acc: 58.83%, Loss: 0.8022
Epoch: 16, Batch: 340, Acc: 58.88%, Loss: 0.8113
Epoch: 16, Batch: 350, Acc: 58.83%, Loss: 0.8166
Epoch: 16, Batch: 360, Acc: 58.88%, Loss: 0.7808
Epoch: 16, Batch: 370, Acc: 58.91%, Loss: 0.8296
Epoch: 16, Batch: 380, Acc: 58.88%, Loss: 0.8094
Epoch: 16, Batch: 390, Acc: 58.85%, Loss: 0.8646
Epoch: 16, Batch: 400, Acc: 58.82%, Loss: 0.8037
Epoch: 16, Batch: 410, Acc: 58.81%, Loss: 0.8037
Epoch: 16, Batch: 420, Acc: 58.81%, Loss: 0.7893
Epoch: 16, Batch: 430, Acc: 58.76%, Loss: 0.8113
Epoch: 16, Batch: 440, Acc: 58.76%, Loss: 0.7996
Epoch: 16, Batch: 450, Acc: 58.75%, Loss: 0.7983
Epoch: 16, Batch: 460, Acc: 58.74%, Loss: 0.8248
Epoch: 16, Batch: 470, Acc: 58.71%, Loss: 0.8301
Epoch: 16, Batch: 480, Acc: 58.66%, Loss: 0.8155
Epoch: 16, Batch: 490, Acc: 58.62%, Loss: 0.8363
Epoch: 16, Batch: 500, Acc: 58.73%, Loss: 0.7392
Epoch: 16, Batch: 510, Acc: 58.77%, Loss: 0.7854
Epoch: 16, Batch: 520, Acc: 58.81%, Loss: 0.7938
Epoch: 16, Batch: 530, Acc: 58.84%, Loss: 0.8046
Epoch: 16, Batch: 540, Acc: 58.86%, Loss: 0.8369
Epoch: 16, Batch: 550, Acc: 58.91%, Loss: 0.8140
Epoch: 16, Batch: 560, Acc: 58.95%, Loss: 0.7687
Epoch: 16, Batch: 570, Acc: 58.96%, Loss: 0.8019
Epoch: 16, Batch: 580, Acc: 58.97%, Loss: 0.8183
Epoch: 16, Batch: 590, Acc: 59.00%, Loss: 0.8056
Epoch: 16, Batch: 600, Acc: 58.98%, Loss: 0.8198
Epoch: 16, Batch: 610, Acc: 58.99%, Loss: 0.7643
Epoch: 16, Batch: 620, Acc: 59.02%, Loss: 0.8071
Epoch: 16, Batch: 630, Acc: 58.99%, Loss: 0.8524
Epoch: 16, Batch: 640, Acc: 58.96%, Loss: 0.8123
Epoch: 16, Batch: 650, Acc: 58.91%, Loss: 0.8805
Epoch: 16, Batch: 660, Acc: 58.96%, Loss: 0.8078
Epoch: 16, Batch: 670, Acc: 58.96%, Loss: 0.8070
Epoch: 16, Batch: 680, Acc: 58.98%, Loss: 0.8183
Epoch: 16, Batch: 690, Acc: 58.96%, Loss: 0.8383
Epoch: 16, Batch: 700, Acc: 58.95%, Loss: 0.8399
Epoch: 16, Batch: 710, Acc: 58.98%, Loss: 0.7898
Epoch: 16, Batch: 720, Acc: 58.96%, Loss: 0.8208
Epoch: 16, Batch: 730, Acc: 59.01%, Loss: 0.7860
Epoch: 16, Batch: 740, Acc: 59.05%, Loss: 0.7875
Epoch: 16, Batch: 750, Acc: 59.02%, Loss: 0.8152
Epoch: 16, Batch: 760, Acc: 59.06%, Loss: 0.7616
Epoch: 16, Batch: 770, Acc: 59.09%, Loss: 0.7956
Epoch: 16, Batch: 780, Acc: 59.08%, Loss: 0.8129
Epoch: 16, Batch: 790, Acc: 59.15%, Loss: 0.7599
Epoch: 16, Batch: 800, Acc: 59.16%, Loss: 0.7881
Epoch: 16, Batch: 810, Acc: 59.13%, Loss: 0.8068
Epoch: 16, Batch: 820, Acc: 59.15%, Loss: 0.7497
Epoch: 16, Batch: 830, Acc: 59.13%, Loss: 0.8360
Epoch: 16, Batch: 840, Acc: 59.13%, Loss: 0.7899
Epoch: 16, Batch: 850, Acc: 59.13%, Loss: 0.8232
Epoch: 16, Batch: 860, Acc: 59.13%, Loss: 0.8143
Epoch: 16, Batch: 870, Acc: 59.16%, Loss: 0.7750
Epoch: 16, Batch: 880, Acc: 59.18%, Loss: 0.7397
Epoch: 16, Batch: 890, Acc: 59.20%, Loss: 0.7725
Epoch: 16, Batch: 900, Acc: 59.20%, Loss: 0.7871
Epoch: 16, Batch: 910, Acc: 59.19%, Loss: 0.8157
Epoch: 16, Batch: 920, Acc: 59.19%, Loss: 0.8275
Epoch: 16, Batch: 930, Acc: 59.21%, Loss: 0.7754
Accuracy on test set: 67.83%, Val loss: 1.2234
Epoch 16: val_acc=67.83, best_val_acc=67.83, es_counter=0
Epoch: 17, Batch: 10, Acc: 59.22%, Loss: 0.8056
Epoch: 17, Batch: 20, Acc: 59.45%, Loss: 0.7999
Epoch: 17, Batch: 30, Acc: 58.18%, Loss: 0.8355
Epoch: 17, Batch: 40, Acc: 59.45%, Loss: 0.7537
Epoch: 17, Batch: 50, Acc: 60.25%, Loss: 0.7389
Epoch: 17, Batch: 60, Acc: 60.13%, Loss: 0.8136
Epoch: 17, Batch: 70, Acc: 59.60%, Loss: 0.8254
Epoch: 17, Batch: 80, Acc: 59.02%, Loss: 0.8273
Epoch: 17, Batch: 90, Acc: 59.06%, Loss: 0.7921
Epoch: 17, Batch: 100, Acc: 58.88%, Loss: 0.8284
Epoch: 17, Batch: 110, Acc: 59.23%, Loss: 0.7822
Epoch: 17, Batch: 120, Acc: 59.34%, Loss: 0.7920
Epoch: 17, Batch: 130, Acc: 59.19%, Loss: 0.8319
Epoch: 17, Batch: 140, Acc: 59.30%, Loss: 0.7772
Epoch: 17, Batch: 150, Acc: 59.31%, Loss: 0.8191
Epoch: 17, Batch: 160, Acc: 59.63%, Loss: 0.7683
Epoch: 17, Batch: 170, Acc: 59.78%, Loss: 0.7989
Epoch: 17, Batch: 180, Acc: 59.75%, Loss: 0.7933
Epoch: 17, Batch: 190, Acc: 59.70%, Loss: 0.7982
Epoch: 17, Batch: 200, Acc: 59.65%, Loss: 0.7778
Epoch: 17, Batch: 210, Acc: 59.67%, Loss: 0.7972
Epoch: 17, Batch: 220, Acc: 59.71%, Loss: 0.8412
Epoch: 17, Batch: 230, Acc: 59.71%, Loss: 0.8054
Epoch: 17, Batch: 240, Acc: 59.83%, Loss: 0.7643
Epoch: 17, Batch: 250, Acc: 59.84%, Loss: 0.8047
Epoch: 17, Batch: 260, Acc: 59.75%, Loss: 0.8173
Epoch: 17, Batch: 270, Acc: 59.75%, Loss: 0.8017
Epoch: 17, Batch: 280, Acc: 59.69%, Loss: 0.7939
Epoch: 17, Batch: 290, Acc: 59.67%, Loss: 0.8247
Epoch: 17, Batch: 300, Acc: 59.47%, Loss: 0.8370
Epoch: 17, Batch: 310, Acc: 59.51%, Loss: 0.7639
Epoch: 17, Batch: 320, Acc: 59.50%, Loss: 0.7909
Epoch: 17, Batch: 330, Acc: 59.46%, Loss: 0.8122
Epoch: 17, Batch: 340, Acc: 59.55%, Loss: 0.7823
Epoch: 17, Batch: 350, Acc: 59.48%, Loss: 0.8247
Epoch: 17, Batch: 360, Acc: 59.49%, Loss: 0.8095
Epoch: 17, Batch: 370, Acc: 59.50%, Loss: 0.8090
Epoch: 17, Batch: 380, Acc: 59.45%, Loss: 0.8333
Epoch: 17, Batch: 390, Acc: 59.47%, Loss: 0.7935
Epoch: 17, Batch: 400, Acc: 59.42%, Loss: 0.8312
Epoch: 17, Batch: 410, Acc: 59.49%, Loss: 0.7772
Epoch: 17, Batch: 420, Acc: 59.51%, Loss: 0.7946
Epoch: 17, Batch: 430, Acc: 59.51%, Loss: 0.7910
Epoch: 17, Batch: 440, Acc: 59.56%, Loss: 0.7852
Epoch: 17, Batch: 450, Acc: 59.49%, Loss: 0.8190
Epoch: 17, Batch: 460, Acc: 59.52%, Loss: 0.7687
Epoch: 17, Batch: 470, Acc: 59.60%, Loss: 0.7786
Epoch: 17, Batch: 480, Acc: 59.62%, Loss: 0.7709
Epoch: 17, Batch: 490, Acc: 59.65%, Loss: 0.7654
Epoch: 17, Batch: 500, Acc: 59.61%, Loss: 0.8233
Epoch: 17, Batch: 510, Acc: 59.60%, Loss: 0.7831
Epoch: 17, Batch: 520, Acc: 59.62%, Loss: 0.7891
Epoch: 17, Batch: 530, Acc: 59.63%, Loss: 0.7729
Epoch: 17, Batch: 540, Acc: 59.60%, Loss: 0.8280
Epoch: 17, Batch: 550, Acc: 59.56%, Loss: 0.8157
Epoch: 17, Batch: 560, Acc: 59.55%, Loss: 0.8372
Epoch: 17, Batch: 570, Acc: 59.55%, Loss: 0.8016
Epoch: 17, Batch: 580, Acc: 59.50%, Loss: 0.8313
Epoch: 17, Batch: 590, Acc: 59.51%, Loss: 0.7848
Epoch: 17, Batch: 600, Acc: 59.56%, Loss: 0.7727
Epoch: 17, Batch: 610, Acc: 59.57%, Loss: 0.8139
Epoch: 17, Batch: 620, Acc: 59.58%, Loss: 0.7983
Epoch: 17, Batch: 630, Acc: 59.57%, Loss: 0.8035
Epoch: 17, Batch: 640, Acc: 59.59%, Loss: 0.7916
Epoch: 17, Batch: 650, Acc: 59.58%, Loss: 0.7798
Epoch: 17, Batch: 660, Acc: 59.58%, Loss: 0.7597
Epoch: 17, Batch: 670, Acc: 59.64%, Loss: 0.7825
Epoch: 17, Batch: 680, Acc: 59.60%, Loss: 0.8214
Epoch: 17, Batch: 690, Acc: 59.59%, Loss: 0.8307
Epoch: 17, Batch: 700, Acc: 59.59%, Loss: 0.8011
Epoch: 17, Batch: 710, Acc: 59.59%, Loss: 0.7837
Epoch: 17, Batch: 720, Acc: 59.60%, Loss: 0.7953
Epoch: 17, Batch: 730, Acc: 59.59%, Loss: 0.8119
Epoch: 17, Batch: 740, Acc: 59.57%, Loss: 0.8286
Epoch: 17, Batch: 750, Acc: 59.55%, Loss: 0.8436
Epoch: 17, Batch: 760, Acc: 59.61%, Loss: 0.7642
Epoch: 17, Batch: 770, Acc: 59.60%, Loss: 0.8039
Epoch: 17, Batch: 780, Acc: 59.59%, Loss: 0.8576
Epoch: 17, Batch: 790, Acc: 59.60%, Loss: 0.8075
Epoch: 17, Batch: 800, Acc: 59.62%, Loss: 0.8074
Epoch: 17, Batch: 810, Acc: 59.57%, Loss: 0.8580
Epoch: 17, Batch: 820, Acc: 59.59%, Loss: 0.8071
Epoch: 17, Batch: 830, Acc: 59.60%, Loss: 0.7823
Epoch: 17, Batch: 840, Acc: 59.59%, Loss: 0.8237
Epoch: 17, Batch: 850, Acc: 59.62%, Loss: 0.7868
Epoch: 17, Batch: 860, Acc: 59.57%, Loss: 0.8101
Epoch: 17, Batch: 870, Acc: 59.58%, Loss: 0.7956
Epoch: 17, Batch: 880, Acc: 59.58%, Loss: 0.7990
Epoch: 17, Batch: 890, Acc: 59.58%, Loss: 0.7766
Epoch: 17, Batch: 900, Acc: 59.55%, Loss: 0.8817
Epoch: 17, Batch: 910, Acc: 59.56%, Loss: 0.7883
Epoch: 17, Batch: 920, Acc: 59.58%, Loss: 0.8043
Epoch: 17, Batch: 930, Acc: 59.59%, Loss: 0.7918
Accuracy on test set: 67.88%, Val loss: 1.2261
Epoch 17: val_acc=67.88, best_val_acc=67.88, es_counter=0
Epoch: 18, Batch: 10, Acc: 55.94%, Loss: 0.8437
Epoch: 18, Batch: 20, Acc: 57.34%, Loss: 0.8123
Epoch: 18, Batch: 30, Acc: 57.71%, Loss: 0.7810
Epoch: 18, Batch: 40, Acc: 58.48%, Loss: 0.7683
Epoch: 18, Batch: 50, Acc: 58.53%, Loss: 0.7755
Epoch: 18, Batch: 60, Acc: 58.46%, Loss: 0.7997
Epoch: 18, Batch: 70, Acc: 58.24%, Loss: 0.8294
Epoch: 18, Batch: 80, Acc: 58.44%, Loss: 0.7987
Epoch: 18, Batch: 90, Acc: 59.13%, Loss: 0.7470
Epoch: 18, Batch: 100, Acc: 58.94%, Loss: 0.8265
Epoch: 18, Batch: 110, Acc: 58.68%, Loss: 0.8551
Epoch: 18, Batch: 120, Acc: 59.17%, Loss: 0.7590
Epoch: 18, Batch: 130, Acc: 59.39%, Loss: 0.7754
Epoch: 18, Batch: 140, Acc: 59.30%, Loss: 0.8109
Epoch: 18, Batch: 150, Acc: 59.50%, Loss: 0.7463
Epoch: 18, Batch: 160, Acc: 59.47%, Loss: 0.8372
Epoch: 18, Batch: 170, Acc: 59.47%, Loss: 0.8103
Epoch: 18, Batch: 180, Acc: 59.41%, Loss: 0.7982
Epoch: 18, Batch: 190, Acc: 59.55%, Loss: 0.8042
Epoch: 18, Batch: 200, Acc: 59.66%, Loss: 0.7689
Epoch: 18, Batch: 210, Acc: 59.61%, Loss: 0.8235
Epoch: 18, Batch: 220, Acc: 59.62%, Loss: 0.8218
Epoch: 18, Batch: 230, Acc: 59.59%, Loss: 0.8062
Epoch: 18, Batch: 240, Acc: 59.58%, Loss: 0.7852
Epoch: 18, Batch: 250, Acc: 59.56%, Loss: 0.8094
Epoch: 18, Batch: 260, Acc: 59.68%, Loss: 0.7775
Epoch: 18, Batch: 270, Acc: 59.63%, Loss: 0.8136
Epoch: 18, Batch: 280, Acc: 59.72%, Loss: 0.7940
Epoch: 18, Batch: 290, Acc: 59.76%, Loss: 0.8030
Epoch: 18, Batch: 300, Acc: 59.79%, Loss: 0.7700
Epoch: 18, Batch: 310, Acc: 59.86%, Loss: 0.8083
Epoch: 18, Batch: 320, Acc: 59.88%, Loss: 0.7687
Epoch: 18, Batch: 330, Acc: 59.84%, Loss: 0.8233
Epoch: 18, Batch: 340, Acc: 59.82%, Loss: 0.7991
Epoch: 18, Batch: 350, Acc: 59.82%, Loss: 0.7985
Epoch: 18, Batch: 360, Acc: 59.82%, Loss: 0.7843
Epoch: 18, Batch: 370, Acc: 59.91%, Loss: 0.7418
Epoch: 18, Batch: 380, Acc: 59.90%, Loss: 0.8159
Epoch: 18, Batch: 390, Acc: 59.96%, Loss: 0.7927
Epoch: 18, Batch: 400, Acc: 59.89%, Loss: 0.8238
Epoch: 18, Batch: 410, Acc: 59.90%, Loss: 0.7916
Epoch: 18, Batch: 420, Acc: 59.87%, Loss: 0.8186
Epoch: 18, Batch: 430, Acc: 59.81%, Loss: 0.7992
Epoch: 18, Batch: 440, Acc: 59.80%, Loss: 0.7796
Epoch: 18, Batch: 450, Acc: 59.81%, Loss: 0.8418
Epoch: 18, Batch: 460, Acc: 59.80%, Loss: 0.7857
Epoch: 18, Batch: 470, Acc: 59.85%, Loss: 0.7825
Epoch: 18, Batch: 480, Acc: 59.87%, Loss: 0.8164
Epoch: 18, Batch: 490, Acc: 59.90%, Loss: 0.7867
Epoch: 18, Batch: 500, Acc: 59.86%, Loss: 0.8082
Epoch: 18, Batch: 510, Acc: 59.91%, Loss: 0.7593
Epoch: 18, Batch: 520, Acc: 59.90%, Loss: 0.8120
Epoch: 18, Batch: 530, Acc: 59.91%, Loss: 0.7659
Epoch: 18, Batch: 540, Acc: 59.93%, Loss: 0.7740
Epoch: 18, Batch: 550, Acc: 59.88%, Loss: 0.8014
Epoch: 18, Batch: 560, Acc: 59.90%, Loss: 0.8151
Epoch: 18, Batch: 570, Acc: 59.88%, Loss: 0.7993
Epoch: 18, Batch: 580, Acc: 59.89%, Loss: 0.8085
Epoch: 18, Batch: 590, Acc: 59.85%, Loss: 0.8141
Epoch: 18, Batch: 600, Acc: 59.82%, Loss: 0.8158
Epoch: 18, Batch: 610, Acc: 59.84%, Loss: 0.8119
Epoch: 18, Batch: 620, Acc: 59.85%, Loss: 0.8038
Epoch: 18, Batch: 630, Acc: 59.84%, Loss: 0.8111
Epoch: 18, Batch: 640, Acc: 59.86%, Loss: 0.8099
Epoch: 18, Batch: 650, Acc: 59.84%, Loss: 0.8131
Epoch: 18, Batch: 660, Acc: 59.83%, Loss: 0.7945
Epoch: 18, Batch: 670, Acc: 59.86%, Loss: 0.7647
Epoch: 18, Batch: 680, Acc: 59.85%, Loss: 0.8104
Epoch: 18, Batch: 690, Acc: 59.79%, Loss: 0.8161
Epoch: 18, Batch: 700, Acc: 59.79%, Loss: 0.7985
Epoch: 18, Batch: 710, Acc: 59.78%, Loss: 0.8053
Epoch: 18, Batch: 720, Acc: 59.82%, Loss: 0.7920
Epoch: 18, Batch: 730, Acc: 59.83%, Loss: 0.7807
Epoch: 18, Batch: 740, Acc: 59.81%, Loss: 0.8030
Epoch: 18, Batch: 750, Acc: 59.84%, Loss: 0.7547
Epoch: 18, Batch: 760, Acc: 59.87%, Loss: 0.7535
Epoch: 18, Batch: 770, Acc: 59.87%, Loss: 0.8010
Epoch: 18, Batch: 780, Acc: 59.86%, Loss: 0.8079
Epoch: 18, Batch: 790, Acc: 59.90%, Loss: 0.7656
Epoch: 18, Batch: 800, Acc: 59.87%, Loss: 0.8253
Epoch: 18, Batch: 810, Acc: 59.90%, Loss: 0.7962
Epoch: 18, Batch: 820, Acc: 59.88%, Loss: 0.8124
Epoch: 18, Batch: 830, Acc: 59.88%, Loss: 0.7971
Epoch: 18, Batch: 840, Acc: 59.87%, Loss: 0.7908
Epoch: 18, Batch: 850, Acc: 59.89%, Loss: 0.7857
Epoch: 18, Batch: 860, Acc: 59.91%, Loss: 0.7765
Epoch: 18, Batch: 870, Acc: 59.90%, Loss: 0.7951
Epoch: 18, Batch: 880, Acc: 59.91%, Loss: 0.7725
Epoch: 18, Batch: 890, Acc: 59.94%, Loss: 0.7672
Epoch: 18, Batch: 900, Acc: 59.97%, Loss: 0.7510
Epoch: 18, Batch: 910, Acc: 59.95%, Loss: 0.8081
Epoch: 18, Batch: 920, Acc: 59.95%, Loss: 0.8215
Epoch: 18, Batch: 930, Acc: 59.97%, Loss: 0.7785
Accuracy on test set: 68.24%, Val loss: 1.2060
Epoch 18: val_acc=68.24, best_val_acc=68.24, es_counter=0
Epoch: 19, Batch: 10, Acc: 59.22%, Loss: 0.8204
Epoch: 19, Batch: 20, Acc: 58.75%, Loss: 0.7908
Epoch: 19, Batch: 30, Acc: 58.18%, Loss: 0.8095
Epoch: 19, Batch: 40, Acc: 58.05%, Loss: 0.8163
Epoch: 19, Batch: 50, Acc: 58.59%, Loss: 0.7853
Epoch: 19, Batch: 60, Acc: 58.85%, Loss: 0.8019
Epoch: 19, Batch: 70, Acc: 58.86%, Loss: 0.8117
Epoch: 19, Batch: 80, Acc: 58.91%, Loss: 0.8138
Epoch: 19, Batch: 90, Acc: 59.18%, Loss: 0.7992
Epoch: 19, Batch: 100, Acc: 59.50%, Loss: 0.7962
Epoch: 19, Batch: 110, Acc: 59.91%, Loss: 0.7542
Epoch: 19, Batch: 120, Acc: 59.90%, Loss: 0.8006
Epoch: 19, Batch: 130, Acc: 60.05%, Loss: 0.7940
Epoch: 19, Batch: 140, Acc: 60.03%, Loss: 0.7802
Epoch: 19, Batch: 150, Acc: 59.91%, Loss: 0.7839
Epoch: 19, Batch: 160, Acc: 59.83%, Loss: 0.7886
Epoch: 19, Batch: 170, Acc: 59.99%, Loss: 0.7578
Epoch: 19, Batch: 180, Acc: 60.04%, Loss: 0.7815
Epoch: 19, Batch: 190, Acc: 60.16%, Loss: 0.8090
Epoch: 19, Batch: 200, Acc: 60.19%, Loss: 0.8082
Epoch: 19, Batch: 210, Acc: 60.22%, Loss: 0.8029
Epoch: 19, Batch: 220, Acc: 60.19%, Loss: 0.8031
Epoch: 19, Batch: 230, Acc: 60.10%, Loss: 0.8224
Epoch: 19, Batch: 240, Acc: 60.09%, Loss: 0.8002
Epoch: 19, Batch: 250, Acc: 60.09%, Loss: 0.8027
Epoch: 19, Batch: 260, Acc: 60.09%, Loss: 0.7942
Epoch: 19, Batch: 270, Acc: 60.18%, Loss: 0.7782
Epoch: 19, Batch: 280, Acc: 60.15%, Loss: 0.7972
Epoch: 19, Batch: 290, Acc: 60.18%, Loss: 0.8042
Epoch: 19, Batch: 300, Acc: 60.18%, Loss: 0.8079
Epoch: 19, Batch: 310, Acc: 60.23%, Loss: 0.7416
Epoch: 19, Batch: 320, Acc: 60.20%, Loss: 0.8304
Epoch: 19, Batch: 330, Acc: 60.16%, Loss: 0.8146
Epoch: 19, Batch: 340, Acc: 60.16%, Loss: 0.7685
Epoch: 19, Batch: 350, Acc: 60.23%, Loss: 0.7777
Epoch: 19, Batch: 360, Acc: 60.21%, Loss: 0.8034
Epoch: 19, Batch: 370, Acc: 60.31%, Loss: 0.7882
Epoch: 19, Batch: 380, Acc: 60.34%, Loss: 0.7843
Epoch: 19, Batch: 390, Acc: 60.36%, Loss: 0.7733
Epoch: 19, Batch: 400, Acc: 60.32%, Loss: 0.8098
Epoch: 19, Batch: 410, Acc: 60.32%, Loss: 0.7857
Epoch: 19, Batch: 420, Acc: 60.34%, Loss: 0.7605
Epoch: 19, Batch: 430, Acc: 60.31%, Loss: 0.7904
Epoch: 19, Batch: 440, Acc: 60.34%, Loss: 0.7741
Epoch: 19, Batch: 450, Acc: 60.34%, Loss: 0.7933
Epoch: 19, Batch: 460, Acc: 60.33%, Loss: 0.7878
Epoch: 19, Batch: 470, Acc: 60.35%, Loss: 0.7456
Epoch: 19, Batch: 480, Acc: 60.33%, Loss: 0.8013
Epoch: 19, Batch: 490, Acc: 60.36%, Loss: 0.7983
Epoch: 19, Batch: 500, Acc: 60.39%, Loss: 0.8022
Epoch: 19, Batch: 510, Acc: 60.35%, Loss: 0.7627
Epoch: 19, Batch: 520, Acc: 60.33%, Loss: 0.7762
Epoch: 19, Batch: 530, Acc: 60.34%, Loss: 0.7977
Epoch: 19, Batch: 540, Acc: 60.27%, Loss: 0.8362
Epoch: 19, Batch: 550, Acc: 60.28%, Loss: 0.7918
Epoch: 19, Batch: 560, Acc: 60.26%, Loss: 0.8239
Epoch: 19, Batch: 570, Acc: 60.27%, Loss: 0.8028
Epoch: 19, Batch: 580, Acc: 60.22%, Loss: 0.8118
Epoch: 19, Batch: 590, Acc: 60.28%, Loss: 0.7700
Epoch: 19, Batch: 600, Acc: 60.29%, Loss: 0.7640
Epoch: 19, Batch: 610, Acc: 60.27%, Loss: 0.8054
Epoch: 19, Batch: 620, Acc: 60.28%, Loss: 0.7822
Epoch: 19, Batch: 630, Acc: 60.24%, Loss: 0.8234
Epoch: 19, Batch: 640, Acc: 60.24%, Loss: 0.8068
Epoch: 19, Batch: 650, Acc: 60.26%, Loss: 0.7756
Epoch: 19, Batch: 660, Acc: 60.27%, Loss: 0.7763
Epoch: 19, Batch: 670, Acc: 60.27%, Loss: 0.7783
Epoch: 19, Batch: 680, Acc: 60.28%, Loss: 0.7869
Epoch: 19, Batch: 690, Acc: 60.24%, Loss: 0.8594
Epoch: 19, Batch: 700, Acc: 60.25%, Loss: 0.7708
Epoch: 19, Batch: 710, Acc: 60.29%, Loss: 0.7882
Epoch: 19, Batch: 720, Acc: 60.33%, Loss: 0.7269
Epoch: 19, Batch: 730, Acc: 60.35%, Loss: 0.7776
Epoch: 19, Batch: 740, Acc: 60.31%, Loss: 0.8401
Epoch: 19, Batch: 750, Acc: 60.27%, Loss: 0.8342
Epoch: 19, Batch: 760, Acc: 60.28%, Loss: 0.8111
Epoch: 19, Batch: 770, Acc: 60.27%, Loss: 0.7783
Epoch: 19, Batch: 780, Acc: 60.29%, Loss: 0.7898
Epoch: 19, Batch: 790, Acc: 60.31%, Loss: 0.7363
Epoch: 19, Batch: 800, Acc: 60.30%, Loss: 0.7904
Epoch: 19, Batch: 810, Acc: 60.36%, Loss: 0.7383
Epoch: 19, Batch: 820, Acc: 60.37%, Loss: 0.7850
Epoch: 19, Batch: 830, Acc: 60.38%, Loss: 0.7584
Epoch: 19, Batch: 840, Acc: 60.39%, Loss: 0.7814
Epoch: 19, Batch: 850, Acc: 60.37%, Loss: 0.8118
Epoch: 19, Batch: 860, Acc: 60.33%, Loss: 0.8463
Epoch: 19, Batch: 870, Acc: 60.33%, Loss: 0.7800
Epoch: 19, Batch: 880, Acc: 60.37%, Loss: 0.7527
Epoch: 19, Batch: 890, Acc: 60.37%, Loss: 0.7797
Epoch: 19, Batch: 900, Acc: 60.38%, Loss: 0.7485
Epoch: 19, Batch: 910, Acc: 60.38%, Loss: 0.7922
Epoch: 19, Batch: 920, Acc: 60.37%, Loss: 0.8136
Epoch: 19, Batch: 930, Acc: 60.35%, Loss: 0.8092
Accuracy on test set: 68.60%, Val loss: 1.2032
Epoch 19: val_acc=68.60, best_val_acc=68.60, es_counter=0
Epoch: 20, Batch: 10, Acc: 62.66%, Loss: 0.7827
Epoch: 20, Batch: 20, Acc: 60.23%, Loss: 0.7830
Epoch: 20, Batch: 30, Acc: 59.53%, Loss: 0.7941
Epoch: 20, Batch: 40, Acc: 60.04%, Loss: 0.7786
Epoch: 20, Batch: 50, Acc: 60.12%, Loss: 0.7813
Epoch: 20, Batch: 60, Acc: 60.47%, Loss: 0.7533
Epoch: 20, Batch: 70, Acc: 60.36%, Loss: 0.7966
Epoch: 20, Batch: 80, Acc: 60.25%, Loss: 0.7754
Epoch: 20, Batch: 90, Acc: 60.28%, Loss: 0.7514
Epoch: 20, Batch: 100, Acc: 59.77%, Loss: 0.8295
Epoch: 20, Batch: 110, Acc: 59.45%, Loss: 0.8230
Epoch: 20, Batch: 120, Acc: 59.60%, Loss: 0.8065
Epoch: 20, Batch: 130, Acc: 59.56%, Loss: 0.8313
Epoch: 20, Batch: 140, Acc: 59.46%, Loss: 0.8104
Epoch: 20, Batch: 150, Acc: 59.74%, Loss: 0.7490
Epoch: 20, Batch: 160, Acc: 59.78%, Loss: 0.8044
Epoch: 20, Batch: 170, Acc: 59.86%, Loss: 0.7515
Epoch: 20, Batch: 180, Acc: 59.78%, Loss: 0.8221
Epoch: 20, Batch: 190, Acc: 59.69%, Loss: 0.7996
Epoch: 20, Batch: 200, Acc: 59.68%, Loss: 0.8079
Epoch: 20, Batch: 210, Acc: 59.72%, Loss: 0.7724
Epoch: 20, Batch: 220, Acc: 59.76%, Loss: 0.7872
Epoch: 20, Batch: 230, Acc: 59.84%, Loss: 0.7780
Epoch: 20, Batch: 240, Acc: 59.91%, Loss: 0.7570
Epoch: 20, Batch: 250, Acc: 59.88%, Loss: 0.8281
Epoch: 20, Batch: 260, Acc: 60.04%, Loss: 0.7530
Epoch: 20, Batch: 270, Acc: 60.10%, Loss: 0.7844
Epoch: 20, Batch: 280, Acc: 60.09%, Loss: 0.8124
Epoch: 20, Batch: 290, Acc: 60.02%, Loss: 0.7918
Epoch: 20, Batch: 300, Acc: 60.07%, Loss: 0.7761
Epoch: 20, Batch: 310, Acc: 60.09%, Loss: 0.7875
Epoch: 20, Batch: 320, Acc: 60.18%, Loss: 0.7585
Epoch: 20, Batch: 330, Acc: 60.22%, Loss: 0.7573
Epoch: 20, Batch: 340, Acc: 60.30%, Loss: 0.7718
Epoch: 20, Batch: 350, Acc: 60.29%, Loss: 0.8067
Epoch: 20, Batch: 360, Acc: 60.35%, Loss: 0.7554
Epoch: 20, Batch: 370, Acc: 60.26%, Loss: 0.8697
Epoch: 20, Batch: 380, Acc: 60.25%, Loss: 0.7881
Epoch: 20, Batch: 390, Acc: 60.25%, Loss: 0.7635
Epoch: 20, Batch: 400, Acc: 60.29%, Loss: 0.7664
Epoch: 20, Batch: 410, Acc: 60.26%, Loss: 0.8194
Epoch: 20, Batch: 420, Acc: 60.32%, Loss: 0.7813
Epoch: 20, Batch: 430, Acc: 60.41%, Loss: 0.7620
Epoch: 20, Batch: 440, Acc: 60.34%, Loss: 0.8401
Epoch: 20, Batch: 450, Acc: 60.35%, Loss: 0.7858
Epoch: 20, Batch: 460, Acc: 60.39%, Loss: 0.7888
Epoch: 20, Batch: 470, Acc: 60.38%, Loss: 0.8121
Epoch: 20, Batch: 480, Acc: 60.42%, Loss: 0.7951
Epoch: 20, Batch: 490, Acc: 60.39%, Loss: 0.8302
Epoch: 20, Batch: 500, Acc: 60.38%, Loss: 0.8260
Epoch: 20, Batch: 510, Acc: 60.34%, Loss: 0.8393
Epoch: 20, Batch: 520, Acc: 60.29%, Loss: 0.8258
Epoch: 20, Batch: 530, Acc: 60.27%, Loss: 0.7771
Epoch: 20, Batch: 540, Acc: 60.24%, Loss: 0.7759
Epoch: 20, Batch: 550, Acc: 60.27%, Loss: 0.7764
Epoch: 20, Batch: 560, Acc: 60.30%, Loss: 0.7500
Epoch: 20, Batch: 570, Acc: 60.25%, Loss: 0.8238
Epoch: 20, Batch: 580, Acc: 60.23%, Loss: 0.8251
Epoch: 20, Batch: 590, Acc: 60.23%, Loss: 0.7856
Epoch: 20, Batch: 600, Acc: 60.24%, Loss: 0.8152
Epoch: 20, Batch: 610, Acc: 60.26%, Loss: 0.7950
Epoch: 20, Batch: 620, Acc: 60.26%, Loss: 0.7751
Epoch: 20, Batch: 630, Acc: 60.30%, Loss: 0.7459
Epoch: 20, Batch: 640, Acc: 60.31%, Loss: 0.7765
Epoch: 20, Batch: 650, Acc: 60.30%, Loss: 0.7770
Epoch: 20, Batch: 660, Acc: 60.33%, Loss: 0.7722
Epoch: 20, Batch: 670, Acc: 60.35%, Loss: 0.8071
Epoch: 20, Batch: 680, Acc: 60.37%, Loss: 0.7640
Epoch: 20, Batch: 690, Acc: 60.34%, Loss: 0.8294
Epoch: 20, Batch: 700, Acc: 60.32%, Loss: 0.7844
Epoch: 20, Batch: 710, Acc: 60.29%, Loss: 0.8144
Epoch: 20, Batch: 720, Acc: 60.33%, Loss: 0.7615
Epoch: 20, Batch: 730, Acc: 60.35%, Loss: 0.7822
Epoch: 20, Batch: 740, Acc: 60.34%, Loss: 0.7808
Epoch: 20, Batch: 750, Acc: 60.41%, Loss: 0.7568
Epoch: 20, Batch: 760, Acc: 60.41%, Loss: 0.7963
Epoch: 20, Batch: 770, Acc: 60.43%, Loss: 0.7577
Epoch: 20, Batch: 780, Acc: 60.46%, Loss: 0.7849
Epoch: 20, Batch: 790, Acc: 60.46%, Loss: 0.7729
Epoch: 20, Batch: 800, Acc: 60.45%, Loss: 0.8059
Epoch: 20, Batch: 810, Acc: 60.47%, Loss: 0.8117
Epoch: 20, Batch: 820, Acc: 60.49%, Loss: 0.7805
Epoch: 20, Batch: 830, Acc: 60.46%, Loss: 0.7946
Epoch: 20, Batch: 840, Acc: 60.47%, Loss: 0.7858
Epoch: 20, Batch: 850, Acc: 60.49%, Loss: 0.7553
Epoch: 20, Batch: 860, Acc: 60.49%, Loss: 0.7869
Epoch: 20, Batch: 870, Acc: 60.51%, Loss: 0.7738
Epoch: 20, Batch: 880, Acc: 60.50%, Loss: 0.7759
Epoch: 20, Batch: 890, Acc: 60.52%, Loss: 0.7889
Epoch: 20, Batch: 900, Acc: 60.55%, Loss: 0.7644
Epoch: 20, Batch: 910, Acc: 60.58%, Loss: 0.7467
Epoch: 20, Batch: 920, Acc: 60.59%, Loss: 0.7581
Epoch: 20, Batch: 930, Acc: 60.59%, Loss: 0.7505
Accuracy on test set: 69.05%, Val loss: 1.1871
Epoch 20: val_acc=69.05, best_val_acc=69.05, es_counter=0
Epoch: 21, Batch: 10, Acc: 59.69%, Loss: 0.8375
Epoch: 21, Batch: 20, Acc: 62.03%, Loss: 0.7588
Epoch: 21, Batch: 30, Acc: 61.82%, Loss: 0.7548
Epoch: 21, Batch: 40, Acc: 62.19%, Loss: 0.7706
Epoch: 21, Batch: 50, Acc: 61.84%, Loss: 0.7971
Epoch: 21, Batch: 60, Acc: 61.04%, Loss: 0.8267
Epoch: 21, Batch: 70, Acc: 61.41%, Loss: 0.7453
Epoch: 21, Batch: 80, Acc: 61.07%, Loss: 0.7626
Epoch: 21, Batch: 90, Acc: 61.04%, Loss: 0.7796
Epoch: 21, Batch: 100, Acc: 60.94%, Loss: 0.7515
Epoch: 21, Batch: 110, Acc: 61.02%, Loss: 0.7672
Epoch: 21, Batch: 120, Acc: 60.86%, Loss: 0.8134
Epoch: 21, Batch: 130, Acc: 60.65%, Loss: 0.8177
Epoch: 21, Batch: 140, Acc: 60.94%, Loss: 0.7324
Epoch: 21, Batch: 150, Acc: 61.09%, Loss: 0.7545
Epoch: 21, Batch: 160, Acc: 61.17%, Loss: 0.7530
Epoch: 21, Batch: 170, Acc: 61.06%, Loss: 0.8109
Epoch: 21, Batch: 180, Acc: 61.07%, Loss: 0.7682
Epoch: 21, Batch: 190, Acc: 61.11%, Loss: 0.7839
Epoch: 21, Batch: 200, Acc: 61.06%, Loss: 0.8093
Epoch: 21, Batch: 210, Acc: 61.08%, Loss: 0.7315
Epoch: 21, Batch: 220, Acc: 61.10%, Loss: 0.7821
Epoch: 21, Batch: 230, Acc: 61.02%, Loss: 0.7806
Epoch: 21, Batch: 240, Acc: 61.00%, Loss: 0.8130
Epoch: 21, Batch: 250, Acc: 61.11%, Loss: 0.7738
Epoch: 21, Batch: 260, Acc: 61.12%, Loss: 0.7646
Epoch: 21, Batch: 270, Acc: 61.06%, Loss: 0.7749
Epoch: 21, Batch: 280, Acc: 61.10%, Loss: 0.7664
Epoch: 21, Batch: 290, Acc: 60.95%, Loss: 0.8550
Epoch: 21, Batch: 300, Acc: 61.03%, Loss: 0.7489
Epoch: 21, Batch: 310, Acc: 61.07%, Loss: 0.7796
Epoch: 21, Batch: 320, Acc: 60.97%, Loss: 0.8327
Epoch: 21, Batch: 330, Acc: 60.99%, Loss: 0.8245
Epoch: 21, Batch: 340, Acc: 61.02%, Loss: 0.7481
Epoch: 21, Batch: 350, Acc: 60.97%, Loss: 0.8037
Epoch: 21, Batch: 360, Acc: 61.07%, Loss: 0.7376
Epoch: 21, Batch: 370, Acc: 61.06%, Loss: 0.7988
Epoch: 21, Batch: 380, Acc: 61.11%, Loss: 0.7422
Epoch: 21, Batch: 390, Acc: 61.13%, Loss: 0.7558
Epoch: 21, Batch: 400, Acc: 61.12%, Loss: 0.7919
Epoch: 21, Batch: 410, Acc: 61.00%, Loss: 0.8336
Epoch: 21, Batch: 420, Acc: 60.96%, Loss: 0.8102
Epoch: 21, Batch: 430, Acc: 60.91%, Loss: 0.7863
Epoch: 21, Batch: 440, Acc: 60.78%, Loss: 0.8623
Epoch: 21, Batch: 450, Acc: 60.77%, Loss: 0.7843
Epoch: 21, Batch: 460, Acc: 60.83%, Loss: 0.7735
Epoch: 21, Batch: 470, Acc: 60.82%, Loss: 0.7831
Epoch: 21, Batch: 480, Acc: 60.88%, Loss: 0.7634
Epoch: 21, Batch: 490, Acc: 60.85%, Loss: 0.7893
Epoch: 21, Batch: 500, Acc: 60.88%, Loss: 0.7606
Epoch: 21, Batch: 510, Acc: 60.79%, Loss: 0.8439
Epoch: 21, Batch: 520, Acc: 60.79%, Loss: 0.7906
Epoch: 21, Batch: 530, Acc: 60.73%, Loss: 0.8392
Epoch: 21, Batch: 540, Acc: 60.75%, Loss: 0.7852
Epoch: 21, Batch: 550, Acc: 60.81%, Loss: 0.7800
Epoch: 21, Batch: 560, Acc: 60.90%, Loss: 0.7344
Epoch: 21, Batch: 570, Acc: 60.91%, Loss: 0.7787
Epoch: 21, Batch: 580, Acc: 60.95%, Loss: 0.7576
Epoch: 21, Batch: 590, Acc: 60.92%, Loss: 0.8125
Epoch: 21, Batch: 600, Acc: 60.87%, Loss: 0.8264
Epoch: 21, Batch: 610, Acc: 60.87%, Loss: 0.7914
Epoch: 21, Batch: 620, Acc: 60.87%, Loss: 0.8075
Epoch: 21, Batch: 630, Acc: 60.88%, Loss: 0.7973
Epoch: 21, Batch: 640, Acc: 60.85%, Loss: 0.8067
Epoch: 21, Batch: 650, Acc: 60.83%, Loss: 0.8118
Epoch: 21, Batch: 660, Acc: 60.82%, Loss: 0.7726
Epoch: 21, Batch: 670, Acc: 60.84%, Loss: 0.7564
Epoch: 21, Batch: 680, Acc: 60.83%, Loss: 0.7807
Epoch: 21, Batch: 690, Acc: 60.83%, Loss: 0.7906
Epoch: 21, Batch: 700, Acc: 60.84%, Loss: 0.7704
Epoch: 21, Batch: 710, Acc: 60.85%, Loss: 0.7851
Epoch: 21, Batch: 720, Acc: 60.85%, Loss: 0.7864
Epoch: 21, Batch: 730, Acc: 60.83%, Loss: 0.7741
Epoch: 21, Batch: 740, Acc: 60.88%, Loss: 0.7345
Epoch: 21, Batch: 750, Acc: 60.88%, Loss: 0.7814
Epoch: 21, Batch: 760, Acc: 60.86%, Loss: 0.7837
Epoch: 21, Batch: 770, Acc: 60.84%, Loss: 0.7783
Epoch: 21, Batch: 780, Acc: 60.89%, Loss: 0.7186
Epoch: 21, Batch: 790, Acc: 60.93%, Loss: 0.7449
Epoch: 21, Batch: 800, Acc: 60.93%, Loss: 0.7717
Epoch: 21, Batch: 810, Acc: 60.91%, Loss: 0.8091
Epoch: 21, Batch: 820, Acc: 60.91%, Loss: 0.7856
Epoch: 21, Batch: 830, Acc: 60.94%, Loss: 0.7798
Epoch: 21, Batch: 840, Acc: 60.94%, Loss: 0.7603
Epoch: 21, Batch: 850, Acc: 60.92%, Loss: 0.7723
Epoch: 21, Batch: 860, Acc: 60.90%, Loss: 0.7868
Epoch: 21, Batch: 870, Acc: 60.91%, Loss: 0.7655
Epoch: 21, Batch: 880, Acc: 60.91%, Loss: 0.7893
Epoch: 21, Batch: 890, Acc: 60.90%, Loss: 0.7955
Epoch: 21, Batch: 900, Acc: 60.87%, Loss: 0.7915
Epoch: 21, Batch: 910, Acc: 60.87%, Loss: 0.7645
Epoch: 21, Batch: 920, Acc: 60.87%, Loss: 0.7954
Epoch: 21, Batch: 930, Acc: 60.87%, Loss: 0.7931
Accuracy on test set: 69.08%, Val loss: 1.1859
Epoch 21: val_acc=69.08, best_val_acc=69.08, es_counter=0
Epoch: 22, Batch: 10, Acc: 59.06%, Loss: 0.7967
Epoch: 22, Batch: 20, Acc: 60.00%, Loss: 0.7551
Epoch: 22, Batch: 30, Acc: 60.21%, Loss: 0.8092
Epoch: 22, Batch: 40, Acc: 60.39%, Loss: 0.7947
Epoch: 22, Batch: 50, Acc: 60.44%, Loss: 0.7806
Epoch: 22, Batch: 60, Acc: 61.04%, Loss: 0.7541
Epoch: 22, Batch: 70, Acc: 60.85%, Loss: 0.8074
Epoch: 22, Batch: 80, Acc: 60.90%, Loss: 0.8026
Epoch: 22, Batch: 90, Acc: 61.15%, Loss: 0.7536
Epoch: 22, Batch: 100, Acc: 61.25%, Loss: 0.7390
Epoch: 22, Batch: 110, Acc: 61.14%, Loss: 0.7891
Epoch: 22, Batch: 120, Acc: 60.85%, Loss: 0.8346
Epoch: 22, Batch: 130, Acc: 61.26%, Loss: 0.7440
Epoch: 22, Batch: 140, Acc: 61.19%, Loss: 0.7774
Epoch: 22, Batch: 150, Acc: 60.97%, Loss: 0.7799
Epoch: 22, Batch: 160, Acc: 60.87%, Loss: 0.7881
Epoch: 22, Batch: 170, Acc: 60.74%, Loss: 0.8293
Epoch: 22, Batch: 180, Acc: 60.61%, Loss: 0.7976
Epoch: 22, Batch: 190, Acc: 60.56%, Loss: 0.7855
Epoch: 22, Batch: 200, Acc: 60.72%, Loss: 0.7441
Epoch: 22, Batch: 210, Acc: 60.84%, Loss: 0.7624
Epoch: 22, Batch: 220, Acc: 60.68%, Loss: 0.7927
Epoch: 22, Batch: 230, Acc: 60.61%, Loss: 0.7997
Epoch: 22, Batch: 240, Acc: 60.76%, Loss: 0.7616
Epoch: 22, Batch: 250, Acc: 60.73%, Loss: 0.7829
Epoch: 22, Batch: 260, Acc: 60.56%, Loss: 0.7882
Epoch: 22, Batch: 270, Acc: 60.73%, Loss: 0.7405
Epoch: 22, Batch: 280, Acc: 60.73%, Loss: 0.8232
Epoch: 22, Batch: 290, Acc: 60.81%, Loss: 0.7455
Epoch: 22, Batch: 300, Acc: 60.83%, Loss: 0.8091
Epoch: 22, Batch: 310, Acc: 60.89%, Loss: 0.7626
Epoch: 22, Batch: 320, Acc: 60.94%, Loss: 0.7495
Epoch: 22, Batch: 330, Acc: 60.89%, Loss: 0.8205
Epoch: 22, Batch: 340, Acc: 60.89%, Loss: 0.7958
Epoch: 22, Batch: 350, Acc: 60.96%, Loss: 0.7285
Epoch: 22, Batch: 360, Acc: 60.92%, Loss: 0.7921
Epoch: 22, Batch: 370, Acc: 60.92%, Loss: 0.7672
Epoch: 22, Batch: 380, Acc: 60.94%, Loss: 0.7980
Epoch: 22, Batch: 390, Acc: 60.94%, Loss: 0.7836
Epoch: 22, Batch: 400, Acc: 60.91%, Loss: 0.7788
Epoch: 22, Batch: 410, Acc: 60.99%, Loss: 0.7517
Epoch: 22, Batch: 420, Acc: 61.00%, Loss: 0.7748
Epoch: 22, Batch: 430, Acc: 61.00%, Loss: 0.7959
Epoch: 22, Batch: 440, Acc: 61.05%, Loss: 0.7334
Epoch: 22, Batch: 450, Acc: 61.03%, Loss: 0.7976
Epoch: 22, Batch: 460, Acc: 61.12%, Loss: 0.7538
Epoch: 22, Batch: 470, Acc: 61.16%, Loss: 0.7893
Epoch: 22, Batch: 480, Acc: 61.17%, Loss: 0.7835
Epoch: 22, Batch: 490, Acc: 61.12%, Loss: 0.7966
Epoch: 22, Batch: 500, Acc: 61.11%, Loss: 0.7971
Epoch: 22, Batch: 510, Acc: 61.13%, Loss: 0.7681
Epoch: 22, Batch: 520, Acc: 61.15%, Loss: 0.7557
Epoch: 22, Batch: 530, Acc: 61.14%, Loss: 0.8029
Epoch: 22, Batch: 540, Acc: 61.12%, Loss: 0.7986
Epoch: 22, Batch: 550, Acc: 61.08%, Loss: 0.7865
Epoch: 22, Batch: 560, Acc: 61.05%, Loss: 0.7748
Epoch: 22, Batch: 570, Acc: 61.01%, Loss: 0.8004
Epoch: 22, Batch: 580, Acc: 61.02%, Loss: 0.7875
Epoch: 22, Batch: 590, Acc: 61.09%, Loss: 0.7422
Epoch: 22, Batch: 600, Acc: 61.10%, Loss: 0.7839
Epoch: 22, Batch: 610, Acc: 61.14%, Loss: 0.7624
Epoch: 22, Batch: 620, Acc: 61.15%, Loss: 0.7633
Epoch: 22, Batch: 630, Acc: 61.15%, Loss: 0.7744
Epoch: 22, Batch: 640, Acc: 61.15%, Loss: 0.7830
Epoch: 22, Batch: 650, Acc: 61.14%, Loss: 0.7564
Epoch: 22, Batch: 660, Acc: 61.14%, Loss: 0.8143
Epoch: 22, Batch: 670, Acc: 61.11%, Loss: 0.7743
Epoch: 22, Batch: 680, Acc: 61.08%, Loss: 0.7675
Epoch: 22, Batch: 690, Acc: 61.10%, Loss: 0.7744
Epoch: 22, Batch: 700, Acc: 61.12%, Loss: 0.7375
Epoch: 22, Batch: 710, Acc: 61.11%, Loss: 0.7919
Epoch: 22, Batch: 720, Acc: 61.13%, Loss: 0.7414
Epoch: 22, Batch: 730, Acc: 61.08%, Loss: 0.8135
Epoch: 22, Batch: 740, Acc: 61.08%, Loss: 0.7575
Epoch: 22, Batch: 750, Acc: 61.07%, Loss: 0.7868
Epoch: 22, Batch: 760, Acc: 61.09%, Loss: 0.7425
Epoch: 22, Batch: 770, Acc: 61.11%, Loss: 0.7810
Epoch: 22, Batch: 780, Acc: 61.12%, Loss: 0.8059
Epoch: 22, Batch: 790, Acc: 61.12%, Loss: 0.7720
Epoch: 22, Batch: 800, Acc: 61.09%, Loss: 0.8004
Epoch: 22, Batch: 810, Acc: 61.12%, Loss: 0.7487
Epoch: 22, Batch: 820, Acc: 61.15%, Loss: 0.7993
Epoch: 22, Batch: 830, Acc: 61.17%, Loss: 0.7539
Epoch: 22, Batch: 840, Acc: 61.18%, Loss: 0.7384
Epoch: 22, Batch: 850, Acc: 61.20%, Loss: 0.7756
Epoch: 22, Batch: 860, Acc: 61.22%, Loss: 0.7676
Epoch: 22, Batch: 870, Acc: 61.22%, Loss: 0.7913
Epoch: 22, Batch: 880, Acc: 61.22%, Loss: 0.7836
Epoch: 22, Batch: 890, Acc: 61.20%, Loss: 0.8108
Epoch: 22, Batch: 900, Acc: 61.20%, Loss: 0.7835
Epoch: 22, Batch: 910, Acc: 61.20%, Loss: 0.7997
Epoch: 22, Batch: 920, Acc: 61.22%, Loss: 0.7823
Epoch: 22, Batch: 930, Acc: 61.20%, Loss: 0.7884
Accuracy on test set: 69.19%, Val loss: 1.1784
Epoch 22: val_acc=69.19, best_val_acc=69.19, es_counter=0
Epoch: 23, Batch: 10, Acc: 61.25%, Loss: 0.7924
Epoch: 23, Batch: 20, Acc: 60.86%, Loss: 0.7717
Epoch: 23, Batch: 30, Acc: 60.57%, Loss: 0.7823
Epoch: 23, Batch: 40, Acc: 60.43%, Loss: 0.7659
Epoch: 23, Batch: 50, Acc: 61.19%, Loss: 0.7738
Epoch: 23, Batch: 60, Acc: 61.35%, Loss: 0.7459
Epoch: 23, Batch: 70, Acc: 60.92%, Loss: 0.8147
Epoch: 23, Batch: 80, Acc: 60.94%, Loss: 0.7828
Epoch: 23, Batch: 90, Acc: 60.76%, Loss: 0.7917
Epoch: 23, Batch: 100, Acc: 61.08%, Loss: 0.7439
Epoch: 23, Batch: 110, Acc: 61.22%, Loss: 0.7665
Epoch: 23, Batch: 120, Acc: 61.24%, Loss: 0.7996
Epoch: 23, Batch: 130, Acc: 61.48%, Loss: 0.7912
Epoch: 23, Batch: 140, Acc: 61.47%, Loss: 0.7976
Epoch: 23, Batch: 150, Acc: 61.71%, Loss: 0.7596
Epoch: 23, Batch: 160, Acc: 61.66%, Loss: 0.8228
Epoch: 23, Batch: 170, Acc: 61.54%, Loss: 0.7908
Epoch: 23, Batch: 180, Acc: 61.50%, Loss: 0.7739
Epoch: 23, Batch: 190, Acc: 61.61%, Loss: 0.7769
Epoch: 23, Batch: 200, Acc: 61.46%, Loss: 0.7846
Epoch: 23, Batch: 210, Acc: 61.50%, Loss: 0.7599
Epoch: 23, Batch: 220, Acc: 61.41%, Loss: 0.7623
Epoch: 23, Batch: 230, Acc: 61.38%, Loss: 0.7745
Epoch: 23, Batch: 240, Acc: 61.35%, Loss: 0.8070
Epoch: 23, Batch: 250, Acc: 61.28%, Loss: 0.7926
Epoch: 23, Batch: 260, Acc: 61.25%, Loss: 0.7969
Epoch: 23, Batch: 270, Acc: 61.24%, Loss: 0.8291
Epoch: 23, Batch: 280, Acc: 61.33%, Loss: 0.7452
Epoch: 23, Batch: 290, Acc: 61.28%, Loss: 0.7882
Epoch: 23, Batch: 300, Acc: 61.28%, Loss: 0.7861
Epoch: 23, Batch: 310, Acc: 61.36%, Loss: 0.7366
Epoch: 23, Batch: 320, Acc: 61.34%, Loss: 0.7881
Epoch: 23, Batch: 330, Acc: 61.37%, Loss: 0.7489
Epoch: 23, Batch: 340, Acc: 61.43%, Loss: 0.7720
Epoch: 23, Batch: 350, Acc: 61.39%, Loss: 0.8223
Epoch: 23, Batch: 360, Acc: 61.45%, Loss: 0.7755
Epoch: 23, Batch: 370, Acc: 61.37%, Loss: 0.7808
Epoch: 23, Batch: 380, Acc: 61.47%, Loss: 0.7061
Epoch: 23, Batch: 390, Acc: 61.35%, Loss: 0.7814
Epoch: 23, Batch: 400, Acc: 61.38%, Loss: 0.7642
Epoch: 23, Batch: 410, Acc: 61.39%, Loss: 0.7793
Epoch: 23, Batch: 420, Acc: 61.38%, Loss: 0.7635
Epoch: 23, Batch: 430, Acc: 61.36%, Loss: 0.7645
Epoch: 23, Batch: 440, Acc: 61.48%, Loss: 0.7109
Epoch: 23, Batch: 450, Acc: 61.53%, Loss: 0.7511
Epoch: 23, Batch: 460, Acc: 61.61%, Loss: 0.7435
Epoch: 23, Batch: 470, Acc: 61.68%, Loss: 0.7493
Epoch: 23, Batch: 480, Acc: 61.73%, Loss: 0.7625
Epoch: 23, Batch: 490, Acc: 61.63%, Loss: 0.8053
Epoch: 23, Batch: 500, Acc: 61.68%, Loss: 0.7484
Epoch: 23, Batch: 510, Acc: 61.55%, Loss: 0.8401
Epoch: 23, Batch: 520, Acc: 61.50%, Loss: 0.8103
Epoch: 23, Batch: 530, Acc: 61.45%, Loss: 0.8040
Epoch: 23, Batch: 540, Acc: 61.45%, Loss: 0.8150
Epoch: 23, Batch: 550, Acc: 61.48%, Loss: 0.7686
Epoch: 23, Batch: 560, Acc: 61.53%, Loss: 0.7271
Epoch: 23, Batch: 570, Acc: 61.51%, Loss: 0.8025
Epoch: 23, Batch: 580, Acc: 61.49%, Loss: 0.7765
Epoch: 23, Batch: 590, Acc: 61.43%, Loss: 0.7819
Epoch: 23, Batch: 600, Acc: 61.43%, Loss: 0.7682
Epoch: 23, Batch: 610, Acc: 61.44%, Loss: 0.7866
Epoch: 23, Batch: 620, Acc: 61.48%, Loss: 0.7692
Epoch: 23, Batch: 630, Acc: 61.46%, Loss: 0.7629
Epoch: 23, Batch: 640, Acc: 61.45%, Loss: 0.7662
Epoch: 23, Batch: 650, Acc: 61.46%, Loss: 0.7750
Epoch: 23, Batch: 660, Acc: 61.44%, Loss: 0.7717
Epoch: 23, Batch: 670, Acc: 61.43%, Loss: 0.7796
Epoch: 23, Batch: 680, Acc: 61.42%, Loss: 0.7710
Epoch: 23, Batch: 690, Acc: 61.37%, Loss: 0.7982
Epoch: 23, Batch: 700, Acc: 61.33%, Loss: 0.7810
Epoch: 23, Batch: 710, Acc: 61.32%, Loss: 0.7763
Epoch: 23, Batch: 720, Acc: 61.34%, Loss: 0.7741
Epoch: 23, Batch: 730, Acc: 61.32%, Loss: 0.8113
Epoch: 23, Batch: 740, Acc: 61.34%, Loss: 0.7529
Epoch: 23, Batch: 750, Acc: 61.33%, Loss: 0.7571
Epoch: 23, Batch: 760, Acc: 61.32%, Loss: 0.7832
Epoch: 23, Batch: 770, Acc: 61.32%, Loss: 0.7672
Epoch: 23, Batch: 780, Acc: 61.33%, Loss: 0.7648
Epoch: 23, Batch: 790, Acc: 61.35%, Loss: 0.7491
Epoch: 23, Batch: 800, Acc: 61.35%, Loss: 0.7771
Epoch: 23, Batch: 810, Acc: 61.38%, Loss: 0.7612
Epoch: 23, Batch: 820, Acc: 61.38%, Loss: 0.7486
Epoch: 23, Batch: 830, Acc: 61.40%, Loss: 0.7722
Epoch: 23, Batch: 840, Acc: 61.40%, Loss: 0.7445
Epoch: 23, Batch: 850, Acc: 61.40%, Loss: 0.7838
Epoch: 23, Batch: 860, Acc: 61.42%, Loss: 0.7725
Epoch: 23, Batch: 870, Acc: 61.42%, Loss: 0.8085
Epoch: 23, Batch: 880, Acc: 61.40%, Loss: 0.7882
Epoch: 23, Batch: 890, Acc: 61.41%, Loss: 0.7719
Epoch: 23, Batch: 900, Acc: 61.38%, Loss: 0.8025
Epoch: 23, Batch: 910, Acc: 61.35%, Loss: 0.8182
Epoch: 23, Batch: 920, Acc: 61.38%, Loss: 0.7575
Epoch: 23, Batch: 930, Acc: 61.38%, Loss: 0.7806
Accuracy on test set: 69.84%, Val loss: 1.1691
Epoch 23: val_acc=69.84, best_val_acc=69.84, es_counter=0
Epoch: 24, Batch: 10, Acc: 63.12%, Loss: 0.7716
Epoch: 24, Batch: 20, Acc: 63.28%, Loss: 0.7684
Epoch: 24, Batch: 30, Acc: 62.86%, Loss: 0.7602
Epoch: 24, Batch: 40, Acc: 62.58%, Loss: 0.7653
Epoch: 24, Batch: 50, Acc: 63.00%, Loss: 0.7208
Epoch: 24, Batch: 60, Acc: 62.45%, Loss: 0.7940
Epoch: 24, Batch: 70, Acc: 62.17%, Loss: 0.7866
Epoch: 24, Batch: 80, Acc: 62.38%, Loss: 0.7253
Epoch: 24, Batch: 90, Acc: 62.52%, Loss: 0.7557
Epoch: 24, Batch: 100, Acc: 62.39%, Loss: 0.7757
Epoch: 24, Batch: 110, Acc: 62.24%, Loss: 0.7917
Epoch: 24, Batch: 120, Acc: 62.14%, Loss: 0.7717
Epoch: 24, Batch: 130, Acc: 62.14%, Loss: 0.7653
Epoch: 24, Batch: 140, Acc: 61.86%, Loss: 0.7751
Epoch: 24, Batch: 150, Acc: 61.89%, Loss: 0.7948
Epoch: 24, Batch: 160, Acc: 61.78%, Loss: 0.8005
Epoch: 24, Batch: 170, Acc: 61.78%, Loss: 0.7836
Epoch: 24, Batch: 180, Acc: 61.69%, Loss: 0.7744
Epoch: 24, Batch: 190, Acc: 61.71%, Loss: 0.7650
Epoch: 24, Batch: 200, Acc: 61.55%, Loss: 0.7952
Epoch: 24, Batch: 210, Acc: 61.39%, Loss: 0.8083
Epoch: 24, Batch: 220, Acc: 61.38%, Loss: 0.7970
Epoch: 24, Batch: 230, Acc: 61.34%, Loss: 0.7991
Epoch: 24, Batch: 240, Acc: 61.53%, Loss: 0.7431
Epoch: 24, Batch: 250, Acc: 61.54%, Loss: 0.7816
Epoch: 24, Batch: 260, Acc: 61.57%, Loss: 0.7308
Epoch: 24, Batch: 270, Acc: 61.63%, Loss: 0.7830
Epoch: 24, Batch: 280, Acc: 61.52%, Loss: 0.7944
Epoch: 24, Batch: 290, Acc: 61.45%, Loss: 0.7881
Epoch: 24, Batch: 300, Acc: 61.31%, Loss: 0.8369
Epoch: 24, Batch: 310, Acc: 61.28%, Loss: 0.8010
Epoch: 24, Batch: 320, Acc: 61.21%, Loss: 0.7894
Epoch: 24, Batch: 330, Acc: 61.31%, Loss: 0.7512
Epoch: 24, Batch: 340, Acc: 61.30%, Loss: 0.7993
Epoch: 24, Batch: 350, Acc: 61.36%, Loss: 0.7453
Epoch: 24, Batch: 360, Acc: 61.39%, Loss: 0.7851
Epoch: 24, Batch: 370, Acc: 61.32%, Loss: 0.7979
Epoch: 24, Batch: 380, Acc: 61.41%, Loss: 0.7342
Epoch: 24, Batch: 390, Acc: 61.44%, Loss: 0.7436
Epoch: 24, Batch: 400, Acc: 61.48%, Loss: 0.7746
Epoch: 24, Batch: 410, Acc: 61.46%, Loss: 0.8099
Epoch: 24, Batch: 420, Acc: 61.44%, Loss: 0.7720
Epoch: 24, Batch: 430, Acc: 61.44%, Loss: 0.7616
Epoch: 24, Batch: 440, Acc: 61.41%, Loss: 0.7888
Epoch: 24, Batch: 450, Acc: 61.44%, Loss: 0.7637
Epoch: 24, Batch: 460, Acc: 61.42%, Loss: 0.7795
Epoch: 24, Batch: 470, Acc: 61.45%, Loss: 0.7313
Epoch: 24, Batch: 480, Acc: 61.42%, Loss: 0.7955
Epoch: 24, Batch: 490, Acc: 61.44%, Loss: 0.7716
Epoch: 24, Batch: 500, Acc: 61.48%, Loss: 0.7398
Epoch: 24, Batch: 510, Acc: 61.48%, Loss: 0.7742
Epoch: 24, Batch: 520, Acc: 61.46%, Loss: 0.8079
Epoch: 24, Batch: 530, Acc: 61.47%, Loss: 0.7960
Epoch: 24, Batch: 540, Acc: 61.51%, Loss: 0.7296
Epoch: 24, Batch: 550, Acc: 61.45%, Loss: 0.8261
Epoch: 24, Batch: 560, Acc: 61.44%, Loss: 0.7700
Epoch: 24, Batch: 570, Acc: 61.40%, Loss: 0.7919
Epoch: 24, Batch: 580, Acc: 61.37%, Loss: 0.8098
Epoch: 24, Batch: 590, Acc: 61.37%, Loss: 0.7909
Epoch: 24, Batch: 600, Acc: 61.37%, Loss: 0.7800
Epoch: 24, Batch: 610, Acc: 61.41%, Loss: 0.7395
Epoch: 24, Batch: 620, Acc: 61.44%, Loss: 0.7501
Epoch: 24, Batch: 630, Acc: 61.41%, Loss: 0.8017
Epoch: 24, Batch: 640, Acc: 61.45%, Loss: 0.7787
Epoch: 24, Batch: 650, Acc: 61.40%, Loss: 0.8077
Epoch: 24, Batch: 660, Acc: 61.44%, Loss: 0.7561
Epoch: 24, Batch: 670, Acc: 61.45%, Loss: 0.7569
Epoch: 24, Batch: 680, Acc: 61.51%, Loss: 0.7212
Epoch: 24, Batch: 690, Acc: 61.53%, Loss: 0.7662
Epoch: 24, Batch: 700, Acc: 61.50%, Loss: 0.7759
Epoch: 24, Batch: 710, Acc: 61.54%, Loss: 0.7636
Epoch: 24, Batch: 720, Acc: 61.56%, Loss: 0.7860
Epoch: 24, Batch: 730, Acc: 61.55%, Loss: 0.7851
Epoch: 24, Batch: 740, Acc: 61.58%, Loss: 0.7492
Epoch: 24, Batch: 750, Acc: 61.54%, Loss: 0.8018
Epoch: 24, Batch: 760, Acc: 61.58%, Loss: 0.7294
Epoch: 24, Batch: 770, Acc: 61.58%, Loss: 0.7873
Epoch: 24, Batch: 780, Acc: 61.58%, Loss: 0.7529
Epoch: 24, Batch: 790, Acc: 61.56%, Loss: 0.7297
Epoch: 24, Batch: 800, Acc: 61.60%, Loss: 0.7260
Epoch: 24, Batch: 810, Acc: 61.59%, Loss: 0.8105
Epoch: 24, Batch: 820, Acc: 61.57%, Loss: 0.7616
Epoch: 24, Batch: 830, Acc: 61.57%, Loss: 0.7924
Epoch: 24, Batch: 840, Acc: 61.59%, Loss: 0.7705
Epoch: 24, Batch: 850, Acc: 61.58%, Loss: 0.7839
Epoch: 24, Batch: 860, Acc: 61.60%, Loss: 0.7696
Epoch: 24, Batch: 870, Acc: 61.62%, Loss: 0.7489
Epoch: 24, Batch: 880, Acc: 61.64%, Loss: 0.7577
Epoch: 24, Batch: 890, Acc: 61.67%, Loss: 0.7220
Epoch: 24, Batch: 900, Acc: 61.68%, Loss: 0.7572
Epoch: 24, Batch: 910, Acc: 61.68%, Loss: 0.7745
Epoch: 24, Batch: 920, Acc: 61.65%, Loss: 0.7979
Epoch: 24, Batch: 930, Acc: 61.61%, Loss: 0.7685
Accuracy on test set: 69.27%, Val loss: 1.1600
Epoch 24: val_acc=69.27, best_val_acc=69.84, es_counter=1
Epoch: 25, Batch: 10, Acc: 60.94%, Loss: 0.7941
Epoch: 25, Batch: 20, Acc: 61.64%, Loss: 0.7619
Epoch: 25, Batch: 30, Acc: 61.09%, Loss: 0.7780
Epoch: 25, Batch: 40, Acc: 61.13%, Loss: 0.7889
Epoch: 25, Batch: 50, Acc: 61.09%, Loss: 0.7701
Epoch: 25, Batch: 60, Acc: 61.02%, Loss: 0.7953
Epoch: 25, Batch: 70, Acc: 61.25%, Loss: 0.7736
Epoch: 25, Batch: 80, Acc: 60.86%, Loss: 0.7981
Epoch: 25, Batch: 90, Acc: 61.11%, Loss: 0.7208
Epoch: 25, Batch: 100, Acc: 60.98%, Loss: 0.8062
Epoch: 25, Batch: 110, Acc: 60.97%, Loss: 0.7853
Epoch: 25, Batch: 120, Acc: 61.33%, Loss: 0.7460
Epoch: 25, Batch: 130, Acc: 61.29%, Loss: 0.7826
Epoch: 25, Batch: 140, Acc: 61.26%, Loss: 0.7626
Epoch: 25, Batch: 150, Acc: 61.22%, Loss: 0.7917
Epoch: 25, Batch: 160, Acc: 61.42%, Loss: 0.7526
Epoch: 25, Batch: 170, Acc: 61.40%, Loss: 0.7620
Epoch: 25, Batch: 180, Acc: 61.36%, Loss: 0.7716
Epoch: 25, Batch: 190, Acc: 61.57%, Loss: 0.7388
Epoch: 25, Batch: 200, Acc: 61.58%, Loss: 0.8001
Epoch: 25, Batch: 210, Acc: 61.52%, Loss: 0.7944
Epoch: 25, Batch: 220, Acc: 61.41%, Loss: 0.7984
Epoch: 25, Batch: 230, Acc: 61.60%, Loss: 0.7354
Epoch: 25, Batch: 240, Acc: 61.57%, Loss: 0.7832
Epoch: 25, Batch: 250, Acc: 61.48%, Loss: 0.7969
Epoch: 25, Batch: 260, Acc: 61.58%, Loss: 0.7531
Epoch: 25, Batch: 270, Acc: 61.64%, Loss: 0.7579
Epoch: 25, Batch: 280, Acc: 61.64%, Loss: 0.7700
Epoch: 25, Batch: 290, Acc: 61.66%, Loss: 0.7626
Epoch: 25, Batch: 300, Acc: 61.70%, Loss: 0.7767
Epoch: 25, Batch: 310, Acc: 61.58%, Loss: 0.8096
Epoch: 25, Batch: 320, Acc: 61.55%, Loss: 0.7461
Epoch: 25, Batch: 330, Acc: 61.57%, Loss: 0.7492
Epoch: 25, Batch: 340, Acc: 61.60%, Loss: 0.7564
Epoch: 25, Batch: 350, Acc: 61.53%, Loss: 0.7937
Epoch: 25, Batch: 360, Acc: 61.50%, Loss: 0.7935
Epoch: 25, Batch: 370, Acc: 61.54%, Loss: 0.7813
Epoch: 25, Batch: 380, Acc: 61.63%, Loss: 0.7758
Epoch: 25, Batch: 390, Acc: 61.61%, Loss: 0.8000
Epoch: 25, Batch: 400, Acc: 61.70%, Loss: 0.7273
Epoch: 25, Batch: 410, Acc: 61.72%, Loss: 0.7675
Epoch: 25, Batch: 420, Acc: 61.71%, Loss: 0.7773
Epoch: 25, Batch: 430, Acc: 61.65%, Loss: 0.7930
Epoch: 25, Batch: 440, Acc: 61.74%, Loss: 0.7466
Epoch: 25, Batch: 450, Acc: 61.71%, Loss: 0.7765
Epoch: 25, Batch: 460, Acc: 61.69%, Loss: 0.7801
Epoch: 25, Batch: 470, Acc: 61.71%, Loss: 0.7487
Epoch: 25, Batch: 480, Acc: 61.68%, Loss: 0.7577
Epoch: 25, Batch: 490, Acc: 61.71%, Loss: 0.7516
Epoch: 25, Batch: 500, Acc: 61.71%, Loss: 0.7797
Epoch: 25, Batch: 510, Acc: 61.70%, Loss: 0.7586
Epoch: 25, Batch: 520, Acc: 61.70%, Loss: 0.7554
Epoch: 25, Batch: 530, Acc: 61.72%, Loss: 0.7912
Epoch: 25, Batch: 540, Acc: 61.71%, Loss: 0.7924
Epoch: 25, Batch: 550, Acc: 61.71%, Loss: 0.7908
Epoch: 25, Batch: 560, Acc: 61.69%, Loss: 0.7788
Epoch: 25, Batch: 570, Acc: 61.72%, Loss: 0.7490
Epoch: 25, Batch: 580, Acc: 61.71%, Loss: 0.7978
Epoch: 25, Batch: 590, Acc: 61.70%, Loss: 0.7675
Epoch: 25, Batch: 600, Acc: 61.69%, Loss: 0.7952
Epoch: 25, Batch: 610, Acc: 61.65%, Loss: 0.7764
Epoch: 25, Batch: 620, Acc: 61.67%, Loss: 0.7642
Epoch: 25, Batch: 630, Acc: 61.65%, Loss: 0.7582
Epoch: 25, Batch: 640, Acc: 61.63%, Loss: 0.7996
Epoch: 25, Batch: 650, Acc: 61.67%, Loss: 0.7465
Epoch: 25, Batch: 660, Acc: 61.65%, Loss: 0.7661
Epoch: 25, Batch: 670, Acc: 61.68%, Loss: 0.7686
Epoch: 25, Batch: 680, Acc: 61.70%, Loss: 0.7469
Epoch: 25, Batch: 690, Acc: 61.68%, Loss: 0.8019
Epoch: 25, Batch: 700, Acc: 61.63%, Loss: 0.7535
Epoch: 25, Batch: 710, Acc: 61.68%, Loss: 0.7449
Epoch: 25, Batch: 720, Acc: 61.69%, Loss: 0.7685
Epoch: 25, Batch: 730, Acc: 61.67%, Loss: 0.7652
Epoch: 25, Batch: 740, Acc: 61.67%, Loss: 0.7625
Epoch: 25, Batch: 750, Acc: 61.72%, Loss: 0.7417
Epoch: 25, Batch: 760, Acc: 61.75%, Loss: 0.7405
Epoch: 25, Batch: 770, Acc: 61.76%, Loss: 0.7728
Epoch: 25, Batch: 780, Acc: 61.77%, Loss: 0.7617
Epoch: 25, Batch: 790, Acc: 61.75%, Loss: 0.7895
Epoch: 25, Batch: 800, Acc: 61.73%, Loss: 0.7832
Epoch: 25, Batch: 810, Acc: 61.74%, Loss: 0.7247
Epoch: 25, Batch: 820, Acc: 61.74%, Loss: 0.7700
Epoch: 25, Batch: 830, Acc: 61.74%, Loss: 0.7641
Epoch: 25, Batch: 840, Acc: 61.73%, Loss: 0.8193
Epoch: 25, Batch: 850, Acc: 61.75%, Loss: 0.7655
Epoch: 25, Batch: 860, Acc: 61.74%, Loss: 0.8184
Epoch: 25, Batch: 870, Acc: 61.78%, Loss: 0.7312
Epoch: 25, Batch: 880, Acc: 61.81%, Loss: 0.6976
Epoch: 25, Batch: 890, Acc: 61.79%, Loss: 0.7821
Epoch: 25, Batch: 900, Acc: 61.78%, Loss: 0.7411
Epoch: 25, Batch: 910, Acc: 61.80%, Loss: 0.7600
Epoch: 25, Batch: 920, Acc: 61.81%, Loss: 0.7586
Epoch: 25, Batch: 930, Acc: 61.82%, Loss: 0.7588
Accuracy on test set: 70.12%, Val loss: 1.1577
Epoch 25: val_acc=70.12, best_val_acc=70.12, es_counter=0
Epoch: 26, Batch: 10, Acc: 65.16%, Loss: 0.7569
Epoch: 26, Batch: 20, Acc: 62.50%, Loss: 0.8238
Epoch: 26, Batch: 30, Acc: 62.03%, Loss: 0.8084
Epoch: 26, Batch: 40, Acc: 61.37%, Loss: 0.8083
Epoch: 26, Batch: 50, Acc: 61.19%, Loss: 0.7450
Epoch: 26, Batch: 60, Acc: 61.48%, Loss: 0.7482
Epoch: 26, Batch: 70, Acc: 61.00%, Loss: 0.8208
Epoch: 26, Batch: 80, Acc: 61.11%, Loss: 0.7672
Epoch: 26, Batch: 90, Acc: 61.39%, Loss: 0.7319
Epoch: 26, Batch: 100, Acc: 61.16%, Loss: 0.7760
Epoch: 26, Batch: 110, Acc: 61.16%, Loss: 0.7785
Epoch: 26, Batch: 120, Acc: 61.05%, Loss: 0.8096
Epoch: 26, Batch: 130, Acc: 61.06%, Loss: 0.7660
Epoch: 26, Batch: 140, Acc: 61.38%, Loss: 0.7321
Epoch: 26, Batch: 150, Acc: 61.28%, Loss: 0.7903
Epoch: 26, Batch: 160, Acc: 61.46%, Loss: 0.7460
Epoch: 26, Batch: 170, Acc: 61.31%, Loss: 0.7932
Epoch: 26, Batch: 180, Acc: 61.31%, Loss: 0.7403
Epoch: 26, Batch: 190, Acc: 61.27%, Loss: 0.7806
Epoch: 26, Batch: 200, Acc: 61.27%, Loss: 0.7828
Epoch: 26, Batch: 210, Acc: 61.34%, Loss: 0.7519
Epoch: 26, Batch: 220, Acc: 61.27%, Loss: 0.7649
Epoch: 26, Batch: 230, Acc: 61.29%, Loss: 0.7477
Epoch: 26, Batch: 240, Acc: 61.19%, Loss: 0.8350
Epoch: 26, Batch: 250, Acc: 61.19%, Loss: 0.8078
Epoch: 26, Batch: 260, Acc: 61.21%, Loss: 0.7696
Epoch: 26, Batch: 270, Acc: 61.23%, Loss: 0.7572
Epoch: 26, Batch: 280, Acc: 61.29%, Loss: 0.7619
Epoch: 26, Batch: 290, Acc: 61.41%, Loss: 0.7376
Epoch: 26, Batch: 300, Acc: 61.42%, Loss: 0.7690
Epoch: 26, Batch: 310, Acc: 61.36%, Loss: 0.7653
Epoch: 26, Batch: 320, Acc: 61.29%, Loss: 0.7866
Epoch: 26, Batch: 330, Acc: 61.43%, Loss: 0.7409
Epoch: 26, Batch: 340, Acc: 61.55%, Loss: 0.7259
Epoch: 26, Batch: 350, Acc: 61.56%, Loss: 0.7552
Epoch: 26, Batch: 360, Acc: 61.62%, Loss: 0.7535
Epoch: 26, Batch: 370, Acc: 61.67%, Loss: 0.7760
Epoch: 26, Batch: 380, Acc: 61.64%, Loss: 0.7821
Epoch: 26, Batch: 390, Acc: 61.69%, Loss: 0.7484
Epoch: 26, Batch: 400, Acc: 61.70%, Loss: 0.7326
Epoch: 26, Batch: 410, Acc: 61.77%, Loss: 0.7291
Epoch: 26, Batch: 420, Acc: 61.84%, Loss: 0.7108
Epoch: 26, Batch: 430, Acc: 61.86%, Loss: 0.7770
Epoch: 26, Batch: 440, Acc: 61.84%, Loss: 0.8021
Epoch: 26, Batch: 450, Acc: 61.89%, Loss: 0.7229
Epoch: 26, Batch: 460, Acc: 61.88%, Loss: 0.7988
Epoch: 26, Batch: 470, Acc: 61.92%, Loss: 0.8140
Epoch: 26, Batch: 480, Acc: 61.98%, Loss: 0.7226
Epoch: 26, Batch: 490, Acc: 61.98%, Loss: 0.7519
Epoch: 26, Batch: 500, Acc: 61.92%, Loss: 0.7915
Epoch: 26, Batch: 510, Acc: 62.03%, Loss: 0.6935
Epoch: 26, Batch: 520, Acc: 62.07%, Loss: 0.7296
Epoch: 26, Batch: 530, Acc: 62.06%, Loss: 0.7813
Epoch: 26, Batch: 540, Acc: 62.07%, Loss: 0.7822
Epoch: 26, Batch: 550, Acc: 62.10%, Loss: 0.7653
Epoch: 26, Batch: 560, Acc: 62.06%, Loss: 0.7717
Epoch: 26, Batch: 570, Acc: 62.09%, Loss: 0.7848
Epoch: 26, Batch: 580, Acc: 62.07%, Loss: 0.7927
Epoch: 26, Batch: 590, Acc: 62.09%, Loss: 0.7531
Epoch: 26, Batch: 600, Acc: 62.10%, Loss: 0.7851
Epoch: 26, Batch: 610, Acc: 62.11%, Loss: 0.7838
Epoch: 26, Batch: 620, Acc: 62.12%, Loss: 0.7805
Epoch: 26, Batch: 630, Acc: 62.12%, Loss: 0.7661
Epoch: 26, Batch: 640, Acc: 62.15%, Loss: 0.7482
Epoch: 26, Batch: 650, Acc: 62.15%, Loss: 0.7637
Epoch: 26, Batch: 660, Acc: 62.14%, Loss: 0.7803
Epoch: 26, Batch: 670, Acc: 62.16%, Loss: 0.7068
Epoch: 26, Batch: 680, Acc: 62.17%, Loss: 0.7375
Epoch: 26, Batch: 690, Acc: 62.17%, Loss: 0.7575
Epoch: 26, Batch: 700, Acc: 62.16%, Loss: 0.7496
Epoch: 26, Batch: 710, Acc: 62.13%, Loss: 0.7894
Epoch: 26, Batch: 720, Acc: 62.12%, Loss: 0.7892
Epoch: 26, Batch: 730, Acc: 62.14%, Loss: 0.7493
Epoch: 26, Batch: 740, Acc: 62.14%, Loss: 0.7964
Epoch: 26, Batch: 750, Acc: 62.16%, Loss: 0.7415
Epoch: 26, Batch: 760, Acc: 62.14%, Loss: 0.8243
Epoch: 26, Batch: 770, Acc: 62.12%, Loss: 0.8045
Epoch: 26, Batch: 780, Acc: 62.11%, Loss: 0.7643
Epoch: 26, Batch: 790, Acc: 62.12%, Loss: 0.7795
Epoch: 26, Batch: 800, Acc: 62.14%, Loss: 0.7227
Epoch: 26, Batch: 810, Acc: 62.13%, Loss: 0.7965
Epoch: 26, Batch: 820, Acc: 62.10%, Loss: 0.7887
Epoch: 26, Batch: 830, Acc: 62.14%, Loss: 0.7093
Epoch: 26, Batch: 840, Acc: 62.14%, Loss: 0.7655
Epoch: 26, Batch: 850, Acc: 62.15%, Loss: 0.7701
Epoch: 26, Batch: 860, Acc: 62.11%, Loss: 0.8080
Epoch: 26, Batch: 870, Acc: 62.13%, Loss: 0.7965
Epoch: 26, Batch: 880, Acc: 62.10%, Loss: 0.7690
Epoch: 26, Batch: 890, Acc: 62.06%, Loss: 0.8275
Epoch: 26, Batch: 900, Acc: 62.07%, Loss: 0.7465
Epoch: 26, Batch: 910, Acc: 62.13%, Loss: 0.6980
Epoch: 26, Batch: 920, Acc: 62.10%, Loss: 0.7924
Epoch: 26, Batch: 930, Acc: 62.12%, Loss: 0.7726
Accuracy on test set: 69.66%, Val loss: 1.1555
Epoch 26: val_acc=69.66, best_val_acc=70.12, es_counter=1
Epoch: 27, Batch: 10, Acc: 63.75%, Loss: 0.7377
Epoch: 27, Batch: 20, Acc: 62.11%, Loss: 0.7485
Epoch: 27, Batch: 30, Acc: 61.51%, Loss: 0.8059
Epoch: 27, Batch: 40, Acc: 62.42%, Loss: 0.7518
Epoch: 27, Batch: 50, Acc: 62.16%, Loss: 0.7592
Epoch: 27, Batch: 60, Acc: 61.74%, Loss: 0.8058
Epoch: 27, Batch: 70, Acc: 61.63%, Loss: 0.7626
Epoch: 27, Batch: 80, Acc: 61.68%, Loss: 0.7775
Epoch: 27, Batch: 90, Acc: 61.77%, Loss: 0.7893
Epoch: 27, Batch: 100, Acc: 61.73%, Loss: 0.7902
Epoch: 27, Batch: 110, Acc: 61.68%, Loss: 0.7938
Epoch: 27, Batch: 120, Acc: 62.01%, Loss: 0.7181
Epoch: 27, Batch: 130, Acc: 61.96%, Loss: 0.8089
Epoch: 27, Batch: 140, Acc: 62.06%, Loss: 0.7420
Epoch: 27, Batch: 150, Acc: 62.16%, Loss: 0.7574
Epoch: 27, Batch: 160, Acc: 62.18%, Loss: 0.7499
Epoch: 27, Batch: 170, Acc: 61.99%, Loss: 0.7775
Epoch: 27, Batch: 180, Acc: 61.97%, Loss: 0.7624
Epoch: 27, Batch: 190, Acc: 61.92%, Loss: 0.8048
Epoch: 27, Batch: 200, Acc: 62.02%, Loss: 0.7425
Epoch: 27, Batch: 210, Acc: 61.97%, Loss: 0.7799
Epoch: 27, Batch: 220, Acc: 62.10%, Loss: 0.7337
Epoch: 27, Batch: 230, Acc: 62.04%, Loss: 0.7948
Epoch: 27, Batch: 240, Acc: 62.01%, Loss: 0.7745
Epoch: 27, Batch: 250, Acc: 61.98%, Loss: 0.7532
Epoch: 27, Batch: 260, Acc: 61.91%, Loss: 0.8010
Epoch: 27, Batch: 270, Acc: 62.00%, Loss: 0.7277
Epoch: 27, Batch: 280, Acc: 62.01%, Loss: 0.7646
Epoch: 27, Batch: 290, Acc: 62.11%, Loss: 0.7246
Epoch: 27, Batch: 300, Acc: 62.05%, Loss: 0.7912
Epoch: 27, Batch: 310, Acc: 61.97%, Loss: 0.7680
Epoch: 27, Batch: 320, Acc: 61.88%, Loss: 0.7768
Epoch: 27, Batch: 330, Acc: 61.90%, Loss: 0.7590
Epoch: 27, Batch: 340, Acc: 61.89%, Loss: 0.7933
Epoch: 27, Batch: 350, Acc: 61.90%, Loss: 0.7603
Epoch: 27, Batch: 360, Acc: 61.93%, Loss: 0.7576
Epoch: 27, Batch: 370, Acc: 61.85%, Loss: 0.8009
Epoch: 27, Batch: 380, Acc: 61.79%, Loss: 0.7746
Epoch: 27, Batch: 390, Acc: 61.74%, Loss: 0.7987
Epoch: 27, Batch: 400, Acc: 61.76%, Loss: 0.7608
Epoch: 27, Batch: 410, Acc: 61.74%, Loss: 0.7897
Epoch: 27, Batch: 420, Acc: 61.70%, Loss: 0.7978
Epoch: 27, Batch: 430, Acc: 61.75%, Loss: 0.7425
Epoch: 27, Batch: 440, Acc: 61.81%, Loss: 0.7394
Epoch: 27, Batch: 450, Acc: 61.80%, Loss: 0.7848
Epoch: 27, Batch: 460, Acc: 61.79%, Loss: 0.7690
Epoch: 27, Batch: 470, Acc: 61.74%, Loss: 0.8106
Epoch: 27, Batch: 480, Acc: 61.76%, Loss: 0.7468
Epoch: 27, Batch: 490, Acc: 61.77%, Loss: 0.7456
Epoch: 27, Batch: 500, Acc: 61.77%, Loss: 0.7708
Epoch: 27, Batch: 510, Acc: 61.76%, Loss: 0.7719
Epoch: 27, Batch: 520, Acc: 61.83%, Loss: 0.7281
Epoch: 27, Batch: 530, Acc: 61.86%, Loss: 0.7819
Epoch: 27, Batch: 540, Acc: 61.92%, Loss: 0.7720
Epoch: 27, Batch: 550, Acc: 61.93%, Loss: 0.7674
Epoch: 27, Batch: 560, Acc: 61.92%, Loss: 0.7820
Epoch: 27, Batch: 570, Acc: 61.94%, Loss: 0.7548
Epoch: 27, Batch: 580, Acc: 61.97%, Loss: 0.7337
Epoch: 27, Batch: 590, Acc: 61.95%, Loss: 0.7693
Epoch: 27, Batch: 600, Acc: 61.98%, Loss: 0.7491
Epoch: 27, Batch: 610, Acc: 62.03%, Loss: 0.7517
Epoch: 27, Batch: 620, Acc: 62.07%, Loss: 0.7504
Epoch: 27, Batch: 630, Acc: 62.09%, Loss: 0.7555
Epoch: 27, Batch: 640, Acc: 62.06%, Loss: 0.7983
Epoch: 27, Batch: 650, Acc: 62.00%, Loss: 0.7818
Epoch: 27, Batch: 660, Acc: 61.99%, Loss: 0.8045
Epoch: 27, Batch: 670, Acc: 61.98%, Loss: 0.7746
Epoch: 27, Batch: 680, Acc: 62.00%, Loss: 0.7152
Epoch: 27, Batch: 690, Acc: 62.01%, Loss: 0.7539
Epoch: 27, Batch: 700, Acc: 62.07%, Loss: 0.7522
Epoch: 27, Batch: 710, Acc: 62.08%, Loss: 0.7391
Epoch: 27, Batch: 720, Acc: 62.10%, Loss: 0.7437
Epoch: 27, Batch: 730, Acc: 62.14%, Loss: 0.7425
Epoch: 27, Batch: 740, Acc: 62.15%, Loss: 0.7470
Epoch: 27, Batch: 750, Acc: 62.16%, Loss: 0.7368
Epoch: 27, Batch: 760, Acc: 62.16%, Loss: 0.7718
Epoch: 27, Batch: 770, Acc: 62.16%, Loss: 0.7644
Epoch: 27, Batch: 780, Acc: 62.17%, Loss: 0.7545
Epoch: 27, Batch: 790, Acc: 62.15%, Loss: 0.7429
Epoch: 27, Batch: 800, Acc: 62.14%, Loss: 0.7657
Epoch: 27, Batch: 810, Acc: 62.18%, Loss: 0.7561
Epoch: 27, Batch: 820, Acc: 62.17%, Loss: 0.7535
Epoch: 27, Batch: 830, Acc: 62.19%, Loss: 0.7299
Epoch: 27, Batch: 840, Acc: 62.19%, Loss: 0.7899
Epoch: 27, Batch: 850, Acc: 62.18%, Loss: 0.7804
Epoch: 27, Batch: 860, Acc: 62.17%, Loss: 0.7646
Epoch: 27, Batch: 870, Acc: 62.18%, Loss: 0.7769
Epoch: 27, Batch: 880, Acc: 62.20%, Loss: 0.7686
Epoch: 27, Batch: 890, Acc: 62.20%, Loss: 0.7821
Epoch: 27, Batch: 900, Acc: 62.18%, Loss: 0.7751
Epoch: 27, Batch: 910, Acc: 62.17%, Loss: 0.7690
Epoch: 27, Batch: 920, Acc: 62.15%, Loss: 0.7728
Epoch: 27, Batch: 930, Acc: 62.15%, Loss: 0.7322
Accuracy on test set: 70.43%, Val loss: 1.1564
Epoch 27: val_acc=70.43, best_val_acc=70.43, es_counter=0
Epoch: 28, Batch: 10, Acc: 61.09%, Loss: 0.7709
Epoch: 28, Batch: 20, Acc: 61.48%, Loss: 0.8017
Epoch: 28, Batch: 30, Acc: 61.77%, Loss: 0.7420
Epoch: 28, Batch: 40, Acc: 62.15%, Loss: 0.7578
Epoch: 28, Batch: 50, Acc: 62.59%, Loss: 0.7402
Epoch: 28, Batch: 60, Acc: 62.50%, Loss: 0.7528
Epoch: 28, Batch: 70, Acc: 62.14%, Loss: 0.7991
Epoch: 28, Batch: 80, Acc: 62.09%, Loss: 0.7698
Epoch: 28, Batch: 90, Acc: 62.01%, Loss: 0.7620
Epoch: 28, Batch: 100, Acc: 62.34%, Loss: 0.7201
Epoch: 28, Batch: 110, Acc: 61.92%, Loss: 0.7573
Epoch: 28, Batch: 120, Acc: 61.91%, Loss: 0.7689
Epoch: 28, Batch: 130, Acc: 61.96%, Loss: 0.7965
Epoch: 28, Batch: 140, Acc: 61.98%, Loss: 0.7702
Epoch: 28, Batch: 150, Acc: 61.92%, Loss: 0.7814
Epoch: 28, Batch: 160, Acc: 62.04%, Loss: 0.7276
Epoch: 28, Batch: 170, Acc: 61.99%, Loss: 0.7939
Epoch: 28, Batch: 180, Acc: 61.95%, Loss: 0.7574
Epoch: 28, Batch: 190, Acc: 61.92%, Loss: 0.7842
Epoch: 28, Batch: 200, Acc: 61.98%, Loss: 0.7611
Epoch: 28, Batch: 210, Acc: 61.99%, Loss: 0.7675
Epoch: 28, Batch: 220, Acc: 62.19%, Loss: 0.7592
Epoch: 28, Batch: 230, Acc: 62.09%, Loss: 0.7735
Epoch: 28, Batch: 240, Acc: 62.02%, Loss: 0.7664
Epoch: 28, Batch: 250, Acc: 62.07%, Loss: 0.7695
Epoch: 28, Batch: 260, Acc: 62.19%, Loss: 0.7395
Epoch: 28, Batch: 270, Acc: 62.13%, Loss: 0.7948
Epoch: 28, Batch: 280, Acc: 62.16%, Loss: 0.7369
Epoch: 28, Batch: 290, Acc: 62.23%, Loss: 0.7233
Epoch: 28, Batch: 300, Acc: 62.25%, Loss: 0.7639
Epoch: 28, Batch: 310, Acc: 62.22%, Loss: 0.7506
Epoch: 28, Batch: 320, Acc: 62.18%, Loss: 0.7896
Epoch: 28, Batch: 330, Acc: 62.12%, Loss: 0.8084
Epoch: 28, Batch: 340, Acc: 62.18%, Loss: 0.7582
Epoch: 28, Batch: 350, Acc: 62.16%, Loss: 0.7662
Epoch: 28, Batch: 360, Acc: 62.23%, Loss: 0.7387
Epoch: 28, Batch: 370, Acc: 62.21%, Loss: 0.7966
Epoch: 28, Batch: 380, Acc: 62.30%, Loss: 0.7350
Epoch: 28, Batch: 390, Acc: 62.22%, Loss: 0.8107
Epoch: 28, Batch: 400, Acc: 62.13%, Loss: 0.8170
Epoch: 28, Batch: 410, Acc: 62.19%, Loss: 0.7296
Epoch: 28, Batch: 420, Acc: 62.12%, Loss: 0.7858
Epoch: 28, Batch: 430, Acc: 62.11%, Loss: 0.7834
Epoch: 28, Batch: 440, Acc: 62.10%, Loss: 0.7820
Epoch: 28, Batch: 450, Acc: 62.09%, Loss: 0.7457
Epoch: 28, Batch: 460, Acc: 62.06%, Loss: 0.7672
Epoch: 28, Batch: 470, Acc: 62.05%, Loss: 0.7432
Epoch: 28, Batch: 480, Acc: 61.98%, Loss: 0.7711
Epoch: 28, Batch: 490, Acc: 62.00%, Loss: 0.7763
Epoch: 28, Batch: 500, Acc: 62.04%, Loss: 0.7326
Epoch: 28, Batch: 510, Acc: 61.98%, Loss: 0.7976
Epoch: 28, Batch: 520, Acc: 61.95%, Loss: 0.8009
Epoch: 28, Batch: 530, Acc: 61.91%, Loss: 0.7830
Epoch: 28, Batch: 540, Acc: 62.01%, Loss: 0.7203
Epoch: 28, Batch: 550, Acc: 62.05%, Loss: 0.7329
Epoch: 28, Batch: 560, Acc: 62.07%, Loss: 0.7352
Epoch: 28, Batch: 570, Acc: 62.10%, Loss: 0.7573
Epoch: 28, Batch: 580, Acc: 62.09%, Loss: 0.7528
Epoch: 28, Batch: 590, Acc: 62.10%, Loss: 0.7551
Epoch: 28, Batch: 600, Acc: 62.10%, Loss: 0.7829
Epoch: 28, Batch: 610, Acc: 62.16%, Loss: 0.7379
Epoch: 28, Batch: 620, Acc: 62.23%, Loss: 0.7239
Epoch: 28, Batch: 630, Acc: 62.18%, Loss: 0.8141
Epoch: 28, Batch: 640, Acc: 62.20%, Loss: 0.7243
Epoch: 28, Batch: 650, Acc: 62.16%, Loss: 0.7853
Epoch: 28, Batch: 660, Acc: 62.15%, Loss: 0.7786
Epoch: 28, Batch: 670, Acc: 62.17%, Loss: 0.7576
Epoch: 28, Batch: 680, Acc: 62.23%, Loss: 0.7350
Epoch: 28, Batch: 690, Acc: 62.19%, Loss: 0.7914
Epoch: 28, Batch: 700, Acc: 62.17%, Loss: 0.8024
Epoch: 28, Batch: 710, Acc: 62.19%, Loss: 0.7575
Epoch: 28, Batch: 720, Acc: 62.22%, Loss: 0.7132
Epoch: 28, Batch: 730, Acc: 62.23%, Loss: 0.7511
Epoch: 28, Batch: 740, Acc: 62.27%, Loss: 0.7282
Epoch: 28, Batch: 750, Acc: 62.26%, Loss: 0.7658
Epoch: 28, Batch: 760, Acc: 62.28%, Loss: 0.7387
Epoch: 28, Batch: 770, Acc: 62.25%, Loss: 0.7995
Epoch: 28, Batch: 780, Acc: 62.30%, Loss: 0.6804
Epoch: 28, Batch: 790, Acc: 62.28%, Loss: 0.7882
Epoch: 28, Batch: 800, Acc: 62.27%, Loss: 0.7820
Epoch: 28, Batch: 810, Acc: 62.26%, Loss: 0.7326
Epoch: 28, Batch: 820, Acc: 62.28%, Loss: 0.7695
Epoch: 28, Batch: 830, Acc: 62.27%, Loss: 0.7519
Epoch: 28, Batch: 840, Acc: 62.27%, Loss: 0.7501
Epoch: 28, Batch: 850, Acc: 62.28%, Loss: 0.7893
Epoch: 28, Batch: 860, Acc: 62.28%, Loss: 0.7503
Epoch: 28, Batch: 870, Acc: 62.29%, Loss: 0.7883
Epoch: 28, Batch: 880, Acc: 62.30%, Loss: 0.7431
Epoch: 28, Batch: 890, Acc: 62.29%, Loss: 0.7724
Epoch: 28, Batch: 900, Acc: 62.28%, Loss: 0.7686
Epoch: 28, Batch: 910, Acc: 62.27%, Loss: 0.7668
Epoch: 28, Batch: 920, Acc: 62.26%, Loss: 0.7817
Epoch: 28, Batch: 930, Acc: 62.25%, Loss: 0.7674
Accuracy on test set: 70.72%, Val loss: 1.1537
Epoch 28: val_acc=70.72, best_val_acc=70.72, es_counter=0
Epoch: 29, Batch: 10, Acc: 60.00%, Loss: 0.7962
Epoch: 29, Batch: 20, Acc: 60.39%, Loss: 0.7978
Epoch: 29, Batch: 30, Acc: 61.09%, Loss: 0.7823
Epoch: 29, Batch: 40, Acc: 61.33%, Loss: 0.7597
Epoch: 29, Batch: 50, Acc: 61.69%, Loss: 0.7334
Epoch: 29, Batch: 60, Acc: 61.61%, Loss: 0.7479
Epoch: 29, Batch: 70, Acc: 62.37%, Loss: 0.7252
Epoch: 29, Batch: 80, Acc: 62.58%, Loss: 0.7479
Epoch: 29, Batch: 90, Acc: 62.19%, Loss: 0.7850
Epoch: 29, Batch: 100, Acc: 62.36%, Loss: 0.7830
Epoch: 29, Batch: 110, Acc: 62.23%, Loss: 0.7680
Epoch: 29, Batch: 120, Acc: 62.11%, Loss: 0.7635
Epoch: 29, Batch: 130, Acc: 62.38%, Loss: 0.7443
Epoch: 29, Batch: 140, Acc: 62.34%, Loss: 0.7754
Epoch: 29, Batch: 150, Acc: 62.40%, Loss: 0.7194
Epoch: 29, Batch: 160, Acc: 62.41%, Loss: 0.7592
Epoch: 29, Batch: 170, Acc: 62.37%, Loss: 0.7550
Epoch: 29, Batch: 180, Acc: 62.20%, Loss: 0.7986
Epoch: 29, Batch: 190, Acc: 62.29%, Loss: 0.7558
Epoch: 29, Batch: 200, Acc: 62.26%, Loss: 0.7690
Epoch: 29, Batch: 210, Acc: 62.23%, Loss: 0.7837
Epoch: 29, Batch: 220, Acc: 62.29%, Loss: 0.7351
Epoch: 29, Batch: 230, Acc: 62.31%, Loss: 0.7603
Epoch: 29, Batch: 240, Acc: 62.40%, Loss: 0.7852
Epoch: 29, Batch: 250, Acc: 62.39%, Loss: 0.7808
Epoch: 29, Batch: 260, Acc: 62.45%, Loss: 0.7528
Epoch: 29, Batch: 270, Acc: 62.31%, Loss: 0.8013
Epoch: 29, Batch: 280, Acc: 62.37%, Loss: 0.7551
Epoch: 29, Batch: 290, Acc: 62.30%, Loss: 0.8167
Epoch: 29, Batch: 300, Acc: 62.36%, Loss: 0.7501
Epoch: 29, Batch: 310, Acc: 62.41%, Loss: 0.7321
Epoch: 29, Batch: 320, Acc: 62.49%, Loss: 0.7314
Epoch: 29, Batch: 330, Acc: 62.44%, Loss: 0.7992
Epoch: 29, Batch: 340, Acc: 62.46%, Loss: 0.7538
Epoch: 29, Batch: 350, Acc: 62.48%, Loss: 0.7616
Epoch: 29, Batch: 360, Acc: 62.43%, Loss: 0.7731
Epoch: 29, Batch: 370, Acc: 62.42%, Loss: 0.7763
Epoch: 29, Batch: 380, Acc: 62.41%, Loss: 0.7903
Epoch: 29, Batch: 390, Acc: 62.44%, Loss: 0.7785
Epoch: 29, Batch: 400, Acc: 62.46%, Loss: 0.7606
Epoch: 29, Batch: 410, Acc: 62.47%, Loss: 0.7647
Epoch: 29, Batch: 420, Acc: 62.47%, Loss: 0.7604
Epoch: 29, Batch: 430, Acc: 62.48%, Loss: 0.7501
Epoch: 29, Batch: 440, Acc: 62.48%, Loss: 0.7709
Epoch: 29, Batch: 450, Acc: 62.51%, Loss: 0.7568
Epoch: 29, Batch: 460, Acc: 62.53%, Loss: 0.7437
Epoch: 29, Batch: 470, Acc: 62.50%, Loss: 0.7736
Epoch: 29, Batch: 480, Acc: 62.50%, Loss: 0.7700
Epoch: 29, Batch: 490, Acc: 62.46%, Loss: 0.7751
Epoch: 29, Batch: 500, Acc: 62.40%, Loss: 0.7895
Epoch: 29, Batch: 510, Acc: 62.49%, Loss: 0.7167
Epoch: 29, Batch: 520, Acc: 62.48%, Loss: 0.7804
Epoch: 29, Batch: 530, Acc: 62.45%, Loss: 0.7906
Epoch: 29, Batch: 540, Acc: 62.51%, Loss: 0.7131
Epoch: 29, Batch: 550, Acc: 62.46%, Loss: 0.7796
Epoch: 29, Batch: 560, Acc: 62.51%, Loss: 0.7267
Epoch: 29, Batch: 570, Acc: 62.48%, Loss: 0.7990
Epoch: 29, Batch: 580, Acc: 62.47%, Loss: 0.7707
Epoch: 29, Batch: 590, Acc: 62.52%, Loss: 0.7021
Epoch: 29, Batch: 600, Acc: 62.51%, Loss: 0.7606
Epoch: 29, Batch: 610, Acc: 62.51%, Loss: 0.7543
Epoch: 29, Batch: 620, Acc: 62.54%, Loss: 0.7681
Epoch: 29, Batch: 630, Acc: 62.51%, Loss: 0.7964
Epoch: 29, Batch: 640, Acc: 62.46%, Loss: 0.8034
Epoch: 29, Batch: 650, Acc: 62.46%, Loss: 0.7859
Epoch: 29, Batch: 660, Acc: 62.52%, Loss: 0.6827
Epoch: 29, Batch: 670, Acc: 62.46%, Loss: 0.7983
Epoch: 29, Batch: 680, Acc: 62.48%, Loss: 0.7245
Epoch: 29, Batch: 690, Acc: 62.50%, Loss: 0.8013
Epoch: 29, Batch: 700, Acc: 62.49%, Loss: 0.7584
Epoch: 29, Batch: 710, Acc: 62.48%, Loss: 0.7867
Epoch: 29, Batch: 720, Acc: 62.47%, Loss: 0.7590
Epoch: 29, Batch: 730, Acc: 62.51%, Loss: 0.7294
Epoch: 29, Batch: 740, Acc: 62.52%, Loss: 0.7517
Epoch: 29, Batch: 750, Acc: 62.52%, Loss: 0.7559
Epoch: 29, Batch: 760, Acc: 62.53%, Loss: 0.7463
Epoch: 29, Batch: 770, Acc: 62.50%, Loss: 0.7973
Epoch: 29, Batch: 780, Acc: 62.53%, Loss: 0.7322
Epoch: 29, Batch: 790, Acc: 62.54%, Loss: 0.7172
Epoch: 29, Batch: 800, Acc: 62.54%, Loss: 0.7459
Epoch: 29, Batch: 810, Acc: 62.57%, Loss: 0.7351
Epoch: 29, Batch: 820, Acc: 62.56%, Loss: 0.7480
Epoch: 29, Batch: 830, Acc: 62.55%, Loss: 0.7766
Epoch: 29, Batch: 840, Acc: 62.52%, Loss: 0.7704
Epoch: 29, Batch: 850, Acc: 62.51%, Loss: 0.7818
Epoch: 29, Batch: 860, Acc: 62.50%, Loss: 0.7384
Epoch: 29, Batch: 870, Acc: 62.49%, Loss: 0.7834
Epoch: 29, Batch: 880, Acc: 62.50%, Loss: 0.7487
Epoch: 29, Batch: 890, Acc: 62.52%, Loss: 0.7111
Epoch: 29, Batch: 900, Acc: 62.51%, Loss: 0.7382
Epoch: 29, Batch: 910, Acc: 62.50%, Loss: 0.7788
Epoch: 29, Batch: 920, Acc: 62.53%, Loss: 0.7024
Epoch: 29, Batch: 930, Acc: 62.51%, Loss: 0.7993
Accuracy on test set: 71.03%, Val loss: 1.1452
Epoch 29: val_acc=71.03, best_val_acc=71.03, es_counter=0
Epoch: 30, Batch: 10, Acc: 61.88%, Loss: 0.7606
Epoch: 30, Batch: 20, Acc: 63.75%, Loss: 0.7123
Epoch: 30, Batch: 30, Acc: 63.18%, Loss: 0.7735
Epoch: 30, Batch: 40, Acc: 64.34%, Loss: 0.7279
Epoch: 30, Batch: 50, Acc: 63.22%, Loss: 0.7961
Epoch: 30, Batch: 60, Acc: 63.10%, Loss: 0.7516
Epoch: 30, Batch: 70, Acc: 63.24%, Loss: 0.7298
Epoch: 30, Batch: 80, Acc: 63.52%, Loss: 0.7296
Epoch: 30, Batch: 90, Acc: 63.42%, Loss: 0.7690
Epoch: 30, Batch: 100, Acc: 63.39%, Loss: 0.7766
Epoch: 30, Batch: 110, Acc: 63.30%, Loss: 0.8041
Epoch: 30, Batch: 120, Acc: 63.23%, Loss: 0.7589
Epoch: 30, Batch: 130, Acc: 63.05%, Loss: 0.7579
Epoch: 30, Batch: 140, Acc: 63.31%, Loss: 0.6979
Epoch: 30, Batch: 150, Acc: 63.16%, Loss: 0.8121
Epoch: 30, Batch: 160, Acc: 62.85%, Loss: 0.7934
Epoch: 30, Batch: 170, Acc: 62.73%, Loss: 0.7776
Epoch: 30, Batch: 180, Acc: 62.81%, Loss: 0.7380
Epoch: 30, Batch: 190, Acc: 62.61%, Loss: 0.8313
Epoch: 30, Batch: 200, Acc: 62.72%, Loss: 0.7193
Epoch: 30, Batch: 210, Acc: 62.60%, Loss: 0.7749
Epoch: 30, Batch: 220, Acc: 62.75%, Loss: 0.7314
Epoch: 30, Batch: 230, Acc: 62.70%, Loss: 0.7632
Epoch: 30, Batch: 240, Acc: 62.71%, Loss: 0.7616
Epoch: 30, Batch: 250, Acc: 62.71%, Loss: 0.7873
Epoch: 30, Batch: 260, Acc: 62.60%, Loss: 0.8037
Epoch: 30, Batch: 270, Acc: 62.54%, Loss: 0.7681
Epoch: 30, Batch: 280, Acc: 62.63%, Loss: 0.7396
Epoch: 30, Batch: 290, Acc: 62.66%, Loss: 0.7921
Epoch: 30, Batch: 300, Acc: 62.70%, Loss: 0.7732
Epoch: 30, Batch: 310, Acc: 62.65%, Loss: 0.7794
Epoch: 30, Batch: 320, Acc: 62.56%, Loss: 0.7906
Epoch: 30, Batch: 330, Acc: 62.51%, Loss: 0.7795
Epoch: 30, Batch: 340, Acc: 62.52%, Loss: 0.7318
Epoch: 30, Batch: 350, Acc: 62.52%, Loss: 0.7436
Epoch: 30, Batch: 360, Acc: 62.51%, Loss: 0.7606
Epoch: 30, Batch: 370, Acc: 62.52%, Loss: 0.7374
Epoch: 30, Batch: 380, Acc: 62.50%, Loss: 0.7753
Epoch: 30, Batch: 390, Acc: 62.51%, Loss: 0.7944
Epoch: 30, Batch: 400, Acc: 62.44%, Loss: 0.7832
Epoch: 30, Batch: 410, Acc: 62.42%, Loss: 0.7656
Epoch: 30, Batch: 420, Acc: 62.38%, Loss: 0.7741
Epoch: 30, Batch: 430, Acc: 62.42%, Loss: 0.7407
Epoch: 30, Batch: 440, Acc: 62.48%, Loss: 0.7176
Epoch: 30, Batch: 450, Acc: 62.49%, Loss: 0.7387
Epoch: 30, Batch: 460, Acc: 62.45%, Loss: 0.7766
Epoch: 30, Batch: 470, Acc: 62.44%, Loss: 0.7643
Epoch: 30, Batch: 480, Acc: 62.46%, Loss: 0.7146
Epoch: 30, Batch: 490, Acc: 62.51%, Loss: 0.7377
Epoch: 30, Batch: 500, Acc: 62.49%, Loss: 0.7647
Epoch: 30, Batch: 510, Acc: 62.55%, Loss: 0.7468
Epoch: 30, Batch: 520, Acc: 62.60%, Loss: 0.7144
Epoch: 30, Batch: 530, Acc: 62.55%, Loss: 0.7699
Epoch: 30, Batch: 540, Acc: 62.56%, Loss: 0.7509
Epoch: 30, Batch: 550, Acc: 62.56%, Loss: 0.7918
Epoch: 30, Batch: 560, Acc: 62.55%, Loss: 0.7550
Epoch: 30, Batch: 570, Acc: 62.54%, Loss: 0.7509
Epoch: 30, Batch: 580, Acc: 62.52%, Loss: 0.7651
Epoch: 30, Batch: 590, Acc: 62.46%, Loss: 0.7967
Epoch: 30, Batch: 600, Acc: 62.45%, Loss: 0.7532
Epoch: 30, Batch: 610, Acc: 62.48%, Loss: 0.7363
Epoch: 30, Batch: 620, Acc: 62.51%, Loss: 0.7813
Epoch: 30, Batch: 630, Acc: 62.48%, Loss: 0.7937
Epoch: 30, Batch: 640, Acc: 62.44%, Loss: 0.7654
Epoch: 30, Batch: 650, Acc: 62.43%, Loss: 0.7850
Epoch: 30, Batch: 660, Acc: 62.42%, Loss: 0.7683
Epoch: 30, Batch: 670, Acc: 62.47%, Loss: 0.7167
Epoch: 30, Batch: 680, Acc: 62.46%, Loss: 0.7566
Epoch: 30, Batch: 690, Acc: 62.45%, Loss: 0.7984
Epoch: 30, Batch: 700, Acc: 62.43%, Loss: 0.7616
Epoch: 30, Batch: 710, Acc: 62.46%, Loss: 0.7436
Epoch: 30, Batch: 720, Acc: 62.45%, Loss: 0.7659
Epoch: 30, Batch: 730, Acc: 62.50%, Loss: 0.7234
Epoch: 30, Batch: 740, Acc: 62.51%, Loss: 0.7158
Epoch: 30, Batch: 750, Acc: 62.52%, Loss: 0.7149
Epoch: 30, Batch: 760, Acc: 62.52%, Loss: 0.7431
Epoch: 30, Batch: 770, Acc: 62.50%, Loss: 0.7698
Epoch: 30, Batch: 780, Acc: 62.47%, Loss: 0.7822
Epoch: 30, Batch: 790, Acc: 62.47%, Loss: 0.7563
Epoch: 30, Batch: 800, Acc: 62.48%, Loss: 0.7625
Epoch: 30, Batch: 810, Acc: 62.49%, Loss: 0.7520
Epoch: 30, Batch: 820, Acc: 62.49%, Loss: 0.7717
Epoch: 30, Batch: 830, Acc: 62.49%, Loss: 0.7743
Epoch: 30, Batch: 840, Acc: 62.53%, Loss: 0.7200
Epoch: 30, Batch: 850, Acc: 62.53%, Loss: 0.7551
Epoch: 30, Batch: 860, Acc: 62.50%, Loss: 0.7772
Epoch: 30, Batch: 870, Acc: 62.52%, Loss: 0.7635
Epoch: 30, Batch: 880, Acc: 62.59%, Loss: 0.7038
Epoch: 30, Batch: 890, Acc: 62.59%, Loss: 0.7461
Epoch: 30, Batch: 900, Acc: 62.57%, Loss: 0.7751
Epoch: 30, Batch: 910, Acc: 62.54%, Loss: 0.7784
Epoch: 30, Batch: 920, Acc: 62.53%, Loss: 0.7772
Epoch: 30, Batch: 930, Acc: 62.55%, Loss: 0.7394
Accuracy on test set: 70.49%, Val loss: 1.1384
Epoch 30: val_acc=70.49, best_val_acc=71.03, es_counter=1
Training Time: 7814.46 seconds
Best Accuracy for Run 1: 71.03%
\nEvaluating final model on clean test data...
Accuracy    : 0.7103
Loss        : 1.1452
Precision   : 0.7051
Recall      : 0.7058
F1          : 0.7054
Fpr         : 0.0322
Fnr         : 0.2942
Roc_auc     : 0.9495
Pr_auc      : nan
Metrics saved to qmlp-mnist-angle-label-flip-run_run1-layer10_label_flip.csv
\n========== Training Run 2 ==========
Epoch: 1, Batch: 10, Acc: 8.59%, Loss: 1.4097
Epoch: 1, Batch: 20, Acc: 8.67%, Loss: 1.3905
Epoch: 1, Batch: 30, Acc: 8.33%, Loss: 1.3721
Epoch: 1, Batch: 40, Acc: 8.63%, Loss: 1.3718
Epoch: 1, Batch: 50, Acc: 9.03%, Loss: 1.3617
Epoch: 1, Batch: 60, Acc: 9.30%, Loss: 1.3541
Epoch: 1, Batch: 70, Acc: 9.87%, Loss: 1.3396
Epoch: 1, Batch: 80, Acc: 10.23%, Loss: 1.3463
Epoch: 1, Batch: 90, Acc: 11.08%, Loss: 1.3259
Epoch: 1, Batch: 100, Acc: 11.91%, Loss: 1.3155
Epoch: 1, Batch: 110, Acc: 13.04%, Loss: 1.3130
Epoch: 1, Batch: 120, Acc: 14.18%, Loss: 1.3107
Epoch: 1, Batch: 130, Acc: 15.23%, Loss: 1.3055
Epoch: 1, Batch: 140, Acc: 15.98%, Loss: 1.3085
Epoch: 1, Batch: 150, Acc: 16.71%, Loss: 1.2977
Epoch: 1, Batch: 160, Acc: 17.45%, Loss: 1.2835
Epoch: 1, Batch: 170, Acc: 18.03%, Loss: 1.2896
Epoch: 1, Batch: 180, Acc: 18.77%, Loss: 1.2851
Epoch: 1, Batch: 190, Acc: 19.55%, Loss: 1.2688
Epoch: 1, Batch: 200, Acc: 20.13%, Loss: 1.2682
Epoch: 1, Batch: 210, Acc: 20.57%, Loss: 1.2661
Epoch: 1, Batch: 220, Acc: 21.05%, Loss: 1.2542
Epoch: 1, Batch: 230, Acc: 21.42%, Loss: 1.2562
Epoch: 1, Batch: 240, Acc: 21.90%, Loss: 1.2365
Epoch: 1, Batch: 250, Acc: 22.20%, Loss: 1.2463
Epoch: 1, Batch: 260, Acc: 22.56%, Loss: 1.2477
Epoch: 1, Batch: 270, Acc: 22.96%, Loss: 1.2336
Epoch: 1, Batch: 280, Acc: 23.28%, Loss: 1.2239
Epoch: 1, Batch: 290, Acc: 23.53%, Loss: 1.2147
Epoch: 1, Batch: 300, Acc: 23.80%, Loss: 1.2086
Epoch: 1, Batch: 310, Acc: 23.97%, Loss: 1.2112
Epoch: 1, Batch: 320, Acc: 24.17%, Loss: 1.2032
Epoch: 1, Batch: 330, Acc: 24.43%, Loss: 1.1946
Epoch: 1, Batch: 340, Acc: 24.60%, Loss: 1.1981
Epoch: 1, Batch: 350, Acc: 24.83%, Loss: 1.1881
Epoch: 1, Batch: 360, Acc: 25.11%, Loss: 1.1895
Epoch: 1, Batch: 370, Acc: 25.25%, Loss: 1.1863
Epoch: 1, Batch: 380, Acc: 25.43%, Loss: 1.1805
Epoch: 1, Batch: 390, Acc: 25.56%, Loss: 1.1934
Epoch: 1, Batch: 400, Acc: 25.81%, Loss: 1.1604
Epoch: 1, Batch: 410, Acc: 26.04%, Loss: 1.1580
Epoch: 1, Batch: 420, Acc: 26.28%, Loss: 1.1495
Epoch: 1, Batch: 430, Acc: 26.52%, Loss: 1.1400
Epoch: 1, Batch: 440, Acc: 26.70%, Loss: 1.1582
Epoch: 1, Batch: 450, Acc: 26.92%, Loss: 1.1491
Epoch: 1, Batch: 460, Acc: 27.13%, Loss: 1.1396
Epoch: 1, Batch: 470, Acc: 27.32%, Loss: 1.1297
Epoch: 1, Batch: 480, Acc: 27.58%, Loss: 1.1147
Epoch: 1, Batch: 490, Acc: 27.76%, Loss: 1.1277
Epoch: 1, Batch: 500, Acc: 27.98%, Loss: 1.1304
Epoch: 1, Batch: 510, Acc: 28.17%, Loss: 1.1245
Epoch: 1, Batch: 520, Acc: 28.31%, Loss: 1.1431
Epoch: 1, Batch: 530, Acc: 28.43%, Loss: 1.1191
Epoch: 1, Batch: 540, Acc: 28.61%, Loss: 1.1113
Epoch: 1, Batch: 550, Acc: 28.81%, Loss: 1.1023
Epoch: 1, Batch: 560, Acc: 28.91%, Loss: 1.1273
Epoch: 1, Batch: 570, Acc: 29.10%, Loss: 1.1123
Epoch: 1, Batch: 580, Acc: 29.27%, Loss: 1.1090
Epoch: 1, Batch: 590, Acc: 29.40%, Loss: 1.1143
Epoch: 1, Batch: 600, Acc: 29.55%, Loss: 1.1043
Epoch: 1, Batch: 610, Acc: 29.63%, Loss: 1.1054
Epoch: 1, Batch: 620, Acc: 29.76%, Loss: 1.0906
Epoch: 1, Batch: 630, Acc: 29.92%, Loss: 1.0768
Epoch: 1, Batch: 640, Acc: 30.04%, Loss: 1.0958
Epoch: 1, Batch: 650, Acc: 30.14%, Loss: 1.1230
Epoch: 1, Batch: 660, Acc: 30.26%, Loss: 1.1040
Epoch: 1, Batch: 670, Acc: 30.40%, Loss: 1.0821
Epoch: 1, Batch: 680, Acc: 30.54%, Loss: 1.0709
Epoch: 1, Batch: 690, Acc: 30.67%, Loss: 1.0526
Epoch: 1, Batch: 700, Acc: 30.86%, Loss: 1.0484
Epoch: 1, Batch: 710, Acc: 30.98%, Loss: 1.0744
Epoch: 1, Batch: 720, Acc: 31.05%, Loss: 1.0821
Epoch: 1, Batch: 730, Acc: 31.22%, Loss: 1.0341
Epoch: 1, Batch: 740, Acc: 31.33%, Loss: 1.0561
Epoch: 1, Batch: 750, Acc: 31.47%, Loss: 1.0619
Epoch: 1, Batch: 760, Acc: 31.57%, Loss: 1.0588
Epoch: 1, Batch: 770, Acc: 31.64%, Loss: 1.0735
Epoch: 1, Batch: 780, Acc: 31.75%, Loss: 1.0428
Epoch: 1, Batch: 790, Acc: 31.84%, Loss: 1.0673
Epoch: 1, Batch: 800, Acc: 31.94%, Loss: 1.0421
Epoch: 1, Batch: 810, Acc: 32.02%, Loss: 1.0488
Epoch: 1, Batch: 820, Acc: 32.13%, Loss: 1.0572
Epoch: 1, Batch: 830, Acc: 32.22%, Loss: 1.0383
Epoch: 1, Batch: 840, Acc: 32.35%, Loss: 1.0269
Epoch: 1, Batch: 850, Acc: 32.47%, Loss: 1.0306
Epoch: 1, Batch: 860, Acc: 32.57%, Loss: 1.0489
Epoch: 1, Batch: 870, Acc: 32.64%, Loss: 1.0238
Epoch: 1, Batch: 880, Acc: 32.73%, Loss: 1.0445
Epoch: 1, Batch: 890, Acc: 32.82%, Loss: 1.0255
Epoch: 1, Batch: 900, Acc: 32.91%, Loss: 1.0574
Epoch: 1, Batch: 910, Acc: 32.99%, Loss: 1.0549
Epoch: 1, Batch: 920, Acc: 33.05%, Loss: 1.0382
Epoch: 1, Batch: 930, Acc: 33.14%, Loss: 1.0393
Accuracy on test set: 45.80%, Val loss: 1.7142
Epoch 1: val_acc=45.80, best_val_acc=45.80, es_counter=0
Epoch: 2, Batch: 10, Acc: 43.91%, Loss: 0.9986
Epoch: 2, Batch: 20, Acc: 43.36%, Loss: 1.0293
Epoch: 2, Batch: 30, Acc: 42.34%, Loss: 1.0158
Epoch: 2, Batch: 40, Acc: 42.15%, Loss: 1.0335
Epoch: 2, Batch: 50, Acc: 41.81%, Loss: 1.0267
Epoch: 2, Batch: 60, Acc: 41.64%, Loss: 1.0090
Epoch: 2, Batch: 70, Acc: 41.61%, Loss: 1.0421
Epoch: 2, Batch: 80, Acc: 41.66%, Loss: 1.0235
Epoch: 2, Batch: 90, Acc: 42.12%, Loss: 0.9900
Epoch: 2, Batch: 100, Acc: 42.06%, Loss: 1.0205
Epoch: 2, Batch: 110, Acc: 42.09%, Loss: 1.0239
Epoch: 2, Batch: 120, Acc: 42.33%, Loss: 0.9901
Epoch: 2, Batch: 130, Acc: 42.50%, Loss: 1.0098
Epoch: 2, Batch: 140, Acc: 42.44%, Loss: 1.0215
Epoch: 2, Batch: 150, Acc: 42.15%, Loss: 1.0546
Epoch: 2, Batch: 160, Acc: 42.32%, Loss: 1.0155
Epoch: 2, Batch: 170, Acc: 42.05%, Loss: 1.0257
Epoch: 2, Batch: 180, Acc: 42.22%, Loss: 0.9882
Epoch: 2, Batch: 190, Acc: 42.28%, Loss: 1.0112
Epoch: 2, Batch: 200, Acc: 42.41%, Loss: 1.0034
Epoch: 2, Batch: 210, Acc: 42.42%, Loss: 1.0051
Epoch: 2, Batch: 220, Acc: 42.30%, Loss: 1.0212
Epoch: 2, Batch: 230, Acc: 42.32%, Loss: 1.0078
Epoch: 2, Batch: 240, Acc: 42.39%, Loss: 1.0026
Epoch: 2, Batch: 250, Acc: 42.51%, Loss: 0.9976
Epoch: 2, Batch: 260, Acc: 42.54%, Loss: 0.9975
Epoch: 2, Batch: 270, Acc: 42.53%, Loss: 1.0012
Epoch: 2, Batch: 280, Acc: 42.47%, Loss: 1.0384
Epoch: 2, Batch: 290, Acc: 42.49%, Loss: 1.0118
Epoch: 2, Batch: 300, Acc: 42.49%, Loss: 0.9710
Epoch: 2, Batch: 310, Acc: 42.55%, Loss: 0.9953
Epoch: 2, Batch: 320, Acc: 42.71%, Loss: 0.9713
Epoch: 2, Batch: 330, Acc: 42.71%, Loss: 1.0121
Epoch: 2, Batch: 340, Acc: 42.74%, Loss: 0.9814
Epoch: 2, Batch: 350, Acc: 42.78%, Loss: 0.9808
Epoch: 2, Batch: 360, Acc: 42.83%, Loss: 0.9993
Epoch: 2, Batch: 370, Acc: 42.88%, Loss: 0.9883
Epoch: 2, Batch: 380, Acc: 42.96%, Loss: 0.9857
Epoch: 2, Batch: 390, Acc: 43.02%, Loss: 0.9786
Epoch: 2, Batch: 400, Acc: 43.01%, Loss: 0.9944
Epoch: 2, Batch: 410, Acc: 43.11%, Loss: 0.9719
Epoch: 2, Batch: 420, Acc: 43.20%, Loss: 0.9808
Epoch: 2, Batch: 430, Acc: 43.28%, Loss: 0.9742
Epoch: 2, Batch: 440, Acc: 43.40%, Loss: 0.9565
Epoch: 2, Batch: 450, Acc: 43.34%, Loss: 0.9972
Epoch: 2, Batch: 460, Acc: 43.42%, Loss: 0.9855
Epoch: 2, Batch: 470, Acc: 43.44%, Loss: 0.9891
Epoch: 2, Batch: 480, Acc: 43.46%, Loss: 0.9808
Epoch: 2, Batch: 490, Acc: 43.47%, Loss: 0.9809
Epoch: 2, Batch: 500, Acc: 43.54%, Loss: 0.9909
Epoch: 2, Batch: 510, Acc: 43.58%, Loss: 0.9967
Epoch: 2, Batch: 520, Acc: 43.71%, Loss: 0.9475
Epoch: 2, Batch: 530, Acc: 43.74%, Loss: 0.9869
Epoch: 2, Batch: 540, Acc: 43.71%, Loss: 0.9841
Epoch: 2, Batch: 550, Acc: 43.74%, Loss: 0.9531
Epoch: 2, Batch: 560, Acc: 43.73%, Loss: 0.9860
Epoch: 2, Batch: 570, Acc: 43.80%, Loss: 0.9665
Epoch: 2, Batch: 580, Acc: 43.84%, Loss: 0.9852
Epoch: 2, Batch: 590, Acc: 43.91%, Loss: 0.9703
Epoch: 2, Batch: 600, Acc: 43.93%, Loss: 0.9392
Epoch: 2, Batch: 610, Acc: 43.97%, Loss: 0.9754
Epoch: 2, Batch: 620, Acc: 44.01%, Loss: 0.9202
Epoch: 2, Batch: 630, Acc: 44.05%, Loss: 0.9461
Epoch: 2, Batch: 640, Acc: 44.11%, Loss: 0.9231
Epoch: 2, Batch: 650, Acc: 44.10%, Loss: 0.9930
Epoch: 2, Batch: 660, Acc: 44.09%, Loss: 0.9883
Epoch: 2, Batch: 670, Acc: 44.20%, Loss: 0.9244
Epoch: 2, Batch: 680, Acc: 44.22%, Loss: 0.9818
Epoch: 2, Batch: 690, Acc: 44.22%, Loss: 0.9828
Epoch: 2, Batch: 700, Acc: 44.22%, Loss: 0.9641
Epoch: 2, Batch: 710, Acc: 44.19%, Loss: 1.0159
Epoch: 2, Batch: 720, Acc: 44.24%, Loss: 0.9383
Epoch: 2, Batch: 730, Acc: 44.32%, Loss: 0.9385
Epoch: 2, Batch: 740, Acc: 44.32%, Loss: 0.9746
Epoch: 2, Batch: 750, Acc: 44.36%, Loss: 0.9804
Epoch: 2, Batch: 760, Acc: 44.47%, Loss: 0.9089
Epoch: 2, Batch: 770, Acc: 44.52%, Loss: 0.9442
Epoch: 2, Batch: 780, Acc: 44.54%, Loss: 0.9886
Epoch: 2, Batch: 790, Acc: 44.55%, Loss: 1.0114
Epoch: 2, Batch: 800, Acc: 44.62%, Loss: 0.9502
Epoch: 2, Batch: 810, Acc: 44.65%, Loss: 0.9524
Epoch: 2, Batch: 820, Acc: 44.67%, Loss: 0.9915
Epoch: 2, Batch: 830, Acc: 44.71%, Loss: 0.9368
Epoch: 2, Batch: 840, Acc: 44.79%, Loss: 0.9349
Epoch: 2, Batch: 850, Acc: 44.80%, Loss: 0.9686
Epoch: 2, Batch: 860, Acc: 44.82%, Loss: 0.9793
Epoch: 2, Batch: 870, Acc: 44.85%, Loss: 0.9621
Epoch: 2, Batch: 880, Acc: 44.92%, Loss: 0.9089
Epoch: 2, Batch: 890, Acc: 44.93%, Loss: 0.9502
Epoch: 2, Batch: 900, Acc: 44.95%, Loss: 0.9607
Epoch: 2, Batch: 910, Acc: 45.00%, Loss: 0.9362
Epoch: 2, Batch: 920, Acc: 45.03%, Loss: 0.9301
Epoch: 2, Batch: 930, Acc: 45.05%, Loss: 0.9506
Accuracy on test set: 55.11%, Val loss: 1.5263
Epoch 2: val_acc=55.11, best_val_acc=55.11, es_counter=0
Epoch: 3, Batch: 10, Acc: 46.41%, Loss: 0.9301
Epoch: 3, Batch: 20, Acc: 46.88%, Loss: 0.9501
Epoch: 3, Batch: 30, Acc: 47.03%, Loss: 0.9775
Epoch: 3, Batch: 40, Acc: 47.62%, Loss: 0.9104
Epoch: 3, Batch: 50, Acc: 47.28%, Loss: 0.9479
Epoch: 3, Batch: 60, Acc: 48.05%, Loss: 0.9075
Epoch: 3, Batch: 70, Acc: 47.92%, Loss: 0.9658
Epoch: 3, Batch: 80, Acc: 48.32%, Loss: 0.9012
Epoch: 3, Batch: 90, Acc: 48.28%, Loss: 0.9341
Epoch: 3, Batch: 100, Acc: 48.38%, Loss: 0.9345
Epoch: 3, Batch: 110, Acc: 48.35%, Loss: 0.9435
Epoch: 3, Batch: 120, Acc: 48.24%, Loss: 0.9199
Epoch: 3, Batch: 130, Acc: 47.93%, Loss: 0.9803
Epoch: 3, Batch: 140, Acc: 48.05%, Loss: 0.9201
Epoch: 3, Batch: 150, Acc: 48.00%, Loss: 0.9525
Epoch: 3, Batch: 160, Acc: 48.27%, Loss: 0.9124
Epoch: 3, Batch: 170, Acc: 48.20%, Loss: 0.9477
Epoch: 3, Batch: 180, Acc: 48.19%, Loss: 0.9361
Epoch: 3, Batch: 190, Acc: 48.23%, Loss: 0.9313
Epoch: 3, Batch: 200, Acc: 48.46%, Loss: 0.9082
Epoch: 3, Batch: 210, Acc: 48.27%, Loss: 0.9776
Epoch: 3, Batch: 220, Acc: 48.30%, Loss: 0.9517
Epoch: 3, Batch: 230, Acc: 48.34%, Loss: 0.9461
Epoch: 3, Batch: 240, Acc: 48.46%, Loss: 0.9084
Epoch: 3, Batch: 250, Acc: 48.62%, Loss: 0.9134
Epoch: 3, Batch: 260, Acc: 48.72%, Loss: 0.8986
Epoch: 3, Batch: 270, Acc: 48.47%, Loss: 0.9984
Epoch: 3, Batch: 280, Acc: 48.54%, Loss: 0.9249
Epoch: 3, Batch: 290, Acc: 48.67%, Loss: 0.8958
Epoch: 3, Batch: 300, Acc: 48.78%, Loss: 0.8975
Epoch: 3, Batch: 310, Acc: 48.86%, Loss: 0.9233
Epoch: 3, Batch: 320, Acc: 48.90%, Loss: 0.9019
Epoch: 3, Batch: 330, Acc: 49.01%, Loss: 0.9049
Epoch: 3, Batch: 340, Acc: 48.97%, Loss: 0.9571
Epoch: 3, Batch: 350, Acc: 49.04%, Loss: 0.9169
Epoch: 3, Batch: 360, Acc: 49.05%, Loss: 0.9320
Epoch: 3, Batch: 370, Acc: 49.08%, Loss: 0.9071
Epoch: 3, Batch: 380, Acc: 49.09%, Loss: 0.9235
Epoch: 3, Batch: 390, Acc: 49.13%, Loss: 0.9244
Epoch: 3, Batch: 400, Acc: 49.17%, Loss: 0.9049
Epoch: 3, Batch: 410, Acc: 49.17%, Loss: 0.9333
Epoch: 3, Batch: 420, Acc: 49.13%, Loss: 0.9481
Epoch: 3, Batch: 430, Acc: 49.16%, Loss: 0.9083
Epoch: 3, Batch: 440, Acc: 49.18%, Loss: 0.9259
Epoch: 3, Batch: 450, Acc: 49.22%, Loss: 0.9143
Epoch: 3, Batch: 460, Acc: 49.23%, Loss: 0.9190
Epoch: 3, Batch: 470, Acc: 49.27%, Loss: 0.8936
Epoch: 3, Batch: 480, Acc: 49.21%, Loss: 0.9635
Epoch: 3, Batch: 490, Acc: 49.22%, Loss: 0.9306
Epoch: 3, Batch: 500, Acc: 49.19%, Loss: 0.9240
Epoch: 3, Batch: 510, Acc: 49.17%, Loss: 0.9486
Epoch: 3, Batch: 520, Acc: 49.24%, Loss: 0.9281
Epoch: 3, Batch: 530, Acc: 49.27%, Loss: 0.8868
Epoch: 3, Batch: 540, Acc: 49.28%, Loss: 0.9140
Epoch: 3, Batch: 550, Acc: 49.34%, Loss: 0.8961
Epoch: 3, Batch: 560, Acc: 49.32%, Loss: 0.9280
Epoch: 3, Batch: 570, Acc: 49.36%, Loss: 0.8872
Epoch: 3, Batch: 580, Acc: 49.37%, Loss: 0.9106
Epoch: 3, Batch: 590, Acc: 49.40%, Loss: 0.9009
Epoch: 3, Batch: 600, Acc: 49.40%, Loss: 0.9333
Epoch: 3, Batch: 610, Acc: 49.42%, Loss: 0.8898
Epoch: 3, Batch: 620, Acc: 49.42%, Loss: 0.9360
Epoch: 3, Batch: 630, Acc: 49.40%, Loss: 0.9356
Epoch: 3, Batch: 640, Acc: 49.38%, Loss: 0.9216
Epoch: 3, Batch: 650, Acc: 49.42%, Loss: 0.9005
Epoch: 3, Batch: 660, Acc: 49.51%, Loss: 0.8741
Epoch: 3, Batch: 670, Acc: 49.55%, Loss: 0.8794
Epoch: 3, Batch: 680, Acc: 49.59%, Loss: 0.9229
Epoch: 3, Batch: 690, Acc: 49.65%, Loss: 0.8962
Epoch: 3, Batch: 700, Acc: 49.65%, Loss: 0.9167
Epoch: 3, Batch: 710, Acc: 49.67%, Loss: 0.8865
Epoch: 3, Batch: 720, Acc: 49.63%, Loss: 0.9659
Epoch: 3, Batch: 730, Acc: 49.68%, Loss: 0.8798
Epoch: 3, Batch: 740, Acc: 49.68%, Loss: 0.9386
Epoch: 3, Batch: 750, Acc: 49.71%, Loss: 0.8992
Epoch: 3, Batch: 760, Acc: 49.71%, Loss: 0.9137
Epoch: 3, Batch: 770, Acc: 49.74%, Loss: 0.8953
Epoch: 3, Batch: 780, Acc: 49.74%, Loss: 0.8943
Epoch: 3, Batch: 790, Acc: 49.76%, Loss: 0.9033
Epoch: 3, Batch: 800, Acc: 49.74%, Loss: 0.9342
Epoch: 3, Batch: 810, Acc: 49.82%, Loss: 0.8694
Epoch: 3, Batch: 820, Acc: 49.84%, Loss: 0.8821
Epoch: 3, Batch: 830, Acc: 49.82%, Loss: 0.9088
Epoch: 3, Batch: 840, Acc: 49.82%, Loss: 0.9130
Epoch: 3, Batch: 850, Acc: 49.81%, Loss: 0.9370
Epoch: 3, Batch: 860, Acc: 49.82%, Loss: 0.9257
Epoch: 3, Batch: 870, Acc: 49.81%, Loss: 0.9159
Epoch: 3, Batch: 880, Acc: 49.79%, Loss: 0.9136
Epoch: 3, Batch: 890, Acc: 49.83%, Loss: 0.9052
Epoch: 3, Batch: 900, Acc: 49.81%, Loss: 0.9499
Epoch: 3, Batch: 910, Acc: 49.88%, Loss: 0.8653
Epoch: 3, Batch: 920, Acc: 49.90%, Loss: 0.8958
Epoch: 3, Batch: 930, Acc: 49.95%, Loss: 0.8699
Accuracy on test set: 58.45%, Val loss: 1.4255
Epoch 3: val_acc=58.45, best_val_acc=58.45, es_counter=0
Epoch: 4, Batch: 10, Acc: 50.94%, Loss: 0.8994
Epoch: 4, Batch: 20, Acc: 51.64%, Loss: 0.8884
Epoch: 4, Batch: 30, Acc: 51.30%, Loss: 0.9055
Epoch: 4, Batch: 40, Acc: 51.52%, Loss: 0.9116
Epoch: 4, Batch: 50, Acc: 51.53%, Loss: 0.8845
Epoch: 4, Batch: 60, Acc: 52.11%, Loss: 0.8509
Epoch: 4, Batch: 70, Acc: 52.23%, Loss: 0.8973
Epoch: 4, Batch: 80, Acc: 52.25%, Loss: 0.8819
Epoch: 4, Batch: 90, Acc: 52.27%, Loss: 0.8642
Epoch: 4, Batch: 100, Acc: 52.17%, Loss: 0.9085
Epoch: 4, Batch: 110, Acc: 52.13%, Loss: 0.8702
Epoch: 4, Batch: 120, Acc: 52.08%, Loss: 0.8953
Epoch: 4, Batch: 130, Acc: 52.19%, Loss: 0.9152
Epoch: 4, Batch: 140, Acc: 52.17%, Loss: 0.8823
Epoch: 4, Batch: 150, Acc: 52.25%, Loss: 0.8946
Epoch: 4, Batch: 160, Acc: 52.16%, Loss: 0.8894
Epoch: 4, Batch: 170, Acc: 52.10%, Loss: 0.9285
Epoch: 4, Batch: 180, Acc: 52.29%, Loss: 0.8701
Epoch: 4, Batch: 190, Acc: 52.30%, Loss: 0.8575
Epoch: 4, Batch: 200, Acc: 52.28%, Loss: 0.9268
Epoch: 4, Batch: 210, Acc: 52.26%, Loss: 0.9207
Epoch: 4, Batch: 220, Acc: 52.37%, Loss: 0.8773
Epoch: 4, Batch: 230, Acc: 52.32%, Loss: 0.8892
Epoch: 4, Batch: 240, Acc: 52.38%, Loss: 0.8985
Epoch: 4, Batch: 250, Acc: 52.36%, Loss: 0.9029
Epoch: 4, Batch: 260, Acc: 52.43%, Loss: 0.8687
Epoch: 4, Batch: 270, Acc: 52.41%, Loss: 0.8861
Epoch: 4, Batch: 280, Acc: 52.44%, Loss: 0.8652
Epoch: 4, Batch: 290, Acc: 52.49%, Loss: 0.8860
Epoch: 4, Batch: 300, Acc: 52.39%, Loss: 0.8940
Epoch: 4, Batch: 310, Acc: 52.41%, Loss: 0.8747
Epoch: 4, Batch: 320, Acc: 52.33%, Loss: 0.8869
Epoch: 4, Batch: 330, Acc: 52.30%, Loss: 0.9054
Epoch: 4, Batch: 340, Acc: 52.36%, Loss: 0.8807
Epoch: 4, Batch: 350, Acc: 52.42%, Loss: 0.8782
Epoch: 4, Batch: 360, Acc: 52.38%, Loss: 0.9113
Epoch: 4, Batch: 370, Acc: 52.39%, Loss: 0.8995
Epoch: 4, Batch: 380, Acc: 52.42%, Loss: 0.8661
Epoch: 4, Batch: 390, Acc: 52.42%, Loss: 0.8884
Epoch: 4, Batch: 400, Acc: 52.41%, Loss: 0.8954
Epoch: 4, Batch: 410, Acc: 52.38%, Loss: 0.8981
Epoch: 4, Batch: 420, Acc: 52.39%, Loss: 0.9318
Epoch: 4, Batch: 430, Acc: 52.40%, Loss: 0.8833
Epoch: 4, Batch: 440, Acc: 52.45%, Loss: 0.8683
Epoch: 4, Batch: 450, Acc: 52.49%, Loss: 0.8828
Epoch: 4, Batch: 460, Acc: 52.56%, Loss: 0.8690
Epoch: 4, Batch: 470, Acc: 52.59%, Loss: 0.8661
Epoch: 4, Batch: 480, Acc: 52.63%, Loss: 0.8696
Epoch: 4, Batch: 490, Acc: 52.73%, Loss: 0.8365
Epoch: 4, Batch: 500, Acc: 52.73%, Loss: 0.8590
Epoch: 4, Batch: 510, Acc: 52.72%, Loss: 0.9015
Epoch: 4, Batch: 520, Acc: 52.72%, Loss: 0.8761
Epoch: 4, Batch: 530, Acc: 52.73%, Loss: 0.9053
Epoch: 4, Batch: 540, Acc: 52.67%, Loss: 0.9076
Epoch: 4, Batch: 550, Acc: 52.66%, Loss: 0.9077
Epoch: 4, Batch: 560, Acc: 52.66%, Loss: 0.9028
Epoch: 4, Batch: 570, Acc: 52.65%, Loss: 0.8844
Epoch: 4, Batch: 580, Acc: 52.69%, Loss: 0.8719
Epoch: 4, Batch: 590, Acc: 52.71%, Loss: 0.9107
Epoch: 4, Batch: 600, Acc: 52.72%, Loss: 0.8733
Epoch: 4, Batch: 610, Acc: 52.73%, Loss: 0.8746
Epoch: 4, Batch: 620, Acc: 52.75%, Loss: 0.8822
Epoch: 4, Batch: 630, Acc: 52.74%, Loss: 0.8690
Epoch: 4, Batch: 640, Acc: 52.77%, Loss: 0.8730
Epoch: 4, Batch: 650, Acc: 52.78%, Loss: 0.9015
Epoch: 4, Batch: 660, Acc: 52.80%, Loss: 0.8357
Epoch: 4, Batch: 670, Acc: 52.82%, Loss: 0.8668
Epoch: 4, Batch: 680, Acc: 52.83%, Loss: 0.8905
Epoch: 4, Batch: 690, Acc: 52.87%, Loss: 0.8502
Epoch: 4, Batch: 700, Acc: 52.87%, Loss: 0.8777
Epoch: 4, Batch: 710, Acc: 52.90%, Loss: 0.8546
Epoch: 4, Batch: 720, Acc: 52.89%, Loss: 0.9192
Epoch: 4, Batch: 730, Acc: 52.96%, Loss: 0.8572
Epoch: 4, Batch: 740, Acc: 52.97%, Loss: 0.8637
Epoch: 4, Batch: 750, Acc: 53.00%, Loss: 0.8582
Epoch: 4, Batch: 760, Acc: 52.99%, Loss: 0.8954
Epoch: 4, Batch: 770, Acc: 53.03%, Loss: 0.8562
Epoch: 4, Batch: 780, Acc: 53.04%, Loss: 0.8834
Epoch: 4, Batch: 790, Acc: 53.00%, Loss: 0.9186
Epoch: 4, Batch: 800, Acc: 53.05%, Loss: 0.8738
Epoch: 4, Batch: 810, Acc: 53.07%, Loss: 0.8326
Epoch: 4, Batch: 820, Acc: 53.06%, Loss: 0.8914
Epoch: 4, Batch: 830, Acc: 53.06%, Loss: 0.9109
Epoch: 4, Batch: 840, Acc: 53.09%, Loss: 0.8553
Epoch: 4, Batch: 850, Acc: 53.09%, Loss: 0.9030
Epoch: 4, Batch: 860, Acc: 53.09%, Loss: 0.8951
Epoch: 4, Batch: 870, Acc: 53.11%, Loss: 0.8958
Epoch: 4, Batch: 880, Acc: 53.11%, Loss: 0.8876
Epoch: 4, Batch: 890, Acc: 53.14%, Loss: 0.8675
Epoch: 4, Batch: 900, Acc: 53.14%, Loss: 0.8629
Epoch: 4, Batch: 910, Acc: 53.18%, Loss: 0.8529
Epoch: 4, Batch: 920, Acc: 53.16%, Loss: 0.9088
Epoch: 4, Batch: 930, Acc: 53.18%, Loss: 0.8676
Accuracy on test set: 61.49%, Val loss: 1.3757
Epoch 4: val_acc=61.49, best_val_acc=61.49, es_counter=0
Epoch: 5, Batch: 10, Acc: 52.81%, Loss: 0.8890
Epoch: 5, Batch: 20, Acc: 52.58%, Loss: 0.8872
Epoch: 5, Batch: 30, Acc: 53.59%, Loss: 0.8725
Epoch: 5, Batch: 40, Acc: 54.18%, Loss: 0.8734
Epoch: 5, Batch: 50, Acc: 54.59%, Loss: 0.8513
Epoch: 5, Batch: 60, Acc: 54.19%, Loss: 0.9005
Epoch: 5, Batch: 70, Acc: 53.66%, Loss: 0.9352
Epoch: 5, Batch: 80, Acc: 53.55%, Loss: 0.9166
Epoch: 5, Batch: 90, Acc: 53.70%, Loss: 0.8791
Epoch: 5, Batch: 100, Acc: 53.78%, Loss: 0.8791
Epoch: 5, Batch: 110, Acc: 53.79%, Loss: 0.8648
Epoch: 5, Batch: 120, Acc: 54.01%, Loss: 0.8347
Epoch: 5, Batch: 130, Acc: 54.03%, Loss: 0.8738
Epoch: 5, Batch: 140, Acc: 53.93%, Loss: 0.9034
Epoch: 5, Batch: 150, Acc: 54.03%, Loss: 0.8853
Epoch: 5, Batch: 160, Acc: 54.29%, Loss: 0.8258
Epoch: 5, Batch: 170, Acc: 54.08%, Loss: 0.9029
Epoch: 5, Batch: 180, Acc: 54.05%, Loss: 0.8813
Epoch: 5, Batch: 190, Acc: 54.03%, Loss: 0.8860
Epoch: 5, Batch: 200, Acc: 54.24%, Loss: 0.8081
Epoch: 5, Batch: 210, Acc: 54.08%, Loss: 0.8867
Epoch: 5, Batch: 220, Acc: 54.11%, Loss: 0.8614
Epoch: 5, Batch: 230, Acc: 54.21%, Loss: 0.8835
Epoch: 5, Batch: 240, Acc: 54.23%, Loss: 0.8929
Epoch: 5, Batch: 250, Acc: 54.29%, Loss: 0.8530
Epoch: 5, Batch: 260, Acc: 54.22%, Loss: 0.8798
Epoch: 5, Batch: 270, Acc: 54.24%, Loss: 0.8485
Epoch: 5, Batch: 280, Acc: 54.29%, Loss: 0.8546
Epoch: 5, Batch: 290, Acc: 54.29%, Loss: 0.8790
Epoch: 5, Batch: 300, Acc: 54.31%, Loss: 0.8587
Epoch: 5, Batch: 310, Acc: 54.43%, Loss: 0.8537
Epoch: 5, Batch: 320, Acc: 54.34%, Loss: 0.9043
Epoch: 5, Batch: 330, Acc: 54.28%, Loss: 0.8431
Epoch: 5, Batch: 340, Acc: 54.36%, Loss: 0.8450
Epoch: 5, Batch: 350, Acc: 54.42%, Loss: 0.8182
Epoch: 5, Batch: 360, Acc: 54.45%, Loss: 0.8599
Epoch: 5, Batch: 370, Acc: 54.40%, Loss: 0.8729
Epoch: 5, Batch: 380, Acc: 54.51%, Loss: 0.8549
Epoch: 5, Batch: 390, Acc: 54.52%, Loss: 0.8916
Epoch: 5, Batch: 400, Acc: 54.55%, Loss: 0.8618
Epoch: 5, Batch: 410, Acc: 54.57%, Loss: 0.8738
Epoch: 5, Batch: 420, Acc: 54.55%, Loss: 0.8804
Epoch: 5, Batch: 430, Acc: 54.55%, Loss: 0.8692
Epoch: 5, Batch: 440, Acc: 54.58%, Loss: 0.8465
Epoch: 5, Batch: 450, Acc: 54.55%, Loss: 0.8752
Epoch: 5, Batch: 460, Acc: 54.57%, Loss: 0.8693
Epoch: 5, Batch: 470, Acc: 54.67%, Loss: 0.8270
Epoch: 5, Batch: 480, Acc: 54.72%, Loss: 0.8399
Epoch: 5, Batch: 490, Acc: 54.74%, Loss: 0.8724
Epoch: 5, Batch: 500, Acc: 54.79%, Loss: 0.8272
Epoch: 5, Batch: 510, Acc: 54.83%, Loss: 0.8452
Epoch: 5, Batch: 520, Acc: 54.81%, Loss: 0.8571
Epoch: 5, Batch: 530, Acc: 54.86%, Loss: 0.8310
Epoch: 5, Batch: 540, Acc: 54.81%, Loss: 0.9129
Epoch: 5, Batch: 550, Acc: 54.86%, Loss: 0.8595
Epoch: 5, Batch: 560, Acc: 54.88%, Loss: 0.8406
Epoch: 5, Batch: 570, Acc: 54.90%, Loss: 0.8369
Epoch: 5, Batch: 580, Acc: 54.84%, Loss: 0.8662
Epoch: 5, Batch: 590, Acc: 54.83%, Loss: 0.8709
Epoch: 5, Batch: 600, Acc: 54.86%, Loss: 0.8414
Epoch: 5, Batch: 610, Acc: 54.85%, Loss: 0.8767
Epoch: 5, Batch: 620, Acc: 54.91%, Loss: 0.8410
Epoch: 5, Batch: 630, Acc: 54.92%, Loss: 0.8620
Epoch: 5, Batch: 640, Acc: 54.94%, Loss: 0.8556
Epoch: 5, Batch: 650, Acc: 54.92%, Loss: 0.8802
Epoch: 5, Batch: 660, Acc: 54.91%, Loss: 0.8792
Epoch: 5, Batch: 670, Acc: 54.93%, Loss: 0.8529
Epoch: 5, Batch: 680, Acc: 54.96%, Loss: 0.8339
Epoch: 5, Batch: 690, Acc: 54.99%, Loss: 0.8131
Epoch: 5, Batch: 700, Acc: 54.98%, Loss: 0.8608
Epoch: 5, Batch: 710, Acc: 54.97%, Loss: 0.8848
Epoch: 5, Batch: 720, Acc: 54.99%, Loss: 0.8640
Epoch: 5, Batch: 730, Acc: 55.03%, Loss: 0.8518
Epoch: 5, Batch: 740, Acc: 55.03%, Loss: 0.8431
Epoch: 5, Batch: 750, Acc: 55.05%, Loss: 0.8393
Epoch: 5, Batch: 760, Acc: 55.07%, Loss: 0.8718
Epoch: 5, Batch: 770, Acc: 55.09%, Loss: 0.8447
Epoch: 5, Batch: 780, Acc: 55.13%, Loss: 0.8566
Epoch: 5, Batch: 790, Acc: 55.14%, Loss: 0.8660
Epoch: 5, Batch: 800, Acc: 55.20%, Loss: 0.8396
Epoch: 5, Batch: 810, Acc: 55.21%, Loss: 0.8093
Epoch: 5, Batch: 820, Acc: 55.23%, Loss: 0.8693
Epoch: 5, Batch: 830, Acc: 55.18%, Loss: 0.8744
Epoch: 5, Batch: 840, Acc: 55.23%, Loss: 0.7856
Epoch: 5, Batch: 850, Acc: 55.25%, Loss: 0.8530
Epoch: 5, Batch: 860, Acc: 55.24%, Loss: 0.8860
Epoch: 5, Batch: 870, Acc: 55.25%, Loss: 0.8501
Epoch: 5, Batch: 880, Acc: 55.24%, Loss: 0.8668
Epoch: 5, Batch: 890, Acc: 55.28%, Loss: 0.8437
Epoch: 5, Batch: 900, Acc: 55.27%, Loss: 0.8422
Epoch: 5, Batch: 910, Acc: 55.28%, Loss: 0.8600
Epoch: 5, Batch: 920, Acc: 55.30%, Loss: 0.8470
Epoch: 5, Batch: 930, Acc: 55.29%, Loss: 0.8637
Accuracy on test set: 64.19%, Val loss: 1.3268
Epoch 5: val_acc=64.19, best_val_acc=64.19, es_counter=0
Epoch: 6, Batch: 10, Acc: 55.31%, Loss: 0.8791
Epoch: 6, Batch: 20, Acc: 57.11%, Loss: 0.8290
Epoch: 6, Batch: 30, Acc: 56.56%, Loss: 0.8762
Epoch: 6, Batch: 40, Acc: 57.03%, Loss: 0.8438
Epoch: 6, Batch: 50, Acc: 57.94%, Loss: 0.7995
Epoch: 6, Batch: 60, Acc: 57.66%, Loss: 0.8829
Epoch: 6, Batch: 70, Acc: 57.25%, Loss: 0.8650
Epoch: 6, Batch: 80, Acc: 57.64%, Loss: 0.8179
Epoch: 6, Batch: 90, Acc: 57.38%, Loss: 0.8815
Epoch: 6, Batch: 100, Acc: 57.53%, Loss: 0.8258
Epoch: 6, Batch: 110, Acc: 57.40%, Loss: 0.8563
Epoch: 6, Batch: 120, Acc: 57.20%, Loss: 0.8823
Epoch: 6, Batch: 130, Acc: 57.25%, Loss: 0.8553
Epoch: 6, Batch: 140, Acc: 57.43%, Loss: 0.8269
Epoch: 6, Batch: 150, Acc: 57.49%, Loss: 0.8285
Epoch: 6, Batch: 160, Acc: 57.41%, Loss: 0.8846
Epoch: 6, Batch: 170, Acc: 57.31%, Loss: 0.8349
Epoch: 6, Batch: 180, Acc: 57.15%, Loss: 0.8647
Epoch: 6, Batch: 190, Acc: 56.97%, Loss: 0.8603
Epoch: 6, Batch: 200, Acc: 56.92%, Loss: 0.8418
Epoch: 6, Batch: 210, Acc: 56.96%, Loss: 0.8319
Epoch: 6, Batch: 220, Acc: 56.74%, Loss: 0.8993
Epoch: 6, Batch: 230, Acc: 56.73%, Loss: 0.8571
Epoch: 6, Batch: 240, Acc: 56.66%, Loss: 0.8476
Epoch: 6, Batch: 250, Acc: 56.59%, Loss: 0.8562
Epoch: 6, Batch: 260, Acc: 56.56%, Loss: 0.8684
Epoch: 6, Batch: 270, Acc: 56.56%, Loss: 0.8261
Epoch: 6, Batch: 280, Acc: 56.57%, Loss: 0.8706
Epoch: 6, Batch: 290, Acc: 56.63%, Loss: 0.8772
Epoch: 6, Batch: 300, Acc: 56.68%, Loss: 0.8449
Epoch: 6, Batch: 310, Acc: 56.67%, Loss: 0.8478
Epoch: 6, Batch: 320, Acc: 56.64%, Loss: 0.8584
Epoch: 6, Batch: 330, Acc: 56.66%, Loss: 0.8567
Epoch: 6, Batch: 340, Acc: 56.72%, Loss: 0.8126
Epoch: 6, Batch: 350, Acc: 56.75%, Loss: 0.8323
Epoch: 6, Batch: 360, Acc: 56.70%, Loss: 0.8478
Epoch: 6, Batch: 370, Acc: 56.58%, Loss: 0.8648
Epoch: 6, Batch: 380, Acc: 56.64%, Loss: 0.8205
Epoch: 6, Batch: 390, Acc: 56.69%, Loss: 0.8406
Epoch: 6, Batch: 400, Acc: 56.68%, Loss: 0.8295
Epoch: 6, Batch: 410, Acc: 56.63%, Loss: 0.8858
Epoch: 6, Batch: 420, Acc: 56.59%, Loss: 0.8503
Epoch: 6, Batch: 430, Acc: 56.58%, Loss: 0.8758
Epoch: 6, Batch: 440, Acc: 56.56%, Loss: 0.8833
Epoch: 6, Batch: 450, Acc: 56.61%, Loss: 0.8473
Epoch: 6, Batch: 460, Acc: 56.69%, Loss: 0.8107
Epoch: 6, Batch: 470, Acc: 56.69%, Loss: 0.8837
Epoch: 6, Batch: 480, Acc: 56.80%, Loss: 0.8133
Epoch: 6, Batch: 490, Acc: 56.83%, Loss: 0.8567
Epoch: 6, Batch: 500, Acc: 56.73%, Loss: 0.9075
Epoch: 6, Batch: 510, Acc: 56.81%, Loss: 0.8096
Epoch: 6, Batch: 520, Acc: 56.85%, Loss: 0.8049
Epoch: 6, Batch: 530, Acc: 56.92%, Loss: 0.8121
Epoch: 6, Batch: 540, Acc: 56.91%, Loss: 0.8218
Epoch: 6, Batch: 550, Acc: 56.91%, Loss: 0.8240
Epoch: 6, Batch: 560, Acc: 56.92%, Loss: 0.8224
Epoch: 6, Batch: 570, Acc: 56.87%, Loss: 0.8715
Epoch: 6, Batch: 580, Acc: 56.85%, Loss: 0.8721
Epoch: 6, Batch: 590, Acc: 56.86%, Loss: 0.8623
Epoch: 6, Batch: 600, Acc: 56.88%, Loss: 0.8230
Epoch: 6, Batch: 610, Acc: 56.88%, Loss: 0.8628
Epoch: 6, Batch: 620, Acc: 56.90%, Loss: 0.8135
Epoch: 6, Batch: 630, Acc: 56.94%, Loss: 0.8183
Epoch: 6, Batch: 640, Acc: 56.96%, Loss: 0.8297
Epoch: 6, Batch: 650, Acc: 56.96%, Loss: 0.8322
Epoch: 6, Batch: 660, Acc: 56.95%, Loss: 0.8469
Epoch: 6, Batch: 670, Acc: 56.87%, Loss: 0.8918
Epoch: 6, Batch: 680, Acc: 56.85%, Loss: 0.8799
Epoch: 6, Batch: 690, Acc: 56.82%, Loss: 0.8630
Epoch: 6, Batch: 700, Acc: 56.84%, Loss: 0.8250
Epoch: 6, Batch: 710, Acc: 56.87%, Loss: 0.8486
Epoch: 6, Batch: 720, Acc: 56.87%, Loss: 0.8106
Epoch: 6, Batch: 730, Acc: 56.90%, Loss: 0.8163
Epoch: 6, Batch: 740, Acc: 56.89%, Loss: 0.8595
Epoch: 6, Batch: 750, Acc: 56.93%, Loss: 0.8327
Epoch: 6, Batch: 760, Acc: 56.93%, Loss: 0.8253
Epoch: 6, Batch: 770, Acc: 56.87%, Loss: 0.8914
Epoch: 6, Batch: 780, Acc: 56.88%, Loss: 0.8441
Epoch: 6, Batch: 790, Acc: 56.86%, Loss: 0.8252
Epoch: 6, Batch: 800, Acc: 56.84%, Loss: 0.8614
Epoch: 6, Batch: 810, Acc: 56.82%, Loss: 0.8526
Epoch: 6, Batch: 820, Acc: 56.82%, Loss: 0.8463
Epoch: 6, Batch: 830, Acc: 56.82%, Loss: 0.8201
Epoch: 6, Batch: 840, Acc: 56.85%, Loss: 0.7998
Epoch: 6, Batch: 850, Acc: 56.88%, Loss: 0.8407
Epoch: 6, Batch: 860, Acc: 56.85%, Loss: 0.8536
Epoch: 6, Batch: 870, Acc: 56.86%, Loss: 0.8199
Epoch: 6, Batch: 880, Acc: 56.88%, Loss: 0.8138
Epoch: 6, Batch: 890, Acc: 56.86%, Loss: 0.8463
Epoch: 6, Batch: 900, Acc: 56.86%, Loss: 0.8361
Epoch: 6, Batch: 910, Acc: 56.87%, Loss: 0.8106
Epoch: 6, Batch: 920, Acc: 56.89%, Loss: 0.8460
Epoch: 6, Batch: 930, Acc: 56.89%, Loss: 0.8504
Accuracy on test set: 65.20%, Val loss: 1.3004
Epoch 6: val_acc=65.20, best_val_acc=65.20, es_counter=0
Epoch: 7, Batch: 10, Acc: 62.81%, Loss: 0.7829
Epoch: 7, Batch: 20, Acc: 58.28%, Loss: 0.8591
Epoch: 7, Batch: 30, Acc: 58.49%, Loss: 0.8347
Epoch: 7, Batch: 40, Acc: 59.26%, Loss: 0.8068
Epoch: 7, Batch: 50, Acc: 58.78%, Loss: 0.7868
Epoch: 7, Batch: 60, Acc: 57.76%, Loss: 0.9072
Epoch: 7, Batch: 70, Acc: 57.63%, Loss: 0.8347
Epoch: 7, Batch: 80, Acc: 57.89%, Loss: 0.8115
Epoch: 7, Batch: 90, Acc: 57.88%, Loss: 0.8447
Epoch: 7, Batch: 100, Acc: 58.05%, Loss: 0.8554
Epoch: 7, Batch: 110, Acc: 58.00%, Loss: 0.8559
Epoch: 7, Batch: 120, Acc: 57.83%, Loss: 0.8509
Epoch: 7, Batch: 130, Acc: 57.63%, Loss: 0.8386
Epoch: 7, Batch: 140, Acc: 57.75%, Loss: 0.8155
Epoch: 7, Batch: 150, Acc: 57.78%, Loss: 0.8366
Epoch: 7, Batch: 160, Acc: 57.80%, Loss: 0.8260
Epoch: 7, Batch: 170, Acc: 58.05%, Loss: 0.8069
Epoch: 7, Batch: 180, Acc: 58.01%, Loss: 0.8384
Epoch: 7, Batch: 190, Acc: 57.95%, Loss: 0.8219
Epoch: 7, Batch: 200, Acc: 58.09%, Loss: 0.7892
Epoch: 7, Batch: 210, Acc: 58.07%, Loss: 0.8370
Epoch: 7, Batch: 220, Acc: 58.08%, Loss: 0.8365
Epoch: 7, Batch: 230, Acc: 58.06%, Loss: 0.8421
Epoch: 7, Batch: 240, Acc: 58.05%, Loss: 0.8257
Epoch: 7, Batch: 250, Acc: 58.11%, Loss: 0.8198
Epoch: 7, Batch: 260, Acc: 58.27%, Loss: 0.7861
Epoch: 7, Batch: 270, Acc: 58.25%, Loss: 0.8456
Epoch: 7, Batch: 280, Acc: 58.28%, Loss: 0.8785
Epoch: 7, Batch: 290, Acc: 58.26%, Loss: 0.8046
Epoch: 7, Batch: 300, Acc: 58.32%, Loss: 0.7893
Epoch: 7, Batch: 310, Acc: 58.29%, Loss: 0.8401
Epoch: 7, Batch: 320, Acc: 58.26%, Loss: 0.8357
Epoch: 7, Batch: 330, Acc: 58.21%, Loss: 0.8341
Epoch: 7, Batch: 340, Acc: 58.25%, Loss: 0.8357
Epoch: 7, Batch: 350, Acc: 58.29%, Loss: 0.8402
Epoch: 7, Batch: 360, Acc: 58.21%, Loss: 0.8564
Epoch: 7, Batch: 370, Acc: 58.14%, Loss: 0.8306
Epoch: 7, Batch: 380, Acc: 58.15%, Loss: 0.8272
Epoch: 7, Batch: 390, Acc: 58.21%, Loss: 0.8242
Epoch: 7, Batch: 400, Acc: 58.15%, Loss: 0.8652
Epoch: 7, Batch: 410, Acc: 58.15%, Loss: 0.8404
Epoch: 7, Batch: 420, Acc: 58.14%, Loss: 0.8200
Epoch: 7, Batch: 430, Acc: 58.18%, Loss: 0.8237
Epoch: 7, Batch: 440, Acc: 58.16%, Loss: 0.8458
Epoch: 7, Batch: 450, Acc: 58.20%, Loss: 0.7906
Epoch: 7, Batch: 460, Acc: 58.18%, Loss: 0.8538
Epoch: 7, Batch: 470, Acc: 58.24%, Loss: 0.8170
Epoch: 7, Batch: 480, Acc: 58.30%, Loss: 0.8020
Epoch: 7, Batch: 490, Acc: 58.31%, Loss: 0.8352
Epoch: 7, Batch: 500, Acc: 58.30%, Loss: 0.8524
Epoch: 7, Batch: 510, Acc: 58.30%, Loss: 0.8437
Epoch: 7, Batch: 520, Acc: 58.28%, Loss: 0.8691
Epoch: 7, Batch: 530, Acc: 58.35%, Loss: 0.7880
Epoch: 7, Batch: 540, Acc: 58.34%, Loss: 0.8625
Epoch: 7, Batch: 550, Acc: 58.38%, Loss: 0.7772
Epoch: 7, Batch: 560, Acc: 58.37%, Loss: 0.8328
Epoch: 7, Batch: 570, Acc: 58.33%, Loss: 0.8679
Epoch: 7, Batch: 580, Acc: 58.29%, Loss: 0.8316
Epoch: 7, Batch: 590, Acc: 58.21%, Loss: 0.8832
Epoch: 7, Batch: 600, Acc: 58.13%, Loss: 0.8891
Epoch: 7, Batch: 610, Acc: 58.10%, Loss: 0.8713
Epoch: 7, Batch: 620, Acc: 58.09%, Loss: 0.8545
Epoch: 7, Batch: 630, Acc: 58.08%, Loss: 0.8351
Epoch: 7, Batch: 640, Acc: 58.09%, Loss: 0.8191
Epoch: 7, Batch: 650, Acc: 58.11%, Loss: 0.8261
Epoch: 7, Batch: 660, Acc: 58.10%, Loss: 0.8689
Epoch: 7, Batch: 670, Acc: 58.12%, Loss: 0.7930
Epoch: 7, Batch: 680, Acc: 58.12%, Loss: 0.8256
Epoch: 7, Batch: 690, Acc: 58.07%, Loss: 0.8666
Epoch: 7, Batch: 700, Acc: 57.99%, Loss: 0.9027
Epoch: 7, Batch: 710, Acc: 57.96%, Loss: 0.8038
Epoch: 7, Batch: 720, Acc: 57.97%, Loss: 0.8388
Epoch: 7, Batch: 730, Acc: 57.98%, Loss: 0.8043
Epoch: 7, Batch: 740, Acc: 58.04%, Loss: 0.8084
Epoch: 7, Batch: 750, Acc: 58.05%, Loss: 0.8203
Epoch: 7, Batch: 760, Acc: 58.03%, Loss: 0.8495
Epoch: 7, Batch: 770, Acc: 58.04%, Loss: 0.8259
Epoch: 7, Batch: 780, Acc: 57.99%, Loss: 0.8765
Epoch: 7, Batch: 790, Acc: 57.95%, Loss: 0.8688
Epoch: 7, Batch: 800, Acc: 57.91%, Loss: 0.8444
Epoch: 7, Batch: 810, Acc: 57.93%, Loss: 0.8291
Epoch: 7, Batch: 820, Acc: 57.93%, Loss: 0.8546
Epoch: 7, Batch: 830, Acc: 57.89%, Loss: 0.8762
Epoch: 7, Batch: 840, Acc: 57.88%, Loss: 0.8465
Epoch: 7, Batch: 850, Acc: 57.90%, Loss: 0.8202
Epoch: 7, Batch: 860, Acc: 57.92%, Loss: 0.8154
Epoch: 7, Batch: 870, Acc: 57.92%, Loss: 0.8241
Epoch: 7, Batch: 880, Acc: 57.93%, Loss: 0.8313
Epoch: 7, Batch: 890, Acc: 57.94%, Loss: 0.8367
Epoch: 7, Batch: 900, Acc: 57.97%, Loss: 0.7940
Epoch: 7, Batch: 910, Acc: 57.98%, Loss: 0.8485
Epoch: 7, Batch: 920, Acc: 57.96%, Loss: 0.8275
Epoch: 7, Batch: 930, Acc: 57.96%, Loss: 0.7961
Accuracy on test set: 65.62%, Val loss: 1.2794
Epoch 7: val_acc=65.62, best_val_acc=65.62, es_counter=0
Epoch: 8, Batch: 10, Acc: 59.69%, Loss: 0.7950
Epoch: 8, Batch: 20, Acc: 58.75%, Loss: 0.8224
Epoch: 8, Batch: 30, Acc: 58.33%, Loss: 0.8481
Epoch: 8, Batch: 40, Acc: 58.59%, Loss: 0.8382
Epoch: 8, Batch: 50, Acc: 58.50%, Loss: 0.8427
Epoch: 8, Batch: 60, Acc: 58.46%, Loss: 0.7928
Epoch: 8, Batch: 70, Acc: 57.97%, Loss: 0.8636
Epoch: 8, Batch: 80, Acc: 57.95%, Loss: 0.8539
Epoch: 8, Batch: 90, Acc: 58.51%, Loss: 0.7619
Epoch: 8, Batch: 100, Acc: 58.47%, Loss: 0.8384
Epoch: 8, Batch: 110, Acc: 58.47%, Loss: 0.8460
Epoch: 8, Batch: 120, Acc: 58.55%, Loss: 0.8254
Epoch: 8, Batch: 130, Acc: 58.51%, Loss: 0.7964
Epoch: 8, Batch: 140, Acc: 58.31%, Loss: 0.8329
Epoch: 8, Batch: 150, Acc: 58.06%, Loss: 0.8682
Epoch: 8, Batch: 160, Acc: 58.01%, Loss: 0.8541
Epoch: 8, Batch: 170, Acc: 58.17%, Loss: 0.8141
Epoch: 8, Batch: 180, Acc: 58.17%, Loss: 0.8270
Epoch: 8, Batch: 190, Acc: 58.08%, Loss: 0.8237
Epoch: 8, Batch: 200, Acc: 58.02%, Loss: 0.8329
Epoch: 8, Batch: 210, Acc: 58.28%, Loss: 0.7973
Epoch: 8, Batch: 220, Acc: 58.25%, Loss: 0.8321
Epoch: 8, Batch: 230, Acc: 58.29%, Loss: 0.8355
Epoch: 8, Batch: 240, Acc: 58.31%, Loss: 0.8152
Epoch: 8, Batch: 250, Acc: 58.26%, Loss: 0.8485
Epoch: 8, Batch: 260, Acc: 58.40%, Loss: 0.7948
Epoch: 8, Batch: 270, Acc: 58.41%, Loss: 0.8193
Epoch: 8, Batch: 280, Acc: 58.29%, Loss: 0.9025
Epoch: 8, Batch: 290, Acc: 58.28%, Loss: 0.8177
Epoch: 8, Batch: 300, Acc: 58.28%, Loss: 0.8163
Epoch: 8, Batch: 310, Acc: 58.27%, Loss: 0.8595
Epoch: 8, Batch: 320, Acc: 58.18%, Loss: 0.8430
Epoch: 8, Batch: 330, Acc: 58.24%, Loss: 0.8080
Epoch: 8, Batch: 340, Acc: 58.24%, Loss: 0.8084
Epoch: 8, Batch: 350, Acc: 58.27%, Loss: 0.8057
Epoch: 8, Batch: 360, Acc: 58.30%, Loss: 0.8179
Epoch: 8, Batch: 370, Acc: 58.35%, Loss: 0.8157
Epoch: 8, Batch: 380, Acc: 58.28%, Loss: 0.8252
Epoch: 8, Batch: 390, Acc: 58.29%, Loss: 0.8020
Epoch: 8, Batch: 400, Acc: 58.43%, Loss: 0.7798
Epoch: 8, Batch: 410, Acc: 58.53%, Loss: 0.7994
Epoch: 8, Batch: 420, Acc: 58.62%, Loss: 0.7832
Epoch: 8, Batch: 430, Acc: 58.67%, Loss: 0.8071
Epoch: 8, Batch: 440, Acc: 58.69%, Loss: 0.7902
Epoch: 8, Batch: 450, Acc: 58.73%, Loss: 0.8147
Epoch: 8, Batch: 460, Acc: 58.71%, Loss: 0.8487
Epoch: 8, Batch: 470, Acc: 58.69%, Loss: 0.8287
Epoch: 8, Batch: 480, Acc: 58.69%, Loss: 0.8233
Epoch: 8, Batch: 490, Acc: 58.60%, Loss: 0.8660
Epoch: 8, Batch: 500, Acc: 58.57%, Loss: 0.8331
Epoch: 8, Batch: 510, Acc: 58.61%, Loss: 0.8006
Epoch: 8, Batch: 520, Acc: 58.61%, Loss: 0.8038
Epoch: 8, Batch: 530, Acc: 58.57%, Loss: 0.8344
Epoch: 8, Batch: 540, Acc: 58.57%, Loss: 0.8483
Epoch: 8, Batch: 550, Acc: 58.58%, Loss: 0.8232
Epoch: 8, Batch: 560, Acc: 58.58%, Loss: 0.8301
Epoch: 8, Batch: 570, Acc: 58.59%, Loss: 0.8104
Epoch: 8, Batch: 580, Acc: 58.61%, Loss: 0.8262
Epoch: 8, Batch: 590, Acc: 58.58%, Loss: 0.8560
Epoch: 8, Batch: 600, Acc: 58.61%, Loss: 0.7745
Epoch: 8, Batch: 610, Acc: 58.62%, Loss: 0.8233
Epoch: 8, Batch: 620, Acc: 58.61%, Loss: 0.8596
Epoch: 8, Batch: 630, Acc: 58.61%, Loss: 0.8312
Epoch: 8, Batch: 640, Acc: 58.56%, Loss: 0.8539
Epoch: 8, Batch: 650, Acc: 58.56%, Loss: 0.8376
Epoch: 8, Batch: 660, Acc: 58.56%, Loss: 0.8186
Epoch: 8, Batch: 670, Acc: 58.58%, Loss: 0.8004
Epoch: 8, Batch: 680, Acc: 58.58%, Loss: 0.8354
Epoch: 8, Batch: 690, Acc: 58.52%, Loss: 0.8500
Epoch: 8, Batch: 700, Acc: 58.53%, Loss: 0.8326
Epoch: 8, Batch: 710, Acc: 58.55%, Loss: 0.7812
Epoch: 8, Batch: 720, Acc: 58.59%, Loss: 0.7533
Epoch: 8, Batch: 730, Acc: 58.62%, Loss: 0.8418
Epoch: 8, Batch: 740, Acc: 58.57%, Loss: 0.8663
Epoch: 8, Batch: 750, Acc: 58.52%, Loss: 0.8548
Epoch: 8, Batch: 760, Acc: 58.56%, Loss: 0.7950
Epoch: 8, Batch: 770, Acc: 58.57%, Loss: 0.8130
Epoch: 8, Batch: 780, Acc: 58.61%, Loss: 0.8175
Epoch: 8, Batch: 790, Acc: 58.57%, Loss: 0.8687
Epoch: 8, Batch: 800, Acc: 58.54%, Loss: 0.8520
Epoch: 8, Batch: 810, Acc: 58.53%, Loss: 0.8556
Epoch: 8, Batch: 820, Acc: 58.57%, Loss: 0.8110
Epoch: 8, Batch: 830, Acc: 58.58%, Loss: 0.8530
Epoch: 8, Batch: 840, Acc: 58.57%, Loss: 0.8044
Epoch: 8, Batch: 850, Acc: 58.59%, Loss: 0.7972
Epoch: 8, Batch: 860, Acc: 58.62%, Loss: 0.7977
Epoch: 8, Batch: 870, Acc: 58.63%, Loss: 0.8006
Epoch: 8, Batch: 880, Acc: 58.65%, Loss: 0.8155
Epoch: 8, Batch: 890, Acc: 58.68%, Loss: 0.8028
Epoch: 8, Batch: 900, Acc: 58.68%, Loss: 0.8260
Epoch: 8, Batch: 910, Acc: 58.69%, Loss: 0.7821
Epoch: 8, Batch: 920, Acc: 58.67%, Loss: 0.8357
Epoch: 8, Batch: 930, Acc: 58.72%, Loss: 0.8253
Accuracy on test set: 67.03%, Val loss: 1.2646
Epoch 8: val_acc=67.03, best_val_acc=67.03, es_counter=0
Epoch: 9, Batch: 10, Acc: 58.28%, Loss: 0.8258
Epoch: 9, Batch: 20, Acc: 56.88%, Loss: 0.8809
Epoch: 9, Batch: 30, Acc: 57.66%, Loss: 0.8361
Epoch: 9, Batch: 40, Acc: 57.42%, Loss: 0.8550
Epoch: 9, Batch: 50, Acc: 57.44%, Loss: 0.8470
Epoch: 9, Batch: 60, Acc: 58.41%, Loss: 0.7805
Epoch: 9, Batch: 70, Acc: 58.59%, Loss: 0.8202
Epoch: 9, Batch: 80, Acc: 58.96%, Loss: 0.8138
Epoch: 9, Batch: 90, Acc: 59.18%, Loss: 0.8266
Epoch: 9, Batch: 100, Acc: 59.25%, Loss: 0.8291
Epoch: 9, Batch: 110, Acc: 59.12%, Loss: 0.8205
Epoch: 9, Batch: 120, Acc: 59.05%, Loss: 0.7977
Epoch: 9, Batch: 130, Acc: 59.22%, Loss: 0.8042
Epoch: 9, Batch: 140, Acc: 59.25%, Loss: 0.8129
Epoch: 9, Batch: 150, Acc: 59.31%, Loss: 0.8081
Epoch: 9, Batch: 160, Acc: 59.54%, Loss: 0.7506
Epoch: 9, Batch: 170, Acc: 59.71%, Loss: 0.7884
Epoch: 9, Batch: 180, Acc: 59.70%, Loss: 0.7925
Epoch: 9, Batch: 190, Acc: 59.55%, Loss: 0.8604
Epoch: 9, Batch: 200, Acc: 59.55%, Loss: 0.8122
Epoch: 9, Batch: 210, Acc: 59.52%, Loss: 0.8529
Epoch: 9, Batch: 220, Acc: 59.32%, Loss: 0.8676
Epoch: 9, Batch: 230, Acc: 59.35%, Loss: 0.8102
Epoch: 9, Batch: 240, Acc: 59.32%, Loss: 0.8234
Epoch: 9, Batch: 250, Acc: 59.29%, Loss: 0.7906
Epoch: 9, Batch: 260, Acc: 59.27%, Loss: 0.8069
Epoch: 9, Batch: 270, Acc: 59.25%, Loss: 0.8050
Epoch: 9, Batch: 280, Acc: 59.16%, Loss: 0.8147
Epoch: 9, Batch: 290, Acc: 59.19%, Loss: 0.7860
Epoch: 9, Batch: 300, Acc: 59.15%, Loss: 0.8329
Epoch: 9, Batch: 310, Acc: 59.15%, Loss: 0.8022
Epoch: 9, Batch: 320, Acc: 59.03%, Loss: 0.8683
Epoch: 9, Batch: 330, Acc: 59.03%, Loss: 0.8256
Epoch: 9, Batch: 340, Acc: 58.94%, Loss: 0.8245
Epoch: 9, Batch: 350, Acc: 58.88%, Loss: 0.8268
Epoch: 9, Batch: 360, Acc: 58.82%, Loss: 0.8055
Epoch: 9, Batch: 370, Acc: 58.89%, Loss: 0.7689
Epoch: 9, Batch: 380, Acc: 58.88%, Loss: 0.8404
Epoch: 9, Batch: 390, Acc: 58.91%, Loss: 0.8010
Epoch: 9, Batch: 400, Acc: 58.91%, Loss: 0.8224
Epoch: 9, Batch: 410, Acc: 58.97%, Loss: 0.7712
Epoch: 9, Batch: 420, Acc: 58.99%, Loss: 0.8025
Epoch: 9, Batch: 430, Acc: 59.00%, Loss: 0.8361
Epoch: 9, Batch: 440, Acc: 59.03%, Loss: 0.8058
Epoch: 9, Batch: 450, Acc: 59.07%, Loss: 0.8204
Epoch: 9, Batch: 460, Acc: 59.04%, Loss: 0.8330
Epoch: 9, Batch: 470, Acc: 59.00%, Loss: 0.8116
Epoch: 9, Batch: 480, Acc: 59.03%, Loss: 0.8058
Epoch: 9, Batch: 490, Acc: 58.94%, Loss: 0.9125
Epoch: 9, Batch: 500, Acc: 58.91%, Loss: 0.8645
Epoch: 9, Batch: 510, Acc: 58.88%, Loss: 0.8366
Epoch: 9, Batch: 520, Acc: 58.84%, Loss: 0.8391
Epoch: 9, Batch: 530, Acc: 58.90%, Loss: 0.7703
Epoch: 9, Batch: 540, Acc: 58.86%, Loss: 0.8254
Epoch: 9, Batch: 550, Acc: 58.85%, Loss: 0.8231
Epoch: 9, Batch: 560, Acc: 58.84%, Loss: 0.8469
Epoch: 9, Batch: 570, Acc: 58.81%, Loss: 0.8245
Epoch: 9, Batch: 580, Acc: 58.85%, Loss: 0.7896
Epoch: 9, Batch: 590, Acc: 58.89%, Loss: 0.7862
Epoch: 9, Batch: 600, Acc: 58.89%, Loss: 0.8040
Epoch: 9, Batch: 610, Acc: 58.97%, Loss: 0.7923
Epoch: 9, Batch: 620, Acc: 58.98%, Loss: 0.7953
Epoch: 9, Batch: 630, Acc: 58.98%, Loss: 0.7880
Epoch: 9, Batch: 640, Acc: 58.95%, Loss: 0.8300
Epoch: 9, Batch: 650, Acc: 59.00%, Loss: 0.8091
Epoch: 9, Batch: 660, Acc: 58.98%, Loss: 0.8241
Epoch: 9, Batch: 670, Acc: 59.00%, Loss: 0.8243
Epoch: 9, Batch: 680, Acc: 59.01%, Loss: 0.7859
Epoch: 9, Batch: 690, Acc: 59.01%, Loss: 0.8244
Epoch: 9, Batch: 700, Acc: 59.02%, Loss: 0.8253
Epoch: 9, Batch: 710, Acc: 59.03%, Loss: 0.7880
Epoch: 9, Batch: 720, Acc: 59.04%, Loss: 0.7968
Epoch: 9, Batch: 730, Acc: 59.05%, Loss: 0.7939
Epoch: 9, Batch: 740, Acc: 59.08%, Loss: 0.7967
Epoch: 9, Batch: 750, Acc: 59.10%, Loss: 0.7949
Epoch: 9, Batch: 760, Acc: 59.15%, Loss: 0.8009
Epoch: 9, Batch: 770, Acc: 59.16%, Loss: 0.8130
Epoch: 9, Batch: 780, Acc: 59.16%, Loss: 0.8160
Epoch: 9, Batch: 790, Acc: 59.13%, Loss: 0.8253
Epoch: 9, Batch: 800, Acc: 59.14%, Loss: 0.7961
Epoch: 9, Batch: 810, Acc: 59.13%, Loss: 0.8169
Epoch: 9, Batch: 820, Acc: 59.15%, Loss: 0.7914
Epoch: 9, Batch: 830, Acc: 59.16%, Loss: 0.8058
Epoch: 9, Batch: 840, Acc: 59.16%, Loss: 0.8306
Epoch: 9, Batch: 850, Acc: 59.23%, Loss: 0.7665
Epoch: 9, Batch: 860, Acc: 59.23%, Loss: 0.8414
Epoch: 9, Batch: 870, Acc: 59.22%, Loss: 0.8383
Epoch: 9, Batch: 880, Acc: 59.20%, Loss: 0.8001
Epoch: 9, Batch: 890, Acc: 59.21%, Loss: 0.8118
Epoch: 9, Batch: 900, Acc: 59.21%, Loss: 0.8326
Epoch: 9, Batch: 910, Acc: 59.22%, Loss: 0.7970
Epoch: 9, Batch: 920, Acc: 59.24%, Loss: 0.8122
Epoch: 9, Batch: 930, Acc: 59.21%, Loss: 0.8396
Accuracy on test set: 66.98%, Val loss: 1.2422
Epoch 9: val_acc=66.98, best_val_acc=67.03, es_counter=1
Epoch: 10, Batch: 10, Acc: 58.91%, Loss: 0.8226
Epoch: 10, Batch: 20, Acc: 58.05%, Loss: 0.8389
Epoch: 10, Batch: 30, Acc: 59.32%, Loss: 0.7974
Epoch: 10, Batch: 40, Acc: 58.95%, Loss: 0.8248
Epoch: 10, Batch: 50, Acc: 59.47%, Loss: 0.7979
Epoch: 10, Batch: 60, Acc: 59.51%, Loss: 0.8086
Epoch: 10, Batch: 70, Acc: 59.31%, Loss: 0.8405
Epoch: 10, Batch: 80, Acc: 59.84%, Loss: 0.7740
Epoch: 10, Batch: 90, Acc: 59.65%, Loss: 0.8082
Epoch: 10, Batch: 100, Acc: 59.38%, Loss: 0.8415
Epoch: 10, Batch: 110, Acc: 59.33%, Loss: 0.8164
Epoch: 10, Batch: 120, Acc: 59.24%, Loss: 0.8150
Epoch: 10, Batch: 130, Acc: 59.29%, Loss: 0.7712
Epoch: 10, Batch: 140, Acc: 59.12%, Loss: 0.8299
Epoch: 10, Batch: 150, Acc: 59.17%, Loss: 0.8291
Epoch: 10, Batch: 160, Acc: 59.29%, Loss: 0.8085
Epoch: 10, Batch: 170, Acc: 59.49%, Loss: 0.7517
Epoch: 10, Batch: 180, Acc: 59.39%, Loss: 0.8099
Epoch: 10, Batch: 190, Acc: 59.28%, Loss: 0.8494
Epoch: 10, Batch: 200, Acc: 59.20%, Loss: 0.8086
Epoch: 10, Batch: 210, Acc: 59.34%, Loss: 0.7662
Epoch: 10, Batch: 220, Acc: 59.32%, Loss: 0.8420
Epoch: 10, Batch: 230, Acc: 59.30%, Loss: 0.8215
Epoch: 10, Batch: 240, Acc: 59.38%, Loss: 0.7728
Epoch: 10, Batch: 250, Acc: 59.40%, Loss: 0.7986
Epoch: 10, Batch: 260, Acc: 59.30%, Loss: 0.8348
Epoch: 10, Batch: 270, Acc: 59.28%, Loss: 0.8162
Epoch: 10, Batch: 280, Acc: 59.33%, Loss: 0.7994
Epoch: 10, Batch: 290, Acc: 59.38%, Loss: 0.8201
Epoch: 10, Batch: 300, Acc: 59.41%, Loss: 0.8164
Epoch: 10, Batch: 310, Acc: 59.40%, Loss: 0.8406
Epoch: 10, Batch: 320, Acc: 59.52%, Loss: 0.7846
Epoch: 10, Batch: 330, Acc: 59.58%, Loss: 0.7855
Epoch: 10, Batch: 340, Acc: 59.62%, Loss: 0.8287
Epoch: 10, Batch: 350, Acc: 59.66%, Loss: 0.7837
Epoch: 10, Batch: 360, Acc: 59.73%, Loss: 0.7783
Epoch: 10, Batch: 370, Acc: 59.73%, Loss: 0.8080
Epoch: 10, Batch: 380, Acc: 59.82%, Loss: 0.7823
Epoch: 10, Batch: 390, Acc: 59.71%, Loss: 0.8490
Epoch: 10, Batch: 400, Acc: 59.63%, Loss: 0.7869
Epoch: 10, Batch: 410, Acc: 59.67%, Loss: 0.8136
Epoch: 10, Batch: 420, Acc: 59.58%, Loss: 0.8540
Epoch: 10, Batch: 430, Acc: 59.61%, Loss: 0.8101
Epoch: 10, Batch: 440, Acc: 59.53%, Loss: 0.8321
Epoch: 10, Batch: 450, Acc: 59.61%, Loss: 0.7607
Epoch: 10, Batch: 460, Acc: 59.70%, Loss: 0.7706
Epoch: 10, Batch: 470, Acc: 59.75%, Loss: 0.7857
Epoch: 10, Batch: 480, Acc: 59.74%, Loss: 0.8167
Epoch: 10, Batch: 490, Acc: 59.76%, Loss: 0.7731
Epoch: 10, Batch: 500, Acc: 59.71%, Loss: 0.8160
Epoch: 10, Batch: 510, Acc: 59.67%, Loss: 0.8150
Epoch: 10, Batch: 520, Acc: 59.68%, Loss: 0.7871
Epoch: 10, Batch: 530, Acc: 59.67%, Loss: 0.8120
Epoch: 10, Batch: 540, Acc: 59.67%, Loss: 0.8097
Epoch: 10, Batch: 550, Acc: 59.64%, Loss: 0.8287
Epoch: 10, Batch: 560, Acc: 59.67%, Loss: 0.7922
Epoch: 10, Batch: 570, Acc: 59.65%, Loss: 0.8087
Epoch: 10, Batch: 580, Acc: 59.66%, Loss: 0.8008
Epoch: 10, Batch: 590, Acc: 59.64%, Loss: 0.7905
Epoch: 10, Batch: 600, Acc: 59.65%, Loss: 0.7823
Epoch: 10, Batch: 610, Acc: 59.67%, Loss: 0.8122
Epoch: 10, Batch: 620, Acc: 59.70%, Loss: 0.8264
Epoch: 10, Batch: 630, Acc: 59.69%, Loss: 0.7901
Epoch: 10, Batch: 640, Acc: 59.66%, Loss: 0.8006
Epoch: 10, Batch: 650, Acc: 59.63%, Loss: 0.8222
Epoch: 10, Batch: 660, Acc: 59.61%, Loss: 0.8431
Epoch: 10, Batch: 670, Acc: 59.60%, Loss: 0.7774
Epoch: 10, Batch: 680, Acc: 59.57%, Loss: 0.8232
Epoch: 10, Batch: 690, Acc: 59.58%, Loss: 0.8152
Epoch: 10, Batch: 700, Acc: 59.60%, Loss: 0.8413
Epoch: 10, Batch: 710, Acc: 59.65%, Loss: 0.7831
Epoch: 10, Batch: 720, Acc: 59.69%, Loss: 0.7986
Epoch: 10, Batch: 730, Acc: 59.71%, Loss: 0.8062
Epoch: 10, Batch: 740, Acc: 59.68%, Loss: 0.8272
Epoch: 10, Batch: 750, Acc: 59.69%, Loss: 0.7821
Epoch: 10, Batch: 760, Acc: 59.69%, Loss: 0.7635
Epoch: 10, Batch: 770, Acc: 59.64%, Loss: 0.8407
Epoch: 10, Batch: 780, Acc: 59.61%, Loss: 0.8134
Epoch: 10, Batch: 790, Acc: 59.63%, Loss: 0.7962
Epoch: 10, Batch: 800, Acc: 59.60%, Loss: 0.8618
Epoch: 10, Batch: 810, Acc: 59.62%, Loss: 0.7760
Epoch: 10, Batch: 820, Acc: 59.60%, Loss: 0.8101
Epoch: 10, Batch: 830, Acc: 59.58%, Loss: 0.8718
Epoch: 10, Batch: 840, Acc: 59.57%, Loss: 0.8109
Epoch: 10, Batch: 850, Acc: 59.59%, Loss: 0.7698
Epoch: 10, Batch: 860, Acc: 59.62%, Loss: 0.7610
Epoch: 10, Batch: 870, Acc: 59.62%, Loss: 0.7925
Epoch: 10, Batch: 880, Acc: 59.63%, Loss: 0.8116
Epoch: 10, Batch: 890, Acc: 59.61%, Loss: 0.8295
Epoch: 10, Batch: 900, Acc: 59.65%, Loss: 0.7578
Epoch: 10, Batch: 910, Acc: 59.66%, Loss: 0.8255
Epoch: 10, Batch: 920, Acc: 59.64%, Loss: 0.8353
Epoch: 10, Batch: 930, Acc: 59.66%, Loss: 0.8089
Accuracy on test set: 67.89%, Val loss: 1.2363
Epoch 10: val_acc=67.89, best_val_acc=67.89, es_counter=0
Epoch: 11, Batch: 10, Acc: 57.66%, Loss: 0.7973
Epoch: 11, Batch: 20, Acc: 58.67%, Loss: 0.7768
Epoch: 11, Batch: 30, Acc: 59.95%, Loss: 0.7843
Epoch: 11, Batch: 40, Acc: 60.62%, Loss: 0.7716
Epoch: 11, Batch: 50, Acc: 60.53%, Loss: 0.7994
Epoch: 11, Batch: 60, Acc: 60.81%, Loss: 0.7885
Epoch: 11, Batch: 70, Acc: 60.85%, Loss: 0.8214
Epoch: 11, Batch: 80, Acc: 61.15%, Loss: 0.7650
Epoch: 11, Batch: 90, Acc: 60.75%, Loss: 0.8646
Epoch: 11, Batch: 100, Acc: 60.34%, Loss: 0.8433
Epoch: 11, Batch: 110, Acc: 60.20%, Loss: 0.8289
Epoch: 11, Batch: 120, Acc: 60.20%, Loss: 0.7818
Epoch: 11, Batch: 130, Acc: 60.11%, Loss: 0.8248
Epoch: 11, Batch: 140, Acc: 60.32%, Loss: 0.7845
Epoch: 11, Batch: 150, Acc: 60.08%, Loss: 0.7993
Epoch: 11, Batch: 160, Acc: 60.14%, Loss: 0.7995
Epoch: 11, Batch: 170, Acc: 60.09%, Loss: 0.8050
Epoch: 11, Batch: 180, Acc: 60.22%, Loss: 0.7843
Epoch: 11, Batch: 190, Acc: 60.25%, Loss: 0.7827
Epoch: 11, Batch: 200, Acc: 60.38%, Loss: 0.7622
Epoch: 11, Batch: 210, Acc: 60.31%, Loss: 0.7971
Epoch: 11, Batch: 220, Acc: 60.40%, Loss: 0.7705
Epoch: 11, Batch: 230, Acc: 60.31%, Loss: 0.8418
Epoch: 11, Batch: 240, Acc: 60.19%, Loss: 0.8065
Epoch: 11, Batch: 250, Acc: 60.21%, Loss: 0.7775
Epoch: 11, Batch: 260, Acc: 60.30%, Loss: 0.7471
Epoch: 11, Batch: 270, Acc: 60.19%, Loss: 0.8166
Epoch: 11, Batch: 280, Acc: 60.13%, Loss: 0.8212
Epoch: 11, Batch: 290, Acc: 60.06%, Loss: 0.7933
Epoch: 11, Batch: 300, Acc: 60.12%, Loss: 0.7809
Epoch: 11, Batch: 310, Acc: 60.13%, Loss: 0.8013
Epoch: 11, Batch: 320, Acc: 60.07%, Loss: 0.8408
Epoch: 11, Batch: 330, Acc: 60.05%, Loss: 0.8097
Epoch: 11, Batch: 340, Acc: 60.09%, Loss: 0.8039
Epoch: 11, Batch: 350, Acc: 60.07%, Loss: 0.8225
Epoch: 11, Batch: 360, Acc: 60.07%, Loss: 0.8460
Epoch: 11, Batch: 370, Acc: 59.98%, Loss: 0.8554
Epoch: 11, Batch: 380, Acc: 59.99%, Loss: 0.8061
Epoch: 11, Batch: 390, Acc: 59.97%, Loss: 0.8300
Epoch: 11, Batch: 400, Acc: 60.04%, Loss: 0.7810
Epoch: 11, Batch: 410, Acc: 60.08%, Loss: 0.7680
Epoch: 11, Batch: 420, Acc: 60.07%, Loss: 0.8296
Epoch: 11, Batch: 430, Acc: 60.10%, Loss: 0.8189
Epoch: 11, Batch: 440, Acc: 60.04%, Loss: 0.8405
Epoch: 11, Batch: 450, Acc: 60.02%, Loss: 0.8082
Epoch: 11, Batch: 460, Acc: 60.06%, Loss: 0.7618
Epoch: 11, Batch: 470, Acc: 60.07%, Loss: 0.8003
Epoch: 11, Batch: 480, Acc: 60.04%, Loss: 0.8360
Epoch: 11, Batch: 490, Acc: 60.01%, Loss: 0.8256
Epoch: 11, Batch: 500, Acc: 59.93%, Loss: 0.8252
Epoch: 11, Batch: 510, Acc: 59.93%, Loss: 0.7903
Epoch: 11, Batch: 520, Acc: 59.95%, Loss: 0.7994
Epoch: 11, Batch: 530, Acc: 59.98%, Loss: 0.7961
Epoch: 11, Batch: 540, Acc: 59.99%, Loss: 0.7871
Epoch: 11, Batch: 550, Acc: 59.95%, Loss: 0.8219
Epoch: 11, Batch: 560, Acc: 59.98%, Loss: 0.8001
Epoch: 11, Batch: 570, Acc: 59.94%, Loss: 0.8170
Epoch: 11, Batch: 580, Acc: 59.93%, Loss: 0.8156
Epoch: 11, Batch: 590, Acc: 59.89%, Loss: 0.8260
Epoch: 11, Batch: 600, Acc: 59.92%, Loss: 0.7725
Epoch: 11, Batch: 610, Acc: 59.93%, Loss: 0.8178
Epoch: 11, Batch: 620, Acc: 59.96%, Loss: 0.7708
Epoch: 11, Batch: 630, Acc: 59.95%, Loss: 0.7811
Epoch: 11, Batch: 640, Acc: 59.89%, Loss: 0.8401
Epoch: 11, Batch: 650, Acc: 59.89%, Loss: 0.7996
Epoch: 11, Batch: 660, Acc: 59.94%, Loss: 0.7770
Epoch: 11, Batch: 670, Acc: 59.95%, Loss: 0.7683
Epoch: 11, Batch: 680, Acc: 59.94%, Loss: 0.7923
Epoch: 11, Batch: 690, Acc: 59.94%, Loss: 0.7970
Epoch: 11, Batch: 700, Acc: 59.96%, Loss: 0.7975
Epoch: 11, Batch: 710, Acc: 59.94%, Loss: 0.8097
Epoch: 11, Batch: 720, Acc: 59.95%, Loss: 0.8078
Epoch: 11, Batch: 730, Acc: 59.96%, Loss: 0.7871
Epoch: 11, Batch: 740, Acc: 59.98%, Loss: 0.7929
Epoch: 11, Batch: 750, Acc: 59.99%, Loss: 0.8013
Epoch: 11, Batch: 760, Acc: 60.00%, Loss: 0.8171
Epoch: 11, Batch: 770, Acc: 59.99%, Loss: 0.8065
Epoch: 11, Batch: 780, Acc: 60.00%, Loss: 0.7613
Epoch: 11, Batch: 790, Acc: 60.01%, Loss: 0.8084
Epoch: 11, Batch: 800, Acc: 60.01%, Loss: 0.8020
Epoch: 11, Batch: 810, Acc: 60.00%, Loss: 0.8238
Epoch: 11, Batch: 820, Acc: 60.00%, Loss: 0.7977
Epoch: 11, Batch: 830, Acc: 60.00%, Loss: 0.8274
Epoch: 11, Batch: 840, Acc: 60.01%, Loss: 0.7707
Epoch: 11, Batch: 850, Acc: 60.00%, Loss: 0.7988
Epoch: 11, Batch: 860, Acc: 59.99%, Loss: 0.8103
Epoch: 11, Batch: 870, Acc: 60.03%, Loss: 0.7663
Epoch: 11, Batch: 880, Acc: 60.05%, Loss: 0.7710
Epoch: 11, Batch: 890, Acc: 60.05%, Loss: 0.8130
Epoch: 11, Batch: 900, Acc: 60.02%, Loss: 0.8030
Epoch: 11, Batch: 910, Acc: 60.05%, Loss: 0.7872
Epoch: 11, Batch: 920, Acc: 60.06%, Loss: 0.8003
Epoch: 11, Batch: 930, Acc: 60.05%, Loss: 0.7923
Accuracy on test set: 68.14%, Val loss: 1.2277
Epoch 11: val_acc=68.14, best_val_acc=68.14, es_counter=0
Epoch: 12, Batch: 10, Acc: 62.97%, Loss: 0.7638
Epoch: 12, Batch: 20, Acc: 61.09%, Loss: 0.7979
Epoch: 12, Batch: 30, Acc: 59.58%, Loss: 0.8278
Epoch: 12, Batch: 40, Acc: 59.53%, Loss: 0.7800
Epoch: 12, Batch: 50, Acc: 60.00%, Loss: 0.7573
Epoch: 12, Batch: 60, Acc: 60.08%, Loss: 0.7992
Epoch: 12, Batch: 70, Acc: 59.91%, Loss: 0.8592
Epoch: 12, Batch: 80, Acc: 59.71%, Loss: 0.8113
Epoch: 12, Batch: 90, Acc: 60.05%, Loss: 0.7601
Epoch: 12, Batch: 100, Acc: 59.80%, Loss: 0.8159
Epoch: 12, Batch: 110, Acc: 59.53%, Loss: 0.8282
Epoch: 12, Batch: 120, Acc: 59.61%, Loss: 0.7622
Epoch: 12, Batch: 130, Acc: 59.53%, Loss: 0.8152
Epoch: 12, Batch: 140, Acc: 59.67%, Loss: 0.7865
Epoch: 12, Batch: 150, Acc: 59.51%, Loss: 0.8338
Epoch: 12, Batch: 160, Acc: 59.60%, Loss: 0.7842
Epoch: 12, Batch: 170, Acc: 59.79%, Loss: 0.7818
Epoch: 12, Batch: 180, Acc: 59.67%, Loss: 0.8225
Epoch: 12, Batch: 190, Acc: 59.90%, Loss: 0.7797
Epoch: 12, Batch: 200, Acc: 59.89%, Loss: 0.8044
Epoch: 12, Batch: 210, Acc: 59.86%, Loss: 0.7659
Epoch: 12, Batch: 220, Acc: 59.85%, Loss: 0.7988
Epoch: 12, Batch: 230, Acc: 59.72%, Loss: 0.8278
Epoch: 12, Batch: 240, Acc: 59.79%, Loss: 0.8206
Epoch: 12, Batch: 250, Acc: 59.83%, Loss: 0.7647
Epoch: 12, Batch: 260, Acc: 59.93%, Loss: 0.7893
Epoch: 12, Batch: 270, Acc: 59.98%, Loss: 0.7906
Epoch: 12, Batch: 280, Acc: 60.04%, Loss: 0.7827
Epoch: 12, Batch: 290, Acc: 59.99%, Loss: 0.8105
Epoch: 12, Batch: 300, Acc: 59.98%, Loss: 0.8157
Epoch: 12, Batch: 310, Acc: 60.06%, Loss: 0.7494
Epoch: 12, Batch: 320, Acc: 60.05%, Loss: 0.7858
Epoch: 12, Batch: 330, Acc: 59.96%, Loss: 0.8554
Epoch: 12, Batch: 340, Acc: 60.08%, Loss: 0.7543
Epoch: 12, Batch: 350, Acc: 60.02%, Loss: 0.8316
Epoch: 12, Batch: 360, Acc: 60.08%, Loss: 0.8170
Epoch: 12, Batch: 370, Acc: 60.14%, Loss: 0.7930
Epoch: 12, Batch: 380, Acc: 60.16%, Loss: 0.8330
Epoch: 12, Batch: 390, Acc: 60.12%, Loss: 0.8387
Epoch: 12, Batch: 400, Acc: 60.19%, Loss: 0.7637
Epoch: 12, Batch: 410, Acc: 60.29%, Loss: 0.7504
Epoch: 12, Batch: 420, Acc: 60.29%, Loss: 0.8034
Epoch: 12, Batch: 430, Acc: 60.28%, Loss: 0.7683
Epoch: 12, Batch: 440, Acc: 60.29%, Loss: 0.7655
Epoch: 12, Batch: 450, Acc: 60.32%, Loss: 0.8107
Epoch: 12, Batch: 460, Acc: 60.32%, Loss: 0.8277
Epoch: 12, Batch: 470, Acc: 60.29%, Loss: 0.8223
Epoch: 12, Batch: 480, Acc: 60.29%, Loss: 0.7996
Epoch: 12, Batch: 490, Acc: 60.23%, Loss: 0.8443
Epoch: 12, Batch: 500, Acc: 60.17%, Loss: 0.8133
Epoch: 12, Batch: 510, Acc: 60.14%, Loss: 0.8031
Epoch: 12, Batch: 520, Acc: 60.14%, Loss: 0.8069
Epoch: 12, Batch: 530, Acc: 60.17%, Loss: 0.7716
Epoch: 12, Batch: 540, Acc: 60.21%, Loss: 0.7643
Epoch: 12, Batch: 550, Acc: 60.18%, Loss: 0.8309
Epoch: 12, Batch: 560, Acc: 60.18%, Loss: 0.8317
Epoch: 12, Batch: 570, Acc: 60.16%, Loss: 0.8171
Epoch: 12, Batch: 580, Acc: 60.24%, Loss: 0.7648
Epoch: 12, Batch: 590, Acc: 60.24%, Loss: 0.8105
Epoch: 12, Batch: 600, Acc: 60.28%, Loss: 0.7439
Epoch: 12, Batch: 610, Acc: 60.25%, Loss: 0.8333
Epoch: 12, Batch: 620, Acc: 60.29%, Loss: 0.7600
Epoch: 12, Batch: 630, Acc: 60.33%, Loss: 0.7696
Epoch: 12, Batch: 640, Acc: 60.36%, Loss: 0.7760
Epoch: 12, Batch: 650, Acc: 60.35%, Loss: 0.7802
Epoch: 12, Batch: 660, Acc: 60.34%, Loss: 0.8091
Epoch: 12, Batch: 670, Acc: 60.36%, Loss: 0.7521
Epoch: 12, Batch: 680, Acc: 60.37%, Loss: 0.8070
Epoch: 12, Batch: 690, Acc: 60.33%, Loss: 0.8472
Epoch: 12, Batch: 700, Acc: 60.40%, Loss: 0.7535
Epoch: 12, Batch: 710, Acc: 60.42%, Loss: 0.7792
Epoch: 12, Batch: 720, Acc: 60.37%, Loss: 0.8287
Epoch: 12, Batch: 730, Acc: 60.40%, Loss: 0.7603
Epoch: 12, Batch: 740, Acc: 60.41%, Loss: 0.8005
Epoch: 12, Batch: 750, Acc: 60.39%, Loss: 0.8175
Epoch: 12, Batch: 760, Acc: 60.37%, Loss: 0.8137
Epoch: 12, Batch: 770, Acc: 60.32%, Loss: 0.8201
Epoch: 12, Batch: 780, Acc: 60.35%, Loss: 0.7668
Epoch: 12, Batch: 790, Acc: 60.34%, Loss: 0.8200
Epoch: 12, Batch: 800, Acc: 60.36%, Loss: 0.7817
Epoch: 12, Batch: 810, Acc: 60.40%, Loss: 0.7912
Epoch: 12, Batch: 820, Acc: 60.41%, Loss: 0.7817
Epoch: 12, Batch: 830, Acc: 60.42%, Loss: 0.7768
Epoch: 12, Batch: 840, Acc: 60.45%, Loss: 0.7949
Epoch: 12, Batch: 850, Acc: 60.46%, Loss: 0.7776
Epoch: 12, Batch: 860, Acc: 60.46%, Loss: 0.8008
Epoch: 12, Batch: 870, Acc: 60.44%, Loss: 0.8105
Epoch: 12, Batch: 880, Acc: 60.42%, Loss: 0.7985
Epoch: 12, Batch: 890, Acc: 60.42%, Loss: 0.8007
Epoch: 12, Batch: 900, Acc: 60.45%, Loss: 0.7783
Epoch: 12, Batch: 910, Acc: 60.47%, Loss: 0.7496
Epoch: 12, Batch: 920, Acc: 60.46%, Loss: 0.8114
Epoch: 12, Batch: 930, Acc: 60.45%, Loss: 0.7903
Accuracy on test set: 68.61%, Val loss: 1.2158
Epoch 12: val_acc=68.61, best_val_acc=68.61, es_counter=0
Epoch: 13, Batch: 10, Acc: 61.72%, Loss: 0.7588
Epoch: 13, Batch: 20, Acc: 61.09%, Loss: 0.7793
Epoch: 13, Batch: 30, Acc: 62.50%, Loss: 0.7294
Epoch: 13, Batch: 40, Acc: 62.27%, Loss: 0.7696
Epoch: 13, Batch: 50, Acc: 62.56%, Loss: 0.7643
Epoch: 13, Batch: 60, Acc: 62.29%, Loss: 0.7651
Epoch: 13, Batch: 70, Acc: 62.03%, Loss: 0.7850
Epoch: 13, Batch: 80, Acc: 62.03%, Loss: 0.7714
Epoch: 13, Batch: 90, Acc: 61.93%, Loss: 0.7825
Epoch: 13, Batch: 100, Acc: 61.80%, Loss: 0.8077
Epoch: 13, Batch: 110, Acc: 61.72%, Loss: 0.7989
Epoch: 13, Batch: 120, Acc: 61.85%, Loss: 0.8079
Epoch: 13, Batch: 130, Acc: 61.69%, Loss: 0.8217
Epoch: 13, Batch: 140, Acc: 61.65%, Loss: 0.8054
Epoch: 13, Batch: 150, Acc: 61.74%, Loss: 0.7916
Epoch: 13, Batch: 160, Acc: 61.62%, Loss: 0.7990
Epoch: 13, Batch: 170, Acc: 61.75%, Loss: 0.7416
Epoch: 13, Batch: 180, Acc: 61.83%, Loss: 0.7994
Epoch: 13, Batch: 190, Acc: 61.78%, Loss: 0.7966
Epoch: 13, Batch: 200, Acc: 61.73%, Loss: 0.8045
Epoch: 13, Batch: 210, Acc: 61.57%, Loss: 0.8029
Epoch: 13, Batch: 220, Acc: 61.51%, Loss: 0.7840
Epoch: 13, Batch: 230, Acc: 61.58%, Loss: 0.7554
Epoch: 13, Batch: 240, Acc: 61.51%, Loss: 0.7996
Epoch: 13, Batch: 250, Acc: 61.45%, Loss: 0.8277
Epoch: 13, Batch: 260, Acc: 61.34%, Loss: 0.7946
Epoch: 13, Batch: 270, Acc: 61.38%, Loss: 0.7886
Epoch: 13, Batch: 280, Acc: 61.45%, Loss: 0.7814
Epoch: 13, Batch: 290, Acc: 61.40%, Loss: 0.7912
Epoch: 13, Batch: 300, Acc: 61.45%, Loss: 0.7928
Epoch: 13, Batch: 310, Acc: 61.36%, Loss: 0.8175
Epoch: 13, Batch: 320, Acc: 61.36%, Loss: 0.7655
Epoch: 13, Batch: 330, Acc: 61.39%, Loss: 0.7955
Epoch: 13, Batch: 340, Acc: 61.34%, Loss: 0.8268
Epoch: 13, Batch: 350, Acc: 61.29%, Loss: 0.7890
Epoch: 13, Batch: 360, Acc: 61.27%, Loss: 0.7928
Epoch: 13, Batch: 370, Acc: 61.20%, Loss: 0.7946
Epoch: 13, Batch: 380, Acc: 61.25%, Loss: 0.7785
Epoch: 13, Batch: 390, Acc: 61.22%, Loss: 0.8207
Epoch: 13, Batch: 400, Acc: 61.20%, Loss: 0.8059
Epoch: 13, Batch: 410, Acc: 61.15%, Loss: 0.7899
Epoch: 13, Batch: 420, Acc: 61.11%, Loss: 0.7950
Epoch: 13, Batch: 430, Acc: 61.14%, Loss: 0.7541
Epoch: 13, Batch: 440, Acc: 61.09%, Loss: 0.7862
Epoch: 13, Batch: 450, Acc: 61.09%, Loss: 0.7922
Epoch: 13, Batch: 460, Acc: 61.12%, Loss: 0.7900
Epoch: 13, Batch: 470, Acc: 61.05%, Loss: 0.8373
Epoch: 13, Batch: 480, Acc: 61.04%, Loss: 0.7941
Epoch: 13, Batch: 490, Acc: 61.04%, Loss: 0.7917
Epoch: 13, Batch: 500, Acc: 61.02%, Loss: 0.7851
Epoch: 13, Batch: 510, Acc: 61.00%, Loss: 0.8093
Epoch: 13, Batch: 520, Acc: 61.00%, Loss: 0.7969
Epoch: 13, Batch: 530, Acc: 60.99%, Loss: 0.7750
Epoch: 13, Batch: 540, Acc: 61.03%, Loss: 0.7451
Epoch: 13, Batch: 550, Acc: 60.99%, Loss: 0.8126
Epoch: 13, Batch: 560, Acc: 60.98%, Loss: 0.8093
Epoch: 13, Batch: 570, Acc: 60.99%, Loss: 0.7555
Epoch: 13, Batch: 580, Acc: 60.93%, Loss: 0.8231
Epoch: 13, Batch: 590, Acc: 60.95%, Loss: 0.7561
Epoch: 13, Batch: 600, Acc: 60.93%, Loss: 0.8002
Epoch: 13, Batch: 610, Acc: 60.95%, Loss: 0.7815
Epoch: 13, Batch: 620, Acc: 60.91%, Loss: 0.8219
Epoch: 13, Batch: 630, Acc: 60.91%, Loss: 0.7906
Epoch: 13, Batch: 640, Acc: 60.92%, Loss: 0.8000
Epoch: 13, Batch: 650, Acc: 60.94%, Loss: 0.7665
Epoch: 13, Batch: 660, Acc: 60.92%, Loss: 0.8083
Epoch: 13, Batch: 670, Acc: 60.93%, Loss: 0.7990
Epoch: 13, Batch: 680, Acc: 60.92%, Loss: 0.7903
Epoch: 13, Batch: 690, Acc: 60.91%, Loss: 0.8248
Epoch: 13, Batch: 700, Acc: 60.89%, Loss: 0.7947
Epoch: 13, Batch: 710, Acc: 60.87%, Loss: 0.8076
Epoch: 13, Batch: 720, Acc: 60.85%, Loss: 0.7885
Epoch: 13, Batch: 730, Acc: 60.85%, Loss: 0.7591
Epoch: 13, Batch: 740, Acc: 60.87%, Loss: 0.7952
Epoch: 13, Batch: 750, Acc: 60.87%, Loss: 0.7730
Epoch: 13, Batch: 760, Acc: 60.91%, Loss: 0.7543
Epoch: 13, Batch: 770, Acc: 60.91%, Loss: 0.7801
Epoch: 13, Batch: 780, Acc: 60.89%, Loss: 0.8316
Epoch: 13, Batch: 790, Acc: 60.88%, Loss: 0.7801
Epoch: 13, Batch: 800, Acc: 60.79%, Loss: 0.8728
Epoch: 13, Batch: 810, Acc: 60.77%, Loss: 0.8081
Epoch: 13, Batch: 820, Acc: 60.78%, Loss: 0.7774
Epoch: 13, Batch: 830, Acc: 60.75%, Loss: 0.8079
Epoch: 13, Batch: 840, Acc: 60.78%, Loss: 0.7532
Epoch: 13, Batch: 850, Acc: 60.79%, Loss: 0.7649
Epoch: 13, Batch: 860, Acc: 60.76%, Loss: 0.8043
Epoch: 13, Batch: 870, Acc: 60.76%, Loss: 0.7982
Epoch: 13, Batch: 880, Acc: 60.78%, Loss: 0.7895
Epoch: 13, Batch: 890, Acc: 60.79%, Loss: 0.7523
Epoch: 13, Batch: 900, Acc: 60.81%, Loss: 0.7628
Epoch: 13, Batch: 910, Acc: 60.84%, Loss: 0.7716
Epoch: 13, Batch: 920, Acc: 60.81%, Loss: 0.8194
Epoch: 13, Batch: 930, Acc: 60.81%, Loss: 0.7994
Accuracy on test set: 68.35%, Val loss: 1.2070
Epoch 13: val_acc=68.35, best_val_acc=68.61, es_counter=1
Epoch: 14, Batch: 10, Acc: 58.59%, Loss: 0.8059
Epoch: 14, Batch: 20, Acc: 60.55%, Loss: 0.7596
Epoch: 14, Batch: 30, Acc: 61.30%, Loss: 0.7944
Epoch: 14, Batch: 40, Acc: 61.64%, Loss: 0.7574
Epoch: 14, Batch: 50, Acc: 61.38%, Loss: 0.7739
Epoch: 14, Batch: 60, Acc: 60.99%, Loss: 0.7961
Epoch: 14, Batch: 70, Acc: 60.56%, Loss: 0.7994
Epoch: 14, Batch: 80, Acc: 60.31%, Loss: 0.8510
Epoch: 14, Batch: 90, Acc: 60.21%, Loss: 0.8065
Epoch: 14, Batch: 100, Acc: 60.45%, Loss: 0.7600
Epoch: 14, Batch: 110, Acc: 60.33%, Loss: 0.7795
Epoch: 14, Batch: 120, Acc: 60.56%, Loss: 0.7723
Epoch: 14, Batch: 130, Acc: 60.69%, Loss: 0.7741
Epoch: 14, Batch: 140, Acc: 60.78%, Loss: 0.8005
Epoch: 14, Batch: 150, Acc: 60.97%, Loss: 0.7463
Epoch: 14, Batch: 160, Acc: 60.94%, Loss: 0.8113
Epoch: 14, Batch: 170, Acc: 60.93%, Loss: 0.7585
Epoch: 14, Batch: 180, Acc: 61.01%, Loss: 0.7629
Epoch: 14, Batch: 190, Acc: 61.03%, Loss: 0.7873
Epoch: 14, Batch: 200, Acc: 61.12%, Loss: 0.7744
Epoch: 14, Batch: 210, Acc: 61.30%, Loss: 0.7371
Epoch: 14, Batch: 220, Acc: 61.34%, Loss: 0.7357
Epoch: 14, Batch: 230, Acc: 61.39%, Loss: 0.7700
Epoch: 14, Batch: 240, Acc: 61.37%, Loss: 0.8041
Epoch: 14, Batch: 250, Acc: 61.47%, Loss: 0.7668
Epoch: 14, Batch: 260, Acc: 61.42%, Loss: 0.7944
Epoch: 14, Batch: 270, Acc: 61.51%, Loss: 0.7676
Epoch: 14, Batch: 280, Acc: 61.48%, Loss: 0.8087
Epoch: 14, Batch: 290, Acc: 61.47%, Loss: 0.7772
Epoch: 14, Batch: 300, Acc: 61.45%, Loss: 0.7978
Epoch: 14, Batch: 310, Acc: 61.55%, Loss: 0.7660
Epoch: 14, Batch: 320, Acc: 61.56%, Loss: 0.7698
Epoch: 14, Batch: 330, Acc: 61.47%, Loss: 0.7821
Epoch: 14, Batch: 340, Acc: 61.50%, Loss: 0.7694
Epoch: 14, Batch: 350, Acc: 61.45%, Loss: 0.7981
Epoch: 14, Batch: 360, Acc: 61.40%, Loss: 0.7963
Epoch: 14, Batch: 370, Acc: 61.36%, Loss: 0.7705
Epoch: 14, Batch: 380, Acc: 61.39%, Loss: 0.7688
Epoch: 14, Batch: 390, Acc: 61.41%, Loss: 0.7562
Epoch: 14, Batch: 400, Acc: 61.34%, Loss: 0.8190
Epoch: 14, Batch: 410, Acc: 61.37%, Loss: 0.7672
Epoch: 14, Batch: 420, Acc: 61.33%, Loss: 0.8022
Epoch: 14, Batch: 430, Acc: 61.31%, Loss: 0.8200
Epoch: 14, Batch: 440, Acc: 61.25%, Loss: 0.8173
Epoch: 14, Batch: 450, Acc: 61.25%, Loss: 0.7876
Epoch: 14, Batch: 460, Acc: 61.29%, Loss: 0.7754
Epoch: 14, Batch: 470, Acc: 61.20%, Loss: 0.8192
Epoch: 14, Batch: 480, Acc: 61.23%, Loss: 0.7696
Epoch: 14, Batch: 490, Acc: 61.23%, Loss: 0.7689
Epoch: 14, Batch: 500, Acc: 61.23%, Loss: 0.7591
Epoch: 14, Batch: 510, Acc: 61.24%, Loss: 0.7538
Epoch: 14, Batch: 520, Acc: 61.25%, Loss: 0.7703
Epoch: 14, Batch: 530, Acc: 61.22%, Loss: 0.7980
Epoch: 14, Batch: 540, Acc: 61.18%, Loss: 0.8217
Epoch: 14, Batch: 550, Acc: 61.23%, Loss: 0.7416
Epoch: 14, Batch: 560, Acc: 61.20%, Loss: 0.8348
Epoch: 14, Batch: 570, Acc: 61.22%, Loss: 0.7670
Epoch: 14, Batch: 580, Acc: 61.18%, Loss: 0.8287
Epoch: 14, Batch: 590, Acc: 61.17%, Loss: 0.7711
Epoch: 14, Batch: 600, Acc: 61.15%, Loss: 0.7952
Epoch: 14, Batch: 610, Acc: 61.13%, Loss: 0.8145
Epoch: 14, Batch: 620, Acc: 61.13%, Loss: 0.7509
Epoch: 14, Batch: 630, Acc: 61.13%, Loss: 0.7862
Epoch: 14, Batch: 640, Acc: 61.12%, Loss: 0.8095
Epoch: 14, Batch: 650, Acc: 61.14%, Loss: 0.7967
Epoch: 14, Batch: 660, Acc: 61.24%, Loss: 0.7296
Epoch: 14, Batch: 670, Acc: 61.23%, Loss: 0.8169
Epoch: 14, Batch: 680, Acc: 61.17%, Loss: 0.8460
Epoch: 14, Batch: 690, Acc: 61.18%, Loss: 0.7905
Epoch: 14, Batch: 700, Acc: 61.16%, Loss: 0.8324
Epoch: 14, Batch: 710, Acc: 61.13%, Loss: 0.8098
Epoch: 14, Batch: 720, Acc: 61.12%, Loss: 0.7958
Epoch: 14, Batch: 730, Acc: 61.10%, Loss: 0.7965
Epoch: 14, Batch: 740, Acc: 61.13%, Loss: 0.7658
Epoch: 14, Batch: 750, Acc: 61.15%, Loss: 0.7620
Epoch: 14, Batch: 760, Acc: 61.15%, Loss: 0.7590
Epoch: 14, Batch: 770, Acc: 61.12%, Loss: 0.8103
Epoch: 14, Batch: 780, Acc: 61.11%, Loss: 0.7837
Epoch: 14, Batch: 790, Acc: 61.14%, Loss: 0.7768
Epoch: 14, Batch: 800, Acc: 61.14%, Loss: 0.7730
Epoch: 14, Batch: 810, Acc: 61.17%, Loss: 0.7448
Epoch: 14, Batch: 820, Acc: 61.13%, Loss: 0.8149
Epoch: 14, Batch: 830, Acc: 61.13%, Loss: 0.8012
Epoch: 14, Batch: 840, Acc: 61.09%, Loss: 0.8118
Epoch: 14, Batch: 850, Acc: 61.07%, Loss: 0.8184
Epoch: 14, Batch: 860, Acc: 61.08%, Loss: 0.7779
Epoch: 14, Batch: 870, Acc: 61.03%, Loss: 0.8299
Epoch: 14, Batch: 880, Acc: 60.98%, Loss: 0.8076
Epoch: 14, Batch: 890, Acc: 60.99%, Loss: 0.8154
Epoch: 14, Batch: 900, Acc: 61.00%, Loss: 0.7828
Epoch: 14, Batch: 910, Acc: 60.98%, Loss: 0.8066
Epoch: 14, Batch: 920, Acc: 61.01%, Loss: 0.7599
Epoch: 14, Batch: 930, Acc: 61.04%, Loss: 0.7727
Accuracy on test set: 68.60%, Val loss: 1.1927
Epoch 14: val_acc=68.60, best_val_acc=68.61, es_counter=2
Epoch: 15, Batch: 10, Acc: 64.22%, Loss: 0.7300
Epoch: 15, Batch: 20, Acc: 61.64%, Loss: 0.8253
Epoch: 15, Batch: 30, Acc: 61.82%, Loss: 0.7744
Epoch: 15, Batch: 40, Acc: 60.66%, Loss: 0.7958
Epoch: 15, Batch: 50, Acc: 60.81%, Loss: 0.7765
Epoch: 15, Batch: 60, Acc: 60.81%, Loss: 0.7749
Epoch: 15, Batch: 70, Acc: 61.12%, Loss: 0.7685
Epoch: 15, Batch: 80, Acc: 61.29%, Loss: 0.7699
Epoch: 15, Batch: 90, Acc: 61.09%, Loss: 0.7969
Epoch: 15, Batch: 100, Acc: 60.67%, Loss: 0.8503
Epoch: 15, Batch: 110, Acc: 60.91%, Loss: 0.7633
Epoch: 15, Batch: 120, Acc: 60.90%, Loss: 0.7666
Epoch: 15, Batch: 130, Acc: 61.27%, Loss: 0.7496
Epoch: 15, Batch: 140, Acc: 61.26%, Loss: 0.7768
Epoch: 15, Batch: 150, Acc: 61.17%, Loss: 0.8080
Epoch: 15, Batch: 160, Acc: 61.40%, Loss: 0.7451
Epoch: 15, Batch: 170, Acc: 61.44%, Loss: 0.7755
Epoch: 15, Batch: 180, Acc: 61.55%, Loss: 0.7521
Epoch: 15, Batch: 190, Acc: 61.53%, Loss: 0.7664
Epoch: 15, Batch: 200, Acc: 61.38%, Loss: 0.8414
Epoch: 15, Batch: 210, Acc: 61.49%, Loss: 0.7458
Epoch: 15, Batch: 220, Acc: 61.42%, Loss: 0.8084
Epoch: 15, Batch: 230, Acc: 61.45%, Loss: 0.7835
Epoch: 15, Batch: 240, Acc: 61.32%, Loss: 0.8161
Epoch: 15, Batch: 250, Acc: 61.19%, Loss: 0.7740
Epoch: 15, Batch: 260, Acc: 61.15%, Loss: 0.8140
Epoch: 15, Batch: 270, Acc: 61.13%, Loss: 0.8217
Epoch: 15, Batch: 280, Acc: 61.09%, Loss: 0.8113
Epoch: 15, Batch: 290, Acc: 61.14%, Loss: 0.7598
Epoch: 15, Batch: 300, Acc: 61.23%, Loss: 0.7771
Epoch: 15, Batch: 310, Acc: 61.26%, Loss: 0.7931
Epoch: 15, Batch: 320, Acc: 61.44%, Loss: 0.7302
Epoch: 15, Batch: 330, Acc: 61.43%, Loss: 0.8081
Epoch: 15, Batch: 340, Acc: 61.46%, Loss: 0.7545
Epoch: 15, Batch: 350, Acc: 61.45%, Loss: 0.7832
Epoch: 15, Batch: 360, Acc: 61.40%, Loss: 0.7935
Epoch: 15, Batch: 370, Acc: 61.45%, Loss: 0.7517
Epoch: 15, Batch: 380, Acc: 61.38%, Loss: 0.7647
Epoch: 15, Batch: 390, Acc: 61.39%, Loss: 0.7694
Epoch: 15, Batch: 400, Acc: 61.41%, Loss: 0.7704
Epoch: 15, Batch: 410, Acc: 61.46%, Loss: 0.7434
Epoch: 15, Batch: 420, Acc: 61.40%, Loss: 0.7782
Epoch: 15, Batch: 430, Acc: 61.40%, Loss: 0.7916
Epoch: 15, Batch: 440, Acc: 61.46%, Loss: 0.7366
Epoch: 15, Batch: 450, Acc: 61.46%, Loss: 0.7438
Epoch: 15, Batch: 460, Acc: 61.37%, Loss: 0.8266
Epoch: 15, Batch: 470, Acc: 61.40%, Loss: 0.7819
Epoch: 15, Batch: 480, Acc: 61.37%, Loss: 0.7689
Epoch: 15, Batch: 490, Acc: 61.35%, Loss: 0.7806
Epoch: 15, Batch: 500, Acc: 61.35%, Loss: 0.7830
Epoch: 15, Batch: 510, Acc: 61.37%, Loss: 0.7562
Epoch: 15, Batch: 520, Acc: 61.27%, Loss: 0.8235
Epoch: 15, Batch: 530, Acc: 61.27%, Loss: 0.7809
Epoch: 15, Batch: 540, Acc: 61.29%, Loss: 0.7995
Epoch: 15, Batch: 550, Acc: 61.26%, Loss: 0.7979
Epoch: 15, Batch: 560, Acc: 61.27%, Loss: 0.7629
Epoch: 15, Batch: 570, Acc: 61.26%, Loss: 0.7807
Epoch: 15, Batch: 580, Acc: 61.24%, Loss: 0.7750
Epoch: 15, Batch: 590, Acc: 61.22%, Loss: 0.7942
Epoch: 15, Batch: 600, Acc: 61.19%, Loss: 0.8026
Epoch: 15, Batch: 610, Acc: 61.22%, Loss: 0.7506
Epoch: 15, Batch: 620, Acc: 61.22%, Loss: 0.7785
Epoch: 15, Batch: 630, Acc: 61.19%, Loss: 0.7902
Epoch: 15, Batch: 640, Acc: 61.16%, Loss: 0.8098
Epoch: 15, Batch: 650, Acc: 61.12%, Loss: 0.8050
Epoch: 15, Batch: 660, Acc: 61.15%, Loss: 0.7668
Epoch: 15, Batch: 670, Acc: 61.18%, Loss: 0.7714
Epoch: 15, Batch: 680, Acc: 61.22%, Loss: 0.7532
Epoch: 15, Batch: 690, Acc: 61.24%, Loss: 0.7789
Epoch: 15, Batch: 700, Acc: 61.27%, Loss: 0.7372
Epoch: 15, Batch: 710, Acc: 61.30%, Loss: 0.7723
Epoch: 15, Batch: 720, Acc: 61.26%, Loss: 0.8267
Epoch: 15, Batch: 730, Acc: 61.30%, Loss: 0.7547
Epoch: 15, Batch: 740, Acc: 61.28%, Loss: 0.8421
Epoch: 15, Batch: 750, Acc: 61.30%, Loss: 0.7883
Epoch: 15, Batch: 760, Acc: 61.33%, Loss: 0.7800
Epoch: 15, Batch: 770, Acc: 61.30%, Loss: 0.8086
Epoch: 15, Batch: 780, Acc: 61.32%, Loss: 0.7680
Epoch: 15, Batch: 790, Acc: 61.28%, Loss: 0.8318
Epoch: 15, Batch: 800, Acc: 61.23%, Loss: 0.8307
Epoch: 15, Batch: 810, Acc: 61.20%, Loss: 0.7776
Epoch: 15, Batch: 820, Acc: 61.23%, Loss: 0.7682
Epoch: 15, Batch: 830, Acc: 61.24%, Loss: 0.7849
Epoch: 15, Batch: 840, Acc: 61.25%, Loss: 0.7727
Epoch: 15, Batch: 850, Acc: 61.22%, Loss: 0.7928
Epoch: 15, Batch: 860, Acc: 61.23%, Loss: 0.7454
Epoch: 15, Batch: 870, Acc: 61.18%, Loss: 0.8360
Epoch: 15, Batch: 880, Acc: 61.18%, Loss: 0.7688
Epoch: 15, Batch: 890, Acc: 61.18%, Loss: 0.7600
Epoch: 15, Batch: 900, Acc: 61.20%, Loss: 0.8202
Epoch: 15, Batch: 910, Acc: 61.22%, Loss: 0.7722
Epoch: 15, Batch: 920, Acc: 61.23%, Loss: 0.8059
Epoch: 15, Batch: 930, Acc: 61.28%, Loss: 0.7230
Accuracy on test set: 68.97%, Val loss: 1.1890
Epoch 15: val_acc=68.97, best_val_acc=68.97, es_counter=0
Epoch: 16, Batch: 10, Acc: 61.72%, Loss: 0.7786
Epoch: 16, Batch: 20, Acc: 62.11%, Loss: 0.7469
Epoch: 16, Batch: 30, Acc: 62.45%, Loss: 0.7735
Epoch: 16, Batch: 40, Acc: 62.58%, Loss: 0.7482
Epoch: 16, Batch: 50, Acc: 61.62%, Loss: 0.8469
Epoch: 16, Batch: 60, Acc: 61.22%, Loss: 0.7963
Epoch: 16, Batch: 70, Acc: 61.65%, Loss: 0.7428
Epoch: 16, Batch: 80, Acc: 61.72%, Loss: 0.7530
Epoch: 16, Batch: 90, Acc: 62.03%, Loss: 0.7693
Epoch: 16, Batch: 100, Acc: 61.77%, Loss: 0.7785
Epoch: 16, Batch: 110, Acc: 61.97%, Loss: 0.7577
Epoch: 16, Batch: 120, Acc: 61.89%, Loss: 0.7587
Epoch: 16, Batch: 130, Acc: 61.50%, Loss: 0.8219
Epoch: 16, Batch: 140, Acc: 61.86%, Loss: 0.7336
Epoch: 16, Batch: 150, Acc: 61.74%, Loss: 0.7956
Epoch: 16, Batch: 160, Acc: 61.74%, Loss: 0.7727
Epoch: 16, Batch: 170, Acc: 61.64%, Loss: 0.8084
Epoch: 16, Batch: 180, Acc: 61.49%, Loss: 0.8195
Epoch: 16, Batch: 190, Acc: 61.36%, Loss: 0.8313
Epoch: 16, Batch: 200, Acc: 61.31%, Loss: 0.7717
Epoch: 16, Batch: 210, Acc: 61.33%, Loss: 0.7738
Epoch: 16, Batch: 220, Acc: 61.31%, Loss: 0.7486
Epoch: 16, Batch: 230, Acc: 61.23%, Loss: 0.7893
Epoch: 16, Batch: 240, Acc: 61.09%, Loss: 0.8301
Epoch: 16, Batch: 250, Acc: 61.23%, Loss: 0.7481
Epoch: 16, Batch: 260, Acc: 61.29%, Loss: 0.7775
Epoch: 16, Batch: 270, Acc: 61.30%, Loss: 0.7623
Epoch: 16, Batch: 280, Acc: 61.26%, Loss: 0.7912
Epoch: 16, Batch: 290, Acc: 61.40%, Loss: 0.7263
Epoch: 16, Batch: 300, Acc: 61.31%, Loss: 0.7863
Epoch: 16, Batch: 310, Acc: 61.28%, Loss: 0.7698
Epoch: 16, Batch: 320, Acc: 61.35%, Loss: 0.7357
Epoch: 16, Batch: 330, Acc: 61.35%, Loss: 0.7881
Epoch: 16, Batch: 340, Acc: 61.40%, Loss: 0.7550
Epoch: 16, Batch: 350, Acc: 61.38%, Loss: 0.7836
Epoch: 16, Batch: 360, Acc: 61.43%, Loss: 0.7697
Epoch: 16, Batch: 370, Acc: 61.45%, Loss: 0.7956
Epoch: 16, Batch: 380, Acc: 61.48%, Loss: 0.7840
Epoch: 16, Batch: 390, Acc: 61.57%, Loss: 0.7493
Epoch: 16, Batch: 400, Acc: 61.52%, Loss: 0.7556
Epoch: 16, Batch: 410, Acc: 61.54%, Loss: 0.7824
Epoch: 16, Batch: 420, Acc: 61.48%, Loss: 0.7862
Epoch: 16, Batch: 430, Acc: 61.53%, Loss: 0.7611
Epoch: 16, Batch: 440, Acc: 61.58%, Loss: 0.7703
Epoch: 16, Batch: 450, Acc: 61.56%, Loss: 0.7648
Epoch: 16, Batch: 460, Acc: 61.59%, Loss: 0.7798
Epoch: 16, Batch: 470, Acc: 61.59%, Loss: 0.8088
Epoch: 16, Batch: 480, Acc: 61.55%, Loss: 0.8021
Epoch: 16, Batch: 490, Acc: 61.55%, Loss: 0.7672
Epoch: 16, Batch: 500, Acc: 61.58%, Loss: 0.7216
Epoch: 16, Batch: 510, Acc: 61.57%, Loss: 0.8017
Epoch: 16, Batch: 520, Acc: 61.51%, Loss: 0.8130
Epoch: 16, Batch: 530, Acc: 61.48%, Loss: 0.7892
Epoch: 16, Batch: 540, Acc: 61.53%, Loss: 0.7920
Epoch: 16, Batch: 550, Acc: 61.56%, Loss: 0.7857
Epoch: 16, Batch: 560, Acc: 61.53%, Loss: 0.8267
Epoch: 16, Batch: 570, Acc: 61.52%, Loss: 0.7950
Epoch: 16, Batch: 580, Acc: 61.54%, Loss: 0.7503
Epoch: 16, Batch: 590, Acc: 61.53%, Loss: 0.7949
Epoch: 16, Batch: 600, Acc: 61.54%, Loss: 0.7923
Epoch: 16, Batch: 610, Acc: 61.51%, Loss: 0.8028
Epoch: 16, Batch: 620, Acc: 61.44%, Loss: 0.7691
Epoch: 16, Batch: 630, Acc: 61.43%, Loss: 0.7863
Epoch: 16, Batch: 640, Acc: 61.46%, Loss: 0.7716
Epoch: 16, Batch: 650, Acc: 61.48%, Loss: 0.7723
Epoch: 16, Batch: 660, Acc: 61.55%, Loss: 0.7463
Epoch: 16, Batch: 670, Acc: 61.56%, Loss: 0.8029
Epoch: 16, Batch: 680, Acc: 61.60%, Loss: 0.7414
Epoch: 16, Batch: 690, Acc: 61.63%, Loss: 0.7462
Epoch: 16, Batch: 700, Acc: 61.58%, Loss: 0.8116
Epoch: 16, Batch: 710, Acc: 61.60%, Loss: 0.7763
Epoch: 16, Batch: 720, Acc: 61.56%, Loss: 0.8076
Epoch: 16, Batch: 730, Acc: 61.56%, Loss: 0.7733
Epoch: 16, Batch: 740, Acc: 61.58%, Loss: 0.8069
Epoch: 16, Batch: 750, Acc: 61.59%, Loss: 0.7315
Epoch: 16, Batch: 760, Acc: 61.58%, Loss: 0.7798
Epoch: 16, Batch: 770, Acc: 61.56%, Loss: 0.7737
Epoch: 16, Batch: 780, Acc: 61.57%, Loss: 0.7591
Epoch: 16, Batch: 790, Acc: 61.55%, Loss: 0.7967
Epoch: 16, Batch: 800, Acc: 61.56%, Loss: 0.7677
Epoch: 16, Batch: 810, Acc: 61.57%, Loss: 0.7702
Epoch: 16, Batch: 820, Acc: 61.54%, Loss: 0.8056
Epoch: 16, Batch: 830, Acc: 61.53%, Loss: 0.7805
Epoch: 16, Batch: 840, Acc: 61.53%, Loss: 0.7542
Epoch: 16, Batch: 850, Acc: 61.53%, Loss: 0.7590
Epoch: 16, Batch: 860, Acc: 61.51%, Loss: 0.7671
Epoch: 16, Batch: 870, Acc: 61.53%, Loss: 0.7602
Epoch: 16, Batch: 880, Acc: 61.53%, Loss: 0.7682
Epoch: 16, Batch: 890, Acc: 61.52%, Loss: 0.8265
Epoch: 16, Batch: 900, Acc: 61.53%, Loss: 0.8005
Epoch: 16, Batch: 910, Acc: 61.53%, Loss: 0.7654
Epoch: 16, Batch: 920, Acc: 61.54%, Loss: 0.7739
Epoch: 16, Batch: 930, Acc: 61.49%, Loss: 0.8335
Accuracy on test set: 69.46%, Val loss: 1.1808
Epoch 16: val_acc=69.46, best_val_acc=69.46, es_counter=0
Epoch: 17, Batch: 10, Acc: 60.16%, Loss: 0.8035
Epoch: 17, Batch: 20, Acc: 59.92%, Loss: 0.7896
Epoch: 17, Batch: 30, Acc: 60.83%, Loss: 0.7767
Epoch: 17, Batch: 40, Acc: 60.27%, Loss: 0.7722
Epoch: 17, Batch: 50, Acc: 60.81%, Loss: 0.7584
Epoch: 17, Batch: 60, Acc: 60.78%, Loss: 0.7625
Epoch: 17, Batch: 70, Acc: 60.74%, Loss: 0.7620
Epoch: 17, Batch: 80, Acc: 60.92%, Loss: 0.7719
Epoch: 17, Batch: 90, Acc: 60.78%, Loss: 0.7914
Epoch: 17, Batch: 100, Acc: 60.91%, Loss: 0.7694
Epoch: 17, Batch: 110, Acc: 61.07%, Loss: 0.7830
Epoch: 17, Batch: 120, Acc: 60.99%, Loss: 0.7968
Epoch: 17, Batch: 130, Acc: 60.88%, Loss: 0.8017
Epoch: 17, Batch: 140, Acc: 61.02%, Loss: 0.7512
Epoch: 17, Batch: 150, Acc: 61.12%, Loss: 0.7706
Epoch: 17, Batch: 160, Acc: 61.17%, Loss: 0.7646
Epoch: 17, Batch: 170, Acc: 61.17%, Loss: 0.8223
Epoch: 17, Batch: 180, Acc: 61.09%, Loss: 0.7929
Epoch: 17, Batch: 190, Acc: 60.97%, Loss: 0.7657
Epoch: 17, Batch: 200, Acc: 61.11%, Loss: 0.7772
Epoch: 17, Batch: 210, Acc: 61.14%, Loss: 0.7568
Epoch: 17, Batch: 220, Acc: 61.15%, Loss: 0.7510
Epoch: 17, Batch: 230, Acc: 61.20%, Loss: 0.7628
Epoch: 17, Batch: 240, Acc: 61.28%, Loss: 0.7882
Epoch: 17, Batch: 250, Acc: 61.14%, Loss: 0.8308
Epoch: 17, Batch: 260, Acc: 61.08%, Loss: 0.7980
Epoch: 17, Batch: 270, Acc: 61.17%, Loss: 0.7555
Epoch: 17, Batch: 280, Acc: 61.26%, Loss: 0.7671
Epoch: 17, Batch: 290, Acc: 61.36%, Loss: 0.7404
Epoch: 17, Batch: 300, Acc: 61.27%, Loss: 0.8234
Epoch: 17, Batch: 310, Acc: 61.35%, Loss: 0.7552
Epoch: 17, Batch: 320, Acc: 61.29%, Loss: 0.8054
Epoch: 17, Batch: 330, Acc: 61.36%, Loss: 0.7360
Epoch: 17, Batch: 340, Acc: 61.35%, Loss: 0.8081
Epoch: 17, Batch: 350, Acc: 61.30%, Loss: 0.7716
Epoch: 17, Batch: 360, Acc: 61.39%, Loss: 0.7465
Epoch: 17, Batch: 370, Acc: 61.42%, Loss: 0.8001
Epoch: 17, Batch: 380, Acc: 61.42%, Loss: 0.7594
Epoch: 17, Batch: 390, Acc: 61.43%, Loss: 0.7511
Epoch: 17, Batch: 400, Acc: 61.36%, Loss: 0.7999
Epoch: 17, Batch: 410, Acc: 61.36%, Loss: 0.7729
Epoch: 17, Batch: 420, Acc: 61.40%, Loss: 0.7309
Epoch: 17, Batch: 430, Acc: 61.45%, Loss: 0.7909
Epoch: 17, Batch: 440, Acc: 61.50%, Loss: 0.7565
Epoch: 17, Batch: 450, Acc: 61.54%, Loss: 0.7789
Epoch: 17, Batch: 460, Acc: 61.54%, Loss: 0.7908
Epoch: 17, Batch: 470, Acc: 61.53%, Loss: 0.7784
Epoch: 17, Batch: 480, Acc: 61.52%, Loss: 0.7689
Epoch: 17, Batch: 490, Acc: 61.57%, Loss: 0.7497
Epoch: 17, Batch: 500, Acc: 61.55%, Loss: 0.7819
Epoch: 17, Batch: 510, Acc: 61.55%, Loss: 0.7639
Epoch: 17, Batch: 520, Acc: 61.54%, Loss: 0.7799
Epoch: 17, Batch: 530, Acc: 61.49%, Loss: 0.7650
Epoch: 17, Batch: 540, Acc: 61.46%, Loss: 0.8039
Epoch: 17, Batch: 550, Acc: 61.49%, Loss: 0.7612
Epoch: 17, Batch: 560, Acc: 61.51%, Loss: 0.7737
Epoch: 17, Batch: 570, Acc: 61.49%, Loss: 0.8250
Epoch: 17, Batch: 580, Acc: 61.56%, Loss: 0.7544
Epoch: 17, Batch: 590, Acc: 61.57%, Loss: 0.7499
Epoch: 17, Batch: 600, Acc: 61.54%, Loss: 0.7817
Epoch: 17, Batch: 610, Acc: 61.55%, Loss: 0.8032
Epoch: 17, Batch: 620, Acc: 61.55%, Loss: 0.7531
Epoch: 17, Batch: 630, Acc: 61.55%, Loss: 0.7986
Epoch: 17, Batch: 640, Acc: 61.52%, Loss: 0.7982
Epoch: 17, Batch: 650, Acc: 61.50%, Loss: 0.7757
Epoch: 17, Batch: 660, Acc: 61.50%, Loss: 0.7718
Epoch: 17, Batch: 670, Acc: 61.47%, Loss: 0.7938
Epoch: 17, Batch: 680, Acc: 61.49%, Loss: 0.7765
Epoch: 17, Batch: 690, Acc: 61.52%, Loss: 0.7313
Epoch: 17, Batch: 700, Acc: 61.54%, Loss: 0.7583
Epoch: 17, Batch: 710, Acc: 61.49%, Loss: 0.8123
Epoch: 17, Batch: 720, Acc: 61.48%, Loss: 0.7848
Epoch: 17, Batch: 730, Acc: 61.52%, Loss: 0.7195
Epoch: 17, Batch: 740, Acc: 61.54%, Loss: 0.7891
Epoch: 17, Batch: 750, Acc: 61.53%, Loss: 0.7709
Epoch: 17, Batch: 760, Acc: 61.55%, Loss: 0.7896
Epoch: 17, Batch: 770, Acc: 61.56%, Loss: 0.7589
Epoch: 17, Batch: 780, Acc: 61.59%, Loss: 0.7651
Epoch: 17, Batch: 790, Acc: 61.58%, Loss: 0.7460
Epoch: 17, Batch: 800, Acc: 61.59%, Loss: 0.7863
Epoch: 17, Batch: 810, Acc: 61.60%, Loss: 0.7657
Epoch: 17, Batch: 820, Acc: 61.60%, Loss: 0.7798
Epoch: 17, Batch: 830, Acc: 61.63%, Loss: 0.7376
Epoch: 17, Batch: 840, Acc: 61.62%, Loss: 0.7646
Epoch: 17, Batch: 850, Acc: 61.64%, Loss: 0.7771
Epoch: 17, Batch: 860, Acc: 61.66%, Loss: 0.7470
Epoch: 17, Batch: 870, Acc: 61.66%, Loss: 0.7868
Epoch: 17, Batch: 880, Acc: 61.66%, Loss: 0.7748
Epoch: 17, Batch: 890, Acc: 61.65%, Loss: 0.8109
Epoch: 17, Batch: 900, Acc: 61.65%, Loss: 0.7797
Epoch: 17, Batch: 910, Acc: 61.69%, Loss: 0.7433
Epoch: 17, Batch: 920, Acc: 61.75%, Loss: 0.7418
Epoch: 17, Batch: 930, Acc: 61.75%, Loss: 0.8093
Accuracy on test set: 68.89%, Val loss: 1.1823
Epoch 17: val_acc=68.89, best_val_acc=69.46, es_counter=1
Epoch: 18, Batch: 10, Acc: 59.84%, Loss: 0.7966
Epoch: 18, Batch: 20, Acc: 61.17%, Loss: 0.7606
Epoch: 18, Batch: 30, Acc: 62.60%, Loss: 0.7324
Epoch: 18, Batch: 40, Acc: 62.46%, Loss: 0.7705
Epoch: 18, Batch: 50, Acc: 62.28%, Loss: 0.8177
Epoch: 18, Batch: 60, Acc: 61.93%, Loss: 0.7855
Epoch: 18, Batch: 70, Acc: 61.63%, Loss: 0.7772
Epoch: 18, Batch: 80, Acc: 61.64%, Loss: 0.7875
Epoch: 18, Batch: 90, Acc: 62.05%, Loss: 0.7243
Epoch: 18, Batch: 100, Acc: 62.05%, Loss: 0.7571
Epoch: 18, Batch: 110, Acc: 62.10%, Loss: 0.7697
Epoch: 18, Batch: 120, Acc: 62.10%, Loss: 0.7638
Epoch: 18, Batch: 130, Acc: 62.18%, Loss: 0.7765
Epoch: 18, Batch: 140, Acc: 62.12%, Loss: 0.7635
Epoch: 18, Batch: 150, Acc: 62.01%, Loss: 0.8035
Epoch: 18, Batch: 160, Acc: 61.95%, Loss: 0.7695
Epoch: 18, Batch: 170, Acc: 61.98%, Loss: 0.7576
Epoch: 18, Batch: 180, Acc: 62.17%, Loss: 0.7198
Epoch: 18, Batch: 190, Acc: 61.99%, Loss: 0.7753
Epoch: 18, Batch: 200, Acc: 61.89%, Loss: 0.8225
Epoch: 18, Batch: 210, Acc: 61.98%, Loss: 0.7537
Epoch: 18, Batch: 220, Acc: 61.95%, Loss: 0.7925
Epoch: 18, Batch: 230, Acc: 61.94%, Loss: 0.7857
Epoch: 18, Batch: 240, Acc: 61.93%, Loss: 0.7596
Epoch: 18, Batch: 250, Acc: 61.91%, Loss: 0.7598
Epoch: 18, Batch: 260, Acc: 62.01%, Loss: 0.7480
Epoch: 18, Batch: 270, Acc: 61.91%, Loss: 0.7758
Epoch: 18, Batch: 280, Acc: 61.88%, Loss: 0.7693
Epoch: 18, Batch: 290, Acc: 61.74%, Loss: 0.8051
Epoch: 18, Batch: 300, Acc: 61.78%, Loss: 0.7657
Epoch: 18, Batch: 310, Acc: 61.84%, Loss: 0.7546
Epoch: 18, Batch: 320, Acc: 61.97%, Loss: 0.7352
Epoch: 18, Batch: 330, Acc: 62.02%, Loss: 0.7347
Epoch: 18, Batch: 340, Acc: 61.98%, Loss: 0.7727
Epoch: 18, Batch: 350, Acc: 62.02%, Loss: 0.7871
Epoch: 18, Batch: 360, Acc: 62.07%, Loss: 0.7736
Epoch: 18, Batch: 370, Acc: 62.01%, Loss: 0.7961
Epoch: 18, Batch: 380, Acc: 62.00%, Loss: 0.7745
Epoch: 18, Batch: 390, Acc: 61.92%, Loss: 0.8336
Epoch: 18, Batch: 400, Acc: 61.90%, Loss: 0.7866
Epoch: 18, Batch: 410, Acc: 61.92%, Loss: 0.7638
Epoch: 18, Batch: 420, Acc: 61.85%, Loss: 0.8190
Epoch: 18, Batch: 430, Acc: 61.82%, Loss: 0.7861
Epoch: 18, Batch: 440, Acc: 61.87%, Loss: 0.7456
Epoch: 18, Batch: 450, Acc: 61.84%, Loss: 0.7722
Epoch: 18, Batch: 460, Acc: 61.89%, Loss: 0.7733
Epoch: 18, Batch: 470, Acc: 61.84%, Loss: 0.8024
Epoch: 18, Batch: 480, Acc: 61.85%, Loss: 0.7725
Epoch: 18, Batch: 490, Acc: 61.83%, Loss: 0.7846
Epoch: 18, Batch: 500, Acc: 61.81%, Loss: 0.8013
Epoch: 18, Batch: 510, Acc: 61.85%, Loss: 0.7447
Epoch: 18, Batch: 520, Acc: 61.88%, Loss: 0.7253
Epoch: 18, Batch: 530, Acc: 61.89%, Loss: 0.7215
Epoch: 18, Batch: 540, Acc: 61.89%, Loss: 0.7647
Epoch: 18, Batch: 550, Acc: 61.88%, Loss: 0.7956
Epoch: 18, Batch: 560, Acc: 61.81%, Loss: 0.8135
Epoch: 18, Batch: 570, Acc: 61.82%, Loss: 0.7530
Epoch: 18, Batch: 580, Acc: 61.82%, Loss: 0.7737
Epoch: 18, Batch: 590, Acc: 61.73%, Loss: 0.8594
Epoch: 18, Batch: 600, Acc: 61.73%, Loss: 0.7811
Epoch: 18, Batch: 610, Acc: 61.75%, Loss: 0.7314
Epoch: 18, Batch: 620, Acc: 61.81%, Loss: 0.7613
Epoch: 18, Batch: 630, Acc: 61.87%, Loss: 0.7398
Epoch: 18, Batch: 640, Acc: 61.86%, Loss: 0.7609
Epoch: 18, Batch: 650, Acc: 61.82%, Loss: 0.8170
Epoch: 18, Batch: 660, Acc: 61.77%, Loss: 0.8110
Epoch: 18, Batch: 670, Acc: 61.83%, Loss: 0.7534
Epoch: 18, Batch: 680, Acc: 61.78%, Loss: 0.8180
Epoch: 18, Batch: 690, Acc: 61.77%, Loss: 0.7859
Epoch: 18, Batch: 700, Acc: 61.74%, Loss: 0.7865
Epoch: 18, Batch: 710, Acc: 61.74%, Loss: 0.7423
Epoch: 18, Batch: 720, Acc: 61.75%, Loss: 0.7800
Epoch: 18, Batch: 730, Acc: 61.71%, Loss: 0.7755
Epoch: 18, Batch: 740, Acc: 61.69%, Loss: 0.8028
Epoch: 18, Batch: 750, Acc: 61.69%, Loss: 0.8117
Epoch: 18, Batch: 760, Acc: 61.70%, Loss: 0.7552
Epoch: 18, Batch: 770, Acc: 61.70%, Loss: 0.7767
Epoch: 18, Batch: 780, Acc: 61.73%, Loss: 0.7467
Epoch: 18, Batch: 790, Acc: 61.72%, Loss: 0.7688
Epoch: 18, Batch: 800, Acc: 61.71%, Loss: 0.7642
Epoch: 18, Batch: 810, Acc: 61.71%, Loss: 0.7792
Epoch: 18, Batch: 820, Acc: 61.73%, Loss: 0.7413
Epoch: 18, Batch: 830, Acc: 61.76%, Loss: 0.7260
Epoch: 18, Batch: 840, Acc: 61.77%, Loss: 0.7690
Epoch: 18, Batch: 850, Acc: 61.80%, Loss: 0.7227
Epoch: 18, Batch: 860, Acc: 61.84%, Loss: 0.7434
Epoch: 18, Batch: 870, Acc: 61.82%, Loss: 0.7826
Epoch: 18, Batch: 880, Acc: 61.81%, Loss: 0.7877
Epoch: 18, Batch: 890, Acc: 61.83%, Loss: 0.7410
Epoch: 18, Batch: 900, Acc: 61.84%, Loss: 0.7638
Epoch: 18, Batch: 910, Acc: 61.83%, Loss: 0.7585
Epoch: 18, Batch: 920, Acc: 61.84%, Loss: 0.7707
Epoch: 18, Batch: 930, Acc: 61.86%, Loss: 0.7487
Accuracy on test set: 69.90%, Val loss: 1.1649
Epoch 18: val_acc=69.90, best_val_acc=69.90, es_counter=0
Epoch: 19, Batch: 10, Acc: 62.34%, Loss: 0.7741
Epoch: 19, Batch: 20, Acc: 62.27%, Loss: 0.7882
Epoch: 19, Batch: 30, Acc: 62.86%, Loss: 0.7672
Epoch: 19, Batch: 40, Acc: 62.38%, Loss: 0.7746
Epoch: 19, Batch: 50, Acc: 62.34%, Loss: 0.7527
Epoch: 19, Batch: 60, Acc: 62.24%, Loss: 0.7601
Epoch: 19, Batch: 70, Acc: 62.32%, Loss: 0.7570
Epoch: 19, Batch: 80, Acc: 62.50%, Loss: 0.7483
Epoch: 19, Batch: 90, Acc: 62.95%, Loss: 0.7654
Epoch: 19, Batch: 100, Acc: 62.95%, Loss: 0.7697
Epoch: 19, Batch: 110, Acc: 62.71%, Loss: 0.7740
Epoch: 19, Batch: 120, Acc: 62.66%, Loss: 0.7649
Epoch: 19, Batch: 130, Acc: 62.87%, Loss: 0.7186
Epoch: 19, Batch: 140, Acc: 63.05%, Loss: 0.7183
Epoch: 19, Batch: 150, Acc: 62.95%, Loss: 0.7812
Epoch: 19, Batch: 160, Acc: 62.75%, Loss: 0.7909
Epoch: 19, Batch: 170, Acc: 62.52%, Loss: 0.7824
Epoch: 19, Batch: 180, Acc: 62.53%, Loss: 0.7701
Epoch: 19, Batch: 190, Acc: 62.35%, Loss: 0.8114
Epoch: 19, Batch: 200, Acc: 62.50%, Loss: 0.6985
Epoch: 19, Batch: 210, Acc: 62.53%, Loss: 0.7715
Epoch: 19, Batch: 220, Acc: 62.47%, Loss: 0.8022
Epoch: 19, Batch: 230, Acc: 62.34%, Loss: 0.8005
Epoch: 19, Batch: 240, Acc: 62.38%, Loss: 0.7823
Epoch: 19, Batch: 250, Acc: 62.38%, Loss: 0.7265
Epoch: 19, Batch: 260, Acc: 62.29%, Loss: 0.7822
Epoch: 19, Batch: 270, Acc: 62.31%, Loss: 0.7280
Epoch: 19, Batch: 280, Acc: 62.25%, Loss: 0.7628
Epoch: 19, Batch: 290, Acc: 62.25%, Loss: 0.7693
Epoch: 19, Batch: 300, Acc: 62.25%, Loss: 0.7881
Epoch: 19, Batch: 310, Acc: 62.28%, Loss: 0.7605
Epoch: 19, Batch: 320, Acc: 62.38%, Loss: 0.7165
Epoch: 19, Batch: 330, Acc: 62.43%, Loss: 0.7395
Epoch: 19, Batch: 340, Acc: 62.43%, Loss: 0.7492
Epoch: 19, Batch: 350, Acc: 62.47%, Loss: 0.7382
Epoch: 19, Batch: 360, Acc: 62.43%, Loss: 0.7678
Epoch: 19, Batch: 370, Acc: 62.34%, Loss: 0.8342
Epoch: 19, Batch: 380, Acc: 62.36%, Loss: 0.7655
Epoch: 19, Batch: 390, Acc: 62.39%, Loss: 0.7435
Epoch: 19, Batch: 400, Acc: 62.36%, Loss: 0.7722
Epoch: 19, Batch: 410, Acc: 62.32%, Loss: 0.7360
Epoch: 19, Batch: 420, Acc: 62.32%, Loss: 0.7521
Epoch: 19, Batch: 430, Acc: 62.33%, Loss: 0.7534
Epoch: 19, Batch: 440, Acc: 62.28%, Loss: 0.7732
Epoch: 19, Batch: 450, Acc: 62.27%, Loss: 0.7517
Epoch: 19, Batch: 460, Acc: 62.29%, Loss: 0.7531
Epoch: 19, Batch: 470, Acc: 62.33%, Loss: 0.7663
Epoch: 19, Batch: 480, Acc: 62.32%, Loss: 0.7861
Epoch: 19, Batch: 490, Acc: 62.31%, Loss: 0.7668
Epoch: 19, Batch: 500, Acc: 62.27%, Loss: 0.7847
Epoch: 19, Batch: 510, Acc: 62.25%, Loss: 0.7714
Epoch: 19, Batch: 520, Acc: 62.21%, Loss: 0.7869
Epoch: 19, Batch: 530, Acc: 62.20%, Loss: 0.7669
Epoch: 19, Batch: 540, Acc: 62.19%, Loss: 0.7904
Epoch: 19, Batch: 550, Acc: 62.16%, Loss: 0.7642
Epoch: 19, Batch: 560, Acc: 62.14%, Loss: 0.7758
Epoch: 19, Batch: 570, Acc: 62.17%, Loss: 0.7587
Epoch: 19, Batch: 580, Acc: 62.11%, Loss: 0.8091
Epoch: 19, Batch: 590, Acc: 62.12%, Loss: 0.7557
Epoch: 19, Batch: 600, Acc: 62.14%, Loss: 0.7999
Epoch: 19, Batch: 610, Acc: 62.12%, Loss: 0.8189
Epoch: 19, Batch: 620, Acc: 62.14%, Loss: 0.7444
Epoch: 19, Batch: 630, Acc: 62.12%, Loss: 0.7953
Epoch: 19, Batch: 640, Acc: 62.09%, Loss: 0.8010
Epoch: 19, Batch: 650, Acc: 62.12%, Loss: 0.7352
Epoch: 19, Batch: 660, Acc: 62.15%, Loss: 0.7341
Epoch: 19, Batch: 670, Acc: 62.13%, Loss: 0.7858
Epoch: 19, Batch: 680, Acc: 62.09%, Loss: 0.8047
Epoch: 19, Batch: 690, Acc: 62.04%, Loss: 0.8255
Epoch: 19, Batch: 700, Acc: 62.04%, Loss: 0.7673
Epoch: 19, Batch: 710, Acc: 61.97%, Loss: 0.8596
Epoch: 19, Batch: 720, Acc: 61.93%, Loss: 0.7977
Epoch: 19, Batch: 730, Acc: 61.95%, Loss: 0.7346
Epoch: 19, Batch: 740, Acc: 61.96%, Loss: 0.7748
Epoch: 19, Batch: 750, Acc: 61.97%, Loss: 0.7466
Epoch: 19, Batch: 760, Acc: 61.94%, Loss: 0.7750
Epoch: 19, Batch: 770, Acc: 61.94%, Loss: 0.7700
Epoch: 19, Batch: 780, Acc: 61.92%, Loss: 0.7699
Epoch: 19, Batch: 790, Acc: 61.90%, Loss: 0.7782
Epoch: 19, Batch: 800, Acc: 61.86%, Loss: 0.7704
Epoch: 19, Batch: 810, Acc: 61.86%, Loss: 0.7760
Epoch: 19, Batch: 820, Acc: 61.84%, Loss: 0.8167
Epoch: 19, Batch: 830, Acc: 61.82%, Loss: 0.7757
Epoch: 19, Batch: 840, Acc: 61.83%, Loss: 0.7774
Epoch: 19, Batch: 850, Acc: 61.84%, Loss: 0.7775
Epoch: 19, Batch: 860, Acc: 61.83%, Loss: 0.7999
Epoch: 19, Batch: 870, Acc: 61.86%, Loss: 0.7607
Epoch: 19, Batch: 880, Acc: 61.89%, Loss: 0.7374
Epoch: 19, Batch: 890, Acc: 61.89%, Loss: 0.7673
Epoch: 19, Batch: 900, Acc: 61.88%, Loss: 0.7949
Epoch: 19, Batch: 910, Acc: 61.88%, Loss: 0.7585
Epoch: 19, Batch: 920, Acc: 61.91%, Loss: 0.7263
Epoch: 19, Batch: 930, Acc: 61.94%, Loss: 0.7465
Accuracy on test set: 69.97%, Val loss: 1.1586
Epoch 19: val_acc=69.97, best_val_acc=69.97, es_counter=0
Epoch: 20, Batch: 10, Acc: 62.81%, Loss: 0.7560
Epoch: 20, Batch: 20, Acc: 61.95%, Loss: 0.7796
Epoch: 20, Batch: 30, Acc: 62.71%, Loss: 0.7355
Epoch: 20, Batch: 40, Acc: 61.91%, Loss: 0.8060
Epoch: 20, Batch: 50, Acc: 61.59%, Loss: 0.7991
Epoch: 20, Batch: 60, Acc: 61.95%, Loss: 0.7645
Epoch: 20, Batch: 70, Acc: 61.65%, Loss: 0.7733
Epoch: 20, Batch: 80, Acc: 61.11%, Loss: 0.8142
Epoch: 20, Batch: 90, Acc: 61.20%, Loss: 0.7786
Epoch: 20, Batch: 100, Acc: 61.33%, Loss: 0.7765
Epoch: 20, Batch: 110, Acc: 61.31%, Loss: 0.7963
Epoch: 20, Batch: 120, Acc: 61.37%, Loss: 0.7900
Epoch: 20, Batch: 130, Acc: 61.23%, Loss: 0.8062
Epoch: 20, Batch: 140, Acc: 61.38%, Loss: 0.7156
Epoch: 20, Batch: 150, Acc: 61.15%, Loss: 0.8262
Epoch: 20, Batch: 160, Acc: 61.27%, Loss: 0.7236
Epoch: 20, Batch: 170, Acc: 61.25%, Loss: 0.7858
Epoch: 20, Batch: 180, Acc: 61.37%, Loss: 0.7447
Epoch: 20, Batch: 190, Acc: 61.57%, Loss: 0.7282
Epoch: 20, Batch: 200, Acc: 61.45%, Loss: 0.8386
Epoch: 20, Batch: 210, Acc: 61.60%, Loss: 0.7533
Epoch: 20, Batch: 220, Acc: 61.62%, Loss: 0.7819
Epoch: 20, Batch: 230, Acc: 61.63%, Loss: 0.7646
Epoch: 20, Batch: 240, Acc: 61.64%, Loss: 0.7637
Epoch: 20, Batch: 250, Acc: 61.58%, Loss: 0.7574
Epoch: 20, Batch: 260, Acc: 61.71%, Loss: 0.7383
Epoch: 20, Batch: 270, Acc: 61.90%, Loss: 0.6965
Epoch: 20, Batch: 280, Acc: 61.84%, Loss: 0.7888
Epoch: 20, Batch: 290, Acc: 61.91%, Loss: 0.7869
Epoch: 20, Batch: 300, Acc: 61.96%, Loss: 0.7633
Epoch: 20, Batch: 310, Acc: 61.92%, Loss: 0.7732
Epoch: 20, Batch: 320, Acc: 61.82%, Loss: 0.7891
Epoch: 20, Batch: 330, Acc: 61.89%, Loss: 0.7544
Epoch: 20, Batch: 340, Acc: 61.90%, Loss: 0.7562
Epoch: 20, Batch: 350, Acc: 61.89%, Loss: 0.7783
Epoch: 20, Batch: 360, Acc: 61.94%, Loss: 0.7383
Epoch: 20, Batch: 370, Acc: 62.07%, Loss: 0.7109
Epoch: 20, Batch: 380, Acc: 62.04%, Loss: 0.7982
Epoch: 20, Batch: 390, Acc: 62.00%, Loss: 0.7677
Epoch: 20, Batch: 400, Acc: 62.02%, Loss: 0.7499
Epoch: 20, Batch: 410, Acc: 61.96%, Loss: 0.7977
Epoch: 20, Batch: 420, Acc: 62.00%, Loss: 0.7592
Epoch: 20, Batch: 430, Acc: 62.05%, Loss: 0.7297
Epoch: 20, Batch: 440, Acc: 61.94%, Loss: 0.8373
Epoch: 20, Batch: 450, Acc: 61.94%, Loss: 0.7177
Epoch: 20, Batch: 460, Acc: 61.93%, Loss: 0.7794
Epoch: 20, Batch: 470, Acc: 61.93%, Loss: 0.7452
Epoch: 20, Batch: 480, Acc: 61.99%, Loss: 0.7670
Epoch: 20, Batch: 490, Acc: 61.97%, Loss: 0.7883
Epoch: 20, Batch: 500, Acc: 61.99%, Loss: 0.7647
Epoch: 20, Batch: 510, Acc: 62.04%, Loss: 0.7410
Epoch: 20, Batch: 520, Acc: 61.98%, Loss: 0.8000
Epoch: 20, Batch: 530, Acc: 61.99%, Loss: 0.7622
Epoch: 20, Batch: 540, Acc: 62.04%, Loss: 0.7710
Epoch: 20, Batch: 550, Acc: 62.02%, Loss: 0.7824
Epoch: 20, Batch: 560, Acc: 61.97%, Loss: 0.7769
Epoch: 20, Batch: 570, Acc: 61.93%, Loss: 0.7954
Epoch: 20, Batch: 580, Acc: 61.93%, Loss: 0.7664
Epoch: 20, Batch: 590, Acc: 61.94%, Loss: 0.7606
Epoch: 20, Batch: 600, Acc: 61.91%, Loss: 0.7757
Epoch: 20, Batch: 610, Acc: 61.91%, Loss: 0.7743
Epoch: 20, Batch: 620, Acc: 61.90%, Loss: 0.7905
Epoch: 20, Batch: 630, Acc: 61.88%, Loss: 0.7738
Epoch: 20, Batch: 640, Acc: 61.99%, Loss: 0.6952
Epoch: 20, Batch: 650, Acc: 61.97%, Loss: 0.7778
Epoch: 20, Batch: 660, Acc: 61.96%, Loss: 0.7767
Epoch: 20, Batch: 670, Acc: 61.98%, Loss: 0.7494
Epoch: 20, Batch: 680, Acc: 62.03%, Loss: 0.7560
Epoch: 20, Batch: 690, Acc: 62.01%, Loss: 0.7906
Epoch: 20, Batch: 700, Acc: 62.01%, Loss: 0.7831
Epoch: 20, Batch: 710, Acc: 62.01%, Loss: 0.7944
Epoch: 20, Batch: 720, Acc: 62.01%, Loss: 0.7533
Epoch: 20, Batch: 730, Acc: 62.02%, Loss: 0.7657
Epoch: 20, Batch: 740, Acc: 62.01%, Loss: 0.7674
Epoch: 20, Batch: 750, Acc: 62.00%, Loss: 0.7537
Epoch: 20, Batch: 760, Acc: 62.03%, Loss: 0.7237
Epoch: 20, Batch: 770, Acc: 62.05%, Loss: 0.7634
Epoch: 20, Batch: 780, Acc: 62.06%, Loss: 0.7765
Epoch: 20, Batch: 790, Acc: 62.11%, Loss: 0.7444
Epoch: 20, Batch: 800, Acc: 62.12%, Loss: 0.7436
Epoch: 20, Batch: 810, Acc: 62.13%, Loss: 0.7483
Epoch: 20, Batch: 820, Acc: 62.17%, Loss: 0.7013
Epoch: 20, Batch: 830, Acc: 62.19%, Loss: 0.7640
Epoch: 20, Batch: 840, Acc: 62.19%, Loss: 0.7424
Epoch: 20, Batch: 850, Acc: 62.20%, Loss: 0.7605
Epoch: 20, Batch: 860, Acc: 62.18%, Loss: 0.7850
Epoch: 20, Batch: 870, Acc: 62.12%, Loss: 0.8184
Epoch: 20, Batch: 880, Acc: 62.13%, Loss: 0.7616
Epoch: 20, Batch: 890, Acc: 62.15%, Loss: 0.7399
Epoch: 20, Batch: 900, Acc: 62.16%, Loss: 0.7812
Epoch: 20, Batch: 910, Acc: 62.17%, Loss: 0.7401
Epoch: 20, Batch: 920, Acc: 62.14%, Loss: 0.8027
Epoch: 20, Batch: 930, Acc: 62.15%, Loss: 0.7689
Accuracy on test set: 70.05%, Val loss: 1.1594
Epoch 20: val_acc=70.05, best_val_acc=70.05, es_counter=0
Epoch: 21, Batch: 10, Acc: 60.31%, Loss: 0.7929
Epoch: 21, Batch: 20, Acc: 62.42%, Loss: 0.7430
Epoch: 21, Batch: 30, Acc: 63.07%, Loss: 0.7353
Epoch: 21, Batch: 40, Acc: 62.85%, Loss: 0.7850
Epoch: 21, Batch: 50, Acc: 62.88%, Loss: 0.7607
Epoch: 21, Batch: 60, Acc: 62.47%, Loss: 0.7789
Epoch: 21, Batch: 70, Acc: 62.25%, Loss: 0.7720
Epoch: 21, Batch: 80, Acc: 62.07%, Loss: 0.7945
Epoch: 21, Batch: 90, Acc: 61.75%, Loss: 0.7720
Epoch: 21, Batch: 100, Acc: 61.92%, Loss: 0.7361
Epoch: 21, Batch: 110, Acc: 61.76%, Loss: 0.7911
Epoch: 21, Batch: 120, Acc: 62.02%, Loss: 0.7390
Epoch: 21, Batch: 130, Acc: 62.04%, Loss: 0.7497
Epoch: 21, Batch: 140, Acc: 62.05%, Loss: 0.7690
Epoch: 21, Batch: 150, Acc: 61.98%, Loss: 0.7719
Epoch: 21, Batch: 160, Acc: 62.13%, Loss: 0.7711
Epoch: 21, Batch: 170, Acc: 62.09%, Loss: 0.7704
Epoch: 21, Batch: 180, Acc: 62.09%, Loss: 0.7630
Epoch: 21, Batch: 190, Acc: 62.15%, Loss: 0.7307
Epoch: 21, Batch: 200, Acc: 62.05%, Loss: 0.7707
Epoch: 21, Batch: 210, Acc: 62.06%, Loss: 0.7919
Epoch: 21, Batch: 220, Acc: 61.90%, Loss: 0.7730
Epoch: 21, Batch: 230, Acc: 61.90%, Loss: 0.7585
Epoch: 21, Batch: 240, Acc: 61.89%, Loss: 0.7502
Epoch: 21, Batch: 250, Acc: 61.98%, Loss: 0.7622
Epoch: 21, Batch: 260, Acc: 61.98%, Loss: 0.7695
Epoch: 21, Batch: 270, Acc: 62.02%, Loss: 0.7447
Epoch: 21, Batch: 280, Acc: 61.98%, Loss: 0.7607
Epoch: 21, Batch: 290, Acc: 62.10%, Loss: 0.7461
Epoch: 21, Batch: 300, Acc: 62.10%, Loss: 0.7782
Epoch: 21, Batch: 310, Acc: 62.19%, Loss: 0.7313
Epoch: 21, Batch: 320, Acc: 62.25%, Loss: 0.7741
Epoch: 21, Batch: 330, Acc: 62.25%, Loss: 0.7384
Epoch: 21, Batch: 340, Acc: 62.31%, Loss: 0.7296
Epoch: 21, Batch: 350, Acc: 62.38%, Loss: 0.7504
Epoch: 21, Batch: 360, Acc: 62.41%, Loss: 0.7566
Epoch: 21, Batch: 370, Acc: 62.37%, Loss: 0.7657
Epoch: 21, Batch: 380, Acc: 62.30%, Loss: 0.8126
Epoch: 21, Batch: 390, Acc: 62.11%, Loss: 0.8283
Epoch: 21, Batch: 400, Acc: 62.09%, Loss: 0.7658
Epoch: 21, Batch: 410, Acc: 62.10%, Loss: 0.7476
Epoch: 21, Batch: 420, Acc: 62.09%, Loss: 0.7662
Epoch: 21, Batch: 430, Acc: 62.11%, Loss: 0.7743
Epoch: 21, Batch: 440, Acc: 62.16%, Loss: 0.7542
Epoch: 21, Batch: 450, Acc: 62.22%, Loss: 0.7592
Epoch: 21, Batch: 460, Acc: 62.27%, Loss: 0.7747
Epoch: 21, Batch: 470, Acc: 62.27%, Loss: 0.7225
Epoch: 21, Batch: 480, Acc: 62.25%, Loss: 0.8033
Epoch: 21, Batch: 490, Acc: 62.27%, Loss: 0.7685
Epoch: 21, Batch: 500, Acc: 62.25%, Loss: 0.7779
Epoch: 21, Batch: 510, Acc: 62.25%, Loss: 0.7738
Epoch: 21, Batch: 520, Acc: 62.22%, Loss: 0.8102
Epoch: 21, Batch: 530, Acc: 62.22%, Loss: 0.7932
Epoch: 21, Batch: 540, Acc: 62.22%, Loss: 0.7751
Epoch: 21, Batch: 550, Acc: 62.22%, Loss: 0.7608
Epoch: 21, Batch: 560, Acc: 62.21%, Loss: 0.7566
Epoch: 21, Batch: 570, Acc: 62.18%, Loss: 0.7656
Epoch: 21, Batch: 580, Acc: 62.17%, Loss: 0.8071
Epoch: 21, Batch: 590, Acc: 62.18%, Loss: 0.7663
Epoch: 21, Batch: 600, Acc: 62.24%, Loss: 0.7454
Epoch: 21, Batch: 610, Acc: 62.32%, Loss: 0.7225
Epoch: 21, Batch: 620, Acc: 62.35%, Loss: 0.7483
Epoch: 21, Batch: 630, Acc: 62.32%, Loss: 0.7695
Epoch: 21, Batch: 640, Acc: 62.30%, Loss: 0.7665
Epoch: 21, Batch: 650, Acc: 62.27%, Loss: 0.7883
Epoch: 21, Batch: 660, Acc: 62.24%, Loss: 0.7649
Epoch: 21, Batch: 670, Acc: 62.26%, Loss: 0.7540
Epoch: 21, Batch: 680, Acc: 62.27%, Loss: 0.7529
Epoch: 21, Batch: 690, Acc: 62.25%, Loss: 0.8002
Epoch: 21, Batch: 700, Acc: 62.29%, Loss: 0.7549
Epoch: 21, Batch: 710, Acc: 62.30%, Loss: 0.7514
Epoch: 21, Batch: 720, Acc: 62.33%, Loss: 0.7517
Epoch: 21, Batch: 730, Acc: 62.37%, Loss: 0.7208
Epoch: 21, Batch: 740, Acc: 62.38%, Loss: 0.7338
Epoch: 21, Batch: 750, Acc: 62.36%, Loss: 0.7784
Epoch: 21, Batch: 760, Acc: 62.37%, Loss: 0.7821
Epoch: 21, Batch: 770, Acc: 62.38%, Loss: 0.7532
Epoch: 21, Batch: 780, Acc: 62.34%, Loss: 0.8081
Epoch: 21, Batch: 790, Acc: 62.32%, Loss: 0.7554
Epoch: 21, Batch: 800, Acc: 62.30%, Loss: 0.7667
Epoch: 21, Batch: 810, Acc: 62.33%, Loss: 0.7517
Epoch: 21, Batch: 820, Acc: 62.35%, Loss: 0.7587
Epoch: 21, Batch: 830, Acc: 62.34%, Loss: 0.7928
Epoch: 21, Batch: 840, Acc: 62.33%, Loss: 0.7795
Epoch: 21, Batch: 850, Acc: 62.31%, Loss: 0.7722
Epoch: 21, Batch: 860, Acc: 62.32%, Loss: 0.7297
Epoch: 21, Batch: 870, Acc: 62.35%, Loss: 0.7124
Epoch: 21, Batch: 880, Acc: 62.33%, Loss: 0.7931
Epoch: 21, Batch: 890, Acc: 62.33%, Loss: 0.7599
Epoch: 21, Batch: 900, Acc: 62.31%, Loss: 0.7552
Epoch: 21, Batch: 910, Acc: 62.31%, Loss: 0.7463
Epoch: 21, Batch: 920, Acc: 62.31%, Loss: 0.7613
Epoch: 21, Batch: 930, Acc: 62.30%, Loss: 0.7725
Accuracy on test set: 69.69%, Val loss: 1.1508
Epoch 21: val_acc=69.69, best_val_acc=70.05, es_counter=1
Epoch: 22, Batch: 10, Acc: 59.53%, Loss: 0.8251
Epoch: 22, Batch: 20, Acc: 60.47%, Loss: 0.7677
Epoch: 22, Batch: 30, Acc: 61.35%, Loss: 0.7599
Epoch: 22, Batch: 40, Acc: 61.80%, Loss: 0.7471
Epoch: 22, Batch: 50, Acc: 62.59%, Loss: 0.7378
Epoch: 22, Batch: 60, Acc: 63.10%, Loss: 0.7323
Epoch: 22, Batch: 70, Acc: 62.88%, Loss: 0.7838
Epoch: 22, Batch: 80, Acc: 62.34%, Loss: 0.7977
Epoch: 22, Batch: 90, Acc: 62.41%, Loss: 0.7383
Epoch: 22, Batch: 100, Acc: 62.39%, Loss: 0.7671
Epoch: 22, Batch: 110, Acc: 62.14%, Loss: 0.7625
Epoch: 22, Batch: 120, Acc: 62.30%, Loss: 0.7606
Epoch: 22, Batch: 130, Acc: 62.18%, Loss: 0.7674
Epoch: 22, Batch: 140, Acc: 62.11%, Loss: 0.7536
Epoch: 22, Batch: 150, Acc: 62.22%, Loss: 0.7613
Epoch: 22, Batch: 160, Acc: 62.25%, Loss: 0.7537
Epoch: 22, Batch: 170, Acc: 62.15%, Loss: 0.7850
Epoch: 22, Batch: 180, Acc: 62.07%, Loss: 0.7851
Epoch: 22, Batch: 190, Acc: 62.17%, Loss: 0.7630
Epoch: 22, Batch: 200, Acc: 62.17%, Loss: 0.7488
Epoch: 22, Batch: 210, Acc: 62.28%, Loss: 0.6955
Epoch: 22, Batch: 220, Acc: 62.22%, Loss: 0.7628
Epoch: 22, Batch: 230, Acc: 62.37%, Loss: 0.7203
Epoch: 22, Batch: 240, Acc: 62.55%, Loss: 0.7427
Epoch: 22, Batch: 250, Acc: 62.51%, Loss: 0.7423
Epoch: 22, Batch: 260, Acc: 62.36%, Loss: 0.7765
Epoch: 22, Batch: 270, Acc: 62.41%, Loss: 0.7478
Epoch: 22, Batch: 280, Acc: 62.51%, Loss: 0.7433
Epoch: 22, Batch: 290, Acc: 62.52%, Loss: 0.7425
Epoch: 22, Batch: 300, Acc: 62.56%, Loss: 0.7307
Epoch: 22, Batch: 310, Acc: 62.59%, Loss: 0.7375
Epoch: 22, Batch: 320, Acc: 62.71%, Loss: 0.7462
Epoch: 22, Batch: 330, Acc: 62.73%, Loss: 0.7621
Epoch: 22, Batch: 340, Acc: 62.76%, Loss: 0.7404
Epoch: 22, Batch: 350, Acc: 62.73%, Loss: 0.7833
Epoch: 22, Batch: 360, Acc: 62.80%, Loss: 0.7365
Epoch: 22, Batch: 370, Acc: 62.80%, Loss: 0.7590
Epoch: 22, Batch: 380, Acc: 62.78%, Loss: 0.7584
Epoch: 22, Batch: 390, Acc: 62.77%, Loss: 0.7756
Epoch: 22, Batch: 400, Acc: 62.76%, Loss: 0.7546
Epoch: 22, Batch: 410, Acc: 62.80%, Loss: 0.7428
Epoch: 22, Batch: 420, Acc: 62.83%, Loss: 0.7541
Epoch: 22, Batch: 430, Acc: 62.86%, Loss: 0.7543
Epoch: 22, Batch: 440, Acc: 62.88%, Loss: 0.7308
Epoch: 22, Batch: 450, Acc: 62.84%, Loss: 0.7791
Epoch: 22, Batch: 460, Acc: 62.80%, Loss: 0.7905
Epoch: 22, Batch: 470, Acc: 62.83%, Loss: 0.7430
Epoch: 22, Batch: 480, Acc: 62.87%, Loss: 0.7819
Epoch: 22, Batch: 490, Acc: 62.88%, Loss: 0.7457
Epoch: 22, Batch: 500, Acc: 62.90%, Loss: 0.7397
Epoch: 22, Batch: 510, Acc: 62.88%, Loss: 0.7666
Epoch: 22, Batch: 520, Acc: 62.86%, Loss: 0.7641
Epoch: 22, Batch: 530, Acc: 62.87%, Loss: 0.7495
Epoch: 22, Batch: 540, Acc: 62.84%, Loss: 0.7952
Epoch: 22, Batch: 550, Acc: 62.85%, Loss: 0.7717
Epoch: 22, Batch: 560, Acc: 62.80%, Loss: 0.8260
Epoch: 22, Batch: 570, Acc: 62.77%, Loss: 0.7765
Epoch: 22, Batch: 580, Acc: 62.78%, Loss: 0.7556
Epoch: 22, Batch: 590, Acc: 62.76%, Loss: 0.7801
Epoch: 22, Batch: 600, Acc: 62.77%, Loss: 0.7253
Epoch: 22, Batch: 610, Acc: 62.68%, Loss: 0.8121
Epoch: 22, Batch: 620, Acc: 62.66%, Loss: 0.7625
Epoch: 22, Batch: 630, Acc: 62.64%, Loss: 0.7844
Epoch: 22, Batch: 640, Acc: 62.71%, Loss: 0.7115
Epoch: 22, Batch: 650, Acc: 62.74%, Loss: 0.7368
Epoch: 22, Batch: 660, Acc: 62.67%, Loss: 0.8192
Epoch: 22, Batch: 670, Acc: 62.65%, Loss: 0.7782
Epoch: 22, Batch: 680, Acc: 62.59%, Loss: 0.8109
Epoch: 22, Batch: 690, Acc: 62.59%, Loss: 0.7620
Epoch: 22, Batch: 700, Acc: 62.55%, Loss: 0.7796
Epoch: 22, Batch: 710, Acc: 62.51%, Loss: 0.7843
Epoch: 22, Batch: 720, Acc: 62.45%, Loss: 0.8116
Epoch: 22, Batch: 730, Acc: 62.39%, Loss: 0.8405
Epoch: 22, Batch: 740, Acc: 62.38%, Loss: 0.7747
Epoch: 22, Batch: 750, Acc: 62.38%, Loss: 0.7619
Epoch: 22, Batch: 760, Acc: 62.36%, Loss: 0.7793
Epoch: 22, Batch: 770, Acc: 62.37%, Loss: 0.7671
Epoch: 22, Batch: 780, Acc: 62.37%, Loss: 0.7849
Epoch: 22, Batch: 790, Acc: 62.34%, Loss: 0.8208
Epoch: 22, Batch: 800, Acc: 62.35%, Loss: 0.7643
Epoch: 22, Batch: 810, Acc: 62.33%, Loss: 0.7661
Epoch: 22, Batch: 820, Acc: 62.37%, Loss: 0.7272
Epoch: 22, Batch: 830, Acc: 62.39%, Loss: 0.7256
Epoch: 22, Batch: 840, Acc: 62.38%, Loss: 0.7525
Epoch: 22, Batch: 850, Acc: 62.42%, Loss: 0.7200
Epoch: 22, Batch: 860, Acc: 62.40%, Loss: 0.7416
Epoch: 22, Batch: 870, Acc: 62.42%, Loss: 0.7546
Epoch: 22, Batch: 880, Acc: 62.44%, Loss: 0.7621
Epoch: 22, Batch: 890, Acc: 62.45%, Loss: 0.7476
Epoch: 22, Batch: 900, Acc: 62.41%, Loss: 0.8181
Epoch: 22, Batch: 910, Acc: 62.41%, Loss: 0.7481
Epoch: 22, Batch: 920, Acc: 62.44%, Loss: 0.7194
Epoch: 22, Batch: 930, Acc: 62.45%, Loss: 0.7555
Accuracy on test set: 70.05%, Val loss: 1.1489
Epoch 22: val_acc=70.05, best_val_acc=70.05, es_counter=2
Epoch: 23, Batch: 10, Acc: 62.66%, Loss: 0.7308
Epoch: 23, Batch: 20, Acc: 61.72%, Loss: 0.7841
Epoch: 23, Batch: 30, Acc: 62.40%, Loss: 0.7315
Epoch: 23, Batch: 40, Acc: 62.66%, Loss: 0.7553
Epoch: 23, Batch: 50, Acc: 62.41%, Loss: 0.7627
Epoch: 23, Batch: 60, Acc: 62.47%, Loss: 0.7534
Epoch: 23, Batch: 70, Acc: 62.17%, Loss: 0.7651
Epoch: 23, Batch: 80, Acc: 62.38%, Loss: 0.7360
Epoch: 23, Batch: 90, Acc: 62.27%, Loss: 0.7924
Epoch: 23, Batch: 100, Acc: 62.39%, Loss: 0.7585
Epoch: 23, Batch: 110, Acc: 62.14%, Loss: 0.7795
Epoch: 23, Batch: 120, Acc: 62.34%, Loss: 0.7608
Epoch: 23, Batch: 130, Acc: 62.31%, Loss: 0.7923
Epoch: 23, Batch: 140, Acc: 62.38%, Loss: 0.7590
Epoch: 23, Batch: 150, Acc: 62.44%, Loss: 0.7484
Epoch: 23, Batch: 160, Acc: 62.45%, Loss: 0.7671
Epoch: 23, Batch: 170, Acc: 62.50%, Loss: 0.7412
Epoch: 23, Batch: 180, Acc: 62.56%, Loss: 0.7315
Epoch: 23, Batch: 190, Acc: 62.52%, Loss: 0.7565
Epoch: 23, Batch: 200, Acc: 62.62%, Loss: 0.7581
Epoch: 23, Batch: 210, Acc: 62.69%, Loss: 0.7437
Epoch: 23, Batch: 220, Acc: 62.71%, Loss: 0.7615
Epoch: 23, Batch: 230, Acc: 62.79%, Loss: 0.7244
Epoch: 23, Batch: 240, Acc: 62.73%, Loss: 0.7820
Epoch: 23, Batch: 250, Acc: 62.71%, Loss: 0.7965
Epoch: 23, Batch: 260, Acc: 62.57%, Loss: 0.7911
Epoch: 23, Batch: 270, Acc: 62.62%, Loss: 0.7133
Epoch: 23, Batch: 280, Acc: 62.52%, Loss: 0.8156
Epoch: 23, Batch: 290, Acc: 62.59%, Loss: 0.6896
Epoch: 23, Batch: 300, Acc: 62.70%, Loss: 0.7276
Epoch: 23, Batch: 310, Acc: 62.67%, Loss: 0.7554
Epoch: 23, Batch: 320, Acc: 62.72%, Loss: 0.7476
Epoch: 23, Batch: 330, Acc: 62.64%, Loss: 0.7854
Epoch: 23, Batch: 340, Acc: 62.59%, Loss: 0.7681
Epoch: 23, Batch: 350, Acc: 62.51%, Loss: 0.7766
Epoch: 23, Batch: 360, Acc: 62.51%, Loss: 0.7966
Epoch: 23, Batch: 370, Acc: 62.49%, Loss: 0.7606
Epoch: 23, Batch: 380, Acc: 62.46%, Loss: 0.7665
Epoch: 23, Batch: 390, Acc: 62.48%, Loss: 0.7151
Epoch: 23, Batch: 400, Acc: 62.50%, Loss: 0.7599
Epoch: 23, Batch: 410, Acc: 62.52%, Loss: 0.7415
Epoch: 23, Batch: 420, Acc: 62.51%, Loss: 0.7744
Epoch: 23, Batch: 430, Acc: 62.53%, Loss: 0.7870
Epoch: 23, Batch: 440, Acc: 62.41%, Loss: 0.7870
Epoch: 23, Batch: 450, Acc: 62.45%, Loss: 0.7445
Epoch: 23, Batch: 460, Acc: 62.47%, Loss: 0.7437
Epoch: 23, Batch: 470, Acc: 62.48%, Loss: 0.7566
Epoch: 23, Batch: 480, Acc: 62.46%, Loss: 0.7800
Epoch: 23, Batch: 490, Acc: 62.46%, Loss: 0.7661
Epoch: 23, Batch: 500, Acc: 62.49%, Loss: 0.7499
Epoch: 23, Batch: 510, Acc: 62.47%, Loss: 0.7570
Epoch: 23, Batch: 520, Acc: 62.43%, Loss: 0.7822
Epoch: 23, Batch: 530, Acc: 62.42%, Loss: 0.7639
Epoch: 23, Batch: 540, Acc: 62.44%, Loss: 0.7434
Epoch: 23, Batch: 550, Acc: 62.41%, Loss: 0.7624
Epoch: 23, Batch: 560, Acc: 62.41%, Loss: 0.7493
Epoch: 23, Batch: 570, Acc: 62.43%, Loss: 0.7638
Epoch: 23, Batch: 580, Acc: 62.46%, Loss: 0.7356
Epoch: 23, Batch: 590, Acc: 62.43%, Loss: 0.7802
Epoch: 23, Batch: 600, Acc: 62.43%, Loss: 0.7619
Epoch: 23, Batch: 610, Acc: 62.48%, Loss: 0.7295
Epoch: 23, Batch: 620, Acc: 62.47%, Loss: 0.7883
Epoch: 23, Batch: 630, Acc: 62.52%, Loss: 0.7509
Epoch: 23, Batch: 640, Acc: 62.59%, Loss: 0.7531
Epoch: 23, Batch: 650, Acc: 62.57%, Loss: 0.7847
Epoch: 23, Batch: 660, Acc: 62.53%, Loss: 0.7937
Epoch: 23, Batch: 670, Acc: 62.52%, Loss: 0.7489
Epoch: 23, Batch: 680, Acc: 62.51%, Loss: 0.7768
Epoch: 23, Batch: 690, Acc: 62.52%, Loss: 0.7673
Epoch: 23, Batch: 700, Acc: 62.50%, Loss: 0.7977
Epoch: 23, Batch: 710, Acc: 62.50%, Loss: 0.7575
Epoch: 23, Batch: 720, Acc: 62.47%, Loss: 0.7921
Epoch: 23, Batch: 730, Acc: 62.48%, Loss: 0.7907
Epoch: 23, Batch: 740, Acc: 62.52%, Loss: 0.7363
Epoch: 23, Batch: 750, Acc: 62.53%, Loss: 0.7406
Epoch: 23, Batch: 760, Acc: 62.55%, Loss: 0.7504
Epoch: 23, Batch: 770, Acc: 62.50%, Loss: 0.8040
Epoch: 23, Batch: 780, Acc: 62.53%, Loss: 0.7652
Epoch: 23, Batch: 790, Acc: 62.48%, Loss: 0.7639
Epoch: 23, Batch: 800, Acc: 62.47%, Loss: 0.7498
Epoch: 23, Batch: 810, Acc: 62.44%, Loss: 0.8047
Epoch: 23, Batch: 820, Acc: 62.44%, Loss: 0.7154
Epoch: 23, Batch: 830, Acc: 62.48%, Loss: 0.7065
Epoch: 23, Batch: 840, Acc: 62.48%, Loss: 0.8046
Epoch: 23, Batch: 850, Acc: 62.47%, Loss: 0.7617
Epoch: 23, Batch: 860, Acc: 62.47%, Loss: 0.7595
Epoch: 23, Batch: 870, Acc: 62.48%, Loss: 0.7320
Epoch: 23, Batch: 880, Acc: 62.51%, Loss: 0.7354
Epoch: 23, Batch: 890, Acc: 62.52%, Loss: 0.7598
Epoch: 23, Batch: 900, Acc: 62.57%, Loss: 0.6854
Epoch: 23, Batch: 910, Acc: 62.55%, Loss: 0.8024
Epoch: 23, Batch: 920, Acc: 62.54%, Loss: 0.7804
Epoch: 23, Batch: 930, Acc: 62.54%, Loss: 0.7562
Accuracy on test set: 70.25%, Val loss: 1.1486
Epoch 23: val_acc=70.25, best_val_acc=70.25, es_counter=0
Epoch: 24, Batch: 10, Acc: 60.62%, Loss: 0.7913
Epoch: 24, Batch: 20, Acc: 62.03%, Loss: 0.7434
Epoch: 24, Batch: 30, Acc: 62.45%, Loss: 0.7670
Epoch: 24, Batch: 40, Acc: 62.93%, Loss: 0.7403
Epoch: 24, Batch: 50, Acc: 62.62%, Loss: 0.7403
Epoch: 24, Batch: 60, Acc: 62.73%, Loss: 0.7349
Epoch: 24, Batch: 70, Acc: 62.57%, Loss: 0.7265
Epoch: 24, Batch: 80, Acc: 62.75%, Loss: 0.7604
Epoch: 24, Batch: 90, Acc: 62.64%, Loss: 0.7688
Epoch: 24, Batch: 100, Acc: 62.62%, Loss: 0.7477
Epoch: 24, Batch: 110, Acc: 62.78%, Loss: 0.7420
Epoch: 24, Batch: 120, Acc: 62.83%, Loss: 0.7554
Epoch: 24, Batch: 130, Acc: 63.03%, Loss: 0.7257
Epoch: 24, Batch: 140, Acc: 62.95%, Loss: 0.7706
Epoch: 24, Batch: 150, Acc: 62.91%, Loss: 0.7647
Epoch: 24, Batch: 160, Acc: 62.83%, Loss: 0.7543
Epoch: 24, Batch: 170, Acc: 62.67%, Loss: 0.8152
Epoch: 24, Batch: 180, Acc: 62.69%, Loss: 0.7488
Epoch: 24, Batch: 190, Acc: 62.66%, Loss: 0.7558
Epoch: 24, Batch: 200, Acc: 62.71%, Loss: 0.7603
Epoch: 24, Batch: 210, Acc: 62.75%, Loss: 0.7553
Epoch: 24, Batch: 220, Acc: 62.81%, Loss: 0.7584
Epoch: 24, Batch: 230, Acc: 62.88%, Loss: 0.7286
Epoch: 24, Batch: 240, Acc: 62.85%, Loss: 0.7813
Epoch: 24, Batch: 250, Acc: 62.79%, Loss: 0.7577
Epoch: 24, Batch: 260, Acc: 62.79%, Loss: 0.7460
Epoch: 24, Batch: 270, Acc: 62.77%, Loss: 0.7581
Epoch: 24, Batch: 280, Acc: 62.81%, Loss: 0.7505
Epoch: 24, Batch: 290, Acc: 62.82%, Loss: 0.7400
Epoch: 24, Batch: 300, Acc: 62.94%, Loss: 0.7512
Epoch: 24, Batch: 310, Acc: 62.85%, Loss: 0.7661
Epoch: 24, Batch: 320, Acc: 62.73%, Loss: 0.7886
Epoch: 24, Batch: 330, Acc: 62.68%, Loss: 0.7633
Epoch: 24, Batch: 340, Acc: 62.70%, Loss: 0.7492
Epoch: 24, Batch: 350, Acc: 62.67%, Loss: 0.7680
Epoch: 24, Batch: 360, Acc: 62.61%, Loss: 0.8165
Epoch: 24, Batch: 370, Acc: 62.60%, Loss: 0.7797
Epoch: 24, Batch: 380, Acc: 62.64%, Loss: 0.7273
Epoch: 24, Batch: 390, Acc: 62.57%, Loss: 0.7858
Epoch: 24, Batch: 400, Acc: 62.64%, Loss: 0.7192
Epoch: 24, Batch: 410, Acc: 62.62%, Loss: 0.7782
Epoch: 24, Batch: 420, Acc: 62.64%, Loss: 0.7493
Epoch: 24, Batch: 430, Acc: 62.64%, Loss: 0.7724
Epoch: 24, Batch: 440, Acc: 62.64%, Loss: 0.7578
Epoch: 24, Batch: 450, Acc: 62.63%, Loss: 0.7764
Epoch: 24, Batch: 460, Acc: 62.68%, Loss: 0.7475
Epoch: 24, Batch: 470, Acc: 62.62%, Loss: 0.7711
Epoch: 24, Batch: 480, Acc: 62.62%, Loss: 0.7711
Epoch: 24, Batch: 490, Acc: 62.66%, Loss: 0.7476
Epoch: 24, Batch: 500, Acc: 62.65%, Loss: 0.7482
Epoch: 24, Batch: 510, Acc: 62.60%, Loss: 0.8299
Epoch: 24, Batch: 520, Acc: 62.59%, Loss: 0.7347
Epoch: 24, Batch: 530, Acc: 62.63%, Loss: 0.7539
Epoch: 24, Batch: 540, Acc: 62.65%, Loss: 0.7391
Epoch: 24, Batch: 550, Acc: 62.61%, Loss: 0.7525
Epoch: 24, Batch: 560, Acc: 62.62%, Loss: 0.7479
Epoch: 24, Batch: 570, Acc: 62.65%, Loss: 0.7410
Epoch: 24, Batch: 580, Acc: 62.66%, Loss: 0.7617
Epoch: 24, Batch: 590, Acc: 62.65%, Loss: 0.7633
Epoch: 24, Batch: 600, Acc: 62.67%, Loss: 0.7370
Epoch: 24, Batch: 610, Acc: 62.65%, Loss: 0.7802
Epoch: 24, Batch: 620, Acc: 62.64%, Loss: 0.7720
Epoch: 24, Batch: 630, Acc: 62.67%, Loss: 0.7791
Epoch: 24, Batch: 640, Acc: 62.65%, Loss: 0.7535
Epoch: 24, Batch: 650, Acc: 62.68%, Loss: 0.7328
Epoch: 24, Batch: 660, Acc: 62.67%, Loss: 0.7602
Epoch: 24, Batch: 670, Acc: 62.70%, Loss: 0.7208
Epoch: 24, Batch: 680, Acc: 62.71%, Loss: 0.7480
Epoch: 24, Batch: 690, Acc: 62.73%, Loss: 0.7642
Epoch: 24, Batch: 700, Acc: 62.72%, Loss: 0.7428
Epoch: 24, Batch: 710, Acc: 62.74%, Loss: 0.7736
Epoch: 24, Batch: 720, Acc: 62.70%, Loss: 0.7592
Epoch: 24, Batch: 730, Acc: 62.73%, Loss: 0.7395
Epoch: 24, Batch: 740, Acc: 62.71%, Loss: 0.7822
Epoch: 24, Batch: 750, Acc: 62.68%, Loss: 0.7838
Epoch: 24, Batch: 760, Acc: 62.74%, Loss: 0.7149
Epoch: 24, Batch: 770, Acc: 62.70%, Loss: 0.7948
Epoch: 24, Batch: 780, Acc: 62.66%, Loss: 0.7825
Epoch: 24, Batch: 790, Acc: 62.69%, Loss: 0.7493
Epoch: 24, Batch: 800, Acc: 62.68%, Loss: 0.8112
Epoch: 24, Batch: 810, Acc: 62.68%, Loss: 0.7461
Epoch: 24, Batch: 820, Acc: 62.69%, Loss: 0.7593
Epoch: 24, Batch: 830, Acc: 62.63%, Loss: 0.8081
Epoch: 24, Batch: 840, Acc: 62.66%, Loss: 0.7636
Epoch: 24, Batch: 850, Acc: 62.69%, Loss: 0.7225
Epoch: 24, Batch: 860, Acc: 62.66%, Loss: 0.7661
Epoch: 24, Batch: 870, Acc: 62.67%, Loss: 0.7598
Epoch: 24, Batch: 880, Acc: 62.66%, Loss: 0.7621
Epoch: 24, Batch: 890, Acc: 62.66%, Loss: 0.7678
Epoch: 24, Batch: 900, Acc: 62.67%, Loss: 0.7224
Epoch: 24, Batch: 910, Acc: 62.68%, Loss: 0.7394
Epoch: 24, Batch: 920, Acc: 62.70%, Loss: 0.7453
Epoch: 24, Batch: 930, Acc: 62.67%, Loss: 0.7887
Accuracy on test set: 70.27%, Val loss: 1.1443
Epoch 24: val_acc=70.27, best_val_acc=70.27, es_counter=0
Epoch: 25, Batch: 10, Acc: 61.88%, Loss: 0.7603
Epoch: 25, Batch: 20, Acc: 61.56%, Loss: 0.7861
Epoch: 25, Batch: 30, Acc: 62.71%, Loss: 0.7364
Epoch: 25, Batch: 40, Acc: 62.93%, Loss: 0.7401
Epoch: 25, Batch: 50, Acc: 62.62%, Loss: 0.7887
Epoch: 25, Batch: 60, Acc: 62.68%, Loss: 0.7592
Epoch: 25, Batch: 70, Acc: 62.19%, Loss: 0.8129
Epoch: 25, Batch: 80, Acc: 62.19%, Loss: 0.7581
Epoch: 25, Batch: 90, Acc: 62.62%, Loss: 0.7213
Epoch: 25, Batch: 100, Acc: 62.41%, Loss: 0.7570
Epoch: 25, Batch: 110, Acc: 62.46%, Loss: 0.7509
Epoch: 25, Batch: 120, Acc: 62.08%, Loss: 0.8085
Epoch: 25, Batch: 130, Acc: 62.28%, Loss: 0.7393
Epoch: 25, Batch: 140, Acc: 62.33%, Loss: 0.7591
Epoch: 25, Batch: 150, Acc: 62.30%, Loss: 0.7415
Epoch: 25, Batch: 160, Acc: 62.09%, Loss: 0.8075
Epoch: 25, Batch: 170, Acc: 62.12%, Loss: 0.7545
Epoch: 25, Batch: 180, Acc: 62.05%, Loss: 0.7849
Epoch: 25, Batch: 190, Acc: 62.08%, Loss: 0.7608
Epoch: 25, Batch: 200, Acc: 62.06%, Loss: 0.7919
Epoch: 25, Batch: 210, Acc: 62.01%, Loss: 0.7362
Epoch: 25, Batch: 220, Acc: 62.12%, Loss: 0.7360
Epoch: 25, Batch: 230, Acc: 62.13%, Loss: 0.7396
Epoch: 25, Batch: 240, Acc: 62.08%, Loss: 0.8040
Epoch: 25, Batch: 250, Acc: 62.02%, Loss: 0.7642
Epoch: 25, Batch: 260, Acc: 61.95%, Loss: 0.7774
Epoch: 25, Batch: 270, Acc: 62.11%, Loss: 0.7226
Epoch: 25, Batch: 280, Acc: 62.09%, Loss: 0.7974
Epoch: 25, Batch: 290, Acc: 62.13%, Loss: 0.7280
Epoch: 25, Batch: 300, Acc: 62.11%, Loss: 0.7494
Epoch: 25, Batch: 310, Acc: 62.11%, Loss: 0.7414
Epoch: 25, Batch: 320, Acc: 62.12%, Loss: 0.7372
Epoch: 25, Batch: 330, Acc: 62.18%, Loss: 0.7772
Epoch: 25, Batch: 340, Acc: 62.22%, Loss: 0.7614
Epoch: 25, Batch: 350, Acc: 62.29%, Loss: 0.7460
Epoch: 25, Batch: 360, Acc: 62.36%, Loss: 0.7269
Epoch: 25, Batch: 370, Acc: 62.23%, Loss: 0.8166
Epoch: 25, Batch: 380, Acc: 62.24%, Loss: 0.7765
Epoch: 25, Batch: 390, Acc: 62.29%, Loss: 0.7561
Epoch: 25, Batch: 400, Acc: 62.34%, Loss: 0.7541
Epoch: 25, Batch: 410, Acc: 62.44%, Loss: 0.7656
Epoch: 25, Batch: 420, Acc: 62.47%, Loss: 0.7382
Epoch: 25, Batch: 430, Acc: 62.52%, Loss: 0.7254
Epoch: 25, Batch: 440, Acc: 62.53%, Loss: 0.7506
Epoch: 25, Batch: 450, Acc: 62.52%, Loss: 0.7803
Epoch: 25, Batch: 460, Acc: 62.54%, Loss: 0.7198
Epoch: 25, Batch: 470, Acc: 62.55%, Loss: 0.7532
Epoch: 25, Batch: 480, Acc: 62.52%, Loss: 0.8048
Epoch: 25, Batch: 490, Acc: 62.54%, Loss: 0.7410
Epoch: 25, Batch: 500, Acc: 62.55%, Loss: 0.7625
Epoch: 25, Batch: 510, Acc: 62.56%, Loss: 0.7034
Epoch: 25, Batch: 520, Acc: 62.54%, Loss: 0.7691
Epoch: 25, Batch: 530, Acc: 62.54%, Loss: 0.7444
Epoch: 25, Batch: 540, Acc: 62.53%, Loss: 0.7356
Epoch: 25, Batch: 550, Acc: 62.53%, Loss: 0.7400
Epoch: 25, Batch: 560, Acc: 62.53%, Loss: 0.7540
Epoch: 25, Batch: 570, Acc: 62.51%, Loss: 0.7845
Epoch: 25, Batch: 580, Acc: 62.55%, Loss: 0.7488
Epoch: 25, Batch: 590, Acc: 62.50%, Loss: 0.8024
Epoch: 25, Batch: 600, Acc: 62.51%, Loss: 0.7564
Epoch: 25, Batch: 610, Acc: 62.54%, Loss: 0.7145
Epoch: 25, Batch: 620, Acc: 62.55%, Loss: 0.7889
Epoch: 25, Batch: 630, Acc: 62.59%, Loss: 0.6995
Epoch: 25, Batch: 640, Acc: 62.57%, Loss: 0.7729
Epoch: 25, Batch: 650, Acc: 62.57%, Loss: 0.7521
Epoch: 25, Batch: 660, Acc: 62.56%, Loss: 0.7899
Epoch: 25, Batch: 670, Acc: 62.61%, Loss: 0.7293
Epoch: 25, Batch: 680, Acc: 62.60%, Loss: 0.7757
Epoch: 25, Batch: 690, Acc: 62.62%, Loss: 0.7164
Epoch: 25, Batch: 700, Acc: 62.64%, Loss: 0.7718
Epoch: 25, Batch: 710, Acc: 62.64%, Loss: 0.7509
Epoch: 25, Batch: 720, Acc: 62.64%, Loss: 0.7571
Epoch: 25, Batch: 730, Acc: 62.61%, Loss: 0.7165
Epoch: 25, Batch: 740, Acc: 62.61%, Loss: 0.7738
Epoch: 25, Batch: 750, Acc: 62.62%, Loss: 0.7421
Epoch: 25, Batch: 760, Acc: 62.62%, Loss: 0.7717
Epoch: 25, Batch: 770, Acc: 62.62%, Loss: 0.7932
Epoch: 25, Batch: 780, Acc: 62.59%, Loss: 0.7939
Epoch: 25, Batch: 790, Acc: 62.59%, Loss: 0.7706
Epoch: 25, Batch: 800, Acc: 62.57%, Loss: 0.7751
Epoch: 25, Batch: 810, Acc: 62.61%, Loss: 0.7075
Epoch: 25, Batch: 820, Acc: 62.62%, Loss: 0.7504
Epoch: 25, Batch: 830, Acc: 62.64%, Loss: 0.7212
Epoch: 25, Batch: 840, Acc: 62.64%, Loss: 0.7362
Epoch: 25, Batch: 850, Acc: 62.65%, Loss: 0.7313
Epoch: 25, Batch: 860, Acc: 62.68%, Loss: 0.7575
Epoch: 25, Batch: 870, Acc: 62.70%, Loss: 0.7357
Epoch: 25, Batch: 880, Acc: 62.73%, Loss: 0.7245
Epoch: 25, Batch: 890, Acc: 62.72%, Loss: 0.7194
Epoch: 25, Batch: 900, Acc: 62.70%, Loss: 0.7667
Epoch: 25, Batch: 910, Acc: 62.67%, Loss: 0.7964
Epoch: 25, Batch: 920, Acc: 62.69%, Loss: 0.7641
Epoch: 25, Batch: 930, Acc: 62.65%, Loss: 0.7770
Accuracy on test set: 70.83%, Val loss: 1.1420
Epoch 25: val_acc=70.83, best_val_acc=70.83, es_counter=0
Epoch: 26, Batch: 10, Acc: 62.50%, Loss: 0.7539
Epoch: 26, Batch: 20, Acc: 60.31%, Loss: 0.8288
Epoch: 26, Batch: 30, Acc: 60.68%, Loss: 0.7891
Epoch: 26, Batch: 40, Acc: 61.37%, Loss: 0.7417
Epoch: 26, Batch: 50, Acc: 61.66%, Loss: 0.7224
Epoch: 26, Batch: 60, Acc: 61.82%, Loss: 0.7886
Epoch: 26, Batch: 70, Acc: 62.12%, Loss: 0.7033
Epoch: 26, Batch: 80, Acc: 61.91%, Loss: 0.7983
Epoch: 26, Batch: 90, Acc: 61.81%, Loss: 0.7379
Epoch: 26, Batch: 100, Acc: 61.88%, Loss: 0.7524
Epoch: 26, Batch: 110, Acc: 61.83%, Loss: 0.7800
Epoch: 26, Batch: 120, Acc: 62.14%, Loss: 0.7595
Epoch: 26, Batch: 130, Acc: 62.30%, Loss: 0.7474
Epoch: 26, Batch: 140, Acc: 62.67%, Loss: 0.7009
Epoch: 26, Batch: 150, Acc: 62.70%, Loss: 0.7386
Epoch: 26, Batch: 160, Acc: 62.71%, Loss: 0.7788
Epoch: 26, Batch: 170, Acc: 62.69%, Loss: 0.7275
Epoch: 26, Batch: 180, Acc: 62.68%, Loss: 0.7405
Epoch: 26, Batch: 190, Acc: 62.62%, Loss: 0.7629
Epoch: 26, Batch: 200, Acc: 62.56%, Loss: 0.7606
Epoch: 26, Batch: 210, Acc: 62.46%, Loss: 0.7525
Epoch: 26, Batch: 220, Acc: 62.39%, Loss: 0.7758
Epoch: 26, Batch: 230, Acc: 62.24%, Loss: 0.8031
Epoch: 26, Batch: 240, Acc: 62.25%, Loss: 0.7555
Epoch: 26, Batch: 250, Acc: 62.29%, Loss: 0.7469
Epoch: 26, Batch: 260, Acc: 62.27%, Loss: 0.7848
Epoch: 26, Batch: 270, Acc: 62.18%, Loss: 0.7796
Epoch: 26, Batch: 280, Acc: 62.23%, Loss: 0.7777
Epoch: 26, Batch: 290, Acc: 62.27%, Loss: 0.7368
Epoch: 26, Batch: 300, Acc: 62.32%, Loss: 0.7261
Epoch: 26, Batch: 310, Acc: 62.38%, Loss: 0.7131
Epoch: 26, Batch: 320, Acc: 62.34%, Loss: 0.7816
Epoch: 26, Batch: 330, Acc: 62.43%, Loss: 0.7282
Epoch: 26, Batch: 340, Acc: 62.47%, Loss: 0.7488
Epoch: 26, Batch: 350, Acc: 62.52%, Loss: 0.7323
Epoch: 26, Batch: 360, Acc: 62.48%, Loss: 0.7938
Epoch: 26, Batch: 370, Acc: 62.42%, Loss: 0.7980
Epoch: 26, Batch: 380, Acc: 62.42%, Loss: 0.7642
Epoch: 26, Batch: 390, Acc: 62.43%, Loss: 0.7389
Epoch: 26, Batch: 400, Acc: 62.50%, Loss: 0.7214
Epoch: 26, Batch: 410, Acc: 62.52%, Loss: 0.7196
Epoch: 26, Batch: 420, Acc: 62.53%, Loss: 0.7510
Epoch: 26, Batch: 430, Acc: 62.51%, Loss: 0.7826
Epoch: 26, Batch: 440, Acc: 62.51%, Loss: 0.7945
Epoch: 26, Batch: 450, Acc: 62.52%, Loss: 0.7504
Epoch: 26, Batch: 460, Acc: 62.56%, Loss: 0.7127
Epoch: 26, Batch: 470, Acc: 62.55%, Loss: 0.7726
Epoch: 26, Batch: 480, Acc: 62.55%, Loss: 0.7216
Epoch: 26, Batch: 490, Acc: 62.56%, Loss: 0.7514
Epoch: 26, Batch: 500, Acc: 62.57%, Loss: 0.7396
Epoch: 26, Batch: 510, Acc: 62.59%, Loss: 0.7505
Epoch: 26, Batch: 520, Acc: 62.58%, Loss: 0.7809
Epoch: 26, Batch: 530, Acc: 62.55%, Loss: 0.7750
Epoch: 26, Batch: 540, Acc: 62.55%, Loss: 0.7767
Epoch: 26, Batch: 550, Acc: 62.55%, Loss: 0.7520
Epoch: 26, Batch: 560, Acc: 62.53%, Loss: 0.7940
Epoch: 26, Batch: 570, Acc: 62.55%, Loss: 0.7513
Epoch: 26, Batch: 580, Acc: 62.52%, Loss: 0.7848
Epoch: 26, Batch: 590, Acc: 62.52%, Loss: 0.7714
Epoch: 26, Batch: 600, Acc: 62.56%, Loss: 0.7161
Epoch: 26, Batch: 610, Acc: 62.58%, Loss: 0.7418
Epoch: 26, Batch: 620, Acc: 62.60%, Loss: 0.7203
Epoch: 26, Batch: 630, Acc: 62.61%, Loss: 0.7126
Epoch: 26, Batch: 640, Acc: 62.57%, Loss: 0.7180
Epoch: 26, Batch: 650, Acc: 62.53%, Loss: 0.7718
Epoch: 26, Batch: 660, Acc: 62.48%, Loss: 0.7931
Epoch: 26, Batch: 670, Acc: 62.54%, Loss: 0.7494
Epoch: 26, Batch: 680, Acc: 62.47%, Loss: 0.8238
Epoch: 26, Batch: 690, Acc: 62.49%, Loss: 0.7262
Epoch: 26, Batch: 700, Acc: 62.53%, Loss: 0.7489
Epoch: 26, Batch: 710, Acc: 62.56%, Loss: 0.7381
Epoch: 26, Batch: 720, Acc: 62.53%, Loss: 0.7537
Epoch: 26, Batch: 730, Acc: 62.54%, Loss: 0.7428
Epoch: 26, Batch: 740, Acc: 62.54%, Loss: 0.7712
Epoch: 26, Batch: 750, Acc: 62.58%, Loss: 0.7585
Epoch: 26, Batch: 760, Acc: 62.62%, Loss: 0.7369
Epoch: 26, Batch: 770, Acc: 62.59%, Loss: 0.7540
Epoch: 26, Batch: 780, Acc: 62.59%, Loss: 0.7625
Epoch: 26, Batch: 790, Acc: 62.63%, Loss: 0.7597
Epoch: 26, Batch: 800, Acc: 62.63%, Loss: 0.7654
Epoch: 26, Batch: 810, Acc: 62.67%, Loss: 0.7348
Epoch: 26, Batch: 820, Acc: 62.68%, Loss: 0.7556
Epoch: 26, Batch: 830, Acc: 62.71%, Loss: 0.7523
Epoch: 26, Batch: 840, Acc: 62.74%, Loss: 0.7447
Epoch: 26, Batch: 850, Acc: 62.76%, Loss: 0.7073
Epoch: 26, Batch: 860, Acc: 62.79%, Loss: 0.7137
Epoch: 26, Batch: 870, Acc: 62.79%, Loss: 0.7646
Epoch: 26, Batch: 880, Acc: 62.78%, Loss: 0.7723
Epoch: 26, Batch: 890, Acc: 62.77%, Loss: 0.7605
Epoch: 26, Batch: 900, Acc: 62.76%, Loss: 0.7488
Epoch: 26, Batch: 910, Acc: 62.76%, Loss: 0.7542
Epoch: 26, Batch: 920, Acc: 62.75%, Loss: 0.7760
Epoch: 26, Batch: 930, Acc: 62.74%, Loss: 0.7729
Accuracy on test set: 69.88%, Val loss: 1.1418
Epoch 26: val_acc=69.88, best_val_acc=70.83, es_counter=1
Epoch: 27, Batch: 10, Acc: 63.75%, Loss: 0.7408
Epoch: 27, Batch: 20, Acc: 63.75%, Loss: 0.7378
Epoch: 27, Batch: 30, Acc: 62.19%, Loss: 0.7880
Epoch: 27, Batch: 40, Acc: 61.60%, Loss: 0.7731
Epoch: 27, Batch: 50, Acc: 61.59%, Loss: 0.7611
Epoch: 27, Batch: 60, Acc: 61.51%, Loss: 0.7734
Epoch: 27, Batch: 70, Acc: 61.70%, Loss: 0.7684
Epoch: 27, Batch: 80, Acc: 62.07%, Loss: 0.7420
Epoch: 27, Batch: 90, Acc: 62.33%, Loss: 0.7506
Epoch: 27, Batch: 100, Acc: 62.48%, Loss: 0.7432
Epoch: 27, Batch: 110, Acc: 62.44%, Loss: 0.7560
Epoch: 27, Batch: 120, Acc: 62.53%, Loss: 0.7460
Epoch: 27, Batch: 130, Acc: 62.56%, Loss: 0.7495
Epoch: 27, Batch: 140, Acc: 62.44%, Loss: 0.7784
Epoch: 27, Batch: 150, Acc: 62.61%, Loss: 0.7549
Epoch: 27, Batch: 160, Acc: 62.68%, Loss: 0.7369
Epoch: 27, Batch: 170, Acc: 62.62%, Loss: 0.7576
Epoch: 27, Batch: 180, Acc: 62.53%, Loss: 0.7918
Epoch: 27, Batch: 190, Acc: 62.56%, Loss: 0.7852
Epoch: 27, Batch: 200, Acc: 62.52%, Loss: 0.7548
Epoch: 27, Batch: 210, Acc: 62.76%, Loss: 0.6795
Epoch: 27, Batch: 220, Acc: 62.66%, Loss: 0.7907
Epoch: 27, Batch: 230, Acc: 62.55%, Loss: 0.7838
Epoch: 27, Batch: 240, Acc: 62.55%, Loss: 0.7490
Epoch: 27, Batch: 250, Acc: 62.56%, Loss: 0.7275
Epoch: 27, Batch: 260, Acc: 62.63%, Loss: 0.7679
Epoch: 27, Batch: 270, Acc: 62.69%, Loss: 0.7031
Epoch: 27, Batch: 280, Acc: 62.76%, Loss: 0.7383
Epoch: 27, Batch: 290, Acc: 62.74%, Loss: 0.7294
Epoch: 27, Batch: 300, Acc: 62.86%, Loss: 0.7081
Epoch: 27, Batch: 310, Acc: 62.80%, Loss: 0.7749
Epoch: 27, Batch: 320, Acc: 62.73%, Loss: 0.7554
Epoch: 27, Batch: 330, Acc: 62.81%, Loss: 0.7212
Epoch: 27, Batch: 340, Acc: 62.87%, Loss: 0.7287
Epoch: 27, Batch: 350, Acc: 62.84%, Loss: 0.7775
Epoch: 27, Batch: 360, Acc: 62.86%, Loss: 0.7959
Epoch: 27, Batch: 370, Acc: 62.93%, Loss: 0.7506
Epoch: 27, Batch: 380, Acc: 62.88%, Loss: 0.7693
Epoch: 27, Batch: 390, Acc: 62.97%, Loss: 0.7263
Epoch: 27, Batch: 400, Acc: 63.05%, Loss: 0.7059
Epoch: 27, Batch: 410, Acc: 63.04%, Loss: 0.7514
Epoch: 27, Batch: 420, Acc: 63.03%, Loss: 0.7448
Epoch: 27, Batch: 430, Acc: 63.04%, Loss: 0.7412
Epoch: 27, Batch: 440, Acc: 63.01%, Loss: 0.7622
Epoch: 27, Batch: 450, Acc: 63.01%, Loss: 0.7544
Epoch: 27, Batch: 460, Acc: 63.01%, Loss: 0.7371
Epoch: 27, Batch: 470, Acc: 62.95%, Loss: 0.8036
Epoch: 27, Batch: 480, Acc: 62.96%, Loss: 0.7817
Epoch: 27, Batch: 490, Acc: 62.93%, Loss: 0.7785
Epoch: 27, Batch: 500, Acc: 62.91%, Loss: 0.8065
Epoch: 27, Batch: 510, Acc: 62.94%, Loss: 0.7560
Epoch: 27, Batch: 520, Acc: 62.91%, Loss: 0.7714
Epoch: 27, Batch: 530, Acc: 62.91%, Loss: 0.7255
Epoch: 27, Batch: 540, Acc: 62.95%, Loss: 0.7387
Epoch: 27, Batch: 550, Acc: 62.93%, Loss: 0.7566
Epoch: 27, Batch: 560, Acc: 62.95%, Loss: 0.7355
Epoch: 27, Batch: 570, Acc: 62.91%, Loss: 0.7772
Epoch: 27, Batch: 580, Acc: 62.95%, Loss: 0.7351
Epoch: 27, Batch: 590, Acc: 62.98%, Loss: 0.7178
Epoch: 27, Batch: 600, Acc: 63.02%, Loss: 0.7713
Epoch: 27, Batch: 610, Acc: 62.97%, Loss: 0.7948
Epoch: 27, Batch: 620, Acc: 62.98%, Loss: 0.7504
Epoch: 27, Batch: 630, Acc: 63.00%, Loss: 0.7164
Epoch: 27, Batch: 640, Acc: 62.96%, Loss: 0.7662
Epoch: 27, Batch: 650, Acc: 62.90%, Loss: 0.8026
Epoch: 27, Batch: 660, Acc: 62.84%, Loss: 0.7881
Epoch: 27, Batch: 670, Acc: 62.80%, Loss: 0.8045
Epoch: 27, Batch: 680, Acc: 62.78%, Loss: 0.7610
Epoch: 27, Batch: 690, Acc: 62.84%, Loss: 0.7320
Epoch: 27, Batch: 700, Acc: 62.87%, Loss: 0.7273
Epoch: 27, Batch: 710, Acc: 62.87%, Loss: 0.7168
Epoch: 27, Batch: 720, Acc: 62.92%, Loss: 0.7397
Epoch: 27, Batch: 730, Acc: 62.93%, Loss: 0.7221
Epoch: 27, Batch: 740, Acc: 62.96%, Loss: 0.7571
Epoch: 27, Batch: 750, Acc: 62.99%, Loss: 0.7187
Epoch: 27, Batch: 760, Acc: 62.97%, Loss: 0.7633
Epoch: 27, Batch: 770, Acc: 62.94%, Loss: 0.7934
Epoch: 27, Batch: 780, Acc: 62.94%, Loss: 0.7687
Epoch: 27, Batch: 790, Acc: 62.94%, Loss: 0.7667
Epoch: 27, Batch: 800, Acc: 62.94%, Loss: 0.7774
Epoch: 27, Batch: 810, Acc: 62.92%, Loss: 0.7830
Epoch: 27, Batch: 820, Acc: 62.92%, Loss: 0.7210
Epoch: 27, Batch: 830, Acc: 62.95%, Loss: 0.7335
Epoch: 27, Batch: 840, Acc: 62.91%, Loss: 0.7775
Epoch: 27, Batch: 850, Acc: 62.94%, Loss: 0.7322
Epoch: 27, Batch: 860, Acc: 62.92%, Loss: 0.7405
Epoch: 27, Batch: 870, Acc: 62.94%, Loss: 0.7408
Epoch: 27, Batch: 880, Acc: 62.89%, Loss: 0.8116
Epoch: 27, Batch: 890, Acc: 62.93%, Loss: 0.7220
Epoch: 27, Batch: 900, Acc: 62.94%, Loss: 0.7419
Epoch: 27, Batch: 910, Acc: 62.94%, Loss: 0.7653
Epoch: 27, Batch: 920, Acc: 62.96%, Loss: 0.7069
Epoch: 27, Batch: 930, Acc: 62.91%, Loss: 0.7996
Accuracy on test set: 70.38%, Val loss: 1.1407
Epoch 27: val_acc=70.38, best_val_acc=70.83, es_counter=2
Epoch: 28, Batch: 10, Acc: 62.34%, Loss: 0.7710
Epoch: 28, Batch: 20, Acc: 61.95%, Loss: 0.7793
Epoch: 28, Batch: 30, Acc: 63.02%, Loss: 0.7207
Epoch: 28, Batch: 40, Acc: 61.88%, Loss: 0.7999
Epoch: 28, Batch: 50, Acc: 62.50%, Loss: 0.7208
Epoch: 28, Batch: 60, Acc: 62.63%, Loss: 0.7424
Epoch: 28, Batch: 70, Acc: 62.75%, Loss: 0.7746
Epoch: 28, Batch: 80, Acc: 62.87%, Loss: 0.7405
Epoch: 28, Batch: 90, Acc: 62.71%, Loss: 0.7583
Epoch: 28, Batch: 100, Acc: 62.73%, Loss: 0.7464
Epoch: 28, Batch: 110, Acc: 62.56%, Loss: 0.7435
Epoch: 28, Batch: 120, Acc: 62.45%, Loss: 0.7765
Epoch: 28, Batch: 130, Acc: 62.55%, Loss: 0.7483
Epoch: 28, Batch: 140, Acc: 62.37%, Loss: 0.7787
Epoch: 28, Batch: 150, Acc: 62.42%, Loss: 0.7499
Epoch: 28, Batch: 160, Acc: 62.44%, Loss: 0.7834
Epoch: 28, Batch: 170, Acc: 62.72%, Loss: 0.6845
Epoch: 28, Batch: 180, Acc: 62.80%, Loss: 0.7306
Epoch: 28, Batch: 190, Acc: 62.82%, Loss: 0.7532
Epoch: 28, Batch: 200, Acc: 62.81%, Loss: 0.7942
Epoch: 28, Batch: 210, Acc: 62.76%, Loss: 0.7687
Epoch: 28, Batch: 220, Acc: 62.75%, Loss: 0.7666
Epoch: 28, Batch: 230, Acc: 62.65%, Loss: 0.7850
Epoch: 28, Batch: 240, Acc: 62.57%, Loss: 0.7674
Epoch: 28, Batch: 250, Acc: 62.64%, Loss: 0.7589
Epoch: 28, Batch: 260, Acc: 62.66%, Loss: 0.7212
Epoch: 28, Batch: 270, Acc: 62.66%, Loss: 0.7868
Epoch: 28, Batch: 280, Acc: 62.75%, Loss: 0.7496
Epoch: 28, Batch: 290, Acc: 62.80%, Loss: 0.7535
Epoch: 28, Batch: 300, Acc: 62.85%, Loss: 0.7378
Epoch: 28, Batch: 310, Acc: 62.96%, Loss: 0.7237
Epoch: 28, Batch: 320, Acc: 62.93%, Loss: 0.7776
Epoch: 28, Batch: 330, Acc: 63.04%, Loss: 0.7180
Epoch: 28, Batch: 340, Acc: 63.03%, Loss: 0.7281
Epoch: 28, Batch: 350, Acc: 63.03%, Loss: 0.7419
Epoch: 28, Batch: 360, Acc: 63.00%, Loss: 0.7383
Epoch: 28, Batch: 370, Acc: 62.97%, Loss: 0.7426
Epoch: 28, Batch: 380, Acc: 62.92%, Loss: 0.7724
Epoch: 28, Batch: 390, Acc: 62.95%, Loss: 0.7403
Epoch: 28, Batch: 400, Acc: 62.88%, Loss: 0.7903
Epoch: 28, Batch: 410, Acc: 62.80%, Loss: 0.7785
Epoch: 28, Batch: 420, Acc: 62.85%, Loss: 0.7266
Epoch: 28, Batch: 430, Acc: 62.84%, Loss: 0.7656
Epoch: 28, Batch: 440, Acc: 62.83%, Loss: 0.7718
Epoch: 28, Batch: 450, Acc: 62.80%, Loss: 0.7593
Epoch: 28, Batch: 460, Acc: 62.75%, Loss: 0.7556
Epoch: 28, Batch: 470, Acc: 62.72%, Loss: 0.7774
Epoch: 28, Batch: 480, Acc: 62.73%, Loss: 0.7494
Epoch: 28, Batch: 490, Acc: 62.76%, Loss: 0.7475
Epoch: 28, Batch: 500, Acc: 62.76%, Loss: 0.7556
Epoch: 28, Batch: 510, Acc: 62.79%, Loss: 0.7170
Epoch: 28, Batch: 520, Acc: 62.79%, Loss: 0.7454
Epoch: 28, Batch: 530, Acc: 62.79%, Loss: 0.8091
Epoch: 28, Batch: 540, Acc: 62.80%, Loss: 0.7519
Epoch: 28, Batch: 550, Acc: 62.78%, Loss: 0.7597
Epoch: 28, Batch: 560, Acc: 62.76%, Loss: 0.7310
Epoch: 28, Batch: 570, Acc: 62.75%, Loss: 0.7618
Epoch: 28, Batch: 580, Acc: 62.77%, Loss: 0.7694
Epoch: 28, Batch: 590, Acc: 62.79%, Loss: 0.7453
Epoch: 28, Batch: 600, Acc: 62.86%, Loss: 0.6950
Epoch: 28, Batch: 610, Acc: 62.89%, Loss: 0.7248
Epoch: 28, Batch: 620, Acc: 62.94%, Loss: 0.7329
Epoch: 28, Batch: 630, Acc: 62.91%, Loss: 0.7499
Epoch: 28, Batch: 640, Acc: 62.91%, Loss: 0.7699
Epoch: 28, Batch: 650, Acc: 62.91%, Loss: 0.7612
Epoch: 28, Batch: 660, Acc: 62.91%, Loss: 0.7196
Epoch: 28, Batch: 670, Acc: 62.91%, Loss: 0.7568
Epoch: 28, Batch: 680, Acc: 62.96%, Loss: 0.7428
Epoch: 28, Batch: 690, Acc: 62.93%, Loss: 0.7579
Epoch: 28, Batch: 700, Acc: 62.94%, Loss: 0.7499
Epoch: 28, Batch: 710, Acc: 62.94%, Loss: 0.7792
Epoch: 28, Batch: 720, Acc: 62.95%, Loss: 0.7546
Epoch: 28, Batch: 730, Acc: 62.98%, Loss: 0.7367
Epoch: 28, Batch: 740, Acc: 62.99%, Loss: 0.7408
Epoch: 28, Batch: 750, Acc: 63.02%, Loss: 0.7061
Epoch: 28, Batch: 760, Acc: 63.02%, Loss: 0.7535
Epoch: 28, Batch: 770, Acc: 63.03%, Loss: 0.7220
Epoch: 28, Batch: 780, Acc: 63.00%, Loss: 0.7900
Epoch: 28, Batch: 790, Acc: 62.99%, Loss: 0.7746
Epoch: 28, Batch: 800, Acc: 62.95%, Loss: 0.8128
Epoch: 28, Batch: 810, Acc: 62.99%, Loss: 0.7046
Epoch: 28, Batch: 820, Acc: 63.00%, Loss: 0.7411
Epoch: 28, Batch: 830, Acc: 63.00%, Loss: 0.7455
Epoch: 28, Batch: 840, Acc: 62.98%, Loss: 0.7371
Epoch: 28, Batch: 850, Acc: 62.94%, Loss: 0.7750
Epoch: 28, Batch: 860, Acc: 62.95%, Loss: 0.7689
Epoch: 28, Batch: 870, Acc: 62.94%, Loss: 0.7745
Epoch: 28, Batch: 880, Acc: 62.96%, Loss: 0.7656
Epoch: 28, Batch: 890, Acc: 62.93%, Loss: 0.7855
Epoch: 28, Batch: 900, Acc: 62.94%, Loss: 0.7119
Epoch: 28, Batch: 910, Acc: 62.92%, Loss: 0.7711
Epoch: 28, Batch: 920, Acc: 62.94%, Loss: 0.7178
Epoch: 28, Batch: 930, Acc: 62.95%, Loss: 0.7295
Accuracy on test set: 70.25%, Val loss: 1.1329
Epoch 28: val_acc=70.25, best_val_acc=70.83, es_counter=3
Epoch: 29, Batch: 10, Acc: 68.28%, Loss: 0.7168
Epoch: 29, Batch: 20, Acc: 64.38%, Loss: 0.7768
Epoch: 29, Batch: 30, Acc: 63.75%, Loss: 0.7321
Epoch: 29, Batch: 40, Acc: 62.97%, Loss: 0.7783
Epoch: 29, Batch: 50, Acc: 62.78%, Loss: 0.7548
Epoch: 29, Batch: 60, Acc: 62.06%, Loss: 0.7870
Epoch: 29, Batch: 70, Acc: 62.10%, Loss: 0.7362
Epoch: 29, Batch: 80, Acc: 62.44%, Loss: 0.7335
Epoch: 29, Batch: 90, Acc: 62.33%, Loss: 0.7938
Epoch: 29, Batch: 100, Acc: 62.47%, Loss: 0.7436
Epoch: 29, Batch: 110, Acc: 62.64%, Loss: 0.7322
Epoch: 29, Batch: 120, Acc: 62.49%, Loss: 0.7609
Epoch: 29, Batch: 130, Acc: 62.20%, Loss: 0.8346
Epoch: 29, Batch: 140, Acc: 62.22%, Loss: 0.7949
Epoch: 29, Batch: 150, Acc: 62.33%, Loss: 0.7553
Epoch: 29, Batch: 160, Acc: 62.37%, Loss: 0.7427
Epoch: 29, Batch: 170, Acc: 62.56%, Loss: 0.6998
Epoch: 29, Batch: 180, Acc: 62.39%, Loss: 0.8102
Epoch: 29, Batch: 190, Acc: 62.50%, Loss: 0.7224
Epoch: 29, Batch: 200, Acc: 62.60%, Loss: 0.7234
Epoch: 29, Batch: 210, Acc: 62.57%, Loss: 0.7451
Epoch: 29, Batch: 220, Acc: 62.63%, Loss: 0.7028
Epoch: 29, Batch: 230, Acc: 62.67%, Loss: 0.7358
Epoch: 29, Batch: 240, Acc: 62.60%, Loss: 0.8317
Epoch: 29, Batch: 250, Acc: 62.67%, Loss: 0.7552
Epoch: 29, Batch: 260, Acc: 62.57%, Loss: 0.7926
Epoch: 29, Batch: 270, Acc: 62.48%, Loss: 0.7890
Epoch: 29, Batch: 280, Acc: 62.57%, Loss: 0.7132
Epoch: 29, Batch: 290, Acc: 62.60%, Loss: 0.7430
Epoch: 29, Batch: 300, Acc: 62.65%, Loss: 0.7427
Epoch: 29, Batch: 310, Acc: 62.70%, Loss: 0.7101
Epoch: 29, Batch: 320, Acc: 62.68%, Loss: 0.7922
Epoch: 29, Batch: 330, Acc: 62.66%, Loss: 0.7568
Epoch: 29, Batch: 340, Acc: 62.74%, Loss: 0.7295
Epoch: 29, Batch: 350, Acc: 62.82%, Loss: 0.7566
Epoch: 29, Batch: 360, Acc: 62.76%, Loss: 0.8000
Epoch: 29, Batch: 370, Acc: 62.88%, Loss: 0.7180
Epoch: 29, Batch: 380, Acc: 62.87%, Loss: 0.7735
Epoch: 29, Batch: 390, Acc: 62.82%, Loss: 0.7905
Epoch: 29, Batch: 400, Acc: 62.79%, Loss: 0.7943
Epoch: 29, Batch: 410, Acc: 62.84%, Loss: 0.7308
Epoch: 29, Batch: 420, Acc: 62.82%, Loss: 0.7358
Epoch: 29, Batch: 430, Acc: 62.88%, Loss: 0.7331
Epoch: 29, Batch: 440, Acc: 62.95%, Loss: 0.7286
Epoch: 29, Batch: 450, Acc: 62.95%, Loss: 0.7402
Epoch: 29, Batch: 460, Acc: 62.99%, Loss: 0.7523
Epoch: 29, Batch: 470, Acc: 62.99%, Loss: 0.7548
Epoch: 29, Batch: 480, Acc: 62.96%, Loss: 0.7785
Epoch: 29, Batch: 490, Acc: 62.98%, Loss: 0.7380
Epoch: 29, Batch: 500, Acc: 62.97%, Loss: 0.7438
Epoch: 29, Batch: 510, Acc: 62.92%, Loss: 0.7617
Epoch: 29, Batch: 520, Acc: 62.94%, Loss: 0.7726
Epoch: 29, Batch: 530, Acc: 62.93%, Loss: 0.7654
Epoch: 29, Batch: 540, Acc: 62.94%, Loss: 0.7069
Epoch: 29, Batch: 550, Acc: 62.99%, Loss: 0.7294
Epoch: 29, Batch: 560, Acc: 63.02%, Loss: 0.7295
Epoch: 29, Batch: 570, Acc: 62.97%, Loss: 0.8242
Epoch: 29, Batch: 580, Acc: 62.95%, Loss: 0.7561
Epoch: 29, Batch: 590, Acc: 63.02%, Loss: 0.7121
Epoch: 29, Batch: 600, Acc: 63.02%, Loss: 0.7217
Epoch: 29, Batch: 610, Acc: 63.07%, Loss: 0.7569
Epoch: 29, Batch: 620, Acc: 63.01%, Loss: 0.7909
Epoch: 29, Batch: 630, Acc: 63.01%, Loss: 0.7608
Epoch: 29, Batch: 640, Acc: 63.00%, Loss: 0.7482
Epoch: 29, Batch: 650, Acc: 62.98%, Loss: 0.7369
Epoch: 29, Batch: 660, Acc: 63.02%, Loss: 0.7138
Epoch: 29, Batch: 670, Acc: 63.02%, Loss: 0.7337
Epoch: 29, Batch: 680, Acc: 63.01%, Loss: 0.7510
Epoch: 29, Batch: 690, Acc: 63.04%, Loss: 0.7347
Epoch: 29, Batch: 700, Acc: 63.02%, Loss: 0.7923
Epoch: 29, Batch: 710, Acc: 63.04%, Loss: 0.7228
Epoch: 29, Batch: 720, Acc: 63.02%, Loss: 0.8053
Epoch: 29, Batch: 730, Acc: 63.02%, Loss: 0.7631
Epoch: 29, Batch: 740, Acc: 63.02%, Loss: 0.7670
Epoch: 29, Batch: 750, Acc: 63.03%, Loss: 0.7143
Epoch: 29, Batch: 760, Acc: 63.03%, Loss: 0.7308
Epoch: 29, Batch: 770, Acc: 63.06%, Loss: 0.7198
Epoch: 29, Batch: 780, Acc: 63.04%, Loss: 0.7145
Epoch: 29, Batch: 790, Acc: 63.03%, Loss: 0.7811
Epoch: 29, Batch: 800, Acc: 62.99%, Loss: 0.8001
Epoch: 29, Batch: 810, Acc: 62.99%, Loss: 0.7294
Epoch: 29, Batch: 820, Acc: 63.00%, Loss: 0.7065
Epoch: 29, Batch: 830, Acc: 63.03%, Loss: 0.7472
Epoch: 29, Batch: 840, Acc: 63.00%, Loss: 0.7473
Epoch: 29, Batch: 850, Acc: 63.00%, Loss: 0.7548
Epoch: 29, Batch: 860, Acc: 63.03%, Loss: 0.7021
Epoch: 29, Batch: 870, Acc: 63.04%, Loss: 0.7723
Epoch: 29, Batch: 880, Acc: 63.04%, Loss: 0.7132
Epoch: 29, Batch: 890, Acc: 63.03%, Loss: 0.7575
Epoch: 29, Batch: 900, Acc: 63.06%, Loss: 0.7265
Epoch: 29, Batch: 910, Acc: 63.01%, Loss: 0.7881
Epoch: 29, Batch: 920, Acc: 63.01%, Loss: 0.7497
Epoch: 29, Batch: 930, Acc: 62.99%, Loss: 0.7617
Accuracy on test set: 70.27%, Val loss: 1.1255
Epoch 29: val_acc=70.27, best_val_acc=70.83, es_counter=4
Epoch: 30, Batch: 10, Acc: 57.97%, Loss: 0.7996
Epoch: 30, Batch: 20, Acc: 59.77%, Loss: 0.7613
Epoch: 30, Batch: 30, Acc: 60.68%, Loss: 0.7322
Epoch: 30, Batch: 40, Acc: 61.48%, Loss: 0.7443
Epoch: 30, Batch: 50, Acc: 62.00%, Loss: 0.7237
Epoch: 30, Batch: 60, Acc: 62.21%, Loss: 0.7382
Epoch: 30, Batch: 70, Acc: 62.28%, Loss: 0.7645
Epoch: 30, Batch: 80, Acc: 62.42%, Loss: 0.7511
Epoch: 30, Batch: 90, Acc: 62.53%, Loss: 0.7950
Epoch: 30, Batch: 100, Acc: 62.73%, Loss: 0.7426
Epoch: 30, Batch: 110, Acc: 62.64%, Loss: 0.7421
Epoch: 30, Batch: 120, Acc: 62.75%, Loss: 0.7239
Epoch: 30, Batch: 130, Acc: 62.69%, Loss: 0.7735
Epoch: 30, Batch: 140, Acc: 62.59%, Loss: 0.7824
Epoch: 30, Batch: 150, Acc: 62.60%, Loss: 0.7466
Epoch: 30, Batch: 160, Acc: 62.61%, Loss: 0.7574
Epoch: 30, Batch: 170, Acc: 62.65%, Loss: 0.7484
Epoch: 30, Batch: 180, Acc: 62.78%, Loss: 0.7119
Epoch: 30, Batch: 190, Acc: 62.83%, Loss: 0.7656
Epoch: 30, Batch: 200, Acc: 62.70%, Loss: 0.7740
Epoch: 30, Batch: 210, Acc: 62.72%, Loss: 0.7366
Epoch: 30, Batch: 220, Acc: 62.76%, Loss: 0.7139
Epoch: 30, Batch: 230, Acc: 62.63%, Loss: 0.7859
Epoch: 30, Batch: 240, Acc: 62.53%, Loss: 0.8045
Epoch: 30, Batch: 250, Acc: 62.56%, Loss: 0.7850
Epoch: 30, Batch: 260, Acc: 62.66%, Loss: 0.7159
Epoch: 30, Batch: 270, Acc: 62.60%, Loss: 0.7696
Epoch: 30, Batch: 280, Acc: 62.48%, Loss: 0.7888
Epoch: 30, Batch: 290, Acc: 62.41%, Loss: 0.7876
Epoch: 30, Batch: 300, Acc: 62.48%, Loss: 0.7344
Epoch: 30, Batch: 310, Acc: 62.52%, Loss: 0.7020
Epoch: 30, Batch: 320, Acc: 62.46%, Loss: 0.7962
Epoch: 30, Batch: 330, Acc: 62.58%, Loss: 0.7233
Epoch: 30, Batch: 340, Acc: 62.58%, Loss: 0.7689
Epoch: 30, Batch: 350, Acc: 62.62%, Loss: 0.7444
Epoch: 30, Batch: 360, Acc: 62.77%, Loss: 0.7158
Epoch: 30, Batch: 370, Acc: 62.80%, Loss: 0.7485
Epoch: 30, Batch: 380, Acc: 62.80%, Loss: 0.7615
Epoch: 30, Batch: 390, Acc: 62.77%, Loss: 0.7468
Epoch: 30, Batch: 400, Acc: 62.83%, Loss: 0.7363
Epoch: 30, Batch: 410, Acc: 62.77%, Loss: 0.8207
Epoch: 30, Batch: 420, Acc: 62.86%, Loss: 0.7068
Epoch: 30, Batch: 430, Acc: 62.86%, Loss: 0.7683
Epoch: 30, Batch: 440, Acc: 62.89%, Loss: 0.7435
Epoch: 30, Batch: 450, Acc: 62.93%, Loss: 0.7344
Epoch: 30, Batch: 460, Acc: 62.87%, Loss: 0.7805
Epoch: 30, Batch: 470, Acc: 62.83%, Loss: 0.7677
Epoch: 30, Batch: 480, Acc: 62.84%, Loss: 0.7615
Epoch: 30, Batch: 490, Acc: 62.80%, Loss: 0.7597
Epoch: 30, Batch: 500, Acc: 62.79%, Loss: 0.7740
Epoch: 30, Batch: 510, Acc: 62.81%, Loss: 0.7446
Epoch: 30, Batch: 520, Acc: 62.73%, Loss: 0.8025
Epoch: 30, Batch: 530, Acc: 62.72%, Loss: 0.7567
Epoch: 30, Batch: 540, Acc: 62.75%, Loss: 0.7410
Epoch: 30, Batch: 550, Acc: 62.77%, Loss: 0.7498
Epoch: 30, Batch: 560, Acc: 62.79%, Loss: 0.7238
Epoch: 30, Batch: 570, Acc: 62.75%, Loss: 0.7723
Epoch: 30, Batch: 580, Acc: 62.85%, Loss: 0.7476
Epoch: 30, Batch: 590, Acc: 62.87%, Loss: 0.7112
Epoch: 30, Batch: 600, Acc: 62.86%, Loss: 0.7803
Epoch: 30, Batch: 610, Acc: 62.86%, Loss: 0.7488
Epoch: 30, Batch: 620, Acc: 62.86%, Loss: 0.7436
Epoch: 30, Batch: 630, Acc: 62.87%, Loss: 0.7052
Epoch: 30, Batch: 640, Acc: 62.83%, Loss: 0.7356
Epoch: 30, Batch: 650, Acc: 62.87%, Loss: 0.7337
Epoch: 30, Batch: 660, Acc: 62.85%, Loss: 0.7543
Epoch: 30, Batch: 670, Acc: 62.86%, Loss: 0.7486
Epoch: 30, Batch: 680, Acc: 62.89%, Loss: 0.7080
Epoch: 30, Batch: 690, Acc: 62.91%, Loss: 0.7079
Epoch: 30, Batch: 700, Acc: 62.94%, Loss: 0.7106
Epoch: 30, Batch: 710, Acc: 62.97%, Loss: 0.7258
Epoch: 30, Batch: 720, Acc: 62.97%, Loss: 0.7503
Epoch: 30, Batch: 730, Acc: 63.02%, Loss: 0.7061
Epoch: 30, Batch: 740, Acc: 63.00%, Loss: 0.7900
Epoch: 30, Batch: 750, Acc: 62.97%, Loss: 0.7878
Epoch: 30, Batch: 760, Acc: 62.95%, Loss: 0.7787
Epoch: 30, Batch: 770, Acc: 62.97%, Loss: 0.7453
Epoch: 30, Batch: 780, Acc: 63.00%, Loss: 0.7301
Epoch: 30, Batch: 790, Acc: 63.04%, Loss: 0.7131
Epoch: 30, Batch: 800, Acc: 63.02%, Loss: 0.7670
Epoch: 30, Batch: 810, Acc: 63.06%, Loss: 0.7261
Epoch: 30, Batch: 820, Acc: 63.05%, Loss: 0.7386
Epoch: 30, Batch: 830, Acc: 63.05%, Loss: 0.7747
Epoch: 30, Batch: 840, Acc: 63.08%, Loss: 0.7293
Epoch: 30, Batch: 850, Acc: 63.08%, Loss: 0.7604
Epoch: 30, Batch: 860, Acc: 63.06%, Loss: 0.7801
Epoch: 30, Batch: 870, Acc: 63.06%, Loss: 0.7426
Epoch: 30, Batch: 880, Acc: 63.07%, Loss: 0.7288
Epoch: 30, Batch: 890, Acc: 63.08%, Loss: 0.7420
Epoch: 30, Batch: 900, Acc: 63.03%, Loss: 0.7719
Epoch: 30, Batch: 910, Acc: 63.05%, Loss: 0.7360
Epoch: 30, Batch: 920, Acc: 63.07%, Loss: 0.7652
Epoch: 30, Batch: 930, Acc: 63.10%, Loss: 0.6979
Accuracy on test set: 70.67%, Val loss: 1.1262
Epoch 30: val_acc=70.67, best_val_acc=70.83, es_counter=5
Early stopping triggered at epoch 30
Training Time: 7823.05 seconds
Best Accuracy for Run 2: 70.83%
\nEvaluating final model on clean test data...
Accuracy    : 0.7083
Loss        : 1.1422
Precision   : 0.7034
Recall      : 0.7040
F1          : 0.7037
Fpr         : 0.0324
Fnr         : 0.2960
Roc_auc     : 0.9491
Pr_auc      : nan
Metrics saved to qmlp-mnist-angle-label-flip-run_run2-layer10_label_flip.csv
\n========== Training Run 3 ==========
Epoch: 1, Batch: 10, Acc: 4.38%, Loss: 1.4039
Epoch: 1, Batch: 20, Acc: 4.30%, Loss: 1.3871
Epoch: 1, Batch: 30, Acc: 4.90%, Loss: 1.3757
Epoch: 1, Batch: 40, Acc: 6.56%, Loss: 1.3611
Epoch: 1, Batch: 50, Acc: 8.41%, Loss: 1.3470
Epoch: 1, Batch: 60, Acc: 9.14%, Loss: 1.3480
Epoch: 1, Batch: 70, Acc: 10.11%, Loss: 1.3379
Epoch: 1, Batch: 80, Acc: 10.96%, Loss: 1.3345
Epoch: 1, Batch: 90, Acc: 11.84%, Loss: 1.3235
Epoch: 1, Batch: 100, Acc: 12.41%, Loss: 1.3255
Epoch: 1, Batch: 110, Acc: 13.01%, Loss: 1.3151
Epoch: 1, Batch: 120, Acc: 13.71%, Loss: 1.3053
Epoch: 1, Batch: 130, Acc: 14.50%, Loss: 1.2992
Epoch: 1, Batch: 140, Acc: 15.23%, Loss: 1.2932
Epoch: 1, Batch: 150, Acc: 15.99%, Loss: 1.2843
Epoch: 1, Batch: 160, Acc: 16.59%, Loss: 1.2869
Epoch: 1, Batch: 170, Acc: 17.17%, Loss: 1.2812
Epoch: 1, Batch: 180, Acc: 17.66%, Loss: 1.2700
Epoch: 1, Batch: 190, Acc: 18.11%, Loss: 1.2588
Epoch: 1, Batch: 200, Acc: 18.50%, Loss: 1.2625
Epoch: 1, Batch: 210, Acc: 19.01%, Loss: 1.2395
Epoch: 1, Batch: 220, Acc: 19.50%, Loss: 1.2383
Epoch: 1, Batch: 230, Acc: 20.02%, Loss: 1.2311
Epoch: 1, Batch: 240, Acc: 20.41%, Loss: 1.2316
Epoch: 1, Batch: 250, Acc: 20.81%, Loss: 1.2221
Epoch: 1, Batch: 260, Acc: 21.29%, Loss: 1.1995
Epoch: 1, Batch: 270, Acc: 21.65%, Loss: 1.1952
Epoch: 1, Batch: 280, Acc: 21.94%, Loss: 1.2044
Epoch: 1, Batch: 290, Acc: 22.24%, Loss: 1.2001
Epoch: 1, Batch: 300, Acc: 22.47%, Loss: 1.1981
Epoch: 1, Batch: 310, Acc: 22.81%, Loss: 1.1865
Epoch: 1, Batch: 320, Acc: 23.19%, Loss: 1.1696
Epoch: 1, Batch: 330, Acc: 23.56%, Loss: 1.1609
Epoch: 1, Batch: 340, Acc: 23.94%, Loss: 1.1664
Epoch: 1, Batch: 350, Acc: 24.24%, Loss: 1.1655
Epoch: 1, Batch: 360, Acc: 24.53%, Loss: 1.1669
Epoch: 1, Batch: 370, Acc: 24.91%, Loss: 1.1414
Epoch: 1, Batch: 380, Acc: 25.23%, Loss: 1.1434
Epoch: 1, Batch: 390, Acc: 25.56%, Loss: 1.1410
Epoch: 1, Batch: 400, Acc: 25.91%, Loss: 1.1245
Epoch: 1, Batch: 410, Acc: 26.21%, Loss: 1.1174
Epoch: 1, Batch: 420, Acc: 26.52%, Loss: 1.1364
Epoch: 1, Batch: 430, Acc: 26.81%, Loss: 1.1151
Epoch: 1, Batch: 440, Acc: 27.05%, Loss: 1.1231
Epoch: 1, Batch: 450, Acc: 27.36%, Loss: 1.1004
Epoch: 1, Batch: 460, Acc: 27.59%, Loss: 1.1201
Epoch: 1, Batch: 470, Acc: 27.89%, Loss: 1.1147
Epoch: 1, Batch: 480, Acc: 28.12%, Loss: 1.1011
Epoch: 1, Batch: 490, Acc: 28.39%, Loss: 1.0859
Epoch: 1, Batch: 500, Acc: 28.55%, Loss: 1.1222
Epoch: 1, Batch: 510, Acc: 28.81%, Loss: 1.0802
Epoch: 1, Batch: 520, Acc: 29.07%, Loss: 1.0771
Epoch: 1, Batch: 530, Acc: 29.30%, Loss: 1.0986
Epoch: 1, Batch: 540, Acc: 29.54%, Loss: 1.0604
Epoch: 1, Batch: 550, Acc: 29.76%, Loss: 1.0614
Epoch: 1, Batch: 560, Acc: 29.99%, Loss: 1.0731
Epoch: 1, Batch: 570, Acc: 30.25%, Loss: 1.0626
Epoch: 1, Batch: 580, Acc: 30.44%, Loss: 1.0566
Epoch: 1, Batch: 590, Acc: 30.65%, Loss: 1.0769
Epoch: 1, Batch: 600, Acc: 30.86%, Loss: 1.0515
Epoch: 1, Batch: 610, Acc: 31.05%, Loss: 1.0607
Epoch: 1, Batch: 620, Acc: 31.24%, Loss: 1.0546
Epoch: 1, Batch: 630, Acc: 31.39%, Loss: 1.0668
Epoch: 1, Batch: 640, Acc: 31.56%, Loss: 1.0458
Epoch: 1, Batch: 650, Acc: 31.71%, Loss: 1.0683
Epoch: 1, Batch: 660, Acc: 31.87%, Loss: 1.0392
Epoch: 1, Batch: 670, Acc: 32.02%, Loss: 1.0540
Epoch: 1, Batch: 680, Acc: 32.20%, Loss: 1.0480
Epoch: 1, Batch: 690, Acc: 32.38%, Loss: 1.0378
Epoch: 1, Batch: 700, Acc: 32.56%, Loss: 1.0179
Epoch: 1, Batch: 710, Acc: 32.68%, Loss: 1.0356
Epoch: 1, Batch: 720, Acc: 32.82%, Loss: 1.0408
Epoch: 1, Batch: 730, Acc: 32.97%, Loss: 1.0370
Epoch: 1, Batch: 740, Acc: 33.10%, Loss: 1.0507
Epoch: 1, Batch: 750, Acc: 33.22%, Loss: 1.0475
Epoch: 1, Batch: 760, Acc: 33.37%, Loss: 1.0137
Epoch: 1, Batch: 770, Acc: 33.55%, Loss: 0.9965
Epoch: 1, Batch: 780, Acc: 33.71%, Loss: 1.0372
Epoch: 1, Batch: 790, Acc: 33.85%, Loss: 1.0318
Epoch: 1, Batch: 800, Acc: 33.99%, Loss: 1.0244
Epoch: 1, Batch: 810, Acc: 34.10%, Loss: 1.0205
Epoch: 1, Batch: 820, Acc: 34.29%, Loss: 1.0069
Epoch: 1, Batch: 830, Acc: 34.44%, Loss: 0.9901
Epoch: 1, Batch: 840, Acc: 34.59%, Loss: 0.9953
Epoch: 1, Batch: 850, Acc: 34.74%, Loss: 0.9745
Epoch: 1, Batch: 860, Acc: 34.87%, Loss: 1.0012
Epoch: 1, Batch: 870, Acc: 35.00%, Loss: 0.9982
Epoch: 1, Batch: 880, Acc: 35.16%, Loss: 0.9758
Epoch: 1, Batch: 890, Acc: 35.32%, Loss: 0.9866
Epoch: 1, Batch: 900, Acc: 35.45%, Loss: 1.0060
Epoch: 1, Batch: 910, Acc: 35.55%, Loss: 0.9994
Epoch: 1, Batch: 920, Acc: 35.69%, Loss: 0.9937
Epoch: 1, Batch: 930, Acc: 35.84%, Loss: 0.9828
Accuracy on test set: 52.33%, Val loss: 1.6455
Epoch 1: val_acc=52.33, best_val_acc=52.33, es_counter=0
Epoch: 2, Batch: 10, Acc: 48.28%, Loss: 0.9727
Epoch: 2, Batch: 20, Acc: 49.22%, Loss: 0.9743
Epoch: 2, Batch: 30, Acc: 48.54%, Loss: 0.9721
Epoch: 2, Batch: 40, Acc: 47.89%, Loss: 0.9943
Epoch: 2, Batch: 50, Acc: 47.41%, Loss: 1.0170
Epoch: 2, Batch: 60, Acc: 47.66%, Loss: 0.9882
Epoch: 2, Batch: 70, Acc: 47.72%, Loss: 0.9803
Epoch: 2, Batch: 80, Acc: 47.91%, Loss: 0.9664
Epoch: 2, Batch: 90, Acc: 47.78%, Loss: 0.9872
Epoch: 2, Batch: 100, Acc: 47.72%, Loss: 0.9859
Epoch: 2, Batch: 110, Acc: 47.95%, Loss: 0.9847
Epoch: 2, Batch: 120, Acc: 48.18%, Loss: 0.9836
Epoch: 2, Batch: 130, Acc: 48.23%, Loss: 0.9704
Epoch: 2, Batch: 140, Acc: 48.37%, Loss: 0.9416
Epoch: 2, Batch: 150, Acc: 48.42%, Loss: 0.9788
Epoch: 2, Batch: 160, Acc: 48.16%, Loss: 0.9949
Epoch: 2, Batch: 170, Acc: 48.38%, Loss: 0.9272
Epoch: 2, Batch: 180, Acc: 48.49%, Loss: 0.9486
Epoch: 2, Batch: 190, Acc: 48.51%, Loss: 0.9450
Epoch: 2, Batch: 200, Acc: 48.66%, Loss: 0.9466
Epoch: 2, Batch: 210, Acc: 48.76%, Loss: 0.9395
Epoch: 2, Batch: 220, Acc: 48.86%, Loss: 0.9437
Epoch: 2, Batch: 230, Acc: 48.68%, Loss: 0.9964
Epoch: 2, Batch: 240, Acc: 48.76%, Loss: 0.9218
Epoch: 2, Batch: 250, Acc: 48.94%, Loss: 0.9229
Epoch: 2, Batch: 260, Acc: 48.96%, Loss: 0.9321
Epoch: 2, Batch: 270, Acc: 48.89%, Loss: 0.9765
Epoch: 2, Batch: 280, Acc: 48.99%, Loss: 0.9306
Epoch: 2, Batch: 290, Acc: 49.09%, Loss: 0.9031
Epoch: 2, Batch: 300, Acc: 49.10%, Loss: 0.9436
Epoch: 2, Batch: 310, Acc: 49.09%, Loss: 0.9610
Epoch: 2, Batch: 320, Acc: 49.13%, Loss: 0.9307
Epoch: 2, Batch: 330, Acc: 49.09%, Loss: 0.9780
Epoch: 2, Batch: 340, Acc: 49.07%, Loss: 0.9766
Epoch: 2, Batch: 350, Acc: 49.13%, Loss: 0.9594
Epoch: 2, Batch: 360, Acc: 49.19%, Loss: 0.9118
Epoch: 2, Batch: 370, Acc: 49.22%, Loss: 0.9500
Epoch: 2, Batch: 380, Acc: 49.21%, Loss: 0.9732
Epoch: 2, Batch: 390, Acc: 49.32%, Loss: 0.9130
Epoch: 2, Batch: 400, Acc: 49.34%, Loss: 0.9296
Epoch: 2, Batch: 410, Acc: 49.42%, Loss: 0.9344
Epoch: 2, Batch: 420, Acc: 49.42%, Loss: 0.9289
Epoch: 2, Batch: 430, Acc: 49.46%, Loss: 0.9566
Epoch: 2, Batch: 440, Acc: 49.47%, Loss: 0.9227
Epoch: 2, Batch: 450, Acc: 49.51%, Loss: 0.9303
Epoch: 2, Batch: 460, Acc: 49.57%, Loss: 0.9338
Epoch: 2, Batch: 470, Acc: 49.56%, Loss: 0.9452
Epoch: 2, Batch: 480, Acc: 49.57%, Loss: 0.9277
Epoch: 2, Batch: 490, Acc: 49.58%, Loss: 0.9447
Epoch: 2, Batch: 500, Acc: 49.65%, Loss: 0.9049
Epoch: 2, Batch: 510, Acc: 49.69%, Loss: 0.9618
Epoch: 2, Batch: 520, Acc: 49.70%, Loss: 0.9040
Epoch: 2, Batch: 530, Acc: 49.68%, Loss: 0.9157
Epoch: 2, Batch: 540, Acc: 49.74%, Loss: 0.9216
Epoch: 2, Batch: 550, Acc: 49.76%, Loss: 0.9299
Epoch: 2, Batch: 560, Acc: 49.84%, Loss: 0.9136
Epoch: 2, Batch: 570, Acc: 49.90%, Loss: 0.9186
Epoch: 2, Batch: 580, Acc: 49.86%, Loss: 0.9343
Epoch: 2, Batch: 590, Acc: 49.89%, Loss: 0.9169
Epoch: 2, Batch: 600, Acc: 49.95%, Loss: 0.9024
Epoch: 2, Batch: 610, Acc: 49.97%, Loss: 0.9270
Epoch: 2, Batch: 620, Acc: 50.02%, Loss: 0.9064
Epoch: 2, Batch: 630, Acc: 50.00%, Loss: 0.9252
Epoch: 2, Batch: 640, Acc: 50.01%, Loss: 0.9422
Epoch: 2, Batch: 650, Acc: 50.04%, Loss: 0.9055
Epoch: 2, Batch: 660, Acc: 50.08%, Loss: 0.9180
Epoch: 2, Batch: 670, Acc: 50.16%, Loss: 0.8828
Epoch: 2, Batch: 680, Acc: 50.21%, Loss: 0.8855
Epoch: 2, Batch: 690, Acc: 50.26%, Loss: 0.9244
Epoch: 2, Batch: 700, Acc: 50.28%, Loss: 0.9216
Epoch: 2, Batch: 710, Acc: 50.33%, Loss: 0.9070
Epoch: 2, Batch: 720, Acc: 50.37%, Loss: 0.9024
Epoch: 2, Batch: 730, Acc: 50.35%, Loss: 0.9131
Epoch: 2, Batch: 740, Acc: 50.38%, Loss: 0.8993
Epoch: 2, Batch: 750, Acc: 50.35%, Loss: 0.9362
Epoch: 2, Batch: 760, Acc: 50.41%, Loss: 0.8822
Epoch: 2, Batch: 770, Acc: 50.44%, Loss: 0.9109
Epoch: 2, Batch: 780, Acc: 50.47%, Loss: 0.9111
Epoch: 2, Batch: 790, Acc: 50.53%, Loss: 0.8840
Epoch: 2, Batch: 800, Acc: 50.55%, Loss: 0.9029
Epoch: 2, Batch: 810, Acc: 50.57%, Loss: 0.9215
Epoch: 2, Batch: 820, Acc: 50.58%, Loss: 0.9044
Epoch: 2, Batch: 830, Acc: 50.62%, Loss: 0.8626
Epoch: 2, Batch: 840, Acc: 50.65%, Loss: 0.9094
Epoch: 2, Batch: 850, Acc: 50.71%, Loss: 0.8672
Epoch: 2, Batch: 860, Acc: 50.72%, Loss: 0.9136
Epoch: 2, Batch: 870, Acc: 50.74%, Loss: 0.8907
Epoch: 2, Batch: 880, Acc: 50.76%, Loss: 0.8986
Epoch: 2, Batch: 890, Acc: 50.79%, Loss: 0.9057
Epoch: 2, Batch: 900, Acc: 50.76%, Loss: 0.9229
Epoch: 2, Batch: 910, Acc: 50.77%, Loss: 0.9068
Epoch: 2, Batch: 920, Acc: 50.77%, Loss: 0.9233
Epoch: 2, Batch: 930, Acc: 50.80%, Loss: 0.9082
Accuracy on test set: 60.02%, Val loss: 1.4414
Epoch 2: val_acc=60.02, best_val_acc=60.02, es_counter=0
Epoch: 3, Batch: 10, Acc: 51.09%, Loss: 0.9075
Epoch: 3, Batch: 20, Acc: 51.33%, Loss: 0.9188
Epoch: 3, Batch: 30, Acc: 51.20%, Loss: 0.8922
Epoch: 3, Batch: 40, Acc: 51.37%, Loss: 0.9187
Epoch: 3, Batch: 50, Acc: 52.38%, Loss: 0.8587
Epoch: 3, Batch: 60, Acc: 52.50%, Loss: 0.8751
Epoch: 3, Batch: 70, Acc: 52.41%, Loss: 0.8748
Epoch: 3, Batch: 80, Acc: 52.23%, Loss: 0.9134
Epoch: 3, Batch: 90, Acc: 52.38%, Loss: 0.8893
Epoch: 3, Batch: 100, Acc: 52.28%, Loss: 0.8951
Epoch: 3, Batch: 110, Acc: 52.34%, Loss: 0.8974
Epoch: 3, Batch: 120, Acc: 52.58%, Loss: 0.9221
Epoch: 3, Batch: 130, Acc: 52.69%, Loss: 0.8922
Epoch: 3, Batch: 140, Acc: 52.61%, Loss: 0.9195
Epoch: 3, Batch: 150, Acc: 52.65%, Loss: 0.8878
Epoch: 3, Batch: 160, Acc: 52.72%, Loss: 0.8726
Epoch: 3, Batch: 170, Acc: 52.69%, Loss: 0.9055
Epoch: 3, Batch: 180, Acc: 52.49%, Loss: 0.9198
Epoch: 3, Batch: 190, Acc: 52.58%, Loss: 0.8881
Epoch: 3, Batch: 200, Acc: 52.60%, Loss: 0.9094
Epoch: 3, Batch: 210, Acc: 52.85%, Loss: 0.8205
Epoch: 3, Batch: 220, Acc: 52.88%, Loss: 0.8925
Epoch: 3, Batch: 230, Acc: 52.81%, Loss: 0.9254
Epoch: 3, Batch: 240, Acc: 53.01%, Loss: 0.8583
Epoch: 3, Batch: 250, Acc: 53.10%, Loss: 0.8490
Epoch: 3, Batch: 260, Acc: 53.22%, Loss: 0.8615
Epoch: 3, Batch: 270, Acc: 53.18%, Loss: 0.8919
Epoch: 3, Batch: 280, Acc: 53.13%, Loss: 0.8732
Epoch: 3, Batch: 290, Acc: 53.06%, Loss: 0.8644
Epoch: 3, Batch: 300, Acc: 53.06%, Loss: 0.9125
Epoch: 3, Batch: 310, Acc: 53.09%, Loss: 0.8836
Epoch: 3, Batch: 320, Acc: 53.12%, Loss: 0.8619
Epoch: 3, Batch: 330, Acc: 53.18%, Loss: 0.8631
Epoch: 3, Batch: 340, Acc: 53.19%, Loss: 0.8670
Epoch: 3, Batch: 350, Acc: 53.21%, Loss: 0.8910
Epoch: 3, Batch: 360, Acc: 53.26%, Loss: 0.8633
Epoch: 3, Batch: 370, Acc: 53.12%, Loss: 0.9544
Epoch: 3, Batch: 380, Acc: 53.19%, Loss: 0.8832
Epoch: 3, Batch: 390, Acc: 53.18%, Loss: 0.8599
Epoch: 3, Batch: 400, Acc: 53.23%, Loss: 0.8821
Epoch: 3, Batch: 410, Acc: 53.32%, Loss: 0.8691
Epoch: 3, Batch: 420, Acc: 53.45%, Loss: 0.8080
Epoch: 3, Batch: 430, Acc: 53.38%, Loss: 0.9116
Epoch: 3, Batch: 440, Acc: 53.32%, Loss: 0.8857
Epoch: 3, Batch: 450, Acc: 53.28%, Loss: 0.9194
Epoch: 3, Batch: 460, Acc: 53.39%, Loss: 0.8460
Epoch: 3, Batch: 470, Acc: 53.37%, Loss: 0.8754
Epoch: 3, Batch: 480, Acc: 53.39%, Loss: 0.8755
Epoch: 3, Batch: 490, Acc: 53.30%, Loss: 0.8807
Epoch: 3, Batch: 500, Acc: 53.31%, Loss: 0.9289
Epoch: 3, Batch: 510, Acc: 53.32%, Loss: 0.8566
Epoch: 3, Batch: 520, Acc: 53.30%, Loss: 0.8950
Epoch: 3, Batch: 530, Acc: 53.28%, Loss: 0.9159
Epoch: 3, Batch: 540, Acc: 53.27%, Loss: 0.9071
Epoch: 3, Batch: 550, Acc: 53.32%, Loss: 0.8390
Epoch: 3, Batch: 560, Acc: 53.28%, Loss: 0.8930
Epoch: 3, Batch: 570, Acc: 53.35%, Loss: 0.8843
Epoch: 3, Batch: 580, Acc: 53.36%, Loss: 0.8871
Epoch: 3, Batch: 590, Acc: 53.34%, Loss: 0.8829
Epoch: 3, Batch: 600, Acc: 53.35%, Loss: 0.8988
Epoch: 3, Batch: 610, Acc: 53.35%, Loss: 0.8876
Epoch: 3, Batch: 620, Acc: 53.38%, Loss: 0.8815
Epoch: 3, Batch: 630, Acc: 53.44%, Loss: 0.8501
Epoch: 3, Batch: 640, Acc: 53.46%, Loss: 0.8593
Epoch: 3, Batch: 650, Acc: 53.50%, Loss: 0.8709
Epoch: 3, Batch: 660, Acc: 53.53%, Loss: 0.8715
Epoch: 3, Batch: 670, Acc: 53.56%, Loss: 0.8603
Epoch: 3, Batch: 680, Acc: 53.53%, Loss: 0.8944
Epoch: 3, Batch: 690, Acc: 53.54%, Loss: 0.8296
Epoch: 3, Batch: 700, Acc: 53.55%, Loss: 0.8654
Epoch: 3, Batch: 710, Acc: 53.54%, Loss: 0.8772
Epoch: 3, Batch: 720, Acc: 53.57%, Loss: 0.8706
Epoch: 3, Batch: 730, Acc: 53.57%, Loss: 0.8821
Epoch: 3, Batch: 740, Acc: 53.58%, Loss: 0.8987
Epoch: 3, Batch: 750, Acc: 53.58%, Loss: 0.8352
Epoch: 3, Batch: 760, Acc: 53.57%, Loss: 0.8903
Epoch: 3, Batch: 770, Acc: 53.59%, Loss: 0.8468
Epoch: 3, Batch: 780, Acc: 53.65%, Loss: 0.8309
Epoch: 3, Batch: 790, Acc: 53.69%, Loss: 0.8649
Epoch: 3, Batch: 800, Acc: 53.66%, Loss: 0.9238
Epoch: 3, Batch: 810, Acc: 53.69%, Loss: 0.8141
Epoch: 3, Batch: 820, Acc: 53.73%, Loss: 0.8411
Epoch: 3, Batch: 830, Acc: 53.74%, Loss: 0.8611
Epoch: 3, Batch: 840, Acc: 53.76%, Loss: 0.8704
Epoch: 3, Batch: 850, Acc: 53.76%, Loss: 0.9153
Epoch: 3, Batch: 860, Acc: 53.82%, Loss: 0.8317
Epoch: 3, Batch: 870, Acc: 53.84%, Loss: 0.8688
Epoch: 3, Batch: 880, Acc: 53.85%, Loss: 0.8740
Epoch: 3, Batch: 890, Acc: 53.88%, Loss: 0.8324
Epoch: 3, Batch: 900, Acc: 53.90%, Loss: 0.8357
Epoch: 3, Batch: 910, Acc: 53.89%, Loss: 0.8953
Epoch: 3, Batch: 920, Acc: 53.91%, Loss: 0.8661
Epoch: 3, Batch: 930, Acc: 53.92%, Loss: 0.8673
Accuracy on test set: 62.52%, Val loss: 1.3632
Epoch 3: val_acc=62.52, best_val_acc=62.52, es_counter=0
Epoch: 4, Batch: 10, Acc: 56.72%, Loss: 0.8333
Epoch: 4, Batch: 20, Acc: 57.73%, Loss: 0.8153
Epoch: 4, Batch: 30, Acc: 57.40%, Loss: 0.8781
Epoch: 4, Batch: 40, Acc: 56.88%, Loss: 0.8543
Epoch: 4, Batch: 50, Acc: 57.06%, Loss: 0.8219
Epoch: 4, Batch: 60, Acc: 57.24%, Loss: 0.8214
Epoch: 4, Batch: 70, Acc: 57.12%, Loss: 0.8499
Epoch: 4, Batch: 80, Acc: 57.27%, Loss: 0.8258
Epoch: 4, Batch: 90, Acc: 57.24%, Loss: 0.8494
Epoch: 4, Batch: 100, Acc: 56.92%, Loss: 0.8898
Epoch: 4, Batch: 110, Acc: 56.79%, Loss: 0.8366
Epoch: 4, Batch: 120, Acc: 56.81%, Loss: 0.8655
Epoch: 4, Batch: 130, Acc: 56.75%, Loss: 0.8701
Epoch: 4, Batch: 140, Acc: 56.53%, Loss: 0.8668
Epoch: 4, Batch: 150, Acc: 56.35%, Loss: 0.9010
Epoch: 4, Batch: 160, Acc: 56.19%, Loss: 0.8696
Epoch: 4, Batch: 170, Acc: 55.98%, Loss: 0.8787
Epoch: 4, Batch: 180, Acc: 56.12%, Loss: 0.8556
Epoch: 4, Batch: 190, Acc: 55.95%, Loss: 0.8815
Epoch: 4, Batch: 200, Acc: 55.96%, Loss: 0.8515
Epoch: 4, Batch: 210, Acc: 55.92%, Loss: 0.8604
Epoch: 4, Batch: 220, Acc: 55.88%, Loss: 0.8545
Epoch: 4, Batch: 230, Acc: 55.66%, Loss: 0.8981
Epoch: 4, Batch: 240, Acc: 55.51%, Loss: 0.8920
Epoch: 4, Batch: 250, Acc: 55.62%, Loss: 0.8508
Epoch: 4, Batch: 260, Acc: 55.66%, Loss: 0.8673
Epoch: 4, Batch: 270, Acc: 55.56%, Loss: 0.8548
Epoch: 4, Batch: 280, Acc: 55.65%, Loss: 0.8278
Epoch: 4, Batch: 290, Acc: 55.65%, Loss: 0.8557
Epoch: 4, Batch: 300, Acc: 55.62%, Loss: 0.8644
Epoch: 4, Batch: 310, Acc: 55.60%, Loss: 0.8428
Epoch: 4, Batch: 320, Acc: 55.53%, Loss: 0.8875
Epoch: 4, Batch: 330, Acc: 55.50%, Loss: 0.8590
Epoch: 4, Batch: 340, Acc: 55.53%, Loss: 0.8836
Epoch: 4, Batch: 350, Acc: 55.54%, Loss: 0.8435
Epoch: 4, Batch: 360, Acc: 55.51%, Loss: 0.8738
Epoch: 4, Batch: 370, Acc: 55.58%, Loss: 0.8048
Epoch: 4, Batch: 380, Acc: 55.53%, Loss: 0.8738
Epoch: 4, Batch: 390, Acc: 55.67%, Loss: 0.8197
Epoch: 4, Batch: 400, Acc: 55.68%, Loss: 0.8216
Epoch: 4, Batch: 410, Acc: 55.66%, Loss: 0.8445
Epoch: 4, Batch: 420, Acc: 55.64%, Loss: 0.8592
Epoch: 4, Batch: 430, Acc: 55.62%, Loss: 0.8695
Epoch: 4, Batch: 440, Acc: 55.59%, Loss: 0.8770
Epoch: 4, Batch: 450, Acc: 55.72%, Loss: 0.8088
Epoch: 4, Batch: 460, Acc: 55.75%, Loss: 0.8446
Epoch: 4, Batch: 470, Acc: 55.72%, Loss: 0.8700
Epoch: 4, Batch: 480, Acc: 55.74%, Loss: 0.8634
Epoch: 4, Batch: 490, Acc: 55.80%, Loss: 0.8196
Epoch: 4, Batch: 500, Acc: 55.84%, Loss: 0.8444
Epoch: 4, Batch: 510, Acc: 55.79%, Loss: 0.8376
Epoch: 4, Batch: 520, Acc: 55.81%, Loss: 0.8573
Epoch: 4, Batch: 530, Acc: 55.78%, Loss: 0.8809
Epoch: 4, Batch: 540, Acc: 55.83%, Loss: 0.8492
Epoch: 4, Batch: 550, Acc: 55.85%, Loss: 0.8763
Epoch: 4, Batch: 560, Acc: 55.85%, Loss: 0.8712
Epoch: 4, Batch: 570, Acc: 55.88%, Loss: 0.8128
Epoch: 4, Batch: 580, Acc: 55.87%, Loss: 0.8392
Epoch: 4, Batch: 590, Acc: 55.87%, Loss: 0.8436
Epoch: 4, Batch: 600, Acc: 55.87%, Loss: 0.8324
Epoch: 4, Batch: 610, Acc: 55.86%, Loss: 0.8634
Epoch: 4, Batch: 620, Acc: 55.85%, Loss: 0.8573
Epoch: 4, Batch: 630, Acc: 55.85%, Loss: 0.8782
Epoch: 4, Batch: 640, Acc: 55.87%, Loss: 0.8278
Epoch: 4, Batch: 650, Acc: 55.87%, Loss: 0.8352
Epoch: 4, Batch: 660, Acc: 55.90%, Loss: 0.8189
Epoch: 4, Batch: 670, Acc: 55.87%, Loss: 0.8658
Epoch: 4, Batch: 680, Acc: 55.88%, Loss: 0.8455
Epoch: 4, Batch: 690, Acc: 55.89%, Loss: 0.8450
Epoch: 4, Batch: 700, Acc: 55.92%, Loss: 0.8164
Epoch: 4, Batch: 710, Acc: 55.92%, Loss: 0.8336
Epoch: 4, Batch: 720, Acc: 55.96%, Loss: 0.8257
Epoch: 4, Batch: 730, Acc: 55.99%, Loss: 0.8233
Epoch: 4, Batch: 740, Acc: 55.99%, Loss: 0.8526
Epoch: 4, Batch: 750, Acc: 55.98%, Loss: 0.8379
Epoch: 4, Batch: 760, Acc: 55.96%, Loss: 0.8610
Epoch: 4, Batch: 770, Acc: 55.97%, Loss: 0.8735
Epoch: 4, Batch: 780, Acc: 55.98%, Loss: 0.8208
Epoch: 4, Batch: 790, Acc: 56.01%, Loss: 0.8316
Epoch: 4, Batch: 800, Acc: 56.06%, Loss: 0.8028
Epoch: 4, Batch: 810, Acc: 56.06%, Loss: 0.8762
Epoch: 4, Batch: 820, Acc: 56.07%, Loss: 0.8344
Epoch: 4, Batch: 830, Acc: 56.06%, Loss: 0.8308
Epoch: 4, Batch: 840, Acc: 56.06%, Loss: 0.8866
Epoch: 4, Batch: 850, Acc: 56.05%, Loss: 0.8624
Epoch: 4, Batch: 860, Acc: 56.07%, Loss: 0.8624
Epoch: 4, Batch: 870, Acc: 56.07%, Loss: 0.8540
Epoch: 4, Batch: 880, Acc: 56.04%, Loss: 0.8517
Epoch: 4, Batch: 890, Acc: 56.03%, Loss: 0.8320
Epoch: 4, Batch: 900, Acc: 56.00%, Loss: 0.8909
Epoch: 4, Batch: 910, Acc: 56.01%, Loss: 0.8219
Epoch: 4, Batch: 920, Acc: 56.04%, Loss: 0.8255
Epoch: 4, Batch: 930, Acc: 56.02%, Loss: 0.8501
Accuracy on test set: 64.24%, Val loss: 1.3136
Epoch 4: val_acc=64.24, best_val_acc=64.24, es_counter=0
Epoch: 5, Batch: 10, Acc: 59.84%, Loss: 0.8170
Epoch: 5, Batch: 20, Acc: 58.36%, Loss: 0.8076
Epoch: 5, Batch: 30, Acc: 58.65%, Loss: 0.8400
Epoch: 5, Batch: 40, Acc: 58.01%, Loss: 0.8775
Epoch: 5, Batch: 50, Acc: 57.47%, Loss: 0.8760
Epoch: 5, Batch: 60, Acc: 57.79%, Loss: 0.8148
Epoch: 5, Batch: 70, Acc: 57.68%, Loss: 0.8365
Epoch: 5, Batch: 80, Acc: 56.99%, Loss: 0.8743
Epoch: 5, Batch: 90, Acc: 57.08%, Loss: 0.8347
Epoch: 5, Batch: 100, Acc: 57.22%, Loss: 0.8261
Epoch: 5, Batch: 110, Acc: 57.43%, Loss: 0.7922
Epoch: 5, Batch: 120, Acc: 57.15%, Loss: 0.8653
Epoch: 5, Batch: 130, Acc: 57.12%, Loss: 0.8284
Epoch: 5, Batch: 140, Acc: 56.99%, Loss: 0.8764
Epoch: 5, Batch: 150, Acc: 57.04%, Loss: 0.8107
Epoch: 5, Batch: 160, Acc: 57.03%, Loss: 0.8298
Epoch: 5, Batch: 170, Acc: 56.85%, Loss: 0.8336
Epoch: 5, Batch: 180, Acc: 56.90%, Loss: 0.8002
Epoch: 5, Batch: 190, Acc: 56.94%, Loss: 0.8159
Epoch: 5, Batch: 200, Acc: 56.81%, Loss: 0.8746
Epoch: 5, Batch: 210, Acc: 56.82%, Loss: 0.8579
Epoch: 5, Batch: 220, Acc: 56.78%, Loss: 0.8459
Epoch: 5, Batch: 230, Acc: 56.79%, Loss: 0.8481
Epoch: 5, Batch: 240, Acc: 56.75%, Loss: 0.8170
Epoch: 5, Batch: 250, Acc: 56.74%, Loss: 0.8188
Epoch: 5, Batch: 260, Acc: 56.77%, Loss: 0.8204
Epoch: 5, Batch: 270, Acc: 56.79%, Loss: 0.8242
Epoch: 5, Batch: 280, Acc: 56.78%, Loss: 0.8611
Epoch: 5, Batch: 290, Acc: 56.87%, Loss: 0.8223
Epoch: 5, Batch: 300, Acc: 56.86%, Loss: 0.8461
Epoch: 5, Batch: 310, Acc: 56.91%, Loss: 0.8267
Epoch: 5, Batch: 320, Acc: 56.90%, Loss: 0.8268
Epoch: 5, Batch: 330, Acc: 56.83%, Loss: 0.8612
Epoch: 5, Batch: 340, Acc: 56.87%, Loss: 0.8112
Epoch: 5, Batch: 350, Acc: 56.95%, Loss: 0.8683
Epoch: 5, Batch: 360, Acc: 57.04%, Loss: 0.8247
Epoch: 5, Batch: 370, Acc: 57.01%, Loss: 0.8782
Epoch: 5, Batch: 380, Acc: 57.08%, Loss: 0.8016
Epoch: 5, Batch: 390, Acc: 57.09%, Loss: 0.8619
Epoch: 5, Batch: 400, Acc: 57.12%, Loss: 0.8304
Epoch: 5, Batch: 410, Acc: 57.13%, Loss: 0.8192
Epoch: 5, Batch: 420, Acc: 57.19%, Loss: 0.7835
Epoch: 5, Batch: 430, Acc: 57.22%, Loss: 0.8199
Epoch: 5, Batch: 440, Acc: 57.21%, Loss: 0.8179
Epoch: 5, Batch: 450, Acc: 57.18%, Loss: 0.8333
Epoch: 5, Batch: 460, Acc: 57.22%, Loss: 0.8191
Epoch: 5, Batch: 470, Acc: 57.24%, Loss: 0.8097
Epoch: 5, Batch: 480, Acc: 57.26%, Loss: 0.8166
Epoch: 5, Batch: 490, Acc: 57.24%, Loss: 0.8443
Epoch: 5, Batch: 500, Acc: 57.24%, Loss: 0.8234
Epoch: 5, Batch: 510, Acc: 57.24%, Loss: 0.8193
Epoch: 5, Batch: 520, Acc: 57.26%, Loss: 0.8455
Epoch: 5, Batch: 530, Acc: 57.31%, Loss: 0.8104
Epoch: 5, Batch: 540, Acc: 57.34%, Loss: 0.8223
Epoch: 5, Batch: 550, Acc: 57.31%, Loss: 0.8460
Epoch: 5, Batch: 560, Acc: 57.30%, Loss: 0.8159
Epoch: 5, Batch: 570, Acc: 57.32%, Loss: 0.8130
Epoch: 5, Batch: 580, Acc: 57.31%, Loss: 0.8412
Epoch: 5, Batch: 590, Acc: 57.30%, Loss: 0.8092
Epoch: 5, Batch: 600, Acc: 57.26%, Loss: 0.8602
Epoch: 5, Batch: 610, Acc: 57.28%, Loss: 0.8147
Epoch: 5, Batch: 620, Acc: 57.31%, Loss: 0.8155
Epoch: 5, Batch: 630, Acc: 57.35%, Loss: 0.8285
Epoch: 5, Batch: 640, Acc: 57.39%, Loss: 0.8483
Epoch: 5, Batch: 650, Acc: 57.36%, Loss: 0.8475
Epoch: 5, Batch: 660, Acc: 57.36%, Loss: 0.8560
Epoch: 5, Batch: 670, Acc: 57.36%, Loss: 0.8503
Epoch: 5, Batch: 680, Acc: 57.40%, Loss: 0.8069
Epoch: 5, Batch: 690, Acc: 57.42%, Loss: 0.8219
Epoch: 5, Batch: 700, Acc: 57.47%, Loss: 0.8200
Epoch: 5, Batch: 710, Acc: 57.46%, Loss: 0.8137
Epoch: 5, Batch: 720, Acc: 57.47%, Loss: 0.8019
Epoch: 5, Batch: 730, Acc: 57.47%, Loss: 0.8246
Epoch: 5, Batch: 740, Acc: 57.45%, Loss: 0.8460
Epoch: 5, Batch: 750, Acc: 57.43%, Loss: 0.8660
Epoch: 5, Batch: 760, Acc: 57.40%, Loss: 0.8610
Epoch: 5, Batch: 770, Acc: 57.41%, Loss: 0.7872
Epoch: 5, Batch: 780, Acc: 57.42%, Loss: 0.8466
Epoch: 5, Batch: 790, Acc: 57.41%, Loss: 0.8058
Epoch: 5, Batch: 800, Acc: 57.37%, Loss: 0.8674
Epoch: 5, Batch: 810, Acc: 57.43%, Loss: 0.7954
Epoch: 5, Batch: 820, Acc: 57.44%, Loss: 0.8190
Epoch: 5, Batch: 830, Acc: 57.45%, Loss: 0.8435
Epoch: 5, Batch: 840, Acc: 57.43%, Loss: 0.8258
Epoch: 5, Batch: 850, Acc: 57.46%, Loss: 0.7869
Epoch: 5, Batch: 860, Acc: 57.44%, Loss: 0.8327
Epoch: 5, Batch: 870, Acc: 57.43%, Loss: 0.8403
Epoch: 5, Batch: 880, Acc: 57.43%, Loss: 0.8203
Epoch: 5, Batch: 890, Acc: 57.44%, Loss: 0.8129
Epoch: 5, Batch: 900, Acc: 57.41%, Loss: 0.8537
Epoch: 5, Batch: 910, Acc: 57.41%, Loss: 0.8345
Epoch: 5, Batch: 920, Acc: 57.41%, Loss: 0.8467
Epoch: 5, Batch: 930, Acc: 57.43%, Loss: 0.7730
Accuracy on test set: 65.92%, Val loss: 1.2792
Epoch 5: val_acc=65.92, best_val_acc=65.92, es_counter=0
Epoch: 6, Batch: 10, Acc: 61.25%, Loss: 0.7964
Epoch: 6, Batch: 20, Acc: 60.70%, Loss: 0.8118
Epoch: 6, Batch: 30, Acc: 59.69%, Loss: 0.8229
Epoch: 6, Batch: 40, Acc: 58.79%, Loss: 0.8354
Epoch: 6, Batch: 50, Acc: 58.44%, Loss: 0.8614
Epoch: 6, Batch: 60, Acc: 58.36%, Loss: 0.8133
Epoch: 6, Batch: 70, Acc: 58.50%, Loss: 0.8007
Epoch: 6, Batch: 80, Acc: 58.44%, Loss: 0.8086
Epoch: 6, Batch: 90, Acc: 58.68%, Loss: 0.7863
Epoch: 6, Batch: 100, Acc: 58.50%, Loss: 0.8328
Epoch: 6, Batch: 110, Acc: 58.44%, Loss: 0.8336
Epoch: 6, Batch: 120, Acc: 58.23%, Loss: 0.8406
Epoch: 6, Batch: 130, Acc: 58.19%, Loss: 0.8286
Epoch: 6, Batch: 140, Acc: 58.06%, Loss: 0.8229
Epoch: 6, Batch: 150, Acc: 57.84%, Loss: 0.8524
Epoch: 6, Batch: 160, Acc: 57.63%, Loss: 0.8844
Epoch: 6, Batch: 170, Acc: 57.79%, Loss: 0.7997
Epoch: 6, Batch: 180, Acc: 57.84%, Loss: 0.8529
Epoch: 6, Batch: 190, Acc: 57.48%, Loss: 0.9275
Epoch: 6, Batch: 200, Acc: 57.56%, Loss: 0.8023
Epoch: 6, Batch: 210, Acc: 57.72%, Loss: 0.8044
Epoch: 6, Batch: 220, Acc: 57.67%, Loss: 0.8268
Epoch: 6, Batch: 230, Acc: 57.64%, Loss: 0.8373
Epoch: 6, Batch: 240, Acc: 57.71%, Loss: 0.7863
Epoch: 6, Batch: 250, Acc: 57.79%, Loss: 0.7968
Epoch: 6, Batch: 260, Acc: 57.73%, Loss: 0.8531
Epoch: 6, Batch: 270, Acc: 57.82%, Loss: 0.8145
Epoch: 6, Batch: 280, Acc: 57.82%, Loss: 0.8337
Epoch: 6, Batch: 290, Acc: 57.76%, Loss: 0.8373
Epoch: 6, Batch: 300, Acc: 57.81%, Loss: 0.8062
Epoch: 6, Batch: 310, Acc: 57.83%, Loss: 0.8314
Epoch: 6, Batch: 320, Acc: 57.90%, Loss: 0.8080
Epoch: 6, Batch: 330, Acc: 57.87%, Loss: 0.8205
Epoch: 6, Batch: 340, Acc: 57.99%, Loss: 0.7772
Epoch: 6, Batch: 350, Acc: 57.92%, Loss: 0.8435
Epoch: 6, Batch: 360, Acc: 57.93%, Loss: 0.8145
Epoch: 6, Batch: 370, Acc: 57.91%, Loss: 0.8552
Epoch: 6, Batch: 380, Acc: 57.86%, Loss: 0.8500
Epoch: 6, Batch: 390, Acc: 57.94%, Loss: 0.7852
Epoch: 6, Batch: 400, Acc: 58.00%, Loss: 0.7934
Epoch: 6, Batch: 410, Acc: 58.04%, Loss: 0.7876
Epoch: 6, Batch: 420, Acc: 57.98%, Loss: 0.8218
Epoch: 6, Batch: 430, Acc: 58.04%, Loss: 0.8357
Epoch: 6, Batch: 440, Acc: 58.05%, Loss: 0.8073
Epoch: 6, Batch: 450, Acc: 58.03%, Loss: 0.8043
Epoch: 6, Batch: 460, Acc: 58.11%, Loss: 0.7867
Epoch: 6, Batch: 470, Acc: 58.08%, Loss: 0.8051
Epoch: 6, Batch: 480, Acc: 58.16%, Loss: 0.7727
Epoch: 6, Batch: 490, Acc: 58.09%, Loss: 0.8346
Epoch: 6, Batch: 500, Acc: 58.12%, Loss: 0.8185
Epoch: 6, Batch: 510, Acc: 58.17%, Loss: 0.8164
Epoch: 6, Batch: 520, Acc: 58.14%, Loss: 0.8244
Epoch: 6, Batch: 530, Acc: 58.16%, Loss: 0.8025
Epoch: 6, Batch: 540, Acc: 58.15%, Loss: 0.8199
Epoch: 6, Batch: 550, Acc: 58.15%, Loss: 0.8052
Epoch: 6, Batch: 560, Acc: 58.09%, Loss: 0.8490
Epoch: 6, Batch: 570, Acc: 58.12%, Loss: 0.8122
Epoch: 6, Batch: 580, Acc: 58.11%, Loss: 0.8366
Epoch: 6, Batch: 590, Acc: 58.17%, Loss: 0.7877
Epoch: 6, Batch: 600, Acc: 58.20%, Loss: 0.8071
Epoch: 6, Batch: 610, Acc: 58.26%, Loss: 0.7657
Epoch: 6, Batch: 620, Acc: 58.28%, Loss: 0.8337
Epoch: 6, Batch: 630, Acc: 58.30%, Loss: 0.7809
Epoch: 6, Batch: 640, Acc: 58.31%, Loss: 0.8103
Epoch: 6, Batch: 650, Acc: 58.29%, Loss: 0.8151
Epoch: 6, Batch: 660, Acc: 58.29%, Loss: 0.7930
Epoch: 6, Batch: 670, Acc: 58.30%, Loss: 0.7906
Epoch: 6, Batch: 680, Acc: 58.33%, Loss: 0.8038
Epoch: 6, Batch: 690, Acc: 58.30%, Loss: 0.8524
Epoch: 6, Batch: 700, Acc: 58.29%, Loss: 0.8294
Epoch: 6, Batch: 710, Acc: 58.32%, Loss: 0.7950
Epoch: 6, Batch: 720, Acc: 58.32%, Loss: 0.8063
Epoch: 6, Batch: 730, Acc: 58.35%, Loss: 0.7965
Epoch: 6, Batch: 740, Acc: 58.36%, Loss: 0.8085
Epoch: 6, Batch: 750, Acc: 58.35%, Loss: 0.8019
Epoch: 6, Batch: 760, Acc: 58.33%, Loss: 0.8294
Epoch: 6, Batch: 770, Acc: 58.28%, Loss: 0.8227
Epoch: 6, Batch: 780, Acc: 58.26%, Loss: 0.8126
Epoch: 6, Batch: 790, Acc: 58.27%, Loss: 0.7917
Epoch: 6, Batch: 800, Acc: 58.26%, Loss: 0.8377
Epoch: 6, Batch: 810, Acc: 58.29%, Loss: 0.7796
Epoch: 6, Batch: 820, Acc: 58.28%, Loss: 0.8140
Epoch: 6, Batch: 830, Acc: 58.29%, Loss: 0.8166
Epoch: 6, Batch: 840, Acc: 58.28%, Loss: 0.8572
Epoch: 6, Batch: 850, Acc: 58.22%, Loss: 0.8436
Epoch: 6, Batch: 860, Acc: 58.21%, Loss: 0.8235
Epoch: 6, Batch: 870, Acc: 58.18%, Loss: 0.8494
Epoch: 6, Batch: 880, Acc: 58.18%, Loss: 0.8756
Epoch: 6, Batch: 890, Acc: 58.15%, Loss: 0.8367
Epoch: 6, Batch: 900, Acc: 58.17%, Loss: 0.7931
Epoch: 6, Batch: 910, Acc: 58.19%, Loss: 0.8039
Epoch: 6, Batch: 920, Acc: 58.20%, Loss: 0.7888
Epoch: 6, Batch: 930, Acc: 58.19%, Loss: 0.8124
Accuracy on test set: 66.46%, Val loss: 1.2568
Epoch 6: val_acc=66.46, best_val_acc=66.46, es_counter=0
Epoch: 7, Batch: 10, Acc: 55.62%, Loss: 0.8416
Epoch: 7, Batch: 20, Acc: 56.48%, Loss: 0.7847
Epoch: 7, Batch: 30, Acc: 55.99%, Loss: 0.8531
Epoch: 7, Batch: 40, Acc: 56.48%, Loss: 0.8453
Epoch: 7, Batch: 50, Acc: 57.19%, Loss: 0.8207
Epoch: 7, Batch: 60, Acc: 57.08%, Loss: 0.8082
Epoch: 7, Batch: 70, Acc: 57.48%, Loss: 0.7762
Epoch: 7, Batch: 80, Acc: 57.62%, Loss: 0.8174
Epoch: 7, Batch: 90, Acc: 57.47%, Loss: 0.8144
Epoch: 7, Batch: 100, Acc: 57.59%, Loss: 0.8371
Epoch: 7, Batch: 110, Acc: 57.70%, Loss: 0.8234
Epoch: 7, Batch: 120, Acc: 57.80%, Loss: 0.7589
Epoch: 7, Batch: 130, Acc: 57.61%, Loss: 0.8459
Epoch: 7, Batch: 140, Acc: 57.78%, Loss: 0.7935
Epoch: 7, Batch: 150, Acc: 57.84%, Loss: 0.8242
Epoch: 7, Batch: 160, Acc: 57.89%, Loss: 0.8100
Epoch: 7, Batch: 170, Acc: 58.01%, Loss: 0.7949
Epoch: 7, Batch: 180, Acc: 58.02%, Loss: 0.8042
Epoch: 7, Batch: 190, Acc: 57.95%, Loss: 0.8071
Epoch: 7, Batch: 200, Acc: 58.06%, Loss: 0.8090
Epoch: 7, Batch: 210, Acc: 57.98%, Loss: 0.8173
Epoch: 7, Batch: 220, Acc: 58.04%, Loss: 0.8459
Epoch: 7, Batch: 230, Acc: 58.11%, Loss: 0.8091
Epoch: 7, Batch: 240, Acc: 58.09%, Loss: 0.8214
Epoch: 7, Batch: 250, Acc: 58.09%, Loss: 0.8268
Epoch: 7, Batch: 260, Acc: 58.11%, Loss: 0.8120
Epoch: 7, Batch: 270, Acc: 58.04%, Loss: 0.8616
Epoch: 7, Batch: 280, Acc: 58.08%, Loss: 0.8007
Epoch: 7, Batch: 290, Acc: 58.20%, Loss: 0.7901
Epoch: 7, Batch: 300, Acc: 58.30%, Loss: 0.7986
Epoch: 7, Batch: 310, Acc: 58.35%, Loss: 0.7889
Epoch: 7, Batch: 320, Acc: 58.43%, Loss: 0.8106
Epoch: 7, Batch: 330, Acc: 58.47%, Loss: 0.7960
Epoch: 7, Batch: 340, Acc: 58.44%, Loss: 0.8552
Epoch: 7, Batch: 350, Acc: 58.42%, Loss: 0.8094
Epoch: 7, Batch: 360, Acc: 58.44%, Loss: 0.8129
Epoch: 7, Batch: 370, Acc: 58.45%, Loss: 0.8095
Epoch: 7, Batch: 380, Acc: 58.44%, Loss: 0.8330
Epoch: 7, Batch: 390, Acc: 58.45%, Loss: 0.8226
Epoch: 7, Batch: 400, Acc: 58.46%, Loss: 0.8293
Epoch: 7, Batch: 410, Acc: 58.56%, Loss: 0.7788
Epoch: 7, Batch: 420, Acc: 58.56%, Loss: 0.8124
Epoch: 7, Batch: 430, Acc: 58.52%, Loss: 0.8116
Epoch: 7, Batch: 440, Acc: 58.46%, Loss: 0.8247
Epoch: 7, Batch: 450, Acc: 58.50%, Loss: 0.7934
Epoch: 7, Batch: 460, Acc: 58.46%, Loss: 0.8407
Epoch: 7, Batch: 470, Acc: 58.53%, Loss: 0.7862
Epoch: 7, Batch: 480, Acc: 58.56%, Loss: 0.7894
Epoch: 7, Batch: 490, Acc: 58.65%, Loss: 0.7848
Epoch: 7, Batch: 500, Acc: 58.65%, Loss: 0.8134
Epoch: 7, Batch: 510, Acc: 58.67%, Loss: 0.7868
Epoch: 7, Batch: 520, Acc: 58.69%, Loss: 0.7655
Epoch: 7, Batch: 530, Acc: 58.66%, Loss: 0.8054
Epoch: 7, Batch: 540, Acc: 58.64%, Loss: 0.8155
Epoch: 7, Batch: 550, Acc: 58.66%, Loss: 0.8143
Epoch: 7, Batch: 560, Acc: 58.60%, Loss: 0.8713
Epoch: 7, Batch: 570, Acc: 58.65%, Loss: 0.7599
Epoch: 7, Batch: 580, Acc: 58.57%, Loss: 0.8438
Epoch: 7, Batch: 590, Acc: 58.62%, Loss: 0.7678
Epoch: 7, Batch: 600, Acc: 58.63%, Loss: 0.8044
Epoch: 7, Batch: 610, Acc: 58.60%, Loss: 0.8353
Epoch: 7, Batch: 620, Acc: 58.58%, Loss: 0.8181
Epoch: 7, Batch: 630, Acc: 58.60%, Loss: 0.8110
Epoch: 7, Batch: 640, Acc: 58.61%, Loss: 0.8021
Epoch: 7, Batch: 650, Acc: 58.58%, Loss: 0.8241
Epoch: 7, Batch: 660, Acc: 58.65%, Loss: 0.7623
Epoch: 7, Batch: 670, Acc: 58.61%, Loss: 0.8165
Epoch: 7, Batch: 680, Acc: 58.64%, Loss: 0.7881
Epoch: 7, Batch: 690, Acc: 58.67%, Loss: 0.8039
Epoch: 7, Batch: 700, Acc: 58.65%, Loss: 0.8562
Epoch: 7, Batch: 710, Acc: 58.71%, Loss: 0.7671
Epoch: 7, Batch: 720, Acc: 58.69%, Loss: 0.8209
Epoch: 7, Batch: 730, Acc: 58.73%, Loss: 0.7811
Epoch: 7, Batch: 740, Acc: 58.74%, Loss: 0.7946
Epoch: 7, Batch: 750, Acc: 58.77%, Loss: 0.7778
Epoch: 7, Batch: 760, Acc: 58.76%, Loss: 0.8309
Epoch: 7, Batch: 770, Acc: 58.70%, Loss: 0.8523
Epoch: 7, Batch: 780, Acc: 58.73%, Loss: 0.7786
Epoch: 7, Batch: 790, Acc: 58.75%, Loss: 0.7840
Epoch: 7, Batch: 800, Acc: 58.77%, Loss: 0.8149
Epoch: 7, Batch: 810, Acc: 58.79%, Loss: 0.8023
Epoch: 7, Batch: 820, Acc: 58.81%, Loss: 0.8138
Epoch: 7, Batch: 830, Acc: 58.79%, Loss: 0.8023
Epoch: 7, Batch: 840, Acc: 58.80%, Loss: 0.7870
Epoch: 7, Batch: 850, Acc: 58.83%, Loss: 0.8070
Epoch: 7, Batch: 860, Acc: 58.85%, Loss: 0.7983
Epoch: 7, Batch: 870, Acc: 58.87%, Loss: 0.8098
Epoch: 7, Batch: 880, Acc: 58.87%, Loss: 0.8068
Epoch: 7, Batch: 890, Acc: 58.86%, Loss: 0.8201
Epoch: 7, Batch: 900, Acc: 58.88%, Loss: 0.8015
Epoch: 7, Batch: 910, Acc: 58.93%, Loss: 0.7505
Epoch: 7, Batch: 920, Acc: 58.94%, Loss: 0.7564
Epoch: 7, Batch: 930, Acc: 58.94%, Loss: 0.7744
Accuracy on test set: 66.83%, Val loss: 1.2360
Epoch 7: val_acc=66.83, best_val_acc=66.83, es_counter=0
Epoch: 8, Batch: 10, Acc: 61.88%, Loss: 0.7807
Epoch: 8, Batch: 20, Acc: 60.47%, Loss: 0.7986
Epoch: 8, Batch: 30, Acc: 60.57%, Loss: 0.8009
Epoch: 8, Batch: 40, Acc: 60.66%, Loss: 0.7905
Epoch: 8, Batch: 50, Acc: 59.41%, Loss: 0.8334
Epoch: 8, Batch: 60, Acc: 59.58%, Loss: 0.7875
Epoch: 8, Batch: 70, Acc: 59.87%, Loss: 0.7789
Epoch: 8, Batch: 80, Acc: 59.39%, Loss: 0.8461
Epoch: 8, Batch: 90, Acc: 59.46%, Loss: 0.8247
Epoch: 8, Batch: 100, Acc: 59.41%, Loss: 0.7993
Epoch: 8, Batch: 110, Acc: 59.19%, Loss: 0.8228
Epoch: 8, Batch: 120, Acc: 59.05%, Loss: 0.8415
Epoch: 8, Batch: 130, Acc: 59.24%, Loss: 0.7653
Epoch: 8, Batch: 140, Acc: 59.17%, Loss: 0.8074
Epoch: 8, Batch: 150, Acc: 59.15%, Loss: 0.8015
Epoch: 8, Batch: 160, Acc: 59.15%, Loss: 0.8234
Epoch: 8, Batch: 170, Acc: 58.82%, Loss: 0.8566
Epoch: 8, Batch: 180, Acc: 58.88%, Loss: 0.8103
Epoch: 8, Batch: 190, Acc: 58.88%, Loss: 0.7906
Epoch: 8, Batch: 200, Acc: 58.75%, Loss: 0.8127
Epoch: 8, Batch: 210, Acc: 58.91%, Loss: 0.7533
Epoch: 8, Batch: 220, Acc: 58.88%, Loss: 0.8181
Epoch: 8, Batch: 230, Acc: 59.04%, Loss: 0.7769
Epoch: 8, Batch: 240, Acc: 59.06%, Loss: 0.8138
Epoch: 8, Batch: 250, Acc: 59.05%, Loss: 0.7686
Epoch: 8, Batch: 260, Acc: 59.10%, Loss: 0.8015
Epoch: 8, Batch: 270, Acc: 59.06%, Loss: 0.8011
Epoch: 8, Batch: 280, Acc: 59.17%, Loss: 0.7761
Epoch: 8, Batch: 290, Acc: 59.16%, Loss: 0.8134
Epoch: 8, Batch: 300, Acc: 59.16%, Loss: 0.7914
Epoch: 8, Batch: 310, Acc: 59.13%, Loss: 0.8230
Epoch: 8, Batch: 320, Acc: 59.32%, Loss: 0.7209
Epoch: 8, Batch: 330, Acc: 59.23%, Loss: 0.8504
Epoch: 8, Batch: 340, Acc: 59.24%, Loss: 0.8246
Epoch: 8, Batch: 350, Acc: 59.27%, Loss: 0.7915
Epoch: 8, Batch: 360, Acc: 59.26%, Loss: 0.7889
Epoch: 8, Batch: 370, Acc: 59.25%, Loss: 0.8294
Epoch: 8, Batch: 380, Acc: 59.28%, Loss: 0.7817
Epoch: 8, Batch: 390, Acc: 59.24%, Loss: 0.8151
Epoch: 8, Batch: 400, Acc: 59.27%, Loss: 0.8074
Epoch: 8, Batch: 410, Acc: 59.23%, Loss: 0.8107
Epoch: 8, Batch: 420, Acc: 59.31%, Loss: 0.7899
Epoch: 8, Batch: 430, Acc: 59.32%, Loss: 0.7899
Epoch: 8, Batch: 440, Acc: 59.31%, Loss: 0.7862
Epoch: 8, Batch: 450, Acc: 59.40%, Loss: 0.7750
Epoch: 8, Batch: 460, Acc: 59.43%, Loss: 0.7930
Epoch: 8, Batch: 470, Acc: 59.51%, Loss: 0.7484
Epoch: 8, Batch: 480, Acc: 59.44%, Loss: 0.8203
Epoch: 8, Batch: 490, Acc: 59.44%, Loss: 0.7696
Epoch: 8, Batch: 500, Acc: 59.43%, Loss: 0.8081
Epoch: 8, Batch: 510, Acc: 59.39%, Loss: 0.8338
Epoch: 8, Batch: 520, Acc: 59.48%, Loss: 0.7670
Epoch: 8, Batch: 530, Acc: 59.50%, Loss: 0.7923
Epoch: 8, Batch: 540, Acc: 59.46%, Loss: 0.8113
Epoch: 8, Batch: 550, Acc: 59.48%, Loss: 0.7920
Epoch: 8, Batch: 560, Acc: 59.56%, Loss: 0.7509
Epoch: 8, Batch: 570, Acc: 59.56%, Loss: 0.7913
Epoch: 8, Batch: 580, Acc: 59.60%, Loss: 0.7529
Epoch: 8, Batch: 590, Acc: 59.55%, Loss: 0.8339
Epoch: 8, Batch: 600, Acc: 59.58%, Loss: 0.7980
Epoch: 8, Batch: 610, Acc: 59.58%, Loss: 0.8011
Epoch: 8, Batch: 620, Acc: 59.53%, Loss: 0.8202
Epoch: 8, Batch: 630, Acc: 59.54%, Loss: 0.7816
Epoch: 8, Batch: 640, Acc: 59.52%, Loss: 0.8061
Epoch: 8, Batch: 650, Acc: 59.55%, Loss: 0.7769
Epoch: 8, Batch: 660, Acc: 59.56%, Loss: 0.7967
Epoch: 8, Batch: 670, Acc: 59.54%, Loss: 0.8150
Epoch: 8, Batch: 680, Acc: 59.55%, Loss: 0.8072
Epoch: 8, Batch: 690, Acc: 59.55%, Loss: 0.8048
Epoch: 8, Batch: 700, Acc: 59.54%, Loss: 0.7992
Epoch: 8, Batch: 710, Acc: 59.51%, Loss: 0.8429
Epoch: 8, Batch: 720, Acc: 59.50%, Loss: 0.8015
Epoch: 8, Batch: 730, Acc: 59.46%, Loss: 0.8548
Epoch: 8, Batch: 740, Acc: 59.43%, Loss: 0.8175
Epoch: 8, Batch: 750, Acc: 59.41%, Loss: 0.8325
Epoch: 8, Batch: 760, Acc: 59.40%, Loss: 0.8139
Epoch: 8, Batch: 770, Acc: 59.38%, Loss: 0.8335
Epoch: 8, Batch: 780, Acc: 59.35%, Loss: 0.8274
Epoch: 8, Batch: 790, Acc: 59.34%, Loss: 0.7973
Epoch: 8, Batch: 800, Acc: 59.37%, Loss: 0.7348
Epoch: 8, Batch: 810, Acc: 59.38%, Loss: 0.8017
Epoch: 8, Batch: 820, Acc: 59.38%, Loss: 0.7941
Epoch: 8, Batch: 830, Acc: 59.39%, Loss: 0.7743
Epoch: 8, Batch: 840, Acc: 59.39%, Loss: 0.8063
Epoch: 8, Batch: 850, Acc: 59.38%, Loss: 0.7915
Epoch: 8, Batch: 860, Acc: 59.40%, Loss: 0.7807
Epoch: 8, Batch: 870, Acc: 59.39%, Loss: 0.8171
Epoch: 8, Batch: 880, Acc: 59.43%, Loss: 0.7722
Epoch: 8, Batch: 890, Acc: 59.41%, Loss: 0.7899
Epoch: 8, Batch: 900, Acc: 59.38%, Loss: 0.8283
Epoch: 8, Batch: 910, Acc: 59.40%, Loss: 0.7547
Epoch: 8, Batch: 920, Acc: 59.41%, Loss: 0.7881
Epoch: 8, Batch: 930, Acc: 59.43%, Loss: 0.7726
Accuracy on test set: 67.59%, Val loss: 1.2163
Epoch 8: val_acc=67.59, best_val_acc=67.59, es_counter=0
Epoch: 9, Batch: 10, Acc: 57.03%, Loss: 0.8307
Epoch: 9, Batch: 20, Acc: 57.11%, Loss: 0.8101
Epoch: 9, Batch: 30, Acc: 58.59%, Loss: 0.7516
Epoch: 9, Batch: 40, Acc: 59.38%, Loss: 0.7608
Epoch: 9, Batch: 50, Acc: 59.97%, Loss: 0.7762
Epoch: 9, Batch: 60, Acc: 60.21%, Loss: 0.7685
Epoch: 9, Batch: 70, Acc: 59.84%, Loss: 0.8162
Epoch: 9, Batch: 80, Acc: 60.02%, Loss: 0.7839
Epoch: 9, Batch: 90, Acc: 59.93%, Loss: 0.8212
Epoch: 9, Batch: 100, Acc: 60.02%, Loss: 0.8223
Epoch: 9, Batch: 110, Acc: 60.28%, Loss: 0.7629
Epoch: 9, Batch: 120, Acc: 59.78%, Loss: 0.8259
Epoch: 9, Batch: 130, Acc: 59.83%, Loss: 0.7888
Epoch: 9, Batch: 140, Acc: 60.03%, Loss: 0.7693
Epoch: 9, Batch: 150, Acc: 59.94%, Loss: 0.8180
Epoch: 9, Batch: 160, Acc: 59.90%, Loss: 0.7928
Epoch: 9, Batch: 170, Acc: 59.82%, Loss: 0.8023
Epoch: 9, Batch: 180, Acc: 59.89%, Loss: 0.7937
Epoch: 9, Batch: 190, Acc: 59.83%, Loss: 0.7987
Epoch: 9, Batch: 200, Acc: 59.79%, Loss: 0.8063
Epoch: 9, Batch: 210, Acc: 59.66%, Loss: 0.7996
Epoch: 9, Batch: 220, Acc: 59.64%, Loss: 0.7920
Epoch: 9, Batch: 230, Acc: 59.59%, Loss: 0.7862
Epoch: 9, Batch: 240, Acc: 59.58%, Loss: 0.7919
Epoch: 9, Batch: 250, Acc: 59.64%, Loss: 0.8116
Epoch: 9, Batch: 260, Acc: 59.62%, Loss: 0.8305
Epoch: 9, Batch: 270, Acc: 59.68%, Loss: 0.7832
Epoch: 9, Batch: 280, Acc: 59.58%, Loss: 0.8332
Epoch: 9, Batch: 290, Acc: 59.67%, Loss: 0.7352
Epoch: 9, Batch: 300, Acc: 59.74%, Loss: 0.7562
Epoch: 9, Batch: 310, Acc: 59.70%, Loss: 0.8234
Epoch: 9, Batch: 320, Acc: 59.70%, Loss: 0.7866
Epoch: 9, Batch: 330, Acc: 59.67%, Loss: 0.8079
Epoch: 9, Batch: 340, Acc: 59.56%, Loss: 0.8053
Epoch: 9, Batch: 350, Acc: 59.67%, Loss: 0.7650
Epoch: 9, Batch: 360, Acc: 59.66%, Loss: 0.8006
Epoch: 9, Batch: 370, Acc: 59.62%, Loss: 0.7920
Epoch: 9, Batch: 380, Acc: 59.63%, Loss: 0.7792
Epoch: 9, Batch: 390, Acc: 59.59%, Loss: 0.8166
Epoch: 9, Batch: 400, Acc: 59.69%, Loss: 0.7611
Epoch: 9, Batch: 410, Acc: 59.60%, Loss: 0.8149
Epoch: 9, Batch: 420, Acc: 59.61%, Loss: 0.8058
Epoch: 9, Batch: 430, Acc: 59.59%, Loss: 0.8133
Epoch: 9, Batch: 440, Acc: 59.58%, Loss: 0.7736
Epoch: 9, Batch: 450, Acc: 59.60%, Loss: 0.7730
Epoch: 9, Batch: 460, Acc: 59.63%, Loss: 0.7726
Epoch: 9, Batch: 470, Acc: 59.71%, Loss: 0.7712
Epoch: 9, Batch: 480, Acc: 59.69%, Loss: 0.8184
Epoch: 9, Batch: 490, Acc: 59.78%, Loss: 0.7588
Epoch: 9, Batch: 500, Acc: 59.78%, Loss: 0.7732
Epoch: 9, Batch: 510, Acc: 59.77%, Loss: 0.8106
Epoch: 9, Batch: 520, Acc: 59.77%, Loss: 0.8092
Epoch: 9, Batch: 530, Acc: 59.71%, Loss: 0.7971
Epoch: 9, Batch: 540, Acc: 59.71%, Loss: 0.8023
Epoch: 9, Batch: 550, Acc: 59.68%, Loss: 0.8059
Epoch: 9, Batch: 560, Acc: 59.64%, Loss: 0.8607
Epoch: 9, Batch: 570, Acc: 59.64%, Loss: 0.7751
Epoch: 9, Batch: 580, Acc: 59.65%, Loss: 0.8028
Epoch: 9, Batch: 590, Acc: 59.68%, Loss: 0.7902
Epoch: 9, Batch: 600, Acc: 59.67%, Loss: 0.8246
Epoch: 9, Batch: 610, Acc: 59.65%, Loss: 0.7944
Epoch: 9, Batch: 620, Acc: 59.66%, Loss: 0.7976
Epoch: 9, Batch: 630, Acc: 59.69%, Loss: 0.7606
Epoch: 9, Batch: 640, Acc: 59.67%, Loss: 0.8425
Epoch: 9, Batch: 650, Acc: 59.65%, Loss: 0.8025
Epoch: 9, Batch: 660, Acc: 59.65%, Loss: 0.7911
Epoch: 9, Batch: 670, Acc: 59.64%, Loss: 0.7853
Epoch: 9, Batch: 680, Acc: 59.65%, Loss: 0.7989
Epoch: 9, Batch: 690, Acc: 59.67%, Loss: 0.7624
Epoch: 9, Batch: 700, Acc: 59.67%, Loss: 0.7683
Epoch: 9, Batch: 710, Acc: 59.67%, Loss: 0.7942
Epoch: 9, Batch: 720, Acc: 59.67%, Loss: 0.7797
Epoch: 9, Batch: 730, Acc: 59.71%, Loss: 0.7813
Epoch: 9, Batch: 740, Acc: 59.71%, Loss: 0.7740
Epoch: 9, Batch: 750, Acc: 59.75%, Loss: 0.7557
Epoch: 9, Batch: 760, Acc: 59.78%, Loss: 0.7871
Epoch: 9, Batch: 770, Acc: 59.83%, Loss: 0.7383
Epoch: 9, Batch: 780, Acc: 59.82%, Loss: 0.7919
Epoch: 9, Batch: 790, Acc: 59.81%, Loss: 0.8201
Epoch: 9, Batch: 800, Acc: 59.85%, Loss: 0.7660
Epoch: 9, Batch: 810, Acc: 59.85%, Loss: 0.8403
Epoch: 9, Batch: 820, Acc: 59.83%, Loss: 0.7708
Epoch: 9, Batch: 830, Acc: 59.82%, Loss: 0.7995
Epoch: 9, Batch: 840, Acc: 59.83%, Loss: 0.8058
Epoch: 9, Batch: 850, Acc: 59.82%, Loss: 0.8005
Epoch: 9, Batch: 860, Acc: 59.85%, Loss: 0.7619
Epoch: 9, Batch: 870, Acc: 59.82%, Loss: 0.8100
Epoch: 9, Batch: 880, Acc: 59.83%, Loss: 0.7875
Epoch: 9, Batch: 890, Acc: 59.83%, Loss: 0.7816
Epoch: 9, Batch: 900, Acc: 59.80%, Loss: 0.8163
Epoch: 9, Batch: 910, Acc: 59.84%, Loss: 0.7719
Epoch: 9, Batch: 920, Acc: 59.85%, Loss: 0.7665
Epoch: 9, Batch: 930, Acc: 59.88%, Loss: 0.7778
Accuracy on test set: 67.46%, Val loss: 1.2147
Epoch 9: val_acc=67.46, best_val_acc=67.59, es_counter=1
Epoch: 10, Batch: 10, Acc: 60.16%, Loss: 0.7792
Epoch: 10, Batch: 20, Acc: 60.16%, Loss: 0.7760
Epoch: 10, Batch: 30, Acc: 60.57%, Loss: 0.7972
Epoch: 10, Batch: 40, Acc: 60.43%, Loss: 0.7832
Epoch: 10, Batch: 50, Acc: 60.38%, Loss: 0.7545
Epoch: 10, Batch: 60, Acc: 60.29%, Loss: 0.7943
Epoch: 10, Batch: 70, Acc: 60.13%, Loss: 0.7868
Epoch: 10, Batch: 80, Acc: 60.00%, Loss: 0.7502
Epoch: 10, Batch: 90, Acc: 60.14%, Loss: 0.7823
Epoch: 10, Batch: 100, Acc: 59.80%, Loss: 0.8164
Epoch: 10, Batch: 110, Acc: 60.04%, Loss: 0.7452
Epoch: 10, Batch: 120, Acc: 60.22%, Loss: 0.7514
Epoch: 10, Batch: 130, Acc: 60.22%, Loss: 0.7380
Epoch: 10, Batch: 140, Acc: 60.23%, Loss: 0.7768
Epoch: 10, Batch: 150, Acc: 60.25%, Loss: 0.7676
Epoch: 10, Batch: 160, Acc: 60.34%, Loss: 0.7423
Epoch: 10, Batch: 170, Acc: 60.22%, Loss: 0.7893
Epoch: 10, Batch: 180, Acc: 60.35%, Loss: 0.7912
Epoch: 10, Batch: 190, Acc: 60.29%, Loss: 0.7852
Epoch: 10, Batch: 200, Acc: 60.27%, Loss: 0.8116
Epoch: 10, Batch: 210, Acc: 60.36%, Loss: 0.7588
Epoch: 10, Batch: 220, Acc: 60.31%, Loss: 0.7900
Epoch: 10, Batch: 230, Acc: 60.09%, Loss: 0.8584
Epoch: 10, Batch: 240, Acc: 60.08%, Loss: 0.7767
Epoch: 10, Batch: 250, Acc: 60.16%, Loss: 0.7730
Epoch: 10, Batch: 260, Acc: 60.28%, Loss: 0.7370
Epoch: 10, Batch: 270, Acc: 60.22%, Loss: 0.8140
Epoch: 10, Batch: 280, Acc: 60.17%, Loss: 0.7986
Epoch: 10, Batch: 290, Acc: 60.07%, Loss: 0.8279
Epoch: 10, Batch: 300, Acc: 60.10%, Loss: 0.7607
Epoch: 10, Batch: 310, Acc: 60.09%, Loss: 0.7982
Epoch: 10, Batch: 320, Acc: 60.10%, Loss: 0.8015
Epoch: 10, Batch: 330, Acc: 60.17%, Loss: 0.7505
Epoch: 10, Batch: 340, Acc: 60.07%, Loss: 0.8146
Epoch: 10, Batch: 350, Acc: 60.08%, Loss: 0.7894
Epoch: 10, Batch: 360, Acc: 60.10%, Loss: 0.7811
Epoch: 10, Batch: 370, Acc: 60.13%, Loss: 0.7764
Epoch: 10, Batch: 380, Acc: 60.15%, Loss: 0.7959
Epoch: 10, Batch: 390, Acc: 60.12%, Loss: 0.8180
Epoch: 10, Batch: 400, Acc: 60.19%, Loss: 0.7890
Epoch: 10, Batch: 410, Acc: 60.18%, Loss: 0.8033
Epoch: 10, Batch: 420, Acc: 60.24%, Loss: 0.7764
Epoch: 10, Batch: 430, Acc: 60.26%, Loss: 0.8138
Epoch: 10, Batch: 440, Acc: 60.26%, Loss: 0.7487
Epoch: 10, Batch: 450, Acc: 60.31%, Loss: 0.7400
Epoch: 10, Batch: 460, Acc: 60.33%, Loss: 0.8082
Epoch: 10, Batch: 470, Acc: 60.33%, Loss: 0.8151
Epoch: 10, Batch: 480, Acc: 60.31%, Loss: 0.7981
Epoch: 10, Batch: 490, Acc: 60.28%, Loss: 0.7931
Epoch: 10, Batch: 500, Acc: 60.24%, Loss: 0.8193
Epoch: 10, Batch: 510, Acc: 60.20%, Loss: 0.8267
Epoch: 10, Batch: 520, Acc: 60.09%, Loss: 0.8573
Epoch: 10, Batch: 530, Acc: 60.03%, Loss: 0.8480
Epoch: 10, Batch: 540, Acc: 60.00%, Loss: 0.8133
Epoch: 10, Batch: 550, Acc: 59.97%, Loss: 0.7784
Epoch: 10, Batch: 560, Acc: 59.98%, Loss: 0.7833
Epoch: 10, Batch: 570, Acc: 59.94%, Loss: 0.8214
Epoch: 10, Batch: 580, Acc: 60.03%, Loss: 0.7468
Epoch: 10, Batch: 590, Acc: 60.06%, Loss: 0.7676
Epoch: 10, Batch: 600, Acc: 60.08%, Loss: 0.7884
Epoch: 10, Batch: 610, Acc: 60.09%, Loss: 0.7477
Epoch: 10, Batch: 620, Acc: 60.08%, Loss: 0.7772
Epoch: 10, Batch: 630, Acc: 60.11%, Loss: 0.7862
Epoch: 10, Batch: 640, Acc: 60.17%, Loss: 0.7569
Epoch: 10, Batch: 650, Acc: 60.16%, Loss: 0.7940
Epoch: 10, Batch: 660, Acc: 60.15%, Loss: 0.8165
Epoch: 10, Batch: 670, Acc: 60.13%, Loss: 0.8020
Epoch: 10, Batch: 680, Acc: 60.11%, Loss: 0.8227
Epoch: 10, Batch: 690, Acc: 60.14%, Loss: 0.7594
Epoch: 10, Batch: 700, Acc: 60.14%, Loss: 0.7994
Epoch: 10, Batch: 710, Acc: 60.15%, Loss: 0.7820
Epoch: 10, Batch: 720, Acc: 60.14%, Loss: 0.8354
Epoch: 10, Batch: 730, Acc: 60.12%, Loss: 0.7798
Epoch: 10, Batch: 740, Acc: 60.18%, Loss: 0.7442
Epoch: 10, Batch: 750, Acc: 60.15%, Loss: 0.8290
Epoch: 10, Batch: 760, Acc: 60.13%, Loss: 0.8253
Epoch: 10, Batch: 770, Acc: 60.17%, Loss: 0.7333
Epoch: 10, Batch: 780, Acc: 60.20%, Loss: 0.7303
Epoch: 10, Batch: 790, Acc: 60.18%, Loss: 0.8056
Epoch: 10, Batch: 800, Acc: 60.21%, Loss: 0.7812
Epoch: 10, Batch: 810, Acc: 60.22%, Loss: 0.7942
Epoch: 10, Batch: 820, Acc: 60.21%, Loss: 0.7810
Epoch: 10, Batch: 830, Acc: 60.16%, Loss: 0.8420
Epoch: 10, Batch: 840, Acc: 60.17%, Loss: 0.7845
Epoch: 10, Batch: 850, Acc: 60.17%, Loss: 0.7947
Epoch: 10, Batch: 860, Acc: 60.15%, Loss: 0.8270
Epoch: 10, Batch: 870, Acc: 60.19%, Loss: 0.7472
Epoch: 10, Batch: 880, Acc: 60.22%, Loss: 0.7417
Epoch: 10, Batch: 890, Acc: 60.21%, Loss: 0.8044
Epoch: 10, Batch: 900, Acc: 60.20%, Loss: 0.7841
Epoch: 10, Batch: 910, Acc: 60.22%, Loss: 0.7702
Epoch: 10, Batch: 920, Acc: 60.25%, Loss: 0.7379
Epoch: 10, Batch: 930, Acc: 60.27%, Loss: 0.7649
Accuracy on test set: 68.57%, Val loss: 1.2020
Epoch 10: val_acc=68.57, best_val_acc=68.57, es_counter=0
Epoch: 11, Batch: 10, Acc: 57.19%, Loss: 0.8188
Epoch: 11, Batch: 20, Acc: 58.98%, Loss: 0.7990
Epoch: 11, Batch: 30, Acc: 59.22%, Loss: 0.7803
Epoch: 11, Batch: 40, Acc: 58.95%, Loss: 0.8044
Epoch: 11, Batch: 50, Acc: 59.19%, Loss: 0.7918
Epoch: 11, Batch: 60, Acc: 59.53%, Loss: 0.7944
Epoch: 11, Batch: 70, Acc: 60.13%, Loss: 0.7549
Epoch: 11, Batch: 80, Acc: 60.21%, Loss: 0.8105
Epoch: 11, Batch: 90, Acc: 60.35%, Loss: 0.7595
Epoch: 11, Batch: 100, Acc: 60.28%, Loss: 0.7731
Epoch: 11, Batch: 110, Acc: 60.16%, Loss: 0.8107
Epoch: 11, Batch: 120, Acc: 60.05%, Loss: 0.7685
Epoch: 11, Batch: 130, Acc: 60.24%, Loss: 0.7535
Epoch: 11, Batch: 140, Acc: 60.01%, Loss: 0.8371
Epoch: 11, Batch: 150, Acc: 60.20%, Loss: 0.7688
Epoch: 11, Batch: 160, Acc: 60.23%, Loss: 0.7586
Epoch: 11, Batch: 170, Acc: 60.25%, Loss: 0.7793
Epoch: 11, Batch: 180, Acc: 60.30%, Loss: 0.7707
Epoch: 11, Batch: 190, Acc: 60.42%, Loss: 0.7720
Epoch: 11, Batch: 200, Acc: 60.40%, Loss: 0.7850
Epoch: 11, Batch: 210, Acc: 60.50%, Loss: 0.7612
Epoch: 11, Batch: 220, Acc: 60.55%, Loss: 0.7849
Epoch: 11, Batch: 230, Acc: 60.54%, Loss: 0.7645
Epoch: 11, Batch: 240, Acc: 60.59%, Loss: 0.7869
Epoch: 11, Batch: 250, Acc: 60.58%, Loss: 0.8038
Epoch: 11, Batch: 260, Acc: 60.58%, Loss: 0.7731
Epoch: 11, Batch: 270, Acc: 60.50%, Loss: 0.8160
Epoch: 11, Batch: 280, Acc: 60.52%, Loss: 0.7879
Epoch: 11, Batch: 290, Acc: 60.54%, Loss: 0.7684
Epoch: 11, Batch: 300, Acc: 60.47%, Loss: 0.7908
Epoch: 11, Batch: 310, Acc: 60.55%, Loss: 0.7719
Epoch: 11, Batch: 320, Acc: 60.68%, Loss: 0.7184
Epoch: 11, Batch: 330, Acc: 60.73%, Loss: 0.7863
Epoch: 11, Batch: 340, Acc: 60.73%, Loss: 0.7964
Epoch: 11, Batch: 350, Acc: 60.83%, Loss: 0.7121
Epoch: 11, Batch: 360, Acc: 60.89%, Loss: 0.7503
Epoch: 11, Batch: 370, Acc: 60.92%, Loss: 0.7582
Epoch: 11, Batch: 380, Acc: 60.97%, Loss: 0.7726
Epoch: 11, Batch: 390, Acc: 60.97%, Loss: 0.7983
Epoch: 11, Batch: 400, Acc: 61.00%, Loss: 0.7794
Epoch: 11, Batch: 410, Acc: 60.99%, Loss: 0.7896
Epoch: 11, Batch: 420, Acc: 60.92%, Loss: 0.7919
Epoch: 11, Batch: 430, Acc: 60.88%, Loss: 0.8085
Epoch: 11, Batch: 440, Acc: 60.86%, Loss: 0.7912
Epoch: 11, Batch: 450, Acc: 60.90%, Loss: 0.7543
Epoch: 11, Batch: 460, Acc: 60.89%, Loss: 0.7720
Epoch: 11, Batch: 470, Acc: 60.90%, Loss: 0.7486
Epoch: 11, Batch: 480, Acc: 60.87%, Loss: 0.7899
Epoch: 11, Batch: 490, Acc: 60.88%, Loss: 0.7523
Epoch: 11, Batch: 500, Acc: 60.87%, Loss: 0.7543
Epoch: 11, Batch: 510, Acc: 60.85%, Loss: 0.7841
Epoch: 11, Batch: 520, Acc: 60.89%, Loss: 0.7420
Epoch: 11, Batch: 530, Acc: 60.83%, Loss: 0.8375
Epoch: 11, Batch: 540, Acc: 60.82%, Loss: 0.7709
Epoch: 11, Batch: 550, Acc: 60.76%, Loss: 0.8050
Epoch: 11, Batch: 560, Acc: 60.74%, Loss: 0.7782
Epoch: 11, Batch: 570, Acc: 60.80%, Loss: 0.7556
Epoch: 11, Batch: 580, Acc: 60.78%, Loss: 0.7588
Epoch: 11, Batch: 590, Acc: 60.78%, Loss: 0.7785
Epoch: 11, Batch: 600, Acc: 60.80%, Loss: 0.7368
Epoch: 11, Batch: 610, Acc: 60.77%, Loss: 0.8244
Epoch: 11, Batch: 620, Acc: 60.80%, Loss: 0.7508
Epoch: 11, Batch: 630, Acc: 60.80%, Loss: 0.7880
Epoch: 11, Batch: 640, Acc: 60.81%, Loss: 0.7826
Epoch: 11, Batch: 650, Acc: 60.81%, Loss: 0.7501
Epoch: 11, Batch: 660, Acc: 60.77%, Loss: 0.8154
Epoch: 11, Batch: 670, Acc: 60.80%, Loss: 0.7495
Epoch: 11, Batch: 680, Acc: 60.77%, Loss: 0.8422
Epoch: 11, Batch: 690, Acc: 60.75%, Loss: 0.8008
Epoch: 11, Batch: 700, Acc: 60.73%, Loss: 0.7755
Epoch: 11, Batch: 710, Acc: 60.73%, Loss: 0.7634
Epoch: 11, Batch: 720, Acc: 60.74%, Loss: 0.7755
Epoch: 11, Batch: 730, Acc: 60.74%, Loss: 0.7561
Epoch: 11, Batch: 740, Acc: 60.75%, Loss: 0.7857
Epoch: 11, Batch: 750, Acc: 60.71%, Loss: 0.8264
Epoch: 11, Batch: 760, Acc: 60.73%, Loss: 0.7641
Epoch: 11, Batch: 770, Acc: 60.74%, Loss: 0.7527
Epoch: 11, Batch: 780, Acc: 60.72%, Loss: 0.7823
Epoch: 11, Batch: 790, Acc: 60.72%, Loss: 0.7769
Epoch: 11, Batch: 800, Acc: 60.71%, Loss: 0.7879
Epoch: 11, Batch: 810, Acc: 60.71%, Loss: 0.8305
Epoch: 11, Batch: 820, Acc: 60.71%, Loss: 0.7770
Epoch: 11, Batch: 830, Acc: 60.72%, Loss: 0.7861
Epoch: 11, Batch: 840, Acc: 60.68%, Loss: 0.8167
Epoch: 11, Batch: 850, Acc: 60.68%, Loss: 0.8174
Epoch: 11, Batch: 860, Acc: 60.63%, Loss: 0.8227
Epoch: 11, Batch: 870, Acc: 60.64%, Loss: 0.7902
Epoch: 11, Batch: 880, Acc: 60.66%, Loss: 0.7448
Epoch: 11, Batch: 890, Acc: 60.65%, Loss: 0.7833
Epoch: 11, Batch: 900, Acc: 60.66%, Loss: 0.7750
Epoch: 11, Batch: 910, Acc: 60.68%, Loss: 0.7478
Epoch: 11, Batch: 920, Acc: 60.68%, Loss: 0.8100
Epoch: 11, Batch: 930, Acc: 60.67%, Loss: 0.7466
Accuracy on test set: 68.47%, Val loss: 1.1928
Epoch 11: val_acc=68.47, best_val_acc=68.57, es_counter=1
Epoch: 12, Batch: 10, Acc: 61.25%, Loss: 0.7520
Epoch: 12, Batch: 20, Acc: 60.55%, Loss: 0.7936
Epoch: 12, Batch: 30, Acc: 59.95%, Loss: 0.7958
Epoch: 12, Batch: 40, Acc: 60.43%, Loss: 0.7836
Epoch: 12, Batch: 50, Acc: 60.78%, Loss: 0.7748
Epoch: 12, Batch: 60, Acc: 61.46%, Loss: 0.7590
Epoch: 12, Batch: 70, Acc: 61.34%, Loss: 0.8360
Epoch: 12, Batch: 80, Acc: 60.88%, Loss: 0.7988
Epoch: 12, Batch: 90, Acc: 60.69%, Loss: 0.8179
Epoch: 12, Batch: 100, Acc: 60.75%, Loss: 0.7563
Epoch: 12, Batch: 110, Acc: 60.84%, Loss: 0.7805
Epoch: 12, Batch: 120, Acc: 60.52%, Loss: 0.8423
Epoch: 12, Batch: 130, Acc: 60.62%, Loss: 0.8011
Epoch: 12, Batch: 140, Acc: 60.68%, Loss: 0.7718
Epoch: 12, Batch: 150, Acc: 60.65%, Loss: 0.7714
Epoch: 12, Batch: 160, Acc: 60.86%, Loss: 0.7273
Epoch: 12, Batch: 170, Acc: 60.79%, Loss: 0.7521
Epoch: 12, Batch: 180, Acc: 60.75%, Loss: 0.7960
Epoch: 12, Batch: 190, Acc: 60.81%, Loss: 0.7833
Epoch: 12, Batch: 200, Acc: 60.95%, Loss: 0.7588
Epoch: 12, Batch: 210, Acc: 61.08%, Loss: 0.7507
Epoch: 12, Batch: 220, Acc: 61.07%, Loss: 0.7485
Epoch: 12, Batch: 230, Acc: 60.98%, Loss: 0.7967
Epoch: 12, Batch: 240, Acc: 60.94%, Loss: 0.8108
Epoch: 12, Batch: 250, Acc: 60.88%, Loss: 0.7919
Epoch: 12, Batch: 260, Acc: 61.00%, Loss: 0.7460
Epoch: 12, Batch: 270, Acc: 60.99%, Loss: 0.7838
Epoch: 12, Batch: 280, Acc: 60.87%, Loss: 0.7748
Epoch: 12, Batch: 290, Acc: 60.92%, Loss: 0.7659
Epoch: 12, Batch: 300, Acc: 60.94%, Loss: 0.7730
Epoch: 12, Batch: 310, Acc: 60.98%, Loss: 0.7487
Epoch: 12, Batch: 320, Acc: 60.88%, Loss: 0.8175
Epoch: 12, Batch: 330, Acc: 60.93%, Loss: 0.7466
Epoch: 12, Batch: 340, Acc: 60.81%, Loss: 0.8259
Epoch: 12, Batch: 350, Acc: 60.77%, Loss: 0.7827
Epoch: 12, Batch: 360, Acc: 60.78%, Loss: 0.7709
Epoch: 12, Batch: 370, Acc: 60.84%, Loss: 0.7337
Epoch: 12, Batch: 380, Acc: 60.77%, Loss: 0.7981
Epoch: 12, Batch: 390, Acc: 60.78%, Loss: 0.7618
Epoch: 12, Batch: 400, Acc: 60.80%, Loss: 0.7411
Epoch: 12, Batch: 410, Acc: 60.86%, Loss: 0.7731
Epoch: 12, Batch: 420, Acc: 60.86%, Loss: 0.7642
Epoch: 12, Batch: 430, Acc: 60.88%, Loss: 0.7719
Epoch: 12, Batch: 440, Acc: 60.88%, Loss: 0.7987
Epoch: 12, Batch: 450, Acc: 60.89%, Loss: 0.7763
Epoch: 12, Batch: 460, Acc: 60.92%, Loss: 0.7888
Epoch: 12, Batch: 470, Acc: 60.92%, Loss: 0.7691
Epoch: 12, Batch: 480, Acc: 60.91%, Loss: 0.8051
Epoch: 12, Batch: 490, Acc: 60.90%, Loss: 0.8167
Epoch: 12, Batch: 500, Acc: 60.90%, Loss: 0.7800
Epoch: 12, Batch: 510, Acc: 60.85%, Loss: 0.8040
Epoch: 12, Batch: 520, Acc: 60.90%, Loss: 0.7154
Epoch: 12, Batch: 530, Acc: 60.87%, Loss: 0.7834
Epoch: 12, Batch: 540, Acc: 60.87%, Loss: 0.7679
Epoch: 12, Batch: 550, Acc: 60.88%, Loss: 0.7422
Epoch: 12, Batch: 560, Acc: 60.94%, Loss: 0.7056
Epoch: 12, Batch: 570, Acc: 60.92%, Loss: 0.7910
Epoch: 12, Batch: 580, Acc: 60.93%, Loss: 0.7887
Epoch: 12, Batch: 590, Acc: 60.92%, Loss: 0.7671
Epoch: 12, Batch: 600, Acc: 60.92%, Loss: 0.7824
Epoch: 12, Batch: 610, Acc: 60.90%, Loss: 0.7628
Epoch: 12, Batch: 620, Acc: 60.86%, Loss: 0.8112
Epoch: 12, Batch: 630, Acc: 60.87%, Loss: 0.7758
Epoch: 12, Batch: 640, Acc: 60.88%, Loss: 0.7782
Epoch: 12, Batch: 650, Acc: 60.92%, Loss: 0.7483
Epoch: 12, Batch: 660, Acc: 60.93%, Loss: 0.7611
Epoch: 12, Batch: 670, Acc: 60.95%, Loss: 0.7828
Epoch: 12, Batch: 680, Acc: 60.98%, Loss: 0.7477
Epoch: 12, Batch: 690, Acc: 61.04%, Loss: 0.7266
Epoch: 12, Batch: 700, Acc: 61.06%, Loss: 0.7491
Epoch: 12, Batch: 710, Acc: 61.04%, Loss: 0.7946
Epoch: 12, Batch: 720, Acc: 61.03%, Loss: 0.7676
Epoch: 12, Batch: 730, Acc: 60.96%, Loss: 0.8282
Epoch: 12, Batch: 740, Acc: 60.99%, Loss: 0.7339
Epoch: 12, Batch: 750, Acc: 60.94%, Loss: 0.7844
Epoch: 12, Batch: 760, Acc: 60.94%, Loss: 0.8059
Epoch: 12, Batch: 770, Acc: 60.96%, Loss: 0.7848
Epoch: 12, Batch: 780, Acc: 60.96%, Loss: 0.7609
Epoch: 12, Batch: 790, Acc: 60.97%, Loss: 0.7899
Epoch: 12, Batch: 800, Acc: 61.01%, Loss: 0.7475
Epoch: 12, Batch: 810, Acc: 60.96%, Loss: 0.8051
Epoch: 12, Batch: 820, Acc: 60.92%, Loss: 0.8083
Epoch: 12, Batch: 830, Acc: 60.94%, Loss: 0.7543
Epoch: 12, Batch: 840, Acc: 60.99%, Loss: 0.7271
Epoch: 12, Batch: 850, Acc: 60.98%, Loss: 0.7832
Epoch: 12, Batch: 860, Acc: 60.95%, Loss: 0.8045
Epoch: 12, Batch: 870, Acc: 60.92%, Loss: 0.8162
Epoch: 12, Batch: 880, Acc: 60.92%, Loss: 0.7781
Epoch: 12, Batch: 890, Acc: 60.91%, Loss: 0.7746
Epoch: 12, Batch: 900, Acc: 60.92%, Loss: 0.7350
Epoch: 12, Batch: 910, Acc: 60.95%, Loss: 0.7478
Epoch: 12, Batch: 920, Acc: 60.94%, Loss: 0.7828
Epoch: 12, Batch: 930, Acc: 60.99%, Loss: 0.7506
Accuracy on test set: 69.20%, Val loss: 1.1770
Epoch 12: val_acc=69.20, best_val_acc=69.20, es_counter=0
Epoch: 13, Batch: 10, Acc: 61.72%, Loss: 0.7371
Epoch: 13, Batch: 20, Acc: 62.03%, Loss: 0.7294
Epoch: 13, Batch: 30, Acc: 61.09%, Loss: 0.7993
Epoch: 13, Batch: 40, Acc: 62.30%, Loss: 0.7270
Epoch: 13, Batch: 50, Acc: 62.03%, Loss: 0.7679
Epoch: 13, Batch: 60, Acc: 61.85%, Loss: 0.7903
Epoch: 13, Batch: 70, Acc: 61.72%, Loss: 0.7713
Epoch: 13, Batch: 80, Acc: 61.68%, Loss: 0.7467
Epoch: 13, Batch: 90, Acc: 61.98%, Loss: 0.7124
Epoch: 13, Batch: 100, Acc: 61.98%, Loss: 0.7682
Epoch: 13, Batch: 110, Acc: 62.16%, Loss: 0.7739
Epoch: 13, Batch: 120, Acc: 61.98%, Loss: 0.7823
Epoch: 13, Batch: 130, Acc: 61.80%, Loss: 0.7747
Epoch: 13, Batch: 140, Acc: 61.53%, Loss: 0.8070
Epoch: 13, Batch: 150, Acc: 61.51%, Loss: 0.7662
Epoch: 13, Batch: 160, Acc: 61.46%, Loss: 0.7966
Epoch: 13, Batch: 170, Acc: 61.30%, Loss: 0.8232
Epoch: 13, Batch: 180, Acc: 61.12%, Loss: 0.8198
Epoch: 13, Batch: 190, Acc: 61.08%, Loss: 0.8019
Epoch: 13, Batch: 200, Acc: 61.27%, Loss: 0.7478
Epoch: 13, Batch: 210, Acc: 61.18%, Loss: 0.7753
Epoch: 13, Batch: 220, Acc: 61.12%, Loss: 0.8066
Epoch: 13, Batch: 230, Acc: 61.08%, Loss: 0.7920
Epoch: 13, Batch: 240, Acc: 61.05%, Loss: 0.7687
Epoch: 13, Batch: 250, Acc: 60.96%, Loss: 0.7878
Epoch: 13, Batch: 260, Acc: 60.86%, Loss: 0.8001
Epoch: 13, Batch: 270, Acc: 60.86%, Loss: 0.7948
Epoch: 13, Batch: 280, Acc: 60.94%, Loss: 0.7531
Epoch: 13, Batch: 290, Acc: 60.91%, Loss: 0.7865
Epoch: 13, Batch: 300, Acc: 60.88%, Loss: 0.7579
Epoch: 13, Batch: 310, Acc: 61.01%, Loss: 0.7387
Epoch: 13, Batch: 320, Acc: 61.04%, Loss: 0.7509
Epoch: 13, Batch: 330, Acc: 61.02%, Loss: 0.7757
Epoch: 13, Batch: 340, Acc: 61.04%, Loss: 0.7690
Epoch: 13, Batch: 350, Acc: 60.99%, Loss: 0.7854
Epoch: 13, Batch: 360, Acc: 60.98%, Loss: 0.7755
Epoch: 13, Batch: 370, Acc: 60.95%, Loss: 0.7576
Epoch: 13, Batch: 380, Acc: 60.95%, Loss: 0.7826
Epoch: 13, Batch: 390, Acc: 61.03%, Loss: 0.7372
Epoch: 13, Batch: 400, Acc: 60.99%, Loss: 0.7789
Epoch: 13, Batch: 410, Acc: 60.99%, Loss: 0.7656
Epoch: 13, Batch: 420, Acc: 60.99%, Loss: 0.7784
Epoch: 13, Batch: 430, Acc: 60.97%, Loss: 0.7634
Epoch: 13, Batch: 440, Acc: 61.08%, Loss: 0.7367
Epoch: 13, Batch: 450, Acc: 61.06%, Loss: 0.7895
Epoch: 13, Batch: 460, Acc: 61.10%, Loss: 0.7504
Epoch: 13, Batch: 470, Acc: 61.10%, Loss: 0.7916
Epoch: 13, Batch: 480, Acc: 61.12%, Loss: 0.7458
Epoch: 13, Batch: 490, Acc: 61.05%, Loss: 0.8317
Epoch: 13, Batch: 500, Acc: 61.02%, Loss: 0.8099
Epoch: 13, Batch: 510, Acc: 60.99%, Loss: 0.8102
Epoch: 13, Batch: 520, Acc: 61.01%, Loss: 0.7633
Epoch: 13, Batch: 530, Acc: 61.05%, Loss: 0.7439
Epoch: 13, Batch: 540, Acc: 61.03%, Loss: 0.7678
Epoch: 13, Batch: 550, Acc: 61.05%, Loss: 0.7506
Epoch: 13, Batch: 560, Acc: 61.06%, Loss: 0.7687
Epoch: 13, Batch: 570, Acc: 61.08%, Loss: 0.7394
Epoch: 13, Batch: 580, Acc: 61.05%, Loss: 0.7702
Epoch: 13, Batch: 590, Acc: 61.03%, Loss: 0.7954
Epoch: 13, Batch: 600, Acc: 61.03%, Loss: 0.7574
Epoch: 13, Batch: 610, Acc: 61.02%, Loss: 0.7712
Epoch: 13, Batch: 620, Acc: 61.07%, Loss: 0.7727
Epoch: 13, Batch: 630, Acc: 61.10%, Loss: 0.7850
Epoch: 13, Batch: 640, Acc: 61.05%, Loss: 0.7896
Epoch: 13, Batch: 650, Acc: 61.11%, Loss: 0.7168
Epoch: 13, Batch: 660, Acc: 61.16%, Loss: 0.7496
Epoch: 13, Batch: 670, Acc: 61.15%, Loss: 0.7660
Epoch: 13, Batch: 680, Acc: 61.15%, Loss: 0.7699
Epoch: 13, Batch: 690, Acc: 61.19%, Loss: 0.7507
Epoch: 13, Batch: 700, Acc: 61.19%, Loss: 0.7713
Epoch: 13, Batch: 710, Acc: 61.19%, Loss: 0.7737
Epoch: 13, Batch: 720, Acc: 61.21%, Loss: 0.7816
Epoch: 13, Batch: 730, Acc: 61.24%, Loss: 0.7097
Epoch: 13, Batch: 740, Acc: 61.16%, Loss: 0.8434
Epoch: 13, Batch: 750, Acc: 61.17%, Loss: 0.7548
Epoch: 13, Batch: 760, Acc: 61.17%, Loss: 0.7793
Epoch: 13, Batch: 770, Acc: 61.23%, Loss: 0.7265
Epoch: 13, Batch: 780, Acc: 61.24%, Loss: 0.7520
Epoch: 13, Batch: 790, Acc: 61.27%, Loss: 0.7559
Epoch: 13, Batch: 800, Acc: 61.28%, Loss: 0.7737
Epoch: 13, Batch: 810, Acc: 61.28%, Loss: 0.7851
Epoch: 13, Batch: 820, Acc: 61.34%, Loss: 0.7390
Epoch: 13, Batch: 830, Acc: 61.35%, Loss: 0.7493
Epoch: 13, Batch: 840, Acc: 61.31%, Loss: 0.8240
Epoch: 13, Batch: 850, Acc: 61.34%, Loss: 0.7427
Epoch: 13, Batch: 860, Acc: 61.30%, Loss: 0.8216
Epoch: 13, Batch: 870, Acc: 61.31%, Loss: 0.7566
Epoch: 13, Batch: 880, Acc: 61.30%, Loss: 0.7776
Epoch: 13, Batch: 890, Acc: 61.30%, Loss: 0.7619
Epoch: 13, Batch: 900, Acc: 61.31%, Loss: 0.7614
Epoch: 13, Batch: 910, Acc: 61.31%, Loss: 0.8315
Epoch: 13, Batch: 920, Acc: 61.30%, Loss: 0.7956
Epoch: 13, Batch: 930, Acc: 61.32%, Loss: 0.7318
Accuracy on test set: 69.05%, Val loss: 1.1760
Epoch 13: val_acc=69.05, best_val_acc=69.20, es_counter=1
Epoch: 14, Batch: 10, Acc: 59.38%, Loss: 0.7771
Epoch: 14, Batch: 20, Acc: 59.61%, Loss: 0.7732
Epoch: 14, Batch: 30, Acc: 59.53%, Loss: 0.7782
Epoch: 14, Batch: 40, Acc: 59.96%, Loss: 0.7742
Epoch: 14, Batch: 50, Acc: 60.28%, Loss: 0.7454
Epoch: 14, Batch: 60, Acc: 60.18%, Loss: 0.7738
Epoch: 14, Batch: 70, Acc: 60.00%, Loss: 0.8047
Epoch: 14, Batch: 80, Acc: 60.47%, Loss: 0.7455
Epoch: 14, Batch: 90, Acc: 60.80%, Loss: 0.7441
Epoch: 14, Batch: 100, Acc: 60.77%, Loss: 0.7984
Epoch: 14, Batch: 110, Acc: 60.78%, Loss: 0.7629
Epoch: 14, Batch: 120, Acc: 60.83%, Loss: 0.7751
Epoch: 14, Batch: 130, Acc: 61.02%, Loss: 0.7724
Epoch: 14, Batch: 140, Acc: 60.89%, Loss: 0.8441
Epoch: 14, Batch: 150, Acc: 60.83%, Loss: 0.7829
Epoch: 14, Batch: 160, Acc: 60.76%, Loss: 0.7893
Epoch: 14, Batch: 170, Acc: 60.80%, Loss: 0.7897
Epoch: 14, Batch: 180, Acc: 60.78%, Loss: 0.7878
Epoch: 14, Batch: 190, Acc: 60.77%, Loss: 0.7517
Epoch: 14, Batch: 200, Acc: 60.73%, Loss: 0.8071
Epoch: 14, Batch: 210, Acc: 60.74%, Loss: 0.7766
Epoch: 14, Batch: 220, Acc: 60.80%, Loss: 0.7726
Epoch: 14, Batch: 230, Acc: 60.85%, Loss: 0.7524
Epoch: 14, Batch: 240, Acc: 60.87%, Loss: 0.7990
Epoch: 14, Batch: 250, Acc: 60.89%, Loss: 0.7538
Epoch: 14, Batch: 260, Acc: 60.80%, Loss: 0.7924
Epoch: 14, Batch: 270, Acc: 60.98%, Loss: 0.7266
Epoch: 14, Batch: 280, Acc: 60.96%, Loss: 0.7664
Epoch: 14, Batch: 290, Acc: 60.94%, Loss: 0.8062
Epoch: 14, Batch: 300, Acc: 60.89%, Loss: 0.7626
Epoch: 14, Batch: 310, Acc: 60.93%, Loss: 0.7610
Epoch: 14, Batch: 320, Acc: 60.92%, Loss: 0.7829
Epoch: 14, Batch: 330, Acc: 60.93%, Loss: 0.7486
Epoch: 14, Batch: 340, Acc: 60.89%, Loss: 0.7767
Epoch: 14, Batch: 350, Acc: 60.94%, Loss: 0.7269
Epoch: 14, Batch: 360, Acc: 60.95%, Loss: 0.7656
Epoch: 14, Batch: 370, Acc: 61.03%, Loss: 0.7120
Epoch: 14, Batch: 380, Acc: 61.08%, Loss: 0.7581
Epoch: 14, Batch: 390, Acc: 61.14%, Loss: 0.7868
Epoch: 14, Batch: 400, Acc: 61.18%, Loss: 0.7449
Epoch: 14, Batch: 410, Acc: 61.16%, Loss: 0.7836
Epoch: 14, Batch: 420, Acc: 61.20%, Loss: 0.6993
Epoch: 14, Batch: 430, Acc: 61.22%, Loss: 0.7227
Epoch: 14, Batch: 440, Acc: 61.30%, Loss: 0.7377
Epoch: 14, Batch: 450, Acc: 61.24%, Loss: 0.8068
Epoch: 14, Batch: 460, Acc: 61.25%, Loss: 0.7622
Epoch: 14, Batch: 470, Acc: 61.28%, Loss: 0.7431
Epoch: 14, Batch: 480, Acc: 61.23%, Loss: 0.7850
Epoch: 14, Batch: 490, Acc: 61.26%, Loss: 0.7389
Epoch: 14, Batch: 500, Acc: 61.23%, Loss: 0.7412
Epoch: 14, Batch: 510, Acc: 61.21%, Loss: 0.7766
Epoch: 14, Batch: 520, Acc: 61.23%, Loss: 0.7415
Epoch: 14, Batch: 530, Acc: 61.31%, Loss: 0.7163
Epoch: 14, Batch: 540, Acc: 61.25%, Loss: 0.8215
Epoch: 14, Batch: 550, Acc: 61.21%, Loss: 0.8037
Epoch: 14, Batch: 560, Acc: 61.22%, Loss: 0.7633
Epoch: 14, Batch: 570, Acc: 61.21%, Loss: 0.7751
Epoch: 14, Batch: 580, Acc: 61.25%, Loss: 0.7634
Epoch: 14, Batch: 590, Acc: 61.27%, Loss: 0.7556
Epoch: 14, Batch: 600, Acc: 61.31%, Loss: 0.7388
Epoch: 14, Batch: 610, Acc: 61.37%, Loss: 0.7161
Epoch: 14, Batch: 620, Acc: 61.40%, Loss: 0.7266
Epoch: 14, Batch: 630, Acc: 61.42%, Loss: 0.7731
Epoch: 14, Batch: 640, Acc: 61.36%, Loss: 0.8072
Epoch: 14, Batch: 650, Acc: 61.35%, Loss: 0.7754
Epoch: 14, Batch: 660, Acc: 61.37%, Loss: 0.7981
Epoch: 14, Batch: 670, Acc: 61.37%, Loss: 0.7783
Epoch: 14, Batch: 680, Acc: 61.37%, Loss: 0.7638
Epoch: 14, Batch: 690, Acc: 61.36%, Loss: 0.7818
Epoch: 14, Batch: 700, Acc: 61.35%, Loss: 0.7900
Epoch: 14, Batch: 710, Acc: 61.35%, Loss: 0.7868
Epoch: 14, Batch: 720, Acc: 61.39%, Loss: 0.7299
Epoch: 14, Batch: 730, Acc: 61.40%, Loss: 0.7529
Epoch: 14, Batch: 740, Acc: 61.38%, Loss: 0.7557
Epoch: 14, Batch: 750, Acc: 61.44%, Loss: 0.7646
Epoch: 14, Batch: 760, Acc: 61.44%, Loss: 0.7702
Epoch: 14, Batch: 770, Acc: 61.40%, Loss: 0.7908
Epoch: 14, Batch: 780, Acc: 61.36%, Loss: 0.8125
Epoch: 14, Batch: 790, Acc: 61.39%, Loss: 0.7378
Epoch: 14, Batch: 800, Acc: 61.43%, Loss: 0.7097
Epoch: 14, Batch: 810, Acc: 61.43%, Loss: 0.7760
Epoch: 14, Batch: 820, Acc: 61.42%, Loss: 0.7972
Epoch: 14, Batch: 830, Acc: 61.44%, Loss: 0.7566
Epoch: 14, Batch: 840, Acc: 61.43%, Loss: 0.7723
Epoch: 14, Batch: 850, Acc: 61.43%, Loss: 0.8087
Epoch: 14, Batch: 860, Acc: 61.46%, Loss: 0.7376
Epoch: 14, Batch: 870, Acc: 61.50%, Loss: 0.7162
Epoch: 14, Batch: 880, Acc: 61.51%, Loss: 0.7707
Epoch: 14, Batch: 890, Acc: 61.52%, Loss: 0.7763
Epoch: 14, Batch: 900, Acc: 61.51%, Loss: 0.7971
Epoch: 14, Batch: 910, Acc: 61.52%, Loss: 0.7009
Epoch: 14, Batch: 920, Acc: 61.51%, Loss: 0.7760
Epoch: 14, Batch: 930, Acc: 61.50%, Loss: 0.7751
Accuracy on test set: 69.35%, Val loss: 1.1651
Epoch 14: val_acc=69.35, best_val_acc=69.35, es_counter=0
Epoch: 15, Batch: 10, Acc: 62.19%, Loss: 0.7626
Epoch: 15, Batch: 20, Acc: 60.39%, Loss: 0.7863
Epoch: 15, Batch: 30, Acc: 61.51%, Loss: 0.7240
Epoch: 15, Batch: 40, Acc: 61.37%, Loss: 0.7418
Epoch: 15, Batch: 50, Acc: 62.34%, Loss: 0.7123
Epoch: 15, Batch: 60, Acc: 62.16%, Loss: 0.7584
Epoch: 15, Batch: 70, Acc: 62.25%, Loss: 0.7293
Epoch: 15, Batch: 80, Acc: 62.17%, Loss: 0.7548
Epoch: 15, Batch: 90, Acc: 61.98%, Loss: 0.7851
Epoch: 15, Batch: 100, Acc: 61.50%, Loss: 0.7973
Epoch: 15, Batch: 110, Acc: 61.42%, Loss: 0.7802
Epoch: 15, Batch: 120, Acc: 61.30%, Loss: 0.7809
Epoch: 15, Batch: 130, Acc: 61.41%, Loss: 0.7398
Epoch: 15, Batch: 140, Acc: 61.27%, Loss: 0.7866
Epoch: 15, Batch: 150, Acc: 61.48%, Loss: 0.7499
Epoch: 15, Batch: 160, Acc: 61.37%, Loss: 0.7834
Epoch: 15, Batch: 170, Acc: 61.35%, Loss: 0.7739
Epoch: 15, Batch: 180, Acc: 61.30%, Loss: 0.7633
Epoch: 15, Batch: 190, Acc: 61.44%, Loss: 0.7343
Epoch: 15, Batch: 200, Acc: 61.52%, Loss: 0.7622
Epoch: 15, Batch: 210, Acc: 61.36%, Loss: 0.7752
Epoch: 15, Batch: 220, Acc: 61.29%, Loss: 0.7870
Epoch: 15, Batch: 230, Acc: 61.25%, Loss: 0.7855
Epoch: 15, Batch: 240, Acc: 61.30%, Loss: 0.7622
Epoch: 15, Batch: 250, Acc: 61.31%, Loss: 0.7537
Epoch: 15, Batch: 260, Acc: 61.42%, Loss: 0.7553
Epoch: 15, Batch: 270, Acc: 61.50%, Loss: 0.7543
Epoch: 15, Batch: 280, Acc: 61.42%, Loss: 0.7621
Epoch: 15, Batch: 290, Acc: 61.38%, Loss: 0.7743
Epoch: 15, Batch: 300, Acc: 61.43%, Loss: 0.7192
Epoch: 15, Batch: 310, Acc: 61.27%, Loss: 0.8105
Epoch: 15, Batch: 320, Acc: 61.36%, Loss: 0.7487
Epoch: 15, Batch: 330, Acc: 61.34%, Loss: 0.7820
Epoch: 15, Batch: 340, Acc: 61.31%, Loss: 0.7704
Epoch: 15, Batch: 350, Acc: 61.33%, Loss: 0.7365
Epoch: 15, Batch: 360, Acc: 61.35%, Loss: 0.7790
Epoch: 15, Batch: 370, Acc: 61.31%, Loss: 0.7847
Epoch: 15, Batch: 380, Acc: 61.36%, Loss: 0.7414
Epoch: 15, Batch: 390, Acc: 61.33%, Loss: 0.8126
Epoch: 15, Batch: 400, Acc: 61.34%, Loss: 0.7870
Epoch: 15, Batch: 410, Acc: 61.39%, Loss: 0.7582
Epoch: 15, Batch: 420, Acc: 61.40%, Loss: 0.7700
Epoch: 15, Batch: 430, Acc: 61.30%, Loss: 0.8264
Epoch: 15, Batch: 440, Acc: 61.30%, Loss: 0.7896
Epoch: 15, Batch: 450, Acc: 61.37%, Loss: 0.7537
Epoch: 15, Batch: 460, Acc: 61.32%, Loss: 0.7682
Epoch: 15, Batch: 470, Acc: 61.29%, Loss: 0.7774
Epoch: 15, Batch: 480, Acc: 61.29%, Loss: 0.7926
Epoch: 15, Batch: 490, Acc: 61.30%, Loss: 0.7809
Epoch: 15, Batch: 500, Acc: 61.31%, Loss: 0.7964
Epoch: 15, Batch: 510, Acc: 61.34%, Loss: 0.7474
Epoch: 15, Batch: 520, Acc: 61.36%, Loss: 0.7592
Epoch: 15, Batch: 530, Acc: 61.36%, Loss: 0.7831
Epoch: 15, Batch: 540, Acc: 61.33%, Loss: 0.8035
Epoch: 15, Batch: 550, Acc: 61.38%, Loss: 0.7360
Epoch: 15, Batch: 560, Acc: 61.40%, Loss: 0.7639
Epoch: 15, Batch: 570, Acc: 61.43%, Loss: 0.7073
Epoch: 15, Batch: 580, Acc: 61.42%, Loss: 0.7534
Epoch: 15, Batch: 590, Acc: 61.39%, Loss: 0.8142
Epoch: 15, Batch: 600, Acc: 61.43%, Loss: 0.7305
Epoch: 15, Batch: 610, Acc: 61.47%, Loss: 0.7323
Epoch: 15, Batch: 620, Acc: 61.48%, Loss: 0.7462
Epoch: 15, Batch: 630, Acc: 61.50%, Loss: 0.7449
Epoch: 15, Batch: 640, Acc: 61.52%, Loss: 0.7358
Epoch: 15, Batch: 650, Acc: 61.49%, Loss: 0.7828
Epoch: 15, Batch: 660, Acc: 61.46%, Loss: 0.7862
Epoch: 15, Batch: 670, Acc: 61.45%, Loss: 0.7806
Epoch: 15, Batch: 680, Acc: 61.39%, Loss: 0.7886
Epoch: 15, Batch: 690, Acc: 61.42%, Loss: 0.7539
Epoch: 15, Batch: 700, Acc: 61.49%, Loss: 0.7212
Epoch: 15, Batch: 710, Acc: 61.47%, Loss: 0.8350
Epoch: 15, Batch: 720, Acc: 61.49%, Loss: 0.7206
Epoch: 15, Batch: 730, Acc: 61.50%, Loss: 0.7595
Epoch: 15, Batch: 740, Acc: 61.52%, Loss: 0.7465
Epoch: 15, Batch: 750, Acc: 61.53%, Loss: 0.7432
Epoch: 15, Batch: 760, Acc: 61.53%, Loss: 0.7712
Epoch: 15, Batch: 770, Acc: 61.55%, Loss: 0.7241
Epoch: 15, Batch: 780, Acc: 61.56%, Loss: 0.7717
Epoch: 15, Batch: 790, Acc: 61.60%, Loss: 0.7495
Epoch: 15, Batch: 800, Acc: 61.65%, Loss: 0.7255
Epoch: 15, Batch: 810, Acc: 61.66%, Loss: 0.7244
Epoch: 15, Batch: 820, Acc: 61.68%, Loss: 0.7610
Epoch: 15, Batch: 830, Acc: 61.67%, Loss: 0.7823
Epoch: 15, Batch: 840, Acc: 61.67%, Loss: 0.7746
Epoch: 15, Batch: 850, Acc: 61.68%, Loss: 0.7226
Epoch: 15, Batch: 860, Acc: 61.63%, Loss: 0.7976
Epoch: 15, Batch: 870, Acc: 61.64%, Loss: 0.7455
Epoch: 15, Batch: 880, Acc: 61.65%, Loss: 0.7541
Epoch: 15, Batch: 890, Acc: 61.62%, Loss: 0.8005
Epoch: 15, Batch: 900, Acc: 61.63%, Loss: 0.7328
Epoch: 15, Batch: 910, Acc: 61.62%, Loss: 0.7806
Epoch: 15, Batch: 920, Acc: 61.65%, Loss: 0.7570
Epoch: 15, Batch: 930, Acc: 61.66%, Loss: 0.7413
Accuracy on test set: 69.26%, Val loss: 1.1628
Epoch 15: val_acc=69.26, best_val_acc=69.35, es_counter=1
Epoch: 16, Batch: 10, Acc: 60.00%, Loss: 0.7796
Epoch: 16, Batch: 20, Acc: 61.41%, Loss: 0.7695
Epoch: 16, Batch: 30, Acc: 63.12%, Loss: 0.7234
Epoch: 16, Batch: 40, Acc: 62.77%, Loss: 0.7427
Epoch: 16, Batch: 50, Acc: 63.06%, Loss: 0.7660
Epoch: 16, Batch: 60, Acc: 62.73%, Loss: 0.7568
Epoch: 16, Batch: 70, Acc: 62.48%, Loss: 0.7678
Epoch: 16, Batch: 80, Acc: 62.52%, Loss: 0.7464
Epoch: 16, Batch: 90, Acc: 62.27%, Loss: 0.8105
Epoch: 16, Batch: 100, Acc: 61.95%, Loss: 0.7914
Epoch: 16, Batch: 110, Acc: 61.66%, Loss: 0.7664
Epoch: 16, Batch: 120, Acc: 61.64%, Loss: 0.7637
Epoch: 16, Batch: 130, Acc: 61.72%, Loss: 0.7214
Epoch: 16, Batch: 140, Acc: 61.83%, Loss: 0.7345
Epoch: 16, Batch: 150, Acc: 61.91%, Loss: 0.7219
Epoch: 16, Batch: 160, Acc: 61.90%, Loss: 0.7415
Epoch: 16, Batch: 170, Acc: 61.81%, Loss: 0.7783
Epoch: 16, Batch: 180, Acc: 61.81%, Loss: 0.7486
Epoch: 16, Batch: 190, Acc: 61.78%, Loss: 0.7922
Epoch: 16, Batch: 200, Acc: 61.75%, Loss: 0.7334
Epoch: 16, Batch: 210, Acc: 61.77%, Loss: 0.7448
Epoch: 16, Batch: 220, Acc: 61.84%, Loss: 0.7622
Epoch: 16, Batch: 230, Acc: 61.86%, Loss: 0.7591
Epoch: 16, Batch: 240, Acc: 61.77%, Loss: 0.7545
Epoch: 16, Batch: 250, Acc: 61.97%, Loss: 0.7370
Epoch: 16, Batch: 260, Acc: 61.87%, Loss: 0.7839
Epoch: 16, Batch: 270, Acc: 61.78%, Loss: 0.7811
Epoch: 16, Batch: 280, Acc: 61.81%, Loss: 0.7504
Epoch: 16, Batch: 290, Acc: 61.91%, Loss: 0.7126
Epoch: 16, Batch: 300, Acc: 62.02%, Loss: 0.7085
Epoch: 16, Batch: 310, Acc: 61.96%, Loss: 0.7948
Epoch: 16, Batch: 320, Acc: 62.01%, Loss: 0.7194
Epoch: 16, Batch: 330, Acc: 62.05%, Loss: 0.7561
Epoch: 16, Batch: 340, Acc: 62.11%, Loss: 0.7482
Epoch: 16, Batch: 350, Acc: 62.18%, Loss: 0.7601
Epoch: 16, Batch: 360, Acc: 62.25%, Loss: 0.7227
Epoch: 16, Batch: 370, Acc: 62.25%, Loss: 0.7620
Epoch: 16, Batch: 380, Acc: 62.27%, Loss: 0.7552
Epoch: 16, Batch: 390, Acc: 62.36%, Loss: 0.7251
Epoch: 16, Batch: 400, Acc: 62.34%, Loss: 0.7787
Epoch: 16, Batch: 410, Acc: 62.37%, Loss: 0.7628
Epoch: 16, Batch: 420, Acc: 62.34%, Loss: 0.7716
Epoch: 16, Batch: 430, Acc: 62.18%, Loss: 0.8156
Epoch: 16, Batch: 440, Acc: 62.11%, Loss: 0.8187
Epoch: 16, Batch: 450, Acc: 62.18%, Loss: 0.7217
Epoch: 16, Batch: 460, Acc: 62.21%, Loss: 0.7489
Epoch: 16, Batch: 470, Acc: 62.21%, Loss: 0.7674
Epoch: 16, Batch: 480, Acc: 62.22%, Loss: 0.7893
Epoch: 16, Batch: 490, Acc: 62.20%, Loss: 0.7659
Epoch: 16, Batch: 500, Acc: 62.17%, Loss: 0.7667
Epoch: 16, Batch: 510, Acc: 62.17%, Loss: 0.7623
Epoch: 16, Batch: 520, Acc: 62.12%, Loss: 0.7980
Epoch: 16, Batch: 530, Acc: 62.14%, Loss: 0.7560
Epoch: 16, Batch: 540, Acc: 62.14%, Loss: 0.7553
Epoch: 16, Batch: 550, Acc: 62.16%, Loss: 0.7445
Epoch: 16, Batch: 560, Acc: 62.16%, Loss: 0.7210
Epoch: 16, Batch: 570, Acc: 62.15%, Loss: 0.7884
Epoch: 16, Batch: 580, Acc: 62.18%, Loss: 0.7340
Epoch: 16, Batch: 590, Acc: 62.18%, Loss: 0.7509
Epoch: 16, Batch: 600, Acc: 62.23%, Loss: 0.7065
Epoch: 16, Batch: 610, Acc: 62.19%, Loss: 0.7933
Epoch: 16, Batch: 620, Acc: 62.18%, Loss: 0.7572
Epoch: 16, Batch: 630, Acc: 62.18%, Loss: 0.7565
Epoch: 16, Batch: 640, Acc: 62.09%, Loss: 0.8114
Epoch: 16, Batch: 650, Acc: 62.10%, Loss: 0.7204
Epoch: 16, Batch: 660, Acc: 62.13%, Loss: 0.7216
Epoch: 16, Batch: 670, Acc: 62.12%, Loss: 0.7750
Epoch: 16, Batch: 680, Acc: 62.07%, Loss: 0.8323
Epoch: 16, Batch: 690, Acc: 62.09%, Loss: 0.7587
Epoch: 16, Batch: 700, Acc: 62.11%, Loss: 0.7744
Epoch: 16, Batch: 710, Acc: 62.12%, Loss: 0.7479
Epoch: 16, Batch: 720, Acc: 62.12%, Loss: 0.7589
Epoch: 16, Batch: 730, Acc: 62.09%, Loss: 0.7819
Epoch: 16, Batch: 740, Acc: 62.13%, Loss: 0.7623
Epoch: 16, Batch: 750, Acc: 62.09%, Loss: 0.7565
Epoch: 16, Batch: 760, Acc: 62.07%, Loss: 0.7773
Epoch: 16, Batch: 770, Acc: 62.06%, Loss: 0.7367
Epoch: 16, Batch: 780, Acc: 62.00%, Loss: 0.8006
Epoch: 16, Batch: 790, Acc: 61.99%, Loss: 0.7669
Epoch: 16, Batch: 800, Acc: 61.98%, Loss: 0.7981
Epoch: 16, Batch: 810, Acc: 62.01%, Loss: 0.7535
Epoch: 16, Batch: 820, Acc: 62.04%, Loss: 0.7190
Epoch: 16, Batch: 830, Acc: 62.05%, Loss: 0.7805
Epoch: 16, Batch: 840, Acc: 62.03%, Loss: 0.7749
Epoch: 16, Batch: 850, Acc: 62.03%, Loss: 0.7582
Epoch: 16, Batch: 860, Acc: 62.04%, Loss: 0.7524
Epoch: 16, Batch: 870, Acc: 62.07%, Loss: 0.7283
Epoch: 16, Batch: 880, Acc: 62.07%, Loss: 0.7644
Epoch: 16, Batch: 890, Acc: 62.07%, Loss: 0.7680
Epoch: 16, Batch: 900, Acc: 62.05%, Loss: 0.7877
Epoch: 16, Batch: 910, Acc: 62.06%, Loss: 0.7414
Epoch: 16, Batch: 920, Acc: 62.06%, Loss: 0.7671
Epoch: 16, Batch: 930, Acc: 62.09%, Loss: 0.7322
Accuracy on test set: 69.52%, Val loss: 1.1561
Epoch 16: val_acc=69.52, best_val_acc=69.52, es_counter=0
Epoch: 17, Batch: 10, Acc: 59.38%, Loss: 0.7818
Epoch: 17, Batch: 20, Acc: 59.77%, Loss: 0.7857
Epoch: 17, Batch: 30, Acc: 60.83%, Loss: 0.7342
Epoch: 17, Batch: 40, Acc: 61.21%, Loss: 0.7577
Epoch: 17, Batch: 50, Acc: 61.28%, Loss: 0.7642
Epoch: 17, Batch: 60, Acc: 61.38%, Loss: 0.7565
Epoch: 17, Batch: 70, Acc: 61.09%, Loss: 0.7570
Epoch: 17, Batch: 80, Acc: 61.35%, Loss: 0.7571
Epoch: 17, Batch: 90, Acc: 61.46%, Loss: 0.7685
Epoch: 17, Batch: 100, Acc: 61.83%, Loss: 0.7023
Epoch: 17, Batch: 110, Acc: 61.63%, Loss: 0.7923
Epoch: 17, Batch: 120, Acc: 61.65%, Loss: 0.7429
Epoch: 17, Batch: 130, Acc: 61.98%, Loss: 0.7305
Epoch: 17, Batch: 140, Acc: 61.81%, Loss: 0.8094
Epoch: 17, Batch: 150, Acc: 61.94%, Loss: 0.7506
Epoch: 17, Batch: 160, Acc: 61.95%, Loss: 0.7776
Epoch: 17, Batch: 170, Acc: 62.15%, Loss: 0.7086
Epoch: 17, Batch: 180, Acc: 62.15%, Loss: 0.7684
Epoch: 17, Batch: 190, Acc: 62.16%, Loss: 0.7931
Epoch: 17, Batch: 200, Acc: 62.20%, Loss: 0.7580
Epoch: 17, Batch: 210, Acc: 62.17%, Loss: 0.7460
Epoch: 17, Batch: 220, Acc: 62.14%, Loss: 0.7602
Epoch: 17, Batch: 230, Acc: 62.00%, Loss: 0.7823
Epoch: 17, Batch: 240, Acc: 61.89%, Loss: 0.7892
Epoch: 17, Batch: 250, Acc: 61.98%, Loss: 0.7711
Epoch: 17, Batch: 260, Acc: 61.92%, Loss: 0.7419
Epoch: 17, Batch: 270, Acc: 62.07%, Loss: 0.7437
Epoch: 17, Batch: 280, Acc: 61.90%, Loss: 0.7899
Epoch: 17, Batch: 290, Acc: 61.95%, Loss: 0.7522
Epoch: 17, Batch: 300, Acc: 61.97%, Loss: 0.7539
Epoch: 17, Batch: 310, Acc: 61.90%, Loss: 0.7741
Epoch: 17, Batch: 320, Acc: 61.89%, Loss: 0.7536
Epoch: 17, Batch: 330, Acc: 61.87%, Loss: 0.7366
Epoch: 17, Batch: 340, Acc: 61.84%, Loss: 0.7721
Epoch: 17, Batch: 350, Acc: 61.77%, Loss: 0.7870
Epoch: 17, Batch: 360, Acc: 61.74%, Loss: 0.7569
Epoch: 17, Batch: 370, Acc: 61.68%, Loss: 0.8144
Epoch: 17, Batch: 380, Acc: 61.73%, Loss: 0.7478
Epoch: 17, Batch: 390, Acc: 61.83%, Loss: 0.7154
Epoch: 17, Batch: 400, Acc: 61.85%, Loss: 0.7432
Epoch: 17, Batch: 410, Acc: 61.85%, Loss: 0.7704
Epoch: 17, Batch: 420, Acc: 61.78%, Loss: 0.7824
Epoch: 17, Batch: 430, Acc: 61.80%, Loss: 0.7459
Epoch: 17, Batch: 440, Acc: 61.81%, Loss: 0.7475
Epoch: 17, Batch: 450, Acc: 61.83%, Loss: 0.7670
Epoch: 17, Batch: 460, Acc: 61.85%, Loss: 0.7065
Epoch: 17, Batch: 470, Acc: 61.93%, Loss: 0.7266
Epoch: 17, Batch: 480, Acc: 61.93%, Loss: 0.7482
Epoch: 17, Batch: 490, Acc: 61.93%, Loss: 0.7557
Epoch: 17, Batch: 500, Acc: 61.94%, Loss: 0.7517
Epoch: 17, Batch: 510, Acc: 61.98%, Loss: 0.7319
Epoch: 17, Batch: 520, Acc: 62.02%, Loss: 0.7420
Epoch: 17, Batch: 530, Acc: 61.98%, Loss: 0.7906
Epoch: 17, Batch: 540, Acc: 62.01%, Loss: 0.7421
Epoch: 17, Batch: 550, Acc: 62.03%, Loss: 0.7464
Epoch: 17, Batch: 560, Acc: 62.07%, Loss: 0.7441
Epoch: 17, Batch: 570, Acc: 62.08%, Loss: 0.7575
Epoch: 17, Batch: 580, Acc: 62.10%, Loss: 0.7826
Epoch: 17, Batch: 590, Acc: 62.08%, Loss: 0.7461
Epoch: 17, Batch: 600, Acc: 62.09%, Loss: 0.7922
Epoch: 17, Batch: 610, Acc: 62.09%, Loss: 0.7640
Epoch: 17, Batch: 620, Acc: 62.11%, Loss: 0.7703
Epoch: 17, Batch: 630, Acc: 62.12%, Loss: 0.7688
Epoch: 17, Batch: 640, Acc: 62.09%, Loss: 0.7973
Epoch: 17, Batch: 650, Acc: 62.09%, Loss: 0.7555
Epoch: 17, Batch: 660, Acc: 62.07%, Loss: 0.7886
Epoch: 17, Batch: 670, Acc: 62.04%, Loss: 0.7795
Epoch: 17, Batch: 680, Acc: 62.08%, Loss: 0.7236
Epoch: 17, Batch: 690, Acc: 62.07%, Loss: 0.7584
Epoch: 17, Batch: 700, Acc: 62.07%, Loss: 0.7489
Epoch: 17, Batch: 710, Acc: 62.11%, Loss: 0.7072
Epoch: 17, Batch: 720, Acc: 62.17%, Loss: 0.6818
Epoch: 17, Batch: 730, Acc: 62.16%, Loss: 0.7721
Epoch: 17, Batch: 740, Acc: 62.13%, Loss: 0.8025
Epoch: 17, Batch: 750, Acc: 62.14%, Loss: 0.7388
Epoch: 17, Batch: 760, Acc: 62.15%, Loss: 0.7506
Epoch: 17, Batch: 770, Acc: 62.14%, Loss: 0.7543
Epoch: 17, Batch: 780, Acc: 62.15%, Loss: 0.7725
Epoch: 17, Batch: 790, Acc: 62.16%, Loss: 0.7322
Epoch: 17, Batch: 800, Acc: 62.16%, Loss: 0.7383
Epoch: 17, Batch: 810, Acc: 62.12%, Loss: 0.8026
Epoch: 17, Batch: 820, Acc: 62.14%, Loss: 0.7602
Epoch: 17, Batch: 830, Acc: 62.16%, Loss: 0.7500
Epoch: 17, Batch: 840, Acc: 62.14%, Loss: 0.7791
Epoch: 17, Batch: 850, Acc: 62.17%, Loss: 0.7493
Epoch: 17, Batch: 860, Acc: 62.20%, Loss: 0.6846
Epoch: 17, Batch: 870, Acc: 62.18%, Loss: 0.7645
Epoch: 17, Batch: 880, Acc: 62.14%, Loss: 0.7982
Epoch: 17, Batch: 890, Acc: 62.15%, Loss: 0.7392
Epoch: 17, Batch: 900, Acc: 62.17%, Loss: 0.7392
Epoch: 17, Batch: 910, Acc: 62.16%, Loss: 0.7678
Epoch: 17, Batch: 920, Acc: 62.17%, Loss: 0.7599
Epoch: 17, Batch: 930, Acc: 62.17%, Loss: 0.7583
Accuracy on test set: 69.83%, Val loss: 1.1434
Epoch 17: val_acc=69.83, best_val_acc=69.83, es_counter=0
Epoch: 18, Batch: 10, Acc: 58.44%, Loss: 0.8015
Epoch: 18, Batch: 20, Acc: 60.16%, Loss: 0.7464
Epoch: 18, Batch: 30, Acc: 61.20%, Loss: 0.7613
Epoch: 18, Batch: 40, Acc: 61.21%, Loss: 0.7577
Epoch: 18, Batch: 50, Acc: 61.31%, Loss: 0.7764
Epoch: 18, Batch: 60, Acc: 61.12%, Loss: 0.7758
Epoch: 18, Batch: 70, Acc: 61.16%, Loss: 0.7965
Epoch: 18, Batch: 80, Acc: 61.04%, Loss: 0.7478
Epoch: 18, Batch: 90, Acc: 60.94%, Loss: 0.7659
Epoch: 18, Batch: 100, Acc: 60.89%, Loss: 0.7887
Epoch: 18, Batch: 110, Acc: 61.22%, Loss: 0.7346
Epoch: 18, Batch: 120, Acc: 61.47%, Loss: 0.7185
Epoch: 18, Batch: 130, Acc: 61.44%, Loss: 0.7879
Epoch: 18, Batch: 140, Acc: 61.56%, Loss: 0.7640
Epoch: 18, Batch: 150, Acc: 61.57%, Loss: 0.7501
Epoch: 18, Batch: 160, Acc: 61.63%, Loss: 0.7648
Epoch: 18, Batch: 170, Acc: 61.70%, Loss: 0.7859
Epoch: 18, Batch: 180, Acc: 61.88%, Loss: 0.7337
Epoch: 18, Batch: 190, Acc: 61.83%, Loss: 0.7463
Epoch: 18, Batch: 200, Acc: 61.91%, Loss: 0.7234
Epoch: 18, Batch: 210, Acc: 61.98%, Loss: 0.7758
Epoch: 18, Batch: 220, Acc: 62.10%, Loss: 0.7230
Epoch: 18, Batch: 230, Acc: 62.09%, Loss: 0.7786
Epoch: 18, Batch: 240, Acc: 62.04%, Loss: 0.7786
Epoch: 18, Batch: 250, Acc: 62.17%, Loss: 0.7172
Epoch: 18, Batch: 260, Acc: 62.13%, Loss: 0.7596
Epoch: 18, Batch: 270, Acc: 62.18%, Loss: 0.7382
Epoch: 18, Batch: 280, Acc: 62.12%, Loss: 0.7891
Epoch: 18, Batch: 290, Acc: 62.30%, Loss: 0.6960
Epoch: 18, Batch: 300, Acc: 62.30%, Loss: 0.7744
Epoch: 18, Batch: 310, Acc: 62.42%, Loss: 0.7155
Epoch: 18, Batch: 320, Acc: 62.44%, Loss: 0.7246
Epoch: 18, Batch: 330, Acc: 62.45%, Loss: 0.7745
Epoch: 18, Batch: 340, Acc: 62.42%, Loss: 0.7572
Epoch: 18, Batch: 350, Acc: 62.43%, Loss: 0.7235
Epoch: 18, Batch: 360, Acc: 62.42%, Loss: 0.7561
Epoch: 18, Batch: 370, Acc: 62.39%, Loss: 0.7551
Epoch: 18, Batch: 380, Acc: 62.43%, Loss: 0.7468
Epoch: 18, Batch: 390, Acc: 62.42%, Loss: 0.7633
Epoch: 18, Batch: 400, Acc: 62.42%, Loss: 0.7914
Epoch: 18, Batch: 410, Acc: 62.46%, Loss: 0.7318
Epoch: 18, Batch: 420, Acc: 62.40%, Loss: 0.8015
Epoch: 18, Batch: 430, Acc: 62.35%, Loss: 0.7705
Epoch: 18, Batch: 440, Acc: 62.40%, Loss: 0.7463
Epoch: 18, Batch: 450, Acc: 62.43%, Loss: 0.7909
Epoch: 18, Batch: 460, Acc: 62.40%, Loss: 0.7709
Epoch: 18, Batch: 470, Acc: 62.44%, Loss: 0.7204
Epoch: 18, Batch: 480, Acc: 62.48%, Loss: 0.7092
Epoch: 18, Batch: 490, Acc: 62.45%, Loss: 0.7812
Epoch: 18, Batch: 500, Acc: 62.47%, Loss: 0.7371
Epoch: 18, Batch: 510, Acc: 62.50%, Loss: 0.7361
Epoch: 18, Batch: 520, Acc: 62.43%, Loss: 0.7853
Epoch: 18, Batch: 530, Acc: 62.39%, Loss: 0.7764
Epoch: 18, Batch: 540, Acc: 62.41%, Loss: 0.7176
Epoch: 18, Batch: 550, Acc: 62.36%, Loss: 0.7740
Epoch: 18, Batch: 560, Acc: 62.41%, Loss: 0.7658
Epoch: 18, Batch: 570, Acc: 62.37%, Loss: 0.7410
Epoch: 18, Batch: 580, Acc: 62.36%, Loss: 0.7622
Epoch: 18, Batch: 590, Acc: 62.39%, Loss: 0.7297
Epoch: 18, Batch: 600, Acc: 62.39%, Loss: 0.7506
Epoch: 18, Batch: 610, Acc: 62.36%, Loss: 0.8024
Epoch: 18, Batch: 620, Acc: 62.41%, Loss: 0.7087
Epoch: 18, Batch: 630, Acc: 62.42%, Loss: 0.7414
Epoch: 18, Batch: 640, Acc: 62.40%, Loss: 0.7615
Epoch: 18, Batch: 650, Acc: 62.38%, Loss: 0.7604
Epoch: 18, Batch: 660, Acc: 62.36%, Loss: 0.7513
Epoch: 18, Batch: 670, Acc: 62.40%, Loss: 0.7267
Epoch: 18, Batch: 680, Acc: 62.41%, Loss: 0.7654
Epoch: 18, Batch: 690, Acc: 62.41%, Loss: 0.7581
Epoch: 18, Batch: 700, Acc: 62.42%, Loss: 0.7235
Epoch: 18, Batch: 710, Acc: 62.41%, Loss: 0.7489
Epoch: 18, Batch: 720, Acc: 62.41%, Loss: 0.7647
Epoch: 18, Batch: 730, Acc: 62.41%, Loss: 0.7404
Epoch: 18, Batch: 740, Acc: 62.40%, Loss: 0.7600
Epoch: 18, Batch: 750, Acc: 62.42%, Loss: 0.7298
Epoch: 18, Batch: 760, Acc: 62.41%, Loss: 0.7506
Epoch: 18, Batch: 770, Acc: 62.43%, Loss: 0.7616
Epoch: 18, Batch: 780, Acc: 62.47%, Loss: 0.7053
Epoch: 18, Batch: 790, Acc: 62.47%, Loss: 0.7349
Epoch: 18, Batch: 800, Acc: 62.50%, Loss: 0.7548
Epoch: 18, Batch: 810, Acc: 62.51%, Loss: 0.7363
Epoch: 18, Batch: 820, Acc: 62.55%, Loss: 0.7212
Epoch: 18, Batch: 830, Acc: 62.55%, Loss: 0.7278
Epoch: 18, Batch: 840, Acc: 62.52%, Loss: 0.7912
Epoch: 18, Batch: 850, Acc: 62.51%, Loss: 0.7596
Epoch: 18, Batch: 860, Acc: 62.45%, Loss: 0.8025
Epoch: 18, Batch: 870, Acc: 62.44%, Loss: 0.7615
Epoch: 18, Batch: 880, Acc: 62.45%, Loss: 0.7402
Epoch: 18, Batch: 890, Acc: 62.44%, Loss: 0.7753
Epoch: 18, Batch: 900, Acc: 62.41%, Loss: 0.7922
Epoch: 18, Batch: 910, Acc: 62.41%, Loss: 0.7196
Epoch: 18, Batch: 920, Acc: 62.42%, Loss: 0.7648
Epoch: 18, Batch: 930, Acc: 62.41%, Loss: 0.7847
Accuracy on test set: 70.10%, Val loss: 1.1529
Epoch 18: val_acc=70.10, best_val_acc=70.10, es_counter=0
Epoch: 19, Batch: 10, Acc: 61.72%, Loss: 0.7620
Epoch: 19, Batch: 20, Acc: 61.09%, Loss: 0.7699
Epoch: 19, Batch: 30, Acc: 61.09%, Loss: 0.7684
Epoch: 19, Batch: 40, Acc: 61.41%, Loss: 0.7527
Epoch: 19, Batch: 50, Acc: 61.41%, Loss: 0.7581
Epoch: 19, Batch: 60, Acc: 61.61%, Loss: 0.7727
Epoch: 19, Batch: 70, Acc: 61.88%, Loss: 0.7252
Epoch: 19, Batch: 80, Acc: 62.05%, Loss: 0.7471
Epoch: 19, Batch: 90, Acc: 62.41%, Loss: 0.7356
Epoch: 19, Batch: 100, Acc: 62.58%, Loss: 0.7476
Epoch: 19, Batch: 110, Acc: 62.44%, Loss: 0.7371
Epoch: 19, Batch: 120, Acc: 62.33%, Loss: 0.7637
Epoch: 19, Batch: 130, Acc: 62.33%, Loss: 0.7499
Epoch: 19, Batch: 140, Acc: 62.40%, Loss: 0.7389
Epoch: 19, Batch: 150, Acc: 62.57%, Loss: 0.7298
Epoch: 19, Batch: 160, Acc: 62.51%, Loss: 0.7500
Epoch: 19, Batch: 170, Acc: 62.36%, Loss: 0.8108
Epoch: 19, Batch: 180, Acc: 62.40%, Loss: 0.7370
Epoch: 19, Batch: 190, Acc: 62.32%, Loss: 0.7716
Epoch: 19, Batch: 200, Acc: 62.37%, Loss: 0.7235
Epoch: 19, Batch: 210, Acc: 62.49%, Loss: 0.7253
Epoch: 19, Batch: 220, Acc: 62.45%, Loss: 0.7862
Epoch: 19, Batch: 230, Acc: 62.40%, Loss: 0.7692
Epoch: 19, Batch: 240, Acc: 62.36%, Loss: 0.7474
Epoch: 19, Batch: 250, Acc: 62.36%, Loss: 0.7699
Epoch: 19, Batch: 260, Acc: 62.45%, Loss: 0.7282
Epoch: 19, Batch: 270, Acc: 62.47%, Loss: 0.7722
Epoch: 19, Batch: 280, Acc: 62.41%, Loss: 0.7777
Epoch: 19, Batch: 290, Acc: 62.32%, Loss: 0.7625
Epoch: 19, Batch: 300, Acc: 62.32%, Loss: 0.7477
Epoch: 19, Batch: 310, Acc: 62.36%, Loss: 0.7546
Epoch: 19, Batch: 320, Acc: 62.34%, Loss: 0.7872
Epoch: 19, Batch: 330, Acc: 62.29%, Loss: 0.7807
Epoch: 19, Batch: 340, Acc: 62.33%, Loss: 0.7414
Epoch: 19, Batch: 350, Acc: 62.35%, Loss: 0.7629
Epoch: 19, Batch: 360, Acc: 62.35%, Loss: 0.7430
Epoch: 19, Batch: 370, Acc: 62.46%, Loss: 0.6979
Epoch: 19, Batch: 380, Acc: 62.48%, Loss: 0.7522
Epoch: 19, Batch: 390, Acc: 62.50%, Loss: 0.7222
Epoch: 19, Batch: 400, Acc: 62.58%, Loss: 0.7114
Epoch: 19, Batch: 410, Acc: 62.62%, Loss: 0.7151
Epoch: 19, Batch: 420, Acc: 62.62%, Loss: 0.7714
Epoch: 19, Batch: 430, Acc: 62.72%, Loss: 0.6833
Epoch: 19, Batch: 440, Acc: 62.70%, Loss: 0.7554
Epoch: 19, Batch: 450, Acc: 62.68%, Loss: 0.7642
Epoch: 19, Batch: 460, Acc: 62.70%, Loss: 0.7267
Epoch: 19, Batch: 470, Acc: 62.67%, Loss: 0.7677
Epoch: 19, Batch: 480, Acc: 62.72%, Loss: 0.7390
Epoch: 19, Batch: 490, Acc: 62.73%, Loss: 0.7405
Epoch: 19, Batch: 500, Acc: 62.69%, Loss: 0.7665
Epoch: 19, Batch: 510, Acc: 62.61%, Loss: 0.7688
Epoch: 19, Batch: 520, Acc: 62.64%, Loss: 0.7468
Epoch: 19, Batch: 530, Acc: 62.67%, Loss: 0.7548
Epoch: 19, Batch: 540, Acc: 62.65%, Loss: 0.7778
Epoch: 19, Batch: 550, Acc: 62.66%, Loss: 0.7254
Epoch: 19, Batch: 560, Acc: 62.70%, Loss: 0.7344
Epoch: 19, Batch: 570, Acc: 62.69%, Loss: 0.7632
Epoch: 19, Batch: 580, Acc: 62.64%, Loss: 0.7629
Epoch: 19, Batch: 590, Acc: 62.60%, Loss: 0.7584
Epoch: 19, Batch: 600, Acc: 62.57%, Loss: 0.7603
Epoch: 19, Batch: 610, Acc: 62.60%, Loss: 0.7217
Epoch: 19, Batch: 620, Acc: 62.61%, Loss: 0.7881
Epoch: 19, Batch: 630, Acc: 62.60%, Loss: 0.7383
Epoch: 19, Batch: 640, Acc: 62.54%, Loss: 0.7812
Epoch: 19, Batch: 650, Acc: 62.55%, Loss: 0.7397
Epoch: 19, Batch: 660, Acc: 62.54%, Loss: 0.7433
Epoch: 19, Batch: 670, Acc: 62.51%, Loss: 0.7647
Epoch: 19, Batch: 680, Acc: 62.49%, Loss: 0.7724
Epoch: 19, Batch: 690, Acc: 62.48%, Loss: 0.7762
Epoch: 19, Batch: 700, Acc: 62.52%, Loss: 0.7516
Epoch: 19, Batch: 710, Acc: 62.56%, Loss: 0.7087
Epoch: 19, Batch: 720, Acc: 62.53%, Loss: 0.7594
Epoch: 19, Batch: 730, Acc: 62.59%, Loss: 0.7137
Epoch: 19, Batch: 740, Acc: 62.56%, Loss: 0.7851
Epoch: 19, Batch: 750, Acc: 62.56%, Loss: 0.7641
Epoch: 19, Batch: 760, Acc: 62.55%, Loss: 0.7380
Epoch: 19, Batch: 770, Acc: 62.62%, Loss: 0.7018
Epoch: 19, Batch: 780, Acc: 62.60%, Loss: 0.7723
Epoch: 19, Batch: 790, Acc: 62.60%, Loss: 0.7369
Epoch: 19, Batch: 800, Acc: 62.61%, Loss: 0.7331
Epoch: 19, Batch: 810, Acc: 62.60%, Loss: 0.7253
Epoch: 19, Batch: 820, Acc: 62.57%, Loss: 0.7785
Epoch: 19, Batch: 830, Acc: 62.55%, Loss: 0.7701
Epoch: 19, Batch: 840, Acc: 62.54%, Loss: 0.7599
Epoch: 19, Batch: 850, Acc: 62.54%, Loss: 0.7895
Epoch: 19, Batch: 860, Acc: 62.49%, Loss: 0.7968
Epoch: 19, Batch: 870, Acc: 62.51%, Loss: 0.7721
Epoch: 19, Batch: 880, Acc: 62.45%, Loss: 0.7938
Epoch: 19, Batch: 890, Acc: 62.46%, Loss: 0.7470
Epoch: 19, Batch: 900, Acc: 62.49%, Loss: 0.7394
Epoch: 19, Batch: 910, Acc: 62.45%, Loss: 0.7907
Epoch: 19, Batch: 920, Acc: 62.47%, Loss: 0.7432
Epoch: 19, Batch: 930, Acc: 62.47%, Loss: 0.7623
Accuracy on test set: 70.66%, Val loss: 1.1428
Epoch 19: val_acc=70.66, best_val_acc=70.66, es_counter=0
Epoch: 20, Batch: 10, Acc: 63.12%, Loss: 0.7356
Epoch: 20, Batch: 20, Acc: 62.03%, Loss: 0.7785
Epoch: 20, Batch: 30, Acc: 61.15%, Loss: 0.7491
Epoch: 20, Batch: 40, Acc: 61.37%, Loss: 0.7606
Epoch: 20, Batch: 50, Acc: 62.12%, Loss: 0.7359
Epoch: 20, Batch: 60, Acc: 62.03%, Loss: 0.7589
Epoch: 20, Batch: 70, Acc: 62.12%, Loss: 0.7521
Epoch: 20, Batch: 80, Acc: 62.70%, Loss: 0.7517
Epoch: 20, Batch: 90, Acc: 62.50%, Loss: 0.7640
Epoch: 20, Batch: 100, Acc: 62.62%, Loss: 0.7337
Epoch: 20, Batch: 110, Acc: 62.44%, Loss: 0.8048
Epoch: 20, Batch: 120, Acc: 62.68%, Loss: 0.7335
Epoch: 20, Batch: 130, Acc: 62.68%, Loss: 0.7455
Epoch: 20, Batch: 140, Acc: 62.60%, Loss: 0.7656
Epoch: 20, Batch: 150, Acc: 62.59%, Loss: 0.7466
Epoch: 20, Batch: 160, Acc: 62.58%, Loss: 0.7288
Epoch: 20, Batch: 170, Acc: 62.49%, Loss: 0.7647
Epoch: 20, Batch: 180, Acc: 62.51%, Loss: 0.7093
Epoch: 20, Batch: 190, Acc: 62.38%, Loss: 0.7479
Epoch: 20, Batch: 200, Acc: 62.23%, Loss: 0.7869
Epoch: 20, Batch: 210, Acc: 62.43%, Loss: 0.7123
Epoch: 20, Batch: 220, Acc: 62.41%, Loss: 0.7386
Epoch: 20, Batch: 230, Acc: 62.51%, Loss: 0.7210
Epoch: 20, Batch: 240, Acc: 62.45%, Loss: 0.7615
Epoch: 20, Batch: 250, Acc: 62.42%, Loss: 0.7784
Epoch: 20, Batch: 260, Acc: 62.47%, Loss: 0.7612
Epoch: 20, Batch: 270, Acc: 62.45%, Loss: 0.7691
Epoch: 20, Batch: 280, Acc: 62.36%, Loss: 0.7765
Epoch: 20, Batch: 290, Acc: 62.44%, Loss: 0.7440
Epoch: 20, Batch: 300, Acc: 62.34%, Loss: 0.7908
Epoch: 20, Batch: 310, Acc: 62.36%, Loss: 0.7021
Epoch: 20, Batch: 320, Acc: 62.37%, Loss: 0.7390
Epoch: 20, Batch: 330, Acc: 62.42%, Loss: 0.7004
Epoch: 20, Batch: 340, Acc: 62.34%, Loss: 0.7971
Epoch: 20, Batch: 350, Acc: 62.33%, Loss: 0.7910
Epoch: 20, Batch: 360, Acc: 62.39%, Loss: 0.7105
Epoch: 20, Batch: 370, Acc: 62.38%, Loss: 0.7707
Epoch: 20, Batch: 380, Acc: 62.39%, Loss: 0.7208
Epoch: 20, Batch: 390, Acc: 62.39%, Loss: 0.7736
Epoch: 20, Batch: 400, Acc: 62.38%, Loss: 0.7821
Epoch: 20, Batch: 410, Acc: 62.35%, Loss: 0.7794
Epoch: 20, Batch: 420, Acc: 62.49%, Loss: 0.7291
Epoch: 20, Batch: 430, Acc: 62.51%, Loss: 0.7631
Epoch: 20, Batch: 440, Acc: 62.49%, Loss: 0.7376
Epoch: 20, Batch: 450, Acc: 62.47%, Loss: 0.7966
Epoch: 20, Batch: 460, Acc: 62.48%, Loss: 0.7123
Epoch: 20, Batch: 470, Acc: 62.54%, Loss: 0.7479
Epoch: 20, Batch: 480, Acc: 62.58%, Loss: 0.7601
Epoch: 20, Batch: 490, Acc: 62.60%, Loss: 0.7633
Epoch: 20, Batch: 500, Acc: 62.59%, Loss: 0.7669
Epoch: 20, Batch: 510, Acc: 62.56%, Loss: 0.7732
Epoch: 20, Batch: 520, Acc: 62.61%, Loss: 0.7199
Epoch: 20, Batch: 530, Acc: 62.65%, Loss: 0.7412
Epoch: 20, Batch: 540, Acc: 62.63%, Loss: 0.7347
Epoch: 20, Batch: 550, Acc: 62.56%, Loss: 0.7527
Epoch: 20, Batch: 560, Acc: 62.57%, Loss: 0.7397
Epoch: 20, Batch: 570, Acc: 62.55%, Loss: 0.7318
Epoch: 20, Batch: 580, Acc: 62.61%, Loss: 0.7317
Epoch: 20, Batch: 590, Acc: 62.62%, Loss: 0.7619
Epoch: 20, Batch: 600, Acc: 62.53%, Loss: 0.8000
Epoch: 20, Batch: 610, Acc: 62.54%, Loss: 0.7362
Epoch: 20, Batch: 620, Acc: 62.53%, Loss: 0.7630
Epoch: 20, Batch: 630, Acc: 62.51%, Loss: 0.7593
Epoch: 20, Batch: 640, Acc: 62.47%, Loss: 0.7654
Epoch: 20, Batch: 650, Acc: 62.44%, Loss: 0.7681
Epoch: 20, Batch: 660, Acc: 62.42%, Loss: 0.7727
Epoch: 20, Batch: 670, Acc: 62.44%, Loss: 0.7453
Epoch: 20, Batch: 680, Acc: 62.45%, Loss: 0.7132
Epoch: 20, Batch: 690, Acc: 62.44%, Loss: 0.7581
Epoch: 20, Batch: 700, Acc: 62.46%, Loss: 0.7451
Epoch: 20, Batch: 710, Acc: 62.48%, Loss: 0.7591
Epoch: 20, Batch: 720, Acc: 62.49%, Loss: 0.7394
Epoch: 20, Batch: 730, Acc: 62.52%, Loss: 0.7593
Epoch: 20, Batch: 740, Acc: 62.51%, Loss: 0.7533
Epoch: 20, Batch: 750, Acc: 62.51%, Loss: 0.7289
Epoch: 20, Batch: 760, Acc: 62.48%, Loss: 0.7432
Epoch: 20, Batch: 770, Acc: 62.48%, Loss: 0.7476
Epoch: 20, Batch: 780, Acc: 62.48%, Loss: 0.7678
Epoch: 20, Batch: 790, Acc: 62.50%, Loss: 0.7388
Epoch: 20, Batch: 800, Acc: 62.49%, Loss: 0.7372
Epoch: 20, Batch: 810, Acc: 62.47%, Loss: 0.7481
Epoch: 20, Batch: 820, Acc: 62.49%, Loss: 0.7758
Epoch: 20, Batch: 830, Acc: 62.49%, Loss: 0.7545
Epoch: 20, Batch: 840, Acc: 62.50%, Loss: 0.7479
Epoch: 20, Batch: 850, Acc: 62.52%, Loss: 0.7239
Epoch: 20, Batch: 860, Acc: 62.53%, Loss: 0.7508
Epoch: 20, Batch: 870, Acc: 62.53%, Loss: 0.7458
Epoch: 20, Batch: 880, Acc: 62.54%, Loss: 0.7737
Epoch: 20, Batch: 890, Acc: 62.55%, Loss: 0.7327
Epoch: 20, Batch: 900, Acc: 62.58%, Loss: 0.7353
Epoch: 20, Batch: 910, Acc: 62.59%, Loss: 0.7594
Epoch: 20, Batch: 920, Acc: 62.60%, Loss: 0.7383
Epoch: 20, Batch: 930, Acc: 62.63%, Loss: 0.6962
Accuracy on test set: 70.65%, Val loss: 1.1331
Epoch 20: val_acc=70.65, best_val_acc=70.66, es_counter=1
Epoch: 21, Batch: 10, Acc: 65.00%, Loss: 0.7123
Epoch: 21, Batch: 20, Acc: 64.38%, Loss: 0.7305
Epoch: 21, Batch: 30, Acc: 64.11%, Loss: 0.7341
Epoch: 21, Batch: 40, Acc: 63.67%, Loss: 0.7499
Epoch: 21, Batch: 50, Acc: 63.72%, Loss: 0.7095
Epoch: 21, Batch: 60, Acc: 63.26%, Loss: 0.7588
Epoch: 21, Batch: 70, Acc: 63.26%, Loss: 0.7534
Epoch: 21, Batch: 80, Acc: 63.11%, Loss: 0.7523
Epoch: 21, Batch: 90, Acc: 63.14%, Loss: 0.7206
Epoch: 21, Batch: 100, Acc: 63.30%, Loss: 0.7286
Epoch: 21, Batch: 110, Acc: 63.20%, Loss: 0.7548
Epoch: 21, Batch: 120, Acc: 63.16%, Loss: 0.7245
Epoch: 21, Batch: 130, Acc: 63.14%, Loss: 0.7378
Epoch: 21, Batch: 140, Acc: 63.30%, Loss: 0.7032
Epoch: 21, Batch: 150, Acc: 63.32%, Loss: 0.7402
Epoch: 21, Batch: 160, Acc: 63.50%, Loss: 0.7243
Epoch: 21, Batch: 170, Acc: 63.16%, Loss: 0.8288
Epoch: 21, Batch: 180, Acc: 63.12%, Loss: 0.7786
Epoch: 21, Batch: 190, Acc: 63.14%, Loss: 0.6953
Epoch: 21, Batch: 200, Acc: 63.14%, Loss: 0.7505
Epoch: 21, Batch: 210, Acc: 63.26%, Loss: 0.6928
Epoch: 21, Batch: 220, Acc: 63.08%, Loss: 0.7860
Epoch: 21, Batch: 230, Acc: 63.12%, Loss: 0.7397
Epoch: 21, Batch: 240, Acc: 62.98%, Loss: 0.7534
Epoch: 21, Batch: 250, Acc: 62.92%, Loss: 0.7446
Epoch: 21, Batch: 260, Acc: 62.91%, Loss: 0.8091
Epoch: 21, Batch: 270, Acc: 62.88%, Loss: 0.8142
Epoch: 21, Batch: 280, Acc: 62.87%, Loss: 0.7957
Epoch: 21, Batch: 290, Acc: 62.79%, Loss: 0.7547
Epoch: 21, Batch: 300, Acc: 62.83%, Loss: 0.7559
Epoch: 21, Batch: 310, Acc: 62.71%, Loss: 0.8084
Epoch: 21, Batch: 320, Acc: 62.74%, Loss: 0.7463
Epoch: 21, Batch: 330, Acc: 62.69%, Loss: 0.7522
Epoch: 21, Batch: 340, Acc: 62.72%, Loss: 0.7677
Epoch: 21, Batch: 350, Acc: 62.72%, Loss: 0.7468
Epoch: 21, Batch: 360, Acc: 62.84%, Loss: 0.7183
Epoch: 21, Batch: 370, Acc: 62.87%, Loss: 0.7090
Epoch: 21, Batch: 380, Acc: 62.80%, Loss: 0.7723
Epoch: 21, Batch: 390, Acc: 62.81%, Loss: 0.7522
Epoch: 21, Batch: 400, Acc: 62.76%, Loss: 0.7681
Epoch: 21, Batch: 410, Acc: 62.83%, Loss: 0.7145
Epoch: 21, Batch: 420, Acc: 62.76%, Loss: 0.7870
Epoch: 21, Batch: 430, Acc: 62.71%, Loss: 0.7969
Epoch: 21, Batch: 440, Acc: 62.70%, Loss: 0.7551
Epoch: 21, Batch: 450, Acc: 62.68%, Loss: 0.7586
Epoch: 21, Batch: 460, Acc: 62.72%, Loss: 0.7485
Epoch: 21, Batch: 470, Acc: 62.76%, Loss: 0.7189
Epoch: 21, Batch: 480, Acc: 62.76%, Loss: 0.7540
Epoch: 21, Batch: 490, Acc: 62.84%, Loss: 0.7311
Epoch: 21, Batch: 500, Acc: 62.87%, Loss: 0.7336
Epoch: 21, Batch: 510, Acc: 62.90%, Loss: 0.7450
Epoch: 21, Batch: 520, Acc: 62.86%, Loss: 0.7961
Epoch: 21, Batch: 530, Acc: 62.91%, Loss: 0.7471
Epoch: 21, Batch: 540, Acc: 62.87%, Loss: 0.7762
Epoch: 21, Batch: 550, Acc: 62.91%, Loss: 0.7141
Epoch: 21, Batch: 560, Acc: 62.91%, Loss: 0.7552
Epoch: 21, Batch: 570, Acc: 62.91%, Loss: 0.7767
Epoch: 21, Batch: 580, Acc: 62.87%, Loss: 0.7635
Epoch: 21, Batch: 590, Acc: 62.88%, Loss: 0.7458
Epoch: 21, Batch: 600, Acc: 62.90%, Loss: 0.7545
Epoch: 21, Batch: 610, Acc: 62.93%, Loss: 0.7397
Epoch: 21, Batch: 620, Acc: 62.92%, Loss: 0.7491
Epoch: 21, Batch: 630, Acc: 62.96%, Loss: 0.7194
Epoch: 21, Batch: 640, Acc: 62.92%, Loss: 0.7832
Epoch: 21, Batch: 650, Acc: 62.90%, Loss: 0.7648
Epoch: 21, Batch: 660, Acc: 62.87%, Loss: 0.7831
Epoch: 21, Batch: 670, Acc: 62.87%, Loss: 0.7191
Epoch: 21, Batch: 680, Acc: 62.89%, Loss: 0.7291
Epoch: 21, Batch: 690, Acc: 62.92%, Loss: 0.7072
Epoch: 21, Batch: 700, Acc: 62.96%, Loss: 0.6987
Epoch: 21, Batch: 710, Acc: 63.01%, Loss: 0.7131
Epoch: 21, Batch: 720, Acc: 62.99%, Loss: 0.7609
Epoch: 21, Batch: 730, Acc: 63.02%, Loss: 0.7135
Epoch: 21, Batch: 740, Acc: 63.02%, Loss: 0.7604
Epoch: 21, Batch: 750, Acc: 63.01%, Loss: 0.7747
Epoch: 21, Batch: 760, Acc: 63.03%, Loss: 0.7302
Epoch: 21, Batch: 770, Acc: 63.02%, Loss: 0.7515
Epoch: 21, Batch: 780, Acc: 63.03%, Loss: 0.7538
Epoch: 21, Batch: 790, Acc: 63.01%, Loss: 0.7664
Epoch: 21, Batch: 800, Acc: 62.97%, Loss: 0.7836
Epoch: 21, Batch: 810, Acc: 62.98%, Loss: 0.7725
Epoch: 21, Batch: 820, Acc: 63.00%, Loss: 0.7242
Epoch: 21, Batch: 830, Acc: 63.00%, Loss: 0.7474
Epoch: 21, Batch: 840, Acc: 63.00%, Loss: 0.7016
Epoch: 21, Batch: 850, Acc: 62.98%, Loss: 0.7352
Epoch: 21, Batch: 860, Acc: 62.96%, Loss: 0.7505
Epoch: 21, Batch: 870, Acc: 62.96%, Loss: 0.7544
Epoch: 21, Batch: 880, Acc: 62.91%, Loss: 0.7927
Epoch: 21, Batch: 890, Acc: 62.90%, Loss: 0.7769
Epoch: 21, Batch: 900, Acc: 62.92%, Loss: 0.7300
Epoch: 21, Batch: 910, Acc: 62.94%, Loss: 0.7414
Epoch: 21, Batch: 920, Acc: 62.93%, Loss: 0.7464
Epoch: 21, Batch: 930, Acc: 62.97%, Loss: 0.6975
Accuracy on test set: 71.04%, Val loss: 1.1373
Epoch 21: val_acc=71.04, best_val_acc=71.04, es_counter=0
Epoch: 22, Batch: 10, Acc: 64.84%, Loss: 0.7485
Epoch: 22, Batch: 20, Acc: 62.58%, Loss: 0.7866
Epoch: 22, Batch: 30, Acc: 63.12%, Loss: 0.7428
Epoch: 22, Batch: 40, Acc: 63.09%, Loss: 0.7434
Epoch: 22, Batch: 50, Acc: 63.25%, Loss: 0.7456
Epoch: 22, Batch: 60, Acc: 63.33%, Loss: 0.7688
Epoch: 22, Batch: 70, Acc: 63.21%, Loss: 0.7119
Epoch: 22, Batch: 80, Acc: 63.46%, Loss: 0.7600
Epoch: 22, Batch: 90, Acc: 63.66%, Loss: 0.7206
Epoch: 22, Batch: 100, Acc: 63.77%, Loss: 0.7322
Epoch: 22, Batch: 110, Acc: 63.54%, Loss: 0.7767
Epoch: 22, Batch: 120, Acc: 63.44%, Loss: 0.7484
Epoch: 22, Batch: 130, Acc: 63.50%, Loss: 0.7502
Epoch: 22, Batch: 140, Acc: 63.58%, Loss: 0.7215
Epoch: 22, Batch: 150, Acc: 63.46%, Loss: 0.7484
Epoch: 22, Batch: 160, Acc: 63.44%, Loss: 0.7450
Epoch: 22, Batch: 170, Acc: 63.44%, Loss: 0.7204
Epoch: 22, Batch: 180, Acc: 63.81%, Loss: 0.6631
Epoch: 22, Batch: 190, Acc: 63.58%, Loss: 0.7961
Epoch: 22, Batch: 200, Acc: 63.51%, Loss: 0.7348
Epoch: 22, Batch: 210, Acc: 63.41%, Loss: 0.7639
Epoch: 22, Batch: 220, Acc: 63.32%, Loss: 0.7493
Epoch: 22, Batch: 230, Acc: 63.29%, Loss: 0.7184
Epoch: 22, Batch: 240, Acc: 63.20%, Loss: 0.7607
Epoch: 22, Batch: 250, Acc: 63.09%, Loss: 0.7815
Epoch: 22, Batch: 260, Acc: 63.08%, Loss: 0.7736
Epoch: 22, Batch: 270, Acc: 63.07%, Loss: 0.7370
Epoch: 22, Batch: 280, Acc: 63.10%, Loss: 0.7468
Epoch: 22, Batch: 290, Acc: 63.18%, Loss: 0.6914
Epoch: 22, Batch: 300, Acc: 63.22%, Loss: 0.7423
Epoch: 22, Batch: 310, Acc: 63.22%, Loss: 0.7540
Epoch: 22, Batch: 320, Acc: 63.28%, Loss: 0.7150
Epoch: 22, Batch: 330, Acc: 63.22%, Loss: 0.7526
Epoch: 22, Batch: 340, Acc: 63.15%, Loss: 0.7866
Epoch: 22, Batch: 350, Acc: 63.14%, Loss: 0.7358
Epoch: 22, Batch: 360, Acc: 63.14%, Loss: 0.7263
Epoch: 22, Batch: 370, Acc: 63.09%, Loss: 0.7493
Epoch: 22, Batch: 380, Acc: 63.13%, Loss: 0.7275
Epoch: 22, Batch: 390, Acc: 63.19%, Loss: 0.7251
Epoch: 22, Batch: 400, Acc: 63.27%, Loss: 0.7071
Epoch: 22, Batch: 410, Acc: 63.21%, Loss: 0.7683
Epoch: 22, Batch: 420, Acc: 63.15%, Loss: 0.7685
Epoch: 22, Batch: 430, Acc: 63.04%, Loss: 0.7834
Epoch: 22, Batch: 440, Acc: 63.13%, Loss: 0.7093
Epoch: 22, Batch: 450, Acc: 63.12%, Loss: 0.7730
Epoch: 22, Batch: 460, Acc: 63.15%, Loss: 0.7409
Epoch: 22, Batch: 470, Acc: 63.13%, Loss: 0.7577
Epoch: 22, Batch: 480, Acc: 63.13%, Loss: 0.7689
Epoch: 22, Batch: 490, Acc: 63.11%, Loss: 0.7635
Epoch: 22, Batch: 500, Acc: 63.03%, Loss: 0.7875
Epoch: 22, Batch: 510, Acc: 62.96%, Loss: 0.7782
Epoch: 22, Batch: 520, Acc: 62.99%, Loss: 0.7454
Epoch: 22, Batch: 530, Acc: 63.04%, Loss: 0.6968
Epoch: 22, Batch: 540, Acc: 63.06%, Loss: 0.7329
Epoch: 22, Batch: 550, Acc: 63.05%, Loss: 0.7607
Epoch: 22, Batch: 560, Acc: 63.04%, Loss: 0.7717
Epoch: 22, Batch: 570, Acc: 63.03%, Loss: 0.7589
Epoch: 22, Batch: 580, Acc: 63.02%, Loss: 0.7636
Epoch: 22, Batch: 590, Acc: 63.05%, Loss: 0.7536
Epoch: 22, Batch: 600, Acc: 63.06%, Loss: 0.7345
Epoch: 22, Batch: 610, Acc: 62.99%, Loss: 0.7770
Epoch: 22, Batch: 620, Acc: 63.00%, Loss: 0.7348
Epoch: 22, Batch: 630, Acc: 62.97%, Loss: 0.7756
Epoch: 22, Batch: 640, Acc: 62.96%, Loss: 0.7431
Epoch: 22, Batch: 650, Acc: 62.96%, Loss: 0.7503
Epoch: 22, Batch: 660, Acc: 62.97%, Loss: 0.7258
Epoch: 22, Batch: 670, Acc: 63.02%, Loss: 0.7022
Epoch: 22, Batch: 680, Acc: 62.98%, Loss: 0.7955
Epoch: 22, Batch: 690, Acc: 62.95%, Loss: 0.7707
Epoch: 22, Batch: 700, Acc: 62.98%, Loss: 0.7408
Epoch: 22, Batch: 710, Acc: 63.00%, Loss: 0.7251
Epoch: 22, Batch: 720, Acc: 63.00%, Loss: 0.7344
Epoch: 22, Batch: 730, Acc: 63.02%, Loss: 0.7031
Epoch: 22, Batch: 740, Acc: 62.99%, Loss: 0.7823
Epoch: 22, Batch: 750, Acc: 62.98%, Loss: 0.7261
Epoch: 22, Batch: 760, Acc: 63.00%, Loss: 0.7304
Epoch: 22, Batch: 770, Acc: 62.99%, Loss: 0.7521
Epoch: 22, Batch: 780, Acc: 63.00%, Loss: 0.7471
Epoch: 22, Batch: 790, Acc: 62.96%, Loss: 0.7384
Epoch: 22, Batch: 800, Acc: 62.94%, Loss: 0.7517
Epoch: 22, Batch: 810, Acc: 62.88%, Loss: 0.7956
Epoch: 22, Batch: 820, Acc: 62.92%, Loss: 0.7163
Epoch: 22, Batch: 830, Acc: 62.93%, Loss: 0.7473
Epoch: 22, Batch: 840, Acc: 62.95%, Loss: 0.7122
Epoch: 22, Batch: 850, Acc: 62.93%, Loss: 0.7619
Epoch: 22, Batch: 860, Acc: 62.91%, Loss: 0.7730
Epoch: 22, Batch: 870, Acc: 62.87%, Loss: 0.7874
Epoch: 22, Batch: 880, Acc: 62.90%, Loss: 0.7292
Epoch: 22, Batch: 890, Acc: 62.90%, Loss: 0.7937
Epoch: 22, Batch: 900, Acc: 62.93%, Loss: 0.7341
Epoch: 22, Batch: 910, Acc: 62.92%, Loss: 0.7605
Epoch: 22, Batch: 920, Acc: 62.98%, Loss: 0.6757
Epoch: 22, Batch: 930, Acc: 62.95%, Loss: 0.7726
Accuracy on test set: 71.30%, Val loss: 1.1314
Epoch 22: val_acc=71.30, best_val_acc=71.30, es_counter=0
Epoch: 23, Batch: 10, Acc: 62.34%, Loss: 0.7670
Epoch: 23, Batch: 20, Acc: 63.05%, Loss: 0.7291
Epoch: 23, Batch: 30, Acc: 63.39%, Loss: 0.7115
Epoch: 23, Batch: 40, Acc: 63.48%, Loss: 0.7322
Epoch: 23, Batch: 50, Acc: 63.41%, Loss: 0.7463
Epoch: 23, Batch: 60, Acc: 63.15%, Loss: 0.7480
Epoch: 23, Batch: 70, Acc: 63.04%, Loss: 0.7625
Epoch: 23, Batch: 80, Acc: 62.87%, Loss: 0.7470
Epoch: 23, Batch: 90, Acc: 62.60%, Loss: 0.7898
Epoch: 23, Batch: 100, Acc: 62.66%, Loss: 0.7609
Epoch: 23, Batch: 110, Acc: 62.66%, Loss: 0.7788
Epoch: 23, Batch: 120, Acc: 62.59%, Loss: 0.7716
Epoch: 23, Batch: 130, Acc: 62.45%, Loss: 0.8100
Epoch: 23, Batch: 140, Acc: 62.44%, Loss: 0.7219
Epoch: 23, Batch: 150, Acc: 62.70%, Loss: 0.6990
Epoch: 23, Batch: 160, Acc: 62.79%, Loss: 0.7001
Epoch: 23, Batch: 170, Acc: 62.90%, Loss: 0.7541
Epoch: 23, Batch: 180, Acc: 63.01%, Loss: 0.7306
Epoch: 23, Batch: 190, Acc: 63.08%, Loss: 0.7237
Epoch: 23, Batch: 200, Acc: 63.18%, Loss: 0.7421
Epoch: 23, Batch: 210, Acc: 62.98%, Loss: 0.7455
Epoch: 23, Batch: 220, Acc: 63.09%, Loss: 0.7499
Epoch: 23, Batch: 230, Acc: 63.05%, Loss: 0.7588
Epoch: 23, Batch: 240, Acc: 63.12%, Loss: 0.6952
Epoch: 23, Batch: 250, Acc: 63.12%, Loss: 0.7396
Epoch: 23, Batch: 260, Acc: 63.00%, Loss: 0.7885
Epoch: 23, Batch: 270, Acc: 62.97%, Loss: 0.7457
Epoch: 23, Batch: 280, Acc: 63.00%, Loss: 0.7675
Epoch: 23, Batch: 290, Acc: 63.03%, Loss: 0.7427
Epoch: 23, Batch: 300, Acc: 63.03%, Loss: 0.7550
Epoch: 23, Batch: 310, Acc: 63.11%, Loss: 0.7229
Epoch: 23, Batch: 320, Acc: 63.15%, Loss: 0.7394
Epoch: 23, Batch: 330, Acc: 63.26%, Loss: 0.7038
Epoch: 23, Batch: 340, Acc: 63.25%, Loss: 0.7352
Epoch: 23, Batch: 350, Acc: 63.25%, Loss: 0.7241
Epoch: 23, Batch: 360, Acc: 63.19%, Loss: 0.7342
Epoch: 23, Batch: 370, Acc: 63.10%, Loss: 0.7456
Epoch: 23, Batch: 380, Acc: 63.08%, Loss: 0.7135
Epoch: 23, Batch: 390, Acc: 63.10%, Loss: 0.7304
Epoch: 23, Batch: 400, Acc: 63.16%, Loss: 0.7100
Epoch: 23, Batch: 410, Acc: 63.17%, Loss: 0.7434
Epoch: 23, Batch: 420, Acc: 63.14%, Loss: 0.7744
Epoch: 23, Batch: 430, Acc: 63.13%, Loss: 0.7651
Epoch: 23, Batch: 440, Acc: 63.10%, Loss: 0.7860
Epoch: 23, Batch: 450, Acc: 63.09%, Loss: 0.7715
Epoch: 23, Batch: 460, Acc: 63.08%, Loss: 0.7668
Epoch: 23, Batch: 470, Acc: 63.06%, Loss: 0.7301
Epoch: 23, Batch: 480, Acc: 63.03%, Loss: 0.7542
Epoch: 23, Batch: 490, Acc: 63.01%, Loss: 0.7544
Epoch: 23, Batch: 500, Acc: 63.04%, Loss: 0.7305
Epoch: 23, Batch: 510, Acc: 63.00%, Loss: 0.7613
Epoch: 23, Batch: 520, Acc: 63.02%, Loss: 0.7388
Epoch: 23, Batch: 530, Acc: 63.02%, Loss: 0.7410
Epoch: 23, Batch: 540, Acc: 62.98%, Loss: 0.8069
Epoch: 23, Batch: 550, Acc: 63.00%, Loss: 0.7417
Epoch: 23, Batch: 560, Acc: 62.99%, Loss: 0.7340
Epoch: 23, Batch: 570, Acc: 62.99%, Loss: 0.7328
Epoch: 23, Batch: 580, Acc: 63.05%, Loss: 0.6991
Epoch: 23, Batch: 590, Acc: 63.13%, Loss: 0.6987
Epoch: 23, Batch: 600, Acc: 63.14%, Loss: 0.7521
Epoch: 23, Batch: 610, Acc: 63.11%, Loss: 0.7703
Epoch: 23, Batch: 620, Acc: 63.13%, Loss: 0.7390
Epoch: 23, Batch: 630, Acc: 63.13%, Loss: 0.7547
Epoch: 23, Batch: 640, Acc: 63.18%, Loss: 0.6987
Epoch: 23, Batch: 650, Acc: 63.16%, Loss: 0.7235
Epoch: 23, Batch: 660, Acc: 63.17%, Loss: 0.7605
Epoch: 23, Batch: 670, Acc: 63.19%, Loss: 0.7390
Epoch: 23, Batch: 680, Acc: 63.16%, Loss: 0.7684
Epoch: 23, Batch: 690, Acc: 63.11%, Loss: 0.7863
Epoch: 23, Batch: 700, Acc: 63.14%, Loss: 0.7037
Epoch: 23, Batch: 710, Acc: 63.11%, Loss: 0.7831
Epoch: 23, Batch: 720, Acc: 63.19%, Loss: 0.6777
Epoch: 23, Batch: 730, Acc: 63.20%, Loss: 0.7443
Epoch: 23, Batch: 740, Acc: 63.20%, Loss: 0.7634
Epoch: 23, Batch: 750, Acc: 63.17%, Loss: 0.7719
Epoch: 23, Batch: 760, Acc: 63.15%, Loss: 0.7470
Epoch: 23, Batch: 770, Acc: 63.13%, Loss: 0.7516
Epoch: 23, Batch: 780, Acc: 63.13%, Loss: 0.7581
Epoch: 23, Batch: 790, Acc: 63.13%, Loss: 0.7398
Epoch: 23, Batch: 800, Acc: 63.14%, Loss: 0.7502
Epoch: 23, Batch: 810, Acc: 63.17%, Loss: 0.7035
Epoch: 23, Batch: 820, Acc: 63.11%, Loss: 0.7564
Epoch: 23, Batch: 830, Acc: 63.10%, Loss: 0.7512
Epoch: 23, Batch: 840, Acc: 63.10%, Loss: 0.7417
Epoch: 23, Batch: 850, Acc: 63.08%, Loss: 0.7741
Epoch: 23, Batch: 860, Acc: 63.09%, Loss: 0.7567
Epoch: 23, Batch: 870, Acc: 63.08%, Loss: 0.7799
Epoch: 23, Batch: 880, Acc: 63.05%, Loss: 0.7901
Epoch: 23, Batch: 890, Acc: 63.10%, Loss: 0.7168
Epoch: 23, Batch: 900, Acc: 63.09%, Loss: 0.7777
Epoch: 23, Batch: 910, Acc: 63.06%, Loss: 0.7633
Epoch: 23, Batch: 920, Acc: 63.09%, Loss: 0.7110
Epoch: 23, Batch: 930, Acc: 63.10%, Loss: 0.7468
Accuracy on test set: 71.03%, Val loss: 1.1258
Epoch 23: val_acc=71.03, best_val_acc=71.30, es_counter=1
Epoch: 24, Batch: 10, Acc: 62.97%, Loss: 0.7478
Epoch: 24, Batch: 20, Acc: 63.67%, Loss: 0.7157
Epoch: 24, Batch: 30, Acc: 63.28%, Loss: 0.7639
Epoch: 24, Batch: 40, Acc: 63.12%, Loss: 0.7392
Epoch: 24, Batch: 50, Acc: 63.69%, Loss: 0.7028
Epoch: 24, Batch: 60, Acc: 63.36%, Loss: 0.7259
Epoch: 24, Batch: 70, Acc: 63.57%, Loss: 0.7359
Epoch: 24, Batch: 80, Acc: 63.34%, Loss: 0.7151
Epoch: 24, Batch: 90, Acc: 63.14%, Loss: 0.7454
Epoch: 24, Batch: 100, Acc: 63.02%, Loss: 0.8143
Epoch: 24, Batch: 110, Acc: 63.11%, Loss: 0.7420
Epoch: 24, Batch: 120, Acc: 63.29%, Loss: 0.7205
Epoch: 24, Batch: 130, Acc: 63.25%, Loss: 0.7345
Epoch: 24, Batch: 140, Acc: 63.25%, Loss: 0.7508
Epoch: 24, Batch: 150, Acc: 63.26%, Loss: 0.7075
Epoch: 24, Batch: 160, Acc: 63.13%, Loss: 0.7238
Epoch: 24, Batch: 170, Acc: 63.24%, Loss: 0.7186
Epoch: 24, Batch: 180, Acc: 63.12%, Loss: 0.7352
Epoch: 24, Batch: 190, Acc: 63.22%, Loss: 0.7144
Epoch: 24, Batch: 200, Acc: 63.10%, Loss: 0.7663
Epoch: 24, Batch: 210, Acc: 63.12%, Loss: 0.7548
Epoch: 24, Batch: 220, Acc: 63.10%, Loss: 0.7183
Epoch: 24, Batch: 230, Acc: 63.08%, Loss: 0.7230
Epoch: 24, Batch: 240, Acc: 63.12%, Loss: 0.7250
Epoch: 24, Batch: 250, Acc: 63.12%, Loss: 0.7417
Epoch: 24, Batch: 260, Acc: 63.11%, Loss: 0.7605
Epoch: 24, Batch: 270, Acc: 63.06%, Loss: 0.7656
Epoch: 24, Batch: 280, Acc: 63.11%, Loss: 0.7295
Epoch: 24, Batch: 290, Acc: 63.27%, Loss: 0.7215
Epoch: 24, Batch: 300, Acc: 63.21%, Loss: 0.7706
Epoch: 24, Batch: 310, Acc: 63.29%, Loss: 0.7232
Epoch: 24, Batch: 320, Acc: 63.18%, Loss: 0.8073
Epoch: 24, Batch: 330, Acc: 63.22%, Loss: 0.7485
Epoch: 24, Batch: 340, Acc: 63.15%, Loss: 0.7891
Epoch: 24, Batch: 350, Acc: 63.10%, Loss: 0.7989
Epoch: 24, Batch: 360, Acc: 63.12%, Loss: 0.7464
Epoch: 24, Batch: 370, Acc: 63.08%, Loss: 0.7647
Epoch: 24, Batch: 380, Acc: 63.05%, Loss: 0.7532
Epoch: 24, Batch: 390, Acc: 63.15%, Loss: 0.6890
Epoch: 24, Batch: 400, Acc: 63.24%, Loss: 0.6857
Epoch: 24, Batch: 410, Acc: 63.25%, Loss: 0.7097
Epoch: 24, Batch: 420, Acc: 63.26%, Loss: 0.7664
Epoch: 24, Batch: 430, Acc: 63.27%, Loss: 0.8087
Epoch: 24, Batch: 440, Acc: 63.20%, Loss: 0.7615
Epoch: 24, Batch: 450, Acc: 63.12%, Loss: 0.8025
Epoch: 24, Batch: 460, Acc: 63.07%, Loss: 0.7957
Epoch: 24, Batch: 470, Acc: 63.07%, Loss: 0.7641
Epoch: 24, Batch: 480, Acc: 63.03%, Loss: 0.7779
Epoch: 24, Batch: 490, Acc: 63.00%, Loss: 0.7644
Epoch: 24, Batch: 500, Acc: 62.96%, Loss: 0.7821
Epoch: 24, Batch: 510, Acc: 62.97%, Loss: 0.7813
Epoch: 24, Batch: 520, Acc: 62.99%, Loss: 0.7377
Epoch: 24, Batch: 530, Acc: 62.99%, Loss: 0.7517
Epoch: 24, Batch: 540, Acc: 62.96%, Loss: 0.7603
Epoch: 24, Batch: 550, Acc: 62.97%, Loss: 0.7581
Epoch: 24, Batch: 560, Acc: 63.02%, Loss: 0.6915
Epoch: 24, Batch: 570, Acc: 62.99%, Loss: 0.7576
Epoch: 24, Batch: 580, Acc: 62.99%, Loss: 0.7805
Epoch: 24, Batch: 590, Acc: 63.01%, Loss: 0.7322
Epoch: 24, Batch: 600, Acc: 63.02%, Loss: 0.7187
Epoch: 24, Batch: 610, Acc: 63.08%, Loss: 0.7141
Epoch: 24, Batch: 620, Acc: 63.07%, Loss: 0.7569
Epoch: 24, Batch: 630, Acc: 63.08%, Loss: 0.7186
Epoch: 24, Batch: 640, Acc: 63.15%, Loss: 0.6987
Epoch: 24, Batch: 650, Acc: 63.15%, Loss: 0.7318
Epoch: 24, Batch: 660, Acc: 63.12%, Loss: 0.7780
Epoch: 24, Batch: 670, Acc: 63.14%, Loss: 0.6924
Epoch: 24, Batch: 680, Acc: 63.12%, Loss: 0.7579
Epoch: 24, Batch: 690, Acc: 63.14%, Loss: 0.7453
Epoch: 24, Batch: 700, Acc: 63.15%, Loss: 0.6973
Epoch: 24, Batch: 710, Acc: 63.19%, Loss: 0.6989
Epoch: 24, Batch: 720, Acc: 63.17%, Loss: 0.7450
Epoch: 24, Batch: 730, Acc: 63.19%, Loss: 0.7102
Epoch: 24, Batch: 740, Acc: 63.23%, Loss: 0.6932
Epoch: 24, Batch: 750, Acc: 63.22%, Loss: 0.7486
Epoch: 24, Batch: 760, Acc: 63.17%, Loss: 0.7746
Epoch: 24, Batch: 770, Acc: 63.20%, Loss: 0.7041
Epoch: 24, Batch: 780, Acc: 63.23%, Loss: 0.7153
Epoch: 24, Batch: 790, Acc: 63.24%, Loss: 0.7509
Epoch: 24, Batch: 800, Acc: 63.21%, Loss: 0.7533
Epoch: 24, Batch: 810, Acc: 63.23%, Loss: 0.7148
Epoch: 24, Batch: 820, Acc: 63.17%, Loss: 0.7862
Epoch: 24, Batch: 830, Acc: 63.19%, Loss: 0.7130
Epoch: 24, Batch: 840, Acc: 63.20%, Loss: 0.7543
Epoch: 24, Batch: 850, Acc: 63.19%, Loss: 0.7666
Epoch: 24, Batch: 860, Acc: 63.19%, Loss: 0.7419
Epoch: 24, Batch: 870, Acc: 63.21%, Loss: 0.7221
Epoch: 24, Batch: 880, Acc: 63.23%, Loss: 0.7523
Epoch: 24, Batch: 890, Acc: 63.26%, Loss: 0.7464
Epoch: 24, Batch: 900, Acc: 63.26%, Loss: 0.7781
Epoch: 24, Batch: 910, Acc: 63.24%, Loss: 0.7838
Epoch: 24, Batch: 920, Acc: 63.26%, Loss: 0.7586
Epoch: 24, Batch: 930, Acc: 63.27%, Loss: 0.7527
Accuracy on test set: 71.17%, Val loss: 1.1266
Epoch 24: val_acc=71.17, best_val_acc=71.30, es_counter=2
Epoch: 25, Batch: 10, Acc: 64.69%, Loss: 0.7357
Epoch: 25, Batch: 20, Acc: 65.08%, Loss: 0.7369
Epoch: 25, Batch: 30, Acc: 65.16%, Loss: 0.7335
Epoch: 25, Batch: 40, Acc: 64.57%, Loss: 0.7500
Epoch: 25, Batch: 50, Acc: 63.78%, Loss: 0.8113
Epoch: 25, Batch: 60, Acc: 63.72%, Loss: 0.7263
Epoch: 25, Batch: 70, Acc: 63.73%, Loss: 0.7189
Epoch: 25, Batch: 80, Acc: 63.79%, Loss: 0.7313
Epoch: 25, Batch: 90, Acc: 63.96%, Loss: 0.7196
Epoch: 25, Batch: 100, Acc: 64.11%, Loss: 0.7256
Epoch: 25, Batch: 110, Acc: 64.06%, Loss: 0.7215
Epoch: 25, Batch: 120, Acc: 64.08%, Loss: 0.7473
Epoch: 25, Batch: 130, Acc: 64.00%, Loss: 0.7657
Epoch: 25, Batch: 140, Acc: 64.01%, Loss: 0.7149
Epoch: 25, Batch: 150, Acc: 63.80%, Loss: 0.7784
Epoch: 25, Batch: 160, Acc: 63.73%, Loss: 0.7239
Epoch: 25, Batch: 170, Acc: 63.61%, Loss: 0.7498
Epoch: 25, Batch: 180, Acc: 63.61%, Loss: 0.7325
Epoch: 25, Batch: 190, Acc: 63.59%, Loss: 0.7232
Epoch: 25, Batch: 200, Acc: 63.62%, Loss: 0.7475
Epoch: 25, Batch: 210, Acc: 63.51%, Loss: 0.7492
Epoch: 25, Batch: 220, Acc: 63.53%, Loss: 0.7197
Epoch: 25, Batch: 230, Acc: 63.33%, Loss: 0.7875
Epoch: 25, Batch: 240, Acc: 63.44%, Loss: 0.7720
Epoch: 25, Batch: 250, Acc: 63.48%, Loss: 0.7335
Epoch: 25, Batch: 260, Acc: 63.30%, Loss: 0.7764
Epoch: 25, Batch: 270, Acc: 63.28%, Loss: 0.7487
Epoch: 25, Batch: 280, Acc: 63.26%, Loss: 0.7404
Epoch: 25, Batch: 290, Acc: 63.30%, Loss: 0.7294
Epoch: 25, Batch: 300, Acc: 63.36%, Loss: 0.7239
Epoch: 25, Batch: 310, Acc: 63.38%, Loss: 0.7513
Epoch: 25, Batch: 320, Acc: 63.27%, Loss: 0.8040
Epoch: 25, Batch: 330, Acc: 63.30%, Loss: 0.7478
Epoch: 25, Batch: 340, Acc: 63.26%, Loss: 0.7885
Epoch: 25, Batch: 350, Acc: 63.32%, Loss: 0.6974
Epoch: 25, Batch: 360, Acc: 63.30%, Loss: 0.7400
Epoch: 25, Batch: 370, Acc: 63.35%, Loss: 0.7209
Epoch: 25, Batch: 380, Acc: 63.40%, Loss: 0.7229
Epoch: 25, Batch: 390, Acc: 63.43%, Loss: 0.7301
Epoch: 25, Batch: 400, Acc: 63.35%, Loss: 0.8079
Epoch: 25, Batch: 410, Acc: 63.35%, Loss: 0.7238
Epoch: 25, Batch: 420, Acc: 63.39%, Loss: 0.7032
Epoch: 25, Batch: 430, Acc: 63.42%, Loss: 0.7309
Epoch: 25, Batch: 440, Acc: 63.39%, Loss: 0.7331
Epoch: 25, Batch: 450, Acc: 63.38%, Loss: 0.7280
Epoch: 25, Batch: 460, Acc: 63.39%, Loss: 0.7289
Epoch: 25, Batch: 470, Acc: 63.29%, Loss: 0.7626
Epoch: 25, Batch: 480, Acc: 63.28%, Loss: 0.7460
Epoch: 25, Batch: 490, Acc: 63.23%, Loss: 0.7687
Epoch: 25, Batch: 500, Acc: 63.28%, Loss: 0.7283
Epoch: 25, Batch: 510, Acc: 63.28%, Loss: 0.7518
Epoch: 25, Batch: 520, Acc: 63.25%, Loss: 0.7769
Epoch: 25, Batch: 530, Acc: 63.25%, Loss: 0.7325
Epoch: 25, Batch: 540, Acc: 63.22%, Loss: 0.7402
Epoch: 25, Batch: 550, Acc: 63.22%, Loss: 0.7536
Epoch: 25, Batch: 560, Acc: 63.32%, Loss: 0.7112
Epoch: 25, Batch: 570, Acc: 63.27%, Loss: 0.8010
Epoch: 25, Batch: 580, Acc: 63.23%, Loss: 0.7556
Epoch: 25, Batch: 590, Acc: 63.24%, Loss: 0.7575
Epoch: 25, Batch: 600, Acc: 63.24%, Loss: 0.7483
Epoch: 25, Batch: 610, Acc: 63.21%, Loss: 0.7489
Epoch: 25, Batch: 620, Acc: 63.22%, Loss: 0.7426
Epoch: 25, Batch: 630, Acc: 63.22%, Loss: 0.7557
Epoch: 25, Batch: 640, Acc: 63.23%, Loss: 0.7551
Epoch: 25, Batch: 650, Acc: 63.26%, Loss: 0.7053
Epoch: 25, Batch: 660, Acc: 63.24%, Loss: 0.7668
Epoch: 25, Batch: 670, Acc: 63.24%, Loss: 0.7407
Epoch: 25, Batch: 680, Acc: 63.23%, Loss: 0.7275
Epoch: 25, Batch: 690, Acc: 63.23%, Loss: 0.7827
Epoch: 25, Batch: 700, Acc: 63.25%, Loss: 0.7250
Epoch: 25, Batch: 710, Acc: 63.24%, Loss: 0.7827
Epoch: 25, Batch: 720, Acc: 63.27%, Loss: 0.7216
Epoch: 25, Batch: 730, Acc: 63.29%, Loss: 0.7148
Epoch: 25, Batch: 740, Acc: 63.31%, Loss: 0.7330
Epoch: 25, Batch: 750, Acc: 63.31%, Loss: 0.7737
Epoch: 25, Batch: 760, Acc: 63.30%, Loss: 0.7240
Epoch: 25, Batch: 770, Acc: 63.35%, Loss: 0.6936
Epoch: 25, Batch: 780, Acc: 63.35%, Loss: 0.7607
Epoch: 25, Batch: 790, Acc: 63.36%, Loss: 0.7493
Epoch: 25, Batch: 800, Acc: 63.39%, Loss: 0.7199
Epoch: 25, Batch: 810, Acc: 63.39%, Loss: 0.7472
Epoch: 25, Batch: 820, Acc: 63.41%, Loss: 0.7027
Epoch: 25, Batch: 830, Acc: 63.40%, Loss: 0.7492
Epoch: 25, Batch: 840, Acc: 63.39%, Loss: 0.7796
Epoch: 25, Batch: 850, Acc: 63.37%, Loss: 0.7689
Epoch: 25, Batch: 860, Acc: 63.40%, Loss: 0.7258
Epoch: 25, Batch: 870, Acc: 63.38%, Loss: 0.7348
Epoch: 25, Batch: 880, Acc: 63.34%, Loss: 0.7604
Epoch: 25, Batch: 890, Acc: 63.35%, Loss: 0.7349
Epoch: 25, Batch: 900, Acc: 63.36%, Loss: 0.7521
Epoch: 25, Batch: 910, Acc: 63.36%, Loss: 0.7215
Epoch: 25, Batch: 920, Acc: 63.38%, Loss: 0.7250
Epoch: 25, Batch: 930, Acc: 63.36%, Loss: 0.7520
Accuracy on test set: 70.90%, Val loss: 1.1242
Epoch 25: val_acc=70.90, best_val_acc=71.30, es_counter=3
Epoch: 26, Batch: 10, Acc: 59.84%, Loss: 0.8318
Epoch: 26, Batch: 20, Acc: 63.12%, Loss: 0.7089
Epoch: 26, Batch: 30, Acc: 62.66%, Loss: 0.7529
Epoch: 26, Batch: 40, Acc: 62.77%, Loss: 0.7333
Epoch: 26, Batch: 50, Acc: 63.28%, Loss: 0.7081
Epoch: 26, Batch: 60, Acc: 63.31%, Loss: 0.7663
Epoch: 26, Batch: 70, Acc: 63.24%, Loss: 0.7589
Epoch: 26, Batch: 80, Acc: 63.63%, Loss: 0.7124
Epoch: 26, Batch: 90, Acc: 63.68%, Loss: 0.7432
Epoch: 26, Batch: 100, Acc: 63.75%, Loss: 0.7130
Epoch: 26, Batch: 110, Acc: 63.66%, Loss: 0.7541
Epoch: 26, Batch: 120, Acc: 63.32%, Loss: 0.8010
Epoch: 26, Batch: 130, Acc: 63.44%, Loss: 0.6633
Epoch: 26, Batch: 140, Acc: 63.45%, Loss: 0.7569
Epoch: 26, Batch: 150, Acc: 63.36%, Loss: 0.7614
Epoch: 26, Batch: 160, Acc: 63.44%, Loss: 0.7387
Epoch: 26, Batch: 170, Acc: 63.42%, Loss: 0.7400
Epoch: 26, Batch: 180, Acc: 63.51%, Loss: 0.7348
Epoch: 26, Batch: 190, Acc: 63.53%, Loss: 0.7573
Epoch: 26, Batch: 200, Acc: 63.57%, Loss: 0.7194
Epoch: 26, Batch: 210, Acc: 63.61%, Loss: 0.7452
Epoch: 26, Batch: 220, Acc: 63.67%, Loss: 0.7205
Epoch: 26, Batch: 230, Acc: 63.64%, Loss: 0.7572
Epoch: 26, Batch: 240, Acc: 63.57%, Loss: 0.7654
Epoch: 26, Batch: 250, Acc: 63.49%, Loss: 0.7649
Epoch: 26, Batch: 260, Acc: 63.52%, Loss: 0.7442
Epoch: 26, Batch: 270, Acc: 63.52%, Loss: 0.7697
Epoch: 26, Batch: 280, Acc: 63.55%, Loss: 0.7400
Epoch: 26, Batch: 290, Acc: 63.50%, Loss: 0.7699
Epoch: 26, Batch: 300, Acc: 63.38%, Loss: 0.7929
Epoch: 26, Batch: 310, Acc: 63.36%, Loss: 0.7522
Epoch: 26, Batch: 320, Acc: 63.41%, Loss: 0.7224
Epoch: 26, Batch: 330, Acc: 63.39%, Loss: 0.7482
Epoch: 26, Batch: 340, Acc: 63.34%, Loss: 0.7367
Epoch: 26, Batch: 350, Acc: 63.42%, Loss: 0.6920
Epoch: 26, Batch: 360, Acc: 63.38%, Loss: 0.7329
Epoch: 26, Batch: 370, Acc: 63.38%, Loss: 0.7532
Epoch: 26, Batch: 380, Acc: 63.40%, Loss: 0.7495
Epoch: 26, Batch: 390, Acc: 63.33%, Loss: 0.7823
Epoch: 26, Batch: 400, Acc: 63.36%, Loss: 0.7446
Epoch: 26, Batch: 410, Acc: 63.38%, Loss: 0.7658
Epoch: 26, Batch: 420, Acc: 63.38%, Loss: 0.7490
Epoch: 26, Batch: 430, Acc: 63.40%, Loss: 0.7178
Epoch: 26, Batch: 440, Acc: 63.45%, Loss: 0.7081
Epoch: 26, Batch: 450, Acc: 63.48%, Loss: 0.7444
Epoch: 26, Batch: 460, Acc: 63.49%, Loss: 0.7455
Epoch: 26, Batch: 470, Acc: 63.50%, Loss: 0.7280
Epoch: 26, Batch: 480, Acc: 63.50%, Loss: 0.7658
Epoch: 26, Batch: 490, Acc: 63.50%, Loss: 0.7768
Epoch: 26, Batch: 500, Acc: 63.54%, Loss: 0.7106
Epoch: 26, Batch: 510, Acc: 63.49%, Loss: 0.7981
Epoch: 26, Batch: 520, Acc: 63.46%, Loss: 0.7661
Epoch: 26, Batch: 530, Acc: 63.42%, Loss: 0.7534
Epoch: 26, Batch: 540, Acc: 63.41%, Loss: 0.7542
Epoch: 26, Batch: 550, Acc: 63.41%, Loss: 0.7716
Epoch: 26, Batch: 560, Acc: 63.39%, Loss: 0.7693
Epoch: 26, Batch: 570, Acc: 63.43%, Loss: 0.7082
Epoch: 26, Batch: 580, Acc: 63.44%, Loss: 0.7536
Epoch: 26, Batch: 590, Acc: 63.47%, Loss: 0.6794
Epoch: 26, Batch: 600, Acc: 63.49%, Loss: 0.6983
Epoch: 26, Batch: 610, Acc: 63.52%, Loss: 0.7289
Epoch: 26, Batch: 620, Acc: 63.56%, Loss: 0.7107
Epoch: 26, Batch: 630, Acc: 63.53%, Loss: 0.7267
Epoch: 26, Batch: 640, Acc: 63.50%, Loss: 0.7187
Epoch: 26, Batch: 650, Acc: 63.47%, Loss: 0.7523
Epoch: 26, Batch: 660, Acc: 63.47%, Loss: 0.7350
Epoch: 26, Batch: 670, Acc: 63.49%, Loss: 0.7301
Epoch: 26, Batch: 680, Acc: 63.48%, Loss: 0.7110
Epoch: 26, Batch: 690, Acc: 63.48%, Loss: 0.7552
Epoch: 26, Batch: 700, Acc: 63.48%, Loss: 0.7014
Epoch: 26, Batch: 710, Acc: 63.45%, Loss: 0.7683
Epoch: 26, Batch: 720, Acc: 63.44%, Loss: 0.7211
Epoch: 26, Batch: 730, Acc: 63.47%, Loss: 0.7045
Epoch: 26, Batch: 740, Acc: 63.50%, Loss: 0.7111
Epoch: 26, Batch: 750, Acc: 63.49%, Loss: 0.7269
Epoch: 26, Batch: 760, Acc: 63.49%, Loss: 0.7133
Epoch: 26, Batch: 770, Acc: 63.53%, Loss: 0.6929
Epoch: 26, Batch: 780, Acc: 63.52%, Loss: 0.7375
Epoch: 26, Batch: 790, Acc: 63.53%, Loss: 0.7191
Epoch: 26, Batch: 800, Acc: 63.54%, Loss: 0.7080
Epoch: 26, Batch: 810, Acc: 63.54%, Loss: 0.7499
Epoch: 26, Batch: 820, Acc: 63.51%, Loss: 0.7643
Epoch: 26, Batch: 830, Acc: 63.51%, Loss: 0.7518
Epoch: 26, Batch: 840, Acc: 63.52%, Loss: 0.7414
Epoch: 26, Batch: 850, Acc: 63.47%, Loss: 0.7933
Epoch: 26, Batch: 860, Acc: 63.50%, Loss: 0.7397
Epoch: 26, Batch: 870, Acc: 63.49%, Loss: 0.7189
Epoch: 26, Batch: 880, Acc: 63.51%, Loss: 0.7182
Epoch: 26, Batch: 890, Acc: 63.50%, Loss: 0.7564
Epoch: 26, Batch: 900, Acc: 63.51%, Loss: 0.7351
Epoch: 26, Batch: 910, Acc: 63.54%, Loss: 0.7259
Epoch: 26, Batch: 920, Acc: 63.51%, Loss: 0.7679
Epoch: 26, Batch: 930, Acc: 63.47%, Loss: 0.7841
Accuracy on test set: 71.30%, Val loss: 1.1144
Epoch 26: val_acc=71.30, best_val_acc=71.30, es_counter=4
Epoch: 27, Batch: 10, Acc: 63.28%, Loss: 0.7424
Epoch: 27, Batch: 20, Acc: 62.58%, Loss: 0.7427
Epoch: 27, Batch: 30, Acc: 63.70%, Loss: 0.7043
Epoch: 27, Batch: 40, Acc: 64.30%, Loss: 0.7316
Epoch: 27, Batch: 50, Acc: 63.91%, Loss: 0.7108
Epoch: 27, Batch: 60, Acc: 64.01%, Loss: 0.7375
Epoch: 27, Batch: 70, Acc: 64.33%, Loss: 0.7130
Epoch: 27, Batch: 80, Acc: 64.28%, Loss: 0.7144
Epoch: 27, Batch: 90, Acc: 64.03%, Loss: 0.7582
Epoch: 27, Batch: 100, Acc: 63.88%, Loss: 0.7486
Epoch: 27, Batch: 110, Acc: 63.75%, Loss: 0.7847
Epoch: 27, Batch: 120, Acc: 63.75%, Loss: 0.7373
Epoch: 27, Batch: 130, Acc: 63.91%, Loss: 0.7228
Epoch: 27, Batch: 140, Acc: 64.13%, Loss: 0.7021
Epoch: 27, Batch: 150, Acc: 64.00%, Loss: 0.7699
Epoch: 27, Batch: 160, Acc: 63.80%, Loss: 0.7628
Epoch: 27, Batch: 170, Acc: 63.73%, Loss: 0.7326
Epoch: 27, Batch: 180, Acc: 63.61%, Loss: 0.7913
Epoch: 27, Batch: 190, Acc: 63.66%, Loss: 0.7421
Epoch: 27, Batch: 200, Acc: 63.53%, Loss: 0.7663
Epoch: 27, Batch: 210, Acc: 63.54%, Loss: 0.7365
Epoch: 27, Batch: 220, Acc: 63.58%, Loss: 0.7387
Epoch: 27, Batch: 230, Acc: 63.61%, Loss: 0.7235
Epoch: 27, Batch: 240, Acc: 63.53%, Loss: 0.7488
Epoch: 27, Batch: 250, Acc: 63.63%, Loss: 0.7359
Epoch: 27, Batch: 260, Acc: 63.52%, Loss: 0.7694
Epoch: 27, Batch: 270, Acc: 63.42%, Loss: 0.7742
Epoch: 27, Batch: 280, Acc: 63.51%, Loss: 0.7317
Epoch: 27, Batch: 290, Acc: 63.52%, Loss: 0.7259
Epoch: 27, Batch: 300, Acc: 63.51%, Loss: 0.7658
Epoch: 27, Batch: 310, Acc: 63.54%, Loss: 0.6899
Epoch: 27, Batch: 320, Acc: 63.69%, Loss: 0.7064
Epoch: 27, Batch: 330, Acc: 63.76%, Loss: 0.7201
Epoch: 27, Batch: 340, Acc: 63.78%, Loss: 0.7557
Epoch: 27, Batch: 350, Acc: 63.63%, Loss: 0.7886
Epoch: 27, Batch: 360, Acc: 63.66%, Loss: 0.7197
Epoch: 27, Batch: 370, Acc: 63.70%, Loss: 0.7294
Epoch: 27, Batch: 380, Acc: 63.60%, Loss: 0.7936
Epoch: 27, Batch: 390, Acc: 63.59%, Loss: 0.7391
Epoch: 27, Batch: 400, Acc: 63.54%, Loss: 0.7784
Epoch: 27, Batch: 410, Acc: 63.49%, Loss: 0.7441
Epoch: 27, Batch: 420, Acc: 63.46%, Loss: 0.7624
Epoch: 27, Batch: 430, Acc: 63.40%, Loss: 0.7318
Epoch: 27, Batch: 440, Acc: 63.38%, Loss: 0.7632
Epoch: 27, Batch: 450, Acc: 63.33%, Loss: 0.7760
Epoch: 27, Batch: 460, Acc: 63.31%, Loss: 0.7311
Epoch: 27, Batch: 470, Acc: 63.25%, Loss: 0.7677
Epoch: 27, Batch: 480, Acc: 63.33%, Loss: 0.6797
Epoch: 27, Batch: 490, Acc: 63.34%, Loss: 0.7211
Epoch: 27, Batch: 500, Acc: 63.35%, Loss: 0.7344
Epoch: 27, Batch: 510, Acc: 63.39%, Loss: 0.7068
Epoch: 27, Batch: 520, Acc: 63.35%, Loss: 0.7471
Epoch: 27, Batch: 530, Acc: 63.32%, Loss: 0.7495
Epoch: 27, Batch: 540, Acc: 63.31%, Loss: 0.7654
Epoch: 27, Batch: 550, Acc: 63.25%, Loss: 0.7745
Epoch: 27, Batch: 560, Acc: 63.26%, Loss: 0.7245
Epoch: 27, Batch: 570, Acc: 63.28%, Loss: 0.7350
Epoch: 27, Batch: 580, Acc: 63.24%, Loss: 0.7667
Epoch: 27, Batch: 590, Acc: 63.31%, Loss: 0.6723
Epoch: 27, Batch: 600, Acc: 63.34%, Loss: 0.7438
Epoch: 27, Batch: 610, Acc: 63.36%, Loss: 0.7396
Epoch: 27, Batch: 620, Acc: 63.35%, Loss: 0.7389
Epoch: 27, Batch: 630, Acc: 63.39%, Loss: 0.7321
Epoch: 27, Batch: 640, Acc: 63.43%, Loss: 0.7486
Epoch: 27, Batch: 650, Acc: 63.42%, Loss: 0.7409
Epoch: 27, Batch: 660, Acc: 63.42%, Loss: 0.7356
Epoch: 27, Batch: 670, Acc: 63.46%, Loss: 0.6934
Epoch: 27, Batch: 680, Acc: 63.49%, Loss: 0.7053
Epoch: 27, Batch: 690, Acc: 63.49%, Loss: 0.7462
Epoch: 27, Batch: 700, Acc: 63.57%, Loss: 0.7095
Epoch: 27, Batch: 710, Acc: 63.59%, Loss: 0.7158
Epoch: 27, Batch: 720, Acc: 63.63%, Loss: 0.7052
Epoch: 27, Batch: 730, Acc: 63.65%, Loss: 0.7655
Epoch: 27, Batch: 740, Acc: 63.66%, Loss: 0.7233
Epoch: 27, Batch: 750, Acc: 63.70%, Loss: 0.7168
Epoch: 27, Batch: 760, Acc: 63.68%, Loss: 0.7249
Epoch: 27, Batch: 770, Acc: 63.67%, Loss: 0.7450
Epoch: 27, Batch: 780, Acc: 63.71%, Loss: 0.7001
Epoch: 27, Batch: 790, Acc: 63.68%, Loss: 0.7862
Epoch: 27, Batch: 800, Acc: 63.69%, Loss: 0.7518
Epoch: 27, Batch: 810, Acc: 63.70%, Loss: 0.7381
Epoch: 27, Batch: 820, Acc: 63.69%, Loss: 0.7633
Epoch: 27, Batch: 830, Acc: 63.71%, Loss: 0.7313
Epoch: 27, Batch: 840, Acc: 63.68%, Loss: 0.7827
Epoch: 27, Batch: 850, Acc: 63.68%, Loss: 0.7502
Epoch: 27, Batch: 860, Acc: 63.69%, Loss: 0.7430
Epoch: 27, Batch: 870, Acc: 63.71%, Loss: 0.7085
Epoch: 27, Batch: 880, Acc: 63.70%, Loss: 0.7121
Epoch: 27, Batch: 890, Acc: 63.71%, Loss: 0.7399
Epoch: 27, Batch: 900, Acc: 63.69%, Loss: 0.7487
Epoch: 27, Batch: 910, Acc: 63.70%, Loss: 0.7496
Epoch: 27, Batch: 920, Acc: 63.70%, Loss: 0.7255
Epoch: 27, Batch: 930, Acc: 63.69%, Loss: 0.7729
Accuracy on test set: 71.30%, Val loss: 1.1197
Epoch 27: val_acc=71.30, best_val_acc=71.30, es_counter=5
Early stopping triggered at epoch 27
Training Time: 7069.36 seconds
Best Accuracy for Run 3: 71.30%
\nEvaluating final model on clean test data...
Accuracy    : 0.7130
Loss        : 1.1313
Precision   : 0.7066
Recall      : 0.7090
F1          : 0.7078
Fpr         : 0.0319
Fnr         : 0.2910
Roc_auc     : 0.9510
Pr_auc      : nan
Metrics saved to qmlp-mnist-angle-label-flip-run_run3-layer10_label_flip.csv
