Run ID,Epsilon,Attack Type,accuracy,loss,precision,recall,f1,fpr,fnr,roc_auc,pr_auc
1,0,none,0.6473000049591064,1.0781997442245483,0.63705510149838,0.6403014864306033,0.6386741636422656,0.039197953175203956,0.35969851355936244,0.9276035955234454,nan
1,0,fgsm,0.6473000049591064,1.0781997442245483,0.63705510149838,0.6403014864306033,0.6386741636422656,0.039197953175203956,0.35969851355936244,0.9276035955234454,nan
1,0.01,fgsm,0.3008999824523926,2.258284330368042,0.3537045369429894,0.31188539315172076,0.33148120762857164,0.07707255484673162,0.688114606838245,0.8056842711582426,nan
1,0.1,fgsm,0.03199999779462814,4.379093170166016,0.01709694952747427,0.034989459034069186,0.022970019118987123,0.10698156000914245,0.9650105409558964,0.3890165300499128,nan
1,0.15,fgsm,0.015599999576807022,6.003890037536621,0.005144466113963849,0.017414652712472493,0.007942601990975528,0.10883761309982606,0.9825853472774932,0.2919552750808765,nan
1,0,pgd,0.6473000049591064,1.0781997442245483,0.63705510149838,0.6403014864306033,0.6386741636422656,0.039197953175203956,0.35969851355936244,0.9276035955234454,nan
1,0.01,pgd,0.2994999885559082,2.2453131675720215,0.35734506712928826,0.3105098907610696,0.3322852508197217,0.07722346571038907,0.6894901092288961,0.8081685143027363,nan
1,0.1,pgd,0.024399999529123306,4.3767409324646,0.015171894516926784,0.026327224016022416,0.01925022909227859,0.10781762336221123,0.9736727759739432,0.39283347647710015,nan
1,0.15,pgd,0.004900000058114529,6.227388858795166,0.001716042209432275,0.005329715882316402,0.0025961732771328243,0.11002320640326746,0.9946702841076492,0.30761787628581605,nan
