Run ID,Epsilon,Attack Type,accuracy,loss,precision,recall,f1,fpr,fnr,roc_auc,pr_auc
3,0,none,0.732699990272522,0.8077067136764526,0.727006015602683,0.7279761569086938,0.7274907578241835,0.029675749316605143,0.2720238430812719,0.9570175944683488,nan
3,0,fgsm,0.732699990272522,0.8077067136764526,0.727006015602683,0.7279761569086938,0.7274907578241835,0.029675749316605143,0.2720238430812719,0.9570175944683488,nan
3,0.01,fgsm,0.2402999997138977,2.678931474685669,0.425366030279394,0.2515711043464176,0.31615875369932706,0.08369300422144851,0.748428895643548,0.8073064577083832,nan
3,0.1,fgsm,0.04319999739527702,5.0724029541015625,0.03828649240691794,0.04602382801155075,0.04180011946236041,0.10555415706187439,0.9539761719784151,0.42829059568849737,nan
3,0.15,fgsm,0.019299998879432678,6.202462673187256,0.016349803563700936,0.02057634403678981,0.018221185464266747,0.10828861751733687,0.9794236559531759,0.33784365117229853,nan
3,0,pgd,0.732699990272522,0.8077067136764526,0.727006015602683,0.7279761569086938,0.7274907578241835,0.029675749316605143,0.2720238430812719,0.9570175944683488,nan
3,0.01,pgd,0.2336999922990799,2.704563617706299,0.427881195513344,0.2449325980723002,0.3115335991171432,0.08441685625907973,0.7550674019176655,0.8032894684495726,nan
3,0.1,pgd,0.031700000166893005,5.671085357666016,0.012802778682846388,0.034027197051200934,0.018605287454845357,0.10680389057075043,0.9659728029387648,0.39556257224524594,nan
3,0.15,pgd,0.009099999442696571,7.673150062561035,0.003496725511181896,0.009816906486370128,0.005156669731406201,0.10940550365693705,0.9901830935035957,0.2772406786187423,nan
