Run ID,Epsilon,Attack Type,accuracy,loss,precision,recall,f1,fpr,fnr,roc_auc,pr_auc
1,0,none,0.9214999675750732,0.352901428937912,0.9205041894426952,0.9202403297366084,0.9203722356782975,0.00871290567025392,0.07975967025335726,0.9945469410515247,nan
1,0,fgsm,0.9214999675750732,0.352901428937912,0.9205041894426952,0.9202403297366084,0.9203722356782975,0.00871290567025392,0.07975967025335726,0.9945469410515247,nan
1,0.01,fgsm,0.2554999887943268,2.1298065185546875,0.3520858779792251,0.25824836125970824,0.2979534611541191,0.08267340114512925,0.7417516387302575,0.7505239662029108,nan
1,0.1,fgsm,0.00019999999494757503,5.34992790222168,7.479431563173226e-05,0.0002053388090327994,0.00010964520876701466,0.11098482866901797,0.999794661180933,0.08062594160200443,nan
1,0.15,fgsm,0.0,6.448827266693115,0.0,0.0,0.0,0.11100922014321998,0.9999999999899657,0.03322996040598469,nan
1,0,pgd,0.9214999675750732,0.352901428937912,0.9205041894426952,0.9202403297366084,0.9203722356782975,0.00871290567025392,0.07975967025335726,0.9945469410515247,nan
1,0.01,pgd,0.20789998769760132,2.3135299682617188,0.27762208174642355,0.21049551971489228,0.239443130136578,0.08796105175086459,0.7895044802750734,0.7024735086869439,nan
1,0.1,pgd,0.0,8.828131675720215,0.0,0.0,0.0,0.11105500258865197,0.9999999999899657,0.058509985323038846,nan
1,0.15,pgd,0.0,12.542625427246094,0.0,0.0,0.0,0.1110647108351458,0.9999999999899657,0.022411764736832762,nan
