Run ID,Epsilon,Attack Type,accuracy,loss,precision,recall,f1,fpr,fnr,roc_auc,pr_auc
1,0,none,0.6473000049591064,1.0781997442245483,0.63705510149838,0.6403014864306033,0.6386741636422656,0.039197953175203956,0.35969851355936244,0.9276035955234454,nan
1,0,fgsm,0.6473000049591064,1.0781997442245483,0.63705510149838,0.6403014864306033,0.6386741636422656,0.039197953175203956,0.35969851355936244,0.9276035955234454,nan
1,0.01,fgsm,0.3008999824523926,2.258284330368042,0.3537045369429894,0.31188539315172076,0.33148120762857164,0.07707255484673162,0.688114606838245,0.8056842711582426,nan
1,0.1,fgsm,0.03199999779462814,4.379093170166016,0.01709694952747427,0.034989459034069186,0.022970019118987123,0.10698156000914245,0.9650105409558964,0.3890165300499128,nan
1,0.15,fgsm,0.015599999576807022,6.003890037536621,0.005144466113963849,0.017414652712472493,0.007942601990975528,0.10883761309982606,0.9825853472774932,0.2919552750808765,nan
1,0,pgd,0.6473000049591064,1.0781997442245483,0.63705510149838,0.6403014864306033,0.6386741636422656,0.039197953175203956,0.35969851355936244,0.9276035955234454,nan
1,0.01,pgd,0.29909998178482056,2.246061086654663,0.3575314138440044,0.310079861873542,0.3321192849550036,0.07726587688791317,0.6899201381164237,0.8080570672830236,nan
1,0.1,pgd,0.02369999885559082,4.367442607879639,0.016312285227538616,0.025512297557561365,0.019900438801978542,0.10789748949569629,0.9744877024324043,0.3935336477445888,nan
1,0.15,pgd,0.0052999998442828655,6.227691173553467,0.002376112079391971,0.005814311124213779,0.0033735590174901534,0.10997717124634099,0.9941856888657519,0.3110616222697936,nan
