Run ID,Epsilon,Attack Type,accuracy,loss,precision,recall,f1,fpr,fnr,roc_auc,pr_auc
3,0,none,0.5582462549209595,1.3916915655136108,0.5337318851149027,0.552181524043802,0.5427999701520327,0.020115177431781074,0.44781847594435925,0.9389906535418079,nan
3,0,fgsm,0.5582462549209595,1.3916915655136108,0.5337318851149027,0.552181524043802,0.5427999701520327,0.020115177431781074,0.44781847594435925,0.9389906535418079,nan
3,0.15,fgsm,0.11375842243432999,3.3206493854522705,0.10155290980235741,0.10233399980111581,0.10194195362535795,0.040483463922037125,0.8976660001870455,0.7542599470715077,nan
3,0,pgd,0.5582462549209595,1.3916915655136108,0.5337318851149027,0.552181524043802,0.5427999701520327,0.020115177431781074,0.44781847594435925,0.9389906535418079,nan
3,0.15,pgd,0.09750024229288101,3.410029172897339,0.08162827095906275,0.08741652316322958,0.08442329447647652,0.0412277965213722,0.9125834768249317,0.7333834390346993,nan
