Run ID,Epsilon,Attack Type,accuracy,loss,precision,recall,f1,fpr,fnr,roc_auc,pr_auc
2,0,none,0.795199990272522,0.6786561012268066,0.7933353205146242,0.7923093130577064,0.7928219798418972,0.022736596582893363,0.2076906869322594,0.9723686549041896,nan
2,0,fgsm,0.795199990272522,0.6786561012268066,0.7933353205146242,0.7923093130577064,0.7928219798418972,0.022736596582893363,0.2076906869322594,0.9723686549041896,nan
2,0.01,fgsm,0.23639999330043793,2.12333607673645,0.29963010591802147,0.23681979398469738,0.26454786791924956,0.08475739650105381,0.7631802060052683,0.7480097012462841,nan
2,0.1,fgsm,0.004699999932199717,4.1415510177612305,0.004337811091270077,0.004704076016700922,0.00451352031012036,0.11045240662755787,0.9952959239732648,0.3099432801991617,nan
2,0.15,fgsm,9.999999747378752e-05,4.911380290985107,0.00013623978201449263,9.900990098911872e-05,0.00011467402451466339,0.11095573893767252,0.9999009900889766,0.19593077107177617,nan
2,0,pgd,0.795199990272522,0.6786561012268066,0.7933353205146242,0.7923093130577064,0.7928219798418972,0.022736596582893363,0.2076906869322594,0.9723686549041896,nan
2,0.01,pgd,0.2019999921321869,2.2530572414398193,0.25687134789732885,0.2024470436103977,0.22643484258123017,0.08857813248176505,0.7975529563795679,0.7202431279609031,nan
2,0.1,pgd,9.999999747378752e-05,6.414471626281738,0.00012106537530119776,9.900990098911872e-05,0.00010892751231545687,0.11101256837328913,0.9999009900889766,0.17485332784386826,nan
2,0.15,pgd,0.0,8.993369102478027,0.0,0.0,0.0,0.11102996729335975,0.9999999999899657,0.0768303180008817,nan
